date,open,high,low,close,volume,_source
2020-01-02 07:00:00,6583.0,6641.0,6554.0,6641.0,1163109,KBS
2020-01-03 07:00:00,6641.0,6698.0,6612.0,6641.0,1055528,KBS
2020-01-06 07:00:00,6641.0,6641.0,6496.0,6496.0,1286035,KBS
2020-01-07 07:00:00,6496.0,6554.0,6496.0,6496.0,1050934,KBS
2020-01-08 07:00:00,6496.0,6496.0,6352.0,6381.0,2304937,KBS
2020-01-09 07:00:00,6410.0,6525.0,6410.0,6467.0,1422248,KBS
2020-01-10 07:00:00,6496.0,6670.0,6496.0,6554.0,2371501,KBS
2020-01-13 07:00:00,6612.0,6612.0,6554.0,6612.0,1523181,KBS
2020-01-14 07:00:00,6612.0,6785.0,6612.0,6785.0,2851982,KBS
2020-01-15 07:00:00,6785.0,6785.0,6698.0,6727.0,1158657,KBS
2020-01-16 07:00:00,6727.0,6929.0,6727.0,6901.0,2819687,KBS
2020-01-17 07:00:00,6929.0,6958.0,6843.0,6872.0,2706194,KBS
2020-01-20 07:00:00,6872.0,7132.0,6872.0,7016.0,4443379,KBS
2020-01-21 07:00:00,7074.0,7132.0,7016.0,7074.0,1775816,KBS
2020-01-22 07:00:00,7103.0,7103.0,7016.0,7074.0,1574379,KBS
2020-01-30 07:00:00,6987.0,7016.0,6698.0,6814.0,4250097,KBS
2020-01-31 07:00:00,6785.0,6872.0,6612.0,6641.0,4243264,KBS
2020-02-03 07:00:00,6439.0,6641.0,6265.0,6525.0,4430186,KBS
2020-02-04 07:00:00,6612.0,6698.0,6496.0,6698.0,2397062,KBS
2020-02-05 07:00:00,6756.0,6785.0,6612.0,6641.0,2790275,KBS
2020-02-06 07:00:00,6670.0,6929.0,6641.0,6929.0,2980981,KBS
2020-02-07 07:00:00,6929.0,6958.0,6814.0,6872.0,2007251,KBS
2020-02-10 07:00:00,6872.0,6901.0,6756.0,6814.0,1271190,KBS
2020-02-11 07:00:00,6814.0,6872.0,6785.0,6843.0,1862090,KBS
2020-02-12 07:00:00,6872.0,7420.0,6872.0,7391.0,10516207,KBS
2020-02-13 07:00:00,7391.0,7420.0,7247.0,7363.0,3773365,KBS
2020-02-14 07:00:00,7363.0,7738.0,7363.0,7622.0,8018099,KBS
2020-02-17 07:00:00,7593.0,7709.0,7507.0,7622.0,3764464,KBS
2020-02-18 07:00:00,7622.0,7824.0,7593.0,7680.0,6293208,KBS
2020-02-19 07:00:00,7651.0,7709.0,7478.0,7593.0,5091969,KBS
2020-02-20 07:00:00,7593.0,7796.0,7536.0,7622.0,5578717,KBS
2020-02-21 07:00:00,7189.0,7680.0,7189.0,7420.0,6333926,KBS
2020-02-24 07:00:00,7363.0,7391.0,6872.0,6929.0,10321149,KBS
2020-02-25 07:00:00,6785.0,7247.0,6670.0,7247.0,8279866,KBS
2020-02-26 07:00:00,7218.0,7247.0,7016.0,7103.0,4519324,KBS
2020-02-27 07:00:00,6987.0,7363.0,6987.0,7363.0,5309790,KBS
2020-02-28 07:00:00,6641.0,7305.0,6641.0,7276.0,5959642,KBS
2020-03-02 07:00:00,7045.0,7363.0,7045.0,7276.0,3629494,KBS
2020-03-03 07:00:00,7391.0,7478.0,7305.0,7391.0,6364207,KBS
2020-03-04 07:00:00,7391.0,7449.0,7305.0,7449.0,5047583,KBS
2020-03-05 07:00:00,7507.0,7622.0,7334.0,7391.0,5965022,KBS
2020-03-06 07:00:00,7363.0,7363.0,7247.0,7305.0,3959935,KBS
2020-03-09 07:00:00,7132.0,7132.0,6641.0,6727.0,16776046,KBS
2020-03-10 07:00:00,6641.0,7160.0,6612.0,6987.0,7582331,KBS
2020-03-11 07:00:00,7016.0,7045.0,6641.0,6756.0,7841324,KBS
2020-03-12 07:00:00,6641.0,6641.0,6208.0,6381.0,11082125,KBS
2020-03-13 07:00:00,6208.0,6496.0,5919.0,6352.0,9020091,KBS
2020-03-16 07:00:00,6352.0,6439.0,5977.0,6034.0,4614344,KBS
2020-03-17 07:00:00,6006.0,6179.0,5803.0,6092.0,6568088,KBS
2020-03-18 07:00:00,6150.0,6236.0,6034.0,6121.0,4944595,KBS
2020-03-19 07:00:00,6063.0,6150.0,5977.0,6092.0,4083896,KBS
2020-03-20 07:00:00,6698.0,6698.0,6063.0,6179.0,3341564,KBS
2020-03-23 07:00:00,6121.0,6179.0,5572.0,5572.0,10024177,KBS
2020-03-24 07:00:00,5515.0,5746.0,5515.0,5659.0,4315784,KBS
2020-03-25 07:00:00,5775.0,6006.0,5775.0,5919.0,4115341,KBS
2020-03-26 07:00:00,5948.0,5948.0,5688.0,5688.0,3631529,KBS
2020-03-27 07:00:00,5688.0,5803.0,5630.0,5688.0,3980631,KBS
2020-03-30 07:00:00,5630.0,5630.0,5168.0,5255.0,5925098,KBS
2020-03-31 07:00:00,5255.0,5428.0,5024.0,5139.0,4532153,KBS
2020-04-01 07:00:00,4648.0,5486.0,4648.0,5370.0,2761168,KBS
2020-04-03 07:00:00,5226.0,5601.0,5226.0,5515.0,3574343,KBS
2020-04-06 07:00:00,5601.0,6006.0,5515.0,5948.0,5757259,KBS
2020-04-07 07:00:00,6063.0,6063.0,5775.0,5861.0,4467621,KBS
2020-04-08 07:00:00,6439.0,6439.0,5688.0,5832.0,2331536,KBS
2020-04-09 07:00:00,6410.0,6410.0,5775.0,5775.0,4068966,KBS
2020-04-10 07:00:00,5486.0,5832.0,5486.0,5717.0,2517477,KBS
2020-04-13 07:00:00,5168.0,5890.0,5168.0,5775.0,1926793,KBS
2020-04-14 07:00:00,5775.0,5832.0,5688.0,5775.0,3167293,KBS
2020-04-15 07:00:00,5775.0,5977.0,5775.0,5832.0,3686239,KBS
2020-04-16 07:00:00,5832.0,5890.0,5803.0,5890.0,1895213,KBS
2020-04-17 07:00:00,5919.0,6092.0,5919.0,6063.0,4809341,KBS
2020-04-20 07:00:00,6121.0,6121.0,5948.0,5977.0,3064104,KBS
2020-04-21 07:00:00,5948.0,5948.0,5688.0,5717.0,6015799,KBS
2020-04-22 07:00:00,5717.0,5890.0,5601.0,5890.0,2637424,KBS
2020-04-23 07:00:00,5919.0,6006.0,5861.0,5861.0,2076603,KBS
2020-04-24 07:00:00,5832.0,5890.0,5630.0,5861.0,1264729,KBS
2020-04-27 07:00:00,5861.0,5948.0,5775.0,5803.0,1806851,KBS
2020-04-28 07:00:00,5803.0,5890.0,5775.0,5861.0,1246915,KBS
2020-04-29 07:00:00,5861.0,5919.0,5832.0,5919.0,1196049,KBS
2020-05-04 07:00:00,5919.0,5919.0,5803.0,5861.0,1193939,KBS
2020-05-05 07:00:00,5832.0,5890.0,5832.0,5861.0,1126770,KBS
2020-05-06 07:00:00,5890.0,6121.0,5832.0,6006.0,4453036,KBS
2020-05-07 07:00:00,6034.0,6121.0,6006.0,6121.0,2973997,KBS
2020-05-08 07:00:00,6150.0,6323.0,6063.0,6179.0,5995918,KBS
2020-05-11 07:00:00,6323.0,6323.0,6179.0,6265.0,4108808,KBS
2020-05-12 07:00:00,6265.0,6352.0,5659.0,6294.0,4057939,KBS
2020-05-13 07:00:00,6352.0,6352.0,6208.0,6265.0,3453900,KBS
2020-05-14 07:00:00,6265.0,6294.0,6063.0,6179.0,3827622,KBS
2020-05-15 07:00:00,6208.0,6410.0,6063.0,6265.0,6937907,KBS
2020-05-18 07:00:00,6323.0,6323.0,6179.0,6294.0,2771622,KBS
2020-05-19 07:00:00,6352.0,6496.0,6352.0,6410.0,5561531,KBS
2020-05-20 07:00:00,6381.0,6467.0,6352.0,6410.0,3116422,KBS
2020-05-21 07:00:00,6410.0,6554.0,6323.0,6467.0,4622625,KBS
2020-05-22 07:00:00,6496.0,6554.0,6439.0,6467.0,4841440,KBS
2020-05-25 07:00:00,6496.0,6554.0,6439.0,6525.0,3519682,KBS
2020-05-26 07:00:00,6496.0,6785.0,6496.0,6727.0,5267006,KBS
2020-05-27 07:00:00,6785.0,6843.0,6583.0,6583.0,6389497,KBS
2020-05-28 07:00:00,6583.0,6698.0,6583.0,6612.0,3568932,KBS
2020-05-29 07:00:00,6612.0,6641.0,6554.0,6612.0,2394358,KBS
2020-06-01 07:00:00,6641.0,7247.0,6612.0,7247.0,13859688,KBS
2020-06-02 07:00:00,7363.0,7651.0,7160.0,7160.0,10935462,KBS
2020-06-03 07:00:00,7160.0,7363.0,7160.0,7363.0,3758964,KBS
2020-06-04 07:00:00,7391.0,7420.0,7276.0,7305.0,5159832,KBS
2020-06-05 07:00:00,7334.0,7334.0,7189.0,7276.0,4025847,KBS
2020-06-08 07:00:00,7276.0,7507.0,7276.0,7334.0,6087882,KBS
2020-06-09 07:00:00,7363.0,7391.0,7276.0,7363.0,3531851,KBS
2020-06-10 07:00:00,7363.0,7478.0,7276.0,7391.0,6494275,KBS
2020-06-11 07:00:00,7391.0,7449.0,7045.0,7074.0,9172138,KBS
2020-06-12 07:00:00,6929.0,7074.0,6756.0,7074.0,6648375,KBS
2020-06-15 07:00:00,7132.0,7132.0,6698.0,6727.0,5885937,KBS
2020-06-16 07:00:00,6814.0,6987.0,6814.0,6872.0,4198360,KBS
2020-06-17 07:00:00,7016.0,7016.0,6785.0,6843.0,1599340,KBS
2020-06-18 07:00:00,6843.0,6901.0,6756.0,6872.0,1301526,KBS
2020-06-19 07:00:00,6872.0,7074.0,6872.0,7045.0,2334941,KBS
2020-06-22 07:00:00,7045.0,7132.0,6929.0,6958.0,2256643,KBS
2020-06-23 07:00:00,6987.0,7045.0,6901.0,6929.0,3282364,KBS
2020-06-24 07:00:00,6929.0,7016.0,6843.0,6872.0,3013466,KBS
2020-06-25 07:00:00,6843.0,6872.0,6785.0,6843.0,2500893,KBS
2020-06-26 07:00:00,6872.0,6929.0,6814.0,6814.0,1400341,KBS
2020-06-29 07:00:00,6814.0,6814.0,6554.0,6612.0,4353272,KBS
2020-06-30 07:00:00,6641.0,6727.0,6467.0,6583.0,3585625,KBS
2020-07-01 07:00:00,6583.0,6727.0,6583.0,6698.0,1676001,KBS
2020-07-02 07:00:00,6698.0,6756.0,6641.0,6670.0,1070089,KBS
2020-07-03 07:00:00,6698.0,6727.0,6641.0,6641.0,1271360,KBS
2020-07-06 07:00:00,6641.0,6843.0,6641.0,6814.0,3204367,KBS
2020-07-07 07:00:00,6843.0,6929.0,6843.0,6843.0,2389942,KBS
2020-07-08 07:00:00,6814.0,6929.0,6814.0,6901.0,1647694,KBS
2020-07-09 07:00:00,6901.0,7016.0,6901.0,7016.0,2248695,KBS
2020-07-10 07:00:00,7016.0,7045.0,6872.0,6929.0,2284971,KBS
2020-07-13 07:00:00,6958.0,6987.0,6872.0,6901.0,1840084,KBS
2020-07-14 07:00:00,6901.0,6958.0,6843.0,6929.0,1406915,KBS
2020-07-15 07:00:00,6987.0,6987.0,6929.0,6929.0,1570073,KBS
2020-07-16 07:00:00,6987.0,6987.0,6901.0,6929.0,903322,KBS
2020-07-17 07:00:00,6958.0,7218.0,6929.0,7160.0,7890281,KBS
2020-07-20 07:00:00,7160.0,7189.0,7074.0,7074.0,2622350,KBS
2020-07-21 07:00:00,7074.0,7103.0,6987.0,7103.0,2194410,KBS
2020-07-22 07:00:00,7103.0,7160.0,6987.0,7045.0,1726317,KBS
2020-07-23 07:00:00,7045.0,7045.0,6929.0,6987.0,1955757,KBS
2020-07-24 07:00:00,7016.0,7016.0,6496.0,6698.0,5532575,KBS
2020-07-27 07:00:00,6034.0,6612.0,6034.0,6294.0,6240477,KBS
2020-07-28 07:00:00,6294.0,6612.0,6208.0,6612.0,2598740,KBS
2020-07-29 07:00:00,6554.0,6583.0,6236.0,6410.0,4929532,KBS
2020-07-30 07:00:00,6265.0,6525.0,6265.0,6525.0,1914488,KBS
2020-07-31 07:00:00,6554.0,6554.0,6381.0,6496.0,2220749,KBS
2020-08-03 07:00:00,6381.0,6698.0,6381.0,6698.0,3044620,KBS
2020-08-04 07:00:00,6727.0,6901.0,6727.0,6843.0,2907562,KBS
2020-08-05 07:00:00,6901.0,7045.0,6843.0,6929.0,5472736,KBS
2020-08-06 07:00:00,6958.0,6958.0,6843.0,6872.0,1874899,KBS
2020-08-07 07:00:00,6901.0,6958.0,6785.0,6843.0,2150978,KBS
2020-08-10 07:00:00,6843.0,6958.0,6843.0,6872.0,2576760,KBS
2020-08-11 07:00:00,6929.0,7334.0,6901.0,7334.0,15333430,KBS
2020-08-12 07:00:00,7449.0,7478.0,7276.0,7334.0,6091725,KBS
2020-08-13 07:00:00,7334.0,7391.0,7305.0,7363.0,3803166,KBS
2020-08-14 07:00:00,7363.0,7363.0,7218.0,7305.0,6682494,KBS
2020-08-17 07:00:00,7305.0,7449.0,7276.0,7449.0,6222301,KBS
2020-08-18 07:00:00,7507.0,7536.0,7391.0,7391.0,4710796,KBS
2020-08-19 07:00:00,7420.0,7449.0,7334.0,7391.0,9263369,KBS
2020-08-20 07:00:00,7729.0,7954.0,7504.0,7804.0,19475136,KBS
2020-08-21 07:00:00,7804.0,7954.0,7729.0,7954.0,7392791,KBS
2020-08-24 07:00:00,7954.0,8067.0,7879.0,7879.0,6821518,KBS
2020-08-25 07:00:00,7879.0,7954.0,7804.0,7917.0,7801079,KBS
2020-08-26 07:00:00,7917.0,7992.0,7842.0,7954.0,6018699,KBS
2020-08-27 07:00:00,7954.0,8067.0,7917.0,8067.0,4863627,KBS
2020-08-28 07:00:00,8104.0,8179.0,7992.0,8029.0,6947593,KBS
2020-08-31 07:00:00,8029.0,8067.0,7917.0,7954.0,7008237,KBS
2020-09-01 07:00:00,7954.0,7992.0,7879.0,7917.0,7822064,KBS
2020-09-03 07:00:00,7917.0,8029.0,7879.0,7954.0,6080561,KBS
2020-09-04 07:00:00,7879.0,7954.0,7804.0,7917.0,4665691,KBS
2020-09-07 07:00:00,7917.0,7954.0,7804.0,7804.0,6067374,KBS
2020-09-08 07:00:00,7804.0,7842.0,7729.0,7729.0,12273484,KBS
2020-09-09 07:00:00,7729.0,7842.0,7616.0,7842.0,5021412,KBS
2020-09-10 07:00:00,7842.0,7954.0,7842.0,7842.0,3249267,KBS
2020-09-11 07:00:00,7842.0,7879.0,7767.0,7804.0,2350091,KBS
2020-09-14 07:00:00,7804.0,7992.0,7804.0,7954.0,5275848,KBS
2020-09-15 07:00:00,7954.0,8029.0,7917.0,7992.0,4632880,KBS
2020-09-16 07:00:00,7954.0,7992.0,7917.0,7954.0,2194115,KBS
2020-09-17 07:00:00,7992.0,8179.0,7917.0,8067.0,12323866,KBS
2020-09-18 07:00:00,8067.0,8142.0,8029.0,8142.0,3280690,KBS
2020-09-21 07:00:00,8179.0,8367.0,8104.0,8254.0,7244851,KBS
2020-09-22 07:00:00,8254.0,8367.0,8142.0,8367.0,8818518,KBS
2020-09-23 07:00:00,8367.0,8554.0,8367.0,8442.0,6511427,KBS
2020-09-24 07:00:00,8404.0,8479.0,8254.0,8329.0,5599785,KBS
2020-09-25 07:00:00,8329.0,8404.0,8217.0,8329.0,6416344,KBS
2020-09-28 07:00:00,8329.0,8554.0,8329.0,8479.0,8207740,KBS
2020-09-29 07:00:00,8517.0,8554.0,8367.0,8404.0,5923046,KBS
2020-09-30 07:00:00,8404.0,8442.0,8329.0,8442.0,3624221,KBS
2020-10-01 07:00:00,8367.0,8554.0,8329.0,8442.0,6510267,KBS
2020-10-02 07:00:00,8404.0,8817.0,8404.0,8630.0,23518516,KBS
2020-10-05 07:00:00,8630.0,8855.0,8592.0,8855.0,12891936,KBS
2020-10-06 07:00:00,8855.0,9080.0,8855.0,9005.0,10977492,KBS
2020-10-07 07:00:00,9005.0,9042.0,8742.0,8780.0,17695173,KBS
2020-10-08 07:00:00,8705.0,8892.0,8630.0,8705.0,13901830,KBS
2020-10-09 07:00:00,8705.0,8930.0,8667.0,8817.0,8725441,KBS
2020-10-12 07:00:00,8892.0,8930.0,8742.0,8742.0,8648083,KBS
2020-10-13 07:00:00,8780.0,8780.0,8667.0,8780.0,5325101,KBS
2020-10-14 07:00:00,8817.0,9042.0,8780.0,9005.0,20294474,KBS
2020-10-15 07:00:00,9005.0,9305.0,8967.0,9192.0,16349453,KBS
2020-10-16 07:00:00,9192.0,9380.0,9080.0,9267.0,8719031,KBS
2020-10-19 07:00:00,9380.0,9643.0,9342.0,9492.0,14160428,KBS
2020-10-20 07:00:00,9530.0,9605.0,9380.0,9492.0,11362976,KBS
2020-10-21 07:00:00,9530.0,9605.0,9455.0,9455.0,8869815,KBS
2020-10-22 07:00:00,9492.0,9755.0,9380.0,9605.0,9447256,KBS
2020-10-23 07:00:00,9680.0,9718.0,9568.0,9605.0,8028985,KBS
2020-10-26 07:00:00,9605.0,9680.0,9305.0,9305.0,11665717,KBS
2020-10-27 07:00:00,9267.0,9342.0,9155.0,9155.0,11726997,KBS
2020-10-28 07:00:00,9155.0,9192.0,8892.0,8930.0,14916975,KBS
2020-10-29 07:00:00,8855.0,9117.0,8705.0,8967.0,8515433,KBS
2020-10-30 07:00:00,9042.0,9117.0,8930.0,9042.0,4395888,KBS
2020-11-02 07:00:00,9080.0,9192.0,9005.0,9192.0,3777582,KBS
2020-11-03 07:00:00,9192.0,9455.0,9192.0,9380.0,7708705,KBS
2020-11-04 07:00:00,9417.0,9643.0,9417.0,9568.0,12607096,KBS
2020-11-05 07:00:00,9568.0,9643.0,9342.0,9342.0,8550742,KBS
2020-11-06 07:00:00,9342.0,9417.0,9305.0,9417.0,3672492,KBS
2020-11-09 07:00:00,9417.0,9568.0,9417.0,9530.0,5900784,KBS
2020-11-10 07:00:00,9643.0,9755.0,9492.0,9492.0,8857665,KBS
2020-11-11 07:00:00,9492.0,9568.0,9455.0,9530.0,4528033,KBS
2020-11-12 07:00:00,9530.0,9905.0,9530.0,9905.0,18955350,KBS
2020-11-13 07:00:00,9905.0,10018.0,9868.0,9943.0,6230740,KBS
2020-11-16 07:00:00,9943.0,10055.0,9830.0,9830.0,8984187,KBS
2020-11-17 07:00:00,9830.0,10205.0,9830.0,10205.0,16779929,KBS
2020-11-18 07:00:00,10205.0,10393.0,10093.0,10205.0,7925873,KBS
2020-11-19 07:00:00,10243.0,10318.0,10130.0,10205.0,6416782,KBS
2020-11-20 07:00:00,10243.0,10280.0,10055.0,10243.0,9596358,KBS
2020-11-23 07:00:00,10318.0,10318.0,10130.0,10243.0,10893510,KBS
2020-11-24 07:00:00,10243.0,10430.0,10168.0,10243.0,10360554,KBS
2020-11-25 07:00:00,10243.0,10355.0,10168.0,10243.0,6488827,KBS
2020-11-26 07:00:00,10243.0,10393.0,10130.0,10280.0,10037160,KBS
2020-11-27 07:00:00,10318.0,10355.0,10205.0,10205.0,5465478,KBS
2020-11-30 07:00:00,10280.0,10280.0,10130.0,10205.0,8943902,KBS
2020-12-01 07:00:00,10205.0,10243.0,10055.0,10243.0,9249711,KBS
2020-12-09 07:00:00,10543.0,10862.0,10430.0,10712.0,24200930,KBS
2020-12-10 07:00:00,10806.0,10806.0,10468.0,10487.0,9233750,KBS
2020-12-11 07:00:00,10543.0,10599.0,10430.0,10581.0,4459820,KBS
2020-12-14 07:00:00,10618.0,10693.0,10543.0,10581.0,7325960,KBS
2020-12-15 07:00:00,10581.0,10599.0,10468.0,10506.0,7305490,KBS
2020-12-16 07:00:00,10506.0,10674.0,10506.0,10599.0,10461450,KBS
2020-12-17 07:00:00,10543.0,10824.0,10524.0,10618.0,13567290,KBS
2020-12-18 07:00:00,10674.0,10749.0,10618.0,10656.0,11693630,KBS
2020-12-21 07:00:00,10693.0,10993.0,10637.0,10862.0,22481640,KBS
2020-12-22 07:00:00,10862.0,10881.0,10731.0,10787.0,7573290,KBS
2020-12-23 07:00:00,10806.0,10824.0,10506.0,10543.0,11216860,KBS
2020-12-24 07:00:00,10543.0,10618.0,9943.0,10243.0,15831250,KBS
2020-12-25 07:00:00,10243.0,10506.0,10205.0,10487.0,9194080,KBS
2020-12-28 07:00:00,10618.0,10618.0,10374.0,10430.0,6223680,KBS
2020-12-29 07:00:00,10430.0,10487.0,10355.0,10393.0,6501920,KBS
2020-12-30 07:00:00,10412.0,10581.0,10412.0,10430.0,6741290,KBS
2020-12-31 07:00:00,10468.0,10618.0,10449.0,10543.0,6774680,KBS
2021-01-04 07:00:00,10712.0,10824.0,10693.0,10749.0,10776300,KBS
2021-01-05 07:00:00,10731.0,11106.0,10618.0,11012.0,18693900,KBS
2021-01-06 07:00:00,11143.0,11481.0,10993.0,11218.0,15883900,KBS
2021-01-07 07:00:00,11218.0,11256.0,11106.0,11218.0,11636100,KBS
2021-01-08 07:00:00,11237.0,11406.0,11181.0,11331.0,15519300,KBS
2021-01-11 07:00:00,11444.0,11594.0,11312.0,11387.0,9821800,KBS
2021-01-12 07:00:00,11350.0,11368.0,11237.0,11293.0,9277600,KBS
2021-01-13 07:00:00,11368.0,11387.0,11143.0,11200.0,9915300,KBS
2021-01-14 07:00:00,11218.0,11218.0,10956.0,11200.0,8491200,KBS
2021-01-15 07:00:00,11256.0,11406.0,11237.0,11350.0,8184100,KBS
2021-01-18 07:00:00,11387.0,11444.0,11218.0,11237.0,8419100,KBS
2021-01-19 07:00:00,11181.0,11218.0,10468.0,10468.0,13077400,KBS
2021-01-20 07:00:00,10506.0,10618.0,9868.0,10618.0,12323000,KBS
2021-01-21 07:00:00,10806.0,10918.0,10637.0,10862.0,6535000,KBS
2021-01-22 07:00:00,10843.0,10918.0,10693.0,10749.0,5438100,KBS
2021-01-25 07:00:00,10618.0,10693.0,10524.0,10543.0,7683600,KBS
2021-01-26 07:00:00,10524.0,10749.0,10318.0,10430.0,8096200,KBS
2021-01-27 07:00:00,10430.0,10637.0,10205.0,10318.0,6387700,KBS
2021-01-28 07:00:00,9755.0,10018.0,9605.0,9605.0,15154800,KBS
2021-01-29 07:00:00,9192.0,10093.0,9192.0,10055.0,7621200,KBS
2021-02-01 07:00:00,10055.0,10280.0,9868.0,9999.0,7528200,KBS
2021-02-02 07:00:00,9999.0,10280.0,9886.0,10262.0,6544600,KBS
2021-02-03 07:00:00,10262.0,10581.0,10205.0,10543.0,7054500,KBS
2021-02-04 07:00:00,10543.0,10581.0,10430.0,10581.0,4250800,KBS
2021-02-05 07:00:00,10581.0,10749.0,10562.0,10693.0,5610600,KBS
2021-02-08 07:00:00,10693.0,10787.0,10205.0,10318.0,5755400,KBS
2021-02-09 07:00:00,10318.0,10712.0,10243.0,10712.0,5954800,KBS
2021-02-17 07:00:00,10806.0,11068.0,10768.0,11031.0,6855800,KBS
2021-02-18 07:00:00,11031.0,11050.0,10806.0,10937.0,5547900,KBS
2021-02-19 07:00:00,10881.0,11687.0,10843.0,11669.0,31184200,KBS
2021-02-22 07:00:00,11819.0,12081.0,11669.0,11856.0,12587300,KBS
2021-02-23 07:00:00,11950.0,12100.0,11800.0,11894.0,13951000,KBS
2021-02-24 07:00:00,11875.0,11950.0,11631.0,11706.0,18685200,KBS
2021-02-25 07:00:00,11819.0,12175.0,11669.0,12156.0,15014200,KBS
2021-02-26 07:00:00,11969.0,12513.0,11969.0,12400.0,13071400,KBS
2021-03-01 07:00:00,12532.0,12550.0,12344.0,12475.0,8464900,KBS
2021-03-02 07:00:00,12532.0,12550.0,12306.0,12382.0,9574100,KBS
2021-03-03 07:00:00,12344.0,12550.0,12269.0,12475.0,9072300,KBS
2021-03-04 07:00:00,12532.0,12532.0,12025.0,12156.0,9814000,KBS
2021-03-05 07:00:00,12044.0,12231.0,11856.0,12175.0,10157000,KBS
2021-03-08 07:00:00,12194.0,12269.0,11837.0,11931.0,16047000,KBS
2021-03-09 07:00:00,11819.0,12119.0,11669.0,12025.0,8819900,KBS
2021-03-10 07:00:00,12044.0,12457.0,11969.0,12288.0,12152700,KBS
2021-03-11 07:00:00,12382.0,12419.0,12288.0,12382.0,7124300,KBS
2021-03-12 07:00:00,12382.0,12400.0,12250.0,12363.0,5195500,KBS
2021-03-15 07:00:00,12382.0,12700.0,12231.0,12569.0,18052500,KBS
2021-03-16 07:00:00,12532.0,12644.0,12400.0,12550.0,6112900,KBS
2021-03-17 07:00:00,12550.0,12588.0,12457.0,12569.0,6246400,KBS
2021-03-18 07:00:00,12719.0,12850.0,12569.0,12738.0,10281900,KBS
2021-03-19 07:00:00,12738.0,12832.0,12644.0,12682.0,7108900,KBS
2021-03-22 07:00:00,12775.0,12794.0,12513.0,12532.0,8706000,KBS
2021-03-23 07:00:00,12588.0,12588.0,12306.0,12382.0,10347000,KBS
2021-03-24 07:00:00,12156.0,12288.0,12025.0,12175.0,9941600,KBS
2021-03-25 07:00:00,12175.0,12231.0,11969.0,12025.0,8322000,KBS
2021-03-26 07:00:00,12006.0,12175.0,11762.0,12175.0,7931700,KBS
2021-03-29 07:00:00,12344.0,12419.0,12156.0,12382.0,6981300,KBS
2021-03-30 07:00:00,12419.0,12569.0,12288.0,12494.0,8053200,KBS
2021-03-31 07:00:00,12569.0,12682.0,12475.0,12494.0,4986100,KBS
2021-04-01 07:00:00,12550.0,12700.0,12494.0,12700.0,10439300,KBS
2021-04-02 07:00:00,12832.0,13132.0,12757.0,13001.0,13979400,KBS
2021-04-05 07:00:00,13244.0,13244.0,12982.0,13038.0,7433500,KBS
2021-04-06 07:00:00,13019.0,13113.0,12813.0,13038.0,7565000,KBS
2021-04-07 07:00:00,12944.0,13019.0,12869.0,12907.0,6400900,KBS
2021-04-08 07:00:00,12888.0,13019.0,12832.0,12907.0,4687900,KBS
2021-04-09 07:00:00,12869.0,12982.0,12832.0,12907.0,5401500,KBS
2021-04-12 07:00:00,12982.0,13207.0,12926.0,13188.0,12513500,KBS
2021-04-13 07:00:00,13263.0,13319.0,12907.0,12982.0,8736000,KBS
2021-04-14 07:00:00,12869.0,13038.0,12813.0,12982.0,5073300,KBS
2021-04-15 07:00:00,13001.0,13019.0,12682.0,12700.0,9686700,KBS
2021-04-16 07:00:00,12682.0,12775.0,12269.0,12419.0,8403400,KBS
2021-04-19 07:00:00,12569.0,12663.0,12306.0,12644.0,4291900,KBS
2021-04-20 07:00:00,12757.0,12907.0,12457.0,12607.0,7166900,KBS
2021-04-22 07:00:00,12532.0,12607.0,12194.0,12194.0,7843500,KBS
2021-04-23 07:00:00,12156.0,12550.0,12044.0,12532.0,6687700,KBS
2021-04-26 07:00:00,12532.0,12532.0,12231.0,12494.0,7119100,KBS
2021-04-27 07:00:00,12382.0,12757.0,12250.0,12757.0,6393000,KBS
2021-04-28 07:00:00,12569.0,12869.0,12532.0,12682.0,5675200,KBS
2021-04-29 07:00:00,12682.0,13001.0,12607.0,13001.0,16646300,KBS
2021-05-04 07:00:00,12757.0,13038.0,12569.0,12926.0,9333200,KBS
2021-05-05 07:00:00,12982.0,13451.0,12982.0,13244.0,17558400,KBS
2021-05-06 07:00:00,13244.0,13263.0,13001.0,13057.0,7783800,KBS
2021-05-07 07:00:00,12944.0,13282.0,12944.0,13207.0,12059100,KBS
2021-05-10 07:00:00,13207.0,13638.0,13207.0,13582.0,13491300,KBS
2021-05-11 07:00:00,13657.0,13657.0,13432.0,13432.0,9777000,KBS
2021-05-12 07:00:00,13338.0,13563.0,13282.0,13563.0,8991300,KBS
2021-05-13 07:00:00,13395.0,13864.0,13395.0,13582.0,11724300,KBS
2021-05-14 07:00:00,13657.0,13770.0,13526.0,13676.0,6118400,KBS
2021-05-17 07:00:00,13882.0,13957.0,13676.0,13713.0,9278700,KBS
2021-05-18 07:00:00,13732.0,13732.0,13470.0,13601.0,7881100,KBS
2021-05-19 07:00:00,13582.0,13770.0,13470.0,13732.0,8143500,KBS
2021-05-20 07:00:00,13732.0,14070.0,13732.0,14032.0,12263200,KBS
2021-05-21 07:00:00,14032.0,14370.0,13995.0,14070.0,9146500,KBS
2021-05-24 07:00:00,14201.0,14201.0,13976.0,14070.0,7546600,KBS
2021-05-25 07:00:00,14070.0,14351.0,13995.0,14257.0,8757400,KBS
2021-05-26 07:00:00,14276.0,14501.0,14276.0,14426.0,9976000,KBS
2021-05-27 07:00:00,14445.0,14689.0,14220.0,14333.0,9551700,KBS
2021-05-28 07:00:00,14333.0,14595.0,14276.0,14595.0,9416000,KBS
2021-05-31 07:00:00,14820.0,15552.0,14633.0,15533.0,16030300,KBS
2021-06-01 07:00:00,15946.0,16096.0,15758.0,15796.0,11159800,KBS
2021-06-02 07:00:00,16002.0,16734.0,15946.0,16734.0,16009600,KBS
2021-06-03 07:00:00,17372.0,17372.0,16734.0,17222.0,12265700,KBS
2021-06-04 07:00:00,16884.0,17222.0,16884.0,16996.0,9488100,KBS
2021-06-07 07:00:00,16846.0,16846.0,15852.0,16133.0,18505000,KBS
2021-06-08 07:00:00,15965.0,16284.0,15083.0,15083.0,14322800,KBS
2021-06-09 07:00:00,15083.0,15983.0,15008.0,15927.0,12565100,KBS
2021-06-10 07:00:00,16185.0,16584.0,15998.0,15998.0,14000300,KBS
2021-06-11 07:00:00,16138.0,16467.0,15857.0,16256.0,9532300,KBS
2021-06-14 07:00:00,16256.0,16373.0,15880.0,15998.0,10946100,KBS
2021-06-15 07:00:00,15998.0,16983.0,15716.0,16584.0,18178200,KBS
2021-06-16 07:00:00,16584.0,16631.0,16185.0,16279.0,8211200,KBS
2021-06-17 07:00:00,15951.0,16420.0,15810.0,16373.0,6392600,KBS
2021-06-18 07:00:00,16514.0,16654.0,16373.0,16420.0,9215200,KBS
2021-06-21 07:00:00,16373.0,16514.0,16256.0,16302.0,5447600,KBS
2021-06-22 07:00:00,16514.0,16889.0,16349.0,16725.0,14872000,KBS
2021-06-23 07:00:00,16842.0,17077.0,16748.0,16795.0,10244600,KBS
2021-06-24 07:00:00,16889.0,17100.0,16701.0,16983.0,11494200,KBS
2021-06-25 07:00:00,16983.0,17170.0,16912.0,17053.0,7934000,KBS
2021-06-28 07:00:00,17217.0,17264.0,17030.0,17217.0,7937700,KBS
2021-06-29 07:00:00,17311.0,17335.0,17100.0,17100.0,6677700,KBS
2021-06-30 07:00:00,17077.0,17123.0,16701.0,16748.0,9628000,KBS
2021-07-01 07:00:00,16678.0,16983.0,16467.0,16865.0,10393200,KBS
2021-07-02 07:00:00,17030.0,17077.0,16889.0,16936.0,6407100,KBS
2021-07-05 07:00:00,17030.0,17874.0,16842.0,17804.0,16668600,KBS
2021-07-06 07:00:00,17827.0,17921.0,16889.0,16889.0,7653200,KBS
2021-07-07 07:00:00,16889.0,17311.0,16467.0,17147.0,10121600,KBS
2021-07-08 07:00:00,17147.0,17452.0,16889.0,16983.0,7351900,KBS
2021-07-09 07:00:00,16889.0,17170.0,15951.0,16514.0,11315400,KBS
2021-07-12 07:00:00,16185.0,16302.0,15364.0,15364.0,18353700,KBS
2021-07-13 07:00:00,15622.0,15622.0,15153.0,15435.0,6672200,KBS
2021-07-14 07:00:00,15435.0,15481.0,14590.0,14895.0,10810500,KBS
2021-07-15 07:00:00,14731.0,15458.0,14707.0,15364.0,5095400,KBS
2021-07-16 07:00:00,15552.0,15763.0,15388.0,15763.0,5918800,KBS
2021-07-19 07:00:00,15435.0,15552.0,14989.0,15083.0,10019200,KBS
2021-07-20 07:00:00,15247.0,15904.0,15012.0,15904.0,8563400,KBS
2021-07-21 07:00:00,15974.0,16185.0,15833.0,15857.0,8179300,KBS
2021-07-22 07:00:00,15857.0,16138.0,15575.0,15998.0,7161900,KBS
2021-07-23 07:00:00,15904.0,16021.0,15481.0,15481.0,7433000,KBS
2021-07-26 07:00:00,15294.0,15528.0,15036.0,15341.0,7528400,KBS
2021-07-27 07:00:00,15505.0,15716.0,15481.0,15552.0,5634700,KBS
2021-07-28 07:00:00,15575.0,15763.0,15505.0,15552.0,4846400,KBS
2021-07-29 07:00:00,15693.0,16044.0,15622.0,16021.0,7638000,KBS
2021-07-30 07:00:00,16091.0,16959.0,16091.0,16959.0,35156000,KBS
2021-08-02 07:00:00,16654.0,16889.0,16584.0,16678.0,8646400,KBS
2021-08-03 07:00:00,16631.0,16795.0,16420.0,16795.0,8766300,KBS
2021-08-04 07:00:00,16889.0,16889.0,16560.0,16654.0,8466500,KBS
2021-08-05 07:00:00,16584.0,16936.0,16560.0,16889.0,13787200,KBS
2021-08-06 07:00:00,16936.0,16959.0,16631.0,16678.0,8620800,KBS
2021-08-09 07:00:00,16607.0,17288.0,16490.0,17123.0,19240200,KBS
2021-08-10 07:00:00,17264.0,17288.0,16983.0,17123.0,10457700,KBS
2021-08-11 07:00:00,17123.0,17241.0,16889.0,16889.0,16492300,KBS
2021-08-12 07:00:00,16795.0,16889.0,16560.0,16560.0,12147100,KBS
2021-08-13 07:00:00,16514.0,16631.0,16091.0,16584.0,15125200,KBS
2021-08-16 07:00:00,16584.0,16889.0,16326.0,16748.0,12056700,KBS
2021-08-17 07:00:00,16889.0,16983.0,16607.0,16701.0,8743100,KBS
2021-08-18 07:00:00,16631.0,16795.0,16560.0,16678.0,7096100,KBS
2021-08-19 07:00:00,16654.0,16678.0,16396.0,16560.0,9370500,KBS
2021-08-20 07:00:00,16560.0,16584.0,15505.0,15763.0,20952900,KBS
2021-08-23 07:00:00,15716.0,15763.0,15012.0,15012.0,15602700,KBS
2021-08-24 07:00:00,15012.0,15247.0,14872.0,15153.0,9084200,KBS
2021-08-25 07:00:00,15106.0,15247.0,14965.0,15223.0,4865700,KBS
2021-08-26 07:00:00,15270.0,15294.0,14918.0,14989.0,4944800,KBS
2021-08-27 07:00:00,14872.0,14942.0,14449.0,14895.0,8069600,KBS
2021-08-30 07:00:00,14918.0,15200.0,14825.0,15083.0,8029600,KBS
2021-08-31 07:00:00,15247.0,15294.0,15012.0,15012.0,5528600,KBS
2021-09-01 07:00:00,15012.0,15364.0,14989.0,15012.0,8715300,KBS
2021-09-06 07:00:00,15106.0,15153.0,14989.0,15036.0,7383200,KBS
2021-09-07 07:00:00,15200.0,15364.0,15106.0,15247.0,7963700,KBS
2021-09-08 07:00:00,15247.0,15364.0,15059.0,15083.0,4752900,KBS
2021-09-09 07:00:00,15012.0,15223.0,14989.0,15223.0,3431900,KBS
2021-09-10 07:00:00,15247.0,15270.0,15130.0,15153.0,4101100,KBS
2021-09-13 07:00:00,15153.0,15153.0,14965.0,14965.0,5199800,KBS
2021-09-14 07:00:00,14942.0,15012.0,14778.0,14778.0,4511400,KBS
2021-09-15 07:00:00,14778.0,14778.0,14614.0,14637.0,4979200,KBS
2021-09-16 07:00:00,14660.0,14801.0,14637.0,14684.0,3455500,KBS
2021-09-17 07:00:00,14825.0,14918.0,14707.0,14825.0,4572300,KBS
2021-09-20 07:00:00,15012.0,15153.0,14942.0,15059.0,6387800,KBS
2021-09-21 07:00:00,14918.0,15012.0,14754.0,14918.0,3882100,KBS
2021-09-22 07:00:00,14918.0,15012.0,14825.0,14825.0,2681700,KBS
2021-09-23 07:00:00,14872.0,14918.0,14778.0,14825.0,4210800,KBS
2021-09-24 07:00:00,14918.0,15083.0,14825.0,15012.0,6688700,KBS
2021-09-27 07:00:00,15106.0,15200.0,14778.0,14778.0,4801300,KBS
2021-09-28 07:00:00,14778.0,14895.0,14731.0,14825.0,2517400,KBS
2021-09-29 07:00:00,14825.0,14872.0,14614.0,14707.0,3615100,KBS
2021-09-30 07:00:00,14707.0,14825.0,14684.0,14801.0,4394800,KBS
2021-10-01 07:00:00,14778.0,14801.0,14590.0,14778.0,6441900,KBS
2021-10-04 07:00:00,14684.0,14731.0,14356.0,14543.0,5659000,KBS
2021-10-05 07:00:00,14543.0,14778.0,14543.0,14778.0,2912300,KBS
2021-10-06 07:00:00,14801.0,14848.0,14590.0,14707.0,3321300,KBS
2021-10-07 07:00:00,14778.0,14778.0,14637.0,14637.0,2161800,KBS
2021-10-08 07:00:00,14731.0,14801.0,14660.0,14754.0,3480900,KBS
2021-10-11 07:00:00,14825.0,15294.0,14825.0,15294.0,6684100,KBS
2021-10-12 07:00:00,15435.0,15435.0,15200.0,15294.0,3385300,KBS
2021-10-13 07:00:00,15294.0,15435.0,15247.0,15294.0,3709300,KBS
2021-10-14 07:00:00,15294.0,15341.0,15106.0,15153.0,4521600,KBS
2021-10-15 07:00:00,15247.0,15270.0,15059.0,15106.0,2976800,KBS
2021-10-18 07:00:00,15177.0,15294.0,15012.0,15012.0,4543400,KBS
2021-10-19 07:00:00,15200.0,15200.0,14965.0,15153.0,3615400,KBS
2021-10-20 07:00:00,15153.0,15317.0,14918.0,15153.0,3846400,KBS
2021-10-21 07:00:00,15153.0,15153.0,14895.0,14895.0,4132200,KBS
2021-10-22 07:00:00,14965.0,14989.0,14754.0,14825.0,3827100,KBS
2021-10-25 07:00:00,14872.0,14872.0,14590.0,14660.0,5200400,KBS
2021-10-26 07:00:00,14660.0,14660.0,14449.0,14590.0,5259100,KBS
2021-10-27 07:00:00,14614.0,14918.0,14614.0,14731.0,5828200,KBS
2021-10-28 07:00:00,14848.0,14942.0,14778.0,14942.0,4649100,KBS
2021-10-29 07:00:00,14942.0,15481.0,14895.0,15481.0,13597100,KBS
2021-11-01 07:00:00,15388.0,15435.0,15200.0,15341.0,5293300,KBS
2021-11-02 07:00:00,15341.0,15552.0,15270.0,15552.0,7009200,KBS
2021-11-03 07:00:00,15622.0,15998.0,15599.0,15880.0,13060100,KBS
2021-11-04 07:00:00,15974.0,15974.0,15693.0,15716.0,4197400,KBS
2021-11-05 07:00:00,15857.0,15857.0,15622.0,15716.0,3967400,KBS
2021-11-08 07:00:00,15716.0,15786.0,15575.0,15669.0,5385300,KBS
2021-11-09 07:00:00,15669.0,15857.0,15646.0,15693.0,5047900,KBS
2021-11-10 07:00:00,15716.0,15739.0,15552.0,15669.0,4367400,KBS
2021-11-11 07:00:00,15622.0,15739.0,15247.0,15481.0,7129400,KBS
2021-11-12 07:00:00,15481.0,15646.0,15317.0,15646.0,4376100,KBS
2021-11-15 07:00:00,15669.0,15763.0,15599.0,15669.0,4878900,KBS
2021-11-16 07:00:00,15646.0,15669.0,15388.0,15552.0,5211500,KBS
2021-11-17 07:00:00,15552.0,15716.0,15388.0,15622.0,4360500,KBS
2021-11-18 07:00:00,15716.0,15716.0,15247.0,15247.0,5497600,KBS
2021-11-19 07:00:00,15341.0,15904.0,15270.0,15693.0,9794000,KBS
2021-11-22 07:00:00,15716.0,16326.0,15481.0,16021.0,9151000,KBS
2021-11-23 07:00:00,16068.0,16091.0,15810.0,15927.0,3839600,KBS
2021-11-24 07:00:00,15904.0,16631.0,15833.0,16584.0,14295800,KBS
2021-11-25 07:00:00,16654.0,16678.0,16396.0,16490.0,7083400,KBS
2021-11-26 07:00:00,16490.0,16560.0,16232.0,16232.0,6209000,KBS
2021-11-29 07:00:00,15857.0,16091.0,15857.0,16021.0,6095500,KBS
2021-11-30 07:00:00,16138.0,16185.0,15575.0,15622.0,6145400,KBS
2021-12-01 07:00:00,15528.0,15716.0,15505.0,15716.0,3620400,KBS
2021-12-02 07:00:00,15763.0,15763.0,15575.0,15575.0,2645000,KBS
2021-12-03 07:00:00,15669.0,15739.0,15270.0,15270.0,4916300,KBS
2021-12-06 07:00:00,15153.0,15388.0,14848.0,15153.0,6499000,KBS
2021-12-07 07:00:00,15247.0,15458.0,15059.0,15458.0,2827600,KBS
2021-12-08 07:00:00,15317.0,15669.0,15270.0,15528.0,2900500,KBS
2021-12-09 07:00:00,15481.0,15622.0,15388.0,15622.0,2156000,KBS
2021-12-10 07:00:00,15575.0,15763.0,15528.0,15669.0,4730500,KBS
2021-12-13 07:00:00,15739.0,15857.0,15622.0,15669.0,3012700,KBS
2021-12-14 07:00:00,15622.0,15716.0,15528.0,15622.0,2128100,KBS
2021-12-15 07:00:00,15528.0,15739.0,15505.0,15669.0,2122900,KBS
2021-12-16 07:00:00,15716.0,15739.0,15481.0,15481.0,2305800,KBS
2021-12-17 07:00:00,15552.0,15622.0,15505.0,15575.0,2403500,KBS
2021-12-20 07:00:00,15575.0,15622.0,15411.0,15528.0,3296100,KBS
2021-12-21 07:00:00,15458.0,15458.0,15388.0,15388.0,2420400,KBS
2021-12-22 07:00:00,15317.0,15458.0,15317.0,15341.0,3385200,KBS
2021-12-23 07:00:00,15294.0,15317.0,15012.0,15247.0,4135300,KBS
2021-12-24 07:00:00,15247.0,15552.0,15106.0,15481.0,4372600,KBS
2021-12-27 07:00:00,15622.0,15622.0,15435.0,15552.0,2459500,KBS
2021-12-28 07:00:00,15552.0,15833.0,15505.0,15786.0,3477400,KBS
2021-12-29 07:00:00,15880.0,16044.0,15810.0,15857.0,3817200,KBS
2021-12-30 07:00:00,15810.0,15951.0,15716.0,15904.0,1819600,KBS
2021-12-31 07:00:00,15951.0,16209.0,15951.0,16185.0,5651800,KBS
2022-01-04 07:00:00,16326.0,16326.0,16068.0,16138.0,4555000,KBS
2022-01-05 07:00:00,16115.0,16115.0,15786.0,15810.0,5934500,KBS
2022-01-06 07:00:00,15716.0,15951.0,15528.0,15833.0,5673700,KBS
2022-01-07 07:00:00,15904.0,15927.0,15622.0,15622.0,3323800,KBS
2022-01-10 07:00:00,15481.0,15669.0,15458.0,15481.0,5693200,KBS
2022-01-11 07:00:00,15481.0,15505.0,15341.0,15364.0,6395100,KBS
2022-01-12 07:00:00,15341.0,15739.0,15270.0,15528.0,7789000,KBS
2022-01-13 07:00:00,15786.0,16068.0,15552.0,15646.0,6511900,KBS
2022-01-14 07:00:00,15646.0,15693.0,15481.0,15505.0,1941100,KBS
2022-01-17 07:00:00,15528.0,15786.0,15364.0,15364.0,7284700,KBS
2022-01-18 07:00:00,15364.0,15505.0,15153.0,15388.0,4272600,KBS
2022-01-19 07:00:00,15388.0,15622.0,15388.0,15481.0,2104000,KBS
2022-01-20 07:00:00,15481.0,15552.0,15341.0,15458.0,3415900,KBS
2022-01-21 07:00:00,15458.0,15951.0,15435.0,15693.0,4404000,KBS
2022-01-24 07:00:00,15716.0,16373.0,15716.0,16115.0,13185100,KBS
2022-01-25 07:00:00,16115.0,16443.0,16115.0,16349.0,4282700,KBS
2022-01-26 07:00:00,16420.0,16865.0,16420.0,16631.0,8494500,KBS
2022-01-27 07:00:00,16607.0,16607.0,16209.0,16373.0,6064400,KBS
2022-01-28 07:00:00,16373.0,16420.0,16138.0,16209.0,10258100,KBS
2022-02-07 07:00:00,16420.0,16490.0,16256.0,16279.0,4548000,KBS
2022-02-08 07:00:00,16279.0,16889.0,16279.0,16772.0,32461200,KBS
2022-02-09 07:00:00,16842.0,16865.0,16654.0,16701.0,10149700,KBS
2022-02-10 07:00:00,16701.0,16795.0,16584.0,16678.0,7632500,KBS
2022-02-11 07:00:00,16560.0,17053.0,16537.0,16748.0,9575200,KBS
2022-02-14 07:00:00,16607.0,16701.0,15951.0,15951.0,13153200,KBS
2022-02-15 07:00:00,15974.0,16185.0,15951.0,16185.0,6631900,KBS
2022-02-16 07:00:00,16279.0,16279.0,15951.0,16044.0,5099500,KBS
2022-02-17 07:00:00,16021.0,16162.0,15998.0,16091.0,3913100,KBS
2022-02-18 07:00:00,15998.0,16068.0,15810.0,15880.0,7318400,KBS
2022-02-21 07:00:00,15904.0,16138.0,15739.0,16138.0,7285100,KBS
2022-02-22 07:00:00,15951.0,16279.0,15763.0,16279.0,8094700,KBS
2022-02-23 07:00:00,16326.0,16467.0,16232.0,16232.0,5857600,KBS
2022-02-24 07:00:00,16115.0,16232.0,15693.0,16162.0,8892700,KBS
2022-02-25 07:00:00,16185.0,16302.0,16091.0,16115.0,5508400,KBS
2022-02-28 07:00:00,16091.0,16115.0,15904.0,15904.0,3857100,KBS
2022-03-01 07:00:00,15951.0,15951.0,15739.0,15880.0,5610900,KBS
2022-03-02 07:00:00,15810.0,15951.0,15435.0,15435.0,13881600,KBS
2022-03-03 07:00:00,15481.0,15693.0,15435.0,15693.0,8167100,KBS
2022-03-04 07:00:00,15669.0,16091.0,15481.0,16091.0,6925100,KBS
2022-03-07 07:00:00,15716.0,15857.0,15552.0,15599.0,4694500,KBS
2022-03-08 07:00:00,15481.0,15575.0,15270.0,15294.0,7221800,KBS
2022-03-09 07:00:00,15364.0,15458.0,15200.0,15341.0,4172000,KBS
2022-03-10 07:00:00,15481.0,15669.0,15435.0,15435.0,2199800,KBS
2022-03-11 07:00:00,15388.0,15458.0,15294.0,15341.0,2714900,KBS
2022-03-14 07:00:00,15247.0,15388.0,15223.0,15341.0,2724900,KBS
2022-03-15 07:00:00,15388.0,15552.0,15341.0,15388.0,2750200,KBS
2022-03-16 07:00:00,15435.0,15505.0,15317.0,15388.0,3294200,KBS
2022-03-17 07:00:00,15552.0,15575.0,15388.0,15388.0,2620300,KBS
2022-03-18 07:00:00,15481.0,15528.0,15388.0,15388.0,2597000,KBS
2022-03-21 07:00:00,15435.0,15481.0,15341.0,15458.0,3302500,KBS
2022-03-22 07:00:00,15481.0,15669.0,15481.0,15622.0,3324000,KBS
2022-03-23 07:00:00,15575.0,15669.0,15552.0,15575.0,2060000,KBS
2022-03-24 07:00:00,15505.0,15575.0,15411.0,15435.0,2873100,KBS
2022-03-25 07:00:00,15435.0,15552.0,15341.0,15341.0,3338200,KBS
2022-03-28 07:00:00,15341.0,15388.0,15153.0,15177.0,4875800,KBS
2022-03-29 07:00:00,15223.0,15317.0,15153.0,15177.0,3664900,KBS
2022-03-30 07:00:00,15200.0,15435.0,15153.0,15294.0,4154500,KBS
2022-03-31 07:00:00,15341.0,15575.0,15294.0,15505.0,5523400,KBS
2022-04-01 07:00:00,15505.0,15669.0,15481.0,15669.0,5865500,KBS
2022-04-04 07:00:00,15763.0,15810.0,15669.0,15716.0,4794400,KBS
2022-04-05 07:00:00,15669.0,15669.0,15458.0,15481.0,4508400,KBS
2022-04-06 07:00:00,15411.0,15622.0,15364.0,15575.0,4156600,KBS
2022-04-07 07:00:00,15669.0,16021.0,15599.0,15763.0,9648900,KBS
2022-04-08 07:00:00,15810.0,15951.0,15786.0,15880.0,8904400,KBS
2022-04-12 07:00:00,15880.0,15880.0,15646.0,15693.0,4923200,KBS
2022-04-13 07:00:00,15716.0,15880.0,15622.0,15786.0,5053900,KBS
2022-04-14 07:00:00,15786.0,16021.0,15763.0,15857.0,4900700,KBS
2022-04-15 07:00:00,15857.0,15951.0,15693.0,15739.0,5388100,KBS
2022-04-18 07:00:00,15716.0,15763.0,15388.0,15388.0,5946400,KBS
2022-04-19 07:00:00,15294.0,15388.0,14825.0,14848.0,5244400,KBS
2022-04-20 07:00:00,14872.0,15106.0,14848.0,14965.0,4490500,KBS
2022-04-21 07:00:00,15012.0,15247.0,14778.0,14778.0,5899800,KBS
2022-04-22 07:00:00,14872.0,15294.0,14872.0,15153.0,5188800,KBS
2022-04-25 07:00:00,15153.0,15223.0,14309.0,14309.0,8242600,KBS
2022-04-26 07:00:00,14309.0,14660.0,14074.0,14496.0,6106000,KBS
2022-04-27 07:00:00,14402.0,14637.0,14215.0,14496.0,2831800,KBS
2022-04-28 07:00:00,14356.0,14637.0,14356.0,14543.0,1503700,KBS
2022-04-29 07:00:00,14543.0,15341.0,14426.0,15341.0,4640900,KBS
2022-05-04 07:00:00,15130.0,15247.0,14895.0,14895.0,2060200,KBS
2022-05-05 07:00:00,15153.0,15153.0,14684.0,14872.0,3209000,KBS
2022-05-06 07:00:00,14637.0,14918.0,14473.0,14543.0,1920300,KBS
2022-05-09 07:00:00,14543.0,14543.0,13933.0,14356.0,5176200,KBS
2022-05-10 07:00:00,14215.0,14543.0,14027.0,14449.0,3850100,KBS
2022-05-11 07:00:00,14449.0,14825.0,14356.0,14825.0,2319300,KBS
2022-05-12 07:00:00,14402.0,14660.0,13839.0,13839.0,3128000,KBS
2022-05-13 07:00:00,14027.0,14215.0,12901.0,12901.0,6142600,KBS
2022-05-16 07:00:00,12972.0,13464.0,12901.0,12948.0,5137600,KBS
2022-05-17 07:00:00,12948.0,13769.0,12901.0,13722.0,2617900,KBS
2022-05-18 07:00:00,13933.0,13957.0,13511.0,13581.0,3521100,KBS
2022-05-19 07:00:00,13323.0,13605.0,13183.0,13417.0,1856400,KBS
2022-05-20 07:00:00,13417.0,13746.0,13417.0,13628.0,1936000,KBS
2022-05-23 07:00:00,13652.0,13746.0,13277.0,13347.0,1187500,KBS
2022-05-24 07:00:00,13511.0,13511.0,13206.0,13511.0,1574100,KBS
2022-05-25 07:00:00,13511.0,14074.0,13511.0,14074.0,3815600,KBS
2022-05-26 07:00:00,14262.0,14309.0,14074.0,14238.0,2690700,KBS
2022-05-27 07:00:00,14449.0,14918.0,14356.0,14918.0,4910800,KBS
2022-05-30 07:00:00,15012.0,15012.0,14778.0,14989.0,2244200,KBS
2022-05-31 07:00:00,14872.0,14918.0,14778.0,14801.0,2348500,KBS
2022-06-01 07:00:00,14918.0,14918.0,14590.0,14590.0,3523400,KBS
2022-06-02 07:00:00,15000.0,15205.0,14854.0,14854.0,3745600,KBS
2022-06-03 07:00:00,14942.0,15000.0,14590.0,14824.0,1409500,KBS
2022-06-06 07:00:00,14824.0,14971.0,14766.0,14824.0,1698800,KBS
2022-06-07 07:00:00,14824.0,14824.0,14239.0,14619.0,2255000,KBS
2022-06-08 07:00:00,14590.0,15059.0,14444.0,15059.0,4494800,KBS
2022-06-09 07:00:00,15117.0,15176.0,14678.0,15088.0,3388400,KBS
2022-06-10 07:00:00,14766.0,15117.0,14737.0,14766.0,2278300,KBS
2022-06-13 07:00:00,14649.0,14649.0,13946.0,14004.0,3830300,KBS
2022-06-14 07:00:00,14004.0,14326.0,13770.0,14121.0,2049600,KBS
2022-06-15 07:00:00,14326.0,14356.0,13535.0,13828.0,3633100,KBS
2022-06-16 07:00:00,13828.0,14121.0,13828.0,14121.0,1925600,KBS
2022-06-17 07:00:00,13770.0,13975.0,13389.0,13535.0,3160900,KBS
2022-06-20 07:00:00,13535.0,13770.0,13360.0,13418.0,3956000,KBS
2022-06-21 07:00:00,13184.0,13594.0,13184.0,13477.0,2676500,KBS
2022-06-22 07:00:00,13594.0,14004.0,13594.0,13916.0,2532000,KBS
2022-06-23 07:00:00,13711.0,13975.0,13506.0,13916.0,2140900,KBS
2022-06-24 07:00:00,13887.0,14063.0,13770.0,13946.0,1588100,KBS
2022-06-27 07:00:00,13946.0,14151.0,13858.0,14033.0,2447600,KBS
2022-06-28 07:00:00,13946.0,14532.0,13887.0,14356.0,2995800,KBS
2022-06-29 07:00:00,14180.0,14356.0,14063.0,14180.0,1960600,KBS
2022-06-30 07:00:00,14356.0,14356.0,14033.0,14063.0,2088400,KBS
2022-07-01 07:00:00,13975.0,14092.0,13770.0,14092.0,1851900,KBS
2022-07-04 07:00:00,14297.0,14356.0,14063.0,14209.0,1823900,KBS
2022-07-05 07:00:00,14326.0,14414.0,14209.0,14326.0,2991000,KBS
2022-07-06 07:00:00,14297.0,14356.0,13828.0,14180.0,2017800,KBS
2022-07-07 07:00:00,14239.0,14356.0,14121.0,14151.0,2496700,KBS
2022-07-08 07:00:00,14180.0,14297.0,14063.0,14063.0,2016000,KBS
2022-07-11 07:00:00,13975.0,14063.0,13770.0,13770.0,1634700,KBS
2022-07-12 07:00:00,13828.0,14063.0,13770.0,14063.0,728100,KBS
2022-07-13 07:00:00,14063.0,14297.0,13946.0,14063.0,2126200,KBS
2022-07-14 07:00:00,13946.0,14151.0,13946.0,14092.0,1429400,KBS
2022-07-15 07:00:00,14209.0,14326.0,14063.0,14063.0,2642300,KBS
2022-07-18 07:00:00,14121.0,14180.0,14004.0,14004.0,2425000,KBS
2022-07-19 07:00:00,14004.0,14033.0,13946.0,14004.0,1507000,KBS
2022-07-20 07:00:00,14121.0,14268.0,14004.0,14239.0,3039300,KBS
2022-07-21 07:00:00,14239.0,14590.0,14180.0,14444.0,4313000,KBS
2022-07-22 07:00:00,14444.0,14532.0,14268.0,14268.0,2039400,KBS
2022-07-25 07:00:00,14180.0,14297.0,14004.0,14092.0,1850700,KBS
2022-07-26 07:00:00,14063.0,14209.0,14063.0,14092.0,1484900,KBS
2022-07-27 07:00:00,14063.0,14180.0,14033.0,14180.0,890000,KBS
2022-07-28 07:00:00,14473.0,14473.0,14297.0,14326.0,3347500,KBS
2022-07-29 07:00:00,14385.0,14473.0,14326.0,14414.0,3817300,KBS
2022-08-01 07:00:00,14444.0,14649.0,14356.0,14649.0,4455500,KBS
2022-08-02 07:00:00,14649.0,14678.0,14473.0,14590.0,3391300,KBS
2022-08-03 07:00:00,14649.0,14678.0,14473.0,14619.0,6081900,KBS
2022-08-04 07:00:00,14649.0,14795.0,14590.0,14649.0,4390100,KBS
2022-08-05 07:00:00,14649.0,14649.0,14356.0,14561.0,3272800,KBS
2022-08-08 07:00:00,14532.0,14649.0,14444.0,14502.0,3202100,KBS
2022-08-09 07:00:00,14590.0,14649.0,14473.0,14619.0,3553300,KBS
2022-08-10 07:00:00,14619.0,14678.0,14502.0,14561.0,1987700,KBS
2022-08-11 07:00:00,14649.0,14707.0,14473.0,14502.0,3442200,KBS
2022-08-12 07:00:00,14473.0,14561.0,14414.0,14532.0,1460000,KBS
2022-08-15 07:00:00,14590.0,14737.0,14532.0,14619.0,3154600,KBS
2022-08-16 07:00:00,14590.0,14619.0,14444.0,14561.0,3234500,KBS
2022-08-17 07:00:00,14619.0,14649.0,14561.0,14619.0,3350600,KBS
2022-08-18 07:00:00,14619.0,14795.0,14532.0,14737.0,5981500,KBS
2022-08-19 07:00:00,14737.0,14737.0,14532.0,14561.0,1909000,KBS
2022-08-22 07:00:00,14532.0,14532.0,14414.0,14444.0,2239300,KBS
2022-08-23 07:00:00,14268.0,14532.0,14180.0,14532.0,2385000,KBS
2022-08-24 07:00:00,14473.0,14590.0,14444.0,14561.0,2704900,KBS
2022-08-25 07:00:00,14561.0,14649.0,14502.0,14649.0,3631800,KBS
2022-08-26 07:00:00,14707.0,14824.0,14502.0,14532.0,3878700,KBS
2022-08-29 07:00:00,14326.0,14473.0,14239.0,14385.0,3218300,KBS
2022-08-30 07:00:00,14414.0,14561.0,14385.0,14385.0,2016400,KBS
2022-08-31 07:00:00,14385.0,14502.0,14385.0,14444.0,1967000,KBS
2022-09-05 07:00:00,14385.0,14502.0,14326.0,14356.0,2307700,KBS
2022-09-06 07:00:00,14356.0,14473.0,14326.0,14444.0,2405200,KBS
2022-09-07 07:00:00,14356.0,14414.0,14239.0,14239.0,3214400,KBS
2022-09-08 07:00:00,14297.0,14326.0,14063.0,14063.0,2080700,KBS
2022-09-09 07:00:00,14180.0,14180.0,13916.0,14063.0,2227900,KBS
2022-09-12 07:00:00,14063.0,14180.0,13916.0,13916.0,1390800,KBS
2022-09-13 07:00:00,14004.0,14063.0,13828.0,13946.0,1469500,KBS
2022-09-14 07:00:00,13770.0,13828.0,13682.0,13770.0,2102100,KBS
2022-09-15 07:00:00,13828.0,13828.0,13740.0,13799.0,1585600,KBS
2022-09-16 07:00:00,13770.0,13828.0,13535.0,13565.0,2120100,KBS
2022-09-19 07:00:00,13565.0,13594.0,13301.0,13389.0,2558900,KBS
2022-09-20 07:00:00,13418.0,13448.0,13242.0,13418.0,1908000,KBS
2022-09-21 07:00:00,13389.0,13389.0,13242.0,13242.0,1292200,KBS
2022-09-22 07:00:00,13184.0,13360.0,13184.0,13360.0,1826800,KBS
2022-09-23 07:00:00,13272.0,13448.0,13242.0,13242.0,1465600,KBS
2022-09-26 07:00:00,13125.0,13184.0,12774.0,13008.0,4546500,KBS
2022-09-27 07:00:00,13008.0,13155.0,12949.0,13125.0,1468900,KBS
2022-09-28 07:00:00,12920.0,13037.0,12862.0,12891.0,2513100,KBS
2022-09-29 07:00:00,12979.0,12979.0,12832.0,12891.0,3855500,KBS
2022-09-30 07:00:00,12891.0,13155.0,12803.0,13008.0,4219300,KBS
2022-10-03 07:00:00,12920.0,13067.0,12481.0,12656.0,3657900,KBS
2022-10-04 07:00:00,12715.0,12862.0,12305.0,12305.0,3472500,KBS
2022-10-05 07:00:00,12364.0,12569.0,12188.0,12188.0,3255800,KBS
2022-10-06 07:00:00,12217.0,12422.0,11719.0,11719.0,2848400,KBS
2022-10-07 07:00:00,11455.0,11660.0,10899.0,10928.0,8485400,KBS
2022-10-10 07:00:00,10664.0,11192.0,10664.0,10957.0,6473000,KBS
2022-10-11 07:00:00,10957.0,10957.0,10225.0,10254.0,6434000,KBS
2022-10-12 07:00:00,10488.0,10957.0,10430.0,10957.0,3365500,KBS
2022-10-13 07:00:00,10957.0,11690.0,10840.0,11690.0,3901800,KBS
2022-10-14 07:00:00,12012.0,12246.0,11836.0,12217.0,3138200,KBS
2022-10-17 07:00:00,11895.0,12305.0,11865.0,12276.0,3756600,KBS
2022-10-18 07:00:00,12481.0,12598.0,12364.0,12539.0,2767600,KBS
2022-10-19 07:00:00,12656.0,12656.0,12305.0,12364.0,1445700,KBS
2022-10-20 07:00:00,12364.0,12598.0,12129.0,12510.0,4023500,KBS
2022-10-21 07:00:00,12510.0,12510.0,11865.0,11953.0,3385500,KBS
2022-10-24 07:00:00,11983.0,12012.0,11250.0,11426.0,2797800,KBS
2022-10-25 07:00:00,11543.0,12217.0,11221.0,11953.0,4926800,KBS
2022-10-26 07:00:00,12071.0,12246.0,11836.0,12100.0,2169100,KBS
2022-10-27 07:00:00,12129.0,12920.0,12012.0,12920.0,4846000,KBS
2022-10-28 07:00:00,13125.0,13213.0,12920.0,13067.0,3551700,KBS
2022-10-31 07:00:00,13096.0,13184.0,12686.0,13125.0,3747300,KBS
2022-11-01 07:00:00,13184.0,13477.0,13096.0,13155.0,3355400,KBS
2022-11-02 07:00:00,13125.0,13155.0,12774.0,12774.0,3538200,KBS
2022-11-03 07:00:00,12598.0,12891.0,12510.0,12510.0,3279300,KBS
2022-11-04 07:00:00,12510.0,12539.0,11690.0,11807.0,12616400,KBS
2022-11-07 07:00:00,12246.0,12305.0,11836.0,12100.0,4908600,KBS
2022-11-08 07:00:00,12071.0,12744.0,11807.0,12481.0,4065900,KBS
2022-11-09 07:00:00,12539.0,12715.0,12129.0,12158.0,3278700,KBS
2022-11-10 07:00:00,12100.0,12246.0,11426.0,11719.0,5464700,KBS
2022-11-11 07:00:00,12129.0,12422.0,11983.0,12188.0,4325500,KBS
2022-11-14 07:00:00,12012.0,12129.0,11690.0,11895.0,5257100,KBS
2022-11-15 07:00:00,11865.0,11983.0,11192.0,11192.0,6563300,KBS
2022-11-16 07:00:00,11074.0,11953.0,10488.0,11953.0,7397800,KBS
2022-11-17 07:00:00,12188.0,12510.0,12188.0,12334.0,4304700,KBS
2022-11-18 07:00:00,12188.0,12569.0,12071.0,12393.0,3536700,KBS
2022-11-21 07:00:00,12422.0,12422.0,12071.0,12071.0,2279000,KBS
2022-11-22 07:00:00,11953.0,12510.0,11924.0,11924.0,4427400,KBS
2022-11-23 07:00:00,11953.0,12276.0,11924.0,12100.0,2552100,KBS
2022-11-24 07:00:00,12071.0,12422.0,11953.0,12305.0,2306700,KBS
2022-11-25 07:00:00,12598.0,12598.0,12334.0,12598.0,2830000,KBS
2022-11-28 07:00:00,12656.0,13037.0,12627.0,13037.0,5240700,KBS
2022-11-29 07:00:00,13037.0,13037.0,12715.0,12979.0,3942700,KBS
2022-11-30 07:00:00,13037.0,13155.0,12774.0,12949.0,4118400,KBS
2022-12-01 07:00:00,13067.0,13389.0,12891.0,13184.0,6812100,KBS
2022-12-02 07:00:00,13184.0,13770.0,12979.0,13770.0,4791400,KBS
2022-12-05 07:00:00,13799.0,14063.0,13594.0,13828.0,4715700,KBS
2022-12-06 07:00:00,13828.0,13916.0,13067.0,13067.0,5158400,KBS
2022-12-07 07:00:00,13184.0,13184.0,12744.0,13067.0,3295000,KBS
2022-12-08 07:00:00,13155.0,13946.0,12949.0,13272.0,4795900,KBS
2022-12-09 07:00:00,13330.0,13594.0,13155.0,13506.0,3319800,KBS
2022-12-12 07:00:00,13506.0,13653.0,13184.0,13184.0,3181800,KBS
2022-12-13 07:00:00,13125.0,13506.0,13037.0,13506.0,2693700,KBS
2022-12-14 07:00:00,13535.0,13740.0,13330.0,13565.0,3293000,KBS
2022-12-15 07:00:00,13477.0,13770.0,13477.0,13594.0,4113600,KBS
2022-12-16 07:00:00,13477.0,13711.0,13389.0,13477.0,2220500,KBS
2022-12-19 07:00:00,13418.0,13623.0,13330.0,13330.0,3382600,KBS
2022-12-20 07:00:00,13330.0,13418.0,13008.0,13213.0,2566900,KBS
2022-12-21 07:00:00,13242.0,13477.0,13067.0,13360.0,1887300,KBS
2022-12-22 07:00:00,13477.0,13477.0,13330.0,13418.0,1958400,KBS
2022-12-23 07:00:00,13418.0,13418.0,13067.0,13418.0,1735100,KBS
2022-12-26 07:00:00,13418.0,13418.0,12949.0,12949.0,1778000,KBS
2022-12-27 07:00:00,12949.0,13242.0,12891.0,12949.0,2040100,KBS
2022-12-28 07:00:00,12949.0,13155.0,12862.0,12891.0,1826400,KBS
2022-12-29 07:00:00,12891.0,13125.0,12774.0,12891.0,1809100,KBS
2022-12-30 07:00:00,12891.0,13008.0,12774.0,12832.0,1339500,KBS
2023-01-03 07:00:00,12891.0,13301.0,12862.0,13301.0,1547700,KBS
2023-01-04 07:00:00,13389.0,13389.0,13213.0,13272.0,1641400,KBS
2023-01-05 07:00:00,13330.0,13477.0,13272.0,13389.0,2104500,KBS
2023-01-06 07:00:00,13360.0,13682.0,13242.0,13565.0,3403100,KBS
2023-01-09 07:00:00,13682.0,13682.0,13448.0,13535.0,1746700,KBS
2023-01-10 07:00:00,13623.0,13740.0,13448.0,13740.0,3061100,KBS
2023-01-11 07:00:00,13828.0,14326.0,13740.0,14180.0,5336500,KBS
2023-01-12 07:00:00,14180.0,14444.0,14180.0,14356.0,2879600,KBS
2023-01-13 07:00:00,14414.0,14532.0,14151.0,14151.0,2154400,KBS
2023-01-16 07:00:00,14151.0,14649.0,14151.0,14649.0,3538100,KBS
2023-01-17 07:00:00,14678.0,14912.0,14619.0,14824.0,3983900,KBS
2023-01-18 07:00:00,14824.0,15059.0,14707.0,14942.0,5435900,KBS
2023-01-19 07:00:00,14942.0,15235.0,14912.0,15235.0,5521600,KBS
2023-01-27 07:00:00,15440.0,15528.0,15176.0,15440.0,3756000,KBS
2023-01-30 07:00:00,15410.0,15440.0,14883.0,14883.0,5399000,KBS
2023-01-31 07:00:00,14883.0,15264.0,14649.0,15264.0,3480500,KBS
2023-02-01 07:00:00,15293.0,15381.0,14707.0,14766.0,3482800,KBS
2023-02-02 07:00:00,14737.0,15000.0,14532.0,14649.0,2884400,KBS
2023-02-03 07:00:00,14649.0,14795.0,14297.0,14356.0,9532100,KBS
2023-02-06 07:00:00,14297.0,14737.0,14151.0,14590.0,2395700,KBS
2023-02-07 07:00:00,14649.0,14707.0,14297.0,14414.0,2469300,KBS
2023-02-08 07:00:00,14532.0,14678.0,14385.0,14444.0,1922400,KBS
2023-02-09 07:00:00,14444.0,14707.0,14356.0,14356.0,3226100,KBS
2023-02-10 07:00:00,14414.0,14502.0,14180.0,14180.0,2007500,KBS
2023-02-13 07:00:00,14151.0,14151.0,13946.0,14004.0,2591600,KBS
2023-02-14 07:00:00,14121.0,14121.0,13946.0,13975.0,1438600,KBS
2023-02-15 07:00:00,14004.0,14444.0,13916.0,14385.0,3330400,KBS
2023-02-16 07:00:00,14532.0,14532.0,14297.0,14532.0,1623500,KBS
2023-02-17 07:00:00,14561.0,14619.0,14385.0,14532.0,1716200,KBS
2023-02-20 07:00:00,14473.0,15117.0,14444.0,15117.0,4901500,KBS
2023-02-21 07:00:00,15117.0,15235.0,14942.0,14942.0,1717400,KBS
2023-02-22 07:00:00,14766.0,14971.0,14561.0,14561.0,2652600,KBS
2023-02-23 07:00:00,14502.0,14942.0,14209.0,14883.0,3860600,KBS
2023-02-24 07:00:00,14649.0,14824.0,14385.0,14414.0,2227600,KBS
2023-02-27 07:00:00,14356.0,14414.0,14121.0,14209.0,3107700,KBS
2023-02-28 07:00:00,14356.0,14502.0,14209.0,14297.0,6149000,KBS
2023-03-01 07:00:00,14297.0,14766.0,14180.0,14737.0,2535900,KBS
2023-03-02 07:00:00,14649.0,14912.0,14649.0,14678.0,3337600,KBS
2023-03-03 07:00:00,14678.0,14824.0,14356.0,14356.0,2396000,KBS
2023-03-06 07:00:00,14561.0,14707.0,14239.0,14239.0,5224700,KBS
2023-03-07 07:00:00,14502.0,14649.0,14239.0,14356.0,4641800,KBS
2023-03-08 07:00:00,14209.0,14649.0,14209.0,14649.0,2784900,KBS
2023-03-09 07:00:00,14649.0,14912.0,14590.0,14854.0,3737400,KBS
2023-03-10 07:00:00,14678.0,14766.0,14502.0,14590.0,2422000,KBS
2023-03-13 07:00:00,14502.0,14619.0,14268.0,14356.0,4017400,KBS
2023-03-14 07:00:00,14385.0,14473.0,14033.0,14092.0,6765600,KBS
2023-03-15 07:00:00,14414.0,14532.0,14326.0,14532.0,1959500,KBS
2023-03-16 07:00:00,14356.0,14502.0,14151.0,14297.0,2498900,KBS
2023-03-17 07:00:00,14385.0,14444.0,14268.0,14268.0,1248400,KBS
2023-03-20 07:00:00,14180.0,14268.0,14063.0,14063.0,2456100,KBS
2023-03-21 07:00:00,14297.0,14297.0,13975.0,14180.0,1488000,KBS
2023-03-22 07:00:00,14268.0,14268.0,14092.0,14151.0,1861100,KBS
2023-03-23 07:00:00,14121.0,14414.0,14033.0,14356.0,7079200,KBS
2023-03-24 07:00:00,14414.0,14561.0,14356.0,14385.0,1681900,KBS
2023-03-27 07:00:00,14414.0,14502.0,14268.0,14326.0,2458000,KBS
2023-03-28 07:00:00,14444.0,14532.0,14326.0,14326.0,8286100,KBS
2023-03-29 07:00:00,14356.0,14414.0,14268.0,14297.0,15179800,KBS
2023-03-30 07:00:00,14414.0,14473.0,14385.0,14414.0,2120900,KBS
2023-03-31 07:00:00,14473.0,14795.0,14444.0,14649.0,5882100,KBS
2023-04-03 07:00:00,14795.0,14883.0,14649.0,14795.0,9966000,KBS
2023-04-04 07:00:00,14795.0,14854.0,14678.0,14737.0,7188400,KBS
2023-04-05 07:00:00,14707.0,14824.0,14678.0,14824.0,3318800,KBS
2023-04-06 07:00:00,14883.0,14912.0,14590.0,14590.0,4331100,KBS
2023-04-07 07:00:00,14619.0,14707.0,14590.0,14678.0,3143400,KBS
2023-04-10 07:00:00,14707.0,14737.0,14561.0,14649.0,3637100,KBS
2023-04-11 07:00:00,14590.0,14678.0,14473.0,14619.0,1597500,KBS
2023-04-12 07:00:00,14649.0,14678.0,14532.0,14561.0,3220200,KBS
2023-04-13 07:00:00,14619.0,14678.0,14561.0,14619.0,2518500,KBS
2023-04-14 07:00:00,14678.0,14707.0,14561.0,14619.0,5021400,KBS
2023-04-17 07:00:00,14619.0,14649.0,14532.0,14649.0,1648600,KBS
2023-04-18 07:00:00,14649.0,14649.0,14502.0,14502.0,2103400,KBS
2023-04-19 07:00:00,14532.0,14532.0,14297.0,14297.0,4595400,KBS
2023-04-20 07:00:00,14356.0,14385.0,14180.0,14209.0,2470300,KBS
2023-04-21 07:00:00,14239.0,14297.0,14209.0,14209.0,2472500,KBS
2023-04-24 07:00:00,14239.0,14326.0,14121.0,14180.0,2274000,KBS
2023-04-25 07:00:00,14239.0,14326.0,14121.0,14151.0,6173200,KBS
2023-04-26 07:00:00,14151.0,14180.0,14033.0,14151.0,3856500,KBS
2023-04-27 07:00:00,14180.0,14326.0,14121.0,14151.0,2181200,KBS
2023-04-28 07:00:00,14180.0,14297.0,14151.0,14180.0,9770100,KBS
2023-05-04 07:00:00,14239.0,14502.0,14239.0,14473.0,4304300,KBS
2023-05-05 07:00:00,14356.0,14502.0,14356.0,14444.0,2623900,KBS
2023-05-08 07:00:00,14444.0,14649.0,14414.0,14619.0,2303900,KBS
2023-05-09 07:00:00,14649.0,14678.0,14532.0,14590.0,3106400,KBS
2023-05-10 07:00:00,14590.0,14619.0,14532.0,14590.0,1959800,KBS
2023-05-11 07:00:00,14649.0,14707.0,14532.0,14590.0,2554300,KBS
2023-05-12 07:00:00,14649.0,14678.0,14532.0,14649.0,2346700,KBS
2023-05-15 07:00:00,14766.0,14824.0,14619.0,14649.0,6383000,KBS
2023-05-16 07:00:00,14649.0,14678.0,14590.0,14649.0,1462200,KBS
2023-05-17 07:00:00,14649.0,14737.0,14561.0,14590.0,3448000,KBS
2023-05-18 07:00:00,14590.0,14707.0,14561.0,14649.0,3351400,KBS
2023-05-19 07:00:00,14678.0,14678.0,14502.0,14619.0,4006500,KBS
2023-05-22 07:00:00,14649.0,14678.0,14590.0,14678.0,4584600,KBS
2023-05-23 07:00:00,14766.0,15000.0,14649.0,14854.0,21722400,KBS
2023-05-24 07:00:00,14942.0,14942.0,14619.0,14737.0,11048500,KBS
2023-05-25 07:00:00,14766.0,14766.0,14590.0,14707.0,8790400,KBS
2023-05-26 07:00:00,14766.0,14766.0,14619.0,14649.0,8560600,KBS
2023-05-29 07:00:00,14707.0,14824.0,14649.0,14737.0,16572400,KBS
2023-05-30 07:00:00,14824.0,14824.0,14649.0,14766.0,22595600,KBS
2023-05-31 07:00:00,14766.0,14883.0,14649.0,14883.0,29153500,KBS
2023-06-01 07:00:00,15094.0,15269.0,14918.0,15023.0,12761200,KBS
2023-06-02 07:00:00,15094.0,15515.0,15059.0,15304.0,15030000,KBS
2023-06-05 07:00:00,15445.0,15550.0,15199.0,15269.0,13842800,KBS
2023-06-06 07:00:00,15304.0,15339.0,15234.0,15304.0,9941200,KBS
2023-06-07 07:00:00,15304.0,15445.0,15304.0,15339.0,9178100,KBS
2023-06-08 07:00:00,15304.0,15374.0,15164.0,15164.0,9677000,KBS
2023-06-09 07:00:00,15199.0,15199.0,14953.0,15129.0,7464100,KBS
2023-06-12 07:00:00,15199.0,15199.0,14988.0,15059.0,4285400,KBS
2023-06-13 07:00:00,15094.0,15164.0,15023.0,15164.0,7969500,KBS
2023-06-14 07:00:00,15199.0,15374.0,15164.0,15199.0,8030500,KBS
2023-06-15 07:00:00,15199.0,15234.0,15129.0,15234.0,5405900,KBS
2023-06-16 07:00:00,15234.0,15515.0,15164.0,15304.0,14410500,KBS
2023-06-19 07:00:00,15304.0,15339.0,15164.0,15199.0,4658700,KBS
2023-06-20 07:00:00,15199.0,15234.0,15094.0,15199.0,5637600,KBS
2023-06-21 07:00:00,15164.0,15234.0,15129.0,15234.0,5482100,KBS
2023-06-22 07:00:00,15269.0,15374.0,15199.0,15199.0,7973200,KBS
2023-06-23 07:00:00,15234.0,15374.0,15164.0,15374.0,11433200,KBS
2023-06-26 07:00:00,15585.0,15796.0,15445.0,15620.0,11784600,KBS
2023-06-27 07:00:00,15831.0,15831.0,15585.0,15585.0,5619900,KBS
2023-06-28 07:00:00,15585.0,15725.0,15515.0,15655.0,8230200,KBS
2023-06-29 07:00:00,15655.0,15725.0,15374.0,15374.0,8151200,KBS
2023-06-30 07:00:00,15374.0,15480.0,15304.0,15480.0,5117900,KBS
2023-07-03 07:00:00,15480.0,15515.0,15410.0,15480.0,4029900,KBS
2023-07-04 07:00:00,15410.0,15480.0,15374.0,15445.0,4346600,KBS
2023-07-05 07:00:00,15445.0,15515.0,15410.0,15410.0,8124400,KBS
2023-07-06 07:00:00,15410.0,15445.0,15199.0,15234.0,6424400,KBS
2023-07-07 07:00:00,15234.0,15269.0,15094.0,15234.0,7142800,KBS
2023-07-10 07:00:00,15269.0,15515.0,15234.0,15410.0,9032000,KBS
2023-07-11 07:00:00,15655.0,15655.0,15410.0,15445.0,8848500,KBS
2023-07-12 07:00:00,15585.0,15585.0,15304.0,15339.0,5185000,KBS
2023-07-13 07:00:00,15445.0,15445.0,15304.0,15445.0,6741100,KBS
2023-07-14 07:00:00,15480.0,15515.0,15304.0,15445.0,6897700,KBS
2023-07-17 07:00:00,15480.0,15480.0,15374.0,15445.0,6533500,KBS
2023-07-18 07:00:00,15374.0,15445.0,15339.0,15445.0,6780400,KBS
2023-07-19 07:00:00,15445.0,15550.0,15410.0,15445.0,9552300,KBS
2023-07-20 07:00:00,15445.0,15480.0,15374.0,15445.0,6284600,KBS
2023-07-21 07:00:00,15445.0,15515.0,15374.0,15515.0,6679400,KBS
2023-07-24 07:00:00,15515.0,15585.0,15410.0,15480.0,6759900,KBS
2023-07-25 07:00:00,15445.0,15796.0,15445.0,15655.0,13703900,KBS
2023-07-26 07:00:00,15655.0,15761.0,15585.0,15655.0,5967200,KBS
2023-07-27 07:00:00,15655.0,15690.0,15480.0,15550.0,7207700,KBS
2023-07-28 07:00:00,15585.0,15725.0,15480.0,15585.0,8610200,KBS
2023-07-31 07:00:00,15796.0,16112.0,15761.0,16112.0,19206000,KBS
2023-08-01 07:00:00,16322.0,16322.0,15971.0,16041.0,13714200,KBS
2023-08-02 07:00:00,16006.0,16252.0,16006.0,16217.0,12406100,KBS
2023-08-03 07:00:00,16182.0,16498.0,16147.0,16463.0,17006600,KBS
2023-08-04 07:00:00,16568.0,17130.0,16322.0,17130.0,18672300,KBS
2023-08-07 07:00:00,16814.0,16884.0,16568.0,16673.0,28085700,KBS
2023-08-08 07:00:00,16708.0,16779.0,16357.0,16428.0,15266300,KBS
2023-08-09 07:00:00,16428.0,16568.0,16252.0,16287.0,15555900,KBS
2023-08-10 07:00:00,16322.0,16392.0,16077.0,16077.0,12692000,KBS
2023-08-11 07:00:00,16112.0,16147.0,15866.0,16077.0,9157400,KBS
2023-08-14 07:00:00,16077.0,16182.0,16006.0,16182.0,10439500,KBS
2023-08-15 07:00:00,16252.0,16322.0,16041.0,16041.0,6458700,KBS
2023-08-16 07:00:00,16041.0,16182.0,16006.0,16077.0,8397000,KBS
2023-08-17 07:00:00,16112.0,16147.0,15936.0,15936.0,10120500,KBS
2023-08-18 07:00:00,15936.0,15936.0,15374.0,15374.0,20451400,KBS
2023-08-21 07:00:00,15339.0,15585.0,15339.0,15445.0,7974800,KBS
2023-08-22 07:00:00,15515.0,15550.0,15164.0,15480.0,9067900,KBS
2023-08-23 07:00:00,15585.0,15655.0,15339.0,15339.0,5544300,KBS
2023-08-24 07:00:00,15339.0,15620.0,15339.0,15480.0,5311100,KBS
2023-08-25 07:00:00,15445.0,15480.0,15339.0,15410.0,5378200,KBS
2023-08-28 07:00:00,15445.0,15515.0,15410.0,15480.0,5156300,KBS
2023-08-29 07:00:00,15480.0,15585.0,15410.0,15480.0,5774700,KBS
2023-08-30 07:00:00,15480.0,15796.0,15480.0,15761.0,7222100,KBS
2023-08-31 07:00:00,15761.0,15866.0,15761.0,15866.0,7206600,KBS
2023-09-05 07:00:00,15936.0,16182.0,15901.0,15971.0,7626800,KBS
2023-09-06 07:00:00,15971.0,16112.0,15866.0,16112.0,4778100,KBS
2023-09-07 07:00:00,16147.0,16252.0,15971.0,16077.0,9854900,KBS
2023-09-08 07:00:00,16077.0,16112.0,15936.0,15971.0,5525800,KBS
2023-09-11 07:00:00,16006.0,16077.0,15620.0,15690.0,10535900,KBS
2023-09-12 07:00:00,15690.0,15971.0,15585.0,15971.0,6681500,KBS
2023-09-13 07:00:00,15971.0,16006.0,15761.0,15831.0,6938800,KBS
2023-09-14 07:00:00,15796.0,16006.0,15725.0,15761.0,6192000,KBS
2023-09-15 07:00:00,15866.0,15971.0,15761.0,15901.0,5249900,KBS
2023-09-18 07:00:00,15866.0,15901.0,15655.0,15761.0,4363000,KBS
2023-09-19 07:00:00,15761.0,15866.0,15620.0,15655.0,8079400,KBS
2023-09-20 07:00:00,15655.0,15831.0,15620.0,15761.0,5294700,KBS
2023-09-21 07:00:00,15725.0,15831.0,15690.0,15725.0,5426000,KBS
2023-09-22 07:00:00,15585.0,15796.0,15515.0,15655.0,9793000,KBS
2023-09-25 07:00:00,15655.0,15690.0,15445.0,15445.0,7623000,KBS
2023-09-26 07:00:00,15480.0,15620.0,15339.0,15374.0,9404200,KBS
2023-09-27 07:00:00,15374.0,15445.0,15269.0,15445.0,5685000,KBS
2023-09-28 07:00:00,15339.0,15445.0,15234.0,15269.0,4991800,KBS
2023-09-29 07:00:00,15304.0,15480.0,15304.0,15339.0,2338700,KBS
2023-10-02 07:00:00,15304.0,15410.0,15234.0,15374.0,3809300,KBS
2023-10-03 07:00:00,15304.0,15374.0,15164.0,15164.0,5507600,KBS
2023-10-04 07:00:00,15129.0,15234.0,15094.0,15164.0,3178300,KBS
2023-10-05 07:00:00,15269.0,15410.0,15164.0,15164.0,3350700,KBS
2023-10-06 07:00:00,15164.0,15374.0,15129.0,15304.0,2440800,KBS
2023-10-09 07:00:00,15234.0,15831.0,15234.0,15796.0,8978000,KBS
2023-10-10 07:00:00,15796.0,16041.0,15796.0,16006.0,6535100,KBS
2023-10-11 07:00:00,16006.0,16006.0,15831.0,15936.0,2844500,KBS
2023-10-12 07:00:00,15936.0,16077.0,15796.0,15936.0,5633800,KBS
2023-10-13 07:00:00,15866.0,15936.0,15796.0,15901.0,4691800,KBS
2023-10-16 07:00:00,15831.0,15936.0,15725.0,15866.0,4219800,KBS
2023-10-17 07:00:00,15866.0,15901.0,15761.0,15761.0,3657500,KBS
2023-10-18 07:00:00,15761.0,15761.0,15480.0,15480.0,6208800,KBS
2023-10-19 07:00:00,15480.0,15550.0,15304.0,15304.0,6209300,KBS
2023-10-20 07:00:00,15304.0,15515.0,15304.0,15374.0,3670300,KBS
2023-10-23 07:00:00,15515.0,15515.0,15234.0,15304.0,2398300,KBS
2023-10-24 07:00:00,15410.0,15515.0,15304.0,15374.0,2550700,KBS
2023-10-25 07:00:00,15585.0,15620.0,15374.0,15374.0,2487200,KBS
2023-10-26 07:00:00,15269.0,15269.0,14708.0,14813.0,12593400,KBS
2023-10-27 07:00:00,15059.0,15234.0,14883.0,15129.0,3180900,KBS
2023-10-30 07:00:00,15164.0,15199.0,14953.0,14953.0,3856500,KBS
2023-10-31 07:00:00,14988.0,15129.0,14918.0,15023.0,3489400,KBS
2023-11-01 07:00:00,15023.0,15199.0,14988.0,15164.0,4832800,KBS
2023-11-02 07:00:00,15269.0,15655.0,15164.0,15655.0,5148100,KBS
2023-11-03 07:00:00,15655.0,15725.0,15480.0,15480.0,4885400,KBS
2023-11-06 07:00:00,15585.0,15690.0,15515.0,15585.0,3789100,KBS
2023-11-07 07:00:00,15515.0,15620.0,15515.0,15515.0,2325400,KBS
2023-11-08 07:00:00,15515.0,16077.0,15480.0,16006.0,7911900,KBS
2023-11-09 07:00:00,16077.0,16077.0,15831.0,15831.0,4763900,KBS
2023-11-10 07:00:00,15725.0,15866.0,15620.0,15725.0,5047700,KBS
2023-11-13 07:00:00,15761.0,15866.0,15585.0,15761.0,3415300,KBS
2023-11-14 07:00:00,15761.0,16077.0,15761.0,15936.0,10301200,KBS
2023-11-15 07:00:00,16147.0,16498.0,16112.0,16322.0,32333400,KBS
2023-11-16 07:00:00,16322.0,16428.0,16217.0,16357.0,8080900,KBS
2023-11-17 07:00:00,16428.0,16428.0,15831.0,15936.0,12350400,KBS
2023-11-20 07:00:00,15725.0,16112.0,15550.0,15796.0,10207600,KBS
2023-11-21 07:00:00,15901.0,16006.0,15796.0,15866.0,3711000,KBS
2023-11-22 07:00:00,15796.0,15971.0,15690.0,15936.0,4392400,KBS
2023-11-23 07:00:00,15936.0,15971.0,15585.0,15585.0,5181900,KBS
2023-11-24 07:00:00,15655.0,15655.0,15304.0,15480.0,7898300,KBS
2023-11-27 07:00:00,15480.0,15515.0,15339.0,15339.0,3259000,KBS
2023-11-28 07:00:00,15374.0,15515.0,15234.0,15374.0,4187100,KBS
2023-11-29 07:00:00,15445.0,15690.0,15445.0,15480.0,4828800,KBS
2023-11-30 07:00:00,15480.0,15655.0,15410.0,15410.0,5243600,KBS
2023-12-01 07:00:00,15550.0,15550.0,15269.0,15410.0,5734700,KBS
2023-12-04 07:00:00,15480.0,15761.0,15445.0,15655.0,9041000,KBS
2023-12-05 07:00:00,15655.0,15761.0,15480.0,15550.0,3557500,KBS
2023-12-06 07:00:00,15550.0,15655.0,15445.0,15655.0,2791900,KBS
2023-12-07 07:00:00,15655.0,15796.0,15585.0,15725.0,7237600,KBS
2023-12-08 07:00:00,15725.0,15831.0,15655.0,15725.0,3812500,KBS
2023-12-11 07:00:00,15761.0,15796.0,15620.0,15725.0,2274400,KBS
2023-12-12 07:00:00,15761.0,15796.0,15655.0,15796.0,3228200,KBS
2023-12-13 07:00:00,15796.0,15831.0,15655.0,15655.0,3929800,KBS
2023-12-14 07:00:00,15725.0,15971.0,15655.0,15796.0,6945700,KBS
2023-12-15 07:00:00,15866.0,16041.0,15831.0,15971.0,6189100,KBS
2023-12-18 07:00:00,15936.0,16006.0,15901.0,16006.0,6388000,KBS
2023-12-19 07:00:00,16006.0,16217.0,16006.0,16182.0,11470900,KBS
2023-12-20 07:00:00,16182.0,16322.0,16182.0,16287.0,8859100,KBS
2023-12-21 07:00:00,16287.0,16322.0,16182.0,16322.0,7082700,KBS
2023-12-22 07:00:00,16287.0,16357.0,16287.0,16287.0,4510000,KBS
2023-12-25 07:00:00,16322.0,16463.0,16287.0,16392.0,7582400,KBS
2023-12-26 07:00:00,16428.0,16428.0,16322.0,16322.0,5728800,KBS
2023-12-27 07:00:00,16287.0,16428.0,16287.0,16357.0,4866000,KBS
2023-12-28 07:00:00,16357.0,16814.0,16357.0,16673.0,10513000,KBS
2023-12-29 07:00:00,16779.0,16919.0,16708.0,16779.0,9195100,KBS
2024-01-02 07:00:00,16814.0,17375.0,16814.0,17165.0,13883500,KBS
2024-01-03 07:00:00,17200.0,17551.0,17024.0,17551.0,9803400,KBS
2024-01-04 07:00:00,17691.0,18007.0,17621.0,17761.0,23587800,KBS
2024-01-05 07:00:00,17761.0,17867.0,17586.0,17867.0,9272100,KBS
2024-01-08 07:00:00,18042.0,18077.0,17691.0,17796.0,12389600,KBS
2024-01-09 07:00:00,17726.0,17796.0,17516.0,17551.0,15449500,KBS
2024-01-10 07:00:00,17691.0,17902.0,17551.0,17726.0,17603300,KBS
2024-01-11 07:00:00,17832.0,18077.0,17656.0,17726.0,9933500,KBS
2024-01-12 07:00:00,17656.0,18393.0,17586.0,18112.0,25561200,KBS
2024-01-15 07:00:00,18253.0,18253.0,17761.0,17761.0,11719300,KBS
2024-01-16 07:00:00,17832.0,17937.0,17586.0,17832.0,12380200,KBS
2024-01-17 07:00:00,17867.0,18112.0,17796.0,17832.0,9714300,KBS
2024-01-18 07:00:00,17867.0,18077.0,17796.0,17972.0,9611300,KBS
2024-01-19 07:00:00,18112.0,18218.0,18007.0,18218.0,12771300,KBS
2024-01-22 07:00:00,18393.0,18463.0,18112.0,18463.0,12001200,KBS
2024-01-23 07:00:00,18428.0,18569.0,18288.0,18288.0,11731500,KBS
2024-01-24 07:00:00,18288.0,18323.0,18042.0,18112.0,11341900,KBS
2024-01-25 07:00:00,18148.0,18183.0,17972.0,18112.0,5086300,KBS
2024-01-26 07:00:00,18148.0,18534.0,18148.0,18463.0,6856000,KBS
2024-01-29 07:00:00,18604.0,18604.0,18218.0,18218.0,9276600,KBS
2024-01-30 07:00:00,18288.0,18393.0,18183.0,18218.0,6379000,KBS
2024-01-31 07:00:00,18323.0,18323.0,17937.0,18077.0,12158100,KBS
2024-02-01 07:00:00,18042.0,18323.0,18042.0,18253.0,6281100,KBS
2024-02-02 07:00:00,18218.0,18463.0,18148.0,18428.0,14529200,KBS
2024-02-05 07:00:00,18428.0,19657.0,18358.0,19516.0,28121400,KBS
2024-02-06 07:00:00,19552.0,19587.0,19411.0,19552.0,5447300,KBS
2024-02-07 07:00:00,19552.0,19797.0,19552.0,19657.0,11893900,KBS
2024-02-15 07:00:00,19692.0,19938.0,19095.0,19095.0,14244300,KBS
2024-02-16 07:00:00,19306.0,19376.0,19165.0,19376.0,9495400,KBS
2024-02-19 07:00:00,19446.0,19446.0,19095.0,19446.0,11856900,KBS
2024-02-20 07:00:00,19306.0,19481.0,19201.0,19341.0,7316400,KBS
2024-02-21 07:00:00,19306.0,19587.0,19236.0,19446.0,10251900,KBS
2024-02-22 07:00:00,19446.0,19481.0,19306.0,19411.0,7401800,KBS
2024-02-23 07:00:00,19446.0,19938.0,19165.0,19165.0,25975600,KBS
2024-02-26 07:00:00,19165.0,19446.0,19025.0,19306.0,9785600,KBS
2024-02-27 07:00:00,19446.0,19446.0,19201.0,19376.0,12054800,KBS
2024-02-28 07:00:00,19411.0,19657.0,19341.0,19657.0,10460800,KBS
2024-02-29 07:00:00,19727.0,19832.0,19446.0,19657.0,9951400,KBS
2024-03-01 07:00:00,19657.0,19657.0,19341.0,19516.0,10193800,KBS
2024-03-04 07:00:00,19516.0,19797.0,19236.0,19516.0,13216500,KBS
2024-03-05 07:00:00,19516.0,19657.0,19341.0,19622.0,6332600,KBS
2024-03-06 07:00:00,19657.0,19762.0,19341.0,19376.0,9791600,KBS
2024-03-07 07:00:00,19376.0,19446.0,19236.0,19306.0,10165800,KBS
2024-03-08 07:00:00,19306.0,19411.0,18955.0,18990.0,23017000,KBS
2024-03-11 07:00:00,18990.0,19025.0,18709.0,18779.0,12015800,KBS
2024-03-12 07:00:00,18709.0,18850.0,18674.0,18779.0,8312600,KBS
2024-03-13 07:00:00,18779.0,19411.0,18779.0,19411.0,8935300,KBS
2024-03-14 07:00:00,19376.0,19376.0,18990.0,19130.0,8224300,KBS
2024-03-15 07:00:00,19130.0,19236.0,18955.0,19201.0,7822800,KBS
2024-03-18 07:00:00,19095.0,19201.0,18744.0,18885.0,14119300,KBS
2024-03-19 07:00:00,18814.0,18990.0,18779.0,18850.0,7121300,KBS
2024-03-20 07:00:00,18850.0,19446.0,18814.0,19306.0,14002400,KBS
2024-03-21 07:00:00,19446.0,19657.0,19341.0,19657.0,12818200,KBS
2024-03-22 07:00:00,19832.0,20324.0,19587.0,19762.0,22676200,KBS
2024-03-25 07:00:00,19692.0,19692.0,19306.0,19306.0,10187100,KBS
2024-03-26 07:00:00,19376.0,19622.0,19201.0,19622.0,6283500,KBS
2024-03-27 07:00:00,19622.0,19692.0,19376.0,19657.0,5958200,KBS
2024-03-28 07:00:00,19867.0,20078.0,19797.0,19903.0,12423400,KBS
2024-03-29 07:00:00,19938.0,20113.0,19762.0,20008.0,13489800,KBS
2024-04-01 07:00:00,19797.0,20008.0,19727.0,19973.0,6174900,KBS
2024-04-02 07:00:00,19867.0,19938.0,19587.0,19938.0,10409700,KBS
2024-04-03 07:00:00,19797.0,19938.0,19587.0,19657.0,10199400,KBS
2024-04-04 07:00:00,19692.0,19692.0,19341.0,19341.0,11155900,KBS
2024-04-05 07:00:00,19165.0,19236.0,19025.0,19060.0,12289500,KBS
2024-04-08 07:00:00,19060.0,19130.0,18920.0,19060.0,6869300,KBS
2024-04-09 07:00:00,19060.0,19165.0,18990.0,19165.0,5371500,KBS
2024-04-10 07:00:00,19271.0,19376.0,19025.0,19025.0,5122000,KBS
2024-04-11 07:00:00,18955.0,19060.0,18885.0,19060.0,11286500,KBS
2024-04-12 07:00:00,19095.0,19657.0,18955.0,19657.0,9767600,KBS
2024-04-15 07:00:00,19516.0,19657.0,18850.0,18850.0,16253800,KBS
2024-04-16 07:00:00,18850.0,19060.0,18779.0,19060.0,17350400,KBS
2024-04-17 07:00:00,19095.0,19130.0,18779.0,18779.0,10479700,KBS
2024-04-19 07:00:00,18674.0,18814.0,18569.0,18674.0,10862500,KBS
2024-04-22 07:00:00,18885.0,18920.0,18744.0,18814.0,6313700,KBS
2024-04-23 07:00:00,18814.0,18920.0,18639.0,18709.0,8540500,KBS
2024-04-24 07:00:00,18814.0,19025.0,18744.0,18990.0,6681200,KBS
2024-04-25 07:00:00,18955.0,18990.0,18779.0,18814.0,5141600,KBS
2024-04-26 07:00:00,18814.0,18955.0,18674.0,18850.0,5444000,KBS
2024-05-02 07:00:00,18850.0,19060.0,18814.0,18955.0,4797900,KBS
2024-05-03 07:00:00,19025.0,19306.0,19025.0,19306.0,8718800,KBS
2024-05-06 07:00:00,19306.0,19446.0,19201.0,19376.0,7445000,KBS
2024-05-07 07:00:00,19481.0,19516.0,19306.0,19411.0,4300700,KBS
2024-05-08 07:00:00,19306.0,19411.0,19165.0,19341.0,4037700,KBS
2024-05-09 07:00:00,19376.0,19516.0,19306.0,19376.0,4100900,KBS
2024-05-10 07:00:00,19376.0,19446.0,19271.0,19446.0,4909800,KBS
2024-05-13 07:00:00,19657.0,19657.0,19411.0,19446.0,5551200,KBS
2024-05-14 07:00:00,19446.0,19587.0,19411.0,19481.0,4470600,KBS
2024-05-15 07:00:00,19552.0,19552.0,19446.0,19446.0,7803400,KBS
2024-05-16 07:00:00,19657.0,19938.0,19516.0,19832.0,30203800,KBS
2024-05-17 07:00:00,19832.0,19938.0,19797.0,19832.0,8504100,KBS
2024-05-20 07:00:00,20008.0,20043.0,19797.0,19832.0,9333300,KBS
2024-05-21 07:00:00,19832.0,19867.0,19552.0,19797.0,10824000,KBS
2024-05-22 07:00:00,19797.0,19832.0,19587.0,19622.0,9283100,KBS
2024-05-23 07:00:00,19657.0,20008.0,19657.0,19973.0,10449700,KBS
2024-05-24 07:00:00,19973.0,21201.0,19832.0,20534.0,33848200,KBS
2024-05-27 07:00:00,20710.0,20956.0,20534.0,20675.0,7535500,KBS
2024-05-28 07:00:00,20850.0,20850.0,20570.0,20815.0,10686700,KBS
2024-05-29 07:00:00,20850.0,20885.0,20534.0,20534.0,13447000,KBS
2024-05-30 07:00:00,20464.0,20640.0,20254.0,20640.0,13111100,KBS
2024-05-31 07:00:00,20890.0,21141.0,20598.0,20598.0,11122400,KBS
2024-06-03 07:00:00,20765.0,20849.0,20556.0,20723.0,16242700,KBS
2024-06-04 07:00:00,20723.0,20723.0,20431.0,20473.0,9722200,KBS
2024-06-05 07:00:00,20681.0,20681.0,20305.0,20347.0,10785200,KBS
2024-06-06 07:00:00,20389.0,20473.0,20305.0,20347.0,8027700,KBS
2024-06-07 07:00:00,20514.0,20598.0,20305.0,20556.0,5887100,KBS
2024-06-10 07:00:00,20556.0,20640.0,20305.0,20389.0,7670900,KBS
2024-06-11 07:00:00,20389.0,20431.0,20138.0,20180.0,9200500,KBS
2024-06-12 07:00:00,20180.0,20514.0,19971.0,20514.0,10388900,KBS
2024-06-13 07:00:00,20514.0,20807.0,20389.0,20723.0,11713500,KBS
2024-06-14 07:00:00,20640.0,20807.0,20556.0,20556.0,11038000,KBS
2024-06-17 07:00:00,20556.0,20556.0,20264.0,20514.0,6368600,KBS
2024-06-18 07:00:00,20640.0,20640.0,20389.0,20514.0,5724600,KBS
2024-06-19 07:00:00,20514.0,20640.0,20264.0,20598.0,7612500,KBS
2024-06-20 07:00:00,20514.0,20765.0,20389.0,20723.0,10170900,KBS
2024-06-21 07:00:00,20765.0,20765.0,20473.0,20514.0,5122000,KBS
2024-06-24 07:00:00,20556.0,20556.0,19971.0,20138.0,14215300,KBS
2024-06-25 07:00:00,20055.0,20222.0,19971.0,20097.0,6698400,KBS
2024-06-26 07:00:00,20055.0,20138.0,19721.0,20138.0,10135100,KBS
2024-06-27 07:00:00,20055.0,20138.0,19888.0,20013.0,4901400,KBS
2024-06-28 07:00:00,19888.0,20055.0,19846.0,19888.0,5751000,KBS
2024-07-01 07:00:00,19888.0,19929.0,19721.0,19888.0,3933500,KBS
2024-07-02 07:00:00,19888.0,20138.0,19804.0,20097.0,5696300,KBS
2024-07-03 07:00:00,20180.0,20389.0,20013.0,20264.0,5848800,KBS
2024-07-04 07:00:00,20305.0,20347.0,20013.0,20180.0,6368100,KBS
2024-07-05 07:00:00,20180.0,20305.0,20055.0,20305.0,6335000,KBS
2024-07-08 07:00:00,20305.0,20347.0,20138.0,20264.0,4943500,KBS
2024-07-09 07:00:00,20180.0,20389.0,20097.0,20305.0,7986400,KBS
2024-07-10 07:00:00,20473.0,20473.0,20264.0,20264.0,6470200,KBS
2024-07-11 07:00:00,20347.0,20347.0,20180.0,20180.0,4990300,KBS
2024-07-12 07:00:00,20138.0,20180.0,19888.0,20055.0,7151400,KBS
2024-07-15 07:00:00,20055.0,20097.0,19971.0,20013.0,4481500,KBS
2024-07-16 07:00:00,20055.0,20305.0,20013.0,20138.0,6992700,KBS
2024-07-17 07:00:00,20305.0,21058.0,20222.0,20473.0,28890400,KBS
2024-07-18 07:00:00,20473.0,20974.0,20473.0,20723.0,10659400,KBS
2024-07-19 07:00:00,20723.0,21141.0,20598.0,20974.0,17067800,KBS
2024-07-22 07:00:00,20974.0,21058.0,20598.0,20681.0,15146800,KBS
2024-07-23 07:00:00,20723.0,20807.0,20055.0,20055.0,15105000,KBS
2024-07-24 07:00:00,20055.0,20389.0,19888.0,20222.0,12248400,KBS
2024-07-25 07:00:00,20180.0,20180.0,19888.0,20097.0,7155800,KBS
2024-07-26 07:00:00,20138.0,20180.0,20055.0,20138.0,3447400,KBS
2024-07-29 07:00:00,20305.0,20305.0,20097.0,20180.0,4102600,KBS
2024-07-30 07:00:00,20055.0,20180.0,20013.0,20180.0,5489200,KBS
2024-07-31 07:00:00,20222.0,20514.0,20138.0,20514.0,8548700,KBS
2024-08-01 07:00:00,20473.0,20556.0,20013.0,20013.0,9174700,KBS
2024-08-02 07:00:00,19971.0,20055.0,19762.0,20013.0,13706000,KBS
2024-08-05 07:00:00,19721.0,19929.0,19345.0,19386.0,20086500,KBS
2024-08-06 07:00:00,19637.0,19762.0,19428.0,19637.0,8020900,KBS
2024-08-07 07:00:00,19721.0,19721.0,19470.0,19553.0,4400300,KBS
2024-08-08 07:00:00,19428.0,19637.0,19428.0,19428.0,3649600,KBS
2024-08-09 07:00:00,19553.0,19721.0,19470.0,19721.0,3006900,KBS
2024-08-12 07:00:00,19721.0,19888.0,19470.0,19888.0,4197300,KBS
2024-08-13 07:00:00,19679.0,19888.0,19637.0,19721.0,2850000,KBS
2024-08-14 07:00:00,19804.0,19888.0,19679.0,19679.0,3316800,KBS
2024-08-15 07:00:00,19679.0,19721.0,19595.0,19637.0,2655100,KBS
2024-08-16 07:00:00,19637.0,20055.0,19637.0,20055.0,6516200,KBS
2024-08-19 07:00:00,20055.0,20180.0,20013.0,20097.0,3836600,KBS
2024-08-20 07:00:00,20097.0,20305.0,20055.0,20138.0,5413000,KBS
2024-08-21 07:00:00,20097.0,20389.0,20097.0,20389.0,6556900,KBS
2024-08-22 07:00:00,20473.0,20514.0,20305.0,20389.0,6789100,KBS
2024-08-23 07:00:00,20389.0,20473.0,20264.0,20431.0,3892900,KBS
2024-08-26 07:00:00,20514.0,20514.0,20389.0,20431.0,4921300,KBS
2024-08-27 07:00:00,20431.0,20473.0,20389.0,20431.0,4154700,KBS
2024-08-28 07:00:00,20473.0,20514.0,20389.0,20473.0,5222500,KBS
2024-08-29 07:00:00,20514.0,20807.0,20514.0,20598.0,8588000,KBS
2024-08-30 07:00:00,20598.0,20723.0,20598.0,20723.0,4483800,KBS
2024-09-04 07:00:00,20473.0,20640.0,20431.0,20598.0,5632900,KBS
2024-09-05 07:00:00,20598.0,20640.0,20431.0,20473.0,3534700,KBS
2024-09-06 07:00:00,20473.0,20556.0,20431.0,20556.0,5003500,KBS
2024-09-09 07:00:00,20514.0,20556.0,20305.0,20431.0,4686500,KBS
2024-09-10 07:00:00,20431.0,20514.0,20138.0,20264.0,6133500,KBS
2024-09-11 07:00:00,20180.0,20264.0,20138.0,20180.0,3584100,KBS
2024-09-12 07:00:00,20264.0,20473.0,20222.0,20431.0,2617700,KBS
2024-09-13 07:00:00,20389.0,20431.0,20264.0,20389.0,2370800,KBS
2024-09-16 07:00:00,20389.0,20514.0,20180.0,20180.0,3712400,KBS
2024-09-17 07:00:00,20180.0,20473.0,20138.0,20473.0,4078100,KBS
2024-09-18 07:00:00,20473.0,20681.0,20347.0,20598.0,8718500,KBS
2024-09-19 07:00:00,20681.0,20765.0,20556.0,20723.0,5219400,KBS
2024-09-20 07:00:00,20807.0,21559.0,20807.0,21434.0,34310900,KBS
2024-09-23 07:00:00,21475.0,21726.0,21392.0,21434.0,8574100,KBS
2024-09-24 07:00:00,21434.0,21559.0,21225.0,21559.0,12775500,KBS
2024-09-25 07:00:00,21726.0,21893.0,21559.0,21893.0,23014300,KBS
2024-09-26 07:00:00,21977.0,22018.0,21726.0,21726.0,18172200,KBS
2024-09-27 07:00:00,21726.0,22060.0,21642.0,21642.0,10807400,KBS
2024-09-30 07:00:00,21475.0,21684.0,21475.0,21517.0,8455300,KBS
2024-10-01 07:00:00,21517.0,21851.0,21517.0,21517.0,10408300,KBS
2024-10-02 07:00:00,21475.0,21810.0,21392.0,21559.0,10112400,KBS
2024-10-03 07:00:00,21684.0,21977.0,21475.0,21475.0,14798400,KBS
2024-10-04 07:00:00,21475.0,21517.0,21225.0,21225.0,8664100,KBS
2024-10-07 07:00:00,21308.0,21475.0,21183.0,21266.0,6769700,KBS
2024-10-08 07:00:00,21308.0,21434.0,21183.0,21308.0,6522700,KBS
2024-10-09 07:00:00,21392.0,21935.0,21350.0,21935.0,20003200,KBS
2024-10-10 07:00:00,22060.0,22144.0,21768.0,21893.0,9079400,KBS
2024-10-11 07:00:00,21810.0,21851.0,21642.0,21810.0,6560000,KBS
2024-10-14 07:00:00,21851.0,21935.0,21684.0,21684.0,9026900,KBS
2024-10-15 07:00:00,21684.0,21893.0,21559.0,21601.0,7109800,KBS
2024-10-16 07:00:00,21517.0,21601.0,21392.0,21517.0,5395600,KBS
2024-10-17 07:00:00,21642.0,21851.0,21517.0,21851.0,9195000,KBS
2024-10-18 07:00:00,21935.0,22144.0,21684.0,21810.0,11490300,KBS
2024-10-21 07:00:00,21726.0,21810.0,21559.0,21559.0,5532000,KBS
2024-10-22 07:00:00,21559.0,21601.0,21225.0,21225.0,12115300,KBS
2024-10-23 07:00:00,21225.0,21350.0,21016.0,21225.0,7700100,KBS
2024-10-24 07:00:00,21225.0,21266.0,20890.0,20890.0,8926700,KBS
2024-10-25 07:00:00,20890.0,20974.0,20765.0,20807.0,9220400,KBS
2024-10-28 07:00:00,20807.0,21016.0,20681.0,21016.0,4995600,KBS
2024-10-29 07:00:00,21141.0,21141.0,20974.0,21058.0,4176800,KBS
2024-10-30 07:00:00,21058.0,21099.0,20849.0,20974.0,3872400,KBS
2024-10-31 07:00:00,20974.0,21266.0,20932.0,21225.0,5074500,KBS
2024-11-01 07:00:00,21141.0,21225.0,20807.0,20807.0,7855400,KBS
2024-11-04 07:00:00,20890.0,20932.0,20598.0,20681.0,9116700,KBS
2024-11-05 07:00:00,20723.0,20807.0,20681.0,20681.0,3066100,KBS
2024-11-06 07:00:00,20807.0,21058.0,20723.0,20974.0,6242400,KBS
2024-11-07 07:00:00,21058.0,21141.0,20807.0,20974.0,4841200,KBS
2024-11-08 07:00:00,20974.0,21058.0,20681.0,20807.0,8221400,KBS
2024-11-11 07:00:00,20807.0,20890.0,20598.0,20765.0,6742100,KBS
2024-11-12 07:00:00,20723.0,20849.0,20598.0,20765.0,4142900,KBS
2024-11-13 07:00:00,20723.0,20807.0,20556.0,20807.0,6390100,KBS
2024-11-14 07:00:00,20598.0,20765.0,20514.0,20514.0,5795300,KBS
2024-11-15 07:00:00,20514.0,20556.0,20305.0,20389.0,9277500,KBS
2024-11-18 07:00:00,20389.0,20556.0,20138.0,20473.0,8106600,KBS
2024-11-19 07:00:00,20473.0,20514.0,20305.0,20305.0,5784700,KBS
2024-11-20 07:00:00,20222.0,20514.0,20180.0,20473.0,6237600,KBS
2024-11-21 07:00:00,20473.0,20765.0,20264.0,20765.0,7582000,KBS
2024-11-22 07:00:00,20765.0,20849.0,20598.0,20849.0,5693800,KBS
2024-11-25 07:00:00,20849.0,20890.0,20723.0,20807.0,4108700,KBS
2024-11-26 07:00:00,20807.0,20974.0,20765.0,20890.0,3558600,KBS
2024-11-27 07:00:00,20849.0,21058.0,20849.0,20932.0,2744700,KBS
2024-11-28 07:00:00,21016.0,21058.0,20849.0,21016.0,4592100,KBS
2024-11-29 07:00:00,21016.0,21058.0,20890.0,21058.0,3880000,KBS
2024-12-02 07:00:00,21099.0,21183.0,20932.0,21016.0,2487700,KBS
2024-12-03 07:00:00,21058.0,21058.0,20849.0,20890.0,6127300,KBS
2024-12-04 07:00:00,20849.0,20932.0,20765.0,20932.0,4616000,KBS
2024-12-05 07:00:00,20890.0,21475.0,20849.0,21475.0,8267100,KBS
2024-12-06 07:00:00,21308.0,21517.0,21308.0,21434.0,6049500,KBS
2024-12-09 07:00:00,21392.0,21434.0,21183.0,21308.0,5414200,KBS
2024-12-10 07:00:00,21308.0,21308.0,21183.0,21183.0,3399100,KBS
2024-12-11 07:00:00,21183.0,21308.0,21058.0,21225.0,8827300,KBS
2024-12-12 07:00:00,21225.0,21308.0,21099.0,21141.0,5863500,KBS
2024-12-13 07:00:00,21141.0,21141.0,20974.0,21016.0,6040200,KBS
2024-12-16 07:00:00,21016.0,21099.0,20932.0,21016.0,5161100,KBS
2024-12-17 07:00:00,21099.0,21099.0,20932.0,21058.0,3329200,KBS
2024-12-18 07:00:00,21099.0,21099.0,20974.0,21016.0,3381500,KBS
2024-12-19 07:00:00,20932.0,20932.0,20640.0,20723.0,9712000,KBS
2024-12-20 07:00:00,20765.0,20807.0,20681.0,20723.0,4724000,KBS
2024-12-23 07:00:00,20765.0,20849.0,20723.0,20807.0,3465200,KBS
2024-12-24 07:00:00,20807.0,20890.0,20723.0,20890.0,3230700,KBS
2024-12-25 07:00:00,20890.0,21392.0,20849.0,21266.0,9512300,KBS
2024-12-26 07:00:00,21266.0,21350.0,21225.0,21350.0,5579300,KBS
2024-12-27 07:00:00,21392.0,21475.0,21308.0,21350.0,7689900,KBS
2024-12-30 07:00:00,21183.0,21434.0,21183.0,21225.0,5000400,KBS
2024-12-31 07:00:00,21225.0,21559.0,21183.0,21559.0,8841000,KBS
2025-01-02 07:00:00,21392.0,21475.0,21225.0,21392.0,4567900,KBS
2025-01-03 07:00:00,21308.0,21350.0,20974.0,20974.0,5017300,KBS
2025-01-06 07:00:00,20890.0,20932.0,20681.0,20723.0,12052700,KBS
2025-01-07 07:00:00,20723.0,20932.0,20723.0,20890.0,5022100,KBS
2025-01-08 07:00:00,20890.0,20890.0,20723.0,20890.0,4088100,KBS
2025-01-09 07:00:00,20849.0,20890.0,20765.0,20849.0,3839200,KBS
2025-01-10 07:00:00,20807.0,20849.0,20640.0,20640.0,4710900,KBS
2025-01-13 07:00:00,20473.0,20765.0,20473.0,20681.0,4625500,KBS
2025-01-14 07:00:00,20681.0,20723.0,20473.0,20598.0,5059900,KBS
2025-01-15 07:00:00,20765.0,20849.0,20598.0,20807.0,7425100,KBS
2025-01-16 07:00:00,20765.0,20932.0,20640.0,20765.0,5005500,KBS
2025-01-17 07:00:00,20765.0,20890.0,20723.0,20849.0,2378900,KBS
2025-01-20 07:00:00,20849.0,20932.0,20723.0,20890.0,4004400,KBS
2025-01-21 07:00:00,20932.0,20974.0,20765.0,20849.0,4342600,KBS
2025-01-22 07:00:00,20890.0,20890.0,20723.0,20765.0,2787900,KBS
2025-01-23 07:00:00,20807.0,21225.0,20807.0,21141.0,8896800,KBS
2025-01-24 07:00:00,21058.0,21308.0,21058.0,21183.0,4898600,KBS
2025-02-03 07:00:00,20932.0,21141.0,20807.0,20974.0,4767900,KBS
2025-02-04 07:00:00,21099.0,21183.0,20932.0,21099.0,4903600,KBS
2025-02-05 07:00:00,21099.0,21225.0,21058.0,21225.0,7492100,KBS
2025-02-06 07:00:00,21308.0,21434.0,21225.0,21308.0,5593800,KBS
2025-02-07 07:00:00,21308.0,21559.0,21225.0,21475.0,9875600,KBS
2025-02-10 07:00:00,21434.0,21851.0,21308.0,21559.0,14032400,KBS
2025-02-11 07:00:00,21601.0,21684.0,21475.0,21601.0,5420500,KBS
2025-02-12 07:00:00,21642.0,21726.0,21434.0,21434.0,6789000,KBS
2025-02-13 07:00:00,21434.0,21517.0,21350.0,21475.0,5749900,KBS
2025-02-14 07:00:00,21684.0,21684.0,21475.0,21517.0,8139200,KBS
2025-02-17 07:00:00,21684.0,21684.0,21517.0,21559.0,5734800,KBS
2025-02-18 07:00:00,21559.0,21726.0,21517.0,21517.0,5157400,KBS
2025-02-19 07:00:00,21517.0,21642.0,21475.0,21559.0,5028300,KBS
2025-02-20 07:00:00,21601.0,21684.0,21517.0,21684.0,5709400,KBS
2025-02-21 07:00:00,21726.0,22018.0,21684.0,21893.0,12719300,KBS
2025-02-24 07:00:00,21768.0,21935.0,21768.0,21851.0,6396900,KBS
2025-02-25 07:00:00,21851.0,21935.0,21726.0,21726.0,6475900,KBS
2025-02-26 07:00:00,21768.0,21810.0,21684.0,21684.0,5056300,KBS
2025-02-27 07:00:00,21726.0,21810.0,21601.0,21810.0,5656800,KBS
2025-02-28 07:00:00,21726.0,21893.0,21559.0,21726.0,5469900,KBS
2025-03-03 07:00:00,21726.0,21768.0,21559.0,21726.0,5597900,KBS
2025-03-04 07:00:00,21642.0,21893.0,21559.0,21851.0,9957300,KBS
2025-03-05 07:00:00,21977.0,22269.0,21851.0,21851.0,11670700,KBS
2025-03-06 07:00:00,21935.0,22060.0,21851.0,22060.0,5071000,KBS
2025-03-07 07:00:00,22144.0,22395.0,22018.0,22269.0,10705500,KBS
2025-03-10 07:00:00,22311.0,22353.0,22060.0,22102.0,8494800,KBS
2025-03-11 07:00:00,21977.0,22102.0,21810.0,22102.0,9142000,KBS
2025-03-12 07:00:00,22144.0,22311.0,21893.0,21977.0,7796200,KBS
2025-03-13 07:00:00,22018.0,22102.0,21810.0,21810.0,8885500,KBS
2025-03-14 07:00:00,21893.0,21893.0,21642.0,21726.0,11548600,KBS
2025-03-17 07:00:00,21810.0,21935.0,21726.0,21893.0,5664400,KBS
2025-03-18 07:00:00,21977.0,22186.0,21935.0,21977.0,6008500,KBS
2025-03-19 07:00:00,21977.0,21977.0,21768.0,21893.0,7913600,KBS
2025-03-20 07:00:00,22060.0,22102.0,21851.0,21935.0,4862600,KBS
2025-03-21 07:00:00,21935.0,21977.0,21810.0,21810.0,4131900,KBS
2025-03-24 07:00:00,21935.0,22018.0,21768.0,22018.0,7888300,KBS
2025-03-25 07:00:00,22060.0,22102.0,21851.0,21977.0,5597300,KBS
2025-03-26 07:00:00,21977.0,22102.0,21810.0,21851.0,7433900,KBS
2025-03-27 07:00:00,21726.0,21893.0,21684.0,21726.0,6649100,KBS
2025-03-28 07:00:00,21726.0,21768.0,21601.0,21684.0,9728600,KBS
2025-03-31 07:00:00,21601.0,21726.0,21559.0,21726.0,9126200,KBS
2025-04-01 07:00:00,21726.0,21768.0,21642.0,21768.0,3049500,KBS
2025-04-02 07:00:00,21810.0,21893.0,21642.0,21684.0,7480900,KBS
2025-04-03 07:00:00,21016.0,21183.0,20180.0,20180.0,39685300,KBS
2025-04-04 07:00:00,18968.0,19888.0,18801.0,19888.0,72249400,KBS
2025-04-08 07:00:00,19303.0,19470.0,18509.0,18509.0,43676900,KBS
2025-04-09 07:00:00,17339.0,19094.0,17339.0,18216.0,36854500,KBS
2025-04-10 07:00:00,19470.0,19470.0,19470.0,19470.0,996700,KBS
2025-04-11 07:00:00,20723.0,20807.0,20013.0,20765.0,35983500,KBS
2025-04-14 07:00:00,20765.0,21183.0,20556.0,20723.0,19363500,KBS
2025-04-15 07:00:00,20556.0,20640.0,20138.0,20138.0,14721800,KBS
2025-04-16 07:00:00,20431.0,20640.0,20180.0,20305.0,11032100,KBS
2025-04-17 07:00:00,20473.0,20514.0,20138.0,20305.0,10139900,KBS
2025-04-18 07:00:00,20473.0,20681.0,20431.0,20473.0,10996500,KBS
2025-04-21 07:00:00,20347.0,20473.0,20138.0,20138.0,7246000,KBS
2025-04-22 07:00:00,20305.0,20389.0,18927.0,20138.0,13607200,KBS
2025-04-23 07:00:00,20556.0,20556.0,20180.0,20556.0,6832100,KBS
2025-04-24 07:00:00,20389.0,20514.0,20180.0,20180.0,6476600,KBS
2025-04-25 07:00:00,20389.0,20389.0,19971.0,19971.0,13357000,KBS
2025-04-28 07:00:00,20097.0,20097.0,19929.0,20013.0,4005500,KBS
2025-04-29 07:00:00,20013.0,20222.0,20013.0,20097.0,3581800,KBS
2025-05-05 07:00:00,20264.0,20264.0,20055.0,20097.0,4629000,KBS
2025-05-06 07:00:00,20097.0,20222.0,20055.0,20055.0,8432500,KBS
2025-05-07 07:00:00,20222.0,20222.0,20013.0,20055.0,7755800,KBS
2025-05-08 07:00:00,20138.0,20180.0,20013.0,20180.0,7281600,KBS
2025-05-09 07:00:00,20431.0,20431.0,20138.0,20180.0,5618200,KBS
2025-05-12 07:00:00,20264.0,20431.0,20180.0,20389.0,9189800,KBS
2025-05-13 07:00:00,20514.0,20640.0,20431.0,20556.0,9650200,KBS
2025-05-14 07:00:00,20598.0,20849.0,20598.0,20723.0,10919100,KBS
2025-05-15 07:00:00,21308.0,21434.0,20974.0,21350.0,24647200,KBS
2025-05-16 07:00:00,21475.0,21475.0,21266.0,21266.0,10697100,KBS
2025-05-19 07:00:00,21266.0,21475.0,21141.0,21225.0,13916200,KBS
2025-05-20 07:00:00,21308.0,21434.0,21225.0,21392.0,11025800,KBS
2025-05-21 07:00:00,21517.0,21642.0,21392.0,21434.0,12362200,KBS
2025-05-22 07:00:00,21475.0,21517.0,21308.0,21350.0,18033200,KBS
2025-05-23 07:00:00,21550.0,21600.0,21450.0,21600.0,11956100,KBS
2025-05-26 07:00:00,21600.0,21650.0,21100.0,21500.0,9939200,KBS
2025-05-27 07:00:00,21600.0,21600.0,21400.0,21450.0,9317300,KBS
2025-05-28 07:00:00,21500.0,21550.0,21350.0,21400.0,7858900,KBS
2025-05-29 07:00:00,21450.0,21500.0,21300.0,21300.0,9071600,KBS
2025-05-30 07:00:00,21300.0,21350.0,21100.0,21100.0,7911500,KBS
2025-06-02 07:00:00,21100.0,21200.0,21000.0,21100.0,8187500,KBS
2025-06-03 07:00:00,21150.0,21300.0,21150.0,21250.0,7279100,KBS
2025-06-04 07:00:00,21300.0,21350.0,21100.0,21100.0,5685500,KBS
2025-06-05 07:00:00,21150.0,21200.0,21000.0,21000.0,5316500,KBS
2025-06-06 07:00:00,21050.0,21200.0,21000.0,21000.0,6783000,KBS
2025-06-09 07:00:00,21000.0,21050.0,20900.0,20950.0,5705200,KBS
2025-06-10 07:00:00,21050.0,21050.0,20900.0,20950.0,5712500,KBS
2025-06-11 07:00:00,21000.0,21050.0,20900.0,20950.0,3581900,KBS
2025-06-12 07:00:00,21050.0,21150.0,20950.0,21050.0,6547500,KBS
2025-06-13 07:00:00,21000.0,21350.0,20900.0,21050.0,10054700,KBS
2025-06-16 07:00:00,21000.0,21300.0,20950.0,21300.0,8986600,KBS
2025-06-17 07:00:00,21400.0,21450.0,21150.0,21200.0,7025500,KBS
2025-06-18 07:00:00,21200.0,21350.0,21150.0,21300.0,7425200,KBS
2025-06-19 07:00:00,21300.0,21350.0,21150.0,21300.0,7279500,KBS
2025-06-20 07:00:00,21300.0,21750.0,21300.0,21450.0,15752600,KBS
2025-06-23 07:00:00,21400.0,21450.0,21250.0,21350.0,8984400,KBS
2025-06-24 07:00:00,21450.0,21600.0,21300.0,21300.0,8571600,KBS
2025-06-25 07:00:00,21350.0,21450.0,21250.0,21250.0,7771700,KBS
2025-06-26 07:00:00,21300.0,21350.0,21150.0,21200.0,9897400,KBS
2025-06-27 07:00:00,21300.0,21300.0,21150.0,21200.0,6312400,KBS
2025-06-30 07:00:00,21250.0,21300.0,21150.0,21300.0,5858100,KBS
2025-07-01 07:00:00,21300.0,21400.0,21250.0,21300.0,7527600,KBS
2025-07-02 07:00:00,21300.0,21450.0,21250.0,21300.0,7629500,KBS
2025-07-03 07:00:00,21350.0,21600.0,21300.0,21400.0,15125500,KBS
2025-07-04 07:00:00,21450.0,22200.0,21450.0,21850.0,26955100,KBS
2025-07-07 07:00:00,22050.0,22350.0,21900.0,22250.0,17316100,KBS
2025-07-08 07:00:00,22400.0,22400.0,22100.0,22250.0,14675400,KBS
2025-07-09 07:00:00,22250.0,22500.0,22250.0,22450.0,18703900,KBS
2025-07-10 07:00:00,22650.0,22700.0,22400.0,22550.0,9132500,KBS
2025-07-11 07:00:00,22550.0,22750.0,22500.0,22700.0,15977200,KBS
2025-07-14 07:00:00,22750.0,22850.0,22350.0,22700.0,12303700,KBS
2025-07-15 07:00:00,22700.0,22800.0,22450.0,22450.0,12688100,KBS
2025-07-16 07:00:00,22450.0,22550.0,22300.0,22450.0,10934500,KBS
2025-07-17 07:00:00,22450.0,22550.0,22400.0,22450.0,15112900,KBS
2025-07-18 07:00:00,22500.0,22750.0,22400.0,22650.0,17844500,KBS
2025-07-21 07:00:00,22700.0,23100.0,22650.0,22850.0,17137200,KBS
2025-07-22 07:00:00,22850.0,22900.0,22600.0,22900.0,12037900,KBS
2025-07-23 07:00:00,23050.0,23150.0,22900.0,23000.0,15197600,KBS
2025-07-24 07:00:00,23150.0,23500.0,23100.0,23200.0,15167000,KBS
2025-07-25 07:00:00,23450.0,23700.0,23450.0,23600.0,17559600,KBS
2025-07-28 07:00:00,23700.0,23850.0,23500.0,23850.0,16870500,KBS
2025-07-29 07:00:00,23900.0,23950.0,22750.0,22750.0,34025200,KBS
2025-07-30 07:00:00,22750.0,23100.0,22700.0,23000.0,15001100,KBS
2025-07-31 07:00:00,23200.0,23250.0,22700.0,23000.0,10605400,KBS
2025-08-01 07:00:00,23000.0,23050.0,22800.0,23000.0,7316600,KBS
2025-08-04 07:00:00,23000.0,23300.0,22800.0,23300.0,11137700,KBS
2025-08-05 07:00:00,23500.0,24500.0,23300.0,23450.0,42323400,KBS
2025-08-06 07:00:00,23700.0,24400.0,23700.0,24200.0,16251000,KBS
2025-08-07 07:00:00,24400.0,24650.0,24100.0,24400.0,19097800,KBS
2025-08-08 07:00:00,24500.0,24800.0,24000.0,24250.0,15787100,KBS
2025-08-11 07:00:00,24300.0,24700.0,24250.0,24400.0,16056300,KBS
2025-08-12 07:00:00,24500.0,24550.0,24100.0,24250.0,14628100,KBS
2025-08-13 07:00:00,24400.0,24650.0,24150.0,24500.0,19292100,KBS
2025-08-14 07:00:00,24750.0,26200.0,24700.0,26200.0,34889500,KBS
2025-08-15 07:00:00,27300.0,27600.0,26350.0,26550.0,29322600,KBS
2025-08-18 07:00:00,26800.0,27500.0,26350.0,27050.0,28477800,KBS
2025-08-19 07:00:00,27050.0,28700.0,27000.0,28450.0,41181100,KBS
2025-08-20 07:00:00,28500.0,28500.0,26900.0,28000.0,33270000,KBS
2025-08-21 07:00:00,28300.0,29500.0,28000.0,29450.0,45796400,KBS
2025-08-22 07:00:00,29000.0,29400.0,27650.0,27850.0,43014300,KBS
2025-08-25 07:00:00,28200.0,28400.0,25950.0,26200.0,37410300,KBS
2025-08-26 07:00:00,26250.0,27400.0,26100.0,27350.0,20812100,KBS
2025-08-27 07:00:00,27800.0,28600.0,27550.0,27650.0,18831800,KBS
2025-08-28 07:00:00,27800.0,28150.0,27100.0,27550.0,13927700,KBS
2025-08-29 07:00:00,27750.0,28400.0,27500.0,27800.0,21625300,KBS
2025-09-03 07:00:00,27700.0,27750.0,27200.0,27500.0,18715200,KBS
2025-09-04 07:00:00,27600.0,27750.0,27400.0,27650.0,11279900,KBS
2025-09-05 07:00:00,27950.0,28050.0,27150.0,27150.0,23539400,KBS
2025-09-08 07:00:00,27000.0,27600.0,26550.0,26550.0,26152700,KBS
2025-09-09 07:00:00,26950.0,26950.0,26450.0,26550.0,15204500,KBS
2025-09-10 07:00:00,26700.0,26850.0,26450.0,26550.0,14091100,KBS
2025-09-11 07:00:00,26500.0,26550.0,25800.0,26200.0,20449900,KBS
2025-09-12 07:00:00,26550.0,26650.0,26200.0,26300.0,12219900,KBS
2025-09-15 07:00:00,26300.0,26650.0,26100.0,26400.0,27899800,KBS
2025-09-16 07:00:00,26600.0,26600.0,26200.0,26400.0,40108800,KBS
2025-09-17 07:00:00,26400.0,26450.0,26050.0,26150.0,13049100,KBS
2025-09-18 07:00:00,26200.0,26200.0,25550.0,25550.0,21848000,KBS
2025-09-19 07:00:00,25800.0,25800.0,25300.0,25350.0,13429700,KBS
2025-09-22 07:00:00,25450.0,25450.0,25050.0,25150.0,19404800,KBS
2025-09-23 07:00:00,25150.0,25700.0,25150.0,25350.0,9385500,KBS
2025-09-24 07:00:00,25500.0,26000.0,25250.0,26000.0,10853300,KBS
2025-09-25 07:00:00,26150.0,26150.0,25650.0,25650.0,8158200,KBS
2025-09-26 07:00:00,25650.0,25750.0,25450.0,25650.0,8974500,KBS
2025-09-29 07:00:00,25550.0,25800.0,25350.0,25600.0,8265200,KBS
2025-09-30 07:00:00,25750.0,25800.0,25450.0,25500.0,9277900,KBS
2025-10-01 07:00:00,25700.0,25950.0,25550.0,25800.0,10480500,KBS
2025-10-02 07:00:00,25900.0,26200.0,25700.0,25750.0,10937500,KBS
2025-10-03 07:00:00,25750.0,25850.0,25500.0,25650.0,9813400,KBS
2025-10-06 07:00:00,26150.0,26800.0,25900.0,26800.0,20288600,KBS
2025-10-07 07:00:00,26900.0,26900.0,26450.0,26450.0,12389800,KBS
2025-10-08 07:00:00,26650.0,26850.0,26600.0,26750.0,18228000,KBS
2025-10-09 07:00:00,26800.0,26950.0,26600.0,26950.0,16388600,KBS
2025-10-10 07:00:00,27050.0,27200.0,26800.0,26950.0,16337400,KBS
2025-10-13 07:00:00,26550.0,26800.0,26400.0,26750.0,18373300,KBS
2025-10-14 07:00:00,26750.0,26950.0,26250.0,26300.0,18531600,KBS
2025-10-15 07:00:00,26400.0,26650.0,26150.0,26300.0,14416100,KBS
2025-10-16 07:00:00,26400.0,26550.0,26150.0,26300.0,13461000,KBS
2025-10-17 07:00:00,26300.0,26400.0,25750.0,25750.0,16289600,KBS
2025-10-20 07:00:00,25600.0,25650.0,24600.0,24800.0,32231800,KBS
2025-10-21 07:00:00,24850.0,25300.0,24850.0,25000.0,19371400,KBS
2025-10-22 07:00:00,25200.0,25300.0,24650.0,25100.0,15620500,KBS
2025-10-23 07:00:00,25100.0,25200.0,24950.0,24950.0,8751200,KBS
2025-10-24 07:00:00,24950.0,25300.0,24800.0,25000.0,11724500,KBS
2025-10-27 07:00:00,25300.0,25550.0,24950.0,25000.0,10208700,KBS
2025-10-28 07:00:00,25100.0,25400.0,25050.0,25400.0,10305300,KBS
2025-10-29 07:00:00,25400.0,25550.0,25300.0,25400.0,6350700,KBS
2025-10-30 07:00:00,25500.0,25700.0,25000.0,25100.0,9309300,KBS
2025-10-31 07:00:00,25300.0,25500.0,25050.0,25500.0,12748200,KBS
2025-11-03 07:00:00,25400.0,25900.0,25300.0,25450.0,13864900,KBS
2025-11-04 07:00:00,25450.0,26100.0,25400.0,26000.0,17972000,KBS
2025-11-05 07:00:00,25800.0,25900.0,25550.0,25600.0,6212200,KBS
2025-11-06 07:00:00,25550.0,25700.0,25300.0,25300.0,6525200,KBS
2025-11-07 07:00:00,25250.0,25300.0,24850.0,24900.0,12107200,KBS
2025-11-10 07:00:00,24900.0,25200.0,24700.0,24800.0,7222900,KBS
2025-11-11 07:00:00,24850.0,25050.0,24800.0,24850.0,6962300,KBS
2025-11-12 07:00:00,25000.0,25200.0,24800.0,25200.0,6319100,KBS
2025-11-13 07:00:00,25200.0,25200.0,25000.0,25100.0,5637200,KBS
2025-11-14 07:00:00,25100.0,25100.0,24900.0,24950.0,6763400,KBS
2025-11-17 07:00:00,25000.0,25150.0,24950.0,25150.0,3945100,KBS
2025-11-18 07:00:00,25200.0,25400.0,25050.0,25100.0,6387000,KBS
2025-11-19 07:00:00,25150.0,25150.0,24850.0,24900.0,5994400,KBS
2025-11-20 07:00:00,25000.0,25000.0,24800.0,24800.0,6153200,KBS
2025-11-21 07:00:00,24750.0,24850.0,24600.0,24700.0,7299200,KBS
2025-11-24 07:00:00,24700.0,24850.0,24600.0,24600.0,7081700,KBS
2025-11-25 07:00:00,24650.0,24700.0,24100.0,24200.0,15856700,KBS
2025-11-26 07:00:00,24200.0,24400.0,24150.0,24200.0,9003200,KBS
2025-11-27 07:00:00,24450.0,24500.0,24300.0,24350.0,7791600,KBS
2025-11-28 07:00:00,24350.0,24450.0,24250.0,24250.0,5358800,KBS
2025-12-01 07:00:00,24300.0,24350.0,24000.0,24000.0,9243000,KBS
2025-12-02 07:00:00,24050.0,24150.0,23850.0,23950.0,15503200,KBS
2025-12-03 07:00:00,24000.0,24550.0,24000.0,24450.0,16051700,KBS
2025-12-04 07:00:00,24550.0,25000.0,24500.0,24900.0,12219800,KBS
2025-12-05 07:00:00,24900.0,25000.0,24350.0,24350.0,8994300,KBS
2025-12-08 07:00:00,24250.0,24450.0,24200.0,24200.0,4935600,KBS
2025-12-09 07:00:00,24200.0,24250.0,24000.0,24100.0,11326500,KBS
2025-12-10 07:00:00,24150.0,24300.0,24050.0,24100.0,5460100,KBS
2025-12-11 07:00:00,24250.0,24250.0,23950.0,23950.0,7525800,KBS
2025-12-12 07:00:00,24050.0,24100.0,23500.0,23500.0,13924900,KBS
2025-12-15 07:00:00,23500.0,23600.0,23450.0,23550.0,9317100,KBS
2025-12-16 07:00:00,23550.0,24800.0,23450.0,24000.0,9830200,KBS
2025-12-17 07:00:00,24050.0,24150.0,23900.0,24000.0,6430600,KBS
2025-12-18 07:00:00,24000.0,24000.0,23800.0,23850.0,3558000,KBS
2025-12-19 07:00:00,23900.0,24050.0,23850.0,23900.0,3538700,KBS
2025-12-22 07:00:00,24000.0,24450.0,23900.0,24300.0,10013100,KBS
2025-12-23 07:00:00,24450.0,24600.0,23950.0,24200.0,8578300,KBS
2025-12-24 07:00:00,24150.0,24450.0,23950.0,24300.0,8709200,KBS
2025-12-25 07:00:00,24300.0,24600.0,24000.0,24000.0,7250600,KBS
2025-12-26 07:00:00,23900.0,24050.0,23650.0,23900.0,7831900,KBS
2025-12-29 07:00:00,23850.0,24100.0,23800.0,24000.0,3770400,KBS
2025-12-30 07:00:00,24000.0,24200.0,23900.0,24100.0,5337300,KBS
2025-12-31 07:00:00,24150.0,24250.0,23900.0,24000.0,5932900,KBS
2026-01-05 07:00:00,24000.0,24100.0,23850.0,24000.0,8986200,KBS
2026-01-06 07:00:00,24050.0,24100.0,23750.0,24000.0,12736300,KBS
2026-01-07 07:00:00,24200.0,24750.0,24100.0,24650.0,22731900,KBS
2026-01-08 07:00:00,24750.0,25050.0,24500.0,24550.0,24925700,KBS
2026-01-09 07:00:00,24700.0,24950.0,24500.0,24550.0,16460000,KBS
2026-01-12 07:00:00,24650.0,25500.0,24650.0,25500.0,22302500,KBS
2026-01-13 07:00:00,25700.0,25800.0,24900.0,24900.0,24138300,KBS
2026-01-14 07:00:00,25000.0,25150.0,24500.0,24650.0,19456100,KBS
2026-01-15 07:00:00,24850.0,24900.0,24550.0,24900.0,14169900,KBS
2026-01-16 07:00:00,25000.0,25100.0,24650.0,24850.0,10941400,KBS
2026-01-19 07:00:00,24900.0,25150.0,24750.0,25100.0,10927600,KBS
2026-01-20 07:00:00,25100.0,25300.0,25000.0,25050.0,18384900,KBS
2026-01-21 07:00:00,25000.0,25150.0,24750.0,24850.0,12924400,KBS
2026-01-22 07:00:00,24900.0,25050.0,24800.0,24850.0,10084800,KBS
2026-01-23 07:00:00,25000.0,25100.0,24900.0,25050.0,11781000,KBS
2026-01-26 07:00:00,25050.0,25100.0,24650.0,24800.0,13742900,KBS
2026-01-27 07:00:00,24600.0,24800.0,24450.0,24700.0,12471600,KBS
2026-01-28 07:00:00,24450.0,24500.0,23850.0,23900.0,32294900,KBS
2026-01-29 07:00:00,24000.0,24150.0,23750.0,23800.0,20344800,KBS
2026-01-30 07:00:00,23850.0,24100.0,23800.0,24100.0,15667300,KBS
2026-02-02 07:00:00,24050.0,24050.0,23700.0,23750.0,14303300,KBS
2026-02-03 07:00:00,23800.0,23900.0,23700.0,23700.0,17659700,KBS
2026-02-04 07:00:00,23700.0,23800.0,23550.0,23600.0,17881700,KBS
2026-02-05 07:00:00,23650.0,23700.0,23450.0,23450.0,14043600,KBS
2026-02-06 07:00:00,23400.0,23450.0,23000.0,23000.0,18597300,KBS
2026-02-09 07:00:00,23200.0,23350.0,22900.0,22950.0,11128300,KBS
2026-02-10 07:00:00,23100.0,23150.0,22850.0,23000.0,14120400,KBS
2026-02-11 07:00:00,23050.0,23650.0,23050.0,23650.0,17796900,KBS
2026-02-12 07:00:00,23650.0,23850.0,23550.0,23850.0,17469600,KBS
2026-02-13 07:00:00,23850.0,23900.0,23700.0,23850.0,13629700,KBS
2026-02-23 07:00:00,24000.0,24100.0,23850.0,24050.0,11535400,KBS
2026-02-24 07:00:00,24100.0,24100.0,24000.0,24000.0,13798400,KBS
2026-02-25 07:00:00,24100.0,24450.0,24050.0,24450.0,16965000,KBS
2026-02-26 07:00:00,24500.0,24550.0,24250.0,24450.0,13367200,KBS
2026-02-27 07:00:00,24450.0,24600.0,24200.0,24550.0,11051000,KBS
2026-03-02 07:00:00,24000.0,24200.0,23900.0,23950.0,19337800,KBS
2026-03-03 07:00:00,23950.0,24250.0,23500.0,23500.0,14088200,KBS
2026-03-04 07:00:00,23500.0,23600.0,23100.0,23200.0,21996800,KBS
2026-03-05 07:00:00,23500.0,23550.0,23200.0,23550.0,9923300,KBS
2026-03-06 07:00:00,23500.0,23600.0,23200.0,23300.0,11699100,KBS
2026-03-09 07:00:00,22100.0,22650.0,21700.0,21700.0,35451400,KBS
2026-03-10 07:00:00,22550.0,23200.0,22000.0,23150.0,23159600,KBS
2026-03-11 07:00:00,23050.0,23600.0,23000.0,23200.0,18301200,KBS
2026-03-12 07:00:00,23000.0,23250.0,22600.0,23150.0,15668600,KBS
2026-03-13 07:00:00,22950.0,23450.0,22800.0,23450.0,15525700,KBS
2026-03-16 07:00:00,23400.0,23450.0,23250.0,23450.0,9534100,KBS
2026-03-17 07:00:00,23500.0,23850.0,23500.0,23750.0,9847800,KBS
2026-03-18 07:00:00,23750.0,23900.0,23550.0,23750.0,10506600,KBS
2026-03-19 07:00:00,23500.0,23800.0,23250.0,23600.0,16614600,KBS
2026-03-20 07:00:00,23400.0,23500.0,23000.0,23000.0,13775200,KBS
2026-03-23 07:00:00,22950.0,22950.0,22450.0,22500.0,15858400,KBS
2026-03-24 07:00:00,22750.0,23100.0,22750.0,23100.0,14004000,KBS
2026-03-25 07:00:00,23200.0,23800.0,23150.0,23800.0,12449400,KBS
2026-03-26 07:00:00,23700.0,23700.0,23300.0,23600.0,8294500,KBS
2026-03-27 07:00:00,23400.0,23800.0,23300.0,23800.0,7638400,KBS
2026-03-30 07:00:00,23300.0,23800.0,23300.0,23750.0,7414700,KBS
2026-03-31 07:00:00,23650.0,23850.0,23450.0,23550.0,13096000,KBS
2026-04-01 07:00:00,23850.0,23900.0,23700.0,23800.0,9883500,KBS
2026-04-02 07:00:00,23700.0,23700.0,23300.0,23600.0,9767900,KBS
2026-04-03 07:00:00,23600.0,23700.0,23250.0,23500.0,11386300,KBS
2026-04-06 07:00:00,23500.0,23500.0,23200.0,23250.0,5554000,KBS
2026-04-07 07:00:00,23250.0,23400.0,23150.0,23200.0,10472700,KBS
2026-04-08 07:00:00,23700.0,24150.0,23550.0,24100.0,19727300,KBS
2026-04-09 07:00:00,24050.0,24050.0,23750.0,23850.0,5141500,KBS
2026-04-10 07:00:00,24100.0,24200.0,23850.0,23850.0,8136300,KBS
2026-04-13 07:00:00,23800.0,24000.0,23550.0,23750.0,8083900,KBS
2026-04-14 07:00:00,23950.0,24150.0,23800.0,24000.0,15449600,KBS
2026-04-15 07:00:00,24150.0,24200.0,23800.0,23800.0,7254600,KBS
2026-04-16 07:00:00,23900.0,23900.0,23600.0,23650.0,8623100,KBS
2026-04-17 07:00:00,23700.0,23850.0,23650.0,23750.0,6073500,KBS
2026-04-20 07:00:00,23850.0,24000.0,23750.0,23950.0,8670200,KBS
2026-04-21 07:00:00,24000.0,24050.0,23750.0,23750.0,6823700,KBS
2026-04-22 07:00:00,23750.0,23800.0,23550.0,23600.0,8805900,KBS
2026-04-23 07:00:00,23550.0,23900.0,23500.0,23500.0,14035700,KBS
2026-04-24 07:00:00,23550.0,23600.0,23300.0,23400.0,17478700,KBS
2026-04-28 07:00:00,23400.0,23500.0,23350.0,23500.0,7240400,KBS
2026-04-29 07:00:00,23500.0,23550.0,23300.0,23500.0,8936800,KBS
2026-05-04 07:00:00,23550.0,23550.0,23100.0,23100.0,12018500,KBS
2026-05-05 07:00:00,23100.0,23150.0,22500.0,22600.0,28808700,KBS
2026-05-06 07:00:00,22650.0,23250.0,22650.0,23100.0,19398600,KBS
2026-05-07 07:00:00,23100.0,23200.0,22850.0,22900.0,20236200,KBS
2026-05-08 07:00:00,22900.0,23050.0,22850.0,22850.0,15734200,KBS
2026-05-11 07:00:00,23000.0,23000.0,22750.0,22750.0,12866600,KBS
2026-05-12 07:00:00,22800.0,22850.0,22650.0,22700.0,10943200,KBS
2026-05-13 07:00:00,22700.0,22750.0,22400.0,22500.0,21238100,KBS
2026-05-14 07:00:00,22500.0,22900.0,22500.0,22800.0,16144400,KBS
2026-05-15 07:00:00,22800.0,23350.0,22800.0,23300.0,21591900,KBS
2026-05-18 07:00:00,23100.0,23250.0,22900.0,23000.0,11124600,KBS
2026-05-19 07:00:00,23000.0,23100.0,22800.0,22800.0,15520700,KBS
2026-05-20 07:00:00,22800.0,22800.0,22450.0,22650.0,22390400,KBS
2026-05-21 07:00:00,22700.0,22900.0,22650.0,22800.0,13391700,KBS
2026-05-22 07:00:00,22800.0,22950.0,22700.0,22850.0,10675400,KBS
2026-05-25 07:00:00,22950.0,23600.0,22950.0,23550.0,30477300,KBS
2026-05-26 07:00:00,23600.0,24900.0,23550.0,24800.0,58824300,KBS
2026-05-27 07:00:00,24850.0,25450.0,24550.0,25200.0,40506300,KBS
2026-05-28 07:00:00,25100.0,25300.0,24650.0,24650.0,21718800,KBS
2026-05-29 07:00:00,24500.0,25200.0,24500.0,24900.0,16936300,KBS
2026-06-01 07:00:00,24900.0,25050.0,24550.0,24900.0,15967100,KBS
2026-06-02 07:00:00,24900.0,25400.0,24750.0,25100.0,33097100,KBS
2026-06-03 07:00:00,24900.0,26200.0,24900.0,26000.0,60761100,KBS
2026-06-04 07:00:00,26000.0,26500.0,25900.0,26250.0,46895000,KBS
2026-06-05 07:00:00,26200.0,26300.0,25850.0,26150.0,27586000,KBS
