date,open,high,low,close,volume,_source
2020-01-02 07:00:00,7208.0,7302.0,7145.0,7271.0,25720,KBS
2020-01-03 07:00:00,7271.0,7333.0,7239.0,7239.0,11670,KBS
2020-01-06 07:00:00,7333.0,7333.0,7208.0,7208.0,24300,KBS
2020-01-07 07:00:00,7302.0,7302.0,7239.0,7271.0,14960,KBS
2020-01-08 07:00:00,7333.0,7333.0,7114.0,7114.0,45200,KBS
2020-01-09 07:00:00,7208.0,7239.0,7083.0,7114.0,41110,KBS
2020-01-10 07:00:00,7114.0,7208.0,7114.0,7145.0,43790,KBS
2020-01-13 07:00:00,7145.0,7177.0,7145.0,7177.0,213010,KBS
2020-01-14 07:00:00,7208.0,7239.0,7145.0,7239.0,15910,KBS
2020-01-15 07:00:00,7239.0,7271.0,7208.0,7208.0,14930,KBS
2020-01-16 07:00:00,7333.0,7333.0,7208.0,7333.0,20160,KBS
2020-01-17 07:00:00,7302.0,7365.0,7302.0,7365.0,394980,KBS
2020-01-20 07:00:00,7365.0,7459.0,7333.0,7427.0,48810,KBS
2020-01-21 07:00:00,7490.0,7553.0,7396.0,7490.0,130970,KBS
2020-01-22 07:00:00,7521.0,7709.0,7459.0,7584.0,10650,KBS
2020-01-30 07:00:00,7584.0,7584.0,7459.0,7459.0,35610,KBS
2020-01-31 07:00:00,7459.0,7459.0,7145.0,7145.0,42230,KBS
2020-02-03 07:00:00,7145.0,7145.0,6675.0,6675.0,97780,KBS
2020-02-04 07:00:00,6675.0,6895.0,6211.0,6393.0,161570,KBS
2020-02-05 07:00:00,6393.0,6613.0,6218.0,6268.0,170960,KBS
2020-02-06 07:00:00,6268.0,6581.0,6268.0,6581.0,80340,KBS
2020-02-07 07:00:00,6581.0,6581.0,6299.0,6518.0,22040,KBS
2020-02-10 07:00:00,6581.0,6581.0,6456.0,6518.0,11340,KBS
2020-02-11 07:00:00,6581.0,6675.0,6518.0,6675.0,42070,KBS
2020-02-12 07:00:00,6738.0,6895.0,6675.0,6895.0,45350,KBS
2020-02-13 07:00:00,6895.0,7083.0,6895.0,7020.0,127880,KBS
2020-02-14 07:00:00,7020.0,7271.0,7020.0,7177.0,34370,KBS
2020-02-17 07:00:00,7208.0,7427.0,7208.0,7365.0,39880,KBS
2020-02-18 07:00:00,7521.0,7521.0,7459.0,7521.0,22480,KBS
2020-02-19 07:00:00,7584.0,7584.0,7396.0,7396.0,32140,KBS
2020-02-20 07:00:00,7427.0,7584.0,7427.0,7521.0,56110,KBS
2020-02-21 07:00:00,7521.0,7772.0,7490.0,7521.0,53870,KBS
2020-02-24 07:00:00,7490.0,7490.0,7302.0,7333.0,54230,KBS
2020-02-25 07:00:00,7333.0,7521.0,7333.0,7521.0,15990,KBS
2020-02-26 07:00:00,7521.0,7521.0,7427.0,7521.0,52790,KBS
2020-02-27 07:00:00,7521.0,7615.0,7521.0,7615.0,92290,KBS
2020-02-28 07:00:00,7584.0,7584.0,7365.0,7584.0,52010,KBS
2020-03-02 07:00:00,7584.0,7584.0,7521.0,7584.0,610,KBS
2020-03-03 07:00:00,7647.0,7709.0,7490.0,7490.0,14600,KBS
2020-03-04 07:00:00,7490.0,7521.0,7459.0,7521.0,25420,KBS
2020-03-05 07:00:00,7521.0,7615.0,7521.0,7553.0,73970,KBS
2020-03-06 07:00:00,7553.0,7678.0,7553.0,7678.0,29450,KBS
2020-03-09 07:00:00,7615.0,7615.0,7333.0,7396.0,70420,KBS
2020-03-10 07:00:00,7584.0,7584.0,6895.0,7521.0,74040,KBS
2020-03-11 07:00:00,7584.0,7584.0,7333.0,7333.0,88590,KBS
2020-03-12 07:00:00,7333.0,7396.0,7051.0,7145.0,47600,KBS
2020-03-13 07:00:00,7083.0,7145.0,6675.0,7145.0,56790,KBS
2020-03-16 07:00:00,7145.0,7145.0,6707.0,7020.0,4740,KBS
2020-03-17 07:00:00,6707.0,7177.0,6707.0,6989.0,25850,KBS
2020-03-18 07:00:00,7020.0,7208.0,7020.0,7020.0,23920,KBS
2020-03-19 07:00:00,7177.0,7177.0,6989.0,7020.0,14120,KBS
2020-03-20 07:00:00,7083.0,7083.0,6895.0,7020.0,4910,KBS
2020-03-23 07:00:00,7020.0,7020.0,6550.0,6550.0,197480,KBS
2020-03-24 07:00:00,6550.0,6675.0,6362.0,6393.0,32150,KBS
2020-03-25 07:00:00,6393.0,6707.0,6393.0,6707.0,17410,KBS
2020-03-26 07:00:00,6707.0,6832.0,6581.0,6581.0,6200,KBS
2020-03-27 07:00:00,6581.0,6581.0,6393.0,6393.0,18260,KBS
2020-03-30 07:00:00,6393.0,6393.0,6262.0,6262.0,31490,KBS
2020-03-31 07:00:00,6268.0,6393.0,5835.0,6268.0,338320,KBS
2020-04-01 07:00:00,6268.0,6456.0,6142.0,6393.0,59250,KBS
2020-04-03 07:00:00,6456.0,6456.0,6268.0,6456.0,57460,KBS
2020-04-06 07:00:00,6456.0,6707.0,6456.0,6707.0,14230,KBS
2020-04-07 07:00:00,6707.0,6832.0,6644.0,6832.0,4150,KBS
2020-04-08 07:00:00,6707.0,6895.0,6707.0,6707.0,86630,KBS
2020-04-09 07:00:00,7145.0,7145.0,6769.0,6769.0,305970,KBS
2020-04-10 07:00:00,6832.0,6832.0,6581.0,6675.0,256030,KBS
2020-04-13 07:00:00,6675.0,6675.0,6393.0,6393.0,280650,KBS
2020-04-14 07:00:00,6393.0,6832.0,6393.0,6832.0,515940,KBS
2020-04-15 07:00:00,6895.0,7145.0,6895.0,7020.0,504800,KBS
2020-04-16 07:00:00,7020.0,7490.0,6895.0,7490.0,605660,KBS
2020-04-17 07:00:00,7709.0,7991.0,7490.0,7678.0,655570,KBS
2020-04-20 07:00:00,7709.0,8211.0,7490.0,8148.0,1005050,KBS
2020-04-21 07:00:00,8023.0,8336.0,7584.0,7584.0,693270,KBS
2020-04-22 07:00:00,7239.0,7835.0,7177.0,7835.0,563130,KBS
2020-04-23 07:00:00,8023.0,8085.0,7584.0,7584.0,272160,KBS
2020-04-24 07:00:00,7647.0,7647.0,7302.0,7490.0,343540,KBS
2020-04-27 07:00:00,7490.0,7741.0,7459.0,7678.0,249230,KBS
2020-04-28 07:00:00,7709.0,8085.0,7647.0,8085.0,384940,KBS
2020-04-29 07:00:00,7897.0,8148.0,7866.0,7897.0,356070,KBS
2020-05-04 07:00:00,7866.0,7929.0,7396.0,7396.0,278160,KBS
2020-05-05 07:00:00,7396.0,7490.0,7333.0,7396.0,223280,KBS
2020-05-06 07:00:00,7396.0,7647.0,7365.0,7521.0,287510,KBS
2020-05-07 07:00:00,7584.0,7584.0,7302.0,7365.0,367750,KBS
2020-05-08 07:00:00,7365.0,7584.0,7208.0,7239.0,728330,KBS
2020-05-11 07:00:00,7239.0,7333.0,7177.0,7239.0,432920,KBS
2020-05-12 07:00:00,7302.0,7709.0,7239.0,7490.0,431530,KBS
2020-05-13 07:00:00,7490.0,7647.0,7396.0,7490.0,535900,KBS
2020-05-14 07:00:00,7459.0,7521.0,7396.0,7521.0,302030,KBS
2020-05-15 07:00:00,7521.0,7521.0,7302.0,7333.0,241480,KBS
2020-05-18 07:00:00,7365.0,7365.0,7208.0,7302.0,353080,KBS
2020-05-19 07:00:00,7333.0,7678.0,7271.0,7302.0,948660,KBS
2020-05-20 07:00:00,7396.0,7803.0,7333.0,7803.0,1836780,KBS
2020-05-21 07:00:00,8117.0,8148.0,7772.0,7960.0,1219720,KBS
2020-05-22 07:00:00,7835.0,8117.0,7709.0,7866.0,804480,KBS
2020-05-25 07:00:00,7835.0,8399.0,7772.0,8399.0,1447990,KBS
2020-05-26 07:00:00,8462.0,8524.0,8211.0,8336.0,745540,KBS
2020-05-27 07:00:00,8367.0,8524.0,7960.0,7960.0,772150,KBS
2020-05-28 07:00:00,8117.0,8367.0,8085.0,8305.0,968160,KBS
2020-05-29 07:00:00,8399.0,8430.0,8148.0,8273.0,384580,KBS
2020-06-01 07:00:00,8273.0,8838.0,8211.0,8681.0,1218630,KBS
2020-06-02 07:00:00,8650.0,8744.0,8148.0,8211.0,798670,KBS
2020-06-03 07:00:00,8211.0,8399.0,8211.0,8399.0,357390,KBS
2020-06-04 07:00:00,8399.0,8493.0,8273.0,8336.0,450620,KBS
2020-06-05 07:00:00,8273.0,8462.0,8211.0,8462.0,350860,KBS
2020-06-08 07:00:00,8587.0,8681.0,8399.0,8493.0,690940,KBS
2020-06-09 07:00:00,8524.0,8744.0,8430.0,8587.0,562380,KBS
2020-06-10 07:00:00,8587.0,8650.0,8462.0,8524.0,503770,KBS
2020-06-11 07:00:00,8524.0,8618.0,7929.0,7929.0,1355710,KBS
2020-06-12 07:00:00,7459.0,7835.0,7459.0,7772.0,681510,KBS
2020-06-15 07:00:00,7772.0,7866.0,7459.0,7459.0,531600,KBS
2020-06-16 07:00:00,7647.0,7741.0,7459.0,7709.0,337480,KBS
2020-06-17 07:00:00,7709.0,7897.0,7678.0,7803.0,285180,KBS
2020-06-18 07:00:00,7647.0,7803.0,7647.0,7741.0,156750,KBS
2020-06-19 07:00:00,7741.0,7929.0,7741.0,7929.0,384570,KBS
2020-06-22 07:00:00,7960.0,8462.0,7960.0,8430.0,727130,KBS
2020-06-23 07:00:00,8399.0,8493.0,8023.0,8211.0,289050,KBS
2020-06-24 07:00:00,8211.0,8242.0,7897.0,7960.0,436590,KBS
2020-06-25 07:00:00,8126.0,8325.0,7960.0,8292.0,802150,KBS
2020-06-26 07:00:00,8292.0,8424.0,8026.0,8060.0,303240,KBS
2020-06-29 07:00:00,7960.0,7960.0,7695.0,7761.0,347630,KBS
2020-06-30 07:00:00,7761.0,7894.0,7628.0,7628.0,264510,KBS
2020-07-01 07:00:00,7794.0,7894.0,7628.0,7827.0,186260,KBS
2020-07-02 07:00:00,7827.0,7827.0,7695.0,7728.0,161720,KBS
2020-07-03 07:00:00,7794.0,7794.0,7695.0,7761.0,190910,KBS
2020-07-06 07:00:00,7894.0,8093.0,7794.0,7894.0,188430,KBS
2020-07-07 07:00:00,7894.0,7960.0,7728.0,7728.0,180130,KBS
2020-07-08 07:00:00,7728.0,7927.0,7728.0,7794.0,124220,KBS
2020-07-09 07:00:00,7794.0,7927.0,7794.0,7861.0,175020,KBS
2020-07-10 07:00:00,7827.0,7927.0,7794.0,7827.0,194440,KBS
2020-07-13 07:00:00,7794.0,7960.0,7794.0,7794.0,132360,KBS
2020-07-14 07:00:00,7794.0,7861.0,7761.0,7861.0,123220,KBS
2020-07-15 07:00:00,7960.0,7993.0,7861.0,7960.0,173520,KBS
2020-07-16 07:00:00,7993.0,8060.0,7894.0,7927.0,230510,KBS
2020-07-17 07:00:00,7960.0,8358.0,7927.0,8292.0,927160,KBS
2020-07-20 07:00:00,8325.0,8325.0,8093.0,8159.0,469650,KBS
2020-07-21 07:00:00,8159.0,8325.0,8126.0,8259.0,226670,KBS
2020-07-22 07:00:00,8192.0,8424.0,8192.0,8192.0,394350,KBS
2020-07-23 07:00:00,8225.0,8225.0,8026.0,8026.0,184560,KBS
2020-07-24 07:00:00,7960.0,8026.0,7496.0,7628.0,662630,KBS
2020-07-27 07:00:00,7297.0,7628.0,7131.0,7131.0,632080,KBS
2020-07-28 07:00:00,7297.0,7628.0,7297.0,7628.0,238410,KBS
2020-07-29 07:00:00,7695.0,7695.0,7363.0,7496.0,493620,KBS
2020-07-30 07:00:00,7496.0,7695.0,7496.0,7562.0,165250,KBS
2020-07-31 07:00:00,7562.0,7628.0,7297.0,7496.0,251340,KBS
2020-08-03 07:00:00,7496.0,7861.0,7496.0,7861.0,230180,KBS
2020-08-04 07:00:00,7960.0,8093.0,7861.0,8093.0,295120,KBS
2020-08-05 07:00:00,8093.0,8159.0,7960.0,8093.0,375830,KBS
2020-08-06 07:00:00,8093.0,8126.0,7993.0,8093.0,292650,KBS
2020-08-07 07:00:00,8060.0,8491.0,8026.0,8358.0,917980,KBS
2020-08-10 07:00:00,8424.0,8922.0,8424.0,8822.0,1300500,KBS
2020-08-11 07:00:00,8822.0,9121.0,8657.0,9021.0,589310,KBS
2020-08-12 07:00:00,8889.0,9021.0,8822.0,8889.0,591130,KBS
2020-08-13 07:00:00,8889.0,9220.0,8822.0,9021.0,582730,KBS
2020-08-14 07:00:00,9088.0,9121.0,8723.0,8822.0,544460,KBS
2020-08-17 07:00:00,8789.0,8889.0,8690.0,8856.0,272070,KBS
2020-08-18 07:00:00,8856.0,9220.0,8856.0,9187.0,890370,KBS
2020-08-19 07:00:00,9121.0,9618.0,9121.0,9486.0,1244880,KBS
2020-08-20 07:00:00,9486.0,9618.0,9220.0,9353.0,555690,KBS
2020-08-21 07:00:00,9453.0,9751.0,9419.0,9685.0,771910,KBS
2020-08-24 07:00:00,9950.0,10348.0,9817.0,10348.0,947590,KBS
2020-08-25 07:00:00,10547.0,10613.0,10249.0,10249.0,958550,KBS
2020-08-26 07:00:00,10050.0,10746.0,10050.0,10448.0,595740,KBS
2020-08-27 07:00:00,10448.0,10746.0,10315.0,10315.0,530470,KBS
2020-08-28 07:00:00,10348.0,10414.0,10016.0,10116.0,726960,KBS
2020-08-31 07:00:00,10149.0,10779.0,9884.0,10481.0,772200,KBS
2020-09-01 07:00:00,10580.0,10613.0,10348.0,10381.0,224770,KBS
2020-09-03 07:00:00,10414.0,10481.0,10182.0,10381.0,355500,KBS
2020-09-04 07:00:00,10083.0,10282.0,9950.0,10083.0,756420,KBS
2020-09-07 07:00:00,10083.0,10282.0,9817.0,9817.0,649770,KBS
2020-09-08 07:00:00,9950.0,10116.0,9817.0,9950.0,387070,KBS
2020-09-09 07:00:00,9884.0,10613.0,9817.0,10580.0,1334750,KBS
2020-09-10 07:00:00,10613.0,10647.0,10381.0,10580.0,548110,KBS
2020-09-11 07:00:00,10481.0,11244.0,10414.0,11177.0,1236080,KBS
2020-09-14 07:00:00,11177.0,11509.0,11144.0,11244.0,961130,KBS
2020-09-15 07:00:00,11277.0,11376.0,11111.0,11177.0,602990,KBS
2020-09-16 07:00:00,11111.0,11177.0,10978.0,11078.0,375020,KBS
2020-09-17 07:00:00,11078.0,11277.0,10812.0,11244.0,619660,KBS
2020-09-18 07:00:00,11244.0,11244.0,11078.0,11144.0,287060,KBS
2020-09-21 07:00:00,11144.0,11177.0,10746.0,10779.0,814990,KBS
2020-09-22 07:00:00,10680.0,11011.0,10613.0,10846.0,783320,KBS
2020-09-23 07:00:00,10846.0,10978.0,10779.0,10812.0,821140,KBS
2020-09-24 07:00:00,10713.0,11011.0,10713.0,10912.0,792030,KBS
2020-09-25 07:00:00,10879.0,10879.0,10713.0,10812.0,710440,KBS
2020-09-28 07:00:00,10812.0,11409.0,10812.0,11409.0,1286860,KBS
2020-09-29 07:00:00,11409.0,11741.0,11011.0,11144.0,1278670,KBS
2020-09-30 07:00:00,11144.0,11343.0,10879.0,11277.0,542720,KBS
2020-10-01 07:00:00,11277.0,11542.0,11144.0,11542.0,892600,KBS
2020-10-02 07:00:00,11542.0,11542.0,10812.0,11277.0,825490,KBS
2020-10-05 07:00:00,11409.0,11476.0,11210.0,11277.0,462520,KBS
2020-10-06 07:00:00,11376.0,11376.0,11144.0,11177.0,484990,KBS
2020-10-07 07:00:00,11078.0,11244.0,10978.0,11045.0,425950,KBS
2020-10-08 07:00:00,11144.0,11476.0,11011.0,11376.0,1425380,KBS
2020-10-09 07:00:00,11343.0,11575.0,11343.0,11343.0,414690,KBS
2020-10-12 07:00:00,11343.0,11343.0,11011.0,11011.0,448130,KBS
2020-10-13 07:00:00,10912.0,11078.0,10746.0,10812.0,532830,KBS
2020-10-14 07:00:00,10812.0,10879.0,10746.0,10779.0,411740,KBS
2020-10-15 07:00:00,10680.0,11011.0,10680.0,10912.0,417970,KBS
2020-10-16 07:00:00,10945.0,11144.0,10746.0,10945.0,734490,KBS
2020-10-19 07:00:00,11078.0,11144.0,10812.0,10945.0,236810,KBS
2020-10-20 07:00:00,10879.0,11111.0,10846.0,11078.0,422490,KBS
2020-10-21 07:00:00,11144.0,11343.0,10945.0,10945.0,510450,KBS
2020-10-22 07:00:00,11011.0,11210.0,11011.0,11111.0,370410,KBS
2020-10-23 07:00:00,11111.0,11343.0,11111.0,11144.0,335860,KBS
2020-10-26 07:00:00,11144.0,11210.0,10812.0,10812.0,416740,KBS
2020-10-27 07:00:00,10812.0,10812.0,10547.0,10547.0,333120,KBS
2020-10-28 07:00:00,10481.0,10481.0,9884.0,9884.0,554730,KBS
2020-10-29 07:00:00,9884.0,10149.0,9618.0,10050.0,415830,KBS
2020-10-30 07:00:00,10083.0,10149.0,9884.0,10050.0,177940,KBS
2020-11-02 07:00:00,10050.0,10580.0,10050.0,10547.0,402070,KBS
2020-11-03 07:00:00,10547.0,10547.0,10348.0,10414.0,169510,KBS
2020-11-04 07:00:00,10448.0,10580.0,10282.0,10448.0,168400,KBS
2020-11-05 07:00:00,10448.0,10580.0,10381.0,10381.0,355950,KBS
2020-11-06 07:00:00,10514.0,10514.0,10315.0,10381.0,144910,KBS
2020-11-09 07:00:00,10448.0,10713.0,10414.0,10713.0,387910,KBS
2020-11-10 07:00:00,10713.0,10812.0,10547.0,10713.0,390460,KBS
2020-11-11 07:00:00,10713.0,10779.0,10647.0,10680.0,197840,KBS
2020-11-12 07:00:00,10647.0,10912.0,10547.0,10779.0,398870,KBS
2020-11-13 07:00:00,10713.0,10879.0,10713.0,10746.0,272290,KBS
2020-11-16 07:00:00,10879.0,10879.0,10547.0,10580.0,350870,KBS
2020-11-17 07:00:00,10680.0,10680.0,10481.0,10580.0,200220,KBS
2020-11-18 07:00:00,10613.0,10647.0,10282.0,10381.0,412620,KBS
2020-11-19 07:00:00,10553.0,10690.0,10416.0,10690.0,450520,KBS
2020-11-20 07:00:00,10827.0,10827.0,10553.0,10553.0,210590,KBS
2020-11-23 07:00:00,10518.0,10518.0,10381.0,10450.0,291390,KBS
2020-11-24 07:00:00,10450.0,10929.0,10450.0,10827.0,1029180,KBS
2020-11-25 07:00:00,10861.0,10895.0,10621.0,10621.0,215040,KBS
2020-11-26 07:00:00,10553.0,10690.0,10553.0,10587.0,169030,KBS
2020-11-27 07:00:00,10587.0,10827.0,10587.0,10724.0,410930,KBS
2020-11-30 07:00:00,10792.0,10792.0,10655.0,10655.0,233110,KBS
2020-12-01 07:00:00,10450.0,10655.0,10416.0,10621.0,276240,KBS
2020-12-02 07:00:00,10621.0,10690.0,10518.0,10587.0,324070,KBS
2020-12-03 07:00:00,10621.0,10690.0,10587.0,10655.0,298250,KBS
2020-12-04 07:00:00,10655.0,11238.0,10655.0,11032.0,982830,KBS
2020-12-07 07:00:00,11306.0,11306.0,10964.0,11169.0,585030,KBS
2020-12-08 07:00:00,11169.0,11580.0,11032.0,11306.0,818830,KBS
2020-12-09 07:00:00,11306.0,11341.0,11204.0,11238.0,350920,KBS
2020-12-10 07:00:00,11238.0,11238.0,10895.0,10895.0,598140,KBS
2020-12-11 07:00:00,10895.0,10929.0,10724.0,10929.0,430540,KBS
2020-12-14 07:00:00,10964.0,11135.0,10964.0,11067.0,283950,KBS
2020-12-15 07:00:00,11101.0,11512.0,10964.0,11204.0,891280,KBS
2020-12-16 07:00:00,11204.0,11204.0,11101.0,11101.0,341450,KBS
2020-12-17 07:00:00,11101.0,11169.0,11067.0,11135.0,482140,KBS
2020-12-18 07:00:00,11135.0,11341.0,11101.0,11101.0,344680,KBS
2020-12-21 07:00:00,11238.0,11238.0,10998.0,11032.0,603650,KBS
2020-12-22 07:00:00,11067.0,11786.0,10929.0,11683.0,1478330,KBS
2020-12-23 07:00:00,11923.0,11923.0,11512.0,11512.0,646990,KBS
2020-12-24 07:00:00,11512.0,11546.0,10724.0,11204.0,469180,KBS
2020-12-25 07:00:00,11032.0,11478.0,10964.0,11375.0,673100,KBS
2020-12-28 07:00:00,11443.0,11443.0,11238.0,11272.0,703820,KBS
2020-12-29 07:00:00,11238.0,11546.0,11169.0,11341.0,730260,KBS
2020-12-30 07:00:00,11443.0,11786.0,11341.0,11546.0,1158630,KBS
2020-12-31 07:00:00,11580.0,11957.0,11580.0,11957.0,918180,KBS
2021-01-04 07:00:00,12197.0,12231.0,11957.0,11992.0,699800,KBS
2021-01-05 07:00:00,11992.0,12163.0,11717.0,12026.0,617400,KBS
2021-01-06 07:00:00,12060.0,12094.0,11820.0,11992.0,782000,KBS
2021-01-07 07:00:00,12060.0,12163.0,11409.0,12060.0,740800,KBS
2021-01-08 07:00:00,12403.0,12540.0,12060.0,12266.0,659500,KBS
2021-01-11 07:00:00,12471.0,12471.0,12231.0,12300.0,406100,KBS
2021-01-12 07:00:00,12334.0,12334.0,11957.0,12129.0,363100,KBS
2021-01-13 07:00:00,12129.0,12266.0,11992.0,12026.0,533300,KBS
2021-01-14 07:00:00,11923.0,12060.0,11889.0,12026.0,323100,KBS
2021-01-15 07:00:00,12197.0,12197.0,11923.0,12026.0,395300,KBS
2021-01-18 07:00:00,11992.0,12745.0,11957.0,12300.0,564200,KBS
2021-01-19 07:00:00,12471.0,12471.0,11443.0,11786.0,682500,KBS
2021-01-20 07:00:00,11786.0,11786.0,11135.0,11443.0,408700,KBS
2021-01-21 07:00:00,11649.0,11923.0,11512.0,11855.0,332900,KBS
2021-01-22 07:00:00,11855.0,11889.0,11443.0,11820.0,308900,KBS
2021-01-25 07:00:00,11580.0,11992.0,11580.0,11786.0,316900,KBS
2021-01-26 07:00:00,11786.0,11786.0,10998.0,11409.0,308000,KBS
2021-01-27 07:00:00,10964.0,11512.0,10964.0,11272.0,468700,KBS
2021-01-28 07:00:00,10964.0,10964.0,10484.0,10484.0,417400,KBS
2021-01-29 07:00:00,10484.0,10827.0,10347.0,10621.0,219200,KBS
2021-02-01 07:00:00,10827.0,10964.0,9902.0,10073.0,261700,KBS
2021-02-02 07:00:00,10073.0,10587.0,9833.0,10587.0,711200,KBS
2021-02-03 07:00:00,10758.0,11032.0,10381.0,11032.0,264900,KBS
2021-02-04 07:00:00,11032.0,11135.0,10827.0,10964.0,157200,KBS
2021-02-05 07:00:00,10827.0,11169.0,10758.0,11169.0,667400,KBS
2021-02-08 07:00:00,11169.0,11272.0,10792.0,10792.0,225200,KBS
2021-02-09 07:00:00,10792.0,11067.0,10792.0,10964.0,303300,KBS
2021-02-17 07:00:00,10964.0,11306.0,10964.0,11306.0,125400,KBS
2021-02-18 07:00:00,11306.0,11855.0,11238.0,11752.0,284100,KBS
2021-02-19 07:00:00,11649.0,12094.0,11478.0,12060.0,547900,KBS
2021-02-22 07:00:00,12060.0,12437.0,12060.0,12163.0,1000000,KBS
2021-02-23 07:00:00,12163.0,12368.0,12094.0,12300.0,344800,KBS
2021-02-24 07:00:00,12300.0,12368.0,11786.0,11923.0,270100,KBS
2021-02-25 07:00:00,11923.0,12060.0,11855.0,12060.0,154400,KBS
2021-02-26 07:00:00,11923.0,12163.0,11786.0,12163.0,185600,KBS
2021-03-01 07:00:00,12197.0,12985.0,12197.0,12951.0,1080300,KBS
2021-03-02 07:00:00,13156.0,13705.0,13156.0,13636.0,585900,KBS
2021-03-03 07:00:00,13636.0,14047.0,13431.0,13910.0,450300,KBS
2021-03-04 07:00:00,13979.0,14253.0,13636.0,13636.0,941800,KBS
2021-03-05 07:00:00,13705.0,13842.0,13191.0,13773.0,379100,KBS
2021-03-08 07:00:00,13773.0,14321.0,13705.0,14116.0,460300,KBS
2021-03-09 07:00:00,13979.0,14116.0,13568.0,13773.0,410800,KBS
2021-03-10 07:00:00,14733.0,14733.0,14390.0,14733.0,906900,KBS
2021-03-11 07:00:00,15760.0,15760.0,15144.0,15418.0,660700,KBS
2021-03-12 07:00:00,16034.0,16034.0,15281.0,15281.0,532600,KBS
2021-03-15 07:00:00,15075.0,15144.0,14733.0,15007.0,1085300,KBS
2021-03-16 07:00:00,15007.0,15418.0,14870.0,15007.0,301100,KBS
2021-03-17 07:00:00,14870.0,15692.0,14870.0,15521.0,434900,KBS
2021-03-18 07:00:00,15760.0,15760.0,15521.0,15521.0,283800,KBS
2021-03-19 07:00:00,15418.0,15521.0,15007.0,15281.0,275500,KBS
2021-03-22 07:00:00,15315.0,15315.0,14870.0,14938.0,309100,KBS
2021-03-23 07:00:00,14870.0,15349.0,14801.0,14904.0,240300,KBS
2021-03-24 07:00:00,14733.0,14904.0,14390.0,14595.0,289500,KBS
2021-03-25 07:00:00,14664.0,14870.0,14253.0,14664.0,170600,KBS
2021-03-26 07:00:00,14390.0,14733.0,13979.0,14595.0,232700,KBS
2021-03-29 07:00:00,14801.0,14801.0,14527.0,14698.0,238600,KBS
2021-03-30 07:00:00,14938.0,14938.0,14630.0,14698.0,259600,KBS
2021-03-31 07:00:00,14664.0,15075.0,14664.0,15075.0,395000,KBS
2021-04-01 07:00:00,15075.0,15452.0,14972.0,15315.0,474200,KBS
2021-04-02 07:00:00,15452.0,15897.0,15281.0,15897.0,703900,KBS
2021-04-05 07:00:00,15932.0,15966.0,15349.0,15452.0,649200,KBS
2021-04-06 07:00:00,15281.0,15555.0,15281.0,15383.0,337300,KBS
2021-04-07 07:00:00,15349.0,15418.0,15212.0,15315.0,142300,KBS
2021-04-08 07:00:00,15281.0,15418.0,14938.0,15144.0,233000,KBS
2021-04-09 07:00:00,15144.0,15349.0,15075.0,15212.0,107700,KBS
2021-04-12 07:00:00,15109.0,15692.0,15109.0,15692.0,470500,KBS
2021-04-13 07:00:00,15692.0,15692.0,15212.0,15281.0,259000,KBS
2021-04-14 07:00:00,15281.0,15418.0,15075.0,15383.0,188100,KBS
2021-04-15 07:00:00,15144.0,15383.0,14938.0,15212.0,265100,KBS
2021-04-16 07:00:00,15144.0,15281.0,14733.0,14801.0,202700,KBS
2021-04-19 07:00:00,14733.0,14801.0,14116.0,14664.0,123100,KBS
2021-04-20 07:00:00,14664.0,15349.0,14664.0,15349.0,194600,KBS
2021-04-22 07:00:00,15281.0,15281.0,14801.0,14801.0,77500,KBS
2021-04-23 07:00:00,14390.0,15007.0,14184.0,14870.0,89100,KBS
2021-04-26 07:00:00,14904.0,14904.0,14253.0,14253.0,103500,KBS
2021-04-27 07:00:00,14253.0,14493.0,13842.0,14390.0,90500,KBS
2021-04-28 07:00:00,14184.0,15383.0,14184.0,15349.0,271300,KBS
2021-04-29 07:00:00,15349.0,15623.0,15075.0,15075.0,207100,KBS
2021-05-04 07:00:00,14321.0,14938.0,14321.0,14595.0,145500,KBS
2021-05-05 07:00:00,14595.0,14904.0,14595.0,14870.0,260100,KBS
2021-05-06 07:00:00,14870.0,14938.0,14595.0,14595.0,172800,KBS
2021-05-07 07:00:00,14116.0,14595.0,14116.0,14321.0,168000,KBS
2021-05-10 07:00:00,14184.0,14287.0,14047.0,14219.0,109300,KBS
2021-05-11 07:00:00,14184.0,14733.0,14184.0,14664.0,180500,KBS
2021-05-12 07:00:00,14527.0,15418.0,14527.0,15212.0,262800,KBS
2021-05-13 07:00:00,15212.0,15555.0,15144.0,15486.0,387100,KBS
2021-05-14 07:00:00,15897.0,16548.0,15726.0,16548.0,1564500,KBS
2021-05-17 07:00:00,16925.0,17473.0,16857.0,17097.0,391700,KBS
2021-05-18 07:00:00,16925.0,16994.0,16446.0,16446.0,253600,KBS
2021-05-19 07:00:00,16240.0,17131.0,15418.0,16788.0,648200,KBS
2021-05-20 07:00:00,16788.0,16925.0,16377.0,16788.0,351900,KBS
2021-05-21 07:00:00,16994.0,17816.0,16857.0,17679.0,1004400,KBS
2021-05-24 07:00:00,17816.0,18399.0,17748.0,18022.0,536100,KBS
2021-05-25 07:00:00,17953.0,18364.0,17268.0,18330.0,489300,KBS
2021-05-26 07:00:00,18227.0,18775.0,17816.0,18501.0,703500,KBS
2021-05-27 07:00:00,18570.0,18570.0,17508.0,17542.0,343000,KBS
2021-05-28 07:00:00,17542.0,17782.0,17268.0,17610.0,455700,KBS
2021-05-31 07:00:00,17610.0,17610.0,17268.0,17439.0,221500,KBS
2021-06-01 07:00:00,17131.0,17542.0,17131.0,17336.0,275900,KBS
2021-06-02 07:00:00,17199.0,18296.0,17131.0,18296.0,293700,KBS
2021-06-03 07:00:00,18501.0,19324.0,18364.0,18947.0,432900,KBS
2021-06-04 07:00:00,18981.0,19324.0,18947.0,19118.0,362800,KBS
2021-06-07 07:00:00,19118.0,19187.0,17816.0,18364.0,204200,KBS
2021-06-08 07:00:00,18364.0,18981.0,17919.0,18159.0,289600,KBS
2021-06-09 07:00:00,17885.0,18433.0,17885.0,18261.0,159500,KBS
2021-06-10 07:00:00,18261.0,19187.0,18227.0,19187.0,490400,KBS
2021-06-11 07:00:00,19735.0,19837.0,18912.0,19049.0,246500,KBS
2021-06-14 07:00:00,19529.0,19529.0,19049.0,19187.0,198800,KBS
2021-06-15 07:00:00,19049.0,19461.0,18981.0,19187.0,366000,KBS
2021-06-16 07:00:00,18981.0,19529.0,18912.0,19255.0,377500,KBS
2021-06-17 07:00:00,20268.0,20268.0,19436.0,19726.0,216500,KBS
2021-06-18 07:00:00,19689.0,20630.0,19689.0,20268.0,317500,KBS
2021-06-21 07:00:00,20268.0,20848.0,20268.0,20413.0,366700,KBS
2021-06-22 07:00:00,20413.0,20449.0,19689.0,20124.0,260500,KBS
2021-06-23 07:00:00,19834.0,20848.0,19689.0,20594.0,634400,KBS
2021-06-24 07:00:00,20594.0,20594.0,20196.0,20449.0,144100,KBS
2021-06-25 07:00:00,19979.0,20341.0,19979.0,20268.0,82800,KBS
2021-06-28 07:00:00,20268.0,20486.0,19979.0,20377.0,219700,KBS
2021-06-29 07:00:00,20413.0,20848.0,20413.0,20413.0,518200,KBS
2021-06-30 07:00:00,20413.0,21571.0,20305.0,20775.0,367100,KBS
2021-07-01 07:00:00,20992.0,20992.0,20413.0,20739.0,225900,KBS
2021-07-02 07:00:00,20848.0,21318.0,20522.0,20775.0,525900,KBS
2021-07-05 07:00:00,20341.0,20703.0,19907.0,19907.0,414100,KBS
2021-07-06 07:00:00,19689.0,19762.0,18893.0,19038.0,467900,KBS
2021-07-07 07:00:00,18965.0,19400.0,18097.0,19038.0,157800,KBS
2021-07-08 07:00:00,19183.0,19183.0,18459.0,19038.0,107700,KBS
2021-07-09 07:00:00,18169.0,18821.0,17735.0,17952.0,174500,KBS
2021-07-12 07:00:00,17988.0,18242.0,16866.0,17880.0,244200,KBS
2021-07-13 07:00:00,17880.0,18821.0,17880.0,18676.0,77400,KBS
2021-07-14 07:00:00,18314.0,18604.0,17880.0,18169.0,29500,KBS
2021-07-15 07:00:00,17735.0,18459.0,17735.0,18423.0,49800,KBS
2021-07-16 07:00:00,18423.0,18965.0,18423.0,18821.0,93200,KBS
2021-07-19 07:00:00,18531.0,18531.0,18097.0,18097.0,110600,KBS
2021-07-20 07:00:00,18314.0,18929.0,18097.0,18929.0,77500,KBS
2021-07-21 07:00:00,18965.0,19255.0,18748.0,18929.0,97400,KBS
2021-07-22 07:00:00,18965.0,19255.0,18965.0,19255.0,84400,KBS
2021-07-23 07:00:00,19255.0,20015.0,19255.0,19834.0,214700,KBS
2021-07-26 07:00:00,20051.0,20630.0,19907.0,20413.0,243600,KBS
2021-07-27 07:00:00,20992.0,21137.0,20124.0,20268.0,223200,KBS
2021-07-28 07:00:00,19943.0,20486.0,19617.0,19726.0,196900,KBS
2021-07-29 07:00:00,19183.0,20305.0,19183.0,19762.0,169100,KBS
2021-07-30 07:00:00,20413.0,20775.0,19943.0,20377.0,367500,KBS
2021-08-02 07:00:00,20341.0,21789.0,20341.0,21789.0,951900,KBS
2021-08-03 07:00:00,22440.0,22585.0,21897.0,22332.0,524300,KBS
2021-08-04 07:00:00,21933.0,23164.0,21933.0,22657.0,492700,KBS
2021-08-05 07:00:00,22223.0,24214.0,22223.0,24214.0,1196000,KBS
2021-08-06 07:00:00,24467.0,25770.0,24322.0,25698.0,1035200,KBS
2021-08-09 07:00:00,25336.0,26783.0,24214.0,26566.0,1247100,KBS
2021-08-10 07:00:00,26639.0,27145.0,26566.0,26747.0,1053900,KBS
2021-08-11 07:00:00,26639.0,28521.0,26639.0,28159.0,1046000,KBS
2021-08-12 07:00:00,28448.0,29679.0,26204.0,26204.0,1309600,KBS
2021-08-13 07:00:00,25915.0,27869.0,24974.0,27580.0,460300,KBS
2021-08-16 07:00:00,28593.0,28593.0,26675.0,26675.0,404300,KBS
2021-08-17 07:00:00,26421.0,26421.0,25336.0,26204.0,532000,KBS
2021-08-18 07:00:00,25517.0,26023.0,24974.0,24974.0,397600,KBS
2021-08-19 07:00:00,25046.0,25770.0,25046.0,25698.0,183900,KBS
2021-08-20 07:00:00,25987.0,26349.0,25118.0,25987.0,474100,KBS
2021-08-23 07:00:00,25987.0,27073.0,25915.0,26421.0,805100,KBS
2021-08-24 07:00:00,26421.0,26602.0,24612.0,25263.0,223300,KBS
2021-08-25 07:00:00,25336.0,25336.0,23743.0,24286.0,242000,KBS
2021-08-26 07:00:00,23888.0,25915.0,23888.0,24937.0,354000,KBS
2021-08-27 07:00:00,25046.0,25915.0,24250.0,25915.0,304900,KBS
2021-08-30 07:00:00,26204.0,26747.0,25625.0,25987.0,1338600,KBS
2021-08-31 07:00:00,25987.0,26675.0,25770.0,26349.0,529700,KBS
2021-09-01 07:00:00,26349.0,27616.0,26277.0,27109.0,2022800,KBS
2021-09-06 07:00:00,27869.0,27869.0,26820.0,26928.0,1781200,KBS
2021-09-07 07:00:00,26928.0,26928.0,25698.0,25698.0,799100,KBS
2021-09-08 07:00:00,24974.0,25698.0,24612.0,24720.0,794200,KBS
2021-09-09 07:00:00,24612.0,25408.0,24141.0,25263.0,741200,KBS
2021-09-10 07:00:00,25263.0,25336.0,24648.0,24901.0,252600,KBS
2021-09-13 07:00:00,24684.0,24829.0,24177.0,24322.0,567700,KBS
2021-09-14 07:00:00,24105.0,25046.0,24105.0,24322.0,402500,KBS
2021-09-15 07:00:00,24612.0,24612.0,23381.0,23381.0,714100,KBS
2021-09-16 07:00:00,23164.0,23598.0,22476.0,22874.0,767400,KBS
2021-09-17 07:00:00,22802.0,24177.0,22151.0,23924.0,686400,KBS
2021-09-20 07:00:00,24322.0,24829.0,23815.0,23815.0,675900,KBS
2021-09-21 07:00:00,23454.0,23815.0,23164.0,23779.0,285800,KBS
2021-09-22 07:00:00,24105.0,24177.0,23598.0,23888.0,297500,KBS
2021-09-23 07:00:00,23888.0,24214.0,23743.0,23743.0,674600,KBS
2021-09-24 07:00:00,23309.0,23707.0,22947.0,23055.0,243400,KBS
2021-09-27 07:00:00,23055.0,23092.0,22078.0,22078.0,421600,KBS
2021-09-28 07:00:00,21716.0,22440.0,21354.0,22295.0,358800,KBS
2021-09-29 07:00:00,22295.0,23852.0,21716.0,23852.0,798900,KBS
2021-09-30 07:00:00,24250.0,25227.0,23888.0,24793.0,821300,KBS
2021-10-01 07:00:00,24539.0,26421.0,24322.0,26059.0,1538900,KBS
2021-10-04 07:00:00,26168.0,26783.0,25698.0,26059.0,924900,KBS
2021-10-05 07:00:00,25734.0,26349.0,25553.0,25770.0,546100,KBS
2021-10-06 07:00:00,25408.0,26059.0,25227.0,25336.0,957100,KBS
2021-10-07 07:00:00,25372.0,26059.0,25191.0,25263.0,703800,KBS
2021-10-08 07:00:00,25698.0,25698.0,24756.0,24756.0,644500,KBS
2021-10-11 07:00:00,25010.0,25480.0,24612.0,25191.0,402400,KBS
2021-10-12 07:00:00,25336.0,25698.0,25155.0,25155.0,525700,KBS
2021-10-13 07:00:00,25191.0,26783.0,24756.0,26349.0,1077000,KBS
2021-10-14 07:00:00,26349.0,27362.0,26240.0,26566.0,860300,KBS
2021-10-15 07:00:00,26602.0,26964.0,26059.0,26240.0,647300,KBS
2021-10-18 07:00:00,26277.0,26494.0,25408.0,25553.0,1056600,KBS
2021-10-19 07:00:00,25553.0,26602.0,25408.0,26494.0,883100,KBS
2021-10-20 07:00:00,26783.0,27073.0,26494.0,26639.0,836400,KBS
2021-10-21 07:00:00,26928.0,27435.0,26494.0,27218.0,696300,KBS
2021-10-22 07:00:00,27471.0,27724.0,27145.0,27435.0,642200,KBS
2021-10-25 07:00:00,27435.0,27471.0,25842.0,25915.0,951000,KBS
2021-10-26 07:00:00,25915.0,26494.0,25336.0,26494.0,490000,KBS
2021-10-27 07:00:00,26421.0,26928.0,25987.0,26240.0,378300,KBS
2021-10-28 07:00:00,26639.0,27362.0,26458.0,26964.0,882100,KBS
2021-10-29 07:00:00,26675.0,26783.0,26204.0,26349.0,1021400,KBS
2021-11-01 07:00:00,26349.0,26783.0,26023.0,26132.0,561500,KBS
2021-11-02 07:00:00,25987.0,26059.0,25336.0,25553.0,1194500,KBS
2021-11-03 07:00:00,25553.0,25734.0,23888.0,24033.0,841200,KBS
2021-11-04 07:00:00,24395.0,24395.0,23888.0,24395.0,469700,KBS
2021-11-05 07:00:00,24395.0,26096.0,24395.0,26096.0,875000,KBS
2021-11-08 07:00:00,26421.0,26711.0,25987.0,26059.0,1148800,KBS
2021-11-09 07:00:00,26059.0,26675.0,25842.0,26096.0,451800,KBS
2021-11-10 07:00:00,26204.0,27145.0,26204.0,26675.0,1945800,KBS
2021-11-11 07:00:00,27109.0,27399.0,26059.0,26747.0,856800,KBS
2021-11-12 07:00:00,26747.0,26856.0,26349.0,26856.0,645500,KBS
2021-11-15 07:00:00,27362.0,28702.0,27362.0,28702.0,2514900,KBS
2021-11-16 07:00:00,29317.0,30403.0,28810.0,29896.0,1235500,KBS
2021-11-17 07:00:00,29824.0,29824.0,29027.0,29027.0,722700,KBS
2021-11-18 07:00:00,29027.0,30403.0,28665.0,29245.0,1428600,KBS
2021-11-19 07:00:00,28955.0,28955.0,27218.0,27218.0,1735200,KBS
2021-11-22 07:00:00,27145.0,27218.0,25698.0,25698.0,848200,KBS
2021-11-23 07:00:00,24612.0,26783.0,24612.0,26566.0,574800,KBS
2021-11-24 07:00:00,26675.0,27145.0,25698.0,26023.0,574800,KBS
2021-11-25 07:00:00,26675.0,26675.0,25336.0,25987.0,554800,KBS
2021-11-26 07:00:00,25987.0,26783.0,25806.0,26132.0,601000,KBS
2021-11-29 07:00:00,25118.0,26277.0,25118.0,26168.0,360400,KBS
2021-11-30 07:00:00,26204.0,27145.0,26204.0,26566.0,751000,KBS
2021-12-01 07:00:00,26566.0,27833.0,26566.0,27399.0,1075100,KBS
2021-12-02 07:00:00,27869.0,27869.0,27471.0,27507.0,694100,KBS
2021-12-03 07:00:00,27724.0,27724.0,25770.0,26059.0,513000,KBS
2021-12-06 07:00:00,25480.0,26023.0,24250.0,24250.0,699100,KBS
2021-12-07 07:00:00,24829.0,25046.0,24105.0,25046.0,404800,KBS
2021-12-08 07:00:00,25263.0,25263.0,24467.0,24937.0,176900,KBS
2021-12-09 07:00:00,24937.0,25336.0,24829.0,25118.0,179300,KBS
2021-12-10 07:00:00,25118.0,25770.0,25118.0,25444.0,207700,KBS
2021-12-13 07:00:00,25553.0,25987.0,25553.0,25661.0,240400,KBS
2021-12-14 07:00:00,25698.0,26421.0,24974.0,26059.0,444700,KBS
2021-12-15 07:00:00,26059.0,26566.0,26059.0,26132.0,425000,KBS
2021-12-16 07:00:00,26132.0,26168.0,25734.0,25915.0,204700,KBS
2021-12-17 07:00:00,25698.0,26421.0,25336.0,25770.0,391200,KBS
2021-12-20 07:00:00,25698.0,26023.0,25336.0,25372.0,284500,KBS
2021-12-21 07:00:00,25408.0,26928.0,25408.0,26204.0,564300,KBS
2021-12-22 07:00:00,27145.0,27145.0,25553.0,25553.0,309600,KBS
2021-12-23 07:00:00,25553.0,25878.0,24105.0,24937.0,364200,KBS
2021-12-24 07:00:00,24756.0,25118.0,24467.0,24503.0,393300,KBS
2021-12-27 07:00:00,24539.0,25010.0,24322.0,24612.0,209300,KBS
2021-12-28 07:00:00,24648.0,24720.0,24286.0,24322.0,290400,KBS
2021-12-29 07:00:00,24322.0,24576.0,23815.0,23888.0,514200,KBS
2021-12-30 07:00:00,23960.0,23996.0,22874.0,23309.0,585500,KBS
2021-12-31 07:00:00,23815.0,23888.0,23454.0,23671.0,199800,KBS
2022-01-04 07:00:00,23743.0,24539.0,23743.0,24214.0,189500,KBS
2022-01-05 07:00:00,24539.0,24612.0,24069.0,24177.0,330200,KBS
2022-01-06 07:00:00,23707.0,24177.0,23707.0,23743.0,290400,KBS
2022-01-07 07:00:00,23526.0,23743.0,23236.0,23236.0,349000,KBS
2022-01-10 07:00:00,23236.0,23273.0,21861.0,22223.0,635000,KBS
2022-01-11 07:00:00,22151.0,22368.0,21716.0,21752.0,261700,KBS
2022-01-12 07:00:00,21137.0,22440.0,20992.0,22078.0,219900,KBS
2022-01-13 07:00:00,22295.0,22295.0,21499.0,21571.0,168500,KBS
2022-01-14 07:00:00,21354.0,21499.0,20992.0,20992.0,156600,KBS
2022-01-17 07:00:00,20992.0,21029.0,19545.0,19545.0,349600,KBS
2022-01-18 07:00:00,19472.0,19472.0,18205.0,19327.0,351100,KBS
2022-01-19 07:00:00,20594.0,20594.0,19617.0,19907.0,172300,KBS
2022-01-20 07:00:00,19943.0,20449.0,19545.0,20341.0,85100,KBS
2022-01-21 07:00:00,20341.0,20341.0,19762.0,19834.0,92000,KBS
2022-01-24 07:00:00,19834.0,19834.0,18495.0,18604.0,130700,KBS
2022-01-25 07:00:00,18640.0,19038.0,18097.0,18893.0,131900,KBS
2022-01-26 07:00:00,18893.0,19653.0,18893.0,19400.0,253700,KBS
2022-01-27 07:00:00,19762.0,20124.0,19508.0,20015.0,140400,KBS
2022-01-28 07:00:00,20051.0,20124.0,19581.0,19581.0,74200,KBS
2022-02-07 07:00:00,20268.0,20630.0,20160.0,20558.0,167200,KBS
2022-02-08 07:00:00,20558.0,21318.0,20486.0,21101.0,204200,KBS
2022-02-09 07:00:00,21354.0,21716.0,21137.0,21535.0,151300,KBS
2022-02-10 07:00:00,21571.0,22151.0,21354.0,22006.0,276800,KBS
2022-02-11 07:00:00,22006.0,22549.0,22006.0,22295.0,310000,KBS
2022-02-14 07:00:00,21427.0,22187.0,21427.0,22042.0,144600,KBS
2022-02-15 07:00:00,22006.0,22802.0,21427.0,22259.0,136400,KBS
2022-02-16 07:00:00,22259.0,22585.0,21970.0,22476.0,130300,KBS
2022-02-17 07:00:00,22078.0,22585.0,21897.0,22440.0,116500,KBS
2022-02-18 07:00:00,21933.0,22512.0,21933.0,22368.0,152700,KBS
2022-02-21 07:00:00,22368.0,22440.0,22187.0,22368.0,169300,KBS
2022-02-22 07:00:00,22368.0,22368.0,21897.0,22006.0,116900,KBS
2022-02-23 07:00:00,21970.0,22549.0,21970.0,22512.0,342400,KBS
2022-02-24 07:00:00,22766.0,23888.0,22440.0,23743.0,941700,KBS
2022-02-25 07:00:00,24250.0,24756.0,24033.0,24358.0,441500,KBS
2022-02-28 07:00:00,24322.0,25698.0,24322.0,25191.0,903500,KBS
2022-03-01 07:00:00,25625.0,25661.0,24250.0,24250.0,655000,KBS
2022-03-02 07:00:00,24395.0,25263.0,24358.0,24974.0,513500,KBS
2022-03-03 07:00:00,25010.0,25698.0,25010.0,25480.0,678600,KBS
2022-03-04 07:00:00,25408.0,25806.0,24756.0,25408.0,563300,KBS
2022-03-07 07:00:00,26421.0,27181.0,26023.0,27181.0,1506500,KBS
2022-03-08 07:00:00,27942.0,28593.0,26421.0,26421.0,942300,KBS
2022-03-09 07:00:00,27037.0,28267.0,26675.0,28267.0,1247000,KBS
2022-03-10 07:00:00,27869.0,29100.0,27001.0,28448.0,926000,KBS
2022-03-11 07:00:00,29245.0,30403.0,28955.0,30330.0,1972500,KBS
2022-03-14 07:00:00,30330.0,31850.0,28231.0,28231.0,1503600,KBS
2022-03-15 07:00:00,28231.0,28883.0,27507.0,28665.0,841600,KBS
2022-03-16 07:00:00,29027.0,30330.0,28665.0,28738.0,728600,KBS
2022-03-17 07:00:00,28810.0,28955.0,26747.0,26783.0,1653200,KBS
2022-03-18 07:00:00,26892.0,27869.0,26204.0,27869.0,755500,KBS
2022-03-21 07:00:00,28231.0,28448.0,26059.0,27507.0,428000,KBS
2022-03-22 07:00:00,27797.0,28810.0,27037.0,28231.0,969700,KBS
2022-03-23 07:00:00,28448.0,30186.0,28448.0,30186.0,2072600,KBS
2022-03-24 07:00:00,31489.0,31597.0,30475.0,30982.0,1175800,KBS
2022-03-25 07:00:00,30403.0,32936.0,30258.0,32574.0,1733700,KBS
2022-03-28 07:00:00,31525.0,34601.0,31525.0,34312.0,1642800,KBS
2022-03-29 07:00:00,34312.0,35180.0,33371.0,34456.0,1032300,KBS
2022-03-30 07:00:00,34456.0,34456.0,32068.0,32068.0,1650800,KBS
2022-03-31 07:00:00,32574.0,32791.0,31561.0,32212.0,743700,KBS
2022-04-01 07:00:00,32140.0,33624.0,31850.0,33588.0,715700,KBS
2022-04-04 07:00:00,33588.0,33588.0,31271.0,31271.0,1402300,KBS
2022-04-05 07:00:00,30547.0,31850.0,30547.0,31271.0,525900,KBS
2022-04-06 07:00:00,30547.0,31706.0,29100.0,29100.0,980500,KBS
2022-04-07 07:00:00,29679.0,30041.0,27869.0,29968.0,730900,KBS
2022-04-08 07:00:00,29968.0,30005.0,27942.0,27942.0,347000,KBS
2022-04-12 07:00:00,28593.0,29317.0,27580.0,28738.0,550500,KBS
2022-04-13 07:00:00,28593.0,29498.0,27507.0,29317.0,573900,KBS
2022-04-14 07:00:00,28593.0,31127.0,28593.0,30475.0,814100,KBS
2022-04-15 07:00:00,30403.0,30909.0,28883.0,29606.0,476100,KBS
2022-04-18 07:00:00,28955.0,30403.0,28665.0,29751.0,690300,KBS
2022-04-19 07:00:00,30186.0,31778.0,29606.0,30330.0,948000,KBS
2022-04-20 07:00:00,30186.0,30330.0,28231.0,28231.0,458100,KBS
2022-04-21 07:00:00,26856.0,29172.0,26277.0,28231.0,789800,KBS
2022-04-22 07:00:00,28774.0,28774.0,26277.0,26277.0,778100,KBS
2022-04-25 07:00:00,24467.0,25046.0,24467.0,24467.0,390000,KBS
2022-04-26 07:00:00,22766.0,24177.0,22766.0,24177.0,1296600,KBS
2022-04-27 07:00:00,24177.0,24177.0,22512.0,23164.0,714700,KBS
2022-04-28 07:00:00,23164.0,24250.0,22730.0,23526.0,1342500,KBS
2022-04-29 07:00:00,23707.0,24756.0,23707.0,24539.0,765200,KBS
2022-05-04 07:00:00,24539.0,24539.0,22838.0,22838.0,853500,KBS
2022-05-05 07:00:00,22838.0,23526.0,21246.0,21246.0,717400,KBS
2022-05-06 07:00:00,20268.0,20992.0,19762.0,19762.0,1659900,KBS
2022-05-09 07:00:00,19038.0,19689.0,18386.0,18386.0,1155600,KBS
2022-05-10 07:00:00,17373.0,19545.0,17373.0,19545.0,710200,KBS
2022-05-11 07:00:00,19762.0,19907.0,19472.0,19689.0,398100,KBS
2022-05-12 07:00:00,19110.0,19508.0,18314.0,18314.0,506900,KBS
2022-05-13 07:00:00,18097.0,18169.0,17047.0,17047.0,591900,KBS
2022-05-16 07:00:00,18061.0,18097.0,15998.0,17337.0,491300,KBS
2022-05-17 07:00:00,16323.0,18531.0,16323.0,18531.0,530400,KBS
2022-05-18 07:00:00,18821.0,19617.0,18567.0,19255.0,670300,KBS
2022-05-19 07:00:00,18748.0,19726.0,18133.0,19545.0,515700,KBS
2022-05-20 07:00:00,19617.0,20232.0,19291.0,20051.0,697000,KBS
2022-05-23 07:00:00,20196.0,20196.0,19183.0,19545.0,791200,KBS
2022-05-24 07:00:00,18857.0,19762.0,18857.0,19545.0,560100,KBS
2022-05-25 07:00:00,19364.0,20703.0,19364.0,20703.0,523400,KBS
2022-05-26 07:00:00,20992.0,21137.0,20341.0,20594.0,473000,KBS
2022-05-27 07:00:00,20522.0,20848.0,20268.0,20848.0,424500,KBS
2022-05-30 07:00:00,21354.0,22295.0,21354.0,21535.0,851500,KBS
2022-05-31 07:00:00,21571.0,23019.0,21101.0,22440.0,1250700,KBS
2022-06-01 07:00:00,22766.0,23417.0,21825.0,22802.0,697600,KBS
2022-06-02 07:00:00,22874.0,23164.0,22404.0,22404.0,457600,KBS
2022-06-03 07:00:00,22476.0,23273.0,22368.0,23019.0,769800,KBS
2022-06-06 07:00:00,23164.0,24576.0,22730.0,24250.0,969800,KBS
2022-06-07 07:00:00,23888.0,24612.0,22983.0,24177.0,666200,KBS
2022-06-08 07:00:00,24756.0,24756.0,23671.0,24033.0,538300,KBS
2022-06-09 07:00:00,23888.0,23888.0,23309.0,23381.0,645700,KBS
2022-06-10 07:00:00,22585.0,23454.0,22042.0,22042.0,693700,KBS
2022-06-13 07:00:00,20522.0,21354.0,20522.0,20522.0,811900,KBS
2022-06-14 07:00:00,19545.0,21282.0,19545.0,21282.0,565400,KBS
2022-06-15 07:00:00,21499.0,21535.0,20413.0,21210.0,314000,KBS
2022-06-16 07:00:00,21354.0,22006.0,20992.0,22006.0,516700,KBS
2022-06-17 07:00:00,20921.0,21618.0,20495.0,20921.0,492900,KBS
2022-06-20 07:00:00,20921.0,20921.0,19488.0,19488.0,465600,KBS
2022-06-21 07:00:00,18635.0,18984.0,18132.0,18132.0,457900,KBS
2022-06-22 07:00:00,18132.0,18441.0,16892.0,16892.0,696200,KBS
2022-06-23 07:00:00,16272.0,17085.0,15884.0,17047.0,481700,KBS
2022-06-24 07:00:00,17822.0,17938.0,17434.0,17938.0,234000,KBS
2022-06-27 07:00:00,18364.0,18403.0,16853.0,17124.0,527200,KBS
2022-06-28 07:00:00,16698.0,17589.0,16272.0,16737.0,583300,KBS
2022-06-29 07:00:00,16737.0,17899.0,16737.0,17899.0,512500,KBS
2022-06-30 07:00:00,18519.0,18519.0,17899.0,17899.0,402400,KBS
2022-07-01 07:00:00,17512.0,17860.0,17047.0,17744.0,355900,KBS
2022-07-04 07:00:00,17899.0,18054.0,17667.0,17783.0,271800,KBS
2022-07-05 07:00:00,17744.0,17977.0,17279.0,17667.0,380800,KBS
2022-07-06 07:00:00,17124.0,17667.0,16504.0,16504.0,294700,KBS
2022-07-07 07:00:00,17202.0,17202.0,16272.0,16814.0,178000,KBS
2022-07-08 07:00:00,16892.0,17589.0,16892.0,17279.0,182300,KBS
2022-07-11 07:00:00,17279.0,17744.0,16814.0,17279.0,186000,KBS
2022-07-12 07:00:00,17395.0,17744.0,17047.0,17705.0,149400,KBS
2022-07-13 07:00:00,17899.0,18209.0,17705.0,17744.0,250300,KBS
2022-07-14 07:00:00,17705.0,18829.0,17550.0,18596.0,317800,KBS
2022-07-15 07:00:00,18596.0,18868.0,18596.0,18596.0,295100,KBS
2022-07-18 07:00:00,18674.0,18674.0,17822.0,18209.0,220200,KBS
2022-07-19 07:00:00,18209.0,18209.0,17550.0,17938.0,184600,KBS
2022-07-20 07:00:00,18209.0,18286.0,17938.0,18132.0,168000,KBS
2022-07-21 07:00:00,18209.0,18596.0,17938.0,18441.0,188700,KBS
2022-07-22 07:00:00,18441.0,18558.0,18093.0,18093.0,194100,KBS
2022-07-25 07:00:00,17977.0,18054.0,17434.0,17589.0,178400,KBS
2022-07-26 07:00:00,17434.0,17822.0,17434.0,17550.0,102900,KBS
2022-07-27 07:00:00,17202.0,17744.0,17202.0,17705.0,52800,KBS
2022-07-28 07:00:00,17822.0,18209.0,17822.0,17822.0,178200,KBS
2022-07-29 07:00:00,17822.0,17938.0,17434.0,17434.0,226000,KBS
2022-08-01 07:00:00,17434.0,17705.0,17395.0,17705.0,174500,KBS
2022-08-02 07:00:00,17589.0,18132.0,17589.0,18132.0,280100,KBS
2022-08-03 07:00:00,18170.0,18868.0,18170.0,18829.0,489300,KBS
2022-08-04 07:00:00,18906.0,19139.0,18403.0,18519.0,186100,KBS
2022-08-05 07:00:00,18519.0,18751.0,18286.0,18674.0,149900,KBS
2022-08-08 07:00:00,18868.0,19333.0,18596.0,19178.0,462400,KBS
2022-08-09 07:00:00,19449.0,19565.0,19178.0,19255.0,271700,KBS
2022-08-10 07:00:00,19255.0,19255.0,18868.0,19061.0,208900,KBS
2022-08-11 07:00:00,19216.0,19294.0,18441.0,18674.0,320700,KBS
2022-08-12 07:00:00,18480.0,18751.0,18364.0,18596.0,185100,KBS
2022-08-15 07:00:00,18945.0,18945.0,18596.0,18790.0,231900,KBS
2022-08-16 07:00:00,18751.0,19216.0,18713.0,18984.0,240600,KBS
2022-08-17 07:00:00,18984.0,19216.0,18984.0,18984.0,311100,KBS
2022-08-18 07:00:00,18596.0,19139.0,18596.0,18751.0,172400,KBS
2022-08-19 07:00:00,18751.0,18790.0,18364.0,18364.0,332000,KBS
2022-08-22 07:00:00,17938.0,18325.0,17938.0,17977.0,211900,KBS
2022-08-23 07:00:00,17860.0,18248.0,17822.0,18248.0,158200,KBS
2022-08-24 07:00:00,18558.0,19139.0,18248.0,18751.0,247600,KBS
2022-08-25 07:00:00,19139.0,20030.0,18945.0,20030.0,975700,KBS
2022-08-26 07:00:00,20456.0,20727.0,19759.0,20030.0,403300,KBS
2022-08-29 07:00:00,19565.0,21192.0,19565.0,20921.0,1186400,KBS
2022-08-30 07:00:00,21308.0,21463.0,20534.0,20650.0,528300,KBS
2022-08-31 07:00:00,20650.0,20689.0,20185.0,20262.0,286500,KBS
2022-09-05 07:00:00,20379.0,20921.0,20069.0,20650.0,341300,KBS
2022-09-06 07:00:00,20456.0,20611.0,19759.0,19759.0,487900,KBS
2022-09-07 07:00:00,19759.0,19952.0,18945.0,18945.0,324800,KBS
2022-09-08 07:00:00,18713.0,19371.0,18441.0,19061.0,400400,KBS
2022-09-09 07:00:00,19061.0,19255.0,18674.0,19216.0,192900,KBS
2022-09-12 07:00:00,19410.0,19604.0,19178.0,19333.0,377400,KBS
2022-09-13 07:00:00,19565.0,19565.0,19178.0,19333.0,165900,KBS
2022-09-14 07:00:00,19023.0,19178.0,18790.0,19178.0,192700,KBS
2022-09-15 07:00:00,19178.0,19914.0,19178.0,19875.0,450200,KBS
2022-09-16 07:00:00,19875.0,19991.0,19023.0,19100.0,189900,KBS
2022-09-19 07:00:00,19100.0,19100.0,17783.0,17783.0,452200,KBS
2022-09-20 07:00:00,18132.0,18286.0,17318.0,18286.0,237600,KBS
2022-09-21 07:00:00,18054.0,18286.0,17047.0,18286.0,291400,KBS
2022-09-22 07:00:00,18093.0,18635.0,18054.0,18596.0,169400,KBS
2022-09-23 07:00:00,18596.0,18635.0,18403.0,18441.0,144500,KBS
2022-09-26 07:00:00,17860.0,18364.0,17318.0,17628.0,163000,KBS
2022-09-27 07:00:00,17434.0,17860.0,17434.0,17589.0,67800,KBS
2022-09-28 07:00:00,17434.0,17744.0,17434.0,17628.0,141900,KBS
2022-09-29 07:00:00,17822.0,17938.0,17434.0,17628.0,100400,KBS
2022-09-30 07:00:00,17240.0,17899.0,17240.0,17899.0,221000,KBS
2022-10-03 07:00:00,17705.0,17705.0,16659.0,16659.0,172500,KBS
2022-10-04 07:00:00,17318.0,17318.0,15652.0,15652.0,190400,KBS
2022-10-05 07:00:00,15884.0,16233.0,15807.0,16194.0,155700,KBS
2022-10-06 07:00:00,16078.0,16194.0,15110.0,15110.0,243500,KBS
2022-10-07 07:00:00,14916.0,15110.0,14064.0,14064.0,426400,KBS
2022-10-10 07:00:00,13250.0,14490.0,13250.0,14373.0,398500,KBS
2022-10-11 07:00:00,14683.0,14683.0,13637.0,13831.0,251200,KBS
2022-10-12 07:00:00,13870.0,14412.0,13831.0,14257.0,192100,KBS
2022-10-13 07:00:00,14335.0,14335.0,13754.0,14064.0,212900,KBS
2022-10-14 07:00:00,14219.0,14567.0,14219.0,14412.0,231400,KBS
2022-10-17 07:00:00,14257.0,14412.0,13715.0,13986.0,382400,KBS
2022-10-18 07:00:00,14412.0,14451.0,13986.0,13986.0,238200,KBS
2022-10-19 07:00:00,14102.0,14335.0,14025.0,14335.0,170400,KBS
2022-10-20 07:00:00,14335.0,14412.0,13947.0,14064.0,118500,KBS
2022-10-21 07:00:00,14102.0,14102.0,13211.0,13211.0,262500,KBS
2022-10-24 07:00:00,13172.0,13482.0,12359.0,12475.0,276200,KBS
2022-10-25 07:00:00,12475.0,13211.0,12165.0,12746.0,221500,KBS
2022-10-26 07:00:00,12514.0,12940.0,12398.0,12630.0,65900,KBS
2022-10-27 07:00:00,12475.0,13482.0,12475.0,13482.0,201200,KBS
2022-10-28 07:00:00,13482.0,13909.0,13482.0,13637.0,139400,KBS
2022-10-31 07:00:00,13637.0,13792.0,12708.0,13250.0,153600,KBS
2022-11-01 07:00:00,13405.0,13405.0,13134.0,13172.0,67200,KBS
2022-11-02 07:00:00,13172.0,13405.0,12863.0,12863.0,82800,KBS
2022-11-03 07:00:00,12863.0,13250.0,12553.0,13172.0,261800,KBS
2022-11-04 07:00:00,12940.0,13366.0,12708.0,13017.0,144500,KBS
2022-11-07 07:00:00,13172.0,13172.0,12514.0,13017.0,85600,KBS
2022-11-08 07:00:00,12514.0,13056.0,12514.0,13017.0,69200,KBS
2022-11-09 07:00:00,13211.0,13211.0,12863.0,12979.0,82200,KBS
2022-11-10 07:00:00,12475.0,12901.0,12088.0,12088.0,304200,KBS
2022-11-11 07:00:00,12359.0,12398.0,11855.0,12088.0,154100,KBS
2022-11-14 07:00:00,12165.0,12165.0,11274.0,11700.0,259400,KBS
2022-11-15 07:00:00,10925.0,10964.0,10887.0,10887.0,131200,KBS
2022-11-16 07:00:00,10228.0,11623.0,10151.0,11584.0,178900,KBS
2022-11-17 07:00:00,12010.0,12010.0,11623.0,11933.0,84000,KBS
2022-11-18 07:00:00,11274.0,12126.0,11274.0,11933.0,63100,KBS
2022-11-21 07:00:00,11933.0,12243.0,11933.0,12010.0,60300,KBS
2022-11-22 07:00:00,12010.0,12553.0,12010.0,12243.0,110500,KBS
2022-11-23 07:00:00,12243.0,12320.0,12126.0,12204.0,41300,KBS
2022-11-24 07:00:00,11855.0,12243.0,11855.0,12204.0,57900,KBS
2022-11-25 07:00:00,12088.0,12398.0,12088.0,12398.0,58300,KBS
2022-11-28 07:00:00,12398.0,13017.0,12398.0,12979.0,127100,KBS
2022-11-29 07:00:00,13250.0,13405.0,12591.0,13172.0,111000,KBS
2022-11-30 07:00:00,13172.0,13637.0,13172.0,13637.0,196100,KBS
2022-12-01 07:00:00,14025.0,14025.0,13327.0,13637.0,204500,KBS
2022-12-02 07:00:00,13211.0,13754.0,13211.0,13754.0,89400,KBS
2022-12-05 07:00:00,14064.0,14102.0,13870.0,13986.0,174700,KBS
2022-12-06 07:00:00,13947.0,14955.0,13560.0,14955.0,431100,KBS
2022-12-07 07:00:00,14722.0,15110.0,14257.0,14567.0,90700,KBS
2022-12-08 07:00:00,14800.0,14916.0,14335.0,14838.0,177400,KBS
2022-12-09 07:00:00,14645.0,14722.0,14645.0,14683.0,125100,KBS
2022-12-12 07:00:00,14683.0,15071.0,14683.0,14722.0,122500,KBS
2022-12-13 07:00:00,14838.0,14877.0,14180.0,14296.0,146700,KBS
2022-12-14 07:00:00,14877.0,14877.0,14296.0,14567.0,57900,KBS
2022-12-15 07:00:00,14645.0,14645.0,14257.0,14451.0,59400,KBS
2022-12-16 07:00:00,14219.0,14567.0,13986.0,14335.0,119200,KBS
2022-12-19 07:00:00,14412.0,14645.0,14412.0,14528.0,87000,KBS
2022-12-20 07:00:00,14412.0,14490.0,13715.0,14257.0,185600,KBS
2022-12-21 07:00:00,14025.0,14180.0,13637.0,13792.0,48400,KBS
2022-12-22 07:00:00,13792.0,14025.0,13637.0,13870.0,51700,KBS
2022-12-23 07:00:00,13676.0,13947.0,13599.0,13599.0,34100,KBS
2022-12-26 07:00:00,13715.0,13715.0,13017.0,13095.0,33200,KBS
2022-12-27 07:00:00,13444.0,13444.0,12708.0,12785.0,203500,KBS
2022-12-28 07:00:00,13134.0,13172.0,12901.0,13172.0,11500,KBS
2022-12-29 07:00:00,13172.0,13289.0,13056.0,13056.0,22500,KBS
2022-12-30 07:00:00,13172.0,13172.0,12940.0,12979.0,37900,KBS
2023-01-03 07:00:00,13250.0,13831.0,13172.0,13792.0,63300,KBS
2023-01-04 07:00:00,13792.0,14219.0,13599.0,13754.0,122700,KBS
2023-01-05 07:00:00,13909.0,13947.0,13366.0,13637.0,74300,KBS
2023-01-06 07:00:00,13754.0,13792.0,13444.0,13560.0,26100,KBS
2023-01-09 07:00:00,13405.0,13560.0,13327.0,13366.0,72100,KBS
2023-01-10 07:00:00,13366.0,13521.0,13366.0,13482.0,24200,KBS
2023-01-11 07:00:00,13637.0,14025.0,13327.0,13637.0,122000,KBS
2023-01-12 07:00:00,13792.0,13792.0,13327.0,13560.0,44300,KBS
2023-01-13 07:00:00,13560.0,13637.0,13250.0,13405.0,115900,KBS
2023-01-16 07:00:00,13482.0,13560.0,13327.0,13560.0,54900,KBS
2023-01-17 07:00:00,13680.0,13680.0,13440.0,13560.0,109500,KBS
2023-01-18 07:00:00,13760.0,13760.0,13600.0,13760.0,89200,KBS
2023-01-19 07:00:00,13881.0,14001.0,13881.0,13921.0,95300,KBS
2023-01-27 07:00:00,14282.0,14282.0,14041.0,14282.0,56000,KBS
2023-01-30 07:00:00,14282.0,14442.0,14162.0,14282.0,113400,KBS
2023-01-31 07:00:00,14081.0,14603.0,14001.0,14282.0,283500,KBS
2023-02-01 07:00:00,14362.0,14523.0,13961.0,13961.0,107200,KBS
2023-02-02 07:00:00,13961.0,13961.0,13078.0,13440.0,100600,KBS
2023-02-03 07:00:00,13440.0,13640.0,13359.0,13480.0,64700,KBS
2023-02-06 07:00:00,13480.0,13600.0,13399.0,13520.0,35800,KBS
2023-02-07 07:00:00,13399.0,13640.0,13279.0,13279.0,46200,KBS
2023-02-08 07:00:00,13078.0,13440.0,12998.0,13359.0,21100,KBS
2023-02-09 07:00:00,13440.0,13680.0,13399.0,13640.0,36600,KBS
2023-02-10 07:00:00,13720.0,13760.0,13440.0,13640.0,10400,KBS
2023-02-13 07:00:00,13640.0,13640.0,12998.0,12998.0,76200,KBS
2023-02-14 07:00:00,13038.0,13279.0,13038.0,13279.0,16700,KBS
2023-02-15 07:00:00,13319.0,13560.0,13319.0,13560.0,12300,KBS
2023-02-16 07:00:00,13640.0,13640.0,13279.0,13600.0,37700,KBS
2023-02-17 07:00:00,13720.0,13961.0,13720.0,13921.0,334700,KBS
2023-02-20 07:00:00,14001.0,14041.0,13801.0,14041.0,66100,KBS
2023-02-21 07:00:00,13961.0,14122.0,13720.0,13841.0,73100,KBS
2023-02-22 07:00:00,13801.0,13801.0,13520.0,13560.0,58100,KBS
2023-02-23 07:00:00,13359.0,13560.0,13319.0,13560.0,40600,KBS
2023-02-24 07:00:00,13560.0,13560.0,13239.0,13239.0,60400,KBS
2023-02-27 07:00:00,12998.0,13159.0,12958.0,12958.0,40800,KBS
2023-02-28 07:00:00,12918.0,13119.0,12918.0,12998.0,68800,KBS
2023-03-01 07:00:00,12998.0,13279.0,12998.0,13239.0,17300,KBS
2023-03-02 07:00:00,13239.0,13399.0,12958.0,13319.0,27800,KBS
2023-03-03 07:00:00,13319.0,13480.0,13078.0,13399.0,26500,KBS
2023-03-06 07:00:00,13560.0,13560.0,13279.0,13399.0,16600,KBS
2023-03-07 07:00:00,13480.0,13560.0,12918.0,12918.0,179300,KBS
2023-03-08 07:00:00,12958.0,13159.0,12958.0,13119.0,8600,KBS
2023-03-09 07:00:00,13159.0,13279.0,13119.0,13119.0,19600,KBS
2023-03-10 07:00:00,13199.0,13239.0,13119.0,13159.0,30300,KBS
2023-03-13 07:00:00,12998.0,13199.0,12998.0,13199.0,23100,KBS
2023-03-14 07:00:00,13199.0,13199.0,12878.0,13078.0,20500,KBS
2023-03-15 07:00:00,13119.0,13399.0,13119.0,13279.0,158500,KBS
2023-03-16 07:00:00,13078.0,13199.0,13078.0,13199.0,15000,KBS
2023-03-17 07:00:00,13078.0,13159.0,12998.0,13119.0,34600,KBS
2023-03-20 07:00:00,12958.0,13119.0,12878.0,13078.0,52900,KBS
2023-03-21 07:00:00,13119.0,13239.0,13119.0,13199.0,36500,KBS
2023-03-22 07:00:00,12998.0,13199.0,12998.0,13119.0,8700,KBS
2023-03-23 07:00:00,13119.0,13119.0,13038.0,13119.0,11100,KBS
2023-03-24 07:00:00,13078.0,13119.0,13078.0,13078.0,15300,KBS
2023-03-27 07:00:00,13038.0,13119.0,12998.0,13119.0,27200,KBS
2023-03-28 07:00:00,13239.0,13239.0,13119.0,13159.0,20800,KBS
2023-03-29 07:00:00,13159.0,13159.0,13078.0,13119.0,12700,KBS
2023-03-30 07:00:00,13038.0,13319.0,13038.0,13199.0,71400,KBS
2023-03-31 07:00:00,13279.0,13279.0,13199.0,13199.0,13300,KBS
2023-04-03 07:00:00,13199.0,13319.0,13199.0,13279.0,25500,KBS
2023-04-04 07:00:00,13399.0,13480.0,13239.0,13399.0,62100,KBS
2023-04-05 07:00:00,13440.0,13520.0,13440.0,13520.0,50500,KBS
2023-04-06 07:00:00,13520.0,14041.0,13520.0,13841.0,199900,KBS
2023-04-07 07:00:00,13801.0,13921.0,13640.0,13841.0,84700,KBS
2023-04-10 07:00:00,13720.0,13720.0,13440.0,13480.0,61800,KBS
2023-04-11 07:00:00,13600.0,13640.0,13480.0,13520.0,11600,KBS
2023-04-12 07:00:00,13841.0,13841.0,13560.0,13720.0,31700,KBS
2023-04-13 07:00:00,13720.0,13801.0,13640.0,13760.0,66300,KBS
2023-04-14 07:00:00,13881.0,13881.0,12838.0,12838.0,107000,KBS
2023-04-17 07:00:00,13640.0,13640.0,13038.0,13159.0,33100,KBS
2023-04-18 07:00:00,13159.0,13319.0,13159.0,13159.0,29800,KBS
2023-04-19 07:00:00,13239.0,13359.0,13159.0,13159.0,21600,KBS
2023-04-20 07:00:00,13159.0,13199.0,13159.0,13159.0,28100,KBS
2023-04-21 07:00:00,13119.0,13399.0,13078.0,13119.0,34900,KBS
2023-04-24 07:00:00,12998.0,13319.0,12918.0,13199.0,19500,KBS
2023-04-25 07:00:00,13159.0,13279.0,13038.0,13038.0,23100,KBS
2023-04-26 07:00:00,13038.0,13078.0,12918.0,13078.0,16800,KBS
2023-04-27 07:00:00,13078.0,13199.0,13078.0,13159.0,19700,KBS
2023-04-28 07:00:00,13239.0,13279.0,13159.0,13159.0,30800,KBS
2023-05-04 07:00:00,13038.0,13520.0,12918.0,13399.0,201500,KBS
2023-05-05 07:00:00,13239.0,14282.0,13038.0,14282.0,678500,KBS
2023-05-08 07:00:00,14202.0,14202.0,13841.0,13841.0,112500,KBS
2023-05-09 07:00:00,13841.0,14041.0,13640.0,13640.0,84700,KBS
2023-05-10 07:00:00,13640.0,13881.0,13520.0,13720.0,110100,KBS
2023-05-11 07:00:00,13961.0,14162.0,13760.0,13961.0,191800,KBS
2023-05-12 07:00:00,14122.0,14122.0,13841.0,13921.0,81700,KBS
2023-05-15 07:00:00,14202.0,14402.0,13961.0,13961.0,314000,KBS
2023-05-16 07:00:00,13961.0,14041.0,13921.0,13921.0,71300,KBS
2023-05-17 07:00:00,13961.0,13961.0,13640.0,13720.0,214200,KBS
2023-05-18 07:00:00,13961.0,14001.0,13640.0,13881.0,60000,KBS
2023-05-19 07:00:00,13881.0,14081.0,13720.0,13881.0,91800,KBS
2023-05-22 07:00:00,13921.0,14122.0,13921.0,14041.0,194300,KBS
2023-05-23 07:00:00,14763.0,14763.0,14001.0,14242.0,93400,KBS
2023-05-24 07:00:00,14242.0,14282.0,13720.0,13841.0,143900,KBS
2023-05-25 07:00:00,14122.0,14122.0,13720.0,13760.0,97400,KBS
2023-05-26 07:00:00,13760.0,13760.0,13600.0,13760.0,82500,KBS
2023-05-29 07:00:00,14041.0,14041.0,13760.0,13961.0,79900,KBS
2023-05-30 07:00:00,14122.0,14643.0,14122.0,14322.0,391200,KBS
2023-05-31 07:00:00,14362.0,14603.0,14242.0,14442.0,210100,KBS
2023-06-01 07:00:00,14442.0,14603.0,14362.0,14402.0,165400,KBS
2023-06-02 07:00:00,14603.0,14603.0,14362.0,14523.0,265900,KBS
2023-06-05 07:00:00,14763.0,15245.0,14563.0,15084.0,396200,KBS
2023-06-06 07:00:00,15044.0,15084.0,14924.0,15004.0,106400,KBS
2023-06-07 07:00:00,15004.0,15084.0,14884.0,15004.0,125000,KBS
2023-06-08 07:00:00,15004.0,15084.0,14763.0,14763.0,255300,KBS
2023-06-09 07:00:00,14844.0,14844.0,14603.0,14683.0,189600,KBS
2023-06-12 07:00:00,14683.0,15044.0,14683.0,14964.0,267500,KBS
2023-06-13 07:00:00,15044.0,15124.0,14964.0,15004.0,454400,KBS
2023-06-14 07:00:00,15084.0,15165.0,14924.0,14964.0,298600,KBS
2023-06-15 07:00:00,14964.0,14964.0,14660.0,14747.0,180800,KBS
2023-06-16 07:00:00,14921.0,14921.0,14400.0,14400.0,296500,KBS
2023-06-19 07:00:00,14140.0,14313.0,13836.0,13923.0,605100,KBS
2023-06-20 07:00:00,14227.0,14270.0,13880.0,14097.0,148200,KBS
2023-06-21 07:00:00,14313.0,14313.0,13966.0,14140.0,236800,KBS
2023-06-22 07:00:00,14357.0,14660.0,14183.0,14574.0,303800,KBS
2023-06-23 07:00:00,14487.0,14617.0,14400.0,14487.0,129700,KBS
2023-06-26 07:00:00,14530.0,14617.0,14357.0,14487.0,360400,KBS
2023-06-27 07:00:00,14574.0,14921.0,14444.0,14921.0,1073800,KBS
2023-06-28 07:00:00,14921.0,15962.0,14921.0,15962.0,1641900,KBS
2023-06-29 07:00:00,16309.0,16309.0,15485.0,16048.0,621900,KBS
2023-06-30 07:00:00,15962.0,15962.0,15354.0,15571.0,542700,KBS
2023-07-03 07:00:00,16482.0,16525.0,15962.0,16092.0,971600,KBS
2023-07-04 07:00:00,16092.0,16135.0,15615.0,15615.0,330900,KBS
2023-07-05 07:00:00,15615.0,16482.0,15615.0,16439.0,933400,KBS
2023-07-06 07:00:00,16482.0,16525.0,15962.0,16005.0,617800,KBS
2023-07-07 07:00:00,16395.0,16569.0,16048.0,16178.0,603600,KBS
2023-07-10 07:00:00,16395.0,16829.0,16222.0,16742.0,822200,KBS
2023-07-11 07:00:00,16916.0,16959.0,16439.0,16525.0,644400,KBS
2023-07-12 07:00:00,16656.0,16959.0,16525.0,16656.0,396000,KBS
2023-07-13 07:00:00,16786.0,17176.0,16656.0,16959.0,680700,KBS
2023-07-14 07:00:00,17219.0,17219.0,16742.0,16959.0,496000,KBS
2023-07-17 07:00:00,16872.0,16872.0,16525.0,16829.0,443100,KBS
2023-07-18 07:00:00,16829.0,17133.0,16569.0,16569.0,366900,KBS
2023-07-19 07:00:00,16742.0,16742.0,16525.0,16525.0,292100,KBS
2023-07-20 07:00:00,16525.0,16786.0,16482.0,16656.0,256900,KBS
2023-07-21 07:00:00,16656.0,16786.0,16612.0,16699.0,343400,KBS
2023-07-24 07:00:00,16699.0,16829.0,16395.0,16829.0,464600,KBS
2023-07-25 07:00:00,17003.0,17263.0,16742.0,16959.0,565900,KBS
2023-07-26 07:00:00,16959.0,17089.0,16612.0,16656.0,242800,KBS
2023-07-27 07:00:00,16656.0,16829.0,16439.0,16829.0,459900,KBS
2023-07-28 07:00:00,16872.0,17306.0,16829.0,17046.0,539300,KBS
2023-07-31 07:00:00,17610.0,17740.0,17133.0,17610.0,763300,KBS
2023-08-01 07:00:00,17783.0,17913.0,16829.0,16916.0,493700,KBS
2023-08-02 07:00:00,17219.0,17219.0,16699.0,16829.0,280200,KBS
2023-08-03 07:00:00,16872.0,17003.0,16569.0,16656.0,307000,KBS
2023-08-04 07:00:00,16656.0,17003.0,16482.0,17003.0,455100,KBS
2023-08-07 07:00:00,17306.0,17523.0,17133.0,17436.0,682600,KBS
2023-08-08 07:00:00,17523.0,17653.0,17263.0,17480.0,585200,KBS
2023-08-09 07:00:00,17480.0,17480.0,16916.0,17133.0,479900,KBS
2023-08-10 07:00:00,17089.0,17350.0,17003.0,17046.0,188400,KBS
2023-08-11 07:00:00,17003.0,17003.0,16569.0,16916.0,356000,KBS
2023-08-14 07:00:00,17350.0,17350.0,16786.0,17089.0,300100,KBS
2023-08-15 07:00:00,17089.0,17393.0,17089.0,17089.0,229700,KBS
2023-08-16 07:00:00,17089.0,17089.0,16872.0,16916.0,175300,KBS
2023-08-17 07:00:00,16829.0,17046.0,16829.0,16872.0,304800,KBS
2023-08-18 07:00:00,16786.0,16829.0,15701.0,15875.0,681400,KBS
2023-08-21 07:00:00,15875.0,16222.0,15398.0,16048.0,220400,KBS
2023-08-22 07:00:00,16048.0,16135.0,15224.0,16048.0,200100,KBS
2023-08-23 07:00:00,16048.0,16178.0,15831.0,15918.0,90700,KBS
2023-08-24 07:00:00,15962.0,16135.0,15831.0,16135.0,88400,KBS
2023-08-25 07:00:00,16135.0,16265.0,16048.0,16135.0,112400,KBS
2023-08-28 07:00:00,16222.0,16786.0,16135.0,16525.0,204300,KBS
2023-08-29 07:00:00,16482.0,16742.0,16352.0,16352.0,240900,KBS
2023-08-30 07:00:00,16569.0,16569.0,16265.0,16309.0,138700,KBS
2023-08-31 07:00:00,16352.0,16742.0,16222.0,16742.0,203900,KBS
2023-09-05 07:00:00,16959.0,17003.0,16656.0,16829.0,290100,KBS
2023-09-06 07:00:00,16916.0,17089.0,16829.0,17003.0,336000,KBS
2023-09-07 07:00:00,17046.0,17046.0,16829.0,16872.0,211300,KBS
2023-09-08 07:00:00,17697.0,18044.0,17610.0,18044.0,739100,KBS
2023-09-11 07:00:00,18477.0,18824.0,18044.0,18044.0,752700,KBS
2023-09-12 07:00:00,17610.0,18087.0,17523.0,17783.0,741100,KBS
2023-09-13 07:00:00,17783.0,18217.0,17306.0,17697.0,288800,KBS
2023-09-14 07:00:00,17870.0,17870.0,17219.0,17350.0,323000,KBS
2023-09-15 07:00:00,17393.0,17610.0,17176.0,17176.0,236500,KBS
2023-09-18 07:00:00,17176.0,17263.0,16916.0,16959.0,206000,KBS
2023-09-19 07:00:00,16959.0,17350.0,16786.0,17263.0,271100,KBS
2023-09-20 07:00:00,17263.0,17566.0,17263.0,17523.0,180900,KBS
2023-09-21 07:00:00,17523.0,17783.0,17263.0,17523.0,138600,KBS
2023-09-22 07:00:00,17046.0,17523.0,16656.0,17219.0,371000,KBS
2023-09-25 07:00:00,17176.0,17263.0,16092.0,16092.0,237100,KBS
2023-09-26 07:00:00,16048.0,16439.0,15701.0,16005.0,208400,KBS
2023-09-27 07:00:00,16005.0,16222.0,15918.0,16222.0,87300,KBS
2023-09-28 07:00:00,16439.0,16439.0,16222.0,16309.0,83300,KBS
2023-09-29 07:00:00,16265.0,16439.0,16222.0,16395.0,57700,KBS
2023-10-02 07:00:00,16569.0,16872.0,16222.0,16786.0,181000,KBS
2023-10-03 07:00:00,16482.0,16612.0,16135.0,16135.0,70900,KBS
2023-10-04 07:00:00,15962.0,17133.0,15962.0,16829.0,215900,KBS
2023-10-05 07:00:00,17089.0,17350.0,16656.0,16742.0,112300,KBS
2023-10-06 07:00:00,16742.0,17003.0,16395.0,16742.0,128600,KBS
2023-10-09 07:00:00,16786.0,17610.0,16742.0,17219.0,186700,KBS
2023-10-10 07:00:00,17740.0,17740.0,17219.0,17263.0,344900,KBS
2023-10-11 07:00:00,17436.0,18174.0,17350.0,17783.0,702600,KBS
2023-10-12 07:00:00,17783.0,17913.0,17653.0,17870.0,230000,KBS
2023-10-13 07:00:00,17480.0,18130.0,17350.0,18044.0,389400,KBS
2023-10-16 07:00:00,18130.0,18738.0,18087.0,18391.0,771200,KBS
2023-10-17 07:00:00,18391.0,18477.0,17523.0,17523.0,288300,KBS
2023-10-18 07:00:00,17697.0,18044.0,16656.0,17523.0,654500,KBS
2023-10-19 07:00:00,17523.0,17523.0,17089.0,17350.0,146700,KBS
2023-10-20 07:00:00,16829.0,17783.0,16829.0,17783.0,213900,KBS
2023-10-23 07:00:00,17740.0,17740.0,16656.0,17350.0,423800,KBS
2023-10-24 07:00:00,17350.0,18174.0,16916.0,18174.0,321500,KBS
2023-10-25 07:00:00,17783.0,18044.0,17263.0,17566.0,292800,KBS
2023-10-26 07:00:00,17350.0,17350.0,16352.0,17263.0,1287800,KBS
2023-10-27 07:00:00,16525.0,17350.0,16395.0,17176.0,224700,KBS
2023-10-30 07:00:00,16829.0,17133.0,16352.0,16612.0,143800,KBS
2023-10-31 07:00:00,16569.0,16742.0,15485.0,16395.0,160700,KBS
2023-11-01 07:00:00,16092.0,16612.0,15962.0,16439.0,70100,KBS
2023-11-02 07:00:00,16395.0,17263.0,16309.0,17046.0,490600,KBS
2023-11-03 07:00:00,17089.0,17176.0,16656.0,17133.0,244000,KBS
2023-11-06 07:00:00,17133.0,17133.0,16786.0,17089.0,131100,KBS
2023-11-07 07:00:00,16829.0,17176.0,16829.0,17046.0,223400,KBS
2023-11-08 07:00:00,17046.0,17783.0,16742.0,17783.0,684800,KBS
2023-11-09 07:00:00,17957.0,18260.0,17783.0,17957.0,614600,KBS
2023-11-10 07:00:00,17783.0,18044.0,17523.0,17566.0,523700,KBS
2023-11-13 07:00:00,17610.0,17610.0,17133.0,17263.0,395900,KBS
2023-11-14 07:00:00,17566.0,17653.0,17393.0,17523.0,544300,KBS
2023-11-15 07:00:00,17870.0,17870.0,17436.0,17523.0,166500,KBS
2023-11-16 07:00:00,17523.0,18738.0,17393.0,18738.0,1070000,KBS
2023-11-17 07:00:00,19518.0,19779.0,18954.0,18998.0,928000,KBS
2023-11-20 07:00:00,18694.0,19909.0,18694.0,19822.0,989900,KBS
2023-11-21 07:00:00,19952.0,20516.0,19692.0,20212.0,533800,KBS
2023-11-22 07:00:00,20473.0,20473.0,19822.0,19995.0,303800,KBS
2023-11-23 07:00:00,19865.0,20473.0,19085.0,19085.0,543900,KBS
2023-11-24 07:00:00,19345.0,20126.0,18868.0,20126.0,659300,KBS
2023-11-27 07:00:00,20473.0,20646.0,20126.0,20473.0,503200,KBS
2023-11-28 07:00:00,20473.0,20646.0,20039.0,20386.0,381300,KBS
2023-11-29 07:00:00,20386.0,20559.0,20126.0,20342.0,221900,KBS
2023-11-30 07:00:00,20256.0,21123.0,20256.0,20950.0,510700,KBS
2023-12-01 07:00:00,20950.0,21080.0,20603.0,20950.0,181700,KBS
2023-12-04 07:00:00,20950.0,21080.0,20603.0,21036.0,506000,KBS
2023-12-05 07:00:00,21036.0,21166.0,20646.0,21036.0,296800,KBS
2023-12-06 07:00:00,20993.0,21210.0,20039.0,20473.0,500200,KBS
2023-12-07 07:00:00,20473.0,21644.0,20039.0,21644.0,1049400,KBS
2023-12-08 07:00:00,21644.0,22251.0,21166.0,21644.0,544800,KBS
2023-12-11 07:00:00,21644.0,21687.0,20993.0,21383.0,237700,KBS
2023-12-12 07:00:00,21383.0,22077.0,21123.0,22034.0,652300,KBS
2023-12-13 07:00:00,22034.0,22034.0,21470.0,21730.0,232300,KBS
2023-12-14 07:00:00,21947.0,21947.0,21253.0,21513.0,221500,KBS
2023-12-15 07:00:00,21253.0,21600.0,20993.0,21297.0,142500,KBS
2023-12-18 07:00:00,20993.0,21297.0,19952.0,19952.0,319100,KBS
2023-12-19 07:00:00,19909.0,20559.0,19865.0,20559.0,251300,KBS
2023-12-20 07:00:00,20386.0,20733.0,20256.0,20473.0,111900,KBS
2023-12-21 07:00:00,20386.0,21166.0,20126.0,21123.0,334100,KBS
2023-12-22 07:00:00,21123.0,21470.0,20819.0,21123.0,98700,KBS
2023-12-25 07:00:00,20993.0,21860.0,20863.0,21730.0,600700,KBS
2023-12-26 07:00:00,21730.0,21991.0,21080.0,21774.0,681200,KBS
2023-12-27 07:00:00,22039.0,22305.0,21906.0,22216.0,501600,KBS
2023-12-28 07:00:00,22216.0,22570.0,21951.0,22305.0,224600,KBS
2023-12-29 07:00:00,22305.0,22305.0,21685.0,21862.0,161900,KBS
2024-01-02 07:00:00,21862.0,22349.0,21641.0,21906.0,280300,KBS
2024-01-03 07:00:00,21951.0,22261.0,21862.0,22261.0,129500,KBS
2024-01-04 07:00:00,22216.0,22924.0,21862.0,21862.0,844100,KBS
2024-01-05 07:00:00,21906.0,22438.0,21906.0,22261.0,409600,KBS
2024-01-08 07:00:00,22305.0,23013.0,22128.0,22747.0,324800,KBS
2024-01-09 07:00:00,22969.0,23721.0,22659.0,23721.0,358300,KBS
2024-01-10 07:00:00,23854.0,23854.0,23234.0,23278.0,177700,KBS
2024-01-11 07:00:00,23367.0,23809.0,22924.0,23632.0,146000,KBS
2024-01-12 07:00:00,23677.0,23677.0,22836.0,23101.0,156100,KBS
2024-01-15 07:00:00,23013.0,23411.0,22836.0,23278.0,133100,KBS
2024-01-16 07:00:00,22969.0,23278.0,22570.0,22570.0,227900,KBS
2024-01-17 07:00:00,22924.0,23455.0,22615.0,22615.0,123500,KBS
2024-01-18 07:00:00,22659.0,23190.0,22482.0,23013.0,85200,KBS
2024-01-19 07:00:00,23234.0,23411.0,22836.0,23101.0,108100,KBS
2024-01-22 07:00:00,23101.0,23544.0,22703.0,23544.0,236700,KBS
2024-01-23 07:00:00,23190.0,24075.0,23190.0,23544.0,82300,KBS
2024-01-24 07:00:00,23544.0,23721.0,23278.0,23278.0,191700,KBS
2024-01-25 07:00:00,23278.0,23544.0,23057.0,23455.0,178300,KBS
2024-01-26 07:00:00,23500.0,24252.0,23455.0,23721.0,125900,KBS
2024-01-29 07:00:00,23765.0,24429.0,23765.0,24075.0,291700,KBS
2024-01-30 07:00:00,23809.0,24031.0,23190.0,24031.0,241800,KBS
2024-01-31 07:00:00,24031.0,24031.0,22747.0,22747.0,543900,KBS
2024-02-01 07:00:00,22836.0,23190.0,22836.0,22924.0,157800,KBS
2024-02-02 07:00:00,22747.0,23013.0,22482.0,22482.0,350500,KBS
2024-02-05 07:00:00,22393.0,22792.0,22393.0,22659.0,96000,KBS
2024-02-06 07:00:00,22570.0,22792.0,22482.0,22747.0,138800,KBS
2024-02-07 07:00:00,22747.0,23190.0,22747.0,22747.0,124200,KBS
2024-02-15 07:00:00,22792.0,22880.0,22305.0,22792.0,102200,KBS
2024-02-16 07:00:00,22792.0,23278.0,22128.0,23234.0,237100,KBS
2024-02-19 07:00:00,23367.0,23632.0,23146.0,23367.0,350600,KBS
2024-02-20 07:00:00,23500.0,23898.0,23278.0,23721.0,629500,KBS
2024-02-21 07:00:00,23677.0,24075.0,23234.0,23632.0,436800,KBS
2024-02-22 07:00:00,23632.0,23854.0,23278.0,23323.0,179000,KBS
2024-02-23 07:00:00,23323.0,23588.0,22659.0,22747.0,238600,KBS
2024-02-26 07:00:00,22792.0,23013.0,22747.0,22880.0,151800,KBS
2024-02-27 07:00:00,23190.0,23721.0,23013.0,23455.0,194800,KBS
2024-02-28 07:00:00,23721.0,24650.0,23455.0,24164.0,623300,KBS
2024-02-29 07:00:00,24164.0,24296.0,23809.0,23898.0,187500,KBS
2024-03-01 07:00:00,23942.0,24341.0,23632.0,24075.0,352700,KBS
2024-03-04 07:00:00,24075.0,24075.0,23632.0,23721.0,451200,KBS
2024-03-05 07:00:00,23721.0,24252.0,23632.0,24252.0,390600,KBS
2024-03-06 07:00:00,24252.0,24341.0,23987.0,24164.0,291900,KBS
2024-03-07 07:00:00,24119.0,25845.0,24119.0,25845.0,2021800,KBS
2024-03-08 07:00:00,25934.0,26509.0,25580.0,25934.0,651200,KBS
2024-03-11 07:00:00,26465.0,27748.0,26067.0,27527.0,1034800,KBS
2024-03-12 07:00:00,27438.0,28147.0,27173.0,27173.0,849900,KBS
2024-03-13 07:00:00,27483.0,29032.0,27217.0,28633.0,711600,KBS
2024-03-14 07:00:00,28633.0,28943.0,27881.0,28412.0,382400,KBS
2024-03-15 07:00:00,28412.0,28412.0,27527.0,28235.0,291000,KBS
2024-03-18 07:00:00,27970.0,29209.0,26288.0,26288.0,991200,KBS
2024-03-19 07:00:00,26199.0,26996.0,25757.0,26553.0,239400,KBS
2024-03-20 07:00:00,26421.0,27173.0,26421.0,26819.0,198300,KBS
2024-03-21 07:00:00,26996.0,27394.0,26642.0,27261.0,394500,KBS
2024-03-22 07:00:00,27704.0,27704.0,26376.0,26553.0,494000,KBS
2024-03-25 07:00:00,26907.0,26996.0,25978.0,25978.0,511500,KBS
2024-03-26 07:00:00,26022.0,26819.0,25934.0,26111.0,239700,KBS
2024-03-27 07:00:00,26111.0,26598.0,26111.0,26553.0,261200,KBS
2024-03-28 07:00:00,26996.0,26996.0,26553.0,26952.0,319800,KBS
2024-03-29 07:00:00,27084.0,27615.0,26952.0,26952.0,521400,KBS
2024-04-01 07:00:00,26952.0,26952.0,26509.0,26509.0,193500,KBS
2024-04-02 07:00:00,26376.0,27350.0,26376.0,27350.0,412100,KBS
2024-04-03 07:00:00,27660.0,29253.0,27660.0,29032.0,1094000,KBS
2024-04-04 07:00:00,29386.0,29386.0,28014.0,28589.0,244700,KBS
2024-04-05 07:00:00,27881.0,28722.0,26819.0,26819.0,1023700,KBS
2024-04-08 07:00:00,26819.0,26819.0,25845.0,25845.0,506700,KBS
2024-04-09 07:00:00,25934.0,26421.0,25934.0,26376.0,182700,KBS
2024-04-10 07:00:00,26376.0,26730.0,26022.0,26199.0,156500,KBS
2024-04-11 07:00:00,25668.0,26465.0,25668.0,26332.0,214600,KBS
2024-04-12 07:00:00,26686.0,26686.0,26067.0,26332.0,144900,KBS
2024-04-15 07:00:00,26332.0,26952.0,24518.0,25668.0,357200,KBS
2024-04-16 07:00:00,25491.0,25668.0,24429.0,25226.0,278100,KBS
2024-04-17 07:00:00,24695.0,25624.0,24473.0,25314.0,214500,KBS
2024-04-19 07:00:00,24075.0,24783.0,23721.0,23721.0,239100,KBS
2024-04-22 07:00:00,24606.0,24606.0,23898.0,24208.0,109400,KBS
2024-04-23 07:00:00,24208.0,24341.0,23809.0,24208.0,61100,KBS
2024-04-24 07:00:00,24783.0,25137.0,24341.0,24872.0,166400,KBS
2024-04-25 07:00:00,25270.0,25270.0,24562.0,24960.0,101800,KBS
2024-04-26 07:00:00,24606.0,25137.0,24075.0,24075.0,84100,KBS
2024-05-02 07:00:00,25314.0,25314.0,24783.0,25226.0,188300,KBS
2024-05-03 07:00:00,25535.0,26553.0,25226.0,26288.0,423100,KBS
2024-05-06 07:00:00,26288.0,28102.0,26288.0,28102.0,915400,KBS
2024-05-07 07:00:00,28147.0,28766.0,27704.0,28235.0,415600,KBS
2024-05-08 07:00:00,27881.0,30005.0,27881.0,29917.0,1239000,KBS
2024-05-09 07:00:00,30094.0,30890.0,30005.0,30359.0,1168600,KBS
2024-05-10 07:00:00,30359.0,30802.0,29651.0,29917.0,1036700,KBS
2024-05-13 07:00:00,29917.0,30536.0,29209.0,30536.0,717800,KBS
2024-05-14 07:00:00,30713.0,30713.0,30138.0,30625.0,537800,KBS
2024-05-15 07:00:00,31333.0,31333.0,30713.0,31156.0,726600,KBS
2024-05-16 07:00:00,31421.0,31864.0,30802.0,30979.0,617400,KBS
2024-05-17 07:00:00,30625.0,30890.0,30227.0,30315.0,408100,KBS
2024-05-20 07:00:00,30890.0,31687.0,30536.0,31643.0,1008300,KBS
2024-05-21 07:00:00,31687.0,32926.0,31244.0,32926.0,858600,KBS
2024-05-22 07:00:00,33457.0,34519.0,33457.0,34165.0,922700,KBS
2024-05-23 07:00:00,34342.0,34342.0,32970.0,33855.0,449100,KBS
2024-05-24 07:00:00,33855.0,34519.0,32572.0,34431.0,345700,KBS
2024-05-27 07:00:00,34431.0,35050.0,33369.0,34077.0,408200,KBS
2024-05-28 07:00:00,34254.0,34431.0,33457.0,34033.0,395200,KBS
2024-05-29 07:00:00,34033.0,35404.0,34033.0,34785.0,502300,KBS
2024-05-30 07:00:00,34785.0,34785.0,33546.0,34431.0,338800,KBS
2024-05-31 07:00:00,34431.0,34652.0,33369.0,33634.0,330100,KBS
2024-06-03 07:00:00,33767.0,35404.0,33767.0,33900.0,467400,KBS
2024-06-04 07:00:00,34475.0,34652.0,34033.0,34033.0,320500,KBS
2024-06-05 07:00:00,34519.0,34519.0,33546.0,33811.0,439200,KBS
2024-06-06 07:00:00,33811.0,34519.0,33811.0,33900.0,640300,KBS
2024-06-07 07:00:00,33988.0,35847.0,33988.0,34829.0,802700,KBS
2024-06-10 07:00:00,35050.0,35139.0,34210.0,34785.0,513600,KBS
2024-06-11 07:00:00,35006.0,35360.0,34077.0,34210.0,1032200,KBS
2024-06-12 07:00:00,34033.0,34519.0,33634.0,34519.0,478300,KBS
2024-06-13 07:00:00,34986.0,35452.0,34333.0,34519.0,402800,KBS
2024-06-14 07:00:00,34519.0,34846.0,33120.0,33120.0,745100,KBS
2024-06-17 07:00:00,32747.0,33167.0,32187.0,32467.0,518200,KBS
2024-06-18 07:00:00,32653.0,33913.0,32653.0,33820.0,461300,KBS
2024-06-19 07:00:00,34239.0,36152.0,34053.0,36152.0,1888800,KBS
2024-06-20 07:00:00,36525.0,37318.0,36432.0,37318.0,981000,KBS
2024-06-21 07:00:00,37365.0,38624.0,37132.0,37365.0,795100,KBS
2024-06-24 07:00:00,37178.0,37318.0,34986.0,35032.0,1054600,KBS
2024-06-25 07:00:00,35079.0,35639.0,34379.0,35032.0,672400,KBS
2024-06-26 07:00:00,34986.0,36292.0,34986.0,36292.0,1157900,KBS
2024-06-27 07:00:00,36385.0,37132.0,35452.0,35499.0,770500,KBS
2024-06-28 07:00:00,35452.0,35732.0,34146.0,34146.0,575200,KBS
2024-07-01 07:00:00,33960.0,35219.0,33213.0,34053.0,388400,KBS
2024-07-02 07:00:00,34053.0,34939.0,34053.0,34659.0,460100,KBS
2024-07-03 07:00:00,35219.0,36292.0,34706.0,35639.0,831200,KBS
2024-07-04 07:00:00,35919.0,36105.0,35172.0,35639.0,506900,KBS
2024-07-05 07:00:00,35919.0,36712.0,35639.0,35872.0,805300,KBS
2024-07-08 07:00:00,36852.0,38344.0,36572.0,38344.0,900700,KBS
2024-07-09 07:00:00,41003.0,41003.0,41003.0,41003.0,885200,KBS
2024-07-10 07:00:00,43009.0,43849.0,41936.0,42356.0,2130200,KBS
2024-07-11 07:00:00,43849.0,43849.0,40584.0,41890.0,951700,KBS
2024-07-12 07:00:00,41983.0,41983.0,41097.0,41516.0,548700,KBS
2024-07-15 07:00:00,41796.0,42823.0,41470.0,41610.0,642700,KBS
2024-07-16 07:00:00,41610.0,43056.0,41610.0,42216.0,1041900,KBS
2024-07-17 07:00:00,42076.0,42823.0,39277.0,39277.0,2315400,KBS
2024-07-18 07:00:00,39324.0,41516.0,39091.0,41330.0,1086800,KBS
2024-07-19 07:00:00,41796.0,42263.0,40490.0,41470.0,689700,KBS
2024-07-22 07:00:00,41423.0,41423.0,39371.0,40304.0,388900,KBS
2024-07-23 07:00:00,40957.0,41237.0,40164.0,40164.0,776600,KBS
2024-07-24 07:00:00,39557.0,40444.0,37411.0,39651.0,721600,KBS
2024-07-25 07:00:00,38624.0,41237.0,38624.0,41003.0,956600,KBS
2024-07-26 07:00:00,41143.0,41983.0,40537.0,41516.0,365200,KBS
2024-07-29 07:00:00,42823.0,44409.0,42823.0,44409.0,1726800,KBS
2024-07-30 07:00:00,45995.0,46741.0,44968.0,45435.0,1319500,KBS
2024-07-31 07:00:00,45435.0,45435.0,44595.0,45062.0,659000,KBS
2024-08-01 07:00:00,45062.0,45202.0,41936.0,41936.0,1435800,KBS
2024-08-02 07:00:00,41097.0,43662.0,40164.0,43569.0,1637100,KBS
2024-08-05 07:00:00,41703.0,42916.0,40537.0,40537.0,1213400,KBS
2024-08-06 07:00:00,41610.0,41610.0,39837.0,41330.0,657300,KBS
2024-08-07 07:00:00,41377.0,41610.0,40164.0,41190.0,663500,KBS
2024-08-08 07:00:00,40770.0,41423.0,38811.0,38998.0,702900,KBS
2024-08-09 07:00:00,39884.0,41003.0,39371.0,41003.0,779300,KBS
2024-08-12 07:00:00,41330.0,42916.0,40677.0,41796.0,820700,KBS
2024-08-13 07:00:00,42030.0,42683.0,41377.0,42310.0,754600,KBS
2024-08-14 07:00:00,43103.0,45248.0,42589.0,42589.0,1918000,KBS
2024-08-15 07:00:00,42916.0,42916.0,40397.0,41610.0,850000,KBS
2024-08-16 07:00:00,41890.0,43103.0,41050.0,43103.0,904900,KBS
2024-08-19 07:00:00,43616.0,43849.0,42543.0,43662.0,999600,KBS
2024-08-20 07:00:00,43662.0,44175.0,42963.0,43476.0,744400,KBS
2024-08-21 07:00:00,43196.0,44782.0,43149.0,43849.0,1512800,KBS
2024-08-22 07:00:00,44409.0,44409.0,43382.0,43382.0,498600,KBS
2024-08-23 07:00:00,43709.0,43709.0,41750.0,41983.0,1426700,KBS
2024-08-26 07:00:00,42356.0,42356.0,40257.0,40957.0,1163900,KBS
2024-08-27 07:00:00,40584.0,41423.0,40584.0,41237.0,582200,KBS
2024-08-28 07:00:00,41610.0,41610.0,40584.0,41423.0,412700,KBS
2024-08-29 07:00:00,41423.0,41423.0,40863.0,41097.0,242900,KBS
2024-08-30 07:00:00,41097.0,41610.0,41050.0,41377.0,447400,KBS
2024-09-04 07:00:00,40863.0,41377.0,40677.0,40863.0,295200,KBS
2024-09-05 07:00:00,40957.0,41656.0,40910.0,41237.0,603500,KBS
2024-09-06 07:00:00,41423.0,41890.0,40584.0,41890.0,504700,KBS
2024-09-09 07:00:00,41703.0,42030.0,41423.0,41890.0,442300,KBS
2024-09-10 07:00:00,42076.0,42263.0,40584.0,40910.0,368400,KBS
2024-09-11 07:00:00,40910.0,41377.0,40164.0,40957.0,431600,KBS
2024-09-12 07:00:00,41516.0,42916.0,41050.0,41656.0,1492000,KBS
2024-09-13 07:00:00,41983.0,42170.0,41377.0,42030.0,368400,KBS
2024-09-16 07:00:00,42030.0,43382.0,41610.0,41610.0,1925700,KBS
2024-09-17 07:00:00,41283.0,42170.0,40910.0,41796.0,499200,KBS
2024-09-18 07:00:00,41843.0,41983.0,41050.0,41330.0,447700,KBS
2024-09-19 07:00:00,41516.0,41796.0,40817.0,40910.0,795900,KBS
2024-09-20 07:00:00,41516.0,41656.0,40444.0,40490.0,1010100,KBS
2024-09-23 07:00:00,40490.0,41283.0,40490.0,40863.0,243300,KBS
2024-09-24 07:00:00,40863.0,41097.0,40304.0,40630.0,380400,KBS
2024-09-25 07:00:00,40677.0,41050.0,40584.0,40677.0,692200,KBS
2024-09-26 07:00:00,40863.0,40910.0,39277.0,39557.0,1864100,KBS
2024-09-27 07:00:00,39651.0,39930.0,38718.0,38904.0,1154200,KBS
2024-09-30 07:00:00,39091.0,39651.0,38904.0,39277.0,428500,KBS
2024-10-01 07:00:00,39651.0,39837.0,39231.0,39464.0,334200,KBS
2024-10-02 07:00:00,39511.0,39511.0,38764.0,38951.0,398000,KBS
2024-10-03 07:00:00,38951.0,39044.0,37598.0,37785.0,670800,KBS
2024-10-04 07:00:00,38671.0,38671.0,37318.0,38065.0,256800,KBS
2024-10-07 07:00:00,38065.0,38111.0,37365.0,37458.0,247600,KBS
2024-10-08 07:00:00,37411.0,37691.0,37132.0,37505.0,253300,KBS
2024-10-09 07:00:00,37505.0,38531.0,37318.0,38298.0,480700,KBS
2024-10-10 07:00:00,38298.0,38671.0,38065.0,38111.0,168000,KBS
2024-10-11 07:00:00,38158.0,38438.0,37411.0,38065.0,113300,KBS
2024-10-14 07:00:00,38344.0,38344.0,38065.0,38111.0,234100,KBS
2024-10-15 07:00:00,38298.0,38298.0,37411.0,37785.0,148300,KBS
2024-10-16 07:00:00,37411.0,37925.0,37225.0,37225.0,334600,KBS
2024-10-17 07:00:00,37225.0,37411.0,36805.0,36992.0,402900,KBS
2024-10-18 07:00:00,37318.0,37598.0,36945.0,36945.0,242700,KBS
2024-10-21 07:00:00,36945.0,36945.0,35919.0,35919.0,349800,KBS
2024-10-22 07:00:00,35919.0,37272.0,35452.0,37272.0,1061500,KBS
2024-10-23 07:00:00,36945.0,37878.0,36945.0,37785.0,368100,KBS
2024-10-24 07:00:00,37785.0,37925.0,36898.0,36898.0,300400,KBS
2024-10-25 07:00:00,36852.0,37085.0,36385.0,36665.0,208900,KBS
2024-10-28 07:00:00,36665.0,37738.0,36572.0,37645.0,722900,KBS
2024-10-29 07:00:00,37645.0,38811.0,37645.0,38344.0,1048200,KBS
2024-10-30 07:00:00,38344.0,38718.0,37038.0,37038.0,1612200,KBS
2024-10-31 07:00:00,37085.0,37318.0,36758.0,37085.0,406900,KBS
2024-11-01 07:00:00,37132.0,37132.0,35546.0,35546.0,1159700,KBS
2024-11-04 07:00:00,35639.0,35639.0,34053.0,34519.0,1173300,KBS
2024-11-05 07:00:00,34519.0,34893.0,34239.0,34379.0,236500,KBS
2024-11-06 07:00:00,34566.0,35032.0,34473.0,35032.0,458300,KBS
2024-11-07 07:00:00,35266.0,35406.0,34566.0,34846.0,374300,KBS
2024-11-08 07:00:00,34939.0,35126.0,34659.0,34659.0,314400,KBS
2024-11-11 07:00:00,34519.0,35732.0,34519.0,35219.0,549900,KBS
2024-11-12 07:00:00,35266.0,36012.0,35266.0,35686.0,1052300,KBS
2024-11-13 07:00:00,35686.0,36758.0,35126.0,36758.0,755800,KBS
2024-11-14 07:00:00,36712.0,37318.0,36618.0,36665.0,818000,KBS
2024-11-15 07:00:00,36665.0,36665.0,34799.0,35452.0,783800,KBS
2024-11-18 07:00:00,35546.0,35639.0,34519.0,35032.0,485600,KBS
2024-11-19 07:00:00,34846.0,35359.0,34519.0,34519.0,363800,KBS
2024-11-20 07:00:00,34846.0,35406.0,34286.0,34846.0,231400,KBS
2024-11-21 07:00:00,35359.0,35639.0,34846.0,35639.0,300700,KBS
2024-11-22 07:00:00,35825.0,36805.0,35732.0,36618.0,1339800,KBS
2024-11-25 07:00:00,36945.0,37411.0,36479.0,36898.0,646000,KBS
2024-11-26 07:00:00,36992.0,37971.0,36479.0,37598.0,978200,KBS
2024-11-27 07:00:00,37831.0,37971.0,36152.0,36199.0,1216500,KBS
2024-11-28 07:00:00,36152.0,36479.0,35639.0,36152.0,838800,KBS
2024-11-29 07:00:00,36385.0,36385.0,35639.0,35825.0,517900,KBS
2024-12-02 07:00:00,35825.0,36059.0,35639.0,36012.0,513200,KBS
2024-12-03 07:00:00,36012.0,36432.0,35732.0,36292.0,538400,KBS
2024-12-04 07:00:00,36665.0,36805.0,36105.0,36105.0,633500,KBS
2024-12-05 07:00:00,36105.0,36618.0,35825.0,36618.0,561200,KBS
2024-12-06 07:00:00,36712.0,38158.0,36525.0,36852.0,1867300,KBS
2024-12-09 07:00:00,36852.0,37225.0,36618.0,36945.0,612500,KBS
2024-12-10 07:00:00,37178.0,37225.0,36432.0,36432.0,632800,KBS
2024-12-11 07:00:00,36479.0,36479.0,36012.0,36199.0,832700,KBS
2024-12-12 07:00:00,36292.0,36758.0,36012.0,36105.0,503400,KBS
2024-12-13 07:00:00,36012.0,36152.0,35359.0,35546.0,654000,KBS
2024-12-16 07:00:00,35452.0,36339.0,35452.0,35732.0,420900,KBS
2024-12-17 07:00:00,36016.0,36110.0,35543.0,35921.0,322800,KBS
2024-12-18 07:00:00,35921.0,36016.0,35638.0,35921.0,193500,KBS
2024-12-19 07:00:00,35732.0,36630.0,33511.0,35921.0,568900,KBS
2024-12-20 07:00:00,36016.0,36630.0,35732.0,36205.0,432000,KBS
2024-12-23 07:00:00,36488.0,37717.0,36063.0,37575.0,1166000,KBS
2024-12-24 07:00:00,37765.0,39041.0,37575.0,38852.0,1934000,KBS
2024-12-25 07:00:00,39230.0,39372.0,37859.0,38284.0,1029100,KBS
2024-12-26 07:00:00,38095.0,39041.0,37906.0,38426.0,932000,KBS
2024-12-27 07:00:00,38426.0,38710.0,37765.0,38001.0,856900,KBS
2024-12-30 07:00:00,38237.0,38237.0,37859.0,37954.0,359300,KBS
2024-12-31 07:00:00,37954.0,38663.0,37812.0,38048.0,531200,KBS
2025-01-02 07:00:00,38190.0,38663.0,38190.0,38426.0,528000,KBS
2025-01-03 07:00:00,38284.0,39182.0,38284.0,38426.0,1432400,KBS
2025-01-06 07:00:00,38001.0,38474.0,36394.0,36867.0,1332800,KBS
2025-01-07 07:00:00,36914.0,37103.0,34976.0,35496.0,861500,KBS
2025-01-08 07:00:00,35165.0,35732.0,35118.0,35354.0,310900,KBS
2025-01-09 07:00:00,35401.0,35638.0,34740.0,34834.0,365500,KBS
2025-01-10 07:00:00,34881.0,34929.0,33653.0,33653.0,736800,KBS
2025-01-13 07:00:00,32896.0,33842.0,32707.0,33842.0,343300,KBS
2025-01-14 07:00:00,33842.0,34503.0,33842.0,34314.0,351200,KBS
2025-01-15 07:00:00,34409.0,34645.0,34125.0,34551.0,332300,KBS
2025-01-16 07:00:00,34976.0,35921.0,34740.0,35827.0,749700,KBS
2025-01-17 07:00:00,35874.0,37150.0,35874.0,36394.0,761400,KBS
2025-01-20 07:00:00,36441.0,37812.0,36441.0,37150.0,572000,KBS
2025-01-21 07:00:00,37103.0,37339.0,36441.0,37056.0,292900,KBS
2025-01-22 07:00:00,37056.0,38190.0,36914.0,37954.0,1006700,KBS
2025-01-23 07:00:00,38237.0,38663.0,37717.0,38048.0,731900,KBS
2025-01-24 07:00:00,38426.0,38426.0,37954.0,38095.0,616100,KBS
2025-02-03 07:00:00,38001.0,38663.0,37339.0,38190.0,582900,KBS
2025-02-04 07:00:00,38615.0,40175.0,38332.0,39608.0,609600,KBS
2025-02-05 07:00:00,39891.0,40553.0,39277.0,40364.0,1280700,KBS
2025-02-06 07:00:00,40648.0,41120.0,40270.0,40459.0,784800,KBS
2025-02-07 07:00:00,40789.0,40789.0,39939.0,40364.0,588500,KBS
2025-02-10 07:00:00,40175.0,40553.0,39844.0,40364.0,764000,KBS
2025-02-11 07:00:00,40411.0,40600.0,39986.0,40411.0,485100,KBS
2025-02-12 07:00:00,40789.0,41026.0,40270.0,40553.0,346500,KBS
2025-02-13 07:00:00,40695.0,41593.0,40411.0,41309.0,911000,KBS
2025-02-14 07:00:00,41593.0,41593.0,40270.0,40364.0,750300,KBS
2025-02-17 07:00:00,40364.0,40364.0,39372.0,39702.0,1080800,KBS
2025-02-18 07:00:00,39372.0,39655.0,39230.0,39608.0,645800,KBS
2025-02-19 07:00:00,39702.0,40600.0,39702.0,40270.0,517900,KBS
2025-02-20 07:00:00,40270.0,41120.0,40081.0,40270.0,767200,KBS
2025-02-21 07:00:00,40175.0,40979.0,40128.0,40884.0,762000,KBS
2025-02-24 07:00:00,40884.0,41309.0,39891.0,40506.0,557000,KBS
2025-02-25 07:00:00,40837.0,41168.0,40270.0,40506.0,482800,KBS
2025-02-26 07:00:00,41026.0,41971.0,40270.0,40317.0,1504000,KBS
2025-02-27 07:00:00,40364.0,40600.0,40081.0,40364.0,499500,KBS
2025-02-28 07:00:00,40364.0,40553.0,40175.0,40222.0,549500,KBS
2025-03-03 07:00:00,40317.0,40884.0,39797.0,40884.0,844200,KBS
2025-03-04 07:00:00,41120.0,41451.0,40884.0,41120.0,797700,KBS
2025-03-05 07:00:00,41404.0,41404.0,40695.0,40695.0,644200,KBS
2025-03-06 07:00:00,40506.0,40837.0,39702.0,40317.0,806500,KBS
2025-03-07 07:00:00,40364.0,40931.0,40317.0,40459.0,380000,KBS
2025-03-10 07:00:00,40600.0,40648.0,39797.0,39891.0,429400,KBS
2025-03-11 07:00:00,39513.0,40222.0,39513.0,40222.0,317700,KBS
2025-03-12 07:00:00,40270.0,40270.0,39513.0,39655.0,344300,KBS
2025-03-13 07:00:00,39655.0,39655.0,37859.0,38284.0,1043400,KBS
2025-03-14 07:00:00,38001.0,38284.0,37765.0,37812.0,252400,KBS
2025-03-17 07:00:00,38568.0,38568.0,37812.0,37906.0,249000,KBS
2025-03-18 07:00:00,37623.0,38332.0,37623.0,38143.0,215400,KBS
2025-03-19 07:00:00,38095.0,38379.0,37954.0,38190.0,121800,KBS
2025-03-20 07:00:00,38284.0,38757.0,38001.0,38757.0,176800,KBS
2025-03-21 07:00:00,37812.0,38615.0,37623.0,38190.0,303400,KBS
2025-03-24 07:00:00,38190.0,38190.0,37386.0,38095.0,213200,KBS
2025-03-25 07:00:00,38001.0,38757.0,37859.0,38568.0,221300,KBS
2025-03-26 07:00:00,38663.0,38710.0,38048.0,38095.0,143000,KBS
2025-03-27 07:00:00,38095.0,39041.0,38095.0,38615.0,299600,KBS
2025-03-28 07:00:00,38993.0,39230.0,38615.0,38710.0,275400,KBS
2025-03-31 07:00:00,38615.0,38615.0,38095.0,38237.0,286000,KBS
2025-04-01 07:00:00,38237.0,39135.0,38237.0,39135.0,332200,KBS
2025-04-02 07:00:00,39135.0,39230.0,38852.0,38946.0,150300,KBS
2025-04-03 07:00:00,36252.0,37292.0,36252.0,36252.0,550200,KBS
2025-04-04 07:00:00,33747.0,35638.0,33747.0,35638.0,753400,KBS
2025-04-08 07:00:00,33180.0,35165.0,33180.0,33180.0,237900,KBS
2025-04-09 07:00:00,30864.0,33369.0,30864.0,32613.0,485100,KBS
2025-04-10 07:00:00,34881.0,34881.0,34834.0,34881.0,192200,KBS
2025-04-11 07:00:00,36536.0,36583.0,35118.0,35921.0,526500,KBS
2025-04-14 07:00:00,36110.0,37717.0,36110.0,37528.0,716300,KBS
2025-04-15 07:00:00,37481.0,38237.0,37103.0,38095.0,624000,KBS
2025-04-16 07:00:00,38095.0,38757.0,37575.0,37812.0,261600,KBS
2025-04-17 07:00:00,37056.0,38190.0,37056.0,37906.0,249900,KBS
2025-04-18 07:00:00,37906.0,38521.0,37670.0,37765.0,326000,KBS
2025-04-21 07:00:00,38474.0,38757.0,38001.0,38568.0,313800,KBS
2025-04-22 07:00:00,39041.0,39041.0,37056.0,38568.0,933800,KBS
2025-04-23 07:00:00,39041.0,39513.0,38852.0,39324.0,544900,KBS
2025-04-24 07:00:00,39702.0,40175.0,39324.0,39750.0,518800,KBS
2025-04-25 07:00:00,40081.0,40081.0,38804.0,38804.0,229200,KBS
2025-04-28 07:00:00,38804.0,39182.0,38474.0,38568.0,154500,KBS
2025-04-29 07:00:00,38757.0,39608.0,38568.0,38615.0,481900,KBS
2025-05-05 07:00:00,39230.0,41309.0,38663.0,41309.0,3200400,KBS
2025-05-06 07:00:00,42066.0,44051.0,41593.0,42349.0,1354700,KBS
2025-05-07 07:00:00,42964.0,43484.0,42160.0,43153.0,1137000,KBS
2025-05-08 07:00:00,43153.0,43767.0,42538.0,42538.0,719600,KBS
2025-05-09 07:00:00,42538.0,43105.0,42160.0,42444.0,699300,KBS
2025-05-12 07:00:00,42727.0,42727.0,41593.0,42255.0,817900,KBS
2025-05-13 07:00:00,42680.0,43862.0,41593.0,43011.0,1870000,KBS
2025-05-14 07:00:00,43295.0,43295.0,41688.0,41924.0,1213200,KBS
2025-05-15 07:00:00,41924.0,42869.0,41688.0,42066.0,724100,KBS
2025-05-16 07:00:00,42113.0,42916.0,42066.0,42255.0,718500,KBS
2025-05-19 07:00:00,42113.0,43673.0,41593.0,41829.0,1324500,KBS
2025-05-20 07:00:00,41640.0,42207.0,41640.0,41829.0,540300,KBS
2025-05-21 07:00:00,42066.0,42538.0,41829.0,42491.0,739300,KBS
2025-05-22 07:00:00,42869.0,45280.0,42680.0,44051.0,3405200,KBS
2025-05-23 07:00:00,44098.0,44902.0,43578.0,44429.0,755000,KBS
2025-05-26 07:00:00,44429.0,46225.0,43484.0,45421.0,1688600,KBS
2025-05-27 07:00:00,45894.0,45894.0,44098.0,44382.0,1411200,KBS
2025-05-28 07:00:00,45091.0,45327.0,44429.0,45185.0,1138000,KBS
2025-05-29 07:00:00,44996.0,45374.0,44618.0,44996.0,712600,KBS
2025-05-30 07:00:00,44996.0,45138.0,44145.0,44145.0,1039600,KBS
2025-06-02 07:00:00,43956.0,46792.0,43578.0,46367.0,2099400,KBS
2025-06-03 07:00:00,46981.0,46981.0,45847.0,45847.0,1062500,KBS
2025-06-04 07:00:00,45894.0,46319.0,44240.0,44523.0,1681300,KBS
2025-06-05 07:00:00,44665.0,44902.0,44240.0,44476.0,851300,KBS
2025-06-06 07:00:00,44240.0,44902.0,44240.0,44382.0,679800,KBS
2025-06-09 07:00:00,44429.0,44523.0,42160.0,42680.0,1300000,KBS
2025-06-10 07:00:00,42538.0,43531.0,42538.0,43200.0,1014900,KBS
2025-06-11 07:00:00,43200.0,43750.0,43150.0,43300.0,502500,KBS
2025-06-12 07:00:00,43300.0,43750.0,43300.0,43350.0,544400,KBS
2025-06-13 07:00:00,42600.0,44150.0,42500.0,43900.0,998600,KBS
2025-06-16 07:00:00,44500.0,46000.0,44500.0,44800.0,1201000,KBS
2025-06-17 07:00:00,44800.0,45500.0,44500.0,45500.0,1070800,KBS
2025-06-18 07:00:00,46000.0,46500.0,45650.0,45700.0,1404000,KBS
2025-06-19 07:00:00,45700.0,48000.0,45150.0,47700.0,2887600,KBS
2025-06-20 07:00:00,48000.0,48900.0,47350.0,47600.0,1010400,KBS
2025-06-23 07:00:00,47500.0,49000.0,47350.0,47500.0,1117400,KBS
2025-06-24 07:00:00,47000.0,47000.0,45000.0,46150.0,2085900,KBS
2025-06-25 07:00:00,46450.0,46450.0,45500.0,45500.0,859900,KBS
2025-06-26 07:00:00,45600.0,46300.0,45600.0,45600.0,1173500,KBS
2025-06-27 07:00:00,45600.0,46000.0,45350.0,45700.0,533700,KBS
2025-06-30 07:00:00,45950.0,46850.0,45800.0,46650.0,943000,KBS
2025-07-01 07:00:00,46700.0,46700.0,45900.0,46500.0,498200,KBS
2025-07-02 07:00:00,46500.0,47900.0,46400.0,47500.0,1254000,KBS
2025-07-03 07:00:00,47500.0,47500.0,46500.0,46600.0,959000,KBS
2025-07-04 07:00:00,46600.0,46750.0,45800.0,46050.0,630100,KBS
2025-07-07 07:00:00,46300.0,46800.0,46050.0,46750.0,551300,KBS
2025-07-08 07:00:00,47250.0,47450.0,46750.0,47400.0,799100,KBS
2025-07-09 07:00:00,47700.0,48500.0,46600.0,46900.0,1067100,KBS
2025-07-10 07:00:00,46800.0,47400.0,46600.0,46700.0,830700,KBS
2025-07-11 07:00:00,46900.0,46900.0,43500.0,45000.0,1328500,KBS
2025-07-14 07:00:00,45400.0,45750.0,44650.0,45700.0,566900,KBS
2025-07-15 07:00:00,45850.0,46400.0,45500.0,45650.0,801800,KBS
2025-07-16 07:00:00,45650.0,45800.0,45100.0,45300.0,495600,KBS
2025-07-17 07:00:00,45450.0,45600.0,45050.0,45150.0,443300,KBS
2025-07-18 07:00:00,45100.0,45450.0,44150.0,44750.0,1029900,KBS
2025-07-21 07:00:00,44450.0,45400.0,44450.0,45100.0,364500,KBS
2025-07-22 07:00:00,45100.0,45800.0,45000.0,45100.0,507900,KBS
2025-07-23 07:00:00,45150.0,47100.0,44600.0,47100.0,1980000,KBS
2025-07-24 07:00:00,48000.0,48000.0,47300.0,47400.0,1122600,KBS
2025-07-25 07:00:00,47750.0,47800.0,46500.0,46550.0,1754800,KBS
2025-07-28 07:00:00,46600.0,46800.0,46000.0,46100.0,1033400,KBS
2025-07-29 07:00:00,46600.0,47500.0,43100.0,43100.0,1429800,KBS
2025-07-30 07:00:00,43600.0,44250.0,43000.0,43050.0,910900,KBS
2025-07-31 07:00:00,43150.0,44000.0,42550.0,42800.0,735800,KBS
2025-08-01 07:00:00,42850.0,43400.0,42700.0,43300.0,642400,KBS
2025-08-04 07:00:00,43400.0,44000.0,43000.0,43650.0,300600,KBS
2025-08-05 07:00:00,43650.0,44000.0,43250.0,43350.0,1111200,KBS
2025-08-06 07:00:00,43750.0,44850.0,43350.0,44100.0,1285900,KBS
2025-08-07 07:00:00,45000.0,45100.0,44100.0,44400.0,462300,KBS
2025-08-08 07:00:00,44800.0,46000.0,44250.0,45950.0,2325000,KBS
2025-08-11 07:00:00,46500.0,46500.0,45350.0,46000.0,1227200,KBS
2025-08-12 07:00:00,46000.0,46950.0,45950.0,46600.0,1659800,KBS
2025-08-13 07:00:00,46500.0,46500.0,44700.0,46500.0,1091700,KBS
2025-08-14 07:00:00,46750.0,46750.0,45800.0,46000.0,705800,KBS
2025-08-15 07:00:00,46000.0,48000.0,45500.0,47200.0,1878600,KBS
2025-08-18 07:00:00,48000.0,49500.0,47000.0,47500.0,1962500,KBS
2025-08-19 07:00:00,47500.0,48250.0,46500.0,47250.0,976000,KBS
2025-08-20 07:00:00,47050.0,48500.0,46800.0,47800.0,1564500,KBS
2025-08-21 07:00:00,48300.0,51100.0,48300.0,50800.0,3301000,KBS
2025-08-22 07:00:00,49800.0,50200.0,47250.0,47250.0,1568300,KBS
2025-08-25 07:00:00,46000.0,46100.0,43950.0,43950.0,1923900,KBS
2025-08-26 07:00:00,42500.0,45450.0,42450.0,45450.0,1045800,KBS
2025-08-27 07:00:00,45000.0,45450.0,44000.0,44000.0,1095800,KBS
2025-08-28 07:00:00,44300.0,44450.0,43750.0,44000.0,220500,KBS
2025-08-29 07:00:00,43850.0,44450.0,43800.0,44050.0,484900,KBS
2025-09-03 07:00:00,44050.0,44100.0,43550.0,43550.0,223700,KBS
2025-09-04 07:00:00,43900.0,44350.0,43700.0,43850.0,243900,KBS
2025-09-05 07:00:00,44450.0,45000.0,43850.0,43950.0,555400,KBS
2025-09-08 07:00:00,43900.0,43900.0,41700.0,42000.0,466900,KBS
2025-09-09 07:00:00,42000.0,43000.0,41950.0,42350.0,108000,KBS
2025-09-10 07:00:00,43000.0,43000.0,41000.0,42800.0,125200,KBS
2025-09-11 07:00:00,42950.0,42950.0,41800.0,42350.0,150000,KBS
2025-09-12 07:00:00,42800.0,43400.0,42450.0,43200.0,152200,KBS
2025-09-15 07:00:00,43600.0,44650.0,43400.0,44300.0,356300,KBS
2025-09-16 07:00:00,44500.0,45000.0,43700.0,44400.0,777200,KBS
2025-09-17 07:00:00,44800.0,44800.0,43500.0,44150.0,196800,KBS
2025-09-18 07:00:00,44400.0,44400.0,43200.0,43900.0,230800,KBS
2025-09-19 07:00:00,43900.0,43950.0,43400.0,43400.0,93800,KBS
2025-09-22 07:00:00,43500.0,43500.0,41700.0,41950.0,562500,KBS
2025-09-23 07:00:00,42000.0,42400.0,41950.0,42250.0,31300,KBS
2025-09-24 07:00:00,41750.0,43200.0,41600.0,43200.0,115400,KBS
2025-09-25 07:00:00,43000.0,43000.0,42650.0,42700.0,32900,KBS
2025-09-26 07:00:00,42900.0,43200.0,41950.0,42200.0,79900,KBS
2025-09-29 07:00:00,42200.0,42300.0,41400.0,41750.0,150500,KBS
2025-09-30 07:00:00,42000.0,42000.0,41200.0,41750.0,69400,KBS
2025-10-01 07:00:00,41750.0,42000.0,41500.0,41500.0,48600,KBS
2025-10-02 07:00:00,41500.0,42250.0,41300.0,41300.0,48300,KBS
2025-10-03 07:00:00,41450.0,41450.0,39850.0,41000.0,109200,KBS
2025-10-06 07:00:00,41100.0,41700.0,41100.0,41550.0,77000,KBS
2025-10-07 07:00:00,41850.0,41850.0,41450.0,41500.0,59100,KBS
2025-10-08 07:00:00,41700.0,42350.0,41000.0,42250.0,192900,KBS
2025-10-09 07:00:00,42300.0,43500.0,41750.0,43200.0,383500,KBS
2025-10-10 07:00:00,43450.0,44400.0,43300.0,44000.0,403300,KBS
2025-10-13 07:00:00,43500.0,44000.0,43100.0,43300.0,269000,KBS
2025-10-14 07:00:00,43300.0,43300.0,42000.0,42050.0,90000,KBS
2025-10-15 07:00:00,41650.0,42300.0,41650.0,41700.0,108900,KBS
2025-10-16 07:00:00,41700.0,42000.0,41200.0,42000.0,169800,KBS
2025-10-17 07:00:00,42200.0,42700.0,41550.0,42400.0,152000,KBS
2025-10-20 07:00:00,42400.0,43550.0,41050.0,42400.0,728900,KBS
2025-10-21 07:00:00,42450.0,42900.0,42000.0,42050.0,97300,KBS
2025-10-22 07:00:00,42150.0,43450.0,42100.0,43000.0,206000,KBS
2025-10-23 07:00:00,44100.0,44100.0,42900.0,43100.0,96100,KBS
2025-10-24 07:00:00,43100.0,43100.0,42250.0,42800.0,112600,KBS
2025-10-27 07:00:00,42100.0,43000.0,42100.0,42800.0,45800,KBS
2025-10-28 07:00:00,42800.0,42950.0,42550.0,42850.0,73600,KBS
2025-10-29 07:00:00,42850.0,44750.0,42850.0,44450.0,612900,KBS
2025-10-30 07:00:00,44700.0,46000.0,44700.0,45750.0,508600,KBS
2025-10-31 07:00:00,46000.0,46500.0,45350.0,45700.0,450400,KBS
2025-11-03 07:00:00,45000.0,45700.0,44000.0,44000.0,283000,KBS
2025-11-04 07:00:00,42450.0,44000.0,42000.0,43950.0,363100,KBS
2025-11-05 07:00:00,43950.0,44500.0,43350.0,44350.0,309700,KBS
2025-11-06 07:00:00,44450.0,45000.0,44250.0,45000.0,233000,KBS
2025-11-07 07:00:00,44000.0,44500.0,44000.0,44000.0,156600,KBS
2025-11-10 07:00:00,43050.0,44350.0,43050.0,44100.0,96500,KBS
2025-11-11 07:00:00,44100.0,45950.0,43650.0,45950.0,562800,KBS
2025-11-12 07:00:00,46500.0,46500.0,45100.0,45800.0,574900,KBS
2025-11-13 07:00:00,45800.0,47000.0,45500.0,45700.0,823900,KBS
2025-11-14 07:00:00,45800.0,46000.0,45100.0,46000.0,311500,KBS
2025-11-17 07:00:00,45900.0,46200.0,45000.0,45400.0,138100,KBS
2025-11-18 07:00:00,45400.0,45500.0,44000.0,44900.0,261500,KBS
2025-11-19 07:00:00,45000.0,45850.0,44800.0,45150.0,176800,KBS
2025-11-20 07:00:00,45150.0,45550.0,42000.0,44650.0,327200,KBS
2025-11-21 07:00:00,44650.0,44650.0,43600.0,44200.0,53400,KBS
2025-11-24 07:00:00,44200.0,44500.0,43500.0,44050.0,183100,KBS
2025-11-25 07:00:00,43650.0,44300.0,43500.0,43650.0,187600,KBS
2025-11-26 07:00:00,43250.0,43800.0,43250.0,43500.0,117100,KBS
2025-11-27 07:00:00,43950.0,44050.0,42700.0,44000.0,125100,KBS
2025-11-28 07:00:00,43600.0,43900.0,43200.0,43200.0,54700,KBS
2025-12-01 07:00:00,42900.0,44400.0,42900.0,44200.0,131100,KBS
2025-12-02 07:00:00,44200.0,44200.0,43250.0,43900.0,89000,KBS
2025-12-03 07:00:00,43500.0,43900.0,43200.0,43850.0,81700,KBS
2025-12-04 07:00:00,43850.0,43900.0,43300.0,43800.0,63700,KBS
2025-12-05 07:00:00,43800.0,43950.0,43450.0,43450.0,76700,KBS
2025-12-08 07:00:00,43450.0,43450.0,43050.0,43100.0,80100,KBS
2025-12-09 07:00:00,43000.0,43000.0,42350.0,42850.0,101600,KBS
2025-12-10 07:00:00,42800.0,43700.0,42700.0,43250.0,149600,KBS
2025-12-11 07:00:00,43250.0,43700.0,43200.0,43250.0,12700,KBS
2025-12-12 07:00:00,43100.0,43200.0,42600.0,42600.0,40300,KBS
2025-12-15 07:00:00,42600.0,42900.0,42300.0,42400.0,102700,KBS
2025-12-16 07:00:00,42000.0,42750.0,42000.0,42750.0,56100,KBS
2025-12-17 07:00:00,42850.0,43400.0,42300.0,43000.0,112800,KBS
2025-12-18 07:00:00,43250.0,43250.0,42650.0,42800.0,12600,KBS
2025-12-19 07:00:00,42400.0,42950.0,42400.0,42750.0,15600,KBS
2025-12-22 07:00:00,42750.0,42900.0,42700.0,42800.0,11000,KBS
2025-12-23 07:00:00,42000.0,43000.0,42000.0,42550.0,108300,KBS
2025-12-24 07:00:00,42300.0,43000.0,42300.0,42650.0,27800,KBS
2025-12-25 07:00:00,42550.0,42900.0,42500.0,42700.0,76500,KBS
2025-12-26 07:00:00,42500.0,42650.0,42300.0,42450.0,52000,KBS
2025-12-29 07:00:00,42100.0,43000.0,42100.0,42700.0,140500,KBS
2025-12-30 07:00:00,42500.0,42750.0,42300.0,42500.0,27800,KBS
2025-12-31 07:00:00,42350.0,43000.0,42350.0,42700.0,99200,KBS
2026-01-05 07:00:00,42700.0,43300.0,42300.0,42800.0,141300,KBS
2026-01-06 07:00:00,42850.0,43600.0,42500.0,43600.0,289600,KBS
2026-01-07 07:00:00,43600.0,44800.0,43300.0,44300.0,266200,KBS
2026-01-08 07:00:00,44950.0,46000.0,44400.0,45650.0,720900,KBS
2026-01-09 07:00:00,45500.0,46300.0,45150.0,45800.0,425800,KBS
2026-01-12 07:00:00,46200.0,47200.0,46000.0,46200.0,457200,KBS
2026-01-13 07:00:00,46500.0,46750.0,45400.0,46750.0,141000,KBS
2026-01-14 07:00:00,47000.0,49300.0,46400.0,48900.0,990800,KBS
2026-01-15 07:00:00,49950.0,50800.0,48250.0,50100.0,474500,KBS
2026-01-16 07:00:00,50100.0,50100.0,49000.0,49100.0,284400,KBS
2026-01-19 07:00:00,48500.0,48500.0,46500.0,47700.0,160400,KBS
2026-01-20 07:00:00,46500.0,47500.0,46450.0,46450.0,281500,KBS
2026-01-21 07:00:00,46950.0,46950.0,46200.0,46950.0,137100,KBS
2026-01-22 07:00:00,46950.0,49900.0,46950.0,48800.0,343100,KBS
2026-01-23 07:00:00,47450.0,48300.0,46750.0,46800.0,73300,KBS
2026-01-26 07:00:00,45100.0,46700.0,44600.0,46200.0,248900,KBS
2026-01-27 07:00:00,45700.0,46800.0,45700.0,46000.0,12100,KBS
2026-01-28 07:00:00,46000.0,46700.0,46000.0,46000.0,84900,KBS
2026-01-29 07:00:00,46000.0,47000.0,45600.0,46700.0,41700,KBS
2026-01-30 07:00:00,47350.0,47900.0,46700.0,47700.0,146800,KBS
2026-02-02 07:00:00,47200.0,49000.0,47200.0,48800.0,392600,KBS
2026-02-03 07:00:00,48900.0,49800.0,48900.0,49100.0,288900,KBS
2026-02-04 07:00:00,48550.0,49900.0,48550.0,49400.0,324700,KBS
2026-02-05 07:00:00,49450.0,52800.0,49450.0,52800.0,798200,KBS
2026-02-06 07:00:00,53000.0,55400.0,52000.0,54200.0,391900,KBS
2026-02-09 07:00:00,55000.0,55000.0,53000.0,53300.0,206400,KBS
2026-02-10 07:00:00,52100.0,54400.0,52100.0,52900.0,142100,KBS
2026-02-11 07:00:00,51200.0,56600.0,50300.0,56600.0,1110600,KBS
2026-02-12 07:00:00,57900.0,60500.0,57200.0,60500.0,371400,KBS
2026-02-13 07:00:00,61900.0,62300.0,58000.0,60500.0,318400,KBS
2026-02-23 07:00:00,60300.0,63200.0,59100.0,61500.0,389700,KBS
2026-02-24 07:00:00,62200.0,65800.0,61500.0,65800.0,446800,KBS
2026-02-25 07:00:00,67800.0,70000.0,66500.0,70000.0,736900,KBS
2026-02-26 07:00:00,74500.0,74500.0,67500.0,68800.0,191700,KBS
2026-02-27 07:00:00,71400.0,73600.0,68000.0,73600.0,318500,KBS
2026-03-02 07:00:00,76000.0,77300.0,68500.0,71000.0,826500,KBS
2026-03-03 07:00:00,72800.0,75900.0,69100.0,75900.0,491800,KBS
2026-03-04 07:00:00,76300.0,77900.0,73400.0,76100.0,570700,KBS
2026-03-05 07:00:00,76800.0,76800.0,70800.0,75100.0,243200,KBS
2026-03-06 07:00:00,70500.0,73500.0,69900.0,69900.0,202600,KBS
2026-03-09 07:00:00,69900.0,72500.0,65300.0,67900.0,492100,KBS
2026-03-10 07:00:00,67500.0,71800.0,67500.0,71000.0,160800,KBS
2026-03-11 07:00:00,66500.0,70700.0,66500.0,68700.0,84400,KBS
2026-03-12 07:00:00,68400.0,71500.0,67300.0,71000.0,452000,KBS
2026-03-13 07:00:00,71000.0,71900.0,66500.0,67100.0,527300,KBS
2026-03-16 07:00:00,66100.0,66100.0,62500.0,62500.0,86800,KBS
2026-03-17 07:00:00,58200.0,62200.0,58200.0,58200.0,332100,KBS
2026-03-18 07:00:00,58200.0,62200.0,56000.0,62200.0,219700,KBS
2026-03-19 07:00:00,60500.0,62100.0,58400.0,59500.0,111200,KBS
2026-03-20 07:00:00,58100.0,58600.0,55400.0,55400.0,125100,KBS
2026-03-23 07:00:00,52100.0,54000.0,51600.0,53700.0,297300,KBS
2026-03-24 07:00:00,54000.0,54100.0,50300.0,52000.0,189800,KBS
2026-03-25 07:00:00,53000.0,54700.0,52200.0,53500.0,126800,KBS
2026-03-26 07:00:00,53700.0,57200.0,51600.0,57200.0,454800,KBS
2026-03-27 07:00:00,57100.0,58100.0,55700.0,56500.0,235600,KBS
2026-03-30 07:00:00,56500.0,58400.0,55800.0,57200.0,118100,KBS
2026-03-31 07:00:00,57200.0,57300.0,54100.0,55300.0,105000,KBS
2026-04-01 07:00:00,55500.0,56800.0,54600.0,55500.0,145400,KBS
2026-04-02 07:00:00,55500.0,57500.0,55000.0,57200.0,197100,KBS
2026-04-03 07:00:00,57200.0,57200.0,55400.0,55400.0,79400,KBS
2026-04-06 07:00:00,55500.0,56400.0,52000.0,54900.0,100400,KBS
2026-04-07 07:00:00,54900.0,55900.0,54800.0,55500.0,147300,KBS
2026-04-08 07:00:00,57400.0,57400.0,55000.0,56200.0,61800,KBS
2026-04-09 07:00:00,56200.0,56200.0,55100.0,55500.0,85900,KBS
2026-04-10 07:00:00,55500.0,59200.0,55300.0,57900.0,243500,KBS
2026-04-13 07:00:00,57800.0,59500.0,57800.0,57900.0,87100,KBS
2026-04-14 07:00:00,58000.0,58400.0,56900.0,58300.0,65500,KBS
2026-04-15 07:00:00,58300.0,58800.0,57400.0,58300.0,189500,KBS
2026-04-16 07:00:00,58400.0,62300.0,58200.0,62300.0,789500,KBS
2026-04-17 07:00:00,64000.0,66600.0,62600.0,66600.0,232000,KBS
2026-04-20 07:00:00,66600.0,69400.0,63600.0,64000.0,221200,KBS
2026-04-21 07:00:00,64000.0,66200.0,63600.0,65300.0,287200,KBS
2026-04-22 07:00:00,65000.0,66600.0,65000.0,66000.0,337900,KBS
2026-04-23 07:00:00,67500.0,67500.0,62200.0,64200.0,211700,KBS
2026-04-24 07:00:00,64500.0,64600.0,61300.0,62100.0,134700,KBS
2026-04-28 07:00:00,61600.0,64200.0,60300.0,63200.0,124000,KBS
2026-04-29 07:00:00,63200.0,67600.0,63200.0,67600.0,794200,KBS
2026-05-04 07:00:00,64300.0,71600.0,64300.0,71600.0,711400,KBS
2026-05-05 07:00:00,71300.0,71500.0,68000.0,68000.0,293700,KBS
2026-05-06 07:00:00,68000.0,68200.0,65600.0,66900.0,220500,KBS
2026-05-07 07:00:00,67800.0,67800.0,63500.0,64500.0,400000,KBS
2026-05-08 07:00:00,64600.0,66900.0,64600.0,65200.0,707500,KBS
2026-05-11 07:00:00,65000.0,66200.0,62700.0,63400.0,554000,KBS
2026-05-12 07:00:00,63700.0,64300.0,61200.0,63800.0,177100,KBS
2026-05-13 07:00:00,64900.0,65000.0,62600.0,63800.0,260800,KBS
2026-05-14 07:00:00,63800.0,64300.0,62000.0,62000.0,171800,KBS
2026-05-15 07:00:00,62200.0,62900.0,61800.0,62700.0,79100,KBS
2026-05-18 07:00:00,62700.0,64000.0,62700.0,63200.0,532400,KBS
2026-05-19 07:00:00,63200.0,63300.0,60800.0,60900.0,178800,KBS
2026-05-20 07:00:00,60900.0,61300.0,57700.0,58000.0,211700,KBS
2026-05-21 07:00:00,58500.0,58700.0,57000.0,57000.0,89100,KBS
2026-05-22 07:00:00,57000.0,59600.0,57000.0,58900.0,190700,KBS
2026-05-25 07:00:00,60800.0,60800.0,58000.0,58100.0,139800,KBS
2026-05-26 07:00:00,58700.0,58700.0,57000.0,57000.0,95500,KBS
2026-05-27 07:00:00,57200.0,58000.0,57200.0,57600.0,53300,KBS
2026-05-28 07:00:00,57200.0,57300.0,56000.0,56900.0,86400,KBS
2026-05-29 07:00:00,56600.0,57400.0,55400.0,55400.0,50000,KBS
2026-06-01 07:00:00,55400.0,59200.0,55400.0,59200.0,701000,KBS
2026-06-02 07:00:00,58100.0,59400.0,57200.0,58200.0,412000,KBS
2026-06-03 07:00:00,58200.0,58300.0,57100.0,57100.0,169000,KBS
2026-06-04 07:00:00,58500.0,58500.0,56200.0,57300.0,167200,KBS
2026-06-05 07:00:00,56900.0,57800.0,56100.0,57000.0,142100,KBS
