date,open,high,low,close,volume,_source
2020-01-02 07:00:00,58447.0,59214.0,58447.0,58788.0,87010,KBS
2020-01-03 07:00:00,59128.0,59128.0,58362.0,58447.0,59290,KBS
2020-01-06 07:00:00,58191.0,58362.0,57595.0,57595.0,129160,KBS
2020-01-07 07:00:00,57850.0,57936.0,57424.0,57510.0,67160,KBS
2020-01-08 07:00:00,56998.0,56998.0,55976.0,56232.0,163230,KBS
2020-01-09 07:00:00,57254.0,57254.0,55465.0,55465.0,157250,KBS
2020-01-10 07:00:00,56232.0,57339.0,55380.0,57084.0,136260,KBS
2020-01-13 07:00:00,56998.0,57084.0,56658.0,56828.0,63230,KBS
2020-01-14 07:00:00,56658.0,57084.0,55380.0,56232.0,171640,KBS
2020-01-15 07:00:00,56572.0,56572.0,55635.0,56146.0,92440,KBS
2020-01-16 07:00:00,56061.0,56487.0,56061.0,56232.0,157100,KBS
2020-01-17 07:00:00,56317.0,56317.0,55976.0,56146.0,131930,KBS
2020-01-20 07:00:00,56146.0,56402.0,55465.0,55720.0,107680,KBS
2020-01-21 07:00:00,56061.0,56146.0,55550.0,56146.0,119020,KBS
2020-01-22 07:00:00,55635.0,57084.0,55550.0,57084.0,156250,KBS
2020-01-30 07:00:00,56146.0,56232.0,53250.0,53761.0,335430,KBS
2020-01-31 07:00:00,53761.0,55039.0,50097.0,50097.0,176570,KBS
2020-02-03 07:00:00,46860.0,49586.0,46604.0,47371.0,270730,KBS
2020-02-04 07:00:00,46945.0,48564.0,46945.0,47456.0,312880,KBS
2020-02-05 07:00:00,47626.0,48649.0,47541.0,48393.0,298760,KBS
2020-02-06 07:00:00,49416.0,49756.0,48649.0,49756.0,176570,KBS
2020-02-07 07:00:00,50779.0,50949.0,49927.0,50949.0,158980,KBS
2020-02-10 07:00:00,50864.0,50864.0,48734.0,48990.0,208410,KBS
2020-02-11 07:00:00,48990.0,49416.0,48819.0,49245.0,210080,KBS
2020-02-12 07:00:00,50523.0,50523.0,48904.0,48990.0,192330,KBS
2020-02-13 07:00:00,49671.0,49671.0,48819.0,48990.0,145610,KBS
2020-02-14 07:00:00,48990.0,49160.0,48564.0,48564.0,215320,KBS
2020-02-17 07:00:00,48564.0,48990.0,48052.0,48052.0,178000,KBS
2020-02-18 07:00:00,48819.0,48819.0,47712.0,47797.0,313670,KBS
2020-02-19 07:00:00,47797.0,48564.0,47286.0,48052.0,159970,KBS
2020-02-20 07:00:00,48052.0,49416.0,48052.0,48990.0,281140,KBS
2020-02-21 07:00:00,48990.0,50949.0,48990.0,49842.0,369290,KBS
2020-02-24 07:00:00,46434.0,48990.0,46434.0,47712.0,211810,KBS
2020-02-25 07:00:00,47286.0,48478.0,47286.0,48478.0,98010,KBS
2020-02-26 07:00:00,47456.0,48223.0,47286.0,47286.0,258550,KBS
2020-02-27 07:00:00,47371.0,48052.0,46519.0,48052.0,240770,KBS
2020-02-28 07:00:00,46860.0,47286.0,46434.0,46774.0,225310,KBS
2020-03-02 07:00:00,46774.0,47286.0,46604.0,46604.0,150220,KBS
2020-03-03 07:00:00,47286.0,47541.0,46774.0,47456.0,134260,KBS
2020-03-04 07:00:00,47456.0,47456.0,46860.0,47456.0,98150,KBS
2020-03-05 07:00:00,47882.0,47882.0,46945.0,47030.0,180900,KBS
2020-03-06 07:00:00,46860.0,47286.0,46519.0,46945.0,140150,KBS
2020-03-09 07:00:00,43878.0,44304.0,43707.0,43707.0,223930,KBS
2020-03-10 07:00:00,41151.0,44304.0,40683.0,41492.0,379820,KBS
2020-03-11 07:00:00,41492.0,43111.0,38595.0,38851.0,333320,KBS
2020-03-12 07:00:00,36465.0,38340.0,36167.0,36167.0,333240,KBS
2020-03-13 07:00:00,33654.0,35784.0,33654.0,34463.0,771590,KBS
2020-03-16 07:00:00,34506.0,34932.0,32802.0,32802.0,256330,KBS
2020-03-17 07:00:00,32376.0,34080.0,31098.0,33228.0,259670,KBS
2020-03-18 07:00:00,33824.0,34250.0,33228.0,33228.0,359810,KBS
2020-03-19 07:00:00,33057.0,33057.0,31353.0,31609.0,410470,KBS
2020-03-20 07:00:00,31609.0,32205.0,29564.0,29564.0,1738250,KBS
2020-03-23 07:00:00,29820.0,29820.0,27519.0,27519.0,719140,KBS
2020-03-24 07:00:00,28116.0,29436.0,27690.0,29436.0,656590,KBS
2020-03-25 07:00:00,31055.0,31481.0,30842.0,31481.0,572360,KBS
2020-03-26 07:00:00,32205.0,33654.0,31950.0,33654.0,1358190,KBS
2020-03-27 07:00:00,34080.0,34761.0,32376.0,32376.0,891510,KBS
2020-03-30 07:00:00,30416.0,32205.0,30118.0,30672.0,539450,KBS
2020-03-31 07:00:00,30672.0,32120.0,30416.0,31524.0,805060,KBS
2020-04-01 07:00:00,31524.0,33696.0,31439.0,33696.0,640300,KBS
2020-04-03 07:00:00,34506.0,36039.0,34506.0,36039.0,1120910,KBS
2020-04-06 07:00:00,36125.0,38553.0,36082.0,38553.0,1131900,KBS
2020-04-07 07:00:00,38766.0,40810.0,38084.0,40725.0,851500,KBS
2020-04-08 07:00:00,39192.0,42174.0,38169.0,40725.0,993810,KBS
2020-04-09 07:00:00,40725.0,42259.0,40044.0,40214.0,803850,KBS
2020-04-10 07:00:00,40044.0,40981.0,38808.0,39192.0,750810,KBS
2020-04-13 07:00:00,40044.0,40555.0,39106.0,39405.0,688640,KBS
2020-04-14 07:00:00,39405.0,39703.0,38510.0,39362.0,558310,KBS
2020-04-15 07:00:00,40044.0,41833.0,39958.0,41407.0,699600,KBS
2020-04-16 07:00:00,41322.0,41407.0,40214.0,41109.0,448560,KBS
2020-04-17 07:00:00,41748.0,41748.0,40470.0,41279.0,758580,KBS
2020-04-20 07:00:00,40981.0,41279.0,40214.0,40768.0,893750,KBS
2020-04-21 07:00:00,40044.0,40555.0,38851.0,38851.0,608330,KBS
2020-04-22 07:00:00,37573.0,40896.0,37573.0,40044.0,398660,KBS
2020-04-23 07:00:00,40810.0,41194.0,40044.0,40299.0,607220,KBS
2020-04-24 07:00:00,40470.0,40470.0,39532.0,40044.0,307960,KBS
2020-04-27 07:00:00,40896.0,40896.0,39575.0,39575.0,287510,KBS
2020-04-28 07:00:00,39447.0,39958.0,38425.0,39277.0,433680,KBS
2020-04-29 07:00:00,39362.0,39618.0,38851.0,39362.0,312690,KBS
2020-05-04 07:00:00,39192.0,39575.0,37573.0,37573.0,449700,KBS
2020-05-05 07:00:00,37488.0,38340.0,37488.0,38340.0,361060,KBS
2020-05-06 07:00:00,38510.0,39618.0,37914.0,39618.0,587550,KBS
2020-05-07 07:00:00,39618.0,40470.0,39192.0,40001.0,874170,KBS
2020-05-08 07:00:00,40044.0,42088.0,40044.0,40810.0,1646520,KBS
2020-05-11 07:00:00,41023.0,41577.0,40896.0,41023.0,917750,KBS
2020-05-12 07:00:00,40810.0,42600.0,40470.0,42429.0,1471180,KBS
2020-05-13 07:00:00,42344.0,44730.0,41364.0,43026.0,1085990,KBS
2020-05-14 07:00:00,42174.0,43452.0,42174.0,42344.0,963990,KBS
2020-05-15 07:00:00,42514.0,42855.0,41066.0,41109.0,932240,KBS
2020-05-18 07:00:00,41322.0,41918.0,40896.0,41577.0,619780,KBS
2020-05-19 07:00:00,42685.0,42685.0,41322.0,41407.0,999630,KBS
2020-05-20 07:00:00,41364.0,42600.0,41151.0,42174.0,873620,KBS
2020-05-21 07:00:00,42514.0,43452.0,42174.0,42685.0,1347860,KBS
2020-05-22 07:00:00,42344.0,42940.0,41833.0,41875.0,891980,KBS
2020-05-25 07:00:00,41918.0,42387.0,41748.0,42174.0,618230,KBS
2020-05-26 07:00:00,42088.0,44644.0,41961.0,44304.0,2157490,KBS
2020-05-27 07:00:00,44730.0,45326.0,43026.0,43026.0,1804210,KBS
2020-05-28 07:00:00,43026.0,43537.0,42429.0,42940.0,771840,KBS
2020-05-29 07:00:00,42770.0,42940.0,42344.0,42557.0,865840,KBS
2020-06-01 07:00:00,42685.0,43622.0,42685.0,43196.0,710180,KBS
2020-06-02 07:00:00,43452.0,43537.0,42514.0,42514.0,1122590,KBS
2020-06-03 07:00:00,42600.0,42855.0,42088.0,42514.0,1059760,KBS
2020-06-04 07:00:00,42600.0,43196.0,42387.0,42472.0,690490,KBS
2020-06-05 07:00:00,42472.0,42472.0,41833.0,42387.0,669340,KBS
2020-06-08 07:00:00,42770.0,43878.0,42685.0,43111.0,1401870,KBS
2020-06-09 07:00:00,43452.0,45156.0,43366.0,44644.0,2255000,KBS
2020-06-10 07:00:00,44815.0,45156.0,43792.0,44985.0,1128810,KBS
2020-06-11 07:00:00,44730.0,44900.0,41918.0,41918.0,1531870,KBS
2020-06-12 07:00:00,41577.0,41748.0,39618.0,41151.0,1764620,KBS
2020-06-15 07:00:00,41322.0,42131.0,39192.0,40214.0,1240270,KBS
2020-06-16 07:00:00,40896.0,41918.0,40555.0,41918.0,641350,KBS
2020-06-17 07:00:00,41918.0,41918.0,40896.0,40896.0,487610,KBS
2020-06-18 07:00:00,40725.0,41194.0,40299.0,40896.0,274450,KBS
2020-06-19 07:00:00,40896.0,42174.0,40896.0,42174.0,1296450,KBS
2020-06-22 07:00:00,42174.0,42429.0,41322.0,41748.0,570410,KBS
2020-06-23 07:00:00,41748.0,42088.0,40981.0,41407.0,526810,KBS
2020-06-24 07:00:00,41407.0,41662.0,40896.0,40896.0,515830,KBS
2020-06-25 07:00:00,40470.0,40896.0,40384.0,40896.0,434930,KBS
2020-06-26 07:00:00,40896.0,41151.0,40470.0,40470.0,272160,KBS
2020-06-29 07:00:00,39192.0,40044.0,38851.0,38979.0,810560,KBS
2020-06-30 07:00:00,39490.0,39660.0,38340.0,38766.0,422070,KBS
2020-07-01 07:00:00,39192.0,39192.0,38510.0,39149.0,538190,KBS
2020-07-02 07:00:00,39149.0,40470.0,39064.0,39958.0,474710,KBS
2020-07-03 07:00:00,39703.0,40044.0,38340.0,39618.0,323340,KBS
2020-07-06 07:00:00,39618.0,40470.0,39447.0,40044.0,435550,KBS
2020-07-07 07:00:00,40214.0,40810.0,40129.0,40214.0,548920,KBS
2020-07-08 07:00:00,40129.0,40427.0,39916.0,40214.0,225550,KBS
2020-07-09 07:00:00,40384.0,40810.0,40214.0,40683.0,444710,KBS
2020-07-10 07:00:00,40470.0,41449.0,40384.0,40810.0,561640,KBS
2020-07-13 07:00:00,40896.0,41194.0,40470.0,40470.0,435230,KBS
2020-07-14 07:00:00,40384.0,40640.0,40086.0,40512.0,352890,KBS
2020-07-15 07:00:00,40725.0,40981.0,40555.0,40768.0,611470,KBS
2020-07-16 07:00:00,40853.0,40938.0,40470.0,40896.0,361820,KBS
2020-07-17 07:00:00,40896.0,41662.0,40597.0,41194.0,641980,KBS
2020-07-20 07:00:00,41236.0,41236.0,40129.0,40129.0,499110,KBS
2020-07-21 07:00:00,40214.0,40214.0,39703.0,39788.0,529300,KBS
2020-07-22 07:00:00,39788.0,40214.0,39149.0,39192.0,641900,KBS
2020-07-23 07:00:00,39192.0,39447.0,38766.0,39106.0,394690,KBS
2020-07-24 07:00:00,39021.0,39192.0,36465.0,37147.0,822340,KBS
2020-07-27 07:00:00,34591.0,36167.0,34548.0,34548.0,1074090,KBS
2020-07-28 07:00:00,34506.0,36039.0,34506.0,35699.0,731010,KBS
2020-07-29 07:00:00,34506.0,35613.0,33739.0,34165.0,595950,KBS
2020-07-30 07:00:00,34761.0,34932.0,34421.0,34591.0,413760,KBS
2020-07-31 07:00:00,33654.0,35017.0,33398.0,34421.0,875290,KBS
2020-08-03 07:00:00,34421.0,36806.0,34421.0,36806.0,766120,KBS
2020-08-04 07:00:00,37828.0,39192.0,37573.0,38595.0,741900,KBS
2020-08-05 07:00:00,38595.0,39362.0,37914.0,39192.0,848700,KBS
2020-08-06 07:00:00,39149.0,39149.0,38467.0,38638.0,446440,KBS
2020-08-07 07:00:00,38766.0,38766.0,38041.0,38254.0,478820,KBS
2020-08-10 07:00:00,38340.0,38936.0,38340.0,38680.0,364040,KBS
2020-08-11 07:00:00,38766.0,38893.0,38510.0,38553.0,216390,KBS
2020-08-12 07:00:00,38680.0,38979.0,38340.0,38723.0,333050,KBS
2020-08-13 07:00:00,38766.0,40555.0,38766.0,40001.0,920670,KBS
2020-08-14 07:00:00,40001.0,40044.0,38979.0,39064.0,584630,KBS
2020-08-17 07:00:00,39021.0,39021.0,38510.0,38766.0,230300,KBS
2020-08-18 07:00:00,38766.0,38936.0,37914.0,37999.0,762020,KBS
2020-08-19 07:00:00,37999.0,38680.0,37999.0,38595.0,348070,KBS
2020-08-20 07:00:00,38766.0,39021.0,38127.0,38595.0,378780,KBS
2020-08-21 07:00:00,38595.0,39149.0,38595.0,39064.0,438610,KBS
2020-08-24 07:00:00,39618.0,40129.0,39234.0,39958.0,948780,KBS
2020-08-25 07:00:00,40470.0,41066.0,40342.0,40384.0,1069560,KBS
2020-08-26 07:00:00,40384.0,40810.0,40214.0,40555.0,548640,KBS
2020-08-27 07:00:00,40555.0,40725.0,40214.0,40555.0,585730,KBS
2020-08-28 07:00:00,40640.0,41236.0,40257.0,40938.0,1183880,KBS
2020-08-31 07:00:00,41109.0,42855.0,41109.0,42514.0,2226020,KBS
2020-09-01 07:00:00,42429.0,43963.0,42259.0,43878.0,1763210,KBS
2020-09-03 07:00:00,43878.0,44389.0,43622.0,44048.0,1133940,KBS
2020-09-04 07:00:00,43026.0,43792.0,42685.0,43707.0,1202750,KBS
2020-09-07 07:00:00,43878.0,44218.0,41790.0,41790.0,1640520,KBS
2020-09-08 07:00:00,42174.0,42600.0,41620.0,42514.0,996740,KBS
2020-09-09 07:00:00,41748.0,42429.0,41577.0,42003.0,684210,KBS
2020-09-10 07:00:00,42174.0,42600.0,41066.0,41151.0,1823420,KBS
2020-09-11 07:00:00,40299.0,40896.0,40299.0,40597.0,1033830,KBS
2020-09-14 07:00:00,40640.0,42174.0,40640.0,41407.0,546410,KBS
2020-09-15 07:00:00,41407.0,41577.0,40896.0,40938.0,517470,KBS
2020-09-16 07:00:00,40896.0,41066.0,40853.0,41023.0,362290,KBS
2020-09-17 07:00:00,40896.0,41236.0,40896.0,41236.0,521720,KBS
2020-09-18 07:00:00,41449.0,41918.0,41407.0,41492.0,950600,KBS
2020-09-21 07:00:00,41705.0,42514.0,41577.0,42131.0,980320,KBS
2020-09-22 07:00:00,41790.0,42855.0,41748.0,42514.0,880580,KBS
2020-09-23 07:00:00,42514.0,42940.0,42344.0,42472.0,651310,KBS
2020-09-24 07:00:00,42174.0,42259.0,41748.0,42003.0,613090,KBS
2020-09-25 07:00:00,42003.0,42259.0,41748.0,42174.0,538610,KBS
2020-09-28 07:00:00,42429.0,42855.0,42003.0,42344.0,538880,KBS
2020-09-29 07:00:00,42387.0,42472.0,40896.0,40896.0,1113070,KBS
2020-09-30 07:00:00,40896.0,41577.0,40725.0,41492.0,471690,KBS
2020-10-01 07:00:00,41492.0,41790.0,41492.0,41620.0,254320,KBS
2020-10-02 07:00:00,41833.0,41833.0,40214.0,41322.0,657470,KBS
2020-10-05 07:00:00,41236.0,41364.0,40896.0,40896.0,926830,KBS
2020-10-06 07:00:00,41322.0,41705.0,41066.0,41449.0,731120,KBS
2020-10-07 07:00:00,41449.0,42770.0,41066.0,42472.0,1472800,KBS
2020-10-08 07:00:00,42855.0,43281.0,42259.0,42472.0,686840,KBS
2020-10-09 07:00:00,42301.0,42770.0,42003.0,42429.0,440560,KBS
2020-10-12 07:00:00,42685.0,45156.0,42685.0,45070.0,3903200,KBS
2020-10-13 07:00:00,45582.0,46604.0,45156.0,45752.0,2057180,KBS
2020-10-14 07:00:00,46008.0,46604.0,46008.0,46348.0,1146350,KBS
2020-10-15 07:00:00,46008.0,46689.0,45326.0,46008.0,1663940,KBS
2020-10-16 07:00:00,45922.0,45922.0,44815.0,45922.0,1483160,KBS
2020-10-19 07:00:00,46945.0,47712.0,46945.0,47286.0,1599020,KBS
2020-10-20 07:00:00,47286.0,47804.0,45730.0,46681.0,980240,KBS
2020-10-21 07:00:00,46681.0,46681.0,44952.0,44952.0,1321570,KBS
2020-10-22 07:00:00,44433.0,47026.0,44087.0,46940.0,1581840,KBS
2020-10-23 07:00:00,47286.0,48323.0,46940.0,47977.0,1487560,KBS
2020-10-26 07:00:00,48237.0,48842.0,46594.0,46594.0,1570570,KBS
2020-10-27 07:00:00,46248.0,46853.0,45470.0,45816.0,960170,KBS
2020-10-28 07:00:00,45384.0,45816.0,42790.0,42790.0,1554490,KBS
2020-10-29 07:00:00,42358.0,43914.0,42099.0,43396.0,1239150,KBS
2020-10-30 07:00:00,43914.0,43914.0,42747.0,43655.0,737940,KBS
2020-11-02 07:00:00,43655.0,44260.0,42445.0,44087.0,404520,KBS
2020-11-03 07:00:00,44519.0,45124.0,44260.0,44952.0,759870,KBS
2020-11-04 07:00:00,44952.0,45816.0,44433.0,45470.0,691310,KBS
2020-11-05 07:00:00,45470.0,46075.0,45124.0,45124.0,477620,KBS
2020-11-06 07:00:00,45124.0,45297.0,44519.0,44952.0,423060,KBS
2020-11-09 07:00:00,45297.0,45989.0,44952.0,45730.0,947000,KBS
2020-11-10 07:00:00,46594.0,46594.0,45903.0,46248.0,992420,KBS
2020-11-11 07:00:00,46248.0,46767.0,45643.0,46075.0,725960,KBS
2020-11-12 07:00:00,46248.0,46681.0,45903.0,46681.0,621470,KBS
2020-11-13 07:00:00,46681.0,48064.0,46681.0,47718.0,1229580,KBS
2020-11-16 07:00:00,47977.0,47977.0,46594.0,46681.0,1160320,KBS
2020-11-17 07:00:00,46940.0,47459.0,46421.0,47286.0,590000,KBS
2020-11-18 07:00:00,47286.0,48150.0,47026.0,47804.0,1049940,KBS
2020-11-19 07:00:00,47631.0,49706.0,47545.0,49187.0,1615620,KBS
2020-11-20 07:00:00,49447.0,49533.0,48928.0,49101.0,460010,KBS
2020-11-23 07:00:00,49015.0,49187.0,48409.0,49101.0,859800,KBS
2020-11-24 07:00:00,49274.0,50138.0,46681.0,48237.0,1569950,KBS
2020-11-25 07:00:00,48323.0,48842.0,47545.0,47718.0,844330,KBS
2020-11-26 07:00:00,47631.0,47804.0,47026.0,47199.0,892770,KBS
2020-11-27 07:00:00,47459.0,48237.0,47372.0,48237.0,747250,KBS
2020-11-30 07:00:00,48323.0,48842.0,47545.0,47545.0,974780,KBS
2020-12-01 07:00:00,46421.0,47977.0,46421.0,47718.0,992550,KBS
2020-12-02 07:00:00,47718.0,48237.0,47459.0,48237.0,686600,KBS
2020-12-03 07:00:00,48409.0,49101.0,48409.0,48755.0,639210,KBS
2020-12-04 07:00:00,48928.0,49101.0,47804.0,47891.0,545990,KBS
2020-12-07 07:00:00,47977.0,48669.0,47804.0,48409.0,565990,KBS
2020-12-08 07:00:00,48842.0,50311.0,48755.0,49793.0,1601980,KBS
2020-12-09 07:00:00,49793.0,50571.0,49533.0,50052.0,1283610,KBS
2020-12-10 07:00:00,50052.0,50138.0,48842.0,49015.0,1116050,KBS
2020-12-11 07:00:00,49015.0,49706.0,48409.0,49706.0,1161870,KBS
2020-12-14 07:00:00,50138.0,51349.0,49533.0,50657.0,1530650,KBS
2020-12-15 07:00:00,50657.0,51349.0,50138.0,50311.0,1522230,KBS
2020-12-16 07:00:00,50484.0,50657.0,49965.0,50657.0,937270,KBS
2020-12-17 07:00:00,50484.0,50657.0,49274.0,49274.0,1212490,KBS
2020-12-18 07:00:00,49274.0,49879.0,48928.0,49360.0,1271560,KBS
2020-12-21 07:00:00,49793.0,49965.0,49187.0,49360.0,1266240,KBS
2020-12-22 07:00:00,49360.0,49620.0,49101.0,49187.0,871000,KBS
2020-12-23 07:00:00,49533.0,51867.0,49187.0,50657.0,1934620,KBS
2020-12-24 07:00:00,51003.0,51521.0,49274.0,50484.0,1191350,KBS
2020-12-25 07:00:00,50916.0,53942.0,50398.0,53510.0,2812050,KBS
2020-12-28 07:00:00,53596.0,56362.0,53510.0,55325.0,2393040,KBS
2020-12-29 07:00:00,54633.0,57918.0,54633.0,57918.0,1342220,KBS
2020-12-30 07:00:00,57746.0,58610.0,55757.0,56190.0,1719280,KBS
2020-12-31 07:00:00,56190.0,57746.0,55325.0,57054.0,1317310,KBS
2021-01-04 07:00:00,57918.0,58351.0,56708.0,57313.0,1192300,KBS
2021-01-05 07:00:00,56622.0,57313.0,56535.0,57054.0,1018200,KBS
2021-01-06 07:00:00,57486.0,58610.0,57054.0,57486.0,1472400,KBS
2021-01-07 07:00:00,57486.0,58264.0,57486.0,57918.0,898000,KBS
2021-01-08 07:00:00,58610.0,59647.0,58437.0,59042.0,1639800,KBS
2021-01-11 07:00:00,59907.0,59907.0,57832.0,58869.0,1106000,KBS
2021-01-12 07:00:00,58610.0,59129.0,58005.0,58956.0,641100,KBS
2021-01-13 07:00:00,59647.0,61549.0,59215.0,60858.0,1738600,KBS
2021-01-14 07:00:00,60858.0,61203.0,58956.0,60512.0,710400,KBS
2021-01-15 07:00:00,60685.0,60685.0,59561.0,59993.0,1399200,KBS
2021-01-18 07:00:00,59993.0,60252.0,58956.0,59302.0,1008300,KBS
2021-01-19 07:00:00,59302.0,59647.0,55152.0,56190.0,1798900,KBS
2021-01-20 07:00:00,55325.0,56362.0,52386.0,55584.0,1133400,KBS
2021-01-21 07:00:00,55584.0,57054.0,55412.0,56795.0,638500,KBS
2021-01-22 07:00:00,57054.0,57227.0,55325.0,55930.0,685900,KBS
2021-01-25 07:00:00,55844.0,55930.0,55325.0,55325.0,695400,KBS
2021-01-26 07:00:00,55152.0,55325.0,51867.0,52299.0,1166900,KBS
2021-01-27 07:00:00,51176.0,52559.0,49447.0,50138.0,931000,KBS
2021-01-28 07:00:00,47113.0,49274.0,46681.0,46681.0,1256500,KBS
2021-01-29 07:00:00,44087.0,49447.0,44087.0,48842.0,1069500,KBS
2021-02-01 07:00:00,49187.0,49706.0,46162.0,46248.0,1216900,KBS
2021-02-02 07:00:00,46940.0,47977.0,45211.0,47286.0,573400,KBS
2021-02-03 07:00:00,48409.0,50571.0,48409.0,50571.0,810900,KBS
2021-02-04 07:00:00,51781.0,51781.0,50225.0,50225.0,922900,KBS
2021-02-05 07:00:00,51003.0,52040.0,50571.0,51867.0,588100,KBS
2021-02-08 07:00:00,52732.0,52732.0,48496.0,49620.0,914200,KBS
2021-02-09 07:00:00,49620.0,51781.0,49274.0,51781.0,743300,KBS
2021-02-17 07:00:00,52299.0,53510.0,51867.0,53510.0,872100,KBS
2021-02-18 07:00:00,53683.0,53683.0,52299.0,53510.0,803300,KBS
2021-02-19 07:00:00,52732.0,53510.0,52645.0,53164.0,424400,KBS
2021-02-22 07:00:00,53164.0,53337.0,52299.0,52818.0,585300,KBS
2021-02-23 07:00:00,52299.0,52645.0,51608.0,52299.0,954000,KBS
2021-02-24 07:00:00,52645.0,52905.0,51262.0,51608.0,603300,KBS
2021-02-25 07:00:00,51867.0,52299.0,51003.0,51521.0,676100,KBS
2021-02-26 07:00:00,50916.0,51521.0,50830.0,51089.0,556000,KBS
2021-03-01 07:00:00,51608.0,53596.0,51349.0,53423.0,941100,KBS
2021-03-02 07:00:00,54461.0,54461.0,53164.0,53423.0,996300,KBS
2021-03-03 07:00:00,53510.0,53596.0,52905.0,52991.0,489900,KBS
2021-03-04 07:00:00,53510.0,53510.0,51435.0,51867.0,491000,KBS
2021-03-05 07:00:00,51694.0,51694.0,50571.0,51003.0,744100,KBS
2021-03-08 07:00:00,51003.0,51954.0,51003.0,51089.0,784000,KBS
2021-03-09 07:00:00,51003.0,51089.0,50052.0,50916.0,570700,KBS
2021-03-10 07:00:00,51003.0,51867.0,50571.0,51521.0,464200,KBS
2021-03-11 07:00:00,52299.0,52472.0,51954.0,52299.0,561200,KBS
2021-03-12 07:00:00,52559.0,53077.0,51867.0,52299.0,675600,KBS
2021-03-15 07:00:00,52299.0,52386.0,51867.0,51954.0,393400,KBS
2021-03-16 07:00:00,51954.0,52213.0,51176.0,51521.0,379700,KBS
2021-03-17 07:00:00,51694.0,51694.0,51176.0,51521.0,391200,KBS
2021-03-18 07:00:00,52299.0,52559.0,51781.0,52472.0,958800,KBS
2021-03-19 07:00:00,52472.0,55066.0,52472.0,52732.0,3085100,KBS
2021-03-22 07:00:00,54461.0,54547.0,53683.0,53769.0,1133700,KBS
2021-03-23 07:00:00,53769.0,53942.0,52818.0,53337.0,868900,KBS
2021-03-24 07:00:00,52127.0,52905.0,50830.0,51435.0,1152100,KBS
2021-03-25 07:00:00,51608.0,51781.0,51003.0,51349.0,615600,KBS
2021-03-26 07:00:00,51176.0,51435.0,49274.0,50484.0,788600,KBS
2021-03-29 07:00:00,51003.0,51262.0,50571.0,51176.0,522800,KBS
2021-03-30 07:00:00,51867.0,52299.0,51349.0,51867.0,882200,KBS
2021-03-31 07:00:00,51694.0,51954.0,51089.0,51521.0,571200,KBS
2021-04-01 07:00:00,51781.0,52732.0,51435.0,52645.0,1192800,KBS
2021-04-02 07:00:00,53164.0,54115.0,52905.0,53423.0,1382400,KBS
2021-04-05 07:00:00,54461.0,54461.0,52472.0,52472.0,1021500,KBS
2021-04-06 07:00:00,52299.0,53596.0,52127.0,53250.0,938700,KBS
2021-04-07 07:00:00,53250.0,55152.0,53250.0,54806.0,2403200,KBS
2021-04-08 07:00:00,54979.0,55066.0,53596.0,53942.0,713300,KBS
2021-04-09 07:00:00,53596.0,54461.0,53423.0,53942.0,551500,KBS
2021-04-12 07:00:00,54288.0,54288.0,53164.0,53942.0,1036800,KBS
2021-04-13 07:00:00,54028.0,54028.0,52127.0,52559.0,1533800,KBS
2021-04-14 07:00:00,51954.0,52472.0,51608.0,52472.0,1345100,KBS
2021-04-15 07:00:00,52905.0,53077.0,51435.0,51435.0,1388500,KBS
2021-04-16 07:00:00,51003.0,51867.0,49706.0,50052.0,1365000,KBS
2021-04-19 07:00:00,50657.0,51608.0,49879.0,51435.0,711700,KBS
2021-04-20 07:00:00,51608.0,52732.0,51262.0,51867.0,1224900,KBS
2021-04-22 07:00:00,51867.0,52299.0,50138.0,50138.0,1053600,KBS
2021-04-23 07:00:00,50138.0,51003.0,49620.0,51003.0,779100,KBS
2021-04-26 07:00:00,51089.0,51089.0,49274.0,49620.0,895000,KBS
2021-04-27 07:00:00,49620.0,49706.0,48842.0,49187.0,590900,KBS
2021-04-28 07:00:00,49360.0,49620.0,48928.0,49620.0,553200,KBS
2021-04-29 07:00:00,49620.0,50052.0,49187.0,49533.0,393800,KBS
2021-05-04 07:00:00,48409.0,48669.0,47631.0,48064.0,1157300,KBS
2021-05-05 07:00:00,48409.0,49274.0,48150.0,48669.0,824900,KBS
2021-05-06 07:00:00,48669.0,49706.0,48064.0,48409.0,719300,KBS
2021-05-07 07:00:00,48150.0,48409.0,46767.0,46853.0,1177400,KBS
2021-05-10 07:00:00,46681.0,48669.0,45643.0,48496.0,1265100,KBS
2021-05-11 07:00:00,48928.0,49360.0,48064.0,48409.0,1034700,KBS
2021-05-12 07:00:00,48323.0,49187.0,47977.0,49101.0,915400,KBS
2021-05-13 07:00:00,48409.0,48842.0,47891.0,48064.0,828000,KBS
2021-05-14 07:00:00,48323.0,48755.0,47891.0,48237.0,947900,KBS
2021-05-17 07:00:00,48237.0,48409.0,47026.0,47199.0,661300,KBS
2021-05-18 07:00:00,47199.0,47372.0,46508.0,46681.0,663200,KBS
2021-05-19 07:00:00,46681.0,46681.0,45989.0,45989.0,596100,KBS
2021-05-20 07:00:00,45989.0,46162.0,44952.0,45643.0,1023200,KBS
2021-05-21 07:00:00,45557.0,47459.0,45038.0,46075.0,826800,KBS
2021-05-24 07:00:00,47286.0,47372.0,46681.0,46940.0,461100,KBS
2021-05-25 07:00:00,46940.0,48237.0,46853.0,47718.0,939400,KBS
2021-05-26 07:00:00,47804.0,48582.0,47718.0,47977.0,925900,KBS
2021-05-27 07:00:00,47891.0,49101.0,44692.0,48496.0,1109600,KBS
2021-05-28 07:00:00,48496.0,48496.0,47718.0,47977.0,499300,KBS
2021-05-31 07:00:00,47545.0,47891.0,46681.0,46767.0,653800,KBS
2021-06-01 07:00:00,46767.0,47113.0,46162.0,46335.0,680900,KBS
2021-06-02 07:00:00,46335.0,46421.0,45903.0,46335.0,658100,KBS
2021-06-03 07:00:00,46681.0,47977.0,46508.0,47459.0,823800,KBS
2021-06-04 07:00:00,47545.0,49706.0,47545.0,49360.0,2013000,KBS
2021-06-07 07:00:00,49706.0,51435.0,49447.0,50571.0,2320700,KBS
2021-06-08 07:00:00,50571.0,51435.0,48669.0,49274.0,1326600,KBS
2021-06-09 07:00:00,48928.0,49015.0,47545.0,48755.0,1088500,KBS
2021-06-10 07:00:00,48755.0,48755.0,47718.0,47977.0,1007100,KBS
2021-06-11 07:00:00,48409.0,49793.0,48323.0,49533.0,1430200,KBS
2021-06-14 07:00:00,50571.0,52472.0,50138.0,51867.0,3394700,KBS
2021-06-15 07:00:00,51867.0,53164.0,51608.0,52905.0,2252500,KBS
2021-06-16 07:00:00,52732.0,53164.0,51867.0,52127.0,1462800,KBS
2021-06-17 07:00:00,51262.0,53596.0,51089.0,53596.0,1926300,KBS
2021-06-18 07:00:00,53596.0,53855.0,52732.0,52732.0,1363900,KBS
2021-06-21 07:00:00,52732.0,52732.0,51176.0,51608.0,1610800,KBS
2021-06-22 07:00:00,52299.0,52732.0,51694.0,51781.0,1477500,KBS
2021-06-23 07:00:00,52299.0,52299.0,50138.0,50830.0,1583600,KBS
2021-06-24 07:00:00,50571.0,51694.0,50052.0,50138.0,1278900,KBS
2021-06-25 07:00:00,50138.0,50571.0,49360.0,50398.0,1040900,KBS
2021-06-28 07:00:00,51003.0,52127.0,50484.0,51867.0,1030400,KBS
2021-06-29 07:00:00,51867.0,52040.0,50916.0,51089.0,930900,KBS
2021-06-30 07:00:00,51089.0,51349.0,50484.0,50484.0,804400,KBS
2021-07-01 07:00:00,50916.0,51262.0,50138.0,51003.0,1073300,KBS
2021-07-02 07:00:00,51435.0,51781.0,50657.0,51089.0,959500,KBS
2021-07-05 07:00:00,51089.0,51089.0,49879.0,50398.0,1030100,KBS
2021-07-06 07:00:00,50225.0,50830.0,48323.0,48323.0,2597100,KBS
2021-07-07 07:00:00,48323.0,48323.0,46421.0,47113.0,2063400,KBS
2021-07-08 07:00:00,47199.0,48669.0,47026.0,47459.0,1036200,KBS
2021-07-09 07:00:00,47372.0,47891.0,45903.0,45903.0,1000800,KBS
2021-07-12 07:00:00,45211.0,45816.0,42704.0,43482.0,1807900,KBS
2021-07-13 07:00:00,43914.0,44433.0,42790.0,43828.0,914200,KBS
2021-07-14 07:00:00,43914.0,44260.0,42358.0,43223.0,793300,KBS
2021-07-15 07:00:00,42790.0,43655.0,42790.0,43655.0,886900,KBS
2021-07-16 07:00:00,44087.0,44865.0,43828.0,44087.0,1521200,KBS
2021-07-19 07:00:00,43136.0,43482.0,41494.0,41494.0,1039700,KBS
2021-07-20 07:00:00,41494.0,43136.0,40629.0,43136.0,803900,KBS
2021-07-21 07:00:00,43136.0,43223.0,42574.0,42790.0,372300,KBS
2021-07-22 07:00:00,42877.0,44087.0,42704.0,43914.0,621400,KBS
2021-07-23 07:00:00,43741.0,44519.0,43568.0,43568.0,1060900,KBS
2021-07-26 07:00:00,42877.0,44001.0,42790.0,43741.0,488800,KBS
2021-07-27 07:00:00,44346.0,44433.0,43482.0,43655.0,656700,KBS
2021-07-28 07:00:00,43223.0,44087.0,43223.0,43396.0,320800,KBS
2021-07-29 07:00:00,43655.0,43828.0,43396.0,43568.0,427200,KBS
2021-07-30 07:00:00,43568.0,44519.0,43568.0,44174.0,960300,KBS
2021-08-02 07:00:00,44692.0,45730.0,44260.0,45211.0,981300,KBS
2021-08-03 07:00:00,45470.0,46248.0,45384.0,45557.0,711900,KBS
2021-08-04 07:00:00,45816.0,46681.0,45557.0,46508.0,1162100,KBS
2021-08-05 07:00:00,46162.0,46421.0,45903.0,46335.0,659800,KBS
2021-08-06 07:00:00,46248.0,46681.0,45557.0,46508.0,1125800,KBS
2021-08-09 07:00:00,45989.0,46853.0,45903.0,46594.0,736800,KBS
2021-08-10 07:00:00,46681.0,47026.0,45989.0,46162.0,694400,KBS
2021-08-11 07:00:00,46335.0,47372.0,46162.0,46853.0,1348500,KBS
2021-08-12 07:00:00,46853.0,47977.0,46853.0,47804.0,1430300,KBS
2021-08-13 07:00:00,47718.0,47718.0,46594.0,47026.0,828900,KBS
2021-08-16 07:00:00,47113.0,47459.0,46594.0,46853.0,1051700,KBS
2021-08-17 07:00:00,46853.0,46940.0,46335.0,46335.0,884100,KBS
2021-08-18 07:00:00,46681.0,47804.0,46594.0,47286.0,1304200,KBS
2021-08-19 07:00:00,47459.0,47718.0,47113.0,47545.0,779400,KBS
2021-08-20 07:00:00,47545.0,47804.0,44865.0,46162.0,1584200,KBS
2021-08-23 07:00:00,45989.0,45989.0,44952.0,44952.0,1178300,KBS
2021-08-24 07:00:00,44952.0,45470.0,44606.0,45470.0,765100,KBS
2021-08-25 07:00:00,45470.0,45816.0,45038.0,45557.0,336100,KBS
2021-08-26 07:00:00,45730.0,46508.0,45384.0,45470.0,591400,KBS
2021-08-27 07:00:00,45038.0,46335.0,44952.0,46162.0,656900,KBS
2021-08-30 07:00:00,46335.0,47545.0,46335.0,47545.0,1461400,KBS
2021-08-31 07:00:00,48409.0,49706.0,48323.0,49274.0,2580900,KBS
2021-09-01 07:00:00,49533.0,49533.0,48842.0,49101.0,1249800,KBS
2021-09-06 07:00:00,49187.0,49447.0,48669.0,48755.0,845100,KBS
2021-09-07 07:00:00,48496.0,48842.0,47631.0,47804.0,1459500,KBS
2021-09-08 07:00:00,47804.0,47891.0,46681.0,46853.0,1200700,KBS
2021-09-09 07:00:00,47113.0,47891.0,46681.0,47459.0,586800,KBS
2021-09-10 07:00:00,47459.0,48582.0,47113.0,48409.0,921400,KBS
2021-09-13 07:00:00,48409.0,48409.0,47199.0,47199.0,950400,KBS
2021-09-14 07:00:00,47199.0,47545.0,46508.0,46681.0,755300,KBS
2021-09-15 07:00:00,46681.0,46767.0,45816.0,46767.0,829000,KBS
2021-09-16 07:00:00,46853.0,47459.0,46681.0,47113.0,499100,KBS
2021-09-17 07:00:00,46767.0,48150.0,46335.0,46335.0,2249200,KBS
2021-09-20 07:00:00,47113.0,47286.0,46335.0,46594.0,898700,KBS
2021-09-21 07:00:00,45989.0,48237.0,45989.0,48150.0,1973900,KBS
2021-09-22 07:00:00,48409.0,51089.0,48409.0,51003.0,4575300,KBS
2021-09-23 07:00:00,51435.0,51435.0,49879.0,49965.0,1954900,KBS
2021-09-24 07:00:00,50138.0,51349.0,49793.0,50830.0,1588700,KBS
2021-09-27 07:00:00,50225.0,50830.0,48842.0,48842.0,2063500,KBS
2021-09-28 07:00:00,48842.0,50916.0,48150.0,50743.0,1677700,KBS
2021-09-29 07:00:00,50484.0,51003.0,49793.0,50138.0,1067500,KBS
2021-09-30 07:00:00,50743.0,51435.0,50484.0,50484.0,1585700,KBS
2021-10-01 07:00:00,50138.0,50571.0,49620.0,50052.0,1245400,KBS
2021-10-04 07:00:00,50138.0,52386.0,50138.0,51435.0,3168000,KBS
2021-10-05 07:00:00,51608.0,52213.0,51349.0,51781.0,1146900,KBS
2021-10-06 07:00:00,51954.0,53164.0,51867.0,52732.0,1659500,KBS
2021-10-07 07:00:00,52386.0,54028.0,52386.0,53510.0,2304900,KBS
2021-10-08 07:00:00,53596.0,54288.0,52559.0,52905.0,1688100,KBS
2021-10-11 07:00:00,53164.0,53596.0,52299.0,53596.0,1537400,KBS
2021-10-12 07:00:00,53769.0,53942.0,52559.0,53510.0,1317300,KBS
2021-10-13 07:00:00,53250.0,53510.0,51867.0,51867.0,1563600,KBS
2021-10-14 07:00:00,51954.0,52472.0,51781.0,51781.0,1616100,KBS
2021-10-15 07:00:00,51954.0,52299.0,51435.0,51694.0,1329600,KBS
2021-10-18 07:00:00,51608.0,52559.0,51003.0,51521.0,1436700,KBS
2021-10-19 07:00:00,51867.0,53337.0,51176.0,53077.0,2026200,KBS
2021-10-20 07:00:00,53077.0,53423.0,51608.0,52299.0,1080800,KBS
2021-10-21 07:00:00,52299.0,52645.0,51608.0,51867.0,746000,KBS
2021-10-22 07:00:00,51867.0,52559.0,51608.0,52127.0,921200,KBS
2021-10-25 07:00:00,53769.0,55757.0,53596.0,55757.0,4464000,KBS
2021-10-26 07:00:00,56535.0,57486.0,55325.0,55584.0,2025500,KBS
2021-10-27 07:00:00,55584.0,56708.0,55239.0,56103.0,1389800,KBS
2021-10-28 07:00:00,56103.0,57140.0,55325.0,56708.0,2031200,KBS
2021-10-29 07:00:00,56968.0,57054.0,55844.0,55930.0,1712800,KBS
2021-11-01 07:00:00,55930.0,56881.0,55325.0,55412.0,1777400,KBS
2021-11-02 07:00:00,55412.0,56017.0,55152.0,56017.0,1515700,KBS
2021-11-03 07:00:00,56017.0,56535.0,54893.0,54893.0,1823100,KBS
2021-11-04 07:00:00,55325.0,55930.0,54893.0,54893.0,992700,KBS
2021-11-05 07:00:00,55066.0,55757.0,54893.0,55325.0,993300,KBS
2021-11-08 07:00:00,56114.0,56377.0,55325.0,55676.0,868700,KBS
2021-11-09 07:00:00,55763.0,58043.0,55763.0,56816.0,2081700,KBS
2021-11-10 07:00:00,56728.0,57079.0,55939.0,56553.0,1093400,KBS
2021-11-11 07:00:00,56377.0,56553.0,54887.0,55413.0,1274000,KBS
2021-11-12 07:00:00,55237.0,55588.0,54536.0,55062.0,1434700,KBS
2021-11-15 07:00:00,56465.0,56465.0,54799.0,54974.0,1172200,KBS
2021-11-16 07:00:00,55237.0,58043.0,55062.0,56640.0,2630200,KBS
2021-11-17 07:00:00,57254.0,57429.0,56290.0,56290.0,963200,KBS
2021-11-18 07:00:00,56377.0,56728.0,55676.0,56290.0,1075800,KBS
2021-11-19 07:00:00,56026.0,56290.0,52432.0,53572.0,3553500,KBS
2021-11-22 07:00:00,53133.0,53922.0,51730.0,52782.0,1678800,KBS
2021-11-23 07:00:00,52432.0,54711.0,52432.0,54711.0,1080800,KBS
2021-11-24 07:00:00,54799.0,55062.0,54185.0,55062.0,1037500,KBS
2021-11-25 07:00:00,55150.0,56465.0,55150.0,55325.0,1301100,KBS
2021-11-26 07:00:00,55676.0,55676.0,53922.0,54536.0,1086700,KBS
2021-11-29 07:00:00,53747.0,55062.0,53484.0,54361.0,938200,KBS
2021-11-30 07:00:00,54711.0,55062.0,53045.0,53484.0,1345100,KBS
2021-12-01 07:00:00,53659.0,53922.0,52782.0,53572.0,1262900,KBS
2021-12-02 07:00:00,53572.0,53922.0,53133.0,53133.0,611300,KBS
2021-12-03 07:00:00,53572.0,53572.0,50678.0,50678.0,1675000,KBS
2021-12-06 07:00:00,50678.0,51204.0,48486.0,50415.0,1623800,KBS
2021-12-07 07:00:00,50678.0,51292.0,50415.0,51204.0,665900,KBS
2021-12-08 07:00:00,51204.0,51380.0,50503.0,50590.0,581500,KBS
2021-12-09 07:00:00,50590.0,50941.0,50240.0,50678.0,741800,KBS
2021-12-10 07:00:00,50853.0,51993.0,50766.0,51555.0,639500,KBS
2021-12-13 07:00:00,51906.0,52344.0,51380.0,51906.0,655500,KBS
2021-12-14 07:00:00,51730.0,51730.0,50853.0,51292.0,562100,KBS
2021-12-15 07:00:00,51292.0,51380.0,50415.0,51029.0,630000,KBS
2021-12-16 07:00:00,51730.0,51730.0,50766.0,50853.0,413600,KBS
2021-12-17 07:00:00,50853.0,51292.0,50415.0,50503.0,739300,KBS
2021-12-20 07:00:00,50678.0,50941.0,49100.0,49626.0,1114200,KBS
2021-12-21 07:00:00,49363.0,50503.0,49012.0,49977.0,1416400,KBS
2021-12-22 07:00:00,49977.0,50503.0,49188.0,49538.0,884600,KBS
2021-12-23 07:00:00,49538.0,49714.0,48135.0,48135.0,1201300,KBS
2021-12-24 07:00:00,48398.0,49275.0,47960.0,49100.0,898700,KBS
2021-12-27 07:00:00,49538.0,49626.0,48662.0,49188.0,557000,KBS
2021-12-28 07:00:00,49100.0,49188.0,48662.0,48837.0,663000,KBS
2021-12-29 07:00:00,48925.0,49012.0,48223.0,48398.0,830900,KBS
2021-12-30 07:00:00,48574.0,48749.0,48223.0,48311.0,675800,KBS
2021-12-31 07:00:00,48398.0,49275.0,48398.0,49100.0,815800,KBS
2022-01-04 07:00:00,49100.0,50327.0,49100.0,49889.0,623000,KBS
2022-01-05 07:00:00,49977.0,50415.0,49451.0,49626.0,825200,KBS
2022-01-06 07:00:00,49626.0,49714.0,49012.0,49275.0,700800,KBS
2022-01-07 07:00:00,49538.0,49889.0,48311.0,48749.0,1011700,KBS
2022-01-10 07:00:00,48749.0,48925.0,47960.0,47960.0,889000,KBS
2022-01-11 07:00:00,47960.0,48223.0,46294.0,47171.0,783600,KBS
2022-01-12 07:00:00,47346.0,47960.0,46031.0,47346.0,833500,KBS
2022-01-13 07:00:00,47872.0,49012.0,47346.0,47346.0,987400,KBS
2022-01-14 07:00:00,46908.0,48223.0,46908.0,47522.0,542700,KBS
2022-01-17 07:00:00,48135.0,48135.0,46119.0,46207.0,646600,KBS
2022-01-18 07:00:00,46207.0,46645.0,44891.0,45242.0,849500,KBS
2022-01-19 07:00:00,45242.0,45943.0,45067.0,45505.0,459700,KBS
2022-01-20 07:00:00,45943.0,46207.0,45330.0,45856.0,432700,KBS
2022-01-21 07:00:00,45768.0,46382.0,45680.0,46031.0,484000,KBS
2022-01-24 07:00:00,45768.0,46031.0,44716.0,44804.0,664500,KBS
2022-01-25 07:00:00,44541.0,45417.0,44190.0,45242.0,457200,KBS
2022-01-26 07:00:00,45768.0,46733.0,44716.0,46470.0,790000,KBS
2022-01-27 07:00:00,46382.0,47872.0,45856.0,47171.0,722200,KBS
2022-01-28 07:00:00,47259.0,47960.0,47171.0,47697.0,528100,KBS
2022-02-07 07:00:00,48662.0,49100.0,48048.0,48662.0,882500,KBS
2022-02-08 07:00:00,48662.0,49012.0,47960.0,48574.0,755700,KBS
2022-02-09 07:00:00,48574.0,49538.0,48398.0,49012.0,893700,KBS
2022-02-10 07:00:00,49012.0,49100.0,48223.0,48574.0,582900,KBS
2022-02-11 07:00:00,48486.0,48662.0,48048.0,48311.0,410200,KBS
2022-02-14 07:00:00,47522.0,48486.0,47171.0,47522.0,682400,KBS
2022-02-15 07:00:00,47609.0,48135.0,47346.0,48048.0,450500,KBS
2022-02-16 07:00:00,48574.0,50327.0,48048.0,50327.0,1909900,KBS
2022-02-17 07:00:00,50590.0,50678.0,49801.0,49889.0,712300,KBS
2022-02-18 07:00:00,49801.0,50853.0,49451.0,50240.0,860800,KBS
2022-02-21 07:00:00,50240.0,50415.0,49801.0,50152.0,625700,KBS
2022-02-22 07:00:00,49889.0,50064.0,49012.0,49363.0,1150700,KBS
2022-02-23 07:00:00,49363.0,50766.0,49363.0,50503.0,970800,KBS
2022-02-24 07:00:00,50503.0,52081.0,50240.0,51730.0,2656100,KBS
2022-02-25 07:00:00,51730.0,52695.0,51467.0,51730.0,1061100,KBS
2022-02-28 07:00:00,51555.0,52169.0,51117.0,51818.0,712800,KBS
2022-03-01 07:00:00,51993.0,53484.0,51906.0,52432.0,1582400,KBS
2022-03-02 07:00:00,52344.0,52958.0,51730.0,51730.0,1103800,KBS
2022-03-03 07:00:00,51818.0,52344.0,51117.0,51730.0,928600,KBS
2022-03-04 07:00:00,51292.0,52782.0,51204.0,52344.0,1259200,KBS
2022-03-07 07:00:00,52782.0,52782.0,51555.0,51643.0,868700,KBS
2022-03-08 07:00:00,51029.0,52169.0,51029.0,51204.0,647600,KBS
2022-03-09 07:00:00,51117.0,51467.0,49451.0,49451.0,1797100,KBS
2022-03-10 07:00:00,50415.0,50415.0,49538.0,50327.0,704500,KBS
2022-03-11 07:00:00,50064.0,51117.0,49801.0,49977.0,646000,KBS
2022-03-14 07:00:00,49188.0,49977.0,48223.0,48311.0,895400,KBS
2022-03-15 07:00:00,48135.0,48398.0,47872.0,48311.0,762100,KBS
2022-03-16 07:00:00,48662.0,49363.0,48486.0,49275.0,420700,KBS
2022-03-17 07:00:00,49538.0,49889.0,48925.0,49275.0,346800,KBS
2022-03-18 07:00:00,49188.0,49451.0,48925.0,49188.0,820100,KBS
2022-03-21 07:00:00,49889.0,51380.0,49275.0,51292.0,1400800,KBS
2022-03-22 07:00:00,51555.0,51993.0,50853.0,51292.0,899900,KBS
2022-03-23 07:00:00,51292.0,52432.0,50941.0,51730.0,1281500,KBS
2022-03-24 07:00:00,51643.0,52344.0,51292.0,51555.0,681200,KBS
2022-03-25 07:00:00,51730.0,51906.0,50853.0,51292.0,608300,KBS
2022-03-28 07:00:00,51292.0,51292.0,50678.0,51292.0,912400,KBS
2022-03-29 07:00:00,51380.0,53922.0,51292.0,53835.0,2592800,KBS
2022-03-30 07:00:00,53484.0,55062.0,53308.0,54098.0,1899300,KBS
2022-03-31 07:00:00,54098.0,54711.0,53922.0,53922.0,1150200,KBS
2022-04-01 07:00:00,53484.0,56465.0,53484.0,55588.0,3758200,KBS
2022-04-04 07:00:00,56026.0,57166.0,55676.0,55763.0,2376500,KBS
2022-04-05 07:00:00,55413.0,56026.0,55150.0,55939.0,1520600,KBS
2022-04-06 07:00:00,55237.0,57342.0,55237.0,57166.0,2574400,KBS
2022-04-07 07:00:00,57429.0,58218.0,56465.0,56465.0,2039800,KBS
2022-04-08 07:00:00,56377.0,57429.0,55676.0,55676.0,1314000,KBS
2022-04-12 07:00:00,55676.0,56026.0,52607.0,52607.0,1935300,KBS
2022-04-13 07:00:00,53484.0,55763.0,52169.0,55500.0,1698200,KBS
2022-04-14 07:00:00,55939.0,56640.0,54799.0,54799.0,1343300,KBS
2022-04-15 07:00:00,54711.0,58569.0,54624.0,58569.0,3373000,KBS
2022-04-18 07:00:00,59183.0,60060.0,58306.0,58569.0,3846200,KBS
2022-04-19 07:00:00,58832.0,61375.0,57605.0,57605.0,2632100,KBS
2022-04-20 07:00:00,56991.0,58657.0,56114.0,56114.0,2744400,KBS
2022-04-21 07:00:00,55237.0,59972.0,53484.0,58306.0,3570900,KBS
2022-04-22 07:00:00,58745.0,59797.0,54273.0,55237.0,3200800,KBS
2022-04-25 07:00:00,55237.0,55676.0,51380.0,51380.0,2724200,KBS
2022-04-26 07:00:00,48574.0,54361.0,47872.0,54273.0,2891900,KBS
2022-04-27 07:00:00,53484.0,53922.0,51818.0,53922.0,1138200,KBS
2022-04-28 07:00:00,53922.0,54536.0,52607.0,52607.0,977400,KBS
2022-04-29 07:00:00,51993.0,54799.0,51993.0,54448.0,1652200,KBS
2022-05-04 07:00:00,54273.0,56903.0,53659.0,55237.0,1951400,KBS
2022-05-05 07:00:00,56114.0,56903.0,54799.0,56114.0,1707000,KBS
2022-05-06 07:00:00,55150.0,58043.0,54799.0,55939.0,3122600,KBS
2022-05-09 07:00:00,55763.0,55763.0,52081.0,52081.0,2433000,KBS
2022-05-10 07:00:00,49977.0,52607.0,49188.0,52607.0,1831600,KBS
2022-05-11 07:00:00,52081.0,52432.0,50590.0,51292.0,1574900,KBS
2022-05-12 07:00:00,50327.0,51204.0,47785.0,47785.0,3026900,KBS
2022-05-13 07:00:00,47609.0,47960.0,44453.0,44453.0,3115600,KBS
2022-05-16 07:00:00,45593.0,47346.0,41998.0,41998.0,1700500,KBS
2022-05-17 07:00:00,41209.0,44891.0,41209.0,44891.0,1824800,KBS
2022-05-18 07:00:00,45505.0,46031.0,44278.0,44453.0,1289600,KBS
2022-05-19 07:00:00,43138.0,44628.0,43094.0,43927.0,1582900,KBS
2022-05-20 07:00:00,43839.0,45154.0,43708.0,44015.0,1463400,KBS
2022-05-23 07:00:00,44716.0,45505.0,43357.0,44541.0,1398000,KBS
2022-05-24 07:00:00,44628.0,44979.0,42919.0,44628.0,1102000,KBS
2022-05-25 07:00:00,44541.0,46820.0,44541.0,46294.0,1860300,KBS
2022-05-26 07:00:00,46382.0,47259.0,45680.0,46908.0,1449900,KBS
2022-05-27 07:00:00,47083.0,47522.0,46733.0,46996.0,1158300,KBS
2022-05-30 07:00:00,46996.0,47785.0,46645.0,46908.0,1193800,KBS
2022-05-31 07:00:00,46908.0,46908.0,45505.0,46119.0,1959400,KBS
2022-06-01 07:00:00,46119.0,46820.0,45593.0,46382.0,1111900,KBS
2022-06-02 07:00:00,46382.0,48574.0,46207.0,47434.0,2407700,KBS
2022-06-03 07:00:00,47434.0,47785.0,46996.0,47522.0,1013700,KBS
2022-06-06 07:00:00,47346.0,48749.0,47259.0,47434.0,1799800,KBS
2022-06-07 07:00:00,47346.0,49801.0,45680.0,49188.0,3214100,KBS
2022-06-08 07:00:00,49275.0,49801.0,48486.0,48574.0,1562000,KBS
2022-06-09 07:00:00,48048.0,48837.0,47960.0,48223.0,723400,KBS
2022-06-10 07:00:00,47785.0,49275.0,47171.0,47171.0,2205200,KBS
2022-06-13 07:00:00,45856.0,46820.0,43927.0,43927.0,2739800,KBS
2022-06-14 07:00:00,43839.0,45067.0,43401.0,45067.0,1253100,KBS
2022-06-15 07:00:00,44365.0,45417.0,43401.0,45067.0,1126300,KBS
2022-06-16 07:00:00,45593.0,46908.0,45505.0,45943.0,2262900,KBS
2022-06-17 07:00:00,45154.0,45943.0,44453.0,45154.0,1231100,KBS
2022-06-20 07:00:00,44891.0,45943.0,44102.0,44190.0,1055700,KBS
2022-06-21 07:00:00,44453.0,45768.0,44190.0,45154.0,1282400,KBS
2022-06-22 07:00:00,45593.0,46031.0,44541.0,44804.0,845200,KBS
2022-06-23 07:00:00,44716.0,46382.0,44716.0,46207.0,1029700,KBS
2022-06-24 07:00:00,46382.0,48662.0,46207.0,48048.0,2319800,KBS
2022-06-27 07:00:00,48398.0,48574.0,47785.0,48311.0,881200,KBS
2022-06-28 07:00:00,48223.0,49538.0,47960.0,49363.0,1981100,KBS
2022-06-29 07:00:00,48749.0,49188.0,47960.0,48223.0,1006400,KBS
2022-06-30 07:00:00,48223.0,48574.0,46031.0,46031.0,1386600,KBS
2022-07-01 07:00:00,45768.0,47785.0,45768.0,46557.0,960000,KBS
2022-07-04 07:00:00,46908.0,47522.0,46908.0,47083.0,591100,KBS
2022-07-05 07:00:00,47346.0,48048.0,46207.0,46294.0,1103800,KBS
2022-07-06 07:00:00,46119.0,47960.0,46031.0,46470.0,1496500,KBS
2022-07-07 07:00:00,46820.0,48749.0,46645.0,48223.0,1661700,KBS
2022-07-08 07:00:00,48398.0,48925.0,47872.0,47872.0,954700,KBS
2022-07-11 07:00:00,47697.0,48662.0,47522.0,47872.0,995400,KBS
2022-07-12 07:00:00,48398.0,49538.0,47609.0,49012.0,1108000,KBS
2022-07-13 07:00:00,49188.0,51292.0,49100.0,50853.0,2132000,KBS
2022-07-14 07:00:00,50678.0,50853.0,50152.0,50766.0,740200,KBS
2022-07-15 07:00:00,50766.0,50766.0,49538.0,49538.0,1162000,KBS
2022-07-18 07:00:00,49714.0,50766.0,48574.0,50240.0,1542600,KBS
2022-07-19 07:00:00,50327.0,50327.0,49275.0,50064.0,574000,KBS
2022-07-20 07:00:00,50240.0,51380.0,50064.0,50415.0,1477400,KBS
2022-07-21 07:00:00,50152.0,50327.0,49714.0,49714.0,701800,KBS
2022-07-22 07:00:00,49977.0,50415.0,49188.0,49363.0,1005800,KBS
2022-07-25 07:00:00,49538.0,49538.0,47960.0,48574.0,1292000,KBS
2022-07-26 07:00:00,48662.0,49012.0,47697.0,47697.0,955600,KBS
2022-07-27 07:00:00,47522.0,50152.0,46908.0,50152.0,1513000,KBS
2022-07-28 07:00:00,50415.0,50503.0,49626.0,49626.0,784800,KBS
2022-07-29 07:00:00,49977.0,51292.0,49801.0,50678.0,1564700,KBS
2022-08-01 07:00:00,50590.0,52344.0,50064.0,51906.0,2168600,KBS
2022-08-02 07:00:00,51730.0,51993.0,51117.0,51643.0,1050700,KBS
2022-08-03 07:00:00,50853.0,51643.0,50853.0,51204.0,1039100,KBS
2022-08-04 07:00:00,51643.0,52782.0,51204.0,51204.0,1850800,KBS
2022-08-05 07:00:00,51204.0,51555.0,50853.0,51555.0,625800,KBS
2022-08-08 07:00:00,51730.0,52870.0,51117.0,51467.0,1456500,KBS
2022-08-09 07:00:00,51204.0,51906.0,50853.0,51117.0,1249600,KBS
2022-08-10 07:00:00,51117.0,51380.0,50152.0,50415.0,1532300,KBS
2022-08-11 07:00:00,50590.0,50853.0,49714.0,49714.0,1022100,KBS
2022-08-12 07:00:00,49714.0,51029.0,49626.0,51029.0,750100,KBS
2022-08-15 07:00:00,51292.0,51292.0,50503.0,50766.0,766900,KBS
2022-08-16 07:00:00,50766.0,51029.0,50415.0,50415.0,612400,KBS
2022-08-17 07:00:00,50503.0,50853.0,49714.0,49801.0,974000,KBS
2022-08-18 07:00:00,49801.0,50415.0,49100.0,49538.0,1061000,KBS
2022-08-19 07:00:00,49451.0,50240.0,48837.0,48925.0,1142700,KBS
2022-08-22 07:00:00,48925.0,50415.0,48837.0,49977.0,899200,KBS
2022-08-23 07:00:00,49889.0,50064.0,49626.0,49801.0,761300,KBS
2022-08-24 07:00:00,49977.0,50503.0,49714.0,49889.0,1228000,KBS
2022-08-25 07:00:00,50064.0,50503.0,49889.0,49977.0,949200,KBS
2022-08-26 07:00:00,50327.0,51204.0,49977.0,49977.0,1554000,KBS
2022-08-29 07:00:00,49801.0,50590.0,49188.0,50240.0,1383300,KBS
2022-08-30 07:00:00,50415.0,50853.0,50152.0,50327.0,917800,KBS
2022-08-31 07:00:00,50327.0,52169.0,50327.0,51292.0,2855900,KBS
2022-09-05 07:00:00,51380.0,52870.0,51380.0,52256.0,2596700,KBS
2022-09-06 07:00:00,52607.0,52782.0,51818.0,51818.0,1440500,KBS
2022-09-07 07:00:00,51730.0,52169.0,49626.0,49626.0,2796400,KBS
2022-09-08 07:00:00,50152.0,50327.0,49100.0,49100.0,1498800,KBS
2022-09-09 07:00:00,49100.0,49801.0,48749.0,49626.0,1529200,KBS
2022-09-12 07:00:00,49977.0,50240.0,49538.0,49626.0,827200,KBS
2022-09-13 07:00:00,49801.0,49977.0,49275.0,49538.0,576300,KBS
2022-09-14 07:00:00,48925.0,49801.0,48925.0,49451.0,882500,KBS
2022-09-15 07:00:00,49538.0,49977.0,49538.0,49626.0,550100,KBS
2022-09-16 07:00:00,49626.0,49801.0,49012.0,49100.0,952700,KBS
2022-09-19 07:00:00,49100.0,49188.0,46557.0,46557.0,1977900,KBS
2022-09-20 07:00:00,46733.0,47785.0,46294.0,47697.0,1060000,KBS
2022-09-21 07:00:00,46908.0,48311.0,46557.0,48311.0,743600,KBS
2022-09-22 07:00:00,48223.0,48749.0,47697.0,48398.0,629500,KBS
2022-09-23 07:00:00,49188.0,51730.0,49100.0,51204.0,4405600,KBS
2022-09-26 07:00:00,51029.0,52169.0,49626.0,50766.0,2254800,KBS
2022-09-27 07:00:00,51204.0,51380.0,50240.0,50327.0,1002300,KBS
2022-09-28 07:00:00,49977.0,50415.0,47872.0,49100.0,2186100,KBS
2022-09-29 07:00:00,49538.0,49889.0,46908.0,46908.0,1546800,KBS
2022-09-30 07:00:00,46908.0,47697.0,45242.0,46908.0,1718500,KBS
2022-10-03 07:00:00,46908.0,47346.0,43664.0,43664.0,1381100,KBS
2022-10-04 07:00:00,44804.0,44979.0,42261.0,42261.0,1683600,KBS
2022-10-05 07:00:00,43576.0,44891.0,43138.0,44365.0,978300,KBS
2022-10-06 07:00:00,44365.0,44628.0,42524.0,42875.0,1088000,KBS
2022-10-07 07:00:00,42612.0,42699.0,40858.0,42261.0,1482200,KBS
2022-10-10 07:00:00,41647.0,44365.0,41647.0,43839.0,1099700,KBS
2022-10-11 07:00:00,43839.0,43839.0,41209.0,41209.0,1189900,KBS
2022-10-12 07:00:00,41340.0,43401.0,41340.0,42568.0,692400,KBS
2022-10-13 07:00:00,42524.0,43401.0,42349.0,43182.0,707400,KBS
2022-10-14 07:00:00,43927.0,44541.0,43401.0,44453.0,1097800,KBS
2022-10-17 07:00:00,44015.0,44453.0,43313.0,44453.0,554300,KBS
2022-10-18 07:00:00,45154.0,45242.0,44453.0,44628.0,582500,KBS
2022-10-19 07:00:00,44891.0,44979.0,44278.0,44891.0,558800,KBS
2022-10-20 07:00:00,44891.0,45067.0,44102.0,44716.0,520100,KBS
2022-10-21 07:00:00,44628.0,44628.0,42042.0,42129.0,911700,KBS
2022-10-24 07:00:00,42962.0,43050.0,41560.0,41998.0,788600,KBS
2022-10-25 07:00:00,42962.0,44628.0,42217.0,43839.0,1136900,KBS
2022-10-26 07:00:00,43839.0,44891.0,43839.0,44891.0,602700,KBS
2022-10-27 07:00:00,44891.0,46470.0,44891.0,46470.0,866900,KBS
2022-10-28 07:00:00,46908.0,47083.0,45330.0,46031.0,825100,KBS
2022-10-31 07:00:00,46294.0,46294.0,44628.0,46031.0,785800,KBS
2022-11-01 07:00:00,45154.0,46820.0,45154.0,46470.0,1036400,KBS
2022-11-02 07:00:00,46294.0,46557.0,45593.0,45593.0,636300,KBS
2022-11-03 07:00:00,44891.0,46031.0,44891.0,45943.0,493700,KBS
2022-11-04 07:00:00,45505.0,45593.0,43050.0,43839.0,898800,KBS
2022-11-07 07:00:00,43488.0,44453.0,42875.0,42875.0,644400,KBS
2022-11-08 07:00:00,42699.0,44628.0,42261.0,44541.0,636100,KBS
2022-11-09 07:00:00,45593.0,46207.0,44804.0,44979.0,694500,KBS
2022-11-10 07:00:00,44716.0,44891.0,41954.0,42656.0,1061100,KBS
2022-11-11 07:00:00,43050.0,43752.0,42656.0,42962.0,428000,KBS
2022-11-14 07:00:00,42524.0,42962.0,41428.0,41735.0,814000,KBS
2022-11-15 07:00:00,41823.0,41823.0,38842.0,38842.0,2079100,KBS
2022-11-16 07:00:00,36387.0,41560.0,36124.0,41472.0,1764400,KBS
2022-11-17 07:00:00,41823.0,42568.0,41472.0,41560.0,610900,KBS
2022-11-18 07:00:00,41647.0,42656.0,40332.0,42349.0,775500,KBS
2022-11-21 07:00:00,42480.0,42962.0,41735.0,41823.0,510100,KBS
2022-11-22 07:00:00,42042.0,43138.0,41823.0,42217.0,618400,KBS
2022-11-23 07:00:00,42261.0,43050.0,42217.0,42656.0,401300,KBS
2022-11-24 07:00:00,42875.0,42875.0,42393.0,42699.0,502700,KBS
2022-11-25 07:00:00,43494.0,43962.0,42933.0,43869.0,427400,KBS
2022-11-28 07:00:00,44149.0,44804.0,43775.0,43775.0,854600,KBS
2022-11-29 07:00:00,43494.0,44804.0,43401.0,44149.0,781900,KBS
2022-11-30 07:00:00,44710.0,45786.0,43775.0,45318.0,1188400,KBS
2022-12-01 07:00:00,45739.0,45739.0,44523.0,44710.0,1091000,KBS
2022-12-02 07:00:00,44056.0,45272.0,43962.0,45085.0,836800,KBS
2022-12-05 07:00:00,45459.0,47236.0,45459.0,47236.0,1576300,KBS
2022-12-06 07:00:00,46955.0,46955.0,44897.0,44897.0,913400,KBS
2022-12-07 07:00:00,44804.0,45459.0,44710.0,45178.0,620700,KBS
2022-12-08 07:00:00,45552.0,46301.0,44804.0,45365.0,683400,KBS
2022-12-09 07:00:00,45365.0,45365.0,44289.0,44804.0,760300,KBS
2022-12-12 07:00:00,44710.0,45833.0,44570.0,45365.0,760400,KBS
2022-12-13 07:00:00,45412.0,46675.0,44897.0,46675.0,1451100,KBS
2022-12-14 07:00:00,47236.0,47516.0,46020.0,46534.0,691200,KBS
2022-12-15 07:00:00,46534.0,46768.0,46067.0,46301.0,652800,KBS
2022-12-16 07:00:00,45459.0,46394.0,45459.0,46394.0,1031800,KBS
2022-12-19 07:00:00,46207.0,46207.0,45085.0,45085.0,642200,KBS
2022-12-20 07:00:00,44897.0,45926.0,43494.0,44897.0,1172700,KBS
2022-12-21 07:00:00,44897.0,45178.0,44430.0,44897.0,483600,KBS
2022-12-22 07:00:00,45085.0,45459.0,44477.0,45085.0,309100,KBS
2022-12-23 07:00:00,44710.0,45085.0,44430.0,44804.0,493100,KBS
2022-12-26 07:00:00,44710.0,44897.0,42559.0,42559.0,494100,KBS
2022-12-27 07:00:00,42559.0,43962.0,42559.0,43494.0,460000,KBS
2022-12-28 07:00:00,44009.0,44009.0,43027.0,43681.0,147900,KBS
2022-12-29 07:00:00,43681.0,44289.0,43494.0,43494.0,457700,KBS
2022-12-30 07:00:00,43681.0,44056.0,43588.0,43588.0,140300,KBS
2023-01-03 07:00:00,43635.0,44664.0,43494.0,44617.0,270500,KBS
2023-01-04 07:00:00,44804.0,44897.0,44430.0,44617.0,507200,KBS
2023-01-05 07:00:00,44897.0,45272.0,44757.0,44944.0,285300,KBS
2023-01-06 07:00:00,45272.0,45599.0,44804.0,44944.0,493200,KBS
2023-01-09 07:00:00,44991.0,45459.0,44757.0,44804.0,187700,KBS
2023-01-10 07:00:00,44897.0,44991.0,44430.0,44897.0,274300,KBS
2023-01-11 07:00:00,45272.0,45646.0,44897.0,45459.0,523900,KBS
2023-01-12 07:00:00,45739.0,46207.0,45459.0,45926.0,457000,KBS
2023-01-13 07:00:00,46113.0,46301.0,45693.0,45739.0,293700,KBS
2023-01-16 07:00:00,45739.0,45926.0,45038.0,45038.0,282600,KBS
2023-01-17 07:00:00,45085.0,45599.0,45038.0,45459.0,442500,KBS
2023-01-18 07:00:00,45552.0,45786.0,45085.0,45272.0,495300,KBS
2023-01-19 07:00:00,45272.0,46768.0,45225.0,46675.0,1090600,KBS
2023-01-27 07:00:00,46721.0,48265.0,46721.0,47704.0,711400,KBS
2023-01-30 07:00:00,47610.0,48171.0,46955.0,47236.0,636800,KBS
2023-01-31 07:00:00,47236.0,47236.0,46394.0,47142.0,669200,KBS
2023-02-01 07:00:00,47236.0,48452.0,46394.0,46768.0,1368300,KBS
2023-02-02 07:00:00,47236.0,47329.0,45739.0,46721.0,414900,KBS
2023-02-03 07:00:00,46768.0,47236.0,45926.0,46488.0,471600,KBS
2023-02-06 07:00:00,46534.0,47329.0,46020.0,47329.0,593700,KBS
2023-02-07 07:00:00,47142.0,47610.0,46020.0,46020.0,466700,KBS
2023-02-08 07:00:00,46067.0,46862.0,45926.0,46067.0,481300,KBS
2023-02-09 07:00:00,46301.0,46768.0,46067.0,46160.0,153200,KBS
2023-02-10 07:00:00,46394.0,46955.0,45880.0,46581.0,560400,KBS
2023-02-13 07:00:00,46581.0,46581.0,45365.0,45365.0,359400,KBS
2023-02-14 07:00:00,46020.0,46207.0,45646.0,45926.0,181300,KBS
2023-02-15 07:00:00,45926.0,46534.0,45833.0,46207.0,162100,KBS
2023-02-16 07:00:00,46394.0,47142.0,46113.0,46862.0,402600,KBS
2023-02-17 07:00:00,46862.0,47891.0,46721.0,47142.0,761500,KBS
2023-02-20 07:00:00,47704.0,47891.0,47236.0,47891.0,569400,KBS
2023-02-21 07:00:00,48078.0,48078.0,47142.0,47236.0,375400,KBS
2023-02-22 07:00:00,46768.0,47891.0,46768.0,46768.0,445900,KBS
2023-02-23 07:00:00,46768.0,46768.0,45833.0,46394.0,463700,KBS
2023-02-24 07:00:00,46581.0,46581.0,45739.0,45739.0,240200,KBS
2023-02-27 07:00:00,45693.0,45693.0,44991.0,45085.0,392900,KBS
2023-02-28 07:00:00,45131.0,45833.0,45085.0,45365.0,163900,KBS
2023-03-01 07:00:00,45412.0,46301.0,45085.0,46254.0,243700,KBS
2023-03-02 07:00:00,46254.0,46254.0,45833.0,45833.0,122200,KBS
2023-03-03 07:00:00,46254.0,46301.0,45318.0,45318.0,176000,KBS
2023-03-06 07:00:00,45505.0,45739.0,44897.0,44897.0,180300,KBS
2023-03-07 07:00:00,45131.0,45833.0,45038.0,45178.0,185900,KBS
2023-03-08 07:00:00,45178.0,45833.0,45038.0,45833.0,155600,KBS
2023-03-09 07:00:00,45926.0,46301.0,45599.0,46254.0,222500,KBS
2023-03-10 07:00:00,46020.0,46020.0,45459.0,46020.0,112400,KBS
2023-03-13 07:00:00,45833.0,46488.0,45272.0,46301.0,489100,KBS
2023-03-14 07:00:00,46113.0,46207.0,45552.0,45552.0,160200,KBS
2023-03-15 07:00:00,46301.0,46301.0,45646.0,46113.0,338900,KBS
2023-03-16 07:00:00,46067.0,46113.0,45365.0,45459.0,117400,KBS
2023-03-17 07:00:00,45833.0,46768.0,45318.0,46768.0,844700,KBS
2023-03-20 07:00:00,46768.0,46768.0,45739.0,45833.0,323900,KBS
2023-03-21 07:00:00,45880.0,46207.0,45552.0,45833.0,211800,KBS
2023-03-22 07:00:00,46160.0,46160.0,45599.0,45833.0,193400,KBS
2023-03-23 07:00:00,45646.0,45833.0,45365.0,45739.0,199400,KBS
2023-03-24 07:00:00,45739.0,45833.0,44897.0,45365.0,296600,KBS
2023-03-27 07:00:00,45365.0,45552.0,45131.0,45365.0,278100,KBS
2023-03-28 07:00:00,45365.0,45833.0,45365.0,45365.0,175600,KBS
2023-03-29 07:00:00,45552.0,45552.0,45038.0,45178.0,193800,KBS
2023-03-30 07:00:00,45178.0,45459.0,45178.0,45318.0,114200,KBS
2023-03-31 07:00:00,45365.0,45505.0,45272.0,45318.0,144100,KBS
2023-04-03 07:00:00,45459.0,45833.0,45459.0,45833.0,275500,KBS
2023-04-04 07:00:00,46113.0,46113.0,45599.0,46020.0,174800,KBS
2023-04-05 07:00:00,46020.0,46113.0,45646.0,45880.0,182500,KBS
2023-04-06 07:00:00,46207.0,46207.0,45365.0,45365.0,239000,KBS
2023-04-07 07:00:00,45365.0,45505.0,45225.0,45365.0,192800,KBS
2023-04-10 07:00:00,45505.0,45833.0,45318.0,45739.0,225700,KBS
2023-04-11 07:00:00,45552.0,45973.0,45412.0,45973.0,155600,KBS
2023-04-12 07:00:00,46067.0,46067.0,45365.0,45365.0,260600,KBS
2023-04-13 07:00:00,45365.0,45459.0,45272.0,45272.0,222000,KBS
2023-04-14 07:00:00,45365.0,45412.0,44897.0,44897.0,358600,KBS
2023-04-17 07:00:00,44991.0,45038.0,44149.0,44149.0,439600,KBS
2023-04-18 07:00:00,44897.0,44897.0,43869.0,43962.0,235000,KBS
2023-04-19 07:00:00,44056.0,44056.0,43167.0,43167.0,365600,KBS
2023-04-20 07:00:00,43401.0,44289.0,43401.0,43962.0,220500,KBS
2023-04-21 07:00:00,44243.0,44243.0,43448.0,43822.0,236500,KBS
2023-04-24 07:00:00,43869.0,43869.0,43354.0,43401.0,146100,KBS
2023-04-25 07:00:00,43401.0,43494.0,42653.0,42653.0,277300,KBS
2023-04-26 07:00:00,42653.0,42933.0,42091.0,42886.0,362800,KBS
2023-04-27 07:00:00,42933.0,43261.0,41951.0,41951.0,556400,KBS
2023-04-28 07:00:00,41998.0,42512.0,41951.0,41998.0,267600,KBS
2023-05-04 07:00:00,41998.0,42793.0,41998.0,42325.0,297700,KBS
2023-05-05 07:00:00,42325.0,43261.0,42325.0,42933.0,309100,KBS
2023-05-08 07:00:00,42933.0,43261.0,42840.0,43027.0,298000,KBS
2023-05-09 07:00:00,43354.0,43354.0,42980.0,43027.0,224100,KBS
2023-05-10 07:00:00,43261.0,43261.0,42840.0,42980.0,319800,KBS
2023-05-11 07:00:00,43027.0,43261.0,42653.0,42746.0,469200,KBS
2023-05-12 07:00:00,42793.0,43027.0,42138.0,43027.0,627500,KBS
2023-05-15 07:00:00,43027.0,43448.0,42512.0,42559.0,600100,KBS
2023-05-16 07:00:00,42559.0,42980.0,42278.0,42372.0,277600,KBS
2023-05-17 07:00:00,42372.0,42466.0,42138.0,42138.0,332100,KBS
2023-05-18 07:00:00,42278.0,42372.0,41904.0,41904.0,625800,KBS
2023-05-19 07:00:00,42045.0,42466.0,41437.0,41437.0,640100,KBS
2023-05-22 07:00:00,41437.0,41624.0,40969.0,40969.0,1040500,KBS
2023-05-23 07:00:00,40969.0,41717.0,40969.0,41717.0,830100,KBS
2023-05-24 07:00:00,41904.0,42232.0,41577.0,41577.0,479800,KBS
2023-05-25 07:00:00,41530.0,41764.0,41156.0,41250.0,383500,KBS
2023-05-26 07:00:00,41156.0,41624.0,40688.0,40735.0,974300,KBS
2023-05-29 07:00:00,41016.0,41296.0,40688.0,41109.0,552200,KBS
2023-05-30 07:00:00,41250.0,41530.0,40875.0,40969.0,570800,KBS
2023-05-31 07:00:00,40969.0,41109.0,40688.0,40688.0,674400,KBS
2023-06-01 07:00:00,40688.0,41062.0,40595.0,40829.0,431900,KBS
2023-06-02 07:00:00,41062.0,41437.0,41062.0,41250.0,1094200,KBS
2023-06-05 07:00:00,41811.0,42138.0,41577.0,41624.0,950500,KBS
2023-06-06 07:00:00,41670.0,42278.0,41670.0,42045.0,1196500,KBS
2023-06-07 07:00:00,42091.0,42232.0,41624.0,41764.0,592800,KBS
2023-06-08 07:00:00,41811.0,42091.0,41250.0,41250.0,840200,KBS
2023-06-09 07:00:00,41156.0,41296.0,40829.0,40969.0,687400,KBS
2023-06-12 07:00:00,40875.0,41624.0,40875.0,41624.0,926000,KBS
2023-06-13 07:00:00,41998.0,42746.0,41904.0,42091.0,1766400,KBS
2023-06-14 07:00:00,42138.0,42559.0,41624.0,41717.0,885500,KBS
2023-06-15 07:00:00,41858.0,41951.0,41296.0,41530.0,855600,KBS
2023-06-16 07:00:00,41764.0,42138.0,41203.0,41203.0,978600,KBS
2023-06-19 07:00:00,41156.0,41343.0,40829.0,40875.0,717400,KBS
2023-06-20 07:00:00,40875.0,41156.0,40688.0,41156.0,644200,KBS
2023-06-21 07:00:00,41203.0,41343.0,40829.0,41296.0,661500,KBS
2023-06-22 07:00:00,41577.0,41577.0,41062.0,41296.0,1121500,KBS
2023-06-23 07:00:00,41437.0,42185.0,41390.0,42185.0,1823700,KBS
2023-06-26 07:00:00,42372.0,42606.0,41717.0,42325.0,1300200,KBS
2023-06-27 07:00:00,42653.0,42980.0,42278.0,42372.0,1275900,KBS
2023-06-28 07:00:00,42232.0,42840.0,42138.0,42232.0,721800,KBS
2023-06-29 07:00:00,42325.0,42325.0,41437.0,41437.0,1112400,KBS
2023-06-30 07:00:00,41530.0,41530.0,41203.0,41250.0,788100,KBS
2023-07-03 07:00:00,41530.0,41811.0,41343.0,41624.0,498300,KBS
2023-07-04 07:00:00,41717.0,42138.0,41577.0,42138.0,878000,KBS
2023-07-05 07:00:00,42138.0,42185.0,41904.0,41904.0,533500,KBS
2023-07-06 07:00:00,41904.0,42653.0,41904.0,42091.0,1982700,KBS
2023-07-07 07:00:00,42325.0,42419.0,41904.0,42325.0,678800,KBS
2023-07-10 07:00:00,42559.0,42699.0,42372.0,42653.0,1178700,KBS
2023-07-11 07:00:00,42840.0,42840.0,42419.0,42559.0,1394000,KBS
2023-07-12 07:00:00,42653.0,44336.0,42606.0,43822.0,1971300,KBS
2023-07-13 07:00:00,44336.0,44430.0,43822.0,43962.0,1043400,KBS
2023-07-14 07:00:00,44009.0,44149.0,43307.0,43775.0,1475500,KBS
2023-07-17 07:00:00,43962.0,44243.0,43448.0,44243.0,977000,KBS
2023-07-18 07:00:00,44243.0,44710.0,43962.0,44009.0,776300,KBS
2023-07-19 07:00:00,44009.0,44149.0,43728.0,43869.0,789800,KBS
2023-07-20 07:00:00,43681.0,43962.0,43541.0,43775.0,574500,KBS
2023-07-21 07:00:00,43915.0,44897.0,43822.0,44430.0,1428700,KBS
2023-07-24 07:00:00,44617.0,44757.0,44056.0,44196.0,878800,KBS
2023-07-25 07:00:00,44196.0,44196.0,43541.0,43869.0,1215300,KBS
2023-07-26 07:00:00,43869.0,44102.0,43588.0,43635.0,844800,KBS
2023-07-27 07:00:00,43681.0,44056.0,43401.0,43541.0,874200,KBS
2023-07-28 07:00:00,43401.0,43822.0,43354.0,43635.0,666900,KBS
2023-07-31 07:00:00,44056.0,45272.0,44056.0,45038.0,1958900,KBS
2023-08-01 07:00:00,45225.0,45272.0,44196.0,44196.0,1367100,KBS
2023-08-02 07:00:00,44243.0,45038.0,43869.0,44757.0,1143800,KBS
2023-08-03 07:00:00,44757.0,44897.0,44149.0,44243.0,861800,KBS
2023-08-04 07:00:00,44430.0,44477.0,44009.0,44056.0,1064100,KBS
2023-08-07 07:00:00,44196.0,44897.0,44102.0,44897.0,1313900,KBS
2023-08-08 07:00:00,45085.0,45131.0,44430.0,44477.0,991500,KBS
2023-08-09 07:00:00,44664.0,44664.0,44243.0,44336.0,674700,KBS
2023-08-10 07:00:00,44617.0,44804.0,43962.0,43962.0,620000,KBS
2023-08-11 07:00:00,44009.0,44102.0,43448.0,43681.0,1076900,KBS
2023-08-14 07:00:00,43915.0,44149.0,43635.0,43869.0,597700,KBS
2023-08-15 07:00:00,43869.0,44897.0,43775.0,44149.0,524100,KBS
2023-08-16 07:00:00,44009.0,44149.0,43775.0,43869.0,530200,KBS
2023-08-17 07:00:00,43822.0,43869.0,43494.0,43494.0,676700,KBS
2023-08-18 07:00:00,43494.0,43775.0,41343.0,41343.0,1903200,KBS
2023-08-21 07:00:00,41343.0,42138.0,41109.0,41717.0,1025700,KBS
2023-08-22 07:00:00,41764.0,42512.0,41530.0,42466.0,943900,KBS
2023-08-23 07:00:00,42559.0,42653.0,42045.0,42559.0,455600,KBS
2023-08-24 07:00:00,42138.0,42559.0,42138.0,42466.0,361100,KBS
2023-08-25 07:00:00,42559.0,42559.0,41951.0,41998.0,540700,KBS
2023-08-28 07:00:00,41998.0,42185.0,41764.0,41998.0,591800,KBS
2023-08-29 07:00:00,42045.0,42512.0,41904.0,41904.0,737800,KBS
2023-08-30 07:00:00,42091.0,42278.0,41951.0,42138.0,453400,KBS
2023-08-31 07:00:00,42185.0,42466.0,42138.0,42278.0,1098600,KBS
2023-09-05 07:00:00,42372.0,42933.0,42372.0,42512.0,731700,KBS
2023-09-06 07:00:00,42746.0,42793.0,42419.0,42699.0,580800,KBS
2023-09-07 07:00:00,42840.0,43027.0,42559.0,42793.0,1010400,KBS
2023-09-08 07:00:00,42793.0,43027.0,42606.0,42699.0,437900,KBS
2023-09-11 07:00:00,42746.0,43401.0,42559.0,42559.0,921000,KBS
2023-09-12 07:00:00,42559.0,42840.0,42466.0,42840.0,456800,KBS
2023-09-13 07:00:00,42980.0,43074.0,42559.0,42606.0,805400,KBS
2023-09-14 07:00:00,42606.0,42653.0,41951.0,42278.0,670400,KBS
2023-09-15 07:00:00,42278.0,42559.0,41998.0,41998.0,600500,KBS
2023-09-18 07:00:00,41998.0,42278.0,41624.0,41904.0,541800,KBS
2023-09-19 07:00:00,41951.0,41998.0,40922.0,41203.0,1740500,KBS
2023-09-20 07:00:00,41296.0,41904.0,41109.0,41717.0,309700,KBS
2023-09-21 07:00:00,41717.0,41904.0,41483.0,41483.0,300600,KBS
2023-09-22 07:00:00,41156.0,41250.0,40221.0,40782.0,880900,KBS
2023-09-25 07:00:00,40875.0,41156.0,39472.0,39472.0,748800,KBS
2023-09-26 07:00:00,39285.0,40080.0,39005.0,39285.0,1153500,KBS
2023-09-27 07:00:00,39285.0,39659.0,39192.0,39659.0,461500,KBS
2023-09-28 07:00:00,39566.0,39800.0,39426.0,39659.0,481200,KBS
2023-09-29 07:00:00,39753.0,39893.0,39426.0,39426.0,231800,KBS
2023-10-02 07:00:00,39800.0,39800.0,39379.0,39519.0,223300,KBS
2023-10-03 07:00:00,39332.0,39613.0,39098.0,39145.0,647900,KBS
2023-10-04 07:00:00,38911.0,39659.0,38818.0,39332.0,378300,KBS
2023-10-05 07:00:00,39753.0,39753.0,39192.0,39192.0,174800,KBS
2023-10-06 07:00:00,39192.0,39426.0,38818.0,39192.0,245100,KBS
2023-10-09 07:00:00,39285.0,39566.0,39145.0,39472.0,222600,KBS
2023-10-10 07:00:00,39706.0,39987.0,39519.0,39800.0,258600,KBS
2023-10-11 07:00:00,39659.0,39940.0,39659.0,39847.0,121700,KBS
2023-10-12 07:00:00,39940.0,40034.0,39800.0,39893.0,239800,KBS
2023-10-13 07:00:00,39847.0,39847.0,39285.0,39566.0,210400,KBS
2023-10-16 07:00:00,39566.0,39566.0,38631.0,38958.0,331200,KBS
2023-10-17 07:00:00,39051.0,39332.0,38864.0,38864.0,173600,KBS
2023-10-18 07:00:00,38864.0,38911.0,37882.0,38210.0,467100,KBS
2023-10-19 07:00:00,37976.0,38256.0,37602.0,37602.0,342300,KBS
2023-10-20 07:00:00,37648.0,38490.0,37555.0,38350.0,210800,KBS
2023-10-23 07:00:00,38350.0,38350.0,37695.0,37882.0,202100,KBS
2023-10-24 07:00:00,38116.0,38163.0,37695.0,38116.0,128500,KBS
2023-10-25 07:00:00,38116.0,38443.0,38116.0,38210.0,154100,KBS
2023-10-26 07:00:00,37695.0,37882.0,36292.0,36526.0,646500,KBS
2023-10-27 07:00:00,36573.0,37040.0,36479.0,36947.0,460800,KBS
2023-10-30 07:00:00,36947.0,37134.0,36479.0,36620.0,155400,KBS
2023-10-31 07:00:00,36947.0,37040.0,36386.0,36386.0,373700,KBS
2023-11-01 07:00:00,36479.0,36947.0,36105.0,36479.0,255800,KBS
2023-11-02 07:00:00,36807.0,37976.0,36573.0,37976.0,488100,KBS
2023-11-03 07:00:00,37976.0,38116.0,37602.0,37789.0,196600,KBS
2023-11-06 07:00:00,37882.0,38210.0,37789.0,38069.0,191800,KBS
2023-11-07 07:00:00,37976.0,38023.0,37695.0,37789.0,162200,KBS
2023-11-08 07:00:00,37789.0,38350.0,37415.0,38350.0,352500,KBS
2023-11-09 07:00:00,38397.0,38818.0,38350.0,38350.0,394000,KBS
2023-11-10 07:00:00,38256.0,38303.0,37976.0,37976.0,247100,KBS
2023-11-13 07:00:00,37976.0,38163.0,37789.0,37929.0,143300,KBS
2023-11-14 07:00:00,38023.0,38350.0,37835.0,38163.0,295800,KBS
2023-11-15 07:00:00,38677.0,38818.0,38163.0,38256.0,556200,KBS
2023-11-16 07:00:00,38256.0,39005.0,38256.0,38631.0,483500,KBS
2023-11-17 07:00:00,39005.0,39145.0,38210.0,38210.0,407800,KBS
2023-11-20 07:00:00,37789.0,38397.0,37789.0,38163.0,246300,KBS
2023-11-21 07:00:00,38350.0,38350.0,38116.0,38163.0,212000,KBS
2023-11-22 07:00:00,38163.0,38303.0,37882.0,38210.0,242700,KBS
2023-11-23 07:00:00,38350.0,38490.0,37882.0,37882.0,292700,KBS
2023-11-24 07:00:00,37882.0,38023.0,37227.0,37648.0,413600,KBS
2023-11-27 07:00:00,37744.0,38127.0,37169.0,37217.0,315000,KBS
2023-11-28 07:00:00,37217.0,37936.0,37217.0,37936.0,248600,KBS
2023-11-29 07:00:00,37936.0,38271.0,37840.0,38032.0,269200,KBS
2023-11-30 07:00:00,37936.0,38463.0,37361.0,37361.0,386700,KBS
2023-12-01 07:00:00,37984.0,38319.0,37696.0,38032.0,211200,KBS
2023-12-04 07:00:00,38271.0,38558.0,38080.0,38319.0,399700,KBS
2023-12-05 07:00:00,38511.0,38511.0,37984.0,38127.0,292800,KBS
2023-12-06 07:00:00,38127.0,38606.0,38080.0,38367.0,361300,KBS
2023-12-07 07:00:00,38367.0,38415.0,37744.0,37936.0,466800,KBS
2023-12-08 07:00:00,38032.0,38127.0,37648.0,37888.0,214400,KBS
2023-12-11 07:00:00,37936.0,38415.0,37888.0,38367.0,396000,KBS
2023-12-12 07:00:00,38367.0,38606.0,38319.0,38415.0,324200,KBS
2023-12-13 07:00:00,38415.0,39325.0,38415.0,38798.0,900300,KBS
2023-12-14 07:00:00,38894.0,38942.0,38463.0,38463.0,313000,KBS
2023-12-15 07:00:00,38463.0,38511.0,37840.0,37840.0,533600,KBS
2023-12-18 07:00:00,37888.0,38032.0,37361.0,37409.0,276400,KBS
2023-12-19 07:00:00,37409.0,37744.0,37361.0,37553.0,143900,KBS
2023-12-20 07:00:00,37601.0,37792.0,37409.0,37696.0,171000,KBS
2023-12-21 07:00:00,37696.0,37792.0,37553.0,37696.0,132100,KBS
2023-12-22 07:00:00,37696.0,37696.0,37265.0,37265.0,359900,KBS
2023-12-25 07:00:00,37313.0,37792.0,37265.0,37648.0,224200,KBS
2023-12-26 07:00:00,37505.0,37984.0,37505.0,37840.0,240200,KBS
2023-12-27 07:00:00,37840.0,38319.0,37840.0,37888.0,236700,KBS
2023-12-28 07:00:00,37936.0,38032.0,37840.0,37936.0,168100,KBS
2023-12-29 07:00:00,37936.0,38080.0,37840.0,37840.0,270300,KBS
2024-01-02 07:00:00,37840.0,38223.0,37840.0,37936.0,223400,KBS
2024-01-03 07:00:00,37840.0,38127.0,37840.0,38127.0,148000,KBS
2024-01-04 07:00:00,38319.0,38702.0,38080.0,38415.0,684000,KBS
2024-01-05 07:00:00,38463.0,38511.0,38175.0,38319.0,189300,KBS
2024-01-08 07:00:00,38367.0,38654.0,38271.0,38319.0,301100,KBS
2024-01-09 07:00:00,38319.0,38750.0,38127.0,38319.0,377300,KBS
2024-01-10 07:00:00,38463.0,39229.0,38463.0,38798.0,886900,KBS
2024-01-11 07:00:00,38798.0,40427.0,38702.0,40235.0,1196200,KBS
2024-01-12 07:00:00,40235.0,40283.0,39516.0,40043.0,690800,KBS
2024-01-15 07:00:00,39948.0,40235.0,39277.0,39277.0,435500,KBS
2024-01-16 07:00:00,39277.0,39325.0,38894.0,39277.0,553600,KBS
2024-01-17 07:00:00,38990.0,39948.0,38990.0,39421.0,503300,KBS
2024-01-18 07:00:00,39277.0,39708.0,39277.0,39421.0,289000,KBS
2024-01-19 07:00:00,39421.0,39708.0,39421.0,39516.0,250000,KBS
2024-01-22 07:00:00,39708.0,39756.0,39421.0,39469.0,234600,KBS
2024-01-23 07:00:00,39469.0,39469.0,38990.0,39085.0,449800,KBS
2024-01-24 07:00:00,39085.0,39229.0,38894.0,38990.0,334100,KBS
2024-01-25 07:00:00,39133.0,39133.0,38894.0,38990.0,157900,KBS
2024-01-26 07:00:00,38990.0,39133.0,38990.0,39133.0,140100,KBS
2024-01-29 07:00:00,39229.0,39708.0,38990.0,39469.0,266200,KBS
2024-01-30 07:00:00,39564.0,39708.0,39229.0,39277.0,143800,KBS
2024-01-31 07:00:00,39564.0,39564.0,38798.0,38798.0,336300,KBS
2024-02-01 07:00:00,38990.0,39660.0,38894.0,39516.0,485100,KBS
2024-02-02 07:00:00,39516.0,39516.0,39133.0,39277.0,167900,KBS
2024-02-05 07:00:00,39325.0,40235.0,39325.0,39325.0,387700,KBS
2024-02-06 07:00:00,39373.0,39612.0,39277.0,39373.0,221000,KBS
2024-02-07 07:00:00,39373.0,39660.0,39325.0,39469.0,289900,KBS
2024-02-15 07:00:00,39469.0,39948.0,39469.0,39564.0,359900,KBS
2024-02-16 07:00:00,39852.0,40953.0,39756.0,40714.0,981500,KBS
2024-02-19 07:00:00,40906.0,41432.0,40666.0,41385.0,818800,KBS
2024-02-20 07:00:00,41385.0,41432.0,40858.0,40953.0,457400,KBS
2024-02-21 07:00:00,40953.0,41001.0,40474.0,40666.0,464100,KBS
2024-02-22 07:00:00,40762.0,40810.0,40379.0,40379.0,400600,KBS
2024-02-23 07:00:00,40474.0,41049.0,40091.0,40187.0,627200,KBS
2024-02-26 07:00:00,40187.0,40474.0,40139.0,40283.0,353400,KBS
2024-02-27 07:00:00,40331.0,40714.0,40331.0,40666.0,290100,KBS
2024-02-28 07:00:00,40666.0,40762.0,40379.0,40666.0,390700,KBS
2024-02-29 07:00:00,40906.0,41480.0,40906.0,41097.0,673800,KBS
2024-03-01 07:00:00,41049.0,41385.0,40906.0,41001.0,399700,KBS
2024-03-04 07:00:00,40953.0,41528.0,40953.0,41385.0,804100,KBS
2024-03-05 07:00:00,41193.0,41624.0,41097.0,41480.0,491900,KBS
2024-03-06 07:00:00,41768.0,42342.0,41097.0,41480.0,769600,KBS
2024-03-07 07:00:00,41528.0,43013.0,41432.0,43013.0,1673700,KBS
2024-03-08 07:00:00,43396.0,43636.0,42438.0,42582.0,1514100,KBS
2024-03-11 07:00:00,42582.0,42630.0,41385.0,41528.0,874200,KBS
2024-03-12 07:00:00,41528.0,41672.0,41193.0,41576.0,889900,KBS
2024-03-13 07:00:00,41624.0,42151.0,41432.0,42151.0,579300,KBS
2024-03-14 07:00:00,42151.0,42151.0,41720.0,41816.0,582300,KBS
2024-03-15 07:00:00,41672.0,42007.0,41145.0,41289.0,793000,KBS
2024-03-18 07:00:00,41289.0,41576.0,39756.0,40235.0,900900,KBS
2024-03-19 07:00:00,40235.0,40570.0,40139.0,40235.0,195700,KBS
2024-03-20 07:00:00,40283.0,40618.0,40043.0,40474.0,280700,KBS
2024-03-21 07:00:00,40762.0,41097.0,40666.0,41001.0,492200,KBS
2024-03-22 07:00:00,41145.0,41145.0,40570.0,40714.0,439900,KBS
2024-03-25 07:00:00,40714.0,41480.0,40618.0,41001.0,728400,KBS
2024-03-26 07:00:00,41241.0,41241.0,40858.0,41097.0,297100,KBS
2024-03-27 07:00:00,41097.0,41480.0,40906.0,41480.0,546900,KBS
2024-03-28 07:00:00,41480.0,41720.0,41385.0,41480.0,389700,KBS
2024-03-29 07:00:00,41576.0,41576.0,40858.0,40953.0,526100,KBS
2024-04-01 07:00:00,41001.0,41145.0,40570.0,40618.0,268000,KBS
2024-04-02 07:00:00,40618.0,40618.0,40139.0,40618.0,486000,KBS
2024-04-03 07:00:00,40618.0,41145.0,40235.0,40522.0,273000,KBS
2024-04-04 07:00:00,40570.0,40810.0,40235.0,40331.0,199200,KBS
2024-04-05 07:00:00,40139.0,40235.0,39948.0,39948.0,274700,KBS
2024-04-08 07:00:00,39948.0,40235.0,39708.0,39804.0,323700,KBS
2024-04-09 07:00:00,39948.0,40187.0,39564.0,39804.0,302900,KBS
2024-04-10 07:00:00,39804.0,40091.0,39756.0,39804.0,233000,KBS
2024-04-11 07:00:00,39804.0,39804.0,39516.0,39708.0,173600,KBS
2024-04-12 07:00:00,40043.0,40139.0,39564.0,40139.0,132400,KBS
2024-04-15 07:00:00,40043.0,40043.0,37840.0,38032.0,405000,KBS
2024-04-16 07:00:00,38223.0,38319.0,37553.0,37696.0,618000,KBS
2024-04-17 07:00:00,37792.0,38319.0,36930.0,36978.0,779300,KBS
2024-04-19 07:00:00,36978.0,37313.0,36595.0,36882.0,606400,KBS
2024-04-22 07:00:00,37840.0,38367.0,36930.0,37936.0,446700,KBS
2024-04-23 07:00:00,37936.0,37936.0,37265.0,37601.0,209900,KBS
2024-04-24 07:00:00,37601.0,37984.0,37409.0,37936.0,239800,KBS
2024-04-25 07:00:00,37792.0,38032.0,37553.0,37648.0,154300,KBS
2024-04-26 07:00:00,37553.0,37792.0,37265.0,37792.0,303900,KBS
2024-05-02 07:00:00,37792.0,38798.0,37792.0,38415.0,359200,KBS
2024-05-03 07:00:00,38415.0,38990.0,38271.0,38319.0,297400,KBS
2024-05-06 07:00:00,38367.0,38846.0,38319.0,38846.0,246300,KBS
2024-05-07 07:00:00,38846.0,39804.0,38846.0,39660.0,596900,KBS
2024-05-08 07:00:00,39229.0,39804.0,39085.0,39373.0,332400,KBS
2024-05-09 07:00:00,39564.0,39756.0,38894.0,39229.0,235600,KBS
2024-05-10 07:00:00,39181.0,39756.0,38846.0,38990.0,244000,KBS
2024-05-13 07:00:00,38990.0,39469.0,38750.0,38750.0,145900,KBS
2024-05-14 07:00:00,38750.0,39037.0,38415.0,38702.0,162600,KBS
2024-05-15 07:00:00,38654.0,38990.0,38654.0,38846.0,185400,KBS
2024-05-16 07:00:00,39277.0,39277.0,38942.0,39085.0,193900,KBS
2024-05-17 07:00:00,39085.0,39181.0,38846.0,39133.0,286900,KBS
2024-05-20 07:00:00,39756.0,40858.0,39229.0,40570.0,1061000,KBS
2024-05-21 07:00:00,40618.0,41097.0,39995.0,40379.0,658000,KBS
2024-05-22 07:00:00,40522.0,40618.0,39852.0,39948.0,482800,KBS
2024-05-23 07:00:00,39852.0,42726.0,39804.0,42726.0,2686300,KBS
2024-05-24 07:00:00,43109.0,44067.0,41911.0,42726.0,1772000,KBS
2024-05-27 07:00:00,42726.0,44929.0,42726.0,44450.0,2540600,KBS
2024-05-28 07:00:00,44498.0,45360.0,43923.0,45025.0,1528300,KBS
2024-05-29 07:00:00,45216.0,45216.0,43588.0,43684.0,1257800,KBS
2024-05-30 07:00:00,43588.0,43588.0,42438.0,43109.0,1906600,KBS
2024-05-31 07:00:00,43109.0,44450.0,42965.0,42965.0,922900,KBS
2024-06-03 07:00:00,43684.0,44354.0,43109.0,43444.0,659300,KBS
2024-06-04 07:00:00,43588.0,44450.0,43300.0,43923.0,997300,KBS
2024-06-05 07:00:00,43971.0,46270.0,43971.0,45264.0,2402500,KBS
2024-06-06 07:00:00,45264.0,45839.0,44546.0,44546.0,916400,KBS
2024-06-07 07:00:00,44833.0,45408.0,44019.0,44450.0,829000,KBS
2024-06-10 07:00:00,44785.0,45121.0,44306.0,44354.0,1126800,KBS
2024-06-11 07:00:00,44354.0,44546.0,43396.0,43732.0,1025700,KBS
2024-06-12 07:00:00,43348.0,44546.0,43300.0,44258.0,559700,KBS
2024-06-13 07:00:00,44306.0,44450.0,43540.0,43827.0,1345200,KBS
2024-06-14 07:00:00,43779.0,44306.0,42630.0,42630.0,707900,KBS
2024-06-17 07:00:00,42630.0,43013.0,42247.0,42438.0,601700,KBS
2024-06-18 07:00:00,43300.0,43636.0,42630.0,43492.0,756500,KBS
2024-06-19 07:00:00,43588.0,44067.0,43300.0,43875.0,503200,KBS
2024-06-20 07:00:00,43875.0,44258.0,43109.0,43348.0,726500,KBS
2024-06-21 07:00:00,43205.0,43875.0,43205.0,43253.0,584900,KBS
2024-06-24 07:00:00,43253.0,43684.0,41480.0,42630.0,896400,KBS
2024-06-25 07:00:00,42630.0,42917.0,42247.0,42917.0,358300,KBS
2024-06-26 07:00:00,42630.0,42917.0,42151.0,42869.0,279000,KBS
2024-06-27 07:00:00,42869.0,45456.0,42486.0,44067.0,2351900,KBS
2024-06-28 07:00:00,44737.0,44737.0,43396.0,44067.0,1077100,KBS
2024-07-01 07:00:00,43827.0,44450.0,43827.0,44450.0,399000,KBS
2024-07-02 07:00:00,44737.0,46079.0,44642.0,45600.0,1653400,KBS
2024-07-03 07:00:00,45983.0,45983.0,44833.0,45025.0,647400,KBS
2024-07-04 07:00:00,44833.0,45791.0,44737.0,44881.0,598800,KBS
2024-07-05 07:00:00,45121.0,45264.0,44450.0,44450.0,696700,KBS
2024-07-08 07:00:00,44546.0,45025.0,43109.0,44354.0,930700,KBS
2024-07-09 07:00:00,44450.0,45887.0,44163.0,45504.0,1139000,KBS
2024-07-10 07:00:00,45504.0,45552.0,44642.0,44642.0,561200,KBS
2024-07-11 07:00:00,44929.0,45025.0,44163.0,44163.0,584000,KBS
2024-07-12 07:00:00,44498.0,44498.0,43588.0,43588.0,582200,KBS
2024-07-15 07:00:00,43588.0,44163.0,43588.0,44115.0,429700,KBS
2024-07-16 07:00:00,44498.0,44833.0,44258.0,44546.0,741600,KBS
2024-07-17 07:00:00,44833.0,45312.0,42438.0,44450.0,1426700,KBS
2024-07-18 07:00:00,44211.0,45025.0,43205.0,45025.0,581100,KBS
2024-07-19 07:00:00,45025.0,45025.0,43827.0,43827.0,802700,KBS
2024-07-22 07:00:00,43492.0,43875.0,42199.0,42869.0,879100,KBS
2024-07-23 07:00:00,42869.0,43061.0,41672.0,41672.0,778200,KBS
2024-07-24 07:00:00,41528.0,41911.0,40331.0,40666.0,1568100,KBS
2024-07-25 07:00:00,40810.0,41672.0,40379.0,41385.0,688500,KBS
2024-07-26 07:00:00,41193.0,41385.0,40906.0,41385.0,430600,KBS
2024-07-29 07:00:00,41480.0,41720.0,41337.0,41528.0,325000,KBS
2024-07-30 07:00:00,41385.0,41385.0,41001.0,41193.0,427200,KBS
2024-07-31 07:00:00,41193.0,42247.0,41145.0,41768.0,635800,KBS
2024-08-01 07:00:00,42055.0,42486.0,40906.0,41001.0,627000,KBS
2024-08-02 07:00:00,40474.0,41672.0,40474.0,41672.0,635300,KBS
2024-08-05 07:00:00,41193.0,41337.0,39804.0,40139.0,990500,KBS
2024-08-06 07:00:00,41049.0,41049.0,39756.0,40570.0,541300,KBS
2024-08-07 07:00:00,40618.0,40810.0,40187.0,40522.0,308200,KBS
2024-08-08 07:00:00,40283.0,41145.0,40283.0,40810.0,427000,KBS
2024-08-09 07:00:00,40858.0,41480.0,40379.0,41480.0,463500,KBS
2024-08-12 07:00:00,41480.0,41480.0,41001.0,41480.0,308100,KBS
2024-08-13 07:00:00,41337.0,41768.0,40810.0,41001.0,507200,KBS
2024-08-14 07:00:00,41049.0,41480.0,40906.0,41480.0,495500,KBS
2024-08-15 07:00:00,41480.0,41576.0,40906.0,40953.0,285800,KBS
2024-08-16 07:00:00,41385.0,42151.0,40953.0,42103.0,835600,KBS
2024-08-19 07:00:00,42103.0,42774.0,41672.0,42630.0,921600,KBS
2024-08-20 07:00:00,42630.0,43013.0,42199.0,42630.0,1079800,KBS
2024-08-21 07:00:00,42630.0,43300.0,42438.0,42821.0,441600,KBS
2024-08-22 07:00:00,42726.0,43348.0,42342.0,42917.0,891500,KBS
2024-08-23 07:00:00,42917.0,44402.0,42678.0,44354.0,1830500,KBS
2024-08-26 07:00:00,44354.0,44450.0,43732.0,43875.0,518600,KBS
2024-08-27 07:00:00,43875.0,43875.0,43109.0,43684.0,587800,KBS
2024-08-28 07:00:00,43396.0,43588.0,43157.0,43300.0,330300,KBS
2024-08-29 07:00:00,43109.0,43779.0,43109.0,43444.0,357100,KBS
2024-08-30 07:00:00,43444.0,43588.0,43013.0,43588.0,257300,KBS
2024-09-04 07:00:00,43109.0,43109.0,42726.0,42821.0,545800,KBS
2024-09-05 07:00:00,42821.0,42965.0,42630.0,42821.0,489600,KBS
2024-09-06 07:00:00,42917.0,43492.0,42726.0,42917.0,541100,KBS
2024-09-09 07:00:00,42774.0,42821.0,41959.0,42151.0,694600,KBS
2024-09-10 07:00:00,42151.0,42151.0,41289.0,41480.0,1194600,KBS
2024-09-11 07:00:00,41193.0,41528.0,41097.0,41289.0,351100,KBS
2024-09-12 07:00:00,41289.0,41576.0,41001.0,41049.0,411200,KBS
2024-09-13 07:00:00,40858.0,41528.0,40714.0,40953.0,560700,KBS
2024-09-16 07:00:00,41001.0,41385.0,40522.0,40906.0,430500,KBS
2024-09-17 07:00:00,40858.0,41049.0,40666.0,41049.0,189400,KBS
2024-09-18 07:00:00,41193.0,41289.0,40953.0,41049.0,248300,KBS
2024-09-19 07:00:00,41337.0,41337.0,41049.0,41097.0,124000,KBS
2024-09-20 07:00:00,41193.0,41385.0,40858.0,41289.0,745600,KBS
2024-09-23 07:00:00,41289.0,41959.0,41001.0,41959.0,351200,KBS
2024-09-24 07:00:00,41959.0,41959.0,41432.0,41816.0,269100,KBS
2024-09-25 07:00:00,41624.0,41768.0,41432.0,41528.0,242200,KBS
2024-09-26 07:00:00,41337.0,41959.0,41337.0,41480.0,215300,KBS
2024-09-27 07:00:00,41528.0,41672.0,41385.0,41480.0,232500,KBS
2024-09-30 07:00:00,41480.0,41480.0,41049.0,41049.0,298700,KBS
2024-10-01 07:00:00,41001.0,41624.0,40906.0,41576.0,731900,KBS
2024-10-02 07:00:00,41576.0,41576.0,41241.0,41385.0,402400,KBS
2024-10-03 07:00:00,41480.0,41768.0,41001.0,41097.0,414200,KBS
2024-10-04 07:00:00,41097.0,41241.0,40953.0,41049.0,212100,KBS
2024-10-07 07:00:00,41097.0,41337.0,41049.0,41145.0,236300,KBS
2024-10-08 07:00:00,41193.0,41289.0,41049.0,41145.0,178300,KBS
2024-10-09 07:00:00,41193.0,41432.0,41049.0,41432.0,314600,KBS
2024-10-10 07:00:00,41432.0,42103.0,41432.0,42055.0,901300,KBS
2024-10-11 07:00:00,42151.0,42582.0,42007.0,42247.0,576800,KBS
2024-10-14 07:00:00,42247.0,42630.0,42055.0,42151.0,293500,KBS
2024-10-15 07:00:00,41768.0,42199.0,41768.0,41864.0,259200,KBS
2024-10-16 07:00:00,41672.0,42103.0,41576.0,41959.0,254200,KBS
2024-10-17 07:00:00,41911.0,42151.0,41672.0,42151.0,217000,KBS
2024-10-18 07:00:00,42151.0,42438.0,41911.0,42151.0,410500,KBS
2024-10-21 07:00:00,42295.0,42390.0,41911.0,41911.0,205500,KBS
2024-10-22 07:00:00,42055.0,42103.0,41193.0,41385.0,192100,KBS
2024-10-23 07:00:00,41385.0,41528.0,41289.0,41480.0,228200,KBS
2024-10-24 07:00:00,41624.0,41720.0,41480.0,41624.0,156000,KBS
2024-10-25 07:00:00,41672.0,41720.0,41480.0,41528.0,156000,KBS
2024-10-28 07:00:00,41241.0,41528.0,41193.0,41385.0,69900,KBS
2024-10-29 07:00:00,41624.0,41624.0,41385.0,41432.0,106400,KBS
2024-10-30 07:00:00,41385.0,41480.0,41001.0,41145.0,164900,KBS
2024-10-31 07:00:00,41193.0,41528.0,41193.0,41193.0,197800,KBS
2024-11-01 07:00:00,41193.0,41816.0,41193.0,41768.0,306800,KBS
2024-11-04 07:00:00,41816.0,42534.0,41768.0,41959.0,321700,KBS
2024-11-05 07:00:00,41959.0,42247.0,41193.0,42151.0,212100,KBS
2024-11-06 07:00:00,42199.0,42295.0,42007.0,42295.0,199600,KBS
2024-11-07 07:00:00,42342.0,42390.0,41816.0,42055.0,249700,KBS
2024-11-08 07:00:00,42295.0,43300.0,42055.0,43253.0,792700,KBS
2024-11-11 07:00:00,43396.0,43827.0,43253.0,43827.0,1017200,KBS
2024-11-12 07:00:00,43779.0,43827.0,43300.0,43300.0,599100,KBS
2024-11-13 07:00:00,43588.0,43588.0,42486.0,43300.0,304300,KBS
2024-11-14 07:00:00,43109.0,43300.0,42486.0,42486.0,209000,KBS
2024-11-15 07:00:00,42342.0,42630.0,41864.0,42534.0,381300,KBS
2024-11-18 07:00:00,42007.0,42534.0,41768.0,41959.0,266100,KBS
2024-11-19 07:00:00,42155.0,43038.0,41861.0,42646.0,359900,KBS
2024-11-20 07:00:00,42302.0,42842.0,42253.0,42744.0,196600,KBS
2024-11-21 07:00:00,42793.0,43332.0,42547.0,43332.0,200900,KBS
2024-11-22 07:00:00,43381.0,43430.0,42646.0,43332.0,282300,KBS
2024-11-25 07:00:00,43381.0,44214.0,43332.0,43381.0,462600,KBS
2024-11-26 07:00:00,43871.0,43920.0,43381.0,43381.0,217400,KBS
2024-11-27 07:00:00,43136.0,43675.0,43087.0,43577.0,271300,KBS
2024-11-28 07:00:00,43724.0,44410.0,43528.0,43528.0,331200,KBS
2024-11-29 07:00:00,43577.0,46567.0,43528.0,46567.0,1959000,KBS
2024-12-02 07:00:00,47547.0,48234.0,47057.0,48037.0,1672300,KBS
2024-12-03 07:00:00,47645.0,51371.0,47645.0,51077.0,1834400,KBS
2024-12-04 07:00:00,50979.0,51959.0,49900.0,50979.0,1114300,KBS
2024-12-05 07:00:00,50390.0,52155.0,50390.0,50881.0,1252600,KBS
2024-12-06 07:00:00,51371.0,52449.0,50292.0,50979.0,902800,KBS
2024-12-09 07:00:00,50782.0,50881.0,49900.0,50684.0,862600,KBS
2024-12-10 07:00:00,50684.0,52351.0,50390.0,51567.0,1119500,KBS
2024-12-11 07:00:00,51959.0,51959.0,50390.0,51175.0,523100,KBS
2024-12-12 07:00:00,51175.0,51959.0,50684.0,51861.0,602100,KBS
2024-12-13 07:00:00,51665.0,53724.0,51175.0,52155.0,1403200,KBS
2024-12-16 07:00:00,51959.0,52057.0,51175.0,51273.0,468800,KBS
2024-12-17 07:00:00,51175.0,51959.0,51077.0,51077.0,538600,KBS
2024-12-18 07:00:00,50881.0,51959.0,50684.0,51175.0,495600,KBS
2024-12-19 07:00:00,50979.0,52253.0,50586.0,51371.0,892800,KBS
2024-12-20 07:00:00,50979.0,51763.0,50096.0,50194.0,1322900,KBS
2024-12-23 07:00:00,50390.0,52253.0,50390.0,52057.0,714500,KBS
2024-12-24 07:00:00,52351.0,52351.0,51077.0,51763.0,558700,KBS
2024-12-25 07:00:00,52155.0,54606.0,51861.0,52547.0,1431800,KBS
2024-12-26 07:00:00,52155.0,52351.0,51469.0,51567.0,653300,KBS
2024-12-27 07:00:00,51371.0,51567.0,50881.0,51273.0,384900,KBS
2024-12-30 07:00:00,50684.0,51959.0,50586.0,50979.0,360600,KBS
2024-12-31 07:00:00,50979.0,51077.0,49704.0,49704.0,786400,KBS
2025-01-02 07:00:00,50194.0,50979.0,49802.0,50488.0,614300,KBS
2025-01-03 07:00:00,50292.0,50390.0,48773.0,48773.0,1174600,KBS
2025-01-06 07:00:00,48528.0,48969.0,47547.0,47547.0,1085100,KBS
2025-01-07 07:00:00,47547.0,48332.0,47106.0,47841.0,712500,KBS
2025-01-08 07:00:00,47302.0,48822.0,47302.0,48430.0,539900,KBS
2025-01-09 07:00:00,48037.0,48332.0,47841.0,48037.0,435700,KBS
2025-01-10 07:00:00,47841.0,49116.0,47645.0,48528.0,905500,KBS
2025-01-13 07:00:00,48037.0,48528.0,47988.0,48528.0,332800,KBS
2025-01-14 07:00:00,48528.0,49802.0,48528.0,49802.0,693200,KBS
2025-01-15 07:00:00,49900.0,50684.0,49410.0,50194.0,770900,KBS
2025-01-16 07:00:00,50586.0,50586.0,49116.0,50194.0,447200,KBS
2025-01-17 07:00:00,49998.0,51469.0,49998.0,51175.0,732800,KBS
2025-01-20 07:00:00,50881.0,51371.0,50586.0,51175.0,443100,KBS
2025-01-21 07:00:00,51273.0,52155.0,50488.0,50979.0,987200,KBS
2025-01-22 07:00:00,50979.0,51077.0,49704.0,49704.0,499500,KBS
2025-01-23 07:00:00,49802.0,50390.0,49508.0,49704.0,563800,KBS
2025-01-24 07:00:00,49802.0,50194.0,49312.0,49802.0,389600,KBS
2025-02-03 07:00:00,49802.0,50292.0,49606.0,49704.0,390000,KBS
2025-02-04 07:00:00,49704.0,50390.0,49704.0,50390.0,382600,KBS
2025-02-05 07:00:00,50390.0,50881.0,49704.0,50292.0,415400,KBS
2025-02-06 07:00:00,50390.0,50586.0,49802.0,50194.0,407500,KBS
2025-02-07 07:00:00,50194.0,52351.0,50096.0,51077.0,1239500,KBS
2025-02-10 07:00:00,51077.0,52351.0,50586.0,51861.0,968500,KBS
2025-02-11 07:00:00,51861.0,52645.0,51567.0,51665.0,775700,KBS
2025-02-12 07:00:00,51861.0,53920.0,51469.0,53331.0,1456500,KBS
2025-02-13 07:00:00,54214.0,54214.0,53037.0,53331.0,755200,KBS
2025-02-14 07:00:00,53233.0,54214.0,52645.0,53331.0,1080700,KBS
2025-02-17 07:00:00,53331.0,53920.0,52547.0,52547.0,804200,KBS
2025-02-18 07:00:00,52645.0,56174.0,52155.0,56174.0,2241900,KBS
2025-02-19 07:00:00,56665.0,56665.0,55390.0,55390.0,429100,KBS
2025-02-20 07:00:00,55390.0,57253.0,55390.0,55782.0,1048400,KBS
2025-02-21 07:00:00,56272.0,57155.0,55096.0,56861.0,910500,KBS
2025-02-24 07:00:00,56272.0,57743.0,55782.0,57547.0,901200,KBS
2025-02-25 07:00:00,56861.0,57547.0,55684.0,56076.0,529700,KBS
2025-02-26 07:00:00,56174.0,56763.0,55880.0,56665.0,372300,KBS
2025-02-27 07:00:00,56665.0,58527.0,56469.0,56665.0,1158500,KBS
2025-02-28 07:00:00,56665.0,56665.0,55488.0,55488.0,767400,KBS
2025-03-03 07:00:00,55194.0,55880.0,55096.0,55782.0,771500,KBS
2025-03-04 07:00:00,55782.0,55782.0,54606.0,55488.0,677200,KBS
2025-03-05 07:00:00,55488.0,56174.0,54998.0,55488.0,625900,KBS
2025-03-06 07:00:00,55880.0,56665.0,55488.0,56567.0,877200,KBS
2025-03-07 07:00:00,56567.0,56959.0,55586.0,55586.0,692500,KBS
2025-03-10 07:00:00,55684.0,56272.0,54802.0,55096.0,692500,KBS
2025-03-11 07:00:00,54802.0,55390.0,53429.0,53822.0,1174700,KBS
2025-03-12 07:00:00,54116.0,54312.0,53527.0,53920.0,438400,KBS
2025-03-13 07:00:00,53920.0,54508.0,52939.0,53037.0,695300,KBS
2025-03-14 07:00:00,53037.0,53331.0,52253.0,52547.0,661300,KBS
2025-03-17 07:00:00,52645.0,53331.0,50586.0,51959.0,669500,KBS
2025-03-18 07:00:00,51861.0,52449.0,51861.0,52253.0,256500,KBS
2025-03-19 07:00:00,52155.0,52841.0,51763.0,52351.0,502100,KBS
2025-03-20 07:00:00,51959.0,52645.0,51763.0,51959.0,475500,KBS
2025-03-21 07:00:00,52253.0,52351.0,51469.0,51469.0,393800,KBS
2025-03-24 07:00:00,51469.0,51763.0,50586.0,51175.0,523600,KBS
2025-03-25 07:00:00,51175.0,51861.0,51175.0,51371.0,237900,KBS
2025-03-26 07:00:00,51371.0,51665.0,50684.0,51175.0,259900,KBS
2025-03-27 07:00:00,51175.0,52743.0,50979.0,52155.0,596900,KBS
2025-03-28 07:00:00,52155.0,53135.0,51861.0,52449.0,464100,KBS
2025-03-31 07:00:00,52743.0,53429.0,52155.0,52253.0,602700,KBS
2025-04-01 07:00:00,52351.0,52351.0,51371.0,51665.0,391000,KBS
2025-04-02 07:00:00,51959.0,52351.0,50979.0,51077.0,563400,KBS
2025-04-03 07:00:00,47939.0,49900.0,47547.0,47547.0,800900,KBS
2025-04-04 07:00:00,44263.0,47547.0,44263.0,44263.0,2125400,KBS
2025-04-08 07:00:00,42744.0,44116.0,41175.0,41175.0,784300,KBS
2025-04-09 07:00:00,38332.0,41175.0,38332.0,38332.0,1657300,KBS
2025-04-10 07:00:00,40979.0,40979.0,40979.0,40979.0,56800,KBS
2025-04-11 07:00:00,43332.0,43332.0,41861.0,43136.0,1115800,KBS
2025-04-14 07:00:00,43773.0,44116.0,43332.0,43724.0,520300,KBS
2025-04-15 07:00:00,43234.0,43724.0,42106.0,43136.0,1029700,KBS
2025-04-16 07:00:00,42695.0,44704.0,42695.0,43185.0,680400,KBS
2025-04-17 07:00:00,43185.0,44557.0,43136.0,44459.0,558500,KBS
2025-04-18 07:00:00,44753.0,44998.0,44116.0,44116.0,536100,KBS
2025-04-21 07:00:00,44557.0,44557.0,42744.0,43136.0,402800,KBS
2025-04-22 07:00:00,42695.0,43038.0,40195.0,42547.0,1658000,KBS
2025-04-23 07:00:00,44116.0,44116.0,43136.0,43136.0,501600,KBS
2025-04-24 07:00:00,43234.0,45685.0,43234.0,45538.0,1257700,KBS
2025-04-25 07:00:00,45832.0,46371.0,45194.0,45194.0,629400,KBS
2025-04-28 07:00:00,45783.0,45783.0,44802.0,45096.0,206200,KBS
2025-04-29 07:00:00,45292.0,45734.0,44606.0,45047.0,296500,KBS
2025-05-05 07:00:00,45685.0,45979.0,44655.0,45194.0,300700,KBS
2025-05-06 07:00:00,45243.0,47253.0,45096.0,46567.0,1032100,KBS
2025-05-07 07:00:00,46175.0,48332.0,46175.0,48037.0,1320500,KBS
2025-05-08 07:00:00,48185.0,48185.0,47057.0,47939.0,598200,KBS
2025-05-09 07:00:00,47792.0,48871.0,47204.0,47253.0,582400,KBS
2025-05-12 07:00:00,47253.0,47890.0,46910.0,47841.0,496000,KBS
2025-05-13 07:00:00,48822.0,48822.0,47841.0,48136.0,479300,KBS
2025-05-14 07:00:00,48479.0,48479.0,47547.0,48234.0,392900,KBS
2025-05-15 07:00:00,48234.0,49312.0,47841.0,48626.0,770100,KBS
2025-05-16 07:00:00,48675.0,48822.0,47302.0,47302.0,291400,KBS
2025-05-19 07:00:00,47302.0,47792.0,47204.0,47302.0,338200,KBS
2025-05-20 07:00:00,47253.0,48822.0,46959.0,48724.0,859200,KBS
2025-05-21 07:00:00,49214.0,49900.0,48822.0,49312.0,569700,KBS
2025-05-22 07:00:00,48185.0,49606.0,48185.0,48528.0,413600,KBS
2025-05-23 07:00:00,48675.0,49214.0,48283.0,48675.0,250000,KBS
2025-05-26 07:00:00,48724.0,50390.0,48332.0,50390.0,1265300,KBS
2025-05-27 07:00:00,50684.0,51665.0,50194.0,51469.0,936400,KBS
2025-05-28 07:00:00,50979.0,51469.0,50096.0,51371.0,429300,KBS
2025-05-29 07:00:00,51175.0,51273.0,50390.0,50586.0,307500,KBS
2025-05-30 07:00:00,50390.0,50488.0,49508.0,49606.0,460300,KBS
2025-06-02 07:00:00,50390.0,50390.0,48822.0,49508.0,444300,KBS
2025-06-03 07:00:00,49606.0,50782.0,49606.0,50390.0,516000,KBS
2025-06-04 07:00:00,50684.0,50684.0,49704.0,50292.0,269600,KBS
2025-06-05 07:00:00,50292.0,50292.0,48969.0,49410.0,879500,KBS
2025-06-06 07:00:00,49018.0,49508.0,48528.0,48528.0,445100,KBS
2025-06-09 07:00:00,48430.0,49018.0,47645.0,47645.0,560400,KBS
2025-06-10 07:00:00,48037.0,48822.0,47645.0,47939.0,297000,KBS
2025-06-11 07:00:00,48037.0,48479.0,47841.0,48430.0,315500,KBS
2025-06-12 07:00:00,48920.0,48920.0,48332.0,48822.0,247900,KBS
2025-06-13 07:00:00,48479.0,48626.0,48136.0,48332.0,286900,KBS
2025-06-16 07:00:00,48332.0,50684.0,48332.0,50586.0,785100,KBS
2025-06-17 07:00:00,50881.0,51469.0,50096.0,50684.0,636200,KBS
2025-06-18 07:00:00,50684.0,51077.0,50488.0,50881.0,245700,KBS
2025-06-19 07:00:00,51077.0,51175.0,50292.0,50292.0,232000,KBS
2025-06-20 07:00:00,50488.0,51077.0,49606.0,49606.0,521800,KBS
2025-06-23 07:00:00,49606.0,50782.0,49018.0,50194.0,266300,KBS
2025-06-24 07:00:00,50488.0,53037.0,50488.0,53037.0,987900,KBS
2025-06-25 07:00:00,53037.0,53037.0,51665.0,51665.0,290000,KBS
2025-06-26 07:00:00,52351.0,52351.0,51371.0,51469.0,181700,KBS
2025-06-27 07:00:00,51273.0,52253.0,51077.0,51175.0,381300,KBS
2025-06-30 07:00:00,51371.0,52645.0,50979.0,52057.0,360400,KBS
2025-07-01 07:00:00,51665.0,53233.0,50684.0,52547.0,655500,KBS
2025-07-02 07:00:00,52253.0,53331.0,52253.0,52449.0,515400,KBS
2025-07-03 07:00:00,51959.0,52645.0,51469.0,51959.0,606200,KBS
2025-07-04 07:00:00,51763.0,53920.0,51371.0,53822.0,529900,KBS
2025-07-07 07:00:00,53135.0,53822.0,52743.0,53429.0,303500,KBS
2025-07-08 07:00:00,53429.0,53429.0,52743.0,52841.0,245400,KBS
2025-07-09 07:00:00,53233.0,53920.0,52743.0,52841.0,811100,KBS
2025-07-10 07:00:00,52841.0,53233.0,52057.0,52939.0,455500,KBS
2025-07-11 07:00:00,52939.0,53724.0,52645.0,52645.0,525900,KBS
2025-07-14 07:00:00,52645.0,53331.0,52449.0,52841.0,364700,KBS
2025-07-15 07:00:00,53233.0,53724.0,52449.0,52743.0,652600,KBS
2025-07-16 07:00:00,52743.0,53331.0,52253.0,53331.0,291600,KBS
2025-07-17 07:00:00,53331.0,53429.0,52351.0,52449.0,542500,KBS
2025-07-18 07:00:00,52253.0,52351.0,51371.0,51469.0,593000,KBS
2025-07-21 07:00:00,51469.0,51763.0,50684.0,50881.0,421600,KBS
2025-07-22 07:00:00,50684.0,51469.0,50586.0,51469.0,349300,KBS
2025-07-23 07:00:00,51665.0,52155.0,51273.0,51371.0,366900,KBS
2025-07-24 07:00:00,51665.0,51861.0,50979.0,51175.0,298800,KBS
2025-07-25 07:00:00,51273.0,51665.0,50881.0,50979.0,698000,KBS
2025-07-28 07:00:00,50979.0,52057.0,50881.0,51175.0,750300,KBS
2025-07-29 07:00:00,51273.0,51567.0,48626.0,48626.0,949800,KBS
2025-07-30 07:00:00,48234.0,49116.0,48234.0,48577.0,553600,KBS
2025-07-31 07:00:00,49214.0,49312.0,48087.0,48283.0,1132800,KBS
2025-08-01 07:00:00,48528.0,49018.0,48283.0,49018.0,849300,KBS
2025-08-04 07:00:00,49018.0,49704.0,48969.0,49018.0,667400,KBS
2025-08-05 07:00:00,49214.0,49998.0,48822.0,48822.0,1114000,KBS
2025-08-06 07:00:00,49018.0,50194.0,48822.0,50194.0,653100,KBS
2025-08-07 07:00:00,50488.0,50979.0,50096.0,50979.0,818400,KBS
2025-08-08 07:00:00,50979.0,51469.0,50488.0,50979.0,715500,KBS
2025-08-11 07:00:00,51077.0,53233.0,51077.0,52547.0,1559900,KBS
2025-08-12 07:00:00,52939.0,52939.0,51469.0,52351.0,908000,KBS
2025-08-13 07:00:00,52841.0,55978.0,52841.0,55978.0,2711000,KBS
2025-08-14 07:00:00,59606.0,59802.0,58331.0,59704.0,2568100,KBS
2025-08-15 07:00:00,62939.0,63037.0,58527.0,60586.0,2216600,KBS
2025-08-18 07:00:00,61272.0,64213.0,58625.0,61566.0,1702200,KBS
2025-08-19 07:00:00,61664.0,61664.0,59802.0,59998.0,1127000,KBS
2025-08-20 07:00:00,60292.0,60488.0,57057.0,58233.0,1244700,KBS
2025-08-21 07:00:00,57645.0,60194.0,57155.0,58821.0,1371600,KBS
2025-08-22 07:00:00,57351.0,58625.0,55292.0,55978.0,1207400,KBS
2025-08-25 07:00:00,56272.0,58331.0,56174.0,57351.0,683400,KBS
2025-08-26 07:00:00,57351.0,59704.0,56076.0,59312.0,720100,KBS
2025-08-27 07:00:00,58821.0,59508.0,57939.0,58527.0,594100,KBS
2025-08-28 07:00:00,58625.0,59312.0,57645.0,59312.0,576300,KBS
2025-08-29 07:00:00,59998.0,59998.0,56371.0,57743.0,724700,KBS
2025-09-03 07:00:00,56959.0,58527.0,56959.0,57253.0,382300,KBS
2025-09-04 07:00:00,57253.0,59410.0,57253.0,59312.0,568700,KBS
2025-09-05 07:00:00,59900.0,59900.0,57351.0,57351.0,743500,KBS
2025-09-08 07:00:00,57645.0,57645.0,55782.0,55782.0,689800,KBS
2025-09-09 07:00:00,55488.0,55978.0,54900.0,55684.0,289300,KBS
2025-09-10 07:00:00,55684.0,57057.0,55684.0,56174.0,213400,KBS
2025-09-11 07:00:00,56174.0,56665.0,54704.0,56567.0,405400,KBS
2025-09-12 07:00:00,57057.0,57449.0,56371.0,56567.0,319500,KBS
2025-09-15 07:00:00,56567.0,58135.0,56567.0,58135.0,350600,KBS
2025-09-16 07:00:00,58331.0,58331.0,57057.0,57253.0,344600,KBS
2025-09-17 07:00:00,56959.0,59704.0,56959.0,58331.0,830100,KBS
2025-09-18 07:00:00,58821.0,58821.0,57351.0,57547.0,205500,KBS
2025-09-19 07:00:00,58037.0,58037.0,56763.0,56763.0,400300,KBS
2025-09-22 07:00:00,56371.0,56567.0,55096.0,55390.0,351100,KBS
2025-09-23 07:00:00,55390.0,55782.0,54900.0,54900.0,167500,KBS
2025-09-24 07:00:00,54900.0,55586.0,53920.0,55390.0,319700,KBS
2025-09-25 07:00:00,55488.0,55880.0,54998.0,55390.0,156000,KBS
2025-09-26 07:00:00,55390.0,56076.0,55194.0,55390.0,263000,KBS
2025-09-29 07:00:00,55586.0,55586.0,54508.0,55096.0,208800,KBS
2025-09-30 07:00:00,54900.0,55292.0,53626.0,54214.0,360700,KBS
2025-10-01 07:00:00,54214.0,54410.0,53822.0,53822.0,164500,KBS
2025-10-02 07:00:00,53920.0,54410.0,53037.0,53037.0,180500,KBS
2025-10-03 07:00:00,52645.0,53037.0,51861.0,51959.0,236300,KBS
2025-10-06 07:00:00,52743.0,53429.0,52449.0,53429.0,248100,KBS
2025-10-07 07:00:00,53331.0,53527.0,52253.0,52351.0,443700,KBS
2025-10-08 07:00:00,53331.0,53822.0,52743.0,53724.0,240900,KBS
2025-10-09 07:00:00,53331.0,54116.0,53331.0,54018.0,178600,KBS
2025-10-10 07:00:00,54116.0,54116.0,52939.0,53429.0,396900,KBS
2025-10-13 07:00:00,53331.0,53331.0,51371.0,51763.0,550400,KBS
2025-10-14 07:00:00,52057.0,52547.0,50684.0,50979.0,817000,KBS
2025-10-15 07:00:00,50979.0,50979.0,49508.0,49998.0,725100,KBS
2025-10-16 07:00:00,49998.0,50390.0,48037.0,50390.0,362900,KBS
2025-10-17 07:00:00,50881.0,50881.0,49116.0,49508.0,314400,KBS
2025-10-20 07:00:00,49410.0,49704.0,46175.0,46175.0,635300,KBS
2025-10-21 07:00:00,46567.0,48037.0,46371.0,48037.0,508400,KBS
2025-10-22 07:00:00,48528.0,48724.0,47449.0,48332.0,144300,KBS
2025-10-23 07:00:00,48332.0,48528.0,48136.0,48430.0,87900,KBS
2025-10-24 07:00:00,48430.0,48528.0,47302.0,47792.0,307300,KBS
2025-10-27 07:00:00,47792.0,49606.0,47792.0,48822.0,271900,KBS
2025-10-28 07:00:00,48822.0,48969.0,48332.0,48920.0,164500,KBS
2025-10-29 07:00:00,49018.0,49900.0,48871.0,49214.0,344100,KBS
2025-10-30 07:00:00,49214.0,49802.0,49116.0,49606.0,219100,KBS
2025-10-31 07:00:00,50292.0,51371.0,49704.0,49802.0,737800,KBS
2025-11-03 07:00:00,50390.0,53233.0,49900.0,53233.0,877500,KBS
2025-11-04 07:00:00,53822.0,54116.0,50684.0,53233.0,1009800,KBS
2025-11-05 07:00:00,53037.0,54802.0,52547.0,53429.0,835000,KBS
2025-11-06 07:00:00,54018.0,54018.0,52155.0,53037.0,347700,KBS
2025-11-07 07:00:00,53037.0,53331.0,50782.0,50979.0,465800,KBS
2025-11-10 07:00:00,51077.0,53037.0,50979.0,51959.0,367500,KBS
2025-11-11 07:00:00,52449.0,53037.0,52057.0,52351.0,281200,KBS
2025-11-12 07:00:00,52351.0,55194.0,52057.0,54900.0,827800,KBS
2025-11-13 07:00:00,55684.0,55684.0,54018.0,54900.0,451500,KBS
2025-11-14 07:00:00,54500.0,56100.0,54500.0,55300.0,530700,KBS
2025-11-17 07:00:00,55800.0,55800.0,54000.0,54100.0,433400,KBS
2025-11-18 07:00:00,54100.0,54200.0,53300.0,54200.0,404500,KBS
2025-11-19 07:00:00,54100.0,55100.0,54100.0,54200.0,327900,KBS
2025-11-20 07:00:00,54200.0,55700.0,54200.0,55300.0,748300,KBS
2025-11-21 07:00:00,54700.0,55300.0,53000.0,54100.0,467200,KBS
2025-11-24 07:00:00,54100.0,54200.0,53100.0,53200.0,199300,KBS
2025-11-25 07:00:00,53200.0,53200.0,51900.0,51900.0,349200,KBS
2025-11-26 07:00:00,52300.0,52300.0,51600.0,51900.0,163500,KBS
2025-11-27 07:00:00,52500.0,52900.0,52000.0,52900.0,151600,KBS
2025-11-28 07:00:00,52900.0,53000.0,52000.0,52100.0,156400,KBS
2025-12-01 07:00:00,52100.0,52200.0,51500.0,51500.0,203000,KBS
2025-12-02 07:00:00,51400.0,52300.0,50400.0,51700.0,496700,KBS
2025-12-03 07:00:00,51800.0,53400.0,51800.0,53400.0,389000,KBS
2025-12-04 07:00:00,53500.0,53500.0,52700.0,52800.0,347700,KBS
2025-12-05 07:00:00,53200.0,53200.0,51900.0,52000.0,386700,KBS
2025-12-08 07:00:00,52000.0,55600.0,52000.0,55600.0,1282300,KBS
2025-12-09 07:00:00,56500.0,57000.0,54200.0,55000.0,855400,KBS
2025-12-10 07:00:00,55400.0,55400.0,53100.0,54300.0,554800,KBS
2025-12-11 07:00:00,54200.0,55300.0,53400.0,54600.0,501000,KBS
2025-12-12 07:00:00,54600.0,54800.0,52000.0,52000.0,578300,KBS
2025-12-15 07:00:00,51900.0,53000.0,51600.0,52700.0,303800,KBS
2025-12-16 07:00:00,52600.0,53600.0,51000.0,53400.0,446500,KBS
2025-12-17 07:00:00,53200.0,54400.0,53000.0,53400.0,347300,KBS
2025-12-18 07:00:00,53500.0,54200.0,53200.0,53400.0,291900,KBS
2025-12-19 07:00:00,53400.0,54100.0,52300.0,54000.0,339400,KBS
2025-12-22 07:00:00,54000.0,56000.0,53700.0,56000.0,828400,KBS
2025-12-23 07:00:00,55900.0,57100.0,54800.0,56000.0,584400,KBS
2025-12-24 07:00:00,56000.0,56000.0,54500.0,56000.0,442800,KBS
2025-12-25 07:00:00,56000.0,56000.0,54600.0,55300.0,380300,KBS
2025-12-26 07:00:00,54500.0,55900.0,52800.0,55900.0,715000,KBS
2025-12-29 07:00:00,55900.0,59800.0,55500.0,59800.0,1306800,KBS
2025-12-30 07:00:00,60000.0,60000.0,58200.0,59400.0,452900,KBS
2025-12-31 07:00:00,59100.0,59500.0,56800.0,56800.0,625000,KBS
2026-01-05 07:00:00,56900.0,59000.0,56200.0,57300.0,601100,KBS
2026-01-06 07:00:00,57300.0,61300.0,57300.0,61300.0,920400,KBS
2026-01-07 07:00:00,63000.0,65500.0,63000.0,65500.0,1593200,KBS
2026-01-08 07:00:00,70000.0,70000.0,66000.0,66200.0,3021300,KBS
2026-01-09 07:00:00,69000.0,69400.0,66600.0,67500.0,1864400,KBS
2026-01-12 07:00:00,67900.0,70000.0,64100.0,66000.0,1804600,KBS
2026-01-13 07:00:00,65100.0,68000.0,64800.0,67900.0,1210600,KBS
2026-01-14 07:00:00,68600.0,72000.0,67200.0,68500.0,2486700,KBS
2026-01-15 07:00:00,68700.0,73200.0,67300.0,73200.0,2122500,KBS
2026-01-16 07:00:00,78000.0,78000.0,73500.0,73700.0,2961800,KBS
2026-01-19 07:00:00,73700.0,73700.0,70200.0,71300.0,1369600,KBS
2026-01-20 07:00:00,72000.0,75900.0,70800.0,73000.0,1698100,KBS
2026-01-21 07:00:00,71300.0,75400.0,71300.0,73900.0,1271800,KBS
2026-01-22 07:00:00,74800.0,78500.0,73000.0,76000.0,1644300,KBS
2026-01-23 07:00:00,75200.0,75200.0,72100.0,72600.0,1249000,KBS
2026-01-26 07:00:00,71100.0,71100.0,67600.0,67800.0,1937800,KBS
2026-01-27 07:00:00,68300.0,70800.0,66900.0,69000.0,1368400,KBS
2026-01-28 07:00:00,70200.0,70400.0,67400.0,68800.0,964300,KBS
2026-01-29 07:00:00,68800.0,69300.0,66600.0,69100.0,748000,KBS
2026-01-30 07:00:00,69300.0,71000.0,68500.0,69800.0,707100,KBS
2026-02-02 07:00:00,69800.0,74600.0,69800.0,74600.0,1682700,KBS
2026-02-03 07:00:00,75000.0,79800.0,73000.0,79800.0,1985700,KBS
2026-02-04 07:00:00,79900.0,84500.0,79000.0,82000.0,1943400,KBS
2026-02-05 07:00:00,81400.0,82700.0,79100.0,79500.0,973400,KBS
2026-02-06 07:00:00,77500.0,82000.0,75200.0,78000.0,1731400,KBS
2026-02-09 07:00:00,77900.0,79000.0,76000.0,76500.0,524900,KBS
2026-02-10 07:00:00,77800.0,79200.0,72000.0,74900.0,1152300,KBS
2026-02-11 07:00:00,75000.0,80000.0,73500.0,78300.0,1019800,KBS
2026-02-12 07:00:00,79000.0,79300.0,76300.0,76600.0,394100,KBS
2026-02-13 07:00:00,77100.0,77100.0,74000.0,76000.0,646400,KBS
2026-02-23 07:00:00,77000.0,81300.0,76800.0,81300.0,835500,KBS
2026-02-24 07:00:00,83600.0,84000.0,82000.0,84000.0,721600,KBS
2026-02-25 07:00:00,84400.0,87400.0,79500.0,86000.0,1181200,KBS
2026-02-26 07:00:00,85100.0,85500.0,81900.0,84000.0,615300,KBS
2026-02-27 07:00:00,83900.0,84200.0,80000.0,81100.0,975100,KBS
2026-03-02 07:00:00,79700.0,85000.0,79500.0,82100.0,797400,KBS
2026-03-03 07:00:00,82000.0,84700.0,81300.0,81600.0,589400,KBS
2026-03-04 07:00:00,81600.0,82100.0,75900.0,80000.0,1456800,KBS
2026-03-05 07:00:00,80100.0,81500.0,76000.0,76000.0,668100,KBS
2026-03-06 07:00:00,74700.0,77400.0,74000.0,76600.0,979400,KBS
2026-03-09 07:00:00,71400.0,73900.0,71300.0,71300.0,500700,KBS
2026-03-10 07:00:00,73800.0,74700.0,70900.0,71300.0,1029600,KBS
2026-03-11 07:00:00,71000.0,75500.0,70500.0,74500.0,599100,KBS
2026-03-12 07:00:00,74400.0,78000.0,72300.0,72300.0,788500,KBS
2026-03-13 07:00:00,72400.0,74400.0,71300.0,72700.0,555100,KBS
2026-03-16 07:00:00,73400.0,74400.0,71900.0,72000.0,319900,KBS
2026-03-17 07:00:00,72900.0,75700.0,72900.0,75700.0,554500,KBS
2026-03-18 07:00:00,76700.0,76700.0,72400.0,75200.0,489900,KBS
2026-03-19 07:00:00,73700.0,75500.0,73200.0,74400.0,466600,KBS
2026-03-20 07:00:00,73900.0,77600.0,73900.0,76000.0,901300,KBS
2026-03-23 07:00:00,75800.0,76500.0,72600.0,75100.0,453700,KBS
2026-03-24 07:00:00,76500.0,80300.0,75400.0,80300.0,1675200,KBS
2026-03-25 07:00:00,81000.0,85900.0,80600.0,85900.0,1532500,KBS
2026-03-26 07:00:00,85700.0,85700.0,81500.0,81500.0,802700,KBS
2026-03-27 07:00:00,81500.0,84000.0,81000.0,84000.0,439300,KBS
2026-03-30 07:00:00,81800.0,86500.0,81400.0,84500.0,762400,KBS
2026-03-31 07:00:00,84000.0,85000.0,81700.0,82500.0,459500,KBS
2026-04-01 07:00:00,84800.0,84800.0,81900.0,83800.0,390300,KBS
2026-04-02 07:00:00,83800.0,88500.0,81500.0,82500.0,1405000,KBS
2026-04-03 07:00:00,83500.0,85300.0,78000.0,85000.0,856100,KBS
2026-04-06 07:00:00,85000.0,85100.0,81200.0,81200.0,347300,KBS
2026-04-07 07:00:00,81000.0,81900.0,77800.0,79900.0,619600,KBS
2026-04-08 07:00:00,81500.0,83500.0,79700.0,83500.0,506900,KBS
2026-04-09 07:00:00,82600.0,83000.0,79500.0,79800.0,575200,KBS
2026-04-10 07:00:00,78500.0,80200.0,75300.0,76400.0,1598500,KBS
2026-04-13 07:00:00,77300.0,77300.0,75100.0,75100.0,540800,KBS
2026-04-14 07:00:00,75600.0,77100.0,75100.0,75200.0,389400,KBS
2026-04-15 07:00:00,76000.0,76400.0,73900.0,74000.0,582300,KBS
2026-04-16 07:00:00,73500.0,74300.0,70900.0,73500.0,1682500,KBS
2026-04-17 07:00:00,73900.0,74100.0,72400.0,72600.0,425400,KBS
2026-04-20 07:00:00,72900.0,73900.0,71900.0,72300.0,449000,KBS
2026-04-21 07:00:00,72700.0,72900.0,71200.0,71200.0,369200,KBS
2026-04-22 07:00:00,71200.0,72300.0,70600.0,70800.0,453900,KBS
2026-04-23 07:00:00,70800.0,71500.0,67300.0,71000.0,1020200,KBS
2026-04-24 07:00:00,71200.0,72600.0,70800.0,71800.0,491900,KBS
2026-04-28 07:00:00,71800.0,72000.0,69500.0,71000.0,589400,KBS
2026-04-29 07:00:00,70100.0,70900.0,69200.0,70500.0,483300,KBS
2026-05-04 07:00:00,70100.0,72000.0,70100.0,70200.0,485500,KBS
2026-05-05 07:00:00,70200.0,70800.0,68300.0,69200.0,665000,KBS
2026-05-06 07:00:00,69500.0,69800.0,68300.0,68500.0,610700,KBS
2026-05-07 07:00:00,68200.0,69400.0,67200.0,67200.0,945800,KBS
2026-05-08 07:00:00,68500.0,68500.0,65100.0,66000.0,1406600,KBS
2026-05-11 07:00:00,66000.0,66400.0,62900.0,63700.0,1412000,KBS
2026-05-12 07:00:00,63400.0,66900.0,63400.0,66600.0,1034000,KBS
2026-05-13 07:00:00,66800.0,69200.0,66400.0,68700.0,1434000,KBS
2026-05-14 07:00:00,68700.0,68700.0,67800.0,67900.0,532700,KBS
2026-05-15 07:00:00,68000.0,68000.0,66400.0,67100.0,488900,KBS
2026-05-18 07:00:00,67600.0,71700.0,67500.0,71700.0,1824600,KBS
2026-05-19 07:00:00,72500.0,72500.0,69700.0,71000.0,846100,KBS
2026-05-20 07:00:00,70200.0,71700.0,68000.0,70500.0,1116600,KBS
2026-05-21 07:00:00,71000.0,72300.0,69600.0,72200.0,714400,KBS
2026-05-22 07:00:00,71200.0,72000.0,70100.0,72000.0,525900,KBS
2026-05-25 07:00:00,71100.0,71300.0,70100.0,70100.0,379300,KBS
2026-05-26 07:00:00,70400.0,70500.0,69200.0,69200.0,477900,KBS
2026-05-27 07:00:00,69200.0,69200.0,66800.0,68100.0,611900,KBS
2026-05-28 07:00:00,68100.0,68400.0,67000.0,67000.0,184400,KBS
2026-05-29 07:00:00,66800.0,68200.0,66000.0,67700.0,477100,KBS
2026-06-01 07:00:00,68100.0,68100.0,67000.0,67100.0,99800,KBS
2026-06-02 07:00:00,67400.0,69700.0,66800.0,69700.0,1032500,KBS
2026-06-03 07:00:00,69700.0,69700.0,68600.0,69700.0,242500,KBS
2026-06-04 07:00:00,69600.0,70400.0,69300.0,70000.0,421300,KBS
2026-06-05 07:00:00,70100.0,70100.0,69000.0,69700.0,249700,KBS
