date,open,high,low,close,volume,_source
2020-01-02 07:00:00,16202.0,16715.0,16202.0,16568.0,682080,KBS
2020-01-03 07:00:00,16568.0,17081.0,16495.0,16935.0,327750,KBS
2020-01-06 07:00:00,16641.0,17008.0,16641.0,16861.0,115860,KBS
2020-01-07 07:00:00,16861.0,17081.0,16861.0,17081.0,254360,KBS
2020-01-08 07:00:00,16861.0,17521.0,15982.0,15982.0,573720,KBS
2020-01-09 07:00:00,16055.0,16788.0,16055.0,16788.0,303420,KBS
2020-01-10 07:00:00,16788.0,17448.0,16641.0,17448.0,883190,KBS
2020-01-13 07:00:00,17594.0,17631.0,17411.0,17411.0,425870,KBS
2020-01-14 07:00:00,17411.0,18108.0,17375.0,18034.0,829290,KBS
2020-01-15 07:00:00,18034.0,18987.0,18034.0,18987.0,907260,KBS
2020-01-16 07:00:00,18877.0,19207.0,18328.0,19061.0,1165480,KBS
2020-01-17 07:00:00,18621.0,19281.0,18621.0,19061.0,755260,KBS
2020-01-20 07:00:00,19061.0,19281.0,19061.0,19061.0,1440280,KBS
2020-01-21 07:00:00,18621.0,19207.0,18621.0,18987.0,210370,KBS
2020-01-22 07:00:00,18987.0,18987.0,18401.0,18694.0,144210,KBS
2020-01-30 07:00:00,18108.0,18584.0,18034.0,18328.0,154920,KBS
2020-01-31 07:00:00,18328.0,18328.0,17631.0,17961.0,131830,KBS
2020-02-03 07:00:00,17961.0,17961.0,16788.0,17778.0,348810,KBS
2020-02-04 07:00:00,17485.0,17961.0,16971.0,17741.0,306250,KBS
2020-02-05 07:00:00,17741.0,17814.0,17301.0,17704.0,144220,KBS
2020-02-06 07:00:00,17301.0,17741.0,17301.0,17558.0,130220,KBS
2020-02-07 07:00:00,17594.0,17814.0,17301.0,17448.0,856610,KBS
2020-02-10 07:00:00,17301.0,17594.0,17301.0,17448.0,143310,KBS
2020-02-11 07:00:00,17448.0,17668.0,17301.0,17485.0,288180,KBS
2020-02-12 07:00:00,17704.0,17741.0,17411.0,17521.0,314410,KBS
2020-02-13 07:00:00,17558.0,17558.0,16935.0,17448.0,235180,KBS
2020-02-14 07:00:00,17301.0,17521.0,17155.0,17448.0,136340,KBS
2020-02-17 07:00:00,17448.0,17448.0,17155.0,17155.0,247090,KBS
2020-02-18 07:00:00,17008.0,17228.0,16898.0,17228.0,116600,KBS
2020-02-19 07:00:00,17155.0,17191.0,16825.0,17081.0,584790,KBS
2020-02-20 07:00:00,17008.0,17228.0,16898.0,17228.0,258590,KBS
2020-02-21 07:00:00,17228.0,17228.0,16898.0,17081.0,123030,KBS
2020-02-24 07:00:00,16935.0,16935.0,16128.0,16861.0,521730,KBS
2020-02-25 07:00:00,16202.0,16715.0,16202.0,16715.0,371610,KBS
2020-02-26 07:00:00,16385.0,16385.0,16238.0,16348.0,228640,KBS
2020-02-27 07:00:00,16128.0,16458.0,16128.0,16458.0,577840,KBS
2020-02-28 07:00:00,16275.0,16275.0,15359.0,15762.0,889150,KBS
2020-03-02 07:00:00,15798.0,15798.0,15468.0,15762.0,455640,KBS
2020-03-03 07:00:00,15542.0,16495.0,15542.0,16495.0,423490,KBS
2020-03-04 07:00:00,16495.0,16605.0,16128.0,16605.0,269650,KBS
2020-03-05 07:00:00,16715.0,16715.0,16348.0,16641.0,159710,KBS
2020-03-06 07:00:00,16641.0,16641.0,15615.0,15835.0,1275220,KBS
2020-03-09 07:00:00,15615.0,15615.0,14735.0,15395.0,393320,KBS
2020-03-10 07:00:00,14662.0,16128.0,14662.0,16092.0,234610,KBS
2020-03-11 07:00:00,16092.0,16092.0,15102.0,15762.0,331010,KBS
2020-03-12 07:00:00,15322.0,15468.0,14662.0,15065.0,755620,KBS
2020-03-13 07:00:00,14515.0,15615.0,14076.0,15395.0,896280,KBS
2020-03-16 07:00:00,14955.0,14955.0,14479.0,14515.0,659460,KBS
2020-03-17 07:00:00,14112.0,14662.0,14076.0,14515.0,466770,KBS
2020-03-18 07:00:00,14186.0,15395.0,14186.0,15395.0,1737440,KBS
2020-03-19 07:00:00,15029.0,15725.0,14369.0,14442.0,897980,KBS
2020-03-20 07:00:00,14515.0,14589.0,14222.0,14589.0,535780,KBS
2020-03-23 07:00:00,14149.0,14149.0,13599.0,13599.0,600410,KBS
2020-03-24 07:00:00,12903.0,14002.0,12903.0,13746.0,572960,KBS
2020-03-25 07:00:00,13892.0,14515.0,13709.0,14515.0,1957820,KBS
2020-03-26 07:00:00,14552.0,14589.0,13526.0,13526.0,408650,KBS
2020-03-27 07:00:00,14039.0,14039.0,13526.0,13562.0,213370,KBS
2020-03-30 07:00:00,13782.0,13782.0,12683.0,13196.0,348650,KBS
2020-03-31 07:00:00,13269.0,13856.0,13049.0,13269.0,475180,KBS
2020-04-01 07:00:00,13526.0,13709.0,13269.0,13709.0,401430,KBS
2020-04-03 07:00:00,13709.0,13929.0,13562.0,13746.0,1827520,KBS
2020-04-06 07:00:00,13782.0,14479.0,13599.0,14222.0,1982410,KBS
2020-04-07 07:00:00,14222.0,14442.0,13599.0,14149.0,1816810,KBS
2020-04-08 07:00:00,13636.0,14039.0,13636.0,13672.0,714840,KBS
2020-04-09 07:00:00,13746.0,13819.0,13269.0,13269.0,1239110,KBS
2020-04-10 07:00:00,13269.0,13672.0,13269.0,13489.0,602830,KBS
2020-04-13 07:00:00,13672.0,13856.0,13489.0,13672.0,734290,KBS
2020-04-14 07:00:00,13672.0,13782.0,13489.0,13599.0,450360,KBS
2020-04-15 07:00:00,13746.0,14039.0,13599.0,13746.0,967360,KBS
2020-04-16 07:00:00,13746.0,14699.0,13562.0,14662.0,2067780,KBS
2020-04-17 07:00:00,14735.0,15249.0,14735.0,14772.0,1973900,KBS
2020-04-20 07:00:00,14662.0,15029.0,14479.0,14515.0,1219710,KBS
2020-04-21 07:00:00,14186.0,14442.0,13636.0,14442.0,1379250,KBS
2020-04-22 07:00:00,14002.0,14479.0,13782.0,14369.0,520030,KBS
2020-04-23 07:00:00,14369.0,14625.0,14112.0,14112.0,545150,KBS
2020-04-24 07:00:00,14112.0,14186.0,13929.0,13966.0,457770,KBS
2020-04-27 07:00:00,14002.0,14479.0,14002.0,14259.0,1600180,KBS
2020-04-28 07:00:00,14479.0,14735.0,14405.0,14552.0,1275050,KBS
2020-04-29 07:00:00,14552.0,14735.0,14369.0,14552.0,1137270,KBS
2020-05-04 07:00:00,14369.0,14662.0,14149.0,14149.0,1388690,KBS
2020-05-05 07:00:00,14296.0,14479.0,14112.0,14222.0,1171380,KBS
2020-05-06 07:00:00,14296.0,14296.0,14112.0,14222.0,930130,KBS
2020-05-07 07:00:00,14259.0,14589.0,14259.0,14515.0,928460,KBS
2020-05-08 07:00:00,14699.0,14772.0,14442.0,14442.0,1274320,KBS
2020-05-11 07:00:00,14442.0,14552.0,14259.0,14442.0,646680,KBS
2020-05-12 07:00:00,14405.0,15029.0,14259.0,14919.0,1077800,KBS
2020-05-13 07:00:00,14882.0,15908.0,14735.0,15395.0,1352290,KBS
2020-05-14 07:00:00,15395.0,15578.0,15102.0,15139.0,1245400,KBS
2020-05-15 07:00:00,15102.0,15322.0,14735.0,14882.0,725880,KBS
2020-05-18 07:00:00,14955.0,15175.0,14882.0,15175.0,889570,KBS
2020-05-19 07:00:00,15285.0,15285.0,14992.0,14992.0,869940,KBS
2020-05-20 07:00:00,14919.0,15175.0,14919.0,15029.0,848290,KBS
2020-05-21 07:00:00,15102.0,15102.0,14735.0,14735.0,1352790,KBS
2020-05-22 07:00:00,14699.0,14845.0,14442.0,14442.0,1465840,KBS
2020-05-25 07:00:00,14442.0,14662.0,14442.0,14515.0,1205640,KBS
2020-05-26 07:00:00,14589.0,14735.0,14552.0,14589.0,1080460,KBS
2020-05-27 07:00:00,14772.0,15102.0,14589.0,14662.0,1432270,KBS
2020-05-28 07:00:00,14662.0,14772.0,14552.0,14552.0,683980,KBS
2020-05-29 07:00:00,14552.0,14589.0,14076.0,14149.0,1645170,KBS
2020-06-01 07:00:00,14149.0,14405.0,14149.0,14222.0,1293770,KBS
2020-06-02 07:00:00,14222.0,14332.0,14039.0,14039.0,1416420,KBS
2020-06-03 07:00:00,14076.0,14332.0,13636.0,14332.0,3933050,KBS
2020-06-04 07:00:00,14369.0,14405.0,14149.0,14186.0,1894620,KBS
2020-06-05 07:00:00,14186.0,14186.0,13966.0,14002.0,1300120,KBS
2020-06-08 07:00:00,14002.0,14296.0,14002.0,14076.0,3964320,KBS
2020-06-09 07:00:00,14149.0,14955.0,14039.0,14589.0,4972050,KBS
2020-06-10 07:00:00,14589.0,14955.0,14442.0,14662.0,2682360,KBS
2020-06-11 07:00:00,14735.0,15322.0,14296.0,14296.0,5040150,KBS
2020-06-12 07:00:00,13782.0,14405.0,13782.0,14296.0,2853340,KBS
2020-06-15 07:00:00,14369.0,14369.0,13636.0,13709.0,1984730,KBS
2020-06-16 07:00:00,13929.0,14039.0,13782.0,13966.0,1450060,KBS
2020-06-17 07:00:00,13929.0,14186.0,13819.0,14076.0,939610,KBS
2020-06-18 07:00:00,13856.0,14076.0,13856.0,13856.0,803050,KBS
2020-06-19 07:00:00,14002.0,14112.0,13892.0,14039.0,1101600,KBS
2020-06-22 07:00:00,14039.0,14112.0,13892.0,13929.0,1291490,KBS
2020-06-23 07:00:00,14039.0,14296.0,13929.0,14002.0,1123420,KBS
2020-06-24 07:00:00,14076.0,14112.0,13819.0,13856.0,1076050,KBS
2020-06-25 07:00:00,13746.0,13856.0,13709.0,13709.0,1220070,KBS
2020-06-26 07:00:00,13819.0,13929.0,13489.0,13782.0,2303680,KBS
2020-06-29 07:00:00,13746.0,13782.0,13049.0,13306.0,1586930,KBS
2020-06-30 07:00:00,13489.0,13562.0,13123.0,13306.0,931290,KBS
2020-07-01 07:00:00,13306.0,13489.0,13196.0,13342.0,1085620,KBS
2020-07-02 07:00:00,13379.0,13452.0,13269.0,13269.0,764530,KBS
2020-07-03 07:00:00,13269.0,13746.0,13269.0,13526.0,939960,KBS
2020-07-06 07:00:00,13562.0,13672.0,13526.0,13562.0,733310,KBS
2020-07-07 07:00:00,13599.0,13599.0,13342.0,13342.0,1119290,KBS
2020-07-08 07:00:00,13306.0,13379.0,13269.0,13269.0,820200,KBS
2020-07-09 07:00:00,13306.0,13452.0,13269.0,13379.0,1116490,KBS
2020-07-10 07:00:00,13379.0,13562.0,13269.0,13342.0,1171290,KBS
2020-07-13 07:00:00,13342.0,13416.0,13233.0,13306.0,1503010,KBS
2020-07-14 07:00:00,13342.0,13379.0,13196.0,13379.0,1456340,KBS
2020-07-15 07:00:00,13379.0,13416.0,13196.0,13196.0,1371300,KBS
2020-07-16 07:00:00,13196.0,13416.0,13159.0,13159.0,1289320,KBS
2020-07-17 07:00:00,13159.0,13269.0,13159.0,13196.0,963980,KBS
2020-07-20 07:00:00,13196.0,13233.0,12829.0,12829.0,1725760,KBS
2020-07-21 07:00:00,12903.0,13269.0,12609.0,13269.0,1732030,KBS
2020-07-22 07:00:00,13269.0,13379.0,13123.0,13269.0,1422120,KBS
2020-07-23 07:00:00,13196.0,13306.0,13049.0,13049.0,1840100,KBS
2020-07-24 07:00:00,13013.0,13196.0,12206.0,13196.0,2618490,KBS
2020-07-27 07:00:00,12573.0,12829.0,12316.0,12536.0,2137110,KBS
2020-07-28 07:00:00,12536.0,12829.0,12463.0,12609.0,996000,KBS
2020-07-29 07:00:00,12536.0,12903.0,12133.0,12903.0,2682410,KBS
2020-07-30 07:00:00,12829.0,12939.0,12683.0,12829.0,427730,KBS
2020-07-31 07:00:00,12499.0,12829.0,12499.0,12756.0,470060,KBS
2020-08-03 07:00:00,12536.0,12903.0,12536.0,12829.0,604930,KBS
2020-08-04 07:00:00,12939.0,13086.0,12866.0,12976.0,702380,KBS
2020-08-05 07:00:00,13013.0,13159.0,12939.0,12976.0,527850,KBS
2020-08-06 07:00:00,12939.0,12976.0,12646.0,12719.0,978410,KBS
2020-08-07 07:00:00,12756.0,12866.0,12683.0,12719.0,529080,KBS
2020-08-10 07:00:00,12756.0,13269.0,12719.0,12903.0,1734410,KBS
2020-08-11 07:00:00,12903.0,13123.0,12866.0,13086.0,930190,KBS
2020-08-12 07:00:00,13159.0,13159.0,12976.0,12976.0,460110,KBS
2020-08-13 07:00:00,13049.0,13086.0,12939.0,12939.0,754700,KBS
2020-08-14 07:00:00,12939.0,12976.0,12719.0,12719.0,965480,KBS
2020-08-17 07:00:00,12793.0,12976.0,12719.0,12793.0,617570,KBS
2020-08-18 07:00:00,12866.0,13379.0,12866.0,13196.0,2502290,KBS
2020-08-19 07:00:00,13196.0,13306.0,13123.0,13159.0,833150,KBS
2020-08-20 07:00:00,13123.0,13196.0,13013.0,13049.0,606450,KBS
2020-08-21 07:00:00,13049.0,13233.0,12976.0,13123.0,865400,KBS
2020-08-24 07:00:00,13196.0,13489.0,13196.0,13452.0,2171150,KBS
2020-08-25 07:00:00,13526.0,13526.0,13306.0,13306.0,1057080,KBS
2020-08-26 07:00:00,13306.0,13526.0,13269.0,13416.0,1174340,KBS
2020-08-27 07:00:00,13489.0,14002.0,13416.0,13929.0,3138320,KBS
2020-08-28 07:00:00,14002.0,14186.0,13892.0,13892.0,1394040,KBS
2020-08-31 07:00:00,13892.0,14076.0,13562.0,13562.0,1041860,KBS
2020-09-01 07:00:00,13599.0,13782.0,13526.0,13709.0,1160400,KBS
2020-09-03 07:00:00,13636.0,14002.0,13562.0,13672.0,1645030,KBS
2020-09-04 07:00:00,13489.0,13562.0,13452.0,13489.0,1513180,KBS
2020-09-07 07:00:00,13489.0,13489.0,13159.0,13159.0,2121850,KBS
2020-09-08 07:00:00,13269.0,13342.0,13086.0,13196.0,875440,KBS
2020-09-09 07:00:00,13123.0,13123.0,12976.0,13049.0,1613880,KBS
2020-09-10 07:00:00,13233.0,13342.0,13123.0,13196.0,1305360,KBS
2020-09-11 07:00:00,13123.0,13269.0,13123.0,13159.0,420100,KBS
2020-09-14 07:00:00,13196.0,13306.0,13159.0,13196.0,1165660,KBS
2020-09-15 07:00:00,13269.0,13342.0,13196.0,13269.0,713820,KBS
2020-09-16 07:00:00,13306.0,13599.0,13306.0,13526.0,1957510,KBS
2020-09-17 07:00:00,13562.0,13856.0,13489.0,13672.0,2237030,KBS
2020-09-18 07:00:00,13709.0,13782.0,13562.0,13672.0,1316590,KBS
2020-09-21 07:00:00,13672.0,13856.0,13526.0,13526.0,2368500,KBS
2020-09-22 07:00:00,13489.0,13599.0,13379.0,13452.0,1489680,KBS
2020-09-23 07:00:00,13562.0,13636.0,13452.0,13489.0,1060020,KBS
2020-09-24 07:00:00,13452.0,13452.0,13306.0,13306.0,1350720,KBS
2020-09-25 07:00:00,13342.0,13416.0,13196.0,13196.0,1876900,KBS
2020-09-28 07:00:00,13233.0,13342.0,13196.0,13233.0,1683880,KBS
2020-09-29 07:00:00,13269.0,13342.0,13196.0,13233.0,1104640,KBS
2020-09-30 07:00:00,13233.0,13269.0,13159.0,13233.0,767240,KBS
2020-10-01 07:00:00,13342.0,13416.0,13269.0,13379.0,920050,KBS
2020-10-02 07:00:00,13452.0,13856.0,13379.0,13856.0,4485330,KBS
2020-10-05 07:00:00,14076.0,14112.0,13892.0,13929.0,2747930,KBS
2020-10-06 07:00:00,14002.0,14039.0,13782.0,13929.0,1601430,KBS
2020-10-07 07:00:00,13929.0,14479.0,13782.0,14076.0,5296650,KBS
2020-10-08 07:00:00,14076.0,14259.0,13892.0,13929.0,3216420,KBS
2020-10-09 07:00:00,13929.0,14076.0,13892.0,13929.0,1434000,KBS
2020-10-12 07:00:00,14076.0,14112.0,13856.0,13856.0,3725350,KBS
2020-10-13 07:00:00,13856.0,13892.0,13746.0,13746.0,1224850,KBS
2020-10-14 07:00:00,13746.0,13819.0,13599.0,13636.0,2202150,KBS
2020-10-15 07:00:00,13672.0,13672.0,13452.0,13452.0,3017300,KBS
2020-10-16 07:00:00,13526.0,13562.0,13379.0,13452.0,2416930,KBS
2020-10-19 07:00:00,13562.0,13819.0,13526.0,13709.0,1066760,KBS
2020-10-20 07:00:00,13746.0,13892.0,13672.0,13782.0,1129180,KBS
2020-10-21 07:00:00,13782.0,13782.0,13562.0,13562.0,1433870,KBS
2020-10-22 07:00:00,13485.0,13679.0,13446.0,13640.0,1149280,KBS
2020-10-23 07:00:00,13640.0,13795.0,13562.0,13601.0,886990,KBS
2020-10-26 07:00:00,13601.0,13640.0,13175.0,13175.0,1629250,KBS
2020-10-27 07:00:00,13175.0,13369.0,12749.0,12942.0,1943250,KBS
2020-10-28 07:00:00,12942.0,12942.0,12439.0,12555.0,2051640,KBS
2020-10-29 07:00:00,12322.0,12942.0,12245.0,12826.0,1659030,KBS
2020-10-30 07:00:00,12865.0,12942.0,12555.0,12749.0,1144520,KBS
2020-11-02 07:00:00,12710.0,12787.0,12555.0,12671.0,1434490,KBS
2020-11-03 07:00:00,12671.0,13020.0,12632.0,13020.0,1024420,KBS
2020-11-04 07:00:00,12865.0,13291.0,12826.0,13136.0,886730,KBS
2020-11-05 07:00:00,13097.0,13175.0,12865.0,12865.0,645270,KBS
2020-11-06 07:00:00,12904.0,13097.0,12826.0,12904.0,1167310,KBS
2020-11-09 07:00:00,13059.0,13136.0,12904.0,12942.0,1006710,KBS
2020-11-10 07:00:00,13097.0,13136.0,12904.0,12904.0,936040,KBS
2020-11-11 07:00:00,12904.0,13446.0,12904.0,13214.0,3933330,KBS
2020-11-12 07:00:00,13252.0,13485.0,13175.0,13252.0,1708310,KBS
2020-11-13 07:00:00,13252.0,13330.0,13175.0,13252.0,1097430,KBS
2020-11-16 07:00:00,13252.0,13330.0,12942.0,12942.0,1761140,KBS
2020-11-17 07:00:00,12942.0,13097.0,12904.0,13059.0,1053390,KBS
2020-11-18 07:00:00,13059.0,13136.0,13020.0,13059.0,937760,KBS
2020-11-19 07:00:00,13097.0,13330.0,13059.0,13175.0,1168580,KBS
2020-11-20 07:00:00,13214.0,13252.0,13059.0,13175.0,2257540,KBS
2020-11-23 07:00:00,13252.0,13640.0,13175.0,13524.0,2724290,KBS
2020-11-24 07:00:00,13524.0,13524.0,13330.0,13369.0,1284480,KBS
2020-11-25 07:00:00,13369.0,13717.0,13252.0,13601.0,2769150,KBS
2020-11-26 07:00:00,13640.0,13640.0,13485.0,13485.0,752950,KBS
2020-11-27 07:00:00,13446.0,13524.0,13330.0,13485.0,1127160,KBS
2020-11-30 07:00:00,13485.0,13524.0,13252.0,13369.0,2399780,KBS
2020-12-01 07:00:00,13175.0,13330.0,13136.0,13291.0,1324680,KBS
2020-12-02 07:00:00,13214.0,13291.0,13175.0,13214.0,1357750,KBS
2020-12-03 07:00:00,13330.0,13872.0,13252.0,13872.0,2895660,KBS
2020-12-04 07:00:00,13950.0,14260.0,13756.0,14105.0,6514650,KBS
2020-12-07 07:00:00,14105.0,14182.0,14027.0,14105.0,1915870,KBS
2020-12-08 07:00:00,14066.0,14531.0,13989.0,14454.0,4160570,KBS
2020-12-09 07:00:00,14454.0,14686.0,14376.0,14531.0,3087880,KBS
2020-12-10 07:00:00,14647.0,14802.0,14260.0,14260.0,3336500,KBS
2020-12-11 07:00:00,14260.0,14531.0,14182.0,14531.0,1433840,KBS
2020-12-14 07:00:00,14570.0,14686.0,14454.0,14531.0,1492510,KBS
2020-12-15 07:00:00,14531.0,15035.0,14454.0,14919.0,4930800,KBS
2020-12-16 07:00:00,14919.0,15190.0,14919.0,15035.0,3338060,KBS
2020-12-17 07:00:00,14957.0,15112.0,14570.0,15112.0,3793300,KBS
2020-12-18 07:00:00,14802.0,15074.0,14764.0,15035.0,2064580,KBS
2020-12-21 07:00:00,15035.0,15074.0,14802.0,14919.0,1470660,KBS
2020-12-22 07:00:00,14802.0,14957.0,14686.0,14880.0,2084210,KBS
2020-12-23 07:00:00,15074.0,15732.0,15035.0,15422.0,3477530,KBS
2020-12-24 07:00:00,15577.0,15577.0,14725.0,15345.0,1891980,KBS
2020-12-25 07:00:00,15461.0,15461.0,15035.0,15306.0,2237520,KBS
2020-12-28 07:00:00,15345.0,15422.0,15151.0,15345.0,2781610,KBS
2020-12-29 07:00:00,15422.0,16391.0,15306.0,16391.0,6300720,KBS
2020-12-30 07:00:00,16895.0,17089.0,16701.0,16895.0,4896470,KBS
2020-12-31 07:00:00,16585.0,16895.0,16430.0,16585.0,2085320,KBS
2021-01-04 07:00:00,16624.0,17631.0,16352.0,17166.0,4148000,KBS
2021-01-05 07:00:00,16895.0,17282.0,16856.0,17282.0,2334900,KBS
2021-01-06 07:00:00,17360.0,17825.0,17050.0,17282.0,3335800,KBS
2021-01-07 07:00:00,17166.0,17360.0,16972.0,17205.0,3062000,KBS
2021-01-08 07:00:00,17282.0,17476.0,17050.0,17282.0,3066400,KBS
2021-01-11 07:00:00,17399.0,18367.0,17127.0,18367.0,4111700,KBS
2021-01-12 07:00:00,18212.0,18910.0,17902.0,18832.0,3809100,KBS
2021-01-13 07:00:00,19142.0,19142.0,18406.0,18716.0,3622300,KBS
2021-01-14 07:00:00,18290.0,18561.0,17980.0,18522.0,3718700,KBS
2021-01-15 07:00:00,18445.0,18522.0,18251.0,18484.0,2454700,KBS
2021-01-18 07:00:00,18522.0,18522.0,18135.0,18251.0,2663100,KBS
2021-01-19 07:00:00,18057.0,18212.0,17011.0,17825.0,3161400,KBS
2021-01-20 07:00:00,17437.0,17825.0,16624.0,17825.0,1745000,KBS
2021-01-21 07:00:00,17980.0,18135.0,17437.0,18135.0,1826100,KBS
2021-01-22 07:00:00,18057.0,18367.0,17902.0,17980.0,2298500,KBS
2021-01-25 07:00:00,18057.0,18057.0,17631.0,17670.0,1873200,KBS
2021-01-26 07:00:00,17747.0,17747.0,16469.0,16972.0,2382100,KBS
2021-01-27 07:00:00,16972.0,17321.0,15965.0,16972.0,2292800,KBS
2021-01-28 07:00:00,16120.0,16275.0,15810.0,15810.0,3834100,KBS
2021-01-29 07:00:00,14764.0,16352.0,14764.0,16159.0,2434100,KBS
2021-02-01 07:00:00,15926.0,16004.0,15345.0,15577.0,1539200,KBS
2021-02-02 07:00:00,15694.0,16120.0,15267.0,16004.0,2043300,KBS
2021-02-03 07:00:00,16004.0,17011.0,16004.0,16779.0,1503800,KBS
2021-02-04 07:00:00,16740.0,16740.0,16236.0,16507.0,1936900,KBS
2021-02-05 07:00:00,16507.0,16507.0,16159.0,16197.0,3834900,KBS
2021-02-08 07:00:00,16197.0,16507.0,15539.0,16197.0,2429300,KBS
2021-02-09 07:00:00,16197.0,16624.0,15577.0,16546.0,2413800,KBS
2021-02-17 07:00:00,16585.0,17515.0,16430.0,17515.0,2435300,KBS
2021-02-18 07:00:00,17515.0,17515.0,17089.0,17515.0,3383200,KBS
2021-02-19 07:00:00,17244.0,17515.0,16895.0,16895.0,4248300,KBS
2021-02-22 07:00:00,17205.0,17437.0,16934.0,17205.0,3163300,KBS
2021-02-23 07:00:00,17282.0,17282.0,16972.0,17050.0,1376700,KBS
2021-02-24 07:00:00,17127.0,17282.0,16585.0,16934.0,1821700,KBS
2021-02-25 07:00:00,16934.0,17050.0,16546.0,16662.0,1288500,KBS
2021-02-26 07:00:00,16391.0,16624.0,16314.0,16507.0,1796200,KBS
2021-03-01 07:00:00,16662.0,17321.0,16585.0,17244.0,2029000,KBS
2021-03-02 07:00:00,17399.0,17437.0,17089.0,17244.0,2398500,KBS
2021-03-03 07:00:00,17050.0,17321.0,17050.0,17166.0,1289900,KBS
2021-03-04 07:00:00,17437.0,17554.0,16895.0,17205.0,2161600,KBS
2021-03-05 07:00:00,17011.0,17980.0,16856.0,17902.0,3017800,KBS
2021-03-08 07:00:00,17902.0,18445.0,17670.0,18174.0,4945800,KBS
2021-03-09 07:00:00,17825.0,18212.0,17515.0,18135.0,2904800,KBS
2021-03-10 07:00:00,18135.0,18212.0,17786.0,18174.0,1895000,KBS
2021-03-11 07:00:00,18406.0,18677.0,18135.0,18522.0,5038400,KBS
2021-03-12 07:00:00,18600.0,18600.0,18096.0,18406.0,1761000,KBS
2021-03-15 07:00:00,18484.0,18484.0,18212.0,18367.0,2212000,KBS
2021-03-16 07:00:00,18445.0,18484.0,17825.0,18367.0,2443900,KBS
2021-03-17 07:00:00,18367.0,18367.0,17825.0,18096.0,3131400,KBS
2021-03-18 07:00:00,18135.0,18251.0,18019.0,18135.0,1936500,KBS
2021-03-19 07:00:00,18212.0,18600.0,18096.0,18600.0,3481900,KBS
2021-03-22 07:00:00,18832.0,19181.0,18600.0,18910.0,6065100,KBS
2021-03-23 07:00:00,18949.0,19026.0,18212.0,18755.0,2982600,KBS
2021-03-24 07:00:00,18290.0,18522.0,18135.0,18135.0,2931400,KBS
2021-03-25 07:00:00,18135.0,18445.0,17747.0,18406.0,3940600,KBS
2021-03-26 07:00:00,18212.0,18716.0,17670.0,18522.0,3684200,KBS
2021-03-29 07:00:00,18600.0,19801.0,18445.0,19801.0,8769100,KBS
2021-03-30 07:00:00,19995.0,20189.0,19724.0,19840.0,3478600,KBS
2021-03-31 07:00:00,19801.0,20034.0,19646.0,19801.0,2081500,KBS
2021-04-01 07:00:00,19840.0,20150.0,19646.0,20150.0,3251100,KBS
2021-04-02 07:00:00,20537.0,20537.0,20111.0,20111.0,3293900,KBS
2021-04-05 07:00:00,20111.0,20111.0,19452.0,19685.0,4404000,KBS
2021-04-06 07:00:00,19491.0,19646.0,19220.0,19375.0,2708100,KBS
2021-04-07 07:00:00,19375.0,19840.0,19375.0,19414.0,2157100,KBS
2021-04-08 07:00:00,19685.0,19724.0,19297.0,19297.0,1991400,KBS
2021-04-09 07:00:00,19375.0,19414.0,19142.0,19142.0,2447400,KBS
2021-04-12 07:00:00,19142.0,19685.0,19142.0,19685.0,2212300,KBS
2021-04-13 07:00:00,19685.0,19840.0,18832.0,19142.0,2450900,KBS
2021-04-14 07:00:00,18987.0,18987.0,18600.0,18987.0,3665200,KBS
2021-04-15 07:00:00,18987.0,19142.0,18251.0,18484.0,5268700,KBS
2021-04-16 07:00:00,18290.0,18484.0,17360.0,17670.0,3133400,KBS
2021-04-19 07:00:00,17825.0,18174.0,17476.0,17825.0,2354000,KBS
2021-04-20 07:00:00,17825.0,18057.0,17515.0,17554.0,1769200,KBS
2021-04-22 07:00:00,17437.0,17554.0,16352.0,16352.0,2465500,KBS
2021-04-23 07:00:00,16352.0,16546.0,15887.0,16546.0,1892500,KBS
2021-04-26 07:00:00,16546.0,16934.0,15694.0,15694.0,2083800,KBS
2021-04-27 07:00:00,15500.0,16275.0,15500.0,15965.0,1733400,KBS
2021-04-28 07:00:00,15965.0,16197.0,15849.0,15965.0,1089600,KBS
2021-04-29 07:00:00,15965.0,16120.0,15732.0,15732.0,1050000,KBS
2021-05-04 07:00:00,15229.0,15616.0,15229.0,15500.0,1429100,KBS
2021-05-05 07:00:00,15655.0,16197.0,15539.0,15849.0,2937100,KBS
2021-05-06 07:00:00,15887.0,16120.0,15616.0,15732.0,1211200,KBS
2021-05-07 07:00:00,15732.0,15732.0,15151.0,15384.0,2486000,KBS
2021-05-10 07:00:00,15229.0,15616.0,14919.0,15539.0,2504100,KBS
2021-05-11 07:00:00,15655.0,16469.0,15616.0,16314.0,4422600,KBS
2021-05-12 07:00:00,16275.0,16662.0,16042.0,16391.0,2201600,KBS
2021-05-13 07:00:00,16275.0,16430.0,16236.0,16314.0,1817200,KBS
2021-05-14 07:00:00,16275.0,16352.0,16004.0,16042.0,2305400,KBS
2021-05-17 07:00:00,16081.0,16120.0,15655.0,15732.0,1315300,KBS
2021-05-18 07:00:00,15655.0,15732.0,15190.0,15306.0,1691700,KBS
2021-05-19 07:00:00,15190.0,15732.0,14957.0,15732.0,2657500,KBS
2021-05-20 07:00:00,15732.0,15732.0,15345.0,15500.0,960200,KBS
2021-05-21 07:00:00,15345.0,15616.0,15112.0,15500.0,1684300,KBS
2021-05-24 07:00:00,15732.0,15732.0,15306.0,15616.0,2889100,KBS
2021-05-25 07:00:00,15655.0,16236.0,15655.0,16120.0,3498500,KBS
2021-05-26 07:00:00,16120.0,16120.0,15771.0,15849.0,1660300,KBS
2021-05-27 07:00:00,15771.0,16042.0,15461.0,15655.0,1537400,KBS
2021-05-28 07:00:00,15500.0,15655.0,15345.0,15577.0,1524400,KBS
2021-05-31 07:00:00,15577.0,15616.0,15112.0,15384.0,2547100,KBS
2021-06-01 07:00:00,15500.0,15500.0,15112.0,15190.0,1679300,KBS
2021-06-02 07:00:00,15112.0,15267.0,14957.0,15190.0,2087200,KBS
2021-06-03 07:00:00,15345.0,15810.0,15151.0,15732.0,3672700,KBS
2021-06-04 07:00:00,15732.0,15771.0,15267.0,15384.0,2371500,KBS
2021-06-07 07:00:00,15384.0,15500.0,15112.0,15229.0,2516300,KBS
2021-06-08 07:00:00,15229.0,15267.0,14686.0,14725.0,3133600,KBS
2021-06-09 07:00:00,14492.0,14686.0,14105.0,14570.0,3870400,KBS
2021-06-10 07:00:00,14570.0,14802.0,14027.0,14105.0,3817500,KBS
2021-06-11 07:00:00,14299.0,14802.0,14182.0,14725.0,3091600,KBS
2021-06-14 07:00:00,14725.0,14841.0,14299.0,14531.0,3594400,KBS
2021-06-15 07:00:00,14415.0,14531.0,14299.0,14376.0,2655900,KBS
2021-06-16 07:00:00,14299.0,14841.0,14221.0,14570.0,3364200,KBS
2021-06-17 07:00:00,14376.0,14919.0,14376.0,14802.0,2456800,KBS
2021-06-18 07:00:00,14802.0,15190.0,14764.0,14957.0,4068700,KBS
2021-06-21 07:00:00,15112.0,15345.0,14996.0,15151.0,3522500,KBS
2021-06-22 07:00:00,15422.0,16042.0,15229.0,15616.0,5750600,KBS
2021-06-23 07:00:00,15655.0,15810.0,15190.0,15190.0,2842100,KBS
2021-06-24 07:00:00,15190.0,15267.0,14919.0,14957.0,1953400,KBS
2021-06-25 07:00:00,14919.0,15190.0,14764.0,14764.0,2279400,KBS
2021-06-28 07:00:00,14764.0,15112.0,14647.0,14880.0,2416800,KBS
2021-06-29 07:00:00,15035.0,15074.0,14802.0,14841.0,1553500,KBS
2021-06-30 07:00:00,14841.0,14996.0,14764.0,14802.0,1701400,KBS
2021-07-01 07:00:00,14802.0,14880.0,14647.0,14764.0,1974000,KBS
2021-07-02 07:00:00,14802.0,15112.0,14686.0,14686.0,2071500,KBS
2021-07-05 07:00:00,14686.0,14686.0,14221.0,14221.0,3104800,KBS
2021-07-06 07:00:00,14260.0,14376.0,13950.0,13950.0,1531000,KBS
2021-07-07 07:00:00,13717.0,13950.0,13407.0,13446.0,2355500,KBS
2021-07-08 07:00:00,13059.0,13717.0,13059.0,13717.0,2493200,KBS
2021-07-09 07:00:00,13562.0,13679.0,13020.0,13330.0,2488200,KBS
2021-07-12 07:00:00,13175.0,13175.0,12400.0,12400.0,3730900,KBS
2021-07-13 07:00:00,12400.0,12710.0,12012.0,12400.0,2593600,KBS
2021-07-14 07:00:00,12477.0,12594.0,12012.0,12167.0,2783600,KBS
2021-07-15 07:00:00,12051.0,12322.0,12051.0,12206.0,1965700,KBS
2021-07-16 07:00:00,12400.0,12594.0,12322.0,12400.0,1271200,KBS
2021-07-19 07:00:00,12167.0,12245.0,11896.0,12090.0,2017100,KBS
2021-07-20 07:00:00,12090.0,12477.0,11935.0,12284.0,1834500,KBS
2021-07-21 07:00:00,12361.0,12516.0,12245.0,12400.0,1609800,KBS
2021-07-22 07:00:00,12439.0,12710.0,12439.0,12632.0,1191800,KBS
2021-07-23 07:00:00,12671.0,12942.0,12555.0,12555.0,1554000,KBS
2021-07-26 07:00:00,12400.0,12594.0,12284.0,12555.0,1318600,KBS
2021-07-27 07:00:00,12555.0,12749.0,12477.0,12555.0,1179500,KBS
2021-07-28 07:00:00,12555.0,12555.0,12284.0,12439.0,1353400,KBS
2021-07-29 07:00:00,12477.0,12555.0,12400.0,12400.0,836400,KBS
2021-07-30 07:00:00,12477.0,12671.0,12439.0,12477.0,1484600,KBS
2021-08-02 07:00:00,12477.0,12787.0,12400.0,12594.0,2335900,KBS
2021-08-03 07:00:00,12594.0,12942.0,12594.0,12826.0,2903700,KBS
2021-08-04 07:00:00,12826.0,13059.0,12787.0,12826.0,1241800,KBS
2021-08-05 07:00:00,12787.0,13020.0,12749.0,12942.0,1268600,KBS
2021-08-06 07:00:00,12942.0,13562.0,12942.0,13291.0,2708200,KBS
2021-08-09 07:00:00,13291.0,13562.0,13214.0,13524.0,1519700,KBS
2021-08-10 07:00:00,13524.0,13640.0,13330.0,13330.0,1959100,KBS
2021-08-11 07:00:00,13446.0,13485.0,13136.0,13214.0,2475900,KBS
2021-08-12 07:00:00,13175.0,14105.0,13097.0,14105.0,5305600,KBS
2021-08-13 07:00:00,14415.0,14570.0,13950.0,14454.0,5240600,KBS
2021-08-16 07:00:00,14492.0,14725.0,14221.0,14337.0,3261000,KBS
2021-08-17 07:00:00,14105.0,14260.0,13950.0,13950.0,3773100,KBS
2021-08-18 07:00:00,13950.0,14299.0,13950.0,14027.0,3040400,KBS
2021-08-19 07:00:00,14027.0,14609.0,14027.0,14415.0,4028400,KBS
2021-08-20 07:00:00,14609.0,14647.0,13601.0,13717.0,5423700,KBS
2021-08-23 07:00:00,13717.0,14027.0,13485.0,13601.0,2788000,KBS
2021-08-24 07:00:00,13562.0,13717.0,13020.0,13136.0,2996500,KBS
2021-08-25 07:00:00,12942.0,13252.0,12865.0,13097.0,1854700,KBS
2021-08-26 07:00:00,13252.0,13562.0,13020.0,13175.0,1747700,KBS
2021-08-27 07:00:00,13175.0,13369.0,13020.0,13369.0,4282300,KBS
2021-08-30 07:00:00,13717.0,14260.0,13601.0,14144.0,3194500,KBS
2021-08-31 07:00:00,14221.0,14299.0,13717.0,13717.0,2647300,KBS
2021-09-01 07:00:00,13679.0,14144.0,13485.0,14105.0,3097500,KBS
2021-09-06 07:00:00,14182.0,15074.0,14182.0,15074.0,10251100,KBS
2021-09-07 07:00:00,15074.0,15229.0,14337.0,14337.0,5170400,KBS
2021-09-08 07:00:00,14337.0,14725.0,14105.0,14260.0,2909500,KBS
2021-09-09 07:00:00,14260.0,14647.0,14182.0,14609.0,2715400,KBS
2021-09-10 07:00:00,14764.0,14919.0,14376.0,14376.0,2457100,KBS
2021-09-13 07:00:00,14182.0,14337.0,13679.0,13717.0,6697200,KBS
2021-09-14 07:00:00,13717.0,14066.0,13524.0,13562.0,2477500,KBS
2021-09-15 07:00:00,13485.0,14066.0,13369.0,13950.0,2843500,KBS
2021-09-16 07:00:00,13950.0,14105.0,13834.0,13872.0,1550600,KBS
2021-09-17 07:00:00,13950.0,14027.0,13795.0,13872.0,2116600,KBS
2021-09-20 07:00:00,13950.0,14027.0,13601.0,13601.0,3542800,KBS
2021-09-21 07:00:00,13369.0,13601.0,13252.0,13446.0,2858600,KBS
2021-09-22 07:00:00,13485.0,13795.0,13407.0,13679.0,2554000,KBS
2021-09-23 07:00:00,13950.0,13950.0,13601.0,13601.0,1979100,KBS
2021-09-24 07:00:00,13640.0,13679.0,13485.0,13485.0,1682600,KBS
2021-09-27 07:00:00,13485.0,13601.0,13252.0,13252.0,1676000,KBS
2021-09-28 07:00:00,13136.0,13562.0,13136.0,13446.0,1827700,KBS
2021-09-29 07:00:00,13485.0,13911.0,13446.0,13640.0,2500300,KBS
2021-09-30 07:00:00,13601.0,13950.0,13601.0,13756.0,1852600,KBS
2021-10-01 07:00:00,13795.0,14570.0,13717.0,14337.0,6284200,KBS
2021-10-04 07:00:00,14531.0,14802.0,14415.0,14454.0,4122800,KBS
2021-10-05 07:00:00,14337.0,14531.0,14260.0,14260.0,2776700,KBS
2021-10-06 07:00:00,14299.0,14880.0,14182.0,14725.0,5435500,KBS
2021-10-07 07:00:00,14802.0,15035.0,14570.0,14570.0,3506900,KBS
2021-10-08 07:00:00,14609.0,14957.0,14609.0,14686.0,3784800,KBS
2021-10-11 07:00:00,14764.0,14957.0,14647.0,14686.0,3408500,KBS
2021-10-12 07:00:00,14725.0,14919.0,14609.0,14686.0,3650700,KBS
2021-10-13 07:00:00,14764.0,14919.0,14570.0,14609.0,2753300,KBS
2021-10-14 07:00:00,14802.0,15500.0,14686.0,15267.0,8535500,KBS
2021-10-15 07:00:00,15384.0,15655.0,15035.0,15151.0,5016500,KBS
2021-10-18 07:00:00,15112.0,15345.0,14802.0,14802.0,4772800,KBS
2021-10-19 07:00:00,14725.0,14957.0,14647.0,14802.0,3426000,KBS
2021-10-20 07:00:00,14802.0,15229.0,14725.0,14919.0,3443900,KBS
2021-10-21 07:00:00,15112.0,15112.0,14802.0,14957.0,2612300,KBS
2021-10-22 07:00:00,14957.0,15500.0,14957.0,15267.0,5940000,KBS
2021-10-25 07:00:00,15500.0,16042.0,15422.0,15926.0,7907800,KBS
2021-10-26 07:00:00,15965.0,16585.0,15655.0,16585.0,6711200,KBS
2021-10-27 07:00:00,16895.0,17437.0,16701.0,17205.0,10224400,KBS
2021-10-28 07:00:00,17360.0,17360.0,17011.0,17205.0,5463700,KBS
2021-10-29 07:00:00,17244.0,17709.0,17205.0,17399.0,4858300,KBS
2021-11-01 07:00:00,17321.0,18174.0,17127.0,17747.0,8635500,KBS
2021-11-02 07:00:00,17747.0,18794.0,17747.0,18639.0,8083500,KBS
2021-11-03 07:00:00,18716.0,19220.0,17437.0,17437.0,11930200,KBS
2021-11-04 07:00:00,17360.0,18135.0,17360.0,17747.0,5372800,KBS
2021-11-05 07:00:00,18057.0,18445.0,17941.0,18290.0,3885000,KBS
2021-11-08 07:00:00,18290.0,19530.0,18290.0,19375.0,10850100,KBS
2021-11-09 07:00:00,19685.0,19685.0,18871.0,19220.0,7923300,KBS
2021-11-10 07:00:00,19142.0,20266.0,18832.0,20150.0,11349400,KBS
2021-11-11 07:00:00,20499.0,21545.0,20421.0,21545.0,12120600,KBS
2021-11-12 07:00:00,22049.0,23017.0,21622.0,22940.0,9395200,KBS
2021-11-15 07:00:00,22785.0,24451.0,22242.0,23715.0,12683900,KBS
2021-11-16 07:00:00,23172.0,23715.0,22087.0,22126.0,13705400,KBS
2021-11-17 07:00:00,22165.0,22862.0,22087.0,22552.0,7371000,KBS
2021-11-18 07:00:00,22630.0,24102.0,22552.0,24102.0,10313400,KBS
2021-11-19 07:00:00,24800.0,25497.0,22436.0,22901.0,10927400,KBS
2021-11-22 07:00:00,23095.0,23405.0,21312.0,21312.0,11310000,KBS
2021-11-23 07:00:00,20227.0,21777.0,19840.0,21119.0,8707400,KBS
2021-11-24 07:00:00,21700.0,21700.0,20537.0,20809.0,7607600,KBS
2021-11-25 07:00:00,20809.0,22010.0,20615.0,21700.0,6008900,KBS
2021-11-26 07:00:00,22165.0,22397.0,21002.0,21429.0,8021500,KBS
2021-11-29 07:00:00,20925.0,22901.0,20537.0,22901.0,10248300,KBS
2021-11-30 07:00:00,23560.0,24180.0,22514.0,23017.0,7353000,KBS
2021-12-01 07:00:00,23017.0,23715.0,22320.0,22397.0,6572500,KBS
2021-12-02 07:00:00,22397.0,23095.0,21855.0,22204.0,8141200,KBS
2021-12-03 07:00:00,22320.0,22475.0,20925.0,20925.0,7645400,KBS
2021-12-06 07:00:00,20847.0,21312.0,19491.0,19530.0,9105900,KBS
2021-12-07 07:00:00,19840.0,20460.0,19375.0,20150.0,5283100,KBS
2021-12-08 07:00:00,20305.0,20770.0,19917.0,19917.0,4272200,KBS
2021-12-09 07:00:00,19995.0,20809.0,19685.0,20731.0,4565900,KBS
2021-12-10 07:00:00,20692.0,21855.0,20615.0,21661.0,6692800,KBS
2021-12-13 07:00:00,23172.0,23172.0,23172.0,23172.0,2310200,KBS
2021-12-14 07:00:00,24761.0,24761.0,24761.0,24761.0,2997300,KBS
2021-12-15 07:00:00,26466.0,26466.0,23637.0,24529.0,30714900,KBS
2021-12-16 07:00:00,25420.0,26234.0,24800.0,26234.0,14596700,KBS
2021-12-17 07:00:00,27900.0,28055.0,26815.0,27900.0,12137300,KBS
2021-12-20 07:00:00,29450.0,29837.0,28675.0,29837.0,19027400,KBS
2021-12-21 07:00:00,30225.0,31891.0,30225.0,31891.0,11616000,KBS
2021-12-22 07:00:00,32705.0,34100.0,32395.0,32550.0,13993600,KBS
2021-12-23 07:00:00,31775.0,32550.0,30302.0,30302.0,26488500,KBS
2021-12-24 07:00:00,31000.0,31775.0,29334.0,30225.0,10453700,KBS
2021-12-27 07:00:00,30845.0,32317.0,29450.0,32317.0,6920500,KBS
2021-12-28 07:00:00,33635.0,34565.0,33480.0,34565.0,13510700,KBS
2021-12-29 07:00:00,36425.0,36967.0,35727.0,36967.0,11793800,KBS
2021-12-30 07:00:00,37277.0,38672.0,35650.0,35960.0,10800500,KBS
2021-12-31 07:00:00,36347.0,37200.0,34216.0,35960.0,12447600,KBS
2022-01-04 07:00:00,37200.0,38440.0,37084.0,38440.0,15488000,KBS
2022-01-05 07:00:00,40300.0,41075.0,39912.0,41075.0,10243800,KBS
2022-01-06 07:00:00,41850.0,43942.0,40687.0,42005.0,14234200,KBS
2022-01-07 07:00:00,41617.0,44872.0,41075.0,44872.0,10439800,KBS
2022-01-10 07:00:00,43787.0,47740.0,41772.0,41772.0,17062300,KBS
2022-01-11 07:00:00,42625.0,44640.0,41307.0,43865.0,16317400,KBS
2022-01-12 07:00:00,40842.0,40842.0,40842.0,40842.0,977500,KBS
2022-01-13 07:00:00,38014.0,38014.0,38014.0,38014.0,268900,KBS
2022-01-14 07:00:00,35379.0,35379.0,35379.0,35379.0,601900,KBS
2022-01-17 07:00:00,32937.0,32937.0,32937.0,32937.0,1274800,KBS
2022-01-18 07:00:00,30651.0,30651.0,30651.0,30651.0,77700,KBS
2022-01-19 07:00:00,28520.0,28520.0,28520.0,28520.0,124100,KBS
2022-01-20 07:00:00,26544.0,30147.0,26544.0,26544.0,39729000,KBS
2022-01-21 07:00:00,27900.0,28365.0,27202.0,28365.0,8134500,KBS
2022-01-24 07:00:00,29062.0,29062.0,26389.0,26389.0,8466800,KBS
2022-01-25 07:00:00,24567.0,25575.0,24567.0,24567.0,18365400,KBS
2022-01-26 07:00:00,25265.0,25420.0,22862.0,22862.0,15912100,KBS
2022-01-27 07:00:00,21274.0,22087.0,21274.0,21274.0,10495500,KBS
2022-01-28 07:00:00,20886.0,22320.0,19879.0,21700.0,12220000,KBS
2022-02-07 07:00:00,22010.0,23211.0,21739.0,22707.0,7338500,KBS
2022-02-08 07:00:00,22475.0,22475.0,21119.0,21119.0,11735500,KBS
2022-02-09 07:00:00,19646.0,21894.0,19646.0,21390.0,16859500,KBS
2022-02-10 07:00:00,21700.0,22591.0,21390.0,22049.0,6959200,KBS
2022-02-11 07:00:00,21622.0,21894.0,20692.0,20809.0,8061300,KBS
2022-02-14 07:00:00,20111.0,21390.0,19879.0,20344.0,10164200,KBS
2022-02-15 07:00:00,20382.0,21390.0,20382.0,21157.0,6996600,KBS
2022-02-16 07:00:00,21777.0,22630.0,21312.0,22630.0,11386900,KBS
2022-02-17 07:00:00,23017.0,23986.0,22630.0,22630.0,14225100,KBS
2022-02-18 07:00:00,22165.0,24180.0,22165.0,24180.0,10754600,KBS
2022-02-21 07:00:00,25110.0,25846.0,24877.0,25846.0,14288600,KBS
2022-02-22 07:00:00,25149.0,26737.0,24722.0,26117.0,23262800,KBS
2022-02-23 07:00:00,26350.0,27706.0,25652.0,27164.0,10747100,KBS
2022-02-24 07:00:00,27047.0,27512.0,25265.0,25962.0,13635700,KBS
2022-02-25 07:00:00,26737.0,26737.0,25420.0,25497.0,9656900,KBS
2022-02-28 07:00:00,25497.0,26156.0,24955.0,24955.0,8462200,KBS
2022-03-01 07:00:00,24800.0,26272.0,24800.0,25885.0,9173200,KBS
2022-03-02 07:00:00,25962.0,26350.0,25265.0,25497.0,7197200,KBS
2022-03-03 07:00:00,25575.0,25846.0,24994.0,25304.0,8485600,KBS
2022-03-04 07:00:00,25420.0,26582.0,25381.0,25962.0,10417100,KBS
2022-03-07 07:00:00,25962.0,26621.0,25497.0,25769.0,8824400,KBS
2022-03-08 07:00:00,25497.0,25691.0,24025.0,24102.0,11866900,KBS
2022-03-09 07:00:00,24412.0,24606.0,22824.0,23482.0,10461500,KBS
2022-03-10 07:00:00,24102.0,24412.0,23870.0,23909.0,4572600,KBS
2022-03-11 07:00:00,23870.0,23909.0,22901.0,23056.0,7587200,KBS
2022-03-14 07:00:00,22940.0,23366.0,22126.0,22475.0,7034300,KBS
2022-03-15 07:00:00,22669.0,23637.0,22669.0,23599.0,4809600,KBS
2022-03-16 07:00:00,24141.0,24412.0,23637.0,23792.0,4461300,KBS
2022-03-17 07:00:00,24102.0,24180.0,23676.0,23676.0,3874700,KBS
2022-03-18 07:00:00,23676.0,24412.0,23482.0,23909.0,5085000,KBS
2022-03-21 07:00:00,24025.0,24955.0,24025.0,24761.0,11584600,KBS
2022-03-22 07:00:00,25187.0,26466.0,25110.0,26466.0,16822300,KBS
2022-03-23 07:00:00,26892.0,27086.0,26001.0,26117.0,10027800,KBS
2022-03-24 07:00:00,26079.0,26505.0,25885.0,26040.0,9384100,KBS
2022-03-25 07:00:00,25575.0,26311.0,25187.0,25459.0,13260300,KBS
2022-03-28 07:00:00,24025.0,24839.0,23715.0,23870.0,14815800,KBS
2022-03-29 07:00:00,24180.0,25420.0,23947.0,25032.0,7414700,KBS
2022-03-30 07:00:00,24800.0,25032.0,23289.0,23444.0,14175700,KBS
2022-03-31 07:00:00,24025.0,24102.0,23560.0,23715.0,6202500,KBS
2022-04-01 07:00:00,23637.0,25187.0,23327.0,25187.0,8112700,KBS
2022-04-04 07:00:00,25187.0,25187.0,24219.0,24451.0,7143600,KBS
2022-04-05 07:00:00,23870.0,24800.0,23870.0,24451.0,5531400,KBS
2022-04-06 07:00:00,24335.0,25536.0,24064.0,24800.0,9821300,KBS
2022-04-07 07:00:00,25110.0,25110.0,24180.0,24412.0,3814300,KBS
2022-04-08 07:00:00,24412.0,24684.0,23676.0,23715.0,3289900,KBS
2022-04-12 07:00:00,23715.0,23947.0,22087.0,22087.0,6816300,KBS
2022-04-13 07:00:00,22126.0,22475.0,20809.0,22475.0,7036100,KBS
2022-04-14 07:00:00,22475.0,22630.0,21777.0,22475.0,3006000,KBS
2022-04-15 07:00:00,22359.0,23482.0,22087.0,22940.0,5564200,KBS
2022-04-18 07:00:00,22707.0,22707.0,21351.0,21777.0,5069200,KBS
2022-04-19 07:00:00,22087.0,22204.0,20266.0,20266.0,6221700,KBS
2022-04-20 07:00:00,20189.0,20692.0,18871.0,18871.0,9482300,KBS
2022-04-21 07:00:00,17554.0,17902.0,17554.0,17554.0,11807300,KBS
2022-04-22 07:00:00,18522.0,18522.0,16352.0,18522.0,11020400,KBS
2022-04-25 07:00:00,18135.0,18600.0,17244.0,17244.0,3690000,KBS
2022-04-26 07:00:00,16042.0,17902.0,16042.0,17825.0,9989800,KBS
2022-04-27 07:00:00,17282.0,17941.0,16856.0,17747.0,4366700,KBS
2022-04-28 07:00:00,17786.0,18445.0,17631.0,17902.0,5128200,KBS
2022-04-29 07:00:00,17825.0,18522.0,17747.0,18290.0,4557200,KBS
2022-05-04 07:00:00,18096.0,18445.0,17437.0,17437.0,3543800,KBS
2022-05-05 07:00:00,17786.0,17825.0,16352.0,17050.0,3918800,KBS
2022-05-06 07:00:00,16469.0,16934.0,15965.0,15965.0,4644500,KBS
2022-05-09 07:00:00,15732.0,15810.0,14880.0,14880.0,4356300,KBS
2022-05-10 07:00:00,13950.0,14996.0,13950.0,14880.0,5951600,KBS
2022-05-11 07:00:00,15035.0,15887.0,14880.0,15887.0,4101300,KBS
2022-05-12 07:00:00,16004.0,16624.0,14880.0,15267.0,6018600,KBS
2022-05-13 07:00:00,15500.0,15616.0,14221.0,14260.0,8234900,KBS
2022-05-16 07:00:00,14996.0,15229.0,14337.0,14492.0,3816900,KBS
2022-05-17 07:00:00,14415.0,15500.0,14337.0,15500.0,4519600,KBS
2022-05-18 07:00:00,15732.0,16197.0,15500.0,15500.0,4271900,KBS
2022-05-19 07:00:00,15035.0,15655.0,14880.0,15074.0,4454900,KBS
2022-05-20 07:00:00,15151.0,16120.0,15151.0,16120.0,8172100,KBS
2022-05-23 07:00:00,16391.0,17244.0,15887.0,16120.0,9542800,KBS
2022-05-24 07:00:00,16275.0,16972.0,15849.0,16972.0,4605400,KBS
2022-05-25 07:00:00,17050.0,17825.0,16779.0,17554.0,7047400,KBS
2022-05-26 07:00:00,17515.0,17592.0,17011.0,17011.0,6669700,KBS
2022-05-27 07:00:00,17050.0,17476.0,16972.0,17011.0,5662100,KBS
2022-05-30 07:00:00,17205.0,17321.0,16701.0,16934.0,4202800,KBS
2022-05-31 07:00:00,16934.0,17747.0,16701.0,17205.0,5632800,KBS
2022-06-01 07:00:00,17282.0,17709.0,17166.0,17282.0,3949400,KBS
2022-06-02 07:00:00,17321.0,17515.0,16624.0,16740.0,4005500,KBS
2022-06-03 07:00:00,16662.0,16817.0,15887.0,16391.0,5116100,KBS
2022-06-06 07:00:00,16391.0,16507.0,15345.0,15500.0,6218000,KBS
2022-06-07 07:00:00,15500.0,16120.0,14647.0,16120.0,6212700,KBS
2022-06-08 07:00:00,15926.0,16740.0,15926.0,16507.0,4259400,KBS
2022-06-09 07:00:00,16507.0,16740.0,16120.0,16197.0,3401700,KBS
2022-06-10 07:00:00,15887.0,16391.0,15500.0,15500.0,3984200,KBS
2022-06-13 07:00:00,14880.0,15190.0,14415.0,14415.0,5725400,KBS
2022-06-14 07:00:00,14105.0,14725.0,13950.0,14260.0,3631600,KBS
2022-06-15 07:00:00,14260.0,14570.0,13291.0,13562.0,4838800,KBS
2022-06-16 07:00:00,13795.0,14027.0,13562.0,13834.0,2750200,KBS
2022-06-17 07:00:00,13562.0,13562.0,12904.0,12904.0,3728500,KBS
2022-06-20 07:00:00,13136.0,13369.0,12012.0,12012.0,3751300,KBS
2022-06-21 07:00:00,11780.0,12167.0,11199.0,11547.0,5332900,KBS
2022-06-22 07:00:00,12206.0,12322.0,11935.0,12322.0,3140900,KBS
2022-06-23 07:00:00,12632.0,13059.0,12361.0,13059.0,2987100,KBS
2022-06-24 07:00:00,13136.0,13679.0,12826.0,13059.0,4061600,KBS
2022-06-27 07:00:00,13097.0,13446.0,12865.0,13330.0,2962500,KBS
2022-06-28 07:00:00,13330.0,13872.0,13330.0,13407.0,3291000,KBS
2022-06-29 07:00:00,13252.0,13562.0,13020.0,13097.0,2651500,KBS
2022-06-30 07:00:00,13175.0,13252.0,12284.0,12284.0,3638100,KBS
2022-07-01 07:00:00,12167.0,12749.0,11819.0,12594.0,3541300,KBS
2022-07-04 07:00:00,12865.0,13059.0,12671.0,12671.0,2358500,KBS
2022-07-05 07:00:00,12787.0,13059.0,12632.0,12865.0,2660300,KBS
2022-07-06 07:00:00,12594.0,13291.0,12400.0,12787.0,3062800,KBS
2022-07-07 07:00:00,12981.0,13175.0,12787.0,13136.0,2126300,KBS
2022-07-08 07:00:00,13485.0,14027.0,13369.0,14027.0,6121100,KBS
2022-07-11 07:00:00,14337.0,14686.0,14027.0,14144.0,6308400,KBS
2022-07-12 07:00:00,14144.0,14880.0,14105.0,14764.0,3650600,KBS
2022-07-13 07:00:00,14686.0,14919.0,14337.0,14376.0,5078500,KBS
2022-07-14 07:00:00,14182.0,15074.0,14182.0,14841.0,4486200,KBS
2022-07-15 07:00:00,14957.0,15655.0,14802.0,15112.0,7004300,KBS
2022-07-18 07:00:00,15384.0,15771.0,15112.0,15190.0,4110400,KBS
2022-07-19 07:00:00,14957.0,15267.0,14609.0,14841.0,6120900,KBS
2022-07-20 07:00:00,15112.0,15655.0,15112.0,15190.0,4776700,KBS
2022-07-21 07:00:00,15112.0,15500.0,15074.0,15074.0,3081200,KBS
2022-07-22 07:00:00,15074.0,15384.0,14996.0,15035.0,3025300,KBS
2022-07-25 07:00:00,14996.0,15035.0,14686.0,14802.0,2669500,KBS
2022-07-26 07:00:00,14880.0,14996.0,14686.0,14802.0,3136900,KBS
2022-07-27 07:00:00,14764.0,15306.0,14570.0,15306.0,5764900,KBS
2022-07-28 07:00:00,15577.0,16004.0,15500.0,15616.0,7274500,KBS
2022-07-29 07:00:00,15655.0,15926.0,15422.0,15500.0,3537900,KBS
2022-08-01 07:00:00,15539.0,16197.0,15539.0,16120.0,6310100,KBS
2022-08-02 07:00:00,16197.0,16352.0,15887.0,15926.0,6764700,KBS
2022-08-03 07:00:00,15887.0,16469.0,15694.0,16352.0,7025600,KBS
2022-08-04 07:00:00,16469.0,16624.0,16081.0,16120.0,7577000,KBS
2022-08-05 07:00:00,16120.0,16624.0,16081.0,16507.0,7133400,KBS
2022-08-08 07:00:00,16507.0,16740.0,16391.0,16469.0,6246500,KBS
2022-08-09 07:00:00,16662.0,16662.0,16236.0,16352.0,4683500,KBS
2022-08-10 07:00:00,16352.0,17476.0,16275.0,17476.0,7985800,KBS
2022-08-11 07:00:00,18677.0,18677.0,17554.0,17864.0,16522600,KBS
2022-08-12 07:00:00,17864.0,18522.0,17864.0,18212.0,6986300,KBS
2022-08-15 07:00:00,18212.0,18832.0,18096.0,18367.0,6448500,KBS
2022-08-16 07:00:00,18329.0,19646.0,18251.0,19646.0,12329200,KBS
2022-08-17 07:00:00,19995.0,20770.0,18910.0,19375.0,16183700,KBS
2022-08-18 07:00:00,19259.0,19530.0,18871.0,18987.0,6258000,KBS
2022-08-19 07:00:00,19142.0,19724.0,18949.0,19297.0,7583400,KBS
2022-08-22 07:00:00,19414.0,19762.0,18949.0,19065.0,7668600,KBS
2022-08-23 07:00:00,18987.0,19259.0,18639.0,19259.0,7339800,KBS
2022-08-24 07:00:00,19375.0,19646.0,19220.0,19530.0,8083000,KBS
2022-08-25 07:00:00,19607.0,19685.0,19375.0,19375.0,6740800,KBS
2022-08-26 07:00:00,19414.0,19724.0,18755.0,18832.0,7886500,KBS
2022-08-29 07:00:00,18367.0,18522.0,17515.0,18212.0,11410800,KBS
2022-08-30 07:00:00,18290.0,18522.0,17670.0,17670.0,5536700,KBS
2022-08-31 07:00:00,17670.0,18445.0,17592.0,18445.0,6001900,KBS
2022-09-05 07:00:00,18561.0,18949.0,18367.0,18406.0,3678700,KBS
2022-09-06 07:00:00,18561.0,18794.0,18290.0,18367.0,3660400,KBS
2022-09-07 07:00:00,18290.0,18329.0,17089.0,17089.0,6948200,KBS
2022-09-08 07:00:00,17321.0,17476.0,16314.0,16624.0,5850000,KBS
2022-09-09 07:00:00,16662.0,17747.0,16197.0,17554.0,8470900,KBS
2022-09-12 07:00:00,17670.0,17786.0,17089.0,17089.0,3390600,KBS
2022-09-13 07:00:00,17050.0,17205.0,16701.0,17127.0,3626600,KBS
2022-09-14 07:00:00,16662.0,17670.0,16585.0,17476.0,6936000,KBS
2022-09-15 07:00:00,17747.0,18212.0,17437.0,17941.0,6086000,KBS
2022-09-16 07:00:00,17825.0,18212.0,17166.0,17205.0,6658800,KBS
2022-09-19 07:00:00,17205.0,17399.0,16004.0,16004.0,8124200,KBS
2022-09-20 07:00:00,16275.0,16507.0,15926.0,16430.0,4675100,KBS
2022-09-21 07:00:00,16546.0,17011.0,16352.0,16662.0,5547500,KBS
2022-09-22 07:00:00,16662.0,17321.0,16662.0,17127.0,6958600,KBS
2022-09-23 07:00:00,17127.0,17554.0,16740.0,16817.0,6247900,KBS
2022-09-26 07:00:00,16275.0,16585.0,15655.0,15732.0,12181300,KBS
2022-09-27 07:00:00,15771.0,15965.0,15112.0,15112.0,4569700,KBS
2022-09-28 07:00:00,14996.0,15732.0,14996.0,15422.0,6526600,KBS
2022-09-29 07:00:00,15849.0,16004.0,15151.0,15190.0,5472800,KBS
2022-09-30 07:00:00,14919.0,15190.0,14144.0,14996.0,6477800,KBS
2022-10-03 07:00:00,14764.0,14919.0,13950.0,13950.0,3893800,KBS
2022-10-04 07:00:00,14337.0,14337.0,13252.0,13330.0,6231000,KBS
2022-10-05 07:00:00,13795.0,14260.0,13679.0,14260.0,4528400,KBS
2022-10-06 07:00:00,14531.0,14880.0,13950.0,14299.0,11660500,KBS
2022-10-07 07:00:00,13911.0,14182.0,13330.0,13950.0,5305300,KBS
2022-10-10 07:00:00,13524.0,14066.0,13369.0,14066.0,4313600,KBS
2022-10-11 07:00:00,14027.0,14027.0,13097.0,13097.0,5149800,KBS
2022-10-12 07:00:00,12865.0,13756.0,12787.0,13369.0,3586900,KBS
2022-10-13 07:00:00,13330.0,13834.0,12904.0,13097.0,4134100,KBS
2022-10-14 07:00:00,13407.0,13679.0,13291.0,13485.0,3077800,KBS
2022-10-17 07:00:00,13446.0,13446.0,13020.0,13252.0,2129100,KBS
2022-10-18 07:00:00,13562.0,14144.0,13446.0,14144.0,4393300,KBS
2022-10-19 07:00:00,14376.0,14570.0,13795.0,14027.0,3592900,KBS
2022-10-20 07:00:00,13834.0,14027.0,13485.0,13640.0,3138800,KBS
2022-10-21 07:00:00,13640.0,13679.0,12710.0,12710.0,6325700,KBS
2022-10-24 07:00:00,12632.0,12865.0,11857.0,11857.0,5551100,KBS
2022-10-25 07:00:00,11857.0,12400.0,11044.0,11857.0,6377000,KBS
2022-10-26 07:00:00,11935.0,12167.0,11315.0,11625.0,2667600,KBS
2022-10-27 07:00:00,11780.0,12400.0,11625.0,12245.0,3630800,KBS
2022-10-28 07:00:00,12400.0,12749.0,12012.0,12090.0,3189700,KBS
2022-10-31 07:00:00,12090.0,12245.0,11354.0,11780.0,3299300,KBS
2022-11-01 07:00:00,12051.0,12400.0,11935.0,12245.0,3057600,KBS
2022-11-02 07:00:00,12361.0,12671.0,12245.0,12361.0,3201000,KBS
2022-11-03 07:00:00,12245.0,12981.0,12129.0,12594.0,3981200,KBS
2022-11-04 07:00:00,12671.0,12671.0,11741.0,11741.0,5309900,KBS
2022-11-07 07:00:00,11470.0,11780.0,10927.0,10927.0,4088400,KBS
2022-11-08 07:00:00,10191.0,11237.0,10191.0,11237.0,7885000,KBS
2022-11-09 07:00:00,11237.0,11625.0,10850.0,11044.0,2713800,KBS
2022-11-10 07:00:00,10811.0,10889.0,10307.0,10307.0,2732500,KBS
2022-11-11 07:00:00,10462.0,10579.0,9610.0,9610.0,7840300,KBS
2022-11-14 07:00:00,9067.0,9261.0,8951.0,8951.0,4582300,KBS
2022-11-15 07:00:00,8331.0,8370.0,8331.0,8331.0,1592600,KBS
2022-11-16 07:00:00,7750.0,8912.0,7750.0,8912.0,8141600,KBS
2022-11-17 07:00:00,9106.0,9377.0,8757.0,8757.0,3665000,KBS
2022-11-18 07:00:00,8525.0,9339.0,8447.0,9339.0,5151900,KBS
2022-11-21 07:00:00,9687.0,9959.0,9339.0,9959.0,4830700,KBS
2022-11-22 07:00:00,10036.0,10617.0,9765.0,9920.0,7360400,KBS
2022-11-23 07:00:00,9765.0,10075.0,9261.0,9261.0,3999000,KBS
2022-11-24 07:00:00,8912.0,9455.0,8835.0,9261.0,2892600,KBS
2022-11-25 07:00:00,9532.0,9881.0,9377.0,9881.0,4076400,KBS
2022-11-28 07:00:00,10191.0,10540.0,10191.0,10540.0,5752400,KBS
2022-11-29 07:00:00,10850.0,11121.0,10152.0,11005.0,7267900,KBS
2022-11-30 07:00:00,11276.0,11354.0,10695.0,11121.0,5581100,KBS
2022-12-01 07:00:00,11354.0,11896.0,11237.0,11237.0,11107900,KBS
2022-12-02 07:00:00,11082.0,12012.0,10695.0,12012.0,6938800,KBS
2022-12-05 07:00:00,12400.0,12400.0,11702.0,11819.0,9352400,KBS
2022-12-06 07:00:00,11586.0,11780.0,11005.0,11005.0,8948300,KBS
2022-12-07 07:00:00,10695.0,10966.0,10269.0,10269.0,6792400,KBS
2022-12-08 07:00:00,10501.0,10966.0,10462.0,10772.0,4934200,KBS
2022-12-09 07:00:00,10850.0,11392.0,10501.0,11082.0,5167200,KBS
2022-12-12 07:00:00,11237.0,11625.0,10462.0,10695.0,7228500,KBS
2022-12-13 07:00:00,10695.0,11160.0,10579.0,11160.0,3876100,KBS
2022-12-14 07:00:00,11470.0,11547.0,11160.0,11199.0,4218000,KBS
2022-12-15 07:00:00,11354.0,11470.0,11160.0,11315.0,3728300,KBS
2022-12-16 07:00:00,11044.0,11935.0,11044.0,11625.0,7377600,KBS
2022-12-19 07:00:00,11625.0,12012.0,11160.0,11160.0,5858800,KBS
2022-12-20 07:00:00,11160.0,11237.0,10385.0,10385.0,8345700,KBS
2022-12-21 07:00:00,10695.0,10695.0,9687.0,9920.0,4687200,KBS
2022-12-22 07:00:00,10307.0,10307.0,9765.0,10307.0,2433600,KBS
2022-12-23 07:00:00,10307.0,10385.0,10036.0,10075.0,2026400,KBS
2022-12-26 07:00:00,10152.0,10269.0,9455.0,9455.0,4208500,KBS
2022-12-27 07:00:00,9726.0,9997.0,9494.0,9959.0,3156600,KBS
2022-12-28 07:00:00,10152.0,10307.0,9842.0,10075.0,2234000,KBS
2022-12-29 07:00:00,9959.0,10307.0,9920.0,10075.0,2330300,KBS
2022-12-30 07:00:00,10114.0,10152.0,9997.0,9997.0,1461900,KBS
2023-01-03 07:00:00,10036.0,10695.0,10036.0,10695.0,4711700,KBS
2023-01-04 07:00:00,10966.0,11121.0,10656.0,10734.0,3753800,KBS
2023-01-05 07:00:00,10772.0,10850.0,10501.0,10772.0,2689300,KBS
2023-01-06 07:00:00,10772.0,10927.0,10424.0,10424.0,3104800,KBS
2023-01-09 07:00:00,10540.0,10811.0,10501.0,10579.0,2215300,KBS
2023-01-10 07:00:00,10734.0,11044.0,10346.0,10850.0,3368600,KBS
2023-01-11 07:00:00,11005.0,11121.0,10772.0,10850.0,3309400,KBS
2023-01-12 07:00:00,10927.0,10927.0,10617.0,10695.0,1964900,KBS
2023-01-13 07:00:00,10850.0,11005.0,10617.0,10617.0,2854900,KBS
2023-01-16 07:00:00,10695.0,10811.0,10540.0,10772.0,1779500,KBS
2023-01-17 07:00:00,10772.0,11470.0,10772.0,11315.0,5623900,KBS
2023-01-18 07:00:00,11470.0,11625.0,11276.0,11470.0,3921400,KBS
2023-01-19 07:00:00,11354.0,11509.0,11237.0,11354.0,3282800,KBS
2023-01-27 07:00:00,11509.0,11780.0,11315.0,11470.0,4322700,KBS
2023-01-30 07:00:00,11547.0,12129.0,11354.0,11819.0,6584500,KBS
2023-01-31 07:00:00,11819.0,11896.0,11509.0,11896.0,3902500,KBS
2023-02-01 07:00:00,11935.0,12012.0,11082.0,11082.0,7425300,KBS
2023-02-02 07:00:00,11082.0,11237.0,10385.0,10734.0,5407700,KBS
2023-02-03 07:00:00,10927.0,11160.0,10734.0,10811.0,2461400,KBS
2023-02-06 07:00:00,10811.0,11005.0,10656.0,10772.0,1408000,KBS
2023-02-07 07:00:00,10889.0,10927.0,10424.0,10462.0,2434000,KBS
2023-02-08 07:00:00,10656.0,10811.0,10346.0,10734.0,2758900,KBS
2023-02-09 07:00:00,10734.0,10772.0,10579.0,10656.0,1175000,KBS
2023-02-10 07:00:00,10617.0,10656.0,10385.0,10385.0,1749000,KBS
2023-02-13 07:00:00,10230.0,10230.0,9726.0,9765.0,4377800,KBS
2023-02-14 07:00:00,9959.0,10036.0,9765.0,9804.0,1754900,KBS
2023-02-15 07:00:00,9804.0,10346.0,9804.0,10152.0,1786000,KBS
2023-02-16 07:00:00,10385.0,10385.0,10191.0,10385.0,1471100,KBS
2023-02-17 07:00:00,10385.0,10656.0,10346.0,10462.0,2105000,KBS
2023-02-20 07:00:00,10501.0,11082.0,10501.0,11082.0,3525600,KBS
2023-02-21 07:00:00,11237.0,11276.0,10966.0,11005.0,3667800,KBS
2023-02-22 07:00:00,10811.0,10966.0,10462.0,10462.0,3662300,KBS
2023-02-23 07:00:00,10462.0,10579.0,10075.0,10462.0,2814100,KBS
2023-02-24 07:00:00,10579.0,10579.0,10191.0,10191.0,1366400,KBS
2023-02-27 07:00:00,10075.0,10424.0,9959.0,10036.0,1975400,KBS
2023-02-28 07:00:00,10385.0,10385.0,9997.0,10036.0,1292800,KBS
2023-03-01 07:00:00,9997.0,10385.0,9842.0,10385.0,2296800,KBS
2023-03-02 07:00:00,10385.0,10579.0,10230.0,10269.0,1178600,KBS
2023-03-03 07:00:00,10307.0,10424.0,10075.0,10075.0,1948900,KBS
2023-03-06 07:00:00,10385.0,10540.0,10230.0,10269.0,1961500,KBS
2023-03-07 07:00:00,10346.0,10424.0,10230.0,10307.0,1419200,KBS
2023-03-08 07:00:00,10269.0,10501.0,10152.0,10462.0,1997400,KBS
2023-03-09 07:00:00,10579.0,10772.0,10501.0,10695.0,3698000,KBS
2023-03-10 07:00:00,10501.0,10695.0,10462.0,10462.0,2017500,KBS
2023-03-13 07:00:00,10424.0,10927.0,10385.0,10734.0,4319700,KBS
2023-03-14 07:00:00,10734.0,10772.0,10424.0,10579.0,2354700,KBS
2023-03-15 07:00:00,10850.0,11276.0,10811.0,11160.0,6309500,KBS
2023-03-16 07:00:00,11005.0,11082.0,10811.0,10850.0,2937200,KBS
2023-03-17 07:00:00,11082.0,11121.0,10889.0,10927.0,2947900,KBS
2023-03-20 07:00:00,10966.0,11547.0,10966.0,11082.0,9067900,KBS
2023-03-21 07:00:00,11237.0,11276.0,11005.0,11121.0,3277200,KBS
2023-03-22 07:00:00,11276.0,11431.0,10927.0,11005.0,4891100,KBS
2023-03-23 07:00:00,10966.0,11199.0,10927.0,11199.0,2521900,KBS
2023-03-24 07:00:00,11276.0,11392.0,11199.0,11237.0,3106500,KBS
2023-03-27 07:00:00,11276.0,11431.0,11199.0,11392.0,3509200,KBS
2023-03-28 07:00:00,11431.0,11586.0,11315.0,11354.0,4341000,KBS
2023-03-29 07:00:00,11315.0,11896.0,11237.0,11625.0,5759900,KBS
2023-03-30 07:00:00,11702.0,11780.0,11470.0,11470.0,3780800,KBS
2023-03-31 07:00:00,11470.0,11547.0,11237.0,11315.0,4061500,KBS
2023-04-03 07:00:00,11586.0,11857.0,11470.0,11741.0,5746200,KBS
2023-04-04 07:00:00,11974.0,12206.0,11896.0,12012.0,6651100,KBS
2023-04-05 07:00:00,12012.0,12206.0,11857.0,12167.0,5473200,KBS
2023-04-06 07:00:00,12245.0,12555.0,11819.0,11819.0,7970900,KBS
2023-04-07 07:00:00,11857.0,11935.0,11625.0,11896.0,5063500,KBS
2023-04-10 07:00:00,12012.0,12129.0,11625.0,11664.0,8504800,KBS
2023-04-11 07:00:00,11586.0,11780.0,11431.0,11780.0,5284200,KBS
2023-04-12 07:00:00,11857.0,11896.0,11625.0,11625.0,5605900,KBS
2023-04-13 07:00:00,11702.0,12167.0,11625.0,11935.0,11107100,KBS
2023-04-14 07:00:00,12167.0,12167.0,11547.0,11547.0,5968600,KBS
2023-04-17 07:00:00,11547.0,11625.0,11237.0,11392.0,5048100,KBS
2023-04-18 07:00:00,11431.0,11702.0,11276.0,11547.0,3416500,KBS
2023-04-19 07:00:00,11586.0,11664.0,11276.0,11276.0,2901700,KBS
2023-04-20 07:00:00,11276.0,11392.0,11237.0,11237.0,1985900,KBS
2023-04-21 07:00:00,11237.0,11354.0,11082.0,11082.0,4761700,KBS
2023-04-24 07:00:00,11121.0,11237.0,11005.0,11082.0,2790200,KBS
2023-04-25 07:00:00,11121.0,11276.0,11005.0,11005.0,2536900,KBS
2023-04-26 07:00:00,11005.0,11121.0,10695.0,10966.0,4922800,KBS
2023-04-27 07:00:00,11044.0,11199.0,11005.0,11005.0,3622000,KBS
2023-04-28 07:00:00,11082.0,11315.0,11082.0,11199.0,5583800,KBS
2023-05-04 07:00:00,11160.0,11392.0,11121.0,11276.0,3796100,KBS
2023-05-05 07:00:00,11276.0,11315.0,11044.0,11082.0,3822200,KBS
2023-05-08 07:00:00,11199.0,11315.0,11082.0,11315.0,4234300,KBS
2023-05-09 07:00:00,11315.0,11470.0,11237.0,11354.0,2862700,KBS
2023-05-10 07:00:00,11354.0,11741.0,11354.0,11702.0,6638800,KBS
2023-05-11 07:00:00,11741.0,11935.0,11664.0,11741.0,6465300,KBS
2023-05-12 07:00:00,11741.0,11819.0,11625.0,11702.0,4719100,KBS
2023-05-15 07:00:00,11741.0,12129.0,11625.0,11741.0,6234100,KBS
2023-05-16 07:00:00,11857.0,11857.0,11586.0,11625.0,4318000,KBS
2023-05-17 07:00:00,11625.0,11857.0,11431.0,11431.0,5359900,KBS
2023-05-18 07:00:00,11509.0,11586.0,11392.0,11431.0,3200600,KBS
2023-05-19 07:00:00,11509.0,11857.0,11431.0,11664.0,4493900,KBS
2023-05-22 07:00:00,11819.0,12477.0,11702.0,12477.0,21487500,KBS
2023-05-23 07:00:00,12671.0,12749.0,12322.0,12594.0,9529100,KBS
2023-05-24 07:00:00,12710.0,13369.0,12439.0,12904.0,15178200,KBS
2023-05-25 07:00:00,12942.0,13330.0,12865.0,12981.0,11291000,KBS
2023-05-26 07:00:00,12981.0,13717.0,12981.0,13407.0,12991600,KBS
2023-05-29 07:00:00,13524.0,13679.0,13330.0,13601.0,9287400,KBS
2023-05-30 07:00:00,13717.0,13717.0,13175.0,13601.0,11685900,KBS
2023-05-31 07:00:00,13640.0,14066.0,13562.0,13640.0,7617800,KBS
2023-06-01 07:00:00,13679.0,13679.0,13330.0,13562.0,8442200,KBS
2023-06-02 07:00:00,13679.0,14182.0,13485.0,14105.0,11071600,KBS
2023-06-05 07:00:00,14260.0,14376.0,13795.0,13795.0,6055800,KBS
2023-06-06 07:00:00,13795.0,14066.0,13640.0,13950.0,5834500,KBS
2023-06-07 07:00:00,14105.0,14221.0,13872.0,14105.0,7104200,KBS
2023-06-08 07:00:00,14105.0,14570.0,13601.0,13601.0,13404300,KBS
2023-06-09 07:00:00,13717.0,13756.0,13214.0,13640.0,8798100,KBS
2023-06-12 07:00:00,13640.0,13795.0,13175.0,13407.0,9311500,KBS
2023-06-13 07:00:00,13407.0,13756.0,13252.0,13601.0,11004600,KBS
2023-06-14 07:00:00,13601.0,13679.0,13175.0,13214.0,9368200,KBS
2023-06-15 07:00:00,13214.0,13679.0,13136.0,13485.0,13307000,KBS
2023-06-16 07:00:00,13679.0,13872.0,13446.0,13524.0,13840700,KBS
2023-06-19 07:00:00,13524.0,13640.0,13369.0,13407.0,8791100,KBS
2023-06-20 07:00:00,13252.0,14337.0,13252.0,14337.0,24098300,KBS
2023-06-21 07:00:00,14415.0,14647.0,14221.0,14570.0,12564000,KBS
2023-06-22 07:00:00,14647.0,15035.0,14415.0,14764.0,15768100,KBS
2023-06-23 07:00:00,14880.0,14880.0,14415.0,14609.0,14689000,KBS
2023-06-26 07:00:00,14725.0,14880.0,14066.0,14725.0,14200000,KBS
2023-06-27 07:00:00,14802.0,14996.0,14570.0,14647.0,7508300,KBS
2023-06-28 07:00:00,14725.0,14725.0,14221.0,14260.0,17667000,KBS
2023-06-29 07:00:00,14260.0,14570.0,14027.0,14144.0,12724900,KBS
2023-06-30 07:00:00,14105.0,14299.0,14066.0,14105.0,6320100,KBS
2023-07-03 07:00:00,14260.0,14415.0,14105.0,14337.0,7876700,KBS
2023-07-04 07:00:00,14415.0,14570.0,14337.0,14570.0,8576900,KBS
2023-07-05 07:00:00,14725.0,14802.0,14376.0,14376.0,10797700,KBS
2023-07-06 07:00:00,14337.0,14454.0,13640.0,13795.0,15591900,KBS
2023-07-07 07:00:00,13795.0,14105.0,13640.0,14066.0,9975700,KBS
2023-07-10 07:00:00,14182.0,14454.0,14144.0,14221.0,8741900,KBS
2023-07-11 07:00:00,14221.0,14647.0,14221.0,14337.0,12038700,KBS
2023-07-12 07:00:00,14454.0,14531.0,14182.0,14415.0,6825300,KBS
2023-07-13 07:00:00,14454.0,14957.0,14454.0,14609.0,16054700,KBS
2023-07-14 07:00:00,14996.0,15384.0,14957.0,15229.0,19605200,KBS
2023-07-17 07:00:00,15461.0,15461.0,15035.0,15112.0,11818400,KBS
2023-07-18 07:00:00,15035.0,15151.0,14841.0,14919.0,10700100,KBS
2023-07-19 07:00:00,15074.0,15345.0,14957.0,14957.0,11829300,KBS
2023-07-20 07:00:00,15035.0,15112.0,14802.0,15112.0,9978300,KBS
2023-07-21 07:00:00,15112.0,15810.0,15112.0,15655.0,18389600,KBS
2023-07-24 07:00:00,15771.0,16004.0,15616.0,15694.0,14575400,KBS
2023-07-25 07:00:00,15810.0,15810.0,15306.0,15461.0,15073600,KBS
2023-07-26 07:00:00,15422.0,15732.0,15345.0,15577.0,9905800,KBS
2023-07-27 07:00:00,15771.0,16197.0,15461.0,15965.0,16823500,KBS
2023-07-28 07:00:00,16042.0,16159.0,15190.0,15849.0,11481500,KBS
2023-07-31 07:00:00,15849.0,16507.0,15616.0,16042.0,14202700,KBS
2023-08-01 07:00:00,16081.0,16469.0,15732.0,16042.0,18192800,KBS
2023-08-02 07:00:00,16197.0,16972.0,16120.0,16817.0,17836700,KBS
2023-08-03 07:00:00,16817.0,16895.0,16430.0,16430.0,11584800,KBS
2023-08-04 07:00:00,16585.0,16895.0,16430.0,16701.0,12202600,KBS
2023-08-07 07:00:00,16856.0,17360.0,16817.0,16934.0,14068800,KBS
2023-08-08 07:00:00,17127.0,17127.0,16507.0,16507.0,12896900,KBS
2023-08-09 07:00:00,16352.0,16585.0,16236.0,16275.0,10111200,KBS
2023-08-10 07:00:00,16314.0,16469.0,15926.0,15965.0,10744100,KBS
2023-08-11 07:00:00,16004.0,16236.0,15655.0,16236.0,9740500,KBS
2023-08-14 07:00:00,16430.0,17360.0,16391.0,17360.0,23971400,KBS
2023-08-15 07:00:00,17631.0,17631.0,17089.0,17205.0,9441500,KBS
2023-08-16 07:00:00,17166.0,17360.0,16972.0,17321.0,10231000,KBS
2023-08-17 07:00:00,17360.0,17747.0,17050.0,17050.0,12425700,KBS
2023-08-18 07:00:00,16817.0,16972.0,15887.0,15887.0,18893300,KBS
2023-08-21 07:00:00,15810.0,15887.0,15229.0,15500.0,9273800,KBS
2023-08-22 07:00:00,15655.0,15849.0,14764.0,15810.0,9959600,KBS
2023-08-23 07:00:00,15965.0,16004.0,15461.0,15461.0,5992300,KBS
2023-08-24 07:00:00,15577.0,16197.0,15384.0,15965.0,9188500,KBS
2023-08-25 07:00:00,15965.0,16275.0,15887.0,16042.0,8624000,KBS
2023-08-28 07:00:00,16430.0,16740.0,16314.0,16469.0,9614900,KBS
2023-08-29 07:00:00,16624.0,16817.0,16352.0,16624.0,10315200,KBS
2023-08-30 07:00:00,16740.0,17631.0,16662.0,17244.0,18815300,KBS
2023-08-31 07:00:00,17282.0,17476.0,17205.0,17360.0,9681400,KBS
2023-09-05 07:00:00,17670.0,18135.0,17515.0,17747.0,13557900,KBS
2023-09-06 07:00:00,17747.0,18212.0,17437.0,18057.0,14763800,KBS
2023-09-07 07:00:00,18329.0,18367.0,17747.0,17825.0,13249400,KBS
2023-09-08 07:00:00,17747.0,18135.0,17670.0,18057.0,10408900,KBS
2023-09-11 07:00:00,18290.0,18406.0,17864.0,17864.0,15235900,KBS
2023-09-12 07:00:00,17864.0,18445.0,17709.0,18445.0,11074000,KBS
2023-09-13 07:00:00,18755.0,19065.0,18290.0,18600.0,17084600,KBS
2023-09-14 07:00:00,18522.0,18755.0,17980.0,17980.0,12271000,KBS
2023-09-15 07:00:00,18212.0,18367.0,17786.0,18057.0,9232900,KBS
2023-09-18 07:00:00,18019.0,18057.0,17554.0,17592.0,8873700,KBS
2023-09-19 07:00:00,17670.0,17902.0,16662.0,16895.0,19953400,KBS
2023-09-20 07:00:00,16972.0,17631.0,16817.0,17476.0,6728000,KBS
2023-09-21 07:00:00,17592.0,17941.0,17360.0,17360.0,10850800,KBS
2023-09-22 07:00:00,17011.0,17089.0,16236.0,16352.0,14121500,KBS
2023-09-25 07:00:00,16004.0,16624.0,15229.0,15229.0,10418000,KBS
2023-09-26 07:00:00,14764.0,15500.0,14415.0,14415.0,11065000,KBS
2023-09-27 07:00:00,14647.0,14957.0,13834.0,14957.0,11414900,KBS
2023-09-28 07:00:00,14919.0,14996.0,14337.0,14570.0,6478200,KBS
2023-09-29 07:00:00,14725.0,15190.0,14686.0,14957.0,7665600,KBS
2023-10-02 07:00:00,14957.0,15461.0,14957.0,15345.0,6153900,KBS
2023-10-03 07:00:00,15190.0,15190.0,14299.0,14299.0,11470300,KBS
2023-10-04 07:00:00,13950.0,14880.0,13911.0,14454.0,6608300,KBS
2023-10-05 07:00:00,14647.0,14686.0,13950.0,13950.0,8601600,KBS
2023-10-06 07:00:00,13989.0,14105.0,13330.0,13872.0,8070400,KBS
2023-10-09 07:00:00,14105.0,14260.0,13872.0,14221.0,5207600,KBS
2023-10-10 07:00:00,14415.0,14609.0,14337.0,14337.0,7317100,KBS
2023-10-11 07:00:00,14337.0,14570.0,14299.0,14570.0,6843700,KBS
2023-10-12 07:00:00,14802.0,14996.0,14415.0,14415.0,10773500,KBS
2023-10-13 07:00:00,13900.0,14375.0,13781.0,14256.0,9409700,KBS
2023-10-16 07:00:00,14177.0,14336.0,13742.0,13742.0,5785900,KBS
2023-10-17 07:00:00,13860.0,14019.0,12791.0,12791.0,12716300,KBS
2023-10-18 07:00:00,12752.0,12831.0,11920.0,11920.0,14421500,KBS
2023-10-19 07:00:00,11960.0,12474.0,11801.0,12039.0,8199700,KBS
2023-10-20 07:00:00,12118.0,12870.0,11920.0,12870.0,6921900,KBS
2023-10-23 07:00:00,12831.0,12989.0,12356.0,12356.0,5544000,KBS
2023-10-24 07:00:00,12435.0,12752.0,12158.0,12712.0,7796100,KBS
2023-10-25 07:00:00,12752.0,13029.0,12474.0,12514.0,6043500,KBS
2023-10-26 07:00:00,12276.0,12435.0,11643.0,11643.0,13072900,KBS
2023-10-27 07:00:00,11841.0,12118.0,11168.0,11960.0,6241100,KBS
2023-10-30 07:00:00,11880.0,12039.0,11247.0,11247.0,3726500,KBS
2023-10-31 07:00:00,11445.0,11643.0,11009.0,11009.0,7176000,KBS
2023-11-01 07:00:00,11286.0,11524.0,10890.0,11524.0,5061300,KBS
2023-11-02 07:00:00,11722.0,12316.0,11643.0,12316.0,9882400,KBS
2023-11-03 07:00:00,12672.0,13108.0,12435.0,12831.0,16114900,KBS
2023-11-06 07:00:00,12989.0,13029.0,12712.0,12950.0,9296700,KBS
2023-11-07 07:00:00,12791.0,13346.0,12672.0,12752.0,13629800,KBS
2023-11-08 07:00:00,12752.0,13623.0,12712.0,13623.0,12868100,KBS
2023-11-09 07:00:00,13781.0,14058.0,13464.0,13544.0,18882500,KBS
2023-11-10 07:00:00,13385.0,14058.0,13266.0,13425.0,13954400,KBS
2023-11-13 07:00:00,13425.0,13662.0,13108.0,13425.0,10287000,KBS
2023-11-14 07:00:00,13623.0,13821.0,13504.0,13544.0,9484600,KBS
2023-11-15 07:00:00,13940.0,13979.0,13425.0,13464.0,10112200,KBS
2023-11-16 07:00:00,13425.0,13781.0,13385.0,13781.0,6306800,KBS
2023-11-17 07:00:00,13860.0,14098.0,13425.0,13544.0,15132300,KBS
2023-11-20 07:00:00,13187.0,13623.0,13187.0,13425.0,6661500,KBS
2023-11-21 07:00:00,13662.0,13860.0,13504.0,13860.0,7346600,KBS
2023-11-22 07:00:00,13940.0,14256.0,13900.0,14098.0,14370600,KBS
2023-11-23 07:00:00,14256.0,14415.0,13306.0,13306.0,12004500,KBS
2023-11-24 07:00:00,13425.0,13544.0,12593.0,13385.0,11885100,KBS
2023-11-27 07:00:00,13464.0,13544.0,13068.0,13068.0,3495600,KBS
2023-11-28 07:00:00,13108.0,13385.0,12831.0,13346.0,5327200,KBS
2023-11-29 07:00:00,13464.0,13623.0,13385.0,13544.0,6146600,KBS
2023-11-30 07:00:00,13583.0,13702.0,13385.0,13425.0,6034400,KBS
2023-12-01 07:00:00,13544.0,13583.0,13306.0,13385.0,4416000,KBS
2023-12-04 07:00:00,13583.0,14256.0,13544.0,13979.0,12165000,KBS
2023-12-05 07:00:00,14098.0,14138.0,13821.0,13979.0,10239600,KBS
2023-12-06 07:00:00,14019.0,14415.0,13940.0,14336.0,11838500,KBS
2023-12-07 07:00:00,14375.0,14415.0,13702.0,13940.0,13818800,KBS
2023-12-08 07:00:00,13979.0,14019.0,13623.0,13781.0,7592400,KBS
2023-12-11 07:00:00,13900.0,13940.0,13662.0,13781.0,4397700,KBS
2023-12-12 07:00:00,13900.0,13940.0,13781.0,13821.0,4362900,KBS
2023-12-13 07:00:00,13860.0,14098.0,13544.0,13623.0,8260700,KBS
2023-12-14 07:00:00,13781.0,13821.0,13346.0,13346.0,5578300,KBS
2023-12-15 07:00:00,13425.0,13464.0,13227.0,13227.0,5627500,KBS
2023-12-18 07:00:00,13227.0,13306.0,12910.0,12910.0,5433400,KBS
2023-12-19 07:00:00,13068.0,13187.0,12831.0,13068.0,4542100,KBS
2023-12-20 07:00:00,13227.0,13227.0,13108.0,13187.0,3035500,KBS
2023-12-21 07:00:00,13108.0,13306.0,13108.0,13227.0,2904000,KBS
2023-12-22 07:00:00,13266.0,13306.0,13068.0,13108.0,5085300,KBS
2023-12-25 07:00:00,13108.0,13346.0,13108.0,13306.0,4083700,KBS
2023-12-26 07:00:00,13346.0,13583.0,13346.0,13425.0,5162900,KBS
2023-12-27 07:00:00,13425.0,13544.0,13306.0,13306.0,5633100,KBS
2023-12-28 07:00:00,13306.0,13425.0,13266.0,13346.0,3944900,KBS
2023-12-29 07:00:00,13425.0,13860.0,13385.0,13662.0,9532200,KBS
2024-01-02 07:00:00,13821.0,13940.0,13544.0,13623.0,5961700,KBS
2024-01-03 07:00:00,13623.0,14019.0,13504.0,13860.0,10157600,KBS
2024-01-04 07:00:00,13979.0,13979.0,13702.0,13702.0,10051200,KBS
2024-01-05 07:00:00,13781.0,13821.0,13504.0,13544.0,8544500,KBS
2024-01-08 07:00:00,13860.0,14454.0,13860.0,14454.0,26200500,KBS
2024-01-09 07:00:00,14851.0,14930.0,14573.0,14692.0,20764900,KBS
2024-01-10 07:00:00,14692.0,14692.0,14177.0,14415.0,18236000,KBS
2024-01-11 07:00:00,14415.0,14969.0,14375.0,14890.0,17887700,KBS
2024-01-12 07:00:00,14652.0,14732.0,14256.0,14336.0,18223700,KBS
2024-01-15 07:00:00,14613.0,14652.0,14098.0,14098.0,11100000,KBS
2024-01-16 07:00:00,14098.0,14573.0,14019.0,14573.0,12534800,KBS
2024-01-17 07:00:00,14573.0,14851.0,14494.0,14534.0,11772500,KBS
2024-01-18 07:00:00,14652.0,14652.0,14336.0,14494.0,9256900,KBS
2024-01-19 07:00:00,14573.0,14771.0,14415.0,14454.0,10329900,KBS
2024-01-22 07:00:00,14534.0,14732.0,14296.0,14652.0,10833000,KBS
2024-01-23 07:00:00,14652.0,14851.0,14494.0,14534.0,8573200,KBS
2024-01-24 07:00:00,14494.0,14613.0,14375.0,14375.0,6271400,KBS
2024-01-25 07:00:00,14375.0,14534.0,14336.0,14375.0,4132900,KBS
2024-01-26 07:00:00,14534.0,14534.0,14375.0,14415.0,6287900,KBS
2024-01-29 07:00:00,14534.0,14692.0,14415.0,14494.0,10749100,KBS
2024-01-30 07:00:00,14573.0,14692.0,14415.0,14692.0,7175900,KBS
2024-01-31 07:00:00,14811.0,14890.0,14336.0,14336.0,16688000,KBS
2024-02-01 07:00:00,14375.0,14494.0,14336.0,14415.0,7010700,KBS
2024-02-02 07:00:00,14494.0,14851.0,14454.0,14692.0,18000900,KBS
2024-02-05 07:00:00,14732.0,14811.0,14573.0,14652.0,5811000,KBS
2024-02-06 07:00:00,14732.0,14771.0,14573.0,14573.0,8127900,KBS
2024-02-07 07:00:00,14652.0,14692.0,14494.0,14573.0,8133900,KBS
2024-02-15 07:00:00,14692.0,15405.0,14613.0,15207.0,24587900,KBS
2024-02-16 07:00:00,15365.0,15365.0,15088.0,15128.0,9318100,KBS
2024-02-19 07:00:00,15286.0,15484.0,15128.0,15365.0,15638000,KBS
2024-02-20 07:00:00,15405.0,15445.0,15049.0,15167.0,15260300,KBS
2024-02-21 07:00:00,15167.0,15247.0,14930.0,15167.0,11090400,KBS
2024-02-22 07:00:00,15207.0,15365.0,15009.0,15207.0,9035300,KBS
2024-02-23 07:00:00,15286.0,15326.0,14454.0,14534.0,16444000,KBS
2024-02-26 07:00:00,14534.0,14652.0,14336.0,14534.0,9296200,KBS
2024-02-27 07:00:00,14692.0,14890.0,14652.0,14851.0,8785500,KBS
2024-02-28 07:00:00,14890.0,15009.0,14652.0,14811.0,8699100,KBS
2024-02-29 07:00:00,14732.0,14969.0,14573.0,14652.0,10347100,KBS
2024-03-01 07:00:00,14732.0,15049.0,14652.0,15009.0,10474000,KBS
2024-03-04 07:00:00,15207.0,15247.0,14969.0,15049.0,13182400,KBS
2024-03-05 07:00:00,15207.0,15761.0,15167.0,15445.0,23997000,KBS
2024-03-06 07:00:00,15524.0,15563.0,14969.0,15049.0,11149300,KBS
2024-03-07 07:00:00,15128.0,15128.0,14930.0,15088.0,10866600,KBS
2024-03-08 07:00:00,15207.0,15247.0,14732.0,14811.0,13882800,KBS
2024-03-11 07:00:00,14811.0,14890.0,14454.0,14494.0,8458800,KBS
2024-03-12 07:00:00,14494.0,14692.0,14454.0,14613.0,8530600,KBS
2024-03-13 07:00:00,14732.0,14969.0,14652.0,14969.0,7899300,KBS
2024-03-14 07:00:00,15172.0,15172.0,14929.0,14969.0,9686800,KBS
2024-03-15 07:00:00,14969.0,15293.0,14848.0,15010.0,9423200,KBS
2024-03-18 07:00:00,15010.0,15536.0,14686.0,15374.0,24519300,KBS
2024-03-19 07:00:00,15698.0,16021.0,15495.0,15536.0,25259100,KBS
2024-03-20 07:00:00,15455.0,15657.0,15293.0,15495.0,8805000,KBS
2024-03-21 07:00:00,15698.0,15940.0,15455.0,15698.0,18050500,KBS
2024-03-22 07:00:00,15981.0,16021.0,15495.0,15657.0,15227200,KBS
2024-03-25 07:00:00,15738.0,15940.0,15414.0,15536.0,13587100,KBS
2024-03-26 07:00:00,15455.0,15617.0,15293.0,15576.0,9445900,KBS
2024-03-27 07:00:00,15698.0,15900.0,15617.0,15778.0,8973400,KBS
2024-03-28 07:00:00,15940.0,15940.0,15576.0,15617.0,6436000,KBS
2024-03-29 07:00:00,15536.0,15657.0,15414.0,15455.0,6522900,KBS
2024-04-01 07:00:00,15455.0,15657.0,15333.0,15495.0,8918300,KBS
2024-04-02 07:00:00,15414.0,15576.0,15293.0,15536.0,7931300,KBS
2024-04-03 07:00:00,15617.0,15859.0,15414.0,15414.0,10631000,KBS
2024-04-04 07:00:00,15414.0,15495.0,15131.0,15172.0,9964200,KBS
2024-04-05 07:00:00,15010.0,15212.0,14929.0,14969.0,11136900,KBS
2024-04-08 07:00:00,15010.0,15050.0,14807.0,14807.0,6274800,KBS
2024-04-09 07:00:00,14848.0,14969.0,14727.0,14929.0,5938600,KBS
2024-04-10 07:00:00,15050.0,15091.0,14848.0,14848.0,4235200,KBS
2024-04-11 07:00:00,14727.0,14848.0,14686.0,14767.0,4313600,KBS
2024-04-12 07:00:00,14848.0,14969.0,14807.0,14969.0,3621000,KBS
2024-04-15 07:00:00,14969.0,15010.0,13958.0,13958.0,12635600,KBS
2024-04-16 07:00:00,13877.0,13998.0,13149.0,13675.0,10633800,KBS
2024-04-17 07:00:00,13756.0,13836.0,13230.0,13230.0,5070200,KBS
2024-04-19 07:00:00,12866.0,13068.0,12542.0,12623.0,7898500,KBS
2024-04-22 07:00:00,12906.0,13108.0,12785.0,12946.0,3989200,KBS
2024-04-23 07:00:00,13027.0,13027.0,12542.0,12623.0,3949500,KBS
2024-04-24 07:00:00,12785.0,13270.0,12744.0,13230.0,4287000,KBS
2024-04-25 07:00:00,13068.0,13149.0,12946.0,13068.0,1938100,KBS
2024-04-26 07:00:00,12946.0,13270.0,12906.0,13027.0,2948600,KBS
2024-05-02 07:00:00,13472.0,13594.0,13270.0,13472.0,7743700,KBS
2024-05-03 07:00:00,13634.0,13715.0,13432.0,13472.0,3702300,KBS
2024-05-06 07:00:00,13594.0,13836.0,13472.0,13836.0,6018700,KBS
2024-05-07 07:00:00,13836.0,13877.0,13675.0,13756.0,3863000,KBS
2024-05-08 07:00:00,13675.0,13756.0,13472.0,13756.0,4664700,KBS
2024-05-09 07:00:00,13836.0,13998.0,13513.0,13594.0,4468400,KBS
2024-05-10 07:00:00,13675.0,13715.0,13472.0,13594.0,3446700,KBS
2024-05-13 07:00:00,13675.0,13715.0,13513.0,13553.0,2994600,KBS
2024-05-14 07:00:00,13634.0,13715.0,13553.0,13594.0,2619100,KBS
2024-05-15 07:00:00,13634.0,13998.0,13553.0,13877.0,5948700,KBS
2024-05-16 07:00:00,14079.0,14079.0,13836.0,13877.0,3928100,KBS
2024-05-17 07:00:00,13958.0,14241.0,13836.0,14160.0,7126300,KBS
2024-05-20 07:00:00,14282.0,14362.0,14079.0,14201.0,6407100,KBS
2024-05-21 07:00:00,14160.0,14201.0,13796.0,14039.0,6224900,KBS
2024-05-22 07:00:00,14120.0,14282.0,13958.0,13998.0,7008800,KBS
2024-05-23 07:00:00,13998.0,14160.0,13836.0,14160.0,5525300,KBS
2024-05-24 07:00:00,13998.0,14282.0,13634.0,13675.0,8811400,KBS
2024-05-27 07:00:00,13756.0,13796.0,13634.0,13715.0,3693000,KBS
2024-05-28 07:00:00,13836.0,13998.0,13836.0,13917.0,3934700,KBS
2024-05-29 07:00:00,13958.0,14039.0,13756.0,13756.0,4543300,KBS
2024-05-30 07:00:00,13634.0,14362.0,13634.0,14079.0,9246800,KBS
2024-05-31 07:00:00,14201.0,14201.0,13917.0,13917.0,2968400,KBS
2024-06-03 07:00:00,14079.0,14646.0,14039.0,14484.0,14441800,KBS
2024-06-04 07:00:00,14524.0,14565.0,14322.0,14403.0,4752800,KBS
2024-06-05 07:00:00,14484.0,14605.0,14241.0,14241.0,6570800,KBS
2024-06-06 07:00:00,14362.0,14443.0,14039.0,14160.0,5010900,KBS
2024-06-07 07:00:00,14201.0,14322.0,14079.0,14160.0,3505900,KBS
2024-06-10 07:00:00,14241.0,14362.0,14160.0,14201.0,4105100,KBS
2024-06-11 07:00:00,14322.0,14322.0,13998.0,14039.0,4685300,KBS
2024-06-12 07:00:00,14079.0,14241.0,13998.0,14201.0,3173300,KBS
2024-06-13 07:00:00,14241.0,14403.0,14201.0,14241.0,5644400,KBS
2024-06-14 07:00:00,14201.0,14443.0,13998.0,13998.0,6873600,KBS
2024-06-17 07:00:00,14039.0,14079.0,13836.0,13877.0,5373200,KBS
2024-06-18 07:00:00,14084.0,14125.0,13877.0,13877.0,3806100,KBS
2024-06-19 07:00:00,13877.0,13877.0,13670.0,13670.0,4087400,KBS
2024-06-20 07:00:00,13670.0,13794.0,13504.0,13504.0,4291000,KBS
2024-06-21 07:00:00,13504.0,13670.0,13421.0,13421.0,2727900,KBS
2024-06-24 07:00:00,13421.0,13753.0,13380.0,13421.0,5250600,KBS
2024-06-25 07:00:00,13587.0,13587.0,13338.0,13421.0,2291300,KBS
2024-06-26 07:00:00,13421.0,13546.0,13256.0,13338.0,2353700,KBS
2024-06-27 07:00:00,13338.0,13421.0,13256.0,13256.0,2534500,KBS
2024-06-28 07:00:00,13338.0,13338.0,12924.0,12966.0,3555800,KBS
2024-07-01 07:00:00,12966.0,13173.0,12924.0,13131.0,2148700,KBS
2024-07-02 07:00:00,13173.0,13256.0,13090.0,13256.0,2490600,KBS
2024-07-03 07:00:00,13338.0,13380.0,13256.0,13256.0,2313800,KBS
2024-07-04 07:00:00,13338.0,13380.0,13214.0,13256.0,1457300,KBS
2024-07-05 07:00:00,13256.0,13338.0,13131.0,13173.0,2906600,KBS
2024-07-08 07:00:00,13670.0,13836.0,13504.0,13504.0,5986100,KBS
2024-07-09 07:00:00,13628.0,13628.0,13463.0,13546.0,2348300,KBS
2024-07-10 07:00:00,13628.0,13628.0,13338.0,13380.0,3438600,KBS
2024-07-11 07:00:00,13421.0,13836.0,13421.0,13546.0,4696200,KBS
2024-07-12 07:00:00,13628.0,13670.0,13421.0,13463.0,4124500,KBS
2024-07-15 07:00:00,13587.0,13628.0,13463.0,13463.0,2081600,KBS
2024-07-16 07:00:00,13670.0,14001.0,13628.0,13753.0,7237100,KBS
2024-07-17 07:00:00,13836.0,13836.0,13173.0,13297.0,4737100,KBS
2024-07-18 07:00:00,13380.0,13463.0,13256.0,13463.0,3446800,KBS
2024-07-19 07:00:00,13463.0,13504.0,13173.0,13173.0,3634700,KBS
2024-07-22 07:00:00,13131.0,13173.0,12841.0,12924.0,4867500,KBS
2024-07-23 07:00:00,12924.0,13048.0,12634.0,12634.0,2567400,KBS
2024-07-24 07:00:00,12593.0,12924.0,12303.0,12759.0,4107900,KBS
2024-07-25 07:00:00,12634.0,12717.0,12510.0,12593.0,1897200,KBS
2024-07-26 07:00:00,12800.0,12800.0,12634.0,12717.0,1874800,KBS
2024-07-29 07:00:00,12717.0,12883.0,12676.0,12717.0,2128100,KBS
2024-07-30 07:00:00,12634.0,12759.0,12593.0,12676.0,1931900,KBS
2024-07-31 07:00:00,12759.0,12841.0,12676.0,12759.0,1548100,KBS
2024-08-01 07:00:00,12759.0,12841.0,12054.0,12054.0,5282900,KBS
2024-08-02 07:00:00,11930.0,12220.0,11930.0,12096.0,2766600,KBS
2024-08-05 07:00:00,11971.0,12054.0,11267.0,11267.0,6290900,KBS
2024-08-06 07:00:00,11433.0,11764.0,11267.0,11764.0,4215800,KBS
2024-08-07 07:00:00,11764.0,11847.0,11599.0,11806.0,1709500,KBS
2024-08-08 07:00:00,11723.0,12344.0,11681.0,11971.0,5507800,KBS
2024-08-09 07:00:00,12137.0,12137.0,11930.0,12137.0,1623200,KBS
2024-08-12 07:00:00,12137.0,12344.0,12013.0,12179.0,2309500,KBS
2024-08-13 07:00:00,12179.0,12261.0,12013.0,12054.0,1692900,KBS
2024-08-14 07:00:00,12096.0,12179.0,11930.0,11971.0,1151800,KBS
2024-08-15 07:00:00,11930.0,12179.0,11806.0,11806.0,1903700,KBS
2024-08-16 07:00:00,11889.0,12551.0,11889.0,12551.0,6966200,KBS
2024-08-19 07:00:00,12759.0,12924.0,12634.0,12634.0,4773900,KBS
2024-08-20 07:00:00,12676.0,13090.0,12551.0,12883.0,6518300,KBS
2024-08-21 07:00:00,13007.0,13421.0,12883.0,13214.0,6492600,KBS
2024-08-22 07:00:00,13256.0,13256.0,12966.0,13007.0,2676300,KBS
2024-08-23 07:00:00,12966.0,13090.0,12841.0,13048.0,2946000,KBS
2024-08-26 07:00:00,13131.0,13214.0,13007.0,13007.0,2673200,KBS
2024-08-27 07:00:00,13048.0,13048.0,12841.0,12883.0,3317100,KBS
2024-08-28 07:00:00,13007.0,13173.0,12717.0,12924.0,3795100,KBS
2024-08-29 07:00:00,12883.0,13007.0,12800.0,12924.0,1382800,KBS
2024-08-30 07:00:00,12924.0,12924.0,12717.0,12759.0,2609200,KBS
2024-09-04 07:00:00,12593.0,13007.0,12551.0,12924.0,4069900,KBS
2024-09-05 07:00:00,12966.0,13048.0,12676.0,12759.0,2030300,KBS
2024-09-06 07:00:00,12759.0,12800.0,12593.0,12676.0,2316500,KBS
2024-09-09 07:00:00,12634.0,12800.0,12593.0,12676.0,1877000,KBS
2024-09-10 07:00:00,12717.0,12800.0,12427.0,12469.0,2612600,KBS
2024-09-11 07:00:00,12469.0,12510.0,12220.0,12303.0,2500400,KBS
2024-09-12 07:00:00,12427.0,12510.0,12386.0,12386.0,1545300,KBS
2024-09-13 07:00:00,12386.0,12469.0,12303.0,12427.0,1243400,KBS
2024-09-16 07:00:00,12427.0,12551.0,12303.0,12303.0,1696200,KBS
2024-09-17 07:00:00,12303.0,12593.0,12261.0,12593.0,1825400,KBS
2024-09-18 07:00:00,12510.0,12634.0,12469.0,12551.0,1662500,KBS
2024-09-19 07:00:00,12593.0,12676.0,12551.0,12634.0,2242200,KBS
2024-09-20 07:00:00,12717.0,12759.0,12593.0,12593.0,2064200,KBS
2024-09-23 07:00:00,12676.0,12717.0,12510.0,12510.0,1457800,KBS
2024-09-24 07:00:00,12510.0,12593.0,12469.0,12510.0,2534800,KBS
2024-09-25 07:00:00,12634.0,12924.0,12593.0,12841.0,5018100,KBS
2024-09-26 07:00:00,12800.0,12883.0,12717.0,12841.0,5198500,KBS
2024-09-27 07:00:00,12883.0,13131.0,12841.0,12841.0,4680800,KBS
2024-09-30 07:00:00,12759.0,12883.0,12717.0,12841.0,2333700,KBS
2024-10-01 07:00:00,12924.0,13048.0,12841.0,12924.0,5490000,KBS
2024-10-02 07:00:00,12883.0,12883.0,12717.0,12717.0,2712400,KBS
2024-10-03 07:00:00,12759.0,12841.0,12427.0,12427.0,4089600,KBS
2024-10-04 07:00:00,12510.0,12551.0,12427.0,12427.0,1716700,KBS
2024-10-07 07:00:00,12551.0,12551.0,12386.0,12427.0,1211800,KBS
2024-10-08 07:00:00,12593.0,12924.0,12551.0,12634.0,3861800,KBS
2024-10-09 07:00:00,12717.0,12800.0,12676.0,12759.0,1578700,KBS
2024-10-10 07:00:00,12800.0,12841.0,12676.0,12676.0,1614000,KBS
2024-10-11 07:00:00,12717.0,12759.0,12634.0,12759.0,2063800,KBS
2024-10-14 07:00:00,12841.0,13421.0,12759.0,13297.0,11928000,KBS
2024-10-15 07:00:00,13297.0,13380.0,13007.0,13090.0,3774500,KBS
2024-10-16 07:00:00,13131.0,13131.0,12717.0,12883.0,5599500,KBS
2024-10-17 07:00:00,12924.0,13173.0,12800.0,13173.0,5649700,KBS
2024-10-18 07:00:00,13214.0,13338.0,13048.0,13048.0,3895100,KBS
2024-10-21 07:00:00,13090.0,13090.0,12841.0,12841.0,4599900,KBS
2024-10-22 07:00:00,12800.0,13048.0,12634.0,12759.0,4201900,KBS
2024-10-23 07:00:00,12759.0,13007.0,12676.0,12883.0,3569700,KBS
2024-10-24 07:00:00,12883.0,12924.0,12634.0,12634.0,2253200,KBS
2024-10-25 07:00:00,12676.0,12924.0,12634.0,12759.0,3753800,KBS
2024-10-28 07:00:00,12759.0,12841.0,12717.0,12800.0,1145700,KBS
2024-10-29 07:00:00,12841.0,12966.0,12717.0,12800.0,2964000,KBS
2024-10-30 07:00:00,12841.0,12883.0,12593.0,12759.0,2695300,KBS
2024-10-31 07:00:00,12717.0,12759.0,12593.0,12634.0,2138800,KBS
2024-11-01 07:00:00,12593.0,12717.0,12510.0,12510.0,2525500,KBS
2024-11-04 07:00:00,12510.0,12593.0,12303.0,12303.0,2516000,KBS
2024-11-05 07:00:00,12303.0,12427.0,12303.0,12344.0,1158400,KBS
2024-11-06 07:00:00,12427.0,12510.0,12344.0,12510.0,2185700,KBS
2024-11-07 07:00:00,12551.0,12676.0,12469.0,12469.0,1498900,KBS
2024-11-08 07:00:00,12469.0,12510.0,12344.0,12344.0,1479900,KBS
2024-11-11 07:00:00,12386.0,12427.0,12179.0,12179.0,2450200,KBS
2024-11-12 07:00:00,12261.0,12303.0,12096.0,12179.0,2350800,KBS
2024-11-13 07:00:00,12096.0,12179.0,11971.0,12013.0,2644400,KBS
2024-11-14 07:00:00,12013.0,12096.0,11681.0,11681.0,2282600,KBS
2024-11-15 07:00:00,11723.0,11723.0,11474.0,11474.0,4128900,KBS
2024-11-18 07:00:00,11474.0,11681.0,11474.0,11599.0,2081700,KBS
2024-11-19 07:00:00,11640.0,11681.0,11516.0,11516.0,1217400,KBS
2024-11-20 07:00:00,11516.0,11930.0,11474.0,11806.0,1845500,KBS
2024-11-21 07:00:00,11806.0,11806.0,11681.0,11806.0,758000,KBS
2024-11-22 07:00:00,11723.0,11847.0,11681.0,11723.0,1944800,KBS
2024-11-25 07:00:00,11723.0,11847.0,11723.0,11806.0,1112300,KBS
2024-11-26 07:00:00,11806.0,11930.0,11806.0,11889.0,1486500,KBS
2024-11-27 07:00:00,11889.0,11930.0,11764.0,11847.0,941800,KBS
2024-11-28 07:00:00,11847.0,11930.0,11723.0,11764.0,1286200,KBS
2024-11-29 07:00:00,11723.0,11806.0,11640.0,11681.0,1287400,KBS
2024-12-02 07:00:00,11723.0,12137.0,11723.0,11930.0,3959200,KBS
2024-12-03 07:00:00,11930.0,12096.0,11889.0,11889.0,2606600,KBS
2024-12-04 07:00:00,11889.0,11930.0,11764.0,11764.0,2539700,KBS
2024-12-05 07:00:00,11764.0,12096.0,11640.0,12096.0,3186100,KBS
2024-12-06 07:00:00,12137.0,12179.0,11930.0,12096.0,1990500,KBS
2024-12-09 07:00:00,12096.0,12179.0,12054.0,12054.0,1999900,KBS
2024-12-10 07:00:00,12013.0,12096.0,11971.0,12054.0,1867500,KBS
2024-12-11 07:00:00,12054.0,12096.0,11930.0,11971.0,1583200,KBS
2024-12-12 07:00:00,12054.0,12054.0,11889.0,11889.0,1273300,KBS
2024-12-13 07:00:00,11889.0,11889.0,11681.0,11723.0,1927100,KBS
2024-12-16 07:00:00,11723.0,11806.0,11681.0,11764.0,1195200,KBS
2024-12-17 07:00:00,11806.0,11806.0,11723.0,11764.0,599700,KBS
2024-12-18 07:00:00,11806.0,12261.0,11806.0,12013.0,3941800,KBS
2024-12-19 07:00:00,11930.0,12013.0,11847.0,11889.0,1861000,KBS
2024-12-20 07:00:00,11889.0,11971.0,11847.0,11847.0,1386700,KBS
2024-12-23 07:00:00,11930.0,12013.0,11889.0,11930.0,1529300,KBS
2024-12-24 07:00:00,11971.0,11971.0,11806.0,11889.0,1742800,KBS
2024-12-25 07:00:00,11971.0,12386.0,11930.0,12220.0,6409400,KBS
2024-12-26 07:00:00,12220.0,12263.0,12134.0,12134.0,1661200,KBS
2024-12-27 07:00:00,12134.0,12220.0,12006.0,12006.0,2433200,KBS
2024-12-30 07:00:00,12049.0,12134.0,11963.0,11963.0,1392100,KBS
2024-12-31 07:00:00,11963.0,12049.0,11920.0,11963.0,1129700,KBS
2025-01-02 07:00:00,12006.0,12049.0,11963.0,12006.0,1171900,KBS
2025-01-03 07:00:00,11963.0,12006.0,11834.0,11834.0,1707500,KBS
2025-01-06 07:00:00,11834.0,11920.0,11620.0,11620.0,1857400,KBS
2025-01-07 07:00:00,11620.0,11705.0,11320.0,11320.0,2551900,KBS
2025-01-08 07:00:00,11277.0,11448.0,11277.0,11362.0,1572000,KBS
2025-01-09 07:00:00,11362.0,11577.0,11362.0,11491.0,1481700,KBS
2025-01-10 07:00:00,11491.0,11491.0,11277.0,11320.0,1665100,KBS
2025-01-13 07:00:00,11320.0,11448.0,11234.0,11405.0,1499500,KBS
2025-01-14 07:00:00,11448.0,11491.0,11320.0,11362.0,1138400,KBS
2025-01-15 07:00:00,11362.0,11791.0,11362.0,11620.0,2947000,KBS
2025-01-16 07:00:00,11748.0,11791.0,11577.0,11620.0,1303700,KBS
2025-01-17 07:00:00,11620.0,11705.0,11577.0,11620.0,1410700,KBS
2025-01-20 07:00:00,11620.0,11834.0,11620.0,11663.0,4010000,KBS
2025-01-21 07:00:00,11748.0,11748.0,11534.0,11620.0,1235400,KBS
2025-01-22 07:00:00,11620.0,11620.0,11362.0,11362.0,2054200,KBS
2025-01-23 07:00:00,11405.0,11491.0,11362.0,11405.0,1748800,KBS
2025-01-24 07:00:00,11405.0,11448.0,11362.0,11362.0,1720100,KBS
2025-02-03 07:00:00,11405.0,11534.0,11362.0,11448.0,1343900,KBS
2025-02-04 07:00:00,11534.0,11748.0,11491.0,11748.0,2411100,KBS
2025-02-05 07:00:00,11834.0,11877.0,11663.0,11705.0,2492000,KBS
2025-02-06 07:00:00,11705.0,11791.0,11577.0,11620.0,2012000,KBS
2025-02-07 07:00:00,12006.0,12392.0,11963.0,12392.0,17591000,KBS
2025-02-10 07:00:00,12606.0,12692.0,12349.0,12477.0,6984900,KBS
2025-02-11 07:00:00,12520.0,12606.0,12306.0,12349.0,5720400,KBS
2025-02-12 07:00:00,12306.0,12563.0,12306.0,12306.0,6606400,KBS
2025-02-13 07:00:00,12349.0,12349.0,12091.0,12220.0,5254100,KBS
2025-02-14 07:00:00,12263.0,12392.0,12177.0,12220.0,4626000,KBS
2025-02-17 07:00:00,12220.0,12563.0,12177.0,12263.0,11942100,KBS
2025-02-18 07:00:00,12434.0,12692.0,12349.0,12392.0,7525000,KBS
2025-02-19 07:00:00,12434.0,12520.0,12306.0,12477.0,8505600,KBS
2025-02-20 07:00:00,12477.0,12777.0,12477.0,12563.0,9915500,KBS
2025-02-21 07:00:00,12477.0,12692.0,12349.0,12392.0,7275100,KBS
2025-02-24 07:00:00,11577.0,12006.0,11577.0,11791.0,31962400,KBS
2025-02-25 07:00:00,12006.0,12006.0,11748.0,11834.0,11585500,KBS
2025-02-26 07:00:00,11791.0,11920.0,11748.0,11748.0,9259700,KBS
2025-02-27 07:00:00,11834.0,11834.0,11705.0,11834.0,8816600,KBS
2025-02-28 07:00:00,11834.0,12220.0,11834.0,12134.0,18805000,KBS
2025-03-03 07:00:00,12263.0,12306.0,12134.0,12220.0,9345100,KBS
2025-03-04 07:00:00,12177.0,12349.0,12091.0,12177.0,9967800,KBS
2025-03-05 07:00:00,12177.0,12263.0,11963.0,11963.0,7250900,KBS
2025-03-06 07:00:00,12091.0,12091.0,11920.0,12091.0,6393400,KBS
2025-03-07 07:00:00,12134.0,12349.0,12091.0,12134.0,10053400,KBS
2025-03-10 07:00:00,12220.0,12392.0,12091.0,12220.0,10193800,KBS
2025-03-11 07:00:00,12049.0,12349.0,12006.0,12263.0,8962700,KBS
2025-03-12 07:00:00,12349.0,12349.0,12134.0,12134.0,5898500,KBS
2025-03-13 07:00:00,12177.0,12220.0,11963.0,12006.0,8221800,KBS
2025-03-14 07:00:00,12006.0,12134.0,11920.0,12091.0,7484100,KBS
2025-03-17 07:00:00,12134.0,12349.0,12049.0,12306.0,10369200,KBS
2025-03-18 07:00:00,12434.0,12777.0,12349.0,12392.0,19565700,KBS
2025-03-19 07:00:00,12477.0,12477.0,12177.0,12306.0,7295500,KBS
2025-03-20 07:00:00,12392.0,12392.0,12049.0,12177.0,7385400,KBS
2025-03-21 07:00:00,12134.0,12177.0,12006.0,12049.0,5891300,KBS
2025-03-24 07:00:00,12049.0,12091.0,11920.0,12006.0,5169400,KBS
2025-03-25 07:00:00,12049.0,12177.0,12006.0,12006.0,5425400,KBS
2025-03-26 07:00:00,12134.0,12134.0,12006.0,12006.0,4360100,KBS
2025-03-27 07:00:00,12006.0,12091.0,11963.0,11963.0,3700700,KBS
2025-03-28 07:00:00,12006.0,12006.0,11834.0,11834.0,6543400,KBS
2025-03-31 07:00:00,11748.0,11877.0,11663.0,11748.0,7041800,KBS
2025-04-01 07:00:00,11834.0,11920.0,11748.0,11877.0,3380000,KBS
2025-04-02 07:00:00,11834.0,11963.0,11834.0,11920.0,4184300,KBS
2025-04-03 07:00:00,11405.0,11534.0,11105.0,11105.0,11623400,KBS
2025-04-04 07:00:00,10333.0,10634.0,10333.0,10333.0,16608100,KBS
2025-04-08 07:00:00,10033.0,10205.0,9647.0,9647.0,10153900,KBS
2025-04-09 07:00:00,9004.0,9519.0,9004.0,9004.0,32829700,KBS
2025-04-10 07:00:00,9605.0,9605.0,9605.0,9605.0,771900,KBS
2025-04-11 07:00:00,9819.0,10205.0,9605.0,10119.0,16972800,KBS
2025-04-14 07:00:00,10248.0,10462.0,10076.0,10419.0,15151000,KBS
2025-04-15 07:00:00,10333.0,10548.0,10076.0,10333.0,8751100,KBS
2025-04-16 07:00:00,10376.0,10419.0,10076.0,10162.0,5344800,KBS
2025-04-17 07:00:00,10076.0,10248.0,10033.0,10162.0,4675300,KBS
2025-04-18 07:00:00,10291.0,10462.0,10248.0,10248.0,6911200,KBS
2025-04-21 07:00:00,10291.0,10376.0,10162.0,10205.0,5087300,KBS
2025-04-22 07:00:00,10076.0,10291.0,9519.0,9905.0,15484100,KBS
2025-04-23 07:00:00,10119.0,10291.0,9990.0,10162.0,4243600,KBS
2025-04-24 07:00:00,10248.0,10462.0,10162.0,10291.0,5844100,KBS
2025-04-25 07:00:00,10419.0,10977.0,10333.0,10977.0,25339400,KBS
2025-04-28 07:00:00,11277.0,11534.0,11234.0,11277.0,13107100,KBS
2025-04-29 07:00:00,11320.0,11405.0,11191.0,11277.0,8706300,KBS
2025-05-05 07:00:00,11320.0,11448.0,11062.0,11234.0,8256700,KBS
2025-05-06 07:00:00,11362.0,11491.0,11062.0,11062.0,8504600,KBS
2025-05-07 07:00:00,11019.0,11320.0,11019.0,11062.0,11177500,KBS
2025-05-08 07:00:00,11277.0,11405.0,11105.0,11148.0,10118400,KBS
2025-05-09 07:00:00,11534.0,11920.0,11405.0,11491.0,25361800,KBS
2025-05-12 07:00:00,11577.0,11620.0,11277.0,11362.0,10190800,KBS
2025-05-13 07:00:00,11534.0,11577.0,11277.0,11320.0,12853900,KBS
2025-05-14 07:00:00,11362.0,11491.0,11277.0,11362.0,7984300,KBS
2025-05-15 07:00:00,11448.0,11834.0,11320.0,11577.0,21960800,KBS
2025-05-16 07:00:00,11620.0,11663.0,11362.0,11405.0,9235400,KBS
2025-05-19 07:00:00,11362.0,12177.0,11320.0,12177.0,26701800,KBS
2025-05-20 07:00:00,12392.0,12735.0,12220.0,12220.0,25617500,KBS
2025-05-21 07:00:00,12349.0,13035.0,12177.0,13035.0,35852500,KBS
2025-05-22 07:00:00,13249.0,13764.0,12992.0,13206.0,35308800,KBS
2025-05-23 07:00:00,13292.0,13421.0,12906.0,12992.0,18073100,KBS
2025-05-26 07:00:00,13120.0,13592.0,12692.0,13463.0,29207500,KBS
2025-05-27 07:00:00,13635.0,13849.0,13292.0,13635.0,22876300,KBS
2025-05-28 07:00:00,13635.0,13721.0,13120.0,13206.0,28195500,KBS
2025-05-29 07:00:00,13163.0,13549.0,13163.0,13335.0,24813700,KBS
2025-05-30 07:00:00,13378.0,13421.0,12949.0,13206.0,22624400,KBS
2025-06-02 07:00:00,13292.0,13892.0,13292.0,13549.0,24255900,KBS
2025-06-03 07:00:00,13678.0,13678.0,13292.0,13378.0,22413100,KBS
2025-06-04 07:00:00,13421.0,13635.0,13292.0,13378.0,19130300,KBS
2025-06-05 07:00:00,13378.0,13806.0,13335.0,13335.0,21565200,KBS
2025-06-06 07:00:00,13206.0,13206.0,12649.0,12735.0,44553300,KBS
2025-06-09 07:00:00,12649.0,12820.0,12392.0,12434.0,20142800,KBS
2025-06-10 07:00:00,12434.0,12563.0,12220.0,12220.0,14906900,KBS
2025-06-11 07:00:00,12263.0,12477.0,12263.0,12306.0,9753800,KBS
2025-06-12 07:00:00,12434.0,12563.0,12263.0,12306.0,9037900,KBS
2025-06-13 07:00:00,12091.0,12177.0,11791.0,12049.0,26090400,KBS
2025-06-16 07:00:00,12006.0,12392.0,11963.0,12392.0,11054400,KBS
2025-06-17 07:00:00,12520.0,12606.0,12263.0,12349.0,9036300,KBS
2025-06-18 07:00:00,12392.0,12649.0,12263.0,12306.0,12788500,KBS
2025-06-19 07:00:00,12349.0,12392.0,12220.0,12263.0,7042200,KBS
2025-06-20 07:00:00,12306.0,12392.0,12134.0,12177.0,7953500,KBS
2025-06-23 07:00:00,12006.0,12306.0,11920.0,12263.0,10851300,KBS
2025-06-24 07:00:00,12392.0,12434.0,12263.0,12349.0,10055200,KBS
2025-06-25 07:00:00,12392.0,12563.0,12263.0,12349.0,8867000,KBS
2025-06-26 07:00:00,12392.0,13035.0,12220.0,12863.0,31045800,KBS
2025-06-27 07:00:00,12906.0,12992.0,12692.0,12692.0,9744100,KBS
2025-06-30 07:00:00,12777.0,12949.0,12649.0,12649.0,11226500,KBS
2025-07-01 07:00:00,12735.0,12949.0,12563.0,12606.0,11383600,KBS
2025-07-02 07:00:00,12606.0,12820.0,12520.0,12777.0,9381300,KBS
2025-07-03 07:00:00,12777.0,13120.0,12692.0,12777.0,27245900,KBS
2025-07-04 07:00:00,12820.0,13078.0,12820.0,12906.0,15756500,KBS
2025-07-07 07:00:00,12992.0,13078.0,12906.0,13035.0,14924800,KBS
2025-07-08 07:00:00,13120.0,13206.0,12992.0,13035.0,21274900,KBS
2025-07-09 07:00:00,13120.0,13249.0,12992.0,13120.0,22608900,KBS
2025-07-10 07:00:00,13206.0,13292.0,13035.0,13035.0,14280400,KBS
2025-07-11 07:00:00,13078.0,13120.0,12820.0,12820.0,16686000,KBS
2025-07-14 07:00:00,12863.0,13378.0,12606.0,13206.0,27561000,KBS
2025-07-15 07:00:00,13378.0,13378.0,13035.0,13035.0,16071100,KBS
2025-07-16 07:00:00,12949.0,13592.0,12949.0,13335.0,31970900,KBS
2025-07-17 07:00:00,13463.0,13978.0,13421.0,13635.0,42122400,KBS
2025-07-18 07:00:00,13978.0,14450.0,13892.0,13978.0,39985900,KBS
2025-07-21 07:00:00,14021.0,14107.0,13463.0,13463.0,33920500,KBS
2025-07-22 07:00:00,13378.0,13721.0,13249.0,13678.0,18336000,KBS
2025-07-23 07:00:00,13806.0,14021.0,13592.0,13635.0,25131900,KBS
2025-07-24 07:00:00,13678.0,14021.0,13592.0,13892.0,22200200,KBS
2025-07-25 07:00:00,13978.0,14149.0,13892.0,14107.0,23349900,KBS
2025-07-28 07:00:00,14321.0,15093.0,14321.0,15093.0,51393500,KBS
2025-07-29 07:00:00,15607.0,15607.0,14064.0,14064.0,60267100,KBS
2025-07-30 07:00:00,14149.0,14450.0,13892.0,14450.0,28142200,KBS
2025-07-31 07:00:00,14493.0,14493.0,13635.0,14021.0,38473800,KBS
2025-08-01 07:00:00,14149.0,14664.0,13849.0,14149.0,24871600,KBS
2025-08-04 07:00:00,14149.0,14707.0,14064.0,14535.0,31600200,KBS
2025-08-05 07:00:00,15025.0,15514.0,14633.0,15123.0,58342000,KBS
2025-08-06 07:00:00,15465.0,15808.0,15025.0,15367.0,21857400,KBS
2025-08-07 07:00:00,15612.0,16395.0,15416.0,16395.0,50837100,KBS
2025-08-08 07:00:00,17129.0,17521.0,17031.0,17521.0,43809600,KBS
2025-08-11 07:00:00,18695.0,18744.0,18402.0,18744.0,32412300,KBS
2025-08-12 07:00:00,19381.0,20017.0,18255.0,20017.0,69068700,KBS
2025-08-13 07:00:00,21387.0,21387.0,21338.0,21387.0,12370600,KBS
2025-08-14 07:00:00,22855.0,22855.0,21730.0,22855.0,61775300,KBS
2025-08-15 07:00:00,22855.0,24421.0,22317.0,24177.0,73848000,KBS
2025-08-18 07:00:00,24470.0,25058.0,23492.0,23981.0,29441100,KBS
2025-08-19 07:00:00,23981.0,25645.0,23883.0,25645.0,43015900,KBS
2025-08-20 07:00:00,25939.0,26330.0,23883.0,24372.0,58456900,KBS
2025-08-21 07:00:00,24813.0,25645.0,23540.0,24421.0,34472700,KBS
2025-08-22 07:00:00,23785.0,24715.0,22806.0,23883.0,37464700,KBS
2025-08-25 07:00:00,24079.0,24275.0,22219.0,22219.0,23378600,KBS
2025-08-26 07:00:00,20702.0,23443.0,20702.0,23443.0,63458800,KBS
2025-08-27 07:00:00,23492.0,23981.0,22121.0,22121.0,32078300,KBS
2025-08-28 07:00:00,22121.0,23100.0,21828.0,22611.0,24654400,KBS
2025-08-29 07:00:00,22513.0,22904.0,21974.0,22023.0,44274100,KBS
2025-09-03 07:00:00,22170.0,23540.0,22170.0,23540.0,27772000,KBS
2025-09-04 07:00:00,24030.0,24421.0,23149.0,23296.0,23245100,KBS
2025-09-05 07:00:00,23687.0,24275.0,22708.0,22708.0,34362800,KBS
2025-09-08 07:00:00,22708.0,22855.0,21142.0,21142.0,39415600,KBS
2025-09-09 07:00:00,21142.0,21876.0,20506.0,21828.0,22594700,KBS
2025-09-10 07:00:00,22023.0,23051.0,21436.0,22170.0,26325700,KBS
2025-09-11 07:00:00,22170.0,23296.0,21093.0,23100.0,31479500,KBS
2025-09-12 07:00:00,23700.0,24700.0,23450.0,23900.0,47068200,KBS
2025-09-15 07:00:00,24450.0,24450.0,23450.0,23650.0,26650300,KBS
2025-09-16 07:00:00,23900.0,24300.0,22850.0,23000.0,36791100,KBS
2025-09-17 07:00:00,22850.0,23150.0,22000.0,22150.0,25737300,KBS
2025-09-18 07:00:00,22300.0,23400.0,22100.0,22950.0,26935000,KBS
2025-09-19 07:00:00,23200.0,24200.0,22950.0,23450.0,27719900,KBS
2025-09-22 07:00:00,23600.0,24200.0,23100.0,23600.0,30016100,KBS
2025-09-23 07:00:00,23600.0,23850.0,22800.0,22850.0,15098700,KBS
2025-09-24 07:00:00,22850.0,24400.0,22350.0,24400.0,51351900,KBS
2025-09-25 07:00:00,25150.0,26100.0,25050.0,26100.0,23682700,KBS
2025-09-26 07:00:00,26950.0,27450.0,26400.0,26850.0,46190400,KBS
2025-09-29 07:00:00,26650.0,27900.0,26500.0,26800.0,25050000,KBS
2025-09-30 07:00:00,26650.0,26900.0,24950.0,25500.0,59177600,KBS
2025-10-01 07:00:00,25800.0,26250.0,25450.0,25850.0,13777400,KBS
2025-10-02 07:00:00,26000.0,26050.0,24600.0,24600.0,23140100,KBS
2025-10-03 07:00:00,24250.0,25400.0,24200.0,24500.0,25460900,KBS
2025-10-06 07:00:00,24900.0,26200.0,24650.0,26000.0,21468800,KBS
2025-10-07 07:00:00,26150.0,26400.0,25050.0,25100.0,20824700,KBS
2025-10-08 07:00:00,25400.0,25750.0,24650.0,25450.0,20790900,KBS
2025-10-09 07:00:00,25600.0,26400.0,25450.0,25950.0,16693600,KBS
2025-10-10 07:00:00,26200.0,27750.0,26200.0,26800.0,36038900,KBS
2025-10-13 07:00:00,26450.0,28650.0,26000.0,28650.0,47071800,KBS
2025-10-14 07:00:00,30300.0,30600.0,28950.0,29750.0,33788100,KBS
2025-10-15 07:00:00,29750.0,30500.0,28900.0,30300.0,29726800,KBS
2025-10-16 07:00:00,30500.0,31200.0,29750.0,30000.0,22428200,KBS
2025-10-17 07:00:00,30000.0,31350.0,29750.0,30350.0,32284500,KBS
2025-10-20 07:00:00,29900.0,30800.0,28250.0,28250.0,38914400,KBS
2025-10-21 07:00:00,28000.0,28250.0,26500.0,27000.0,53003000,KBS
2025-10-22 07:00:00,27550.0,27750.0,25800.0,27600.0,33444800,KBS
2025-10-23 07:00:00,27900.0,28800.0,27500.0,27500.0,26768200,KBS
2025-10-24 07:00:00,27400.0,27550.0,26700.0,26700.0,25246400,KBS
2025-10-27 07:00:00,26900.0,27150.0,24850.0,24850.0,28541900,KBS
2025-10-28 07:00:00,24200.0,25200.0,23550.0,25000.0,26048800,KBS
2025-10-29 07:00:00,25200.0,25750.0,25000.0,25050.0,9596500,KBS
2025-10-30 07:00:00,25100.0,25500.0,24350.0,24400.0,17774000,KBS
2025-10-31 07:00:00,24450.0,25300.0,24050.0,24050.0,15866100,KBS
2025-11-03 07:00:00,24400.0,24500.0,22400.0,22400.0,29456900,KBS
2025-11-04 07:00:00,21900.0,23950.0,21250.0,23950.0,31648000,KBS
2025-11-05 07:00:00,23950.0,23950.0,23000.0,23000.0,9606400,KBS
2025-11-06 07:00:00,23000.0,24100.0,22900.0,23400.0,17415500,KBS
2025-11-07 07:00:00,23450.0,23750.0,22800.0,22800.0,14270500,KBS
2025-11-10 07:00:00,22800.0,23400.0,22250.0,22300.0,11509600,KBS
2025-11-11 07:00:00,22500.0,22800.0,21700.0,22800.0,16815000,KBS
2025-11-12 07:00:00,23000.0,24350.0,23000.0,24350.0,17965600,KBS
2025-11-13 07:00:00,24650.0,25100.0,24200.0,24500.0,20103600,KBS
2025-11-14 07:00:00,24500.0,25750.0,24300.0,25150.0,21016500,KBS
2025-11-17 07:00:00,25700.0,26750.0,25550.0,26550.0,22751600,KBS
2025-11-18 07:00:00,26650.0,26850.0,26100.0,26400.0,15217900,KBS
2025-11-19 07:00:00,26100.0,26650.0,26050.0,26150.0,18357300,KBS
2025-11-20 07:00:00,26450.0,26800.0,25100.0,25750.0,21825900,KBS
2025-11-21 07:00:00,25300.0,26300.0,25300.0,26300.0,19954400,KBS
2025-11-24 07:00:00,26550.0,26550.0,25650.0,25650.0,13267500,KBS
2025-11-25 07:00:00,25650.0,26450.0,25200.0,25300.0,16664600,KBS
2025-11-26 07:00:00,25450.0,27050.0,25400.0,26600.0,22691500,KBS
2025-11-27 07:00:00,26800.0,26800.0,25950.0,26000.0,14701800,KBS
2025-11-28 07:00:00,26050.0,27400.0,26000.0,26750.0,24865400,KBS
2025-12-01 07:00:00,26850.0,26950.0,26100.0,26200.0,11399200,KBS
2025-12-02 07:00:00,26150.0,26600.0,25600.0,26600.0,15791100,KBS
2025-12-03 07:00:00,26900.0,27450.0,26450.0,27050.0,20328700,KBS
2025-12-04 07:00:00,27300.0,27700.0,27100.0,27200.0,11685300,KBS
2025-12-05 07:00:00,27300.0,27400.0,26200.0,26300.0,15504900,KBS
2025-12-08 07:00:00,26250.0,26750.0,25800.0,26550.0,15186000,KBS
2025-12-09 07:00:00,26550.0,26600.0,25550.0,26450.0,14528700,KBS
2025-12-10 07:00:00,26450.0,26500.0,25400.0,25400.0,12526900,KBS
2025-12-11 07:00:00,25600.0,25750.0,25050.0,25150.0,11779300,KBS
2025-12-12 07:00:00,25250.0,25350.0,23400.0,23400.0,25015200,KBS
2025-12-15 07:00:00,23300.0,23600.0,22300.0,22700.0,14365600,KBS
2025-12-16 07:00:00,22700.0,24250.0,22200.0,24250.0,19259700,KBS
2025-12-17 07:00:00,24250.0,24250.0,23450.0,23450.0,6935200,KBS
2025-12-18 07:00:00,23450.0,23800.0,23300.0,23450.0,7677300,KBS
2025-12-19 07:00:00,23500.0,23700.0,23150.0,23450.0,9242500,KBS
2025-12-22 07:00:00,23650.0,24400.0,23650.0,24150.0,11166300,KBS
2025-12-23 07:00:00,24350.0,24800.0,23550.0,23550.0,14424900,KBS
2025-12-24 07:00:00,23700.0,24000.0,23150.0,23250.0,11629700,KBS
2025-12-25 07:00:00,23400.0,23600.0,22500.0,22500.0,18471800,KBS
2025-12-26 07:00:00,22400.0,22950.0,21500.0,22600.0,21648600,KBS
2025-12-29 07:00:00,22750.0,22950.0,22250.0,22800.0,8177100,KBS
2025-12-30 07:00:00,22800.0,22850.0,21900.0,21900.0,12196100,KBS
2025-12-31 07:00:00,21900.0,22100.0,20900.0,20900.0,28224500,KBS
2026-01-05 07:00:00,20950.0,21800.0,20900.0,21000.0,16836300,KBS
2026-01-06 07:00:00,21300.0,21500.0,19850.0,19900.0,26600900,KBS
2026-01-07 07:00:00,20050.0,20450.0,19500.0,19950.0,19006700,KBS
2026-01-08 07:00:00,20300.0,20800.0,19600.0,19700.0,20548700,KBS
2026-01-09 07:00:00,19800.0,19950.0,18350.0,18350.0,47257200,KBS
2026-01-12 07:00:00,18150.0,19350.0,17450.0,18800.0,27577900,KBS
2026-01-13 07:00:00,19300.0,19800.0,18900.0,19050.0,21403500,KBS
2026-01-14 07:00:00,19050.0,19500.0,18550.0,18550.0,21311100,KBS
2026-01-15 07:00:00,18550.0,19300.0,18450.0,19050.0,17994800,KBS
2026-01-16 07:00:00,19350.0,19350.0,18600.0,18650.0,15897400,KBS
2026-01-19 07:00:00,18400.0,19250.0,18400.0,18900.0,15228200,KBS
2026-01-20 07:00:00,19050.0,19100.0,18500.0,18500.0,13648100,KBS
2026-01-21 07:00:00,18450.0,18800.0,17750.0,17900.0,16385200,KBS
2026-01-22 07:00:00,18000.0,19150.0,17900.0,19150.0,17824300,KBS
2026-01-23 07:00:00,19450.0,19450.0,18600.0,18600.0,18645000,KBS
2026-01-26 07:00:00,18700.0,19000.0,17800.0,17950.0,13575200,KBS
2026-01-27 07:00:00,18050.0,18200.0,17250.0,17250.0,13089500,KBS
2026-01-28 07:00:00,17350.0,18450.0,16900.0,18250.0,19114500,KBS
2026-01-29 07:00:00,18650.0,18800.0,18050.0,18050.0,8512200,KBS
2026-01-30 07:00:00,18200.0,18800.0,18200.0,18450.0,17055900,KBS
2026-02-02 07:00:00,18500.0,18750.0,18050.0,18200.0,9224900,KBS
2026-02-03 07:00:00,18450.0,18750.0,18150.0,18250.0,12487800,KBS
2026-02-04 07:00:00,18300.0,18750.0,18100.0,18400.0,10141000,KBS
2026-02-05 07:00:00,18500.0,18850.0,18100.0,18100.0,12169400,KBS
2026-02-06 07:00:00,17900.0,18000.0,17100.0,17100.0,14415400,KBS
2026-02-09 07:00:00,17200.0,17400.0,16950.0,17000.0,6233400,KBS
2026-02-10 07:00:00,17000.0,17300.0,16900.0,17050.0,6703100,KBS
2026-02-11 07:00:00,17100.0,18150.0,17100.0,17800.0,11322700,KBS
2026-02-12 07:00:00,17950.0,18100.0,17700.0,17700.0,3292200,KBS
2026-02-13 07:00:00,17750.0,18450.0,17650.0,17900.0,10723900,KBS
2026-02-23 07:00:00,18200.0,19000.0,18100.0,18650.0,14191300,KBS
2026-02-24 07:00:00,18650.0,18700.0,18300.0,18500.0,8520600,KBS
2026-02-25 07:00:00,18550.0,18650.0,18100.0,18200.0,10518000,KBS
2026-02-26 07:00:00,18200.0,18550.0,18100.0,18150.0,8831700,KBS
2026-02-27 07:00:00,18150.0,18150.0,17200.0,17650.0,14237700,KBS
2026-03-02 07:00:00,17000.0,17200.0,16450.0,16450.0,27674300,KBS
2026-03-03 07:00:00,16550.0,16900.0,16000.0,16300.0,15843000,KBS
2026-03-04 07:00:00,16200.0,16650.0,15350.0,15750.0,14919500,KBS
2026-03-05 07:00:00,16050.0,16650.0,16000.0,16200.0,12282500,KBS
2026-03-06 07:00:00,16350.0,16500.0,16150.0,16250.0,10084400,KBS
2026-03-09 07:00:00,15150.0,15600.0,15150.0,15150.0,6110600,KBS
2026-03-10 07:00:00,15300.0,15500.0,14550.0,14800.0,13538300,KBS
2026-03-11 07:00:00,14850.0,15800.0,14850.0,15800.0,15622600,KBS
2026-03-12 07:00:00,15700.0,16450.0,15700.0,16200.0,12460400,KBS
2026-03-13 07:00:00,15900.0,16950.0,15900.0,16650.0,14772400,KBS
2026-03-16 07:00:00,17050.0,17500.0,16650.0,17000.0,14517200,KBS
2026-03-17 07:00:00,17050.0,17150.0,16300.0,16300.0,11120900,KBS
2026-03-18 07:00:00,16400.0,16750.0,16000.0,16400.0,8545100,KBS
2026-03-19 07:00:00,16100.0,17200.0,16100.0,16750.0,12158800,KBS
2026-03-20 07:00:00,16750.0,16850.0,16300.0,16300.0,6993700,KBS
2026-03-23 07:00:00,16200.0,16300.0,15400.0,15600.0,13018700,KBS
2026-03-24 07:00:00,16100.0,16650.0,16050.0,16650.0,13483600,KBS
2026-03-25 07:00:00,17100.0,17800.0,16800.0,17800.0,28451600,KBS
2026-03-26 07:00:00,18500.0,18600.0,18000.0,18200.0,29666900,KBS
2026-03-27 07:00:00,18200.0,19150.0,18050.0,19100.0,32515100,KBS
2026-03-30 07:00:00,18600.0,18900.0,18200.0,18300.0,21696100,KBS
2026-03-31 07:00:00,18600.0,19100.0,18500.0,18600.0,17970800,KBS
2026-04-01 07:00:00,19200.0,19200.0,18350.0,18350.0,19627100,KBS
2026-04-02 07:00:00,18150.0,18750.0,18100.0,18500.0,16804800,KBS
2026-04-03 07:00:00,18400.0,18900.0,17800.0,18000.0,22153000,KBS
2026-04-06 07:00:00,17950.0,18450.0,17400.0,17400.0,13265900,KBS
2026-04-07 07:00:00,17650.0,17950.0,17400.0,17900.0,8763200,KBS
2026-04-08 07:00:00,18450.0,19100.0,18100.0,18800.0,29359000,KBS
2026-04-09 07:00:00,18700.0,19450.0,18400.0,18900.0,28967000,KBS
2026-04-10 07:00:00,19250.0,19250.0,18450.0,18550.0,22459300,KBS
2026-04-13 07:00:00,18700.0,19800.0,18700.0,19800.0,39108100,KBS
2026-04-14 07:00:00,20500.0,20800.0,19650.0,19750.0,28674500,KBS
2026-04-15 07:00:00,19900.0,20400.0,19400.0,19400.0,32093600,KBS
2026-04-16 07:00:00,19400.0,19500.0,18700.0,19500.0,27460700,KBS
2026-04-17 07:00:00,19750.0,19750.0,19000.0,19000.0,14805900,KBS
2026-04-20 07:00:00,19050.0,19400.0,18900.0,19000.0,10687000,KBS
2026-04-21 07:00:00,19000.0,19400.0,18500.0,18600.0,21581700,KBS
2026-04-22 07:00:00,18600.0,19300.0,18600.0,19000.0,16730600,KBS
2026-04-23 07:00:00,19150.0,19150.0,18100.0,18850.0,20635500,KBS
2026-04-24 07:00:00,18900.0,19150.0,18350.0,18750.0,12413100,KBS
2026-04-28 07:00:00,19100.0,19350.0,18700.0,19000.0,15091800,KBS
2026-04-29 07:00:00,19100.0,19650.0,18900.0,19300.0,22465000,KBS
2026-05-04 07:00:00,19600.0,19900.0,19050.0,19050.0,17196400,KBS
2026-05-05 07:00:00,19000.0,19150.0,18250.0,18450.0,21054700,KBS
2026-05-06 07:00:00,18550.0,18900.0,18450.0,18800.0,7572100,KBS
2026-05-07 07:00:00,19000.0,19400.0,18600.0,18600.0,15626100,KBS
2026-05-08 07:00:00,18600.0,18750.0,18350.0,18450.0,12520800,KBS
2026-05-11 07:00:00,18500.0,19700.0,18300.0,19700.0,49670300,KBS
2026-05-12 07:00:00,20000.0,20350.0,19450.0,19600.0,27339500,KBS
2026-05-13 07:00:00,19600.0,19850.0,18900.0,19150.0,29519200,KBS
2026-05-14 07:00:00,19200.0,19550.0,18900.0,19150.0,14369800,KBS
2026-05-15 07:00:00,19200.0,19400.0,18900.0,19100.0,19686300,KBS
2026-05-18 07:00:00,19000.0,19350.0,18800.0,18950.0,13771700,KBS
2026-05-19 07:00:00,19150.0,19250.0,18650.0,18700.0,18120400,KBS
2026-05-20 07:00:00,18600.0,18750.0,17400.0,17750.0,40826000,KBS
2026-05-21 07:00:00,17800.0,17950.0,17500.0,17600.0,8750500,KBS
2026-05-22 07:00:00,17650.0,18000.0,17450.0,18000.0,14241500,KBS
2026-05-25 07:00:00,18100.0,18400.0,17900.0,17900.0,8247200,KBS
2026-05-26 07:00:00,17900.0,18550.0,17900.0,18050.0,12901700,KBS
2026-05-27 07:00:00,18250.0,18350.0,17900.0,17900.0,7248800,KBS
2026-05-28 07:00:00,17900.0,18250.0,17450.0,17450.0,10977900,KBS
2026-05-29 07:00:00,17500.0,17700.0,17100.0,17100.0,9460400,KBS
2026-06-01 07:00:00,17250.0,17700.0,17150.0,17500.0,6996000,KBS
2026-06-02 07:00:00,17500.0,17600.0,16300.0,16550.0,22900900,KBS
2026-06-03 07:00:00,16600.0,16950.0,16450.0,16750.0,6689000,KBS
2026-06-04 07:00:00,16750.0,16800.0,16400.0,16500.0,6612400,KBS
2026-06-05 07:00:00,16550.0,16650.0,16200.0,16200.0,9330200,KBS
