date,open,high,low,close,volume,_source
2020-01-02 07:00:00,18591.0,19081.0,17939.0,18918.0,616790,KBS
2020-01-03 07:00:00,18754.0,18754.0,18224.0,18591.0,429140,KBS
2020-01-06 07:00:00,18428.0,18591.0,17776.0,18347.0,355170,KBS
2020-01-07 07:00:00,18184.0,18184.0,17531.0,17694.0,353620,KBS
2020-01-08 07:00:00,17613.0,17857.0,17042.0,17857.0,389040,KBS
2020-01-09 07:00:00,17613.0,17694.0,16961.0,17694.0,308350,KBS
2020-01-10 07:00:00,17531.0,17531.0,17124.0,17368.0,310490,KBS
2020-01-13 07:00:00,17205.0,17857.0,17124.0,17613.0,457870,KBS
2020-01-14 07:00:00,17450.0,17531.0,17042.0,17450.0,316060,KBS
2020-01-15 07:00:00,17368.0,17450.0,16879.0,17450.0,385490,KBS
2020-01-16 07:00:00,17287.0,17327.0,16961.0,17287.0,410700,KBS
2020-01-17 07:00:00,17205.0,17368.0,16879.0,17246.0,303570,KBS
2020-01-20 07:00:00,17042.0,17857.0,16797.0,17857.0,368980,KBS
2020-01-21 07:00:00,17694.0,17898.0,17287.0,17857.0,319720,KBS
2020-01-22 07:00:00,17694.0,18673.0,17450.0,18673.0,325270,KBS
2020-01-30 07:00:00,18510.0,18673.0,18265.0,18428.0,331440,KBS
2020-01-31 07:00:00,18265.0,18428.0,17694.0,17694.0,381800,KBS
2020-02-03 07:00:00,17450.0,17450.0,16879.0,17124.0,328380,KBS
2020-02-04 07:00:00,16064.0,17776.0,16064.0,17124.0,14620,KBS
2020-02-05 07:00:00,16349.0,17083.0,15941.0,15941.0,90400,KBS
2020-02-06 07:00:00,15941.0,16961.0,14840.0,16961.0,100340,KBS
2020-02-07 07:00:00,16879.0,17531.0,16471.0,17287.0,55640,KBS
2020-02-10 07:00:00,16634.0,18102.0,16390.0,18102.0,259400,KBS
2020-02-11 07:00:00,17613.0,17939.0,17042.0,17939.0,112570,KBS
2020-02-12 07:00:00,17694.0,17857.0,17450.0,17857.0,204080,KBS
2020-02-13 07:00:00,17939.0,18021.0,17694.0,18021.0,143370,KBS
2020-02-14 07:00:00,18021.0,18184.0,17694.0,18184.0,277010,KBS
2020-02-17 07:00:00,18184.0,18347.0,17450.0,18224.0,75150,KBS
2020-02-18 07:00:00,17654.0,18754.0,17654.0,18469.0,109240,KBS
2020-02-19 07:00:00,18510.0,18510.0,17939.0,17939.0,52150,KBS
2020-02-20 07:00:00,17939.0,18265.0,17857.0,18102.0,68210,KBS
2020-02-21 07:00:00,18102.0,18347.0,17776.0,18347.0,75930,KBS
2020-02-24 07:00:00,18673.0,18673.0,17531.0,18102.0,48260,KBS
2020-02-25 07:00:00,18102.0,18102.0,17898.0,18102.0,91800,KBS
2020-02-26 07:00:00,18184.0,18265.0,18021.0,18021.0,40700,KBS
2020-02-27 07:00:00,17939.0,18021.0,17939.0,18021.0,178120,KBS
2020-02-28 07:00:00,17531.0,18021.0,17531.0,17939.0,113280,KBS
2020-03-02 07:00:00,17898.0,17980.0,17898.0,17939.0,112880,KBS
2020-03-03 07:00:00,17205.0,17898.0,16879.0,17857.0,122320,KBS
2020-03-04 07:00:00,17857.0,17939.0,17817.0,17857.0,155550,KBS
2020-03-05 07:00:00,17857.0,17857.0,17817.0,17857.0,110520,KBS
2020-03-06 07:00:00,17776.0,17939.0,17694.0,17939.0,133570,KBS
2020-03-09 07:00:00,17776.0,17898.0,16961.0,17898.0,112080,KBS
2020-03-10 07:00:00,17898.0,17939.0,17857.0,17898.0,106150,KBS
2020-03-11 07:00:00,17898.0,17898.0,17776.0,17817.0,114150,KBS
2020-03-12 07:00:00,17776.0,17776.0,17042.0,17531.0,218400,KBS
2020-03-13 07:00:00,16471.0,17124.0,16308.0,17124.0,37640,KBS
2020-03-16 07:00:00,17124.0,17857.0,16390.0,17735.0,483680,KBS
2020-03-17 07:00:00,16594.0,17776.0,16594.0,17776.0,282830,KBS
2020-03-18 07:00:00,16716.0,17776.0,16716.0,17776.0,27130,KBS
2020-03-19 07:00:00,17124.0,17694.0,17124.0,17694.0,129310,KBS
2020-03-20 07:00:00,17531.0,17694.0,16716.0,17694.0,148030,KBS
2020-03-23 07:00:00,17531.0,17857.0,16471.0,17531.0,133310,KBS
2020-03-24 07:00:00,16431.0,17531.0,16431.0,17368.0,12130,KBS
2020-03-25 07:00:00,17368.0,17939.0,17124.0,17735.0,32480,KBS
2020-03-26 07:00:00,17368.0,17735.0,17368.0,17531.0,24440,KBS
2020-03-27 07:00:00,17205.0,17491.0,16308.0,17491.0,16370,KBS
2020-03-30 07:00:00,17450.0,17491.0,16390.0,17124.0,19660,KBS
2020-03-31 07:00:00,17368.0,17368.0,16145.0,17287.0,12740,KBS
2020-04-01 07:00:00,17124.0,17531.0,16104.0,17491.0,53470,KBS
2020-04-03 07:00:00,17368.0,17409.0,16267.0,17368.0,26060,KBS
2020-04-06 07:00:00,17205.0,17368.0,16186.0,17368.0,729110,KBS
2020-04-07 07:00:00,17083.0,17287.0,16797.0,17205.0,1004990,KBS
2020-04-08 07:00:00,17205.0,17205.0,16023.0,16023.0,214760,KBS
2020-04-09 07:00:00,16023.0,16390.0,15085.0,16227.0,28750,KBS
2020-04-10 07:00:00,16145.0,16145.0,15493.0,15656.0,62180,KBS
2020-04-13 07:00:00,15574.0,16634.0,14677.0,15737.0,22220,KBS
2020-04-14 07:00:00,15248.0,15656.0,14922.0,15574.0,52980,KBS
2020-04-15 07:00:00,15493.0,15819.0,15452.0,15574.0,47450,KBS
2020-04-16 07:00:00,15574.0,16471.0,15411.0,16064.0,45210,KBS
2020-04-17 07:00:00,15900.0,16064.0,15900.0,15900.0,553730,KBS
2020-04-20 07:00:00,15900.0,16145.0,15493.0,15900.0,100690,KBS
2020-04-21 07:00:00,15900.0,16064.0,15574.0,15819.0,841820,KBS
2020-04-22 07:00:00,15778.0,15819.0,15493.0,15737.0,24820,KBS
2020-04-23 07:00:00,15737.0,15941.0,15493.0,15737.0,27490,KBS
2020-04-24 07:00:00,15737.0,15819.0,15574.0,15737.0,91910,KBS
2020-04-27 07:00:00,15574.0,15737.0,15167.0,15493.0,58640,KBS
2020-04-28 07:00:00,15493.0,15615.0,15411.0,15493.0,11500,KBS
2020-04-29 07:00:00,15493.0,15493.0,15207.0,15493.0,63940,KBS
2020-05-04 07:00:00,15411.0,15615.0,14596.0,15493.0,33350,KBS
2020-05-05 07:00:00,15493.0,15615.0,15411.0,15493.0,521260,KBS
2020-05-06 07:00:00,15656.0,16553.0,15656.0,16064.0,753550,KBS
2020-05-07 07:00:00,16064.0,17164.0,16023.0,16104.0,588410,KBS
2020-05-08 07:00:00,16145.0,16716.0,16064.0,16145.0,209320,KBS
2020-05-11 07:00:00,15493.0,16064.0,15411.0,15493.0,412560,KBS
2020-05-12 07:00:00,15493.0,16553.0,15493.0,16553.0,926280,KBS
2020-05-13 07:00:00,16308.0,17042.0,16186.0,16308.0,633450,KBS
2020-05-14 07:00:00,16064.0,16064.0,15737.0,15860.0,567940,KBS
2020-05-15 07:00:00,15860.0,15982.0,15493.0,15900.0,942140,KBS
2020-05-18 07:00:00,15737.0,15860.0,15493.0,15493.0,937090,KBS
2020-05-19 07:00:00,15737.0,15819.0,15370.0,15493.0,590530,KBS
2020-05-20 07:00:00,15493.0,15493.0,15330.0,15493.0,511990,KBS
2020-05-21 07:00:00,15411.0,15493.0,15289.0,15411.0,589720,KBS
2020-05-22 07:00:00,15289.0,16145.0,15004.0,15493.0,1922650,KBS
2020-05-25 07:00:00,15737.0,15819.0,15411.0,15452.0,411060,KBS
2020-05-26 07:00:00,15411.0,15493.0,15330.0,15370.0,847650,KBS
2020-05-27 07:00:00,15452.0,15737.0,15248.0,15534.0,1008230,KBS
2020-05-28 07:00:00,15493.0,15534.0,15248.0,15411.0,344770,KBS
2020-05-29 07:00:00,15411.0,15452.0,15085.0,15330.0,394500,KBS
2020-06-01 07:00:00,15289.0,15411.0,15085.0,15330.0,1864500,KBS
2020-06-02 07:00:00,15900.0,15900.0,15493.0,15493.0,1406540,KBS
2020-06-03 07:00:00,15493.0,15982.0,15493.0,15819.0,1655810,KBS
2020-06-04 07:00:00,15819.0,15982.0,15737.0,15819.0,1025910,KBS
2020-06-05 07:00:00,15819.0,15860.0,15574.0,15656.0,749920,KBS
2020-06-08 07:00:00,15656.0,15860.0,15656.0,15656.0,1625000,KBS
2020-06-09 07:00:00,15737.0,16716.0,15656.0,16267.0,1791800,KBS
2020-06-10 07:00:00,16227.0,16267.0,15982.0,16186.0,1117090,KBS
2020-06-11 07:00:00,16145.0,16471.0,15493.0,15493.0,1670770,KBS
2020-06-12 07:00:00,15167.0,15370.0,14922.0,15330.0,935530,KBS
2020-06-15 07:00:00,15330.0,15534.0,14759.0,14759.0,1040650,KBS
2020-06-16 07:00:00,15004.0,15248.0,14922.0,15248.0,807650,KBS
2020-06-17 07:00:00,15248.0,15615.0,15126.0,15411.0,822740,KBS
2020-06-18 07:00:00,15498.0,15585.0,15237.0,15498.0,433290,KBS
2020-06-19 07:00:00,15324.0,15498.0,14976.0,15063.0,734040,KBS
2020-06-22 07:00:00,15107.0,15411.0,14976.0,15019.0,308190,KBS
2020-06-23 07:00:00,15150.0,15237.0,14671.0,14802.0,531830,KBS
2020-06-24 07:00:00,14715.0,15019.0,14323.0,14366.0,868470,KBS
2020-06-25 07:00:00,14018.0,14279.0,13583.0,13931.0,513310,KBS
2020-06-26 07:00:00,14149.0,14366.0,13322.0,13496.0,718390,KBS
2020-06-29 07:00:00,13104.0,13147.0,12581.0,12581.0,649360,KBS
2020-06-30 07:00:00,12581.0,13017.0,12059.0,12625.0,711410,KBS
2020-07-01 07:00:00,12364.0,13322.0,12364.0,13191.0,1349470,KBS
2020-07-02 07:00:00,13147.0,13365.0,12712.0,12712.0,299450,KBS
2020-07-03 07:00:00,12712.0,12973.0,12669.0,12799.0,159940,KBS
2020-07-06 07:00:00,13017.0,13017.0,12625.0,12799.0,396710,KBS
2020-07-07 07:00:00,12799.0,12930.0,12451.0,12712.0,442740,KBS
2020-07-08 07:00:00,12712.0,12712.0,12494.0,12712.0,150250,KBS
2020-07-09 07:00:00,12581.0,13147.0,12581.0,13017.0,796430,KBS
2020-07-10 07:00:00,12973.0,13017.0,12756.0,12973.0,340820,KBS
2020-07-13 07:00:00,13017.0,13060.0,12799.0,12930.0,249260,KBS
2020-07-14 07:00:00,12799.0,12930.0,12581.0,12756.0,559800,KBS
2020-07-15 07:00:00,12886.0,12886.0,12581.0,12799.0,678100,KBS
2020-07-16 07:00:00,12843.0,12843.0,12712.0,12799.0,367760,KBS
2020-07-17 07:00:00,12756.0,12843.0,12625.0,12625.0,334890,KBS
2020-07-20 07:00:00,12712.0,12712.0,12277.0,12277.0,565110,KBS
2020-07-21 07:00:00,12451.0,12451.0,12016.0,12364.0,477890,KBS
2020-07-22 07:00:00,12364.0,12364.0,12059.0,12277.0,230340,KBS
2020-07-23 07:00:00,12277.0,12277.0,11841.0,11841.0,507850,KBS
2020-07-24 07:00:00,11841.0,12451.0,11058.0,11841.0,899570,KBS
2020-07-27 07:00:00,11058.0,11624.0,11014.0,11014.0,461620,KBS
2020-07-28 07:00:00,11014.0,11363.0,10927.0,11232.0,337530,KBS
2020-07-29 07:00:00,11145.0,11145.0,10448.0,10448.0,544040,KBS
2020-07-30 07:00:00,10448.0,10622.0,10056.0,10187.0,270770,KBS
2020-07-31 07:00:00,10187.0,10187.0,9491.0,9665.0,976920,KBS
2020-08-03 07:00:00,9578.0,10318.0,9578.0,10318.0,546960,KBS
2020-08-04 07:00:00,10840.0,10840.0,10579.0,10666.0,955480,KBS
2020-08-05 07:00:00,10622.0,10753.0,10448.0,10710.0,635530,KBS
2020-08-06 07:00:00,10622.0,10622.0,10405.0,10492.0,477340,KBS
2020-08-07 07:00:00,10622.0,10884.0,10448.0,10797.0,806790,KBS
2020-08-10 07:00:00,11145.0,11537.0,10971.0,11537.0,629030,KBS
2020-08-11 07:00:00,12190.0,12190.0,11580.0,11580.0,1287410,KBS
2020-08-12 07:00:00,11580.0,11667.0,11188.0,11406.0,873180,KBS
2020-08-13 07:00:00,11363.0,11580.0,11275.0,11406.0,883550,KBS
2020-08-14 07:00:00,11580.0,11928.0,11319.0,11711.0,1168410,KBS
2020-08-17 07:00:00,11667.0,11711.0,11493.0,11667.0,585230,KBS
2020-08-18 07:00:00,11885.0,11885.0,11624.0,11667.0,560020,KBS
2020-08-19 07:00:00,11667.0,11711.0,11319.0,11319.0,550890,KBS
2020-08-20 07:00:00,11406.0,11580.0,11145.0,11145.0,405600,KBS
2020-08-21 07:00:00,11319.0,11319.0,11101.0,11232.0,415890,KBS
2020-08-24 07:00:00,11493.0,11493.0,11363.0,11363.0,368120,KBS
2020-08-25 07:00:00,11493.0,11537.0,11363.0,11363.0,819400,KBS
2020-08-26 07:00:00,11406.0,11493.0,11319.0,11450.0,382770,KBS
2020-08-27 07:00:00,11406.0,12233.0,11406.0,12233.0,1076430,KBS
2020-08-28 07:00:00,12625.0,12930.0,12364.0,12451.0,1638980,KBS
2020-08-31 07:00:00,12407.0,12581.0,12103.0,12277.0,1735600,KBS
2020-09-01 07:00:00,12059.0,12320.0,12016.0,12190.0,1201630,KBS
2020-09-03 07:00:00,12451.0,12538.0,12059.0,12103.0,1002680,KBS
2020-09-04 07:00:00,11928.0,12016.0,11841.0,12016.0,554930,KBS
2020-09-07 07:00:00,12016.0,12494.0,11885.0,12190.0,1197630,KBS
2020-09-08 07:00:00,12320.0,12669.0,12277.0,12494.0,669430,KBS
2020-09-09 07:00:00,12277.0,12581.0,12233.0,12581.0,957790,KBS
2020-09-10 07:00:00,12625.0,12930.0,12625.0,12756.0,644270,KBS
2020-09-11 07:00:00,12756.0,12930.0,12712.0,12756.0,460810,KBS
2020-09-14 07:00:00,12843.0,13278.0,12625.0,13017.0,983980,KBS
2020-09-15 07:00:00,13147.0,13147.0,12625.0,12886.0,468870,KBS
2020-09-16 07:00:00,12886.0,12930.0,12625.0,12799.0,462660,KBS
2020-09-17 07:00:00,12886.0,12930.0,12669.0,12799.0,514650,KBS
2020-09-18 07:00:00,12756.0,12799.0,12669.0,12712.0,348330,KBS
2020-09-21 07:00:00,12712.0,12886.0,12625.0,12843.0,751450,KBS
2020-09-22 07:00:00,12843.0,13017.0,12756.0,12756.0,561500,KBS
2020-09-23 07:00:00,12886.0,12886.0,12669.0,12843.0,329900,KBS
2020-09-24 07:00:00,12843.0,12886.0,12625.0,12712.0,358160,KBS
2020-09-25 07:00:00,12799.0,12799.0,12277.0,12712.0,629290,KBS
2020-09-28 07:00:00,12756.0,12756.0,12407.0,12407.0,885290,KBS
2020-09-29 07:00:00,12407.0,12581.0,12190.0,12277.0,649570,KBS
2020-09-30 07:00:00,12233.0,12364.0,11928.0,12190.0,435680,KBS
2020-10-01 07:00:00,12146.0,12320.0,12103.0,12233.0,392400,KBS
2020-10-02 07:00:00,12277.0,12625.0,12016.0,12364.0,562580,KBS
2020-10-05 07:00:00,12364.0,12756.0,12364.0,12581.0,1041180,KBS
2020-10-06 07:00:00,12625.0,12625.0,12277.0,12581.0,443380,KBS
2020-10-07 07:00:00,12581.0,12625.0,12407.0,12581.0,809660,KBS
2020-10-08 07:00:00,12581.0,12625.0,12233.0,12451.0,532620,KBS
2020-10-09 07:00:00,12451.0,12581.0,12364.0,12451.0,476490,KBS
2020-10-12 07:00:00,12581.0,12669.0,12190.0,12190.0,334890,KBS
2020-10-13 07:00:00,12407.0,12407.0,12190.0,12190.0,295460,KBS
2020-10-14 07:00:00,12190.0,12320.0,12059.0,12103.0,300710,KBS
2020-10-15 07:00:00,12190.0,12190.0,11711.0,11928.0,430300,KBS
2020-10-16 07:00:00,11928.0,11928.0,11275.0,11711.0,859980,KBS
2020-10-19 07:00:00,11711.0,11885.0,11537.0,11624.0,302710,KBS
2020-10-20 07:00:00,11580.0,11667.0,11319.0,11493.0,449630,KBS
2020-10-21 07:00:00,11580.0,11624.0,11145.0,11319.0,714550,KBS
2020-10-22 07:00:00,11406.0,11537.0,11275.0,11319.0,1721920,KBS
2020-10-23 07:00:00,11406.0,11450.0,11275.0,11406.0,184420,KBS
2020-10-26 07:00:00,11537.0,11537.0,11145.0,11275.0,341210,KBS
2020-10-27 07:00:00,11232.0,11319.0,10666.0,10971.0,397480,KBS
2020-10-28 07:00:00,10971.0,10971.0,10448.0,10971.0,438170,KBS
2020-10-29 07:00:00,10797.0,10971.0,10579.0,10971.0,298940,KBS
2020-10-30 07:00:00,10927.0,11145.0,10840.0,10971.0,229580,KBS
2020-11-02 07:00:00,11145.0,11232.0,10971.0,11145.0,116970,KBS
2020-11-03 07:00:00,11188.0,11232.0,10971.0,11188.0,80340,KBS
2020-11-04 07:00:00,11232.0,11232.0,11058.0,11232.0,257820,KBS
2020-11-05 07:00:00,11232.0,11232.0,11058.0,11145.0,301200,KBS
2020-11-06 07:00:00,11058.0,11232.0,10884.0,10971.0,305170,KBS
2020-11-09 07:00:00,10971.0,11145.0,10927.0,11014.0,150370,KBS
2020-11-10 07:00:00,11145.0,11145.0,10884.0,10884.0,376590,KBS
2020-11-11 07:00:00,10971.0,11058.0,10840.0,10971.0,361890,KBS
2020-11-12 07:00:00,10971.0,11014.0,10884.0,10884.0,350680,KBS
2020-11-13 07:00:00,10840.0,10971.0,10797.0,10884.0,374650,KBS
2020-11-16 07:00:00,10840.0,11014.0,10797.0,10884.0,180670,KBS
2020-11-17 07:00:00,10753.0,10927.0,10710.0,10884.0,360610,KBS
2020-11-18 07:00:00,10840.0,10884.0,10753.0,10884.0,470900,KBS
2020-11-19 07:00:00,10971.0,11624.0,10884.0,11624.0,298090,KBS
2020-11-20 07:00:00,12407.0,12407.0,11841.0,11841.0,1641070,KBS
2020-11-23 07:00:00,11841.0,12190.0,11841.0,11972.0,1029710,KBS
2020-11-24 07:00:00,12016.0,12190.0,11754.0,12016.0,496720,KBS
2020-11-25 07:00:00,12103.0,12146.0,11841.0,11885.0,563970,KBS
2020-11-26 07:00:00,11928.0,12451.0,11754.0,12407.0,928230,KBS
2020-11-27 07:00:00,12451.0,12451.0,12277.0,12277.0,441020,KBS
2020-11-30 07:00:00,12320.0,12320.0,12233.0,12233.0,323830,KBS
2020-12-01 07:00:00,11928.0,12233.0,11928.0,12103.0,534100,KBS
2020-12-02 07:00:00,12190.0,12320.0,12146.0,12233.0,659820,KBS
2020-12-03 07:00:00,12233.0,12930.0,12233.0,12843.0,696950,KBS
2020-12-04 07:00:00,12930.0,13235.0,12799.0,12973.0,757520,KBS
2020-12-07 07:00:00,13191.0,13235.0,13017.0,13147.0,1394060,KBS
2020-12-08 07:00:00,13235.0,13757.0,13235.0,13539.0,1522870,KBS
2020-12-09 07:00:00,13681.0,13869.0,13539.0,13586.0,922900,KBS
2020-12-10 07:00:00,13398.0,13681.0,12926.0,13209.0,846630,KBS
2020-12-11 07:00:00,12973.0,13586.0,12737.0,13209.0,853060,KBS
2020-12-14 07:00:00,13209.0,13586.0,13209.0,13303.0,1287470,KBS
2020-12-15 07:00:00,13398.0,13775.0,13209.0,13398.0,737440,KBS
2020-12-16 07:00:00,13586.0,13586.0,13256.0,13445.0,907360,KBS
2020-12-17 07:00:00,13539.0,13539.0,13209.0,13303.0,352370,KBS
2020-12-18 07:00:00,13303.0,13445.0,13256.0,13398.0,578280,KBS
2020-12-21 07:00:00,13586.0,13586.0,13303.0,13303.0,670080,KBS
2020-12-22 07:00:00,13398.0,14200.0,13256.0,14200.0,1298070,KBS
2020-12-23 07:00:00,14719.0,14907.0,14341.0,14388.0,1090240,KBS
2020-12-24 07:00:00,14436.0,14624.0,13539.0,13869.0,557620,KBS
2020-12-25 07:00:00,13775.0,14530.0,13492.0,14341.0,979060,KBS
2020-12-28 07:00:00,14530.0,14907.0,14341.0,14436.0,835870,KBS
2020-12-29 07:00:00,14388.0,15002.0,14341.0,14766.0,665030,KBS
2020-12-30 07:00:00,14813.0,14813.0,14294.0,14341.0,640780,KBS
2020-12-31 07:00:00,14530.0,14624.0,14388.0,14624.0,339150,KBS
2021-01-04 07:00:00,14624.0,15332.0,14624.0,15096.0,946400,KBS
2021-01-05 07:00:00,15049.0,15426.0,15002.0,15285.0,577600,KBS
2021-01-06 07:00:00,15473.0,15473.0,15002.0,15002.0,648300,KBS
2021-01-07 07:00:00,15096.0,15190.0,14766.0,15002.0,1195000,KBS
2021-01-08 07:00:00,15096.0,15332.0,14955.0,15285.0,851300,KBS
2021-01-11 07:00:00,15379.0,15473.0,15143.0,15285.0,489100,KBS
2021-01-12 07:00:00,15238.0,15757.0,15096.0,15568.0,943300,KBS
2021-01-13 07:00:00,16275.0,16323.0,15238.0,15473.0,1102100,KBS
2021-01-14 07:00:00,15473.0,15945.0,15190.0,15473.0,1361700,KBS
2021-01-15 07:00:00,15473.0,15615.0,15238.0,15238.0,837500,KBS
2021-01-18 07:00:00,15238.0,15379.0,15190.0,15190.0,752700,KBS
2021-01-19 07:00:00,15285.0,16040.0,14200.0,15002.0,1052900,KBS
2021-01-20 07:00:00,14907.0,15002.0,14153.0,14860.0,414400,KBS
2021-01-21 07:00:00,15143.0,15285.0,14719.0,15143.0,705200,KBS
2021-01-22 07:00:00,15143.0,15521.0,14860.0,15190.0,418300,KBS
2021-01-25 07:00:00,14907.0,15332.0,14907.0,15096.0,465000,KBS
2021-01-26 07:00:00,15096.0,15096.0,14341.0,14624.0,794200,KBS
2021-01-27 07:00:00,14247.0,14624.0,13917.0,14247.0,632700,KBS
2021-01-28 07:00:00,13398.0,13775.0,13256.0,13256.0,576000,KBS
2021-01-29 07:00:00,12454.0,13681.0,12454.0,13398.0,425800,KBS
2021-02-01 07:00:00,13020.0,14058.0,12643.0,12784.0,456300,KBS
2021-02-02 07:00:00,12879.0,13115.0,12360.0,13115.0,770900,KBS
2021-02-03 07:00:00,13162.0,13681.0,13068.0,13492.0,861000,KBS
2021-02-04 07:00:00,13492.0,14058.0,13398.0,13775.0,198500,KBS
2021-02-05 07:00:00,13586.0,14247.0,13586.0,13869.0,146300,KBS
2021-02-08 07:00:00,13964.0,13964.0,13115.0,13728.0,586600,KBS
2021-02-09 07:00:00,13539.0,13775.0,13303.0,13775.0,386500,KBS
2021-02-17 07:00:00,13775.0,14153.0,13775.0,14058.0,382100,KBS
2021-02-18 07:00:00,13964.0,14153.0,13869.0,13869.0,433200,KBS
2021-02-19 07:00:00,13775.0,14153.0,13492.0,13681.0,376900,KBS
2021-02-22 07:00:00,13917.0,14058.0,13869.0,14058.0,965100,KBS
2021-02-23 07:00:00,14058.0,14719.0,14058.0,14624.0,939200,KBS
2021-02-24 07:00:00,14860.0,15049.0,14200.0,14530.0,702900,KBS
2021-02-25 07:00:00,14719.0,14813.0,14153.0,14530.0,303900,KBS
2021-02-26 07:00:00,14153.0,14436.0,14058.0,14153.0,541600,KBS
2021-03-01 07:00:00,14341.0,14436.0,13398.0,14105.0,1177700,KBS
2021-03-02 07:00:00,14153.0,14436.0,14058.0,14294.0,610400,KBS
2021-03-03 07:00:00,14436.0,14530.0,14294.0,14388.0,724700,KBS
2021-03-04 07:00:00,14436.0,14624.0,13775.0,13964.0,743200,KBS
2021-03-05 07:00:00,14011.0,14200.0,13869.0,14153.0,503700,KBS
2021-03-08 07:00:00,14341.0,15143.0,14341.0,15143.0,2165000,KBS
2021-03-09 07:00:00,15143.0,15615.0,14907.0,15143.0,1567300,KBS
2021-03-10 07:00:00,15568.0,16181.0,15002.0,16181.0,2437000,KBS
2021-03-11 07:00:00,16323.0,16511.0,15945.0,16134.0,1480800,KBS
2021-03-12 07:00:00,16134.0,16511.0,15851.0,15851.0,1720600,KBS
2021-03-15 07:00:00,15945.0,16936.0,15851.0,16936.0,2747700,KBS
2021-03-16 07:00:00,17266.0,17455.0,16794.0,17077.0,1716000,KBS
2021-03-17 07:00:00,17077.0,17219.0,16700.0,16936.0,1470800,KBS
2021-03-18 07:00:00,17125.0,17125.0,16653.0,16747.0,1271100,KBS
2021-03-19 07:00:00,16747.0,17879.0,16747.0,17879.0,1976700,KBS
2021-03-22 07:00:00,17879.0,18870.0,17879.0,18398.0,1587800,KBS
2021-03-23 07:00:00,18398.0,18445.0,17266.0,17455.0,1479100,KBS
2021-03-24 07:00:00,16983.0,17832.0,16794.0,17455.0,1064500,KBS
2021-03-25 07:00:00,17549.0,18210.0,17266.0,17360.0,964400,KBS
2021-03-26 07:00:00,17266.0,17738.0,16511.0,17360.0,814000,KBS
2021-03-29 07:00:00,17549.0,17927.0,17360.0,17927.0,910100,KBS
2021-03-30 07:00:00,17927.0,18587.0,17832.0,17927.0,1101700,KBS
2021-03-31 07:00:00,18162.0,18304.0,17691.0,17927.0,495200,KBS
2021-04-01 07:00:00,17738.0,18021.0,17360.0,17502.0,1390700,KBS
2021-04-02 07:00:00,17785.0,17785.0,16983.0,16983.0,984300,KBS
2021-04-05 07:00:00,16983.0,17360.0,16936.0,16983.0,963400,KBS
2021-04-06 07:00:00,16983.0,17738.0,16983.0,17266.0,880400,KBS
2021-04-07 07:00:00,17266.0,17738.0,17266.0,17360.0,652600,KBS
2021-04-08 07:00:00,17360.0,17644.0,17313.0,17360.0,457100,KBS
2021-04-09 07:00:00,17360.0,17738.0,17172.0,17313.0,838900,KBS
2021-04-12 07:00:00,17360.0,17455.0,17077.0,17077.0,803800,KBS
2021-04-13 07:00:00,17172.0,17219.0,16040.0,16040.0,1034400,KBS
2021-04-14 07:00:00,16040.0,17125.0,16040.0,17125.0,1162500,KBS
2021-04-15 07:00:00,17360.0,17360.0,16323.0,16653.0,460800,KBS
2021-04-16 07:00:00,16558.0,16842.0,15851.0,16134.0,610000,KBS
2021-04-19 07:00:00,16134.0,16606.0,15757.0,16181.0,614000,KBS
2021-04-20 07:00:00,16181.0,16417.0,15757.0,15757.0,600300,KBS
2021-04-22 07:00:00,15757.0,15804.0,14813.0,14907.0,1092400,KBS
2021-04-23 07:00:00,14766.0,15049.0,14436.0,14813.0,887500,KBS
2021-04-26 07:00:00,15190.0,15379.0,14813.0,15238.0,1074800,KBS
2021-04-27 07:00:00,15285.0,15285.0,14907.0,15096.0,300000,KBS
2021-04-28 07:00:00,15096.0,15426.0,14955.0,15096.0,534800,KBS
2021-04-29 07:00:00,15049.0,15851.0,15049.0,15096.0,404900,KBS
2021-05-04 07:00:00,14813.0,15945.0,14624.0,15662.0,520800,KBS
2021-05-05 07:00:00,15851.0,16181.0,15662.0,15709.0,409800,KBS
2021-05-06 07:00:00,15568.0,15851.0,15426.0,15426.0,381000,KBS
2021-05-07 07:00:00,15615.0,15615.0,15002.0,15190.0,408200,KBS
2021-05-10 07:00:00,15002.0,15190.0,14766.0,14907.0,479500,KBS
2021-05-11 07:00:00,15002.0,15332.0,14907.0,14955.0,403700,KBS
2021-05-12 07:00:00,14955.0,15285.0,14955.0,15238.0,880200,KBS
2021-05-13 07:00:00,15190.0,15426.0,14907.0,14907.0,666900,KBS
2021-05-14 07:00:00,15190.0,15190.0,14719.0,14719.0,650100,KBS
2021-05-17 07:00:00,14813.0,14907.0,14294.0,14388.0,921700,KBS
2021-05-18 07:00:00,14388.0,14436.0,13869.0,14153.0,1299500,KBS
2021-05-19 07:00:00,13964.0,14058.0,13586.0,13634.0,1418900,KBS
2021-05-20 07:00:00,13445.0,13775.0,13068.0,13162.0,747000,KBS
2021-05-21 07:00:00,13209.0,13869.0,13209.0,13209.0,699800,KBS
2021-05-24 07:00:00,13209.0,14105.0,13209.0,14105.0,399900,KBS
2021-05-25 07:00:00,14436.0,14577.0,13917.0,14200.0,635000,KBS
2021-05-26 07:00:00,14294.0,14294.0,13681.0,13681.0,632400,KBS
2021-05-27 07:00:00,13681.0,14058.0,13586.0,13586.0,602400,KBS
2021-05-28 07:00:00,13586.0,13869.0,13351.0,13869.0,713800,KBS
2021-05-31 07:00:00,13964.0,13964.0,13492.0,13964.0,362800,KBS
2021-06-01 07:00:00,13869.0,13869.0,13586.0,13775.0,458100,KBS
2021-06-02 07:00:00,13586.0,14011.0,13492.0,13681.0,546400,KBS
2021-06-03 07:00:00,13964.0,14624.0,13964.0,14624.0,647300,KBS
2021-06-04 07:00:00,14813.0,14813.0,14341.0,14530.0,440900,KBS
2021-06-07 07:00:00,14624.0,14624.0,13964.0,14153.0,347500,KBS
2021-06-08 07:00:00,14153.0,14436.0,13869.0,14011.0,867400,KBS
2021-06-09 07:00:00,14058.0,14153.0,13681.0,14153.0,246500,KBS
2021-06-10 07:00:00,14247.0,14294.0,13822.0,13869.0,393900,KBS
2021-06-11 07:00:00,13869.0,14153.0,13869.0,14011.0,394400,KBS
2021-06-14 07:00:00,14153.0,14624.0,13964.0,14105.0,859400,KBS
2021-06-15 07:00:00,14341.0,14483.0,14200.0,14247.0,765300,KBS
2021-06-16 07:00:00,14436.0,15238.0,14341.0,15190.0,1968200,KBS
2021-06-17 07:00:00,15096.0,15757.0,14907.0,15426.0,1008300,KBS
2021-06-18 07:00:00,15426.0,15662.0,15238.0,15238.0,659400,KBS
2021-06-21 07:00:00,15332.0,15757.0,15238.0,15285.0,1205000,KBS
2021-06-22 07:00:00,15568.0,15757.0,15379.0,15473.0,1552700,KBS
2021-06-23 07:00:00,15473.0,15804.0,15379.0,15379.0,777200,KBS
2021-06-24 07:00:00,15379.0,15568.0,14624.0,14813.0,1123200,KBS
2021-06-25 07:00:00,14813.0,14955.0,14671.0,14766.0,455300,KBS
2021-06-28 07:00:00,14766.0,15049.0,14766.0,14766.0,298700,KBS
2021-06-29 07:00:00,15096.0,15096.0,14624.0,14671.0,319900,KBS
2021-06-30 07:00:00,14671.0,14813.0,14530.0,14530.0,441700,KBS
2021-07-01 07:00:00,14577.0,14671.0,14247.0,14530.0,408400,KBS
2021-07-02 07:00:00,14530.0,14530.0,14105.0,14247.0,561700,KBS
2021-07-05 07:00:00,14247.0,14247.0,13681.0,13964.0,487600,KBS
2021-07-06 07:00:00,13869.0,14153.0,13445.0,13728.0,538700,KBS
2021-07-07 07:00:00,13539.0,13681.0,13209.0,13681.0,419300,KBS
2021-07-08 07:00:00,13586.0,14105.0,13492.0,14105.0,348000,KBS
2021-07-09 07:00:00,13869.0,13964.0,13492.0,13775.0,646900,KBS
2021-07-12 07:00:00,13445.0,13586.0,12832.0,13209.0,644800,KBS
2021-07-13 07:00:00,12879.0,13681.0,12879.0,13681.0,217700,KBS
2021-07-14 07:00:00,13728.0,13728.0,13115.0,13586.0,618100,KBS
2021-07-15 07:00:00,13398.0,13586.0,13115.0,13586.0,187400,KBS
2021-07-16 07:00:00,13634.0,13634.0,13398.0,13398.0,156100,KBS
2021-07-19 07:00:00,13115.0,13398.0,12737.0,12737.0,297200,KBS
2021-07-20 07:00:00,12596.0,13398.0,12549.0,13398.0,789900,KBS
2021-07-21 07:00:00,13492.0,13492.0,13115.0,13209.0,110400,KBS
2021-07-22 07:00:00,13398.0,13445.0,13209.0,13209.0,438200,KBS
2021-07-23 07:00:00,13209.0,13398.0,13162.0,13303.0,405500,KBS
2021-07-26 07:00:00,13115.0,13398.0,13115.0,13351.0,282500,KBS
2021-07-27 07:00:00,13398.0,13492.0,13303.0,13398.0,286500,KBS
2021-07-28 07:00:00,13398.0,13398.0,13115.0,13303.0,472100,KBS
2021-07-29 07:00:00,13351.0,13398.0,13209.0,13303.0,441000,KBS
2021-07-30 07:00:00,13256.0,13728.0,13256.0,13398.0,832400,KBS
2021-08-02 07:00:00,13256.0,13869.0,13256.0,13492.0,750700,KBS
2021-08-03 07:00:00,13398.0,13822.0,13398.0,13586.0,247900,KBS
2021-08-04 07:00:00,13539.0,13634.0,13303.0,13539.0,585600,KBS
2021-08-05 07:00:00,13539.0,13728.0,13351.0,13539.0,455700,KBS
2021-08-06 07:00:00,13586.0,14058.0,13586.0,13681.0,543400,KBS
2021-08-09 07:00:00,13728.0,14624.0,13728.0,14624.0,1378800,KBS
2021-08-10 07:00:00,14907.0,14907.0,14153.0,14671.0,851500,KBS
2021-08-11 07:00:00,14624.0,15285.0,14483.0,14766.0,1344500,KBS
2021-08-12 07:00:00,14813.0,15568.0,14436.0,15473.0,2133900,KBS
2021-08-13 07:00:00,15473.0,15521.0,15002.0,15285.0,1219100,KBS
2021-08-16 07:00:00,15379.0,15709.0,15190.0,15426.0,991000,KBS
2021-08-17 07:00:00,15332.0,16040.0,15190.0,15615.0,1419200,KBS
2021-08-18 07:00:00,15426.0,15992.0,15190.0,15190.0,675800,KBS
2021-08-19 07:00:00,15190.0,15851.0,15190.0,15332.0,1627300,KBS
2021-08-20 07:00:00,15379.0,15615.0,14341.0,14436.0,1615100,KBS
2021-08-23 07:00:00,14436.0,14624.0,14058.0,14058.0,891900,KBS
2021-08-24 07:00:00,14058.0,14247.0,13681.0,13964.0,761100,KBS
2021-08-25 07:00:00,13964.0,14153.0,13775.0,14058.0,559400,KBS
2021-08-26 07:00:00,14105.0,14436.0,14058.0,14436.0,506200,KBS
2021-08-27 07:00:00,14341.0,15002.0,14105.0,15002.0,756600,KBS
2021-08-30 07:00:00,15190.0,15521.0,15096.0,15190.0,1194900,KBS
2021-08-31 07:00:00,15190.0,15568.0,15002.0,15002.0,1055800,KBS
2021-09-01 07:00:00,15049.0,15804.0,15002.0,15804.0,2130600,KBS
2021-09-06 07:00:00,16511.0,16889.0,16370.0,16794.0,2292100,KBS
2021-09-07 07:00:00,16511.0,16794.0,16040.0,16228.0,1594900,KBS
2021-09-08 07:00:00,16228.0,16606.0,15945.0,16417.0,1615300,KBS
2021-09-09 07:00:00,16417.0,16889.0,16417.0,16606.0,1307100,KBS
2021-09-10 07:00:00,16889.0,16889.0,16464.0,16464.0,759800,KBS
2021-09-13 07:00:00,16417.0,16417.0,15757.0,15945.0,1349200,KBS
2021-09-14 07:00:00,15945.0,16134.0,15709.0,16134.0,1031500,KBS
2021-09-15 07:00:00,16040.0,16653.0,15945.0,16653.0,1819700,KBS
2021-09-16 07:00:00,16747.0,16794.0,16511.0,16700.0,1697300,KBS
2021-09-17 07:00:00,17100.0,17150.0,16400.0,16400.0,1041000,KBS
2021-09-20 07:00:00,16500.0,16900.0,16000.0,16000.0,961700,KBS
2021-09-21 07:00:00,15600.0,15900.0,15350.0,15650.0,1060400,KBS
2021-09-22 07:00:00,15750.0,16200.0,15550.0,16100.0,1051700,KBS
2021-09-23 07:00:00,16100.0,16700.0,15800.0,15800.0,1086800,KBS
2021-09-24 07:00:00,15700.0,16000.0,15350.0,15600.0,810900,KBS
2021-09-27 07:00:00,15450.0,15750.0,15000.0,15000.0,820100,KBS
2021-09-28 07:00:00,14900.0,15300.0,14850.0,15250.0,1053100,KBS
2021-09-29 07:00:00,15300.0,15900.0,15250.0,15850.0,742400,KBS
2021-09-30 07:00:00,16000.0,16200.0,15900.0,15900.0,499300,KBS
2021-10-01 07:00:00,15900.0,15950.0,15600.0,15600.0,336400,KBS
2021-10-04 07:00:00,15600.0,16050.0,15600.0,15800.0,577200,KBS
2021-10-05 07:00:00,15750.0,16400.0,15750.0,16250.0,1636000,KBS
2021-10-06 07:00:00,16250.0,16800.0,16200.0,16600.0,2010700,KBS
2021-10-07 07:00:00,16650.0,17450.0,16650.0,17050.0,2234900,KBS
2021-10-08 07:00:00,16950.0,17400.0,16550.0,16550.0,1089100,KBS
2021-10-11 07:00:00,16700.0,16700.0,16400.0,16500.0,998500,KBS
2021-10-12 07:00:00,16500.0,16750.0,16300.0,16500.0,1207700,KBS
2021-10-13 07:00:00,16750.0,16750.0,16450.0,16500.0,758000,KBS
2021-10-14 07:00:00,16650.0,17200.0,16550.0,16800.0,1126400,KBS
2021-10-15 07:00:00,17100.0,17100.0,16500.0,16600.0,818600,KBS
2021-10-18 07:00:00,16600.0,16900.0,16200.0,16200.0,1432300,KBS
2021-10-19 07:00:00,16200.0,16500.0,16050.0,16400.0,782900,KBS
2021-10-20 07:00:00,16300.0,17200.0,16300.0,16900.0,1529200,KBS
2021-10-21 07:00:00,17100.0,17100.0,16600.0,16900.0,682200,KBS
2021-10-22 07:00:00,16900.0,18050.0,16900.0,18050.0,3762000,KBS
2021-10-25 07:00:00,18500.0,18750.0,18200.0,18250.0,1509400,KBS
2021-10-26 07:00:00,17700.0,18250.0,17700.0,18100.0,1087400,KBS
2021-10-27 07:00:00,18200.0,18750.0,18000.0,18300.0,1981300,KBS
2021-10-28 07:00:00,18300.0,19400.0,18000.0,19150.0,2274700,KBS
2021-10-29 07:00:00,19600.0,19600.0,18950.0,19000.0,1801200,KBS
2021-11-01 07:00:00,19000.0,19350.0,18600.0,19000.0,2277200,KBS
2021-11-02 07:00:00,18800.0,19200.0,18800.0,19000.0,1724500,KBS
2021-11-03 07:00:00,19250.0,19500.0,17700.0,17700.0,2419000,KBS
2021-11-04 07:00:00,17500.0,18550.0,17400.0,18000.0,1428700,KBS
2021-11-05 07:00:00,18050.0,18300.0,17800.0,18000.0,1064500,KBS
2021-11-08 07:00:00,18200.0,18800.0,18100.0,18350.0,1241700,KBS
2021-11-09 07:00:00,18500.0,19600.0,18350.0,19300.0,2098500,KBS
2021-11-10 07:00:00,19500.0,19550.0,19200.0,19300.0,1946000,KBS
2021-11-11 07:00:00,19400.0,20650.0,19400.0,20650.0,2891700,KBS
2021-11-12 07:00:00,21500.0,21800.0,20700.0,21600.0,2168900,KBS
2021-11-15 07:00:00,22000.0,22700.0,21300.0,22300.0,2394400,KBS
2021-11-16 07:00:00,21600.0,22500.0,21550.0,21700.0,2620800,KBS
2021-11-17 07:00:00,21700.0,21800.0,21100.0,21250.0,1571200,KBS
2021-11-18 07:00:00,21300.0,22700.0,21300.0,22600.0,1618200,KBS
2021-11-19 07:00:00,23100.0,23600.0,21050.0,22900.0,2348800,KBS
2021-11-22 07:00:00,22800.0,22800.0,21300.0,21300.0,1622800,KBS
2021-11-23 07:00:00,20000.0,21900.0,20000.0,21300.0,1292300,KBS
2021-11-24 07:00:00,21600.0,22000.0,21200.0,21250.0,1047100,KBS
2021-11-25 07:00:00,21300.0,22000.0,21050.0,21700.0,1025300,KBS
2021-11-26 07:00:00,22000.0,22100.0,21000.0,21600.0,1598000,KBS
2021-11-29 07:00:00,21000.0,23100.0,21000.0,23100.0,2239600,KBS
2021-11-30 07:00:00,24700.0,24700.0,23200.0,23650.0,2327900,KBS
2021-12-01 07:00:00,23500.0,24000.0,23200.0,23350.0,1075800,KBS
2021-12-02 07:00:00,23300.0,24400.0,23050.0,23300.0,1147600,KBS
2021-12-03 07:00:00,23300.0,24000.0,21800.0,21800.0,1869000,KBS
2021-12-06 07:00:00,21900.0,22000.0,20300.0,20400.0,1443000,KBS
2021-12-07 07:00:00,21000.0,21300.0,20400.0,21050.0,1093600,KBS
2021-12-08 07:00:00,21100.0,21600.0,20800.0,20800.0,507900,KBS
2021-12-09 07:00:00,21100.0,21600.0,20700.0,21200.0,568100,KBS
2021-12-10 07:00:00,21500.0,22650.0,21500.0,22650.0,1481700,KBS
2021-12-13 07:00:00,24100.0,24200.0,23600.0,24000.0,3238900,KBS
2021-12-14 07:00:00,24000.0,24200.0,23050.0,23350.0,1834900,KBS
2021-12-15 07:00:00,23000.0,24000.0,22700.0,23000.0,1617000,KBS
2021-12-16 07:00:00,22800.0,23900.0,22700.0,23700.0,1208100,KBS
2021-12-17 07:00:00,23900.0,25300.0,23700.0,24450.0,2656800,KBS
2021-12-20 07:00:00,25200.0,25800.0,25000.0,25250.0,2501400,KBS
2021-12-21 07:00:00,25200.0,25600.0,25100.0,25150.0,1224300,KBS
2021-12-22 07:00:00,24950.0,26500.0,24900.0,25650.0,1928800,KBS
2021-12-23 07:00:00,25650.0,26150.0,24200.0,24750.0,2036400,KBS
2021-12-24 07:00:00,24900.0,25750.0,24200.0,24400.0,1284000,KBS
2021-12-27 07:00:00,25000.0,25000.0,24150.0,24500.0,1104100,KBS
2021-12-28 07:00:00,24550.0,26200.0,24550.0,26200.0,2993400,KBS
2021-12-29 07:00:00,27000.0,28000.0,26500.0,27700.0,1868300,KBS
2021-12-30 07:00:00,27500.0,27900.0,26800.0,26800.0,1310300,KBS
2021-12-31 07:00:00,26800.0,28000.0,26250.0,26950.0,1449600,KBS
2022-01-04 07:00:00,26950.0,28500.0,26900.0,27700.0,2191400,KBS
2022-01-05 07:00:00,28200.0,28350.0,27500.0,27500.0,1765300,KBS
2022-01-06 07:00:00,27800.0,28300.0,26900.0,27300.0,1366500,KBS
2022-01-07 07:00:00,27400.0,27600.0,27000.0,27100.0,1796200,KBS
2022-01-10 07:00:00,27100.0,28450.0,26500.0,27150.0,2590900,KBS
2022-01-11 07:00:00,27400.0,29050.0,27150.0,28850.0,2512800,KBS
2022-01-12 07:00:00,28600.0,29900.0,26900.0,28400.0,2725900,KBS
2022-01-13 07:00:00,28800.0,28800.0,26450.0,26450.0,2206000,KBS
2022-01-14 07:00:00,24600.0,27100.0,24600.0,25900.0,1354400,KBS
2022-01-17 07:00:00,25900.0,26500.0,24100.0,24100.0,1627800,KBS
2022-01-18 07:00:00,22800.0,23400.0,22450.0,22450.0,1806600,KBS
2022-01-19 07:00:00,21450.0,22300.0,21050.0,21400.0,1278700,KBS
2022-01-20 07:00:00,21250.0,22850.0,21200.0,22850.0,502100,KBS
2022-01-21 07:00:00,23350.0,24400.0,23300.0,23800.0,1241500,KBS
2022-01-24 07:00:00,23300.0,23500.0,22150.0,22150.0,1093900,KBS
2022-01-25 07:00:00,22000.0,22950.0,21300.0,22650.0,600500,KBS
2022-01-26 07:00:00,23000.0,23000.0,21100.0,21100.0,1128300,KBS
2022-01-27 07:00:00,21100.0,21100.0,19650.0,19800.0,1193200,KBS
2022-01-28 07:00:00,19800.0,20400.0,18750.0,20200.0,779800,KBS
2022-02-07 07:00:00,20200.0,21600.0,20200.0,21600.0,626600,KBS
2022-02-08 07:00:00,21150.0,21850.0,21000.0,21200.0,429200,KBS
2022-02-09 07:00:00,20600.0,21600.0,20500.0,21450.0,679200,KBS
2022-02-10 07:00:00,21500.0,21900.0,21050.0,21300.0,679500,KBS
2022-02-11 07:00:00,21300.0,21400.0,21000.0,21200.0,395700,KBS
2022-02-14 07:00:00,20650.0,22300.0,20200.0,21400.0,935700,KBS
2022-02-15 07:00:00,21300.0,21700.0,20800.0,21250.0,395700,KBS
2022-02-16 07:00:00,21500.0,22450.0,21400.0,22350.0,769100,KBS
2022-02-17 07:00:00,22350.0,22550.0,22050.0,22100.0,512400,KBS
2022-02-18 07:00:00,22000.0,22950.0,21800.0,22700.0,814600,KBS
2022-02-21 07:00:00,22750.0,23700.0,22350.0,23550.0,1345300,KBS
2022-02-22 07:00:00,23400.0,23400.0,22050.0,22600.0,1304700,KBS
2022-02-23 07:00:00,22700.0,22950.0,22400.0,22600.0,648700,KBS
2022-02-24 07:00:00,22350.0,22400.0,21050.0,21500.0,1642800,KBS
2022-02-25 07:00:00,21500.0,22100.0,21500.0,21500.0,806600,KBS
2022-02-28 07:00:00,21500.0,22600.0,21100.0,22300.0,571600,KBS
2022-03-01 07:00:00,22300.0,22950.0,21950.0,22000.0,870800,KBS
2022-03-02 07:00:00,21800.0,22400.0,21600.0,21600.0,918400,KBS
2022-03-03 07:00:00,21600.0,21950.0,21000.0,21700.0,846500,KBS
2022-03-04 07:00:00,21800.0,22800.0,21800.0,22500.0,1217800,KBS
2022-03-07 07:00:00,22600.0,22950.0,22300.0,22650.0,1099100,KBS
2022-03-08 07:00:00,22500.0,23300.0,22150.0,22150.0,1828100,KBS
2022-03-09 07:00:00,22250.0,22500.0,21550.0,22200.0,599500,KBS
2022-03-10 07:00:00,22800.0,22800.0,22400.0,22600.0,491500,KBS
2022-03-11 07:00:00,22550.0,23500.0,22300.0,22700.0,1481500,KBS
2022-03-14 07:00:00,22700.0,23300.0,22500.0,23200.0,1435700,KBS
2022-03-15 07:00:00,23200.0,24800.0,23200.0,24800.0,2449400,KBS
2022-03-16 07:00:00,25300.0,25700.0,24300.0,24300.0,1350400,KBS
2022-03-17 07:00:00,24400.0,25000.0,24250.0,24400.0,1084100,KBS
2022-03-18 07:00:00,24400.0,24950.0,24000.0,24750.0,1671300,KBS
2022-03-21 07:00:00,25050.0,25650.0,24700.0,25050.0,1369100,KBS
2022-03-22 07:00:00,25200.0,25600.0,24600.0,24600.0,1570700,KBS
2022-03-23 07:00:00,24250.0,24900.0,24200.0,24200.0,1185400,KBS
2022-03-24 07:00:00,24200.0,24750.0,23800.0,24400.0,984100,KBS
2022-03-25 07:00:00,24600.0,25500.0,24450.0,24950.0,1320300,KBS
2022-03-28 07:00:00,24800.0,26300.0,24600.0,25700.0,2357700,KBS
2022-03-29 07:00:00,25800.0,26100.0,25600.0,25700.0,1020600,KBS
2022-03-30 07:00:00,25600.0,26200.0,24400.0,24700.0,1245500,KBS
2022-03-31 07:00:00,24900.0,25100.0,23900.0,24200.0,967100,KBS
2022-04-01 07:00:00,24350.0,24500.0,23500.0,24500.0,885900,KBS
2022-04-04 07:00:00,24300.0,25500.0,24200.0,24600.0,1502000,KBS
2022-04-05 07:00:00,24300.0,25150.0,24300.0,24850.0,1468600,KBS
2022-04-06 07:00:00,24400.0,25800.0,24400.0,25100.0,1745200,KBS
2022-04-07 07:00:00,25500.0,25500.0,24500.0,24500.0,1031600,KBS
2022-04-08 07:00:00,24450.0,24600.0,23450.0,23450.0,996500,KBS
2022-04-12 07:00:00,23450.0,23600.0,21850.0,21850.0,945700,KBS
2022-04-13 07:00:00,21700.0,22800.0,21250.0,22800.0,695300,KBS
2022-04-14 07:00:00,22800.0,23050.0,22500.0,22550.0,388000,KBS
2022-04-15 07:00:00,22150.0,22600.0,21800.0,21950.0,646000,KBS
2022-04-18 07:00:00,21500.0,21700.0,20450.0,20450.0,1331900,KBS
2022-04-19 07:00:00,20800.0,20800.0,19050.0,19050.0,747400,KBS
2022-04-20 07:00:00,18200.0,18900.0,17750.0,17750.0,785000,KBS
2022-04-21 07:00:00,16700.0,18500.0,16550.0,17000.0,738300,KBS
2022-04-22 07:00:00,17150.0,17750.0,16000.0,16750.0,504300,KBS
2022-04-25 07:00:00,16750.0,17250.0,15600.0,15600.0,682200,KBS
2022-04-26 07:00:00,15050.0,16300.0,14600.0,16300.0,621600,KBS
2022-04-27 07:00:00,16100.0,16600.0,16000.0,16400.0,361300,KBS
2022-04-28 07:00:00,16500.0,16950.0,16400.0,16400.0,242200,KBS
2022-04-29 07:00:00,16350.0,17000.0,16100.0,16800.0,440500,KBS
2022-05-04 07:00:00,17000.0,17700.0,17000.0,17650.0,553100,KBS
2022-05-05 07:00:00,18000.0,18000.0,17050.0,17400.0,367300,KBS
2022-05-06 07:00:00,16600.0,17100.0,16400.0,16400.0,399800,KBS
2022-05-09 07:00:00,16200.0,16200.0,15300.0,15300.0,511900,KBS
2022-05-10 07:00:00,14300.0,15200.0,14250.0,14800.0,541700,KBS
2022-05-11 07:00:00,15000.0,15400.0,14700.0,15200.0,337100,KBS
2022-05-12 07:00:00,14700.0,15100.0,14150.0,14150.0,242000,KBS
2022-05-13 07:00:00,13650.0,14150.0,13200.0,13200.0,501300,KBS
2022-05-16 07:00:00,13250.0,14100.0,13000.0,13000.0,240600,KBS
2022-05-17 07:00:00,13000.0,13900.0,13000.0,13900.0,303500,KBS
2022-05-18 07:00:00,14400.0,14650.0,14050.0,14150.0,260600,KBS
2022-05-19 07:00:00,13750.0,14300.0,13700.0,14100.0,269400,KBS
2022-05-20 07:00:00,14100.0,14700.0,14000.0,14450.0,294900,KBS
2022-05-23 07:00:00,14500.0,14850.0,13900.0,14200.0,158700,KBS
2022-05-24 07:00:00,14100.0,14200.0,13600.0,13950.0,198400,KBS
2022-05-25 07:00:00,14000.0,14900.0,14000.0,14800.0,482900,KBS
2022-05-26 07:00:00,15200.0,15350.0,14700.0,14850.0,268200,KBS
2022-05-27 07:00:00,14900.0,15200.0,14600.0,14850.0,229000,KBS
2022-05-30 07:00:00,14850.0,15100.0,14800.0,14900.0,220100,KBS
2022-05-31 07:00:00,14850.0,15200.0,14600.0,14950.0,284000,KBS
2022-06-01 07:00:00,14950.0,15250.0,14600.0,14950.0,460900,KBS
2022-06-02 07:00:00,15000.0,15600.0,14900.0,15150.0,464000,KBS
2022-06-03 07:00:00,15150.0,15550.0,14900.0,15150.0,597400,KBS
2022-06-06 07:00:00,15200.0,15250.0,14800.0,14800.0,253100,KBS
2022-06-07 07:00:00,14500.0,14950.0,14200.0,14650.0,343900,KBS
2022-06-08 07:00:00,14650.0,15200.0,14650.0,14950.0,361100,KBS
2022-06-09 07:00:00,15000.0,15450.0,15000.0,15350.0,343000,KBS
2022-06-10 07:00:00,15000.0,15500.0,15000.0,15100.0,441800,KBS
2022-06-13 07:00:00,14350.0,14700.0,14050.0,14050.0,484800,KBS
2022-06-14 07:00:00,13350.0,14100.0,13350.0,13900.0,375800,KBS
2022-06-15 07:00:00,13800.0,13900.0,12950.0,13400.0,411400,KBS
2022-06-16 07:00:00,13800.0,13900.0,13400.0,13400.0,228000,KBS
2022-06-17 07:00:00,13000.0,13300.0,12650.0,12650.0,448300,KBS
2022-06-20 07:00:00,12400.0,12650.0,11850.0,12450.0,613800,KBS
2022-06-21 07:00:00,12150.0,12500.0,11700.0,12000.0,280100,KBS
2022-06-22 07:00:00,12000.0,12500.0,12000.0,12400.0,176300,KBS
2022-06-23 07:00:00,12400.0,12700.0,12000.0,12400.0,114900,KBS
2022-06-24 07:00:00,12850.0,13250.0,12750.0,13000.0,169400,KBS
2022-06-27 07:00:00,13000.0,13300.0,13000.0,13300.0,113400,KBS
2022-06-28 07:00:00,13250.0,13850.0,13250.0,13500.0,213900,KBS
2022-06-29 07:00:00,13400.0,13850.0,13300.0,13500.0,175300,KBS
2022-06-30 07:00:00,13500.0,13600.0,12800.0,12900.0,129500,KBS
2022-07-01 07:00:00,13150.0,13150.0,12700.0,13100.0,193100,KBS
2022-07-04 07:00:00,13050.0,13350.0,13050.0,13200.0,92900,KBS
2022-07-05 07:00:00,13000.0,13300.0,12900.0,12950.0,125800,KBS
2022-07-06 07:00:00,12850.0,13000.0,12600.0,12800.0,193600,KBS
2022-07-07 07:00:00,12900.0,13000.0,12500.0,13000.0,135500,KBS
2022-07-08 07:00:00,13100.0,13900.0,13000.0,13400.0,190700,KBS
2022-07-11 07:00:00,13400.0,13500.0,12800.0,13050.0,106000,KBS
2022-07-12 07:00:00,13300.0,13800.0,13000.0,13500.0,245900,KBS
2022-07-13 07:00:00,13450.0,13900.0,13450.0,13600.0,242900,KBS
2022-07-14 07:00:00,13200.0,13700.0,13200.0,13600.0,210800,KBS
2022-07-15 07:00:00,13700.0,14350.0,13650.0,14000.0,316300,KBS
2022-07-18 07:00:00,14200.0,14650.0,14200.0,14250.0,453400,KBS
2022-07-19 07:00:00,14250.0,14350.0,14000.0,14350.0,163700,KBS
2022-07-20 07:00:00,14500.0,14850.0,14400.0,14400.0,297400,KBS
2022-07-21 07:00:00,14650.0,14650.0,14100.0,14300.0,202700,KBS
2022-07-22 07:00:00,14300.0,14300.0,14050.0,14050.0,104000,KBS
2022-07-25 07:00:00,14000.0,14600.0,13900.0,14400.0,185500,KBS
2022-07-26 07:00:00,14700.0,14900.0,14500.0,14550.0,253500,KBS
2022-07-27 07:00:00,14400.0,14600.0,14250.0,14550.0,131600,KBS
2022-07-28 07:00:00,14900.0,15200.0,14550.0,14800.0,549200,KBS
2022-07-29 07:00:00,14950.0,14950.0,14650.0,14800.0,208200,KBS
2022-08-01 07:00:00,14800.0,15350.0,14700.0,15200.0,281900,KBS
2022-08-02 07:00:00,15200.0,15700.0,15100.0,15450.0,786300,KBS
2022-08-03 07:00:00,15400.0,15500.0,15100.0,15450.0,882500,KBS
2022-08-04 07:00:00,15700.0,16000.0,15400.0,15600.0,398400,KBS
2022-08-05 07:00:00,15300.0,15600.0,15150.0,15550.0,343500,KBS
2022-08-08 07:00:00,15550.0,15800.0,15500.0,15550.0,346900,KBS
2022-08-09 07:00:00,15400.0,15650.0,15350.0,15450.0,241500,KBS
2022-08-10 07:00:00,15200.0,15850.0,15200.0,15600.0,436100,KBS
2022-08-11 07:00:00,15950.0,15950.0,15200.0,15250.0,412200,KBS
2022-08-12 07:00:00,15150.0,15600.0,15000.0,15600.0,257200,KBS
2022-08-15 07:00:00,15500.0,15700.0,15400.0,15600.0,374000,KBS
2022-08-16 07:00:00,15700.0,15700.0,15500.0,15650.0,214100,KBS
2022-08-17 07:00:00,15700.0,15950.0,15600.0,15750.0,502200,KBS
2022-08-18 07:00:00,15500.0,15700.0,15350.0,15600.0,235100,KBS
2022-08-19 07:00:00,15600.0,15600.0,15100.0,15300.0,292000,KBS
2022-08-22 07:00:00,15050.0,15100.0,14250.0,14700.0,670400,KBS
2022-08-23 07:00:00,14400.0,15000.0,14400.0,15000.0,201900,KBS
2022-08-24 07:00:00,15000.0,15000.0,14800.0,14950.0,183100,KBS
2022-08-25 07:00:00,14900.0,15100.0,14850.0,14950.0,190200,KBS
2022-08-26 07:00:00,15000.0,15000.0,14500.0,14650.0,299500,KBS
2022-08-29 07:00:00,14550.0,14550.0,14050.0,14450.0,395100,KBS
2022-08-30 07:00:00,14500.0,14650.0,14300.0,14300.0,188700,KBS
2022-08-31 07:00:00,14300.0,14650.0,14200.0,14600.0,217100,KBS
2022-09-05 07:00:00,14600.0,14650.0,14400.0,14550.0,233500,KBS
2022-09-06 07:00:00,14500.0,14850.0,14500.0,14700.0,243200,KBS
2022-09-07 07:00:00,14450.0,14750.0,14400.0,14400.0,226400,KBS
2022-09-08 07:00:00,14450.0,14450.0,14200.0,14300.0,130100,KBS
2022-09-09 07:00:00,14350.0,14400.0,14050.0,14300.0,155200,KBS
2022-09-12 07:00:00,14400.0,14600.0,14300.0,14400.0,90500,KBS
2022-09-13 07:00:00,14400.0,14600.0,14400.0,14600.0,159400,KBS
2022-09-14 07:00:00,14200.0,15150.0,14200.0,14950.0,319600,KBS
2022-09-15 07:00:00,15100.0,15100.0,14800.0,14800.0,126800,KBS
2022-09-16 07:00:00,14800.0,14800.0,14500.0,14550.0,229800,KBS
2022-09-19 07:00:00,14550.0,14750.0,13550.0,14300.0,364800,KBS
2022-09-20 07:00:00,14300.0,14400.0,14100.0,14350.0,129200,KBS
2022-09-21 07:00:00,14000.0,14700.0,14000.0,14650.0,263800,KBS
2022-09-22 07:00:00,14500.0,15650.0,14500.0,15650.0,1337500,KBS
2022-09-23 07:00:00,16000.0,16200.0,15700.0,15800.0,955800,KBS
2022-09-26 07:00:00,15700.0,16300.0,15450.0,16300.0,1679300,KBS
2022-09-27 07:00:00,16700.0,16700.0,15900.0,15950.0,1045400,KBS
2022-09-28 07:00:00,15700.0,16000.0,14850.0,14850.0,1349000,KBS
2022-09-29 07:00:00,15000.0,15200.0,13850.0,13850.0,1265100,KBS
2022-09-30 07:00:00,13400.0,13800.0,12950.0,13400.0,695200,KBS
2022-10-03 07:00:00,13050.0,13450.0,12500.0,12500.0,682100,KBS
2022-10-04 07:00:00,12800.0,13000.0,12000.0,12500.0,277900,KBS
2022-10-05 07:00:00,12950.0,13050.0,12800.0,12950.0,309200,KBS
2022-10-06 07:00:00,13000.0,13000.0,12150.0,12400.0,231100,KBS
2022-10-07 07:00:00,12050.0,12450.0,11550.0,11900.0,548300,KBS
2022-10-10 07:00:00,11500.0,12100.0,11500.0,11850.0,277100,KBS
2022-10-11 07:00:00,11850.0,11850.0,11050.0,11050.0,410900,KBS
2022-10-12 07:00:00,11050.0,11500.0,10900.0,11300.0,223000,KBS
2022-10-13 07:00:00,11500.0,11500.0,11150.0,11300.0,183300,KBS
2022-10-14 07:00:00,11500.0,11850.0,11400.0,11650.0,255500,KBS
2022-10-17 07:00:00,11600.0,11850.0,11350.0,11850.0,212500,KBS
2022-10-18 07:00:00,11950.0,12400.0,11950.0,12050.0,225500,KBS
2022-10-19 07:00:00,12050.0,12050.0,11700.0,12000.0,118600,KBS
2022-10-20 07:00:00,11700.0,11950.0,11600.0,11950.0,79900,KBS
2022-10-21 07:00:00,11900.0,11900.0,11150.0,11200.0,284500,KBS
2022-10-24 07:00:00,11200.0,11300.0,10450.0,11200.0,403000,KBS
2022-10-25 07:00:00,11200.0,11600.0,10500.0,11200.0,242700,KBS
2022-10-26 07:00:00,11200.0,11250.0,10500.0,11100.0,215800,KBS
2022-10-27 07:00:00,11000.0,11800.0,11000.0,11800.0,197300,KBS
2022-10-28 07:00:00,11800.0,12100.0,11600.0,12000.0,258900,KBS
2022-10-31 07:00:00,12700.0,12800.0,12200.0,12800.0,490400,KBS
2022-11-01 07:00:00,12850.0,13000.0,12600.0,12650.0,205800,KBS
2022-11-02 07:00:00,12550.0,12700.0,12300.0,12600.0,137900,KBS
2022-11-03 07:00:00,12300.0,13000.0,12300.0,12850.0,203300,KBS
2022-11-04 07:00:00,12800.0,12800.0,12000.0,12250.0,160100,KBS
2022-11-07 07:00:00,12200.0,12200.0,11400.0,11400.0,234600,KBS
2022-11-08 07:00:00,10650.0,11400.0,10650.0,11400.0,318300,KBS
2022-11-09 07:00:00,11400.0,11600.0,11050.0,11400.0,314400,KBS
2022-11-10 07:00:00,10850.0,11250.0,10650.0,10650.0,388300,KBS
2022-11-11 07:00:00,10800.0,11000.0,10150.0,10900.0,281500,KBS
2022-11-14 07:00:00,10900.0,11000.0,10150.0,11000.0,318400,KBS
2022-11-15 07:00:00,10300.0,10900.0,10250.0,10800.0,411800,KBS
2022-11-16 07:00:00,10050.0,11300.0,10050.0,11200.0,533500,KBS
2022-11-17 07:00:00,11200.0,11300.0,10950.0,11150.0,249400,KBS
2022-11-18 07:00:00,11100.0,11200.0,10600.0,11100.0,151500,KBS
2022-11-21 07:00:00,11150.0,11200.0,10800.0,11200.0,233500,KBS
2022-11-22 07:00:00,11200.0,11900.0,11100.0,11500.0,266600,KBS
2022-11-23 07:00:00,11500.0,11600.0,11000.0,11300.0,97400,KBS
2022-11-24 07:00:00,10900.0,11200.0,10700.0,10950.0,166800,KBS
2022-11-25 07:00:00,11000.0,11250.0,10900.0,11100.0,190100,KBS
2022-11-28 07:00:00,11250.0,11750.0,11250.0,11650.0,401100,KBS
2022-11-29 07:00:00,11650.0,12200.0,11550.0,11850.0,352800,KBS
2022-11-30 07:00:00,11900.0,12000.0,11600.0,11700.0,310100,KBS
2022-12-01 07:00:00,12000.0,12300.0,11800.0,11900.0,872100,KBS
2022-12-02 07:00:00,11900.0,12200.0,11700.0,12050.0,285100,KBS
2022-12-05 07:00:00,12250.0,12850.0,12100.0,12550.0,648400,KBS
2022-12-06 07:00:00,12650.0,12650.0,11700.0,11700.0,577800,KBS
2022-12-07 07:00:00,11350.0,11800.0,11200.0,11400.0,321100,KBS
2022-12-08 07:00:00,11800.0,11900.0,11450.0,11600.0,298600,KBS
2022-12-09 07:00:00,11600.0,12300.0,11350.0,12300.0,589500,KBS
2022-12-12 07:00:00,12500.0,12550.0,12000.0,12000.0,413400,KBS
2022-12-13 07:00:00,12000.0,12200.0,11600.0,12050.0,182000,KBS
2022-12-14 07:00:00,12300.0,12300.0,11850.0,11950.0,217700,KBS
2022-12-15 07:00:00,11900.0,11950.0,11700.0,11750.0,265800,KBS
2022-12-16 07:00:00,11400.0,12250.0,11400.0,12050.0,404900,KBS
2022-12-19 07:00:00,12300.0,12850.0,12150.0,12850.0,998400,KBS
2022-12-20 07:00:00,12900.0,12950.0,12100.0,12150.0,608700,KBS
2022-12-21 07:00:00,12450.0,12450.0,11350.0,11800.0,538300,KBS
2022-12-22 07:00:00,11900.0,12000.0,11750.0,11900.0,198900,KBS
2022-12-23 07:00:00,11900.0,12600.0,11900.0,12350.0,691400,KBS
2022-12-26 07:00:00,12300.0,12800.0,11500.0,11650.0,581600,KBS
2022-12-27 07:00:00,11650.0,12000.0,11400.0,12000.0,254500,KBS
2022-12-28 07:00:00,12050.0,12250.0,11900.0,12250.0,201100,KBS
2022-12-29 07:00:00,12200.0,12600.0,11800.0,12250.0,196300,KBS
2022-12-30 07:00:00,12300.0,13000.0,12100.0,12700.0,620100,KBS
2023-01-03 07:00:00,13200.0,13550.0,12900.0,13550.0,1039300,KBS
2023-01-04 07:00:00,13900.0,14300.0,13400.0,13400.0,629900,KBS
2023-01-05 07:00:00,13400.0,13600.0,13150.0,13550.0,544200,KBS
2023-01-06 07:00:00,13800.0,13800.0,12900.0,13000.0,529700,KBS
2023-01-09 07:00:00,13150.0,13300.0,13050.0,13100.0,576500,KBS
2023-01-10 07:00:00,13050.0,13850.0,12950.0,13750.0,698500,KBS
2023-01-11 07:00:00,13600.0,13850.0,13150.0,13150.0,943100,KBS
2023-01-12 07:00:00,13100.0,13800.0,13000.0,13650.0,659500,KBS
2023-01-13 07:00:00,13700.0,13900.0,13150.0,13150.0,418300,KBS
2023-01-16 07:00:00,13200.0,13600.0,13100.0,13300.0,584800,KBS
2023-01-17 07:00:00,13300.0,14200.0,13300.0,14200.0,901900,KBS
2023-01-18 07:00:00,14400.0,14450.0,13950.0,14100.0,465000,KBS
2023-01-19 07:00:00,13400.0,14100.0,13400.0,13950.0,279200,KBS
2023-01-27 07:00:00,14200.0,14450.0,13850.0,13900.0,626200,KBS
2023-01-30 07:00:00,14000.0,14400.0,13900.0,14000.0,875200,KBS
2023-01-31 07:00:00,14000.0,14100.0,13550.0,14000.0,694900,KBS
2023-02-01 07:00:00,14000.0,14200.0,13050.0,13050.0,985700,KBS
2023-02-02 07:00:00,13050.0,13200.0,12700.0,13150.0,590500,KBS
2023-02-03 07:00:00,13100.0,13700.0,13050.0,13350.0,370900,KBS
2023-02-06 07:00:00,13350.0,13450.0,13000.0,13200.0,170900,KBS
2023-02-07 07:00:00,13350.0,13350.0,12500.0,12500.0,548100,KBS
2023-02-08 07:00:00,12050.0,12800.0,12050.0,12600.0,382100,KBS
2023-02-09 07:00:00,12650.0,12900.0,12400.0,12500.0,363200,KBS
2023-02-10 07:00:00,12500.0,12700.0,12450.0,12500.0,150000,KBS
2023-02-13 07:00:00,12450.0,12450.0,11900.0,12300.0,258100,KBS
2023-02-14 07:00:00,12200.0,12450.0,12200.0,12300.0,114900,KBS
2023-02-15 07:00:00,12050.0,13100.0,12050.0,12750.0,368800,KBS
2023-02-16 07:00:00,12800.0,13000.0,12750.0,12850.0,170500,KBS
2023-02-17 07:00:00,12850.0,13050.0,12650.0,12650.0,312700,KBS
2023-02-20 07:00:00,12950.0,13200.0,12900.0,13150.0,313200,KBS
2023-02-21 07:00:00,13350.0,13500.0,12850.0,13100.0,396200,KBS
2023-02-22 07:00:00,12800.0,13300.0,12700.0,12800.0,326400,KBS
2023-02-23 07:00:00,12700.0,12900.0,12400.0,12800.0,304300,KBS
2023-02-24 07:00:00,12900.0,13000.0,12750.0,12900.0,241000,KBS
2023-02-27 07:00:00,12550.0,12700.0,12000.0,12050.0,838300,KBS
2023-02-28 07:00:00,12050.0,12400.0,11950.0,12200.0,469500,KBS
2023-03-01 07:00:00,11900.0,12550.0,11900.0,12550.0,264500,KBS
2023-03-02 07:00:00,12400.0,12600.0,12350.0,12500.0,138900,KBS
2023-03-03 07:00:00,12500.0,12650.0,12350.0,12500.0,83200,KBS
2023-03-06 07:00:00,12600.0,12850.0,12350.0,12350.0,143200,KBS
2023-03-07 07:00:00,12500.0,12600.0,12350.0,12350.0,67300,KBS
2023-03-08 07:00:00,12250.0,12500.0,12250.0,12500.0,127900,KBS
2023-03-09 07:00:00,12500.0,12700.0,12450.0,12600.0,228700,KBS
2023-03-10 07:00:00,12400.0,12600.0,12300.0,12300.0,144700,KBS
2023-03-13 07:00:00,12300.0,12300.0,12050.0,12200.0,178500,KBS
2023-03-14 07:00:00,12150.0,12150.0,11750.0,11900.0,403900,KBS
2023-03-15 07:00:00,12400.0,12500.0,12150.0,12300.0,240300,KBS
2023-03-16 07:00:00,12000.0,12200.0,11900.0,12150.0,125800,KBS
2023-03-17 07:00:00,12300.0,12300.0,12000.0,12150.0,91100,KBS
2023-03-20 07:00:00,12100.0,12250.0,11850.0,11850.0,185200,KBS
2023-03-21 07:00:00,12100.0,12100.0,11700.0,11950.0,87000,KBS
2023-03-22 07:00:00,12150.0,12150.0,11850.0,11900.0,99500,KBS
2023-03-23 07:00:00,11850.0,12000.0,11800.0,12000.0,112000,KBS
2023-03-24 07:00:00,11900.0,12100.0,11900.0,12050.0,215600,KBS
2023-03-27 07:00:00,12050.0,12100.0,11950.0,12050.0,118600,KBS
2023-03-28 07:00:00,12200.0,12400.0,12050.0,12250.0,308400,KBS
2023-03-29 07:00:00,12250.0,12300.0,12100.0,12300.0,118100,KBS
2023-03-30 07:00:00,12350.0,12450.0,12250.0,12350.0,200500,KBS
2023-03-31 07:00:00,12300.0,12350.0,12200.0,12350.0,107700,KBS
2023-04-03 07:00:00,12450.0,12650.0,12400.0,12650.0,300100,KBS
2023-04-04 07:00:00,12650.0,12650.0,12300.0,12500.0,274500,KBS
2023-04-05 07:00:00,12400.0,12900.0,12400.0,12900.0,402600,KBS
2023-04-06 07:00:00,13000.0,13100.0,12600.0,12600.0,380600,KBS
2023-04-07 07:00:00,12600.0,12800.0,12500.0,12700.0,127300,KBS
2023-04-10 07:00:00,12600.0,13200.0,12600.0,12600.0,401700,KBS
2023-04-11 07:00:00,12700.0,13000.0,12500.0,13000.0,270000,KBS
2023-04-12 07:00:00,13150.0,13150.0,12800.0,12900.0,217900,KBS
2023-04-13 07:00:00,12900.0,12950.0,12600.0,12650.0,174000,KBS
2023-04-14 07:00:00,12650.0,12800.0,12400.0,12400.0,263600,KBS
2023-04-17 07:00:00,12400.0,12600.0,12200.0,12500.0,164700,KBS
2023-04-18 07:00:00,12750.0,12750.0,12450.0,12650.0,126700,KBS
2023-04-19 07:00:00,12650.0,12650.0,12100.0,12250.0,326900,KBS
2023-04-20 07:00:00,12350.0,12350.0,12000.0,12250.0,160100,KBS
2023-04-21 07:00:00,12200.0,12300.0,12000.0,12150.0,146100,KBS
2023-04-24 07:00:00,12150.0,12250.0,12000.0,12200.0,104600,KBS
2023-04-25 07:00:00,12250.0,12250.0,12050.0,12200.0,66800,KBS
2023-04-26 07:00:00,12100.0,12200.0,12000.0,12200.0,164500,KBS
2023-04-27 07:00:00,12200.0,12450.0,12100.0,12300.0,262400,KBS
2023-04-28 07:00:00,12350.0,12500.0,12200.0,12350.0,146600,KBS
2023-05-04 07:00:00,12250.0,12250.0,12000.0,12050.0,377000,KBS
2023-05-05 07:00:00,12100.0,12100.0,11900.0,11950.0,420000,KBS
2023-05-08 07:00:00,11950.0,12150.0,11900.0,12050.0,224600,KBS
2023-05-09 07:00:00,12150.0,12150.0,12000.0,12100.0,285100,KBS
2023-05-10 07:00:00,12100.0,12300.0,12050.0,12300.0,491600,KBS
2023-05-11 07:00:00,12400.0,12450.0,12250.0,12300.0,362300,KBS
2023-05-12 07:00:00,12250.0,12600.0,12200.0,12550.0,847400,KBS
2023-05-15 07:00:00,12550.0,12650.0,12400.0,12500.0,389500,KBS
2023-05-16 07:00:00,12550.0,12600.0,12400.0,12450.0,642700,KBS
2023-05-17 07:00:00,12450.0,12750.0,12400.0,12600.0,1245200,KBS
2023-05-18 07:00:00,12650.0,13450.0,12650.0,13450.0,1910200,KBS
2023-05-19 07:00:00,13600.0,13850.0,13000.0,13450.0,1013500,KBS
2023-05-22 07:00:00,13450.0,13900.0,13450.0,13650.0,1184200,KBS
2023-05-23 07:00:00,13700.0,14450.0,13550.0,14400.0,1580800,KBS
2023-05-24 07:00:00,14300.0,14500.0,14100.0,14350.0,898300,KBS
2023-05-25 07:00:00,14250.0,14850.0,14250.0,14350.0,417100,KBS
2023-05-26 07:00:00,14250.0,14800.0,14250.0,14800.0,765600,KBS
2023-05-29 07:00:00,15000.0,15000.0,14550.0,14800.0,695100,KBS
2023-05-30 07:00:00,14900.0,14900.0,14550.0,14750.0,621100,KBS
2023-05-31 07:00:00,14750.0,14800.0,14500.0,14550.0,602400,KBS
2023-06-01 07:00:00,14500.0,14850.0,14500.0,14600.0,761700,KBS
2023-06-02 07:00:00,15200.0,15200.0,14500.0,14700.0,881100,KBS
2023-06-05 07:00:00,14700.0,14750.0,14400.0,14400.0,914400,KBS
2023-06-06 07:00:00,14300.0,14550.0,14100.0,14550.0,781800,KBS
2023-06-07 07:00:00,14700.0,14900.0,14500.0,14700.0,962900,KBS
2023-06-08 07:00:00,14850.0,14850.0,14400.0,14400.0,580900,KBS
2023-06-09 07:00:00,14300.0,14400.0,14000.0,14400.0,360600,KBS
2023-06-12 07:00:00,14600.0,15200.0,14400.0,15150.0,1094700,KBS
2023-06-13 07:00:00,15450.0,15450.0,14950.0,15100.0,538500,KBS
2023-06-14 07:00:00,15200.0,15250.0,14450.0,14500.0,550100,KBS
2023-06-15 07:00:00,14550.0,14550.0,14050.0,14300.0,368100,KBS
2023-06-16 07:00:00,14300.0,14650.0,14200.0,14300.0,612100,KBS
2023-06-19 07:00:00,14300.0,14600.0,14150.0,14350.0,308000,KBS
2023-06-20 07:00:00,14500.0,14900.0,14400.0,14900.0,361800,KBS
2023-06-21 07:00:00,14900.0,15400.0,14700.0,15300.0,1174500,KBS
2023-06-22 07:00:00,15750.0,15800.0,15300.0,15500.0,963900,KBS
2023-06-23 07:00:00,15500.0,15500.0,14950.0,14950.0,938600,KBS
2023-06-26 07:00:00,14850.0,15100.0,14500.0,14650.0,984700,KBS
2023-06-27 07:00:00,14700.0,15200.0,14700.0,15100.0,684800,KBS
2023-06-28 07:00:00,15000.0,15150.0,14700.0,14750.0,388500,KBS
2023-06-29 07:00:00,14700.0,14850.0,14500.0,14600.0,440700,KBS
2023-06-30 07:00:00,14500.0,14700.0,14400.0,14400.0,482000,KBS
2023-07-03 07:00:00,14500.0,15000.0,14500.0,14850.0,381200,KBS
2023-07-04 07:00:00,15000.0,15500.0,14950.0,15150.0,1275200,KBS
2023-07-05 07:00:00,15250.0,15300.0,15000.0,15050.0,506900,KBS
2023-07-06 07:00:00,15050.0,15050.0,14500.0,14650.0,549600,KBS
2023-07-07 07:00:00,14650.0,15400.0,14500.0,15200.0,1261500,KBS
2023-07-10 07:00:00,15450.0,16250.0,15400.0,16250.0,1611000,KBS
2023-07-11 07:00:00,16500.0,16700.0,16150.0,16200.0,1223800,KBS
2023-07-12 07:00:00,16350.0,16900.0,16000.0,16700.0,1546200,KBS
2023-07-13 07:00:00,16700.0,16850.0,16400.0,16500.0,1039400,KBS
2023-07-14 07:00:00,16600.0,16750.0,16400.0,16650.0,1105600,KBS
2023-07-17 07:00:00,16650.0,16750.0,16350.0,16400.0,970400,KBS
2023-07-18 07:00:00,16400.0,16600.0,16100.0,16200.0,1040500,KBS
2023-07-19 07:00:00,16400.0,16550.0,16150.0,16250.0,899700,KBS
2023-07-20 07:00:00,16300.0,17000.0,16200.0,16700.0,1138800,KBS
2023-07-21 07:00:00,16700.0,16950.0,16550.0,16800.0,1121500,KBS
2023-07-24 07:00:00,16950.0,17250.0,16600.0,16900.0,1138000,KBS
2023-07-25 07:00:00,17000.0,17000.0,16250.0,16400.0,933000,KBS
2023-07-26 07:00:00,16400.0,16550.0,16350.0,16400.0,712800,KBS
2023-07-27 07:00:00,16550.0,16550.0,16000.0,16200.0,1450700,KBS
2023-07-28 07:00:00,16300.0,16450.0,16200.0,16300.0,672900,KBS
2023-07-31 07:00:00,16500.0,16750.0,16250.0,16700.0,965900,KBS
2023-08-01 07:00:00,16800.0,16950.0,16400.0,16700.0,1174700,KBS
2023-08-02 07:00:00,16700.0,16950.0,16550.0,16950.0,1476900,KBS
2023-08-03 07:00:00,17200.0,17950.0,17150.0,17300.0,1505000,KBS
2023-08-04 07:00:00,17500.0,17500.0,17200.0,17300.0,686200,KBS
2023-08-07 07:00:00,17500.0,17600.0,17100.0,17150.0,1090700,KBS
2023-08-08 07:00:00,17200.0,17300.0,17000.0,17000.0,891800,KBS
2023-08-09 07:00:00,17100.0,17200.0,16900.0,17000.0,551000,KBS
2023-08-10 07:00:00,17000.0,17450.0,16950.0,17250.0,1079000,KBS
2023-08-11 07:00:00,17250.0,17300.0,16100.0,16400.0,2306900,KBS
2023-08-14 07:00:00,16600.0,16800.0,16350.0,16550.0,1100400,KBS
2023-08-15 07:00:00,16500.0,16900.0,16500.0,16750.0,781900,KBS
2023-08-16 07:00:00,16750.0,16750.0,16450.0,16550.0,638300,KBS
2023-08-17 07:00:00,16500.0,16600.0,16350.0,16400.0,707200,KBS
2023-08-18 07:00:00,16300.0,16400.0,15300.0,15300.0,1450300,KBS
2023-08-21 07:00:00,15050.0,15200.0,14700.0,14850.0,624000,KBS
2023-08-22 07:00:00,14900.0,15100.0,14350.0,15050.0,459600,KBS
2023-08-23 07:00:00,15250.0,15300.0,15000.0,15050.0,490200,KBS
2023-08-24 07:00:00,15150.0,15300.0,15000.0,15300.0,411400,KBS
2023-08-25 07:00:00,15450.0,15800.0,15400.0,15400.0,506900,KBS
2023-08-28 07:00:00,15400.0,15500.0,15350.0,15450.0,360000,KBS
2023-08-29 07:00:00,15700.0,15700.0,15250.0,15350.0,763200,KBS
2023-08-30 07:00:00,15500.0,15500.0,15300.0,15400.0,400900,KBS
2023-08-31 07:00:00,15550.0,15850.0,15350.0,15600.0,631700,KBS
2023-09-05 07:00:00,16100.0,16100.0,15800.0,15850.0,867000,KBS
2023-09-06 07:00:00,15800.0,16200.0,15800.0,16100.0,530200,KBS
2023-09-07 07:00:00,16250.0,16500.0,16100.0,16100.0,816100,KBS
2023-09-08 07:00:00,16000.0,16250.0,16000.0,16150.0,432700,KBS
2023-09-11 07:00:00,16200.0,16850.0,16200.0,16200.0,1305800,KBS
2023-09-12 07:00:00,16150.0,16700.0,16150.0,16700.0,718500,KBS
2023-09-13 07:00:00,16750.0,17400.0,16750.0,17000.0,2012800,KBS
2023-09-14 07:00:00,17000.0,17150.0,16400.0,16500.0,600100,KBS
2023-09-15 07:00:00,16500.0,16700.0,16100.0,16400.0,576500,KBS
2023-09-18 07:00:00,16350.0,16450.0,16100.0,16150.0,311900,KBS
2023-09-19 07:00:00,16350.0,16350.0,15800.0,16000.0,496600,KBS
2023-09-20 07:00:00,16200.0,16800.0,16050.0,16800.0,932400,KBS
2023-09-21 07:00:00,16800.0,17000.0,16550.0,16550.0,717400,KBS
2023-09-22 07:00:00,16250.0,16350.0,15800.0,15850.0,824900,KBS
2023-09-25 07:00:00,15900.0,15900.0,14750.0,14750.0,761600,KBS
2023-09-26 07:00:00,14750.0,15200.0,14500.0,14500.0,642000,KBS
2023-09-27 07:00:00,14400.0,15000.0,14400.0,14950.0,378800,KBS
2023-09-28 07:00:00,14950.0,14950.0,14750.0,14850.0,214400,KBS
2023-09-29 07:00:00,15200.0,15200.0,14850.0,14850.0,297700,KBS
2023-10-02 07:00:00,14950.0,15350.0,14900.0,15100.0,257400,KBS
2023-10-03 07:00:00,15050.0,15700.0,14800.0,15250.0,1060700,KBS
2023-10-04 07:00:00,15200.0,15800.0,14900.0,15400.0,359300,KBS
2023-10-05 07:00:00,15300.0,15550.0,15100.0,15150.0,248100,KBS
2023-10-06 07:00:00,15100.0,15400.0,15000.0,15400.0,399800,KBS
2023-10-09 07:00:00,15250.0,15400.0,15200.0,15350.0,244600,KBS
2023-10-10 07:00:00,15550.0,15600.0,15350.0,15450.0,272600,KBS
2023-10-11 07:00:00,15350.0,15900.0,15350.0,15900.0,325600,KBS
2023-10-12 07:00:00,16050.0,16050.0,15350.0,15350.0,570900,KBS
2023-10-13 07:00:00,15250.0,15600.0,15200.0,15600.0,504800,KBS
2023-10-16 07:00:00,15650.0,15850.0,15600.0,15600.0,440200,KBS
2023-10-17 07:00:00,15550.0,15900.0,15350.0,15350.0,373600,KBS
2023-10-18 07:00:00,15350.0,15650.0,14300.0,14850.0,640300,KBS
2023-10-19 07:00:00,14850.0,15300.0,14700.0,14800.0,309400,KBS
2023-10-20 07:00:00,15100.0,15250.0,14550.0,15250.0,230300,KBS
2023-10-23 07:00:00,15200.0,15300.0,15000.0,15150.0,247300,KBS
2023-10-24 07:00:00,15200.0,15750.0,15050.0,15750.0,590900,KBS
2023-10-25 07:00:00,15900.0,15950.0,15650.0,15700.0,442900,KBS
2023-10-26 07:00:00,15550.0,15550.0,14650.0,15200.0,609000,KBS
2023-10-27 07:00:00,15200.0,15600.0,14800.0,15600.0,318600,KBS
2023-10-30 07:00:00,15550.0,15650.0,15250.0,15250.0,339000,KBS
2023-10-31 07:00:00,14800.0,15250.0,14550.0,14550.0,331300,KBS
2023-11-01 07:00:00,14600.0,14650.0,13550.0,14000.0,832000,KBS
2023-11-02 07:00:00,14150.0,14450.0,13800.0,14450.0,415200,KBS
2023-11-03 07:00:00,14400.0,14400.0,13950.0,14300.0,266600,KBS
2023-11-06 07:00:00,14450.0,14500.0,14050.0,14350.0,291900,KBS
2023-11-07 07:00:00,14100.0,14400.0,14050.0,14250.0,294700,KBS
2023-11-08 07:00:00,14250.0,14900.0,14000.0,14800.0,374700,KBS
2023-11-09 07:00:00,14850.0,14950.0,14600.0,14650.0,378400,KBS
2023-11-10 07:00:00,14700.0,14700.0,14300.0,14550.0,279400,KBS
2023-11-13 07:00:00,14500.0,14650.0,14050.0,14550.0,305000,KBS
2023-11-14 07:00:00,14700.0,14700.0,14350.0,14500.0,313600,KBS
2023-11-15 07:00:00,14800.0,14800.0,14400.0,14550.0,543600,KBS
2023-11-16 07:00:00,14550.0,14550.0,14350.0,14550.0,165400,KBS
2023-11-17 07:00:00,14650.0,15100.0,14550.0,14650.0,920400,KBS
2023-11-20 07:00:00,14450.0,14750.0,14450.0,14650.0,241300,KBS
2023-11-21 07:00:00,14700.0,14800.0,14500.0,14700.0,515100,KBS
2023-11-22 07:00:00,14700.0,15100.0,14700.0,15050.0,858800,KBS
2023-11-23 07:00:00,15200.0,15200.0,14550.0,14550.0,748400,KBS
2023-11-24 07:00:00,14500.0,14700.0,14100.0,14500.0,345400,KBS
2023-11-27 07:00:00,14550.0,14550.0,14200.0,14500.0,486100,KBS
2023-11-28 07:00:00,14350.0,14500.0,14100.0,14250.0,616700,KBS
2023-11-29 07:00:00,14350.0,14500.0,14300.0,14450.0,414100,KBS
2023-11-30 07:00:00,14450.0,14600.0,14300.0,14500.0,532500,KBS
2023-12-01 07:00:00,14500.0,14550.0,14400.0,14550.0,934900,KBS
2023-12-04 07:00:00,14600.0,15000.0,14600.0,14950.0,468400,KBS
2023-12-05 07:00:00,14950.0,15000.0,14700.0,14800.0,246800,KBS
2023-12-06 07:00:00,14900.0,15200.0,14900.0,15100.0,593300,KBS
2023-12-07 07:00:00,15250.0,15250.0,14600.0,14900.0,453300,KBS
2023-12-08 07:00:00,14900.0,15000.0,14600.0,14600.0,357000,KBS
2023-12-11 07:00:00,14700.0,14750.0,14550.0,14750.0,178200,KBS
2023-12-12 07:00:00,14800.0,14850.0,14600.0,14800.0,115300,KBS
2023-12-13 07:00:00,14800.0,14850.0,14500.0,14500.0,412200,KBS
2023-12-14 07:00:00,14650.0,14700.0,14400.0,14500.0,256200,KBS
2023-12-15 07:00:00,14400.0,14500.0,14300.0,14300.0,205600,KBS
2023-12-18 07:00:00,14350.0,14350.0,14000.0,14000.0,193300,KBS
2023-12-19 07:00:00,14000.0,14300.0,13900.0,14300.0,231300,KBS
2023-12-20 07:00:00,14350.0,14800.0,14350.0,14750.0,630900,KBS
2023-12-21 07:00:00,14750.0,14750.0,14550.0,14600.0,238400,KBS
2023-12-22 07:00:00,14750.0,14750.0,14500.0,14600.0,289000,KBS
2023-12-25 07:00:00,14700.0,14850.0,14500.0,14850.0,381700,KBS
2023-12-26 07:00:00,14850.0,15450.0,14850.0,15250.0,721800,KBS
2023-12-27 07:00:00,15350.0,15500.0,15150.0,15250.0,336600,KBS
2023-12-28 07:00:00,15200.0,15500.0,15100.0,15400.0,763300,KBS
2023-12-29 07:00:00,15400.0,15550.0,15300.0,15400.0,361000,KBS
2024-01-02 07:00:00,15550.0,15550.0,15200.0,15250.0,320400,KBS
2024-01-03 07:00:00,15200.0,16000.0,15200.0,15650.0,734900,KBS
2024-01-04 07:00:00,15800.0,15800.0,15450.0,15500.0,399000,KBS
2024-01-05 07:00:00,15400.0,15550.0,15200.0,15250.0,414100,KBS
2024-01-08 07:00:00,15300.0,15600.0,15250.0,15600.0,308900,KBS
2024-01-09 07:00:00,15600.0,15700.0,15300.0,15550.0,384200,KBS
2024-01-10 07:00:00,15650.0,15700.0,15300.0,15350.0,718100,KBS
2024-01-11 07:00:00,15350.0,15500.0,15150.0,15350.0,330200,KBS
2024-01-12 07:00:00,15300.0,15300.0,14850.0,15000.0,437800,KBS
2024-01-15 07:00:00,14850.0,15050.0,14850.0,14900.0,339100,KBS
2024-01-16 07:00:00,14850.0,15300.0,14600.0,15300.0,162100,KBS
2024-01-17 07:00:00,15200.0,15200.0,14900.0,15050.0,337900,KBS
2024-01-18 07:00:00,15150.0,15150.0,15000.0,15050.0,76200,KBS
2024-01-19 07:00:00,15150.0,15450.0,15050.0,15300.0,358900,KBS
2024-01-22 07:00:00,15300.0,15300.0,15000.0,15050.0,181200,KBS
2024-01-23 07:00:00,15050.0,15300.0,14950.0,14950.0,557400,KBS
2024-01-24 07:00:00,14950.0,15100.0,14900.0,15000.0,221800,KBS
2024-01-25 07:00:00,14900.0,15100.0,14900.0,15100.0,168600,KBS
2024-01-26 07:00:00,15050.0,15150.0,14950.0,14950.0,263700,KBS
2024-01-29 07:00:00,14900.0,15100.0,14900.0,15000.0,568200,KBS
2024-01-30 07:00:00,15000.0,15550.0,15000.0,15550.0,944900,KBS
2024-01-31 07:00:00,15550.0,15600.0,15300.0,15400.0,490200,KBS
2024-02-01 07:00:00,15500.0,16400.0,15350.0,16400.0,1686700,KBS
2024-02-02 07:00:00,16450.0,16450.0,16100.0,16400.0,544200,KBS
2024-02-05 07:00:00,16400.0,16600.0,16200.0,16500.0,608800,KBS
2024-02-06 07:00:00,16500.0,16800.0,16300.0,16400.0,518700,KBS
2024-02-07 07:00:00,16400.0,16650.0,16300.0,16500.0,295300,KBS
2024-02-15 07:00:00,16450.0,16650.0,16350.0,16500.0,394800,KBS
2024-02-16 07:00:00,16500.0,16700.0,16400.0,16600.0,658800,KBS
2024-02-19 07:00:00,16650.0,16700.0,16250.0,16450.0,625500,KBS
2024-02-20 07:00:00,16400.0,16900.0,16250.0,16800.0,1230800,KBS
2024-02-21 07:00:00,16800.0,16850.0,16500.0,16550.0,403900,KBS
2024-02-22 07:00:00,16500.0,16650.0,16450.0,16500.0,482700,KBS
2024-02-23 07:00:00,16600.0,16600.0,15700.0,15850.0,1088600,KBS
2024-02-26 07:00:00,15850.0,15950.0,15650.0,15900.0,418000,KBS
2024-02-27 07:00:00,16000.0,16200.0,15900.0,16050.0,321700,KBS
2024-02-28 07:00:00,16050.0,16150.0,15900.0,16000.0,511100,KBS
2024-02-29 07:00:00,16000.0,16000.0,15800.0,15950.0,494000,KBS
2024-03-01 07:00:00,15950.0,16350.0,15750.0,16150.0,460400,KBS
2024-03-04 07:00:00,16400.0,16400.0,16100.0,16250.0,590900,KBS
2024-03-05 07:00:00,16400.0,16500.0,16000.0,16150.0,550900,KBS
2024-03-06 07:00:00,16100.0,16150.0,15700.0,15800.0,729100,KBS
2024-03-07 07:00:00,15750.0,15950.0,15550.0,15750.0,667200,KBS
2024-03-08 07:00:00,15900.0,15900.0,15500.0,15750.0,492200,KBS
2024-03-11 07:00:00,15800.0,15800.0,15450.0,15450.0,439300,KBS
2024-03-12 07:00:00,15500.0,15700.0,15300.0,15550.0,415600,KBS
2024-03-13 07:00:00,15600.0,15800.0,15500.0,15750.0,415100,KBS
2024-03-14 07:00:00,15900.0,15900.0,15650.0,15800.0,535100,KBS
2024-03-15 07:00:00,15700.0,16100.0,15700.0,15800.0,486100,KBS
2024-03-18 07:00:00,15850.0,15900.0,14750.0,15500.0,664000,KBS
2024-03-19 07:00:00,15750.0,15750.0,15350.0,15550.0,366300,KBS
2024-03-20 07:00:00,15500.0,15850.0,15500.0,15850.0,419100,KBS
2024-03-21 07:00:00,16000.0,16000.0,15800.0,15950.0,297400,KBS
2024-03-22 07:00:00,16000.0,16350.0,15900.0,16100.0,1048900,KBS
2024-03-25 07:00:00,16100.0,16500.0,15950.0,16000.0,1182200,KBS
2024-03-26 07:00:00,16000.0,16100.0,15850.0,16050.0,610100,KBS
2024-03-27 07:00:00,16050.0,16200.0,16000.0,16050.0,482900,KBS
2024-03-28 07:00:00,16250.0,16250.0,15900.0,16000.0,411200,KBS
2024-03-29 07:00:00,15850.0,15950.0,15800.0,15800.0,432700,KBS
2024-04-01 07:00:00,15750.0,16200.0,15650.0,16200.0,555800,KBS
2024-04-02 07:00:00,16200.0,16200.0,15900.0,16050.0,387700,KBS
2024-04-03 07:00:00,16100.0,16550.0,16100.0,16200.0,1574800,KBS
2024-04-04 07:00:00,16100.0,16300.0,15950.0,16200.0,392200,KBS
2024-04-05 07:00:00,16100.0,16100.0,15800.0,15800.0,570800,KBS
2024-04-08 07:00:00,15800.0,15900.0,15650.0,15750.0,420800,KBS
2024-04-09 07:00:00,15750.0,15900.0,15650.0,15900.0,334700,KBS
2024-04-10 07:00:00,15900.0,16000.0,15650.0,15650.0,264500,KBS
2024-04-11 07:00:00,15650.0,15650.0,15400.0,15650.0,298000,KBS
2024-04-12 07:00:00,15650.0,15800.0,15550.0,15750.0,432400,KBS
2024-04-15 07:00:00,15800.0,15800.0,14650.0,14650.0,632700,KBS
2024-04-16 07:00:00,14600.0,14650.0,14050.0,14400.0,653000,KBS
2024-04-17 07:00:00,14650.0,14650.0,14150.0,14150.0,314500,KBS
2024-04-19 07:00:00,14000.0,14150.0,13500.0,13600.0,620000,KBS
2024-04-22 07:00:00,13750.0,14050.0,13750.0,14000.0,366100,KBS
2024-04-23 07:00:00,14050.0,14050.0,13750.0,13850.0,288000,KBS
2024-04-24 07:00:00,13950.0,14450.0,13850.0,14350.0,352900,KBS
2024-04-25 07:00:00,14350.0,14400.0,14150.0,14350.0,243900,KBS
2024-04-26 07:00:00,14050.0,15350.0,14000.0,15350.0,836600,KBS
2024-05-02 07:00:00,15650.0,15650.0,15300.0,15550.0,435900,KBS
2024-05-03 07:00:00,15650.0,15800.0,15450.0,15500.0,354500,KBS
2024-05-06 07:00:00,15450.0,15900.0,15450.0,15800.0,421200,KBS
2024-05-07 07:00:00,15900.0,15900.0,15600.0,15800.0,288100,KBS
2024-05-08 07:00:00,15700.0,16450.0,15600.0,16150.0,1127300,KBS
2024-05-09 07:00:00,16200.0,16400.0,15700.0,15950.0,1207100,KBS
2024-05-10 07:00:00,16000.0,16050.0,15700.0,15950.0,344000,KBS
2024-05-13 07:00:00,15850.0,16150.0,15850.0,16050.0,912100,KBS
2024-05-14 07:00:00,16050.0,16250.0,15900.0,16100.0,616100,KBS
2024-05-15 07:00:00,16150.0,16950.0,15900.0,16650.0,1483400,KBS
2024-05-16 07:00:00,16850.0,17100.0,16550.0,16700.0,1054900,KBS
2024-05-17 07:00:00,16700.0,16800.0,16450.0,16550.0,1081300,KBS
2024-05-20 07:00:00,16600.0,17300.0,16600.0,17100.0,1497500,KBS
2024-05-21 07:00:00,17050.0,17100.0,16800.0,17100.0,683400,KBS
2024-05-22 07:00:00,17100.0,18000.0,17050.0,17850.0,2285100,KBS
2024-05-23 07:00:00,17850.0,18750.0,17600.0,18500.0,2481600,KBS
2024-05-24 07:00:00,18350.0,18550.0,17450.0,17850.0,1424700,KBS
2024-05-27 07:00:00,17900.0,18650.0,17850.0,18450.0,1454300,KBS
2024-05-28 07:00:00,18600.0,18800.0,17850.0,18100.0,1593500,KBS
2024-05-29 07:00:00,18250.0,18250.0,17700.0,17700.0,1692600,KBS
2024-05-30 07:00:00,17400.0,18300.0,17300.0,18300.0,2484500,KBS
2024-05-31 07:00:00,18350.0,18350.0,17900.0,18150.0,966000,KBS
2024-06-03 07:00:00,18150.0,18350.0,17950.0,18150.0,930200,KBS
2024-06-04 07:00:00,18150.0,18700.0,17950.0,18000.0,945200,KBS
2024-06-05 07:00:00,18200.0,18400.0,17900.0,18150.0,1239200,KBS
2024-06-06 07:00:00,18250.0,19200.0,18200.0,18400.0,1512700,KBS
2024-06-07 07:00:00,18400.0,18700.0,18150.0,18250.0,735700,KBS
2024-06-10 07:00:00,18800.0,18800.0,18050.0,18200.0,710200,KBS
2024-06-11 07:00:00,18300.0,18900.0,18050.0,18350.0,1339700,KBS
2024-06-12 07:00:00,18400.0,18850.0,18300.0,18800.0,921600,KBS
2024-06-13 07:00:00,18950.0,18950.0,18450.0,18450.0,565700,KBS
2024-06-14 07:00:00,18350.0,18600.0,17200.0,17200.0,2679700,KBS
2024-06-17 07:00:00,17300.0,17400.0,17000.0,17000.0,1215400,KBS
2024-06-18 07:00:00,17000.0,17450.0,17000.0,17300.0,550300,KBS
2024-06-19 07:00:00,17350.0,17600.0,17200.0,17250.0,547700,KBS
2024-06-20 07:00:00,17250.0,17400.0,17000.0,17250.0,581700,KBS
2024-06-21 07:00:00,17400.0,17400.0,17150.0,17150.0,523800,KBS
2024-06-24 07:00:00,17200.0,17450.0,16600.0,16600.0,1049900,KBS
2024-06-25 07:00:00,16650.0,17350.0,16650.0,17000.0,686900,KBS
2024-06-26 07:00:00,17300.0,17300.0,16750.0,17100.0,478400,KBS
2024-06-27 07:00:00,17000.0,17100.0,16850.0,17050.0,233700,KBS
2024-06-28 07:00:00,17050.0,17100.0,16500.0,16700.0,447400,KBS
2024-07-01 07:00:00,16900.0,17150.0,16650.0,17000.0,220200,KBS
2024-07-02 07:00:00,16950.0,17500.0,16950.0,17500.0,635800,KBS
2024-07-03 07:00:00,17700.0,17700.0,17350.0,17400.0,289500,KBS
2024-07-04 07:00:00,17500.0,17500.0,17100.0,17450.0,517900,KBS
2024-07-05 07:00:00,17200.0,17450.0,17150.0,17400.0,284000,KBS
2024-07-08 07:00:00,17600.0,17600.0,17300.0,17350.0,276200,KBS
2024-07-09 07:00:00,17400.0,18000.0,17400.0,17750.0,990600,KBS
2024-07-10 07:00:00,17600.0,17750.0,17450.0,17500.0,495500,KBS
2024-07-11 07:00:00,17500.0,17700.0,17300.0,17300.0,399200,KBS
2024-07-12 07:00:00,17300.0,17300.0,16950.0,17000.0,554300,KBS
2024-07-15 07:00:00,17000.0,17400.0,17000.0,17400.0,212600,KBS
2024-07-16 07:00:00,17450.0,17450.0,17150.0,17150.0,231800,KBS
2024-07-17 07:00:00,17150.0,17300.0,16200.0,16700.0,539800,KBS
2024-07-18 07:00:00,16750.0,17200.0,16500.0,17200.0,514100,KBS
2024-07-19 07:00:00,17200.0,17450.0,16750.0,17100.0,369200,KBS
2024-07-22 07:00:00,16950.0,17200.0,16500.0,16700.0,538100,KBS
2024-07-23 07:00:00,16800.0,16800.0,16050.0,16050.0,652800,KBS
2024-07-24 07:00:00,16050.0,16700.0,16000.0,16450.0,597900,KBS
2024-07-25 07:00:00,16600.0,16600.0,16250.0,16500.0,63900,KBS
2024-07-26 07:00:00,16600.0,16750.0,16500.0,16700.0,85700,KBS
2024-07-29 07:00:00,16950.0,16950.0,16550.0,16850.0,125500,KBS
2024-07-30 07:00:00,16800.0,16850.0,16600.0,16700.0,176000,KBS
2024-07-31 07:00:00,16650.0,16700.0,16350.0,16350.0,241600,KBS
2024-08-01 07:00:00,16400.0,16500.0,15800.0,16300.0,455900,KBS
2024-08-02 07:00:00,16000.0,16300.0,15800.0,16300.0,210300,KBS
2024-08-05 07:00:00,15950.0,16050.0,15200.0,15200.0,941600,KBS
2024-08-06 07:00:00,15000.0,16050.0,15000.0,15650.0,668500,KBS
2024-08-07 07:00:00,15700.0,15950.0,15650.0,15800.0,240200,KBS
2024-08-08 07:00:00,15900.0,16300.0,15800.0,15850.0,292600,KBS
2024-08-09 07:00:00,15800.0,16200.0,15800.0,15850.0,52400,KBS
2024-08-12 07:00:00,15950.0,16200.0,15700.0,16000.0,233200,KBS
2024-08-13 07:00:00,16000.0,16000.0,15500.0,15750.0,258200,KBS
2024-08-14 07:00:00,15850.0,15900.0,15600.0,15650.0,122000,KBS
2024-08-15 07:00:00,15650.0,15700.0,15500.0,15500.0,336000,KBS
2024-08-16 07:00:00,15550.0,16000.0,15500.0,15850.0,395900,KBS
2024-08-19 07:00:00,15900.0,16000.0,15800.0,15850.0,272900,KBS
2024-08-20 07:00:00,15850.0,16200.0,15850.0,16050.0,444100,KBS
2024-08-21 07:00:00,16050.0,16250.0,16050.0,16150.0,165800,KBS
2024-08-22 07:00:00,16250.0,16300.0,16000.0,16200.0,329900,KBS
2024-08-23 07:00:00,16100.0,16200.0,15850.0,16050.0,182200,KBS
2024-08-26 07:00:00,16100.0,16100.0,15750.0,15800.0,345100,KBS
2024-08-27 07:00:00,15900.0,15900.0,15600.0,15700.0,229200,KBS
2024-08-28 07:00:00,15800.0,15900.0,15650.0,15800.0,158000,KBS
2024-08-29 07:00:00,15800.0,15900.0,15650.0,15800.0,159800,KBS
2024-08-30 07:00:00,15800.0,15900.0,15750.0,15850.0,145700,KBS
2024-09-04 07:00:00,15800.0,15850.0,15550.0,15750.0,210400,KBS
2024-09-05 07:00:00,15600.0,15800.0,15600.0,15650.0,200900,KBS
2024-09-06 07:00:00,15600.0,15600.0,15450.0,15500.0,217200,KBS
2024-09-09 07:00:00,15450.0,15550.0,15300.0,15400.0,220100,KBS
2024-09-10 07:00:00,15400.0,15500.0,15200.0,15400.0,112200,KBS
2024-09-11 07:00:00,15250.0,15400.0,14800.0,15400.0,454200,KBS
2024-09-12 07:00:00,15300.0,15400.0,15200.0,15350.0,149900,KBS
2024-09-13 07:00:00,15300.0,15300.0,15050.0,15100.0,174400,KBS
2024-09-16 07:00:00,15200.0,15200.0,14900.0,15000.0,108700,KBS
2024-09-17 07:00:00,15000.0,15250.0,14850.0,15250.0,219500,KBS
2024-09-18 07:00:00,15100.0,15450.0,15100.0,15300.0,107100,KBS
2024-09-19 07:00:00,15350.0,15500.0,15350.0,15450.0,173600,KBS
2024-09-20 07:00:00,15500.0,15550.0,15100.0,15100.0,238600,KBS
2024-09-23 07:00:00,15100.0,15250.0,15050.0,15150.0,91700,KBS
2024-09-24 07:00:00,15150.0,15300.0,15050.0,15300.0,125300,KBS
2024-09-25 07:00:00,15300.0,15450.0,15150.0,15400.0,160600,KBS
2024-09-26 07:00:00,15350.0,15500.0,15200.0,15450.0,287300,KBS
2024-09-27 07:00:00,15400.0,15450.0,15300.0,15400.0,101900,KBS
2024-09-30 07:00:00,15400.0,15450.0,15250.0,15250.0,157900,KBS
2024-10-01 07:00:00,15300.0,15700.0,15300.0,15450.0,272900,KBS
2024-10-02 07:00:00,15400.0,15450.0,15250.0,15300.0,122400,KBS
2024-10-03 07:00:00,15350.0,15350.0,15100.0,15150.0,200100,KBS
2024-10-04 07:00:00,15100.0,15250.0,15100.0,15150.0,119900,KBS
2024-10-07 07:00:00,15150.0,15200.0,14950.0,15100.0,139300,KBS
2024-10-08 07:00:00,15100.0,16150.0,15100.0,16150.0,957500,KBS
2024-10-09 07:00:00,16350.0,16400.0,16150.0,16150.0,324900,KBS
2024-10-10 07:00:00,16150.0,16200.0,16000.0,16200.0,475700,KBS
2024-10-11 07:00:00,16200.0,16250.0,16050.0,16100.0,169500,KBS
2024-10-14 07:00:00,16250.0,16250.0,15850.0,16000.0,212700,KBS
2024-10-15 07:00:00,16000.0,16200.0,15700.0,15750.0,392000,KBS
2024-10-16 07:00:00,15650.0,15850.0,15650.0,15800.0,283100,KBS
2024-10-17 07:00:00,15950.0,15950.0,15750.0,15950.0,206600,KBS
2024-10-18 07:00:00,15950.0,15950.0,15800.0,15800.0,85100,KBS
2024-10-21 07:00:00,15800.0,15800.0,15650.0,15700.0,131400,KBS
2024-10-22 07:00:00,15550.0,15700.0,15300.0,15400.0,371700,KBS
2024-10-23 07:00:00,15300.0,15550.0,15300.0,15500.0,78400,KBS
2024-10-24 07:00:00,15500.0,15550.0,15350.0,15350.0,119600,KBS
2024-10-25 07:00:00,15350.0,15600.0,15350.0,15400.0,95200,KBS
2024-10-28 07:00:00,15450.0,15600.0,15450.0,15600.0,100900,KBS
2024-10-29 07:00:00,15500.0,15750.0,15500.0,15650.0,75000,KBS
2024-10-30 07:00:00,15650.0,16500.0,15650.0,16000.0,492600,KBS
2024-10-31 07:00:00,16150.0,16200.0,16000.0,16150.0,133200,KBS
2024-11-01 07:00:00,16150.0,16200.0,15800.0,16000.0,194400,KBS
2024-11-04 07:00:00,16000.0,16100.0,15600.0,15750.0,221000,KBS
2024-11-05 07:00:00,15800.0,15800.0,15650.0,15700.0,155500,KBS
2024-11-06 07:00:00,15700.0,16000.0,15700.0,16000.0,196400,KBS
2024-11-07 07:00:00,16100.0,16100.0,15900.0,16000.0,183600,KBS
2024-11-08 07:00:00,16000.0,16450.0,15900.0,16450.0,408200,KBS
2024-11-11 07:00:00,16550.0,17150.0,16550.0,16950.0,1152500,KBS
2024-11-12 07:00:00,17000.0,17150.0,16700.0,16850.0,345300,KBS
2024-11-13 07:00:00,16700.0,16850.0,16350.0,16550.0,347400,KBS
2024-11-14 07:00:00,16750.0,16750.0,16250.0,16250.0,424800,KBS
2024-11-15 07:00:00,16250.0,16400.0,15900.0,16400.0,498100,KBS
2024-11-18 07:00:00,16400.0,16600.0,16100.0,16500.0,310800,KBS
2024-11-19 07:00:00,16550.0,16600.0,16100.0,16200.0,426100,KBS
2024-11-20 07:00:00,16150.0,16850.0,15950.0,16500.0,1347600,KBS
2024-11-21 07:00:00,16700.0,16700.0,16400.0,16650.0,143900,KBS
2024-11-22 07:00:00,16600.0,16900.0,16400.0,16550.0,438700,KBS
2024-11-25 07:00:00,16550.0,17150.0,16450.0,16850.0,648500,KBS
2024-11-26 07:00:00,17000.0,17150.0,16700.0,16750.0,674200,KBS
2024-11-27 07:00:00,16800.0,17250.0,16800.0,17000.0,758700,KBS
2024-11-28 07:00:00,17050.0,17200.0,16850.0,16950.0,395100,KBS
2024-11-29 07:00:00,17150.0,17500.0,16950.0,17000.0,1008600,KBS
2024-12-02 07:00:00,17150.0,17400.0,17000.0,17000.0,607800,KBS
2024-12-03 07:00:00,17000.0,17100.0,16800.0,17000.0,453800,KBS
2024-12-04 07:00:00,16900.0,17050.0,16800.0,16800.0,499700,KBS
2024-12-05 07:00:00,16800.0,17300.0,16600.0,17150.0,565900,KBS
2024-12-06 07:00:00,17150.0,17350.0,17050.0,17050.0,440800,KBS
2024-12-09 07:00:00,17400.0,18200.0,17300.0,18200.0,1643400,KBS
2024-12-10 07:00:00,18500.0,19300.0,18350.0,19000.0,1734500,KBS
2024-12-11 07:00:00,18850.0,18900.0,18550.0,18850.0,681600,KBS
2024-12-12 07:00:00,19000.0,19800.0,19000.0,19250.0,1500700,KBS
2024-12-13 07:00:00,19350.0,19350.0,18850.0,19000.0,524500,KBS
2024-12-16 07:00:00,19000.0,19200.0,18700.0,18800.0,546200,KBS
2024-12-17 07:00:00,18850.0,19800.0,18850.0,19150.0,961000,KBS
2024-12-18 07:00:00,19100.0,19350.0,19000.0,19250.0,524700,KBS
2024-12-19 07:00:00,18900.0,19800.0,18700.0,19600.0,1464100,KBS
2024-12-20 07:00:00,19800.0,20500.0,19650.0,19900.0,1107200,KBS
2024-12-23 07:00:00,20000.0,20000.0,19350.0,19600.0,916100,KBS
2024-12-24 07:00:00,19600.0,20000.0,19300.0,19800.0,871700,KBS
2024-12-25 07:00:00,20100.0,20350.0,19300.0,19650.0,1142800,KBS
2024-12-26 07:00:00,19650.0,19900.0,19400.0,19850.0,558200,KBS
2024-12-27 07:00:00,19900.0,19950.0,19000.0,19000.0,1160500,KBS
2024-12-30 07:00:00,18900.0,19250.0,18800.0,18950.0,915700,KBS
2024-12-31 07:00:00,18950.0,19200.0,18900.0,19100.0,392900,KBS
2025-01-02 07:00:00,19300.0,19300.0,18650.0,18650.0,686400,KBS
2025-01-03 07:00:00,18700.0,18900.0,18700.0,18750.0,390800,KBS
2025-01-06 07:00:00,18750.0,18950.0,18350.0,18550.0,591800,KBS
2025-01-07 07:00:00,18600.0,18850.0,18450.0,18550.0,414800,KBS
2025-01-08 07:00:00,18550.0,18750.0,18400.0,18750.0,340100,KBS
2025-01-09 07:00:00,18250.0,18800.0,18250.0,18500.0,268800,KBS
2025-01-10 07:00:00,18550.0,19200.0,18400.0,18700.0,888600,KBS
2025-01-13 07:00:00,18500.0,19100.0,18500.0,19050.0,512900,KBS
2025-01-14 07:00:00,19050.0,19350.0,18750.0,18950.0,507300,KBS
2025-01-15 07:00:00,18800.0,20250.0,18800.0,20250.0,1080200,KBS
2025-01-16 07:00:00,20950.0,21000.0,20250.0,20500.0,1373400,KBS
2025-01-17 07:00:00,20400.0,21900.0,20350.0,21850.0,2362600,KBS
2025-01-20 07:00:00,21850.0,22300.0,21450.0,21800.0,892400,KBS
2025-01-21 07:00:00,21600.0,21600.0,20850.0,21150.0,1531000,KBS
2025-01-22 07:00:00,21100.0,21750.0,21000.0,21250.0,1442600,KBS
2025-01-23 07:00:00,21150.0,21650.0,21150.0,21500.0,810400,KBS
2025-01-24 07:00:00,21100.0,21200.0,20000.0,20000.0,3131100,KBS
2025-02-03 07:00:00,19800.0,20000.0,19000.0,19250.0,1079000,KBS
2025-02-04 07:00:00,19500.0,20100.0,19400.0,19800.0,1013500,KBS
2025-02-05 07:00:00,19950.0,20600.0,19600.0,20500.0,969100,KBS
2025-02-06 07:00:00,20600.0,20600.0,20100.0,20300.0,844200,KBS
2025-02-07 07:00:00,20600.0,20950.0,20200.0,20300.0,853700,KBS
2025-02-10 07:00:00,20300.0,20400.0,19900.0,20050.0,717900,KBS
2025-02-11 07:00:00,20000.0,21100.0,20000.0,20850.0,1171100,KBS
2025-02-12 07:00:00,21000.0,21500.0,20800.0,21150.0,1213700,KBS
2025-02-13 07:00:00,21100.0,21400.0,20800.0,21200.0,967100,KBS
2025-02-14 07:00:00,21200.0,21400.0,20850.0,21150.0,1164800,KBS
2025-02-17 07:00:00,21250.0,21800.0,20900.0,21100.0,1202200,KBS
2025-02-18 07:00:00,21200.0,21700.0,20900.0,20950.0,900000,KBS
2025-02-19 07:00:00,20950.0,21600.0,20900.0,21500.0,1254300,KBS
2025-02-20 07:00:00,21500.0,21750.0,21050.0,21250.0,829500,KBS
2025-02-21 07:00:00,21700.0,22350.0,21350.0,21500.0,1755500,KBS
2025-02-24 07:00:00,21350.0,21350.0,20900.0,21000.0,1067600,KBS
2025-02-25 07:00:00,21150.0,21350.0,20900.0,21250.0,1521900,KBS
2025-02-26 07:00:00,21300.0,21350.0,20950.0,21000.0,549500,KBS
2025-02-27 07:00:00,20850.0,21250.0,20600.0,21250.0,1188900,KBS
2025-02-28 07:00:00,21300.0,21500.0,21000.0,21250.0,773500,KBS
2025-03-03 07:00:00,21250.0,21900.0,20950.0,21700.0,1340100,KBS
2025-03-04 07:00:00,21500.0,22200.0,21500.0,21700.0,1445100,KBS
2025-03-05 07:00:00,21700.0,21700.0,21200.0,21200.0,626900,KBS
2025-03-06 07:00:00,21400.0,21550.0,21100.0,21550.0,918100,KBS
2025-03-07 07:00:00,21600.0,22300.0,21600.0,21600.0,2292400,KBS
2025-03-10 07:00:00,21600.0,22100.0,21450.0,21600.0,908000,KBS
2025-03-11 07:00:00,21450.0,23100.0,21150.0,23100.0,2429400,KBS
2025-03-12 07:00:00,23450.0,23450.0,22750.0,23400.0,1367700,KBS
2025-03-13 07:00:00,23100.0,23100.0,22050.0,22100.0,1608400,KBS
2025-03-14 07:00:00,22200.0,22200.0,21200.0,21550.0,1982900,KBS
2025-03-17 07:00:00,21800.0,21900.0,21500.0,21850.0,676100,KBS
2025-03-18 07:00:00,21800.0,21900.0,21500.0,21500.0,632300,KBS
2025-03-19 07:00:00,21400.0,21550.0,21250.0,21250.0,1016500,KBS
2025-03-20 07:00:00,21400.0,21650.0,20650.0,21550.0,1124200,KBS
2025-03-21 07:00:00,21150.0,21600.0,21150.0,21350.0,325400,KBS
2025-03-24 07:00:00,21250.0,21600.0,21200.0,21450.0,695800,KBS
2025-03-25 07:00:00,21600.0,21650.0,21300.0,21350.0,667400,KBS
2025-03-26 07:00:00,21250.0,21850.0,21250.0,21550.0,878000,KBS
2025-03-27 07:00:00,21450.0,21600.0,21250.0,21250.0,678500,KBS
2025-03-28 07:00:00,21300.0,21700.0,21250.0,21400.0,1280500,KBS
2025-03-31 07:00:00,21300.0,21700.0,21000.0,21400.0,1729400,KBS
2025-04-01 07:00:00,21650.0,21650.0,21350.0,21450.0,601300,KBS
2025-04-02 07:00:00,21700.0,22300.0,21700.0,21950.0,1934200,KBS
2025-04-03 07:00:00,21300.0,21300.0,20450.0,20450.0,2249600,KBS
2025-04-04 07:00:00,19050.0,20200.0,19050.0,19800.0,2003300,KBS
2025-04-08 07:00:00,18450.0,19300.0,18450.0,18450.0,1587400,KBS
2025-04-09 07:00:00,17200.0,17950.0,17200.0,17200.0,1335200,KBS
2025-04-10 07:00:00,18400.0,18400.0,18400.0,18400.0,103100,KBS
2025-04-11 07:00:00,18500.0,18800.0,17600.0,18600.0,2195500,KBS
2025-04-14 07:00:00,18750.0,19300.0,18600.0,19200.0,1186300,KBS
2025-04-15 07:00:00,18950.0,19900.0,18550.0,19200.0,1752300,KBS
2025-04-16 07:00:00,19250.0,19450.0,18600.0,18800.0,776800,KBS
2025-04-17 07:00:00,18400.0,19200.0,18400.0,19150.0,576200,KBS
2025-04-18 07:00:00,19200.0,19400.0,19000.0,19000.0,903900,KBS
2025-04-21 07:00:00,19050.0,19100.0,18700.0,18800.0,442300,KBS
2025-04-22 07:00:00,18500.0,18950.0,17500.0,18400.0,1552500,KBS
2025-04-23 07:00:00,18750.0,19650.0,18550.0,19650.0,1702200,KBS
2025-04-24 07:00:00,20000.0,20500.0,19900.0,20200.0,1626400,KBS
2025-04-25 07:00:00,20250.0,20600.0,20100.0,20100.0,779500,KBS
2025-04-28 07:00:00,20500.0,20500.0,20100.0,20100.0,826500,KBS
2025-04-29 07:00:00,20100.0,20300.0,19800.0,19800.0,1112800,KBS
2025-05-05 07:00:00,20000.0,20500.0,19800.0,20450.0,1024500,KBS
2025-05-06 07:00:00,20450.0,20500.0,20100.0,20100.0,806500,KBS
2025-05-07 07:00:00,20050.0,20350.0,20050.0,20300.0,871700,KBS
2025-05-08 07:00:00,20550.0,21100.0,20300.0,20300.0,1514400,KBS
2025-05-09 07:00:00,20400.0,20750.0,19950.0,19950.0,1109900,KBS
2025-05-12 07:00:00,20150.0,20150.0,19800.0,19950.0,783600,KBS
2025-05-13 07:00:00,20100.0,20350.0,19950.0,20150.0,985900,KBS
2025-05-14 07:00:00,20150.0,20600.0,20000.0,20050.0,1206200,KBS
2025-05-15 07:00:00,20100.0,20350.0,19900.0,20350.0,1160300,KBS
2025-05-16 07:00:00,20350.0,20900.0,20250.0,20450.0,2335700,KBS
2025-05-19 07:00:00,20500.0,20750.0,20250.0,20250.0,1175900,KBS
2025-05-20 07:00:00,20200.0,20550.0,20100.0,20150.0,1071400,KBS
2025-05-21 07:00:00,20300.0,21350.0,19850.0,21100.0,3422100,KBS
2025-05-22 07:00:00,21100.0,21100.0,20300.0,20350.0,1428400,KBS
2025-05-23 07:00:00,20450.0,20900.0,20300.0,20400.0,1381400,KBS
2025-05-26 07:00:00,20500.0,20550.0,19800.0,20550.0,1204700,KBS
2025-05-27 07:00:00,20650.0,21400.0,20600.0,20850.0,2704700,KBS
2025-05-28 07:00:00,20900.0,21150.0,20450.0,20550.0,1383100,KBS
2025-05-29 07:00:00,20550.0,20900.0,20400.0,20450.0,1066700,KBS
2025-05-30 07:00:00,20500.0,20500.0,19950.0,19950.0,1665900,KBS
2025-06-02 07:00:00,19900.0,20400.0,19900.0,20050.0,1502800,KBS
2025-06-03 07:00:00,20300.0,20900.0,20150.0,20600.0,2534200,KBS
2025-06-04 07:00:00,20750.0,22000.0,20600.0,21850.0,4868300,KBS
2025-06-05 07:00:00,22100.0,22150.0,21450.0,21450.0,1932200,KBS
2025-06-06 07:00:00,21600.0,22300.0,21450.0,21550.0,2575500,KBS
2025-06-09 07:00:00,21600.0,22300.0,21600.0,21750.0,2309900,KBS
2025-06-10 07:00:00,22200.0,23050.0,22200.0,22400.0,2543900,KBS
2025-06-11 07:00:00,22650.0,23950.0,22100.0,23950.0,3513000,KBS
2025-06-12 07:00:00,24250.0,25500.0,24000.0,24400.0,4221600,KBS
2025-06-13 07:00:00,24300.0,24950.0,23500.0,23700.0,4121100,KBS
2025-06-16 07:00:00,23700.0,24400.0,23350.0,23700.0,2773700,KBS
2025-06-17 07:00:00,23800.0,24450.0,23600.0,24150.0,2492500,KBS
2025-06-18 07:00:00,24050.0,24550.0,23300.0,23550.0,2727200,KBS
2025-06-19 07:00:00,23800.0,23800.0,22950.0,23300.0,1766100,KBS
2025-06-20 07:00:00,23700.0,23900.0,23350.0,23600.0,1383700,KBS
2025-06-23 07:00:00,23400.0,25250.0,23400.0,25100.0,4849700,KBS
2025-06-24 07:00:00,25100.0,25200.0,24550.0,24700.0,1597700,KBS
2025-06-25 07:00:00,25250.0,25300.0,24200.0,24350.0,2952200,KBS
2025-06-26 07:00:00,24600.0,24700.0,24200.0,24500.0,1289900,KBS
2025-06-27 07:00:00,24700.0,24700.0,24300.0,24450.0,1092700,KBS
2025-06-30 07:00:00,24450.0,24850.0,24200.0,24450.0,1195700,KBS
2025-07-01 07:00:00,24550.0,24950.0,24000.0,24350.0,1767900,KBS
2025-07-02 07:00:00,24350.0,24550.0,24050.0,24350.0,1183500,KBS
2025-07-03 07:00:00,24300.0,25100.0,24150.0,24400.0,1969700,KBS
2025-07-04 07:00:00,24700.0,25300.0,24250.0,25200.0,3019200,KBS
2025-07-07 07:00:00,25300.0,26150.0,25300.0,25300.0,1354200,KBS
2025-07-08 07:00:00,25300.0,25300.0,24800.0,25000.0,1895600,KBS
2025-07-09 07:00:00,25100.0,25100.0,24600.0,24650.0,2660100,KBS
2025-07-10 07:00:00,24600.0,24900.0,24550.0,24900.0,1319500,KBS
2025-07-11 07:00:00,25000.0,25100.0,24200.0,24200.0,1920600,KBS
2025-07-14 07:00:00,24200.0,24550.0,23500.0,24400.0,2147600,KBS
2025-07-15 07:00:00,24400.0,24550.0,23900.0,24000.0,1312400,KBS
2025-07-16 07:00:00,24000.0,24900.0,23850.0,24500.0,2046500,KBS
2025-07-17 07:00:00,24600.0,25600.0,24450.0,24900.0,3389000,KBS
2025-07-18 07:00:00,25300.0,25850.0,24500.0,25450.0,3401500,KBS
2025-07-21 07:00:00,25950.0,25950.0,24800.0,24900.0,1942000,KBS
2025-07-22 07:00:00,24900.0,24950.0,24550.0,24650.0,2217800,KBS
2025-07-23 07:00:00,24650.0,25600.0,24650.0,25050.0,3881000,KBS
2025-07-24 07:00:00,25100.0,25400.0,24950.0,25400.0,2267200,KBS
2025-07-25 07:00:00,25650.0,26650.0,25650.0,25850.0,3177900,KBS
2025-07-28 07:00:00,26000.0,26000.0,25200.0,25550.0,3385200,KBS
2025-07-29 07:00:00,26000.0,27150.0,25450.0,25800.0,5450900,KBS
2025-07-30 07:00:00,25950.0,26350.0,24000.0,25250.0,2781500,KBS
2025-07-31 07:00:00,25500.0,25500.0,24600.0,25100.0,1642000,KBS
2025-08-01 07:00:00,25000.0,26100.0,24900.0,25700.0,2997600,KBS
2025-08-04 07:00:00,25700.0,27450.0,25700.0,27450.0,3545000,KBS
2025-08-05 07:00:00,28000.0,28050.0,25550.0,26400.0,3445800,KBS
2025-08-06 07:00:00,26550.0,26950.0,25950.0,26900.0,2152500,KBS
2025-08-07 07:00:00,26900.0,27650.0,26500.0,27650.0,2608200,KBS
2025-08-08 07:00:00,27850.0,27850.0,26800.0,27150.0,1990100,KBS
2025-08-11 07:00:00,27400.0,28100.0,27100.0,27200.0,1870900,KBS
2025-08-12 07:00:00,27250.0,27700.0,26400.0,27300.0,2863600,KBS
2025-08-13 07:00:00,27400.0,27750.0,26800.0,27400.0,2259900,KBS
2025-08-14 07:00:00,27600.0,28950.0,27400.0,27600.0,2555500,KBS
2025-08-15 07:00:00,27750.0,27900.0,26800.0,27000.0,2490600,KBS
2025-08-18 07:00:00,27100.0,27900.0,27000.0,27300.0,2255100,KBS
2025-08-19 07:00:00,27600.0,27700.0,27150.0,27250.0,1561100,KBS
2025-08-20 07:00:00,27250.0,27400.0,25400.0,25850.0,4280200,KBS
2025-08-21 07:00:00,26000.0,26000.0,25000.0,25000.0,2587100,KBS
2025-08-22 07:00:00,24600.0,24950.0,23600.0,24050.0,2608200,KBS
2025-08-25 07:00:00,24050.0,24450.0,23800.0,23850.0,1374800,KBS
2025-08-26 07:00:00,24000.0,24750.0,23900.0,24750.0,785900,KBS
2025-08-27 07:00:00,24900.0,25000.0,24300.0,24350.0,928500,KBS
2025-08-28 07:00:00,24450.0,24600.0,24250.0,24450.0,553400,KBS
2025-08-29 07:00:00,24600.0,24950.0,24450.0,24500.0,1126900,KBS
2025-09-03 07:00:00,24350.0,25100.0,24350.0,25000.0,990600,KBS
2025-09-04 07:00:00,25000.0,25400.0,24800.0,25250.0,1721700,KBS
2025-09-05 07:00:00,25500.0,26400.0,25400.0,25600.0,2525900,KBS
2025-09-08 07:00:00,25600.0,25950.0,25100.0,25250.0,1236900,KBS
2025-09-09 07:00:00,25150.0,25300.0,24800.0,25050.0,747100,KBS
2025-09-10 07:00:00,25100.0,25650.0,25100.0,25300.0,822000,KBS
2025-09-11 07:00:00,25300.0,25900.0,24650.0,25900.0,1629900,KBS
2025-09-12 07:00:00,26000.0,27100.0,25850.0,26550.0,2624900,KBS
2025-09-15 07:00:00,26700.0,27000.0,26100.0,26900.0,1363400,KBS
2025-09-16 07:00:00,27000.0,27100.0,26000.0,26300.0,1222000,KBS
2025-09-17 07:00:00,25900.0,26300.0,25400.0,25400.0,1432100,KBS
2025-09-18 07:00:00,25450.0,25750.0,25150.0,25400.0,614900,KBS
2025-09-19 07:00:00,25500.0,25700.0,25050.0,25150.0,585800,KBS
2025-09-22 07:00:00,25200.0,25300.0,24550.0,24700.0,933300,KBS
2025-09-23 07:00:00,24950.0,24950.0,24450.0,24450.0,354200,KBS
2025-09-24 07:00:00,24450.0,25450.0,24350.0,25450.0,447500,KBS
2025-09-25 07:00:00,25400.0,26000.0,25100.0,25700.0,1065400,KBS
2025-09-26 07:00:00,25800.0,26400.0,25700.0,25850.0,1612500,KBS
2025-09-29 07:00:00,25700.0,26150.0,25150.0,25150.0,605300,KBS
2025-09-30 07:00:00,25100.0,25800.0,24350.0,25150.0,887900,KBS
2025-10-01 07:00:00,25150.0,25600.0,25000.0,25550.0,371700,KBS
2025-10-02 07:00:00,25500.0,25850.0,25100.0,25650.0,977000,KBS
2025-10-03 07:00:00,25500.0,25600.0,24900.0,24900.0,430500,KBS
2025-10-06 07:00:00,25100.0,25600.0,25100.0,25500.0,460400,KBS
2025-10-07 07:00:00,25450.0,26300.0,25300.0,25950.0,1343700,KBS
2025-10-08 07:00:00,26000.0,26100.0,25550.0,25900.0,556400,KBS
2025-10-09 07:00:00,26000.0,26200.0,25700.0,25750.0,1033200,KBS
2025-10-10 07:00:00,25750.0,26550.0,25750.0,26000.0,1527700,KBS
2025-10-13 07:00:00,25600.0,25950.0,25500.0,25750.0,579200,KBS
2025-10-14 07:00:00,26000.0,26200.0,25050.0,25050.0,1230800,KBS
2025-10-15 07:00:00,25050.0,25300.0,24600.0,24650.0,1144100,KBS
2025-10-16 07:00:00,24700.0,24950.0,24400.0,24900.0,767100,KBS
2025-10-17 07:00:00,24900.0,25300.0,24500.0,24500.0,1045100,KBS
2025-10-20 07:00:00,24500.0,25100.0,23050.0,23050.0,2299400,KBS
2025-10-21 07:00:00,23050.0,23900.0,23050.0,23900.0,1374600,KBS
2025-10-22 07:00:00,24100.0,24100.0,23300.0,24000.0,686800,KBS
2025-10-23 07:00:00,24200.0,24200.0,23700.0,24000.0,513000,KBS
2025-10-24 07:00:00,23750.0,23950.0,23200.0,23950.0,563100,KBS
2025-10-27 07:00:00,23950.0,24050.0,23450.0,23450.0,466500,KBS
2025-10-28 07:00:00,23450.0,23700.0,23050.0,23700.0,664300,KBS
2025-10-29 07:00:00,23700.0,24500.0,23700.0,24450.0,539500,KBS
2025-10-30 07:00:00,24400.0,24400.0,23800.0,23900.0,487300,KBS
2025-10-31 07:00:00,24100.0,24100.0,23450.0,23450.0,774100,KBS
2025-11-03 07:00:00,23250.0,23700.0,21850.0,21850.0,945700,KBS
2025-11-04 07:00:00,22600.0,23200.0,21950.0,23050.0,737200,KBS
2025-11-05 07:00:00,22950.0,22950.0,22500.0,22750.0,322200,KBS
2025-11-06 07:00:00,22850.0,22900.0,22600.0,22700.0,290800,KBS
2025-11-07 07:00:00,22700.0,22750.0,22450.0,22550.0,409100,KBS
2025-11-10 07:00:00,22600.0,22750.0,22400.0,22450.0,422400,KBS
2025-11-11 07:00:00,22450.0,22550.0,22250.0,22400.0,483300,KBS
2025-11-12 07:00:00,22550.0,23250.0,22450.0,22900.0,365600,KBS
2025-11-13 07:00:00,23000.0,23700.0,22700.0,23200.0,467600,KBS
2025-11-14 07:00:00,23200.0,23550.0,23200.0,23300.0,329000,KBS
2025-11-17 07:00:00,23500.0,23900.0,23400.0,23700.0,250100,KBS
2025-11-18 07:00:00,23700.0,23700.0,23350.0,23500.0,219800,KBS
2025-11-19 07:00:00,23400.0,23750.0,23350.0,23750.0,196300,KBS
2025-11-20 07:00:00,23500.0,23700.0,23450.0,23700.0,154800,KBS
2025-11-21 07:00:00,23700.0,23700.0,23400.0,23650.0,241800,KBS
2025-11-24 07:00:00,23650.0,24000.0,23100.0,23600.0,127600,KBS
2025-11-25 07:00:00,23450.0,23500.0,22950.0,23000.0,648900,KBS
2025-11-26 07:00:00,23100.0,23600.0,23000.0,23600.0,148100,KBS
2025-11-27 07:00:00,23600.0,23600.0,23200.0,23200.0,122400,KBS
2025-11-28 07:00:00,23200.0,23500.0,23150.0,23500.0,229300,KBS
2025-12-01 07:00:00,23200.0,24200.0,23200.0,23550.0,790300,KBS
2025-12-02 07:00:00,23550.0,23900.0,23300.0,23850.0,268800,KBS
2025-12-03 07:00:00,23950.0,24000.0,23600.0,23850.0,273800,KBS
2025-12-04 07:00:00,23800.0,24000.0,23650.0,23900.0,230300,KBS
2025-12-05 07:00:00,24000.0,24000.0,23550.0,23550.0,295100,KBS
2025-12-08 07:00:00,23550.0,23700.0,23200.0,23300.0,311100,KBS
2025-12-09 07:00:00,23300.0,23300.0,22700.0,23000.0,392700,KBS
2025-12-10 07:00:00,23000.0,23400.0,22800.0,22950.0,150500,KBS
2025-12-11 07:00:00,23000.0,23400.0,22900.0,23000.0,145500,KBS
2025-12-12 07:00:00,22950.0,23000.0,21400.0,21900.0,457900,KBS
2025-12-15 07:00:00,22050.0,22200.0,21900.0,21900.0,331100,KBS
2025-12-16 07:00:00,22050.0,23000.0,21900.0,22900.0,485200,KBS
2025-12-17 07:00:00,22700.0,22900.0,22000.0,22600.0,125100,KBS
2025-12-18 07:00:00,22550.0,22600.0,22350.0,22600.0,229100,KBS
2025-12-19 07:00:00,22600.0,22700.0,22400.0,22700.0,154100,KBS
2025-12-22 07:00:00,22550.0,22900.0,22550.0,22800.0,138200,KBS
2025-12-23 07:00:00,22800.0,23600.0,22750.0,22850.0,397600,KBS
2025-12-24 07:00:00,22850.0,22850.0,22500.0,22700.0,255500,KBS
2025-12-25 07:00:00,22550.0,22800.0,22300.0,22400.0,264500,KBS
2025-12-26 07:00:00,22150.0,22400.0,21800.0,22050.0,430100,KBS
2025-12-29 07:00:00,22050.0,22100.0,21900.0,22000.0,169300,KBS
2025-12-30 07:00:00,22000.0,22200.0,21900.0,22000.0,204100,KBS
2025-12-31 07:00:00,22050.0,22500.0,22050.0,22250.0,193200,KBS
2026-01-05 07:00:00,22250.0,22250.0,21800.0,22100.0,195100,KBS
2026-01-06 07:00:00,22100.0,22200.0,21700.0,22200.0,218800,KBS
2026-01-07 07:00:00,22200.0,22450.0,22150.0,22400.0,207300,KBS
2026-01-08 07:00:00,22500.0,22550.0,22050.0,22200.0,173200,KBS
2026-01-09 07:00:00,22250.0,22400.0,21950.0,22050.0,450100,KBS
2026-01-12 07:00:00,22050.0,22650.0,21700.0,22500.0,484200,KBS
2026-01-13 07:00:00,22500.0,22800.0,22500.0,22500.0,313000,KBS
2026-01-14 07:00:00,22600.0,23000.0,22400.0,22600.0,370700,KBS
2026-01-15 07:00:00,22650.0,23000.0,22650.0,22650.0,291200,KBS
2026-01-16 07:00:00,22900.0,23350.0,22700.0,23000.0,532200,KBS
2026-01-19 07:00:00,23200.0,23800.0,23100.0,23650.0,1205000,KBS
2026-01-20 07:00:00,23950.0,24100.0,23650.0,23650.0,1094400,KBS
2026-01-21 07:00:00,23500.0,23650.0,23000.0,23250.0,486100,KBS
2026-01-22 07:00:00,23250.0,24300.0,23200.0,23750.0,642600,KBS
2026-01-23 07:00:00,24000.0,24050.0,23400.0,23450.0,240800,KBS
2026-01-26 07:00:00,23550.0,23800.0,22900.0,23050.0,449000,KBS
2026-01-27 07:00:00,23100.0,23150.0,22050.0,22550.0,270200,KBS
2026-01-28 07:00:00,23600.0,23600.0,22750.0,23250.0,476700,KBS
2026-01-29 07:00:00,23100.0,23600.0,23050.0,23450.0,244500,KBS
2026-01-30 07:00:00,23700.0,24650.0,23600.0,24050.0,961600,KBS
2026-02-02 07:00:00,24050.0,24200.0,23500.0,23850.0,630500,KBS
2026-02-03 07:00:00,23850.0,24200.0,23500.0,24000.0,878300,KBS
2026-02-04 07:00:00,24350.0,25650.0,24000.0,25650.0,3048700,KBS
2026-02-05 07:00:00,25700.0,25800.0,24650.0,24650.0,696300,KBS
2026-02-06 07:00:00,24500.0,24700.0,23350.0,23350.0,1723100,KBS
2026-02-09 07:00:00,23550.0,23800.0,23300.0,23400.0,444900,KBS
2026-02-10 07:00:00,23400.0,23650.0,22800.0,23450.0,595800,KBS
2026-02-11 07:00:00,23450.0,23900.0,23350.0,23700.0,426200,KBS
2026-02-12 07:00:00,23600.0,23850.0,23350.0,23650.0,254700,KBS
2026-02-13 07:00:00,23650.0,23800.0,23350.0,23600.0,286300,KBS
2026-02-23 07:00:00,24100.0,24100.0,23600.0,23800.0,399700,KBS
2026-02-24 07:00:00,23700.0,24600.0,23700.0,24300.0,601100,KBS
2026-02-25 07:00:00,24300.0,24900.0,24150.0,24450.0,700900,KBS
2026-02-26 07:00:00,24450.0,24450.0,23950.0,24200.0,353500,KBS
2026-02-27 07:00:00,24200.0,24450.0,23900.0,24250.0,550500,KBS
2026-03-02 07:00:00,23800.0,25000.0,23600.0,24500.0,1117600,KBS
2026-03-03 07:00:00,24500.0,25400.0,24350.0,25200.0,1778200,KBS
2026-03-04 07:00:00,25350.0,25850.0,24850.0,25700.0,2007700,KBS
2026-03-05 07:00:00,25950.0,26400.0,25000.0,25200.0,1205400,KBS
2026-03-06 07:00:00,25000.0,25050.0,24100.0,24300.0,1654500,KBS
2026-03-09 07:00:00,22600.0,23500.0,22600.0,22600.0,709100,KBS
2026-03-10 07:00:00,22700.0,23350.0,22600.0,22800.0,1026900,KBS
2026-03-11 07:00:00,22850.0,23600.0,22750.0,23550.0,513200,KBS
2026-03-12 07:00:00,23300.0,24100.0,23300.0,23450.0,571100,KBS
2026-03-13 07:00:00,23350.0,24600.0,21850.0,24200.0,1171300,KBS
2026-03-16 07:00:00,24000.0,24100.0,23400.0,23800.0,525300,KBS
2026-03-17 07:00:00,23800.0,23850.0,23200.0,23200.0,504600,KBS
2026-03-18 07:00:00,23500.0,23500.0,22600.0,22900.0,543100,KBS
2026-03-19 07:00:00,22650.0,23200.0,22500.0,22900.0,475900,KBS
2026-03-20 07:00:00,22900.0,23000.0,22500.0,22600.0,450500,KBS
2026-03-23 07:00:00,22400.0,22400.0,21500.0,21500.0,746400,KBS
2026-03-24 07:00:00,22000.0,22400.0,21600.0,22200.0,472400,KBS
2026-03-25 07:00:00,22250.0,22900.0,22250.0,22700.0,326500,KBS
2026-03-26 07:00:00,22800.0,22900.0,22050.0,22700.0,154800,KBS
2026-03-27 07:00:00,22800.0,23150.0,22650.0,23050.0,438400,KBS
2026-03-30 07:00:00,22600.0,23000.0,22600.0,22800.0,157800,KBS
2026-03-31 07:00:00,23000.0,23100.0,22700.0,22950.0,328300,KBS
2026-04-01 07:00:00,23000.0,23200.0,22800.0,22900.0,527500,KBS
2026-04-02 07:00:00,22700.0,22750.0,22400.0,22650.0,438200,KBS
2026-04-03 07:00:00,22650.0,22850.0,22500.0,22550.0,250000,KBS
2026-04-06 07:00:00,23000.0,23500.0,22400.0,22800.0,1254800,KBS
2026-04-07 07:00:00,22950.0,23050.0,22700.0,22900.0,593200,KBS
2026-04-08 07:00:00,23350.0,23400.0,23050.0,23050.0,882800,KBS
2026-04-09 07:00:00,23100.0,23700.0,22600.0,23300.0,719900,KBS
2026-04-10 07:00:00,23350.0,23550.0,22800.0,22850.0,623600,KBS
2026-04-13 07:00:00,22800.0,23200.0,22700.0,22800.0,450200,KBS
2026-04-14 07:00:00,22800.0,23000.0,22700.0,22850.0,628000,KBS
2026-04-15 07:00:00,22900.0,23100.0,22700.0,22750.0,358900,KBS
2026-04-16 07:00:00,22850.0,22850.0,22250.0,22250.0,667700,KBS
2026-04-17 07:00:00,22550.0,22550.0,22250.0,22350.0,599800,KBS
2026-04-20 07:00:00,22350.0,22500.0,22150.0,22200.0,849900,KBS
2026-04-21 07:00:00,22200.0,22400.0,22050.0,22200.0,247900,KBS
2026-04-22 07:00:00,22150.0,22200.0,21850.0,22000.0,561200,KBS
2026-04-23 07:00:00,22100.0,22150.0,21600.0,22050.0,1081500,KBS
2026-04-24 07:00:00,22100.0,22150.0,21600.0,22000.0,191400,KBS
2026-04-28 07:00:00,21900.0,22000.0,21450.0,21450.0,842200,KBS
2026-04-29 07:00:00,21300.0,21600.0,21150.0,21500.0,192400,KBS
2026-05-04 07:00:00,21500.0,21800.0,21200.0,21500.0,266800,KBS
2026-05-05 07:00:00,21450.0,21650.0,21200.0,21600.0,130400,KBS
2026-05-06 07:00:00,21350.0,21700.0,21350.0,21600.0,98600,KBS
2026-05-07 07:00:00,21700.0,21950.0,21550.0,21600.0,258900,KBS
2026-05-08 07:00:00,21550.0,21900.0,21550.0,21700.0,372500,KBS
2026-05-11 07:00:00,21750.0,21800.0,21300.0,21500.0,230100,KBS
2026-05-12 07:00:00,21500.0,21600.0,21050.0,21350.0,386600,KBS
2026-05-13 07:00:00,21200.0,21300.0,20900.0,21000.0,340400,KBS
2026-05-14 07:00:00,21100.0,21950.0,21100.0,21600.0,361600,KBS
2026-05-15 07:00:00,21700.0,21700.0,21350.0,21450.0,136100,KBS
2026-05-18 07:00:00,21300.0,21450.0,20900.0,21350.0,263900,KBS
2026-05-19 07:00:00,21350.0,21400.0,20950.0,21300.0,358500,KBS
2026-05-20 07:00:00,21300.0,21300.0,20500.0,20800.0,405300,KBS
2026-05-21 07:00:00,20800.0,20900.0,20550.0,20550.0,254000,KBS
2026-05-22 07:00:00,20550.0,20650.0,20200.0,20600.0,289900,KBS
2026-05-25 07:00:00,20550.0,20650.0,20300.0,20350.0,311500,KBS
2026-05-26 07:00:00,20300.0,20450.0,20250.0,20450.0,452500,KBS
2026-05-27 07:00:00,20300.0,20550.0,20300.0,20400.0,174100,KBS
2026-05-28 07:00:00,20350.0,20550.0,20350.0,20450.0,61400,KBS
2026-05-29 07:00:00,20450.0,20500.0,20000.0,20000.0,571000,KBS
2026-06-01 07:00:00,20000.0,20350.0,20000.0,20100.0,104500,KBS
2026-06-02 07:00:00,20100.0,20250.0,19850.0,20050.0,206900,KBS
2026-06-03 07:00:00,19900.0,20100.0,19850.0,20100.0,180500,KBS
2026-06-04 07:00:00,20000.0,20250.0,20000.0,20200.0,179300,KBS
2026-06-05 07:00:00,20150.0,20200.0,20050.0,20100.0,68400,KBS
