date,open,high,low,close,volume,_source
2020-01-02 07:00:00,16618.0,16618.0,15999.0,16191.0,97330,KBS
2020-01-03 07:00:00,16191.0,16255.0,15892.0,16063.0,70660,KBS
2020-01-06 07:00:00,16127.0,16127.0,15849.0,15892.0,104050,KBS
2020-01-07 07:00:00,15892.0,15892.0,15251.0,15550.0,219780,KBS
2020-01-08 07:00:00,15422.0,15636.0,15166.0,15422.0,94930,KBS
2020-01-09 07:00:00,15379.0,15807.0,15379.0,15593.0,50480,KBS
2020-01-10 07:00:00,15721.0,15892.0,15422.0,15785.0,154280,KBS
2020-01-13 07:00:00,15785.0,15978.0,15593.0,15764.0,112980,KBS
2020-01-14 07:00:00,15807.0,16063.0,15785.0,15807.0,124010,KBS
2020-01-15 07:00:00,15871.0,16148.0,15871.0,16148.0,216920,KBS
2020-01-16 07:00:00,16234.0,17046.0,16191.0,16917.0,136100,KBS
2020-01-17 07:00:00,17174.0,17216.0,16533.0,16811.0,137220,KBS
2020-01-20 07:00:00,16747.0,16875.0,16661.0,16832.0,44560,KBS
2020-01-21 07:00:00,17686.0,17729.0,17088.0,17088.0,474030,KBS
2020-01-22 07:00:00,17515.0,17665.0,17131.0,17601.0,144700,KBS
2020-01-30 07:00:00,17900.0,18007.0,17473.0,17558.0,176570,KBS
2020-01-31 07:00:00,17281.0,17537.0,16747.0,16875.0,216530,KBS
2020-02-03 07:00:00,16362.0,17088.0,15721.0,17088.0,425750,KBS
2020-02-04 07:00:00,17088.0,17088.0,16490.0,16661.0,114680,KBS
2020-02-05 07:00:00,16875.0,16875.0,16576.0,16618.0,43640,KBS
2020-02-06 07:00:00,16447.0,16832.0,16447.0,16661.0,88290,KBS
2020-02-07 07:00:00,16789.0,16789.0,16576.0,16576.0,148760,KBS
2020-02-10 07:00:00,16362.0,16661.0,16148.0,16234.0,137660,KBS
2020-02-11 07:00:00,16426.0,16426.0,16213.0,16362.0,39330,KBS
2020-02-12 07:00:00,16426.0,16490.0,16020.0,16469.0,123330,KBS
2020-02-13 07:00:00,16618.0,16640.0,16255.0,16319.0,115520,KBS
2020-02-14 07:00:00,16191.0,16277.0,15807.0,15892.0,292850,KBS
2020-02-17 07:00:00,15807.0,16063.0,15657.0,15657.0,138750,KBS
2020-02-18 07:00:00,15657.0,16020.0,15550.0,15807.0,81470,KBS
2020-02-19 07:00:00,15807.0,16191.0,15636.0,15978.0,104560,KBS
2020-02-20 07:00:00,16191.0,16234.0,16042.0,16042.0,95810,KBS
2020-02-21 07:00:00,16020.0,16106.0,15999.0,16042.0,57090,KBS
2020-02-24 07:00:00,16020.0,16020.0,15251.0,15678.0,80220,KBS
2020-02-25 07:00:00,15422.0,15721.0,15422.0,15678.0,107660,KBS
2020-02-26 07:00:00,15465.0,15807.0,15358.0,15358.0,113700,KBS
2020-02-27 07:00:00,15379.0,15785.0,15358.0,15593.0,178850,KBS
2020-02-28 07:00:00,15379.0,15593.0,15337.0,15401.0,84910,KBS
2020-03-02 07:00:00,15337.0,15849.0,15337.0,15807.0,195200,KBS
2020-03-03 07:00:00,15892.0,16618.0,15892.0,16447.0,218930,KBS
2020-03-04 07:00:00,16447.0,16490.0,16020.0,16426.0,147300,KBS
2020-03-05 07:00:00,16576.0,17067.0,16426.0,16832.0,270810,KBS
2020-03-06 07:00:00,16832.0,17259.0,16832.0,17110.0,338140,KBS
2020-03-09 07:00:00,16191.0,16661.0,15935.0,15978.0,336290,KBS
2020-03-10 07:00:00,15807.0,16447.0,15807.0,16447.0,113690,KBS
2020-03-11 07:00:00,16447.0,16490.0,15593.0,16277.0,112890,KBS
2020-03-12 07:00:00,16020.0,16020.0,15678.0,15849.0,707890,KBS
2020-03-13 07:00:00,15422.0,16618.0,15422.0,16405.0,293160,KBS
2020-03-16 07:00:00,16405.0,16405.0,15721.0,15849.0,171790,KBS
2020-03-17 07:00:00,14995.0,15849.0,14995.0,15230.0,362460,KBS
2020-03-18 07:00:00,15230.0,15337.0,14910.0,14910.0,173800,KBS
2020-03-19 07:00:00,14653.0,14867.0,14482.0,14525.0,231220,KBS
2020-03-20 07:00:00,14525.0,14910.0,14119.0,14525.0,163550,KBS
2020-03-23 07:00:00,13884.0,14119.0,13521.0,13521.0,306020,KBS
2020-03-24 07:00:00,13286.0,13671.0,13286.0,13671.0,256860,KBS
2020-03-25 07:00:00,14098.0,14610.0,13671.0,14568.0,97280,KBS
2020-03-26 07:00:00,14568.0,14610.0,13970.0,14012.0,42310,KBS
2020-03-27 07:00:00,13671.0,14076.0,13671.0,13970.0,68250,KBS
2020-03-30 07:00:00,13243.0,13671.0,13073.0,13243.0,202290,KBS
2020-03-31 07:00:00,13799.0,13799.0,13030.0,13671.0,161750,KBS
2020-04-01 07:00:00,14012.0,14012.0,13671.0,13906.0,104260,KBS
2020-04-03 07:00:00,14269.0,14269.0,13970.0,13991.0,85730,KBS
2020-04-06 07:00:00,14141.0,14440.0,14012.0,14440.0,174340,KBS
2020-04-07 07:00:00,14525.0,14525.0,14311.0,14397.0,10090,KBS
2020-04-08 07:00:00,14525.0,14739.0,14311.0,14525.0,86830,KBS
2020-04-09 07:00:00,14965.0,15053.0,14525.0,14965.0,207010,KBS
2020-04-10 07:00:00,14965.0,15295.0,14965.0,15229.0,138650,KBS
2020-04-13 07:00:00,15229.0,15405.0,15207.0,15251.0,209370,KBS
2020-04-14 07:00:00,15229.0,15229.0,14745.0,15141.0,141290,KBS
2020-04-15 07:00:00,14877.0,15581.0,14877.0,15075.0,89060,KBS
2020-04-16 07:00:00,15141.0,15141.0,14921.0,15075.0,71670,KBS
2020-04-17 07:00:00,15141.0,15978.0,14921.0,15801.0,201320,KBS
2020-04-20 07:00:00,15801.0,16066.0,15713.0,16022.0,138120,KBS
2020-04-21 07:00:00,16946.0,16946.0,16022.0,16022.0,674930,KBS
2020-04-22 07:00:00,15845.0,16286.0,15493.0,15757.0,330230,KBS
2020-04-23 07:00:00,16286.0,16462.0,15801.0,15889.0,317350,KBS
2020-04-24 07:00:00,15625.0,15889.0,15449.0,15867.0,113720,KBS
2020-04-27 07:00:00,15934.0,16198.0,15691.0,16110.0,292260,KBS
2020-04-28 07:00:00,16154.0,16506.0,16110.0,16286.0,384100,KBS
2020-04-29 07:00:00,16726.0,17034.0,16286.0,16726.0,1209670,KBS
2020-05-04 07:00:00,16550.0,16814.0,16242.0,16396.0,289090,KBS
2020-05-05 07:00:00,16550.0,16550.0,16286.0,16506.0,87930,KBS
2020-05-06 07:00:00,16616.0,16638.0,16286.0,16418.0,261550,KBS
2020-05-07 07:00:00,16506.0,16946.0,16440.0,16682.0,567310,KBS
2020-05-08 07:00:00,16814.0,16814.0,16418.0,16418.0,304240,KBS
2020-05-11 07:00:00,16440.0,16594.0,16308.0,16440.0,254550,KBS
2020-05-12 07:00:00,16440.0,16616.0,16308.0,16506.0,370260,KBS
2020-05-13 07:00:00,16506.0,16660.0,16352.0,16638.0,283710,KBS
2020-05-14 07:00:00,16814.0,17078.0,16374.0,16374.0,1094730,KBS
2020-05-15 07:00:00,16550.0,16550.0,16418.0,16506.0,151330,KBS
2020-05-18 07:00:00,16506.0,16550.0,16374.0,16462.0,146360,KBS
2020-05-19 07:00:00,16418.0,16462.0,15845.0,15889.0,878150,KBS
2020-05-20 07:00:00,15625.0,15889.0,15625.0,15691.0,211030,KBS
2020-05-21 07:00:00,15669.0,16110.0,15669.0,16066.0,75350,KBS
2020-05-22 07:00:00,15934.0,16066.0,15889.0,15889.0,94110,KBS
2020-05-25 07:00:00,15889.0,15978.0,15757.0,15823.0,152570,KBS
2020-05-26 07:00:00,15845.0,16462.0,15801.0,16374.0,253900,KBS
2020-05-27 07:00:00,16638.0,16638.0,16110.0,16110.0,105450,KBS
2020-05-28 07:00:00,16110.0,16418.0,15978.0,16286.0,240700,KBS
2020-05-29 07:00:00,16198.0,16440.0,16110.0,16198.0,60680,KBS
2020-06-01 07:00:00,16154.0,16220.0,15956.0,15978.0,176740,KBS
2020-06-02 07:00:00,16022.0,16286.0,15934.0,16176.0,149130,KBS
2020-06-03 07:00:00,16242.0,16242.0,15978.0,16110.0,160230,KBS
2020-06-04 07:00:00,16110.0,16110.0,15779.0,15823.0,416050,KBS
2020-06-05 07:00:00,15757.0,15757.0,15559.0,15625.0,312770,KBS
2020-06-08 07:00:00,15625.0,16110.0,15625.0,15934.0,287730,KBS
2020-06-09 07:00:00,16044.0,16044.0,15691.0,15713.0,145720,KBS
2020-06-10 07:00:00,15911.0,16000.0,15625.0,15845.0,241930,KBS
2020-06-11 07:00:00,15845.0,16022.0,15405.0,15405.0,362810,KBS
2020-06-12 07:00:00,14789.0,15361.0,14789.0,15185.0,513410,KBS
2020-06-15 07:00:00,15229.0,15251.0,14701.0,14789.0,288290,KBS
2020-06-16 07:00:00,14877.0,15009.0,14745.0,14965.0,193070,KBS
2020-06-17 07:00:00,15053.0,15317.0,14833.0,15273.0,348490,KBS
2020-06-18 07:00:00,15317.0,15625.0,15185.0,15449.0,223990,KBS
2020-06-19 07:00:00,15625.0,15625.0,15141.0,15185.0,359300,KBS
2020-06-22 07:00:00,15185.0,15185.0,15031.0,15053.0,307480,KBS
2020-06-23 07:00:00,15053.0,15053.0,14965.0,15009.0,368900,KBS
2020-06-24 07:00:00,15009.0,15405.0,14943.0,15251.0,421690,KBS
2020-06-25 07:00:00,15405.0,15405.0,15141.0,15273.0,404650,KBS
2020-06-26 07:00:00,15273.0,16066.0,15273.0,15493.0,677170,KBS
2020-06-29 07:00:00,15185.0,15845.0,14965.0,14965.0,597050,KBS
2020-06-30 07:00:00,15405.0,15405.0,15009.0,15207.0,533910,KBS
2020-07-01 07:00:00,15207.0,15757.0,15185.0,15647.0,533490,KBS
2020-07-02 07:00:00,15801.0,16726.0,15537.0,16682.0,2773060,KBS
2020-07-03 07:00:00,16858.0,17386.0,16242.0,16286.0,1169170,KBS
2020-07-06 07:00:00,16330.0,16726.0,15934.0,15934.0,1445760,KBS
2020-07-07 07:00:00,16000.0,16396.0,15625.0,15625.0,1730330,KBS
2020-07-08 07:00:00,16022.0,16704.0,16022.0,16704.0,2387470,KBS
2020-07-09 07:00:00,17870.0,17870.0,17694.0,17870.0,1263310,KBS
2020-07-10 07:00:00,17870.0,18442.0,17870.0,18266.0,2380990,KBS
2020-07-13 07:00:00,18046.0,18927.0,18046.0,18464.0,1531970,KBS
2020-07-14 07:00:00,18442.0,18927.0,18420.0,18927.0,1304480,KBS
2020-07-15 07:00:00,19147.0,19191.0,18266.0,18266.0,1351200,KBS
2020-07-16 07:00:00,18266.0,18816.0,18266.0,18772.0,1019810,KBS
2020-07-17 07:00:00,18706.0,19213.0,18684.0,18905.0,975650,KBS
2020-07-20 07:00:00,18905.0,19257.0,18486.0,18662.0,1576530,KBS
2020-07-21 07:00:00,18618.0,18618.0,17870.0,18332.0,1627280,KBS
2020-07-22 07:00:00,18310.0,18662.0,18266.0,18376.0,1001600,KBS
2020-07-23 07:00:00,18354.0,19147.0,18200.0,19147.0,1283610,KBS
2020-07-24 07:00:00,18927.0,19455.0,17826.0,18486.0,2741350,KBS
2020-07-27 07:00:00,17870.0,18266.0,17386.0,17518.0,1868940,KBS
2020-07-28 07:00:00,17804.0,18530.0,17540.0,18332.0,912110,KBS
2020-07-29 07:00:00,18002.0,18200.0,17254.0,18046.0,1821910,KBS
2020-07-30 07:00:00,18200.0,18266.0,18046.0,18068.0,925680,KBS
2020-07-31 07:00:00,18046.0,18134.0,17628.0,17738.0,880480,KBS
2020-08-03 07:00:00,17738.0,18354.0,17738.0,18310.0,789560,KBS
2020-08-04 07:00:00,18486.0,18486.0,18200.0,18464.0,628220,KBS
2020-08-05 07:00:00,18486.0,19543.0,18420.0,19543.0,2154120,KBS
2020-08-06 07:00:00,19719.0,19939.0,19279.0,19807.0,1335300,KBS
2020-08-07 07:00:00,19807.0,19939.0,19499.0,19939.0,1093430,KBS
2020-08-10 07:00:00,19895.0,20005.0,19411.0,19411.0,1124990,KBS
2020-08-11 07:00:00,19411.0,19763.0,19323.0,19719.0,2103010,KBS
2020-08-12 07:00:00,19807.0,19807.0,19433.0,19587.0,687600,KBS
2020-08-13 07:00:00,19675.0,20115.0,19455.0,20115.0,1328670,KBS
2020-08-14 07:00:00,20115.0,20115.0,19653.0,19807.0,1193380,KBS
2020-08-17 07:00:00,19631.0,19785.0,19455.0,19719.0,626620,KBS
2020-08-18 07:00:00,19631.0,19807.0,19499.0,19499.0,645140,KBS
2020-08-19 07:00:00,19587.0,20115.0,19477.0,19983.0,889920,KBS
2020-08-20 07:00:00,19939.0,20291.0,19675.0,19939.0,1007340,KBS
2020-08-21 07:00:00,20027.0,20115.0,19763.0,20115.0,801060,KBS
2020-08-24 07:00:00,20247.0,20467.0,20071.0,20225.0,1319300,KBS
2020-08-25 07:00:00,20225.0,20247.0,19917.0,19917.0,651200,KBS
2020-08-26 07:00:00,19939.0,20159.0,19565.0,20027.0,733440,KBS
2020-08-27 07:00:00,20137.0,20137.0,19675.0,19763.0,682150,KBS
2020-08-28 07:00:00,19851.0,20005.0,19499.0,19543.0,1069590,KBS
2020-08-31 07:00:00,19543.0,19587.0,19169.0,19279.0,1025250,KBS
2020-09-01 07:00:00,19279.0,19631.0,19235.0,19609.0,521820,KBS
2020-09-03 07:00:00,19587.0,19763.0,19411.0,19587.0,549090,KBS
2020-09-04 07:00:00,19367.0,19851.0,19345.0,19763.0,917660,KBS
2020-09-07 07:00:00,19763.0,19763.0,19455.0,19543.0,713200,KBS
2020-09-08 07:00:00,19543.0,19741.0,19455.0,19631.0,456100,KBS
2020-09-09 07:00:00,19543.0,20687.0,19499.0,20555.0,1702340,KBS
2020-09-10 07:00:00,20687.0,20797.0,20379.0,20511.0,626270,KBS
2020-09-11 07:00:00,20511.0,20577.0,20423.0,20467.0,536060,KBS
2020-09-14 07:00:00,20467.0,20467.0,20203.0,20291.0,735880,KBS
2020-09-15 07:00:00,20467.0,20511.0,20247.0,20423.0,762630,KBS
2020-09-16 07:00:00,20423.0,20555.0,20203.0,20467.0,666130,KBS
2020-09-17 07:00:00,20467.0,20665.0,20423.0,20599.0,681800,KBS
2020-09-18 07:00:00,20599.0,20599.0,20401.0,20423.0,445270,KBS
2020-09-21 07:00:00,20511.0,20577.0,19939.0,20071.0,845270,KBS
2020-09-22 07:00:00,19939.0,20379.0,19807.0,19807.0,1042460,KBS
2020-09-23 07:00:00,19807.0,19961.0,19499.0,19587.0,1202310,KBS
2020-09-24 07:00:00,19455.0,19763.0,19411.0,19719.0,527740,KBS
2020-09-25 07:00:00,20027.0,20291.0,19807.0,20291.0,1235180,KBS
2020-09-28 07:00:00,20401.0,20401.0,19829.0,20203.0,734360,KBS
2020-09-29 07:00:00,20203.0,20203.0,19807.0,19851.0,653770,KBS
2020-09-30 07:00:00,19851.0,20115.0,19807.0,20027.0,555840,KBS
2020-10-01 07:00:00,20203.0,20203.0,19939.0,20071.0,331070,KBS
2020-10-02 07:00:00,20159.0,20159.0,19675.0,19807.0,615210,KBS
2020-10-05 07:00:00,19851.0,20049.0,19807.0,19961.0,471120,KBS
2020-10-06 07:00:00,20005.0,20445.0,19983.0,20247.0,924850,KBS
2020-10-07 07:00:00,20247.0,20335.0,19917.0,20159.0,416440,KBS
2020-10-08 07:00:00,20291.0,20291.0,19917.0,20159.0,214300,KBS
2020-10-09 07:00:00,20159.0,20247.0,19983.0,20115.0,449460,KBS
2020-10-12 07:00:00,20247.0,20247.0,19939.0,20049.0,405500,KBS
2020-10-13 07:00:00,19917.0,20071.0,19829.0,20049.0,295470,KBS
2020-10-14 07:00:00,20115.0,20115.0,19983.0,20027.0,173200,KBS
2020-10-15 07:00:00,20115.0,20115.0,19807.0,19807.0,214490,KBS
2020-10-16 07:00:00,19697.0,20137.0,19697.0,19939.0,319830,KBS
2020-10-19 07:00:00,19851.0,20027.0,19851.0,19895.0,165240,KBS
2020-10-20 07:00:00,19895.0,20313.0,19895.0,20313.0,416110,KBS
2020-10-21 07:00:00,20467.0,20511.0,20247.0,20247.0,564930,KBS
2020-10-22 07:00:00,20159.0,20511.0,20159.0,20511.0,403400,KBS
2020-10-23 07:00:00,20687.0,21479.0,20599.0,21479.0,1276810,KBS
2020-10-26 07:00:00,21523.0,21523.0,21127.0,21215.0,404730,KBS
2020-10-27 07:00:00,21083.0,21171.0,20907.0,20907.0,327830,KBS
2020-10-28 07:00:00,20665.0,20885.0,20247.0,20247.0,1159330,KBS
2020-10-29 07:00:00,20071.0,20423.0,19939.0,20313.0,464200,KBS
2020-10-30 07:00:00,20511.0,20555.0,20247.0,20423.0,245980,KBS
2020-11-02 07:00:00,20423.0,20907.0,20291.0,20731.0,363290,KBS
2020-11-03 07:00:00,20907.0,21303.0,20775.0,21171.0,594890,KBS
2020-11-04 07:00:00,21435.0,21567.0,21347.0,21347.0,418810,KBS
2020-11-05 07:00:00,21347.0,21435.0,21083.0,21083.0,449240,KBS
2020-11-06 07:00:00,21127.0,21303.0,21061.0,21127.0,178600,KBS
2020-11-09 07:00:00,21127.0,21699.0,21127.0,21633.0,278460,KBS
2020-11-10 07:00:00,21810.0,21876.0,21633.0,21633.0,240140,KBS
2020-11-11 07:00:00,21633.0,22316.0,21633.0,22316.0,962370,KBS
2020-11-12 07:00:00,22448.0,22756.0,22448.0,22668.0,477130,KBS
2020-11-13 07:00:00,22756.0,22932.0,22668.0,22844.0,335750,KBS
2020-11-16 07:00:00,22844.0,23064.0,22580.0,22668.0,443290,KBS
2020-11-17 07:00:00,22668.0,23108.0,22624.0,23108.0,557960,KBS
2020-11-18 07:00:00,23108.0,23240.0,22668.0,23108.0,315170,KBS
2020-11-19 07:00:00,23108.0,23240.0,22668.0,23108.0,442190,KBS
2020-11-20 07:00:00,22888.0,23196.0,22756.0,23196.0,409410,KBS
2020-11-23 07:00:00,23240.0,23988.0,23240.0,23856.0,548420,KBS
2020-11-24 07:00:00,24164.0,24164.0,23592.0,23988.0,273590,KBS
2020-11-25 07:00:00,24208.0,24781.0,24164.0,24649.0,492000,KBS
2020-11-26 07:00:00,24869.0,25573.0,24649.0,25573.0,810430,KBS
2020-11-27 07:00:00,25529.0,25969.0,25309.0,25705.0,443400,KBS
2020-11-30 07:00:00,25705.0,26409.0,25617.0,26013.0,542430,KBS
2020-12-01 07:00:00,25309.0,26101.0,25309.0,25969.0,311660,KBS
2020-12-02 07:00:00,25969.0,25969.0,25529.0,25749.0,464400,KBS
2020-12-03 07:00:00,25617.0,25705.0,25529.0,25705.0,261240,KBS
2020-12-04 07:00:00,25617.0,27465.0,25529.0,27465.0,314130,KBS
2020-12-07 07:00:00,27113.0,27289.0,25793.0,26365.0,317800,KBS
2020-12-08 07:00:00,26233.0,26585.0,25969.0,26585.0,165600,KBS
2020-12-09 07:00:00,26717.0,26761.0,26321.0,26321.0,220460,KBS
2020-12-10 07:00:00,26409.0,26629.0,26321.0,26453.0,320220,KBS
2020-12-11 07:00:00,26409.0,27069.0,26321.0,26805.0,392030,KBS
2020-12-14 07:00:00,26981.0,26981.0,26585.0,26761.0,437780,KBS
2020-12-15 07:00:00,26761.0,26805.0,26629.0,26717.0,236100,KBS
2020-12-16 07:00:00,26717.0,26761.0,26497.0,26761.0,553570,KBS
2020-12-17 07:00:00,26761.0,26761.0,25969.0,26145.0,589460,KBS
2020-12-18 07:00:00,26013.0,26365.0,26013.0,26145.0,255270,KBS
2020-12-21 07:00:00,26453.0,26497.0,26145.0,26189.0,174890,KBS
2020-12-22 07:00:00,26189.0,27157.0,26189.0,27069.0,608040,KBS
2020-12-23 07:00:00,27510.0,27510.0,26409.0,26629.0,180410,KBS
2020-12-24 07:00:00,26629.0,26849.0,26013.0,26321.0,203640,KBS
2020-12-25 07:00:00,26321.0,26849.0,26277.0,26673.0,635250,KBS
2020-12-28 07:00:00,26673.0,26849.0,26365.0,26365.0,492160,KBS
2020-12-29 07:00:00,26409.0,26805.0,26365.0,26409.0,386900,KBS
2020-12-30 07:00:00,27320.0,27320.0,26682.0,26728.0,141890,KBS
2020-12-31 07:00:00,26728.0,28230.0,26728.0,27730.0,429900,KBS
2021-01-04 07:00:00,27730.0,27866.0,27320.0,27775.0,246700,KBS
2021-01-05 07:00:00,27775.0,27866.0,27593.0,27730.0,151200,KBS
2021-01-06 07:00:00,27775.0,27957.0,27502.0,27775.0,366600,KBS
2021-01-07 07:00:00,27775.0,29369.0,27775.0,29141.0,581400,KBS
2021-01-08 07:00:00,29232.0,30052.0,29096.0,29141.0,268600,KBS
2021-01-11 07:00:00,29141.0,29414.0,29005.0,29187.0,684200,KBS
2021-01-12 07:00:00,29187.0,29414.0,28640.0,29414.0,496300,KBS
2021-01-13 07:00:00,29369.0,29596.0,29050.0,29050.0,545100,KBS
2021-01-14 07:00:00,29141.0,29232.0,28913.0,29141.0,348300,KBS
2021-01-15 07:00:00,29141.0,31145.0,29141.0,31145.0,1156200,KBS
2021-01-18 07:00:00,31190.0,31236.0,30052.0,31099.0,234700,KBS
2021-01-19 07:00:00,31099.0,31099.0,29005.0,29824.0,446800,KBS
2021-01-20 07:00:00,29369.0,29824.0,27912.0,29824.0,309800,KBS
2021-01-21 07:00:00,29824.0,30598.0,29824.0,30598.0,359600,KBS
2021-01-22 07:00:00,30553.0,30689.0,29596.0,30371.0,604500,KBS
2021-01-25 07:00:00,30416.0,30416.0,29505.0,30006.0,366900,KBS
2021-01-26 07:00:00,30006.0,30006.0,29187.0,29232.0,143200,KBS
2021-01-27 07:00:00,28458.0,29232.0,28003.0,28003.0,225400,KBS
2021-01-28 07:00:00,26409.0,27411.0,26045.0,26045.0,890900,KBS
2021-01-29 07:00:00,25498.0,27821.0,25498.0,27502.0,121000,KBS
2021-02-01 07:00:00,28458.0,28686.0,27775.0,28003.0,204700,KBS
2021-02-02 07:00:00,27684.0,29141.0,27684.0,29141.0,284800,KBS
2021-02-03 07:00:00,29141.0,30371.0,29141.0,30188.0,342400,KBS
2021-02-04 07:00:00,30462.0,30644.0,29824.0,30279.0,206100,KBS
2021-02-05 07:00:00,30279.0,30962.0,29596.0,30962.0,363200,KBS
2021-02-08 07:00:00,30598.0,31008.0,29824.0,29961.0,145500,KBS
2021-02-09 07:00:00,29688.0,30598.0,29688.0,30598.0,99000,KBS
2021-02-17 07:00:00,30962.0,32738.0,30962.0,32738.0,1498600,KBS
2021-02-18 07:00:00,33376.0,33603.0,32328.0,33421.0,227900,KBS
2021-02-19 07:00:00,32784.0,33558.0,32784.0,33148.0,196700,KBS
2021-02-22 07:00:00,33194.0,33512.0,32920.0,33285.0,408500,KBS
2021-02-23 07:00:00,33239.0,33376.0,33102.0,33194.0,299900,KBS
2021-02-24 07:00:00,32966.0,33877.0,32966.0,33239.0,486800,KBS
2021-02-25 07:00:00,33239.0,34696.0,33239.0,34696.0,642000,KBS
2021-02-26 07:00:00,34696.0,35971.0,34605.0,35288.0,430200,KBS
2021-03-01 07:00:00,35288.0,35288.0,34377.0,34969.0,317200,KBS
2021-03-02 07:00:00,34833.0,35060.0,34651.0,34969.0,469600,KBS
2021-03-03 07:00:00,35288.0,36882.0,35015.0,35880.0,400000,KBS
2021-03-04 07:00:00,35880.0,36836.0,33694.0,35516.0,473900,KBS
2021-03-05 07:00:00,34833.0,36426.0,34696.0,36335.0,475500,KBS
2021-03-08 07:00:00,36426.0,36654.0,35516.0,35971.0,419800,KBS
2021-03-09 07:00:00,35743.0,36426.0,35516.0,36153.0,346500,KBS
2021-03-10 07:00:00,36108.0,36654.0,36108.0,36654.0,335400,KBS
2021-03-11 07:00:00,36882.0,37337.0,36654.0,37337.0,297000,KBS
2021-03-12 07:00:00,37337.0,38521.0,37337.0,38248.0,312100,KBS
2021-03-15 07:00:00,38248.0,38475.0,37792.0,38293.0,255500,KBS
2021-03-16 07:00:00,38293.0,38931.0,38293.0,38749.0,230700,KBS
2021-03-17 07:00:00,38749.0,39022.0,38475.0,38931.0,252100,KBS
2021-03-18 07:00:00,39158.0,39158.0,38475.0,38931.0,184800,KBS
2021-03-19 07:00:00,38931.0,38931.0,37792.0,37975.0,390500,KBS
2021-03-22 07:00:00,37838.0,37929.0,37109.0,37792.0,476100,KBS
2021-03-23 07:00:00,37565.0,37792.0,37337.0,37747.0,193800,KBS
2021-03-24 07:00:00,37109.0,37519.0,37109.0,37246.0,157800,KBS
2021-03-25 07:00:00,37246.0,37474.0,36426.0,37155.0,111200,KBS
2021-03-26 07:00:00,37155.0,37155.0,36426.0,36882.0,233800,KBS
2021-03-29 07:00:00,36882.0,37292.0,36882.0,37200.0,126000,KBS
2021-03-30 07:00:00,37200.0,38248.0,37200.0,37792.0,287000,KBS
2021-03-31 07:00:00,37792.0,38020.0,37337.0,38020.0,126200,KBS
2021-04-01 07:00:00,38020.0,38248.0,37792.0,38111.0,96300,KBS
2021-04-02 07:00:00,38248.0,38248.0,37383.0,38111.0,165200,KBS
2021-04-05 07:00:00,38111.0,38111.0,37747.0,38111.0,128800,KBS
2021-04-06 07:00:00,38111.0,40342.0,38066.0,40069.0,548400,KBS
2021-04-07 07:00:00,40479.0,40798.0,39614.0,40433.0,301100,KBS
2021-04-08 07:00:00,40433.0,40798.0,40297.0,40433.0,91600,KBS
2021-04-09 07:00:00,40115.0,40479.0,39386.0,39841.0,311300,KBS
2021-04-12 07:00:00,39705.0,40297.0,39386.0,39978.0,250100,KBS
2021-04-13 07:00:00,39978.0,40615.0,39978.0,40069.0,261600,KBS
2021-04-14 07:00:00,40069.0,40661.0,40069.0,40615.0,232200,KBS
2021-04-15 07:00:00,40433.0,40752.0,40433.0,40524.0,93100,KBS
2021-04-16 07:00:00,37792.0,40524.0,37792.0,40160.0,205900,KBS
2021-04-19 07:00:00,40069.0,41890.0,39614.0,41890.0,353700,KBS
2021-04-20 07:00:00,41890.0,41936.0,41116.0,41890.0,97700,KBS
2021-04-22 07:00:00,41890.0,41890.0,41071.0,41253.0,147900,KBS
2021-04-23 07:00:00,41253.0,41845.0,40524.0,41663.0,133500,KBS
2021-04-26 07:00:00,42573.0,42573.0,41663.0,41890.0,218100,KBS
2021-04-27 07:00:00,42300.0,42300.0,41071.0,41207.0,267200,KBS
2021-04-28 07:00:00,41207.0,41617.0,40524.0,40889.0,196800,KBS
2021-04-29 07:00:00,40889.0,42573.0,40889.0,41526.0,390200,KBS
2021-05-04 07:00:00,40980.0,41663.0,40980.0,41526.0,105200,KBS
2021-05-05 07:00:00,41663.0,43120.0,41663.0,42573.0,560700,KBS
2021-05-06 07:00:00,42801.0,42983.0,42346.0,42938.0,471300,KBS
2021-05-07 07:00:00,42892.0,43712.0,42391.0,43575.0,688600,KBS
2021-05-10 07:00:00,43621.0,45761.0,43393.0,45761.0,608400,KBS
2021-05-11 07:00:00,45988.0,46762.0,45715.0,45897.0,339600,KBS
2021-05-12 07:00:00,45533.0,46353.0,45533.0,46353.0,273400,KBS
2021-05-13 07:00:00,46125.0,46353.0,45624.0,45988.0,337200,KBS
2021-05-14 07:00:00,45988.0,46444.0,45442.0,45533.0,322200,KBS
2021-05-17 07:00:00,45533.0,46535.0,45533.0,46307.0,435000,KBS
2021-05-18 07:00:00,46489.0,46535.0,45670.0,46170.0,455000,KBS
2021-05-19 07:00:00,46307.0,48538.0,46170.0,47218.0,413600,KBS
2021-05-20 07:00:00,47764.0,48174.0,47218.0,47764.0,371900,KBS
2021-05-21 07:00:00,47354.0,47901.0,47354.0,47764.0,188100,KBS
2021-05-24 07:00:00,47628.0,48037.0,47354.0,48037.0,301000,KBS
2021-05-25 07:00:00,48265.0,50041.0,45533.0,48219.0,250700,KBS
2021-05-26 07:00:00,48219.0,48219.0,47081.0,47354.0,261800,KBS
2021-05-27 07:00:00,46899.0,47127.0,45533.0,45897.0,236200,KBS
2021-05-28 07:00:00,45624.0,46671.0,45624.0,46307.0,84200,KBS
2021-05-31 07:00:00,45761.0,48629.0,45761.0,46398.0,266200,KBS
2021-06-01 07:00:00,46307.0,47810.0,46307.0,47354.0,241800,KBS
2021-06-02 07:00:00,47810.0,47810.0,47354.0,47582.0,161400,KBS
2021-06-03 07:00:00,47582.0,48219.0,47445.0,47582.0,163700,KBS
2021-06-04 07:00:00,47582.0,48493.0,47536.0,48447.0,626200,KBS
2021-06-07 07:00:00,48948.0,48948.0,46899.0,48402.0,146200,KBS
2021-06-08 07:00:00,48447.0,48493.0,45988.0,46899.0,346600,KBS
2021-06-09 07:00:00,46899.0,48265.0,46717.0,47354.0,239800,KBS
2021-06-10 07:00:00,47354.0,48219.0,46899.0,47946.0,215100,KBS
2021-06-11 07:00:00,48265.0,49176.0,48219.0,48219.0,140100,KBS
2021-06-14 07:00:00,48219.0,48720.0,48219.0,48538.0,268100,KBS
2021-06-15 07:00:00,48265.0,49176.0,48265.0,48447.0,92600,KBS
2021-06-16 07:00:00,49130.0,49130.0,48356.0,48447.0,62500,KBS
2021-06-17 07:00:00,48447.0,49631.0,48402.0,48629.0,198100,KBS
2021-06-18 07:00:00,48629.0,49585.0,48629.0,48675.0,254200,KBS
2021-06-21 07:00:00,48675.0,49585.0,48675.0,49130.0,112400,KBS
2021-06-22 07:00:00,49176.0,49176.0,48538.0,48811.0,152000,KBS
2021-06-23 07:00:00,48538.0,48720.0,47354.0,47810.0,587300,KBS
2021-06-24 07:00:00,47810.0,47946.0,47309.0,47810.0,135400,KBS
2021-06-25 07:00:00,47354.0,47764.0,46580.0,47354.0,440700,KBS
2021-06-28 07:00:00,47354.0,48629.0,47354.0,48584.0,53800,KBS
2021-06-29 07:00:00,48584.0,48584.0,47901.0,48356.0,63800,KBS
2021-06-30 07:00:00,48265.0,48356.0,47810.0,47810.0,110600,KBS
2021-07-01 07:00:00,47810.0,49221.0,47400.0,48219.0,61100,KBS
2021-07-02 07:00:00,48311.0,48402.0,47810.0,47901.0,82600,KBS
2021-07-05 07:00:00,47719.0,47901.0,46945.0,47172.0,174400,KBS
2021-07-06 07:00:00,46945.0,47309.0,46216.0,46216.0,160200,KBS
2021-07-07 07:00:00,46398.0,48584.0,44668.0,48311.0,190300,KBS
2021-07-08 07:00:00,48311.0,48402.0,47582.0,48265.0,212700,KBS
2021-07-09 07:00:00,48720.0,48720.0,46671.0,46717.0,83700,KBS
2021-07-12 07:00:00,45624.0,47354.0,44395.0,44622.0,179600,KBS
2021-07-13 07:00:00,44395.0,44850.0,44167.0,44622.0,216200,KBS
2021-07-14 07:00:00,45533.0,45533.0,43757.0,44076.0,122200,KBS
2021-07-15 07:00:00,44622.0,44622.0,43803.0,44167.0,165400,KBS
2021-07-16 07:00:00,44213.0,44258.0,43939.0,44076.0,144800,KBS
2021-07-19 07:00:00,41936.0,45442.0,41936.0,44076.0,176100,KBS
2021-07-20 07:00:00,45487.0,45487.0,44076.0,44258.0,73200,KBS
2021-07-21 07:00:00,44304.0,44395.0,43712.0,44258.0,100900,KBS
2021-07-22 07:00:00,44258.0,45579.0,44076.0,45442.0,317400,KBS
2021-07-23 07:00:00,48318.0,48318.0,46247.0,46477.0,139100,KBS
2021-07-26 07:00:00,46592.0,48203.0,46017.0,46362.0,61700,KBS
2021-07-27 07:00:00,46132.0,46937.0,46017.0,46822.0,198400,KBS
2021-07-28 07:00:00,46995.0,48318.0,46822.0,47168.0,151100,KBS
2021-07-29 07:00:00,47570.0,47743.0,46995.0,47570.0,66500,KBS
2021-07-30 07:00:00,48145.0,48145.0,46995.0,47743.0,125000,KBS
2021-08-02 07:00:00,47743.0,50964.0,47340.0,50964.0,1898200,KBS
2021-08-03 07:00:00,52344.0,52344.0,51079.0,51482.0,184200,KBS
2021-08-04 07:00:00,51769.0,51769.0,50791.0,51194.0,234700,KBS
2021-08-05 07:00:00,50676.0,52229.0,50619.0,52057.0,660700,KBS
2021-08-06 07:00:00,52114.0,52114.0,51367.0,51769.0,304400,KBS
2021-08-09 07:00:00,51021.0,53380.0,50791.0,52057.0,529700,KBS
2021-08-10 07:00:00,52057.0,52114.0,51194.0,51942.0,641800,KBS
2021-08-11 07:00:00,52057.0,52172.0,50906.0,51482.0,511500,KBS
2021-08-12 07:00:00,51482.0,51769.0,50619.0,50619.0,632100,KBS
2021-08-13 07:00:00,50561.0,50619.0,49468.0,49641.0,430800,KBS
2021-08-16 07:00:00,49698.0,51079.0,49583.0,50561.0,594300,KBS
2021-08-17 07:00:00,51194.0,51194.0,50331.0,50791.0,544700,KBS
2021-08-18 07:00:00,50619.0,50791.0,50044.0,50504.0,174500,KBS
2021-08-19 07:00:00,50849.0,51999.0,50504.0,50619.0,549000,KBS
2021-08-20 07:00:00,50676.0,50734.0,47743.0,48893.0,640200,KBS
2021-08-23 07:00:00,48893.0,48893.0,47168.0,47455.0,232800,KBS
2021-08-24 07:00:00,46362.0,47743.0,46362.0,47225.0,271300,KBS
2021-08-25 07:00:00,47225.0,47455.0,46362.0,47168.0,223400,KBS
2021-08-26 07:00:00,46765.0,48548.0,46765.0,47743.0,330500,KBS
2021-08-27 07:00:00,47225.0,47685.0,47168.0,47628.0,142700,KBS
2021-08-30 07:00:00,47858.0,48260.0,47858.0,48260.0,221600,KBS
2021-08-31 07:00:00,48893.0,49008.0,47858.0,49008.0,192200,KBS
2021-09-01 07:00:00,49008.0,49008.0,48088.0,48318.0,521200,KBS
2021-09-06 07:00:00,48318.0,49756.0,48088.0,48663.0,443500,KBS
2021-09-07 07:00:00,48663.0,48893.0,48088.0,48260.0,346400,KBS
2021-09-08 07:00:00,48260.0,48606.0,48203.0,48318.0,187600,KBS
2021-09-09 07:00:00,48318.0,48491.0,48088.0,48433.0,315900,KBS
2021-09-10 07:00:00,48318.0,48606.0,48203.0,48548.0,186700,KBS
2021-09-13 07:00:00,48548.0,49468.0,48375.0,49411.0,768700,KBS
2021-09-14 07:00:00,49411.0,50331.0,49411.0,49814.0,559800,KBS
2021-09-15 07:00:00,49814.0,50619.0,49814.0,50274.0,299300,KBS
2021-09-16 07:00:00,50101.0,50906.0,49468.0,50446.0,304500,KBS
2021-09-17 07:00:00,50159.0,50619.0,49181.0,50561.0,707100,KBS
2021-09-20 07:00:00,50619.0,50619.0,49929.0,49986.0,445600,KBS
2021-09-21 07:00:00,49756.0,49814.0,49123.0,49181.0,594400,KBS
2021-09-22 07:00:00,49468.0,49583.0,48433.0,49181.0,305500,KBS
2021-09-23 07:00:00,50504.0,50504.0,49123.0,49411.0,409800,KBS
2021-09-24 07:00:00,49641.0,49641.0,48548.0,48778.0,343900,KBS
2021-09-27 07:00:00,49238.0,49238.0,47340.0,47685.0,404800,KBS
2021-09-28 07:00:00,47340.0,48203.0,46535.0,48203.0,213800,KBS
2021-09-29 07:00:00,47743.0,48491.0,47168.0,48203.0,178600,KBS
2021-09-30 07:00:00,48260.0,49468.0,47570.0,47743.0,207500,KBS
2021-10-01 07:00:00,47628.0,47973.0,47168.0,47743.0,215200,KBS
2021-10-04 07:00:00,48893.0,51079.0,48088.0,51079.0,3321600,KBS
2021-10-05 07:00:00,53955.0,54070.0,52344.0,52805.0,1330800,KBS
2021-10-06 07:00:00,52805.0,54875.0,51942.0,54358.0,1249100,KBS
2021-10-07 07:00:00,54415.0,55508.0,53552.0,54645.0,1606700,KBS
2021-10-08 07:00:00,54415.0,55681.0,54415.0,54760.0,763100,KBS
2021-10-11 07:00:00,54933.0,54933.0,53667.0,53955.0,943600,KBS
2021-10-12 07:00:00,53725.0,54818.0,53035.0,54588.0,932500,KBS
2021-10-13 07:00:00,54875.0,55221.0,53380.0,53667.0,704800,KBS
2021-10-14 07:00:00,53667.0,54530.0,53610.0,53955.0,745600,KBS
2021-10-15 07:00:00,54243.0,54243.0,53265.0,53380.0,535400,KBS
2021-10-18 07:00:00,53437.0,53955.0,52862.0,52920.0,712600,KBS
2021-10-19 07:00:00,52920.0,52920.0,52057.0,52057.0,571000,KBS
2021-10-20 07:00:00,52057.0,53725.0,51769.0,52920.0,419200,KBS
2021-10-21 07:00:00,52920.0,54530.0,52632.0,54070.0,955900,KBS
2021-10-22 07:00:00,54530.0,54588.0,53783.0,54185.0,473200,KBS
2021-10-25 07:00:00,54588.0,54645.0,53898.0,54185.0,429400,KBS
2021-10-26 07:00:00,54128.0,54128.0,51769.0,53495.0,375200,KBS
2021-10-27 07:00:00,53495.0,53955.0,52977.0,53667.0,403100,KBS
2021-10-28 07:00:00,53725.0,53783.0,52862.0,52920.0,921600,KBS
2021-10-29 07:00:00,52920.0,54013.0,52805.0,53783.0,615700,KBS
2021-11-01 07:00:00,53552.0,53725.0,52287.0,52287.0,954000,KBS
2021-11-02 07:00:00,52172.0,52920.0,52172.0,52344.0,667500,KBS
2021-11-03 07:00:00,52344.0,53035.0,52344.0,52344.0,438400,KBS
2021-11-04 07:00:00,52862.0,52862.0,52287.0,52575.0,190200,KBS
2021-11-05 07:00:00,52862.0,55451.0,52575.0,55278.0,1573500,KBS
2021-11-08 07:00:00,55336.0,55681.0,54070.0,54818.0,368000,KBS
2021-11-09 07:00:00,54703.0,55336.0,54415.0,55106.0,609400,KBS
2021-11-10 07:00:00,54645.0,55106.0,53840.0,54990.0,638100,KBS
2021-11-11 07:00:00,54185.0,55106.0,54070.0,54185.0,530500,KBS
2021-11-12 07:00:00,53898.0,54243.0,53840.0,54185.0,438600,KBS
2021-11-15 07:00:00,54185.0,54243.0,52575.0,52920.0,372800,KBS
2021-11-16 07:00:00,52402.0,52920.0,52402.0,52575.0,171300,KBS
2021-11-17 07:00:00,52575.0,53495.0,52460.0,52805.0,103500,KBS
2021-11-18 07:00:00,53380.0,53552.0,52344.0,52920.0,198800,KBS
2021-11-19 07:00:00,52920.0,53898.0,52229.0,53898.0,370300,KBS
2021-11-22 07:00:00,53898.0,54070.0,53092.0,53495.0,212900,KBS
2021-11-23 07:00:00,53495.0,53610.0,52632.0,53610.0,178000,KBS
2021-11-24 07:00:00,53495.0,54358.0,53322.0,54070.0,441300,KBS
2021-11-25 07:00:00,55106.0,55106.0,53840.0,54358.0,474600,KBS
2021-11-26 07:00:00,54358.0,54703.0,53495.0,53495.0,260100,KBS
2021-11-29 07:00:00,52402.0,53552.0,52402.0,53552.0,269200,KBS
2021-11-30 07:00:00,53552.0,53667.0,52920.0,53667.0,199100,KBS
2021-12-01 07:00:00,54070.0,54358.0,52402.0,53495.0,106100,KBS
2021-12-02 07:00:00,54530.0,54530.0,53207.0,53265.0,181300,KBS
2021-12-03 07:00:00,53265.0,53265.0,52402.0,52517.0,161900,KBS
2021-12-06 07:00:00,52517.0,52690.0,48893.0,50676.0,284600,KBS
2021-12-07 07:00:00,50906.0,51654.0,49181.0,50906.0,207500,KBS
2021-12-08 07:00:00,51079.0,51654.0,50906.0,50906.0,144800,KBS
2021-12-09 07:00:00,50964.0,52057.0,50964.0,51769.0,208400,KBS
2021-12-10 07:00:00,51539.0,51827.0,50906.0,50964.0,150300,KBS
2021-12-13 07:00:00,50964.0,51539.0,50619.0,50676.0,221300,KBS
2021-12-14 07:00:00,50734.0,50906.0,49641.0,49871.0,135700,KBS
2021-12-15 07:00:00,49756.0,50619.0,49698.0,50216.0,51400,KBS
2021-12-16 07:00:00,50216.0,50274.0,48893.0,49526.0,163000,KBS
2021-12-17 07:00:00,49526.0,49641.0,48893.0,49066.0,241100,KBS
2021-12-20 07:00:00,49181.0,49353.0,48836.0,48836.0,210000,KBS
2021-12-21 07:00:00,48030.0,48893.0,48030.0,48836.0,115800,KBS
2021-12-22 07:00:00,48663.0,48951.0,48318.0,48433.0,174500,KBS
2021-12-23 07:00:00,48030.0,48778.0,47685.0,48260.0,189100,KBS
2021-12-24 07:00:00,48030.0,48721.0,48030.0,48721.0,136400,KBS
2021-12-27 07:00:00,48721.0,49756.0,48088.0,49468.0,47100,KBS
2021-12-28 07:00:00,49468.0,49641.0,49411.0,49468.0,51100,KBS
2021-12-29 07:00:00,48951.0,49583.0,48951.0,49411.0,44600,KBS
2021-12-30 07:00:00,49468.0,50044.0,49353.0,50044.0,25800,KBS
2021-12-31 07:00:00,49929.0,51194.0,49468.0,51194.0,58600,KBS
2022-01-04 07:00:00,51079.0,51079.0,50274.0,50619.0,136100,KBS
2022-01-05 07:00:00,50044.0,50389.0,49814.0,50389.0,143500,KBS
2022-01-06 07:00:00,50044.0,50619.0,49929.0,50389.0,47600,KBS
2022-01-07 07:00:00,50101.0,50101.0,49181.0,49238.0,112600,KBS
2022-01-10 07:00:00,49238.0,49296.0,48893.0,48951.0,141900,KBS
2022-01-11 07:00:00,48893.0,49181.0,47858.0,47858.0,157500,KBS
2022-01-12 07:00:00,47915.0,49123.0,47915.0,48260.0,64200,KBS
2022-01-13 07:00:00,48375.0,49181.0,46650.0,47168.0,123700,KBS
2022-01-14 07:00:00,47168.0,47513.0,47110.0,47225.0,178600,KBS
2022-01-17 07:00:00,47455.0,48606.0,46305.0,46362.0,103700,KBS
2022-01-18 07:00:00,46075.0,46362.0,45960.0,45960.0,121600,KBS
2022-01-19 07:00:00,46017.0,46592.0,45960.0,45960.0,73400,KBS
2022-01-20 07:00:00,45960.0,46592.0,45845.0,46247.0,88700,KBS
2022-01-21 07:00:00,46247.0,46247.0,45154.0,45154.0,123100,KBS
2022-01-24 07:00:00,45384.0,45442.0,43486.0,43716.0,124400,KBS
2022-01-25 07:00:00,43026.0,43831.0,41300.0,41991.0,202300,KBS
2022-01-26 07:00:00,41991.0,43831.0,41991.0,43831.0,52500,KBS
2022-01-27 07:00:00,45212.0,45212.0,42853.0,43831.0,133300,KBS
2022-01-28 07:00:00,43716.0,44924.0,43716.0,44867.0,86400,KBS
2022-02-07 07:00:00,44867.0,44982.0,43429.0,43544.0,236800,KBS
2022-02-08 07:00:00,43716.0,44752.0,43429.0,44291.0,107700,KBS
2022-02-09 07:00:00,44291.0,44867.0,44291.0,44867.0,48800,KBS
2022-02-10 07:00:00,44924.0,44982.0,44234.0,44867.0,264400,KBS
2022-02-11 07:00:00,44867.0,45442.0,44867.0,45442.0,49200,KBS
2022-02-14 07:00:00,45442.0,45442.0,44579.0,45154.0,137000,KBS
2022-02-15 07:00:00,45154.0,45327.0,44809.0,45327.0,46200,KBS
2022-02-16 07:00:00,45327.0,45327.0,44867.0,44924.0,70200,KBS
2022-02-17 07:00:00,44924.0,45384.0,44867.0,44867.0,62700,KBS
2022-02-18 07:00:00,44867.0,44982.0,43716.0,44982.0,330300,KBS
2022-02-21 07:00:00,44982.0,46592.0,44867.0,46075.0,177200,KBS
2022-02-22 07:00:00,45557.0,46305.0,45557.0,46132.0,88500,KBS
2022-02-23 07:00:00,46132.0,47225.0,45902.0,46995.0,224700,KBS
2022-02-24 07:00:00,46650.0,47053.0,45787.0,46247.0,263000,KBS
2022-02-25 07:00:00,46247.0,46305.0,45557.0,45787.0,198600,KBS
2022-02-28 07:00:00,45845.0,47398.0,45614.0,46132.0,69700,KBS
2022-03-01 07:00:00,46190.0,46707.0,46017.0,46592.0,80200,KBS
2022-03-02 07:00:00,46592.0,46592.0,45557.0,45787.0,231000,KBS
2022-03-03 07:00:00,45787.0,45787.0,45039.0,45442.0,289200,KBS
2022-03-04 07:00:00,45614.0,46075.0,45097.0,45212.0,292700,KBS
2022-03-07 07:00:00,45154.0,45499.0,44464.0,45384.0,257900,KBS
2022-03-08 07:00:00,45154.0,45154.0,44291.0,44291.0,261900,KBS
2022-03-09 07:00:00,44291.0,44349.0,43026.0,43141.0,219000,KBS
2022-03-10 07:00:00,45327.0,45327.0,41991.0,42278.0,243200,KBS
2022-03-11 07:00:00,43141.0,43716.0,42393.0,42911.0,147300,KBS
2022-03-14 07:00:00,43141.0,43141.0,41645.0,41991.0,85200,KBS
2022-03-15 07:00:00,41991.0,42278.0,40840.0,42106.0,152600,KBS
2022-03-16 07:00:00,42393.0,42681.0,42106.0,42221.0,165200,KBS
2022-03-17 07:00:00,43084.0,43084.0,40955.0,42278.0,267300,KBS
2022-03-18 07:00:00,42566.0,42968.0,42106.0,42278.0,275900,KBS
2022-03-21 07:00:00,42566.0,42566.0,41588.0,42336.0,156800,KBS
2022-03-22 07:00:00,42336.0,42451.0,41876.0,42336.0,220200,KBS
2022-03-23 07:00:00,42393.0,43141.0,42278.0,42623.0,307600,KBS
2022-03-24 07:00:00,43084.0,43084.0,42278.0,42278.0,156600,KBS
2022-03-25 07:00:00,42336.0,42853.0,42336.0,42623.0,188400,KBS
2022-03-28 07:00:00,43026.0,43026.0,41991.0,42393.0,289100,KBS
2022-03-29 07:00:00,42393.0,43084.0,42336.0,42508.0,195500,KBS
2022-03-30 07:00:00,42508.0,45442.0,42508.0,45442.0,1675300,KBS
2022-03-31 07:00:00,46822.0,46822.0,45499.0,45845.0,286700,KBS
2022-04-01 07:00:00,45442.0,47685.0,45097.0,47628.0,362800,KBS
2022-04-04 07:00:00,47743.0,49181.0,47570.0,48951.0,687800,KBS
2022-04-05 07:00:00,49123.0,49123.0,48145.0,48893.0,384500,KBS
2022-04-06 07:00:00,48318.0,48951.0,47743.0,47915.0,349200,KBS
2022-04-07 07:00:00,47915.0,48893.0,47915.0,48030.0,928600,KBS
2022-04-08 07:00:00,47973.0,48318.0,47225.0,47225.0,443000,KBS
2022-04-12 07:00:00,47743.0,47743.0,44867.0,44867.0,398400,KBS
2022-04-13 07:00:00,44867.0,46592.0,44867.0,46017.0,314600,KBS
2022-04-14 07:00:00,45499.0,46535.0,44982.0,45442.0,264300,KBS
2022-04-15 07:00:00,46017.0,48260.0,45327.0,47455.0,610800,KBS
2022-04-18 07:00:00,47858.0,48375.0,47398.0,47743.0,599400,KBS
2022-04-19 07:00:00,48375.0,50159.0,48088.0,48606.0,944000,KBS
2022-04-20 07:00:00,48030.0,48893.0,47283.0,47685.0,430400,KBS
2022-04-21 07:00:00,46822.0,48030.0,46822.0,47743.0,460200,KBS
2022-04-22 07:00:00,47800.0,47973.0,44407.0,46592.0,1016800,KBS
2022-04-25 07:00:00,44924.0,46305.0,43371.0,44579.0,601600,KBS
2022-04-26 07:00:00,44061.0,46592.0,41991.0,46592.0,180300,KBS
2022-04-27 07:00:00,46592.0,46592.0,44867.0,46017.0,180600,KBS
2022-04-28 07:00:00,45442.0,46305.0,45442.0,46017.0,219500,KBS
2022-04-29 07:00:00,46017.0,46362.0,45442.0,46362.0,602600,KBS
2022-05-04 07:00:00,46017.0,46132.0,44349.0,44809.0,314700,KBS
2022-05-05 07:00:00,44809.0,45039.0,42336.0,44809.0,408200,KBS
2022-05-06 07:00:00,43141.0,44579.0,42796.0,44349.0,232500,KBS
2022-05-09 07:00:00,43141.0,44234.0,41473.0,41473.0,240800,KBS
2022-05-10 07:00:00,41358.0,43141.0,39632.0,43141.0,138400,KBS
2022-05-11 07:00:00,43141.0,43429.0,42853.0,43314.0,188600,KBS
2022-05-12 07:00:00,43141.0,43256.0,42278.0,42853.0,254200,KBS
2022-05-13 07:00:00,42266.0,43030.0,41034.0,43030.0,163800,KBS
2022-05-16 07:00:00,44028.0,44028.0,41738.0,42853.0,65200,KBS
2022-05-17 07:00:00,41856.0,43382.0,41679.0,43088.0,90400,KBS
2022-05-18 07:00:00,44028.0,44028.0,43030.0,43441.0,173800,KBS
2022-05-19 07:00:00,41738.0,43441.0,41738.0,43323.0,103500,KBS
2022-05-20 07:00:00,43323.0,43441.0,42560.0,43441.0,69900,KBS
2022-05-23 07:00:00,41856.0,43793.0,41503.0,42325.0,141900,KBS
2022-05-24 07:00:00,43147.0,43147.0,39390.0,42208.0,294600,KBS
2022-05-25 07:00:00,41738.0,42560.0,40799.0,42266.0,187700,KBS
2022-05-26 07:00:00,42266.0,42266.0,40975.0,42266.0,289600,KBS
2022-05-27 07:00:00,42266.0,42266.0,41092.0,41973.0,234200,KBS
2022-05-30 07:00:00,42208.0,42208.0,41621.0,41914.0,120100,KBS
2022-05-31 07:00:00,41738.0,42090.0,41562.0,41562.0,140000,KBS
2022-06-01 07:00:00,41562.0,42208.0,41503.0,41738.0,113500,KBS
2022-06-02 07:00:00,41738.0,42032.0,41092.0,41679.0,238100,KBS
2022-06-03 07:00:00,41738.0,41797.0,41092.0,41621.0,100300,KBS
2022-06-06 07:00:00,41562.0,41679.0,40799.0,41092.0,207300,KBS
2022-06-07 07:00:00,41092.0,41092.0,40212.0,40564.0,179700,KBS
2022-06-08 07:00:00,40564.0,40916.0,39625.0,40564.0,252200,KBS
2022-06-09 07:00:00,40212.0,40623.0,39331.0,40212.0,128500,KBS
2022-06-10 07:00:00,40212.0,40212.0,39625.0,39801.0,68900,KBS
2022-06-13 07:00:00,38216.0,38862.0,37042.0,37277.0,378900,KBS
2022-06-14 07:00:00,37042.0,37277.0,35222.0,36455.0,68700,KBS
2022-06-15 07:00:00,37511.0,37511.0,33931.0,36983.0,335000,KBS
2022-06-16 07:00:00,38040.0,38686.0,36866.0,38686.0,180400,KBS
2022-06-17 07:00:00,37570.0,41386.0,37511.0,39860.0,88200,KBS
2022-06-20 07:00:00,39918.0,39918.0,38920.0,39801.0,220600,KBS
2022-06-21 07:00:00,39742.0,39742.0,38157.0,39331.0,43600,KBS
2022-06-22 07:00:00,39331.0,39331.0,38157.0,39331.0,119100,KBS
2022-06-23 07:00:00,39918.0,39918.0,38157.0,38157.0,55900,KBS
2022-06-24 07:00:00,38157.0,38451.0,37277.0,38451.0,106900,KBS
2022-06-27 07:00:00,38157.0,39331.0,37570.0,38451.0,105100,KBS
2022-06-28 07:00:00,38744.0,39918.0,38157.0,38451.0,54500,KBS
2022-06-29 07:00:00,39038.0,39918.0,38157.0,38157.0,123800,KBS
2022-06-30 07:00:00,38744.0,38744.0,37981.0,38157.0,137600,KBS
2022-07-01 07:00:00,38157.0,39625.0,37101.0,39331.0,138600,KBS
2022-07-04 07:00:00,39331.0,39918.0,38568.0,39331.0,158200,KBS
2022-07-05 07:00:00,39331.0,39918.0,38627.0,38862.0,53600,KBS
2022-07-06 07:00:00,39273.0,39801.0,38157.0,38157.0,179400,KBS
2022-07-07 07:00:00,37042.0,38979.0,36690.0,37746.0,220700,KBS
2022-07-08 07:00:00,38216.0,39860.0,36690.0,39860.0,193700,KBS
2022-07-11 07:00:00,39331.0,39331.0,37101.0,38392.0,115400,KBS
2022-07-12 07:00:00,38333.0,39860.0,36983.0,39390.0,152200,KBS
2022-07-13 07:00:00,39331.0,39331.0,38157.0,38157.0,64500,KBS
2022-07-14 07:00:00,38040.0,38392.0,36983.0,37629.0,48500,KBS
2022-07-15 07:00:00,38451.0,39918.0,37570.0,38744.0,69800,KBS
2022-07-18 07:00:00,38803.0,39860.0,38451.0,38744.0,90300,KBS
2022-07-19 07:00:00,39102.0,40175.0,38327.0,38744.0,15700,KBS
2022-07-20 07:00:00,38804.0,39877.0,36956.0,38744.0,57800,KBS
2022-07-21 07:00:00,37910.0,39877.0,37910.0,38744.0,20100,KBS
2022-07-22 07:00:00,38685.0,39877.0,37969.0,38744.0,101800,KBS
2022-07-25 07:00:00,38685.0,39936.0,38029.0,38744.0,75000,KBS
2022-07-26 07:00:00,38685.0,39698.0,37850.0,37850.0,82100,KBS
2022-07-27 07:00:00,38446.0,39877.0,37552.0,37850.0,121900,KBS
2022-07-28 07:00:00,38446.0,38446.0,37671.0,37791.0,78100,KBS
2022-07-29 07:00:00,37552.0,39579.0,37194.0,37552.0,138400,KBS
2022-08-01 07:00:00,37552.0,37612.0,36360.0,36956.0,209700,KBS
2022-08-02 07:00:00,36956.0,39042.0,36956.0,37552.0,77400,KBS
2022-08-03 07:00:00,36777.0,38029.0,36777.0,37254.0,65100,KBS
2022-08-04 07:00:00,37254.0,37254.0,36718.0,37135.0,69200,KBS
2022-08-05 07:00:00,37075.0,37254.0,35764.0,36598.0,334000,KBS
2022-08-08 07:00:00,36122.0,36360.0,35764.0,36241.0,74500,KBS
2022-08-09 07:00:00,36241.0,36658.0,36002.0,36658.0,107600,KBS
2022-08-10 07:00:00,37075.0,37552.0,36598.0,36777.0,106400,KBS
2022-08-11 07:00:00,36777.0,36896.0,36420.0,36420.0,171200,KBS
2022-08-12 07:00:00,36420.0,37254.0,36181.0,36181.0,113800,KBS
2022-08-15 07:00:00,36181.0,37254.0,35824.0,36241.0,188700,KBS
2022-08-16 07:00:00,36360.0,37194.0,36360.0,36837.0,42900,KBS
2022-08-17 07:00:00,36956.0,37671.0,36896.0,37373.0,394800,KBS
2022-08-18 07:00:00,37373.0,37969.0,37314.0,37552.0,169300,KBS
2022-08-19 07:00:00,37612.0,37612.0,36956.0,37135.0,156700,KBS
2022-08-22 07:00:00,37016.0,37492.0,36181.0,36658.0,200600,KBS
2022-08-23 07:00:00,36360.0,36956.0,36360.0,36658.0,212900,KBS
2022-08-24 07:00:00,36420.0,37254.0,36360.0,36658.0,194800,KBS
2022-08-25 07:00:00,36718.0,37254.0,36718.0,36896.0,106600,KBS
2022-08-26 07:00:00,37135.0,37135.0,36479.0,36718.0,64600,KBS
2022-08-29 07:00:00,36658.0,36658.0,34274.0,35585.0,196400,KBS
2022-08-30 07:00:00,35764.0,37254.0,35466.0,36360.0,86900,KBS
2022-08-31 07:00:00,35824.0,36241.0,35824.0,35943.0,35900,KBS
2022-09-05 07:00:00,36002.0,36896.0,35764.0,35943.0,84300,KBS
2022-09-06 07:00:00,36241.0,36837.0,35764.0,36002.0,81300,KBS
2022-09-07 07:00:00,36360.0,36360.0,35525.0,35525.0,81900,KBS
2022-09-08 07:00:00,36062.0,36241.0,35227.0,36002.0,81600,KBS
2022-09-09 07:00:00,35883.0,36598.0,35525.0,35764.0,117700,KBS
2022-09-12 07:00:00,36122.0,36122.0,35764.0,35824.0,32000,KBS
2022-09-13 07:00:00,35764.0,35943.0,35645.0,35943.0,60700,KBS
2022-09-14 07:00:00,35227.0,36479.0,35168.0,36360.0,67200,KBS
2022-09-15 07:00:00,36360.0,36658.0,35943.0,36241.0,84000,KBS
2022-09-16 07:00:00,36122.0,36122.0,35645.0,35764.0,99500,KBS
2022-09-19 07:00:00,35525.0,36360.0,35168.0,35943.0,207600,KBS
2022-09-20 07:00:00,36002.0,36598.0,35585.0,36181.0,49700,KBS
2022-09-21 07:00:00,35466.0,36122.0,35466.0,36062.0,13600,KBS
2022-09-22 07:00:00,36062.0,36479.0,35168.0,36062.0,62000,KBS
2022-09-23 07:00:00,36300.0,36300.0,35764.0,36062.0,20300,KBS
2022-09-26 07:00:00,35406.0,36360.0,34453.0,34512.0,119900,KBS
2022-09-27 07:00:00,35108.0,35108.0,34512.0,34572.0,51600,KBS
2022-09-28 07:00:00,33201.0,34453.0,33201.0,34453.0,134200,KBS
2022-09-29 07:00:00,33976.0,34572.0,33976.0,34453.0,45100,KBS
2022-09-30 07:00:00,33618.0,34453.0,33618.0,34453.0,112500,KBS
2022-10-03 07:00:00,33737.0,34572.0,33260.0,34393.0,71600,KBS
2022-10-04 07:00:00,33201.0,34512.0,33082.0,33856.0,97000,KBS
2022-10-05 07:00:00,34214.0,34214.0,33022.0,33976.0,65300,KBS
2022-10-06 07:00:00,33976.0,34512.0,33380.0,33797.0,99900,KBS
2022-10-07 07:00:00,33737.0,34035.0,31651.0,32784.0,257200,KBS
2022-10-10 07:00:00,31055.0,33380.0,31055.0,32784.0,310600,KBS
2022-10-11 07:00:00,32784.0,32784.0,31413.0,31889.0,196200,KBS
2022-10-12 07:00:00,31591.0,32128.0,30936.0,32128.0,178200,KBS
2022-10-13 07:00:00,32128.0,32128.0,31413.0,32128.0,97200,KBS
2022-10-14 07:00:00,32128.0,32784.0,32128.0,32486.0,73700,KBS
2022-10-17 07:00:00,31413.0,32724.0,31413.0,32128.0,50600,KBS
2022-10-18 07:00:00,32188.0,32784.0,31651.0,32366.0,65000,KBS
2022-10-19 07:00:00,32307.0,33082.0,32128.0,32545.0,44200,KBS
2022-10-20 07:00:00,32605.0,32605.0,31949.0,32605.0,116700,KBS
2022-10-21 07:00:00,32605.0,32605.0,31293.0,31889.0,130100,KBS
2022-10-24 07:00:00,31591.0,31591.0,29684.0,31591.0,145200,KBS
2022-10-25 07:00:00,31293.0,31472.0,29446.0,30995.0,201200,KBS
2022-10-26 07:00:00,30995.0,30995.0,29207.0,30399.0,146200,KBS
2022-10-27 07:00:00,29803.0,30399.0,29088.0,29803.0,221100,KBS
2022-10-28 07:00:00,29505.0,29803.0,29446.0,29744.0,143500,KBS
2022-10-31 07:00:00,29803.0,29803.0,27747.0,29207.0,93500,KBS
2022-11-01 07:00:00,29207.0,29773.0,28730.0,29773.0,114800,KBS
2022-11-02 07:00:00,29863.0,30340.0,29505.0,30101.0,65000,KBS
2022-11-03 07:00:00,29863.0,30101.0,29505.0,30042.0,34400,KBS
2022-11-04 07:00:00,30042.0,30042.0,28373.0,29773.0,92500,KBS
2022-11-07 07:00:00,30042.0,30042.0,28313.0,29446.0,66400,KBS
2022-11-08 07:00:00,29446.0,29446.0,28432.0,29207.0,51700,KBS
2022-11-09 07:00:00,29207.0,29446.0,27181.0,27181.0,292000,KBS
2022-11-10 07:00:00,25333.0,25541.0,25303.0,25303.0,75200,KBS
2022-11-11 07:00:00,23545.0,23545.0,23545.0,23545.0,21100,KBS
2022-11-14 07:00:00,21924.0,21924.0,21924.0,21924.0,23100,KBS
2022-11-15 07:00:00,20395.0,20395.0,20395.0,20395.0,40900,KBS
2022-11-16 07:00:00,18989.0,18989.0,18989.0,18989.0,113000,KBS
2022-11-17 07:00:00,17674.0,20181.0,17674.0,20059.0,6374600,KBS
2022-11-18 07:00:00,20181.0,21435.0,20181.0,21435.0,158300,KBS
2022-11-21 07:00:00,22933.0,22933.0,20793.0,22016.0,995300,KBS
2022-11-22 07:00:00,21404.0,21893.0,20487.0,20731.0,1525100,KBS
2022-11-23 07:00:00,20548.0,21098.0,19325.0,19325.0,659200,KBS
2022-11-24 07:00:00,18958.0,20670.0,18958.0,20670.0,480700,KBS
2022-11-25 07:00:00,21221.0,21710.0,21098.0,21710.0,340700,KBS
2022-11-28 07:00:00,22107.0,22811.0,21404.0,22505.0,580700,KBS
2022-11-29 07:00:00,22260.0,22719.0,20976.0,22413.0,1306100,KBS
2022-11-30 07:00:00,22383.0,23422.0,21771.0,23239.0,740400,KBS
2022-12-01 07:00:00,23269.0,24156.0,23055.0,23361.0,970400,KBS
2022-12-02 07:00:00,22780.0,23178.0,22688.0,23178.0,383200,KBS
2022-12-05 07:00:00,23545.0,23606.0,22627.0,22872.0,469400,KBS
2022-12-06 07:00:00,22872.0,23545.0,22321.0,22933.0,866400,KBS
2022-12-07 07:00:00,22566.0,22933.0,21710.0,21771.0,432300,KBS
2022-12-08 07:00:00,22597.0,22872.0,22016.0,22230.0,431000,KBS
2022-12-09 07:00:00,22780.0,22780.0,21955.0,22383.0,303000,KBS
2022-12-12 07:00:00,22750.0,23453.0,22505.0,23116.0,431300,KBS
2022-12-13 07:00:00,23178.0,23361.0,22872.0,22994.0,246300,KBS
2022-12-14 07:00:00,24185.0,24185.0,23463.0,23680.0,252400,KBS
2022-12-15 07:00:00,23463.0,23716.0,23139.0,23319.0,200400,KBS
2022-12-16 07:00:00,22741.0,23102.0,22741.0,23066.0,209000,KBS
2022-12-19 07:00:00,22814.0,23427.0,22814.0,23102.0,280500,KBS
2022-12-20 07:00:00,23500.0,23500.0,22741.0,23175.0,297200,KBS
2022-12-21 07:00:00,22886.0,23102.0,22417.0,22958.0,199700,KBS
2022-12-22 07:00:00,23102.0,23102.0,21695.0,21695.0,173200,KBS
2022-12-23 07:00:00,21803.0,22344.0,20973.0,21659.0,162200,KBS
2022-12-26 07:00:00,21659.0,21839.0,20937.0,20937.0,172600,KBS
2022-12-27 07:00:00,20937.0,22381.0,20792.0,22381.0,112700,KBS
2022-12-28 07:00:00,22489.0,23102.0,22056.0,23102.0,98100,KBS
2022-12-29 07:00:00,22994.0,23969.0,22958.0,23680.0,347400,KBS
2022-12-30 07:00:00,24185.0,24258.0,23463.0,23680.0,377100,KBS
2023-01-03 07:00:00,23500.0,23897.0,23500.0,23788.0,101900,KBS
2023-01-04 07:00:00,24077.0,24077.0,23572.0,23608.0,127200,KBS
2023-01-05 07:00:00,23716.0,24402.0,23644.0,24402.0,307300,KBS
2023-01-06 07:00:00,24546.0,24907.0,24402.0,24907.0,150300,KBS
2023-01-09 07:00:00,25268.0,26640.0,25268.0,26640.0,303000,KBS
2023-01-10 07:00:00,27073.0,27181.0,26676.0,26784.0,150200,KBS
2023-01-11 07:00:00,26676.0,26784.0,26423.0,26423.0,197800,KBS
2023-01-12 07:00:00,28012.0,28012.0,26423.0,27470.0,115500,KBS
2023-01-13 07:00:00,27723.0,27940.0,27073.0,27867.0,206200,KBS
2023-01-16 07:00:00,28156.0,28156.0,27073.0,28012.0,82700,KBS
2023-01-17 07:00:00,28120.0,28120.0,27434.0,27615.0,65600,KBS
2023-01-18 07:00:00,27434.0,27940.0,27001.0,27362.0,157900,KBS
2023-01-19 07:00:00,27109.0,27759.0,27109.0,27398.0,126200,KBS
2023-01-27 07:00:00,27290.0,27867.0,27290.0,27795.0,158600,KBS
2023-01-30 07:00:00,27867.0,28012.0,27434.0,27940.0,95600,KBS
2023-01-31 07:00:00,27434.0,28012.0,27434.0,27867.0,91600,KBS
2023-02-01 07:00:00,27867.0,28012.0,26857.0,26857.0,188000,KBS
2023-02-02 07:00:00,26784.0,26784.0,26279.0,26604.0,151000,KBS
2023-02-03 07:00:00,26604.0,27037.0,26568.0,26712.0,100100,KBS
2023-02-06 07:00:00,27290.0,27290.0,26460.0,27001.0,110100,KBS
2023-02-07 07:00:00,27218.0,27218.0,26351.0,26496.0,136600,KBS
2023-02-08 07:00:00,26496.0,26784.0,26207.0,26676.0,49800,KBS
2023-02-09 07:00:00,26135.0,27001.0,26135.0,26712.0,66000,KBS
2023-02-10 07:00:00,26423.0,26568.0,26062.0,26351.0,137500,KBS
2023-02-13 07:00:00,26062.0,26243.0,25124.0,25196.0,265000,KBS
2023-02-14 07:00:00,25160.0,26315.0,25160.0,26315.0,109000,KBS
2023-02-15 07:00:00,26315.0,26712.0,26207.0,26423.0,41800,KBS
2023-02-16 07:00:00,26423.0,26712.0,26423.0,26568.0,39000,KBS
2023-02-17 07:00:00,26423.0,26604.0,26351.0,26568.0,43800,KBS
2023-02-20 07:00:00,26676.0,27290.0,26604.0,27037.0,106100,KBS
2023-02-21 07:00:00,27290.0,28156.0,27073.0,27831.0,216200,KBS
2023-02-22 07:00:00,27290.0,28084.0,27218.0,27218.0,85500,KBS
2023-02-23 07:00:00,27362.0,27362.0,26929.0,27218.0,75000,KBS
2023-02-24 07:00:00,27434.0,27434.0,27109.0,27290.0,44600,KBS
2023-02-27 07:00:00,27145.0,27145.0,26351.0,26351.0,105500,KBS
2023-02-28 07:00:00,26640.0,26929.0,26496.0,26784.0,197100,KBS
2023-03-01 07:00:00,26893.0,27218.0,26026.0,27218.0,88600,KBS
2023-03-02 07:00:00,27362.0,28842.0,27073.0,28661.0,320700,KBS
2023-03-03 07:00:00,29383.0,29383.0,28301.0,28301.0,96500,KBS
2023-03-06 07:00:00,28337.0,29456.0,28337.0,28445.0,127300,KBS
2023-03-07 07:00:00,28986.0,28986.0,28517.0,28734.0,82100,KBS
2023-03-08 07:00:00,28517.0,28842.0,28445.0,28661.0,149100,KBS
2023-03-09 07:00:00,28806.0,29528.0,28589.0,29239.0,217200,KBS
2023-03-10 07:00:00,29275.0,30286.0,28878.0,29925.0,165900,KBS
2023-03-13 07:00:00,29600.0,29961.0,29059.0,29600.0,167400,KBS
2023-03-14 07:00:00,29347.0,29456.0,28120.0,28228.0,244900,KBS
2023-03-15 07:00:00,28661.0,29167.0,28661.0,28734.0,107300,KBS
2023-03-16 07:00:00,28373.0,28734.0,28156.0,28589.0,124200,KBS
2023-03-17 07:00:00,29059.0,29095.0,28517.0,28589.0,77200,KBS
2023-03-20 07:00:00,28553.0,28553.0,28084.0,28156.0,85400,KBS
2023-03-21 07:00:00,28192.0,28481.0,28120.0,28301.0,43600,KBS
2023-03-22 07:00:00,28301.0,28481.0,27687.0,28481.0,76000,KBS
2023-03-23 07:00:00,27795.0,28589.0,27795.0,28228.0,31600,KBS
2023-03-24 07:00:00,27976.0,28806.0,27976.0,28770.0,141100,KBS
2023-03-27 07:00:00,28734.0,29022.0,28734.0,28842.0,115200,KBS
2023-03-28 07:00:00,28806.0,28986.0,28734.0,28806.0,226900,KBS
2023-03-29 07:00:00,28589.0,29022.0,28517.0,28770.0,247800,KBS
2023-03-30 07:00:00,28878.0,29167.0,28698.0,28986.0,114500,KBS
2023-03-31 07:00:00,29095.0,29095.0,28301.0,28950.0,74700,KBS
2023-04-03 07:00:00,29095.0,29095.0,28625.0,28914.0,199200,KBS
2023-04-04 07:00:00,28914.0,29095.0,28698.0,28878.0,146200,KBS
2023-04-05 07:00:00,29239.0,29239.0,28156.0,28661.0,181900,KBS
2023-04-06 07:00:00,28986.0,29022.0,28517.0,28553.0,227600,KBS
2023-04-07 07:00:00,28806.0,28806.0,28301.0,28337.0,96000,KBS
2023-04-10 07:00:00,28517.0,29059.0,28156.0,28553.0,245200,KBS
2023-04-11 07:00:00,28517.0,28842.0,28517.0,28734.0,108600,KBS
2023-04-12 07:00:00,28734.0,29203.0,28625.0,29095.0,257800,KBS
2023-04-13 07:00:00,29239.0,30178.0,29239.0,29889.0,386900,KBS
2023-04-14 07:00:00,29817.0,29817.0,28878.0,28950.0,262100,KBS
2023-04-17 07:00:00,28950.0,29817.0,28661.0,29817.0,185200,KBS
2023-04-18 07:00:00,29817.0,29853.0,29239.0,29600.0,187500,KBS
2023-04-19 07:00:00,29889.0,29889.0,29275.0,29275.0,97700,KBS
2023-04-20 07:00:00,29311.0,29744.0,29095.0,29492.0,252500,KBS
2023-04-21 07:00:00,29492.0,29528.0,29022.0,29528.0,104500,KBS
2023-04-24 07:00:00,29528.0,29564.0,29167.0,29167.0,110100,KBS
2023-04-25 07:00:00,29167.0,29383.0,28625.0,29095.0,85900,KBS
2023-04-26 07:00:00,28301.0,28842.0,28301.0,28481.0,86900,KBS
2023-04-27 07:00:00,28806.0,29311.0,28445.0,29239.0,95600,KBS
2023-04-28 07:00:00,29203.0,29600.0,28950.0,28950.0,81400,KBS
2023-05-04 07:00:00,28878.0,29420.0,28301.0,28445.0,93300,KBS
2023-05-05 07:00:00,28914.0,28914.0,28301.0,28842.0,46300,KBS
2023-05-08 07:00:00,28445.0,29059.0,28445.0,28806.0,114300,KBS
2023-05-09 07:00:00,28878.0,28878.0,28012.0,28770.0,163000,KBS
2023-05-10 07:00:00,28698.0,28770.0,28445.0,28517.0,31600,KBS
2023-05-11 07:00:00,28806.0,28806.0,28012.0,28264.0,468500,KBS
2023-05-12 07:00:00,28698.0,28698.0,28156.0,28228.0,198400,KBS
2023-05-15 07:00:00,28264.0,28517.0,28084.0,28084.0,179400,KBS
2023-05-16 07:00:00,27940.0,28445.0,27940.0,28012.0,133500,KBS
2023-05-17 07:00:00,28373.0,28517.0,28012.0,28373.0,106300,KBS
2023-05-18 07:00:00,28445.0,28734.0,28409.0,28661.0,152900,KBS
2023-05-19 07:00:00,28625.0,28734.0,28481.0,28698.0,102900,KBS
2023-05-22 07:00:00,28661.0,28878.0,28625.0,28842.0,109800,KBS
2023-05-23 07:00:00,28842.0,29167.0,28770.0,29131.0,64600,KBS
2023-05-24 07:00:00,29383.0,29383.0,28914.0,29131.0,63800,KBS
2023-05-25 07:00:00,29538.0,29538.0,28872.0,29390.0,44000,KBS
2023-05-26 07:00:00,29390.0,29612.0,29094.0,29538.0,145200,KBS
2023-05-29 07:00:00,29612.0,29834.0,29464.0,29760.0,304900,KBS
2023-05-30 07:00:00,30056.0,30056.0,28872.0,30019.0,180300,KBS
2023-05-31 07:00:00,29649.0,30130.0,29649.0,30130.0,127300,KBS
2023-06-01 07:00:00,30204.0,31537.0,30130.0,30944.0,210600,KBS
2023-06-02 07:00:00,31019.0,31352.0,30648.0,31093.0,100600,KBS
2023-06-05 07:00:00,31574.0,31574.0,31056.0,31204.0,108500,KBS
2023-06-06 07:00:00,31278.0,31944.0,31241.0,31759.0,268400,KBS
2023-06-07 07:00:00,32203.0,32203.0,31389.0,31685.0,139400,KBS
2023-06-08 07:00:00,31796.0,31796.0,30870.0,31463.0,269100,KBS
2023-06-09 07:00:00,31463.0,31463.0,30722.0,31167.0,109200,KBS
2023-06-12 07:00:00,31019.0,31796.0,30796.0,31685.0,255400,KBS
2023-06-13 07:00:00,31833.0,31833.0,31389.0,31389.0,59300,KBS
2023-06-14 07:00:00,31833.0,31833.0,31241.0,31426.0,21900,KBS
2023-06-15 07:00:00,31093.0,31759.0,31093.0,31204.0,40300,KBS
2023-06-16 07:00:00,31574.0,31648.0,31204.0,31241.0,70000,KBS
2023-06-19 07:00:00,31574.0,31574.0,31204.0,31463.0,103800,KBS
2023-06-20 07:00:00,31759.0,31759.0,31241.0,31463.0,11200,KBS
2023-06-21 07:00:00,31463.0,31463.0,31241.0,31463.0,30400,KBS
2023-06-22 07:00:00,31500.0,31611.0,31093.0,31463.0,93900,KBS
2023-06-23 07:00:00,31426.0,31500.0,31130.0,31463.0,440000,KBS
2023-06-26 07:00:00,31389.0,31500.0,30796.0,31463.0,91600,KBS
2023-06-27 07:00:00,31204.0,31241.0,30870.0,31056.0,68000,KBS
2023-06-28 07:00:00,31019.0,31093.0,30796.0,31093.0,77200,KBS
2023-06-29 07:00:00,30944.0,31093.0,29982.0,30204.0,176700,KBS
2023-06-30 07:00:00,30685.0,30685.0,29760.0,30278.0,53100,KBS
2023-07-03 07:00:00,30648.0,30648.0,29945.0,30019.0,33800,KBS
2023-07-04 07:00:00,30019.0,30056.0,29908.0,29982.0,178000,KBS
2023-07-05 07:00:00,29982.0,30056.0,29908.0,29982.0,63800,KBS
2023-07-06 07:00:00,30352.0,30352.0,29094.0,29612.0,134900,KBS
2023-07-07 07:00:00,29834.0,29982.0,29390.0,29982.0,174200,KBS
2023-07-10 07:00:00,29982.0,30130.0,29094.0,29945.0,410000,KBS
2023-07-11 07:00:00,29945.0,30130.0,29834.0,29982.0,155300,KBS
2023-07-12 07:00:00,30056.0,31167.0,29982.0,30944.0,441900,KBS
2023-07-13 07:00:00,31093.0,31278.0,30870.0,30944.0,124300,KBS
2023-07-14 07:00:00,31019.0,31944.0,30907.0,31611.0,406500,KBS
2023-07-17 07:00:00,31315.0,32203.0,30685.0,31611.0,542900,KBS
2023-07-18 07:00:00,31685.0,31722.0,31315.0,31611.0,139000,KBS
2023-07-19 07:00:00,31796.0,31796.0,31241.0,31352.0,107300,KBS
2023-07-20 07:00:00,30944.0,31500.0,30870.0,31463.0,147900,KBS
2023-07-21 07:00:00,31241.0,31426.0,30982.0,31278.0,157000,KBS
2023-07-24 07:00:00,31611.0,31722.0,31315.0,31389.0,185800,KBS
2023-07-25 07:00:00,31389.0,31500.0,30944.0,31315.0,123500,KBS
2023-07-26 07:00:00,30944.0,31315.0,30759.0,31093.0,167400,KBS
2023-07-27 07:00:00,31315.0,31315.0,30167.0,31093.0,293400,KBS
2023-07-28 07:00:00,31204.0,31204.0,30500.0,30944.0,304900,KBS
2023-07-31 07:00:00,30611.0,31093.0,30611.0,30722.0,200100,KBS
2023-08-01 07:00:00,31019.0,31019.0,30537.0,30574.0,142000,KBS
2023-08-02 07:00:00,30574.0,30574.0,30352.0,30352.0,185100,KBS
2023-08-03 07:00:00,30352.0,30500.0,29501.0,29501.0,204200,KBS
2023-08-04 07:00:00,29871.0,30352.0,29871.0,30093.0,202500,KBS
2023-08-07 07:00:00,30130.0,30204.0,30093.0,30204.0,71100,KBS
2023-08-08 07:00:00,30204.0,30611.0,30204.0,30574.0,112500,KBS
2023-08-09 07:00:00,30648.0,30648.0,29982.0,30204.0,125400,KBS
2023-08-10 07:00:00,30463.0,30463.0,30093.0,30167.0,167700,KBS
2023-08-11 07:00:00,30352.0,30352.0,30019.0,30352.0,143600,KBS
2023-08-14 07:00:00,30389.0,30500.0,30130.0,30389.0,74300,KBS
2023-08-15 07:00:00,30352.0,30389.0,30278.0,30389.0,76400,KBS
2023-08-16 07:00:00,30500.0,30500.0,30093.0,30130.0,97100,KBS
2023-08-17 07:00:00,29982.0,30204.0,29982.0,30056.0,76400,KBS
2023-08-18 07:00:00,30019.0,30241.0,28872.0,28872.0,190400,KBS
2023-08-21 07:00:00,28502.0,29094.0,28279.0,29094.0,206600,KBS
2023-08-22 07:00:00,28872.0,29797.0,28205.0,29612.0,194700,KBS
2023-08-23 07:00:00,29686.0,29834.0,29279.0,29501.0,93400,KBS
2023-08-24 07:00:00,29279.0,29612.0,29279.0,29538.0,48100,KBS
2023-08-25 07:00:00,29725.0,30025.0,29650.0,29913.0,149800,KBS
2023-08-28 07:00:00,30025.0,30025.0,29725.0,29913.0,41800,KBS
2023-08-29 07:00:00,30025.0,30063.0,29575.0,29950.0,94500,KBS
2023-08-30 07:00:00,29950.0,30700.0,29725.0,30363.0,272200,KBS
2023-08-31 07:00:00,30588.0,31075.0,30363.0,30737.0,170700,KBS
2023-09-05 07:00:00,30775.0,31037.0,30662.0,30887.0,116000,KBS
2023-09-06 07:00:00,30887.0,33024.0,30662.0,33024.0,2241600,KBS
2023-09-07 07:00:00,33736.0,35311.0,33361.0,34973.0,959000,KBS
2023-09-08 07:00:00,34973.0,35985.0,34149.0,34486.0,445400,KBS
2023-09-11 07:00:00,34486.0,35535.0,34111.0,34111.0,834900,KBS
2023-09-12 07:00:00,34486.0,34786.0,33624.0,33811.0,483100,KBS
2023-09-13 07:00:00,34149.0,35835.0,33924.0,35048.0,806900,KBS
2023-09-14 07:00:00,35048.0,35236.0,34261.0,34711.0,251000,KBS
2023-09-15 07:00:00,34861.0,34861.0,33961.0,34561.0,299700,KBS
2023-09-18 07:00:00,34711.0,36698.0,34186.0,35535.0,480200,KBS
2023-09-19 07:00:00,35685.0,35835.0,34561.0,35535.0,262300,KBS
2023-09-20 07:00:00,35610.0,36698.0,35610.0,36173.0,442400,KBS
2023-09-21 07:00:00,36248.0,36285.0,35236.0,35273.0,225600,KBS
2023-09-22 07:00:00,34561.0,35161.0,33774.0,35086.0,506700,KBS
2023-09-25 07:00:00,35086.0,35086.0,32687.0,32837.0,757500,KBS
2023-09-26 07:00:00,32612.0,33736.0,32612.0,32687.0,361500,KBS
2023-09-27 07:00:00,30887.0,33661.0,30850.0,33586.0,240000,KBS
2023-09-28 07:00:00,33024.0,34261.0,32987.0,34261.0,219500,KBS
2023-09-29 07:00:00,34299.0,34936.0,33774.0,34036.0,238300,KBS
2023-10-02 07:00:00,34861.0,34861.0,33136.0,33961.0,144800,KBS
2023-10-03 07:00:00,33361.0,33436.0,32312.0,32987.0,318600,KBS
2023-10-04 07:00:00,32349.0,33736.0,32349.0,33736.0,277600,KBS
2023-10-05 07:00:00,34149.0,34149.0,33211.0,33361.0,142100,KBS
2023-10-06 07:00:00,32987.0,33324.0,32612.0,33136.0,126000,KBS
2023-10-09 07:00:00,33024.0,33549.0,33024.0,33361.0,385600,KBS
2023-10-10 07:00:00,34111.0,34111.0,33286.0,33399.0,486600,KBS
2023-10-11 07:00:00,33361.0,33886.0,33361.0,33736.0,508000,KBS
2023-10-12 07:00:00,33886.0,35161.0,33811.0,35086.0,1003100,KBS
2023-10-13 07:00:00,34711.0,35535.0,34711.0,35461.0,538000,KBS
2023-10-16 07:00:00,35461.0,35535.0,34186.0,34261.0,388500,KBS
2023-10-17 07:00:00,34636.0,34636.0,31937.0,31937.0,648400,KBS
2023-10-18 07:00:00,32237.0,32837.0,31112.0,31525.0,658900,KBS
2023-10-19 07:00:00,32087.0,32237.0,31337.0,31487.0,246500,KBS
2023-10-20 07:00:00,31375.0,32237.0,31037.0,32237.0,250900,KBS
2023-10-23 07:00:00,32237.0,32237.0,31262.0,31637.0,233000,KBS
2023-10-24 07:00:00,31412.0,32087.0,31337.0,31787.0,136800,KBS
2023-10-25 07:00:00,31974.0,32049.0,31112.0,31525.0,153500,KBS
2023-10-26 07:00:00,31225.0,31225.0,29988.0,30363.0,465900,KBS
2023-10-27 07:00:00,30363.0,30962.0,29688.0,29725.0,225200,KBS
2023-10-30 07:00:00,29838.0,30625.0,29238.0,29238.0,124900,KBS
2023-10-31 07:00:00,29163.0,29388.0,28338.0,28601.0,412300,KBS
2023-11-01 07:00:00,28638.0,28901.0,28488.0,28788.0,85500,KBS
2023-11-02 07:00:00,29238.0,29988.0,28638.0,29463.0,144300,KBS
2023-11-03 07:00:00,29988.0,31150.0,29463.0,31150.0,905600,KBS
2023-11-06 07:00:00,31487.0,31487.0,30662.0,31112.0,142100,KBS
2023-11-07 07:00:00,30775.0,30962.0,30662.0,30812.0,133500,KBS
2023-11-08 07:00:00,30812.0,31487.0,30025.0,31450.0,105900,KBS
2023-11-09 07:00:00,31487.0,31562.0,30588.0,31337.0,257000,KBS
2023-11-10 07:00:00,31337.0,31337.0,30887.0,30925.0,89600,KBS
2023-11-13 07:00:00,30962.0,31000.0,30513.0,30513.0,96600,KBS
2023-11-14 07:00:00,30588.0,31225.0,30588.0,31225.0,205000,KBS
2023-11-15 07:00:00,31562.0,31862.0,31225.0,31562.0,353400,KBS
2023-11-16 07:00:00,31562.0,31562.0,30887.0,31262.0,104600,KBS
2023-11-17 07:00:00,31337.0,31487.0,30662.0,31150.0,151300,KBS
2023-11-20 07:00:00,30737.0,31000.0,30363.0,30737.0,119300,KBS
2023-11-21 07:00:00,31112.0,31112.0,30513.0,30737.0,127900,KBS
2023-11-22 07:00:00,30550.0,30812.0,30213.0,30513.0,338600,KBS
2023-11-23 07:00:00,30550.0,30887.0,30288.0,30513.0,168100,KBS
2023-11-24 07:00:00,30205.0,30513.0,29706.0,30090.0,109800,KBS
2023-11-27 07:00:00,30013.0,30013.0,29129.0,29244.0,165000,KBS
2023-11-28 07:00:00,29244.0,29321.0,28437.0,29321.0,146900,KBS
2023-11-29 07:00:00,29360.0,29975.0,29206.0,29859.0,105300,KBS
2023-11-30 07:00:00,29859.0,29859.0,29552.0,29590.0,107500,KBS
2023-12-01 07:00:00,29590.0,29667.0,29129.0,29283.0,85300,KBS
2023-12-04 07:00:00,29744.0,29744.0,29321.0,29552.0,157600,KBS
2023-12-05 07:00:00,29552.0,29782.0,29206.0,29552.0,109700,KBS
2023-12-06 07:00:00,29552.0,29975.0,29437.0,29590.0,183600,KBS
2023-12-07 07:00:00,29629.0,29821.0,29129.0,29590.0,227000,KBS
2023-12-08 07:00:00,29590.0,29590.0,29244.0,29360.0,92700,KBS
2023-12-11 07:00:00,29398.0,29590.0,29283.0,29321.0,114600,KBS
2023-12-12 07:00:00,29629.0,29629.0,29283.0,29437.0,116500,KBS
2023-12-13 07:00:00,29437.0,29437.0,28822.0,28860.0,371900,KBS
2023-12-14 07:00:00,29014.0,29129.0,28745.0,28745.0,219800,KBS
2023-12-15 07:00:00,28668.0,29091.0,28361.0,28822.0,267400,KBS
2023-12-18 07:00:00,28668.0,28706.0,27669.0,27669.0,293300,KBS
2023-12-19 07:00:00,27669.0,28053.0,27515.0,27784.0,329800,KBS
2023-12-20 07:00:00,28092.0,28207.0,27669.0,28207.0,116400,KBS
2023-12-21 07:00:00,28284.0,28668.0,28092.0,28668.0,58300,KBS
2023-12-22 07:00:00,28668.0,29129.0,28668.0,29129.0,126600,KBS
2023-12-25 07:00:00,29129.0,29437.0,29091.0,29283.0,143600,KBS
2023-12-26 07:00:00,29513.0,29513.0,28822.0,29168.0,128200,KBS
2023-12-27 07:00:00,29244.0,29244.0,29052.0,29091.0,101700,KBS
2023-12-28 07:00:00,29091.0,29590.0,29091.0,29360.0,251300,KBS
2023-12-29 07:00:00,29590.0,29590.0,29206.0,29206.0,231200,KBS
2024-01-02 07:00:00,29398.0,29513.0,29091.0,29206.0,118200,KBS
2024-01-03 07:00:00,29206.0,29475.0,29206.0,29437.0,163100,KBS
2024-01-04 07:00:00,29437.0,30359.0,29398.0,30013.0,318900,KBS
2024-01-05 07:00:00,30128.0,31012.0,29821.0,30743.0,467300,KBS
2024-01-08 07:00:00,31127.0,32165.0,31051.0,31973.0,897500,KBS
2024-01-09 07:00:00,31896.0,32165.0,31512.0,31819.0,551000,KBS
2024-01-10 07:00:00,31819.0,31896.0,31320.0,31320.0,265700,KBS
2024-01-11 07:00:00,31320.0,31665.0,31320.0,31320.0,90500,KBS
2024-01-12 07:00:00,30897.0,31320.0,30897.0,31243.0,364000,KBS
2024-01-15 07:00:00,31243.0,32127.0,31012.0,31896.0,357100,KBS
2024-01-16 07:00:00,31896.0,32088.0,31742.0,31896.0,236900,KBS
2024-01-17 07:00:00,31742.0,31896.0,31512.0,31550.0,136000,KBS
2024-01-18 07:00:00,31550.0,32088.0,31550.0,31973.0,603600,KBS
2024-01-19 07:00:00,32050.0,32050.0,31781.0,31819.0,212600,KBS
2024-01-22 07:00:00,31819.0,31819.0,31204.0,31204.0,223500,KBS
2024-01-23 07:00:00,31512.0,31589.0,31204.0,31243.0,74900,KBS
2024-01-24 07:00:00,31243.0,31512.0,31204.0,31281.0,140500,KBS
2024-01-25 07:00:00,31320.0,31473.0,31127.0,31127.0,89200,KBS
2024-01-26 07:00:00,31204.0,31435.0,30705.0,30820.0,188400,KBS
2024-01-29 07:00:00,30897.0,31166.0,30474.0,30589.0,200900,KBS
2024-01-30 07:00:00,30820.0,31320.0,30820.0,31281.0,215600,KBS
2024-01-31 07:00:00,31627.0,32818.0,31358.0,32511.0,622700,KBS
2024-02-01 07:00:00,32588.0,32665.0,32280.0,32319.0,434200,KBS
2024-02-02 07:00:00,32357.0,32665.0,32242.0,32319.0,486300,KBS
2024-02-05 07:00:00,32319.0,32626.0,32203.0,32280.0,355100,KBS
2024-02-06 07:00:00,32549.0,32549.0,31896.0,32280.0,185000,KBS
2024-02-07 07:00:00,32665.0,32665.0,32242.0,32357.0,266400,KBS
2024-02-15 07:00:00,32665.0,32665.0,31742.0,32280.0,224700,KBS
2024-02-16 07:00:00,32165.0,32203.0,31934.0,31973.0,386400,KBS
2024-02-19 07:00:00,32050.0,32511.0,32011.0,32127.0,190200,KBS
2024-02-20 07:00:00,32165.0,32165.0,31934.0,31973.0,101600,KBS
2024-02-21 07:00:00,32127.0,32127.0,31704.0,31896.0,278400,KBS
2024-02-22 07:00:00,31819.0,33279.0,31665.0,32818.0,762600,KBS
2024-02-23 07:00:00,32818.0,32895.0,31973.0,31973.0,257400,KBS
2024-02-26 07:00:00,32088.0,32741.0,32011.0,32588.0,418900,KBS
2024-02-27 07:00:00,32588.0,32741.0,32127.0,32511.0,593500,KBS
2024-02-28 07:00:00,32511.0,32626.0,32050.0,32434.0,249200,KBS
2024-02-29 07:00:00,32434.0,32434.0,31742.0,32127.0,249700,KBS
2024-03-01 07:00:00,32127.0,32357.0,32050.0,32357.0,362000,KBS
2024-03-04 07:00:00,32665.0,33587.0,32665.0,32972.0,797500,KBS
2024-03-05 07:00:00,32972.0,33049.0,32665.0,32895.0,312700,KBS
2024-03-06 07:00:00,32972.0,32972.0,32357.0,32357.0,415000,KBS
2024-03-07 07:00:00,32511.0,33049.0,31896.0,33049.0,422300,KBS
2024-03-08 07:00:00,33279.0,33356.0,32434.0,32434.0,266900,KBS
2024-03-11 07:00:00,32434.0,33433.0,32280.0,32818.0,698000,KBS
2024-03-12 07:00:00,32818.0,33164.0,32549.0,32895.0,248600,KBS
2024-03-13 07:00:00,33356.0,34202.0,33126.0,33894.0,618500,KBS
2024-03-14 07:00:00,33664.0,36238.0,33664.0,35355.0,1161800,KBS
2024-03-15 07:00:00,35393.0,35431.0,34932.0,35278.0,630100,KBS
2024-03-18 07:00:00,35278.0,35470.0,33126.0,33587.0,646600,KBS
2024-03-19 07:00:00,33625.0,34355.0,33625.0,33817.0,306800,KBS
2024-03-20 07:00:00,33817.0,34086.0,33279.0,33548.0,224600,KBS
2024-03-21 07:00:00,33587.0,34663.0,33587.0,34048.0,825100,KBS
2024-03-22 07:00:00,33817.0,34279.0,33510.0,33817.0,474600,KBS
2024-03-25 07:00:00,33817.0,33971.0,33049.0,33510.0,479200,KBS
2024-03-26 07:00:00,33395.0,33587.0,33087.0,33587.0,210800,KBS
2024-03-27 07:00:00,33817.0,33817.0,33510.0,33664.0,370200,KBS
2024-03-28 07:00:00,33664.0,34202.0,33587.0,33779.0,469600,KBS
2024-03-29 07:00:00,33741.0,33856.0,33548.0,33548.0,181800,KBS
2024-04-01 07:00:00,33587.0,33587.0,33049.0,33049.0,466100,KBS
2024-04-02 07:00:00,33049.0,33702.0,32703.0,33625.0,232700,KBS
2024-04-03 07:00:00,33741.0,34432.0,33510.0,33894.0,717000,KBS
2024-04-04 07:00:00,33664.0,33894.0,33126.0,33203.0,349600,KBS
2024-04-05 07:00:00,33049.0,33203.0,32741.0,32818.0,332900,KBS
2024-04-08 07:00:00,32741.0,32741.0,32280.0,32396.0,269800,KBS
2024-04-09 07:00:00,32319.0,32549.0,32319.0,32434.0,162800,KBS
2024-04-10 07:00:00,32665.0,32780.0,31973.0,31973.0,206700,KBS
2024-04-11 07:00:00,31896.0,32088.0,31742.0,31973.0,134000,KBS
2024-04-12 07:00:00,32050.0,32357.0,31934.0,32357.0,168100,KBS
2024-04-15 07:00:00,32280.0,32280.0,30167.0,30205.0,388800,KBS
2024-04-16 07:00:00,30244.0,30359.0,29629.0,30205.0,387400,KBS
2024-04-17 07:00:00,30359.0,30551.0,29360.0,29667.0,234600,KBS
2024-04-19 07:00:00,29437.0,29437.0,28437.0,29206.0,424800,KBS
2024-04-22 07:00:00,30128.0,30359.0,29206.0,29437.0,155200,KBS
2024-04-23 07:00:00,29744.0,29744.0,29244.0,29590.0,80400,KBS
2024-04-24 07:00:00,29821.0,30205.0,29744.0,30051.0,44600,KBS
2024-04-25 07:00:00,30051.0,30051.0,29475.0,29475.0,237600,KBS
2024-04-26 07:00:00,29475.0,29475.0,28899.0,29206.0,403400,KBS
2024-05-02 07:00:00,29206.0,29513.0,29129.0,29206.0,122600,KBS
2024-05-03 07:00:00,29513.0,29513.0,29206.0,29244.0,177700,KBS
2024-05-06 07:00:00,29283.0,30205.0,29283.0,29975.0,489900,KBS
2024-05-07 07:00:00,30051.0,30282.0,29821.0,29936.0,389500,KBS
2024-05-08 07:00:00,29975.0,30128.0,29744.0,29975.0,370600,KBS
2024-05-09 07:00:00,30282.0,31204.0,30167.0,30282.0,626200,KBS
2024-05-10 07:00:00,30359.0,30513.0,29975.0,29975.0,388300,KBS
2024-05-13 07:00:00,30167.0,30167.0,29283.0,29360.0,776100,KBS
2024-05-14 07:00:00,29360.0,29821.0,29360.0,29821.0,146100,KBS
2024-05-15 07:00:00,29859.0,30320.0,29782.0,29975.0,449500,KBS
2024-05-16 07:00:00,30436.0,30436.0,30013.0,30090.0,322900,KBS
2024-05-17 07:00:00,30090.0,31435.0,30090.0,31435.0,1720400,KBS
2024-05-20 07:00:00,31550.0,31934.0,31243.0,31281.0,496500,KBS
2024-05-21 07:00:00,31358.0,31358.0,30743.0,31089.0,607200,KBS
2024-05-22 07:00:00,31127.0,32127.0,31089.0,31435.0,769300,KBS
2024-05-23 07:00:00,31435.0,32703.0,31281.0,32280.0,878300,KBS
2024-05-24 07:00:00,32165.0,32280.0,31051.0,31435.0,861200,KBS
2024-05-27 07:00:00,31512.0,31742.0,30935.0,31204.0,342600,KBS
2024-05-28 07:00:00,31435.0,31627.0,30897.0,31627.0,491000,KBS
2024-05-29 07:00:00,31665.0,32434.0,31512.0,31973.0,825200,KBS
2024-05-30 07:00:00,31934.0,33010.0,31742.0,32588.0,869100,KBS
2024-05-31 07:00:00,32665.0,33203.0,32434.0,32818.0,635200,KBS
2024-06-03 07:00:00,33433.0,33433.0,32665.0,32703.0,652800,KBS
2024-06-04 07:00:00,32857.0,32895.0,32434.0,32741.0,571400,KBS
2024-06-05 07:00:00,32934.0,33971.0,32626.0,33894.0,1195800,KBS
2024-06-06 07:00:00,33817.0,33971.0,33433.0,33817.0,501200,KBS
2024-06-07 07:00:00,33664.0,33894.0,33241.0,33741.0,378300,KBS
2024-06-10 07:00:00,33741.0,33819.0,33033.0,33269.0,388200,KBS
2024-06-11 07:00:00,33269.0,33426.0,32521.0,32639.0,521500,KBS
2024-06-12 07:00:00,32639.0,32993.0,31774.0,32954.0,625400,KBS
2024-06-13 07:00:00,32954.0,33033.0,32246.0,32993.0,407200,KBS
2024-06-14 07:00:00,32679.0,33033.0,32404.0,32561.0,314600,KBS
2024-06-17 07:00:00,32836.0,32836.0,32010.0,32168.0,261700,KBS
2024-06-18 07:00:00,32246.0,32797.0,32246.0,32482.0,216900,KBS
2024-06-19 07:00:00,32482.0,33583.0,32443.0,33426.0,736600,KBS
2024-06-20 07:00:00,33583.0,33583.0,32993.0,33229.0,222900,KBS
2024-06-21 07:00:00,33623.0,33623.0,33229.0,33347.0,474200,KBS
2024-06-24 07:00:00,33347.0,33347.0,31735.0,31735.0,489600,KBS
2024-06-25 07:00:00,31696.0,31892.0,31460.0,31892.0,183800,KBS
2024-06-26 07:00:00,32128.0,32128.0,31342.0,31499.0,175600,KBS
2024-06-27 07:00:00,31538.0,31853.0,30673.0,30831.0,454700,KBS
2024-06-28 07:00:00,30752.0,31066.0,30673.0,30752.0,264800,KBS
2024-07-01 07:00:00,30752.0,31617.0,30752.0,31617.0,138100,KBS
2024-07-02 07:00:00,31735.0,31774.0,31381.0,31617.0,104300,KBS
2024-07-03 07:00:00,31814.0,31853.0,31420.0,31617.0,56300,KBS
2024-07-04 07:00:00,31499.0,32050.0,31460.0,31814.0,128900,KBS
2024-07-05 07:00:00,31774.0,32050.0,31696.0,31892.0,95000,KBS
2024-07-08 07:00:00,31853.0,31853.0,31381.0,31774.0,268500,KBS
2024-07-09 07:00:00,31774.0,31853.0,31420.0,31774.0,288500,KBS
2024-07-10 07:00:00,31971.0,32639.0,31617.0,32010.0,351300,KBS
2024-07-11 07:00:00,32050.0,32600.0,32050.0,32246.0,294500,KBS
2024-07-12 07:00:00,32325.0,32325.0,30988.0,31774.0,126300,KBS
2024-07-15 07:00:00,31774.0,32128.0,31617.0,31853.0,107800,KBS
2024-07-16 07:00:00,31774.0,32128.0,31499.0,31499.0,286000,KBS
2024-07-17 07:00:00,31617.0,31617.0,30280.0,31224.0,498900,KBS
2024-07-18 07:00:00,31145.0,31224.0,30713.0,31224.0,189500,KBS
2024-07-19 07:00:00,31224.0,31224.0,30752.0,31027.0,83300,KBS
2024-07-22 07:00:00,30752.0,31066.0,30162.0,30280.0,230700,KBS
2024-07-23 07:00:00,30280.0,30673.0,30280.0,30280.0,144400,KBS
2024-07-24 07:00:00,30201.0,30516.0,29926.0,30359.0,130200,KBS
2024-07-25 07:00:00,30595.0,30595.0,30044.0,30319.0,23100,KBS
2024-07-26 07:00:00,30319.0,30516.0,30280.0,30437.0,41600,KBS
2024-07-29 07:00:00,30673.0,30713.0,30477.0,30477.0,29600,KBS
2024-07-30 07:00:00,30870.0,30870.0,30516.0,30752.0,52800,KBS
2024-07-31 07:00:00,30280.0,30752.0,30241.0,30752.0,162400,KBS
2024-08-01 07:00:00,30673.0,30673.0,30044.0,30359.0,153400,KBS
2024-08-02 07:00:00,30005.0,30280.0,29887.0,30044.0,112400,KBS
2024-08-05 07:00:00,30005.0,30005.0,28707.0,29297.0,376700,KBS
2024-08-06 07:00:00,29140.0,29493.0,28314.0,28786.0,639600,KBS
2024-08-07 07:00:00,28786.0,29100.0,28786.0,28943.0,44400,KBS
2024-08-08 07:00:00,29258.0,29415.0,28628.0,29022.0,247100,KBS
2024-08-09 07:00:00,29061.0,29572.0,29061.0,29415.0,83600,KBS
2024-08-12 07:00:00,29808.0,29847.0,29336.0,29847.0,155200,KBS
2024-08-13 07:00:00,29887.0,29965.0,29651.0,29887.0,68800,KBS
2024-08-14 07:00:00,29808.0,30280.0,29808.0,29887.0,81500,KBS
2024-08-15 07:00:00,29887.0,30162.0,29493.0,29887.0,98200,KBS
2024-08-16 07:00:00,29808.0,30280.0,29808.0,30241.0,162900,KBS
2024-08-19 07:00:00,30516.0,30516.0,30201.0,30280.0,43700,KBS
2024-08-20 07:00:00,30044.0,30280.0,30044.0,30241.0,87200,KBS
2024-08-21 07:00:00,30241.0,30437.0,30162.0,30280.0,137600,KBS
2024-08-22 07:00:00,30280.0,30359.0,29887.0,30241.0,109100,KBS
2024-08-23 07:00:00,30241.0,30241.0,29887.0,30201.0,62000,KBS
2024-08-26 07:00:00,30201.0,30359.0,30044.0,30123.0,61300,KBS
2024-08-27 07:00:00,30083.0,30123.0,29887.0,30005.0,77400,KBS
2024-08-28 07:00:00,30005.0,30044.0,29769.0,29965.0,115200,KBS
2024-08-29 07:00:00,29887.0,29965.0,29533.0,29965.0,202800,KBS
2024-08-30 07:00:00,29847.0,29926.0,29651.0,29926.0,98000,KBS
2024-09-04 07:00:00,29926.0,29926.0,29493.0,29493.0,96800,KBS
2024-09-05 07:00:00,29493.0,29690.0,29140.0,29140.0,203600,KBS
2024-09-06 07:00:00,29140.0,29258.0,28982.0,29100.0,184100,KBS
2024-09-09 07:00:00,29061.0,29493.0,29061.0,29415.0,65300,KBS
2024-09-10 07:00:00,29651.0,29651.0,28982.0,29022.0,126400,KBS
2024-09-11 07:00:00,29022.0,29415.0,28943.0,29258.0,117800,KBS
2024-09-12 07:00:00,29336.0,29376.0,29100.0,29179.0,59600,KBS
2024-09-13 07:00:00,29179.0,29258.0,29061.0,29179.0,67200,KBS
2024-09-16 07:00:00,29218.0,29218.0,28982.0,29061.0,123800,KBS
2024-09-17 07:00:00,29100.0,29179.0,29061.0,29100.0,63100,KBS
2024-09-18 07:00:00,29336.0,29336.0,29100.0,29218.0,88200,KBS
2024-09-19 07:00:00,29218.0,29729.0,29218.0,29572.0,82700,KBS
2024-09-20 07:00:00,29533.0,29651.0,29493.0,29572.0,77300,KBS
2024-09-23 07:00:00,29926.0,29926.0,29415.0,29493.0,43100,KBS
2024-09-24 07:00:00,29493.0,29493.0,29336.0,29454.0,35500,KBS
2024-09-25 07:00:00,29611.0,29651.0,29100.0,29336.0,360700,KBS
2024-09-26 07:00:00,29336.0,29415.0,29258.0,29297.0,71300,KBS
2024-09-27 07:00:00,29297.0,29336.0,29179.0,29297.0,79100,KBS
2024-09-30 07:00:00,29100.0,29493.0,29100.0,29218.0,77000,KBS
2024-10-01 07:00:00,29218.0,29769.0,29218.0,29572.0,205700,KBS
2024-10-02 07:00:00,29493.0,29572.0,29336.0,29336.0,56600,KBS
2024-10-03 07:00:00,29336.0,29887.0,29022.0,29493.0,204400,KBS
2024-10-04 07:00:00,29493.0,29572.0,29336.0,29336.0,55600,KBS
2024-10-07 07:00:00,29218.0,29533.0,29218.0,29297.0,69400,KBS
2024-10-08 07:00:00,29297.0,29336.0,29218.0,29258.0,118700,KBS
2024-10-09 07:00:00,29258.0,29415.0,29258.0,29297.0,63900,KBS
2024-10-10 07:00:00,29454.0,29454.0,29218.0,29258.0,87900,KBS
2024-10-11 07:00:00,29297.0,29297.0,29100.0,29140.0,182400,KBS
2024-10-14 07:00:00,29297.0,29297.0,29061.0,29140.0,80800,KBS
2024-10-15 07:00:00,29140.0,29179.0,28943.0,28982.0,95100,KBS
2024-10-16 07:00:00,28825.0,29022.0,28786.0,28904.0,54900,KBS
2024-10-17 07:00:00,28864.0,29022.0,28786.0,28786.0,49400,KBS
2024-10-18 07:00:00,28982.0,28982.0,28589.0,28589.0,65700,KBS
2024-10-21 07:00:00,28628.0,28904.0,28628.0,28786.0,390200,KBS
2024-10-22 07:00:00,28746.0,28943.0,28314.0,28589.0,184700,KBS
2024-10-23 07:00:00,28589.0,28628.0,28432.0,28432.0,78100,KBS
2024-10-24 07:00:00,28471.0,28550.0,26819.0,26819.0,286700,KBS
2024-10-25 07:00:00,27134.0,27409.0,26741.0,27095.0,346800,KBS
2024-10-28 07:00:00,27173.0,27173.0,26937.0,27095.0,107700,KBS
2024-10-29 07:00:00,27095.0,27449.0,27016.0,27291.0,138100,KBS
2024-10-30 07:00:00,27449.0,27763.0,27370.0,27763.0,162800,KBS
2024-10-31 07:00:00,27842.0,28078.0,27763.0,27999.0,149100,KBS
2024-11-01 07:00:00,27999.0,27999.0,27567.0,27606.0,48700,KBS
2024-11-04 07:00:00,27606.0,27685.0,27449.0,27488.0,97700,KBS
2024-11-05 07:00:00,27488.0,27567.0,27449.0,27527.0,39600,KBS
2024-11-06 07:00:00,27527.0,27921.0,27527.0,27921.0,61500,KBS
2024-11-07 07:00:00,28314.0,28314.0,27567.0,28117.0,45600,KBS
2024-11-08 07:00:00,27921.0,28117.0,27724.0,28038.0,91900,KBS
2024-11-11 07:00:00,28078.0,28314.0,27763.0,27842.0,91500,KBS
2024-11-12 07:00:00,27842.0,28156.0,27645.0,27685.0,67400,KBS
2024-11-13 07:00:00,27527.0,27685.0,26505.0,27370.0,170600,KBS
2024-11-14 07:00:00,27606.0,27606.0,26977.0,27213.0,54200,KBS
2024-11-15 07:00:00,27213.0,27449.0,26898.0,27134.0,58700,KBS
2024-11-18 07:00:00,27409.0,27409.0,27016.0,27134.0,52500,KBS
2024-11-19 07:00:00,27252.0,27252.0,27095.0,27095.0,89200,KBS
2024-11-20 07:00:00,27016.0,27134.0,26898.0,27095.0,296800,KBS
2024-11-21 07:00:00,27134.0,27213.0,27055.0,27095.0,178300,KBS
2024-11-22 07:00:00,27173.0,27527.0,27095.0,27173.0,63200,KBS
2024-11-25 07:00:00,27173.0,27409.0,27134.0,27173.0,135500,KBS
2024-11-26 07:00:00,27213.0,27370.0,27134.0,27134.0,84000,KBS
2024-11-27 07:00:00,27173.0,27291.0,27055.0,27134.0,48400,KBS
2024-11-28 07:00:00,27134.0,27370.0,27055.0,27055.0,90100,KBS
2024-11-29 07:00:00,26937.0,27173.0,26937.0,27134.0,78400,KBS
2024-12-02 07:00:00,27213.0,28117.0,27213.0,28078.0,267900,KBS
2024-12-03 07:00:00,28235.0,28471.0,28078.0,28314.0,311500,KBS
2024-12-04 07:00:00,28314.0,28392.0,28078.0,28156.0,171500,KBS
2024-12-05 07:00:00,28156.0,28825.0,28078.0,28471.0,1234800,KBS
2024-12-06 07:00:00,28471.0,28668.0,28196.0,28274.0,332300,KBS
2024-12-09 07:00:00,28314.0,28353.0,28078.0,28314.0,354300,KBS
2024-12-10 07:00:00,28314.0,28628.0,28235.0,28550.0,393800,KBS
2024-12-11 07:00:00,28668.0,28668.0,28314.0,28432.0,322500,KBS
2024-12-12 07:00:00,28392.0,28471.0,27842.0,27960.0,327500,KBS
2024-12-13 07:00:00,27881.0,27960.0,27645.0,27763.0,180800,KBS
2024-12-16 07:00:00,27606.0,27645.0,27409.0,27606.0,503300,KBS
2024-12-17 07:00:00,27567.0,27567.0,27331.0,27370.0,118500,KBS
2024-12-18 07:00:00,27409.0,27763.0,27173.0,27724.0,229300,KBS
2024-12-19 07:00:00,27370.0,27842.0,27370.0,27724.0,263600,KBS
2024-12-20 07:00:00,27527.0,28235.0,27527.0,28156.0,359700,KBS
2024-12-23 07:00:00,28314.0,30123.0,28314.0,30044.0,2404900,KBS
2024-12-24 07:00:00,30280.0,30319.0,29493.0,30083.0,762100,KBS
2024-12-25 07:00:00,30083.0,31302.0,30083.0,30516.0,1346000,KBS
2024-12-26 07:00:00,30831.0,30831.0,30123.0,30359.0,525100,KBS
2024-12-27 07:00:00,29965.0,30437.0,29808.0,30123.0,433800,KBS
2024-12-30 07:00:00,30123.0,30162.0,29454.0,29454.0,337600,KBS
2024-12-31 07:00:00,29258.0,29769.0,29258.0,29651.0,320700,KBS
2025-01-02 07:00:00,29651.0,29847.0,29454.0,29690.0,253700,KBS
2025-01-03 07:00:00,29651.0,30516.0,29493.0,30319.0,1535500,KBS
2025-01-06 07:00:00,30241.0,31066.0,29690.0,29887.0,617800,KBS
2025-01-07 07:00:00,29690.0,30123.0,28864.0,29061.0,735000,KBS
2025-01-08 07:00:00,29022.0,29100.0,28235.0,29100.0,1129400,KBS
2025-01-09 07:00:00,29258.0,29258.0,28786.0,29022.0,213400,KBS
2025-01-10 07:00:00,29022.0,29140.0,28353.0,28432.0,393900,KBS
2025-01-13 07:00:00,27921.0,28432.0,27685.0,28392.0,520800,KBS
2025-01-14 07:00:00,28550.0,28550.0,27999.0,27999.0,274600,KBS
2025-01-15 07:00:00,27999.0,28864.0,27999.0,28864.0,461300,KBS
2025-01-16 07:00:00,28904.0,28904.0,28550.0,28786.0,215200,KBS
2025-01-17 07:00:00,28786.0,29415.0,28668.0,29100.0,325800,KBS
2025-01-20 07:00:00,29100.0,29376.0,28746.0,28746.0,268800,KBS
2025-01-21 07:00:00,28746.0,28982.0,28471.0,28471.0,97500,KBS
2025-01-22 07:00:00,28471.0,28668.0,28353.0,28471.0,139200,KBS
2025-01-23 07:00:00,28471.0,28786.0,28392.0,28628.0,192300,KBS
2025-01-24 07:00:00,28628.0,28707.0,28353.0,28510.0,256100,KBS
2025-02-03 07:00:00,27999.0,28078.0,27213.0,27213.0,759600,KBS
2025-02-04 07:00:00,27213.0,27291.0,26898.0,27173.0,698900,KBS
2025-02-05 07:00:00,27173.0,27449.0,27173.0,27449.0,252600,KBS
2025-02-06 07:00:00,27606.0,27763.0,27213.0,27291.0,271200,KBS
2025-02-07 07:00:00,27370.0,27842.0,27331.0,27527.0,244600,KBS
2025-02-10 07:00:00,27488.0,27488.0,27134.0,27134.0,238400,KBS
2025-02-11 07:00:00,27134.0,27291.0,27016.0,27016.0,257100,KBS
2025-02-12 07:00:00,26977.0,27134.0,26977.0,27016.0,101200,KBS
2025-02-13 07:00:00,26859.0,27055.0,26859.0,27016.0,164900,KBS
2025-02-14 07:00:00,26937.0,27527.0,26937.0,27449.0,240000,KBS
2025-02-17 07:00:00,27567.0,27921.0,27488.0,27567.0,255700,KBS
2025-02-18 07:00:00,27527.0,27685.0,27488.0,27645.0,252100,KBS
2025-02-19 07:00:00,27685.0,27685.0,27449.0,27527.0,200300,KBS
2025-02-20 07:00:00,27881.0,28156.0,27685.0,27842.0,309200,KBS
2025-02-21 07:00:00,27842.0,27881.0,27527.0,27606.0,234900,KBS
2025-02-24 07:00:00,27606.0,27645.0,27370.0,27488.0,304300,KBS
2025-02-25 07:00:00,27488.0,27881.0,27488.0,27685.0,139900,KBS
2025-02-26 07:00:00,27724.0,27960.0,27724.0,27763.0,127100,KBS
2025-02-27 07:00:00,27803.0,27921.0,27645.0,27724.0,172400,KBS
2025-02-28 07:00:00,27763.0,27842.0,27567.0,27724.0,302200,KBS
2025-03-03 07:00:00,27842.0,28274.0,27803.0,28078.0,313700,KBS
2025-03-04 07:00:00,28156.0,28156.0,27842.0,27960.0,248700,KBS
2025-03-05 07:00:00,28038.0,28038.0,27606.0,27645.0,314700,KBS
2025-03-06 07:00:00,27685.0,27763.0,27527.0,27645.0,419100,KBS
2025-03-07 07:00:00,27645.0,27726.0,27524.0,27605.0,486100,KBS
2025-03-10 07:00:00,27645.0,27807.0,27443.0,27443.0,248100,KBS
2025-03-11 07:00:00,27362.0,27362.0,27160.0,27200.0,236300,KBS
2025-03-12 07:00:00,27119.0,27362.0,26957.0,27079.0,328300,KBS
2025-03-13 07:00:00,27200.0,27200.0,26755.0,26755.0,215100,KBS
2025-03-14 07:00:00,26714.0,26795.0,26350.0,26552.0,366100,KBS
2025-03-17 07:00:00,26593.0,26674.0,26512.0,26633.0,73500,KBS
2025-03-18 07:00:00,26714.0,26876.0,26471.0,26593.0,215300,KBS
2025-03-19 07:00:00,26593.0,26755.0,26390.0,26390.0,113200,KBS
2025-03-20 07:00:00,26229.0,26269.0,25905.0,26067.0,352500,KBS
2025-03-21 07:00:00,26067.0,26229.0,25986.0,26188.0,102200,KBS
2025-03-24 07:00:00,25986.0,26310.0,25986.0,26148.0,80200,KBS
2025-03-25 07:00:00,26188.0,26593.0,26188.0,26512.0,121400,KBS
2025-03-26 07:00:00,26512.0,26552.0,26067.0,26148.0,171800,KBS
2025-03-27 07:00:00,26148.0,26310.0,25945.0,26148.0,161600,KBS
2025-03-28 07:00:00,26107.0,26310.0,26067.0,26107.0,71000,KBS
2025-03-31 07:00:00,26148.0,26148.0,25662.0,26067.0,180000,KBS
2025-04-01 07:00:00,26067.0,26148.0,25621.0,25662.0,187000,KBS
2025-04-02 07:00:00,25824.0,25864.0,24933.0,25217.0,447100,KBS
2025-04-03 07:00:00,24083.0,24690.0,23476.0,23476.0,718300,KBS
2025-04-04 07:00:00,21938.0,22464.0,21857.0,22221.0,953600,KBS
2025-04-08 07:00:00,22181.0,22181.0,20683.0,20683.0,506300,KBS
2025-04-09 07:00:00,19348.0,20683.0,19307.0,20157.0,255400,KBS
2025-04-10 07:00:00,21533.0,21533.0,21533.0,21533.0,46800,KBS
2025-04-11 07:00:00,22990.0,22990.0,21412.0,22019.0,633800,KBS
2025-04-14 07:00:00,22545.0,22586.0,22019.0,22181.0,242400,KBS
2025-04-15 07:00:00,22262.0,22262.0,22019.0,22181.0,162300,KBS
2025-04-16 07:00:00,22100.0,22383.0,22100.0,22181.0,131500,KBS
2025-04-17 07:00:00,22181.0,22181.0,21898.0,22100.0,146300,KBS
2025-04-18 07:00:00,22100.0,22505.0,22100.0,22302.0,104600,KBS
2025-04-21 07:00:00,22302.0,22626.0,22100.0,22181.0,85500,KBS
2025-04-22 07:00:00,21898.0,22060.0,21452.0,22019.0,435000,KBS
2025-04-23 07:00:00,22343.0,22505.0,22019.0,22505.0,157300,KBS
2025-04-24 07:00:00,22505.0,23314.0,22505.0,23314.0,141100,KBS
2025-04-25 07:00:00,23395.0,23800.0,23274.0,23476.0,205000,KBS
2025-04-28 07:00:00,23395.0,23395.0,23112.0,23112.0,49100,KBS
2025-04-29 07:00:00,23395.0,23395.0,23071.0,23071.0,77500,KBS
2025-05-05 07:00:00,23840.0,23840.0,23152.0,23638.0,130100,KBS
2025-05-06 07:00:00,23638.0,23719.0,23355.0,23638.0,153200,KBS
2025-05-07 07:00:00,23557.0,23719.0,23436.0,23598.0,88100,KBS
2025-05-08 07:00:00,23719.0,23800.0,23517.0,23800.0,110100,KBS
2025-05-09 07:00:00,24083.0,24367.0,23962.0,24043.0,123400,KBS
2025-05-12 07:00:00,24367.0,24569.0,24043.0,24569.0,223900,KBS
2025-05-13 07:00:00,24771.0,25095.0,24690.0,24933.0,396900,KBS
2025-05-14 07:00:00,25095.0,25257.0,24812.0,24933.0,293700,KBS
2025-05-15 07:00:00,24933.0,24933.0,24529.0,24529.0,548100,KBS
2025-05-16 07:00:00,24869.0,25160.0,24723.0,24723.0,209000,KBS
2025-05-19 07:00:00,24577.0,25063.0,24383.0,24723.0,143900,KBS
2025-05-20 07:00:00,24480.0,25063.0,24480.0,24869.0,139600,KBS
2025-05-21 07:00:00,24917.0,25306.0,24869.0,25209.0,148700,KBS
2025-05-22 07:00:00,25306.0,25306.0,24869.0,25209.0,146500,KBS
2025-05-23 07:00:00,25160.0,25160.0,24917.0,24966.0,42100,KBS
2025-05-26 07:00:00,25063.0,25257.0,24674.0,25257.0,199800,KBS
2025-05-27 07:00:00,25306.0,25743.0,25306.0,25694.0,172400,KBS
2025-05-28 07:00:00,25840.0,25840.0,25306.0,25451.0,76600,KBS
2025-05-29 07:00:00,25451.0,25549.0,25014.0,25209.0,180400,KBS
2025-05-30 07:00:00,25209.0,25209.0,24820.0,24869.0,83600,KBS
2025-06-02 07:00:00,24869.0,24917.0,24529.0,24917.0,91700,KBS
2025-06-03 07:00:00,25257.0,25257.0,24869.0,24966.0,45200,KBS
2025-06-04 07:00:00,24869.0,25014.0,24869.0,24966.0,99500,KBS
2025-06-05 07:00:00,25014.0,25306.0,24966.0,25257.0,103200,KBS
2025-06-06 07:00:00,25160.0,25160.0,24723.0,24723.0,92300,KBS
2025-06-09 07:00:00,24723.0,24723.0,24286.0,24286.0,133700,KBS
2025-06-10 07:00:00,24286.0,24529.0,24286.0,24383.0,84600,KBS
2025-06-11 07:00:00,24383.0,24480.0,24091.0,24140.0,116500,KBS
2025-06-12 07:00:00,24237.0,24674.0,24237.0,24529.0,63400,KBS
2025-06-13 07:00:00,24529.0,24577.0,24091.0,24189.0,109500,KBS
2025-06-16 07:00:00,24091.0,24431.0,24091.0,24286.0,48100,KBS
2025-06-17 07:00:00,24480.0,24529.0,24237.0,24529.0,129600,KBS
2025-06-18 07:00:00,24529.0,24869.0,24286.0,24626.0,210700,KBS
2025-06-19 07:00:00,24626.0,24771.0,24431.0,24626.0,45800,KBS
2025-06-20 07:00:00,24237.0,25209.0,24237.0,25111.0,270900,KBS
2025-06-23 07:00:00,24966.0,25063.0,24771.0,25063.0,87000,KBS
2025-06-24 07:00:00,25063.0,25257.0,24966.0,24966.0,180700,KBS
2025-06-25 07:00:00,25160.0,25257.0,24966.0,25063.0,83300,KBS
2025-06-26 07:00:00,25111.0,25451.0,25063.0,25354.0,115100,KBS
2025-06-27 07:00:00,25549.0,25597.0,25354.0,25500.0,98300,KBS
2025-06-30 07:00:00,25549.0,26714.0,25500.0,26569.0,468800,KBS
2025-07-01 07:00:00,26617.0,27103.0,26423.0,26957.0,410800,KBS
2025-07-02 07:00:00,27103.0,28803.0,27103.0,28560.0,1113600,KBS
2025-07-03 07:00:00,28706.0,28706.0,27686.0,27783.0,530700,KBS
2025-07-04 07:00:00,27783.0,28269.0,27297.0,27880.0,519100,KBS
2025-07-07 07:00:00,28220.0,28220.0,27540.0,27637.0,279500,KBS
2025-07-08 07:00:00,28123.0,28123.0,27734.0,28026.0,366900,KBS
2025-07-09 07:00:00,28026.0,28269.0,27637.0,28074.0,292800,KBS
2025-07-10 07:00:00,27831.0,28269.0,27686.0,28269.0,501000,KBS
2025-07-11 07:00:00,28366.0,28560.0,27734.0,28269.0,438100,KBS
2025-07-14 07:00:00,28269.0,28269.0,27686.0,28123.0,327800,KBS
2025-07-15 07:00:00,27977.0,28463.0,27831.0,27880.0,735500,KBS
2025-07-16 07:00:00,27929.0,28074.0,27783.0,27977.0,176300,KBS
2025-07-17 07:00:00,27977.0,28414.0,27831.0,28269.0,304700,KBS
2025-07-18 07:00:00,28414.0,28560.0,28123.0,28220.0,311300,KBS
2025-07-21 07:00:00,28220.0,28269.0,27880.0,28074.0,185400,KBS
2025-07-22 07:00:00,28317.0,29434.0,28269.0,29337.0,1173200,KBS
2025-07-23 07:00:00,29871.0,29871.0,29143.0,29337.0,308100,KBS
2025-07-24 07:00:00,29337.0,29580.0,28900.0,28900.0,438300,KBS
2025-07-25 07:00:00,29240.0,29386.0,28851.0,29337.0,554200,KBS
2025-07-28 07:00:00,29434.0,29677.0,29191.0,29434.0,515700,KBS
2025-07-29 07:00:00,29434.0,29434.0,28463.0,28803.0,859500,KBS
2025-07-30 07:00:00,28706.0,30114.0,28609.0,30114.0,726200,KBS
2025-07-31 07:00:00,30163.0,30551.0,29289.0,29871.0,492800,KBS
2025-08-01 07:00:00,29871.0,30891.0,29483.0,30017.0,566400,KBS
2025-08-04 07:00:00,30066.0,30551.0,30017.0,30114.0,320200,KBS
2025-08-05 07:00:00,30211.0,30891.0,29823.0,30114.0,644300,KBS
2025-08-06 07:00:00,30454.0,30551.0,30114.0,30551.0,420700,KBS
2025-08-07 07:00:00,30600.0,31037.0,30600.0,30794.0,377900,KBS
2025-08-08 07:00:00,31037.0,31037.0,30066.0,30649.0,696000,KBS
2025-08-11 07:00:00,30649.0,30891.0,30309.0,30794.0,466800,KBS
2025-08-12 07:00:00,30600.0,31814.0,30600.0,31329.0,859500,KBS
2025-08-13 07:00:00,31377.0,31911.0,31231.0,31231.0,607600,KBS
2025-08-14 07:00:00,31231.0,31329.0,30697.0,31231.0,568100,KBS
2025-08-15 07:00:00,31086.0,31231.0,30211.0,30309.0,564600,KBS
2025-08-18 07:00:00,30309.0,31523.0,30309.0,31086.0,367900,KBS
2025-08-19 07:00:00,31086.0,31814.0,30843.0,31571.0,565100,KBS
2025-08-20 07:00:00,31571.0,31571.0,30309.0,31134.0,441500,KBS
2025-08-21 07:00:00,31086.0,31523.0,30746.0,30746.0,397200,KBS
2025-08-22 07:00:00,30697.0,31037.0,29386.0,29920.0,370000,KBS
2025-08-25 07:00:00,29920.0,30357.0,29726.0,29726.0,186400,KBS
2025-08-26 07:00:00,29677.0,30357.0,29677.0,30309.0,227600,KBS
2025-08-27 07:00:00,30551.0,30746.0,30017.0,30017.0,204800,KBS
2025-08-28 07:00:00,30114.0,30211.0,29920.0,30066.0,163800,KBS
2025-08-29 07:00:00,30600.0,30600.0,29969.0,30211.0,212000,KBS
2025-09-03 07:00:00,30406.0,31086.0,30017.0,31086.0,311000,KBS
2025-09-04 07:00:00,31086.0,31426.0,30843.0,31037.0,173400,KBS
2025-09-05 07:00:00,31280.0,33174.0,31280.0,32883.0,1693900,KBS
2025-09-08 07:00:00,33029.0,34000.0,32251.0,33029.0,773700,KBS
2025-09-09 07:00:00,33514.0,33514.0,32154.0,32980.0,518300,KBS
2025-09-10 07:00:00,32980.0,32980.0,32106.0,32349.0,271900,KBS
2025-09-11 07:00:00,32397.0,34486.0,32154.0,34097.0,690300,KBS
2025-09-12 07:00:00,34486.0,34486.0,33611.0,34000.0,280700,KBS
2025-09-15 07:00:00,34000.0,34389.0,33369.0,34000.0,558300,KBS
2025-09-16 07:00:00,33417.0,34000.0,33417.0,33709.0,239600,KBS
2025-09-17 07:00:00,33709.0,34194.0,33417.0,33709.0,336100,KBS
2025-09-18 07:00:00,33806.0,35409.0,33709.0,35166.0,870900,KBS
2025-09-19 07:00:00,35603.0,36866.0,35214.0,36769.0,891500,KBS
2025-09-22 07:00:00,36769.0,36769.0,34389.0,35506.0,590800,KBS
2025-09-23 07:00:00,35069.0,35506.0,34729.0,34777.0,373700,KBS
2025-09-24 07:00:00,34340.0,34923.0,33320.0,34874.0,643000,KBS
2025-09-25 07:00:00,35457.0,35457.0,33417.0,34826.0,723100,KBS
2025-09-26 07:00:00,34049.0,34389.0,33709.0,33709.0,150100,KBS
2025-09-29 07:00:00,33854.0,34000.0,33223.0,33223.0,250700,KBS
2025-09-30 07:00:00,33077.0,34146.0,32543.0,33903.0,421300,KBS
2025-10-01 07:00:00,33903.0,34486.0,33563.0,34000.0,59700,KBS
2025-10-02 07:00:00,34146.0,34291.0,33563.0,33611.0,190500,KBS
2025-10-03 07:00:00,33514.0,34243.0,33514.0,33709.0,152000,KBS
2025-10-06 07:00:00,34000.0,34583.0,33951.0,34291.0,168100,KBS
2025-10-07 07:00:00,34340.0,34340.0,33709.0,33709.0,170800,KBS
2025-10-08 07:00:00,33757.0,33951.0,33029.0,33563.0,245100,KBS
2025-10-09 07:00:00,33563.0,33806.0,33223.0,33271.0,169800,KBS
2025-10-10 07:00:00,33320.0,33903.0,33320.0,33369.0,152700,KBS
2025-10-13 07:00:00,33029.0,33757.0,32931.0,33514.0,190600,KBS
2025-10-14 07:00:00,33709.0,33709.0,32640.0,32640.0,424300,KBS
2025-10-15 07:00:00,32834.0,33174.0,32009.0,32009.0,263800,KBS
2025-10-16 07:00:00,32154.0,32446.0,32009.0,32251.0,152100,KBS
2025-10-17 07:00:00,32349.0,33174.0,30600.0,32640.0,280500,KBS
2025-10-20 07:00:00,32689.0,33369.0,30406.0,31086.0,398400,KBS
2025-10-21 07:00:00,31086.0,32494.0,31086.0,32446.0,425000,KBS
2025-10-22 07:00:00,31717.0,33271.0,31717.0,33174.0,203400,KBS
2025-10-23 07:00:00,33174.0,33660.0,33077.0,33369.0,126900,KBS
2025-10-24 07:00:00,33369.0,34340.0,33126.0,34146.0,244100,KBS
2025-10-27 07:00:00,34583.0,35360.0,34194.0,34340.0,326300,KBS
2025-10-28 07:00:00,34340.0,34826.0,33611.0,34000.0,368800,KBS
2025-10-29 07:00:00,34500.0,35750.0,34000.0,35200.0,401700,KBS
2025-10-30 07:00:00,35500.0,36400.0,35250.0,35250.0,365700,KBS
2025-10-31 07:00:00,34800.0,35550.0,34550.0,34550.0,129700,KBS
2025-11-03 07:00:00,34200.0,35800.0,34200.0,35000.0,253500,KBS
2025-11-04 07:00:00,34800.0,35450.0,33750.0,35100.0,222800,KBS
2025-11-05 07:00:00,35000.0,35000.0,34000.0,34050.0,152100,KBS
2025-11-06 07:00:00,34000.0,34300.0,33250.0,33650.0,161900,KBS
2025-11-07 07:00:00,34000.0,34000.0,32600.0,32850.0,314100,KBS
2025-11-10 07:00:00,32800.0,33100.0,32700.0,32850.0,118600,KBS
2025-11-11 07:00:00,32700.0,33400.0,32700.0,33250.0,145200,KBS
2025-11-12 07:00:00,33350.0,33600.0,33000.0,33250.0,168400,KBS
2025-11-13 07:00:00,33400.0,34150.0,33350.0,34000.0,323100,KBS
2025-11-14 07:00:00,34000.0,34450.0,33700.0,33800.0,218000,KBS
2025-11-17 07:00:00,34000.0,34200.0,33500.0,33500.0,247900,KBS
2025-11-18 07:00:00,33500.0,34000.0,33250.0,33650.0,214400,KBS
2025-11-19 07:00:00,34000.0,34150.0,33500.0,33900.0,146300,KBS
2025-11-20 07:00:00,34000.0,34700.0,33900.0,34050.0,579000,KBS
2025-11-21 07:00:00,33900.0,33900.0,33200.0,33550.0,105300,KBS
2025-11-24 07:00:00,33500.0,33550.0,32800.0,32800.0,231700,KBS
2025-11-25 07:00:00,32700.0,33200.0,32700.0,33000.0,154600,KBS
2025-11-26 07:00:00,32600.0,33450.0,32600.0,33350.0,86600,KBS
2025-11-27 07:00:00,33400.0,33950.0,33150.0,33350.0,62500,KBS
2025-11-28 07:00:00,33250.0,33600.0,32850.0,33500.0,225100,KBS
2025-12-01 07:00:00,33500.0,33500.0,32700.0,32750.0,117200,KBS
2025-12-02 07:00:00,32950.0,32950.0,32000.0,32050.0,578200,KBS
2025-12-03 07:00:00,32100.0,33100.0,32100.0,33000.0,705400,KBS
2025-12-04 07:00:00,33000.0,33750.0,33000.0,33500.0,208400,KBS
2025-12-05 07:00:00,33750.0,33750.0,33100.0,33100.0,69800,KBS
2025-12-08 07:00:00,33550.0,33550.0,32750.0,33300.0,337800,KBS
2025-12-09 07:00:00,33400.0,33400.0,32650.0,33100.0,131800,KBS
2025-12-10 07:00:00,33050.0,33050.0,32400.0,32800.0,224600,KBS
2025-12-11 07:00:00,32500.0,32900.0,32500.0,32550.0,43700,KBS
2025-12-12 07:00:00,32550.0,32750.0,32000.0,32050.0,172200,KBS
2025-12-15 07:00:00,32150.0,32600.0,32000.0,32500.0,205700,KBS
2025-12-16 07:00:00,32700.0,33000.0,32200.0,33000.0,104600,KBS
2025-12-17 07:00:00,32900.0,33000.0,32750.0,32900.0,203600,KBS
2025-12-18 07:00:00,32850.0,32900.0,32650.0,32650.0,54600,KBS
2025-12-19 07:00:00,32550.0,34200.0,32550.0,34100.0,521200,KBS
2025-12-22 07:00:00,34100.0,34450.0,33500.0,34100.0,293000,KBS
2025-12-23 07:00:00,34150.0,35400.0,34100.0,34100.0,415000,KBS
2025-12-24 07:00:00,34100.0,34100.0,33400.0,33900.0,210000,KBS
2025-12-25 07:00:00,33900.0,33900.0,32800.0,32800.0,464100,KBS
2025-12-26 07:00:00,32650.0,33250.0,32300.0,33000.0,283700,KBS
2025-12-29 07:00:00,33000.0,33400.0,32950.0,33300.0,74600,KBS
2025-12-30 07:00:00,33300.0,33900.0,33300.0,33500.0,121000,KBS
2025-12-31 07:00:00,33600.0,33650.0,33350.0,33350.0,176200,KBS
2026-01-05 07:00:00,33300.0,34100.0,32800.0,34000.0,253600,KBS
2026-01-06 07:00:00,34000.0,34450.0,33650.0,34100.0,169300,KBS
2026-01-07 07:00:00,34400.0,34750.0,34050.0,34200.0,313600,KBS
2026-01-08 07:00:00,34150.0,34500.0,33800.0,33900.0,339900,KBS
2026-01-09 07:00:00,33900.0,34350.0,33600.0,33600.0,252400,KBS
2026-01-12 07:00:00,33500.0,34100.0,33500.0,33950.0,145100,KBS
2026-01-13 07:00:00,34200.0,35950.0,34200.0,34950.0,1167300,KBS
2026-01-14 07:00:00,35400.0,35400.0,34350.0,34500.0,359500,KBS
2026-01-15 07:00:00,34500.0,34850.0,33350.0,33400.0,645800,KBS
2026-01-16 07:00:00,33400.0,34500.0,33400.0,34100.0,439900,KBS
2026-01-19 07:00:00,34100.0,34750.0,33600.0,33750.0,184900,KBS
2026-01-20 07:00:00,33750.0,34150.0,33600.0,33850.0,178500,KBS
2026-01-21 07:00:00,33850.0,34000.0,33250.0,34000.0,420900,KBS
2026-01-22 07:00:00,34200.0,35500.0,34000.0,34800.0,646000,KBS
2026-01-23 07:00:00,35050.0,35150.0,34150.0,34150.0,278400,KBS
2026-01-26 07:00:00,34150.0,34650.0,33600.0,34000.0,369700,KBS
2026-01-27 07:00:00,34100.0,34250.0,33500.0,34000.0,190700,KBS
2026-01-28 07:00:00,34250.0,34250.0,33700.0,33800.0,145500,KBS
2026-01-29 07:00:00,33800.0,34600.0,33700.0,34250.0,288200,KBS
2026-01-30 07:00:00,35800.0,36600.0,35500.0,36600.0,2240200,KBS
2026-02-02 07:00:00,38700.0,38900.0,37550.0,38000.0,1574300,KBS
2026-02-03 07:00:00,38000.0,39900.0,37800.0,39000.0,1305300,KBS
2026-02-04 07:00:00,38900.0,41650.0,37900.0,38000.0,1247500,KBS
2026-02-05 07:00:00,38000.0,38650.0,37500.0,37500.0,702000,KBS
2026-02-06 07:00:00,37500.0,38000.0,36800.0,36800.0,722900,KBS
2026-02-09 07:00:00,36950.0,38200.0,36500.0,37000.0,590000,KBS
2026-02-10 07:00:00,37150.0,37950.0,36800.0,37000.0,670100,KBS
2026-02-11 07:00:00,37100.0,38450.0,37100.0,37650.0,620100,KBS
2026-02-12 07:00:00,37950.0,38350.0,37700.0,37700.0,257400,KBS
2026-02-13 07:00:00,37950.0,38300.0,37500.0,38000.0,378100,KBS
2026-02-23 07:00:00,38850.0,38850.0,37400.0,37650.0,518300,KBS
2026-02-24 07:00:00,37550.0,39950.0,37550.0,38600.0,1005900,KBS
2026-02-25 07:00:00,38800.0,38850.0,37650.0,38800.0,570700,KBS
2026-02-26 07:00:00,38800.0,40900.0,38400.0,39700.0,1470000,KBS
2026-02-27 07:00:00,39900.0,39950.0,38800.0,39500.0,716500,KBS
2026-03-02 07:00:00,38100.0,40950.0,38100.0,39400.0,2454200,KBS
2026-03-03 07:00:00,39400.0,39850.0,38650.0,38750.0,1236300,KBS
2026-03-04 07:00:00,38250.0,39500.0,36900.0,37550.0,1287800,KBS
2026-03-05 07:00:00,38200.0,38200.0,36350.0,36400.0,935400,KBS
2026-03-06 07:00:00,36150.0,37350.0,36150.0,36500.0,784400,KBS
2026-03-09 07:00:00,33950.0,34100.0,33950.0,33950.0,1061800,KBS
2026-03-10 07:00:00,34200.0,35400.0,34100.0,34950.0,772200,KBS
2026-03-11 07:00:00,34550.0,36500.0,34550.0,36500.0,450300,KBS
2026-03-12 07:00:00,36400.0,36800.0,35500.0,36600.0,597700,KBS
2026-03-13 07:00:00,35600.0,36250.0,35600.0,35900.0,247200,KBS
2026-03-16 07:00:00,35850.0,35850.0,34800.0,34800.0,536200,KBS
2026-03-17 07:00:00,35450.0,35450.0,34650.0,34750.0,214100,KBS
2026-03-18 07:00:00,34350.0,35000.0,34350.0,34650.0,191700,KBS
2026-03-19 07:00:00,34500.0,34950.0,34200.0,34450.0,215500,KBS
2026-03-20 07:00:00,34500.0,34500.0,34000.0,34000.0,308900,KBS
2026-03-23 07:00:00,33300.0,34000.0,32600.0,33350.0,703600,KBS
2026-03-24 07:00:00,33950.0,34700.0,33650.0,34500.0,379300,KBS
2026-03-25 07:00:00,34600.0,35200.0,34200.0,35150.0,340400,KBS
2026-03-26 07:00:00,35350.0,35350.0,34550.0,34700.0,121900,KBS
2026-03-27 07:00:00,34900.0,35450.0,34700.0,35450.0,319300,KBS
2026-03-30 07:00:00,34950.0,35350.0,34500.0,34850.0,155400,KBS
2026-03-31 07:00:00,34900.0,35350.0,34800.0,35100.0,96700,KBS
2026-04-01 07:00:00,35450.0,35600.0,35250.0,35300.0,158100,KBS
2026-04-02 07:00:00,35000.0,35150.0,34700.0,34850.0,184200,KBS
2026-04-03 07:00:00,34750.0,34750.0,34250.0,34550.0,77000,KBS
2026-04-06 07:00:00,34600.0,34600.0,33750.0,33800.0,365700,KBS
2026-04-07 07:00:00,33800.0,34500.0,33500.0,34200.0,205500,KBS
2026-04-08 07:00:00,34750.0,35400.0,34550.0,35350.0,376700,KBS
2026-04-09 07:00:00,35400.0,36750.0,35050.0,36400.0,500600,KBS
2026-04-10 07:00:00,36550.0,36600.0,36100.0,36300.0,146900,KBS
2026-04-13 07:00:00,36000.0,36800.0,35650.0,36450.0,141600,KBS
2026-04-14 07:00:00,36450.0,36750.0,36150.0,36400.0,188900,KBS
2026-04-15 07:00:00,36450.0,36450.0,36000.0,36050.0,225600,KBS
2026-04-16 07:00:00,36050.0,36650.0,36050.0,36450.0,506300,KBS
2026-04-17 07:00:00,36500.0,36900.0,36500.0,36550.0,296500,KBS
2026-04-20 07:00:00,36250.0,37700.0,36150.0,37300.0,486200,KBS
2026-04-21 07:00:00,37850.0,37850.0,36800.0,36800.0,275900,KBS
2026-04-22 07:00:00,36500.0,37250.0,36500.0,36500.0,194900,KBS
2026-04-23 07:00:00,36400.0,36650.0,35900.0,36050.0,280200,KBS
2026-04-24 07:00:00,36450.0,36850.0,36000.0,36100.0,324800,KBS
2026-04-28 07:00:00,36100.0,36200.0,35600.0,36000.0,133700,KBS
2026-04-29 07:00:00,35750.0,36050.0,35000.0,35800.0,219600,KBS
2026-05-04 07:00:00,36250.0,36250.0,35400.0,35500.0,182800,KBS
2026-05-05 07:00:00,35500.0,35800.0,35050.0,35400.0,234800,KBS
2026-05-06 07:00:00,35500.0,36350.0,35250.0,36000.0,211700,KBS
2026-05-07 07:00:00,36100.0,37500.0,36100.0,37150.0,699400,KBS
2026-05-08 07:00:00,37250.0,37250.0,36800.0,36900.0,184900,KBS
2026-05-11 07:00:00,36200.0,37100.0,36200.0,36850.0,133700,KBS
2026-05-12 07:00:00,36500.0,36700.0,36050.0,36250.0,194700,KBS
2026-05-13 07:00:00,36100.0,36900.0,36100.0,36600.0,108600,KBS
2026-05-14 07:00:00,36350.0,37000.0,36350.0,36400.0,89200,KBS
2026-05-15 07:00:00,36400.0,36700.0,36150.0,36200.0,163900,KBS
2026-05-18 07:00:00,36200.0,36200.0,35300.0,35850.0,209800,KBS
2026-05-19 07:00:00,35850.0,36100.0,35100.0,35100.0,176800,KBS
2026-05-20 07:00:00,35150.0,35450.0,34200.0,35000.0,232100,KBS
2026-05-21 07:00:00,35450.0,35800.0,35000.0,35050.0,115900,KBS
2026-05-22 07:00:00,35200.0,35400.0,35000.0,35350.0,102500,KBS
2026-05-25 07:00:00,35350.0,35800.0,35000.0,35350.0,117500,KBS
2026-05-26 07:00:00,35500.0,36200.0,35500.0,36200.0,219600,KBS
2026-05-27 07:00:00,36500.0,36700.0,35950.0,36000.0,118400,KBS
2026-05-28 07:00:00,36450.0,36450.0,35300.0,36400.0,149100,KBS
2026-05-29 07:00:00,36500.0,36900.0,36300.0,36700.0,203800,KBS
2026-06-01 07:00:00,36900.0,36900.0,36200.0,36350.0,94300,KBS
2026-06-02 07:00:00,36400.0,36400.0,35550.0,36350.0,55000,KBS
2026-06-03 07:00:00,36300.0,36450.0,35750.0,36450.0,72300,KBS
2026-06-04 07:00:00,36050.0,36400.0,35900.0,35900.0,155800,KBS
2026-06-05 07:00:00,36250.0,36400.0,36000.0,36350.0,82200,KBS
