date,open,high,low,close,volume,_source
2020-01-02 07:00:00,4439.0,4456.0,4371.0,4405.0,285280,KBS
2020-01-03 07:00:00,4388.0,4456.0,4337.0,4354.0,379590,KBS
2020-01-06 07:00:00,4320.0,4354.0,4320.0,4320.0,334320,KBS
2020-01-07 07:00:00,4303.0,4320.0,4269.0,4269.0,256060,KBS
2020-01-08 07:00:00,4252.0,4303.0,4201.0,4252.0,308760,KBS
2020-01-09 07:00:00,4269.0,4422.0,4252.0,4422.0,109420,KBS
2020-01-10 07:00:00,4320.0,4405.0,4320.0,4337.0,121630,KBS
2020-01-13 07:00:00,4422.0,4422.0,4354.0,4388.0,233240,KBS
2020-01-14 07:00:00,4422.0,4422.0,4320.0,4354.0,427120,KBS
2020-01-15 07:00:00,4422.0,4422.0,4303.0,4337.0,279990,KBS
2020-01-16 07:00:00,4337.0,4354.0,4252.0,4252.0,305870,KBS
2020-01-17 07:00:00,4252.0,4269.0,4218.0,4252.0,142700,KBS
2020-01-20 07:00:00,4269.0,4320.0,4235.0,4286.0,239160,KBS
2020-01-21 07:00:00,4235.0,4320.0,4235.0,4303.0,268570,KBS
2020-01-22 07:00:00,4320.0,4337.0,4252.0,4286.0,282360,KBS
2020-01-30 07:00:00,4269.0,4286.0,4235.0,4235.0,387190,KBS
2020-01-31 07:00:00,4235.0,4252.0,3945.0,3945.0,1236470,KBS
2020-02-03 07:00:00,3877.0,3911.0,3673.0,3792.0,606680,KBS
2020-02-04 07:00:00,3860.0,4013.0,3775.0,3928.0,404240,KBS
2020-02-05 07:00:00,3928.0,3962.0,3826.0,3877.0,373200,KBS
2020-02-06 07:00:00,3911.0,3996.0,3826.0,3979.0,324530,KBS
2020-02-07 07:00:00,3979.0,4030.0,3928.0,3996.0,216040,KBS
2020-02-10 07:00:00,3996.0,3996.0,3911.0,3962.0,133730,KBS
2020-02-11 07:00:00,3911.0,3996.0,3911.0,3979.0,114060,KBS
2020-02-12 07:00:00,3979.0,4099.0,3979.0,4099.0,313360,KBS
2020-02-13 07:00:00,4099.0,4116.0,4030.0,4082.0,150190,KBS
2020-02-14 07:00:00,4082.0,4116.0,4030.0,4047.0,200990,KBS
2020-02-17 07:00:00,4047.0,4099.0,4047.0,4047.0,112390,KBS
2020-02-18 07:00:00,4082.0,4133.0,4047.0,4082.0,204090,KBS
2020-02-19 07:00:00,4099.0,4150.0,4082.0,4150.0,247490,KBS
2020-02-20 07:00:00,4150.0,4354.0,4116.0,4303.0,570380,KBS
2020-02-21 07:00:00,4303.0,4320.0,4218.0,4218.0,219270,KBS
2020-02-24 07:00:00,4150.0,4184.0,4013.0,4030.0,380280,KBS
2020-02-25 07:00:00,3996.0,4082.0,3996.0,4047.0,168850,KBS
2020-02-26 07:00:00,4082.0,4082.0,4030.0,4065.0,143120,KBS
2020-02-27 07:00:00,4065.0,4099.0,4047.0,4099.0,172590,KBS
2020-02-28 07:00:00,4099.0,4099.0,4013.0,4030.0,175940,KBS
2020-03-02 07:00:00,4030.0,4099.0,4030.0,4082.0,170650,KBS
2020-03-03 07:00:00,4133.0,4218.0,4082.0,4218.0,393670,KBS
2020-03-04 07:00:00,4218.0,4456.0,4150.0,4337.0,1332460,KBS
2020-03-05 07:00:00,4422.0,4422.0,4286.0,4286.0,583400,KBS
2020-03-06 07:00:00,4286.0,4303.0,4184.0,4235.0,429230,KBS
2020-03-09 07:00:00,3945.0,4150.0,3945.0,3945.0,1185490,KBS
2020-03-10 07:00:00,3928.0,4167.0,3928.0,4133.0,1173300,KBS
2020-03-11 07:00:00,4133.0,4150.0,3877.0,4013.0,1060630,KBS
2020-03-12 07:00:00,3741.0,3911.0,3741.0,3792.0,2577980,KBS
2020-03-13 07:00:00,3707.0,3860.0,3537.0,3860.0,1056700,KBS
2020-03-16 07:00:00,3843.0,3877.0,3741.0,3758.0,574850,KBS
2020-03-17 07:00:00,3707.0,3945.0,3639.0,3945.0,871600,KBS
2020-03-18 07:00:00,3928.0,4133.0,3911.0,4030.0,809770,KBS
2020-03-19 07:00:00,3979.0,4201.0,3877.0,4099.0,1086000,KBS
2020-03-20 07:00:00,4099.0,4150.0,3979.0,3979.0,557310,KBS
2020-03-23 07:00:00,3945.0,3945.0,3758.0,3758.0,918170,KBS
2020-03-24 07:00:00,3758.0,3894.0,3758.0,3877.0,457940,KBS
2020-03-25 07:00:00,3928.0,4013.0,3928.0,3945.0,261260,KBS
2020-03-26 07:00:00,3945.0,3962.0,3877.0,3928.0,331340,KBS
2020-03-27 07:00:00,3962.0,4047.0,3911.0,3962.0,405990,KBS
2020-03-30 07:00:00,3979.0,3979.0,3843.0,3877.0,1026330,KBS
2020-03-31 07:00:00,3962.0,4030.0,3877.0,3894.0,585260,KBS
2020-04-01 07:00:00,3962.0,4167.0,3962.0,4167.0,1259170,KBS
2020-04-03 07:00:00,4252.0,4303.0,4167.0,4218.0,1465460,KBS
2020-04-06 07:00:00,4252.0,4422.0,4252.0,4371.0,1343650,KBS
2020-04-07 07:00:00,4354.0,4371.0,4150.0,4252.0,1802340,KBS
2020-04-08 07:00:00,4184.0,4541.0,4133.0,4541.0,2225670,KBS
2020-04-09 07:00:00,4728.0,4813.0,4626.0,4660.0,3303220,KBS
2020-04-10 07:00:00,4694.0,4745.0,4558.0,4660.0,1602940,KBS
2020-04-13 07:00:00,4677.0,4898.0,4643.0,4711.0,2779820,KBS
2020-04-14 07:00:00,4677.0,4881.0,4592.0,4847.0,2079080,KBS
2020-04-15 07:00:00,4898.0,4932.0,4813.0,4813.0,1980480,KBS
2020-04-16 07:00:00,4779.0,4864.0,4711.0,4745.0,1947290,KBS
2020-04-17 07:00:00,4813.0,4847.0,4677.0,4728.0,2300970,KBS
2020-04-20 07:00:00,4745.0,5051.0,4711.0,5051.0,4050220,KBS
2020-04-21 07:00:00,5102.0,5374.0,5017.0,5034.0,7312460,KBS
2020-04-22 07:00:00,5034.0,5340.0,4966.0,5340.0,3461780,KBS
2020-04-23 07:00:00,5408.0,5425.0,5204.0,5204.0,2091490,KBS
2020-04-24 07:00:00,5153.0,5170.0,5034.0,5102.0,2668200,KBS
2020-04-27 07:00:00,5243.0,5243.0,4803.0,4891.0,6169550,KBS
2020-04-28 07:00:00,4961.0,5102.0,4961.0,5084.0,1603560,KBS
2020-04-29 07:00:00,5032.0,5207.0,5014.0,5032.0,1520640,KBS
2020-05-04 07:00:00,4926.0,4961.0,4750.0,4785.0,2696350,KBS
2020-05-05 07:00:00,4750.0,4856.0,4697.0,4715.0,2616090,KBS
2020-05-06 07:00:00,4750.0,4908.0,4750.0,4908.0,1757070,KBS
2020-05-07 07:00:00,4926.0,4961.0,4873.0,4891.0,1297920,KBS
2020-05-08 07:00:00,4891.0,4944.0,4856.0,4856.0,3134380,KBS
2020-05-11 07:00:00,4873.0,4926.0,4820.0,4873.0,2108920,KBS
2020-05-12 07:00:00,4926.0,5190.0,4873.0,5190.0,4958340,KBS
2020-05-13 07:00:00,5172.0,5190.0,5032.0,5102.0,2369590,KBS
2020-05-14 07:00:00,5014.0,5067.0,4944.0,4944.0,2626800,KBS
2020-05-15 07:00:00,4926.0,4979.0,4803.0,4803.0,4457340,KBS
2020-05-18 07:00:00,4803.0,4856.0,4715.0,4820.0,2594900,KBS
2020-05-19 07:00:00,4891.0,4908.0,4803.0,4803.0,2046710,KBS
2020-05-20 07:00:00,4820.0,5084.0,4768.0,5014.0,5573910,KBS
2020-05-21 07:00:00,5067.0,5067.0,4961.0,4961.0,2199500,KBS
2020-05-22 07:00:00,4944.0,5172.0,4926.0,5102.0,4124110,KBS
2020-05-25 07:00:00,5119.0,5454.0,5119.0,5383.0,6977860,KBS
2020-05-26 07:00:00,5419.0,5419.0,5260.0,5295.0,3081230,KBS
2020-05-27 07:00:00,5313.0,5507.0,5243.0,5243.0,5350350,KBS
2020-05-28 07:00:00,5260.0,5348.0,5172.0,5243.0,3472090,KBS
2020-05-29 07:00:00,5260.0,5313.0,5207.0,5207.0,1924780,KBS
2020-06-01 07:00:00,5225.0,5401.0,5207.0,5295.0,3311060,KBS
2020-06-02 07:00:00,5313.0,5313.0,5067.0,5067.0,4314070,KBS
2020-06-03 07:00:00,5067.0,5155.0,5032.0,5155.0,3381930,KBS
2020-06-04 07:00:00,5155.0,5190.0,5084.0,5137.0,3482410,KBS
2020-06-05 07:00:00,5119.0,5260.0,5119.0,5225.0,2600560,KBS
2020-06-08 07:00:00,5243.0,5331.0,5172.0,5190.0,5604850,KBS
2020-06-09 07:00:00,5225.0,5295.0,5172.0,5225.0,3878210,KBS
2020-06-10 07:00:00,5225.0,5313.0,5137.0,5260.0,3546900,KBS
2020-06-11 07:00:00,5278.0,5419.0,4926.0,4926.0,6437700,KBS
2020-06-12 07:00:00,4838.0,5049.0,4803.0,5014.0,3830890,KBS
2020-06-15 07:00:00,5032.0,5067.0,4785.0,4838.0,3451540,KBS
2020-06-16 07:00:00,4891.0,5084.0,4838.0,5032.0,3429930,KBS
2020-06-17 07:00:00,5032.0,5049.0,4891.0,4926.0,1783170,KBS
2020-06-18 07:00:00,4891.0,5032.0,4873.0,4961.0,1633880,KBS
2020-06-19 07:00:00,4961.0,5084.0,4961.0,5049.0,1992290,KBS
2020-06-22 07:00:00,5102.0,5401.0,5084.0,5401.0,8819740,KBS
2020-06-23 07:00:00,5524.0,5559.0,5260.0,5383.0,5608660,KBS
2020-06-24 07:00:00,5454.0,5454.0,5243.0,5278.0,3234460,KBS
2020-06-25 07:00:00,5172.0,5436.0,5172.0,5366.0,3777280,KBS
2020-06-26 07:00:00,5401.0,5436.0,5172.0,5207.0,2548920,KBS
2020-06-29 07:00:00,5172.0,5190.0,4961.0,5032.0,3694090,KBS
2020-06-30 07:00:00,5102.0,5119.0,4856.0,4926.0,3015790,KBS
2020-07-01 07:00:00,4979.0,5102.0,4926.0,5067.0,1345930,KBS
2020-07-02 07:00:00,5067.0,5084.0,4944.0,5032.0,1517700,KBS
2020-07-03 07:00:00,5032.0,5084.0,5032.0,5049.0,1331860,KBS
2020-07-06 07:00:00,5067.0,5155.0,5049.0,5119.0,1585170,KBS
2020-07-07 07:00:00,5172.0,5172.0,5049.0,5049.0,2239960,KBS
2020-07-08 07:00:00,5049.0,5155.0,5014.0,5084.0,1375260,KBS
2020-07-09 07:00:00,5137.0,5137.0,5084.0,5137.0,1487460,KBS
2020-07-10 07:00:00,5102.0,5260.0,5102.0,5155.0,2521320,KBS
2020-07-13 07:00:00,5172.0,5243.0,5137.0,5155.0,1878320,KBS
2020-07-14 07:00:00,5155.0,5260.0,5137.0,5243.0,1854230,KBS
2020-07-15 07:00:00,5278.0,5313.0,5172.0,5172.0,2195480,KBS
2020-07-16 07:00:00,5172.0,5243.0,5155.0,5190.0,1444960,KBS
2020-07-17 07:00:00,5225.0,5225.0,5137.0,5137.0,1704340,KBS
2020-07-20 07:00:00,5137.0,5172.0,5067.0,5067.0,1512120,KBS
2020-07-21 07:00:00,5155.0,5190.0,5067.0,5155.0,2366640,KBS
2020-07-22 07:00:00,5278.0,5331.0,5190.0,5260.0,3907150,KBS
2020-07-23 07:00:00,5278.0,5278.0,5155.0,5225.0,1318400,KBS
2020-07-24 07:00:00,5190.0,5207.0,4873.0,5014.0,4038360,KBS
2020-07-27 07:00:00,4873.0,4908.0,4680.0,4680.0,5665380,KBS
2020-07-28 07:00:00,4750.0,4996.0,4732.0,4961.0,2488040,KBS
2020-07-29 07:00:00,4856.0,4891.0,4662.0,4785.0,2693800,KBS
2020-07-30 07:00:00,4785.0,4908.0,4785.0,4820.0,1444480,KBS
2020-07-31 07:00:00,4750.0,4873.0,4715.0,4803.0,1439080,KBS
2020-08-03 07:00:00,4838.0,4996.0,4838.0,4979.0,2076880,KBS
2020-08-04 07:00:00,5014.0,5049.0,4961.0,5032.0,3088220,KBS
2020-08-05 07:00:00,5106.0,5161.0,5032.0,5106.0,2775350,KBS
2020-08-06 07:00:00,5087.0,5106.0,5032.0,5032.0,1511120,KBS
2020-08-07 07:00:00,5032.0,5106.0,5013.0,5013.0,1729860,KBS
2020-08-10 07:00:00,5032.0,5106.0,5032.0,5050.0,2367340,KBS
2020-08-11 07:00:00,5106.0,5235.0,5013.0,5198.0,4241480,KBS
2020-08-12 07:00:00,5216.0,5235.0,5106.0,5106.0,1904270,KBS
2020-08-13 07:00:00,5142.0,5346.0,5124.0,5309.0,5666410,KBS
2020-08-14 07:00:00,5290.0,5309.0,5161.0,5179.0,2606540,KBS
2020-08-17 07:00:00,5179.0,5216.0,5124.0,5198.0,1468440,KBS
2020-08-18 07:00:00,5216.0,5290.0,5216.0,5272.0,2330360,KBS
2020-08-19 07:00:00,5290.0,5346.0,5253.0,5309.0,3536880,KBS
2020-08-20 07:00:00,5309.0,5346.0,5253.0,5327.0,2422930,KBS
2020-08-21 07:00:00,5346.0,5697.0,5346.0,5697.0,13078230,KBS
2020-08-24 07:00:00,5845.0,5993.0,5808.0,5864.0,6231560,KBS
2020-08-25 07:00:00,5882.0,5938.0,5753.0,5771.0,4271140,KBS
2020-08-26 07:00:00,5753.0,5956.0,5734.0,5919.0,5306620,KBS
2020-08-27 07:00:00,5919.0,6067.0,5882.0,5919.0,3063130,KBS
2020-08-28 07:00:00,5956.0,5975.0,5827.0,5827.0,3981400,KBS
2020-08-31 07:00:00,5827.0,6234.0,5771.0,6104.0,5730320,KBS
2020-09-01 07:00:00,6104.0,6141.0,6067.0,6123.0,2088800,KBS
2020-09-03 07:00:00,6160.0,6160.0,5956.0,5993.0,3154350,KBS
2020-09-04 07:00:00,5882.0,5993.0,5845.0,5938.0,2903650,KBS
2020-09-07 07:00:00,5938.0,6160.0,5938.0,5938.0,3921790,KBS
2020-09-08 07:00:00,5975.0,6086.0,5919.0,6012.0,2604730,KBS
2020-09-09 07:00:00,5975.0,6271.0,5938.0,6271.0,5604600,KBS
2020-09-10 07:00:00,6326.0,6345.0,6215.0,6234.0,2423220,KBS
2020-09-11 07:00:00,6197.0,6382.0,6160.0,6234.0,2560200,KBS
2020-09-14 07:00:00,6289.0,6363.0,6234.0,6345.0,4446480,KBS
2020-09-15 07:00:00,6400.0,6456.0,6308.0,6326.0,3393940,KBS
2020-09-16 07:00:00,6289.0,6326.0,6215.0,6252.0,3399870,KBS
2020-09-17 07:00:00,6252.0,6289.0,6197.0,6234.0,2302160,KBS
2020-09-18 07:00:00,6215.0,6271.0,6215.0,6252.0,2316090,KBS
2020-09-21 07:00:00,6252.0,6271.0,6049.0,6067.0,6257410,KBS
2020-09-22 07:00:00,6012.0,6215.0,5975.0,6141.0,2652130,KBS
2020-09-23 07:00:00,6141.0,6197.0,6123.0,6160.0,2689570,KBS
2020-09-24 07:00:00,6123.0,6197.0,6104.0,6197.0,1881000,KBS
2020-09-25 07:00:00,6197.0,6215.0,6141.0,6197.0,2014630,KBS
2020-09-28 07:00:00,6234.0,6567.0,6234.0,6511.0,6452610,KBS
2020-09-29 07:00:00,6585.0,6696.0,6363.0,6382.0,4524490,KBS
2020-09-30 07:00:00,6437.0,6641.0,6345.0,6585.0,4360380,KBS
2020-10-01 07:00:00,6622.0,6641.0,6548.0,6585.0,3095040,KBS
2020-10-02 07:00:00,6585.0,6604.0,6141.0,6382.0,6038760,KBS
2020-10-05 07:00:00,6474.0,6493.0,6363.0,6400.0,2539610,KBS
2020-10-06 07:00:00,6456.0,6474.0,6326.0,6345.0,2029420,KBS
2020-10-07 07:00:00,6289.0,6419.0,6289.0,6308.0,2367880,KBS
2020-10-08 07:00:00,6345.0,6567.0,6326.0,6511.0,5228360,KBS
2020-10-09 07:00:00,6530.0,6567.0,6419.0,6437.0,2300460,KBS
2020-10-12 07:00:00,6548.0,6548.0,6363.0,6363.0,2253890,KBS
2020-10-13 07:00:00,6363.0,6382.0,6289.0,6326.0,2235410,KBS
2020-10-14 07:00:00,6326.0,6382.0,6178.0,6234.0,3203490,KBS
2020-10-15 07:00:00,6252.0,6400.0,6160.0,6326.0,2235330,KBS
2020-10-16 07:00:00,6308.0,6456.0,6234.0,6289.0,2184250,KBS
2020-10-19 07:00:00,6326.0,6345.0,6234.0,6234.0,1882060,KBS
2020-10-20 07:00:00,6234.0,6363.0,6215.0,6326.0,1573100,KBS
2020-10-21 07:00:00,6400.0,6419.0,6271.0,6271.0,2423220,KBS
2020-10-22 07:00:00,6271.0,6289.0,6215.0,6271.0,854420,KBS
2020-10-23 07:00:00,6326.0,6437.0,6308.0,6363.0,2186110,KBS
2020-10-26 07:00:00,6382.0,6400.0,6271.0,6271.0,1381570,KBS
2020-10-27 07:00:00,6252.0,6271.0,6215.0,6215.0,1617260,KBS
2020-10-28 07:00:00,6215.0,6215.0,5919.0,5919.0,3140770,KBS
2020-10-29 07:00:00,5882.0,6030.0,5845.0,5882.0,2240880,KBS
2020-10-30 07:00:00,5993.0,6030.0,5919.0,6012.0,1318960,KBS
2020-11-02 07:00:00,6104.0,6363.0,6086.0,6345.0,3124640,KBS
2020-11-03 07:00:00,6326.0,6345.0,6252.0,6289.0,1633200,KBS
2020-11-04 07:00:00,6308.0,6345.0,6215.0,6289.0,1027070,KBS
2020-11-05 07:00:00,6271.0,6493.0,6271.0,6326.0,4146270,KBS
2020-11-06 07:00:00,6345.0,6419.0,6271.0,6345.0,1756660,KBS
2020-11-09 07:00:00,6382.0,6622.0,6382.0,6567.0,5108120,KBS
2020-11-10 07:00:00,6530.0,6530.0,6382.0,6456.0,4411150,KBS
2020-11-11 07:00:00,6456.0,6511.0,6400.0,6437.0,2815470,KBS
2020-11-12 07:00:00,6437.0,6548.0,6326.0,6530.0,2939880,KBS
2020-11-13 07:00:00,6511.0,6733.0,6474.0,6585.0,5159630,KBS
2020-11-16 07:00:00,6585.0,6604.0,6437.0,6474.0,3446640,KBS
2020-11-17 07:00:00,6474.0,6530.0,6419.0,6511.0,2956680,KBS
2020-11-18 07:00:00,6493.0,6511.0,6419.0,6419.0,4251600,KBS
2020-11-19 07:00:00,6400.0,6474.0,6363.0,6400.0,2159800,KBS
2020-11-20 07:00:00,6400.0,6437.0,6345.0,6363.0,2411810,KBS
2020-11-23 07:00:00,6326.0,6419.0,6326.0,6345.0,1846000,KBS
2020-11-24 07:00:00,6363.0,6548.0,6326.0,6548.0,3886880,KBS
2020-11-25 07:00:00,6548.0,6567.0,6419.0,6437.0,1752370,KBS
2020-11-26 07:00:00,6456.0,6456.0,6363.0,6400.0,1223680,KBS
2020-11-27 07:00:00,6419.0,6437.0,6382.0,6437.0,1012000,KBS
2020-11-30 07:00:00,6437.0,6437.0,6326.0,6345.0,1624000,KBS
2020-12-01 07:00:00,6289.0,6363.0,6215.0,6345.0,2315280,KBS
2020-12-02 07:00:00,6345.0,6456.0,6308.0,6363.0,2314690,KBS
2020-12-03 07:00:00,6363.0,6400.0,6345.0,6400.0,1506670,KBS
2020-12-04 07:00:00,6400.0,6474.0,6363.0,6382.0,2333940,KBS
2020-12-07 07:00:00,6400.0,6456.0,6382.0,6419.0,1904340,KBS
2020-12-08 07:00:00,6474.0,6715.0,6456.0,6715.0,10265090,KBS
2020-12-09 07:00:00,6715.0,6733.0,6604.0,6641.0,3497880,KBS
2020-12-10 07:00:00,6659.0,6733.0,6548.0,6567.0,3549010,KBS
2020-12-11 07:00:00,6567.0,6604.0,6363.0,6604.0,3295350,KBS
2020-12-14 07:00:00,6659.0,6659.0,6567.0,6604.0,2729010,KBS
2020-12-15 07:00:00,6585.0,6844.0,6548.0,6659.0,6257370,KBS
2020-12-16 07:00:00,6733.0,6770.0,6641.0,6659.0,2820700,KBS
2020-12-17 07:00:00,6659.0,6752.0,6585.0,6585.0,3434880,KBS
2020-12-18 07:00:00,6622.0,6659.0,6548.0,6659.0,3447300,KBS
2020-12-21 07:00:00,6733.0,6844.0,6696.0,6770.0,3760880,KBS
2020-12-22 07:00:00,6807.0,7233.0,6733.0,7233.0,7849440,KBS
2020-12-23 07:00:00,7325.0,7362.0,6937.0,6937.0,3412460,KBS
2020-12-24 07:00:00,7029.0,7103.0,6511.0,6826.0,4338560,KBS
2020-12-25 07:00:00,6715.0,7029.0,6696.0,6918.0,3646600,KBS
2020-12-28 07:00:00,7029.0,7029.0,6826.0,6918.0,2473140,KBS
2020-12-29 07:00:00,6863.0,7029.0,6863.0,6918.0,3759310,KBS
2020-12-30 07:00:00,6937.0,7122.0,6900.0,6918.0,3888910,KBS
2020-12-31 07:00:00,6955.0,6974.0,6900.0,6955.0,1982190,KBS
2021-01-04 07:00:00,6992.0,7196.0,6955.0,7103.0,3489700,KBS
2021-01-05 07:00:00,7066.0,7140.0,7029.0,7048.0,2342100,KBS
2021-01-06 07:00:00,7085.0,7103.0,6955.0,6974.0,4503300,KBS
2021-01-07 07:00:00,7011.0,7085.0,6955.0,7066.0,3685800,KBS
2021-01-08 07:00:00,7140.0,7214.0,7066.0,7140.0,3434400,KBS
2021-01-11 07:00:00,7177.0,7288.0,7159.0,7214.0,3042300,KBS
2021-01-12 07:00:00,7214.0,7214.0,7122.0,7214.0,2925800,KBS
2021-01-13 07:00:00,7251.0,7362.0,7140.0,7214.0,4866900,KBS
2021-01-14 07:00:00,7251.0,7288.0,7159.0,7251.0,2210800,KBS
2021-01-15 07:00:00,7307.0,7344.0,7196.0,7270.0,3227700,KBS
2021-01-18 07:00:00,7288.0,7584.0,7251.0,7436.0,4297400,KBS
2021-01-19 07:00:00,7436.0,7436.0,6918.0,6918.0,3352000,KBS
2021-01-20 07:00:00,6955.0,6992.0,6474.0,6937.0,2156900,KBS
2021-01-21 07:00:00,7029.0,7140.0,6900.0,7122.0,1783900,KBS
2021-01-22 07:00:00,7122.0,7214.0,7048.0,7103.0,2477900,KBS
2021-01-25 07:00:00,7219.0,7257.0,7084.0,7103.0,1515800,KBS
2021-01-26 07:00:00,7103.0,7103.0,6739.0,6758.0,2063200,KBS
2021-01-27 07:00:00,6643.0,6758.0,6335.0,6374.0,2288800,KBS
2021-01-28 07:00:00,5971.0,6105.0,5932.0,5932.0,3168900,KBS
2021-01-29 07:00:00,5529.0,6182.0,5529.0,6086.0,3089600,KBS
2021-02-01 07:00:00,6067.0,6124.0,5759.0,5875.0,2078000,KBS
2021-02-02 07:00:00,5721.0,5875.0,5663.0,5798.0,3243700,KBS
2021-02-03 07:00:00,5875.0,6143.0,5875.0,6124.0,1938200,KBS
2021-02-04 07:00:00,6124.0,6239.0,6067.0,6124.0,1470100,KBS
2021-02-05 07:00:00,6182.0,6259.0,6143.0,6259.0,1462300,KBS
2021-02-08 07:00:00,6297.0,6297.0,5990.0,6105.0,1554600,KBS
2021-02-09 07:00:00,6067.0,6143.0,6047.0,6124.0,1312300,KBS
2021-02-17 07:00:00,6182.0,6316.0,6067.0,6278.0,1839600,KBS
2021-02-18 07:00:00,6297.0,6700.0,6239.0,6681.0,4090100,KBS
2021-02-19 07:00:00,6643.0,6931.0,6623.0,6700.0,2289500,KBS
2021-02-22 07:00:00,6681.0,6796.0,6604.0,6662.0,1974500,KBS
2021-02-23 07:00:00,6604.0,6662.0,6508.0,6623.0,1686700,KBS
2021-02-24 07:00:00,6681.0,6681.0,6431.0,6489.0,1993900,KBS
2021-02-25 07:00:00,6527.0,6566.0,6412.0,6489.0,1263400,KBS
2021-02-26 07:00:00,6451.0,6489.0,6335.0,6470.0,1483000,KBS
2021-03-01 07:00:00,6508.0,6777.0,6489.0,6719.0,2506700,KBS
2021-03-02 07:00:00,6892.0,7103.0,6739.0,7027.0,5360100,KBS
2021-03-03 07:00:00,7027.0,7219.0,6911.0,7084.0,3625700,KBS
2021-03-04 07:00:00,7123.0,7410.0,7123.0,7180.0,5484700,KBS
2021-03-05 07:00:00,7180.0,7449.0,6988.0,7372.0,4752300,KBS
2021-03-08 07:00:00,7430.0,7468.0,7103.0,7219.0,4179600,KBS
2021-03-09 07:00:00,7219.0,7372.0,7142.0,7295.0,2514600,KBS
2021-03-10 07:00:00,7314.0,7410.0,7314.0,7334.0,2522300,KBS
2021-03-11 07:00:00,7372.0,7410.0,7295.0,7372.0,2702800,KBS
2021-03-12 07:00:00,7410.0,7449.0,7238.0,7276.0,3318100,KBS
2021-03-15 07:00:00,7276.0,7353.0,7161.0,7219.0,2481800,KBS
2021-03-16 07:00:00,7219.0,7257.0,7161.0,7180.0,1889000,KBS
2021-03-17 07:00:00,7219.0,7564.0,7219.0,7545.0,5521200,KBS
2021-03-18 07:00:00,7641.0,7641.0,7526.0,7526.0,3096900,KBS
2021-03-19 07:00:00,7526.0,7545.0,7449.0,7526.0,2149400,KBS
2021-03-22 07:00:00,7449.0,7506.0,7372.0,7487.0,2220600,KBS
2021-03-23 07:00:00,7487.0,7583.0,7334.0,7526.0,2364500,KBS
2021-03-24 07:00:00,7487.0,7526.0,7334.0,7449.0,2869600,KBS
2021-03-25 07:00:00,7430.0,7468.0,7295.0,7430.0,1481100,KBS
2021-03-26 07:00:00,7334.0,7449.0,7180.0,7410.0,2198400,KBS
2021-03-29 07:00:00,7410.0,7506.0,7372.0,7487.0,1920000,KBS
2021-03-30 07:00:00,7487.0,7545.0,7410.0,7430.0,1251000,KBS
2021-03-31 07:00:00,7430.0,7641.0,7410.0,7622.0,2919100,KBS
2021-04-01 07:00:00,7622.0,7929.0,7622.0,7890.0,3786300,KBS
2021-04-02 07:00:00,7871.0,7871.0,7698.0,7814.0,1928100,KBS
2021-04-05 07:00:00,8006.0,8006.0,7583.0,7756.0,1966300,KBS
2021-04-06 07:00:00,7756.0,7910.0,7622.0,7833.0,2213900,KBS
2021-04-07 07:00:00,7852.0,7910.0,7833.0,7910.0,1358400,KBS
2021-04-08 07:00:00,7948.0,7948.0,7756.0,7871.0,1043600,KBS
2021-04-09 07:00:00,7833.0,7833.0,7679.0,7794.0,1225700,KBS
2021-04-12 07:00:00,7871.0,7871.0,7718.0,7833.0,1925800,KBS
2021-04-13 07:00:00,7833.0,7833.0,7602.0,7641.0,1945500,KBS
2021-04-14 07:00:00,7564.0,7660.0,7372.0,7641.0,1270700,KBS
2021-04-15 07:00:00,7718.0,7756.0,7410.0,7430.0,1741400,KBS
2021-04-16 07:00:00,7353.0,7449.0,7257.0,7295.0,1288400,KBS
2021-04-19 07:00:00,7295.0,7372.0,7142.0,7257.0,1253500,KBS
2021-04-20 07:00:00,7276.0,7449.0,7276.0,7372.0,1142900,KBS
2021-04-22 07:00:00,7372.0,7372.0,7142.0,7180.0,1781900,KBS
2021-04-23 07:00:00,7180.0,7238.0,6681.0,7238.0,1663900,KBS
2021-04-26 07:00:00,7391.0,7391.0,7027.0,7142.0,645500,KBS
2021-04-27 07:00:00,7142.0,7314.0,7065.0,7142.0,997000,KBS
2021-04-28 07:00:00,7180.0,7353.0,7103.0,7295.0,1513800,KBS
2021-04-29 07:00:00,7334.0,7391.0,7238.0,7314.0,903000,KBS
2021-05-04 07:00:00,7103.0,7219.0,7065.0,7180.0,853200,KBS
2021-05-05 07:00:00,7180.0,7295.0,7123.0,7257.0,1086800,KBS
2021-05-06 07:00:00,7295.0,7295.0,7046.0,7046.0,783800,KBS
2021-05-07 07:00:00,7027.0,7046.0,6815.0,7007.0,1907400,KBS
2021-05-10 07:00:00,6777.0,7007.0,6777.0,7007.0,1191600,KBS
2021-05-11 07:00:00,7007.0,7180.0,6931.0,7065.0,988200,KBS
2021-05-12 07:00:00,7065.0,7065.0,6911.0,7027.0,1031100,KBS
2021-05-13 07:00:00,7027.0,7123.0,6988.0,7027.0,629400,KBS
2021-05-14 07:00:00,7180.0,7487.0,7084.0,7430.0,2608100,KBS
2021-05-17 07:00:00,7468.0,7468.0,7180.0,7219.0,1055500,KBS
2021-05-18 07:00:00,7123.0,7257.0,7123.0,7123.0,469300,KBS
2021-05-19 07:00:00,7084.0,7103.0,6931.0,6988.0,1523100,KBS
2021-05-20 07:00:00,6969.0,7103.0,6969.0,6988.0,633600,KBS
2021-05-21 07:00:00,6988.0,7219.0,6969.0,7103.0,694900,KBS
2021-05-24 07:00:00,7142.0,7276.0,7084.0,7276.0,1337800,KBS
2021-05-25 07:00:00,7257.0,7468.0,7238.0,7295.0,1295300,KBS
2021-05-26 07:00:00,7295.0,7295.0,7180.0,7219.0,515900,KBS
2021-05-27 07:00:00,7219.0,7334.0,7027.0,7103.0,1201100,KBS
2021-05-28 07:00:00,7103.0,7353.0,7065.0,7295.0,1641600,KBS
2021-05-31 07:00:00,7219.0,7257.0,7103.0,7257.0,753900,KBS
2021-06-01 07:00:00,7276.0,7334.0,7219.0,7219.0,755900,KBS
2021-06-02 07:00:00,7103.0,7564.0,7103.0,7564.0,2261300,KBS
2021-06-03 07:00:00,7679.0,7718.0,7526.0,7641.0,2618700,KBS
2021-06-04 07:00:00,7660.0,7679.0,7526.0,7641.0,1837700,KBS
2021-06-07 07:00:00,7602.0,7679.0,7487.0,7545.0,1568700,KBS
2021-06-08 07:00:00,7602.0,8063.0,7602.0,7794.0,4606200,KBS
2021-06-09 07:00:00,7794.0,7871.0,7660.0,7737.0,1488300,KBS
2021-06-10 07:00:00,7833.0,8255.0,7679.0,8255.0,4181100,KBS
2021-06-11 07:00:00,8255.0,8447.0,8063.0,8140.0,2314600,KBS
2021-06-14 07:00:00,8140.0,8409.0,8121.0,8198.0,1934500,KBS
2021-06-15 07:00:00,8178.0,8351.0,8063.0,8178.0,2721400,KBS
2021-06-16 07:00:00,8102.0,8332.0,8102.0,8178.0,2113000,KBS
2021-06-17 07:00:00,8102.0,8332.0,8102.0,8313.0,2841800,KBS
2021-06-18 07:00:00,8390.0,8889.0,8370.0,8754.0,5284500,KBS
2021-06-21 07:00:00,8831.0,9100.0,8639.0,8870.0,3586300,KBS
2021-06-22 07:00:00,8870.0,8908.0,8697.0,8754.0,2192200,KBS
2021-06-23 07:00:00,8754.0,8889.0,8524.0,8620.0,2471700,KBS
2021-06-24 07:00:00,8582.0,8639.0,8428.0,8562.0,1888100,KBS
2021-06-25 07:00:00,8524.0,8774.0,8409.0,8716.0,2263600,KBS
2021-06-28 07:00:00,8831.0,8966.0,8716.0,8774.0,1965800,KBS
2021-06-29 07:00:00,8812.0,8966.0,8754.0,8793.0,2665000,KBS
2021-06-30 07:00:00,8831.0,9254.0,8793.0,9138.0,5923300,KBS
2021-07-01 07:00:00,9138.0,9426.0,9119.0,9138.0,3151100,KBS
2021-07-02 07:00:00,9158.0,9273.0,9081.0,9081.0,3567800,KBS
2021-07-05 07:00:00,9180.0,9180.0,8824.0,8883.0,2692600,KBS
2021-07-06 07:00:00,8824.0,9041.0,8270.0,8270.0,1859000,KBS
2021-07-07 07:00:00,8626.0,8626.0,7993.0,8507.0,2902100,KBS
2021-07-08 07:00:00,8428.0,8527.0,8190.0,8210.0,1211500,KBS
2021-07-09 07:00:00,8111.0,8270.0,7913.0,8072.0,1404400,KBS
2021-07-12 07:00:00,7933.0,7993.0,7518.0,7834.0,4293500,KBS
2021-07-13 07:00:00,7676.0,8131.0,7676.0,8131.0,1131800,KBS
2021-07-14 07:00:00,8111.0,8210.0,7735.0,7933.0,894700,KBS
2021-07-15 07:00:00,7874.0,8171.0,7834.0,8171.0,640100,KBS
2021-07-16 07:00:00,8171.0,8487.0,8111.0,8428.0,1614000,KBS
2021-07-19 07:00:00,8270.0,8369.0,8032.0,8230.0,1320000,KBS
2021-07-20 07:00:00,8230.0,8626.0,8230.0,8626.0,1369100,KBS
2021-07-21 07:00:00,8784.0,8784.0,8527.0,8566.0,944100,KBS
2021-07-22 07:00:00,8566.0,8843.0,8566.0,8744.0,1770300,KBS
2021-07-23 07:00:00,8744.0,8863.0,8705.0,8725.0,2175600,KBS
2021-07-26 07:00:00,8665.0,9101.0,8626.0,9081.0,2335600,KBS
2021-07-27 07:00:00,9279.0,9298.0,9061.0,9101.0,1927700,KBS
2021-07-28 07:00:00,9002.0,9259.0,9002.0,9219.0,1703600,KBS
2021-07-29 07:00:00,9279.0,9615.0,9259.0,9615.0,4743400,KBS
2021-07-30 07:00:00,9734.0,10288.0,9694.0,10109.0,8000800,KBS
2021-08-02 07:00:00,10109.0,10723.0,10109.0,10525.0,5542500,KBS
2021-08-03 07:00:00,10584.0,10822.0,10327.0,10743.0,7099400,KBS
2021-08-04 07:00:00,10604.0,10841.0,10505.0,10762.0,5152400,KBS
2021-08-05 07:00:00,10683.0,11435.0,10644.0,11395.0,4124800,KBS
2021-08-06 07:00:00,11475.0,11791.0,11296.0,11475.0,4981300,KBS
2021-08-09 07:00:00,11653.0,12266.0,11554.0,12266.0,8015400,KBS
2021-08-10 07:00:00,13018.0,13117.0,12582.0,12899.0,9790100,KBS
2021-08-11 07:00:00,13057.0,13789.0,12662.0,13789.0,7270900,KBS
2021-08-12 07:00:00,13789.0,14244.0,12859.0,12859.0,10204800,KBS
2021-08-13 07:00:00,12662.0,13750.0,12602.0,13750.0,9577200,KBS
2021-08-16 07:00:00,14244.0,14699.0,14046.0,14462.0,7220600,KBS
2021-08-17 07:00:00,14126.0,14403.0,13888.0,14244.0,6014900,KBS
2021-08-18 07:00:00,14086.0,14501.0,13651.0,13769.0,7525800,KBS
2021-08-19 07:00:00,13651.0,14126.0,13591.0,13809.0,4817700,KBS
2021-08-20 07:00:00,13849.0,14403.0,13651.0,14304.0,9542100,KBS
2021-08-23 07:00:00,14403.0,15036.0,14403.0,14719.0,6643500,KBS
2021-08-24 07:00:00,14521.0,14680.0,13849.0,14007.0,6226400,KBS
2021-08-25 07:00:00,14046.0,14046.0,13077.0,13413.0,7656900,KBS
2021-08-26 07:00:00,13492.0,14343.0,13492.0,14165.0,6734900,KBS
2021-08-27 07:00:00,13967.0,14561.0,13868.0,14561.0,5808400,KBS
2021-08-30 07:00:00,14956.0,14956.0,14363.0,14383.0,7393800,KBS
2021-08-31 07:00:00,14284.0,14759.0,14046.0,14561.0,6775800,KBS
2021-09-01 07:00:00,14442.0,15154.0,14403.0,14838.0,8548600,KBS
2021-09-06 07:00:00,14877.0,14956.0,14482.0,14482.0,6951900,KBS
2021-09-07 07:00:00,14323.0,14561.0,13868.0,13987.0,7771900,KBS
2021-09-08 07:00:00,13829.0,14205.0,13710.0,14046.0,4368000,KBS
2021-09-09 07:00:00,14205.0,14244.0,14007.0,14086.0,2716900,KBS
2021-09-10 07:00:00,14086.0,14126.0,13809.0,13849.0,6150900,KBS
2021-09-13 07:00:00,13888.0,14403.0,13868.0,14086.0,4432300,KBS
2021-09-14 07:00:00,14284.0,14561.0,14086.0,14126.0,3670500,KBS
2021-09-15 07:00:00,13967.0,14126.0,13888.0,13987.0,3195100,KBS
2021-09-16 07:00:00,13928.0,14165.0,13769.0,13829.0,3657300,KBS
2021-09-17 07:00:00,13829.0,14165.0,13453.0,14126.0,11303900,KBS
2021-09-20 07:00:00,14442.0,14620.0,14046.0,14046.0,5145100,KBS
2021-09-21 07:00:00,13809.0,14007.0,13591.0,13908.0,4537700,KBS
2021-09-22 07:00:00,14046.0,14046.0,13710.0,13789.0,2911100,KBS
2021-09-23 07:00:00,13849.0,14046.0,13769.0,13789.0,3354700,KBS
2021-09-24 07:00:00,13789.0,13888.0,13295.0,13651.0,5511500,KBS
2021-09-27 07:00:00,13651.0,13651.0,12741.0,12741.0,5305900,KBS
2021-09-28 07:00:00,12662.0,13255.0,12464.0,13117.0,3914600,KBS
2021-09-29 07:00:00,13117.0,14027.0,12780.0,14027.0,7117400,KBS
2021-09-30 07:00:00,14205.0,14778.0,13987.0,14561.0,9381100,KBS
2021-10-01 07:00:00,14561.0,15431.0,14541.0,15075.0,12260100,KBS
2021-10-04 07:00:00,15332.0,15412.0,14838.0,14838.0,8054600,KBS
2021-10-05 07:00:00,14838.0,15332.0,14600.0,15036.0,7890200,KBS
2021-10-06 07:00:00,15036.0,15233.0,14798.0,15095.0,7333900,KBS
2021-10-07 07:00:00,15115.0,15807.0,14956.0,15194.0,7376200,KBS
2021-10-08 07:00:00,15115.0,15293.0,14482.0,14798.0,9543900,KBS
2021-10-11 07:00:00,14818.0,15016.0,14581.0,14858.0,4275300,KBS
2021-10-12 07:00:00,14996.0,15332.0,14877.0,15154.0,5904400,KBS
2021-10-13 07:00:00,15115.0,16025.0,15075.0,15906.0,12850600,KBS
2021-10-14 07:00:00,16143.0,17014.0,15965.0,16618.0,10724500,KBS
2021-10-15 07:00:00,16796.0,17331.0,16440.0,16915.0,8957600,KBS
2021-10-18 07:00:00,17014.0,17192.0,16420.0,16420.0,10210500,KBS
2021-10-19 07:00:00,16420.0,17528.0,16223.0,17528.0,8902900,KBS
2021-10-20 07:00:00,17588.0,18339.0,17528.0,18082.0,7893100,KBS
2021-10-21 07:00:00,18201.0,18735.0,17746.0,18597.0,6285300,KBS
2021-10-22 07:00:00,18953.0,18953.0,18043.0,18419.0,7917600,KBS
2021-10-25 07:00:00,18201.0,18419.0,17726.0,17825.0,8791500,KBS
2021-10-26 07:00:00,17766.0,18478.0,17449.0,18478.0,5582800,KBS
2021-10-27 07:00:00,18597.0,18715.0,18181.0,18359.0,5005300,KBS
2021-10-28 07:00:00,18399.0,19527.0,18201.0,19388.0,8436800,KBS
2021-10-29 07:00:00,19348.0,19705.0,19190.0,19388.0,5079400,KBS
2021-11-01 07:00:00,19665.0,20219.0,19388.0,19705.0,4737900,KBS
2021-11-02 07:00:00,19566.0,20179.0,19269.0,19467.0,9239100,KBS
2021-11-03 07:00:00,19467.0,19527.0,18201.0,18201.0,10027400,KBS
2021-11-04 07:00:00,18379.0,18992.0,18280.0,18616.0,3952200,KBS
2021-11-05 07:00:00,18874.0,19902.0,18557.0,19902.0,8500600,KBS
2021-11-08 07:00:00,20377.0,21089.0,20140.0,20575.0,6109400,KBS
2021-11-09 07:00:00,20615.0,20733.0,20219.0,20694.0,4133300,KBS
2021-11-10 07:00:00,20773.0,21446.0,20694.0,21366.0,5575900,KBS
2021-11-11 07:00:00,21366.0,21604.0,20812.0,20892.0,5410400,KBS
2021-11-12 07:00:00,20931.0,21129.0,20575.0,20812.0,3721600,KBS
2021-11-15 07:00:00,20892.0,21366.0,20219.0,20812.0,6838100,KBS
2021-11-16 07:00:00,20971.0,21327.0,20496.0,20773.0,4700500,KBS
2021-11-17 07:00:00,20852.0,20892.0,20377.0,20377.0,4191300,KBS
2021-11-18 07:00:00,20179.0,20377.0,18953.0,19230.0,16042200,KBS
2021-11-19 07:00:00,18992.0,19744.0,17884.0,18201.0,9735100,KBS
2021-11-22 07:00:00,18438.0,18795.0,18082.0,18399.0,3914400,KBS
2021-11-23 07:00:00,18399.0,19507.0,18260.0,19507.0,4240900,KBS
2021-11-24 07:00:00,19507.0,19625.0,19012.0,19190.0,3671700,KBS
2021-11-25 07:00:00,19269.0,19705.0,19111.0,19388.0,3613900,KBS
2021-11-26 07:00:00,19705.0,20179.0,19388.0,19902.0,5857100,KBS
2021-11-29 07:00:00,19586.0,19744.0,19230.0,19348.0,2831800,KBS
2021-11-30 07:00:00,19388.0,20298.0,19388.0,19942.0,6417800,KBS
2021-12-01 07:00:00,19942.0,20892.0,19942.0,20654.0,5896500,KBS
2021-12-02 07:00:00,20694.0,21089.0,19685.0,19685.0,6238500,KBS
2021-12-03 07:00:00,19823.0,19982.0,18795.0,18913.0,6858700,KBS
2021-12-06 07:00:00,18715.0,18913.0,17607.0,17904.0,6583900,KBS
2021-12-07 07:00:00,18241.0,18715.0,17845.0,18715.0,3217500,KBS
2021-12-08 07:00:00,18913.0,19190.0,18696.0,18913.0,2391200,KBS
2021-12-09 07:00:00,18874.0,19388.0,18755.0,19388.0,2252900,KBS
2021-12-10 07:00:00,19388.0,20377.0,19348.0,19982.0,5532400,KBS
2021-12-13 07:00:00,20338.0,20338.0,19625.0,19784.0,2640500,KBS
2021-12-14 07:00:00,19705.0,20615.0,19447.0,19982.0,5880100,KBS
2021-12-15 07:00:00,20338.0,20496.0,19982.0,20179.0,4622800,KBS
2021-12-16 07:00:00,20338.0,20338.0,19566.0,19705.0,4110600,KBS
2021-12-17 07:00:00,19606.0,20140.0,19348.0,19744.0,6057700,KBS
2021-12-20 07:00:00,19863.0,20259.0,19586.0,19942.0,3200700,KBS
2021-12-21 07:00:00,20140.0,21327.0,19982.0,21327.0,12385600,KBS
2021-12-22 07:00:00,21762.0,21881.0,21248.0,21366.0,5134200,KBS
2021-12-23 07:00:00,21366.0,22435.0,21129.0,21960.0,7339000,KBS
2021-12-24 07:00:00,21960.0,22356.0,21406.0,21683.0,4394800,KBS
2021-12-27 07:00:00,21723.0,21960.0,20377.0,20812.0,6832300,KBS
2021-12-28 07:00:00,20733.0,21208.0,20615.0,20694.0,4339900,KBS
2021-12-29 07:00:00,21089.0,21327.0,19388.0,19388.0,9863700,KBS
2021-12-30 07:00:00,19665.0,20140.0,19032.0,19942.0,5228400,KBS
2021-12-31 07:00:00,20179.0,20179.0,19586.0,19784.0,2563000,KBS
2022-01-04 07:00:00,19982.0,20179.0,19546.0,20100.0,4220300,KBS
2022-01-05 07:00:00,20021.0,20417.0,19705.0,19784.0,4448000,KBS
2022-01-06 07:00:00,19586.0,20061.0,19309.0,19309.0,5541200,KBS
2022-01-07 07:00:00,19269.0,19388.0,18399.0,18537.0,10346300,KBS
2022-01-10 07:00:00,18577.0,18795.0,17271.0,17271.0,7776800,KBS
2022-01-11 07:00:00,17093.0,17924.0,16618.0,17212.0,5696000,KBS
2022-01-12 07:00:00,17212.0,17607.0,16856.0,17607.0,3015600,KBS
2022-01-13 07:00:00,17805.0,18201.0,17093.0,17093.0,2289400,KBS
2022-01-14 07:00:00,17014.0,17093.0,15906.0,15906.0,6703500,KBS
2022-01-17 07:00:00,16183.0,16420.0,15510.0,15510.0,4549700,KBS
2022-01-18 07:00:00,15392.0,16579.0,15392.0,16579.0,4211700,KBS
2022-01-19 07:00:00,16974.0,17212.0,16816.0,17014.0,2849300,KBS
2022-01-20 07:00:00,16974.0,17212.0,16658.0,17113.0,1925000,KBS
2022-01-21 07:00:00,17212.0,17212.0,16678.0,16935.0,2136300,KBS
2022-01-24 07:00:00,16618.0,16638.0,15768.0,15768.0,3196500,KBS
2022-01-25 07:00:00,15431.0,16420.0,15431.0,16381.0,1922500,KBS
2022-01-26 07:00:00,16579.0,16737.0,16045.0,16143.0,1914700,KBS
2022-01-27 07:00:00,16306.0,17076.0,16265.0,16752.0,1695300,KBS
2022-01-28 07:00:00,16711.0,16995.0,16285.0,16306.0,1491000,KBS
2022-02-07 07:00:00,16488.0,17360.0,16488.0,17300.0,2031500,KBS
2022-02-08 07:00:00,17360.0,18090.0,17036.0,17928.0,3137100,KBS
2022-02-09 07:00:00,17928.0,18192.0,17644.0,17766.0,3177000,KBS
2022-02-10 07:00:00,17786.0,18415.0,17523.0,18253.0,5243100,KBS
2022-02-11 07:00:00,18435.0,19267.0,18334.0,18841.0,6095000,KBS
2022-02-14 07:00:00,18537.0,19267.0,18456.0,18537.0,5031200,KBS
2022-02-15 07:00:00,18658.0,19226.0,18456.0,18902.0,4069400,KBS
2022-02-16 07:00:00,19145.0,19713.0,19023.0,19632.0,8143200,KBS
2022-02-17 07:00:00,19794.0,19916.0,19388.0,19470.0,4501500,KBS
2022-02-18 07:00:00,19348.0,19956.0,19267.0,19916.0,6731000,KBS
2022-02-21 07:00:00,19916.0,20159.0,19551.0,19713.0,4643600,KBS
2022-02-22 07:00:00,19328.0,19693.0,19023.0,19226.0,5677100,KBS
2022-02-23 07:00:00,19510.0,20565.0,19470.0,20565.0,10169800,KBS
2022-02-24 07:00:00,20605.0,21984.0,20220.0,21984.0,15093300,KBS
2022-02-25 07:00:00,22309.0,22877.0,21863.0,21863.0,9414700,KBS
2022-02-28 07:00:00,22187.0,23363.0,22147.0,23363.0,9675300,KBS
2022-03-01 07:00:00,24053.0,24337.0,22958.0,23039.0,10746500,KBS
2022-03-02 07:00:00,23404.0,24256.0,23120.0,24256.0,10714600,KBS
2022-03-03 07:00:00,24337.0,24864.0,23850.0,24175.0,8369800,KBS
2022-03-04 07:00:00,23931.0,24621.0,23688.0,24459.0,7395400,KBS
2022-03-07 07:00:00,25513.0,26162.0,24905.0,26162.0,6731700,KBS
2022-03-08 07:00:00,26203.0,26973.0,24743.0,25148.0,11062100,KBS
2022-03-09 07:00:00,25878.0,26892.0,24824.0,26487.0,10118200,KBS
2022-03-10 07:00:00,25878.0,26730.0,25432.0,25919.0,6601400,KBS
2022-03-11 07:00:00,26568.0,27582.0,26162.0,26933.0,8553200,KBS
2022-03-14 07:00:00,26973.0,27420.0,25067.0,25067.0,10672000,KBS
2022-03-15 07:00:00,24743.0,25351.0,24134.0,25270.0,7936600,KBS
2022-03-16 07:00:00,25594.0,26162.0,25351.0,25594.0,3156800,KBS
2022-03-17 07:00:00,25959.0,25959.0,23810.0,24540.0,13573300,KBS
2022-03-18 07:00:00,24743.0,25675.0,24337.0,25351.0,6687600,KBS
2022-03-21 07:00:00,25392.0,25635.0,25027.0,25310.0,3803600,KBS
2022-03-22 07:00:00,25351.0,26771.0,25229.0,26771.0,8379700,KBS
2022-03-23 07:00:00,27176.0,28190.0,27014.0,27988.0,7553700,KBS
2022-03-24 07:00:00,28596.0,28758.0,27379.0,28150.0,4910600,KBS
2022-03-25 07:00:00,28109.0,29975.0,27582.0,29488.0,7016700,KBS
2022-03-28 07:00:00,29123.0,30097.0,29123.0,29975.0,5319000,KBS
2022-03-29 07:00:00,29934.0,30340.0,29245.0,29732.0,4702000,KBS
2022-03-30 07:00:00,29407.0,29529.0,27663.0,27663.0,15002200,KBS
2022-03-31 07:00:00,28069.0,28393.0,26973.0,27136.0,5127900,KBS
2022-04-01 07:00:00,27176.0,28718.0,27136.0,27988.0,4700200,KBS
2022-04-04 07:00:00,27947.0,27947.0,26041.0,26041.0,11969200,KBS
2022-04-05 07:00:00,25959.0,26649.0,25594.0,26446.0,5170700,KBS
2022-04-06 07:00:00,26000.0,26365.0,24945.0,25189.0,5947300,KBS
2022-04-07 07:00:00,25351.0,26243.0,24459.0,26243.0,5884900,KBS
2022-04-08 07:00:00,26284.0,26608.0,25554.0,25878.0,3528600,KBS
2022-04-12 07:00:00,26122.0,26811.0,25878.0,26446.0,4903100,KBS
2022-04-13 07:00:00,26365.0,27582.0,25757.0,27582.0,5556100,KBS
2022-04-14 07:00:00,27988.0,29488.0,27785.0,29285.0,9816700,KBS
2022-04-15 07:00:00,29285.0,29732.0,28028.0,28677.0,6357800,KBS
2022-04-18 07:00:00,28393.0,29529.0,28190.0,29204.0,6491400,KBS
2022-04-19 07:00:00,29407.0,31232.0,28961.0,30462.0,9418800,KBS
2022-04-20 07:00:00,30300.0,30989.0,28393.0,28393.0,5910100,KBS
2022-04-21 07:00:00,29245.0,29894.0,28474.0,29042.0,8267100,KBS
2022-04-22 07:00:00,29407.0,29407.0,27014.0,27014.0,12352700,KBS
2022-04-25 07:00:00,26162.0,26811.0,25148.0,25148.0,5932800,KBS
2022-04-26 07:00:00,23445.0,26730.0,23404.0,26730.0,7237300,KBS
2022-04-27 07:00:00,25757.0,26324.0,24905.0,26162.0,5159000,KBS
2022-04-28 07:00:00,26365.0,27541.0,25959.0,26933.0,4237100,KBS
2022-04-29 07:00:00,26487.0,28190.0,26446.0,27339.0,4929900,KBS
2022-05-04 07:00:00,26933.0,26973.0,25432.0,25432.0,6464400,KBS
2022-05-05 07:00:00,25757.0,26568.0,25189.0,25594.0,4961800,KBS
2022-05-06 07:00:00,25108.0,26365.0,24864.0,25838.0,4265200,KBS
2022-05-09 07:00:00,25351.0,25554.0,24053.0,24053.0,4769400,KBS
2022-05-10 07:00:00,22431.0,23404.0,22390.0,22390.0,9501200,KBS
2022-05-11 07:00:00,22714.0,23607.0,22552.0,23201.0,3496300,KBS
2022-05-12 07:00:00,23120.0,23404.0,21579.0,21579.0,3427600,KBS
2022-05-13 07:00:00,20402.0,21254.0,20078.0,20078.0,3607300,KBS
2022-05-16 07:00:00,20686.0,21051.0,18679.0,18679.0,6444400,KBS
2022-05-17 07:00:00,17401.0,19977.0,17381.0,19977.0,5944000,KBS
2022-05-18 07:00:00,20565.0,21335.0,20281.0,21254.0,4471800,KBS
2022-05-19 07:00:00,20321.0,22471.0,20281.0,21700.0,6276600,KBS
2022-05-20 07:00:00,21457.0,22998.0,21254.0,22512.0,5810800,KBS
2022-05-23 07:00:00,22674.0,22958.0,21660.0,22309.0,4430900,KBS
2022-05-24 07:00:00,22106.0,22796.0,21700.0,22309.0,4745200,KBS
2022-05-25 07:00:00,22309.0,23850.0,21822.0,23850.0,5246100,KBS
2022-05-26 07:00:00,23931.0,24296.0,22552.0,22917.0,4441100,KBS
2022-05-27 07:00:00,23039.0,23526.0,22390.0,23039.0,4613700,KBS
2022-05-30 07:00:00,23201.0,23323.0,22796.0,22917.0,2140500,KBS
2022-05-31 07:00:00,22755.0,24499.0,22714.0,24175.0,8187000,KBS
2022-06-01 07:00:00,24175.0,25757.0,23891.0,25108.0,5691800,KBS
2022-06-02 07:00:00,25554.0,25594.0,24540.0,24945.0,4070600,KBS
2022-06-03 07:00:00,25351.0,26324.0,25027.0,25919.0,5944800,KBS
2022-06-06 07:00:00,25959.0,27704.0,25189.0,27379.0,7920200,KBS
2022-06-07 07:00:00,27176.0,27785.0,25513.0,27379.0,7217000,KBS
2022-06-08 07:00:00,27379.0,28190.0,26527.0,27095.0,6082600,KBS
2022-06-09 07:00:00,27095.0,27582.0,26649.0,27136.0,3534300,KBS
2022-06-10 07:00:00,26811.0,27501.0,25270.0,25270.0,5975200,KBS
2022-06-13 07:00:00,23607.0,24540.0,23526.0,23526.0,6195100,KBS
2022-06-14 07:00:00,22106.0,25027.0,22106.0,24499.0,5919400,KBS
2022-06-15 07:00:00,24702.0,25473.0,22958.0,24945.0,4564900,KBS
2022-06-16 07:00:00,25108.0,26365.0,24824.0,25513.0,3941800,KBS
2022-06-17 07:00:00,24621.0,25797.0,24378.0,25554.0,5065400,KBS
2022-06-20 07:00:00,25392.0,25959.0,23769.0,24175.0,6851300,KBS
2022-06-21 07:00:00,23769.0,24094.0,22512.0,22512.0,4318800,KBS
2022-06-22 07:00:00,22512.0,22674.0,20970.0,20970.0,3967900,KBS
2022-06-23 07:00:00,19814.0,21498.0,19814.0,21498.0,3756000,KBS
2022-06-24 07:00:00,21903.0,22187.0,21295.0,21417.0,1542600,KBS
2022-06-27 07:00:00,21782.0,21944.0,19936.0,19936.0,4299900,KBS
2022-06-28 07:00:00,19551.0,20646.0,18861.0,19835.0,5629500,KBS
2022-06-29 07:00:00,20200.0,20686.0,19064.0,20281.0,3255800,KBS
2022-06-30 07:00:00,20524.0,21011.0,20402.0,20686.0,2908900,KBS
2022-07-01 07:00:00,20200.0,20686.0,19429.0,20058.0,2277000,KBS
2022-07-04 07:00:00,20281.0,20565.0,19875.0,20200.0,1946500,KBS
2022-07-05 07:00:00,20159.0,20200.0,18800.0,18800.0,4493000,KBS
2022-07-06 07:00:00,18253.0,18699.0,17523.0,17523.0,3439200,KBS
2022-07-07 07:00:00,17624.0,18212.0,17300.0,17847.0,2472500,KBS
2022-07-08 07:00:00,18456.0,18902.0,18456.0,18821.0,3270600,KBS
2022-07-11 07:00:00,18861.0,19206.0,18719.0,18800.0,3002100,KBS
2022-07-12 07:00:00,18800.0,19267.0,18719.0,19267.0,1989800,KBS
2022-07-13 07:00:00,19307.0,19530.0,19145.0,19246.0,2540300,KBS
2022-07-14 07:00:00,19145.0,20524.0,19064.0,20484.0,3278500,KBS
2022-07-15 07:00:00,20768.0,20808.0,20159.0,20443.0,2921400,KBS
2022-07-18 07:00:00,20808.0,20808.0,20443.0,20605.0,3877600,KBS
2022-07-19 07:00:00,20605.0,20849.0,20240.0,20565.0,4850800,KBS
2022-07-20 07:00:00,20873.0,21357.0,20653.0,21357.0,2350700,KBS
2022-07-21 07:00:00,21137.0,21798.0,20961.0,21137.0,2665200,KBS
2022-07-22 07:00:00,21225.0,21489.0,20256.0,20256.0,2875000,KBS
2022-07-25 07:00:00,19288.0,20036.0,19288.0,19376.0,2681600,KBS
2022-07-26 07:00:00,19640.0,20256.0,19398.0,19838.0,1691200,KBS
2022-07-27 07:00:00,19838.0,20433.0,19838.0,20433.0,1106400,KBS
2022-07-28 07:00:00,20697.0,20785.0,20477.0,20675.0,2883800,KBS
2022-07-29 07:00:00,20697.0,20807.0,19618.0,19640.0,5197900,KBS
2022-08-01 07:00:00,20124.0,20124.0,19750.0,20014.0,1905100,KBS
2022-08-02 07:00:00,20234.0,20653.0,20014.0,20477.0,1840500,KBS
2022-08-03 07:00:00,20190.0,21357.0,20102.0,21291.0,4525000,KBS
2022-08-04 07:00:00,21357.0,21511.0,20873.0,20917.0,2255000,KBS
2022-08-05 07:00:00,20807.0,21005.0,20521.0,20917.0,2124900,KBS
2022-08-08 07:00:00,20961.0,21489.0,20895.0,21401.0,3355000,KBS
2022-08-09 07:00:00,21666.0,21798.0,21313.0,21445.0,2476800,KBS
2022-08-10 07:00:00,21401.0,21401.0,20917.0,20917.0,2307200,KBS
2022-08-11 07:00:00,21137.0,21225.0,20521.0,20521.0,2406500,KBS
2022-08-12 07:00:00,20697.0,20851.0,20433.0,20653.0,1380800,KBS
2022-08-15 07:00:00,20785.0,21357.0,20785.0,21093.0,1784600,KBS
2022-08-16 07:00:00,21093.0,21335.0,20917.0,21049.0,2250000,KBS
2022-08-17 07:00:00,21225.0,21225.0,20697.0,20785.0,2163900,KBS
2022-08-18 07:00:00,20719.0,21115.0,20719.0,20873.0,1805200,KBS
2022-08-19 07:00:00,20939.0,21093.0,20565.0,20653.0,1537500,KBS
2022-08-22 07:00:00,20609.0,20741.0,20080.0,20168.0,2117100,KBS
2022-08-23 07:00:00,19992.0,20433.0,19904.0,20367.0,2403900,KBS
2022-08-24 07:00:00,20763.0,21357.0,20477.0,21049.0,3754700,KBS
2022-08-25 07:00:00,21313.0,22502.0,21181.0,22502.0,5963300,KBS
2022-08-26 07:00:00,22899.0,23339.0,22502.0,22678.0,4631100,KBS
2022-08-29 07:00:00,22899.0,24220.0,22722.0,24220.0,7768000,KBS
2022-08-30 07:00:00,24880.0,24880.0,23955.0,24088.0,4078600,KBS
2022-08-31 07:00:00,24088.0,24440.0,23823.0,24000.0,3989600,KBS
2022-09-05 07:00:00,24176.0,24924.0,24000.0,24220.0,4240100,KBS
2022-09-06 07:00:00,24308.0,24660.0,23339.0,23339.0,5485200,KBS
2022-09-07 07:00:00,22899.0,23647.0,22238.0,22546.0,5621900,KBS
2022-09-08 07:00:00,22899.0,23427.0,22194.0,22899.0,4184100,KBS
2022-09-09 07:00:00,23163.0,23647.0,22502.0,23647.0,3327800,KBS
2022-09-12 07:00:00,23867.0,24220.0,23031.0,23119.0,3736400,KBS
2022-09-13 07:00:00,23383.0,23515.0,22767.0,23163.0,3545300,KBS
2022-09-14 07:00:00,22811.0,23075.0,22634.0,22811.0,3225400,KBS
2022-09-15 07:00:00,23163.0,23823.0,23075.0,23207.0,2750300,KBS
2022-09-16 07:00:00,23163.0,23295.0,22590.0,22943.0,2562100,KBS
2022-09-19 07:00:00,22899.0,22899.0,21357.0,21357.0,5283800,KBS
2022-09-20 07:00:00,21798.0,22150.0,20895.0,22106.0,3015900,KBS
2022-09-21 07:00:00,21798.0,22106.0,21622.0,21732.0,1618700,KBS
2022-09-22 07:00:00,21578.0,22282.0,21467.0,22106.0,2851300,KBS
2022-09-23 07:00:00,22150.0,22590.0,21798.0,21798.0,2631500,KBS
2022-09-26 07:00:00,21159.0,21534.0,20278.0,20477.0,4144600,KBS
2022-09-27 07:00:00,20895.0,21071.0,20499.0,20653.0,2417100,KBS
2022-09-28 07:00:00,20697.0,21071.0,20499.0,20829.0,2106800,KBS
2022-09-29 07:00:00,21071.0,21313.0,19508.0,19838.0,2644000,KBS
2022-09-30 07:00:00,19838.0,21093.0,19156.0,20631.0,4030800,KBS
2022-10-03 07:00:00,20565.0,20609.0,19200.0,19200.0,3473200,KBS
2022-10-04 07:00:00,19574.0,19574.0,17879.0,18275.0,3654900,KBS
2022-10-05 07:00:00,18451.0,19486.0,18275.0,19090.0,3465500,KBS
2022-10-06 07:00:00,19574.0,19574.0,18715.0,18803.0,3340100,KBS
2022-10-07 07:00:00,18935.0,18935.0,17504.0,18055.0,5491700,KBS
2022-10-10 07:00:00,17923.0,19310.0,17923.0,19310.0,2303200,KBS
2022-10-11 07:00:00,19376.0,20080.0,19112.0,19156.0,4369700,KBS
2022-10-12 07:00:00,19288.0,20477.0,19288.0,20477.0,3419600,KBS
2022-10-13 07:00:00,20587.0,20697.0,20190.0,20521.0,2933900,KBS
2022-10-14 07:00:00,21093.0,21247.0,20785.0,20917.0,2930400,KBS
2022-10-17 07:00:00,20763.0,21578.0,20477.0,21578.0,3284000,KBS
2022-10-18 07:00:00,21930.0,21930.0,21005.0,21203.0,3089800,KBS
2022-10-19 07:00:00,21137.0,21445.0,20895.0,21137.0,1888400,KBS
2022-10-20 07:00:00,21181.0,21291.0,20301.0,20697.0,2284700,KBS
2022-10-21 07:00:00,20697.0,20807.0,19266.0,19332.0,3393900,KBS
2022-10-24 07:00:00,19464.0,19926.0,18495.0,18495.0,2354500,KBS
2022-10-25 07:00:00,18759.0,19772.0,18275.0,19772.0,3341300,KBS
2022-10-26 07:00:00,20036.0,20036.0,19200.0,19596.0,1225600,KBS
2022-10-27 07:00:00,19596.0,20256.0,19288.0,20256.0,3588400,KBS
2022-10-28 07:00:00,20565.0,20565.0,19596.0,19596.0,2606200,KBS
2022-10-31 07:00:00,19596.0,19728.0,18737.0,19068.0,2854600,KBS
2022-11-01 07:00:00,19376.0,19750.0,19222.0,19222.0,1665000,KBS
2022-11-02 07:00:00,19376.0,19376.0,17923.0,18165.0,4504300,KBS
2022-11-03 07:00:00,18055.0,18737.0,18055.0,18495.0,1772400,KBS
2022-11-04 07:00:00,18407.0,18715.0,17812.0,18011.0,1774600,KBS
2022-11-07 07:00:00,18099.0,18429.0,17923.0,18011.0,1925200,KBS
2022-11-08 07:00:00,18187.0,18451.0,17901.0,18341.0,1293300,KBS
2022-11-09 07:00:00,18715.0,18935.0,18451.0,18495.0,2386700,KBS
2022-11-10 07:00:00,18495.0,18495.0,17218.0,17218.0,3946100,KBS
2022-11-11 07:00:00,17834.0,17923.0,17438.0,17526.0,2263300,KBS
2022-11-14 07:00:00,16734.0,17174.0,16315.0,16337.0,3660600,KBS
2022-11-15 07:00:00,15457.0,15501.0,15214.0,15214.0,1025700,KBS
2022-11-16 07:00:00,14158.0,16271.0,14158.0,16271.0,4993100,KBS
2022-11-17 07:00:00,16690.0,17262.0,16447.0,16601.0,1390300,KBS
2022-11-18 07:00:00,16624.0,16646.0,15457.0,16293.0,2901700,KBS
2022-11-21 07:00:00,16337.0,16535.0,15633.0,15853.0,1670700,KBS
2022-11-22 07:00:00,15677.0,16425.0,15457.0,15853.0,2292200,KBS
2022-11-23 07:00:00,15853.0,16227.0,15589.0,15963.0,1259800,KBS
2022-11-24 07:00:00,15853.0,16095.0,15677.0,16073.0,1180900,KBS
2022-11-25 07:00:00,16293.0,16557.0,16139.0,16557.0,1454900,KBS
2022-11-28 07:00:00,16910.0,17438.0,16690.0,17196.0,2434300,KBS
2022-11-29 07:00:00,17394.0,17967.0,17020.0,17834.0,2441500,KBS
2022-11-30 07:00:00,18187.0,18187.0,17614.0,18011.0,1836500,KBS
2022-12-01 07:00:00,18143.0,18209.0,17152.0,17306.0,3348800,KBS
2022-12-02 07:00:00,17174.0,18363.0,16778.0,18187.0,3175800,KBS
2022-12-05 07:00:00,18275.0,18935.0,17857.0,18077.0,2183500,KBS
2022-12-06 07:00:00,17923.0,19332.0,17504.0,18627.0,4228500,KBS
2022-12-07 07:00:00,18627.0,19156.0,18319.0,18715.0,1879500,KBS
2022-12-08 07:00:00,19596.0,19596.0,18627.0,18957.0,2703000,KBS
2022-12-09 07:00:00,19134.0,19310.0,18715.0,18913.0,1014700,KBS
2022-12-12 07:00:00,18913.0,19354.0,18715.0,18935.0,1724200,KBS
2022-12-13 07:00:00,18935.0,19376.0,18627.0,19156.0,1106500,KBS
2022-12-14 07:00:00,19376.0,19948.0,19178.0,19376.0,2048200,KBS
2022-12-15 07:00:00,19376.0,19574.0,19023.0,19376.0,976900,KBS
2022-12-16 07:00:00,18847.0,19354.0,18847.0,19068.0,1773100,KBS
2022-12-19 07:00:00,19112.0,19376.0,18957.0,19068.0,1078000,KBS
2022-12-20 07:00:00,19068.0,19596.0,18297.0,19596.0,3168100,KBS
2022-12-21 07:00:00,19596.0,19596.0,18847.0,19332.0,893300,KBS
2022-12-22 07:00:00,19420.0,19420.0,18737.0,19244.0,765400,KBS
2022-12-23 07:00:00,18935.0,19244.0,18803.0,19023.0,724100,KBS
2022-12-26 07:00:00,18803.0,19001.0,18077.0,18429.0,1261900,KBS
2022-12-27 07:00:00,18429.0,18935.0,18231.0,18935.0,1210300,KBS
2022-12-28 07:00:00,19288.0,19288.0,18737.0,19045.0,1167600,KBS
2022-12-29 07:00:00,18957.0,19023.0,18759.0,18935.0,775900,KBS
2022-12-30 07:00:00,18935.0,18935.0,18715.0,18913.0,1030000,KBS
2023-01-03 07:00:00,18935.0,19376.0,18715.0,19178.0,1990000,KBS
2023-01-04 07:00:00,19178.0,20102.0,19178.0,19816.0,4066300,KBS
2023-01-05 07:00:00,20036.0,20080.0,19508.0,19640.0,1552300,KBS
2023-01-06 07:00:00,19772.0,19772.0,18671.0,18671.0,3220200,KBS
2023-01-09 07:00:00,18759.0,18891.0,18473.0,18539.0,1512400,KBS
2023-01-10 07:00:00,18583.0,18583.0,18253.0,18539.0,1278300,KBS
2023-01-11 07:00:00,18693.0,18693.0,18341.0,18341.0,1253700,KBS
2023-01-12 07:00:00,18495.0,18495.0,17879.0,17989.0,1561000,KBS
2023-01-13 07:00:00,18055.0,18319.0,18011.0,18099.0,749600,KBS
2023-01-16 07:00:00,18099.0,18451.0,18055.0,18055.0,1083000,KBS
2023-01-17 07:00:00,18231.0,18495.0,18099.0,18495.0,1214600,KBS
2023-01-18 07:00:00,18517.0,18693.0,18451.0,18583.0,1167800,KBS
2023-01-19 07:00:00,18583.0,18715.0,18473.0,18605.0,1020800,KBS
2023-01-27 07:00:00,18891.0,18913.0,18627.0,18627.0,1160900,KBS
2023-01-30 07:00:00,18759.0,19156.0,18517.0,19045.0,1817500,KBS
2023-01-31 07:00:00,19112.0,19596.0,19045.0,19244.0,2508300,KBS
2023-02-01 07:00:00,19530.0,19530.0,18341.0,18561.0,3267500,KBS
2023-02-02 07:00:00,18627.0,18869.0,18561.0,18759.0,1502900,KBS
2023-02-03 07:00:00,18759.0,19045.0,18759.0,18847.0,1472500,KBS
2023-02-06 07:00:00,19023.0,19200.0,18891.0,18979.0,3071500,KBS
2023-02-07 07:00:00,19068.0,19134.0,18649.0,18781.0,1187000,KBS
2023-02-08 07:00:00,18869.0,19023.0,18473.0,19023.0,2954700,KBS
2023-02-09 07:00:00,19045.0,19178.0,18759.0,18759.0,1137800,KBS
2023-02-10 07:00:00,18847.0,18847.0,18451.0,18451.0,1323900,KBS
2023-02-13 07:00:00,18737.0,19090.0,18473.0,18737.0,2854700,KBS
2023-02-14 07:00:00,18891.0,18935.0,18715.0,18759.0,1169600,KBS
2023-02-15 07:00:00,18803.0,19023.0,18803.0,19001.0,2309800,KBS
2023-02-16 07:00:00,19050.0,19293.0,18880.0,18929.0,1777800,KBS
2023-02-17 07:00:00,18953.0,18977.0,18443.0,18468.0,1635600,KBS
2023-02-20 07:00:00,18273.0,18637.0,18201.0,18637.0,2744200,KBS
2023-02-21 07:00:00,18783.0,18832.0,18201.0,18201.0,2920800,KBS
2023-02-22 07:00:00,17958.0,18055.0,17521.0,17521.0,2824800,KBS
2023-02-23 07:00:00,17521.0,17715.0,16745.0,16987.0,2520600,KBS
2023-02-24 07:00:00,17206.0,17521.0,17012.0,17376.0,1908000,KBS
2023-02-27 07:00:00,16987.0,17376.0,16914.0,16914.0,925000,KBS
2023-02-28 07:00:00,17206.0,17206.0,16381.0,16987.0,1857100,KBS
2023-03-01 07:00:00,16745.0,16939.0,16575.0,16914.0,1069200,KBS
2023-03-02 07:00:00,16963.0,17109.0,16890.0,16914.0,942000,KBS
2023-03-03 07:00:00,17060.0,17060.0,16599.0,16842.0,1118600,KBS
2023-03-06 07:00:00,16987.0,16987.0,16575.0,16648.0,1115600,KBS
2023-03-07 07:00:00,16745.0,16793.0,16356.0,16502.0,1172700,KBS
2023-03-08 07:00:00,16405.0,16502.0,16259.0,16502.0,837900,KBS
2023-03-09 07:00:00,16502.0,16599.0,16429.0,16575.0,1185000,KBS
2023-03-10 07:00:00,16502.0,17012.0,16502.0,16745.0,1401300,KBS
2023-03-13 07:00:00,16623.0,16817.0,16526.0,16575.0,913900,KBS
2023-03-14 07:00:00,16623.0,16672.0,16017.0,16114.0,1458700,KBS
2023-03-15 07:00:00,16453.0,16453.0,16162.0,16405.0,1033200,KBS
2023-03-16 07:00:00,16381.0,16381.0,16017.0,16065.0,979900,KBS
2023-03-17 07:00:00,16162.0,16453.0,16089.0,16453.0,1982300,KBS
2023-03-20 07:00:00,16332.0,16381.0,16041.0,16259.0,853300,KBS
2023-03-21 07:00:00,16381.0,16405.0,16114.0,16308.0,1019400,KBS
2023-03-22 07:00:00,16405.0,16502.0,16332.0,16332.0,1602300,KBS
2023-03-23 07:00:00,16308.0,16478.0,16211.0,16478.0,1170600,KBS
2023-03-24 07:00:00,16550.0,16550.0,16356.0,16356.0,810600,KBS
2023-03-27 07:00:00,16356.0,16478.0,16332.0,16405.0,1023800,KBS
2023-03-28 07:00:00,16429.0,16502.0,16259.0,16308.0,1239600,KBS
2023-03-29 07:00:00,16356.0,16405.0,16235.0,16332.0,791000,KBS
2023-03-30 07:00:00,16405.0,16502.0,16308.0,16332.0,886400,KBS
2023-03-31 07:00:00,16332.0,16405.0,16089.0,16162.0,1228700,KBS
2023-04-03 07:00:00,16259.0,16648.0,16259.0,16623.0,2313100,KBS
2023-04-04 07:00:00,16648.0,17133.0,16550.0,16866.0,2700500,KBS
2023-04-05 07:00:00,16842.0,17133.0,16769.0,17036.0,1957000,KBS
2023-04-06 07:00:00,17036.0,18225.0,17036.0,17958.0,6151100,KBS
2023-04-07 07:00:00,17521.0,17909.0,17230.0,17424.0,2916200,KBS
2023-04-10 07:00:00,17473.0,17570.0,16502.0,16817.0,3713500,KBS
2023-04-11 07:00:00,16987.0,16987.0,16599.0,16842.0,1761500,KBS
2023-04-12 07:00:00,16939.0,17206.0,16817.0,16866.0,1852100,KBS
2023-04-13 07:00:00,16987.0,17157.0,16890.0,17060.0,2416500,KBS
2023-04-14 07:00:00,17133.0,17376.0,16648.0,16648.0,2142200,KBS
2023-04-17 07:00:00,16502.0,16745.0,16502.0,16599.0,1157500,KBS
2023-04-18 07:00:00,16599.0,16696.0,16502.0,16648.0,935500,KBS
2023-04-19 07:00:00,16648.0,16745.0,16502.0,16648.0,1159500,KBS
2023-04-20 07:00:00,16648.0,16745.0,16550.0,16550.0,806300,KBS
2023-04-21 07:00:00,16599.0,16648.0,16308.0,16356.0,1815600,KBS
2023-04-24 07:00:00,16453.0,16453.0,16089.0,16089.0,1268000,KBS
2023-04-25 07:00:00,16089.0,16259.0,16017.0,16065.0,1292500,KBS
2023-04-26 07:00:00,16017.0,16065.0,15604.0,15774.0,1779300,KBS
2023-04-27 07:00:00,15992.0,16550.0,15822.0,16332.0,1375300,KBS
2023-04-28 07:00:00,16332.0,16453.0,16308.0,16308.0,1187000,KBS
2023-05-04 07:00:00,16259.0,16332.0,15919.0,15919.0,1489600,KBS
2023-05-05 07:00:00,15822.0,16017.0,15822.0,15871.0,733900,KBS
2023-05-08 07:00:00,15895.0,16235.0,15822.0,15992.0,1490400,KBS
2023-05-09 07:00:00,16162.0,16162.0,15992.0,16017.0,667900,KBS
2023-05-10 07:00:00,16162.0,16162.0,15968.0,15992.0,1394200,KBS
2023-05-11 07:00:00,16017.0,16429.0,16017.0,16211.0,2278900,KBS
2023-05-12 07:00:00,16332.0,16332.0,16065.0,16162.0,1509200,KBS
2023-05-15 07:00:00,16259.0,16308.0,16017.0,16065.0,1240400,KBS
2023-05-16 07:00:00,16089.0,16114.0,15798.0,15871.0,2603800,KBS
2023-05-17 07:00:00,15871.0,16089.0,15822.0,16017.0,1748500,KBS
2023-05-18 07:00:00,16041.0,16065.0,15871.0,15919.0,799600,KBS
2023-05-19 07:00:00,15871.0,15944.0,15604.0,15604.0,2566300,KBS
2023-05-22 07:00:00,15434.0,15483.0,15094.0,15191.0,4563600,KBS
2023-05-23 07:00:00,15410.0,15701.0,15337.0,15458.0,2601000,KBS
2023-05-24 07:00:00,15580.0,15580.0,15191.0,15191.0,2034700,KBS
2023-05-25 07:00:00,15191.0,15264.0,15070.0,15143.0,1787500,KBS
2023-05-26 07:00:00,15191.0,15458.0,15191.0,15289.0,1122500,KBS
2023-05-29 07:00:00,15313.0,15434.0,15216.0,15216.0,2424500,KBS
2023-05-30 07:00:00,15216.0,15580.0,15216.0,15531.0,2617600,KBS
2023-05-31 07:00:00,15580.0,15628.0,15434.0,15483.0,1837700,KBS
2023-06-01 07:00:00,15458.0,15531.0,15289.0,15337.0,1933600,KBS
2023-06-02 07:00:00,15434.0,15701.0,15337.0,15653.0,4359500,KBS
2023-06-05 07:00:00,15871.0,16211.0,15798.0,16065.0,3293800,KBS
2023-06-06 07:00:00,16089.0,16259.0,15871.0,15919.0,2527000,KBS
2023-06-07 07:00:00,16065.0,16259.0,15968.0,16114.0,3420000,KBS
2023-06-08 07:00:00,16356.0,16429.0,15968.0,15968.0,3550700,KBS
2023-06-09 07:00:00,15871.0,16186.0,15871.0,16162.0,2694200,KBS
2023-06-12 07:00:00,16381.0,16405.0,16041.0,16211.0,2402300,KBS
2023-06-13 07:00:00,16332.0,16381.0,16065.0,16162.0,2403400,KBS
2023-06-14 07:00:00,16308.0,16308.0,16017.0,16017.0,2045100,KBS
2023-06-15 07:00:00,16017.0,16114.0,15798.0,15822.0,2917600,KBS
2023-06-16 07:00:00,15944.0,16114.0,15798.0,15822.0,3072300,KBS
2023-06-19 07:00:00,15822.0,16041.0,15822.0,15871.0,1627800,KBS
2023-06-20 07:00:00,15871.0,15992.0,15871.0,15992.0,901300,KBS
2023-06-21 07:00:00,16017.0,16235.0,15968.0,16114.0,1950500,KBS
2023-06-22 07:00:00,16259.0,16672.0,16114.0,16672.0,5591500,KBS
2023-06-23 07:00:00,16696.0,16720.0,16429.0,16672.0,3081200,KBS
2023-06-26 07:00:00,16745.0,17157.0,16672.0,17036.0,5796800,KBS
2023-06-27 07:00:00,17133.0,17181.0,16914.0,17036.0,2911400,KBS
2023-06-28 07:00:00,17181.0,17473.0,16987.0,17278.0,3618500,KBS
2023-06-29 07:00:00,17376.0,17376.0,16914.0,16914.0,3815500,KBS
2023-06-30 07:00:00,16890.0,17036.0,16817.0,16866.0,1941300,KBS
2023-07-03 07:00:00,17473.0,17667.0,17254.0,17303.0,3607700,KBS
2023-07-04 07:00:00,17303.0,17351.0,17084.0,17157.0,2705700,KBS
2023-07-05 07:00:00,17230.0,17497.0,17230.0,17278.0,2758000,KBS
2023-07-06 07:00:00,17327.0,17376.0,16914.0,17012.0,3046300,KBS
2023-07-07 07:00:00,16987.0,17327.0,16939.0,17230.0,2256000,KBS
2023-07-10 07:00:00,17400.0,17861.0,17327.0,17667.0,5528300,KBS
2023-07-11 07:00:00,17861.0,18006.0,17667.0,17715.0,2814800,KBS
2023-07-12 07:00:00,17885.0,18104.0,17642.0,17934.0,4663200,KBS
2023-07-13 07:00:00,18031.0,18273.0,17958.0,18006.0,2533300,KBS
2023-07-14 07:00:00,18006.0,18104.0,17667.0,17909.0,3576900,KBS
2023-07-17 07:00:00,17909.0,17982.0,17715.0,17788.0,2594600,KBS
2023-07-18 07:00:00,17958.0,18128.0,17812.0,17982.0,2981800,KBS
2023-07-19 07:00:00,18201.0,18201.0,17812.0,17812.0,2568900,KBS
2023-07-20 07:00:00,17837.0,17909.0,17788.0,17812.0,2218200,KBS
2023-07-21 07:00:00,17837.0,18201.0,17837.0,18152.0,2829600,KBS
2023-07-24 07:00:00,18201.0,18249.0,18006.0,18152.0,2646500,KBS
2023-07-25 07:00:00,18176.0,18613.0,18104.0,18370.0,3949300,KBS
2023-07-26 07:00:00,18468.0,18589.0,18346.0,18419.0,2356700,KBS
2023-07-27 07:00:00,18516.0,18540.0,18104.0,18249.0,3055200,KBS
2023-07-28 07:00:00,18370.0,18735.0,18201.0,18735.0,4677000,KBS
2023-07-31 07:00:00,19196.0,19390.0,19050.0,19171.0,5360000,KBS
2023-08-01 07:00:00,19317.0,19390.0,19001.0,19001.0,3580200,KBS
2023-08-02 07:00:00,19001.0,19074.0,18783.0,19001.0,2819800,KBS
2023-08-03 07:00:00,18880.0,19074.0,18735.0,18735.0,3358900,KBS
2023-08-04 07:00:00,18783.0,19390.0,18783.0,19074.0,2574000,KBS
2023-08-07 07:00:00,19074.0,19220.0,18832.0,18929.0,2591300,KBS
2023-08-08 07:00:00,18929.0,19268.0,18904.0,19196.0,3367400,KBS
2023-08-09 07:00:00,19196.0,19268.0,18904.0,18929.0,2134700,KBS
2023-08-10 07:00:00,18977.0,19171.0,18880.0,18953.0,2155800,KBS
2023-08-11 07:00:00,19147.0,19390.0,18977.0,19365.0,3591800,KBS
2023-08-14 07:00:00,19535.0,20263.0,19414.0,19899.0,4454000,KBS
2023-08-15 07:00:00,19948.0,20385.0,19948.0,20142.0,2702000,KBS
2023-08-16 07:00:00,20263.0,20263.0,19899.0,20142.0,2985700,KBS
2023-08-17 07:00:00,20142.0,20142.0,19899.0,19899.0,3234200,KBS
2023-08-18 07:00:00,19899.0,19899.0,18686.0,18953.0,5646800,KBS
2023-08-21 07:00:00,18977.0,19414.0,18880.0,19390.0,4000000,KBS
2023-08-22 07:00:00,19468.0,19678.0,18209.0,19075.0,2654600,KBS
2023-08-23 07:00:00,19259.0,19259.0,18445.0,18471.0,2999200,KBS
2023-08-24 07:00:00,18524.0,18681.0,18288.0,18681.0,3368200,KBS
2023-08-25 07:00:00,18681.0,18786.0,18393.0,18419.0,4245500,KBS
2023-08-28 07:00:00,18629.0,19285.0,18576.0,19022.0,4769600,KBS
2023-08-29 07:00:00,19180.0,19180.0,18681.0,18865.0,3970100,KBS
2023-08-30 07:00:00,18944.0,19101.0,18760.0,18970.0,3383300,KBS
2023-08-31 07:00:00,19049.0,19521.0,18970.0,19390.0,5562200,KBS
2023-09-05 07:00:00,19600.0,19757.0,19468.0,19600.0,2537100,KBS
2023-09-06 07:00:00,19941.0,20124.0,19783.0,19862.0,4786700,KBS
2023-09-07 07:00:00,19967.0,20229.0,19731.0,19862.0,5368600,KBS
2023-09-08 07:00:00,20885.0,21226.0,20728.0,21226.0,5629300,KBS
2023-09-11 07:00:00,21515.0,21935.0,21226.0,21226.0,7149200,KBS
2023-09-12 07:00:00,21200.0,21226.0,20754.0,21095.0,5948100,KBS
2023-09-13 07:00:00,21226.0,21515.0,20361.0,20597.0,6266400,KBS
2023-09-14 07:00:00,20518.0,20990.0,20439.0,20597.0,4678200,KBS
2023-09-15 07:00:00,20675.0,20990.0,20465.0,20544.0,2735400,KBS
2023-09-18 07:00:00,20570.0,20649.0,20046.0,20177.0,3221300,KBS
2023-09-19 07:00:00,20413.0,20728.0,19941.0,20518.0,3304200,KBS
2023-09-20 07:00:00,20649.0,21043.0,20597.0,20728.0,2833400,KBS
2023-09-21 07:00:00,20754.0,20859.0,20334.0,20334.0,3408200,KBS
2023-09-22 07:00:00,19993.0,20229.0,19416.0,19652.0,5138500,KBS
2023-09-25 07:00:00,19731.0,19993.0,18681.0,18865.0,3337400,KBS
2023-09-26 07:00:00,18944.0,19285.0,18629.0,18891.0,3064300,KBS
2023-09-27 07:00:00,18891.0,19311.0,18681.0,19311.0,2599400,KBS
2023-09-28 07:00:00,19416.0,19573.0,19259.0,19416.0,2699100,KBS
2023-09-29 07:00:00,19705.0,19731.0,19285.0,19363.0,2484100,KBS
2023-10-02 07:00:00,19678.0,20019.0,19626.0,19836.0,2758700,KBS
2023-10-03 07:00:00,19573.0,20203.0,19363.0,19941.0,4374100,KBS
2023-10-04 07:00:00,19573.0,21148.0,19573.0,20623.0,6665800,KBS
2023-10-05 07:00:00,20728.0,20964.0,20256.0,20256.0,2705300,KBS
2023-10-06 07:00:00,20465.0,20465.0,19626.0,19967.0,4005000,KBS
2023-10-09 07:00:00,19967.0,21016.0,19967.0,20728.0,4739100,KBS
2023-10-10 07:00:00,20964.0,20964.0,20177.0,20308.0,4360800,KBS
2023-10-11 07:00:00,20308.0,20623.0,20151.0,20623.0,3649300,KBS
2023-10-12 07:00:00,20649.0,20807.0,20308.0,20439.0,2948200,KBS
2023-10-13 07:00:00,20361.0,20780.0,20229.0,20780.0,4010900,KBS
2023-10-16 07:00:00,20885.0,21515.0,20649.0,21148.0,6841700,KBS
2023-10-17 07:00:00,21226.0,21253.0,20046.0,20046.0,3904200,KBS
2023-10-18 07:00:00,20151.0,20203.0,18786.0,18891.0,7040300,KBS
2023-10-19 07:00:00,18891.0,19180.0,18629.0,18734.0,2539500,KBS
2023-10-20 07:00:00,18681.0,19049.0,18262.0,19049.0,2609200,KBS
2023-10-23 07:00:00,19049.0,19049.0,18366.0,18498.0,1865000,KBS
2023-10-24 07:00:00,18734.0,18734.0,17868.0,18262.0,3267700,KBS
2023-10-25 07:00:00,18104.0,18209.0,17684.0,17684.0,4398700,KBS
2023-10-26 07:00:00,17474.0,17527.0,16451.0,16582.0,5465800,KBS
2023-10-27 07:00:00,16556.0,17212.0,16031.0,16740.0,2892200,KBS
2023-10-30 07:00:00,16740.0,16792.0,16005.0,16005.0,1326100,KBS
2023-10-31 07:00:00,16005.0,16110.0,14903.0,14903.0,3828900,KBS
2023-11-01 07:00:00,15192.0,15454.0,14929.0,15139.0,2234900,KBS
2023-11-02 07:00:00,15611.0,16189.0,15480.0,16189.0,2455600,KBS
2023-11-03 07:00:00,16766.0,16950.0,16425.0,16582.0,4041100,KBS
2023-11-06 07:00:00,16766.0,16792.0,16451.0,16687.0,1451300,KBS
2023-11-07 07:00:00,16687.0,17107.0,16267.0,16451.0,3861700,KBS
2023-11-08 07:00:00,16425.0,17369.0,16372.0,17238.0,2655500,KBS
2023-11-09 07:00:00,17317.0,17632.0,17186.0,17238.0,2762000,KBS
2023-11-10 07:00:00,16950.0,17291.0,16897.0,16950.0,2776400,KBS
2023-11-13 07:00:00,16976.0,17186.0,16740.0,16845.0,2207600,KBS
2023-11-14 07:00:00,17133.0,17160.0,16897.0,17081.0,1420200,KBS
2023-11-15 07:00:00,17317.0,17422.0,17081.0,17212.0,2380300,KBS
2023-11-16 07:00:00,17212.0,17842.0,17055.0,17789.0,3768700,KBS
2023-11-17 07:00:00,17894.0,17894.0,17212.0,17317.0,2894300,KBS
2023-11-20 07:00:00,17002.0,17343.0,17002.0,17264.0,1906900,KBS
2023-11-21 07:00:00,17422.0,17527.0,17291.0,17527.0,1157800,KBS
2023-11-22 07:00:00,17527.0,17789.0,17422.0,17606.0,1687900,KBS
2023-11-23 07:00:00,17842.0,17842.0,17055.0,17055.0,2713600,KBS
2023-11-24 07:00:00,17055.0,17212.0,16582.0,17212.0,2425800,KBS
2023-11-27 07:00:00,17212.0,17317.0,16950.0,17133.0,945800,KBS
2023-11-28 07:00:00,17133.0,17133.0,16740.0,16950.0,1323400,KBS
2023-11-29 07:00:00,17212.0,17212.0,16976.0,17107.0,1001400,KBS
2023-11-30 07:00:00,17212.0,17291.0,17002.0,17291.0,1388100,KBS
2023-12-01 07:00:00,17291.0,17501.0,17186.0,17422.0,1680700,KBS
2023-12-04 07:00:00,17422.0,17920.0,17422.0,17842.0,3149500,KBS
2023-12-05 07:00:00,18052.0,18052.0,17553.0,17632.0,2162000,KBS
2023-12-06 07:00:00,17737.0,17842.0,17632.0,17842.0,1845500,KBS
2023-12-07 07:00:00,17894.0,17973.0,17448.0,17632.0,2420600,KBS
2023-12-08 07:00:00,17632.0,17815.0,17579.0,17684.0,1304700,KBS
2023-12-11 07:00:00,17684.0,17711.0,17527.0,17711.0,811600,KBS
2023-12-12 07:00:00,17763.0,17920.0,17711.0,17894.0,2037400,KBS
2023-12-13 07:00:00,18052.0,18104.0,17632.0,17632.0,1919100,KBS
2023-12-14 07:00:00,17789.0,17789.0,17369.0,17422.0,901800,KBS
2023-12-15 07:00:00,17422.0,17553.0,17186.0,17186.0,1538100,KBS
2023-12-18 07:00:00,17212.0,17343.0,17055.0,17212.0,803000,KBS
2023-12-19 07:00:00,17238.0,17343.0,17107.0,17212.0,709800,KBS
2023-12-20 07:00:00,17317.0,17343.0,17160.0,17160.0,948500,KBS
2023-12-21 07:00:00,17212.0,17238.0,17133.0,17186.0,689000,KBS
2023-12-22 07:00:00,17291.0,17291.0,17055.0,17081.0,1527300,KBS
2023-12-25 07:00:00,17055.0,17291.0,17055.0,17264.0,789500,KBS
2023-12-26 07:00:00,17238.0,17474.0,17238.0,17369.0,876400,KBS
2023-12-27 07:00:00,17474.0,17527.0,17369.0,17527.0,1512100,KBS
2023-12-28 07:00:00,17527.0,17553.0,17396.0,17396.0,963700,KBS
2023-12-29 07:00:00,17396.0,17553.0,17396.0,17474.0,1051900,KBS
2024-01-02 07:00:00,17422.0,17947.0,17422.0,17842.0,3943700,KBS
2024-01-03 07:00:00,17815.0,17868.0,17684.0,17815.0,1530200,KBS
2024-01-04 07:00:00,17842.0,18183.0,17789.0,17789.0,3034600,KBS
2024-01-05 07:00:00,17789.0,17868.0,17501.0,17763.0,1618100,KBS
2024-01-08 07:00:00,17763.0,17868.0,17632.0,17632.0,2176500,KBS
2024-01-09 07:00:00,17632.0,17999.0,17396.0,17789.0,4027500,KBS
2024-01-10 07:00:00,17920.0,17973.0,17553.0,17606.0,2351600,KBS
2024-01-11 07:00:00,17737.0,17842.0,17527.0,17606.0,1763900,KBS
2024-01-12 07:00:00,17448.0,17553.0,17107.0,17186.0,3698100,KBS
2024-01-15 07:00:00,17160.0,17369.0,17160.0,17160.0,644600,KBS
2024-01-16 07:00:00,17186.0,17317.0,17107.0,17317.0,960000,KBS
2024-01-17 07:00:00,17369.0,17448.0,17317.0,17448.0,1062400,KBS
2024-01-18 07:00:00,17501.0,17553.0,17396.0,17448.0,982200,KBS
2024-01-19 07:00:00,17474.0,17579.0,17317.0,17343.0,1704800,KBS
2024-01-22 07:00:00,17396.0,17422.0,17212.0,17238.0,1200500,KBS
2024-01-23 07:00:00,17264.0,17291.0,17055.0,17160.0,1940500,KBS
2024-01-24 07:00:00,17186.0,17317.0,17107.0,17133.0,1110000,KBS
2024-01-25 07:00:00,17160.0,17160.0,16923.0,16976.0,1607900,KBS
2024-01-26 07:00:00,16976.0,17291.0,16976.0,17160.0,1200400,KBS
2024-01-29 07:00:00,17396.0,17842.0,17396.0,17606.0,2585500,KBS
2024-01-30 07:00:00,17632.0,17684.0,17474.0,17579.0,878800,KBS
2024-01-31 07:00:00,17579.0,17579.0,17186.0,17186.0,1778300,KBS
2024-02-01 07:00:00,17160.0,17422.0,17055.0,17369.0,1018200,KBS
2024-02-02 07:00:00,17369.0,17579.0,17317.0,17317.0,1295400,KBS
2024-02-05 07:00:00,17317.0,17501.0,17264.0,17474.0,1228100,KBS
2024-02-06 07:00:00,17474.0,17711.0,17448.0,17474.0,1629300,KBS
2024-02-07 07:00:00,17579.0,17973.0,17579.0,17789.0,2706100,KBS
2024-02-15 07:00:00,17894.0,17999.0,17789.0,17842.0,2084500,KBS
2024-02-16 07:00:00,17842.0,18025.0,17763.0,17894.0,2530300,KBS
2024-02-19 07:00:00,17920.0,18629.0,17842.0,18340.0,5087300,KBS
2024-02-20 07:00:00,18393.0,18393.0,18157.0,18235.0,1794300,KBS
2024-02-21 07:00:00,18235.0,18550.0,18183.0,18366.0,3142600,KBS
2024-02-22 07:00:00,18366.0,18419.0,18104.0,18157.0,1892400,KBS
2024-02-23 07:00:00,18157.0,18288.0,17579.0,17632.0,4009700,KBS
2024-02-26 07:00:00,17737.0,18104.0,17501.0,17973.0,1815700,KBS
2024-02-27 07:00:00,18025.0,18157.0,17947.0,18130.0,1812600,KBS
2024-02-28 07:00:00,18314.0,18708.0,18130.0,18314.0,5364100,KBS
2024-02-29 07:00:00,18524.0,18524.0,18157.0,18235.0,1755600,KBS
2024-03-01 07:00:00,18235.0,18524.0,18130.0,18419.0,2764300,KBS
2024-03-04 07:00:00,18629.0,18629.0,18340.0,18471.0,3266900,KBS
2024-03-05 07:00:00,18471.0,18786.0,18419.0,18524.0,2971000,KBS
2024-03-06 07:00:00,18524.0,18550.0,18209.0,18288.0,2395400,KBS
2024-03-07 07:00:00,18366.0,18865.0,18209.0,18576.0,4298700,KBS
2024-03-08 07:00:00,18629.0,18996.0,18498.0,18629.0,5498200,KBS
2024-03-11 07:00:00,18681.0,19049.0,18524.0,18865.0,4378900,KBS
2024-03-12 07:00:00,18865.0,18865.0,18603.0,18629.0,2793900,KBS
2024-03-13 07:00:00,18734.0,19652.0,18629.0,19311.0,8410600,KBS
2024-03-14 07:00:00,19416.0,19416.0,18996.0,19101.0,4980400,KBS
2024-03-15 07:00:00,19101.0,19390.0,18786.0,19101.0,3197200,KBS
2024-03-18 07:00:00,19206.0,19259.0,17842.0,18235.0,7123800,KBS
2024-03-19 07:00:00,18262.0,18471.0,18130.0,18262.0,1735300,KBS
2024-03-20 07:00:00,18288.0,18445.0,18235.0,18445.0,1419500,KBS
2024-03-21 07:00:00,18629.0,18655.0,18445.0,18629.0,2197600,KBS
2024-03-22 07:00:00,18681.0,18760.0,18445.0,18629.0,2542900,KBS
2024-03-25 07:00:00,18734.0,18917.0,18366.0,18471.0,2794700,KBS
2024-03-26 07:00:00,18524.0,18891.0,18157.0,18891.0,1935000,KBS
2024-03-27 07:00:00,18917.0,18970.0,18760.0,18813.0,1712400,KBS
2024-03-28 07:00:00,18891.0,19180.0,18708.0,19022.0,3377900,KBS
2024-03-29 07:00:00,19075.0,19127.0,18786.0,18786.0,2088600,KBS
2024-04-01 07:00:00,18839.0,18944.0,18524.0,18655.0,3236400,KBS
2024-04-02 07:00:00,18655.0,18786.0,18366.0,18786.0,2844900,KBS
2024-04-03 07:00:00,18839.0,19626.0,18839.0,19154.0,10329000,KBS
2024-04-04 07:00:00,19311.0,19363.0,18944.0,18970.0,2581600,KBS
2024-04-05 07:00:00,18839.0,18944.0,18576.0,18576.0,2739900,KBS
2024-04-08 07:00:00,18576.0,18629.0,18209.0,18209.0,3060400,KBS
2024-04-09 07:00:00,18262.0,18445.0,18157.0,18445.0,1689000,KBS
2024-04-10 07:00:00,18576.0,18576.0,18209.0,18209.0,1880500,KBS
2024-04-11 07:00:00,18078.0,18209.0,17999.0,18078.0,1797200,KBS
2024-04-12 07:00:00,18104.0,18235.0,18052.0,18209.0,1782100,KBS
2024-04-15 07:00:00,18262.0,18576.0,17002.0,17002.0,3412700,KBS
2024-04-16 07:00:00,17055.0,17317.0,16792.0,17186.0,2868300,KBS
2024-04-17 07:00:00,17317.0,17396.0,17055.0,17055.0,1430400,KBS
2024-04-19 07:00:00,16818.0,16897.0,16294.0,16372.0,2934100,KBS
2024-04-22 07:00:00,16792.0,16792.0,16477.0,16582.0,1096400,KBS
2024-04-23 07:00:00,16582.0,16766.0,16346.0,16425.0,864700,KBS
2024-04-24 07:00:00,16740.0,16845.0,16530.0,16766.0,1980600,KBS
2024-04-25 07:00:00,16766.0,16766.0,16399.0,16399.0,1760300,KBS
2024-04-26 07:00:00,16399.0,16609.0,16346.0,16582.0,1355700,KBS
2024-05-02 07:00:00,16740.0,17133.0,16582.0,17081.0,1795900,KBS
2024-05-03 07:00:00,17264.0,17291.0,16845.0,16976.0,983500,KBS
2024-05-06 07:00:00,17055.0,17448.0,17055.0,17448.0,1561900,KBS
2024-05-07 07:00:00,17527.0,17815.0,17422.0,17606.0,1915600,KBS
2024-05-08 07:00:00,17396.0,18052.0,17317.0,17894.0,2624300,KBS
2024-05-09 07:00:00,18052.0,18157.0,17711.0,17789.0,2592900,KBS
2024-05-10 07:00:00,17763.0,17789.0,17527.0,17789.0,1668700,KBS
2024-05-13 07:00:00,17789.0,17789.0,17396.0,17527.0,1345100,KBS
2024-05-14 07:00:00,17579.0,17684.0,17422.0,17684.0,1184700,KBS
2024-05-15 07:00:00,17815.0,18262.0,17711.0,18209.0,4024400,KBS
2024-05-16 07:00:00,18262.0,18524.0,18130.0,18366.0,2743500,KBS
2024-05-17 07:00:00,18366.0,18524.0,18288.0,18419.0,2587100,KBS
2024-05-20 07:00:00,18576.0,18839.0,18340.0,18393.0,3332100,KBS
2024-05-21 07:00:00,18419.0,19206.0,18262.0,18813.0,5576100,KBS
2024-05-22 07:00:00,19049.0,19049.0,18760.0,18891.0,3420600,KBS
2024-05-23 07:00:00,18891.0,19573.0,18786.0,19416.0,5436900,KBS
2024-05-24 07:00:00,19232.0,19337.0,18314.0,18655.0,5484200,KBS
2024-05-27 07:00:00,18655.0,19259.0,18576.0,18996.0,2142200,KBS
2024-05-28 07:00:00,18996.0,19154.0,18891.0,18996.0,2492400,KBS
2024-05-29 07:00:00,19049.0,19468.0,18917.0,19101.0,4195000,KBS
2024-05-30 07:00:00,18839.0,19049.0,18655.0,18891.0,2581800,KBS
2024-05-31 07:00:00,18786.0,19101.0,18786.0,18891.0,1436600,KBS
2024-06-03 07:00:00,19101.0,20203.0,18970.0,20203.0,13768000,KBS
2024-06-04 07:00:00,20413.0,20675.0,20203.0,20256.0,5153400,KBS
2024-06-05 07:00:00,20361.0,20544.0,20203.0,20387.0,5927500,KBS
2024-06-06 07:00:00,20465.0,20570.0,19941.0,20203.0,5550400,KBS
2024-06-07 07:00:00,20282.0,20964.0,20203.0,20439.0,5794400,KBS
2024-06-10 07:00:00,20413.0,20518.0,20151.0,20361.0,3966000,KBS
2024-06-11 07:00:00,20492.0,20807.0,20334.0,20465.0,5527800,KBS
2024-06-12 07:00:00,20465.0,20623.0,20229.0,20387.0,3571700,KBS
2024-06-13 07:00:00,20492.0,20675.0,20308.0,20361.0,4061700,KBS
2024-06-14 07:00:00,20361.0,20570.0,19311.0,19311.0,8169000,KBS
2024-06-17 07:00:00,19311.0,19783.0,19259.0,19573.0,4130100,KBS
2024-06-18 07:00:00,19888.0,19941.0,19573.0,19626.0,3374900,KBS
2024-06-19 07:00:00,19678.0,20492.0,19652.0,19810.0,5526700,KBS
2024-06-20 07:00:00,19836.0,19941.0,19363.0,19573.0,3530000,KBS
2024-06-21 07:00:00,19731.0,19993.0,19573.0,19600.0,3414400,KBS
2024-06-24 07:00:00,19521.0,19678.0,18629.0,18708.0,5453800,KBS
2024-06-25 07:00:00,18813.0,19101.0,18576.0,19101.0,2434400,KBS
2024-06-26 07:00:00,19154.0,19311.0,18786.0,19311.0,2029100,KBS
2024-06-27 07:00:00,19311.0,19888.0,19259.0,19416.0,2675700,KBS
2024-06-28 07:00:00,19416.0,19442.0,18786.0,18944.0,2903300,KBS
2024-07-01 07:00:00,18996.0,19049.0,18734.0,18996.0,1246600,KBS
2024-07-02 07:00:00,19154.0,19521.0,19101.0,19101.0,1656300,KBS
2024-07-03 07:00:00,19311.0,19652.0,19101.0,19442.0,2435700,KBS
2024-07-04 07:00:00,19573.0,19600.0,19127.0,19416.0,2017200,KBS
2024-07-05 07:00:00,19442.0,19783.0,19442.0,19652.0,4335700,KBS
2024-07-08 07:00:00,19836.0,20675.0,19836.0,20387.0,7802200,KBS
2024-07-09 07:00:00,20518.0,20728.0,20177.0,20203.0,5045800,KBS
2024-07-10 07:00:00,20308.0,20544.0,19914.0,19914.0,6043600,KBS
2024-07-11 07:00:00,20151.0,20151.0,19521.0,19600.0,4763800,KBS
2024-07-12 07:00:00,19600.0,19836.0,19521.0,19652.0,2011600,KBS
2024-07-15 07:00:00,19731.0,19967.0,19626.0,19705.0,1727200,KBS
2024-07-16 07:00:00,19731.0,19783.0,19416.0,19442.0,2150300,KBS
2024-07-17 07:00:00,19573.0,19573.0,18104.0,18471.0,6821100,KBS
2024-07-18 07:00:00,18629.0,18839.0,18419.0,18839.0,2462100,KBS
2024-07-19 07:00:00,18839.0,18996.0,18498.0,18629.0,1619100,KBS
2024-07-22 07:00:00,18629.0,18629.0,18157.0,18262.0,2923000,KBS
2024-07-23 07:00:00,18288.0,18471.0,18130.0,18130.0,1665600,KBS
2024-07-24 07:00:00,17999.0,18576.0,17842.0,18262.0,2399500,KBS
2024-07-25 07:00:00,18288.0,18366.0,18052.0,18366.0,664200,KBS
2024-07-26 07:00:00,18340.0,18576.0,18340.0,18524.0,908700,KBS
2024-07-29 07:00:00,18576.0,18996.0,18576.0,18865.0,2305200,KBS
2024-07-30 07:00:00,18944.0,18944.0,18550.0,18603.0,1123700,KBS
2024-07-31 07:00:00,18655.0,18839.0,18445.0,18524.0,1484200,KBS
2024-08-01 07:00:00,18708.0,18813.0,17947.0,18078.0,3896300,KBS
2024-08-02 07:00:00,17947.0,18366.0,17842.0,18366.0,1593900,KBS
2024-08-05 07:00:00,17868.0,18209.0,17160.0,17160.0,3324700,KBS
2024-08-06 07:00:00,17317.0,17789.0,17160.0,17658.0,2188900,KBS
2024-08-07 07:00:00,17842.0,18314.0,17658.0,18262.0,1898400,KBS
2024-08-08 07:00:00,18209.0,18498.0,18052.0,18235.0,1844900,KBS
2024-08-09 07:00:00,18445.0,18839.0,18366.0,18760.0,3201800,KBS
2024-08-12 07:00:00,18996.0,19101.0,18786.0,18891.0,2697600,KBS
2024-08-13 07:00:00,18996.0,19049.0,18708.0,18786.0,2586100,KBS
2024-08-14 07:00:00,18996.0,19232.0,18891.0,18944.0,2515300,KBS
2024-08-15 07:00:00,18996.0,18996.0,18708.0,18891.0,1837000,KBS
2024-08-16 07:00:00,18996.0,19495.0,18891.0,19468.0,5725800,KBS
2024-08-19 07:00:00,19731.0,20046.0,19521.0,20046.0,5863900,KBS
2024-08-20 07:00:00,20098.0,20308.0,19967.0,20046.0,8496700,KBS
2024-08-21 07:00:00,20184.0,20184.0,19990.0,20046.0,3938700,KBS
2024-08-22 07:00:00,19935.0,20101.0,19603.0,19713.0,3401800,KBS
2024-08-23 07:00:00,19686.0,19880.0,19575.0,19769.0,2147800,KBS
2024-08-26 07:00:00,19880.0,19880.0,19326.0,19326.0,4322600,KBS
2024-08-27 07:00:00,19353.0,19630.0,19326.0,19381.0,2920200,KBS
2024-08-28 07:00:00,19381.0,19492.0,19215.0,19215.0,1849400,KBS
2024-08-29 07:00:00,19243.0,19437.0,19160.0,19243.0,1857600,KBS
2024-08-30 07:00:00,19270.0,19547.0,19270.0,19298.0,1616800,KBS
2024-09-04 07:00:00,19270.0,19437.0,19104.0,19437.0,2110300,KBS
2024-09-05 07:00:00,19520.0,19547.0,19104.0,19243.0,1762300,KBS
2024-09-06 07:00:00,19270.0,19907.0,19187.0,19907.0,4405300,KBS
2024-09-09 07:00:00,19741.0,19852.0,19326.0,19630.0,2587100,KBS
2024-09-10 07:00:00,19769.0,19769.0,19326.0,19353.0,2856900,KBS
2024-09-11 07:00:00,19326.0,19492.0,19104.0,19326.0,2404900,KBS
2024-09-12 07:00:00,19381.0,19852.0,19381.0,19492.0,3080500,KBS
2024-09-13 07:00:00,19575.0,19796.0,19437.0,19658.0,2351100,KBS
2024-09-16 07:00:00,19796.0,20156.0,19769.0,19769.0,6637900,KBS
2024-09-17 07:00:00,19769.0,19824.0,19603.0,19824.0,1801000,KBS
2024-09-18 07:00:00,19935.0,19935.0,19630.0,19686.0,2508400,KBS
2024-09-19 07:00:00,19741.0,19796.0,19492.0,19713.0,2339800,KBS
2024-09-20 07:00:00,19824.0,20018.0,19575.0,19658.0,3219600,KBS
2024-09-23 07:00:00,19713.0,19990.0,19603.0,19713.0,2308400,KBS
2024-09-24 07:00:00,19769.0,19796.0,19630.0,19713.0,1477000,KBS
2024-09-25 07:00:00,19769.0,20129.0,19713.0,19990.0,7227100,KBS
2024-09-26 07:00:00,20156.0,20267.0,19852.0,19935.0,3918700,KBS
2024-09-27 07:00:00,20018.0,20018.0,19769.0,19935.0,2975500,KBS
2024-09-30 07:00:00,19935.0,19990.0,19686.0,19713.0,3172000,KBS
2024-10-01 07:00:00,19769.0,19935.0,19686.0,19686.0,3226000,KBS
2024-10-02 07:00:00,19713.0,19907.0,19658.0,19741.0,2604300,KBS
2024-10-03 07:00:00,19852.0,19852.0,19298.0,19464.0,4531600,KBS
2024-10-04 07:00:00,19492.0,19658.0,19381.0,19437.0,1956200,KBS
2024-10-07 07:00:00,19520.0,19547.0,19298.0,19381.0,2015400,KBS
2024-10-08 07:00:00,19437.0,19464.0,19104.0,19270.0,3273300,KBS
2024-10-09 07:00:00,19326.0,19547.0,19270.0,19547.0,1675600,KBS
2024-10-10 07:00:00,19464.0,19686.0,19326.0,19326.0,2497700,KBS
2024-10-11 07:00:00,19381.0,19492.0,19326.0,19492.0,794900,KBS
2024-10-14 07:00:00,19603.0,19603.0,19298.0,19381.0,1883600,KBS
2024-10-15 07:00:00,19437.0,19464.0,19132.0,19187.0,1498500,KBS
2024-10-16 07:00:00,19353.0,19353.0,18827.0,18910.0,2935700,KBS
2024-10-17 07:00:00,19021.0,19104.0,18772.0,19104.0,1455700,KBS
2024-10-18 07:00:00,19132.0,19243.0,18994.0,19049.0,1437300,KBS
2024-10-21 07:00:00,19104.0,19104.0,18883.0,18883.0,796500,KBS
2024-10-22 07:00:00,18883.0,19077.0,18744.0,18883.0,1346900,KBS
2024-10-23 07:00:00,18772.0,18910.0,18744.0,18855.0,1147900,KBS
2024-10-24 07:00:00,18855.0,19104.0,18827.0,18855.0,1564500,KBS
2024-10-25 07:00:00,18938.0,19077.0,18855.0,18855.0,881800,KBS
2024-10-28 07:00:00,18855.0,18966.0,18800.0,18938.0,722500,KBS
2024-10-29 07:00:00,18966.0,19381.0,18966.0,19353.0,2915100,KBS
2024-10-30 07:00:00,19353.0,19353.0,19104.0,19160.0,1106900,KBS
2024-10-31 07:00:00,19160.0,19215.0,18994.0,19132.0,1038500,KBS
2024-11-01 07:00:00,19049.0,19049.0,18717.0,18772.0,3353200,KBS
2024-11-04 07:00:00,18689.0,18800.0,18384.0,18523.0,1856000,KBS
2024-11-05 07:00:00,18606.0,18689.0,18440.0,18523.0,723600,KBS
2024-11-06 07:00:00,18551.0,18855.0,18551.0,18800.0,972900,KBS
2024-11-07 07:00:00,18883.0,18883.0,18661.0,18661.0,930400,KBS
2024-11-08 07:00:00,18661.0,18744.0,18495.0,18551.0,2217000,KBS
2024-11-11 07:00:00,18606.0,18772.0,18467.0,18689.0,1536000,KBS
2024-11-12 07:00:00,18772.0,19049.0,18744.0,18744.0,1797800,KBS
2024-11-13 07:00:00,18800.0,19021.0,18606.0,18855.0,1624600,KBS
2024-11-14 07:00:00,18772.0,19021.0,18772.0,18910.0,3113300,KBS
2024-11-15 07:00:00,18827.0,18994.0,18661.0,18661.0,1753800,KBS
2024-11-18 07:00:00,18606.0,18772.0,18412.0,18689.0,1299300,KBS
2024-11-19 07:00:00,18689.0,18772.0,18551.0,18551.0,935700,KBS
2024-11-20 07:00:00,18551.0,18827.0,18274.0,18717.0,1688600,KBS
2024-11-21 07:00:00,18744.0,19298.0,18606.0,19298.0,3209700,KBS
2024-11-22 07:00:00,19298.0,19713.0,19215.0,19658.0,5767900,KBS
2024-11-25 07:00:00,19658.0,19741.0,19492.0,19603.0,3941400,KBS
2024-11-26 07:00:00,19658.0,20212.0,19658.0,20129.0,8413000,KBS
2024-11-27 07:00:00,20267.0,20295.0,19520.0,19658.0,6489700,KBS
2024-11-28 07:00:00,19713.0,19796.0,19409.0,19492.0,2514100,KBS
2024-11-29 07:00:00,19492.0,19796.0,19381.0,19575.0,3649100,KBS
2024-12-02 07:00:00,19713.0,19796.0,19298.0,19741.0,4019400,KBS
2024-12-03 07:00:00,19769.0,20046.0,19603.0,19852.0,3602700,KBS
2024-12-04 07:00:00,19880.0,20156.0,19575.0,19824.0,8028300,KBS
2024-12-05 07:00:00,19713.0,20101.0,19713.0,20101.0,3529100,KBS
2024-12-06 07:00:00,20129.0,20876.0,20129.0,20212.0,8734000,KBS
2024-12-09 07:00:00,20212.0,20323.0,19963.0,20018.0,4063900,KBS
2024-12-10 07:00:00,20018.0,20073.0,19741.0,19880.0,3545300,KBS
2024-12-11 07:00:00,19963.0,19963.0,19630.0,19741.0,2658600,KBS
2024-12-12 07:00:00,19769.0,19824.0,19603.0,19630.0,2102900,KBS
2024-12-13 07:00:00,19603.0,19796.0,19520.0,19547.0,1740100,KBS
2024-12-16 07:00:00,19547.0,19658.0,19409.0,19520.0,2021800,KBS
2024-12-17 07:00:00,19575.0,19603.0,19353.0,19437.0,1772600,KBS
2024-12-18 07:00:00,19437.0,19575.0,19243.0,19520.0,2540600,KBS
2024-12-19 07:00:00,19353.0,19713.0,19270.0,19492.0,2378800,KBS
2024-12-20 07:00:00,19603.0,19603.0,19409.0,19437.0,1578800,KBS
2024-12-23 07:00:00,19492.0,19603.0,19381.0,19575.0,1813000,KBS
2024-12-24 07:00:00,19603.0,19852.0,19464.0,19686.0,3096800,KBS
2024-12-25 07:00:00,19796.0,19824.0,19547.0,19603.0,2538400,KBS
2024-12-26 07:00:00,19603.0,19630.0,19492.0,19492.0,1850700,KBS
2024-12-27 07:00:00,19575.0,20046.0,19409.0,19713.0,4326900,KBS
2024-12-30 07:00:00,19769.0,19935.0,19630.0,19630.0,2026200,KBS
2024-12-31 07:00:00,19575.0,19713.0,19381.0,19381.0,2228400,KBS
2025-01-02 07:00:00,19437.0,19630.0,19437.0,19603.0,1109400,KBS
2025-01-03 07:00:00,19603.0,19880.0,19520.0,19686.0,3355200,KBS
2025-01-06 07:00:00,19713.0,19796.0,19160.0,19381.0,2287800,KBS
2025-01-07 07:00:00,19381.0,19464.0,18938.0,19049.0,2434200,KBS
2025-01-08 07:00:00,18938.0,19160.0,18855.0,19132.0,1513900,KBS
2025-01-09 07:00:00,19132.0,19160.0,18883.0,18910.0,642300,KBS
2025-01-10 07:00:00,18910.0,19049.0,18551.0,18551.0,2039100,KBS
2025-01-13 07:00:00,18495.0,18883.0,18440.0,18883.0,1586800,KBS
2025-01-14 07:00:00,18994.0,19077.0,18827.0,18827.0,630800,KBS
2025-01-15 07:00:00,18938.0,18966.0,18800.0,18827.0,623900,KBS
2025-01-16 07:00:00,18938.0,19049.0,18883.0,18883.0,710100,KBS
2025-01-17 07:00:00,18966.0,19104.0,18883.0,18994.0,709200,KBS
2025-01-20 07:00:00,18966.0,19104.0,18910.0,18994.0,574600,KBS
2025-01-21 07:00:00,18883.0,19049.0,18800.0,18827.0,744500,KBS
2025-01-22 07:00:00,18855.0,18883.0,18551.0,18551.0,873000,KBS
2025-01-23 07:00:00,18634.0,19326.0,18634.0,19049.0,1355500,KBS
2025-01-24 07:00:00,19049.0,19437.0,19049.0,19160.0,1293500,KBS
2025-02-03 07:00:00,19187.0,19547.0,19049.0,19353.0,1758200,KBS
2025-02-04 07:00:00,19492.0,19630.0,19353.0,19437.0,2470700,KBS
2025-02-05 07:00:00,19603.0,19686.0,19437.0,19492.0,2556200,KBS
2025-02-06 07:00:00,19520.0,19796.0,19464.0,19603.0,1698500,KBS
2025-02-07 07:00:00,19630.0,19658.0,19298.0,19326.0,2342900,KBS
2025-02-10 07:00:00,19381.0,19437.0,19049.0,19049.0,2480800,KBS
2025-02-11 07:00:00,19049.0,19243.0,19049.0,19215.0,1388700,KBS
2025-02-12 07:00:00,19270.0,19492.0,19215.0,19270.0,2758500,KBS
2025-02-13 07:00:00,19353.0,20267.0,19326.0,20184.0,9295500,KBS
2025-02-14 07:00:00,20267.0,20378.0,20018.0,20018.0,4345900,KBS
2025-02-17 07:00:00,20129.0,20572.0,20073.0,20101.0,5293400,KBS
2025-02-18 07:00:00,20101.0,20156.0,19935.0,20018.0,3471100,KBS
2025-02-19 07:00:00,20046.0,20433.0,19990.0,20323.0,5750700,KBS
2025-02-20 07:00:00,20323.0,20710.0,20239.0,20599.0,7164600,KBS
2025-02-21 07:00:00,20572.0,20682.0,20433.0,20599.0,3810800,KBS
2025-02-24 07:00:00,20544.0,20599.0,20156.0,20378.0,4823200,KBS
2025-02-25 07:00:00,20489.0,20932.0,20323.0,20544.0,5846500,KBS
2025-02-26 07:00:00,20766.0,20932.0,20544.0,20572.0,2751100,KBS
2025-02-27 07:00:00,20572.0,20572.0,20212.0,20461.0,3457600,KBS
2025-02-28 07:00:00,20433.0,20544.0,20267.0,20323.0,2574300,KBS
2025-03-03 07:00:00,20433.0,20655.0,20323.0,20406.0,2073600,KBS
2025-03-04 07:00:00,20323.0,20516.0,20184.0,20406.0,3302800,KBS
2025-03-05 07:00:00,20406.0,20461.0,20101.0,20101.0,3364100,KBS
2025-03-06 07:00:00,20156.0,20212.0,19963.0,20184.0,3370500,KBS
2025-03-07 07:00:00,20212.0,20766.0,20184.0,20406.0,5379700,KBS
2025-03-10 07:00:00,20489.0,20489.0,20212.0,20323.0,2233800,KBS
2025-03-11 07:00:00,20212.0,20655.0,20212.0,20350.0,4708500,KBS
2025-03-12 07:00:00,20433.0,20433.0,20184.0,20212.0,2629600,KBS
2025-03-13 07:00:00,20239.0,20267.0,19713.0,19741.0,5778600,KBS
2025-03-14 07:00:00,19769.0,19907.0,19686.0,19741.0,2652900,KBS
2025-03-17 07:00:00,19880.0,19880.0,19575.0,19769.0,2047500,KBS
2025-03-18 07:00:00,19796.0,19907.0,19769.0,19769.0,1394900,KBS
2025-03-19 07:00:00,19769.0,20046.0,19741.0,19769.0,1654200,KBS
2025-03-20 07:00:00,19769.0,19880.0,19658.0,19713.0,1204200,KBS
2025-03-21 07:00:00,19880.0,19880.0,19603.0,19630.0,1500100,KBS
2025-03-24 07:00:00,19658.0,19686.0,19437.0,19492.0,1388800,KBS
2025-03-25 07:00:00,19575.0,19630.0,19437.0,19520.0,1606900,KBS
2025-03-26 07:00:00,19575.0,19796.0,19437.0,19603.0,1539700,KBS
2025-03-27 07:00:00,19575.0,19741.0,19492.0,19520.0,945700,KBS
2025-03-28 07:00:00,19769.0,19990.0,19575.0,19575.0,2503600,KBS
2025-03-31 07:00:00,19547.0,19575.0,19215.0,19243.0,2854000,KBS
2025-04-01 07:00:00,19547.0,19630.0,19353.0,19464.0,2141100,KBS
2025-04-02 07:00:00,19658.0,19824.0,19520.0,19547.0,1315000,KBS
2025-04-03 07:00:00,18855.0,19104.0,18191.0,18191.0,5661100,KBS
2025-04-04 07:00:00,16945.0,17692.0,16945.0,17554.0,3803400,KBS
2025-04-08 07:00:00,16612.0,17111.0,16336.0,16336.0,3492000,KBS
2025-04-09 07:00:00,15200.0,16391.0,15200.0,15422.0,5482600,KBS
2025-04-10 07:00:00,16474.0,16474.0,16474.0,16474.0,86000,KBS
2025-04-11 07:00:00,17609.0,17609.0,16972.0,17609.0,4703900,KBS
2025-04-14 07:00:00,17720.0,18717.0,17665.0,18551.0,3924200,KBS
2025-04-15 07:00:00,18551.0,18551.0,17997.0,18135.0,2645700,KBS
2025-04-16 07:00:00,17997.0,18246.0,17886.0,17969.0,1869900,KBS
2025-04-17 07:00:00,17886.0,18024.0,17720.0,17969.0,1464600,KBS
2025-04-18 07:00:00,17997.0,18495.0,17997.0,18218.0,2246700,KBS
2025-04-21 07:00:00,18274.0,18412.0,18052.0,18274.0,1048800,KBS
2025-04-22 07:00:00,18108.0,18329.0,17000.0,17720.0,3936500,KBS
2025-04-23 07:00:00,18191.0,18191.0,17858.0,17941.0,893300,KBS
2025-04-24 07:00:00,18052.0,18246.0,17941.0,17997.0,2014200,KBS
2025-04-25 07:00:00,18135.0,18191.0,17969.0,17997.0,1020400,KBS
2025-04-28 07:00:00,18024.0,18384.0,18024.0,18218.0,1254100,KBS
2025-04-29 07:00:00,18052.0,18329.0,18052.0,18108.0,1193000,KBS
2025-05-05 07:00:00,18218.0,19049.0,18218.0,18883.0,3269300,KBS
2025-05-06 07:00:00,18883.0,19049.0,18551.0,18551.0,2113500,KBS
2025-05-07 07:00:00,18606.0,19021.0,18606.0,18772.0,1831500,KBS
2025-05-08 07:00:00,18800.0,19049.0,18606.0,18938.0,2240200,KBS
2025-05-09 07:00:00,18855.0,18938.0,18717.0,18772.0,789500,KBS
2025-05-12 07:00:00,18772.0,18800.0,18578.0,18772.0,1210100,KBS
2025-05-13 07:00:00,18994.0,18994.0,18744.0,18772.0,1382700,KBS
2025-05-14 07:00:00,18827.0,19077.0,18661.0,18910.0,1760900,KBS
2025-05-15 07:00:00,18938.0,19104.0,18800.0,18966.0,1651800,KBS
2025-05-16 07:00:00,19077.0,19160.0,18744.0,18744.0,1766100,KBS
2025-05-19 07:00:00,18744.0,18883.0,18523.0,18606.0,2032500,KBS
2025-05-20 07:00:00,18523.0,18717.0,18523.0,18689.0,1285500,KBS
2025-05-21 07:00:00,18717.0,18717.0,18384.0,18495.0,1495300,KBS
2025-05-22 07:00:00,18440.0,18772.0,18412.0,18495.0,2867700,KBS
2025-05-23 07:00:00,18467.0,18883.0,18412.0,18606.0,2370200,KBS
2025-05-26 07:00:00,18661.0,18994.0,18274.0,18994.0,2885600,KBS
2025-05-27 07:00:00,19021.0,19160.0,18689.0,18800.0,2996700,KBS
2025-05-28 07:00:00,18966.0,18994.0,18717.0,18827.0,2261700,KBS
2025-05-29 07:00:00,18938.0,18938.0,18606.0,18661.0,2345300,KBS
2025-05-30 07:00:00,18661.0,18827.0,18440.0,18467.0,3685500,KBS
2025-06-02 07:00:00,18467.0,18634.0,18246.0,18523.0,3326800,KBS
2025-06-03 07:00:00,18551.0,18966.0,18551.0,18910.0,4316200,KBS
2025-06-04 07:00:00,18966.0,18994.0,18717.0,18772.0,2103900,KBS
2025-06-05 07:00:00,18772.0,18910.0,18717.0,18717.0,1850800,KBS
2025-06-06 07:00:00,18827.0,18827.0,18606.0,18606.0,2016500,KBS
2025-06-09 07:00:00,18606.0,18883.0,18551.0,18717.0,1663900,KBS
2025-06-10 07:00:00,18717.0,19520.0,18689.0,19298.0,6956700,KBS
2025-06-11 07:00:00,19353.0,19437.0,19104.0,19215.0,1790300,KBS
2025-06-12 07:00:00,19215.0,19658.0,19215.0,19437.0,4630300,KBS
2025-06-13 07:00:00,19464.0,19852.0,19353.0,19713.0,7252900,KBS
2025-06-16 07:00:00,20073.0,20433.0,20046.0,20129.0,5960300,KBS
2025-06-17 07:00:00,20212.0,21319.0,19907.0,21236.0,11403700,KBS
2025-06-18 07:00:00,21347.0,21513.0,20959.0,21209.0,7106800,KBS
2025-06-19 07:00:00,21319.0,21707.0,21098.0,21430.0,6383300,KBS
2025-06-20 07:00:00,21430.0,21458.0,21181.0,21236.0,3109600,KBS
2025-06-23 07:00:00,21430.0,21818.0,20876.0,21098.0,8392600,KBS
2025-06-24 07:00:00,20876.0,21125.0,20766.0,21098.0,5136300,KBS
2025-06-25 07:00:00,20987.0,21015.0,20766.0,20766.0,4741000,KBS
2025-06-26 07:00:00,20793.0,21098.0,20738.0,21042.0,3502000,KBS
2025-06-27 07:00:00,21209.0,21209.0,20876.0,20932.0,2585700,KBS
2025-06-30 07:00:00,20987.0,21375.0,20987.0,21319.0,3893000,KBS
2025-07-01 07:00:00,21430.0,21679.0,21098.0,21264.0,3709200,KBS
2025-07-02 07:00:00,21209.0,21707.0,21209.0,21485.0,4452300,KBS
2025-07-03 07:00:00,21485.0,21679.0,21153.0,21319.0,5405300,KBS
2025-07-04 07:00:00,21375.0,21541.0,21181.0,21292.0,3448900,KBS
2025-07-07 07:00:00,21652.0,22039.0,21402.0,21485.0,5379200,KBS
2025-07-08 07:00:00,21624.0,21652.0,21375.0,21541.0,2548900,KBS
2025-07-09 07:00:00,21707.0,21762.0,21375.0,21430.0,4151400,KBS
2025-07-10 07:00:00,21568.0,21596.0,21402.0,21430.0,2734300,KBS
2025-07-11 07:00:00,21568.0,21735.0,21347.0,21402.0,5590300,KBS
2025-07-14 07:00:00,21568.0,21652.0,21375.0,21596.0,6603900,KBS
2025-07-15 07:00:00,21884.0,22431.0,21596.0,21913.0,5943600,KBS
2025-07-16 07:00:00,22230.0,22287.0,21999.0,22057.0,4628300,KBS
2025-07-17 07:00:00,22258.0,22402.0,22086.0,22230.0,4792400,KBS
2025-07-18 07:00:00,22287.0,22345.0,22028.0,22086.0,3806800,KBS
2025-07-21 07:00:00,22460.0,23094.0,22316.0,22892.0,9827900,KBS
2025-07-22 07:00:00,23122.0,23324.0,23065.0,23266.0,5509800,KBS
2025-07-23 07:00:00,23439.0,24418.0,23324.0,24073.0,6676500,KBS
2025-07-24 07:00:00,24073.0,24130.0,23641.0,23641.0,4807800,KBS
2025-07-25 07:00:00,23813.0,24044.0,23583.0,23785.0,3955700,KBS
2025-07-28 07:00:00,24044.0,24101.0,23756.0,23929.0,5218500,KBS
2025-07-29 07:00:00,23957.0,24447.0,22806.0,22806.0,9726200,KBS
2025-07-30 07:00:00,23324.0,23900.0,23036.0,23900.0,6860500,KBS
2025-07-31 07:00:00,24188.0,24447.0,23439.0,23612.0,6752400,KBS
2025-08-01 07:00:00,23900.0,24130.0,23324.0,23871.0,4491400,KBS
2025-08-04 07:00:00,24101.0,24447.0,24073.0,24130.0,5955600,KBS
2025-08-05 07:00:00,24188.0,24360.0,23612.0,23785.0,7873900,KBS
2025-08-06 07:00:00,23957.0,25311.0,23871.0,24850.0,9912400,KBS
2025-08-07 07:00:00,26550.0,26550.0,26550.0,26550.0,4009700,KBS
2025-08-08 07:00:00,28400.0,28400.0,28400.0,28400.0,3222500,KBS
2025-08-11 07:00:00,29900.0,29900.0,27800.0,28150.0,17689700,KBS
2025-08-12 07:00:00,28200.0,28950.0,28200.0,28800.0,7544600,KBS
2025-08-13 07:00:00,28800.0,28950.0,28500.0,28650.0,5413300,KBS
2025-08-14 07:00:00,28900.0,28950.0,28150.0,28250.0,7251400,KBS
2025-08-15 07:00:00,28300.0,28800.0,28050.0,28100.0,4437700,KBS
2025-08-18 07:00:00,28100.0,29800.0,28000.0,28700.0,8891000,KBS
2025-08-19 07:00:00,28750.0,28900.0,28200.0,28250.0,5878400,KBS
2025-08-20 07:00:00,28250.0,28400.0,26550.0,27500.0,7342100,KBS
2025-08-21 07:00:00,27500.0,27900.0,27150.0,27300.0,4317600,KBS
2025-08-22 07:00:00,26900.0,27500.0,26250.0,26300.0,5505500,KBS
2025-08-25 07:00:00,26600.0,27050.0,26000.0,26000.0,3347500,KBS
2025-08-26 07:00:00,26050.0,26900.0,26050.0,26750.0,2217800,KBS
2025-08-27 07:00:00,27100.0,27100.0,26600.0,26750.0,3369400,KBS
2025-08-28 07:00:00,26850.0,27000.0,26650.0,26650.0,2034200,KBS
2025-08-29 07:00:00,26950.0,27200.0,26700.0,26700.0,2754200,KBS
2025-09-03 07:00:00,26700.0,27200.0,26400.0,26650.0,4596400,KBS
2025-09-04 07:00:00,26700.0,26950.0,26650.0,26950.0,4256900,KBS
2025-09-05 07:00:00,27200.0,28100.0,27150.0,27300.0,7748800,KBS
2025-09-08 07:00:00,27300.0,27650.0,26450.0,26500.0,4295700,KBS
2025-09-09 07:00:00,26700.0,26700.0,26050.0,26400.0,3508400,KBS
2025-09-10 07:00:00,26500.0,26650.0,26150.0,26350.0,2106200,KBS
2025-09-11 07:00:00,26400.0,26450.0,25750.0,26250.0,2626000,KBS
2025-09-12 07:00:00,26450.0,26850.0,26300.0,26650.0,2044100,KBS
2025-09-15 07:00:00,26750.0,27400.0,26650.0,27400.0,4718700,KBS
2025-09-16 07:00:00,27650.0,27800.0,27400.0,27500.0,5022900,KBS
2025-09-17 07:00:00,27500.0,27700.0,26900.0,26900.0,2971700,KBS
2025-09-18 07:00:00,26800.0,27100.0,26450.0,26550.0,2143400,KBS
2025-09-19 07:00:00,26550.0,26800.0,25800.0,25800.0,4849600,KBS
2025-09-22 07:00:00,26150.0,26350.0,25850.0,25850.0,2092400,KBS
2025-09-23 07:00:00,26100.0,26200.0,25850.0,26000.0,947800,KBS
2025-09-24 07:00:00,26000.0,26350.0,25850.0,26200.0,1562500,KBS
2025-09-25 07:00:00,26350.0,26800.0,26300.0,26650.0,1561800,KBS
2025-09-26 07:00:00,26700.0,26800.0,26250.0,26250.0,1637100,KBS
2025-09-29 07:00:00,26300.0,26300.0,26000.0,26000.0,1571800,KBS
2025-09-30 07:00:00,25700.0,25750.0,24850.0,25100.0,11670200,KBS
2025-10-01 07:00:00,25100.0,25300.0,24950.0,25000.0,3948800,KBS
2025-10-02 07:00:00,25100.0,25250.0,23850.0,23850.0,8470100,KBS
2025-10-03 07:00:00,23850.0,24400.0,23850.0,24050.0,4978000,KBS
2025-10-06 07:00:00,24250.0,24650.0,24100.0,24600.0,4820500,KBS
2025-10-07 07:00:00,24900.0,24900.0,24050.0,24050.0,3732000,KBS
2025-10-08 07:00:00,24500.0,24500.0,24000.0,24100.0,2837700,KBS
2025-10-09 07:00:00,24200.0,24350.0,24050.0,24100.0,3656900,KBS
2025-10-10 07:00:00,24400.0,24700.0,24150.0,24450.0,3968300,KBS
2025-10-13 07:00:00,24400.0,24400.0,23950.0,24200.0,4652700,KBS
2025-10-14 07:00:00,24200.0,24400.0,23900.0,23950.0,5768100,KBS
2025-10-15 07:00:00,24000.0,24050.0,23350.0,23400.0,8837200,KBS
2025-10-16 07:00:00,23550.0,23850.0,23250.0,23850.0,3904900,KBS
2025-10-17 07:00:00,23900.0,23950.0,23150.0,23150.0,6057500,KBS
2025-10-20 07:00:00,23150.0,23650.0,22100.0,22150.0,5348900,KBS
2025-10-21 07:00:00,22250.0,23200.0,22200.0,23200.0,5032800,KBS
2025-10-22 07:00:00,23200.0,23500.0,22900.0,23500.0,3775800,KBS
2025-10-23 07:00:00,23500.0,23650.0,23100.0,23300.0,1656700,KBS
2025-10-24 07:00:00,23300.0,23400.0,22850.0,23000.0,1801100,KBS
2025-10-27 07:00:00,23200.0,23850.0,22950.0,23600.0,5454500,KBS
2025-10-28 07:00:00,23600.0,23700.0,23300.0,23700.0,3230900,KBS
2025-10-29 07:00:00,24000.0,24250.0,23850.0,23950.0,4503900,KBS
2025-10-30 07:00:00,24000.0,24200.0,23850.0,24000.0,2785500,KBS
2025-10-31 07:00:00,24000.0,24450.0,23950.0,24000.0,5212400,KBS
2025-11-03 07:00:00,24050.0,24150.0,23200.0,23200.0,3766100,KBS
2025-11-04 07:00:00,23200.0,23700.0,22600.0,23700.0,4559900,KBS
2025-11-05 07:00:00,23900.0,24950.0,23700.0,24900.0,12026900,KBS
2025-11-06 07:00:00,24950.0,24950.0,24400.0,24450.0,3929000,KBS
2025-11-07 07:00:00,24450.0,24750.0,23500.0,23650.0,5475700,KBS
2025-11-10 07:00:00,23700.0,23900.0,23300.0,23300.0,3612600,KBS
2025-11-11 07:00:00,23450.0,23600.0,23050.0,23200.0,2725000,KBS
2025-11-12 07:00:00,23500.0,23650.0,23300.0,23600.0,2172200,KBS
2025-11-13 07:00:00,23850.0,24650.0,23750.0,23950.0,5923200,KBS
2025-11-14 07:00:00,23850.0,24100.0,23750.0,23850.0,2410900,KBS
2025-11-17 07:00:00,24050.0,24450.0,23850.0,24350.0,3941500,KBS
2025-11-18 07:00:00,24500.0,24500.0,23950.0,24150.0,3464800,KBS
2025-11-19 07:00:00,24150.0,25150.0,24150.0,24450.0,11481000,KBS
2025-11-20 07:00:00,24700.0,24700.0,24100.0,24250.0,2784500,KBS
2025-11-21 07:00:00,24250.0,24250.0,23500.0,23600.0,6398300,KBS
2025-11-24 07:00:00,23600.0,23750.0,23150.0,23150.0,5263200,KBS
2025-11-25 07:00:00,23200.0,23400.0,22950.0,23100.0,4045000,KBS
2025-11-26 07:00:00,23150.0,23600.0,23150.0,23450.0,1873200,KBS
2025-11-27 07:00:00,23600.0,23600.0,23300.0,23300.0,1743100,KBS
2025-11-28 07:00:00,23350.0,23550.0,23100.0,23100.0,2699800,KBS
2025-12-01 07:00:00,23150.0,23300.0,23100.0,23100.0,2050700,KBS
2025-12-02 07:00:00,23100.0,23250.0,22900.0,23000.0,3064400,KBS
2025-12-03 07:00:00,23200.0,23400.0,23100.0,23300.0,1881600,KBS
2025-12-04 07:00:00,23350.0,23550.0,23300.0,23550.0,2472500,KBS
2025-12-05 07:00:00,23600.0,23600.0,23200.0,23200.0,2101500,KBS
2025-12-08 07:00:00,23150.0,23250.0,23050.0,23150.0,1642500,KBS
2025-12-09 07:00:00,23150.0,23150.0,22550.0,22700.0,4175400,KBS
2025-12-10 07:00:00,22900.0,22950.0,22650.0,22650.0,2123600,KBS
2025-12-11 07:00:00,22700.0,22900.0,22500.0,22600.0,1091200,KBS
2025-12-12 07:00:00,22600.0,22800.0,22000.0,22000.0,3431900,KBS
2025-12-15 07:00:00,22100.0,22200.0,21600.0,21950.0,2669500,KBS
2025-12-16 07:00:00,22100.0,22500.0,21550.0,22350.0,2186300,KBS
2025-12-17 07:00:00,22500.0,22550.0,22150.0,22250.0,1844700,KBS
2025-12-18 07:00:00,22250.0,22300.0,22100.0,22250.0,900500,KBS
2025-12-19 07:00:00,22300.0,22500.0,22000.0,22500.0,2647200,KBS
2025-12-22 07:00:00,22500.0,22750.0,22400.0,22550.0,1808600,KBS
2025-12-23 07:00:00,22700.0,22700.0,22200.0,22200.0,1948300,KBS
2025-12-24 07:00:00,22200.0,22450.0,22100.0,22350.0,1498700,KBS
2025-12-25 07:00:00,22350.0,22600.0,22150.0,22150.0,1699500,KBS
2025-12-26 07:00:00,22050.0,22300.0,21750.0,22100.0,2237400,KBS
2025-12-29 07:00:00,22450.0,22950.0,22200.0,22700.0,3716400,KBS
2025-12-30 07:00:00,22700.0,22750.0,22400.0,22400.0,1881500,KBS
2025-12-31 07:00:00,22400.0,22600.0,22250.0,22250.0,1429700,KBS
2026-01-05 07:00:00,22500.0,22900.0,22200.0,22500.0,4704800,KBS
2026-01-06 07:00:00,22650.0,23100.0,22650.0,22850.0,4493900,KBS
2026-01-07 07:00:00,23000.0,23600.0,22800.0,23450.0,5731500,KBS
2026-01-08 07:00:00,23850.0,24100.0,23400.0,23500.0,7920400,KBS
2026-01-09 07:00:00,23450.0,23950.0,23450.0,23750.0,6041200,KBS
2026-01-12 07:00:00,23850.0,24700.0,23850.0,24300.0,8618100,KBS
2026-01-13 07:00:00,24400.0,24650.0,23750.0,24400.0,8015500,KBS
2026-01-14 07:00:00,24650.0,25500.0,24200.0,24900.0,12596300,KBS
2026-01-15 07:00:00,24950.0,24950.0,24300.0,24300.0,5419400,KBS
2026-01-16 07:00:00,24400.0,24500.0,24000.0,24100.0,4680200,KBS
2026-01-19 07:00:00,24200.0,24450.0,24000.0,24200.0,2722200,KBS
2026-01-20 07:00:00,24300.0,24700.0,24150.0,24300.0,4862900,KBS
2026-01-21 07:00:00,24150.0,24700.0,24100.0,24650.0,7793300,KBS
2026-01-22 07:00:00,24800.0,26350.0,24800.0,25850.0,18893400,KBS
2026-01-23 07:00:00,25850.0,25850.0,24400.0,24550.0,6074700,KBS
2026-01-26 07:00:00,24550.0,24600.0,22850.0,23000.0,11076900,KBS
2026-01-27 07:00:00,23100.0,23700.0,23050.0,23300.0,3200400,KBS
2026-01-28 07:00:00,23600.0,23900.0,23400.0,23600.0,3524900,KBS
2026-01-29 07:00:00,23850.0,24050.0,23400.0,23900.0,3282800,KBS
2026-01-30 07:00:00,24250.0,24250.0,23850.0,23950.0,4599700,KBS
2026-02-02 07:00:00,24100.0,24500.0,23900.0,24450.0,5514200,KBS
2026-02-03 07:00:00,24650.0,25450.0,24500.0,24700.0,9295200,KBS
2026-02-04 07:00:00,24850.0,25150.0,24600.0,25000.0,5946500,KBS
2026-02-05 07:00:00,25350.0,25750.0,25000.0,25000.0,10423200,KBS
2026-02-06 07:00:00,24750.0,25100.0,24150.0,24700.0,6412400,KBS
2026-02-09 07:00:00,24900.0,25450.0,24400.0,25350.0,6154200,KBS
2026-02-10 07:00:00,25400.0,25450.0,24600.0,25100.0,6919400,KBS
2026-02-11 07:00:00,25100.0,25550.0,24800.0,25250.0,5130300,KBS
2026-02-12 07:00:00,25250.0,25400.0,25000.0,25000.0,3259800,KBS
2026-02-13 07:00:00,25050.0,25300.0,24950.0,25000.0,4495300,KBS
2026-02-23 07:00:00,25300.0,25800.0,25150.0,25400.0,5447000,KBS
2026-02-24 07:00:00,25650.0,27150.0,25500.0,26900.0,22734000,KBS
2026-02-25 07:00:00,27100.0,27200.0,26600.0,26800.0,9320500,KBS
2026-02-26 07:00:00,27000.0,27050.0,26350.0,26500.0,8774600,KBS
2026-02-27 07:00:00,26750.0,28000.0,26700.0,27600.0,18937700,KBS
2026-03-02 07:00:00,29500.0,29500.0,29000.0,29500.0,17288600,KBS
2026-03-03 07:00:00,31500.0,31500.0,29600.0,31350.0,21491100,KBS
2026-03-04 07:00:00,32500.0,32500.0,29350.0,30600.0,27509400,KBS
2026-03-05 07:00:00,30950.0,31600.0,29600.0,30500.0,19382300,KBS
2026-03-06 07:00:00,31050.0,31500.0,30500.0,31150.0,15649900,KBS
2026-03-09 07:00:00,33300.0,33300.0,29900.0,29950.0,39829000,KBS
2026-03-10 07:00:00,30200.0,32000.0,30000.0,31300.0,16556300,KBS
2026-03-11 07:00:00,31300.0,31850.0,29900.0,31800.0,13819800,KBS
2026-03-12 07:00:00,32350.0,34000.0,32350.0,34000.0,22324700,KBS
2026-03-13 07:00:00,35000.0,35800.0,32500.0,33200.0,17041900,KBS
2026-03-16 07:00:00,33200.0,33300.0,30900.0,30900.0,11431200,KBS
2026-03-17 07:00:00,30000.0,30500.0,28750.0,28750.0,26655800,KBS
2026-03-18 07:00:00,29000.0,30750.0,28850.0,30750.0,7434500,KBS
2026-03-19 07:00:00,31650.0,31700.0,29750.0,30750.0,10387100,KBS
2026-03-20 07:00:00,30800.0,30850.0,28700.0,28850.0,9134100,KBS
2026-03-23 07:00:00,28700.0,29900.0,28000.0,28700.0,8107900,KBS
2026-03-24 07:00:00,29750.0,29750.0,28450.0,28800.0,4313800,KBS
2026-03-25 07:00:00,29000.0,29900.0,28700.0,29400.0,5732000,KBS
2026-03-26 07:00:00,29400.0,31200.0,28500.0,31100.0,12313800,KBS
2026-03-27 07:00:00,31300.0,31850.0,30650.0,30800.0,9590700,KBS
2026-03-30 07:00:00,30950.0,31700.0,30800.0,30850.0,7216500,KBS
2026-03-31 07:00:00,31000.0,31000.0,29300.0,29850.0,10183900,KBS
2026-04-01 07:00:00,30000.0,30050.0,28800.0,28900.0,8083700,KBS
2026-04-02 07:00:00,29150.0,29550.0,28650.0,29500.0,3658700,KBS
2026-04-03 07:00:00,29550.0,29650.0,28800.0,28800.0,3194800,KBS
2026-04-06 07:00:00,28750.0,29000.0,27600.0,27600.0,5406800,KBS
2026-04-07 07:00:00,28050.0,28550.0,27750.0,27950.0,3635800,KBS
2026-04-08 07:00:00,28600.0,28900.0,27900.0,28900.0,4350500,KBS
2026-04-09 07:00:00,28750.0,29450.0,28400.0,28500.0,3240000,KBS
2026-04-10 07:00:00,28600.0,29650.0,28400.0,29100.0,5892100,KBS
2026-04-13 07:00:00,29300.0,29700.0,29300.0,29300.0,3874500,KBS
2026-04-14 07:00:00,29500.0,29500.0,28650.0,28700.0,4443700,KBS
2026-04-15 07:00:00,28800.0,29000.0,28300.0,28350.0,4142400,KBS
2026-04-16 07:00:00,28550.0,28900.0,28250.0,28650.0,2675300,KBS
2026-04-17 07:00:00,28650.0,29450.0,28500.0,28900.0,5571000,KBS
2026-04-20 07:00:00,29100.0,29150.0,28500.0,28600.0,2164100,KBS
2026-04-21 07:00:00,28700.0,28750.0,28200.0,28200.0,3078500,KBS
2026-04-22 07:00:00,28200.0,28600.0,27900.0,28000.0,2836500,KBS
2026-04-23 07:00:00,28100.0,28250.0,26650.0,27000.0,6983300,KBS
2026-04-24 07:00:00,27050.0,27450.0,26300.0,26450.0,5565000,KBS
2026-04-28 07:00:00,26550.0,26950.0,25500.0,25650.0,5514300,KBS
2026-04-29 07:00:00,25650.0,26800.0,25500.0,26500.0,5017400,KBS
2026-05-04 07:00:00,26300.0,26950.0,26050.0,26050.0,3474600,KBS
2026-05-05 07:00:00,26200.0,26600.0,25750.0,26550.0,4425800,KBS
2026-05-06 07:00:00,26650.0,26650.0,26400.0,26550.0,2049100,KBS
2026-05-07 07:00:00,26550.0,26700.0,25950.0,26000.0,3729200,KBS
2026-05-08 07:00:00,26000.0,26200.0,25750.0,25850.0,2547400,KBS
2026-05-11 07:00:00,26000.0,26550.0,25850.0,26400.0,3170400,KBS
2026-05-12 07:00:00,26700.0,26750.0,26200.0,26650.0,3465100,KBS
2026-05-13 07:00:00,26700.0,27800.0,26350.0,27300.0,6692400,KBS
2026-05-14 07:00:00,27300.0,27600.0,26800.0,26900.0,3022800,KBS
2026-05-15 07:00:00,26950.0,27200.0,26550.0,27000.0,3328400,KBS
2026-05-18 07:00:00,27150.0,28450.0,27100.0,28150.0,9223600,KBS
2026-05-19 07:00:00,28350.0,28350.0,26700.0,26950.0,4795200,KBS
2026-05-20 07:00:00,26800.0,27100.0,25600.0,26850.0,5026300,KBS
2026-05-21 07:00:00,26850.0,27000.0,26100.0,26300.0,2414100,KBS
2026-05-22 07:00:00,26700.0,26950.0,26350.0,26450.0,2609600,KBS
2026-05-25 07:00:00,26250.0,26400.0,25850.0,26100.0,3079100,KBS
2026-05-26 07:00:00,26000.0,26300.0,26000.0,26200.0,1744700,KBS
2026-05-27 07:00:00,26300.0,26450.0,26100.0,26150.0,1298400,KBS
2026-05-28 07:00:00,26100.0,26250.0,25800.0,25850.0,2182800,KBS
2026-05-29 07:00:00,25850.0,26000.0,25500.0,25900.0,3258300,KBS
2026-06-01 07:00:00,25800.0,25850.0,25500.0,25650.0,2212000,KBS
2026-06-02 07:00:00,25700.0,25800.0,25000.0,25150.0,2628500,KBS
2026-06-03 07:00:00,25150.0,25250.0,24700.0,25150.0,2079400,KBS
2026-06-04 07:00:00,24950.0,25700.0,24950.0,25250.0,1399800,KBS
2026-06-05 07:00:00,25150.0,25350.0,25100.0,25100.0,857800,KBS
