date,open,high,low,close,volume,_source
2020-01-02 07:00:00,11050.0,11570.0,11050.0,11505.0,61940,KBS
2020-01-03 07:00:00,11440.0,11505.0,11212.0,11212.0,17370,KBS
2020-01-06 07:00:00,11115.0,11472.0,11115.0,11375.0,56180,KBS
2020-01-07 07:00:00,11375.0,11472.0,11115.0,11342.0,52990,KBS
2020-01-08 07:00:00,11147.0,11375.0,11147.0,11245.0,148340,KBS
2020-01-09 07:00:00,11310.0,11375.0,11180.0,11342.0,187500,KBS
2020-01-10 07:00:00,11375.0,11830.0,11375.0,11700.0,489560,KBS
2020-01-13 07:00:00,11700.0,11765.0,11245.0,11700.0,35660,KBS
2020-01-14 07:00:00,11245.0,11700.0,11212.0,11700.0,30350,KBS
2020-01-15 07:00:00,11700.0,11700.0,11375.0,11700.0,57900,KBS
2020-01-16 07:00:00,11342.0,11700.0,11310.0,11407.0,76990,KBS
2020-01-17 07:00:00,11375.0,11700.0,11375.0,11570.0,751480,KBS
2020-01-20 07:00:00,11407.0,11602.0,11342.0,11570.0,86230,KBS
2020-01-21 07:00:00,11570.0,11570.0,11180.0,11375.0,34150,KBS
2020-01-22 07:00:00,11375.0,11375.0,11180.0,11342.0,47520,KBS
2020-01-30 07:00:00,11245.0,11960.0,11050.0,11667.0,275370,KBS
2020-01-31 07:00:00,11667.0,11700.0,11245.0,11602.0,63460,KBS
2020-02-03 07:00:00,11277.0,11570.0,10822.0,11505.0,113880,KBS
2020-02-04 07:00:00,11310.0,11537.0,11115.0,11407.0,91610,KBS
2020-02-05 07:00:00,11180.0,11407.0,11147.0,11180.0,138670,KBS
2020-02-06 07:00:00,11082.0,11505.0,11050.0,11505.0,70610,KBS
2020-02-07 07:00:00,11505.0,11505.0,11212.0,11375.0,46160,KBS
2020-02-10 07:00:00,11375.0,11375.0,11147.0,11342.0,82270,KBS
2020-02-11 07:00:00,11342.0,11407.0,11180.0,11407.0,245700,KBS
2020-02-12 07:00:00,11472.0,11472.0,11245.0,11342.0,105970,KBS
2020-02-13 07:00:00,11245.0,11375.0,11245.0,11310.0,47470,KBS
2020-02-14 07:00:00,11245.0,11375.0,11180.0,11245.0,55680,KBS
2020-02-17 07:00:00,11310.0,11342.0,11212.0,11277.0,34290,KBS
2020-02-18 07:00:00,11375.0,11407.0,11245.0,11310.0,154820,KBS
2020-02-19 07:00:00,11245.0,11310.0,11212.0,11245.0,25140,KBS
2020-02-20 07:00:00,11342.0,11342.0,11180.0,11180.0,63830,KBS
2020-02-21 07:00:00,11245.0,11245.0,10985.0,11245.0,395070,KBS
2020-02-24 07:00:00,11245.0,11245.0,10725.0,11180.0,80590,KBS
2020-02-25 07:00:00,10725.0,11277.0,10725.0,11180.0,27960,KBS
2020-02-26 07:00:00,11180.0,11245.0,11050.0,11212.0,55470,KBS
2020-02-27 07:00:00,11050.0,11245.0,11050.0,11245.0,41090,KBS
2020-02-28 07:00:00,11082.0,11245.0,10985.0,11180.0,140490,KBS
2020-03-02 07:00:00,11017.0,11570.0,11017.0,11505.0,364250,KBS
2020-03-03 07:00:00,11212.0,11537.0,11212.0,11375.0,120610,KBS
2020-03-04 07:00:00,11472.0,11472.0,11180.0,11375.0,135790,KBS
2020-03-05 07:00:00,11277.0,11505.0,10887.0,11245.0,835990,KBS
2020-03-06 07:00:00,11310.0,11310.0,10952.0,11180.0,405560,KBS
2020-03-09 07:00:00,10465.0,11147.0,10465.0,11050.0,136890,KBS
2020-03-10 07:00:00,10530.0,11050.0,10530.0,11017.0,126130,KBS
2020-03-11 07:00:00,11017.0,11017.0,10335.0,10920.0,198680,KBS
2020-03-12 07:00:00,10465.0,10887.0,10172.0,10855.0,244060,KBS
2020-03-13 07:00:00,10107.0,10822.0,10107.0,10660.0,855780,KBS
2020-03-16 07:00:00,10660.0,10660.0,9977.0,10400.0,312960,KBS
2020-03-17 07:00:00,9815.0,10530.0,9815.0,10465.0,371710,KBS
2020-03-18 07:00:00,10465.0,10627.0,10335.0,10627.0,848880,KBS
2020-03-19 07:00:00,10400.0,10627.0,10140.0,10172.0,135020,KBS
2020-03-20 07:00:00,10172.0,10400.0,9945.0,10367.0,31860,KBS
2020-03-23 07:00:00,10400.0,10595.0,9652.0,10400.0,398180,KBS
2020-03-24 07:00:00,9815.0,10465.0,9815.0,10400.0,139440,KBS
2020-03-25 07:00:00,10205.0,10432.0,10042.0,10400.0,68370,KBS
2020-03-26 07:00:00,10400.0,10400.0,9847.0,10010.0,184520,KBS
2020-03-27 07:00:00,9880.0,10205.0,9425.0,10205.0,358450,KBS
2020-03-30 07:00:00,9620.0,10205.0,9522.0,10205.0,381240,KBS
2020-03-31 07:00:00,9945.0,10172.0,9522.0,9522.0,625330,KBS
2020-04-01 07:00:00,9100.0,9880.0,9100.0,9880.0,532880,KBS
2020-04-03 07:00:00,9652.0,9880.0,9262.0,9880.0,1313270,KBS
2020-04-06 07:00:00,9880.0,10075.0,9555.0,10075.0,203550,KBS
2020-04-07 07:00:00,9750.0,10075.0,9750.0,10075.0,1373070,KBS
2020-04-08 07:00:00,9620.0,10042.0,9620.0,9880.0,263460,KBS
2020-04-09 07:00:00,9880.0,9945.0,9782.0,9880.0,259700,KBS
2020-04-10 07:00:00,9782.0,9847.0,9522.0,9847.0,499740,KBS
2020-04-13 07:00:00,9847.0,9880.0,9652.0,9880.0,101110,KBS
2020-04-14 07:00:00,9880.0,9977.0,9717.0,9847.0,138290,KBS
2020-04-15 07:00:00,9847.0,9880.0,9685.0,9847.0,121970,KBS
2020-04-16 07:00:00,9750.0,9880.0,9717.0,9847.0,217150,KBS
2020-04-17 07:00:00,9880.0,10140.0,9750.0,9880.0,874840,KBS
2020-04-20 07:00:00,9945.0,10075.0,9815.0,9880.0,841910,KBS
2020-04-21 07:00:00,9880.0,9945.0,9652.0,9847.0,248790,KBS
2020-04-22 07:00:00,9717.0,10140.0,9717.0,10010.0,821030,KBS
2020-04-23 07:00:00,10140.0,10205.0,9945.0,9945.0,221620,KBS
2020-04-24 07:00:00,9847.0,10010.0,9847.0,9945.0,191720,KBS
2020-04-27 07:00:00,9815.0,9945.0,9652.0,9815.0,438480,KBS
2020-04-28 07:00:00,9750.0,9847.0,9652.0,9847.0,223530,KBS
2020-04-29 07:00:00,9750.0,9847.0,9685.0,9750.0,443860,KBS
2020-05-04 07:00:00,9620.0,9815.0,9620.0,9782.0,284550,KBS
2020-05-05 07:00:00,9782.0,9782.0,9555.0,9750.0,490590,KBS
2020-05-06 07:00:00,9750.0,9750.0,9620.0,9750.0,823590,KBS
2020-05-07 07:00:00,9847.0,9847.0,9652.0,9815.0,222720,KBS
2020-05-08 07:00:00,9782.0,10107.0,9782.0,9912.0,463060,KBS
2020-05-11 07:00:00,10010.0,10075.0,9847.0,10010.0,186110,KBS
2020-05-12 07:00:00,9977.0,10042.0,9750.0,9912.0,209410,KBS
2020-05-13 07:00:00,9912.0,9945.0,9230.0,9912.0,500730,KBS
2020-05-14 07:00:00,9782.0,10042.0,9782.0,9977.0,739600,KBS
2020-05-15 07:00:00,9945.0,10140.0,9912.0,10075.0,436860,KBS
2020-05-18 07:00:00,10010.0,10237.0,9945.0,10237.0,518890,KBS
2020-05-19 07:00:00,10270.0,10692.0,10270.0,10562.0,430260,KBS
2020-05-20 07:00:00,10530.0,10790.0,10432.0,10595.0,363970,KBS
2020-05-21 07:00:00,10660.0,11310.0,10595.0,11310.0,968450,KBS
2020-05-22 07:00:00,10855.0,11375.0,10757.0,10985.0,641700,KBS
2020-05-25 07:00:00,10855.0,11147.0,10725.0,10985.0,389240,KBS
2020-05-26 07:00:00,10920.0,11115.0,10920.0,10985.0,382380,KBS
2020-05-27 07:00:00,11050.0,11440.0,11050.0,11180.0,471440,KBS
2020-05-28 07:00:00,11180.0,11440.0,10985.0,10985.0,502180,KBS
2020-05-29 07:00:00,11050.0,11440.0,11050.0,11245.0,362450,KBS
2020-06-01 07:00:00,11342.0,11765.0,11115.0,11342.0,229560,KBS
2020-06-02 07:00:00,11342.0,11700.0,11342.0,11440.0,425640,KBS
2020-06-03 07:00:00,11505.0,11797.0,11440.0,11472.0,213440,KBS
2020-06-04 07:00:00,11440.0,11667.0,11440.0,11472.0,328350,KBS
2020-06-05 07:00:00,11570.0,11700.0,11472.0,11505.0,447980,KBS
2020-06-08 07:00:00,11635.0,11830.0,11505.0,11537.0,453800,KBS
2020-06-09 07:00:00,11537.0,11895.0,11537.0,11765.0,139250,KBS
2020-06-10 07:00:00,11797.0,11797.0,11570.0,11765.0,95310,KBS
2020-06-11 07:00:00,11765.0,11797.0,11602.0,11700.0,185650,KBS
2020-06-12 07:00:00,11407.0,11830.0,11407.0,11635.0,197860,KBS
2020-06-15 07:00:00,11635.0,11960.0,11570.0,11830.0,126000,KBS
2020-06-16 07:00:00,11635.0,11797.0,11602.0,11635.0,51160,KBS
2020-06-17 07:00:00,11830.0,11830.0,11505.0,11765.0,72320,KBS
2020-06-18 07:00:00,11765.0,11765.0,11570.0,11765.0,269880,KBS
2020-06-19 07:00:00,11635.0,11862.0,11635.0,11862.0,106470,KBS
2020-06-22 07:00:00,11700.0,11862.0,11570.0,11830.0,105170,KBS
2020-06-23 07:00:00,11862.0,11862.0,11667.0,11700.0,35830,KBS
2020-06-24 07:00:00,11830.0,11830.0,11635.0,11700.0,20030,KBS
2020-06-25 07:00:00,11635.0,11862.0,11407.0,11537.0,108130,KBS
2020-06-26 07:00:00,11537.0,11602.0,11375.0,11537.0,20400,KBS
2020-06-29 07:00:00,11440.0,11700.0,11212.0,11700.0,52920,KBS
2020-06-30 07:00:00,11407.0,11732.0,11212.0,11570.0,110790,KBS
2020-07-01 07:00:00,11440.0,11570.0,11375.0,11537.0,25700,KBS
2020-07-02 07:00:00,11537.0,11537.0,11180.0,11505.0,47700,KBS
2020-07-03 07:00:00,11375.0,11602.0,11147.0,11602.0,79070,KBS
2020-07-06 07:00:00,11602.0,11602.0,11180.0,11570.0,93840,KBS
2020-07-07 07:00:00,11570.0,11570.0,11310.0,11570.0,68870,KBS
2020-07-08 07:00:00,11505.0,11505.0,11342.0,11472.0,70930,KBS
2020-07-09 07:00:00,11375.0,11602.0,11245.0,11472.0,186240,KBS
2020-07-10 07:00:00,11375.0,11472.0,11245.0,11440.0,98500,KBS
2020-07-13 07:00:00,11440.0,11505.0,10985.0,11310.0,220130,KBS
2020-07-14 07:00:00,11245.0,11342.0,10920.0,11050.0,379910,KBS
2020-07-15 07:00:00,11050.0,11245.0,11017.0,11245.0,204760,KBS
2020-07-16 07:00:00,11245.0,11440.0,11050.0,11440.0,223630,KBS
2020-07-17 07:00:00,11212.0,11407.0,11147.0,11342.0,166430,KBS
2020-07-20 07:00:00,11180.0,11277.0,11180.0,11277.0,93730,KBS
2020-07-21 07:00:00,11147.0,11440.0,11147.0,11245.0,99530,KBS
2020-07-22 07:00:00,11147.0,11310.0,11050.0,11277.0,151480,KBS
2020-07-23 07:00:00,11147.0,11245.0,11017.0,11245.0,139830,KBS
2020-07-24 07:00:00,11245.0,11310.0,10627.0,10920.0,287290,KBS
2020-07-27 07:00:00,10660.0,11082.0,10237.0,10660.0,206050,KBS
2020-07-28 07:00:00,10302.0,10725.0,10140.0,10725.0,500170,KBS
2020-07-29 07:00:00,10172.0,11472.0,10172.0,11472.0,683290,KBS
2020-07-30 07:00:00,10757.0,11310.0,10757.0,11115.0,146710,KBS
2020-07-31 07:00:00,10660.0,10822.0,10497.0,10757.0,146150,KBS
2020-08-03 07:00:00,10562.0,10790.0,10530.0,10790.0,115010,KBS
2020-08-04 07:00:00,10790.0,10952.0,10627.0,10952.0,238180,KBS
2020-08-05 07:00:00,10952.0,11050.0,10757.0,11050.0,199360,KBS
2020-08-06 07:00:00,10887.0,11050.0,10855.0,11017.0,73510,KBS
2020-08-07 07:00:00,10757.0,10985.0,10757.0,10985.0,104260,KBS
2020-08-10 07:00:00,10985.0,11017.0,10757.0,10952.0,169660,KBS
2020-08-11 07:00:00,10855.0,11050.0,10790.0,11050.0,173140,KBS
2020-08-12 07:00:00,10887.0,11017.0,10887.0,10985.0,39320,KBS
2020-08-13 07:00:00,10985.0,10985.0,10855.0,10855.0,248110,KBS
2020-08-14 07:00:00,10920.0,11050.0,10822.0,11050.0,287500,KBS
2020-08-17 07:00:00,10920.0,11375.0,10887.0,11050.0,135150,KBS
2020-08-18 07:00:00,10920.0,11050.0,10822.0,10952.0,153840,KBS
2020-08-19 07:00:00,10855.0,10952.0,10790.0,10952.0,124570,KBS
2020-08-20 07:00:00,10855.0,11017.0,10725.0,11017.0,443820,KBS
2020-08-21 07:00:00,10887.0,11017.0,10855.0,11017.0,485980,KBS
2020-08-24 07:00:00,10952.0,11050.0,10887.0,11017.0,416860,KBS
2020-08-25 07:00:00,10920.0,11050.0,10887.0,11017.0,146500,KBS
2020-08-26 07:00:00,10920.0,11050.0,10920.0,11017.0,120710,KBS
2020-08-27 07:00:00,10985.0,11082.0,10920.0,11017.0,338590,KBS
2020-08-28 07:00:00,11017.0,11505.0,10952.0,11342.0,535570,KBS
2020-08-31 07:00:00,11375.0,11375.0,11180.0,11212.0,97830,KBS
2020-09-01 07:00:00,11115.0,11180.0,11082.0,11180.0,91160,KBS
2020-09-03 07:00:00,11180.0,11440.0,11147.0,11180.0,605430,KBS
2020-09-04 07:00:00,11050.0,11180.0,11017.0,11082.0,209170,KBS
2020-09-07 07:00:00,11115.0,11180.0,10985.0,10985.0,136200,KBS
2020-09-08 07:00:00,10985.0,11115.0,10822.0,11115.0,407970,KBS
2020-09-09 07:00:00,11050.0,11082.0,10855.0,10920.0,409750,KBS
2020-09-10 07:00:00,10920.0,11050.0,10920.0,10920.0,136230,KBS
2020-09-11 07:00:00,10920.0,10985.0,10855.0,10855.0,100370,KBS
2020-09-14 07:00:00,10952.0,11115.0,10757.0,11115.0,517650,KBS
2020-09-15 07:00:00,11050.0,11050.0,10952.0,10985.0,266900,KBS
2020-09-16 07:00:00,10985.0,11017.0,10887.0,11017.0,103120,KBS
2020-09-17 07:00:00,10920.0,11050.0,10855.0,11050.0,571750,KBS
2020-09-18 07:00:00,10920.0,11050.0,10887.0,11050.0,398930,KBS
2020-09-21 07:00:00,11017.0,11082.0,10920.0,11082.0,634840,KBS
2020-09-22 07:00:00,11082.0,11082.0,10985.0,11082.0,217900,KBS
2020-09-23 07:00:00,11082.0,11180.0,11017.0,11115.0,509250,KBS
2020-09-24 07:00:00,11082.0,11147.0,11050.0,11147.0,84640,KBS
2020-09-25 07:00:00,11180.0,11180.0,11082.0,11115.0,124060,KBS
2020-09-28 07:00:00,11082.0,11277.0,11050.0,11180.0,311340,KBS
2020-09-29 07:00:00,11180.0,11180.0,11017.0,11050.0,163100,KBS
2020-09-30 07:00:00,10985.0,11082.0,10952.0,11050.0,108610,KBS
2020-10-01 07:00:00,11017.0,11082.0,10952.0,11050.0,165370,KBS
2020-10-02 07:00:00,11050.0,11180.0,10952.0,11050.0,228550,KBS
2020-10-05 07:00:00,11180.0,11375.0,10952.0,11277.0,703860,KBS
2020-10-06 07:00:00,11375.0,11602.0,11245.0,11407.0,766900,KBS
2020-10-07 07:00:00,11342.0,11407.0,11212.0,11342.0,313680,KBS
2020-10-08 07:00:00,11310.0,11310.0,11082.0,11147.0,474680,KBS
2020-10-09 07:00:00,11180.0,11180.0,11017.0,11147.0,241720,KBS
2020-10-12 07:00:00,11180.0,11277.0,11115.0,11180.0,396660,KBS
2020-10-13 07:00:00,11115.0,11310.0,11115.0,11310.0,472900,KBS
2020-10-14 07:00:00,11375.0,11440.0,11277.0,11310.0,584060,KBS
2020-10-15 07:00:00,11407.0,11440.0,11212.0,11440.0,504220,KBS
2020-10-16 07:00:00,11440.0,11440.0,11115.0,11277.0,384180,KBS
2020-10-19 07:00:00,11245.0,11440.0,11115.0,11180.0,121840,KBS
2020-10-20 07:00:00,11180.0,11440.0,11180.0,11375.0,564550,KBS
2020-10-21 07:00:00,11277.0,11342.0,11212.0,11212.0,121910,KBS
2020-10-22 07:00:00,11212.0,11375.0,11180.0,11375.0,483020,KBS
2020-10-23 07:00:00,11407.0,11407.0,11245.0,11375.0,331950,KBS
2020-10-26 07:00:00,11375.0,11440.0,11245.0,11245.0,436770,KBS
2020-10-27 07:00:00,11147.0,11310.0,11115.0,11245.0,290550,KBS
2020-10-28 07:00:00,11082.0,11310.0,11050.0,11245.0,394880,KBS
2020-10-29 07:00:00,11050.0,11310.0,11017.0,11212.0,513000,KBS
2020-10-30 07:00:00,11212.0,11212.0,10985.0,11180.0,300510,KBS
2020-11-02 07:00:00,11082.0,11180.0,11050.0,11180.0,103350,KBS
2020-11-03 07:00:00,11310.0,11310.0,11082.0,11245.0,324190,KBS
2020-11-04 07:00:00,11245.0,11310.0,11082.0,11212.0,116470,KBS
2020-11-05 07:00:00,11245.0,11245.0,11050.0,11180.0,292860,KBS
2020-11-06 07:00:00,11082.0,11245.0,11017.0,11245.0,181850,KBS
2020-11-09 07:00:00,11082.0,11277.0,11082.0,11245.0,180240,KBS
2020-11-10 07:00:00,11245.0,11310.0,11147.0,11245.0,150040,KBS
2020-11-11 07:00:00,11147.0,11245.0,11082.0,11212.0,185120,KBS
2020-11-12 07:00:00,11245.0,11245.0,11115.0,11245.0,322430,KBS
2020-11-13 07:00:00,11147.0,11245.0,11115.0,11180.0,88040,KBS
2020-11-16 07:00:00,11147.0,11212.0,11017.0,11147.0,522370,KBS
2020-11-17 07:00:00,11147.0,11245.0,10985.0,11245.0,603010,KBS
2020-11-18 07:00:00,11082.0,11245.0,11017.0,11180.0,425290,KBS
2020-11-19 07:00:00,11180.0,11180.0,10985.0,11147.0,401200,KBS
2020-11-20 07:00:00,11050.0,11212.0,11050.0,11212.0,295670,KBS
2020-11-23 07:00:00,11115.0,11147.0,11017.0,11147.0,236670,KBS
2020-11-24 07:00:00,11050.0,11147.0,11050.0,11147.0,228870,KBS
2020-11-25 07:00:00,11147.0,11212.0,11082.0,11212.0,365400,KBS
2020-11-26 07:00:00,11212.0,11245.0,11082.0,11212.0,775590,KBS
2020-11-27 07:00:00,11212.0,11212.0,11115.0,11115.0,93050,KBS
2020-11-30 07:00:00,11180.0,11180.0,11082.0,11180.0,108680,KBS
2020-12-01 07:00:00,11115.0,11180.0,11050.0,11147.0,322490,KBS
2020-12-02 07:00:00,11017.0,11212.0,11017.0,11180.0,217380,KBS
2020-12-03 07:00:00,11180.0,11180.0,11050.0,11180.0,236460,KBS
2020-12-04 07:00:00,11180.0,11180.0,11082.0,11082.0,326580,KBS
2020-12-07 07:00:00,11147.0,11180.0,11082.0,11180.0,90110,KBS
2020-12-08 07:00:00,11147.0,11147.0,11082.0,11082.0,130390,KBS
2020-12-09 07:00:00,11082.0,11147.0,11050.0,11115.0,299840,KBS
2020-12-10 07:00:00,11147.0,11180.0,11082.0,11180.0,219660,KBS
2020-12-11 07:00:00,11082.0,11180.0,11082.0,11115.0,180340,KBS
2020-12-14 07:00:00,11115.0,11180.0,11115.0,11180.0,270440,KBS
2020-12-15 07:00:00,11115.0,11180.0,11082.0,11147.0,275260,KBS
2020-12-16 07:00:00,11115.0,11147.0,11050.0,11147.0,151770,KBS
2020-12-17 07:00:00,11147.0,11147.0,10725.0,11082.0,317920,KBS
2020-12-18 07:00:00,11115.0,11180.0,11050.0,11180.0,409560,KBS
2020-12-21 07:00:00,11180.0,11960.0,11115.0,11960.0,1287450,KBS
2020-12-22 07:00:00,12675.0,12772.0,12675.0,12772.0,1270550,KBS
2020-12-23 07:00:00,13585.0,13585.0,12675.0,12675.0,550870,KBS
2020-12-24 07:00:00,12220.0,12577.0,11797.0,12350.0,719880,KBS
2020-12-25 07:00:00,12220.0,12675.0,11797.0,12415.0,452070,KBS
2020-12-28 07:00:00,12740.0,12740.0,12090.0,12220.0,403430,KBS
2020-12-29 07:00:00,12025.0,12350.0,12025.0,12220.0,439320,KBS
2020-12-30 07:00:00,12187.0,13065.0,11927.0,13065.0,507780,KBS
2020-12-31 07:00:00,12675.0,12740.0,12317.0,12512.0,469550,KBS
2021-01-04 07:00:00,12512.0,12805.0,12415.0,12675.0,673900,KBS
2021-01-05 07:00:00,12740.0,12740.0,12512.0,12675.0,409200,KBS
2021-01-06 07:00:00,12675.0,13325.0,12480.0,13325.0,1034500,KBS
2021-01-07 07:00:00,13325.0,13325.0,13000.0,13065.0,475500,KBS
2021-01-08 07:00:00,13032.0,13325.0,13000.0,13260.0,478500,KBS
2021-01-11 07:00:00,13260.0,13325.0,13000.0,13130.0,501400,KBS
2021-01-12 07:00:00,13260.0,13260.0,13000.0,13130.0,349300,KBS
2021-01-13 07:00:00,13130.0,14040.0,13065.0,13975.0,1941500,KBS
2021-01-14 07:00:00,14235.0,14527.0,13780.0,14040.0,508000,KBS
2021-01-15 07:00:00,14040.0,14397.0,14040.0,14300.0,526700,KBS
2021-01-18 07:00:00,14300.0,14300.0,13650.0,13942.0,554800,KBS
2021-01-19 07:00:00,13390.0,13812.0,12967.0,13130.0,658600,KBS
2021-01-20 07:00:00,12740.0,13130.0,12220.0,13130.0,694800,KBS
2021-01-21 07:00:00,13130.0,13292.0,12675.0,13000.0,477800,KBS
2021-01-22 07:00:00,13195.0,13325.0,13000.0,13325.0,404000,KBS
2021-01-25 07:00:00,13227.0,13227.0,12805.0,13000.0,936400,KBS
2021-01-26 07:00:00,13065.0,13065.0,12090.0,12220.0,780700,KBS
2021-01-27 07:00:00,12252.0,12252.0,11440.0,11505.0,1712100,KBS
2021-01-28 07:00:00,10855.0,11765.0,10725.0,11765.0,2110100,KBS
2021-01-29 07:00:00,11050.0,11700.0,10952.0,10952.0,2393800,KBS
2021-02-01 07:00:00,10952.0,11375.0,10952.0,11375.0,1126000,KBS
2021-02-02 07:00:00,11050.0,11440.0,10855.0,11375.0,1296200,KBS
2021-02-03 07:00:00,11310.0,11700.0,11212.0,11635.0,1616400,KBS
2021-02-04 07:00:00,11570.0,11635.0,11212.0,11570.0,360400,KBS
2021-02-05 07:00:00,11570.0,11635.0,11407.0,11635.0,445500,KBS
2021-02-08 07:00:00,11602.0,11602.0,11245.0,11537.0,452800,KBS
2021-02-09 07:00:00,11375.0,11635.0,11310.0,11570.0,272400,KBS
2021-02-17 07:00:00,11570.0,11895.0,11407.0,11700.0,460900,KBS
2021-02-18 07:00:00,11700.0,12025.0,11505.0,12025.0,476800,KBS
2021-02-19 07:00:00,11700.0,12025.0,11667.0,12025.0,330500,KBS
2021-02-22 07:00:00,11992.0,11992.0,11732.0,11895.0,491400,KBS
2021-02-23 07:00:00,11895.0,11895.0,11700.0,11895.0,489400,KBS
2021-02-24 07:00:00,11895.0,11895.0,11635.0,11830.0,327900,KBS
2021-02-25 07:00:00,11830.0,11830.0,11602.0,11765.0,235900,KBS
2021-02-26 07:00:00,11570.0,11765.0,11570.0,11765.0,231700,KBS
2021-03-01 07:00:00,11765.0,12025.0,11700.0,11992.0,648800,KBS
2021-03-02 07:00:00,12090.0,12317.0,12025.0,12220.0,1273300,KBS
2021-03-03 07:00:00,12252.0,12252.0,12025.0,12187.0,234000,KBS
2021-03-04 07:00:00,12220.0,12220.0,11765.0,12090.0,338600,KBS
2021-03-05 07:00:00,12090.0,12090.0,11732.0,12025.0,214100,KBS
2021-03-08 07:00:00,12025.0,12057.0,11830.0,11992.0,551800,KBS
2021-03-09 07:00:00,11797.0,11960.0,11797.0,11960.0,173700,KBS
2021-03-10 07:00:00,11797.0,11960.0,11732.0,11960.0,220200,KBS
2021-03-11 07:00:00,11960.0,11960.0,11862.0,11960.0,329200,KBS
2021-03-12 07:00:00,11960.0,11992.0,11895.0,11960.0,292800,KBS
2021-03-15 07:00:00,12025.0,12025.0,11960.0,11992.0,391500,KBS
2021-03-16 07:00:00,11992.0,11992.0,11765.0,11960.0,277100,KBS
2021-03-17 07:00:00,11960.0,12025.0,11830.0,11992.0,192700,KBS
2021-03-18 07:00:00,12090.0,12512.0,12090.0,12447.0,1112500,KBS
2021-03-19 07:00:00,12480.0,12870.0,12480.0,12805.0,1077500,KBS
2021-03-22 07:00:00,12935.0,12935.0,12447.0,12577.0,355500,KBS
2021-03-23 07:00:00,12545.0,12577.0,12057.0,12350.0,769300,KBS
2021-03-24 07:00:00,11797.0,12220.0,11797.0,12025.0,612100,KBS
2021-03-25 07:00:00,11895.0,12447.0,11895.0,12350.0,512200,KBS
2021-03-26 07:00:00,12350.0,12350.0,11830.0,12350.0,274500,KBS
2021-03-29 07:00:00,12350.0,12350.0,12057.0,12285.0,367700,KBS
2021-03-30 07:00:00,12285.0,12805.0,12252.0,12675.0,1753400,KBS
2021-03-31 07:00:00,12772.0,13455.0,12675.0,13065.0,2160100,KBS
2021-04-01 07:00:00,13552.0,13552.0,13130.0,13195.0,854700,KBS
2021-04-02 07:00:00,13227.0,13357.0,13130.0,13260.0,1290800,KBS
2021-04-05 07:00:00,13650.0,14170.0,13650.0,14170.0,1780700,KBS
2021-04-06 07:00:00,14690.0,15080.0,14430.0,15015.0,2478600,KBS
2021-04-07 07:00:00,15047.0,15047.0,14625.0,14950.0,1277500,KBS
2021-04-08 07:00:00,14982.0,15015.0,14722.0,14820.0,682800,KBS
2021-04-09 07:00:00,14820.0,14820.0,14495.0,14592.0,1124000,KBS
2021-04-12 07:00:00,14625.0,15210.0,14592.0,15210.0,1582900,KBS
2021-04-13 07:00:00,15665.0,15990.0,15275.0,15340.0,1810800,KBS
2021-04-14 07:00:00,14950.0,16412.0,14950.0,16412.0,1736100,KBS
2021-04-15 07:00:00,16412.0,17224.0,16217.0,16770.0,1333600,KBS
2021-04-16 07:00:00,16770.0,17354.0,16347.0,17030.0,1409900,KBS
2021-04-19 07:00:00,17095.0,17712.0,17030.0,17614.0,1552000,KBS
2021-04-20 07:00:00,17874.0,18362.0,17159.0,17614.0,2377500,KBS
2021-04-22 07:00:00,17614.0,17679.0,16412.0,16445.0,1697000,KBS
2021-04-23 07:00:00,16217.0,17517.0,16022.0,17517.0,1069800,KBS
2021-04-26 07:00:00,17419.0,17517.0,16445.0,16997.0,1419600,KBS
2021-04-27 07:00:00,16640.0,16997.0,16445.0,16965.0,1146000,KBS
2021-04-28 07:00:00,16575.0,17874.0,16445.0,17874.0,1976100,KBS
2021-04-29 07:00:00,17224.0,17842.0,17224.0,17842.0,2189100,KBS
2021-05-04 07:00:00,17224.0,17419.0,16770.0,17159.0,690000,KBS
2021-05-05 07:00:00,17095.0,17484.0,17030.0,17030.0,2090300,KBS
2021-05-06 07:00:00,17030.0,17354.0,16770.0,16770.0,956400,KBS
2021-05-07 07:00:00,16900.0,16900.0,16510.0,16705.0,406000,KBS
2021-05-10 07:00:00,16250.0,16672.0,16120.0,16185.0,730900,KBS
2021-05-11 07:00:00,16120.0,17030.0,16055.0,16705.0,445400,KBS
2021-05-12 07:00:00,16640.0,16835.0,16412.0,16477.0,445400,KBS
2021-05-13 07:00:00,16477.0,17549.0,16477.0,17549.0,1868100,KBS
2021-05-14 07:00:00,17614.0,17874.0,17419.0,17744.0,776900,KBS
2021-05-17 07:00:00,18069.0,18069.0,17224.0,17517.0,690400,KBS
2021-05-18 07:00:00,17224.0,17289.0,16835.0,16900.0,748200,KBS
2021-05-19 07:00:00,16900.0,17257.0,16770.0,17095.0,829600,KBS
2021-05-20 07:00:00,17095.0,17095.0,16705.0,16900.0,879500,KBS
2021-05-21 07:00:00,16900.0,17095.0,16770.0,16932.0,902000,KBS
2021-05-24 07:00:00,16932.0,17095.0,16835.0,16932.0,556700,KBS
2021-05-25 07:00:00,16965.0,17712.0,16315.0,17419.0,2104800,KBS
2021-05-26 07:00:00,17452.0,18622.0,17452.0,18622.0,1710400,KBS
2021-05-27 07:00:00,19922.0,19922.0,19499.0,19922.0,2158500,KBS
2021-05-28 07:00:00,20474.0,20864.0,19759.0,20734.0,1949600,KBS
2021-05-31 07:00:00,20344.0,21319.0,19759.0,21319.0,1636800,KBS
2021-06-01 07:00:00,21254.0,21449.0,20994.0,21124.0,904700,KBS
2021-06-02 07:00:00,20149.0,20669.0,19954.0,20247.0,1164600,KBS
2021-06-03 07:00:00,20344.0,20962.0,19824.0,20799.0,1519500,KBS
2021-06-04 07:00:00,20799.0,21774.0,20669.0,21709.0,1397700,KBS
2021-06-07 07:00:00,21644.0,21644.0,20344.0,21287.0,1050100,KBS
2021-06-08 07:00:00,21059.0,21059.0,19922.0,19954.0,1129900,KBS
2021-06-09 07:00:00,19694.0,20474.0,18914.0,20214.0,906800,KBS
2021-06-10 07:00:00,19499.0,20149.0,19499.0,19694.0,688200,KBS
2021-06-11 07:00:00,19694.0,20214.0,19499.0,19759.0,991000,KBS
2021-06-14 07:00:00,20149.0,20149.0,19532.0,19759.0,1021400,KBS
2021-06-15 07:00:00,19759.0,19824.0,19434.0,19499.0,564700,KBS
2021-06-16 07:00:00,18979.0,19499.0,18849.0,18914.0,793200,KBS
2021-06-17 07:00:00,18784.0,18914.0,18427.0,18849.0,405600,KBS
2021-06-18 07:00:00,19044.0,19434.0,19044.0,19369.0,296600,KBS
2021-06-21 07:00:00,19434.0,19434.0,19044.0,19142.0,256500,KBS
2021-06-22 07:00:00,19239.0,19304.0,18914.0,19207.0,689700,KBS
2021-06-23 07:00:00,19109.0,19304.0,19044.0,19044.0,282100,KBS
2021-06-24 07:00:00,19174.0,19174.0,18882.0,18947.0,246900,KBS
2021-06-25 07:00:00,18882.0,19174.0,18524.0,19012.0,332000,KBS
2021-06-28 07:00:00,19174.0,19434.0,19044.0,19369.0,464900,KBS
2021-06-29 07:00:00,19467.0,20149.0,19467.0,19824.0,666800,KBS
2021-06-30 07:00:00,19824.0,19889.0,19532.0,19694.0,280900,KBS
2021-07-01 07:00:00,19694.0,20149.0,19369.0,19954.0,581600,KBS
2021-07-02 07:00:00,20084.0,20409.0,19922.0,20377.0,1868400,KBS
2021-07-05 07:00:00,20214.0,20702.0,20149.0,20637.0,803600,KBS
2021-07-06 07:00:00,20799.0,20929.0,19824.0,19824.0,825500,KBS
2021-07-07 07:00:00,19694.0,20019.0,19369.0,19824.0,476300,KBS
2021-07-08 07:00:00,19824.0,19824.0,18979.0,19077.0,379500,KBS
2021-07-09 07:00:00,18849.0,19304.0,18199.0,18784.0,583600,KBS
2021-07-12 07:00:00,18199.0,19434.0,17484.0,18719.0,1035100,KBS
2021-07-13 07:00:00,18264.0,19369.0,17874.0,18264.0,222100,KBS
2021-07-14 07:00:00,18264.0,18264.0,16997.0,17224.0,384000,KBS
2021-07-15 07:00:00,17289.0,17712.0,17289.0,17614.0,339600,KBS
2021-07-16 07:00:00,17842.0,17842.0,17419.0,17549.0,362800,KBS
2021-07-19 07:00:00,17452.0,17517.0,16347.0,16867.0,813900,KBS
2021-07-20 07:00:00,16445.0,16900.0,16250.0,16770.0,226200,KBS
2021-07-21 07:00:00,16705.0,17062.0,16705.0,16737.0,267000,KBS
2021-07-22 07:00:00,16737.0,17549.0,16705.0,17549.0,305700,KBS
2021-07-23 07:00:00,16932.0,17549.0,16900.0,16900.0,360700,KBS
2021-07-26 07:00:00,16900.0,16900.0,16250.0,16900.0,487900,KBS
2021-07-27 07:00:00,17030.0,17030.0,16185.0,16185.0,1009500,KBS
2021-07-28 07:00:00,16250.0,16412.0,16087.0,16087.0,250900,KBS
2021-07-29 07:00:00,16055.0,16900.0,16055.0,16900.0,343200,KBS
2021-07-30 07:00:00,16802.0,17224.0,16575.0,17159.0,725800,KBS
2021-08-02 07:00:00,17159.0,17159.0,16770.0,16770.0,399500,KBS
2021-08-03 07:00:00,16770.0,17647.0,16770.0,17549.0,1038600,KBS
2021-08-04 07:00:00,17549.0,17874.0,17322.0,17842.0,870700,KBS
2021-08-05 07:00:00,17647.0,18069.0,17484.0,17907.0,364000,KBS
2021-08-06 07:00:00,18004.0,18004.0,17517.0,17517.0,477400,KBS
2021-08-09 07:00:00,17517.0,17614.0,17387.0,17614.0,391600,KBS
2021-08-10 07:00:00,17452.0,17679.0,17322.0,17354.0,550400,KBS
2021-08-11 07:00:00,17354.0,17517.0,17289.0,17322.0,299800,KBS
2021-08-12 07:00:00,17257.0,17517.0,17224.0,17354.0,580000,KBS
2021-08-13 07:00:00,17224.0,17419.0,16965.0,17095.0,182700,KBS
2021-08-16 07:00:00,17289.0,17354.0,16965.0,17257.0,487900,KBS
2021-08-17 07:00:00,17095.0,17452.0,17095.0,17257.0,679600,KBS
2021-08-18 07:00:00,17095.0,17354.0,17062.0,17095.0,295000,KBS
2021-08-19 07:00:00,17127.0,17127.0,16770.0,16835.0,509300,KBS
2021-08-20 07:00:00,16835.0,16900.0,16055.0,16185.0,480600,KBS
2021-08-23 07:00:00,15925.0,16315.0,15535.0,15600.0,535200,KBS
2021-08-24 07:00:00,15665.0,15925.0,15600.0,15665.0,281600,KBS
2021-08-25 07:00:00,15730.0,15990.0,15665.0,15990.0,164200,KBS
2021-08-26 07:00:00,16185.0,16380.0,15762.0,15762.0,215000,KBS
2021-08-27 07:00:00,15697.0,16120.0,15697.0,15990.0,254900,KBS
2021-08-30 07:00:00,16022.0,16900.0,15892.0,16575.0,988600,KBS
2021-08-31 07:00:00,16835.0,16835.0,16477.0,16477.0,1225700,KBS
2021-09-01 07:00:00,16477.0,16510.0,16250.0,16282.0,207800,KBS
2021-09-06 07:00:00,16412.0,16412.0,16055.0,16217.0,211400,KBS
2021-09-07 07:00:00,16185.0,17127.0,15990.0,16900.0,1319700,KBS
2021-09-08 07:00:00,16770.0,16770.0,16412.0,16575.0,162800,KBS
2021-09-09 07:00:00,16640.0,16640.0,16250.0,16542.0,166000,KBS
2021-09-10 07:00:00,16542.0,17030.0,16380.0,16770.0,536400,KBS
2021-09-13 07:00:00,16770.0,16867.0,16477.0,16575.0,124000,KBS
2021-09-14 07:00:00,16542.0,16640.0,16412.0,16640.0,213800,KBS
2021-09-15 07:00:00,16640.0,16640.0,16315.0,16575.0,202300,KBS
2021-09-16 07:00:00,16445.0,16672.0,16380.0,16380.0,599200,KBS
2021-09-17 07:00:00,16315.0,16900.0,16315.0,16900.0,669200,KBS
2021-09-20 07:00:00,16835.0,16900.0,16380.0,16445.0,629600,KBS
2021-09-21 07:00:00,16250.0,16380.0,16055.0,16087.0,671500,KBS
2021-09-22 07:00:00,16022.0,16250.0,15925.0,16120.0,580100,KBS
2021-09-23 07:00:00,15990.0,16477.0,15795.0,15795.0,771000,KBS
2021-09-24 07:00:00,16087.0,16120.0,15600.0,15632.0,805700,KBS
2021-09-27 07:00:00,15860.0,15860.0,15405.0,15470.0,430000,KBS
2021-09-28 07:00:00,15470.0,15502.0,14397.0,15502.0,180800,KBS
2021-09-29 07:00:00,15210.0,15437.0,15210.0,15275.0,153800,KBS
2021-09-30 07:00:00,15600.0,15600.0,15080.0,15340.0,122600,KBS
2021-10-01 07:00:00,15340.0,15372.0,14625.0,14852.0,163400,KBS
2021-10-04 07:00:00,14657.0,14722.0,14235.0,14365.0,409600,KBS
2021-10-05 07:00:00,14300.0,14787.0,14300.0,14560.0,577300,KBS
2021-10-06 07:00:00,14560.0,14755.0,14430.0,14495.0,267600,KBS
2021-10-07 07:00:00,14560.0,14560.0,14300.0,14332.0,384800,KBS
2021-10-08 07:00:00,14332.0,14690.0,14332.0,14560.0,271800,KBS
2021-10-11 07:00:00,14592.0,15145.0,14592.0,15145.0,243400,KBS
2021-10-12 07:00:00,15405.0,15405.0,14982.0,15080.0,222000,KBS
2021-10-13 07:00:00,15210.0,15210.0,14982.0,15015.0,301100,KBS
2021-10-14 07:00:00,14950.0,15437.0,14950.0,15340.0,299400,KBS
2021-10-15 07:00:00,15340.0,15470.0,15145.0,15145.0,211800,KBS
2021-10-18 07:00:00,15275.0,15275.0,15080.0,15080.0,230600,KBS
2021-10-19 07:00:00,15080.0,15405.0,15015.0,15405.0,180100,KBS
2021-10-20 07:00:00,15437.0,15437.0,15112.0,15210.0,261400,KBS
2021-10-21 07:00:00,15275.0,15275.0,14950.0,15080.0,229000,KBS
2021-10-22 07:00:00,15242.0,15242.0,14982.0,15210.0,168200,KBS
2021-10-25 07:00:00,15210.0,15210.0,15047.0,15047.0,122300,KBS
2021-10-26 07:00:00,15047.0,15145.0,14917.0,15080.0,419800,KBS
2021-10-27 07:00:00,15080.0,15275.0,15047.0,15275.0,300900,KBS
2021-10-28 07:00:00,15275.0,15535.0,15210.0,15340.0,209300,KBS
2021-10-29 07:00:00,15080.0,15502.0,14625.0,14625.0,616700,KBS
2021-11-01 07:00:00,14982.0,15307.0,14950.0,15145.0,306300,KBS
2021-11-02 07:00:00,15210.0,16185.0,14982.0,16185.0,926200,KBS
2021-11-03 07:00:00,16412.0,17062.0,16250.0,16867.0,1305300,KBS
2021-11-04 07:00:00,16835.0,16835.0,16510.0,16607.0,839500,KBS
2021-11-05 07:00:00,16510.0,16835.0,16380.0,16445.0,492700,KBS
2021-11-08 07:00:00,15925.0,16575.0,15925.0,16380.0,569800,KBS
2021-11-09 07:00:00,16542.0,16672.0,16445.0,16575.0,672400,KBS
2021-11-10 07:00:00,16705.0,17062.0,16705.0,16900.0,773600,KBS
2021-11-11 07:00:00,16965.0,17354.0,16640.0,17159.0,1201500,KBS
2021-11-12 07:00:00,17354.0,18329.0,17224.0,18329.0,1417900,KBS
2021-11-15 07:00:00,19044.0,19044.0,18134.0,18589.0,499300,KBS
2021-11-16 07:00:00,18329.0,18654.0,18264.0,18329.0,455900,KBS
2021-11-17 07:00:00,18199.0,18329.0,17744.0,18004.0,658700,KBS
2021-11-18 07:00:00,18069.0,18134.0,17419.0,17419.0,719500,KBS
2021-11-19 07:00:00,17614.0,18297.0,17549.0,18069.0,1303600,KBS
2021-11-22 07:00:00,18752.0,18817.0,18004.0,18004.0,1259700,KBS
2021-11-23 07:00:00,18004.0,18134.0,17549.0,17874.0,237000,KBS
2021-11-24 07:00:00,17842.0,19109.0,17842.0,19109.0,2923200,KBS
2021-11-25 07:00:00,19597.0,19597.0,18849.0,19012.0,983900,KBS
2021-11-26 07:00:00,19174.0,19467.0,18654.0,18719.0,945300,KBS
2021-11-29 07:00:00,18654.0,18817.0,18199.0,18427.0,549800,KBS
2021-11-30 07:00:00,18459.0,18849.0,17289.0,17809.0,951000,KBS
2021-12-01 07:00:00,17614.0,18199.0,17614.0,17777.0,305900,KBS
2021-12-02 07:00:00,17907.0,18524.0,17809.0,18069.0,487700,KBS
2021-12-03 07:00:00,17777.0,18329.0,17549.0,17549.0,278800,KBS
2021-12-06 07:00:00,17289.0,17549.0,16347.0,16380.0,883000,KBS
2021-12-07 07:00:00,16445.0,16900.0,16412.0,16640.0,379600,KBS
2021-12-08 07:00:00,16867.0,17517.0,16737.0,17354.0,554700,KBS
2021-12-09 07:00:00,17354.0,18069.0,17354.0,17614.0,495400,KBS
2021-12-10 07:00:00,17419.0,17809.0,17387.0,17419.0,320200,KBS
2021-12-13 07:00:00,17419.0,17647.0,17192.0,17192.0,539100,KBS
2021-12-14 07:00:00,17192.0,17549.0,16835.0,17419.0,702600,KBS
2021-12-15 07:00:00,17484.0,17484.0,17127.0,17192.0,174700,KBS
2021-12-16 07:00:00,17224.0,17484.0,16900.0,16900.0,332400,KBS
2021-12-17 07:00:00,16997.0,16997.0,16737.0,16900.0,857800,KBS
2021-12-20 07:00:00,16900.0,17289.0,16900.0,17192.0,364400,KBS
2021-12-21 07:00:00,17387.0,17452.0,17095.0,17387.0,565200,KBS
2021-12-22 07:00:00,17387.0,17972.0,17354.0,17744.0,702400,KBS
2021-12-23 07:00:00,18004.0,18979.0,17614.0,18979.0,4004200,KBS
2021-12-24 07:00:00,20052.0,20279.0,19239.0,20279.0,3504700,KBS
2021-12-27 07:00:00,20279.0,21677.0,20279.0,21677.0,1430000,KBS
2021-12-28 07:00:00,23172.0,23172.0,22099.0,23074.0,2578800,KBS
2021-12-29 07:00:00,24374.0,24374.0,22229.0,22229.0,1920700,KBS
2021-12-30 07:00:00,22749.0,22749.0,21904.0,21969.0,1509900,KBS
2021-12-31 07:00:00,22099.0,22489.0,21904.0,21904.0,1658100,KBS
2022-01-04 07:00:00,21774.0,22424.0,21644.0,22034.0,1510800,KBS
2022-01-05 07:00:00,22067.0,22684.0,21872.0,22294.0,1540600,KBS
2022-01-06 07:00:00,22424.0,22424.0,21904.0,22229.0,930400,KBS
2022-01-07 07:00:00,21904.0,22424.0,21709.0,21709.0,844500,KBS
2022-01-10 07:00:00,21774.0,21969.0,20832.0,21254.0,1483100,KBS
2022-01-11 07:00:00,21124.0,22034.0,21124.0,21482.0,997700,KBS
2022-01-12 07:00:00,21547.0,21969.0,21124.0,21969.0,774800,KBS
2022-01-13 07:00:00,22489.0,22977.0,22229.0,22229.0,1107800,KBS
2022-01-14 07:00:00,21839.0,22229.0,21449.0,22002.0,510300,KBS
2022-01-17 07:00:00,21969.0,22067.0,20994.0,21384.0,538300,KBS
2022-01-18 07:00:00,20279.0,21417.0,20279.0,21027.0,493500,KBS
2022-01-19 07:00:00,21027.0,21352.0,20539.0,21027.0,263600,KBS
2022-01-20 07:00:00,21027.0,21449.0,20539.0,21189.0,271400,KBS
2022-01-21 07:00:00,21254.0,21774.0,20799.0,21709.0,479300,KBS
2022-01-24 07:00:00,21449.0,22164.0,21417.0,21969.0,609400,KBS
2022-01-25 07:00:00,21969.0,22684.0,21904.0,22684.0,643800,KBS
2022-01-26 07:00:00,22749.0,23009.0,22424.0,22912.0,791000,KBS
2022-01-27 07:00:00,22749.0,22977.0,22294.0,22944.0,300900,KBS
2022-01-28 07:00:00,23074.0,24537.0,22164.0,24342.0,2943400,KBS
2022-02-07 07:00:00,24504.0,24504.0,22749.0,23367.0,846700,KBS
2022-02-08 07:00:00,23367.0,23659.0,22814.0,23204.0,1093600,KBS
2022-02-09 07:00:00,23139.0,23139.0,22164.0,22619.0,1911300,KBS
2022-02-10 07:00:00,23399.0,23399.0,22684.0,22749.0,843900,KBS
2022-02-11 07:00:00,22652.0,23269.0,22619.0,23269.0,869600,KBS
2022-02-14 07:00:00,23269.0,23919.0,23107.0,23757.0,2257300,KBS
2022-02-15 07:00:00,23757.0,24374.0,23757.0,24212.0,1088100,KBS
2022-02-16 07:00:00,24569.0,24569.0,23269.0,23269.0,931500,KBS
2022-02-17 07:00:00,23139.0,23724.0,22782.0,23464.0,563100,KBS
2022-02-18 07:00:00,23464.0,23529.0,23204.0,23367.0,509500,KBS
2022-02-21 07:00:00,23334.0,23399.0,22749.0,22944.0,588700,KBS
2022-02-22 07:00:00,22879.0,23334.0,22749.0,22749.0,432200,KBS
2022-02-23 07:00:00,22749.0,23204.0,21449.0,21449.0,347400,KBS
2022-02-24 07:00:00,22229.0,22879.0,21514.0,21839.0,1010400,KBS
2022-02-25 07:00:00,21969.0,22879.0,21969.0,22684.0,490100,KBS
2022-02-28 07:00:00,23074.0,23074.0,21124.0,22002.0,512600,KBS
2022-03-01 07:00:00,22067.0,22262.0,21904.0,22002.0,394300,KBS
2022-03-02 07:00:00,22294.0,22294.0,20799.0,20799.0,674700,KBS
2022-03-03 07:00:00,21027.0,21449.0,20832.0,20832.0,678000,KBS
2022-03-04 07:00:00,20897.0,22099.0,20474.0,20474.0,1708900,KBS
2022-03-07 07:00:00,20669.0,21677.0,20604.0,21677.0,1104700,KBS
2022-03-08 07:00:00,21319.0,21742.0,21319.0,21547.0,513700,KBS
2022-03-09 07:00:00,21547.0,22879.0,21514.0,22587.0,559800,KBS
2022-03-10 07:00:00,22229.0,22554.0,22099.0,22294.0,169800,KBS
2022-03-11 07:00:00,22619.0,23074.0,22424.0,23009.0,630200,KBS
2022-03-14 07:00:00,22717.0,23919.0,22684.0,23789.0,1116900,KBS
2022-03-15 07:00:00,23919.0,24114.0,23334.0,24049.0,826700,KBS
2022-03-16 07:00:00,24049.0,24439.0,23399.0,24342.0,600400,KBS
2022-03-17 07:00:00,23854.0,24049.0,23594.0,23952.0,276700,KBS
2022-03-18 07:00:00,23952.0,24179.0,23399.0,23399.0,280800,KBS
2022-03-21 07:00:00,23594.0,24309.0,23172.0,23529.0,625200,KBS
2022-03-22 07:00:00,24017.0,24374.0,23399.0,23562.0,825500,KBS
2022-03-23 07:00:00,23822.0,24147.0,23562.0,24017.0,480400,KBS
2022-03-24 07:00:00,23529.0,24049.0,23529.0,23562.0,234700,KBS
2022-03-25 07:00:00,23464.0,24244.0,23464.0,23919.0,459800,KBS
2022-03-28 07:00:00,23984.0,23984.0,23529.0,23887.0,265000,KBS
2022-03-29 07:00:00,24017.0,24374.0,23724.0,24374.0,2772200,KBS
2022-03-30 07:00:00,24244.0,24309.0,23757.0,24309.0,1283300,KBS
2022-03-31 07:00:00,24244.0,24244.0,23984.0,23984.0,280200,KBS
2022-04-01 07:00:00,23919.0,24244.0,23854.0,24179.0,405200,KBS
2022-04-04 07:00:00,24439.0,24439.0,23854.0,23854.0,365700,KBS
2022-04-05 07:00:00,23594.0,23854.0,23594.0,23594.0,368100,KBS
2022-04-06 07:00:00,23724.0,23724.0,23399.0,23692.0,318800,KBS
2022-04-07 07:00:00,23562.0,23724.0,23432.0,23432.0,284600,KBS
2022-04-08 07:00:00,23139.0,23692.0,22684.0,22814.0,601600,KBS
2022-04-12 07:00:00,22749.0,22814.0,21969.0,21969.0,335200,KBS
2022-04-13 07:00:00,21774.0,22229.0,21774.0,22164.0,237300,KBS
2022-04-14 07:00:00,22229.0,22229.0,21969.0,21969.0,146600,KBS
2022-04-15 07:00:00,22099.0,22099.0,21579.0,21644.0,288800,KBS
2022-04-18 07:00:00,21027.0,21579.0,20344.0,20572.0,390500,KBS
2022-04-19 07:00:00,20214.0,20864.0,20214.0,20377.0,225100,KBS
2022-04-20 07:00:00,20442.0,21059.0,20344.0,20344.0,227200,KBS
2022-04-21 07:00:00,19824.0,21254.0,19759.0,19954.0,188000,KBS
2022-04-22 07:00:00,20019.0,20799.0,19824.0,20669.0,201000,KBS
2022-04-25 07:00:00,20377.0,20637.0,19239.0,19694.0,355700,KBS
2022-04-26 07:00:00,19109.0,19987.0,18557.0,19987.0,173200,KBS
2022-04-27 07:00:00,19824.0,20052.0,19077.0,20019.0,66200,KBS
2022-04-28 07:00:00,20019.0,20409.0,19174.0,19499.0,147300,KBS
2022-04-29 07:00:00,19922.0,19922.0,19499.0,19499.0,128300,KBS
2022-05-04 07:00:00,19824.0,19824.0,19044.0,19077.0,88300,KBS
2022-05-05 07:00:00,19499.0,19499.0,19077.0,19467.0,61000,KBS
2022-05-06 07:00:00,19337.0,19434.0,19077.0,19239.0,171800,KBS
2022-05-09 07:00:00,18784.0,19369.0,17907.0,19109.0,352800,KBS
2022-05-10 07:00:00,18589.0,19369.0,18329.0,19109.0,142400,KBS
2022-05-11 07:00:00,19109.0,20442.0,18459.0,20442.0,292100,KBS
2022-05-12 07:00:00,20442.0,21092.0,20344.0,20539.0,276700,KBS
2022-05-13 07:00:00,20442.0,20539.0,19499.0,20344.0,209200,KBS
2022-05-16 07:00:00,20344.0,21124.0,20214.0,20214.0,244900,KBS
2022-05-17 07:00:00,19889.0,20767.0,18817.0,20474.0,156900,KBS
2022-05-18 07:00:00,21124.0,21124.0,20214.0,20474.0,114300,KBS
2022-05-19 07:00:00,20149.0,20507.0,19499.0,19759.0,143700,KBS
2022-05-20 07:00:00,20149.0,20149.0,19109.0,20084.0,102900,KBS
2022-05-23 07:00:00,20084.0,20312.0,19337.0,20052.0,246800,KBS
2022-05-24 07:00:00,20344.0,20604.0,20084.0,20539.0,273600,KBS
2022-05-25 07:00:00,20767.0,21124.0,20377.0,21124.0,170800,KBS
2022-05-26 07:00:00,21124.0,21254.0,20864.0,21124.0,92100,KBS
2022-05-27 07:00:00,21124.0,22457.0,21092.0,22164.0,569900,KBS
2022-05-30 07:00:00,22749.0,22749.0,21839.0,22099.0,138400,KBS
2022-05-31 07:00:00,21319.0,21937.0,21319.0,21579.0,61500,KBS
2022-06-01 07:00:00,21514.0,21514.0,20962.0,21124.0,75400,KBS
2022-06-02 07:00:00,20832.0,21189.0,20539.0,20767.0,97100,KBS
2022-06-03 07:00:00,20994.0,21027.0,20182.0,20474.0,97300,KBS
2022-06-06 07:00:00,19954.0,20539.0,19954.0,20442.0,122400,KBS
2022-06-07 07:00:00,20442.0,20442.0,19564.0,19824.0,109500,KBS
2022-06-08 07:00:00,20149.0,20214.0,19564.0,20214.0,223900,KBS
2022-06-09 07:00:00,20279.0,20279.0,19564.0,19727.0,267700,KBS
2022-06-10 07:00:00,19759.0,19987.0,19694.0,19759.0,211700,KBS
2022-06-13 07:00:00,19889.0,20474.0,19499.0,20084.0,363400,KBS
2022-06-14 07:00:00,20377.0,20409.0,20149.0,20344.0,166900,KBS
2022-06-15 07:00:00,20409.0,20409.0,19824.0,19954.0,158500,KBS
2022-06-16 07:00:00,19824.0,20019.0,19824.0,19889.0,477700,KBS
2022-06-17 07:00:00,19889.0,20377.0,19857.0,20377.0,1268200,KBS
2022-06-20 07:00:00,20799.0,21157.0,20377.0,20409.0,172900,KBS
2022-06-21 07:00:00,20214.0,20572.0,20117.0,20474.0,308700,KBS
2022-06-22 07:00:00,19954.0,20669.0,19954.0,20604.0,549400,KBS
2022-06-23 07:00:00,20767.0,20767.0,20474.0,20702.0,283300,KBS
2022-06-24 07:00:00,20734.0,20734.0,20182.0,20442.0,95800,KBS
2022-06-27 07:00:00,20637.0,20637.0,20149.0,20442.0,114100,KBS
2022-06-28 07:00:00,20637.0,21807.0,20279.0,21807.0,273300,KBS
2022-06-29 07:00:00,21742.0,21742.0,20799.0,20799.0,275200,KBS
2022-06-30 07:00:00,21319.0,21319.0,20669.0,20799.0,633200,KBS
2022-07-01 07:00:00,20507.0,21059.0,20409.0,21059.0,415200,KBS
2022-07-04 07:00:00,21287.0,21287.0,20832.0,21059.0,70000,KBS
2022-07-05 07:00:00,21124.0,21222.0,20929.0,21124.0,417700,KBS
2022-07-06 07:00:00,21124.0,21124.0,19662.0,20799.0,110400,KBS
2022-07-07 07:00:00,20344.0,20767.0,20344.0,20377.0,139500,KBS
2022-07-08 07:00:00,20214.0,20507.0,20214.0,20247.0,145200,KBS
2022-07-11 07:00:00,20279.0,20279.0,19824.0,19922.0,202800,KBS
2022-07-12 07:00:00,20409.0,20409.0,19922.0,20182.0,44800,KBS
2022-07-13 07:00:00,20182.0,20279.0,20084.0,20084.0,131900,KBS
2022-07-14 07:00:00,20214.0,20214.0,19954.0,19987.0,163400,KBS
2022-07-15 07:00:00,19987.0,20149.0,19889.0,20117.0,225800,KBS
2022-07-18 07:00:00,19954.0,20117.0,19922.0,19922.0,123500,KBS
2022-07-19 07:00:00,19889.0,20084.0,19824.0,19954.0,203600,KBS
2022-07-20 07:00:00,19857.0,20149.0,19792.0,19987.0,162900,KBS
2022-07-21 07:00:00,20117.0,20117.0,19824.0,19954.0,159100,KBS
2022-07-22 07:00:00,20019.0,20117.0,19857.0,20019.0,89700,KBS
2022-07-25 07:00:00,20019.0,20084.0,19727.0,19824.0,140700,KBS
2022-07-26 07:00:00,19694.0,19987.0,19499.0,19564.0,203600,KBS
2022-07-27 07:00:00,19532.0,19597.0,19467.0,19499.0,77400,KBS
2022-07-28 07:00:00,19499.0,19759.0,19434.0,19467.0,359800,KBS
2022-07-29 07:00:00,19564.0,19629.0,19337.0,19499.0,423900,KBS
2022-08-01 07:00:00,19824.0,19824.0,19434.0,19597.0,212400,KBS
2022-08-02 07:00:00,19629.0,19759.0,19499.0,19694.0,312000,KBS
2022-08-03 07:00:00,19694.0,20247.0,19694.0,20019.0,401100,KBS
2022-08-04 07:00:00,20019.0,20149.0,19792.0,19857.0,110700,KBS
2022-08-05 07:00:00,19889.0,19889.0,19532.0,19759.0,218500,KBS
2022-08-08 07:00:00,19759.0,19759.0,19434.0,19629.0,424900,KBS
2022-08-09 07:00:00,19597.0,19727.0,19434.0,19629.0,335600,KBS
2022-08-10 07:00:00,19564.0,19727.0,19499.0,19499.0,281300,KBS
2022-08-11 07:00:00,19662.0,19694.0,19467.0,19499.0,116300,KBS
2022-08-12 07:00:00,19434.0,19499.0,19434.0,19467.0,144900,KBS
2022-08-15 07:00:00,19597.0,19629.0,19499.0,19499.0,235800,KBS
2022-08-16 07:00:00,19434.0,19629.0,19434.0,19499.0,114800,KBS
2022-08-17 07:00:00,19532.0,19532.0,19467.0,19499.0,181500,KBS
2022-08-18 07:00:00,19499.0,19532.0,19434.0,19434.0,155700,KBS
2022-08-19 07:00:00,19434.0,19499.0,19272.0,19304.0,251000,KBS
2022-08-22 07:00:00,19369.0,19759.0,19369.0,19434.0,282400,KBS
2022-08-23 07:00:00,19434.0,19597.0,19369.0,19564.0,114600,KBS
2022-08-24 07:00:00,19629.0,19629.0,19434.0,19499.0,148300,KBS
2022-08-25 07:00:00,19499.0,19499.0,19369.0,19434.0,153600,KBS
2022-08-26 07:00:00,19467.0,20474.0,19467.0,20279.0,1797000,KBS
2022-08-29 07:00:00,20247.0,20247.0,19629.0,20117.0,528000,KBS
2022-08-30 07:00:00,20149.0,20149.0,19824.0,19824.0,407300,KBS
2022-08-31 07:00:00,19759.0,19922.0,19629.0,19727.0,414700,KBS
2022-09-05 07:00:00,19987.0,20019.0,19532.0,19694.0,400600,KBS
2022-09-06 07:00:00,19662.0,19857.0,19597.0,19694.0,292600,KBS
2022-09-07 07:00:00,19629.0,19824.0,19499.0,19727.0,432600,KBS
2022-09-08 07:00:00,19792.0,19922.0,19629.0,19922.0,468800,KBS
2022-09-09 07:00:00,19922.0,19987.0,19759.0,19889.0,298100,KBS
2022-09-12 07:00:00,19954.0,19954.0,19759.0,19792.0,117800,KBS
2022-09-13 07:00:00,19792.0,20539.0,19694.0,20084.0,398800,KBS
2022-09-14 07:00:00,19792.0,21482.0,19792.0,21482.0,2671000,KBS
2022-09-15 07:00:00,22099.0,22977.0,21644.0,22944.0,1960100,KBS
2022-09-16 07:00:00,23042.0,23399.0,22034.0,22164.0,1384300,KBS
2022-09-19 07:00:00,22359.0,22879.0,22229.0,22684.0,2063200,KBS
2022-09-20 07:00:00,22749.0,23074.0,22717.0,22944.0,932300,KBS
2022-09-21 07:00:00,22944.0,23009.0,22229.0,22424.0,791300,KBS
2022-09-22 07:00:00,22424.0,22782.0,22424.0,22782.0,629700,KBS
2022-09-23 07:00:00,23009.0,23009.0,22522.0,22554.0,416500,KBS
2022-09-26 07:00:00,22229.0,23334.0,22229.0,22814.0,1336900,KBS
2022-09-27 07:00:00,23009.0,23334.0,23009.0,23074.0,616500,KBS
2022-09-28 07:00:00,23237.0,23237.0,22749.0,22749.0,705900,KBS
2022-09-29 07:00:00,22554.0,23887.0,22554.0,23887.0,2807100,KBS
2022-09-30 07:00:00,23399.0,23659.0,22229.0,22229.0,1091500,KBS
2022-10-03 07:00:00,22229.0,22489.0,21644.0,21644.0,797300,KBS
2022-10-04 07:00:00,21709.0,22229.0,21124.0,21124.0,696500,KBS
2022-10-05 07:00:00,21709.0,22587.0,21644.0,22587.0,437700,KBS
2022-10-06 07:00:00,23074.0,24017.0,22294.0,24017.0,6914600,KBS
2022-10-07 07:00:00,22684.0,24179.0,22359.0,24179.0,7445500,KBS
2022-10-10 07:00:00,22814.0,24179.0,22814.0,24179.0,571400,KBS
2022-10-11 07:00:00,24179.0,24179.0,23139.0,24049.0,1006700,KBS
2022-10-12 07:00:00,23464.0,24179.0,23464.0,24049.0,424200,KBS
2022-10-13 07:00:00,24049.0,24569.0,23367.0,24569.0,2215800,KBS
2022-10-14 07:00:00,24699.0,24699.0,23984.0,23984.0,191400,KBS
2022-10-17 07:00:00,23984.0,24049.0,23399.0,24049.0,1047600,KBS
2022-10-18 07:00:00,24049.0,24049.0,23594.0,24049.0,642900,KBS
2022-10-19 07:00:00,23724.0,24342.0,23464.0,24082.0,1334100,KBS
2022-10-20 07:00:00,24049.0,24049.0,23562.0,24049.0,407900,KBS
2022-10-21 07:00:00,23627.0,23984.0,23464.0,23919.0,1238200,KBS
2022-10-24 07:00:00,23724.0,23919.0,22262.0,23724.0,1608100,KBS
2022-10-25 07:00:00,23659.0,25349.0,22749.0,25349.0,2869100,KBS
2022-10-26 07:00:00,25349.0,25999.0,24049.0,25934.0,2294400,KBS
2022-10-27 07:00:00,25674.0,27299.0,25024.0,27299.0,1672200,KBS
2022-10-28 07:00:00,27299.0,27559.0,25609.0,25609.0,300600,KBS
2022-10-31 07:00:00,25089.0,25349.0,24049.0,24049.0,347900,KBS
2022-11-01 07:00:00,23562.0,24342.0,23399.0,23399.0,138300,KBS
2022-11-02 07:00:00,23399.0,23399.0,22099.0,22132.0,188900,KBS
2022-11-03 07:00:00,21287.0,22749.0,21059.0,22749.0,1523200,KBS
2022-11-04 07:00:00,22294.0,22294.0,21189.0,21222.0,721400,KBS
2022-11-07 07:00:00,21449.0,21449.0,19759.0,19759.0,377900,KBS
2022-11-08 07:00:00,18394.0,19499.0,18394.0,19499.0,1574400,KBS
2022-11-09 07:00:00,18134.0,19434.0,18134.0,18134.0,1876800,KBS
2022-11-10 07:00:00,16867.0,16867.0,16867.0,16867.0,112900,KBS
2022-11-11 07:00:00,15697.0,16250.0,15697.0,15697.0,11737800,KBS
2022-11-14 07:00:00,14625.0,14625.0,14625.0,14625.0,124800,KBS
2022-11-15 07:00:00,13617.0,13617.0,13617.0,13617.0,73600,KBS
2022-11-16 07:00:00,12675.0,12675.0,12675.0,12675.0,224300,KBS
2022-11-17 07:00:00,11797.0,13000.0,11797.0,11797.0,50981800,KBS
2022-11-18 07:00:00,12610.0,12610.0,11830.0,12610.0,5585900,KBS
2022-11-21 07:00:00,12902.0,13130.0,11732.0,11732.0,12599100,KBS
2022-11-22 07:00:00,11245.0,12545.0,11050.0,12545.0,13864700,KBS
2022-11-23 07:00:00,12350.0,12935.0,12220.0,12642.0,6791600,KBS
2022-11-24 07:00:00,12382.0,12512.0,11960.0,12317.0,5021600,KBS
2022-11-25 07:00:00,12317.0,12512.0,12090.0,12415.0,2629300,KBS
2022-11-28 07:00:00,12480.0,12642.0,12350.0,12642.0,4332700,KBS
2022-11-29 07:00:00,12642.0,13520.0,12610.0,13520.0,7709000,KBS
2022-11-30 07:00:00,14300.0,14462.0,13845.0,14300.0,4897400,KBS
2022-12-01 07:00:00,14820.0,14820.0,13650.0,13650.0,5851800,KBS
2022-12-02 07:00:00,13585.0,14072.0,13292.0,13975.0,3303900,KBS
2022-12-05 07:00:00,14170.0,14690.0,14072.0,14267.0,3693000,KBS
2022-12-06 07:00:00,14235.0,14365.0,13325.0,13325.0,4189600,KBS
2022-12-07 07:00:00,13162.0,13325.0,12610.0,12675.0,2828700,KBS
2022-12-08 07:00:00,13000.0,13552.0,13000.0,13552.0,2277900,KBS
2022-12-09 07:00:00,13845.0,14495.0,13812.0,14495.0,3653200,KBS
2022-12-12 07:00:00,15502.0,15502.0,15502.0,15502.0,1261400,KBS
2022-12-13 07:00:00,16575.0,16575.0,16575.0,16575.0,1108300,KBS
2022-12-14 07:00:00,17712.0,17712.0,16705.0,17679.0,7622100,KBS
2022-12-15 07:00:00,17095.0,18784.0,17095.0,18199.0,5043600,KBS
2022-12-16 07:00:00,18102.0,18232.0,17614.0,17809.0,3915800,KBS
2022-12-19 07:00:00,17744.0,18524.0,17744.0,18134.0,2801600,KBS
2022-12-20 07:00:00,18167.0,19272.0,17939.0,18524.0,3127800,KBS
2022-12-21 07:00:00,18524.0,19337.0,18362.0,18719.0,2357400,KBS
2022-12-22 07:00:00,19012.0,19434.0,18102.0,18199.0,4698600,KBS
2022-12-23 07:00:00,18199.0,18394.0,17484.0,18102.0,10083900,KBS
2022-12-26 07:00:00,18037.0,18037.0,16965.0,17030.0,3203000,KBS
2022-12-27 07:00:00,16900.0,17614.0,16770.0,17614.0,2173400,KBS
2022-12-28 07:00:00,17874.0,18297.0,17549.0,18134.0,1960400,KBS
2022-12-29 07:00:00,17874.0,18199.0,17549.0,17549.0,1484300,KBS
2022-12-30 07:00:00,17224.0,18167.0,17224.0,18167.0,3857700,KBS
2023-01-03 07:00:00,18102.0,18199.0,17777.0,17809.0,2135000,KBS
2023-01-04 07:00:00,17614.0,17939.0,17614.0,17647.0,2041300,KBS
2023-01-05 07:00:00,17647.0,18037.0,17614.0,17939.0,954100,KBS
2023-01-06 07:00:00,18069.0,18394.0,17809.0,18264.0,2387600,KBS
2023-01-09 07:00:00,18524.0,19239.0,18524.0,18719.0,2769600,KBS
2023-01-10 07:00:00,19077.0,19077.0,18264.0,18264.0,1644000,KBS
2023-01-11 07:00:00,18264.0,18524.0,17030.0,17030.0,5128200,KBS
2023-01-12 07:00:00,17159.0,17354.0,16185.0,16250.0,5172400,KBS
2023-01-13 07:00:00,16347.0,16835.0,16185.0,16737.0,2974800,KBS
2023-01-16 07:00:00,16770.0,17582.0,16737.0,17387.0,3576600,KBS
2023-01-17 07:00:00,17419.0,17549.0,17224.0,17387.0,4479400,KBS
2023-01-18 07:00:00,17354.0,17549.0,17062.0,17354.0,1639500,KBS
2023-01-19 07:00:00,17062.0,17939.0,17062.0,17614.0,3340100,KBS
2023-01-27 07:00:00,17679.0,17809.0,17517.0,17517.0,914900,KBS
2023-01-30 07:00:00,17517.0,17517.0,16770.0,16900.0,1585800,KBS
2023-01-31 07:00:00,17062.0,17062.0,16705.0,16900.0,1821100,KBS
2023-02-01 07:00:00,16965.0,17224.0,16607.0,16705.0,1976000,KBS
2023-02-02 07:00:00,16640.0,16835.0,16412.0,16445.0,1000700,KBS
2023-02-03 07:00:00,16575.0,16835.0,16445.0,16445.0,1576100,KBS
2023-02-06 07:00:00,16835.0,16835.0,16575.0,16770.0,772100,KBS
2023-02-07 07:00:00,16835.0,16900.0,16250.0,16250.0,1582400,KBS
2023-02-08 07:00:00,16282.0,16445.0,15892.0,15892.0,1732700,KBS
2023-02-09 07:00:00,15925.0,16055.0,15860.0,16022.0,832600,KBS
2023-02-10 07:00:00,16087.0,16087.0,14917.0,14917.0,4990700,KBS
2023-02-13 07:00:00,14917.0,15080.0,13877.0,13877.0,5624800,KBS
2023-02-14 07:00:00,13975.0,14722.0,13877.0,14365.0,1785700,KBS
2023-02-15 07:00:00,14657.0,14657.0,13487.0,13650.0,2371700,KBS
2023-02-16 07:00:00,13975.0,14365.0,13552.0,14300.0,2400900,KBS
2023-02-17 07:00:00,14806.0,15040.0,14572.0,14962.0,1793900,KBS
2023-02-20 07:00:00,14962.0,15118.0,14767.0,14923.0,2952200,KBS
2023-02-21 07:00:00,15196.0,15936.0,15157.0,15741.0,4561600,KBS
2023-02-22 07:00:00,15702.0,15702.0,15196.0,15352.0,2843600,KBS
2023-02-23 07:00:00,15235.0,15352.0,14845.0,15274.0,2697400,KBS
2023-02-24 07:00:00,15196.0,15313.0,14884.0,14923.0,1887800,KBS
2023-02-27 07:00:00,14806.0,14845.0,14105.0,14183.0,2058400,KBS
2023-02-28 07:00:00,14261.0,14572.0,13949.0,14027.0,1726900,KBS
2023-03-01 07:00:00,13988.0,14378.0,13754.0,14027.0,2962000,KBS
2023-03-02 07:00:00,14261.0,14611.0,14027.0,14300.0,4161000,KBS
2023-03-03 07:00:00,14416.0,14416.0,13988.0,14027.0,2115100,KBS
2023-03-06 07:00:00,14105.0,14494.0,14105.0,14222.0,1866400,KBS
2023-03-07 07:00:00,14416.0,15196.0,14339.0,15196.0,4891600,KBS
2023-03-08 07:00:00,15196.0,16053.0,15196.0,15897.0,4880900,KBS
2023-03-09 07:00:00,15975.0,16287.0,15897.0,15897.0,4004200,KBS
2023-03-10 07:00:00,15819.0,16209.0,15663.0,15975.0,4193900,KBS
2023-03-13 07:00:00,15741.0,16170.0,15663.0,15663.0,2628300,KBS
2023-03-14 07:00:00,15741.0,15858.0,15040.0,15079.0,4476400,KBS
2023-03-15 07:00:00,15468.0,15741.0,15352.0,15585.0,2191200,KBS
2023-03-16 07:00:00,15274.0,15897.0,15196.0,15624.0,2985500,KBS
2023-03-17 07:00:00,15741.0,15936.0,15235.0,15235.0,4774300,KBS
2023-03-20 07:00:00,15235.0,15313.0,14572.0,14611.0,2474900,KBS
2023-03-21 07:00:00,14728.0,14884.0,14183.0,14455.0,6594500,KBS
2023-03-22 07:00:00,14689.0,14962.0,14494.0,14806.0,1660300,KBS
2023-03-23 07:00:00,14767.0,14806.0,14533.0,14806.0,1358400,KBS
2023-03-24 07:00:00,14845.0,15040.0,14806.0,14884.0,1983200,KBS
2023-03-27 07:00:00,14884.0,14962.0,14767.0,14962.0,1437500,KBS
2023-03-28 07:00:00,15001.0,15079.0,14767.0,14806.0,2131000,KBS
2023-03-29 07:00:00,14767.0,14962.0,14689.0,14728.0,1266900,KBS
2023-03-30 07:00:00,14884.0,14962.0,14689.0,14767.0,1552300,KBS
2023-03-31 07:00:00,14767.0,14767.0,14611.0,14728.0,1894700,KBS
2023-04-03 07:00:00,14806.0,15313.0,14767.0,15274.0,5353700,KBS
2023-04-04 07:00:00,15274.0,15391.0,15196.0,15235.0,2807200,KBS
2023-04-05 07:00:00,15274.0,15546.0,15157.0,15274.0,4498300,KBS
2023-04-06 07:00:00,15430.0,15468.0,15001.0,15040.0,3059300,KBS
2023-04-07 07:00:00,15040.0,15118.0,14884.0,14884.0,1754900,KBS
2023-04-10 07:00:00,14923.0,15040.0,14845.0,14884.0,2241400,KBS
2023-04-11 07:00:00,14923.0,15001.0,14806.0,15001.0,1575200,KBS
2023-04-12 07:00:00,15040.0,15585.0,15001.0,15235.0,3988500,KBS
2023-04-13 07:00:00,15391.0,15430.0,15235.0,15274.0,3159900,KBS
2023-04-14 07:00:00,15352.0,15975.0,15274.0,15391.0,8000600,KBS
2023-04-17 07:00:00,15430.0,15507.0,15313.0,15391.0,3022000,KBS
2023-04-18 07:00:00,15391.0,15430.0,15040.0,15196.0,3184600,KBS
2023-04-19 07:00:00,15157.0,15702.0,15157.0,15546.0,6286500,KBS
2023-04-20 07:00:00,15507.0,15546.0,15391.0,15391.0,1475000,KBS
2023-04-21 07:00:00,15391.0,15507.0,15001.0,15001.0,2880800,KBS
2023-04-24 07:00:00,15001.0,15118.0,14728.0,14884.0,1858300,KBS
2023-04-25 07:00:00,14884.0,15040.0,14650.0,14650.0,1857200,KBS
2023-04-26 07:00:00,14494.0,14767.0,14494.0,14728.0,2574500,KBS
2023-04-27 07:00:00,14806.0,14923.0,14689.0,14884.0,1132500,KBS
2023-04-28 07:00:00,15001.0,15079.0,14728.0,14728.0,5728400,KBS
2023-05-04 07:00:00,14767.0,14884.0,14572.0,14611.0,1898200,KBS
2023-05-05 07:00:00,14689.0,14806.0,14533.0,14689.0,1110300,KBS
2023-05-08 07:00:00,14767.0,14845.0,14572.0,14767.0,1496700,KBS
2023-05-09 07:00:00,14767.0,15118.0,14767.0,14884.0,1414100,KBS
2023-05-10 07:00:00,15001.0,15235.0,14923.0,15235.0,2016000,KBS
2023-05-11 07:00:00,15313.0,15352.0,15040.0,15079.0,1567500,KBS
2023-05-12 07:00:00,15079.0,15118.0,14962.0,15079.0,1151900,KBS
2023-05-15 07:00:00,15235.0,15430.0,15079.0,15118.0,2722200,KBS
2023-05-16 07:00:00,15118.0,15157.0,15001.0,15040.0,1642100,KBS
2023-05-17 07:00:00,14962.0,15079.0,14689.0,14689.0,3282900,KBS
2023-05-18 07:00:00,14689.0,14884.0,14689.0,14806.0,1063000,KBS
2023-05-19 07:00:00,14923.0,14923.0,14728.0,14845.0,1104200,KBS
2023-05-22 07:00:00,14845.0,15274.0,14767.0,15274.0,3654500,KBS
2023-05-23 07:00:00,15313.0,15624.0,15196.0,15313.0,5376600,KBS
2023-05-24 07:00:00,15430.0,15468.0,15196.0,15196.0,2384900,KBS
2023-05-25 07:00:00,15196.0,15274.0,14962.0,15079.0,2120400,KBS
2023-05-26 07:00:00,15040.0,15391.0,15040.0,15235.0,2393700,KBS
2023-05-29 07:00:00,15430.0,15975.0,15235.0,15780.0,8302000,KBS
2023-05-30 07:00:00,15897.0,16131.0,15624.0,15936.0,6253300,KBS
2023-05-31 07:00:00,15936.0,16053.0,15663.0,15819.0,6129700,KBS
2023-06-01 07:00:00,15819.0,16443.0,15819.0,16248.0,10681500,KBS
2023-06-02 07:00:00,16521.0,16910.0,16326.0,16521.0,8909500,KBS
2023-06-05 07:00:00,16715.0,16754.0,15975.0,16092.0,6854300,KBS
2023-06-06 07:00:00,16131.0,16443.0,15936.0,16326.0,7900800,KBS
2023-06-07 07:00:00,16365.0,16715.0,16209.0,16715.0,7014700,KBS
2023-06-08 07:00:00,16754.0,16754.0,16209.0,16209.0,11193600,KBS
2023-06-09 07:00:00,16248.0,16326.0,15663.0,16131.0,9166900,KBS
2023-06-12 07:00:00,16482.0,17105.0,16365.0,16637.0,14841400,KBS
2023-06-13 07:00:00,16910.0,17066.0,16637.0,16754.0,11003800,KBS
2023-06-14 07:00:00,16754.0,16871.0,16404.0,16443.0,7577500,KBS
2023-06-15 07:00:00,16404.0,16559.0,16170.0,16170.0,9283100,KBS
2023-06-16 07:00:00,16365.0,16521.0,16131.0,16209.0,15404900,KBS
2023-06-19 07:00:00,16209.0,16209.0,15975.0,15975.0,4103900,KBS
2023-06-20 07:00:00,16014.0,16170.0,15936.0,16170.0,4681000,KBS
2023-06-21 07:00:00,16248.0,16248.0,16092.0,16248.0,5458700,KBS
2023-06-22 07:00:00,16443.0,16559.0,16326.0,16443.0,6569100,KBS
2023-06-23 07:00:00,16598.0,16754.0,16365.0,16443.0,8393500,KBS
2023-06-26 07:00:00,16365.0,16598.0,15897.0,16443.0,6464400,KBS
2023-06-27 07:00:00,16365.0,16443.0,16092.0,16170.0,4050600,KBS
2023-06-28 07:00:00,16170.0,16365.0,16092.0,16209.0,5688400,KBS
2023-06-29 07:00:00,16326.0,16871.0,16287.0,16365.0,11214300,KBS
2023-06-30 07:00:00,16521.0,16559.0,16209.0,16559.0,4305800,KBS
2023-07-03 07:00:00,16404.0,16482.0,16014.0,16053.0,7427900,KBS
2023-07-04 07:00:00,16014.0,16053.0,15819.0,15819.0,8614700,KBS
2023-07-05 07:00:00,15975.0,16053.0,15741.0,15741.0,3874900,KBS
2023-07-06 07:00:00,15858.0,15858.0,15546.0,15546.0,4764800,KBS
2023-07-07 07:00:00,15468.0,15819.0,15274.0,15780.0,4294600,KBS
2023-07-10 07:00:00,15819.0,15897.0,15741.0,15858.0,3495400,KBS
2023-07-11 07:00:00,15936.0,16014.0,15819.0,15858.0,4823300,KBS
2023-07-12 07:00:00,15936.0,15975.0,15819.0,15858.0,3257200,KBS
2023-07-13 07:00:00,15858.0,15936.0,15741.0,15780.0,3734200,KBS
2023-07-14 07:00:00,15858.0,16131.0,15663.0,15819.0,9728900,KBS
2023-07-17 07:00:00,16053.0,16443.0,15936.0,16365.0,7606600,KBS
2023-07-18 07:00:00,16443.0,16559.0,16131.0,16170.0,6068900,KBS
2023-07-19 07:00:00,16209.0,16287.0,15897.0,15936.0,8756300,KBS
2023-07-20 07:00:00,15897.0,15975.0,15430.0,15430.0,13522900,KBS
2023-07-21 07:00:00,15624.0,15741.0,15507.0,15663.0,6010400,KBS
2023-07-24 07:00:00,15858.0,15858.0,15624.0,15663.0,6296800,KBS
2023-07-25 07:00:00,15702.0,16053.0,15702.0,15819.0,6884200,KBS
2023-07-26 07:00:00,15897.0,15897.0,15624.0,15702.0,5715200,KBS
2023-07-27 07:00:00,15780.0,15819.0,15546.0,15663.0,7090500,KBS
2023-07-28 07:00:00,15663.0,15975.0,15624.0,15936.0,6941700,KBS
2023-07-31 07:00:00,16014.0,16559.0,15975.0,16404.0,16769500,KBS
2023-08-01 07:00:00,16521.0,16988.0,16404.0,16715.0,17328100,KBS
2023-08-02 07:00:00,16715.0,17884.0,16598.0,17884.0,19147600,KBS
2023-08-03 07:00:00,17884.0,18079.0,17534.0,17534.0,13924700,KBS
2023-08-04 07:00:00,17689.0,18625.0,17611.0,18547.0,14524100,KBS
2023-08-07 07:00:00,18547.0,18936.0,18157.0,18663.0,11442100,KBS
2023-08-08 07:00:00,18586.0,19092.0,18508.0,18780.0,8561800,KBS
2023-08-09 07:00:00,18702.0,19209.0,18508.0,18858.0,9286600,KBS
2023-08-10 07:00:00,18858.0,19404.0,18780.0,18897.0,12971800,KBS
2023-08-11 07:00:00,18936.0,19014.0,18702.0,18897.0,10585900,KBS
2023-08-14 07:00:00,19014.0,19560.0,18819.0,19482.0,18490700,KBS
2023-08-15 07:00:00,19482.0,19599.0,19170.0,19248.0,4055400,KBS
2023-08-16 07:00:00,19131.0,19793.0,18975.0,19560.0,9914200,KBS
2023-08-17 07:00:00,19560.0,19560.0,19248.0,19248.0,5793300,KBS
2023-08-18 07:00:00,19092.0,19170.0,17923.0,17923.0,20034100,KBS
2023-08-21 07:00:00,17923.0,18235.0,17534.0,17923.0,5017400,KBS
2023-08-22 07:00:00,18040.0,18625.0,17456.0,18352.0,6078900,KBS
2023-08-23 07:00:00,18625.0,18625.0,18157.0,18352.0,3603900,KBS
2023-08-24 07:00:00,18469.0,18469.0,18235.0,18391.0,3579500,KBS
2023-08-25 07:00:00,18391.0,18897.0,18391.0,18702.0,6290200,KBS
2023-08-28 07:00:00,18975.0,19871.0,18780.0,19871.0,10314700,KBS
2023-08-29 07:00:00,20027.0,20027.0,19443.0,19482.0,7410300,KBS
2023-08-30 07:00:00,19599.0,19910.0,19443.0,19716.0,7208700,KBS
2023-08-31 07:00:00,19832.0,20261.0,19716.0,20261.0,9209400,KBS
2023-09-05 07:00:00,20261.0,20573.0,19832.0,19910.0,11913300,KBS
2023-09-06 07:00:00,20027.0,20066.0,19638.0,19910.0,6385200,KBS
2023-09-07 07:00:00,19949.0,20183.0,19871.0,19910.0,5695500,KBS
2023-09-08 07:00:00,19949.0,20534.0,19871.0,19871.0,8797800,KBS
2023-09-11 07:00:00,19988.0,20066.0,19482.0,19482.0,7050200,KBS
2023-09-12 07:00:00,19560.0,19793.0,19365.0,19793.0,5676100,KBS
2023-09-13 07:00:00,19871.0,20261.0,19716.0,19793.0,8563000,KBS
2023-09-14 07:00:00,19871.0,20144.0,19677.0,19793.0,5512500,KBS
2023-09-15 07:00:00,19949.0,20027.0,19754.0,19793.0,5801500,KBS
2023-09-18 07:00:00,19793.0,19871.0,18469.0,18508.0,16243300,KBS
2023-09-19 07:00:00,18663.0,18702.0,17728.0,17923.0,15680400,KBS
2023-09-20 07:00:00,18157.0,18313.0,17884.0,18313.0,5918600,KBS
2023-09-21 07:00:00,18313.0,18391.0,17845.0,17923.0,8933000,KBS
2023-09-22 07:00:00,18245.0,18245.0,17234.0,18015.0,8008600,KBS
2023-09-25 07:00:00,17923.0,18015.0,16774.0,16774.0,10014600,KBS
2023-09-26 07:00:00,16499.0,16866.0,16085.0,16085.0,8999100,KBS
2023-09-27 07:00:00,16269.0,16682.0,15717.0,16682.0,8054700,KBS
2023-09-28 07:00:00,16866.0,16866.0,15809.0,16039.0,8822900,KBS
2023-09-29 07:00:00,16223.0,16590.0,16177.0,16499.0,4097500,KBS
2023-10-02 07:00:00,16544.0,16544.0,16131.0,16269.0,2260100,KBS
2023-10-03 07:00:00,16039.0,16177.0,15396.0,15396.0,6163200,KBS
2023-10-04 07:00:00,15166.0,15763.0,15166.0,15579.0,3872900,KBS
2023-10-05 07:00:00,15717.0,15717.0,15258.0,15304.0,2585100,KBS
2023-10-06 07:00:00,15304.0,15717.0,15166.0,15671.0,5750300,KBS
2023-10-09 07:00:00,15671.0,15993.0,15625.0,15901.0,3819300,KBS
2023-10-10 07:00:00,16085.0,16269.0,15947.0,16177.0,4182200,KBS
2023-10-11 07:00:00,16131.0,16361.0,16039.0,16223.0,4082900,KBS
2023-10-12 07:00:00,16315.0,16361.0,16039.0,16039.0,4228400,KBS
2023-10-13 07:00:00,15993.0,16131.0,15901.0,16039.0,2507000,KBS
2023-10-16 07:00:00,16085.0,16177.0,15809.0,15855.0,4596300,KBS
2023-10-17 07:00:00,15947.0,16269.0,15809.0,15809.0,4181100,KBS
2023-10-18 07:00:00,15855.0,16039.0,15487.0,15579.0,4478300,KBS
2023-10-19 07:00:00,15625.0,15901.0,15533.0,15717.0,3347100,KBS
2023-10-20 07:00:00,15809.0,16269.0,15671.0,16269.0,4998800,KBS
2023-10-23 07:00:00,16269.0,16407.0,16177.0,16315.0,3349600,KBS
2023-10-24 07:00:00,16361.0,16958.0,16177.0,16820.0,6360400,KBS
2023-10-25 07:00:00,16820.0,17096.0,16636.0,16636.0,5185300,KBS
2023-10-26 07:00:00,16361.0,16361.0,15625.0,15809.0,14848800,KBS
2023-10-27 07:00:00,15993.0,16361.0,15625.0,16361.0,6402900,KBS
2023-10-30 07:00:00,16269.0,16315.0,15901.0,15901.0,3800300,KBS
2023-10-31 07:00:00,15855.0,16039.0,15487.0,15487.0,5567900,KBS
2023-11-01 07:00:00,15442.0,15763.0,15258.0,15763.0,4572900,KBS
2023-11-02 07:00:00,15993.0,16269.0,15809.0,16177.0,3158500,KBS
2023-11-03 07:00:00,16269.0,16361.0,16085.0,16361.0,3587500,KBS
2023-11-06 07:00:00,16407.0,16728.0,16269.0,16544.0,5838900,KBS
2023-11-07 07:00:00,16407.0,16544.0,16131.0,16269.0,3229100,KBS
2023-11-08 07:00:00,16131.0,16728.0,15947.0,16728.0,6111500,KBS
2023-11-09 07:00:00,16912.0,16912.0,16636.0,16682.0,9949200,KBS
2023-11-10 07:00:00,16544.0,16820.0,16315.0,16315.0,6333700,KBS
2023-11-13 07:00:00,16407.0,16453.0,16085.0,16361.0,4268600,KBS
2023-11-14 07:00:00,16499.0,17464.0,16361.0,17464.0,23898500,KBS
2023-11-15 07:00:00,17923.0,18107.0,17418.0,17647.0,12857700,KBS
2023-11-16 07:00:00,17785.0,17785.0,17326.0,17556.0,11627000,KBS
2023-11-17 07:00:00,17647.0,17877.0,17050.0,17096.0,16374400,KBS
2023-11-20 07:00:00,16682.0,17050.0,16590.0,16912.0,12314100,KBS
2023-11-21 07:00:00,17050.0,17510.0,17004.0,17050.0,9936100,KBS
2023-11-22 07:00:00,17050.0,17647.0,17050.0,17556.0,11444300,KBS
2023-11-23 07:00:00,17647.0,17969.0,16912.0,16912.0,14736200,KBS
2023-11-24 07:00:00,17188.0,17188.0,16499.0,17188.0,11783500,KBS
2023-11-27 07:00:00,17142.0,17188.0,16820.0,16820.0,6463700,KBS
2023-11-28 07:00:00,16820.0,16866.0,16407.0,16682.0,8755300,KBS
2023-11-29 07:00:00,16682.0,16774.0,16590.0,16636.0,8689400,KBS
2023-11-30 07:00:00,16682.0,17372.0,16636.0,16728.0,8296800,KBS
2023-12-01 07:00:00,17004.0,17004.0,16544.0,16820.0,5589400,KBS
2023-12-04 07:00:00,17004.0,17418.0,16774.0,17188.0,12438200,KBS
2023-12-05 07:00:00,17280.0,17372.0,17004.0,17050.0,8409000,KBS
2023-12-06 07:00:00,17096.0,17418.0,17004.0,17372.0,12419500,KBS
2023-12-07 07:00:00,17464.0,17785.0,17188.0,17510.0,23875900,KBS
2023-12-08 07:00:00,17601.0,17785.0,17372.0,17556.0,10310600,KBS
2023-12-11 07:00:00,17647.0,17693.0,17280.0,17464.0,7070100,KBS
2023-12-12 07:00:00,17510.0,17601.0,17280.0,17464.0,13212600,KBS
2023-12-13 07:00:00,17739.0,18061.0,17464.0,17464.0,24905800,KBS
2023-12-14 07:00:00,17647.0,17647.0,16958.0,17004.0,18502000,KBS
2023-12-15 07:00:00,17004.0,17142.0,16774.0,16774.0,13808600,KBS
2023-12-18 07:00:00,16774.0,16866.0,16453.0,16453.0,16840900,KBS
2023-12-19 07:00:00,16544.0,16820.0,16453.0,16820.0,12877000,KBS
2023-12-20 07:00:00,16820.0,17050.0,16820.0,16958.0,8116500,KBS
2023-12-21 07:00:00,16820.0,16958.0,16682.0,16820.0,4388000,KBS
2023-12-22 07:00:00,16820.0,17004.0,16774.0,16820.0,10195800,KBS
2023-12-25 07:00:00,16912.0,17050.0,16774.0,16774.0,7699300,KBS
2023-12-26 07:00:00,16866.0,16912.0,16636.0,16774.0,7303700,KBS
2023-12-27 07:00:00,16866.0,16958.0,16728.0,16774.0,8386700,KBS
2023-12-28 07:00:00,16866.0,16912.0,16728.0,16866.0,4986300,KBS
2023-12-29 07:00:00,16912.0,17096.0,16866.0,16866.0,7671300,KBS
2024-01-02 07:00:00,17004.0,17280.0,16912.0,16958.0,9160200,KBS
2024-01-03 07:00:00,16958.0,17280.0,16912.0,17280.0,8073800,KBS
2024-01-04 07:00:00,17418.0,17785.0,17280.0,17372.0,16982800,KBS
2024-01-05 07:00:00,17464.0,17739.0,17326.0,17372.0,8593200,KBS
2024-01-08 07:00:00,17556.0,17601.0,17234.0,17326.0,9138100,KBS
2024-01-09 07:00:00,17418.0,17418.0,17096.0,17142.0,8244700,KBS
2024-01-10 07:00:00,17234.0,17647.0,17096.0,17556.0,16782100,KBS
2024-01-11 07:00:00,17785.0,18658.0,17785.0,18291.0,27827800,KBS
2024-01-12 07:00:00,17923.0,18383.0,17831.0,18153.0,23760900,KBS
2024-01-15 07:00:00,18199.0,18337.0,17693.0,17693.0,13512800,KBS
2024-01-16 07:00:00,17693.0,17969.0,17556.0,17923.0,14675700,KBS
2024-01-17 07:00:00,18015.0,18061.0,17693.0,17739.0,11304600,KBS
2024-01-18 07:00:00,17739.0,18015.0,17739.0,17831.0,9960200,KBS
2024-01-19 07:00:00,17923.0,18245.0,17831.0,18245.0,22284100,KBS
2024-01-22 07:00:00,18383.0,18567.0,18153.0,18337.0,15496600,KBS
2024-01-23 07:00:00,18383.0,18475.0,17969.0,18061.0,12135600,KBS
2024-01-24 07:00:00,18107.0,18245.0,17923.0,18015.0,13826500,KBS
2024-01-25 07:00:00,18107.0,18107.0,17877.0,18107.0,8679600,KBS
2024-01-26 07:00:00,18107.0,18107.0,17831.0,17923.0,11438100,KBS
2024-01-29 07:00:00,17923.0,17969.0,17647.0,17647.0,11114500,KBS
2024-01-30 07:00:00,17647.0,17877.0,17556.0,17785.0,7194000,KBS
2024-01-31 07:00:00,17785.0,17831.0,17234.0,17234.0,16621400,KBS
2024-02-01 07:00:00,17234.0,17280.0,17096.0,17096.0,7534200,KBS
2024-02-02 07:00:00,17142.0,17188.0,16958.0,16958.0,8047000,KBS
2024-02-05 07:00:00,17004.0,17372.0,16958.0,17280.0,17694200,KBS
2024-02-06 07:00:00,17372.0,17418.0,17142.0,17188.0,4999800,KBS
2024-02-07 07:00:00,17234.0,17280.0,17050.0,17188.0,11577400,KBS
2024-02-15 07:00:00,17326.0,17693.0,17188.0,17464.0,19255100,KBS
2024-02-16 07:00:00,17556.0,17601.0,17234.0,17326.0,11007500,KBS
2024-02-19 07:00:00,17418.0,17418.0,17096.0,17280.0,12460900,KBS
2024-02-20 07:00:00,17372.0,17418.0,17096.0,17142.0,15672800,KBS
2024-02-21 07:00:00,17234.0,17418.0,17096.0,17280.0,15012100,KBS
2024-02-22 07:00:00,17280.0,17372.0,17142.0,17188.0,10575700,KBS
2024-02-23 07:00:00,17188.0,17556.0,16866.0,16866.0,33968100,KBS
2024-02-26 07:00:00,16866.0,16958.0,16544.0,16682.0,14075500,KBS
2024-02-27 07:00:00,16728.0,16820.0,16499.0,16728.0,18153800,KBS
2024-02-28 07:00:00,16820.0,16912.0,16682.0,16820.0,9089100,KBS
2024-02-29 07:00:00,16912.0,16958.0,16590.0,16636.0,9707100,KBS
2024-03-01 07:00:00,16728.0,16774.0,16590.0,16774.0,9288700,KBS
2024-03-04 07:00:00,16820.0,16912.0,16728.0,16820.0,11745400,KBS
2024-03-05 07:00:00,16820.0,16866.0,16682.0,16820.0,6061300,KBS
2024-03-06 07:00:00,16728.0,16912.0,16590.0,16590.0,11765900,KBS
2024-03-07 07:00:00,16590.0,16682.0,16499.0,16682.0,12527400,KBS
2024-03-08 07:00:00,16728.0,16774.0,16269.0,16269.0,19472100,KBS
2024-03-11 07:00:00,16269.0,16820.0,16269.0,16499.0,13730700,KBS
2024-03-12 07:00:00,16544.0,16728.0,16544.0,16682.0,9115900,KBS
2024-03-13 07:00:00,16728.0,16774.0,16499.0,16682.0,15273300,KBS
2024-03-14 07:00:00,16728.0,16728.0,16453.0,16499.0,9972700,KBS
2024-03-15 07:00:00,16499.0,16820.0,16407.0,16407.0,30799500,KBS
2024-03-18 07:00:00,16453.0,16912.0,16269.0,16912.0,30580400,KBS
2024-03-19 07:00:00,16958.0,17464.0,16820.0,17096.0,32201300,KBS
2024-03-20 07:00:00,17096.0,17188.0,16820.0,17004.0,8954400,KBS
2024-03-21 07:00:00,17050.0,17142.0,16590.0,16728.0,25813700,KBS
2024-03-22 07:00:00,16820.0,17188.0,16728.0,16912.0,19831600,KBS
2024-03-25 07:00:00,17004.0,17096.0,16820.0,16958.0,11715600,KBS
2024-03-26 07:00:00,16820.0,17234.0,16820.0,17142.0,12433100,KBS
2024-03-27 07:00:00,17142.0,17326.0,17004.0,17096.0,13620300,KBS
2024-03-28 07:00:00,17234.0,17234.0,16958.0,17004.0,16055300,KBS
2024-03-29 07:00:00,17004.0,17096.0,16866.0,16912.0,5074100,KBS
2024-04-01 07:00:00,16866.0,17004.0,16682.0,16728.0,15318800,KBS
2024-04-02 07:00:00,16728.0,16866.0,16590.0,16728.0,7536400,KBS
2024-04-03 07:00:00,16728.0,16774.0,16590.0,16590.0,8251300,KBS
2024-04-04 07:00:00,16590.0,16682.0,16453.0,16453.0,7030200,KBS
2024-04-05 07:00:00,16407.0,16499.0,16315.0,16361.0,8931200,KBS
2024-04-08 07:00:00,16453.0,16499.0,16269.0,16269.0,7012400,KBS
2024-04-09 07:00:00,16407.0,16544.0,16269.0,16499.0,6281300,KBS
2024-04-10 07:00:00,16499.0,16682.0,16453.0,16499.0,10902400,KBS
2024-04-11 07:00:00,16453.0,16774.0,16315.0,16682.0,11286700,KBS
2024-04-12 07:00:00,16728.0,16774.0,16590.0,16682.0,4548400,KBS
2024-04-15 07:00:00,16544.0,16774.0,15625.0,15625.0,10056500,KBS
2024-04-16 07:00:00,15625.0,15809.0,15258.0,15579.0,13285100,KBS
2024-04-17 07:00:00,15809.0,15809.0,15442.0,15487.0,8584700,KBS
2024-04-19 07:00:00,15350.0,15487.0,14936.0,15166.0,9153300,KBS
2024-04-22 07:00:00,15350.0,15855.0,15258.0,15809.0,10408800,KBS
2024-04-23 07:00:00,15763.0,16223.0,15671.0,15947.0,11716500,KBS
2024-04-24 07:00:00,16039.0,16544.0,15901.0,16223.0,10237200,KBS
2024-04-25 07:00:00,16223.0,16499.0,16131.0,16499.0,7251300,KBS
2024-04-26 07:00:00,16453.0,16636.0,16269.0,16499.0,6319800,KBS
2024-05-02 07:00:00,16499.0,16499.0,16223.0,16315.0,3024100,KBS
2024-05-03 07:00:00,16361.0,16361.0,16177.0,16177.0,2381900,KBS
2024-05-06 07:00:00,16177.0,16499.0,16177.0,16499.0,5191800,KBS
2024-05-07 07:00:00,16499.0,16682.0,16315.0,16315.0,8124200,KBS
2024-05-08 07:00:00,16361.0,16912.0,16361.0,16544.0,13181700,KBS
2024-05-09 07:00:00,16636.0,16636.0,16315.0,16361.0,3555200,KBS
2024-05-10 07:00:00,16407.0,16453.0,16131.0,16223.0,3001500,KBS
2024-05-13 07:00:00,16361.0,16361.0,16177.0,16269.0,3129800,KBS
2024-05-14 07:00:00,16361.0,16361.0,16177.0,16223.0,3867100,KBS
2024-05-15 07:00:00,16223.0,16407.0,16177.0,16223.0,4310000,KBS
2024-05-16 07:00:00,16361.0,16499.0,16223.0,16361.0,4929900,KBS
2024-05-17 07:00:00,16453.0,16453.0,16269.0,16315.0,4858900,KBS
2024-05-20 07:00:00,16453.0,17188.0,16407.0,17004.0,26589000,KBS
2024-05-21 07:00:00,17050.0,17372.0,16958.0,16958.0,12038200,KBS
2024-05-22 07:00:00,17142.0,17142.0,16728.0,16728.0,11291900,KBS
2024-05-23 07:00:00,16820.0,17004.0,16682.0,17004.0,8021000,KBS
2024-05-24 07:00:00,16958.0,17050.0,16407.0,16453.0,11035700,KBS
2024-05-27 07:00:00,16544.0,17326.0,16453.0,17280.0,23321600,KBS
2024-05-28 07:00:00,17372.0,17418.0,17050.0,17234.0,13683500,KBS
2024-05-29 07:00:00,17234.0,18107.0,17096.0,18061.0,33138400,KBS
2024-05-30 07:00:00,17831.0,18153.0,17739.0,18107.0,13582200,KBS
2024-05-31 07:00:00,18199.0,18796.0,18061.0,18337.0,20075700,KBS
2024-06-03 07:00:00,18475.0,18475.0,18061.0,18199.0,12459800,KBS
2024-06-04 07:00:00,18153.0,18291.0,17923.0,17923.0,11181200,KBS
2024-06-05 07:00:00,17923.0,18337.0,17923.0,17923.0,11878400,KBS
2024-06-06 07:00:00,17969.0,18245.0,17785.0,17923.0,8742800,KBS
2024-06-07 07:00:00,18107.0,18291.0,17969.0,18199.0,8910000,KBS
2024-06-10 07:00:00,18153.0,18291.0,17831.0,17969.0,7672100,KBS
2024-06-11 07:00:00,17923.0,18107.0,17372.0,17418.0,15342100,KBS
2024-06-12 07:00:00,17464.0,17739.0,17280.0,17647.0,9145000,KBS
2024-06-13 07:00:00,17693.0,17785.0,17510.0,17556.0,5091100,KBS
2024-06-14 07:00:00,17647.0,17877.0,17004.0,17004.0,8460400,KBS
2024-06-17 07:00:00,17142.0,17372.0,16912.0,17188.0,6185800,KBS
2024-06-18 07:00:00,17326.0,17556.0,17004.0,17004.0,6837300,KBS
2024-06-19 07:00:00,17096.0,17372.0,16912.0,17234.0,5208700,KBS
2024-06-20 07:00:00,17234.0,17372.0,16958.0,17050.0,4938900,KBS
2024-06-21 07:00:00,17050.0,17326.0,17004.0,17050.0,5616500,KBS
2024-06-24 07:00:00,17050.0,17188.0,16590.0,16728.0,6240100,KBS
2024-06-25 07:00:00,16728.0,16866.0,16636.0,16820.0,3698000,KBS
2024-06-26 07:00:00,16774.0,16866.0,16636.0,16774.0,2668600,KBS
2024-06-27 07:00:00,16820.0,16958.0,16728.0,16866.0,2710500,KBS
2024-06-28 07:00:00,16958.0,17372.0,16728.0,17372.0,6178700,KBS
2024-07-01 07:00:00,17004.0,17096.0,16820.0,17004.0,2541400,KBS
2024-07-02 07:00:00,17050.0,17372.0,16912.0,17372.0,5329200,KBS
2024-07-03 07:00:00,17464.0,17831.0,17418.0,17647.0,10060500,KBS
2024-07-04 07:00:00,17647.0,17785.0,17510.0,17510.0,9358800,KBS
2024-07-05 07:00:00,17831.0,17831.0,17510.0,17510.0,24982200,KBS
2024-07-08 07:00:00,17510.0,17601.0,17280.0,17280.0,9117100,KBS
2024-07-09 07:00:00,17418.0,17510.0,17326.0,17372.0,10096500,KBS
2024-07-10 07:00:00,17556.0,17831.0,17556.0,17556.0,21655700,KBS
2024-07-11 07:00:00,17601.0,17739.0,17510.0,17601.0,21178200,KBS
2024-07-12 07:00:00,17096.0,17647.0,17096.0,17418.0,9523700,KBS
2024-07-15 07:00:00,17510.0,17510.0,17326.0,17418.0,2956300,KBS
2024-07-16 07:00:00,17464.0,17464.0,17234.0,17234.0,3339200,KBS
2024-07-17 07:00:00,17372.0,17510.0,17050.0,17050.0,5983900,KBS
2024-07-18 07:00:00,17096.0,17326.0,17004.0,17234.0,10292300,KBS
2024-07-19 07:00:00,17234.0,17326.0,17050.0,17096.0,9091400,KBS
2024-07-22 07:00:00,17096.0,17188.0,16774.0,16866.0,4570200,KBS
2024-07-23 07:00:00,17004.0,17004.0,16453.0,16499.0,5506800,KBS
2024-07-24 07:00:00,16499.0,16820.0,16407.0,16820.0,3479200,KBS
2024-07-25 07:00:00,16820.0,16866.0,16682.0,16820.0,1211000,KBS
2024-07-26 07:00:00,16820.0,17004.0,16728.0,16958.0,2212500,KBS
2024-07-29 07:00:00,17050.0,17050.0,16774.0,16774.0,2072700,KBS
2024-07-30 07:00:00,16774.0,16912.0,16728.0,16774.0,2110400,KBS
2024-07-31 07:00:00,16912.0,16912.0,16728.0,16728.0,4044100,KBS
2024-08-01 07:00:00,16774.0,16820.0,16407.0,16544.0,5016400,KBS
2024-08-02 07:00:00,16499.0,16590.0,16315.0,16590.0,2737800,KBS
2024-08-05 07:00:00,16544.0,17280.0,16315.0,16636.0,8137000,KBS
2024-08-06 07:00:00,16590.0,16912.0,16407.0,16912.0,1699300,KBS
2024-08-07 07:00:00,16912.0,16912.0,16636.0,16912.0,1098500,KBS
2024-08-08 07:00:00,16820.0,17050.0,16682.0,16866.0,11307500,KBS
2024-08-09 07:00:00,16820.0,16958.0,16820.0,16866.0,5532800,KBS
2024-08-12 07:00:00,16912.0,17418.0,16866.0,17326.0,5269000,KBS
2024-08-13 07:00:00,17280.0,17372.0,17050.0,17234.0,4363300,KBS
2024-08-14 07:00:00,17280.0,17280.0,16912.0,16958.0,3210200,KBS
2024-08-15 07:00:00,16958.0,17004.0,16682.0,16820.0,1645700,KBS
2024-08-16 07:00:00,16866.0,17142.0,16820.0,17050.0,3175200,KBS
2024-08-19 07:00:00,17096.0,17739.0,16958.0,17556.0,14473100,KBS
2024-08-20 07:00:00,17647.0,17647.0,17372.0,17510.0,5125600,KBS
2024-08-21 07:00:00,17510.0,17647.0,17418.0,17601.0,6807300,KBS
2024-08-22 07:00:00,17693.0,17693.0,17326.0,17326.0,5015500,KBS
2024-08-23 07:00:00,17326.0,17372.0,17188.0,17326.0,3833600,KBS
2024-08-26 07:00:00,17464.0,17601.0,17234.0,17280.0,5560500,KBS
2024-08-27 07:00:00,17372.0,17418.0,17188.0,17234.0,2973100,KBS
2024-08-28 07:00:00,17234.0,17280.0,17142.0,17188.0,3574800,KBS
2024-08-29 07:00:00,17234.0,17464.0,16728.0,16774.0,14867600,KBS
2024-08-30 07:00:00,16912.0,17234.0,16912.0,17050.0,6273800,KBS
2024-09-04 07:00:00,17004.0,17096.0,16912.0,17096.0,5429700,KBS
2024-09-05 07:00:00,17142.0,17142.0,16958.0,17096.0,5322700,KBS
2024-09-06 07:00:00,17004.0,17234.0,16728.0,16958.0,8893900,KBS
2024-09-09 07:00:00,16958.0,16958.0,16774.0,16820.0,2484100,KBS
2024-09-10 07:00:00,16866.0,16912.0,16774.0,16820.0,4185900,KBS
2024-09-11 07:00:00,16728.0,16958.0,16728.0,16866.0,3008200,KBS
2024-09-12 07:00:00,16866.0,16958.0,16820.0,16866.0,2661800,KBS
2024-09-13 07:00:00,16866.0,16912.0,16820.0,16866.0,2564900,KBS
2024-09-16 07:00:00,16912.0,17004.0,16820.0,16866.0,5716900,KBS
2024-09-17 07:00:00,16866.0,17142.0,16866.0,17096.0,5261800,KBS
2024-09-18 07:00:00,17096.0,17188.0,17050.0,17050.0,4529000,KBS
2024-09-19 07:00:00,17500.0,17500.0,17050.0,17150.0,2146000,KBS
2024-09-20 07:00:00,17300.0,17350.0,17100.0,17200.0,2835500,KBS
2024-09-23 07:00:00,17150.0,17350.0,16950.0,17200.0,4127800,KBS
2024-09-24 07:00:00,17100.0,17300.0,17050.0,17300.0,3036600,KBS
2024-09-25 07:00:00,17350.0,17450.0,17300.0,17450.0,4204400,KBS
2024-09-26 07:00:00,17550.0,17950.0,17500.0,17900.0,12801100,KBS
2024-09-27 07:00:00,18050.0,19000.0,18000.0,18550.0,22744700,KBS
2024-09-30 07:00:00,18550.0,18900.0,18550.0,18800.0,10689100,KBS
2024-10-01 07:00:00,18850.0,19200.0,18750.0,18900.0,12446500,KBS
2024-10-02 07:00:00,18850.0,19200.0,18700.0,19200.0,8941000,KBS
2024-10-03 07:00:00,19400.0,19750.0,19300.0,19300.0,15638300,KBS
2024-10-04 07:00:00,19300.0,19350.0,18650.0,18650.0,6370800,KBS
2024-10-07 07:00:00,18800.0,19100.0,18800.0,18850.0,8050100,KBS
2024-10-08 07:00:00,18900.0,19050.0,18800.0,18850.0,8217800,KBS
2024-10-09 07:00:00,18900.0,19250.0,18850.0,19200.0,9211500,KBS
2024-10-10 07:00:00,19400.0,19400.0,18850.0,18850.0,6386700,KBS
2024-10-11 07:00:00,18900.0,19100.0,18850.0,19100.0,4839800,KBS
2024-10-14 07:00:00,19100.0,19150.0,17850.0,18250.0,42671800,KBS
2024-10-15 07:00:00,18250.0,18500.0,18200.0,18200.0,15637200,KBS
2024-10-16 07:00:00,18250.0,18900.0,18200.0,18450.0,10752700,KBS
2024-10-17 07:00:00,18600.0,18850.0,18550.0,18800.0,19868900,KBS
2024-10-18 07:00:00,18900.0,19850.0,18800.0,19450.0,27198900,KBS
2024-10-21 07:00:00,19350.0,20800.0,19350.0,20800.0,34702100,KBS
2024-10-22 07:00:00,20800.0,22000.0,20800.0,21600.0,29012000,KBS
2024-10-23 07:00:00,21350.0,21800.0,21050.0,21600.0,6990300,KBS
2024-10-24 07:00:00,21300.0,22100.0,21250.0,21400.0,21987900,KBS
2024-10-25 07:00:00,21350.0,21600.0,20850.0,20850.0,10408100,KBS
2024-10-28 07:00:00,20850.0,21000.0,19800.0,19850.0,9875600,KBS
2024-10-29 07:00:00,20000.0,20150.0,19550.0,19950.0,10503500,KBS
2024-10-30 07:00:00,20000.0,20000.0,19650.0,20000.0,5558900,KBS
2024-10-31 07:00:00,20200.0,20200.0,19800.0,19950.0,8166500,KBS
2024-11-01 07:00:00,19800.0,19950.0,19650.0,19650.0,2679200,KBS
2024-11-04 07:00:00,19650.0,19700.0,18650.0,18700.0,16095700,KBS
2024-11-05 07:00:00,18750.0,19450.0,18750.0,19300.0,5013100,KBS
2024-11-06 07:00:00,19550.0,19550.0,19000.0,19450.0,9081400,KBS
2024-11-07 07:00:00,19550.0,19550.0,19150.0,19200.0,2378200,KBS
2024-11-08 07:00:00,19300.0,19300.0,18750.0,19000.0,6386400,KBS
2024-11-11 07:00:00,18900.0,19000.0,18450.0,18700.0,3213200,KBS
2024-11-12 07:00:00,18550.0,18950.0,18500.0,18550.0,3299900,KBS
2024-11-13 07:00:00,18500.0,18700.0,18150.0,18650.0,4353400,KBS
2024-11-14 07:00:00,18650.0,18650.0,18250.0,18550.0,2130200,KBS
2024-11-15 07:00:00,18400.0,18500.0,18000.0,18000.0,4901200,KBS
2024-11-18 07:00:00,17950.0,18150.0,17450.0,18050.0,5143500,KBS
2024-11-19 07:00:00,18000.0,18000.0,17600.0,17900.0,2644100,KBS
2024-11-20 07:00:00,17850.0,18100.0,17600.0,18100.0,2234000,KBS
2024-11-21 07:00:00,17800.0,18050.0,17800.0,18050.0,1509200,KBS
2024-11-22 07:00:00,18050.0,18050.0,17850.0,18000.0,2671300,KBS
2024-11-25 07:00:00,18000.0,18350.0,17850.0,18250.0,2358200,KBS
2024-11-26 07:00:00,18250.0,18350.0,18150.0,18300.0,3037000,KBS
2024-11-27 07:00:00,18300.0,18750.0,18200.0,18700.0,3126900,KBS
2024-11-28 07:00:00,18750.0,19200.0,18450.0,18800.0,5309400,KBS
2024-11-29 07:00:00,18800.0,18800.0,18500.0,18500.0,2884800,KBS
2024-12-02 07:00:00,18500.0,18600.0,18350.0,18500.0,2661100,KBS
2024-12-03 07:00:00,18500.0,18500.0,18350.0,18500.0,1480400,KBS
2024-12-04 07:00:00,18400.0,18450.0,18350.0,18400.0,2143300,KBS
2024-12-05 07:00:00,18300.0,18700.0,18000.0,18700.0,4160700,KBS
2024-12-06 07:00:00,18700.0,18700.0,18550.0,18600.0,2818200,KBS
2024-12-09 07:00:00,18650.0,19000.0,18600.0,18950.0,3718100,KBS
2024-12-10 07:00:00,19000.0,19200.0,19000.0,19000.0,4868100,KBS
2024-12-11 07:00:00,19000.0,19350.0,19000.0,19250.0,6350400,KBS
2024-12-12 07:00:00,19300.0,20100.0,19250.0,19750.0,8513700,KBS
2024-12-13 07:00:00,20000.0,20000.0,19700.0,19700.0,4244100,KBS
2024-12-16 07:00:00,19800.0,19800.0,19250.0,19400.0,2804300,KBS
2024-12-17 07:00:00,19300.0,19600.0,19300.0,19550.0,1942200,KBS
2024-12-18 07:00:00,19550.0,19650.0,19500.0,19550.0,1497200,KBS
2024-12-19 07:00:00,19300.0,19350.0,19100.0,19150.0,5742000,KBS
2024-12-20 07:00:00,19200.0,19200.0,18950.0,19000.0,3858200,KBS
2024-12-23 07:00:00,19100.0,19650.0,19100.0,19500.0,5135800,KBS
2024-12-24 07:00:00,19500.0,19750.0,19450.0,19600.0,10562400,KBS
2024-12-25 07:00:00,19600.0,19800.0,19350.0,19500.0,4804900,KBS
2024-12-26 07:00:00,19550.0,19550.0,19200.0,19250.0,3419400,KBS
2024-12-27 07:00:00,19250.0,19700.0,19250.0,19450.0,5564300,KBS
2024-12-30 07:00:00,19500.0,19700.0,19150.0,19300.0,3831900,KBS
2024-12-31 07:00:00,19300.0,19300.0,18900.0,19300.0,4828000,KBS
2025-01-02 07:00:00,19250.0,19250.0,18650.0,18750.0,6098900,KBS
2025-01-03 07:00:00,18850.0,18850.0,18250.0,18250.0,4675900,KBS
2025-01-06 07:00:00,18400.0,18450.0,17900.0,18250.0,4576300,KBS
2025-01-07 07:00:00,18100.0,18350.0,18050.0,18200.0,2009600,KBS
2025-01-08 07:00:00,18200.0,18400.0,18100.0,18350.0,1333100,KBS
2025-01-09 07:00:00,18400.0,18450.0,18250.0,18400.0,675500,KBS
2025-01-10 07:00:00,18400.0,18400.0,18100.0,18100.0,2321600,KBS
2025-01-13 07:00:00,17950.0,18300.0,17900.0,18300.0,1520800,KBS
2025-01-14 07:00:00,18300.0,18400.0,18100.0,18250.0,2170000,KBS
2025-01-15 07:00:00,18250.0,18350.0,18100.0,18250.0,1715500,KBS
2025-01-16 07:00:00,18350.0,18400.0,18200.0,18300.0,3089800,KBS
2025-01-17 07:00:00,18350.0,18350.0,18150.0,18300.0,1800800,KBS
2025-01-20 07:00:00,18400.0,18650.0,18300.0,18400.0,7065600,KBS
2025-01-21 07:00:00,18500.0,18500.0,18100.0,18150.0,4994700,KBS
2025-01-22 07:00:00,18150.0,18250.0,17750.0,17900.0,8721200,KBS
2025-01-23 07:00:00,18000.0,18350.0,17900.0,18350.0,5096700,KBS
2025-01-24 07:00:00,18300.0,18550.0,18000.0,18550.0,10330800,KBS
2025-02-03 07:00:00,18500.0,18500.0,18200.0,18200.0,3402700,KBS
2025-02-04 07:00:00,18250.0,18750.0,18250.0,18600.0,9002100,KBS
2025-02-05 07:00:00,18650.0,18650.0,18450.0,18500.0,2349500,KBS
2025-02-06 07:00:00,18550.0,18900.0,18550.0,18600.0,2831800,KBS
2025-02-07 07:00:00,18600.0,18850.0,18450.0,18650.0,3068100,KBS
2025-02-10 07:00:00,18600.0,19150.0,18450.0,18750.0,5766200,KBS
2025-02-11 07:00:00,18750.0,18950.0,18750.0,18950.0,3229800,KBS
2025-02-12 07:00:00,19100.0,19400.0,19000.0,19200.0,5971800,KBS
2025-02-13 07:00:00,19200.0,19200.0,19050.0,19150.0,2346300,KBS
2025-02-14 07:00:00,19150.0,19300.0,19050.0,19100.0,4095300,KBS
2025-02-17 07:00:00,19100.0,19700.0,18950.0,19400.0,16261600,KBS
2025-02-18 07:00:00,19550.0,19650.0,19400.0,19450.0,13528300,KBS
2025-02-19 07:00:00,19550.0,20450.0,19500.0,20450.0,13361500,KBS
2025-02-20 07:00:00,20600.0,20700.0,20150.0,20450.0,6902600,KBS
2025-02-21 07:00:00,20350.0,20450.0,20100.0,20200.0,8721500,KBS
2025-02-24 07:00:00,20100.0,20700.0,20100.0,20500.0,7252000,KBS
2025-02-25 07:00:00,20700.0,20800.0,20550.0,20700.0,7345900,KBS
2025-02-26 07:00:00,20750.0,21100.0,20600.0,20800.0,8219600,KBS
2025-02-27 07:00:00,20800.0,20850.0,20500.0,20800.0,7792900,KBS
2025-02-28 07:00:00,20700.0,21300.0,20600.0,21300.0,8575100,KBS
2025-03-03 07:00:00,21500.0,22000.0,21200.0,21650.0,15236700,KBS
2025-03-04 07:00:00,21650.0,22350.0,21050.0,22250.0,13345900,KBS
2025-03-05 07:00:00,22400.0,22550.0,22000.0,22000.0,14659000,KBS
2025-03-06 07:00:00,22000.0,22350.0,20500.0,22200.0,41521400,KBS
2025-03-07 07:00:00,22200.0,22200.0,21500.0,21650.0,9353300,KBS
2025-03-10 07:00:00,21550.0,21700.0,21000.0,21050.0,11129700,KBS
2025-03-11 07:00:00,20900.0,21400.0,20700.0,21300.0,14057500,KBS
2025-03-12 07:00:00,21300.0,21350.0,20950.0,20950.0,10098600,KBS
2025-03-13 07:00:00,21000.0,21050.0,20300.0,20350.0,15367400,KBS
2025-03-14 07:00:00,20350.0,20550.0,20150.0,20150.0,6380100,KBS
2025-03-17 07:00:00,20150.0,20550.0,20150.0,20350.0,9470600,KBS
2025-03-18 07:00:00,20450.0,20600.0,20200.0,20300.0,9041100,KBS
2025-03-19 07:00:00,20200.0,20300.0,19900.0,19900.0,12600200,KBS
2025-03-20 07:00:00,20000.0,20000.0,19750.0,19950.0,6768900,KBS
2025-03-21 07:00:00,19900.0,20300.0,19900.0,20000.0,6057800,KBS
2025-03-24 07:00:00,20150.0,20200.0,19900.0,20100.0,4933400,KBS
2025-03-25 07:00:00,20200.0,20350.0,19800.0,19900.0,12049700,KBS
2025-03-26 07:00:00,19900.0,20000.0,19300.0,19500.0,8635700,KBS
2025-03-27 07:00:00,19600.0,19800.0,19350.0,19450.0,5553600,KBS
2025-03-28 07:00:00,19400.0,19650.0,19250.0,19500.0,5999700,KBS
2025-03-31 07:00:00,19250.0,19500.0,19000.0,19500.0,10124500,KBS
2025-04-01 07:00:00,19500.0,19650.0,19350.0,19550.0,5651600,KBS
2025-04-02 07:00:00,19700.0,20100.0,19700.0,19800.0,9402600,KBS
2025-04-03 07:00:00,19100.0,19400.0,18450.0,18450.0,14463700,KBS
2025-04-04 07:00:00,17650.0,18100.0,17250.0,18000.0,27078400,KBS
2025-04-08 07:00:00,17300.0,17500.0,16750.0,16750.0,8767800,KBS
2025-04-09 07:00:00,15600.0,16450.0,15600.0,15600.0,33903300,KBS
2025-04-10 07:00:00,16650.0,16650.0,16650.0,16650.0,322700,KBS
2025-04-11 07:00:00,17450.0,17800.0,16900.0,17800.0,11231200,KBS
2025-04-14 07:00:00,17800.0,18400.0,17650.0,18350.0,8023900,KBS
2025-04-15 07:00:00,18150.0,18450.0,17800.0,18250.0,9367400,KBS
2025-04-16 07:00:00,18100.0,18350.0,17950.0,18100.0,6328700,KBS
2025-04-17 07:00:00,17800.0,18100.0,17800.0,18100.0,5318900,KBS
2025-04-18 07:00:00,18200.0,19350.0,18150.0,18950.0,16376500,KBS
2025-04-21 07:00:00,19000.0,19250.0,18650.0,18800.0,5975800,KBS
2025-04-22 07:00:00,18700.0,19250.0,17500.0,18400.0,23564100,KBS
2025-04-23 07:00:00,18950.0,18950.0,18600.0,18850.0,5860500,KBS
2025-04-24 07:00:00,18900.0,19100.0,18450.0,18950.0,7551600,KBS
2025-04-25 07:00:00,19000.0,19050.0,18750.0,19050.0,5318700,KBS
2025-04-28 07:00:00,19100.0,19400.0,18900.0,19350.0,6789200,KBS
2025-04-29 07:00:00,19350.0,19350.0,18950.0,18950.0,8881500,KBS
2025-05-05 07:00:00,19100.0,19550.0,18850.0,19250.0,7109300,KBS
2025-05-06 07:00:00,19250.0,19400.0,18850.0,19000.0,11160700,KBS
2025-05-07 07:00:00,18950.0,19150.0,18900.0,19000.0,6537400,KBS
2025-05-08 07:00:00,19100.0,19300.0,18950.0,19250.0,6425300,KBS
2025-05-09 07:00:00,19350.0,19400.0,19100.0,19100.0,5208800,KBS
2025-05-12 07:00:00,19150.0,19350.0,19000.0,19250.0,5100400,KBS
2025-05-13 07:00:00,19450.0,19850.0,19300.0,19700.0,13250500,KBS
2025-05-14 07:00:00,19700.0,19900.0,19500.0,19900.0,7853700,KBS
2025-05-15 07:00:00,19900.0,20150.0,19600.0,19850.0,6673300,KBS
2025-05-16 07:00:00,19900.0,19900.0,19450.0,19450.0,7632100,KBS
2025-05-19 07:00:00,19350.0,19750.0,19250.0,19350.0,6763100,KBS
2025-05-20 07:00:00,19450.0,20150.0,19300.0,19900.0,10900100,KBS
2025-05-21 07:00:00,20100.0,20500.0,20000.0,20250.0,14041100,KBS
2025-05-22 07:00:00,20250.0,21650.0,20150.0,21100.0,36259500,KBS
2025-05-23 07:00:00,21400.0,21900.0,21300.0,21400.0,10496600,KBS
2025-05-26 07:00:00,21600.0,22200.0,21300.0,21900.0,14836700,KBS
2025-05-27 07:00:00,22050.0,22300.0,21700.0,22050.0,13866800,KBS
2025-05-28 07:00:00,22250.0,22300.0,21750.0,21750.0,11241900,KBS
2025-05-29 07:00:00,21800.0,23250.0,21800.0,22900.0,22324900,KBS
2025-05-30 07:00:00,23200.0,23450.0,22550.0,22700.0,11354900,KBS
2025-06-02 07:00:00,22500.0,23400.0,22450.0,23300.0,15503600,KBS
2025-06-03 07:00:00,23450.0,23450.0,23100.0,23150.0,8900100,KBS
2025-06-04 07:00:00,23250.0,24750.0,23050.0,24650.0,27568600,KBS
2025-06-05 07:00:00,24650.0,24750.0,24150.0,24300.0,7439700,KBS
2025-06-06 07:00:00,24200.0,24950.0,23900.0,24100.0,8974600,KBS
2025-06-09 07:00:00,24150.0,24350.0,23100.0,23100.0,15837700,KBS
2025-06-10 07:00:00,23000.0,23700.0,21600.0,22900.0,26958700,KBS
2025-06-11 07:00:00,23000.0,23000.0,22400.0,22700.0,11573500,KBS
2025-06-12 07:00:00,22700.0,23100.0,22650.0,23100.0,12098700,KBS
2025-06-13 07:00:00,22950.0,23100.0,22450.0,22650.0,11588300,KBS
2025-06-16 07:00:00,22800.0,23300.0,22600.0,23300.0,9229100,KBS
2025-06-17 07:00:00,23500.0,23800.0,23250.0,23450.0,11342900,KBS
2025-06-18 07:00:00,23550.0,23750.0,23000.0,23050.0,10472300,KBS
2025-06-19 07:00:00,23050.0,23300.0,22700.0,23150.0,11677300,KBS
2025-06-20 07:00:00,23400.0,23600.0,23100.0,23500.0,8778300,KBS
2025-06-23 07:00:00,23300.0,23350.0,22900.0,22900.0,12386100,KBS
2025-06-24 07:00:00,23050.0,23450.0,22950.0,23350.0,12314300,KBS
2025-06-25 07:00:00,23400.0,24400.0,23350.0,23350.0,13113900,KBS
2025-06-26 07:00:00,23400.0,23400.0,22900.0,23250.0,7566600,KBS
2025-06-27 07:00:00,23400.0,23400.0,22900.0,22950.0,11404900,KBS
2025-06-30 07:00:00,23000.0,23050.0,22850.0,22850.0,7522300,KBS
2025-07-01 07:00:00,22750.0,23050.0,22500.0,22550.0,10513400,KBS
2025-07-02 07:00:00,22550.0,22700.0,22400.0,22650.0,11390200,KBS
2025-07-03 07:00:00,22650.0,23700.0,22550.0,23200.0,24413000,KBS
2025-07-04 07:00:00,23450.0,23600.0,23150.0,23400.0,11651900,KBS
2025-07-07 07:00:00,23550.0,24050.0,23350.0,23650.0,24206200,KBS
2025-07-08 07:00:00,23650.0,23750.0,23050.0,23750.0,27149100,KBS
2025-07-09 07:00:00,24050.0,24200.0,23700.0,23750.0,18046400,KBS
2025-07-10 07:00:00,23750.0,24000.0,23700.0,23700.0,13485900,KBS
2025-07-11 07:00:00,23800.0,24900.0,23500.0,24500.0,32910400,KBS
2025-07-14 07:00:00,25000.0,25600.0,24800.0,25300.0,24622300,KBS
2025-07-15 07:00:00,25450.0,25450.0,24600.0,24600.0,23867600,KBS
2025-07-16 07:00:00,24500.0,25050.0,24250.0,24700.0,15896500,KBS
2025-07-17 07:00:00,25000.0,25000.0,24550.0,24550.0,13663400,KBS
2025-07-18 07:00:00,24700.0,25700.0,24550.0,25150.0,24095700,KBS
2025-07-21 07:00:00,25500.0,25950.0,25100.0,25400.0,19635100,KBS
2025-07-22 07:00:00,25300.0,27150.0,25000.0,27150.0,26788800,KBS
2025-07-23 07:00:00,28000.0,28000.0,26750.0,26950.0,15708700,KBS
2025-07-24 07:00:00,27100.0,27850.0,26600.0,27050.0,16214600,KBS
2025-07-25 07:00:00,27300.0,28200.0,27000.0,27700.0,21972300,KBS
2025-07-28 07:00:00,28100.0,29600.0,27900.0,29350.0,23971400,KBS
2025-07-29 07:00:00,28900.0,29350.0,27300.0,27300.0,42513300,KBS
2025-07-30 07:00:00,27100.0,27450.0,25750.0,26600.0,29645900,KBS
2025-07-31 07:00:00,26700.0,27000.0,25350.0,27000.0,23255800,KBS
2025-08-01 07:00:00,27200.0,27200.0,26000.0,26200.0,12635000,KBS
2025-08-04 07:00:00,26050.0,27200.0,25750.0,27050.0,15745100,KBS
2025-08-05 07:00:00,27350.0,28000.0,25300.0,26850.0,29015800,KBS
2025-08-06 07:00:00,27000.0,27400.0,26800.0,27400.0,11440100,KBS
2025-08-07 07:00:00,27600.0,27900.0,26950.0,27100.0,15063600,KBS
2025-08-08 07:00:00,27200.0,27400.0,26400.0,26700.0,17023100,KBS
2025-08-11 07:00:00,26800.0,28450.0,26700.0,27900.0,28596600,KBS
2025-08-12 07:00:00,28000.0,28150.0,27300.0,27600.0,11561900,KBS
2025-08-13 07:00:00,27800.0,28000.0,26800.0,27700.0,22828500,KBS
2025-08-14 07:00:00,27900.0,28900.0,27500.0,28300.0,32415700,KBS
2025-08-15 07:00:00,28750.0,30250.0,28250.0,29700.0,35196900,KBS
2025-08-18 07:00:00,30500.0,31500.0,30000.0,30500.0,23964100,KBS
2025-08-19 07:00:00,31100.0,31650.0,30450.0,31100.0,30094400,KBS
2025-08-20 07:00:00,31100.0,31150.0,29150.0,30200.0,30998900,KBS
2025-08-21 07:00:00,30700.0,31500.0,30500.0,31100.0,20553900,KBS
2025-08-22 07:00:00,30000.0,30900.0,28950.0,28950.0,30799200,KBS
2025-08-25 07:00:00,29050.0,29200.0,26950.0,26950.0,24455800,KBS
2025-08-26 07:00:00,26700.0,28600.0,26550.0,28600.0,14952900,KBS
2025-08-27 07:00:00,28900.0,28900.0,27950.0,28300.0,17278600,KBS
2025-08-28 07:00:00,28100.0,29250.0,27850.0,29250.0,14800600,KBS
2025-08-29 07:00:00,29500.0,30150.0,29300.0,29700.0,17805100,KBS
2025-09-03 07:00:00,29700.0,30550.0,29450.0,30200.0,15675600,KBS
2025-09-04 07:00:00,30400.0,30400.0,29300.0,29800.0,19988000,KBS
2025-09-05 07:00:00,29700.0,30050.0,28750.0,28750.0,18331200,KBS
2025-09-08 07:00:00,28400.0,28600.0,26750.0,26750.0,22738600,KBS
2025-09-09 07:00:00,26750.0,27250.0,26400.0,27200.0,10766300,KBS
2025-09-10 07:00:00,27450.0,27650.0,26850.0,26900.0,7021400,KBS
2025-09-11 07:00:00,27000.0,27000.0,25950.0,27000.0,10651600,KBS
2025-09-12 07:00:00,27100.0,27550.0,27000.0,27200.0,7122800,KBS
2025-09-15 07:00:00,27450.0,27500.0,26850.0,27500.0,13013800,KBS
2025-09-16 07:00:00,27600.0,27800.0,27350.0,27500.0,7974800,KBS
2025-09-17 07:00:00,27350.0,27500.0,26800.0,26800.0,6685200,KBS
2025-09-18 07:00:00,26850.0,26900.0,26350.0,26650.0,7158700,KBS
2025-09-19 07:00:00,26700.0,26700.0,26100.0,26100.0,7086900,KBS
2025-09-22 07:00:00,26100.0,26400.0,25000.0,25000.0,11632900,KBS
2025-09-23 07:00:00,24950.0,25800.0,24950.0,25200.0,6802100,KBS
2025-09-24 07:00:00,25500.0,26000.0,25000.0,26000.0,8141200,KBS
2025-09-25 07:00:00,26150.0,26500.0,25950.0,26200.0,5181600,KBS
2025-09-26 07:00:00,26300.0,26400.0,25700.0,25700.0,5418300,KBS
2025-09-29 07:00:00,25600.0,25950.0,25400.0,25650.0,4457700,KBS
2025-09-30 07:00:00,25700.0,26250.0,25350.0,26000.0,6976100,KBS
2025-10-01 07:00:00,26050.0,26550.0,26050.0,26300.0,7769500,KBS
2025-10-02 07:00:00,26300.0,26450.0,25550.0,25650.0,6741000,KBS
2025-10-03 07:00:00,25750.0,25750.0,25200.0,25200.0,4436100,KBS
2025-10-06 07:00:00,25500.0,26400.0,25400.0,26300.0,7102300,KBS
2025-10-07 07:00:00,26650.0,26650.0,25650.0,25650.0,5532600,KBS
2025-10-08 07:00:00,26200.0,26200.0,25650.0,26000.0,6529500,KBS
2025-10-09 07:00:00,26250.0,26850.0,26200.0,26750.0,10419800,KBS
2025-10-10 07:00:00,26900.0,27100.0,26600.0,26800.0,8752800,KBS
2025-10-13 07:00:00,26450.0,26650.0,26250.0,26500.0,9931300,KBS
2025-10-14 07:00:00,26500.0,27400.0,26500.0,26500.0,17842200,KBS
2025-10-15 07:00:00,26700.0,27350.0,26700.0,26750.0,11112700,KBS
2025-10-16 07:00:00,26800.0,27050.0,26500.0,26600.0,8048200,KBS
2025-10-17 07:00:00,26700.0,26750.0,25800.0,25800.0,13142600,KBS
2025-10-20 07:00:00,25800.0,26350.0,24000.0,24000.0,12582200,KBS
2025-10-21 07:00:00,24000.0,24450.0,22350.0,23800.0,13644100,KBS
2025-10-22 07:00:00,23900.0,23900.0,22700.0,23400.0,8050000,KBS
2025-10-23 07:00:00,23550.0,23750.0,23100.0,23100.0,4229600,KBS
2025-10-24 07:00:00,22800.0,23000.0,22000.0,22600.0,10749200,KBS
2025-10-27 07:00:00,22850.0,23000.0,22000.0,22450.0,4165600,KBS
2025-10-28 07:00:00,22450.0,22900.0,22250.0,22850.0,4453600,KBS
2025-10-29 07:00:00,23150.0,23500.0,22950.0,23200.0,6319600,KBS
2025-10-30 07:00:00,23400.0,23400.0,22650.0,22650.0,5646400,KBS
2025-10-31 07:00:00,22500.0,23000.0,22050.0,22150.0,6793300,KBS
2025-11-03 07:00:00,22150.0,22400.0,21500.0,21500.0,5213700,KBS
2025-11-04 07:00:00,21500.0,22850.0,21150.0,22500.0,8532500,KBS
2025-11-05 07:00:00,22500.0,22800.0,22250.0,22300.0,2486300,KBS
2025-11-06 07:00:00,22450.0,22450.0,21650.0,21750.0,4666500,KBS
2025-11-07 07:00:00,21750.0,21950.0,21400.0,21450.0,6607900,KBS
2025-11-10 07:00:00,21500.0,21550.0,20650.0,20800.0,6444300,KBS
2025-11-11 07:00:00,21200.0,21200.0,20200.0,20900.0,5938600,KBS
2025-11-12 07:00:00,21000.0,21600.0,20850.0,21600.0,6395700,KBS
2025-11-13 07:00:00,21700.0,21700.0,21350.0,21350.0,3122200,KBS
2025-11-14 07:00:00,21300.0,21650.0,21050.0,21350.0,6176300,KBS
2025-11-17 07:00:00,21400.0,22200.0,21300.0,22150.0,7987300,KBS
2025-11-18 07:00:00,22250.0,22750.0,22150.0,22500.0,11518600,KBS
2025-11-19 07:00:00,22600.0,22600.0,22300.0,22500.0,6418000,KBS
2025-11-20 07:00:00,22450.0,22500.0,22050.0,22450.0,4000000,KBS
2025-11-21 07:00:00,22200.0,22400.0,21750.0,22300.0,5506300,KBS
2025-11-24 07:00:00,22400.0,22450.0,22000.0,22150.0,3392100,KBS
2025-11-25 07:00:00,22100.0,22200.0,21050.0,21050.0,5262800,KBS
2025-11-26 07:00:00,21200.0,22300.0,21200.0,22200.0,5698400,KBS
2025-11-27 07:00:00,22200.0,22750.0,22200.0,22250.0,5665100,KBS
2025-11-28 07:00:00,22250.0,22250.0,21850.0,22000.0,4210100,KBS
2025-12-01 07:00:00,22000.0,22200.0,21700.0,21750.0,3243800,KBS
2025-12-02 07:00:00,21700.0,22400.0,21650.0,22250.0,4943300,KBS
2025-12-03 07:00:00,22400.0,22700.0,22200.0,22550.0,7941900,KBS
2025-12-04 07:00:00,22600.0,22850.0,22500.0,22500.0,5332600,KBS
2025-12-05 07:00:00,22500.0,23450.0,22500.0,22750.0,13578100,KBS
2025-12-08 07:00:00,22750.0,22900.0,22300.0,22300.0,3454400,KBS
2025-12-09 07:00:00,22250.0,22750.0,21850.0,22550.0,8570700,KBS
2025-12-10 07:00:00,22600.0,23000.0,22450.0,22450.0,6475400,KBS
2025-12-11 07:00:00,22500.0,22550.0,22150.0,22250.0,4221600,KBS
2025-12-12 07:00:00,22150.0,22250.0,20700.0,20700.0,8868700,KBS
2025-12-15 07:00:00,20500.0,20850.0,20100.0,20150.0,6651200,KBS
2025-12-16 07:00:00,20600.0,21550.0,19800.0,21550.0,7671900,KBS
2025-12-17 07:00:00,21600.0,21850.0,21250.0,21650.0,4611900,KBS
2025-12-18 07:00:00,21600.0,21700.0,21300.0,21450.0,2167700,KBS
2025-12-19 07:00:00,21500.0,21600.0,21250.0,21500.0,4525600,KBS
2025-12-22 07:00:00,21550.0,22600.0,21250.0,22500.0,11028500,KBS
2025-12-23 07:00:00,22750.0,22750.0,22250.0,22450.0,9174500,KBS
2025-12-24 07:00:00,22450.0,22800.0,22250.0,22400.0,4940000,KBS
2025-12-25 07:00:00,22400.0,22650.0,22000.0,22000.0,5331700,KBS
2025-12-26 07:00:00,21950.0,21950.0,21000.0,21550.0,8216700,KBS
2025-12-29 07:00:00,21550.0,21750.0,21300.0,21300.0,3121400,KBS
2025-12-30 07:00:00,21350.0,21650.0,21300.0,21650.0,4800700,KBS
2025-12-31 07:00:00,21650.0,21750.0,21300.0,21300.0,4140300,KBS
2026-01-05 07:00:00,21500.0,21500.0,20500.0,20950.0,7289700,KBS
2026-01-06 07:00:00,20950.0,21500.0,20600.0,21200.0,5987500,KBS
2026-01-07 07:00:00,21500.0,22000.0,21400.0,21750.0,7080600,KBS
2026-01-08 07:00:00,21700.0,22200.0,21450.0,21850.0,9955200,KBS
2026-01-09 07:00:00,21950.0,22050.0,21300.0,21300.0,7257700,KBS
2026-01-12 07:00:00,21300.0,22150.0,20950.0,22000.0,10663900,KBS
2026-01-13 07:00:00,22300.0,23500.0,21900.0,23500.0,34166600,KBS
2026-01-14 07:00:00,23500.0,24200.0,22950.0,23050.0,15903000,KBS
2026-01-15 07:00:00,22950.0,23350.0,22400.0,23100.0,16863200,KBS
2026-01-16 07:00:00,23450.0,23450.0,22700.0,23000.0,9040500,KBS
2026-01-19 07:00:00,23000.0,23400.0,22700.0,23100.0,7030000,KBS
2026-01-20 07:00:00,23200.0,23400.0,22850.0,22900.0,8531500,KBS
2026-01-21 07:00:00,22550.0,22900.0,22150.0,22200.0,9812500,KBS
2026-01-22 07:00:00,22250.0,22950.0,22250.0,22400.0,5322900,KBS
2026-01-23 07:00:00,22500.0,22950.0,22400.0,22550.0,6637000,KBS
2026-01-26 07:00:00,22600.0,22900.0,21300.0,21600.0,9672700,KBS
2026-01-27 07:00:00,21700.0,21800.0,21000.0,21000.0,6750500,KBS
2026-01-28 07:00:00,21050.0,21350.0,20700.0,20850.0,7699900,KBS
2026-01-29 07:00:00,21300.0,21300.0,20850.0,20950.0,3257800,KBS
2026-01-30 07:00:00,21200.0,21200.0,20700.0,20850.0,9228500,KBS
2026-02-02 07:00:00,20750.0,20800.0,20400.0,20650.0,9487100,KBS
2026-02-03 07:00:00,20750.0,21600.0,20750.0,21500.0,10283500,KBS
2026-02-04 07:00:00,21600.0,21650.0,21300.0,21450.0,5333800,KBS
2026-02-05 07:00:00,21600.0,21600.0,21000.0,21000.0,4545000,KBS
2026-02-06 07:00:00,20900.0,20950.0,20500.0,20600.0,7748100,KBS
2026-02-09 07:00:00,21000.0,21100.0,20500.0,20500.0,7314200,KBS
2026-02-10 07:00:00,21000.0,21450.0,20000.0,20000.0,24655700,KBS
2026-02-11 07:00:00,21000.0,21400.0,20500.0,21400.0,6526200,KBS
2026-02-12 07:00:00,22500.0,22700.0,21900.0,22350.0,19915800,KBS
2026-02-13 07:00:00,22300.0,23200.0,22300.0,23100.0,14234900,KBS
2026-02-23 07:00:00,23100.0,23850.0,22550.0,23400.0,13645700,KBS
2026-02-24 07:00:00,23400.0,24350.0,23300.0,24200.0,18062200,KBS
2026-02-25 07:00:00,24350.0,24550.0,23600.0,23600.0,15154700,KBS
2026-02-26 07:00:00,23600.0,24050.0,23300.0,23900.0,12732900,KBS
2026-02-27 07:00:00,23900.0,24000.0,23400.0,23400.0,8495300,KBS
2026-03-02 07:00:00,22700.0,23350.0,22700.0,22700.0,16426400,KBS
2026-03-03 07:00:00,22800.0,23250.0,22500.0,22800.0,9439600,KBS
2026-03-04 07:00:00,22800.0,23250.0,21850.0,22500.0,14089400,KBS
2026-03-05 07:00:00,22600.0,23300.0,22350.0,22350.0,11494400,KBS
2026-03-06 07:00:00,22350.0,22550.0,22000.0,22050.0,6059400,KBS
2026-03-09 07:00:00,20600.0,20950.0,20550.0,20550.0,20427200,KBS
2026-03-10 07:00:00,21000.0,21500.0,20600.0,21050.0,10427800,KBS
2026-03-11 07:00:00,21200.0,22500.0,21100.0,22450.0,12062300,KBS
2026-03-12 07:00:00,22100.0,23300.0,22050.0,22550.0,13211300,KBS
2026-03-13 07:00:00,22300.0,22900.0,22300.0,22500.0,6430000,KBS
2026-03-16 07:00:00,22550.0,22850.0,22000.0,22350.0,6779800,KBS
2026-03-17 07:00:00,22800.0,23250.0,22500.0,23000.0,7822400,KBS
2026-03-18 07:00:00,23150.0,23550.0,22500.0,22850.0,9512700,KBS
2026-03-19 07:00:00,22400.0,22650.0,22200.0,22350.0,5942300,KBS
2026-03-20 07:00:00,22250.0,22850.0,22250.0,22250.0,9054700,KBS
2026-03-23 07:00:00,21900.0,22000.0,21000.0,21250.0,11502200,KBS
2026-03-24 07:00:00,21950.0,22200.0,21550.0,22150.0,4580100,KBS
2026-03-25 07:00:00,22450.0,22700.0,22150.0,22550.0,6167700,KBS
2026-03-26 07:00:00,22700.0,22750.0,22250.0,22400.0,5525400,KBS
2026-03-27 07:00:00,22450.0,22850.0,22300.0,22750.0,5592900,KBS
2026-03-30 07:00:00,22350.0,23300.0,22100.0,23000.0,10282800,KBS
2026-03-31 07:00:00,23100.0,23900.0,23000.0,23600.0,16665300,KBS
2026-04-01 07:00:00,23900.0,24050.0,23350.0,23400.0,14700700,KBS
2026-04-02 07:00:00,23100.0,23350.0,22850.0,22850.0,8547300,KBS
2026-04-03 07:00:00,22850.0,23100.0,22150.0,22150.0,12603900,KBS
2026-04-06 07:00:00,22200.0,22450.0,21800.0,22100.0,8088900,KBS
2026-04-07 07:00:00,22450.0,22450.0,21800.0,22100.0,7262800,KBS
2026-04-08 07:00:00,22850.0,23200.0,22600.0,23050.0,15475400,KBS
2026-04-09 07:00:00,22900.0,23000.0,22600.0,22600.0,13137000,KBS
2026-04-10 07:00:00,22750.0,24050.0,22650.0,23100.0,30032900,KBS
2026-04-13 07:00:00,22900.0,23500.0,22750.0,22950.0,12969000,KBS
2026-04-14 07:00:00,23200.0,23550.0,22950.0,23000.0,14493000,KBS
2026-04-15 07:00:00,23150.0,23300.0,22700.0,22700.0,12013700,KBS
2026-04-16 07:00:00,22800.0,22800.0,22250.0,22350.0,14998800,KBS
2026-04-17 07:00:00,22400.0,22800.0,22300.0,22400.0,9883800,KBS
2026-04-20 07:00:00,22700.0,22900.0,22450.0,22550.0,7546700,KBS
2026-04-21 07:00:00,22800.0,23400.0,22550.0,22950.0,18291600,KBS
2026-04-22 07:00:00,23000.0,23100.0,22650.0,22650.0,6568200,KBS
2026-04-23 07:00:00,22800.0,23300.0,22100.0,22400.0,17990900,KBS
2026-04-24 07:00:00,22400.0,22550.0,22150.0,22350.0,6601000,KBS
2026-04-28 07:00:00,22350.0,22500.0,21800.0,21850.0,10046600,KBS
2026-04-29 07:00:00,21850.0,21900.0,21600.0,21750.0,9045100,KBS
2026-05-04 07:00:00,21700.0,22050.0,21700.0,21850.0,4034900,KBS
2026-05-05 07:00:00,21850.0,21900.0,21400.0,21500.0,7106800,KBS
2026-05-06 07:00:00,21500.0,22250.0,21500.0,21950.0,7209400,KBS
2026-05-07 07:00:00,22150.0,22450.0,22000.0,22050.0,9140500,KBS
2026-05-08 07:00:00,22050.0,22750.0,22000.0,22150.0,10698700,KBS
2026-05-11 07:00:00,22450.0,23200.0,22250.0,22750.0,25038300,KBS
2026-05-12 07:00:00,22900.0,22950.0,22450.0,22550.0,6210800,KBS
2026-05-13 07:00:00,22500.0,22900.0,22050.0,22100.0,12142200,KBS
2026-05-14 07:00:00,22100.0,22350.0,22000.0,22100.0,7246200,KBS
2026-05-15 07:00:00,22100.0,22300.0,21800.0,21850.0,10697300,KBS
2026-05-18 07:00:00,21850.0,21900.0,21550.0,21700.0,9602200,KBS
2026-05-19 07:00:00,21800.0,22250.0,21700.0,21700.0,7016700,KBS
2026-05-20 07:00:00,21700.0,21900.0,20700.0,21400.0,10321900,KBS
2026-05-21 07:00:00,21600.0,21650.0,21200.0,21400.0,5665000,KBS
2026-05-22 07:00:00,21450.0,21450.0,21050.0,21200.0,5693300,KBS
2026-05-25 07:00:00,21200.0,21850.0,21200.0,21500.0,4991800,KBS
2026-05-26 07:00:00,21400.0,21700.0,21350.0,21550.0,5044200,KBS
2026-05-27 07:00:00,21600.0,22100.0,21600.0,21950.0,10080300,KBS
2026-05-28 07:00:00,22000.0,22000.0,21350.0,21350.0,5220300,KBS
2026-05-29 07:00:00,21450.0,21450.0,21250.0,21300.0,4173700,KBS
2026-06-01 07:00:00,21300.0,21700.0,21250.0,21400.0,3547000,KBS
2026-06-02 07:00:00,21350.0,21500.0,21050.0,21050.0,4441800,KBS
2026-06-03 07:00:00,20950.0,21450.0,20850.0,21100.0,5235900,KBS
2026-06-04 07:00:00,21200.0,21400.0,21000.0,21150.0,4824500,KBS
2026-06-05 07:00:00,21300.0,21350.0,21100.0,21100.0,2434800,KBS
