date,open,high,low,close,volume,_source
2020-01-02 07:00:00,9257.0,9587.0,9257.0,9587.0,45800,KBS
2020-01-03 07:00:00,9499.0,10225.0,9499.0,9983.0,25600,KBS
2020-01-06 07:00:00,9983.0,9983.0,9587.0,9675.0,53810,KBS
2020-01-07 07:00:00,9741.0,9741.0,9587.0,9631.0,39120,KBS
2020-01-08 07:00:00,9631.0,9631.0,9345.0,9367.0,54500,KBS
2020-01-09 07:00:00,9367.0,9367.0,9059.0,9059.0,81390,KBS
2020-01-10 07:00:00,9059.0,9125.0,8576.0,8664.0,364640,KBS
2020-01-13 07:00:00,8708.0,8796.0,8708.0,8730.0,27480,KBS
2020-01-14 07:00:00,8796.0,8862.0,8356.0,8488.0,194640,KBS
2020-01-15 07:00:00,8488.0,8488.0,7894.0,7916.0,239640,KBS
2020-01-16 07:00:00,7916.0,8268.0,7828.0,7938.0,251910,KBS
2020-01-17 07:00:00,7938.0,8246.0,7938.0,8092.0,216410,KBS
2020-01-20 07:00:00,8202.0,8268.0,8048.0,8092.0,119940,KBS
2020-01-21 07:00:00,8092.0,8114.0,7982.0,8048.0,326150,KBS
2020-01-22 07:00:00,8202.0,8202.0,8026.0,8048.0,262420,KBS
2020-01-30 07:00:00,7916.0,7916.0,7498.0,7542.0,400970,KBS
2020-01-31 07:00:00,7542.0,7784.0,7498.0,7542.0,549970,KBS
2020-02-03 07:00:00,7520.0,7542.0,7124.0,7388.0,205250,KBS
2020-02-04 07:00:00,7388.0,7476.0,7256.0,7256.0,136260,KBS
2020-02-05 07:00:00,7234.0,7762.0,7234.0,7696.0,639820,KBS
2020-02-06 07:00:00,7696.0,8224.0,7696.0,8202.0,414820,KBS
2020-02-07 07:00:00,8334.0,8642.0,8312.0,8312.0,424280,KBS
2020-02-10 07:00:00,7916.0,8290.0,7828.0,8092.0,212440,KBS
2020-02-11 07:00:00,8092.0,8180.0,7740.0,8004.0,305540,KBS
2020-02-12 07:00:00,8004.0,8092.0,7784.0,7960.0,270270,KBS
2020-02-13 07:00:00,7960.0,8510.0,7960.0,8444.0,542280,KBS
2020-02-14 07:00:00,8488.0,8927.0,8488.0,8510.0,235120,KBS
2020-02-17 07:00:00,8466.0,8510.0,8224.0,8422.0,146990,KBS
2020-02-18 07:00:00,8422.0,8422.0,8224.0,8334.0,225520,KBS
2020-02-19 07:00:00,8334.0,8752.0,8312.0,8312.0,561750,KBS
2020-02-20 07:00:00,8356.0,8796.0,8290.0,8796.0,429210,KBS
2020-02-21 07:00:00,8949.0,9411.0,8796.0,9411.0,630030,KBS
2020-02-24 07:00:00,9411.0,10049.0,9059.0,9807.0,1096590,KBS
2020-02-25 07:00:00,9609.0,9895.0,9411.0,9543.0,350230,KBS
2020-02-26 07:00:00,9455.0,10027.0,9323.0,9763.0,664900,KBS
2020-02-27 07:00:00,9983.0,10269.0,9851.0,9939.0,459570,KBS
2020-02-28 07:00:00,9741.0,9807.0,9257.0,9257.0,627820,KBS
2020-03-02 07:00:00,8927.0,9257.0,8620.0,8620.0,794290,KBS
2020-03-03 07:00:00,8576.0,8906.0,8356.0,8708.0,546590,KBS
2020-03-04 07:00:00,8620.0,8708.0,8444.0,8576.0,212110,KBS
2020-03-05 07:00:00,8686.0,8927.0,8576.0,8708.0,722910,KBS
2020-03-06 07:00:00,8686.0,9301.0,8532.0,9279.0,531260,KBS
2020-03-09 07:00:00,8752.0,8927.0,8642.0,8642.0,431440,KBS
2020-03-10 07:00:00,8092.0,8620.0,8048.0,8356.0,438940,KBS
2020-03-11 07:00:00,8356.0,8532.0,7784.0,7784.0,616670,KBS
2020-03-12 07:00:00,7256.0,7476.0,7256.0,7256.0,400950,KBS
2020-03-13 07:00:00,6751.0,7124.0,6751.0,6861.0,529860,KBS
2020-03-16 07:00:00,6948.0,6948.0,6465.0,6597.0,291300,KBS
2020-03-17 07:00:00,6289.0,6575.0,6201.0,6509.0,216010,KBS
2020-03-18 07:00:00,6509.0,6861.0,6509.0,6773.0,182730,KBS
2020-03-19 07:00:00,6597.0,6663.0,6377.0,6399.0,259490,KBS
2020-03-20 07:00:00,6597.0,6597.0,6245.0,6245.0,214110,KBS
2020-03-23 07:00:00,5871.0,6157.0,5827.0,5827.0,280390,KBS
2020-03-24 07:00:00,5541.0,5717.0,5431.0,5585.0,311670,KBS
2020-03-25 07:00:00,5805.0,5805.0,5497.0,5629.0,210860,KBS
2020-03-26 07:00:00,5629.0,5629.0,5255.0,5255.0,351680,KBS
2020-03-27 07:00:00,5233.0,5365.0,4904.0,4904.0,454180,KBS
2020-03-30 07:00:00,4706.0,4838.0,4574.0,4618.0,250210,KBS
2020-03-31 07:00:00,4706.0,4926.0,4618.0,4904.0,259760,KBS
2020-04-01 07:00:00,4991.0,5233.0,4838.0,5233.0,147630,KBS
2020-04-03 07:00:00,5519.0,5585.0,5497.0,5585.0,352350,KBS
2020-04-06 07:00:00,5959.0,5959.0,5959.0,5959.0,453350,KBS
2020-04-07 07:00:00,6355.0,6355.0,6201.0,6355.0,768130,KBS
2020-04-08 07:00:00,6509.0,6729.0,6245.0,6597.0,671200,KBS
2020-04-09 07:00:00,6597.0,6970.0,6597.0,6970.0,506710,KBS
2020-04-10 07:00:00,6992.0,6992.0,6597.0,6597.0,617040,KBS
2020-04-13 07:00:00,6597.0,6795.0,6377.0,6597.0,355070,KBS
2020-04-14 07:00:00,6597.0,6685.0,6245.0,6355.0,383040,KBS
2020-04-15 07:00:00,6575.0,6795.0,6443.0,6795.0,741410,KBS
2020-04-16 07:00:00,7080.0,7256.0,7036.0,7256.0,782750,KBS
2020-04-17 07:00:00,7762.0,7762.0,7762.0,7762.0,189040,KBS
2020-04-20 07:00:00,8290.0,8290.0,8290.0,8290.0,200540,KBS
2020-04-21 07:00:00,8356.0,8862.0,7718.0,8312.0,3081790,KBS
2020-04-22 07:00:00,7828.0,8884.0,7828.0,8884.0,763260,KBS
2020-04-23 07:00:00,9499.0,9499.0,9499.0,9499.0,202070,KBS
2020-04-24 07:00:00,9675.0,10159.0,9499.0,10159.0,1874820,KBS
2020-04-27 07:00:00,10863.0,10863.0,9587.0,9983.0,1585880,KBS
2020-04-28 07:00:00,9983.0,10071.0,9301.0,9301.0,1052020,KBS
2020-04-29 07:00:00,9345.0,9675.0,8708.0,9345.0,863970,KBS
2020-05-04 07:00:00,8884.0,9235.0,8708.0,8708.0,793320,KBS
2020-05-05 07:00:00,8444.0,8927.0,8444.0,8708.0,429680,KBS
2020-05-06 07:00:00,8840.0,8840.0,8356.0,8796.0,662280,KBS
2020-05-07 07:00:00,8927.0,9323.0,8927.0,9169.0,714630,KBS
2020-05-08 07:00:00,9323.0,9323.0,9015.0,9015.0,773140,KBS
2020-05-11 07:00:00,8949.0,9169.0,8884.0,8949.0,1075550,KBS
2020-05-12 07:00:00,8949.0,9037.0,8818.0,8949.0,727730,KBS
2020-05-13 07:00:00,8949.0,9565.0,8884.0,9565.0,1705810,KBS
2020-05-14 07:00:00,9895.0,10225.0,9785.0,9895.0,1693300,KBS
2020-05-15 07:00:00,9895.0,10115.0,9455.0,9499.0,773060,KBS
2020-05-18 07:00:00,9455.0,9763.0,9147.0,9565.0,877700,KBS
2020-05-19 07:00:00,9719.0,9851.0,9543.0,9631.0,1219380,KBS
2020-05-20 07:00:00,9631.0,10291.0,9521.0,10291.0,2178110,KBS
2020-05-21 07:00:00,10643.0,10994.0,10555.0,10994.0,1689040,KBS
2020-05-22 07:00:00,11038.0,11434.0,10950.0,10994.0,1546590,KBS
2020-05-25 07:00:00,10863.0,11764.0,10511.0,11764.0,1898420,KBS
2020-05-26 07:00:00,12006.0,12424.0,11808.0,12006.0,1335350,KBS
2020-05-27 07:00:00,12006.0,12094.0,11170.0,11170.0,2269610,KBS
2020-05-28 07:00:00,11126.0,11390.0,10643.0,10950.0,1297870,KBS
2020-05-29 07:00:00,10906.0,11698.0,10731.0,11522.0,1169940,KBS
2020-06-01 07:00:00,11742.0,11962.0,11632.0,11654.0,1090850,KBS
2020-06-02 07:00:00,11632.0,11632.0,11236.0,11236.0,1442790,KBS
2020-06-03 07:00:00,11236.0,11588.0,10994.0,11522.0,1262910,KBS
2020-06-04 07:00:00,11566.0,11632.0,11214.0,11302.0,1053650,KBS
2020-06-05 07:00:00,11302.0,12072.0,11104.0,12072.0,2363450,KBS
2020-06-08 07:00:00,12358.0,12732.0,12138.0,12314.0,1397290,KBS
2020-06-09 07:00:00,12314.0,12534.0,12028.0,12050.0,1124260,KBS
2020-06-10 07:00:00,11896.0,12446.0,11720.0,12204.0,1583200,KBS
2020-06-11 07:00:00,12204.0,12600.0,11368.0,11368.0,2198340,KBS
2020-06-12 07:00:00,10577.0,11302.0,10577.0,11302.0,1362720,KBS
2020-06-15 07:00:00,11302.0,11566.0,10533.0,10533.0,1389690,KBS
2020-06-16 07:00:00,10665.0,10885.0,9895.0,10731.0,1210890,KBS
2020-06-17 07:00:00,10753.0,10775.0,10335.0,10621.0,543500,KBS
2020-06-18 07:00:00,10599.0,10599.0,10335.0,10467.0,350840,KBS
2020-06-19 07:00:00,10489.0,11082.0,10489.0,10994.0,1063310,KBS
2020-06-22 07:00:00,11126.0,11346.0,11060.0,11214.0,643150,KBS
2020-06-23 07:00:00,11126.0,11280.0,10687.0,11060.0,533370,KBS
2020-06-24 07:00:00,11038.0,11060.0,10599.0,10599.0,773200,KBS
2020-06-25 07:00:00,10555.0,10665.0,10159.0,10555.0,451900,KBS
2020-06-26 07:00:00,10775.0,10797.0,10423.0,10423.0,417210,KBS
2020-06-29 07:00:00,10335.0,10335.0,9697.0,9807.0,1046750,KBS
2020-06-30 07:00:00,9917.0,10115.0,9279.0,9675.0,491930,KBS
2020-07-01 07:00:00,9543.0,10335.0,9543.0,10335.0,739900,KBS
2020-07-02 07:00:00,10335.0,10643.0,10291.0,10401.0,423870,KBS
2020-07-03 07:00:00,10467.0,10555.0,10225.0,10313.0,311980,KBS
2020-07-06 07:00:00,10423.0,10863.0,10203.0,10665.0,671350,KBS
2020-07-07 07:00:00,10819.0,10906.0,10555.0,10555.0,660910,KBS
2020-07-08 07:00:00,10555.0,10753.0,10511.0,10643.0,417170,KBS
2020-07-09 07:00:00,10555.0,10775.0,10511.0,10775.0,623010,KBS
2020-07-10 07:00:00,10753.0,10906.0,10555.0,10643.0,550270,KBS
2020-07-13 07:00:00,10643.0,10863.0,10555.0,10687.0,398470,KBS
2020-07-14 07:00:00,10643.0,10797.0,10555.0,10687.0,481320,KBS
2020-07-15 07:00:00,10775.0,11170.0,10687.0,11170.0,1558740,KBS
2020-07-16 07:00:00,11236.0,11478.0,11236.0,11346.0,961950,KBS
2020-07-17 07:00:00,11324.0,11588.0,11214.0,11302.0,629200,KBS
2020-07-20 07:00:00,11214.0,11280.0,10753.0,10753.0,993570,KBS
2020-07-21 07:00:00,10753.0,10928.0,10687.0,10906.0,595920,KBS
2020-07-22 07:00:00,10994.0,11082.0,10775.0,10950.0,429340,KBS
2020-07-23 07:00:00,10906.0,10950.0,10731.0,10863.0,372790,KBS
2020-07-24 07:00:00,10775.0,10775.0,10115.0,10115.0,1392750,KBS
2020-07-27 07:00:00,9411.0,9785.0,9411.0,9411.0,781940,KBS
2020-07-28 07:00:00,9323.0,9939.0,9103.0,9873.0,901910,KBS
2020-07-29 07:00:00,9455.0,9499.0,9191.0,9191.0,903710,KBS
2020-07-30 07:00:00,9345.0,9587.0,9191.0,9345.0,323840,KBS
2020-07-31 07:00:00,8971.0,9279.0,8906.0,8971.0,611830,KBS
2020-08-03 07:00:00,8840.0,9323.0,8840.0,9235.0,528710,KBS
2020-08-04 07:00:00,9455.0,9631.0,9411.0,9455.0,437260,KBS
2020-08-05 07:00:00,9455.0,9609.0,9323.0,9609.0,443320,KBS
2020-08-06 07:00:00,9609.0,9631.0,9455.0,9455.0,486580,KBS
2020-08-07 07:00:00,9455.0,9631.0,9411.0,9499.0,425340,KBS
2020-08-10 07:00:00,9543.0,10115.0,9499.0,10027.0,670620,KBS
2020-08-11 07:00:00,10027.0,10203.0,9939.0,9983.0,505470,KBS
2020-08-12 07:00:00,9983.0,10027.0,9807.0,9895.0,367750,KBS
2020-08-13 07:00:00,9983.0,10115.0,9917.0,10005.0,337190,KBS
2020-08-14 07:00:00,10115.0,10313.0,10027.0,10071.0,897040,KBS
2020-08-17 07:00:00,10115.0,10159.0,9675.0,9961.0,529100,KBS
2020-08-18 07:00:00,9961.0,10247.0,9961.0,10093.0,217140,KBS
2020-08-19 07:00:00,10093.0,10247.0,10071.0,10159.0,504420,KBS
2020-08-20 07:00:00,10203.0,10225.0,10049.0,10115.0,304190,KBS
2020-08-21 07:00:00,10203.0,10203.0,10049.0,10181.0,398740,KBS
2020-08-24 07:00:00,10203.0,10841.0,10203.0,10841.0,1249010,KBS
2020-08-25 07:00:00,10885.0,11126.0,10731.0,10775.0,722290,KBS
2020-08-26 07:00:00,10775.0,10775.0,10555.0,10731.0,653910,KBS
2020-08-27 07:00:00,10960.0,10960.0,10731.0,10845.0,657700,KBS
2020-08-28 07:00:00,10983.0,11235.0,10868.0,11052.0,956100,KBS
2020-08-31 07:00:00,11052.0,11235.0,10822.0,10914.0,516170,KBS
2020-09-01 07:00:00,10822.0,11097.0,10776.0,10983.0,703490,KBS
2020-09-03 07:00:00,11006.0,11074.0,10891.0,10914.0,528970,KBS
2020-09-04 07:00:00,10547.0,10914.0,10547.0,10731.0,673930,KBS
2020-09-07 07:00:00,10731.0,10845.0,10547.0,10547.0,644170,KBS
2020-09-08 07:00:00,10547.0,10708.0,10432.0,10708.0,482070,KBS
2020-09-09 07:00:00,10547.0,10776.0,10547.0,10776.0,225680,KBS
2020-09-10 07:00:00,11006.0,11281.0,10868.0,11212.0,1759610,KBS
2020-09-11 07:00:00,11212.0,11235.0,11052.0,11052.0,482110,KBS
2020-09-14 07:00:00,11052.0,11579.0,11052.0,11510.0,1407980,KBS
2020-09-15 07:00:00,11510.0,11602.0,11258.0,11373.0,773140,KBS
2020-09-16 07:00:00,11464.0,11556.0,11373.0,11510.0,630940,KBS
2020-09-17 07:00:00,11533.0,11533.0,11212.0,11418.0,863830,KBS
2020-09-18 07:00:00,11373.0,11441.0,11373.0,11418.0,374600,KBS
2020-09-21 07:00:00,11487.0,11923.0,11464.0,11602.0,1352890,KBS
2020-09-22 07:00:00,11441.0,11694.0,11441.0,11602.0,807490,KBS
2020-09-23 07:00:00,11602.0,11831.0,11602.0,11602.0,493470,KBS
2020-09-24 07:00:00,11464.0,11648.0,11281.0,11304.0,1116140,KBS
2020-09-25 07:00:00,11350.0,11418.0,11120.0,11189.0,756710,KBS
2020-09-28 07:00:00,11327.0,11350.0,11120.0,11166.0,480890,KBS
2020-09-29 07:00:00,11166.0,11235.0,10914.0,10914.0,768700,KBS
2020-09-30 07:00:00,10914.0,11006.0,10822.0,11006.0,560360,KBS
2020-10-01 07:00:00,11006.0,11166.0,11006.0,11097.0,292600,KBS
2020-10-02 07:00:00,11143.0,11258.0,10822.0,11052.0,644280,KBS
2020-10-05 07:00:00,11189.0,11189.0,10983.0,11029.0,434310,KBS
2020-10-06 07:00:00,11052.0,11212.0,11006.0,11212.0,630260,KBS
2020-10-07 07:00:00,11235.0,11694.0,11235.0,11487.0,1545270,KBS
2020-10-08 07:00:00,11533.0,11579.0,11212.0,11281.0,422260,KBS
2020-10-09 07:00:00,11235.0,11327.0,11006.0,11212.0,460110,KBS
2020-10-12 07:00:00,11235.0,11350.0,10822.0,10822.0,916090,KBS
2020-10-13 07:00:00,10960.0,11052.0,10776.0,10960.0,496240,KBS
2020-10-14 07:00:00,11052.0,11052.0,10845.0,10868.0,437850,KBS
2020-10-15 07:00:00,10868.0,10914.0,10593.0,10685.0,812630,KBS
2020-10-16 07:00:00,10685.0,10937.0,10616.0,10822.0,355910,KBS
2020-10-19 07:00:00,10822.0,10822.0,10662.0,10731.0,243770,KBS
2020-10-20 07:00:00,10731.0,10753.0,10501.0,10593.0,547670,KBS
2020-10-21 07:00:00,10547.0,10731.0,10547.0,10570.0,504460,KBS
2020-10-22 07:00:00,10593.0,10685.0,10547.0,10593.0,139600,KBS
2020-10-23 07:00:00,10639.0,10753.0,10639.0,10731.0,323350,KBS
2020-10-26 07:00:00,10776.0,10776.0,10501.0,10501.0,391240,KBS
2020-10-27 07:00:00,10501.0,10524.0,10134.0,10134.0,538110,KBS
2020-10-28 07:00:00,9859.0,10180.0,9630.0,9676.0,594300,KBS
2020-10-29 07:00:00,9492.0,9836.0,9469.0,9722.0,476710,KBS
2020-10-30 07:00:00,9722.0,9722.0,9515.0,9561.0,377080,KBS
2020-11-02 07:00:00,9538.0,9630.0,9538.0,9630.0,157280,KBS
2020-11-03 07:00:00,9859.0,10134.0,9699.0,10089.0,318620,KBS
2020-11-04 07:00:00,10089.0,10318.0,10089.0,10226.0,219590,KBS
2020-11-05 07:00:00,10226.0,10318.0,10066.0,10272.0,423050,KBS
2020-11-06 07:00:00,10089.0,10272.0,10089.0,10203.0,142010,KBS
2020-11-09 07:00:00,10203.0,10432.0,10203.0,10364.0,247520,KBS
2020-11-10 07:00:00,10432.0,10501.0,10272.0,10272.0,236010,KBS
2020-11-11 07:00:00,10272.0,10387.0,10203.0,10318.0,195520,KBS
2020-11-12 07:00:00,10455.0,10731.0,10318.0,10616.0,496510,KBS
2020-11-13 07:00:00,10731.0,10731.0,10501.0,10524.0,284390,KBS
2020-11-16 07:00:00,10524.0,10639.0,9790.0,10134.0,758280,KBS
2020-11-17 07:00:00,10226.0,10318.0,10134.0,10295.0,416370,KBS
2020-11-18 07:00:00,10295.0,10341.0,10111.0,10180.0,507300,KBS
2020-11-19 07:00:00,10180.0,10410.0,10111.0,10364.0,554890,KBS
2020-11-20 07:00:00,10455.0,10524.0,10272.0,10410.0,351500,KBS
2020-11-23 07:00:00,10387.0,10501.0,10249.0,10272.0,517710,KBS
2020-11-24 07:00:00,10272.0,10455.0,10203.0,10272.0,1216220,KBS
2020-11-25 07:00:00,10410.0,10410.0,10180.0,10180.0,561330,KBS
2020-11-26 07:00:00,10249.0,10295.0,10157.0,10180.0,429540,KBS
2020-11-27 07:00:00,10226.0,10272.0,10180.0,10180.0,392140,KBS
2020-11-30 07:00:00,10272.0,10891.0,10272.0,10891.0,3842830,KBS
2020-12-01 07:00:00,11189.0,11510.0,11074.0,11143.0,3069250,KBS
2020-12-02 07:00:00,11143.0,11327.0,11006.0,11029.0,988630,KBS
2020-12-03 07:00:00,11006.0,11785.0,10983.0,11785.0,4377080,KBS
2020-12-04 07:00:00,11923.0,12336.0,11602.0,11762.0,1721770,KBS
2020-12-07 07:00:00,11808.0,12152.0,11808.0,11923.0,1485750,KBS
2020-12-08 07:00:00,11923.0,11923.0,11602.0,11762.0,1942660,KBS
2020-12-09 07:00:00,11785.0,12152.0,11785.0,11831.0,1936630,KBS
2020-12-10 07:00:00,11923.0,11923.0,11464.0,11464.0,2241020,KBS
2020-12-11 07:00:00,11602.0,11694.0,11304.0,11671.0,2141340,KBS
2020-12-14 07:00:00,11831.0,12473.0,11716.0,12473.0,4176460,KBS
2020-12-15 07:00:00,12473.0,12863.0,12083.0,12290.0,4190310,KBS
2020-12-16 07:00:00,12381.0,13069.0,12336.0,12909.0,3612500,KBS
2020-12-17 07:00:00,12794.0,13528.0,12748.0,13069.0,3649450,KBS
2020-12-18 07:00:00,13138.0,13367.0,12863.0,13299.0,3063530,KBS
2020-12-21 07:00:00,13390.0,13711.0,13115.0,13344.0,3266210,KBS
2020-12-22 07:00:00,13344.0,13459.0,13115.0,13253.0,2618660,KBS
2020-12-23 07:00:00,13299.0,13986.0,13069.0,13390.0,3123300,KBS
2020-12-24 07:00:00,13390.0,13665.0,12611.0,13436.0,2844200,KBS
2020-12-25 07:00:00,13528.0,14376.0,13505.0,14376.0,4318930,KBS
2020-12-28 07:00:00,14904.0,15270.0,14376.0,15087.0,3126960,KBS
2020-12-29 07:00:00,14995.0,15270.0,14674.0,14949.0,1924500,KBS
2020-12-30 07:00:00,14789.0,15202.0,14491.0,14674.0,3619030,KBS
2020-12-31 07:00:00,14674.0,14995.0,14537.0,14674.0,1780550,KBS
2021-01-04 07:00:00,14766.0,15087.0,14766.0,14812.0,1591800,KBS
2021-01-05 07:00:00,14674.0,15500.0,14628.0,14995.0,2391600,KBS
2021-01-06 07:00:00,15179.0,15270.0,14858.0,14904.0,2525900,KBS
2021-01-07 07:00:00,14904.0,15752.0,14697.0,15729.0,3163300,KBS
2021-01-08 07:00:00,15729.0,15821.0,15408.0,15568.0,2531800,KBS
2021-01-11 07:00:00,15568.0,15798.0,15362.0,15660.0,1875400,KBS
2021-01-12 07:00:00,15660.0,15706.0,15362.0,15683.0,1629000,KBS
2021-01-13 07:00:00,15935.0,16165.0,15683.0,15729.0,2459600,KBS
2021-01-14 07:00:00,15958.0,16004.0,15591.0,15706.0,1277200,KBS
2021-01-15 07:00:00,15706.0,16004.0,15546.0,15546.0,1573900,KBS
2021-01-18 07:00:00,15591.0,16279.0,15087.0,15752.0,3107300,KBS
2021-01-19 07:00:00,15752.0,16233.0,14651.0,14651.0,2406400,KBS
2021-01-20 07:00:00,14674.0,14904.0,13642.0,14353.0,1924400,KBS
2021-01-21 07:00:00,14674.0,15270.0,14307.0,15087.0,1604900,KBS
2021-01-22 07:00:00,15087.0,15500.0,14697.0,14995.0,1475400,KBS
2021-01-25 07:00:00,14995.0,15431.0,14743.0,14995.0,1131500,KBS
2021-01-26 07:00:00,14949.0,14949.0,13963.0,13986.0,1818900,KBS
2021-01-27 07:00:00,13895.0,13986.0,13023.0,13023.0,2225200,KBS
2021-01-28 07:00:00,12129.0,12129.0,12129.0,12129.0,675200,KBS
2021-01-29 07:00:00,11281.0,12611.0,11281.0,12015.0,2478800,KBS
2021-02-01 07:00:00,11946.0,12152.0,11189.0,11189.0,2543500,KBS
2021-02-02 07:00:00,10570.0,11464.0,10432.0,11097.0,2015200,KBS
2021-02-03 07:00:00,11464.0,11854.0,11097.0,11854.0,1187500,KBS
2021-02-04 07:00:00,12106.0,12588.0,11923.0,12290.0,1648100,KBS
2021-02-05 07:00:00,12290.0,12611.0,12106.0,12381.0,938100,KBS
2021-02-08 07:00:00,12427.0,12450.0,11533.0,11877.0,1833600,KBS
2021-02-09 07:00:00,11877.0,12152.0,11418.0,12060.0,1217600,KBS
2021-02-17 07:00:00,12106.0,12817.0,12106.0,12817.0,1211100,KBS
2021-02-18 07:00:00,12840.0,13069.0,12702.0,12932.0,1353000,KBS
2021-02-19 07:00:00,12932.0,13665.0,12748.0,13367.0,1686300,KBS
2021-02-22 07:00:00,13665.0,13734.0,13276.0,13459.0,1566600,KBS
2021-02-23 07:00:00,13367.0,13574.0,13253.0,13321.0,1274700,KBS
2021-02-24 07:00:00,13344.0,13482.0,12404.0,13023.0,1976300,KBS
2021-02-25 07:00:00,13161.0,13207.0,12611.0,12863.0,1280200,KBS
2021-02-26 07:00:00,12611.0,13161.0,12565.0,12840.0,929400,KBS
2021-03-01 07:00:00,13069.0,13092.0,12886.0,13046.0,992000,KBS
2021-03-02 07:00:00,13299.0,13528.0,13046.0,13299.0,2449700,KBS
2021-03-03 07:00:00,13299.0,13321.0,13069.0,13161.0,1346400,KBS
2021-03-04 07:00:00,13207.0,13253.0,12611.0,12748.0,1403100,KBS
2021-03-05 07:00:00,12611.0,12794.0,12336.0,12702.0,1268900,KBS
2021-03-08 07:00:00,13069.0,13069.0,12702.0,12748.0,1346700,KBS
2021-03-09 07:00:00,12679.0,12840.0,12496.0,12657.0,1236000,KBS
2021-03-10 07:00:00,12657.0,13069.0,12611.0,12932.0,1692900,KBS
2021-03-11 07:00:00,13253.0,13367.0,13046.0,13253.0,1944100,KBS
2021-03-12 07:00:00,13344.0,13482.0,13069.0,13253.0,1482700,KBS
2021-03-15 07:00:00,13299.0,13344.0,13046.0,13092.0,1808700,KBS
2021-03-16 07:00:00,13092.0,13092.0,12840.0,12978.0,1237600,KBS
2021-03-17 07:00:00,13230.0,13872.0,13161.0,13872.0,5340300,KBS
2021-03-18 07:00:00,14330.0,14445.0,13918.0,13941.0,2447300,KBS
2021-03-19 07:00:00,13941.0,14170.0,13757.0,13941.0,1563100,KBS
2021-03-22 07:00:00,13849.0,14170.0,13757.0,13872.0,2277200,KBS
2021-03-23 07:00:00,13849.0,14628.0,13711.0,14147.0,3562500,KBS
2021-03-24 07:00:00,13895.0,14904.0,13757.0,14445.0,4331100,KBS
2021-03-25 07:00:00,14789.0,14835.0,14124.0,14284.0,2080100,KBS
2021-03-26 07:00:00,13941.0,14216.0,13299.0,13757.0,3237300,KBS
2021-03-29 07:00:00,13757.0,14032.0,13642.0,13986.0,1971000,KBS
2021-03-30 07:00:00,13986.0,14078.0,13734.0,13872.0,1460500,KBS
2021-03-31 07:00:00,13757.0,14353.0,13757.0,13963.0,1673400,KBS
2021-04-01 07:00:00,14032.0,14262.0,13941.0,14101.0,2036400,KBS
2021-04-02 07:00:00,14353.0,14445.0,14078.0,14170.0,1759100,KBS
2021-04-05 07:00:00,14262.0,14307.0,14032.0,14170.0,1408000,KBS
2021-04-06 07:00:00,14170.0,14628.0,13986.0,14376.0,2362700,KBS
2021-04-07 07:00:00,14514.0,14949.0,14468.0,14904.0,2913400,KBS
2021-04-08 07:00:00,14904.0,15041.0,14583.0,14904.0,1396200,KBS
2021-04-09 07:00:00,14674.0,14881.0,14651.0,14812.0,1601800,KBS
2021-04-12 07:00:00,14674.0,14812.0,14445.0,14628.0,2217300,KBS
2021-04-13 07:00:00,14697.0,14697.0,13986.0,13986.0,2111500,KBS
2021-04-14 07:00:00,13849.0,14170.0,13574.0,14078.0,1557000,KBS
2021-04-15 07:00:00,14170.0,14170.0,13665.0,13665.0,1535700,KBS
2021-04-16 07:00:00,13299.0,13665.0,12840.0,13138.0,2199000,KBS
2021-04-19 07:00:00,13207.0,13505.0,13023.0,13436.0,1224600,KBS
2021-04-20 07:00:00,13620.0,13620.0,13299.0,13482.0,1210100,KBS
2021-04-22 07:00:00,13436.0,13436.0,12840.0,12840.0,1394400,KBS
2021-04-23 07:00:00,12748.0,12978.0,12381.0,12978.0,1063300,KBS
2021-04-26 07:00:00,13000.0,13046.0,12290.0,12290.0,1719100,KBS
2021-04-27 07:00:00,12290.0,12588.0,12152.0,12290.0,899800,KBS
2021-04-28 07:00:00,12358.0,12702.0,12358.0,12496.0,507500,KBS
2021-04-29 07:00:00,12565.0,12748.0,12381.0,12381.0,592000,KBS
2021-05-04 07:00:00,12152.0,12381.0,11923.0,12336.0,855800,KBS
2021-05-05 07:00:00,12381.0,13115.0,12381.0,12863.0,1067800,KBS
2021-05-06 07:00:00,12840.0,13069.0,12611.0,12657.0,691200,KBS
2021-05-07 07:00:00,12450.0,12679.0,12427.0,12427.0,936200,KBS
2021-05-10 07:00:00,11969.0,12290.0,11969.0,12221.0,1113100,KBS
2021-05-11 07:00:00,12244.0,12657.0,12221.0,12381.0,841500,KBS
2021-05-12 07:00:00,12381.0,12611.0,12381.0,12519.0,486200,KBS
2021-05-13 07:00:00,12519.0,12519.0,12313.0,12313.0,852600,KBS
2021-05-14 07:00:00,12313.0,12450.0,12290.0,12358.0,830400,KBS
2021-05-17 07:00:00,12336.0,12358.0,12152.0,12175.0,818900,KBS
2021-05-18 07:00:00,12290.0,12290.0,11808.0,11877.0,1280400,KBS
2021-05-19 07:00:00,11739.0,11900.0,11487.0,11533.0,1234700,KBS
2021-05-20 07:00:00,11441.0,11556.0,11074.0,11143.0,1427600,KBS
2021-05-21 07:00:00,11143.0,11923.0,11029.0,11831.0,1126500,KBS
2021-05-24 07:00:00,11831.0,12152.0,11739.0,11854.0,776800,KBS
2021-05-25 07:00:00,11785.0,12015.0,11602.0,11923.0,941800,KBS
2021-05-26 07:00:00,11877.0,11923.0,11648.0,11808.0,930400,KBS
2021-05-27 07:00:00,11808.0,11923.0,11418.0,11510.0,986200,KBS
2021-05-28 07:00:00,11510.0,11602.0,11373.0,11510.0,1069700,KBS
2021-05-31 07:00:00,11510.0,11602.0,11373.0,11418.0,874600,KBS
2021-06-01 07:00:00,11395.0,11395.0,11006.0,11281.0,838900,KBS
2021-06-02 07:00:00,11304.0,11648.0,11304.0,11487.0,865100,KBS
2021-06-03 07:00:00,11694.0,11923.0,11625.0,11785.0,1240300,KBS
2021-06-04 07:00:00,11923.0,12152.0,11877.0,11923.0,1157200,KBS
2021-06-07 07:00:00,11923.0,12060.0,11739.0,11877.0,903300,KBS
2021-06-08 07:00:00,12106.0,12267.0,11877.0,11877.0,1670100,KBS
2021-06-09 07:00:00,11969.0,12015.0,11648.0,11831.0,707400,KBS
2021-06-10 07:00:00,11785.0,11923.0,11694.0,11831.0,809900,KBS
2021-06-11 07:00:00,11785.0,12129.0,11785.0,12015.0,1275300,KBS
2021-06-14 07:00:00,12083.0,12611.0,12083.0,12427.0,1906300,KBS
2021-06-15 07:00:00,12611.0,13023.0,12496.0,12840.0,2006000,KBS
2021-06-16 07:00:00,12840.0,12840.0,12404.0,12565.0,1038300,KBS
2021-06-17 07:00:00,12381.0,12817.0,12244.0,12748.0,1095400,KBS
2021-06-18 07:00:00,12840.0,13299.0,12748.0,13115.0,2428300,KBS
2021-06-21 07:00:00,13138.0,13138.0,12748.0,12840.0,1191300,KBS
2021-06-22 07:00:00,12909.0,12955.0,12771.0,12794.0,827400,KBS
2021-06-23 07:00:00,12840.0,12840.0,12404.0,12473.0,1517900,KBS
2021-06-24 07:00:00,12381.0,12473.0,12175.0,12221.0,951900,KBS
2021-06-25 07:00:00,12198.0,12611.0,12198.0,12336.0,460100,KBS
2021-06-28 07:00:00,12290.0,12817.0,12106.0,12679.0,1210700,KBS
2021-06-29 07:00:00,12748.0,12794.0,12588.0,12611.0,934200,KBS
2021-06-30 07:00:00,12657.0,12657.0,12381.0,12427.0,436400,KBS
2021-07-01 07:00:00,12427.0,12702.0,12381.0,12634.0,874300,KBS
2021-07-02 07:00:00,12634.0,12725.0,12565.0,12611.0,1061800,KBS
2021-07-05 07:00:00,12748.0,13482.0,12748.0,13482.0,4190200,KBS
2021-07-06 07:00:00,13849.0,13986.0,12542.0,12542.0,2313200,KBS
2021-07-07 07:00:00,12840.0,13413.0,12427.0,13413.0,1871400,KBS
2021-07-08 07:00:00,13711.0,13711.0,13207.0,13253.0,2538600,KBS
2021-07-09 07:00:00,13069.0,13872.0,13069.0,13344.0,3576300,KBS
2021-07-12 07:00:00,13482.0,14101.0,13207.0,13826.0,4518900,KBS
2021-07-13 07:00:00,14216.0,14353.0,13895.0,14193.0,2130500,KBS
2021-07-14 07:00:00,13986.0,14216.0,13253.0,13528.0,2669000,KBS
2021-07-15 07:00:00,13299.0,13849.0,13299.0,13528.0,1839100,KBS
2021-07-16 07:00:00,13574.0,14101.0,13436.0,13941.0,3133600,KBS
2021-07-19 07:00:00,13574.0,14445.0,13574.0,14078.0,4585000,KBS
2021-07-20 07:00:00,14353.0,14353.0,13895.0,13918.0,2082800,KBS
2021-07-21 07:00:00,13941.0,14881.0,13849.0,14743.0,4276800,KBS
2021-07-22 07:00:00,14858.0,15568.0,14766.0,15362.0,3807700,KBS
2021-07-23 07:00:00,15270.0,15981.0,14904.0,15500.0,3779200,KBS
2021-07-26 07:00:00,15637.0,16577.0,15500.0,16577.0,5466800,KBS
2021-07-27 07:00:00,16875.0,17059.0,16325.0,16577.0,5080400,KBS
2021-07-28 07:00:00,16348.0,16509.0,15958.0,16050.0,4231000,KBS
2021-07-29 07:00:00,16142.0,17173.0,15981.0,17173.0,4458800,KBS
2021-07-30 07:00:00,17380.0,17655.0,17173.0,17173.0,3453800,KBS
2021-08-02 07:00:00,16967.0,17747.0,16761.0,17334.0,3504500,KBS
2021-08-03 07:00:00,17265.0,17609.0,17082.0,17380.0,3300400,KBS
2021-08-04 07:00:00,17403.0,17563.0,17151.0,17265.0,3038200,KBS
2021-08-05 07:00:00,17173.0,17265.0,16967.0,17128.0,2839600,KBS
2021-08-06 07:00:00,17128.0,18297.0,17128.0,17838.0,4607500,KBS
2021-08-09 07:00:00,17838.0,18205.0,17678.0,18022.0,2368400,KBS
2021-08-10 07:00:00,18068.0,18893.0,17838.0,18710.0,3581700,KBS
2021-08-11 07:00:00,18801.0,19535.0,18572.0,19031.0,3390000,KBS
2021-08-12 07:00:00,18985.0,19489.0,18343.0,18710.0,3528800,KBS
2021-08-13 07:00:00,18435.0,19260.0,18114.0,19260.0,4618300,KBS
2021-08-16 07:00:00,19260.0,19673.0,18801.0,19260.0,2135300,KBS
2021-08-17 07:00:00,19260.0,20085.0,18893.0,19902.0,3187400,KBS
2021-08-18 07:00:00,19535.0,20062.0,19489.0,19719.0,1890400,KBS
2021-08-19 07:00:00,19489.0,19719.0,19398.0,19535.0,1636500,KBS
2021-08-20 07:00:00,19398.0,19673.0,18251.0,18320.0,4557100,KBS
2021-08-23 07:00:00,18114.0,18297.0,17334.0,17334.0,3517500,KBS
2021-08-24 07:00:00,17334.0,18114.0,17196.0,18068.0,2385900,KBS
2021-08-25 07:00:00,18114.0,18114.0,17517.0,17884.0,1163500,KBS
2021-08-26 07:00:00,17747.0,18549.0,17747.0,18114.0,1854400,KBS
2021-08-27 07:00:00,17838.0,18756.0,17701.0,18756.0,2033100,KBS
2021-08-30 07:00:00,19168.0,19168.0,18847.0,18985.0,1972100,KBS
2021-08-31 07:00:00,18985.0,19237.0,18572.0,18893.0,2560700,KBS
2021-09-01 07:00:00,18801.0,19489.0,18618.0,19398.0,3082500,KBS
2021-09-06 07:00:00,19902.0,19948.0,19581.0,19650.0,1571400,KBS
2021-09-07 07:00:00,19650.0,19719.0,18801.0,18801.0,2611200,KBS
2021-09-08 07:00:00,18756.0,18893.0,18114.0,18297.0,2467600,KBS
2021-09-09 07:00:00,18159.0,18801.0,18159.0,18778.0,1415800,KBS
2021-09-10 07:00:00,18893.0,18985.0,18572.0,18733.0,1213600,KBS
2021-09-13 07:00:00,18801.0,20040.0,18756.0,20040.0,5845200,KBS
2021-09-14 07:00:00,20636.0,21324.0,20406.0,20911.0,3390400,KBS
2021-09-15 07:00:00,20911.0,21461.0,20406.0,20957.0,1761400,KBS
2021-09-16 07:00:00,20980.0,21553.0,20636.0,21003.0,2753100,KBS
2021-09-17 07:00:00,21025.0,21736.0,21025.0,21553.0,2318600,KBS
2021-09-20 07:00:00,21690.0,21966.0,20590.0,20636.0,2556800,KBS
2021-09-21 07:00:00,20177.0,21301.0,20177.0,21301.0,2681400,KBS
2021-09-22 07:00:00,21301.0,21484.0,20727.0,21048.0,1521000,KBS
2021-09-23 07:00:00,21048.0,21324.0,20750.0,20888.0,1519000,KBS
2021-09-24 07:00:00,20934.0,21094.0,20177.0,20177.0,1857100,KBS
2021-09-27 07:00:00,20177.0,21003.0,20177.0,20177.0,1862300,KBS
2021-09-28 07:00:00,20406.0,20773.0,20154.0,20636.0,1039800,KBS
2021-09-29 07:00:00,20544.0,21003.0,20269.0,20819.0,919600,KBS
2021-09-30 07:00:00,21048.0,21966.0,21003.0,21805.0,3730500,KBS
2021-10-01 07:00:00,21920.0,22470.0,21736.0,21805.0,1736100,KBS
2021-10-04 07:00:00,21645.0,22149.0,21369.0,21553.0,1272600,KBS
2021-10-05 07:00:00,21461.0,22011.0,21438.0,21530.0,1534300,KBS
2021-10-06 07:00:00,21736.0,22195.0,21324.0,21805.0,1583300,KBS
2021-10-07 07:00:00,21988.0,22287.0,21966.0,22241.0,1492100,KBS
2021-10-08 07:00:00,22287.0,22287.0,21828.0,22011.0,1390500,KBS
2021-10-11 07:00:00,21988.0,21988.0,21507.0,21690.0,2131600,KBS
2021-10-12 07:00:00,21599.0,22011.0,21507.0,21805.0,1282600,KBS
2021-10-13 07:00:00,21920.0,21920.0,21507.0,21507.0,1262900,KBS
2021-10-14 07:00:00,21461.0,21920.0,21461.0,21553.0,989600,KBS
2021-10-15 07:00:00,21599.0,22287.0,21553.0,21874.0,2016500,KBS
2021-10-18 07:00:00,21920.0,21988.0,21576.0,21645.0,981300,KBS
2021-10-19 07:00:00,21645.0,21645.0,21484.0,21530.0,722600,KBS
2021-10-20 07:00:00,21530.0,21530.0,20773.0,21094.0,2201200,KBS
2021-10-21 07:00:00,21094.0,21736.0,20911.0,21736.0,1273100,KBS
2021-10-22 07:00:00,21736.0,22149.0,21553.0,21874.0,1360900,KBS
2021-10-25 07:00:00,22011.0,22264.0,21690.0,21690.0,1122700,KBS
2021-10-26 07:00:00,21553.0,21943.0,21140.0,21943.0,807600,KBS
2021-10-27 07:00:00,21943.0,23433.0,21943.0,23433.0,3971100,KBS
2021-10-28 07:00:00,24213.0,24213.0,23433.0,23800.0,1597400,KBS
2021-10-29 07:00:00,23846.0,24075.0,23525.0,23892.0,1247900,KBS
2021-11-01 07:00:00,24304.0,25542.0,24121.0,25176.0,3028900,KBS
2021-11-02 07:00:00,25221.0,26184.0,24304.0,25863.0,1907600,KBS
2021-11-03 07:00:00,26139.0,26139.0,24075.0,24121.0,2407900,KBS
2021-11-04 07:00:00,24121.0,25405.0,24075.0,24946.0,1862800,KBS
2021-11-05 07:00:00,24946.0,25818.0,24534.0,25451.0,1251700,KBS
2021-11-08 07:00:00,25451.0,25726.0,24992.0,25130.0,1057100,KBS
2021-11-09 07:00:00,25221.0,25451.0,24763.0,24855.0,1082000,KBS
2021-11-10 07:00:00,24717.0,25588.0,24625.0,25130.0,1332000,KBS
2021-11-11 07:00:00,25313.0,25680.0,24717.0,24992.0,1541400,KBS
2021-11-12 07:00:00,25221.0,26735.0,24855.0,26735.0,2069400,KBS
2021-11-15 07:00:00,27514.0,27927.0,26643.0,27147.0,1373100,KBS
2021-11-16 07:00:00,26872.0,27147.0,26368.0,26597.0,1167200,KBS
2021-11-17 07:00:00,26643.0,27973.0,26368.0,27881.0,1836300,KBS
2021-11-18 07:00:00,28110.0,28156.0,27514.0,27744.0,811000,KBS
2021-11-19 07:00:00,27652.0,28110.0,26047.0,27056.0,1671900,KBS
2021-11-22 07:00:00,26551.0,27056.0,25451.0,25634.0,1801000,KBS
2021-11-23 07:00:00,25634.0,27285.0,25634.0,27056.0,1137900,KBS
2021-11-24 07:00:00,27514.0,27652.0,26826.0,27010.0,838900,KBS
2021-11-25 07:00:00,27056.0,27514.0,26964.0,27239.0,988200,KBS
2021-11-26 07:00:00,27652.0,27652.0,26597.0,26689.0,1175600,KBS
2021-11-29 07:00:00,26139.0,26597.0,26001.0,26276.0,1112200,KBS
2021-11-30 07:00:00,26689.0,27423.0,26460.0,26597.0,1094400,KBS
2021-12-01 07:00:00,26964.0,28248.0,26597.0,28202.0,2008300,KBS
2021-12-02 07:00:00,28294.0,29440.0,27973.0,28890.0,1696900,KBS
2021-12-03 07:00:00,28890.0,29257.0,28019.0,28431.0,1117900,KBS
2021-12-06 07:00:00,28202.0,28477.0,26826.0,27514.0,1466100,KBS
2021-12-07 07:00:00,27973.0,28569.0,27377.0,28477.0,1086100,KBS
2021-12-08 07:00:00,28569.0,29486.0,28202.0,29486.0,1102600,KBS
2021-12-09 07:00:00,29578.0,31550.0,29073.0,31550.0,1729900,KBS
2021-12-10 07:00:00,32513.0,32925.0,31825.0,32925.0,2154000,KBS
2021-12-13 07:00:00,32971.0,35218.0,32971.0,34714.0,1787200,KBS
2021-12-14 07:00:00,34806.0,36227.0,33888.0,35081.0,1646200,KBS
2021-12-15 07:00:00,35081.0,36135.0,34622.0,35310.0,1146100,KBS
2021-12-16 07:00:00,35677.0,35723.0,34668.0,34943.0,1083600,KBS
2021-12-17 07:00:00,34897.0,37374.0,34393.0,37374.0,1638700,KBS
2021-12-20 07:00:00,38474.0,39987.0,37603.0,39987.0,1032100,KBS
2021-12-21 07:00:00,41868.0,42280.0,39024.0,39758.0,1554800,KBS
2021-12-22 07:00:00,39116.0,41226.0,39116.0,40125.0,993500,KBS
2021-12-23 07:00:00,40033.0,41226.0,39575.0,40354.0,1146600,KBS
2021-12-24 07:00:00,40354.0,43152.0,40033.0,43152.0,1421400,KBS
2021-12-27 07:00:00,44894.0,46132.0,43748.0,44940.0,1364500,KBS
2021-12-28 07:00:00,45399.0,46316.0,44069.0,46316.0,705900,KBS
2021-12-29 07:00:00,45903.0,47921.0,45628.0,47691.0,574100,KBS
2021-12-30 07:00:00,47921.0,49296.0,47233.0,47921.0,972300,KBS
2021-12-31 07:00:00,48288.0,48288.0,44573.0,45949.0,2483400,KBS
2022-01-04 07:00:00,45215.0,45399.0,43564.0,43564.0,2197800,KBS
2022-01-05 07:00:00,42968.0,45399.0,42418.0,43106.0,1543900,KBS
2022-01-06 07:00:00,42464.0,42922.0,40125.0,40125.0,3625100,KBS
2022-01-07 07:00:00,38566.0,40721.0,37924.0,40721.0,2288900,KBS
2022-01-10 07:00:00,41913.0,41913.0,38566.0,39345.0,1284200,KBS
2022-01-11 07:00:00,38749.0,39208.0,36594.0,36594.0,2421300,KBS
2022-01-12 07:00:00,35539.0,36961.0,34072.0,36961.0,2320800,KBS
2022-01-13 07:00:00,36686.0,39208.0,36686.0,38061.0,966200,KBS
2022-01-14 07:00:00,36686.0,40446.0,36686.0,40354.0,1350800,KBS
2022-01-17 07:00:00,39850.0,40079.0,37557.0,37557.0,1181600,KBS
2022-01-18 07:00:00,36135.0,36686.0,34943.0,35769.0,1413600,KBS
2022-01-19 07:00:00,35723.0,37878.0,33522.0,37878.0,827400,KBS
2022-01-20 07:00:00,38520.0,38520.0,36961.0,38061.0,485700,KBS
2022-01-21 07:00:00,38061.0,38474.0,37328.0,38061.0,529700,KBS
2022-01-24 07:00:00,37603.0,37603.0,35402.0,36548.0,723000,KBS
2022-01-25 07:00:00,36502.0,36961.0,34943.0,36961.0,541100,KBS
2022-01-26 07:00:00,37144.0,37236.0,36227.0,36961.0,275800,KBS
2022-01-27 07:00:00,36686.0,38520.0,36456.0,38061.0,787100,KBS
2022-01-28 07:00:00,38153.0,40400.0,38153.0,40217.0,1194100,KBS
2022-02-07 07:00:00,43014.0,43014.0,42647.0,43014.0,1768500,KBS
2022-02-08 07:00:00,43564.0,45215.0,42968.0,43106.0,1232300,KBS
2022-02-09 07:00:00,43106.0,44481.0,41730.0,43931.0,1019800,KBS
2022-02-10 07:00:00,44390.0,44757.0,43427.0,44481.0,952400,KBS
2022-02-11 07:00:00,44481.0,46683.0,44481.0,45399.0,983600,KBS
2022-02-14 07:00:00,44481.0,46316.0,44390.0,44986.0,1159500,KBS
2022-02-15 07:00:00,45261.0,46316.0,44986.0,45032.0,1062500,KBS
2022-02-16 07:00:00,45674.0,45674.0,43106.0,43197.0,1612400,KBS
2022-02-17 07:00:00,42739.0,44436.0,42510.0,43931.0,847400,KBS
2022-02-18 07:00:00,44940.0,47004.0,44481.0,47004.0,1778700,KBS
2022-02-21 07:00:00,50259.0,50259.0,49067.0,49755.0,2471500,KBS
2022-02-22 07:00:00,48609.0,53194.0,47691.0,53194.0,2234500,KBS
2022-02-23 07:00:00,53653.0,55671.0,52277.0,53469.0,1292500,KBS
2022-02-24 07:00:00,52736.0,57184.0,52736.0,57184.0,2302800,KBS
2022-02-25 07:00:00,58468.0,60486.0,56634.0,57321.0,1226000,KBS
2022-02-28 07:00:00,57321.0,57321.0,53332.0,56083.0,1669800,KBS
2022-03-01 07:00:00,55350.0,58147.0,54524.0,56863.0,1289300,KBS
2022-03-02 07:00:00,56863.0,59018.0,56404.0,58239.0,903500,KBS
2022-03-03 07:00:00,58239.0,59247.0,57230.0,58422.0,964100,KBS
2022-03-04 07:00:00,58284.0,61632.0,57780.0,59614.0,1154400,KBS
2022-03-07 07:00:00,59752.0,60990.0,58697.0,59614.0,693100,KBS
2022-03-08 07:00:00,59156.0,60027.0,55441.0,55441.0,1882800,KBS
2022-03-09 07:00:00,55946.0,56817.0,52965.0,54983.0,1860000,KBS
2022-03-10 07:00:00,55120.0,58789.0,55120.0,58789.0,638100,KBS
2022-03-11 07:00:00,60073.0,61632.0,58239.0,59018.0,1070400,KBS
2022-03-14 07:00:00,57918.0,58697.0,55625.0,57230.0,1322400,KBS
2022-03-15 07:00:00,57963.0,58468.0,56771.0,58468.0,665700,KBS
2022-03-16 07:00:00,60531.0,62549.0,59660.0,62549.0,1145300,KBS
2022-03-17 07:00:00,65851.0,66860.0,63741.0,66860.0,1650700,KBS
2022-03-18 07:00:00,66493.0,66860.0,65117.0,66401.0,855400,KBS
2022-03-21 07:00:00,66034.0,68556.0,65163.0,67456.0,796900,KBS
2022-03-22 07:00:00,66722.0,67410.0,64200.0,65576.0,1566800,KBS
2022-03-23 07:00:00,65667.0,70161.0,65667.0,68327.0,1126200,KBS
2022-03-24 07:00:00,67869.0,69657.0,67410.0,68786.0,466900,KBS
2022-03-25 07:00:00,69703.0,71996.0,69244.0,71308.0,1116000,KBS
2022-03-28 07:00:00,69336.0,71766.0,69336.0,70849.0,986800,KBS
2022-03-29 07:00:00,71675.0,71950.0,70161.0,71537.0,666400,KBS
2022-03-30 07:00:00,71537.0,73142.0,70253.0,71537.0,700000,KBS
2022-03-31 07:00:00,71354.0,71354.0,67869.0,68832.0,1587400,KBS
2022-04-01 07:00:00,68786.0,70391.0,67181.0,69795.0,720900,KBS
2022-04-04 07:00:00,70391.0,71033.0,69611.0,70161.0,406500,KBS
2022-04-05 07:00:00,69932.0,71766.0,69703.0,70391.0,518500,KBS
2022-04-06 07:00:00,69932.0,73371.0,69703.0,71721.0,912800,KBS
2022-04-07 07:00:00,73326.0,73371.0,69703.0,69703.0,840700,KBS
2022-04-08 07:00:00,70161.0,70849.0,65117.0,67731.0,856700,KBS
2022-04-12 07:00:00,65576.0,67410.0,63696.0,66493.0,988600,KBS
2022-04-13 07:00:00,66447.0,71079.0,65943.0,71079.0,610500,KBS
2022-04-14 07:00:00,71537.0,76031.0,71537.0,75802.0,1663800,KBS
2022-04-15 07:00:00,74976.0,77911.0,74334.0,75435.0,798800,KBS
2022-04-18 07:00:00,73417.0,75160.0,70849.0,74059.0,2006900,KBS
2022-04-19 07:00:00,74518.0,79241.0,73830.0,77865.0,1464200,KBS
2022-04-20 07:00:00,77865.0,80250.0,76673.0,77086.0,578300,KBS
2022-04-21 07:00:00,75435.0,77728.0,72271.0,76123.0,1229000,KBS
2022-04-22 07:00:00,75939.0,77040.0,70803.0,70803.0,2374600,KBS
2022-04-25 07:00:00,68786.0,71079.0,65851.0,65851.0,1105900,KBS
2022-04-26 07:00:00,61311.0,67410.0,61265.0,66493.0,1477500,KBS
2022-04-27 07:00:00,65117.0,67869.0,62457.0,66951.0,528500,KBS
2022-04-28 07:00:00,67181.0,70161.0,66951.0,68465.0,504500,KBS
2022-04-29 07:00:00,67410.0,72454.0,67318.0,71766.0,735400,KBS
2022-05-04 07:00:00,71079.0,73142.0,70758.0,72317.0,917400,KBS
2022-05-05 07:00:00,72500.0,73142.0,68465.0,69932.0,699700,KBS
2022-05-06 07:00:00,67869.0,69198.0,65071.0,65071.0,949800,KBS
2022-05-09 07:00:00,62595.0,63696.0,60531.0,60531.0,1169600,KBS
2022-05-10 07:00:00,56313.0,59614.0,56313.0,56404.0,2124400,KBS
2022-05-11 07:00:00,56955.0,59018.0,56404.0,57872.0,566100,KBS
2022-05-12 07:00:00,57597.0,57780.0,53836.0,53836.0,1006700,KBS
2022-05-13 07:00:00,50076.0,51314.0,50076.0,50076.0,1353700,KBS
2022-05-16 07:00:00,50443.0,52277.0,46591.0,46591.0,1241400,KBS
2022-05-17 07:00:00,43335.0,49847.0,43335.0,49847.0,2288200,KBS
2022-05-18 07:00:00,50764.0,52277.0,49984.0,52048.0,1177800,KBS
2022-05-19 07:00:00,48425.0,50901.0,48425.0,50443.0,821600,KBS
2022-05-20 07:00:00,50351.0,51314.0,49296.0,49755.0,1241100,KBS
2022-05-23 07:00:00,50672.0,52690.0,49434.0,51131.0,1032600,KBS
2022-05-24 07:00:00,51819.0,52231.0,49526.0,52231.0,843100,KBS
2022-05-25 07:00:00,52506.0,55854.0,52048.0,55854.0,1066700,KBS
2022-05-26 07:00:00,56863.0,58468.0,56634.0,57092.0,1092000,KBS
2022-05-27 07:00:00,57780.0,61082.0,57092.0,60898.0,1240000,KBS
2022-05-30 07:00:00,60990.0,61082.0,59614.0,59981.0,714900,KBS
2022-05-31 07:00:00,60073.0,60073.0,55946.0,56817.0,1580800,KBS
2022-06-01 07:00:00,57321.0,60302.0,57092.0,60302.0,882300,KBS
2022-06-02 07:00:00,60990.0,63604.0,60531.0,62366.0,954100,KBS
2022-06-03 07:00:00,63283.0,63283.0,61128.0,62457.0,951600,KBS
2022-06-06 07:00:00,62136.0,63833.0,61953.0,62045.0,1539100,KBS
2022-06-07 07:00:00,66255.0,66324.0,62873.0,66324.0,1849800,KBS
2022-06-08 07:00:00,68325.0,70948.0,67842.0,70879.0,1998000,KBS
2022-06-09 07:00:00,69705.0,71431.0,68670.0,69291.0,1175500,KBS
2022-06-10 07:00:00,68325.0,71638.0,67635.0,68325.0,1621800,KBS
2022-06-13 07:00:00,65427.0,66807.0,63563.0,63563.0,2152900,KBS
2022-06-14 07:00:00,59422.0,63494.0,59422.0,62114.0,1729800,KBS
2022-06-15 07:00:00,62114.0,64874.0,61355.0,63080.0,1122200,KBS
2022-06-16 07:00:00,65219.0,67428.0,63563.0,67428.0,1878500,KBS
2022-06-17 07:00:00,65219.0,70396.0,64184.0,70396.0,2141300,KBS
2022-06-20 07:00:00,71086.0,71707.0,66600.0,66945.0,1917000,KBS
2022-06-21 07:00:00,66738.0,68118.0,62321.0,62321.0,1458400,KBS
2022-06-22 07:00:00,63494.0,63701.0,57973.0,57973.0,3469500,KBS
2022-06-23 07:00:00,55902.0,61976.0,55695.0,61976.0,1464400,KBS
2022-06-24 07:00:00,63149.0,64529.0,62114.0,62597.0,866600,KBS
2022-06-27 07:00:00,62390.0,63494.0,60871.0,61424.0,1136000,KBS
2022-06-28 07:00:00,61424.0,65496.0,61079.0,64874.0,2018600,KBS
2022-06-29 07:00:00,63563.0,65219.0,61631.0,62942.0,1124900,KBS
2022-06-30 07:00:00,63632.0,64184.0,62459.0,62942.0,737200,KBS
2022-07-01 07:00:00,62321.0,62735.0,58594.0,61286.0,1912900,KBS
2022-07-04 07:00:00,61631.0,62252.0,59008.0,59353.0,637400,KBS
2022-07-05 07:00:00,59008.0,59353.0,55212.0,55212.0,2376400,KBS
2022-07-06 07:00:00,53142.0,54453.0,51347.0,51347.0,1511800,KBS
2022-07-07 07:00:00,51071.0,54798.0,51071.0,54177.0,948200,KBS
2022-07-08 07:00:00,54867.0,55971.0,53763.0,54591.0,503800,KBS
2022-07-11 07:00:00,53694.0,53901.0,50795.0,51416.0,1036300,KBS
2022-07-12 07:00:00,51347.0,53832.0,51347.0,53832.0,687400,KBS
2022-07-13 07:00:00,54177.0,54384.0,52107.0,52521.0,473100,KBS
2022-07-14 07:00:00,51140.0,52452.0,50795.0,52452.0,1170500,KBS
2022-07-15 07:00:00,52452.0,54246.0,48932.0,50588.0,1607400,KBS
2022-07-18 07:00:00,50588.0,51692.0,48311.0,50036.0,1522700,KBS
2022-07-19 07:00:00,49691.0,50036.0,48518.0,48725.0,1101500,KBS
2022-07-20 07:00:00,49346.0,52107.0,49139.0,52107.0,1222000,KBS
2022-07-21 07:00:00,53142.0,55626.0,53142.0,54522.0,2558600,KBS
2022-07-22 07:00:00,54522.0,54867.0,52797.0,52797.0,948500,KBS
2022-07-25 07:00:00,52659.0,54246.0,51900.0,52797.0,1033000,KBS
2022-07-26 07:00:00,53418.0,54177.0,52521.0,53142.0,857300,KBS
2022-07-27 07:00:00,53073.0,54177.0,52245.0,53832.0,1188400,KBS
2022-07-28 07:00:00,54798.0,54798.0,52590.0,52797.0,1686900,KBS
2022-07-29 07:00:00,52866.0,53418.0,49691.0,49691.0,2589200,KBS
2022-08-01 07:00:00,48311.0,52107.0,46654.0,51071.0,3777500,KBS
2022-08-02 07:00:00,50795.0,51623.0,50105.0,50312.0,854500,KBS
2022-08-03 07:00:00,49622.0,50657.0,49553.0,50036.0,869000,KBS
2022-08-04 07:00:00,50312.0,51761.0,50036.0,51209.0,1796100,KBS
2022-08-05 07:00:00,51347.0,51761.0,50657.0,51761.0,1258100,KBS
2022-08-08 07:00:00,52107.0,55350.0,51900.0,55350.0,2922800,KBS
2022-08-09 07:00:00,56455.0,56593.0,54798.0,55281.0,1686000,KBS
2022-08-10 07:00:00,55212.0,55488.0,54246.0,54246.0,1385400,KBS
2022-08-11 07:00:00,55212.0,56386.0,53142.0,54591.0,2018500,KBS
2022-08-12 07:00:00,54591.0,58387.0,53970.0,58387.0,4172600,KBS
2022-08-15 07:00:00,59077.0,60595.0,58594.0,60595.0,1376100,KBS
2022-08-16 07:00:00,60664.0,60871.0,59284.0,59422.0,1595500,KBS
2022-08-17 07:00:00,59353.0,60595.0,58732.0,59008.0,1401400,KBS
2022-08-18 07:00:00,58801.0,59974.0,58387.0,58939.0,1510500,KBS
2022-08-19 07:00:00,59284.0,60802.0,58663.0,59422.0,1945900,KBS
2022-08-22 07:00:00,59353.0,62045.0,59353.0,61079.0,2155400,KBS
2022-08-23 07:00:00,60112.0,61424.0,59905.0,61424.0,1074800,KBS
2022-08-24 07:00:00,62114.0,62390.0,60595.0,60941.0,1556900,KBS
2022-08-25 07:00:00,60733.0,62804.0,59767.0,61493.0,3260600,KBS
2022-08-26 07:00:00,61424.0,63425.0,61355.0,61424.0,1754700,KBS
2022-08-29 07:00:00,60181.0,61562.0,57835.0,61148.0,3025100,KBS
2022-08-30 07:00:00,61424.0,63011.0,61148.0,61424.0,1722300,KBS
2022-08-31 07:00:00,60802.0,63356.0,60802.0,62804.0,2168900,KBS
2022-09-05 07:00:00,63494.0,64046.0,62804.0,63356.0,1620700,KBS
2022-09-06 07:00:00,63149.0,63494.0,62321.0,62666.0,1906200,KBS
2022-09-07 07:00:00,62252.0,62666.0,58663.0,58663.0,3605600,KBS
2022-09-08 07:00:00,59767.0,60664.0,58042.0,59491.0,1763400,KBS
2022-09-09 07:00:00,60319.0,60871.0,59215.0,60871.0,976700,KBS
2022-09-12 07:00:00,61424.0,64529.0,60941.0,63425.0,3144900,KBS
2022-09-13 07:00:00,63494.0,63494.0,62390.0,62942.0,1214600,KBS
2022-09-14 07:00:00,61286.0,63425.0,61286.0,63287.0,1959500,KBS
2022-09-15 07:00:00,63563.0,63839.0,62804.0,62804.0,1216400,KBS
2022-09-16 07:00:00,62528.0,62804.0,60388.0,60941.0,1831300,KBS
2022-09-19 07:00:00,60802.0,61079.0,57628.0,57973.0,2560200,KBS
2022-09-20 07:00:00,58663.0,59698.0,56386.0,59698.0,1584600,KBS
2022-09-21 07:00:00,58663.0,59629.0,58042.0,58525.0,664800,KBS
2022-09-22 07:00:00,57697.0,59974.0,57421.0,59836.0,1435000,KBS
2022-09-23 07:00:00,59836.0,60043.0,58663.0,58939.0,745600,KBS
2022-09-26 07:00:00,57076.0,57973.0,54867.0,54867.0,4080500,KBS
2022-09-27 07:00:00,55212.0,55557.0,54315.0,54315.0,1246600,KBS
2022-09-28 07:00:00,53418.0,54522.0,50519.0,50519.0,2645300,KBS
2022-09-29 07:00:00,51761.0,52176.0,48656.0,49001.0,1636900,KBS
2022-09-30 07:00:00,48311.0,50726.0,45757.0,50588.0,2320800,KBS
2022-10-03 07:00:00,50036.0,50312.0,47068.0,47068.0,1349600,KBS
2022-10-04 07:00:00,48242.0,48656.0,45826.0,46240.0,1282300,KBS
2022-10-05 07:00:00,47344.0,49346.0,46930.0,49001.0,1078200,KBS
2022-10-06 07:00:00,49553.0,49553.0,45895.0,46240.0,1560600,KBS
2022-10-07 07:00:00,45964.0,45964.0,43342.0,43825.0,1829200,KBS
2022-10-10 07:00:00,42168.0,46861.0,42168.0,46861.0,1511100,KBS
2022-10-11 07:00:00,47137.0,47897.0,44377.0,45205.0,1810200,KBS
2022-10-12 07:00:00,45550.0,48311.0,45550.0,48311.0,2023400,KBS
2022-10-13 07:00:00,48656.0,50588.0,48518.0,50312.0,1935400,KBS
2022-10-14 07:00:00,51140.0,53832.0,50588.0,53832.0,2934900,KBS
2022-10-17 07:00:00,53901.0,55350.0,52452.0,55074.0,2511200,KBS
2022-10-18 07:00:00,56247.0,56247.0,53004.0,53832.0,1718900,KBS
2022-10-19 07:00:00,53970.0,56109.0,53418.0,55764.0,2073000,KBS
2022-10-20 07:00:00,55074.0,55902.0,54108.0,54384.0,1089400,KBS
2022-10-21 07:00:00,54315.0,54384.0,50588.0,50588.0,3679600,KBS
2022-10-24 07:00:00,51071.0,53694.0,49691.0,51416.0,2130200,KBS
2022-10-25 07:00:00,51830.0,54177.0,50036.0,53142.0,1665000,KBS
2022-10-26 07:00:00,53832.0,54039.0,51969.0,52107.0,837400,KBS
2022-10-27 07:00:00,51761.0,55695.0,51761.0,55695.0,2233100,KBS
2022-10-28 07:00:00,56247.0,57973.0,55557.0,56593.0,2178300,KBS
2022-10-31 07:00:00,56593.0,56869.0,53349.0,56455.0,2824900,KBS
2022-11-01 07:00:00,56869.0,58318.0,55695.0,55695.0,1615000,KBS
2022-11-02 07:00:00,55695.0,55764.0,53142.0,53487.0,1761400,KBS
2022-11-03 07:00:00,52452.0,54660.0,52452.0,52866.0,1079600,KBS
2022-11-04 07:00:00,52452.0,52866.0,49691.0,50174.0,2319100,KBS
2022-11-07 07:00:00,50381.0,51761.0,47344.0,49139.0,1474600,KBS
2022-11-08 07:00:00,49139.0,51554.0,48311.0,51071.0,875200,KBS
2022-11-09 07:00:00,51900.0,52383.0,50726.0,51623.0,936700,KBS
2022-11-10 07:00:00,51071.0,51209.0,48035.0,48035.0,2049000,KBS
2022-11-11 07:00:00,49760.0,49760.0,47621.0,47621.0,1113900,KBS
2022-11-14 07:00:00,46240.0,46930.0,44308.0,44308.0,2155700,KBS
2022-11-15 07:00:00,41271.0,42789.0,41271.0,41271.0,654500,KBS
2022-11-16 07:00:00,38442.0,44101.0,38442.0,44101.0,2798200,KBS
2022-11-17 07:00:00,44515.0,46654.0,44515.0,45136.0,856400,KBS
2022-11-18 07:00:00,44239.0,45550.0,42030.0,44998.0,1543300,KBS
2022-11-21 07:00:00,45274.0,45274.0,43273.0,43273.0,1179800,KBS
2022-11-22 07:00:00,42444.0,44998.0,41478.0,43756.0,1491500,KBS
2022-11-23 07:00:00,43549.0,44308.0,42651.0,42859.0,657400,KBS
2022-11-24 07:00:00,42237.0,42789.0,39891.0,39891.0,1962300,KBS
2022-11-25 07:00:00,39891.0,40788.0,39063.0,40719.0,1191200,KBS
2022-11-28 07:00:00,42099.0,43549.0,41409.0,43549.0,1114000,KBS
2022-11-29 07:00:00,45550.0,45895.0,43480.0,45826.0,1824300,KBS
2022-11-30 07:00:00,45826.0,49001.0,45205.0,49001.0,1302500,KBS
2022-12-01 07:00:00,49346.0,50381.0,46585.0,46930.0,1634400,KBS
2022-12-02 07:00:00,46930.0,48311.0,45757.0,48311.0,1111800,KBS
2022-12-05 07:00:00,48656.0,50036.0,48173.0,48518.0,1072500,KBS
2022-12-06 07:00:00,48518.0,50381.0,46792.0,47483.0,1897200,KBS
2022-12-07 07:00:00,47483.0,49208.0,46861.0,48311.0,1472800,KBS
2022-12-08 07:00:00,49277.0,50726.0,49001.0,50312.0,1371000,KBS
2022-12-09 07:00:00,49691.0,50795.0,49208.0,50795.0,916800,KBS
2022-12-12 07:00:00,50726.0,51623.0,50036.0,51071.0,1197700,KBS
2022-12-13 07:00:00,50726.0,51761.0,49277.0,51761.0,775700,KBS
2022-12-14 07:00:00,51761.0,52107.0,50726.0,51416.0,685000,KBS
2022-12-15 07:00:00,51347.0,51761.0,50450.0,51692.0,845000,KBS
2022-12-16 07:00:00,51071.0,51692.0,50519.0,51554.0,480900,KBS
2022-12-19 07:00:00,51278.0,52452.0,50657.0,50726.0,710200,KBS
2022-12-20 07:00:00,49760.0,50381.0,47275.0,49691.0,1731400,KBS
2022-12-21 07:00:00,49001.0,49691.0,47068.0,49691.0,581900,KBS
2022-12-22 07:00:00,49691.0,50105.0,48035.0,49553.0,331600,KBS
2022-12-23 07:00:00,48656.0,49277.0,48449.0,49001.0,363300,KBS
2022-12-26 07:00:00,48656.0,48656.0,46171.0,46171.0,506300,KBS
2022-12-27 07:00:00,46033.0,47621.0,46033.0,47621.0,366400,KBS
2022-12-28 07:00:00,48173.0,48449.0,46930.0,48449.0,318300,KBS
2022-12-29 07:00:00,47068.0,47897.0,46999.0,47275.0,248400,KBS
2022-12-30 07:00:00,47828.0,47828.0,46654.0,47621.0,345300,KBS
2023-01-03 07:00:00,47621.0,48794.0,47068.0,48725.0,909500,KBS
2023-01-04 07:00:00,48725.0,48863.0,47897.0,47897.0,337000,KBS
2023-01-05 07:00:00,47897.0,48932.0,47759.0,48242.0,284500,KBS
2023-01-06 07:00:00,48242.0,48656.0,47344.0,47621.0,416700,KBS
2023-01-09 07:00:00,48311.0,48311.0,46240.0,46240.0,702000,KBS
2023-01-10 07:00:00,46516.0,46999.0,46102.0,46378.0,315300,KBS
2023-01-11 07:00:00,46585.0,46792.0,45688.0,45688.0,661000,KBS
2023-01-12 07:00:00,46309.0,46309.0,45412.0,45550.0,377600,KBS
2023-01-13 07:00:00,45550.0,45964.0,45205.0,45205.0,490100,KBS
2023-01-16 07:00:00,45205.0,45205.0,44170.0,44170.0,577100,KBS
2023-01-17 07:00:00,44170.0,45550.0,44170.0,45550.0,398400,KBS
2023-01-18 07:00:00,45550.0,47828.0,45550.0,47344.0,837300,KBS
2023-01-19 07:00:00,46792.0,47966.0,46723.0,47966.0,777100,KBS
2023-01-27 07:00:00,48173.0,50657.0,48173.0,50381.0,1677100,KBS
2023-01-30 07:00:00,51071.0,52038.0,50381.0,51140.0,1348300,KBS
2023-01-31 07:00:00,50726.0,51209.0,50036.0,50933.0,797100,KBS
2023-02-01 07:00:00,51416.0,51416.0,48311.0,48518.0,1292900,KBS
2023-02-02 07:00:00,48794.0,49346.0,48242.0,48725.0,529100,KBS
2023-02-03 07:00:00,49277.0,49277.0,48311.0,49277.0,1259500,KBS
2023-02-06 07:00:00,49277.0,50657.0,48794.0,50381.0,1814500,KBS
2023-02-07 07:00:00,50726.0,53280.0,50450.0,52521.0,2864400,KBS
2023-02-08 07:00:00,52314.0,53625.0,50933.0,51969.0,1083700,KBS
2023-02-09 07:00:00,51969.0,53004.0,50864.0,50864.0,779400,KBS
2023-02-10 07:00:00,50381.0,51485.0,48725.0,49484.0,1124500,KBS
2023-02-13 07:00:00,49484.0,50174.0,48380.0,49622.0,850700,KBS
2023-02-14 07:00:00,50105.0,50519.0,49622.0,50381.0,634800,KBS
2023-02-15 07:00:00,50174.0,51692.0,50105.0,50726.0,543400,KBS
2023-02-16 07:00:00,50795.0,51278.0,50381.0,50588.0,497700,KBS
2023-02-17 07:00:00,50588.0,52245.0,50381.0,51071.0,726700,KBS
2023-02-20 07:00:00,51140.0,53073.0,50933.0,52452.0,1320400,KBS
2023-02-21 07:00:00,53004.0,53694.0,52314.0,52314.0,1332200,KBS
2023-02-22 07:00:00,51830.0,54177.0,51554.0,51900.0,2170100,KBS
2023-02-23 07:00:00,51900.0,52383.0,50243.0,52038.0,1045700,KBS
2023-02-24 07:00:00,52038.0,52107.0,50174.0,50174.0,852200,KBS
2023-02-27 07:00:00,49001.0,50036.0,48656.0,48725.0,902700,KBS
2023-02-28 07:00:00,49001.0,49346.0,47344.0,47621.0,710400,KBS
2023-03-01 07:00:00,47621.0,49484.0,46930.0,49484.0,425200,KBS
2023-03-02 07:00:00,49553.0,49622.0,48725.0,48932.0,384000,KBS
2023-03-03 07:00:00,49208.0,49208.0,47966.0,47966.0,485500,KBS
2023-03-06 07:00:00,48242.0,49277.0,48242.0,48242.0,385400,KBS
2023-03-07 07:00:00,48380.0,48794.0,48104.0,48242.0,389900,KBS
2023-03-08 07:00:00,48242.0,49967.0,48035.0,49967.0,668700,KBS
2023-03-09 07:00:00,49967.0,50657.0,49691.0,50036.0,535100,KBS
2023-03-10 07:00:00,49898.0,50174.0,49415.0,49691.0,342000,KBS
2023-03-13 07:00:00,49001.0,49346.0,48863.0,48863.0,452000,KBS
2023-03-14 07:00:00,48863.0,48932.0,47690.0,48035.0,759200,KBS
2023-03-15 07:00:00,49484.0,49691.0,48656.0,49346.0,480100,KBS
2023-03-16 07:00:00,48656.0,49001.0,48035.0,48311.0,615200,KBS
2023-03-17 07:00:00,48587.0,49001.0,47552.0,47552.0,639100,KBS
2023-03-20 07:00:00,47621.0,47966.0,45412.0,45550.0,1736500,KBS
2023-03-21 07:00:00,46171.0,46240.0,45067.0,46171.0,821200,KBS
2023-03-22 07:00:00,46309.0,46309.0,45067.0,45067.0,931900,KBS
2023-03-23 07:00:00,45067.0,45619.0,44101.0,44101.0,1079500,KBS
2023-03-24 07:00:00,44791.0,45205.0,44446.0,44860.0,822600,KBS
2023-03-27 07:00:00,44860.0,45688.0,44791.0,44929.0,867200,KBS
2023-03-28 07:00:00,45550.0,45619.0,44791.0,44791.0,631500,KBS
2023-03-29 07:00:00,45205.0,45205.0,43135.0,43687.0,1610200,KBS
2023-03-30 07:00:00,43894.0,44170.0,42099.0,42582.0,1595700,KBS
2023-03-31 07:00:00,42582.0,43135.0,42099.0,42099.0,858300,KBS
2023-04-03 07:00:00,42997.0,42997.0,42099.0,42444.0,1273700,KBS
2023-04-04 07:00:00,42513.0,44860.0,42513.0,44860.0,1710500,KBS
2023-04-05 07:00:00,44860.0,45205.0,44308.0,44584.0,609400,KBS
2023-04-06 07:00:00,44584.0,45136.0,44101.0,44170.0,1146600,KBS
2023-04-07 07:00:00,44170.0,44377.0,43618.0,43756.0,506600,KBS
2023-04-10 07:00:00,44170.0,46516.0,44101.0,45550.0,2271400,KBS
2023-04-11 07:00:00,45550.0,45757.0,44860.0,45205.0,733200,KBS
2023-04-12 07:00:00,45205.0,45757.0,44860.0,44860.0,686600,KBS
2023-04-13 07:00:00,45136.0,46240.0,44791.0,46033.0,1578000,KBS
2023-04-14 07:00:00,46171.0,46585.0,44860.0,44860.0,1035000,KBS
2023-04-17 07:00:00,45067.0,46171.0,44584.0,45205.0,649900,KBS
2023-04-18 07:00:00,46102.0,46102.0,45412.0,45550.0,754100,KBS
2023-04-19 07:00:00,45619.0,47621.0,45619.0,46654.0,2111000,KBS
2023-04-20 07:00:00,46792.0,47068.0,46033.0,46033.0,591400,KBS
2023-04-21 07:00:00,46378.0,46378.0,44860.0,45274.0,998900,KBS
2023-04-24 07:00:00,45343.0,45550.0,43825.0,44032.0,945700,KBS
2023-04-25 07:00:00,44170.0,44446.0,43273.0,43480.0,758900,KBS
2023-04-26 07:00:00,43204.0,44308.0,42997.0,44239.0,597300,KBS
2023-04-27 07:00:00,44584.0,44584.0,43894.0,43963.0,298700,KBS
2023-04-28 07:00:00,44377.0,44584.0,43825.0,44032.0,516900,KBS
2023-05-04 07:00:00,43411.0,44653.0,43411.0,44239.0,471300,KBS
2023-05-05 07:00:00,44239.0,44515.0,44032.0,44170.0,254700,KBS
2023-05-08 07:00:00,44170.0,44308.0,43825.0,43825.0,527200,KBS
2023-05-09 07:00:00,43894.0,44446.0,43480.0,43825.0,324200,KBS
2023-05-10 07:00:00,44101.0,44446.0,43963.0,44170.0,421200,KBS
2023-05-11 07:00:00,44308.0,45136.0,44170.0,44377.0,550900,KBS
2023-05-12 07:00:00,44170.0,44515.0,44101.0,44239.0,546100,KBS
2023-05-15 07:00:00,44308.0,44515.0,43963.0,43963.0,602000,KBS
2023-05-16 07:00:00,44101.0,44170.0,43411.0,43618.0,577800,KBS
2023-05-17 07:00:00,43618.0,43618.0,42789.0,42789.0,1040800,KBS
2023-05-18 07:00:00,42789.0,43135.0,42582.0,43135.0,362800,KBS
2023-05-19 07:00:00,42789.0,43411.0,42720.0,42997.0,305100,KBS
2023-05-22 07:00:00,42997.0,43687.0,42997.0,43480.0,337800,KBS
2023-05-23 07:00:00,43756.0,43756.0,43273.0,43273.0,416200,KBS
2023-05-24 07:00:00,43273.0,43480.0,43273.0,43342.0,308500,KBS
2023-05-25 07:00:00,43342.0,43411.0,42789.0,43342.0,434300,KBS
2023-05-26 07:00:00,43480.0,43825.0,43135.0,43480.0,388000,KBS
2023-05-29 07:00:00,43963.0,43963.0,43480.0,43618.0,417800,KBS
2023-05-30 07:00:00,43687.0,45067.0,43687.0,44791.0,1244200,KBS
2023-05-31 07:00:00,44791.0,44998.0,43963.0,43963.0,558900,KBS
2023-06-01 07:00:00,44170.0,44791.0,43963.0,44791.0,704500,KBS
2023-06-02 07:00:00,44860.0,45895.0,44515.0,45550.0,1380900,KBS
2023-06-05 07:00:00,46585.0,46585.0,45274.0,45274.0,1029600,KBS
2023-06-06 07:00:00,45834.0,46874.0,45594.0,45834.0,1129200,KBS
2023-06-07 07:00:00,46154.0,46314.0,45354.0,45994.0,754600,KBS
2023-06-08 07:00:00,45994.0,46314.0,45674.0,45754.0,1041400,KBS
2023-06-09 07:00:00,45914.0,46474.0,45274.0,46474.0,940500,KBS
2023-06-12 07:00:00,46634.0,49673.0,46554.0,49673.0,2635300,KBS
2023-06-13 07:00:00,50153.0,50473.0,49353.0,49513.0,1073500,KBS
2023-06-14 07:00:00,49753.0,49913.0,48794.0,49353.0,1234500,KBS
2023-06-15 07:00:00,49113.0,50553.0,49113.0,49993.0,1087900,KBS
2023-06-16 07:00:00,50393.0,51193.0,49433.0,49593.0,1288200,KBS
2023-06-19 07:00:00,49833.0,50793.0,49433.0,50233.0,886400,KBS
2023-06-20 07:00:00,49913.0,51433.0,49913.0,51353.0,860000,KBS
2023-06-21 07:00:00,51353.0,53753.0,51353.0,53353.0,1549300,KBS
2023-06-22 07:00:00,53273.0,53513.0,52793.0,53193.0,618200,KBS
2023-06-23 07:00:00,52793.0,54553.0,52793.0,54233.0,870100,KBS
2023-06-26 07:00:00,53993.0,55273.0,52793.0,55193.0,1266700,KBS
2023-06-27 07:00:00,55593.0,55913.0,54793.0,54873.0,733200,KBS
2023-06-28 07:00:00,54793.0,55193.0,54233.0,54393.0,659800,KBS
2023-06-29 07:00:00,54393.0,54473.0,53593.0,53593.0,1085100,KBS
2023-06-30 07:00:00,53673.0,57272.0,53673.0,57272.0,2851500,KBS
2023-07-03 07:00:00,57992.0,58712.0,56153.0,56952.0,634200,KBS
2023-07-04 07:00:00,57032.0,58712.0,56792.0,58232.0,812700,KBS
2023-07-05 07:00:00,59032.0,61592.0,58392.0,59992.0,934800,KBS
2023-07-06 07:00:00,59992.0,61032.0,59592.0,59592.0,1518700,KBS
2023-07-07 07:00:00,59352.0,61192.0,59352.0,60152.0,703700,KBS
2023-07-10 07:00:00,59912.0,61192.0,59672.0,60392.0,1164800,KBS
2023-07-11 07:00:00,60472.0,61592.0,60152.0,61432.0,1286000,KBS
2023-07-12 07:00:00,61992.0,61992.0,60392.0,60792.0,978400,KBS
2023-07-13 07:00:00,60952.0,62472.0,60792.0,61112.0,1011400,KBS
2023-07-14 07:00:00,60952.0,62072.0,60952.0,61752.0,1071000,KBS
2023-07-17 07:00:00,61912.0,65031.0,61832.0,63432.0,995300,KBS
2023-07-18 07:00:00,63272.0,63992.0,62152.0,62392.0,718300,KBS
2023-07-19 07:00:00,62392.0,63352.0,61512.0,61592.0,1011300,KBS
2023-07-20 07:00:00,61272.0,62712.0,61192.0,61192.0,1627900,KBS
2023-07-21 07:00:00,60872.0,62712.0,60632.0,61752.0,2519100,KBS
2023-07-24 07:00:00,61752.0,62312.0,60632.0,61592.0,2015000,KBS
2023-07-25 07:00:00,61592.0,63512.0,60792.0,61352.0,1147700,KBS
2023-07-26 07:00:00,61592.0,62072.0,60872.0,61192.0,890200,KBS
2023-07-27 07:00:00,61592.0,62632.0,61032.0,62392.0,1718000,KBS
2023-07-28 07:00:00,63032.0,63752.0,62632.0,62632.0,1091100,KBS
2023-07-31 07:00:00,60792.0,61592.0,59992.0,61112.0,3082800,KBS
2023-08-01 07:00:00,61192.0,62392.0,60552.0,60952.0,1091900,KBS
2023-08-02 07:00:00,60472.0,61592.0,60472.0,61112.0,932900,KBS
2023-08-03 07:00:00,60872.0,64551.0,60872.0,63192.0,2777400,KBS
2023-08-04 07:00:00,62872.0,64151.0,62872.0,63192.0,761000,KBS
2023-08-07 07:00:00,63272.0,65991.0,62952.0,64791.0,1634100,KBS
2023-08-08 07:00:00,65191.0,65191.0,63272.0,63272.0,1010900,KBS
2023-08-09 07:00:00,62952.0,63272.0,61992.0,61992.0,1211600,KBS
2023-08-10 07:00:00,62712.0,62792.0,59192.0,59192.0,2405400,KBS
2023-08-11 07:00:00,58392.0,59992.0,58392.0,59992.0,1419400,KBS
2023-08-14 07:00:00,59592.0,60392.0,59112.0,59352.0,994200,KBS
2023-08-15 07:00:00,59192.0,59992.0,59192.0,59432.0,546600,KBS
2023-08-16 07:00:00,59592.0,59672.0,58472.0,58552.0,810000,KBS
2023-08-17 07:00:00,58472.0,58472.0,57272.0,57272.0,1375600,KBS
2023-08-18 07:00:00,57032.0,57192.0,54393.0,54553.0,1519700,KBS
2023-08-21 07:00:00,54393.0,58312.0,54393.0,58152.0,1172600,KBS
2023-08-22 07:00:00,58072.0,59832.0,55993.0,59832.0,1676500,KBS
2023-08-23 07:00:00,59832.0,59832.0,58392.0,59192.0,629900,KBS
2023-08-24 07:00:00,59192.0,61912.0,58792.0,61592.0,1984400,KBS
2023-08-25 07:00:00,61192.0,62072.0,60872.0,61592.0,682100,KBS
2023-08-28 07:00:00,61672.0,65591.0,61672.0,64631.0,1910300,KBS
2023-08-29 07:00:00,64391.0,65191.0,63272.0,64791.0,1324900,KBS
2023-08-30 07:00:00,64791.0,67591.0,64631.0,66631.0,1781900,KBS
2023-08-31 07:00:00,66391.0,67031.0,65911.0,66791.0,942900,KBS
2023-09-05 07:00:00,66391.0,66951.0,65591.0,66071.0,1092100,KBS
2023-09-06 07:00:00,66391.0,68791.0,65991.0,67831.0,1148800,KBS
2023-09-07 07:00:00,67191.0,68071.0,67191.0,67351.0,559300,KBS
2023-09-08 07:00:00,67191.0,68791.0,66871.0,68791.0,876300,KBS
2023-09-11 07:00:00,68951.0,69591.0,67991.0,67991.0,944200,KBS
2023-09-12 07:00:00,67911.0,69191.0,67671.0,69191.0,736700,KBS
2023-09-13 07:00:00,69191.0,71191.0,66311.0,67511.0,1310800,KBS
2023-09-14 07:00:00,67511.0,68231.0,66951.0,67511.0,847500,KBS
2023-09-15 07:00:00,67991.0,69671.0,67671.0,68791.0,796400,KBS
2023-09-18 07:00:00,67991.0,69191.0,67991.0,69191.0,484400,KBS
2023-09-19 07:00:00,69191.0,69671.0,67271.0,69591.0,698400,KBS
2023-09-20 07:00:00,69831.0,73590.0,69591.0,71351.0,1004300,KBS
2023-09-21 07:00:00,71031.0,72150.0,70391.0,70791.0,569800,KBS
2023-09-22 07:00:00,68791.0,71591.0,67111.0,71191.0,1604600,KBS
2023-09-25 07:00:00,70391.0,71431.0,67271.0,69191.0,1095000,KBS
2023-09-26 07:00:00,66791.0,69191.0,66791.0,67111.0,641800,KBS
2023-09-27 07:00:00,67191.0,67991.0,64551.0,67991.0,898100,KBS
2023-09-28 07:00:00,67991.0,69191.0,67111.0,68151.0,490700,KBS
2023-09-29 07:00:00,68871.0,72390.0,68551.0,71191.0,1622000,KBS
2023-10-02 07:00:00,71191.0,72710.0,71031.0,71990.0,465000,KBS
2023-10-03 07:00:00,70391.0,72790.0,68871.0,71191.0,1039200,KBS
2023-10-04 07:00:00,69591.0,76150.0,69591.0,76150.0,1281500,KBS
2023-10-05 07:00:00,75990.0,76790.0,75350.0,75510.0,904900,KBS
2023-10-06 07:00:00,75990.0,79190.0,74550.0,77990.0,625400,KBS
2023-10-09 07:00:00,76470.0,77910.0,76230.0,76790.0,637500,KBS
2023-10-10 07:00:00,76790.0,77190.0,75190.0,76070.0,1076900,KBS
2023-10-11 07:00:00,76070.0,77590.0,76070.0,76790.0,321900,KBS
2023-10-12 07:00:00,77990.0,78710.0,75990.0,76790.0,560700,KBS
2023-10-13 07:00:00,76390.0,77910.0,75990.0,77910.0,525400,KBS
2023-10-16 07:00:00,77910.0,79429.0,76790.0,77590.0,701500,KBS
2023-10-17 07:00:00,77590.0,78790.0,75590.0,75590.0,614900,KBS
2023-10-18 07:00:00,76070.0,76790.0,71191.0,75990.0,1431300,KBS
2023-10-19 07:00:00,75190.0,75750.0,73590.0,75190.0,504500,KBS
2023-10-20 07:00:00,73590.0,75990.0,71191.0,75750.0,1062100,KBS
2023-10-23 07:00:00,75350.0,75350.0,72790.0,74310.0,389100,KBS
2023-10-24 07:00:00,74390.0,75270.0,73990.0,75110.0,348800,KBS
2023-10-25 07:00:00,75190.0,77590.0,74310.0,75990.0,420700,KBS
2023-10-26 07:00:00,74230.0,74310.0,71191.0,74310.0,882800,KBS
2023-10-27 07:00:00,72790.0,74390.0,71990.0,74230.0,332600,KBS
2023-10-30 07:00:00,73990.0,73990.0,69111.0,69111.0,443900,KBS
2023-10-31 07:00:00,67671.0,70311.0,67671.0,69591.0,962700,KBS
2023-11-01 07:00:00,69591.0,70391.0,67511.0,70391.0,616100,KBS
2023-11-02 07:00:00,72390.0,74390.0,70471.0,74230.0,302500,KBS
2023-11-03 07:00:00,73910.0,76950.0,72150.0,76790.0,516000,KBS
2023-11-06 07:00:00,76070.0,77590.0,75990.0,77590.0,494400,KBS
2023-11-07 07:00:00,77590.0,78390.0,76470.0,76790.0,447900,KBS
2023-11-08 07:00:00,76790.0,80789.0,76230.0,79989.0,907800,KBS
2023-11-09 07:00:00,80149.0,83829.0,79429.0,83589.0,672300,KBS
2023-11-10 07:00:00,82549.0,85509.0,82149.0,82629.0,333000,KBS
2023-11-13 07:00:00,82629.0,84389.0,81589.0,82629.0,295000,KBS
2023-11-14 07:00:00,83589.0,83669.0,82389.0,83189.0,164700,KBS
2023-11-15 07:00:00,83989.0,83989.0,82149.0,83909.0,375800,KBS
2023-11-16 07:00:00,83189.0,83509.0,80789.0,82789.0,515100,KBS
2023-11-17 07:00:00,81669.0,82789.0,79190.0,82309.0,722100,KBS
2023-11-20 07:00:00,79989.0,82309.0,79989.0,81189.0,180400,KBS
2023-11-21 07:00:00,81989.0,82309.0,80549.0,81589.0,188800,KBS
2023-11-22 07:00:00,81589.0,81829.0,80149.0,81349.0,185600,KBS
2023-11-23 07:00:00,81589.0,83589.0,79909.0,79909.0,318800,KBS
2023-11-24 07:00:00,79829.0,81589.0,77430.0,81589.0,731900,KBS
2023-11-27 07:00:00,82229.0,82229.0,79190.0,79190.0,100400,KBS
2023-11-28 07:00:00,78310.0,79190.0,76790.0,79030.0,361000,KBS
2023-11-29 07:00:00,78870.0,80709.0,78390.0,79829.0,221300,KBS
2023-11-30 07:00:00,80469.0,83829.0,79989.0,81909.0,586700,KBS
2023-12-01 07:00:00,82789.0,82869.0,80629.0,82389.0,163100,KBS
2023-12-04 07:00:00,82389.0,82789.0,81189.0,82389.0,461200,KBS
2023-12-05 07:00:00,83189.0,83189.0,81429.0,81429.0,414200,KBS
2023-12-06 07:00:00,81429.0,81429.0,79589.0,81429.0,553800,KBS
2023-12-07 07:00:00,81349.0,81509.0,78710.0,81509.0,397400,KBS
2023-12-08 07:00:00,81429.0,81429.0,79589.0,80869.0,261300,KBS
2023-12-11 07:00:00,79190.0,80789.0,79030.0,79269.0,295700,KBS
2023-12-12 07:00:00,79190.0,81189.0,79110.0,81189.0,390100,KBS
2023-12-13 07:00:00,81189.0,81189.0,79190.0,79989.0,287700,KBS
2023-12-14 07:00:00,79989.0,79989.0,78710.0,79989.0,297300,KBS
2023-12-15 07:00:00,79110.0,80629.0,78870.0,80629.0,222200,KBS
2023-12-18 07:00:00,79989.0,80469.0,79030.0,80469.0,111200,KBS
2023-12-19 07:00:00,79989.0,79989.0,78950.0,79749.0,233300,KBS
2023-12-20 07:00:00,79190.0,81349.0,79190.0,81189.0,412900,KBS
2023-12-21 07:00:00,81189.0,82789.0,80709.0,81509.0,704300,KBS
2023-12-22 07:00:00,81429.0,82229.0,81109.0,81989.0,382100,KBS
2023-12-25 07:00:00,82069.0,83429.0,81589.0,83109.0,533200,KBS
2023-12-26 07:00:00,83109.0,83349.0,82309.0,82709.0,207800,KBS
2023-12-27 07:00:00,82709.0,84229.0,82389.0,82469.0,545100,KBS
2023-12-28 07:00:00,82469.0,84149.0,81349.0,84149.0,462900,KBS
2023-12-29 07:00:00,84149.0,85589.0,82629.0,85589.0,415700,KBS
2024-01-02 07:00:00,85509.0,85509.0,83189.0,84229.0,235200,KBS
2024-01-03 07:00:00,83989.0,84229.0,82549.0,83989.0,452800,KBS
2024-01-04 07:00:00,84709.0,84709.0,82149.0,82789.0,775200,KBS
2024-01-05 07:00:00,82229.0,83189.0,81749.0,82389.0,320100,KBS
2024-01-08 07:00:00,82469.0,82629.0,80789.0,80869.0,488400,KBS
2024-01-09 07:00:00,81189.0,81829.0,80389.0,80389.0,438400,KBS
2024-01-10 07:00:00,80149.0,81429.0,77910.0,79110.0,1153100,KBS
2024-01-11 07:00:00,79190.0,79989.0,78390.0,78470.0,344900,KBS
2024-01-12 07:00:00,78470.0,79829.0,77910.0,78230.0,332400,KBS
2024-01-15 07:00:00,78150.0,79589.0,77510.0,77510.0,444700,KBS
2024-01-16 07:00:00,76550.0,78790.0,76550.0,78550.0,484700,KBS
2024-01-17 07:00:00,79349.0,79829.0,78710.0,79589.0,511000,KBS
2024-01-18 07:00:00,79589.0,79989.0,79190.0,79749.0,460200,KBS
2024-01-19 07:00:00,80309.0,80309.0,79030.0,79909.0,620300,KBS
2024-01-22 07:00:00,79909.0,81029.0,78230.0,80629.0,593100,KBS
2024-01-23 07:00:00,80629.0,80629.0,79669.0,80069.0,391600,KBS
2024-01-24 07:00:00,80069.0,80309.0,79269.0,79509.0,454300,KBS
2024-01-25 07:00:00,79190.0,85029.0,79190.0,85029.0,1645100,KBS
2024-01-26 07:00:00,84949.0,85429.0,83269.0,83989.0,726300,KBS
2024-01-29 07:00:00,83989.0,86788.0,82149.0,86788.0,1199400,KBS
2024-01-30 07:00:00,86788.0,91988.0,85189.0,90948.0,966600,KBS
2024-01-31 07:00:00,91028.0,92788.0,89988.0,91668.0,735700,KBS
2024-02-01 07:00:00,91668.0,94787.0,91668.0,94547.0,442400,KBS
2024-02-02 07:00:00,94787.0,95427.0,93668.0,95187.0,549300,KBS
2024-02-05 07:00:00,95187.0,95907.0,94387.0,95587.0,732500,KBS
2024-02-06 07:00:00,95587.0,99427.0,95187.0,98787.0,1159200,KBS
2024-02-07 07:00:00,99667.0,101507.0,98867.0,99987.0,296700,KBS
2024-02-15 07:00:00,99987.0,100307.0,97907.0,100307.0,421600,KBS
2024-02-16 07:00:00,100307.0,100307.0,98387.0,99587.0,422300,KBS
2024-02-19 07:00:00,97987.0,99107.0,97667.0,98787.0,465400,KBS
2024-02-20 07:00:00,97587.0,98627.0,97347.0,98067.0,540400,KBS
2024-02-21 07:00:00,97667.0,103186.0,97667.0,101427.0,462000,KBS
2024-02-22 07:00:00,101427.0,102386.0,99987.0,101187.0,234500,KBS
2024-02-23 07:00:00,99827.0,105426.0,99827.0,104706.0,624900,KBS
2024-02-26 07:00:00,104706.0,107986.0,102386.0,107586.0,338900,KBS
2024-02-27 07:00:00,107986.0,111105.0,104786.0,108706.0,585700,KBS
2024-02-28 07:00:00,108706.0,109186.0,105746.0,109026.0,777900,KBS
2024-02-29 07:00:00,107986.0,116545.0,107186.0,115985.0,750600,KBS
2024-03-01 07:00:00,115825.0,121264.0,111985.0,112785.0,834200,KBS
2024-03-04 07:00:00,113025.0,115825.0,110865.0,113425.0,739500,KBS
2024-03-05 07:00:00,113425.0,116065.0,113425.0,115985.0,232100,KBS
2024-03-06 07:00:00,115985.0,117184.0,114145.0,116065.0,462100,KBS
2024-03-07 07:00:00,115985.0,117984.0,115185.0,117584.0,612500,KBS
2024-03-08 07:00:00,116865.0,118784.0,115185.0,116785.0,625200,KBS
2024-03-11 07:00:00,117984.0,124943.0,117184.0,123584.0,1364000,KBS
2024-03-12 07:00:00,123264.0,129663.0,123264.0,126383.0,1210300,KBS
2024-03-13 07:00:00,127183.0,127183.0,124384.0,126383.0,668900,KBS
2024-03-14 07:00:00,126383.0,127743.0,119984.0,123184.0,1356300,KBS
2024-03-15 07:00:00,123104.0,124384.0,117584.0,117584.0,2428800,KBS
2024-03-18 07:00:00,118384.0,120304.0,111425.0,119904.0,1828000,KBS
2024-03-19 07:00:00,119984.0,120944.0,117184.0,119744.0,871600,KBS
2024-03-20 07:00:00,119104.0,120224.0,116785.0,119984.0,419500,KBS
2024-03-21 07:00:00,119984.0,120224.0,117744.0,119984.0,569200,KBS
2024-03-22 07:00:00,119824.0,119824.0,117984.0,119744.0,599000,KBS
2024-03-25 07:00:00,118064.0,119184.0,116945.0,118384.0,465400,KBS
2024-03-26 07:00:00,117184.0,118304.0,115345.0,118304.0,568800,KBS
2024-03-27 07:00:00,116785.0,117584.0,113265.0,117584.0,1187100,KBS
2024-03-28 07:00:00,117584.0,125503.0,117584.0,125503.0,1260500,KBS
2024-03-29 07:00:00,125503.0,125983.0,121664.0,124783.0,888900,KBS
2024-04-01 07:00:00,122064.0,123504.0,121744.0,122784.0,530900,KBS
2024-04-02 07:00:00,121424.0,123904.0,118624.0,122384.0,790300,KBS
2024-04-03 07:00:00,119984.0,120624.0,118704.0,118704.0,849100,KBS
2024-04-04 07:00:00,118704.0,119984.0,114945.0,119184.0,1018200,KBS
2024-04-05 07:00:00,118224.0,119984.0,116145.0,118384.0,398200,KBS
2024-04-08 07:00:00,116145.0,117904.0,113505.0,114305.0,805400,KBS
2024-04-09 07:00:00,114305.0,114545.0,110145.0,111985.0,1555200,KBS
2024-04-10 07:00:00,112145.0,114785.0,111185.0,111985.0,437100,KBS
2024-04-11 07:00:00,110385.0,116465.0,110225.0,116145.0,748500,KBS
2024-04-12 07:00:00,115905.0,116305.0,113985.0,115905.0,182800,KBS
2024-04-15 07:00:00,114065.0,114625.0,107986.0,111105.0,738900,KBS
2024-04-16 07:00:00,110385.0,112785.0,108226.0,112785.0,537600,KBS
2024-04-17 07:00:00,111985.0,113105.0,110385.0,112785.0,414000,KBS
2024-04-19 07:00:00,111985.0,112785.0,109585.0,112785.0,488100,KBS
2024-04-22 07:00:00,112785.0,116945.0,112225.0,115985.0,899500,KBS
2024-04-23 07:00:00,115985.0,117424.0,115105.0,115985.0,538900,KBS
2024-04-24 07:00:00,113985.0,123984.0,113985.0,120784.0,2011700,KBS
2024-04-25 07:00:00,121584.0,123744.0,120624.0,122384.0,497300,KBS
2024-04-26 07:00:00,122384.0,130943.0,121184.0,128783.0,2083100,KBS
2024-05-02 07:00:00,128783.0,131983.0,127983.0,131183.0,665800,KBS
2024-05-03 07:00:00,132382.0,132782.0,127983.0,131183.0,965600,KBS
2024-05-06 07:00:00,131503.0,131583.0,128463.0,129743.0,530500,KBS
2024-05-07 07:00:00,130383.0,131423.0,128863.0,131183.0,832900,KBS
2024-05-08 07:00:00,130543.0,131423.0,129343.0,129983.0,581600,KBS
2024-05-09 07:00:00,129903.0,135902.0,129583.0,133502.0,840100,KBS
2024-05-10 07:00:00,133742.0,134382.0,130543.0,131583.0,628100,KBS
2024-05-13 07:00:00,132222.0,132222.0,125183.0,128623.0,1250600,KBS
2024-05-14 07:00:00,128303.0,129823.0,126383.0,129823.0,439500,KBS
2024-05-15 07:00:00,130383.0,132782.0,128223.0,131103.0,460900,KBS
2024-05-16 07:00:00,131263.0,132462.0,129583.0,132462.0,823100,KBS
2024-05-17 07:00:00,132782.0,132782.0,131583.0,132542.0,600800,KBS
2024-05-20 07:00:00,135182.0,136702.0,131663.0,131663.0,996300,KBS
2024-05-21 07:00:00,131183.0,131663.0,129023.0,131183.0,828000,KBS
2024-05-22 07:00:00,131103.0,131583.0,128383.0,129583.0,833900,KBS
2024-05-23 07:00:00,129503.0,129823.0,127023.0,129823.0,786000,KBS
2024-05-24 07:00:00,128063.0,130383.0,124783.0,128783.0,1254300,KBS
2024-05-27 07:00:00,128783.0,128863.0,126463.0,128623.0,450500,KBS
2024-05-28 07:00:00,128783.0,131103.0,127583.0,129903.0,554800,KBS
2024-05-29 07:00:00,130623.0,132782.0,128783.0,131183.0,1091000,KBS
2024-05-30 07:00:00,130383.0,132142.0,128863.0,131983.0,744200,KBS
2024-05-31 07:00:00,131983.0,141181.0,131823.0,136382.0,2071700,KBS
2024-06-03 07:00:00,137582.0,138782.0,136382.0,136462.0,509900,KBS
2024-06-04 07:00:00,137582.0,137982.0,135182.0,136782.0,586200,KBS
2024-06-05 07:00:00,137582.0,138622.0,135022.0,135022.0,917200,KBS
2024-06-06 07:00:00,133982.0,135982.0,133262.0,135182.0,815700,KBS
2024-06-07 07:00:00,134382.0,138062.0,133582.0,135982.0,396700,KBS
2024-06-10 07:00:00,136862.0,139182.0,136222.0,137982.0,800700,KBS
2024-06-11 07:00:00,138462.0,138782.0,136062.0,137982.0,491500,KBS
2024-06-12 07:00:00,136862.0,141421.0,136782.0,140781.0,798200,KBS
2024-06-13 07:00:00,142141.0,142141.0,139582.0,141581.0,568900,KBS
2024-06-14 07:00:00,141101.0,141181.0,138942.0,139182.0,793700,KBS
2024-06-17 07:00:00,139502.0,139981.0,136382.0,139981.0,718800,KBS
2024-06-18 07:00:00,139102.0,139182.0,137582.0,138302.0,539100,KBS
2024-06-19 07:00:00,136942.0,139582.0,136942.0,139182.0,438700,KBS
2024-06-20 07:00:00,137582.0,140141.0,137582.0,140061.0,381500,KBS
2024-06-21 07:00:00,140381.0,146221.0,139901.0,143181.0,1160400,KBS
2024-06-24 07:00:00,142381.0,143981.0,139981.0,140781.0,482700,KBS
2024-06-25 07:00:00,140861.0,140861.0,137582.0,140781.0,523700,KBS
2024-06-26 07:00:00,141101.0,143981.0,138782.0,143981.0,450500,KBS
2024-06-27 07:00:00,143181.0,144781.0,141581.0,143981.0,384500,KBS
2024-06-28 07:00:00,142461.0,143741.0,140781.0,141581.0,529800,KBS
2024-07-01 07:00:00,140141.0,142221.0,137582.0,141741.0,611300,KBS
2024-07-02 07:00:00,141741.0,143181.0,141501.0,142381.0,313400,KBS
2024-07-03 07:00:00,142381.0,147180.0,142381.0,143181.0,629200,KBS
2024-07-04 07:00:00,143181.0,143901.0,141661.0,143341.0,390300,KBS
2024-07-05 07:00:00,143341.0,145581.0,142221.0,143981.0,542400,KBS
2024-07-08 07:00:00,143181.0,146381.0,142461.0,146381.0,543300,KBS
2024-07-09 07:00:00,146381.0,146381.0,143261.0,145501.0,650500,KBS
2024-07-10 07:00:00,145421.0,145421.0,142781.0,143581.0,561600,KBS
2024-07-11 07:00:00,141821.0,143501.0,141581.0,143181.0,466100,KBS
2024-07-12 07:00:00,141981.0,142381.0,140141.0,140381.0,612100,KBS
2024-07-15 07:00:00,140381.0,140381.0,137582.0,138382.0,674600,KBS
2024-07-16 07:00:00,138382.0,140381.0,137582.0,140381.0,338400,KBS
2024-07-17 07:00:00,139422.0,140381.0,136142.0,139022.0,399900,KBS
2024-07-18 07:00:00,138942.0,139182.0,136542.0,139182.0,469300,KBS
2024-07-19 07:00:00,139182.0,141581.0,138302.0,140781.0,307400,KBS
2024-07-22 07:00:00,140621.0,140701.0,136622.0,140701.0,517900,KBS
2024-07-23 07:00:00,140781.0,140941.0,137182.0,139262.0,392600,KBS
2024-07-24 07:00:00,139182.0,139182.0,131423.0,139182.0,772000,KBS
2024-07-25 07:00:00,132942.0,138062.0,132942.0,137582.0,279800,KBS
2024-07-26 07:00:00,137022.0,137502.0,135182.0,135262.0,231000,KBS
2024-07-29 07:00:00,135982.0,136382.0,133662.0,135902.0,315000,KBS
2024-07-30 07:00:00,135182.0,135422.0,133662.0,135422.0,309700,KBS
2024-07-31 07:00:00,135262.0,138382.0,135262.0,138222.0,397800,KBS
2024-08-01 07:00:00,138062.0,138222.0,133982.0,135982.0,501700,KBS
2024-08-02 07:00:00,132542.0,135902.0,131183.0,135902.0,471800,KBS
2024-08-05 07:00:00,132142.0,133102.0,129983.0,129983.0,722400,KBS
2024-08-06 07:00:00,130383.0,134382.0,128383.0,133502.0,880200,KBS
2024-08-07 07:00:00,133422.0,134862.0,131103.0,134862.0,260200,KBS
2024-08-08 07:00:00,132782.0,135582.0,132782.0,135582.0,327200,KBS
2024-08-09 07:00:00,135182.0,138382.0,134462.0,138302.0,627500,KBS
2024-08-12 07:00:00,138302.0,139821.0,137182.0,139022.0,445200,KBS
2024-08-13 07:00:00,138862.0,140701.0,137742.0,139981.0,652000,KBS
2024-08-14 07:00:00,139981.0,140781.0,137662.0,138382.0,625600,KBS
2024-08-15 07:00:00,138382.0,138382.0,136542.0,137822.0,356500,KBS
2024-08-16 07:00:00,138062.0,142381.0,137022.0,139422.0,664700,KBS
2024-08-19 07:00:00,140061.0,140301.0,138382.0,139182.0,387500,KBS
2024-08-20 07:00:00,139182.0,140781.0,138702.0,140781.0,489500,KBS
2024-08-21 07:00:00,142381.0,150620.0,142381.0,150380.0,2167800,KBS
2024-08-22 07:00:00,150620.0,151260.0,148540.0,150380.0,528000,KBS
2024-08-23 07:00:00,150380.0,150380.0,146861.0,148620.0,693900,KBS
2024-08-26 07:00:00,148860.0,148860.0,144461.0,146301.0,659500,KBS
2024-08-27 07:00:00,145581.0,145581.0,140781.0,143341.0,1168100,KBS
2024-08-28 07:00:00,142381.0,143341.0,140941.0,143341.0,377200,KBS
2024-08-29 07:00:00,141021.0,143981.0,141021.0,143981.0,383500,KBS
2024-08-30 07:00:00,143181.0,145341.0,142461.0,145341.0,501800,KBS
2024-09-04 07:00:00,143181.0,146381.0,142781.0,145981.0,379900,KBS
2024-09-05 07:00:00,145981.0,146061.0,143741.0,145981.0,428200,KBS
2024-09-06 07:00:00,144301.0,145901.0,143981.0,145901.0,383500,KBS
2024-09-09 07:00:00,144061.0,145581.0,144061.0,145581.0,293100,KBS
2024-09-10 07:00:00,145501.0,145741.0,144221.0,144781.0,323500,KBS
2024-09-11 07:00:00,143901.0,144381.0,143181.0,144381.0,357400,KBS
2024-09-12 07:00:00,144541.0,144781.0,142461.0,143101.0,515200,KBS
2024-09-13 07:00:00,142861.0,143181.0,141501.0,143181.0,323000,KBS
2024-09-16 07:00:00,143501.0,143501.0,141581.0,141581.0,257100,KBS
2024-09-17 07:00:00,142781.0,142781.0,141021.0,141741.0,240400,KBS
2024-09-18 07:00:00,141821.0,144221.0,141741.0,143821.0,442400,KBS
2024-09-19 07:00:00,143821.0,144381.0,142781.0,144381.0,306200,KBS
2024-09-20 07:00:00,145101.0,145181.0,143101.0,143101.0,698800,KBS
2024-09-23 07:00:00,143101.0,143101.0,141421.0,143101.0,250100,KBS
2024-09-24 07:00:00,143101.0,143181.0,142141.0,143101.0,253100,KBS
2024-09-25 07:00:00,143101.0,143261.0,141821.0,142861.0,431400,KBS
2024-09-26 07:00:00,142381.0,143181.0,142221.0,143181.0,361900,KBS
2024-09-27 07:00:00,143101.0,143101.0,141821.0,142381.0,448800,KBS
2024-09-30 07:00:00,141661.0,142381.0,140781.0,142381.0,651500,KBS
2024-10-01 07:00:00,141581.0,142381.0,141581.0,141661.0,347100,KBS
2024-10-02 07:00:00,140781.0,142141.0,140701.0,141581.0,357400,KBS
2024-10-03 07:00:00,141181.0,141501.0,140301.0,140781.0,434200,KBS
2024-10-04 07:00:00,140141.0,141661.0,140061.0,141581.0,293700,KBS
2024-10-07 07:00:00,141261.0,141581.0,140461.0,141501.0,341700,KBS
2024-10-08 07:00:00,141181.0,141741.0,140381.0,141581.0,304100,KBS
2024-10-09 07:00:00,141581.0,141661.0,139821.0,141661.0,520600,KBS
2024-10-10 07:00:00,141581.0,144781.0,140461.0,143581.0,755100,KBS
2024-10-11 07:00:00,143981.0,146781.0,143661.0,143981.0,475900,KBS
2024-10-14 07:00:00,143981.0,144061.0,142701.0,143901.0,269100,KBS
2024-10-15 07:00:00,143901.0,143901.0,142701.0,143181.0,228800,KBS
2024-10-16 07:00:00,142381.0,142861.0,141741.0,142381.0,298700,KBS
2024-10-17 07:00:00,141901.0,142381.0,141101.0,142381.0,265500,KBS
2024-10-18 07:00:00,143421.0,143421.0,141341.0,141821.0,292800,KBS
2024-10-21 07:00:00,140941.0,141501.0,140461.0,140701.0,261200,KBS
2024-10-22 07:00:00,140381.0,140621.0,136542.0,139182.0,846600,KBS
2024-10-23 07:00:00,137182.0,138062.0,137182.0,137582.0,363200,KBS
2024-10-24 07:00:00,137422.0,137502.0,135822.0,136622.0,347100,KBS
2024-10-25 07:00:00,135182.0,135902.0,134782.0,134782.0,267400,KBS
2024-10-28 07:00:00,135022.0,135182.0,133342.0,135182.0,399000,KBS
2024-10-29 07:00:00,135182.0,137662.0,135182.0,137502.0,330600,KBS
2024-10-30 07:00:00,138142.0,138142.0,136062.0,136942.0,164300,KBS
2024-10-31 07:00:00,137742.0,139182.0,136702.0,139022.0,321400,KBS
2024-11-01 07:00:00,137662.0,138382.0,135902.0,135902.0,300700,KBS
2024-11-04 07:00:00,135902.0,137022.0,134142.0,136702.0,328500,KBS
2024-11-05 07:00:00,135182.0,136702.0,134462.0,136702.0,279500,KBS
2024-11-06 07:00:00,139022.0,139022.0,135502.0,137982.0,191700,KBS
2024-11-07 07:00:00,137902.0,137902.0,135822.0,135982.0,398600,KBS
2024-11-08 07:00:00,135982.0,137102.0,135742.0,135982.0,134900,KBS
2024-11-11 07:00:00,135982.0,136062.0,135022.0,135182.0,208900,KBS
2024-11-12 07:00:00,134862.0,135182.0,133582.0,135182.0,380000,KBS
2024-11-13 07:00:00,134862.0,134942.0,133662.0,133662.0,301400,KBS
2024-11-14 07:00:00,133662.0,134062.0,132142.0,132782.0,428300,KBS
2024-11-15 07:00:00,131583.0,132782.0,130223.0,132782.0,476100,KBS
2024-11-18 07:00:00,132622.0,132782.0,130383.0,132782.0,204700,KBS
2024-11-19 07:00:00,131263.0,132702.0,130383.0,130383.0,292900,KBS
2024-11-20 07:00:00,128943.0,131983.0,127583.0,131983.0,375400,KBS
2024-11-21 07:00:00,131983.0,137582.0,131183.0,135902.0,926100,KBS
2024-11-22 07:00:00,136702.0,139022.0,135822.0,138542.0,1204100,KBS
2024-11-25 07:00:00,138862.0,141421.0,138382.0,138782.0,816000,KBS
2024-11-26 07:00:00,138702.0,139182.0,136782.0,138462.0,357500,KBS
2024-11-27 07:00:00,137982.0,139582.0,137982.0,138862.0,743400,KBS
2024-11-28 07:00:00,138462.0,141501.0,137982.0,141501.0,981100,KBS
2024-11-29 07:00:00,142381.0,144301.0,141181.0,142781.0,777900,KBS
2024-12-02 07:00:00,142861.0,144781.0,141261.0,143821.0,418900,KBS
2024-12-03 07:00:00,143981.0,145181.0,142381.0,143661.0,393400,KBS
2024-12-04 07:00:00,143741.0,145981.0,142781.0,143181.0,424600,KBS
2024-12-05 07:00:00,143021.0,145581.0,142381.0,144781.0,755700,KBS
2024-12-06 07:00:00,145981.0,146381.0,143661.0,145181.0,589600,KBS
2024-12-09 07:00:00,145181.0,145501.0,143421.0,145501.0,325500,KBS
2024-12-10 07:00:00,145021.0,145501.0,143581.0,145501.0,302100,KBS
2024-12-11 07:00:00,144781.0,145501.0,143741.0,145181.0,378800,KBS
2024-12-12 07:00:00,145261.0,151100.0,145261.0,145981.0,1168400,KBS
2024-12-13 07:00:00,144781.0,145741.0,144061.0,145501.0,219200,KBS
2024-12-16 07:00:00,145581.0,148780.0,144941.0,148780.0,649500,KBS
2024-12-17 07:00:00,149580.0,150780.0,146381.0,148460.0,414900,KBS
2024-12-18 07:00:00,147580.0,148700.0,146541.0,148700.0,367100,KBS
2024-12-19 07:00:00,146781.0,147580.0,144781.0,147340.0,753900,KBS
2024-12-20 07:00:00,146381.0,147180.0,145581.0,147180.0,373800,KBS
2024-12-23 07:00:00,147180.0,147180.0,145421.0,146941.0,442200,KBS
2024-12-24 07:00:00,146941.0,146941.0,145581.0,146061.0,294800,KBS
2024-12-25 07:00:00,146061.0,146781.0,145901.0,146781.0,271500,KBS
2024-12-26 07:00:00,146541.0,147021.0,146061.0,147021.0,228700,KBS
2024-12-27 07:00:00,146701.0,147021.0,145341.0,147021.0,523900,KBS
2024-12-30 07:00:00,147021.0,147980.0,145421.0,147980.0,491000,KBS
2024-12-31 07:00:00,147180.0,148780.0,146461.0,148460.0,643900,KBS
2025-01-02 07:00:00,148460.0,149900.0,147660.0,149420.0,481600,KBS
2025-01-03 07:00:00,149980.0,155979.0,148780.0,149980.0,1170300,KBS
2025-01-06 07:00:00,151820.0,155019.0,148780.0,148780.0,631100,KBS
2025-01-07 07:00:00,148780.0,148780.0,147260.0,148380.0,723800,KBS
2025-01-08 07:00:00,148220.0,149580.0,145981.0,147180.0,392800,KBS
2025-01-09 07:00:00,145981.0,148060.0,145981.0,147580.0,348700,KBS
2025-01-10 07:00:00,147180.0,148540.0,146061.0,146781.0,324500,KBS
2025-01-13 07:00:00,146701.0,147980.0,145741.0,147980.0,241700,KBS
2025-01-14 07:00:00,147180.0,149980.0,137662.0,147980.0,438300,KBS
2025-01-15 07:00:00,147980.0,148060.0,146221.0,147980.0,579800,KBS
2025-01-16 07:00:00,146541.0,148460.0,146221.0,147420.0,341900,KBS
2025-01-17 07:00:00,147660.0,149580.0,146781.0,149580.0,431400,KBS
2025-01-20 07:00:00,148940.0,150780.0,148700.0,150380.0,418100,KBS
2025-01-21 07:00:00,151580.0,153980.0,150300.0,153980.0,705400,KBS
2025-01-22 07:00:00,155179.0,161339.0,154460.0,160779.0,945800,KBS
2025-01-23 07:00:00,162378.0,162618.0,157819.0,158779.0,862800,KBS
2025-01-24 07:00:00,159979.0,167498.0,159979.0,164778.0,883400,KBS
2025-02-03 07:00:00,163178.0,164778.0,161579.0,163978.0,276600,KBS
2025-02-04 07:00:00,163738.0,163738.0,160859.0,161099.0,389100,KBS
2025-02-05 07:00:00,161659.0,162378.0,155259.0,158219.0,1006500,KBS
2025-02-06 07:00:00,156939.0,157579.0,150380.0,150380.0,807500,KBS
2025-02-07 07:00:00,151420.0,151980.0,150140.0,150700.0,1027200,KBS
2025-02-10 07:00:00,149980.0,151980.0,148940.0,150860.0,768100,KBS
2025-02-11 07:00:00,150380.0,154859.0,150380.0,154300.0,673900,KBS
2025-02-12 07:00:00,154300.0,154859.0,152300.0,153420.0,275500,KBS
2025-02-13 07:00:00,152220.0,154380.0,151020.0,151980.0,453600,KBS
2025-02-14 07:00:00,152780.0,153980.0,151740.0,152380.0,274800,KBS
2025-02-17 07:00:00,152380.0,152780.0,150780.0,151340.0,428400,KBS
2025-02-18 07:00:00,151180.0,153580.0,150380.0,152380.0,387100,KBS
2025-02-19 07:00:00,153180.0,153420.0,150780.0,152780.0,350600,KBS
2025-02-20 07:00:00,152780.0,152780.0,150620.0,150780.0,257600,KBS
2025-02-21 07:00:00,150780.0,150780.0,146941.0,147180.0,708300,KBS
2025-02-24 07:00:00,147180.0,147180.0,139981.0,143021.0,1066900,KBS
2025-02-25 07:00:00,142941.0,142941.0,139981.0,140221.0,710000,KBS
2025-02-26 07:00:00,141821.0,144701.0,140781.0,144381.0,452000,KBS
2025-02-27 07:00:00,144941.0,147900.0,144061.0,147580.0,633900,KBS
2025-02-28 07:00:00,147500.0,147580.0,145341.0,146381.0,425900,KBS
2025-03-03 07:00:00,146701.0,146701.0,144141.0,145181.0,403700,KBS
2025-03-04 07:00:00,145181.0,146381.0,143581.0,143581.0,381100,KBS
2025-03-05 07:00:00,144861.0,146941.0,143981.0,145181.0,429200,KBS
2025-03-06 07:00:00,146381.0,146781.0,145181.0,145581.0,423400,KBS
2025-03-07 07:00:00,145741.0,146781.0,145181.0,145981.0,197400,KBS
2025-03-10 07:00:00,145981.0,145981.0,141581.0,141981.0,759700,KBS
2025-03-11 07:00:00,141181.0,143021.0,140781.0,143021.0,412200,KBS
2025-03-12 07:00:00,143021.0,143021.0,141581.0,141661.0,285600,KBS
2025-03-13 07:00:00,141661.0,145181.0,141661.0,143981.0,522200,KBS
2025-03-14 07:00:00,144621.0,145181.0,142621.0,144061.0,397600,KBS
2025-03-17 07:00:00,144141.0,146381.0,144061.0,146221.0,401700,KBS
2025-03-18 07:00:00,146941.0,148380.0,143581.0,143981.0,528800,KBS
2025-03-19 07:00:00,143421.0,144781.0,141581.0,143981.0,331000,KBS
2025-03-20 07:00:00,143741.0,143741.0,138862.0,140781.0,760100,KBS
2025-03-21 07:00:00,140861.0,141581.0,139741.0,140781.0,168900,KBS
2025-03-24 07:00:00,140221.0,140781.0,137422.0,137582.0,391300,KBS
2025-03-25 07:00:00,137502.0,137982.0,133982.0,135982.0,645800,KBS
2025-03-26 07:00:00,136782.0,136782.0,135182.0,135822.0,175600,KBS
2025-03-27 07:00:00,135182.0,136782.0,135102.0,136782.0,200400,KBS
2025-03-28 07:00:00,137022.0,137022.0,134382.0,135182.0,239500,KBS
2025-03-31 07:00:00,133662.0,133662.0,129103.0,131983.0,957600,KBS
2025-04-01 07:00:00,130063.0,130303.0,123184.0,123184.0,836000,KBS
2025-04-02 07:00:00,125583.0,125583.0,118064.0,120784.0,1040500,KBS
2025-04-03 07:00:00,115985.0,119184.0,112385.0,112385.0,794800,KBS
2025-04-04 07:00:00,104786.0,112305.0,104786.0,111985.0,963900,KBS
2025-04-08 07:00:00,107986.0,108786.0,104146.0,104146.0,821700,KBS
2025-04-09 07:00:00,96867.0,104786.0,96867.0,99267.0,1144300,KBS
2025-04-10 07:00:00,106146.0,106146.0,106146.0,106146.0,54500,KBS
2025-04-11 07:00:00,113505.0,113505.0,110305.0,113505.0,726700,KBS
2025-04-14 07:00:00,119904.0,121184.0,115985.0,120784.0,817500,KBS
2025-04-15 07:00:00,119984.0,120784.0,118304.0,118784.0,412300,KBS
2025-04-16 07:00:00,118784.0,120704.0,113345.0,115985.0,442500,KBS
2025-04-17 07:00:00,114385.0,116705.0,112785.0,114385.0,131800,KBS
2025-04-18 07:00:00,115185.0,121584.0,115185.0,117184.0,362400,KBS
2025-04-21 07:00:00,117184.0,121424.0,114465.0,120784.0,421900,KBS
2025-04-22 07:00:00,121504.0,127823.0,113985.0,127823.0,1323500,KBS
2025-04-23 07:00:00,131583.0,134382.0,128863.0,134382.0,719800,KBS
2025-04-24 07:00:00,133502.0,137182.0,132142.0,134462.0,447400,KBS
2025-04-25 07:00:00,135982.0,135982.0,130383.0,130383.0,352800,KBS
2025-04-28 07:00:00,131663.0,133502.0,128383.0,132702.0,725500,KBS
2025-04-29 07:00:00,132942.0,135022.0,131023.0,134222.0,473700,KBS
2025-05-05 07:00:00,134862.0,139102.0,133582.0,137982.0,626200,KBS
2025-05-06 07:00:00,138702.0,138702.0,137262.0,137422.0,247700,KBS
2025-05-07 07:00:00,137102.0,138542.0,135982.0,138542.0,497200,KBS
2025-05-08 07:00:00,138542.0,138542.0,136382.0,136382.0,333500,KBS
2025-05-09 07:00:00,137022.0,137582.0,135902.0,136382.0,332600,KBS
2025-05-12 07:00:00,136462.0,138062.0,135582.0,138062.0,306400,KBS
2025-05-13 07:00:00,138062.0,143661.0,138062.0,139981.0,396900,KBS
2025-05-14 07:00:00,139981.0,141501.0,139182.0,139981.0,484700,KBS
2025-05-15 07:00:00,140781.0,141501.0,137582.0,139981.0,276200,KBS
2025-05-16 07:00:00,140141.0,140141.0,137422.0,137422.0,206800,KBS
2025-05-19 07:00:00,135982.0,137182.0,134382.0,134382.0,323500,KBS
2025-05-20 07:00:00,134862.0,136542.0,134782.0,136302.0,175600,KBS
2025-05-21 07:00:00,136542.0,136542.0,133582.0,133742.0,347600,KBS
2025-05-22 07:00:00,133582.0,134142.0,131023.0,131663.0,427800,KBS
2025-05-23 07:00:00,130783.0,133102.0,130463.0,130623.0,140200,KBS
2025-05-26 07:00:00,130383.0,131183.0,128303.0,129743.0,366500,KBS
2025-05-27 07:00:00,130223.0,135502.0,130223.0,134462.0,428500,KBS
2025-05-28 07:00:00,135982.0,135982.0,132382.0,133982.0,235600,KBS
2025-05-29 07:00:00,133502.0,133982.0,131183.0,133982.0,412900,KBS
2025-05-30 07:00:00,134462.0,134462.0,131983.0,134382.0,306000,KBS
2025-06-02 07:00:00,131183.0,134382.0,131183.0,131903.0,219000,KBS
2025-06-03 07:00:00,131263.0,135902.0,131263.0,135582.0,535900,KBS
2025-06-04 07:00:00,136062.0,136782.0,134382.0,134382.0,161900,KBS
2025-06-05 07:00:00,135182.0,135182.0,132782.0,134382.0,226100,KBS
2025-06-06 07:00:00,134382.0,134382.0,131983.0,131983.0,186200,KBS
2025-06-09 07:00:00,131983.0,137502.0,131983.0,136302.0,907000,KBS
2025-06-10 07:00:00,136702.0,144701.0,136702.0,143901.0,1068200,KBS
2025-06-11 07:00:00,143981.0,143981.0,141101.0,142381.0,242100,KBS
2025-06-12 07:00:00,143101.0,143101.0,139981.0,140781.0,349900,KBS
2025-06-13 07:00:00,140701.0,141101.0,131983.0,136862.0,570800,KBS
2025-06-16 07:00:00,137182.0,139102.0,135982.0,139102.0,224000,KBS
2025-06-17 07:00:00,139981.0,141901.0,137582.0,141901.0,267900,KBS
2025-06-18 07:00:00,141901.0,141901.0,138462.0,139102.0,473400,KBS
2025-06-19 07:00:00,139342.0,139342.0,137182.0,139182.0,375000,KBS
2025-06-20 07:00:00,137982.0,139821.0,137582.0,137742.0,226300,KBS
2025-06-23 07:00:00,136702.0,137742.0,134862.0,137742.0,265200,KBS
2025-06-24 07:00:00,137742.0,138382.0,136062.0,137582.0,357500,KBS
2025-06-25 07:00:00,136382.0,138222.0,136382.0,137982.0,256700,KBS
2025-06-26 07:00:00,137342.0,141501.0,136942.0,139582.0,655100,KBS
2025-06-27 07:00:00,139582.0,141341.0,138062.0,140381.0,381900,KBS
2025-06-30 07:00:00,141421.0,143821.0,140061.0,143341.0,667700,KBS
2025-07-01 07:00:00,143421.0,147660.0,143021.0,143661.0,1059200,KBS
2025-07-02 07:00:00,143661.0,144781.0,142461.0,144781.0,240800,KBS
2025-07-03 07:00:00,145981.0,149500.0,144061.0,148780.0,800800,KBS
2025-07-04 07:00:00,148860.0,151980.0,148140.0,150700.0,511500,KBS
2025-07-07 07:00:00,150780.0,151820.0,148540.0,149100.0,266700,KBS
2025-07-08 07:00:00,148940.0,150620.0,148860.0,149020.0,395800,KBS
2025-07-09 07:00:00,149260.0,149660.0,146221.0,149420.0,760100,KBS
2025-07-10 07:00:00,149420.0,149420.0,146861.0,146861.0,412300,KBS
2025-07-11 07:00:00,146941.0,148780.0,146461.0,146461.0,327000,KBS
2025-07-14 07:00:00,146941.0,152380.0,146621.0,152380.0,696300,KBS
2025-07-15 07:00:00,152460.0,152940.0,150140.0,151100.0,533900,KBS
2025-07-16 07:00:00,154000.0,155500.0,150300.0,152000.0,832200,KBS
2025-07-17 07:00:00,154000.0,155000.0,151700.0,152400.0,530300,KBS
2025-07-18 07:00:00,152200.0,154900.0,151900.0,152300.0,434100,KBS
2025-07-21 07:00:00,152000.0,153000.0,151900.0,152000.0,432100,KBS
2025-07-22 07:00:00,151600.0,152100.0,150900.0,151000.0,324200,KBS
2025-07-23 07:00:00,151000.0,158300.0,151000.0,157500.0,944000,KBS
2025-07-24 07:00:00,157700.0,157700.0,156000.0,156600.0,360500,KBS
2025-07-25 07:00:00,156600.0,159000.0,155600.0,158000.0,463500,KBS
2025-07-28 07:00:00,158000.0,158000.0,155900.0,156600.0,317900,KBS
2025-07-29 07:00:00,155800.0,156900.0,151000.0,152900.0,782200,KBS
2025-07-30 07:00:00,152000.0,154700.0,150300.0,154700.0,843900,KBS
2025-07-31 07:00:00,154600.0,154700.0,150800.0,154700.0,694300,KBS
2025-08-01 07:00:00,153000.0,154500.0,151800.0,154500.0,722400,KBS
2025-08-04 07:00:00,153900.0,154200.0,151800.0,154200.0,415400,KBS
2025-08-05 07:00:00,152100.0,153400.0,151000.0,151000.0,1142100,KBS
2025-08-06 07:00:00,151000.0,154000.0,150600.0,154000.0,564300,KBS
2025-08-07 07:00:00,152800.0,153500.0,152000.0,152000.0,271300,KBS
2025-08-08 07:00:00,152000.0,153000.0,151100.0,151500.0,559700,KBS
2025-08-11 07:00:00,151300.0,152500.0,150500.0,151000.0,846000,KBS
2025-08-12 07:00:00,151000.0,151000.0,149000.0,150000.0,920300,KBS
2025-08-13 07:00:00,151000.0,151000.0,147500.0,148200.0,670900,KBS
2025-08-14 07:00:00,147800.0,148000.0,143100.0,143100.0,1097300,KBS
2025-08-15 07:00:00,143300.0,145000.0,138000.0,142500.0,1028800,KBS
2025-08-18 07:00:00,142100.0,142100.0,138200.0,138300.0,360400,KBS
2025-08-19 07:00:00,138300.0,141800.0,138000.0,138100.0,573900,KBS
2025-08-20 07:00:00,138700.0,138700.0,133200.0,133200.0,563500,KBS
2025-08-21 07:00:00,131000.0,134400.0,128400.0,128500.0,902900,KBS
2025-08-22 07:00:00,130000.0,132900.0,129000.0,130600.0,569300,KBS
2025-08-25 07:00:00,132100.0,132800.0,128700.0,128900.0,372900,KBS
2025-08-26 07:00:00,127000.0,132400.0,125600.0,132400.0,522900,KBS
2025-08-27 07:00:00,132400.0,134500.0,130100.0,131000.0,511500,KBS
2025-08-28 07:00:00,132400.0,133500.0,130600.0,132100.0,332400,KBS
2025-08-29 07:00:00,131000.0,131700.0,130000.0,130600.0,737000,KBS
2025-09-03 07:00:00,130500.0,130500.0,128000.0,128100.0,640500,KBS
2025-09-04 07:00:00,128100.0,131000.0,128000.0,129800.0,552500,KBS
2025-09-05 07:00:00,130100.0,133300.0,130100.0,131800.0,946000,KBS
2025-09-08 07:00:00,132600.0,132600.0,128500.0,130000.0,470400,KBS
2025-09-09 07:00:00,130000.0,130000.0,127600.0,128200.0,398900,KBS
2025-09-10 07:00:00,128000.0,129000.0,126900.0,128500.0,570200,KBS
2025-09-11 07:00:00,127300.0,128900.0,123000.0,128900.0,392100,KBS
2025-09-12 07:00:00,127700.0,131000.0,127700.0,131000.0,370900,KBS
2025-09-15 07:00:00,132000.0,133800.0,131500.0,133200.0,655900,KBS
2025-09-16 07:00:00,133300.0,139500.0,133200.0,136000.0,1215300,KBS
2025-09-17 07:00:00,138000.0,138300.0,133400.0,133500.0,632100,KBS
2025-09-18 07:00:00,134600.0,134600.0,132000.0,132500.0,485600,KBS
2025-09-19 07:00:00,132800.0,132800.0,128900.0,131000.0,718400,KBS
2025-09-22 07:00:00,132000.0,132000.0,128600.0,130900.0,478400,KBS
2025-09-23 07:00:00,130500.0,131300.0,129000.0,129000.0,369700,KBS
2025-09-24 07:00:00,128500.0,131800.0,127000.0,131800.0,451900,KBS
2025-09-25 07:00:00,131500.0,131500.0,129000.0,131200.0,450400,KBS
2025-09-26 07:00:00,130100.0,130300.0,129300.0,130000.0,265400,KBS
2025-09-29 07:00:00,129900.0,129900.0,128000.0,128900.0,407700,KBS
2025-09-30 07:00:00,128000.0,129200.0,125400.0,128000.0,732000,KBS
2025-10-01 07:00:00,128300.0,128400.0,126300.0,126300.0,201400,KBS
2025-10-02 07:00:00,125600.0,127400.0,124000.0,124000.0,335200,KBS
2025-10-03 07:00:00,123500.0,125500.0,122100.0,123000.0,194400,KBS
2025-10-06 07:00:00,125000.0,126300.0,123000.0,125200.0,318600,KBS
2025-10-07 07:00:00,127700.0,132000.0,126500.0,130500.0,862200,KBS
2025-10-08 07:00:00,132800.0,133900.0,129900.0,133600.0,567600,KBS
2025-10-09 07:00:00,134000.0,137800.0,133700.0,137300.0,934400,KBS
2025-10-10 07:00:00,138600.0,145200.0,137700.0,143600.0,1813000,KBS
2025-10-13 07:00:00,142500.0,143000.0,140300.0,142200.0,520400,KBS
2025-10-14 07:00:00,142200.0,142200.0,137200.0,142200.0,1094100,KBS
2025-10-15 07:00:00,141900.0,143500.0,139300.0,142000.0,585800,KBS
2025-10-16 07:00:00,142300.0,143000.0,139400.0,139500.0,244100,KBS
2025-10-17 07:00:00,139400.0,140000.0,136500.0,138900.0,640000,KBS
2025-10-20 07:00:00,136000.0,138900.0,129200.0,129200.0,450700,KBS
2025-10-21 07:00:00,129300.0,138200.0,129300.0,138200.0,1254700,KBS
2025-10-22 07:00:00,142100.0,144400.0,140000.0,144400.0,944400,KBS
2025-10-23 07:00:00,145300.0,147700.0,142500.0,142500.0,436400,KBS
2025-10-24 07:00:00,143600.0,147800.0,143600.0,147500.0,883500,KBS
2025-10-27 07:00:00,147500.0,149100.0,144500.0,146300.0,611600,KBS
2025-10-28 07:00:00,147700.0,148500.0,142900.0,148000.0,538900,KBS
2025-10-29 07:00:00,150400.0,150400.0,145000.0,145000.0,575200,KBS
2025-10-30 07:00:00,147500.0,148500.0,144500.0,148100.0,1027600,KBS
2025-10-31 07:00:00,148100.0,148400.0,145700.0,148400.0,649900,KBS
2025-11-03 07:00:00,148000.0,148400.0,145600.0,147000.0,711300,KBS
2025-11-04 07:00:00,144600.0,146900.0,139900.0,143000.0,836500,KBS
2025-11-05 07:00:00,143900.0,143900.0,141500.0,143000.0,269700,KBS
2025-11-06 07:00:00,143600.0,143600.0,139500.0,143000.0,458800,KBS
2025-11-07 07:00:00,139600.0,142500.0,139500.0,139500.0,351200,KBS
2025-11-10 07:00:00,135000.0,142600.0,135000.0,139100.0,310900,KBS
2025-11-11 07:00:00,137900.0,141900.0,137900.0,141900.0,195500,KBS
2025-11-12 07:00:00,139500.0,144000.0,139500.0,144000.0,290900,KBS
2025-11-13 07:00:00,144100.0,149100.0,139500.0,145100.0,572300,KBS
2025-11-14 07:00:00,145100.0,146000.0,142500.0,146000.0,209400,KBS
2025-11-17 07:00:00,146800.0,148500.0,144400.0,146600.0,579600,KBS
2025-11-18 07:00:00,147000.0,148500.0,145400.0,148500.0,956700,KBS
2025-11-19 07:00:00,148600.0,148600.0,144600.0,147000.0,695600,KBS
2025-11-20 07:00:00,146300.0,147000.0,141800.0,142200.0,552800,KBS
2025-11-21 07:00:00,142000.0,143300.0,140000.0,142300.0,296500,KBS
2025-11-24 07:00:00,142300.0,143500.0,140400.0,140400.0,187700,KBS
2025-11-25 07:00:00,140300.0,142000.0,139300.0,142000.0,302300,KBS
2025-11-26 07:00:00,141500.0,146000.0,141500.0,145100.0,418800,KBS
2025-11-27 07:00:00,145500.0,146700.0,144100.0,146100.0,362900,KBS
2025-11-28 07:00:00,146000.0,147800.0,145000.0,147000.0,481000,KBS
2025-12-01 07:00:00,146200.0,147800.0,145000.0,145000.0,345900,KBS
2025-12-02 07:00:00,144200.0,145000.0,142500.0,145000.0,446000,KBS
2025-12-03 07:00:00,145900.0,155100.0,145000.0,155100.0,2151500,KBS
2025-12-04 07:00:00,158000.0,159000.0,155200.0,158500.0,813600,KBS
2025-12-05 07:00:00,158900.0,165000.0,156000.0,160000.0,1133200,KBS
2025-12-08 07:00:00,160000.0,160000.0,154100.0,157300.0,681300,KBS
2025-12-09 07:00:00,156000.0,158000.0,148000.0,154500.0,992400,KBS
2025-12-10 07:00:00,152900.0,154200.0,149600.0,149600.0,441500,KBS
2025-12-11 07:00:00,149700.0,152500.0,149700.0,150000.0,364500,KBS
2025-12-12 07:00:00,150900.0,150900.0,140000.0,140000.0,1048100,KBS
2025-12-15 07:00:00,140000.0,141900.0,139100.0,140100.0,449800,KBS
2025-12-16 07:00:00,140000.0,144000.0,139600.0,142600.0,449300,KBS
2025-12-17 07:00:00,143000.0,144500.0,141800.0,143000.0,308500,KBS
2025-12-18 07:00:00,140900.0,144300.0,140900.0,143300.0,250100,KBS
2025-12-19 07:00:00,142700.0,144000.0,141400.0,144000.0,451800,KBS
2025-12-22 07:00:00,144000.0,147500.0,143500.0,147000.0,339800,KBS
2025-12-23 07:00:00,148000.0,148000.0,145400.0,147500.0,361400,KBS
2025-12-24 07:00:00,147000.0,147000.0,145000.0,146600.0,255100,KBS
2025-12-25 07:00:00,146000.0,146700.0,143500.0,146000.0,265600,KBS
2025-12-26 07:00:00,145000.0,145000.0,142000.0,144200.0,216500,KBS
2025-12-29 07:00:00,144200.0,146000.0,142700.0,146000.0,200200,KBS
2025-12-30 07:00:00,145700.0,148500.0,145000.0,147700.0,285100,KBS
2025-12-31 07:00:00,148800.0,149500.0,146500.0,149500.0,316800,KBS
2026-01-05 07:00:00,148900.0,156700.0,147500.0,153100.0,615800,KBS
2026-01-06 07:00:00,153000.0,154500.0,151800.0,152400.0,180000,KBS
2026-01-07 07:00:00,152600.0,156900.0,152000.0,152600.0,389500,KBS
2026-01-08 07:00:00,152600.0,152600.0,145000.0,146000.0,883800,KBS
2026-01-09 07:00:00,145600.0,149100.0,143500.0,143500.0,552500,KBS
2026-01-12 07:00:00,143000.0,146400.0,142900.0,145000.0,312400,KBS
2026-01-13 07:00:00,144600.0,146600.0,144000.0,144600.0,461800,KBS
2026-01-14 07:00:00,145800.0,148800.0,144100.0,145000.0,518200,KBS
2026-01-15 07:00:00,145000.0,146000.0,143500.0,146000.0,350700,KBS
2026-01-16 07:00:00,146000.0,156200.0,144500.0,155000.0,1373100,KBS
2026-01-19 07:00:00,155900.0,155900.0,150600.0,153400.0,295600,KBS
2026-01-20 07:00:00,153000.0,160000.0,152300.0,152800.0,698300,KBS
2026-01-21 07:00:00,151500.0,152800.0,148000.0,152800.0,496000,KBS
2026-01-22 07:00:00,152800.0,153400.0,149600.0,153300.0,442300,KBS
2026-01-23 07:00:00,152900.0,155200.0,151100.0,151800.0,389500,KBS
2026-01-26 07:00:00,151100.0,151700.0,145100.0,145100.0,485600,KBS
2026-01-27 07:00:00,145200.0,155100.0,145200.0,154700.0,791600,KBS
2026-01-28 07:00:00,155600.0,162100.0,155000.0,160300.0,1500000,KBS
2026-01-29 07:00:00,160000.0,168900.0,159000.0,165000.0,1082600,KBS
2026-01-30 07:00:00,168900.0,171000.0,165000.0,169900.0,998500,KBS
2026-02-02 07:00:00,171300.0,181000.0,166100.0,175500.0,1620300,KBS
2026-02-03 07:00:00,178200.0,178200.0,171800.0,174000.0,1074200,KBS
2026-02-04 07:00:00,172000.0,178200.0,172000.0,174900.0,868000,KBS
2026-02-05 07:00:00,175100.0,175100.0,169500.0,170000.0,867600,KBS
2026-02-06 07:00:00,168100.0,168800.0,160400.0,160400.0,998500,KBS
2026-02-09 07:00:00,163500.0,165700.0,161000.0,164000.0,219600,KBS
2026-02-10 07:00:00,164000.0,165000.0,159600.0,165000.0,440400,KBS
2026-02-11 07:00:00,165000.0,167000.0,162600.0,167000.0,349600,KBS
2026-02-12 07:00:00,167900.0,170300.0,165900.0,167000.0,375100,KBS
2026-02-13 07:00:00,167000.0,170000.0,164900.0,170000.0,575700,KBS
2026-02-23 07:00:00,170000.0,172300.0,168000.0,171900.0,582500,KBS
2026-02-24 07:00:00,171000.0,171900.0,168100.0,171000.0,540300,KBS
2026-02-25 07:00:00,171000.0,171000.0,168700.0,171000.0,360100,KBS
2026-02-26 07:00:00,170900.0,171900.0,168700.0,170900.0,392200,KBS
2026-02-27 07:00:00,170900.0,170900.0,165200.0,169000.0,972000,KBS
2026-03-02 07:00:00,165500.0,169000.0,165000.0,169000.0,535900,KBS
2026-03-03 07:00:00,167400.0,169000.0,162000.0,165000.0,651700,KBS
2026-03-04 07:00:00,162700.0,163800.0,155000.0,163800.0,899600,KBS
2026-03-05 07:00:00,163800.0,164000.0,157900.0,159000.0,500800,KBS
2026-03-06 07:00:00,157300.0,157300.0,150500.0,150600.0,804500,KBS
2026-03-09 07:00:00,141000.0,142000.0,140100.0,140100.0,729500,KBS
2026-03-10 07:00:00,143000.0,148000.0,142500.0,145200.0,675800,KBS
2026-03-11 07:00:00,145000.0,155300.0,145000.0,155300.0,510800,KBS
2026-03-12 07:00:00,153800.0,153800.0,147800.0,153600.0,657000,KBS
2026-03-13 07:00:00,150000.0,150000.0,148600.0,149100.0,307600,KBS
2026-03-16 07:00:00,147500.0,150700.0,147500.0,150500.0,193300,KBS
2026-03-17 07:00:00,151000.0,154900.0,150500.0,152200.0,386300,KBS
2026-03-18 07:00:00,154200.0,154200.0,149700.0,149700.0,186500,KBS
2026-03-19 07:00:00,149000.0,149600.0,147500.0,149000.0,244500,KBS
2026-03-20 07:00:00,149000.0,150000.0,148000.0,148600.0,157600,KBS
2026-03-23 07:00:00,145000.0,150000.0,144000.0,150000.0,439100,KBS
2026-03-24 07:00:00,150000.0,158000.0,150000.0,158000.0,377600,KBS
2026-03-25 07:00:00,158000.0,158600.0,155300.0,158600.0,377300,KBS
2026-03-26 07:00:00,158400.0,158400.0,154200.0,158000.0,353800,KBS
2026-03-27 07:00:00,154900.0,162500.0,154900.0,162500.0,704800,KBS
2026-03-30 07:00:00,159100.0,159100.0,156200.0,158000.0,630300,KBS
2026-03-31 07:00:00,157600.0,157600.0,153900.0,157000.0,477400,KBS
2026-04-01 07:00:00,158000.0,158000.0,154500.0,157000.0,163300,KBS
2026-04-02 07:00:00,154200.0,155700.0,153800.0,154000.0,185600,KBS
2026-04-03 07:00:00,154000.0,155000.0,148700.0,152000.0,454000,KBS
2026-04-06 07:00:00,153000.0,153000.0,147500.0,148000.0,273900,KBS
2026-04-07 07:00:00,148000.0,149800.0,146700.0,149500.0,165300,KBS
2026-04-08 07:00:00,151800.0,155000.0,151300.0,153100.0,691600,KBS
2026-04-09 07:00:00,152000.0,153000.0,150000.0,150000.0,223900,KBS
2026-04-10 07:00:00,151000.0,152400.0,149100.0,152000.0,412200,KBS
2026-04-13 07:00:00,151500.0,151600.0,149000.0,149000.0,183800,KBS
2026-04-14 07:00:00,150800.0,151500.0,150000.0,150500.0,78500,KBS
2026-04-15 07:00:00,152000.0,152000.0,148700.0,151000.0,271900,KBS
2026-04-16 07:00:00,150000.0,151500.0,149000.0,151000.0,330700,KBS
2026-04-17 07:00:00,150800.0,156700.0,150800.0,152100.0,814200,KBS
2026-04-20 07:00:00,153000.0,153000.0,150100.0,150800.0,201100,KBS
2026-04-21 07:00:00,150500.0,151000.0,149000.0,151000.0,420700,KBS
2026-04-22 07:00:00,149100.0,150400.0,148100.0,149900.0,215500,KBS
2026-04-23 07:00:00,149900.0,149900.0,146600.0,146700.0,235300,KBS
2026-04-24 07:00:00,147000.0,148000.0,143300.0,144500.0,369800,KBS
2026-04-28 07:00:00,144500.0,147500.0,143000.0,147500.0,470000,KBS
2026-04-29 07:00:00,146400.0,149000.0,145000.0,149000.0,325200,KBS
2026-05-04 07:00:00,147300.0,148600.0,146700.0,148000.0,155900,KBS
2026-05-05 07:00:00,146700.0,148900.0,146100.0,148900.0,148500,KBS
2026-05-06 07:00:00,147300.0,148700.0,147300.0,147800.0,226100,KBS
2026-05-07 07:00:00,147700.0,149400.0,145600.0,145700.0,316600,KBS
2026-05-08 07:00:00,145700.0,147400.0,143700.0,145000.0,374300,KBS
2026-05-11 07:00:00,143900.0,145000.0,138000.0,138000.0,674500,KBS
2026-05-12 07:00:00,140000.0,141800.0,136900.0,138300.0,393900,KBS
2026-05-13 07:00:00,137000.0,139000.0,137000.0,137500.0,187500,KBS
2026-05-14 07:00:00,137500.0,140900.0,136000.0,136000.0,424000,KBS
2026-05-15 07:00:00,136100.0,138100.0,134000.0,134000.0,368200,KBS
2026-05-18 07:00:00,134000.0,134800.0,132900.0,134000.0,427500,KBS
2026-05-19 07:00:00,134000.0,135500.0,132700.0,132700.0,398800,KBS
2026-05-20 07:00:00,132600.0,132600.0,128500.0,132000.0,618600,KBS
2026-05-21 07:00:00,133000.0,133100.0,130500.0,131400.0,366800,KBS
2026-05-22 07:00:00,131000.0,131500.0,129300.0,129300.0,213800,KBS
2026-05-25 07:00:00,130800.0,130800.0,129500.0,130100.0,267600,KBS
2026-05-26 07:00:00,130300.0,130300.0,129500.0,130200.0,212000,KBS
2026-05-27 07:00:00,130200.0,131000.0,129800.0,131000.0,181600,KBS
2026-05-28 07:00:00,131000.0,131300.0,130000.0,131000.0,324900,KBS
2026-05-29 07:00:00,130900.0,130900.0,129600.0,130200.0,200700,KBS
2026-06-01 07:00:00,129800.0,130000.0,127100.0,127100.0,359200,KBS
2026-06-02 07:00:00,127100.0,130900.0,127100.0,127700.0,331500,KBS
2026-06-03 07:00:00,127500.0,128300.0,126700.0,128100.0,399600,KBS
2026-06-04 07:00:00,128000.0,128000.0,125400.0,127000.0,452200,KBS
2026-06-05 07:00:00,127000.0,128000.0,119000.0,125000.0,503200,KBS
