date,open,high,low,close,volume,_source
2020-01-02 07:00:00,58159.0,59090.0,58159.0,58717.0,141260,KBS
2020-01-03 07:00:00,58717.0,59835.0,58717.0,58841.0,218980,KBS
2020-01-06 07:00:00,60021.0,60828.0,59710.0,60703.0,431090,KBS
2020-01-07 07:00:00,60641.0,60641.0,59772.0,60269.0,142800,KBS
2020-01-08 07:00:00,61200.0,61448.0,60207.0,60207.0,439260,KBS
2020-01-09 07:00:00,59586.0,60083.0,58841.0,59090.0,320980,KBS
2020-01-10 07:00:00,59276.0,59586.0,58966.0,59524.0,160820,KBS
2020-01-13 07:00:00,59524.0,59524.0,58779.0,59152.0,355190,KBS
2020-01-14 07:00:00,59090.0,59586.0,58903.0,58903.0,166850,KBS
2020-01-15 07:00:00,58966.0,58966.0,57786.0,58345.0,201400,KBS
2020-01-16 07:00:00,58345.0,58531.0,57724.0,57910.0,508390,KBS
2020-01-17 07:00:00,57910.0,58469.0,57538.0,57848.0,281760,KBS
2020-01-20 07:00:00,57848.0,58097.0,57662.0,57972.0,134180,KBS
2020-01-21 07:00:00,57972.0,58903.0,57972.0,58903.0,180960,KBS
2020-01-22 07:00:00,58903.0,59214.0,58531.0,58903.0,162790,KBS
2020-01-30 07:00:00,56483.0,58221.0,56483.0,57103.0,379940,KBS
2020-01-31 07:00:00,56545.0,56917.0,53379.0,53690.0,551680,KBS
2020-02-03 07:00:00,52759.0,53317.0,50028.0,51641.0,565980,KBS
2020-02-04 07:00:00,52697.0,52759.0,50897.0,50897.0,376400,KBS
2020-02-05 07:00:00,51517.0,52138.0,50028.0,50648.0,290230,KBS
2020-02-06 07:00:00,50648.0,53317.0,50648.0,53317.0,253870,KBS
2020-02-07 07:00:00,53317.0,54000.0,52759.0,53379.0,299430,KBS
2020-02-10 07:00:00,52759.0,53938.0,52138.0,53876.0,282460,KBS
2020-02-11 07:00:00,53441.0,53876.0,53007.0,53131.0,235700,KBS
2020-02-12 07:00:00,53752.0,53752.0,53131.0,53379.0,175490,KBS
2020-02-13 07:00:00,53255.0,54683.0,53255.0,54310.0,272240,KBS
2020-02-14 07:00:00,54310.0,55179.0,54000.0,54931.0,162870,KBS
2020-02-17 07:00:00,54931.0,55428.0,54186.0,54186.0,180040,KBS
2020-02-18 07:00:00,54000.0,54248.0,53255.0,53379.0,215600,KBS
2020-02-19 07:00:00,53379.0,53441.0,52945.0,52945.0,166790,KBS
2020-02-20 07:00:00,54621.0,54621.0,52883.0,52945.0,198200,KBS
2020-02-21 07:00:00,53379.0,53503.0,53007.0,53007.0,171440,KBS
2020-02-24 07:00:00,52759.0,52759.0,51828.0,52076.0,348150,KBS
2020-02-25 07:00:00,51207.0,52076.0,51207.0,51517.0,348890,KBS
2020-02-26 07:00:00,51207.0,51207.0,49407.0,49593.0,478410,KBS
2020-02-27 07:00:00,49531.0,49593.0,48476.0,49035.0,359090,KBS
2020-02-28 07:00:00,46614.0,48352.0,46614.0,47048.0,449640,KBS
2020-03-02 07:00:00,46924.0,49345.0,46800.0,49035.0,255710,KBS
2020-03-03 07:00:00,51455.0,51455.0,49655.0,49655.0,270460,KBS
2020-03-04 07:00:00,49345.0,49345.0,48290.0,48476.0,307460,KBS
2020-03-05 07:00:00,48476.0,49655.0,48476.0,48476.0,262610,KBS
2020-03-06 07:00:00,48414.0,48476.0,47855.0,48103.0,208460,KBS
2020-03-09 07:00:00,44752.0,44752.0,44752.0,44752.0,226330,KBS
2020-03-10 07:00:00,41648.0,44007.0,41648.0,42517.0,1377350,KBS
2020-03-11 07:00:00,43448.0,44131.0,39600.0,39600.0,1022830,KBS
2020-03-12 07:00:00,36869.0,37800.0,36869.0,36869.0,832050,KBS
2020-03-13 07:00:00,34324.0,36310.0,34324.0,35379.0,975880,KBS
2020-03-16 07:00:00,35255.0,37366.0,34759.0,36807.0,664400,KBS
2020-03-17 07:00:00,34883.0,37179.0,34883.0,37117.0,531530,KBS
2020-03-18 07:00:00,37241.0,37241.0,35876.0,36000.0,1111270,KBS
2020-03-19 07:00:00,34759.0,35069.0,34076.0,34324.0,897780,KBS
2020-03-20 07:00:00,35379.0,36062.0,34759.0,35938.0,563530,KBS
2020-03-23 07:00:00,34262.0,34759.0,33455.0,33455.0,779860,KBS
2020-03-24 07:00:00,34759.0,35007.0,33828.0,34883.0,769350,KBS
2020-03-25 07:00:00,36807.0,37303.0,36124.0,37303.0,1074610,KBS
2020-03-26 07:00:00,37241.0,37490.0,36310.0,36435.0,564130,KBS
2020-03-27 07:00:00,36435.0,36683.0,35441.0,36124.0,484150,KBS
2020-03-30 07:00:00,34076.0,34386.0,33828.0,33890.0,556090,KBS
2020-03-31 07:00:00,35814.0,35814.0,33517.0,34014.0,414540,KBS
2020-04-01 07:00:00,33952.0,35752.0,33952.0,34821.0,577930,KBS
2020-04-03 07:00:00,37241.0,37241.0,35690.0,36745.0,1147360,KBS
2020-04-06 07:00:00,38483.0,39103.0,37862.0,39103.0,1513290,KBS
2020-04-07 07:00:00,39662.0,39662.0,38359.0,39041.0,945030,KBS
2020-04-08 07:00:00,38048.0,38979.0,37738.0,38917.0,869540,KBS
2020-04-09 07:00:00,39352.0,41586.0,39166.0,41586.0,1506780,KBS
2020-04-10 07:00:00,40966.0,41897.0,40345.0,41648.0,944260,KBS
2020-04-13 07:00:00,42331.0,43138.0,41897.0,42207.0,1048800,KBS
2020-04-14 07:00:00,41586.0,41772.0,40593.0,41586.0,1273310,KBS
2020-04-15 07:00:00,40841.0,41772.0,40655.0,41338.0,645240,KBS
2020-04-16 07:00:00,41338.0,42207.0,40841.0,41835.0,717400,KBS
2020-04-17 07:00:00,41897.0,42828.0,41897.0,42021.0,811680,KBS
2020-04-20 07:00:00,42207.0,42828.0,41648.0,42703.0,1227520,KBS
2020-04-21 07:00:00,40966.0,41710.0,40035.0,40035.0,1557070,KBS
2020-04-22 07:00:00,37862.0,40097.0,37862.0,39414.0,760590,KBS
2020-04-23 07:00:00,40345.0,40966.0,40221.0,40407.0,620260,KBS
2020-04-24 07:00:00,40841.0,40966.0,40159.0,40407.0,583010,KBS
2020-04-27 07:00:00,40407.0,40903.0,39724.0,39848.0,476510,KBS
2020-04-28 07:00:00,38855.0,39724.0,38731.0,38979.0,775610,KBS
2020-04-29 07:00:00,39352.0,39848.0,39103.0,39352.0,623860,KBS
2020-05-04 07:00:00,40345.0,40717.0,39476.0,39600.0,410240,KBS
2020-05-05 07:00:00,40345.0,40655.0,39724.0,40655.0,652830,KBS
2020-05-06 07:00:00,41400.0,42703.0,41400.0,42579.0,1540630,KBS
2020-05-07 07:00:00,42579.0,43138.0,42021.0,42641.0,705710,KBS
2020-05-08 07:00:00,42641.0,43945.0,42641.0,43200.0,1700680,KBS
2020-05-11 07:00:00,45310.0,45310.0,43448.0,45310.0,1084850,KBS
2020-05-12 07:00:00,45248.0,45931.0,44069.0,45435.0,1145720,KBS
2020-05-13 07:00:00,45310.0,45869.0,44690.0,44938.0,991060,KBS
2020-05-14 07:00:00,44441.0,44938.0,44193.0,44379.0,688000,KBS
2020-05-15 07:00:00,45248.0,45310.0,44007.0,44007.0,904360,KBS
2020-05-18 07:00:00,44441.0,45621.0,44441.0,45621.0,1071380,KBS
2020-05-19 07:00:00,46800.0,46800.0,45993.0,46428.0,1144660,KBS
2020-05-20 07:00:00,45310.0,46428.0,45310.0,46055.0,548540,KBS
2020-05-21 07:00:00,46241.0,46924.0,45931.0,46552.0,952810,KBS
2020-05-22 07:00:00,46490.0,46490.0,45683.0,45869.0,982700,KBS
2020-05-25 07:00:00,45869.0,45993.0,45559.0,45745.0,554990,KBS
2020-05-26 07:00:00,46241.0,46490.0,45807.0,46490.0,615970,KBS
2020-05-27 07:00:00,46862.0,47359.0,46428.0,46552.0,1141480,KBS
2020-05-28 07:00:00,46552.0,46800.0,45869.0,45869.0,551210,KBS
2020-05-29 07:00:00,46241.0,46241.0,45745.0,46179.0,372610,KBS
2020-06-01 07:00:00,46490.0,47172.0,46303.0,46738.0,596060,KBS
2020-06-02 07:00:00,46738.0,48290.0,46552.0,47421.0,1452270,KBS
2020-06-03 07:00:00,48103.0,48600.0,47607.0,48414.0,633960,KBS
2020-06-04 07:00:00,48476.0,49345.0,48414.0,48414.0,848030,KBS
2020-06-05 07:00:00,47793.0,48414.0,47483.0,47793.0,881330,KBS
2020-06-08 07:00:00,49345.0,49345.0,48600.0,49035.0,659450,KBS
2020-06-09 07:00:00,48538.0,48972.0,48414.0,48662.0,481610,KBS
2020-06-10 07:00:00,48414.0,48662.0,48103.0,48414.0,426400,KBS
2020-06-11 07:00:00,48103.0,48476.0,45062.0,45062.0,1251510,KBS
2020-06-12 07:00:00,43510.0,46490.0,43510.0,46303.0,878600,KBS
2020-06-15 07:00:00,46303.0,46800.0,44752.0,44752.0,554870,KBS
2020-06-16 07:00:00,45621.0,45621.0,45000.0,45372.0,454210,KBS
2020-06-17 07:00:00,45621.0,45869.0,45062.0,45248.0,330300,KBS
2020-06-18 07:00:00,45062.0,45310.0,44690.0,44814.0,317660,KBS
2020-06-19 07:00:00,45435.0,45497.0,45062.0,45062.0,303720,KBS
2020-06-22 07:00:00,45435.0,45745.0,45310.0,45372.0,227680,KBS
2020-06-23 07:00:00,45435.0,46117.0,45310.0,45869.0,349770,KBS
2020-06-24 07:00:00,45683.0,46055.0,44690.0,45062.0,240120,KBS
2020-06-25 07:00:00,44690.0,45310.0,44379.0,44938.0,335210,KBS
2020-06-26 07:00:00,45000.0,45435.0,44690.0,44814.0,322890,KBS
2020-06-29 07:00:00,44690.0,44690.0,43262.0,43262.0,571650,KBS
2020-06-30 07:00:00,43821.0,44379.0,42207.0,42828.0,459150,KBS
2020-07-01 07:00:00,43138.0,44069.0,42828.0,44069.0,387430,KBS
2020-07-02 07:00:00,44317.0,44379.0,43759.0,43759.0,210850,KBS
2020-07-03 07:00:00,44317.0,44317.0,43635.0,43635.0,310040,KBS
2020-07-06 07:00:00,44566.0,45186.0,44193.0,44938.0,485000,KBS
2020-07-07 07:00:00,45310.0,46117.0,44938.0,44938.0,819010,KBS
2020-07-08 07:00:00,45310.0,45993.0,45000.0,45248.0,534040,KBS
2020-07-09 07:00:00,45869.0,47048.0,45745.0,46676.0,1179910,KBS
2020-07-10 07:00:00,46552.0,46800.0,46055.0,46117.0,461690,KBS
2020-07-13 07:00:00,46552.0,46738.0,46117.0,46490.0,592380,KBS
2020-07-14 07:00:00,46880.0,47857.0,46815.0,47011.0,631990,KBS
2020-07-15 07:00:00,47466.0,47922.0,46945.0,46945.0,507920,KBS
2020-07-16 07:00:00,47336.0,47466.0,47011.0,47011.0,534310,KBS
2020-07-17 07:00:00,47011.0,47206.0,46815.0,46815.0,382400,KBS
2020-07-20 07:00:00,46359.0,46750.0,46164.0,46164.0,492500,KBS
2020-07-21 07:00:00,46164.0,46685.0,46099.0,46229.0,264440,KBS
2020-07-22 07:00:00,46555.0,46555.0,45643.0,45708.0,343540,KBS
2020-07-23 07:00:00,45708.0,46620.0,45708.0,46294.0,629750,KBS
2020-07-24 07:00:00,46294.0,46555.0,43950.0,44471.0,1173440,KBS
2020-07-27 07:00:00,41802.0,44927.0,41541.0,41671.0,1319680,KBS
2020-07-28 07:00:00,42974.0,44146.0,41671.0,44146.0,683540,KBS
2020-07-29 07:00:00,42388.0,43364.0,41216.0,41346.0,777530,KBS
2020-07-30 07:00:00,44211.0,44211.0,41997.0,42648.0,417700,KBS
2020-07-31 07:00:00,41997.0,42648.0,41541.0,42648.0,314230,KBS
2020-08-03 07:00:00,42518.0,43950.0,42453.0,43755.0,536220,KBS
2020-08-04 07:00:00,44601.0,44601.0,44081.0,44341.0,387300,KBS
2020-08-05 07:00:00,44341.0,44862.0,44146.0,44667.0,566050,KBS
2020-08-06 07:00:00,44601.0,45448.0,44536.0,45253.0,640610,KBS
2020-08-07 07:00:00,45253.0,46034.0,45057.0,45708.0,571770,KBS
2020-08-10 07:00:00,45773.0,46294.0,45708.0,45904.0,469290,KBS
2020-08-11 07:00:00,45904.0,46099.0,45383.0,45578.0,550870,KBS
2020-08-12 07:00:00,45904.0,46620.0,45578.0,46359.0,973330,KBS
2020-08-13 07:00:00,46555.0,47466.0,46555.0,47271.0,951630,KBS
2020-08-14 07:00:00,46880.0,47401.0,46750.0,47076.0,870730,KBS
2020-08-17 07:00:00,46880.0,47141.0,46359.0,46880.0,460890,KBS
2020-08-18 07:00:00,47531.0,47531.0,46555.0,46815.0,297780,KBS
2020-08-19 07:00:00,46880.0,47076.0,46750.0,46945.0,224530,KBS
2020-08-20 07:00:00,46815.0,47011.0,46229.0,46229.0,444340,KBS
2020-08-21 07:00:00,46359.0,46945.0,46294.0,46880.0,494700,KBS
2020-08-24 07:00:00,47011.0,47857.0,47011.0,47531.0,638880,KBS
2020-08-25 07:00:00,47662.0,48508.0,47662.0,48052.0,722600,KBS
2020-08-26 07:00:00,48183.0,48443.0,47857.0,47857.0,431210,KBS
2020-08-27 07:00:00,47792.0,47792.0,47206.0,47531.0,501290,KBS
2020-08-28 07:00:00,48183.0,48834.0,47597.0,48313.0,1011700,KBS
2020-08-31 07:00:00,48443.0,48834.0,47857.0,48248.0,549950,KBS
2020-09-01 07:00:00,48248.0,49159.0,48052.0,49094.0,844110,KBS
2020-09-03 07:00:00,49485.0,49615.0,49029.0,49355.0,587250,KBS
2020-09-04 07:00:00,48248.0,48964.0,48248.0,48573.0,937330,KBS
2020-09-07 07:00:00,48443.0,48443.0,46880.0,46880.0,1336130,KBS
2020-09-08 07:00:00,46880.0,47727.0,46880.0,46880.0,663940,KBS
2020-09-09 07:00:00,46229.0,46880.0,46164.0,46685.0,740970,KBS
2020-09-10 07:00:00,47206.0,47466.0,46815.0,46880.0,620770,KBS
2020-09-11 07:00:00,46685.0,47206.0,46425.0,46750.0,264100,KBS
2020-09-14 07:00:00,46880.0,47206.0,46490.0,46490.0,557430,KBS
2020-09-15 07:00:00,47011.0,47076.0,46490.0,47076.0,727700,KBS
2020-09-16 07:00:00,47141.0,47531.0,46880.0,46880.0,353430,KBS
2020-09-17 07:00:00,47206.0,47401.0,46685.0,46685.0,398140,KBS
2020-09-18 07:00:00,47011.0,47336.0,46620.0,47206.0,373220,KBS
2020-09-21 07:00:00,47466.0,47922.0,46945.0,47401.0,939720,KBS
2020-09-22 07:00:00,47206.0,47466.0,46815.0,46815.0,821590,KBS
2020-09-23 07:00:00,47206.0,47857.0,47011.0,47336.0,823090,KBS
2020-09-24 07:00:00,47336.0,48052.0,47141.0,47857.0,820660,KBS
2020-09-25 07:00:00,47857.0,47922.0,47271.0,47597.0,459680,KBS
2020-09-28 07:00:00,47597.0,47857.0,47011.0,47011.0,417070,KBS
2020-09-29 07:00:00,47011.0,47531.0,46555.0,46555.0,1073200,KBS
2020-09-30 07:00:00,46555.0,46880.0,46425.0,46425.0,615450,KBS
2020-10-01 07:00:00,46555.0,47141.0,46555.0,47141.0,252570,KBS
2020-10-02 07:00:00,47141.0,47206.0,46294.0,46815.0,612860,KBS
2020-10-05 07:00:00,46815.0,47401.0,46620.0,47206.0,704400,KBS
2020-10-06 07:00:00,47401.0,47662.0,47141.0,47206.0,763230,KBS
2020-10-07 07:00:00,47206.0,49029.0,47011.0,48248.0,2294270,KBS
2020-10-08 07:00:00,48769.0,48964.0,48248.0,48573.0,774540,KBS
2020-10-09 07:00:00,48834.0,48834.0,48248.0,48378.0,438960,KBS
2020-10-12 07:00:00,48378.0,49875.0,48183.0,48834.0,1917010,KBS
2020-10-13 07:00:00,48899.0,49289.0,48638.0,48834.0,596720,KBS
2020-10-14 07:00:00,49159.0,49615.0,48769.0,48964.0,1263470,KBS
2020-10-15 07:00:00,49485.0,50071.0,48834.0,48834.0,1377170,KBS
2020-10-16 07:00:00,48834.0,49485.0,48443.0,49094.0,1091120,KBS
2020-10-19 07:00:00,49159.0,49485.0,48117.0,48183.0,1196620,KBS
2020-10-20 07:00:00,47857.0,48183.0,47206.0,47271.0,1119350,KBS
2020-10-21 07:00:00,47531.0,47792.0,47076.0,47076.0,950020,KBS
2020-10-22 07:00:00,47076.0,47987.0,46815.0,47987.0,796300,KBS
2020-10-23 07:00:00,48052.0,48313.0,47792.0,47857.0,606780,KBS
2020-10-26 07:00:00,47922.0,48183.0,46880.0,46880.0,649920,KBS
2020-10-27 07:00:00,47141.0,47271.0,46815.0,46880.0,653240,KBS
2020-10-28 07:00:00,46880.0,47336.0,46685.0,46815.0,776140,KBS
2020-10-29 07:00:00,46685.0,47011.0,46229.0,46229.0,779650,KBS
2020-10-30 07:00:00,46880.0,46880.0,45578.0,45839.0,786390,KBS
2020-11-02 07:00:00,45904.0,46099.0,45187.0,45383.0,926540,KBS
2020-11-03 07:00:00,45578.0,46359.0,45513.0,45708.0,975380,KBS
2020-11-04 07:00:00,46164.0,47206.0,46099.0,46815.0,577270,KBS
2020-11-05 07:00:00,46880.0,46880.0,46425.0,46555.0,432170,KBS
2020-11-06 07:00:00,46490.0,46750.0,46034.0,46099.0,474350,KBS
2020-11-09 07:00:00,46229.0,46750.0,46229.0,46490.0,717480,KBS
2020-11-10 07:00:00,47922.0,48052.0,47011.0,47011.0,1271490,KBS
2020-11-11 07:00:00,47727.0,48052.0,47466.0,47662.0,1594170,KBS
2020-11-12 07:00:00,47857.0,48183.0,47597.0,47792.0,547590,KBS
2020-11-13 07:00:00,47597.0,47857.0,47336.0,47857.0,896800,KBS
2020-11-16 07:00:00,48117.0,48183.0,47206.0,47206.0,1255550,KBS
2020-11-17 07:00:00,47531.0,49159.0,47466.0,49159.0,2192600,KBS
2020-11-18 07:00:00,49224.0,52089.0,48899.0,52089.0,3450740,KBS
2020-11-19 07:00:00,52350.0,54889.0,52350.0,53457.0,2283360,KBS
2020-11-20 07:00:00,53066.0,53522.0,52675.0,53261.0,1207780,KBS
2020-11-23 07:00:00,53457.0,54368.0,52871.0,54368.0,1796080,KBS
2020-11-24 07:00:00,54368.0,54564.0,52740.0,53717.0,1824250,KBS
2020-11-25 07:00:00,54433.0,54498.0,53847.0,53847.0,1428530,KBS
2020-11-26 07:00:00,53717.0,54303.0,53196.0,54238.0,1099520,KBS
2020-11-27 07:00:00,54368.0,54368.0,53847.0,54368.0,947930,KBS
2020-11-30 07:00:00,54433.0,56061.0,54368.0,54368.0,1332670,KBS
2020-12-01 07:00:00,53392.0,55150.0,53261.0,54368.0,1332900,KBS
2020-12-02 07:00:00,54368.0,55019.0,53847.0,54694.0,983710,KBS
2020-12-03 07:00:00,54694.0,55280.0,54368.0,55019.0,978850,KBS
2020-12-04 07:00:00,55345.0,56256.0,55019.0,55670.0,1502870,KBS
2020-12-07 07:00:00,55801.0,56256.0,55410.0,56191.0,1390120,KBS
2020-12-08 07:00:00,56322.0,56322.0,55670.0,56061.0,1140540,KBS
2020-12-09 07:00:00,55996.0,57038.0,55670.0,56061.0,1135190,KBS
2020-12-10 07:00:00,56061.0,56256.0,54954.0,54954.0,1085890,KBS
2020-12-11 07:00:00,55736.0,56061.0,55150.0,56061.0,914520,KBS
2020-12-14 07:00:00,56061.0,56777.0,55866.0,56647.0,860080,KBS
2020-12-15 07:00:00,56322.0,56582.0,55475.0,55605.0,1095430,KBS
2020-12-16 07:00:00,55996.0,56256.0,55410.0,55866.0,773810,KBS
2020-12-17 07:00:00,55475.0,55736.0,54759.0,54759.0,1844030,KBS
2020-12-18 07:00:00,54759.0,55410.0,54759.0,55280.0,590630,KBS
2020-12-21 07:00:00,55475.0,56256.0,55084.0,56191.0,1296520,KBS
2020-12-22 07:00:00,55670.0,55996.0,55084.0,55540.0,909760,KBS
2020-12-23 07:00:00,55410.0,55866.0,55084.0,55150.0,551200,KBS
2020-12-24 07:00:00,55345.0,55605.0,53392.0,54629.0,1253120,KBS
2020-12-25 07:00:00,54564.0,55150.0,53717.0,54824.0,617310,KBS
2020-12-28 07:00:00,55345.0,57689.0,54889.0,56582.0,2377030,KBS
2020-12-29 07:00:00,56647.0,57298.0,55996.0,56712.0,490820,KBS
2020-12-30 07:00:00,56712.0,56973.0,56517.0,56582.0,672840,KBS
2020-12-31 07:00:00,56647.0,56712.0,56126.0,56387.0,957350,KBS
2021-01-04 07:00:00,57233.0,58210.0,56712.0,57819.0,1362600,KBS
2021-01-05 07:00:00,57298.0,58731.0,56387.0,58600.0,1262700,KBS
2021-01-06 07:00:00,59252.0,59838.0,58600.0,58861.0,1161900,KBS
2021-01-07 07:00:00,59252.0,60424.0,58080.0,60358.0,1446600,KBS
2021-01-08 07:00:00,60358.0,60749.0,59707.0,60358.0,934700,KBS
2021-01-11 07:00:00,60554.0,61661.0,60358.0,60749.0,743600,KBS
2021-01-12 07:00:00,60749.0,61140.0,59903.0,60944.0,949100,KBS
2021-01-13 07:00:00,61596.0,61596.0,60358.0,60554.0,1091600,KBS
2021-01-14 07:00:00,60293.0,60554.0,59577.0,59968.0,775000,KBS
2021-01-15 07:00:00,60554.0,60749.0,58926.0,59642.0,1767000,KBS
2021-01-18 07:00:00,59903.0,59903.0,58535.0,58991.0,972000,KBS
2021-01-19 07:00:00,58991.0,58991.0,54889.0,55345.0,1158400,KBS
2021-01-20 07:00:00,55996.0,56322.0,52220.0,56322.0,1022600,KBS
2021-01-21 07:00:00,56973.0,57233.0,56322.0,56973.0,966400,KBS
2021-01-22 07:00:00,56973.0,57298.0,56256.0,56387.0,1062200,KBS
2021-01-25 07:00:00,56191.0,56452.0,55084.0,55150.0,1225400,KBS
2021-01-26 07:00:00,55215.0,55215.0,52740.0,54238.0,1329100,KBS
2021-01-27 07:00:00,54238.0,54238.0,51438.0,51438.0,940900,KBS
2021-01-28 07:00:00,48183.0,50787.0,47857.0,47857.0,1569900,KBS
2021-01-29 07:00:00,47857.0,50787.0,47206.0,49680.0,902600,KBS
2021-02-01 07:00:00,50006.0,50592.0,48508.0,48964.0,670300,KBS
2021-02-02 07:00:00,48964.0,50136.0,48703.0,49810.0,934100,KBS
2021-02-03 07:00:00,51113.0,52089.0,50787.0,52089.0,874500,KBS
2021-02-04 07:00:00,52740.0,53196.0,51959.0,52740.0,790800,KBS
2021-02-05 07:00:00,53522.0,54043.0,52871.0,52871.0,799000,KBS
2021-02-08 07:00:00,53912.0,53978.0,50201.0,51438.0,1695100,KBS
2021-02-09 07:00:00,51764.0,52936.0,50787.0,52936.0,1216500,KBS
2021-02-17 07:00:00,55345.0,56582.0,54368.0,56582.0,1923100,KBS
2021-02-18 07:00:00,57884.0,58926.0,56842.0,58666.0,2259700,KBS
2021-02-19 07:00:00,57298.0,58275.0,57298.0,57884.0,1134700,KBS
2021-02-22 07:00:00,57298.0,58080.0,56712.0,57428.0,1156500,KBS
2021-02-23 07:00:00,58600.0,58796.0,57689.0,58210.0,1546200,KBS
2021-02-24 07:00:00,57949.0,57949.0,56647.0,57363.0,820100,KBS
2021-02-25 07:00:00,57949.0,58210.0,57428.0,58080.0,1366000,KBS
2021-02-26 07:00:00,56777.0,58145.0,56777.0,58145.0,872900,KBS
2021-03-01 07:00:00,58796.0,59838.0,58210.0,59838.0,1661100,KBS
2021-03-02 07:00:00,59903.0,60879.0,59252.0,59252.0,1386700,KBS
2021-03-03 07:00:00,59252.0,59577.0,58731.0,59252.0,696900,KBS
2021-03-04 07:00:00,59382.0,59903.0,57949.0,59186.0,1325100,KBS
2021-03-05 07:00:00,60033.0,61010.0,58926.0,60228.0,1469200,KBS
2021-03-08 07:00:00,61856.0,62507.0,61010.0,61856.0,1649000,KBS
2021-03-09 07:00:00,61726.0,61726.0,59252.0,61010.0,696100,KBS
2021-03-10 07:00:00,60619.0,60619.0,59252.0,59903.0,995600,KBS
2021-03-11 07:00:00,60554.0,60554.0,59903.0,60358.0,337200,KBS
2021-03-12 07:00:00,60554.0,60554.0,59186.0,59317.0,398400,KBS
2021-03-15 07:00:00,59577.0,59903.0,59317.0,59317.0,398200,KBS
2021-03-16 07:00:00,59317.0,59577.0,58405.0,58796.0,893400,KBS
2021-03-17 07:00:00,58861.0,61856.0,58340.0,60424.0,798700,KBS
2021-03-18 07:00:00,60489.0,60554.0,59577.0,59772.0,276400,KBS
2021-03-19 07:00:00,58926.0,59186.0,58405.0,59186.0,966800,KBS
2021-03-22 07:00:00,59252.0,59642.0,58600.0,58926.0,510900,KBS
2021-03-23 07:00:00,58600.0,59903.0,58535.0,59772.0,563500,KBS
2021-03-24 07:00:00,57949.0,58666.0,57819.0,58666.0,729000,KBS
2021-03-25 07:00:00,58666.0,59772.0,57949.0,58796.0,635700,KBS
2021-03-26 07:00:00,58145.0,58275.0,55996.0,58080.0,375100,KBS
2021-03-29 07:00:00,58600.0,58926.0,57949.0,58275.0,257900,KBS
2021-03-30 07:00:00,58275.0,58600.0,57949.0,58340.0,588000,KBS
2021-03-31 07:00:00,58080.0,59056.0,57949.0,58405.0,630300,KBS
2021-04-01 07:00:00,58470.0,58991.0,58340.0,58991.0,632100,KBS
2021-04-02 07:00:00,59447.0,59707.0,58796.0,58796.0,951100,KBS
2021-04-05 07:00:00,58926.0,59382.0,58210.0,58210.0,723500,KBS
2021-04-06 07:00:00,58145.0,58470.0,57949.0,58405.0,674800,KBS
2021-04-07 07:00:00,58535.0,59252.0,57949.0,58014.0,1201200,KBS
2021-04-08 07:00:00,58600.0,58600.0,57884.0,57949.0,684700,KBS
2021-04-09 07:00:00,57949.0,58535.0,57624.0,57819.0,379200,KBS
2021-04-12 07:00:00,57949.0,58014.0,56517.0,57233.0,1911900,KBS
2021-04-13 07:00:00,57038.0,57233.0,55801.0,55996.0,1358600,KBS
2021-04-14 07:00:00,55996.0,57168.0,55670.0,56322.0,741700,KBS
2021-04-15 07:00:00,57168.0,57494.0,55670.0,55996.0,1471400,KBS
2021-04-16 07:00:00,55996.0,56647.0,55670.0,55996.0,590300,KBS
2021-04-19 07:00:00,55996.0,56777.0,55736.0,56777.0,577300,KBS
2021-04-20 07:00:00,56973.0,57949.0,56712.0,57298.0,1410500,KBS
2021-04-22 07:00:00,57298.0,57298.0,55866.0,55866.0,1101600,KBS
2021-04-23 07:00:00,55801.0,55996.0,54694.0,55996.0,849600,KBS
2021-04-26 07:00:00,55736.0,55736.0,53066.0,53066.0,1072100,KBS
2021-04-27 07:00:00,53066.0,53392.0,52220.0,53066.0,791100,KBS
2021-04-28 07:00:00,53066.0,53717.0,52806.0,53326.0,631900,KBS
2021-04-29 07:00:00,54043.0,54433.0,53587.0,54368.0,624400,KBS
2021-05-04 07:00:00,54043.0,54238.0,53392.0,54238.0,930600,KBS
2021-05-05 07:00:00,55019.0,55996.0,54694.0,55670.0,919800,KBS
2021-05-06 07:00:00,55866.0,55866.0,54954.0,55280.0,911300,KBS
2021-05-07 07:00:00,54694.0,55280.0,53392.0,54694.0,856900,KBS
2021-05-10 07:00:00,54368.0,55996.0,54043.0,55996.0,763900,KBS
2021-05-11 07:00:00,55801.0,56061.0,55345.0,55540.0,737800,KBS
2021-05-12 07:00:00,55670.0,56256.0,55410.0,56256.0,616200,KBS
2021-05-13 07:00:00,56256.0,56387.0,55670.0,55736.0,549200,KBS
2021-05-14 07:00:00,55410.0,55736.0,54368.0,54759.0,825800,KBS
2021-05-17 07:00:00,55345.0,55345.0,53522.0,53717.0,1039300,KBS
2021-05-18 07:00:00,53912.0,54043.0,52936.0,53392.0,1096100,KBS
2021-05-19 07:00:00,53392.0,54043.0,53066.0,53131.0,299500,KBS
2021-05-20 07:00:00,53261.0,53261.0,52285.0,52610.0,714400,KBS
2021-05-21 07:00:00,52089.0,53261.0,51959.0,52740.0,596800,KBS
2021-05-24 07:00:00,53131.0,53717.0,52936.0,53392.0,504600,KBS
2021-05-25 07:00:00,53717.0,54173.0,53457.0,53978.0,594700,KBS
2021-05-26 07:00:00,53522.0,53847.0,53326.0,53326.0,414400,KBS
2021-05-27 07:00:00,53196.0,53392.0,52089.0,52154.0,687500,KBS
2021-05-28 07:00:00,52806.0,53652.0,52415.0,53392.0,655400,KBS
2021-05-31 07:00:00,53326.0,53847.0,52610.0,53782.0,853700,KBS
2021-06-01 07:00:00,55280.0,55280.0,54433.0,54498.0,1013500,KBS
2021-06-02 07:00:00,54889.0,56973.0,54694.0,56908.0,1981500,KBS
2021-06-03 07:00:00,57949.0,57949.0,57298.0,57494.0,1263100,KBS
2021-06-04 07:00:00,57168.0,59772.0,55345.0,59512.0,2154200,KBS
2021-06-07 07:00:00,59838.0,59968.0,55996.0,59056.0,1617400,KBS
2021-06-08 07:00:00,58405.0,58991.0,57038.0,57363.0,972400,KBS
2021-06-09 07:00:00,57559.0,57949.0,56061.0,56908.0,866600,KBS
2021-06-10 07:00:00,56322.0,56777.0,55670.0,56061.0,1036100,KBS
2021-06-11 07:00:00,56647.0,56842.0,56126.0,56647.0,390700,KBS
2021-06-14 07:00:00,57949.0,58861.0,57298.0,58275.0,1645200,KBS
2021-06-15 07:00:00,58275.0,58470.0,57624.0,57754.0,548600,KBS
2021-06-16 07:00:00,58470.0,60228.0,58275.0,59838.0,2150100,KBS
2021-06-17 07:00:00,59186.0,61530.0,58926.0,61140.0,1664700,KBS
2021-06-18 07:00:00,61010.0,61075.0,60228.0,60358.0,753100,KBS
2021-06-21 07:00:00,60619.0,62507.0,60293.0,60554.0,967400,KBS
2021-06-22 07:00:00,61530.0,61986.0,60879.0,61791.0,1273100,KBS
2021-06-23 07:00:00,61726.0,61986.0,60424.0,61140.0,907200,KBS
2021-06-24 07:00:00,61205.0,62963.0,61140.0,62377.0,1357600,KBS
2021-06-25 07:00:00,62507.0,63809.0,61921.0,63809.0,1539200,KBS
2021-06-28 07:00:00,65018.0,65086.0,59712.0,63809.0,868700,KBS
2021-06-29 07:00:00,63138.0,63474.0,61862.0,62466.0,790600,KBS
2021-06-30 07:00:00,62466.0,63406.0,61459.0,62466.0,841400,KBS
2021-07-01 07:00:00,62802.0,63272.0,62130.0,63272.0,983500,KBS
2021-07-02 07:00:00,63944.0,65489.0,63877.0,64884.0,1847800,KBS
2021-07-05 07:00:00,64548.0,64884.0,61794.0,61794.0,1553700,KBS
2021-07-06 07:00:00,63541.0,63742.0,57630.0,57630.0,1053200,KBS
2021-07-07 07:00:00,57764.0,61459.0,57764.0,61459.0,1397500,KBS
2021-07-08 07:00:00,60988.0,63003.0,60384.0,62466.0,912200,KBS
2021-07-09 07:00:00,61593.0,63742.0,60653.0,61593.0,1080000,KBS
2021-07-12 07:00:00,61727.0,61727.0,58637.0,59108.0,990800,KBS
2021-07-13 07:00:00,60988.0,62399.0,59847.0,61459.0,581300,KBS
2021-07-14 07:00:00,61459.0,62265.0,60921.0,61324.0,611500,KBS
2021-07-15 07:00:00,60787.0,61459.0,60451.0,60787.0,494000,KBS
2021-07-16 07:00:00,60451.0,61190.0,60451.0,60451.0,279000,KBS
2021-07-19 07:00:00,58772.0,59779.0,58234.0,58234.0,703200,KBS
2021-07-20 07:00:00,57831.0,60182.0,57093.0,59779.0,665100,KBS
2021-07-21 07:00:00,60451.0,60451.0,58302.0,58705.0,569200,KBS
2021-07-22 07:00:00,59444.0,60585.0,58705.0,60048.0,487700,KBS
2021-07-23 07:00:00,59981.0,60384.0,59108.0,59108.0,356400,KBS
2021-07-26 07:00:00,58973.0,60182.0,58234.0,59309.0,614500,KBS
2021-07-27 07:00:00,60451.0,60854.0,59444.0,59779.0,877900,KBS
2021-07-28 07:00:00,59779.0,60787.0,59779.0,59847.0,322200,KBS
2021-07-29 07:00:00,60384.0,60451.0,59712.0,60115.0,504300,KBS
2021-07-30 07:00:00,60451.0,60921.0,60115.0,60182.0,530200,KBS
2021-08-02 07:00:00,61123.0,63608.0,60854.0,62802.0,1567600,KBS
2021-08-03 07:00:00,62802.0,62869.0,61727.0,62466.0,974700,KBS
2021-08-04 07:00:00,62466.0,63608.0,62332.0,63138.0,538300,KBS
2021-08-05 07:00:00,62869.0,63071.0,62130.0,63003.0,634600,KBS
2021-08-06 07:00:00,63003.0,63541.0,61929.0,62063.0,1309200,KBS
2021-08-09 07:00:00,61794.0,62802.0,61123.0,62466.0,1055000,KBS
2021-08-10 07:00:00,62466.0,65086.0,62399.0,64481.0,2217800,KBS
2021-08-11 07:00:00,65153.0,66429.0,63944.0,64145.0,1507800,KBS
2021-08-12 07:00:00,63474.0,64145.0,63474.0,63474.0,727100,KBS
2021-08-13 07:00:00,63205.0,63272.0,61526.0,62466.0,1311800,KBS
2021-08-16 07:00:00,62130.0,63809.0,61794.0,63272.0,1110200,KBS
2021-08-17 07:00:00,63272.0,63272.0,62063.0,62063.0,1132300,KBS
2021-08-18 07:00:00,62063.0,62466.0,61862.0,62197.0,522300,KBS
2021-08-19 07:00:00,62130.0,62130.0,60250.0,61056.0,2388200,KBS
2021-08-20 07:00:00,60451.0,60787.0,58570.0,58772.0,2766300,KBS
2021-08-23 07:00:00,58772.0,59444.0,57630.0,57630.0,1158700,KBS
2021-08-24 07:00:00,58436.0,58637.0,57093.0,57764.0,1081800,KBS
2021-08-25 07:00:00,57831.0,58637.0,57764.0,58637.0,557300,KBS
2021-08-26 07:00:00,58906.0,58906.0,57831.0,57966.0,687800,KBS
2021-08-27 07:00:00,57966.0,58503.0,57764.0,58436.0,927500,KBS
2021-08-30 07:00:00,59376.0,59444.0,58570.0,58772.0,793100,KBS
2021-08-31 07:00:00,59108.0,60048.0,58839.0,60048.0,878800,KBS
2021-09-01 07:00:00,59914.0,60048.0,59511.0,59511.0,536100,KBS
2021-09-06 07:00:00,60115.0,60787.0,59914.0,60720.0,868100,KBS
2021-09-07 07:00:00,60787.0,60854.0,59578.0,59578.0,720100,KBS
2021-09-08 07:00:00,59578.0,59779.0,58906.0,58973.0,550500,KBS
2021-09-09 07:00:00,59376.0,59847.0,59175.0,59511.0,444500,KBS
2021-09-10 07:00:00,59444.0,59981.0,59444.0,59511.0,421100,KBS
2021-09-13 07:00:00,60317.0,60317.0,59511.0,59511.0,613400,KBS
2021-09-14 07:00:00,60182.0,60518.0,59645.0,59779.0,669100,KBS
2021-09-15 07:00:00,60115.0,61996.0,59444.0,61459.0,1379300,KBS
2021-09-16 07:00:00,61794.0,62332.0,61727.0,62197.0,981700,KBS
2021-09-17 07:00:00,61929.0,62332.0,61593.0,61727.0,834000,KBS
2021-09-20 07:00:00,61727.0,61727.0,59645.0,59645.0,1516300,KBS
2021-09-21 07:00:00,59175.0,59444.0,57966.0,59242.0,1444000,KBS
2021-09-22 07:00:00,59444.0,60115.0,58839.0,59376.0,712000,KBS
2021-09-23 07:00:00,59914.0,61794.0,59645.0,60854.0,1094400,KBS
2021-09-24 07:00:00,61459.0,62332.0,60854.0,61123.0,925000,KBS
2021-09-27 07:00:00,62063.0,62130.0,60451.0,60451.0,1124300,KBS
2021-09-28 07:00:00,61123.0,64145.0,60585.0,63877.0,4515800,KBS
2021-09-29 07:00:00,64145.0,66093.0,64011.0,65018.0,2756300,KBS
2021-09-30 07:00:00,64884.0,65287.0,64212.0,65153.0,1244900,KBS
2021-10-01 07:00:00,64481.0,69653.0,64414.0,69519.0,4336000,KBS
2021-10-04 07:00:00,71198.0,74355.0,69855.0,69855.0,4046700,KBS
2021-10-05 07:00:00,71870.0,73817.0,70862.0,73213.0,2090000,KBS
2021-10-06 07:00:00,73213.0,76303.0,73213.0,76235.0,2420800,KBS
2021-10-07 07:00:00,74556.0,75900.0,73549.0,74556.0,2255400,KBS
2021-10-08 07:00:00,75094.0,76504.0,73549.0,75497.0,1830600,KBS
2021-10-11 07:00:00,75631.0,75900.0,73952.0,75564.0,2259900,KBS
2021-10-12 07:00:00,75094.0,76907.0,74288.0,75228.0,1949700,KBS
2021-10-13 07:00:00,75564.0,75564.0,73885.0,74556.0,1789300,KBS
2021-10-14 07:00:00,74355.0,76907.0,74355.0,74758.0,3003400,KBS
2021-10-15 07:00:00,75228.0,75900.0,74892.0,75228.0,1099600,KBS
2021-10-18 07:00:00,75564.0,79997.0,75429.0,78250.0,3109300,KBS
2021-10-19 07:00:00,77915.0,78922.0,76571.0,76907.0,1065700,KBS
2021-10-20 07:00:00,77512.0,77512.0,74220.0,76907.0,1708500,KBS
2021-10-21 07:00:00,77243.0,77512.0,75228.0,75362.0,1640500,KBS
2021-10-22 07:00:00,75497.0,76504.0,74355.0,75295.0,1280800,KBS
2021-10-25 07:00:00,75900.0,77377.0,75026.0,75228.0,2117000,KBS
2021-10-26 07:00:00,75900.0,77310.0,75497.0,76437.0,2367100,KBS
2021-10-27 07:00:00,77377.0,81743.0,77041.0,81743.0,4182900,KBS
2021-10-28 07:00:00,81609.0,86243.0,80131.0,83960.0,2341300,KBS
2021-10-29 07:00:00,83288.0,85639.0,81609.0,83624.0,1159800,KBS
2021-11-01 07:00:00,83691.0,85303.0,81273.0,81475.0,2076500,KBS
2021-11-02 07:00:00,82549.0,82549.0,80803.0,81676.0,1507400,KBS
2021-11-03 07:00:00,81676.0,82549.0,79594.0,80601.0,1891200,KBS
2021-11-04 07:00:00,79325.0,81945.0,78586.0,78653.0,1660900,KBS
2021-11-05 07:00:00,79258.0,83019.0,78116.0,82213.0,1340800,KBS
2021-11-08 07:00:00,83154.0,83221.0,80064.0,82616.0,1648200,KBS
2021-11-09 07:00:00,81139.0,83288.0,79930.0,80064.0,1665900,KBS
2021-11-10 07:00:00,80669.0,82415.0,79930.0,80870.0,1009600,KBS
2021-11-11 07:00:00,80601.0,81945.0,78855.0,79930.0,1895800,KBS
2021-11-12 07:00:00,80064.0,81206.0,78183.0,79325.0,1370200,KBS
2021-11-15 07:00:00,79930.0,80534.0,77041.0,79863.0,2157500,KBS
2021-11-16 07:00:00,79258.0,80736.0,78116.0,78385.0,1545600,KBS
2021-11-17 07:00:00,78586.0,79728.0,78452.0,78855.0,701200,KBS
2021-11-18 07:00:00,77915.0,78586.0,76437.0,76437.0,1277500,KBS
2021-11-19 07:00:00,76437.0,76571.0,71131.0,71198.0,2905400,KBS
2021-11-22 07:00:00,69855.0,71399.0,68242.0,68578.0,1436500,KBS
2021-11-23 07:00:00,68847.0,70862.0,68847.0,70258.0,768400,KBS
2021-11-24 07:00:00,71668.0,71802.0,69183.0,69183.0,922700,KBS
2021-11-25 07:00:00,69586.0,70593.0,69048.0,69787.0,657700,KBS
2021-11-26 07:00:00,69787.0,69855.0,68242.0,68511.0,1256000,KBS
2021-11-29 07:00:00,65556.0,67907.0,65556.0,66765.0,1292000,KBS
2021-11-30 07:00:00,67235.0,68310.0,66026.0,66026.0,1391100,KBS
2021-12-01 07:00:00,65556.0,66832.0,65489.0,66160.0,1464900,KBS
2021-12-02 07:00:00,66093.0,66832.0,65824.0,66093.0,591100,KBS
2021-12-03 07:00:00,66563.0,66563.0,64884.0,64884.0,1033200,KBS
2021-12-06 07:00:00,64683.0,65153.0,61123.0,61794.0,1232300,KBS
2021-12-07 07:00:00,63474.0,64817.0,62802.0,64817.0,964000,KBS
2021-12-08 07:00:00,65489.0,66698.0,65018.0,65959.0,1098500,KBS
2021-12-09 07:00:00,65757.0,67168.0,65153.0,66295.0,560300,KBS
2021-12-10 07:00:00,66093.0,66093.0,64615.0,64884.0,677400,KBS
2021-12-13 07:00:00,65824.0,66698.0,65287.0,65824.0,720800,KBS
2021-12-14 07:00:00,65757.0,66429.0,64817.0,65959.0,765000,KBS
2021-12-15 07:00:00,65556.0,65959.0,64750.0,65623.0,473400,KBS
2021-12-16 07:00:00,65824.0,67235.0,65220.0,66227.0,956600,KBS
2021-12-17 07:00:00,66563.0,67168.0,65690.0,66496.0,531800,KBS
2021-12-20 07:00:00,65824.0,65824.0,64481.0,64951.0,860700,KBS
2021-12-21 07:00:00,64951.0,65086.0,63138.0,63138.0,1259500,KBS
2021-12-22 07:00:00,64414.0,64884.0,63541.0,63944.0,592000,KBS
2021-12-23 07:00:00,64481.0,65623.0,63474.0,63944.0,1522500,KBS
2021-12-24 07:00:00,64683.0,65153.0,64011.0,64280.0,700000,KBS
2021-12-27 07:00:00,64280.0,65018.0,64280.0,64414.0,328900,KBS
2021-12-28 07:00:00,65153.0,66160.0,65153.0,65892.0,1086700,KBS
2021-12-29 07:00:00,66362.0,66362.0,65018.0,65153.0,458100,KBS
2021-12-30 07:00:00,65824.0,66093.0,65153.0,65153.0,580600,KBS
2021-12-31 07:00:00,65421.0,65421.0,64548.0,64615.0,674800,KBS
2022-01-04 07:00:00,65086.0,68444.0,65086.0,68444.0,1730300,KBS
2022-01-05 07:00:00,68981.0,70795.0,68847.0,70526.0,2082700,KBS
2022-01-06 07:00:00,69855.0,70459.0,69116.0,69653.0,828300,KBS
2022-01-07 07:00:00,70190.0,73414.0,69384.0,72205.0,1777900,KBS
2022-01-10 07:00:00,72205.0,72205.0,68511.0,68511.0,1000600,KBS
2022-01-11 07:00:00,69183.0,70190.0,68511.0,69384.0,650100,KBS
2022-01-12 07:00:00,70526.0,73146.0,70526.0,72541.0,1475800,KBS
2022-01-13 07:00:00,73280.0,74556.0,70526.0,70526.0,772800,KBS
2022-01-14 07:00:00,69855.0,71534.0,69519.0,70862.0,539400,KBS
2022-01-17 07:00:00,71668.0,73683.0,65959.0,70258.0,1451600,KBS
2022-01-18 07:00:00,69855.0,72541.0,69855.0,71870.0,931200,KBS
2022-01-19 07:00:00,72608.0,73146.0,70862.0,71870.0,664500,KBS
2022-01-20 07:00:00,71870.0,72944.0,70862.0,72944.0,717300,KBS
2022-01-21 07:00:00,72541.0,73079.0,70325.0,72138.0,1063800,KBS
2022-01-24 07:00:00,71870.0,73213.0,71735.0,71937.0,1029200,KBS
2022-01-25 07:00:00,71198.0,73549.0,69855.0,73549.0,1322100,KBS
2022-01-26 07:00:00,74086.0,75900.0,73213.0,75362.0,1440600,KBS
2022-01-27 07:00:00,75564.0,77176.0,74019.0,75094.0,911500,KBS
2022-01-28 07:00:00,75161.0,75900.0,71534.0,73213.0,1656400,KBS
2022-02-07 07:00:00,76437.0,77915.0,75295.0,77041.0,926300,KBS
2022-02-08 07:00:00,76907.0,77579.0,75631.0,76571.0,637800,KBS
2022-02-09 07:00:00,75900.0,76303.0,73885.0,73885.0,1828900,KBS
2022-02-10 07:00:00,75228.0,75765.0,73885.0,75228.0,859800,KBS
2022-02-11 07:00:00,75564.0,75765.0,74556.0,74556.0,483000,KBS
2022-02-14 07:00:00,76303.0,79258.0,75765.0,77915.0,1817900,KBS
2022-02-15 07:00:00,77915.0,80333.0,76303.0,78855.0,1425600,KBS
2022-02-16 07:00:00,76907.0,77847.0,75900.0,76907.0,723400,KBS
2022-02-17 07:00:00,76840.0,79728.0,76370.0,79728.0,1128100,KBS
2022-02-18 07:00:00,78250.0,79728.0,77444.0,78586.0,732400,KBS
2022-02-21 07:00:00,78250.0,78586.0,77579.0,77780.0,332600,KBS
2022-02-22 07:00:00,79258.0,79594.0,77915.0,78250.0,721200,KBS
2022-02-23 07:00:00,78989.0,80937.0,78116.0,78586.0,1292100,KBS
2022-02-24 07:00:00,79258.0,82281.0,78788.0,79930.0,1890000,KBS
2022-02-25 07:00:00,80669.0,82079.0,78318.0,78721.0,1320300,KBS
2022-02-28 07:00:00,79930.0,80333.0,78586.0,79258.0,940300,KBS
2022-03-01 07:00:00,79930.0,79930.0,77982.0,79057.0,1037700,KBS
2022-03-02 07:00:00,80601.0,81407.0,79258.0,80064.0,1558200,KBS
2022-03-03 07:00:00,81878.0,81878.0,79930.0,81072.0,1368500,KBS
2022-03-04 07:00:00,80601.0,80601.0,79258.0,79258.0,1555800,KBS
2022-03-07 07:00:00,84296.0,84296.0,82281.0,83691.0,2264100,KBS
2022-03-08 07:00:00,82348.0,84497.0,80669.0,81072.0,1426800,KBS
2022-03-09 07:00:00,82482.0,84094.0,81072.0,82079.0,1297600,KBS
2022-03-10 07:00:00,79258.0,80467.0,78452.0,79594.0,963500,KBS
2022-03-11 07:00:00,79258.0,79258.0,75429.0,75832.0,1619500,KBS
2022-03-14 07:00:00,73885.0,75228.0,71198.0,71198.0,1389300,KBS
2022-03-15 07:00:00,69855.0,72541.0,68511.0,72541.0,967000,KBS
2022-03-16 07:00:00,72877.0,73885.0,71198.0,73347.0,617000,KBS
2022-03-17 07:00:00,72608.0,73750.0,71198.0,71198.0,744100,KBS
2022-03-18 07:00:00,72541.0,73750.0,72205.0,73146.0,601000,KBS
2022-03-21 07:00:00,73482.0,77243.0,73146.0,76571.0,830800,KBS
2022-03-22 07:00:00,77243.0,78250.0,76235.0,77243.0,788400,KBS
2022-03-23 07:00:00,76773.0,77377.0,75295.0,75429.0,620500,KBS
2022-03-24 07:00:00,77176.0,77243.0,75161.0,75429.0,596000,KBS
2022-03-25 07:00:00,76504.0,76571.0,72541.0,74355.0,385200,KBS
2022-03-28 07:00:00,74422.0,75900.0,74086.0,74220.0,357200,KBS
2022-03-29 07:00:00,73885.0,75900.0,73146.0,75161.0,695700,KBS
2022-03-30 07:00:00,74489.0,74825.0,73280.0,73952.0,590500,KBS
2022-03-31 07:00:00,73885.0,75161.0,72676.0,72743.0,374200,KBS
2022-04-01 07:00:00,72407.0,74489.0,71870.0,73683.0,429800,KBS
2022-04-04 07:00:00,73952.0,75832.0,73817.0,75497.0,610500,KBS
2022-04-05 07:00:00,75698.0,77109.0,74556.0,76773.0,727800,KBS
2022-04-06 07:00:00,76840.0,78250.0,76034.0,76370.0,832600,KBS
2022-04-07 07:00:00,76370.0,77243.0,75161.0,75765.0,729000,KBS
2022-04-08 07:00:00,76437.0,76907.0,74019.0,74019.0,617300,KBS
2022-04-12 07:00:00,74355.0,75564.0,71870.0,73146.0,632900,KBS
2022-04-13 07:00:00,73280.0,74220.0,72474.0,73952.0,513600,KBS
2022-04-14 07:00:00,74825.0,75564.0,74758.0,74959.0,461700,KBS
2022-04-15 07:00:00,75564.0,79258.0,75228.0,77310.0,1786900,KBS
2022-04-18 07:00:00,78452.0,79191.0,76706.0,77444.0,848000,KBS
2022-04-19 07:00:00,78922.0,78922.0,76504.0,76504.0,676400,KBS
2022-04-20 07:00:00,76303.0,76303.0,71534.0,71601.0,1409200,KBS
2022-04-21 07:00:00,69855.0,72743.0,69183.0,70526.0,1072500,KBS
2022-04-22 07:00:00,70593.0,75429.0,67168.0,75429.0,1341800,KBS
2022-04-25 07:00:00,73213.0,75429.0,70190.0,70190.0,684200,KBS
2022-04-26 07:00:00,68511.0,73213.0,65892.0,73213.0,669700,KBS
2022-04-27 07:00:00,70526.0,74892.0,69855.0,74556.0,789600,KBS
2022-04-28 07:00:00,74086.0,74086.0,72340.0,72340.0,215400,KBS
2022-04-29 07:00:00,71870.0,72810.0,70526.0,71198.0,548300,KBS
2022-05-04 07:00:00,72273.0,73885.0,72004.0,72541.0,521100,KBS
2022-05-05 07:00:00,74556.0,74556.0,73146.0,73482.0,351200,KBS
2022-05-06 07:00:00,71534.0,73817.0,71534.0,73750.0,576300,KBS
2022-05-09 07:00:00,73213.0,73213.0,69183.0,70459.0,571900,KBS
2022-05-10 07:00:00,67504.0,72608.0,67168.0,72541.0,645200,KBS
2022-05-11 07:00:00,72071.0,73549.0,71198.0,73146.0,328500,KBS
2022-05-12 07:00:00,72541.0,72541.0,69586.0,70929.0,833900,KBS
2022-05-13 07:00:00,70056.0,71534.0,67168.0,67168.0,899400,KBS
2022-05-16 07:00:00,69183.0,69586.0,63809.0,63809.0,955900,KBS
2022-05-17 07:00:00,63809.0,67772.0,63138.0,67772.0,516700,KBS
2022-05-18 07:00:00,67839.0,71467.0,67369.0,70526.0,909900,KBS
2022-05-19 07:00:00,66832.0,71534.0,66832.0,71064.0,1136600,KBS
2022-05-20 07:00:00,70862.0,71668.0,69586.0,70190.0,292900,KBS
2022-05-23 07:00:00,70862.0,70996.0,69048.0,69519.0,541100,KBS
2022-05-24 07:00:00,69519.0,71802.0,68914.0,71064.0,840400,KBS
2022-05-25 07:00:00,71399.0,72810.0,71064.0,72810.0,764900,KBS
2022-05-26 07:00:00,73885.0,74691.0,71198.0,72273.0,565300,KBS
2022-05-27 07:00:00,72877.0,74691.0,72877.0,73885.0,404700,KBS
2022-05-30 07:00:00,75026.0,75429.0,73750.0,73885.0,682000,KBS
2022-05-31 07:00:00,74422.0,79057.0,73549.0,79057.0,2358100,KBS
2022-06-01 07:00:00,79728.0,83221.0,78586.0,81273.0,1740200,KBS
2022-06-02 07:00:00,80601.0,82616.0,79124.0,79863.0,1399300,KBS
2022-06-03 07:00:00,79258.0,83960.0,79258.0,83422.0,2364500,KBS
2022-06-06 07:00:00,84296.0,88997.0,84296.0,87251.0,2646200,KBS
2022-06-07 07:00:00,87251.0,87990.0,83355.0,87318.0,2035900,KBS
2022-06-08 07:00:00,87318.0,88594.0,86176.0,86579.0,1703300,KBS
2022-06-09 07:00:00,86579.0,87452.0,85437.0,85706.0,1293800,KBS
2022-06-10 07:00:00,84967.0,85706.0,79728.0,79728.0,2455800,KBS
2022-06-13 07:00:00,77243.0,82012.0,76907.0,79258.0,1737200,KBS
2022-06-14 07:00:00,80601.0,84631.0,79325.0,84631.0,1357700,KBS
2022-06-15 07:00:00,83288.0,86042.0,81139.0,83288.0,2223400,KBS
2022-06-16 07:00:00,84027.0,88594.0,82482.0,85975.0,2330800,KBS
2022-06-17 07:00:00,83960.0,90005.0,83624.0,90005.0,1558000,KBS
2022-06-20 07:00:00,87990.0,88661.0,83758.0,83758.0,1717900,KBS
2022-06-21 07:00:00,83288.0,85505.0,77915.0,80266.0,2345500,KBS
2022-06-22 07:00:00,79594.0,80601.0,74691.0,74691.0,1887400,KBS
2022-06-23 07:00:00,73885.0,79863.0,73885.0,78452.0,1113700,KBS
2022-06-24 07:00:00,78452.0,79057.0,76437.0,76571.0,806000,KBS
2022-06-27 07:00:00,77243.0,79057.0,76571.0,76840.0,903600,KBS
2022-06-28 07:00:00,78250.0,78989.0,77512.0,77915.0,798300,KBS
2022-06-29 07:00:00,77915.0,79258.0,76773.0,78586.0,968700,KBS
2022-06-30 07:00:00,78250.0,80266.0,77579.0,77579.0,1008200,KBS
2022-07-01 07:00:00,77109.0,77780.0,73885.0,75900.0,974500,KBS
2022-07-04 07:00:00,77349.0,77625.0,74865.0,74934.0,462800,KBS
2022-07-05 07:00:00,75210.0,76452.0,70380.0,71070.0,1503400,KBS
2022-07-06 07:00:00,68724.0,68931.0,66102.0,66102.0,1689000,KBS
2022-07-07 07:00:00,64929.0,66585.0,63894.0,64929.0,628400,KBS
2022-07-08 07:00:00,67275.0,67758.0,65550.0,65964.0,692300,KBS
2022-07-11 07:00:00,65895.0,66861.0,65481.0,65481.0,477100,KBS
2022-07-12 07:00:00,65688.0,68310.0,65688.0,68310.0,779400,KBS
2022-07-13 07:00:00,66930.0,66930.0,65826.0,66447.0,896400,KBS
2022-07-14 07:00:00,66930.0,68448.0,66930.0,68172.0,697700,KBS
2022-07-15 07:00:00,68172.0,68241.0,66930.0,67275.0,516900,KBS
2022-07-18 07:00:00,67344.0,67965.0,66585.0,67275.0,567900,KBS
2022-07-19 07:00:00,68172.0,70380.0,67827.0,70311.0,933900,KBS
2022-07-20 07:00:00,71415.0,71829.0,70380.0,71070.0,894600,KBS
2022-07-21 07:00:00,71001.0,72450.0,70035.0,71829.0,862900,KBS
2022-07-22 07:00:00,71760.0,75831.0,71760.0,74382.0,1087700,KBS
2022-07-25 07:00:00,74175.0,75555.0,72036.0,72243.0,543700,KBS
2022-07-26 07:00:00,74313.0,74313.0,71760.0,72243.0,483400,KBS
2022-07-27 07:00:00,72174.0,72726.0,71415.0,72243.0,374600,KBS
2022-07-28 07:00:00,73830.0,75693.0,72795.0,73347.0,508900,KBS
2022-07-29 07:00:00,74520.0,75555.0,73692.0,74175.0,530100,KBS
2022-08-01 07:00:00,74175.0,75555.0,73692.0,74451.0,424900,KBS
2022-08-02 07:00:00,74175.0,74796.0,72933.0,74658.0,444800,KBS
2022-08-03 07:00:00,74727.0,77970.0,74520.0,77280.0,583600,KBS
2022-08-04 07:00:00,76935.0,77211.0,74865.0,75210.0,769800,KBS
2022-08-05 07:00:00,74382.0,75900.0,73485.0,75555.0,726100,KBS
2022-08-08 07:00:00,75279.0,77280.0,74520.0,76590.0,350600,KBS
2022-08-09 07:00:00,76797.0,77625.0,75900.0,77280.0,368600,KBS
2022-08-10 07:00:00,76590.0,77418.0,75969.0,76521.0,389600,KBS
2022-08-11 07:00:00,77280.0,78591.0,76797.0,77970.0,846900,KBS
2022-08-12 07:00:00,77970.0,79971.0,77970.0,78936.0,363800,KBS
2022-08-15 07:00:00,79350.0,79488.0,77763.0,78660.0,404300,KBS
2022-08-16 07:00:00,77970.0,78660.0,77280.0,78315.0,326200,KBS
2022-08-17 07:00:00,78660.0,79281.0,76935.0,77556.0,879200,KBS
2022-08-18 07:00:00,77970.0,81351.0,77211.0,78453.0,987400,KBS
2022-08-19 07:00:00,79281.0,81420.0,78936.0,79764.0,536800,KBS
2022-08-22 07:00:00,79626.0,80730.0,79143.0,79281.0,370200,KBS
2022-08-23 07:00:00,79695.0,80937.0,79695.0,80730.0,446500,KBS
2022-08-24 07:00:00,81420.0,82455.0,80730.0,80937.0,358100,KBS
2022-08-25 07:00:00,81351.0,82110.0,80385.0,80385.0,424500,KBS
2022-08-26 07:00:00,80385.0,80385.0,79419.0,79488.0,491500,KBS
2022-08-29 07:00:00,78798.0,81075.0,78798.0,81075.0,669800,KBS
2022-08-30 07:00:00,81144.0,82800.0,80730.0,82041.0,725100,KBS
2022-08-31 07:00:00,81282.0,82110.0,80661.0,80799.0,429300,KBS
2022-09-05 07:00:00,80247.0,81075.0,79833.0,80316.0,325500,KBS
2022-09-06 07:00:00,81075.0,81282.0,80316.0,80385.0,247300,KBS
2022-09-07 07:00:00,80040.0,80040.0,77280.0,77280.0,846100,KBS
2022-09-08 07:00:00,77970.0,78315.0,76314.0,77142.0,315200,KBS
2022-09-09 07:00:00,77901.0,78660.0,77004.0,78660.0,332700,KBS
2022-09-12 07:00:00,78660.0,79626.0,78315.0,78453.0,364300,KBS
2022-09-13 07:00:00,78384.0,79212.0,77832.0,78798.0,246500,KBS
2022-09-14 07:00:00,77487.0,78453.0,77142.0,77625.0,317100,KBS
2022-09-15 07:00:00,78660.0,78798.0,76728.0,77142.0,566400,KBS
2022-09-16 07:00:00,76590.0,77970.0,76245.0,76590.0,498800,KBS
2022-09-19 07:00:00,76590.0,77832.0,74520.0,74520.0,501200,KBS
2022-09-20 07:00:00,75900.0,75900.0,74175.0,75279.0,403400,KBS
2022-09-21 07:00:00,75279.0,75831.0,74727.0,75210.0,216700,KBS
2022-09-22 07:00:00,75210.0,76866.0,75072.0,76590.0,232400,KBS
2022-09-23 07:00:00,76866.0,79005.0,76590.0,77625.0,361700,KBS
2022-09-26 07:00:00,76590.0,78798.0,76590.0,78384.0,666700,KBS
2022-09-27 07:00:00,78660.0,78660.0,76590.0,76935.0,215200,KBS
2022-09-28 07:00:00,75900.0,77418.0,71760.0,71760.0,662800,KBS
2022-09-29 07:00:00,73485.0,74313.0,72450.0,72450.0,307600,KBS
2022-09-30 07:00:00,70380.0,77280.0,69966.0,75900.0,719100,KBS
2022-10-03 07:00:00,75210.0,75210.0,73347.0,73830.0,367400,KBS
2022-10-04 07:00:00,73899.0,75210.0,71415.0,73140.0,260400,KBS
2022-10-05 07:00:00,73209.0,75141.0,73209.0,73830.0,402300,KBS
2022-10-06 07:00:00,73968.0,74865.0,73761.0,73761.0,447800,KBS
2022-10-07 07:00:00,73761.0,73761.0,70380.0,70380.0,334000,KBS
2022-10-10 07:00:00,70380.0,75279.0,70380.0,73140.0,431000,KBS
2022-10-11 07:00:00,73140.0,75279.0,72450.0,73209.0,508200,KBS
2022-10-12 07:00:00,72519.0,74382.0,72519.0,73830.0,169800,KBS
2022-10-13 07:00:00,73071.0,74658.0,72519.0,74520.0,544600,KBS
2022-10-14 07:00:00,74589.0,76038.0,74520.0,75762.0,387800,KBS
2022-10-17 07:00:00,74451.0,78108.0,73968.0,76935.0,300200,KBS
2022-10-18 07:00:00,78108.0,78108.0,76590.0,76590.0,448500,KBS
2022-10-19 07:00:00,76659.0,77970.0,74520.0,75279.0,423200,KBS
2022-10-20 07:00:00,75210.0,76590.0,74658.0,76521.0,165200,KBS
2022-10-21 07:00:00,76521.0,77694.0,73968.0,73968.0,468300,KBS
2022-10-24 07:00:00,73968.0,75141.0,73485.0,73968.0,503600,KBS
2022-10-25 07:00:00,73968.0,75210.0,72864.0,73968.0,367300,KBS
2022-10-26 07:00:00,73968.0,74658.0,73761.0,74520.0,181800,KBS
2022-10-27 07:00:00,75141.0,76728.0,73899.0,75900.0,468600,KBS
2022-10-28 07:00:00,75969.0,76590.0,75210.0,75210.0,194100,KBS
2022-10-31 07:00:00,75210.0,76659.0,74865.0,76659.0,156300,KBS
2022-11-01 07:00:00,76866.0,78315.0,75348.0,75900.0,451300,KBS
2022-11-02 07:00:00,76314.0,78315.0,75003.0,75900.0,584100,KBS
2022-11-03 07:00:00,77142.0,77418.0,75900.0,76866.0,162300,KBS
2022-11-04 07:00:00,76866.0,77280.0,74589.0,76590.0,329600,KBS
2022-11-07 07:00:00,76935.0,78315.0,76935.0,77901.0,404900,KBS
2022-11-08 07:00:00,78591.0,79350.0,77901.0,78936.0,381600,KBS
2022-11-09 07:00:00,79005.0,81075.0,78936.0,80316.0,404800,KBS
2022-11-10 07:00:00,79419.0,80592.0,75900.0,78246.0,276200,KBS
2022-11-11 07:00:00,78384.0,80385.0,78384.0,78591.0,170100,KBS
2022-11-14 07:00:00,78453.0,80040.0,76452.0,78522.0,350400,KBS
2022-11-15 07:00:00,78522.0,79005.0,75210.0,76935.0,421000,KBS
2022-11-16 07:00:00,72795.0,80730.0,72795.0,80730.0,314700,KBS
2022-11-17 07:00:00,79764.0,82800.0,79764.0,82593.0,442400,KBS
2022-11-18 07:00:00,82179.0,82386.0,77280.0,78867.0,398600,KBS
2022-11-21 07:00:00,78867.0,79005.0,76245.0,76797.0,172200,KBS
2022-11-22 07:00:00,76659.0,79281.0,75279.0,75348.0,314100,KBS
2022-11-23 07:00:00,75624.0,77073.0,74520.0,74658.0,227700,KBS
2022-11-24 07:00:00,75210.0,75210.0,72450.0,73002.0,474500,KBS
2022-11-25 07:00:00,73830.0,74175.0,71760.0,72312.0,398800,KBS
2022-11-28 07:00:00,72312.0,77349.0,71760.0,77349.0,370200,KBS
2022-11-29 07:00:00,77280.0,78591.0,75141.0,77280.0,405200,KBS
2022-11-30 07:00:00,77280.0,77280.0,75900.0,76038.0,282900,KBS
2022-12-01 07:00:00,77280.0,77280.0,72450.0,73485.0,514400,KBS
2022-12-02 07:00:00,73485.0,77970.0,73485.0,76728.0,572000,KBS
2022-12-05 07:00:00,77970.0,78384.0,76383.0,78108.0,500600,KBS
2022-12-06 07:00:00,77970.0,78315.0,75210.0,75555.0,494500,KBS
2022-12-07 07:00:00,75555.0,76935.0,73692.0,73692.0,336900,KBS
2022-12-08 07:00:00,74589.0,76521.0,73140.0,73140.0,465900,KBS
2022-12-09 07:00:00,74451.0,74865.0,73140.0,73140.0,374700,KBS
2022-12-12 07:00:00,74520.0,74796.0,72450.0,72450.0,350200,KBS
2022-12-13 07:00:00,73761.0,74175.0,72519.0,72864.0,400900,KBS
2022-12-14 07:00:00,73554.0,74520.0,73485.0,74175.0,277500,KBS
2022-12-15 07:00:00,73830.0,74520.0,72864.0,73347.0,504800,KBS
2022-12-16 07:00:00,73347.0,74451.0,73002.0,73416.0,256100,KBS
2022-12-19 07:00:00,73140.0,73692.0,72588.0,72588.0,449500,KBS
2022-12-20 07:00:00,72450.0,72795.0,71484.0,72312.0,218300,KBS
2022-12-21 07:00:00,73140.0,73140.0,71415.0,71415.0,198400,KBS
2022-12-22 07:00:00,72450.0,72450.0,69828.0,69828.0,254000,KBS
2022-12-23 07:00:00,70725.0,71622.0,70035.0,70035.0,261500,KBS
2022-12-26 07:00:00,70449.0,72174.0,70449.0,70794.0,332400,KBS
2022-12-27 07:00:00,71691.0,71760.0,70242.0,71139.0,154700,KBS
2022-12-28 07:00:00,71484.0,71760.0,70518.0,71070.0,221800,KBS
2022-12-29 07:00:00,71691.0,71691.0,70794.0,70794.0,97600,KBS
2022-12-30 07:00:00,70794.0,70932.0,70035.0,70035.0,141500,KBS
2023-01-03 07:00:00,70380.0,72450.0,70311.0,72450.0,287800,KBS
2023-01-04 07:00:00,72795.0,72795.0,71760.0,72450.0,225000,KBS
2023-01-05 07:00:00,72450.0,73623.0,72105.0,73554.0,270100,KBS
2023-01-06 07:00:00,73485.0,73761.0,72174.0,72243.0,138800,KBS
2023-01-09 07:00:00,72657.0,72864.0,71760.0,72105.0,153500,KBS
2023-01-10 07:00:00,72105.0,72174.0,71139.0,72174.0,256300,KBS
2023-01-11 07:00:00,72381.0,72726.0,71829.0,71898.0,108100,KBS
2023-01-12 07:00:00,71898.0,72588.0,71898.0,72450.0,236800,KBS
2023-01-13 07:00:00,72174.0,72795.0,72036.0,72105.0,193100,KBS
2023-01-16 07:00:00,72312.0,72312.0,71070.0,71070.0,244900,KBS
2023-01-17 07:00:00,71070.0,72243.0,70725.0,71898.0,290300,KBS
2023-01-18 07:00:00,72381.0,72933.0,71898.0,71967.0,151800,KBS
2023-01-19 07:00:00,72243.0,72381.0,71415.0,72105.0,249800,KBS
2023-01-27 07:00:00,72519.0,76038.0,72519.0,74658.0,535400,KBS
2023-01-30 07:00:00,75210.0,75279.0,73554.0,73554.0,267500,KBS
2023-01-31 07:00:00,73554.0,74175.0,72864.0,73347.0,283700,KBS
2023-02-01 07:00:00,73761.0,76314.0,73140.0,73554.0,732800,KBS
2023-02-02 07:00:00,73830.0,74520.0,73416.0,73830.0,293900,KBS
2023-02-03 07:00:00,73692.0,73830.0,72588.0,72588.0,258900,KBS
2023-02-06 07:00:00,72588.0,73830.0,71898.0,73140.0,242000,KBS
2023-02-07 07:00:00,73623.0,74382.0,72450.0,73347.0,287400,KBS
2023-02-08 07:00:00,73347.0,74520.0,73278.0,74037.0,273500,KBS
2023-02-09 07:00:00,74451.0,75072.0,74037.0,74589.0,314600,KBS
2023-02-10 07:00:00,74589.0,74589.0,73209.0,73209.0,202400,KBS
2023-02-13 07:00:00,73209.0,74382.0,72657.0,73071.0,201400,KBS
2023-02-14 07:00:00,73347.0,73830.0,72864.0,72864.0,108200,KBS
2023-02-15 07:00:00,73140.0,74175.0,72933.0,73899.0,181700,KBS
2023-02-16 07:00:00,73416.0,75141.0,73416.0,74451.0,261100,KBS
2023-02-17 07:00:00,74175.0,74451.0,73623.0,73968.0,186300,KBS
2023-02-20 07:00:00,74037.0,75210.0,74037.0,75210.0,200100,KBS
2023-02-21 07:00:00,74865.0,75555.0,74727.0,74727.0,216200,KBS
2023-02-22 07:00:00,74175.0,75900.0,73761.0,73830.0,240700,KBS
2023-02-23 07:00:00,74244.0,74244.0,72312.0,73002.0,174700,KBS
2023-02-24 07:00:00,73140.0,74175.0,72450.0,73485.0,127400,KBS
2023-02-27 07:00:00,73485.0,73485.0,71070.0,71760.0,245200,KBS
2023-02-28 07:00:00,72450.0,72726.0,71346.0,71415.0,73500,KBS
2023-03-01 07:00:00,71208.0,73071.0,71208.0,72519.0,113000,KBS
2023-03-02 07:00:00,72450.0,73002.0,72174.0,72450.0,115100,KBS
2023-03-03 07:00:00,73071.0,73071.0,70932.0,72105.0,184400,KBS
2023-03-06 07:00:00,72450.0,72795.0,71484.0,71553.0,91900,KBS
2023-03-07 07:00:00,72381.0,72795.0,71691.0,72105.0,203700,KBS
2023-03-08 07:00:00,71622.0,73071.0,71553.0,73071.0,147800,KBS
2023-03-09 07:00:00,72657.0,74451.0,72657.0,73692.0,190600,KBS
2023-03-10 07:00:00,73347.0,74037.0,72795.0,73830.0,229400,KBS
2023-03-13 07:00:00,73830.0,74865.0,73071.0,74589.0,347000,KBS
2023-03-14 07:00:00,73347.0,74520.0,72795.0,74313.0,185000,KBS
2023-03-15 07:00:00,74313.0,74520.0,73554.0,73830.0,196300,KBS
2023-03-16 07:00:00,73830.0,73830.0,71898.0,72174.0,277700,KBS
2023-03-17 07:00:00,72657.0,73278.0,71553.0,71553.0,226600,KBS
2023-03-20 07:00:00,71760.0,72174.0,71001.0,71070.0,189500,KBS
2023-03-21 07:00:00,71208.0,71760.0,70794.0,71208.0,112000,KBS
2023-03-22 07:00:00,71760.0,71760.0,70863.0,71001.0,126300,KBS
2023-03-23 07:00:00,70725.0,71070.0,70380.0,70725.0,146700,KBS
2023-03-24 07:00:00,70794.0,71484.0,70449.0,70656.0,251400,KBS
2023-03-27 07:00:00,70725.0,71139.0,70380.0,70380.0,102100,KBS
2023-03-28 07:00:00,70656.0,71829.0,70656.0,71553.0,270800,KBS
2023-03-29 07:00:00,71553.0,71553.0,70794.0,70932.0,99300,KBS
2023-03-30 07:00:00,71070.0,71691.0,70656.0,70656.0,138900,KBS
2023-03-31 07:00:00,70656.0,71208.0,70242.0,70380.0,246900,KBS
2023-04-03 07:00:00,71484.0,71622.0,70380.0,70725.0,322100,KBS
2023-04-04 07:00:00,71415.0,71415.0,70242.0,70311.0,564900,KBS
2023-04-05 07:00:00,71001.0,71001.0,70242.0,70311.0,217900,KBS
2023-04-06 07:00:00,70863.0,70863.0,69966.0,70035.0,307100,KBS
2023-04-07 07:00:00,69966.0,70311.0,69690.0,69828.0,145000,KBS
2023-04-10 07:00:00,69759.0,70173.0,68655.0,68655.0,467900,KBS
2023-04-11 07:00:00,68655.0,69276.0,68655.0,68931.0,240000,KBS
2023-04-12 07:00:00,69000.0,69759.0,68724.0,68862.0,280100,KBS
2023-04-13 07:00:00,69621.0,69621.0,68793.0,69000.0,181400,KBS
2023-04-14 07:00:00,69483.0,69483.0,67689.0,67689.0,281200,KBS
2023-04-17 07:00:00,67758.0,68034.0,66999.0,67068.0,238400,KBS
2023-04-18 07:00:00,67275.0,67482.0,66723.0,66792.0,220200,KBS
2023-04-19 07:00:00,67275.0,67482.0,65619.0,65964.0,334400,KBS
2023-04-20 07:00:00,66240.0,67275.0,65964.0,66240.0,280900,KBS
2023-04-21 07:00:00,66792.0,66792.0,65688.0,65826.0,414800,KBS
2023-04-24 07:00:00,65895.0,66033.0,64239.0,64239.0,563800,KBS
2023-04-25 07:00:00,64860.0,64860.0,63480.0,63480.0,321700,KBS
2023-04-26 07:00:00,63204.0,64998.0,63204.0,64446.0,336500,KBS
2023-04-27 07:00:00,64584.0,64998.0,63618.0,63618.0,299000,KBS
2023-04-28 07:00:00,64377.0,64377.0,63687.0,64032.0,161300,KBS
2023-05-04 07:00:00,63549.0,64032.0,63204.0,63480.0,204200,KBS
2023-05-05 07:00:00,63480.0,63756.0,63204.0,63411.0,167600,KBS
2023-05-08 07:00:00,63618.0,64239.0,63618.0,64239.0,263400,KBS
2023-05-09 07:00:00,64515.0,65343.0,64515.0,64929.0,276600,KBS
2023-05-10 07:00:00,65274.0,65274.0,64032.0,64308.0,247500,KBS
2023-05-11 07:00:00,64515.0,64722.0,63618.0,63618.0,407300,KBS
2023-05-12 07:00:00,63480.0,64032.0,63480.0,63825.0,263300,KBS
2023-05-15 07:00:00,64170.0,64791.0,63618.0,63618.0,396300,KBS
2023-05-16 07:00:00,64170.0,64308.0,63618.0,63756.0,253100,KBS
2023-05-17 07:00:00,63825.0,64170.0,63342.0,63411.0,291000,KBS
2023-05-18 07:00:00,63480.0,64515.0,63342.0,64170.0,502900,KBS
2023-05-19 07:00:00,64308.0,65895.0,64239.0,65481.0,861600,KBS
2023-05-22 07:00:00,65895.0,65964.0,64860.0,65343.0,359100,KBS
2023-05-23 07:00:00,65481.0,65481.0,64239.0,64308.0,435400,KBS
2023-05-24 07:00:00,64653.0,64653.0,63825.0,63825.0,413900,KBS
2023-05-25 07:00:00,64170.0,65412.0,63825.0,65343.0,611300,KBS
2023-05-26 07:00:00,65826.0,65826.0,64515.0,64653.0,428800,KBS
2023-05-29 07:00:00,64860.0,65136.0,64515.0,64722.0,415700,KBS
2023-05-30 07:00:00,64722.0,64860.0,64032.0,64101.0,586500,KBS
2023-05-31 07:00:00,64032.0,64308.0,64032.0,64032.0,405400,KBS
2023-06-01 07:00:00,64515.0,64515.0,63480.0,63480.0,548100,KBS
2023-06-02 07:00:00,63687.0,64032.0,63480.0,63480.0,574800,KBS
2023-06-05 07:00:00,63894.0,64860.0,63894.0,64860.0,521600,KBS
2023-06-06 07:00:00,65205.0,66102.0,65067.0,65619.0,837700,KBS
2023-06-07 07:00:00,65688.0,65895.0,64722.0,65205.0,706700,KBS
2023-06-08 07:00:00,65550.0,65688.0,64377.0,64584.0,632000,KBS
2023-06-09 07:00:00,64584.0,64929.0,64308.0,64653.0,288800,KBS
2023-06-12 07:00:00,65136.0,65136.0,64101.0,64791.0,490200,KBS
2023-06-13 07:00:00,65067.0,65136.0,64584.0,64860.0,582100,KBS
2023-06-14 07:00:00,64929.0,66033.0,64929.0,65274.0,760100,KBS
2023-06-15 07:00:00,65481.0,67482.0,65343.0,66654.0,1299100,KBS
2023-06-16 07:00:00,67068.0,67206.0,65895.0,65895.0,589800,KBS
2023-06-19 07:00:00,66033.0,66861.0,65688.0,65688.0,637900,KBS
2023-06-20 07:00:00,65688.0,66585.0,65412.0,66585.0,508200,KBS
2023-06-21 07:00:00,66585.0,66585.0,65757.0,66102.0,483500,KBS
2023-06-22 07:00:00,66102.0,66585.0,65895.0,65964.0,812800,KBS
2023-06-23 07:00:00,66447.0,66447.0,65550.0,65688.0,628300,KBS
2023-06-26 07:00:00,65688.0,66447.0,65619.0,66240.0,942400,KBS
2023-06-27 07:00:00,66723.0,66930.0,66240.0,66447.0,510600,KBS
2023-06-28 07:00:00,66861.0,66861.0,65826.0,65826.0,762500,KBS
2023-06-29 07:00:00,65895.0,66102.0,65274.0,65274.0,710100,KBS
2023-06-30 07:00:00,65274.0,65550.0,64170.0,64170.0,681400,KBS
2023-07-03 07:00:00,64722.0,65205.0,64584.0,64860.0,380900,KBS
2023-07-04 07:00:00,65136.0,65826.0,64929.0,65619.0,498400,KBS
2023-07-05 07:00:00,65757.0,65757.0,65067.0,65067.0,410400,KBS
2023-07-06 07:00:00,65550.0,66585.0,65343.0,65688.0,1374300,KBS
2023-07-07 07:00:00,66033.0,66654.0,65757.0,66240.0,672500,KBS
2023-07-10 07:00:00,66585.0,67344.0,66516.0,67275.0,1125900,KBS
2023-07-11 07:00:00,67482.0,67620.0,66930.0,67068.0,719600,KBS
2023-07-12 07:00:00,67344.0,67344.0,66378.0,66585.0,568500,KBS
2023-07-13 07:00:00,66930.0,68724.0,66654.0,68517.0,1368300,KBS
2023-07-14 07:00:00,68655.0,69345.0,67965.0,68310.0,695200,KBS
2023-07-17 07:00:00,68379.0,68448.0,67689.0,68310.0,514100,KBS
2023-07-18 07:00:00,68310.0,69276.0,67965.0,68862.0,742300,KBS
2023-07-19 07:00:00,69207.0,69207.0,68241.0,68241.0,526000,KBS
2023-07-20 07:00:00,68103.0,68448.0,67275.0,68103.0,562600,KBS
2023-07-21 07:00:00,68103.0,68586.0,67689.0,68586.0,532600,KBS
2023-07-24 07:00:00,68793.0,68931.0,67896.0,67965.0,539100,KBS
2023-07-25 07:00:00,68172.0,68724.0,67965.0,68172.0,413300,KBS
2023-07-26 07:00:00,68172.0,68172.0,67758.0,67758.0,390200,KBS
2023-07-27 07:00:00,67965.0,68172.0,67689.0,67758.0,468200,KBS
2023-07-28 07:00:00,67620.0,68724.0,67620.0,68655.0,537300,KBS
2023-07-31 07:00:00,69069.0,70794.0,69069.0,70104.0,1189900,KBS
2023-08-01 07:00:00,70587.0,70587.0,69483.0,69483.0,608900,KBS
2023-08-02 07:00:00,69690.0,70104.0,68931.0,69276.0,330500,KBS
2023-08-03 07:00:00,69276.0,69345.0,68724.0,68724.0,451000,KBS
2023-08-04 07:00:00,68724.0,69621.0,68586.0,69207.0,544800,KBS
2023-08-07 07:00:00,69897.0,69897.0,68931.0,69621.0,351200,KBS
2023-08-08 07:00:00,69621.0,69966.0,69414.0,69828.0,529700,KBS
2023-08-09 07:00:00,69966.0,69966.0,69414.0,69690.0,371500,KBS
2023-08-10 07:00:00,70311.0,71553.0,70035.0,70380.0,771900,KBS
2023-08-11 07:00:00,70242.0,70380.0,69483.0,70035.0,344200,KBS
2023-08-14 07:00:00,70104.0,70311.0,69345.0,69414.0,549300,KBS
2023-08-15 07:00:00,69483.0,69483.0,69069.0,69276.0,326400,KBS
2023-08-16 07:00:00,69276.0,69966.0,69000.0,69138.0,403400,KBS
2023-08-17 07:00:00,69000.0,69690.0,68724.0,69000.0,416400,KBS
2023-08-18 07:00:00,68931.0,68931.0,67344.0,67344.0,905200,KBS
2023-08-21 07:00:00,68034.0,68586.0,67689.0,68379.0,451700,KBS
2023-08-22 07:00:00,68655.0,69690.0,68310.0,69207.0,598300,KBS
2023-08-23 07:00:00,69207.0,70449.0,69207.0,70311.0,724300,KBS
2023-08-24 07:00:00,70725.0,70725.0,70311.0,70656.0,553400,KBS
2023-08-25 07:00:00,70656.0,70656.0,69690.0,69966.0,539600,KBS
2023-08-28 07:00:00,70587.0,71622.0,70242.0,71208.0,687500,KBS
2023-08-29 07:00:00,72209.0,72209.0,71065.0,71422.0,543100,KBS
2023-08-30 07:00:00,71494.0,71494.0,70636.0,70993.0,426600,KBS
2023-08-31 07:00:00,70993.0,71136.0,70493.0,70493.0,573700,KBS
2023-09-05 07:00:00,71637.0,71637.0,70564.0,71208.0,420600,KBS
2023-09-06 07:00:00,71422.0,72780.0,71279.0,72566.0,547900,KBS
2023-09-07 07:00:00,72495.0,73781.0,71923.0,73567.0,911900,KBS
2023-09-08 07:00:00,73567.0,73853.0,73066.0,73066.0,548900,KBS
2023-09-11 07:00:00,73996.0,73996.0,72280.0,72495.0,371800,KBS
2023-09-12 07:00:00,73066.0,74067.0,72280.0,73424.0,588800,KBS
2023-09-13 07:00:00,73710.0,75998.0,73424.0,75497.0,1296300,KBS
2023-09-14 07:00:00,75497.0,77142.0,74711.0,75783.0,552900,KBS
2023-09-15 07:00:00,76498.0,78428.0,75855.0,78357.0,793000,KBS
2023-09-18 07:00:00,78571.0,80001.0,77213.0,77928.0,469500,KBS
2023-09-19 07:00:00,77928.0,79358.0,76927.0,78643.0,404100,KBS
2023-09-20 07:00:00,78643.0,78643.0,77499.0,77928.0,428400,KBS
2023-09-21 07:00:00,77642.0,77928.0,76141.0,76141.0,774100,KBS
2023-09-22 07:00:00,77084.0,78027.0,76141.0,77941.0,730800,KBS
2023-09-25 07:00:00,77941.0,78884.0,76312.0,76741.0,507700,KBS
2023-09-26 07:00:00,76741.0,77341.0,76141.0,76141.0,441600,KBS
2023-09-27 07:00:00,76312.0,76741.0,73740.0,76226.0,570500,KBS
2023-09-28 07:00:00,76998.0,78456.0,76226.0,78456.0,924000,KBS
2023-09-29 07:00:00,78627.0,78627.0,76741.0,77770.0,596500,KBS
2023-10-02 07:00:00,77598.0,77598.0,76226.0,76569.0,289100,KBS
2023-10-03 07:00:00,76141.0,76141.0,73740.0,73997.0,546000,KBS
2023-10-04 07:00:00,73740.0,74169.0,73568.0,73568.0,603600,KBS
2023-10-05 07:00:00,73483.0,73568.0,72196.0,72196.0,589900,KBS
2023-10-06 07:00:00,72111.0,72196.0,71168.0,72196.0,350400,KBS
2023-10-09 07:00:00,74169.0,74855.0,73311.0,74254.0,514800,KBS
2023-10-10 07:00:00,74769.0,75626.0,73225.0,74083.0,986100,KBS
2023-10-11 07:00:00,74597.0,75026.0,73311.0,73740.0,658700,KBS
2023-10-12 07:00:00,74083.0,74083.0,72882.0,73740.0,639900,KBS
2023-10-13 07:00:00,72968.0,73740.0,72368.0,73568.0,431800,KBS
2023-10-16 07:00:00,74169.0,75369.0,74169.0,74512.0,874500,KBS
2023-10-17 07:00:00,74340.0,74512.0,73054.0,73054.0,454400,KBS
2023-10-18 07:00:00,72882.0,72968.0,69881.0,71168.0,792800,KBS
2023-10-19 07:00:00,71168.0,71596.0,70224.0,70224.0,638800,KBS
2023-10-20 07:00:00,70482.0,71339.0,68595.0,71339.0,812700,KBS
2023-10-23 07:00:00,71425.0,71425.0,68938.0,69110.0,467400,KBS
2023-10-24 07:00:00,69453.0,69710.0,68595.0,69624.0,348400,KBS
2023-10-25 07:00:00,69453.0,69796.0,68938.0,68938.0,329400,KBS
2023-10-26 07:00:00,66709.0,68595.0,64737.0,64737.0,1072900,KBS
2023-10-27 07:00:00,65594.0,67309.0,64822.0,66537.0,377800,KBS
2023-10-30 07:00:00,66537.0,66623.0,65594.0,65680.0,256600,KBS
2023-10-31 07:00:00,65680.0,66109.0,65165.0,65680.0,355200,KBS
2023-11-01 07:00:00,66452.0,66452.0,65423.0,65937.0,296600,KBS
2023-11-02 07:00:00,66280.0,67909.0,65937.0,67909.0,444700,KBS
2023-11-03 07:00:00,68081.0,68338.0,67138.0,67824.0,455300,KBS
2023-11-06 07:00:00,67824.0,67824.0,66880.0,67738.0,415200,KBS
2023-11-07 07:00:00,67738.0,68938.0,67309.0,67566.0,309800,KBS
2023-11-08 07:00:00,67309.0,68595.0,66880.0,68595.0,504300,KBS
2023-11-09 07:00:00,68595.0,68938.0,67738.0,68595.0,628100,KBS
2023-11-10 07:00:00,67738.0,68595.0,67309.0,67481.0,525700,KBS
2023-11-13 07:00:00,67738.0,68166.0,67395.0,67738.0,306300,KBS
2023-11-14 07:00:00,67995.0,68338.0,67309.0,67824.0,445500,KBS
2023-11-15 07:00:00,68252.0,69195.0,68252.0,68681.0,823800,KBS
2023-11-16 07:00:00,68509.0,68595.0,67738.0,68595.0,652000,KBS
2023-11-17 07:00:00,68252.0,68338.0,67138.0,67481.0,778800,KBS
2023-11-20 07:00:00,66623.0,67652.0,66537.0,67138.0,572600,KBS
2023-11-21 07:00:00,67566.0,67824.0,67138.0,67738.0,379300,KBS
2023-11-22 07:00:00,67738.0,67995.0,67223.0,67738.0,481600,KBS
2023-11-23 07:00:00,67824.0,67909.0,66023.0,66023.0,611500,KBS
2023-11-24 07:00:00,66109.0,66537.0,65165.0,66452.0,624900,KBS
2023-11-27 07:00:00,66623.0,66623.0,65594.0,65851.0,404100,KBS
2023-11-28 07:00:00,65594.0,66023.0,64994.0,66023.0,526300,KBS
2023-11-29 07:00:00,65766.0,66880.0,65680.0,66709.0,596100,KBS
2023-11-30 07:00:00,66795.0,67138.0,65594.0,65594.0,465700,KBS
2023-12-01 07:00:00,66023.0,66795.0,65680.0,66623.0,492700,KBS
2023-12-04 07:00:00,66709.0,67824.0,66623.0,67738.0,783500,KBS
2023-12-05 07:00:00,67738.0,68509.0,67481.0,67738.0,661500,KBS
2023-12-06 07:00:00,67738.0,68424.0,67652.0,68424.0,480100,KBS
2023-12-07 07:00:00,68081.0,68166.0,66452.0,66795.0,856700,KBS
2023-12-08 07:00:00,66966.0,67481.0,66452.0,66537.0,884500,KBS
2023-12-11 07:00:00,67395.0,67395.0,66709.0,67138.0,694500,KBS
2023-12-12 07:00:00,67138.0,67223.0,66795.0,67052.0,471100,KBS
2023-12-13 07:00:00,67052.0,67052.0,65851.0,65937.0,1119800,KBS
2023-12-14 07:00:00,65937.0,66623.0,65766.0,65937.0,403200,KBS
2023-12-15 07:00:00,65937.0,65937.0,65165.0,65165.0,806600,KBS
2023-12-18 07:00:00,65165.0,65251.0,64737.0,64737.0,615300,KBS
2023-12-19 07:00:00,64308.0,64651.0,63622.0,64308.0,886500,KBS
2023-12-20 07:00:00,64737.0,64737.0,64137.0,64479.0,573700,KBS
2023-12-21 07:00:00,64308.0,64394.0,63794.0,64051.0,727800,KBS
2023-12-22 07:00:00,64222.0,64479.0,63708.0,64051.0,616600,KBS
2023-12-25 07:00:00,64051.0,65766.0,64051.0,65594.0,1056300,KBS
2023-12-26 07:00:00,65766.0,65766.0,64908.0,65508.0,755000,KBS
2023-12-27 07:00:00,65508.0,65766.0,65251.0,65423.0,706400,KBS
2023-12-28 07:00:00,65508.0,65508.0,64822.0,65165.0,767200,KBS
2023-12-29 07:00:00,65337.0,65423.0,64737.0,64737.0,1035000,KBS
2024-01-02 07:00:00,64994.0,65423.0,64737.0,64822.0,693400,KBS
2024-01-03 07:00:00,64737.0,65165.0,64651.0,65165.0,569300,KBS
2024-01-04 07:00:00,65165.0,66366.0,65165.0,65766.0,1507700,KBS
2024-01-05 07:00:00,66023.0,66366.0,66023.0,66194.0,1077100,KBS
2024-01-08 07:00:00,66280.0,66709.0,65594.0,65851.0,1022900,KBS
2024-01-09 07:00:00,65851.0,66023.0,65080.0,65080.0,891500,KBS
2024-01-10 07:00:00,65337.0,65508.0,64737.0,64737.0,1027400,KBS
2024-01-11 07:00:00,64908.0,65251.0,64737.0,65165.0,494000,KBS
2024-01-12 07:00:00,65251.0,65251.0,64308.0,64394.0,809900,KBS
2024-01-15 07:00:00,64737.0,65080.0,64737.0,64908.0,441100,KBS
2024-01-16 07:00:00,64737.0,64908.0,64308.0,64822.0,457100,KBS
2024-01-17 07:00:00,65165.0,65165.0,64394.0,64479.0,831700,KBS
2024-01-18 07:00:00,64479.0,64822.0,64479.0,64565.0,413100,KBS
2024-01-19 07:00:00,64737.0,65766.0,64651.0,65766.0,1004200,KBS
2024-01-22 07:00:00,65937.0,65937.0,65337.0,65423.0,482700,KBS
2024-01-23 07:00:00,65508.0,65766.0,65165.0,65251.0,763000,KBS
2024-01-24 07:00:00,65251.0,65508.0,64908.0,64994.0,479600,KBS
2024-01-25 07:00:00,64994.0,65251.0,64651.0,64651.0,548000,KBS
2024-01-26 07:00:00,65165.0,65594.0,64479.0,64479.0,729000,KBS
2024-01-29 07:00:00,64565.0,65766.0,64565.0,65680.0,924600,KBS
2024-01-30 07:00:00,65251.0,65680.0,65251.0,65508.0,504300,KBS
2024-01-31 07:00:00,65594.0,65594.0,64651.0,64651.0,595700,KBS
2024-02-01 07:00:00,64737.0,64908.0,64565.0,64737.0,514700,KBS
2024-02-02 07:00:00,65080.0,65080.0,64479.0,64479.0,675400,KBS
2024-02-05 07:00:00,64479.0,64994.0,64394.0,64479.0,638800,KBS
2024-02-06 07:00:00,64737.0,65080.0,64651.0,64908.0,796900,KBS
2024-02-07 07:00:00,64908.0,64994.0,64737.0,64908.0,474300,KBS
2024-02-15 07:00:00,64994.0,65165.0,64908.0,64908.0,549700,KBS
2024-02-16 07:00:00,64908.0,66023.0,64908.0,65680.0,1013500,KBS
2024-02-19 07:00:00,66109.0,68166.0,66023.0,67995.0,2373000,KBS
2024-02-20 07:00:00,68166.0,68338.0,67052.0,67395.0,1007300,KBS
2024-02-21 07:00:00,67395.0,67395.0,66452.0,66623.0,1111900,KBS
2024-02-22 07:00:00,66880.0,67481.0,66452.0,66795.0,1037600,KBS
2024-02-23 07:00:00,66966.0,67138.0,65508.0,65508.0,1955100,KBS
2024-02-26 07:00:00,65594.0,65851.0,64994.0,65337.0,1094800,KBS
2024-02-27 07:00:00,65594.0,66709.0,65337.0,66537.0,1154300,KBS
2024-02-28 07:00:00,66880.0,67909.0,66623.0,66880.0,1570600,KBS
2024-02-29 07:00:00,67309.0,67309.0,66194.0,66366.0,1255800,KBS
2024-03-01 07:00:00,66709.0,66709.0,66280.0,66537.0,991000,KBS
2024-03-04 07:00:00,66709.0,67309.0,66623.0,66709.0,1137700,KBS
2024-03-05 07:00:00,66880.0,67909.0,66709.0,67738.0,2069600,KBS
2024-03-06 07:00:00,68081.0,69967.0,68081.0,68681.0,2289000,KBS
2024-03-07 07:00:00,68767.0,69195.0,68252.0,68938.0,1247100,KBS
2024-03-08 07:00:00,69453.0,69967.0,68166.0,68166.0,2105800,KBS
2024-03-11 07:00:00,68166.0,68166.0,66709.0,66709.0,1478000,KBS
2024-03-12 07:00:00,66709.0,67309.0,66623.0,66795.0,1174600,KBS
2024-03-13 07:00:00,67223.0,67909.0,66880.0,67738.0,1230900,KBS
2024-03-14 07:00:00,68338.0,69796.0,68081.0,69453.0,3837000,KBS
2024-03-15 07:00:00,69710.0,71082.0,69195.0,70567.0,2398900,KBS
2024-03-18 07:00:00,70567.0,71082.0,68509.0,68767.0,2494200,KBS
2024-03-19 07:00:00,69453.0,69453.0,68338.0,68338.0,950400,KBS
2024-03-20 07:00:00,68595.0,69624.0,68252.0,69453.0,1462300,KBS
2024-03-21 07:00:00,70224.0,70224.0,69024.0,69453.0,938700,KBS
2024-03-22 07:00:00,69453.0,69881.0,68938.0,69024.0,1235000,KBS
2024-03-25 07:00:00,69024.0,69796.0,68681.0,68938.0,972900,KBS
2024-03-26 07:00:00,69024.0,69367.0,68595.0,69195.0,596500,KBS
2024-03-27 07:00:00,69624.0,70053.0,68681.0,68852.0,847300,KBS
2024-03-28 07:00:00,68938.0,69195.0,68509.0,68852.0,774800,KBS
2024-03-29 07:00:00,69110.0,69624.0,68767.0,68767.0,616400,KBS
2024-04-01 07:00:00,68767.0,69195.0,68424.0,69110.0,747700,KBS
2024-04-02 07:00:00,68938.0,70825.0,68509.0,70739.0,1742200,KBS
2024-04-03 07:00:00,70739.0,71510.0,70139.0,70139.0,1761700,KBS
2024-04-04 07:00:00,70310.0,70653.0,69538.0,69881.0,751900,KBS
2024-04-05 07:00:00,69453.0,71339.0,68938.0,69367.0,1384300,KBS
2024-04-08 07:00:00,69453.0,69453.0,68424.0,68424.0,675700,KBS
2024-04-09 07:00:00,68595.0,69024.0,68166.0,68509.0,623600,KBS
2024-04-10 07:00:00,68509.0,69024.0,67909.0,67909.0,637900,KBS
2024-04-11 07:00:00,67652.0,67995.0,67395.0,67566.0,645500,KBS
2024-04-12 07:00:00,67738.0,68424.0,67566.0,68338.0,360000,KBS
2024-04-15 07:00:00,68509.0,69110.0,63622.0,65165.0,1096500,KBS
2024-04-16 07:00:00,65337.0,65937.0,64308.0,65165.0,1116000,KBS
2024-04-17 07:00:00,65337.0,65594.0,64394.0,64394.0,650100,KBS
2024-04-19 07:00:00,64394.0,65337.0,64051.0,64308.0,884100,KBS
2024-04-22 07:00:00,64479.0,64822.0,64222.0,64308.0,820000,KBS
2024-04-23 07:00:00,64737.0,64737.0,63451.0,63622.0,474500,KBS
2024-04-24 07:00:00,64308.0,64308.0,63708.0,63965.0,852300,KBS
2024-04-25 07:00:00,63965.0,64222.0,63451.0,63451.0,788500,KBS
2024-04-26 07:00:00,63365.0,63622.0,63022.0,63022.0,774000,KBS
2024-05-02 07:00:00,62593.0,63708.0,62593.0,63365.0,692000,KBS
2024-05-03 07:00:00,63536.0,63965.0,63365.0,63622.0,514700,KBS
2024-05-06 07:00:00,63879.0,64479.0,63879.0,64137.0,890300,KBS
2024-05-07 07:00:00,64651.0,65423.0,64051.0,65423.0,1496500,KBS
2024-05-08 07:00:00,65508.0,66537.0,64479.0,66366.0,1383100,KBS
2024-05-09 07:00:00,66452.0,66452.0,65251.0,65251.0,772400,KBS
2024-05-10 07:00:00,65423.0,65851.0,64222.0,64737.0,650900,KBS
2024-05-13 07:00:00,65080.0,65251.0,64308.0,64479.0,630700,KBS
2024-05-14 07:00:00,64737.0,65080.0,64222.0,64479.0,785300,KBS
2024-05-15 07:00:00,64479.0,64994.0,64222.0,64737.0,883300,KBS
2024-05-16 07:00:00,65165.0,65594.0,65080.0,65080.0,1116700,KBS
2024-05-17 07:00:00,65337.0,65337.0,64737.0,64908.0,965100,KBS
2024-05-20 07:00:00,65251.0,65851.0,65165.0,65165.0,1110600,KBS
2024-05-21 07:00:00,65337.0,66537.0,65165.0,65766.0,1696800,KBS
2024-05-22 07:00:00,66280.0,66280.0,65594.0,65680.0,832300,KBS
2024-05-23 07:00:00,65680.0,68509.0,65508.0,68509.0,3989500,KBS
2024-05-24 07:00:00,69024.0,69881.0,66709.0,67738.0,2572800,KBS
2024-05-27 07:00:00,67738.0,69710.0,66966.0,69453.0,2133900,KBS
2024-05-28 07:00:00,70310.0,70653.0,69453.0,70224.0,2232700,KBS
2024-05-29 07:00:00,71168.0,72454.0,69538.0,70482.0,3691900,KBS
2024-05-30 07:00:00,70224.0,70567.0,68681.0,69538.0,2355400,KBS
2024-05-31 07:00:00,69881.0,70053.0,68681.0,68681.0,1429500,KBS
2024-06-03 07:00:00,69367.0,70053.0,68938.0,68938.0,1706000,KBS
2024-06-04 07:00:00,68938.0,70224.0,68852.0,69281.0,1515300,KBS
2024-06-05 07:00:00,69367.0,70482.0,69110.0,69110.0,1781200,KBS
2024-06-06 07:00:00,69881.0,69881.0,68767.0,68852.0,1056200,KBS
2024-06-07 07:00:00,69024.0,69453.0,68852.0,68852.0,874000,KBS
2024-06-10 07:00:00,69281.0,69453.0,68852.0,68852.0,1115800,KBS
2024-06-11 07:00:00,69195.0,69967.0,68852.0,68852.0,2392700,KBS
2024-06-12 07:00:00,69024.0,69453.0,68681.0,68938.0,1336700,KBS
2024-06-13 07:00:00,69453.0,69453.0,68767.0,68767.0,1403600,KBS
2024-06-14 07:00:00,68767.0,69110.0,67738.0,67738.0,2277200,KBS
2024-06-17 07:00:00,67738.0,67995.0,66537.0,66537.0,1251500,KBS
2024-06-18 07:00:00,66880.0,67738.0,66880.0,66880.0,938200,KBS
2024-06-19 07:00:00,67052.0,67566.0,66795.0,67052.0,994100,KBS
2024-06-20 07:00:00,67481.0,67652.0,66880.0,66880.0,831500,KBS
2024-06-21 07:00:00,67052.0,67738.0,66795.0,66795.0,1053300,KBS
2024-06-24 07:00:00,66795.0,67223.0,65508.0,65594.0,1726600,KBS
2024-06-25 07:00:00,65680.0,66194.0,65423.0,65423.0,1018000,KBS
2024-06-26 07:00:00,65594.0,65937.0,65251.0,65594.0,1133800,KBS
2024-06-27 07:00:00,65680.0,66709.0,65594.0,65594.0,1010000,KBS
2024-06-28 07:00:00,65680.0,66194.0,65594.0,65680.0,660200,KBS
2024-07-01 07:00:00,65766.0,66623.0,65680.0,66623.0,792100,KBS
2024-07-02 07:00:00,66880.0,67138.0,66537.0,67052.0,876400,KBS
2024-07-03 07:00:00,67309.0,67309.0,66880.0,67052.0,640700,KBS
2024-07-04 07:00:00,67223.0,68338.0,67052.0,67052.0,1165700,KBS
2024-07-05 07:00:00,67309.0,67995.0,67223.0,67395.0,752100,KBS
2024-07-08 07:00:00,67481.0,67824.0,67309.0,67481.0,793300,KBS
2024-07-09 07:00:00,67738.0,67738.0,67223.0,67738.0,1535400,KBS
2024-07-10 07:00:00,67909.0,68338.0,67309.0,67309.0,1121400,KBS
2024-07-11 07:00:00,67395.0,67652.0,67052.0,67052.0,728000,KBS
2024-07-12 07:00:00,67481.0,68509.0,66623.0,66880.0,1232700,KBS
2024-07-15 07:00:00,67738.0,68081.0,67138.0,67138.0,1208600,KBS
2024-07-16 07:00:00,67738.0,67824.0,67138.0,67138.0,907800,KBS
2024-07-17 07:00:00,67566.0,67566.0,66109.0,66880.0,1573000,KBS
2024-07-18 07:00:00,66966.0,67395.0,66709.0,66966.0,1131900,KBS
2024-07-19 07:00:00,66966.0,67223.0,66623.0,66709.0,663300,KBS
2024-07-22 07:00:00,66709.0,66709.0,65680.0,66023.0,1142800,KBS
2024-07-23 07:00:00,66109.0,66280.0,65851.0,65851.0,656800,KBS
2024-07-24 07:00:00,65766.0,66366.0,65423.0,66023.0,1006200,KBS
2024-07-25 07:00:00,65937.0,66023.0,65508.0,65851.0,490600,KBS
2024-07-26 07:00:00,65680.0,66194.0,65594.0,66194.0,545800,KBS
2024-07-29 07:00:00,66452.0,66452.0,66023.0,66023.0,362200,KBS
2024-07-30 07:00:00,66023.0,66194.0,65851.0,66194.0,631600,KBS
2024-07-31 07:00:00,66366.0,69024.0,66366.0,68509.0,3188600,KBS
2024-08-01 07:00:00,68681.0,69538.0,67481.0,67652.0,1422900,KBS
2024-08-02 07:00:00,66966.0,67652.0,66709.0,67652.0,1395600,KBS
2024-08-05 07:00:00,66880.0,67309.0,65508.0,65594.0,2101300,KBS
2024-08-06 07:00:00,65851.0,66880.0,65594.0,66280.0,888700,KBS
2024-08-07 07:00:00,66537.0,68166.0,66537.0,68081.0,1832200,KBS
2024-08-08 07:00:00,68081.0,70653.0,67652.0,70053.0,3931000,KBS
2024-08-09 07:00:00,70310.0,70482.0,69367.0,69967.0,1243900,KBS
2024-08-12 07:00:00,69967.0,71425.0,69624.0,70739.0,1889500,KBS
2024-08-13 07:00:00,70567.0,70567.0,69538.0,69881.0,1731900,KBS
2024-08-14 07:00:00,70224.0,71425.0,70139.0,70310.0,2298800,KBS
2024-08-15 07:00:00,70310.0,70910.0,69624.0,69624.0,1248000,KBS
2024-08-16 07:00:00,69967.0,71253.0,69453.0,70825.0,2313100,KBS
2024-08-19 07:00:00,70910.0,72625.0,70825.0,72454.0,3021100,KBS
2024-08-20 07:00:00,73054.0,73826.0,72454.0,72454.0,2910000,KBS
2024-08-21 07:00:00,72454.0,73311.0,72368.0,72882.0,2170800,KBS
2024-08-22 07:00:00,73140.0,73225.0,72282.0,72454.0,1300200,KBS
2024-08-23 07:00:00,72625.0,73225.0,72539.0,72625.0,891400,KBS
2024-08-26 07:00:00,73054.0,73140.0,71939.0,72196.0,1215500,KBS
2024-08-27 07:00:00,72454.0,72454.0,71168.0,71596.0,1795300,KBS
2024-08-28 07:00:00,71425.0,72196.0,71425.0,71853.0,845500,KBS
2024-08-29 07:00:00,71853.0,72111.0,71510.0,71510.0,907700,KBS
2024-08-30 07:00:00,71768.0,72025.0,71425.0,71425.0,958100,KBS
2024-09-04 07:00:00,71168.0,72368.0,71082.0,71939.0,1377600,KBS
2024-09-05 07:00:00,72368.0,72711.0,71425.0,71425.0,900300,KBS
2024-09-06 07:00:00,72454.0,72454.0,71853.0,72111.0,877900,KBS
2024-09-09 07:00:00,71853.0,73225.0,71768.0,72625.0,1968200,KBS
2024-09-10 07:00:00,72539.0,73054.0,71596.0,72111.0,1905500,KBS
2024-09-11 07:00:00,72025.0,72025.0,71168.0,71682.0,1490200,KBS
2024-09-12 07:00:00,71853.0,72196.0,71510.0,71682.0,1759000,KBS
2024-09-13 07:00:00,71682.0,71682.0,69892.0,69987.0,2093200,KBS
2024-09-16 07:00:00,69704.0,69704.0,68385.0,68385.0,1863200,KBS
2024-09-17 07:00:00,68385.0,68950.0,68103.0,68479.0,764100,KBS
2024-09-18 07:00:00,69045.0,69233.0,68668.0,68856.0,777600,KBS
2024-09-19 07:00:00,68950.0,69139.0,68668.0,69139.0,980600,KBS
2024-09-20 07:00:00,69327.0,69516.0,68762.0,68856.0,998500,KBS
2024-09-23 07:00:00,68856.0,69045.0,68668.0,68762.0,552300,KBS
2024-09-24 07:00:00,68762.0,69610.0,68762.0,69421.0,853100,KBS
2024-09-25 07:00:00,69704.0,69704.0,69233.0,69516.0,665000,KBS
2024-09-26 07:00:00,69516.0,70269.0,69516.0,69704.0,1109800,KBS
2024-09-27 07:00:00,69892.0,69987.0,69233.0,69233.0,536000,KBS
2024-09-30 07:00:00,69233.0,69327.0,68762.0,68950.0,646900,KBS
2024-10-01 07:00:00,69045.0,69421.0,68762.0,68762.0,1032300,KBS
2024-10-02 07:00:00,69045.0,69704.0,68668.0,68668.0,1053700,KBS
2024-10-03 07:00:00,69139.0,69139.0,68291.0,68291.0,793300,KBS
2024-10-04 07:00:00,68574.0,69421.0,68291.0,69045.0,867900,KBS
2024-10-07 07:00:00,69233.0,69421.0,68385.0,68668.0,580700,KBS
2024-10-08 07:00:00,69139.0,69139.0,68385.0,68385.0,637900,KBS
2024-10-09 07:00:00,68385.0,68668.0,68103.0,68479.0,547200,KBS
2024-10-10 07:00:00,68950.0,69327.0,68291.0,69045.0,1046200,KBS
2024-10-11 07:00:00,69233.0,69421.0,68950.0,68950.0,603500,KBS
2024-10-14 07:00:00,69327.0,69327.0,68479.0,68668.0,526200,KBS
2024-10-15 07:00:00,68479.0,68762.0,68197.0,68479.0,596300,KBS
2024-10-16 07:00:00,68385.0,68479.0,67820.0,67820.0,758400,KBS
2024-10-17 07:00:00,67820.0,68103.0,67066.0,67349.0,739500,KBS
2024-10-18 07:00:00,67443.0,68103.0,67443.0,67537.0,322500,KBS
2024-10-21 07:00:00,67537.0,67537.0,67161.0,67537.0,469700,KBS
2024-10-22 07:00:00,67537.0,67726.0,67066.0,67066.0,545500,KBS
2024-10-23 07:00:00,67066.0,67066.0,66596.0,66784.0,667000,KBS
2024-10-24 07:00:00,66784.0,67066.0,66784.0,66878.0,413400,KBS
2024-10-25 07:00:00,66878.0,67255.0,66784.0,66784.0,322500,KBS
2024-10-28 07:00:00,66784.0,66878.0,66596.0,66596.0,311300,KBS
2024-10-29 07:00:00,66596.0,66972.0,66596.0,66690.0,352000,KBS
2024-10-30 07:00:00,66784.0,67161.0,66501.0,66501.0,318400,KBS
2024-10-31 07:00:00,66878.0,66878.0,66407.0,66407.0,620200,KBS
2024-11-01 07:00:00,66407.0,66596.0,65936.0,66125.0,427300,KBS
2024-11-04 07:00:00,66313.0,66313.0,65842.0,65842.0,461700,KBS
2024-11-05 07:00:00,65842.0,65936.0,65371.0,65559.0,542000,KBS
2024-11-06 07:00:00,65936.0,66972.0,65842.0,66030.0,501500,KBS
2024-11-07 07:00:00,66878.0,66878.0,66030.0,66030.0,372800,KBS
2024-11-08 07:00:00,66125.0,66690.0,65936.0,65936.0,428800,KBS
2024-11-11 07:00:00,66030.0,66407.0,65936.0,66030.0,544200,KBS
2024-11-12 07:00:00,66030.0,66407.0,65748.0,65748.0,425500,KBS
2024-11-13 07:00:00,65936.0,65936.0,64052.0,65465.0,827600,KBS
2024-11-14 07:00:00,65183.0,66219.0,64994.0,64994.0,543800,KBS
2024-11-15 07:00:00,64900.0,65371.0,64617.0,64617.0,774000,KBS
2024-11-18 07:00:00,64617.0,65088.0,64335.0,64994.0,936700,KBS
2024-11-19 07:00:00,65465.0,65654.0,63958.0,63958.0,693100,KBS
2024-11-20 07:00:00,63958.0,64429.0,63581.0,63675.0,711800,KBS
2024-11-21 07:00:00,63864.0,64617.0,63864.0,64241.0,1167900,KBS
2024-11-22 07:00:00,64617.0,66501.0,64617.0,65183.0,1015100,KBS
2024-11-25 07:00:00,65371.0,66219.0,65277.0,65277.0,901200,KBS
2024-11-26 07:00:00,65371.0,65842.0,65371.0,65559.0,448200,KBS
2024-11-27 07:00:00,65748.0,65748.0,64994.0,65277.0,417500,KBS
2024-11-28 07:00:00,65277.0,65936.0,65277.0,65277.0,442900,KBS
2024-11-29 07:00:00,65277.0,65748.0,65183.0,65559.0,283000,KBS
2024-12-02 07:00:00,65654.0,65748.0,64994.0,65183.0,404200,KBS
2024-12-03 07:00:00,65277.0,65559.0,64712.0,64712.0,634300,KBS
2024-12-04 07:00:00,64712.0,65183.0,64523.0,64617.0,308300,KBS
2024-12-05 07:00:00,64712.0,65748.0,64523.0,64900.0,630900,KBS
2024-12-06 07:00:00,65842.0,65842.0,64994.0,65183.0,430800,KBS
2024-12-09 07:00:00,65465.0,65465.0,65183.0,65277.0,395900,KBS
2024-12-10 07:00:00,65371.0,65559.0,64994.0,64994.0,402500,KBS
2024-12-11 07:00:00,64994.0,65183.0,64617.0,64712.0,539000,KBS
2024-12-12 07:00:00,64806.0,64994.0,64523.0,64523.0,516000,KBS
2024-12-13 07:00:00,64523.0,64617.0,64241.0,64429.0,348000,KBS
2024-12-16 07:00:00,64523.0,64617.0,64146.0,64146.0,350100,KBS
2024-12-17 07:00:00,64146.0,64523.0,64052.0,64052.0,412900,KBS
2024-12-18 07:00:00,64429.0,64712.0,64335.0,64523.0,504100,KBS
2024-12-19 07:00:00,64241.0,64617.0,64052.0,64523.0,721400,KBS
2024-12-20 07:00:00,64523.0,64806.0,64429.0,64617.0,341700,KBS
2024-12-23 07:00:00,64806.0,65088.0,64523.0,64523.0,563700,KBS
2024-12-24 07:00:00,64617.0,64712.0,64241.0,64241.0,509800,KBS
2024-12-25 07:00:00,64335.0,64900.0,64335.0,64429.0,456300,KBS
2024-12-26 07:00:00,64617.0,65559.0,64523.0,64523.0,997100,KBS
2024-12-27 07:00:00,64712.0,64994.0,64523.0,64523.0,539900,KBS
2024-12-30 07:00:00,64617.0,64806.0,64241.0,64241.0,402400,KBS
2024-12-31 07:00:00,64429.0,64712.0,64146.0,64146.0,770800,KBS
2025-01-02 07:00:00,64335.0,64523.0,64052.0,64146.0,427800,KBS
2025-01-03 07:00:00,64146.0,64429.0,64052.0,64052.0,460500,KBS
2025-01-06 07:00:00,64052.0,64241.0,63393.0,63581.0,673300,KBS
2025-01-07 07:00:00,63675.0,63958.0,63016.0,63110.0,683200,KBS
2025-01-08 07:00:00,63110.0,63299.0,62734.0,63205.0,521700,KBS
2025-01-09 07:00:00,63299.0,63581.0,62922.0,63110.0,369400,KBS
2025-01-10 07:00:00,63110.0,63581.0,62828.0,62828.0,422600,KBS
2025-01-13 07:00:00,62828.0,63205.0,62357.0,62545.0,542400,KBS
2025-01-14 07:00:00,62639.0,63487.0,62639.0,63016.0,397300,KBS
2025-01-15 07:00:00,63299.0,63487.0,62922.0,62922.0,395000,KBS
2025-01-16 07:00:00,63205.0,63393.0,62734.0,63016.0,493400,KBS
2025-01-17 07:00:00,63299.0,63299.0,62734.0,62922.0,321700,KBS
2025-01-20 07:00:00,63299.0,64241.0,62922.0,63770.0,662000,KBS
2025-01-21 07:00:00,64052.0,64146.0,63205.0,63205.0,349300,KBS
2025-01-22 07:00:00,63581.0,63581.0,62828.0,62922.0,313300,KBS
2025-01-23 07:00:00,62922.0,63299.0,62828.0,63110.0,317100,KBS
2025-01-24 07:00:00,63110.0,63958.0,62922.0,63958.0,432300,KBS
2025-02-03 07:00:00,63864.0,63864.0,63016.0,63205.0,463200,KBS
2025-02-04 07:00:00,63016.0,63393.0,63016.0,63205.0,398400,KBS
2025-02-05 07:00:00,63581.0,64146.0,63487.0,63864.0,652400,KBS
2025-02-06 07:00:00,64241.0,64241.0,63581.0,63675.0,539300,KBS
2025-02-07 07:00:00,63675.0,64052.0,63393.0,63393.0,818200,KBS
2025-02-10 07:00:00,63299.0,63675.0,63016.0,63393.0,732900,KBS
2025-02-11 07:00:00,63393.0,63958.0,62639.0,63110.0,671300,KBS
2025-02-12 07:00:00,63110.0,63581.0,63110.0,63205.0,344200,KBS
2025-02-13 07:00:00,63205.0,63205.0,62734.0,62828.0,650700,KBS
2025-02-14 07:00:00,63393.0,63958.0,63110.0,63770.0,1147200,KBS
2025-02-17 07:00:00,63770.0,64429.0,63581.0,63864.0,762900,KBS
2025-02-18 07:00:00,64052.0,64335.0,63770.0,64052.0,634400,KBS
2025-02-19 07:00:00,64241.0,64994.0,63958.0,64712.0,1389800,KBS
2025-02-20 07:00:00,65183.0,65277.0,64523.0,64806.0,601500,KBS
2025-02-21 07:00:00,64617.0,64806.0,64241.0,64429.0,767500,KBS
2025-02-24 07:00:00,64241.0,64806.0,63864.0,64617.0,1066000,KBS
2025-02-25 07:00:00,64712.0,65277.0,64335.0,64712.0,809600,KBS
2025-02-26 07:00:00,64712.0,64900.0,64429.0,64429.0,519300,KBS
2025-02-27 07:00:00,64429.0,64617.0,63958.0,64052.0,809600,KBS
2025-02-28 07:00:00,64146.0,64712.0,64052.0,64052.0,787600,KBS
2025-03-03 07:00:00,64146.0,64712.0,64146.0,64617.0,647800,KBS
2025-03-04 07:00:00,64617.0,65371.0,64335.0,65088.0,1445200,KBS
2025-03-05 07:00:00,65183.0,65277.0,64429.0,64429.0,740500,KBS
2025-03-06 07:00:00,64335.0,64523.0,64146.0,64335.0,829800,KBS
2025-03-07 07:00:00,64335.0,64429.0,63770.0,63864.0,1398100,KBS
2025-03-10 07:00:00,64146.0,64241.0,63299.0,63864.0,1420900,KBS
2025-03-11 07:00:00,63675.0,63770.0,63110.0,63487.0,523600,KBS
2025-03-12 07:00:00,63864.0,64335.0,63487.0,63958.0,761300,KBS
2025-03-13 07:00:00,63958.0,64806.0,63864.0,64335.0,1088000,KBS
2025-03-14 07:00:00,64241.0,64335.0,63393.0,63770.0,942800,KBS
2025-03-17 07:00:00,63864.0,64429.0,63770.0,64241.0,1117200,KBS
2025-03-18 07:00:00,64617.0,65842.0,64146.0,65088.0,2797200,KBS
2025-03-19 07:00:00,65088.0,65748.0,64617.0,64806.0,703700,KBS
2025-03-20 07:00:00,64712.0,65088.0,64146.0,64617.0,750000,KBS
2025-03-21 07:00:00,64523.0,64617.0,63770.0,63770.0,1173400,KBS
2025-03-24 07:00:00,64052.0,64052.0,63110.0,63299.0,1195100,KBS
2025-03-25 07:00:00,63581.0,63675.0,63205.0,63299.0,767600,KBS
2025-03-26 07:00:00,63393.0,64241.0,63299.0,63581.0,548300,KBS
2025-03-27 07:00:00,63675.0,64052.0,63205.0,63299.0,426500,KBS
2025-03-28 07:00:00,63487.0,63487.0,62922.0,62922.0,771800,KBS
2025-03-31 07:00:00,62922.0,62922.0,62168.0,62922.0,727900,KBS
2025-04-01 07:00:00,63016.0,63864.0,62828.0,63581.0,870900,KBS
2025-04-02 07:00:00,63299.0,63675.0,63110.0,63205.0,254300,KBS
2025-04-03 07:00:00,59814.0,61603.0,58872.0,58872.0,2014500,KBS
2025-04-04 07:00:00,54821.0,57270.0,54821.0,55292.0,2745000,KBS
2025-04-08 07:00:00,52749.0,53032.0,51430.0,51430.0,2632500,KBS
2025-04-09 07:00:00,47851.0,52749.0,47851.0,47851.0,2768600,KBS
2025-04-10 07:00:00,51148.0,51148.0,51148.0,51148.0,57500,KBS
2025-04-11 07:00:00,54727.0,54727.0,52561.0,54727.0,2256900,KBS
2025-04-14 07:00:00,56328.0,56328.0,55198.0,55763.0,1092600,KBS
2025-04-15 07:00:00,55575.0,55857.0,54727.0,54821.0,840700,KBS
2025-04-16 07:00:00,54821.0,55386.0,53785.0,54727.0,628800,KBS
2025-04-17 07:00:00,53973.0,54915.0,53691.0,54727.0,483900,KBS
2025-04-18 07:00:00,55010.0,55952.0,54915.0,55010.0,656600,KBS
2025-04-21 07:00:00,55010.0,55292.0,54444.0,54727.0,300000,KBS
2025-04-22 07:00:00,53785.0,54727.0,51148.0,54162.0,1110400,KBS
2025-04-23 07:00:00,54727.0,55198.0,54068.0,54162.0,698300,KBS
2025-04-24 07:00:00,54162.0,54633.0,53973.0,54162.0,410200,KBS
2025-04-25 07:00:00,54256.0,55104.0,54162.0,55104.0,913600,KBS
2025-04-28 07:00:00,55010.0,55104.0,54727.0,55010.0,271300,KBS
2025-04-29 07:00:00,55010.0,55010.0,54821.0,54915.0,310200,KBS
2025-05-05 07:00:00,55010.0,55292.0,54444.0,55104.0,658500,KBS
2025-05-06 07:00:00,55386.0,56328.0,55198.0,56140.0,899900,KBS
2025-05-07 07:00:00,56140.0,57930.0,56140.0,56988.0,884100,KBS
2025-05-08 07:00:00,57459.0,58118.0,57176.0,57835.0,861800,KBS
2025-05-09 07:00:00,58024.0,58401.0,57270.0,57553.0,491700,KBS
2025-05-12 07:00:00,57459.0,58872.0,57459.0,58683.0,834300,KBS
2025-05-13 07:00:00,58872.0,58966.0,58212.0,58401.0,666800,KBS
2025-05-14 07:00:00,58401.0,58683.0,58024.0,58306.0,655600,KBS
2025-05-15 07:00:00,58306.0,58495.0,57835.0,58401.0,668800,KBS
2025-05-16 07:00:00,58401.0,58401.0,57835.0,58212.0,297500,KBS
2025-05-19 07:00:00,57270.0,57647.0,57176.0,57176.0,584300,KBS
2025-05-20 07:00:00,57270.0,57270.0,56517.0,56988.0,605100,KBS
2025-05-21 07:00:00,56988.0,57364.0,56705.0,56799.0,315100,KBS
2025-05-22 07:00:00,56893.0,57930.0,56893.0,57459.0,760400,KBS
2025-05-23 07:00:00,57553.0,59719.0,57553.0,59343.0,1312500,KBS
2025-05-26 07:00:00,59437.0,59814.0,57930.0,59343.0,631800,KBS
2025-05-27 07:00:00,59814.0,60190.0,59248.0,60002.0,778400,KBS
2025-05-28 07:00:00,60284.0,60944.0,60284.0,60379.0,1151600,KBS
2025-05-29 07:00:00,60284.0,60473.0,60002.0,60284.0,672900,KBS
2025-05-30 07:00:00,60284.0,61509.0,60284.0,61226.0,1361400,KBS
2025-06-02 07:00:00,60944.0,61792.0,60379.0,61697.0,723700,KBS
2025-06-03 07:00:00,61697.0,62074.0,61509.0,61980.0,743200,KBS
2025-06-04 07:00:00,61980.0,61980.0,60944.0,61038.0,740200,KBS
2025-06-05 07:00:00,61038.0,61038.0,59814.0,60096.0,805500,KBS
2025-06-06 07:00:00,60096.0,60096.0,59154.0,59343.0,871500,KBS
2025-06-09 07:00:00,59437.0,60096.0,59154.0,59625.0,553700,KBS
2025-06-10 07:00:00,59625.0,59908.0,59060.0,59248.0,427500,KBS
2025-06-11 07:00:00,59343.0,59625.0,58777.0,58966.0,489700,KBS
2025-06-12 07:00:00,59814.0,59814.0,58966.0,59154.0,479700,KBS
2025-06-13 07:00:00,60661.0,62168.0,60002.0,60661.0,3697000,KBS
2025-06-16 07:00:00,62168.0,64900.0,61886.0,64900.0,3178200,KBS
2025-06-17 07:00:00,65559.0,65842.0,64241.0,65277.0,2768300,KBS
2025-06-18 07:00:00,65936.0,67161.0,65183.0,66784.0,2662500,KBS
2025-06-19 07:00:00,66784.0,68103.0,66030.0,67632.0,2684700,KBS
2025-06-20 07:00:00,67820.0,67820.0,65277.0,65465.0,1741900,KBS
2025-06-23 07:00:00,69327.0,69327.0,67443.0,68385.0,2938600,KBS
2025-06-24 07:00:00,64146.0,66313.0,64146.0,65088.0,2630300,KBS
2025-06-25 07:00:00,64806.0,64900.0,63581.0,63581.0,1723200,KBS
2025-06-26 07:00:00,63770.0,64523.0,63581.0,64523.0,761500,KBS
2025-06-27 07:00:00,64523.0,64617.0,63675.0,64052.0,700400,KBS
2025-06-30 07:00:00,64241.0,64335.0,63393.0,63864.0,673500,KBS
2025-07-01 07:00:00,63581.0,63864.0,62545.0,62545.0,857400,KBS
2025-07-02 07:00:00,62545.0,63110.0,62357.0,62545.0,563600,KBS
2025-07-03 07:00:00,63016.0,63581.0,62357.0,62357.0,912600,KBS
2025-07-04 07:00:00,62545.0,62828.0,62357.0,62545.0,556000,KBS
2025-07-07 07:00:00,62828.0,62828.0,62545.0,62639.0,501100,KBS
2025-07-08 07:00:00,63205.0,63770.0,62828.0,63770.0,910200,KBS
2025-07-09 07:00:00,63958.0,64052.0,63675.0,64052.0,951700,KBS
2025-07-10 07:00:00,64146.0,64900.0,63675.0,64429.0,1136600,KBS
2025-07-11 07:00:00,64146.0,64523.0,63675.0,63958.0,686500,KBS
2025-07-14 07:00:00,64523.0,64617.0,63958.0,64241.0,770100,KBS
2025-07-15 07:00:00,64241.0,64523.0,63770.0,63770.0,801200,KBS
2025-07-16 07:00:00,63770.0,63958.0,63299.0,63487.0,525200,KBS
2025-07-17 07:00:00,63581.0,63958.0,63110.0,63770.0,1392400,KBS
2025-07-18 07:00:00,63958.0,64523.0,63487.0,64146.0,902000,KBS
2025-07-21 07:00:00,64241.0,64241.0,63299.0,63581.0,725600,KBS
2025-07-22 07:00:00,63770.0,63958.0,63205.0,63958.0,653600,KBS
2025-07-23 07:00:00,64146.0,65277.0,63675.0,64994.0,1701700,KBS
2025-07-24 07:00:00,65088.0,66125.0,64994.0,65088.0,1234800,KBS
2025-07-25 07:00:00,65088.0,65936.0,64712.0,64712.0,1098700,KBS
2025-07-28 07:00:00,65088.0,65371.0,64335.0,64900.0,1177700,KBS
2025-07-29 07:00:00,64900.0,66407.0,64052.0,64052.0,2108400,KBS
2025-07-30 07:00:00,64712.0,64712.0,63299.0,63958.0,903500,KBS
2025-07-31 07:00:00,65559.0,65559.0,63675.0,63770.0,839700,KBS
2025-08-01 07:00:00,64241.0,64241.0,63393.0,63675.0,889400,KBS
2025-08-04 07:00:00,63770.0,64806.0,63581.0,64052.0,2046300,KBS
2025-08-05 07:00:00,64429.0,65371.0,63487.0,63864.0,2020900,KBS
2025-08-06 07:00:00,63864.0,65277.0,63864.0,65277.0,1299600,KBS
2025-08-07 07:00:00,65842.0,65842.0,64617.0,65088.0,977200,KBS
2025-08-08 07:00:00,65371.0,66784.0,64994.0,66125.0,2210600,KBS
2025-08-11 07:00:00,66219.0,67066.0,66030.0,66313.0,1228900,KBS
2025-08-12 07:00:00,66313.0,67161.0,65936.0,66407.0,1692600,KBS
2025-08-13 07:00:00,66501.0,66784.0,65277.0,65936.0,1887300,KBS
2025-08-14 07:00:00,66125.0,66219.0,65183.0,65654.0,1225100,KBS
2025-08-15 07:00:00,65936.0,67349.0,65371.0,65654.0,1676700,KBS
2025-08-18 07:00:00,66972.0,66972.0,65559.0,65936.0,1175100,KBS
2025-08-19 07:00:00,66219.0,66690.0,65748.0,65842.0,1326000,KBS
2025-08-20 07:00:00,65936.0,66030.0,63581.0,64335.0,1685400,KBS
2025-08-21 07:00:00,64994.0,65465.0,64052.0,65277.0,1060400,KBS
2025-08-22 07:00:00,64994.0,65088.0,64052.0,64052.0,1195000,KBS
2025-08-25 07:00:00,64900.0,65559.0,64523.0,64712.0,967000,KBS
2025-08-26 07:00:00,64806.0,65465.0,64712.0,65465.0,777700,KBS
2025-08-27 07:00:00,65654.0,65654.0,64712.0,64900.0,1390500,KBS
2025-08-28 07:00:00,65500.0,65500.0,64700.0,64900.0,768200,KBS
2025-08-29 07:00:00,65000.0,65000.0,63800.0,63800.0,1475500,KBS
2025-09-03 07:00:00,64200.0,64400.0,63400.0,63800.0,894200,KBS
2025-09-04 07:00:00,63900.0,64200.0,63800.0,64200.0,719500,KBS
2025-09-05 07:00:00,64900.0,65200.0,63600.0,63800.0,1217800,KBS
2025-09-08 07:00:00,63800.0,64200.0,62600.0,62600.0,1293800,KBS
2025-09-09 07:00:00,63000.0,63100.0,61600.0,62100.0,1258200,KBS
2025-09-10 07:00:00,62100.0,62500.0,61700.0,61900.0,756900,KBS
2025-09-11 07:00:00,62400.0,62600.0,61300.0,62000.0,810900,KBS
2025-09-12 07:00:00,62300.0,62900.0,61700.0,62500.0,556100,KBS
2025-09-15 07:00:00,62600.0,63300.0,62600.0,63200.0,651000,KBS
2025-09-16 07:00:00,63600.0,63600.0,62700.0,62700.0,773700,KBS
2025-09-17 07:00:00,62800.0,64300.0,62800.0,64000.0,1489100,KBS
2025-09-18 07:00:00,64000.0,64100.0,62900.0,63000.0,731300,KBS
2025-09-19 07:00:00,63300.0,63300.0,62500.0,62500.0,658200,KBS
2025-09-22 07:00:00,62400.0,62500.0,61200.0,61800.0,883600,KBS
2025-09-23 07:00:00,61900.0,62000.0,61200.0,61600.0,544500,KBS
2025-09-24 07:00:00,61600.0,61700.0,61100.0,61600.0,558200,KBS
2025-09-25 07:00:00,62000.0,62300.0,61800.0,61900.0,550000,KBS
2025-09-26 07:00:00,62300.0,62400.0,61500.0,61500.0,265100,KBS
2025-09-29 07:00:00,61600.0,62000.0,61400.0,61500.0,381300,KBS
2025-09-30 07:00:00,61500.0,61700.0,60400.0,60400.0,647500,KBS
2025-10-01 07:00:00,60500.0,60900.0,60500.0,60600.0,211700,KBS
2025-10-02 07:00:00,60700.0,61000.0,60300.0,60300.0,454300,KBS
2025-10-03 07:00:00,60200.0,60500.0,60000.0,60100.0,470400,KBS
2025-10-06 07:00:00,61100.0,61100.0,60200.0,60800.0,420400,KBS
2025-10-07 07:00:00,61100.0,61100.0,60600.0,60900.0,302600,KBS
2025-10-08 07:00:00,61200.0,61600.0,60900.0,60900.0,379300,KBS
2025-10-09 07:00:00,60900.0,61400.0,60600.0,60900.0,363100,KBS
2025-10-10 07:00:00,60900.0,61200.0,60600.0,60900.0,592500,KBS
2025-10-13 07:00:00,60100.0,60900.0,60100.0,60600.0,516900,KBS
2025-10-14 07:00:00,60900.0,60900.0,60000.0,60000.0,568000,KBS
2025-10-15 07:00:00,60000.0,60200.0,58800.0,59000.0,1271300,KBS
2025-10-16 07:00:00,58800.0,59200.0,58500.0,58700.0,956300,KBS
2025-10-17 07:00:00,58700.0,59200.0,58500.0,58600.0,320000,KBS
2025-10-20 07:00:00,58600.0,59500.0,57000.0,57000.0,604700,KBS
2025-10-21 07:00:00,57300.0,58800.0,56000.0,56000.0,837900,KBS
2025-10-22 07:00:00,57200.0,59000.0,57200.0,59000.0,1023700,KBS
2025-10-23 07:00:00,60000.0,60700.0,59500.0,59800.0,554800,KBS
2025-10-24 07:00:00,60400.0,60800.0,59600.0,59600.0,643300,KBS
2025-10-27 07:00:00,60200.0,60200.0,59300.0,59300.0,512900,KBS
2025-10-28 07:00:00,59300.0,60200.0,59100.0,60000.0,660100,KBS
2025-10-29 07:00:00,60100.0,61200.0,60000.0,60200.0,639500,KBS
2025-10-30 07:00:00,60200.0,60800.0,59700.0,59700.0,460400,KBS
2025-10-31 07:00:00,59800.0,62300.0,59800.0,61600.0,1173700,KBS
2025-11-03 07:00:00,62000.0,62900.0,61500.0,61500.0,1095100,KBS
2025-11-04 07:00:00,62100.0,62200.0,60100.0,60500.0,1008600,KBS
2025-11-05 07:00:00,60700.0,63600.0,60600.0,63000.0,1680600,KBS
2025-11-06 07:00:00,63300.0,63300.0,61700.0,62100.0,626000,KBS
2025-11-07 07:00:00,61800.0,62900.0,61000.0,62900.0,1225100,KBS
2025-11-10 07:00:00,62800.0,62800.0,61000.0,61200.0,738300,KBS
2025-11-11 07:00:00,61300.0,62000.0,60900.0,61100.0,553500,KBS
2025-11-12 07:00:00,61500.0,62000.0,60600.0,61900.0,648800,KBS
2025-11-13 07:00:00,61700.0,63500.0,61400.0,62900.0,1158200,KBS
2025-11-14 07:00:00,62900.0,63400.0,62500.0,62800.0,496800,KBS
2025-11-17 07:00:00,63200.0,63800.0,62000.0,63000.0,689000,KBS
2025-11-18 07:00:00,63400.0,63400.0,62100.0,62400.0,749600,KBS
2025-11-19 07:00:00,62500.0,62800.0,62000.0,62200.0,380800,KBS
2025-11-20 07:00:00,62200.0,62300.0,61700.0,62100.0,392000,KBS
2025-11-21 07:00:00,61600.0,61900.0,61000.0,61900.0,467300,KBS
2025-11-24 07:00:00,61900.0,62000.0,61000.0,61000.0,390000,KBS
2025-11-25 07:00:00,61000.0,61400.0,60800.0,60800.0,405700,KBS
2025-11-26 07:00:00,60800.0,62000.0,60700.0,62000.0,529300,KBS
2025-11-27 07:00:00,61900.0,63100.0,61500.0,63000.0,1562200,KBS
2025-11-28 07:00:00,63000.0,63800.0,62500.0,63400.0,1243100,KBS
2025-12-01 07:00:00,63400.0,65800.0,63400.0,65400.0,2743800,KBS
2025-12-02 07:00:00,65400.0,66100.0,64800.0,66100.0,1960300,KBS
2025-12-03 07:00:00,66200.0,66200.0,64300.0,64500.0,1151400,KBS
2025-12-04 07:00:00,64600.0,65000.0,64100.0,65000.0,1027400,KBS
2025-12-05 07:00:00,65200.0,65200.0,64000.0,64000.0,735600,KBS
2025-12-08 07:00:00,64100.0,65400.0,63600.0,65400.0,1050700,KBS
2025-12-09 07:00:00,65300.0,65300.0,63600.0,64000.0,731000,KBS
2025-12-10 07:00:00,63900.0,64100.0,63400.0,63500.0,443900,KBS
2025-12-11 07:00:00,63600.0,63900.0,62500.0,62600.0,470100,KBS
2025-12-12 07:00:00,62600.0,62900.0,61300.0,61300.0,598400,KBS
2025-12-15 07:00:00,61300.0,62400.0,61000.0,62100.0,620600,KBS
2025-12-16 07:00:00,62500.0,64300.0,62100.0,64300.0,870400,KBS
2025-12-17 07:00:00,64200.0,64800.0,62900.0,62900.0,532900,KBS
2025-12-18 07:00:00,63600.0,63800.0,62400.0,63300.0,625000,KBS
2025-12-19 07:00:00,63600.0,64000.0,63000.0,64000.0,658000,KBS
2025-12-22 07:00:00,64300.0,65300.0,64200.0,65300.0,1262800,KBS
2025-12-23 07:00:00,65300.0,66300.0,64600.0,65300.0,1512400,KBS
2025-12-24 07:00:00,65400.0,66100.0,64400.0,66100.0,1526800,KBS
2025-12-25 07:00:00,66100.0,69300.0,65500.0,69200.0,3702300,KBS
2025-12-26 07:00:00,69000.0,70900.0,68000.0,70500.0,2428400,KBS
2025-12-29 07:00:00,70600.0,75400.0,70200.0,75100.0,5613700,KBS
2025-12-30 07:00:00,75100.0,75700.0,73800.0,74900.0,1764400,KBS
2025-12-31 07:00:00,74500.0,75800.0,72400.0,72400.0,1872800,KBS
2026-01-05 07:00:00,73100.0,77400.0,72800.0,77400.0,5364200,KBS
2026-01-06 07:00:00,77800.0,82800.0,77800.0,82800.0,4730300,KBS
2026-01-07 07:00:00,85200.0,88500.0,85200.0,88500.0,4173200,KBS
2026-01-08 07:00:00,93500.0,94600.0,90000.0,91600.0,6171100,KBS
2026-01-09 07:00:00,90600.0,98000.0,89800.0,97100.0,4592600,KBS
2026-01-12 07:00:00,101000.0,102500.0,94500.0,97000.0,5514400,KBS
2026-01-13 07:00:00,97000.0,103700.0,96000.0,103700.0,4960100,KBS
2026-01-14 07:00:00,107000.0,110900.0,100000.0,107000.0,4910800,KBS
2026-01-15 07:00:00,106900.0,107100.0,102300.0,103000.0,3558000,KBS
2026-01-16 07:00:00,103200.0,107200.0,99800.0,99800.0,4537900,KBS
2026-01-19 07:00:00,100000.0,106200.0,98100.0,105800.0,4498200,KBS
2026-01-20 07:00:00,106000.0,110800.0,104000.0,104500.0,3888800,KBS
2026-01-21 07:00:00,101200.0,110000.0,101000.0,110000.0,4569400,KBS
2026-01-22 07:00:00,110500.0,110500.0,104700.0,104800.0,4035100,KBS
2026-01-23 07:00:00,104800.0,106300.0,99200.0,100800.0,3428600,KBS
2026-01-26 07:00:00,100500.0,107800.0,100500.0,107800.0,6102800,KBS
2026-01-27 07:00:00,109800.0,115300.0,109000.0,115300.0,5889900,KBS
2026-01-28 07:00:00,121000.0,122800.0,115000.0,118000.0,7140900,KBS
2026-01-29 07:00:00,118500.0,118500.0,111300.0,116800.0,3705700,KBS
2026-01-30 07:00:00,116800.0,122000.0,115800.0,117000.0,3644900,KBS
2026-02-02 07:00:00,113900.0,116800.0,110000.0,114500.0,5534800,KBS
2026-02-03 07:00:00,115800.0,121900.0,113100.0,117000.0,3319000,KBS
2026-02-04 07:00:00,117000.0,120000.0,114300.0,115800.0,2275800,KBS
2026-02-05 07:00:00,115800.0,116800.0,112000.0,112000.0,2555300,KBS
2026-02-06 07:00:00,110000.0,118800.0,109500.0,115000.0,3964600,KBS
2026-02-09 07:00:00,117000.0,117800.0,114500.0,115700.0,901300,KBS
2026-02-10 07:00:00,115900.0,119600.0,107700.0,107700.0,6158900,KBS
2026-02-11 07:00:00,105800.0,107400.0,102000.0,102000.0,3230600,KBS
2026-02-12 07:00:00,106200.0,106200.0,101000.0,101400.0,2700300,KBS
2026-02-13 07:00:00,101500.0,103700.0,99700.0,101600.0,2039200,KBS
2026-02-23 07:00:00,104900.0,108700.0,104900.0,108700.0,956400,KBS
2026-02-24 07:00:00,112000.0,112400.0,107100.0,110500.0,4780400,KBS
2026-02-25 07:00:00,110500.0,117500.0,108000.0,110000.0,3689100,KBS
2026-02-26 07:00:00,111000.0,111000.0,105500.0,106000.0,3151900,KBS
2026-02-27 07:00:00,106000.0,111900.0,105500.0,107900.0,2827100,KBS
2026-03-02 07:00:00,115300.0,115400.0,112500.0,115400.0,3660300,KBS
2026-03-03 07:00:00,119900.0,123400.0,111000.0,123400.0,7680200,KBS
2026-03-04 07:00:00,124000.0,131500.0,121800.0,128700.0,4554900,KBS
2026-03-05 07:00:00,126000.0,126900.0,119700.0,119700.0,5317800,KBS
2026-03-06 07:00:00,118600.0,118600.0,112000.0,112100.0,4731500,KBS
2026-03-09 07:00:00,116000.0,116300.0,104300.0,104300.0,5387400,KBS
2026-03-10 07:00:00,104000.0,107500.0,97000.0,97000.0,3885500,KBS
2026-03-11 07:00:00,93300.0,103000.0,93200.0,103000.0,4146800,KBS
2026-03-12 07:00:00,103000.0,103000.0,98700.0,98700.0,1736400,KBS
2026-03-13 07:00:00,97900.0,101300.0,91800.0,91800.0,4442600,KBS
2026-03-16 07:00:00,91000.0,91100.0,85400.0,87900.0,5461400,KBS
2026-03-17 07:00:00,89000.0,90400.0,86000.0,86400.0,1712800,KBS
2026-03-18 07:00:00,86400.0,92400.0,86400.0,91700.0,2627100,KBS
2026-03-19 07:00:00,92300.0,92400.0,87400.0,88100.0,2140100,KBS
2026-03-20 07:00:00,88100.0,88800.0,82000.0,82000.0,3150400,KBS
2026-03-23 07:00:00,78500.0,83600.0,78500.0,80500.0,2980000,KBS
2026-03-24 07:00:00,82000.0,82700.0,78800.0,80700.0,1892400,KBS
2026-03-25 07:00:00,82000.0,84700.0,81200.0,82500.0,2006800,KBS
2026-03-26 07:00:00,83000.0,83000.0,79800.0,80300.0,1290400,KBS
2026-03-27 07:00:00,80400.0,82600.0,79900.0,82100.0,2023700,KBS
2026-03-30 07:00:00,82100.0,83200.0,80400.0,80800.0,2027000,KBS
2026-03-31 07:00:00,81600.0,81600.0,78100.0,78300.0,2432200,KBS
2026-04-01 07:00:00,80000.0,81300.0,79600.0,80000.0,1876800,KBS
2026-04-02 07:00:00,80000.0,81100.0,78700.0,78700.0,1167900,KBS
2026-04-03 07:00:00,80000.0,80900.0,79600.0,79700.0,1931200,KBS
2026-04-06 07:00:00,80200.0,80300.0,78100.0,78500.0,1170800,KBS
2026-04-07 07:00:00,78500.0,79400.0,75800.0,77300.0,1236400,KBS
2026-04-08 07:00:00,79000.0,80400.0,78300.0,79900.0,1438600,KBS
2026-04-09 07:00:00,79900.0,79900.0,78100.0,78400.0,1051600,KBS
2026-04-10 07:00:00,78600.0,82400.0,78200.0,80700.0,2856700,KBS
2026-04-13 07:00:00,81200.0,82200.0,80600.0,80700.0,948300,KBS
2026-04-14 07:00:00,81000.0,81600.0,79100.0,79300.0,1205900,KBS
2026-04-15 07:00:00,79800.0,80500.0,79100.0,79200.0,1038400,KBS
2026-04-16 07:00:00,79200.0,80200.0,78100.0,78400.0,1169300,KBS
2026-04-17 07:00:00,78600.0,80400.0,78100.0,80100.0,1249000,KBS
2026-04-20 07:00:00,80000.0,81300.0,79000.0,79200.0,1205300,KBS
2026-04-21 07:00:00,79300.0,80100.0,78500.0,78700.0,1356000,KBS
2026-04-22 07:00:00,79000.0,79800.0,78100.0,78100.0,760600,KBS
2026-04-23 07:00:00,78100.0,79500.0,75900.0,77400.0,1488800,KBS
2026-04-24 07:00:00,77600.0,80000.0,77500.0,78300.0,1193000,KBS
2026-04-28 07:00:00,78000.0,78200.0,73100.0,73500.0,1966400,KBS
2026-04-29 07:00:00,73500.0,75400.0,73000.0,75200.0,1268600,KBS
2026-05-04 07:00:00,77000.0,79900.0,76200.0,76500.0,1660000,KBS
2026-05-05 07:00:00,76700.0,78300.0,76100.0,77700.0,1319800,KBS
2026-05-06 07:00:00,78000.0,80500.0,77600.0,79200.0,2983000,KBS
2026-05-07 07:00:00,78400.0,79000.0,76000.0,76000.0,2302900,KBS
2026-05-08 07:00:00,76900.0,77300.0,74500.0,74700.0,1415100,KBS
2026-05-11 07:00:00,75100.0,75500.0,73400.0,73600.0,1835100,KBS
2026-05-12 07:00:00,73900.0,77100.0,73800.0,76500.0,1557500,KBS
2026-05-13 07:00:00,76500.0,81800.0,75700.0,81800.0,6350300,KBS
2026-05-14 07:00:00,84500.0,85800.0,83200.0,83600.0,4068100,KBS
2026-05-15 07:00:00,82800.0,89400.0,82600.0,89400.0,4986200,KBS
2026-05-18 07:00:00,91700.0,95500.0,90200.0,93000.0,4078700,KBS
2026-05-19 07:00:00,94100.0,94200.0,86500.0,86500.0,5410100,KBS
2026-05-20 07:00:00,85600.0,89700.0,81100.0,89700.0,4912400,KBS
2026-05-21 07:00:00,89500.0,89500.0,86200.0,87300.0,1357100,KBS
2026-05-22 07:00:00,87100.0,87800.0,84300.0,84900.0,1642900,KBS
2026-05-25 07:00:00,82300.0,83500.0,81000.0,82000.0,2341800,KBS
2026-05-26 07:00:00,83500.0,84300.0,82300.0,82500.0,976400,KBS
2026-05-27 07:00:00,82500.0,83700.0,81500.0,81500.0,902800,KBS
2026-05-28 07:00:00,81500.0,83800.0,79500.0,81700.0,2476900,KBS
2026-05-29 07:00:00,81100.0,87400.0,80200.0,87400.0,3155800,KBS
2026-06-01 07:00:00,88000.0,88200.0,84200.0,84200.0,1357900,KBS
2026-06-02 07:00:00,85100.0,85500.0,81800.0,82200.0,1514300,KBS
2026-06-03 07:00:00,82200.0,85500.0,82200.0,84500.0,1015900,KBS
2026-06-04 07:00:00,85800.0,89200.0,85100.0,85200.0,1871600,KBS
2026-06-05 07:00:00,85200.0,87800.0,83800.0,84800.0,1234400,KBS
