date,open,high,low,close,volume,_source
2020-01-02 07:00:00,7501.0,7811.0,7479.0,7567.0,14680,KBS
2020-01-03 07:00:00,7634.0,7989.0,7634.0,7811.0,19750,KBS
2020-01-06 07:00:00,7767.0,7767.0,7567.0,7700.0,7380,KBS
2020-01-07 07:00:00,7567.0,7634.0,7545.0,7634.0,12520,KBS
2020-01-08 07:00:00,7545.0,7545.0,7412.0,7412.0,11530,KBS
2020-01-09 07:00:00,7545.0,7545.0,7390.0,7412.0,42500,KBS
2020-01-10 07:00:00,7412.0,7501.0,7368.0,7368.0,17570,KBS
2020-01-13 07:00:00,7368.0,7456.0,7323.0,7368.0,15540,KBS
2020-01-14 07:00:00,7323.0,7434.0,7323.0,7434.0,6370,KBS
2020-01-15 07:00:00,7434.0,7456.0,7323.0,7323.0,15980,KBS
2020-01-16 07:00:00,7456.0,7456.0,7234.0,7234.0,7800,KBS
2020-01-17 07:00:00,7323.0,7323.0,7257.0,7279.0,4510,KBS
2020-01-20 07:00:00,7323.0,7323.0,7234.0,7234.0,18670,KBS
2020-01-21 07:00:00,7323.0,7323.0,7190.0,7279.0,27200,KBS
2020-01-22 07:00:00,7434.0,7767.0,7412.0,7767.0,31230,KBS
2020-01-30 07:00:00,8300.0,8300.0,8255.0,8300.0,62460,KBS
2020-01-31 07:00:00,8832.0,8832.0,8344.0,8388.0,96480,KBS
2020-02-03 07:00:00,7900.0,8211.0,7811.0,7967.0,69240,KBS
2020-02-04 07:00:00,7967.0,8122.0,7811.0,7900.0,27380,KBS
2020-02-05 07:00:00,7900.0,8211.0,7834.0,7834.0,37800,KBS
2020-02-06 07:00:00,8055.0,8100.0,7878.0,7989.0,84920,KBS
2020-02-07 07:00:00,7989.0,8211.0,7989.0,8166.0,20720,KBS
2020-02-10 07:00:00,8122.0,8388.0,8078.0,8233.0,81330,KBS
2020-02-11 07:00:00,8233.0,8499.0,8233.0,8499.0,76670,KBS
2020-02-12 07:00:00,8499.0,9076.0,8499.0,9076.0,118820,KBS
2020-02-13 07:00:00,9121.0,9698.0,9076.0,9698.0,143300,KBS
2020-02-14 07:00:00,9720.0,10119.0,9431.0,9587.0,67470,KBS
2020-02-17 07:00:00,9631.0,9631.0,8921.0,8921.0,211180,KBS
2020-02-18 07:00:00,8921.0,8988.0,8521.0,8921.0,116770,KBS
2020-02-19 07:00:00,8743.0,8877.0,8677.0,8854.0,15650,KBS
2020-02-20 07:00:00,8832.0,9187.0,8832.0,9098.0,28870,KBS
2020-02-21 07:00:00,9098.0,9098.0,8877.0,9010.0,37210,KBS
2020-02-24 07:00:00,8921.0,8943.0,8388.0,8388.0,95460,KBS
2020-02-25 07:00:00,8255.0,8521.0,8122.0,8521.0,43330,KBS
2020-02-26 07:00:00,8521.0,8655.0,8433.0,8499.0,37470,KBS
2020-02-27 07:00:00,8566.0,8610.0,8433.0,8610.0,8930,KBS
2020-02-28 07:00:00,8610.0,8610.0,8144.0,8144.0,18700,KBS
2020-03-02 07:00:00,8166.0,8566.0,8122.0,8166.0,38640,KBS
2020-03-03 07:00:00,8433.0,8433.0,8211.0,8366.0,26930,KBS
2020-03-04 07:00:00,8233.0,8388.0,8166.0,8233.0,5680,KBS
2020-03-05 07:00:00,8211.0,8388.0,8211.0,8255.0,19530,KBS
2020-03-06 07:00:00,8255.0,8610.0,8255.0,8588.0,134040,KBS
2020-03-09 07:00:00,8411.0,8411.0,7989.0,7989.0,54370,KBS
2020-03-10 07:00:00,7545.0,8122.0,7545.0,7989.0,29390,KBS
2020-03-11 07:00:00,7989.0,8189.0,7434.0,7434.0,70240,KBS
2020-03-12 07:00:00,7323.0,7412.0,6924.0,6924.0,128760,KBS
2020-03-13 07:00:00,6480.0,7012.0,6458.0,7012.0,109750,KBS
2020-03-16 07:00:00,6879.0,7212.0,6657.0,7012.0,91480,KBS
2020-03-17 07:00:00,6657.0,7323.0,6657.0,7323.0,77900,KBS
2020-03-18 07:00:00,7323.0,7811.0,7323.0,7634.0,64660,KBS
2020-03-19 07:00:00,7545.0,7545.0,7234.0,7523.0,37210,KBS
2020-03-20 07:00:00,7501.0,7545.0,7456.0,7456.0,74150,KBS
2020-03-23 07:00:00,6946.0,7190.0,6946.0,7079.0,93220,KBS
2020-03-24 07:00:00,7057.0,7301.0,7012.0,7279.0,22690,KBS
2020-03-25 07:00:00,7323.0,7634.0,7323.0,7501.0,61330,KBS
2020-03-26 07:00:00,7501.0,7545.0,7412.0,7412.0,62480,KBS
2020-03-27 07:00:00,7101.0,7323.0,7101.0,7279.0,64420,KBS
2020-03-30 07:00:00,7279.0,7279.0,6791.0,6835.0,64000,KBS
2020-03-31 07:00:00,6835.0,6857.0,6546.0,6546.0,48310,KBS
2020-04-01 07:00:00,6613.0,6924.0,6613.0,6791.0,11330,KBS
2020-04-03 07:00:00,6857.0,7168.0,6857.0,7123.0,77690,KBS
2020-04-06 07:00:00,7101.0,7434.0,7101.0,7390.0,7720,KBS
2020-04-07 07:00:00,7368.0,7412.0,7190.0,7257.0,3860,KBS
2020-04-08 07:00:00,7257.0,7257.0,7101.0,7168.0,17990,KBS
2020-04-09 07:00:00,7190.0,7279.0,7101.0,7146.0,88070,KBS
2020-04-10 07:00:00,7190.0,7190.0,7057.0,7101.0,68400,KBS
2020-04-13 07:00:00,7101.0,7190.0,7057.0,7101.0,63770,KBS
2020-04-14 07:00:00,7327.0,7440.0,7146.0,7192.0,27430,KBS
2020-04-15 07:00:00,7192.0,7440.0,7146.0,7395.0,42410,KBS
2020-04-16 07:00:00,7395.0,7395.0,7192.0,7327.0,37020,KBS
2020-04-17 07:00:00,7327.0,7554.0,7327.0,7440.0,78240,KBS
2020-04-20 07:00:00,7848.0,7893.0,7440.0,7780.0,141300,KBS
2020-04-21 07:00:00,7734.0,7734.0,7237.0,7373.0,109130,KBS
2020-04-22 07:00:00,7237.0,7463.0,7101.0,7418.0,44440,KBS
2020-04-23 07:00:00,7689.0,7915.0,7667.0,7915.0,431950,KBS
2020-04-24 07:00:00,8458.0,8458.0,8142.0,8458.0,261300,KBS
2020-04-27 07:00:00,8549.0,8549.0,8051.0,8051.0,120040,KBS
2020-04-28 07:00:00,7870.0,8413.0,7870.0,8277.0,184770,KBS
2020-04-29 07:00:00,8006.0,8322.0,7983.0,8006.0,84130,KBS
2020-05-04 07:00:00,7825.0,7938.0,7689.0,7689.0,123810,KBS
2020-05-05 07:00:00,7689.0,7983.0,7689.0,7961.0,178380,KBS
2020-05-06 07:00:00,7915.0,7961.0,7734.0,7780.0,179620,KBS
2020-05-07 07:00:00,7780.0,8232.0,7780.0,8187.0,330200,KBS
2020-05-08 07:00:00,8187.0,8322.0,8051.0,8051.0,180770,KBS
2020-05-11 07:00:00,8119.0,8142.0,8006.0,8119.0,240850,KBS
2020-05-12 07:00:00,8119.0,8594.0,8051.0,8594.0,853720,KBS
2020-05-13 07:00:00,8594.0,9024.0,8503.0,9024.0,531930,KBS
2020-05-14 07:00:00,8956.0,9272.0,8820.0,8820.0,336370,KBS
2020-05-15 07:00:00,8752.0,8797.0,8436.0,8436.0,346080,KBS
2020-05-18 07:00:00,8436.0,8594.0,8368.0,8549.0,184650,KBS
2020-05-19 07:00:00,8549.0,8684.0,8390.0,8458.0,173940,KBS
2020-05-20 07:00:00,8368.0,8571.0,8368.0,8571.0,115890,KBS
2020-05-21 07:00:00,8594.0,8616.0,8503.0,8503.0,188720,KBS
2020-05-22 07:00:00,8413.0,8503.0,8345.0,8413.0,166550,KBS
2020-05-25 07:00:00,8413.0,8503.0,8345.0,8503.0,275250,KBS
2020-05-26 07:00:00,8549.0,8820.0,8549.0,8730.0,389180,KBS
2020-05-27 07:00:00,8865.0,9137.0,8684.0,8684.0,457950,KBS
2020-05-28 07:00:00,8684.0,8820.0,8639.0,8639.0,122140,KBS
2020-05-29 07:00:00,8639.0,8775.0,8594.0,8662.0,213730,KBS
2020-06-01 07:00:00,8684.0,8978.0,8662.0,8933.0,252780,KBS
2020-06-02 07:00:00,8933.0,9046.0,8820.0,8820.0,236050,KBS
2020-06-03 07:00:00,8820.0,8910.0,8594.0,8820.0,137250,KBS
2020-06-04 07:00:00,8820.0,8820.0,8662.0,8730.0,153800,KBS
2020-06-05 07:00:00,8616.0,8933.0,8616.0,8865.0,150850,KBS
2020-06-08 07:00:00,9091.0,9272.0,8865.0,8865.0,353410,KBS
2020-06-09 07:00:00,9046.0,9272.0,8865.0,9204.0,492990,KBS
2020-06-10 07:00:00,9182.0,9725.0,9001.0,9589.0,413090,KBS
2020-06-11 07:00:00,9589.0,9612.0,8933.0,8933.0,365050,KBS
2020-06-12 07:00:00,8413.0,8684.0,8322.0,8594.0,381000,KBS
2020-06-15 07:00:00,8684.0,8684.0,8006.0,8142.0,398210,KBS
2020-06-16 07:00:00,8277.0,8368.0,8096.0,8277.0,124880,KBS
2020-06-17 07:00:00,8322.0,8322.0,8164.0,8232.0,75600,KBS
2020-06-18 07:00:00,8142.0,8684.0,8074.0,8277.0,162390,KBS
2020-06-19 07:00:00,8368.0,8526.0,8277.0,8458.0,108190,KBS
2020-06-22 07:00:00,8413.0,8526.0,8413.0,8458.0,82620,KBS
2020-06-23 07:00:00,8481.0,8549.0,8390.0,8503.0,136550,KBS
2020-06-24 07:00:00,8571.0,8571.0,8322.0,8368.0,52640,KBS
2020-06-25 07:00:00,8322.0,8322.0,8142.0,8255.0,157230,KBS
2020-06-26 07:00:00,8255.0,8322.0,8096.0,8255.0,84320,KBS
2020-06-29 07:00:00,8096.0,8255.0,7712.0,7780.0,186010,KBS
2020-06-30 07:00:00,7870.0,7961.0,7599.0,7780.0,84370,KBS
2020-07-01 07:00:00,7712.0,8096.0,7712.0,7938.0,48950,KBS
2020-07-02 07:00:00,8096.0,8096.0,7802.0,7961.0,40150,KBS
2020-07-03 07:00:00,7893.0,8074.0,7893.0,7961.0,37880,KBS
2020-07-06 07:00:00,8028.0,8142.0,7961.0,8142.0,55120,KBS
2020-07-07 07:00:00,8142.0,8277.0,8051.0,8187.0,82040,KBS
2020-07-08 07:00:00,8006.0,8187.0,8006.0,8164.0,69850,KBS
2020-07-09 07:00:00,8164.0,8255.0,8142.0,8255.0,53970,KBS
2020-07-10 07:00:00,8255.0,8255.0,8187.0,8255.0,44360,KBS
2020-07-13 07:00:00,8255.0,8255.0,8142.0,8164.0,62810,KBS
2020-07-14 07:00:00,8142.0,8187.0,8074.0,8164.0,48940,KBS
2020-07-15 07:00:00,8232.0,8368.0,8142.0,8255.0,45530,KBS
2020-07-16 07:00:00,8277.0,8277.0,8119.0,8232.0,62430,KBS
2020-07-17 07:00:00,8209.0,8232.0,8164.0,8209.0,55120,KBS
2020-07-20 07:00:00,8255.0,8255.0,8164.0,8164.0,55330,KBS
2020-07-21 07:00:00,8255.0,8255.0,8096.0,8164.0,57460,KBS
2020-07-22 07:00:00,8232.0,8255.0,8119.0,8164.0,154440,KBS
2020-07-23 07:00:00,8164.0,8164.0,8051.0,8164.0,89700,KBS
2020-07-24 07:00:00,8209.0,8209.0,7825.0,8006.0,197190,KBS
2020-07-27 07:00:00,8142.0,8549.0,8142.0,8549.0,501230,KBS
2020-07-28 07:00:00,9091.0,9091.0,8662.0,8684.0,177500,KBS
2020-07-29 07:00:00,8594.0,8594.0,8232.0,8503.0,188820,KBS
2020-07-30 07:00:00,8503.0,8933.0,8503.0,8888.0,284860,KBS
2020-07-31 07:00:00,8639.0,9453.0,8639.0,9114.0,431780,KBS
2020-08-03 07:00:00,9137.0,9589.0,9137.0,9431.0,399810,KBS
2020-08-04 07:00:00,9498.0,9498.0,9227.0,9408.0,334670,KBS
2020-08-05 07:00:00,9408.0,10064.0,9318.0,10064.0,907290,KBS
2020-08-06 07:00:00,10132.0,10765.0,10064.0,10742.0,805560,KBS
2020-08-07 07:00:00,10765.0,11398.0,10674.0,10674.0,502770,KBS
2020-08-10 07:00:00,10584.0,11082.0,10448.0,10946.0,621890,KBS
2020-08-11 07:00:00,10946.0,10991.0,10697.0,10810.0,383910,KBS
2020-08-12 07:00:00,10788.0,10855.0,10471.0,10629.0,375200,KBS
2020-08-13 07:00:00,10539.0,10833.0,10539.0,10810.0,295400,KBS
2020-08-14 07:00:00,10765.0,11308.0,10720.0,11082.0,568810,KBS
2020-08-17 07:00:00,11262.0,11262.0,10946.0,11059.0,321230,KBS
2020-08-18 07:00:00,11324.0,11324.0,11035.0,11204.0,278090,KBS
2020-08-19 07:00:00,11083.0,11276.0,10866.0,11276.0,499590,KBS
2020-08-20 07:00:00,11204.0,11806.0,11083.0,11806.0,673200,KBS
2020-08-21 07:00:00,11806.0,12023.0,11613.0,11758.0,308330,KBS
2020-08-24 07:00:00,11806.0,11806.0,11396.0,11396.0,655470,KBS
2020-08-25 07:00:00,11396.0,11709.0,11179.0,11444.0,558350,KBS
2020-08-26 07:00:00,11444.0,11806.0,11444.0,11444.0,425220,KBS
2020-08-27 07:00:00,11565.0,11565.0,11372.0,11444.0,303130,KBS
2020-08-28 07:00:00,11444.0,11589.0,11252.0,11276.0,643980,KBS
2020-08-31 07:00:00,11179.0,11179.0,10987.0,10987.0,461740,KBS
2020-09-01 07:00:00,10987.0,11276.0,10914.0,11276.0,204970,KBS
2020-09-03 07:00:00,11420.0,11420.0,11179.0,11300.0,341960,KBS
2020-09-04 07:00:00,10890.0,11179.0,10890.0,11083.0,369590,KBS
2020-09-07 07:00:00,11083.0,11300.0,11083.0,11083.0,259600,KBS
2020-09-08 07:00:00,11083.0,11155.0,11035.0,11083.0,119310,KBS
2020-09-09 07:00:00,11059.0,11854.0,10987.0,11854.0,923020,KBS
2020-09-10 07:00:00,12143.0,12432.0,11999.0,12071.0,975530,KBS
2020-09-11 07:00:00,12167.0,12456.0,12071.0,12191.0,464680,KBS
2020-09-14 07:00:00,12288.0,12288.0,12047.0,12240.0,560330,KBS
2020-09-15 07:00:00,12240.0,12745.0,12240.0,12480.0,694900,KBS
2020-09-16 07:00:00,12480.0,12721.0,12456.0,12529.0,289750,KBS
2020-09-17 07:00:00,12529.0,12529.0,12047.0,12384.0,492960,KBS
2020-09-18 07:00:00,12432.0,12432.0,12240.0,12312.0,188550,KBS
2020-09-21 07:00:00,12336.0,12529.0,11999.0,11999.0,469130,KBS
2020-09-22 07:00:00,11902.0,12191.0,11878.0,12167.0,373840,KBS
2020-09-23 07:00:00,12167.0,12408.0,12167.0,12215.0,253190,KBS
2020-09-24 07:00:00,12215.0,12697.0,12167.0,12505.0,463310,KBS
2020-09-25 07:00:00,12505.0,12914.0,12505.0,12745.0,598950,KBS
2020-09-28 07:00:00,12818.0,12914.0,12577.0,12721.0,167090,KBS
2020-09-29 07:00:00,12721.0,12770.0,12336.0,12336.0,379570,KBS
2020-09-30 07:00:00,12240.0,12408.0,12047.0,12312.0,325400,KBS
2020-10-01 07:00:00,12312.0,12529.0,12312.0,12384.0,209260,KBS
2020-10-02 07:00:00,12384.0,12625.0,12264.0,12432.0,529230,KBS
2020-10-05 07:00:00,12432.0,13300.0,12432.0,13300.0,716030,KBS
2020-10-06 07:00:00,13492.0,13541.0,13300.0,13468.0,505580,KBS
2020-10-07 07:00:00,13396.0,13685.0,13203.0,13565.0,347950,KBS
2020-10-08 07:00:00,13565.0,13637.0,13300.0,13516.0,305410,KBS
2020-10-09 07:00:00,13637.0,14071.0,13492.0,13926.0,324950,KBS
2020-10-12 07:00:00,13926.0,14167.0,13685.0,13902.0,240630,KBS
2020-10-13 07:00:00,13902.0,13902.0,13492.0,13589.0,106400,KBS
2020-10-14 07:00:00,13589.0,13589.0,12866.0,13011.0,685540,KBS
2020-10-15 07:00:00,13011.0,13396.0,12938.0,12962.0,314880,KBS
2020-10-16 07:00:00,12962.0,13059.0,12770.0,12890.0,378250,KBS
2020-10-19 07:00:00,13059.0,13107.0,12914.0,13059.0,195040,KBS
2020-10-20 07:00:00,13059.0,13516.0,13059.0,13492.0,346660,KBS
2020-10-21 07:00:00,13492.0,13589.0,13348.0,13348.0,210100,KBS
2020-10-22 07:00:00,13348.0,13348.0,13107.0,13348.0,110660,KBS
2020-10-23 07:00:00,13444.0,13492.0,13300.0,13324.0,93490,KBS
2020-10-26 07:00:00,13324.0,14239.0,13324.0,14239.0,437420,KBS
2020-10-27 07:00:00,14938.0,14938.0,14215.0,14312.0,489400,KBS
2020-10-28 07:00:00,14312.0,14336.0,13926.0,13950.0,458180,KBS
2020-10-29 07:00:00,13926.0,14914.0,13733.0,14601.0,830510,KBS
2020-10-30 07:00:00,14793.0,15372.0,14697.0,14818.0,644540,KBS
2020-11-02 07:00:00,14890.0,14938.0,14649.0,14673.0,212510,KBS
2020-11-03 07:00:00,14697.0,14890.0,14528.0,14697.0,272830,KBS
2020-11-04 07:00:00,14938.0,15323.0,14697.0,15203.0,447860,KBS
2020-11-05 07:00:00,15299.0,15878.0,15131.0,15444.0,400570,KBS
2020-11-06 07:00:00,15564.0,16504.0,15564.0,16504.0,1015170,KBS
2020-11-09 07:00:00,16865.0,17636.0,16673.0,17636.0,591520,KBS
2020-11-10 07:00:00,18552.0,18552.0,17299.0,17347.0,576830,KBS
2020-11-11 07:00:00,17203.0,18311.0,17155.0,17781.0,497140,KBS
2020-11-12 07:00:00,18070.0,18070.0,17588.0,18022.0,440460,KBS
2020-11-13 07:00:00,18022.0,18697.0,18022.0,18311.0,442910,KBS
2020-11-16 07:00:00,18359.0,18552.0,17636.0,17781.0,602910,KBS
2020-11-17 07:00:00,17781.0,18407.0,17636.0,18215.0,525060,KBS
2020-11-18 07:00:00,18191.0,18552.0,17781.0,18022.0,416100,KBS
2020-11-19 07:00:00,18022.0,18311.0,17733.0,17902.0,302830,KBS
2020-11-20 07:00:00,17829.0,18552.0,17781.0,18407.0,445260,KBS
2020-11-23 07:00:00,18432.0,19516.0,18407.0,19106.0,459710,KBS
2020-11-24 07:00:00,19106.0,19660.0,18793.0,19227.0,317790,KBS
2020-11-25 07:00:00,19612.0,19660.0,18648.0,19154.0,454540,KBS
2020-11-26 07:00:00,18745.0,19034.0,18552.0,18745.0,339690,KBS
2020-11-27 07:00:00,18697.0,19082.0,18697.0,18889.0,207540,KBS
2020-11-30 07:00:00,19275.0,19275.0,18648.0,18745.0,333650,KBS
2020-12-01 07:00:00,18552.0,19082.0,18552.0,18938.0,353340,KBS
2020-12-02 07:00:00,18745.0,19468.0,18745.0,19010.0,290340,KBS
2020-12-03 07:00:00,19106.0,20142.0,18986.0,20094.0,721280,KBS
2020-12-04 07:00:00,20094.0,20142.0,19636.0,19709.0,270960,KBS
2020-12-07 07:00:00,19660.0,20022.0,19540.0,19877.0,386150,KBS
2020-12-08 07:00:00,19805.0,19877.0,19540.0,19757.0,335710,KBS
2020-12-09 07:00:00,19877.0,20528.0,19853.0,20431.0,545830,KBS
2020-12-10 07:00:00,20431.0,20648.0,19058.0,20190.0,375620,KBS
2020-12-11 07:00:00,19949.0,21443.0,19949.0,21443.0,430600,KBS
2020-12-14 07:00:00,21443.0,22166.0,21443.0,21684.0,356300,KBS
2020-12-15 07:00:00,21684.0,22359.0,21540.0,22262.0,205800,KBS
2020-12-16 07:00:00,22407.0,22648.0,22166.0,22383.0,223860,KBS
2020-12-17 07:00:00,22214.0,22262.0,21636.0,21636.0,641890,KBS
2020-12-18 07:00:00,21732.0,21805.0,21058.0,21202.0,444120,KBS
2020-12-21 07:00:00,21202.0,21395.0,20576.0,20576.0,781980,KBS
2020-12-22 07:00:00,20576.0,21588.0,20239.0,21491.0,375300,KBS
2020-12-23 07:00:00,21540.0,21684.0,21010.0,21058.0,104620,KBS
2020-12-24 07:00:00,21058.0,21202.0,19709.0,20335.0,256750,KBS
2020-12-25 07:00:00,20239.0,20865.0,20239.0,20624.0,194260,KBS
2020-12-28 07:00:00,20720.0,20720.0,20190.0,20239.0,303740,KBS
2020-12-29 07:00:00,19949.0,20480.0,19949.0,20046.0,214620,KBS
2020-12-30 07:00:00,20118.0,20455.0,19853.0,19949.0,257420,KBS
2020-12-31 07:00:00,20239.0,20528.0,19805.0,20239.0,315380,KBS
2021-01-04 07:00:00,20480.0,20961.0,20480.0,20672.0,292700,KBS
2021-01-05 07:00:00,20600.0,20648.0,19974.0,20094.0,587400,KBS
2021-01-06 07:00:00,20094.0,20817.0,19998.0,20480.0,304900,KBS
2021-01-07 07:00:00,20311.0,21299.0,20287.0,21130.0,376100,KBS
2021-01-08 07:00:00,21347.0,21347.0,20720.0,20889.0,331300,KBS
2021-01-11 07:00:00,21010.0,21106.0,20552.0,20769.0,315300,KBS
2021-01-12 07:00:00,20769.0,22214.0,20528.0,22118.0,659600,KBS
2021-01-13 07:00:00,23106.0,23106.0,22455.0,22503.0,486400,KBS
2021-01-14 07:00:00,22503.0,22503.0,21684.0,22262.0,310500,KBS
2021-01-15 07:00:00,22166.0,23563.0,21973.0,23226.0,445800,KBS
2021-01-18 07:00:00,23563.0,24527.0,23323.0,23612.0,530000,KBS
2021-01-19 07:00:00,23612.0,23756.0,21973.0,21973.0,507900,KBS
2021-01-20 07:00:00,21299.0,22166.0,20455.0,21973.0,520300,KBS
2021-01-21 07:00:00,22407.0,22792.0,21925.0,22696.0,498800,KBS
2021-01-22 07:00:00,22744.0,23756.0,22648.0,22889.0,432800,KBS
2021-01-25 07:00:00,23082.0,24479.0,23033.0,24479.0,750700,KBS
2021-01-26 07:00:00,25057.0,25780.0,23419.0,24961.0,551200,KBS
2021-01-27 07:00:00,24334.0,25009.0,23226.0,23323.0,658400,KBS
2021-01-28 07:00:00,21708.0,22624.0,21708.0,21708.0,771100,KBS
2021-01-29 07:00:00,20190.0,23130.0,20190.0,22166.0,649300,KBS
2021-02-01 07:00:00,23708.0,23708.0,22552.0,22696.0,1098100,KBS
2021-02-02 07:00:00,22696.0,23612.0,22600.0,23323.0,583100,KBS
2021-02-03 07:00:00,23612.0,24190.0,23371.0,24094.0,691300,KBS
2021-02-04 07:00:00,24575.0,24575.0,23684.0,24286.0,653100,KBS
2021-02-05 07:00:00,24575.0,25973.0,24383.0,25973.0,1361800,KBS
2021-02-08 07:00:00,27756.0,27756.0,26599.0,27756.0,1963600,KBS
2021-02-09 07:00:00,27178.0,28912.0,26985.0,28430.0,691600,KBS
2021-02-17 07:00:00,28430.0,29635.0,27804.0,29201.0,759800,KBS
2021-02-18 07:00:00,29057.0,29876.0,28430.0,29346.0,725100,KBS
2021-02-19 07:00:00,28912.0,29587.0,28671.0,29298.0,707700,KBS
2021-02-22 07:00:00,29298.0,30261.0,29201.0,29491.0,625600,KBS
2021-02-23 07:00:00,29442.0,29780.0,29153.0,29394.0,517200,KBS
2021-02-24 07:00:00,29587.0,30792.0,29394.0,29683.0,659800,KBS
2021-02-25 07:00:00,30261.0,31755.0,29683.0,31755.0,944700,KBS
2021-02-26 07:00:00,31755.0,33731.0,31755.0,33490.0,656900,KBS
2021-03-01 07:00:00,33490.0,33731.0,33008.0,33201.0,423200,KBS
2021-03-02 07:00:00,33201.0,33249.0,31996.0,32189.0,849400,KBS
2021-03-03 07:00:00,32285.0,33249.0,32189.0,32574.0,489100,KBS
2021-03-04 07:00:00,33249.0,33249.0,30358.0,31755.0,554000,KBS
2021-03-05 07:00:00,31514.0,32237.0,30647.0,31563.0,574600,KBS
2021-03-08 07:00:00,32285.0,32574.0,31322.0,31563.0,451400,KBS
2021-03-09 07:00:00,31370.0,32960.0,31129.0,32767.0,725200,KBS
2021-03-10 07:00:00,32767.0,33972.0,32285.0,33442.0,615800,KBS
2021-03-11 07:00:00,34454.0,35177.0,34020.0,34598.0,633800,KBS
2021-03-12 07:00:00,35080.0,35080.0,33972.0,34261.0,516400,KBS
2021-03-15 07:00:00,34213.0,35032.0,34116.0,34454.0,408500,KBS
2021-03-16 07:00:00,34454.0,34454.0,33683.0,34165.0,400700,KBS
2021-03-17 07:00:00,34165.0,35128.0,33876.0,34791.0,382100,KBS
2021-03-18 07:00:00,34791.0,34936.0,34357.0,34406.0,178000,KBS
2021-03-19 07:00:00,34357.0,34357.0,33683.0,33779.0,373000,KBS
2021-03-22 07:00:00,33731.0,33731.0,32864.0,33394.0,605000,KBS
2021-03-23 07:00:00,33008.0,33490.0,32767.0,33153.0,359700,KBS
2021-03-24 07:00:00,32767.0,33586.0,32526.0,32912.0,459000,KBS
2021-03-25 07:00:00,33249.0,33683.0,32960.0,33249.0,509100,KBS
2021-03-26 07:00:00,33249.0,33538.0,30936.0,33249.0,473000,KBS
2021-03-29 07:00:00,33586.0,35321.0,33249.0,34984.0,576600,KBS
2021-03-30 07:00:00,35273.0,35273.0,34647.0,34743.0,271600,KBS
2021-03-31 07:00:00,34743.0,34743.0,34116.0,34598.0,189500,KBS
2021-04-01 07:00:00,34357.0,35418.0,34116.0,35177.0,395600,KBS
2021-04-02 07:00:00,35321.0,36092.0,35177.0,35755.0,333600,KBS
2021-04-05 07:00:00,35755.0,35803.0,35128.0,35369.0,181100,KBS
2021-04-06 07:00:00,35177.0,35369.0,34695.0,34936.0,166600,KBS
2021-04-07 07:00:00,35177.0,35996.0,34984.0,35851.0,309500,KBS
2021-04-08 07:00:00,35851.0,35899.0,35177.0,35851.0,145400,KBS
2021-04-09 07:00:00,35851.0,35851.0,35418.0,35803.0,144800,KBS
2021-04-12 07:00:00,35658.0,35755.0,35177.0,35418.0,246100,KBS
2021-04-13 07:00:00,35225.0,35369.0,34454.0,34502.0,420700,KBS
2021-04-14 07:00:00,34454.0,35369.0,34116.0,35273.0,196100,KBS
2021-04-15 07:00:00,35273.0,35273.0,34309.0,34695.0,167600,KBS
2021-04-16 07:00:00,34743.0,34743.0,33249.0,34406.0,341800,KBS
2021-04-19 07:00:00,34261.0,36044.0,34261.0,35658.0,300700,KBS
2021-04-20 07:00:00,35658.0,35851.0,34454.0,34695.0,327900,KBS
2021-04-22 07:00:00,34695.0,35128.0,34068.0,34261.0,321900,KBS
2021-04-23 07:00:00,33731.0,34984.0,33442.0,34936.0,254700,KBS
2021-04-26 07:00:00,34502.0,34936.0,33731.0,33972.0,230800,KBS
2021-04-27 07:00:00,33779.0,34695.0,33249.0,34647.0,261800,KBS
2021-04-28 07:00:00,33827.0,34695.0,33827.0,34695.0,112700,KBS
2021-04-29 07:00:00,34743.0,35658.0,34695.0,35658.0,504000,KBS
2021-05-04 07:00:00,35032.0,38116.0,34695.0,38116.0,861200,KBS
2021-05-05 07:00:00,38116.0,39032.0,37586.0,37586.0,437500,KBS
2021-05-06 07:00:00,36863.0,37586.0,36622.0,36767.0,364300,KBS
2021-05-07 07:00:00,36622.0,38068.0,36237.0,36381.0,365900,KBS
2021-05-10 07:00:00,37104.0,37345.0,36140.0,36622.0,435000,KBS
2021-05-11 07:00:00,37104.0,37104.0,36429.0,36574.0,322400,KBS
2021-05-12 07:00:00,36429.0,38550.0,36429.0,38453.0,707000,KBS
2021-05-13 07:00:00,38598.0,39803.0,38550.0,38550.0,307600,KBS
2021-05-14 07:00:00,39272.0,39272.0,37875.0,37875.0,244800,KBS
2021-05-17 07:00:00,37875.0,37875.0,35658.0,35658.0,1353800,KBS
2021-05-18 07:00:00,35177.0,35707.0,34068.0,34502.0,1235700,KBS
2021-05-19 07:00:00,33972.0,33972.0,32141.0,32141.0,1298000,KBS
2021-05-20 07:00:00,30840.0,33201.0,30117.0,30165.0,1155400,KBS
2021-05-21 07:00:00,28141.0,29539.0,28093.0,28093.0,1963600,KBS
2021-05-24 07:00:00,28671.0,30021.0,28430.0,30021.0,1142600,KBS
2021-05-25 07:00:00,31081.0,31563.0,29780.0,30117.0,657800,KBS
2021-05-26 07:00:00,29635.0,29972.0,29009.0,29105.0,699800,KBS
2021-05-27 07:00:00,28912.0,29635.0,28189.0,28189.0,530000,KBS
2021-05-28 07:00:00,27997.0,28816.0,27997.0,28671.0,396100,KBS
2021-05-31 07:00:00,28238.0,28430.0,26696.0,26937.0,835900,KBS
2021-06-01 07:00:00,26262.0,26503.0,25105.0,25539.0,662900,KBS
2021-06-02 07:00:00,25346.0,27322.0,25298.0,27322.0,282700,KBS
2021-06-03 07:00:00,28575.0,28720.0,27997.0,28334.0,447800,KBS
2021-06-04 07:00:00,27997.0,28286.0,27467.0,27900.0,395100,KBS
2021-06-07 07:00:00,27949.0,28286.0,27611.0,27756.0,378500,KBS
2021-06-08 07:00:00,27515.0,28189.0,27515.0,27611.0,419400,KBS
2021-06-09 07:00:00,27563.0,28189.0,27033.0,27949.0,263800,KBS
2021-06-10 07:00:00,27949.0,28045.0,27708.0,27900.0,332000,KBS
2021-06-11 07:00:00,27900.0,29394.0,27756.0,29250.0,525600,KBS
2021-06-14 07:00:00,29153.0,29635.0,28768.0,28912.0,315100,KBS
2021-06-15 07:00:00,29153.0,29346.0,28430.0,29298.0,184200,KBS
2021-06-16 07:00:00,29396.0,29396.0,28661.0,28906.0,229000,KBS
2021-06-17 07:00:00,28661.0,29837.0,28416.0,29543.0,339500,KBS
2021-06-18 07:00:00,29543.0,29837.0,29543.0,29543.0,242800,KBS
2021-06-21 07:00:00,29641.0,29641.0,28906.0,29249.0,243900,KBS
2021-06-22 07:00:00,29445.0,30131.0,29151.0,29494.0,259800,KBS
2021-06-23 07:00:00,29543.0,29641.0,28661.0,28906.0,437200,KBS
2021-06-24 07:00:00,28906.0,29004.0,28710.0,28759.0,167200,KBS
2021-06-25 07:00:00,28710.0,28857.0,28416.0,28514.0,132400,KBS
2021-06-28 07:00:00,28416.0,28661.0,28220.0,28612.0,285400,KBS
2021-06-29 07:00:00,28661.0,29102.0,28661.0,29004.0,193900,KBS
2021-06-30 07:00:00,29494.0,29543.0,29004.0,29200.0,296300,KBS
2021-07-01 07:00:00,29494.0,30229.0,29151.0,30180.0,378100,KBS
2021-07-02 07:00:00,30621.0,32090.0,30376.0,31649.0,370600,KBS
2021-07-05 07:00:00,31649.0,31943.0,31061.0,31747.0,236500,KBS
2021-07-06 07:00:00,31649.0,31845.0,30376.0,30376.0,207900,KBS
2021-07-07 07:00:00,30866.0,30866.0,29445.0,30082.0,252500,KBS
2021-07-08 07:00:00,29935.0,30425.0,29837.0,30131.0,258200,KBS
2021-07-09 07:00:00,29886.0,30082.0,28416.0,29249.0,304700,KBS
2021-07-12 07:00:00,28416.0,28563.0,27240.0,27240.0,718500,KBS
2021-07-13 07:00:00,26995.0,27926.0,26946.0,27877.0,220600,KBS
2021-07-14 07:00:00,27583.0,27681.0,26652.0,27191.0,305000,KBS
2021-07-15 07:00:00,27191.0,27975.0,26946.0,27975.0,134500,KBS
2021-07-16 07:00:00,27926.0,28220.0,27681.0,27681.0,124900,KBS
2021-07-19 07:00:00,26946.0,28465.0,26946.0,27681.0,280700,KBS
2021-07-20 07:00:00,27877.0,28906.0,27387.0,28710.0,176300,KBS
2021-07-21 07:00:00,28710.0,28906.0,28416.0,28563.0,160600,KBS
2021-07-22 07:00:00,28514.0,30376.0,28514.0,30376.0,501300,KBS
2021-07-23 07:00:00,31110.0,31796.0,31061.0,31600.0,870100,KBS
2021-07-26 07:00:00,31600.0,32335.0,31551.0,31894.0,462500,KBS
2021-07-27 07:00:00,32286.0,33364.0,31649.0,32580.0,577000,KBS
2021-07-28 07:00:00,32335.0,32580.0,31747.0,31796.0,407400,KBS
2021-07-29 07:00:00,32041.0,32090.0,31355.0,31845.0,345100,KBS
2021-07-30 07:00:00,31649.0,32727.0,31306.0,31845.0,784000,KBS
2021-08-02 07:00:00,31845.0,33266.0,31796.0,32874.0,708400,KBS
2021-08-03 07:00:00,32874.0,33805.0,32874.0,33217.0,700000,KBS
2021-08-04 07:00:00,33413.0,33560.0,32825.0,33315.0,614600,KBS
2021-08-05 07:00:00,33315.0,33805.0,32923.0,33609.0,524200,KBS
2021-08-06 07:00:00,33854.0,34050.0,33070.0,33315.0,825400,KBS
2021-08-09 07:00:00,33266.0,34295.0,32923.0,34295.0,940200,KBS
2021-08-10 07:00:00,34295.0,34883.0,34050.0,34295.0,495000,KBS
2021-08-11 07:00:00,34050.0,34491.0,33560.0,33903.0,756500,KBS
2021-08-12 07:00:00,34442.0,34491.0,33903.0,34295.0,562100,KBS
2021-08-13 07:00:00,34295.0,34981.0,33805.0,34295.0,428600,KBS
2021-08-16 07:00:00,34589.0,35765.0,34393.0,35520.0,1063200,KBS
2021-08-17 07:00:00,35765.0,35765.0,34687.0,34785.0,707400,KBS
2021-08-18 07:00:00,35255.0,35666.0,35196.0,35431.0,527800,KBS
2021-08-19 07:00:00,35431.0,36900.0,35255.0,36606.0,439000,KBS
2021-08-20 07:00:00,36489.0,36606.0,34667.0,36195.0,777300,KBS
2021-08-23 07:00:00,35784.0,35843.0,33786.0,33786.0,734900,KBS
2021-08-24 07:00:00,33786.0,34432.0,31436.0,32905.0,595300,KBS
2021-08-25 07:00:00,32376.0,33492.0,32317.0,33198.0,306200,KBS
2021-08-26 07:00:00,33375.0,34374.0,33375.0,34315.0,482900,KBS
2021-08-27 07:00:00,34374.0,35255.0,34139.0,35255.0,495600,KBS
2021-08-30 07:00:00,35784.0,37723.0,35784.0,37723.0,1159500,KBS
2021-08-31 07:00:00,39074.0,39368.0,37723.0,37958.0,689200,KBS
2021-09-01 07:00:00,37840.0,39133.0,37664.0,38957.0,593000,KBS
2021-09-06 07:00:00,39309.0,39368.0,38663.0,38722.0,811200,KBS
2021-09-07 07:00:00,38487.0,38604.0,37077.0,37253.0,685000,KBS
2021-09-08 07:00:00,37782.0,37899.0,37253.0,37429.0,527500,KBS
2021-09-09 07:00:00,37782.0,38604.0,37547.0,38193.0,328300,KBS
2021-09-10 07:00:00,38193.0,39074.0,37840.0,38310.0,331400,KBS
2021-09-13 07:00:00,38252.0,38369.0,37899.0,38193.0,378400,KBS
2021-09-14 07:00:00,38193.0,40837.0,37899.0,40837.0,1659000,KBS
2021-09-15 07:00:00,41425.0,42600.0,41013.0,41718.0,620000,KBS
2021-09-16 07:00:00,42130.0,42130.0,41072.0,41307.0,475300,KBS
2021-09-17 07:00:00,41307.0,43716.0,41013.0,42189.0,790800,KBS
2021-09-20 07:00:00,42189.0,42600.0,40543.0,40896.0,942400,KBS
2021-09-21 07:00:00,39956.0,41131.0,39838.0,40543.0,871600,KBS
2021-09-22 07:00:00,40543.0,42306.0,40132.0,41483.0,488000,KBS
2021-09-23 07:00:00,41660.0,42247.0,40367.0,40426.0,633200,KBS
2021-09-24 07:00:00,40250.0,40543.0,39368.0,39662.0,508300,KBS
2021-09-27 07:00:00,39544.0,39897.0,37605.0,37723.0,848600,KBS
2021-09-28 07:00:00,37605.0,38546.0,37018.0,38546.0,414400,KBS
2021-09-29 07:00:00,38781.0,39309.0,37899.0,39074.0,231500,KBS
2021-09-30 07:00:00,38898.0,39309.0,38781.0,39016.0,204200,KBS
2021-10-01 07:00:00,38898.0,40661.0,38487.0,40426.0,627400,KBS
2021-10-04 07:00:00,40485.0,41131.0,40426.0,40896.0,427000,KBS
2021-10-05 07:00:00,40896.0,40896.0,40250.0,40602.0,267800,KBS
2021-10-06 07:00:00,40661.0,41660.0,40014.0,41425.0,505500,KBS
2021-10-07 07:00:00,41718.0,42189.0,41483.0,41601.0,431800,KBS
2021-10-08 07:00:00,41483.0,41601.0,40250.0,40837.0,370800,KBS
2021-10-11 07:00:00,40308.0,40837.0,40014.0,40014.0,819400,KBS
2021-10-12 07:00:00,40014.0,40250.0,39368.0,39662.0,588600,KBS
2021-10-13 07:00:00,39956.0,40485.0,39662.0,39956.0,323500,KBS
2021-10-14 07:00:00,39956.0,40485.0,39897.0,39956.0,368100,KBS
2021-10-15 07:00:00,40014.0,40073.0,39486.0,39486.0,547700,KBS
2021-10-18 07:00:00,39133.0,39368.0,37899.0,38017.0,1503700,KBS
2021-10-19 07:00:00,37194.0,39251.0,37194.0,39016.0,510700,KBS
2021-10-20 07:00:00,39309.0,40367.0,39074.0,40250.0,568600,KBS
2021-10-21 07:00:00,39897.0,40132.0,39603.0,40014.0,312200,KBS
2021-10-22 07:00:00,39721.0,40073.0,39603.0,39603.0,432500,KBS
2021-10-25 07:00:00,39368.0,39427.0,38781.0,39368.0,426700,KBS
2021-10-26 07:00:00,39016.0,39956.0,38781.0,39486.0,290200,KBS
2021-10-27 07:00:00,39486.0,41895.0,39486.0,41072.0,1047900,KBS
2021-10-28 07:00:00,41366.0,41366.0,40543.0,41131.0,669100,KBS
2021-10-29 07:00:00,40367.0,40896.0,39956.0,40426.0,875400,KBS
2021-11-01 07:00:00,39956.0,39956.0,39309.0,39721.0,1045300,KBS
2021-11-02 07:00:00,39368.0,41131.0,39368.0,40837.0,709900,KBS
2021-11-03 07:00:00,40602.0,40955.0,39427.0,39427.0,408000,KBS
2021-11-04 07:00:00,39368.0,40250.0,39309.0,40250.0,408700,KBS
2021-11-05 07:00:00,40543.0,43011.0,39662.0,43011.0,1801400,KBS
2021-11-08 07:00:00,44069.0,44069.0,42600.0,42894.0,670700,KBS
2021-11-09 07:00:00,43070.0,43187.0,42659.0,42776.0,452200,KBS
2021-11-10 07:00:00,42541.0,45420.0,41953.0,44950.0,882900,KBS
2021-11-11 07:00:00,44950.0,45361.0,43775.0,45126.0,505100,KBS
2021-11-12 07:00:00,45244.0,45244.0,44069.0,44715.0,326900,KBS
2021-11-15 07:00:00,45126.0,45126.0,42776.0,42894.0,857000,KBS
2021-11-16 07:00:00,42894.0,44069.0,42247.0,43364.0,667700,KBS
2021-11-17 07:00:00,43364.0,43481.0,42659.0,42894.0,236400,KBS
2021-11-18 07:00:00,42424.0,43364.0,41718.0,41718.0,741700,KBS
2021-11-19 07:00:00,41718.0,42306.0,39427.0,39956.0,945100,KBS
2021-11-22 07:00:00,39779.0,41013.0,37605.0,38898.0,570400,KBS
2021-11-23 07:00:00,38898.0,40837.0,38487.0,40837.0,280700,KBS
2021-11-24 07:00:00,41131.0,41425.0,40014.0,40896.0,216400,KBS
2021-11-25 07:00:00,40896.0,41131.0,40014.0,40132.0,363800,KBS
2021-11-26 07:00:00,39956.0,40073.0,38839.0,39309.0,363800,KBS
2021-11-29 07:00:00,37605.0,38957.0,37605.0,38252.0,373300,KBS
2021-11-30 07:00:00,38781.0,39251.0,38546.0,39251.0,334300,KBS
2021-12-01 07:00:00,39662.0,39662.0,38663.0,38839.0,160000,KBS
2021-12-02 07:00:00,38839.0,39544.0,38839.0,38957.0,217800,KBS
2021-12-03 07:00:00,38957.0,39251.0,38428.0,38428.0,253800,KBS
2021-12-06 07:00:00,38428.0,39368.0,35784.0,36548.0,338600,KBS
2021-12-07 07:00:00,37605.0,37958.0,36724.0,37958.0,375100,KBS
2021-12-08 07:00:00,38193.0,39192.0,38193.0,38722.0,214700,KBS
2021-12-09 07:00:00,38722.0,38722.0,38075.0,38310.0,295800,KBS
2021-12-10 07:00:00,38310.0,39662.0,38310.0,39368.0,280600,KBS
2021-12-13 07:00:00,39368.0,40073.0,38193.0,39897.0,411100,KBS
2021-12-14 07:00:00,39956.0,39956.0,39133.0,39368.0,222300,KBS
2021-12-15 07:00:00,39368.0,39838.0,38781.0,39133.0,260900,KBS
2021-12-16 07:00:00,39133.0,39486.0,38193.0,38781.0,219000,KBS
2021-12-17 07:00:00,38781.0,38839.0,38193.0,38781.0,247500,KBS
2021-12-20 07:00:00,38310.0,38663.0,37782.0,38310.0,205700,KBS
2021-12-21 07:00:00,37723.0,38134.0,37605.0,37782.0,257400,KBS
2021-12-22 07:00:00,37840.0,38781.0,37664.0,38193.0,308100,KBS
2021-12-23 07:00:00,38193.0,38252.0,37253.0,37370.0,207400,KBS
2021-12-24 07:00:00,37605.0,37958.0,37370.0,37605.0,130800,KBS
2021-12-27 07:00:00,37605.0,38193.0,37370.0,37605.0,211800,KBS
2021-12-28 07:00:00,37782.0,38193.0,37547.0,38193.0,177500,KBS
2021-12-29 07:00:00,37840.0,38369.0,37723.0,38193.0,176300,KBS
2021-12-30 07:00:00,38193.0,38252.0,37605.0,37605.0,80800,KBS
2021-12-31 07:00:00,38075.0,38075.0,37429.0,37605.0,154200,KBS
2022-01-04 07:00:00,37723.0,38722.0,36489.0,38546.0,339700,KBS
2022-01-05 07:00:00,38781.0,41013.0,38487.0,40778.0,753100,KBS
2022-01-06 07:00:00,41072.0,41718.0,40543.0,40955.0,693600,KBS
2022-01-07 07:00:00,40778.0,40955.0,39956.0,40543.0,209900,KBS
2022-01-10 07:00:00,39956.0,41777.0,39192.0,40720.0,652000,KBS
2022-01-11 07:00:00,40720.0,41131.0,39368.0,40073.0,272300,KBS
2022-01-12 07:00:00,39544.0,40073.0,38252.0,39368.0,290500,KBS
2022-01-13 07:00:00,39368.0,39956.0,37899.0,39956.0,290200,KBS
2022-01-14 07:00:00,38722.0,40602.0,38722.0,39956.0,380200,KBS
2022-01-17 07:00:00,40485.0,41131.0,39897.0,39956.0,886500,KBS
2022-01-18 07:00:00,39956.0,40073.0,38781.0,39662.0,334000,KBS
2022-01-19 07:00:00,39133.0,39897.0,38546.0,39368.0,244600,KBS
2022-01-20 07:00:00,39368.0,39368.0,38017.0,39368.0,294900,KBS
2022-01-21 07:00:00,38839.0,41483.0,38839.0,40837.0,618900,KBS
2022-01-24 07:00:00,41190.0,41190.0,39897.0,40485.0,321200,KBS
2022-01-25 07:00:00,40250.0,40837.0,39074.0,40661.0,238200,KBS
2022-01-26 07:00:00,40661.0,41072.0,39721.0,40250.0,188600,KBS
2022-01-27 07:00:00,40073.0,40485.0,38839.0,40191.0,395800,KBS
2022-01-28 07:00:00,40132.0,40132.0,39133.0,39956.0,283300,KBS
2022-02-07 07:00:00,40543.0,40543.0,38781.0,40308.0,287700,KBS
2022-02-08 07:00:00,40426.0,42247.0,39956.0,42189.0,991500,KBS
2022-02-09 07:00:00,42600.0,42717.0,41953.0,42189.0,342100,KBS
2022-02-10 07:00:00,42071.0,43246.0,41895.0,42835.0,316400,KBS
2022-02-11 07:00:00,42776.0,42952.0,41777.0,42541.0,370500,KBS
2022-02-14 07:00:00,41542.0,42424.0,41542.0,41836.0,307200,KBS
2022-02-15 07:00:00,41836.0,43775.0,41425.0,42894.0,463200,KBS
2022-02-16 07:00:00,42894.0,45244.0,42600.0,45185.0,1127300,KBS
2022-02-17 07:00:00,45185.0,47183.0,45126.0,46772.0,996800,KBS
2022-02-18 07:00:00,45890.0,46830.0,45890.0,46830.0,331200,KBS
2022-02-21 07:00:00,46478.0,48241.0,45890.0,48182.0,615000,KBS
2022-02-22 07:00:00,47594.0,48417.0,46537.0,47359.0,460000,KBS
2022-02-23 07:00:00,47359.0,48476.0,46889.0,47594.0,589200,KBS
2022-02-24 07:00:00,47124.0,48006.0,44950.0,47594.0,641100,KBS
2022-02-25 07:00:00,47888.0,48476.0,47594.0,48123.0,470100,KBS
2022-02-28 07:00:00,48123.0,49945.0,47359.0,49357.0,458800,KBS
2022-03-01 07:00:00,49298.0,49298.0,48182.0,49063.0,295600,KBS
2022-03-02 07:00:00,48299.0,48946.0,47065.0,47888.0,633800,KBS
2022-03-03 07:00:00,47124.0,49592.0,45832.0,49592.0,1269700,KBS
2022-03-04 07:00:00,49592.0,49827.0,48711.0,49592.0,372200,KBS
2022-03-07 07:00:00,47771.0,49063.0,47771.0,48652.0,491200,KBS
2022-03-08 07:00:00,47594.0,47947.0,45303.0,45303.0,1015400,KBS
2022-03-09 07:00:00,44715.0,46243.0,42424.0,44598.0,835500,KBS
2022-03-10 07:00:00,45244.0,47712.0,45244.0,47653.0,652000,KBS
2022-03-11 07:00:00,47007.0,47829.0,46419.0,47477.0,309900,KBS
2022-03-14 07:00:00,45890.0,47242.0,45597.0,46830.0,435100,KBS
2022-03-15 07:00:00,46713.0,46830.0,45538.0,46713.0,307800,KBS
2022-03-16 07:00:00,47594.0,47594.0,45773.0,46008.0,351400,KBS
2022-03-17 07:00:00,46713.0,48123.0,46067.0,47477.0,724100,KBS
2022-03-18 07:00:00,47477.0,48182.0,46302.0,47418.0,352800,KBS
2022-03-21 07:00:00,46772.0,47124.0,46419.0,46595.0,342800,KBS
2022-03-22 07:00:00,46302.0,47124.0,46008.0,47124.0,599300,KBS
2022-03-23 07:00:00,47065.0,49005.0,47065.0,48711.0,852600,KBS
2022-03-24 07:00:00,48769.0,49122.0,48182.0,48769.0,616900,KBS
2022-03-25 07:00:00,48711.0,52177.0,48417.0,52177.0,1599100,KBS
2022-03-28 07:00:00,52119.0,53764.0,51414.0,53411.0,513900,KBS
2022-03-29 07:00:00,53411.0,53881.0,51884.0,52471.0,574700,KBS
2022-03-30 07:00:00,51766.0,55057.0,51120.0,53823.0,660200,KBS
2022-03-31 07:00:00,53470.0,54058.0,52941.0,52941.0,322500,KBS
2022-04-01 07:00:00,52412.0,54998.0,52412.0,53470.0,416100,KBS
2022-04-04 07:00:00,53705.0,54880.0,53646.0,54645.0,748200,KBS
2022-04-05 07:00:00,54645.0,55233.0,53470.0,54058.0,428600,KBS
2022-04-06 07:00:00,54058.0,54058.0,51120.0,52883.0,892100,KBS
2022-04-07 07:00:00,53470.0,53881.0,50415.0,50415.0,846200,KBS
2022-04-08 07:00:00,50180.0,50650.0,48769.0,49063.0,825500,KBS
2022-04-12 07:00:00,49651.0,52471.0,49063.0,50532.0,606800,KBS
2022-04-13 07:00:00,51120.0,52001.0,50415.0,51120.0,353000,KBS
2022-04-14 07:00:00,51179.0,53411.0,51179.0,52941.0,486800,KBS
2022-04-15 07:00:00,53470.0,56643.0,53176.0,56408.0,1707000,KBS
2022-04-18 07:00:00,56408.0,57583.0,55820.0,56878.0,666300,KBS
2022-04-19 07:00:00,56761.0,57054.0,54058.0,55233.0,614500,KBS
2022-04-20 07:00:00,54352.0,56408.0,52883.0,52883.0,773000,KBS
2022-04-21 07:00:00,51825.0,53881.0,49357.0,52883.0,792800,KBS
2022-04-22 07:00:00,53881.0,53881.0,49181.0,49181.0,1106300,KBS
2022-04-25 07:00:00,49181.0,49181.0,45773.0,45773.0,602000,KBS
2022-04-26 07:00:00,42600.0,46419.0,42600.0,46419.0,964300,KBS
2022-04-27 07:00:00,46125.0,48182.0,44656.0,47771.0,395700,KBS
2022-04-28 07:00:00,47065.0,48064.0,46595.0,47594.0,330700,KBS
2022-04-29 07:00:00,46537.0,49768.0,46537.0,49240.0,548000,KBS
2022-05-04 07:00:00,48946.0,50532.0,48241.0,50180.0,449300,KBS
2022-05-05 07:00:00,50180.0,51061.0,46889.0,49298.0,421800,KBS
2022-05-06 07:00:00,47888.0,48241.0,45890.0,45890.0,423000,KBS
2022-05-09 07:00:00,43305.0,45479.0,42717.0,42717.0,579900,KBS
2022-05-10 07:00:00,39838.0,44010.0,39779.0,44010.0,588200,KBS
2022-05-11 07:00:00,44010.0,44069.0,41131.0,43481.0,227200,KBS
2022-05-12 07:00:00,43129.0,43129.0,40485.0,40485.0,377200,KBS
2022-05-13 07:00:00,39251.0,39721.0,37664.0,37664.0,533400,KBS
2022-05-16 07:00:00,37547.0,39192.0,35079.0,35784.0,570900,KBS
2022-05-17 07:00:00,35784.0,38193.0,33845.0,38075.0,452400,KBS
2022-05-18 07:00:00,38546.0,38546.0,37018.0,37429.0,338300,KBS
2022-05-19 07:00:00,35373.0,37253.0,35373.0,36783.0,279500,KBS
2022-05-20 07:00:00,36724.0,38134.0,36254.0,37488.0,468500,KBS
2022-05-23 07:00:00,37605.0,38252.0,35314.0,36724.0,330300,KBS
2022-05-24 07:00:00,36959.0,37488.0,34961.0,37488.0,438800,KBS
2022-05-25 07:00:00,37370.0,39544.0,36724.0,39486.0,918100,KBS
2022-05-26 07:00:00,40073.0,41072.0,39486.0,41072.0,785800,KBS
2022-05-27 07:00:00,41072.0,41718.0,40191.0,41131.0,384400,KBS
2022-05-30 07:00:00,40955.0,40955.0,39779.0,40426.0,744400,KBS
2022-05-31 07:00:00,40132.0,41072.0,39838.0,40837.0,527800,KBS
2022-06-01 07:00:00,40602.0,40778.0,39544.0,40250.0,492700,KBS
2022-06-02 07:00:00,40778.0,43011.0,40308.0,43011.0,1367900,KBS
2022-06-03 07:00:00,42894.0,44245.0,41895.0,43011.0,627900,KBS
2022-06-06 07:00:00,43070.0,43893.0,42189.0,42835.0,622400,KBS
2022-06-07 07:00:00,42247.0,45185.0,41190.0,45126.0,1217200,KBS
2022-06-08 07:00:00,45420.0,46713.0,44715.0,45655.0,669000,KBS
2022-06-09 07:00:00,45185.0,45655.0,44539.0,45655.0,545100,KBS
2022-06-10 07:00:00,44891.0,45538.0,42482.0,42482.0,995100,KBS
2022-06-13 07:00:00,39544.0,40837.0,39544.0,39544.0,752500,KBS
2022-06-14 07:00:00,37135.0,39486.0,37135.0,39486.0,766600,KBS
2022-06-15 07:00:00,39368.0,39368.0,36724.0,37547.0,635200,KBS
2022-06-16 07:00:00,38193.0,38781.0,37664.0,37664.0,638100,KBS
2022-06-17 07:00:00,35666.0,37018.0,35255.0,35843.0,717600,KBS
2022-06-20 07:00:00,36254.0,37135.0,33375.0,33375.0,705000,KBS
2022-06-21 07:00:00,32905.0,33492.0,31083.0,31083.0,1261700,KBS
2022-06-22 07:00:00,32082.0,32082.0,28909.0,28909.0,780400,KBS
2022-06-23 07:00:00,28498.0,30907.0,28175.0,30907.0,389500,KBS
2022-06-24 07:00:00,31612.0,32317.0,31142.0,31730.0,381600,KBS
2022-06-27 07:00:00,31730.0,32435.0,31318.0,32023.0,305100,KBS
2022-06-28 07:00:00,31965.0,32846.0,31495.0,32376.0,378500,KBS
2022-06-29 07:00:00,32317.0,32611.0,31730.0,32200.0,334200,KBS
2022-06-30 07:00:00,32317.0,33375.0,32317.0,32905.0,505400,KBS
2022-07-01 07:00:00,32435.0,33257.0,30613.0,33257.0,386700,KBS
2022-07-04 07:00:00,33257.0,33492.0,32258.0,32435.0,282600,KBS
2022-07-05 07:00:00,32258.0,32258.0,30202.0,30202.0,866500,KBS
2022-07-06 07:00:00,29673.0,29967.0,28204.0,28204.0,434600,KBS
2022-07-07 07:00:00,27381.0,29379.0,27381.0,28498.0,194300,KBS
2022-07-08 07:00:00,28498.0,30437.0,28498.0,30437.0,351700,KBS
2022-07-11 07:00:00,30731.0,30907.0,29379.0,29438.0,213700,KBS
2022-07-12 07:00:00,29791.0,31024.0,29614.0,31024.0,176600,KBS
2022-07-13 07:00:00,31142.0,31259.0,29967.0,30554.0,228400,KBS
2022-07-14 07:00:00,30319.0,31142.0,30084.0,31142.0,149300,KBS
2022-07-15 07:00:00,31142.0,31730.0,30554.0,30554.0,182500,KBS
2022-07-18 07:00:00,30848.0,30966.0,30496.0,30496.0,181900,KBS
2022-07-19 07:00:00,30496.0,30789.0,30084.0,30554.0,160100,KBS
2022-07-20 07:00:00,30848.0,31906.0,30672.0,31612.0,633100,KBS
2022-07-21 07:00:00,31906.0,31906.0,31318.0,31318.0,199300,KBS
2022-07-22 07:00:00,31553.0,31671.0,31201.0,31259.0,271400,KBS
2022-07-25 07:00:00,31436.0,31436.0,30319.0,31083.0,207100,KBS
2022-07-26 07:00:00,31201.0,31201.0,30437.0,31024.0,138800,KBS
2022-07-27 07:00:00,30378.0,30731.0,30026.0,30731.0,148800,KBS
2022-07-28 07:00:00,31083.0,31612.0,30554.0,31436.0,426400,KBS
2022-07-29 07:00:00,31495.0,32141.0,31259.0,31730.0,532500,KBS
2022-08-01 07:00:00,31730.0,32787.0,31553.0,32611.0,636200,KBS
2022-08-02 07:00:00,32905.0,33727.0,32552.0,33551.0,734300,KBS
2022-08-03 07:00:00,33492.0,34139.0,33434.0,33669.0,567300,KBS
2022-08-04 07:00:00,33669.0,33786.0,32787.0,33257.0,1051800,KBS
2022-08-05 07:00:00,33198.0,33727.0,32905.0,33610.0,381400,KBS
2022-08-08 07:00:00,33904.0,34961.0,33492.0,34197.0,410400,KBS
2022-08-09 07:00:00,34197.0,34256.0,33316.0,33492.0,978700,KBS
2022-08-10 07:00:00,33434.0,33492.0,32787.0,33316.0,663400,KBS
2022-08-11 07:00:00,33845.0,33845.0,32493.0,33198.0,846400,KBS
2022-08-12 07:00:00,33198.0,33318.0,32541.0,33258.0,418800,KBS
2022-08-15 07:00:00,33318.0,33797.0,32600.0,33198.0,479600,KBS
2022-08-16 07:00:00,33198.0,34514.0,33079.0,34096.0,1472400,KBS
2022-08-17 07:00:00,34395.0,34574.0,33677.0,34335.0,599300,KBS
2022-08-18 07:00:00,33976.0,34156.0,33498.0,33797.0,693000,KBS
2022-08-19 07:00:00,33498.0,33737.0,32301.0,32301.0,890600,KBS
2022-08-22 07:00:00,31763.0,31883.0,30866.0,31883.0,706000,KBS
2022-08-23 07:00:00,31404.0,32361.0,31344.0,32361.0,348700,KBS
2022-08-24 07:00:00,32301.0,32361.0,31703.0,32241.0,470400,KBS
2022-08-25 07:00:00,32241.0,32840.0,32241.0,32541.0,545600,KBS
2022-08-26 07:00:00,32720.0,32840.0,31942.0,31942.0,618400,KBS
2022-08-29 07:00:00,31464.0,31464.0,30327.0,31105.0,718000,KBS
2022-08-30 07:00:00,31105.0,31583.0,31045.0,31045.0,370500,KBS
2022-08-31 07:00:00,31045.0,31404.0,30626.0,31284.0,218500,KBS
2022-09-05 07:00:00,31404.0,31524.0,31105.0,31344.0,243500,KBS
2022-09-06 07:00:00,31344.0,31404.0,31045.0,31105.0,359500,KBS
2022-09-07 07:00:00,31045.0,31165.0,29609.0,29609.0,675200,KBS
2022-09-08 07:00:00,29968.0,30387.0,29609.0,30028.0,634300,KBS
2022-09-09 07:00:00,30131.0,31301.0,30063.0,30613.0,392200,KBS
2022-09-12 07:00:00,30751.0,31645.0,30475.0,30922.0,228000,KBS
2022-09-13 07:00:00,31163.0,31163.0,30819.0,30854.0,156900,KBS
2022-09-14 07:00:00,30269.0,30407.0,29994.0,30338.0,454100,KBS
2022-09-15 07:00:00,30407.0,30407.0,29959.0,29994.0,245100,KBS
2022-09-16 07:00:00,29994.0,29994.0,28756.0,29031.0,557100,KBS
2022-09-19 07:00:00,28893.0,28927.0,27001.0,27001.0,864800,KBS
2022-09-20 07:00:00,27414.0,27861.0,26004.0,26829.0,379000,KBS
2022-09-21 07:00:00,26692.0,26692.0,25797.0,25797.0,298200,KBS
2022-09-22 07:00:00,25109.0,26451.0,25109.0,26417.0,463900,KBS
2022-09-23 07:00:00,26417.0,26967.0,26417.0,26554.0,311200,KBS
2022-09-26 07:00:00,26279.0,26279.0,24697.0,24731.0,669000,KBS
2022-09-27 07:00:00,24937.0,25213.0,24594.0,25041.0,219000,KBS
2022-09-28 07:00:00,24766.0,25316.0,24422.0,24490.0,325500,KBS
2022-09-29 07:00:00,25109.0,25109.0,23011.0,23011.0,382000,KBS
2022-09-30 07:00:00,22358.0,22839.0,21429.0,22083.0,987500,KBS
2022-10-03 07:00:00,21911.0,21911.0,20569.0,20569.0,620100,KBS
2022-10-04 07:00:00,20879.0,21188.0,19193.0,19193.0,591700,KBS
2022-10-05 07:00:00,19400.0,20535.0,19400.0,20535.0,426200,KBS
2022-10-06 07:00:00,20913.0,21291.0,20294.0,20294.0,553000,KBS
2022-10-07 07:00:00,20260.0,20294.0,18918.0,19193.0,573300,KBS
2022-10-10 07:00:00,18918.0,20535.0,18918.0,20535.0,527400,KBS
2022-10-11 07:00:00,20638.0,21670.0,20294.0,20432.0,1174700,KBS
2022-10-12 07:00:00,20569.0,21670.0,20500.0,20776.0,526300,KBS
2022-10-13 07:00:00,20810.0,21326.0,20156.0,20776.0,503200,KBS
2022-10-14 07:00:00,21051.0,21395.0,20569.0,20810.0,1257300,KBS
2022-10-17 07:00:00,20500.0,21188.0,20225.0,20638.0,389200,KBS
2022-10-18 07:00:00,21223.0,22083.0,20982.0,22083.0,695800,KBS
2022-10-19 07:00:00,22530.0,23252.0,21911.0,22014.0,1372800,KBS
2022-10-20 07:00:00,22323.0,22942.0,21945.0,22220.0,1045800,KBS
2022-10-21 07:00:00,22220.0,22220.0,20672.0,20672.0,1262300,KBS
2022-10-24 07:00:00,21119.0,21257.0,19228.0,19228.0,949000,KBS
2022-10-25 07:00:00,19228.0,20260.0,18196.0,19193.0,900900,KBS
2022-10-26 07:00:00,19675.0,19675.0,17852.0,17852.0,649400,KBS
2022-10-27 07:00:00,17886.0,19090.0,17336.0,19090.0,854300,KBS
2022-10-28 07:00:00,19675.0,19675.0,19056.0,19262.0,889700,KBS
2022-10-31 07:00:00,19400.0,19468.0,18196.0,18574.0,1734000,KBS
2022-11-01 07:00:00,18849.0,19537.0,18677.0,19296.0,1356500,KBS
2022-11-02 07:00:00,19640.0,19881.0,18987.0,18987.0,737900,KBS
2022-11-03 07:00:00,18746.0,19056.0,17852.0,17852.0,1317800,KBS
2022-11-04 07:00:00,17714.0,17714.0,16614.0,16614.0,757900,KBS
2022-11-07 07:00:00,15478.0,15822.0,15478.0,15478.0,885000,KBS
2022-11-08 07:00:00,14412.0,14412.0,14412.0,14412.0,371900,KBS
2022-11-09 07:00:00,13415.0,14859.0,13415.0,13552.0,1694200,KBS
2022-11-10 07:00:00,13415.0,13483.0,12624.0,12624.0,1037400,KBS
2022-11-11 07:00:00,12658.0,13002.0,11764.0,11764.0,1242400,KBS
2022-11-14 07:00:00,11351.0,11488.0,10972.0,10972.0,2534200,KBS
2022-11-15 07:00:00,10869.0,11626.0,10869.0,11488.0,1583300,KBS
2022-11-16 07:00:00,11557.0,12280.0,11385.0,12280.0,974800,KBS
2022-11-17 07:00:00,13105.0,13105.0,13036.0,13105.0,883600,KBS
2022-11-18 07:00:00,13999.0,13999.0,13621.0,13999.0,2767700,KBS
2022-11-21 07:00:00,14859.0,14962.0,14481.0,14962.0,698300,KBS
2022-11-22 07:00:00,15616.0,15822.0,14206.0,14240.0,3138500,KBS
2022-11-23 07:00:00,14240.0,15203.0,14034.0,15203.0,1080100,KBS
2022-11-24 07:00:00,15375.0,16235.0,15375.0,16235.0,2029000,KBS
2022-11-25 07:00:00,16854.0,17370.0,16545.0,17370.0,1377800,KBS
2022-11-28 07:00:00,18230.0,18437.0,16923.0,17542.0,2155200,KBS
2022-11-29 07:00:00,17473.0,18437.0,17095.0,18024.0,1704400,KBS
2022-11-30 07:00:00,18230.0,18230.0,17439.0,17817.0,1716600,KBS
2022-12-01 07:00:00,18230.0,19056.0,18230.0,19056.0,2283300,KBS
2022-12-02 07:00:00,18849.0,19812.0,18368.0,19606.0,1549300,KBS
2022-12-05 07:00:00,19950.0,20225.0,18437.0,18437.0,2366300,KBS
2022-12-06 07:00:00,17955.0,19709.0,17955.0,18918.0,2543500,KBS
2022-12-07 07:00:00,18987.0,19606.0,17611.0,17611.0,1432200,KBS
2022-12-08 07:00:00,17817.0,18746.0,16854.0,16992.0,1926200,KBS
2022-12-09 07:00:00,17336.0,18161.0,16992.0,18161.0,1887100,KBS
2022-12-12 07:00:00,18368.0,19056.0,18093.0,18161.0,1074900,KBS
2022-12-13 07:00:00,18230.0,18918.0,17817.0,18815.0,1330300,KBS
2022-12-14 07:00:00,19262.0,19881.0,19021.0,19400.0,1480700,KBS
2022-12-15 07:00:00,18643.0,18712.0,18058.0,18058.0,2482400,KBS
2022-12-16 07:00:00,16820.0,16820.0,16820.0,16820.0,868100,KBS
2022-12-19 07:00:00,15650.0,15650.0,15650.0,15650.0,440000,KBS
2022-12-20 07:00:00,14584.0,14584.0,14584.0,14584.0,96100,KBS
2022-12-21 07:00:00,13587.0,15582.0,13587.0,15582.0,5081900,KBS
2022-12-22 07:00:00,16304.0,16304.0,14515.0,14515.0,1423200,KBS
2022-12-23 07:00:00,14034.0,14722.0,13518.0,13518.0,1934200,KBS
2022-12-26 07:00:00,13071.0,13071.0,12589.0,12589.0,1058900,KBS
2022-12-27 07:00:00,11729.0,12933.0,11729.0,12727.0,1582400,KBS
2022-12-28 07:00:00,12727.0,13415.0,12658.0,13380.0,644800,KBS
2022-12-29 07:00:00,13346.0,13346.0,12520.0,12520.0,820700,KBS
2022-12-30 07:00:00,12555.0,13002.0,12417.0,12624.0,428400,KBS
2023-01-03 07:00:00,12933.0,13380.0,12727.0,13380.0,603400,KBS
2023-01-04 07:00:00,13759.0,13862.0,13415.0,13483.0,615700,KBS
2023-01-05 07:00:00,13483.0,13655.0,13415.0,13415.0,484200,KBS
2023-01-06 07:00:00,13552.0,14275.0,13415.0,13759.0,961100,KBS
2023-01-09 07:00:00,13827.0,14034.0,13208.0,13243.0,559300,KBS
2023-01-10 07:00:00,13071.0,13208.0,12624.0,12967.0,708600,KBS
2023-01-11 07:00:00,13277.0,13277.0,12796.0,13071.0,483400,KBS
2023-01-12 07:00:00,13243.0,13243.0,12933.0,12967.0,297400,KBS
2023-01-13 07:00:00,13174.0,13174.0,12933.0,12933.0,458800,KBS
2023-01-16 07:00:00,12933.0,13139.0,12830.0,12864.0,274400,KBS
2023-01-17 07:00:00,12899.0,13277.0,12864.0,13105.0,504400,KBS
2023-01-18 07:00:00,13071.0,13999.0,13071.0,13999.0,930800,KBS
2023-01-19 07:00:00,14103.0,14756.0,14034.0,14447.0,632500,KBS
2023-01-27 07:00:00,14791.0,14825.0,13759.0,13759.0,791500,KBS
2023-01-30 07:00:00,13759.0,14309.0,13759.0,14137.0,521400,KBS
2023-01-31 07:00:00,14309.0,14447.0,13999.0,14343.0,648600,KBS
2023-02-01 07:00:00,14619.0,15238.0,14171.0,14653.0,1533300,KBS
2023-02-02 07:00:00,14791.0,14928.0,14240.0,14275.0,676800,KBS
2023-02-03 07:00:00,14447.0,14619.0,13965.0,14240.0,574800,KBS
2023-02-06 07:00:00,14240.0,14275.0,13862.0,13999.0,439100,KBS
2023-02-07 07:00:00,14034.0,14171.0,13415.0,13415.0,505500,KBS
2023-02-08 07:00:00,13449.0,13587.0,12933.0,13311.0,446500,KBS
2023-02-09 07:00:00,13587.0,13965.0,13380.0,13827.0,375900,KBS
2023-02-10 07:00:00,13827.0,13827.0,13380.0,13415.0,247700,KBS
2023-02-13 07:00:00,13415.0,13415.0,12486.0,12486.0,797100,KBS
2023-02-14 07:00:00,12658.0,12796.0,12486.0,12624.0,209300,KBS
2023-02-15 07:00:00,12658.0,13311.0,12658.0,13036.0,373700,KBS
2023-02-16 07:00:00,13346.0,13931.0,13139.0,13931.0,762200,KBS
2023-02-17 07:00:00,13965.0,14275.0,13827.0,13965.0,551100,KBS
2023-02-20 07:00:00,13999.0,14584.0,13862.0,14584.0,870500,KBS
2023-02-21 07:00:00,14653.0,14791.0,14378.0,14447.0,849100,KBS
2023-02-22 07:00:00,14275.0,14309.0,13621.0,13621.0,948900,KBS
2023-02-23 07:00:00,13621.0,13621.0,13071.0,13483.0,542200,KBS
2023-02-24 07:00:00,13690.0,13690.0,13174.0,13174.0,376800,KBS
2023-02-27 07:00:00,13071.0,13174.0,12658.0,12658.0,490100,KBS
2023-02-28 07:00:00,12933.0,13002.0,12658.0,13002.0,345900,KBS
2023-03-01 07:00:00,12933.0,13552.0,12796.0,13552.0,359600,KBS
2023-03-02 07:00:00,13587.0,13690.0,13346.0,13380.0,282200,KBS
2023-03-03 07:00:00,13380.0,13587.0,13139.0,13139.0,295600,KBS
2023-03-06 07:00:00,13415.0,13518.0,13174.0,13174.0,289800,KBS
2023-03-07 07:00:00,13483.0,13483.0,13139.0,13243.0,275400,KBS
2023-03-08 07:00:00,13208.0,13415.0,13071.0,13415.0,278300,KBS
2023-03-09 07:00:00,13483.0,13827.0,13483.0,13827.0,507100,KBS
2023-03-10 07:00:00,13793.0,13793.0,13449.0,13449.0,291400,KBS
2023-03-13 07:00:00,13415.0,13415.0,13208.0,13243.0,313600,KBS
2023-03-14 07:00:00,13208.0,13277.0,12830.0,12830.0,705900,KBS
2023-03-15 07:00:00,13208.0,13311.0,13071.0,13277.0,259100,KBS
2023-03-16 07:00:00,13071.0,13139.0,12933.0,12967.0,337600,KBS
2023-03-17 07:00:00,13243.0,13243.0,12899.0,12899.0,200600,KBS
2023-03-20 07:00:00,12899.0,13105.0,12864.0,12864.0,284700,KBS
2023-03-21 07:00:00,12899.0,12933.0,12727.0,12899.0,242400,KBS
2023-03-22 07:00:00,12933.0,13139.0,12864.0,12933.0,159800,KBS
2023-03-23 07:00:00,12796.0,13002.0,12796.0,13002.0,110300,KBS
2023-03-24 07:00:00,13036.0,13139.0,13002.0,13002.0,222300,KBS
2023-03-27 07:00:00,13071.0,13071.0,12933.0,13071.0,206000,KBS
2023-03-28 07:00:00,13174.0,13311.0,13071.0,13208.0,431200,KBS
2023-03-29 07:00:00,13277.0,13277.0,13105.0,13208.0,192900,KBS
2023-03-30 07:00:00,13208.0,13277.0,13139.0,13139.0,286400,KBS
2023-03-31 07:00:00,13139.0,13311.0,13139.0,13277.0,293200,KBS
2023-04-03 07:00:00,13483.0,14206.0,13311.0,14206.0,1096600,KBS
2023-04-04 07:00:00,14378.0,14378.0,13965.0,14103.0,519700,KBS
2023-04-05 07:00:00,14137.0,14653.0,14068.0,14653.0,1168800,KBS
2023-04-06 07:00:00,14653.0,15100.0,14447.0,14447.0,984700,KBS
2023-04-07 07:00:00,14481.0,14653.0,14240.0,14584.0,657900,KBS
2023-04-10 07:00:00,14653.0,15100.0,14240.0,14309.0,937300,KBS
2023-04-11 07:00:00,14103.0,14997.0,14103.0,14997.0,696500,KBS
2023-04-12 07:00:00,15066.0,16029.0,15066.0,16029.0,1797400,KBS
2023-04-13 07:00:00,16098.0,16717.0,15685.0,15754.0,949200,KBS
2023-04-14 07:00:00,15788.0,15960.0,14859.0,14859.0,879000,KBS
2023-04-17 07:00:00,14997.0,15822.0,14687.0,15822.0,763200,KBS
2023-04-18 07:00:00,15822.0,16235.0,15547.0,15960.0,697400,KBS
2023-04-19 07:00:00,15994.0,15994.0,15306.0,15306.0,798700,KBS
2023-04-20 07:00:00,15410.0,16373.0,15410.0,16373.0,1842000,KBS
2023-04-21 07:00:00,16510.0,17508.0,16510.0,16923.0,1979600,KBS
2023-04-24 07:00:00,17198.0,17301.0,16545.0,16923.0,865800,KBS
2023-04-25 07:00:00,17129.0,17129.0,16235.0,16476.0,994400,KBS
2023-04-26 07:00:00,16648.0,16992.0,16304.0,16992.0,771100,KBS
2023-04-27 07:00:00,17061.0,17061.0,16166.0,16373.0,1228200,KBS
2023-04-28 07:00:00,16442.0,16923.0,16098.0,16098.0,883700,KBS
2023-05-04 07:00:00,15822.0,15857.0,15169.0,15444.0,1982100,KBS
2023-05-05 07:00:00,15134.0,15857.0,15134.0,15822.0,676200,KBS
2023-05-08 07:00:00,15822.0,16166.0,15478.0,15616.0,909700,KBS
2023-05-09 07:00:00,15685.0,15960.0,15513.0,15926.0,803800,KBS
2023-05-10 07:00:00,15891.0,16235.0,15822.0,16029.0,1153400,KBS
2023-05-11 07:00:00,16270.0,16923.0,16166.0,16923.0,1651800,KBS
2023-05-12 07:00:00,16923.0,16992.0,16510.0,16992.0,974800,KBS
2023-05-15 07:00:00,17129.0,17198.0,16545.0,16545.0,927800,KBS
2023-05-16 07:00:00,16648.0,16648.0,16063.0,16270.0,969300,KBS
2023-05-17 07:00:00,16304.0,16889.0,16166.0,16304.0,602400,KBS
2023-05-18 07:00:00,16442.0,16510.0,16235.0,16235.0,394000,KBS
2023-05-19 07:00:00,16407.0,16407.0,15822.0,16132.0,810500,KBS
2023-05-22 07:00:00,16132.0,16614.0,16132.0,16442.0,371000,KBS
2023-05-23 07:00:00,16614.0,16786.0,16407.0,16579.0,783400,KBS
2023-05-24 07:00:00,16682.0,16717.0,16270.0,16304.0,548600,KBS
2023-05-25 07:00:00,16201.0,16373.0,15822.0,15822.0,704300,KBS
2023-05-26 07:00:00,15822.0,16166.0,15822.0,15994.0,417900,KBS
2023-05-29 07:00:00,16235.0,16373.0,16029.0,16338.0,575200,KBS
2023-05-30 07:00:00,16510.0,16854.0,16510.0,16682.0,971500,KBS
2023-05-31 07:00:00,16854.0,17817.0,16751.0,17817.0,2805700,KBS
2023-06-01 07:00:00,18161.0,18299.0,17645.0,18127.0,1082900,KBS
2023-06-02 07:00:00,18299.0,18437.0,17817.0,17955.0,1030600,KBS
2023-06-05 07:00:00,17989.0,18849.0,17989.0,18230.0,1033800,KBS
2023-06-06 07:00:00,18230.0,18540.0,17955.0,18402.0,749900,KBS
2023-06-07 07:00:00,18574.0,18918.0,18299.0,18402.0,939900,KBS
2023-06-08 07:00:00,18368.0,18781.0,18161.0,18161.0,1634200,KBS
2023-06-09 07:00:00,18161.0,18265.0,17680.0,18093.0,1004600,KBS
2023-06-12 07:00:00,18333.0,19124.0,18093.0,18781.0,1118300,KBS
2023-06-13 07:00:00,18987.0,18987.0,18471.0,18471.0,770700,KBS
2023-06-14 07:00:00,18540.0,18712.0,18024.0,18093.0,1028600,KBS
2023-06-15 07:00:00,18299.0,18402.0,18024.0,18161.0,598100,KBS
2023-06-16 07:00:00,18196.0,18505.0,18093.0,18093.0,718500,KBS
2023-06-19 07:00:00,18333.0,18333.0,17989.0,17989.0,603000,KBS
2023-06-20 07:00:00,18024.0,18540.0,17886.0,18368.0,531800,KBS
2023-06-21 07:00:00,18505.0,18849.0,18368.0,18815.0,1168500,KBS
2023-06-22 07:00:00,19262.0,19537.0,18849.0,19056.0,1179700,KBS
2023-06-23 07:00:00,19056.0,19262.0,18712.0,18952.0,531800,KBS
2023-06-26 07:00:00,19056.0,19056.0,18058.0,18574.0,933800,KBS
2023-06-27 07:00:00,18781.0,19056.0,18574.0,18987.0,651400,KBS
2023-06-28 07:00:00,19056.0,19468.0,18849.0,18849.0,616000,KBS
2023-06-29 07:00:00,18781.0,19056.0,18574.0,18574.0,592100,KBS
2023-06-30 07:00:00,18574.0,18609.0,18299.0,18333.0,645900,KBS
2023-07-03 07:00:00,18918.0,18918.0,18230.0,18574.0,282000,KBS
2023-07-04 07:00:00,18574.0,19262.0,18574.0,19262.0,930400,KBS
2023-07-05 07:00:00,19468.0,19468.0,19021.0,19021.0,824300,KBS
2023-07-06 07:00:00,19090.0,20328.0,19090.0,20328.0,2511300,KBS
2023-07-07 07:00:00,20638.0,20638.0,20260.0,20638.0,1259200,KBS
2023-07-10 07:00:00,20982.0,21257.0,20363.0,20982.0,1552500,KBS
2023-07-11 07:00:00,20913.0,21945.0,20707.0,21429.0,1544200,KBS
2023-07-12 07:00:00,21188.0,21670.0,21016.0,21257.0,890900,KBS
2023-07-13 07:00:00,21429.0,21670.0,21119.0,21532.0,814600,KBS
2023-07-14 07:00:00,21670.0,21670.0,20947.0,21326.0,1227300,KBS
2023-07-17 07:00:00,21326.0,21945.0,21326.0,21532.0,859000,KBS
2023-07-18 07:00:00,21326.0,21463.0,21119.0,21154.0,818100,KBS
2023-07-19 07:00:00,21119.0,21463.0,21016.0,21119.0,940900,KBS
2023-07-20 07:00:00,21119.0,21911.0,20982.0,21807.0,1248000,KBS
2023-07-21 07:00:00,22014.0,22255.0,21773.0,21911.0,787400,KBS
2023-07-24 07:00:00,22151.0,22151.0,21532.0,21773.0,966300,KBS
2023-07-25 07:00:00,21739.0,21739.0,21223.0,21257.0,1165000,KBS
2023-07-26 07:00:00,21257.0,21876.0,21188.0,21326.0,805200,KBS
2023-07-27 07:00:00,21326.0,21532.0,20982.0,21119.0,1057500,KBS
2023-07-28 07:00:00,21291.0,21635.0,21188.0,21463.0,1266200,KBS
2023-07-31 07:00:00,21326.0,22942.0,21154.0,22942.0,2897100,KBS
2023-08-01 07:00:00,23046.0,23114.0,22358.0,22358.0,935200,KBS
2023-08-02 07:00:00,22220.0,22839.0,22220.0,22392.0,776900,KBS
2023-08-03 07:00:00,22289.0,23046.0,22220.0,23046.0,1286600,KBS
2023-08-04 07:00:00,23183.0,23183.0,22736.0,23011.0,795600,KBS
2023-08-07 07:00:00,23011.0,23596.0,22908.0,23183.0,1034500,KBS
2023-08-08 07:00:00,23252.0,23390.0,22908.0,22942.0,703000,KBS
2023-08-09 07:00:00,22839.0,23046.0,22564.0,22599.0,870700,KBS
2023-08-10 07:00:00,22530.0,22633.0,21051.0,21051.0,3100500,KBS
2023-08-11 07:00:00,20535.0,21016.0,19984.0,20638.0,1732100,KBS
2023-08-14 07:00:00,20776.0,21154.0,20638.0,20776.0,990100,KBS
2023-08-15 07:00:00,20947.0,21257.0,20638.0,20982.0,915600,KBS
2023-08-16 07:00:00,21188.0,21188.0,20638.0,20707.0,907800,KBS
2023-08-17 07:00:00,20707.0,20707.0,20156.0,20156.0,1428200,KBS
2023-08-18 07:00:00,20088.0,20707.0,19124.0,19124.0,2185800,KBS
2023-08-21 07:00:00,19124.0,19744.0,19021.0,19434.0,821200,KBS
2023-08-22 07:00:00,19434.0,19778.0,18471.0,19468.0,707600,KBS
2023-08-23 07:00:00,19744.0,19744.0,19262.0,19262.0,391900,KBS
2023-08-24 07:00:00,19400.0,19709.0,19124.0,19709.0,754000,KBS
2023-08-25 07:00:00,20019.0,20500.0,19744.0,20294.0,958500,KBS
2023-08-28 07:00:00,20500.0,20500.0,20088.0,20191.0,459600,KBS
2023-08-29 07:00:00,20432.0,20844.0,20191.0,20328.0,906000,KBS
2023-08-30 07:00:00,20328.0,20638.0,20019.0,20294.0,1056200,KBS
2023-08-31 07:00:00,19950.0,21704.0,19950.0,21704.0,2407100,KBS
2023-09-05 07:00:00,22427.0,22427.0,21807.0,21807.0,1038900,KBS
2023-09-06 07:00:00,21807.0,22289.0,21670.0,22220.0,1157200,KBS
2023-09-07 07:00:00,22392.0,22667.0,22220.0,22667.0,1296100,KBS
2023-09-08 07:00:00,22702.0,23596.0,22633.0,23046.0,1440700,KBS
2023-09-11 07:00:00,23390.0,23562.0,22083.0,22083.0,1906900,KBS
2023-09-12 07:00:00,22186.0,22633.0,21704.0,22633.0,764300,KBS
2023-09-13 07:00:00,22908.0,22908.0,22358.0,22392.0,1016200,KBS
2023-09-14 07:00:00,22427.0,22564.0,21670.0,21773.0,1084000,KBS
2023-09-15 07:00:00,21807.0,22083.0,21395.0,22014.0,569800,KBS
2023-09-18 07:00:00,22014.0,22633.0,21807.0,22220.0,1291900,KBS
2023-09-19 07:00:00,22564.0,22599.0,21945.0,22564.0,979500,KBS
2023-09-20 07:00:00,22805.0,24112.0,22702.0,24112.0,1177200,KBS
2023-09-21 07:00:00,24559.0,24972.0,24215.0,24284.0,1747700,KBS
2023-09-22 07:00:00,23734.0,25797.0,23699.0,24766.0,2942300,KBS
2023-09-25 07:00:00,24766.0,24766.0,23046.0,23046.0,1564000,KBS
2023-09-26 07:00:00,22014.0,22667.0,21463.0,21463.0,2565600,KBS
2023-09-27 07:00:00,20982.0,22014.0,20844.0,22014.0,1232300,KBS
2023-09-28 07:00:00,22014.0,22495.0,21670.0,21911.0,954000,KBS
2023-09-29 07:00:00,22358.0,22358.0,21842.0,21945.0,1103600,KBS
2023-10-02 07:00:00,21979.0,23046.0,21911.0,22461.0,1187100,KBS
2023-10-03 07:00:00,22323.0,22323.0,20982.0,21257.0,1480100,KBS
2023-10-04 07:00:00,20294.0,22014.0,20294.0,21739.0,792900,KBS
2023-10-05 07:00:00,21773.0,22289.0,21119.0,21326.0,998700,KBS
2023-10-06 07:00:00,21257.0,21567.0,20776.0,21463.0,626800,KBS
2023-10-09 07:00:00,21567.0,21945.0,21532.0,21945.0,681800,KBS
2023-10-10 07:00:00,22220.0,23252.0,21945.0,22392.0,1541900,KBS
2023-10-11 07:00:00,22564.0,22839.0,22151.0,22702.0,596400,KBS
2023-10-12 07:00:00,22977.0,22977.0,22289.0,22633.0,902600,KBS
2023-10-13 07:00:00,22289.0,23458.0,22289.0,23321.0,1349500,KBS
2023-10-16 07:00:00,23390.0,23493.0,22495.0,22495.0,944200,KBS
2023-10-17 07:00:00,22702.0,22702.0,20947.0,20947.0,1380200,KBS
2023-10-18 07:00:00,21016.0,21051.0,19503.0,19503.0,1438900,KBS
2023-10-19 07:00:00,19503.0,19503.0,18574.0,18677.0,822600,KBS
2023-10-20 07:00:00,18574.0,19262.0,17886.0,19262.0,817700,KBS
2023-10-23 07:00:00,19124.0,19400.0,18574.0,18781.0,405000,KBS
2023-10-24 07:00:00,18781.0,19159.0,18643.0,19159.0,358400,KBS
2023-10-25 07:00:00,19400.0,19503.0,18987.0,19056.0,382600,KBS
2023-10-26 07:00:00,18712.0,18712.0,17749.0,17749.0,859000,KBS
2023-10-27 07:00:00,17405.0,17817.0,16510.0,16992.0,1286600,KBS
2023-10-30 07:00:00,16992.0,17198.0,16442.0,16442.0,266800,KBS
2023-10-31 07:00:00,15788.0,16029.0,15306.0,15306.0,1132200,KBS
2023-11-01 07:00:00,14447.0,15134.0,14240.0,15031.0,1188500,KBS
2023-11-02 07:00:00,15478.0,16063.0,15272.0,16063.0,771800,KBS
2023-11-03 07:00:00,16235.0,16235.0,15685.0,15891.0,792300,KBS
2023-11-06 07:00:00,16098.0,16098.0,15719.0,15857.0,458700,KBS
2023-11-07 07:00:00,15788.0,16682.0,15650.0,15994.0,547600,KBS
2023-11-08 07:00:00,15994.0,17095.0,15960.0,17095.0,773100,KBS
2023-11-09 07:00:00,17164.0,17680.0,17026.0,17233.0,736800,KBS
2023-11-10 07:00:00,17061.0,17611.0,17061.0,17198.0,721300,KBS
2023-11-13 07:00:00,17095.0,17542.0,16923.0,17095.0,583600,KBS
2023-11-14 07:00:00,17336.0,17680.0,17198.0,17542.0,1005200,KBS
2023-11-15 07:00:00,18024.0,18024.0,17611.0,17749.0,809300,KBS
2023-11-16 07:00:00,17577.0,18299.0,17577.0,17852.0,490800,KBS
2023-11-17 07:00:00,17852.0,18161.0,17233.0,17301.0,1102600,KBS
2023-11-20 07:00:00,16579.0,17405.0,16579.0,17336.0,581600,KBS
2023-11-21 07:00:00,17542.0,17542.0,17267.0,17542.0,361000,KBS
2023-11-22 07:00:00,17817.0,17989.0,17542.0,17749.0,415100,KBS
2023-11-23 07:00:00,17921.0,18471.0,17336.0,17336.0,1139400,KBS
2023-11-24 07:00:00,17336.0,17439.0,16510.0,17336.0,761000,KBS
2023-11-27 07:00:00,17336.0,17749.0,16957.0,17026.0,234400,KBS
2023-11-28 07:00:00,17095.0,17095.0,16510.0,17026.0,472200,KBS
2023-11-29 07:00:00,17198.0,17405.0,17026.0,17370.0,397100,KBS
2023-11-30 07:00:00,17405.0,17611.0,16923.0,16923.0,412400,KBS
2023-12-01 07:00:00,17198.0,17336.0,16923.0,17301.0,187100,KBS
2023-12-04 07:00:00,17370.0,17989.0,17336.0,17817.0,629600,KBS
2023-12-05 07:00:00,17611.0,18437.0,17611.0,18230.0,804200,KBS
2023-12-06 07:00:00,18230.0,18677.0,18230.0,18609.0,677700,KBS
2023-12-07 07:00:00,18505.0,18849.0,18127.0,18368.0,807200,KBS
2023-12-08 07:00:00,18368.0,18712.0,18196.0,18299.0,435500,KBS
2023-12-11 07:00:00,18299.0,18299.0,17783.0,17886.0,675400,KBS
2023-12-12 07:00:00,17886.0,18540.0,17783.0,18093.0,503700,KBS
2023-12-13 07:00:00,18368.0,18368.0,17542.0,17542.0,426000,KBS
2023-12-14 07:00:00,17611.0,17852.0,17198.0,17198.0,387800,KBS
2023-12-15 07:00:00,17267.0,17405.0,17129.0,17164.0,235500,KBS
2023-12-18 07:00:00,17164.0,17198.0,16957.0,16957.0,230700,KBS
2023-12-19 07:00:00,16957.0,17198.0,16854.0,17198.0,260600,KBS
2023-12-20 07:00:00,17198.0,17405.0,17129.0,17301.0,201100,KBS
2023-12-21 07:00:00,17198.0,17233.0,17026.0,17129.0,175400,KBS
2023-12-22 07:00:00,17129.0,17336.0,17061.0,17061.0,190800,KBS
2023-12-25 07:00:00,17061.0,17473.0,17061.0,17473.0,136500,KBS
2023-12-26 07:00:00,17473.0,17680.0,16270.0,17301.0,495800,KBS
2023-12-27 07:00:00,17301.0,17370.0,17129.0,17129.0,395800,KBS
2023-12-28 07:00:00,17129.0,17198.0,16992.0,17061.0,382600,KBS
2023-12-29 07:00:00,17061.0,17233.0,16957.0,17164.0,344800,KBS
2024-01-02 07:00:00,17164.0,17370.0,17129.0,17129.0,355300,KBS
2024-01-03 07:00:00,17129.0,17886.0,17095.0,17852.0,853700,KBS
2024-01-04 07:00:00,17886.0,18093.0,17680.0,17680.0,611300,KBS
2024-01-05 07:00:00,17645.0,17680.0,17301.0,17542.0,595200,KBS
2024-01-08 07:00:00,17542.0,17680.0,17473.0,17611.0,386300,KBS
2024-01-09 07:00:00,17714.0,18402.0,17714.0,18058.0,1107400,KBS
2024-01-10 07:00:00,18058.0,18161.0,17577.0,17886.0,579000,KBS
2024-01-11 07:00:00,17886.0,17955.0,17645.0,17714.0,278900,KBS
2024-01-12 07:00:00,17645.0,17749.0,17301.0,17508.0,482500,KBS
2024-01-15 07:00:00,17508.0,17714.0,17233.0,17267.0,219500,KBS
2024-01-16 07:00:00,17267.0,17989.0,17061.0,17817.0,538700,KBS
2024-01-17 07:00:00,17817.0,18781.0,17783.0,18781.0,1272300,KBS
2024-01-18 07:00:00,18884.0,18952.0,18437.0,18815.0,861400,KBS
2024-01-19 07:00:00,18815.0,18952.0,18574.0,18574.0,357800,KBS
2024-01-22 07:00:00,18574.0,18643.0,18299.0,18574.0,474800,KBS
2024-01-23 07:00:00,18574.0,18643.0,18471.0,18574.0,209600,KBS
2024-01-24 07:00:00,18540.0,18540.0,18299.0,18299.0,226800,KBS
2024-01-25 07:00:00,18333.0,18505.0,18196.0,18230.0,146900,KBS
2024-01-26 07:00:00,18299.0,18712.0,18299.0,18437.0,215300,KBS
2024-01-29 07:00:00,18437.0,18746.0,18437.0,18471.0,339800,KBS
2024-01-30 07:00:00,18540.0,19193.0,18368.0,19193.0,970100,KBS
2024-01-31 07:00:00,19400.0,20294.0,19400.0,19950.0,1900800,KBS
2024-02-01 07:00:00,20225.0,20225.0,19675.0,20053.0,469700,KBS
2024-02-02 07:00:00,20328.0,20328.0,19675.0,19675.0,471000,KBS
2024-02-05 07:00:00,19675.0,20225.0,19675.0,19950.0,511700,KBS
2024-02-06 07:00:00,20156.0,20156.0,19778.0,19778.0,398000,KBS
2024-02-07 07:00:00,19778.0,19881.0,19400.0,19812.0,471400,KBS
2024-02-15 07:00:00,19881.0,21188.0,19812.0,21188.0,1171700,KBS
2024-02-16 07:00:00,20776.0,21979.0,20776.0,21326.0,1077800,KBS
2024-02-19 07:00:00,21326.0,21979.0,21188.0,21291.0,613400,KBS
2024-02-20 07:00:00,21085.0,21601.0,21085.0,21567.0,898200,KBS
2024-02-21 07:00:00,21807.0,21842.0,21257.0,21635.0,831300,KBS
2024-02-22 07:00:00,21670.0,22358.0,21395.0,22358.0,1253000,KBS
2024-02-23 07:00:00,22358.0,22530.0,21395.0,21601.0,1073600,KBS
2024-02-26 07:00:00,21601.0,22014.0,21395.0,22014.0,1012400,KBS
2024-02-27 07:00:00,22151.0,22392.0,21704.0,22289.0,1244600,KBS
2024-02-28 07:00:00,22289.0,22289.0,21704.0,22083.0,793900,KBS
2024-02-29 07:00:00,22255.0,22255.0,21463.0,21979.0,965500,KBS
2024-03-01 07:00:00,21807.0,22014.0,21532.0,21979.0,666500,KBS
2024-03-04 07:00:00,21945.0,22702.0,21945.0,22564.0,1631900,KBS
2024-03-05 07:00:00,22495.0,22702.0,22220.0,22564.0,755100,KBS
2024-03-06 07:00:00,22495.0,22495.0,21807.0,22014.0,620300,KBS
2024-03-07 07:00:00,22014.0,22564.0,21773.0,22323.0,1419900,KBS
2024-03-08 07:00:00,22633.0,22702.0,21635.0,21739.0,1300100,KBS
2024-03-11 07:00:00,21670.0,22014.0,21223.0,21601.0,689800,KBS
2024-03-12 07:00:00,21601.0,22358.0,21051.0,22289.0,1436100,KBS
2024-03-13 07:00:00,22461.0,23837.0,22358.0,23837.0,3253600,KBS
2024-03-14 07:00:00,24078.0,25488.0,24078.0,25006.0,2134500,KBS
2024-03-15 07:00:00,24800.0,26348.0,24422.0,26348.0,2271300,KBS
2024-03-18 07:00:00,26485.0,26864.0,24525.0,26141.0,2856900,KBS
2024-03-19 07:00:00,25935.0,26141.0,25144.0,25453.0,1511600,KBS
2024-03-20 07:00:00,25144.0,25969.0,24903.0,25866.0,1072900,KBS
2024-03-21 07:00:00,26073.0,26279.0,25694.0,26245.0,1792800,KBS
2024-03-22 07:00:00,26554.0,26589.0,25866.0,26141.0,1185500,KBS
2024-03-25 07:00:00,26245.0,26245.0,24731.0,24937.0,1507000,KBS
2024-03-26 07:00:00,24937.0,25694.0,24903.0,25453.0,796200,KBS
2024-03-27 07:00:00,25453.0,26279.0,25316.0,26141.0,1235400,KBS
2024-03-28 07:00:00,26141.0,27173.0,25797.0,27173.0,1763700,KBS
2024-03-29 07:00:00,27173.0,27173.0,26417.0,26520.0,1219200,KBS
2024-04-01 07:00:00,26417.0,26417.0,25557.0,25969.0,1274700,KBS
2024-04-02 07:00:00,25797.0,26451.0,25522.0,26451.0,1004600,KBS
2024-04-03 07:00:00,26451.0,26451.0,25763.0,25797.0,1441200,KBS
2024-04-04 07:00:00,25797.0,25797.0,25109.0,25729.0,1021400,KBS
2024-04-05 07:00:00,25453.0,25591.0,24869.0,24903.0,918800,KBS
2024-04-08 07:00:00,24903.0,24972.0,23183.0,23183.0,2559400,KBS
2024-04-09 07:00:00,23080.0,23837.0,22977.0,23768.0,1064300,KBS
2024-04-10 07:00:00,23802.0,23802.0,22977.0,22977.0,571000,KBS
2024-04-11 07:00:00,22702.0,23493.0,22530.0,23458.0,852200,KBS
2024-04-12 07:00:00,23665.0,23940.0,23252.0,23871.0,879600,KBS
2024-04-15 07:00:00,23802.0,23802.0,22220.0,22220.0,1099500,KBS
2024-04-16 07:00:00,22289.0,22289.0,21051.0,22014.0,1169900,KBS
2024-04-17 07:00:00,22083.0,22427.0,21326.0,21326.0,484300,KBS
2024-04-19 07:00:00,20707.0,21326.0,20053.0,20225.0,1047500,KBS
2024-04-22 07:00:00,20638.0,21326.0,20500.0,21051.0,407200,KBS
2024-04-23 07:00:00,21051.0,21223.0,20638.0,20982.0,360000,KBS
2024-04-24 07:00:00,21326.0,22358.0,21326.0,22117.0,775300,KBS
2024-04-25 07:00:00,22014.0,22151.0,21429.0,22014.0,455000,KBS
2024-04-26 07:00:00,21395.0,22220.0,21395.0,22151.0,715200,KBS
2024-05-02 07:00:00,22151.0,22220.0,21670.0,22220.0,514600,KBS
2024-05-03 07:00:00,22564.0,22908.0,21876.0,22014.0,637200,KBS
2024-05-06 07:00:00,22358.0,23252.0,22014.0,23046.0,893000,KBS
2024-05-07 07:00:00,23046.0,23046.0,22530.0,22977.0,662000,KBS
2024-05-08 07:00:00,22564.0,24078.0,22427.0,23355.0,1031800,KBS
2024-05-09 07:00:00,23699.0,23734.0,22839.0,23080.0,641800,KBS
2024-05-10 07:00:00,23114.0,23114.0,22599.0,22702.0,526400,KBS
2024-05-13 07:00:00,22977.0,23321.0,22702.0,22839.0,474700,KBS
2024-05-14 07:00:00,22874.0,22874.0,22461.0,22667.0,576700,KBS
2024-05-15 07:00:00,22667.0,24078.0,22667.0,23906.0,1606300,KBS
2024-05-16 07:00:00,24353.0,24353.0,23596.0,23802.0,898100,KBS
2024-05-17 07:00:00,23940.0,24628.0,23665.0,24284.0,1374500,KBS
2024-05-20 07:00:00,25109.0,25109.0,23940.0,24078.0,1429600,KBS
2024-05-21 07:00:00,24078.0,25075.0,23837.0,24834.0,1639100,KBS
2024-05-22 07:00:00,25041.0,25041.0,24078.0,24078.0,1116100,KBS
2024-05-23 07:00:00,24078.0,24559.0,23802.0,24422.0,1262400,KBS
2024-05-24 07:00:00,24318.0,24525.0,23046.0,23562.0,1449400,KBS
2024-05-27 07:00:00,23252.0,23562.0,23080.0,23252.0,534100,KBS
2024-05-28 07:00:00,23630.0,24078.0,23390.0,24078.0,582600,KBS
2024-05-29 07:00:00,24078.0,24594.0,23871.0,24078.0,1270500,KBS
2024-05-30 07:00:00,23871.0,24043.0,23390.0,23871.0,780500,KBS
2024-05-31 07:00:00,23906.0,25453.0,23458.0,25247.0,2481300,KBS
2024-06-03 07:00:00,25591.0,25591.0,25041.0,25144.0,779200,KBS
2024-06-04 07:00:00,25144.0,25453.0,24800.0,24903.0,1016800,KBS
2024-06-05 07:00:00,25109.0,25247.0,24525.0,24559.0,1128800,KBS
2024-06-06 07:00:00,24766.0,25178.0,24490.0,24903.0,1102500,KBS
2024-06-07 07:00:00,25041.0,25144.0,24422.0,24662.0,705800,KBS
2024-06-10 07:00:00,24766.0,25591.0,24766.0,25109.0,1170500,KBS
2024-06-11 07:00:00,25316.0,25316.0,24628.0,24766.0,818500,KBS
2024-06-12 07:00:00,24834.0,25281.0,24525.0,25247.0,899500,KBS
2024-06-13 07:00:00,25453.0,26073.0,25109.0,25557.0,1459600,KBS
2024-06-14 07:00:00,25591.0,25591.0,24078.0,24078.0,1242200,KBS
2024-06-17 07:00:00,24146.0,24353.0,23802.0,23906.0,766800,KBS
2024-06-18 07:00:00,24009.0,24146.0,23768.0,23940.0,577300,KBS
2024-06-19 07:00:00,24078.0,24215.0,23871.0,24112.0,512000,KBS
2024-06-20 07:00:00,24215.0,24284.0,23665.0,23734.0,575800,KBS
2024-06-21 07:00:00,23734.0,24215.0,23734.0,23871.0,695400,KBS
2024-06-24 07:00:00,23768.0,23871.0,22220.0,22289.0,1563200,KBS
2024-06-25 07:00:00,22495.0,22495.0,22151.0,22427.0,367100,KBS
2024-06-26 07:00:00,22392.0,22771.0,22392.0,22702.0,392500,KBS
2024-06-27 07:00:00,22702.0,23080.0,22667.0,22736.0,390600,KBS
2024-06-28 07:00:00,22908.0,22908.0,22358.0,22358.0,427700,KBS
2024-07-01 07:00:00,22358.0,22874.0,22358.0,22599.0,204300,KBS
2024-07-02 07:00:00,22702.0,22874.0,22599.0,22667.0,248900,KBS
2024-07-03 07:00:00,22667.0,23183.0,22667.0,23011.0,269800,KBS
2024-07-04 07:00:00,23183.0,23218.0,22839.0,22908.0,245300,KBS
2024-07-05 07:00:00,23046.0,23596.0,22977.0,23114.0,506900,KBS
2024-07-08 07:00:00,22908.0,23355.0,22908.0,23046.0,358500,KBS
2024-07-09 07:00:00,23046.0,23768.0,23046.0,23596.0,778800,KBS
2024-07-10 07:00:00,23665.0,23665.0,23183.0,23183.0,429800,KBS
2024-07-11 07:00:00,23390.0,23734.0,23080.0,23252.0,375400,KBS
2024-07-12 07:00:00,23596.0,23596.0,23046.0,23114.0,321300,KBS
2024-07-15 07:00:00,23390.0,23390.0,23080.0,23149.0,183300,KBS
2024-07-16 07:00:00,23355.0,23665.0,23149.0,23321.0,447800,KBS
2024-07-17 07:00:00,23355.0,23355.0,21704.0,22014.0,669000,KBS
2024-07-18 07:00:00,22014.0,22083.0,21395.0,21979.0,624900,KBS
2024-07-19 07:00:00,21979.0,21979.0,21326.0,21326.0,740800,KBS
2024-07-22 07:00:00,21326.0,21326.0,20947.0,20982.0,494200,KBS
2024-07-23 07:00:00,21326.0,21326.0,19950.0,19950.0,717300,KBS
2024-07-24 07:00:00,19950.0,21119.0,19916.0,21119.0,531800,KBS
2024-07-25 07:00:00,20982.0,21257.0,20776.0,21119.0,252300,KBS
2024-07-26 07:00:00,21291.0,21532.0,21085.0,21532.0,190900,KBS
2024-07-29 07:00:00,21532.0,21979.0,21532.0,21773.0,237800,KBS
2024-07-30 07:00:00,21773.0,21945.0,21395.0,21601.0,278600,KBS
2024-07-31 07:00:00,21601.0,21704.0,21051.0,21119.0,227400,KBS
2024-08-01 07:00:00,21119.0,21119.0,19812.0,19984.0,384300,KBS
2024-08-02 07:00:00,19984.0,20363.0,19916.0,20328.0,341100,KBS
2024-08-05 07:00:00,19021.0,19916.0,19021.0,19056.0,413000,KBS
2024-08-06 07:00:00,19468.0,19537.0,18918.0,19365.0,269400,KBS
2024-08-07 07:00:00,19468.0,19572.0,18987.0,19400.0,149900,KBS
2024-08-08 07:00:00,19365.0,20294.0,19124.0,19812.0,495500,KBS
2024-08-09 07:00:00,19812.0,20156.0,19812.0,20019.0,138900,KBS
2024-08-12 07:00:00,20156.0,20500.0,20019.0,20053.0,220100,KBS
2024-08-13 07:00:00,20053.0,20156.0,19812.0,19881.0,143400,KBS
2024-08-14 07:00:00,20088.0,20088.0,19744.0,19744.0,105900,KBS
2024-08-15 07:00:00,19744.0,19744.0,19296.0,19365.0,176200,KBS
2024-08-16 07:00:00,19365.0,20500.0,19365.0,20432.0,358000,KBS
2024-08-19 07:00:00,20432.0,20982.0,20432.0,20844.0,236500,KBS
2024-08-20 07:00:00,20844.0,21085.0,20638.0,20913.0,226700,KBS
2024-08-21 07:00:00,20913.0,21257.0,20844.0,20982.0,271200,KBS
2024-08-22 07:00:00,20947.0,20982.0,20535.0,20672.0,229500,KBS
2024-08-23 07:00:00,20844.0,20844.0,20432.0,20672.0,118500,KBS
2024-08-26 07:00:00,20982.0,20982.0,20535.0,20535.0,190400,KBS
2024-08-27 07:00:00,20535.0,20535.0,20122.0,20363.0,223600,KBS
2024-08-28 07:00:00,20363.0,20466.0,19950.0,20260.0,134400,KBS
2024-08-29 07:00:00,20294.0,20328.0,20019.0,20088.0,127500,KBS
2024-08-30 07:00:00,20122.0,20466.0,20122.0,20363.0,136300,KBS
2024-09-04 07:00:00,20260.0,20260.0,19950.0,20088.0,141800,KBS
2024-09-05 07:00:00,20088.0,20191.0,19812.0,20019.0,143900,KBS
2024-09-06 07:00:00,19881.0,20088.0,19812.0,20019.0,89000,KBS
2024-09-09 07:00:00,20019.0,20019.0,19812.0,19812.0,145900,KBS
2024-09-10 07:00:00,20088.0,20088.0,19606.0,19744.0,114900,KBS
2024-09-11 07:00:00,19744.0,19744.0,19503.0,19744.0,67600,KBS
2024-09-12 07:00:00,19881.0,20294.0,19881.0,19950.0,94000,KBS
2024-09-13 07:00:00,19950.0,19950.0,19778.0,19881.0,64100,KBS
2024-09-16 07:00:00,19950.0,20019.0,19572.0,19606.0,121600,KBS
2024-09-17 07:00:00,19434.0,19778.0,19434.0,19778.0,79900,KBS
2024-09-18 07:00:00,19778.0,19950.0,19778.0,19881.0,85900,KBS
2024-09-19 07:00:00,19984.0,21257.0,19984.0,21257.0,616600,KBS
2024-09-20 07:00:00,21360.0,21739.0,21360.0,21463.0,351100,KBS
2024-09-23 07:00:00,21463.0,21463.0,20844.0,20913.0,231800,KBS
2024-09-24 07:00:00,21257.0,21326.0,20879.0,21223.0,181700,KBS
2024-09-25 07:00:00,21463.0,21463.0,21119.0,21188.0,282500,KBS
2024-09-26 07:00:00,21188.0,21395.0,21016.0,21154.0,366400,KBS
2024-09-27 07:00:00,21154.0,21257.0,21016.0,21085.0,330700,KBS
2024-09-30 07:00:00,21085.0,21670.0,21085.0,21601.0,719700,KBS
2024-10-01 07:00:00,21670.0,21739.0,21291.0,21291.0,404600,KBS
2024-10-02 07:00:00,21326.0,21326.0,20672.0,20776.0,284200,KBS
2024-10-03 07:00:00,20672.0,20810.0,20053.0,20053.0,525300,KBS
2024-10-04 07:00:00,20053.0,20328.0,19950.0,20122.0,87500,KBS
2024-10-07 07:00:00,20156.0,20260.0,20053.0,20260.0,115200,KBS
2024-10-08 07:00:00,20260.0,20260.0,20088.0,20156.0,100600,KBS
2024-10-09 07:00:00,20156.0,20260.0,20156.0,20260.0,200700,KBS
2024-10-10 07:00:00,20260.0,20363.0,20156.0,20225.0,214000,KBS
2024-10-11 07:00:00,20294.0,20294.0,20088.0,20191.0,216100,KBS
2024-10-14 07:00:00,20191.0,20328.0,20053.0,20053.0,218800,KBS
2024-10-15 07:00:00,20053.0,20088.0,19709.0,19812.0,217600,KBS
2024-10-16 07:00:00,19744.0,19778.0,19468.0,19468.0,252300,KBS
2024-10-17 07:00:00,19503.0,19812.0,19468.0,19744.0,178200,KBS
2024-10-18 07:00:00,19675.0,20019.0,19675.0,19881.0,138200,KBS
2024-10-21 07:00:00,19950.0,19984.0,19640.0,19640.0,102200,KBS
2024-10-22 07:00:00,19537.0,19675.0,19262.0,19400.0,248300,KBS
2024-10-23 07:00:00,19468.0,19468.0,19296.0,19434.0,125300,KBS
2024-10-24 07:00:00,19434.0,19640.0,19400.0,19434.0,112900,KBS
2024-10-25 07:00:00,19468.0,19537.0,19331.0,19400.0,155200,KBS
2024-10-28 07:00:00,19468.0,19640.0,19331.0,19365.0,111200,KBS
2024-10-29 07:00:00,19468.0,19847.0,19468.0,19812.0,194000,KBS
2024-10-30 07:00:00,19812.0,20225.0,19812.0,19950.0,250300,KBS
2024-10-31 07:00:00,20260.0,20260.0,19812.0,19881.0,151000,KBS
2024-11-01 07:00:00,19606.0,19812.0,19400.0,19400.0,208300,KBS
2024-11-04 07:00:00,19675.0,19881.0,19468.0,19572.0,268100,KBS
2024-11-05 07:00:00,19606.0,19606.0,19365.0,19468.0,132900,KBS
2024-11-06 07:00:00,19468.0,20260.0,19468.0,20122.0,628200,KBS
2024-11-07 07:00:00,20328.0,20328.0,19812.0,19950.0,641600,KBS
2024-11-08 07:00:00,20100.0,20500.0,20100.0,20200.0,486100,KBS
2024-11-11 07:00:00,20300.0,20850.0,20300.0,20750.0,515400,KBS
2024-11-12 07:00:00,20850.0,20900.0,20350.0,20600.0,356200,KBS
2024-11-13 07:00:00,20600.0,20600.0,19900.0,20100.0,515700,KBS
2024-11-14 07:00:00,20150.0,21350.0,20150.0,21000.0,1322800,KBS
2024-11-15 07:00:00,20800.0,20800.0,20250.0,20300.0,511100,KBS
2024-11-18 07:00:00,20200.0,20700.0,20000.0,20500.0,433200,KBS
2024-11-19 07:00:00,20800.0,20800.0,20000.0,20050.0,434900,KBS
2024-11-20 07:00:00,20000.0,20400.0,19550.0,20300.0,441600,KBS
2024-11-21 07:00:00,20200.0,21100.0,20050.0,21050.0,632000,KBS
2024-11-22 07:00:00,21000.0,21100.0,20750.0,20800.0,365500,KBS
2024-11-25 07:00:00,20700.0,21850.0,20700.0,21650.0,1348000,KBS
2024-11-26 07:00:00,21750.0,21850.0,21350.0,21700.0,746300,KBS
2024-11-27 07:00:00,21650.0,22300.0,21500.0,21600.0,575000,KBS
2024-11-28 07:00:00,22000.0,22000.0,21400.0,21650.0,339000,KBS
2024-11-29 07:00:00,21600.0,22550.0,21600.0,22500.0,1616900,KBS
2024-12-02 07:00:00,22500.0,22800.0,22300.0,22650.0,494200,KBS
2024-12-03 07:00:00,22550.0,22550.0,22000.0,22000.0,1121800,KBS
2024-12-04 07:00:00,21800.0,21850.0,21250.0,21450.0,1047900,KBS
2024-12-05 07:00:00,21250.0,22000.0,21200.0,21900.0,787100,KBS
2024-12-06 07:00:00,21900.0,22200.0,21450.0,21450.0,850200,KBS
2024-12-09 07:00:00,21300.0,21850.0,21300.0,21850.0,468400,KBS
2024-12-10 07:00:00,21800.0,21950.0,21400.0,21700.0,411700,KBS
2024-12-11 07:00:00,21700.0,21900.0,21500.0,21550.0,391300,KBS
2024-12-12 07:00:00,21550.0,22450.0,21550.0,22200.0,1231700,KBS
2024-12-13 07:00:00,22200.0,22200.0,21850.0,22000.0,559300,KBS
2024-12-16 07:00:00,22000.0,22050.0,21600.0,21750.0,325500,KBS
2024-12-17 07:00:00,21750.0,21800.0,21550.0,21600.0,267800,KBS
2024-12-18 07:00:00,21600.0,22150.0,21400.0,21900.0,493800,KBS
2024-12-19 07:00:00,21750.0,22500.0,21300.0,21800.0,1086000,KBS
2024-12-20 07:00:00,21800.0,22750.0,21800.0,22700.0,2654200,KBS
2024-12-23 07:00:00,22800.0,23100.0,22600.0,22700.0,761400,KBS
2024-12-24 07:00:00,22700.0,23100.0,22350.0,22700.0,1065600,KBS
2024-12-25 07:00:00,22800.0,22850.0,22000.0,22050.0,1415800,KBS
2024-12-26 07:00:00,22050.0,22100.0,21450.0,21450.0,1323000,KBS
2024-12-27 07:00:00,21500.0,21800.0,21350.0,21350.0,687200,KBS
2024-12-30 07:00:00,21350.0,21350.0,20950.0,20950.0,555800,KBS
2024-12-31 07:00:00,20950.0,21150.0,20800.0,20800.0,343500,KBS
2025-01-02 07:00:00,20800.0,21100.0,20800.0,20850.0,233600,KBS
2025-01-03 07:00:00,20950.0,21100.0,20700.0,20700.0,331800,KBS
2025-01-06 07:00:00,20700.0,20700.0,19300.0,19300.0,1379100,KBS
2025-01-07 07:00:00,19200.0,19300.0,18000.0,18450.0,1145500,KBS
2025-01-08 07:00:00,18450.0,18950.0,18400.0,18750.0,249300,KBS
2025-01-09 07:00:00,18950.0,19050.0,18450.0,18450.0,285200,KBS
2025-01-10 07:00:00,18350.0,18400.0,17800.0,17800.0,745100,KBS
2025-01-13 07:00:00,17700.0,17850.0,17400.0,17700.0,312700,KBS
2025-01-14 07:00:00,17700.0,17950.0,17450.0,17450.0,259000,KBS
2025-01-15 07:00:00,17600.0,17800.0,17400.0,17650.0,282400,KBS
2025-01-16 07:00:00,17750.0,18050.0,17750.0,17850.0,334700,KBS
2025-01-17 07:00:00,17900.0,17950.0,17800.0,17950.0,235100,KBS
2025-01-20 07:00:00,18000.0,18200.0,17500.0,17600.0,291600,KBS
2025-01-21 07:00:00,17600.0,17750.0,17400.0,17400.0,326400,KBS
2025-01-22 07:00:00,17400.0,17600.0,17200.0,17200.0,282300,KBS
2025-01-23 07:00:00,17550.0,17550.0,17300.0,17350.0,297400,KBS
2025-01-24 07:00:00,17400.0,17900.0,17400.0,17900.0,339600,KBS
2025-02-03 07:00:00,17900.0,17900.0,17350.0,17500.0,450000,KBS
2025-02-04 07:00:00,17400.0,17800.0,17400.0,17750.0,393400,KBS
2025-02-05 07:00:00,17700.0,18250.0,17700.0,18150.0,820300,KBS
2025-02-06 07:00:00,18250.0,18400.0,17950.0,18000.0,582600,KBS
2025-02-07 07:00:00,18000.0,18050.0,17850.0,17850.0,420600,KBS
2025-02-10 07:00:00,17700.0,17800.0,16650.0,16700.0,1698100,KBS
2025-02-11 07:00:00,16700.0,16700.0,16000.0,16450.0,681400,KBS
2025-02-12 07:00:00,16350.0,16650.0,16350.0,16450.0,213400,KBS
2025-02-13 07:00:00,16300.0,16400.0,16000.0,16150.0,606400,KBS
2025-02-14 07:00:00,16350.0,16850.0,16150.0,16600.0,613900,KBS
2025-02-17 07:00:00,16850.0,16850.0,16550.0,16600.0,406900,KBS
2025-02-18 07:00:00,16600.0,17100.0,16550.0,16750.0,451100,KBS
2025-02-19 07:00:00,16700.0,17050.0,16700.0,16950.0,588600,KBS
2025-02-20 07:00:00,16950.0,17150.0,16900.0,17000.0,454000,KBS
2025-02-21 07:00:00,16900.0,17050.0,16800.0,16950.0,573100,KBS
2025-02-24 07:00:00,17000.0,17650.0,16900.0,17500.0,830500,KBS
2025-02-25 07:00:00,17600.0,17600.0,17400.0,17450.0,577500,KBS
2025-02-26 07:00:00,17600.0,17600.0,17300.0,17300.0,482300,KBS
2025-02-27 07:00:00,17350.0,17400.0,17050.0,17250.0,396300,KBS
2025-02-28 07:00:00,17250.0,17550.0,17250.0,17350.0,550900,KBS
2025-03-03 07:00:00,17650.0,17800.0,17500.0,17500.0,575900,KBS
2025-03-04 07:00:00,17500.0,17500.0,17300.0,17400.0,557200,KBS
2025-03-05 07:00:00,17500.0,17600.0,17100.0,17100.0,676700,KBS
2025-03-06 07:00:00,17150.0,17450.0,17050.0,17200.0,360600,KBS
2025-03-07 07:00:00,17150.0,17350.0,16950.0,16950.0,577000,KBS
2025-03-10 07:00:00,17000.0,17100.0,16900.0,16950.0,384800,KBS
2025-03-11 07:00:00,16800.0,17300.0,16650.0,17250.0,438100,KBS
2025-03-12 07:00:00,17100.0,18100.0,17100.0,18000.0,1806200,KBS
2025-03-13 07:00:00,18100.0,18300.0,17500.0,17500.0,729100,KBS
2025-03-14 07:00:00,17500.0,17800.0,17400.0,17500.0,461200,KBS
2025-03-17 07:00:00,17450.0,17700.0,17350.0,17700.0,526800,KBS
2025-03-18 07:00:00,17750.0,17900.0,17400.0,17450.0,516000,KBS
2025-03-19 07:00:00,17400.0,17550.0,17150.0,17200.0,394700,KBS
2025-03-20 07:00:00,17200.0,17300.0,16900.0,17000.0,458100,KBS
2025-03-21 07:00:00,17000.0,17200.0,16950.0,17000.0,204900,KBS
2025-03-24 07:00:00,17050.0,17100.0,16700.0,17050.0,323000,KBS
2025-03-25 07:00:00,17050.0,17350.0,16950.0,17100.0,247500,KBS
2025-03-26 07:00:00,17250.0,17300.0,17050.0,17150.0,234500,KBS
2025-03-27 07:00:00,17200.0,18200.0,17200.0,17900.0,1599600,KBS
2025-03-28 07:00:00,18000.0,18100.0,17700.0,17700.0,310700,KBS
2025-03-31 07:00:00,17600.0,18500.0,17600.0,18000.0,481900,KBS
2025-04-01 07:00:00,18200.0,18250.0,17650.0,17750.0,420500,KBS
2025-04-02 07:00:00,17900.0,17900.0,17600.0,17600.0,390300,KBS
2025-04-03 07:00:00,16400.0,16800.0,16400.0,16400.0,600000,KBS
2025-04-04 07:00:00,15300.0,15300.0,15300.0,15300.0,175500,KBS
2025-04-08 07:00:00,14250.0,14250.0,14250.0,14250.0,100800,KBS
2025-04-09 07:00:00,13300.0,13300.0,13300.0,13300.0,153400,KBS
2025-04-10 07:00:00,14200.0,14200.0,13800.0,14200.0,756300,KBS
2025-04-11 07:00:00,14200.0,14200.0,13250.0,14100.0,2122100,KBS
2025-04-14 07:00:00,14200.0,14850.0,14050.0,14250.0,598900,KBS
2025-04-15 07:00:00,14300.0,14300.0,13300.0,13500.0,727600,KBS
2025-04-16 07:00:00,13500.0,13650.0,13400.0,13600.0,511800,KBS
2025-04-17 07:00:00,13650.0,14550.0,13650.0,14550.0,675900,KBS
2025-04-18 07:00:00,15550.0,15550.0,15550.0,15550.0,292200,KBS
2025-04-21 07:00:00,16600.0,16600.0,15650.0,15750.0,1881100,KBS
2025-04-22 07:00:00,15400.0,15550.0,14650.0,15000.0,737300,KBS
2025-04-23 07:00:00,15000.0,15500.0,15000.0,15350.0,368400,KBS
2025-04-24 07:00:00,15150.0,15800.0,15150.0,15300.0,470500,KBS
2025-04-25 07:00:00,15300.0,15400.0,15100.0,15200.0,350700,KBS
2025-04-28 07:00:00,15200.0,15350.0,15050.0,15150.0,275900,KBS
2025-04-29 07:00:00,15200.0,15600.0,15000.0,15500.0,340900,KBS
2025-05-05 07:00:00,15500.0,15500.0,15050.0,15350.0,270500,KBS
2025-05-06 07:00:00,15350.0,16200.0,15300.0,16000.0,661600,KBS
2025-05-07 07:00:00,15800.0,16200.0,15800.0,16000.0,417700,KBS
2025-05-08 07:00:00,16000.0,16000.0,15800.0,15950.0,374600,KBS
2025-05-09 07:00:00,15950.0,16450.0,15750.0,16300.0,537200,KBS
2025-05-12 07:00:00,16300.0,16450.0,16250.0,16350.0,369600,KBS
2025-05-13 07:00:00,16400.0,16500.0,16150.0,16250.0,381800,KBS
2025-05-14 07:00:00,16250.0,16700.0,16100.0,16400.0,718300,KBS
2025-05-15 07:00:00,16400.0,16500.0,16100.0,16500.0,531400,KBS
2025-05-16 07:00:00,16550.0,16850.0,16200.0,16400.0,364800,KBS
2025-05-19 07:00:00,16400.0,16800.0,16200.0,16600.0,378000,KBS
2025-05-20 07:00:00,16600.0,16650.0,16200.0,16250.0,609100,KBS
2025-05-21 07:00:00,16350.0,16550.0,16150.0,16500.0,308000,KBS
2025-05-22 07:00:00,16500.0,16700.0,16300.0,16300.0,394200,KBS
2025-05-23 07:00:00,16350.0,16650.0,16200.0,16200.0,555300,KBS
2025-05-26 07:00:00,16200.0,17300.0,16100.0,17300.0,1318900,KBS
2025-05-27 07:00:00,17600.0,18000.0,17200.0,17400.0,1544600,KBS
2025-05-28 07:00:00,17650.0,17650.0,16850.0,17100.0,1132600,KBS
2025-05-29 07:00:00,17200.0,17350.0,16900.0,17000.0,423300,KBS
2025-05-30 07:00:00,17100.0,17100.0,16700.0,16800.0,536500,KBS
2025-06-02 07:00:00,17000.0,17000.0,16550.0,16600.0,599800,KBS
2025-06-03 07:00:00,16800.0,16800.0,16600.0,16700.0,455000,KBS
2025-06-04 07:00:00,16900.0,17000.0,16850.0,16950.0,449700,KBS
2025-06-05 07:00:00,16950.0,17700.0,16800.0,17700.0,609100,KBS
2025-06-06 07:00:00,17500.0,18150.0,17300.0,17800.0,1108500,KBS
2025-06-09 07:00:00,17500.0,17850.0,17350.0,17500.0,967800,KBS
2025-06-10 07:00:00,17500.0,18150.0,17450.0,17800.0,864500,KBS
2025-06-11 07:00:00,18150.0,18150.0,17750.0,17800.0,458700,KBS
2025-06-12 07:00:00,17950.0,18000.0,17450.0,17700.0,706400,KBS
2025-06-13 07:00:00,17400.0,17400.0,16900.0,17000.0,933900,KBS
2025-06-16 07:00:00,16750.0,17400.0,16750.0,17400.0,358300,KBS
2025-06-17 07:00:00,17650.0,17650.0,17300.0,17600.0,368000,KBS
2025-06-18 07:00:00,17750.0,17750.0,17350.0,17500.0,298700,KBS
2025-06-19 07:00:00,17400.0,17700.0,17000.0,17200.0,399400,KBS
2025-06-20 07:00:00,17200.0,17800.0,16900.0,17500.0,584000,KBS
2025-06-23 07:00:00,17250.0,17900.0,17200.0,17900.0,764100,KBS
2025-06-24 07:00:00,18300.0,19000.0,18150.0,18550.0,1909000,KBS
2025-06-25 07:00:00,18550.0,18550.0,18100.0,18250.0,670300,KBS
2025-06-26 07:00:00,18400.0,18400.0,17900.0,18100.0,421600,KBS
2025-06-27 07:00:00,18500.0,18500.0,18000.0,18000.0,564500,KBS
2025-06-30 07:00:00,17900.0,18200.0,17700.0,17700.0,1174200,KBS
2025-07-01 07:00:00,17700.0,18500.0,17600.0,18200.0,696100,KBS
2025-07-02 07:00:00,18250.0,19450.0,18250.0,19450.0,3088300,KBS
2025-07-03 07:00:00,19450.0,19700.0,18600.0,19400.0,1697100,KBS
2025-07-04 07:00:00,19400.0,19450.0,18700.0,18750.0,1148200,KBS
2025-07-07 07:00:00,18800.0,19200.0,18600.0,19200.0,1190500,KBS
2025-07-08 07:00:00,19650.0,19700.0,19000.0,19200.0,1121000,KBS
2025-07-09 07:00:00,19450.0,19500.0,19000.0,19100.0,1082000,KBS
2025-07-10 07:00:00,19100.0,19150.0,18900.0,18950.0,1014800,KBS
2025-07-11 07:00:00,19000.0,20200.0,18700.0,19750.0,1955800,KBS
2025-07-14 07:00:00,19800.0,19800.0,19350.0,19800.0,1391900,KBS
2025-07-15 07:00:00,19800.0,19850.0,19400.0,19400.0,1266600,KBS
2025-07-16 07:00:00,19500.0,19700.0,19250.0,19450.0,936400,KBS
2025-07-17 07:00:00,19500.0,19700.0,19250.0,19500.0,968000,KBS
2025-07-18 07:00:00,19850.0,20000.0,19350.0,19650.0,1110800,KBS
2025-07-21 07:00:00,19800.0,19900.0,19050.0,19100.0,880700,KBS
2025-07-22 07:00:00,19100.0,19350.0,18700.0,19350.0,840900,KBS
2025-07-23 07:00:00,19550.0,19900.0,19300.0,19500.0,897200,KBS
2025-07-24 07:00:00,19750.0,19750.0,19150.0,19200.0,670600,KBS
2025-07-25 07:00:00,19500.0,20500.0,19000.0,20250.0,2530800,KBS
2025-07-28 07:00:00,20500.0,21500.0,20000.0,20650.0,1401500,KBS
2025-07-29 07:00:00,20700.0,20700.0,19250.0,19250.0,2105400,KBS
2025-07-30 07:00:00,19800.0,19800.0,18850.0,19400.0,1429000,KBS
2025-07-31 07:00:00,19850.0,19850.0,18900.0,19200.0,793500,KBS
2025-08-01 07:00:00,19200.0,19500.0,18800.0,19500.0,862000,KBS
2025-08-04 07:00:00,19300.0,19300.0,19050.0,19300.0,602800,KBS
2025-08-05 07:00:00,19300.0,19600.0,18800.0,19000.0,1294700,KBS
2025-08-06 07:00:00,19000.0,19250.0,18700.0,19050.0,651800,KBS
2025-08-07 07:00:00,19150.0,19800.0,19150.0,19700.0,2144200,KBS
2025-08-08 07:00:00,19800.0,19800.0,19200.0,19300.0,849500,KBS
2025-08-11 07:00:00,19300.0,20650.0,19100.0,20000.0,2809700,KBS
2025-08-12 07:00:00,20450.0,20900.0,19650.0,20900.0,1601500,KBS
2025-08-13 07:00:00,21100.0,21600.0,19450.0,20800.0,2766500,KBS
2025-08-14 07:00:00,21000.0,21000.0,19900.0,20000.0,2074500,KBS
2025-08-15 07:00:00,20050.0,20050.0,19200.0,19200.0,1614300,KBS
2025-08-18 07:00:00,19000.0,19600.0,18950.0,19100.0,750300,KBS
2025-08-19 07:00:00,19100.0,19600.0,18950.0,19300.0,917100,KBS
2025-08-20 07:00:00,19300.0,19300.0,18350.0,18450.0,1099000,KBS
2025-08-21 07:00:00,18200.0,18450.0,17800.0,17800.0,1380600,KBS
2025-08-22 07:00:00,19000.0,19000.0,18150.0,19000.0,868300,KBS
2025-08-25 07:00:00,20300.0,20300.0,20300.0,20300.0,1054700,KBS
2025-08-26 07:00:00,21700.0,21700.0,21000.0,21400.0,6079500,KBS
2025-08-27 07:00:00,21750.0,21750.0,20600.0,20750.0,1368300,KBS
2025-08-28 07:00:00,20800.0,20800.0,20000.0,20500.0,1236500,KBS
2025-08-29 07:00:00,20500.0,20550.0,20000.0,20050.0,1145800,KBS
2025-09-03 07:00:00,20100.0,20100.0,19050.0,19750.0,845300,KBS
2025-09-04 07:00:00,19750.0,20300.0,19650.0,19800.0,668400,KBS
2025-09-05 07:00:00,20000.0,20350.0,19700.0,19700.0,958200,KBS
2025-09-08 07:00:00,19700.0,19700.0,19000.0,19350.0,700400,KBS
2025-09-09 07:00:00,19350.0,19800.0,19100.0,19700.0,416800,KBS
2025-09-10 07:00:00,19850.0,20100.0,19600.0,20000.0,371300,KBS
2025-09-11 07:00:00,19500.0,19950.0,19150.0,19450.0,627100,KBS
2025-09-12 07:00:00,19300.0,19750.0,19300.0,19450.0,358900,KBS
2025-09-15 07:00:00,19750.0,19750.0,19250.0,19600.0,482100,KBS
2025-09-16 07:00:00,19600.0,19600.0,19050.0,19050.0,473400,KBS
2025-09-17 07:00:00,19050.0,19500.0,19000.0,19150.0,726500,KBS
2025-09-18 07:00:00,19050.0,19200.0,18650.0,18700.0,479300,KBS
2025-09-19 07:00:00,18900.0,18950.0,18650.0,18700.0,156500,KBS
2025-09-22 07:00:00,18700.0,18700.0,17850.0,18300.0,767800,KBS
2025-09-23 07:00:00,18100.0,18350.0,18100.0,18200.0,187800,KBS
2025-09-24 07:00:00,18100.0,18300.0,18000.0,18300.0,250100,KBS
2025-09-25 07:00:00,18550.0,18550.0,18200.0,18400.0,263100,KBS
2025-09-26 07:00:00,18200.0,18400.0,18100.0,18400.0,467600,KBS
2025-09-29 07:00:00,17900.0,18200.0,17150.0,17150.0,1250200,KBS
2025-09-30 07:00:00,17000.0,17000.0,16400.0,16550.0,677700,KBS
2025-10-01 07:00:00,16600.0,16800.0,16450.0,16750.0,323000,KBS
2025-10-02 07:00:00,16850.0,17050.0,16600.0,16700.0,213900,KBS
2025-10-03 07:00:00,16700.0,16700.0,16300.0,16300.0,200000,KBS
2025-10-06 07:00:00,16300.0,17050.0,16300.0,17050.0,198900,KBS
2025-10-07 07:00:00,17100.0,17150.0,16650.0,16700.0,224800,KBS
2025-10-08 07:00:00,16750.0,17050.0,16700.0,16700.0,160400,KBS
2025-10-09 07:00:00,16700.0,17100.0,16700.0,16800.0,131100,KBS
2025-10-10 07:00:00,16700.0,17000.0,16400.0,16800.0,421900,KBS
2025-10-13 07:00:00,16500.0,16800.0,16500.0,16500.0,415400,KBS
2025-10-14 07:00:00,16450.0,16900.0,16400.0,16400.0,574500,KBS
2025-10-15 07:00:00,16500.0,16500.0,15750.0,15750.0,646800,KBS
2025-10-16 07:00:00,15750.0,15750.0,15300.0,15750.0,331000,KBS
2025-10-17 07:00:00,15600.0,15700.0,15200.0,15200.0,290900,KBS
2025-10-20 07:00:00,15100.0,15450.0,14600.0,14600.0,444700,KBS
2025-10-21 07:00:00,14150.0,15400.0,14150.0,15250.0,374100,KBS
2025-10-22 07:00:00,15300.0,15300.0,15050.0,15200.0,139800,KBS
2025-10-23 07:00:00,15250.0,15350.0,15100.0,15100.0,124000,KBS
2025-10-24 07:00:00,15100.0,15750.0,14900.0,15700.0,299600,KBS
2025-10-27 07:00:00,16700.0,16700.0,15800.0,15800.0,305200,KBS
2025-10-28 07:00:00,15850.0,15900.0,15450.0,15650.0,87800,KBS
2025-10-29 07:00:00,15800.0,16100.0,15650.0,16000.0,169000,KBS
2025-10-30 07:00:00,16000.0,16000.0,15500.0,15800.0,67900,KBS
2025-10-31 07:00:00,15800.0,16100.0,15650.0,15850.0,227600,KBS
2025-11-03 07:00:00,15850.0,15850.0,15350.0,15350.0,215500,KBS
2025-11-04 07:00:00,15100.0,15850.0,14900.0,15850.0,294400,KBS
2025-11-05 07:00:00,15850.0,15850.0,15400.0,15600.0,93000,KBS
2025-11-06 07:00:00,15600.0,15800.0,15300.0,15300.0,130300,KBS
2025-11-07 07:00:00,15300.0,15400.0,15000.0,15000.0,187800,KBS
2025-11-10 07:00:00,15000.0,15300.0,14750.0,14800.0,183100,KBS
2025-11-11 07:00:00,15000.0,15100.0,14800.0,15100.0,102900,KBS
2025-11-12 07:00:00,15100.0,15300.0,14900.0,15200.0,85100,KBS
2025-11-13 07:00:00,15250.0,15500.0,15150.0,15500.0,217500,KBS
2025-11-14 07:00:00,15500.0,15750.0,15350.0,15500.0,214900,KBS
2025-11-17 07:00:00,15600.0,15900.0,15600.0,15800.0,235000,KBS
2025-11-18 07:00:00,15800.0,15800.0,15450.0,15550.0,142500,KBS
2025-11-19 07:00:00,15550.0,15800.0,15300.0,15350.0,302000,KBS
2025-11-20 07:00:00,15750.0,15750.0,15250.0,15400.0,77500,KBS
2025-11-21 07:00:00,15300.0,15300.0,15000.0,15200.0,220900,KBS
2025-11-24 07:00:00,15200.0,15200.0,14950.0,15050.0,127500,KBS
2025-11-25 07:00:00,15050.0,15150.0,14800.0,14850.0,130800,KBS
2025-11-26 07:00:00,15150.0,15150.0,14900.0,15000.0,79900,KBS
2025-11-27 07:00:00,15050.0,15100.0,14900.0,14900.0,73600,KBS
2025-11-28 07:00:00,14900.0,14900.0,14300.0,14900.0,121300,KBS
2025-12-01 07:00:00,14950.0,15100.0,14750.0,14750.0,104000,KBS
2025-12-02 07:00:00,14400.0,14750.0,14350.0,14650.0,234700,KBS
2025-12-03 07:00:00,14650.0,14900.0,14550.0,14700.0,134500,KBS
2025-12-04 07:00:00,14750.0,14750.0,14500.0,14750.0,155700,KBS
2025-12-05 07:00:00,14750.0,14750.0,14600.0,14650.0,74300,KBS
2025-12-08 07:00:00,14600.0,14650.0,14500.0,14500.0,84100,KBS
2025-12-09 07:00:00,14500.0,14500.0,13900.0,14150.0,313800,KBS
2025-12-10 07:00:00,14050.0,14400.0,13950.0,14200.0,153900,KBS
2025-12-11 07:00:00,14300.0,14450.0,14100.0,14300.0,108100,KBS
2025-12-12 07:00:00,14300.0,14300.0,13700.0,13700.0,168500,KBS
2025-12-15 07:00:00,13700.0,13850.0,13600.0,13600.0,175800,KBS
2025-12-16 07:00:00,13600.0,14050.0,13400.0,14000.0,144200,KBS
2025-12-17 07:00:00,13800.0,14100.0,13750.0,13800.0,34300,KBS
2025-12-18 07:00:00,13850.0,14050.0,13800.0,13950.0,63300,KBS
2025-12-19 07:00:00,13950.0,13950.0,13600.0,13750.0,79500,KBS
2025-12-22 07:00:00,14000.0,14000.0,13750.0,13900.0,96100,KBS
2025-12-23 07:00:00,13900.0,13900.0,13750.0,13800.0,154200,KBS
2025-12-24 07:00:00,13800.0,13950.0,13650.0,13750.0,77100,KBS
2025-12-25 07:00:00,13750.0,13950.0,13700.0,13700.0,93000,KBS
2025-12-26 07:00:00,13600.0,13900.0,13500.0,13900.0,124100,KBS
2025-12-29 07:00:00,13950.0,13950.0,13700.0,13700.0,48500,KBS
2025-12-30 07:00:00,13700.0,13800.0,13550.0,13600.0,116800,KBS
2025-12-31 07:00:00,13500.0,13700.0,13500.0,13600.0,43900,KBS
2026-01-05 07:00:00,13600.0,13650.0,13450.0,13600.0,154100,KBS
2026-01-06 07:00:00,13600.0,13600.0,13400.0,13450.0,120600,KBS
2026-01-07 07:00:00,13500.0,13650.0,13400.0,13550.0,165700,KBS
2026-01-08 07:00:00,13400.0,13550.0,13350.0,13450.0,215700,KBS
2026-01-09 07:00:00,13600.0,14350.0,13400.0,14350.0,722000,KBS
2026-01-12 07:00:00,14650.0,14650.0,14000.0,14100.0,316400,KBS
2026-01-13 07:00:00,14100.0,14200.0,13950.0,13950.0,269400,KBS
2026-01-14 07:00:00,13950.0,14500.0,13600.0,14350.0,499400,KBS
2026-01-15 07:00:00,14350.0,14400.0,14100.0,14200.0,334300,KBS
2026-01-16 07:00:00,14200.0,14400.0,14050.0,14150.0,218900,KBS
2026-01-19 07:00:00,14150.0,14400.0,14100.0,14400.0,350500,KBS
2026-01-20 07:00:00,14450.0,14450.0,14200.0,14200.0,166700,KBS
2026-01-21 07:00:00,14200.0,14200.0,13800.0,13900.0,222000,KBS
2026-01-22 07:00:00,14150.0,14150.0,13900.0,14050.0,160500,KBS
2026-01-23 07:00:00,14050.0,14150.0,13750.0,13750.0,109800,KBS
2026-01-26 07:00:00,13600.0,13750.0,13400.0,13400.0,280900,KBS
2026-01-27 07:00:00,13500.0,13500.0,13200.0,13300.0,168800,KBS
2026-01-28 07:00:00,13300.0,13600.0,13300.0,13450.0,112800,KBS
2026-01-29 07:00:00,13350.0,13950.0,13350.0,13800.0,261300,KBS
2026-01-30 07:00:00,13800.0,13800.0,13500.0,13600.0,169800,KBS
2026-02-02 07:00:00,14550.0,14550.0,14550.0,14550.0,468500,KBS
2026-02-03 07:00:00,15500.0,15500.0,14700.0,14800.0,990400,KBS
2026-02-04 07:00:00,14800.0,14800.0,14550.0,14750.0,248300,KBS
2026-02-05 07:00:00,14750.0,15250.0,14750.0,14850.0,542000,KBS
2026-02-06 07:00:00,14750.0,14800.0,14000.0,14300.0,406900,KBS
2026-02-09 07:00:00,14350.0,14450.0,13900.0,14100.0,165200,KBS
2026-02-10 07:00:00,14100.0,14100.0,13800.0,13800.0,209300,KBS
2026-02-11 07:00:00,13900.0,14200.0,13900.0,13950.0,215800,KBS
2026-02-12 07:00:00,13950.0,14200.0,13900.0,13900.0,116000,KBS
2026-02-13 07:00:00,14200.0,14200.0,13900.0,14050.0,106600,KBS
2026-02-23 07:00:00,14400.0,14550.0,14200.0,14500.0,233800,KBS
2026-02-24 07:00:00,14350.0,14750.0,14350.0,14550.0,436300,KBS
2026-02-25 07:00:00,14500.0,15100.0,14500.0,14950.0,647500,KBS
2026-02-26 07:00:00,14950.0,14950.0,14700.0,14800.0,199900,KBS
2026-02-27 07:00:00,14750.0,15300.0,14650.0,15000.0,491100,KBS
2026-03-02 07:00:00,14200.0,15000.0,14200.0,14500.0,492100,KBS
2026-03-03 07:00:00,14900.0,15500.0,14500.0,15450.0,1045300,KBS
2026-03-04 07:00:00,15600.0,15700.0,14550.0,14900.0,594400,KBS
2026-03-05 07:00:00,15050.0,15900.0,15050.0,15400.0,748300,KBS
2026-03-06 07:00:00,15400.0,15600.0,14850.0,14850.0,462500,KBS
2026-03-09 07:00:00,13850.0,14200.0,13850.0,13850.0,918600,KBS
2026-03-10 07:00:00,14200.0,14200.0,13800.0,13950.0,378000,KBS
2026-03-11 07:00:00,13900.0,14500.0,13900.0,14300.0,202900,KBS
2026-03-12 07:00:00,14300.0,14450.0,14000.0,14100.0,169100,KBS
2026-03-13 07:00:00,14150.0,14500.0,14000.0,14200.0,337600,KBS
2026-03-16 07:00:00,14150.0,14400.0,14150.0,14150.0,76800,KBS
2026-03-17 07:00:00,14450.0,14450.0,14000.0,14000.0,201700,KBS
2026-03-18 07:00:00,14000.0,14300.0,13800.0,14150.0,334300,KBS
2026-03-19 07:00:00,13800.0,14000.0,13800.0,13900.0,188900,KBS
2026-03-20 07:00:00,14000.0,14000.0,13550.0,13550.0,290700,KBS
2026-03-23 07:00:00,13600.0,13600.0,12750.0,12800.0,277200,KBS
2026-03-24 07:00:00,13500.0,13500.0,13000.0,13300.0,139200,KBS
2026-03-25 07:00:00,13350.0,13650.0,13300.0,13400.0,138300,KBS
2026-03-26 07:00:00,13600.0,13800.0,13300.0,13700.0,219700,KBS
2026-03-27 07:00:00,13700.0,13800.0,13600.0,13700.0,170000,KBS
2026-03-30 07:00:00,13500.0,13650.0,13350.0,13400.0,165200,KBS
2026-03-31 07:00:00,13700.0,13700.0,13350.0,13400.0,176000,KBS
2026-04-01 07:00:00,13600.0,13750.0,13550.0,13700.0,250900,KBS
2026-04-02 07:00:00,13650.0,13650.0,13400.0,13500.0,136700,KBS
2026-04-03 07:00:00,13550.0,13700.0,13350.0,13350.0,203300,KBS
2026-04-06 07:00:00,13550.0,13700.0,13350.0,13600.0,214200,KBS
2026-04-07 07:00:00,13600.0,13700.0,13400.0,13550.0,119200,KBS
2026-04-08 07:00:00,13800.0,13900.0,13600.0,13850.0,412100,KBS
2026-04-09 07:00:00,13850.0,14000.0,13700.0,13850.0,147800,KBS
2026-04-10 07:00:00,13950.0,14000.0,13850.0,13850.0,227900,KBS
2026-04-13 07:00:00,13850.0,14150.0,13600.0,14000.0,290200,KBS
2026-04-14 07:00:00,14100.0,14150.0,13950.0,13950.0,221000,KBS
2026-04-15 07:00:00,14100.0,14100.0,13850.0,13850.0,225200,KBS
2026-04-16 07:00:00,13850.0,13850.0,13600.0,13600.0,155000,KBS
2026-04-17 07:00:00,13700.0,13750.0,13500.0,13600.0,261300,KBS
2026-04-20 07:00:00,13800.0,13800.0,13500.0,13550.0,162000,KBS
2026-04-21 07:00:00,13550.0,13650.0,13500.0,13550.0,74400,KBS
2026-04-22 07:00:00,13700.0,13700.0,13400.0,13550.0,152600,KBS
2026-04-23 07:00:00,13450.0,13650.0,13200.0,13300.0,273200,KBS
2026-04-24 07:00:00,13250.0,13500.0,13250.0,13400.0,134800,KBS
2026-04-28 07:00:00,13400.0,13450.0,13000.0,13050.0,246100,KBS
2026-04-29 07:00:00,13000.0,13500.0,13000.0,13500.0,111700,KBS
2026-05-04 07:00:00,13450.0,13450.0,13300.0,13350.0,103800,KBS
2026-05-05 07:00:00,13250.0,13250.0,13150.0,13250.0,104400,KBS
2026-05-06 07:00:00,13250.0,13400.0,13150.0,13400.0,67700,KBS
2026-05-07 07:00:00,13400.0,13450.0,13250.0,13250.0,121700,KBS
2026-05-08 07:00:00,13300.0,13300.0,13200.0,13200.0,44300,KBS
2026-05-11 07:00:00,13200.0,13200.0,12850.0,13000.0,110800,KBS
2026-05-12 07:00:00,13000.0,13150.0,12900.0,13000.0,138600,KBS
2026-05-13 07:00:00,13100.0,13200.0,12950.0,13000.0,130500,KBS
2026-05-14 07:00:00,13000.0,13200.0,12950.0,12950.0,164700,KBS
2026-05-15 07:00:00,13200.0,13200.0,12800.0,12850.0,94000,KBS
2026-05-18 07:00:00,12850.0,12950.0,12700.0,12700.0,176300,KBS
2026-05-19 07:00:00,12700.0,13000.0,12700.0,12850.0,111700,KBS
2026-05-20 07:00:00,12850.0,12850.0,12450.0,12550.0,202300,KBS
2026-05-21 07:00:00,12550.0,12600.0,12300.0,12450.0,221100,KBS
2026-05-22 07:00:00,12450.0,12450.0,12200.0,12350.0,214200,KBS
2026-05-25 07:00:00,12400.0,12500.0,12150.0,12300.0,134300,KBS
2026-05-26 07:00:00,12200.0,12500.0,12200.0,12250.0,157200,KBS
2026-05-27 07:00:00,12250.0,12400.0,12250.0,12300.0,126400,KBS
2026-05-28 07:00:00,12300.0,12850.0,12200.0,12600.0,289900,KBS
2026-05-29 07:00:00,12400.0,12550.0,12300.0,12400.0,62400,KBS
2026-06-01 07:00:00,12400.0,12400.0,12200.0,12250.0,95600,KBS
2026-06-02 07:00:00,12250.0,12350.0,12000.0,12000.0,167300,KBS
2026-06-03 07:00:00,11750.0,12200.0,11750.0,12050.0,168300,KBS
2026-06-04 07:00:00,12150.0,12150.0,11950.0,12050.0,40400,KBS
2026-06-05 07:00:00,12100.0,12100.0,11950.0,12000.0,83300,KBS
