date,open,high,low,close,volume,_source
2020-01-02 07:00:00,9301.0,10091.0,9301.0,9915.0,762975,KBS
2020-01-03 07:00:00,9915.0,10705.0,9915.0,10266.0,1116553,KBS
2020-01-06 07:00:00,10705.0,10705.0,10003.0,10091.0,408280,KBS
2020-01-07 07:00:00,10178.0,10178.0,9652.0,9827.0,537260,KBS
2020-01-08 07:00:00,9827.0,9827.0,9389.0,9476.0,503454,KBS
2020-01-09 07:00:00,9652.0,9740.0,9564.0,9652.0,200020,KBS
2020-01-10 07:00:00,9652.0,10178.0,9652.0,9827.0,409717,KBS
2020-01-13 07:00:00,9915.0,9915.0,9740.0,9915.0,185830,KBS
2020-01-14 07:00:00,9915.0,10091.0,9740.0,9827.0,290900,KBS
2020-01-15 07:00:00,9827.0,9915.0,9740.0,9740.0,188608,KBS
2020-01-16 07:00:00,9827.0,9827.0,9476.0,9827.0,463400,KBS
2020-01-17 07:00:00,9827.0,10266.0,9740.0,10003.0,355706,KBS
2020-01-20 07:00:00,10091.0,10266.0,10003.0,10091.0,309240,KBS
2020-01-21 07:00:00,10178.0,10354.0,10091.0,10354.0,435320,KBS
2020-01-22 07:00:00,10354.0,10705.0,10091.0,10617.0,540290,KBS
2020-01-30 07:00:00,10354.0,10441.0,9915.0,10091.0,372714,KBS
2020-01-31 07:00:00,10003.0,10003.0,9476.0,9476.0,655457,KBS
2020-02-03 07:00:00,9213.0,9389.0,8336.0,9125.0,965930,KBS
2020-02-04 07:00:00,8950.0,9213.0,8950.0,9125.0,353930,KBS
2020-02-05 07:00:00,9213.0,9476.0,8950.0,9213.0,470640,KBS
2020-02-06 07:00:00,9125.0,9740.0,9125.0,9564.0,308048,KBS
2020-02-07 07:00:00,9652.0,9652.0,9389.0,9564.0,268160,KBS
2020-02-10 07:00:00,9564.0,9564.0,9213.0,9476.0,201190,KBS
2020-02-11 07:00:00,9476.0,9652.0,9389.0,9564.0,399300,KBS
2020-02-12 07:00:00,9652.0,9652.0,9476.0,9476.0,283400,KBS
2020-02-13 07:00:00,9476.0,9652.0,9301.0,9476.0,727243,KBS
2020-02-14 07:00:00,9564.0,10003.0,9389.0,9915.0,678971,KBS
2020-02-17 07:00:00,9827.0,10091.0,9740.0,9740.0,314400,KBS
2020-02-18 07:00:00,9740.0,9915.0,9740.0,9915.0,472400,KBS
2020-02-19 07:00:00,9915.0,10354.0,9827.0,10354.0,1159367,KBS
2020-02-20 07:00:00,10441.0,10529.0,10178.0,10354.0,496270,KBS
2020-02-21 07:00:00,10354.0,10354.0,10003.0,10091.0,514152,KBS
2020-02-24 07:00:00,10003.0,10091.0,9476.0,9652.0,1084607,KBS
2020-02-25 07:00:00,9301.0,10091.0,9301.0,10091.0,1024130,KBS
2020-02-26 07:00:00,9915.0,10617.0,9915.0,10617.0,1272443,KBS
2020-02-27 07:00:00,10617.0,11056.0,10529.0,10968.0,1318652,KBS
2020-02-28 07:00:00,10792.0,10880.0,10529.0,10705.0,1264618,KBS
2020-03-02 07:00:00,10354.0,11143.0,10354.0,10792.0,592520,KBS
2020-03-03 07:00:00,12372.0,12372.0,10880.0,11494.0,1047030,KBS
2020-03-04 07:00:00,11407.0,11494.0,10880.0,11056.0,1656538,KBS
2020-03-05 07:00:00,11056.0,11231.0,10880.0,11056.0,1055157,KBS
2020-03-06 07:00:00,11143.0,11143.0,10792.0,10968.0,1305340,KBS
2020-03-17 07:00:00,9213.0,10091.0,8423.0,9827.0,1626550,KBS
2020-03-18 07:00:00,10091.0,10091.0,9169.0,9213.0,1432550,KBS
2020-03-19 07:00:00,9038.0,9038.0,8599.0,8599.0,858400,KBS
2020-03-20 07:00:00,8599.0,8774.0,8002.0,8011.0,1380930,KBS
2020-03-23 07:00:00,7563.0,7572.0,7458.0,7458.0,1698240,KBS
2020-03-24 07:00:00,7239.0,7800.0,7239.0,7634.0,683830,KBS
2020-03-25 07:00:00,7721.0,7985.0,7642.0,7809.0,1559590,KBS
2020-03-26 07:00:00,7721.0,7888.0,7502.0,7502.0,811930,KBS
2020-03-27 07:00:00,7546.0,7897.0,7335.0,7423.0,612810,KBS
2020-03-30 07:00:00,7239.0,7546.0,6905.0,7283.0,1792710,KBS
2020-03-31 07:00:00,7019.0,7634.0,7019.0,7353.0,572600,KBS
2020-04-01 07:00:00,7353.0,7528.0,7107.0,7511.0,262480,KBS
2020-04-03 07:00:00,7546.0,7809.0,7458.0,7634.0,356910,KBS
2020-04-06 07:00:00,7721.0,7985.0,7678.0,7985.0,591020,KBS
2020-04-07 07:00:00,7985.0,7985.0,7730.0,7862.0,277730,KBS
2020-04-08 07:00:00,7809.0,7888.0,7721.0,7888.0,212500,KBS
2020-04-09 07:00:00,7985.0,8362.0,7976.0,8292.0,574950,KBS
2020-04-10 07:00:00,8730.0,8862.0,8687.0,8862.0,934920,KBS
2020-04-13 07:00:00,9476.0,9476.0,8906.0,8906.0,2160110,KBS
2020-04-14 07:00:00,9125.0,9520.0,8774.0,9476.0,957110,KBS
2020-04-15 07:00:00,9213.0,9915.0,9213.0,9783.0,788140,KBS
2020-04-16 07:00:00,9652.0,9783.0,9301.0,9476.0,634220,KBS
2020-04-17 07:00:00,9696.0,9783.0,9389.0,9476.0,649460,KBS
2020-04-20 07:00:00,9652.0,9871.0,9389.0,9389.0,1221230,KBS
2020-04-21 07:00:00,9301.0,9389.0,8739.0,8739.0,1336580,KBS
2020-04-22 07:00:00,8511.0,9125.0,8423.0,8818.0,867890,KBS
2020-04-23 07:00:00,9038.0,9081.0,8774.0,8862.0,653970,KBS
2020-04-24 07:00:00,8862.0,8906.0,8730.0,8739.0,837180,KBS
2020-04-27 07:00:00,8862.0,9345.0,8862.0,9345.0,1663520,KBS
2020-04-28 07:00:00,9652.0,9827.0,9389.0,9476.0,1444690,KBS
2020-04-29 07:00:00,9783.0,9959.0,9476.0,9783.0,1497360,KBS
2020-05-04 07:00:00,9564.0,9652.0,9301.0,9389.0,951850,KBS
2020-05-05 07:00:00,9389.0,9827.0,8774.0,9740.0,1071460,KBS
2020-05-06 07:00:00,9783.0,10398.0,9783.0,10398.0,2682000,KBS
2020-05-07 07:00:00,10529.0,11100.0,10354.0,10968.0,2699550,KBS
2020-05-08 07:00:00,10968.0,11056.0,10529.0,10529.0,1499440,KBS
2020-05-11 07:00:00,10880.0,10968.0,10310.0,10880.0,1857810,KBS
2020-05-12 07:00:00,10705.0,11187.0,10573.0,10968.0,1423970,KBS
2020-05-13 07:00:00,10968.0,11494.0,10880.0,11056.0,3516310,KBS
2020-05-14 07:00:00,11056.0,11056.0,10792.0,10792.0,1400950,KBS
2020-05-15 07:00:00,10792.0,10924.0,10529.0,10573.0,1116140,KBS
2020-05-18 07:00:00,10573.0,10836.0,10354.0,10792.0,680550,KBS
2020-05-19 07:00:00,11100.0,11187.0,10792.0,10792.0,2001060,KBS
2020-05-20 07:00:00,10792.0,11275.0,10792.0,11231.0,1345440,KBS
2020-05-21 07:00:00,11319.0,11626.0,11143.0,11231.0,2381570,KBS
2020-05-22 07:00:00,11143.0,11275.0,10880.0,10968.0,1401180,KBS
2020-05-25 07:00:00,11056.0,11538.0,10880.0,11494.0,3891580,KBS
2020-05-26 07:00:00,11714.0,11802.0,11451.0,11494.0,2026130,KBS
2020-05-27 07:00:00,11582.0,11582.0,11143.0,11143.0,2320830,KBS
2020-05-28 07:00:00,11100.0,11319.0,11012.0,11187.0,1925610,KBS
2020-05-29 07:00:00,11143.0,11319.0,11100.0,11187.0,1380440,KBS
2020-06-01 07:00:00,11231.0,11363.0,11231.0,11275.0,1375080,KBS
2020-06-02 07:00:00,11275.0,11363.0,10968.0,11012.0,1401600,KBS
2020-06-03 07:00:00,11012.0,11407.0,10968.0,11407.0,1682780,KBS
2020-06-04 07:00:00,11407.0,11538.0,11143.0,11143.0,1429580,KBS
2020-06-05 07:00:00,11143.0,11319.0,11056.0,11319.0,1368660,KBS
2020-06-08 07:00:00,11407.0,11626.0,11275.0,11407.0,3376560,KBS
2020-06-09 07:00:00,11407.0,12196.0,11407.0,11977.0,4848970,KBS
2020-06-10 07:00:00,11977.0,11977.0,11538.0,11626.0,2746460,KBS
2020-06-11 07:00:00,11626.0,11889.0,10968.0,10968.0,3535100,KBS
2020-06-12 07:00:00,10529.0,10924.0,10354.0,10661.0,3343630,KBS
2020-06-15 07:00:00,10968.0,11407.0,10749.0,10880.0,3865010,KBS
2020-06-16 07:00:00,11407.0,11407.0,11100.0,11187.0,1094900,KBS
2020-06-17 07:00:00,11231.0,11231.0,10880.0,10880.0,1329740,KBS
2020-06-18 07:00:00,10617.0,11231.0,10617.0,10792.0,1281740,KBS
2020-06-19 07:00:00,10924.0,11187.0,10924.0,11056.0,1155640,KBS
2020-06-22 07:00:00,11143.0,11143.0,10880.0,10924.0,1125510,KBS
2020-06-23 07:00:00,10924.0,11231.0,10836.0,11012.0,1512990,KBS
2020-06-24 07:00:00,11056.0,11056.0,10749.0,10792.0,967980,KBS
2020-06-25 07:00:00,10705.0,10792.0,10573.0,10573.0,1042720,KBS
2020-06-26 07:00:00,10617.0,10836.0,10441.0,10441.0,1459690,KBS
2020-06-29 07:00:00,10441.0,10529.0,9915.0,10003.0,2278110,KBS
2020-06-30 07:00:00,10003.0,10310.0,9652.0,9652.0,1132600,KBS
2020-07-01 07:00:00,9696.0,10178.0,9696.0,10091.0,736830,KBS
2020-07-02 07:00:00,10003.0,10266.0,9959.0,10134.0,878030,KBS
2020-07-03 07:00:00,10178.0,10398.0,10178.0,10222.0,1155100,KBS
2020-07-06 07:00:00,10354.0,10441.0,10266.0,10441.0,575100,KBS
2020-07-07 07:00:00,10441.0,10485.0,10178.0,10222.0,1010980,KBS
2020-07-08 07:00:00,10222.0,10354.0,10003.0,10222.0,833270,KBS
2020-07-09 07:00:00,10222.0,10398.0,10222.0,10398.0,988260,KBS
2020-07-10 07:00:00,10354.0,10441.0,10310.0,10441.0,657210,KBS
2020-07-13 07:00:00,10441.0,10836.0,10441.0,10441.0,1994010,KBS
2020-07-14 07:00:00,10617.0,10792.0,10529.0,10617.0,1279860,KBS
2020-07-15 07:00:00,10792.0,10792.0,10617.0,10617.0,503920,KBS
2020-07-16 07:00:00,10661.0,10749.0,10529.0,10573.0,751420,KBS
2020-07-17 07:00:00,10485.0,10749.0,10441.0,10617.0,900470,KBS
2020-07-20 07:00:00,10617.0,10924.0,10573.0,10617.0,1427490,KBS
2020-07-21 07:00:00,10705.0,10705.0,10441.0,10485.0,755830,KBS
2020-07-22 07:00:00,10485.0,10617.0,10266.0,10310.0,730770,KBS
2020-07-23 07:00:00,10266.0,10310.0,10091.0,10091.0,1064300,KBS
2020-07-24 07:00:00,10134.0,10441.0,9652.0,9652.0,2730370,KBS
2020-07-27 07:00:00,9213.0,9389.0,8994.0,8994.0,2885330,KBS
2020-07-28 07:00:00,8818.0,9301.0,8818.0,9301.0,1756390,KBS
2020-07-29 07:00:00,8774.0,9081.0,8652.0,8994.0,1869490,KBS
2020-07-30 07:00:00,8950.0,9038.0,8818.0,8862.0,1120870,KBS
2020-07-31 07:00:00,8599.0,8994.0,8599.0,8774.0,998760,KBS
2020-08-03 07:00:00,8774.0,9081.0,8774.0,9081.0,820600,KBS
2020-08-04 07:00:00,9213.0,9301.0,9081.0,9169.0,995960,KBS
2020-08-05 07:00:00,9169.0,9520.0,9038.0,9345.0,1450080,KBS
2020-08-06 07:00:00,9257.0,9432.0,9257.0,9301.0,608120,KBS
2020-08-07 07:00:00,9257.0,9389.0,9213.0,9301.0,631730,KBS
2020-08-10 07:00:00,9345.0,9915.0,9301.0,9783.0,2894230,KBS
2020-08-11 07:00:00,9871.0,9871.0,9652.0,9740.0,737560,KBS
2020-08-12 07:00:00,9740.0,9783.0,9652.0,9740.0,597590,KBS
2020-08-13 07:00:00,9740.0,10003.0,9652.0,9652.0,1959970,KBS
2020-08-14 07:00:00,9652.0,9783.0,9476.0,9564.0,974910,KBS
2020-08-17 07:00:00,9564.0,9608.0,9389.0,9608.0,750960,KBS
2020-08-18 07:00:00,9608.0,9871.0,9564.0,9696.0,1218730,KBS
2020-08-19 07:00:00,9827.0,10266.0,9783.0,10091.0,2352360,KBS
2020-08-20 07:00:00,10091.0,10354.0,10091.0,10266.0,2233930,KBS
2020-08-21 07:00:00,10266.0,10441.0,10178.0,10398.0,1617030,KBS
2020-08-24 07:00:00,10529.0,10617.0,10398.0,10485.0,1577760,KBS
2020-08-25 07:00:00,10529.0,10529.0,10310.0,10310.0,1301610,KBS
2020-08-26 07:00:00,10222.0,10661.0,10222.0,10441.0,1924850,KBS
2020-08-27 07:00:00,10485.0,10924.0,10485.0,10836.0,2316970,KBS
2020-08-28 07:00:00,10836.0,10924.0,10573.0,10573.0,1574520,KBS
2020-08-31 07:00:00,10617.0,10661.0,10310.0,10398.0,1824490,KBS
2020-09-01 07:00:00,10354.0,10661.0,10266.0,10661.0,1998840,KBS
2020-09-03 07:00:00,10705.0,10749.0,10573.0,10661.0,1000990,KBS
2020-09-04 07:00:00,10441.0,10573.0,10398.0,10529.0,1132370,KBS
2020-09-07 07:00:00,10441.0,10705.0,10354.0,10441.0,1491100,KBS
2020-09-08 07:00:00,10573.0,10968.0,10529.0,10705.0,4063740,KBS
2020-09-09 07:00:00,10705.0,10968.0,10705.0,10880.0,2240400,KBS
2020-09-10 07:00:00,11012.0,11275.0,10880.0,11231.0,2360230,KBS
2020-09-11 07:00:00,11143.0,11275.0,11012.0,11275.0,1349140,KBS
2020-09-14 07:00:00,11231.0,11275.0,11056.0,11056.0,2150970,KBS
2020-09-15 07:00:00,11143.0,11231.0,10880.0,10968.0,2087430,KBS
2020-09-16 07:00:00,10968.0,11187.0,10924.0,11100.0,1136120,KBS
2020-09-17 07:00:00,11143.0,11275.0,11056.0,11187.0,1206290,KBS
2020-09-18 07:00:00,11187.0,11231.0,11143.0,11187.0,959790,KBS
2020-09-21 07:00:00,11231.0,11407.0,11143.0,11275.0,1928720,KBS
2020-09-22 07:00:00,11367.0,11367.0,11183.0,11275.0,1392490,KBS
2020-09-23 07:00:00,11321.0,11321.0,11091.0,11137.0,1441290,KBS
2020-09-24 07:00:00,11045.0,11275.0,11045.0,11137.0,1267760,KBS
2020-09-25 07:00:00,11137.0,11183.0,11045.0,11091.0,615730,KBS
2020-09-28 07:00:00,11091.0,11183.0,11091.0,11183.0,1059040,KBS
2020-09-29 07:00:00,11321.0,11551.0,11137.0,11183.0,3437390,KBS
2020-09-30 07:00:00,11183.0,11413.0,11091.0,11367.0,1047030,KBS
2020-10-01 07:00:00,11505.0,11505.0,11321.0,11367.0,1186560,KBS
2020-10-02 07:00:00,11367.0,11413.0,10907.0,11275.0,2204010,KBS
2020-10-05 07:00:00,11367.0,12057.0,11275.0,11965.0,5306360,KBS
2020-10-06 07:00:00,12149.0,12334.0,11827.0,11873.0,2550590,KBS
2020-10-07 07:00:00,11689.0,11873.0,11689.0,11735.0,1706390,KBS
2020-10-08 07:00:00,11827.0,12288.0,11689.0,12195.0,5940910,KBS
2020-10-09 07:00:00,12334.0,12702.0,12241.0,12610.0,5300430,KBS
2020-10-12 07:00:00,12610.0,13024.0,12472.0,12564.0,5012600,KBS
2020-10-13 07:00:00,12518.0,12978.0,12288.0,12886.0,4789720,KBS
2020-10-14 07:00:00,12886.0,13070.0,12518.0,12610.0,4932320,KBS
2020-10-15 07:00:00,12748.0,12748.0,12334.0,12472.0,5368820,KBS
2020-10-16 07:00:00,12518.0,12840.0,12288.0,12840.0,5393350,KBS
2020-10-19 07:00:00,13024.0,13668.0,12840.0,13622.0,6244920,KBS
2020-10-20 07:00:00,13622.0,13990.0,13392.0,13576.0,3392500,KBS
2020-10-21 07:00:00,13576.0,13576.0,13070.0,13070.0,5007720,KBS
2020-10-22 07:00:00,12932.0,13162.0,12794.0,13162.0,4576950,KBS
2020-10-23 07:00:00,13162.0,13484.0,12932.0,13208.0,3363120,KBS
2020-10-26 07:00:00,13438.0,13714.0,13162.0,13162.0,3825590,KBS
2020-10-27 07:00:00,13162.0,13254.0,12932.0,12978.0,2472800,KBS
2020-10-28 07:00:00,12932.0,13346.0,12334.0,12334.0,5397380,KBS
2020-10-29 07:00:00,12426.0,12794.0,12149.0,12610.0,4416080,KBS
2020-10-30 07:00:00,12794.0,13070.0,12610.0,13024.0,3448190,KBS
2020-11-02 07:00:00,13208.0,13438.0,13116.0,13438.0,5148980,KBS
2020-11-03 07:00:00,13484.0,14358.0,13438.0,14266.0,11245530,KBS
2020-11-04 07:00:00,14174.0,14358.0,13944.0,14266.0,4661700,KBS
2020-11-05 07:00:00,14036.0,14128.0,13714.0,13714.0,6436840,KBS
2020-11-06 07:00:00,13714.0,14174.0,13714.0,14036.0,3208490,KBS
2020-11-09 07:00:00,14036.0,14220.0,13852.0,14174.0,4668100,KBS
2020-11-10 07:00:00,14174.0,14865.0,14036.0,14543.0,6147770,KBS
2020-11-11 07:00:00,14543.0,15049.0,14404.0,15003.0,5176010,KBS
2020-11-12 07:00:00,15187.0,15647.0,15049.0,15601.0,5971020,KBS
2020-11-13 07:00:00,15555.0,15877.0,15325.0,15647.0,5142170,KBS
2020-11-16 07:00:00,15601.0,15601.0,15141.0,15417.0,6529880,KBS
2020-11-17 07:00:00,15555.0,16475.0,15279.0,16475.0,6667140,KBS
2020-11-18 07:00:00,16475.0,17488.0,16429.0,17488.0,5218420,KBS
2020-11-19 07:00:00,17488.0,17764.0,17028.0,17764.0,5577100,KBS
2020-11-20 07:00:00,17764.0,17810.0,17166.0,17488.0,2787350,KBS
2020-11-23 07:00:00,17166.0,17396.0,16890.0,17028.0,4154160,KBS
2020-11-24 07:00:00,17028.0,17166.0,16383.0,16844.0,5685550,KBS
2020-11-25 07:00:00,17212.0,17488.0,16936.0,17396.0,3225870,KBS
2020-11-26 07:00:00,17580.0,17948.0,17442.0,17856.0,5644050,KBS
2020-11-27 07:00:00,17764.0,17856.0,17534.0,17534.0,2977160,KBS
2020-11-30 07:00:00,17672.0,17672.0,17120.0,17120.0,3181380,KBS
2020-12-01 07:00:00,16659.0,17258.0,16659.0,17166.0,3758590,KBS
2020-12-02 07:00:00,17212.0,17580.0,17028.0,17304.0,3181530,KBS
2020-12-03 07:00:00,17304.0,17442.0,17120.0,17258.0,2618260,KBS
2020-12-04 07:00:00,17488.0,18454.0,17258.0,18454.0,6208970,KBS
2020-12-07 07:00:00,18868.0,19375.0,18684.0,18684.0,4335970,KBS
2020-12-08 07:00:00,18822.0,19007.0,18500.0,18684.0,3509780,KBS
2020-12-09 07:00:00,18500.0,19605.0,18500.0,18822.0,5111400,KBS
2020-12-10 07:00:00,18776.0,19145.0,18316.0,18362.0,3775710,KBS
2020-12-11 07:00:00,18500.0,19329.0,18316.0,19237.0,4719070,KBS
2020-12-14 07:00:00,19329.0,20571.0,19329.0,20571.0,5534040,KBS
2020-12-15 07:00:00,20709.0,21860.0,20387.0,21400.0,4905500,KBS
2020-12-16 07:00:00,21400.0,21860.0,21262.0,21446.0,3528920,KBS
2020-12-17 07:00:00,21169.0,22688.0,20985.0,22090.0,4909320,KBS
2020-12-18 07:00:00,22918.0,23332.0,22366.0,23332.0,3881450,KBS
2020-12-21 07:00:00,24115.0,24943.0,24023.0,24943.0,3351680,KBS
2020-12-22 07:00:00,26646.0,26646.0,26324.0,26646.0,1853210,KBS
2020-12-23 07:00:00,28487.0,28487.0,24805.0,25403.0,3522880,KBS
2020-12-24 07:00:00,26692.0,26692.0,23655.0,25035.0,9525620,KBS
2020-12-25 07:00:00,25772.0,26784.0,25357.0,26784.0,5589590,KBS
2020-12-28 07:00:00,28027.0,28625.0,26876.0,28027.0,4610970,KBS
2020-12-29 07:00:00,27520.0,28349.0,26600.0,27152.0,7712850,KBS
2020-12-30 07:00:00,27060.0,27704.0,25864.0,26232.0,5020230,KBS
2020-12-31 07:00:00,26508.0,27612.0,25772.0,27566.0,4707730,KBS
2021-01-04 07:00:00,27658.0,29039.0,27106.0,27106.0,7353500,KBS
2021-01-05 07:00:00,27428.0,27842.0,26784.0,27152.0,5766300,KBS
2021-01-06 07:00:00,27336.0,27382.0,26232.0,26462.0,6482500,KBS
2021-01-07 07:00:00,26600.0,26692.0,25864.0,26048.0,6324200,KBS
2021-01-08 07:00:00,26232.0,27612.0,25679.0,26692.0,6681900,KBS
2021-01-11 07:00:00,27290.0,27566.0,26232.0,27014.0,5430200,KBS
2021-01-12 07:00:00,27060.0,27474.0,26692.0,27428.0,3876400,KBS
2021-01-13 07:00:00,28073.0,29315.0,28073.0,29315.0,15851200,KBS
2021-01-14 07:00:00,29913.0,31202.0,29821.0,30051.0,7396400,KBS
2021-01-15 07:00:00,29913.0,30328.0,29361.0,29821.0,5477800,KBS
2021-01-18 07:00:00,29637.0,31478.0,29315.0,30650.0,7199300,KBS
2021-01-19 07:00:00,30650.0,31248.0,28533.0,29177.0,5926700,KBS
2021-01-20 07:00:00,29453.0,29453.0,27152.0,28533.0,5355900,KBS
2021-01-21 07:00:00,28947.0,29361.0,27888.0,29315.0,5031100,KBS
2021-01-22 07:00:00,29361.0,30558.0,28717.0,29545.0,6470800,KBS
2021-01-25 07:00:00,29039.0,30328.0,29039.0,29867.0,4896700,KBS
2021-01-26 07:00:00,29867.0,29867.0,27796.0,27796.0,5595300,KBS
2021-01-27 07:00:00,26508.0,27428.0,25864.0,25864.0,5670400,KBS
2021-01-28 07:00:00,24069.0,24069.0,24069.0,24069.0,501600,KBS
2021-01-29 07:00:00,22412.0,24069.0,22412.0,22458.0,12775800,KBS
2021-02-01 07:00:00,22090.0,23747.0,20893.0,20893.0,5967800,KBS
2021-02-02 07:00:00,20985.0,21952.0,19881.0,21538.0,6277200,KBS
2021-02-03 07:00:00,22182.0,23010.0,21538.0,23010.0,3765800,KBS
2021-02-04 07:00:00,23286.0,24207.0,22918.0,23424.0,4257800,KBS
2021-02-05 07:00:00,23424.0,23931.0,23056.0,23655.0,3434800,KBS
2021-02-08 07:00:00,23655.0,23839.0,22044.0,22044.0,5368300,KBS
2021-02-09 07:00:00,21998.0,22826.0,21354.0,22136.0,3756400,KBS
2021-02-17 07:00:00,23056.0,23655.0,23010.0,23655.0,1392600,KBS
2021-02-18 07:00:00,25265.0,25265.0,25265.0,25265.0,3278500,KBS
2021-02-19 07:00:00,25864.0,26692.0,25357.0,25864.0,8269200,KBS
2021-02-22 07:00:00,25956.0,26186.0,25311.0,25726.0,4211000,KBS
2021-02-23 07:00:00,25633.0,27520.0,24943.0,27520.0,8396300,KBS
2021-02-24 07:00:00,27796.0,28257.0,26232.0,26508.0,4418300,KBS
2021-02-25 07:00:00,26876.0,26876.0,26048.0,26600.0,3505700,KBS
2021-02-26 07:00:00,25587.0,26692.0,25587.0,26554.0,4192500,KBS
2021-03-01 07:00:00,27244.0,27704.0,26784.0,27152.0,3977200,KBS
2021-03-02 07:00:00,27520.0,28257.0,26922.0,27520.0,5624500,KBS
2021-03-03 07:00:00,27428.0,27704.0,27152.0,27244.0,2908600,KBS
2021-03-04 07:00:00,27244.0,27336.0,25864.0,26462.0,4337000,KBS
2021-03-05 07:00:00,26048.0,27152.0,25772.0,26738.0,3738100,KBS
2021-03-08 07:00:00,27152.0,27612.0,26508.0,27060.0,3627300,KBS
2021-03-09 07:00:00,25956.0,26968.0,25956.0,26416.0,2056200,KBS
2021-03-10 07:00:00,26508.0,26968.0,26232.0,26692.0,2563700,KBS
2021-03-11 07:00:00,27152.0,27566.0,26922.0,27152.0,5317600,KBS
2021-03-12 07:00:00,27428.0,28901.0,27244.0,28441.0,8710200,KBS
2021-03-15 07:00:00,28441.0,28533.0,27842.0,27888.0,2472900,KBS
2021-03-16 07:00:00,27750.0,27888.0,26876.0,27106.0,4671800,KBS
2021-03-17 07:00:00,27244.0,27428.0,26784.0,27336.0,2819700,KBS
2021-03-18 07:00:00,27612.0,28441.0,27336.0,28257.0,3849200,KBS
2021-03-19 07:00:00,27888.0,28165.0,27520.0,27612.0,3339800,KBS
2021-03-22 07:00:00,28073.0,28073.0,27244.0,27336.0,3121400,KBS
2021-03-23 07:00:00,27336.0,27612.0,26692.0,27014.0,4188700,KBS
2021-03-24 07:00:00,26278.0,26922.0,25726.0,25910.0,3693600,KBS
2021-03-25 07:00:00,26002.0,26324.0,25173.0,25403.0,4806600,KBS
2021-03-26 07:00:00,24851.0,25311.0,23655.0,25127.0,5217700,KBS
2021-03-29 07:00:00,25495.0,25679.0,25219.0,25633.0,1674300,KBS
2021-03-30 07:00:00,25633.0,26094.0,25495.0,25956.0,2115700,KBS
2021-03-31 07:00:00,25956.0,26048.0,25541.0,25587.0,2056900,KBS
2021-04-01 07:00:00,25587.0,26232.0,25541.0,26186.0,2484100,KBS
2021-04-02 07:00:00,26416.0,26692.0,25910.0,26048.0,2241800,KBS
2021-04-05 07:00:00,26140.0,26232.0,25864.0,26048.0,2056700,KBS
2021-04-06 07:00:00,25864.0,26048.0,25679.0,25679.0,2365500,KBS
2021-04-07 07:00:00,25495.0,25772.0,25265.0,25772.0,2634700,KBS
2021-04-08 07:00:00,26048.0,26416.0,25679.0,26140.0,3152300,KBS
2021-04-09 07:00:00,26140.0,26646.0,26140.0,26232.0,2944000,KBS
2021-04-12 07:00:00,26324.0,26416.0,26094.0,26140.0,2902600,KBS
2021-04-13 07:00:00,26140.0,26140.0,25265.0,25357.0,4556700,KBS
2021-04-14 07:00:00,24943.0,25357.0,24759.0,25173.0,3282300,KBS
2021-04-15 07:00:00,25173.0,25311.0,24483.0,24529.0,3301600,KBS
2021-04-16 07:00:00,24391.0,24391.0,22918.0,23471.0,5099800,KBS
2021-04-19 07:00:00,23102.0,24115.0,23102.0,23931.0,2739500,KBS
2021-04-20 07:00:00,24023.0,24161.0,23010.0,23194.0,2655600,KBS
2021-04-22 07:00:00,23056.0,23194.0,21584.0,21584.0,4710300,KBS
2021-04-23 07:00:00,21446.0,22320.0,20985.0,22320.0,3554300,KBS
2021-04-26 07:00:00,22320.0,23332.0,21768.0,21814.0,2796700,KBS
2021-04-27 07:00:00,21814.0,22136.0,20893.0,21538.0,1511800,KBS
2021-04-28 07:00:00,22182.0,23010.0,22182.0,23010.0,3108300,KBS
2021-04-29 07:00:00,23931.0,24207.0,23194.0,23701.0,3166900,KBS
2021-05-04 07:00:00,22826.0,23424.0,22182.0,23240.0,2156600,KBS
2021-05-05 07:00:00,23010.0,23517.0,23010.0,23240.0,3182300,KBS
2021-05-06 07:00:00,23194.0,23839.0,23010.0,23286.0,2554200,KBS
2021-05-07 07:00:00,23286.0,23517.0,22734.0,22826.0,2869700,KBS
2021-05-10 07:00:00,22550.0,22964.0,22136.0,22688.0,2429700,KBS
2021-05-11 07:00:00,23010.0,23655.0,22826.0,23240.0,2824000,KBS
2021-05-12 07:00:00,23471.0,24851.0,23378.0,24851.0,6321300,KBS
2021-05-13 07:00:00,24851.0,25633.0,24391.0,24391.0,5598900,KBS
2021-05-14 07:00:00,24391.0,24851.0,23977.0,24207.0,2819600,KBS
2021-05-17 07:00:00,24207.0,24207.0,23286.0,23332.0,3533900,KBS
2021-05-18 07:00:00,23286.0,23471.0,22734.0,22826.0,3064400,KBS
2021-05-19 07:00:00,22826.0,23655.0,22826.0,23332.0,2813000,KBS
2021-05-20 07:00:00,23286.0,23286.0,22458.0,22734.0,4030800,KBS
2021-05-21 07:00:00,22734.0,23931.0,22550.0,23332.0,3409100,KBS
2021-05-24 07:00:00,24069.0,24943.0,24069.0,24943.0,6726600,KBS
2021-05-25 07:00:00,25679.0,25679.0,24575.0,24851.0,5599400,KBS
2021-05-26 07:00:00,24667.0,25587.0,24483.0,25265.0,6327300,KBS
2021-05-27 07:00:00,25357.0,26600.0,25035.0,25633.0,6625100,KBS
2021-05-28 07:00:00,25772.0,26508.0,25772.0,26462.0,5541400,KBS
2021-05-31 07:00:00,26508.0,26692.0,25864.0,26324.0,4910100,KBS
2021-06-01 07:00:00,26186.0,26416.0,25772.0,26094.0,5077400,KBS
2021-06-02 07:00:00,25772.0,25864.0,24851.0,25633.0,5018100,KBS
2021-06-03 07:00:00,26048.0,26508.0,25357.0,26232.0,6501800,KBS
2021-06-04 07:00:00,26600.0,27704.0,26508.0,27520.0,9284000,KBS
2021-06-07 07:00:00,28257.0,29085.0,27888.0,28901.0,10302900,KBS
2021-06-08 07:00:00,28165.0,28901.0,26922.0,26922.0,5410600,KBS
2021-06-09 07:00:00,26692.0,27520.0,25772.0,26968.0,5540700,KBS
2021-06-10 07:00:00,26232.0,26968.0,25772.0,26232.0,4218400,KBS
2021-06-11 07:00:00,26508.0,27198.0,26140.0,26830.0,4200500,KBS
2021-06-14 07:00:00,27060.0,27796.0,26692.0,27382.0,5243000,KBS
2021-06-15 07:00:00,27612.0,29269.0,27428.0,29269.0,9611200,KBS
2021-06-16 07:00:00,29913.0,30282.0,29361.0,29499.0,7694800,KBS
2021-06-17 07:00:00,28855.0,31294.0,28717.0,31248.0,9882200,KBS
2021-06-18 07:00:00,31248.0,33043.0,30742.0,31754.0,8776800,KBS
2021-06-21 07:00:00,31478.0,32491.0,31202.0,31754.0,6685400,KBS
2021-06-22 07:00:00,32214.0,32445.0,31570.0,31616.0,5910700,KBS
2021-06-23 07:00:00,31478.0,31754.0,30466.0,30834.0,7695500,KBS
2021-06-24 07:00:00,30604.0,32629.0,30604.0,32030.0,5819900,KBS
2021-06-25 07:00:00,32030.0,32399.0,31754.0,32168.0,3659300,KBS
2021-06-28 07:00:00,32306.0,33595.0,31846.0,33411.0,6792600,KBS
2021-06-29 07:00:00,33135.0,34009.0,32767.0,32859.0,4640000,KBS
2021-06-30 07:00:00,32675.0,32997.0,32214.0,32214.0,3729600,KBS
2021-07-01 07:00:00,32306.0,33917.0,32214.0,33503.0,6757400,KBS
2021-07-02 07:00:00,33503.0,33825.0,33135.0,33319.0,3962500,KBS
2021-07-05 07:00:00,33227.0,33687.0,32767.0,33411.0,4525200,KBS
2021-07-06 07:00:00,33825.0,34700.0,31110.0,31110.0,6778500,KBS
2021-07-07 07:00:00,31478.0,31938.0,29453.0,31892.0,5960900,KBS
2021-07-08 07:00:00,32076.0,32076.0,30834.0,31248.0,3886500,KBS
2021-07-09 07:00:00,30466.0,31110.0,29085.0,29085.0,9414700,KBS
2021-07-12 07:00:00,27612.0,28257.0,27060.0,27060.0,7085300,KBS
2021-07-13 07:00:00,27244.0,28073.0,26876.0,27612.0,3515700,KBS
2021-07-14 07:00:00,27382.0,28349.0,26140.0,26968.0,3722500,KBS
2021-07-15 07:00:00,26554.0,28165.0,26554.0,28073.0,3199200,KBS
2021-07-16 07:00:00,28073.0,29407.0,28073.0,28855.0,4052300,KBS
2021-07-19 07:00:00,27612.0,28349.0,26876.0,26876.0,5437700,KBS
2021-07-20 07:00:00,27566.0,28349.0,26692.0,28349.0,4154800,KBS
2021-07-21 07:00:00,28533.0,28809.0,27612.0,27796.0,2458700,KBS
2021-07-22 07:00:00,27796.0,29223.0,27566.0,28993.0,4436600,KBS
2021-07-23 07:00:00,28625.0,29775.0,28487.0,28533.0,6441700,KBS
2021-07-26 07:00:00,28533.0,29913.0,28349.0,29913.0,5022000,KBS
2021-07-27 07:00:00,30374.0,30834.0,29959.0,30190.0,4462000,KBS
2021-07-28 07:00:00,29959.0,30558.0,29729.0,30051.0,4193500,KBS
2021-07-29 07:00:00,30051.0,30650.0,29637.0,30512.0,4267600,KBS
2021-07-30 07:00:00,30650.0,31110.0,30420.0,31018.0,5202800,KBS
2021-08-02 07:00:00,30374.0,31662.0,30374.0,30834.0,6191700,KBS
2021-08-03 07:00:00,30834.0,31202.0,30190.0,31018.0,4856600,KBS
2021-08-04 07:00:00,31202.0,31386.0,30512.0,30788.0,4157100,KBS
2021-08-05 07:00:00,30742.0,32352.0,30374.0,32076.0,9045500,KBS
2021-08-06 07:00:00,32076.0,32399.0,31478.0,31478.0,5648300,KBS
2021-08-09 07:00:00,31294.0,32537.0,31294.0,32399.0,5093700,KBS
2021-08-10 07:00:00,32629.0,32721.0,32030.0,32214.0,6385800,KBS
2021-08-11 07:00:00,32214.0,32399.0,31340.0,31386.0,6143000,KBS
2021-08-12 07:00:00,31110.0,32399.0,30834.0,31570.0,5683500,KBS
2021-08-13 07:00:00,31386.0,32122.0,30880.0,32030.0,4717200,KBS
2021-08-16 07:00:00,32491.0,34239.0,32214.0,34239.0,10693600,KBS
2021-08-17 07:00:00,34607.0,35436.0,34147.0,34515.0,7543100,KBS
2021-08-18 07:00:00,34055.0,35252.0,33917.0,34561.0,4797600,KBS
2021-08-19 07:00:00,34377.0,35896.0,34239.0,35712.0,6673700,KBS
2021-08-20 07:00:00,35528.0,35896.0,33227.0,33457.0,12418100,KBS
2021-08-23 07:00:00,33227.0,33963.0,31478.0,31478.0,7321700,KBS
2021-08-24 07:00:00,31478.0,32214.0,31018.0,31294.0,6463100,KBS
2021-08-25 07:00:00,31570.0,32399.0,31386.0,32399.0,3379900,KBS
2021-08-26 07:00:00,32767.0,33503.0,32352.0,32675.0,4533400,KBS
2021-08-27 07:00:00,32214.0,34423.0,31754.0,34423.0,7521500,KBS
2021-08-30 07:00:00,34930.0,35252.0,34239.0,34607.0,5449200,KBS
2021-08-31 07:00:00,34607.0,36724.0,34377.0,35666.0,9613400,KBS
2021-09-01 07:00:00,34976.0,37277.0,34976.0,36909.0,8428800,KBS
2021-09-06 07:00:00,37737.0,37737.0,36172.0,36172.0,6788200,KBS
2021-09-07 07:00:00,36172.0,36770.0,35574.0,35758.0,6217700,KBS
2021-09-08 07:00:00,35804.0,36540.0,35436.0,35896.0,4272900,KBS
2021-09-09 07:00:00,35942.0,36770.0,35804.0,36770.0,4012200,KBS
2021-09-10 07:00:00,36816.0,36816.0,36080.0,36172.0,3419300,KBS
2021-09-13 07:00:00,36080.0,36172.0,34515.0,34700.0,7507800,KBS
2021-09-14 07:00:00,34515.0,35252.0,34147.0,34976.0,3672700,KBS
2021-09-15 07:00:00,34469.0,35712.0,34469.0,35436.0,2474700,KBS
2021-09-16 07:00:00,35068.0,35712.0,35068.0,35344.0,2233900,KBS
2021-09-17 07:00:00,35436.0,36034.0,34976.0,35482.0,3726500,KBS
2021-09-20 07:00:00,35620.0,35896.0,34423.0,34423.0,4251400,KBS
2021-09-21 07:00:00,33871.0,34377.0,32537.0,33503.0,6765800,KBS
2021-09-22 07:00:00,33595.0,34239.0,33411.0,34055.0,3555500,KBS
2021-09-23 07:00:00,34976.0,35436.0,34055.0,34239.0,3709300,KBS
2021-09-24 07:00:00,34377.0,34976.0,34055.0,34055.0,2891500,KBS
2021-09-27 07:00:00,34423.0,34515.0,32767.0,32767.0,3941900,KBS
2021-09-28 07:00:00,32352.0,33181.0,32168.0,32951.0,4567000,KBS
2021-09-29 07:00:00,32859.0,33687.0,32859.0,33135.0,3525300,KBS
2021-09-30 07:00:00,33549.0,33595.0,33043.0,33043.0,1718800,KBS
2021-10-01 07:00:00,32905.0,33549.0,32675.0,33227.0,2695300,KBS
2021-10-04 07:00:00,33411.0,34561.0,33227.0,34147.0,3461500,KBS
2021-10-05 07:00:00,34377.0,34884.0,34193.0,34515.0,3010400,KBS
2021-10-06 07:00:00,34654.0,35298.0,34561.0,34838.0,2934200,KBS
2021-10-07 07:00:00,35252.0,35528.0,34792.0,35160.0,4038000,KBS
2021-10-08 07:00:00,35252.0,35390.0,34561.0,34654.0,3436200,KBS
2021-10-11 07:00:00,34976.0,35252.0,34607.0,34792.0,2921200,KBS
2021-10-12 07:00:00,35160.0,35160.0,34654.0,34792.0,4797100,KBS
2021-10-13 07:00:00,35259.0,35259.0,34838.0,35072.0,2503600,KBS
2021-10-14 07:00:00,35400.0,36288.0,35166.0,35914.0,4981300,KBS
2021-10-15 07:00:00,36101.0,36475.0,35353.0,35727.0,3561500,KBS
2021-10-18 07:00:00,35727.0,36288.0,35353.0,35400.0,4123800,KBS
2021-10-19 07:00:00,35353.0,35353.0,34792.0,35072.0,3834600,KBS
2021-10-20 07:00:00,35025.0,35353.0,34698.0,35072.0,2719200,KBS
2021-10-21 07:00:00,35353.0,35353.0,34511.0,34698.0,2635600,KBS
2021-10-22 07:00:00,34745.0,35961.0,34698.0,35820.0,5277400,KBS
2021-10-25 07:00:00,36288.0,37644.0,35820.0,36756.0,8643200,KBS
2021-10-26 07:00:00,36756.0,37036.0,36101.0,36896.0,2909900,KBS
2021-10-27 07:00:00,37036.0,38159.0,36709.0,37410.0,6284500,KBS
2021-10-28 07:00:00,37410.0,38252.0,36662.0,37457.0,4757300,KBS
2021-10-29 07:00:00,37878.0,38252.0,36989.0,37223.0,4719000,KBS
2021-11-01 07:00:00,37223.0,37410.0,36475.0,36802.0,5673900,KBS
2021-11-02 07:00:00,36662.0,39374.0,36475.0,39374.0,8464100,KBS
2021-11-03 07:00:00,40497.0,40497.0,36756.0,36756.0,6911300,KBS
2021-11-04 07:00:00,37317.0,38252.0,36756.0,37364.0,4403300,KBS
2021-11-05 07:00:00,37597.0,38065.0,37317.0,37504.0,4264200,KBS
2021-11-08 07:00:00,37784.0,38813.0,37597.0,38065.0,4284000,KBS
2021-11-09 07:00:00,38159.0,38533.0,37738.0,37971.0,3742300,KBS
2021-11-10 07:00:00,38065.0,39094.0,37504.0,38439.0,4584700,KBS
2021-11-11 07:00:00,38579.0,40029.0,37831.0,39187.0,7153900,KBS
2021-11-12 07:00:00,39281.0,39561.0,38159.0,38720.0,2871700,KBS
2021-11-15 07:00:00,38813.0,38953.0,37410.0,37878.0,6689500,KBS
2021-11-16 07:00:00,37831.0,37831.0,36615.0,36802.0,5337500,KBS
2021-11-17 07:00:00,36802.0,38252.0,36475.0,37410.0,3340300,KBS
2021-11-18 07:00:00,37223.0,38018.0,37130.0,37270.0,4020700,KBS
2021-11-19 07:00:00,37317.0,37504.0,34698.0,35259.0,6321200,KBS
2021-11-22 07:00:00,34651.0,35259.0,33295.0,33295.0,5211400,KBS
2021-11-23 07:00:00,32921.0,35072.0,32921.0,35072.0,2446700,KBS
2021-11-24 07:00:00,35119.0,35493.0,34605.0,34792.0,2877700,KBS
2021-11-25 07:00:00,35072.0,36007.0,34979.0,35353.0,2641900,KBS
2021-11-26 07:00:00,35446.0,35540.0,34324.0,34558.0,3374000,KBS
2021-11-29 07:00:00,33669.0,34605.0,33576.0,34417.0,2720900,KBS
2021-11-30 07:00:00,34885.0,36802.0,34885.0,36288.0,7456800,KBS
2021-12-01 07:00:00,36101.0,36475.0,35540.0,36007.0,1971900,KBS
2021-12-02 07:00:00,35633.0,37223.0,35587.0,36148.0,2665700,KBS
2021-12-03 07:00:00,35867.0,36475.0,34137.0,34137.0,3246500,KBS
2021-12-06 07:00:00,34137.0,34792.0,32968.0,33669.0,2693300,KBS
2021-12-07 07:00:00,34137.0,34605.0,33810.0,34230.0,1453800,KBS
2021-12-08 07:00:00,34558.0,35820.0,34277.0,34605.0,1842600,KBS
2021-12-09 07:00:00,34605.0,35306.0,34324.0,34932.0,1609600,KBS
2021-12-10 07:00:00,34885.0,35540.0,34885.0,35072.0,2200700,KBS
2021-12-13 07:00:00,35540.0,36382.0,35166.0,36007.0,2819000,KBS
2021-12-14 07:00:00,36007.0,36522.0,35072.0,35680.0,2696900,KBS
2021-12-15 07:00:00,35540.0,36335.0,35212.0,35306.0,2614900,KBS
2021-12-16 07:00:00,35540.0,35914.0,35259.0,35400.0,1839200,KBS
2021-12-17 07:00:00,35540.0,36475.0,35446.0,35774.0,2964500,KBS
2021-12-20 07:00:00,35727.0,35774.0,35025.0,35166.0,2386600,KBS
2021-12-21 07:00:00,35072.0,35820.0,34698.0,35259.0,2771400,KBS
2021-12-22 07:00:00,35446.0,37364.0,35259.0,36475.0,7887300,KBS
2021-12-23 07:00:00,36802.0,37223.0,35961.0,36475.0,4277100,KBS
2021-12-24 07:00:00,36569.0,37644.0,36288.0,36522.0,3948200,KBS
2021-12-27 07:00:00,36382.0,36662.0,35633.0,36101.0,2791600,KBS
2021-12-28 07:00:00,36101.0,36475.0,35259.0,35400.0,4185300,KBS
2021-12-29 07:00:00,35166.0,35446.0,34417.0,34511.0,6193900,KBS
2021-12-30 07:00:00,34511.0,35025.0,34464.0,34605.0,2382900,KBS
2021-12-31 07:00:00,34792.0,34979.0,34464.0,34558.0,2174700,KBS
2022-01-04 07:00:00,34792.0,35493.0,34605.0,35166.0,2270100,KBS
2022-01-05 07:00:00,35166.0,36194.0,34792.0,35914.0,5612900,KBS
2022-01-06 07:00:00,35540.0,36802.0,35353.0,36101.0,4131600,KBS
2022-01-07 07:00:00,36007.0,36849.0,35727.0,36007.0,2825500,KBS
2022-01-10 07:00:00,36101.0,36662.0,35259.0,35259.0,4463100,KBS
2022-01-11 07:00:00,35166.0,35540.0,34417.0,34417.0,3286400,KBS
2022-01-12 07:00:00,34417.0,34605.0,32781.0,34605.0,4421100,KBS
2022-01-13 07:00:00,34698.0,35072.0,33202.0,33202.0,3359600,KBS
2022-01-14 07:00:00,32921.0,33950.0,32921.0,33389.0,1688300,KBS
2022-01-17 07:00:00,33389.0,33576.0,31097.0,31097.0,4515200,KBS
2022-01-18 07:00:00,30302.0,30864.0,29087.0,29087.0,2899800,KBS
2022-01-19 07:00:00,29648.0,30489.0,29087.0,29741.0,1767500,KBS
2022-01-20 07:00:00,30302.0,30770.0,29741.0,30396.0,1480700,KBS
2022-01-21 07:00:00,30864.0,31191.0,30302.0,30302.0,1671000,KBS
2022-01-24 07:00:00,30302.0,30396.0,28198.0,28198.0,2226300,KBS
2022-01-25 07:00:00,27310.0,29320.0,27310.0,29227.0,1582600,KBS
2022-01-26 07:00:00,29741.0,29788.0,28993.0,28993.0,1067300,KBS
2022-01-27 07:00:00,28993.0,29367.0,28712.0,28712.0,689000,KBS
2022-01-28 07:00:00,28712.0,29180.0,28572.0,29180.0,953700,KBS
2022-02-07 07:00:00,29928.0,30115.0,29648.0,30115.0,865400,KBS
2022-02-08 07:00:00,30209.0,31144.0,30022.0,30864.0,1165800,KBS
2022-02-09 07:00:00,31051.0,31238.0,30676.0,30957.0,1144600,KBS
2022-02-10 07:00:00,31004.0,31518.0,30676.0,31425.0,1461300,KBS
2022-02-11 07:00:00,30957.0,32266.0,30957.0,31752.0,1516300,KBS
2022-02-14 07:00:00,31565.0,31799.0,31051.0,31144.0,1172600,KBS
2022-02-15 07:00:00,30957.0,31425.0,30957.0,31191.0,828900,KBS
2022-02-16 07:00:00,31799.0,31799.0,31471.0,31565.0,760900,KBS
2022-02-17 07:00:00,31799.0,32126.0,31565.0,31799.0,1261900,KBS
2022-02-18 07:00:00,31565.0,31705.0,31284.0,31425.0,1587500,KBS
2022-02-21 07:00:00,31331.0,32453.0,31331.0,32360.0,2336200,KBS
2022-02-22 07:00:00,32313.0,32313.0,31425.0,32033.0,1517100,KBS
2022-02-23 07:00:00,32079.0,33108.0,31799.0,32033.0,2385600,KBS
2022-02-24 07:00:00,32033.0,32547.0,30022.0,31518.0,3123100,KBS
2022-02-25 07:00:00,31986.0,32266.0,31799.0,31799.0,1513200,KBS
2022-02-28 07:00:00,32079.0,32079.0,31331.0,31939.0,1904200,KBS
2022-03-01 07:00:00,31986.0,33529.0,31986.0,33389.0,4755600,KBS
2022-03-02 07:00:00,33763.0,33903.0,33061.0,33108.0,3342300,KBS
2022-03-03 07:00:00,33529.0,33950.0,33389.0,33950.0,2748400,KBS
2022-03-04 07:00:00,34043.0,34371.0,33389.0,33669.0,3156700,KBS
2022-03-07 07:00:00,33669.0,34511.0,33389.0,34371.0,3258000,KBS
2022-03-08 07:00:00,34137.0,35353.0,33763.0,33950.0,3784500,KBS
2022-03-09 07:00:00,33997.0,34230.0,33015.0,33669.0,2164200,KBS
2022-03-10 07:00:00,33856.0,33997.0,33202.0,33248.0,1417000,KBS
2022-03-11 07:00:00,33202.0,33482.0,32220.0,32266.0,2598600,KBS
2022-03-14 07:00:00,32266.0,32266.0,30723.0,31191.0,2343200,KBS
2022-03-15 07:00:00,31051.0,31799.0,31051.0,31658.0,980100,KBS
2022-03-16 07:00:00,31892.0,32173.0,31425.0,31518.0,1256100,KBS
2022-03-17 07:00:00,31799.0,31986.0,31518.0,31612.0,1030400,KBS
2022-03-18 07:00:00,31986.0,31986.0,31705.0,31799.0,1033100,KBS
2022-03-21 07:00:00,32126.0,32407.0,31612.0,32360.0,1452200,KBS
2022-03-22 07:00:00,32547.0,33108.0,32407.0,32407.0,1610600,KBS
2022-03-23 07:00:00,32828.0,33155.0,32453.0,33108.0,1848200,KBS
2022-03-24 07:00:00,32828.0,33155.0,32547.0,32641.0,1861500,KBS
2022-03-25 07:00:00,32641.0,32641.0,32173.0,32453.0,1121600,KBS
2022-03-28 07:00:00,31939.0,32453.0,31612.0,31658.0,2268400,KBS
2022-03-29 07:00:00,31752.0,32453.0,31752.0,32266.0,1184300,KBS
2022-03-30 07:00:00,32079.0,32547.0,31612.0,31658.0,1489600,KBS
2022-03-31 07:00:00,31658.0,32266.0,31612.0,31799.0,1177200,KBS
2022-04-01 07:00:00,31892.0,32500.0,31612.0,32313.0,1687200,KBS
2022-04-04 07:00:00,32734.0,34137.0,32594.0,34137.0,6226000,KBS
2022-04-05 07:00:00,33856.0,34979.0,33669.0,34043.0,3270100,KBS
2022-04-06 07:00:00,33669.0,34605.0,33669.0,34605.0,3663300,KBS
2022-04-07 07:00:00,34605.0,35353.0,33950.0,33950.0,3503800,KBS
2022-04-08 07:00:00,34137.0,34230.0,32547.0,32594.0,2763400,KBS
2022-04-12 07:00:00,32594.0,32828.0,30864.0,30864.0,2770000,KBS
2022-04-13 07:00:00,30864.0,32500.0,30817.0,32266.0,2263400,KBS
2022-04-14 07:00:00,32547.0,33155.0,32173.0,32313.0,1543100,KBS
2022-04-15 07:00:00,32313.0,34137.0,32266.0,33669.0,4280600,KBS
2022-04-18 07:00:00,33342.0,34792.0,33342.0,34417.0,5974700,KBS
2022-04-19 07:00:00,34605.0,34605.0,32734.0,32734.0,2944000,KBS
2022-04-20 07:00:00,32453.0,33202.0,30443.0,30443.0,2849300,KBS
2022-04-21 07:00:00,29507.0,30817.0,28385.0,28525.0,4404800,KBS
2022-04-22 07:00:00,29087.0,29648.0,26561.0,27590.0,4598400,KBS
2022-04-25 07:00:00,27122.0,28058.0,25673.0,25673.0,3146500,KBS
2022-04-26 07:00:00,24784.0,26655.0,23943.0,26655.0,2034200,KBS
2022-04-27 07:00:00,26608.0,27403.0,26000.0,27216.0,1290600,KBS
2022-04-28 07:00:00,27216.0,27356.0,26748.0,26889.0,1095000,KBS
2022-04-29 07:00:00,26561.0,27356.0,26561.0,26982.0,1750200,KBS
2022-05-04 07:00:00,27029.0,27029.0,26234.0,26234.0,1411500,KBS
2022-05-05 07:00:00,26935.0,26935.0,25720.0,26374.0,1271800,KBS
2022-05-06 07:00:00,25907.0,26374.0,25065.0,25065.0,1427000,KBS
2022-05-09 07:00:00,24597.0,24691.0,23335.0,23335.0,2121400,KBS
2022-05-10 07:00:00,22259.0,23335.0,21979.0,23148.0,1743200,KBS
2022-05-11 07:00:00,23148.0,23241.0,22540.0,23007.0,1005000,KBS
2022-05-12 07:00:00,23335.0,23756.0,21417.0,21417.0,1880500,KBS
2022-05-13 07:00:00,21417.0,21511.0,19921.0,19921.0,2327900,KBS
2022-05-16 07:00:00,21277.0,21277.0,20389.0,20435.0,2348100,KBS
2022-05-17 07:00:00,20015.0,21838.0,19640.0,21838.0,2212800,KBS
2022-05-18 07:00:00,22072.0,22399.0,21511.0,21838.0,1896500,KBS
2022-05-19 07:00:00,20950.0,21651.0,20669.0,21464.0,1741600,KBS
2022-05-20 07:00:00,21838.0,22633.0,21464.0,22166.0,2379200,KBS
2022-05-23 07:00:00,22540.0,22774.0,21464.0,22166.0,1286500,KBS
2022-05-24 07:00:00,22119.0,22586.0,21604.0,22586.0,1718300,KBS
2022-05-25 07:00:00,22633.0,23802.0,22353.0,23709.0,2615100,KBS
2022-05-26 07:00:00,23756.0,24130.0,23381.0,23709.0,1505000,KBS
2022-05-27 07:00:00,23802.0,24410.0,23709.0,23849.0,1573800,KBS
2022-05-30 07:00:00,23849.0,24130.0,23756.0,23802.0,1314500,KBS
2022-05-31 07:00:00,23802.0,23802.0,23288.0,23569.0,2363300,KBS
2022-06-01 07:00:00,23381.0,23756.0,23194.0,23522.0,1174200,KBS
2022-06-02 07:00:00,23381.0,24457.0,23335.0,24130.0,2149900,KBS
2022-06-03 07:00:00,24130.0,24176.0,23381.0,23381.0,1654300,KBS
2022-06-06 07:00:00,23381.0,24130.0,23381.0,23522.0,1442800,KBS
2022-06-07 07:00:00,23381.0,23662.0,22633.0,23662.0,1923200,KBS
2022-06-08 07:00:00,24036.0,25299.0,24036.0,25299.0,2880300,KBS
2022-06-09 07:00:00,25907.0,26374.0,25626.0,25673.0,2461800,KBS
2022-06-10 07:00:00,25439.0,26187.0,24317.0,24410.0,2505600,KBS
2022-06-13 07:00:00,23101.0,23943.0,22727.0,22727.0,3143700,KBS
2022-06-14 07:00:00,22353.0,23381.0,21885.0,23148.0,1736900,KBS
2022-06-15 07:00:00,23148.0,23288.0,21558.0,21558.0,2010000,KBS
2022-06-16 07:00:00,22259.0,22680.0,21979.0,21979.0,1704900,KBS
2022-06-17 07:00:00,21137.0,21511.0,20576.0,21230.0,2061100,KBS
2022-06-20 07:00:00,21230.0,21698.0,20295.0,20389.0,2657900,KBS
2022-06-21 07:00:00,20389.0,21043.0,19500.0,20295.0,2340800,KBS
2022-06-22 07:00:00,21043.0,21043.0,20295.0,20389.0,1260600,KBS
2022-06-23 07:00:00,20389.0,21230.0,20389.0,21230.0,874200,KBS
2022-06-24 07:00:00,21371.0,21792.0,21137.0,21277.0,1010400,KBS
2022-06-27 07:00:00,21511.0,21838.0,21277.0,21838.0,1050600,KBS
2022-06-28 07:00:00,21792.0,22259.0,21698.0,21979.0,874500,KBS
2022-06-29 07:00:00,21885.0,21979.0,21043.0,21417.0,1658400,KBS
2022-06-30 07:00:00,21511.0,21698.0,21043.0,21090.0,1028100,KBS
2022-07-01 07:00:00,21043.0,21137.0,20342.0,21137.0,1294600,KBS
2022-07-04 07:00:00,21417.0,21511.0,20669.0,20950.0,692600,KBS
2022-07-05 07:00:00,21230.0,21230.0,20202.0,20202.0,1176800,KBS
2022-07-06 07:00:00,20015.0,20435.0,19500.0,19500.0,1519200,KBS
2022-07-07 07:00:00,19220.0,19827.0,19173.0,19407.0,942200,KBS
2022-07-08 07:00:00,20015.0,20202.0,19640.0,19827.0,931000,KBS
2022-07-11 07:00:00,19968.0,20108.0,19500.0,19594.0,876600,KBS
2022-07-12 07:00:00,19594.0,20950.0,19594.0,20950.0,2467200,KBS
2022-07-13 07:00:00,21324.0,21838.0,21090.0,21090.0,2141700,KBS
2022-07-14 07:00:00,20950.0,21885.0,20950.0,21698.0,1620000,KBS
2022-07-15 07:00:00,21745.0,22166.0,21604.0,21651.0,1779400,KBS
2022-07-18 07:00:00,21885.0,22306.0,21604.0,21698.0,1504400,KBS
2022-07-19 07:00:00,21698.0,21932.0,21184.0,21698.0,1292800,KBS
2022-07-20 07:00:00,22072.0,22586.0,21792.0,22259.0,2476900,KBS
2022-07-21 07:00:00,22353.0,22540.0,22072.0,22166.0,1542500,KBS
2022-07-22 07:00:00,22166.0,22633.0,21979.0,21979.0,1651200,KBS
2022-07-25 07:00:00,21979.0,21979.0,21324.0,21324.0,1193500,KBS
2022-07-26 07:00:00,21371.0,21651.0,21137.0,21277.0,1038100,KBS
2022-07-27 07:00:00,21043.0,21698.0,20950.0,21604.0,1715000,KBS
2022-07-28 07:00:00,21979.0,22540.0,21745.0,22399.0,2558100,KBS
2022-07-29 07:00:00,22586.0,22633.0,22212.0,22353.0,1899000,KBS
2022-08-01 07:00:00,22446.0,23101.0,22259.0,23101.0,2618000,KBS
2022-08-02 07:00:00,22914.0,23475.0,22914.0,23194.0,2205700,KBS
2022-08-03 07:00:00,23148.0,23241.0,22867.0,23101.0,1638900,KBS
2022-08-04 07:00:00,23335.0,23709.0,22914.0,23007.0,1954400,KBS
2022-08-05 07:00:00,23007.0,23148.0,22727.0,23148.0,1844600,KBS
2022-08-08 07:00:00,23194.0,23662.0,23194.0,23475.0,1954300,KBS
2022-08-09 07:00:00,23428.0,23662.0,23335.0,23615.0,1576700,KBS
2022-08-10 07:00:00,23522.0,23615.0,23381.0,23428.0,1453200,KBS
2022-08-11 07:00:00,23615.0,23756.0,22727.0,23101.0,2421500,KBS
2022-08-12 07:00:00,22914.0,23335.0,22914.0,23241.0,995200,KBS
2022-08-15 07:00:00,23615.0,23662.0,23241.0,23241.0,1074300,KBS
2022-08-16 07:00:00,23007.0,23288.0,23007.0,23194.0,1150900,KBS
2022-08-17 07:00:00,23288.0,23381.0,22914.0,22961.0,1710800,KBS
2022-08-18 07:00:00,22727.0,23101.0,22586.0,22774.0,1408000,KBS
2022-08-19 07:00:00,22727.0,22867.0,22399.0,22633.0,1157600,KBS
2022-08-22 07:00:00,22446.0,22540.0,21838.0,22119.0,1947200,KBS
2022-08-23 07:00:00,21838.0,22446.0,21838.0,22399.0,1179400,KBS
2022-08-24 07:00:00,22540.0,22680.0,22306.0,22586.0,1156200,KBS
2022-08-25 07:00:00,22633.0,23802.0,22633.0,23802.0,5087500,KBS
2022-08-26 07:00:00,23849.0,23849.0,23288.0,23756.0,1739300,KBS
2022-08-29 07:00:00,23194.0,23335.0,22446.0,23335.0,2556000,KBS
2022-08-30 07:00:00,23381.0,24925.0,23381.0,24925.0,7996000,KBS
2022-08-31 07:00:00,24925.0,25065.0,24457.0,24644.0,1892400,KBS
2022-09-05 07:00:00,24551.0,25579.0,24504.0,24504.0,2623300,KBS
2022-09-06 07:00:00,24691.0,24971.0,24083.0,24223.0,2683600,KBS
2022-09-07 07:00:00,24317.0,25158.0,24130.0,24130.0,5221400,KBS
2022-09-08 07:00:00,24176.0,24410.0,23381.0,23381.0,2272500,KBS
2022-09-09 07:00:00,23569.0,23709.0,21745.0,23709.0,3553600,KBS
2022-09-12 07:00:00,23943.0,24036.0,23241.0,23381.0,1444400,KBS
2022-09-13 07:00:00,23194.0,23475.0,22961.0,23428.0,1514500,KBS
2022-09-14 07:00:00,22774.0,23381.0,22774.0,23381.0,1835500,KBS
2022-09-15 07:00:00,23569.0,24270.0,23194.0,23849.0,2666700,KBS
2022-09-16 07:00:00,23756.0,23756.0,23007.0,23007.0,1709100,KBS
2022-09-19 07:00:00,23007.0,23007.0,21417.0,21417.0,3152800,KBS
2022-09-20 07:00:00,21511.0,22119.0,21277.0,21979.0,1307700,KBS
2022-09-21 07:00:00,21792.0,22259.0,21698.0,21745.0,846600,KBS
2022-09-22 07:00:00,21604.0,22119.0,21558.0,22072.0,1418900,KBS
2022-09-23 07:00:00,22399.0,22399.0,21745.0,21838.0,1000300,KBS
2022-09-26 07:00:00,21184.0,21651.0,20482.0,21511.0,1974000,KBS
2022-09-27 07:00:00,21464.0,21604.0,21137.0,21277.0,878700,KBS
2022-09-28 07:00:00,20856.0,21324.0,20482.0,20763.0,1053100,KBS
2022-09-29 07:00:00,20997.0,21137.0,19547.0,19547.0,1117200,KBS
2022-09-30 07:00:00,18986.0,19594.0,18238.0,19547.0,1585200,KBS
2022-10-03 07:00:00,19594.0,19594.0,18191.0,18191.0,1141300,KBS
2022-10-04 07:00:00,18331.0,18612.0,17068.0,17068.0,1664400,KBS
2022-10-05 07:00:00,17583.0,17957.0,17396.0,17863.0,1016100,KBS
2022-10-06 07:00:00,17910.0,17910.0,16648.0,16648.0,1505600,KBS
2022-10-07 07:00:00,16554.0,16554.0,15525.0,15525.0,2272400,KBS
2022-10-10 07:00:00,15525.0,16086.0,15011.0,15806.0,1889000,KBS
2022-10-11 07:00:00,15479.0,15806.0,14730.0,14730.0,1989600,KBS
2022-10-12 07:00:00,14059.0,15738.0,14059.0,15306.0,1459700,KBS
2022-10-13 07:00:00,15354.0,15642.0,15258.0,15354.0,799200,KBS
2022-10-14 07:00:00,15930.0,16026.0,15594.0,15786.0,1897700,KBS
2022-10-17 07:00:00,15738.0,15930.0,15354.0,15930.0,1247200,KBS
2022-10-18 07:00:00,16458.0,16458.0,16074.0,16122.0,1253400,KBS
2022-10-19 07:00:00,16266.0,16266.0,15834.0,15882.0,1134100,KBS
2022-10-20 07:00:00,15834.0,16026.0,15498.0,15546.0,1037800,KBS
2022-10-21 07:00:00,15642.0,15642.0,14490.0,14490.0,2124300,KBS
2022-10-24 07:00:00,14394.0,14586.0,13483.0,13483.0,1694700,KBS
2022-10-25 07:00:00,13243.0,13915.0,12571.0,12763.0,2838300,KBS
2022-10-26 07:00:00,12811.0,13435.0,12763.0,12955.0,1293100,KBS
2022-10-27 07:00:00,13099.0,13819.0,13051.0,13819.0,1512300,KBS
2022-10-28 07:00:00,14059.0,14490.0,13771.0,13915.0,1431500,KBS
2022-10-31 07:00:00,14011.0,14107.0,13339.0,13819.0,1102500,KBS
2022-11-01 07:00:00,14107.0,14298.0,13819.0,13915.0,1259100,KBS
2022-11-02 07:00:00,14011.0,14107.0,13627.0,13627.0,1167900,KBS
2022-11-03 07:00:00,13243.0,13915.0,13243.0,13675.0,1203000,KBS
2022-11-04 07:00:00,13435.0,13723.0,12811.0,12811.0,1633200,KBS
2022-11-07 07:00:00,12811.0,13099.0,11947.0,11947.0,1556600,KBS
2022-11-08 07:00:00,11707.0,12523.0,11707.0,12523.0,1174200,KBS
2022-11-09 07:00:00,12763.0,13003.0,12379.0,12763.0,963600,KBS
2022-11-10 07:00:00,12475.0,12715.0,11899.0,11899.0,1906000,KBS
2022-11-11 07:00:00,12139.0,12235.0,11084.0,11084.0,1724700,KBS
2022-11-14 07:00:00,10652.0,11180.0,10316.0,10316.0,1914200,KBS
2022-11-15 07:00:00,10076.0,10412.0,9596.0,9596.0,2906500,KBS
2022-11-16 07:00:00,9164.0,10268.0,8925.0,10268.0,2331500,KBS
2022-11-17 07:00:00,10508.0,10940.0,10460.0,10940.0,1830900,KBS
2022-11-18 07:00:00,11036.0,11659.0,10748.0,11659.0,3215600,KBS
2022-11-21 07:00:00,11947.0,12475.0,11899.0,12475.0,2822100,KBS
2022-11-22 07:00:00,12811.0,13147.0,11755.0,12091.0,3396800,KBS
2022-11-23 07:00:00,12187.0,12427.0,11947.0,12043.0,1361100,KBS
2022-11-24 07:00:00,12043.0,12571.0,11851.0,12475.0,2150000,KBS
2022-11-25 07:00:00,12955.0,13195.0,12667.0,12955.0,2076300,KBS
2022-11-28 07:00:00,13435.0,13627.0,13195.0,13531.0,3057200,KBS
2022-11-29 07:00:00,13771.0,13771.0,12955.0,13579.0,3884700,KBS
2022-11-30 07:00:00,13627.0,14011.0,13243.0,13627.0,3120500,KBS
2022-12-01 07:00:00,13915.0,14538.0,13723.0,14203.0,4151500,KBS
2022-12-02 07:00:00,14394.0,14874.0,13915.0,14874.0,2296800,KBS
2022-12-05 07:00:00,15306.0,15402.0,14778.0,14970.0,2983300,KBS
2022-12-06 07:00:00,14874.0,14874.0,13963.0,13963.0,3836500,KBS
2022-12-07 07:00:00,13819.0,14203.0,13435.0,13435.0,1976000,KBS
2022-12-08 07:00:00,13675.0,14346.0,13675.0,14107.0,1562700,KBS
2022-12-09 07:00:00,14155.0,14634.0,13867.0,14442.0,1872400,KBS
2022-12-12 07:00:00,14634.0,15114.0,14203.0,14203.0,2607000,KBS
2022-12-13 07:00:00,14203.0,14442.0,13723.0,14394.0,2309500,KBS
2022-12-14 07:00:00,14586.0,15162.0,14298.0,14874.0,3425400,KBS
2022-12-15 07:00:00,14778.0,15354.0,14682.0,14970.0,2767900,KBS
2022-12-16 07:00:00,14682.0,15690.0,14682.0,15162.0,3947600,KBS
2022-12-19 07:00:00,15162.0,15498.0,14682.0,14682.0,2375300,KBS
2022-12-20 07:00:00,14586.0,14778.0,13675.0,13723.0,3357800,KBS
2022-12-21 07:00:00,13723.0,14203.0,12955.0,13627.0,2086700,KBS
2022-12-22 07:00:00,13963.0,14011.0,13531.0,13915.0,885000,KBS
2022-12-23 07:00:00,13867.0,14155.0,13579.0,13771.0,1189600,KBS
2022-12-26 07:00:00,13675.0,13819.0,12811.0,12811.0,1934200,KBS
2022-12-27 07:00:00,12811.0,13675.0,12811.0,13675.0,1260800,KBS
2022-12-28 07:00:00,13819.0,13867.0,13483.0,13627.0,656600,KBS
2022-12-29 07:00:00,13627.0,13675.0,13243.0,13243.0,664900,KBS
2022-12-30 07:00:00,13339.0,13531.0,13195.0,13243.0,576400,KBS
2023-01-03 07:00:00,13243.0,14011.0,13243.0,14011.0,2167100,KBS
2023-01-04 07:00:00,14107.0,14394.0,13867.0,14250.0,1944700,KBS
2023-01-05 07:00:00,14298.0,14586.0,14203.0,14298.0,3014500,KBS
2023-01-06 07:00:00,14442.0,14490.0,13531.0,13819.0,2608700,KBS
2023-01-09 07:00:00,14059.0,14107.0,13579.0,13819.0,1739400,KBS
2023-01-10 07:00:00,13627.0,13867.0,13435.0,13819.0,1555100,KBS
2023-01-11 07:00:00,13819.0,14107.0,13819.0,13915.0,1965700,KBS
2023-01-12 07:00:00,14059.0,14298.0,13915.0,14203.0,2004300,KBS
2023-01-13 07:00:00,14346.0,14490.0,13963.0,13963.0,2035700,KBS
2023-01-16 07:00:00,14011.0,14586.0,13867.0,14586.0,3508200,KBS
2023-01-17 07:00:00,14682.0,15114.0,14682.0,15114.0,3919900,KBS
2023-01-18 07:00:00,15210.0,15402.0,14922.0,15354.0,2818100,KBS
2023-01-19 07:00:00,15402.0,15642.0,15258.0,15642.0,2760600,KBS
2023-01-27 07:00:00,16122.0,16362.0,15786.0,16170.0,2606700,KBS
2023-01-30 07:00:00,16506.0,16506.0,15834.0,15834.0,3337600,KBS
2023-01-31 07:00:00,15354.0,16122.0,15258.0,16026.0,3559700,KBS
2023-02-01 07:00:00,16218.0,16218.0,14922.0,14922.0,2983500,KBS
2023-02-02 07:00:00,15066.0,15066.0,14394.0,14634.0,2191000,KBS
2023-02-03 07:00:00,14634.0,14874.0,14442.0,14778.0,1556300,KBS
2023-02-06 07:00:00,14730.0,14970.0,14586.0,14970.0,1201800,KBS
2023-02-07 07:00:00,15114.0,15114.0,14203.0,14203.0,2466000,KBS
2023-02-08 07:00:00,14394.0,14682.0,13963.0,14155.0,1594700,KBS
2023-02-09 07:00:00,14203.0,14586.0,14203.0,14346.0,1330900,KBS
2023-02-10 07:00:00,14394.0,14394.0,14011.0,14059.0,1425300,KBS
2023-02-13 07:00:00,13963.0,14059.0,13243.0,13435.0,2727000,KBS
2023-02-14 07:00:00,13627.0,13723.0,13387.0,13579.0,1157100,KBS
2023-02-15 07:00:00,13627.0,14059.0,13483.0,13915.0,1371600,KBS
2023-02-16 07:00:00,14155.0,14203.0,13915.0,14155.0,1167900,KBS
2023-02-17 07:00:00,14155.0,14394.0,14011.0,14107.0,1149100,KBS
2023-02-20 07:00:00,14250.0,14826.0,14155.0,14826.0,2360700,KBS
2023-02-21 07:00:00,14874.0,15114.0,14730.0,14730.0,1979400,KBS
2023-02-22 07:00:00,14586.0,14634.0,13963.0,13963.0,2357700,KBS
2023-02-23 07:00:00,13963.0,14203.0,13627.0,14203.0,2486700,KBS
2023-02-24 07:00:00,14203.0,14203.0,13723.0,13723.0,956300,KBS
2023-02-27 07:00:00,13675.0,13723.0,13387.0,13387.0,1275700,KBS
2023-02-28 07:00:00,13531.0,13723.0,13291.0,13387.0,898900,KBS
2023-03-01 07:00:00,13435.0,13819.0,13339.0,13819.0,980800,KBS
2023-03-02 07:00:00,13867.0,14059.0,13675.0,13675.0,969300,KBS
2023-03-03 07:00:00,13819.0,13963.0,13531.0,13531.0,1054400,KBS
2023-03-06 07:00:00,13915.0,14059.0,13627.0,13627.0,931100,KBS
2023-03-07 07:00:00,13675.0,13867.0,13675.0,13819.0,560400,KBS
2023-03-08 07:00:00,13675.0,13915.0,13579.0,13915.0,1543100,KBS
2023-03-09 07:00:00,13963.0,14682.0,13963.0,14538.0,3766000,KBS
2023-03-10 07:00:00,14394.0,14682.0,14298.0,14394.0,2676300,KBS
2023-03-13 07:00:00,14203.0,14442.0,14155.0,14346.0,2603900,KBS
2023-03-14 07:00:00,14346.0,14394.0,13723.0,13723.0,2160500,KBS
2023-03-15 07:00:00,14107.0,14586.0,13963.0,14586.0,2069100,KBS
2023-03-16 07:00:00,14394.0,14490.0,14059.0,14250.0,1713400,KBS
2023-03-17 07:00:00,14394.0,14490.0,14203.0,14298.0,1285900,KBS
2023-03-20 07:00:00,14203.0,14298.0,13675.0,13771.0,1912100,KBS
2023-03-21 07:00:00,13819.0,13963.0,13531.0,13867.0,1119900,KBS
2023-03-22 07:00:00,13963.0,14059.0,13867.0,13915.0,1128400,KBS
2023-03-23 07:00:00,13723.0,13963.0,13723.0,13915.0,835200,KBS
2023-03-24 07:00:00,14059.0,14442.0,14011.0,14203.0,2474700,KBS
2023-03-27 07:00:00,14298.0,14394.0,14203.0,14298.0,1528600,KBS
2023-03-28 07:00:00,14442.0,14538.0,14203.0,14203.0,2684300,KBS
2023-03-29 07:00:00,14203.0,14250.0,14011.0,14155.0,1237400,KBS
2023-03-30 07:00:00,14394.0,14394.0,14107.0,14107.0,1526800,KBS
2023-03-31 07:00:00,14107.0,14874.0,14059.0,14874.0,5444100,KBS
2023-04-03 07:00:00,15114.0,15306.0,14970.0,15306.0,3791500,KBS
2023-04-04 07:00:00,15258.0,15306.0,15066.0,15306.0,2975400,KBS
2023-04-05 07:00:00,15258.0,15690.0,15162.0,15546.0,3493000,KBS
2023-04-06 07:00:00,15642.0,15738.0,14970.0,14970.0,4858900,KBS
2023-04-07 07:00:00,15066.0,15258.0,14874.0,15258.0,2323600,KBS
2023-04-10 07:00:00,15450.0,15642.0,15258.0,15258.0,3130300,KBS
2023-04-11 07:00:00,15258.0,15594.0,15066.0,15594.0,2590500,KBS
2023-04-12 07:00:00,15882.0,16122.0,15642.0,15690.0,4955300,KBS
2023-04-13 07:00:00,15738.0,15786.0,15306.0,15306.0,2229200,KBS
2023-04-14 07:00:00,15354.0,15402.0,14682.0,14682.0,4567700,KBS
2023-04-17 07:00:00,14682.0,14874.0,14586.0,14778.0,1375900,KBS
2023-04-18 07:00:00,14874.0,14970.0,14682.0,14874.0,1661200,KBS
2023-04-19 07:00:00,14970.0,15018.0,14394.0,14442.0,1690300,KBS
2023-04-20 07:00:00,14250.0,14682.0,14250.0,14538.0,1198600,KBS
2023-04-21 07:00:00,14490.0,14730.0,14490.0,14490.0,1201700,KBS
2023-04-24 07:00:00,14538.0,14682.0,14346.0,14682.0,758100,KBS
2023-04-25 07:00:00,14730.0,14874.0,14442.0,14490.0,1300200,KBS
2023-04-26 07:00:00,14490.0,14730.0,14394.0,14730.0,1124700,KBS
2023-04-27 07:00:00,14826.0,15162.0,14730.0,14826.0,2552300,KBS
2023-04-28 07:00:00,14922.0,15066.0,14874.0,14922.0,1442200,KBS
2023-05-04 07:00:00,14778.0,15162.0,14778.0,15066.0,2126600,KBS
2023-05-05 07:00:00,15066.0,15114.0,14826.0,14874.0,1470500,KBS
2023-05-08 07:00:00,14922.0,15594.0,14922.0,15546.0,4532500,KBS
2023-05-09 07:00:00,15642.0,15834.0,15498.0,15498.0,3003200,KBS
2023-05-10 07:00:00,15594.0,16170.0,15594.0,16170.0,7679900,KBS
2023-05-11 07:00:00,16218.0,16266.0,15978.0,16026.0,3500600,KBS
2023-05-12 07:00:00,15978.0,16602.0,15882.0,16122.0,4278000,KBS
2023-05-15 07:00:00,16314.0,16314.0,15498.0,15498.0,4435500,KBS
2023-05-16 07:00:00,15546.0,15642.0,15114.0,15354.0,4175000,KBS
2023-05-17 07:00:00,15498.0,15546.0,15210.0,15210.0,2517100,KBS
2023-05-18 07:00:00,15258.0,15450.0,15162.0,15210.0,2303300,KBS
2023-05-19 07:00:00,15258.0,15594.0,15210.0,15594.0,2491400,KBS
2023-05-22 07:00:00,15642.0,15978.0,15594.0,15834.0,2542100,KBS
2023-05-23 07:00:00,15882.0,15930.0,15594.0,15738.0,2720700,KBS
2023-05-24 07:00:00,15834.0,15834.0,15450.0,15450.0,2388500,KBS
2023-05-25 07:00:00,15402.0,16170.0,15402.0,16074.0,5277500,KBS
2023-05-26 07:00:00,16314.0,16698.0,16170.0,16506.0,5412200,KBS
2023-05-29 07:00:00,16506.0,17465.0,16362.0,17465.0,6081800,KBS
2023-05-30 07:00:00,17561.0,17753.0,17129.0,17657.0,4575000,KBS
2023-05-31 07:00:00,17705.0,17705.0,17273.0,17465.0,3137200,KBS
2023-06-01 07:00:00,17609.0,18137.0,17369.0,18041.0,4252900,KBS
2023-06-02 07:00:00,18185.0,18233.0,17849.0,18137.0,2717600,KBS
2023-06-05 07:00:00,18041.0,18137.0,17465.0,17609.0,5242100,KBS
2023-06-06 07:00:00,17465.0,18041.0,17369.0,17993.0,2652400,KBS
2023-06-07 07:00:00,18137.0,18137.0,17705.0,17801.0,3304900,KBS
2023-06-08 07:00:00,17945.0,18521.0,17273.0,17273.0,6661500,KBS
2023-06-09 07:00:00,17321.0,17513.0,16889.0,17321.0,3482100,KBS
2023-06-12 07:00:00,17369.0,17465.0,16985.0,17417.0,3928700,KBS
2023-06-13 07:00:00,17513.0,17657.0,17321.0,17657.0,2887700,KBS
2023-06-14 07:00:00,17753.0,17897.0,17177.0,17177.0,3036900,KBS
2023-06-15 07:00:00,17225.0,17465.0,17081.0,17321.0,2114000,KBS
2023-06-16 07:00:00,17513.0,17801.0,17081.0,17081.0,4286900,KBS
2023-06-19 07:00:00,17129.0,17417.0,16985.0,17177.0,1976400,KBS
2023-06-20 07:00:00,17273.0,18041.0,17273.0,18041.0,3514200,KBS
2023-06-21 07:00:00,18137.0,18713.0,17897.0,18713.0,7490700,KBS
2023-06-22 07:00:00,18857.0,18857.0,18425.0,18569.0,2912600,KBS
2023-06-23 07:00:00,18569.0,18713.0,18185.0,18233.0,3351700,KBS
2023-06-26 07:00:00,18233.0,18809.0,17753.0,18809.0,4848900,KBS
2023-06-27 07:00:00,18905.0,19097.0,18665.0,18809.0,3248900,KBS
2023-06-28 07:00:00,18809.0,19001.0,18377.0,18521.0,2681300,KBS
2023-06-29 07:00:00,18329.0,18617.0,18185.0,18281.0,2831800,KBS
2023-06-30 07:00:00,18377.0,18617.0,18089.0,18617.0,3108600,KBS
2023-07-03 07:00:00,18761.0,19337.0,18665.0,19337.0,5805100,KBS
2023-07-04 07:00:00,19289.0,19480.0,19145.0,19480.0,2821900,KBS
2023-07-05 07:00:00,19528.0,19864.0,19289.0,19289.0,5028900,KBS
2023-07-06 07:00:00,19289.0,19912.0,19145.0,19864.0,4824800,KBS
2023-07-07 07:00:00,19768.0,20440.0,19576.0,20392.0,3953400,KBS
2023-07-10 07:00:00,20392.0,20728.0,20200.0,20392.0,4114700,KBS
2023-07-11 07:00:00,20536.0,20824.0,20392.0,20632.0,3498200,KBS
2023-07-12 07:00:00,20728.0,20728.0,20344.0,20728.0,3022300,KBS
2023-07-13 07:00:00,20632.0,20824.0,20536.0,20776.0,2504800,KBS
2023-07-14 07:00:00,20824.0,20824.0,20488.0,20728.0,2386000,KBS
2023-07-17 07:00:00,20632.0,21400.0,20584.0,21112.0,2698400,KBS
2023-07-18 07:00:00,21208.0,21208.0,20824.0,20968.0,1472600,KBS
2023-07-19 07:00:00,20920.0,21400.0,20824.0,20824.0,3177200,KBS
2023-07-20 07:00:00,20824.0,20920.0,20200.0,20632.0,3169600,KBS
2023-07-21 07:00:00,20728.0,21352.0,20488.0,21112.0,2070400,KBS
2023-07-24 07:00:00,21304.0,21592.0,21016.0,21304.0,1992800,KBS
2023-07-25 07:00:00,21304.0,21400.0,20920.0,20920.0,2336100,KBS
2023-07-26 07:00:00,20920.0,21016.0,20632.0,20728.0,2299500,KBS
2023-07-27 07:00:00,20680.0,20920.0,20584.0,20824.0,2587700,KBS
2023-07-28 07:00:00,20872.0,21256.0,20680.0,21112.0,3955800,KBS
2023-07-31 07:00:00,21400.0,21688.0,21112.0,21448.0,2665400,KBS
2023-08-01 07:00:00,21496.0,21640.0,21064.0,21112.0,3020300,KBS
2023-08-02 07:00:00,20920.0,21112.0,20824.0,21016.0,2040200,KBS
2023-08-03 07:00:00,21016.0,21448.0,20824.0,20920.0,1908000,KBS
2023-08-04 07:00:00,21016.0,21112.0,20776.0,21016.0,2347900,KBS
2023-08-07 07:00:00,21112.0,21880.0,21112.0,21784.0,4317300,KBS
2023-08-08 07:00:00,21880.0,21928.0,21448.0,21688.0,2682200,KBS
2023-08-09 07:00:00,21592.0,21784.0,21256.0,21256.0,2606700,KBS
2023-08-10 07:00:00,21160.0,21352.0,20584.0,20584.0,3053500,KBS
2023-08-11 07:00:00,20584.0,20776.0,19672.0,20248.0,3906500,KBS
2023-08-14 07:00:00,20536.0,20776.0,20296.0,20680.0,2159100,KBS
2023-08-15 07:00:00,20728.0,20968.0,20584.0,20584.0,2436600,KBS
2023-08-16 07:00:00,20488.0,20776.0,20488.0,20488.0,2035600,KBS
2023-08-17 07:00:00,20632.0,20824.0,20392.0,20440.0,2629500,KBS
2023-08-18 07:00:00,20392.0,20440.0,19049.0,19049.0,4869000,KBS
2023-08-21 07:00:00,18713.0,18761.0,18089.0,18521.0,3048800,KBS
2023-08-22 07:00:00,18329.0,18713.0,17465.0,18281.0,2986700,KBS
2023-08-23 07:00:00,18713.0,18809.0,18377.0,18425.0,1001100,KBS
2023-08-24 07:00:00,18425.0,19049.0,18377.0,19001.0,1837300,KBS
2023-08-25 07:00:00,19001.0,19145.0,18809.0,18857.0,1642900,KBS
2023-08-28 07:00:00,19001.0,19432.0,18857.0,19385.0,2407500,KBS
2023-08-29 07:00:00,19624.0,20008.0,19528.0,19816.0,2319700,KBS
2023-08-30 07:00:00,19816.0,20008.0,19385.0,19864.0,2164600,KBS
2023-08-31 07:00:00,20008.0,20968.0,19912.0,20968.0,5976100,KBS
2023-09-05 07:00:00,21352.0,21448.0,20968.0,21112.0,3268500,KBS
2023-09-06 07:00:00,21256.0,21304.0,20776.0,21112.0,3422100,KBS
2023-09-07 07:00:00,21304.0,21928.0,21304.0,21496.0,5152000,KBS
2023-09-08 07:00:00,21256.0,22263.0,21256.0,21784.0,3404000,KBS
2023-09-11 07:00:00,22311.0,22311.0,20872.0,20872.0,4406700,KBS
2023-09-12 07:00:00,21016.0,21784.0,20776.0,21784.0,2385000,KBS
2023-09-13 07:00:00,21880.0,22263.0,21304.0,21400.0,5665700,KBS
2023-09-14 07:00:00,21544.0,21592.0,21064.0,21112.0,2618600,KBS
2023-09-15 07:00:00,21400.0,22071.0,21016.0,21688.0,3130300,KBS
2023-09-18 07:00:00,21832.0,21880.0,20680.0,21256.0,4330900,KBS
2023-09-19 07:00:00,21160.0,21400.0,20824.0,21400.0,2540100,KBS
2023-09-20 07:00:00,21544.0,22167.0,21304.0,22167.0,6505800,KBS
2023-09-21 07:00:00,22359.0,22743.0,22119.0,22263.0,4683800,KBS
2023-09-22 07:00:00,21976.0,21976.0,20968.0,20968.0,5376200,KBS
2023-09-25 07:00:00,20920.0,21496.0,19528.0,19528.0,4890300,KBS
2023-09-26 07:00:00,19480.0,19960.0,18185.0,18185.0,7147500,KBS
2023-09-27 07:00:00,18329.0,19049.0,17801.0,19049.0,4359100,KBS
2023-09-28 07:00:00,19049.0,19049.0,18617.0,18809.0,2073300,KBS
2023-09-29 07:00:00,19097.0,19337.0,18713.0,18713.0,1955800,KBS
2023-10-02 07:00:00,18905.0,19576.0,18713.0,19576.0,2740700,KBS
2023-10-03 07:00:00,19193.0,19337.0,18233.0,18233.0,3931200,KBS
2023-10-04 07:00:00,18281.0,18953.0,18041.0,18713.0,2046900,KBS
2023-10-05 07:00:00,18905.0,19480.0,18857.0,19001.0,4016400,KBS
2023-10-06 07:00:00,19001.0,19528.0,18665.0,19385.0,2399800,KBS
2023-10-09 07:00:00,19576.0,19816.0,19241.0,19576.0,2436000,KBS
2023-10-10 07:00:00,19816.0,19816.0,19241.0,19241.0,3350400,KBS
2023-10-11 07:00:00,19289.0,19864.0,19241.0,19864.0,2187000,KBS
2023-10-12 07:00:00,19912.0,20296.0,19912.0,20008.0,3522600,KBS
2023-10-13 07:00:00,19816.0,20584.0,19768.0,20536.0,4293700,KBS
2023-10-16 07:00:00,20584.0,21064.0,20440.0,20584.0,3658400,KBS
2023-10-17 07:00:00,20776.0,21016.0,19385.0,19385.0,3992400,KBS
2023-10-18 07:00:00,19768.0,20152.0,18713.0,19193.0,3600400,KBS
2023-10-19 07:00:00,19049.0,19672.0,18905.0,19193.0,3130900,KBS
2023-10-20 07:00:00,19289.0,19864.0,18665.0,19672.0,2896100,KBS
2023-10-23 07:00:00,19720.0,19768.0,18761.0,18953.0,2482600,KBS
2023-10-24 07:00:00,19097.0,19672.0,18905.0,19624.0,1732000,KBS
2023-10-25 07:00:00,19720.0,20056.0,19672.0,19672.0,2486500,KBS
2023-10-26 07:00:00,19193.0,19480.0,18329.0,18329.0,4302900,KBS
2023-10-27 07:00:00,18713.0,18713.0,17561.0,18521.0,1471800,KBS
2023-10-30 07:00:00,18521.0,18521.0,17273.0,17273.0,2345000,KBS
2023-10-31 07:00:00,17465.0,17465.0,16170.0,16218.0,2313300,KBS
2023-11-01 07:00:00,16218.0,16698.0,15786.0,16602.0,1479400,KBS
2023-11-02 07:00:00,16841.0,17753.0,16841.0,17753.0,2148500,KBS
2023-11-03 07:00:00,17897.0,17945.0,17465.0,17753.0,1245300,KBS
2023-11-06 07:00:00,17849.0,18041.0,17513.0,17753.0,939200,KBS
2023-11-07 07:00:00,17609.0,18185.0,17417.0,17705.0,1632000,KBS
2023-11-08 07:00:00,17753.0,18905.0,17609.0,18905.0,2532900,KBS
2023-11-09 07:00:00,19097.0,19385.0,18809.0,18905.0,2562000,KBS
2023-11-10 07:00:00,18521.0,19145.0,18521.0,18569.0,2241300,KBS
2023-11-13 07:00:00,18713.0,18857.0,18377.0,18665.0,1633900,KBS
2023-11-14 07:00:00,19001.0,19001.0,18569.0,18905.0,1361200,KBS
2023-11-15 07:00:00,19624.0,19624.0,19049.0,19049.0,2589000,KBS
2023-11-16 07:00:00,19244.0,19244.0,18951.0,19244.0,936200,KBS
2023-11-17 07:00:00,19342.0,19879.0,18658.0,19000.0,3491800,KBS
2023-11-20 07:00:00,18756.0,19635.0,18560.0,19537.0,2992800,KBS
2023-11-21 07:00:00,19830.0,19830.0,19391.0,19586.0,1338500,KBS
2023-11-22 07:00:00,19635.0,19732.0,19342.0,19684.0,3150100,KBS
2023-11-23 07:00:00,19879.0,19879.0,18853.0,18853.0,2776300,KBS
2023-11-24 07:00:00,18853.0,19097.0,18316.0,19097.0,2200900,KBS
2023-11-27 07:00:00,19146.0,19342.0,18853.0,18853.0,1345200,KBS
2023-11-28 07:00:00,18951.0,19146.0,18463.0,19146.0,1256000,KBS
2023-11-29 07:00:00,19244.0,19439.0,19097.0,19391.0,1369700,KBS
2023-11-30 07:00:00,19342.0,19928.0,19342.0,19537.0,3408300,KBS
2023-12-01 07:00:00,19537.0,19732.0,19342.0,19684.0,1179800,KBS
2023-12-04 07:00:00,19879.0,20367.0,19830.0,20123.0,3141500,KBS
2023-12-05 07:00:00,20172.0,20367.0,19977.0,20123.0,2609300,KBS
2023-12-06 07:00:00,20221.0,20319.0,20025.0,20319.0,1853800,KBS
2023-12-07 07:00:00,20319.0,20319.0,19488.0,19732.0,3409800,KBS
2023-12-08 07:00:00,19732.0,19928.0,19537.0,19586.0,1284200,KBS
2023-12-11 07:00:00,19684.0,19879.0,19537.0,19879.0,1128600,KBS
2023-12-12 07:00:00,19977.0,20221.0,19879.0,19879.0,1283200,KBS
2023-12-13 07:00:00,19879.0,20074.0,19488.0,19488.0,1917800,KBS
2023-12-14 07:00:00,19684.0,19732.0,19342.0,19391.0,1055000,KBS
2023-12-15 07:00:00,19391.0,19635.0,19195.0,19439.0,961600,KBS
2023-12-18 07:00:00,19439.0,19439.0,19000.0,19000.0,1003400,KBS
2023-12-19 07:00:00,19000.0,19146.0,18756.0,19146.0,1243600,KBS
2023-12-20 07:00:00,19195.0,19391.0,19049.0,19293.0,789200,KBS
2023-12-21 07:00:00,19244.0,19488.0,19195.0,19439.0,958000,KBS
2023-12-22 07:00:00,19586.0,19781.0,19439.0,19781.0,1995500,KBS
2023-12-25 07:00:00,19830.0,19928.0,19586.0,19732.0,1477400,KBS
2023-12-26 07:00:00,19781.0,20025.0,19732.0,19830.0,1790200,KBS
2023-12-27 07:00:00,19830.0,20025.0,19732.0,19781.0,1275100,KBS
2023-12-28 07:00:00,19879.0,20025.0,19684.0,19830.0,1830100,KBS
2023-12-29 07:00:00,19977.0,20807.0,19977.0,20709.0,7483700,KBS
2024-01-02 07:00:00,20953.0,20953.0,20416.0,20465.0,2681000,KBS
2024-01-03 07:00:00,20416.0,21393.0,20319.0,21100.0,4320100,KBS
2024-01-04 07:00:00,21002.0,21247.0,20905.0,20905.0,2912300,KBS
2024-01-05 07:00:00,21002.0,21442.0,20953.0,21295.0,2868500,KBS
2024-01-08 07:00:00,21491.0,21491.0,21002.0,21002.0,1878400,KBS
2024-01-09 07:00:00,21149.0,21149.0,20514.0,20905.0,3126900,KBS
2024-01-10 07:00:00,20856.0,21100.0,20612.0,21100.0,1652900,KBS
2024-01-11 07:00:00,21100.0,21149.0,20660.0,20709.0,1699700,KBS
2024-01-12 07:00:00,20514.0,20709.0,19830.0,19928.0,3546100,KBS
2024-01-15 07:00:00,20074.0,20416.0,19928.0,20074.0,2017500,KBS
2024-01-16 07:00:00,20025.0,20465.0,20025.0,20465.0,1319800,KBS
2024-01-17 07:00:00,20465.0,20953.0,20416.0,20709.0,2063200,KBS
2024-01-18 07:00:00,20709.0,20905.0,20465.0,20612.0,1784700,KBS
2024-01-19 07:00:00,20612.0,21149.0,20612.0,20807.0,2034500,KBS
2024-01-22 07:00:00,20953.0,20953.0,20367.0,20563.0,2143000,KBS
2024-01-23 07:00:00,20465.0,20563.0,20319.0,20416.0,1485300,KBS
2024-01-24 07:00:00,20367.0,20807.0,20367.0,20416.0,1074100,KBS
2024-01-25 07:00:00,20416.0,20514.0,20319.0,20416.0,664000,KBS
2024-01-26 07:00:00,20514.0,20953.0,20465.0,20953.0,2436000,KBS
2024-01-29 07:00:00,21100.0,22175.0,21100.0,21979.0,6728900,KBS
2024-01-30 07:00:00,21979.0,22761.0,21735.0,22419.0,3698000,KBS
2024-01-31 07:00:00,22565.0,22565.0,21491.0,21882.0,4073900,KBS
2024-02-01 07:00:00,21930.0,23396.0,21930.0,23396.0,5949400,KBS
2024-02-02 07:00:00,23933.0,24324.0,23689.0,24031.0,5668700,KBS
2024-02-05 07:00:00,24226.0,24763.0,23738.0,24470.0,5140900,KBS
2024-02-06 07:00:00,24470.0,24959.0,24226.0,24617.0,2648100,KBS
2024-02-07 07:00:00,24617.0,24812.0,24372.0,24763.0,2757100,KBS
2024-02-15 07:00:00,24812.0,24959.0,24177.0,24372.0,4639300,KBS
2024-02-16 07:00:00,24324.0,26033.0,24275.0,26033.0,7573400,KBS
2024-02-19 07:00:00,26326.0,27547.0,26180.0,26180.0,5352800,KBS
2024-02-20 07:00:00,26277.0,27547.0,25740.0,27547.0,5439800,KBS
2024-02-21 07:00:00,27596.0,27840.0,27059.0,27498.0,3976300,KBS
2024-02-22 07:00:00,27450.0,27645.0,27108.0,27303.0,2740800,KBS
2024-02-23 07:00:00,27450.0,27645.0,26180.0,26912.0,5825900,KBS
2024-02-26 07:00:00,26863.0,28426.0,26668.0,28133.0,7028600,KBS
2024-02-27 07:00:00,28231.0,28719.0,27987.0,28231.0,3318500,KBS
2024-02-28 07:00:00,28231.0,29208.0,27791.0,28231.0,5552600,KBS
2024-02-29 07:00:00,28231.0,28231.0,27498.0,27938.0,4998300,KBS
2024-03-01 07:00:00,27938.0,28573.0,27352.0,28475.0,4188200,KBS
2024-03-04 07:00:00,28964.0,30038.0,28768.0,29110.0,6026300,KBS
2024-03-05 07:00:00,28817.0,29257.0,28671.0,29013.0,2287200,KBS
2024-03-06 07:00:00,28866.0,28964.0,28133.0,28231.0,3513200,KBS
2024-03-07 07:00:00,28182.0,28524.0,27987.0,28426.0,3414800,KBS
2024-03-08 07:00:00,28915.0,29110.0,27840.0,28329.0,5529700,KBS
2024-03-11 07:00:00,28329.0,29647.0,28329.0,28866.0,5766000,KBS
2024-03-12 07:00:00,28866.0,30869.0,28817.0,30869.0,9490400,KBS
2024-03-13 07:00:00,31455.0,32236.0,31064.0,31552.0,3675000,KBS
2024-03-14 07:00:00,31552.0,32383.0,31064.0,32041.0,4827500,KBS
2024-03-15 07:00:00,32041.0,33799.0,31650.0,33799.0,5677900,KBS
2024-03-18 07:00:00,33799.0,34971.0,31455.0,31797.0,13916500,KBS
2024-03-19 07:00:00,31992.0,33115.0,31162.0,31797.0,5437600,KBS
2024-03-20 07:00:00,31894.0,32236.0,31455.0,32041.0,4024600,KBS
2024-03-21 07:00:00,32529.0,32627.0,31845.0,32480.0,4064500,KBS
2024-03-22 07:00:00,32627.0,32920.0,31992.0,32480.0,5647400,KBS
2024-03-25 07:00:00,32041.0,32432.0,30869.0,31162.0,6119700,KBS
2024-03-26 07:00:00,31162.0,33262.0,31113.0,33115.0,5040000,KBS
2024-03-27 07:00:00,33115.0,33115.0,32236.0,32627.0,2580500,KBS
2024-03-28 07:00:00,32773.0,32822.0,32236.0,32285.0,3194600,KBS
2024-03-29 07:00:00,32236.0,32920.0,32138.0,32383.0,3228200,KBS
2024-04-01 07:00:00,32383.0,32578.0,31894.0,32187.0,3763000,KBS
2024-04-02 07:00:00,32041.0,34434.0,31992.0,34434.0,10181700,KBS
2024-04-03 07:00:00,34239.0,34385.0,33457.0,33457.0,3897300,KBS
2024-04-04 07:00:00,33360.0,33604.0,32334.0,32334.0,5221500,KBS
2024-04-05 07:00:00,32041.0,32236.0,30771.0,30771.0,7351500,KBS
2024-04-08 07:00:00,30869.0,31650.0,30575.0,30966.0,3618000,KBS
2024-04-09 07:00:00,31259.0,31601.0,30869.0,31552.0,2029700,KBS
2024-04-10 07:00:00,31699.0,31748.0,30869.0,30917.0,2554900,KBS
2024-04-11 07:00:00,30478.0,31552.0,30429.0,31162.0,2722100,KBS
2024-04-12 07:00:00,31210.0,31504.0,30917.0,31259.0,2989100,KBS
2024-04-15 07:00:00,31259.0,32480.0,29110.0,29110.0,7398600,KBS
2024-04-16 07:00:00,29306.0,29647.0,28622.0,29647.0,5269100,KBS
2024-04-17 07:00:00,29989.0,29989.0,27987.0,27987.0,4711100,KBS
2024-04-19 07:00:00,26863.0,28719.0,26863.0,27450.0,5880600,KBS
2024-04-22 07:00:00,28231.0,28378.0,27547.0,28036.0,2522300,KBS
2024-04-23 07:00:00,27987.0,28231.0,26424.0,26961.0,4113200,KBS
2024-04-24 07:00:00,27450.0,28817.0,27205.0,28817.0,6235900,KBS
2024-04-25 07:00:00,29013.0,29306.0,28475.0,28719.0,3440300,KBS
2024-04-26 07:00:00,28378.0,29745.0,28378.0,29306.0,3970200,KBS
2024-05-02 07:00:00,29306.0,29647.0,28573.0,29306.0,3824600,KBS
2024-05-03 07:00:00,29599.0,29599.0,28671.0,28719.0,3957900,KBS
2024-05-06 07:00:00,29159.0,30527.0,28817.0,30478.0,6482900,KBS
2024-05-07 07:00:00,30575.0,31015.0,30087.0,30722.0,3851600,KBS
2024-05-08 07:00:00,30282.0,31406.0,29794.0,30966.0,5303200,KBS
2024-05-09 07:00:00,31064.0,31943.0,30869.0,31015.0,5780200,KBS
2024-05-10 07:00:00,31064.0,31162.0,30478.0,30917.0,3561300,KBS
2024-05-13 07:00:00,31064.0,31504.0,30575.0,31259.0,3373900,KBS
2024-05-14 07:00:00,31455.0,32090.0,31357.0,31748.0,4214600,KBS
2024-05-15 07:00:00,32090.0,32090.0,31552.0,31992.0,3872800,KBS
2024-05-16 07:00:00,32236.0,32627.0,31748.0,31797.0,4267900,KBS
2024-05-17 07:00:00,31650.0,33360.0,31552.0,32578.0,6321300,KBS
2024-05-20 07:00:00,32871.0,33701.0,32725.0,32822.0,5485900,KBS
2024-05-21 07:00:00,32822.0,32969.0,32138.0,32578.0,4039900,KBS
2024-05-22 07:00:00,33018.0,33164.0,31845.0,32041.0,5201400,KBS
2024-05-23 07:00:00,31845.0,32676.0,31650.0,32627.0,4457900,KBS
2024-05-24 07:00:00,32236.0,34190.0,32041.0,33457.0,12307800,KBS
2024-05-27 07:00:00,33408.0,35118.0,32773.0,34434.0,7430800,KBS
2024-05-28 07:00:00,34678.0,34776.0,34141.0,34776.0,4463400,KBS
2024-05-29 07:00:00,34727.0,36046.0,33994.0,34092.0,6868300,KBS
2024-05-30 07:00:00,33506.0,35411.0,33262.0,35167.0,8152400,KBS
2024-05-31 07:00:00,35264.0,35362.0,34336.0,34336.0,2634500,KBS
2024-06-03 07:00:00,34874.0,34874.0,34190.0,34190.0,4507700,KBS
2024-06-04 07:00:00,34190.0,34922.0,34141.0,34288.0,3282900,KBS
2024-06-05 07:00:00,34678.0,35460.0,34288.0,34336.0,4617800,KBS
2024-06-06 07:00:00,34385.0,34629.0,33799.0,33994.0,3062400,KBS
2024-06-07 07:00:00,34092.0,34385.0,33994.0,34190.0,2124000,KBS
2024-06-10 07:00:00,34434.0,35899.0,34434.0,35362.0,6186600,KBS
2024-06-11 07:00:00,35460.0,35606.0,34434.0,34776.0,4490900,KBS
2024-06-12 07:00:00,34581.0,34971.0,34239.0,34922.0,3275500,KBS
2024-06-13 07:00:00,35118.0,35118.0,34483.0,34532.0,3580700,KBS
2024-06-14 07:00:00,34581.0,34874.0,32236.0,32236.0,5510300,KBS
2024-06-17 07:00:00,32627.0,33115.0,32236.0,32578.0,5119400,KBS
2024-06-18 07:00:00,33018.0,33506.0,32725.0,33164.0,2555200,KBS
2024-06-19 07:00:00,33164.0,33213.0,32627.0,32822.0,3074300,KBS
2024-06-20 07:00:00,32725.0,33213.0,32627.0,33213.0,2558700,KBS
2024-06-21 07:00:00,33213.0,34043.0,33213.0,33750.0,3665100,KBS
2024-06-24 07:00:00,33262.0,33604.0,32236.0,32236.0,4719500,KBS
2024-06-25 07:00:00,32480.0,32920.0,32236.0,32822.0,2336500,KBS
2024-06-26 07:00:00,33164.0,35118.0,32822.0,35118.0,10259700,KBS
2024-06-27 07:00:00,35118.0,35948.0,34483.0,35167.0,6491300,KBS
2024-06-28 07:00:00,35167.0,35216.0,32725.0,33408.0,7376400,KBS
2024-07-01 07:00:00,33408.0,33653.0,32822.0,33506.0,3247900,KBS
2024-07-02 07:00:00,33653.0,33994.0,33360.0,33799.0,2052100,KBS
2024-07-03 07:00:00,33799.0,34288.0,33604.0,33799.0,3127200,KBS
2024-07-04 07:00:00,33701.0,34727.0,33360.0,34190.0,5654700,KBS
2024-07-05 07:00:00,34190.0,34629.0,33799.0,34288.0,3118000,KBS
2024-07-08 07:00:00,34532.0,35655.0,34288.0,35655.0,6637100,KBS
2024-07-09 07:00:00,36534.0,37609.0,36290.0,37120.0,8135400,KBS
2024-07-10 07:00:00,37267.0,37413.0,36144.0,36144.0,5595000,KBS
2024-07-11 07:00:00,36632.0,36925.0,35802.0,36095.0,3800800,KBS
2024-07-12 07:00:00,36095.0,37316.0,35851.0,37023.0,5392500,KBS
2024-07-15 07:00:00,37023.0,38097.0,36730.0,37609.0,4631600,KBS
2024-07-16 07:00:00,37609.0,37853.0,36925.0,37316.0,3256100,KBS
2024-07-17 07:00:00,37316.0,37316.0,34727.0,34727.0,10716900,KBS
2024-07-18 07:00:00,34727.0,35606.0,33994.0,35216.0,3847700,KBS
2024-07-19 07:00:00,35216.0,35216.0,33653.0,33701.0,5131800,KBS
2024-07-22 07:00:00,33213.0,33311.0,31845.0,31992.0,6232700,KBS
2024-07-23 07:00:00,32236.0,32676.0,29892.0,29892.0,3977100,KBS
2024-07-24 07:00:00,29892.0,31943.0,29403.0,31943.0,5005100,KBS
2024-07-25 07:00:00,31943.0,32285.0,31308.0,32236.0,1939700,KBS
2024-07-26 07:00:00,32285.0,33066.0,32138.0,32334.0,2930200,KBS
2024-07-29 07:00:00,32725.0,32725.0,32334.0,32725.0,2070300,KBS
2024-07-30 07:00:00,32822.0,33018.0,31748.0,32480.0,2018800,KBS
2024-07-31 07:00:00,32480.0,32969.0,32090.0,32236.0,2859400,KBS
2024-08-01 07:00:00,32432.0,32480.0,30234.0,30673.0,3734300,KBS
2024-08-02 07:00:00,29989.0,31650.0,29989.0,31601.0,2308900,KBS
2024-08-05 07:00:00,30966.0,31552.0,29403.0,29403.0,4195100,KBS
2024-08-06 07:00:00,30575.0,31015.0,29696.0,30624.0,3084900,KBS
2024-08-07 07:00:00,30771.0,31894.0,30575.0,31797.0,4143000,KBS
2024-08-08 07:00:00,31357.0,32041.0,30917.0,31162.0,3006900,KBS
2024-08-09 07:00:00,31845.0,32041.0,31504.0,31748.0,2928100,KBS
2024-08-12 07:00:00,31797.0,32676.0,31650.0,32432.0,2727400,KBS
2024-08-13 07:00:00,32432.0,32480.0,31992.0,32334.0,1986100,KBS
2024-08-14 07:00:00,32432.0,33018.0,32138.0,32627.0,2924300,KBS
2024-08-15 07:00:00,32529.0,32529.0,31845.0,31894.0,1954700,KBS
2024-08-16 07:00:00,32236.0,34043.0,32187.0,33750.0,4684900,KBS
2024-08-19 07:00:00,33799.0,34141.0,33701.0,33946.0,2026300,KBS
2024-08-20 07:00:00,33848.0,34776.0,33653.0,34288.0,3129900,KBS
2024-08-21 07:00:00,34288.0,34483.0,33799.0,34434.0,2076700,KBS
2024-08-22 07:00:00,34776.0,34776.0,33897.0,33994.0,2104500,KBS
2024-08-23 07:00:00,33994.0,34629.0,33799.0,34629.0,2069000,KBS
2024-08-26 07:00:00,35264.0,35362.0,34239.0,34239.0,1970400,KBS
2024-08-27 07:00:00,34190.0,34288.0,33897.0,34141.0,1419700,KBS
2024-08-28 07:00:00,34385.0,35264.0,34239.0,34825.0,4322400,KBS
2024-08-29 07:00:00,34922.0,35069.0,34483.0,34483.0,874100,KBS
2024-08-30 07:00:00,34532.0,34971.0,34434.0,34532.0,1249100,KBS
2024-09-04 07:00:00,33994.0,34141.0,32627.0,33897.0,3842300,KBS
2024-09-05 07:00:00,34043.0,34092.0,33066.0,33115.0,2268600,KBS
2024-09-06 07:00:00,32920.0,33799.0,32871.0,33701.0,1687800,KBS
2024-09-09 07:00:00,33653.0,33897.0,33213.0,33701.0,1066300,KBS
2024-09-10 07:00:00,33799.0,34043.0,33115.0,33311.0,1778700,KBS
2024-09-11 07:00:00,33311.0,33750.0,32822.0,33311.0,1827400,KBS
2024-09-12 07:00:00,33604.0,34336.0,33506.0,33750.0,2146700,KBS
2024-09-13 07:00:00,33994.0,33994.0,33604.0,33799.0,844400,KBS
2024-09-16 07:00:00,33897.0,34385.0,33799.0,34092.0,3306400,KBS
2024-09-17 07:00:00,34092.0,34776.0,33946.0,34776.0,2885400,KBS
2024-09-18 07:00:00,35020.0,35509.0,34727.0,34727.0,3875900,KBS
2024-09-19 07:00:00,34874.0,34971.0,34385.0,34874.0,2640000,KBS
2024-09-20 07:00:00,35460.0,35460.0,34678.0,34776.0,2374700,KBS
2024-09-23 07:00:00,34776.0,34874.0,34483.0,34727.0,1808400,KBS
2024-09-24 07:00:00,34581.0,35460.0,34581.0,35313.0,3633500,KBS
2024-09-25 07:00:00,35509.0,35606.0,35118.0,35167.0,3793400,KBS
2024-09-26 07:00:00,35655.0,36046.0,35264.0,35557.0,3546000,KBS
2024-09-27 07:00:00,35802.0,35802.0,35069.0,35167.0,2615100,KBS
2024-09-30 07:00:00,35264.0,35264.0,34776.0,34922.0,1844800,KBS
2024-10-01 07:00:00,35264.0,35802.0,35069.0,35167.0,4110800,KBS
2024-10-02 07:00:00,35069.0,35753.0,35069.0,35313.0,2572200,KBS
2024-10-03 07:00:00,35362.0,35606.0,34336.0,34727.0,3456300,KBS
2024-10-04 07:00:00,34922.0,34922.0,34092.0,34092.0,2301700,KBS
2024-10-07 07:00:00,34190.0,34385.0,33750.0,33994.0,1552900,KBS
2024-10-08 07:00:00,33994.0,34532.0,33994.0,34239.0,1379100,KBS
2024-10-09 07:00:00,34434.0,34825.0,34434.0,34825.0,1840800,KBS
2024-10-10 07:00:00,34971.0,35313.0,34825.0,34825.0,2462700,KBS
2024-10-11 07:00:00,34874.0,35069.0,34434.0,34678.0,2128300,KBS
2024-10-14 07:00:00,35069.0,35606.0,34776.0,35460.0,4002000,KBS
2024-10-15 07:00:00,35460.0,35606.0,34776.0,34922.0,2210200,KBS
2024-10-16 07:00:00,34874.0,35264.0,34776.0,35264.0,2253700,KBS
2024-10-17 07:00:00,35264.0,35264.0,34532.0,35167.0,2683300,KBS
2024-10-18 07:00:00,35167.0,35899.0,34971.0,35020.0,4558800,KBS
2024-10-21 07:00:00,35020.0,35167.0,34385.0,34385.0,1962200,KBS
2024-10-22 07:00:00,34483.0,34532.0,31992.0,32969.0,8186400,KBS
2024-10-23 07:00:00,33066.0,33066.0,32285.0,32725.0,2834600,KBS
2024-10-24 07:00:00,32822.0,33018.0,31943.0,32138.0,3868400,KBS
2024-10-25 07:00:00,32334.0,32334.0,31455.0,31504.0,2905000,KBS
2024-10-28 07:00:00,31552.0,31943.0,31357.0,31748.0,2184400,KBS
2024-10-29 07:00:00,32041.0,32285.0,31894.0,32187.0,1808800,KBS
2024-10-30 07:00:00,32187.0,32432.0,31845.0,31943.0,1420900,KBS
2024-10-31 07:00:00,32041.0,32236.0,31894.0,32138.0,1348200,KBS
2024-11-01 07:00:00,31943.0,31943.0,31308.0,31552.0,2875500,KBS
2024-11-04 07:00:00,31748.0,31748.0,30722.0,30820.0,2648300,KBS
2024-11-05 07:00:00,31064.0,31601.0,30917.0,31357.0,2156300,KBS
2024-11-06 07:00:00,31748.0,33066.0,31650.0,32969.0,4992000,KBS
2024-11-07 07:00:00,33213.0,33213.0,32334.0,32578.0,3116400,KBS
2024-11-08 07:00:00,32627.0,32822.0,32090.0,32138.0,3288000,KBS
2024-11-11 07:00:00,32138.0,32627.0,31943.0,32627.0,2587400,KBS
2024-11-12 07:00:00,32676.0,32920.0,32138.0,32138.0,2059300,KBS
2024-11-13 07:00:00,31943.0,32187.0,31601.0,31797.0,2498000,KBS
2024-11-14 07:00:00,32043.0,32043.0,30909.0,31057.0,2776900,KBS
2024-11-15 07:00:00,30761.0,31353.0,30367.0,30564.0,3097000,KBS
2024-11-18 07:00:00,30564.0,31106.0,29874.0,30712.0,2509300,KBS
2024-11-19 07:00:00,30761.0,30959.0,29923.0,29973.0,2306700,KBS
2024-11-20 07:00:00,29973.0,30860.0,29578.0,30367.0,2657000,KBS
2024-11-21 07:00:00,30367.0,30860.0,30170.0,30761.0,1808500,KBS
2024-11-22 07:00:00,30663.0,30860.0,30416.0,30466.0,1785700,KBS
2024-11-25 07:00:00,30466.0,30761.0,30367.0,30466.0,2182500,KBS
2024-11-26 07:00:00,30564.0,31156.0,30564.0,30860.0,2765200,KBS
2024-11-27 07:00:00,31057.0,31057.0,30712.0,30811.0,1369700,KBS
2024-11-28 07:00:00,30860.0,31353.0,30860.0,30909.0,2401700,KBS
2024-11-29 07:00:00,30909.0,31057.0,30761.0,30860.0,1809200,KBS
2024-12-02 07:00:00,31057.0,31254.0,30909.0,31008.0,1918400,KBS
2024-12-03 07:00:00,31156.0,31156.0,30466.0,30466.0,2569400,KBS
2024-12-04 07:00:00,30466.0,30564.0,29923.0,29923.0,2916000,KBS
2024-12-05 07:00:00,29973.0,31057.0,29677.0,30909.0,2958200,KBS
2024-12-06 07:00:00,31057.0,32339.0,30909.0,31599.0,5687900,KBS
2024-12-09 07:00:00,31649.0,31846.0,31550.0,31649.0,2153900,KBS
2024-12-10 07:00:00,31797.0,31846.0,31254.0,31304.0,1802500,KBS
2024-12-11 07:00:00,31304.0,31501.0,30811.0,31008.0,2909400,KBS
2024-12-12 07:00:00,31156.0,31747.0,31156.0,31205.0,2559700,KBS
2024-12-13 07:00:00,31156.0,31205.0,30909.0,30959.0,1142900,KBS
2024-12-16 07:00:00,30959.0,31156.0,30613.0,30761.0,1315600,KBS
2024-12-17 07:00:00,31008.0,31008.0,30663.0,30663.0,948600,KBS
2024-12-18 07:00:00,30663.0,30909.0,30613.0,30909.0,762900,KBS
2024-12-19 07:00:00,30466.0,30712.0,30318.0,30466.0,2228300,KBS
2024-12-20 07:00:00,30564.0,30761.0,30416.0,30466.0,956600,KBS
2024-12-23 07:00:00,30860.0,31008.0,30268.0,30416.0,1803400,KBS
2024-12-24 07:00:00,30416.0,30712.0,30219.0,30268.0,1861800,KBS
2024-12-25 07:00:00,30416.0,31057.0,30416.0,30663.0,2092700,KBS
2024-12-26 07:00:00,30860.0,30860.0,30416.0,30466.0,1144000,KBS
2024-12-27 07:00:00,30466.0,30761.0,30268.0,30268.0,1609600,KBS
2024-12-30 07:00:00,30268.0,30268.0,30120.0,30120.0,1070600,KBS
2024-12-31 07:00:00,30219.0,30219.0,29923.0,29923.0,1178200,KBS
2025-01-02 07:00:00,30071.0,30367.0,30022.0,30071.0,946400,KBS
2025-01-03 07:00:00,30170.0,30318.0,29874.0,29874.0,1619700,KBS
2025-01-06 07:00:00,29874.0,30170.0,28987.0,28987.0,2127100,KBS
2025-01-07 07:00:00,29036.0,29282.0,27606.0,27902.0,3865500,KBS
2025-01-08 07:00:00,27902.0,28789.0,27163.0,28247.0,2445900,KBS
2025-01-09 07:00:00,28395.0,28691.0,28198.0,28198.0,1108600,KBS
2025-01-10 07:00:00,28198.0,28444.0,27606.0,27606.0,1211900,KBS
2025-01-13 07:00:00,27754.0,27853.0,27212.0,27705.0,947000,KBS
2025-01-14 07:00:00,27705.0,27951.0,27360.0,27360.0,901200,KBS
2025-01-15 07:00:00,27754.0,27853.0,27458.0,27804.0,680400,KBS
2025-01-16 07:00:00,28099.0,28346.0,27902.0,28050.0,730300,KBS
2025-01-17 07:00:00,28001.0,28789.0,28001.0,28346.0,1314400,KBS
2025-01-20 07:00:00,28740.0,28740.0,28247.0,28296.0,1012900,KBS
2025-01-21 07:00:00,28444.0,28592.0,28001.0,28001.0,1030100,KBS
2025-01-22 07:00:00,28050.0,28198.0,27606.0,27606.0,1362800,KBS
2025-01-23 07:00:00,27606.0,28296.0,27606.0,28050.0,1461800,KBS
2025-01-24 07:00:00,28198.0,28543.0,28198.0,28395.0,1613200,KBS
2025-02-03 07:00:00,28543.0,29480.0,28395.0,28839.0,2989200,KBS
2025-02-04 07:00:00,29135.0,29233.0,28888.0,29085.0,1364800,KBS
2025-02-05 07:00:00,29135.0,29332.0,28888.0,29036.0,1266300,KBS
2025-02-06 07:00:00,29282.0,29282.0,28740.0,28789.0,1349500,KBS
2025-02-07 07:00:00,28789.0,29529.0,28691.0,28987.0,2297000,KBS
2025-02-10 07:00:00,28987.0,28987.0,28395.0,28395.0,1699500,KBS
2025-02-11 07:00:00,28543.0,28543.0,28247.0,28494.0,1079300,KBS
2025-02-12 07:00:00,28740.0,28888.0,28346.0,28346.0,958300,KBS
2025-02-13 07:00:00,28395.0,29184.0,28346.0,29036.0,2968500,KBS
2025-02-14 07:00:00,29381.0,30564.0,29332.0,29923.0,5564300,KBS
2025-02-17 07:00:00,30022.0,30811.0,30022.0,30120.0,4781800,KBS
2025-02-18 07:00:00,30318.0,30416.0,29923.0,30416.0,2969100,KBS
2025-02-19 07:00:00,30761.0,31304.0,30416.0,31205.0,6110400,KBS
2025-02-20 07:00:00,31254.0,32043.0,30959.0,31895.0,6240800,KBS
2025-02-21 07:00:00,31895.0,32043.0,31304.0,31944.0,3890300,KBS
2025-02-24 07:00:00,31994.0,32142.0,31451.0,31994.0,3295100,KBS
2025-02-25 07:00:00,32043.0,32092.0,31402.0,31649.0,2746800,KBS
2025-02-26 07:00:00,31846.0,32437.0,31747.0,32142.0,4286200,KBS
2025-02-27 07:00:00,32092.0,32240.0,31451.0,32240.0,3126500,KBS
2025-02-28 07:00:00,32240.0,33325.0,31895.0,32930.0,6457800,KBS
2025-03-03 07:00:00,33128.0,33177.0,32536.0,32635.0,2783900,KBS
2025-03-04 07:00:00,32536.0,33473.0,32437.0,33029.0,5964800,KBS
2025-03-05 07:00:00,33128.0,33128.0,32536.0,32536.0,2713400,KBS
2025-03-06 07:00:00,32536.0,33522.0,32536.0,33522.0,4939600,KBS
2025-03-07 07:00:00,33522.0,33621.0,33029.0,33029.0,3000600,KBS
2025-03-10 07:00:00,33128.0,33226.0,32684.0,32832.0,2626600,KBS
2025-03-11 07:00:00,32536.0,32980.0,31846.0,32930.0,3157200,KBS
2025-03-12 07:00:00,32832.0,32930.0,32339.0,32339.0,2208000,KBS
2025-03-13 07:00:00,32437.0,33275.0,32290.0,32536.0,4500600,KBS
2025-03-14 07:00:00,32536.0,33177.0,32487.0,32832.0,4168200,KBS
2025-03-17 07:00:00,32881.0,32980.0,32388.0,32585.0,2746500,KBS
2025-03-18 07:00:00,32733.0,33275.0,32487.0,32930.0,4240900,KBS
2025-03-19 07:00:00,32930.0,34853.0,32832.0,34311.0,8590800,KBS
2025-03-20 07:00:00,34508.0,34508.0,33522.0,34015.0,2368900,KBS
2025-03-21 07:00:00,34015.0,34804.0,33867.0,34064.0,4101100,KBS
2025-03-24 07:00:00,34064.0,34114.0,33226.0,33670.0,2533500,KBS
2025-03-25 07:00:00,33818.0,34853.0,33423.0,34114.0,4845000,KBS
2025-03-26 07:00:00,34015.0,34409.0,33768.0,34015.0,2813400,KBS
2025-03-27 07:00:00,34064.0,34656.0,34015.0,34459.0,3998000,KBS
2025-03-28 07:00:00,34557.0,35099.0,34311.0,34311.0,4680600,KBS
2025-03-31 07:00:00,34163.0,34311.0,31944.0,31944.0,9067500,KBS
2025-04-01 07:00:00,31994.0,32290.0,31156.0,31402.0,3786400,KBS
2025-04-02 07:00:00,31501.0,31846.0,31254.0,31451.0,1929900,KBS
2025-04-03 07:00:00,29282.0,29677.0,29282.0,29282.0,3332700,KBS
2025-04-04 07:00:00,27261.0,27261.0,27261.0,27261.0,1437200,KBS
2025-04-08 07:00:00,25388.0,25388.0,25388.0,25388.0,461900,KBS
2025-04-09 07:00:00,23613.0,23613.0,23613.0,23613.0,459100,KBS
2025-04-10 07:00:00,25240.0,25240.0,25240.0,25240.0,2523800,KBS
2025-04-11 07:00:00,24156.0,26423.0,23515.0,25634.0,10906200,KBS
2025-04-14 07:00:00,26867.0,26916.0,25437.0,25832.0,4547200,KBS
2025-04-15 07:00:00,25191.0,25634.0,24057.0,24057.0,6815900,KBS
2025-04-16 07:00:00,23761.0,24648.0,23170.0,23170.0,6426600,KBS
2025-04-17 07:00:00,23022.0,24057.0,23022.0,23860.0,4874600,KBS
2025-04-18 07:00:00,24451.0,24451.0,24156.0,24156.0,3253400,KBS
2025-04-21 07:00:00,24156.0,24254.0,23268.0,23367.0,2932600,KBS
2025-04-22 07:00:00,23268.0,23317.0,21740.0,21986.0,6821400,KBS
2025-04-23 07:00:00,22529.0,23268.0,21395.0,22825.0,6047400,KBS
2025-04-24 07:00:00,23071.0,24156.0,22972.0,23219.0,5767100,KBS
2025-04-25 07:00:00,23317.0,23663.0,23219.0,23465.0,3552300,KBS
2025-04-28 07:00:00,23663.0,23663.0,22825.0,23170.0,2733400,KBS
2025-04-29 07:00:00,23170.0,23663.0,22972.0,23367.0,3078300,KBS
2025-05-05 07:00:00,23761.0,24550.0,23663.0,24501.0,5919600,KBS
2025-05-06 07:00:00,24796.0,24796.0,23958.0,23958.0,4005900,KBS
2025-05-07 07:00:00,23860.0,24796.0,23860.0,24501.0,4378300,KBS
2025-05-08 07:00:00,24796.0,26177.0,24747.0,26177.0,10064000,KBS
2025-05-09 07:00:00,26620.0,26818.0,25930.0,26275.0,5752200,KBS
2025-05-12 07:00:00,26423.0,27754.0,26374.0,27557.0,8097300,KBS
2025-05-13 07:00:00,27951.0,28444.0,27853.0,28247.0,6543300,KBS
2025-05-14 07:00:00,28296.0,28296.0,27458.0,27606.0,5543500,KBS
2025-05-15 07:00:00,27705.0,27902.0,27064.0,27705.0,4569500,KBS
2025-05-16 07:00:00,27705.0,27804.0,27311.0,27311.0,2693400,KBS
2025-05-19 07:00:00,27113.0,27656.0,26818.0,26818.0,3455100,KBS
2025-05-20 07:00:00,26818.0,27606.0,26620.0,27311.0,3284000,KBS
2025-05-21 07:00:00,27557.0,27557.0,26768.0,26916.0,2845700,KBS
2025-05-22 07:00:00,26867.0,27311.0,26472.0,26472.0,3665000,KBS
2025-05-23 07:00:00,26620.0,26818.0,26275.0,26620.0,1813500,KBS
2025-05-26 07:00:00,26818.0,28444.0,26127.0,28444.0,7422100,KBS
2025-05-27 07:00:00,28987.0,29085.0,28691.0,28987.0,5066500,KBS
2025-05-28 07:00:00,29085.0,29973.0,28839.0,29233.0,5838800,KBS
2025-05-29 07:00:00,29874.0,29874.0,28937.0,28987.0,4316900,KBS
2025-05-30 07:00:00,29085.0,29085.0,28198.0,28296.0,3261500,KBS
2025-06-02 07:00:00,28149.0,28937.0,28149.0,28888.0,3274700,KBS
2025-06-03 07:00:00,28987.0,29233.0,28839.0,29085.0,3373000,KBS
2025-06-04 07:00:00,29282.0,29430.0,28642.0,28740.0,2090200,KBS
2025-06-05 07:00:00,28789.0,29282.0,28691.0,28789.0,2329100,KBS
2025-06-06 07:00:00,28839.0,29282.0,27902.0,27951.0,2886200,KBS
2025-06-09 07:00:00,28050.0,28247.0,26965.0,27311.0,2841100,KBS
2025-06-10 07:00:00,27508.0,28099.0,27360.0,27754.0,1650100,KBS
2025-06-11 07:00:00,28050.0,28050.0,27212.0,27360.0,1332600,KBS
2025-06-12 07:00:00,27606.0,28395.0,27606.0,28149.0,2196400,KBS
2025-06-13 07:00:00,27705.0,27902.0,26620.0,26818.0,5880100,KBS
2025-06-16 07:00:00,26818.0,27606.0,26818.0,27606.0,1588300,KBS
2025-06-17 07:00:00,27804.0,28494.0,27656.0,28494.0,4712300,KBS
2025-06-18 07:00:00,28592.0,29036.0,28346.0,28592.0,3837000,KBS
2025-06-19 07:00:00,28592.0,30022.0,28592.0,29480.0,7153300,KBS
2025-06-20 07:00:00,29529.0,29529.0,28691.0,28789.0,2306100,KBS
2025-06-23 07:00:00,28444.0,30367.0,28050.0,29381.0,4683800,KBS
2025-06-24 07:00:00,29775.0,29775.0,29036.0,29233.0,5252900,KBS
2025-06-25 07:00:00,29578.0,30909.0,29282.0,30367.0,6556600,KBS
2025-06-26 07:00:00,30367.0,30466.0,29825.0,30071.0,1932500,KBS
2025-06-27 07:00:00,30367.0,30663.0,29923.0,29923.0,2310700,KBS
2025-06-30 07:00:00,30120.0,30515.0,29726.0,29874.0,2514100,KBS
2025-07-01 07:00:00,30219.0,30860.0,29973.0,30712.0,5298600,KBS
2025-07-02 07:00:00,30761.0,31944.0,30663.0,30811.0,4471900,KBS
2025-07-03 07:00:00,30022.0,30219.0,28839.0,29184.0,13342000,KBS
2025-07-04 07:00:00,29184.0,29480.0,28691.0,28888.0,5120900,KBS
2025-07-07 07:00:00,29282.0,29677.0,29135.0,29332.0,2774500,KBS
2025-07-08 07:00:00,30071.0,30120.0,29381.0,29578.0,4327300,KBS
2025-07-09 07:00:00,29825.0,29825.0,29381.0,29430.0,3949300,KBS
2025-07-10 07:00:00,29480.0,30219.0,29332.0,29677.0,5198000,KBS
2025-07-11 07:00:00,29874.0,30022.0,29578.0,29578.0,3276400,KBS
2025-07-14 07:00:00,29874.0,30466.0,29233.0,30219.0,5703300,KBS
2025-07-15 07:00:00,30268.0,30416.0,29677.0,29677.0,4106500,KBS
2025-07-16 07:00:00,29775.0,29874.0,29430.0,29430.0,4022600,KBS
2025-07-17 07:00:00,29677.0,30268.0,29480.0,29627.0,6703000,KBS
2025-07-18 07:00:00,30071.0,30712.0,29726.0,29973.0,6173600,KBS
2025-07-21 07:00:00,30170.0,30860.0,30022.0,30170.0,5345100,KBS
2025-07-22 07:00:00,30071.0,30268.0,29677.0,30022.0,3675700,KBS
2025-07-23 07:00:00,30219.0,30761.0,30170.0,30613.0,6916300,KBS
2025-07-24 07:00:00,31057.0,31698.0,30613.0,31205.0,6627900,KBS
2025-07-25 07:00:00,31402.0,31402.0,30761.0,30761.0,5447000,KBS
2025-07-28 07:00:00,30860.0,31501.0,30613.0,30959.0,9787300,KBS
2025-07-29 07:00:00,31353.0,31550.0,29085.0,29085.0,9990800,KBS
2025-07-30 07:00:00,29135.0,29677.0,28543.0,29085.0,4900900,KBS
2025-07-31 07:00:00,29973.0,30515.0,29233.0,29677.0,5841300,KBS
2025-08-01 07:00:00,29874.0,30071.0,29184.0,29282.0,3682100,KBS
2025-08-04 07:00:00,29184.0,29825.0,29184.0,29480.0,2427700,KBS
2025-08-05 07:00:00,29578.0,30515.0,28395.0,29529.0,6630700,KBS
2025-08-06 07:00:00,29627.0,29973.0,29381.0,29825.0,4244400,KBS
2025-08-07 07:00:00,30466.0,31451.0,30318.0,30663.0,8822900,KBS
2025-08-08 07:00:00,30811.0,30909.0,29923.0,30170.0,5319600,KBS
2025-08-11 07:00:00,30219.0,32240.0,30219.0,32142.0,16551700,KBS
2025-08-12 07:00:00,32487.0,32487.0,31451.0,31994.0,5985900,KBS
2025-08-13 07:00:00,32142.0,32733.0,31550.0,32191.0,9515500,KBS
2025-08-14 07:00:00,32240.0,32339.0,31451.0,31649.0,7598600,KBS
2025-08-15 07:00:00,31994.0,32142.0,30811.0,30959.0,6847800,KBS
2025-08-18 07:00:00,30959.0,31747.0,30860.0,31304.0,4974300,KBS
2025-08-19 07:00:00,31550.0,31797.0,31106.0,31205.0,4565400,KBS
2025-08-20 07:00:00,31402.0,32388.0,30712.0,31747.0,9685600,KBS
2025-08-21 07:00:00,32142.0,32980.0,31205.0,31254.0,6927300,KBS
2025-08-22 07:00:00,31008.0,31008.0,29085.0,29085.0,9181800,KBS
2025-08-25 07:00:00,29480.0,29578.0,27951.0,28001.0,4989200,KBS
2025-08-26 07:00:00,28099.0,28839.0,27853.0,28789.0,3730100,KBS
2025-08-27 07:00:00,28987.0,29184.0,28592.0,28740.0,2712000,KBS
2025-08-28 07:00:00,29036.0,29036.0,28642.0,28789.0,2640700,KBS
2025-08-29 07:00:00,28839.0,28937.0,28592.0,28642.0,3348000,KBS
2025-09-03 07:00:00,28642.0,29282.0,28592.0,28888.0,2775000,KBS
2025-09-04 07:00:00,29085.0,29282.0,28888.0,29085.0,3336000,KBS
2025-09-05 07:00:00,29381.0,30367.0,29282.0,29381.0,7745200,KBS
2025-09-08 07:00:00,29874.0,29874.0,28395.0,28395.0,4599400,KBS
2025-09-09 07:00:00,28395.0,28592.0,28001.0,28198.0,2423500,KBS
2025-09-10 07:00:00,28494.0,28494.0,27853.0,27902.0,2812000,KBS
2025-09-11 07:00:00,28198.0,28395.0,27606.0,28346.0,2590300,KBS
2025-09-12 07:00:00,28494.0,29282.0,28395.0,28937.0,2261000,KBS
2025-09-15 07:00:00,29085.0,29578.0,28937.0,29430.0,2734300,KBS
2025-09-16 07:00:00,29726.0,29726.0,29036.0,29036.0,2089300,KBS
2025-09-17 07:00:00,29085.0,29184.0,28494.0,28494.0,2606000,KBS
2025-09-18 07:00:00,28592.0,28592.0,28198.0,28395.0,1614500,KBS
2025-09-19 07:00:00,28691.0,28691.0,28198.0,28198.0,1522700,KBS
2025-09-22 07:00:00,28296.0,28444.0,27853.0,27902.0,1376400,KBS
2025-09-23 07:00:00,28296.0,28296.0,27705.0,27705.0,841800,KBS
2025-09-24 07:00:00,27754.0,28198.0,27606.0,28198.0,1004700,KBS
2025-09-25 07:00:00,28395.0,28592.0,28198.0,28395.0,1186300,KBS
2025-09-26 07:00:00,28543.0,28592.0,28099.0,28099.0,1301000,KBS
2025-09-29 07:00:00,28198.0,28296.0,27853.0,27853.0,827200,KBS
2025-09-30 07:00:00,27853.0,27902.0,27064.0,27311.0,2051500,KBS
2025-10-01 07:00:00,27360.0,27606.0,27360.0,27458.0,690600,KBS
2025-10-02 07:00:00,27508.0,27656.0,26768.0,26916.0,1751100,KBS
2025-10-03 07:00:00,27113.0,27113.0,26275.0,26325.0,2383700,KBS
2025-10-06 07:00:00,26916.0,27163.0,26522.0,27163.0,2309200,KBS
2025-10-07 07:00:00,27261.0,27508.0,26916.0,26965.0,989500,KBS
2025-10-08 07:00:00,27311.0,27458.0,26916.0,27064.0,1029600,KBS
2025-10-09 07:00:00,27113.0,28149.0,26768.0,27606.0,3675400,KBS
2025-10-10 07:00:00,28050.0,28099.0,27606.0,27656.0,2163700,KBS
2025-10-13 07:00:00,27508.0,28543.0,27458.0,28099.0,3580700,KBS
2025-10-14 07:00:00,28346.0,28346.0,27409.0,27458.0,2466800,KBS
2025-10-15 07:00:00,27458.0,27656.0,26867.0,27064.0,2559800,KBS
2025-10-16 07:00:00,27212.0,27311.0,26719.0,26818.0,3624800,KBS
2025-10-17 07:00:00,27015.0,27261.0,26719.0,26719.0,2038900,KBS
2025-10-20 07:00:00,26620.0,26916.0,24895.0,24895.0,3351500,KBS
2025-10-21 07:00:00,24648.0,25536.0,24156.0,25043.0,3055400,KBS
2025-10-22 07:00:00,25339.0,26127.0,25191.0,26127.0,2127900,KBS
2025-10-23 07:00:00,26325.0,26374.0,25733.0,25733.0,872300,KBS
2025-10-24 07:00:00,25832.0,26620.0,25634.0,26177.0,1636800,KBS
2025-10-27 07:00:00,26719.0,27754.0,26719.0,27015.0,3939900,KBS
2025-10-28 07:00:00,27113.0,27212.0,26374.0,27163.0,1413900,KBS
2025-10-29 07:00:00,27360.0,28198.0,27064.0,27705.0,3912600,KBS
2025-10-30 07:00:00,27902.0,28149.0,27212.0,27951.0,3349800,KBS
2025-10-31 07:00:00,27951.0,29085.0,27754.0,28642.0,7002600,KBS
2025-11-03 07:00:00,28691.0,29036.0,27951.0,27951.0,5166700,KBS
2025-11-04 07:00:00,28099.0,28543.0,26965.0,28346.0,3723200,KBS
2025-11-05 07:00:00,28050.0,29085.0,28050.0,28642.0,4804500,KBS
2025-11-06 07:00:00,29233.0,29480.0,28296.0,28296.0,3783400,KBS
2025-11-07 07:00:00,28247.0,28642.0,27409.0,27409.0,3195500,KBS
2025-11-10 07:00:00,27705.0,28296.0,27360.0,27557.0,2280900,KBS
2025-11-11 07:00:00,27804.0,27902.0,27311.0,27508.0,1510800,KBS
2025-11-12 07:00:00,27705.0,28099.0,27557.0,28050.0,1674100,KBS
2025-11-13 07:00:00,28200.0,29100.0,28200.0,28500.0,3905600,KBS
2025-11-14 07:00:00,28500.0,28950.0,28300.0,28400.0,2269200,KBS
2025-11-17 07:00:00,28800.0,29250.0,28500.0,29100.0,4627400,KBS
2025-11-18 07:00:00,29100.0,29150.0,28250.0,28250.0,4239500,KBS
2025-11-19 07:00:00,28350.0,28700.0,27650.0,28000.0,2915700,KBS
2025-11-20 07:00:00,28100.0,28450.0,27550.0,28000.0,1872300,KBS
2025-11-21 07:00:00,27650.0,27950.0,27450.0,27800.0,1915000,KBS
2025-11-24 07:00:00,28000.0,28100.0,27700.0,27700.0,884600,KBS
2025-11-25 07:00:00,27600.0,28100.0,27000.0,27100.0,2656500,KBS
2025-11-26 07:00:00,27150.0,27800.0,27150.0,27500.0,1192000,KBS
2025-11-27 07:00:00,27550.0,27900.0,27500.0,27900.0,1797500,KBS
2025-11-28 07:00:00,27900.0,27900.0,27250.0,27300.0,2071100,KBS
2025-12-01 07:00:00,27350.0,27600.0,26700.0,26700.0,1889700,KBS
2025-12-02 07:00:00,26400.0,27800.0,26400.0,27750.0,2666600,KBS
2025-12-03 07:00:00,27750.0,27900.0,27450.0,27700.0,2066500,KBS
2025-12-04 07:00:00,27700.0,28300.0,27700.0,27850.0,2234700,KBS
2025-12-05 07:00:00,28000.0,28000.0,27200.0,27400.0,3578600,KBS
2025-12-08 07:00:00,27450.0,27550.0,26800.0,26950.0,3507000,KBS
2025-12-09 07:00:00,26900.0,27150.0,26550.0,26900.0,2669000,KBS
2025-12-10 07:00:00,26800.0,27100.0,26750.0,26750.0,1098300,KBS
2025-12-11 07:00:00,26800.0,27000.0,26600.0,26650.0,1028300,KBS
2025-12-12 07:00:00,26700.0,26800.0,25100.0,25300.0,2898000,KBS
2025-12-15 07:00:00,25300.0,26000.0,25250.0,25600.0,1872800,KBS
2025-12-16 07:00:00,25800.0,26500.0,25600.0,26500.0,1904800,KBS
2025-12-17 07:00:00,26500.0,26650.0,26200.0,26300.0,1757900,KBS
2025-12-18 07:00:00,26300.0,26650.0,26200.0,26550.0,1115700,KBS
2025-12-19 07:00:00,26500.0,26750.0,26450.0,26450.0,855000,KBS
2025-12-22 07:00:00,26450.0,26800.0,26450.0,26600.0,1127300,KBS
2025-12-23 07:00:00,26650.0,26850.0,26250.0,26250.0,1072000,KBS
2025-12-24 07:00:00,26400.0,26600.0,25900.0,26000.0,1436000,KBS
2025-12-25 07:00:00,26000.0,26250.0,25650.0,25650.0,1031900,KBS
2025-12-26 07:00:00,25550.0,25950.0,25200.0,25500.0,1406500,KBS
2025-12-29 07:00:00,25600.0,26200.0,25600.0,26000.0,1106300,KBS
2025-12-30 07:00:00,26200.0,26900.0,26150.0,26600.0,2111300,KBS
2025-12-31 07:00:00,26600.0,26800.0,26200.0,26200.0,1021300,KBS
2026-01-05 07:00:00,26200.0,26450.0,25500.0,25750.0,1408600,KBS
2026-01-06 07:00:00,25850.0,27550.0,25850.0,27550.0,4061800,KBS
2026-01-07 07:00:00,28550.0,29450.0,28500.0,29450.0,13681500,KBS
2026-01-08 07:00:00,30900.0,30900.0,29600.0,30050.0,10234200,KBS
2026-01-09 07:00:00,30400.0,32000.0,30300.0,31600.0,9394000,KBS
2026-01-12 07:00:00,32300.0,32950.0,31000.0,32200.0,8946600,KBS
2026-01-13 07:00:00,32100.0,34450.0,31550.0,34000.0,14389700,KBS
2026-01-14 07:00:00,34300.0,36350.0,33700.0,36350.0,14095400,KBS
2026-01-15 07:00:00,36350.0,38850.0,35800.0,37350.0,11037100,KBS
2026-01-16 07:00:00,37400.0,38500.0,35550.0,35900.0,8596200,KBS
2026-01-19 07:00:00,36000.0,38400.0,35950.0,38000.0,9356800,KBS
2026-01-20 07:00:00,39200.0,40650.0,37600.0,39000.0,10142500,KBS
2026-01-21 07:00:00,38000.0,39500.0,36500.0,38500.0,8356100,KBS
2026-01-22 07:00:00,39050.0,40800.0,38500.0,39000.0,7081600,KBS
2026-01-23 07:00:00,38550.0,38850.0,36600.0,36900.0,6548400,KBS
2026-01-26 07:00:00,36650.0,39350.0,36650.0,38650.0,8681600,KBS
2026-01-27 07:00:00,38700.0,40600.0,38400.0,39850.0,8227600,KBS
2026-01-28 07:00:00,41150.0,42400.0,38200.0,38200.0,13817900,KBS
2026-01-29 07:00:00,38200.0,40850.0,37900.0,40850.0,9435700,KBS
2026-01-30 07:00:00,40850.0,41800.0,39650.0,39850.0,6315900,KBS
2026-02-02 07:00:00,40000.0,41800.0,39650.0,41800.0,8064000,KBS
2026-02-03 07:00:00,42000.0,43800.0,41000.0,42800.0,9200800,KBS
2026-02-04 07:00:00,42600.0,43000.0,40500.0,41700.0,6342400,KBS
2026-02-05 07:00:00,41700.0,41700.0,40000.0,40000.0,6209000,KBS
2026-02-06 07:00:00,39000.0,40850.0,38850.0,39000.0,5838700,KBS
2026-02-09 07:00:00,39500.0,39700.0,38600.0,38650.0,2801400,KBS
2026-02-10 07:00:00,38000.0,38900.0,35950.0,35950.0,10816400,KBS
2026-02-11 07:00:00,35950.0,36800.0,35200.0,35300.0,5445000,KBS
2026-02-12 07:00:00,36000.0,36200.0,35300.0,35350.0,2433900,KBS
2026-02-13 07:00:00,35500.0,36400.0,35100.0,36400.0,3173000,KBS
2026-02-23 07:00:00,37500.0,38900.0,37000.0,38900.0,2792600,KBS
2026-02-24 07:00:00,39550.0,40300.0,39050.0,39450.0,8201000,KBS
2026-02-25 07:00:00,39800.0,42200.0,39500.0,42200.0,11972300,KBS
2026-02-26 07:00:00,42600.0,42900.0,40050.0,40800.0,6612100,KBS
2026-02-27 07:00:00,40800.0,42300.0,39800.0,40000.0,6357900,KBS
2026-03-02 07:00:00,38800.0,42800.0,37500.0,42800.0,16546200,KBS
2026-03-03 07:00:00,44400.0,45750.0,41200.0,45750.0,11766100,KBS
2026-03-04 07:00:00,46000.0,46500.0,42800.0,43600.0,8585300,KBS
2026-03-05 07:00:00,42600.0,42900.0,40550.0,40550.0,7891200,KBS
2026-03-06 07:00:00,39650.0,41100.0,37750.0,37750.0,8579500,KBS
2026-03-09 07:00:00,35150.0,35150.0,35150.0,35150.0,1767500,KBS
2026-03-10 07:00:00,35150.0,36100.0,32700.0,33350.0,14546300,KBS
2026-03-11 07:00:00,33350.0,35650.0,33350.0,35650.0,4178200,KBS
2026-03-12 07:00:00,35700.0,37850.0,35100.0,35800.0,5803200,KBS
2026-03-13 07:00:00,35300.0,36050.0,33300.0,34000.0,7857500,KBS
2026-03-16 07:00:00,33300.0,34400.0,32500.0,33050.0,4862300,KBS
2026-03-17 07:00:00,33900.0,34100.0,33200.0,33300.0,2762700,KBS
2026-03-18 07:00:00,33050.0,34500.0,32950.0,34000.0,3530400,KBS
2026-03-19 07:00:00,33500.0,33500.0,32050.0,32450.0,4199100,KBS
2026-03-20 07:00:00,32400.0,32400.0,30700.0,30750.0,4793600,KBS
2026-03-23 07:00:00,29700.0,30500.0,28600.0,28600.0,5932600,KBS
2026-03-24 07:00:00,29300.0,29850.0,28600.0,28700.0,3819500,KBS
2026-03-25 07:00:00,29450.0,30500.0,29350.0,30500.0,3946500,KBS
2026-03-26 07:00:00,30250.0,30500.0,29650.0,30000.0,2429400,KBS
2026-03-27 07:00:00,30000.0,32100.0,30000.0,32100.0,4463000,KBS
2026-03-30 07:00:00,31200.0,33400.0,31150.0,33100.0,5368600,KBS
2026-03-31 07:00:00,33500.0,33500.0,31700.0,31700.0,3647100,KBS
2026-04-01 07:00:00,32500.0,33000.0,32300.0,32500.0,3228800,KBS
2026-04-02 07:00:00,31800.0,32650.0,31800.0,32100.0,2491400,KBS
2026-04-03 07:00:00,32100.0,32900.0,31500.0,32050.0,2702000,KBS
2026-04-06 07:00:00,31900.0,31900.0,30850.0,31450.0,1823400,KBS
2026-04-07 07:00:00,31600.0,31850.0,30500.0,31500.0,1758900,KBS
2026-04-08 07:00:00,32500.0,33400.0,32050.0,33200.0,3915600,KBS
2026-04-09 07:00:00,32700.0,33000.0,32350.0,32800.0,2438700,KBS
2026-04-10 07:00:00,32800.0,34100.0,32700.0,33650.0,4553100,KBS
2026-04-13 07:00:00,33000.0,34150.0,32600.0,32600.0,3696900,KBS
2026-04-14 07:00:00,33000.0,33100.0,32350.0,32700.0,2532000,KBS
2026-04-15 07:00:00,33100.0,33150.0,31900.0,33000.0,3427600,KBS
2026-04-16 07:00:00,32900.0,32950.0,32150.0,32200.0,2608700,KBS
2026-04-17 07:00:00,32400.0,34150.0,32250.0,33500.0,7670800,KBS
2026-04-20 07:00:00,33500.0,33750.0,32850.0,33000.0,2060200,KBS
2026-04-21 07:00:00,33000.0,33200.0,32450.0,32650.0,2498000,KBS
2026-04-22 07:00:00,32800.0,32800.0,32200.0,32750.0,1974400,KBS
2026-04-23 07:00:00,32900.0,33450.0,32100.0,32600.0,2807500,KBS
2026-04-24 07:00:00,32700.0,33500.0,32700.0,33350.0,3028100,KBS
2026-04-28 07:00:00,33300.0,33400.0,32300.0,33000.0,2409800,KBS
2026-04-29 07:00:00,32850.0,34300.0,32500.0,33700.0,4047300,KBS
2026-05-04 07:00:00,34200.0,36050.0,33800.0,36050.0,8648600,KBS
2026-05-05 07:00:00,36100.0,36450.0,34700.0,35200.0,3995600,KBS
2026-05-06 07:00:00,35300.0,35950.0,34900.0,35800.0,4387700,KBS
2026-05-07 07:00:00,35800.0,36900.0,35250.0,35850.0,5267800,KBS
2026-05-08 07:00:00,35850.0,36600.0,34950.0,35700.0,3718400,KBS
2026-05-11 07:00:00,35900.0,35900.0,34650.0,34750.0,4902100,KBS
2026-05-12 07:00:00,34800.0,36450.0,34200.0,36300.0,4448700,KBS
2026-05-13 07:00:00,36400.0,37800.0,36300.0,36800.0,6025700,KBS
2026-05-14 07:00:00,37100.0,37200.0,36100.0,36200.0,2812800,KBS
2026-05-15 07:00:00,36800.0,37850.0,36500.0,37750.0,6754600,KBS
2026-05-18 07:00:00,37700.0,40000.0,37000.0,39300.0,5789400,KBS
2026-05-19 07:00:00,39600.0,39600.0,36550.0,36550.0,8321000,KBS
2026-05-20 07:00:00,35950.0,37800.0,34000.0,37600.0,8781200,KBS
2026-05-21 07:00:00,37650.0,37950.0,36000.0,36200.0,2582700,KBS
2026-05-22 07:00:00,36500.0,36500.0,35200.0,35300.0,2908400,KBS
2026-05-25 07:00:00,34950.0,35300.0,34300.0,34300.0,2522300,KBS
2026-05-26 07:00:00,34650.0,35300.0,34350.0,35150.0,1557200,KBS
2026-05-27 07:00:00,35500.0,35500.0,34350.0,34800.0,2334400,KBS
2026-05-28 07:00:00,34550.0,35300.0,34250.0,34350.0,2688300,KBS
2026-05-29 07:00:00,34550.0,35000.0,33800.0,34900.0,3248500,KBS
2026-06-01 07:00:00,35250.0,35700.0,34850.0,35050.0,2044700,KBS
2026-06-02 07:00:00,35050.0,35050.0,34200.0,34600.0,1757800,KBS
2026-06-03 07:00:00,34250.0,35000.0,34250.0,34650.0,1330200,KBS
2026-06-04 07:00:00,34900.0,36000.0,34900.0,35350.0,2947200,KBS
2026-06-05 07:00:00,35600.0,35600.0,34700.0,34800.0,2075500,KBS
