date,open,high,low,close,volume,_source
2020-01-02 07:00:00,3271.0,3285.0,3257.0,3271.0,37030,KBS
2020-01-03 07:00:00,3298.0,3298.0,3147.0,3161.0,280350,KBS
2020-01-06 07:00:00,3161.0,3216.0,3147.0,3147.0,54690,KBS
2020-01-07 07:00:00,3147.0,3161.0,3023.0,3037.0,224920,KBS
2020-01-08 07:00:00,3023.0,3092.0,3023.0,3092.0,157770,KBS
2020-01-09 07:00:00,3106.0,3133.0,3092.0,3106.0,37270,KBS
2020-01-10 07:00:00,3106.0,3133.0,3106.0,3106.0,149280,KBS
2020-01-13 07:00:00,3175.0,3175.0,3078.0,3106.0,124300,KBS
2020-01-14 07:00:00,3161.0,3161.0,3106.0,3120.0,63100,KBS
2020-01-15 07:00:00,3120.0,3133.0,3092.0,3120.0,121140,KBS
2020-01-16 07:00:00,3120.0,3175.0,3106.0,3120.0,124840,KBS
2020-01-17 07:00:00,3133.0,3147.0,3120.0,3147.0,77780,KBS
2020-01-20 07:00:00,3133.0,3161.0,3106.0,3161.0,124020,KBS
2020-01-21 07:00:00,3175.0,3188.0,3120.0,3147.0,57680,KBS
2020-01-22 07:00:00,3120.0,3188.0,3120.0,3161.0,65470,KBS
2020-01-30 07:00:00,3120.0,3147.0,3051.0,3106.0,124060,KBS
2020-01-31 07:00:00,3092.0,3092.0,2900.0,2996.0,113390,KBS
2020-02-03 07:00:00,2968.0,2968.0,2790.0,2831.0,89900,KBS
2020-02-04 07:00:00,2831.0,2968.0,2694.0,2831.0,377140,KBS
2020-02-05 07:00:00,2831.0,2831.0,2713.0,2831.0,200270,KBS
2020-02-06 07:00:00,2831.0,2831.0,2721.0,2831.0,157350,KBS
2020-02-07 07:00:00,2831.0,2886.0,2749.0,2872.0,67450,KBS
2020-02-10 07:00:00,2845.0,2927.0,2831.0,2886.0,93640,KBS
2020-02-11 07:00:00,2914.0,2941.0,2872.0,2886.0,115390,KBS
2020-02-12 07:00:00,2886.0,2968.0,2886.0,2968.0,49560,KBS
2020-02-13 07:00:00,2968.0,2996.0,2941.0,2968.0,73150,KBS
2020-02-14 07:00:00,2968.0,3010.0,2968.0,2982.0,51530,KBS
2020-02-17 07:00:00,2996.0,3037.0,2968.0,3023.0,106150,KBS
2020-02-18 07:00:00,3023.0,3133.0,3023.0,3092.0,54540,KBS
2020-02-19 07:00:00,3106.0,3120.0,3051.0,3106.0,48140,KBS
2020-02-20 07:00:00,3120.0,3133.0,3092.0,3120.0,28460,KBS
2020-02-21 07:00:00,3106.0,3147.0,3078.0,3106.0,92670,KBS
2020-02-24 07:00:00,3078.0,3078.0,2941.0,2968.0,146700,KBS
2020-02-25 07:00:00,2941.0,3023.0,2886.0,3023.0,109360,KBS
2020-02-26 07:00:00,2955.0,3051.0,2914.0,2941.0,79520,KBS
2020-02-27 07:00:00,2955.0,3010.0,2872.0,2872.0,224360,KBS
2020-02-28 07:00:00,2872.0,2941.0,2817.0,2941.0,92680,KBS
2020-03-02 07:00:00,2914.0,2968.0,2859.0,2941.0,116840,KBS
2020-03-03 07:00:00,2941.0,2955.0,2859.0,2859.0,149880,KBS
2020-03-04 07:00:00,2859.0,2927.0,2859.0,2886.0,16760,KBS
2020-03-05 07:00:00,2886.0,2941.0,2886.0,2914.0,80650,KBS
2020-03-06 07:00:00,2914.0,2914.0,2886.0,2886.0,83590,KBS
2020-03-09 07:00:00,2872.0,2872.0,2724.0,2749.0,142320,KBS
2020-03-10 07:00:00,2721.0,2817.0,2696.0,2790.0,83080,KBS
2020-03-11 07:00:00,2790.0,2831.0,2740.0,2762.0,206680,KBS
2020-03-12 07:00:00,2749.0,2749.0,2611.0,2611.0,113970,KBS
2020-03-13 07:00:00,2611.0,2611.0,2430.0,2529.0,301140,KBS
2020-03-16 07:00:00,2474.0,2556.0,2474.0,2474.0,87270,KBS
2020-03-17 07:00:00,2474.0,2501.0,2419.0,2501.0,67280,KBS
2020-03-18 07:00:00,2476.0,2556.0,2476.0,2526.0,49610,KBS
2020-03-19 07:00:00,2526.0,2526.0,2419.0,2435.0,99850,KBS
2020-03-20 07:00:00,2529.0,2529.0,2419.0,2435.0,55720,KBS
2020-03-23 07:00:00,2435.0,2455.0,2265.0,2268.0,194550,KBS
2020-03-24 07:00:00,2180.0,2419.0,2180.0,2391.0,170040,KBS
2020-03-25 07:00:00,2501.0,2501.0,2405.0,2498.0,56260,KBS
2020-03-26 07:00:00,2498.0,2498.0,2419.0,2419.0,101100,KBS
2020-03-27 07:00:00,2474.0,2474.0,2364.0,2391.0,71230,KBS
2020-03-30 07:00:00,2364.0,2364.0,2281.0,2309.0,39630,KBS
2020-03-31 07:00:00,2309.0,2419.0,2309.0,2323.0,82420,KBS
2020-04-01 07:00:00,2339.0,2446.0,2339.0,2446.0,179790,KBS
2020-04-03 07:00:00,2419.0,2595.0,2419.0,2595.0,183350,KBS
2020-04-06 07:00:00,2595.0,2721.0,2595.0,2707.0,113850,KBS
2020-04-07 07:00:00,2790.0,2790.0,2655.0,2691.0,239260,KBS
2020-04-08 07:00:00,2666.0,2666.0,2608.0,2650.0,201590,KBS
2020-04-09 07:00:00,2694.0,2694.0,2617.0,2639.0,129990,KBS
2020-04-10 07:00:00,2652.0,2749.0,2641.0,2735.0,237900,KBS
2020-04-13 07:00:00,2749.0,2749.0,2694.0,2735.0,73460,KBS
2020-04-14 07:00:00,2735.0,2740.0,2724.0,2727.0,84590,KBS
2020-04-15 07:00:00,2727.0,2804.0,2727.0,2790.0,87230,KBS
2020-04-16 07:00:00,2749.0,2831.0,2749.0,2804.0,105930,KBS
2020-04-17 07:00:00,2804.0,2859.0,2804.0,2859.0,47600,KBS
2020-04-20 07:00:00,2859.0,2900.0,2790.0,2872.0,98720,KBS
2020-04-21 07:00:00,2859.0,2859.0,2740.0,2743.0,222230,KBS
2020-04-22 07:00:00,2749.0,2845.0,2743.0,2845.0,198310,KBS
2020-04-23 07:00:00,2831.0,2941.0,2831.0,2914.0,110500,KBS
2020-04-24 07:00:00,2886.0,2914.0,2859.0,2886.0,50560,KBS
2020-04-27 07:00:00,2914.0,2927.0,2859.0,2886.0,64370,KBS
2020-04-28 07:00:00,2927.0,2927.0,2831.0,2886.0,57240,KBS
2020-04-29 07:00:00,2941.0,3023.0,2886.0,2941.0,116440,KBS
2020-05-04 07:00:00,2914.0,2968.0,2886.0,2914.0,23950,KBS
2020-05-05 07:00:00,2886.0,2927.0,2845.0,2859.0,57540,KBS
2020-05-06 07:00:00,2859.0,2927.0,2845.0,2886.0,94500,KBS
2020-05-07 07:00:00,2941.0,2941.0,2886.0,2941.0,65300,KBS
2020-05-08 07:00:00,2941.0,2996.0,2900.0,2968.0,99730,KBS
2020-05-11 07:00:00,2982.0,3023.0,2941.0,2982.0,137920,KBS
2020-05-12 07:00:00,2982.0,3010.0,2955.0,2982.0,90670,KBS
2020-05-13 07:00:00,2982.0,3106.0,2982.0,3092.0,81490,KBS
2020-05-14 07:00:00,3023.0,3106.0,3023.0,3051.0,56360,KBS
2020-05-15 07:00:00,3051.0,3078.0,3023.0,3037.0,57740,KBS
2020-05-18 07:00:00,3037.0,3065.0,3010.0,3051.0,38750,KBS
2020-05-19 07:00:00,3051.0,3078.0,2968.0,3023.0,142180,KBS
2020-05-20 07:00:00,3023.0,3023.0,2968.0,3010.0,48100,KBS
2020-05-21 07:00:00,3023.0,3051.0,2996.0,3010.0,73320,KBS
2020-05-22 07:00:00,3010.0,3010.0,2941.0,2996.0,35060,KBS
2020-05-25 07:00:00,2996.0,3023.0,2941.0,3010.0,43180,KBS
2020-05-26 07:00:00,3010.0,3188.0,3010.0,3133.0,156510,KBS
2020-05-27 07:00:00,3133.0,3188.0,3120.0,3120.0,67420,KBS
2020-05-28 07:00:00,3175.0,3298.0,3175.0,3271.0,300180,KBS
2020-05-29 07:00:00,3271.0,3298.0,3188.0,3285.0,83520,KBS
2020-06-01 07:00:00,3285.0,3285.0,3216.0,3243.0,69030,KBS
2020-06-02 07:00:00,3243.0,3257.0,3188.0,3257.0,169100,KBS
2020-06-03 07:00:00,3257.0,3271.0,3216.0,3243.0,53490,KBS
2020-06-04 07:00:00,3216.0,3243.0,3188.0,3202.0,47190,KBS
2020-06-05 07:00:00,3243.0,3243.0,3202.0,3243.0,44080,KBS
2020-06-08 07:00:00,3298.0,3395.0,3271.0,3326.0,268000,KBS
2020-06-09 07:00:00,3353.0,3353.0,3271.0,3271.0,62580,KBS
2020-06-10 07:00:00,3243.0,3298.0,3243.0,3243.0,56100,KBS
2020-06-11 07:00:00,3298.0,3298.0,3023.0,3065.0,200340,KBS
2020-06-12 07:00:00,2968.0,3065.0,2968.0,3065.0,112320,KBS
2020-06-15 07:00:00,3065.0,3065.0,2968.0,2996.0,110870,KBS
2020-06-16 07:00:00,3065.0,3106.0,3023.0,3092.0,34150,KBS
2020-06-17 07:00:00,3092.0,3133.0,3010.0,3078.0,72600,KBS
2020-06-18 07:00:00,3092.0,3133.0,3078.0,3133.0,31590,KBS
2020-06-19 07:00:00,3133.0,3216.0,3133.0,3216.0,80630,KBS
2020-06-22 07:00:00,3257.0,3257.0,3202.0,3202.0,102990,KBS
2020-06-23 07:00:00,3243.0,3257.0,3188.0,3202.0,103190,KBS
2020-06-24 07:00:00,3202.0,3243.0,3188.0,3216.0,63960,KBS
2020-06-25 07:00:00,3230.0,3257.0,3175.0,3243.0,92950,KBS
2020-06-26 07:00:00,3243.0,3243.0,3161.0,3175.0,83190,KBS
2020-06-29 07:00:00,3190.0,3205.0,2979.0,3009.0,112950,KBS
2020-06-30 07:00:00,2997.0,3099.0,2997.0,3024.0,31820,KBS
2020-07-01 07:00:00,3205.0,3205.0,3009.0,3069.0,20500,KBS
2020-07-02 07:00:00,3069.0,3069.0,3039.0,3039.0,13250,KBS
2020-07-03 07:00:00,3039.0,3160.0,3024.0,3160.0,33800,KBS
2020-07-06 07:00:00,3160.0,3160.0,3069.0,3130.0,14710,KBS
2020-07-07 07:00:00,3130.0,3145.0,3099.0,3114.0,39970,KBS
2020-07-08 07:00:00,3114.0,3114.0,3009.0,3069.0,36910,KBS
2020-07-09 07:00:00,3099.0,3099.0,3054.0,3069.0,89840,KBS
2020-07-10 07:00:00,3069.0,3069.0,3024.0,3039.0,43510,KBS
2020-07-13 07:00:00,3039.0,3084.0,3009.0,3024.0,82630,KBS
2020-07-14 07:00:00,3039.0,3099.0,3009.0,3099.0,54610,KBS
2020-07-15 07:00:00,3099.0,3099.0,3069.0,3069.0,60030,KBS
2020-07-16 07:00:00,3069.0,3084.0,3039.0,3039.0,26030,KBS
2020-07-17 07:00:00,3039.0,3084.0,3024.0,3084.0,24290,KBS
2020-07-20 07:00:00,3069.0,3084.0,3039.0,3069.0,26330,KBS
2020-07-21 07:00:00,3069.0,3130.0,3069.0,3114.0,131250,KBS
2020-07-22 07:00:00,3130.0,3325.0,3130.0,3295.0,340480,KBS
2020-07-23 07:00:00,3310.0,3415.0,3310.0,3400.0,202870,KBS
2020-07-24 07:00:00,3400.0,3400.0,3190.0,3220.0,155780,KBS
2020-07-27 07:00:00,3039.0,3130.0,2997.0,2997.0,290770,KBS
2020-07-28 07:00:00,2904.0,3145.0,2904.0,3099.0,159240,KBS
2020-07-29 07:00:00,2949.0,2979.0,2883.0,2964.0,141640,KBS
2020-07-30 07:00:00,2964.0,3069.0,2964.0,3039.0,57940,KBS
2020-07-31 07:00:00,2919.0,3069.0,2919.0,3009.0,56200,KBS
2020-08-03 07:00:00,3009.0,3130.0,2979.0,3054.0,97100,KBS
2020-08-04 07:00:00,3099.0,3130.0,3069.0,3114.0,65420,KBS
2020-08-05 07:00:00,3099.0,3205.0,3099.0,3190.0,237020,KBS
2020-08-06 07:00:00,3145.0,3190.0,3130.0,3160.0,54880,KBS
2020-08-07 07:00:00,3190.0,3280.0,3160.0,3250.0,257650,KBS
2020-08-10 07:00:00,3265.0,3400.0,3265.0,3355.0,316950,KBS
2020-08-11 07:00:00,3355.0,3385.0,3280.0,3370.0,129800,KBS
2020-08-12 07:00:00,3370.0,3370.0,3325.0,3355.0,112760,KBS
2020-08-13 07:00:00,3355.0,3491.0,3340.0,3491.0,474810,KBS
2020-08-14 07:00:00,3491.0,3491.0,3385.0,3461.0,135630,KBS
2020-08-17 07:00:00,3461.0,3461.0,3310.0,3461.0,93090,KBS
2020-08-18 07:00:00,3461.0,3461.0,3400.0,3430.0,128190,KBS
2020-08-19 07:00:00,3400.0,3581.0,3400.0,3506.0,238970,KBS
2020-08-20 07:00:00,3506.0,3566.0,3461.0,3491.0,235680,KBS
2020-08-21 07:00:00,3491.0,3731.0,3491.0,3671.0,614590,KBS
2020-08-24 07:00:00,3716.0,3882.0,3656.0,3776.0,472730,KBS
2020-08-25 07:00:00,3792.0,3882.0,3746.0,3761.0,293400,KBS
2020-08-26 07:00:00,3701.0,3792.0,3686.0,3776.0,318230,KBS
2020-08-27 07:00:00,3822.0,3822.0,3761.0,3792.0,322030,KBS
2020-08-28 07:00:00,3792.0,3927.0,3746.0,3746.0,367500,KBS
2020-08-31 07:00:00,3761.0,3792.0,3671.0,3761.0,300760,KBS
2020-09-01 07:00:00,3761.0,3761.0,3656.0,3701.0,265300,KBS
2020-09-03 07:00:00,3701.0,3701.0,3581.0,3596.0,251140,KBS
2020-09-04 07:00:00,3581.0,3686.0,3566.0,3656.0,121250,KBS
2020-09-07 07:00:00,3701.0,3701.0,3581.0,3581.0,354300,KBS
2020-09-08 07:00:00,3596.0,3701.0,3551.0,3671.0,158300,KBS
2020-09-09 07:00:00,3671.0,3792.0,3656.0,3731.0,274380,KBS
2020-09-10 07:00:00,3761.0,3776.0,3716.0,3731.0,164320,KBS
2020-09-11 07:00:00,3731.0,3746.0,3701.0,3701.0,111160,KBS
2020-09-14 07:00:00,3716.0,3957.0,3701.0,3957.0,543840,KBS
2020-09-15 07:00:00,3987.0,3987.0,3882.0,3882.0,191290,KBS
2020-09-16 07:00:00,3897.0,3957.0,3867.0,3957.0,150810,KBS
2020-09-17 07:00:00,3942.0,3942.0,3867.0,3942.0,223030,KBS
2020-09-18 07:00:00,3942.0,4062.0,3882.0,4017.0,355350,KBS
2020-09-21 07:00:00,4017.0,4047.0,3912.0,3927.0,238990,KBS
2020-09-22 07:00:00,3972.0,3987.0,3897.0,3972.0,169150,KBS
2020-09-23 07:00:00,3972.0,4002.0,3912.0,4002.0,301580,KBS
2020-09-24 07:00:00,4017.0,4017.0,3942.0,3942.0,249610,KBS
2020-09-25 07:00:00,3942.0,3972.0,3852.0,3942.0,406920,KBS
2020-09-28 07:00:00,3972.0,3987.0,3897.0,3942.0,212050,KBS
2020-09-29 07:00:00,3972.0,4032.0,3897.0,3927.0,274880,KBS
2020-09-30 07:00:00,3927.0,3987.0,3882.0,3987.0,145370,KBS
2020-10-01 07:00:00,3987.0,4213.0,3987.0,4123.0,429160,KBS
2020-10-02 07:00:00,4123.0,4288.0,4062.0,4258.0,1070150,KBS
2020-10-05 07:00:00,4288.0,4333.0,4228.0,4303.0,244680,KBS
2020-10-06 07:00:00,4318.0,4333.0,4243.0,4303.0,573480,KBS
2020-10-07 07:00:00,4243.0,4303.0,4213.0,4213.0,446520,KBS
2020-10-08 07:00:00,4213.0,4243.0,4138.0,4183.0,185430,KBS
2020-10-09 07:00:00,4243.0,4243.0,4153.0,4153.0,289320,KBS
2020-10-12 07:00:00,4183.0,4213.0,4017.0,4062.0,233930,KBS
2020-10-13 07:00:00,4062.0,4123.0,4002.0,4107.0,121450,KBS
2020-10-14 07:00:00,4092.0,4138.0,4032.0,4047.0,233140,KBS
2020-10-15 07:00:00,4077.0,4077.0,4002.0,4017.0,173640,KBS
2020-10-16 07:00:00,4017.0,4047.0,4002.0,4032.0,148310,KBS
2020-10-19 07:00:00,4032.0,4077.0,3912.0,4032.0,199830,KBS
2020-10-20 07:00:00,4032.0,4153.0,4002.0,4138.0,293050,KBS
2020-10-21 07:00:00,4138.0,4138.0,4062.0,4062.0,236360,KBS
2020-10-22 07:00:00,4002.0,4123.0,4002.0,4092.0,118900,KBS
2020-10-23 07:00:00,4047.0,4077.0,4002.0,4017.0,199290,KBS
2020-10-26 07:00:00,4017.0,4032.0,3972.0,3987.0,219840,KBS
2020-10-27 07:00:00,3987.0,4002.0,3942.0,3942.0,196630,KBS
2020-10-28 07:00:00,3942.0,3957.0,3792.0,3807.0,305360,KBS
2020-10-29 07:00:00,3746.0,3822.0,3731.0,3776.0,112420,KBS
2020-10-30 07:00:00,3776.0,3807.0,3731.0,3761.0,166420,KBS
2020-11-02 07:00:00,3761.0,3761.0,3746.0,3761.0,81570,KBS
2020-11-03 07:00:00,3746.0,3837.0,3746.0,3837.0,167480,KBS
2020-11-04 07:00:00,3822.0,3867.0,3822.0,3867.0,86080,KBS
2020-11-05 07:00:00,3867.0,3882.0,3822.0,3837.0,40250,KBS
2020-11-06 07:00:00,3837.0,3837.0,3761.0,3807.0,82820,KBS
2020-11-09 07:00:00,3792.0,3957.0,3776.0,3942.0,236240,KBS
2020-11-10 07:00:00,3972.0,3987.0,3942.0,3942.0,136670,KBS
2020-11-11 07:00:00,3942.0,3957.0,3897.0,3897.0,106190,KBS
2020-11-12 07:00:00,3882.0,4123.0,3867.0,4123.0,510120,KBS
2020-11-13 07:00:00,4123.0,4123.0,4062.0,4107.0,342890,KBS
2020-11-16 07:00:00,4123.0,4243.0,4092.0,4198.0,504350,KBS
2020-11-17 07:00:00,4198.0,4318.0,4183.0,4303.0,1064000,KBS
2020-11-18 07:00:00,4303.0,4303.0,4258.0,4288.0,538470,KBS
2020-11-19 07:00:00,4288.0,4529.0,4288.0,4363.0,1052040,KBS
2020-11-20 07:00:00,4378.0,4378.0,4258.0,4318.0,430940,KBS
2020-11-23 07:00:00,4318.0,4318.0,4228.0,4273.0,264360,KBS
2020-11-24 07:00:00,4243.0,4303.0,4198.0,4258.0,604520,KBS
2020-11-25 07:00:00,4273.0,4288.0,4198.0,4213.0,474560,KBS
2020-11-26 07:00:00,4198.0,4288.0,4183.0,4273.0,271960,KBS
2020-11-27 07:00:00,4288.0,4499.0,4288.0,4484.0,1508580,KBS
2020-11-30 07:00:00,4514.0,4754.0,4514.0,4739.0,2142910,KBS
2020-12-01 07:00:00,4664.0,4995.0,4649.0,4995.0,1885930,KBS
2020-12-02 07:00:00,4995.0,5206.0,4935.0,5085.0,1872390,KBS
2020-12-03 07:00:00,5055.0,5116.0,4965.0,4995.0,1310520,KBS
2020-12-04 07:00:00,4995.0,5296.0,4920.0,5116.0,1290500,KBS
2020-12-07 07:00:00,5116.0,5191.0,5010.0,5116.0,756620,KBS
2020-12-08 07:00:00,5116.0,5311.0,5040.0,5296.0,1394480,KBS
2020-12-09 07:00:00,5356.0,5386.0,5176.0,5251.0,913500,KBS
2020-12-10 07:00:00,5311.0,5311.0,5055.0,5085.0,1453980,KBS
2020-12-11 07:00:00,5085.0,5176.0,4995.0,5176.0,990840,KBS
2020-12-14 07:00:00,5206.0,5236.0,5100.0,5146.0,860200,KBS
2020-12-15 07:00:00,5146.0,5176.0,5085.0,5146.0,960920,KBS
2020-12-16 07:00:00,5176.0,5492.0,5176.0,5492.0,2800110,KBS
2020-12-17 07:00:00,5416.0,5627.0,5401.0,5462.0,1071720,KBS
2020-12-18 07:00:00,5507.0,5687.0,5356.0,5657.0,1008440,KBS
2020-12-21 07:00:00,5657.0,5717.0,5462.0,5672.0,1565330,KBS
2020-12-22 07:00:00,5672.0,5672.0,5477.0,5507.0,1144810,KBS
2020-12-23 07:00:00,5507.0,5702.0,5462.0,5492.0,1091340,KBS
2020-12-24 07:00:00,5492.0,5522.0,5116.0,5266.0,1437470,KBS
2020-12-25 07:00:00,5266.0,5401.0,5206.0,5371.0,576470,KBS
2020-12-28 07:00:00,5447.0,5477.0,5236.0,5386.0,1102650,KBS
2020-12-29 07:00:00,5416.0,5416.0,5266.0,5341.0,667630,KBS
2020-12-30 07:00:00,5296.0,5447.0,5296.0,5341.0,720580,KBS
2020-12-31 07:00:00,5356.0,5416.0,5296.0,5386.0,541230,KBS
2021-01-04 07:00:00,5416.0,5657.0,5386.0,5582.0,1504800,KBS
2021-01-05 07:00:00,5597.0,5657.0,5492.0,5552.0,1179900,KBS
2021-01-06 07:00:00,5537.0,5567.0,5447.0,5462.0,893700,KBS
2021-01-07 07:00:00,5507.0,5838.0,5462.0,5838.0,2385500,KBS
2021-01-08 07:00:00,5988.0,5988.0,5687.0,5868.0,1115800,KBS
2021-01-11 07:00:00,5838.0,6033.0,5717.0,5898.0,1377100,KBS
2021-01-12 07:00:00,5898.0,6078.0,5763.0,6063.0,1460300,KBS
2021-01-13 07:00:00,6109.0,6379.0,6063.0,6139.0,1956200,KBS
2021-01-14 07:00:00,6259.0,6259.0,6048.0,6169.0,814900,KBS
2021-01-15 07:00:00,6229.0,6379.0,6184.0,6214.0,1015300,KBS
2021-01-18 07:00:00,6259.0,6274.0,6018.0,6094.0,1192700,KBS
2021-01-19 07:00:00,6094.0,6094.0,5672.0,5672.0,1566100,KBS
2021-01-20 07:00:00,5597.0,5627.0,5281.0,5567.0,1524300,KBS
2021-01-21 07:00:00,5507.0,5717.0,5356.0,5567.0,1320500,KBS
2021-01-22 07:00:00,5567.0,5657.0,5507.0,5552.0,1109100,KBS
2021-01-25 07:00:00,5552.0,5687.0,5416.0,5552.0,808300,KBS
2021-01-26 07:00:00,5552.0,5552.0,5206.0,5326.0,729300,KBS
2021-01-27 07:00:00,5236.0,5341.0,4965.0,4995.0,1248100,KBS
2021-01-28 07:00:00,4664.0,4664.0,4649.0,4649.0,1090900,KBS
2021-01-29 07:00:00,4333.0,4800.0,4333.0,4664.0,945400,KBS
2021-02-01 07:00:00,4754.0,4980.0,4724.0,4815.0,1449300,KBS
2021-02-02 07:00:00,4830.0,4890.0,4694.0,4845.0,490800,KBS
2021-02-03 07:00:00,4905.0,5176.0,4890.0,5176.0,1204300,KBS
2021-02-04 07:00:00,5416.0,5416.0,5176.0,5191.0,1033800,KBS
2021-02-05 07:00:00,5281.0,5371.0,5221.0,5356.0,513100,KBS
2021-02-08 07:00:00,5326.0,5356.0,5040.0,5085.0,880700,KBS
2021-02-09 07:00:00,5055.0,5341.0,5025.0,5281.0,825000,KBS
2021-02-17 07:00:00,5386.0,5627.0,5341.0,5612.0,1097100,KBS
2021-02-18 07:00:00,5657.0,5657.0,5507.0,5552.0,793100,KBS
2021-02-19 07:00:00,5507.0,5702.0,5416.0,5657.0,1623600,KBS
2021-02-22 07:00:00,5717.0,5988.0,5717.0,5868.0,1855900,KBS
2021-02-23 07:00:00,5958.0,5958.0,5838.0,5898.0,1089000,KBS
2021-02-24 07:00:00,5898.0,5958.0,5657.0,5717.0,1428500,KBS
2021-02-25 07:00:00,5747.0,6109.0,5642.0,6109.0,3641700,KBS
2021-02-26 07:00:00,6154.0,6530.0,6139.0,6530.0,2220000,KBS
2021-03-01 07:00:00,6951.0,6951.0,6695.0,6771.0,2345500,KBS
2021-03-02 07:00:00,6771.0,7222.0,6560.0,7207.0,3269200,KBS
2021-03-03 07:00:00,7207.0,7703.0,7102.0,7703.0,3065500,KBS
2021-03-04 07:00:00,7703.0,8064.0,7372.0,7463.0,2534400,KBS
2021-03-05 07:00:00,7342.0,7673.0,7162.0,7613.0,2295700,KBS
2021-03-08 07:00:00,7703.0,7794.0,7523.0,7628.0,1731900,KBS
2021-03-09 07:00:00,7523.0,7538.0,7342.0,7387.0,1274600,KBS
2021-03-10 07:00:00,7342.0,7493.0,7177.0,7282.0,1393800,KBS
2021-03-11 07:00:00,7523.0,7583.0,7372.0,7493.0,850200,KBS
2021-03-12 07:00:00,7583.0,7673.0,7433.0,7493.0,1256900,KBS
2021-03-15 07:00:00,7463.0,7508.0,7372.0,7402.0,783400,KBS
2021-03-16 07:00:00,7433.0,7733.0,7282.0,7553.0,1318800,KBS
2021-03-17 07:00:00,7643.0,7944.0,7628.0,7884.0,2847600,KBS
2021-03-18 07:00:00,7974.0,8049.0,7733.0,7899.0,899000,KBS
2021-03-19 07:00:00,7824.0,7914.0,7673.0,7869.0,1121000,KBS
2021-03-22 07:00:00,7869.0,7869.0,7523.0,7598.0,1769300,KBS
2021-03-23 07:00:00,7613.0,7703.0,7372.0,7523.0,1296500,KBS
2021-03-24 07:00:00,7372.0,7493.0,7041.0,7162.0,875200,KBS
2021-03-25 07:00:00,7192.0,7252.0,6921.0,6981.0,1104800,KBS
2021-03-26 07:00:00,6861.0,7252.0,6650.0,7252.0,1134900,KBS
2021-03-29 07:00:00,7372.0,7583.0,7327.0,7448.0,859800,KBS
2021-03-30 07:00:00,7463.0,7628.0,7402.0,7523.0,806600,KBS
2021-03-31 07:00:00,7523.0,7523.0,7357.0,7493.0,723100,KBS
2021-04-01 07:00:00,7433.0,7463.0,7342.0,7433.0,534900,KBS
2021-04-02 07:00:00,7493.0,7553.0,7312.0,7418.0,1139800,KBS
2021-04-05 07:00:00,7433.0,7463.0,7312.0,7312.0,663000,KBS
2021-04-06 07:00:00,7312.0,7312.0,7071.0,7162.0,866500,KBS
2021-04-07 07:00:00,7102.0,7478.0,7102.0,7448.0,1541200,KBS
2021-04-08 07:00:00,7448.0,7493.0,7312.0,7387.0,571100,KBS
2021-04-09 07:00:00,7372.0,7387.0,7252.0,7327.0,547400,KBS
2021-04-12 07:00:00,7297.0,7718.0,7222.0,7658.0,2800500,KBS
2021-04-13 07:00:00,7673.0,7703.0,7342.0,7372.0,894900,KBS
2021-04-14 07:00:00,7372.0,7402.0,7222.0,7372.0,627800,KBS
2021-04-15 07:00:00,7312.0,7402.0,7222.0,7222.0,711600,KBS
2021-04-16 07:00:00,7102.0,7222.0,6891.0,6951.0,1059200,KBS
2021-04-19 07:00:00,7071.0,7162.0,6786.0,7147.0,653900,KBS
2021-04-20 07:00:00,7162.0,7387.0,7102.0,7147.0,886200,KBS
2021-04-22 07:00:00,7162.0,7252.0,6936.0,6936.0,934200,KBS
2021-04-23 07:00:00,6936.0,7117.0,6831.0,7087.0,880900,KBS
2021-04-26 07:00:00,7087.0,7102.0,6921.0,6936.0,478900,KBS
2021-04-27 07:00:00,6936.0,7192.0,6876.0,7192.0,634000,KBS
2021-04-28 07:00:00,7387.0,7688.0,7312.0,7688.0,1926900,KBS
2021-04-29 07:00:00,7854.0,8110.0,7794.0,7824.0,1916100,KBS
2021-05-04 07:00:00,7673.0,7929.0,7613.0,7899.0,1827500,KBS
2021-05-05 07:00:00,7914.0,8185.0,7824.0,8095.0,2806300,KBS
2021-05-06 07:00:00,8095.0,8095.0,7884.0,7884.0,1714400,KBS
2021-05-07 07:00:00,7824.0,7869.0,7613.0,7749.0,1631600,KBS
2021-05-10 07:00:00,7733.0,8290.0,7583.0,8290.0,2661600,KBS
2021-05-11 07:00:00,8290.0,8696.0,8275.0,8365.0,1591100,KBS
2021-05-12 07:00:00,8155.0,8501.0,8155.0,8426.0,1374900,KBS
2021-05-13 07:00:00,8335.0,8516.0,8275.0,8305.0,1103900,KBS
2021-05-14 07:00:00,8380.0,8380.0,8215.0,8215.0,1234200,KBS
2021-05-17 07:00:00,8275.0,8576.0,7974.0,8396.0,1747200,KBS
2021-05-18 07:00:00,8275.0,8576.0,8275.0,8396.0,1486600,KBS
2021-05-19 07:00:00,8396.0,8426.0,8245.0,8426.0,755700,KBS
2021-05-20 07:00:00,8426.0,8666.0,8396.0,8666.0,1980400,KBS
2021-05-21 07:00:00,8727.0,9027.0,8561.0,8606.0,1765900,KBS
2021-05-24 07:00:00,8606.0,8787.0,8456.0,8486.0,1064500,KBS
2021-05-25 07:00:00,8486.0,8636.0,8441.0,8486.0,1073400,KBS
2021-05-26 07:00:00,8426.0,8606.0,7899.0,8095.0,4012400,KBS
2021-05-27 07:00:00,8019.0,8275.0,7733.0,7959.0,2219600,KBS
2021-05-28 07:00:00,7959.0,8200.0,7929.0,8125.0,843300,KBS
2021-05-31 07:00:00,8095.0,8095.0,7974.0,8004.0,1434600,KBS
2021-06-01 07:00:00,8004.0,8034.0,7824.0,7869.0,1351700,KBS
2021-06-02 07:00:00,7869.0,8275.0,7824.0,8215.0,997000,KBS
2021-06-03 07:00:00,8275.0,8411.0,8275.0,8305.0,892800,KBS
2021-06-04 07:00:00,8305.0,8335.0,8080.0,8155.0,1032400,KBS
2021-06-07 07:00:00,8185.0,8365.0,8064.0,8260.0,1127000,KBS
2021-06-08 07:00:00,8275.0,8501.0,8260.0,8305.0,1620700,KBS
2021-06-09 07:00:00,8305.0,8501.0,8004.0,8456.0,1578800,KBS
2021-06-10 07:00:00,8591.0,8997.0,8576.0,8787.0,2822200,KBS
2021-06-11 07:00:00,8817.0,9283.0,8787.0,9178.0,2300600,KBS
2021-06-14 07:00:00,9505.0,9582.0,9333.0,9396.0,2291200,KBS
2021-06-15 07:00:00,9396.0,9442.0,9053.0,9333.0,2186000,KBS
2021-06-16 07:00:00,9396.0,9489.0,9209.0,9318.0,1551400,KBS
2021-06-17 07:00:00,9271.0,9831.0,9209.0,9645.0,1589300,KBS
2021-06-18 07:00:00,9800.0,9862.0,9520.0,9676.0,1865900,KBS
2021-06-21 07:00:00,9520.0,9738.0,9489.0,9489.0,1503100,KBS
2021-06-22 07:00:00,9520.0,9629.0,9411.0,9427.0,1479400,KBS
2021-06-23 07:00:00,9427.0,9442.0,9131.0,9240.0,1951900,KBS
2021-06-24 07:00:00,9240.0,9365.0,9178.0,9225.0,769700,KBS
2021-06-25 07:00:00,9225.0,9753.0,9225.0,9629.0,1450100,KBS
2021-06-28 07:00:00,9645.0,9676.0,9458.0,9551.0,1014800,KBS
2021-06-29 07:00:00,9551.0,9551.0,9256.0,9458.0,797300,KBS
2021-06-30 07:00:00,9489.0,9769.0,9489.0,9489.0,1036200,KBS
2021-07-01 07:00:00,9458.0,10033.0,9458.0,9987.0,1967400,KBS
2021-07-02 07:00:00,10111.0,10422.0,10018.0,10422.0,1711900,KBS
2021-07-05 07:00:00,10422.0,11138.0,9956.0,10967.0,2107700,KBS
2021-07-06 07:00:00,10858.0,11433.0,10422.0,10422.0,2451300,KBS
2021-07-07 07:00:00,10422.0,10671.0,10111.0,10625.0,1800500,KBS
2021-07-08 07:00:00,10625.0,11122.0,10578.0,10765.0,1180400,KBS
2021-07-09 07:00:00,10796.0,11387.0,10640.0,11169.0,1457600,KBS
2021-07-12 07:00:00,11200.0,11293.0,10391.0,11045.0,2077100,KBS
2021-07-13 07:00:00,11169.0,11200.0,10656.0,11045.0,1143200,KBS
2021-07-14 07:00:00,11013.0,11107.0,10516.0,10827.0,1149800,KBS
2021-07-15 07:00:00,10733.0,11169.0,10733.0,11169.0,907400,KBS
2021-07-16 07:00:00,11231.0,11947.0,11231.0,11947.0,2596200,KBS
2021-07-19 07:00:00,11822.0,12445.0,11667.0,12071.0,1790100,KBS
2021-07-20 07:00:00,12273.0,12289.0,11667.0,11993.0,1487400,KBS
2021-07-21 07:00:00,11885.0,12289.0,11869.0,12289.0,1275400,KBS
2021-07-22 07:00:00,12273.0,12693.0,12165.0,12305.0,1561500,KBS
2021-07-23 07:00:00,12258.0,12476.0,12133.0,12258.0,1251700,KBS
2021-07-26 07:00:00,12133.0,13020.0,12071.0,12927.0,2173600,KBS
2021-07-27 07:00:00,13020.0,13207.0,12880.0,12958.0,1342900,KBS
2021-07-28 07:00:00,12818.0,13098.0,12787.0,12911.0,796400,KBS
2021-07-29 07:00:00,13207.0,13222.0,12973.0,13113.0,1603100,KBS
2021-07-30 07:00:00,13160.0,13845.0,13160.0,13736.0,1804900,KBS
2021-08-02 07:00:00,13782.0,14685.0,13767.0,14685.0,2497600,KBS
2021-08-03 07:00:00,14871.0,15525.0,14778.0,15245.0,2425000,KBS
2021-08-04 07:00:00,15462.0,15711.0,14949.0,15182.0,2221200,KBS
2021-08-05 07:00:00,14934.0,15400.0,14934.0,15167.0,1410600,KBS
2021-08-06 07:00:00,15105.0,16209.0,15074.0,16178.0,2966300,KBS
2021-08-09 07:00:00,16054.0,17298.0,16054.0,17298.0,1825900,KBS
2021-08-10 07:00:00,17609.0,18480.0,17298.0,18480.0,2622000,KBS
2021-08-11 07:00:00,18729.0,19756.0,18605.0,19756.0,2670400,KBS
2021-08-12 07:00:00,19756.0,19756.0,18387.0,18387.0,3314400,KBS
2021-08-13 07:00:00,17111.0,18356.0,17111.0,17267.0,3912700,KBS
2021-08-16 07:00:00,18045.0,18449.0,17734.0,17951.0,2193600,KBS
2021-08-17 07:00:00,18356.0,18511.0,16800.0,17049.0,2408500,KBS
2021-08-18 07:00:00,16800.0,17422.0,16085.0,16676.0,2474100,KBS
2021-08-19 07:00:00,16520.0,16925.0,16489.0,16582.0,1401500,KBS
2021-08-20 07:00:00,16738.0,17454.0,16645.0,17391.0,2151300,KBS
2021-08-23 07:00:00,17422.0,18045.0,17422.0,17422.0,1904100,KBS
2021-08-24 07:00:00,17422.0,17422.0,16489.0,16862.0,1557800,KBS
2021-08-25 07:00:00,16862.0,17267.0,16551.0,17236.0,1091900,KBS
2021-08-26 07:00:00,17516.0,18418.0,17391.0,18418.0,4301500,KBS
2021-08-27 07:00:00,18605.0,19165.0,18107.0,18387.0,2061400,KBS
2021-08-30 07:00:00,18418.0,19009.0,18200.0,18574.0,1741700,KBS
2021-08-31 07:00:00,18574.0,19196.0,18325.0,18667.0,2192000,KBS
2021-09-01 07:00:00,18667.0,19974.0,18605.0,19974.0,4091800,KBS
2021-09-06 07:00:00,20534.0,21342.0,20534.0,20907.0,2797000,KBS
2021-09-07 07:00:00,20907.0,21311.0,20689.0,20938.0,2040300,KBS
2021-09-08 07:00:00,20534.0,20845.0,19942.0,20409.0,2571300,KBS
2021-09-09 07:00:00,20378.0,21778.0,20378.0,21405.0,1783800,KBS
2021-09-10 07:00:00,21685.0,21778.0,21062.0,21280.0,1042400,KBS
2021-09-13 07:00:00,21156.0,22556.0,20782.0,22245.0,2022100,KBS
2021-09-14 07:00:00,22245.0,23085.0,22058.0,22494.0,1375700,KBS
2021-09-15 07:00:00,22245.0,22556.0,21716.0,21778.0,1927800,KBS
2021-09-16 07:00:00,21591.0,22369.0,21000.0,21560.0,2105000,KBS
2021-09-17 07:00:00,21374.0,22151.0,21125.0,21716.0,1319700,KBS
2021-09-20 07:00:00,21747.0,21996.0,20347.0,20751.0,2729700,KBS
2021-09-21 07:00:00,20067.0,21311.0,20067.0,21311.0,2257000,KBS
2021-09-22 07:00:00,21467.0,21467.0,20845.0,21218.0,852900,KBS
2021-09-23 07:00:00,21094.0,21156.0,20347.0,20347.0,1831500,KBS
2021-09-24 07:00:00,20067.0,20254.0,18978.0,19009.0,4143000,KBS
2021-09-27 07:00:00,19009.0,19756.0,18978.0,19258.0,1734400,KBS
2021-09-28 07:00:00,19320.0,19725.0,18978.0,19258.0,1391800,KBS
2021-09-29 07:00:00,19071.0,19165.0,18511.0,18854.0,1727200,KBS
2021-09-30 07:00:00,18791.0,19818.0,18791.0,19694.0,1667300,KBS
2021-10-01 07:00:00,19569.0,20222.0,19569.0,19911.0,1176400,KBS
2021-10-04 07:00:00,19756.0,20222.0,19320.0,20098.0,1752000,KBS
2021-10-05 07:00:00,19631.0,19787.0,19258.0,19289.0,2230900,KBS
2021-10-06 07:00:00,19258.0,19694.0,19227.0,19476.0,918100,KBS
2021-10-07 07:00:00,19507.0,20658.0,19507.0,20627.0,2377900,KBS
2021-10-08 07:00:00,21156.0,22058.0,20845.0,21778.0,3822800,KBS
2021-10-11 07:00:00,21934.0,22245.0,21156.0,21311.0,2500600,KBS
2021-10-12 07:00:00,21218.0,22089.0,20876.0,21934.0,2253800,KBS
2021-10-13 07:00:00,22089.0,22805.0,21934.0,22711.0,3238700,KBS
2021-10-14 07:00:00,22774.0,22836.0,22276.0,22649.0,1156800,KBS
2021-10-15 07:00:00,22587.0,22805.0,22245.0,22711.0,1547400,KBS
2021-10-18 07:00:00,22680.0,23489.0,22587.0,22867.0,1854400,KBS
2021-10-19 07:00:00,23054.0,23116.0,22431.0,22867.0,869900,KBS
2021-10-20 07:00:00,22867.0,22867.0,21778.0,21778.0,2601400,KBS
2021-10-21 07:00:00,21778.0,22245.0,21467.0,21778.0,1318200,KBS
2021-10-22 07:00:00,21778.0,21934.0,21187.0,21747.0,1203500,KBS
2021-10-25 07:00:00,22027.0,22027.0,21156.0,21156.0,1497900,KBS
2021-10-26 07:00:00,21031.0,22151.0,20596.0,22089.0,1679000,KBS
2021-10-27 07:00:00,22400.0,22400.0,21716.0,21778.0,1874800,KBS
2021-10-28 07:00:00,22089.0,22338.0,21747.0,22245.0,2030700,KBS
2021-10-29 07:00:00,22338.0,22525.0,21778.0,21996.0,1855700,KBS
2021-11-01 07:00:00,22245.0,22245.0,21436.0,21498.0,1645400,KBS
2021-11-02 07:00:00,21249.0,22058.0,21156.0,21778.0,1257400,KBS
2021-11-03 07:00:00,21778.0,21934.0,20845.0,20845.0,1617300,KBS
2021-11-04 07:00:00,20751.0,21311.0,20751.0,21094.0,778200,KBS
2021-11-05 07:00:00,20969.0,21436.0,20689.0,21125.0,1796100,KBS
2021-11-08 07:00:00,21467.0,22027.0,21342.0,21840.0,1344800,KBS
2021-11-09 07:00:00,22089.0,22649.0,21934.0,22556.0,2231100,KBS
2021-11-10 07:00:00,22711.0,22711.0,22245.0,22276.0,1394200,KBS
2021-11-11 07:00:00,22245.0,22711.0,21778.0,21996.0,1511600,KBS
2021-11-12 07:00:00,21996.0,22027.0,21529.0,21654.0,1353000,KBS
2021-11-15 07:00:00,21622.0,22245.0,21622.0,21965.0,1714000,KBS
2021-11-16 07:00:00,21934.0,23489.0,21685.0,23489.0,4262400,KBS
2021-11-17 07:00:00,23925.0,24454.0,23520.0,23551.0,1765600,KBS
2021-11-18 07:00:00,23645.0,23645.0,23178.0,23396.0,1422600,KBS
2021-11-19 07:00:00,23334.0,23551.0,21778.0,22089.0,3175700,KBS
2021-11-22 07:00:00,21778.0,21934.0,20907.0,21000.0,2499000,KBS
2021-11-23 07:00:00,20782.0,21654.0,20782.0,21560.0,979900,KBS
2021-11-24 07:00:00,21622.0,22027.0,21436.0,21467.0,1329100,KBS
2021-11-25 07:00:00,21498.0,21654.0,21156.0,21311.0,1182200,KBS
2021-11-26 07:00:00,21280.0,21747.0,21031.0,21467.0,1294800,KBS
2021-11-29 07:00:00,21156.0,22649.0,21125.0,22525.0,1793100,KBS
2021-11-30 07:00:00,22587.0,22805.0,22058.0,22369.0,1039800,KBS
2021-12-01 07:00:00,22214.0,22369.0,21778.0,21902.0,993300,KBS
2021-12-02 07:00:00,21778.0,22338.0,21716.0,21871.0,842000,KBS
2021-12-03 07:00:00,22058.0,22058.0,21311.0,21342.0,979600,KBS
2021-12-06 07:00:00,21187.0,21405.0,20378.0,20502.0,1131800,KBS
2021-12-07 07:00:00,20845.0,21249.0,20596.0,21094.0,679700,KBS
2021-12-08 07:00:00,21156.0,21218.0,20751.0,20845.0,603600,KBS
2021-12-09 07:00:00,20845.0,21560.0,20845.0,21529.0,926900,KBS
2021-12-10 07:00:00,21467.0,22089.0,21405.0,21529.0,676900,KBS
2021-12-13 07:00:00,21747.0,21902.0,21218.0,21529.0,596000,KBS
2021-12-14 07:00:00,21529.0,21685.0,21311.0,21436.0,629900,KBS
2021-12-15 07:00:00,21654.0,22929.0,21654.0,22463.0,3295600,KBS
2021-12-16 07:00:00,22711.0,22836.0,22089.0,22338.0,771200,KBS
2021-12-17 07:00:00,22307.0,22463.0,21902.0,21965.0,597300,KBS
2021-12-20 07:00:00,21809.0,21902.0,21311.0,21374.0,1845900,KBS
2021-12-21 07:00:00,21156.0,21871.0,21156.0,21591.0,792400,KBS
2021-12-22 07:00:00,21902.0,21902.0,21280.0,21436.0,833200,KBS
2021-12-23 07:00:00,21716.0,21716.0,20658.0,20876.0,1113900,KBS
2021-12-24 07:00:00,21311.0,21405.0,20751.0,21280.0,721200,KBS
2021-12-27 07:00:00,21498.0,21622.0,21218.0,21498.0,518900,KBS
2021-12-28 07:00:00,21498.0,21622.0,21218.0,21249.0,462100,KBS
2021-12-29 07:00:00,21249.0,21622.0,21031.0,21187.0,677000,KBS
2021-12-30 07:00:00,21156.0,21467.0,21000.0,21311.0,507400,KBS
2021-12-31 07:00:00,21311.0,21405.0,21094.0,21094.0,381900,KBS
2022-01-04 07:00:00,21156.0,21311.0,21062.0,21125.0,580100,KBS
2022-01-05 07:00:00,21187.0,21405.0,20907.0,21000.0,1240900,KBS
2022-01-06 07:00:00,20907.0,21000.0,20689.0,20689.0,970100,KBS
2022-01-07 07:00:00,20565.0,21747.0,20036.0,21467.0,1983300,KBS
2022-01-10 07:00:00,21436.0,21467.0,20845.0,20845.0,548900,KBS
2022-01-11 07:00:00,20845.0,20907.0,20378.0,20596.0,389700,KBS
2022-01-12 07:00:00,20534.0,20845.0,19911.0,20067.0,746400,KBS
2022-01-13 07:00:00,20596.0,20596.0,20036.0,20036.0,501000,KBS
2022-01-14 07:00:00,19662.0,20036.0,19507.0,20036.0,602800,KBS
2022-01-17 07:00:00,19880.0,20222.0,18636.0,18636.0,884900,KBS
2022-01-18 07:00:00,18542.0,18791.0,17889.0,18356.0,809400,KBS
2022-01-19 07:00:00,18356.0,18885.0,18107.0,18885.0,361700,KBS
2022-01-20 07:00:00,18885.0,19414.0,18667.0,19258.0,258600,KBS
2022-01-21 07:00:00,19258.0,20036.0,19102.0,19911.0,476300,KBS
2022-01-24 07:00:00,19849.0,19849.0,18636.0,18698.0,358500,KBS
2022-01-25 07:00:00,18605.0,18854.0,18262.0,18760.0,335600,KBS
2022-01-26 07:00:00,19196.0,19196.0,18480.0,18760.0,311000,KBS
2022-01-27 07:00:00,18760.0,18978.0,18574.0,18698.0,185400,KBS
2022-01-28 07:00:00,18542.0,19600.0,18542.0,19600.0,706600,KBS
2022-02-07 07:00:00,20191.0,20969.0,19911.0,20969.0,1018000,KBS
2022-02-08 07:00:00,21125.0,21529.0,20720.0,21125.0,757600,KBS
2022-02-09 07:00:00,21156.0,21747.0,20845.0,21467.0,677400,KBS
2022-02-10 07:00:00,21405.0,22027.0,21094.0,21871.0,1134400,KBS
2022-02-11 07:00:00,21934.0,22556.0,21654.0,22089.0,1369000,KBS
2022-02-14 07:00:00,21778.0,23178.0,21716.0,22774.0,2470100,KBS
2022-02-15 07:00:00,22774.0,22898.0,22400.0,22494.0,611100,KBS
2022-02-16 07:00:00,22618.0,22991.0,22525.0,22556.0,561100,KBS
2022-02-17 07:00:00,22494.0,24111.0,22400.0,24049.0,3641700,KBS
2022-02-18 07:00:00,23956.0,25356.0,23645.0,25169.0,2201500,KBS
2022-02-21 07:00:00,25169.0,25418.0,24640.0,24889.0,1247300,KBS
2022-02-22 07:00:00,24360.0,24827.0,23800.0,24827.0,2227900,KBS
2022-02-23 07:00:00,25045.0,25511.0,24516.0,24516.0,1707100,KBS
2022-02-24 07:00:00,24267.0,24858.0,22805.0,23800.0,2836000,KBS
2022-02-25 07:00:00,24143.0,24983.0,23831.0,24267.0,1685600,KBS
2022-02-28 07:00:00,24267.0,25667.0,24143.0,25667.0,1667800,KBS
2022-03-01 07:00:00,25698.0,26320.0,25511.0,25511.0,1595300,KBS
2022-03-02 07:00:00,25231.0,25978.0,24983.0,25760.0,1794400,KBS
2022-03-03 07:00:00,25916.0,27534.0,25511.0,27534.0,2777300,KBS
2022-03-04 07:00:00,28000.0,28747.0,27751.0,28094.0,1562200,KBS
2022-03-07 07:00:00,28125.0,29400.0,28063.0,28778.0,1353100,KBS
2022-03-08 07:00:00,28498.0,28685.0,27067.0,27067.0,2390900,KBS
2022-03-09 07:00:00,27067.0,28934.0,26787.0,28934.0,1583200,KBS
2022-03-10 07:00:00,30396.0,30458.0,28965.0,29245.0,1246800,KBS
2022-03-11 07:00:00,29400.0,29867.0,28623.0,29214.0,946500,KBS
2022-03-14 07:00:00,29183.0,29805.0,27689.0,27969.0,1494300,KBS
2022-03-15 07:00:00,27720.0,28467.0,26600.0,28280.0,1691000,KBS
2022-03-16 07:00:00,28747.0,29245.0,28560.0,28871.0,706800,KBS
2022-03-17 07:00:00,29089.0,29089.0,28311.0,28778.0,977800,KBS
2022-03-18 07:00:00,29525.0,29867.0,29089.0,29805.0,1508300,KBS
2022-03-21 07:00:00,29711.0,29805.0,28560.0,28654.0,1448400,KBS
2022-03-22 07:00:00,28685.0,29587.0,27627.0,29400.0,1749200,KBS
2022-03-23 07:00:00,29400.0,31049.0,29183.0,30147.0,1296800,KBS
2022-03-24 07:00:00,29991.0,32045.0,29525.0,31329.0,1498000,KBS
2022-03-25 07:00:00,31267.0,32045.0,30769.0,31329.0,806300,KBS
2022-03-28 07:00:00,30738.0,32200.0,30489.0,32045.0,1188500,KBS
2022-03-29 07:00:00,32014.0,33072.0,31485.0,31734.0,820700,KBS
2022-03-30 07:00:00,31267.0,32667.0,30800.0,30863.0,1264900,KBS
2022-03-31 07:00:00,30894.0,31236.0,30116.0,30116.0,1097000,KBS
2022-04-01 07:00:00,30023.0,30645.0,29991.0,30365.0,1059400,KBS
2022-04-04 07:00:00,30645.0,31236.0,30023.0,30956.0,1097200,KBS
2022-04-05 07:00:00,30925.0,31734.0,30645.0,31392.0,772700,KBS
2022-04-06 07:00:00,31112.0,31267.0,30271.0,30427.0,1094600,KBS
2022-04-07 07:00:00,30085.0,30645.0,28311.0,28311.0,2919300,KBS
2022-04-08 07:00:00,28311.0,29120.0,28000.0,28343.0,769600,KBS
2022-04-12 07:00:00,28871.0,30178.0,28871.0,29027.0,961100,KBS
2022-04-13 07:00:00,29058.0,30116.0,28778.0,29774.0,808000,KBS
2022-04-14 07:00:00,29867.0,31734.0,29867.0,31672.0,1778200,KBS
2022-04-15 07:00:00,31734.0,32978.0,31485.0,32045.0,1327900,KBS
2022-04-18 07:00:00,32045.0,32698.0,30831.0,32045.0,1260600,KBS
2022-04-19 07:00:00,32045.0,34223.0,31392.0,33414.0,1748700,KBS
2022-04-20 07:00:00,33600.0,34192.0,31423.0,31423.0,1375600,KBS
2022-04-21 07:00:00,30956.0,33289.0,30800.0,32947.0,1374900,KBS
2022-04-22 07:00:00,32947.0,32947.0,30645.0,30645.0,2184600,KBS
2022-04-25 07:00:00,30645.0,31702.0,28531.0,28531.0,1179000,KBS
2022-04-26 07:00:00,26550.0,29060.0,26550.0,29060.0,1742900,KBS
2022-04-27 07:00:00,28619.0,31085.0,27915.0,31085.0,1410400,KBS
2022-04-28 07:00:00,31702.0,33243.0,31613.0,32802.0,2107800,KBS
2022-04-29 07:00:00,32406.0,35092.0,32406.0,35092.0,2084500,KBS
2022-05-04 07:00:00,35884.0,37513.0,34784.0,37293.0,2114800,KBS
2022-05-05 07:00:00,37337.0,37381.0,34740.0,36721.0,2252000,KBS
2022-05-06 07:00:00,35444.0,38878.0,35400.0,38526.0,1591100,KBS
2022-05-09 07:00:00,37778.0,38086.0,35840.0,35840.0,1815100,KBS
2022-05-10 07:00:00,33375.0,37425.0,33375.0,37425.0,2743400,KBS
2022-05-11 07:00:00,37337.0,38130.0,35224.0,37161.0,2055400,KBS
2022-05-12 07:00:00,36149.0,38086.0,34563.0,34608.0,2179400,KBS
2022-05-13 07:00:00,34563.0,35180.0,32186.0,32186.0,2031400,KBS
2022-05-16 07:00:00,32626.0,33683.0,29940.0,29940.0,2669400,KBS
2022-05-17 07:00:00,28003.0,32010.0,27871.0,31966.0,2964800,KBS
2022-05-18 07:00:00,32582.0,34079.0,31922.0,33815.0,1547100,KBS
2022-05-19 07:00:00,31702.0,34563.0,31702.0,33507.0,1405200,KBS
2022-05-20 07:00:00,33243.0,33903.0,31966.0,32142.0,1891400,KBS
2022-05-23 07:00:00,32142.0,33243.0,31613.0,31922.0,1452600,KBS
2022-05-24 07:00:00,31834.0,32802.0,31702.0,32802.0,1014100,KBS
2022-05-25 07:00:00,33066.0,35092.0,33066.0,35092.0,2281300,KBS
2022-05-26 07:00:00,36016.0,36633.0,35092.0,35224.0,1655700,KBS
2022-05-27 07:00:00,35268.0,37205.0,35224.0,36105.0,2062300,KBS
2022-05-30 07:00:00,36016.0,38086.0,34960.0,36633.0,2928700,KBS
2022-05-31 07:00:00,36633.0,37646.0,36105.0,36545.0,1340100,KBS
2022-06-01 07:00:00,36633.0,39099.0,35576.0,39099.0,3530300,KBS
2022-06-02 07:00:00,39583.0,39671.0,38306.0,38306.0,1883700,KBS
2022-06-03 07:00:00,38086.0,39847.0,37029.0,39627.0,2825600,KBS
2022-06-06 07:00:00,39010.0,40904.0,37425.0,37425.0,3617700,KBS
2022-06-07 07:00:00,37425.0,39583.0,36985.0,39583.0,2618000,KBS
2022-06-08 07:00:00,39583.0,40067.0,38614.0,38702.0,3394900,KBS
2022-06-09 07:00:00,38526.0,38702.0,37734.0,38614.0,1510900,KBS
2022-06-10 07:00:00,37954.0,38438.0,35928.0,35928.0,4168500,KBS
2022-06-13 07:00:00,33463.0,34696.0,33419.0,33419.0,3079000,KBS
2022-06-14 07:00:00,31922.0,34740.0,31922.0,33507.0,2132600,KBS
2022-06-15 07:00:00,34123.0,34123.0,32494.0,33595.0,1702400,KBS
2022-06-16 07:00:00,34255.0,35840.0,34079.0,35224.0,2010000,KBS
2022-06-17 07:00:00,34035.0,36193.0,33683.0,35664.0,2407100,KBS
2022-06-20 07:00:00,35488.0,36193.0,34784.0,34784.0,1642100,KBS
2022-06-21 07:00:00,34343.0,35180.0,32362.0,32362.0,2207100,KBS
2022-06-22 07:00:00,32142.0,32978.0,30116.0,30116.0,2687100,KBS
2022-06-23 07:00:00,28840.0,32186.0,28840.0,32186.0,1445100,KBS
2022-06-24 07:00:00,32494.0,32802.0,31746.0,31746.0,677200,KBS
2022-06-27 07:00:00,31922.0,32934.0,31481.0,31746.0,877700,KBS
2022-06-28 07:00:00,31702.0,31966.0,29940.0,30381.0,2271600,KBS
2022-06-29 07:00:00,30689.0,32494.0,30689.0,32494.0,1571000,KBS
2022-06-30 07:00:00,33243.0,33639.0,31922.0,31922.0,1079000,KBS
2022-07-01 07:00:00,31746.0,32010.0,30601.0,31393.0,984200,KBS
2022-07-04 07:00:00,31437.0,31878.0,30160.0,30205.0,1353800,KBS
2022-07-05 07:00:00,30072.0,30689.0,28091.0,28091.0,3207900,KBS
2022-07-06 07:00:00,27343.0,28531.0,26154.0,26154.0,1621900,KBS
2022-07-07 07:00:00,25978.0,26814.0,25273.0,26418.0,1175500,KBS
2022-07-08 07:00:00,26858.0,27431.0,26638.0,26726.0,676600,KBS
2022-07-11 07:00:00,26858.0,26946.0,25757.0,26286.0,703300,KBS
2022-07-12 07:00:00,25978.0,28091.0,25537.0,28091.0,1609800,KBS
2022-07-13 07:00:00,28575.0,28884.0,27695.0,28091.0,978100,KBS
2022-07-14 07:00:00,27651.0,28179.0,27166.0,27783.0,825400,KBS
2022-07-15 07:00:00,27739.0,28575.0,27299.0,27299.0,868500,KBS
2022-07-18 07:00:00,27431.0,28047.0,27255.0,27607.0,871100,KBS
2022-07-19 07:00:00,27607.0,28223.0,27607.0,28179.0,1017000,KBS
2022-07-20 07:00:00,28619.0,29896.0,28223.0,29896.0,2177300,KBS
2022-07-21 07:00:00,29940.0,29940.0,29148.0,29280.0,964500,KBS
2022-07-22 07:00:00,29060.0,29896.0,29060.0,29060.0,802000,KBS
2022-07-25 07:00:00,28663.0,29016.0,28091.0,28972.0,1206300,KBS
2022-07-26 07:00:00,28928.0,29456.0,28752.0,29324.0,1168300,KBS
2022-07-27 07:00:00,29148.0,29148.0,28223.0,28355.0,916600,KBS
2022-07-28 07:00:00,28840.0,29456.0,28531.0,28752.0,1117900,KBS
2022-07-29 07:00:00,29500.0,30337.0,29060.0,29060.0,2711400,KBS
2022-08-01 07:00:00,29412.0,29500.0,28619.0,29368.0,1171300,KBS
2022-08-02 07:00:00,29588.0,30116.0,29500.0,29852.0,1550500,KBS
2022-08-03 07:00:00,29808.0,30733.0,29544.0,30689.0,1670400,KBS
2022-08-04 07:00:00,30821.0,31041.0,30116.0,30469.0,1240900,KBS
2022-08-05 07:00:00,30381.0,30381.0,30028.0,30160.0,1037800,KBS
2022-08-08 07:00:00,30160.0,31173.0,29764.0,30777.0,1445400,KBS
2022-08-09 07:00:00,30733.0,31393.0,30557.0,30865.0,1004000,KBS
2022-08-10 07:00:00,30689.0,31217.0,30381.0,30381.0,791800,KBS
2022-08-11 07:00:00,30689.0,30777.0,29500.0,29720.0,1269400,KBS
2022-08-12 07:00:00,29808.0,30116.0,29588.0,29808.0,1103800,KBS
2022-08-15 07:00:00,30205.0,30733.0,30028.0,30293.0,692200,KBS
2022-08-16 07:00:00,30425.0,31085.0,30028.0,30645.0,1231100,KBS
2022-08-17 07:00:00,30733.0,31041.0,30028.0,30249.0,1131500,KBS
2022-08-18 07:00:00,30381.0,30381.0,29940.0,29940.0,862800,KBS
2022-08-19 07:00:00,29940.0,30072.0,28752.0,28972.0,2209200,KBS
2022-08-22 07:00:00,28796.0,28796.0,27651.0,27827.0,2839400,KBS
2022-08-23 07:00:00,27739.0,28443.0,27299.0,28355.0,918000,KBS
2022-08-24 07:00:00,28179.0,28840.0,28179.0,28575.0,1088700,KBS
2022-08-25 07:00:00,28707.0,29192.0,28355.0,28928.0,1303900,KBS
2022-08-26 07:00:00,29104.0,29324.0,28311.0,28487.0,1066400,KBS
2022-08-29 07:00:00,27739.0,28311.0,27299.0,28311.0,1653500,KBS
2022-08-30 07:00:00,28355.0,28972.0,28355.0,28399.0,998300,KBS
2022-08-31 07:00:00,28399.0,28531.0,28047.0,28399.0,702200,KBS
2022-09-05 07:00:00,28575.0,29676.0,28399.0,29500.0,2361400,KBS
2022-09-06 07:00:00,29588.0,29984.0,29412.0,29412.0,1470700,KBS
2022-09-07 07:00:00,29148.0,29324.0,27739.0,27739.0,2080400,KBS
2022-09-08 07:00:00,28091.0,28135.0,27210.0,27299.0,1269900,KBS
2022-09-09 07:00:00,27695.0,27695.0,26638.0,27607.0,1037800,KBS
2022-09-12 07:00:00,27783.0,28311.0,27607.0,27959.0,759000,KBS
2022-09-13 07:00:00,27959.0,28135.0,27299.0,27607.0,733500,KBS
2022-09-14 07:00:00,26858.0,27387.0,26858.0,27299.0,1131300,KBS
2022-09-15 07:00:00,27739.0,27739.0,27255.0,27255.0,554200,KBS
2022-09-16 07:00:00,27255.0,27255.0,26198.0,26374.0,1819600,KBS
2022-09-19 07:00:00,26418.0,26462.0,24569.0,24569.0,2705500,KBS
2022-09-20 07:00:00,24657.0,24833.0,23116.0,23556.0,2505700,KBS
2022-09-21 07:00:00,23336.0,23556.0,21993.0,22719.0,2643900,KBS
2022-09-22 07:00:00,22103.0,23996.0,22103.0,23952.0,1695400,KBS
2022-09-23 07:00:00,23996.0,24040.0,22984.0,22984.0,1524400,KBS
2022-09-26 07:00:00,22235.0,22455.0,21377.0,21377.0,2014600,KBS
2022-09-27 07:00:00,21090.0,21377.0,19902.0,19902.0,3186700,KBS
2022-09-28 07:00:00,19681.0,20474.0,19351.0,19373.0,1825700,KBS
2022-09-29 07:00:00,20056.0,20056.0,18272.0,18537.0,2382200,KBS
2022-09-30 07:00:00,18184.0,18537.0,17260.0,18272.0,5175800,KBS
2022-10-03 07:00:00,18184.0,18977.0,17172.0,17172.0,2857000,KBS
2022-10-04 07:00:00,17612.0,18360.0,17304.0,18272.0,4300400,KBS
2022-10-05 07:00:00,18889.0,19219.0,18537.0,19065.0,2892800,KBS
2022-10-06 07:00:00,18999.0,19153.0,17744.0,17744.0,3867000,KBS
2022-10-07 07:00:00,17172.0,17260.0,16511.0,17018.0,3826900,KBS
2022-10-10 07:00:00,16401.0,18206.0,16401.0,18206.0,2351100,KBS
2022-10-11 07:00:00,18250.0,18250.0,16952.0,17260.0,2821100,KBS
2022-10-12 07:00:00,17392.0,18272.0,17260.0,17876.0,1291100,KBS
2022-10-13 07:00:00,17876.0,18404.0,17678.0,17942.0,1269000,KBS
2022-10-14 07:00:00,18272.0,18823.0,18096.0,18691.0,2042600,KBS
2022-10-17 07:00:00,18493.0,18779.0,18030.0,18493.0,1416700,KBS
2022-10-18 07:00:00,18845.0,19021.0,18404.0,18493.0,1906100,KBS
2022-10-19 07:00:00,18581.0,18911.0,18382.0,18757.0,1002600,KBS
2022-10-20 07:00:00,18559.0,19021.0,18294.0,18757.0,1734700,KBS
2022-10-21 07:00:00,18757.0,18779.0,17458.0,17810.0,2958500,KBS
2022-10-24 07:00:00,17788.0,17788.0,16577.0,16577.0,1137200,KBS
2022-10-25 07:00:00,15939.0,17018.0,15432.0,15454.0,2318100,KBS
2022-10-26 07:00:00,15234.0,15851.0,14376.0,14376.0,1381700,KBS
2022-10-27 07:00:00,13649.0,15146.0,13649.0,14970.0,1431400,KBS
2022-10-28 07:00:00,15190.0,15278.0,14728.0,14794.0,1016900,KBS
2022-10-31 07:00:00,14838.0,15454.0,14750.0,15454.0,1655900,KBS
2022-11-01 07:00:00,15653.0,15763.0,15190.0,15410.0,959000,KBS
2022-11-02 07:00:00,15410.0,15499.0,14838.0,14882.0,898300,KBS
2022-11-03 07:00:00,14596.0,15366.0,14310.0,15168.0,805600,KBS
2022-11-04 07:00:00,15058.0,15587.0,14816.0,15587.0,2453400,KBS
2022-11-07 07:00:00,15631.0,15895.0,14508.0,14508.0,1036500,KBS
2022-11-08 07:00:00,14222.0,14530.0,13693.0,13693.0,1134500,KBS
2022-11-09 07:00:00,13913.0,14310.0,13869.0,14090.0,799700,KBS
2022-11-10 07:00:00,13671.0,14002.0,13121.0,13121.0,988400,KBS
2022-11-11 07:00:00,13407.0,13407.0,12218.0,12218.0,1610800,KBS
2022-11-14 07:00:00,11382.0,11580.0,11382.0,11382.0,1765200,KBS
2022-11-15 07:00:00,10589.0,10985.0,10589.0,10589.0,2259300,KBS
2022-11-16 07:00:00,9863.0,11316.0,9863.0,11316.0,2019700,KBS
2022-11-17 07:00:00,11976.0,11976.0,11492.0,11712.0,699200,KBS
2022-11-18 07:00:00,11712.0,11932.0,10985.0,11536.0,1340300,KBS
2022-11-21 07:00:00,11668.0,12328.0,11536.0,12328.0,654800,KBS
2022-11-22 07:00:00,12747.0,13165.0,12328.0,12394.0,1672700,KBS
2022-11-23 07:00:00,12416.0,13209.0,12196.0,12703.0,1408900,KBS
2022-11-24 07:00:00,12549.0,12989.0,12460.0,12901.0,712500,KBS
2022-11-25 07:00:00,13099.0,13143.0,12769.0,13121.0,600600,KBS
2022-11-28 07:00:00,13407.0,13957.0,13275.0,13847.0,1066900,KBS
2022-11-29 07:00:00,14090.0,14354.0,13693.0,14222.0,1245100,KBS
2022-11-30 07:00:00,14244.0,14310.0,13253.0,13561.0,3937200,KBS
2022-12-01 07:00:00,14068.0,14068.0,13429.0,13781.0,6077000,KBS
2022-12-02 07:00:00,13671.0,13957.0,12923.0,13605.0,3421000,KBS
2022-12-05 07:00:00,14090.0,14442.0,13341.0,13583.0,5306000,KBS
2022-12-06 07:00:00,13561.0,14530.0,13407.0,14530.0,3683300,KBS
2022-12-07 07:00:00,15521.0,15543.0,14618.0,14750.0,5758500,KBS
2022-12-08 07:00:00,14926.0,15454.0,14772.0,15190.0,3448600,KBS
2022-12-09 07:00:00,15278.0,15410.0,14574.0,14750.0,2544200,KBS
2022-12-12 07:00:00,14706.0,15763.0,14684.0,15278.0,5109900,KBS
2022-12-13 07:00:00,15366.0,16203.0,14970.0,16203.0,3796100,KBS
2022-12-14 07:00:00,16555.0,16599.0,15763.0,15785.0,2644800,KBS
2022-12-15 07:00:00,15719.0,15961.0,15454.0,15785.0,1988700,KBS
2022-12-16 07:00:00,15543.0,16291.0,15454.0,15631.0,1557200,KBS
2022-12-19 07:00:00,15587.0,16115.0,14706.0,14706.0,2569600,KBS
2022-12-20 07:00:00,14574.0,15190.0,14552.0,14728.0,3728700,KBS
2022-12-21 07:00:00,15256.0,15256.0,13715.0,13891.0,2289500,KBS
2022-12-22 07:00:00,14112.0,14178.0,13473.0,13649.0,1255800,KBS
2022-12-23 07:00:00,13671.0,13935.0,13517.0,13781.0,757700,KBS
2022-12-26 07:00:00,13847.0,13847.0,12945.0,12945.0,1851600,KBS
2022-12-27 07:00:00,12879.0,13847.0,12769.0,13847.0,1331700,KBS
2022-12-28 07:00:00,13891.0,14376.0,13627.0,14288.0,969000,KBS
2022-12-29 07:00:00,14266.0,14310.0,13979.0,14310.0,796600,KBS
2022-12-30 07:00:00,14332.0,14420.0,14200.0,14200.0,673300,KBS
2023-01-03 07:00:00,14134.0,15190.0,14134.0,15190.0,2517100,KBS
2023-01-04 07:00:00,15410.0,15499.0,14882.0,15124.0,1502600,KBS
2023-01-05 07:00:00,15234.0,15499.0,15014.0,15454.0,1360300,KBS
2023-01-06 07:00:00,15587.0,15829.0,15058.0,15058.0,1362300,KBS
2023-01-09 07:00:00,15278.0,15322.0,14904.0,14926.0,787900,KBS
2023-01-10 07:00:00,15080.0,15080.0,14530.0,14618.0,1339000,KBS
2023-01-11 07:00:00,14662.0,14860.0,14574.0,14618.0,1028900,KBS
2023-01-12 07:00:00,14640.0,14750.0,14310.0,14530.0,1000400,KBS
2023-01-13 07:00:00,14552.0,14750.0,14530.0,14574.0,753800,KBS
2023-01-16 07:00:00,14640.0,14970.0,14508.0,14662.0,731200,KBS
2023-01-17 07:00:00,14750.0,15410.0,14728.0,15344.0,1405000,KBS
2023-01-18 07:00:00,15322.0,16027.0,15322.0,16027.0,2785900,KBS
2023-01-19 07:00:00,16203.0,16335.0,15983.0,16291.0,1967700,KBS
2023-01-27 07:00:00,16423.0,16775.0,16071.0,16291.0,1672400,KBS
2023-01-30 07:00:00,16291.0,16467.0,16005.0,16027.0,1563700,KBS
2023-01-31 07:00:00,15983.0,17128.0,15895.0,17128.0,2609500,KBS
2023-02-01 07:00:00,17722.0,17722.0,16511.0,16731.0,2470900,KBS
2023-02-02 07:00:00,16819.0,16929.0,16115.0,16423.0,1745300,KBS
2023-02-03 07:00:00,16423.0,16885.0,16423.0,16863.0,1131700,KBS
2023-02-06 07:00:00,16731.0,17656.0,16577.0,17392.0,1546300,KBS
2023-02-07 07:00:00,17260.0,17920.0,16731.0,16952.0,1613100,KBS
2023-02-08 07:00:00,16952.0,17172.0,16335.0,16687.0,936600,KBS
2023-02-09 07:00:00,16687.0,17062.0,16577.0,16929.0,853800,KBS
2023-02-10 07:00:00,16731.0,16952.0,16181.0,16247.0,1020000,KBS
2023-02-13 07:00:00,16159.0,16159.0,15124.0,15124.0,2233200,KBS
2023-02-14 07:00:00,15410.0,15631.0,15212.0,15322.0,628100,KBS
2023-02-15 07:00:00,15388.0,15631.0,15322.0,15565.0,964300,KBS
2023-02-16 07:00:00,15587.0,15829.0,15410.0,15697.0,1322600,KBS
2023-02-17 07:00:00,15697.0,16115.0,15697.0,15939.0,1729100,KBS
2023-02-20 07:00:00,16027.0,16775.0,16027.0,16731.0,1357000,KBS
2023-02-21 07:00:00,16885.0,17084.0,16511.0,16533.0,1982600,KBS
2023-02-22 07:00:00,16291.0,16753.0,16203.0,16203.0,1908700,KBS
2023-02-23 07:00:00,16159.0,16159.0,15410.0,15939.0,1628600,KBS
2023-02-24 07:00:00,16071.0,16203.0,15565.0,15631.0,704100,KBS
2023-02-27 07:00:00,15499.0,15609.0,14882.0,14882.0,1106300,KBS
2023-02-28 07:00:00,15102.0,15190.0,13847.0,14266.0,1613100,KBS
2023-03-01 07:00:00,14178.0,15014.0,14134.0,15014.0,968500,KBS
2023-03-02 07:00:00,14970.0,15300.0,14860.0,14860.0,654800,KBS
2023-03-03 07:00:00,14926.0,15036.0,14530.0,14530.0,844900,KBS
2023-03-06 07:00:00,14750.0,14926.0,14486.0,14486.0,610600,KBS
2023-03-07 07:00:00,14530.0,14750.0,14244.0,14354.0,898300,KBS
2023-03-08 07:00:00,14354.0,14794.0,14200.0,14750.0,801500,KBS
2023-03-09 07:00:00,14926.0,14970.0,14706.0,14794.0,839300,KBS
2023-03-10 07:00:00,14794.0,15124.0,14706.0,15014.0,1590900,KBS
2023-03-13 07:00:00,14706.0,14970.0,14706.0,14750.0,703400,KBS
2023-03-14 07:00:00,14750.0,14772.0,14288.0,14398.0,1029700,KBS
2023-03-15 07:00:00,14728.0,14970.0,14530.0,14882.0,812800,KBS
2023-03-16 07:00:00,14794.0,14794.0,14574.0,14574.0,538200,KBS
2023-03-17 07:00:00,14794.0,14794.0,14486.0,14596.0,487700,KBS
2023-03-20 07:00:00,14640.0,14640.0,13979.0,14046.0,1000600,KBS
2023-03-21 07:00:00,14310.0,14310.0,13693.0,14178.0,706900,KBS
2023-03-22 07:00:00,14442.0,14442.0,14090.0,14090.0,370300,KBS
2023-03-23 07:00:00,14068.0,14068.0,13913.0,13979.0,635200,KBS
2023-03-24 07:00:00,14178.0,14288.0,14112.0,14266.0,569000,KBS
2023-03-27 07:00:00,14508.0,14552.0,14332.0,14486.0,728700,KBS
2023-03-28 07:00:00,14618.0,14970.0,14574.0,14618.0,1291100,KBS
2023-03-29 07:00:00,14530.0,14926.0,14530.0,14772.0,1051600,KBS
2023-03-30 07:00:00,14926.0,14926.0,14816.0,14926.0,974400,KBS
2023-03-31 07:00:00,14926.0,15146.0,14926.0,15058.0,1130600,KBS
2023-04-03 07:00:00,15234.0,15410.0,15190.0,15256.0,1052300,KBS
2023-04-04 07:00:00,15322.0,16313.0,15124.0,16313.0,3702500,KBS
2023-04-05 07:00:00,16379.0,16709.0,16137.0,16489.0,1258200,KBS
2023-04-06 07:00:00,16379.0,16577.0,16357.0,16357.0,1307900,KBS
2023-04-07 07:00:00,16313.0,16731.0,16093.0,16489.0,1397500,KBS
2023-04-10 07:00:00,16643.0,16819.0,16423.0,16577.0,1490400,KBS
2023-04-11 07:00:00,16511.0,17106.0,16511.0,17040.0,1720300,KBS
2023-04-12 07:00:00,17436.0,17524.0,17172.0,17524.0,1624400,KBS
2023-04-13 07:00:00,17568.0,17568.0,16731.0,16731.0,1560300,KBS
2023-04-14 07:00:00,17084.0,17194.0,16731.0,16863.0,984200,KBS
2023-04-17 07:00:00,16731.0,16863.0,16313.0,16335.0,551600,KBS
2023-04-18 07:00:00,16379.0,16687.0,16247.0,16687.0,590900,KBS
2023-04-19 07:00:00,16753.0,17128.0,16599.0,16952.0,570900,KBS
2023-04-20 07:00:00,16753.0,17150.0,16599.0,16621.0,867200,KBS
2023-04-21 07:00:00,17040.0,17040.0,16643.0,16665.0,402100,KBS
2023-04-24 07:00:00,16665.0,17392.0,16643.0,17084.0,705800,KBS
2023-04-25 07:00:00,17172.0,18272.0,17172.0,18272.0,4027200,KBS
2023-04-26 07:00:00,18515.0,18691.0,18074.0,18404.0,996400,KBS
2023-04-27 07:00:00,18471.0,19131.0,18052.0,18052.0,1107400,KBS
2023-04-28 07:00:00,18140.0,18316.0,17656.0,18052.0,1356200,KBS
2023-05-04 07:00:00,18140.0,18933.0,18140.0,18669.0,1088600,KBS
2023-05-05 07:00:00,18581.0,18713.0,17876.0,18008.0,943800,KBS
2023-05-08 07:00:00,18008.0,18493.0,17348.0,17392.0,2272200,KBS
2023-05-09 07:00:00,17348.0,17876.0,17172.0,17788.0,1307500,KBS
2023-05-10 07:00:00,17832.0,18184.0,17656.0,17656.0,719800,KBS
2023-05-11 07:00:00,17832.0,18140.0,17766.0,17810.0,1046500,KBS
2023-05-12 07:00:00,17810.0,18404.0,17722.0,18250.0,1498100,KBS
2023-05-15 07:00:00,18493.0,18625.0,18118.0,18338.0,1069700,KBS
2023-05-16 07:00:00,18360.0,18360.0,17810.0,17854.0,1467900,KBS
2023-05-17 07:00:00,17920.0,18140.0,17744.0,17766.0,1209600,KBS
2023-05-18 07:00:00,17788.0,17788.0,17260.0,17348.0,1539300,KBS
2023-05-19 07:00:00,17480.0,17480.0,17084.0,17150.0,1147700,KBS
2023-05-22 07:00:00,17128.0,17392.0,17084.0,17238.0,963900,KBS
2023-05-23 07:00:00,17480.0,17480.0,17084.0,17084.0,898800,KBS
2023-05-24 07:00:00,17304.0,17348.0,17084.0,17216.0,577500,KBS
2023-05-25 07:00:00,17150.0,17524.0,17150.0,17392.0,730700,KBS
2023-05-26 07:00:00,17480.0,17480.0,17260.0,17260.0,608900,KBS
2023-05-29 07:00:00,17282.0,17612.0,17282.0,17568.0,863800,KBS
2023-05-30 07:00:00,17744.0,18074.0,17634.0,17766.0,1398900,KBS
2023-05-31 07:00:00,17920.0,18162.0,17876.0,17942.0,1642600,KBS
2023-06-01 07:00:00,18118.0,18140.0,17546.0,17700.0,2282300,KBS
2023-06-02 07:00:00,17810.0,17986.0,17546.0,17634.0,2058300,KBS
2023-06-05 07:00:00,17876.0,18867.0,17700.0,18867.0,5985200,KBS
2023-06-06 07:00:00,18977.0,19285.0,18757.0,18823.0,2556100,KBS
2023-06-07 07:00:00,18977.0,19813.0,18691.0,19593.0,4318100,KBS
2023-06-08 07:00:00,19703.0,19769.0,18867.0,18867.0,3015300,KBS
2023-06-09 07:00:00,18999.0,19593.0,18845.0,19593.0,2674900,KBS
2023-06-12 07:00:00,19813.0,20430.0,19461.0,19835.0,2409500,KBS
2023-06-13 07:00:00,20034.0,20078.0,19197.0,19417.0,2403200,KBS
2023-06-14 07:00:00,19505.0,19549.0,18999.0,19021.0,1751700,KBS
2023-06-15 07:00:00,19021.0,19395.0,18955.0,19175.0,1353800,KBS
2023-06-16 07:00:00,19329.0,19527.0,18713.0,18713.0,1941000,KBS
2023-06-19 07:00:00,18735.0,18977.0,18581.0,18845.0,1335300,KBS
2023-06-20 07:00:00,18933.0,19153.0,18845.0,19153.0,1217000,KBS
2023-06-21 07:00:00,19241.0,19681.0,19131.0,19461.0,1750400,KBS
2023-06-22 07:00:00,19571.0,20122.0,19329.0,19659.0,2575900,KBS
2023-06-23 07:00:00,19747.0,19747.0,19197.0,19439.0,1594000,KBS
2023-06-26 07:00:00,19329.0,19681.0,18933.0,19681.0,1930300,KBS
2023-06-27 07:00:00,19946.0,20826.0,19857.0,20562.0,3943300,KBS
2023-06-28 07:00:00,20650.0,20650.0,20122.0,20166.0,1547100,KBS
2023-06-29 07:00:00,20210.0,20386.0,19681.0,19681.0,2156000,KBS
2023-06-30 07:00:00,19703.0,20078.0,19571.0,19813.0,1308800,KBS
2023-07-03 07:00:00,20144.0,20342.0,19857.0,20078.0,929000,KBS
2023-07-04 07:00:00,20144.0,20584.0,20144.0,20342.0,1475300,KBS
2023-07-05 07:00:00,20518.0,21266.0,20342.0,20606.0,2242400,KBS
2023-07-06 07:00:00,20760.0,21002.0,20496.0,20826.0,2359400,KBS
2023-07-07 07:00:00,20826.0,21178.0,20628.0,21134.0,2179300,KBS
2023-07-10 07:00:00,21310.0,21597.0,21090.0,21575.0,2003800,KBS
2023-07-11 07:00:00,21575.0,21707.0,21222.0,21244.0,1934100,KBS
2023-07-12 07:00:00,21355.0,21355.0,20914.0,21068.0,1390400,KBS
2023-07-13 07:00:00,21244.0,21575.0,21068.0,21575.0,1289100,KBS
2023-07-14 07:00:00,21553.0,21839.0,21377.0,21465.0,1668100,KBS
2023-07-17 07:00:00,21465.0,21729.0,21222.0,21288.0,1683200,KBS
2023-07-18 07:00:00,21332.0,21531.0,21068.0,21288.0,1141800,KBS
2023-07-19 07:00:00,21465.0,21927.0,21288.0,21288.0,1918500,KBS
2023-07-20 07:00:00,21310.0,21377.0,21068.0,21068.0,1259100,KBS
2023-07-21 07:00:00,21134.0,21707.0,21046.0,21707.0,1833700,KBS
2023-07-24 07:00:00,21795.0,22411.0,21663.0,22191.0,2520200,KBS
2023-07-25 07:00:00,22455.0,22631.0,21927.0,22103.0,1861500,KBS
2023-07-26 07:00:00,22147.0,22323.0,21883.0,21949.0,1529900,KBS
2023-07-27 07:00:00,21949.0,21949.0,21222.0,21509.0,2620100,KBS
2023-07-28 07:00:00,21663.0,21927.0,21487.0,21905.0,1207900,KBS
2023-07-31 07:00:00,22015.0,22235.0,21817.0,21861.0,1359100,KBS
2023-08-01 07:00:00,21883.0,21883.0,21399.0,21399.0,2039800,KBS
2023-08-02 07:00:00,21421.0,21531.0,21266.0,21377.0,1378300,KBS
2023-08-03 07:00:00,21421.0,22103.0,21377.0,21971.0,2652700,KBS
2023-08-04 07:00:00,22059.0,22103.0,21751.0,21817.0,2094900,KBS
2023-08-07 07:00:00,23335.0,23335.0,22675.0,22972.0,3173200,KBS
2023-08-08 07:00:00,23170.0,23170.0,22576.0,22675.0,1867400,KBS
2023-08-09 07:00:00,22675.0,22708.0,22015.0,22180.0,2264500,KBS
2023-08-10 07:00:00,22180.0,22312.0,21817.0,21850.0,1615100,KBS
2023-08-11 07:00:00,21850.0,22048.0,21355.0,21718.0,1557500,KBS
2023-08-14 07:00:00,21949.0,22345.0,21652.0,22180.0,1722600,KBS
2023-08-15 07:00:00,22378.0,22807.0,22213.0,22312.0,1586600,KBS
2023-08-16 07:00:00,22312.0,22444.0,22114.0,22180.0,807400,KBS
2023-08-17 07:00:00,22378.0,22675.0,22081.0,22345.0,1750600,KBS
2023-08-18 07:00:00,22213.0,22213.0,20794.0,20794.0,2570300,KBS
2023-08-21 07:00:00,20662.0,20794.0,19737.0,20001.0,1581700,KBS
2023-08-22 07:00:00,20134.0,20398.0,19275.0,20365.0,1258800,KBS
2023-08-23 07:00:00,20398.0,20926.0,20398.0,20662.0,1063000,KBS
2023-08-24 07:00:00,20596.0,20794.0,20530.0,20794.0,989700,KBS
2023-08-25 07:00:00,20893.0,21025.0,20497.0,20662.0,737500,KBS
2023-08-28 07:00:00,20827.0,21025.0,20662.0,20926.0,932100,KBS
2023-08-29 07:00:00,21091.0,21520.0,20959.0,21091.0,1317900,KBS
2023-08-30 07:00:00,21124.0,21553.0,21124.0,21454.0,1237800,KBS
2023-08-31 07:00:00,21652.0,22906.0,21619.0,22906.0,3589500,KBS
2023-09-05 07:00:00,23500.0,23962.0,23467.0,23599.0,2737400,KBS
2023-09-06 07:00:00,23731.0,23863.0,23269.0,23599.0,2970300,KBS
2023-09-07 07:00:00,23698.0,23962.0,23500.0,23533.0,2286600,KBS
2023-09-08 07:00:00,23302.0,25150.0,23137.0,25150.0,8078300,KBS
2023-09-11 07:00:00,25546.0,25678.0,24886.0,24886.0,4770600,KBS
2023-09-12 07:00:00,24886.0,25414.0,24523.0,25348.0,3269900,KBS
2023-09-13 07:00:00,25711.0,26372.0,24952.0,25084.0,4227300,KBS
2023-09-14 07:00:00,25216.0,26075.0,25018.0,25447.0,4043200,KBS
2023-09-15 07:00:00,25744.0,26075.0,25084.0,25447.0,2381800,KBS
2023-09-18 07:00:00,25480.0,25711.0,24490.0,24688.0,3297900,KBS
2023-09-19 07:00:00,25018.0,25612.0,24688.0,25348.0,3099400,KBS
2023-09-20 07:00:00,25612.0,26801.0,25579.0,26075.0,4310400,KBS
2023-09-21 07:00:00,26339.0,26834.0,26009.0,26174.0,4021300,KBS
2023-09-22 07:00:00,25612.0,26009.0,24721.0,25216.0,5545400,KBS
2023-09-25 07:00:00,24820.0,26141.0,23764.0,23764.0,5748700,KBS
2023-09-26 07:00:00,24886.0,24886.0,23764.0,23764.0,3763600,KBS
2023-09-27 07:00:00,24094.0,24754.0,23533.0,24754.0,3628500,KBS
2023-09-28 07:00:00,24787.0,26273.0,24787.0,25546.0,4987200,KBS
2023-09-29 07:00:00,26009.0,26009.0,24952.0,25612.0,3115400,KBS
2023-10-02 07:00:00,25546.0,26801.0,25480.0,25910.0,4796500,KBS
2023-10-03 07:00:00,25546.0,25744.0,24292.0,24523.0,6004000,KBS
2023-10-04 07:00:00,24160.0,25579.0,24094.0,25018.0,3051400,KBS
2023-10-05 07:00:00,25216.0,25943.0,25018.0,25018.0,4122500,KBS
2023-10-06 07:00:00,25051.0,25810.0,24754.0,25810.0,3301500,KBS
2023-10-09 07:00:00,26207.0,26768.0,26108.0,26768.0,5696000,KBS
2023-10-10 07:00:00,27230.0,27857.0,26405.0,26405.0,5360400,KBS
2023-10-11 07:00:00,26636.0,26834.0,26075.0,26834.0,3837800,KBS
2023-10-12 07:00:00,26999.0,27296.0,26273.0,26471.0,4006200,KBS
2023-10-13 07:00:00,26075.0,26933.0,25943.0,26900.0,3548800,KBS
2023-10-16 07:00:00,26900.0,27197.0,26009.0,26009.0,3812800,KBS
2023-10-17 07:00:00,26273.0,26570.0,24226.0,24226.0,4224700,KBS
2023-10-18 07:00:00,24754.0,24754.0,22576.0,23137.0,6444100,KBS
2023-10-19 07:00:00,23137.0,23533.0,22774.0,22972.0,3572500,KBS
2023-10-20 07:00:00,23104.0,23401.0,21817.0,23335.0,3702800,KBS
2023-10-23 07:00:00,23467.0,23632.0,22312.0,22510.0,1945700,KBS
2023-10-24 07:00:00,22741.0,22741.0,21916.0,22411.0,2269100,KBS
2023-10-25 07:00:00,22477.0,23203.0,22477.0,22543.0,2090000,KBS
2023-10-26 07:00:00,22114.0,22114.0,20992.0,20992.0,4776300,KBS
2023-10-27 07:00:00,21124.0,21256.0,20134.0,20992.0,2084100,KBS
2023-10-30 07:00:00,20959.0,20992.0,19803.0,19803.0,1524100,KBS
2023-10-31 07:00:00,19869.0,20067.0,18417.0,18417.0,4145500,KBS
2023-11-01 07:00:00,18384.0,19143.0,18087.0,19110.0,2958900,KBS
2023-11-02 07:00:00,19539.0,20431.0,19473.0,20431.0,2719700,KBS
2023-11-03 07:00:00,20860.0,20926.0,20134.0,20398.0,2391100,KBS
2023-11-06 07:00:00,20794.0,20794.0,20266.0,20662.0,1543200,KBS
2023-11-07 07:00:00,20464.0,21454.0,20134.0,21025.0,2330300,KBS
2023-11-08 07:00:00,21025.0,22312.0,20827.0,22279.0,2679700,KBS
2023-11-09 07:00:00,22312.0,22840.0,22147.0,22147.0,3088700,KBS
2023-11-10 07:00:00,21784.0,22411.0,21652.0,21817.0,3117800,KBS
2023-11-13 07:00:00,21817.0,22411.0,21652.0,22048.0,1997900,KBS
2023-11-14 07:00:00,22378.0,22774.0,22180.0,22477.0,2634700,KBS
2023-11-15 07:00:00,23104.0,23137.0,22345.0,22378.0,2234600,KBS
2023-11-16 07:00:00,22312.0,22972.0,22180.0,22708.0,2138600,KBS
2023-11-17 07:00:00,22774.0,22972.0,22114.0,22114.0,3344300,KBS
2023-11-20 07:00:00,21718.0,22543.0,21718.0,22378.0,2084000,KBS
2023-11-21 07:00:00,22774.0,22774.0,22477.0,22675.0,1479300,KBS
2023-11-22 07:00:00,22675.0,23302.0,22675.0,23302.0,3205100,KBS
2023-11-23 07:00:00,23599.0,23665.0,22114.0,22114.0,3167100,KBS
2023-11-24 07:00:00,22312.0,22411.0,21520.0,22411.0,3168900,KBS
2023-11-27 07:00:00,22675.0,23236.0,22642.0,22873.0,2722300,KBS
2023-11-28 07:00:00,22972.0,23764.0,22774.0,23764.0,5259300,KBS
2023-11-29 07:00:00,23929.0,24094.0,23599.0,23830.0,2612600,KBS
2023-11-30 07:00:00,23929.0,24226.0,23368.0,23434.0,3154700,KBS
2023-12-01 07:00:00,23632.0,24094.0,23467.0,23929.0,3282700,KBS
2023-12-04 07:00:00,24556.0,24820.0,24457.0,24655.0,3409300,KBS
2023-12-05 07:00:00,24688.0,24754.0,24292.0,24391.0,3180500,KBS
2023-12-06 07:00:00,24292.0,25051.0,24292.0,24754.0,2576400,KBS
2023-12-07 07:00:00,24787.0,24787.0,23599.0,24292.0,4552100,KBS
2023-12-08 07:00:00,24358.0,24358.0,23698.0,23830.0,2230300,KBS
2023-12-11 07:00:00,23896.0,23962.0,23500.0,23830.0,2013400,KBS
2023-12-12 07:00:00,23830.0,24094.0,23731.0,23896.0,1421400,KBS
2023-12-13 07:00:00,24061.0,24391.0,23863.0,23995.0,3046700,KBS
2023-12-14 07:00:00,24226.0,24292.0,23632.0,23632.0,1212900,KBS
2023-12-15 07:00:00,23632.0,23896.0,23302.0,23500.0,1428900,KBS
2023-12-18 07:00:00,23500.0,23566.0,23038.0,23038.0,2185300,KBS
2023-12-19 07:00:00,23170.0,23698.0,23005.0,23698.0,1701100,KBS
2023-12-20 07:00:00,23863.0,24589.0,23830.0,24556.0,3836000,KBS
2023-12-21 07:00:00,24490.0,25051.0,24325.0,24721.0,3517800,KBS
2023-12-22 07:00:00,24919.0,24952.0,24457.0,24688.0,2384300,KBS
2023-12-25 07:00:00,24952.0,25910.0,24886.0,25645.0,4821900,KBS
2023-12-26 07:00:00,25877.0,25877.0,25216.0,25348.0,2998800,KBS
2023-12-27 07:00:00,25447.0,25612.0,24919.0,24919.0,3764600,KBS
2023-12-28 07:00:00,24919.0,25381.0,24886.0,24919.0,2512200,KBS
2023-12-29 07:00:00,24985.0,25282.0,24787.0,24820.0,2614800,KBS
2024-01-02 07:00:00,24985.0,25381.0,24820.0,25117.0,3026800,KBS
2024-01-03 07:00:00,25084.0,25645.0,25084.0,25480.0,3303800,KBS
2024-01-04 07:00:00,25678.0,25943.0,25414.0,25414.0,4744200,KBS
2024-01-05 07:00:00,25480.0,25744.0,25216.0,25282.0,2103100,KBS
2024-01-08 07:00:00,25282.0,25546.0,25018.0,25018.0,2243900,KBS
2024-01-09 07:00:00,25150.0,25612.0,25084.0,25546.0,3356600,KBS
2024-01-10 07:00:00,25645.0,26834.0,25645.0,25943.0,4638700,KBS
2024-01-11 07:00:00,26207.0,26207.0,25612.0,25777.0,2246300,KBS
2024-01-12 07:00:00,25546.0,25877.0,25183.0,25348.0,3187900,KBS
2024-01-15 07:00:00,25678.0,25943.0,25348.0,25348.0,1645900,KBS
2024-01-16 07:00:00,25348.0,25612.0,25117.0,25579.0,1398900,KBS
2024-01-17 07:00:00,25744.0,26240.0,25612.0,25612.0,2385400,KBS
2024-01-18 07:00:00,25777.0,25777.0,25414.0,25579.0,1117300,KBS
2024-01-19 07:00:00,25678.0,25844.0,25348.0,25348.0,1508900,KBS
2024-01-22 07:00:00,25711.0,25711.0,25117.0,25381.0,1493300,KBS
2024-01-23 07:00:00,25480.0,25844.0,25282.0,25579.0,1565500,KBS
2024-01-24 07:00:00,25579.0,26009.0,25513.0,25546.0,1786700,KBS
2024-01-25 07:00:00,25546.0,25579.0,25381.0,25381.0,691200,KBS
2024-01-26 07:00:00,25414.0,25546.0,25216.0,25249.0,1207300,KBS
2024-01-29 07:00:00,25315.0,25513.0,25249.0,25282.0,908000,KBS
2024-01-30 07:00:00,25084.0,25216.0,24754.0,25084.0,3976700,KBS
2024-01-31 07:00:00,25315.0,25315.0,24556.0,24556.0,2401200,KBS
2024-02-01 07:00:00,24424.0,24985.0,24292.0,24787.0,1638000,KBS
2024-02-02 07:00:00,24886.0,25414.0,24886.0,25282.0,2022300,KBS
2024-02-05 07:00:00,25348.0,26735.0,25348.0,26207.0,6651900,KBS
2024-02-06 07:00:00,26207.0,26867.0,26075.0,26669.0,3401400,KBS
2024-02-07 07:00:00,26801.0,27329.0,26801.0,26900.0,2906800,KBS
2024-02-15 07:00:00,27065.0,27395.0,26438.0,26537.0,3097700,KBS
2024-02-16 07:00:00,26405.0,27362.0,26405.0,27362.0,3539200,KBS
2024-02-19 07:00:00,27362.0,27923.0,27098.0,27263.0,2722100,KBS
2024-02-20 07:00:00,27395.0,27395.0,26834.0,27296.0,2825300,KBS
2024-02-21 07:00:00,27428.0,27857.0,26999.0,27230.0,2841400,KBS
2024-02-22 07:00:00,27230.0,27527.0,27164.0,27263.0,1614700,KBS
2024-02-23 07:00:00,27296.0,27989.0,26735.0,26735.0,4621200,KBS
2024-02-26 07:00:00,26768.0,28385.0,26669.0,28187.0,4837000,KBS
2024-02-27 07:00:00,28385.0,28385.0,27989.0,28187.0,2109900,KBS
2024-02-28 07:00:00,28319.0,28715.0,27956.0,28187.0,2674200,KBS
2024-02-29 07:00:00,28385.0,28517.0,27296.0,27692.0,5065500,KBS
2024-03-01 07:00:00,27692.0,28715.0,27494.0,28319.0,4339900,KBS
2024-03-04 07:00:00,28451.0,28847.0,28022.0,28055.0,2486000,KBS
2024-03-05 07:00:00,28121.0,28352.0,27725.0,28319.0,2524700,KBS
2024-03-06 07:00:00,28055.0,28253.0,27560.0,27758.0,2201200,KBS
2024-03-07 07:00:00,27725.0,27956.0,27527.0,27791.0,2070600,KBS
2024-03-08 07:00:00,27791.0,28385.0,27461.0,27956.0,3729500,KBS
2024-03-11 07:00:00,27956.0,28517.0,27560.0,27890.0,3762400,KBS
2024-03-12 07:00:00,27890.0,29045.0,27725.0,28814.0,7587900,KBS
2024-03-13 07:00:00,28979.0,29639.0,28682.0,29177.0,3417500,KBS
2024-03-14 07:00:00,29243.0,30332.0,29045.0,29705.0,5016800,KBS
2024-03-15 07:00:00,29441.0,29540.0,28748.0,29177.0,3803700,KBS
2024-03-18 07:00:00,29144.0,29177.0,27197.0,27857.0,5846000,KBS
2024-03-19 07:00:00,27923.0,28517.0,27725.0,27857.0,1186800,KBS
2024-03-20 07:00:00,27923.0,28352.0,27659.0,28319.0,1391500,KBS
2024-03-21 07:00:00,28385.0,28616.0,28286.0,28451.0,1987600,KBS
2024-03-22 07:00:00,28649.0,28946.0,28253.0,28385.0,2650000,KBS
2024-03-25 07:00:00,28253.0,28451.0,27857.0,28022.0,2771300,KBS
2024-03-26 07:00:00,27857.0,28385.0,27725.0,28220.0,1454000,KBS
2024-03-27 07:00:00,28451.0,28946.0,28220.0,28748.0,2655000,KBS
2024-03-28 07:00:00,29012.0,29012.0,28517.0,28748.0,1562300,KBS
2024-03-29 07:00:00,28715.0,28748.0,28220.0,28319.0,1768300,KBS
2024-04-01 07:00:00,28055.0,28385.0,27989.0,28187.0,1484800,KBS
2024-04-02 07:00:00,28055.0,28649.0,27890.0,28649.0,1965600,KBS
2024-04-03 07:00:00,28517.0,29309.0,28517.0,28517.0,4286900,KBS
2024-04-04 07:00:00,28451.0,28583.0,28055.0,28121.0,1719900,KBS
2024-04-05 07:00:00,27725.0,28022.0,27395.0,27395.0,2443300,KBS
2024-04-08 07:00:00,27395.0,27659.0,26999.0,26999.0,1966100,KBS
2024-04-09 07:00:00,27065.0,27395.0,26768.0,27362.0,1168100,KBS
2024-04-10 07:00:00,27725.0,27725.0,27164.0,27164.0,726200,KBS
2024-04-11 07:00:00,26867.0,27065.0,26768.0,27065.0,1344800,KBS
2024-04-12 07:00:00,27329.0,27626.0,27065.0,27494.0,1154600,KBS
2024-04-15 07:00:00,27461.0,27527.0,25579.0,25579.0,2556200,KBS
2024-04-16 07:00:00,25579.0,25612.0,24490.0,25249.0,2873600,KBS
2024-04-17 07:00:00,25348.0,25678.0,25183.0,25315.0,1602100,KBS
2024-04-19 07:00:00,25018.0,25546.0,24754.0,25117.0,2185900,KBS
2024-04-22 07:00:00,25414.0,26108.0,25348.0,26108.0,1734800,KBS
2024-04-23 07:00:00,26108.0,26339.0,25777.0,26174.0,1473500,KBS
2024-04-24 07:00:00,26174.0,26999.0,26174.0,26933.0,1229400,KBS
2024-04-25 07:00:00,26735.0,26966.0,26504.0,26933.0,843700,KBS
2024-04-26 07:00:00,26636.0,27362.0,26471.0,27197.0,1636800,KBS
2024-05-02 07:00:00,27197.0,27197.0,26405.0,26768.0,852300,KBS
2024-05-03 07:00:00,26768.0,26999.0,26405.0,26471.0,1307300,KBS
2024-05-06 07:00:00,26933.0,28055.0,26669.0,28055.0,3109400,KBS
2024-05-07 07:00:00,28121.0,28385.0,27857.0,27989.0,1943500,KBS
2024-05-08 07:00:00,27956.0,28682.0,27659.0,28088.0,2915500,KBS
2024-05-09 07:00:00,28055.0,28715.0,27857.0,28352.0,3969400,KBS
2024-05-10 07:00:00,28352.0,28451.0,27791.0,27923.0,2027800,KBS
2024-05-13 07:00:00,28022.0,28154.0,26933.0,27461.0,5517500,KBS
2024-05-14 07:00:00,27461.0,27692.0,27098.0,27230.0,2852200,KBS
2024-05-15 07:00:00,27329.0,27956.0,27197.0,27626.0,4832700,KBS
2024-05-16 07:00:00,27791.0,27956.0,27626.0,27659.0,3012100,KBS
2024-05-17 07:00:00,27659.0,28583.0,27560.0,28451.0,6187800,KBS
2024-05-20 07:00:00,28649.0,29474.0,28616.0,29045.0,5985000,KBS
2024-05-21 07:00:00,28913.0,29144.0,28352.0,29144.0,4989000,KBS
2024-05-22 07:00:00,29672.0,29672.0,28286.0,28484.0,7222100,KBS
2024-05-23 07:00:00,28484.0,28550.0,27923.0,28154.0,6652900,KBS
2024-05-24 07:00:00,27956.0,28616.0,26702.0,27296.0,9052200,KBS
2024-05-27 07:00:00,27329.0,27626.0,27296.0,27560.0,1962600,KBS
2024-05-28 07:00:00,27626.0,27824.0,27494.0,27725.0,3363300,KBS
2024-05-29 07:00:00,27725.0,28484.0,27692.0,27923.0,5664200,KBS
2024-05-30 07:00:00,27659.0,27923.0,27395.0,27890.0,3323400,KBS
2024-05-31 07:00:00,28022.0,28451.0,27956.0,28154.0,3627300,KBS
2024-06-03 07:00:00,28451.0,28814.0,28121.0,28253.0,4585300,KBS
2024-06-04 07:00:00,28550.0,28781.0,28286.0,28319.0,4884400,KBS
2024-06-05 07:00:00,28517.0,28682.0,27923.0,27923.0,3742900,KBS
2024-06-06 07:00:00,28055.0,28583.0,27923.0,28154.0,3679100,KBS
2024-06-07 07:00:00,28319.0,29639.0,28121.0,29210.0,12612500,KBS
2024-06-10 07:00:00,29903.0,31223.0,29870.0,31223.0,11113000,KBS
2024-06-11 07:00:00,31851.0,32346.0,31388.0,32049.0,8422100,KBS
2024-06-12 07:00:00,32115.0,32214.0,31620.0,32115.0,4345000,KBS
2024-06-13 07:00:00,32346.0,33006.0,31917.0,32346.0,4169100,KBS
2024-06-14 07:00:00,32346.0,34062.0,31686.0,31686.0,8807300,KBS
2024-06-17 07:00:00,32346.0,33732.0,32181.0,33138.0,7839300,KBS
2024-06-18 07:00:00,33138.0,33732.0,32412.0,32544.0,5439600,KBS
2024-06-19 07:00:00,32808.0,33204.0,32577.0,32709.0,5459200,KBS
2024-06-20 07:00:00,32709.0,32973.0,31686.0,32115.0,8826200,KBS
2024-06-21 07:00:00,32950.0,33481.0,32646.0,32950.0,4039600,KBS
2024-06-24 07:00:00,32950.0,33102.0,31317.0,31393.0,7305200,KBS
2024-06-25 07:00:00,31735.0,33557.0,31279.0,33557.0,6661000,KBS
2024-06-26 07:00:00,33709.0,34848.0,33709.0,34164.0,5953800,KBS
2024-06-27 07:00:00,34240.0,34506.0,33215.0,33709.0,3586500,KBS
2024-06-28 07:00:00,33785.0,35303.0,33747.0,34354.0,7540300,KBS
2024-07-01 07:00:00,34430.0,34772.0,33215.0,34468.0,4487600,KBS
2024-07-02 07:00:00,34468.0,34468.0,33519.0,34164.0,4077400,KBS
2024-07-03 07:00:00,34240.0,35000.0,33747.0,33785.0,5761800,KBS
2024-07-04 07:00:00,33861.0,34127.0,33595.0,34051.0,3048500,KBS
2024-07-05 07:00:00,34278.0,35189.0,34202.0,34696.0,6311600,KBS
2024-07-08 07:00:00,35227.0,35797.0,34696.0,35114.0,4890800,KBS
2024-07-09 07:00:00,35493.0,35493.0,34354.0,34772.0,6788500,KBS
2024-07-10 07:00:00,34620.0,34696.0,34013.0,34089.0,5779100,KBS
2024-07-11 07:00:00,34089.0,34468.0,33709.0,33785.0,4019100,KBS
2024-07-12 07:00:00,34127.0,34392.0,33937.0,34051.0,3384500,KBS
2024-07-15 07:00:00,34089.0,34848.0,34051.0,34278.0,2271700,KBS
2024-07-16 07:00:00,34430.0,34506.0,33633.0,33671.0,2869700,KBS
2024-07-17 07:00:00,33709.0,34013.0,31355.0,32266.0,7402600,KBS
2024-07-18 07:00:00,32153.0,33367.0,32039.0,33367.0,2405600,KBS
2024-07-19 07:00:00,33253.0,33253.0,32456.0,32646.0,1671100,KBS
2024-07-22 07:00:00,32608.0,32646.0,31735.0,31925.0,2700200,KBS
2024-07-23 07:00:00,32494.0,33026.0,31887.0,31887.0,3824100,KBS
2024-07-24 07:00:00,31811.0,32342.0,30748.0,32115.0,5629500,KBS
2024-07-25 07:00:00,31849.0,33178.0,31507.0,32646.0,3640300,KBS
2024-07-26 07:00:00,32608.0,33215.0,32418.0,32722.0,2585300,KBS
2024-07-29 07:00:00,32798.0,32950.0,32115.0,32912.0,4654500,KBS
2024-07-30 07:00:00,33329.0,33899.0,32684.0,32912.0,5708400,KBS
2024-07-31 07:00:00,33178.0,33178.0,31887.0,32229.0,3555100,KBS
2024-08-01 07:00:00,32229.0,32266.0,29989.0,29989.0,10568500,KBS
2024-08-02 07:00:00,29685.0,30368.0,29002.0,29989.0,4020100,KBS
2024-08-05 07:00:00,29268.0,30596.0,28698.0,28698.0,4268000,KBS
2024-08-06 07:00:00,29306.0,29761.0,28736.0,29533.0,2764300,KBS
2024-08-07 07:00:00,29837.0,30255.0,29495.0,29989.0,3145200,KBS
2024-08-08 07:00:00,29685.0,30634.0,29685.0,30027.0,3615100,KBS
2024-08-09 07:00:00,30368.0,30596.0,30179.0,30482.0,3056500,KBS
2024-08-12 07:00:00,30520.0,31279.0,30293.0,31052.0,3136200,KBS
2024-08-13 07:00:00,31128.0,31279.0,30748.0,30862.0,2199100,KBS
2024-08-14 07:00:00,31128.0,31355.0,30444.0,30520.0,1867000,KBS
2024-08-15 07:00:00,30520.0,30748.0,29989.0,30368.0,1995600,KBS
2024-08-16 07:00:00,30596.0,31507.0,30444.0,31507.0,4372100,KBS
2024-08-19 07:00:00,31583.0,32191.0,31317.0,31849.0,3939800,KBS
2024-08-20 07:00:00,31697.0,32001.0,31507.0,31887.0,3553800,KBS
2024-08-21 07:00:00,32001.0,32001.0,31621.0,31659.0,2545500,KBS
2024-08-22 07:00:00,31697.0,32039.0,31431.0,31811.0,2323400,KBS
2024-08-23 07:00:00,31811.0,32039.0,31583.0,31773.0,2558900,KBS
2024-08-26 07:00:00,31849.0,32266.0,31659.0,31735.0,4009000,KBS
2024-08-27 07:00:00,31659.0,31849.0,31128.0,31317.0,3190200,KBS
2024-08-28 07:00:00,31317.0,31507.0,30900.0,31204.0,2296500,KBS
2024-08-29 07:00:00,31166.0,31393.0,31128.0,31166.0,1302300,KBS
2024-08-30 07:00:00,31242.0,31317.0,31090.0,31317.0,1593100,KBS
2024-09-04 07:00:00,30976.0,31355.0,30824.0,31204.0,2055100,KBS
2024-09-05 07:00:00,31355.0,31545.0,30748.0,30824.0,1772500,KBS
2024-09-06 07:00:00,30634.0,30862.0,30103.0,30217.0,3347700,KBS
2024-09-09 07:00:00,29989.0,30406.0,29989.0,30141.0,1200000,KBS
2024-09-10 07:00:00,30368.0,30368.0,29989.0,30065.0,1462900,KBS
2024-09-11 07:00:00,29989.0,29989.0,29533.0,29609.0,1907100,KBS
2024-09-12 07:00:00,29989.0,29989.0,29609.0,29609.0,955600,KBS
2024-09-13 07:00:00,29685.0,29951.0,29685.0,29799.0,781500,KBS
2024-09-16 07:00:00,29799.0,29913.0,29609.0,29609.0,1325400,KBS
2024-09-17 07:00:00,29609.0,29913.0,29419.0,29837.0,1201600,KBS
2024-09-18 07:00:00,29989.0,30255.0,29837.0,30065.0,1293500,KBS
2024-09-19 07:00:00,30255.0,30293.0,29913.0,30293.0,1697500,KBS
2024-09-20 07:00:00,30748.0,30748.0,30406.0,30444.0,1779100,KBS
2024-09-23 07:00:00,30710.0,31014.0,30520.0,30520.0,1801400,KBS
2024-09-24 07:00:00,30482.0,30786.0,30482.0,30710.0,1351900,KBS
2024-09-25 07:00:00,30938.0,31014.0,30672.0,30938.0,2566200,KBS
2024-09-26 07:00:00,30938.0,31659.0,30938.0,31393.0,4163100,KBS
2024-09-27 07:00:00,31431.0,31545.0,31166.0,31204.0,2574600,KBS
2024-09-30 07:00:00,31204.0,31204.0,30672.0,30862.0,1828200,KBS
2024-10-01 07:00:00,30862.0,31355.0,30824.0,31317.0,2325000,KBS
2024-10-02 07:00:00,31204.0,31431.0,30748.0,31355.0,2538500,KBS
2024-10-03 07:00:00,31355.0,31431.0,30824.0,30976.0,2698700,KBS
2024-10-04 07:00:00,30976.0,31014.0,30368.0,30406.0,2167200,KBS
2024-10-07 07:00:00,30520.0,30748.0,30444.0,30672.0,1200800,KBS
2024-10-08 07:00:00,30786.0,31621.0,30710.0,31469.0,4642800,KBS
2024-10-09 07:00:00,31621.0,32115.0,31507.0,31963.0,4205700,KBS
2024-10-10 07:00:00,32191.0,32229.0,31697.0,31849.0,2663900,KBS
2024-10-11 07:00:00,31887.0,33140.0,31849.0,32874.0,7477400,KBS
2024-10-14 07:00:00,32950.0,33026.0,32456.0,32570.0,1824700,KBS
2024-10-15 07:00:00,32532.0,32608.0,32039.0,32115.0,2840500,KBS
2024-10-16 07:00:00,32039.0,32798.0,32039.0,32304.0,1547000,KBS
2024-10-17 07:00:00,32646.0,32646.0,31963.0,32608.0,1134000,KBS
2024-10-18 07:00:00,32608.0,32608.0,32001.0,32077.0,2213700,KBS
2024-10-21 07:00:00,31887.0,32077.0,31507.0,31507.0,1671100,KBS
2024-10-22 07:00:00,31355.0,31963.0,31204.0,31697.0,1418200,KBS
2024-10-23 07:00:00,31697.0,31963.0,31204.0,31963.0,1584300,KBS
2024-10-24 07:00:00,32001.0,32039.0,31393.0,31469.0,1330900,KBS
2024-10-25 07:00:00,31583.0,32077.0,31279.0,31925.0,1616800,KBS
2024-10-28 07:00:00,31887.0,32798.0,31887.0,32798.0,3012500,KBS
2024-10-29 07:00:00,32988.0,33178.0,32684.0,32988.0,3095400,KBS
2024-10-30 07:00:00,33026.0,33443.0,32836.0,33215.0,3371100,KBS
2024-10-31 07:00:00,32912.0,33595.0,32912.0,33329.0,2336600,KBS
2024-11-01 07:00:00,33215.0,33215.0,32532.0,32646.0,2194000,KBS
2024-11-04 07:00:00,32722.0,33026.0,32191.0,32988.0,1888700,KBS
2024-11-05 07:00:00,32988.0,33747.0,32836.0,33291.0,2986500,KBS
2024-11-06 07:00:00,33481.0,34127.0,33367.0,33785.0,3200700,KBS
2024-11-07 07:00:00,33899.0,34886.0,33443.0,34886.0,4548500,KBS
2024-11-08 07:00:00,34924.0,35303.0,34544.0,34772.0,3341900,KBS
2024-11-11 07:00:00,34848.0,36366.0,34848.0,35569.0,4207800,KBS
2024-11-12 07:00:00,35607.0,35987.0,35000.0,35455.0,2147900,KBS
2024-11-13 07:00:00,35455.0,35645.0,34544.0,35000.0,3206900,KBS
2024-11-14 07:00:00,35265.0,37429.0,35114.0,36442.0,5261500,KBS
2024-11-15 07:00:00,36063.0,36822.0,35455.0,36063.0,3184500,KBS
2024-11-18 07:00:00,36138.0,36442.0,34962.0,35835.0,2226800,KBS
2024-11-19 07:00:00,36025.0,36594.0,33405.0,33405.0,4981100,KBS
2024-11-20 07:00:00,33405.0,35569.0,32418.0,34696.0,4008100,KBS
2024-11-21 07:00:00,34848.0,35493.0,34316.0,35227.0,1644500,KBS
2024-11-22 07:00:00,35114.0,35835.0,35114.0,35227.0,2267000,KBS
2024-11-25 07:00:00,35227.0,36290.0,35227.0,35721.0,1695300,KBS
2024-11-26 07:00:00,35759.0,36063.0,35493.0,36063.0,2515000,KBS
2024-11-27 07:00:00,36063.0,36708.0,35531.0,36100.0,1918600,KBS
2024-11-28 07:00:00,36214.0,36214.0,35683.0,36176.0,1405400,KBS
2024-11-29 07:00:00,36138.0,36632.0,35835.0,36480.0,1955400,KBS
2024-12-02 07:00:00,36518.0,37353.0,36138.0,36670.0,2206000,KBS
2024-12-03 07:00:00,36404.0,37201.0,36138.0,36328.0,1730600,KBS
2024-12-04 07:00:00,36214.0,37961.0,35835.0,37961.0,4863400,KBS
2024-12-05 07:00:00,37961.0,38188.0,37277.0,37961.0,2759700,KBS
2024-12-06 07:00:00,37961.0,38948.0,37809.0,37809.0,2958000,KBS
2024-12-09 07:00:00,37961.0,38036.0,37201.0,37695.0,2039700,KBS
2024-12-10 07:00:00,37505.0,38188.0,37277.0,37657.0,1802200,KBS
2024-12-11 07:00:00,37695.0,38948.0,37467.0,38492.0,3087600,KBS
2024-12-12 07:00:00,38492.0,38644.0,37543.0,37885.0,1782900,KBS
2024-12-13 07:00:00,37847.0,37847.0,37391.0,37505.0,1285300,KBS
2024-12-16 07:00:00,37391.0,38112.0,37391.0,37543.0,1216800,KBS
2024-12-17 07:00:00,37657.0,37847.0,37201.0,37619.0,1009100,KBS
2024-12-18 07:00:00,37809.0,37847.0,37201.0,37467.0,1521600,KBS
2024-12-19 07:00:00,37049.0,37543.0,35835.0,36822.0,4122400,KBS
2024-12-20 07:00:00,36822.0,37847.0,36746.0,37429.0,2328500,KBS
2024-12-23 07:00:00,37581.0,38036.0,37201.0,38036.0,2113800,KBS
2024-12-24 07:00:00,38264.0,38872.0,37657.0,38568.0,3124500,KBS
2024-12-25 07:00:00,38492.0,38796.0,37885.0,37885.0,2369600,KBS
2024-12-26 07:00:00,38112.0,38112.0,37239.0,37239.0,1949500,KBS
2024-12-27 07:00:00,37277.0,37467.0,36442.0,37201.0,2752900,KBS
2024-12-30 07:00:00,37201.0,37543.0,36974.0,37315.0,851300,KBS
2024-12-31 07:00:00,37163.0,37581.0,37163.0,37581.0,985000,KBS
2025-01-02 07:00:00,37581.0,37923.0,37353.0,37543.0,1199900,KBS
2025-01-03 07:00:00,37581.0,37581.0,36632.0,36936.0,1186000,KBS
2025-01-06 07:00:00,36936.0,37467.0,36518.0,36974.0,1251400,KBS
2025-01-07 07:00:00,36594.0,37163.0,36518.0,36746.0,1327600,KBS
2025-01-08 07:00:00,36822.0,37771.0,36556.0,37581.0,1242700,KBS
2025-01-09 07:00:00,37581.0,38264.0,37353.0,37581.0,1620100,KBS
2025-01-10 07:00:00,37657.0,38492.0,37581.0,37581.0,2477900,KBS
2025-01-13 07:00:00,37505.0,37581.0,36784.0,37543.0,1486700,KBS
2025-01-14 07:00:00,37885.0,38340.0,37505.0,37581.0,1455100,KBS
2025-01-15 07:00:00,37733.0,38720.0,37505.0,38720.0,2481600,KBS
2025-01-16 07:00:00,39479.0,39479.0,38492.0,38948.0,1485900,KBS
2025-01-17 07:00:00,39251.0,39859.0,38644.0,39555.0,2771300,KBS
2025-01-20 07:00:00,39555.0,39631.0,38720.0,38720.0,1343300,KBS
2025-01-21 07:00:00,38720.0,38948.0,38188.0,38568.0,1356100,KBS
2025-01-22 07:00:00,38720.0,38720.0,37429.0,37581.0,2415000,KBS
2025-01-23 07:00:00,37581.0,38188.0,37353.0,38188.0,2024800,KBS
2025-01-24 07:00:00,38188.0,38568.0,37657.0,37733.0,1165600,KBS
2025-02-03 07:00:00,39023.0,39859.0,38644.0,39023.0,3466200,KBS
2025-02-04 07:00:00,39555.0,39555.0,38948.0,39327.0,1942100,KBS
2025-02-05 07:00:00,39479.0,41377.0,39251.0,41225.0,4983300,KBS
2025-02-06 07:00:00,41377.0,41757.0,40618.0,41073.0,1687300,KBS
2025-02-07 07:00:00,40997.0,41605.0,40466.0,40997.0,2256800,KBS
2025-02-10 07:00:00,40846.0,40921.0,39555.0,39555.0,3313300,KBS
2025-02-11 07:00:00,39479.0,40618.0,39099.0,40238.0,2257900,KBS
2025-02-12 07:00:00,40618.0,40618.0,39934.0,40238.0,988400,KBS
2025-02-13 07:00:00,40238.0,41225.0,40010.0,41149.0,2686100,KBS
2025-02-14 07:00:00,41605.0,41681.0,40770.0,40997.0,2298400,KBS
2025-02-17 07:00:00,41073.0,41757.0,40466.0,40466.0,2587900,KBS
2025-02-18 07:00:00,40618.0,40694.0,39783.0,40010.0,2359600,KBS
2025-02-19 07:00:00,40010.0,40846.0,40010.0,40846.0,1826600,KBS
2025-02-20 07:00:00,41225.0,41225.0,40542.0,40770.0,1255400,KBS
2025-02-21 07:00:00,40694.0,40921.0,40086.0,40390.0,1576200,KBS
2025-02-24 07:00:00,40162.0,40314.0,39403.0,39783.0,3082900,KBS
2025-02-25 07:00:00,40010.0,40238.0,39555.0,40238.0,1563700,KBS
2025-02-26 07:00:00,40390.0,41301.0,40162.0,40162.0,2729700,KBS
2025-02-27 07:00:00,40238.0,40238.0,39707.0,40238.0,1392900,KBS
2025-02-28 07:00:00,40086.0,40770.0,39707.0,40390.0,2077900,KBS
2025-03-03 07:00:00,40314.0,40314.0,39099.0,39631.0,4080100,KBS
2025-03-04 07:00:00,39783.0,39783.0,39099.0,39555.0,2057600,KBS
2025-03-05 07:00:00,39479.0,40086.0,38720.0,38720.0,2064800,KBS
2025-03-06 07:00:00,38872.0,39251.0,37961.0,38492.0,3492300,KBS
2025-03-07 07:00:00,38492.0,39023.0,38416.0,38568.0,1981400,KBS
2025-03-10 07:00:00,38568.0,39327.0,38568.0,39023.0,1579300,KBS
2025-03-11 07:00:00,38568.0,38948.0,38264.0,38568.0,1860700,KBS
2025-03-12 07:00:00,38720.0,38948.0,38264.0,38568.0,1545600,KBS
2025-03-13 07:00:00,38568.0,38872.0,37049.0,37049.0,3988000,KBS
2025-03-14 07:00:00,36594.0,37049.0,36214.0,36404.0,2577000,KBS
2025-03-17 07:00:00,36442.0,36898.0,36442.0,36594.0,1089900,KBS
2025-03-18 07:00:00,36594.0,37391.0,36594.0,36936.0,974400,KBS
2025-03-19 07:00:00,37125.0,37125.0,36290.0,36594.0,1125300,KBS
2025-03-20 07:00:00,36594.0,37885.0,36480.0,37885.0,2229300,KBS
2025-03-21 07:00:00,37885.0,38568.0,37809.0,38568.0,2331000,KBS
2025-03-24 07:00:00,38644.0,38720.0,38264.0,38492.0,1708100,KBS
2025-03-25 07:00:00,38568.0,39859.0,38340.0,39403.0,2864800,KBS
2025-03-26 07:00:00,39403.0,40086.0,39327.0,39859.0,2639800,KBS
2025-03-27 07:00:00,39859.0,40010.0,39403.0,39859.0,2975500,KBS
2025-03-28 07:00:00,39859.0,40390.0,39251.0,40086.0,3109900,KBS
2025-03-31 07:00:00,40086.0,40466.0,39934.0,40086.0,2464900,KBS
2025-04-01 07:00:00,40010.0,40466.0,39783.0,40162.0,1135400,KBS
2025-04-02 07:00:00,40542.0,41073.0,40314.0,40542.0,2796700,KBS
2025-04-03 07:00:00,38340.0,39403.0,37733.0,37733.0,6864400,KBS
2025-04-04 07:00:00,35759.0,39555.0,35759.0,39479.0,5012300,KBS
2025-04-08 07:00:00,37581.0,38188.0,36746.0,36746.0,1984300,KBS
2025-04-09 07:00:00,34202.0,35038.0,34202.0,34202.0,2187400,KBS
2025-04-10 07:00:00,36594.0,36594.0,36594.0,36594.0,86400,KBS
2025-04-11 07:00:00,37809.0,38796.0,36442.0,38720.0,2432200,KBS
2025-04-14 07:00:00,38720.0,40997.0,38568.0,40997.0,2931200,KBS
2025-04-15 07:00:00,40238.0,43731.0,40238.0,43731.0,4536000,KBS
2025-04-16 07:00:00,44034.0,44718.0,42895.0,43958.0,3584700,KBS
2025-04-17 07:00:00,43655.0,44414.0,43275.0,44262.0,1158700,KBS
2025-04-18 07:00:00,44262.0,46767.0,44034.0,45097.0,2934400,KBS
2025-04-21 07:00:00,44945.0,45477.0,43047.0,45021.0,1450500,KBS
2025-04-22 07:00:00,43351.0,45856.0,41908.0,45856.0,3004000,KBS
2025-04-23 07:00:00,47071.0,47071.0,44793.0,45477.0,1003500,KBS
2025-04-24 07:00:00,45401.0,46995.0,44793.0,45249.0,966200,KBS
2025-04-25 07:00:00,45401.0,46312.0,45097.0,45932.0,1284700,KBS
2025-04-28 07:00:00,45856.0,46160.0,44338.0,46008.0,772900,KBS
2025-04-29 07:00:00,46312.0,49045.0,45705.0,48741.0,2971200,KBS
2025-05-05 07:00:00,49349.0,50563.0,48665.0,50108.0,1078100,KBS
2025-05-06 07:00:00,50108.0,50336.0,48058.0,48210.0,1685700,KBS
2025-05-07 07:00:00,48210.0,50488.0,47678.0,50488.0,1295700,KBS
2025-05-08 07:00:00,50488.0,51626.0,49956.0,51171.0,1727500,KBS
2025-05-09 07:00:00,50791.0,51854.0,49880.0,50715.0,1094400,KBS
2025-05-12 07:00:00,50715.0,51626.0,49880.0,51626.0,1157000,KBS
2025-05-13 07:00:00,51702.0,52082.0,50867.0,51778.0,1192000,KBS
2025-05-14 07:00:00,51626.0,52765.0,50563.0,50563.0,1523400,KBS
2025-05-15 07:00:00,50867.0,50867.0,49045.0,49425.0,1191000,KBS
2025-05-16 07:00:00,49425.0,50639.0,49425.0,50184.0,582600,KBS
2025-05-19 07:00:00,50108.0,50943.0,49804.0,50032.0,597000,KBS
2025-05-20 07:00:00,50260.0,53524.0,49804.0,53524.0,1257000,KBS
2025-05-21 07:00:00,54663.0,57245.0,52689.0,57245.0,3247800,KBS
2025-05-22 07:00:00,58383.0,59218.0,56637.0,57776.0,1356000,KBS
2025-05-23 07:00:00,57169.0,61496.0,56941.0,59978.0,1229200,KBS
2025-05-26 07:00:00,60054.0,60737.0,58307.0,59902.0,1068800,KBS
2025-05-27 07:00:00,59826.0,64077.0,59598.0,64077.0,1931600,KBS
2025-05-28 07:00:00,64381.0,68329.0,60737.0,61116.0,3317000,KBS
2025-05-29 07:00:00,61572.0,63015.0,59218.0,61041.0,1815200,KBS
2025-05-30 07:00:00,61041.0,61041.0,57928.0,59218.0,2772100,KBS
2025-06-02 07:00:00,59218.0,60357.0,57472.0,57700.0,2020600,KBS
2025-06-03 07:00:00,57776.0,60054.0,57396.0,59218.0,2178300,KBS
2025-06-04 07:00:00,59218.0,59218.0,57017.0,57776.0,2316600,KBS
2025-06-05 07:00:00,57700.0,57700.0,55650.0,55878.0,3153700,KBS
2025-06-06 07:00:00,56258.0,58080.0,56030.0,57700.0,3137500,KBS
2025-06-09 07:00:00,57700.0,57700.0,53676.0,53676.0,4045600,KBS
2025-06-10 07:00:00,53676.0,54815.0,52993.0,53524.0,2780100,KBS
2025-06-11 07:00:00,53904.0,54132.0,52234.0,52234.0,2912200,KBS
2025-06-12 07:00:00,52993.0,53448.0,51854.0,52765.0,2968000,KBS
2025-06-13 07:00:00,53373.0,54587.0,52841.0,53069.0,2881800,KBS
2025-06-16 07:00:00,54056.0,55802.0,53448.0,53828.0,2715100,KBS
2025-06-17 07:00:00,53980.0,53980.0,52386.0,52765.0,2446800,KBS
2025-06-18 07:00:00,53448.0,55043.0,52917.0,53145.0,2958500,KBS
2025-06-19 07:00:00,53221.0,53752.0,51930.0,52082.0,2548500,KBS
2025-06-20 07:00:00,52310.0,53448.0,51247.0,53145.0,4774700,KBS
2025-06-23 07:00:00,54056.0,54967.0,52765.0,52841.0,2681300,KBS
2025-06-24 07:00:00,53145.0,53145.0,51702.0,51702.0,3354200,KBS
2025-06-25 07:00:00,51854.0,52158.0,50336.0,50488.0,3205600,KBS
2025-06-26 07:00:00,50563.0,51247.0,49804.0,50943.0,2966000,KBS
2025-06-27 07:00:00,51323.0,51323.0,50184.0,50184.0,1852800,KBS
2025-06-30 07:00:00,50715.0,51778.0,50336.0,51247.0,2276600,KBS
2025-07-01 07:00:00,51475.0,51550.0,50260.0,50412.0,1874200,KBS
2025-07-02 07:00:00,50412.0,51247.0,50412.0,50943.0,2057200,KBS
2025-07-03 07:00:00,51171.0,53828.0,51171.0,52917.0,5736800,KBS
2025-07-04 07:00:00,53297.0,53373.0,52234.0,52386.0,1465600,KBS
2025-07-07 07:00:00,52613.0,52765.0,51475.0,51702.0,2579500,KBS
2025-07-08 07:00:00,52158.0,53600.0,51702.0,52993.0,3162200,KBS
2025-07-09 07:00:00,53600.0,53752.0,52234.0,52461.0,2274400,KBS
2025-07-10 07:00:00,52993.0,54208.0,52461.0,53297.0,4547800,KBS
2025-07-11 07:00:00,53524.0,54132.0,52386.0,52613.0,3596100,KBS
2025-07-14 07:00:00,52993.0,53145.0,51778.0,52537.0,3016300,KBS
2025-07-15 07:00:00,52461.0,52765.0,51550.0,51550.0,6083400,KBS
2025-07-16 07:00:00,51626.0,52461.0,51550.0,51550.0,2521500,KBS
2025-07-17 07:00:00,51778.0,52613.0,51626.0,51930.0,2900900,KBS
2025-07-18 07:00:00,52006.0,53448.0,51626.0,53145.0,6866500,KBS
2025-07-21 07:00:00,53752.0,54208.0,52765.0,52765.0,3392700,KBS
2025-07-22 07:00:00,53145.0,55802.0,52386.0,55346.0,6696600,KBS
2025-07-23 07:00:00,55878.0,55954.0,54132.0,54435.0,4913600,KBS
2025-07-24 07:00:00,54891.0,55043.0,53600.0,54891.0,4917100,KBS
2025-07-25 07:00:00,56182.0,58231.0,56030.0,56409.0,7934700,KBS
2025-07-28 07:00:00,57017.0,58080.0,56561.0,57700.0,6189600,KBS
2025-07-29 07:00:00,58535.0,58535.0,53676.0,53904.0,8640100,KBS
2025-07-30 07:00:00,53904.0,55802.0,53600.0,55802.0,4420900,KBS
2025-07-31 07:00:00,57624.0,57624.0,55574.0,56941.0,5914000,KBS
2025-08-01 07:00:00,57169.0,60889.0,56258.0,60889.0,8949100,KBS
2025-08-04 07:00:00,62255.0,62331.0,59750.0,60889.0,3846200,KBS
2025-08-05 07:00:00,61116.0,61496.0,56637.0,57852.0,9139000,KBS
2025-08-06 07:00:00,57928.0,58839.0,57169.0,57700.0,3881400,KBS
2025-08-07 07:00:00,61000.0,61000.0,58600.0,58700.0,3784500,KBS
2025-08-08 07:00:00,58800.0,59000.0,57300.0,58200.0,4024300,KBS
2025-08-11 07:00:00,58300.0,59800.0,58300.0,58900.0,3181300,KBS
2025-08-12 07:00:00,59300.0,63000.0,58800.0,63000.0,8965800,KBS
2025-08-13 07:00:00,63100.0,64000.0,61300.0,63200.0,3586000,KBS
2025-08-14 07:00:00,63800.0,63800.0,62000.0,62800.0,3608600,KBS
2025-08-15 07:00:00,63000.0,63300.0,61200.0,61900.0,3699300,KBS
2025-08-18 07:00:00,62400.0,65000.0,62200.0,64400.0,4398100,KBS
2025-08-19 07:00:00,65300.0,65400.0,63000.0,63300.0,3144700,KBS
2025-08-20 07:00:00,63100.0,63300.0,60000.0,60300.0,4297500,KBS
2025-08-21 07:00:00,61200.0,61200.0,59500.0,59500.0,3004700,KBS
2025-08-22 07:00:00,59000.0,59400.0,56000.0,56300.0,4003900,KBS
2025-08-25 07:00:00,56700.0,57800.0,53500.0,53500.0,3461500,KBS
2025-08-26 07:00:00,53500.0,57000.0,53500.0,57000.0,1670600,KBS
2025-08-27 07:00:00,57900.0,59500.0,56300.0,57900.0,2635200,KBS
2025-08-28 07:00:00,58600.0,58600.0,57000.0,57300.0,1244000,KBS
2025-08-29 07:00:00,57300.0,58000.0,56000.0,56200.0,2993500,KBS
2025-09-03 07:00:00,56500.0,57500.0,56400.0,57500.0,1236200,KBS
2025-09-04 07:00:00,57900.0,59000.0,57700.0,58200.0,1848800,KBS
2025-09-05 07:00:00,58600.0,60500.0,58300.0,58700.0,3727200,KBS
2025-09-08 07:00:00,58600.0,59800.0,57800.0,57800.0,2586100,KBS
2025-09-09 07:00:00,57800.0,57900.0,56500.0,57200.0,2470900,KBS
2025-09-10 07:00:00,57200.0,58500.0,56600.0,57800.0,2820100,KBS
2025-09-11 07:00:00,57500.0,57600.0,55600.0,56800.0,2041500,KBS
2025-09-12 07:00:00,57000.0,57800.0,56800.0,56800.0,1517200,KBS
2025-09-15 07:00:00,57100.0,59400.0,57000.0,58600.0,3291400,KBS
2025-09-16 07:00:00,58400.0,58800.0,57400.0,57500.0,1886800,KBS
2025-09-17 07:00:00,57500.0,58600.0,57400.0,57700.0,2363800,KBS
2025-09-18 07:00:00,57600.0,58000.0,56600.0,56800.0,1491900,KBS
2025-09-19 07:00:00,57200.0,57400.0,56000.0,56000.0,1435800,KBS
2025-09-22 07:00:00,56400.0,56400.0,53200.0,53500.0,3815200,KBS
2025-09-23 07:00:00,54100.0,54200.0,53500.0,53700.0,730500,KBS
2025-09-24 07:00:00,53700.0,54700.0,53400.0,54500.0,946000,KBS
2025-09-25 07:00:00,55200.0,56400.0,54900.0,55300.0,1589200,KBS
2025-09-26 07:00:00,55500.0,55900.0,55000.0,55000.0,1070900,KBS
2025-09-29 07:00:00,55000.0,55500.0,54000.0,54500.0,1136100,KBS
2025-09-30 07:00:00,54600.0,55100.0,52900.0,53800.0,2183600,KBS
2025-10-01 07:00:00,54000.0,54100.0,53500.0,53600.0,855500,KBS
2025-10-02 07:00:00,53800.0,54400.0,53600.0,53600.0,749200,KBS
2025-10-03 07:00:00,53300.0,54500.0,52400.0,54000.0,1884700,KBS
2025-10-06 07:00:00,54900.0,56800.0,54100.0,56800.0,1931100,KBS
2025-10-07 07:00:00,56800.0,57000.0,55300.0,55300.0,1205400,KBS
2025-10-08 07:00:00,55700.0,56200.0,54800.0,54900.0,1049100,KBS
2025-10-09 07:00:00,55000.0,55200.0,53900.0,54900.0,1020900,KBS
2025-10-10 07:00:00,55300.0,55800.0,54600.0,54700.0,1067200,KBS
2025-10-13 07:00:00,54000.0,55400.0,54000.0,54700.0,1281000,KBS
2025-10-14 07:00:00,55000.0,55600.0,54500.0,55100.0,1977000,KBS
2025-10-15 07:00:00,55400.0,56800.0,55400.0,55900.0,2227700,KBS
2025-10-16 07:00:00,56400.0,56700.0,55500.0,55800.0,1461500,KBS
2025-10-17 07:00:00,56000.0,56600.0,55300.0,55600.0,1408700,KBS
2025-10-20 07:00:00,55700.0,55700.0,52000.0,53400.0,2983000,KBS
2025-10-21 07:00:00,53800.0,54500.0,51700.0,54500.0,2131400,KBS
2025-10-22 07:00:00,54500.0,55000.0,52600.0,55000.0,1337300,KBS
2025-10-23 07:00:00,55200.0,58800.0,55200.0,58700.0,5939700,KBS
2025-10-24 07:00:00,58000.0,58600.0,57100.0,58400.0,1863400,KBS
2025-10-27 07:00:00,58500.0,61000.0,56000.0,56000.0,3116200,KBS
2025-10-28 07:00:00,56400.0,59900.0,56200.0,59900.0,4479500,KBS
2025-10-29 07:00:00,60900.0,63700.0,60400.0,62000.0,5897800,KBS
2025-10-30 07:00:00,62900.0,64500.0,62500.0,62700.0,4101100,KBS
2025-10-31 07:00:00,62700.0,64100.0,61400.0,61400.0,3543000,KBS
2025-11-03 07:00:00,62200.0,64900.0,61900.0,62600.0,4291300,KBS
2025-11-04 07:00:00,61200.0,62700.0,58300.0,62000.0,4687100,KBS
2025-11-05 07:00:00,62500.0,62500.0,60300.0,60900.0,1687000,KBS
2025-11-06 07:00:00,60700.0,64000.0,60600.0,62600.0,3006000,KBS
2025-11-07 07:00:00,62800.0,63900.0,59800.0,60800.0,3122700,KBS
2025-11-10 07:00:00,60800.0,62500.0,59300.0,61700.0,2394500,KBS
2025-11-11 07:00:00,63000.0,64300.0,60800.0,61300.0,1659000,KBS
2025-11-12 07:00:00,61300.0,64000.0,61300.0,62800.0,1940100,KBS
2025-11-13 07:00:00,63300.0,67100.0,62600.0,66000.0,7597600,KBS
2025-11-14 07:00:00,66400.0,66400.0,64300.0,65000.0,1651600,KBS
2025-11-17 07:00:00,64900.0,66000.0,63400.0,66000.0,2465600,KBS
2025-11-18 07:00:00,66500.0,68800.0,65000.0,67500.0,2534800,KBS
2025-11-19 07:00:00,67700.0,68400.0,65100.0,66300.0,1978000,KBS
2025-11-20 07:00:00,66500.0,66600.0,64100.0,66000.0,2362800,KBS
2025-11-21 07:00:00,64500.0,65700.0,64200.0,64600.0,1541700,KBS
2025-11-24 07:00:00,64600.0,65200.0,61700.0,61700.0,2027400,KBS
2025-11-25 07:00:00,61500.0,63000.0,59300.0,60300.0,4110800,KBS
2025-11-26 07:00:00,60500.0,62300.0,60500.0,61800.0,1175000,KBS
2025-11-27 07:00:00,62000.0,62000.0,60000.0,60300.0,2629500,KBS
2025-11-28 07:00:00,60300.0,61200.0,59800.0,60900.0,1576200,KBS
2025-12-01 07:00:00,61000.0,61600.0,60400.0,60800.0,1050400,KBS
2025-12-02 07:00:00,60500.0,61400.0,59500.0,61000.0,1679400,KBS
2025-12-03 07:00:00,61100.0,61400.0,60500.0,61300.0,958900,KBS
2025-12-04 07:00:00,61500.0,62700.0,61400.0,61500.0,1767600,KBS
2025-12-05 07:00:00,61300.0,62000.0,59900.0,59900.0,1397800,KBS
2025-12-08 07:00:00,60400.0,60400.0,58300.0,59200.0,3639200,KBS
2025-12-09 07:00:00,58800.0,60400.0,58800.0,59600.0,1718400,KBS
2025-12-10 07:00:00,60000.0,60000.0,59000.0,59300.0,1533700,KBS
2025-12-11 07:00:00,59500.0,59900.0,58500.0,58600.0,897500,KBS
2025-12-12 07:00:00,58700.0,59000.0,55900.0,56000.0,2021300,KBS
2025-12-15 07:00:00,56600.0,57300.0,56000.0,56400.0,1118500,KBS
2025-12-16 07:00:00,56800.0,58400.0,56200.0,58000.0,675500,KBS
2025-12-17 07:00:00,57600.0,58500.0,57200.0,58200.0,496000,KBS
2025-12-18 07:00:00,58200.0,58200.0,57300.0,58000.0,487100,KBS
2025-12-19 07:00:00,57700.0,58100.0,57300.0,57500.0,711200,KBS
2025-12-22 07:00:00,57500.0,59800.0,57500.0,59800.0,1259200,KBS
2025-12-23 07:00:00,60500.0,61400.0,59500.0,60500.0,1923900,KBS
2025-12-24 07:00:00,60500.0,61100.0,59800.0,61000.0,889100,KBS
2025-12-25 07:00:00,61000.0,61800.0,60000.0,60000.0,972600,KBS
2025-12-26 07:00:00,60000.0,60000.0,58300.0,59500.0,1236600,KBS
2025-12-29 07:00:00,59900.0,60800.0,59300.0,60200.0,1269700,KBS
2025-12-30 07:00:00,60700.0,60700.0,59000.0,59100.0,1063600,KBS
2025-12-31 07:00:00,59000.0,60900.0,58400.0,58700.0,1048500,KBS
2026-01-05 07:00:00,58900.0,58900.0,56600.0,57800.0,1410700,KBS
2026-01-06 07:00:00,57400.0,58500.0,57400.0,57800.0,575600,KBS
2026-01-07 07:00:00,57900.0,59400.0,57600.0,59100.0,1536200,KBS
2026-01-08 07:00:00,59400.0,59400.0,57400.0,57600.0,1727300,KBS
2026-01-09 07:00:00,57600.0,57800.0,55900.0,57000.0,2517600,KBS
2026-01-12 07:00:00,57000.0,58100.0,56500.0,57000.0,1990000,KBS
2026-01-13 07:00:00,57400.0,60000.0,57200.0,58300.0,2157600,KBS
2026-01-14 07:00:00,58600.0,58800.0,57300.0,57500.0,2701200,KBS
2026-01-15 07:00:00,58000.0,58500.0,57400.0,57600.0,2023500,KBS
2026-01-16 07:00:00,58500.0,58500.0,56800.0,57600.0,1407700,KBS
2026-01-19 07:00:00,58200.0,58300.0,57400.0,57500.0,1093700,KBS
2026-01-20 07:00:00,57600.0,61500.0,56900.0,61500.0,5844800,KBS
2026-01-21 07:00:00,61300.0,62300.0,59400.0,59800.0,2351300,KBS
2026-01-22 07:00:00,59600.0,61900.0,58800.0,59000.0,2505700,KBS
2026-01-23 07:00:00,59200.0,59700.0,57400.0,57700.0,2549000,KBS
2026-01-26 07:00:00,58200.0,58200.0,56000.0,56300.0,2604800,KBS
2026-01-27 07:00:00,56600.0,57200.0,56000.0,56800.0,764900,KBS
2026-01-28 07:00:00,57200.0,57200.0,55600.0,55900.0,2064100,KBS
2026-01-29 07:00:00,56500.0,56900.0,55900.0,56200.0,1027300,KBS
2026-01-30 07:00:00,56500.0,57600.0,56400.0,56500.0,1262300,KBS
2026-02-02 07:00:00,56700.0,58800.0,56000.0,58400.0,3204400,KBS
2026-02-03 07:00:00,58800.0,61000.0,58800.0,59400.0,3099300,KBS
2026-02-04 07:00:00,60000.0,60800.0,59100.0,59300.0,1959200,KBS
2026-02-05 07:00:00,59600.0,59900.0,57700.0,57700.0,1558900,KBS
2026-02-06 07:00:00,57500.0,58700.0,57000.0,57600.0,1670700,KBS
2026-02-09 07:00:00,57600.0,58200.0,56300.0,56600.0,1415200,KBS
2026-02-10 07:00:00,57000.0,57200.0,56200.0,56400.0,1183300,KBS
2026-02-11 07:00:00,56600.0,58100.0,56600.0,57800.0,1196100,KBS
2026-02-12 07:00:00,58000.0,59100.0,57500.0,58000.0,1211300,KBS
2026-02-13 07:00:00,58000.0,59200.0,58000.0,58500.0,1039500,KBS
2026-02-23 07:00:00,59100.0,60000.0,58800.0,60000.0,2161300,KBS
2026-02-24 07:00:00,59900.0,63800.0,59900.0,62600.0,6481800,KBS
2026-02-25 07:00:00,62500.0,62700.0,61400.0,62500.0,2574200,KBS
2026-02-26 07:00:00,62500.0,63000.0,61000.0,61400.0,2741400,KBS
2026-02-27 07:00:00,61700.0,63600.0,60700.0,62800.0,3555400,KBS
2026-03-02 07:00:00,66800.0,67100.0,64500.0,67100.0,10881600,KBS
2026-03-03 07:00:00,70400.0,71700.0,66000.0,71000.0,10257500,KBS
2026-03-04 07:00:00,71000.0,71500.0,66100.0,67000.0,9160200,KBS
2026-03-05 07:00:00,67200.0,67200.0,63600.0,63600.0,5920400,KBS
2026-03-06 07:00:00,63000.0,65500.0,62700.0,63000.0,3481500,KBS
2026-03-09 07:00:00,59200.0,60000.0,58600.0,58600.0,5619400,KBS
2026-03-10 07:00:00,58900.0,59300.0,55000.0,56300.0,5379200,KBS
2026-03-11 07:00:00,56100.0,60200.0,56100.0,60200.0,2800300,KBS
2026-03-12 07:00:00,59600.0,60200.0,58100.0,58300.0,1605400,KBS
2026-03-13 07:00:00,57000.0,58900.0,56600.0,56700.0,2246500,KBS
2026-03-16 07:00:00,56700.0,57500.0,55400.0,56000.0,2108700,KBS
2026-03-17 07:00:00,56800.0,57300.0,56200.0,56400.0,901400,KBS
2026-03-18 07:00:00,56300.0,57700.0,56200.0,57500.0,1186400,KBS
2026-03-19 07:00:00,56900.0,56900.0,55800.0,56000.0,921000,KBS
2026-03-20 07:00:00,56000.0,56100.0,53400.0,53400.0,1999000,KBS
2026-03-23 07:00:00,52100.0,52800.0,49700.0,49700.0,2950200,KBS
2026-03-24 07:00:00,51000.0,52100.0,50100.0,52000.0,1006800,KBS
2026-03-25 07:00:00,52500.0,53700.0,52200.0,53700.0,1223300,KBS
2026-03-26 07:00:00,53800.0,54700.0,52800.0,54500.0,1104000,KBS
2026-03-27 07:00:00,54500.0,55900.0,54000.0,55900.0,1075600,KBS
2026-03-30 07:00:00,54000.0,56000.0,54000.0,56000.0,799700,KBS
2026-03-31 07:00:00,56900.0,56900.0,55400.0,56700.0,1036800,KBS
2026-04-01 07:00:00,57000.0,57200.0,56000.0,56600.0,918400,KBS
2026-04-02 07:00:00,56200.0,56300.0,54500.0,54600.0,957300,KBS
2026-04-03 07:00:00,54200.0,55500.0,54200.0,54600.0,482800,KBS
2026-04-06 07:00:00,55000.0,55800.0,54600.0,55800.0,562900,KBS
2026-04-07 07:00:00,55900.0,55900.0,54000.0,54500.0,764900,KBS
2026-04-08 07:00:00,56200.0,56400.0,55200.0,56400.0,893700,KBS
2026-04-09 07:00:00,56000.0,56000.0,55100.0,55500.0,697100,KBS
2026-04-10 07:00:00,55500.0,56300.0,55400.0,55600.0,538600,KBS
2026-04-13 07:00:00,55500.0,55500.0,54600.0,54700.0,703300,KBS
2026-04-14 07:00:00,55100.0,56000.0,54900.0,55000.0,379000,KBS
2026-04-15 07:00:00,55100.0,55400.0,54400.0,54400.0,645200,KBS
2026-04-16 07:00:00,54400.0,55900.0,54000.0,54100.0,561900,KBS
2026-04-17 07:00:00,53700.0,55000.0,53700.0,54400.0,417700,KBS
2026-04-20 07:00:00,55000.0,55000.0,54000.0,54100.0,417600,KBS
2026-04-21 07:00:00,54200.0,54600.0,53300.0,53400.0,1065300,KBS
2026-04-22 07:00:00,53700.0,56000.0,53300.0,56000.0,1484200,KBS
2026-04-23 07:00:00,55500.0,57400.0,55200.0,56800.0,2530600,KBS
2026-04-24 07:00:00,56600.0,56800.0,55500.0,56100.0,666400,KBS
2026-04-28 07:00:00,56100.0,56200.0,54400.0,54700.0,683200,KBS
2026-04-29 07:00:00,55400.0,55400.0,54400.0,55100.0,278500,KBS
2026-05-04 07:00:00,55800.0,56000.0,55300.0,55500.0,330400,KBS
2026-05-05 07:00:00,55500.0,57000.0,55300.0,56700.0,1482300,KBS
2026-05-06 07:00:00,56800.0,57100.0,56600.0,57000.0,735400,KBS
2026-05-07 07:00:00,57400.0,58500.0,56500.0,56600.0,1446200,KBS
2026-05-08 07:00:00,56600.0,57000.0,56200.0,56500.0,525400,KBS
2026-05-11 07:00:00,56600.0,56900.0,56300.0,56400.0,953800,KBS
2026-05-12 07:00:00,56500.0,57900.0,56400.0,57700.0,1053600,KBS
2026-05-13 07:00:00,56400.0,58100.0,56400.0,57900.0,864000,KBS
2026-05-14 07:00:00,57500.0,57900.0,57000.0,57300.0,433300,KBS
2026-05-15 07:00:00,57500.0,58000.0,56900.0,57500.0,502800,KBS
2026-05-18 07:00:00,57200.0,58000.0,56900.0,57400.0,654000,KBS
2026-05-19 07:00:00,57300.0,57400.0,55400.0,55500.0,1803500,KBS
2026-05-20 07:00:00,55500.0,56000.0,54200.0,55700.0,587500,KBS
2026-05-21 07:00:00,56300.0,56300.0,54600.0,55100.0,333900,KBS
2026-05-22 07:00:00,55600.0,55700.0,54500.0,54500.0,411400,KBS
2026-05-25 07:00:00,55200.0,55200.0,54400.0,54400.0,265100,KBS
2026-05-26 07:00:00,54600.0,54600.0,53800.0,54100.0,622700,KBS
2026-05-27 07:00:00,54200.0,55000.0,54100.0,54700.0,490500,KBS
2026-05-28 07:00:00,54700.0,54900.0,54000.0,54000.0,385600,KBS
2026-05-29 07:00:00,54000.0,54500.0,54000.0,54400.0,357200,KBS
2026-06-01 07:00:00,54400.0,54700.0,53900.0,53900.0,234400,KBS
2026-06-02 07:00:00,53800.0,54000.0,53000.0,53400.0,622200,KBS
2026-06-03 07:00:00,53200.0,54100.0,51800.0,53100.0,404900,KBS
2026-06-04 07:00:00,53100.0,55600.0,53100.0,55000.0,1063800,KBS
2026-06-05 07:00:00,55000.0,55300.0,54000.0,54100.0,1145500,KBS
