date,open,high,low,close,volume,_source
2020-01-02 07:00:00,7662.0,7936.0,7662.0,7920.0,467470,KBS
2020-01-03 07:00:00,7920.0,7936.0,7775.0,7920.0,529730,KBS
2020-01-06 07:00:00,7920.0,8179.0,7597.0,7597.0,967330,KBS
2020-01-07 07:00:00,7662.0,7856.0,7629.0,7775.0,562870,KBS
2020-01-08 07:00:00,7759.0,7759.0,7241.0,7306.0,951370,KBS
2020-01-09 07:00:00,7403.0,7484.0,7371.0,7452.0,457660,KBS
2020-01-10 07:00:00,7468.0,7532.0,7144.0,7144.0,771780,KBS
2020-01-13 07:00:00,7047.0,7193.0,6950.0,7112.0,597710,KBS
2020-01-14 07:00:00,7112.0,7338.0,7112.0,7274.0,325390,KBS
2020-01-15 07:00:00,7274.0,7419.0,7258.0,7274.0,146430,KBS
2020-01-16 07:00:00,7306.0,7322.0,7258.0,7274.0,240250,KBS
2020-01-17 07:00:00,7144.0,7274.0,7064.0,7144.0,297060,KBS
2020-01-20 07:00:00,7144.0,7144.0,6950.0,6983.0,392600,KBS
2020-01-21 07:00:00,6983.0,7193.0,6983.0,7193.0,173540,KBS
2020-01-22 07:00:00,7128.0,7322.0,7128.0,7290.0,196100,KBS
2020-01-30 07:00:00,7144.0,7274.0,7015.0,7031.0,231350,KBS
2020-01-31 07:00:00,6853.0,7015.0,6724.0,6789.0,778990,KBS
2020-02-03 07:00:00,6336.0,6433.0,6320.0,6320.0,1139950,KBS
2020-02-04 07:00:00,6207.0,6401.0,6207.0,6385.0,250170,KBS
2020-02-05 07:00:00,6401.0,6708.0,6385.0,6514.0,360280,KBS
2020-02-06 07:00:00,6514.0,6692.0,6401.0,6692.0,223420,KBS
2020-02-07 07:00:00,6708.0,6724.0,6563.0,6660.0,102010,KBS
2020-02-10 07:00:00,6660.0,6773.0,6563.0,6660.0,100320,KBS
2020-02-11 07:00:00,6660.0,6902.0,6660.0,6902.0,306620,KBS
2020-02-12 07:00:00,6902.0,7144.0,6902.0,7031.0,191280,KBS
2020-02-13 07:00:00,7112.0,7225.0,7015.0,7031.0,347490,KBS
2020-02-14 07:00:00,7031.0,7047.0,6983.0,6999.0,183280,KBS
2020-02-17 07:00:00,7031.0,7193.0,7015.0,7047.0,284010,KBS
2020-02-18 07:00:00,7047.0,7112.0,6967.0,7047.0,200900,KBS
2020-02-19 07:00:00,7064.0,7177.0,7047.0,7161.0,216950,KBS
2020-02-20 07:00:00,7161.0,7306.0,7128.0,7258.0,424110,KBS
2020-02-21 07:00:00,7306.0,7306.0,7112.0,7112.0,323640,KBS
2020-02-24 07:00:00,6934.0,6934.0,6627.0,6627.0,683600,KBS
2020-02-25 07:00:00,6401.0,6789.0,6401.0,6789.0,412710,KBS
2020-02-26 07:00:00,6563.0,6773.0,6563.0,6627.0,215870,KBS
2020-02-27 07:00:00,6530.0,6660.0,6530.0,6660.0,227180,KBS
2020-02-28 07:00:00,6579.0,6579.0,6239.0,6417.0,573610,KBS
2020-03-02 07:00:00,6433.0,6433.0,6272.0,6320.0,420280,KBS
2020-03-03 07:00:00,6369.0,6466.0,6304.0,6320.0,386660,KBS
2020-03-04 07:00:00,6272.0,6595.0,6272.0,6530.0,500720,KBS
2020-03-05 07:00:00,6530.0,6724.0,6498.0,6498.0,361060,KBS
2020-03-06 07:00:00,6433.0,6530.0,6369.0,6498.0,245200,KBS
2020-03-09 07:00:00,6045.0,6110.0,6045.0,6045.0,535360,KBS
2020-03-10 07:00:00,5625.0,5997.0,5625.0,5722.0,852860,KBS
2020-03-11 07:00:00,5803.0,5819.0,5334.0,5334.0,1025390,KBS
2020-03-12 07:00:00,4962.0,4978.0,4962.0,4962.0,321140,KBS
2020-03-13 07:00:00,4623.0,4962.0,4623.0,4946.0,2517810,KBS
2020-03-16 07:00:00,4849.0,4995.0,4688.0,4736.0,1183860,KBS
2020-03-17 07:00:00,4720.0,5059.0,4461.0,5043.0,1606640,KBS
2020-03-18 07:00:00,5043.0,5140.0,4978.0,5043.0,695070,KBS
2020-03-19 07:00:00,5043.0,5043.0,4752.0,4946.0,521350,KBS
2020-03-20 07:00:00,4881.0,5027.0,4849.0,5011.0,553730,KBS
2020-03-23 07:00:00,4849.0,4914.0,4671.0,4671.0,2202570,KBS
2020-03-24 07:00:00,4784.0,4946.0,4671.0,4946.0,462940,KBS
2020-03-25 07:00:00,5011.0,5269.0,4946.0,5205.0,916650,KBS
2020-03-26 07:00:00,5205.0,5205.0,4978.0,5075.0,533240,KBS
2020-03-27 07:00:00,5075.0,5140.0,4946.0,5075.0,328100,KBS
2020-03-30 07:00:00,4768.0,4930.0,4752.0,4914.0,458240,KBS
2020-03-31 07:00:00,5075.0,5075.0,4688.0,4898.0,290060,KBS
2020-04-01 07:00:00,4914.0,5027.0,4914.0,5011.0,195140,KBS
2020-04-03 07:00:00,5092.0,5092.0,5011.0,5059.0,323390,KBS
2020-04-06 07:00:00,5172.0,5286.0,5075.0,5269.0,508260,KBS
2020-04-07 07:00:00,5269.0,5286.0,5140.0,5269.0,366990,KBS
2020-04-08 07:00:00,5124.0,5237.0,5124.0,5172.0,261300,KBS
2020-04-09 07:00:00,5172.0,5447.0,5124.0,5302.0,498750,KBS
2020-04-10 07:00:00,5269.0,5383.0,5189.0,5286.0,405740,KBS
2020-04-13 07:00:00,5189.0,5350.0,5189.0,5334.0,470180,KBS
2020-04-14 07:00:00,5334.0,5383.0,5189.0,5334.0,518130,KBS
2020-04-15 07:00:00,5302.0,5463.0,5253.0,5463.0,650420,KBS
2020-04-16 07:00:00,5399.0,5754.0,5399.0,5609.0,820820,KBS
2020-04-17 07:00:00,5690.0,5787.0,5560.0,5560.0,795300,KBS
2020-04-20 07:00:00,5512.0,5625.0,5415.0,5415.0,771470,KBS
2020-04-21 07:00:00,5286.0,5334.0,5043.0,5189.0,1030210,KBS
2020-04-22 07:00:00,5027.0,5366.0,5027.0,5366.0,264740,KBS
2020-04-23 07:00:00,5415.0,5415.0,5221.0,5253.0,320990,KBS
2020-04-24 07:00:00,5253.0,5318.0,5205.0,5269.0,185030,KBS
2020-04-27 07:00:00,5463.0,5577.0,5383.0,5431.0,877340,KBS
2020-04-28 07:00:00,5480.0,5480.0,5350.0,5447.0,202710,KBS
2020-04-29 07:00:00,5463.0,5512.0,5383.0,5463.0,553730,KBS
2020-05-04 07:00:00,5399.0,5463.0,5334.0,5366.0,363050,KBS
2020-05-05 07:00:00,5366.0,5447.0,5334.0,5431.0,163940,KBS
2020-05-06 07:00:00,5431.0,5706.0,5431.0,5657.0,1118770,KBS
2020-05-07 07:00:00,5722.0,5722.0,5593.0,5657.0,593830,KBS
2020-05-08 07:00:00,5657.0,5706.0,5496.0,5560.0,760200,KBS
2020-05-11 07:00:00,5577.0,5609.0,5528.0,5577.0,574810,KBS
2020-05-12 07:00:00,5593.0,5787.0,5577.0,5706.0,1095810,KBS
2020-05-13 07:00:00,5690.0,5884.0,5625.0,5754.0,1222930,KBS
2020-05-14 07:00:00,5738.0,5787.0,5674.0,5690.0,656830,KBS
2020-05-15 07:00:00,5738.0,5867.0,5674.0,5754.0,1014430,KBS
2020-05-18 07:00:00,5819.0,5964.0,5787.0,5932.0,1510960,KBS
2020-05-19 07:00:00,6142.0,6320.0,5964.0,6094.0,2114950,KBS
2020-05-20 07:00:00,6045.0,6126.0,5948.0,6061.0,879440,KBS
2020-05-21 07:00:00,6110.0,6126.0,6029.0,6029.0,996060,KBS
2020-05-22 07:00:00,6029.0,6029.0,5690.0,5706.0,2061170,KBS
2020-05-25 07:00:00,5722.0,5948.0,5706.0,5948.0,794210,KBS
2020-05-26 07:00:00,6078.0,6078.0,5884.0,5948.0,562180,KBS
2020-05-27 07:00:00,5997.0,5997.0,5867.0,5900.0,786880,KBS
2020-05-28 07:00:00,6011.0,6122.0,5900.0,5993.0,895150,KBS
2020-05-29 07:00:00,6067.0,6104.0,5937.0,5937.0,735010,KBS
2020-06-01 07:00:00,5937.0,6048.0,5937.0,5937.0,534410,KBS
2020-06-02 07:00:00,5974.0,6048.0,5881.0,5881.0,1051760,KBS
2020-06-03 07:00:00,5881.0,5900.0,5807.0,5881.0,771810,KBS
2020-06-04 07:00:00,5937.0,5937.0,5844.0,5881.0,421560,KBS
2020-06-05 07:00:00,5881.0,6085.0,5807.0,6085.0,1105080,KBS
2020-06-08 07:00:00,6197.0,6382.0,6178.0,6234.0,1284730,KBS
2020-06-09 07:00:00,6308.0,6308.0,6178.0,6178.0,687350,KBS
2020-06-10 07:00:00,6122.0,6382.0,6030.0,6289.0,1358930,KBS
2020-06-11 07:00:00,6345.0,6456.0,5974.0,5974.0,2160210,KBS
2020-06-12 07:00:00,5751.0,6085.0,5751.0,6030.0,759510,KBS
2020-06-15 07:00:00,6030.0,6215.0,5863.0,5974.0,879270,KBS
2020-06-16 07:00:00,6085.0,6085.0,5974.0,6048.0,454390,KBS
2020-06-17 07:00:00,6030.0,6067.0,5937.0,5974.0,240130,KBS
2020-06-18 07:00:00,5937.0,6011.0,5900.0,6011.0,271290,KBS
2020-06-19 07:00:00,6030.0,6308.0,6011.0,6234.0,1272320,KBS
2020-06-22 07:00:00,6308.0,6308.0,6160.0,6160.0,709720,KBS
2020-06-23 07:00:00,6160.0,6197.0,6085.0,6160.0,392850,KBS
2020-06-24 07:00:00,6122.0,6234.0,6011.0,6011.0,660610,KBS
2020-06-25 07:00:00,5937.0,6048.0,5918.0,6030.0,724890,KBS
2020-06-26 07:00:00,6048.0,6048.0,5955.0,5974.0,313240,KBS
2020-06-29 07:00:00,5900.0,5937.0,5714.0,5807.0,1023970,KBS
2020-06-30 07:00:00,5807.0,5863.0,5529.0,5640.0,676350,KBS
2020-07-01 07:00:00,5677.0,5826.0,5640.0,5826.0,207510,KBS
2020-07-02 07:00:00,5826.0,5918.0,5714.0,5788.0,164800,KBS
2020-07-03 07:00:00,5751.0,5807.0,5751.0,5788.0,212240,KBS
2020-07-06 07:00:00,5826.0,5844.0,5788.0,5807.0,236230,KBS
2020-07-07 07:00:00,5826.0,5974.0,5788.0,5900.0,476760,KBS
2020-07-08 07:00:00,5900.0,5937.0,5844.0,5900.0,185190,KBS
2020-07-09 07:00:00,5900.0,6160.0,5881.0,6085.0,1271790,KBS
2020-07-10 07:00:00,6048.0,6085.0,5900.0,5955.0,412110,KBS
2020-07-13 07:00:00,5955.0,6048.0,5937.0,5974.0,320770,KBS
2020-07-14 07:00:00,5974.0,5993.0,5918.0,5974.0,327770,KBS
2020-07-15 07:00:00,5974.0,6160.0,5974.0,6085.0,1285950,KBS
2020-07-16 07:00:00,6122.0,6160.0,6030.0,6067.0,360530,KBS
2020-07-17 07:00:00,6085.0,6160.0,6048.0,6122.0,802570,KBS
2020-07-20 07:00:00,6122.0,6160.0,6067.0,6085.0,907430,KBS
2020-07-21 07:00:00,6085.0,6160.0,6011.0,6160.0,675280,KBS
2020-07-22 07:00:00,6160.0,6215.0,6104.0,6104.0,546920,KBS
2020-07-23 07:00:00,6067.0,6122.0,5974.0,6104.0,557430,KBS
2020-07-24 07:00:00,6085.0,6085.0,5751.0,5807.0,1724450,KBS
2020-07-27 07:00:00,5566.0,5770.0,5455.0,5455.0,1591960,KBS
2020-07-28 07:00:00,5677.0,5733.0,5473.0,5714.0,640710,KBS
2020-07-29 07:00:00,5566.0,5622.0,5492.0,5603.0,800190,KBS
2020-07-30 07:00:00,5603.0,5714.0,5603.0,5677.0,193120,KBS
2020-07-31 07:00:00,5529.0,5677.0,5529.0,5640.0,380470,KBS
2020-08-03 07:00:00,5640.0,5770.0,5622.0,5733.0,678970,KBS
2020-08-04 07:00:00,5826.0,5863.0,5751.0,5788.0,609390,KBS
2020-08-05 07:00:00,5863.0,5918.0,5788.0,5918.0,1042580,KBS
2020-08-06 07:00:00,5881.0,5937.0,5863.0,5900.0,585320,KBS
2020-08-07 07:00:00,5900.0,6104.0,5863.0,6104.0,1222420,KBS
2020-08-10 07:00:00,6122.0,6178.0,6030.0,6030.0,830610,KBS
2020-08-11 07:00:00,6085.0,6104.0,5937.0,6104.0,430570,KBS
2020-08-12 07:00:00,6141.0,6160.0,6048.0,6160.0,911050,KBS
2020-08-13 07:00:00,6160.0,6512.0,6160.0,6475.0,3561500,KBS
2020-08-14 07:00:00,6475.0,6642.0,6382.0,6382.0,1666790,KBS
2020-08-17 07:00:00,6456.0,6790.0,6456.0,6753.0,2325430,KBS
2020-08-18 07:00:00,6753.0,6827.0,6605.0,6642.0,898670,KBS
2020-08-19 07:00:00,6642.0,6865.0,6586.0,6753.0,1241150,KBS
2020-08-20 07:00:00,6716.0,6790.0,6586.0,6679.0,960200,KBS
2020-08-21 07:00:00,6679.0,6790.0,6623.0,6679.0,1088460,KBS
2020-08-24 07:00:00,6753.0,6753.0,6679.0,6753.0,1102010,KBS
2020-08-25 07:00:00,6827.0,7032.0,6753.0,6865.0,1550320,KBS
2020-08-26 07:00:00,6865.0,6939.0,6809.0,6883.0,825910,KBS
2020-08-27 07:00:00,6902.0,6994.0,6846.0,6957.0,836610,KBS
2020-08-28 07:00:00,6957.0,6976.0,6790.0,6790.0,1042000,KBS
2020-08-31 07:00:00,6790.0,6827.0,6531.0,6605.0,2004610,KBS
2020-09-01 07:00:00,6642.0,6753.0,6531.0,6660.0,485590,KBS
2020-09-03 07:00:00,6753.0,6753.0,6605.0,6698.0,701930,KBS
2020-09-04 07:00:00,6605.0,6865.0,6568.0,6809.0,1266260,KBS
2020-09-07 07:00:00,6827.0,6920.0,6772.0,6772.0,1194170,KBS
2020-09-08 07:00:00,6772.0,6846.0,6698.0,6790.0,705770,KBS
2020-09-09 07:00:00,6735.0,6976.0,6716.0,6902.0,1415920,KBS
2020-09-10 07:00:00,6957.0,7236.0,6902.0,7013.0,1964810,KBS
2020-09-11 07:00:00,7087.0,7254.0,7013.0,7217.0,1375170,KBS
2020-09-14 07:00:00,7291.0,7607.0,7291.0,7440.0,2346340,KBS
2020-09-15 07:00:00,7570.0,7904.0,7495.0,7774.0,2497470,KBS
2020-09-16 07:00:00,7792.0,7811.0,7644.0,7792.0,830580,KBS
2020-09-17 07:00:00,7792.0,8052.0,7681.0,7978.0,1458140,KBS
2020-09-18 07:00:00,7978.0,8070.0,7792.0,7792.0,1376680,KBS
2020-09-21 07:00:00,7885.0,7959.0,7607.0,7662.0,1788640,KBS
2020-09-22 07:00:00,7662.0,7941.0,7662.0,7866.0,1241230,KBS
2020-09-23 07:00:00,7941.0,8070.0,7792.0,7866.0,939140,KBS
2020-09-24 07:00:00,7811.0,7904.0,7737.0,7866.0,581650,KBS
2020-09-25 07:00:00,7941.0,7941.0,7718.0,7718.0,1142800,KBS
2020-09-28 07:00:00,7718.0,7866.0,7718.0,7811.0,585470,KBS
2020-09-29 07:00:00,7866.0,8349.0,7848.0,8275.0,2552880,KBS
2020-09-30 07:00:00,8386.0,8442.0,8182.0,8367.0,1269410,KBS
2020-10-01 07:00:00,8479.0,8609.0,8423.0,8497.0,937930,KBS
2020-10-02 07:00:00,8571.0,8609.0,8163.0,8534.0,2013300,KBS
2020-10-05 07:00:00,8646.0,8720.0,8423.0,8479.0,1506670,KBS
2020-10-06 07:00:00,8497.0,8516.0,8367.0,8442.0,1197710,KBS
2020-10-07 07:00:00,8423.0,8664.0,8423.0,8460.0,1194520,KBS
2020-10-08 07:00:00,8497.0,8571.0,8386.0,8497.0,791020,KBS
2020-10-09 07:00:00,8609.0,9017.0,8553.0,8905.0,1719110,KBS
2020-10-12 07:00:00,8998.0,8998.0,8683.0,8905.0,1123600,KBS
2020-10-13 07:00:00,8831.0,8887.0,8683.0,8775.0,710170,KBS
2020-10-14 07:00:00,8775.0,8813.0,8627.0,8664.0,1085190,KBS
2020-10-15 07:00:00,8646.0,8757.0,8070.0,8200.0,1722140,KBS
2020-10-16 07:00:00,8330.0,8330.0,8015.0,8163.0,1114260,KBS
2020-10-19 07:00:00,8108.0,8516.0,8108.0,8460.0,726210,KBS
2020-10-20 07:00:00,8460.0,8683.0,8442.0,8497.0,500990,KBS
2020-10-21 07:00:00,8534.0,8534.0,8275.0,8275.0,538150,KBS
2020-10-22 07:00:00,8312.0,8404.0,8200.0,8312.0,337590,KBS
2020-10-23 07:00:00,8163.0,8460.0,8163.0,8237.0,619560,KBS
2020-10-26 07:00:00,8349.0,8404.0,8163.0,8163.0,670410,KBS
2020-10-27 07:00:00,8163.0,8312.0,7978.0,8108.0,570880,KBS
2020-10-28 07:00:00,8108.0,8163.0,7941.0,7978.0,818280,KBS
2020-10-29 07:00:00,7829.0,8015.0,7829.0,7978.0,438020,KBS
2020-10-30 07:00:00,8089.0,8534.0,8033.0,8404.0,1290260,KBS
2020-11-02 07:00:00,8497.0,8534.0,8404.0,8423.0,378390,KBS
2020-11-03 07:00:00,8442.0,8813.0,8442.0,8757.0,1171300,KBS
2020-11-04 07:00:00,8775.0,8775.0,8145.0,8646.0,755370,KBS
2020-11-05 07:00:00,8683.0,8831.0,8553.0,8701.0,505690,KBS
2020-11-06 07:00:00,8720.0,8998.0,8701.0,8850.0,1280140,KBS
2020-11-09 07:00:00,8850.0,9276.0,8831.0,9276.0,1296510,KBS
2020-11-10 07:00:00,9462.0,9462.0,9165.0,9184.0,970500,KBS
2020-11-11 07:00:00,9221.0,9221.0,8980.0,9128.0,735900,KBS
2020-11-12 07:00:00,9221.0,9332.0,9091.0,9276.0,1039360,KBS
2020-11-13 07:00:00,9276.0,9369.0,9239.0,9295.0,560950,KBS
2020-11-16 07:00:00,9258.0,9443.0,9184.0,9276.0,881970,KBS
2020-11-17 07:00:00,9295.0,9629.0,9276.0,9592.0,854840,KBS
2020-11-18 07:00:00,9573.0,9722.0,9462.0,9592.0,547090,KBS
2020-11-19 07:00:00,9592.0,9592.0,9499.0,9555.0,417720,KBS
2020-11-20 07:00:00,9555.0,9647.0,9481.0,9647.0,636900,KBS
2020-11-23 07:00:00,9759.0,9981.0,9647.0,9833.0,702830,KBS
2020-11-24 07:00:00,9759.0,9926.0,9685.0,9852.0,840610,KBS
2020-11-25 07:00:00,9870.0,9907.0,9647.0,9666.0,683950,KBS
2020-11-26 07:00:00,9647.0,9685.0,9425.0,9462.0,1268800,KBS
2020-11-27 07:00:00,9481.0,9647.0,9481.0,9647.0,661770,KBS
2020-11-30 07:00:00,9722.0,9833.0,9647.0,9647.0,640420,KBS
2020-12-01 07:00:00,9443.0,9814.0,9443.0,9722.0,595840,KBS
2020-12-02 07:00:00,9759.0,10223.0,9647.0,10074.0,1492360,KBS
2020-12-03 07:00:00,10093.0,10278.0,10074.0,10260.0,799380,KBS
2020-12-04 07:00:00,10352.0,10612.0,10260.0,10557.0,1332280,KBS
2020-12-07 07:00:00,10501.0,11132.0,10501.0,11020.0,1396280,KBS
2020-12-08 07:00:00,11020.0,11725.0,10946.0,11540.0,1174090,KBS
2020-12-09 07:00:00,11614.0,11633.0,11354.0,11391.0,1005850,KBS
2020-12-10 07:00:00,11317.0,11670.0,11317.0,11391.0,722890,KBS
2020-12-11 07:00:00,11354.0,11837.0,11317.0,11725.0,597950,KBS
2020-12-14 07:00:00,11967.0,12245.0,11874.0,11948.0,554080,KBS
2020-12-15 07:00:00,11837.0,11985.0,11744.0,11800.0,651500,KBS
2020-12-16 07:00:00,11874.0,12282.0,11874.0,12171.0,344190,KBS
2020-12-17 07:00:00,11985.0,12152.0,11763.0,11948.0,1493090,KBS
2020-12-18 07:00:00,11985.0,12783.0,11985.0,12783.0,1540250,KBS
2020-12-21 07:00:00,13061.0,13673.0,13061.0,13673.0,495140,KBS
2020-12-22 07:00:00,14397.0,14416.0,13822.0,14267.0,901230,KBS
2020-12-23 07:00:00,14137.0,14341.0,13748.0,13803.0,913160,KBS
2020-12-24 07:00:00,13803.0,13822.0,12839.0,13414.0,2778290,KBS
2020-12-25 07:00:00,13284.0,13711.0,13210.0,13599.0,1112030,KBS
2020-12-28 07:00:00,13581.0,14286.0,13544.0,13989.0,939950,KBS
2020-12-29 07:00:00,14174.0,14323.0,13915.0,14063.0,665650,KBS
2020-12-30 07:00:00,13989.0,14286.0,13618.0,13803.0,723090,KBS
2020-12-31 07:00:00,13840.0,13840.0,13358.0,13711.0,1314310,KBS
2021-01-04 07:00:00,13655.0,14453.0,13655.0,14100.0,1113900,KBS
2021-01-05 07:00:00,14100.0,15083.0,14100.0,14972.0,1455600,KBS
2021-01-06 07:00:00,15547.0,15547.0,14861.0,14916.0,934900,KBS
2021-01-07 07:00:00,14898.0,14935.0,14508.0,14842.0,1116700,KBS
2021-01-08 07:00:00,14842.0,14935.0,14601.0,14657.0,1021300,KBS
2021-01-11 07:00:00,14842.0,14842.0,14026.0,14100.0,1677600,KBS
2021-01-12 07:00:00,14100.0,14620.0,13729.0,14527.0,1297600,KBS
2021-01-13 07:00:00,14545.0,14657.0,14119.0,14397.0,851000,KBS
2021-01-14 07:00:00,14397.0,14471.0,14119.0,14360.0,613600,KBS
2021-01-15 07:00:00,14471.0,14657.0,14304.0,14360.0,1078600,KBS
2021-01-18 07:00:00,14508.0,15028.0,14286.0,14731.0,1624900,KBS
2021-01-19 07:00:00,14731.0,14842.0,13711.0,13766.0,967500,KBS
2021-01-20 07:00:00,13766.0,14026.0,12820.0,13692.0,1080200,KBS
2021-01-21 07:00:00,13989.0,14638.0,13729.0,14638.0,1251900,KBS
2021-01-22 07:00:00,15250.0,15436.0,14861.0,15158.0,1587900,KBS
2021-01-25 07:00:00,15158.0,15510.0,15046.0,15083.0,1203900,KBS
2021-01-26 07:00:00,14991.0,15102.0,14100.0,14768.0,1055400,KBS
2021-01-27 07:00:00,14527.0,14601.0,13915.0,14174.0,1616800,KBS
2021-01-28 07:00:00,13247.0,13711.0,13191.0,13191.0,1201500,KBS
2021-01-29 07:00:00,12282.0,13636.0,12282.0,13191.0,1020400,KBS
2021-02-01 07:00:00,12987.0,13525.0,12690.0,12839.0,876200,KBS
2021-02-02 07:00:00,12987.0,13618.0,12616.0,13618.0,808400,KBS
2021-02-03 07:00:00,13729.0,14471.0,13729.0,14397.0,496900,KBS
2021-02-04 07:00:00,14230.0,14805.0,14211.0,14545.0,498300,KBS
2021-02-05 07:00:00,14471.0,14842.0,14471.0,14805.0,788900,KBS
2021-02-08 07:00:00,14842.0,15380.0,14286.0,14620.0,820100,KBS
2021-02-09 07:00:00,14620.0,14954.0,14471.0,14842.0,633800,KBS
2021-02-17 07:00:00,15139.0,15881.0,15028.0,15881.0,1525800,KBS
2021-02-18 07:00:00,16141.0,16698.0,15918.0,16438.0,893000,KBS
2021-02-19 07:00:00,16438.0,16531.0,16085.0,16160.0,1197700,KBS
2021-02-22 07:00:00,16160.0,16364.0,15510.0,15918.0,1191400,KBS
2021-02-23 07:00:00,15844.0,15955.0,15566.0,15807.0,1286800,KBS
2021-02-24 07:00:00,15807.0,16104.0,15399.0,15584.0,1192200,KBS
2021-02-25 07:00:00,15770.0,15918.0,15343.0,15436.0,1388900,KBS
2021-02-26 07:00:00,15213.0,15436.0,15121.0,15288.0,1753700,KBS
2021-03-01 07:00:00,15288.0,15696.0,15213.0,15659.0,1049600,KBS
2021-03-02 07:00:00,15918.0,15918.0,15473.0,15621.0,736100,KBS
2021-03-03 07:00:00,15659.0,15807.0,15584.0,15751.0,925600,KBS
2021-03-04 07:00:00,15788.0,16401.0,15770.0,15955.0,1591200,KBS
2021-03-05 07:00:00,15881.0,16178.0,15714.0,16011.0,733700,KBS
2021-03-08 07:00:00,16512.0,16549.0,16067.0,16252.0,955700,KBS
2021-03-09 07:00:00,16252.0,16994.0,15881.0,16698.0,1563900,KBS
2021-03-10 07:00:00,16883.0,17440.0,16883.0,16920.0,1183500,KBS
2021-03-11 07:00:00,16920.0,17143.0,16735.0,16920.0,1052500,KBS
2021-03-12 07:00:00,17069.0,17106.0,16772.0,16883.0,997800,KBS
2021-03-15 07:00:00,16772.0,16994.0,16419.0,16475.0,2146900,KBS
2021-03-16 07:00:00,16512.0,16623.0,16197.0,16382.0,1461500,KBS
2021-03-17 07:00:00,16475.0,16883.0,16401.0,16846.0,1426600,KBS
2021-03-18 07:00:00,17365.0,17365.0,16883.0,16883.0,792500,KBS
2021-03-19 07:00:00,17032.0,17032.0,16790.0,16827.0,672200,KBS
2021-03-22 07:00:00,16827.0,17365.0,16809.0,16957.0,1019900,KBS
2021-03-23 07:00:00,16957.0,17032.0,16364.0,16531.0,706500,KBS
2021-03-24 07:00:00,16327.0,16623.0,15955.0,16141.0,1123200,KBS
2021-03-25 07:00:00,16178.0,16327.0,15937.0,16141.0,1276100,KBS
2021-03-26 07:00:00,16141.0,16215.0,15770.0,16122.0,893500,KBS
2021-03-29 07:00:00,16141.0,16178.0,15621.0,15881.0,1295400,KBS
2021-03-30 07:00:00,15881.0,16215.0,15844.0,15993.0,420500,KBS
2021-03-31 07:00:00,16141.0,16141.0,15584.0,15993.0,401100,KBS
2021-04-01 07:00:00,16104.0,16401.0,15993.0,16401.0,588300,KBS
2021-04-02 07:00:00,16475.0,17069.0,16475.0,16735.0,727100,KBS
2021-04-05 07:00:00,16883.0,16920.0,16438.0,16586.0,334900,KBS
2021-04-06 07:00:00,16512.0,16586.0,16401.0,16475.0,284700,KBS
2021-04-07 07:00:00,16512.0,16957.0,16438.0,16623.0,584500,KBS
2021-04-08 07:00:00,16772.0,16772.0,16438.0,16549.0,416800,KBS
2021-04-09 07:00:00,16586.0,16586.0,16345.0,16401.0,641100,KBS
2021-04-12 07:00:00,16549.0,16549.0,16141.0,16252.0,745700,KBS
2021-04-13 07:00:00,16327.0,16327.0,15733.0,15937.0,720700,KBS
2021-04-14 07:00:00,15918.0,16531.0,15770.0,16252.0,547000,KBS
2021-04-15 07:00:00,16160.0,16327.0,15807.0,15937.0,381000,KBS
2021-04-16 07:00:00,15844.0,16122.0,15399.0,15621.0,576900,KBS
2021-04-19 07:00:00,15770.0,15955.0,15250.0,15770.0,734000,KBS
2021-04-20 07:00:00,15770.0,15881.0,15529.0,15584.0,417500,KBS
2021-04-22 07:00:00,15584.0,16141.0,15213.0,15213.0,648100,KBS
2021-04-23 07:00:00,15213.0,15417.0,14879.0,15288.0,393000,KBS
2021-04-26 07:00:00,15288.0,15288.0,14230.0,14545.0,620700,KBS
2021-04-27 07:00:00,14508.0,14694.0,14174.0,14211.0,349400,KBS
2021-04-28 07:00:00,14286.0,14397.0,14174.0,14249.0,362700,KBS
2021-04-29 07:00:00,14249.0,14657.0,14249.0,14657.0,793200,KBS
2021-05-04 07:00:00,14545.0,15065.0,14397.0,14954.0,439700,KBS
2021-05-05 07:00:00,14991.0,15306.0,14991.0,15213.0,359400,KBS
2021-05-06 07:00:00,15213.0,15213.0,14916.0,14972.0,342500,KBS
2021-05-07 07:00:00,15028.0,15139.0,14657.0,14842.0,538200,KBS
2021-05-10 07:00:00,14545.0,14712.0,14286.0,14434.0,696800,KBS
2021-05-11 07:00:00,14508.0,15325.0,14100.0,14954.0,1075100,KBS
2021-05-12 07:00:00,14954.0,15288.0,14842.0,14879.0,494900,KBS
2021-05-13 07:00:00,14842.0,14954.0,14712.0,14731.0,362100,KBS
2021-05-14 07:00:00,14657.0,14731.0,14490.0,14508.0,556500,KBS
2021-05-17 07:00:00,14471.0,14508.0,14249.0,14286.0,400900,KBS
2021-05-18 07:00:00,14286.0,14286.0,14026.0,14174.0,560600,KBS
2021-05-19 07:00:00,14416.0,15158.0,14397.0,15158.0,1096100,KBS
2021-05-20 07:00:00,15955.0,16141.0,15584.0,16104.0,2211000,KBS
2021-05-21 07:00:00,16252.0,16920.0,16252.0,16809.0,1546000,KBS
2021-05-24 07:00:00,17069.0,17365.0,17013.0,17069.0,1151800,KBS
2021-05-25 07:00:00,16994.0,18256.0,16920.0,18145.0,2973500,KBS
2021-05-26 07:00:00,18701.0,18924.0,18145.0,18534.0,1540900,KBS
2021-05-27 07:00:00,18924.0,19258.0,18367.0,18553.0,1190900,KBS
2021-05-28 07:00:00,18553.0,19109.0,18256.0,18887.0,1373200,KBS
2021-05-31 07:00:00,18887.0,19518.0,18516.0,19443.0,1660200,KBS
2021-06-01 07:00:00,19592.0,19814.0,19480.0,19480.0,575500,KBS
2021-06-02 07:00:00,19072.0,19666.0,19072.0,19443.0,649100,KBS
2021-06-03 07:00:00,19518.0,19814.0,19295.0,19703.0,1166400,KBS
2021-06-04 07:00:00,19814.0,19852.0,19369.0,19703.0,780900,KBS
2021-06-07 07:00:00,19666.0,20037.0,18924.0,19592.0,1110900,KBS
2021-06-08 07:00:00,19666.0,19814.0,18961.0,19072.0,1159200,KBS
2021-06-09 07:00:00,19035.0,19852.0,18738.0,19480.0,1107800,KBS
2021-06-10 07:00:00,19666.0,20816.0,19666.0,20816.0,1716500,KBS
2021-06-11 07:00:00,21447.0,22152.0,21447.0,21707.0,966100,KBS
2021-06-14 07:00:00,22078.0,23006.0,21892.0,22857.0,979100,KBS
2021-06-15 07:00:00,22931.0,23748.0,22709.0,23339.0,1101600,KBS
2021-06-16 07:00:00,23636.0,23859.0,23191.0,23377.0,1014600,KBS
2021-06-17 07:00:00,23302.0,23525.0,23080.0,23339.0,812300,KBS
2021-06-18 07:00:00,23339.0,23636.0,23302.0,23377.0,839200,KBS
2021-06-21 07:00:00,23377.0,24490.0,23302.0,23859.0,1075500,KBS
2021-06-22 07:00:00,24119.0,24267.0,23673.0,23896.0,618700,KBS
2021-06-23 07:00:00,24044.0,24193.0,23748.0,23896.0,781300,KBS
2021-06-24 07:00:00,23896.0,23970.0,23711.0,23896.0,1384900,KBS
2021-06-25 07:00:00,24007.0,24119.0,23896.0,24044.0,1339400,KBS
2021-06-28 07:00:00,25481.0,25481.0,24044.0,24600.0,889300,KBS
2021-06-29 07:00:00,24600.0,24600.0,23164.0,23396.0,1262100,KBS
2021-06-30 07:00:00,23350.0,24091.0,23164.0,24044.0,1122200,KBS
2021-07-01 07:00:00,24369.0,24786.0,24137.0,24647.0,862500,KBS
2021-07-02 07:00:00,24647.0,24647.0,24183.0,24183.0,690700,KBS
2021-07-05 07:00:00,24091.0,24091.0,23396.0,23442.0,1015700,KBS
2021-07-06 07:00:00,23257.0,23813.0,21821.0,21821.0,831600,KBS
2021-07-07 07:00:00,22469.0,23211.0,21821.0,22956.0,1118900,KBS
2021-07-08 07:00:00,23396.0,24183.0,23025.0,23303.0,641100,KBS
2021-07-09 07:00:00,23396.0,23998.0,23072.0,23396.0,873000,KBS
2021-07-12 07:00:00,23720.0,23720.0,22238.0,23164.0,1342200,KBS
2021-07-13 07:00:00,23118.0,23396.0,22701.0,23164.0,395700,KBS
2021-07-14 07:00:00,23164.0,23396.0,22516.0,22701.0,508100,KBS
2021-07-15 07:00:00,22655.0,23118.0,22655.0,22956.0,354400,KBS
2021-07-16 07:00:00,23025.0,24554.0,23025.0,24554.0,1497700,KBS
2021-07-19 07:00:00,24369.0,26268.0,24369.0,25898.0,1874400,KBS
2021-07-20 07:00:00,26176.0,27380.0,26037.0,26500.0,709000,KBS
2021-07-21 07:00:00,26315.0,27010.0,25990.0,26500.0,585200,KBS
2021-07-22 07:00:00,26407.0,27195.0,26361.0,27102.0,772400,KBS
2021-07-23 07:00:00,27102.0,27565.0,26917.0,26917.0,691400,KBS
2021-07-26 07:00:00,26871.0,27565.0,26778.0,27149.0,1058100,KBS
2021-07-27 07:00:00,27473.0,27519.0,26639.0,26871.0,989400,KBS
2021-07-28 07:00:00,26732.0,27010.0,25712.0,25990.0,1660000,KBS
2021-07-29 07:00:00,26037.0,27797.0,25295.0,27797.0,1711700,KBS
2021-07-30 07:00:00,28260.0,28677.0,27519.0,27612.0,843000,KBS
2021-08-02 07:00:00,27334.0,28353.0,27334.0,27704.0,970700,KBS
2021-08-03 07:00:00,27704.0,29187.0,27565.0,28399.0,1275700,KBS
2021-08-04 07:00:00,28724.0,28816.0,28029.0,28168.0,863700,KBS
2021-08-05 07:00:00,28121.0,28724.0,28029.0,28724.0,731400,KBS
2021-08-06 07:00:00,28724.0,29650.0,28260.0,28724.0,1377200,KBS
2021-08-09 07:00:00,28724.0,29604.0,28677.0,29511.0,1361300,KBS
2021-08-10 07:00:00,29650.0,30345.0,29511.0,29743.0,1115500,KBS
2021-08-11 07:00:00,29882.0,30067.0,29187.0,29187.0,947300,KBS
2021-08-12 07:00:00,29141.0,29789.0,29002.0,29002.0,711600,KBS
2021-08-13 07:00:00,28770.0,30808.0,28168.0,30808.0,2486700,KBS
2021-08-16 07:00:00,31040.0,31179.0,30669.0,30716.0,612900,KBS
2021-08-17 07:00:00,30577.0,30947.0,29928.0,30114.0,663200,KBS
2021-08-18 07:00:00,29882.0,30577.0,29743.0,30067.0,559200,KBS
2021-08-19 07:00:00,30114.0,30577.0,30021.0,30253.0,445400,KBS
2021-08-20 07:00:00,30253.0,30530.0,28724.0,29650.0,993000,KBS
2021-08-23 07:00:00,29511.0,29650.0,28816.0,28955.0,1085300,KBS
2021-08-24 07:00:00,28955.0,30206.0,28538.0,28724.0,1048100,KBS
2021-08-25 07:00:00,29419.0,29650.0,28724.0,29650.0,524000,KBS
2021-08-26 07:00:00,29743.0,29882.0,29419.0,29419.0,384200,KBS
2021-08-27 07:00:00,29048.0,30021.0,29048.0,29882.0,900300,KBS
2021-08-30 07:00:00,30114.0,30345.0,29975.0,30114.0,567600,KBS
2021-08-31 07:00:00,30160.0,31225.0,30160.0,30530.0,1435800,KBS
2021-09-01 07:00:00,30808.0,30901.0,30577.0,30577.0,457400,KBS
2021-09-06 07:00:00,30762.0,31457.0,30762.0,31179.0,992900,KBS
2021-09-07 07:00:00,31179.0,31179.0,30114.0,30114.0,1041100,KBS
2021-09-08 07:00:00,30114.0,30577.0,29882.0,30160.0,656300,KBS
2021-09-09 07:00:00,30160.0,30438.0,30067.0,30345.0,455000,KBS
2021-09-10 07:00:00,30345.0,30808.0,30206.0,30530.0,478500,KBS
2021-09-13 07:00:00,30530.0,30577.0,30114.0,30114.0,402900,KBS
2021-09-14 07:00:00,30067.0,30530.0,29882.0,30067.0,405800,KBS
2021-09-15 07:00:00,30067.0,30160.0,29882.0,29882.0,456400,KBS
2021-09-16 07:00:00,29882.0,30299.0,29743.0,30114.0,564000,KBS
2021-09-17 07:00:00,30345.0,31642.0,30345.0,31040.0,1190300,KBS
2021-09-20 07:00:00,31967.0,31967.0,31318.0,31596.0,1001200,KBS
2021-09-21 07:00:00,31411.0,33773.0,31040.0,33773.0,2292000,KBS
2021-09-22 07:00:00,33820.0,34561.0,33773.0,33820.0,760000,KBS
2021-09-23 07:00:00,33866.0,34329.0,32893.0,33449.0,469600,KBS
2021-09-24 07:00:00,32986.0,33727.0,32986.0,33125.0,636100,KBS
2021-09-27 07:00:00,33264.0,33264.0,32198.0,32384.0,935500,KBS
2021-09-28 07:00:00,32198.0,33310.0,32106.0,33310.0,417900,KBS
2021-09-29 07:00:00,33357.0,33449.0,32893.0,33218.0,368700,KBS
2021-09-30 07:00:00,33032.0,34746.0,33032.0,34098.0,498300,KBS
2021-10-01 07:00:00,34515.0,35302.0,34144.0,35071.0,615200,KBS
2021-10-04 07:00:00,35534.0,35627.0,35210.0,35302.0,440200,KBS
2021-10-05 07:00:00,35673.0,37294.0,35210.0,37109.0,722500,KBS
2021-10-06 07:00:00,38453.0,38916.0,37341.0,38916.0,854800,KBS
2021-10-07 07:00:00,38499.0,41325.0,38499.0,40769.0,923300,KBS
2021-10-08 07:00:00,41649.0,41649.0,39379.0,39379.0,1336200,KBS
2021-10-11 07:00:00,39426.0,40306.0,39379.0,39379.0,778300,KBS
2021-10-12 07:00:00,39657.0,41927.0,39565.0,41927.0,867000,KBS
2021-10-13 07:00:00,42205.0,43549.0,42205.0,43271.0,593700,KBS
2021-10-14 07:00:00,44336.0,44336.0,42854.0,43549.0,783600,KBS
2021-10-15 07:00:00,43595.0,44661.0,43317.0,43549.0,511300,KBS
2021-10-18 07:00:00,43595.0,44429.0,43549.0,43780.0,557600,KBS
2021-10-19 07:00:00,43780.0,43919.0,43317.0,43827.0,359100,KBS
2021-10-20 07:00:00,44336.0,44336.0,42669.0,43827.0,826700,KBS
2021-10-21 07:00:00,43780.0,45865.0,43410.0,44522.0,826300,KBS
2021-10-22 07:00:00,45170.0,45170.0,43734.0,43873.0,946900,KBS
2021-10-25 07:00:00,44058.0,45634.0,43780.0,44939.0,623200,KBS
2021-10-26 07:00:00,45170.0,45170.0,44244.0,44522.0,499900,KBS
2021-10-27 07:00:00,44985.0,46328.0,44939.0,46328.0,743200,KBS
2021-10-28 07:00:00,47255.0,48645.0,47255.0,48413.0,452200,KBS
2021-10-29 07:00:00,50730.0,50730.0,48877.0,49386.0,616700,KBS
2021-11-01 07:00:00,50035.0,50266.0,48228.0,49525.0,662700,KBS
2021-11-02 07:00:00,50127.0,50127.0,49108.0,49896.0,939800,KBS
2021-11-03 07:00:00,50035.0,52120.0,46421.0,46421.0,2004200,KBS
2021-11-04 07:00:00,45865.0,47718.0,44707.0,45958.0,1178900,KBS
2021-11-05 07:00:00,47209.0,47209.0,45865.0,45958.0,777200,KBS
2021-11-08 07:00:00,45958.0,46792.0,45031.0,45958.0,683100,KBS
2021-11-09 07:00:00,46328.0,49155.0,45958.0,49155.0,973500,KBS
2021-11-10 07:00:00,50591.0,52351.0,50405.0,50591.0,622300,KBS
2021-11-11 07:00:00,51888.0,53278.0,50544.0,52814.0,740800,KBS
2021-11-12 07:00:00,55085.0,55085.0,51425.0,53278.0,393500,KBS
2021-11-15 07:00:00,53278.0,53278.0,49571.0,49571.0,922400,KBS
2021-11-16 07:00:00,48645.0,50035.0,47301.0,48413.0,1356500,KBS
2021-11-17 07:00:00,48877.0,50498.0,48413.0,50313.0,522400,KBS
2021-11-18 07:00:00,50544.0,50961.0,48645.0,48691.0,481500,KBS
2021-11-19 07:00:00,48738.0,49571.0,45402.0,46328.0,929500,KBS
2021-11-22 07:00:00,46328.0,46977.0,43086.0,43086.0,1017400,KBS
2021-11-23 07:00:00,40074.0,44429.0,40074.0,44429.0,1001600,KBS
2021-11-24 07:00:00,46328.0,46328.0,42715.0,43132.0,476900,KBS
2021-11-25 07:00:00,42205.0,44429.0,42205.0,43271.0,739900,KBS
2021-11-26 07:00:00,43919.0,43919.0,41696.0,42391.0,622400,KBS
2021-11-29 07:00:00,41603.0,42391.0,41603.0,41788.0,633900,KBS
2021-11-30 07:00:00,42483.0,43780.0,41696.0,42159.0,433000,KBS
2021-12-01 07:00:00,42159.0,42854.0,42159.0,42391.0,222700,KBS
2021-12-02 07:00:00,42622.0,45356.0,42622.0,45356.0,542000,KBS
2021-12-03 07:00:00,46328.0,48506.0,46190.0,47950.0,1275100,KBS
2021-12-06 07:00:00,47950.0,47950.0,44614.0,44707.0,513900,KBS
2021-12-07 07:00:00,45402.0,47811.0,44475.0,47811.0,769400,KBS
2021-12-08 07:00:00,49108.0,50498.0,48182.0,48182.0,980700,KBS
2021-12-09 07:00:00,47533.0,50035.0,47533.0,48413.0,277100,KBS
2021-12-10 07:00:00,49108.0,49988.0,48182.0,48599.0,429200,KBS
2021-12-13 07:00:00,48645.0,49571.0,48274.0,49016.0,643400,KBS
2021-12-14 07:00:00,49664.0,49942.0,48645.0,49016.0,412800,KBS
2021-12-15 07:00:00,48738.0,48738.0,46282.0,46792.0,1007900,KBS
2021-12-16 07:00:00,47301.0,47301.0,45402.0,46838.0,935500,KBS
2021-12-17 07:00:00,47718.0,49340.0,47255.0,48552.0,775800,KBS
2021-12-20 07:00:00,49108.0,49108.0,46792.0,46838.0,515300,KBS
2021-12-21 07:00:00,46282.0,47255.0,45773.0,47070.0,883000,KBS
2021-12-22 07:00:00,46931.0,47487.0,45773.0,45773.0,706400,KBS
2021-12-23 07:00:00,45680.0,45680.0,42622.0,42622.0,1575100,KBS
2021-12-24 07:00:00,43317.0,43919.0,43086.0,43086.0,652600,KBS
2021-12-27 07:00:00,43132.0,44707.0,42900.0,43086.0,327700,KBS
2021-12-28 07:00:00,43919.0,44383.0,43086.0,43919.0,448100,KBS
2021-12-29 07:00:00,44105.0,44383.0,43086.0,43132.0,233400,KBS
2021-12-30 07:00:00,43363.0,44290.0,43178.0,43966.0,354600,KBS
2021-12-31 07:00:00,43966.0,44244.0,43456.0,44012.0,265500,KBS
2022-01-04 07:00:00,44475.0,46792.0,44429.0,46514.0,708800,KBS
2022-01-05 07:00:00,48877.0,49062.0,46931.0,47255.0,555300,KBS
2022-01-06 07:00:00,48135.0,49155.0,47209.0,47718.0,1006900,KBS
2022-01-07 07:00:00,48182.0,48182.0,46328.0,47672.0,736500,KBS
2022-01-10 07:00:00,47950.0,48182.0,45170.0,45170.0,1028400,KBS
2022-01-11 07:00:00,44939.0,47255.0,44475.0,46097.0,622300,KBS
2022-01-12 07:00:00,46097.0,46143.0,42947.0,44012.0,741800,KBS
2022-01-13 07:00:00,44939.0,45773.0,44012.0,44012.0,699500,KBS
2022-01-14 07:00:00,43780.0,44939.0,43178.0,44429.0,376800,KBS
2022-01-17 07:00:00,45170.0,45170.0,41325.0,41325.0,707700,KBS
2022-01-18 07:00:00,39426.0,41001.0,38453.0,38453.0,1071000,KBS
2022-01-19 07:00:00,35812.0,37063.0,35766.0,35766.0,1435000,KBS
2022-01-20 07:00:00,34283.0,38267.0,34283.0,38267.0,689100,KBS
2022-01-21 07:00:00,40908.0,40908.0,40028.0,40908.0,627200,KBS
2022-01-24 07:00:00,40584.0,41093.0,38082.0,38082.0,609900,KBS
2022-01-25 07:00:00,36831.0,39148.0,36831.0,38731.0,548100,KBS
2022-01-26 07:00:00,38916.0,39240.0,36970.0,36970.0,401600,KBS
2022-01-27 07:00:00,37433.0,37433.0,35210.0,36368.0,415300,KBS
2022-01-28 07:00:00,36461.0,37063.0,35534.0,36600.0,382200,KBS
2022-02-07 07:00:00,37526.0,38221.0,36831.0,37063.0,334700,KBS
2022-02-08 07:00:00,37109.0,37202.0,34468.0,34468.0,849800,KBS
2022-02-09 07:00:00,33357.0,36877.0,32430.0,36600.0,885200,KBS
2022-02-10 07:00:00,37480.0,37943.0,36090.0,36692.0,415200,KBS
2022-02-11 07:00:00,36090.0,36507.0,35673.0,36368.0,295500,KBS
2022-02-14 07:00:00,35673.0,36831.0,35210.0,36044.0,551600,KBS
2022-02-15 07:00:00,36044.0,37016.0,35673.0,36461.0,482600,KBS
2022-02-16 07:00:00,37063.0,37758.0,36831.0,37665.0,794000,KBS
2022-02-17 07:00:00,38221.0,38221.0,37063.0,37433.0,487600,KBS
2022-02-18 07:00:00,37294.0,37989.0,37063.0,37943.0,466000,KBS
2022-02-21 07:00:00,37943.0,40584.0,37758.0,40584.0,833400,KBS
2022-02-22 07:00:00,39426.0,43039.0,39379.0,41649.0,1244400,KBS
2022-02-23 07:00:00,41649.0,42483.0,41603.0,42066.0,468300,KBS
2022-02-24 07:00:00,42066.0,42113.0,39148.0,41232.0,1147200,KBS
2022-02-25 07:00:00,41788.0,41788.0,40769.0,40769.0,482500,KBS
2022-02-28 07:00:00,40306.0,41093.0,39843.0,40723.0,256500,KBS
2022-03-01 07:00:00,40306.0,43549.0,39889.0,43549.0,1322400,KBS
2022-03-02 07:00:00,44475.0,44475.0,43317.0,43827.0,782700,KBS
2022-03-03 07:00:00,44151.0,44846.0,43873.0,44336.0,476500,KBS
2022-03-04 07:00:00,44290.0,46328.0,43919.0,45680.0,708900,KBS
2022-03-07 07:00:00,45402.0,46328.0,44939.0,45680.0,474300,KBS
2022-03-08 07:00:00,44892.0,45634.0,43549.0,43966.0,848500,KBS
2022-03-09 07:00:00,43132.0,45031.0,42622.0,44012.0,1035600,KBS
2022-03-10 07:00:00,45170.0,47070.0,44661.0,47070.0,1456300,KBS
2022-03-11 07:00:00,48135.0,49294.0,46792.0,46792.0,1017000,KBS
2022-03-14 07:00:00,46792.0,49942.0,46560.0,49108.0,1323500,KBS
2022-03-15 07:00:00,49571.0,50266.0,48367.0,48691.0,587400,KBS
2022-03-16 07:00:00,49108.0,50452.0,48552.0,48877.0,782700,KBS
2022-03-17 07:00:00,49571.0,49571.0,47579.0,47950.0,648900,KBS
2022-03-18 07:00:00,48182.0,49108.0,47672.0,47996.0,343100,KBS
2022-03-21 07:00:00,47996.0,49155.0,47996.0,48830.0,453200,KBS
2022-03-22 07:00:00,49201.0,50915.0,48830.0,48923.0,1050000,KBS
2022-03-23 07:00:00,48969.0,49340.0,47950.0,48043.0,699300,KBS
2022-03-24 07:00:00,48182.0,49108.0,47718.0,48738.0,653100,KBS
2022-03-25 07:00:00,48738.0,49479.0,48182.0,48182.0,390500,KBS
2022-03-28 07:00:00,47301.0,48089.0,45309.0,46699.0,1389300,KBS
2022-03-29 07:00:00,47070.0,48645.0,46884.0,48321.0,551400,KBS
2022-03-30 07:00:00,47950.0,50869.0,47718.0,48413.0,1082700,KBS
2022-03-31 07:00:00,48413.0,49294.0,47718.0,47718.0,494100,KBS
2022-04-01 07:00:00,47765.0,47996.0,47255.0,47255.0,514800,KBS
2022-04-04 07:00:00,47672.0,49571.0,46792.0,47950.0,754500,KBS
2022-04-05 07:00:00,47950.0,49479.0,47765.0,48645.0,597200,KBS
2022-04-06 07:00:00,48228.0,49571.0,47209.0,47718.0,819400,KBS
2022-04-07 07:00:00,47718.0,47718.0,46792.0,47672.0,931200,KBS
2022-04-08 07:00:00,47348.0,48135.0,46653.0,46884.0,636000,KBS
2022-04-12 07:00:00,46328.0,46931.0,43641.0,43641.0,995800,KBS
2022-04-13 07:00:00,43549.0,44336.0,41464.0,44058.0,777900,KBS
2022-04-14 07:00:00,44939.0,44939.0,42808.0,43595.0,379200,KBS
2022-04-15 07:00:00,43456.0,43780.0,42252.0,42252.0,406200,KBS
2022-04-18 07:00:00,42113.0,42808.0,39843.0,40259.0,788200,KBS
2022-04-19 07:00:00,40306.0,41557.0,39379.0,40074.0,559900,KBS
2022-04-20 07:00:00,39426.0,40723.0,37341.0,37341.0,526100,KBS
2022-04-21 07:00:00,35673.0,37016.0,34746.0,34746.0,1458200,KBS
2022-04-22 07:00:00,34746.0,35441.0,32337.0,32337.0,1272700,KBS
2022-04-25 07:00:00,32384.0,32430.0,30114.0,30114.0,1397500,KBS
2022-04-26 07:00:00,28029.0,32198.0,28029.0,32198.0,3007800,KBS
2022-04-27 07:00:00,32198.0,34422.0,31040.0,34283.0,765200,KBS
2022-04-28 07:00:00,33820.0,34515.0,32430.0,32476.0,759000,KBS
2022-04-29 07:00:00,31828.0,34515.0,31735.0,34190.0,821100,KBS
2022-05-04 07:00:00,33866.0,34144.0,32476.0,32801.0,733700,KBS
2022-05-05 07:00:00,33357.0,33357.0,30530.0,31040.0,1204200,KBS
2022-05-06 07:00:00,29650.0,30994.0,28909.0,28909.0,834300,KBS
2022-05-09 07:00:00,27287.0,27751.0,26917.0,26917.0,970800,KBS
2022-05-10 07:00:00,25064.0,25898.0,25064.0,25064.0,3449900,KBS
2022-05-11 07:00:00,26176.0,26778.0,25481.0,26778.0,1042600,KBS
2022-05-12 07:00:00,27426.0,28492.0,24925.0,24925.0,1371800,KBS
2022-05-13 07:00:00,24925.0,25434.0,23211.0,23211.0,2006600,KBS
2022-05-16 07:00:00,24091.0,24832.0,23072.0,23257.0,1639800,KBS
2022-05-17 07:00:00,23211.0,24878.0,23164.0,24878.0,925400,KBS
2022-05-18 07:00:00,25481.0,26593.0,25481.0,25759.0,1283500,KBS
2022-05-19 07:00:00,25203.0,26268.0,24739.0,25990.0,1079700,KBS
2022-05-20 07:00:00,26176.0,27565.0,25990.0,27241.0,808700,KBS
2022-05-23 07:00:00,27797.0,27797.0,25342.0,25342.0,1601300,KBS
2022-05-24 07:00:00,25481.0,26871.0,24554.0,26871.0,1171500,KBS
2022-05-25 07:00:00,26963.0,28492.0,26778.0,28214.0,1204500,KBS
2022-05-26 07:00:00,28260.0,29419.0,28075.0,28863.0,1032800,KBS
2022-05-27 07:00:00,29094.0,29419.0,28724.0,28955.0,911200,KBS
2022-05-30 07:00:00,29187.0,29419.0,28631.0,28955.0,883000,KBS
2022-05-31 07:00:00,28724.0,29002.0,28029.0,28260.0,1031200,KBS
2022-06-01 07:00:00,28260.0,28724.0,27473.0,28260.0,755700,KBS
2022-06-02 07:00:00,28260.0,28909.0,27565.0,27565.0,735200,KBS
2022-06-03 07:00:00,27565.0,27890.0,26917.0,27890.0,668200,KBS
2022-06-06 07:00:00,28168.0,28214.0,26407.0,26407.0,626800,KBS
2022-06-07 07:00:00,25944.0,27102.0,24786.0,26037.0,1118500,KBS
2022-06-08 07:00:00,26500.0,27843.0,26222.0,27843.0,778400,KBS
2022-06-09 07:00:00,28029.0,28955.0,27890.0,28260.0,514200,KBS
2022-06-10 07:00:00,27936.0,28492.0,27334.0,27473.0,516600,KBS
2022-06-13 07:00:00,25944.0,26732.0,25573.0,25573.0,1199600,KBS
2022-06-14 07:00:00,24369.0,25851.0,24369.0,24693.0,778500,KBS
2022-06-15 07:00:00,24739.0,25017.0,22979.0,22979.0,1827300,KBS
2022-06-16 07:00:00,24554.0,24554.0,21381.0,21381.0,1193500,KBS
2022-06-17 07:00:00,20060.0,20848.0,19898.0,19898.0,2415200,KBS
2022-06-20 07:00:00,19690.0,20153.0,18508.0,18508.0,2112000,KBS
2022-06-21 07:00:00,18248.0,19696.0,17234.0,17234.0,2118900,KBS
2022-06-22 07:00:00,17263.0,18421.0,16915.0,18421.0,1903400,KBS
2022-06-23 07:00:00,19117.0,19696.0,18827.0,19696.0,1178500,KBS
2022-06-24 07:00:00,20043.0,21057.0,19841.0,21057.0,1846200,KBS
2022-06-27 07:00:00,20854.0,22187.0,20681.0,21723.0,1827100,KBS
2022-06-28 07:00:00,21723.0,22534.0,21144.0,21897.0,1555000,KBS
2022-06-29 07:00:00,21897.0,22418.0,21202.0,22216.0,1450800,KBS
2022-06-30 07:00:00,22245.0,22361.0,21202.0,21434.0,1156800,KBS
2022-07-01 07:00:00,21260.0,22534.0,19956.0,21607.0,1731500,KBS
2022-07-04 07:00:00,21839.0,22071.0,20970.0,21260.0,600400,KBS
2022-07-05 07:00:00,21550.0,21550.0,20159.0,20536.0,539000,KBS
2022-07-06 07:00:00,19985.0,21144.0,19696.0,19812.0,1097300,KBS
2022-07-07 07:00:00,20159.0,20362.0,19725.0,19928.0,642200,KBS
2022-07-08 07:00:00,20304.0,21318.0,20275.0,21318.0,798700,KBS
2022-07-11 07:00:00,21550.0,22534.0,21318.0,22071.0,2269700,KBS
2022-07-12 07:00:00,22187.0,23606.0,22071.0,23606.0,1434100,KBS
2022-07-13 07:00:00,23925.0,24591.0,23577.0,24069.0,1801400,KBS
2022-07-14 07:00:00,23983.0,24504.0,23664.0,24040.0,1519300,KBS
2022-07-15 07:00:00,24562.0,24938.0,24185.0,24214.0,1383300,KBS
2022-07-18 07:00:00,24359.0,24736.0,23056.0,23664.0,1944700,KBS
2022-07-19 07:00:00,23635.0,24272.0,23085.0,23925.0,1690300,KBS
2022-07-20 07:00:00,24620.0,25576.0,24098.0,25576.0,1793400,KBS
2022-07-21 07:00:00,25633.0,26531.0,25286.0,25286.0,1886000,KBS
2022-07-22 07:00:00,25083.0,25373.0,24909.0,24967.0,1251900,KBS
2022-07-25 07:00:00,24504.0,25199.0,24127.0,24794.0,1642000,KBS
2022-07-26 07:00:00,24649.0,25286.0,24649.0,24765.0,762100,KBS
2022-07-27 07:00:00,24591.0,26358.0,24388.0,26358.0,1921400,KBS
2022-07-28 07:00:00,26937.0,27980.0,26676.0,26821.0,2553800,KBS
2022-07-29 07:00:00,26850.0,26937.0,26473.0,26937.0,1305100,KBS
2022-08-01 07:00:00,27111.0,27777.0,26850.0,27140.0,1664600,KBS
2022-08-02 07:00:00,27140.0,27487.0,27053.0,27111.0,1473600,KBS
2022-08-03 07:00:00,27169.0,28095.0,26647.0,27980.0,1659700,KBS
2022-08-04 07:00:00,28385.0,28385.0,27371.0,27574.0,1526100,KBS
2022-08-05 07:00:00,27516.0,28964.0,27313.0,28472.0,1453700,KBS
2022-08-08 07:00:00,28559.0,28906.0,27864.0,28038.0,1361800,KBS
2022-08-09 07:00:00,27864.0,28472.0,27835.0,28153.0,1171800,KBS
2022-08-10 07:00:00,28153.0,28849.0,27922.0,28501.0,1219500,KBS
2022-08-11 07:00:00,28762.0,28906.0,27169.0,27342.0,2124800,KBS
2022-08-12 07:00:00,27400.0,27661.0,27227.0,27400.0,1489300,KBS
2022-08-15 07:00:00,27719.0,28501.0,27342.0,28211.0,1415900,KBS
2022-08-16 07:00:00,28269.0,28675.0,27980.0,28327.0,795100,KBS
2022-08-17 07:00:00,28501.0,30297.0,28443.0,30297.0,4701500,KBS
2022-08-18 07:00:00,30297.0,30992.0,29949.0,30181.0,2243900,KBS
2022-08-19 07:00:00,30181.0,31745.0,30181.0,30818.0,2165500,KBS
2022-08-22 07:00:00,30760.0,31745.0,30181.0,31166.0,2600300,KBS
2022-08-23 07:00:00,30760.0,31745.0,30586.0,31687.0,1636900,KBS
2022-08-24 07:00:00,31803.0,32035.0,31282.0,31282.0,1778100,KBS
2022-08-25 07:00:00,31397.0,31861.0,30702.0,31224.0,1700100,KBS
2022-08-26 07:00:00,31282.0,31803.0,30702.0,30818.0,1881300,KBS
2022-08-29 07:00:00,30181.0,31687.0,29254.0,31687.0,4204100,KBS
2022-08-30 07:00:00,32035.0,32614.0,31571.0,31687.0,1458800,KBS
2022-08-31 07:00:00,31282.0,31977.0,31108.0,31571.0,1208900,KBS
2022-09-05 07:00:00,31571.0,32672.0,31282.0,32440.0,2577000,KBS
2022-09-06 07:00:00,32440.0,32904.0,32150.0,32382.0,951500,KBS
2022-09-07 07:00:00,32440.0,32440.0,30123.0,30123.0,3356500,KBS
2022-09-08 07:00:00,30181.0,30413.0,28038.0,28038.0,4416600,KBS
2022-09-09 07:00:00,28038.0,29486.0,26329.0,29486.0,3837900,KBS
2022-09-12 07:00:00,29544.0,29833.0,28675.0,28675.0,1091200,KBS
2022-09-13 07:00:00,28704.0,28964.0,27922.0,28762.0,1320300,KBS
2022-09-14 07:00:00,28327.0,29428.0,27980.0,29022.0,1492900,KBS
2022-09-15 07:00:00,29138.0,29370.0,28791.0,28964.0,832900,KBS
2022-09-16 07:00:00,28964.0,28964.0,27284.0,27284.0,1305300,KBS
2022-09-19 07:00:00,26937.0,27169.0,25402.0,25402.0,3226600,KBS
2022-09-20 07:00:00,25923.0,25923.0,23867.0,25402.0,1919100,KBS
2022-09-21 07:00:00,24967.0,25778.0,24967.0,25228.0,608100,KBS
2022-09-22 07:00:00,24736.0,25865.0,24446.0,25489.0,1186600,KBS
2022-09-23 07:00:00,25489.0,25778.0,24562.0,24562.0,933700,KBS
2022-09-26 07:00:00,23114.0,24272.0,22853.0,22853.0,1954300,KBS
2022-09-27 07:00:00,22940.0,23172.0,21897.0,22013.0,1870500,KBS
2022-09-28 07:00:00,21955.0,23548.0,21550.0,23548.0,3040100,KBS
2022-09-29 07:00:00,24272.0,24272.0,21926.0,21926.0,1443000,KBS
2022-09-30 07:00:00,22129.0,23432.0,20854.0,23432.0,2671000,KBS
2022-10-03 07:00:00,23200.0,24040.0,22303.0,22361.0,1805300,KBS
2022-10-04 07:00:00,23114.0,23635.0,22216.0,23143.0,2553400,KBS
2022-10-05 07:00:00,23983.0,24736.0,23722.0,24736.0,1437600,KBS
2022-10-06 07:00:00,25025.0,25778.0,23722.0,23722.0,3543500,KBS
2022-10-07 07:00:00,23172.0,25373.0,22882.0,24620.0,3303300,KBS
2022-10-10 07:00:00,24330.0,25199.0,24040.0,24330.0,2259400,KBS
2022-10-11 07:00:00,24214.0,24562.0,22650.0,22650.0,1851100,KBS
2022-10-12 07:00:00,21086.0,22940.0,21086.0,21086.0,5796400,KBS
2022-10-13 07:00:00,21086.0,21926.0,19754.0,19812.0,2918800,KBS
2022-10-14 07:00:00,20391.0,21173.0,19696.0,21173.0,2506300,KBS
2022-10-17 07:00:00,21434.0,21781.0,20739.0,21231.0,1495700,KBS
2022-10-18 07:00:00,21550.0,22592.0,21231.0,21492.0,2089500,KBS
2022-10-19 07:00:00,21434.0,21839.0,20854.0,20854.0,1405300,KBS
2022-10-20 07:00:00,20681.0,21144.0,19899.0,19985.0,1830300,KBS
2022-10-21 07:00:00,20159.0,20159.0,18595.0,18595.0,2823700,KBS
2022-10-24 07:00:00,17842.0,18479.0,17321.0,17321.0,1499300,KBS
2022-10-25 07:00:00,16133.0,17321.0,16133.0,16133.0,4980200,KBS
2022-10-26 07:00:00,15235.0,16104.0,15033.0,15119.0,7326200,KBS
2022-10-27 07:00:00,15061.0,16162.0,15061.0,16162.0,1822400,KBS
2022-10-28 07:00:00,16568.0,17292.0,16278.0,16336.0,2952100,KBS
2022-10-31 07:00:00,16394.0,16510.0,15235.0,16336.0,2407400,KBS
2022-11-01 07:00:00,16510.0,17466.0,16452.0,17466.0,2406300,KBS
2022-11-02 07:00:00,17755.0,18682.0,17494.0,18653.0,4319100,KBS
2022-11-03 07:00:00,17958.0,19754.0,17958.0,19580.0,4123900,KBS
2022-11-04 07:00:00,19261.0,19522.0,18219.0,18537.0,4658500,KBS
2022-11-07 07:00:00,18248.0,18392.0,17263.0,17263.0,3919400,KBS
2022-11-08 07:00:00,16162.0,17784.0,16162.0,16944.0,1325600,KBS
2022-11-09 07:00:00,17408.0,18103.0,17379.0,18103.0,1735400,KBS
2022-11-10 07:00:00,17929.0,19117.0,17089.0,17668.0,5055000,KBS
2022-11-11 07:00:00,18132.0,18450.0,17205.0,17842.0,3074400,KBS
2022-11-14 07:00:00,16741.0,18045.0,16597.0,17697.0,2771200,KBS
2022-11-15 07:00:00,17639.0,17639.0,16481.0,16481.0,2122900,KBS
2022-11-16 07:00:00,15351.0,17610.0,15351.0,17610.0,6356900,KBS
2022-11-17 07:00:00,18074.0,18479.0,17610.0,17871.0,2990200,KBS
2022-11-18 07:00:00,17408.0,19117.0,17379.0,19117.0,3518700,KBS
2022-11-21 07:00:00,19812.0,19812.0,19117.0,19261.0,1366600,KBS
2022-11-22 07:00:00,19117.0,20594.0,18827.0,18827.0,2842900,KBS
2022-11-23 07:00:00,18306.0,19174.0,18016.0,18016.0,1336200,KBS
2022-11-24 07:00:00,18045.0,18914.0,17408.0,18885.0,1181100,KBS
2022-11-25 07:00:00,19406.0,20159.0,19203.0,20159.0,1289400,KBS
2022-11-28 07:00:00,20796.0,21115.0,19117.0,19985.0,1947100,KBS
2022-11-29 07:00:00,20159.0,21376.0,19609.0,21376.0,2347300,KBS
2022-11-30 07:00:00,21723.0,22013.0,20854.0,21434.0,1838700,KBS
2022-12-01 07:00:00,22013.0,22563.0,20304.0,20739.0,2378000,KBS
2022-12-02 07:00:00,20449.0,22187.0,20217.0,22187.0,1697500,KBS
2022-12-05 07:00:00,22592.0,22592.0,20912.0,20912.0,1755300,KBS
2022-12-06 07:00:00,20507.0,21144.0,19464.0,19464.0,3571300,KBS
2022-12-07 07:00:00,19348.0,19406.0,18103.0,18103.0,1717300,KBS
2022-12-08 07:00:00,18277.0,19348.0,18277.0,19348.0,1299700,KBS
2022-12-09 07:00:00,19696.0,19956.0,18856.0,19117.0,763900,KBS
2022-12-12 07:00:00,19406.0,20275.0,18248.0,18248.0,856800,KBS
2022-12-13 07:00:00,18306.0,19145.0,18016.0,19117.0,865700,KBS
2022-12-14 07:00:00,19435.0,19928.0,19145.0,19754.0,566300,KBS
2022-12-15 07:00:00,19812.0,20623.0,19812.0,20623.0,1628900,KBS
2022-12-16 07:00:00,20623.0,20796.0,20159.0,20478.0,704900,KBS
2022-12-19 07:00:00,20796.0,20796.0,19059.0,19059.0,1626800,KBS
2022-12-20 07:00:00,18827.0,19232.0,17842.0,18537.0,1533200,KBS
2022-12-21 07:00:00,18595.0,18798.0,17263.0,17292.0,954700,KBS
2022-12-22 07:00:00,17726.0,17726.0,16799.0,17321.0,654200,KBS
2022-12-23 07:00:00,17263.0,18074.0,17147.0,17668.0,577000,KBS
2022-12-26 07:00:00,17668.0,17726.0,16452.0,16452.0,778800,KBS
2022-12-27 07:00:00,16220.0,17263.0,16104.0,17263.0,590600,KBS
2022-12-28 07:00:00,17437.0,17552.0,17118.0,17494.0,313400,KBS
2022-12-29 07:00:00,17466.0,17958.0,17118.0,17118.0,376100,KBS
2022-12-30 07:00:00,17350.0,17379.0,16741.0,16741.0,181400,KBS
2023-01-03 07:00:00,17089.0,17900.0,16799.0,17900.0,713000,KBS
2023-01-04 07:00:00,18421.0,18421.0,17842.0,17900.0,457400,KBS
2023-01-05 07:00:00,17900.0,17958.0,17494.0,17842.0,333100,KBS
2023-01-06 07:00:00,18421.0,19001.0,17958.0,18421.0,1415300,KBS
2023-01-09 07:00:00,18537.0,18653.0,17958.0,18248.0,374700,KBS
2023-01-10 07:00:00,18392.0,18392.0,17668.0,17842.0,359900,KBS
2023-01-11 07:00:00,17842.0,18248.0,17668.0,17755.0,426200,KBS
2023-01-12 07:00:00,17929.0,18045.0,17379.0,17958.0,514000,KBS
2023-01-13 07:00:00,17958.0,18074.0,17610.0,17610.0,447300,KBS
2023-01-16 07:00:00,17639.0,17842.0,17176.0,17263.0,420100,KBS
2023-01-17 07:00:00,17147.0,18016.0,17147.0,17784.0,598900,KBS
2023-01-18 07:00:00,17842.0,18537.0,17842.0,18334.0,832500,KBS
2023-01-19 07:00:00,18450.0,18566.0,18190.0,18363.0,706300,KBS
2023-01-27 07:00:00,18537.0,18653.0,18074.0,18074.0,767300,KBS
2023-01-30 07:00:00,18190.0,19319.0,17929.0,19319.0,2329800,KBS
2023-01-31 07:00:00,19638.0,19985.0,19059.0,19812.0,2453600,KBS
2023-02-01 07:00:00,19985.0,19985.0,18450.0,18450.0,2578800,KBS
2023-02-02 07:00:00,18537.0,18711.0,17610.0,17784.0,1198400,KBS
2023-02-03 07:00:00,17842.0,18190.0,17668.0,17726.0,734200,KBS
2023-02-06 07:00:00,17726.0,18248.0,17668.0,18074.0,476100,KBS
2023-02-07 07:00:00,18103.0,18306.0,17437.0,17466.0,699200,KBS
2023-02-08 07:00:00,17466.0,17726.0,16770.0,17466.0,942000,KBS
2023-02-09 07:00:00,17466.0,17523.0,17031.0,17031.0,367600,KBS
2023-02-10 07:00:00,17031.0,17292.0,16741.0,16886.0,581100,KBS
2023-02-13 07:00:00,16683.0,16683.0,15815.0,15872.0,1224100,KBS
2023-02-14 07:00:00,16191.0,16857.0,15872.0,16857.0,836200,KBS
2023-02-15 07:00:00,16799.0,17552.0,16626.0,17292.0,726900,KBS
2023-02-16 07:00:00,17321.0,17494.0,17176.0,17494.0,404700,KBS
2023-02-17 07:00:00,17321.0,18074.0,17321.0,17350.0,481400,KBS
2023-02-20 07:00:00,17147.0,18248.0,17147.0,18248.0,1397000,KBS
2023-02-21 07:00:00,18421.0,18711.0,17900.0,17900.0,1013200,KBS
2023-02-22 07:00:00,17668.0,17842.0,17089.0,17089.0,943600,KBS
2023-02-23 07:00:00,17031.0,17668.0,16915.0,17668.0,993600,KBS
2023-02-24 07:00:00,17813.0,17813.0,17321.0,17408.0,340700,KBS
2023-02-27 07:00:00,17031.0,17610.0,16973.0,17292.0,935000,KBS
2023-02-28 07:00:00,17379.0,17639.0,17292.0,17437.0,465400,KBS
2023-03-01 07:00:00,17350.0,17610.0,17031.0,17581.0,680300,KBS
2023-03-02 07:00:00,17639.0,17784.0,17437.0,17552.0,529400,KBS
2023-03-03 07:00:00,17610.0,17610.0,17089.0,17147.0,478400,KBS
2023-03-06 07:00:00,17610.0,18074.0,17292.0,17292.0,1128800,KBS
2023-03-07 07:00:00,17523.0,17697.0,17263.0,17697.0,837800,KBS
2023-03-08 07:00:00,17668.0,17958.0,17379.0,17697.0,875100,KBS
2023-03-09 07:00:00,17842.0,18595.0,17784.0,18421.0,1499800,KBS
2023-03-10 07:00:00,18190.0,18421.0,17987.0,18074.0,1054400,KBS
2023-03-13 07:00:00,17900.0,18363.0,17900.0,18016.0,779100,KBS
2023-03-14 07:00:00,18016.0,18016.0,17089.0,17292.0,1465000,KBS
2023-03-15 07:00:00,17668.0,18219.0,17552.0,18045.0,725900,KBS
2023-03-16 07:00:00,17552.0,17871.0,17552.0,17581.0,492100,KBS
2023-03-17 07:00:00,17842.0,17871.0,17523.0,17552.0,553000,KBS
2023-03-20 07:00:00,17552.0,17726.0,17321.0,17321.0,986000,KBS
2023-03-21 07:00:00,17379.0,17610.0,17321.0,17552.0,736600,KBS
2023-03-22 07:00:00,17697.0,18190.0,17610.0,17871.0,896200,KBS
2023-03-23 07:00:00,17552.0,18132.0,17552.0,18016.0,457400,KBS
2023-03-24 07:00:00,18161.0,18219.0,17958.0,18016.0,701600,KBS
2023-03-27 07:00:00,18103.0,18219.0,18016.0,18103.0,489500,KBS
2023-03-28 07:00:00,18248.0,18537.0,17958.0,17958.0,1317500,KBS
2023-03-29 07:00:00,18016.0,18132.0,17929.0,17987.0,387000,KBS
2023-03-30 07:00:00,18190.0,18277.0,17958.0,17958.0,611700,KBS
2023-03-31 07:00:00,18045.0,18798.0,17900.0,18566.0,1187700,KBS
2023-04-03 07:00:00,19117.0,19638.0,18914.0,19174.0,2434200,KBS
2023-04-04 07:00:00,19406.0,19464.0,18943.0,19377.0,1490900,KBS
2023-04-05 07:00:00,19435.0,19580.0,19059.0,19406.0,1220700,KBS
2023-04-06 07:00:00,19435.0,20130.0,18537.0,18769.0,1793000,KBS
2023-04-07 07:00:00,18827.0,19088.0,18363.0,18943.0,895800,KBS
2023-04-10 07:00:00,19290.0,19406.0,18363.0,18537.0,1344800,KBS
2023-04-11 07:00:00,18392.0,18827.0,18190.0,18827.0,862000,KBS
2023-04-12 07:00:00,19059.0,20130.0,18827.0,20130.0,3173200,KBS
2023-04-13 07:00:00,20420.0,20710.0,20101.0,20188.0,1899700,KBS
2023-04-14 07:00:00,20188.0,20217.0,18798.0,18798.0,2557300,KBS
2023-04-17 07:00:00,18798.0,19174.0,18537.0,19059.0,1420500,KBS
2023-04-18 07:00:00,19059.0,19696.0,18943.0,19435.0,1070000,KBS
2023-04-19 07:00:00,19522.0,19580.0,18827.0,18856.0,883200,KBS
2023-04-20 07:00:00,19088.0,19290.0,18885.0,19117.0,590400,KBS
2023-04-21 07:00:00,19377.0,19377.0,18856.0,18943.0,750800,KBS
2023-04-24 07:00:00,18653.0,19290.0,18595.0,18943.0,862600,KBS
2023-04-25 07:00:00,19232.0,19522.0,18885.0,19232.0,1119500,KBS
2023-04-26 07:00:00,19059.0,19812.0,19059.0,19812.0,1148900,KBS
2023-04-27 07:00:00,19928.0,20275.0,19870.0,19956.0,1587500,KBS
2023-04-28 07:00:00,20101.0,20565.0,19812.0,20246.0,1820200,KBS
2023-05-04 07:00:00,19956.0,20449.0,19754.0,19841.0,1170800,KBS
2023-05-05 07:00:00,19841.0,20072.0,19464.0,19696.0,1419900,KBS
2023-05-08 07:00:00,19841.0,20362.0,19696.0,20217.0,1184100,KBS
2023-05-09 07:00:00,20304.0,20304.0,19870.0,20043.0,510200,KBS
2023-05-10 07:00:00,20217.0,20681.0,20072.0,20304.0,1417900,KBS
2023-05-11 07:00:00,20478.0,20767.0,20188.0,20362.0,925500,KBS
2023-05-12 07:00:00,20391.0,20420.0,19956.0,20188.0,1184900,KBS
2023-05-15 07:00:00,20275.0,20970.0,20275.0,20565.0,1595100,KBS
2023-05-16 07:00:00,20565.0,20623.0,20188.0,20275.0,822400,KBS
2023-05-17 07:00:00,20275.0,20478.0,19696.0,19725.0,913100,KBS
2023-05-18 07:00:00,19928.0,20043.0,19580.0,19580.0,799400,KBS
2023-05-19 07:00:00,19638.0,19956.0,19406.0,19956.0,979700,KBS
2023-05-22 07:00:00,20043.0,20304.0,19928.0,20217.0,774700,KBS
2023-05-23 07:00:00,20246.0,20246.0,19812.0,19870.0,794200,KBS
2023-05-24 07:00:00,19928.0,20159.0,19841.0,19870.0,881100,KBS
2023-05-25 07:00:00,19609.0,20043.0,19580.0,19870.0,685600,KBS
2023-05-26 07:00:00,20159.0,20565.0,19985.0,20159.0,1402600,KBS
2023-05-29 07:00:00,20565.0,20565.0,20217.0,20333.0,804300,KBS
2023-05-30 07:00:00,20536.0,21376.0,20536.0,20970.0,2024200,KBS
2023-05-31 07:00:00,21086.0,21550.0,20883.0,21202.0,1471100,KBS
2023-06-01 07:00:00,21202.0,21492.0,21115.0,21173.0,888700,KBS
2023-06-02 07:00:00,21405.0,21463.0,20912.0,20999.0,977600,KBS
2023-06-05 07:00:00,21144.0,21173.0,20507.0,20681.0,1332300,KBS
2023-06-06 07:00:00,20681.0,21144.0,20420.0,20970.0,1124100,KBS
2023-06-07 07:00:00,21202.0,21405.0,20854.0,21086.0,1074800,KBS
2023-06-08 07:00:00,21202.0,21694.0,21028.0,21028.0,1425000,KBS
2023-06-09 07:00:00,21028.0,21607.0,20883.0,21434.0,1205200,KBS
2023-06-12 07:00:00,21492.0,21521.0,21057.0,21347.0,664600,KBS
2023-06-13 07:00:00,21347.0,21723.0,21202.0,21231.0,786600,KBS
2023-06-14 07:00:00,21260.0,21405.0,20854.0,20854.0,1374300,KBS
2023-06-15 07:00:00,20941.0,20970.0,20623.0,20681.0,866700,KBS
2023-06-16 07:00:00,21079.0,21948.0,21007.0,21369.0,1021100,KBS
2023-06-19 07:00:00,21405.0,21658.0,21043.0,21079.0,529800,KBS
2023-06-20 07:00:00,21224.0,21441.0,21007.0,21441.0,712400,KBS
2023-06-21 07:00:00,21731.0,21731.0,21369.0,21550.0,543500,KBS
2023-06-22 07:00:00,21731.0,22202.0,21731.0,21912.0,1433800,KBS
2023-06-23 07:00:00,21912.0,21948.0,21658.0,21695.0,1045600,KBS
2023-06-26 07:00:00,21695.0,21695.0,21007.0,21188.0,1544400,KBS
2023-06-27 07:00:00,21224.0,21441.0,21151.0,21151.0,559400,KBS
2023-06-28 07:00:00,21296.0,21441.0,21079.0,21079.0,594900,KBS
2023-06-29 07:00:00,21079.0,21079.0,20608.0,20608.0,804200,KBS
2023-06-30 07:00:00,20608.0,20644.0,20246.0,20282.0,859400,KBS
2023-07-03 07:00:00,20499.0,20789.0,20065.0,20789.0,515500,KBS
2023-07-04 07:00:00,20644.0,20934.0,20499.0,20825.0,459500,KBS
2023-07-05 07:00:00,21079.0,21079.0,20717.0,20717.0,770000,KBS
2023-07-06 07:00:00,20644.0,20717.0,20282.0,20499.0,367200,KBS
2023-07-07 07:00:00,20282.0,20608.0,20065.0,20572.0,558900,KBS
2023-07-10 07:00:00,20608.0,21007.0,20572.0,21007.0,854000,KBS
2023-07-11 07:00:00,21151.0,21224.0,20862.0,20934.0,998900,KBS
2023-07-12 07:00:00,20934.0,21151.0,20681.0,21151.0,756100,KBS
2023-07-13 07:00:00,21441.0,22600.0,21405.0,22600.0,4170600,KBS
2023-07-14 07:00:00,22890.0,24158.0,22817.0,24158.0,3108700,KBS
2023-07-17 07:00:00,24121.0,25353.0,23976.0,24809.0,2394800,KBS
2023-07-18 07:00:00,24737.0,26512.0,24339.0,26512.0,3249400,KBS
2023-07-19 07:00:00,27091.0,27490.0,26077.0,26439.0,2146100,KBS
2023-07-20 07:00:00,26439.0,28286.0,26150.0,28214.0,2773500,KBS
2023-07-21 07:00:00,28214.0,28830.0,27707.0,28142.0,2117400,KBS
2023-07-24 07:00:00,28250.0,28721.0,27562.0,28214.0,2845100,KBS
2023-07-25 07:00:00,28395.0,28866.0,27852.0,28323.0,2955800,KBS
2023-07-26 07:00:00,28105.0,28685.0,28033.0,28142.0,2682700,KBS
2023-07-27 07:00:00,28069.0,29952.0,27888.0,28540.0,12732900,KBS
2023-07-28 07:00:00,28504.0,28540.0,27888.0,27960.0,4830300,KBS
2023-07-31 07:00:00,27743.0,27960.0,26512.0,26765.0,9712700,KBS
2023-08-01 07:00:00,27091.0,27997.0,26801.0,26801.0,6743800,KBS
2023-08-02 07:00:00,27019.0,27381.0,26838.0,26946.0,4836600,KBS
2023-08-03 07:00:00,26946.0,27634.0,26693.0,26801.0,8506900,KBS
2023-08-04 07:00:00,27164.0,27417.0,26765.0,27308.0,7419700,KBS
2023-08-07 07:00:00,27634.0,28069.0,26584.0,26657.0,12712300,KBS
2023-08-08 07:00:00,26657.0,26874.0,25787.0,25787.0,12278100,KBS
2023-08-09 07:00:00,25570.0,26657.0,25425.0,26150.0,6369400,KBS
2023-08-10 07:00:00,26331.0,26548.0,25932.0,26113.0,4533100,KBS
2023-08-11 07:00:00,26113.0,26729.0,25715.0,26729.0,5675700,KBS
2023-08-14 07:00:00,27164.0,27816.0,26801.0,27236.0,7980100,KBS
2023-08-15 07:00:00,27526.0,27526.0,26801.0,26801.0,4775600,KBS
2023-08-16 07:00:00,26801.0,27236.0,26584.0,27019.0,4435200,KBS
2023-08-17 07:00:00,27019.0,27381.0,26512.0,26512.0,4742300,KBS
2023-08-18 07:00:00,26294.0,26403.0,24665.0,24665.0,7044600,KBS
2023-08-21 07:00:00,24121.0,24520.0,23252.0,23469.0,4962600,KBS
2023-08-22 07:00:00,23542.0,24049.0,22455.0,23976.0,4635600,KBS
2023-08-23 07:00:00,24121.0,24339.0,23542.0,23542.0,2452500,KBS
2023-08-24 07:00:00,23614.0,24918.0,23614.0,24773.0,4507500,KBS
2023-08-25 07:00:00,24773.0,24809.0,24266.0,24339.0,3409200,KBS
2023-08-28 07:00:00,24628.0,25208.0,24375.0,24846.0,2726000,KBS
2023-08-29 07:00:00,24991.0,26041.0,24991.0,25498.0,5695200,KBS
2023-08-30 07:00:00,25534.0,26439.0,25461.0,26222.0,5032700,KBS
2023-08-31 07:00:00,26439.0,26512.0,26041.0,26294.0,3480100,KBS
2023-09-05 07:00:00,26729.0,26729.0,26113.0,26222.0,3502200,KBS
2023-09-06 07:00:00,26222.0,27526.0,25824.0,27526.0,8293400,KBS
2023-09-07 07:00:00,27562.0,27888.0,26801.0,27164.0,5583700,KBS
2023-09-08 07:00:00,27019.0,27816.0,26983.0,27381.0,4247200,KBS
2023-09-11 07:00:00,27526.0,27598.0,25860.0,25860.0,6323800,KBS
2023-09-12 07:00:00,25860.0,26946.0,25715.0,26946.0,3516000,KBS
2023-09-13 07:00:00,27236.0,27852.0,26439.0,26801.0,6033100,KBS
2023-09-14 07:00:00,26801.0,26801.0,25896.0,25896.0,4764500,KBS
2023-09-15 07:00:00,25932.0,26258.0,25425.0,25751.0,3393700,KBS
2023-09-18 07:00:00,25715.0,25751.0,24628.0,24809.0,3649500,KBS
2023-09-19 07:00:00,24991.0,25099.0,24049.0,24266.0,3566000,KBS
2023-09-20 07:00:00,24592.0,25932.0,24411.0,25932.0,2674900,KBS
2023-09-21 07:00:00,26005.0,26512.0,25606.0,25715.0,2856100,KBS
2023-09-22 07:00:00,24665.0,25353.0,23940.0,24266.0,4121100,KBS
2023-09-25 07:00:00,24230.0,24628.0,22600.0,22600.0,3365000,KBS
2023-09-26 07:00:00,22166.0,23469.0,21514.0,21514.0,3038200,KBS
2023-09-27 07:00:00,21514.0,22999.0,21151.0,22999.0,2877700,KBS
2023-09-28 07:00:00,22817.0,22962.0,22274.0,22528.0,1733500,KBS
2023-09-29 07:00:00,22890.0,23107.0,22310.0,22310.0,1650500,KBS
2023-10-02 07:00:00,22310.0,22817.0,22310.0,22455.0,949300,KBS
2023-10-03 07:00:00,22129.0,22238.0,20898.0,20898.0,4475000,KBS
2023-10-04 07:00:00,20644.0,22129.0,20572.0,21658.0,3071500,KBS
2023-10-05 07:00:00,21803.0,22021.0,21224.0,21622.0,1857200,KBS
2023-10-06 07:00:00,21622.0,22455.0,21586.0,22455.0,2238100,KBS
2023-10-09 07:00:00,22455.0,22781.0,22166.0,22636.0,1441000,KBS
2023-10-10 07:00:00,22817.0,22962.0,22021.0,22021.0,2417300,KBS
2023-10-11 07:00:00,22093.0,22383.0,21622.0,22383.0,1796400,KBS
2023-10-12 07:00:00,22673.0,23143.0,22455.0,22709.0,3085000,KBS
2023-10-13 07:00:00,22166.0,23252.0,22021.0,23107.0,2514400,KBS
2023-10-16 07:00:00,23180.0,23433.0,22528.0,22528.0,2357900,KBS
2023-10-17 07:00:00,22564.0,23035.0,21514.0,21514.0,2238700,KBS
2023-10-18 07:00:00,21731.0,21912.0,20029.0,20318.0,4074300,KBS
2023-10-19 07:00:00,20355.0,21296.0,20355.0,20644.0,3177000,KBS
2023-10-20 07:00:00,20825.0,22057.0,20644.0,22057.0,2536500,KBS
2023-10-23 07:00:00,21803.0,22636.0,21803.0,22238.0,2890000,KBS
2023-10-24 07:00:00,22455.0,22962.0,22021.0,22962.0,1744000,KBS
2023-10-25 07:00:00,23035.0,23216.0,22166.0,22455.0,1900000,KBS
2023-10-26 07:00:00,22093.0,22093.0,20898.0,21658.0,5504300,KBS
2023-10-27 07:00:00,21731.0,22926.0,21514.0,22817.0,2076800,KBS
2023-10-30 07:00:00,22781.0,23143.0,22274.0,22274.0,1957200,KBS
2023-10-31 07:00:00,22528.0,22890.0,21332.0,21514.0,2288300,KBS
2023-11-01 07:00:00,21731.0,22093.0,21296.0,22093.0,2178500,KBS
2023-11-02 07:00:00,22419.0,23614.0,22238.0,23614.0,3722100,KBS
2023-11-03 07:00:00,23832.0,23868.0,23180.0,23542.0,2536900,KBS
2023-11-06 07:00:00,23832.0,23832.0,23216.0,23687.0,2689600,KBS
2023-11-07 07:00:00,23397.0,24049.0,23324.0,23397.0,2026200,KBS
2023-11-08 07:00:00,23397.0,25027.0,23361.0,25027.0,5252500,KBS
2023-11-09 07:00:00,25063.0,25642.0,24773.0,24773.0,7016600,KBS
2023-11-10 07:00:00,24628.0,25389.0,24483.0,24483.0,5487400,KBS
2023-11-13 07:00:00,24556.0,25099.0,24049.0,24592.0,3392100,KBS
2023-11-14 07:00:00,24991.0,25353.0,24520.0,24773.0,2535200,KBS
2023-11-15 07:00:00,25389.0,25389.0,24447.0,24483.0,3432300,KBS
2023-11-16 07:00:00,24483.0,25498.0,24266.0,25498.0,4914100,KBS
2023-11-17 07:00:00,25570.0,25606.0,24483.0,24701.0,5598400,KBS
2023-11-20 07:00:00,24085.0,24882.0,24085.0,24628.0,3003500,KBS
2023-11-21 07:00:00,24882.0,25063.0,24737.0,24991.0,3573000,KBS
2023-11-22 07:00:00,24991.0,26367.0,24665.0,26367.0,13991500,KBS
2023-11-23 07:00:00,26475.0,26584.0,24556.0,24556.0,5158500,KBS
2023-11-24 07:00:00,24918.0,24918.0,23324.0,24628.0,6903800,KBS
2023-11-27 07:00:00,24628.0,24882.0,23904.0,23904.0,2988600,KBS
2023-11-28 07:00:00,23832.0,24013.0,23071.0,23687.0,3815100,KBS
2023-11-29 07:00:00,23904.0,24230.0,23759.0,24049.0,2457000,KBS
2023-11-30 07:00:00,24121.0,24483.0,23578.0,23578.0,2856800,KBS
2023-12-01 07:00:00,23795.0,24085.0,23216.0,23868.0,2289200,KBS
2023-12-04 07:00:00,24194.0,25172.0,24013.0,24773.0,3952600,KBS
2023-12-05 07:00:00,24882.0,24991.0,24628.0,24773.0,2746700,KBS
2023-12-06 07:00:00,24737.0,25316.0,24701.0,25208.0,3237500,KBS
2023-12-07 07:00:00,25498.0,25534.0,23904.0,24411.0,5650200,KBS
2023-12-08 07:00:00,24592.0,24628.0,23940.0,24158.0,2337600,KBS
2023-12-11 07:00:00,24339.0,24339.0,23940.0,24049.0,1631300,KBS
2023-12-12 07:00:00,24049.0,24302.0,24013.0,24121.0,1334600,KBS
2023-12-13 07:00:00,24266.0,24411.0,23578.0,23578.0,2144800,KBS
2023-12-14 07:00:00,23868.0,23868.0,23035.0,23035.0,2738300,KBS
2023-12-15 07:00:00,23035.0,23542.0,22890.0,23107.0,1885500,KBS
2023-12-18 07:00:00,23107.0,23469.0,22962.0,23035.0,1071300,KBS
2023-12-19 07:00:00,23324.0,23324.0,22926.0,23324.0,1222200,KBS
2023-12-20 07:00:00,23361.0,23795.0,23324.0,23324.0,1010300,KBS
2023-12-21 07:00:00,23324.0,23506.0,23107.0,23397.0,1095600,KBS
2023-12-22 07:00:00,23397.0,23759.0,23324.0,23397.0,1530900,KBS
2023-12-25 07:00:00,23397.0,23795.0,23288.0,23687.0,1560000,KBS
2023-12-26 07:00:00,23795.0,24049.0,23759.0,23868.0,1621800,KBS
2023-12-27 07:00:00,23904.0,24085.0,23832.0,23868.0,2215500,KBS
2023-12-28 07:00:00,23832.0,24013.0,23650.0,23650.0,1542900,KBS
2023-12-29 07:00:00,23759.0,23904.0,23614.0,23650.0,1897500,KBS
2024-01-02 07:00:00,23868.0,23868.0,23252.0,23288.0,2304000,KBS
2024-01-03 07:00:00,23288.0,23542.0,23216.0,23506.0,1316900,KBS
2024-01-04 07:00:00,23542.0,24049.0,23506.0,23650.0,3240500,KBS
2024-01-05 07:00:00,23650.0,24085.0,23650.0,23832.0,1924600,KBS
2024-01-08 07:00:00,23940.0,24411.0,23940.0,23976.0,3094900,KBS
2024-01-09 07:00:00,24121.0,24121.0,23650.0,23650.0,2041900,KBS
2024-01-10 07:00:00,23578.0,23795.0,23107.0,23216.0,2750400,KBS
2024-01-11 07:00:00,23324.0,23397.0,23071.0,23107.0,1535600,KBS
2024-01-12 07:00:00,22817.0,22962.0,22093.0,22238.0,4822700,KBS
2024-01-15 07:00:00,22673.0,22673.0,21948.0,21948.0,1353600,KBS
2024-01-16 07:00:00,21948.0,22238.0,21803.0,22238.0,1198000,KBS
2024-01-17 07:00:00,22455.0,22709.0,22310.0,22491.0,848500,KBS
2024-01-18 07:00:00,22673.0,23035.0,22455.0,22673.0,1488400,KBS
2024-01-19 07:00:00,22854.0,22854.0,22419.0,22455.0,1109100,KBS
2024-01-22 07:00:00,22854.0,22854.0,22238.0,22709.0,1378700,KBS
2024-01-23 07:00:00,22745.0,22745.0,22383.0,22383.0,883900,KBS
2024-01-24 07:00:00,22347.0,22528.0,22202.0,22202.0,1176900,KBS
2024-01-25 07:00:00,22202.0,22383.0,22166.0,22310.0,524800,KBS
2024-01-26 07:00:00,22419.0,22745.0,22347.0,22455.0,790600,KBS
2024-01-29 07:00:00,22455.0,22600.0,22274.0,22274.0,716600,KBS
2024-01-30 07:00:00,22238.0,22491.0,22238.0,22347.0,552100,KBS
2024-01-31 07:00:00,22383.0,22636.0,22093.0,22383.0,1891000,KBS
2024-02-01 07:00:00,22383.0,22636.0,22383.0,22528.0,940400,KBS
2024-02-02 07:00:00,22673.0,23216.0,22636.0,22636.0,2359100,KBS
2024-02-05 07:00:00,22636.0,22673.0,22419.0,22455.0,1066300,KBS
2024-02-06 07:00:00,22600.0,22636.0,22383.0,22383.0,1138400,KBS
2024-02-07 07:00:00,22383.0,22528.0,22238.0,22238.0,1490400,KBS
2024-02-15 07:00:00,22455.0,22491.0,22202.0,22419.0,1494300,KBS
2024-02-16 07:00:00,22528.0,23035.0,22491.0,22709.0,2629400,KBS
2024-02-19 07:00:00,22745.0,22817.0,22455.0,22673.0,1348300,KBS
2024-02-20 07:00:00,22817.0,23324.0,22673.0,23071.0,3590900,KBS
2024-02-21 07:00:00,23216.0,23324.0,22890.0,22962.0,1804600,KBS
2024-02-22 07:00:00,22962.0,23107.0,22673.0,22673.0,1643600,KBS
2024-02-23 07:00:00,22745.0,22817.0,22021.0,22021.0,3674200,KBS
2024-02-26 07:00:00,22093.0,22274.0,21876.0,22166.0,1335400,KBS
2024-02-27 07:00:00,22310.0,22564.0,22129.0,22455.0,1540600,KBS
2024-02-28 07:00:00,22636.0,22636.0,22274.0,22310.0,1126800,KBS
2024-02-29 07:00:00,22636.0,22636.0,22238.0,22383.0,2850500,KBS
2024-03-01 07:00:00,22455.0,22528.0,22274.0,22491.0,1720500,KBS
2024-03-04 07:00:00,22854.0,23397.0,22854.0,23035.0,5157900,KBS
2024-03-05 07:00:00,23107.0,23107.0,22817.0,22962.0,1565300,KBS
2024-03-06 07:00:00,23107.0,23143.0,22491.0,22636.0,2379800,KBS
2024-03-07 07:00:00,22564.0,22673.0,22347.0,22528.0,2280600,KBS
2024-03-08 07:00:00,22564.0,22817.0,22166.0,22166.0,2868500,KBS
2024-03-11 07:00:00,22093.0,22455.0,20644.0,21876.0,2622000,KBS
2024-03-12 07:00:00,21948.0,22021.0,21586.0,21731.0,2385800,KBS
2024-03-13 07:00:00,21767.0,22238.0,21658.0,22129.0,2677300,KBS
2024-03-14 07:00:00,22383.0,22673.0,22238.0,22600.0,3044400,KBS
2024-03-15 07:00:00,22817.0,24158.0,22528.0,24158.0,15086400,KBS
2024-03-18 07:00:00,24773.0,25498.0,23832.0,24991.0,10379000,KBS
2024-03-19 07:00:00,25063.0,25208.0,24194.0,24266.0,6042500,KBS
2024-03-20 07:00:00,24302.0,25135.0,23904.0,24809.0,6242500,KBS
2024-03-21 07:00:00,25063.0,25498.0,24556.0,25135.0,6266400,KBS
2024-03-22 07:00:00,25461.0,25534.0,24773.0,25208.0,7098600,KBS
2024-03-25 07:00:00,25208.0,25715.0,24411.0,24483.0,5885900,KBS
2024-03-26 07:00:00,24483.0,25135.0,24194.0,24991.0,3564700,KBS
2024-03-27 07:00:00,25063.0,25715.0,24991.0,25208.0,4537800,KBS
2024-03-28 07:00:00,25353.0,25425.0,24809.0,24954.0,2904200,KBS
2024-03-29 07:00:00,25063.0,25751.0,24773.0,25316.0,5746200,KBS
2024-04-01 07:00:00,25316.0,25787.0,25135.0,25642.0,4894600,KBS
2024-04-02 07:00:00,25461.0,25751.0,25172.0,25498.0,3551700,KBS
2024-04-03 07:00:00,25498.0,25751.0,24628.0,24628.0,6347600,KBS
2024-04-04 07:00:00,24520.0,24991.0,24302.0,24556.0,4016600,KBS
2024-04-05 07:00:00,24266.0,24809.0,23904.0,23904.0,4640500,KBS
2024-04-08 07:00:00,23904.0,24049.0,23578.0,23650.0,3010900,KBS
2024-04-09 07:00:00,23650.0,24049.0,23324.0,24013.0,2287700,KBS
2024-04-10 07:00:00,24230.0,24230.0,23578.0,23578.0,1478200,KBS
2024-04-11 07:00:00,23143.0,23795.0,23035.0,23397.0,2726900,KBS
2024-04-12 07:00:00,23723.0,23868.0,23506.0,23687.0,2123400,KBS
2024-04-15 07:00:00,23687.0,24049.0,22057.0,22093.0,5668800,KBS
2024-04-16 07:00:00,22383.0,22636.0,21695.0,22600.0,5270300,KBS
2024-04-17 07:00:00,22636.0,22745.0,22093.0,22310.0,1968900,KBS
2024-04-19 07:00:00,21731.0,22021.0,21043.0,21043.0,4585200,KBS
2024-04-22 07:00:00,21514.0,22310.0,21369.0,22166.0,2876700,KBS
2024-04-23 07:00:00,22166.0,22238.0,21550.0,21876.0,1820600,KBS
2024-04-24 07:00:00,22093.0,22890.0,21984.0,22383.0,2308300,KBS
2024-04-25 07:00:00,22093.0,22310.0,21622.0,22310.0,3759000,KBS
2024-04-26 07:00:00,22427.0,22737.0,22116.0,22116.0,1506300,KBS
2024-05-02 07:00:00,22116.0,22349.0,21496.0,21884.0,973900,KBS
2024-05-03 07:00:00,22233.0,22233.0,21690.0,21806.0,988500,KBS
2024-05-06 07:00:00,21884.0,22388.0,21884.0,22388.0,1293100,KBS
2024-05-07 07:00:00,22504.0,22621.0,22310.0,22349.0,920100,KBS
2024-05-08 07:00:00,22116.0,23048.0,21884.0,22776.0,1493000,KBS
2024-05-09 07:00:00,22970.0,23048.0,22466.0,22504.0,815800,KBS
2024-05-10 07:00:00,22504.0,22737.0,22233.0,22427.0,782900,KBS
2024-05-13 07:00:00,22466.0,22698.0,22233.0,22466.0,960900,KBS
2024-05-14 07:00:00,22543.0,22698.0,22466.0,22504.0,722800,KBS
2024-05-15 07:00:00,22504.0,22776.0,22466.0,22737.0,900000,KBS
2024-05-16 07:00:00,22970.0,23242.0,22737.0,22776.0,1532700,KBS
2024-05-17 07:00:00,22737.0,24056.0,22737.0,23862.0,3336800,KBS
2024-05-20 07:00:00,24056.0,24056.0,23591.0,23901.0,1640100,KBS
2024-05-21 07:00:00,23940.0,24018.0,23436.0,23824.0,2431400,KBS
2024-05-22 07:00:00,24056.0,25453.0,24056.0,25453.0,7620500,KBS
2024-05-23 07:00:00,25686.0,26307.0,25182.0,25453.0,5702000,KBS
2024-05-24 07:00:00,25453.0,26074.0,23707.0,23979.0,6908000,KBS
2024-05-27 07:00:00,23940.0,24134.0,23668.0,23824.0,2872500,KBS
2024-05-28 07:00:00,24056.0,25143.0,23901.0,24988.0,4071000,KBS
2024-05-29 07:00:00,25220.0,25220.0,24173.0,24250.0,3094700,KBS
2024-05-30 07:00:00,24056.0,24988.0,23862.0,24988.0,4177800,KBS
2024-05-31 07:00:00,25220.0,25220.0,24600.0,24600.0,2784400,KBS
2024-06-03 07:00:00,25143.0,25958.0,24832.0,24988.0,8148300,KBS
2024-06-04 07:00:00,25143.0,25143.0,24600.0,24638.0,2993200,KBS
2024-06-05 07:00:00,24716.0,25143.0,24444.0,24444.0,4480300,KBS
2024-06-06 07:00:00,24677.0,24677.0,24018.0,24056.0,3105400,KBS
2024-06-07 07:00:00,24212.0,24367.0,23940.0,24056.0,2247000,KBS
2024-06-10 07:00:00,24173.0,24483.0,23746.0,24289.0,3569900,KBS
2024-06-11 07:00:00,24522.0,24522.0,23862.0,24056.0,1613300,KBS
2024-06-12 07:00:00,24056.0,24444.0,23862.0,24444.0,2360700,KBS
2024-06-13 07:00:00,24638.0,24988.0,24483.0,24716.0,3379500,KBS
2024-06-14 07:00:00,24755.0,24794.0,23668.0,23668.0,3239100,KBS
2024-06-17 07:00:00,23668.0,23901.0,23319.0,23358.0,2412900,KBS
2024-06-18 07:00:00,23397.0,23901.0,23280.0,23358.0,1578700,KBS
2024-06-19 07:00:00,23358.0,23513.0,23009.0,23125.0,2038700,KBS
2024-06-20 07:00:00,23358.0,23358.0,22543.0,22737.0,1671600,KBS
2024-06-21 07:00:00,22737.0,22931.0,22543.0,22543.0,1719600,KBS
2024-06-24 07:00:00,22504.0,22931.0,21651.0,21728.0,3264500,KBS
2024-06-25 07:00:00,21884.0,22892.0,21845.0,22776.0,2406600,KBS
2024-06-26 07:00:00,22931.0,22931.0,22349.0,22815.0,917100,KBS
2024-06-27 07:00:00,22504.0,23125.0,22504.0,22815.0,1166500,KBS
2024-06-28 07:00:00,22737.0,22815.0,21806.0,22388.0,1229800,KBS
2024-07-01 07:00:00,22427.0,23048.0,22388.0,22854.0,1202500,KBS
2024-07-02 07:00:00,23203.0,23203.0,22776.0,23009.0,798500,KBS
2024-07-03 07:00:00,22931.0,23280.0,22892.0,22970.0,1009100,KBS
2024-07-04 07:00:00,22970.0,23125.0,22892.0,22970.0,1515600,KBS
2024-07-05 07:00:00,22970.0,23086.0,22737.0,22737.0,1447900,KBS
2024-07-08 07:00:00,22970.0,22970.0,22504.0,22504.0,1318200,KBS
2024-07-09 07:00:00,22504.0,22737.0,22504.0,22660.0,1273700,KBS
2024-07-10 07:00:00,22660.0,23203.0,22660.0,22970.0,1749800,KBS
2024-07-11 07:00:00,23125.0,24018.0,23125.0,23591.0,3617600,KBS
2024-07-12 07:00:00,23746.0,23862.0,23242.0,23397.0,1162300,KBS
2024-07-15 07:00:00,23397.0,23474.0,23009.0,23048.0,1469300,KBS
2024-07-16 07:00:00,23048.0,23474.0,23009.0,23009.0,1528800,KBS
2024-07-17 07:00:00,23242.0,23242.0,21651.0,21884.0,3183900,KBS
2024-07-18 07:00:00,21884.0,22466.0,21806.0,22427.0,1265700,KBS
2024-07-19 07:00:00,22427.0,22427.0,21922.0,21961.0,1322400,KBS
2024-07-22 07:00:00,21728.0,22039.0,20991.0,21496.0,1943400,KBS
2024-07-23 07:00:00,21379.0,21884.0,21185.0,21340.0,1074400,KBS
2024-07-24 07:00:00,21496.0,22233.0,21030.0,21961.0,1305500,KBS
2024-07-25 07:00:00,21806.0,22116.0,21690.0,22000.0,771300,KBS
2024-07-26 07:00:00,21767.0,22155.0,21767.0,21961.0,688400,KBS
2024-07-29 07:00:00,22116.0,22349.0,21922.0,21922.0,641400,KBS
2024-07-30 07:00:00,21922.0,22116.0,21767.0,22078.0,940400,KBS
2024-07-31 07:00:00,22155.0,22349.0,21806.0,22039.0,920200,KBS
2024-08-01 07:00:00,22078.0,22116.0,20797.0,21185.0,1850100,KBS
2024-08-02 07:00:00,20952.0,21534.0,20875.0,21496.0,1372300,KBS
2024-08-05 07:00:00,20176.0,21340.0,20060.0,20099.0,2388100,KBS
2024-08-06 07:00:00,20176.0,20564.0,19439.0,20564.0,1207800,KBS
2024-08-07 07:00:00,20564.0,20914.0,20254.0,20797.0,652200,KBS
2024-08-08 07:00:00,20720.0,21185.0,20448.0,20720.0,1231100,KBS
2024-08-09 07:00:00,20836.0,21185.0,20642.0,21069.0,917000,KBS
2024-08-12 07:00:00,21069.0,21069.0,20797.0,20875.0,414900,KBS
2024-08-13 07:00:00,20952.0,21302.0,20758.0,21108.0,795400,KBS
2024-08-14 07:00:00,21263.0,21263.0,20914.0,21030.0,528400,KBS
2024-08-15 07:00:00,20914.0,20952.0,20603.0,20758.0,402100,KBS
2024-08-16 07:00:00,20797.0,22194.0,20797.0,22194.0,3240500,KBS
2024-08-19 07:00:00,22504.0,22504.0,22155.0,22194.0,817500,KBS
2024-08-20 07:00:00,22155.0,23009.0,22116.0,22621.0,2248500,KBS
2024-08-21 07:00:00,22815.0,22815.0,22272.0,22388.0,983600,KBS
2024-08-22 07:00:00,22388.0,22660.0,22233.0,22427.0,1039500,KBS
2024-08-23 07:00:00,22194.0,22582.0,22155.0,22427.0,890700,KBS
2024-08-26 07:00:00,22466.0,22660.0,21961.0,22000.0,1307300,KBS
2024-08-27 07:00:00,22039.0,22776.0,21961.0,22776.0,2232500,KBS
2024-08-28 07:00:00,22776.0,22815.0,22155.0,22427.0,1694500,KBS
2024-08-29 07:00:00,22504.0,22504.0,22116.0,22194.0,583200,KBS
2024-08-30 07:00:00,22272.0,22272.0,21961.0,22078.0,894600,KBS
2024-09-04 07:00:00,21728.0,22155.0,21728.0,22116.0,778700,KBS
2024-09-05 07:00:00,22155.0,22310.0,21845.0,21922.0,882600,KBS
2024-09-06 07:00:00,21845.0,21961.0,21690.0,21845.0,742200,KBS
2024-09-09 07:00:00,21845.0,22194.0,21690.0,21806.0,535500,KBS
2024-09-10 07:00:00,21884.0,21961.0,21573.0,21690.0,815200,KBS
2024-09-11 07:00:00,21690.0,21728.0,21069.0,21534.0,911900,KBS
2024-09-12 07:00:00,21767.0,21767.0,21457.0,21457.0,399700,KBS
2024-09-13 07:00:00,21651.0,21845.0,21457.0,21690.0,925600,KBS
2024-09-16 07:00:00,21734.0,22047.0,21422.0,21466.0,738300,KBS
2024-09-17 07:00:00,21422.0,21868.0,21243.0,21868.0,697400,KBS
2024-09-18 07:00:00,22002.0,22002.0,21734.0,21734.0,622500,KBS
2024-09-19 07:00:00,22047.0,22091.0,21823.0,21957.0,702900,KBS
2024-09-20 07:00:00,22493.0,22716.0,22180.0,22180.0,1399600,KBS
2024-09-23 07:00:00,22091.0,22270.0,22047.0,22047.0,443300,KBS
2024-09-24 07:00:00,21868.0,22359.0,21868.0,22180.0,883700,KBS
2024-09-25 07:00:00,22314.0,23698.0,22225.0,23698.0,5590700,KBS
2024-09-26 07:00:00,23832.0,23966.0,23475.0,23475.0,2007000,KBS
2024-09-27 07:00:00,23832.0,24412.0,23475.0,23832.0,4645200,KBS
2024-09-30 07:00:00,23832.0,24144.0,23564.0,24055.0,3020800,KBS
2024-10-01 07:00:00,24100.0,24367.0,23564.0,23609.0,3571700,KBS
2024-10-02 07:00:00,23564.0,23787.0,23252.0,23252.0,2610600,KBS
2024-10-03 07:00:00,23296.0,23430.0,22493.0,22716.0,4064300,KBS
2024-10-04 07:00:00,22761.0,23073.0,22582.0,22671.0,1424300,KBS
2024-10-07 07:00:00,22850.0,23028.0,22671.0,23028.0,1159700,KBS
2024-10-08 07:00:00,22984.0,23073.0,22180.0,22270.0,3304200,KBS
2024-10-09 07:00:00,22493.0,22716.0,22314.0,22671.0,1498700,KBS
2024-10-10 07:00:00,22850.0,22895.0,22493.0,22493.0,1046300,KBS
2024-10-11 07:00:00,22493.0,23385.0,22448.0,23252.0,3088100,KBS
2024-10-14 07:00:00,23430.0,23430.0,23073.0,23162.0,1218500,KBS
2024-10-15 07:00:00,23207.0,23609.0,22582.0,22805.0,2392400,KBS
2024-10-16 07:00:00,22895.0,22895.0,22404.0,22582.0,1125500,KBS
2024-10-17 07:00:00,22493.0,23921.0,22404.0,23564.0,3125500,KBS
2024-10-18 07:00:00,23564.0,23564.0,23028.0,23028.0,1545800,KBS
2024-10-21 07:00:00,23118.0,23787.0,23028.0,23385.0,2748600,KBS
2024-10-22 07:00:00,23341.0,24724.0,23162.0,24278.0,8897500,KBS
2024-10-23 07:00:00,24412.0,24903.0,23966.0,24501.0,4701500,KBS
2024-10-24 07:00:00,24635.0,24635.0,24144.0,24144.0,3400900,KBS
2024-10-25 07:00:00,24144.0,24724.0,24100.0,24278.0,5115300,KBS
2024-10-28 07:00:00,24501.0,24635.0,24189.0,24323.0,2423200,KBS
2024-10-29 07:00:00,24501.0,24680.0,23207.0,23475.0,6958800,KBS
2024-10-30 07:00:00,23475.0,23787.0,23252.0,23564.0,2280100,KBS
2024-10-31 07:00:00,23609.0,23609.0,23252.0,23252.0,1730500,KBS
2024-11-01 07:00:00,23028.0,23564.0,22939.0,23073.0,2738900,KBS
2024-11-04 07:00:00,23118.0,23162.0,22493.0,22493.0,3129900,KBS
2024-11-05 07:00:00,22448.0,22939.0,22448.0,22671.0,1622200,KBS
2024-11-06 07:00:00,22761.0,23073.0,22627.0,23028.0,1904300,KBS
2024-11-07 07:00:00,23207.0,23564.0,22984.0,23207.0,2670800,KBS
2024-11-08 07:00:00,23207.0,23296.0,22850.0,22850.0,1574100,KBS
2024-11-11 07:00:00,22850.0,22850.0,22404.0,22627.0,2665300,KBS
2024-11-12 07:00:00,22671.0,23028.0,22582.0,22671.0,1407300,KBS
2024-11-13 07:00:00,22671.0,23341.0,22404.0,23296.0,3355700,KBS
2024-11-14 07:00:00,23296.0,23341.0,22627.0,22627.0,1800200,KBS
2024-11-15 07:00:00,22582.0,22761.0,21868.0,21868.0,3806600,KBS
2024-11-18 07:00:00,21913.0,22359.0,21422.0,21957.0,1674100,KBS
2024-11-19 07:00:00,21868.0,22314.0,21511.0,21511.0,1173000,KBS
2024-11-20 07:00:00,21556.0,22850.0,21466.0,22047.0,2928400,KBS
2024-11-21 07:00:00,22047.0,22314.0,21868.0,22180.0,694100,KBS
2024-11-22 07:00:00,22180.0,22359.0,21957.0,22002.0,1122300,KBS
2024-11-25 07:00:00,22002.0,22582.0,21957.0,22314.0,1897100,KBS
2024-11-26 07:00:00,22314.0,23653.0,22314.0,22850.0,3847400,KBS
2024-11-27 07:00:00,22939.0,23028.0,22448.0,22850.0,1077600,KBS
2024-11-28 07:00:00,23207.0,23207.0,22538.0,22671.0,1352200,KBS
2024-11-29 07:00:00,22582.0,23028.0,22582.0,22761.0,894500,KBS
2024-12-02 07:00:00,22850.0,22984.0,22582.0,22582.0,996900,KBS
2024-12-03 07:00:00,22582.0,23028.0,22538.0,22582.0,1610700,KBS
2024-12-04 07:00:00,22850.0,23296.0,22538.0,22939.0,3870000,KBS
2024-12-05 07:00:00,22939.0,24233.0,22761.0,24100.0,8464500,KBS
2024-12-06 07:00:00,24100.0,24100.0,23698.0,23698.0,3018700,KBS
2024-12-09 07:00:00,23698.0,24100.0,23698.0,23787.0,3709700,KBS
2024-12-10 07:00:00,23876.0,24412.0,23742.0,23832.0,9564900,KBS
2024-12-11 07:00:00,23832.0,23966.0,23385.0,23519.0,2834800,KBS
2024-12-12 07:00:00,23609.0,23832.0,23207.0,23296.0,3013900,KBS
2024-12-13 07:00:00,23296.0,23653.0,23207.0,23341.0,1825800,KBS
2024-12-16 07:00:00,23475.0,23564.0,23341.0,23475.0,1220100,KBS
2024-12-17 07:00:00,23564.0,23876.0,23430.0,23475.0,2042600,KBS
2024-12-18 07:00:00,23430.0,23609.0,23430.0,23609.0,1206000,KBS
2024-12-19 07:00:00,23252.0,24100.0,22939.0,23252.0,4862900,KBS
2024-12-20 07:00:00,23252.0,23519.0,23207.0,23341.0,1161800,KBS
2024-12-23 07:00:00,23385.0,23653.0,23296.0,23296.0,1249400,KBS
2024-12-24 07:00:00,23341.0,23385.0,22404.0,22582.0,5677000,KBS
2024-12-25 07:00:00,22761.0,22939.0,22538.0,22627.0,1994200,KBS
2024-12-26 07:00:00,22627.0,22805.0,22538.0,22627.0,1463700,KBS
2024-12-27 07:00:00,22627.0,22671.0,22314.0,22448.0,2254900,KBS
2024-12-30 07:00:00,22314.0,22671.0,22314.0,22627.0,1090000,KBS
2024-12-31 07:00:00,22805.0,22805.0,22359.0,22359.0,865600,KBS
2025-01-02 07:00:00,22404.0,22582.0,22314.0,22404.0,1216700,KBS
2025-01-03 07:00:00,22448.0,22850.0,22314.0,22448.0,2327800,KBS
2025-01-06 07:00:00,22448.0,22538.0,21645.0,22047.0,1919100,KBS
2025-01-07 07:00:00,22047.0,22225.0,21734.0,21734.0,2387700,KBS
2025-01-08 07:00:00,21600.0,22091.0,21600.0,22002.0,1361700,KBS
2025-01-09 07:00:00,22002.0,22091.0,21823.0,21823.0,670200,KBS
2025-01-10 07:00:00,21823.0,21913.0,20976.0,20976.0,1745400,KBS
2025-01-13 07:00:00,20976.0,21288.0,20797.0,21109.0,1770200,KBS
2025-01-14 07:00:00,21243.0,21243.0,20708.0,20842.0,914400,KBS
2025-01-15 07:00:00,20976.0,21243.0,20842.0,21243.0,1139500,KBS
2025-01-16 07:00:00,21333.0,21466.0,21243.0,21243.0,1062900,KBS
2025-01-17 07:00:00,21511.0,21823.0,21288.0,21690.0,1762700,KBS
2025-01-20 07:00:00,21779.0,21779.0,21466.0,21600.0,1062600,KBS
2025-01-21 07:00:00,21690.0,21690.0,21466.0,21600.0,956800,KBS
2025-01-22 07:00:00,21556.0,21645.0,21466.0,21466.0,1505700,KBS
2025-01-23 07:00:00,21600.0,21779.0,21511.0,21600.0,738300,KBS
2025-01-24 07:00:00,21600.0,21868.0,21556.0,21556.0,1013200,KBS
2025-02-03 07:00:00,21422.0,21556.0,21333.0,21511.0,1433000,KBS
2025-02-04 07:00:00,21556.0,22047.0,21511.0,21823.0,1199800,KBS
2025-02-05 07:00:00,21913.0,22538.0,21868.0,21957.0,2068700,KBS
2025-02-06 07:00:00,21957.0,22047.0,21690.0,21779.0,752500,KBS
2025-02-07 07:00:00,21734.0,21913.0,21690.0,21690.0,1127700,KBS
2025-02-10 07:00:00,21734.0,21734.0,21422.0,21466.0,3144600,KBS
2025-02-11 07:00:00,21466.0,21556.0,21377.0,21466.0,1261700,KBS
2025-02-12 07:00:00,21600.0,21779.0,21466.0,21466.0,1055900,KBS
2025-02-13 07:00:00,21466.0,21556.0,21422.0,21466.0,722300,KBS
2025-02-14 07:00:00,21600.0,21823.0,21466.0,21511.0,1214800,KBS
2025-02-17 07:00:00,21600.0,21823.0,21511.0,21556.0,996200,KBS
2025-02-18 07:00:00,21556.0,22091.0,21556.0,21690.0,1616800,KBS
2025-02-19 07:00:00,21690.0,22180.0,21690.0,22002.0,1477200,KBS
2025-02-20 07:00:00,22180.0,22225.0,21690.0,21690.0,1703800,KBS
2025-02-21 07:00:00,21734.0,21823.0,21600.0,21690.0,1113300,KBS
2025-02-24 07:00:00,21645.0,21779.0,21556.0,21690.0,1382800,KBS
2025-02-25 07:00:00,21823.0,22091.0,21690.0,21913.0,2128300,KBS
2025-02-26 07:00:00,21957.0,21957.0,21690.0,21690.0,824800,KBS
2025-02-27 07:00:00,21690.0,22270.0,21690.0,22270.0,2526700,KBS
2025-02-28 07:00:00,22314.0,22493.0,22047.0,22047.0,2282000,KBS
2025-03-03 07:00:00,22270.0,22493.0,22091.0,22180.0,2124500,KBS
2025-03-04 07:00:00,22180.0,23073.0,22136.0,22716.0,5433000,KBS
2025-03-05 07:00:00,22761.0,22761.0,22136.0,22136.0,1609700,KBS
2025-03-06 07:00:00,22225.0,22805.0,22091.0,22805.0,2039800,KBS
2025-03-07 07:00:00,22850.0,23162.0,22582.0,22582.0,4647200,KBS
2025-03-10 07:00:00,22582.0,23341.0,22448.0,23207.0,6166500,KBS
2025-03-11 07:00:00,22761.0,23296.0,22761.0,23296.0,2138300,KBS
2025-03-12 07:00:00,23385.0,23385.0,22805.0,22850.0,2569300,KBS
2025-03-13 07:00:00,22939.0,23073.0,22136.0,22136.0,2980900,KBS
2025-03-14 07:00:00,21957.0,22895.0,21957.0,22404.0,3258500,KBS
2025-03-17 07:00:00,22895.0,23966.0,22761.0,23966.0,7439900,KBS
2025-03-18 07:00:00,24546.0,24635.0,23921.0,24010.0,6757600,KBS
2025-03-19 07:00:00,23653.0,24501.0,23430.0,24233.0,6080400,KBS
2025-03-20 07:00:00,24457.0,24457.0,23475.0,23832.0,3898400,KBS
2025-03-21 07:00:00,23876.0,24457.0,23609.0,23832.0,4592000,KBS
2025-03-24 07:00:00,23742.0,24010.0,23028.0,23564.0,4912500,KBS
2025-03-25 07:00:00,23698.0,24278.0,23385.0,23921.0,4449900,KBS
2025-03-26 07:00:00,23832.0,24055.0,23341.0,23519.0,3101500,KBS
2025-03-27 07:00:00,23609.0,24546.0,23475.0,23832.0,7626500,KBS
2025-03-28 07:00:00,24100.0,24100.0,23698.0,23876.0,2632000,KBS
2025-03-31 07:00:00,23921.0,25528.0,23653.0,24635.0,17665700,KBS
2025-04-01 07:00:00,24903.0,24903.0,24233.0,24724.0,2615300,KBS
2025-04-02 07:00:00,24903.0,25260.0,24546.0,24903.0,5774700,KBS
2025-04-03 07:00:00,23921.0,24100.0,23162.0,23162.0,9506000,KBS
2025-04-04 07:00:00,21556.0,22270.0,21556.0,21556.0,9874000,KBS
2025-04-08 07:00:00,20083.0,21288.0,20083.0,20083.0,2020700,KBS
2025-04-09 07:00:00,18699.0,19012.0,18699.0,18699.0,3848700,KBS
2025-04-10 07:00:00,19994.0,19994.0,19994.0,19994.0,939700,KBS
2025-04-11 07:00:00,18923.0,20886.0,18610.0,20529.0,14134200,KBS
2025-04-14 07:00:00,20976.0,21600.0,20440.0,20931.0,3559200,KBS
2025-04-15 07:00:00,20440.0,20976.0,19547.0,19637.0,5729300,KBS
2025-04-16 07:00:00,19681.0,20261.0,19547.0,19994.0,3610900,KBS
2025-04-17 07:00:00,19726.0,20395.0,19681.0,20261.0,1889100,KBS
2025-04-18 07:00:00,20440.0,20797.0,19726.0,19949.0,4757800,KBS
2025-04-21 07:00:00,19949.0,20529.0,19815.0,20038.0,3950800,KBS
2025-04-22 07:00:00,19860.0,19949.0,18655.0,18744.0,8324700,KBS
2025-04-23 07:00:00,19280.0,19592.0,18476.0,19369.0,3744100,KBS
2025-04-24 07:00:00,19324.0,19860.0,19280.0,19547.0,3660000,KBS
2025-04-25 07:00:00,19815.0,19860.0,19146.0,19235.0,2324900,KBS
2025-04-28 07:00:00,19369.0,19503.0,19146.0,19324.0,1860100,KBS
2025-04-29 07:00:00,19503.0,19592.0,19012.0,19324.0,2191900,KBS
2025-05-05 07:00:00,19592.0,20083.0,19324.0,19904.0,3335000,KBS
2025-05-06 07:00:00,19904.0,20395.0,19726.0,19771.0,3152700,KBS
2025-05-07 07:00:00,19726.0,20976.0,19726.0,20886.0,6420200,KBS
2025-05-08 07:00:00,20976.0,20976.0,20529.0,20618.0,2149700,KBS
2025-05-09 07:00:00,20708.0,20708.0,20306.0,20395.0,2665300,KBS
2025-05-12 07:00:00,20529.0,20708.0,20217.0,20708.0,2691000,KBS
2025-05-13 07:00:00,21020.0,21020.0,20618.0,20752.0,2684100,KBS
2025-05-14 07:00:00,20708.0,20976.0,20574.0,20886.0,3426600,KBS
2025-05-15 07:00:00,21020.0,21377.0,20976.0,21243.0,4895100,KBS
2025-05-16 07:00:00,21243.0,21288.0,20797.0,20842.0,3386000,KBS
2025-05-19 07:00:00,20663.0,21065.0,20574.0,20708.0,2349400,KBS
2025-05-20 07:00:00,20886.0,20886.0,20574.0,20663.0,2227500,KBS
2025-05-21 07:00:00,20708.0,20842.0,20306.0,20708.0,4058400,KBS
2025-05-22 07:00:00,20708.0,21154.0,20440.0,20618.0,3443600,KBS
2025-05-23 07:00:00,20618.0,20797.0,20261.0,20351.0,2613000,KBS
2025-05-26 07:00:00,20529.0,20886.0,19592.0,20797.0,3284600,KBS
2025-05-27 07:00:00,20976.0,22002.0,20931.0,21690.0,8068200,KBS
2025-05-28 07:00:00,22047.0,22091.0,21288.0,21422.0,4358300,KBS
2025-05-29 07:00:00,21466.0,22895.0,21333.0,22850.0,8554800,KBS
2025-05-30 07:00:00,22850.0,23028.0,22270.0,22627.0,5118900,KBS
2025-06-02 07:00:00,22627.0,24055.0,22627.0,23028.0,5640700,KBS
2025-06-03 07:00:00,23207.0,23207.0,22582.0,22761.0,4915100,KBS
2025-06-04 07:00:00,22850.0,23430.0,22671.0,23207.0,9366200,KBS
2025-06-05 07:00:00,23207.0,23296.0,22850.0,22939.0,3959100,KBS
2025-06-06 07:00:00,22939.0,22984.0,22404.0,22448.0,4242800,KBS
2025-06-09 07:00:00,22448.0,23162.0,22448.0,22582.0,4827400,KBS
2025-06-10 07:00:00,22582.0,22761.0,22270.0,22270.0,2520000,KBS
2025-06-11 07:00:00,22404.0,22761.0,22047.0,22448.0,3003500,KBS
2025-06-12 07:00:00,22493.0,22895.0,22359.0,22582.0,2509900,KBS
2025-06-13 07:00:00,22091.0,22314.0,21422.0,21868.0,8468300,KBS
2025-06-16 07:00:00,21868.0,22270.0,21734.0,22225.0,2022800,KBS
2025-06-17 07:00:00,22225.0,22805.0,22136.0,22627.0,4875500,KBS
2025-06-18 07:00:00,22627.0,22895.0,22314.0,22448.0,2933700,KBS
2025-06-19 07:00:00,22448.0,22671.0,22136.0,22538.0,2871200,KBS
2025-06-20 07:00:00,22582.0,22939.0,22404.0,22493.0,2921100,KBS
2025-06-23 07:00:00,22270.0,22493.0,22002.0,22314.0,2360700,KBS
2025-06-24 07:00:00,22671.0,22850.0,22538.0,22582.0,4074400,KBS
2025-06-25 07:00:00,22582.0,22939.0,22404.0,22404.0,3087900,KBS
2025-06-26 07:00:00,22404.0,22493.0,22136.0,22225.0,2400900,KBS
2025-06-27 07:00:00,22359.0,22805.0,22180.0,22225.0,3365300,KBS
2025-06-30 07:00:00,22404.0,23385.0,22270.0,22984.0,7277400,KBS
2025-07-01 07:00:00,23118.0,23118.0,22448.0,22582.0,3948900,KBS
2025-07-02 07:00:00,22627.0,22716.0,22359.0,22716.0,2473900,KBS
2025-07-03 07:00:00,23118.0,23118.0,22359.0,22716.0,6360100,KBS
2025-07-04 07:00:00,22895.0,23564.0,22850.0,22984.0,8420700,KBS
2025-07-07 07:00:00,23252.0,23609.0,22939.0,23519.0,9175400,KBS
2025-07-08 07:00:00,23698.0,23832.0,23385.0,23609.0,5803800,KBS
2025-07-09 07:00:00,23832.0,24010.0,23385.0,23564.0,8228200,KBS
2025-07-10 07:00:00,23653.0,24100.0,23519.0,23564.0,4586600,KBS
2025-07-11 07:00:00,23564.0,23609.0,23073.0,23162.0,7212100,KBS
2025-07-14 07:00:00,23162.0,24769.0,22627.0,24769.0,11393800,KBS
2025-07-15 07:00:00,25394.0,26465.0,25126.0,26465.0,17721400,KBS
2025-07-16 07:00:00,26733.0,27000.0,26376.0,26554.0,7443000,KBS
2025-07-17 07:00:00,26688.0,28116.0,26509.0,27134.0,9265000,KBS
2025-07-18 07:00:00,27402.0,27848.0,26554.0,26777.0,7872400,KBS
2025-07-21 07:00:00,26867.0,28250.0,26420.0,27000.0,9126500,KBS
2025-07-22 07:00:00,26867.0,28384.0,26867.0,27581.0,7645000,KBS
2025-07-23 07:00:00,27893.0,28741.0,27313.0,28741.0,11403400,KBS
2025-07-24 07:00:00,29009.0,29812.0,28562.0,29410.0,7471400,KBS
2025-07-25 07:00:00,29767.0,29857.0,28919.0,29455.0,7909800,KBS
2025-07-28 07:00:00,29901.0,31240.0,29544.0,31017.0,6521900,KBS
2025-07-29 07:00:00,31151.0,31151.0,28875.0,28875.0,16740800,KBS
2025-07-30 07:00:00,28919.0,29455.0,28205.0,29187.0,8846100,KBS
2025-07-31 07:00:00,29455.0,31195.0,28473.0,31195.0,12249200,KBS
2025-08-01 07:00:00,32534.0,32534.0,31463.0,31910.0,8272400,KBS
2025-08-04 07:00:00,31329.0,33472.0,31285.0,32043.0,6524800,KBS
2025-08-05 07:00:00,32133.0,33472.0,29812.0,31240.0,12991800,KBS
2025-08-06 07:00:00,31597.0,31686.0,31106.0,31686.0,5064500,KBS
2025-08-07 07:00:00,31776.0,32579.0,31731.0,31999.0,3687000,KBS
2025-08-08 07:00:00,31999.0,33025.0,31062.0,32222.0,10551900,KBS
2025-08-11 07:00:00,32222.0,33293.0,31776.0,32267.0,7444300,KBS
2025-08-12 07:00:00,32311.0,33561.0,31374.0,33248.0,10200000,KBS
2025-08-13 07:00:00,33204.0,34186.0,32579.0,33070.0,5765000,KBS
2025-08-14 07:00:00,33427.0,33918.0,32579.0,33115.0,7345600,KBS
2025-08-15 07:00:00,33516.0,33516.0,32133.0,32400.0,7276900,KBS
2025-08-18 07:00:00,32311.0,33025.0,31419.0,32847.0,7016600,KBS
2025-08-19 07:00:00,33204.0,35123.0,32802.0,34632.0,14276500,KBS
2025-08-20 07:00:00,33918.0,34364.0,32222.0,32713.0,8811400,KBS
2025-08-21 07:00:00,32758.0,32891.0,31419.0,31419.0,10654500,KBS
2025-08-22 07:00:00,30615.0,31062.0,29276.0,29767.0,11482600,KBS
2025-08-25 07:00:00,30348.0,30526.0,29589.0,29767.0,4175800,KBS
2025-08-26 07:00:00,29678.0,31240.0,29678.0,31240.0,3786100,KBS
2025-08-27 07:00:00,31553.0,33025.0,30928.0,31686.0,7906700,KBS
2025-08-28 07:00:00,31865.0,31910.0,31062.0,31686.0,2628800,KBS
2025-08-29 07:00:00,31999.0,32668.0,31731.0,31776.0,4194500,KBS
2025-09-03 07:00:00,31686.0,33427.0,31686.0,33025.0,5411700,KBS
2025-09-04 07:00:00,33472.0,34944.0,33204.0,33382.0,5987700,KBS
2025-09-05 07:00:00,33784.0,34096.0,32088.0,32088.0,6323100,KBS
2025-09-08 07:00:00,31419.0,31910.0,29901.0,29991.0,10388200,KBS
2025-09-09 07:00:00,30080.0,30972.0,29723.0,30838.0,3918000,KBS
2025-09-10 07:00:00,31062.0,31062.0,30258.0,30526.0,2175700,KBS
2025-09-11 07:00:00,30392.0,31329.0,29455.0,31329.0,5897300,KBS
2025-09-12 07:00:00,31419.0,31954.0,31062.0,31329.0,2826300,KBS
2025-09-15 07:00:00,31597.0,31820.0,31151.0,31686.0,2382100,KBS
2025-09-16 07:00:00,31954.0,32043.0,31062.0,31240.0,3877600,KBS
2025-09-17 07:00:00,30972.0,31240.0,30615.0,30660.0,2181800,KBS
2025-09-18 07:00:00,30660.0,31151.0,30214.0,31106.0,3502800,KBS
2025-09-19 07:00:00,31374.0,31865.0,31151.0,31463.0,3379400,KBS
2025-09-22 07:00:00,31686.0,32490.0,31374.0,31954.0,6982500,KBS
2025-09-23 07:00:00,32133.0,32133.0,31285.0,31374.0,2386300,KBS
2025-09-24 07:00:00,31374.0,32891.0,31062.0,32891.0,5836300,KBS
2025-09-25 07:00:00,33025.0,33382.0,32668.0,32758.0,4268300,KBS
2025-09-26 07:00:00,32758.0,34141.0,32490.0,33070.0,7699500,KBS
2025-09-29 07:00:00,33070.0,33472.0,32222.0,32847.0,3216800,KBS
2025-09-30 07:00:00,32847.0,32847.0,30794.0,32445.0,6656800,KBS
2025-10-01 07:00:00,32400.0,32445.0,31731.0,32133.0,2726100,KBS
2025-10-02 07:00:00,32267.0,32400.0,30794.0,30794.0,3497000,KBS
2025-10-03 07:00:00,30348.0,30705.0,29589.0,29589.0,4940900,KBS
2025-10-06 07:00:00,29991.0,31419.0,29901.0,31240.0,2318500,KBS
2025-10-07 07:00:00,31374.0,31374.0,30571.0,30972.0,2420400,KBS
2025-10-08 07:00:00,31240.0,31686.0,30392.0,31686.0,3517500,KBS
2025-10-09 07:00:00,31865.0,32579.0,31553.0,32579.0,3729100,KBS
2025-10-10 07:00:00,32936.0,33472.0,32579.0,32891.0,4857000,KBS
2025-10-13 07:00:00,32400.0,35167.0,32222.0,35167.0,16297200,KBS
2025-10-14 07:00:00,35971.0,36596.0,35435.0,35882.0,6471300,KBS
2025-10-15 07:00:00,35703.0,37310.0,35391.0,36774.0,5952900,KBS
2025-10-16 07:00:00,37399.0,37711.0,36685.0,37488.0,4662900,KBS
2025-10-17 07:00:00,37488.0,37756.0,36596.0,36596.0,5709500,KBS
2025-10-20 07:00:00,36149.0,37399.0,34052.0,34052.0,11435600,KBS
2025-10-21 07:00:00,33204.0,33650.0,31776.0,32133.0,13995900,KBS
2025-10-22 07:00:00,32579.0,33115.0,31151.0,33115.0,6672400,KBS
2025-10-23 07:00:00,33204.0,33472.0,31776.0,31954.0,6052300,KBS
2025-10-24 07:00:00,31776.0,31999.0,30928.0,31329.0,4859400,KBS
2025-10-27 07:00:00,31508.0,31642.0,29500.0,29500.0,6500200,KBS
2025-10-28 07:00:00,29366.0,30437.0,29366.0,30437.0,4779000,KBS
2025-10-29 07:00:00,30749.0,30838.0,30303.0,30348.0,3714900,KBS
2025-10-30 07:00:00,30526.0,31419.0,30392.0,30615.0,4030800,KBS
2025-10-31 07:00:00,30526.0,30972.0,29991.0,30035.0,2299800,KBS
2025-11-03 07:00:00,30080.0,30348.0,27938.0,27938.0,6064200,KBS
2025-11-04 07:00:00,27357.0,29857.0,26777.0,29857.0,6602500,KBS
2025-11-05 07:00:00,29723.0,29767.0,28875.0,29143.0,1716600,KBS
2025-11-06 07:00:00,29009.0,29946.0,28473.0,29455.0,3778900,KBS
2025-11-07 07:00:00,29366.0,29633.0,28562.0,28562.0,2656800,KBS
2025-11-10 07:00:00,28384.0,28696.0,27670.0,28250.0,4812700,KBS
2025-11-11 07:00:00,27950.0,28150.0,26300.0,26900.0,6627200,KBS
2025-11-12 07:00:00,27000.0,28150.0,27000.0,27750.0,2887300,KBS
2025-11-13 07:00:00,27900.0,28200.0,27450.0,27500.0,2272200,KBS
2025-11-14 07:00:00,27650.0,28350.0,27450.0,28000.0,2774400,KBS
2025-11-17 07:00:00,28250.0,29250.0,28250.0,28850.0,2705700,KBS
2025-11-18 07:00:00,28850.0,28950.0,28250.0,28450.0,2446200,KBS
2025-11-19 07:00:00,28350.0,28900.0,27950.0,28000.0,2400600,KBS
2025-11-20 07:00:00,28000.0,28200.0,27550.0,27900.0,1309800,KBS
2025-11-21 07:00:00,27800.0,28000.0,27400.0,27900.0,1338900,KBS
2025-11-24 07:00:00,27950.0,28150.0,27850.0,27900.0,931900,KBS
2025-11-25 07:00:00,27950.0,28100.0,26750.0,26750.0,2110300,KBS
2025-11-26 07:00:00,27100.0,27950.0,26750.0,27650.0,1941800,KBS
2025-11-27 07:00:00,27750.0,27900.0,27300.0,27350.0,996600,KBS
2025-11-28 07:00:00,27300.0,27800.0,27000.0,27250.0,1091300,KBS
2025-12-01 07:00:00,27550.0,27550.0,26700.0,26700.0,1971900,KBS
2025-12-02 07:00:00,26550.0,26800.0,26000.0,26800.0,2186900,KBS
2025-12-03 07:00:00,26850.0,27250.0,26800.0,27100.0,1836600,KBS
2025-12-04 07:00:00,27200.0,27700.0,27150.0,27450.0,1584200,KBS
2025-12-05 07:00:00,27450.0,27500.0,26850.0,26850.0,1305800,KBS
2025-12-08 07:00:00,26800.0,26850.0,26000.0,26100.0,2879400,KBS
2025-12-09 07:00:00,26100.0,26200.0,25050.0,25300.0,3056600,KBS
2025-12-10 07:00:00,25300.0,25750.0,25000.0,25000.0,1599300,KBS
2025-12-11 07:00:00,25800.0,25800.0,25000.0,25000.0,1073000,KBS
2025-12-12 07:00:00,25000.0,25400.0,23700.0,24000.0,3477500,KBS
2025-12-15 07:00:00,23750.0,24350.0,23600.0,23850.0,2161800,KBS
2025-12-16 07:00:00,24000.0,25250.0,23200.0,24500.0,3516900,KBS
2025-12-17 07:00:00,24800.0,24800.0,24000.0,24000.0,1092500,KBS
2025-12-18 07:00:00,24050.0,24150.0,23600.0,23800.0,1403700,KBS
2025-12-19 07:00:00,23850.0,24300.0,23700.0,24100.0,2378800,KBS
2025-12-22 07:00:00,24350.0,24750.0,24150.0,24600.0,3855200,KBS
2025-12-23 07:00:00,24800.0,24850.0,24100.0,24250.0,2467200,KBS
2025-12-24 07:00:00,24200.0,24600.0,24050.0,24300.0,3098900,KBS
2025-12-25 07:00:00,24350.0,24400.0,23500.0,23500.0,3570000,KBS
2025-12-26 07:00:00,23300.0,23650.0,22400.0,22800.0,4164500,KBS
2025-12-29 07:00:00,22800.0,23350.0,22800.0,23100.0,1932700,KBS
2025-12-30 07:00:00,23150.0,23300.0,22700.0,22700.0,1881500,KBS
2025-12-31 07:00:00,22850.0,23100.0,22700.0,22700.0,2288700,KBS
2026-01-05 07:00:00,22850.0,23050.0,21900.0,22250.0,2837800,KBS
2026-01-06 07:00:00,22250.0,22450.0,21500.0,21750.0,3477700,KBS
2026-01-07 07:00:00,22000.0,22200.0,21600.0,22000.0,2420200,KBS
2026-01-08 07:00:00,22100.0,22600.0,21700.0,21800.0,2997800,KBS
2026-01-09 07:00:00,21800.0,21800.0,20500.0,20650.0,6737000,KBS
2026-01-12 07:00:00,20650.0,22000.0,20100.0,21700.0,5006600,KBS
2026-01-13 07:00:00,22150.0,22300.0,21800.0,21900.0,4214500,KBS
2026-01-14 07:00:00,21600.0,22050.0,21050.0,21100.0,6277800,KBS
2026-01-15 07:00:00,21100.0,21900.0,21100.0,21550.0,3989900,KBS
2026-01-16 07:00:00,21900.0,21900.0,21200.0,21300.0,3448600,KBS
2026-01-19 07:00:00,21350.0,21700.0,21200.0,21350.0,2313600,KBS
2026-01-20 07:00:00,21600.0,21650.0,21150.0,21150.0,3042600,KBS
2026-01-21 07:00:00,21250.0,21800.0,21050.0,21350.0,4538100,KBS
2026-01-22 07:00:00,21600.0,22800.0,21300.0,22800.0,5372000,KBS
2026-01-23 07:00:00,23000.0,23000.0,21800.0,21800.0,5809700,KBS
2026-01-26 07:00:00,21900.0,21950.0,20800.0,20950.0,4253300,KBS
2026-01-27 07:00:00,21000.0,21250.0,20850.0,21000.0,2462900,KBS
2026-01-28 07:00:00,21000.0,21950.0,20500.0,21500.0,4901400,KBS
2026-01-29 07:00:00,21750.0,22100.0,21350.0,21350.0,2543100,KBS
2026-01-30 07:00:00,21600.0,22150.0,21500.0,21700.0,4243100,KBS
2026-02-02 07:00:00,21700.0,22050.0,21250.0,21500.0,2614000,KBS
2026-02-03 07:00:00,21600.0,21850.0,21500.0,21650.0,2552200,KBS
2026-02-04 07:00:00,21600.0,22100.0,21450.0,21900.0,3751900,KBS
2026-02-05 07:00:00,22000.0,22750.0,22000.0,22050.0,5525200,KBS
2026-02-06 07:00:00,21800.0,21800.0,21000.0,21050.0,3337000,KBS
2026-02-09 07:00:00,21250.0,21400.0,20900.0,20950.0,1645400,KBS
2026-02-10 07:00:00,21000.0,21200.0,20500.0,20700.0,2426900,KBS
2026-02-11 07:00:00,20700.0,21850.0,20700.0,21500.0,3071200,KBS
2026-02-12 07:00:00,21400.0,21700.0,21250.0,21350.0,1025800,KBS
2026-02-13 07:00:00,21350.0,21450.0,21250.0,21300.0,1471000,KBS
2026-02-23 07:00:00,21450.0,21750.0,21200.0,21750.0,2060500,KBS
2026-02-24 07:00:00,21700.0,22000.0,21500.0,21600.0,2267100,KBS
2026-02-25 07:00:00,21650.0,21750.0,21200.0,21250.0,3123300,KBS
2026-02-26 07:00:00,21250.0,21450.0,21200.0,21350.0,1846200,KBS
2026-02-27 07:00:00,21300.0,21300.0,20700.0,20900.0,4645400,KBS
2026-03-02 07:00:00,19800.0,20400.0,19450.0,19450.0,5852900,KBS
2026-03-03 07:00:00,19200.0,19800.0,18850.0,19100.0,4798600,KBS
2026-03-04 07:00:00,19000.0,19300.0,18000.0,18500.0,5114500,KBS
2026-03-05 07:00:00,18900.0,19150.0,18500.0,18550.0,2235700,KBS
2026-03-06 07:00:00,18500.0,18950.0,18450.0,18600.0,2283900,KBS
2026-03-09 07:00:00,17300.0,17900.0,17300.0,17300.0,2010700,KBS
2026-03-10 07:00:00,17000.0,17450.0,16500.0,17100.0,6370400,KBS
2026-03-11 07:00:00,17100.0,18100.0,16750.0,17700.0,3428500,KBS
2026-03-12 07:00:00,17650.0,18200.0,17400.0,17800.0,2614200,KBS
2026-03-13 07:00:00,18000.0,18450.0,17850.0,18000.0,3839800,KBS
2026-03-16 07:00:00,18450.0,18550.0,18050.0,18350.0,2760500,KBS
2026-03-17 07:00:00,18350.0,18400.0,17750.0,17850.0,1880300,KBS
2026-03-18 07:00:00,17850.0,18100.0,17450.0,17700.0,1643000,KBS
2026-03-19 07:00:00,17450.0,18200.0,17450.0,17800.0,2126700,KBS
2026-03-20 07:00:00,17800.0,18100.0,17500.0,17500.0,1509700,KBS
2026-03-23 07:00:00,17250.0,17400.0,16300.0,16300.0,3049300,KBS
2026-03-24 07:00:00,16650.0,17400.0,16550.0,17200.0,3225900,KBS
2026-03-25 07:00:00,17200.0,18200.0,17200.0,17950.0,3521300,KBS
2026-03-26 07:00:00,18100.0,18100.0,17550.0,17750.0,2393500,KBS
2026-03-27 07:00:00,17600.0,18950.0,17600.0,18950.0,6515900,KBS
2026-03-30 07:00:00,18350.0,19400.0,18350.0,19050.0,4830300,KBS
2026-03-31 07:00:00,19100.0,19250.0,18600.0,18750.0,3317700,KBS
2026-04-01 07:00:00,19200.0,19200.0,18700.0,18700.0,2621800,KBS
2026-04-02 07:00:00,18450.0,18850.0,18400.0,18500.0,2407800,KBS
2026-04-03 07:00:00,18700.0,18750.0,18400.0,18500.0,2001800,KBS
2026-04-06 07:00:00,18400.0,18600.0,17900.0,17900.0,1996400,KBS
2026-04-07 07:00:00,17950.0,18250.0,17550.0,17900.0,1347300,KBS
2026-04-08 07:00:00,18450.0,19000.0,18250.0,18900.0,3630200,KBS
2026-04-09 07:00:00,18750.0,19700.0,18550.0,19200.0,6718900,KBS
2026-04-10 07:00:00,19550.0,19700.0,19050.0,19100.0,3053500,KBS
2026-04-13 07:00:00,18650.0,19600.0,18650.0,19050.0,3045500,KBS
2026-04-14 07:00:00,19250.0,19400.0,18900.0,18900.0,2370800,KBS
2026-04-15 07:00:00,19000.0,19450.0,18850.0,18850.0,3396700,KBS
2026-04-16 07:00:00,18850.0,18950.0,18350.0,18800.0,2839700,KBS
2026-04-17 07:00:00,18950.0,19050.0,18550.0,18550.0,1570900,KBS
2026-04-20 07:00:00,18600.0,19050.0,18400.0,18700.0,1633600,KBS
2026-04-21 07:00:00,18700.0,18850.0,18500.0,18500.0,1550600,KBS
2026-04-22 07:00:00,18650.0,18650.0,18350.0,18450.0,1892900,KBS
2026-04-23 07:00:00,18700.0,19250.0,18500.0,18700.0,3931500,KBS
2026-04-24 07:00:00,18950.0,18950.0,18450.0,18700.0,1872500,KBS
2026-04-28 07:00:00,18950.0,19050.0,18400.0,18550.0,1872800,KBS
2026-04-29 07:00:00,18550.0,19200.0,18450.0,19100.0,3177500,KBS
2026-05-04 07:00:00,19300.0,19650.0,19050.0,19050.0,2585600,KBS
2026-05-05 07:00:00,19000.0,19050.0,18600.0,18700.0,1855700,KBS
2026-05-06 07:00:00,18700.0,19050.0,18600.0,18900.0,1896400,KBS
2026-05-07 07:00:00,19000.0,19350.0,18800.0,18800.0,2777600,KBS
2026-05-08 07:00:00,18700.0,18800.0,18550.0,18550.0,1961500,KBS
2026-05-11 07:00:00,18600.0,19000.0,18300.0,18550.0,2346200,KBS
2026-05-12 07:00:00,18550.0,19150.0,18550.0,18750.0,2059000,KBS
2026-05-13 07:00:00,18750.0,18850.0,18500.0,18700.0,1550200,KBS
2026-05-14 07:00:00,18600.0,18950.0,18600.0,18850.0,1172600,KBS
2026-05-15 07:00:00,19000.0,19150.0,18800.0,18900.0,1980400,KBS
2026-05-18 07:00:00,18900.0,19000.0,18600.0,19000.0,1678300,KBS
2026-05-19 07:00:00,19200.0,19400.0,18850.0,18950.0,2815000,KBS
2026-05-20 07:00:00,18950.0,18950.0,17650.0,18000.0,5180100,KBS
2026-05-21 07:00:00,17450.0,18000.0,17050.0,17750.0,1606900,KBS
2026-05-22 07:00:00,17650.0,18050.0,17650.0,18000.0,1608800,KBS
2026-05-25 07:00:00,18000.0,18300.0,17750.0,17950.0,1275500,KBS
2026-05-26 07:00:00,17900.0,18550.0,17800.0,18250.0,1227700,KBS
2026-05-27 07:00:00,18300.0,18400.0,18050.0,18150.0,763800,KBS
2026-05-28 07:00:00,18150.0,18300.0,17900.0,17900.0,916800,KBS
2026-05-29 07:00:00,17900.0,17900.0,17500.0,17500.0,1340600,KBS
2026-06-01 07:00:00,17650.0,17800.0,17400.0,17600.0,609000,KBS
2026-06-02 07:00:00,17500.0,17650.0,16900.0,17200.0,1515800,KBS
2026-06-03 07:00:00,17050.0,17500.0,17050.0,17500.0,494200,KBS
2026-06-04 07:00:00,17500.0,17650.0,17400.0,17600.0,514700,KBS
2026-06-05 07:00:00,17700.0,17700.0,17250.0,17350.0,477500,KBS
