date,open,high,low,close,volume,_source
2020-01-02 07:00:00,2324.0,2324.0,2227.0,2324.0,576860,KBS
2020-01-03 07:00:00,2324.0,2324.0,2227.0,2324.0,457610,KBS
2020-01-06 07:00:00,2227.0,2324.0,2227.0,2227.0,1459956,KBS
2020-01-07 07:00:00,2227.0,2324.0,2227.0,2227.0,250765,KBS
2020-01-08 07:00:00,2227.0,2227.0,2130.0,2227.0,1058291,KBS
2020-01-09 07:00:00,2227.0,2324.0,2130.0,2227.0,812388,KBS
2020-01-10 07:00:00,2227.0,2227.0,2130.0,2227.0,555210,KBS
2020-01-13 07:00:00,2227.0,2227.0,2130.0,2130.0,1200240,KBS
2020-01-14 07:00:00,2227.0,2227.0,2033.0,2033.0,479935,KBS
2020-01-15 07:00:00,2130.0,2227.0,2033.0,2130.0,581463,KBS
2020-01-16 07:00:00,2227.0,2227.0,2130.0,2130.0,370320,KBS
2020-01-17 07:00:00,2130.0,2227.0,2033.0,2130.0,532450,KBS
2020-01-20 07:00:00,2130.0,2227.0,2130.0,2130.0,643474,KBS
2020-01-21 07:00:00,2130.0,2227.0,2130.0,2130.0,552110,KBS
2020-01-22 07:00:00,2130.0,2324.0,2130.0,2227.0,1727659,KBS
2020-01-30 07:00:00,2227.0,2324.0,2130.0,2227.0,1160000,KBS
2020-01-31 07:00:00,2227.0,2227.0,2130.0,2130.0,1232564,KBS
2020-02-03 07:00:00,2130.0,2130.0,1937.0,2033.0,2265477,KBS
2020-02-04 07:00:00,2033.0,2033.0,1937.0,2033.0,850360,KBS
2020-02-05 07:00:00,2033.0,2130.0,1937.0,2033.0,696820,KBS
2020-02-06 07:00:00,2033.0,2130.0,1937.0,2033.0,1584409,KBS
2020-02-07 07:00:00,2130.0,2130.0,2033.0,2130.0,219201,KBS
2020-02-10 07:00:00,2130.0,2130.0,2033.0,2033.0,418336,KBS
2020-02-11 07:00:00,2033.0,2130.0,2033.0,2033.0,583536,KBS
2020-02-12 07:00:00,2130.0,2130.0,2033.0,2130.0,214164,KBS
2020-02-13 07:00:00,2033.0,2130.0,2033.0,2033.0,337961,KBS
2020-02-14 07:00:00,2130.0,2130.0,2033.0,2033.0,329935,KBS
2020-02-17 07:00:00,2033.0,2130.0,2033.0,2033.0,792920,KBS
2020-02-18 07:00:00,2033.0,2130.0,2033.0,2033.0,107574,KBS
2020-02-19 07:00:00,2033.0,2130.0,2033.0,2130.0,767202,KBS
2020-02-20 07:00:00,2033.0,2130.0,2033.0,2033.0,265066,KBS
2020-02-21 07:00:00,2033.0,2130.0,2033.0,2033.0,771728,KBS
2020-02-24 07:00:00,2033.0,2033.0,1840.0,1937.0,1991985,KBS
2020-02-25 07:00:00,1937.0,1937.0,1840.0,1937.0,1791437,KBS
2020-02-26 07:00:00,1937.0,1937.0,1840.0,1937.0,79150,KBS
2020-02-27 07:00:00,1937.0,1937.0,1840.0,1937.0,199331,KBS
2020-02-28 07:00:00,1840.0,1937.0,1840.0,1937.0,479008,KBS
2020-03-02 07:00:00,1840.0,2033.0,1840.0,2033.0,1049210,KBS
2020-03-03 07:00:00,1937.0,2130.0,1937.0,2033.0,1890533,KBS
2020-03-04 07:00:00,2033.0,2130.0,1937.0,2033.0,876710,KBS
2020-03-05 07:00:00,2033.0,2130.0,1937.0,1937.0,887651,KBS
2020-03-06 07:00:00,2033.0,2130.0,1937.0,2033.0,933408,KBS
2020-03-09 07:00:00,1937.0,1937.0,1840.0,1840.0,3156875,KBS
2020-03-10 07:00:00,1743.0,1937.0,1743.0,1840.0,1451447,KBS
2020-03-11 07:00:00,1937.0,1937.0,1840.0,1840.0,1330270,KBS
2020-03-12 07:00:00,1743.0,1840.0,1743.0,1743.0,2463380,KBS
2020-03-13 07:00:00,1743.0,1743.0,1646.0,1743.0,2245452,KBS
2020-03-16 07:00:00,1646.0,1743.0,1646.0,1646.0,1419318,KBS
2020-03-17 07:00:00,1646.0,1743.0,1549.0,1743.0,1197297,KBS
2020-03-18 07:00:00,1743.0,1840.0,1646.0,1840.0,23364925,KBS
2020-03-19 07:00:00,1937.0,1937.0,1840.0,1937.0,8699732,KBS
2020-03-20 07:00:00,2130.0,2130.0,1840.0,1937.0,5014334,KBS
2020-03-23 07:00:00,1840.0,1937.0,1743.0,1743.0,5414760,KBS
2020-03-24 07:00:00,1646.0,1743.0,1646.0,1646.0,4694349,KBS
2020-03-25 07:00:00,1646.0,1743.0,1549.0,1646.0,2676687,KBS
2020-03-26 07:00:00,1646.0,1743.0,1549.0,1549.0,5462560,KBS
2020-03-27 07:00:00,1452.0,1549.0,1452.0,1452.0,5523508,KBS
2020-03-30 07:00:00,1356.0,1452.0,1356.0,1356.0,2928212,KBS
2020-03-31 07:00:00,1259.0,1356.0,1259.0,1259.0,6730620,KBS
2020-04-01 07:00:00,1162.0,1356.0,1162.0,1356.0,2226499,KBS
2020-04-03 07:00:00,1356.0,1452.0,1356.0,1452.0,1698315,KBS
2020-04-06 07:00:00,1452.0,1549.0,1356.0,1452.0,4156861,KBS
2020-04-07 07:00:00,1452.0,1549.0,1356.0,1452.0,1698958,KBS
2020-04-08 07:00:00,1452.0,1452.0,1356.0,1452.0,1658953,KBS
2020-04-09 07:00:00,1452.0,1549.0,1356.0,1452.0,2848559,KBS
2020-04-10 07:00:00,1452.0,1549.0,1356.0,1452.0,4442860,KBS
2020-04-13 07:00:00,1452.0,1549.0,1452.0,1549.0,973949,KBS
2020-04-14 07:00:00,1549.0,1549.0,1452.0,1452.0,1579460,KBS
2020-04-15 07:00:00,1452.0,1549.0,1356.0,1452.0,2344863,KBS
2020-04-16 07:00:00,1452.0,1549.0,1452.0,1452.0,2072604,KBS
2020-04-17 07:00:00,1549.0,1549.0,1452.0,1549.0,6883483,KBS
2020-04-20 07:00:00,1646.0,1646.0,1646.0,1646.0,8890422,KBS
2020-04-21 07:00:00,1743.0,1743.0,1646.0,1646.0,10388999,KBS
2020-04-22 07:00:00,1549.0,1743.0,1549.0,1743.0,2102574,KBS
2020-04-23 07:00:00,1646.0,1743.0,1646.0,1646.0,3511774,KBS
2020-04-24 07:00:00,1549.0,1646.0,1549.0,1646.0,3119985,KBS
2020-04-27 07:00:00,1646.0,1743.0,1549.0,1646.0,1280291,KBS
2020-04-28 07:00:00,1646.0,1743.0,1549.0,1646.0,971058,KBS
2020-04-29 07:00:00,1646.0,1743.0,1549.0,1743.0,2263432,KBS
2020-05-04 07:00:00,1743.0,1840.0,1646.0,1646.0,6073880,KBS
2020-05-05 07:00:00,1646.0,1743.0,1549.0,1646.0,2598976,KBS
2020-05-06 07:00:00,1646.0,1646.0,1549.0,1646.0,442367,KBS
2020-05-07 07:00:00,1646.0,1646.0,1549.0,1646.0,696688,KBS
2020-05-08 07:00:00,1646.0,1743.0,1549.0,1646.0,10565362,KBS
2020-05-11 07:00:00,1646.0,1743.0,1646.0,1743.0,3808486,KBS
2020-05-12 07:00:00,1743.0,1840.0,1646.0,1743.0,8908617,KBS
2020-05-13 07:00:00,1743.0,1840.0,1743.0,1840.0,12791116,KBS
2020-05-14 07:00:00,1937.0,1937.0,1743.0,1937.0,3811387,KBS
2020-05-15 07:00:00,2130.0,2130.0,1937.0,1937.0,13160666,KBS
2020-05-18 07:00:00,1840.0,2033.0,1840.0,1937.0,5713138,KBS
2020-05-19 07:00:00,1937.0,2033.0,1840.0,1937.0,5893992,KBS
2020-05-20 07:00:00,1937.0,1937.0,1840.0,1937.0,2277118,KBS
2020-05-21 07:00:00,1937.0,2033.0,1840.0,1937.0,6699837,KBS
2020-05-22 07:00:00,1937.0,2033.0,1840.0,1840.0,5399126,KBS
2020-05-25 07:00:00,1937.0,1937.0,1840.0,1937.0,2091549,KBS
2020-05-26 07:00:00,1937.0,2033.0,1840.0,1937.0,4979009,KBS
2020-05-27 07:00:00,1937.0,2033.0,1840.0,1937.0,4196547,KBS
2020-05-28 07:00:00,1840.0,1937.0,1840.0,1937.0,2854237,KBS
2020-05-29 07:00:00,1937.0,2130.0,1840.0,2130.0,11415118,KBS
2020-06-01 07:00:00,2227.0,2324.0,2130.0,2324.0,11919454,KBS
2020-06-02 07:00:00,2324.0,2324.0,2130.0,2130.0,8392280,KBS
2020-06-03 07:00:00,2130.0,2227.0,2033.0,2227.0,5585754,KBS
2020-06-04 07:00:00,2227.0,2324.0,2227.0,2227.0,6166170,KBS
2020-06-05 07:00:00,2227.0,2324.0,2227.0,2227.0,4244376,KBS
2020-06-08 07:00:00,2324.0,2421.0,2324.0,2421.0,14243261,KBS
2020-06-09 07:00:00,2517.0,2517.0,2324.0,2421.0,9021419,KBS
2020-06-10 07:00:00,2517.0,2614.0,2324.0,2614.0,7025555,KBS
2020-06-11 07:00:00,2614.0,2808.0,2421.0,2421.0,15612503,KBS
2020-06-12 07:00:00,2421.0,2614.0,2227.0,2614.0,14987611,KBS
2020-06-15 07:00:00,2614.0,2808.0,2421.0,2614.0,8288196,KBS
2020-06-16 07:00:00,2711.0,2808.0,2517.0,2711.0,9049181,KBS
2020-06-17 07:00:00,2711.0,2711.0,2517.0,2517.0,11906855,KBS
2020-06-18 07:00:00,2421.0,2614.0,2421.0,2614.0,4710506,KBS
2020-06-19 07:00:00,2614.0,2711.0,2517.0,2614.0,4100329,KBS
2020-06-22 07:00:00,2614.0,2711.0,2517.0,2614.0,4784445,KBS
2020-06-23 07:00:00,2614.0,2711.0,2517.0,2614.0,6530103,KBS
2020-06-24 07:00:00,2614.0,2711.0,2517.0,2614.0,3639855,KBS
2020-06-25 07:00:00,2517.0,2808.0,2517.0,2808.0,19592993,KBS
2020-06-26 07:00:00,2905.0,3002.0,2808.0,2808.0,9137847,KBS
2020-06-29 07:00:00,2808.0,2905.0,2614.0,2614.0,7082922,KBS
2020-06-30 07:00:00,2614.0,2711.0,2421.0,2517.0,12097809,KBS
2020-07-01 07:00:00,2517.0,2614.0,2421.0,2517.0,2755996,KBS
2020-07-02 07:00:00,2517.0,2614.0,2517.0,2614.0,1915613,KBS
2020-07-03 07:00:00,2614.0,2614.0,2517.0,2517.0,2482394,KBS
2020-07-06 07:00:00,2517.0,2614.0,2421.0,2517.0,2626711,KBS
2020-07-07 07:00:00,2517.0,2614.0,2517.0,2517.0,2760200,KBS
2020-07-08 07:00:00,2517.0,2517.0,2421.0,2421.0,1374793,KBS
2020-07-09 07:00:00,2421.0,2614.0,2421.0,2614.0,3963992,KBS
2020-07-10 07:00:00,2614.0,2614.0,2421.0,2517.0,2724432,KBS
2020-07-13 07:00:00,2517.0,2614.0,2421.0,2517.0,1694610,KBS
2020-07-14 07:00:00,2421.0,2517.0,2421.0,2421.0,1619609,KBS
2020-07-15 07:00:00,2517.0,2614.0,2421.0,2421.0,2888343,KBS
2020-07-16 07:00:00,2421.0,2517.0,2421.0,2421.0,1186346,KBS
2020-07-17 07:00:00,2517.0,2517.0,2421.0,2421.0,1930069,KBS
2020-07-20 07:00:00,2421.0,2517.0,2324.0,2421.0,5499889,KBS
2020-07-21 07:00:00,2421.0,2517.0,2421.0,2421.0,2935000,KBS
2020-07-22 07:00:00,2421.0,2517.0,2324.0,2324.0,2058203,KBS
2020-07-23 07:00:00,2324.0,2421.0,2130.0,2227.0,4728589,KBS
2020-07-24 07:00:00,2227.0,2227.0,2033.0,2033.0,8016918,KBS
2020-07-27 07:00:00,1937.0,2033.0,1840.0,1840.0,6520206,KBS
2020-07-28 07:00:00,1840.0,1937.0,1743.0,1937.0,3228852,KBS
2020-07-29 07:00:00,2033.0,2033.0,1743.0,1937.0,3667904,KBS
2020-07-30 07:00:00,1937.0,2033.0,1840.0,1840.0,3424457,KBS
2020-07-31 07:00:00,1840.0,1937.0,1840.0,1937.0,1994012,KBS
2020-08-03 07:00:00,1937.0,2033.0,1840.0,2033.0,3010914,KBS
2020-08-04 07:00:00,2033.0,2227.0,1937.0,2130.0,4618444,KBS
2020-08-05 07:00:00,2130.0,2130.0,2033.0,2130.0,2317101,KBS
2020-08-06 07:00:00,2130.0,2130.0,2033.0,2033.0,4411360,KBS
2020-08-07 07:00:00,2033.0,2130.0,2033.0,2130.0,2210925,KBS
2020-08-10 07:00:00,2033.0,2227.0,2033.0,2130.0,2892946,KBS
2020-08-11 07:00:00,2130.0,2227.0,2033.0,2130.0,1975759,KBS
2020-08-12 07:00:00,2130.0,2227.0,2033.0,2227.0,1603636,KBS
2020-08-13 07:00:00,2227.0,2227.0,2130.0,2130.0,669496,KBS
2020-08-14 07:00:00,2130.0,2227.0,2033.0,2033.0,4362915,KBS
2020-08-17 07:00:00,2033.0,2227.0,2033.0,2227.0,5944180,KBS
2020-08-18 07:00:00,2324.0,2421.0,2227.0,2227.0,4849437,KBS
2020-08-19 07:00:00,2227.0,2324.0,2227.0,2227.0,1559869,KBS
2020-08-20 07:00:00,2227.0,2324.0,2227.0,2324.0,2184745,KBS
2020-08-21 07:00:00,2324.0,2421.0,2227.0,2324.0,4020155,KBS
2020-08-24 07:00:00,2324.0,2421.0,2324.0,2324.0,1287141,KBS
2020-08-25 07:00:00,2324.0,2421.0,2227.0,2324.0,3890297,KBS
2020-08-26 07:00:00,2227.0,2421.0,2227.0,2421.0,1184604,KBS
2020-08-27 07:00:00,2421.0,2421.0,2324.0,2324.0,568557,KBS
2020-08-28 07:00:00,2324.0,2421.0,2324.0,2421.0,1405408,KBS
2020-08-31 07:00:00,2421.0,2517.0,2324.0,2421.0,3929275,KBS
2020-09-01 07:00:00,2421.0,2517.0,2324.0,2324.0,2589030,KBS
2020-09-03 07:00:00,2421.0,2517.0,2324.0,2421.0,5250412,KBS
2020-09-04 07:00:00,2421.0,2517.0,2324.0,2517.0,2457814,KBS
2020-09-07 07:00:00,2517.0,2517.0,2324.0,2324.0,2509170,KBS
2020-09-08 07:00:00,2324.0,2517.0,2324.0,2421.0,2250461,KBS
2020-09-09 07:00:00,2421.0,2517.0,2324.0,2517.0,1334997,KBS
2020-09-10 07:00:00,2517.0,2517.0,2421.0,2421.0,872149,KBS
2020-09-11 07:00:00,2421.0,2517.0,2421.0,2421.0,2128905,KBS
2020-09-14 07:00:00,2421.0,2517.0,2324.0,2421.0,2013805,KBS
2020-09-15 07:00:00,2517.0,2517.0,2421.0,2517.0,2700030,KBS
2020-09-16 07:00:00,2517.0,2614.0,2517.0,2517.0,3679927,KBS
2020-09-17 07:00:00,2517.0,2614.0,2421.0,2517.0,2512797,KBS
2020-09-18 07:00:00,2517.0,2614.0,2421.0,2517.0,2236877,KBS
2020-09-21 07:00:00,2517.0,2711.0,2517.0,2614.0,5737142,KBS
2020-09-22 07:00:00,2614.0,2711.0,2517.0,2614.0,4005510,KBS
2020-09-23 07:00:00,2711.0,2711.0,2517.0,2614.0,902884,KBS
2020-09-24 07:00:00,2614.0,2614.0,2517.0,2517.0,1736153,KBS
2020-09-25 07:00:00,2517.0,2614.0,2421.0,2517.0,2977883,KBS
2020-09-28 07:00:00,2614.0,2614.0,2517.0,2517.0,744868,KBS
2020-09-29 07:00:00,2614.0,2614.0,2517.0,2517.0,1213340,KBS
2020-09-30 07:00:00,2517.0,2614.0,2517.0,2614.0,2372909,KBS
2020-10-01 07:00:00,2614.0,2711.0,2517.0,2517.0,4104833,KBS
2020-10-02 07:00:00,2614.0,2711.0,2517.0,2614.0,5614441,KBS
2020-10-05 07:00:00,2614.0,2808.0,2614.0,2808.0,6475104,KBS
2020-10-06 07:00:00,2808.0,2808.0,2711.0,2711.0,2876630,KBS
2020-10-07 07:00:00,2711.0,2808.0,2711.0,2711.0,3157386,KBS
2020-10-08 07:00:00,2711.0,2808.0,2614.0,2808.0,4002450,KBS
2020-10-09 07:00:00,2808.0,2808.0,2614.0,2614.0,13448717,KBS
2020-10-12 07:00:00,2614.0,2614.0,2421.0,2517.0,6350244,KBS
2020-10-13 07:00:00,2517.0,2517.0,2421.0,2421.0,1777179,KBS
2020-10-14 07:00:00,2421.0,2614.0,2421.0,2517.0,4823680,KBS
2020-10-15 07:00:00,2614.0,2614.0,2421.0,2517.0,2814630,KBS
2020-10-16 07:00:00,2517.0,2517.0,2421.0,2517.0,1208227,KBS
2020-10-19 07:00:00,2517.0,2517.0,2421.0,2517.0,1149778,KBS
2020-10-20 07:00:00,2517.0,2517.0,2421.0,2517.0,734085,KBS
2020-10-21 07:00:00,2421.0,2517.0,2421.0,2421.0,3407853,KBS
2020-10-22 07:00:00,2421.0,2517.0,2421.0,2421.0,754305,KBS
2020-10-23 07:00:00,2421.0,2517.0,2421.0,2517.0,715846,KBS
2020-10-26 07:00:00,2517.0,2517.0,2324.0,2324.0,3795014,KBS
2020-10-27 07:00:00,2324.0,2421.0,2324.0,2324.0,1190636,KBS
2020-10-28 07:00:00,2324.0,2421.0,2227.0,2324.0,2623725,KBS
2020-10-29 07:00:00,2324.0,2421.0,2227.0,2421.0,1263312,KBS
2020-10-30 07:00:00,2421.0,2421.0,2324.0,2421.0,1030185,KBS
2020-11-02 07:00:00,2324.0,2421.0,2324.0,2324.0,2025491,KBS
2020-11-03 07:00:00,2324.0,2421.0,2324.0,2324.0,2406845,KBS
2020-11-04 07:00:00,2324.0,2421.0,2324.0,2324.0,1054347,KBS
2020-11-05 07:00:00,2324.0,2421.0,2324.0,2324.0,789162,KBS
2020-11-06 07:00:00,2324.0,2421.0,2227.0,2324.0,473280,KBS
2020-11-09 07:00:00,2324.0,2421.0,2227.0,2324.0,1745595,KBS
2020-11-10 07:00:00,2324.0,2421.0,2227.0,2324.0,1121720,KBS
2020-11-11 07:00:00,2324.0,2324.0,2227.0,2324.0,240225,KBS
2020-11-12 07:00:00,2324.0,2324.0,2227.0,2324.0,920265,KBS
2020-11-13 07:00:00,2324.0,2421.0,2227.0,2324.0,3088115,KBS
2020-11-16 07:00:00,2324.0,2421.0,2227.0,2324.0,1498290,KBS
2020-11-17 07:00:00,2324.0,2421.0,2324.0,2324.0,1243189,KBS
2020-11-18 07:00:00,2324.0,2421.0,2227.0,2324.0,1684501,KBS
2020-11-19 07:00:00,2324.0,2517.0,2324.0,2517.0,6006961,KBS
2020-11-20 07:00:00,2517.0,2711.0,2517.0,2614.0,6358781,KBS
2020-11-23 07:00:00,2614.0,2614.0,2517.0,2614.0,2542038,KBS
2020-11-24 07:00:00,2614.0,2614.0,2421.0,2421.0,1664686,KBS
2020-11-25 07:00:00,2421.0,2517.0,2421.0,2421.0,2050515,KBS
2020-11-26 07:00:00,2421.0,2614.0,2421.0,2517.0,2167172,KBS
2020-11-27 07:00:00,2517.0,2614.0,2517.0,2517.0,999550,KBS
2020-11-30 07:00:00,2517.0,2614.0,2421.0,2517.0,1925787,KBS
2020-12-01 07:00:00,2517.0,2614.0,2421.0,2614.0,4454200,KBS
2020-12-02 07:00:00,2614.0,2711.0,2517.0,2614.0,4553995,KBS
2020-12-03 07:00:00,2614.0,2711.0,2614.0,2614.0,2755041,KBS
2020-12-04 07:00:00,2614.0,2711.0,2517.0,2517.0,2079996,KBS
2020-12-07 07:00:00,2517.0,2614.0,2517.0,2614.0,529522,KBS
2020-12-08 07:00:00,2614.0,2614.0,2517.0,2614.0,719110,KBS
2020-12-09 07:00:00,2614.0,2808.0,2517.0,2808.0,12156974,KBS
2020-12-10 07:00:00,2905.0,2905.0,2711.0,2711.0,4431569,KBS
2020-12-11 07:00:00,2711.0,2808.0,2614.0,2711.0,2329467,KBS
2020-12-14 07:00:00,2711.0,2711.0,2614.0,2711.0,1744296,KBS
2020-12-15 07:00:00,2711.0,2905.0,2711.0,2905.0,20491709,KBS
2020-12-16 07:00:00,3002.0,3195.0,3002.0,3195.0,5301843,KBS
2020-12-17 07:00:00,3486.0,3486.0,3389.0,3486.0,20930796,KBS
2020-12-18 07:00:00,3583.0,3776.0,3292.0,3679.0,15416142,KBS
2020-12-21 07:00:00,3873.0,3873.0,3583.0,3583.0,8923902,KBS
2020-12-22 07:00:00,3583.0,3776.0,3486.0,3776.0,8386639,KBS
2020-12-23 07:00:00,3776.0,4067.0,3583.0,3873.0,18157770,KBS
2020-12-24 07:00:00,3873.0,4260.0,3679.0,4163.0,16144360,KBS
2020-12-25 07:00:00,4163.0,4551.0,4067.0,4551.0,14684781,KBS
2020-12-28 07:00:00,4551.0,4744.0,4454.0,4648.0,14956699,KBS
2020-12-29 07:00:00,4648.0,4648.0,4357.0,4454.0,11847664,KBS
2020-12-30 07:00:00,4454.0,4551.0,4357.0,4357.0,10249152,KBS
2020-12-31 07:00:00,4357.0,4454.0,4067.0,4067.0,12941928,KBS
2021-01-04 07:00:00,4067.0,4454.0,3970.0,4260.0,11309417,KBS
2021-01-05 07:00:00,4357.0,4357.0,4067.0,4163.0,9280002,KBS
2021-01-06 07:00:00,4163.0,4260.0,4067.0,4260.0,6725871,KBS
2021-01-07 07:00:00,4260.0,4260.0,4067.0,4260.0,6314064,KBS
2021-01-08 07:00:00,4260.0,4648.0,4260.0,4454.0,15773364,KBS
2021-01-11 07:00:00,4454.0,4648.0,4357.0,4648.0,9689199,KBS
2021-01-12 07:00:00,4648.0,4744.0,4454.0,4551.0,6961979,KBS
2021-01-13 07:00:00,4551.0,4648.0,4357.0,4551.0,9999697,KBS
2021-01-14 07:00:00,4551.0,4551.0,4357.0,4454.0,6586633,KBS
2021-01-15 07:00:00,4454.0,4841.0,4357.0,4841.0,16755988,KBS
2021-01-18 07:00:00,4938.0,5325.0,4841.0,4938.0,15144533,KBS
2021-01-19 07:00:00,5035.0,5132.0,4454.0,4648.0,27724134,KBS
2021-01-20 07:00:00,4648.0,5035.0,4260.0,5035.0,21209554,KBS
2021-01-21 07:00:00,5132.0,5519.0,5132.0,5422.0,12332940,KBS
2021-01-22 07:00:00,5519.0,5519.0,5229.0,5325.0,9699779,KBS
2021-01-25 07:00:00,5325.0,5325.0,5132.0,5229.0,6829653,KBS
2021-01-26 07:00:00,5229.0,5229.0,4744.0,4938.0,14186397,KBS
2021-01-27 07:00:00,4938.0,4938.0,4454.0,4454.0,11824186,KBS
2021-01-28 07:00:00,4357.0,4357.0,4067.0,4067.0,10234395,KBS
2021-01-29 07:00:00,3679.0,4454.0,3679.0,4454.0,15454516,KBS
2021-02-01 07:00:00,4454.0,4744.0,4067.0,4163.0,12432340,KBS
2021-02-02 07:00:00,3970.0,4454.0,3873.0,4260.0,7538355,KBS
2021-02-03 07:00:00,4260.0,4648.0,4260.0,4454.0,3559020,KBS
2021-02-04 07:00:00,4357.0,4551.0,4260.0,4260.0,4061598,KBS
2021-02-05 07:00:00,4260.0,4357.0,4260.0,4260.0,2531414,KBS
2021-02-08 07:00:00,4357.0,4454.0,4163.0,4260.0,4351923,KBS
2021-02-09 07:00:00,4260.0,4454.0,4163.0,4260.0,3541781,KBS
2021-02-17 07:00:00,4357.0,4648.0,4357.0,4551.0,3277550,KBS
2021-02-18 07:00:00,4551.0,4648.0,4454.0,4551.0,2432378,KBS
2021-02-19 07:00:00,4551.0,4551.0,4454.0,4454.0,1791871,KBS
2021-02-22 07:00:00,4551.0,4551.0,4357.0,4454.0,3422001,KBS
2021-02-23 07:00:00,4454.0,4454.0,4357.0,4357.0,2246827,KBS
2021-02-24 07:00:00,4357.0,4744.0,4357.0,4744.0,16821225,KBS
2021-02-25 07:00:00,4841.0,5035.0,4841.0,4841.0,5873004,KBS
2021-02-26 07:00:00,4841.0,4938.0,4648.0,4841.0,4713148,KBS
2021-03-01 07:00:00,4841.0,5132.0,4841.0,5035.0,5582674,KBS
2021-03-02 07:00:00,5035.0,5035.0,4841.0,4938.0,4133322,KBS
2021-03-03 07:00:00,4938.0,5132.0,4841.0,5132.0,6026514,KBS
2021-03-04 07:00:00,5132.0,5325.0,4841.0,5035.0,6994558,KBS
2021-03-05 07:00:00,4938.0,5519.0,4841.0,5422.0,13525009,KBS
2021-03-08 07:00:00,5422.0,5906.0,5422.0,5906.0,13817646,KBS
2021-03-09 07:00:00,5906.0,6197.0,5616.0,6003.0,6920773,KBS
2021-03-10 07:00:00,5810.0,6100.0,5713.0,5906.0,5371547,KBS
2021-03-11 07:00:00,5906.0,6294.0,5810.0,6003.0,5080989,KBS
2021-03-12 07:00:00,6003.0,6100.0,5810.0,5906.0,5619380,KBS
2021-03-15 07:00:00,5906.0,6003.0,5713.0,5810.0,7012982,KBS
2021-03-16 07:00:00,5810.0,5810.0,5519.0,5713.0,8929888,KBS
2021-03-17 07:00:00,5713.0,6100.0,5713.0,5906.0,7143146,KBS
2021-03-18 07:00:00,5906.0,6003.0,5713.0,5906.0,3488387,KBS
2021-03-19 07:00:00,5906.0,6003.0,5713.0,5906.0,4203898,KBS
2021-03-22 07:00:00,5906.0,5906.0,5713.0,5810.0,3711108,KBS
2021-03-23 07:00:00,5810.0,6100.0,5713.0,6100.0,11368262,KBS
2021-03-24 07:00:00,6100.0,6100.0,5810.0,6003.0,7164179,KBS
2021-03-25 07:00:00,6003.0,6003.0,5810.0,6003.0,4160217,KBS
2021-03-26 07:00:00,5906.0,6003.0,5519.0,5906.0,6531074,KBS
2021-03-29 07:00:00,5906.0,6487.0,5810.0,6487.0,20613704,KBS
2021-03-30 07:00:00,6487.0,6778.0,6294.0,6390.0,4722798,KBS
2021-03-31 07:00:00,6390.0,6487.0,6294.0,6390.0,3980344,KBS
2021-04-01 07:00:00,6390.0,6875.0,6294.0,6487.0,9421146,KBS
2021-04-02 07:00:00,6487.0,6681.0,6390.0,6487.0,5584627,KBS
2021-04-05 07:00:00,6487.0,6971.0,6390.0,6875.0,10919854,KBS
2021-04-06 07:00:00,6778.0,6875.0,6681.0,6778.0,4909765,KBS
2021-04-07 07:00:00,6778.0,7068.0,6681.0,6971.0,6661853,KBS
2021-04-08 07:00:00,6971.0,7068.0,6778.0,6778.0,6097138,KBS
2021-04-09 07:00:00,6778.0,7165.0,6681.0,7068.0,9603268,KBS
2021-04-12 07:00:00,7068.0,7262.0,6971.0,7165.0,6054772,KBS
2021-04-13 07:00:00,7165.0,7262.0,6681.0,6778.0,12502468,KBS
2021-04-14 07:00:00,6778.0,6875.0,6487.0,6875.0,6519136,KBS
2021-04-15 07:00:00,6875.0,6875.0,6584.0,6681.0,7963527,KBS
2021-04-16 07:00:00,6681.0,6778.0,6100.0,6584.0,13498568,KBS
2021-04-19 07:00:00,6584.0,6681.0,6197.0,6294.0,7230761,KBS
2021-04-20 07:00:00,6294.0,6487.0,6197.0,6390.0,5705232,KBS
2021-04-22 07:00:00,6390.0,6390.0,5906.0,5906.0,8389421,KBS
2021-04-23 07:00:00,5906.0,6100.0,5810.0,6100.0,5448284,KBS
2021-04-26 07:00:00,6100.0,6100.0,5713.0,5713.0,5965680,KBS
2021-04-27 07:00:00,5713.0,5906.0,5616.0,5810.0,3365758,KBS
2021-04-28 07:00:00,5810.0,6100.0,5713.0,6100.0,4157049,KBS
2021-04-29 07:00:00,6100.0,6100.0,5810.0,5906.0,2511548,KBS
2021-05-04 07:00:00,6487.0,6487.0,5616.0,5713.0,3258718,KBS
2021-05-05 07:00:00,5713.0,6197.0,5713.0,6100.0,3413773,KBS
2021-05-06 07:00:00,5906.0,6100.0,5713.0,5906.0,2453603,KBS
2021-05-07 07:00:00,5810.0,5906.0,5713.0,5810.0,3252586,KBS
2021-05-10 07:00:00,5810.0,5810.0,5616.0,5810.0,3187183,KBS
2021-05-11 07:00:00,5810.0,5906.0,5713.0,5810.0,2827311,KBS
2021-05-12 07:00:00,5810.0,6003.0,5713.0,6003.0,2732628,KBS
2021-05-13 07:00:00,6003.0,6003.0,5810.0,5810.0,2174654,KBS
2021-05-14 07:00:00,5810.0,5906.0,5713.0,5810.0,2699235,KBS
2021-05-17 07:00:00,5810.0,5810.0,5713.0,5810.0,2613037,KBS
2021-05-18 07:00:00,5810.0,5810.0,5616.0,5616.0,2639110,KBS
2021-05-19 07:00:00,5616.0,6100.0,5616.0,6100.0,7460679,KBS
2021-05-20 07:00:00,6487.0,6681.0,6197.0,6294.0,10383475,KBS
2021-05-21 07:00:00,6390.0,6390.0,6197.0,6197.0,4598932,KBS
2021-05-24 07:00:00,6197.0,6584.0,6197.0,6487.0,5753944,KBS
2021-05-25 07:00:00,6487.0,6487.0,6294.0,6390.0,2544167,KBS
2021-05-26 07:00:00,6390.0,6875.0,6294.0,6584.0,8027053,KBS
2021-05-27 07:00:00,6584.0,6681.0,6390.0,6390.0,2717825,KBS
2021-05-28 07:00:00,6390.0,6584.0,6390.0,6487.0,3090211,KBS
2021-05-31 07:00:00,6487.0,6584.0,6294.0,6294.0,4084643,KBS
2021-06-01 07:00:00,6390.0,6875.0,6197.0,6875.0,17084705,KBS
2021-06-02 07:00:00,6971.0,7262.0,6875.0,6971.0,5681758,KBS
2021-06-03 07:00:00,7068.0,7165.0,6971.0,7068.0,3900799,KBS
2021-06-04 07:00:00,7068.0,7165.0,6778.0,6971.0,8425378,KBS
2021-06-07 07:00:00,6971.0,7456.0,6875.0,7262.0,13775318,KBS
2021-06-08 07:00:00,7262.0,7456.0,6584.0,6778.0,6807398,KBS
2021-06-09 07:00:00,6681.0,6971.0,6584.0,6875.0,5462559,KBS
2021-06-10 07:00:00,6875.0,7068.0,6681.0,6875.0,5472733,KBS
2021-06-11 07:00:00,6971.0,7552.0,6875.0,7552.0,15449972,KBS
2021-06-14 07:00:00,7746.0,8133.0,7746.0,7940.0,8540985,KBS
2021-06-15 07:00:00,7843.0,8037.0,7165.0,7843.0,3907138,KBS
2021-06-16 07:00:00,7649.0,8230.0,7552.0,8133.0,7971394,KBS
2021-06-17 07:00:00,8133.0,8133.0,7940.0,8133.0,3040906,KBS
2021-06-18 07:00:00,8133.0,8327.0,8037.0,8230.0,4546940,KBS
2021-06-21 07:00:00,8230.0,8908.0,8230.0,8617.0,6958257,KBS
2021-06-22 07:00:00,8617.0,8811.0,8037.0,8133.0,10726524,KBS
2021-06-23 07:00:00,8133.0,8230.0,7843.0,8133.0,4594364,KBS
2021-06-24 07:00:00,8133.0,8327.0,8037.0,8133.0,2980092,KBS
2021-06-25 07:00:00,8133.0,8133.0,7940.0,8037.0,2087811,KBS
2021-06-28 07:00:00,8037.0,8230.0,7940.0,8037.0,2960219,KBS
2021-06-29 07:00:00,8037.0,8037.0,7746.0,7843.0,3305980,KBS
2021-06-30 07:00:00,7843.0,7843.0,7552.0,7649.0,3647139,KBS
2021-07-01 07:00:00,7649.0,8327.0,7359.0,8230.0,7218904,KBS
2021-07-02 07:00:00,8230.0,8327.0,8037.0,8037.0,3324493,KBS
2021-07-05 07:00:00,8037.0,8133.0,7649.0,7843.0,2813083,KBS
2021-07-06 07:00:00,7843.0,7843.0,7359.0,7359.0,4171998,KBS
2021-07-07 07:00:00,7456.0,7649.0,7165.0,7456.0,3018051,KBS
2021-07-08 07:00:00,7359.0,7456.0,7068.0,7262.0,3202625,KBS
2021-07-09 07:00:00,7165.0,7359.0,6971.0,7068.0,2840338,KBS
2021-07-12 07:00:00,7068.0,7068.0,6390.0,6487.0,8464024,KBS
2021-07-13 07:00:00,6487.0,6875.0,6390.0,6778.0,3501283,KBS
2021-07-14 07:00:00,6778.0,7068.0,6584.0,6778.0,2774610,KBS
2021-07-15 07:00:00,6778.0,7262.0,6681.0,7262.0,2908192,KBS
2021-07-16 07:00:00,7262.0,7359.0,7068.0,7359.0,3006380,KBS
2021-07-19 07:00:00,7262.0,7262.0,6875.0,7165.0,4203959,KBS
2021-07-20 07:00:00,6971.0,7262.0,6971.0,7262.0,939770,KBS
2021-07-21 07:00:00,7262.0,7359.0,7068.0,7068.0,683560,KBS
2021-07-22 07:00:00,7068.0,7746.0,6971.0,7552.0,8591442,KBS
2021-07-23 07:00:00,7649.0,7746.0,7552.0,7552.0,2882446,KBS
2021-07-26 07:00:00,7552.0,7940.0,7359.0,7843.0,4041131,KBS
2021-07-27 07:00:00,7940.0,8133.0,7843.0,7843.0,3702591,KBS
2021-07-28 07:00:00,7843.0,8037.0,7843.0,8037.0,3924331,KBS
2021-07-29 07:00:00,7940.0,8327.0,7940.0,8133.0,3471063,KBS
2021-07-30 07:00:00,8133.0,8230.0,7940.0,8133.0,3014644,KBS
2021-08-02 07:00:00,8133.0,8133.0,7746.0,7843.0,3535986,KBS
2021-08-03 07:00:00,7843.0,7940.0,7746.0,7746.0,2350743,KBS
2021-08-04 07:00:00,7746.0,7940.0,7649.0,7746.0,1378649,KBS
2021-08-05 07:00:00,7746.0,8133.0,7746.0,8037.0,1747171,KBS
2021-08-06 07:00:00,8037.0,8230.0,7940.0,8037.0,4338753,KBS
2021-08-09 07:00:00,8037.0,8521.0,8037.0,8521.0,6395689,KBS
2021-08-10 07:00:00,8521.0,8617.0,8327.0,8521.0,2696716,KBS
2021-08-11 07:00:00,8521.0,8521.0,8327.0,8327.0,3112904,KBS
2021-08-12 07:00:00,8327.0,9102.0,8230.0,8811.0,9149691,KBS
2021-08-13 07:00:00,8908.0,9005.0,8617.0,8908.0,4278436,KBS
2021-08-16 07:00:00,8908.0,9102.0,8811.0,9005.0,2686406,KBS
2021-08-17 07:00:00,9005.0,9005.0,8714.0,8811.0,3619362,KBS
2021-08-18 07:00:00,8714.0,8908.0,8617.0,8714.0,2482678,KBS
2021-08-19 07:00:00,8617.0,8811.0,8617.0,8617.0,3079120,KBS
2021-08-20 07:00:00,8617.0,9102.0,8230.0,8424.0,9013992,KBS
2021-08-23 07:00:00,8424.0,8617.0,8327.0,8327.0,3317056,KBS
2021-08-24 07:00:00,8327.0,8424.0,8133.0,8327.0,2606764,KBS
2021-08-25 07:00:00,8230.0,8327.0,7843.0,8230.0,2027896,KBS
2021-08-26 07:00:00,8327.0,8424.0,8133.0,8230.0,1620693,KBS
2021-08-27 07:00:00,8327.0,8521.0,8037.0,8521.0,1745696,KBS
2021-08-30 07:00:00,8617.0,9198.0,8521.0,8908.0,11638280,KBS
2021-08-31 07:00:00,8908.0,9102.0,8714.0,8714.0,3686551,KBS
2021-09-01 07:00:00,8714.0,9005.0,8714.0,8908.0,2818795,KBS
2021-09-06 07:00:00,8908.0,9392.0,8908.0,9005.0,8144698,KBS
2021-09-07 07:00:00,9102.0,9102.0,8714.0,8714.0,3854980,KBS
2021-09-08 07:00:00,8714.0,8811.0,8521.0,8617.0,4016057,KBS
2021-09-09 07:00:00,8521.0,8714.0,8133.0,8714.0,2950104,KBS
2021-09-10 07:00:00,8714.0,8811.0,8521.0,8521.0,2609741,KBS
2021-09-13 07:00:00,8521.0,8617.0,8230.0,8327.0,3758058,KBS
2021-09-14 07:00:00,8230.0,8424.0,8230.0,8327.0,2940780,KBS
2021-09-15 07:00:00,8327.0,9102.0,8327.0,9102.0,9648962,KBS
2021-09-16 07:00:00,9102.0,9586.0,9102.0,9198.0,14393986,KBS
2021-09-17 07:00:00,9198.0,9198.0,8908.0,8908.0,2145949,KBS
2021-09-20 07:00:00,8908.0,9102.0,8811.0,8908.0,5195032,KBS
2021-09-21 07:00:00,8908.0,9392.0,8714.0,9295.0,7798334,KBS
2021-09-22 07:00:00,9392.0,10167.0,9102.0,10167.0,9267776,KBS
2021-09-23 07:00:00,10167.0,10651.0,9586.0,9779.0,6080509,KBS
2021-09-24 07:00:00,9683.0,10070.0,9586.0,9876.0,3167172,KBS
2021-09-27 07:00:00,9876.0,10070.0,9295.0,9392.0,4900673,KBS
2021-09-28 07:00:00,9392.0,9779.0,9295.0,9779.0,2403427,KBS
2021-09-29 07:00:00,9779.0,10263.0,9586.0,9973.0,2784861,KBS
2021-09-30 07:00:00,10070.0,10167.0,9876.0,10070.0,1502165,KBS
2021-10-01 07:00:00,10070.0,10070.0,9876.0,10070.0,1447075,KBS
2021-10-04 07:00:00,10070.0,10263.0,9973.0,10263.0,2824061,KBS
2021-10-05 07:00:00,10263.0,10360.0,9973.0,10070.0,2638218,KBS
2021-10-06 07:00:00,10167.0,10167.0,9973.0,10167.0,2022275,KBS
2021-10-07 07:00:00,10263.0,10360.0,10070.0,10360.0,2282674,KBS
2021-10-08 07:00:00,10360.0,10360.0,10070.0,10263.0,1610198,KBS
2021-10-11 07:00:00,10263.0,10360.0,10070.0,10070.0,1520448,KBS
2021-10-12 07:00:00,10070.0,10070.0,9779.0,9973.0,3042199,KBS
2021-10-13 07:00:00,9973.0,10070.0,9876.0,9973.0,2126082,KBS
2021-10-14 07:00:00,9973.0,10167.0,9876.0,9973.0,1995763,KBS
2021-10-15 07:00:00,10070.0,10070.0,9876.0,9973.0,1430716,KBS
2021-10-18 07:00:00,10070.0,10070.0,9779.0,9779.0,1530518,KBS
2021-10-19 07:00:00,9683.0,10457.0,9683.0,10167.0,3517325,KBS
2021-10-20 07:00:00,10167.0,10360.0,9973.0,10167.0,1933649,KBS
2021-10-21 07:00:00,10167.0,10263.0,10070.0,10167.0,1526100,KBS
2021-10-22 07:00:00,10167.0,10844.0,10070.0,10748.0,5403483,KBS
2021-10-25 07:00:00,10941.0,11425.0,10748.0,11135.0,5973552,KBS
2021-10-26 07:00:00,11135.0,11329.0,10941.0,11135.0,1699216,KBS
2021-10-27 07:00:00,11135.0,11329.0,11038.0,11135.0,3132283,KBS
2021-10-28 07:00:00,11135.0,12200.0,10941.0,12200.0,8361235,KBS
2021-10-29 07:00:00,12200.0,12975.0,12200.0,12587.0,5782845,KBS
2021-11-01 07:00:00,12587.0,13265.0,12297.0,12394.0,2829994,KBS
2021-11-02 07:00:00,12394.0,13071.0,12200.0,12878.0,3376980,KBS
2021-11-03 07:00:00,13071.0,13071.0,12006.0,12006.0,4170118,KBS
2021-11-04 07:00:00,12006.0,12781.0,11813.0,12490.0,1985221,KBS
2021-11-05 07:00:00,12490.0,12878.0,12297.0,12490.0,1185770,KBS
2021-11-08 07:00:00,12490.0,13071.0,12490.0,12878.0,2445692,KBS
2021-11-09 07:00:00,12975.0,13071.0,12684.0,13071.0,1933629,KBS
2021-11-10 07:00:00,13071.0,13556.0,12975.0,13362.0,1684625,KBS
2021-11-11 07:00:00,13459.0,13459.0,13071.0,13168.0,2032109,KBS
2021-11-12 07:00:00,13459.0,13943.0,13168.0,13749.0,2932055,KBS
2021-11-15 07:00:00,13749.0,15105.0,13556.0,14814.0,4667405,KBS
2021-11-16 07:00:00,14814.0,15105.0,14040.0,14233.0,3287692,KBS
2021-11-17 07:00:00,14233.0,14524.0,14040.0,14427.0,1849811,KBS
2021-11-18 07:00:00,14427.0,14814.0,14330.0,14621.0,2544656,KBS
2021-11-19 07:00:00,14621.0,15686.0,14137.0,14814.0,4626021,KBS
2021-11-22 07:00:00,14814.0,15298.0,13362.0,13652.0,4362886,KBS
2021-11-23 07:00:00,13556.0,14427.0,13168.0,14330.0,2457705,KBS
2021-11-24 07:00:00,14524.0,14524.0,14137.0,14427.0,3121046,KBS
2021-11-25 07:00:00,14427.0,15008.0,14330.0,14814.0,2961320,KBS
2021-11-26 07:00:00,14814.0,15008.0,14427.0,14427.0,2028638,KBS
2021-11-29 07:00:00,14427.0,14717.0,13556.0,14717.0,1947465,KBS
2021-11-30 07:00:00,14717.0,16170.0,14717.0,16170.0,8231754,KBS
2021-12-01 07:00:00,17138.0,17719.0,16363.0,17719.0,3963525,KBS
2021-12-02 07:00:00,19462.0,19462.0,17816.0,18397.0,6583409,KBS
2021-12-03 07:00:00,18300.0,18494.0,16557.0,16944.0,7381672,KBS
2021-12-06 07:00:00,16654.0,17429.0,16073.0,16460.0,3129563,KBS
2021-12-07 07:00:00,16557.0,18106.0,16557.0,18106.0,2537729,KBS
2021-12-08 07:00:00,18397.0,19171.0,17913.0,17913.0,1788004,KBS
2021-12-09 07:00:00,17913.0,18494.0,17429.0,18203.0,2108620,KBS
2021-12-10 07:00:00,18784.0,19946.0,17525.0,17719.0,2138917,KBS
2021-12-13 07:00:00,17816.0,18300.0,17622.0,18010.0,1385727,KBS
2021-12-14 07:00:00,18106.0,18397.0,17913.0,18106.0,2627094,KBS
2021-12-15 07:00:00,18203.0,19365.0,17816.0,19171.0,4516094,KBS
2021-12-16 07:00:00,19171.0,19752.0,18203.0,19075.0,2406472,KBS
2021-12-17 07:00:00,19075.0,19365.0,18397.0,18494.0,2301771,KBS
2021-12-20 07:00:00,18590.0,18784.0,18010.0,18203.0,2290067,KBS
2021-12-21 07:00:00,18203.0,18300.0,17622.0,17913.0,1966467,KBS
2021-12-22 07:00:00,18010.0,18590.0,17913.0,18010.0,1463275,KBS
2021-12-23 07:00:00,18010.0,18494.0,17622.0,18300.0,2380695,KBS
2021-12-24 07:00:00,18300.0,19171.0,18300.0,18397.0,2485857,KBS
2021-12-27 07:00:00,18687.0,19365.0,18687.0,18978.0,3712406,KBS
2021-12-28 07:00:00,18978.0,20817.0,18978.0,20043.0,5588554,KBS
2021-12-29 07:00:00,20333.0,20333.0,19559.0,19656.0,2291511,KBS
2021-12-30 07:00:00,19656.0,20817.0,19462.0,19849.0,2094084,KBS
2021-12-31 07:00:00,19752.0,20140.0,18881.0,20140.0,2754450,KBS
2022-01-04 07:00:00,20140.0,20817.0,19849.0,20333.0,2167408,KBS
2022-01-05 07:00:00,20333.0,20333.0,19849.0,19946.0,1951693,KBS
2022-01-06 07:00:00,20043.0,21302.0,19752.0,20817.0,3092805,KBS
2022-01-07 07:00:00,20817.0,21302.0,20430.0,21011.0,2188037,KBS
2022-01-10 07:00:00,21108.0,21302.0,19946.0,19946.0,2855134,KBS
2022-01-11 07:00:00,20043.0,20817.0,19365.0,19946.0,2517578,KBS
2022-01-12 07:00:00,19946.0,20043.0,18010.0,18881.0,3969638,KBS
2022-01-13 07:00:00,19075.0,19365.0,17525.0,18397.0,2712116,KBS
2022-01-14 07:00:00,18106.0,19365.0,17138.0,18784.0,1751529,KBS
2022-01-17 07:00:00,18784.0,19656.0,17525.0,18300.0,2657690,KBS
2022-01-18 07:00:00,17913.0,18784.0,17525.0,18590.0,1415134,KBS
2022-01-19 07:00:00,18494.0,19075.0,16751.0,18784.0,1195008,KBS
2022-01-20 07:00:00,18784.0,19559.0,18397.0,19462.0,1748588,KBS
2022-01-21 07:00:00,19462.0,20043.0,19075.0,19462.0,1165302,KBS
2022-01-24 07:00:00,19365.0,20430.0,18978.0,19752.0,3034779,KBS
2022-01-25 07:00:00,19752.0,20333.0,19365.0,20043.0,1136165,KBS
2022-01-26 07:00:00,20043.0,21302.0,19946.0,20527.0,2586052,KBS
2022-01-27 07:00:00,20527.0,20914.0,20237.0,20624.0,1139356,KBS
2022-01-28 07:00:00,20624.0,21011.0,19752.0,20817.0,2027857,KBS
2022-02-07 07:00:00,20817.0,21883.0,20817.0,21689.0,3013200,KBS
2022-02-08 07:00:00,22270.0,22560.0,21398.0,22367.0,2424864,KBS
2022-02-09 07:00:00,22754.0,23238.0,21786.0,22173.0,3437324,KBS
2022-02-10 07:00:00,21883.0,22560.0,21883.0,22270.0,1471474,KBS
2022-02-11 07:00:00,22173.0,22851.0,21979.0,22754.0,1339949,KBS
2022-02-14 07:00:00,22754.0,22754.0,21883.0,22270.0,1679970,KBS
2022-02-15 07:00:00,22270.0,22560.0,21883.0,22173.0,1629306,KBS
2022-02-16 07:00:00,22173.0,22463.0,22076.0,22367.0,1191067,KBS
2022-02-17 07:00:00,22463.0,22657.0,22173.0,22463.0,1042816,KBS
2022-02-18 07:00:00,22367.0,22657.0,22076.0,22463.0,1606537,KBS
2022-02-21 07:00:00,22463.0,24110.0,22367.0,24110.0,3373460,KBS
2022-02-22 07:00:00,24110.0,24981.0,23432.0,24303.0,2985286,KBS
2022-02-23 07:00:00,24690.0,26724.0,24594.0,26724.0,4905863,KBS
2022-02-24 07:00:00,26724.0,28563.0,25175.0,28370.0,6962738,KBS
2022-02-25 07:00:00,28370.0,30694.0,27886.0,29725.0,3159391,KBS
2022-02-28 07:00:00,29725.0,30984.0,29241.0,30210.0,3084858,KBS
2022-03-01 07:00:00,30210.0,30306.0,27208.0,27595.0,6834833,KBS
2022-03-02 07:00:00,27208.0,28467.0,26821.0,27983.0,2481021,KBS
2022-03-03 07:00:00,27983.0,29919.0,27983.0,29532.0,2042041,KBS
2022-03-04 07:00:00,29532.0,30887.0,29338.0,30694.0,2572841,KBS
2022-03-07 07:00:00,30790.0,32921.0,30016.0,32921.0,3050773,KBS
2022-03-08 07:00:00,33017.0,36213.0,32437.0,34663.0,4739999,KBS
2022-03-09 07:00:00,34760.0,35825.0,33308.0,34663.0,3140747,KBS
2022-03-10 07:00:00,35051.0,37762.0,33889.0,34373.0,2644818,KBS
2022-03-11 07:00:00,34373.0,35825.0,33017.0,35729.0,3465422,KBS
2022-03-14 07:00:00,35729.0,39214.0,35729.0,39021.0,6904956,KBS
2022-03-15 07:00:00,39698.0,42894.0,39021.0,42797.0,6619284,KBS
2022-03-16 07:00:00,43087.0,46767.0,42797.0,45024.0,5132833,KBS
2022-03-17 07:00:00,45024.0,45508.0,41054.0,41151.0,7589373,KBS
2022-03-18 07:00:00,40957.0,45217.0,39311.0,45217.0,5403418,KBS
2022-03-21 07:00:00,45508.0,49671.0,45508.0,49671.0,3775536,KBS
2022-03-22 07:00:00,50833.0,52092.0,47444.0,48219.0,6117316,KBS
2022-03-23 07:00:00,47929.0,48413.0,43475.0,43475.0,13693488,KBS
2022-03-24 07:00:00,40667.0,42216.0,39214.0,39214.0,10148455,KBS
2022-03-25 07:00:00,37762.0,42797.0,35922.0,42797.0,7382992,KBS
2022-03-28 07:00:00,42797.0,43087.0,38924.0,40570.0,4082167,KBS
2022-03-29 07:00:00,40376.0,42797.0,39698.0,41538.0,4449646,KBS
2022-03-30 07:00:00,40183.0,41344.0,37471.0,37471.0,9140145,KBS
2022-03-31 07:00:00,37471.0,37471.0,33792.0,33792.0,7628064,KBS
2022-04-01 07:00:00,30984.0,35729.0,30500.0,34663.0,8901687,KBS
2022-04-04 07:00:00,34760.0,37181.0,34663.0,36794.0,3048825,KBS
2022-04-05 07:00:00,36600.0,36794.0,34276.0,34663.0,3080037,KBS
2022-04-06 07:00:00,33695.0,33695.0,31275.0,31275.0,7851446,KBS
2022-04-07 07:00:00,31081.0,32533.0,30113.0,31468.0,3491873,KBS
2022-04-08 07:00:00,31952.0,33502.0,31952.0,32437.0,3469173,KBS
2022-04-12 07:00:00,32437.0,33502.0,31371.0,31371.0,3150084,KBS
2022-04-13 07:00:00,31178.0,31952.0,29048.0,30984.0,3092022,KBS
2022-04-14 07:00:00,30984.0,31856.0,30694.0,30984.0,1805048,KBS
2022-04-15 07:00:00,31468.0,31856.0,29435.0,30016.0,2291284,KBS
2022-04-18 07:00:00,29919.0,30306.0,27014.0,27014.0,5453445,KBS
2022-04-19 07:00:00,27014.0,28079.0,24981.0,25659.0,4003894,KBS
2022-04-20 07:00:00,25659.0,26143.0,23141.0,24013.0,4303003,KBS
2022-04-21 07:00:00,23335.0,26337.0,21689.0,26143.0,7571796,KBS
2022-04-22 07:00:00,26143.0,27402.0,24206.0,25368.0,3802888,KBS
2022-04-25 07:00:00,25368.0,25949.0,23722.0,24206.0,3099676,KBS
2022-04-26 07:00:00,23238.0,25465.0,22270.0,25175.0,2486089,KBS
2022-04-27 07:00:00,25368.0,27692.0,24690.0,27692.0,4114568,KBS
2022-04-28 07:00:00,28563.0,30016.0,27886.0,29048.0,4702412,KBS
2022-04-29 07:00:00,28951.0,30984.0,28079.0,29144.0,3461027,KBS
2022-05-04 07:00:00,29338.0,30016.0,27886.0,27886.0,3600594,KBS
2022-05-05 07:00:00,28079.0,28757.0,25659.0,27305.0,4120404,KBS
2022-05-06 07:00:00,27111.0,27305.0,24594.0,24594.0,3506012,KBS
2022-05-09 07:00:00,24594.0,24594.0,22173.0,22173.0,3892111,KBS
2022-05-10 07:00:00,20043.0,23044.0,20043.0,22076.0,2665545,KBS
2022-05-11 07:00:00,22270.0,22948.0,21883.0,22560.0,2267453,KBS
2022-05-12 07:00:00,22754.0,22754.0,20333.0,20624.0,2635210,KBS
2022-05-13 07:00:00,21592.0,22657.0,18881.0,20624.0,3938543,KBS
2022-05-16 07:00:00,18590.0,22173.0,18590.0,20624.0,1500411,KBS
2022-05-17 07:00:00,20624.0,22657.0,20140.0,22657.0,2880268,KBS
2022-05-18 07:00:00,23529.0,23722.0,22367.0,23044.0,2229897,KBS
2022-05-19 07:00:00,22560.0,23141.0,21108.0,22851.0,1981356,KBS
2022-05-20 07:00:00,22754.0,25078.0,22463.0,25078.0,3900348,KBS
2022-05-23 07:00:00,26143.0,27498.0,25175.0,26240.0,5315928,KBS
2022-05-24 07:00:00,26240.0,26724.0,24690.0,26627.0,2842456,KBS
2022-05-25 07:00:00,27111.0,28854.0,26724.0,28273.0,3597329,KBS
2022-05-26 07:00:00,28273.0,28467.0,27111.0,27305.0,2507571,KBS
2022-05-27 07:00:00,27305.0,28370.0,27111.0,27595.0,2463304,KBS
2022-05-30 07:00:00,27595.0,30306.0,27305.0,30210.0,5465656,KBS
2022-05-31 07:00:00,30984.0,31178.0,29241.0,30016.0,4078115,KBS
2022-06-01 07:00:00,29338.0,30210.0,28854.0,29532.0,2639597,KBS
2022-06-02 07:00:00,29532.0,31952.0,29144.0,31565.0,7206652,KBS
2022-06-03 07:00:00,31952.0,31952.0,30113.0,30597.0,3602396,KBS
2022-06-06 07:00:00,30500.0,31759.0,29725.0,29725.0,3559961,KBS
2022-06-07 07:00:00,29725.0,30403.0,27305.0,29048.0,6992168,KBS
2022-06-08 07:00:00,29144.0,31468.0,29144.0,29725.0,4889565,KBS
2022-06-09 07:00:00,29725.0,30790.0,29532.0,30500.0,2581988,KBS
2022-06-10 07:00:00,30016.0,31565.0,29822.0,30016.0,5527939,KBS
2022-06-13 07:00:00,29048.0,29532.0,27014.0,27014.0,5915786,KBS
2022-06-14 07:00:00,27014.0,27014.0,24690.0,25465.0,4805422,KBS
2022-06-15 07:00:00,25175.0,26240.0,22948.0,23044.0,5467166,KBS
2022-06-16 07:00:00,23238.0,25271.0,23238.0,24981.0,3403028,KBS
2022-06-17 07:00:00,24787.0,24787.0,22657.0,23335.0,3970370,KBS
2022-06-20 07:00:00,23432.0,24497.0,21302.0,21398.0,3250416,KBS
2022-06-21 07:00:00,21398.0,23529.0,20914.0,22754.0,5158252,KBS
2022-06-22 07:00:00,22754.0,24497.0,22754.0,23916.0,2511650,KBS
2022-06-23 07:00:00,23916.0,24884.0,23335.0,24884.0,2135826,KBS
2022-06-24 07:00:00,25175.0,25465.0,24110.0,24303.0,3420699,KBS
2022-06-27 07:00:00,24303.0,26337.0,24303.0,26337.0,3108893,KBS
2022-06-28 07:00:00,26337.0,27498.0,25949.0,26821.0,2488277,KBS
2022-06-29 07:00:00,26821.0,27111.0,26046.0,26143.0,2868196,KBS
2022-06-30 07:00:00,26143.0,26337.0,24206.0,24206.0,3982740,KBS
2022-07-01 07:00:00,24013.0,26627.0,23625.0,25949.0,3469675,KBS
2022-07-04 07:00:00,26143.0,27402.0,25949.0,26337.0,2571040,KBS
2022-07-05 07:00:00,26240.0,26627.0,25659.0,25756.0,2626887,KBS
2022-07-06 07:00:00,25562.0,25562.0,23625.0,23625.0,4044398,KBS
2022-07-07 07:00:00,23432.0,24400.0,23044.0,24110.0,2156464,KBS
2022-07-08 07:00:00,24303.0,25949.0,24303.0,24981.0,1718480,KBS
2022-07-11 07:00:00,24884.0,26337.0,24690.0,25852.0,3778417,KBS
2022-07-12 07:00:00,25852.0,26821.0,25659.0,26530.0,2823840,KBS
2022-07-13 07:00:00,26143.0,27014.0,23916.0,26240.0,2737251,KBS
2022-07-14 07:00:00,26240.0,28273.0,25659.0,27692.0,4552195,KBS
2022-07-15 07:00:00,28079.0,28563.0,27111.0,27111.0,2654898,KBS
2022-07-18 07:00:00,27208.0,27595.0,26143.0,26337.0,3242291,KBS
2022-07-19 07:00:00,26337.0,27402.0,25949.0,27305.0,4605261,KBS
2022-07-20 07:00:00,27595.0,29435.0,27595.0,28757.0,6886831,KBS
2022-07-21 07:00:00,28757.0,28854.0,27983.0,27983.0,3073176,KBS
2022-07-22 07:00:00,28079.0,28370.0,27595.0,27595.0,2761939,KBS
2022-07-25 07:00:00,27498.0,28563.0,27208.0,28176.0,3589855,KBS
2022-07-26 07:00:00,28273.0,28757.0,27789.0,27789.0,2679847,KBS
2022-07-27 07:00:00,27692.0,29241.0,27111.0,28854.0,4508987,KBS
2022-07-28 07:00:00,29338.0,30500.0,29048.0,29048.0,7110027,KBS
2022-07-29 07:00:00,29048.0,29725.0,28563.0,28660.0,4769544,KBS
2022-08-01 07:00:00,28370.0,29629.0,28176.0,29435.0,3596891,KBS
2022-08-02 07:00:00,29435.0,30016.0,29048.0,29048.0,4485760,KBS
2022-08-03 07:00:00,29048.0,30210.0,28467.0,29144.0,4766130,KBS
2022-08-04 07:00:00,29144.0,29725.0,28660.0,28660.0,4090128,KBS
2022-08-05 07:00:00,28660.0,29435.0,27789.0,29338.0,3012922,KBS
2022-08-08 07:00:00,29435.0,30984.0,29338.0,30210.0,6481819,KBS
2022-08-09 07:00:00,30210.0,30500.0,29629.0,29822.0,3481093,KBS
2022-08-10 07:00:00,29822.0,30403.0,29532.0,29822.0,3576093,KBS
2022-08-11 07:00:00,30403.0,30500.0,28079.0,28176.0,10326478,KBS
2022-08-12 07:00:00,27886.0,28951.0,27595.0,28757.0,2936047,KBS
2022-08-15 07:00:00,29048.0,29048.0,28370.0,28370.0,2639762,KBS
2022-08-16 07:00:00,28370.0,28563.0,28079.0,28273.0,2952360,KBS
2022-08-17 07:00:00,28273.0,28854.0,27692.0,27692.0,4011967,KBS
2022-08-18 07:00:00,27692.0,27886.0,27305.0,27305.0,3045716,KBS
2022-08-19 07:00:00,27692.0,27692.0,27111.0,27402.0,3437587,KBS
2022-08-22 07:00:00,27402.0,28467.0,27111.0,28176.0,2996923,KBS
2022-08-23 07:00:00,28176.0,28370.0,27789.0,28370.0,1604422,KBS
2022-08-24 07:00:00,28370.0,28660.0,28273.0,28370.0,2336514,KBS
2022-08-25 07:00:00,28370.0,29629.0,28079.0,29241.0,5704396,KBS
2022-08-26 07:00:00,29338.0,29532.0,28079.0,28273.0,3056255,KBS
2022-08-29 07:00:00,28079.0,28079.0,26337.0,27886.0,5221505,KBS
2022-08-30 07:00:00,27886.0,28660.0,27498.0,27595.0,2640211,KBS
2022-08-31 07:00:00,27595.0,27983.0,27305.0,27692.0,1232858,KBS
2022-09-05 07:00:00,28079.0,28079.0,27595.0,27595.0,1186674,KBS
2022-09-06 07:00:00,27595.0,28079.0,27595.0,27789.0,1212953,KBS
2022-09-07 07:00:00,27789.0,27983.0,26530.0,26530.0,2952501,KBS
2022-09-08 07:00:00,26530.0,27014.0,25465.0,25465.0,3188158,KBS
2022-09-09 07:00:00,25659.0,26724.0,24787.0,26724.0,2875817,KBS
2022-09-12 07:00:00,26821.0,26821.0,25949.0,25949.0,1757033,KBS
2022-09-13 07:00:00,25949.0,26143.0,25175.0,25175.0,2237532,KBS
2022-09-14 07:00:00,24690.0,25562.0,24303.0,25271.0,2567376,KBS
2022-09-15 07:00:00,25271.0,25756.0,25271.0,25368.0,931838,KBS
2022-09-16 07:00:00,22851.0,25368.0,22851.0,24206.0,2873804,KBS
2022-09-19 07:00:00,24206.0,25175.0,24013.0,24690.0,3859254,KBS
2022-09-20 07:00:00,24690.0,25368.0,24690.0,25175.0,1485678,KBS
2022-09-21 07:00:00,24981.0,25465.0,24884.0,25078.0,1230065,KBS
2022-09-22 07:00:00,24787.0,25562.0,24206.0,25271.0,1326891,KBS
2022-09-23 07:00:00,25368.0,25949.0,25175.0,25271.0,1547407,KBS
2022-09-26 07:00:00,24690.0,25271.0,23238.0,23432.0,3178231,KBS
2022-09-27 07:00:00,23529.0,23916.0,23335.0,23819.0,1665659,KBS
2022-09-28 07:00:00,23722.0,23916.0,22754.0,22948.0,2167306,KBS
2022-09-29 07:00:00,23238.0,23625.0,20817.0,20817.0,2891293,KBS
2022-09-30 07:00:00,19849.0,22270.0,18784.0,21302.0,3433089,KBS
2022-10-03 07:00:00,21302.0,21495.0,19268.0,20817.0,2793627,KBS
2022-10-04 07:00:00,20817.0,21302.0,20430.0,20817.0,1634075,KBS
2022-10-05 07:00:00,21302.0,22173.0,21011.0,21786.0,1616227,KBS
2022-10-06 07:00:00,21786.0,21883.0,20333.0,20817.0,1746371,KBS
2022-10-07 07:00:00,20817.0,20817.0,18881.0,19365.0,3252300,KBS
2022-10-10 07:00:00,19365.0,20624.0,18881.0,20430.0,2355868,KBS
2022-10-11 07:00:00,20430.0,20430.0,18397.0,18397.0,2444030,KBS
2022-10-12 07:00:00,17429.0,19559.0,16944.0,18590.0,1808383,KBS
2022-10-13 07:00:00,18687.0,18881.0,18494.0,18494.0,894991,KBS
2022-10-14 07:00:00,18881.0,19171.0,18687.0,18784.0,1380621,KBS
2022-10-17 07:00:00,18687.0,18881.0,18203.0,18397.0,877040,KBS
2022-10-18 07:00:00,18494.0,20237.0,18397.0,20237.0,2864272,KBS
2022-10-19 07:00:00,20527.0,20914.0,19849.0,19849.0,1526885,KBS
2022-10-20 07:00:00,19849.0,20043.0,19075.0,19365.0,1750719,KBS
2022-10-21 07:00:00,19559.0,19559.0,17429.0,17429.0,3842899,KBS
2022-10-24 07:00:00,17429.0,17913.0,15686.0,15686.0,2526076,KBS
2022-10-25 07:00:00,14330.0,16267.0,14137.0,15589.0,6118614,KBS
2022-10-26 07:00:00,15492.0,15879.0,15105.0,15589.0,2526868,KBS
2022-10-27 07:00:00,14040.0,16654.0,14040.0,16654.0,2735817,KBS
2022-10-28 07:00:00,16654.0,17235.0,16170.0,16267.0,1678571,KBS
2022-10-31 07:00:00,16073.0,16460.0,15395.0,15976.0,1215089,KBS
2022-11-01 07:00:00,16267.0,17138.0,16073.0,16654.0,1734624,KBS
2022-11-02 07:00:00,16654.0,16944.0,16267.0,16557.0,743950,KBS
2022-11-03 07:00:00,16170.0,17041.0,16073.0,16267.0,1171710,KBS
2022-11-04 07:00:00,16170.0,16267.0,14717.0,15492.0,3123472,KBS
2022-11-07 07:00:00,15492.0,15492.0,13943.0,13943.0,3106834,KBS
2022-11-08 07:00:00,12587.0,13943.0,12587.0,13943.0,3253001,KBS
2022-11-09 07:00:00,13943.0,14524.0,12684.0,14233.0,813866,KBS
2022-11-10 07:00:00,13846.0,13846.0,12878.0,12878.0,2171624,KBS
2022-11-11 07:00:00,11619.0,13168.0,11619.0,12103.0,6207358,KBS
2022-11-14 07:00:00,10941.0,12103.0,10941.0,11619.0,4046453,KBS
2022-11-15 07:00:00,11038.0,11038.0,10457.0,10457.0,2169187,KBS
2022-11-16 07:00:00,9489.0,11425.0,9489.0,11425.0,4058704,KBS
2022-11-17 07:00:00,10554.0,12394.0,10554.0,12394.0,1547037,KBS
2022-11-18 07:00:00,11425.0,13071.0,11329.0,12490.0,1785806,KBS
2022-11-21 07:00:00,11329.0,13652.0,11329.0,13652.0,1633617,KBS
2022-11-22 07:00:00,13846.0,15008.0,13652.0,13749.0,1845128,KBS
2022-11-23 07:00:00,13652.0,14040.0,13168.0,13265.0,1194722,KBS
2022-11-24 07:00:00,13168.0,13556.0,12781.0,13362.0,713967,KBS
2022-11-25 07:00:00,12103.0,14330.0,12103.0,14330.0,958021,KBS
2022-11-28 07:00:00,14427.0,15686.0,14137.0,15686.0,1560124,KBS
2022-11-29 07:00:00,15879.0,16751.0,15008.0,15686.0,2219674,KBS
2022-11-30 07:00:00,14137.0,16073.0,14137.0,15492.0,1471015,KBS
2022-12-01 07:00:00,15492.0,16267.0,15202.0,15298.0,2346645,KBS
2022-12-02 07:00:00,15879.0,15879.0,14814.0,15686.0,2020015,KBS
2022-12-05 07:00:00,15783.0,17235.0,15783.0,17138.0,4342073,KBS
2022-12-06 07:00:00,17719.0,18784.0,17138.0,17138.0,7148831,KBS
2022-12-07 07:00:00,17138.0,18010.0,16460.0,16460.0,3641771,KBS
2022-12-08 07:00:00,16460.0,17429.0,16460.0,17332.0,2803156,KBS
2022-12-09 07:00:00,18106.0,18300.0,16654.0,18010.0,3647734,KBS
2022-12-12 07:00:00,19752.0,19752.0,16460.0,16460.0,3575628,KBS
2022-12-13 07:00:00,16944.0,16944.0,15105.0,16654.0,5709586,KBS
2022-12-14 07:00:00,17138.0,17332.0,16363.0,16363.0,4086278,KBS
2022-12-15 07:00:00,16363.0,16848.0,16073.0,16267.0,1803438,KBS
2022-12-16 07:00:00,16267.0,16944.0,15879.0,16944.0,2451488,KBS
2022-12-19 07:00:00,16944.0,17138.0,15492.0,15492.0,2391070,KBS
2022-12-20 07:00:00,15589.0,15783.0,13943.0,14137.0,4547756,KBS
2022-12-21 07:00:00,14330.0,14621.0,13071.0,14040.0,1794248,KBS
2022-12-22 07:00:00,12684.0,14330.0,12684.0,13943.0,1555007,KBS
2022-12-23 07:00:00,14040.0,14717.0,13943.0,14330.0,1610275,KBS
2022-12-26 07:00:00,14330.0,14621.0,13362.0,13362.0,1533224,KBS
2022-12-27 07:00:00,13362.0,14137.0,12975.0,14137.0,1040161,KBS
2022-12-28 07:00:00,14233.0,14330.0,13749.0,14040.0,580868,KBS
2022-12-29 07:00:00,13749.0,14427.0,13749.0,13749.0,711029,KBS
2022-12-30 07:00:00,13749.0,14040.0,13459.0,13652.0,1336842,KBS
2023-01-03 07:00:00,13749.0,15008.0,13556.0,15008.0,1985536,KBS
2023-01-04 07:00:00,15008.0,15395.0,14621.0,14621.0,1674324,KBS
2023-01-05 07:00:00,15008.0,15008.0,14233.0,14621.0,1314154,KBS
2023-01-06 07:00:00,14621.0,14814.0,14040.0,14040.0,1341558,KBS
2023-01-09 07:00:00,14524.0,14524.0,13846.0,13846.0,728317,KBS
2023-01-10 07:00:00,13846.0,14621.0,13652.0,14233.0,1064608,KBS
2023-01-11 07:00:00,14524.0,14621.0,14137.0,14137.0,756405,KBS
2023-01-12 07:00:00,14040.0,14330.0,14040.0,14040.0,462767,KBS
2023-01-13 07:00:00,14524.0,14814.0,14040.0,14233.0,1167107,KBS
2023-01-16 07:00:00,14233.0,14427.0,14040.0,14330.0,617834,KBS
2023-01-17 07:00:00,14330.0,15298.0,14330.0,15105.0,2109767,KBS
2023-01-18 07:00:00,15298.0,15686.0,15105.0,15395.0,1608630,KBS
2023-01-19 07:00:00,15492.0,15686.0,15105.0,15395.0,1175325,KBS
2023-01-27 07:00:00,15395.0,15879.0,15298.0,15492.0,2868775,KBS
2023-01-30 07:00:00,15202.0,16654.0,15202.0,16073.0,4859458,KBS
2023-01-31 07:00:00,16363.0,16460.0,15976.0,16267.0,2498117,KBS
2023-02-01 07:00:00,16460.0,16751.0,14911.0,14911.0,4703336,KBS
2023-02-02 07:00:00,14717.0,15395.0,14137.0,14330.0,2663963,KBS
2023-02-03 07:00:00,14427.0,15202.0,14330.0,14717.0,2156864,KBS
2023-02-06 07:00:00,15008.0,15008.0,14427.0,14621.0,981907,KBS
2023-02-07 07:00:00,14911.0,14911.0,13652.0,13749.0,1974759,KBS
2023-02-08 07:00:00,13749.0,14233.0,13265.0,13652.0,1552475,KBS
2023-02-09 07:00:00,13652.0,14137.0,13652.0,13846.0,920233,KBS
2023-02-10 07:00:00,13943.0,13943.0,13556.0,13652.0,727646,KBS
2023-02-13 07:00:00,13652.0,13652.0,12394.0,12975.0,2605977,KBS
2023-02-14 07:00:00,12975.0,13362.0,12975.0,12975.0,718009,KBS
2023-02-15 07:00:00,12975.0,13749.0,12975.0,13459.0,1198530,KBS
2023-02-16 07:00:00,14040.0,14040.0,13459.0,13652.0,672636,KBS
2023-02-17 07:00:00,13846.0,13943.0,13556.0,13652.0,1141824,KBS
2023-02-20 07:00:00,14040.0,14621.0,13749.0,14621.0,1483495,KBS
2023-02-21 07:00:00,14621.0,14911.0,14233.0,14330.0,1819754,KBS
2023-02-22 07:00:00,14233.0,14717.0,13943.0,14233.0,1953577,KBS
2023-02-23 07:00:00,13749.0,14330.0,13749.0,14330.0,1668903,KBS
2023-02-24 07:00:00,14330.0,14524.0,14040.0,14330.0,900803,KBS
2023-02-27 07:00:00,14330.0,14330.0,13749.0,13846.0,1185401,KBS
2023-02-28 07:00:00,13846.0,14233.0,13846.0,13943.0,776512,KBS
2023-03-01 07:00:00,13943.0,14330.0,13749.0,14330.0,1066005,KBS
2023-03-02 07:00:00,14524.0,15298.0,14524.0,15105.0,3272155,KBS
2023-03-03 07:00:00,15202.0,15686.0,15008.0,15008.0,1832205,KBS
2023-03-06 07:00:00,15105.0,15492.0,14814.0,14911.0,1734471,KBS
2023-03-07 07:00:00,15105.0,15105.0,14427.0,14524.0,1490500,KBS
2023-03-08 07:00:00,14524.0,15105.0,14330.0,15105.0,1091457,KBS
2023-03-09 07:00:00,15202.0,15395.0,15008.0,15008.0,1212990,KBS
2023-03-10 07:00:00,15105.0,15976.0,14911.0,15589.0,4281090,KBS
2023-03-13 07:00:00,15589.0,15976.0,15298.0,15492.0,1764687,KBS
2023-03-14 07:00:00,15783.0,15783.0,14330.0,14427.0,3447837,KBS
2023-03-15 07:00:00,14911.0,15395.0,14717.0,15298.0,1914731,KBS
2023-03-16 07:00:00,15298.0,15298.0,14717.0,14814.0,1083806,KBS
2023-03-17 07:00:00,15105.0,15202.0,14814.0,15202.0,2429754,KBS
2023-03-20 07:00:00,15202.0,15395.0,14814.0,14814.0,1272771,KBS
2023-03-21 07:00:00,15008.0,15008.0,14524.0,14911.0,918435,KBS
2023-03-22 07:00:00,15008.0,15105.0,14814.0,14911.0,1222863,KBS
2023-03-23 07:00:00,14814.0,14911.0,14621.0,14814.0,1058493,KBS
2023-03-24 07:00:00,14911.0,15202.0,14814.0,15008.0,1407178,KBS
2023-03-27 07:00:00,15105.0,15298.0,14911.0,15298.0,1256842,KBS
2023-03-28 07:00:00,13846.0,15492.0,13846.0,15008.0,1766521,KBS
2023-03-29 07:00:00,15105.0,15202.0,15008.0,15008.0,663005,KBS
2023-03-30 07:00:00,15008.0,15783.0,15008.0,15298.0,2680158,KBS
2023-03-31 07:00:00,15298.0,15395.0,15105.0,15395.0,1253855,KBS
2023-04-03 07:00:00,15589.0,15976.0,15492.0,15879.0,2700798,KBS
2023-04-04 07:00:00,15976.0,16170.0,15783.0,15783.0,2270854,KBS
2023-04-05 07:00:00,15783.0,16267.0,15686.0,16073.0,2289473,KBS
2023-04-06 07:00:00,16073.0,17235.0,16073.0,16363.0,6997335,KBS
2023-04-07 07:00:00,16460.0,16848.0,16363.0,16654.0,2404910,KBS
2023-04-10 07:00:00,15976.0,17041.0,15976.0,16073.0,3425105,KBS
2023-04-11 07:00:00,16073.0,16460.0,15686.0,16460.0,2397414,KBS
2023-04-12 07:00:00,16460.0,16654.0,16170.0,16170.0,1661721,KBS
2023-04-13 07:00:00,16363.0,16460.0,15879.0,15879.0,1622319,KBS
2023-04-14 07:00:00,15783.0,16073.0,15395.0,15395.0,3065673,KBS
2023-04-17 07:00:00,15395.0,15492.0,15105.0,15202.0,1101597,KBS
2023-04-18 07:00:00,15202.0,15686.0,15202.0,15686.0,1430135,KBS
2023-04-19 07:00:00,15686.0,15783.0,15298.0,15298.0,850558,KBS
2023-04-20 07:00:00,15298.0,15395.0,15202.0,15298.0,861518,KBS
2023-04-21 07:00:00,15202.0,15492.0,15008.0,15008.0,1193985,KBS
2023-04-24 07:00:00,15202.0,15202.0,14717.0,15008.0,1193922,KBS
2023-04-25 07:00:00,14911.0,15395.0,14911.0,14911.0,981168,KBS
2023-04-26 07:00:00,14911.0,15202.0,14814.0,15202.0,977275,KBS
2023-04-27 07:00:00,15202.0,15589.0,15202.0,15298.0,1535727,KBS
2023-04-28 07:00:00,15589.0,15686.0,15395.0,15589.0,872721,KBS
2023-05-04 07:00:00,15589.0,16267.0,15589.0,16170.0,2862128,KBS
2023-05-05 07:00:00,16170.0,16267.0,15879.0,15879.0,1506875,KBS
2023-05-08 07:00:00,15879.0,16557.0,15879.0,16460.0,2959240,KBS
2023-05-09 07:00:00,16460.0,16944.0,16363.0,16363.0,2178245,KBS
2023-05-10 07:00:00,16363.0,16654.0,16363.0,16363.0,1896051,KBS
2023-05-11 07:00:00,16557.0,16848.0,16363.0,16557.0,2101758,KBS
2023-05-12 07:00:00,16460.0,16944.0,16460.0,16654.0,2279380,KBS
2023-05-15 07:00:00,16848.0,17719.0,16654.0,17138.0,4475875,KBS
2023-05-16 07:00:00,16944.0,17235.0,16654.0,16848.0,3113676,KBS
2023-05-17 07:00:00,16944.0,17041.0,16267.0,16267.0,2449220,KBS
2023-05-18 07:00:00,16460.0,16460.0,16073.0,16170.0,1792641,KBS
2023-05-19 07:00:00,16170.0,16363.0,16073.0,16363.0,1395206,KBS
2023-05-22 07:00:00,16460.0,17041.0,16460.0,16944.0,2017171,KBS
2023-05-23 07:00:00,16944.0,17041.0,16363.0,16557.0,1921882,KBS
2023-05-24 07:00:00,16654.0,17041.0,16557.0,16751.0,2707375,KBS
2023-05-25 07:00:00,16751.0,17235.0,16557.0,17235.0,3555153,KBS
2023-05-26 07:00:00,17235.0,17622.0,17235.0,17332.0,1851386,KBS
2023-05-29 07:00:00,17525.0,17622.0,17332.0,17622.0,2479317,KBS
2023-05-30 07:00:00,17429.0,17719.0,17235.0,17622.0,2761629,KBS
2023-05-31 07:00:00,17622.0,18494.0,17622.0,17913.0,4464270,KBS
2023-06-01 07:00:00,17913.0,18010.0,17622.0,17816.0,2036765,KBS
2023-06-02 07:00:00,17719.0,18203.0,17622.0,17622.0,3519786,KBS
2023-06-05 07:00:00,17719.0,17816.0,17525.0,17719.0,2692318,KBS
2023-06-06 07:00:00,17719.0,18106.0,17429.0,17719.0,3336502,KBS
2023-06-07 07:00:00,17719.0,18010.0,17719.0,18010.0,3747639,KBS
2023-06-08 07:00:00,18010.0,18590.0,17719.0,17719.0,5985278,KBS
2023-06-09 07:00:00,17913.0,17913.0,17525.0,17816.0,2541321,KBS
2023-06-12 07:00:00,17913.0,18010.0,17622.0,17816.0,1912154,KBS
2023-06-13 07:00:00,17816.0,18203.0,17622.0,18010.0,3184642,KBS
2023-06-14 07:00:00,18010.0,18494.0,17816.0,17913.0,3584701,KBS
2023-06-15 07:00:00,17816.0,18010.0,17719.0,17719.0,1738341,KBS
2023-06-16 07:00:00,17719.0,18010.0,17429.0,17429.0,3435428,KBS
2023-06-19 07:00:00,17525.0,17622.0,17235.0,17429.0,2458984,KBS
2023-06-20 07:00:00,17429.0,17913.0,17235.0,17913.0,1671301,KBS
2023-06-21 07:00:00,18010.0,19656.0,17913.0,19462.0,10001987,KBS
2023-06-22 07:00:00,19559.0,19946.0,19268.0,19365.0,3453761,KBS
2023-06-23 07:00:00,19365.0,19656.0,18978.0,19365.0,4265090,KBS
2023-06-26 07:00:00,19365.0,19559.0,18494.0,18978.0,4952213,KBS
2023-06-27 07:00:00,18978.0,19559.0,18881.0,19075.0,4439608,KBS
2023-06-28 07:00:00,19268.0,19268.0,18881.0,18881.0,2309000,KBS
2023-06-29 07:00:00,18978.0,19656.0,18784.0,18784.0,4548721,KBS
2023-06-30 07:00:00,16944.0,18978.0,16944.0,18687.0,1670917,KBS
2023-07-03 07:00:00,19559.0,19559.0,18687.0,18687.0,1377351,KBS
2023-07-04 07:00:00,18687.0,18978.0,18687.0,18881.0,2197512,KBS
2023-07-05 07:00:00,19365.0,19365.0,18881.0,18978.0,2272200,KBS
2023-07-06 07:00:00,19075.0,19075.0,18010.0,18494.0,4277221,KBS
2023-07-07 07:00:00,18494.0,18784.0,18300.0,18687.0,1429012,KBS
2023-07-10 07:00:00,18784.0,19075.0,18784.0,18784.0,2879190,KBS
2023-07-11 07:00:00,18978.0,19752.0,18881.0,19462.0,7510163,KBS
2023-07-12 07:00:00,19462.0,19946.0,19171.0,19365.0,3066802,KBS
2023-07-13 07:00:00,19365.0,19656.0,19365.0,19462.0,2665221,KBS
2023-07-14 07:00:00,19946.0,20333.0,19462.0,19849.0,4670339,KBS
2023-07-17 07:00:00,19946.0,20527.0,19752.0,19946.0,4431750,KBS
2023-07-18 07:00:00,19946.0,20237.0,19849.0,19849.0,3297705,KBS
2023-07-19 07:00:00,19946.0,20043.0,19462.0,19462.0,2958145,KBS
2023-07-20 07:00:00,19462.0,19946.0,19365.0,19946.0,1807105,KBS
2023-07-21 07:00:00,19946.0,20237.0,19849.0,20140.0,2279210,KBS
2023-07-24 07:00:00,20140.0,20624.0,19946.0,20140.0,4055106,KBS
2023-07-25 07:00:00,20140.0,20333.0,19849.0,19849.0,2825018,KBS
2023-07-26 07:00:00,20624.0,20624.0,19559.0,19656.0,2834302,KBS
2023-07-27 07:00:00,20333.0,20333.0,19365.0,19559.0,3677802,KBS
2023-07-28 07:00:00,19656.0,20043.0,19559.0,19752.0,3288036,KBS
2023-07-31 07:00:00,20140.0,20527.0,19849.0,20430.0,5256680,KBS
2023-08-01 07:00:00,21302.0,22463.0,20527.0,22463.0,11674272,KBS
2023-08-02 07:00:00,22463.0,24400.0,22270.0,23529.0,5755275,KBS
2023-08-03 07:00:00,23529.0,23625.0,22657.0,23044.0,6377803,KBS
2023-08-04 07:00:00,23044.0,24110.0,23044.0,24013.0,4528425,KBS
2023-08-07 07:00:00,24206.0,24400.0,23529.0,23819.0,3639899,KBS
2023-08-08 07:00:00,23819.0,24690.0,23432.0,23722.0,3806563,KBS
2023-08-09 07:00:00,23722.0,24981.0,23722.0,24110.0,3812547,KBS
2023-08-10 07:00:00,24110.0,24690.0,23722.0,24013.0,2900319,KBS
2023-08-11 07:00:00,24206.0,24690.0,23819.0,24690.0,4141023,KBS
2023-08-14 07:00:00,24787.0,27014.0,24497.0,26530.0,4011970,KBS
2023-08-15 07:00:00,26530.0,27014.0,26046.0,26143.0,3067640,KBS
2023-08-16 07:00:00,26143.0,26627.0,25659.0,26143.0,3808035,KBS
2023-08-17 07:00:00,26143.0,26627.0,25659.0,25659.0,3977060,KBS
2023-08-18 07:00:00,25659.0,26821.0,23141.0,23141.0,12888090,KBS
2023-08-21 07:00:00,21495.0,24110.0,21495.0,23722.0,5569034,KBS
2023-08-22 07:00:00,24110.0,24303.0,22270.0,23625.0,5258694,KBS
2023-08-23 07:00:00,24013.0,24206.0,23141.0,23141.0,2157524,KBS
2023-08-24 07:00:00,23529.0,24400.0,22948.0,24110.0,5295942,KBS
2023-08-25 07:00:00,24690.0,24884.0,24110.0,24400.0,5322905,KBS
2023-08-28 07:00:00,24884.0,26240.0,24884.0,25949.0,7186448,KBS
2023-08-29 07:00:00,26143.0,26821.0,24787.0,24981.0,7772203,KBS
2023-08-30 07:00:00,24981.0,25465.0,24884.0,25465.0,5140476,KBS
2023-08-31 07:00:00,25465.0,25756.0,25175.0,25368.0,3826709,KBS
2023-09-05 07:00:00,25368.0,25949.0,25175.0,25465.0,4082574,KBS
2023-09-06 07:00:00,25756.0,27595.0,25465.0,27595.0,11538741,KBS
2023-09-07 07:00:00,27983.0,28079.0,26917.0,27014.0,5726265,KBS
2023-09-08 07:00:00,27014.0,27498.0,26821.0,27208.0,4276938,KBS
2023-09-11 07:00:00,27208.0,27595.0,26046.0,26046.0,5973662,KBS
2023-09-12 07:00:00,26627.0,26627.0,25756.0,26530.0,5723374,KBS
2023-09-13 07:00:00,26433.0,27498.0,25659.0,25949.0,10343353,KBS
2023-09-14 07:00:00,25949.0,26337.0,24400.0,24497.0,9155601,KBS
2023-09-15 07:00:00,24594.0,24981.0,24206.0,24497.0,3853001,KBS
2023-09-18 07:00:00,24690.0,24787.0,23819.0,23819.0,3642278,KBS
2023-09-19 07:00:00,24690.0,24690.0,23335.0,24013.0,3778675,KBS
2023-09-20 07:00:00,24206.0,24981.0,24013.0,24981.0,3088092,KBS
2023-09-21 07:00:00,25078.0,25078.0,24013.0,24110.0,4040961,KBS
2023-09-22 07:00:00,23916.0,23916.0,21786.0,22270.0,19241295,KBS
2023-09-25 07:00:00,22270.0,22463.0,20043.0,20043.0,6291504,KBS
2023-09-26 07:00:00,20043.0,21689.0,19559.0,20430.0,6768255,KBS
2023-09-27 07:00:00,20624.0,22463.0,20430.0,22463.0,7616963,KBS
2023-09-28 07:00:00,22754.0,22754.0,21495.0,22270.0,5570361,KBS
2023-09-29 07:00:00,22367.0,23722.0,21883.0,23722.0,7232901,KBS
2023-10-02 07:00:00,23722.0,23722.0,22851.0,23432.0,3937003,KBS
2023-10-03 07:00:00,23238.0,23238.0,21302.0,21398.0,7140400,KBS
2023-10-04 07:00:00,21302.0,22851.0,20817.0,22173.0,4979008,KBS
2023-10-05 07:00:00,22367.0,22560.0,21786.0,21786.0,2865444,KBS
2023-10-06 07:00:00,21786.0,22270.0,21302.0,22270.0,4815281,KBS
2023-10-09 07:00:00,22463.0,22657.0,22076.0,22560.0,2605065,KBS
2023-10-10 07:00:00,22754.0,23335.0,22270.0,22270.0,6026852,KBS
2023-10-11 07:00:00,22367.0,22560.0,21883.0,22367.0,4157582,KBS
2023-10-12 07:00:00,22657.0,23044.0,22270.0,22754.0,5072403,KBS
2023-10-13 07:00:00,22754.0,22948.0,21979.0,22754.0,3832390,KBS
2023-10-16 07:00:00,22948.0,23529.0,22560.0,23044.0,7855519,KBS
2023-10-17 07:00:00,23044.0,23432.0,21592.0,21592.0,4841183,KBS
2023-10-18 07:00:00,21689.0,21979.0,19559.0,21108.0,7713581,KBS
2023-10-19 07:00:00,21011.0,21108.0,19849.0,19849.0,4645454,KBS
2023-10-20 07:00:00,19656.0,20914.0,19656.0,20914.0,4831158,KBS
2023-10-23 07:00:00,21011.0,21495.0,20333.0,20527.0,2961419,KBS
2023-10-24 07:00:00,20430.0,20914.0,20333.0,20914.0,3162276,KBS
2023-10-25 07:00:00,21011.0,21205.0,20430.0,20430.0,2429276,KBS
2023-10-26 07:00:00,20333.0,20333.0,18397.0,18397.0,11036588,KBS
2023-10-27 07:00:00,18784.0,18978.0,17622.0,18494.0,3672012,KBS
2023-10-30 07:00:00,18590.0,18590.0,16944.0,16944.0,4073356,KBS
2023-10-31 07:00:00,16944.0,17332.0,15783.0,16073.0,6502439,KBS
2023-11-01 07:00:00,15298.0,16944.0,14524.0,16944.0,5661951,KBS
2023-11-02 07:00:00,17332.0,18300.0,17041.0,18106.0,10712002,KBS
2023-11-03 07:00:00,18300.0,18784.0,18010.0,18397.0,6761875,KBS
2023-11-06 07:00:00,18397.0,18881.0,17913.0,18300.0,3926366,KBS
2023-11-07 07:00:00,18494.0,18590.0,17429.0,17622.0,6692649,KBS
2023-11-08 07:00:00,16557.0,19268.0,16557.0,19268.0,5301520,KBS
2023-11-09 07:00:00,19268.0,20140.0,19075.0,19462.0,7765444,KBS
2023-11-10 07:00:00,19365.0,19946.0,18978.0,19075.0,6284286,KBS
2023-11-13 07:00:00,17235.0,19559.0,17235.0,18881.0,3748429,KBS
2023-11-14 07:00:00,18881.0,19656.0,18881.0,19268.0,4150029,KBS
2023-11-15 07:00:00,19656.0,20140.0,19365.0,19462.0,5700260,KBS
2023-11-16 07:00:00,19268.0,19946.0,19268.0,19849.0,3978473,KBS
2023-11-17 07:00:00,20043.0,20237.0,19171.0,19268.0,7683599,KBS
2023-11-20 07:00:00,19171.0,19559.0,18397.0,19268.0,3984882,KBS
2023-11-21 07:00:00,19462.0,20527.0,19365.0,20333.0,7854134,KBS
2023-11-22 07:00:00,19559.0,20527.0,19559.0,20430.0,4379878,KBS
2023-11-23 07:00:00,19849.0,20721.0,19365.0,19365.0,10379445,KBS
2023-11-24 07:00:00,19365.0,19462.0,18300.0,19365.0,7143193,KBS
2023-11-27 07:00:00,19365.0,19462.0,18590.0,18687.0,3117962,KBS
2023-11-28 07:00:00,18687.0,18881.0,18106.0,18687.0,5125679,KBS
2023-11-29 07:00:00,18106.0,18978.0,18106.0,18881.0,2490978,KBS
2023-11-30 07:00:00,18978.0,19365.0,18881.0,19268.0,4708136,KBS
2023-12-01 07:00:00,19268.0,19365.0,18590.0,18881.0,3821916,KBS
2023-12-04 07:00:00,19171.0,20043.0,19075.0,19849.0,10712842,KBS
2023-12-05 07:00:00,19462.0,20043.0,19462.0,19656.0,5604759,KBS
2023-12-06 07:00:00,19849.0,20817.0,19656.0,20624.0,10505666,KBS
2023-12-07 07:00:00,20817.0,20914.0,19559.0,20140.0,11060645,KBS
2023-12-08 07:00:00,20140.0,20624.0,19946.0,20237.0,7190525,KBS
2023-12-11 07:00:00,19849.0,20527.0,18300.0,20043.0,3855500,KBS
2023-12-12 07:00:00,20043.0,20430.0,19849.0,20237.0,4748158,KBS
2023-12-13 07:00:00,20043.0,20914.0,19849.0,19946.0,9574767,KBS
2023-12-14 07:00:00,20140.0,20237.0,18978.0,18978.0,9605208,KBS
2023-12-15 07:00:00,19268.0,19268.0,18784.0,18881.0,6975925,KBS
2023-12-18 07:00:00,18881.0,19075.0,18494.0,18494.0,4656724,KBS
2023-12-19 07:00:00,16944.0,18784.0,16944.0,18784.0,4188780,KBS
2023-12-20 07:00:00,18881.0,18978.0,18687.0,18784.0,2531174,KBS
2023-12-21 07:00:00,18784.0,18978.0,18590.0,18784.0,2733332,KBS
2023-12-22 07:00:00,18784.0,19075.0,18590.0,18784.0,2693855,KBS
2023-12-25 07:00:00,16944.0,19171.0,16944.0,19075.0,2749927,KBS
2023-12-26 07:00:00,17235.0,19268.0,17235.0,19075.0,2551319,KBS
2023-12-27 07:00:00,19171.0,19268.0,18881.0,18881.0,2811341,KBS
2023-12-28 07:00:00,19075.0,19075.0,18784.0,18881.0,2389496,KBS
2023-12-29 07:00:00,18978.0,20043.0,18978.0,19559.0,10614005,KBS
2024-01-02 07:00:00,19849.0,19849.0,19268.0,19365.0,3906333,KBS
2024-01-03 07:00:00,19365.0,20140.0,17719.0,19559.0,8061715,KBS
2024-01-04 07:00:00,19849.0,20430.0,19656.0,19656.0,11796161,KBS
2024-01-05 07:00:00,19656.0,19946.0,19559.0,19849.0,3140583,KBS
2024-01-08 07:00:00,19365.0,20430.0,19365.0,20237.0,7411870,KBS
2024-01-09 07:00:00,20430.0,20430.0,19849.0,20140.0,4113100,KBS
2024-01-10 07:00:00,20140.0,20914.0,19946.0,20140.0,12859849,KBS
2024-01-11 07:00:00,20140.0,20527.0,19752.0,19849.0,6509016,KBS
2024-01-12 07:00:00,19849.0,19946.0,19075.0,19559.0,10705192,KBS
2024-01-15 07:00:00,19559.0,19849.0,18687.0,18687.0,8205246,KBS
2024-01-16 07:00:00,18687.0,19268.0,17816.0,19268.0,3771102,KBS
2024-01-17 07:00:00,19171.0,19462.0,18978.0,18978.0,5336686,KBS
2024-01-18 07:00:00,19075.0,19268.0,18978.0,19075.0,1889458,KBS
2024-01-19 07:00:00,19171.0,19268.0,18881.0,18978.0,3385386,KBS
2024-01-22 07:00:00,19075.0,19171.0,18687.0,19075.0,3706836,KBS
2024-01-23 07:00:00,19075.0,19462.0,18978.0,18978.0,2944427,KBS
2024-01-24 07:00:00,18978.0,19171.0,18881.0,18881.0,2435598,KBS
2024-01-25 07:00:00,18881.0,18978.0,18784.0,18881.0,1483317,KBS
2024-01-26 07:00:00,18881.0,19075.0,18784.0,18881.0,2360965,KBS
2024-01-29 07:00:00,18881.0,19075.0,18784.0,18881.0,2424153,KBS
2024-01-30 07:00:00,18881.0,19075.0,18784.0,19075.0,3373589,KBS
2024-01-31 07:00:00,19268.0,19268.0,18590.0,18590.0,5188861,KBS
2024-02-01 07:00:00,18784.0,18784.0,18397.0,18494.0,4165989,KBS
2024-02-02 07:00:00,18687.0,18881.0,18494.0,18494.0,2940439,KBS
2024-02-05 07:00:00,18590.0,18590.0,18106.0,18106.0,4861352,KBS
2024-02-06 07:00:00,18203.0,18300.0,17913.0,18106.0,3006560,KBS
2024-02-07 07:00:00,17913.0,18590.0,17913.0,18300.0,2644406,KBS
2024-02-15 07:00:00,18300.0,18784.0,18300.0,18494.0,4473773,KBS
2024-02-16 07:00:00,18687.0,18784.0,18494.0,18590.0,3181998,KBS
2024-02-19 07:00:00,18590.0,18687.0,18300.0,18590.0,4342454,KBS
2024-02-20 07:00:00,18590.0,19075.0,18590.0,18784.0,4727119,KBS
2024-02-21 07:00:00,18784.0,18881.0,18203.0,18590.0,2867751,KBS
2024-02-22 07:00:00,16751.0,18687.0,16751.0,18397.0,2607625,KBS
2024-02-23 07:00:00,18397.0,18590.0,17816.0,18010.0,6273755,KBS
2024-02-26 07:00:00,18010.0,18010.0,17622.0,17816.0,3894159,KBS
2024-02-27 07:00:00,17816.0,18106.0,17429.0,18010.0,2558101,KBS
2024-02-28 07:00:00,17622.0,18397.0,16654.0,18300.0,4171766,KBS
2024-02-29 07:00:00,18397.0,18590.0,18010.0,18590.0,4569311,KBS
2024-03-01 07:00:00,18687.0,18687.0,18300.0,18494.0,2774712,KBS
2024-03-04 07:00:00,18687.0,18978.0,18590.0,18687.0,7019856,KBS
2024-03-05 07:00:00,16848.0,18881.0,16848.0,18687.0,3409290,KBS
2024-03-06 07:00:00,17913.0,18784.0,17913.0,18300.0,4868187,KBS
2024-03-07 07:00:00,18397.0,18397.0,18010.0,18203.0,2594120,KBS
2024-03-08 07:00:00,18397.0,18494.0,17816.0,18203.0,4680999,KBS
2024-03-11 07:00:00,18203.0,18203.0,17719.0,17913.0,2323533,KBS
2024-03-12 07:00:00,17913.0,17913.0,17622.0,17913.0,3266776,KBS
2024-03-13 07:00:00,17913.0,18203.0,17816.0,18203.0,2296349,KBS
2024-03-14 07:00:00,18300.0,18397.0,17913.0,18010.0,2875517,KBS
2024-03-15 07:00:00,18010.0,18590.0,18010.0,18203.0,5618163,KBS
2024-03-18 07:00:00,18397.0,18590.0,17816.0,18203.0,5132661,KBS
2024-03-19 07:00:00,18590.0,18590.0,18203.0,18203.0,2901355,KBS
2024-03-20 07:00:00,18203.0,18397.0,18010.0,18300.0,2580248,KBS
2024-03-21 07:00:00,17429.0,18978.0,17429.0,18784.0,10047071,KBS
2024-03-22 07:00:00,18784.0,19075.0,18590.0,18590.0,4338484,KBS
2024-03-25 07:00:00,18590.0,19075.0,18494.0,18590.0,6253099,KBS
2024-03-26 07:00:00,18494.0,18784.0,18397.0,18590.0,2941565,KBS
2024-03-27 07:00:00,18687.0,18978.0,18590.0,18687.0,3551172,KBS
2024-03-28 07:00:00,18687.0,19559.0,18687.0,19075.0,7109090,KBS
2024-03-29 07:00:00,19171.0,19365.0,18687.0,18784.0,3025053,KBS
2024-04-01 07:00:00,18784.0,18881.0,18494.0,18590.0,3357510,KBS
2024-04-02 07:00:00,18590.0,18687.0,18397.0,18687.0,4014857,KBS
2024-04-03 07:00:00,18687.0,19075.0,18590.0,18687.0,5168219,KBS
2024-04-04 07:00:00,18687.0,18784.0,18397.0,18397.0,3302567,KBS
2024-04-05 07:00:00,18397.0,18494.0,18106.0,18203.0,3298519,KBS
2024-04-08 07:00:00,18203.0,18203.0,17913.0,17913.0,2633030,KBS
2024-04-09 07:00:00,18010.0,18106.0,17816.0,18106.0,1960535,KBS
2024-04-10 07:00:00,18106.0,18203.0,17913.0,17913.0,1645065,KBS
2024-04-11 07:00:00,17816.0,17913.0,17525.0,17719.0,2069561,KBS
2024-04-12 07:00:00,17719.0,18203.0,17719.0,18203.0,1999219,KBS
2024-04-15 07:00:00,18106.0,18106.0,16557.0,16557.0,5310510,KBS
2024-04-16 07:00:00,17235.0,17235.0,15589.0,16654.0,5765762,KBS
2024-04-17 07:00:00,16654.0,16751.0,15976.0,16557.0,3483567,KBS
2024-04-19 07:00:00,15298.0,16557.0,15298.0,16267.0,4370199,KBS
2024-04-22 07:00:00,16654.0,16654.0,15976.0,16460.0,2813577,KBS
2024-04-23 07:00:00,14814.0,16460.0,14814.0,16267.0,1886220,KBS
2024-04-24 07:00:00,14911.0,16654.0,14814.0,16654.0,2698515,KBS
2024-04-25 07:00:00,16654.0,16654.0,16170.0,16557.0,1952212,KBS
2024-04-26 07:00:00,16460.0,16460.0,16073.0,16363.0,1578938,KBS
2024-05-02 07:00:00,16267.0,16363.0,16073.0,16363.0,1751657,KBS
2024-05-03 07:00:00,16267.0,16557.0,16267.0,16460.0,2056320,KBS
2024-05-06 07:00:00,16460.0,16751.0,16363.0,16654.0,2172391,KBS
2024-05-07 07:00:00,16654.0,16654.0,16363.0,16557.0,2138512,KBS
2024-05-08 07:00:00,16751.0,16751.0,16267.0,16557.0,2776199,KBS
2024-05-09 07:00:00,16654.0,17429.0,16654.0,16848.0,5170388,KBS
2024-05-10 07:00:00,16848.0,17138.0,16460.0,16654.0,1505685,KBS
2024-05-13 07:00:00,16654.0,16848.0,16363.0,16848.0,2109159,KBS
2024-05-14 07:00:00,16848.0,16848.0,16557.0,16848.0,1281314,KBS
2024-05-15 07:00:00,16848.0,16848.0,16654.0,16654.0,1830559,KBS
2024-05-16 07:00:00,16751.0,17429.0,16654.0,16944.0,4619298,KBS
2024-05-17 07:00:00,16944.0,17138.0,16751.0,16848.0,1541311,KBS
2024-05-20 07:00:00,16848.0,17235.0,16848.0,16944.0,3046811,KBS
2024-05-21 07:00:00,16944.0,17041.0,16654.0,16848.0,2051015,KBS
2024-05-22 07:00:00,16944.0,17622.0,16848.0,17622.0,7685563,KBS
2024-05-23 07:00:00,17719.0,18397.0,17525.0,18010.0,5531248,KBS
2024-05-24 07:00:00,17816.0,18106.0,16944.0,17429.0,5005486,KBS
2024-05-27 07:00:00,17429.0,17719.0,17138.0,17332.0,3503255,KBS
2024-05-28 07:00:00,17235.0,17913.0,17235.0,17622.0,4221697,KBS
2024-05-29 07:00:00,17719.0,17719.0,17235.0,17332.0,3597430,KBS
2024-05-30 07:00:00,17429.0,18978.0,17138.0,18687.0,13900872,KBS
2024-05-31 07:00:00,18784.0,18978.0,18300.0,18590.0,3105110,KBS
2024-06-03 07:00:00,18784.0,19559.0,18590.0,18590.0,5597623,KBS
2024-06-04 07:00:00,18687.0,18687.0,18203.0,18300.0,4498592,KBS
2024-06-05 07:00:00,18397.0,18687.0,18010.0,18203.0,4057547,KBS
2024-06-06 07:00:00,18300.0,18590.0,18010.0,18010.0,2637724,KBS
2024-06-07 07:00:00,18106.0,18397.0,17913.0,18203.0,2759287,KBS
2024-06-10 07:00:00,18010.0,18494.0,18010.0,18106.0,2454893,KBS
2024-06-11 07:00:00,17816.0,18203.0,17719.0,17719.0,3861080,KBS
2024-06-12 07:00:00,17719.0,18010.0,17622.0,18010.0,2860497,KBS
2024-06-13 07:00:00,18010.0,18203.0,17816.0,17816.0,1986339,KBS
2024-06-14 07:00:00,17816.0,17913.0,17041.0,17041.0,5175102,KBS
2024-06-17 07:00:00,17138.0,17235.0,16751.0,16944.0,2631933,KBS
2024-06-18 07:00:00,17041.0,17138.0,16944.0,17041.0,1354611,KBS
2024-06-19 07:00:00,17041.0,17041.0,16654.0,16848.0,1894167,KBS
2024-06-20 07:00:00,16848.0,16944.0,16557.0,16751.0,1919837,KBS
2024-06-21 07:00:00,16751.0,16848.0,16557.0,16557.0,1910977,KBS
2024-06-24 07:00:00,16557.0,16751.0,15976.0,16460.0,5092164,KBS
2024-06-25 07:00:00,16460.0,16460.0,16170.0,16460.0,1142936,KBS
2024-06-26 07:00:00,15105.0,16460.0,15105.0,16460.0,1233999,KBS
2024-06-27 07:00:00,15202.0,16460.0,15202.0,16460.0,859860,KBS
2024-06-28 07:00:00,16363.0,16654.0,16267.0,16460.0,2174860,KBS
2024-07-01 07:00:00,16460.0,16460.0,16170.0,16460.0,2991858,KBS
2024-07-02 07:00:00,16363.0,16848.0,16363.0,16848.0,874096,KBS
2024-07-03 07:00:00,16848.0,16848.0,16557.0,16848.0,711508,KBS
2024-07-04 07:00:00,16654.0,16848.0,16557.0,16654.0,787301,KBS
2024-07-05 07:00:00,16654.0,16751.0,16460.0,16654.0,970670,KBS
2024-07-08 07:00:00,16654.0,16848.0,16460.0,16654.0,927068,KBS
2024-07-09 07:00:00,16751.0,17429.0,16751.0,17041.0,2949141,KBS
2024-07-10 07:00:00,17041.0,17235.0,16848.0,16944.0,1149097,KBS
2024-07-11 07:00:00,17041.0,17235.0,16944.0,17138.0,1699910,KBS
2024-07-12 07:00:00,17138.0,17235.0,16848.0,17138.0,1113166,KBS
2024-07-15 07:00:00,17138.0,17138.0,15783.0,17041.0,817798,KBS
2024-07-16 07:00:00,15395.0,17041.0,15395.0,16944.0,1013550,KBS
2024-07-17 07:00:00,16944.0,16944.0,16170.0,16460.0,2235903,KBS
2024-07-18 07:00:00,16267.0,16460.0,16170.0,16460.0,1920957,KBS
2024-07-19 07:00:00,16460.0,16460.0,16073.0,16460.0,1797198,KBS
2024-07-22 07:00:00,16170.0,16363.0,15686.0,16267.0,1698852,KBS
2024-07-23 07:00:00,15976.0,16267.0,15976.0,16073.0,1423043,KBS
2024-07-24 07:00:00,15879.0,16267.0,15589.0,16073.0,1571005,KBS
2024-07-25 07:00:00,15783.0,16073.0,15783.0,16073.0,858605,KBS
2024-07-26 07:00:00,15879.0,16267.0,15879.0,16267.0,797434,KBS
2024-07-29 07:00:00,16267.0,16460.0,16170.0,16267.0,670736,KBS
2024-07-30 07:00:00,16267.0,16267.0,15976.0,16170.0,1253506,KBS
2024-07-31 07:00:00,16170.0,16363.0,16073.0,16267.0,1015876,KBS
2024-08-01 07:00:00,16267.0,16363.0,15783.0,16073.0,2008847,KBS
2024-08-02 07:00:00,15976.0,16267.0,15686.0,16170.0,2481387,KBS
2024-08-05 07:00:00,16170.0,16170.0,14911.0,15879.0,3336569,KBS
2024-08-06 07:00:00,15879.0,15976.0,15298.0,15976.0,2342777,KBS
2024-08-07 07:00:00,15976.0,16073.0,15686.0,15976.0,1116990,KBS
2024-08-08 07:00:00,15686.0,16363.0,15686.0,16073.0,2547054,KBS
2024-08-09 07:00:00,16073.0,16363.0,15976.0,16363.0,899980,KBS
2024-08-12 07:00:00,16267.0,16460.0,16170.0,16460.0,1133068,KBS
2024-08-13 07:00:00,16460.0,16557.0,16267.0,16460.0,765336,KBS
2024-08-14 07:00:00,15008.0,16460.0,15008.0,16460.0,1031677,KBS
2024-08-15 07:00:00,16460.0,16460.0,16267.0,16363.0,1027755,KBS
2024-08-16 07:00:00,16363.0,16944.0,16363.0,16944.0,3238926,KBS
2024-08-19 07:00:00,17041.0,17041.0,16848.0,16944.0,1113399,KBS
2024-08-20 07:00:00,17041.0,17041.0,16654.0,16751.0,1971702,KBS
2024-08-21 07:00:00,15105.0,17041.0,15105.0,16848.0,1566127,KBS
2024-08-22 07:00:00,17041.0,17041.0,16654.0,16751.0,1207175,KBS
2024-08-23 07:00:00,16751.0,17332.0,16557.0,17041.0,3467071,KBS
2024-08-26 07:00:00,16557.0,17235.0,16557.0,16751.0,1087103,KBS
2024-08-27 07:00:00,15105.0,16944.0,15105.0,16654.0,1172639,KBS
2024-08-28 07:00:00,15298.0,16654.0,15298.0,16654.0,1074659,KBS
2024-08-29 07:00:00,16654.0,16654.0,16363.0,16557.0,962459,KBS
2024-08-30 07:00:00,16557.0,16654.0,16460.0,16460.0,816554,KBS
2024-09-04 07:00:00,16363.0,16460.0,16170.0,16460.0,1221456,KBS
2024-09-05 07:00:00,16460.0,16557.0,16170.0,16363.0,1067064,KBS
2024-09-06 07:00:00,16073.0,16460.0,15686.0,16460.0,1007373,KBS
2024-09-09 07:00:00,16170.0,16363.0,16073.0,16073.0,1045361,KBS
2024-09-10 07:00:00,16073.0,16267.0,15879.0,15879.0,1370578,KBS
2024-09-11 07:00:00,14621.0,16073.0,14524.0,15976.0,1005217,KBS
2024-09-12 07:00:00,15783.0,16073.0,15492.0,15976.0,612920,KBS
2024-09-13 07:00:00,15879.0,16073.0,15879.0,16073.0,585902,KBS
2024-09-16 07:00:00,14814.0,16073.0,14814.0,15976.0,635188,KBS
2024-09-17 07:00:00,15879.0,16073.0,15879.0,16073.0,555803,KBS
2024-09-18 07:00:00,15783.0,16170.0,15783.0,16073.0,726209,KBS
2024-09-19 07:00:00,15783.0,16073.0,15783.0,16073.0,724517,KBS
2024-09-20 07:00:00,16073.0,16267.0,15976.0,16267.0,1546630,KBS
2024-09-23 07:00:00,15008.0,16267.0,15008.0,16073.0,409825,KBS
2024-09-24 07:00:00,15879.0,16267.0,15879.0,16073.0,785993,KBS
2024-09-25 07:00:00,14524.0,16267.0,14524.0,16073.0,1515953,KBS
2024-09-26 07:00:00,16267.0,16267.0,15976.0,16073.0,1137876,KBS
2024-09-27 07:00:00,15976.0,16170.0,15686.0,15976.0,4701307,KBS
2024-09-30 07:00:00,15976.0,15976.0,15783.0,15976.0,2622764,KBS
2024-10-01 07:00:00,15976.0,16073.0,15783.0,15976.0,2736083,KBS
2024-10-02 07:00:00,15783.0,15976.0,15783.0,15879.0,1374147,KBS
2024-10-03 07:00:00,15879.0,15879.0,15589.0,15783.0,3197169,KBS
2024-10-04 07:00:00,15686.0,15783.0,15589.0,15783.0,2539641,KBS
2024-10-07 07:00:00,15686.0,15783.0,15589.0,15783.0,1111947,KBS
2024-10-08 07:00:00,14233.0,15976.0,14233.0,15879.0,3102296,KBS
2024-10-09 07:00:00,15686.0,15976.0,15686.0,15976.0,2110878,KBS
2024-10-10 07:00:00,15879.0,16073.0,15783.0,15976.0,2389292,KBS
2024-10-11 07:00:00,15976.0,16073.0,15879.0,16073.0,2034761,KBS
2024-10-14 07:00:00,16073.0,16170.0,15879.0,15879.0,805545,KBS
2024-10-15 07:00:00,15879.0,15976.0,15783.0,15783.0,580573,KBS
2024-10-16 07:00:00,15686.0,15879.0,15589.0,15879.0,802433,KBS
2024-10-17 07:00:00,15589.0,15976.0,15589.0,15879.0,649969,KBS
2024-10-18 07:00:00,15589.0,15879.0,15589.0,15783.0,585532,KBS
2024-10-21 07:00:00,15783.0,15879.0,15589.0,15879.0,771544,KBS
2024-10-22 07:00:00,15686.0,15783.0,15589.0,15783.0,790981,KBS
2024-10-23 07:00:00,15783.0,15783.0,15589.0,15783.0,606520,KBS
2024-10-24 07:00:00,15686.0,15783.0,15492.0,15686.0,631710,KBS
2024-10-25 07:00:00,15589.0,15783.0,15492.0,15783.0,809518,KBS
2024-10-28 07:00:00,15686.0,15783.0,15589.0,15783.0,577956,KBS
2024-10-29 07:00:00,15589.0,15783.0,15589.0,15686.0,814364,KBS
2024-10-30 07:00:00,15686.0,15783.0,15589.0,15783.0,962172,KBS
2024-10-31 07:00:00,15783.0,15783.0,15589.0,15686.0,766256,KBS
2024-11-01 07:00:00,15686.0,15783.0,15492.0,15783.0,1133077,KBS
2024-11-04 07:00:00,15589.0,15686.0,15492.0,15686.0,878888,KBS
2024-11-05 07:00:00,15589.0,15686.0,15492.0,15686.0,1168371,KBS
2024-11-06 07:00:00,15492.0,15686.0,15492.0,15686.0,1759285,KBS
2024-11-07 07:00:00,14137.0,15686.0,14137.0,15686.0,1410191,KBS
2024-11-08 07:00:00,15589.0,15879.0,15492.0,15686.0,1524000,KBS
2024-11-11 07:00:00,15492.0,15686.0,15492.0,15686.0,1800326,KBS
2024-11-12 07:00:00,15589.0,15686.0,15492.0,15686.0,1680589,KBS
2024-11-13 07:00:00,15492.0,15686.0,15492.0,15686.0,1872565,KBS
2024-11-14 07:00:00,15492.0,15686.0,15492.0,15686.0,1755712,KBS
2024-11-15 07:00:00,15492.0,15686.0,15395.0,15686.0,2829596,KBS
2024-11-18 07:00:00,15589.0,15589.0,15395.0,15589.0,1994795,KBS
2024-11-19 07:00:00,15395.0,15589.0,15298.0,15395.0,1127838,KBS
2024-11-20 07:00:00,15008.0,15395.0,15008.0,15395.0,1558408,KBS
2024-11-21 07:00:00,15298.0,15395.0,15202.0,15395.0,1247615,KBS
2024-11-22 07:00:00,15202.0,15395.0,15202.0,15395.0,1224737,KBS
2024-11-25 07:00:00,15298.0,15395.0,15202.0,15395.0,755873,KBS
2024-11-26 07:00:00,15202.0,15395.0,15202.0,15395.0,832753,KBS
2024-11-27 07:00:00,14233.0,15395.0,14233.0,15298.0,716295,KBS
2024-11-28 07:00:00,15298.0,15395.0,15202.0,15298.0,700501,KBS
2024-11-29 07:00:00,14621.0,15298.0,14621.0,15298.0,575023,KBS
2024-12-02 07:00:00,15105.0,15395.0,15105.0,15202.0,600730,KBS
2024-12-03 07:00:00,15105.0,15298.0,15105.0,15298.0,637638,KBS
2024-12-04 07:00:00,15202.0,15298.0,15105.0,15298.0,901137,KBS
2024-12-05 07:00:00,15298.0,15395.0,15202.0,15298.0,1215917,KBS
2024-12-06 07:00:00,15298.0,15395.0,15298.0,15395.0,637650,KBS
2024-12-09 07:00:00,15395.0,15492.0,15298.0,15395.0,488302,KBS
2024-12-10 07:00:00,15395.0,15492.0,15298.0,15395.0,493346,KBS
2024-12-11 07:00:00,14524.0,15395.0,14233.0,15298.0,808978,KBS
2024-12-12 07:00:00,15105.0,15395.0,14621.0,15298.0,592194,KBS
2024-12-13 07:00:00,15298.0,15298.0,15202.0,15298.0,648031,KBS
2024-12-16 07:00:00,15298.0,15298.0,15105.0,15298.0,787554,KBS
2024-12-17 07:00:00,15202.0,15298.0,15105.0,15298.0,905335,KBS
2024-12-18 07:00:00,15105.0,15298.0,15105.0,15298.0,840402,KBS
2024-12-19 07:00:00,15202.0,15298.0,15105.0,15298.0,1195683,KBS
2024-12-20 07:00:00,15202.0,15298.0,15105.0,15202.0,1781265,KBS
2024-12-23 07:00:00,15105.0,15298.0,15105.0,15298.0,840192,KBS
2024-12-24 07:00:00,15298.0,15298.0,15105.0,15298.0,919162,KBS
2024-12-25 07:00:00,15298.0,16170.0,15202.0,15686.0,2610771,KBS
2024-12-26 07:00:00,15492.0,15976.0,14427.0,15589.0,460663,KBS
2024-12-27 07:00:00,15492.0,15589.0,15202.0,15492.0,885432,KBS
2024-12-30 07:00:00,15492.0,15492.0,15298.0,15395.0,600119,KBS
2024-12-31 07:00:00,15298.0,15298.0,15105.0,15298.0,1209301,KBS
2025-01-02 07:00:00,15105.0,15298.0,14233.0,15298.0,321617,KBS
2025-01-03 07:00:00,15202.0,15298.0,15105.0,15298.0,1150682,KBS
2025-01-06 07:00:00,15105.0,15298.0,15008.0,15202.0,1487065,KBS
2025-01-07 07:00:00,15202.0,15202.0,14911.0,15202.0,1305028,KBS
2025-01-08 07:00:00,15008.0,15202.0,15008.0,15202.0,695845,KBS
2025-01-09 07:00:00,15202.0,15298.0,15105.0,15298.0,1101950,KBS
2025-01-10 07:00:00,15298.0,15976.0,15202.0,15395.0,2275055,KBS
2025-01-13 07:00:00,15589.0,15589.0,15298.0,15492.0,418586,KBS
2025-01-14 07:00:00,15298.0,15589.0,15298.0,15298.0,738027,KBS
2025-01-15 07:00:00,15298.0,15783.0,15202.0,15686.0,1014098,KBS
2025-01-16 07:00:00,14137.0,15879.0,14137.0,15492.0,540345,KBS
2025-01-17 07:00:00,15395.0,15492.0,15298.0,15395.0,638559,KBS
2025-01-20 07:00:00,15395.0,15395.0,15202.0,15298.0,408243,KBS
2025-01-21 07:00:00,15298.0,15395.0,15202.0,15298.0,593556,KBS
2025-01-22 07:00:00,15298.0,15298.0,15105.0,15298.0,1529028,KBS
2025-01-23 07:00:00,15298.0,15298.0,15202.0,15202.0,461981,KBS
2025-01-24 07:00:00,13749.0,15202.0,13749.0,15202.0,798836,KBS
2025-02-03 07:00:00,15202.0,15492.0,15202.0,15202.0,389311,KBS
2025-02-04 07:00:00,15105.0,15395.0,15105.0,15298.0,493652,KBS
2025-02-05 07:00:00,15202.0,15976.0,15202.0,15492.0,1818981,KBS
2025-02-06 07:00:00,15492.0,15686.0,15395.0,15395.0,760812,KBS
2025-02-07 07:00:00,15492.0,15879.0,15492.0,15589.0,822117,KBS
2025-02-10 07:00:00,15395.0,15686.0,15395.0,15395.0,769753,KBS
2025-02-11 07:00:00,15395.0,15492.0,15298.0,15298.0,888613,KBS
2025-02-12 07:00:00,15298.0,15395.0,15298.0,15395.0,396188,KBS
2025-02-13 07:00:00,15492.0,15589.0,15395.0,15395.0,664216,KBS
2025-02-14 07:00:00,15395.0,15783.0,15395.0,15492.0,1110491,KBS
2025-02-17 07:00:00,15492.0,15783.0,15492.0,15783.0,1774799,KBS
2025-02-18 07:00:00,15879.0,17332.0,15879.0,17332.0,8936766,KBS
2025-02-19 07:00:00,15686.0,17719.0,15686.0,17041.0,1172754,KBS
2025-02-20 07:00:00,16557.0,17525.0,16557.0,16654.0,2911322,KBS
2025-02-21 07:00:00,16751.0,16944.0,16557.0,16751.0,2479989,KBS
2025-02-24 07:00:00,16751.0,16944.0,16267.0,16557.0,1985985,KBS
2025-02-25 07:00:00,14911.0,16944.0,14911.0,16654.0,2182663,KBS
2025-02-26 07:00:00,16654.0,16848.0,16460.0,16460.0,1250049,KBS
2025-02-27 07:00:00,16460.0,16654.0,16267.0,16460.0,1497860,KBS
2025-02-28 07:00:00,16460.0,16654.0,16267.0,16267.0,1364313,KBS
2025-03-03 07:00:00,16363.0,16460.0,16267.0,16460.0,987898,KBS
2025-03-04 07:00:00,16460.0,16557.0,16170.0,16267.0,1372466,KBS
2025-03-05 07:00:00,16267.0,16363.0,15783.0,15783.0,1735913,KBS
2025-03-06 07:00:00,15879.0,15976.0,15686.0,15976.0,1980438,KBS
2025-03-07 07:00:00,15976.0,16460.0,15879.0,16073.0,1378949,KBS
2025-03-10 07:00:00,16170.0,16267.0,15879.0,15879.0,1362409,KBS
2025-03-11 07:00:00,15879.0,16073.0,15686.0,15976.0,917920,KBS
2025-03-12 07:00:00,16073.0,16363.0,15976.0,15976.0,940146,KBS
2025-03-13 07:00:00,15976.0,16170.0,15783.0,15879.0,1181975,KBS
2025-03-14 07:00:00,15686.0,15879.0,15686.0,15686.0,1149881,KBS
2025-03-17 07:00:00,15686.0,15976.0,15686.0,15976.0,1004360,KBS
2025-03-18 07:00:00,15976.0,16170.0,15879.0,15879.0,1041579,KBS
2025-03-19 07:00:00,15879.0,15879.0,15686.0,15783.0,748701,KBS
2025-03-20 07:00:00,15783.0,15879.0,15589.0,15589.0,910714,KBS
2025-03-21 07:00:00,15589.0,15686.0,15395.0,15395.0,1145833,KBS
2025-03-24 07:00:00,15395.0,15492.0,15298.0,15395.0,981619,KBS
2025-03-25 07:00:00,13943.0,15589.0,13943.0,15395.0,584677,KBS
2025-03-26 07:00:00,15492.0,15492.0,15202.0,15202.0,740837,KBS
2025-03-27 07:00:00,15298.0,15298.0,15105.0,15202.0,470726,KBS
2025-03-28 07:00:00,14524.0,15298.0,14524.0,14717.0,2231388,KBS
2025-03-31 07:00:00,14717.0,14814.0,14330.0,14330.0,1462133,KBS
2025-04-01 07:00:00,14233.0,14524.0,12975.0,14524.0,1770730,KBS
2025-04-02 07:00:00,14233.0,14621.0,14233.0,14330.0,380445,KBS
2025-04-03 07:00:00,14233.0,14330.0,12975.0,13652.0,5496439,KBS
2025-04-04 07:00:00,13556.0,14330.0,12297.0,14330.0,2542142,KBS
2025-04-08 07:00:00,13652.0,13846.0,12975.0,12975.0,3075072,KBS
2025-04-09 07:00:00,11716.0,12975.0,11716.0,12975.0,5578468,KBS
2025-04-10 07:00:00,13071.0,14233.0,13071.0,14233.0,2768160,KBS
2025-04-11 07:00:00,14524.0,14814.0,13556.0,13846.0,2196515,KBS
2025-04-14 07:00:00,13846.0,13943.0,13459.0,13556.0,1262585,KBS
2025-04-15 07:00:00,12587.0,13556.0,12587.0,12975.0,1268403,KBS
2025-04-16 07:00:00,12975.0,13362.0,12781.0,12878.0,648476,KBS
2025-04-17 07:00:00,12103.0,12878.0,11716.0,12781.0,641139,KBS
2025-04-18 07:00:00,12684.0,13168.0,12394.0,12878.0,912401,KBS
2025-04-21 07:00:00,12587.0,12975.0,12587.0,12684.0,481195,KBS
2025-04-22 07:00:00,11910.0,12684.0,11425.0,11716.0,3058372,KBS
2025-04-23 07:00:00,11716.0,12297.0,10651.0,12006.0,585601,KBS
2025-04-24 07:00:00,11425.0,12297.0,11425.0,12103.0,517160,KBS
2025-04-25 07:00:00,10941.0,12394.0,10941.0,12006.0,699243,KBS
2025-04-28 07:00:00,11716.0,12200.0,11716.0,12103.0,272141,KBS
2025-04-29 07:00:00,12103.0,12200.0,12006.0,12006.0,436450,KBS
2025-05-05 07:00:00,12200.0,12297.0,11910.0,12103.0,621900,KBS
2025-05-06 07:00:00,12200.0,12490.0,12103.0,12103.0,1357400,KBS
2025-05-07 07:00:00,12103.0,12394.0,12103.0,12394.0,792400,KBS
2025-05-08 07:00:00,12394.0,12587.0,12200.0,12394.0,647800,KBS
2025-05-09 07:00:00,12394.0,12490.0,12200.0,12200.0,1059900,KBS
2025-05-12 07:00:00,12200.0,12394.0,12200.0,12394.0,546300,KBS
2025-05-13 07:00:00,12490.0,12684.0,12394.0,12394.0,788900,KBS
2025-05-14 07:00:00,12394.0,12878.0,12297.0,12684.0,1651100,KBS
2025-05-15 07:00:00,12878.0,12878.0,12587.0,12781.0,709600,KBS
2025-05-16 07:00:00,12878.0,12878.0,12490.0,12490.0,801900,KBS
2025-05-19 07:00:00,12587.0,12781.0,12297.0,12490.0,835100,KBS
2025-05-20 07:00:00,12490.0,12587.0,12394.0,12490.0,604900,KBS
2025-05-21 07:00:00,12587.0,12587.0,12297.0,12394.0,1035300,KBS
2025-05-22 07:00:00,12394.0,12490.0,12200.0,12394.0,841800,KBS
2025-05-23 07:00:00,12200.0,12394.0,11522.0,12200.0,733600,KBS
2025-05-26 07:00:00,12200.0,12394.0,11910.0,12394.0,1154100,KBS
2025-05-27 07:00:00,12490.0,13071.0,12394.0,12878.0,2290400,KBS
2025-05-28 07:00:00,12878.0,13168.0,12878.0,12975.0,1689700,KBS
2025-05-29 07:00:00,13071.0,13071.0,12781.0,12878.0,918500,KBS
2025-05-30 07:00:00,12878.0,12878.0,12297.0,12297.0,2379400,KBS
2025-06-02 07:00:00,12103.0,12878.0,12103.0,12878.0,1204400,KBS
2025-06-03 07:00:00,12878.0,13265.0,12878.0,12878.0,1590700,KBS
2025-06-04 07:00:00,13071.0,13168.0,12878.0,12975.0,1540900,KBS
2025-06-05 07:00:00,12975.0,14233.0,12975.0,14233.0,6676500,KBS
2025-06-06 07:00:00,14330.0,14427.0,13652.0,13749.0,1707600,KBS
2025-06-09 07:00:00,13943.0,13943.0,13071.0,13265.0,2642100,KBS
2025-06-10 07:00:00,13265.0,13652.0,13168.0,13265.0,1583000,KBS
2025-06-11 07:00:00,13265.0,13362.0,12975.0,13071.0,1230000,KBS
2025-06-12 07:00:00,13265.0,13265.0,12975.0,13071.0,1300300,KBS
2025-06-13 07:00:00,13071.0,13071.0,12394.0,12587.0,2542200,KBS
2025-06-16 07:00:00,12587.0,12975.0,12587.0,12781.0,680300,KBS
2025-06-17 07:00:00,12684.0,12975.0,11522.0,12684.0,768700,KBS
2025-06-18 07:00:00,12878.0,12878.0,12587.0,12684.0,754600,KBS
2025-06-19 07:00:00,12781.0,12781.0,12490.0,12587.0,743200,KBS
2025-06-20 07:00:00,12684.0,12781.0,12394.0,12781.0,1319200,KBS
2025-06-23 07:00:00,12684.0,12684.0,12490.0,12587.0,599300,KBS
2025-06-24 07:00:00,12684.0,12781.0,12490.0,12490.0,1103200,KBS
2025-06-25 07:00:00,12587.0,12684.0,12490.0,12490.0,704600,KBS
2025-06-26 07:00:00,12490.0,12587.0,12200.0,12200.0,1901700,KBS
2025-06-27 07:00:00,12600.0,12700.0,12500.0,12500.0,1032900,KBS
2025-06-30 07:00:00,12500.0,13000.0,12500.0,12900.0,682000,KBS
2025-07-01 07:00:00,12900.0,13000.0,12500.0,12700.0,987300,KBS
2025-07-02 07:00:00,12600.0,12800.0,12600.0,12700.0,427000,KBS
2025-07-03 07:00:00,12200.0,12900.0,12000.0,12600.0,1013900,KBS
2025-07-04 07:00:00,12700.0,13500.0,12700.0,13000.0,2189800,KBS
2025-07-07 07:00:00,13100.0,13200.0,12900.0,13200.0,1272200,KBS
2025-07-08 07:00:00,13200.0,13500.0,13100.0,13400.0,1805100,KBS
2025-07-09 07:00:00,13400.0,13600.0,13200.0,13300.0,2814700,KBS
2025-07-10 07:00:00,13300.0,13800.0,13300.0,13500.0,2519400,KBS
2025-07-11 07:00:00,13600.0,13700.0,13400.0,13600.0,1828800,KBS
2025-07-14 07:00:00,13700.0,14200.0,13400.0,13900.0,2798300,KBS
2025-07-15 07:00:00,14000.0,14100.0,13700.0,13700.0,1770600,KBS
2025-07-16 07:00:00,13700.0,13900.0,13600.0,13800.0,1659400,KBS
2025-07-17 07:00:00,13800.0,14500.0,13800.0,14000.0,3439500,KBS
2025-07-18 07:00:00,14000.0,15100.0,14000.0,14600.0,5199700,KBS
2025-07-21 07:00:00,14600.0,14800.0,14100.0,14200.0,2345500,KBS
2025-07-22 07:00:00,14100.0,14200.0,13900.0,13900.0,2454500,KBS
2025-07-23 07:00:00,14100.0,14400.0,13900.0,14300.0,2599100,KBS
2025-07-24 07:00:00,14300.0,14600.0,14200.0,14300.0,2097900,KBS
2025-07-25 07:00:00,14300.0,14600.0,14300.0,14500.0,2462900,KBS
2025-07-28 07:00:00,14500.0,15600.0,14400.0,15500.0,6356300,KBS
2025-07-29 07:00:00,15800.0,17000.0,15000.0,17000.0,10797800,KBS
2025-07-30 07:00:00,17000.0,17300.0,15400.0,16500.0,3277900,KBS
2025-07-31 07:00:00,16600.0,18100.0,16100.0,18100.0,13267300,KBS
2025-08-01 07:00:00,18300.0,19200.0,18200.0,18200.0,5730400,KBS
2025-08-04 07:00:00,18300.0,18300.0,17300.0,17700.0,3514400,KBS
2025-08-05 07:00:00,17700.0,18100.0,16500.0,17700.0,7879500,KBS
2025-08-06 07:00:00,16600.0,18500.0,16600.0,17800.0,3264300,KBS
2025-08-07 07:00:00,18000.0,18200.0,17600.0,18100.0,2380400,KBS
2025-08-08 07:00:00,18100.0,18400.0,17500.0,18100.0,3403300,KBS
2025-08-11 07:00:00,18100.0,19000.0,18100.0,18100.0,4986400,KBS
2025-08-12 07:00:00,18100.0,18900.0,17900.0,18500.0,5998800,KBS
2025-08-13 07:00:00,18600.0,20300.0,18600.0,20300.0,14848500,KBS
2025-08-14 07:00:00,20300.0,21100.0,20200.0,20500.0,5432400,KBS
2025-08-15 07:00:00,20500.0,20700.0,19000.0,19500.0,6949100,KBS
2025-08-18 07:00:00,19600.0,20300.0,19200.0,19500.0,3717700,KBS
2025-08-19 07:00:00,19500.0,20000.0,19400.0,19800.0,5395000,KBS
2025-08-20 07:00:00,19800.0,20800.0,19200.0,20000.0,8765400,KBS
2025-08-21 07:00:00,20100.0,20500.0,19200.0,19200.0,4236600,KBS
2025-08-22 07:00:00,18800.0,19000.0,17300.0,17300.0,9371600,KBS
2025-08-25 07:00:00,17300.0,17600.0,16200.0,17000.0,3878700,KBS
2025-08-26 07:00:00,16900.0,17900.0,16600.0,17900.0,2051900,KBS
2025-08-27 07:00:00,18000.0,18300.0,17500.0,18000.0,3657900,KBS
2025-08-28 07:00:00,17900.0,18100.0,17600.0,17700.0,1366100,KBS
2025-08-29 07:00:00,17800.0,18100.0,17700.0,17700.0,2031800,KBS
2025-09-03 07:00:00,17800.0,18500.0,17400.0,18500.0,2916400,KBS
2025-09-04 07:00:00,18400.0,18900.0,18200.0,18200.0,1717400,KBS
2025-09-05 07:00:00,18300.0,20000.0,18300.0,19100.0,9977700,KBS
2025-09-08 07:00:00,19200.0,20200.0,19000.0,19000.0,6473400,KBS
2025-09-09 07:00:00,19100.0,20300.0,18900.0,19400.0,5435700,KBS
2025-09-10 07:00:00,19500.0,19700.0,18800.0,19000.0,3290500,KBS
2025-09-11 07:00:00,19000.0,19000.0,17700.0,18300.0,5375700,KBS
2025-09-12 07:00:00,18500.0,19200.0,18400.0,18500.0,2576900,KBS
2025-09-15 07:00:00,18600.0,20300.0,18400.0,20100.0,9970700,KBS
2025-09-16 07:00:00,20100.0,20600.0,19700.0,19700.0,5130600,KBS
2025-09-17 07:00:00,19700.0,21000.0,19600.0,19900.0,6013900,KBS
2025-09-18 07:00:00,20000.0,20700.0,19900.0,20100.0,5903800,KBS
2025-09-19 07:00:00,20100.0,20300.0,19000.0,19000.0,6096700,KBS
2025-09-22 07:00:00,19300.0,19500.0,18000.0,18400.0,5992300,KBS
2025-09-23 07:00:00,18400.0,18600.0,18000.0,18300.0,2093400,KBS
2025-09-24 07:00:00,18100.0,18600.0,17500.0,18500.0,5375800,KBS
2025-09-25 07:00:00,18600.0,19100.0,18500.0,18800.0,3400600,KBS
2025-09-26 07:00:00,19000.0,19100.0,18300.0,18400.0,3715100,KBS
2025-09-29 07:00:00,18200.0,18700.0,18100.0,18100.0,2869100,KBS
2025-09-30 07:00:00,18100.0,18300.0,17200.0,17500.0,4104900,KBS
2025-10-01 07:00:00,17400.0,17900.0,17200.0,17500.0,1859600,KBS
2025-10-02 07:00:00,17500.0,17700.0,16800.0,16900.0,2307500,KBS
2025-10-03 07:00:00,16900.0,17100.0,16500.0,16600.0,3037200,KBS
2025-10-06 07:00:00,16600.0,17600.0,16600.0,17200.0,3763000,KBS
2025-10-07 07:00:00,17500.0,17600.0,16800.0,17000.0,3799900,KBS
2025-10-08 07:00:00,17500.0,17600.0,16900.0,16900.0,2831000,KBS
2025-10-09 07:00:00,16900.0,17300.0,16900.0,17000.0,1933000,KBS
2025-10-10 07:00:00,17000.0,17600.0,17000.0,17300.0,2364200,KBS
2025-10-13 07:00:00,17200.0,17300.0,16800.0,17100.0,2592600,KBS
2025-10-14 07:00:00,17700.0,17700.0,16600.0,16600.0,4371900,KBS
2025-10-15 07:00:00,16700.0,17000.0,16500.0,17000.0,2615500,KBS
2025-10-16 07:00:00,17000.0,18200.0,17000.0,17700.0,6787200,KBS
2025-10-17 07:00:00,18000.0,18000.0,17200.0,17300.0,2984200,KBS
2025-10-20 07:00:00,17300.0,17500.0,15600.0,15600.0,5289700,KBS
2025-10-21 07:00:00,15600.0,15800.0,14700.0,15100.0,4311000,KBS
2025-10-22 07:00:00,15300.0,16000.0,15100.0,16000.0,2884300,KBS
2025-10-23 07:00:00,16000.0,16400.0,15800.0,16100.0,1960200,KBS
2025-10-24 07:00:00,16100.0,16800.0,15600.0,16800.0,2828600,KBS
2025-10-27 07:00:00,17100.0,17400.0,16100.0,16100.0,3180400,KBS
2025-10-28 07:00:00,16100.0,17000.0,16100.0,16800.0,4061200,KBS
2025-10-29 07:00:00,17000.0,17300.0,16900.0,17100.0,2591000,KBS
2025-10-30 07:00:00,17200.0,17300.0,16700.0,16900.0,1693100,KBS
2025-10-31 07:00:00,16900.0,17900.0,16900.0,17500.0,5300200,KBS
2025-11-03 07:00:00,17500.0,17800.0,16500.0,16500.0,3504100,KBS
2025-11-04 07:00:00,16500.0,18000.0,16400.0,18000.0,4754400,KBS
2025-11-05 07:00:00,18000.0,18700.0,17700.0,18300.0,6905000,KBS
2025-11-06 07:00:00,18400.0,18600.0,17700.0,18200.0,2855000,KBS
2025-11-07 07:00:00,18200.0,18200.0,17000.0,17000.0,3587800,KBS
2025-11-10 07:00:00,17000.0,17600.0,16700.0,17000.0,2807600,KBS
2025-11-11 07:00:00,17000.0,17300.0,16900.0,16900.0,1923400,KBS
2025-11-12 07:00:00,17000.0,17600.0,16900.0,17300.0,2191300,KBS
2025-11-13 07:00:00,17300.0,18300.0,17200.0,17900.0,3969800,KBS
2025-11-14 07:00:00,18000.0,18500.0,17700.0,18300.0,3436700,KBS
2025-11-17 07:00:00,18300.0,18700.0,18100.0,18200.0,4663600,KBS
2025-11-18 07:00:00,18200.0,18300.0,17700.0,18000.0,2713500,KBS
2025-11-19 07:00:00,18000.0,18500.0,17600.0,17800.0,2841000,KBS
2025-11-20 07:00:00,17900.0,18000.0,17300.0,17500.0,1738300,KBS
2025-11-21 07:00:00,17500.0,17600.0,17100.0,17500.0,1696300,KBS
2025-11-24 07:00:00,17500.0,17700.0,17100.0,17100.0,1399200,KBS
2025-11-25 07:00:00,15600.0,17200.0,15600.0,16400.0,3184300,KBS
2025-11-26 07:00:00,16500.0,17000.0,16400.0,16800.0,1415900,KBS
2025-11-27 07:00:00,16800.0,17200.0,16500.0,17200.0,1120800,KBS
2025-11-28 07:00:00,17200.0,17200.0,16600.0,16600.0,1361200,KBS
2025-12-01 07:00:00,16700.0,16900.0,16600.0,16600.0,759100,KBS
2025-12-02 07:00:00,16600.0,16800.0,16400.0,16600.0,1324600,KBS
2025-12-03 07:00:00,16500.0,16900.0,16500.0,16700.0,922600,KBS
2025-12-04 07:00:00,16700.0,17000.0,16700.0,16900.0,791200,KBS
2025-12-05 07:00:00,16900.0,17000.0,16600.0,16600.0,761200,KBS
2025-12-08 07:00:00,16700.0,16800.0,16500.0,16600.0,1073400,KBS
2025-12-09 07:00:00,16600.0,16700.0,16100.0,16400.0,1472500,KBS
2025-12-10 07:00:00,16500.0,16600.0,16200.0,16200.0,405600,KBS
2025-12-11 07:00:00,16300.0,16500.0,16000.0,16000.0,896200,KBS
2025-12-12 07:00:00,16000.0,16300.0,15400.0,15500.0,1665200,KBS
2025-12-15 07:00:00,15500.0,16000.0,15300.0,15300.0,1967000,KBS
2025-12-16 07:00:00,15400.0,16500.0,15300.0,16500.0,1523400,KBS
2025-12-17 07:00:00,16300.0,16400.0,15900.0,16100.0,691100,KBS
2025-12-18 07:00:00,16100.0,17000.0,16000.0,17000.0,1840100,KBS
2025-12-19 07:00:00,17000.0,17000.0,16500.0,17000.0,1612000,KBS
2025-12-22 07:00:00,17000.0,17100.0,16500.0,16600.0,1933900,KBS
2025-12-23 07:00:00,16600.0,16800.0,16200.0,16300.0,1062600,KBS
2025-12-24 07:00:00,16300.0,16600.0,16200.0,16300.0,581800,KBS
2025-12-25 07:00:00,16400.0,16700.0,16000.0,16000.0,870700,KBS
2025-12-26 07:00:00,16000.0,16200.0,15600.0,16000.0,1133900,KBS
2025-12-29 07:00:00,16000.0,16300.0,16000.0,16000.0,788900,KBS
2025-12-30 07:00:00,16000.0,16200.0,15900.0,16000.0,953500,KBS
2025-12-31 07:00:00,16000.0,16100.0,15800.0,15800.0,737400,KBS
2026-01-05 07:00:00,15700.0,16000.0,15400.0,15500.0,1038600,KBS
2026-01-06 07:00:00,15600.0,15800.0,15300.0,15500.0,1000100,KBS
2026-01-07 07:00:00,15500.0,16200.0,15500.0,16000.0,1313500,KBS
2026-01-08 07:00:00,16000.0,16200.0,15800.0,15900.0,868700,KBS
2026-01-09 07:00:00,15900.0,16100.0,15300.0,15500.0,2109800,KBS
2026-01-12 07:00:00,15500.0,16000.0,15200.0,16000.0,1868200,KBS
2026-01-13 07:00:00,16000.0,16300.0,15800.0,15900.0,1659800,KBS
2026-01-14 07:00:00,16100.0,16100.0,15700.0,15900.0,1505900,KBS
2026-01-15 07:00:00,15900.0,16000.0,15600.0,15800.0,1465200,KBS
2026-01-16 07:00:00,15800.0,16600.0,15800.0,16200.0,3151100,KBS
2026-01-19 07:00:00,16200.0,16300.0,16000.0,16000.0,860100,KBS
2026-01-20 07:00:00,16100.0,16300.0,15700.0,15700.0,1540300,KBS
2026-01-21 07:00:00,15700.0,15800.0,15400.0,15600.0,997600,KBS
2026-01-22 07:00:00,15700.0,16300.0,15500.0,15900.0,2008400,KBS
2026-01-23 07:00:00,16000.0,16300.0,15800.0,15800.0,1225800,KBS
2026-01-26 07:00:00,15800.0,16000.0,15000.0,15200.0,2324100,KBS
2026-01-27 07:00:00,15200.0,15900.0,15000.0,15900.0,1637700,KBS
2026-01-28 07:00:00,15600.0,15900.0,15400.0,15800.0,708000,KBS
2026-01-29 07:00:00,15600.0,15900.0,15000.0,15700.0,801100,KBS
2026-01-30 07:00:00,15600.0,15700.0,15400.0,15700.0,742800,KBS
2026-02-02 07:00:00,15600.0,16000.0,15400.0,16000.0,1538000,KBS
2026-02-03 07:00:00,16100.0,16400.0,15900.0,16200.0,1721300,KBS
2026-02-04 07:00:00,16200.0,17800.0,16100.0,17500.0,8582200,KBS
2026-02-05 07:00:00,17400.0,17700.0,16800.0,16800.0,1887700,KBS
2026-02-06 07:00:00,16800.0,16800.0,15700.0,15700.0,3882800,KBS
2026-02-09 07:00:00,15700.0,16100.0,15600.0,15700.0,1480800,KBS
2026-02-10 07:00:00,15800.0,16000.0,15400.0,15700.0,1466900,KBS
2026-02-11 07:00:00,15800.0,16600.0,15700.0,16500.0,2126100,KBS
2026-02-12 07:00:00,16300.0,16600.0,16200.0,16300.0,616200,KBS
2026-02-13 07:00:00,16300.0,16400.0,16100.0,16200.0,1056200,KBS
2026-02-23 07:00:00,16100.0,16700.0,16100.0,16500.0,1079800,KBS
2026-02-24 07:00:00,16500.0,16800.0,15300.0,16600.0,1300800,KBS
2026-02-25 07:00:00,16700.0,17100.0,16400.0,16400.0,1799000,KBS
2026-02-26 07:00:00,16800.0,16800.0,16300.0,16300.0,702900,KBS
2026-02-27 07:00:00,16300.0,16400.0,16000.0,16000.0,1738300,KBS
2026-03-02 07:00:00,16000.0,16000.0,15400.0,16000.0,3625000,KBS
2026-03-03 07:00:00,16000.0,16000.0,15500.0,15800.0,1760200,KBS
2026-03-04 07:00:00,15700.0,15800.0,14900.0,15600.0,3024800,KBS
2026-03-05 07:00:00,15600.0,16000.0,15500.0,15900.0,1560500,KBS
2026-03-06 07:00:00,15900.0,15900.0,15300.0,15300.0,1074300,KBS
2026-03-09 07:00:00,15000.0,15200.0,13800.0,15200.0,5016500,KBS
2026-03-10 07:00:00,14600.0,16000.0,13800.0,16000.0,3148400,KBS
2026-03-11 07:00:00,15100.0,16300.0,15100.0,16300.0,3240000,KBS
2026-03-12 07:00:00,16300.0,16300.0,15800.0,16000.0,1864700,KBS
2026-03-13 07:00:00,15800.0,17000.0,15500.0,16300.0,3419500,KBS
2026-03-16 07:00:00,16300.0,16900.0,16100.0,16700.0,2476700,KBS
2026-03-17 07:00:00,16700.0,16900.0,16200.0,16200.0,1314600,KBS
2026-03-18 07:00:00,16300.0,16400.0,15900.0,16200.0,1584200,KBS
2026-03-19 07:00:00,16200.0,16700.0,15700.0,16200.0,2217100,KBS
2026-03-20 07:00:00,16000.0,16400.0,15900.0,16000.0,2620900,KBS
2026-03-23 07:00:00,16000.0,16000.0,15100.0,15800.0,3278300,KBS
2026-03-24 07:00:00,15800.0,16300.0,15600.0,16200.0,2478600,KBS
2026-03-25 07:00:00,16200.0,16900.0,16200.0,16700.0,4652700,KBS
2026-03-26 07:00:00,16700.0,17600.0,16600.0,17100.0,6319300,KBS
2026-03-27 07:00:00,17100.0,17700.0,16900.0,17500.0,3707900,KBS
2026-03-30 07:00:00,17500.0,17500.0,16900.0,17100.0,2693300,KBS
2026-03-31 07:00:00,17000.0,18300.0,16500.0,17300.0,5614500,KBS
2026-04-01 07:00:00,17700.0,17900.0,16900.0,16900.0,2679000,KBS
2026-04-02 07:00:00,16900.0,17500.0,16500.0,16700.0,3556100,KBS
2026-04-03 07:00:00,16700.0,17000.0,16500.0,16600.0,1811200,KBS
2026-04-06 07:00:00,16600.0,16800.0,15900.0,15900.0,2930000,KBS
2026-04-07 07:00:00,15900.0,16200.0,15800.0,16100.0,1410100,KBS
2026-04-08 07:00:00,16300.0,17000.0,16300.0,16800.0,3930800,KBS
2026-04-09 07:00:00,16800.0,17500.0,16600.0,17300.0,7138400,KBS
2026-04-10 07:00:00,17300.0,17500.0,17000.0,17000.0,2556200,KBS
2026-04-13 07:00:00,17000.0,17500.0,16500.0,16900.0,3774900,KBS
2026-04-14 07:00:00,17000.0,17300.0,16700.0,17000.0,2309900,KBS
2026-04-15 07:00:00,17000.0,17400.0,16800.0,16800.0,3180700,KBS
2026-04-16 07:00:00,16900.0,16900.0,16400.0,16800.0,2544400,KBS
2026-04-17 07:00:00,17000.0,17000.0,16600.0,16600.0,1411100,KBS
2026-04-20 07:00:00,16600.0,17000.0,16400.0,16600.0,1385900,KBS
2026-04-21 07:00:00,16600.0,16800.0,16500.0,16500.0,1233200,KBS
2026-04-22 07:00:00,16500.0,16600.0,16200.0,16200.0,1726600,KBS
2026-04-23 07:00:00,16200.0,16700.0,15800.0,16500.0,3795400,KBS
2026-04-24 07:00:00,16600.0,16800.0,16200.0,16200.0,1166700,KBS
2026-04-28 07:00:00,16300.0,16400.0,16000.0,16000.0,961900,KBS
2026-04-29 07:00:00,16000.0,16100.0,15800.0,15900.0,1985700,KBS
2026-05-04 07:00:00,16000.0,16500.0,15900.0,16300.0,2392100,KBS
2026-05-05 07:00:00,16400.0,16400.0,16100.0,16200.0,720900,KBS
2026-05-06 07:00:00,16400.0,16600.0,16000.0,16300.0,1193800,KBS
2026-05-07 07:00:00,16300.0,16400.0,15900.0,16000.0,2190100,KBS
2026-05-08 07:00:00,16000.0,16100.0,15800.0,15900.0,1455600,KBS
2026-05-11 07:00:00,15900.0,16100.0,15700.0,15700.0,2249000,KBS
2026-05-12 07:00:00,15700.0,15900.0,15600.0,15600.0,1705800,KBS
2026-05-13 07:00:00,15800.0,15800.0,15400.0,15700.0,2638400,KBS
2026-05-14 07:00:00,15700.0,16100.0,15600.0,16000.0,1562800,KBS
2026-05-15 07:00:00,16000.0,16000.0,15700.0,15900.0,975300,KBS
2026-05-18 07:00:00,15800.0,15900.0,15600.0,15800.0,1714200,KBS
2026-05-19 07:00:00,15800.0,15800.0,15500.0,15800.0,1240000,KBS
2026-05-20 07:00:00,15800.0,15800.0,15000.0,15600.0,2994900,KBS
2026-05-21 07:00:00,15600.0,15700.0,15300.0,15700.0,1627500,KBS
2026-05-22 07:00:00,15600.0,15700.0,15400.0,15600.0,862200,KBS
2026-05-25 07:00:00,15600.0,15700.0,15500.0,15600.0,906600,KBS
2026-05-26 07:00:00,15600.0,15600.0,15500.0,15500.0,1362500,KBS
2026-05-27 07:00:00,15500.0,15700.0,15400.0,15600.0,928900,KBS
2026-05-28 07:00:00,15600.0,15600.0,15300.0,15500.0,1533500,KBS
2026-05-29 07:00:00,15400.0,16100.0,15300.0,16100.0,2353300,KBS
2026-06-01 07:00:00,15900.0,15900.0,15500.0,15700.0,1222100,KBS
2026-06-02 07:00:00,15500.0,15700.0,15300.0,15600.0,1307000,KBS
2026-06-03 07:00:00,15400.0,15600.0,15300.0,15600.0,1300600,KBS
2026-06-04 07:00:00,15600.0,15600.0,15400.0,15600.0,1746900,KBS
2026-06-05 07:00:00,15500.0,15600.0,15400.0,15500.0,866300,KBS
