date,open,high,low,close,volume,_source
2020-01-02 07:00:00,20054.0,20346.0,19981.0,20346.0,190950,KBS
2020-01-03 07:00:00,20346.0,20637.0,20200.0,20491.0,212740,KBS
2020-01-06 07:00:00,20491.0,20710.0,20200.0,20200.0,167510,KBS
2020-01-07 07:00:00,20346.0,20564.0,20200.0,20418.0,130620,KBS
2020-01-08 07:00:00,20491.0,20491.0,20200.0,20346.0,175410,KBS
2020-01-09 07:00:00,20200.0,20564.0,20200.0,20418.0,212840,KBS
2020-01-10 07:00:00,20346.0,21294.0,20273.0,21148.0,129480,KBS
2020-01-13 07:00:00,21366.0,21512.0,20491.0,20783.0,179150,KBS
2020-01-14 07:00:00,20637.0,21002.0,20637.0,20929.0,138810,KBS
2020-01-15 07:00:00,20856.0,21002.0,20564.0,20710.0,165710,KBS
2020-01-16 07:00:00,20491.0,20929.0,20418.0,20637.0,187730,KBS
2020-01-17 07:00:00,20783.0,20856.0,20346.0,20491.0,138070,KBS
2020-01-20 07:00:00,20564.0,20856.0,20418.0,20856.0,387030,KBS
2020-01-21 07:00:00,20710.0,21075.0,20710.0,20929.0,190150,KBS
2020-01-22 07:00:00,20856.0,21366.0,20783.0,21294.0,70340,KBS
2020-01-30 07:00:00,21148.0,21512.0,20564.0,21439.0,201680,KBS
2020-01-31 07:00:00,21439.0,21804.0,21294.0,21658.0,155120,KBS
2020-02-03 07:00:00,21512.0,22242.0,21512.0,22242.0,174790,KBS
2020-02-04 07:00:00,22679.0,22898.0,22387.0,22606.0,208100,KBS
2020-02-05 07:00:00,22898.0,22898.0,21658.0,21804.0,267240,KBS
2020-02-06 07:00:00,21877.0,22023.0,21002.0,21221.0,301840,KBS
2020-02-07 07:00:00,21002.0,21002.0,20346.0,20491.0,239900,KBS
2020-02-10 07:00:00,20127.0,20820.0,19689.0,20783.0,336210,KBS
2020-02-11 07:00:00,20710.0,21148.0,20637.0,20929.0,305750,KBS
2020-02-12 07:00:00,20929.0,21075.0,20418.0,20783.0,221950,KBS
2020-02-13 07:00:00,20856.0,21148.0,20273.0,20491.0,199890,KBS
2020-02-14 07:00:00,20418.0,20783.0,19762.0,20564.0,281300,KBS
2020-02-17 07:00:00,20637.0,20856.0,20564.0,20783.0,216630,KBS
2020-02-18 07:00:00,20710.0,21075.0,20637.0,21002.0,196440,KBS
2020-02-19 07:00:00,21366.0,21512.0,20783.0,20856.0,232460,KBS
2020-02-20 07:00:00,20783.0,21148.0,20346.0,20418.0,155740,KBS
2020-02-21 07:00:00,20564.0,20601.0,19908.0,19981.0,139130,KBS
2020-02-24 07:00:00,19908.0,19981.0,19616.0,19835.0,178270,KBS
2020-02-25 07:00:00,19762.0,20200.0,19616.0,19835.0,127990,KBS
2020-02-26 07:00:00,19835.0,19835.0,19543.0,19616.0,171580,KBS
2020-02-27 07:00:00,19398.0,19981.0,18960.0,19908.0,158240,KBS
2020-02-28 07:00:00,19762.0,20054.0,19543.0,19835.0,192630,KBS
2020-03-02 07:00:00,19762.0,20127.0,19762.0,20054.0,171200,KBS
2020-03-03 07:00:00,20273.0,20783.0,19689.0,20491.0,243900,KBS
2020-03-04 07:00:00,20637.0,20856.0,20127.0,20346.0,202580,KBS
2020-03-05 07:00:00,20491.0,20783.0,20418.0,20710.0,261000,KBS
2020-03-06 07:00:00,20856.0,21148.0,19689.0,20418.0,187610,KBS
2020-03-09 07:00:00,20054.0,20273.0,19762.0,19908.0,300850,KBS
2020-03-10 07:00:00,19689.0,20637.0,19616.0,20491.0,245060,KBS
2020-03-11 07:00:00,20491.0,21148.0,19689.0,20127.0,181690,KBS
2020-03-12 07:00:00,20273.0,20418.0,19872.0,19981.0,271720,KBS
2020-03-13 07:00:00,20054.0,20637.0,19835.0,20564.0,296160,KBS
2020-03-16 07:00:00,20929.0,21221.0,19835.0,20273.0,191260,KBS
2020-03-17 07:00:00,20418.0,20491.0,19908.0,20127.0,218230,KBS
2020-03-18 07:00:00,20200.0,20783.0,20200.0,20637.0,191770,KBS
2020-03-19 07:00:00,20929.0,21002.0,19616.0,19981.0,288500,KBS
2020-03-20 07:00:00,20127.0,20127.0,19616.0,19762.0,168680,KBS
2020-03-23 07:00:00,19616.0,20054.0,19398.0,19835.0,181920,KBS
2020-03-24 07:00:00,19872.0,20127.0,19106.0,19689.0,177260,KBS
2020-03-25 07:00:00,19835.0,20418.0,19762.0,20273.0,214030,KBS
2020-03-26 07:00:00,20200.0,20783.0,19981.0,20637.0,171560,KBS
2020-03-27 07:00:00,20783.0,20929.0,20054.0,20273.0,241610,KBS
2020-03-30 07:00:00,20346.0,20418.0,19689.0,19762.0,150950,KBS
2020-03-31 07:00:00,19398.0,20309.0,18814.0,20054.0,157130,KBS
2020-04-01 07:00:00,19908.0,20747.0,19762.0,20564.0,223470,KBS
2020-04-03 07:00:00,20783.0,21038.0,20418.0,20637.0,279900,KBS
2020-04-06 07:00:00,20929.0,21221.0,20346.0,20783.0,230520,KBS
2020-04-07 07:00:00,20637.0,20637.0,20054.0,20200.0,277250,KBS
2020-04-08 07:00:00,19908.0,20273.0,19398.0,20273.0,270290,KBS
2020-04-09 07:00:00,20418.0,21002.0,20418.0,20783.0,223570,KBS
2020-04-10 07:00:00,20564.0,21184.0,20127.0,21002.0,182670,KBS
2020-04-13 07:00:00,21148.0,21294.0,20418.0,20710.0,178270,KBS
2020-04-14 07:00:00,20273.0,20856.0,19835.0,20491.0,248190,KBS
2020-04-15 07:00:00,20564.0,21075.0,20491.0,20856.0,200560,KBS
2020-04-16 07:00:00,20783.0,21148.0,20564.0,21148.0,296780,KBS
2020-04-17 07:00:00,21366.0,21512.0,20710.0,20929.0,320630,KBS
2020-04-20 07:00:00,20418.0,20820.0,20054.0,20710.0,508750,KBS
2020-04-21 07:00:00,20710.0,20856.0,19908.0,20564.0,272950,KBS
2020-04-22 07:00:00,20491.0,20929.0,20346.0,20856.0,257830,KBS
2020-04-23 07:00:00,21075.0,21439.0,20929.0,21366.0,283940,KBS
2020-04-24 07:00:00,21512.0,21658.0,20783.0,21002.0,457590,KBS
2020-04-27 07:00:00,20783.0,21002.0,19908.0,20637.0,408760,KBS
2020-04-28 07:00:00,20491.0,21148.0,20418.0,21002.0,221120,KBS
2020-04-29 07:00:00,21366.0,21512.0,20783.0,21366.0,291260,KBS
2020-05-04 07:00:00,21658.0,21877.0,21002.0,21148.0,317570,KBS
2020-05-05 07:00:00,21221.0,21221.0,20710.0,20783.0,395060,KBS
2020-05-06 07:00:00,20455.0,20856.0,19835.0,20710.0,446170,KBS
2020-05-07 07:00:00,20564.0,21002.0,20418.0,20856.0,414480,KBS
2020-05-08 07:00:00,20637.0,21294.0,20637.0,21148.0,349540,KBS
2020-05-11 07:00:00,20929.0,21585.0,20637.0,20929.0,347080,KBS
2020-05-12 07:00:00,20637.0,21148.0,20127.0,21002.0,426630,KBS
2020-05-13 07:00:00,20856.0,21366.0,20200.0,21221.0,364490,KBS
2020-05-14 07:00:00,21002.0,21585.0,20856.0,21512.0,672830,KBS
2020-05-15 07:00:00,21294.0,21950.0,21294.0,21585.0,398680,KBS
2020-05-18 07:00:00,21366.0,21877.0,20783.0,21075.0,342910,KBS
2020-05-19 07:00:00,21148.0,21403.0,21148.0,21221.0,444890,KBS
2020-05-20 07:00:00,21221.0,21257.0,20892.0,21148.0,423160,KBS
2020-05-21 07:00:00,21221.0,21585.0,21221.0,21366.0,514140,KBS
2020-05-22 07:00:00,21148.0,21148.0,20710.0,20783.0,387200,KBS
2020-05-25 07:00:00,20418.0,21002.0,20418.0,20856.0,322080,KBS
2020-05-26 07:00:00,20783.0,21257.0,20710.0,21075.0,368900,KBS
2020-05-27 07:00:00,20929.0,21221.0,20856.0,21002.0,326780,KBS
2020-05-28 07:00:00,20564.0,21075.0,20054.0,20856.0,367820,KBS
2020-05-29 07:00:00,20929.0,21294.0,20929.0,21148.0,381340,KBS
2020-06-01 07:00:00,21366.0,21877.0,21294.0,21731.0,421000,KBS
2020-06-02 07:00:00,21877.0,22460.0,21877.0,22023.0,495340,KBS
2020-06-03 07:00:00,21804.0,22023.0,21075.0,21585.0,444540,KBS
2020-06-04 07:00:00,21658.0,22169.0,21658.0,22023.0,504020,KBS
2020-06-05 07:00:00,21950.0,22533.0,21877.0,22460.0,389900,KBS
2020-06-08 07:00:00,22752.0,23335.0,22752.0,23117.0,583450,KBS
2020-06-09 07:00:00,23335.0,23335.0,22752.0,22898.0,421930,KBS
2020-06-10 07:00:00,22971.0,23044.0,22314.0,22387.0,535770,KBS
2020-06-11 07:00:00,21877.0,22460.0,21148.0,22169.0,519890,KBS
2020-06-12 07:00:00,21731.0,22242.0,21658.0,21950.0,428000,KBS
2020-06-15 07:00:00,22242.0,22679.0,22242.0,22460.0,394530,KBS
2020-06-16 07:00:00,22314.0,23190.0,21877.0,22898.0,451980,KBS
2020-06-17 07:00:00,22825.0,23262.0,22606.0,23117.0,426040,KBS
2020-06-18 07:00:00,22898.0,23408.0,22752.0,23335.0,536680,KBS
2020-06-19 07:00:00,23627.0,24065.0,23627.0,23846.0,426510,KBS
2020-06-22 07:00:00,23919.0,24065.0,22606.0,23335.0,1090460,KBS
2020-06-23 07:00:00,23117.0,23627.0,23044.0,23481.0,582720,KBS
2020-06-24 07:00:00,23408.0,23919.0,23335.0,23846.0,370870,KBS
2020-06-25 07:00:00,23627.0,24429.0,23554.0,24283.0,401920,KBS
2020-06-26 07:00:00,24721.0,25231.0,24065.0,24065.0,512330,KBS
2020-06-29 07:00:00,23335.0,23773.0,22971.0,23700.0,661560,KBS
2020-06-30 07:00:00,23627.0,24138.0,23554.0,23992.0,338950,KBS
2020-07-01 07:00:00,23773.0,24794.0,23627.0,24539.0,488270,KBS
2020-07-02 07:00:00,24794.0,25377.0,24210.0,24283.0,448930,KBS
2020-07-03 07:00:00,24283.0,24356.0,23700.0,23773.0,554370,KBS
2020-07-06 07:00:00,23554.0,24065.0,23117.0,23992.0,550040,KBS
2020-07-07 07:00:00,23773.0,24356.0,23773.0,24210.0,625440,KBS
2020-07-08 07:00:00,24065.0,24648.0,23919.0,24429.0,412040,KBS
2020-07-09 07:00:00,24940.0,25377.0,24575.0,24721.0,601230,KBS
2020-07-10 07:00:00,24283.0,24721.0,24065.0,24138.0,567800,KBS
2020-07-13 07:00:00,23992.0,24356.0,23627.0,23627.0,647060,KBS
2020-07-14 07:00:00,23481.0,23627.0,22679.0,23335.0,579750,KBS
2020-07-15 07:00:00,23190.0,23992.0,23117.0,23700.0,628490,KBS
2020-07-16 07:00:00,23554.0,24283.0,23554.0,24065.0,560690,KBS
2020-07-17 07:00:00,24210.0,24648.0,23481.0,23627.0,556230,KBS
2020-07-20 07:00:00,23335.0,23481.0,22825.0,22898.0,621040,KBS
2020-07-21 07:00:00,22606.0,22752.0,21950.0,22460.0,655180,KBS
2020-07-22 07:00:00,22314.0,22825.0,22314.0,22825.0,676070,KBS
2020-07-23 07:00:00,22752.0,23408.0,22606.0,23335.0,500210,KBS
2020-07-24 07:00:00,22971.0,23335.0,22971.0,23044.0,488530,KBS
2020-07-27 07:00:00,22606.0,22898.0,22169.0,22242.0,621580,KBS
2020-07-28 07:00:00,21877.0,22606.0,21439.0,22533.0,528720,KBS
2020-07-29 07:00:00,22314.0,22314.0,21366.0,21950.0,653940,KBS
2020-07-30 07:00:00,22023.0,22314.0,21877.0,22096.0,508640,KBS
2020-07-31 07:00:00,22169.0,22387.0,21148.0,21804.0,587510,KBS
2020-08-03 07:00:00,21804.0,22314.0,21366.0,22242.0,460030,KBS
2020-08-04 07:00:00,22314.0,22825.0,22314.0,22606.0,666740,KBS
2020-08-05 07:00:00,22460.0,23044.0,21877.0,22752.0,621490,KBS
2020-08-06 07:00:00,22679.0,22898.0,21585.0,22096.0,582950,KBS
2020-08-07 07:00:00,22169.0,22169.0,21439.0,21658.0,676640,KBS
2020-08-10 07:00:00,21476.0,22314.0,21366.0,21950.0,587990,KBS
2020-08-11 07:00:00,21731.0,22242.0,21294.0,22023.0,725900,KBS
2020-08-12 07:00:00,21950.0,22242.0,21221.0,21512.0,614410,KBS
2020-08-13 07:00:00,21585.0,22023.0,21294.0,21731.0,593880,KBS
2020-08-14 07:00:00,21585.0,22169.0,21294.0,21877.0,694110,KBS
2020-08-17 07:00:00,22023.0,22242.0,21221.0,21658.0,753320,KBS
2020-08-18 07:00:00,21439.0,22169.0,21221.0,21877.0,662140,KBS
2020-08-19 07:00:00,21658.0,22387.0,21366.0,22096.0,723610,KBS
2020-08-20 07:00:00,22242.0,22387.0,21439.0,21877.0,623230,KBS
2020-08-21 07:00:00,21877.0,22314.0,21512.0,22023.0,612430,KBS
2020-08-24 07:00:00,21877.0,22533.0,21585.0,22314.0,645690,KBS
2020-08-25 07:00:00,22096.0,22679.0,21658.0,22460.0,810010,KBS
2020-08-26 07:00:00,22679.0,22971.0,21877.0,22314.0,593960,KBS
2020-08-27 07:00:00,22096.0,22898.0,21658.0,22533.0,671170,KBS
2020-08-28 07:00:00,22679.0,22752.0,22096.0,22242.0,696690,KBS
2020-08-31 07:00:00,22460.0,22825.0,21950.0,22314.0,651970,KBS
2020-09-01 07:00:00,22096.0,22679.0,21585.0,22387.0,662110,KBS
2020-09-03 07:00:00,22242.0,22971.0,21731.0,22533.0,926590,KBS
2020-09-04 07:00:00,22533.0,22533.0,22023.0,22096.0,643780,KBS
2020-09-07 07:00:00,21950.0,22314.0,21658.0,22242.0,739110,KBS
2020-09-08 07:00:00,22169.0,22752.0,22169.0,22460.0,670830,KBS
2020-09-09 07:00:00,22314.0,22387.0,21731.0,22169.0,865910,KBS
2020-09-10 07:00:00,22314.0,22679.0,22242.0,22387.0,483080,KBS
2020-09-11 07:00:00,22242.0,22387.0,21950.0,22242.0,710580,KBS
2020-09-14 07:00:00,22169.0,22752.0,22169.0,22460.0,901330,KBS
2020-09-15 07:00:00,22314.0,22752.0,22096.0,22606.0,529420,KBS
2020-09-16 07:00:00,22460.0,23117.0,22387.0,22825.0,711030,KBS
2020-09-17 07:00:00,22971.0,22971.0,22387.0,22825.0,667250,KBS
2020-09-18 07:00:00,23044.0,23335.0,22752.0,22971.0,538790,KBS
2020-09-21 07:00:00,23190.0,23445.0,23044.0,23262.0,637940,KBS
2020-09-22 07:00:00,23335.0,23554.0,22971.0,23044.0,804350,KBS
2020-09-23 07:00:00,23117.0,23262.0,22898.0,23117.0,481610,KBS
2020-09-24 07:00:00,23044.0,23044.0,22606.0,22752.0,542950,KBS
2020-09-25 07:00:00,22825.0,22898.0,22387.0,22460.0,415080,KBS
2020-09-28 07:00:00,22533.0,22533.0,22169.0,22242.0,247530,KBS
2020-09-29 07:00:00,22169.0,22533.0,22023.0,22242.0,848980,KBS
2020-09-30 07:00:00,22169.0,22606.0,22096.0,22533.0,282640,KBS
2020-10-01 07:00:00,22460.0,22971.0,22387.0,22898.0,624810,KBS
2020-10-02 07:00:00,22825.0,23117.0,22752.0,23044.0,684600,KBS
2020-10-05 07:00:00,22898.0,23554.0,22679.0,23408.0,693840,KBS
2020-10-06 07:00:00,23481.0,23846.0,23044.0,23335.0,651230,KBS
2020-10-07 07:00:00,23190.0,23919.0,22898.0,23773.0,765780,KBS
2020-10-08 07:00:00,23919.0,24065.0,23262.0,23554.0,649770,KBS
2020-10-09 07:00:00,23408.0,23846.0,23044.0,23700.0,840780,KBS
2020-10-12 07:00:00,23919.0,24210.0,23919.0,24065.0,738870,KBS
2020-10-13 07:00:00,24138.0,24283.0,23627.0,23773.0,636160,KBS
2020-10-14 07:00:00,23773.0,24138.0,23262.0,24065.0,1061380,KBS
2020-10-15 07:00:00,23992.0,24429.0,23919.0,24283.0,533010,KBS
2020-10-16 07:00:00,24138.0,24721.0,24065.0,24575.0,551700,KBS
2020-10-19 07:00:00,24794.0,24867.0,24429.0,24502.0,525640,KBS
2020-10-20 07:00:00,24502.0,24575.0,23919.0,24429.0,398990,KBS
2020-10-21 07:00:00,24429.0,24940.0,24429.0,24648.0,494810,KBS
2020-10-22 07:00:00,24575.0,24867.0,24429.0,24721.0,491000,KBS
2020-10-23 07:00:00,24648.0,25231.0,24575.0,25086.0,481150,KBS
2020-10-26 07:00:00,25231.0,25523.0,25231.0,25377.0,484540,KBS
2020-10-27 07:00:00,25304.0,25450.0,25086.0,25158.0,435370,KBS
2020-10-28 07:00:00,25013.0,25013.0,24502.0,24648.0,586820,KBS
2020-10-29 07:00:00,24429.0,24502.0,24065.0,24065.0,578440,KBS
2020-10-30 07:00:00,24065.0,24065.0,23190.0,23372.0,575070,KBS
2020-11-02 07:00:00,23226.0,23481.0,22242.0,23481.0,157310,KBS
2020-11-03 07:00:00,23554.0,23846.0,23262.0,23736.0,239320,KBS
2020-11-04 07:00:00,23335.0,23773.0,23117.0,23554.0,116060,KBS
2020-11-05 07:00:00,23664.0,23664.0,22606.0,22934.0,398190,KBS
2020-11-06 07:00:00,24028.0,24028.0,22242.0,23080.0,249350,KBS
2020-11-09 07:00:00,22971.0,23335.0,22242.0,22314.0,300940,KBS
2020-11-10 07:00:00,22314.0,22898.0,21731.0,22387.0,481090,KBS
2020-11-11 07:00:00,22533.0,22533.0,21148.0,21294.0,821110,KBS
2020-11-12 07:00:00,21366.0,21585.0,19981.0,21075.0,441460,KBS
2020-11-13 07:00:00,20017.0,21986.0,19981.0,20236.0,607610,KBS
2020-11-16 07:00:00,20236.0,21585.0,20236.0,21585.0,272050,KBS
2020-11-17 07:00:00,21950.0,22023.0,20710.0,22023.0,458810,KBS
2020-11-18 07:00:00,21585.0,22023.0,20491.0,22023.0,164780,KBS
2020-11-19 07:00:00,21950.0,22169.0,20820.0,22169.0,223400,KBS
2020-11-20 07:00:00,21148.0,22096.0,21075.0,22096.0,266640,KBS
2020-11-23 07:00:00,21512.0,22096.0,21148.0,22096.0,232460,KBS
2020-11-24 07:00:00,22606.0,22606.0,21366.0,22460.0,241030,KBS
2020-11-25 07:00:00,22242.0,22242.0,21585.0,21877.0,309850,KBS
2020-11-26 07:00:00,21804.0,22023.0,21658.0,22023.0,252160,KBS
2020-11-27 07:00:00,21658.0,22497.0,21512.0,22242.0,89260,KBS
2020-11-30 07:00:00,22242.0,22387.0,21950.0,22169.0,227190,KBS
2020-12-01 07:00:00,22242.0,22242.0,21512.0,22205.0,176350,KBS
2020-12-02 07:00:00,21913.0,22205.0,21913.0,22205.0,201770,KBS
2020-12-03 07:00:00,22205.0,22314.0,22059.0,22096.0,209920,KBS
2020-12-04 07:00:00,21804.0,22314.0,21768.0,22132.0,376860,KBS
2020-12-07 07:00:00,22132.0,23262.0,21950.0,22096.0,625120,KBS
2020-12-08 07:00:00,22132.0,22497.0,22132.0,22169.0,137310,KBS
2020-12-09 07:00:00,22169.0,22825.0,22169.0,22752.0,201770,KBS
2020-12-10 07:00:00,24283.0,24283.0,21512.0,22132.0,493580,KBS
2020-12-11 07:00:00,21512.0,22059.0,21512.0,21840.0,130190,KBS
2020-12-14 07:00:00,21585.0,22314.0,21585.0,22023.0,173360,KBS
2020-12-15 07:00:00,22023.0,22460.0,21950.0,22169.0,174270,KBS
2020-12-16 07:00:00,22096.0,22497.0,22096.0,22497.0,211800,KBS
2020-12-17 07:00:00,24065.0,24065.0,22497.0,24065.0,140840,KBS
2020-12-18 07:00:00,24065.0,25742.0,24065.0,25523.0,148280,KBS
2020-12-21 07:00:00,26252.0,26252.0,23736.0,23736.0,249980,KBS
2020-12-22 07:00:00,23736.0,23736.0,22242.0,22533.0,103640,KBS
2020-12-23 07:00:00,22606.0,22898.0,21512.0,21512.0,432840,KBS
2020-12-24 07:00:00,21512.0,22242.0,21184.0,22242.0,32040,KBS
2020-12-25 07:00:00,21877.0,23700.0,21512.0,23700.0,252590,KBS
2020-12-28 07:00:00,22500.0,24950.0,22500.0,24450.0,242860,KBS
2020-12-29 07:00:00,24450.0,24450.0,24000.0,24250.0,85180,KBS
2020-12-30 07:00:00,24750.0,24750.0,24000.0,24000.0,294820,KBS
2020-12-31 07:00:00,23400.0,24400.0,23400.0,24300.0,218030,KBS
2021-01-04 07:00:00,24850.0,24850.0,24300.0,24400.0,577400,KBS
2021-01-05 07:00:00,24750.0,24750.0,24300.0,24300.0,564100,KBS
2021-01-06 07:00:00,24650.0,24650.0,23950.0,24600.0,185800,KBS
2021-01-07 07:00:00,24050.0,24500.0,24000.0,24500.0,270300,KBS
2021-01-08 07:00:00,24200.0,24500.0,23900.0,24500.0,245100,KBS
2021-01-11 07:00:00,24650.0,24650.0,24100.0,24500.0,380100,KBS
2021-01-12 07:00:00,24250.0,24500.0,24250.0,24500.0,471500,KBS
2021-01-13 07:00:00,24250.0,24500.0,24200.0,24500.0,510400,KBS
2021-01-14 07:00:00,24200.0,24500.0,24200.0,24500.0,334000,KBS
2021-01-15 07:00:00,24200.0,24500.0,24150.0,24500.0,667500,KBS
2021-01-18 07:00:00,24500.0,24650.0,24200.0,24550.0,932800,KBS
2021-01-19 07:00:00,24200.0,24700.0,24200.0,24550.0,327600,KBS
2021-01-20 07:00:00,24550.0,24550.0,24150.0,24200.0,278800,KBS
2021-01-21 07:00:00,25000.0,25000.0,24200.0,24500.0,308000,KBS
2021-01-22 07:00:00,24350.0,24850.0,24300.0,24500.0,303000,KBS
2021-01-25 07:00:00,24500.0,24500.0,24300.0,24500.0,371000,KBS
2021-01-26 07:00:00,24450.0,24800.0,24450.0,24500.0,419800,KBS
2021-01-27 07:00:00,24350.0,24500.0,24250.0,24450.0,247600,KBS
2021-01-28 07:00:00,24200.0,24250.0,23000.0,24000.0,332900,KBS
2021-01-29 07:00:00,23900.0,24250.0,23450.0,24250.0,267100,KBS
2021-02-01 07:00:00,24200.0,24400.0,24150.0,24250.0,662400,KBS
2021-02-02 07:00:00,24150.0,24350.0,24150.0,24350.0,604100,KBS
2021-02-03 07:00:00,24350.0,24500.0,24300.0,24500.0,628500,KBS
2021-02-04 07:00:00,24500.0,24600.0,24150.0,24600.0,327400,KBS
2021-02-05 07:00:00,24400.0,24700.0,24200.0,24600.0,340800,KBS
2021-02-08 07:00:00,24900.0,24900.0,24300.0,24650.0,238700,KBS
2021-02-09 07:00:00,24650.0,24650.0,24250.0,24650.0,236100,KBS
2021-02-17 07:00:00,24300.0,24800.0,24150.0,24800.0,511500,KBS
2021-02-18 07:00:00,24300.0,24700.0,24300.0,24650.0,481000,KBS
2021-02-19 07:00:00,24800.0,24900.0,24450.0,24650.0,503800,KBS
2021-02-22 07:00:00,24450.0,24900.0,24300.0,24650.0,1034200,KBS
2021-02-23 07:00:00,24750.0,24850.0,24300.0,24650.0,432800,KBS
2021-02-24 07:00:00,24550.0,24800.0,24350.0,24650.0,794000,KBS
2021-02-25 07:00:00,24600.0,24700.0,24450.0,24650.0,557800,KBS
2021-02-26 07:00:00,24350.0,24650.0,24350.0,24650.0,214600,KBS
2021-03-01 07:00:00,24200.0,24650.0,24200.0,24650.0,627100,KBS
2021-03-02 07:00:00,24650.0,24650.0,24400.0,24650.0,391300,KBS
2021-03-03 07:00:00,24400.0,24650.0,24400.0,24600.0,389100,KBS
2021-03-04 07:00:00,24500.0,24650.0,24300.0,24550.0,106300,KBS
2021-03-05 07:00:00,24550.0,24700.0,24400.0,24700.0,205100,KBS
2021-03-08 07:00:00,24700.0,24700.0,24350.0,24450.0,284500,KBS
2021-03-09 07:00:00,24450.0,24700.0,24300.0,24700.0,345000,KBS
2021-03-10 07:00:00,24500.0,24800.0,24350.0,24800.0,329700,KBS
2021-03-11 07:00:00,24700.0,24800.0,24500.0,24800.0,211600,KBS
2021-03-12 07:00:00,24700.0,24750.0,24650.0,24750.0,294300,KBS
2021-03-15 07:00:00,24700.0,24800.0,24650.0,24750.0,477300,KBS
2021-03-16 07:00:00,24750.0,24900.0,24600.0,24600.0,627700,KBS
2021-03-17 07:00:00,24500.0,24650.0,24500.0,24600.0,561700,KBS
2021-03-18 07:00:00,24050.0,24300.0,24050.0,24250.0,277500,KBS
2021-03-19 07:00:00,24050.0,24200.0,23950.0,24200.0,632700,KBS
2021-03-22 07:00:00,24200.0,24250.0,24200.0,24250.0,297300,KBS
2021-03-23 07:00:00,24300.0,24300.0,24100.0,24300.0,497800,KBS
2021-03-24 07:00:00,24150.0,24300.0,24150.0,24300.0,471200,KBS
2021-03-25 07:00:00,24300.0,24300.0,24000.0,24050.0,274800,KBS
2021-03-26 07:00:00,24200.0,24300.0,24150.0,24150.0,242900,KBS
2021-03-29 07:00:00,24200.0,24600.0,24200.0,24500.0,242100,KBS
2021-03-30 07:00:00,24550.0,24900.0,24200.0,24500.0,246400,KBS
2021-03-31 07:00:00,24300.0,24600.0,24300.0,24600.0,226700,KBS
2021-04-01 07:00:00,24550.0,24650.0,24550.0,24650.0,389000,KBS
2021-04-02 07:00:00,24350.0,24700.0,24350.0,24700.0,221900,KBS
2021-04-05 07:00:00,24700.0,24800.0,24600.0,24700.0,393900,KBS
2021-04-06 07:00:00,24500.0,24700.0,24500.0,24700.0,379000,KBS
2021-04-07 07:00:00,24600.0,25000.0,24450.0,24800.0,418200,KBS
2021-04-08 07:00:00,24800.0,25150.0,24700.0,24900.0,335300,KBS
2021-04-09 07:00:00,25000.0,25200.0,24700.0,24950.0,372700,KBS
2021-04-12 07:00:00,24950.0,25000.0,24900.0,25000.0,343100,KBS
2021-04-13 07:00:00,25000.0,25500.0,25000.0,25300.0,551200,KBS
2021-04-14 07:00:00,25300.0,25600.0,25300.0,25600.0,504300,KBS
2021-04-15 07:00:00,25600.0,25800.0,25500.0,25800.0,566500,KBS
2021-04-16 07:00:00,25800.0,25800.0,25700.0,25700.0,211200,KBS
2021-04-19 07:00:00,25700.0,25900.0,25700.0,25850.0,344300,KBS
2021-04-20 07:00:00,25850.0,25900.0,25800.0,25800.0,444000,KBS
2021-04-22 07:00:00,25800.0,25800.0,25600.0,25800.0,387900,KBS
2021-04-23 07:00:00,25600.0,25800.0,25550.0,25800.0,396700,KBS
2021-04-26 07:00:00,25600.0,25900.0,25600.0,25800.0,192300,KBS
2021-04-27 07:00:00,25600.0,25800.0,25500.0,25800.0,334300,KBS
2021-04-28 07:00:00,25800.0,26200.0,25800.0,25900.0,654700,KBS
2021-04-29 07:00:00,25900.0,26000.0,25800.0,25900.0,503700,KBS
2021-05-04 07:00:00,26000.0,26000.0,25800.0,25900.0,399000,KBS
2021-05-05 07:00:00,25800.0,25850.0,25700.0,25850.0,542600,KBS
2021-05-06 07:00:00,25850.0,25950.0,25700.0,25700.0,404800,KBS
2021-05-07 07:00:00,25700.0,26000.0,25500.0,25900.0,320500,KBS
2021-05-10 07:00:00,25800.0,25900.0,25800.0,25900.0,585100,KBS
2021-05-11 07:00:00,25700.0,25700.0,25200.0,25400.0,488900,KBS
2021-05-12 07:00:00,25500.0,25900.0,25300.0,25400.0,566300,KBS
2021-05-13 07:00:00,25000.0,25400.0,25000.0,25400.0,267400,KBS
2021-05-14 07:00:00,25000.0,25400.0,24650.0,25400.0,335600,KBS
2021-05-17 07:00:00,25400.0,25500.0,25000.0,25400.0,467700,KBS
2021-05-18 07:00:00,25000.0,25400.0,24700.0,25350.0,550500,KBS
2021-05-19 07:00:00,25800.0,25800.0,24650.0,25350.0,270500,KBS
2021-05-20 07:00:00,25350.0,25350.0,24600.0,25350.0,217000,KBS
2021-05-21 07:00:00,24950.0,25500.0,24850.0,25400.0,224000,KBS
2021-05-24 07:00:00,25400.0,25800.0,25300.0,25800.0,392100,KBS
2021-05-25 07:00:00,25800.0,26150.0,25800.0,26150.0,286600,KBS
2021-05-26 07:00:00,26000.0,26400.0,25700.0,26300.0,277900,KBS
2021-05-27 07:00:00,26600.0,26700.0,26400.0,26500.0,235800,KBS
2021-05-28 07:00:00,26600.0,26800.0,26550.0,26800.0,228600,KBS
2021-05-31 07:00:00,26800.0,27000.0,26600.0,27000.0,126000,KBS
2021-06-01 07:00:00,27000.0,27300.0,27000.0,27300.0,503800,KBS
2021-06-02 07:00:00,27500.0,27500.0,27300.0,27500.0,208800,KBS
2021-06-03 07:00:00,27500.0,27700.0,27500.0,27700.0,272700,KBS
2021-06-04 07:00:00,27750.0,28000.0,27700.0,27900.0,249500,KBS
2021-06-07 07:00:00,27900.0,28200.0,27700.0,28100.0,310600,KBS
2021-06-08 07:00:00,28250.0,28250.0,27700.0,28150.0,250300,KBS
2021-06-09 07:00:00,28100.0,28200.0,27900.0,28200.0,279800,KBS
2021-06-10 07:00:00,27900.0,28300.0,27900.0,28250.0,257500,KBS
2021-06-11 07:00:00,27900.0,28350.0,27900.0,28300.0,227900,KBS
2021-06-14 07:00:00,27500.0,28450.0,27500.0,28300.0,285500,KBS
2021-06-15 07:00:00,28100.0,28350.0,28100.0,28350.0,273600,KBS
2021-06-16 07:00:00,27900.0,28450.0,27900.0,28300.0,244600,KBS
2021-06-17 07:00:00,28000.0,28350.0,27700.0,28350.0,243800,KBS
2021-06-18 07:00:00,28350.0,28450.0,28300.0,28450.0,200300,KBS
2021-06-21 07:00:00,28450.0,28600.0,28400.0,28600.0,351100,KBS
2021-06-22 07:00:00,28750.0,28750.0,28650.0,28650.0,291400,KBS
2021-06-23 07:00:00,28400.0,28700.0,28200.0,28700.0,280400,KBS
2021-06-24 07:00:00,28750.0,28750.0,28500.0,28750.0,297300,KBS
2021-06-25 07:00:00,28500.0,28850.0,28400.0,28750.0,266200,KBS
2021-06-28 07:00:00,28550.0,28850.0,28550.0,28800.0,345900,KBS
2021-06-29 07:00:00,28800.0,28900.0,28700.0,28850.0,308300,KBS
2021-06-30 07:00:00,28850.0,28900.0,28800.0,28900.0,209600,KBS
2021-07-01 07:00:00,28550.0,29100.0,28550.0,28950.0,230000,KBS
2021-07-02 07:00:00,28500.0,28950.0,28500.0,28950.0,258000,KBS
2021-07-05 07:00:00,28700.0,29000.0,28500.0,28950.0,327400,KBS
2021-07-06 07:00:00,29000.0,29000.0,28600.0,28900.0,303700,KBS
2021-07-07 07:00:00,28500.0,29000.0,28500.0,29000.0,234100,KBS
2021-07-08 07:00:00,28700.0,29100.0,28700.0,28900.0,223600,KBS
2021-07-09 07:00:00,29100.0,29500.0,28600.0,28800.0,235600,KBS
2021-07-12 07:00:00,28800.0,28900.0,28600.0,28600.0,370100,KBS
2021-07-13 07:00:00,28700.0,28750.0,28500.0,28550.0,201200,KBS
2021-07-14 07:00:00,28550.0,28800.0,28400.0,28500.0,222600,KBS
2021-07-15 07:00:00,28500.0,28650.0,28500.0,28550.0,245600,KBS
2021-07-16 07:00:00,28600.0,28800.0,28400.0,28400.0,225700,KBS
2021-07-19 07:00:00,28500.0,28600.0,28350.0,28350.0,298100,KBS
2021-07-20 07:00:00,28200.0,28700.0,28200.0,28400.0,228600,KBS
2021-07-21 07:00:00,28350.0,28700.0,28200.0,28450.0,236500,KBS
2021-07-22 07:00:00,28600.0,28900.0,28500.0,28550.0,211700,KBS
2021-07-23 07:00:00,28400.0,28900.0,28200.0,28600.0,264800,KBS
2021-07-26 07:00:00,28700.0,28800.0,28600.0,28600.0,273900,KBS
2021-07-27 07:00:00,28700.0,28900.0,28500.0,28700.0,341300,KBS
2021-07-28 07:00:00,28700.0,30700.0,28700.0,29100.0,397300,KBS
2021-07-29 07:00:00,29500.0,29900.0,28800.0,28800.0,390500,KBS
2021-07-30 07:00:00,28800.0,29400.0,28800.0,28800.0,311500,KBS
2021-08-02 07:00:00,28500.0,28800.0,28000.0,28000.0,332200,KBS
2021-08-03 07:00:00,27900.0,28100.0,27050.0,28000.0,456600,KBS
2021-08-04 07:00:00,28000.0,28800.0,28000.0,28300.0,410900,KBS
2021-08-05 07:00:00,28700.0,29500.0,28400.0,28400.0,260000,KBS
2021-08-06 07:00:00,28900.0,28950.0,28400.0,28450.0,262000,KBS
2021-08-09 07:00:00,28100.0,28900.0,28100.0,28450.0,269300,KBS
2021-08-10 07:00:00,28600.0,28600.0,28400.0,28450.0,266800,KBS
2021-08-11 07:00:00,28800.0,28800.0,28450.0,28500.0,302700,KBS
2021-08-12 07:00:00,28400.0,28700.0,28300.0,28400.0,242700,KBS
2021-08-13 07:00:00,28650.0,28650.0,28400.0,28400.0,207200,KBS
2021-08-16 07:00:00,28000.0,28450.0,27950.0,28450.0,219500,KBS
2021-08-17 07:00:00,28600.0,28800.0,28450.0,28450.0,220000,KBS
2021-08-18 07:00:00,28800.0,29000.0,28500.0,28500.0,227300,KBS
2021-08-19 07:00:00,28800.0,29000.0,28550.0,28550.0,212700,KBS
2021-08-20 07:00:00,28800.0,28800.0,28000.0,28050.0,215100,KBS
2021-08-23 07:00:00,27950.0,28050.0,27900.0,27950.0,220400,KBS
2021-08-24 07:00:00,28000.0,28900.0,27950.0,28050.0,232500,KBS
2021-08-25 07:00:00,28050.0,28500.0,28000.0,28350.0,201500,KBS
2021-08-26 07:00:00,28300.0,28300.0,28100.0,28300.0,201600,KBS
2021-08-27 07:00:00,29000.0,29000.0,28300.0,28550.0,216800,KBS
2021-08-30 07:00:00,28300.0,28600.0,28200.0,28600.0,221800,KBS
2021-08-31 07:00:00,28900.0,28900.0,28400.0,28700.0,214700,KBS
2021-09-01 07:00:00,28300.0,29500.0,28300.0,28800.0,223300,KBS
2021-09-06 07:00:00,28800.0,29000.0,28700.0,28900.0,302000,KBS
2021-09-07 07:00:00,28800.0,29050.0,28800.0,28800.0,308300,KBS
2021-09-08 07:00:00,28800.0,29100.0,28700.0,29000.0,223700,KBS
2021-09-09 07:00:00,29000.0,29500.0,28800.0,29500.0,308700,KBS
2021-09-10 07:00:00,29600.0,30000.0,29600.0,30000.0,213300,KBS
2021-09-13 07:00:00,30900.0,30900.0,30050.0,30150.0,228800,KBS
2021-09-14 07:00:00,30100.0,31000.0,30000.0,30500.0,257500,KBS
2021-09-15 07:00:00,30900.0,30900.0,30200.0,30650.0,302400,KBS
2021-09-16 07:00:00,30600.0,30700.0,30200.0,30700.0,223500,KBS
2021-09-17 07:00:00,30700.0,31800.0,30700.0,31800.0,289400,KBS
2021-09-20 07:00:00,31800.0,32400.0,31800.0,32200.0,249700,KBS
2021-09-21 07:00:00,32700.0,32700.0,31900.0,31900.0,245100,KBS
2021-09-22 07:00:00,32000.0,32500.0,31800.0,31800.0,260900,KBS
2021-09-23 07:00:00,33200.0,33200.0,31000.0,31800.0,187200,KBS
2021-09-24 07:00:00,31400.0,32500.0,31400.0,31800.0,632900,KBS
2021-09-27 07:00:00,31500.0,31800.0,31100.0,31100.0,185300,KBS
2021-09-28 07:00:00,30600.0,30800.0,30300.0,30400.0,211600,KBS
2021-09-29 07:00:00,30400.0,31000.0,30100.0,30400.0,189300,KBS
2021-09-30 07:00:00,30150.0,31400.0,30150.0,30450.0,227700,KBS
2021-10-01 07:00:00,30400.0,30900.0,30100.0,30450.0,209300,KBS
2021-10-04 07:00:00,31550.0,31800.0,31200.0,31300.0,226300,KBS
2021-10-05 07:00:00,31300.0,31500.0,31200.0,31400.0,218600,KBS
2021-10-06 07:00:00,31100.0,31450.0,31100.0,31450.0,358100,KBS
2021-10-07 07:00:00,31200.0,31600.0,31200.0,31500.0,560200,KBS
2021-10-08 07:00:00,31800.0,31800.0,31500.0,31500.0,302800,KBS
2021-10-11 07:00:00,31500.0,31800.0,31300.0,31600.0,320100,KBS
2021-10-12 07:00:00,31400.0,32000.0,31400.0,31700.0,369300,KBS
2021-10-13 07:00:00,31600.0,32300.0,31600.0,31750.0,346900,KBS
2021-10-14 07:00:00,31750.0,32400.0,31300.0,31800.0,356600,KBS
2021-10-15 07:00:00,31900.0,33500.0,31900.0,32000.0,494700,KBS
2021-10-18 07:00:00,33800.0,33800.0,32200.0,32200.0,507200,KBS
2021-10-19 07:00:00,33400.0,33400.0,31900.0,31900.0,466700,KBS
2021-10-20 07:00:00,31700.0,32800.0,31300.0,32100.0,259000,KBS
2021-10-21 07:00:00,31900.0,32700.0,31700.0,32250.0,300500,KBS
2021-10-22 07:00:00,32250.0,32400.0,31800.0,32300.0,311600,KBS
2021-10-25 07:00:00,32600.0,33100.0,32300.0,32400.0,281700,KBS
2021-10-26 07:00:00,32400.0,32500.0,30450.0,32500.0,346100,KBS
2021-10-27 07:00:00,32500.0,32700.0,32300.0,32500.0,187000,KBS
2021-10-28 07:00:00,32500.0,32950.0,32200.0,32550.0,302100,KBS
2021-10-29 07:00:00,32550.0,32700.0,32500.0,32700.0,339600,KBS
2021-11-01 07:00:00,34850.0,34850.0,32600.0,33000.0,448400,KBS
2021-11-02 07:00:00,33000.0,33950.0,32800.0,33500.0,361900,KBS
2021-11-03 07:00:00,34000.0,34500.0,33600.0,34000.0,385400,KBS
2021-11-04 07:00:00,34000.0,34500.0,33900.0,34450.0,235200,KBS
2021-11-05 07:00:00,34450.0,35800.0,34450.0,34850.0,259900,KBS
2021-11-08 07:00:00,34900.0,35500.0,34850.0,34900.0,316500,KBS
2021-11-09 07:00:00,35000.0,35150.0,33500.0,34400.0,225600,KBS
2021-11-10 07:00:00,33800.0,33900.0,32800.0,33050.0,385900,KBS
2021-11-11 07:00:00,33050.0,33050.0,32200.0,32350.0,670800,KBS
2021-11-12 07:00:00,33000.0,33000.0,32000.0,32250.0,244300,KBS
2021-11-15 07:00:00,32250.0,32900.0,32000.0,32150.0,376900,KBS
2021-11-16 07:00:00,31500.0,31500.0,30800.0,31250.0,195600,KBS
2021-11-17 07:00:00,31250.0,31700.0,31150.0,31400.0,333600,KBS
2021-11-18 07:00:00,31500.0,31800.0,31400.0,31450.0,230200,KBS
2021-11-19 07:00:00,31400.0,32000.0,31400.0,31450.0,214600,KBS
2021-11-22 07:00:00,31400.0,31450.0,31050.0,31450.0,234900,KBS
2021-11-23 07:00:00,31500.0,32100.0,31450.0,31700.0,291300,KBS
2021-11-24 07:00:00,31700.0,32400.0,31700.0,31800.0,298900,KBS
2021-11-25 07:00:00,32000.0,32000.0,31150.0,31300.0,522900,KBS
2021-11-26 07:00:00,31300.0,31550.0,31200.0,31550.0,311200,KBS
2021-11-29 07:00:00,31300.0,31800.0,31300.0,31550.0,182800,KBS
2021-11-30 07:00:00,33300.0,33300.0,31800.0,31850.0,251500,KBS
2021-12-01 07:00:00,31700.0,32500.0,31550.0,31900.0,245200,KBS
2021-12-02 07:00:00,31700.0,32300.0,31700.0,32000.0,253900,KBS
2021-12-03 07:00:00,31800.0,32000.0,31550.0,31550.0,242800,KBS
2021-12-06 07:00:00,31550.0,31800.0,31400.0,31400.0,420300,KBS
2021-12-07 07:00:00,31400.0,31800.0,31400.0,31550.0,328700,KBS
2021-12-08 07:00:00,31550.0,31650.0,31550.0,31600.0,208000,KBS
2021-12-09 07:00:00,31700.0,31700.0,31200.0,31600.0,259700,KBS
2021-12-10 07:00:00,31600.0,31800.0,31400.0,31550.0,218600,KBS
2021-12-13 07:00:00,31400.0,31650.0,31400.0,31550.0,232800,KBS
2021-12-14 07:00:00,31550.0,31600.0,31500.0,31600.0,297300,KBS
2021-12-15 07:00:00,31600.0,31750.0,31550.0,31650.0,241300,KBS
2021-12-16 07:00:00,31500.0,31800.0,31500.0,31700.0,283700,KBS
2021-12-17 07:00:00,31700.0,31750.0,31600.0,31750.0,229300,KBS
2021-12-20 07:00:00,31850.0,31900.0,31650.0,31750.0,344300,KBS
2021-12-21 07:00:00,31750.0,31800.0,31700.0,31800.0,199300,KBS
2021-12-22 07:00:00,31700.0,32500.0,31700.0,32100.0,312900,KBS
2021-12-23 07:00:00,32100.0,32800.0,32000.0,32500.0,480800,KBS
2021-12-24 07:00:00,33000.0,34500.0,33000.0,33500.0,253600,KBS
2021-12-27 07:00:00,33900.0,34000.0,33500.0,33600.0,207600,KBS
2021-12-28 07:00:00,34000.0,34200.0,33500.0,33600.0,231100,KBS
2021-12-29 07:00:00,33450.0,33450.0,31650.0,32100.0,199900,KBS
2021-12-30 07:00:00,31800.0,32300.0,31600.0,32100.0,201700,KBS
2021-12-31 07:00:00,31900.0,32150.0,31700.0,32150.0,203200,KBS
2022-01-04 07:00:00,32000.0,32500.0,31800.0,32400.0,282800,KBS
2022-01-05 07:00:00,32000.0,32700.0,32000.0,32600.0,297700,KBS
2022-01-06 07:00:00,32200.0,32600.0,31850.0,31850.0,231600,KBS
2022-01-07 07:00:00,31650.0,32200.0,31650.0,32000.0,237400,KBS
2022-01-10 07:00:00,32000.0,32000.0,31700.0,31850.0,278100,KBS
2022-01-11 07:00:00,31500.0,31950.0,31500.0,31850.0,272500,KBS
2022-01-12 07:00:00,31400.0,31750.0,31300.0,31500.0,432900,KBS
2022-01-13 07:00:00,31450.0,31900.0,31450.0,31900.0,418200,KBS
2022-01-14 07:00:00,31500.0,31800.0,31500.0,31800.0,856800,KBS
2022-01-17 07:00:00,31800.0,31950.0,31600.0,31800.0,533600,KBS
2022-01-18 07:00:00,31600.0,31800.0,31600.0,31800.0,362800,KBS
2022-01-19 07:00:00,31800.0,32500.0,31800.0,31900.0,249100,KBS
2022-01-20 07:00:00,31700.0,32000.0,31700.0,32000.0,473900,KBS
2022-01-21 07:00:00,32000.0,32450.0,32000.0,32450.0,274800,KBS
2022-01-24 07:00:00,32450.0,32900.0,32450.0,32700.0,432400,KBS
2022-01-25 07:00:00,33000.0,33000.0,32700.0,32800.0,440800,KBS
2022-01-26 07:00:00,32900.0,33300.0,31900.0,33300.0,418100,KBS
2022-01-27 07:00:00,33100.0,34000.0,33000.0,33600.0,262300,KBS
2022-01-28 07:00:00,33700.0,33800.0,33300.0,33700.0,253500,KBS
2022-02-07 07:00:00,33700.0,34000.0,33700.0,34000.0,412400,KBS
2022-02-08 07:00:00,34000.0,34500.0,33750.0,34300.0,334000,KBS
2022-02-09 07:00:00,34000.0,34500.0,33500.0,34350.0,554900,KBS
2022-02-10 07:00:00,34500.0,34500.0,34200.0,34500.0,473000,KBS
2022-02-11 07:00:00,34300.0,34800.0,34250.0,34500.0,472800,KBS
2022-02-14 07:00:00,34400.0,34500.0,34150.0,34150.0,483200,KBS
2022-02-15 07:00:00,34300.0,34400.0,34050.0,34150.0,483200,KBS
2022-02-16 07:00:00,34100.0,34500.0,33800.0,34150.0,368300,KBS
2022-02-17 07:00:00,34100.0,34500.0,33800.0,34300.0,265800,KBS
2022-02-18 07:00:00,34300.0,34500.0,33900.0,34300.0,276900,KBS
2022-02-21 07:00:00,34500.0,34500.0,34150.0,34300.0,404700,KBS
2022-02-22 07:00:00,34200.0,34200.0,34000.0,34000.0,366700,KBS
2022-02-23 07:00:00,33900.0,34200.0,33800.0,33900.0,488400,KBS
2022-02-24 07:00:00,33900.0,34400.0,33850.0,33950.0,420500,KBS
2022-02-25 07:00:00,33900.0,34300.0,33700.0,34100.0,363400,KBS
2022-02-28 07:00:00,34000.0,34100.0,33700.0,33900.0,319900,KBS
2022-03-01 07:00:00,33700.0,33950.0,33700.0,33750.0,470000,KBS
2022-03-02 07:00:00,33700.0,33900.0,33400.0,33750.0,481600,KBS
2022-03-03 07:00:00,33700.0,33900.0,33500.0,33900.0,427200,KBS
2022-03-04 07:00:00,33900.0,34100.0,33700.0,34100.0,450400,KBS
2022-03-07 07:00:00,33800.0,34200.0,33800.0,34200.0,480600,KBS
2022-03-08 07:00:00,34000.0,34350.0,34000.0,34350.0,448600,KBS
2022-03-09 07:00:00,34350.0,34500.0,34300.0,34500.0,477700,KBS
2022-03-10 07:00:00,34350.0,36300.0,34350.0,36300.0,416600,KBS
2022-03-11 07:00:00,36600.0,37200.0,36500.0,37200.0,398100,KBS
2022-03-14 07:00:00,37000.0,37500.0,36700.0,36950.0,324600,KBS
2022-03-15 07:00:00,36000.0,36000.0,34500.0,34600.0,392500,KBS
2022-03-16 07:00:00,34100.0,35400.0,34100.0,34200.0,362500,KBS
2022-03-17 07:00:00,35500.0,35500.0,34150.0,34300.0,352000,KBS
2022-03-18 07:00:00,34300.0,34800.0,33900.0,34000.0,341000,KBS
2022-03-21 07:00:00,33850.0,34200.0,33800.0,34200.0,731300,KBS
2022-03-22 07:00:00,34100.0,34500.0,33900.0,34000.0,415600,KBS
2022-03-23 07:00:00,34500.0,34500.0,34000.0,34300.0,377300,KBS
2022-03-24 07:00:00,34200.0,34600.0,34100.0,34600.0,350800,KBS
2022-03-25 07:00:00,34600.0,35100.0,34600.0,35050.0,289900,KBS
2022-03-28 07:00:00,35000.0,35500.0,34700.0,35500.0,339900,KBS
2022-03-29 07:00:00,36400.0,36400.0,35600.0,36200.0,483700,KBS
2022-03-30 07:00:00,35800.0,36200.0,35600.0,36200.0,262100,KBS
2022-03-31 07:00:00,36000.0,36500.0,35700.0,36400.0,320600,KBS
2022-04-01 07:00:00,36200.0,36500.0,35800.0,36500.0,406900,KBS
2022-04-04 07:00:00,36500.0,36650.0,35800.0,35800.0,457200,KBS
2022-04-05 07:00:00,35900.0,36500.0,35900.0,36500.0,631800,KBS
2022-04-06 07:00:00,36500.0,36800.0,36500.0,36500.0,366100,KBS
2022-04-07 07:00:00,36500.0,36500.0,36000.0,36500.0,312900,KBS
2022-04-08 07:00:00,36300.0,36400.0,36000.0,36400.0,310400,KBS
2022-04-12 07:00:00,36300.0,36600.0,36300.0,36400.0,420200,KBS
2022-04-13 07:00:00,36400.0,36600.0,36150.0,36600.0,522600,KBS
2022-04-14 07:00:00,36600.0,36900.0,36200.0,36700.0,398000,KBS
2022-04-15 07:00:00,36700.0,37200.0,36700.0,37000.0,784400,KBS
2022-04-18 07:00:00,36800.0,36800.0,36600.0,36700.0,522000,KBS
2022-04-19 07:00:00,36400.0,36700.0,36400.0,36600.0,480900,KBS
2022-04-20 07:00:00,36200.0,36650.0,36100.0,36600.0,411900,KBS
2022-04-21 07:00:00,36600.0,36700.0,36500.0,36600.0,464300,KBS
2022-04-22 07:00:00,36300.0,37000.0,36300.0,36900.0,342500,KBS
2022-04-25 07:00:00,36500.0,36900.0,36200.0,36550.0,225600,KBS
2022-04-26 07:00:00,36400.0,36400.0,36000.0,36200.0,421100,KBS
2022-04-27 07:00:00,36000.0,36200.0,36000.0,36200.0,410800,KBS
2022-04-28 07:00:00,36000.0,36500.0,36000.0,36300.0,297400,KBS
2022-04-29 07:00:00,36100.0,36500.0,36100.0,36500.0,303300,KBS
2022-05-04 07:00:00,36200.0,36200.0,35900.0,35900.0,315500,KBS
2022-05-05 07:00:00,35700.0,36300.0,35700.0,35750.0,267700,KBS
2022-05-06 07:00:00,35700.0,35750.0,35400.0,35400.0,404800,KBS
2022-05-09 07:00:00,35400.0,35400.0,34650.0,35000.0,449700,KBS
2022-05-10 07:00:00,34800.0,35000.0,34700.0,35000.0,402900,KBS
2022-05-11 07:00:00,34800.0,34900.0,34800.0,34900.0,276500,KBS
2022-05-12 07:00:00,34700.0,34900.0,34700.0,34800.0,271500,KBS
2022-05-13 07:00:00,35400.0,35400.0,34800.0,35000.0,262800,KBS
2022-05-16 07:00:00,34700.0,35000.0,34700.0,34900.0,289000,KBS
2022-05-17 07:00:00,34650.0,35200.0,34650.0,35200.0,228900,KBS
2022-05-18 07:00:00,35000.0,35400.0,35000.0,35400.0,284400,KBS
2022-05-19 07:00:00,35400.0,35700.0,35200.0,35300.0,276400,KBS
2022-05-20 07:00:00,35100.0,35300.0,35000.0,35000.0,217800,KBS
2022-05-23 07:00:00,34800.0,34800.0,34450.0,34700.0,289400,KBS
2022-05-24 07:00:00,34600.0,34600.0,33850.0,33900.0,503700,KBS
2022-05-25 07:00:00,33800.0,34000.0,33800.0,34000.0,604800,KBS
2022-05-26 07:00:00,34000.0,34500.0,33600.0,33900.0,220900,KBS
2022-05-27 07:00:00,33900.0,33900.0,32900.0,33650.0,198000,KBS
2022-05-30 07:00:00,33500.0,33650.0,33000.0,33650.0,567000,KBS
2022-05-31 07:00:00,33900.0,33900.0,33300.0,33400.0,425900,KBS
2022-06-01 07:00:00,33200.0,33300.0,33200.0,33300.0,408100,KBS
2022-06-02 07:00:00,33300.0,33500.0,33100.0,33100.0,352500,KBS
2022-06-03 07:00:00,33100.0,33100.0,32600.0,33100.0,278500,KBS
2022-06-06 07:00:00,33100.0,33100.0,32500.0,32700.0,347800,KBS
2022-06-07 07:00:00,32500.0,32700.0,32100.0,32450.0,293300,KBS
2022-06-08 07:00:00,32250.0,32650.0,32200.0,32650.0,262200,KBS
2022-06-09 07:00:00,32500.0,32900.0,32500.0,32900.0,310400,KBS
2022-06-10 07:00:00,32900.0,33000.0,32800.0,33000.0,214600,KBS
2022-06-13 07:00:00,32900.0,32900.0,31150.0,32000.0,196100,KBS
2022-06-14 07:00:00,32000.0,33000.0,31600.0,33000.0,325700,KBS
2022-06-15 07:00:00,33000.0,33000.0,32400.0,32700.0,316200,KBS
2022-06-16 07:00:00,32700.0,33300.0,32600.0,33300.0,277800,KBS
2022-06-17 07:00:00,32900.0,33300.0,32500.0,33300.0,298600,KBS
2022-06-20 07:00:00,33000.0,33200.0,32700.0,33100.0,253900,KBS
2022-06-21 07:00:00,32800.0,33300.0,32800.0,33300.0,968200,KBS
2022-06-22 07:00:00,33000.0,33500.0,32850.0,33500.0,211400,KBS
2022-06-23 07:00:00,34100.0,34100.0,33600.0,33600.0,262200,KBS
2022-06-24 07:00:00,33500.0,33600.0,33500.0,33600.0,243300,KBS
2022-06-27 07:00:00,33600.0,33900.0,33600.0,33700.0,307800,KBS
2022-06-28 07:00:00,33800.0,34000.0,33750.0,34000.0,256400,KBS
2022-06-29 07:00:00,34000.0,34300.0,34000.0,34200.0,287500,KBS
2022-06-30 07:00:00,34200.0,34300.0,34200.0,34200.0,276500,KBS
2022-07-01 07:00:00,34000.0,34200.0,33900.0,34200.0,245900,KBS
2022-07-04 07:00:00,34200.0,34500.0,34200.0,34300.0,322700,KBS
2022-07-05 07:00:00,34100.0,34300.0,34000.0,34300.0,333900,KBS
2022-07-06 07:00:00,33800.0,34300.0,33800.0,33950.0,297700,KBS
2022-07-07 07:00:00,33550.0,33950.0,33550.0,33950.0,292100,KBS
2022-07-08 07:00:00,33700.0,34500.0,33600.0,34500.0,267100,KBS
2022-07-11 07:00:00,34500.0,34800.0,34400.0,34700.0,363300,KBS
2022-07-12 07:00:00,34700.0,34900.0,34600.0,34800.0,515500,KBS
2022-07-13 07:00:00,34700.0,35100.0,34700.0,35100.0,344500,KBS
2022-07-14 07:00:00,35100.0,35500.0,35100.0,35300.0,334800,KBS
2022-07-15 07:00:00,35700.0,35700.0,35100.0,35400.0,82300,KBS
2022-07-18 07:00:00,35500.0,35700.0,35400.0,35400.0,150700,KBS
2022-07-19 07:00:00,35400.0,35500.0,35400.0,35400.0,343100,KBS
2022-07-20 07:00:00,35400.0,35900.0,35400.0,35700.0,336800,KBS
2022-07-21 07:00:00,35600.0,35900.0,35400.0,35800.0,254300,KBS
2022-07-22 07:00:00,35300.0,36000.0,35300.0,35700.0,224400,KBS
2022-07-25 07:00:00,35700.0,35900.0,35500.0,35500.0,206200,KBS
2022-07-26 07:00:00,35500.0,35900.0,35200.0,35900.0,536000,KBS
2022-07-27 07:00:00,35900.0,36000.0,35500.0,36000.0,266600,KBS
2022-07-28 07:00:00,36000.0,36200.0,35700.0,36200.0,255300,KBS
2022-07-29 07:00:00,36000.0,36500.0,35300.0,35300.0,207600,KBS
2022-08-01 07:00:00,35300.0,35300.0,35000.0,35300.0,338400,KBS
2022-08-02 07:00:00,35400.0,35400.0,35000.0,35200.0,225000,KBS
2022-08-03 07:00:00,35200.0,35400.0,35000.0,35000.0,321900,KBS
2022-08-04 07:00:00,34900.0,35400.0,34800.0,34800.0,235300,KBS
2022-08-05 07:00:00,34800.0,35000.0,34600.0,35000.0,294600,KBS
2022-08-08 07:00:00,34950.0,35000.0,34300.0,34500.0,312300,KBS
2022-08-09 07:00:00,34500.0,34700.0,34450.0,34700.0,477000,KBS
2022-08-10 07:00:00,34700.0,34700.0,34250.0,34250.0,365700,KBS
2022-08-11 07:00:00,34300.0,34500.0,34300.0,34400.0,317500,KBS
2022-08-12 07:00:00,34500.0,34600.0,34450.0,34450.0,224600,KBS
2022-08-15 07:00:00,34400.0,34700.0,34400.0,34500.0,327200,KBS
2022-08-16 07:00:00,34300.0,34500.0,34200.0,34400.0,387400,KBS
2022-08-17 07:00:00,34500.0,34800.0,34450.0,34800.0,466300,KBS
2022-08-18 07:00:00,34500.0,34700.0,34300.0,34700.0,302000,KBS
2022-08-19 07:00:00,34700.0,34700.0,34300.0,34300.0,263800,KBS
2022-08-22 07:00:00,34600.0,34600.0,34100.0,34100.0,291800,KBS
2022-08-23 07:00:00,34300.0,34500.0,34100.0,34500.0,395400,KBS
2022-08-24 07:00:00,34300.0,34500.0,34300.0,34400.0,376700,KBS
2022-08-25 07:00:00,34800.0,34900.0,34400.0,34400.0,414500,KBS
2022-08-26 07:00:00,34300.0,34350.0,33950.0,33950.0,275500,KBS
2022-08-29 07:00:00,33950.0,34000.0,33800.0,33800.0,290400,KBS
2022-08-30 07:00:00,33800.0,34000.0,33700.0,33850.0,270400,KBS
2022-08-31 07:00:00,34200.0,34200.0,33850.0,33900.0,236100,KBS
2022-09-05 07:00:00,33900.0,34200.0,33900.0,34200.0,383600,KBS
2022-09-06 07:00:00,34200.0,34400.0,34100.0,34400.0,383200,KBS
2022-09-07 07:00:00,34500.0,34900.0,34450.0,34750.0,337400,KBS
2022-09-08 07:00:00,34850.0,35000.0,34850.0,35000.0,303200,KBS
2022-09-09 07:00:00,35050.0,35100.0,34800.0,34950.0,315500,KBS
2022-09-12 07:00:00,34950.0,35400.0,34900.0,35200.0,411300,KBS
2022-09-13 07:00:00,35500.0,35500.0,34800.0,35100.0,456500,KBS
2022-09-14 07:00:00,34700.0,35000.0,34700.0,34950.0,360200,KBS
2022-09-15 07:00:00,35300.0,35300.0,34900.0,35000.0,337700,KBS
2022-09-16 07:00:00,35300.0,35300.0,34600.0,35200.0,420500,KBS
2022-09-19 07:00:00,35000.0,35100.0,34800.0,35000.0,399900,KBS
2022-09-20 07:00:00,34900.0,35400.0,34800.0,35400.0,421900,KBS
2022-09-21 07:00:00,35400.0,35500.0,35200.0,35450.0,706500,KBS
2022-09-22 07:00:00,35450.0,35700.0,35350.0,35600.0,297500,KBS
2022-09-23 07:00:00,35300.0,36000.0,35300.0,35700.0,298700,KBS
2022-09-26 07:00:00,35600.0,36000.0,35300.0,35500.0,476800,KBS
2022-09-27 07:00:00,35500.0,35700.0,35200.0,35500.0,1290000,KBS
2022-09-28 07:00:00,35650.0,35650.0,35000.0,35450.0,319600,KBS
2022-09-29 07:00:00,35650.0,35650.0,35300.0,35600.0,273800,KBS
2022-09-30 07:00:00,35400.0,35700.0,35000.0,35650.0,234400,KBS
2022-10-03 07:00:00,35600.0,35600.0,35200.0,35500.0,377600,KBS
2022-10-04 07:00:00,35300.0,35800.0,35100.0,35800.0,448200,KBS
2022-10-05 07:00:00,35700.0,36300.0,35700.0,36250.0,429100,KBS
2022-10-06 07:00:00,36300.0,36300.0,36000.0,36100.0,414800,KBS
2022-10-07 07:00:00,36000.0,36100.0,35600.0,35650.0,426600,KBS
2022-10-10 07:00:00,35300.0,35700.0,34700.0,35700.0,421200,KBS
2022-10-11 07:00:00,35700.0,35800.0,35400.0,35700.0,507100,KBS
2022-10-12 07:00:00,35600.0,36300.0,35500.0,36300.0,455700,KBS
2022-10-13 07:00:00,36100.0,37500.0,36100.0,37500.0,433400,KBS
2022-10-14 07:00:00,37500.0,38050.0,37300.0,38050.0,347200,KBS
2022-10-17 07:00:00,38050.0,38300.0,37200.0,37400.0,354900,KBS
2022-10-18 07:00:00,37300.0,37700.0,36800.0,36800.0,336500,KBS
2022-10-19 07:00:00,36700.0,37000.0,36650.0,37000.0,360300,KBS
2022-10-20 07:00:00,37000.0,37700.0,36800.0,37100.0,365500,KBS
2022-10-21 07:00:00,36800.0,36900.0,36600.0,36600.0,421900,KBS
2022-10-24 07:00:00,36550.0,37000.0,36250.0,36750.0,417900,KBS
2022-10-25 07:00:00,36800.0,37000.0,36750.0,37000.0,271600,KBS
2022-10-26 07:00:00,36950.0,37300.0,36950.0,37100.0,428200,KBS
2022-10-27 07:00:00,37400.0,37500.0,37100.0,37300.0,329200,KBS
2022-10-28 07:00:00,37100.0,37400.0,37000.0,37300.0,313200,KBS
2022-10-31 07:00:00,37000.0,37400.0,36700.0,37300.0,329300,KBS
2022-11-01 07:00:00,37300.0,37400.0,37000.0,37300.0,415200,KBS
2022-11-02 07:00:00,37000.0,37500.0,36800.0,37100.0,423400,KBS
2022-11-03 07:00:00,36800.0,37100.0,36500.0,36600.0,331400,KBS
2022-11-04 07:00:00,36600.0,36700.0,34400.0,35000.0,395200,KBS
2022-11-07 07:00:00,35500.0,35500.0,34800.0,35000.0,291800,KBS
2022-11-08 07:00:00,35800.0,35900.0,35000.0,35900.0,358300,KBS
2022-11-09 07:00:00,35900.0,36200.0,35800.0,35950.0,468300,KBS
2022-11-10 07:00:00,36500.0,36500.0,35600.0,35750.0,389900,KBS
2022-11-11 07:00:00,35500.0,36300.0,35500.0,35800.0,350800,KBS
2022-11-14 07:00:00,35800.0,35900.0,35800.0,35900.0,414800,KBS
2022-11-15 07:00:00,35700.0,35750.0,35500.0,35600.0,397800,KBS
2022-11-16 07:00:00,35650.0,36300.0,35500.0,35700.0,429600,KBS
2022-11-17 07:00:00,35700.0,35850.0,35700.0,35850.0,328100,KBS
2022-11-18 07:00:00,35850.0,36000.0,35700.0,36000.0,725900,KBS
2022-11-21 07:00:00,36000.0,36300.0,35900.0,36000.0,400900,KBS
2022-11-22 07:00:00,35900.0,36300.0,35800.0,36000.0,343800,KBS
2022-11-23 07:00:00,35800.0,36400.0,35800.0,36000.0,448100,KBS
2022-11-24 07:00:00,35900.0,36000.0,35700.0,35800.0,321300,KBS
2022-11-25 07:00:00,35800.0,36500.0,35600.0,35850.0,401000,KBS
2022-11-28 07:00:00,35900.0,36000.0,35850.0,36000.0,414800,KBS
2022-11-29 07:00:00,35900.0,36450.0,35800.0,36300.0,325900,KBS
2022-11-30 07:00:00,36200.0,36500.0,36000.0,36400.0,258200,KBS
2022-12-01 07:00:00,36550.0,37050.0,36550.0,36900.0,314100,KBS
2022-12-02 07:00:00,37500.0,37500.0,37200.0,37200.0,279000,KBS
2022-12-05 07:00:00,37100.0,37500.0,37000.0,37300.0,377400,KBS
2022-12-06 07:00:00,37300.0,37300.0,37000.0,37000.0,339000,KBS
2022-12-07 07:00:00,37000.0,37000.0,36700.0,36750.0,364000,KBS
2022-12-08 07:00:00,36600.0,37250.0,36600.0,36900.0,326700,KBS
2022-12-09 07:00:00,36900.0,37700.0,36900.0,37200.0,368500,KBS
2022-12-12 07:00:00,37100.0,37800.0,37100.0,37350.0,374900,KBS
2022-12-13 07:00:00,37300.0,37650.0,37000.0,37550.0,289900,KBS
2022-12-14 07:00:00,37300.0,38000.0,37300.0,37600.0,447200,KBS
2022-12-15 07:00:00,37500.0,37900.0,37300.0,37600.0,452000,KBS
2022-12-16 07:00:00,37700.0,38000.0,37700.0,37800.0,282800,KBS
2022-12-19 07:00:00,37800.0,38000.0,37800.0,37800.0,282400,KBS
2022-12-20 07:00:00,37800.0,38150.0,37800.0,37800.0,324900,KBS
2022-12-21 07:00:00,37950.0,38200.0,37800.0,37900.0,400400,KBS
2022-12-22 07:00:00,37700.0,38300.0,37700.0,37750.0,325800,KBS
2022-12-23 07:00:00,38100.0,38300.0,37700.0,37700.0,332000,KBS
2022-12-26 07:00:00,37900.0,37900.0,37400.0,37700.0,364200,KBS
2022-12-27 07:00:00,37550.0,37850.0,37550.0,37600.0,307400,KBS
2022-12-28 07:00:00,37600.0,38200.0,37600.0,37700.0,323700,KBS
2022-12-29 07:00:00,37700.0,38200.0,37700.0,37800.0,318400,KBS
2022-12-30 07:00:00,38000.0,38200.0,37800.0,38000.0,266300,KBS
2023-01-03 07:00:00,38100.0,38600.0,38100.0,38600.0,497000,KBS
2023-01-04 07:00:00,38800.0,39100.0,38650.0,38650.0,481900,KBS
2023-01-05 07:00:00,38600.0,38600.0,38300.0,38300.0,442900,KBS
2023-01-06 07:00:00,38400.0,38600.0,38100.0,38200.0,306500,KBS
2023-01-09 07:00:00,38200.0,38300.0,37600.0,37600.0,386900,KBS
2023-01-10 07:00:00,37200.0,37200.0,35700.0,35750.0,486700,KBS
2023-01-11 07:00:00,35800.0,35950.0,35700.0,35850.0,374700,KBS
2023-01-12 07:00:00,35850.0,36000.0,35800.0,35900.0,382900,KBS
2023-01-13 07:00:00,35900.0,35900.0,35700.0,35900.0,374600,KBS
2023-01-16 07:00:00,35900.0,36050.0,35700.0,36000.0,455700,KBS
2023-01-17 07:00:00,36100.0,36200.0,36000.0,36050.0,356200,KBS
2023-01-18 07:00:00,36100.0,36200.0,35900.0,36150.0,334500,KBS
2023-01-19 07:00:00,36250.0,36300.0,36200.0,36250.0,293700,KBS
2023-01-27 07:00:00,36300.0,36350.0,36250.0,36350.0,238500,KBS
2023-01-30 07:00:00,36350.0,36350.0,36050.0,36050.0,419300,KBS
2023-01-31 07:00:00,36250.0,36250.0,36000.0,36200.0,429600,KBS
2023-02-01 07:00:00,36300.0,36300.0,36150.0,36150.0,379800,KBS
2023-02-02 07:00:00,36150.0,36150.0,36000.0,36000.0,583300,KBS
2023-02-03 07:00:00,36000.0,36300.0,35900.0,36300.0,466300,KBS
2023-02-06 07:00:00,36800.0,36800.0,36350.0,36400.0,426600,KBS
2023-02-07 07:00:00,36300.0,36350.0,36200.0,36300.0,437500,KBS
2023-02-08 07:00:00,36750.0,36750.0,36300.0,36400.0,491400,KBS
2023-02-09 07:00:00,36400.0,36400.0,36300.0,36350.0,360100,KBS
2023-02-10 07:00:00,36350.0,36650.0,36200.0,36650.0,355200,KBS
2023-02-13 07:00:00,37000.0,37000.0,36400.0,36550.0,465300,KBS
2023-02-14 07:00:00,36550.0,36900.0,36550.0,36600.0,413400,KBS
2023-02-15 07:00:00,36600.0,37000.0,36400.0,36950.0,438300,KBS
2023-02-16 07:00:00,36900.0,37250.0,36700.0,37150.0,426100,KBS
2023-02-17 07:00:00,37000.0,37350.0,37000.0,37300.0,321900,KBS
2023-02-20 07:00:00,37300.0,38000.0,37300.0,37600.0,719700,KBS
2023-02-21 07:00:00,37700.0,37850.0,37600.0,37650.0,466100,KBS
2023-02-22 07:00:00,37650.0,37800.0,37500.0,37500.0,472600,KBS
2023-02-23 07:00:00,37700.0,37700.0,37500.0,37550.0,316900,KBS
2023-02-24 07:00:00,37300.0,37700.0,37300.0,37600.0,343200,KBS
2023-02-27 07:00:00,37500.0,37650.0,37400.0,37600.0,369100,KBS
2023-02-28 07:00:00,37400.0,37800.0,37300.0,37800.0,365500,KBS
2023-03-01 07:00:00,37800.0,38100.0,37600.0,37800.0,427600,KBS
2023-03-02 07:00:00,37600.0,37900.0,37600.0,37800.0,397700,KBS
2023-03-03 07:00:00,37800.0,37900.0,37650.0,37700.0,370900,KBS
2023-03-06 07:00:00,37500.0,38100.0,37500.0,37950.0,460400,KBS
2023-03-07 07:00:00,38200.0,38200.0,38000.0,38000.0,435700,KBS
2023-03-08 07:00:00,38300.0,38300.0,37900.0,38050.0,354800,KBS
2023-03-09 07:00:00,38000.0,38300.0,37900.0,38100.0,421900,KBS
2023-03-10 07:00:00,38100.0,38300.0,38000.0,38300.0,361200,KBS
2023-03-13 07:00:00,38400.0,38600.0,38200.0,38350.0,474900,KBS
2023-03-14 07:00:00,38300.0,38500.0,37900.0,37900.0,375300,KBS
2023-03-15 07:00:00,37900.0,38400.0,37900.0,38100.0,389500,KBS
2023-03-16 07:00:00,38000.0,38300.0,38000.0,38150.0,351400,KBS
2023-03-17 07:00:00,38200.0,38250.0,37800.0,37800.0,491600,KBS
2023-03-20 07:00:00,37800.0,38000.0,37500.0,37500.0,378300,KBS
2023-03-21 07:00:00,37500.0,37800.0,37500.0,37700.0,416500,KBS
2023-03-22 07:00:00,37700.0,38150.0,37700.0,38000.0,328100,KBS
2023-03-23 07:00:00,38000.0,38150.0,38000.0,38100.0,362600,KBS
2023-03-24 07:00:00,38100.0,38300.0,38000.0,38150.0,341100,KBS
2023-03-27 07:00:00,38000.0,38400.0,38000.0,38050.0,375500,KBS
2023-03-28 07:00:00,38150.0,38250.0,38000.0,38200.0,329200,KBS
2023-03-29 07:00:00,38200.0,38400.0,38050.0,38100.0,326800,KBS
2023-03-30 07:00:00,38100.0,38400.0,38100.0,38150.0,320400,KBS
2023-03-31 07:00:00,38400.0,38500.0,38150.0,38150.0,325000,KBS
2023-04-03 07:00:00,38200.0,38450.0,38200.0,38200.0,315200,KBS
2023-04-04 07:00:00,38200.0,38200.0,38000.0,38200.0,320900,KBS
2023-04-05 07:00:00,38300.0,38400.0,38000.0,38400.0,610700,KBS
2023-04-06 07:00:00,38200.0,38300.0,38100.0,38300.0,460800,KBS
2023-04-07 07:00:00,38100.0,38200.0,37700.0,37700.0,264400,KBS
2023-04-10 07:00:00,37700.0,37800.0,37700.0,37750.0,481100,KBS
2023-04-11 07:00:00,37700.0,37750.0,37500.0,37750.0,333700,KBS
2023-04-12 07:00:00,37900.0,37900.0,37800.0,37800.0,359200,KBS
2023-04-13 07:00:00,37800.0,38000.0,37700.0,37900.0,326900,KBS
2023-04-14 07:00:00,37900.0,38200.0,37900.0,37950.0,319400,KBS
2023-04-17 07:00:00,37950.0,38050.0,37800.0,38050.0,326900,KBS
2023-04-18 07:00:00,38000.0,38050.0,37850.0,37850.0,328000,KBS
2023-04-19 07:00:00,37850.0,38000.0,37850.0,38000.0,344000,KBS
2023-04-20 07:00:00,38000.0,38050.0,37800.0,37950.0,293600,KBS
2023-04-21 07:00:00,38000.0,38000.0,37700.0,37700.0,309600,KBS
2023-04-24 07:00:00,37800.0,37900.0,37750.0,37750.0,322300,KBS
2023-04-25 07:00:00,37800.0,37800.0,37500.0,37700.0,310200,KBS
2023-04-26 07:00:00,37800.0,37850.0,37750.0,37850.0,342000,KBS
2023-04-27 07:00:00,37850.0,38150.0,37850.0,37850.0,293800,KBS
2023-04-28 07:00:00,37900.0,38100.0,37850.0,37850.0,342900,KBS
2023-05-04 07:00:00,37900.0,37900.0,37750.0,37750.0,293600,KBS
2023-05-05 07:00:00,37800.0,38000.0,37750.0,37750.0,343400,KBS
2023-05-08 07:00:00,37750.0,37900.0,37750.0,37850.0,292500,KBS
2023-05-09 07:00:00,37900.0,38000.0,37900.0,37900.0,366400,KBS
2023-05-10 07:00:00,37900.0,38000.0,37700.0,37950.0,296000,KBS
2023-05-11 07:00:00,37950.0,38400.0,37800.0,38000.0,403600,KBS
2023-05-12 07:00:00,38000.0,38050.0,37900.0,38050.0,465000,KBS
2023-05-15 07:00:00,38100.0,38200.0,38050.0,38150.0,315700,KBS
2023-05-16 07:00:00,38150.0,38400.0,38150.0,38250.0,416100,KBS
2023-05-17 07:00:00,38300.0,38350.0,38300.0,38350.0,513400,KBS
2023-05-18 07:00:00,38350.0,38400.0,38200.0,38400.0,317600,KBS
2023-05-19 07:00:00,38400.0,38500.0,38200.0,38200.0,322300,KBS
2023-05-22 07:00:00,38200.0,38350.0,38000.0,38250.0,397700,KBS
2023-05-23 07:00:00,38300.0,38400.0,38300.0,38350.0,320300,KBS
2023-05-24 07:00:00,38350.0,38400.0,38350.0,38400.0,309400,KBS
2023-05-25 07:00:00,38400.0,38450.0,38200.0,38450.0,314600,KBS
2023-05-26 07:00:00,38700.0,38700.0,38450.0,38500.0,309400,KBS
2023-05-29 07:00:00,38550.0,38600.0,38500.0,38500.0,322100,KBS
2023-05-30 07:00:00,38550.0,38550.0,38400.0,38400.0,348500,KBS
2023-05-31 07:00:00,38450.0,38650.0,38350.0,38350.0,428700,KBS
2023-06-01 07:00:00,38350.0,38450.0,38300.0,38400.0,355900,KBS
2023-06-02 07:00:00,38400.0,38450.0,38400.0,38450.0,303900,KBS
2023-06-05 07:00:00,38450.0,38550.0,38450.0,38500.0,621000,KBS
2023-06-06 07:00:00,38500.0,38800.0,38500.0,38550.0,403700,KBS
2023-06-07 07:00:00,38600.0,38600.0,38550.0,38550.0,288700,KBS
2023-06-08 07:00:00,38550.0,38600.0,38550.0,38600.0,340000,KBS
2023-06-09 07:00:00,38600.0,38850.0,38600.0,38650.0,324700,KBS
2023-06-12 07:00:00,38700.0,38700.0,38500.0,38550.0,319300,KBS
2023-06-13 07:00:00,38550.0,38750.0,38450.0,38450.0,389100,KBS
2023-06-14 07:00:00,38500.0,38550.0,38450.0,38500.0,404900,KBS
2023-06-15 07:00:00,38500.0,38750.0,38450.0,38450.0,375600,KBS
2023-06-16 07:00:00,38500.0,38550.0,38400.0,38500.0,357600,KBS
2023-06-19 07:00:00,38500.0,38600.0,38200.0,38200.0,281100,KBS
2023-06-20 07:00:00,38200.0,38300.0,38100.0,38100.0,315400,KBS
2023-06-21 07:00:00,38200.0,38200.0,37700.0,38000.0,330100,KBS
2023-06-22 07:00:00,38050.0,38150.0,38050.0,38100.0,372500,KBS
2023-06-23 07:00:00,38100.0,38200.0,38100.0,38200.0,298800,KBS
2023-06-26 07:00:00,38200.0,38300.0,38200.0,38250.0,306200,KBS
2023-06-27 07:00:00,38300.0,38300.0,38100.0,38200.0,291200,KBS
2023-06-28 07:00:00,38200.0,38200.0,38100.0,38150.0,306500,KBS
2023-06-29 07:00:00,38150.0,38400.0,38100.0,38100.0,296100,KBS
2023-06-30 07:00:00,38100.0,38350.0,38050.0,38100.0,323400,KBS
2023-07-03 07:00:00,38100.0,38200.0,37950.0,38000.0,383800,KBS
2023-07-04 07:00:00,38050.0,38050.0,38000.0,38000.0,284800,KBS
2023-07-05 07:00:00,38000.0,38100.0,38000.0,38050.0,283400,KBS
2023-07-06 07:00:00,38050.0,38100.0,37700.0,37700.0,301100,KBS
2023-07-07 07:00:00,37700.0,37950.0,37500.0,37800.0,294800,KBS
2023-07-10 07:00:00,37800.0,38000.0,37800.0,38000.0,416800,KBS
2023-07-11 07:00:00,38000.0,38250.0,38000.0,38050.0,310800,KBS
2023-07-12 07:00:00,38050.0,38150.0,38050.0,38050.0,301100,KBS
2023-07-13 07:00:00,38050.0,38150.0,38050.0,38100.0,444400,KBS
2023-07-14 07:00:00,38100.0,38400.0,38000.0,38150.0,342100,KBS
2023-07-17 07:00:00,38150.0,38250.0,38150.0,38200.0,318400,KBS
2023-07-18 07:00:00,38250.0,38500.0,38200.0,38300.0,308900,KBS
2023-07-19 07:00:00,38300.0,38550.0,38200.0,38350.0,304300,KBS
2023-07-20 07:00:00,38350.0,38500.0,38300.0,38400.0,305600,KBS
2023-07-21 07:00:00,38400.0,38700.0,38400.0,38450.0,326100,KBS
2023-07-24 07:00:00,38450.0,38550.0,38450.0,38500.0,353600,KBS
2023-07-25 07:00:00,38500.0,38700.0,38500.0,38550.0,318700,KBS
2023-07-26 07:00:00,38900.0,38900.0,38600.0,38650.0,384700,KBS
2023-07-27 07:00:00,38900.0,38900.0,38650.0,38750.0,294100,KBS
2023-07-28 07:00:00,38900.0,38900.0,38750.0,38800.0,320000,KBS
2023-07-31 07:00:00,38800.0,39000.0,38800.0,38850.0,433300,KBS
2023-08-01 07:00:00,38850.0,39250.0,38850.0,38950.0,291100,KBS
2023-08-02 07:00:00,38950.0,39000.0,38750.0,39000.0,316800,KBS
2023-08-03 07:00:00,39000.0,39400.0,39000.0,39050.0,298100,KBS
2023-08-04 07:00:00,39050.0,39050.0,38900.0,38950.0,306000,KBS
2023-08-07 07:00:00,39000.0,39000.0,38950.0,39000.0,371800,KBS
2023-08-08 07:00:00,39000.0,39050.0,38800.0,38850.0,297800,KBS
2023-08-09 07:00:00,38900.0,38950.0,38900.0,38950.0,307000,KBS
2023-08-10 07:00:00,38950.0,39050.0,38950.0,38950.0,256200,KBS
2023-08-11 07:00:00,38950.0,39350.0,38950.0,38950.0,308800,KBS
2023-08-14 07:00:00,38950.0,39050.0,38950.0,39000.0,303700,KBS
2023-08-15 07:00:00,39000.0,39050.0,39000.0,39050.0,309300,KBS
2023-08-16 07:00:00,39050.0,39500.0,39050.0,39200.0,312900,KBS
2023-08-17 07:00:00,39200.0,39300.0,39200.0,39300.0,300000,KBS
2023-08-18 07:00:00,39300.0,39600.0,39250.0,39300.0,316100,KBS
2023-08-21 07:00:00,39300.0,39600.0,39300.0,39350.0,314700,KBS
2023-08-22 07:00:00,39600.0,39700.0,39300.0,39400.0,317200,KBS
2023-08-23 07:00:00,39400.0,39500.0,39400.0,39500.0,247000,KBS
2023-08-24 07:00:00,39750.0,39750.0,39500.0,39500.0,318500,KBS
2023-08-25 07:00:00,39600.0,39600.0,39400.0,39500.0,298900,KBS
2023-08-28 07:00:00,39500.0,39600.0,39500.0,39550.0,311500,KBS
2023-08-29 07:00:00,39550.0,39600.0,39500.0,39500.0,320900,KBS
2023-08-30 07:00:00,39500.0,39550.0,39500.0,39550.0,290400,KBS
2023-08-31 07:00:00,39550.0,39650.0,39550.0,39550.0,285700,KBS
2023-09-05 07:00:00,39550.0,39600.0,39550.0,39550.0,229900,KBS
2023-09-06 07:00:00,39550.0,39550.0,39400.0,39400.0,277200,KBS
2023-09-07 07:00:00,39400.0,39500.0,39350.0,39500.0,312500,KBS
2023-09-08 07:00:00,39500.0,39600.0,39350.0,39500.0,305600,KBS
2023-09-11 07:00:00,39500.0,39500.0,39200.0,39200.0,320400,KBS
2023-09-12 07:00:00,39300.0,39600.0,39200.0,39200.0,311300,KBS
2023-09-13 07:00:00,39200.0,39300.0,39100.0,39100.0,305700,KBS
2023-09-14 07:00:00,39100.0,39550.0,39100.0,39150.0,286100,KBS
2023-09-15 07:00:00,39150.0,39650.0,39150.0,39200.0,308300,KBS
2023-09-18 07:00:00,39200.0,39300.0,39200.0,39300.0,310400,KBS
2023-09-19 07:00:00,39300.0,39750.0,39300.0,39350.0,330200,KBS
2023-09-20 07:00:00,39350.0,39750.0,39350.0,39350.0,263300,KBS
2023-09-21 07:00:00,39350.0,39450.0,39350.0,39350.0,344400,KBS
2023-09-22 07:00:00,39350.0,39800.0,39350.0,39350.0,307100,KBS
2023-09-25 07:00:00,39350.0,39750.0,39200.0,39300.0,303100,KBS
2023-09-26 07:00:00,39300.0,39750.0,39300.0,39350.0,390000,KBS
2023-09-27 07:00:00,39350.0,39750.0,39350.0,39400.0,318500,KBS
2023-09-28 07:00:00,39400.0,39850.0,39300.0,39300.0,301400,KBS
2023-09-29 07:00:00,39300.0,39800.0,39300.0,39300.0,418700,KBS
2023-10-02 07:00:00,39300.0,39400.0,39300.0,39350.0,303800,KBS
2023-10-03 07:00:00,39800.0,39800.0,39250.0,39350.0,308700,KBS
2023-10-04 07:00:00,39450.0,39750.0,39350.0,39350.0,319400,KBS
2023-10-05 07:00:00,39350.0,39750.0,39350.0,39400.0,313100,KBS
2023-10-06 07:00:00,39400.0,39900.0,39400.0,39450.0,434000,KBS
2023-10-09 07:00:00,39450.0,39500.0,39250.0,39250.0,586600,KBS
2023-10-10 07:00:00,39250.0,39700.0,39250.0,39300.0,545500,KBS
2023-10-11 07:00:00,39300.0,39800.0,39300.0,39350.0,571400,KBS
2023-10-12 07:00:00,39350.0,39800.0,39350.0,39400.0,595100,KBS
2023-10-13 07:00:00,39500.0,39800.0,39350.0,39400.0,368800,KBS
2023-10-16 07:00:00,39450.0,39650.0,39300.0,39300.0,252200,KBS
2023-10-17 07:00:00,39700.0,39700.0,39300.0,39350.0,304100,KBS
2023-10-18 07:00:00,39350.0,39750.0,39200.0,39200.0,322900,KBS
2023-10-19 07:00:00,39300.0,39650.0,39000.0,39200.0,311300,KBS
2023-10-20 07:00:00,39300.0,39400.0,38900.0,39200.0,271400,KBS
2023-10-23 07:00:00,39200.0,39400.0,38800.0,38800.0,336000,KBS
2023-10-24 07:00:00,39300.0,39300.0,38500.0,38900.0,385900,KBS
2023-10-25 07:00:00,38900.0,39350.0,38600.0,38950.0,522700,KBS
2023-10-26 07:00:00,38950.0,39150.0,38000.0,38950.0,289100,KBS
2023-10-27 07:00:00,38950.0,39000.0,38500.0,39000.0,420500,KBS
2023-10-30 07:00:00,39000.0,39000.0,38100.0,38450.0,298200,KBS
2023-10-31 07:00:00,38450.0,38850.0,38300.0,38550.0,332200,KBS
2023-11-01 07:00:00,38600.0,39050.0,38450.0,38550.0,301400,KBS
2023-11-02 07:00:00,38550.0,38550.0,38000.0,38550.0,237800,KBS
2023-11-03 07:00:00,38550.0,38800.0,38000.0,38500.0,308000,KBS
2023-11-06 07:00:00,38700.0,38700.0,37100.0,37400.0,264900,KBS
2023-11-07 07:00:00,37400.0,37500.0,36800.0,37000.0,318800,KBS
2023-11-08 07:00:00,37000.0,37100.0,36700.0,37100.0,291100,KBS
2023-11-09 07:00:00,37100.0,37200.0,37100.0,37150.0,308000,KBS
2023-11-10 07:00:00,37150.0,37200.0,37100.0,37200.0,324000,KBS
2023-11-13 07:00:00,37200.0,37250.0,37100.0,37200.0,351100,KBS
2023-11-14 07:00:00,37200.0,37250.0,37200.0,37250.0,552900,KBS
2023-11-15 07:00:00,37250.0,37400.0,37250.0,37300.0,400900,KBS
2023-11-16 07:00:00,37600.0,37600.0,37300.0,37400.0,349700,KBS
2023-11-17 07:00:00,37400.0,37450.0,37200.0,37300.0,321100,KBS
2023-11-20 07:00:00,37350.0,37350.0,37150.0,37350.0,289900,KBS
2023-11-21 07:00:00,37550.0,37550.0,37200.0,37350.0,347900,KBS
2023-11-22 07:00:00,37350.0,37450.0,37250.0,37350.0,376700,KBS
2023-11-23 07:00:00,37400.0,37400.0,37000.0,37350.0,298400,KBS
2023-11-24 07:00:00,37350.0,37400.0,37250.0,37350.0,330000,KBS
2023-11-27 07:00:00,37400.0,37700.0,37350.0,37450.0,324500,KBS
2023-11-28 07:00:00,37600.0,37600.0,37100.0,37400.0,295100,KBS
2023-11-29 07:00:00,37600.0,37600.0,36500.0,37300.0,305500,KBS
2023-11-30 07:00:00,37350.0,39200.0,37300.0,38700.0,1048500,KBS
2023-12-01 07:00:00,39100.0,39200.0,38700.0,38750.0,394500,KBS
2023-12-04 07:00:00,39100.0,39100.0,38750.0,38800.0,312800,KBS
2023-12-05 07:00:00,38800.0,39800.0,38700.0,39000.0,421600,KBS
2023-12-06 07:00:00,39500.0,39500.0,39000.0,39100.0,395500,KBS
2023-12-07 07:00:00,39500.0,39800.0,39050.0,39050.0,376200,KBS
2023-12-08 07:00:00,39050.0,39500.0,39050.0,39150.0,382700,KBS
2023-12-11 07:00:00,39500.0,39500.0,39000.0,39150.0,369900,KBS
2023-12-12 07:00:00,39150.0,39500.0,39150.0,39250.0,429300,KBS
2023-12-13 07:00:00,39250.0,39600.0,39000.0,39000.0,382500,KBS
2023-12-14 07:00:00,39000.0,39300.0,38900.0,39150.0,328000,KBS
2023-12-15 07:00:00,39150.0,39400.0,39150.0,39250.0,323700,KBS
2023-12-18 07:00:00,39250.0,39450.0,39100.0,39150.0,335900,KBS
2023-12-19 07:00:00,39150.0,39500.0,39050.0,39250.0,348900,KBS
2023-12-20 07:00:00,39250.0,39500.0,39250.0,39350.0,458800,KBS
2023-12-21 07:00:00,39600.0,39600.0,39100.0,39250.0,330700,KBS
2023-12-22 07:00:00,39250.0,39600.0,39150.0,39300.0,324200,KBS
2023-12-25 07:00:00,39350.0,39600.0,39300.0,39350.0,321400,KBS
2023-12-26 07:00:00,39350.0,39450.0,39350.0,39450.0,317100,KBS
2023-12-27 07:00:00,39450.0,39550.0,39450.0,39550.0,314800,KBS
2023-12-28 07:00:00,39550.0,39800.0,39500.0,39600.0,307800,KBS
2023-12-29 07:00:00,39600.0,39650.0,39600.0,39650.0,255100,KBS
2024-01-02 07:00:00,39650.0,39800.0,39550.0,39700.0,722600,KBS
2024-01-03 07:00:00,39700.0,39700.0,39400.0,39400.0,388100,KBS
2024-01-04 07:00:00,39400.0,39600.0,39400.0,39500.0,284500,KBS
2024-01-05 07:00:00,39500.0,39600.0,39500.0,39600.0,301500,KBS
2024-01-08 07:00:00,39600.0,39650.0,39500.0,39650.0,434600,KBS
2024-01-09 07:00:00,39650.0,39800.0,39550.0,39650.0,374600,KBS
2024-01-10 07:00:00,39650.0,39700.0,39400.0,39400.0,373900,KBS
2024-01-11 07:00:00,39400.0,39550.0,39250.0,39250.0,422100,KBS
2024-01-12 07:00:00,39250.0,39350.0,38900.0,39100.0,314700,KBS
2024-01-15 07:00:00,39100.0,39150.0,39000.0,39000.0,266000,KBS
2024-01-16 07:00:00,39000.0,39050.0,39000.0,39050.0,346000,KBS
2024-01-17 07:00:00,39050.0,39100.0,39000.0,39050.0,277700,KBS
2024-01-18 07:00:00,39050.0,39100.0,38400.0,38900.0,339200,KBS
2024-01-19 07:00:00,38900.0,39150.0,38300.0,38900.0,302000,KBS
2024-01-22 07:00:00,38900.0,38950.0,38000.0,38950.0,339800,KBS
2024-01-23 07:00:00,38950.0,38950.0,37400.0,38950.0,377100,KBS
2024-01-24 07:00:00,38950.0,39000.0,38700.0,39000.0,367000,KBS
2024-01-25 07:00:00,39000.0,39100.0,38700.0,39100.0,430400,KBS
2024-01-26 07:00:00,39200.0,39300.0,39150.0,39200.0,303500,KBS
2024-01-29 07:00:00,39200.0,39300.0,38700.0,39250.0,487300,KBS
2024-01-30 07:00:00,39300.0,39300.0,39250.0,39300.0,491700,KBS
2024-01-31 07:00:00,39300.0,39500.0,39100.0,39300.0,266400,KBS
2024-02-01 07:00:00,39300.0,39500.0,39300.0,39400.0,511500,KBS
2024-02-02 07:00:00,39400.0,39500.0,39400.0,39400.0,313300,KBS
2024-02-05 07:00:00,39400.0,39600.0,39400.0,39500.0,405100,KBS
2024-02-06 07:00:00,39500.0,39600.0,39500.0,39550.0,262500,KBS
2024-02-07 07:00:00,39550.0,39700.0,39550.0,39600.0,332100,KBS
2024-02-15 07:00:00,39600.0,39700.0,39600.0,39700.0,241500,KBS
2024-02-16 07:00:00,39900.0,40000.0,39700.0,39900.0,346800,KBS
2024-02-19 07:00:00,40050.0,40300.0,39900.0,40000.0,432500,KBS
2024-02-20 07:00:00,40200.0,40400.0,39800.0,39800.0,356900,KBS
2024-02-21 07:00:00,40000.0,40000.0,39500.0,39600.0,430900,KBS
2024-02-22 07:00:00,39900.0,39900.0,39700.0,39800.0,335400,KBS
2024-02-23 07:00:00,39800.0,40000.0,39800.0,39900.0,325800,KBS
2024-02-26 07:00:00,39900.0,40200.0,39900.0,39950.0,378700,KBS
2024-02-27 07:00:00,40200.0,40200.0,39950.0,40000.0,372500,KBS
2024-02-28 07:00:00,40000.0,40200.0,40000.0,40050.0,321300,KBS
2024-02-29 07:00:00,40200.0,40200.0,40050.0,40050.0,389700,KBS
2024-03-01 07:00:00,40050.0,40150.0,40050.0,40150.0,316800,KBS
2024-03-04 07:00:00,40150.0,40600.0,40150.0,40200.0,399900,KBS
2024-03-05 07:00:00,40200.0,40500.0,40200.0,40250.0,310200,KBS
2024-03-06 07:00:00,40250.0,40400.0,40250.0,40250.0,247400,KBS
2024-03-07 07:00:00,40250.0,40250.0,39800.0,40000.0,356200,KBS
2024-03-08 07:00:00,40000.0,40150.0,40000.0,40000.0,376800,KBS
2024-03-11 07:00:00,40000.0,40200.0,39900.0,40050.0,412500,KBS
2024-03-12 07:00:00,40050.0,40200.0,39900.0,39900.0,378400,KBS
2024-03-13 07:00:00,39900.0,39950.0,39850.0,39850.0,336900,KBS
2024-03-14 07:00:00,39850.0,39900.0,39750.0,39800.0,275400,KBS
2024-03-15 07:00:00,39800.0,39800.0,39100.0,39700.0,364300,KBS
2024-03-18 07:00:00,39700.0,40000.0,39400.0,39700.0,481900,KBS
2024-03-19 07:00:00,39700.0,39700.0,39200.0,39300.0,350900,KBS
2024-03-20 07:00:00,39300.0,39600.0,39300.0,39350.0,370800,KBS
2024-03-21 07:00:00,39350.0,39450.0,38650.0,38700.0,382200,KBS
2024-03-22 07:00:00,38700.0,38900.0,38100.0,38200.0,291500,KBS
2024-03-25 07:00:00,38200.0,38400.0,37450.0,38200.0,349500,KBS
2024-03-26 07:00:00,38200.0,38250.0,37700.0,37900.0,341700,KBS
2024-03-27 07:00:00,37900.0,37900.0,37350.0,37500.0,304200,KBS
2024-03-28 07:00:00,37500.0,37700.0,37500.0,37650.0,370600,KBS
2024-03-29 07:00:00,37650.0,37700.0,37500.0,37700.0,293500,KBS
2024-04-01 07:00:00,37700.0,37900.0,37300.0,37400.0,288500,KBS
2024-04-02 07:00:00,37600.0,37600.0,37400.0,37600.0,322100,KBS
2024-04-03 07:00:00,37600.0,37700.0,37100.0,37650.0,341600,KBS
2024-04-04 07:00:00,37800.0,37800.0,37400.0,37650.0,337400,KBS
2024-04-05 07:00:00,37650.0,37700.0,36800.0,37700.0,715800,KBS
2024-04-08 07:00:00,37700.0,37900.0,37700.0,37800.0,350700,KBS
2024-04-09 07:00:00,38000.0,38000.0,37800.0,37800.0,340900,KBS
2024-04-10 07:00:00,37800.0,38100.0,37500.0,37700.0,305000,KBS
2024-04-11 07:00:00,37800.0,37800.0,37000.0,37000.0,332100,KBS
2024-04-12 07:00:00,37000.0,37150.0,36800.0,37150.0,302700,KBS
2024-04-15 07:00:00,37150.0,37300.0,36500.0,37300.0,318400,KBS
2024-04-16 07:00:00,37200.0,37500.0,36600.0,37400.0,315000,KBS
2024-04-17 07:00:00,37400.0,37400.0,36000.0,37400.0,345100,KBS
2024-04-19 07:00:00,37400.0,37500.0,37000.0,37100.0,303800,KBS
2024-04-22 07:00:00,37100.0,37400.0,37100.0,37400.0,314700,KBS
2024-04-23 07:00:00,37400.0,37450.0,36950.0,37450.0,437700,KBS
2024-04-24 07:00:00,37450.0,37700.0,37100.0,37500.0,337800,KBS
2024-04-25 07:00:00,37500.0,37900.0,37500.0,37700.0,342300,KBS
2024-04-26 07:00:00,37700.0,38100.0,37700.0,37750.0,301100,KBS
2024-05-02 07:00:00,37750.0,38100.0,37200.0,37800.0,339000,KBS
2024-05-03 07:00:00,38100.0,38200.0,37700.0,37800.0,319400,KBS
2024-05-06 07:00:00,37800.0,38100.0,37800.0,37900.0,298800,KBS
2024-05-07 07:00:00,37900.0,37950.0,37400.0,37400.0,323700,KBS
2024-05-08 07:00:00,37400.0,37800.0,36500.0,37800.0,310500,KBS
2024-05-09 07:00:00,37800.0,37900.0,37800.0,37850.0,300500,KBS
2024-05-10 07:00:00,37850.0,38000.0,37850.0,38000.0,313400,KBS
2024-05-13 07:00:00,38000.0,38200.0,38000.0,38200.0,311700,KBS
2024-05-14 07:00:00,38200.0,38350.0,38200.0,38300.0,329100,KBS
2024-05-15 07:00:00,38400.0,38400.0,38200.0,38350.0,375400,KBS
2024-05-16 07:00:00,38350.0,38800.0,38350.0,38350.0,345000,KBS
2024-05-17 07:00:00,38500.0,38500.0,38250.0,38400.0,303400,KBS
2024-05-20 07:00:00,38400.0,38700.0,38300.0,38700.0,327800,KBS
2024-05-21 07:00:00,38700.0,38800.0,38700.0,38800.0,308300,KBS
2024-05-22 07:00:00,38800.0,38800.0,38600.0,38700.0,299100,KBS
2024-05-23 07:00:00,38700.0,38750.0,38550.0,38750.0,295600,KBS
2024-05-24 07:00:00,38750.0,38850.0,38600.0,38800.0,316200,KBS
2024-05-27 07:00:00,39000.0,39100.0,38800.0,38900.0,404600,KBS
2024-05-28 07:00:00,39050.0,39050.0,38900.0,38950.0,356900,KBS
2024-05-29 07:00:00,38950.0,39000.0,38950.0,38950.0,310800,KBS
2024-05-30 07:00:00,38950.0,39000.0,38850.0,39000.0,316400,KBS
2024-05-31 07:00:00,39150.0,39300.0,39000.0,39100.0,304800,KBS
2024-06-03 07:00:00,39100.0,39400.0,39100.0,39150.0,305500,KBS
2024-06-04 07:00:00,39150.0,39200.0,39150.0,39200.0,329200,KBS
2024-06-05 07:00:00,39200.0,39500.0,39200.0,39250.0,305000,KBS
2024-06-06 07:00:00,39250.0,39500.0,39250.0,39300.0,325900,KBS
2024-06-07 07:00:00,39300.0,39400.0,39300.0,39350.0,298100,KBS
2024-06-10 07:00:00,39700.0,39700.0,37400.0,39300.0,375400,KBS
2024-06-11 07:00:00,39300.0,39300.0,38500.0,39100.0,309000,KBS
2024-06-12 07:00:00,39100.0,39100.0,36600.0,38800.0,375200,KBS
2024-06-13 07:00:00,38800.0,38800.0,36300.0,38800.0,396200,KBS
2024-06-14 07:00:00,38800.0,38800.0,36250.0,38800.0,503500,KBS
2024-06-17 07:00:00,38800.0,38800.0,37500.0,38700.0,314700,KBS
2024-06-18 07:00:00,38700.0,38700.0,37800.0,38650.0,408700,KBS
2024-06-19 07:00:00,38600.0,38850.0,37900.0,38700.0,304700,KBS
2024-06-20 07:00:00,38700.0,38800.0,37250.0,38700.0,315400,KBS
2024-06-21 07:00:00,38700.0,39100.0,37300.0,38800.0,330800,KBS
2024-06-24 07:00:00,38800.0,39100.0,38600.0,38950.0,326600,KBS
2024-06-25 07:00:00,38950.0,39200.0,38500.0,39200.0,325400,KBS
2024-06-26 07:00:00,39500.0,39500.0,39200.0,39200.0,307900,KBS
2024-06-27 07:00:00,39200.0,39350.0,39050.0,39250.0,368300,KBS
2024-06-28 07:00:00,39500.0,39500.0,39250.0,39300.0,333000,KBS
2024-07-01 07:00:00,39300.0,39500.0,39200.0,39350.0,290400,KBS
2024-07-02 07:00:00,39500.0,39500.0,38600.0,39350.0,304400,KBS
2024-07-03 07:00:00,39350.0,39600.0,39250.0,39500.0,318300,KBS
2024-07-04 07:00:00,39600.0,39700.0,39400.0,39400.0,299300,KBS
2024-07-05 07:00:00,39700.0,39700.0,39450.0,39500.0,324200,KBS
2024-07-08 07:00:00,39500.0,39550.0,39000.0,39300.0,331100,KBS
2024-07-09 07:00:00,39300.0,39700.0,39100.0,39350.0,327000,KBS
2024-07-10 07:00:00,39350.0,39600.0,39350.0,39400.0,356200,KBS
2024-07-11 07:00:00,39400.0,39450.0,39300.0,39400.0,304300,KBS
2024-07-12 07:00:00,39400.0,39550.0,39400.0,39450.0,350000,KBS
2024-07-15 07:00:00,39450.0,39600.0,39450.0,39450.0,312500,KBS
2024-07-16 07:00:00,39500.0,39600.0,39450.0,39500.0,330400,KBS
2024-07-17 07:00:00,39800.0,39800.0,39000.0,39000.0,314200,KBS
2024-07-18 07:00:00,39000.0,39100.0,38950.0,39100.0,298300,KBS
2024-07-19 07:00:00,39100.0,39300.0,38900.0,39200.0,310400,KBS
2024-07-22 07:00:00,39500.0,39500.0,39250.0,39300.0,309100,KBS
2024-07-23 07:00:00,39400.0,39400.0,39300.0,39300.0,309400,KBS
2024-07-24 07:00:00,39550.0,39600.0,39300.0,39350.0,301200,KBS
2024-07-25 07:00:00,39550.0,39600.0,39200.0,39400.0,342800,KBS
2024-07-26 07:00:00,39550.0,39700.0,39450.0,39500.0,340600,KBS
2024-07-29 07:00:00,39500.0,39800.0,39500.0,39550.0,334600,KBS
2024-07-30 07:00:00,39800.0,39800.0,39550.0,39600.0,334700,KBS
2024-07-31 07:00:00,39600.0,39900.0,39100.0,39650.0,320700,KBS
2024-08-01 07:00:00,39650.0,39750.0,39100.0,39300.0,283500,KBS
2024-08-02 07:00:00,39300.0,39350.0,39200.0,39200.0,345200,KBS
2024-08-05 07:00:00,39200.0,39400.0,39150.0,39150.0,331400,KBS
2024-08-06 07:00:00,39150.0,39200.0,39150.0,39200.0,342300,KBS
2024-08-07 07:00:00,39200.0,39300.0,39200.0,39300.0,318900,KBS
2024-08-08 07:00:00,39300.0,39400.0,39300.0,39350.0,305100,KBS
2024-08-09 07:00:00,39350.0,39450.0,39350.0,39400.0,313100,KBS
2024-08-12 07:00:00,39400.0,39500.0,39400.0,39450.0,375900,KBS
2024-08-13 07:00:00,39450.0,39550.0,39450.0,39500.0,314300,KBS
2024-08-14 07:00:00,39500.0,39550.0,39500.0,39550.0,906300,KBS
2024-08-15 07:00:00,39550.0,39600.0,39550.0,39550.0,302900,KBS
2024-08-16 07:00:00,39550.0,39800.0,39550.0,39800.0,286100,KBS
2024-08-19 07:00:00,40000.0,40000.0,39800.0,39850.0,317000,KBS
2024-08-20 07:00:00,40000.0,40000.0,39850.0,39900.0,313200,KBS
2024-08-21 07:00:00,39900.0,40000.0,39900.0,39950.0,313200,KBS
2024-08-22 07:00:00,39950.0,39950.0,39550.0,39650.0,316000,KBS
2024-08-23 07:00:00,39650.0,39800.0,39650.0,39800.0,388900,KBS
2024-08-26 07:00:00,39800.0,39850.0,39800.0,39850.0,301500,KBS
2024-08-27 07:00:00,39850.0,39900.0,39850.0,39900.0,304600,KBS
2024-08-28 07:00:00,39800.0,39900.0,39800.0,39900.0,275100,KBS
2024-08-29 07:00:00,39900.0,39950.0,39900.0,39950.0,310500,KBS
2024-08-30 07:00:00,40000.0,40300.0,39900.0,40000.0,372200,KBS
2024-09-04 07:00:00,40000.0,40100.0,40000.0,40050.0,315000,KBS
2024-09-05 07:00:00,40300.0,40300.0,39600.0,39750.0,308000,KBS
2024-09-06 07:00:00,39750.0,39800.0,39750.0,39800.0,307500,KBS
2024-09-09 07:00:00,39800.0,39900.0,39800.0,39850.0,306700,KBS
2024-09-10 07:00:00,39850.0,39900.0,37100.0,39850.0,339800,KBS
2024-09-11 07:00:00,39850.0,40050.0,39850.0,39900.0,315900,KBS
2024-09-12 07:00:00,39900.0,39950.0,39900.0,39900.0,302100,KBS
2024-09-13 07:00:00,39900.0,40100.0,39900.0,39950.0,306500,KBS
2024-09-16 07:00:00,40200.0,40200.0,39950.0,40000.0,301300,KBS
2024-09-17 07:00:00,40000.0,40100.0,40000.0,40050.0,328300,KBS
2024-09-18 07:00:00,40050.0,40100.0,40050.0,40100.0,316400,KBS
2024-09-19 07:00:00,40100.0,40200.0,37300.0,39500.0,674600,KBS
2024-09-20 07:00:00,39500.0,39550.0,39300.0,39550.0,345200,KBS
2024-09-23 07:00:00,39550.0,39550.0,36800.0,37800.0,499800,KBS
2024-09-24 07:00:00,37500.0,38000.0,35400.0,37800.0,385900,KBS
2024-09-25 07:00:00,37800.0,37800.0,35500.0,37500.0,350300,KBS
2024-09-26 07:00:00,37500.0,39500.0,37000.0,37700.0,350500,KBS
2024-09-27 07:00:00,37700.0,37800.0,37400.0,37800.0,331100,KBS
2024-09-30 07:00:00,37800.0,37800.0,37500.0,37650.0,322900,KBS
2024-10-01 07:00:00,37650.0,37700.0,37400.0,37700.0,290200,KBS
2024-10-02 07:00:00,37700.0,37850.0,37550.0,37850.0,312100,KBS
2024-10-03 07:00:00,37850.0,37950.0,37700.0,37850.0,312400,KBS
2024-10-04 07:00:00,37850.0,37850.0,37500.0,37800.0,318400,KBS
2024-10-07 07:00:00,37800.0,37800.0,37600.0,37800.0,296200,KBS
2024-10-08 07:00:00,37800.0,37800.0,37500.0,37800.0,309300,KBS
2024-10-09 07:00:00,37800.0,38000.0,37800.0,38000.0,314300,KBS
2024-10-10 07:00:00,38200.0,38300.0,38000.0,38200.0,359500,KBS
2024-10-11 07:00:00,38200.0,38300.0,38200.0,38300.0,309000,KBS
2024-10-14 07:00:00,38250.0,38400.0,38250.0,38400.0,319900,KBS
2024-10-15 07:00:00,38600.0,38600.0,38400.0,38400.0,294000,KBS
2024-10-16 07:00:00,38600.0,38600.0,38300.0,38350.0,315600,KBS
2024-10-17 07:00:00,38500.0,38500.0,38350.0,38350.0,306800,KBS
2024-10-18 07:00:00,38350.0,38400.0,38200.0,38400.0,318100,KBS
2024-10-21 07:00:00,38550.0,38550.0,38400.0,38450.0,325000,KBS
2024-10-22 07:00:00,38450.0,38450.0,38300.0,38450.0,293100,KBS
2024-10-23 07:00:00,38800.0,38800.0,37900.0,38300.0,329900,KBS
2024-10-24 07:00:00,38300.0,38500.0,38300.0,38500.0,334700,KBS
2024-10-25 07:00:00,38500.0,38600.0,38450.0,38450.0,414900,KBS
2024-10-28 07:00:00,38450.0,38500.0,38450.0,38500.0,495100,KBS
2024-10-29 07:00:00,38550.0,38600.0,38550.0,38550.0,478000,KBS
2024-10-30 07:00:00,38650.0,38650.0,38550.0,38600.0,305200,KBS
2024-10-31 07:00:00,38600.0,38700.0,38600.0,38650.0,344600,KBS
2024-11-01 07:00:00,38650.0,38750.0,38650.0,38750.0,391800,KBS
2024-11-04 07:00:00,38750.0,38800.0,38700.0,38700.0,281500,KBS
2024-11-05 07:00:00,38700.0,38700.0,38500.0,38500.0,346100,KBS
2024-11-06 07:00:00,38500.0,38550.0,38300.0,38550.0,336400,KBS
2024-11-07 07:00:00,38550.0,38550.0,38200.0,38550.0,315100,KBS
2024-11-08 07:00:00,38550.0,38600.0,38450.0,38600.0,357600,KBS
2024-11-11 07:00:00,38800.0,38800.0,38450.0,38600.0,331300,KBS
2024-11-12 07:00:00,38600.0,38800.0,38500.0,38600.0,365400,KBS
2024-11-13 07:00:00,38600.0,38600.0,38500.0,38550.0,283500,KBS
2024-11-14 07:00:00,38550.0,38600.0,38300.0,38550.0,346800,KBS
2024-11-15 07:00:00,38400.0,38400.0,38100.0,38300.0,309600,KBS
2024-11-18 07:00:00,38400.0,38400.0,38050.0,38300.0,388100,KBS
2024-11-19 07:00:00,38600.0,38600.0,38200.0,38400.0,274900,KBS
2024-11-20 07:00:00,38400.0,38500.0,38100.0,38500.0,327900,KBS
2024-11-21 07:00:00,38550.0,38550.0,38000.0,38500.0,388600,KBS
2024-11-22 07:00:00,38550.0,38550.0,38350.0,38550.0,350900,KBS
2024-11-25 07:00:00,38550.0,38650.0,38550.0,38600.0,386400,KBS
2024-11-26 07:00:00,38600.0,38700.0,38600.0,38650.0,333700,KBS
2024-11-27 07:00:00,38650.0,38700.0,38400.0,38650.0,318800,KBS
2024-11-28 07:00:00,38650.0,38750.0,38650.0,38700.0,313500,KBS
2024-11-29 07:00:00,38700.0,38750.0,38700.0,38700.0,271100,KBS
2024-12-02 07:00:00,38700.0,38750.0,38700.0,38750.0,347000,KBS
2024-12-03 07:00:00,38750.0,38750.0,38650.0,38750.0,357300,KBS
2024-12-04 07:00:00,38750.0,38750.0,38700.0,38750.0,343900,KBS
2024-12-05 07:00:00,38750.0,38750.0,38600.0,38600.0,334300,KBS
2024-12-06 07:00:00,38600.0,38650.0,38600.0,38650.0,310300,KBS
2024-12-09 07:00:00,38650.0,38750.0,38650.0,38700.0,391500,KBS
2024-12-10 07:00:00,38700.0,39000.0,38700.0,38750.0,366400,KBS
2024-12-11 07:00:00,38750.0,38850.0,38600.0,38600.0,376400,KBS
2024-12-12 07:00:00,38600.0,38650.0,38600.0,38650.0,309900,KBS
2024-12-13 07:00:00,38650.0,38650.0,38550.0,38600.0,286000,KBS
2024-12-16 07:00:00,38600.0,38650.0,38600.0,38600.0,356000,KBS
2024-12-17 07:00:00,38600.0,38700.0,38600.0,38650.0,376900,KBS
2024-12-18 07:00:00,38650.0,38700.0,38550.0,38650.0,354700,KBS
2024-12-19 07:00:00,38800.0,38800.0,38500.0,38550.0,302100,KBS
2024-12-20 07:00:00,38700.0,38700.0,38400.0,38400.0,287900,KBS
2024-12-23 07:00:00,38400.0,38400.0,38100.0,38400.0,367000,KBS
2024-12-24 07:00:00,38400.0,38400.0,37900.0,38250.0,260400,KBS
2024-12-25 07:00:00,38250.0,38300.0,38200.0,38300.0,366900,KBS
2024-12-26 07:00:00,38300.0,38400.0,38300.0,38350.0,376400,KBS
2024-12-27 07:00:00,38350.0,38350.0,38200.0,38350.0,279600,KBS
2024-12-30 07:00:00,38350.0,38450.0,38350.0,38400.0,356800,KBS
2024-12-31 07:00:00,38600.0,38600.0,38300.0,38450.0,351700,KBS
2025-01-02 07:00:00,38450.0,38600.0,38450.0,38550.0,356500,KBS
2025-01-03 07:00:00,38550.0,38650.0,38450.0,38550.0,351200,KBS
2025-01-06 07:00:00,38800.0,38800.0,38500.0,38550.0,365700,KBS
2025-01-07 07:00:00,38900.0,38900.0,38550.0,38600.0,355500,KBS
2025-01-08 07:00:00,38650.0,38700.0,38500.0,38600.0,316600,KBS
2025-01-09 07:00:00,38800.0,38800.0,38000.0,38600.0,316700,KBS
2025-01-10 07:00:00,38650.0,38700.0,38600.0,38650.0,322000,KBS
2025-01-13 07:00:00,38700.0,38800.0,38650.0,38750.0,360800,KBS
2025-01-14 07:00:00,38900.0,38900.0,38750.0,38800.0,364400,KBS
2025-01-15 07:00:00,38800.0,38900.0,38800.0,38850.0,374100,KBS
2025-01-16 07:00:00,38850.0,38950.0,38850.0,38900.0,376600,KBS
2025-01-17 07:00:00,38900.0,38950.0,38900.0,38900.0,371900,KBS
2025-01-20 07:00:00,38900.0,39000.0,38900.0,38950.0,363000,KBS
2025-01-21 07:00:00,38950.0,39000.0,38950.0,39000.0,298000,KBS
2025-01-22 07:00:00,39000.0,39050.0,39000.0,39000.0,306300,KBS
2025-01-23 07:00:00,39000.0,39000.0,39000.0,39000.0,292800,KBS
2025-01-24 07:00:00,39000.0,39050.0,39000.0,39050.0,297400,KBS
2025-02-03 07:00:00,39050.0,39100.0,39050.0,39100.0,297500,KBS
2025-02-04 07:00:00,39100.0,39150.0,39100.0,39150.0,297200,KBS
2025-02-05 07:00:00,39150.0,39200.0,39150.0,39200.0,358200,KBS
2025-02-06 07:00:00,39200.0,39200.0,39200.0,39200.0,324500,KBS
2025-02-07 07:00:00,39200.0,39250.0,39200.0,39250.0,350200,KBS
2025-02-10 07:00:00,39250.0,39600.0,39200.0,39400.0,428100,KBS
2025-02-11 07:00:00,39400.0,39500.0,39400.0,39500.0,381900,KBS
2025-02-12 07:00:00,39500.0,39500.0,39400.0,39400.0,384400,KBS
2025-02-13 07:00:00,39400.0,39400.0,39300.0,39300.0,382600,KBS
2025-02-14 07:00:00,39300.0,39400.0,39300.0,39350.0,376100,KBS
2025-02-17 07:00:00,39350.0,39450.0,39350.0,39400.0,359100,KBS
2025-02-18 07:00:00,39450.0,39450.0,39300.0,39350.0,366900,KBS
2025-02-19 07:00:00,39350.0,39350.0,39100.0,39250.0,310700,KBS
2025-02-20 07:00:00,39250.0,39350.0,39250.0,39300.0,364700,KBS
2025-02-21 07:00:00,39300.0,39350.0,39300.0,39350.0,301600,KBS
2025-02-24 07:00:00,39350.0,39350.0,39350.0,39350.0,281000,KBS
2025-02-25 07:00:00,39350.0,39350.0,39350.0,39350.0,327300,KBS
2025-02-26 07:00:00,39350.0,39350.0,39350.0,39350.0,320700,KBS
2025-02-27 07:00:00,39350.0,39400.0,39350.0,39400.0,322000,KBS
2025-02-28 07:00:00,39400.0,39450.0,39400.0,39450.0,369700,KBS
2025-03-03 07:00:00,39450.0,39450.0,39350.0,39400.0,365700,KBS
2025-03-04 07:00:00,39400.0,39450.0,39300.0,39350.0,388300,KBS
2025-03-05 07:00:00,39350.0,39400.0,39350.0,39400.0,332100,KBS
2025-03-06 07:00:00,39400.0,39500.0,39400.0,39450.0,322800,KBS
2025-03-07 07:00:00,39450.0,39550.0,39450.0,39500.0,343200,KBS
2025-03-10 07:00:00,39500.0,39550.0,39450.0,39450.0,312000,KBS
2025-03-11 07:00:00,39450.0,39450.0,39000.0,39000.0,454800,KBS
2025-03-12 07:00:00,39000.0,39000.0,38650.0,38650.0,353500,KBS
2025-03-13 07:00:00,38700.0,38750.0,38600.0,38650.0,1631300,KBS
2025-03-14 07:00:00,38650.0,38650.0,38500.0,38650.0,1027100,KBS
2025-03-17 07:00:00,38650.0,38750.0,38650.0,38650.0,838800,KBS
2025-03-18 07:00:00,38650.0,38900.0,38600.0,38650.0,890800,KBS
2025-03-19 07:00:00,38650.0,38900.0,36850.0,38900.0,1181400,KBS
2025-03-20 07:00:00,38900.0,38900.0,38650.0,38750.0,1057000,KBS
2025-03-21 07:00:00,38900.0,38900.0,38600.0,38650.0,462200,KBS
2025-03-24 07:00:00,38650.0,38750.0,38600.0,38700.0,507600,KBS
2025-03-25 07:00:00,38900.0,38900.0,38650.0,38700.0,539200,KBS
2025-03-26 07:00:00,38800.0,38800.0,38500.0,38650.0,404600,KBS
2025-03-27 07:00:00,38650.0,38650.0,38500.0,38650.0,300400,KBS
2025-03-28 07:00:00,38650.0,38650.0,38550.0,38600.0,312100,KBS
2025-03-31 07:00:00,38600.0,38650.0,38600.0,38600.0,387800,KBS
2025-04-01 07:00:00,38600.0,38600.0,38400.0,38600.0,298200,KBS
2025-04-02 07:00:00,38800.0,38800.0,38600.0,38650.0,436900,KBS
2025-04-03 07:00:00,38650.0,38700.0,38400.0,38450.0,403100,KBS
2025-04-04 07:00:00,38800.0,38800.0,38450.0,38500.0,362700,KBS
2025-04-08 07:00:00,38800.0,38800.0,38500.0,38500.0,369000,KBS
2025-04-09 07:00:00,38500.0,38750.0,38500.0,38600.0,341200,KBS
2025-04-10 07:00:00,38650.0,38750.0,38600.0,38650.0,381300,KBS
2025-04-11 07:00:00,38650.0,38800.0,38500.0,38650.0,300700,KBS
2025-04-14 07:00:00,38650.0,38650.0,38550.0,38650.0,386500,KBS
2025-04-15 07:00:00,38800.0,38800.0,38550.0,38600.0,389000,KBS
2025-04-16 07:00:00,38600.0,38650.0,38550.0,38650.0,370400,KBS
2025-04-17 07:00:00,38650.0,38700.0,38550.0,38550.0,314100,KBS
2025-04-18 07:00:00,38550.0,38650.0,38550.0,38600.0,350500,KBS
2025-04-21 07:00:00,38600.0,38700.0,38600.0,38700.0,320600,KBS
2025-04-22 07:00:00,38900.0,38900.0,38600.0,38600.0,364100,KBS
2025-04-23 07:00:00,38600.0,38800.0,38500.0,38650.0,330200,KBS
2025-04-24 07:00:00,38800.0,38800.0,38450.0,38650.0,295700,KBS
2025-04-25 07:00:00,38650.0,38650.0,38500.0,38650.0,321700,KBS
2025-04-28 07:00:00,38650.0,38700.0,38500.0,38650.0,331900,KBS
2025-04-29 07:00:00,38650.0,38700.0,38400.0,38600.0,272900,KBS
2025-05-05 07:00:00,38600.0,38650.0,38300.0,38650.0,229600,KBS
2025-05-06 07:00:00,38650.0,38650.0,38500.0,38600.0,355100,KBS
2025-05-07 07:00:00,38600.0,38650.0,38500.0,38650.0,313400,KBS
2025-05-08 07:00:00,38650.0,38700.0,38400.0,38700.0,426000,KBS
2025-05-09 07:00:00,38700.0,38700.0,38100.0,38700.0,426700,KBS
2025-05-12 07:00:00,38700.0,38800.0,38650.0,38750.0,376600,KBS
2025-05-13 07:00:00,38600.0,38750.0,38500.0,38750.0,439300,KBS
2025-05-14 07:00:00,39000.0,39000.0,38550.0,38750.0,542800,KBS
2025-05-15 07:00:00,38750.0,38750.0,38600.0,38700.0,518600,KBS
2025-05-16 07:00:00,38700.0,38750.0,38600.0,38700.0,311700,KBS
2025-05-19 07:00:00,38700.0,38800.0,38500.0,38700.0,548000,KBS
2025-05-20 07:00:00,39000.0,39000.0,38600.0,38700.0,536300,KBS
2025-05-21 07:00:00,38700.0,38750.0,38500.0,38700.0,412100,KBS
2025-05-22 07:00:00,38700.0,38700.0,38500.0,38600.0,356700,KBS
2025-05-23 07:00:00,38700.0,38700.0,38400.0,38550.0,281100,KBS
2025-05-26 07:00:00,38550.0,38600.0,38300.0,38600.0,354200,KBS
2025-05-27 07:00:00,38600.0,38600.0,38500.0,38600.0,370400,KBS
2025-05-28 07:00:00,38600.0,38600.0,38400.0,38600.0,657400,KBS
2025-05-29 07:00:00,38600.0,38600.0,38450.0,38600.0,330000,KBS
2025-05-30 07:00:00,38600.0,38700.0,38400.0,38700.0,373200,KBS
2025-06-02 07:00:00,38700.0,38750.0,38500.0,38750.0,515400,KBS
2025-06-03 07:00:00,38750.0,38800.0,38600.0,38800.0,433700,KBS
2025-06-04 07:00:00,38800.0,38800.0,38650.0,38750.0,435100,KBS
2025-06-05 07:00:00,38750.0,38800.0,38600.0,38800.0,361400,KBS
2025-06-06 07:00:00,38800.0,38800.0,38500.0,38800.0,322000,KBS
2025-06-09 07:00:00,38800.0,38800.0,38600.0,38800.0,350300,KBS
2025-06-10 07:00:00,38800.0,38800.0,38400.0,38600.0,307200,KBS
2025-06-11 07:00:00,38600.0,38650.0,38500.0,38650.0,331900,KBS
2025-06-12 07:00:00,38650.0,38700.0,38500.0,38650.0,364400,KBS
2025-06-13 07:00:00,38650.0,38700.0,38400.0,38700.0,305700,KBS
2025-06-16 07:00:00,38750.0,38750.0,38550.0,38750.0,390700,KBS
2025-06-17 07:00:00,38750.0,38950.0,38750.0,38800.0,310400,KBS
2025-06-18 07:00:00,38800.0,38850.0,38550.0,38850.0,337300,KBS
2025-06-19 07:00:00,38850.0,38950.0,38500.0,38850.0,391300,KBS
2025-06-20 07:00:00,38850.0,38850.0,38700.0,38700.0,319700,KBS
2025-06-23 07:00:00,38700.0,38700.0,38500.0,38700.0,334600,KBS
2025-06-24 07:00:00,38700.0,38750.0,38500.0,38750.0,310300,KBS
2025-06-25 07:00:00,38750.0,38800.0,38400.0,38800.0,312800,KBS
2025-06-26 07:00:00,38850.0,38900.0,38500.0,38800.0,553900,KBS
2025-06-27 07:00:00,38800.0,38850.0,38500.0,38850.0,322500,KBS
2025-06-30 07:00:00,38900.0,38900.0,38350.0,38750.0,319300,KBS
2025-07-01 07:00:00,38750.0,38850.0,38350.0,38800.0,320500,KBS
2025-07-02 07:00:00,38800.0,38800.0,38300.0,38300.0,314400,KBS
2025-07-03 07:00:00,38300.0,38400.0,38300.0,38400.0,305800,KBS
2025-07-04 07:00:00,38400.0,38450.0,38400.0,38400.0,306000,KBS
2025-07-07 07:00:00,38400.0,38450.0,38300.0,38450.0,319200,KBS
2025-07-08 07:00:00,38450.0,38500.0,38450.0,38450.0,313800,KBS
2025-07-09 07:00:00,38450.0,38500.0,38400.0,38500.0,308800,KBS
2025-07-10 07:00:00,38500.0,38550.0,38400.0,38550.0,329300,KBS
2025-07-11 07:00:00,38550.0,38600.0,38550.0,38550.0,312200,KBS
2025-07-14 07:00:00,38550.0,38600.0,38450.0,38550.0,304200,KBS
2025-07-15 07:00:00,38550.0,38600.0,38500.0,38550.0,294900,KBS
2025-07-16 07:00:00,38550.0,38800.0,38500.0,38600.0,284200,KBS
2025-07-17 07:00:00,38600.0,38650.0,38500.0,38650.0,317800,KBS
2025-07-18 07:00:00,38650.0,38650.0,38550.0,38650.0,318000,KBS
2025-07-21 07:00:00,38650.0,38700.0,38550.0,38650.0,330100,KBS
2025-07-22 07:00:00,38650.0,38800.0,38650.0,38700.0,301800,KBS
2025-07-23 07:00:00,38700.0,38750.0,38700.0,38750.0,322300,KBS
2025-07-24 07:00:00,38750.0,38800.0,38750.0,38800.0,357600,KBS
2025-07-25 07:00:00,38800.0,38900.0,38700.0,38700.0,350800,KBS
2025-07-28 07:00:00,38700.0,38800.0,38700.0,38800.0,369900,KBS
2025-07-29 07:00:00,38800.0,38900.0,38800.0,38850.0,351300,KBS
2025-07-30 07:00:00,38850.0,38850.0,38700.0,38850.0,326700,KBS
2025-07-31 07:00:00,38850.0,39200.0,38850.0,38850.0,316600,KBS
2025-08-01 07:00:00,38850.0,41550.0,38850.0,39100.0,345900,KBS
2025-08-04 07:00:00,39100.0,39500.0,39100.0,39150.0,308600,KBS
2025-08-05 07:00:00,39150.0,39250.0,38900.0,38900.0,372900,KBS
2025-08-06 07:00:00,38800.0,38800.0,38700.0,38800.0,298200,KBS
2025-08-07 07:00:00,38800.0,38800.0,38600.0,38800.0,278700,KBS
2025-08-08 07:00:00,39000.0,39300.0,38600.0,38600.0,346600,KBS
2025-08-11 07:00:00,38600.0,38650.0,38500.0,38600.0,310300,KBS
2025-08-12 07:00:00,38600.0,38650.0,38600.0,38650.0,311500,KBS
2025-08-13 07:00:00,39000.0,39000.0,38650.0,38750.0,353100,KBS
2025-08-14 07:00:00,38750.0,38850.0,38750.0,38800.0,318400,KBS
2025-08-15 07:00:00,38800.0,38850.0,38800.0,38800.0,320100,KBS
2025-08-18 07:00:00,38800.0,38900.0,38800.0,38850.0,330400,KBS
2025-08-19 07:00:00,39200.0,39200.0,38850.0,38900.0,311800,KBS
2025-08-20 07:00:00,38900.0,39000.0,38900.0,38950.0,317900,KBS
2025-08-21 07:00:00,39300.0,39300.0,38950.0,39000.0,324100,KBS
2025-08-22 07:00:00,39400.0,39400.0,39000.0,39050.0,318100,KBS
2025-08-25 07:00:00,39400.0,39400.0,38800.0,38800.0,313500,KBS
2025-08-26 07:00:00,39200.0,39200.0,38800.0,38850.0,303500,KBS
2025-08-27 07:00:00,39100.0,39100.0,38700.0,38700.0,318500,KBS
2025-08-28 07:00:00,38700.0,38800.0,38700.0,38800.0,312300,KBS
2025-08-29 07:00:00,38800.0,38850.0,38750.0,38750.0,316700,KBS
2025-09-03 07:00:00,38750.0,39500.0,38750.0,38800.0,325300,KBS
2025-09-04 07:00:00,38800.0,39000.0,38800.0,38900.0,384500,KBS
2025-09-05 07:00:00,38900.0,39100.0,38900.0,39050.0,358000,KBS
2025-09-08 07:00:00,39050.0,39250.0,39050.0,39100.0,392400,KBS
2025-09-09 07:00:00,39100.0,39300.0,39100.0,39150.0,392800,KBS
2025-09-10 07:00:00,39300.0,39450.0,39150.0,39200.0,402700,KBS
2025-09-11 07:00:00,39500.0,39500.0,39150.0,39250.0,376200,KBS
2025-09-12 07:00:00,39600.0,39600.0,39150.0,39150.0,415500,KBS
2025-09-15 07:00:00,39150.0,39300.0,39150.0,39200.0,295100,KBS
2025-09-16 07:00:00,39200.0,39500.0,39200.0,39250.0,380200,KBS
2025-09-17 07:00:00,39300.0,39350.0,39250.0,39250.0,376100,KBS
2025-09-18 07:00:00,39250.0,39300.0,39200.0,39300.0,389100,KBS
2025-09-19 07:00:00,39300.0,39400.0,39250.0,39350.0,394300,KBS
2025-09-22 07:00:00,39700.0,39700.0,39250.0,39250.0,386500,KBS
2025-09-23 07:00:00,39700.0,39700.0,39250.0,39250.0,396400,KBS
2025-09-24 07:00:00,39250.0,39350.0,39250.0,39300.0,409400,KBS
2025-09-25 07:00:00,39500.0,40000.0,39300.0,39400.0,423400,KBS
2025-09-26 07:00:00,39800.0,42150.0,39400.0,42150.0,385200,KBS
2025-09-29 07:00:00,42150.0,42150.0,40700.0,40700.0,366400,KBS
2025-09-30 07:00:00,40500.0,40500.0,39200.0,39200.0,408900,KBS
2025-10-01 07:00:00,39200.0,39300.0,39150.0,39200.0,392000,KBS
2025-10-02 07:00:00,39200.0,39350.0,39000.0,39000.0,394700,KBS
2025-10-03 07:00:00,39000.0,39700.0,39000.0,39000.0,407300,KBS
2025-10-06 07:00:00,39000.0,39050.0,39000.0,39050.0,368300,KBS
2025-10-07 07:00:00,39100.0,39150.0,39000.0,39000.0,321300,KBS
2025-10-08 07:00:00,39000.0,39100.0,39000.0,39050.0,349900,KBS
2025-10-09 07:00:00,39050.0,39100.0,38950.0,39100.0,363500,KBS
2025-10-10 07:00:00,39100.0,39100.0,38800.0,38800.0,344400,KBS
2025-10-13 07:00:00,38800.0,38800.0,38650.0,38650.0,377600,KBS
2025-10-14 07:00:00,38650.0,38750.0,38400.0,38500.0,334300,KBS
2025-10-15 07:00:00,38500.0,38500.0,38350.0,38500.0,380200,KBS
2025-10-16 07:00:00,38500.0,38550.0,38300.0,38450.0,352900,KBS
2025-10-17 07:00:00,38450.0,38450.0,38200.0,38400.0,368800,KBS
2025-10-20 07:00:00,38400.0,38500.0,38300.0,38400.0,380900,KBS
2025-10-21 07:00:00,38400.0,38600.0,38400.0,38500.0,389300,KBS
2025-10-22 07:00:00,38700.0,38700.0,38500.0,38550.0,369900,KBS
2025-10-23 07:00:00,38550.0,38700.0,38550.0,38600.0,376700,KBS
2025-10-24 07:00:00,38600.0,38700.0,38600.0,38600.0,372500,KBS
2025-10-27 07:00:00,38600.0,38750.0,38600.0,38600.0,386700,KBS
2025-10-28 07:00:00,39000.0,39000.0,38600.0,38700.0,371900,KBS
2025-10-29 07:00:00,38700.0,38800.0,38700.0,38700.0,394200,KBS
2025-10-30 07:00:00,38750.0,39200.0,38700.0,38800.0,394900,KBS
2025-10-31 07:00:00,38900.0,38900.0,38800.0,38850.0,381600,KBS
2025-11-03 07:00:00,38850.0,39200.0,38850.0,39200.0,387100,KBS
2025-11-04 07:00:00,39200.0,40200.0,39200.0,39300.0,433600,KBS
2025-11-05 07:00:00,39600.0,39700.0,39200.0,39200.0,403300,KBS
2025-11-06 07:00:00,39600.0,39600.0,39200.0,39300.0,437100,KBS
2025-11-07 07:00:00,39600.0,39600.0,39300.0,39350.0,380500,KBS
2025-11-10 07:00:00,39400.0,40100.0,38700.0,38900.0,449600,KBS
2025-11-11 07:00:00,38900.0,39100.0,38800.0,38800.0,426400,KBS
2025-11-12 07:00:00,39200.0,39200.0,38800.0,39000.0,461400,KBS
2025-11-13 07:00:00,39000.0,39100.0,39000.0,39000.0,397100,KBS
2025-11-14 07:00:00,39000.0,39100.0,39000.0,39000.0,404300,KBS
2025-11-17 07:00:00,39000.0,39100.0,39000.0,39050.0,529000,KBS
2025-11-18 07:00:00,39050.0,39150.0,39050.0,39100.0,399300,KBS
2025-11-19 07:00:00,39100.0,39100.0,38950.0,39050.0,386000,KBS
2025-11-20 07:00:00,39050.0,39050.0,38700.0,38700.0,350100,KBS
2025-11-21 07:00:00,38700.0,38750.0,38650.0,38700.0,355800,KBS
2025-11-24 07:00:00,38700.0,38800.0,38700.0,38800.0,393700,KBS
2025-11-25 07:00:00,38800.0,38900.0,38800.0,38800.0,449000,KBS
2025-11-26 07:00:00,38800.0,38900.0,38800.0,38900.0,364700,KBS
2025-11-27 07:00:00,38900.0,39000.0,38900.0,38950.0,336600,KBS
2025-11-28 07:00:00,38950.0,39100.0,38950.0,39000.0,455200,KBS
2025-12-01 07:00:00,39000.0,39050.0,39000.0,39050.0,400700,KBS
2025-12-02 07:00:00,39400.0,39400.0,39050.0,39250.0,418200,KBS
2025-12-03 07:00:00,39250.0,39500.0,39100.0,39100.0,421200,KBS
2025-12-04 07:00:00,39100.0,39200.0,39100.0,39200.0,379100,KBS
2025-12-05 07:00:00,39200.0,39300.0,39200.0,39250.0,388000,KBS
2025-12-08 07:00:00,39250.0,39400.0,39000.0,39000.0,402100,KBS
2025-12-09 07:00:00,39000.0,39050.0,38800.0,38800.0,373800,KBS
2025-12-10 07:00:00,38800.0,38800.0,38500.0,38800.0,397200,KBS
2025-12-11 07:00:00,38800.0,39100.0,38500.0,39100.0,397000,KBS
2025-12-12 07:00:00,39100.0,39100.0,38500.0,38500.0,390300,KBS
2025-12-15 07:00:00,38500.0,38550.0,38350.0,38500.0,387300,KBS
2025-12-16 07:00:00,38500.0,38600.0,36500.0,36500.0,432000,KBS
2025-12-17 07:00:00,36900.0,36950.0,36500.0,36700.0,389900,KBS
2025-12-18 07:00:00,36700.0,37000.0,36700.0,37000.0,356100,KBS
2025-12-19 07:00:00,37000.0,37500.0,36850.0,37500.0,419300,KBS
2025-12-22 07:00:00,37500.0,37900.0,37350.0,37900.0,369400,KBS
2025-12-23 07:00:00,37900.0,38350.0,37600.0,38350.0,337800,KBS
2025-12-24 07:00:00,38400.0,38400.0,38150.0,38350.0,397300,KBS
2025-12-25 07:00:00,38700.0,38700.0,38100.0,38400.0,382100,KBS
2025-12-26 07:00:00,38800.0,38800.0,38250.0,38400.0,397600,KBS
2025-12-29 07:00:00,38800.0,38800.0,38400.0,38500.0,401800,KBS
2025-12-30 07:00:00,38700.0,38700.0,38450.0,38550.0,356300,KBS
2025-12-31 07:00:00,38900.0,38900.0,38550.0,38550.0,294100,KBS
2026-01-05 07:00:00,38550.0,38700.0,38550.0,38600.0,387900,KBS
2026-01-06 07:00:00,38600.0,38700.0,38600.0,38650.0,423100,KBS
2026-01-07 07:00:00,38650.0,38750.0,38650.0,38650.0,390400,KBS
2026-01-08 07:00:00,38650.0,39000.0,38650.0,39000.0,388600,KBS
2026-01-09 07:00:00,39100.0,39250.0,39000.0,39050.0,386300,KBS
2026-01-12 07:00:00,39400.0,39500.0,39050.0,39100.0,390000,KBS
2026-01-13 07:00:00,39100.0,39150.0,39000.0,38800.0,438200,KBS
2026-01-14 07:00:00,38800.0,38900.0,38800.0,38850.0,375400,KBS
2026-01-15 07:00:00,38850.0,39150.0,38850.0,38900.0,396900,KBS
2026-01-16 07:00:00,38900.0,39200.0,38900.0,38950.0,369300,KBS
2026-01-19 07:00:00,38950.0,39000.0,38950.0,38950.0,344800,KBS
2026-01-20 07:00:00,38950.0,39300.0,38950.0,39000.0,430100,KBS
2026-01-21 07:00:00,39050.0,39150.0,39000.0,39000.0,390800,KBS
2026-01-22 07:00:00,39100.0,39150.0,39000.0,39050.0,396900,KBS
2026-01-23 07:00:00,39100.0,39150.0,39050.0,39050.0,391000,KBS
2026-01-26 07:00:00,39200.0,39200.0,39050.0,39050.0,393600,KBS
2026-01-27 07:00:00,39500.0,39500.0,39050.0,39100.0,402900,KBS
2026-01-28 07:00:00,39100.0,39200.0,39100.0,39150.0,392000,KBS
2026-01-29 07:00:00,39600.0,39600.0,39050.0,39150.0,565800,KBS
2026-01-30 07:00:00,39200.0,39200.0,39000.0,39150.0,361400,KBS
2026-02-02 07:00:00,39150.0,39150.0,39000.0,39050.0,336800,KBS
2026-02-03 07:00:00,39050.0,39050.0,38200.0,38200.0,354800,KBS
2026-02-04 07:00:00,38100.0,38200.0,35950.0,38200.0,338800,KBS
2026-02-05 07:00:00,38200.0,38200.0,37750.0,38200.0,377000,KBS
2026-02-06 07:00:00,38200.0,38350.0,37750.0,38200.0,401000,KBS
2026-02-09 07:00:00,38200.0,38200.0,37750.0,38100.0,472700,KBS
2026-02-10 07:00:00,38100.0,38100.0,37700.0,38000.0,391900,KBS
2026-02-11 07:00:00,38000.0,38100.0,37800.0,38100.0,330200,KBS
2026-02-12 07:00:00,38100.0,38150.0,38000.0,38150.0,372200,KBS
2026-02-13 07:00:00,38150.0,38450.0,38000.0,38150.0,309000,KBS
2026-02-23 07:00:00,38150.0,38350.0,38150.0,38200.0,363300,KBS
2026-02-24 07:00:00,38200.0,38300.0,38200.0,38300.0,357200,KBS
2026-02-25 07:00:00,38300.0,38350.0,38300.0,38350.0,386900,KBS
2026-02-26 07:00:00,38350.0,38700.0,38350.0,38400.0,326400,KBS
2026-02-27 07:00:00,38300.0,38300.0,36300.0,36300.0,420300,KBS
2026-03-02 07:00:00,36300.0,36400.0,36200.0,36300.0,300600,KBS
2026-03-03 07:00:00,36300.0,36350.0,36050.0,36350.0,347200,KBS
2026-03-04 07:00:00,36350.0,36350.0,36050.0,36350.0,392700,KBS
2026-03-05 07:00:00,36350.0,36400.0,36350.0,36400.0,308500,KBS
2026-03-06 07:00:00,36400.0,36400.0,36200.0,36200.0,322600,KBS
2026-03-09 07:00:00,36200.0,36200.0,35500.0,36000.0,366900,KBS
2026-03-10 07:00:00,36000.0,36300.0,33550.0,36200.0,447700,KBS
2026-03-11 07:00:00,36200.0,36400.0,36000.0,36400.0,325300,KBS
2026-03-12 07:00:00,36400.0,36700.0,36400.0,36700.0,369300,KBS
2026-03-13 07:00:00,36700.0,37000.0,36700.0,37000.0,326400,KBS
2026-03-16 07:00:00,37050.0,38000.0,37000.0,38000.0,365100,KBS
2026-03-17 07:00:00,38400.0,38400.0,38000.0,38250.0,939400,KBS
2026-03-18 07:00:00,38350.0,38500.0,38250.0,38500.0,353400,KBS
2026-03-19 07:00:00,38500.0,38700.0,38500.0,38600.0,681300,KBS
2026-03-20 07:00:00,38650.0,38700.0,38600.0,38650.0,1028200,KBS
2026-03-23 07:00:00,38750.0,38800.0,38500.0,38700.0,310000,KBS
2026-03-24 07:00:00,38750.0,39100.0,38700.0,38800.0,370000,KBS
2026-03-25 07:00:00,39200.0,39200.0,38800.0,38950.0,407300,KBS
2026-03-26 07:00:00,38950.0,39200.0,38850.0,39000.0,439100,KBS
2026-03-27 07:00:00,39000.0,39050.0,39000.0,39050.0,322500,KBS
2026-03-30 07:00:00,39050.0,39500.0,38900.0,39050.0,408400,KBS
2026-03-31 07:00:00,39050.0,39100.0,39050.0,39050.0,309500,KBS
2026-04-01 07:00:00,39050.0,39800.0,38750.0,39000.0,316800,KBS
2026-04-02 07:00:00,39000.0,39000.0,38600.0,38600.0,309200,KBS
2026-04-03 07:00:00,38600.0,38600.0,38350.0,38500.0,364800,KBS
2026-04-06 07:00:00,38500.0,38650.0,38500.0,38650.0,361000,KBS
2026-04-07 07:00:00,38650.0,38850.0,38650.0,38650.0,351200,KBS
2026-04-08 07:00:00,38700.0,38900.0,38650.0,38650.0,363800,KBS
2026-04-09 07:00:00,38650.0,38750.0,38650.0,38650.0,411300,KBS
2026-04-10 07:00:00,38650.0,38700.0,38650.0,38700.0,314900,KBS
2026-04-13 07:00:00,38700.0,38750.0,38700.0,38700.0,310600,KBS
2026-04-14 07:00:00,38700.0,38800.0,38700.0,38750.0,347200,KBS
2026-04-15 07:00:00,38750.0,39100.0,38750.0,38750.0,586500,KBS
2026-04-16 07:00:00,38750.0,38800.0,38750.0,38800.0,536400,KBS
2026-04-17 07:00:00,38800.0,39200.0,38800.0,38850.0,444000,KBS
2026-04-20 07:00:00,38950.0,38950.0,38850.0,38900.0,397200,KBS
2026-04-21 07:00:00,38800.0,39300.0,38600.0,38600.0,318500,KBS
2026-04-22 07:00:00,38600.0,38600.0,36600.0,37050.0,405400,KBS
2026-04-23 07:00:00,37050.0,38400.0,36350.0,38250.0,509200,KBS
2026-04-24 07:00:00,38250.0,38250.0,37450.0,38100.0,346100,KBS
2026-04-28 07:00:00,38100.0,38500.0,37200.0,38100.0,493800,KBS
2026-04-29 07:00:00,38100.0,38100.0,36800.0,38100.0,326800,KBS
2026-05-04 07:00:00,38000.0,38000.0,37200.0,37200.0,596900,KBS
2026-05-05 07:00:00,39800.0,39800.0,36450.0,37400.0,489800,KBS
2026-05-06 07:00:00,37400.0,37850.0,37200.0,37850.0,681400,KBS
2026-05-07 07:00:00,37850.0,38500.0,37850.0,38500.0,860900,KBS
2026-05-08 07:00:00,38500.0,38600.0,38400.0,38600.0,492300,KBS
2026-05-11 07:00:00,38600.0,38900.0,38600.0,38700.0,608400,KBS
2026-05-12 07:00:00,38950.0,38950.0,38700.0,38700.0,517400,KBS
2026-05-13 07:00:00,38900.0,38900.0,38700.0,38700.0,515600,KBS
2026-05-14 07:00:00,38900.0,38900.0,38700.0,38900.0,387800,KBS
2026-05-15 07:00:00,38900.0,39050.0,38600.0,38800.0,336900,KBS
2026-05-18 07:00:00,38800.0,38800.0,38400.0,38700.0,379100,KBS
2026-05-19 07:00:00,38700.0,38700.0,38300.0,38700.0,334300,KBS
2026-05-20 07:00:00,38500.0,38500.0,38200.0,38300.0,203900,KBS
2026-05-21 07:00:00,38300.0,38300.0,37800.0,38300.0,393600,KBS
2026-05-22 07:00:00,38300.0,38300.0,37700.0,38300.0,316500,KBS
2026-05-25 07:00:00,38300.0,38300.0,37500.0,38250.0,180700,KBS
2026-05-26 07:00:00,38250.0,38250.0,37800.0,38000.0,291800,KBS
2026-05-27 07:00:00,36800.0,38000.0,36800.0,37800.0,293000,KBS
2026-05-28 07:00:00,37800.0,37900.0,37300.0,37900.0,343700,KBS
2026-05-29 07:00:00,37700.0,38000.0,37500.0,38000.0,407800,KBS
2026-06-01 07:00:00,38000.0,38150.0,37000.0,38100.0,350400,KBS
2026-06-02 07:00:00,38950.0,38950.0,38100.0,38300.0,402400,KBS
2026-06-03 07:00:00,38450.0,38500.0,38300.0,38500.0,427300,KBS
2026-06-04 07:00:00,38550.0,38900.0,38550.0,38650.0,374400,KBS
2026-06-05 07:00:00,38700.0,38800.0,38700.0,38750.0,590500,KBS
