date,open,high,low,close,volume,_source
2020-01-02 07:00:00,46097.0,46502.0,45611.0,46178.0,518870,KBS
2020-01-03 07:00:00,46340.0,46745.0,46016.0,46583.0,777690,KBS
2020-01-06 07:00:00,46583.0,46583.0,45854.0,45854.0,582020,KBS
2020-01-07 07:00:00,46016.0,46421.0,45935.0,46016.0,319680,KBS
2020-01-08 07:00:00,45530.0,45773.0,45044.0,45368.0,737690,KBS
2020-01-09 07:00:00,45854.0,46340.0,45773.0,46178.0,505680,KBS
2020-01-10 07:00:00,46178.0,46745.0,45773.0,45773.0,524930,KBS
2020-01-13 07:00:00,45854.0,46259.0,45692.0,46178.0,413810,KBS
2020-01-14 07:00:00,46178.0,46421.0,45854.0,45854.0,349410,KBS
2020-01-15 07:00:00,46178.0,46178.0,45368.0,45773.0,373290,KBS
2020-01-16 07:00:00,45773.0,46097.0,45530.0,45530.0,290210,KBS
2020-01-17 07:00:00,45449.0,45692.0,44558.0,44558.0,496940,KBS
2020-01-20 07:00:00,44558.0,44639.0,42938.0,43991.0,541490,KBS
2020-01-21 07:00:00,43991.0,44477.0,43829.0,44153.0,369330,KBS
2020-01-22 07:00:00,43910.0,44234.0,43181.0,43262.0,540210,KBS
2020-01-30 07:00:00,42938.0,42938.0,40507.0,40588.0,1591110,KBS
2020-01-31 07:00:00,40507.0,41884.0,40507.0,40588.0,791350,KBS
2020-02-03 07:00:00,37834.0,40507.0,37753.0,40507.0,1290570,KBS
2020-02-04 07:00:00,40588.0,41317.0,40102.0,40507.0,744900,KBS
2020-02-05 07:00:00,40912.0,40912.0,39859.0,40507.0,750710,KBS
2020-02-06 07:00:00,40467.0,40467.0,38482.0,40426.0,2389970,KBS
2020-02-07 07:00:00,40345.0,40426.0,39535.0,40426.0,932290,KBS
2020-02-10 07:00:00,40426.0,40426.0,39535.0,40426.0,600280,KBS
2020-02-11 07:00:00,39859.0,41884.0,39859.0,40426.0,2081860,KBS
2020-02-12 07:00:00,40507.0,41074.0,40507.0,40912.0,804720,KBS
2020-02-13 07:00:00,41074.0,41236.0,40588.0,40669.0,547970,KBS
2020-02-14 07:00:00,40669.0,40669.0,40062.0,40345.0,1120310,KBS
2020-02-17 07:00:00,40345.0,40345.0,39657.0,40264.0,1492320,KBS
2020-02-18 07:00:00,39859.0,40264.0,39859.0,40264.0,591220,KBS
2020-02-19 07:00:00,40183.0,41884.0,40183.0,40831.0,1818680,KBS
2020-02-20 07:00:00,41236.0,41641.0,40831.0,41398.0,1365480,KBS
2020-02-21 07:00:00,41722.0,43748.0,41722.0,42938.0,2061050,KBS
2020-02-24 07:00:00,41803.0,42533.0,41317.0,41398.0,1429040,KBS
2020-02-25 07:00:00,40912.0,41560.0,40345.0,40993.0,896710,KBS
2020-02-26 07:00:00,40345.0,40750.0,39697.0,40305.0,1252450,KBS
2020-02-27 07:00:00,39859.0,40345.0,39535.0,40264.0,1642080,KBS
2020-02-28 07:00:00,40264.0,40264.0,38644.0,39697.0,2255610,KBS
2020-03-02 07:00:00,39171.0,39697.0,38765.0,39697.0,1588150,KBS
2020-03-03 07:00:00,39859.0,40345.0,39292.0,39697.0,1225730,KBS
2020-03-04 07:00:00,39616.0,39981.0,39414.0,39697.0,909830,KBS
2020-03-05 07:00:00,40062.0,42128.0,39819.0,41236.0,1780900,KBS
2020-03-06 07:00:00,41155.0,44072.0,40588.0,44072.0,2794380,KBS
2020-03-09 07:00:00,42938.0,46016.0,41317.0,42128.0,4205130,KBS
2020-03-10 07:00:00,42857.0,43586.0,42128.0,42452.0,2386840,KBS
2020-03-11 07:00:00,43181.0,43181.0,39859.0,40467.0,2637580,KBS
2020-03-12 07:00:00,38239.0,40467.0,37672.0,40467.0,4072710,KBS
2020-03-13 07:00:00,37672.0,40467.0,37672.0,40386.0,3783330,KBS
2020-03-16 07:00:00,39697.0,40345.0,38482.0,40102.0,3216820,KBS
2020-03-17 07:00:00,38887.0,40102.0,38644.0,40102.0,3877150,KBS
2020-03-18 07:00:00,40102.0,40264.0,39535.0,40021.0,2170340,KBS
2020-03-19 07:00:00,39292.0,39859.0,38927.0,39859.0,3350310,KBS
2020-03-20 07:00:00,39697.0,39859.0,38725.0,39859.0,4120820,KBS
2020-03-23 07:00:00,38968.0,39859.0,37591.0,39859.0,5025020,KBS
2020-03-24 07:00:00,39292.0,39778.0,39130.0,39778.0,3558350,KBS
2020-03-25 07:00:00,39697.0,40264.0,39292.0,39778.0,2857290,KBS
2020-03-26 07:00:00,39697.0,39859.0,39333.0,39697.0,2763490,KBS
2020-03-27 07:00:00,39454.0,41317.0,39292.0,39940.0,2587920,KBS
2020-03-30 07:00:00,39292.0,39778.0,39211.0,39778.0,1378940,KBS
2020-03-31 07:00:00,39778.0,40426.0,39049.0,39697.0,3667100,KBS
2020-04-01 07:00:00,39535.0,40507.0,39535.0,39859.0,1725880,KBS
2020-04-03 07:00:00,40183.0,42371.0,40102.0,42371.0,1841480,KBS
2020-04-06 07:00:00,43181.0,45287.0,43019.0,45287.0,2556830,KBS
2020-04-07 07:00:00,46016.0,47312.0,44639.0,46583.0,2099700,KBS
2020-04-08 07:00:00,45449.0,47718.0,44963.0,47718.0,1338040,KBS
2020-04-09 07:00:00,47799.0,48366.0,47069.0,48123.0,2047890,KBS
2020-04-10 07:00:00,47799.0,50634.0,47231.0,48771.0,1914340,KBS
2020-04-13 07:00:00,48771.0,49743.0,47069.0,47069.0,2106950,KBS
2020-04-14 07:00:00,46988.0,49419.0,46340.0,49419.0,1449880,KBS
2020-04-15 07:00:00,49419.0,50472.0,49176.0,49338.0,1106350,KBS
2020-04-16 07:00:00,48285.0,49581.0,48285.0,49257.0,981480,KBS
2020-04-17 07:00:00,49419.0,49743.0,49014.0,49095.0,1417150,KBS
2020-04-20 07:00:00,49095.0,49419.0,48123.0,48123.0,1843690,KBS
2020-04-21 07:00:00,47069.0,47637.0,45449.0,45854.0,1855040,KBS
2020-04-22 07:00:00,44963.0,47474.0,44963.0,47150.0,1062970,KBS
2020-04-23 07:00:00,48204.0,48447.0,47150.0,47150.0,842920,KBS
2020-04-24 07:00:00,46826.0,48204.0,46340.0,48204.0,1218690,KBS
2020-04-27 07:00:00,48609.0,49014.0,47393.0,47393.0,1122520,KBS
2020-04-28 07:00:00,47393.0,48852.0,46988.0,48366.0,1095230,KBS
2020-04-29 07:00:00,47637.0,48528.0,47637.0,47637.0,830530,KBS
2020-05-04 07:00:00,46340.0,47556.0,46259.0,46421.0,1148810,KBS
2020-05-05 07:00:00,46340.0,46583.0,45692.0,45692.0,1098980,KBS
2020-05-06 07:00:00,46178.0,46988.0,45125.0,46988.0,1019980,KBS
2020-05-07 07:00:00,47637.0,47799.0,46988.0,47637.0,780600,KBS
2020-05-08 07:00:00,47799.0,50553.0,47718.0,49419.0,3319850,KBS
2020-05-11 07:00:00,51120.0,51120.0,49095.0,51120.0,1838950,KBS
2020-05-12 07:00:00,51039.0,51201.0,50067.0,50229.0,1028270,KBS
2020-05-13 07:00:00,49662.0,50634.0,49014.0,50148.0,1598740,KBS
2020-05-14 07:00:00,49824.0,52821.0,49419.0,51768.0,2573510,KBS
2020-05-15 07:00:00,52254.0,52578.0,50310.0,50310.0,1305890,KBS
2020-05-18 07:00:00,50310.0,50877.0,49743.0,50634.0,840070,KBS
2020-05-19 07:00:00,51282.0,52173.0,50634.0,51039.0,1923440,KBS
2020-05-20 07:00:00,50634.0,51768.0,50634.0,51687.0,998400,KBS
2020-05-21 07:00:00,51687.0,51849.0,50877.0,51687.0,1513470,KBS
2020-05-22 07:00:00,51444.0,51606.0,50229.0,50229.0,1310850,KBS
2020-05-25 07:00:00,50391.0,50796.0,49824.0,50067.0,1354620,KBS
2020-05-26 07:00:00,50229.0,50877.0,50148.0,50634.0,1053240,KBS
2020-05-27 07:00:00,51201.0,52335.0,50634.0,50634.0,2189080,KBS
2020-05-28 07:00:00,51363.0,51363.0,50553.0,50877.0,797480,KBS
2020-05-29 07:00:00,50877.0,50958.0,50391.0,50796.0,698100,KBS
2020-06-01 07:00:00,50796.0,51606.0,50796.0,51120.0,1076880,KBS
2020-06-02 07:00:00,51525.0,53308.0,51363.0,51768.0,4190080,KBS
2020-06-03 07:00:00,52254.0,52254.0,51525.0,51849.0,749700,KBS
2020-06-04 07:00:00,52335.0,52335.0,51282.0,51444.0,1528010,KBS
2020-06-05 07:00:00,51039.0,51282.0,50634.0,51039.0,1826680,KBS
2020-06-08 07:00:00,51363.0,52173.0,50877.0,51363.0,1758860,KBS
2020-06-09 07:00:00,51444.0,52011.0,50796.0,51039.0,1614250,KBS
2020-06-10 07:00:00,50958.0,51039.0,50634.0,50958.0,1210600,KBS
2020-06-11 07:00:00,51282.0,51930.0,47393.0,47393.0,2635700,KBS
2020-06-12 07:00:00,46178.0,47556.0,46178.0,47393.0,3042060,KBS
2020-06-15 07:00:00,47393.0,47718.0,44801.0,45692.0,2603230,KBS
2020-06-16 07:00:00,46502.0,46826.0,45773.0,46664.0,1492420,KBS
2020-06-17 07:00:00,46988.0,47150.0,46097.0,46583.0,1155980,KBS
2020-06-18 07:00:00,46178.0,46502.0,45287.0,46178.0,928290,KBS
2020-06-19 07:00:00,46664.0,46745.0,46178.0,46178.0,2419830,KBS
2020-06-22 07:00:00,46583.0,47393.0,46583.0,47231.0,1621780,KBS
2020-06-23 07:00:00,46988.0,48204.0,46988.0,47312.0,1453290,KBS
2020-06-24 07:00:00,47312.0,47637.0,45773.0,46340.0,935890,KBS
2020-06-25 07:00:00,45854.0,46178.0,45530.0,45935.0,1540010,KBS
2020-06-26 07:00:00,45935.0,46907.0,45692.0,45692.0,574970,KBS
2020-06-29 07:00:00,45692.0,45692.0,43667.0,44639.0,1720440,KBS
2020-06-30 07:00:00,45287.0,45449.0,43748.0,43829.0,1378930,KBS
2020-07-01 07:00:00,44072.0,45449.0,43748.0,44963.0,965870,KBS
2020-07-02 07:00:00,45368.0,46664.0,44963.0,46340.0,1094380,KBS
2020-07-03 07:00:00,46340.0,46907.0,45935.0,46340.0,699930,KBS
2020-07-06 07:00:00,46340.0,46988.0,46259.0,46664.0,855780,KBS
2020-07-07 07:00:00,46907.0,47312.0,46178.0,46178.0,959250,KBS
2020-07-08 07:00:00,46178.0,46583.0,46178.0,46178.0,467170,KBS
2020-07-09 07:00:00,46259.0,46745.0,46097.0,46502.0,1097650,KBS
2020-07-10 07:00:00,46502.0,46664.0,45368.0,46097.0,564900,KBS
2020-07-13 07:00:00,46178.0,46583.0,45773.0,45854.0,557920,KBS
2020-07-14 07:00:00,45692.0,45854.0,45125.0,45368.0,929240,KBS
2020-07-15 07:00:00,45773.0,45935.0,45125.0,45125.0,1250200,KBS
2020-07-16 07:00:00,45368.0,46178.0,44963.0,46178.0,978700,KBS
2020-07-17 07:00:00,45935.0,46016.0,45368.0,45530.0,759610,KBS
2020-07-20 07:00:00,45368.0,45368.0,44558.0,44558.0,944440,KBS
2020-07-21 07:00:00,44558.0,45044.0,43991.0,44315.0,1670960,KBS
2020-07-22 07:00:00,44315.0,44720.0,43910.0,43910.0,833760,KBS
2020-07-23 07:00:00,43910.0,44234.0,43424.0,43667.0,762030,KBS
2020-07-24 07:00:00,43505.0,43667.0,41155.0,42128.0,2045780,KBS
2020-07-27 07:00:00,39616.0,41722.0,39616.0,40102.0,2819250,KBS
2020-07-28 07:00:00,40507.0,41317.0,40102.0,40912.0,1318770,KBS
2020-07-29 07:00:00,40102.0,40507.0,39697.0,39981.0,1352670,KBS
2020-07-30 07:00:00,40426.0,40588.0,40102.0,40345.0,821650,KBS
2020-07-31 07:00:00,39778.0,41641.0,39778.0,40912.0,2195060,KBS
2020-08-03 07:00:00,40912.0,42695.0,40912.0,42614.0,1395440,KBS
2020-08-04 07:00:00,43100.0,43991.0,43100.0,43748.0,1681090,KBS
2020-08-05 07:00:00,43343.0,44558.0,43100.0,44558.0,1810780,KBS
2020-08-06 07:00:00,44153.0,44477.0,43505.0,43667.0,1178020,KBS
2020-08-07 07:00:00,43748.0,44396.0,43586.0,43829.0,959230,KBS
2020-08-10 07:00:00,43910.0,44477.0,43910.0,44153.0,953690,KBS
2020-08-11 07:00:00,44396.0,44396.0,43829.0,44234.0,658760,KBS
2020-08-12 07:00:00,43991.0,44396.0,43667.0,43910.0,981320,KBS
2020-08-13 07:00:00,43910.0,44234.0,43748.0,44072.0,953060,KBS
2020-08-14 07:00:00,44072.0,44153.0,42938.0,43262.0,1796510,KBS
2020-08-17 07:00:00,43262.0,43343.0,42371.0,42938.0,1099660,KBS
2020-08-18 07:00:00,42938.0,42938.0,42371.0,42452.0,771290,KBS
2020-08-19 07:00:00,42452.0,42857.0,42209.0,42695.0,867050,KBS
2020-08-20 07:00:00,42695.0,42776.0,42128.0,42128.0,1419940,KBS
2020-08-21 07:00:00,42128.0,42857.0,42128.0,42614.0,968870,KBS
2020-08-24 07:00:00,42776.0,43748.0,42776.0,43424.0,1713810,KBS
2020-08-25 07:00:00,43748.0,44072.0,43424.0,43424.0,1698780,KBS
2020-08-26 07:00:00,43424.0,43667.0,43181.0,43343.0,883720,KBS
2020-08-27 07:00:00,43343.0,43505.0,43262.0,43424.0,816320,KBS
2020-08-28 07:00:00,43667.0,44963.0,43505.0,44153.0,2380000,KBS
2020-08-31 07:00:00,44558.0,44963.0,44072.0,44558.0,1294650,KBS
2020-09-01 07:00:00,44558.0,44558.0,43991.0,44234.0,1624840,KBS
2020-09-03 07:00:00,44882.0,44963.0,44315.0,44882.0,1754030,KBS
2020-09-04 07:00:00,44072.0,45773.0,44072.0,45611.0,2640190,KBS
2020-09-07 07:00:00,45854.0,46259.0,44234.0,44234.0,2265500,KBS
2020-09-08 07:00:00,44315.0,44558.0,44072.0,44396.0,1460040,KBS
2020-09-09 07:00:00,43829.0,44882.0,43829.0,44558.0,1082410,KBS
2020-09-10 07:00:00,44882.0,44963.0,44315.0,44396.0,735560,KBS
2020-09-11 07:00:00,44234.0,44558.0,43991.0,44558.0,539780,KBS
2020-09-14 07:00:00,44558.0,45206.0,44558.0,45044.0,944590,KBS
2020-09-15 07:00:00,45044.0,45206.0,44639.0,44882.0,794620,KBS
2020-09-16 07:00:00,44882.0,44882.0,44234.0,44477.0,908870,KBS
2020-09-17 07:00:00,44477.0,44477.0,43748.0,43748.0,1241490,KBS
2020-09-18 07:00:00,43748.0,44234.0,43748.0,43910.0,1122350,KBS
2020-09-21 07:00:00,44072.0,44396.0,44072.0,44153.0,879920,KBS
2020-09-22 07:00:00,44153.0,44234.0,43829.0,43991.0,760350,KBS
2020-09-23 07:00:00,44234.0,44882.0,44072.0,44882.0,1284870,KBS
2020-09-24 07:00:00,44639.0,45125.0,44558.0,44558.0,881030,KBS
2020-09-25 07:00:00,44558.0,44801.0,44153.0,44315.0,708340,KBS
2020-09-28 07:00:00,44315.0,44639.0,44153.0,44315.0,623360,KBS
2020-09-29 07:00:00,44477.0,44477.0,43424.0,43424.0,1283100,KBS
2020-09-30 07:00:00,43424.0,44234.0,43424.0,44234.0,843740,KBS
2020-10-01 07:00:00,44315.0,44558.0,44234.0,44477.0,964220,KBS
2020-10-02 07:00:00,44477.0,44558.0,43586.0,43829.0,1483120,KBS
2020-10-05 07:00:00,44234.0,45530.0,43829.0,45368.0,3268020,KBS
2020-10-06 07:00:00,45692.0,47231.0,45611.0,46988.0,4400570,KBS
2020-10-07 07:00:00,46988.0,50229.0,46907.0,50148.0,6435850,KBS
2020-10-08 07:00:00,49824.0,51768.0,49095.0,51768.0,4846470,KBS
2020-10-09 07:00:00,51444.0,55252.0,50391.0,55171.0,5339660,KBS
2020-10-12 07:00:00,55090.0,56872.0,53875.0,56872.0,5818700,KBS
2020-10-13 07:00:00,56710.0,60842.0,55090.0,60599.0,4664240,KBS
2020-10-14 07:00:00,60518.0,64812.0,59222.0,64812.0,5066890,KBS
2020-10-15 07:00:00,64812.0,67161.0,63434.0,65703.0,5698130,KBS
2020-10-16 07:00:00,65622.0,65622.0,61166.0,64812.0,6539150,KBS
2020-10-19 07:00:00,61733.0,66432.0,61733.0,66432.0,3072960,KBS
2020-10-20 07:00:00,66270.0,67809.0,64812.0,67809.0,4875310,KBS
2020-10-21 07:00:00,67242.0,68781.0,66432.0,67809.0,1756450,KBS
2020-10-22 07:00:00,67080.0,68862.0,66837.0,68862.0,5130670,KBS
2020-10-23 07:00:00,68943.0,69753.0,68457.0,69672.0,3419860,KBS
2020-10-26 07:00:00,68619.0,71212.0,68619.0,71212.0,4666520,KBS
2020-10-27 07:00:00,71293.0,72103.0,68862.0,71212.0,4042910,KBS
2020-10-28 07:00:00,71131.0,71131.0,68214.0,69672.0,4631980,KBS
2020-10-29 07:00:00,67242.0,68862.0,64812.0,68052.0,6707870,KBS
2020-10-30 07:00:00,66594.0,68052.0,64407.0,68052.0,4060060,KBS
2020-11-02 07:00:00,68052.0,68457.0,66675.0,68457.0,3845900,KBS
2020-11-03 07:00:00,68052.0,68295.0,67404.0,68052.0,3178300,KBS
2020-11-04 07:00:00,68052.0,68619.0,67323.0,68214.0,2008660,KBS
2020-11-05 07:00:00,68457.0,71212.0,67890.0,71212.0,1794890,KBS
2020-11-06 07:00:00,71131.0,72832.0,70483.0,72832.0,1218300,KBS
2020-11-09 07:00:00,72913.0,77450.0,72751.0,77450.0,2470010,KBS
2020-11-10 07:00:00,77774.0,79394.0,76883.0,77288.0,3489650,KBS
2020-11-11 07:00:00,75911.0,77288.0,74533.0,77288.0,2025450,KBS
2020-11-12 07:00:00,77369.0,77369.0,75424.0,75424.0,484080,KBS
2020-11-13 07:00:00,75100.0,75100.0,72832.0,72994.0,1094470,KBS
2020-11-16 07:00:00,72508.0,72994.0,67971.0,67971.0,2454980,KBS
2020-11-17 07:00:00,68052.0,69591.0,67890.0,68862.0,813710,KBS
2020-11-18 07:00:00,68943.0,68943.0,66999.0,67161.0,985490,KBS
2020-11-19 07:00:00,67242.0,67566.0,65622.0,66432.0,1205410,KBS
2020-11-20 07:00:00,66189.0,67971.0,65703.0,66432.0,1166780,KBS
2020-11-23 07:00:00,66432.0,67566.0,66432.0,67323.0,871370,KBS
2020-11-24 07:00:00,67323.0,67323.0,64812.0,66432.0,679550,KBS
2020-11-25 07:00:00,66432.0,67242.0,66432.0,66675.0,686650,KBS
2020-11-26 07:00:00,66189.0,67971.0,66108.0,67809.0,510660,KBS
2020-11-27 07:00:00,67809.0,67809.0,67080.0,67809.0,420570,KBS
2020-11-30 07:00:00,66513.0,67647.0,66189.0,66432.0,964680,KBS
2020-12-01 07:00:00,65217.0,67242.0,65217.0,67242.0,1051590,KBS
2020-12-02 07:00:00,67242.0,68052.0,66432.0,67404.0,741130,KBS
2020-12-03 07:00:00,67485.0,68052.0,66837.0,67566.0,542070,KBS
2020-12-04 07:00:00,68052.0,70888.0,67647.0,69672.0,1978040,KBS
2020-12-07 07:00:00,70078.0,70564.0,69267.0,69672.0,825210,KBS
2020-12-08 07:00:00,69753.0,69997.0,69105.0,69267.0,855880,KBS
2020-12-09 07:00:00,69267.0,69429.0,68862.0,69186.0,840910,KBS
2020-12-10 07:00:00,69186.0,69186.0,67728.0,67971.0,1432910,KBS
2020-12-11 07:00:00,67971.0,68538.0,67404.0,68457.0,791100,KBS
2020-12-14 07:00:00,68619.0,68943.0,67971.0,68457.0,1079350,KBS
2020-12-15 07:00:00,68457.0,68700.0,67971.0,68457.0,935010,KBS
2020-12-16 07:00:00,68052.0,68538.0,67971.0,68457.0,648540,KBS
2020-12-17 07:00:00,68457.0,69113.0,67883.0,68867.0,1179730,KBS
2020-12-18 07:00:00,68621.0,69113.0,68621.0,68949.0,1417470,KBS
2020-12-21 07:00:00,69687.0,69687.0,68375.0,68703.0,827020,KBS
2020-12-22 07:00:00,68703.0,68867.0,67637.0,67883.0,805250,KBS
2020-12-23 07:00:00,67801.0,69113.0,67719.0,67883.0,910150,KBS
2020-12-24 07:00:00,67883.0,68047.0,67064.0,67801.0,638900,KBS
2020-12-25 07:00:00,68047.0,68129.0,67555.0,67637.0,598590,KBS
2020-12-28 07:00:00,68047.0,68211.0,67310.0,67555.0,553150,KBS
2020-12-29 07:00:00,68867.0,68867.0,68047.0,68211.0,1440210,KBS
2020-12-30 07:00:00,68785.0,69031.0,67719.0,68457.0,959720,KBS
2020-12-31 07:00:00,68047.0,73048.0,68047.0,72884.0,3806160,KBS
2021-01-04 07:00:00,74606.0,74606.0,72884.0,72884.0,1915700,KBS
2021-01-05 07:00:00,72966.0,73786.0,72229.0,73212.0,1274800,KBS
2021-01-06 07:00:00,73212.0,74606.0,72147.0,72393.0,2344400,KBS
2021-01-07 07:00:00,72393.0,75836.0,72393.0,75426.0,3028500,KBS
2021-01-08 07:00:00,76246.0,77394.0,75426.0,76328.0,2639600,KBS
2021-01-11 07:00:00,76410.0,78295.0,76410.0,77148.0,2553900,KBS
2021-01-12 07:00:00,77148.0,77312.0,76328.0,77066.0,1830900,KBS
2021-01-13 07:00:00,77230.0,77312.0,76000.0,76492.0,2553600,KBS
2021-01-14 07:00:00,76410.0,76492.0,75180.0,75672.0,1447400,KBS
2021-01-15 07:00:00,76246.0,76574.0,75836.0,76246.0,2144900,KBS
2021-01-18 07:00:00,77886.0,80427.0,77804.0,77968.0,3740700,KBS
2021-01-19 07:00:00,78541.0,78541.0,72557.0,74524.0,2416600,KBS
2021-01-20 07:00:00,75016.0,75262.0,70507.0,74524.0,2314800,KBS
2021-01-21 07:00:00,75016.0,75508.0,73294.0,75016.0,2180900,KBS
2021-01-22 07:00:00,75426.0,78050.0,74606.0,76492.0,3060300,KBS
2021-01-25 07:00:00,77886.0,80345.0,77066.0,79525.0,3869900,KBS
2021-01-26 07:00:00,80509.0,80509.0,74852.0,78295.0,2475200,KBS
2021-01-27 07:00:00,77476.0,77722.0,73950.0,75180.0,2243700,KBS
2021-01-28 07:00:00,69933.0,73294.0,69933.0,69933.0,3816800,KBS
2021-01-29 07:00:00,65998.0,74606.0,65998.0,70097.0,2838500,KBS
2021-02-01 07:00:00,70425.0,72393.0,66408.0,67228.0,1792200,KBS
2021-02-02 07:00:00,67228.0,69687.0,65588.0,68867.0,1927500,KBS
2021-02-03 07:00:00,70097.0,72966.0,70097.0,72884.0,1539300,KBS
2021-02-04 07:00:00,72147.0,74196.0,71737.0,73376.0,1415200,KBS
2021-02-05 07:00:00,73376.0,73786.0,73048.0,73458.0,1209500,KBS
2021-02-08 07:00:00,73458.0,73704.0,68867.0,70179.0,2260800,KBS
2021-02-09 07:00:00,70507.0,73458.0,69769.0,72721.0,1448200,KBS
2021-02-17 07:00:00,73622.0,75426.0,72803.0,75426.0,1142900,KBS
2021-02-18 07:00:00,75426.0,78705.0,74606.0,77968.0,2207200,KBS
2021-02-19 07:00:00,76738.0,78295.0,76738.0,77804.0,1419300,KBS
2021-02-22 07:00:00,77804.0,77968.0,76902.0,77558.0,1186200,KBS
2021-02-23 07:00:00,77476.0,77476.0,75836.0,76000.0,1592900,KBS
2021-02-24 07:00:00,77066.0,77066.0,74196.0,74606.0,1478100,KBS
2021-02-25 07:00:00,75262.0,75262.0,73294.0,73458.0,1571600,KBS
2021-02-26 07:00:00,72639.0,74114.0,72557.0,74032.0,1485300,KBS
2021-03-01 07:00:00,74114.0,75344.0,74032.0,74852.0,859200,KBS
2021-03-02 07:00:00,76082.0,76082.0,73786.0,74524.0,1027600,KBS
2021-03-03 07:00:00,74524.0,74606.0,73786.0,74196.0,803200,KBS
2021-03-04 07:00:00,74606.0,74606.0,71737.0,72475.0,1647600,KBS
2021-03-05 07:00:00,72147.0,73786.0,71737.0,73130.0,1141200,KBS
2021-03-08 07:00:00,74114.0,74114.0,71327.0,71655.0,1612700,KBS
2021-03-09 07:00:00,71901.0,71901.0,66654.0,71081.0,1166700,KBS
2021-03-10 07:00:00,71081.0,71327.0,69933.0,71327.0,817400,KBS
2021-03-11 07:00:00,71983.0,72475.0,71245.0,71573.0,878000,KBS
2021-03-12 07:00:00,72147.0,72229.0,71491.0,71573.0,872100,KBS
2021-03-15 07:00:00,72147.0,73130.0,71573.0,72557.0,1188500,KBS
2021-03-16 07:00:00,72803.0,72803.0,71491.0,72147.0,535200,KBS
2021-03-17 07:00:00,71819.0,72229.0,71327.0,72147.0,576400,KBS
2021-03-18 07:00:00,72065.0,73704.0,71901.0,73540.0,1222500,KBS
2021-03-19 07:00:00,72966.0,73294.0,70917.0,72721.0,1148800,KBS
2021-03-22 07:00:00,72721.0,72803.0,71737.0,72229.0,723300,KBS
2021-03-23 07:00:00,72229.0,72311.0,70507.0,70917.0,1022900,KBS
2021-03-24 07:00:00,69851.0,70917.0,69687.0,69769.0,869100,KBS
2021-03-25 07:00:00,70097.0,70507.0,68867.0,70507.0,1076400,KBS
2021-03-26 07:00:00,70097.0,70507.0,68621.0,70425.0,912800,KBS
2021-03-29 07:00:00,70097.0,70917.0,69687.0,70589.0,918800,KBS
2021-03-30 07:00:00,70179.0,73376.0,70015.0,72557.0,1443600,KBS
2021-03-31 07:00:00,72557.0,76246.0,72557.0,75836.0,3145400,KBS
2021-04-01 07:00:00,76164.0,76246.0,75508.0,75672.0,2037400,KBS
2021-04-02 07:00:00,76246.0,76492.0,75672.0,76000.0,2155300,KBS
2021-04-05 07:00:00,77886.0,77968.0,76082.0,76246.0,2571700,KBS
2021-04-06 07:00:00,76246.0,76410.0,74852.0,75344.0,1808000,KBS
2021-04-07 07:00:00,75344.0,77312.0,74442.0,76902.0,1957200,KBS
2021-04-08 07:00:00,77476.0,77476.0,75754.0,76246.0,1205800,KBS
2021-04-09 07:00:00,76082.0,76082.0,75098.0,75508.0,1062300,KBS
2021-04-12 07:00:00,75508.0,75836.0,74934.0,75344.0,1536200,KBS
2021-04-13 07:00:00,75918.0,78705.0,75426.0,77230.0,4864100,KBS
2021-04-14 07:00:00,77558.0,82559.0,76820.0,82559.0,6637200,KBS
2021-04-15 07:00:00,84854.0,86084.0,81985.0,81985.0,2903400,KBS
2021-04-16 07:00:00,81821.0,83215.0,78050.0,82067.0,3077700,KBS
2021-04-19 07:00:00,83215.0,87806.0,81493.0,87806.0,6460900,KBS
2021-04-20 07:00:00,87806.0,91413.0,85346.0,86494.0,4290600,KBS
2021-04-22 07:00:00,85264.0,88052.0,80509.0,80509.0,3474400,KBS
2021-04-23 07:00:00,80509.0,83215.0,78705.0,81985.0,5010500,KBS
2021-04-26 07:00:00,83215.0,83379.0,77886.0,77886.0,3744400,KBS
2021-04-27 07:00:00,77886.0,80837.0,76738.0,80345.0,2383000,KBS
2021-04-28 07:00:00,80345.0,81821.0,79935.0,81165.0,1830800,KBS
2021-04-29 07:00:00,81329.0,81493.0,79525.0,80345.0,1803600,KBS
2021-05-04 07:00:00,80345.0,80345.0,77968.0,78623.0,2322900,KBS
2021-05-05 07:00:00,78623.0,81083.0,78541.0,78705.0,1788700,KBS
2021-05-06 07:00:00,78705.0,80017.0,78377.0,78377.0,1529000,KBS
2021-05-07 07:00:00,77968.0,79197.0,77312.0,77886.0,2566600,KBS
2021-05-10 07:00:00,79853.0,83297.0,79115.0,83297.0,3909900,KBS
2021-05-11 07:00:00,85264.0,86740.0,83215.0,83215.0,3396000,KBS
2021-05-12 07:00:00,83215.0,86084.0,83215.0,85264.0,2454800,KBS
2021-05-13 07:00:00,85018.0,85920.0,84280.0,84444.0,2424100,KBS
2021-05-14 07:00:00,85100.0,90183.0,85100.0,88626.0,3609800,KBS
2021-05-17 07:00:00,89363.0,89773.0,85428.0,85428.0,2365200,KBS
2021-05-18 07:00:00,86904.0,90183.0,85920.0,86166.0,2952600,KBS
2021-05-19 07:00:00,86904.0,89363.0,86166.0,88544.0,2094300,KBS
2021-05-20 07:00:00,89363.0,93463.0,88462.0,93135.0,2826500,KBS
2021-05-21 07:00:00,92233.0,93299.0,91495.0,91741.0,2584400,KBS
2021-05-24 07:00:00,91741.0,93135.0,91003.0,91823.0,2152900,KBS
2021-05-25 07:00:00,91413.0,94692.0,91003.0,93135.0,1734000,KBS
2021-05-26 07:00:00,93463.0,93463.0,91823.0,93135.0,1459300,KBS
2021-05-27 07:00:00,93135.0,93299.0,86658.0,90183.0,1642200,KBS
2021-05-28 07:00:00,90183.0,92233.0,89035.0,92233.0,2045800,KBS
2021-05-31 07:00:00,91823.0,91987.0,89773.0,90265.0,1011700,KBS
2021-06-01 07:00:00,90183.0,90183.0,85838.0,87724.0,2426200,KBS
2021-06-02 07:00:00,88708.0,88954.0,86494.0,86658.0,1867800,KBS
2021-06-03 07:00:00,86576.0,86658.0,84444.0,86084.0,2624700,KBS
2021-06-04 07:00:00,85674.0,87970.0,84444.0,87970.0,1560500,KBS
2021-06-07 07:00:00,87724.0,87970.0,85264.0,85674.0,905600,KBS
2021-06-08 07:00:00,85756.0,87478.0,85264.0,85264.0,1589500,KBS
2021-06-09 07:00:00,84444.0,86084.0,84444.0,85674.0,1070000,KBS
2021-06-10 07:00:00,85264.0,86002.0,84444.0,84526.0,876600,KBS
2021-06-11 07:00:00,84526.0,86986.0,84444.0,86904.0,1791100,KBS
2021-06-14 07:00:00,87724.0,88544.0,86084.0,87642.0,1488600,KBS
2021-06-15 07:00:00,87724.0,88462.0,87068.0,87314.0,994300,KBS
2021-06-16 07:00:00,86904.0,87724.0,85264.0,85428.0,1031500,KBS
2021-06-17 07:00:00,84444.0,86904.0,84444.0,84444.0,1384400,KBS
2021-06-18 07:00:00,86412.0,87724.0,84444.0,87314.0,1510800,KBS
2021-06-21 07:00:00,87314.0,90183.0,86084.0,89117.0,1793300,KBS
2021-06-22 07:00:00,89445.0,90183.0,88052.0,88954.0,1229800,KBS
2021-06-23 07:00:00,88544.0,89035.0,87314.0,87560.0,744300,KBS
2021-06-24 07:00:00,87314.0,88462.0,86576.0,87314.0,766600,KBS
2021-06-25 07:00:00,87150.0,87724.0,86084.0,87232.0,779600,KBS
2021-06-28 07:00:00,87724.0,90101.0,87478.0,89281.0,1490000,KBS
2021-06-29 07:00:00,89773.0,90101.0,88216.0,88954.0,990100,KBS
2021-06-30 07:00:00,89363.0,92233.0,89363.0,91331.0,2251800,KBS
2021-07-01 07:00:00,92075.0,94224.0,91000.0,93811.0,1706400,KBS
2021-07-02 07:00:00,94224.0,94554.0,93563.0,94141.0,1294400,KBS
2021-07-05 07:00:00,93232.0,93645.0,87612.0,92240.0,2219000,KBS
2021-07-06 07:00:00,90918.0,92571.0,89265.0,90091.0,1564800,KBS
2021-07-07 07:00:00,90091.0,95877.0,87694.0,95877.0,2469900,KBS
2021-07-08 07:00:00,95050.0,99183.0,94224.0,99018.0,2502500,KBS
2021-07-09 07:00:00,97530.0,101249.0,95050.0,96621.0,2139100,KBS
2021-07-12 07:00:00,97530.0,99100.0,90504.0,99100.0,2102000,KBS
2021-07-13 07:00:00,99100.0,99100.0,93563.0,95050.0,1521900,KBS
2021-07-14 07:00:00,95050.0,96621.0,91910.0,96042.0,1433200,KBS
2021-07-15 07:00:00,94224.0,97447.0,93811.0,95050.0,1054500,KBS
2021-07-16 07:00:00,95464.0,100010.0,94885.0,99596.0,1976800,KBS
2021-07-19 07:00:00,97943.0,103316.0,97943.0,98687.0,1431300,KBS
2021-07-20 07:00:00,98770.0,101663.0,97199.0,101663.0,1779800,KBS
2021-07-21 07:00:00,101663.0,102654.0,100836.0,100836.0,1393300,KBS
2021-07-22 07:00:00,100836.0,101663.0,99183.0,101580.0,1098700,KBS
2021-07-23 07:00:00,100092.0,101001.0,98356.0,98356.0,1647400,KBS
2021-07-26 07:00:00,99100.0,100423.0,97282.0,100092.0,1257100,KBS
2021-07-27 07:00:00,99596.0,104555.0,99596.0,103729.0,1932300,KBS
2021-07-28 07:00:00,103316.0,103646.0,102489.0,102902.0,839900,KBS
2021-07-29 07:00:00,102902.0,105795.0,101663.0,105547.0,1173800,KBS
2021-07-30 07:00:00,105795.0,112903.0,105134.0,110754.0,2654400,KBS
2021-08-02 07:00:00,110589.0,114060.0,108275.0,112573.0,1268100,KBS
2021-08-03 07:00:00,112407.0,114060.0,111581.0,113895.0,1355500,KBS
2021-08-04 07:00:00,113895.0,114060.0,111746.0,112407.0,1587600,KBS
2021-08-05 07:00:00,111664.0,113151.0,111002.0,111581.0,1348900,KBS
2021-08-06 07:00:00,111664.0,112407.0,111168.0,111168.0,670500,KBS
2021-08-09 07:00:00,110754.0,116540.0,110754.0,116540.0,1525400,KBS
2021-08-10 07:00:00,116540.0,116953.0,114474.0,114474.0,1011600,KBS
2021-08-11 07:00:00,114887.0,116540.0,112903.0,112903.0,993500,KBS
2021-08-12 07:00:00,114474.0,114474.0,110754.0,110754.0,1946000,KBS
2021-08-13 07:00:00,109515.0,110754.0,108936.0,110341.0,1394600,KBS
2021-08-16 07:00:00,111168.0,112821.0,109267.0,110341.0,969800,KBS
2021-08-17 07:00:00,111416.0,111498.0,109515.0,109515.0,793600,KBS
2021-08-18 07:00:00,111581.0,113151.0,110754.0,111168.0,1302800,KBS
2021-08-19 07:00:00,112407.0,112655.0,111168.0,112655.0,842400,KBS
2021-08-20 07:00:00,111829.0,112242.0,109845.0,110589.0,1311400,KBS
2021-08-23 07:00:00,109928.0,110341.0,104969.0,104969.0,1719900,KBS
2021-08-24 07:00:00,104969.0,107283.0,104969.0,106208.0,1302200,KBS
2021-08-25 07:00:00,107283.0,112821.0,106704.0,111581.0,1163100,KBS
2021-08-26 07:00:00,111664.0,113399.0,109184.0,110754.0,970800,KBS
2021-08-27 07:00:00,109184.0,112738.0,109184.0,112325.0,1927000,KBS
2021-08-30 07:00:00,114474.0,114474.0,109597.0,109597.0,2696800,KBS
2021-08-31 07:00:00,109597.0,112407.0,109101.0,111581.0,3127300,KBS
2021-09-01 07:00:00,110920.0,111994.0,109928.0,110176.0,1024900,KBS
2021-09-06 07:00:00,110754.0,110754.0,108357.0,108357.0,1518900,KBS
2021-09-07 07:00:00,108440.0,108440.0,107035.0,107283.0,1539300,KBS
2021-09-08 07:00:00,106622.0,107448.0,105795.0,105795.0,1395400,KBS
2021-09-09 07:00:00,105630.0,109267.0,105465.0,108275.0,1026600,KBS
2021-09-10 07:00:00,108688.0,109432.0,107448.0,107448.0,711300,KBS
2021-09-13 07:00:00,108275.0,109101.0,107531.0,107944.0,1264400,KBS
2021-09-14 07:00:00,108936.0,112159.0,108109.0,111994.0,2566900,KBS
2021-09-15 07:00:00,111581.0,119763.0,111581.0,119763.0,2796100,KBS
2021-09-16 07:00:00,121499.0,123979.0,120011.0,123813.0,2286500,KBS
2021-09-17 07:00:00,122326.0,123565.0,120259.0,120673.0,2389800,KBS
2021-09-20 07:00:00,120755.0,122739.0,118193.0,118193.0,1053000,KBS
2021-09-21 07:00:00,116540.0,119846.0,116540.0,118606.0,1328900,KBS
2021-09-22 07:00:00,119846.0,123152.0,118606.0,121499.0,859600,KBS
2021-09-23 07:00:00,121086.0,122739.0,118193.0,119846.0,932400,KBS
2021-09-24 07:00:00,119846.0,120259.0,117201.0,117697.0,1161000,KBS
2021-09-27 07:00:00,117945.0,118606.0,111581.0,111581.0,1213100,KBS
2021-09-28 07:00:00,111498.0,116292.0,110837.0,112407.0,1284000,KBS
2021-09-29 07:00:00,114804.0,116540.0,114060.0,116540.0,563500,KBS
2021-09-30 07:00:00,116623.0,119350.0,116540.0,117862.0,754600,KBS
2021-10-01 07:00:00,117367.0,118193.0,115714.0,115714.0,859300,KBS
2021-10-04 07:00:00,117284.0,118193.0,115796.0,116705.0,495400,KBS
2021-10-05 07:00:00,117945.0,118110.0,116209.0,116705.0,599300,KBS
2021-10-06 07:00:00,117780.0,117780.0,116457.0,117532.0,540300,KBS
2021-10-07 07:00:00,118193.0,118193.0,116540.0,117119.0,548300,KBS
2021-10-08 07:00:00,117367.0,120673.0,117284.0,120259.0,1009100,KBS
2021-10-11 07:00:00,120259.0,122739.0,118193.0,121499.0,924200,KBS
2021-10-12 07:00:00,121912.0,122739.0,119846.0,120259.0,675700,KBS
2021-10-13 07:00:00,121499.0,121499.0,118193.0,118276.0,1139600,KBS
2021-10-14 07:00:00,118276.0,119020.0,117036.0,117449.0,1426200,KBS
2021-10-15 07:00:00,117532.0,118524.0,116540.0,116540.0,891600,KBS
2021-10-18 07:00:00,116623.0,119102.0,116540.0,118193.0,634000,KBS
2021-10-19 07:00:00,118772.0,118772.0,116457.0,116540.0,765000,KBS
2021-10-20 07:00:00,117036.0,118524.0,115714.0,118276.0,987100,KBS
2021-10-21 07:00:00,118193.0,118276.0,115879.0,115879.0,1085600,KBS
2021-10-22 07:00:00,116209.0,116953.0,115796.0,115796.0,466100,KBS
2021-10-25 07:00:00,118193.0,118193.0,116044.0,116044.0,575000,KBS
2021-10-26 07:00:00,116953.0,116953.0,114722.0,115383.0,850200,KBS
2021-10-27 07:00:00,115714.0,122243.0,115548.0,121334.0,2012700,KBS
2021-10-28 07:00:00,121334.0,126045.0,119020.0,125384.0,1754500,KBS
2021-10-29 07:00:00,123979.0,125632.0,121912.0,124723.0,1547000,KBS
2021-11-01 07:00:00,123979.0,124061.0,119929.0,120259.0,1668800,KBS
2021-11-02 07:00:00,120259.0,122904.0,120177.0,120259.0,1021800,KBS
2021-11-03 07:00:00,120259.0,122326.0,119020.0,120259.0,1352400,KBS
2021-11-04 07:00:00,120507.0,123565.0,119846.0,122243.0,1148200,KBS
2021-11-05 07:00:00,122326.0,123896.0,121664.0,122160.0,1235600,KBS
2021-11-08 07:00:00,123979.0,126128.0,122987.0,125632.0,1877000,KBS
2021-11-09 07:00:00,126376.0,126376.0,122078.0,122160.0,1478500,KBS
2021-11-10 07:00:00,122326.0,123813.0,121417.0,122078.0,1317500,KBS
2021-11-11 07:00:00,122987.0,124805.0,120673.0,121417.0,1740900,KBS
2021-11-12 07:00:00,121417.0,124061.0,121334.0,123648.0,1456700,KBS
2021-11-15 07:00:00,123979.0,127285.0,122491.0,127285.0,1822500,KBS
2021-11-16 07:00:00,127120.0,128194.0,123979.0,125632.0,1698000,KBS
2021-11-17 07:00:00,124805.0,125632.0,124061.0,124392.0,362200,KBS
2021-11-18 07:00:00,124392.0,125632.0,122326.0,122326.0,1057900,KBS
2021-11-19 07:00:00,123152.0,123896.0,121830.0,121830.0,1301600,KBS
2021-11-22 07:00:00,121912.0,123896.0,121499.0,123896.0,634600,KBS
2021-11-23 07:00:00,122822.0,129599.0,122822.0,129351.0,1864400,KBS
2021-11-24 07:00:00,128525.0,131996.0,127368.0,129764.0,1298500,KBS
2021-11-25 07:00:00,129764.0,131417.0,128194.0,130178.0,1050400,KBS
2021-11-26 07:00:00,128938.0,130178.0,128277.0,130178.0,1131800,KBS
2021-11-29 07:00:00,128111.0,128938.0,125714.0,126045.0,1470900,KBS
2021-11-30 07:00:00,126210.0,127202.0,123318.0,123318.0,1488000,KBS
2021-12-01 07:00:00,123152.0,125632.0,123152.0,123896.0,1261100,KBS
2021-12-02 07:00:00,123979.0,126789.0,123979.0,125632.0,1004300,KBS
2021-12-03 07:00:00,125632.0,128525.0,124805.0,124805.0,1148800,KBS
2021-12-06 07:00:00,124805.0,126458.0,119846.0,124805.0,1098300,KBS
2021-12-07 07:00:00,124392.0,126045.0,124392.0,125549.0,569700,KBS
2021-12-08 07:00:00,124971.0,125632.0,124888.0,124888.0,648400,KBS
2021-12-09 07:00:00,123979.0,127285.0,123979.0,127285.0,784400,KBS
2021-12-10 07:00:00,126458.0,127285.0,124144.0,127037.0,996400,KBS
2021-12-13 07:00:00,127368.0,130095.0,127120.0,128938.0,1458500,KBS
2021-12-14 07:00:00,128855.0,130178.0,128690.0,129764.0,942300,KBS
2021-12-15 07:00:00,129102.0,133240.0,129102.0,133240.0,1227700,KBS
2021-12-16 07:00:00,133240.0,133985.0,125958.0,132413.0,957300,KBS
2021-12-17 07:00:00,132164.0,133737.0,130095.0,130344.0,2984600,KBS
2021-12-20 07:00:00,134068.0,134813.0,130344.0,134068.0,5033600,KBS
2021-12-21 07:00:00,134068.0,137957.0,132413.0,137875.0,7522000,KBS
2021-12-22 07:00:00,139033.0,141516.0,137544.0,140688.0,8679300,KBS
2021-12-23 07:00:00,140606.0,144826.0,137875.0,141516.0,9870200,KBS
2021-12-24 07:00:00,141516.0,144826.0,139116.0,141516.0,7727500,KBS
2021-12-27 07:00:00,141433.0,144826.0,139116.0,139861.0,7115800,KBS
2021-12-28 07:00:00,140275.0,144661.0,138371.0,141930.0,7688200,KBS
2021-12-29 07:00:00,141930.0,144082.0,140275.0,142344.0,6219000,KBS
2021-12-30 07:00:00,142344.0,143006.0,139861.0,141930.0,5093400,KBS
2021-12-31 07:00:00,140523.0,142013.0,139613.0,141516.0,6544000,KBS
2022-01-04 07:00:00,141516.0,141516.0,139861.0,140688.0,998000,KBS
2022-01-05 07:00:00,141516.0,141516.0,133240.0,133240.0,1261000,KBS
2022-01-06 07:00:00,133240.0,133240.0,127282.0,127282.0,1650400,KBS
2022-01-07 07:00:00,129020.0,131999.0,127447.0,127447.0,1307500,KBS
2022-01-10 07:00:00,129020.0,129020.0,126620.0,126620.0,445400,KBS
2022-01-11 07:00:00,126620.0,127447.0,119916.0,119916.0,1345000,KBS
2022-01-12 07:00:00,120413.0,122316.0,119751.0,119916.0,1058300,KBS
2022-01-13 07:00:00,119999.0,121489.0,117185.0,119833.0,974500,KBS
2022-01-14 07:00:00,117599.0,119999.0,117599.0,119833.0,490800,KBS
2022-01-17 07:00:00,119999.0,120661.0,113296.0,117516.0,829900,KBS
2022-01-18 07:00:00,115861.0,125709.0,115447.0,117599.0,872600,KBS
2022-01-19 07:00:00,116854.0,125378.0,116854.0,122068.0,1268700,KBS
2022-01-20 07:00:00,124137.0,124964.0,122482.0,123475.0,874800,KBS
2022-01-21 07:00:00,126123.0,126123.0,123475.0,124964.0,869400,KBS
2022-01-24 07:00:00,122730.0,124302.0,118344.0,118344.0,952700,KBS
2022-01-25 07:00:00,119171.0,126620.0,116771.0,126620.0,1050100,KBS
2022-01-26 07:00:00,127778.0,127778.0,121654.0,121654.0,969400,KBS
2022-01-27 07:00:00,121240.0,121240.0,117516.0,117516.0,727700,KBS
2022-01-28 07:00:00,118427.0,121820.0,118344.0,118344.0,356900,KBS
2022-02-07 07:00:00,119999.0,122895.0,118344.0,122399.0,611900,KBS
2022-02-08 07:00:00,121158.0,122233.0,119999.0,120413.0,502000,KBS
2022-02-09 07:00:00,121240.0,122895.0,119999.0,121323.0,585500,KBS
2022-02-10 07:00:00,122482.0,123806.0,121571.0,123806.0,1433500,KBS
2022-02-11 07:00:00,124137.0,125378.0,122564.0,123971.0,487500,KBS
2022-02-14 07:00:00,122895.0,125461.0,122564.0,125461.0,925700,KBS
2022-02-15 07:00:00,125626.0,132826.0,124137.0,132826.0,1575800,KBS
2022-02-16 07:00:00,132413.0,132413.0,130344.0,130840.0,823200,KBS
2022-02-17 07:00:00,130757.0,134895.0,130509.0,134895.0,1673100,KBS
2022-02-18 07:00:00,132413.0,136551.0,131420.0,135144.0,1183000,KBS
2022-02-21 07:00:00,135226.0,135226.0,132495.0,132661.0,957200,KBS
2022-02-22 07:00:00,129351.0,132247.0,129351.0,130344.0,559100,KBS
2022-02-23 07:00:00,130261.0,131999.0,129516.0,130095.0,459600,KBS
2022-02-24 07:00:00,129516.0,134895.0,128771.0,131999.0,989000,KBS
2022-02-25 07:00:00,133240.0,133240.0,130757.0,130757.0,572500,KBS
2022-02-28 07:00:00,130757.0,132330.0,129102.0,129102.0,426900,KBS
2022-03-01 07:00:00,129930.0,130344.0,128689.0,129516.0,360000,KBS
2022-03-02 07:00:00,128275.0,130757.0,128275.0,129930.0,822900,KBS
2022-03-03 07:00:00,131337.0,134068.0,129682.0,131668.0,752900,KBS
2022-03-04 07:00:00,131999.0,134730.0,130757.0,133488.0,1197900,KBS
2022-03-07 07:00:00,132164.0,134399.0,130757.0,130923.0,942300,KBS
2022-03-08 07:00:00,130757.0,132495.0,130344.0,131420.0,634300,KBS
2022-03-09 07:00:00,131171.0,132330.0,127861.0,128689.0,875100,KBS
2022-03-10 07:00:00,128854.0,131006.0,124137.0,124137.0,1245100,KBS
2022-03-11 07:00:00,123309.0,125378.0,117930.0,117930.0,1565500,KBS
2022-03-14 07:00:00,117682.0,117682.0,110978.0,112634.0,1649600,KBS
2022-03-15 07:00:00,112137.0,116771.0,112137.0,116771.0,1020500,KBS
2022-03-16 07:00:00,118096.0,118096.0,115861.0,116275.0,503900,KBS
2022-03-17 07:00:00,116689.0,117764.0,114206.0,114206.0,766800,KBS
2022-03-18 07:00:00,115033.0,118096.0,113130.0,113130.0,2545700,KBS
2022-03-21 07:00:00,114951.0,120164.0,114868.0,119999.0,890400,KBS
2022-03-22 07:00:00,120413.0,124964.0,118344.0,122895.0,969400,KBS
2022-03-23 07:00:00,121489.0,127282.0,120082.0,121654.0,1396000,KBS
2022-03-24 07:00:00,122813.0,124137.0,121323.0,121323.0,760300,KBS
2022-03-25 07:00:00,121654.0,122316.0,119751.0,121158.0,545600,KBS
2022-03-28 07:00:00,119999.0,120744.0,118344.0,120496.0,630000,KBS
2022-03-29 07:00:00,120827.0,121985.0,118758.0,119171.0,595200,KBS
2022-03-30 07:00:00,118427.0,120413.0,117599.0,119171.0,675400,KBS
2022-03-31 07:00:00,119089.0,119420.0,117433.0,117682.0,589200,KBS
2022-04-01 07:00:00,119171.0,122978.0,117930.0,121240.0,808700,KBS
2022-04-04 07:00:00,123309.0,128275.0,122895.0,124137.0,1685400,KBS
2022-04-05 07:00:00,125626.0,127282.0,124137.0,125461.0,739300,KBS
2022-04-06 07:00:00,125709.0,128275.0,124220.0,127282.0,1374300,KBS
2022-04-07 07:00:00,128275.0,128275.0,124964.0,124964.0,1113200,KBS
2022-04-08 07:00:00,125378.0,125378.0,122895.0,122895.0,1169600,KBS
2022-04-12 07:00:00,129050.0,129050.0,122995.0,124484.0,1373600,KBS
2022-04-13 07:00:00,125079.0,128554.0,125079.0,125973.0,989500,KBS
2022-04-14 07:00:00,126072.0,126568.0,123590.0,124782.0,800000,KBS
2022-04-15 07:00:00,125278.0,125675.0,123193.0,124087.0,1015000,KBS
2022-04-18 07:00:00,125576.0,125576.0,123094.0,123094.0,890800,KBS
2022-04-19 07:00:00,123987.0,124583.0,118627.0,119620.0,943100,KBS
2022-04-20 07:00:00,120513.0,124087.0,119620.0,123392.0,1116500,KBS
2022-04-21 07:00:00,121109.0,124087.0,121109.0,122101.0,1507800,KBS
2022-04-22 07:00:00,122101.0,124087.0,121605.0,122399.0,1750600,KBS
2022-04-25 07:00:00,123690.0,123690.0,114954.0,115153.0,1076900,KBS
2022-04-26 07:00:00,115847.0,123193.0,108303.0,115153.0,2206600,KBS
2022-04-27 07:00:00,115153.0,120910.0,110189.0,118131.0,1241700,KBS
2022-04-28 07:00:00,118131.0,119024.0,115649.0,115649.0,837600,KBS
2022-04-29 07:00:00,116145.0,117734.0,114259.0,115153.0,1098700,KBS
2022-05-04 07:00:00,115153.0,115947.0,112174.0,112274.0,512200,KBS
2022-05-05 07:00:00,113167.0,118131.0,112571.0,118131.0,933300,KBS
2022-05-06 07:00:00,114160.0,117634.0,114160.0,116145.0,825300,KBS
2022-05-09 07:00:00,115153.0,115351.0,110189.0,114061.0,1084200,KBS
2022-05-10 07:00:00,113266.0,115252.0,109395.0,115252.0,1088600,KBS
2022-05-11 07:00:00,112869.0,114160.0,110685.0,111082.0,990800,KBS
2022-05-12 07:00:00,111082.0,111877.0,103339.0,103339.0,1061600,KBS
2022-05-13 07:00:00,102347.0,104233.0,96192.0,96192.0,1761600,KBS
2022-05-16 07:00:00,98277.0,98872.0,89541.0,89541.0,1052900,KBS
2022-05-17 07:00:00,87357.0,95795.0,85074.0,95795.0,1573900,KBS
2022-05-18 07:00:00,97383.0,102446.0,92817.0,102446.0,1291600,KBS
2022-05-19 07:00:00,101255.0,109593.0,99269.0,109593.0,1722900,KBS
2022-05-20 07:00:00,108998.0,110884.0,106218.0,107012.0,930900,KBS
2022-05-23 07:00:00,107807.0,108104.0,103240.0,103737.0,700700,KBS
2022-05-24 07:00:00,103737.0,109097.0,103240.0,108204.0,829900,KBS
2022-05-25 07:00:00,108204.0,112671.0,106715.0,109693.0,829700,KBS
2022-05-26 07:00:00,109693.0,109891.0,107211.0,107807.0,834000,KBS
2022-05-27 07:00:00,108005.0,111082.0,107211.0,109196.0,771700,KBS
2022-05-30 07:00:00,109196.0,109196.0,108104.0,109196.0,671100,KBS
2022-05-31 07:00:00,107211.0,111579.0,107211.0,111579.0,1265300,KBS
2022-06-01 07:00:00,109196.0,114160.0,109196.0,114160.0,1097900,KBS
2022-06-02 07:00:00,114160.0,114160.0,112075.0,113465.0,457800,KBS
2022-06-03 07:00:00,113663.0,113663.0,110685.0,111976.0,394800,KBS
2022-06-06 07:00:00,111976.0,116145.0,107211.0,116145.0,1729500,KBS
2022-06-07 07:00:00,114259.0,117039.0,112373.0,117039.0,1460100,KBS
2022-06-08 07:00:00,117138.0,120612.0,117039.0,118428.0,1318800,KBS
2022-06-09 07:00:00,117634.0,119123.0,117237.0,117634.0,711400,KBS
2022-06-10 07:00:00,114259.0,117634.0,114259.0,116145.0,632500,KBS
2022-06-13 07:00:00,112274.0,114160.0,108204.0,108204.0,1101100,KBS
2022-06-14 07:00:00,103339.0,108998.0,103339.0,105523.0,1658900,KBS
2022-06-15 07:00:00,106218.0,108204.0,103935.0,105226.0,997000,KBS
2022-06-16 07:00:00,106218.0,112571.0,106218.0,109891.0,1394900,KBS
2022-06-17 07:00:00,107211.0,116145.0,106516.0,116145.0,1627200,KBS
2022-06-20 07:00:00,114160.0,116642.0,110189.0,110189.0,862000,KBS
2022-06-21 07:00:00,109990.0,112969.0,108402.0,110189.0,954600,KBS
2022-06-22 07:00:00,110189.0,113167.0,105226.0,105226.0,802700,KBS
2022-06-23 07:00:00,105226.0,109196.0,105226.0,109196.0,397300,KBS
2022-06-24 07:00:00,107707.0,109395.0,107707.0,108700.0,543000,KBS
2022-06-27 07:00:00,108998.0,112571.0,107707.0,112174.0,882000,KBS
2022-06-28 07:00:00,112174.0,113366.0,109494.0,113167.0,1209600,KBS
2022-06-29 07:00:00,108204.0,114160.0,108204.0,113167.0,713400,KBS
2022-06-30 07:00:00,111380.0,113366.0,110685.0,111182.0,456000,KBS
2022-07-01 07:00:00,111082.0,111182.0,108204.0,108700.0,478200,KBS
2022-07-04 07:00:00,109500.0,110000.0,107100.0,107700.0,357800,KBS
2022-07-05 07:00:00,107900.0,108500.0,102000.0,102000.0,942500,KBS
2022-07-06 07:00:00,102000.0,106200.0,100000.0,100000.0,1181300,KBS
2022-07-07 07:00:00,100000.0,104500.0,100000.0,103000.0,444900,KBS
2022-07-08 07:00:00,103500.0,104900.0,103500.0,104900.0,609700,KBS
2022-07-11 07:00:00,101500.0,103900.0,101500.0,102500.0,565100,KBS
2022-07-12 07:00:00,103500.0,104000.0,101500.0,102000.0,287100,KBS
2022-07-13 07:00:00,100700.0,103700.0,100700.0,101000.0,549100,KBS
2022-07-14 07:00:00,101200.0,103000.0,101100.0,102500.0,356200,KBS
2022-07-15 07:00:00,101900.0,103500.0,101000.0,101200.0,413900,KBS
2022-07-18 07:00:00,101100.0,103800.0,100500.0,102600.0,666600,KBS
2022-07-19 07:00:00,102500.0,102500.0,101000.0,102000.0,367200,KBS
2022-07-20 07:00:00,102100.0,105500.0,102000.0,103000.0,679400,KBS
2022-07-21 07:00:00,103200.0,106900.0,103000.0,105500.0,1032900,KBS
2022-07-22 07:00:00,105100.0,109000.0,103700.0,108500.0,1241500,KBS
2022-07-25 07:00:00,105700.0,111300.0,105700.0,108600.0,461100,KBS
2022-07-26 07:00:00,107000.0,110000.0,107000.0,110000.0,487400,KBS
2022-07-27 07:00:00,109200.0,110000.0,108000.0,109900.0,334400,KBS
2022-07-28 07:00:00,110000.0,110500.0,108000.0,109900.0,619200,KBS
2022-07-29 07:00:00,111000.0,112000.0,106100.0,106100.0,840100,KBS
2022-08-01 07:00:00,107000.0,111000.0,106500.0,109400.0,730600,KBS
2022-08-02 07:00:00,109600.0,111000.0,107100.0,110000.0,1114600,KBS
2022-08-03 07:00:00,109500.0,110200.0,106800.0,110000.0,1452700,KBS
2022-08-04 07:00:00,110000.0,110200.0,106700.0,107900.0,1593800,KBS
2022-08-05 07:00:00,107900.0,108000.0,104100.0,104500.0,1920800,KBS
2022-08-08 07:00:00,104500.0,105800.0,104500.0,104800.0,637400,KBS
2022-08-09 07:00:00,106000.0,106100.0,104500.0,105200.0,502900,KBS
2022-08-10 07:00:00,105200.0,107000.0,104700.0,105800.0,560100,KBS
2022-08-11 07:00:00,106000.0,107500.0,105300.0,106800.0,772100,KBS
2022-08-12 07:00:00,106700.0,107200.0,105700.0,107200.0,252200,KBS
2022-08-15 07:00:00,107900.0,108800.0,106500.0,108500.0,554600,KBS
2022-08-16 07:00:00,108500.0,109200.0,107100.0,109000.0,619600,KBS
2022-08-17 07:00:00,109300.0,111700.0,108500.0,111300.0,1170500,KBS
2022-08-18 07:00:00,111500.0,114900.0,110600.0,112000.0,1715300,KBS
2022-08-19 07:00:00,112000.0,113900.0,110800.0,112000.0,458300,KBS
2022-08-22 07:00:00,112000.0,113800.0,111000.0,111800.0,460700,KBS
2022-08-23 07:00:00,111200.0,113000.0,111000.0,112600.0,649500,KBS
2022-08-24 07:00:00,112800.0,114000.0,111900.0,111900.0,556200,KBS
2022-08-25 07:00:00,111200.0,113400.0,111000.0,112800.0,564700,KBS
2022-08-26 07:00:00,113500.0,113500.0,112000.0,112200.0,359700,KBS
2022-08-29 07:00:00,111000.0,113800.0,111000.0,112200.0,572700,KBS
2022-08-30 07:00:00,113000.0,114800.0,112000.0,113700.0,574200,KBS
2022-08-31 07:00:00,113800.0,115500.0,113800.0,114500.0,786700,KBS
2022-09-05 07:00:00,113500.0,115800.0,113100.0,115500.0,556800,KBS
2022-09-06 07:00:00,115500.0,116600.0,114200.0,115000.0,337200,KBS
2022-09-07 07:00:00,114800.0,115400.0,112000.0,112000.0,836300,KBS
2022-09-08 07:00:00,113500.0,115000.0,112000.0,115000.0,484100,KBS
2022-09-09 07:00:00,115500.0,117000.0,114400.0,116100.0,539300,KBS
2022-09-12 07:00:00,116100.0,116500.0,114500.0,115000.0,327700,KBS
2022-09-13 07:00:00,114500.0,116400.0,114000.0,114000.0,542200,KBS
2022-09-14 07:00:00,114000.0,114000.0,112000.0,112000.0,554500,KBS
2022-09-15 07:00:00,114200.0,114500.0,111000.0,112000.0,538400,KBS
2022-09-16 07:00:00,111800.0,112800.0,109800.0,112800.0,1709700,KBS
2022-09-19 07:00:00,111000.0,113500.0,111000.0,112500.0,548800,KBS
2022-09-20 07:00:00,112000.0,113400.0,111800.0,113300.0,302800,KBS
2022-09-21 07:00:00,113000.0,113400.0,111100.0,112000.0,332400,KBS
2022-09-22 07:00:00,110900.0,111500.0,108100.0,110000.0,435200,KBS
2022-09-23 07:00:00,109000.0,110000.0,108300.0,108600.0,353900,KBS
2022-09-26 07:00:00,107200.0,109500.0,107000.0,107700.0,658100,KBS
2022-09-27 07:00:00,106000.0,108600.0,106000.0,107700.0,343300,KBS
2022-09-28 07:00:00,105100.0,105900.0,102100.0,102100.0,415600,KBS
2022-09-29 07:00:00,102600.0,104100.0,100000.0,100000.0,443000,KBS
2022-09-30 07:00:00,98200.0,103200.0,98200.0,99000.0,893200,KBS
2022-10-03 07:00:00,97000.0,98500.0,92200.0,94000.0,752700,KBS
2022-10-04 07:00:00,93100.0,95000.0,90400.0,90500.0,991500,KBS
2022-10-05 07:00:00,93300.0,93300.0,91000.0,91400.0,559600,KBS
2022-10-06 07:00:00,91400.0,91500.0,86000.0,86700.0,948300,KBS
2022-10-07 07:00:00,84800.0,86600.0,80700.0,81500.0,1461300,KBS
2022-10-10 07:00:00,80000.0,87000.0,77000.0,80500.0,1089700,KBS
2022-10-11 07:00:00,80100.0,80100.0,74900.0,79800.0,1971900,KBS
2022-10-12 07:00:00,81400.0,82500.0,79800.0,81100.0,2400700,KBS
2022-10-13 07:00:00,82000.0,82000.0,78000.0,78700.0,1014100,KBS
2022-10-14 07:00:00,81000.0,81000.0,79000.0,79000.0,1554200,KBS
2022-10-17 07:00:00,78900.0,80500.0,77000.0,79000.0,1481400,KBS
2022-10-18 07:00:00,80000.0,83200.0,79900.0,82000.0,1767000,KBS
2022-10-19 07:00:00,82500.0,82500.0,79900.0,80000.0,1401200,KBS
2022-10-20 07:00:00,79500.0,80800.0,78500.0,80200.0,1683100,KBS
2022-10-21 07:00:00,81000.0,81000.0,74800.0,74800.0,1651200,KBS
2022-10-24 07:00:00,74800.0,75800.0,69600.0,72800.0,1295700,KBS
2022-10-25 07:00:00,72500.0,75000.0,69100.0,75000.0,1850400,KBS
2022-10-26 07:00:00,75000.0,78000.0,73300.0,78000.0,1006000,KBS
2022-10-27 07:00:00,78700.0,83000.0,77000.0,83000.0,1607900,KBS
2022-10-28 07:00:00,83000.0,83900.0,81500.0,83900.0,1768700,KBS
2022-10-31 07:00:00,83900.0,86000.0,82700.0,85500.0,1329900,KBS
2022-11-01 07:00:00,86400.0,87200.0,83800.0,86500.0,1128600,KBS
2022-11-02 07:00:00,86500.0,87000.0,81000.0,81000.0,893000,KBS
2022-11-03 07:00:00,80000.0,85400.0,79900.0,85400.0,737800,KBS
2022-11-04 07:00:00,84000.0,85400.0,81000.0,84300.0,952900,KBS
2022-11-07 07:00:00,84300.0,88000.0,82500.0,84500.0,1266700,KBS
2022-11-08 07:00:00,84000.0,87800.0,81000.0,86000.0,1180600,KBS
2022-11-09 07:00:00,86500.0,87500.0,84500.0,87000.0,1227900,KBS
2022-11-10 07:00:00,87000.0,87100.0,81000.0,81000.0,1015300,KBS
2022-11-11 07:00:00,82000.0,86600.0,82000.0,86500.0,1055100,KBS
2022-11-14 07:00:00,85500.0,92500.0,84100.0,89100.0,1292200,KBS
2022-11-15 07:00:00,89100.0,89800.0,85800.0,89400.0,1067100,KBS
2022-11-16 07:00:00,85500.0,90900.0,84500.0,90900.0,1308900,KBS
2022-11-17 07:00:00,90500.0,97000.0,90200.0,97000.0,1525000,KBS
2022-11-18 07:00:00,97100.0,97500.0,91500.0,95200.0,1016400,KBS
2022-11-21 07:00:00,95200.0,95200.0,93400.0,95100.0,633400,KBS
2022-11-22 07:00:00,93600.0,98000.0,88500.0,91800.0,1395000,KBS
2022-11-23 07:00:00,88600.0,92900.0,88300.0,92900.0,834200,KBS
2022-11-24 07:00:00,91500.0,91500.0,88000.0,89000.0,1043500,KBS
2022-11-25 07:00:00,90000.0,94500.0,90000.0,94000.0,923100,KBS
2022-11-28 07:00:00,94000.0,97200.0,93500.0,97200.0,2126900,KBS
2022-11-29 07:00:00,97200.0,99000.0,95500.0,99000.0,2170100,KBS
2022-11-30 07:00:00,99500.0,102000.0,92900.0,102000.0,1501800,KBS
2022-12-01 07:00:00,102000.0,102000.0,99000.0,99000.0,1543500,KBS
2022-12-02 07:00:00,99000.0,103900.0,98400.0,103900.0,1435000,KBS
2022-12-05 07:00:00,102900.0,110000.0,102500.0,105000.0,1024200,KBS
2022-12-06 07:00:00,105500.0,105500.0,101600.0,102000.0,1097400,KBS
2022-12-07 07:00:00,102000.0,106000.0,100000.0,100000.0,734100,KBS
2022-12-08 07:00:00,103800.0,105000.0,96000.0,96000.0,903000,KBS
2022-12-09 07:00:00,99000.0,101900.0,96100.0,97000.0,1175300,KBS
2022-12-12 07:00:00,100000.0,100000.0,96000.0,97000.0,913300,KBS
2022-12-13 07:00:00,96900.0,97500.0,95800.0,97000.0,1493100,KBS
2022-12-14 07:00:00,98500.0,98500.0,95100.0,96000.0,1028300,KBS
2022-12-15 07:00:00,97000.0,99000.0,95100.0,98200.0,687600,KBS
2022-12-16 07:00:00,98000.0,98000.0,93500.0,93500.0,2672500,KBS
2022-12-19 07:00:00,94200.0,95300.0,92500.0,95000.0,1257100,KBS
2022-12-20 07:00:00,93400.0,95000.0,92100.0,94000.0,568100,KBS
2022-12-21 07:00:00,94700.0,94900.0,93000.0,94900.0,582500,KBS
2022-12-22 07:00:00,95000.0,95600.0,93000.0,94400.0,371000,KBS
2022-12-23 07:00:00,92500.0,95200.0,91400.0,95000.0,552900,KBS
2022-12-26 07:00:00,95000.0,95000.0,91500.0,91500.0,613800,KBS
2022-12-27 07:00:00,91500.0,95800.0,91200.0,91600.0,617300,KBS
2022-12-28 07:00:00,91700.0,96000.0,91100.0,93000.0,661400,KBS
2022-12-29 07:00:00,92500.0,95800.0,92500.0,94000.0,629600,KBS
2022-12-30 07:00:00,96000.0,96000.0,93000.0,93000.0,453200,KBS
2023-01-03 07:00:00,95000.0,96000.0,93000.0,96000.0,740400,KBS
2023-01-04 07:00:00,97000.0,99300.0,95000.0,99300.0,549400,KBS
2023-01-05 07:00:00,100000.0,100100.0,98000.0,99500.0,684600,KBS
2023-01-06 07:00:00,99500.0,99500.0,95000.0,95800.0,541300,KBS
2023-01-09 07:00:00,96700.0,97300.0,95500.0,96500.0,398200,KBS
2023-01-10 07:00:00,96500.0,96900.0,93600.0,95400.0,613400,KBS
2023-01-11 07:00:00,96000.0,96300.0,94300.0,96000.0,556800,KBS
2023-01-12 07:00:00,96100.0,96300.0,93000.0,93300.0,537400,KBS
2023-01-13 07:00:00,94100.0,95000.0,93400.0,95000.0,319700,KBS
2023-01-16 07:00:00,95000.0,96000.0,93700.0,94900.0,339600,KBS
2023-01-17 07:00:00,94700.0,97500.0,93300.0,97500.0,600000,KBS
2023-01-18 07:00:00,97500.0,99900.0,96100.0,99900.0,620900,KBS
2023-01-19 07:00:00,98300.0,102000.0,95300.0,102000.0,1021900,KBS
2023-01-27 07:00:00,102000.0,106000.0,101900.0,103700.0,741600,KBS
2023-01-30 07:00:00,105000.0,105400.0,102000.0,102000.0,330200,KBS
2023-01-31 07:00:00,100100.0,102000.0,100100.0,101100.0,354700,KBS
2023-02-01 07:00:00,100200.0,101800.0,95100.0,95200.0,958200,KBS
2023-02-02 07:00:00,97900.0,97900.0,95000.0,96700.0,736900,KBS
2023-02-03 07:00:00,95600.0,96700.0,93600.0,96500.0,567900,KBS
2023-02-06 07:00:00,94200.0,96300.0,93500.0,96300.0,685600,KBS
2023-02-07 07:00:00,96000.0,96000.0,93300.0,94100.0,857100,KBS
2023-02-08 07:00:00,94100.0,95500.0,93500.0,93500.0,446700,KBS
2023-02-09 07:00:00,93500.0,94500.0,91800.0,91800.0,773600,KBS
2023-02-10 07:00:00,91800.0,92000.0,89500.0,91200.0,680900,KBS
2023-02-13 07:00:00,91200.0,92900.0,90100.0,92900.0,468600,KBS
2023-02-14 07:00:00,92900.0,93400.0,91600.0,92900.0,392700,KBS
2023-02-15 07:00:00,92000.0,93300.0,92000.0,93000.0,617800,KBS
2023-02-16 07:00:00,93000.0,93400.0,92100.0,92900.0,379900,KBS
2023-02-17 07:00:00,93000.0,93000.0,91100.0,91300.0,279500,KBS
2023-02-20 07:00:00,91400.0,94500.0,91400.0,94500.0,685100,KBS
2023-02-21 07:00:00,94000.0,94800.0,93200.0,93800.0,258400,KBS
2023-02-22 07:00:00,93000.0,93300.0,91000.0,91000.0,784400,KBS
2023-02-23 07:00:00,91500.0,91500.0,87000.0,87600.0,672900,KBS
2023-02-24 07:00:00,88800.0,88800.0,84900.0,85900.0,716200,KBS
2023-02-27 07:00:00,83900.0,84500.0,79900.0,79900.0,900500,KBS
2023-02-28 07:00:00,82000.0,82500.0,80000.0,82000.0,585400,KBS
2023-03-01 07:00:00,80000.0,81800.0,79700.0,80500.0,1083200,KBS
2023-03-02 07:00:00,80400.0,81300.0,79000.0,79000.0,540200,KBS
2023-03-03 07:00:00,79700.0,79800.0,76000.0,76000.0,581000,KBS
2023-03-06 07:00:00,76500.0,78000.0,74400.0,74400.0,850800,KBS
2023-03-07 07:00:00,76000.0,79600.0,75200.0,78300.0,1893800,KBS
2023-03-08 07:00:00,78200.0,81000.0,77800.0,80400.0,1497600,KBS
2023-03-09 07:00:00,80500.0,82000.0,80100.0,80800.0,1257800,KBS
2023-03-10 07:00:00,80500.0,84500.0,80500.0,83900.0,1407600,KBS
2023-03-13 07:00:00,83800.0,85800.0,83800.0,84500.0,1593800,KBS
2023-03-14 07:00:00,84100.0,85000.0,82500.0,83600.0,939100,KBS
2023-03-15 07:00:00,83700.0,85100.0,83600.0,84700.0,1108600,KBS
2023-03-16 07:00:00,84700.0,84700.0,82000.0,83800.0,897900,KBS
2023-03-17 07:00:00,83800.0,84000.0,82700.0,83500.0,1173700,KBS
2023-03-20 07:00:00,82600.0,82800.0,79400.0,81500.0,1328800,KBS
2023-03-21 07:00:00,81500.0,83200.0,79000.0,80100.0,1059400,KBS
2023-03-22 07:00:00,80200.0,80600.0,78200.0,80500.0,2038600,KBS
2023-03-23 07:00:00,79700.0,79700.0,78500.0,79000.0,1501600,KBS
2023-03-24 07:00:00,79000.0,79000.0,77700.0,78000.0,1368800,KBS
2023-03-27 07:00:00,78200.0,78200.0,76200.0,76700.0,1640300,KBS
2023-03-28 07:00:00,77500.0,77800.0,76800.0,77600.0,1759500,KBS
2023-03-29 07:00:00,77600.0,78800.0,76800.0,78800.0,1178200,KBS
2023-03-30 07:00:00,79300.0,79600.0,78500.0,79200.0,1105900,KBS
2023-03-31 07:00:00,79200.0,79400.0,77800.0,77800.0,1340600,KBS
2023-04-03 07:00:00,78800.0,78800.0,76800.0,76800.0,1651800,KBS
2023-04-04 07:00:00,76900.0,78600.0,76900.0,78400.0,1319600,KBS
2023-04-05 07:00:00,78700.0,79200.0,77600.0,78400.0,835000,KBS
2023-04-06 07:00:00,78100.0,78400.0,77000.0,77000.0,1050000,KBS
2023-04-07 07:00:00,77000.0,77900.0,76900.0,77600.0,611100,KBS
2023-04-10 07:00:00,77700.0,78100.0,77100.0,77200.0,863300,KBS
2023-04-11 07:00:00,77600.0,78000.0,77200.0,77900.0,753700,KBS
2023-04-12 07:00:00,77900.0,80200.0,77900.0,79500.0,1601300,KBS
2023-04-13 07:00:00,80000.0,80500.0,79200.0,79200.0,1223300,KBS
2023-04-14 07:00:00,79300.0,79900.0,78100.0,78100.0,1415100,KBS
2023-04-17 07:00:00,78000.0,78200.0,77200.0,78100.0,912500,KBS
2023-04-18 07:00:00,78200.0,78500.0,77800.0,78200.0,536300,KBS
2023-04-19 07:00:00,78200.0,79800.0,78000.0,78700.0,1244600,KBS
2023-04-20 07:00:00,79000.0,79100.0,77700.0,78000.0,754800,KBS
2023-04-21 07:00:00,78000.0,78100.0,76200.0,76400.0,1126600,KBS
2023-04-24 07:00:00,76600.0,76600.0,73300.0,73300.0,1591200,KBS
2023-04-25 07:00:00,73900.0,73900.0,71100.0,71300.0,1018400,KBS
2023-04-26 07:00:00,71300.0,71900.0,70500.0,71400.0,1167500,KBS
2023-04-27 07:00:00,71700.0,72900.0,71300.0,72300.0,466300,KBS
2023-04-28 07:00:00,72700.0,73200.0,72300.0,73100.0,612100,KBS
2023-05-04 07:00:00,72800.0,72800.0,70600.0,70600.0,824100,KBS
2023-05-05 07:00:00,70600.0,73100.0,70500.0,73000.0,950000,KBS
2023-05-08 07:00:00,73500.0,75200.0,73100.0,74100.0,1035000,KBS
2023-05-09 07:00:00,74100.0,74600.0,73400.0,73600.0,646900,KBS
2023-05-10 07:00:00,74000.0,75000.0,73600.0,73600.0,749900,KBS
2023-05-11 07:00:00,73700.0,74300.0,73300.0,73800.0,454100,KBS
2023-05-12 07:00:00,73300.0,74500.0,73300.0,74400.0,431700,KBS
2023-05-15 07:00:00,74400.0,75200.0,74100.0,74100.0,718700,KBS
2023-05-16 07:00:00,74100.0,74200.0,73200.0,73300.0,384400,KBS
2023-05-17 07:00:00,73300.0,74000.0,73000.0,73100.0,645600,KBS
2023-05-18 07:00:00,73200.0,73800.0,72700.0,73200.0,994700,KBS
2023-05-19 07:00:00,73200.0,73200.0,71600.0,72400.0,760300,KBS
2023-05-22 07:00:00,71400.0,72500.0,71400.0,72000.0,809500,KBS
2023-05-23 07:00:00,72000.0,72000.0,70200.0,70400.0,2296900,KBS
2023-05-24 07:00:00,70900.0,71900.0,70000.0,71800.0,951300,KBS
2023-05-25 07:00:00,71800.0,72500.0,70800.0,72000.0,740000,KBS
2023-05-26 07:00:00,71800.0,72100.0,71400.0,72000.0,757500,KBS
2023-05-29 07:00:00,72100.0,72200.0,71400.0,71600.0,483800,KBS
2023-05-30 07:00:00,71600.0,73200.0,71600.0,72800.0,946700,KBS
2023-05-31 07:00:00,72900.0,73500.0,72000.0,72000.0,718500,KBS
2023-06-01 07:00:00,72000.0,72200.0,71500.0,71800.0,326400,KBS
2023-06-02 07:00:00,72000.0,72700.0,71800.0,72300.0,936100,KBS
2023-06-05 07:00:00,73000.0,74700.0,72800.0,74100.0,2010900,KBS
2023-06-06 07:00:00,74000.0,74600.0,73500.0,73600.0,1265200,KBS
2023-06-07 07:00:00,74200.0,75700.0,73500.0,75500.0,2296600,KBS
2023-06-08 07:00:00,76300.0,76400.0,74300.0,74400.0,1251100,KBS
2023-06-09 07:00:00,75000.0,76900.0,74200.0,76500.0,2410700,KBS
2023-06-12 07:00:00,77000.0,78400.0,76600.0,78400.0,2600400,KBS
2023-06-13 07:00:00,78600.0,78800.0,77900.0,78800.0,1699700,KBS
2023-06-14 07:00:00,78800.0,79400.0,77800.0,78000.0,2339300,KBS
2023-06-15 07:00:00,78000.0,78100.0,76700.0,77100.0,1224800,KBS
2023-06-16 07:00:00,77500.0,77600.0,75400.0,76600.0,2124500,KBS
2023-06-19 07:00:00,76500.0,76500.0,74500.0,74500.0,1152200,KBS
2023-06-20 07:00:00,74300.0,75300.0,74300.0,75200.0,605600,KBS
2023-06-21 07:00:00,75100.0,76200.0,74600.0,76100.0,1015400,KBS
2023-06-22 07:00:00,76100.0,76500.0,75800.0,76300.0,850900,KBS
2023-06-23 07:00:00,76100.0,77800.0,75700.0,77300.0,1600600,KBS
2023-06-26 07:00:00,78000.0,79000.0,77000.0,77700.0,981300,KBS
2023-06-27 07:00:00,77800.0,78000.0,76900.0,77700.0,685500,KBS
2023-06-28 07:00:00,77900.0,77900.0,76700.0,77000.0,691700,KBS
2023-06-29 07:00:00,76800.0,76800.0,75400.0,75400.0,1147500,KBS
2023-06-30 07:00:00,75400.0,76200.0,75200.0,75200.0,866600,KBS
2023-07-03 07:00:00,75200.0,76000.0,75200.0,75400.0,646200,KBS
2023-07-04 07:00:00,75400.0,75900.0,75300.0,75600.0,823200,KBS
2023-07-05 07:00:00,75900.0,76300.0,75500.0,75800.0,1395400,KBS
2023-07-06 07:00:00,75500.0,76100.0,75500.0,76000.0,964100,KBS
2023-07-07 07:00:00,76200.0,76200.0,75200.0,75200.0,1421500,KBS
2023-07-10 07:00:00,75400.0,77900.0,75400.0,77900.0,2345800,KBS
2023-07-11 07:00:00,78100.0,80100.0,78100.0,79200.0,2849800,KBS
2023-07-12 07:00:00,80100.0,80100.0,79000.0,79500.0,1607300,KBS
2023-07-13 07:00:00,79600.0,81900.0,79500.0,81800.0,2671400,KBS
2023-07-14 07:00:00,82000.0,82700.0,80700.0,81800.0,1690600,KBS
2023-07-17 07:00:00,81800.0,81800.0,80500.0,80700.0,1453800,KBS
2023-07-18 07:00:00,80600.0,81300.0,80200.0,80500.0,1274400,KBS
2023-07-19 07:00:00,80600.0,81300.0,80500.0,80800.0,1370700,KBS
2023-07-20 07:00:00,80900.0,80900.0,79100.0,79500.0,2335700,KBS
2023-07-21 07:00:00,79500.0,83000.0,79500.0,83000.0,2083200,KBS
2023-07-24 07:00:00,84600.0,84700.0,83200.0,84000.0,2678700,KBS
2023-07-25 07:00:00,84100.0,84500.0,83000.0,83400.0,1938900,KBS
2023-07-26 07:00:00,83400.0,85200.0,83200.0,84600.0,1719300,KBS
2023-07-27 07:00:00,84500.0,84700.0,84000.0,84200.0,1846200,KBS
2023-07-28 07:00:00,84200.0,86200.0,84000.0,86100.0,2241800,KBS
2023-07-31 07:00:00,87000.0,88200.0,86800.0,87300.0,2580800,KBS
2023-08-01 07:00:00,87600.0,87600.0,86400.0,86700.0,1843700,KBS
2023-08-02 07:00:00,86400.0,86400.0,85100.0,85200.0,2264000,KBS
2023-08-03 07:00:00,85500.0,86600.0,85200.0,86100.0,1880500,KBS
2023-08-04 07:00:00,86300.0,86700.0,85700.0,86300.0,2037600,KBS
2023-08-07 07:00:00,86700.0,88200.0,86000.0,88200.0,2407300,KBS
2023-08-08 07:00:00,89300.0,89400.0,87900.0,89200.0,2451900,KBS
2023-08-09 07:00:00,89000.0,89000.0,87800.0,88000.0,2415600,KBS
2023-08-10 07:00:00,87300.0,87900.0,83000.0,83000.0,4724500,KBS
2023-08-11 07:00:00,82800.0,85000.0,82500.0,84500.0,2070900,KBS
2023-08-14 07:00:00,84500.0,84500.0,82200.0,82200.0,2720900,KBS
2023-08-15 07:00:00,82500.0,83800.0,81400.0,82400.0,2240300,KBS
2023-08-16 07:00:00,82300.0,82400.0,81200.0,81800.0,1866300,KBS
2023-08-17 07:00:00,81800.0,82800.0,81400.0,82100.0,1885500,KBS
2023-08-18 07:00:00,82100.0,82400.0,77800.0,79000.0,4020300,KBS
2023-08-21 07:00:00,78300.0,79800.0,78300.0,78400.0,2250500,KBS
2023-08-22 07:00:00,78500.0,78900.0,76300.0,77700.0,1849900,KBS
2023-08-23 07:00:00,78000.0,78600.0,77000.0,77500.0,1456000,KBS
2023-08-24 07:00:00,77300.0,80000.0,77300.0,80000.0,1756900,KBS
2023-08-25 07:00:00,80000.0,80500.0,79200.0,79700.0,1178100,KBS
2023-08-28 07:00:00,79700.0,80800.0,79500.0,80700.0,1100800,KBS
2023-08-29 07:00:00,81200.0,81400.0,79800.0,80000.0,1728500,KBS
2023-08-30 07:00:00,80000.0,80100.0,79300.0,79600.0,1580000,KBS
2023-08-31 07:00:00,80000.0,81700.0,79500.0,81500.0,2545900,KBS
2023-09-05 07:00:00,82300.0,82400.0,81300.0,81500.0,1426200,KBS
2023-09-06 07:00:00,81500.0,82700.0,80800.0,82700.0,1831100,KBS
2023-09-07 07:00:00,83500.0,83900.0,82000.0,82000.0,2102600,KBS
2023-09-08 07:00:00,82100.0,83500.0,81800.0,81800.0,3064800,KBS
2023-09-11 07:00:00,82100.0,82400.0,79600.0,79600.0,3008800,KBS
2023-09-12 07:00:00,80000.0,81000.0,79300.0,81000.0,1513100,KBS
2023-09-13 07:00:00,81000.0,81400.0,79900.0,80100.0,1618400,KBS
2023-09-14 07:00:00,80400.0,80400.0,78300.0,78600.0,1810500,KBS
2023-09-15 07:00:00,78800.0,80700.0,78400.0,79700.0,2314600,KBS
2023-09-18 07:00:00,79700.0,79700.0,78100.0,78500.0,1009600,KBS
2023-09-19 07:00:00,78300.0,79400.0,78000.0,79000.0,1116700,KBS
2023-09-20 07:00:00,78800.0,79800.0,78700.0,79700.0,2339000,KBS
2023-09-21 07:00:00,79500.0,80100.0,78500.0,78800.0,1493900,KBS
2023-09-22 07:00:00,77400.0,78000.0,75400.0,75400.0,2281400,KBS
2023-09-25 07:00:00,75000.0,75400.0,70300.0,70300.0,3403100,KBS
2023-09-26 07:00:00,70300.0,74900.0,70300.0,73000.0,2269800,KBS
2023-09-27 07:00:00,73000.0,76000.0,72600.0,76000.0,2155500,KBS
2023-09-28 07:00:00,74500.0,77000.0,73100.0,76500.0,1700600,KBS
2023-09-29 07:00:00,76500.0,76500.0,75200.0,76300.0,1276500,KBS
2023-10-02 07:00:00,76200.0,78700.0,76000.0,77400.0,2722000,KBS
2023-10-03 07:00:00,77400.0,77400.0,74000.0,74000.0,2189000,KBS
2023-10-04 07:00:00,73000.0,75000.0,72800.0,73500.0,1448600,KBS
2023-10-05 07:00:00,73600.0,74800.0,72800.0,72800.0,877900,KBS
2023-10-06 07:00:00,72700.0,72900.0,71000.0,72700.0,2313000,KBS
2023-10-09 07:00:00,72200.0,74000.0,72100.0,73500.0,854300,KBS
2023-10-10 07:00:00,74000.0,74300.0,73200.0,73200.0,926500,KBS
2023-10-11 07:00:00,73500.0,73800.0,72200.0,73800.0,909700,KBS
2023-10-12 07:00:00,74000.0,74100.0,73000.0,73100.0,1055400,KBS
2023-10-13 07:00:00,72500.0,73500.0,71600.0,72700.0,1242300,KBS
2023-10-16 07:00:00,72500.0,72500.0,71600.0,71600.0,1004000,KBS
2023-10-17 07:00:00,72000.0,72300.0,71000.0,71000.0,727500,KBS
2023-10-18 07:00:00,71000.0,71500.0,67500.0,68300.0,1882700,KBS
2023-10-19 07:00:00,68300.0,68400.0,65900.0,66400.0,2406000,KBS
2023-10-20 07:00:00,66400.0,69000.0,65900.0,69000.0,1883100,KBS
2023-10-23 07:00:00,68000.0,68100.0,65800.0,66000.0,2129600,KBS
2023-10-24 07:00:00,66200.0,67300.0,64900.0,66900.0,1638700,KBS
2023-10-25 07:00:00,67000.0,67500.0,66000.0,66000.0,1385400,KBS
2023-10-26 07:00:00,64800.0,64800.0,61400.0,61400.0,3585400,KBS
2023-10-27 07:00:00,62000.0,62000.0,57200.0,57800.0,4376500,KBS
2023-10-30 07:00:00,56000.0,59200.0,56000.0,58000.0,2162100,KBS
2023-10-31 07:00:00,59000.0,59000.0,56000.0,58200.0,2913300,KBS
2023-11-01 07:00:00,58200.0,59500.0,57000.0,59500.0,1807900,KBS
2023-11-02 07:00:00,60500.0,62800.0,59800.0,62700.0,1571400,KBS
2023-11-03 07:00:00,63000.0,63900.0,61700.0,63900.0,1619400,KBS
2023-11-06 07:00:00,64000.0,64600.0,63000.0,64000.0,1132500,KBS
2023-11-07 07:00:00,64000.0,64000.0,62000.0,62000.0,1583400,KBS
2023-11-08 07:00:00,62000.0,63900.0,60500.0,63800.0,2102400,KBS
2023-11-09 07:00:00,63900.0,64500.0,62700.0,62800.0,1616400,KBS
2023-11-10 07:00:00,62000.0,63400.0,61700.0,61700.0,1581800,KBS
2023-11-13 07:00:00,62000.0,62900.0,61000.0,62000.0,1203300,KBS
2023-11-14 07:00:00,62200.0,62800.0,61600.0,62600.0,1533100,KBS
2023-11-15 07:00:00,63600.0,66900.0,63500.0,65800.0,3867100,KBS
2023-11-16 07:00:00,66800.0,66900.0,65400.0,66000.0,1450600,KBS
2023-11-17 07:00:00,66700.0,67000.0,63400.0,64100.0,2889900,KBS
2023-11-20 07:00:00,62700.0,65000.0,62700.0,63600.0,1336400,KBS
2023-11-21 07:00:00,64900.0,64900.0,63600.0,64600.0,1393000,KBS
2023-11-22 07:00:00,64700.0,65500.0,63600.0,64900.0,1764000,KBS
2023-11-23 07:00:00,65500.0,65500.0,63300.0,63300.0,1594500,KBS
2023-11-24 07:00:00,63400.0,63500.0,60600.0,61800.0,2092400,KBS
2023-11-27 07:00:00,62000.0,62300.0,60900.0,60900.0,1253800,KBS
2023-11-28 07:00:00,60900.0,61800.0,59900.0,61300.0,1182700,KBS
2023-11-29 07:00:00,61500.0,63000.0,61500.0,62900.0,1595200,KBS
2023-11-30 07:00:00,62200.0,62900.0,60500.0,60500.0,2262200,KBS
2023-12-01 07:00:00,61000.0,61800.0,60800.0,61500.0,1080400,KBS
2023-12-04 07:00:00,61500.0,63000.0,61500.0,62200.0,1303600,KBS
2023-12-05 07:00:00,62300.0,62400.0,61400.0,61400.0,1426500,KBS
2023-12-06 07:00:00,61400.0,62300.0,61400.0,62100.0,1534400,KBS
2023-12-07 07:00:00,62200.0,64200.0,62100.0,63500.0,3977500,KBS
2023-12-08 07:00:00,63500.0,66900.0,63500.0,66200.0,5420600,KBS
2023-12-11 07:00:00,66800.0,68000.0,66700.0,67500.0,2893500,KBS
2023-12-12 07:00:00,67700.0,67700.0,65700.0,66200.0,3134200,KBS
2023-12-13 07:00:00,66500.0,67400.0,65700.0,65800.0,2727000,KBS
2023-12-14 07:00:00,66300.0,66500.0,64800.0,65000.0,1750100,KBS
2023-12-15 07:00:00,65000.0,65000.0,63000.0,63000.0,4208100,KBS
2023-12-18 07:00:00,63200.0,63800.0,62600.0,62900.0,1640800,KBS
2023-12-19 07:00:00,62900.0,63500.0,61800.0,62200.0,2055200,KBS
2023-12-20 07:00:00,62800.0,64000.0,62500.0,63900.0,1625900,KBS
2023-12-21 07:00:00,63000.0,64400.0,63000.0,63700.0,1375900,KBS
2023-12-22 07:00:00,64000.0,64200.0,63000.0,63000.0,2188600,KBS
2023-12-25 07:00:00,63200.0,66500.0,63200.0,66400.0,3234900,KBS
2023-12-26 07:00:00,66900.0,66900.0,65600.0,66200.0,2681200,KBS
2023-12-27 07:00:00,66200.0,67900.0,66000.0,67000.0,2866200,KBS
2023-12-28 07:00:00,67100.0,67600.0,66600.0,67000.0,1859800,KBS
2023-12-29 07:00:00,67100.0,68300.0,67000.0,67000.0,2217700,KBS
2024-01-02 07:00:00,67700.0,69300.0,67300.0,68400.0,3624100,KBS
2024-01-03 07:00:00,68000.0,68900.0,67700.0,68900.0,1720500,KBS
2024-01-04 07:00:00,69000.0,69100.0,68100.0,68100.0,2526000,KBS
2024-01-05 07:00:00,68200.0,68300.0,66600.0,67900.0,3405400,KBS
2024-01-08 07:00:00,68000.0,68000.0,66600.0,66600.0,2683300,KBS
2024-01-09 07:00:00,66700.0,67400.0,66000.0,66100.0,2177500,KBS
2024-01-10 07:00:00,66200.0,67500.0,66100.0,66200.0,1883100,KBS
2024-01-11 07:00:00,66400.0,66900.0,66000.0,66100.0,2173000,KBS
2024-01-12 07:00:00,66000.0,66000.0,64800.0,64800.0,2390500,KBS
2024-01-15 07:00:00,65300.0,66100.0,65200.0,65600.0,1312000,KBS
2024-01-16 07:00:00,65600.0,67300.0,65300.0,67100.0,1938100,KBS
2024-01-17 07:00:00,67100.0,67500.0,66300.0,66300.0,1904200,KBS
2024-01-18 07:00:00,66400.0,67000.0,66400.0,66400.0,1290100,KBS
2024-01-19 07:00:00,66700.0,68400.0,66700.0,67800.0,3305300,KBS
2024-01-22 07:00:00,68500.0,68500.0,67000.0,67700.0,1775900,KBS
2024-01-23 07:00:00,67800.0,67800.0,66500.0,67500.0,2445600,KBS
2024-01-24 07:00:00,67000.0,67500.0,66200.0,66200.0,2446900,KBS
2024-01-25 07:00:00,66400.0,66800.0,66100.0,66800.0,1161400,KBS
2024-01-26 07:00:00,67000.0,67000.0,65800.0,65800.0,1936600,KBS
2024-01-29 07:00:00,66000.0,66400.0,65500.0,65600.0,1429100,KBS
2024-01-30 07:00:00,65600.0,66600.0,65600.0,66100.0,1170700,KBS
2024-01-31 07:00:00,66500.0,66600.0,64400.0,64400.0,2589000,KBS
2024-02-01 07:00:00,64400.0,65500.0,64400.0,65100.0,1692500,KBS
2024-02-02 07:00:00,65600.0,65600.0,65000.0,65400.0,1607400,KBS
2024-02-05 07:00:00,65400.0,65700.0,64700.0,64900.0,1612700,KBS
2024-02-06 07:00:00,65300.0,65300.0,64700.0,64800.0,1607300,KBS
2024-02-07 07:00:00,65000.0,65300.0,64600.0,64900.0,1352400,KBS
2024-02-15 07:00:00,65000.0,65700.0,64900.0,64900.0,2030300,KBS
2024-02-16 07:00:00,65100.0,66400.0,65100.0,66200.0,2714100,KBS
2024-02-19 07:00:00,66500.0,69400.0,66500.0,68900.0,7833600,KBS
2024-02-20 07:00:00,69700.0,69700.0,68200.0,68800.0,3375900,KBS
2024-02-21 07:00:00,68800.0,68900.0,67700.0,68000.0,3336800,KBS
2024-02-22 07:00:00,68100.0,69300.0,67800.0,68100.0,4149500,KBS
2024-02-23 07:00:00,68300.0,68900.0,66600.0,66700.0,4792400,KBS
2024-02-26 07:00:00,66700.0,67400.0,66100.0,66700.0,2921700,KBS
2024-02-27 07:00:00,66700.0,68200.0,66700.0,67600.0,3037600,KBS
2024-02-28 07:00:00,68000.0,68400.0,67700.0,68300.0,3481000,KBS
2024-02-29 07:00:00,69400.0,71500.0,69100.0,70400.0,8297600,KBS
2024-03-01 07:00:00,70400.0,71200.0,70000.0,70500.0,3757800,KBS
2024-03-04 07:00:00,70700.0,71100.0,69900.0,70800.0,5315800,KBS
2024-03-05 07:00:00,71200.0,75700.0,70900.0,75700.0,12999600,KBS
2024-03-06 07:00:00,76800.0,77800.0,75700.0,76900.0,6843400,KBS
2024-03-07 07:00:00,77000.0,80800.0,76400.0,80800.0,8721100,KBS
2024-03-08 07:00:00,81000.0,81000.0,78000.0,78500.0,7454600,KBS
2024-03-11 07:00:00,78500.0,81100.0,76600.0,77500.0,7103800,KBS
2024-03-12 07:00:00,77500.0,79400.0,77200.0,78700.0,5975700,KBS
2024-03-13 07:00:00,79000.0,81000.0,78900.0,80900.0,7035500,KBS
2024-03-14 07:00:00,81500.0,81600.0,78700.0,78900.0,6416700,KBS
2024-03-15 07:00:00,78300.0,79200.0,76800.0,78500.0,6908900,KBS
2024-03-18 07:00:00,77800.0,78900.0,73900.0,77900.0,7516900,KBS
2024-03-19 07:00:00,77900.0,79400.0,77200.0,77400.0,3129300,KBS
2024-03-20 07:00:00,77400.0,77800.0,76500.0,77300.0,4238700,KBS
2024-03-21 07:00:00,78500.0,78800.0,77600.0,78000.0,4982600,KBS
2024-03-22 07:00:00,79300.0,80900.0,78300.0,78500.0,6018700,KBS
2024-03-25 07:00:00,78000.0,78500.0,75400.0,75500.0,8724000,KBS
2024-03-26 07:00:00,75900.0,76200.0,74000.0,74000.0,6370600,KBS
2024-03-27 07:00:00,75000.0,76100.0,74100.0,75400.0,6073600,KBS
2024-03-28 07:00:00,76900.0,77700.0,75700.0,76000.0,6237000,KBS
2024-03-29 07:00:00,76500.0,76500.0,74200.0,74200.0,8324900,KBS
2024-04-01 07:00:00,74400.0,74900.0,72600.0,73400.0,7701100,KBS
2024-04-02 07:00:00,73400.0,75000.0,73300.0,74500.0,3738600,KBS
2024-04-03 07:00:00,74500.0,75400.0,73200.0,73400.0,4986800,KBS
2024-04-04 07:00:00,73100.0,74500.0,73000.0,73400.0,3739000,KBS
2024-04-05 07:00:00,72800.0,73200.0,71900.0,71900.0,5609400,KBS
2024-04-08 07:00:00,72100.0,72800.0,71700.0,71900.0,2804400,KBS
2024-04-09 07:00:00,72400.0,73500.0,72200.0,73500.0,4123400,KBS
2024-04-10 07:00:00,73500.0,73900.0,72500.0,72500.0,3030600,KBS
2024-04-11 07:00:00,71900.0,72200.0,71500.0,71800.0,3576900,KBS
2024-04-12 07:00:00,71800.0,72600.0,71700.0,71900.0,3572900,KBS
2024-04-15 07:00:00,71900.0,71900.0,66900.0,66900.0,10945300,KBS
2024-04-16 07:00:00,66900.0,67400.0,64600.0,66100.0,8049800,KBS
2024-04-17 07:00:00,66400.0,68900.0,65500.0,66800.0,7216500,KBS
2024-04-19 07:00:00,66000.0,67900.0,65900.0,66500.0,4767700,KBS
2024-04-22 07:00:00,67300.0,67500.0,66700.0,66900.0,2931700,KBS
2024-04-23 07:00:00,67700.0,67700.0,64500.0,64700.0,5047400,KBS
2024-04-24 07:00:00,65500.0,67500.0,65200.0,66900.0,3276700,KBS
2024-04-25 07:00:00,67200.0,68500.0,66200.0,68100.0,6074900,KBS
2024-04-26 07:00:00,67500.0,68300.0,67100.0,67200.0,3593000,KBS
2024-05-02 07:00:00,67800.0,68000.0,67100.0,68000.0,2279400,KBS
2024-05-03 07:00:00,68600.0,70900.0,68100.0,69800.0,7049300,KBS
2024-05-06 07:00:00,70700.0,71300.0,70100.0,71100.0,5105300,KBS
2024-05-07 07:00:00,71400.0,71500.0,70500.0,71200.0,3244000,KBS
2024-05-08 07:00:00,70900.0,73200.0,70200.0,72300.0,6123100,KBS
2024-05-09 07:00:00,72100.0,73800.0,70600.0,71400.0,7165500,KBS
2024-05-10 07:00:00,71400.0,71900.0,70600.0,70800.0,3714800,KBS
2024-05-13 07:00:00,70900.0,71700.0,70300.0,70800.0,2571500,KBS
2024-05-14 07:00:00,71000.0,71400.0,70100.0,70600.0,3692100,KBS
2024-05-15 07:00:00,72000.0,73300.0,71900.0,72200.0,6888800,KBS
2024-05-16 07:00:00,72900.0,73000.0,72000.0,72400.0,4045400,KBS
2024-05-17 07:00:00,72600.0,76000.0,72400.0,75500.0,12300700,KBS
2024-05-20 07:00:00,76500.0,77300.0,75700.0,76400.0,7869900,KBS
2024-05-21 07:00:00,76200.0,76500.0,74900.0,75800.0,5878600,KBS
2024-05-22 07:00:00,76000.0,76400.0,73800.0,73900.0,8354500,KBS
2024-05-23 07:00:00,73900.0,75800.0,73200.0,75800.0,6128100,KBS
2024-05-24 07:00:00,75500.0,76300.0,73100.0,73500.0,7669800,KBS
2024-05-27 07:00:00,73500.0,74000.0,72700.0,73500.0,3881500,KBS
2024-05-28 07:00:00,74200.0,75500.0,73800.0,75500.0,5100400,KBS
2024-05-29 07:00:00,75700.0,76900.0,75000.0,75000.0,8003700,KBS
2024-05-30 07:00:00,74300.0,77400.0,74100.0,77200.0,11161400,KBS
2024-05-31 07:00:00,78000.0,78400.0,76600.0,76600.0,5592200,KBS
2024-06-03 07:00:00,77300.0,78500.0,76800.0,77700.0,6570000,KBS
2024-06-04 07:00:00,78000.0,78000.0,77100.0,77500.0,4403700,KBS
2024-06-05 07:00:00,77500.0,79400.0,77500.0,78100.0,7549800,KBS
2024-06-06 07:00:00,78400.0,78800.0,77500.0,78100.0,4727200,KBS
2024-06-07 07:00:00,78500.0,78600.0,77000.0,77600.0,4621100,KBS
2024-06-10 07:00:00,77600.0,78000.0,76800.0,77100.0,5324000,KBS
2024-06-11 07:00:00,77200.0,77500.0,75700.0,75800.0,6573500,KBS
2024-06-12 07:00:00,76000.0,78100.0,76000.0,77800.0,5837700,KBS
2024-06-13 07:00:00,78500.0,78800.0,78000.0,78600.0,6210400,KBS
2024-06-14 07:00:00,78700.0,80300.0,78000.0,78000.0,9028100,KBS
2024-06-17 07:00:00,78000.0,78000.0,76200.0,76200.0,6242500,KBS
2024-06-18 07:00:00,76200.0,77300.0,76200.0,76200.0,4126300,KBS
2024-06-19 07:00:00,76700.0,76700.0,74900.0,75600.0,6657600,KBS
2024-06-20 07:00:00,75600.0,76200.0,75100.0,75800.0,4159400,KBS
2024-06-21 07:00:00,75800.0,77500.0,75500.0,76200.0,3974100,KBS
2024-06-24 07:00:00,75500.0,76300.0,73700.0,73700.0,8305600,KBS
2024-06-25 07:00:00,74200.0,74500.0,73600.0,73900.0,5262400,KBS
2024-06-26 07:00:00,73900.0,74500.0,73100.0,74000.0,3527400,KBS
2024-06-27 07:00:00,73900.0,75200.0,73600.0,74500.0,3765600,KBS
2024-06-28 07:00:00,74600.0,76200.0,74500.0,74700.0,6405900,KBS
2024-07-01 07:00:00,74700.0,76200.0,74700.0,76000.0,2944600,KBS
2024-07-02 07:00:00,76100.0,76800.0,76000.0,76300.0,2695600,KBS
2024-07-03 07:00:00,76500.0,76600.0,75800.0,76500.0,2551200,KBS
2024-07-04 07:00:00,76900.0,77800.0,76500.0,76800.0,6265500,KBS
2024-07-05 07:00:00,77000.0,77000.0,76300.0,76700.0,2539100,KBS
2024-07-08 07:00:00,77000.0,77000.0,75700.0,76200.0,5961700,KBS
2024-07-09 07:00:00,76200.0,76500.0,75500.0,76500.0,5982100,KBS
2024-07-10 07:00:00,76600.0,77500.0,76400.0,76800.0,5381900,KBS
2024-07-11 07:00:00,77200.0,77200.0,75800.0,75800.0,3833600,KBS
2024-07-12 07:00:00,75800.0,76100.0,74600.0,74800.0,4442000,KBS
2024-07-15 07:00:00,74800.0,75000.0,74200.0,74500.0,2888200,KBS
2024-07-16 07:00:00,74700.0,75300.0,73800.0,74000.0,4286400,KBS
2024-07-17 07:00:00,74300.0,74300.0,71000.0,71800.0,5875500,KBS
2024-07-18 07:00:00,71800.0,72300.0,70200.0,71200.0,7523700,KBS
2024-07-19 07:00:00,71500.0,71600.0,70700.0,71000.0,4785600,KBS
2024-07-22 07:00:00,71100.0,72600.0,70400.0,72200.0,4068800,KBS
2024-07-23 07:00:00,72400.0,72400.0,70100.0,71000.0,3375900,KBS
2024-07-24 07:00:00,70800.0,72200.0,70200.0,71500.0,3435000,KBS
2024-07-25 07:00:00,71100.0,71400.0,70800.0,71000.0,1645300,KBS
2024-07-26 07:00:00,71000.0,74000.0,71000.0,74000.0,7229400,KBS
2024-07-29 07:00:00,74800.0,74900.0,73700.0,74000.0,3719200,KBS
2024-07-30 07:00:00,74000.0,75300.0,73800.0,74600.0,5717400,KBS
2024-07-31 07:00:00,75000.0,75000.0,74100.0,74100.0,3565400,KBS
2024-08-01 07:00:00,74100.0,74900.0,70800.0,71800.0,7659500,KBS
2024-08-02 07:00:00,71000.0,73200.0,71000.0,72200.0,5314700,KBS
2024-08-05 07:00:00,71300.0,72700.0,70200.0,70500.0,6260600,KBS
2024-08-06 07:00:00,71000.0,73400.0,70500.0,73200.0,5272100,KBS
2024-08-07 07:00:00,73300.0,73500.0,72200.0,73000.0,3653400,KBS
2024-08-08 07:00:00,73000.0,75600.0,72700.0,74500.0,9533100,KBS
2024-08-09 07:00:00,74600.0,75300.0,74500.0,75200.0,3965800,KBS
2024-08-12 07:00:00,75500.0,76200.0,74300.0,75200.0,4458500,KBS
2024-08-13 07:00:00,75000.0,75200.0,73800.0,74800.0,4760200,KBS
2024-08-14 07:00:00,75200.0,77300.0,74900.0,76500.0,10253700,KBS
2024-08-15 07:00:00,76700.0,76700.0,75000.0,75000.0,3319900,KBS
2024-08-16 07:00:00,75400.0,77500.0,75200.0,77300.0,8146700,KBS
2024-08-19 07:00:00,77800.0,79000.0,77100.0,77800.0,5460700,KBS
2024-08-20 07:00:00,77700.0,79100.0,77500.0,77600.0,5748400,KBS
2024-08-21 07:00:00,77600.0,78500.0,77100.0,77500.0,4523300,KBS
2024-08-22 07:00:00,77700.0,79600.0,77300.0,78000.0,6729800,KBS
2024-08-23 07:00:00,78400.0,79000.0,77400.0,77900.0,4063000,KBS
2024-08-26 07:00:00,78100.0,78200.0,76200.0,76200.0,7989100,KBS
2024-08-27 07:00:00,76300.0,76800.0,75600.0,76800.0,5246000,KBS
2024-08-28 07:00:00,77000.0,77900.0,76800.0,77100.0,4558700,KBS
2024-08-29 07:00:00,77400.0,77500.0,76800.0,76900.0,1890900,KBS
2024-08-30 07:00:00,77100.0,77600.0,76500.0,76500.0,3214000,KBS
2024-09-04 07:00:00,75300.0,76000.0,75200.0,75300.0,4905100,KBS
2024-09-05 07:00:00,75200.0,75900.0,74100.0,74100.0,5019900,KBS
2024-09-06 07:00:00,74200.0,76000.0,74000.0,76000.0,4443500,KBS
2024-09-09 07:00:00,75800.0,75900.0,75100.0,75400.0,3747400,KBS
2024-09-10 07:00:00,75500.0,77000.0,75200.0,75200.0,5918100,KBS
2024-09-11 07:00:00,75200.0,75700.0,74800.0,75100.0,2637200,KBS
2024-09-12 07:00:00,75600.0,75800.0,74900.0,75100.0,1664500,KBS
2024-09-13 07:00:00,75100.0,75400.0,74200.0,74200.0,2857800,KBS
2024-09-16 07:00:00,74200.0,74600.0,72800.0,72900.0,5065500,KBS
2024-09-17 07:00:00,73000.0,74500.0,72800.0,74500.0,2785100,KBS
2024-09-18 07:00:00,74700.0,75300.0,74400.0,74400.0,2719900,KBS
2024-09-19 07:00:00,74500.0,74800.0,74000.0,74400.0,2663300,KBS
2024-09-20 07:00:00,75000.0,75700.0,74600.0,74700.0,4014300,KBS
2024-09-23 07:00:00,74700.0,75300.0,74400.0,74400.0,1836800,KBS
2024-09-24 07:00:00,74400.0,74800.0,74000.0,74800.0,3044400,KBS
2024-09-25 07:00:00,75100.0,75800.0,75100.0,75500.0,5135300,KBS
2024-09-26 07:00:00,75800.0,76400.0,75700.0,76100.0,4617400,KBS
2024-09-27 07:00:00,76300.0,76400.0,75200.0,75900.0,3725200,KBS
2024-09-30 07:00:00,75900.0,76600.0,75600.0,75700.0,3473400,KBS
2024-10-01 07:00:00,75800.0,77400.0,75800.0,76600.0,6912000,KBS
2024-10-02 07:00:00,76300.0,76500.0,76000.0,76000.0,2345800,KBS
2024-10-03 07:00:00,76000.0,77300.0,76000.0,76000.0,7165200,KBS
2024-10-04 07:00:00,76000.0,76400.0,75500.0,75600.0,3189400,KBS
2024-10-07 07:00:00,76000.0,76300.0,74500.0,74800.0,4123200,KBS
2024-10-08 07:00:00,75000.0,75400.0,74600.0,75200.0,2771300,KBS
2024-10-09 07:00:00,75300.0,77100.0,75100.0,77000.0,8346300,KBS
2024-10-10 07:00:00,78000.0,80500.0,77900.0,80000.0,19870800,KBS
2024-10-11 07:00:00,80200.0,81100.0,79500.0,81100.0,6900400,KBS
2024-10-14 07:00:00,82000.0,82100.0,80100.0,80300.0,5907400,KBS
2024-10-15 07:00:00,80300.0,81500.0,80200.0,80800.0,6647800,KBS
2024-10-16 07:00:00,80800.0,82300.0,80000.0,80400.0,8065600,KBS
2024-10-17 07:00:00,80600.0,81000.0,79300.0,81000.0,5878300,KBS
2024-10-18 07:00:00,81300.0,81400.0,80300.0,80400.0,5100500,KBS
2024-10-21 07:00:00,80100.0,81200.0,79700.0,80200.0,5181300,KBS
2024-10-22 07:00:00,80000.0,80400.0,78500.0,78900.0,7311400,KBS
2024-10-23 07:00:00,79000.0,80100.0,78300.0,79400.0,4189400,KBS
2024-10-24 07:00:00,79500.0,80600.0,78500.0,78500.0,5506000,KBS
2024-10-25 07:00:00,79100.0,79300.0,77200.0,77200.0,10132900,KBS
2024-10-28 07:00:00,77200.0,77900.0,76300.0,77900.0,5735500,KBS
2024-10-29 07:00:00,78100.0,78200.0,77300.0,78000.0,3292200,KBS
2024-10-30 07:00:00,78000.0,78100.0,76800.0,78100.0,5638600,KBS
2024-10-31 07:00:00,77300.0,77400.0,76000.0,76600.0,8540200,KBS
2024-11-01 07:00:00,76100.0,76400.0,74200.0,74500.0,13047900,KBS
2024-11-04 07:00:00,74500.0,74700.0,73100.0,73200.0,8323700,KBS
2024-11-05 07:00:00,73200.0,73700.0,73000.0,73100.0,4967700,KBS
2024-11-06 07:00:00,73500.0,74400.0,73300.0,74200.0,6268000,KBS
2024-11-07 07:00:00,74300.0,74400.0,73300.0,73300.0,4433800,KBS
2024-11-08 07:00:00,73300.0,73600.0,72200.0,72300.0,7811800,KBS
2024-11-11 07:00:00,72300.0,73700.0,71300.0,73500.0,8239800,KBS
2024-11-12 07:00:00,73500.0,73900.0,72400.0,72500.0,3990400,KBS
2024-11-13 07:00:00,72300.0,73100.0,71900.0,73000.0,4122600,KBS
2024-11-14 07:00:00,72600.0,73200.0,71400.0,71400.0,4521100,KBS
2024-11-15 07:00:00,71100.0,71700.0,70600.0,70600.0,5685500,KBS
2024-11-18 07:00:00,70600.0,71100.0,69300.0,70300.0,5225100,KBS
2024-11-19 07:00:00,70600.0,71400.0,70000.0,70000.0,3920200,KBS
2024-11-20 07:00:00,69900.0,70900.0,69100.0,70300.0,3919900,KBS
2024-11-21 07:00:00,70500.0,71500.0,70100.0,71300.0,3799900,KBS
2024-11-22 07:00:00,71300.0,71600.0,70800.0,71000.0,3658600,KBS
2024-11-25 07:00:00,71200.0,72500.0,71000.0,72200.0,4915500,KBS
2024-11-26 07:00:00,72300.0,73100.0,72100.0,72700.0,4756300,KBS
2024-11-27 07:00:00,72500.0,72900.0,72400.0,72700.0,2239300,KBS
2024-11-28 07:00:00,72900.0,73000.0,72200.0,72400.0,3106100,KBS
2024-11-29 07:00:00,72500.0,73600.0,72200.0,73200.0,4424300,KBS
2024-12-02 07:00:00,73200.0,73500.0,72500.0,72600.0,2724700,KBS
2024-12-03 07:00:00,72400.0,73000.0,72400.0,72700.0,2928400,KBS
2024-12-04 07:00:00,72500.0,72500.0,71400.0,72100.0,4106400,KBS
2024-12-05 07:00:00,71900.0,73700.0,71800.0,73700.0,5390800,KBS
2024-12-06 07:00:00,74100.0,74200.0,73200.0,73400.0,5635400,KBS
2024-12-09 07:00:00,73400.0,73600.0,73100.0,73200.0,2810900,KBS
2024-12-10 07:00:00,73000.0,73300.0,72700.0,72700.0,2512300,KBS
2024-12-11 07:00:00,73000.0,73700.0,72200.0,72700.0,2857600,KBS
2024-12-12 07:00:00,72500.0,72700.0,72100.0,72100.0,2674500,KBS
2024-12-13 07:00:00,72000.0,72000.0,71000.0,71100.0,3536600,KBS
2024-12-16 07:00:00,71200.0,71700.0,70900.0,71100.0,2462600,KBS
2024-12-17 07:00:00,71000.0,71300.0,71000.0,71000.0,1652300,KBS
2024-12-18 07:00:00,71100.0,71400.0,71000.0,71400.0,2486900,KBS
2024-12-19 07:00:00,71000.0,71200.0,70300.0,70400.0,3513100,KBS
2024-12-20 07:00:00,70500.0,70600.0,70000.0,70300.0,2753800,KBS
2024-12-23 07:00:00,70900.0,71000.0,70300.0,70300.0,1755400,KBS
2024-12-24 07:00:00,70400.0,70600.0,69900.0,70200.0,3833400,KBS
2024-12-25 07:00:00,70200.0,71200.0,70200.0,70700.0,3713100,KBS
2024-12-26 07:00:00,71100.0,71300.0,70500.0,70500.0,2134200,KBS
2024-12-27 07:00:00,70500.0,71100.0,70400.0,70400.0,2398100,KBS
2024-12-30 07:00:00,70300.0,70800.0,70000.0,70100.0,1654300,KBS
2024-12-31 07:00:00,70200.0,70800.0,70000.0,70000.0,2800400,KBS
2025-01-02 07:00:00,70100.0,70900.0,70000.0,70800.0,2326400,KBS
2025-01-03 07:00:00,70800.0,70800.0,69600.0,69700.0,2679200,KBS
2025-01-06 07:00:00,69800.0,70200.0,67200.0,67200.0,5156900,KBS
2025-01-07 07:00:00,67300.0,68200.0,66500.0,66800.0,5735600,KBS
2025-01-08 07:00:00,66900.0,68000.0,66600.0,67700.0,2812900,KBS
2025-01-09 07:00:00,67800.0,68100.0,66800.0,67300.0,1886700,KBS
2025-01-10 07:00:00,67300.0,67400.0,65500.0,65500.0,2905200,KBS
2025-01-13 07:00:00,65400.0,65500.0,64400.0,65000.0,3672000,KBS
2025-01-14 07:00:00,65000.0,65300.0,63700.0,63700.0,3586600,KBS
2025-01-15 07:00:00,64500.0,66400.0,64000.0,65800.0,4159100,KBS
2025-01-16 07:00:00,66500.0,66500.0,65300.0,66300.0,2458700,KBS
2025-01-17 07:00:00,66300.0,66400.0,65700.0,65900.0,1689700,KBS
2025-01-20 07:00:00,66000.0,66300.0,65500.0,65500.0,1814200,KBS
2025-01-21 07:00:00,65600.0,66400.0,65400.0,65700.0,2258500,KBS
2025-01-22 07:00:00,65800.0,66200.0,65200.0,65200.0,2338800,KBS
2025-01-23 07:00:00,65300.0,66100.0,65200.0,65400.0,3685200,KBS
2025-01-24 07:00:00,65500.0,68000.0,65400.0,68000.0,6680300,KBS
2025-02-03 07:00:00,67800.0,68400.0,67000.0,68000.0,4360300,KBS
2025-02-04 07:00:00,68100.0,68800.0,68100.0,68600.0,3948000,KBS
2025-02-05 07:00:00,68700.0,68700.0,67300.0,67500.0,4852700,KBS
2025-02-06 07:00:00,67500.0,68100.0,67200.0,67400.0,2799000,KBS
2025-02-07 07:00:00,67700.0,68000.0,67200.0,67700.0,2265600,KBS
2025-02-10 07:00:00,67800.0,69700.0,67800.0,68800.0,6909800,KBS
2025-02-11 07:00:00,68800.0,68900.0,68100.0,68700.0,2435600,KBS
2025-02-12 07:00:00,68700.0,69100.0,68300.0,69000.0,2088500,KBS
2025-02-13 07:00:00,68800.0,69000.0,68300.0,68900.0,1824000,KBS
2025-02-14 07:00:00,69200.0,69400.0,67800.0,68100.0,2983400,KBS
2025-02-17 07:00:00,68100.0,68400.0,66200.0,66400.0,5693000,KBS
2025-02-18 07:00:00,66400.0,67200.0,66000.0,66400.0,2602400,KBS
2025-02-19 07:00:00,66600.0,67700.0,66600.0,67700.0,3261800,KBS
2025-02-20 07:00:00,68000.0,68000.0,67500.0,68000.0,2935400,KBS
2025-02-21 07:00:00,68000.0,68000.0,67200.0,67600.0,2315500,KBS
2025-02-24 07:00:00,67200.0,67700.0,66800.0,67600.0,3245600,KBS
2025-02-25 07:00:00,67800.0,68900.0,67800.0,68400.0,5119200,KBS
2025-02-26 07:00:00,68400.0,68600.0,68000.0,68300.0,2082800,KBS
2025-02-27 07:00:00,68500.0,69300.0,68200.0,68400.0,4565500,KBS
2025-02-28 07:00:00,68400.0,68500.0,67500.0,67700.0,3925400,KBS
2025-03-03 07:00:00,67800.0,68400.0,67700.0,68000.0,2758100,KBS
2025-03-04 07:00:00,68000.0,69100.0,67400.0,69100.0,5946400,KBS
2025-03-05 07:00:00,69300.0,70200.0,68200.0,68200.0,6222600,KBS
2025-03-06 07:00:00,68400.0,69200.0,68200.0,69200.0,4342500,KBS
2025-03-07 07:00:00,69200.0,70000.0,68400.0,69000.0,4410100,KBS
2025-03-10 07:00:00,69000.0,69900.0,68700.0,68900.0,5117800,KBS
2025-03-11 07:00:00,68200.0,68900.0,68100.0,68900.0,4533500,KBS
2025-03-12 07:00:00,68900.0,69700.0,68700.0,68700.0,4987800,KBS
2025-03-13 07:00:00,68700.0,71200.0,68700.0,70400.0,11573600,KBS
2025-03-14 07:00:00,70500.0,71900.0,70400.0,71100.0,7301100,KBS
2025-03-17 07:00:00,71400.0,71400.0,70300.0,70500.0,4528900,KBS
2025-03-18 07:00:00,70700.0,71300.0,69600.0,69600.0,6175200,KBS
2025-03-19 07:00:00,69500.0,69600.0,68500.0,68500.0,6651600,KBS
2025-03-20 07:00:00,68500.0,69100.0,68200.0,68400.0,3437000,KBS
2025-03-21 07:00:00,68600.0,68600.0,67500.0,67900.0,3804100,KBS
2025-03-24 07:00:00,67800.0,68800.0,67800.0,68500.0,2426900,KBS
2025-03-25 07:00:00,68500.0,69000.0,68100.0,68500.0,2767600,KBS
2025-03-26 07:00:00,68600.0,69600.0,68300.0,68300.0,3801800,KBS
2025-03-27 07:00:00,68600.0,70700.0,68500.0,69400.0,7235300,KBS
2025-03-28 07:00:00,69400.0,69600.0,68300.0,68500.0,3797400,KBS
2025-03-31 07:00:00,68500.0,69700.0,66800.0,66800.0,6976700,KBS
2025-04-01 07:00:00,67800.0,67800.0,65600.0,66200.0,6498900,KBS
2025-04-02 07:00:00,66700.0,67000.0,66000.0,66000.0,3637800,KBS
2025-04-03 07:00:00,63000.0,63900.0,61400.0,61400.0,10609500,KBS
2025-04-04 07:00:00,57200.0,58700.0,57200.0,58000.0,14296500,KBS
2025-04-08 07:00:00,55100.0,56800.0,54000.0,54000.0,5452200,KBS
2025-04-09 07:00:00,50300.0,52900.0,50300.0,50300.0,13474100,KBS
2025-04-10 07:00:00,53800.0,53800.0,53800.0,53800.0,491600,KBS
2025-04-11 07:00:00,55400.0,57500.0,53100.0,57100.0,14118700,KBS
2025-04-14 07:00:00,57700.0,60300.0,56900.0,60000.0,7927500,KBS
2025-04-15 07:00:00,59000.0,60900.0,58100.0,58500.0,6076700,KBS
2025-04-16 07:00:00,58300.0,58800.0,56400.0,56400.0,6391100,KBS
2025-04-17 07:00:00,55000.0,57600.0,55000.0,57300.0,4980400,KBS
2025-04-18 07:00:00,57900.0,59000.0,57900.0,58000.0,3630300,KBS
2025-04-21 07:00:00,58000.0,58500.0,56900.0,58100.0,3787400,KBS
2025-04-22 07:00:00,57500.0,59100.0,54100.0,58700.0,9268700,KBS
2025-04-23 07:00:00,59700.0,59900.0,58900.0,59600.0,5295500,KBS
2025-04-24 07:00:00,60000.0,60000.0,58300.0,59900.0,4948200,KBS
2025-04-25 07:00:00,60000.0,62000.0,59900.0,62000.0,10545400,KBS
2025-04-28 07:00:00,62400.0,62500.0,61000.0,62500.0,4247600,KBS
2025-04-29 07:00:00,61800.0,62500.0,61800.0,62500.0,3854100,KBS
2025-05-05 07:00:00,62700.0,62800.0,61600.0,62500.0,2950500,KBS
2025-05-06 07:00:00,62400.0,62400.0,61800.0,62000.0,3955400,KBS
2025-05-07 07:00:00,61600.0,61800.0,60900.0,60900.0,3353100,KBS
2025-05-08 07:00:00,61000.0,63000.0,60700.0,63000.0,4439500,KBS
2025-05-09 07:00:00,63000.0,63000.0,62200.0,62800.0,3321700,KBS
2025-05-12 07:00:00,62800.0,63300.0,62000.0,62000.0,3820500,KBS
2025-05-13 07:00:00,62400.0,63200.0,62100.0,62100.0,4735700,KBS
2025-05-14 07:00:00,62300.0,63700.0,62200.0,62300.0,5676400,KBS
2025-05-15 07:00:00,62600.0,63500.0,62400.0,62800.0,5773200,KBS
2025-05-16 07:00:00,62600.0,63000.0,61700.0,62500.0,5901500,KBS
2025-05-19 07:00:00,62400.0,62400.0,61400.0,62000.0,6012400,KBS
2025-05-20 07:00:00,62000.0,63100.0,61500.0,62700.0,5378500,KBS
2025-05-21 07:00:00,63100.0,64300.0,63100.0,63600.0,8645400,KBS
2025-05-22 07:00:00,63600.0,64600.0,63200.0,64000.0,7955100,KBS
2025-05-23 07:00:00,64000.0,64300.0,62700.0,63200.0,4290900,KBS
2025-05-26 07:00:00,63200.0,63800.0,61500.0,63800.0,4405400,KBS
2025-05-27 07:00:00,63900.0,64800.0,63500.0,64000.0,4747700,KBS
2025-05-28 07:00:00,64100.0,64500.0,63500.0,63900.0,4017900,KBS
2025-05-29 07:00:00,64100.0,64200.0,62900.0,63400.0,3507500,KBS
2025-05-30 07:00:00,63000.0,63100.0,62000.0,62000.0,4024000,KBS
2025-06-02 07:00:00,62000.0,62500.0,61700.0,62100.0,2287700,KBS
2025-06-03 07:00:00,62300.0,63600.0,62300.0,63300.0,4281300,KBS
2025-06-04 07:00:00,63500.0,64400.0,63000.0,64100.0,6891000,KBS
2025-06-05 07:00:00,64400.0,65800.0,63900.0,65800.0,11745400,KBS
2025-06-06 07:00:00,65900.0,66400.0,64700.0,65000.0,4122600,KBS
2025-06-09 07:00:00,65000.0,65000.0,63500.0,64100.0,5031500,KBS
2025-06-10 07:00:00,64500.0,65500.0,64100.0,64800.0,5622000,KBS
2025-06-11 07:00:00,64800.0,65200.0,64100.0,64800.0,2850500,KBS
2025-06-12 07:00:00,65300.0,66000.0,65200.0,65800.0,6866200,KBS
2025-06-13 07:00:00,65000.0,65400.0,64300.0,65400.0,5911100,KBS
2025-06-16 07:00:00,65700.0,67000.0,65400.0,66800.0,7846900,KBS
2025-06-17 07:00:00,67000.0,67900.0,66200.0,67900.0,5760000,KBS
2025-06-18 07:00:00,67900.0,67900.0,66600.0,67500.0,5472800,KBS
2025-06-19 07:00:00,67000.0,67500.0,66100.0,67500.0,5629600,KBS
2025-06-20 07:00:00,67400.0,67600.0,66800.0,67500.0,6005100,KBS
2025-06-23 07:00:00,66800.0,68000.0,66200.0,68000.0,5818700,KBS
2025-06-24 07:00:00,68900.0,69300.0,68300.0,69200.0,6555800,KBS
2025-06-25 07:00:00,69700.0,70400.0,69100.0,70300.0,7935800,KBS
2025-06-26 07:00:00,70400.0,72000.0,70200.0,72000.0,8616800,KBS
2025-06-27 07:00:00,72300.0,76900.0,72000.0,76800.0,14084900,KBS
2025-06-30 07:00:00,76600.0,77400.0,76000.0,76800.0,8361100,KBS
2025-07-01 07:00:00,76200.0,76700.0,74900.0,75200.0,6823100,KBS
2025-07-02 07:00:00,75000.0,76300.0,74600.0,75200.0,4787500,KBS
2025-07-03 07:00:00,74800.0,76300.0,74100.0,74500.0,5988200,KBS
2025-07-04 07:00:00,74700.0,75000.0,73700.0,74600.0,4470400,KBS
2025-07-07 07:00:00,75000.0,75700.0,74300.0,74800.0,5874900,KBS
2025-07-08 07:00:00,74900.0,76200.0,74600.0,75600.0,7088700,KBS
2025-07-09 07:00:00,76500.0,76500.0,75400.0,75800.0,7231700,KBS
2025-07-10 07:00:00,76000.0,78400.0,75900.0,76900.0,12326900,KBS
2025-07-11 07:00:00,76800.0,77500.0,76100.0,76500.0,8284200,KBS
2025-07-14 07:00:00,76900.0,77100.0,74600.0,75300.0,6527400,KBS
2025-07-15 07:00:00,75300.0,76700.0,74500.0,74500.0,8071700,KBS
2025-07-16 07:00:00,74300.0,75500.0,74000.0,75000.0,6128400,KBS
2025-07-17 07:00:00,75800.0,77300.0,75600.0,76200.0,10772700,KBS
2025-07-18 07:00:00,76500.0,81000.0,76500.0,79100.0,14574300,KBS
2025-07-21 07:00:00,79600.0,79800.0,77500.0,77500.0,7866900,KBS
2025-07-22 07:00:00,77300.0,78400.0,76600.0,77700.0,7375500,KBS
2025-07-23 07:00:00,78700.0,79300.0,77200.0,77300.0,8228200,KBS
2025-07-24 07:00:00,77500.0,77500.0,75400.0,76000.0,16440600,KBS
2025-07-25 07:00:00,76000.0,77200.0,75500.0,75800.0,8684800,KBS
2025-07-28 07:00:00,76200.0,78600.0,75900.0,77600.0,12672700,KBS
2025-07-29 07:00:00,78500.0,78500.0,72200.0,72200.0,16023900,KBS
2025-07-30 07:00:00,73000.0,73500.0,71000.0,73000.0,9483500,KBS
2025-07-31 07:00:00,73100.0,73400.0,70800.0,72500.0,9176600,KBS
2025-08-01 07:00:00,72300.0,72500.0,71100.0,72500.0,5598500,KBS
2025-08-04 07:00:00,72100.0,74000.0,71800.0,73900.0,5917800,KBS
2025-08-05 07:00:00,74000.0,77200.0,73500.0,74600.0,18436200,KBS
2025-08-06 07:00:00,75600.0,76800.0,75200.0,76000.0,9656300,KBS
2025-08-07 07:00:00,76400.0,77800.0,75800.0,76200.0,9815900,KBS
2025-08-08 07:00:00,76500.0,77700.0,75600.0,76700.0,11377400,KBS
2025-08-11 07:00:00,77900.0,82000.0,77800.0,82000.0,29731100,KBS
2025-08-12 07:00:00,85000.0,86000.0,82300.0,83600.0,13213200,KBS
2025-08-13 07:00:00,84400.0,87400.0,82100.0,85900.0,24211400,KBS
2025-08-14 07:00:00,86600.0,86800.0,83800.0,84800.0,13527300,KBS
2025-08-15 07:00:00,84800.0,86200.0,82700.0,83100.0,13662000,KBS
2025-08-18 07:00:00,83100.0,84400.0,83000.0,83900.0,8972500,KBS
2025-08-19 07:00:00,84500.0,86500.0,83200.0,85000.0,14531000,KBS
2025-08-20 07:00:00,86800.0,87400.0,81000.0,83900.0,19059400,KBS
2025-08-21 07:00:00,83900.0,84800.0,83300.0,84300.0,9701000,KBS
2025-08-22 07:00:00,83000.0,83400.0,79700.0,81000.0,18642000,KBS
2025-08-25 07:00:00,81300.0,81800.0,78300.0,79500.0,10287200,KBS
2025-08-26 07:00:00,78700.0,81100.0,78200.0,81100.0,8579900,KBS
2025-08-27 07:00:00,81300.0,82800.0,81200.0,82200.0,8098600,KBS
2025-08-28 07:00:00,82500.0,83300.0,81900.0,83100.0,6539900,KBS
2025-08-29 07:00:00,83200.0,83600.0,82200.0,83000.0,7420100,KBS
2025-09-03 07:00:00,83500.0,85300.0,82900.0,83000.0,9531800,KBS
2025-09-04 07:00:00,83500.0,85300.0,82000.0,84800.0,13228500,KBS
2025-09-05 07:00:00,86300.0,87400.0,83000.0,83000.0,12005700,KBS
2025-09-08 07:00:00,82600.0,83300.0,80000.0,81000.0,13945500,KBS
2025-09-09 07:00:00,81000.0,81300.0,79800.0,81000.0,6003800,KBS
2025-09-10 07:00:00,81400.0,81400.0,80000.0,81000.0,4256100,KBS
2025-09-11 07:00:00,80800.0,82300.0,79100.0,82000.0,10202400,KBS
2025-09-12 07:00:00,82300.0,86900.0,81600.0,86000.0,21808200,KBS
2025-09-15 07:00:00,86800.0,89000.0,86300.0,88500.0,16596700,KBS
2025-09-16 07:00:00,89000.0,89000.0,86800.0,86800.0,13155500,KBS
2025-09-17 07:00:00,86600.0,86900.0,84200.0,84200.0,11516500,KBS
2025-09-18 07:00:00,84400.0,85200.0,83500.0,84000.0,6725200,KBS
2025-09-19 07:00:00,84600.0,84700.0,83300.0,83900.0,10383000,KBS
2025-09-22 07:00:00,83900.0,84000.0,81000.0,81900.0,8824400,KBS
2025-09-23 07:00:00,81900.0,82600.0,81500.0,81900.0,3808100,KBS
2025-09-24 07:00:00,82000.0,83700.0,81100.0,82900.0,5235500,KBS
2025-09-25 07:00:00,83500.0,83600.0,82200.0,82200.0,4585800,KBS
2025-09-26 07:00:00,82200.0,83500.0,82000.0,82200.0,6728100,KBS
2025-09-29 07:00:00,82200.0,82500.0,81300.0,81800.0,4298200,KBS
2025-09-30 07:00:00,82000.0,82000.0,80500.0,81000.0,4726100,KBS
2025-10-01 07:00:00,81100.0,82300.0,81100.0,81300.0,3192800,KBS
2025-10-02 07:00:00,81500.0,82100.0,81000.0,81500.0,3777300,KBS
2025-10-03 07:00:00,81200.0,81200.0,79400.0,80000.0,6475000,KBS
2025-10-06 07:00:00,81400.0,83300.0,81000.0,83000.0,8979600,KBS
2025-10-07 07:00:00,83300.0,83400.0,82500.0,82500.0,5203300,KBS
2025-10-08 07:00:00,83700.0,84400.0,82600.0,82600.0,11323000,KBS
2025-10-09 07:00:00,82900.0,84200.0,82700.0,83100.0,7329600,KBS
2025-10-10 07:00:00,83500.0,84200.0,83000.0,84100.0,13452100,KBS
2025-10-13 07:00:00,83600.0,85800.0,83600.0,85000.0,12632300,KBS
2025-10-14 07:00:00,85600.0,85600.0,82500.0,82500.0,12780300,KBS
2025-10-15 07:00:00,83000.0,83700.0,82500.0,82500.0,6589100,KBS
2025-10-16 07:00:00,85000.0,88200.0,84800.0,88200.0,17212400,KBS
2025-10-17 07:00:00,91400.0,94000.0,88000.0,88000.0,32812700,KBS
2025-10-20 07:00:00,87000.0,88800.0,81900.0,81900.0,31684600,KBS
2025-10-21 07:00:00,79900.0,80000.0,76200.0,78000.0,28573200,KBS
2025-10-22 07:00:00,79900.0,80600.0,77400.0,79000.0,13805300,KBS
2025-10-23 07:00:00,79600.0,80000.0,77600.0,78200.0,9732300,KBS
2025-10-24 07:00:00,77900.0,79500.0,75700.0,79300.0,13522400,KBS
2025-10-27 07:00:00,79600.0,79800.0,77400.0,78500.0,7509000,KBS
2025-10-28 07:00:00,78600.0,79000.0,76200.0,79000.0,7889400,KBS
2025-10-29 07:00:00,79100.0,80600.0,78500.0,79200.0,8381100,KBS
2025-10-30 07:00:00,79700.0,80600.0,79300.0,79300.0,6826300,KBS
2025-10-31 07:00:00,79400.0,80800.0,79000.0,79600.0,6477800,KBS
2025-11-03 07:00:00,79600.0,79800.0,77000.0,77000.0,7670000,KBS
2025-11-04 07:00:00,76800.0,80500.0,74400.0,80000.0,12598000,KBS
2025-11-05 07:00:00,79900.0,81500.0,79100.0,80200.0,8834200,KBS
2025-11-06 07:00:00,80100.0,80100.0,78800.0,78800.0,4652600,KBS
2025-11-07 07:00:00,78200.0,79700.0,76800.0,76800.0,7306800,KBS
2025-11-10 07:00:00,77100.0,78300.0,76000.0,76000.0,5025900,KBS
2025-11-11 07:00:00,76500.0,78900.0,76400.0,78200.0,7667500,KBS
2025-11-12 07:00:00,78500.0,79500.0,78300.0,79200.0,5010800,KBS
2025-11-13 07:00:00,79300.0,79700.0,78900.0,79000.0,4590600,KBS
2025-11-14 07:00:00,78600.0,79300.0,77600.0,78000.0,5137900,KBS
2025-11-17 07:00:00,78800.0,80000.0,78300.0,79700.0,5528700,KBS
2025-11-18 07:00:00,79800.0,80300.0,78500.0,79000.0,4594500,KBS
2025-11-19 07:00:00,79000.0,79600.0,78500.0,78800.0,3470500,KBS
2025-11-20 07:00:00,78900.0,79100.0,78500.0,78500.0,3398600,KBS
2025-11-21 07:00:00,78400.0,78400.0,77200.0,77500.0,4020000,KBS
2025-11-24 07:00:00,77700.0,79000.0,77700.0,77800.0,3380300,KBS
2025-11-25 07:00:00,78000.0,78700.0,77000.0,77000.0,3736600,KBS
2025-11-26 07:00:00,77500.0,78600.0,77300.0,78600.0,3197800,KBS
2025-11-27 07:00:00,78900.0,79800.0,78400.0,78500.0,4485400,KBS
2025-11-28 07:00:00,78800.0,79000.0,77400.0,77400.0,4238900,KBS
2025-12-01 07:00:00,77800.0,79200.0,77700.0,78800.0,5362600,KBS
2025-12-02 07:00:00,78900.0,79500.0,78000.0,78600.0,4648900,KBS
2025-12-03 07:00:00,79200.0,81200.0,78900.0,80600.0,12175800,KBS
2025-12-04 07:00:00,81300.0,81300.0,79900.0,79900.0,5309300,KBS
2025-12-05 07:00:00,80200.0,80600.0,78200.0,78200.0,6658500,KBS
2025-12-08 07:00:00,78000.0,78800.0,77900.0,77900.0,4073000,KBS
2025-12-09 07:00:00,77900.0,78000.0,76600.0,77000.0,6841600,KBS
2025-12-10 07:00:00,77100.0,77400.0,76600.0,77000.0,3186100,KBS
2025-12-11 07:00:00,77400.0,77600.0,76000.0,76100.0,3520000,KBS
2025-12-12 07:00:00,76500.0,76600.0,73100.0,73500.0,8979200,KBS
2025-12-15 07:00:00,73200.0,74300.0,73000.0,73500.0,4188700,KBS
2025-12-16 07:00:00,73900.0,75200.0,73000.0,74500.0,4400000,KBS
2025-12-17 07:00:00,74600.0,75000.0,74000.0,74000.0,3573600,KBS
2025-12-18 07:00:00,74400.0,74400.0,73500.0,74000.0,3135400,KBS
2025-12-19 07:00:00,74300.0,75800.0,74000.0,75800.0,4350100,KBS
2025-12-22 07:00:00,76000.0,76200.0,75500.0,76000.0,3463700,KBS
2025-12-23 07:00:00,76300.0,77300.0,75600.0,76100.0,5203600,KBS
2025-12-24 07:00:00,75600.0,76200.0,75100.0,76200.0,3229900,KBS
2025-12-25 07:00:00,76500.0,77000.0,76000.0,76300.0,3230800,KBS
2025-12-26 07:00:00,76000.0,76000.0,73100.0,75300.0,6065600,KBS
2025-12-29 07:00:00,75300.0,75500.0,74600.0,75500.0,2513400,KBS
2025-12-30 07:00:00,75700.0,76900.0,75500.0,76900.0,4153700,KBS
2025-12-31 07:00:00,76700.0,77200.0,76100.0,77000.0,4728800,KBS
2026-01-05 07:00:00,76900.0,77000.0,75000.0,76800.0,4140400,KBS
2026-01-06 07:00:00,76700.0,77200.0,75900.0,77000.0,3765300,KBS
2026-01-07 07:00:00,77100.0,78400.0,76700.0,78400.0,8379800,KBS
2026-01-08 07:00:00,79000.0,79000.0,77700.0,78300.0,4525700,KBS
2026-01-09 07:00:00,78500.0,78600.0,76500.0,76500.0,5786600,KBS
2026-01-12 07:00:00,76600.0,78800.0,75900.0,78600.0,8295600,KBS
2026-01-13 07:00:00,79500.0,82200.0,79300.0,79300.0,10133600,KBS
2026-01-14 07:00:00,79100.0,82000.0,78600.0,80600.0,13858700,KBS
2026-01-15 07:00:00,80500.0,82500.0,79800.0,81000.0,9103300,KBS
2026-01-16 07:00:00,81300.0,85500.0,79900.0,81400.0,15818700,KBS
2026-01-19 07:00:00,82100.0,82300.0,80200.0,80200.0,6226700,KBS
2026-01-20 07:00:00,80200.0,81400.0,79100.0,80000.0,11205300,KBS
2026-01-21 07:00:00,79000.0,79900.0,78500.0,79900.0,6385500,KBS
2026-01-22 07:00:00,79600.0,80600.0,79100.0,79900.0,5049500,KBS
2026-01-23 07:00:00,80000.0,80200.0,79000.0,79000.0,4123600,KBS
2026-01-26 07:00:00,79100.0,79500.0,76000.0,77300.0,5784500,KBS
2026-01-27 07:00:00,77400.0,77500.0,76700.0,76700.0,3805800,KBS
2026-01-28 07:00:00,77200.0,79500.0,77100.0,79500.0,8819900,KBS
2026-01-29 07:00:00,80300.0,85000.0,80200.0,84100.0,24722400,KBS
2026-01-30 07:00:00,84600.0,85000.0,83300.0,84000.0,10777800,KBS
2026-02-02 07:00:00,83900.0,85500.0,82200.0,83800.0,11833900,KBS
2026-02-03 07:00:00,84500.0,84800.0,83300.0,83800.0,8426800,KBS
2026-02-04 07:00:00,84100.0,84900.0,82500.0,82700.0,8323300,KBS
2026-02-05 07:00:00,82800.0,82900.0,79400.0,79400.0,10434400,KBS
2026-02-06 07:00:00,78400.0,79500.0,77700.0,78200.0,9419400,KBS
2026-02-09 07:00:00,79000.0,79200.0,78000.0,78200.0,3681100,KBS
2026-02-10 07:00:00,78200.0,78400.0,75600.0,76800.0,6018600,KBS
2026-02-11 07:00:00,77300.0,78600.0,76900.0,78000.0,5600000,KBS
2026-02-12 07:00:00,78400.0,78400.0,78000.0,78000.0,2759900,KBS
2026-02-13 07:00:00,78000.0,78300.0,77700.0,78000.0,3963900,KBS
2026-02-23 07:00:00,78800.0,79200.0,78300.0,79200.0,3791500,KBS
2026-02-24 07:00:00,79300.0,80900.0,78600.0,80900.0,8479700,KBS
2026-02-25 07:00:00,81300.0,81600.0,80300.0,80300.0,5852200,KBS
2026-02-26 07:00:00,80700.0,81200.0,79900.0,80400.0,4991400,KBS
2026-02-27 07:00:00,80500.0,80600.0,79000.0,79000.0,5053900,KBS
2026-03-02 07:00:00,77800.0,80700.0,77300.0,78400.0,10248500,KBS
2026-03-03 07:00:00,79200.0,79700.0,77000.0,77000.0,7767900,KBS
2026-03-04 07:00:00,77100.0,77600.0,74000.0,76000.0,11189700,KBS
2026-03-05 07:00:00,76800.0,77500.0,75300.0,75300.0,6074200,KBS
2026-03-06 07:00:00,74900.0,75000.0,73200.0,73300.0,7955900,KBS
2026-03-09 07:00:00,68200.0,70000.0,68200.0,68200.0,4325700,KBS
2026-03-10 07:00:00,69000.0,69800.0,66100.0,68300.0,13574400,KBS
2026-03-11 07:00:00,69300.0,73000.0,69100.0,73000.0,10575800,KBS
2026-03-12 07:00:00,73200.0,74500.0,71800.0,73100.0,8489100,KBS
2026-03-13 07:00:00,73400.0,74700.0,72700.0,73900.0,8344100,KBS
2026-03-16 07:00:00,74700.0,75200.0,73400.0,73500.0,4578400,KBS
2026-03-17 07:00:00,74000.0,75700.0,73800.0,75400.0,8479300,KBS
2026-03-18 07:00:00,75800.0,75800.0,74000.0,75300.0,5029900,KBS
2026-03-19 07:00:00,73600.0,75700.0,73500.0,75400.0,8216000,KBS
2026-03-20 07:00:00,75100.0,75500.0,71300.0,71300.0,8880900,KBS
2026-03-23 07:00:00,70600.0,72800.0,70600.0,70800.0,8307600,KBS
2026-03-24 07:00:00,72500.0,72800.0,71700.0,72100.0,3692600,KBS
2026-03-25 07:00:00,73500.0,73500.0,72200.0,73200.0,4078200,KBS
2026-03-26 07:00:00,73000.0,73200.0,71800.0,72100.0,4014500,KBS
2026-03-27 07:00:00,72200.0,73400.0,72200.0,73300.0,4263900,KBS
2026-03-30 07:00:00,72000.0,75300.0,71800.0,74800.0,6573900,KBS
2026-03-31 07:00:00,75500.0,76400.0,75000.0,75500.0,5911100,KBS
2026-04-01 07:00:00,76800.0,77400.0,75900.0,76900.0,8282500,KBS
2026-04-02 07:00:00,76600.0,76700.0,75300.0,76100.0,5420300,KBS
2026-04-03 07:00:00,76200.0,77100.0,74800.0,75300.0,5241600,KBS
2026-04-06 07:00:00,75100.0,76200.0,74500.0,75300.0,4242400,KBS
2026-04-07 07:00:00,75400.0,75700.0,74300.0,75100.0,3191700,KBS
2026-04-08 07:00:00,77200.0,77800.0,76300.0,77700.0,10008300,KBS
2026-04-09 07:00:00,77600.0,79500.0,76800.0,78000.0,6333100,KBS
2026-04-10 07:00:00,78500.0,78700.0,77500.0,78000.0,3896000,KBS
2026-04-13 07:00:00,77200.0,77600.0,76400.0,77000.0,5031600,KBS
2026-04-14 07:00:00,77700.0,78000.0,77000.0,77600.0,4522400,KBS
2026-04-15 07:00:00,78400.0,78400.0,77000.0,77200.0,4323100,KBS
2026-04-16 07:00:00,77200.0,78800.0,76700.0,78000.0,7346700,KBS
2026-04-17 07:00:00,78300.0,82500.0,78300.0,79500.0,13601600,KBS
2026-04-20 07:00:00,80000.0,80400.0,79300.0,79800.0,5211800,KBS
2026-04-21 07:00:00,80000.0,80900.0,78800.0,79000.0,7452100,KBS
2026-04-22 07:00:00,78900.0,79200.0,78100.0,79000.0,4824100,KBS
2026-04-23 07:00:00,79200.0,79300.0,77100.0,78200.0,6071800,KBS
2026-04-24 07:00:00,79000.0,79600.0,77200.0,77200.0,7800700,KBS
2026-04-28 07:00:00,77200.0,77900.0,76700.0,77400.0,3730200,KBS
2026-04-29 07:00:00,77000.0,77400.0,76100.0,76800.0,4028900,KBS
2026-05-04 07:00:00,77200.0,77500.0,76200.0,76800.0,3381400,KBS
2026-05-05 07:00:00,76900.0,78400.0,76600.0,76600.0,4691700,KBS
2026-05-06 07:00:00,77300.0,78500.0,76900.0,78400.0,5808400,KBS
2026-05-07 07:00:00,79700.0,82300.0,79200.0,81000.0,15769900,KBS
2026-05-08 07:00:00,81000.0,82400.0,80000.0,80200.0,8819100,KBS
2026-05-11 07:00:00,80800.0,80800.0,77500.0,77500.0,8192600,KBS
2026-05-12 07:00:00,77700.0,78000.0,76600.0,77700.0,6062900,KBS
2026-05-13 07:00:00,77700.0,79300.0,77500.0,78900.0,6479900,KBS
2026-05-14 07:00:00,79300.0,79500.0,78600.0,79100.0,4324500,KBS
2026-05-15 07:00:00,79100.0,79100.0,77100.0,77500.0,4808600,KBS
2026-05-18 07:00:00,77100.0,77300.0,76400.0,76500.0,5621700,KBS
2026-05-19 07:00:00,76800.0,77400.0,76300.0,76500.0,5113200,KBS
2026-05-20 07:00:00,76400.0,76800.0,74400.0,75600.0,7861100,KBS
2026-05-21 07:00:00,76000.0,76900.0,75800.0,76200.0,3550000,KBS
2026-05-22 07:00:00,76100.0,76700.0,75600.0,76000.0,2603200,KBS
2026-05-25 07:00:00,76000.0,77300.0,75700.0,77200.0,4612600,KBS
2026-05-26 07:00:00,77300.0,77300.0,76700.0,77000.0,2637100,KBS
2026-05-27 07:00:00,77300.0,77500.0,76500.0,76500.0,3270300,KBS
2026-05-28 07:00:00,76600.0,76900.0,75500.0,75500.0,3042800,KBS
2026-05-29 07:00:00,75800.0,75800.0,74700.0,74700.0,3638900,KBS
2026-06-01 07:00:00,74800.0,75200.0,74200.0,74700.0,2089100,KBS
2026-06-02 07:00:00,74700.0,74800.0,73200.0,73200.0,3422300,KBS
2026-06-03 07:00:00,73100.0,75100.0,72600.0,75100.0,3872000,KBS
2026-06-04 07:00:00,74900.0,74900.0,73900.0,74000.0,1879100,KBS
2026-06-05 07:00:00,74300.0,74300.0,73000.0,73100.0,2864100,KBS
