date,open,high,low,close,volume,_source
2020-01-02 07:00:00,35972.0,36919.0,35877.0,36919.0,716290,KBS
2020-01-03 07:00:00,36919.0,37139.0,36351.0,36382.0,791020,KBS
2020-01-06 07:00:00,36224.0,36414.0,35972.0,36193.0,389250,KBS
2020-01-07 07:00:00,36193.0,36477.0,35751.0,36477.0,648230,KBS
2020-01-08 07:00:00,35972.0,36287.0,35593.0,35593.0,742390,KBS
2020-01-09 07:00:00,35940.0,36287.0,35783.0,36130.0,318070,KBS
2020-01-10 07:00:00,36161.0,36477.0,36067.0,36319.0,412180,KBS
2020-01-13 07:00:00,36130.0,36382.0,36003.0,36130.0,288240,KBS
2020-01-14 07:00:00,36224.0,36224.0,35909.0,35940.0,320810,KBS
2020-01-15 07:00:00,35940.0,36035.0,35877.0,35972.0,293160,KBS
2020-01-16 07:00:00,35972.0,36603.0,35940.0,36414.0,521080,KBS
2020-01-17 07:00:00,36414.0,36666.0,36414.0,36635.0,435030,KBS
2020-01-20 07:00:00,36445.0,37423.0,36445.0,37423.0,1463940,KBS
2020-01-21 07:00:00,37423.0,38023.0,37360.0,37865.0,692200,KBS
2020-01-22 07:00:00,37739.0,37897.0,37392.0,37613.0,460240,KBS
2020-01-30 07:00:00,36603.0,36950.0,35656.0,35972.0,1315710,KBS
2020-01-31 07:00:00,35656.0,36161.0,34868.0,34962.0,1434750,KBS
2020-02-03 07:00:00,34142.0,34678.0,32816.0,34331.0,1949930,KBS
2020-02-04 07:00:00,34394.0,34868.0,33574.0,34047.0,905300,KBS
2020-02-05 07:00:00,34079.0,34615.0,34079.0,34079.0,805800,KBS
2020-02-06 07:00:00,34079.0,34804.0,34079.0,34552.0,785620,KBS
2020-02-07 07:00:00,34489.0,34489.0,34016.0,34300.0,628350,KBS
2020-02-10 07:00:00,33605.0,33921.0,33384.0,33384.0,702790,KBS
2020-02-11 07:00:00,33448.0,33700.0,33448.0,33605.0,396130,KBS
2020-02-12 07:00:00,33668.0,34520.0,33668.0,34394.0,569230,KBS
2020-02-13 07:00:00,34047.0,34394.0,34047.0,34079.0,412040,KBS
2020-02-14 07:00:00,33763.0,33984.0,33416.0,33795.0,415290,KBS
2020-02-17 07:00:00,33826.0,33921.0,33511.0,33921.0,384490,KBS
2020-02-18 07:00:00,33921.0,34426.0,33763.0,34363.0,568750,KBS
2020-02-19 07:00:00,34520.0,34868.0,34363.0,34868.0,672440,KBS
2020-02-20 07:00:00,35025.0,35151.0,34773.0,34899.0,451760,KBS
2020-02-21 07:00:00,34899.0,35341.0,34647.0,34899.0,901890,KBS
2020-02-24 07:00:00,34079.0,34363.0,33353.0,33511.0,1556120,KBS
2020-02-25 07:00:00,33195.0,33763.0,33195.0,33763.0,692650,KBS
2020-02-26 07:00:00,33448.0,34047.0,33290.0,33511.0,1083030,KBS
2020-02-27 07:00:00,33511.0,34205.0,33511.0,34205.0,2144240,KBS
2020-02-28 07:00:00,33448.0,33826.0,32974.0,33605.0,1295250,KBS
2020-03-02 07:00:00,33605.0,33826.0,33416.0,33605.0,474160,KBS
2020-03-03 07:00:00,34016.0,34016.0,33542.0,33574.0,679500,KBS
2020-03-04 07:00:00,33416.0,33448.0,33006.0,33448.0,680740,KBS
2020-03-05 07:00:00,33448.0,33637.0,32974.0,33290.0,673150,KBS
2020-03-06 07:00:00,32943.0,33069.0,31996.0,32532.0,827890,KBS
2020-03-09 07:00:00,30261.0,31081.0,30261.0,30261.0,1051190,KBS
2020-03-10 07:00:00,28683.0,29977.0,28462.0,29629.0,1429660,KBS
2020-03-11 07:00:00,29661.0,29819.0,27578.0,27578.0,1584730,KBS
2020-03-12 07:00:00,25654.0,25654.0,25654.0,25654.0,527930,KBS
2020-03-13 07:00:00,23887.0,27137.0,23887.0,24928.0,3610700,KBS
2020-03-16 07:00:00,24297.0,24991.0,23350.0,23981.0,1526810,KBS
2020-03-17 07:00:00,22877.0,24612.0,22593.0,24391.0,1252010,KBS
2020-03-18 07:00:00,24549.0,25401.0,24297.0,24865.0,1406630,KBS
2020-03-19 07:00:00,24297.0,24518.0,23540.0,23855.0,1132320,KBS
2020-03-20 07:00:00,23918.0,24360.0,23634.0,24360.0,1095330,KBS
2020-03-23 07:00:00,23098.0,23666.0,22656.0,22656.0,1361560,KBS
2020-03-24 07:00:00,22656.0,22656.0,21078.0,21709.0,1567590,KBS
2020-03-25 07:00:00,22088.0,23035.0,21772.0,23035.0,1417730,KBS
2020-03-26 07:00:00,22814.0,22814.0,21457.0,21457.0,2123850,KBS
2020-03-27 07:00:00,20605.0,20826.0,19974.0,19974.0,2498890,KBS
2020-03-30 07:00:00,18585.0,20510.0,18585.0,18775.0,1861200,KBS
2020-03-31 07:00:00,19248.0,19785.0,17765.0,18585.0,1868280,KBS
2020-04-01 07:00:00,18522.0,19627.0,18428.0,19311.0,1604700,KBS
2020-04-03 07:00:00,19848.0,20637.0,19658.0,20637.0,1653030,KBS
2020-04-06 07:00:00,22056.0,22056.0,22056.0,22056.0,486160,KBS
2020-04-07 07:00:00,23571.0,23571.0,22372.0,23540.0,5818790,KBS
2020-04-08 07:00:00,22972.0,23540.0,22561.0,23350.0,2044140,KBS
2020-04-09 07:00:00,23666.0,23760.0,23035.0,23035.0,1610080,KBS
2020-04-10 07:00:00,22593.0,23003.0,22277.0,22624.0,1235340,KBS
2020-04-13 07:00:00,22719.0,24202.0,22719.0,23666.0,2206590,KBS
2020-04-14 07:00:00,23729.0,23918.0,23161.0,23603.0,1035610,KBS
2020-04-15 07:00:00,23981.0,24675.0,23855.0,24234.0,1555700,KBS
2020-04-16 07:00:00,23981.0,24297.0,23792.0,24265.0,1460130,KBS
2020-04-17 07:00:00,24581.0,25875.0,24455.0,25875.0,2474360,KBS
2020-04-20 07:00:00,26506.0,26853.0,25969.0,26600.0,2181870,KBS
2020-04-21 07:00:00,25906.0,26316.0,24802.0,25054.0,2583970,KBS
2020-04-22 07:00:00,24328.0,26190.0,24328.0,25875.0,1796100,KBS
2020-04-23 07:00:00,26821.0,26821.0,25875.0,26348.0,1345230,KBS
2020-04-24 07:00:00,26348.0,26348.0,25622.0,26190.0,1028080,KBS
2020-04-27 07:00:00,26474.0,26474.0,25622.0,25938.0,1120700,KBS
2020-04-28 07:00:00,25717.0,25843.0,25370.0,25527.0,899940,KBS
2020-04-29 07:00:00,25780.0,25969.0,24928.0,25780.0,1175430,KBS
2020-05-04 07:00:00,25717.0,25717.0,25054.0,25054.0,917320,KBS
2020-05-05 07:00:00,25180.0,25433.0,24865.0,25023.0,522280,KBS
2020-05-06 07:00:00,25243.0,25622.0,24928.0,25622.0,846520,KBS
2020-05-07 07:00:00,25811.0,26064.0,25717.0,26064.0,1207270,KBS
2020-05-08 07:00:00,26190.0,27105.0,26190.0,26443.0,2361840,KBS
2020-05-11 07:00:00,26821.0,27010.0,26443.0,26821.0,1257030,KBS
2020-05-12 07:00:00,26758.0,26758.0,26032.0,26285.0,1938080,KBS
2020-05-13 07:00:00,25875.0,26537.0,25591.0,26474.0,1673920,KBS
2020-05-14 07:00:00,25875.0,26443.0,25875.0,26190.0,1040460,KBS
2020-05-15 07:00:00,26253.0,26443.0,25875.0,25906.0,1106330,KBS
2020-05-18 07:00:00,25875.0,27010.0,25875.0,26979.0,2183740,KBS
2020-05-19 07:00:00,27610.0,27673.0,27294.0,27515.0,1674810,KBS
2020-05-20 07:00:00,27168.0,27358.0,27042.0,27294.0,1101050,KBS
2020-05-21 07:00:00,27326.0,27862.0,27200.0,27452.0,1539610,KBS
2020-05-22 07:00:00,27452.0,27484.0,26821.0,26821.0,1475820,KBS
2020-05-25 07:00:00,26821.0,27452.0,26569.0,27168.0,1135520,KBS
2020-05-26 07:00:00,27200.0,27389.0,27010.0,27294.0,1175440,KBS
2020-05-27 07:00:00,27421.0,27578.0,26758.0,26758.0,1320900,KBS
2020-05-28 07:00:00,26821.0,27042.0,26663.0,26726.0,950520,KBS
2020-05-29 07:00:00,26695.0,26821.0,26537.0,26695.0,849500,KBS
2020-06-01 07:00:00,26695.0,27168.0,26695.0,27137.0,819630,KBS
2020-06-02 07:00:00,27168.0,27389.0,26916.0,26916.0,1110350,KBS
2020-06-03 07:00:00,26979.0,27074.0,26884.0,26947.0,861720,KBS
2020-06-04 07:00:00,27010.0,27452.0,26916.0,26979.0,1014100,KBS
2020-06-05 07:00:00,26979.0,27200.0,26853.0,27168.0,744280,KBS
2020-06-08 07:00:00,27610.0,28809.0,27389.0,28430.0,3691120,KBS
2020-06-09 07:00:00,28651.0,28651.0,27957.0,27989.0,1115180,KBS
2020-06-10 07:00:00,27926.0,28399.0,27484.0,28210.0,1009890,KBS
2020-06-11 07:00:00,28241.0,28241.0,26253.0,26253.0,2775660,KBS
2020-06-12 07:00:00,25938.0,27137.0,25559.0,27137.0,2515300,KBS
2020-06-15 07:00:00,27074.0,27074.0,25843.0,26032.0,1132400,KBS
2020-06-16 07:00:00,26506.0,26695.0,26253.0,26632.0,704020,KBS
2020-06-17 07:00:00,26790.0,26790.0,26190.0,26443.0,770150,KBS
2020-06-18 07:00:00,26190.0,26443.0,26159.0,26443.0,360010,KBS
2020-06-19 07:00:00,26506.0,26979.0,26411.0,26663.0,859830,KBS
2020-06-22 07:00:00,26884.0,27389.0,26695.0,27105.0,941430,KBS
2020-06-23 07:00:00,27105.0,27263.0,26916.0,26916.0,801600,KBS
2020-06-24 07:00:00,26979.0,27231.0,26506.0,26821.0,715470,KBS
2020-06-25 07:00:00,26506.0,26663.0,26348.0,26379.0,783410,KBS
2020-06-26 07:00:00,26506.0,26726.0,26316.0,26569.0,449460,KBS
2020-06-29 07:00:00,26222.0,26348.0,25527.0,25717.0,1096590,KBS
2020-06-30 07:00:00,25969.0,26032.0,25243.0,25496.0,744080,KBS
2020-07-01 07:00:00,25496.0,25875.0,25496.0,25875.0,311490,KBS
2020-07-02 07:00:00,25748.0,25969.0,25559.0,25811.0,327720,KBS
2020-07-03 07:00:00,25811.0,25843.0,25685.0,25780.0,356420,KBS
2020-07-06 07:00:00,25843.0,26443.0,25811.0,26348.0,620180,KBS
2020-07-07 07:00:00,26474.0,26726.0,26411.0,26411.0,621630,KBS
2020-07-08 07:00:00,26411.0,26506.0,26159.0,26379.0,285150,KBS
2020-07-09 07:00:00,26379.0,26600.0,26348.0,26506.0,521490,KBS
2020-07-10 07:00:00,26474.0,26506.0,26127.0,26159.0,564660,KBS
2020-07-13 07:00:00,26253.0,26411.0,26001.0,26127.0,403750,KBS
2020-07-14 07:00:00,26127.0,26159.0,25938.0,26159.0,365780,KBS
2020-07-15 07:00:00,26316.0,26790.0,26222.0,26695.0,1049820,KBS
2020-07-16 07:00:00,26663.0,26758.0,26506.0,26758.0,495500,KBS
2020-07-17 07:00:00,26726.0,26758.0,26506.0,26506.0,379820,KBS
2020-07-20 07:00:00,26474.0,26506.0,26253.0,26285.0,253640,KBS
2020-07-21 07:00:00,26285.0,26443.0,26190.0,26411.0,413460,KBS
2020-07-22 07:00:00,26474.0,26506.0,26095.0,26253.0,363710,KBS
2020-07-23 07:00:00,26253.0,26348.0,26095.0,26190.0,420560,KBS
2020-07-24 07:00:00,26095.0,26159.0,24360.0,24991.0,1796300,KBS
2020-07-27 07:00:00,23350.0,24013.0,23256.0,23256.0,2981180,KBS
2020-07-28 07:00:00,23760.0,24044.0,23256.0,23981.0,1280900,KBS
2020-07-29 07:00:00,23350.0,23476.0,22498.0,23035.0,1436620,KBS
2020-07-30 07:00:00,23066.0,23445.0,22972.0,23445.0,603300,KBS
2020-07-31 07:00:00,22877.0,23571.0,22877.0,23508.0,799400,KBS
2020-08-03 07:00:00,23413.0,24107.0,23192.0,23981.0,655840,KBS
2020-08-04 07:00:00,24265.0,24707.0,24139.0,24297.0,841660,KBS
2020-08-05 07:00:00,24297.0,25054.0,24139.0,24991.0,734940,KBS
2020-08-06 07:00:00,25086.0,25180.0,24707.0,25023.0,554590,KBS
2020-08-07 07:00:00,24959.0,25054.0,24612.0,24802.0,607040,KBS
2020-08-10 07:00:00,24928.0,25338.0,24928.0,24928.0,629890,KBS
2020-08-11 07:00:00,25180.0,25180.0,24865.0,25086.0,394720,KBS
2020-08-12 07:00:00,25117.0,25212.0,24928.0,25180.0,451860,KBS
2020-08-13 07:00:00,25275.0,25969.0,25243.0,25938.0,915350,KBS
2020-08-14 07:00:00,26001.0,26443.0,25906.0,26222.0,992180,KBS
2020-08-17 07:00:00,26222.0,26222.0,25527.0,25938.0,824290,KBS
2020-08-18 07:00:00,25875.0,25906.0,25496.0,25685.0,554060,KBS
2020-08-19 07:00:00,25654.0,25875.0,25654.0,25811.0,382850,KBS
2020-08-20 07:00:00,25811.0,25906.0,25496.0,25780.0,1018420,KBS
2020-08-21 07:00:00,25811.0,26032.0,25717.0,25875.0,690220,KBS
2020-08-24 07:00:00,26253.0,26758.0,26159.0,26537.0,1064730,KBS
2020-08-25 07:00:00,26663.0,27831.0,26663.0,27642.0,2247120,KBS
2020-08-26 07:00:00,27547.0,28020.0,27452.0,27547.0,883390,KBS
2020-08-27 07:00:00,27547.0,28052.0,27547.0,28052.0,955520,KBS
2020-08-28 07:00:00,28430.0,29661.0,28399.0,29282.0,1994640,KBS
2020-08-31 07:00:00,29282.0,29756.0,29030.0,29472.0,954930,KBS
2020-09-01 07:00:00,29472.0,29977.0,29377.0,29598.0,996140,KBS
2020-09-03 07:00:00,29598.0,30134.0,29345.0,29913.0,1060240,KBS
2020-09-04 07:00:00,29377.0,29724.0,29314.0,29693.0,1015720,KBS
2020-09-07 07:00:00,29661.0,29724.0,28494.0,28494.0,1491040,KBS
2020-09-08 07:00:00,28714.0,29409.0,28557.0,29377.0,1000020,KBS
2020-09-09 07:00:00,29030.0,29598.0,28872.0,29472.0,631980,KBS
2020-09-10 07:00:00,29661.0,29756.0,29472.0,29629.0,744120,KBS
2020-09-11 07:00:00,29629.0,29629.0,29282.0,29472.0,436320,KBS
2020-09-14 07:00:00,29598.0,29629.0,29251.0,29345.0,546560,KBS
2020-09-15 07:00:00,29345.0,29503.0,29188.0,29314.0,786060,KBS
2020-09-16 07:00:00,29314.0,30134.0,29156.0,29850.0,1100860,KBS
2020-09-17 07:00:00,29850.0,29945.0,29409.0,29724.0,592380,KBS
2020-09-18 07:00:00,29724.0,29913.0,29661.0,29819.0,615740,KBS
2020-09-21 07:00:00,30134.0,31144.0,29882.0,31049.0,2152280,KBS
2020-09-22 07:00:00,31049.0,31491.0,30639.0,31428.0,1503000,KBS
2020-09-23 07:00:00,31523.0,32501.0,31491.0,32154.0,1053980,KBS
2020-09-24 07:00:00,31838.0,32122.0,31554.0,31933.0,1230990,KBS
2020-09-25 07:00:00,31901.0,31933.0,31428.0,31712.0,1038360,KBS
2020-09-28 07:00:00,32059.0,32501.0,31712.0,32501.0,634880,KBS
2020-09-29 07:00:00,33069.0,33542.0,32659.0,32659.0,1230990,KBS
2020-09-30 07:00:00,32974.0,33132.0,32375.0,32911.0,1088450,KBS
2020-10-01 07:00:00,32911.0,33164.0,32911.0,33132.0,779470,KBS
2020-10-02 07:00:00,33132.0,33258.0,31491.0,32816.0,1326080,KBS
2020-10-05 07:00:00,32816.0,33227.0,32659.0,32816.0,588560,KBS
2020-10-06 07:00:00,33132.0,33416.0,32974.0,33195.0,1075760,KBS
2020-10-07 07:00:00,33195.0,34047.0,32816.0,33952.0,959640,KBS
2020-10-08 07:00:00,34079.0,34552.0,33984.0,34552.0,871660,KBS
2020-10-09 07:00:00,34710.0,34868.0,34236.0,34394.0,575370,KBS
2020-10-12 07:00:00,34394.0,34489.0,33605.0,33921.0,941210,KBS
2020-10-13 07:00:00,33921.0,33921.0,33384.0,33511.0,815720,KBS
2020-10-14 07:00:00,33479.0,34394.0,33006.0,34394.0,1081330,KBS
2020-10-15 07:00:00,34394.0,34552.0,33763.0,34520.0,880570,KBS
2020-10-16 07:00:00,34552.0,34552.0,33921.0,34205.0,546060,KBS
2020-10-19 07:00:00,34365.0,34365.0,33917.0,34173.0,480220,KBS
2020-10-20 07:00:00,33917.0,34173.0,33501.0,34173.0,977350,KBS
2020-10-21 07:00:00,34237.0,34717.0,33757.0,33853.0,766740,KBS
2020-10-22 07:00:00,33661.0,34717.0,33661.0,34717.0,607760,KBS
2020-10-23 07:00:00,34877.0,35357.0,34525.0,35197.0,1218320,KBS
2020-10-26 07:00:00,35197.0,35997.0,35037.0,35197.0,1054600,KBS
2020-10-27 07:00:00,35197.0,35741.0,35165.0,35197.0,606700,KBS
2020-10-28 07:00:00,34909.0,35133.0,33597.0,33597.0,1452750,KBS
2020-10-29 07:00:00,32829.0,33533.0,32573.0,32733.0,1564150,KBS
2020-10-30 07:00:00,33021.0,33885.0,32573.0,33501.0,1426480,KBS
2020-11-02 07:00:00,33501.0,34237.0,33501.0,34045.0,439540,KBS
2020-11-03 07:00:00,34557.0,34557.0,33981.0,34301.0,486030,KBS
2020-11-04 07:00:00,34301.0,34333.0,33917.0,34173.0,531610,KBS
2020-11-05 07:00:00,34173.0,34717.0,34141.0,34173.0,671040,KBS
2020-11-06 07:00:00,34237.0,34237.0,32637.0,33597.0,805140,KBS
2020-11-09 07:00:00,33917.0,34077.0,33693.0,33821.0,886500,KBS
2020-11-10 07:00:00,34493.0,34493.0,33821.0,33917.0,902230,KBS
2020-11-11 07:00:00,33981.0,34845.0,33949.0,34557.0,1514900,KBS
2020-11-12 07:00:00,34877.0,35549.0,34621.0,35549.0,1682560,KBS
2020-11-13 07:00:00,35517.0,35901.0,35357.0,35549.0,678270,KBS
2020-11-16 07:00:00,35773.0,36221.0,34813.0,35101.0,1692540,KBS
2020-11-17 07:00:00,35101.0,35837.0,35005.0,35837.0,966390,KBS
2020-11-18 07:00:00,35741.0,35965.0,35325.0,35389.0,778050,KBS
2020-11-19 07:00:00,35677.0,35837.0,35069.0,35837.0,1434630,KBS
2020-11-20 07:00:00,35869.0,35933.0,35453.0,35453.0,599730,KBS
2020-11-23 07:00:00,35453.0,36477.0,35389.0,36221.0,1506160,KBS
2020-11-24 07:00:00,36445.0,36445.0,35517.0,35837.0,1303450,KBS
2020-11-25 07:00:00,36349.0,36349.0,35581.0,35837.0,824020,KBS
2020-11-26 07:00:00,35837.0,36221.0,35837.0,36093.0,826280,KBS
2020-11-27 07:00:00,36157.0,37053.0,36093.0,36957.0,1680140,KBS
2020-11-30 07:00:00,37597.0,37597.0,37021.0,37117.0,1427120,KBS
2020-12-01 07:00:00,36221.0,37117.0,36221.0,37117.0,1358430,KBS
2020-12-02 07:00:00,36829.0,36829.0,36253.0,36477.0,1707050,KBS
2020-12-03 07:00:00,36445.0,36701.0,36093.0,36701.0,1224080,KBS
2020-12-04 07:00:00,36605.0,36733.0,36317.0,36445.0,768070,KBS
2020-12-07 07:00:00,36285.0,36925.0,36285.0,36573.0,671610,KBS
2020-12-08 07:00:00,36509.0,36989.0,36413.0,36637.0,959210,KBS
2020-12-09 07:00:00,36541.0,36829.0,36445.0,36797.0,984430,KBS
2020-12-10 07:00:00,36797.0,36957.0,36413.0,36413.0,1122020,KBS
2020-12-11 07:00:00,36413.0,36669.0,36157.0,36573.0,813340,KBS
2020-12-14 07:00:00,36893.0,37085.0,36701.0,37021.0,989600,KBS
2020-12-15 07:00:00,36861.0,37533.0,36797.0,36893.0,1455570,KBS
2020-12-16 07:00:00,37117.0,37117.0,36861.0,36957.0,910670,KBS
2020-12-17 07:00:00,36957.0,36989.0,36317.0,36317.0,1496400,KBS
2020-12-18 07:00:00,36317.0,36797.0,36157.0,36797.0,1086810,KBS
2020-12-21 07:00:00,36797.0,37373.0,36701.0,37181.0,1158010,KBS
2020-12-22 07:00:00,37181.0,38397.0,36925.0,38365.0,2236430,KBS
2020-12-23 07:00:00,38429.0,38812.0,37789.0,37789.0,995990,KBS
2020-12-24 07:00:00,37789.0,38237.0,36797.0,37341.0,1132960,KBS
2020-12-25 07:00:00,37117.0,38077.0,37053.0,37917.0,1008790,KBS
2020-12-28 07:00:00,37949.0,38269.0,37437.0,37533.0,933380,KBS
2020-12-29 07:00:00,37533.0,37757.0,37469.0,37501.0,702300,KBS
2020-12-30 07:00:00,37501.0,38045.0,37437.0,37533.0,860030,KBS
2020-12-31 07:00:00,37533.0,38237.0,37533.0,38045.0,891550,KBS
2021-01-04 07:00:00,38237.0,38589.0,38173.0,38589.0,1147400,KBS
2021-01-05 07:00:00,38397.0,39228.0,38269.0,39004.0,967500,KBS
2021-01-06 07:00:00,39356.0,39356.0,38620.0,38812.0,995500,KBS
2021-01-07 07:00:00,38557.0,38780.0,38301.0,38652.0,1118100,KBS
2021-01-08 07:00:00,38652.0,39324.0,38652.0,38972.0,1277600,KBS
2021-01-11 07:00:00,39036.0,40444.0,39036.0,40380.0,1504500,KBS
2021-01-12 07:00:00,40380.0,40444.0,39964.0,40380.0,1352600,KBS
2021-01-13 07:00:00,40380.0,40828.0,40348.0,40380.0,1101300,KBS
2021-01-14 07:00:00,40380.0,41052.0,40316.0,40924.0,1433000,KBS
2021-01-15 07:00:00,40956.0,41052.0,40732.0,40892.0,845000,KBS
2021-01-18 07:00:00,40892.0,40956.0,40380.0,40444.0,768800,KBS
2021-01-19 07:00:00,40220.0,40444.0,37757.0,38397.0,1659900,KBS
2021-01-20 07:00:00,38716.0,39292.0,37117.0,39292.0,1682900,KBS
2021-01-21 07:00:00,39836.0,40284.0,39292.0,39996.0,1034000,KBS
2021-01-22 07:00:00,39996.0,40764.0,39932.0,40700.0,1422700,KBS
2021-01-25 07:00:00,40732.0,42364.0,40700.0,42236.0,2134100,KBS
2021-01-26 07:00:00,42524.0,42716.0,41628.0,42236.0,1356200,KBS
2021-01-27 07:00:00,42076.0,43164.0,41948.0,42716.0,2106900,KBS
2021-01-28 07:00:00,40156.0,41660.0,39740.0,39740.0,1843300,KBS
2021-01-29 07:00:00,39516.0,42460.0,38077.0,42460.0,2812400,KBS
2021-02-01 07:00:00,41596.0,41884.0,39516.0,39580.0,2508200,KBS
2021-02-02 07:00:00,39356.0,41052.0,38557.0,40956.0,1400700,KBS
2021-02-03 07:00:00,40956.0,41372.0,39708.0,40796.0,1798800,KBS
2021-02-04 07:00:00,40796.0,41884.0,40156.0,41116.0,1597800,KBS
2021-02-05 07:00:00,41116.0,42012.0,40956.0,41756.0,1479700,KBS
2021-02-08 07:00:00,41596.0,41692.0,40252.0,41116.0,1952500,KBS
2021-02-09 07:00:00,40956.0,41596.0,40316.0,41436.0,1326800,KBS
2021-02-17 07:00:00,41756.0,44156.0,41756.0,44156.0,2121400,KBS
2021-02-18 07:00:00,44156.0,44764.0,43548.0,44636.0,1550600,KBS
2021-02-19 07:00:00,44188.0,44476.0,43836.0,44028.0,727200,KBS
2021-02-22 07:00:00,43836.0,44124.0,43260.0,43836.0,996100,KBS
2021-02-23 07:00:00,43676.0,44412.0,42556.0,43580.0,1867800,KBS
2021-02-24 07:00:00,43836.0,43996.0,42716.0,42812.0,1009200,KBS
2021-02-25 07:00:00,43196.0,43452.0,42588.0,43420.0,659600,KBS
2021-02-26 07:00:00,42716.0,43420.0,42588.0,43196.0,1163300,KBS
2021-03-01 07:00:00,43836.0,43836.0,42876.0,43132.0,1200200,KBS
2021-03-02 07:00:00,43356.0,43580.0,43036.0,43452.0,571000,KBS
2021-03-03 07:00:00,43772.0,43836.0,43452.0,43580.0,755600,KBS
2021-03-04 07:00:00,43644.0,43740.0,41596.0,42492.0,893000,KBS
2021-03-05 07:00:00,42332.0,42364.0,41724.0,42300.0,844200,KBS
2021-03-08 07:00:00,42300.0,42652.0,41820.0,41852.0,750000,KBS
2021-03-09 07:00:00,41596.0,41596.0,40924.0,40988.0,1485600,KBS
2021-03-10 07:00:00,41276.0,41820.0,40636.0,41756.0,724600,KBS
2021-03-11 07:00:00,42300.0,42524.0,42076.0,42396.0,513500,KBS
2021-03-12 07:00:00,42556.0,42556.0,41756.0,41948.0,414300,KBS
2021-03-15 07:00:00,41948.0,42844.0,41788.0,42460.0,766800,KBS
2021-03-16 07:00:00,42460.0,42716.0,42108.0,42620.0,605800,KBS
2021-03-17 07:00:00,42716.0,42716.0,42492.0,42492.0,521000,KBS
2021-03-18 07:00:00,42716.0,42812.0,39996.0,42748.0,914000,KBS
2021-03-19 07:00:00,42556.0,42716.0,42236.0,42556.0,376700,KBS
2021-03-22 07:00:00,42492.0,42556.0,42076.0,42204.0,377300,KBS
2021-03-23 07:00:00,41916.0,42236.0,41596.0,41916.0,625000,KBS
2021-03-24 07:00:00,41436.0,41884.0,40988.0,41564.0,528300,KBS
2021-03-25 07:00:00,41436.0,41852.0,41180.0,41212.0,506500,KBS
2021-03-26 07:00:00,41116.0,41596.0,39996.0,41596.0,585900,KBS
2021-03-29 07:00:00,41724.0,42204.0,41340.0,41628.0,870000,KBS
2021-03-30 07:00:00,41628.0,41884.0,41276.0,41404.0,318600,KBS
2021-03-31 07:00:00,41404.0,41756.0,41148.0,41500.0,326800,KBS
2021-04-01 07:00:00,41596.0,43036.0,41116.0,42972.0,1239000,KBS
2021-04-02 07:00:00,43484.0,43516.0,42972.0,43132.0,796700,KBS
2021-04-05 07:00:00,43516.0,43516.0,42780.0,42908.0,364100,KBS
2021-04-06 07:00:00,42716.0,43356.0,42524.0,42652.0,1035200,KBS
2021-04-07 07:00:00,42428.0,43036.0,42268.0,43036.0,327200,KBS
2021-04-08 07:00:00,43036.0,43036.0,42716.0,42876.0,310500,KBS
2021-04-09 07:00:00,42876.0,42876.0,42492.0,42652.0,464700,KBS
2021-04-12 07:00:00,42652.0,43196.0,42556.0,43164.0,852600,KBS
2021-04-13 07:00:00,43260.0,44028.0,42940.0,43164.0,1232700,KBS
2021-04-14 07:00:00,42716.0,43324.0,42716.0,43324.0,472400,KBS
2021-04-15 07:00:00,43388.0,43804.0,42780.0,42780.0,1036700,KBS
2021-04-16 07:00:00,42236.0,43260.0,42236.0,42876.0,781400,KBS
2021-04-19 07:00:00,43196.0,43964.0,42396.0,43964.0,1203800,KBS
2021-04-20 07:00:00,44476.0,46076.0,44316.0,45596.0,2184800,KBS
2021-04-22 07:00:00,45596.0,47356.0,44828.0,45596.0,2536100,KBS
2021-04-23 07:00:00,45436.0,47196.0,44956.0,47196.0,2198500,KBS
2021-04-26 07:00:00,47164.0,47164.0,45596.0,45596.0,1271300,KBS
2021-04-27 07:00:00,45596.0,46076.0,44956.0,45404.0,818300,KBS
2021-04-28 07:00:00,44796.0,45276.0,44476.0,44796.0,994100,KBS
2021-04-29 07:00:00,44636.0,45180.0,44188.0,45084.0,662300,KBS
2021-05-04 07:00:00,44316.0,44764.0,44156.0,44604.0,730900,KBS
2021-05-05 07:00:00,44604.0,45788.0,44540.0,45084.0,1124900,KBS
2021-05-06 07:00:00,45084.0,45756.0,44924.0,45436.0,923300,KBS
2021-05-07 07:00:00,45116.0,45692.0,44764.0,44860.0,923400,KBS
2021-05-10 07:00:00,44796.0,44796.0,43996.0,44188.0,1744900,KBS
2021-05-11 07:00:00,43996.0,44796.0,43964.0,43996.0,1382900,KBS
2021-05-12 07:00:00,43996.0,44636.0,43964.0,44636.0,830000,KBS
2021-05-13 07:00:00,44316.0,44956.0,44316.0,44796.0,986800,KBS
2021-05-14 07:00:00,44956.0,45916.0,44860.0,45596.0,818500,KBS
2021-05-17 07:00:00,45916.0,46076.0,45084.0,45276.0,535700,KBS
2021-05-18 07:00:00,45276.0,45436.0,45020.0,45340.0,594800,KBS
2021-05-19 07:00:00,45116.0,45436.0,44956.0,45340.0,599700,KBS
2021-05-20 07:00:00,45020.0,47996.0,45020.0,47996.0,1409800,KBS
2021-05-21 07:00:00,47004.0,47356.0,46396.0,46524.0,979600,KBS
2021-05-24 07:00:00,46396.0,46876.0,46108.0,46716.0,539500,KBS
2021-05-25 07:00:00,46716.0,46876.0,46396.0,46716.0,789800,KBS
2021-05-26 07:00:00,46716.0,46780.0,46236.0,46364.0,781800,KBS
2021-05-27 07:00:00,46364.0,46396.0,45436.0,45564.0,848200,KBS
2021-05-28 07:00:00,45564.0,45820.0,45308.0,45660.0,743300,KBS
2021-05-31 07:00:00,44796.0,45276.0,44316.0,44316.0,1269800,KBS
2021-06-01 07:00:00,43996.0,44156.0,43196.0,43676.0,1074000,KBS
2021-06-02 07:00:00,43516.0,44796.0,43484.0,44412.0,579400,KBS
2021-06-03 07:00:00,44732.0,44732.0,43836.0,44476.0,593700,KBS
2021-06-04 07:00:00,44476.0,44476.0,43836.0,43996.0,617400,KBS
2021-06-07 07:00:00,43996.0,44028.0,43292.0,43548.0,684700,KBS
2021-06-08 07:00:00,43516.0,44156.0,43420.0,43516.0,715300,KBS
2021-06-09 07:00:00,43516.0,43996.0,43196.0,43644.0,739900,KBS
2021-06-10 07:00:00,43196.0,43836.0,43196.0,43292.0,679100,KBS
2021-06-11 07:00:00,43260.0,43836.0,43228.0,43836.0,830800,KBS
2021-06-14 07:00:00,44156.0,44412.0,43772.0,44188.0,740900,KBS
2021-06-15 07:00:00,44188.0,44476.0,43996.0,44124.0,437500,KBS
2021-06-16 07:00:00,44092.0,44092.0,43676.0,43836.0,499600,KBS
2021-06-17 07:00:00,43676.0,46044.0,43516.0,44476.0,1284500,KBS
2021-06-18 07:00:00,44956.0,45276.0,44796.0,45116.0,384900,KBS
2021-06-21 07:00:00,44988.0,46684.0,44988.0,46652.0,1179900,KBS
2021-06-22 07:00:00,46716.0,46780.0,44636.0,46716.0,736900,KBS
2021-06-23 07:00:00,46460.0,46556.0,46076.0,46076.0,443700,KBS
2021-06-24 07:00:00,46044.0,46716.0,46012.0,46076.0,394400,KBS
2021-06-25 07:00:00,46076.0,46396.0,45916.0,45980.0,717200,KBS
2021-06-28 07:00:00,46236.0,46716.0,45980.0,46556.0,669700,KBS
2021-06-29 07:00:00,46556.0,47196.0,46396.0,47036.0,556700,KBS
2021-06-30 07:00:00,47036.0,49244.0,47036.0,48636.0,1221500,KBS
2021-07-01 07:00:00,48636.0,48796.0,48156.0,48348.0,727200,KBS
2021-07-02 07:00:00,48316.0,50235.0,48316.0,50171.0,964000,KBS
2021-07-05 07:00:00,51515.0,53435.0,51515.0,53275.0,1355400,KBS
2021-07-06 07:00:00,53915.0,54619.0,49596.0,49596.0,790100,KBS
2021-07-07 07:00:00,51195.0,53051.0,49596.0,53051.0,1457700,KBS
2021-07-08 07:00:00,55035.0,56059.0,53595.0,55195.0,1585700,KBS
2021-07-09 07:00:00,55067.0,57563.0,54971.0,56475.0,1012200,KBS
2021-07-12 07:00:00,56315.0,57243.0,52795.0,56507.0,1907000,KBS
2021-07-13 07:00:00,57051.0,57051.0,55035.0,55995.0,651400,KBS
2021-07-14 07:00:00,55355.0,55643.0,52603.0,53275.0,1384700,KBS
2021-07-15 07:00:00,52763.0,54715.0,52155.0,53467.0,1104100,KBS
2021-07-16 07:00:00,53787.0,53915.0,53115.0,53787.0,679400,KBS
2021-07-19 07:00:00,51611.0,52155.0,50075.0,50075.0,1868000,KBS
2021-07-20 07:00:00,50555.0,52667.0,50075.0,52667.0,1053200,KBS
2021-07-21 07:00:00,53115.0,53307.0,51867.0,52283.0,520200,KBS
2021-07-22 07:00:00,51995.0,53883.0,51771.0,52859.0,982100,KBS
2021-07-23 07:00:00,52187.0,52859.0,51515.0,51739.0,1223900,KBS
2021-07-26 07:00:00,51323.0,51515.0,50523.0,51291.0,1139800,KBS
2021-07-27 07:00:00,51835.0,51835.0,50235.0,50555.0,1477400,KBS
2021-07-28 07:00:00,50491.0,51355.0,49947.0,50267.0,455700,KBS
2021-07-29 07:00:00,51131.0,52091.0,49915.0,52091.0,1317800,KBS
2021-07-30 07:00:00,51675.0,52763.0,51035.0,52507.0,1779200,KBS
2021-08-02 07:00:00,52475.0,55195.0,52315.0,54363.0,1632800,KBS
2021-08-03 07:00:00,54363.0,54395.0,53755.0,54363.0,868900,KBS
2021-08-04 07:00:00,54427.0,54683.0,53915.0,54395.0,829400,KBS
2021-08-05 07:00:00,54267.0,55771.0,54075.0,55355.0,989800,KBS
2021-08-06 07:00:00,55355.0,56155.0,54875.0,54875.0,1032700,KBS
2021-08-09 07:00:00,54715.0,55739.0,54235.0,55611.0,638000,KBS
2021-08-10 07:00:00,55675.0,55739.0,54907.0,55643.0,882000,KBS
2021-08-11 07:00:00,55675.0,57371.0,55227.0,55995.0,1670800,KBS
2021-08-12 07:00:00,55515.0,55995.0,54395.0,54395.0,1172100,KBS
2021-08-13 07:00:00,54235.0,54715.0,53563.0,54715.0,1116800,KBS
2021-08-16 07:00:00,54875.0,55035.0,53755.0,54427.0,1029800,KBS
2021-08-17 07:00:00,54363.0,54427.0,53723.0,54363.0,1104300,KBS
2021-08-18 07:00:00,54075.0,55515.0,53947.0,55195.0,864600,KBS
2021-08-19 07:00:00,55195.0,55195.0,54235.0,55195.0,785700,KBS
2021-08-20 07:00:00,55035.0,55035.0,52475.0,52475.0,2037300,KBS
2021-08-23 07:00:00,52155.0,52475.0,50555.0,50587.0,1619300,KBS
2021-08-24 07:00:00,50811.0,51963.0,50587.0,51355.0,1060900,KBS
2021-08-25 07:00:00,51515.0,52475.0,51227.0,51675.0,600100,KBS
2021-08-26 07:00:00,52443.0,52603.0,51707.0,51835.0,616200,KBS
2021-08-27 07:00:00,51899.0,52763.0,51899.0,52635.0,1336200,KBS
2021-08-30 07:00:00,53502.0,54080.0,53261.0,53261.0,1266900,KBS
2021-08-31 07:00:00,53454.0,53454.0,52972.0,53454.0,629100,KBS
2021-09-01 07:00:00,53117.0,53454.0,52443.0,53069.0,670400,KBS
2021-09-06 07:00:00,53454.0,53502.0,53213.0,53454.0,1121700,KBS
2021-09-07 07:00:00,53647.0,53695.0,52972.0,53117.0,894000,KBS
2021-09-08 07:00:00,53117.0,53647.0,52972.0,53647.0,684800,KBS
2021-09-09 07:00:00,53839.0,57258.0,53647.0,57258.0,2544800,KBS
2021-09-10 07:00:00,57306.0,57451.0,56391.0,57258.0,922100,KBS
2021-09-13 07:00:00,57258.0,60196.0,57210.0,60196.0,2267600,KBS
2021-09-14 07:00:00,59714.0,60100.0,58799.0,59955.0,1073100,KBS
2021-09-15 07:00:00,59474.0,60196.0,59136.0,60003.0,728800,KBS
2021-09-16 07:00:00,59955.0,59955.0,59136.0,59522.0,778300,KBS
2021-09-17 07:00:00,59522.0,59714.0,58847.0,59233.0,919200,KBS
2021-09-20 07:00:00,60148.0,61159.0,58462.0,59233.0,1370300,KBS
2021-09-21 07:00:00,58318.0,60437.0,58318.0,59618.0,1328400,KBS
2021-09-22 07:00:00,59714.0,60870.0,59666.0,60533.0,1293000,KBS
2021-09-23 07:00:00,60918.0,64241.0,60918.0,63567.0,2591600,KBS
2021-09-24 07:00:00,63663.0,64530.0,62652.0,62844.0,1318800,KBS
2021-09-27 07:00:00,62122.0,62122.0,60677.0,60677.0,3738200,KBS
2021-09-28 07:00:00,60003.0,61159.0,59666.0,61015.0,1344700,KBS
2021-09-29 07:00:00,61063.0,61881.0,61063.0,61544.0,1208800,KBS
2021-09-30 07:00:00,61544.0,62122.0,61015.0,61544.0,1044400,KBS
2021-10-01 07:00:00,61159.0,61544.0,60677.0,60774.0,1086600,KBS
2021-10-04 07:00:00,60196.0,60774.0,59377.0,60774.0,2190000,KBS
2021-10-05 07:00:00,60677.0,61063.0,60244.0,61063.0,939300,KBS
2021-10-06 07:00:00,61015.0,62604.0,60870.0,61785.0,1692400,KBS
2021-10-07 07:00:00,61303.0,61785.0,61303.0,61641.0,966000,KBS
2021-10-08 07:00:00,61400.0,62363.0,61303.0,62026.0,1503700,KBS
2021-10-11 07:00:00,62074.0,62459.0,61400.0,62363.0,1749700,KBS
2021-10-12 07:00:00,62363.0,63952.0,62363.0,63615.0,2282000,KBS
2021-10-13 07:00:00,63711.0,64626.0,63615.0,64482.0,1892600,KBS
2021-10-14 07:00:00,64530.0,64915.0,63567.0,64289.0,1925700,KBS
2021-10-15 07:00:00,64289.0,64386.0,63567.0,63759.0,827400,KBS
2021-10-18 07:00:00,63663.0,64000.0,62941.0,62941.0,1467200,KBS
2021-10-19 07:00:00,62556.0,63085.0,62170.0,62459.0,1151000,KBS
2021-10-20 07:00:00,62556.0,63085.0,61641.0,62218.0,1333900,KBS
2021-10-21 07:00:00,62218.0,62604.0,61159.0,61159.0,1471700,KBS
2021-10-22 07:00:00,61785.0,61833.0,61207.0,61448.0,925700,KBS
2021-10-25 07:00:00,61641.0,62507.0,61641.0,61833.0,926200,KBS
2021-10-26 07:00:00,61641.0,61641.0,61111.0,61641.0,992900,KBS
2021-10-27 07:00:00,61641.0,64000.0,61641.0,63567.0,2063400,KBS
2021-10-28 07:00:00,63230.0,63808.0,61881.0,63567.0,1189400,KBS
2021-10-29 07:00:00,63326.0,63519.0,63037.0,63278.0,1344400,KBS
2021-11-01 07:00:00,63326.0,63471.0,62122.0,62604.0,1140200,KBS
2021-11-02 07:00:00,61881.0,62556.0,61881.0,62074.0,866800,KBS
2021-11-03 07:00:00,62074.0,62604.0,61400.0,62026.0,1405000,KBS
2021-11-04 07:00:00,61881.0,62893.0,61641.0,62556.0,950100,KBS
2021-11-05 07:00:00,64048.0,64048.0,63085.0,63567.0,1635800,KBS
2021-11-08 07:00:00,63567.0,64048.0,63374.0,63374.0,1126300,KBS
2021-11-09 07:00:00,63471.0,63567.0,62604.0,62604.0,1048900,KBS
2021-11-10 07:00:00,62604.0,63326.0,62363.0,63326.0,765400,KBS
2021-11-11 07:00:00,63326.0,65493.0,62844.0,65012.0,4441400,KBS
2021-11-12 07:00:00,65493.0,65493.0,64482.0,65493.0,1184800,KBS
2021-11-15 07:00:00,65638.0,67371.0,65638.0,67130.0,2631500,KBS
2021-11-16 07:00:00,66456.0,66938.0,65493.0,66408.0,1490600,KBS
2021-11-17 07:00:00,66312.0,66456.0,65589.0,66408.0,862200,KBS
2021-11-18 07:00:00,66601.0,68142.0,65878.0,66938.0,2132400,KBS
2021-11-19 07:00:00,67419.0,67901.0,65493.0,66938.0,1378000,KBS
2021-11-22 07:00:00,67419.0,67612.0,66456.0,66745.0,1115100,KBS
2021-11-23 07:00:00,66745.0,69346.0,66504.0,68864.0,1926200,KBS
2021-11-24 07:00:00,68864.0,69346.0,68045.0,69346.0,1487500,KBS
2021-11-25 07:00:00,69394.0,69827.0,68623.0,69827.0,845700,KBS
2021-11-26 07:00:00,69731.0,70068.0,68142.0,68142.0,1262400,KBS
2021-11-29 07:00:00,66890.0,67756.0,66167.0,66215.0,2370000,KBS
2021-11-30 07:00:00,66697.0,67371.0,65927.0,66890.0,1089100,KBS
2021-12-01 07:00:00,65734.0,67419.0,65541.0,66890.0,1496400,KBS
2021-12-02 07:00:00,66841.0,66841.0,65878.0,65975.0,615900,KBS
2021-12-03 07:00:00,65638.0,65975.0,64289.0,64289.0,1052100,KBS
2021-12-06 07:00:00,64289.0,64289.0,61111.0,63278.0,1673200,KBS
2021-12-07 07:00:00,63278.0,64289.0,63278.0,64289.0,663600,KBS
2021-12-08 07:00:00,64337.0,65012.0,64048.0,64482.0,688700,KBS
2021-12-09 07:00:00,64482.0,65012.0,64289.0,64530.0,692300,KBS
2021-12-10 07:00:00,64097.0,64963.0,64048.0,64578.0,707100,KBS
2021-12-13 07:00:00,64723.0,64963.0,64530.0,64963.0,645900,KBS
2021-12-14 07:00:00,64867.0,65493.0,64289.0,65204.0,664800,KBS
2021-12-15 07:00:00,65204.0,65493.0,64530.0,65445.0,601100,KBS
2021-12-16 07:00:00,65493.0,65493.0,64337.0,64337.0,809500,KBS
2021-12-17 07:00:00,64337.0,65012.0,64097.0,64771.0,735100,KBS
2021-12-20 07:00:00,64289.0,64819.0,63808.0,64048.0,792900,KBS
2021-12-21 07:00:00,64048.0,64048.0,63615.0,64048.0,473600,KBS
2021-12-22 07:00:00,64337.0,65975.0,64241.0,64915.0,1300200,KBS
2021-12-23 07:00:00,64915.0,65397.0,63471.0,64337.0,933200,KBS
2021-12-24 07:00:00,64337.0,64819.0,63808.0,64819.0,560900,KBS
2021-12-27 07:00:00,64867.0,65204.0,64048.0,64963.0,723100,KBS
2021-12-28 07:00:00,65252.0,65397.0,64097.0,65397.0,745000,KBS
2021-12-29 07:00:00,64819.0,65493.0,64578.0,64723.0,637000,KBS
2021-12-30 07:00:00,64771.0,65204.0,64530.0,64674.0,832700,KBS
2021-12-31 07:00:00,64674.0,65445.0,64241.0,65445.0,1128900,KBS
2022-01-04 07:00:00,65445.0,67034.0,64963.0,66360.0,1327900,KBS
2022-01-05 07:00:00,66360.0,67082.0,66023.0,66023.0,1178700,KBS
2022-01-06 07:00:00,66023.0,66841.0,65734.0,66215.0,771100,KBS
2022-01-07 07:00:00,66215.0,66215.0,65252.0,65252.0,921200,KBS
2022-01-10 07:00:00,65252.0,65252.0,64048.0,64048.0,927000,KBS
2022-01-11 07:00:00,64048.0,64771.0,63422.0,63471.0,773400,KBS
2022-01-12 07:00:00,63471.0,65493.0,62604.0,65493.0,928600,KBS
2022-01-13 07:00:00,65734.0,65734.0,63567.0,65252.0,925000,KBS
2022-01-14 07:00:00,65012.0,65012.0,64145.0,64530.0,468400,KBS
2022-01-17 07:00:00,64048.0,64482.0,62604.0,62604.0,817400,KBS
2022-01-18 07:00:00,62122.0,63567.0,61930.0,62652.0,816200,KBS
2022-01-19 07:00:00,62700.0,64530.0,62604.0,64289.0,954800,KBS
2022-01-20 07:00:00,64048.0,64530.0,63615.0,64530.0,896900,KBS
2022-01-21 07:00:00,64530.0,64530.0,63230.0,64145.0,655100,KBS
2022-01-24 07:00:00,63663.0,64145.0,62556.0,62556.0,867600,KBS
2022-01-25 07:00:00,62507.0,63085.0,61448.0,63085.0,802500,KBS
2022-01-26 07:00:00,63085.0,63519.0,62122.0,63519.0,954300,KBS
2022-01-27 07:00:00,63037.0,63711.0,62218.0,63326.0,530600,KBS
2022-01-28 07:00:00,63230.0,63808.0,62459.0,63808.0,716300,KBS
2022-02-07 07:00:00,64048.0,65349.0,64048.0,64482.0,932400,KBS
2022-02-08 07:00:00,64482.0,65878.0,64482.0,65638.0,1450000,KBS
2022-02-09 07:00:00,65638.0,66215.0,65493.0,65975.0,1207000,KBS
2022-02-10 07:00:00,65975.0,66071.0,64771.0,65638.0,902700,KBS
2022-02-11 07:00:00,65012.0,65493.0,65012.0,65156.0,541500,KBS
2022-02-14 07:00:00,64482.0,65012.0,63567.0,63567.0,957300,KBS
2022-02-15 07:00:00,63904.0,64482.0,63326.0,64193.0,572400,KBS
2022-02-16 07:00:00,64626.0,64626.0,63374.0,64000.0,562000,KBS
2022-02-17 07:00:00,63567.0,64771.0,63519.0,64771.0,1031400,KBS
2022-02-18 07:00:00,63615.0,64530.0,63615.0,64530.0,467800,KBS
2022-02-21 07:00:00,63808.0,64963.0,63808.0,64482.0,612100,KBS
2022-02-22 07:00:00,64048.0,67034.0,63759.0,66312.0,3272600,KBS
2022-02-23 07:00:00,66312.0,67708.0,65927.0,66360.0,1609600,KBS
2022-02-24 07:00:00,65975.0,66312.0,65252.0,65878.0,1174200,KBS
2022-02-25 07:00:00,65927.0,67323.0,65493.0,66264.0,2690300,KBS
2022-02-28 07:00:00,65734.0,66456.0,65252.0,65493.0,1802000,KBS
2022-03-01 07:00:00,65927.0,65975.0,65060.0,65493.0,1210200,KBS
2022-03-02 07:00:00,65397.0,65397.0,64530.0,64771.0,1670200,KBS
2022-03-03 07:00:00,65012.0,65734.0,64337.0,65734.0,1057800,KBS
2022-03-04 07:00:00,65734.0,65782.0,64819.0,65397.0,1073200,KBS
2022-03-07 07:00:00,64771.0,65012.0,64530.0,64626.0,1144500,KBS
2022-03-08 07:00:00,64530.0,64771.0,63759.0,64626.0,1996900,KBS
2022-03-09 07:00:00,64578.0,64578.0,63808.0,64434.0,1148900,KBS
2022-03-10 07:00:00,64530.0,64530.0,63856.0,64289.0,883000,KBS
2022-03-11 07:00:00,64241.0,64241.0,63567.0,64048.0,653000,KBS
2022-03-14 07:00:00,63615.0,63952.0,62363.0,63422.0,1226700,KBS
2022-03-15 07:00:00,62941.0,63278.0,62122.0,63278.0,1005300,KBS
2022-03-16 07:00:00,63182.0,63567.0,62604.0,63278.0,1054600,KBS
2022-03-17 07:00:00,63471.0,63567.0,62989.0,62989.0,691400,KBS
2022-03-18 07:00:00,62989.0,63471.0,62989.0,63374.0,791100,KBS
2022-03-21 07:00:00,63567.0,64963.0,63326.0,64963.0,921700,KBS
2022-03-22 07:00:00,65012.0,65493.0,64337.0,65108.0,1046000,KBS
2022-03-23 07:00:00,64867.0,65686.0,64819.0,65012.0,794300,KBS
2022-03-24 07:00:00,65012.0,65012.0,64048.0,64530.0,913200,KBS
2022-03-25 07:00:00,64867.0,67612.0,64386.0,66890.0,3782700,KBS
2022-03-28 07:00:00,67034.0,69394.0,66890.0,69346.0,3833100,KBS
2022-03-29 07:00:00,70068.0,71898.0,69346.0,70550.0,2341100,KBS
2022-03-30 07:00:00,70068.0,70742.0,67468.0,69538.0,1692600,KBS
2022-03-31 07:00:00,69346.0,71513.0,68623.0,70212.0,1798700,KBS
2022-04-01 07:00:00,71031.0,75124.0,70839.0,75124.0,4130400,KBS
2022-04-04 07:00:00,76328.0,76425.0,74643.0,74643.0,1401900,KBS
2022-04-05 07:00:00,73921.0,75413.0,73680.0,74739.0,1260100,KBS
2022-04-06 07:00:00,74161.0,78014.0,73872.0,76473.0,2980900,KBS
2022-04-07 07:00:00,76954.0,77099.0,73969.0,74643.0,3100900,KBS
2022-04-08 07:00:00,74643.0,74643.0,72235.0,72235.0,2207100,KBS
2022-04-12 07:00:00,72235.0,73535.0,70309.0,73535.0,2644500,KBS
2022-04-13 07:00:00,72717.0,75606.0,72476.0,75221.0,3406000,KBS
2022-04-14 07:00:00,75221.0,78399.0,74643.0,76810.0,2925900,KBS
2022-04-15 07:00:00,75847.0,77966.0,75702.0,77147.0,2339800,KBS
2022-04-18 07:00:00,77532.0,78014.0,76617.0,77147.0,2616900,KBS
2022-04-19 07:00:00,76906.0,77580.0,74643.0,75124.0,3285000,KBS
2022-04-20 07:00:00,74691.0,76762.0,74065.0,75124.0,1900700,KBS
2022-04-21 07:00:00,74258.0,75847.0,74017.0,74884.0,2304500,KBS
2022-04-22 07:00:00,75413.0,75606.0,69875.0,75028.0,4049300,KBS
2022-04-25 07:00:00,74161.0,74787.0,69779.0,69779.0,3711100,KBS
2022-04-26 07:00:00,67901.0,72668.0,66938.0,71657.0,2718900,KBS
2022-04-27 07:00:00,70309.0,71031.0,68864.0,70887.0,1718600,KBS
2022-04-28 07:00:00,71031.0,71753.0,69731.0,69827.0,1526100,KBS
2022-04-29 07:00:00,69924.0,72235.0,69924.0,71850.0,1739800,KBS
2022-05-04 07:00:00,72235.0,72957.0,71513.0,71994.0,1151100,KBS
2022-05-05 07:00:00,72476.0,72476.0,69875.0,71946.0,1168700,KBS
2022-05-06 07:00:00,70550.0,71705.0,70357.0,70598.0,1085500,KBS
2022-05-09 07:00:00,69442.0,69490.0,65686.0,65686.0,2693800,KBS
2022-05-10 07:00:00,65012.0,67468.0,64048.0,67468.0,1818800,KBS
2022-05-11 07:00:00,67516.0,67901.0,66071.0,67901.0,1167000,KBS
2022-05-12 07:00:00,67371.0,67371.0,64723.0,64723.0,1705600,KBS
2022-05-13 07:00:00,64723.0,65060.0,60244.0,60244.0,2746800,KBS
2022-05-16 07:00:00,63808.0,63808.0,58366.0,59233.0,1334500,KBS
2022-05-17 07:00:00,60148.0,63374.0,58751.0,63374.0,1055800,KBS
2022-05-18 07:00:00,63422.0,64386.0,62507.0,64289.0,805600,KBS
2022-05-19 07:00:00,62604.0,64289.0,62267.0,64048.0,839200,KBS
2022-05-20 07:00:00,63808.0,65397.0,63567.0,64530.0,869200,KBS
2022-05-23 07:00:00,65012.0,65012.0,62604.0,62989.0,542100,KBS
2022-05-24 07:00:00,63037.0,64048.0,62507.0,64048.0,577700,KBS
2022-05-25 07:00:00,64723.0,68142.0,64530.0,66938.0,1558000,KBS
2022-05-26 07:00:00,67419.0,67660.0,65493.0,66938.0,716100,KBS
2022-05-27 07:00:00,67034.0,70742.0,67034.0,70646.0,2550700,KBS
2022-05-30 07:00:00,70646.0,71031.0,69057.0,69924.0,1262200,KBS
2022-05-31 07:00:00,69924.0,69924.0,68864.0,69779.0,739500,KBS
2022-06-01 07:00:00,69779.0,70790.0,69346.0,70068.0,1058700,KBS
2022-06-02 07:00:00,70550.0,72476.0,70068.0,71127.0,1806000,KBS
2022-06-03 07:00:00,71127.0,74306.0,71127.0,73776.0,1668100,KBS
2022-06-06 07:00:00,74161.0,75365.0,74161.0,74498.0,1887900,KBS
2022-06-07 07:00:00,74644.0,74644.0,72220.0,74159.0,1845100,KBS
2022-06-08 07:00:00,74789.0,76534.0,74353.0,74353.0,2076800,KBS
2022-06-09 07:00:00,74353.0,75128.0,73335.0,74062.0,1131100,KBS
2022-06-10 07:00:00,74644.0,75128.0,72705.0,72705.0,1940500,KBS
2022-06-13 07:00:00,70282.0,71493.0,67858.0,67858.0,3229000,KBS
2022-06-14 07:00:00,67131.0,69942.0,66889.0,69554.0,1606100,KBS
2022-06-15 07:00:00,70282.0,71590.0,69797.0,71590.0,2560200,KBS
2022-06-16 07:00:00,76531.0,76531.0,75175.0,76531.0,6038900,KBS
2022-06-17 07:00:00,76531.0,76531.0,73915.0,75271.0,3500500,KBS
2022-06-20 07:00:00,75562.0,75562.0,71300.0,71590.0,4483400,KBS
2022-06-21 07:00:00,72656.0,73431.0,68781.0,71203.0,3368300,KBS
2022-06-22 07:00:00,73237.0,73237.0,67037.0,67618.0,3815800,KBS
2022-06-23 07:00:00,67812.0,71203.0,67618.0,70234.0,4908000,KBS
2022-06-24 07:00:00,71203.0,71203.0,69168.0,69653.0,2716400,KBS
2022-06-27 07:00:00,69459.0,70234.0,68878.0,69265.0,3160200,KBS
2022-06-28 07:00:00,68781.0,70621.0,68781.0,70525.0,4121400,KBS
2022-06-29 07:00:00,70525.0,71687.0,68878.0,70718.0,3154200,KBS
2022-06-30 07:00:00,70815.0,70815.0,68975.0,69265.0,2401100,KBS
2022-07-01 07:00:00,69362.0,69362.0,66650.0,68103.0,3285200,KBS
2022-07-04 07:00:00,67812.0,67909.0,64518.0,65681.0,5181500,KBS
2022-07-05 07:00:00,65681.0,65681.0,62000.0,63453.0,3983400,KBS
2022-07-06 07:00:00,63453.0,64228.0,62000.0,62000.0,2398000,KBS
2022-07-07 07:00:00,62096.0,62968.0,61903.0,62000.0,1590000,KBS
2022-07-08 07:00:00,62678.0,64421.0,62387.0,62968.0,2586800,KBS
2022-07-11 07:00:00,62775.0,62871.0,62000.0,62484.0,1370100,KBS
2022-07-12 07:00:00,62775.0,62775.0,62000.0,62387.0,1606300,KBS
2022-07-13 07:00:00,62000.0,62193.0,59965.0,61612.0,3099000,KBS
2022-07-14 07:00:00,60934.0,62000.0,60353.0,60643.0,2134700,KBS
2022-07-15 07:00:00,60837.0,61225.0,59578.0,59578.0,3080300,KBS
2022-07-18 07:00:00,59578.0,60934.0,58318.0,59093.0,2540800,KBS
2022-07-19 07:00:00,59287.0,59287.0,57640.0,58125.0,2118000,KBS
2022-07-20 07:00:00,57350.0,61031.0,56381.0,59287.0,7377800,KBS
2022-07-21 07:00:00,59287.0,62484.0,59287.0,62096.0,5004300,KBS
2022-07-22 07:00:00,62871.0,64712.0,62193.0,62484.0,5454700,KBS
2022-07-25 07:00:00,62775.0,63743.0,60740.0,61321.0,4019200,KBS
2022-07-26 07:00:00,61903.0,61903.0,60837.0,61031.0,1808800,KBS
2022-07-27 07:00:00,58222.0,61031.0,58222.0,60159.0,1866300,KBS
2022-07-28 07:00:00,61031.0,61031.0,60062.0,60062.0,1950500,KBS
2022-07-29 07:00:00,60450.0,60450.0,59093.0,59093.0,3375000,KBS
2022-08-01 07:00:00,59093.0,59965.0,58125.0,59384.0,3256100,KBS
2022-08-02 07:00:00,59868.0,60546.0,59384.0,60062.0,2121500,KBS
2022-08-03 07:00:00,60062.0,60256.0,59384.0,59868.0,2660300,KBS
2022-08-04 07:00:00,60256.0,61031.0,60159.0,60740.0,4344000,KBS
2022-08-05 07:00:00,60934.0,61515.0,60643.0,60740.0,2712000,KBS
2022-08-08 07:00:00,60740.0,60934.0,60353.0,60934.0,2490100,KBS
2022-08-09 07:00:00,61128.0,61612.0,60934.0,61321.0,2806100,KBS
2022-08-10 07:00:00,61321.0,62290.0,61031.0,61612.0,1974900,KBS
2022-08-11 07:00:00,62000.0,62193.0,60546.0,61031.0,2719100,KBS
2022-08-12 07:00:00,60934.0,61709.0,60256.0,61031.0,2419300,KBS
2022-08-15 07:00:00,61321.0,62968.0,61031.0,62968.0,4433600,KBS
2022-08-16 07:00:00,62968.0,64906.0,62968.0,63937.0,3910700,KBS
2022-08-17 07:00:00,63937.0,64325.0,62968.0,62968.0,2518800,KBS
2022-08-18 07:00:00,62968.0,63743.0,61903.0,62484.0,4073800,KBS
2022-08-19 07:00:00,62484.0,63356.0,61128.0,62096.0,2276400,KBS
2022-08-22 07:00:00,62581.0,64809.0,62484.0,64421.0,5855600,KBS
2022-08-23 07:00:00,63840.0,65681.0,63840.0,64809.0,4014500,KBS
2022-08-24 07:00:00,64809.0,65100.0,64228.0,64712.0,2219300,KBS
2022-08-25 07:00:00,65584.0,66553.0,65196.0,66262.0,5153200,KBS
2022-08-26 07:00:00,66553.0,70815.0,66553.0,69943.0,10847500,KBS
2022-08-29 07:00:00,69556.0,71687.0,68490.0,71687.0,7689600,KBS
2022-08-30 07:00:00,72171.0,72656.0,70621.0,71009.0,4227200,KBS
2022-08-31 07:00:00,70234.0,71687.0,70234.0,71687.0,4620000,KBS
2022-09-05 07:00:00,71590.0,71590.0,70234.0,70234.0,2694200,KBS
2022-09-06 07:00:00,70331.0,71009.0,70137.0,70621.0,2599300,KBS
2022-09-07 07:00:00,70331.0,70525.0,68393.0,68490.0,5672100,KBS
2022-09-08 07:00:00,69265.0,70040.0,68296.0,69265.0,3748300,KBS
2022-09-09 07:00:00,69750.0,70137.0,68587.0,69750.0,2784800,KBS
2022-09-12 07:00:00,69943.0,73043.0,69846.0,71687.0,7347100,KBS
2022-09-13 07:00:00,71687.0,72075.0,71009.0,71784.0,1957900,KBS
2022-09-14 07:00:00,70428.0,71590.0,70331.0,71396.0,3704500,KBS
2022-09-15 07:00:00,71396.0,72462.0,71106.0,71590.0,3182500,KBS
2022-09-16 07:00:00,71106.0,71396.0,69168.0,69750.0,4279700,KBS
2022-09-19 07:00:00,69750.0,70525.0,66940.0,68296.0,4171600,KBS
2022-09-20 07:00:00,68684.0,69750.0,67037.0,69459.0,3380900,KBS
2022-09-21 07:00:00,68781.0,68781.0,67812.0,67812.0,3106200,KBS
2022-09-22 07:00:00,66940.0,68587.0,66165.0,67909.0,4254200,KBS
2022-09-23 07:00:00,67909.0,67909.0,66456.0,67231.0,2717600,KBS
2022-09-26 07:00:00,65681.0,66068.0,63550.0,65875.0,5240200,KBS
2022-09-27 07:00:00,65293.0,65875.0,64712.0,65003.0,1536300,KBS
2022-09-28 07:00:00,64034.0,64906.0,62968.0,62968.0,2724500,KBS
2022-09-29 07:00:00,64421.0,64421.0,61709.0,62000.0,2545200,KBS
2022-09-30 07:00:00,61709.0,62193.0,59772.0,62000.0,4371100,KBS
2022-10-03 07:00:00,60934.0,60934.0,57737.0,57737.0,4026100,KBS
2022-10-04 07:00:00,59287.0,59384.0,58222.0,59093.0,4024500,KBS
2022-10-05 07:00:00,59093.0,61128.0,59093.0,60256.0,2124200,KBS
2022-10-06 07:00:00,60256.0,60353.0,56187.0,56187.0,3170300,KBS
2022-10-07 07:00:00,54734.0,56090.0,52312.0,52312.0,5573700,KBS
2022-10-10 07:00:00,51440.0,55509.0,51343.0,55315.0,3911600,KBS
2022-10-11 07:00:00,55315.0,55800.0,52409.0,53668.0,2333500,KBS
2022-10-12 07:00:00,53765.0,56962.0,53765.0,55703.0,2886100,KBS
2022-10-13 07:00:00,55218.0,56381.0,54734.0,55800.0,1531100,KBS
2022-10-14 07:00:00,56187.0,58415.0,56187.0,58028.0,2989900,KBS
2022-10-17 07:00:00,57737.0,57737.0,55993.0,57059.0,2674800,KBS
2022-10-18 07:00:00,58028.0,58609.0,56768.0,57156.0,2054300,KBS
2022-10-19 07:00:00,57350.0,57640.0,56478.0,57156.0,1407400,KBS
2022-10-20 07:00:00,56381.0,57156.0,56090.0,56575.0,1811200,KBS
2022-10-21 07:00:00,56478.0,56478.0,52700.0,52700.0,4238200,KBS
2022-10-24 07:00:00,52797.0,53281.0,49018.0,49018.0,4828000,KBS
2022-10-25 07:00:00,49115.0,52312.0,47468.0,50375.0,4400700,KBS
2022-10-26 07:00:00,50472.0,50859.0,49018.0,50278.0,1528200,KBS
2022-10-27 07:00:00,49697.0,52215.0,49697.0,51634.0,2990400,KBS
2022-10-28 07:00:00,51828.0,52700.0,51150.0,51537.0,1802000,KBS
2022-10-31 07:00:00,50762.0,51247.0,47953.0,49987.0,3903900,KBS
2022-11-01 07:00:00,50375.0,50859.0,48534.0,48534.0,1999200,KBS
2022-11-02 07:00:00,48437.0,48728.0,45337.0,46500.0,4317000,KBS
2022-11-03 07:00:00,47468.0,48728.0,46597.0,47953.0,2600000,KBS
2022-11-04 07:00:00,46064.0,46500.0,44611.0,44611.0,5742900,KBS
2022-11-07 07:00:00,44562.0,45095.0,41511.0,41511.0,5344200,KBS
2022-11-08 07:00:00,41511.0,44175.0,40009.0,43206.0,4117000,KBS
2022-11-09 07:00:00,43593.0,44998.0,43158.0,44078.0,2156900,KBS
2022-11-10 07:00:00,43545.0,43545.0,41026.0,41026.0,3670600,KBS
2022-11-11 07:00:00,42043.0,43012.0,41656.0,41656.0,3565100,KBS
2022-11-14 07:00:00,40687.0,41414.0,39137.0,39379.0,3514300,KBS
2022-11-15 07:00:00,37006.0,38265.0,36667.0,36667.0,2983600,KBS
2022-11-16 07:00:00,34148.0,39186.0,34148.0,39186.0,8555200,KBS
2022-11-17 07:00:00,40445.0,41559.0,39525.0,40493.0,2857700,KBS
2022-11-18 07:00:00,39719.0,40929.0,38653.0,40833.0,4367700,KBS
2022-11-21 07:00:00,40639.0,40639.0,39379.0,39379.0,1762800,KBS
2022-11-22 07:00:00,38944.0,40300.0,38604.0,38944.0,3707900,KBS
2022-11-23 07:00:00,39040.0,39622.0,38847.0,39234.0,1510200,KBS
2022-11-24 07:00:00,37975.0,37975.0,36522.0,36522.0,7862600,KBS
2022-11-25 07:00:00,36376.0,37103.0,35359.0,36619.0,2595300,KBS
2022-11-28 07:00:00,37103.0,39137.0,37103.0,38895.0,4322000,KBS
2022-11-29 07:00:00,39234.0,41462.0,39234.0,41462.0,5268600,KBS
2022-11-30 07:00:00,42237.0,43593.0,41656.0,42722.0,3777700,KBS
2022-12-01 07:00:00,43593.0,44175.0,41414.0,42673.0,5855800,KBS
2022-12-02 07:00:00,42043.0,45531.0,42043.0,45531.0,6464800,KBS
2022-12-05 07:00:00,45579.0,47323.0,45579.0,46112.0,4146000,KBS
2022-12-06 07:00:00,45725.0,45725.0,42964.0,42964.0,4093900,KBS
2022-12-07 07:00:00,42964.0,43593.0,42140.0,43448.0,2930100,KBS
2022-12-08 07:00:00,44368.0,45531.0,43787.0,44562.0,2626500,KBS
2022-12-09 07:00:00,44562.0,45143.0,43933.0,44756.0,1675300,KBS
2022-12-12 07:00:00,44756.0,45822.0,43593.0,44465.0,3474400,KBS
2022-12-13 07:00:00,44320.0,44950.0,43012.0,44950.0,1956200,KBS
2022-12-14 07:00:00,45822.0,45822.0,44368.0,44998.0,2187800,KBS
2022-12-15 07:00:00,44998.0,46015.0,44708.0,45531.0,2539400,KBS
2022-12-16 07:00:00,45289.0,46451.0,44465.0,46354.0,3003400,KBS
2022-12-19 07:00:00,46112.0,47275.0,45676.0,45676.0,3782800,KBS
2022-12-20 07:00:00,45143.0,45386.0,42818.0,45047.0,3352500,KBS
2022-12-21 07:00:00,45047.0,45289.0,42964.0,44950.0,2052300,KBS
2022-12-22 07:00:00,44901.0,45240.0,43884.0,45047.0,1519800,KBS
2022-12-23 07:00:00,45047.0,45047.0,44126.0,44368.0,1584400,KBS
2022-12-26 07:00:00,44078.0,44320.0,41268.0,41268.0,2559500,KBS
2022-12-27 07:00:00,40203.0,42431.0,40203.0,42431.0,2324700,KBS
2022-12-28 07:00:00,41656.0,41850.0,40590.0,41656.0,1389600,KBS
2022-12-29 07:00:00,41172.0,41559.0,40784.0,41559.0,1212100,KBS
2022-12-30 07:00:00,41462.0,41656.0,40736.0,41559.0,1652400,KBS
2023-01-03 07:00:00,41462.0,42625.0,41172.0,42576.0,1998900,KBS
2023-01-04 07:00:00,41753.0,42915.0,41753.0,42140.0,1872700,KBS
2023-01-05 07:00:00,42528.0,42625.0,41947.0,42237.0,1102800,KBS
2023-01-06 07:00:00,42237.0,42479.0,41801.0,41801.0,1507500,KBS
2023-01-09 07:00:00,41801.0,41947.0,40687.0,40687.0,2663500,KBS
2023-01-10 07:00:00,40687.0,41268.0,40590.0,40881.0,1424300,KBS
2023-01-11 07:00:00,40978.0,41850.0,40978.0,41220.0,1461200,KBS
2023-01-12 07:00:00,41220.0,41656.0,40736.0,40784.0,986100,KBS
2023-01-13 07:00:00,41075.0,41317.0,40736.0,40736.0,1087500,KBS
2023-01-16 07:00:00,40736.0,40978.0,40397.0,40590.0,1408900,KBS
2023-01-17 07:00:00,41075.0,42043.0,40881.0,41704.0,2760600,KBS
2023-01-18 07:00:00,42140.0,43787.0,41898.0,43545.0,3686900,KBS
2023-01-19 07:00:00,43545.0,44659.0,43351.0,44175.0,3493900,KBS
2023-01-27 07:00:00,44950.0,45434.0,44465.0,44465.0,2479800,KBS
2023-01-30 07:00:00,44465.0,45337.0,43981.0,44756.0,3206700,KBS
2023-01-31 07:00:00,44465.0,45047.0,43933.0,45047.0,2723800,KBS
2023-02-01 07:00:00,44756.0,45676.0,44272.0,45628.0,7835500,KBS
2023-02-02 07:00:00,45483.0,48340.0,44853.0,48340.0,4860800,KBS
2023-02-03 07:00:00,46548.0,47081.0,46306.0,46306.0,6219600,KBS
2023-02-06 07:00:00,45531.0,45725.0,44272.0,45676.0,2653000,KBS
2023-02-07 07:00:00,45192.0,46500.0,44272.0,44272.0,2018900,KBS
2023-02-08 07:00:00,44272.0,44562.0,43109.0,43109.0,1647000,KBS
2023-02-09 07:00:00,43012.0,44029.0,42625.0,42625.0,1472800,KBS
2023-02-10 07:00:00,42625.0,43061.0,40784.0,40784.0,2032500,KBS
2023-02-13 07:00:00,40784.0,41172.0,40203.0,41172.0,1726000,KBS
2023-02-14 07:00:00,41462.0,41656.0,41075.0,41172.0,803200,KBS
2023-02-15 07:00:00,41172.0,42140.0,41172.0,41414.0,1084700,KBS
2023-02-16 07:00:00,41850.0,42140.0,41462.0,41947.0,944200,KBS
2023-02-17 07:00:00,41947.0,41947.0,41511.0,41898.0,959100,KBS
2023-02-20 07:00:00,41850.0,42915.0,41414.0,42915.0,1874700,KBS
2023-02-21 07:00:00,43012.0,43836.0,43012.0,43109.0,1405600,KBS
2023-02-22 07:00:00,42625.0,43109.0,41656.0,41656.0,1644500,KBS
2023-02-23 07:00:00,41462.0,41656.0,40687.0,41656.0,1313900,KBS
2023-02-24 07:00:00,41172.0,41608.0,40300.0,40784.0,1625600,KBS
2023-02-27 07:00:00,39719.0,40590.0,39234.0,39234.0,1974700,KBS
2023-02-28 07:00:00,39234.0,39912.0,38604.0,38750.0,1567900,KBS
2023-03-01 07:00:00,38750.0,39719.0,38023.0,39525.0,1520500,KBS
2023-03-02 07:00:00,39525.0,39719.0,38750.0,39040.0,868900,KBS
2023-03-03 07:00:00,39040.0,39331.0,38169.0,38169.0,1857500,KBS
2023-03-06 07:00:00,38701.0,39234.0,38169.0,38169.0,1474200,KBS
2023-03-07 07:00:00,38750.0,38944.0,37975.0,38459.0,1585700,KBS
2023-03-08 07:00:00,37781.0,38314.0,37442.0,38169.0,2029100,KBS
2023-03-09 07:00:00,38362.0,39283.0,38314.0,38750.0,2116000,KBS
2023-03-10 07:00:00,38653.0,38847.0,38169.0,38508.0,1573000,KBS
2023-03-13 07:00:00,38508.0,38750.0,38169.0,38169.0,1349100,KBS
2023-03-14 07:00:00,38072.0,38362.0,37103.0,37394.0,1611600,KBS
2023-03-15 07:00:00,38362.0,38847.0,38169.0,38750.0,1899200,KBS
2023-03-16 07:00:00,38750.0,38750.0,37587.0,38169.0,1665000,KBS
2023-03-17 07:00:00,38653.0,38653.0,37636.0,38169.0,953800,KBS
2023-03-20 07:00:00,37781.0,38169.0,36861.0,36909.0,2298600,KBS
2023-03-21 07:00:00,37587.0,37587.0,36328.0,37297.0,1411300,KBS
2023-03-22 07:00:00,37442.0,37442.0,36764.0,36764.0,1507000,KBS
2023-03-23 07:00:00,36425.0,36764.0,36328.0,36619.0,1238600,KBS
2023-03-24 07:00:00,36425.0,37006.0,36425.0,36764.0,1729500,KBS
2023-03-27 07:00:00,36812.0,37248.0,36667.0,36909.0,2465100,KBS
2023-03-28 07:00:00,37006.0,38072.0,36909.0,37878.0,4198400,KBS
2023-03-29 07:00:00,38023.0,38120.0,37490.0,37490.0,1830200,KBS
2023-03-30 07:00:00,37587.0,37975.0,36958.0,37394.0,2665800,KBS
2023-03-31 07:00:00,37345.0,37733.0,37054.0,37345.0,1815500,KBS
2023-04-03 07:00:00,37781.0,37975.0,37490.0,37781.0,2112100,KBS
2023-04-04 07:00:00,37878.0,38701.0,37829.0,38556.0,3133300,KBS
2023-04-05 07:00:00,38556.0,38604.0,38265.0,38508.0,1735900,KBS
2023-04-06 07:00:00,38750.0,38750.0,37829.0,37878.0,1971300,KBS
2023-04-07 07:00:00,37636.0,37829.0,37297.0,37781.0,2032200,KBS
2023-04-10 07:00:00,37975.0,39864.0,37975.0,39719.0,5829400,KBS
2023-04-11 07:00:00,39719.0,39719.0,38944.0,39428.0,2852300,KBS
2023-04-12 07:00:00,39234.0,40397.0,39234.0,39476.0,3970800,KBS
2023-04-13 07:00:00,39719.0,40009.0,39379.0,39767.0,3135000,KBS
2023-04-14 07:00:00,39961.0,40106.0,38750.0,38750.0,2679300,KBS
2023-04-17 07:00:00,38604.0,38750.0,38314.0,38604.0,1406900,KBS
2023-04-18 07:00:00,39283.0,39476.0,38701.0,38701.0,2755700,KBS
2023-04-19 07:00:00,38798.0,40009.0,38750.0,39234.0,2949400,KBS
2023-04-20 07:00:00,39234.0,39234.0,38653.0,39137.0,1416200,KBS
2023-04-21 07:00:00,39137.0,39137.0,38072.0,38072.0,2811100,KBS
2023-04-24 07:00:00,37975.0,38072.0,37054.0,37200.0,3211100,KBS
2023-04-25 07:00:00,37394.0,37587.0,36328.0,36522.0,2735300,KBS
2023-04-26 07:00:00,36522.0,37200.0,36473.0,37200.0,1835600,KBS
2023-04-27 07:00:00,37297.0,37442.0,36958.0,37442.0,1286400,KBS
2023-04-28 07:00:00,37442.0,37975.0,37394.0,37975.0,2517300,KBS
2023-05-04 07:00:00,36909.0,37684.0,36715.0,36715.0,2462500,KBS
2023-05-05 07:00:00,36715.0,36909.0,36473.0,36619.0,1173200,KBS
2023-05-08 07:00:00,36619.0,37054.0,36619.0,36667.0,1273100,KBS
2023-05-09 07:00:00,36667.0,37151.0,36667.0,36764.0,931100,KBS
2023-05-10 07:00:00,36861.0,37781.0,36715.0,37781.0,2354900,KBS
2023-05-11 07:00:00,37926.0,38120.0,37345.0,37490.0,1659900,KBS
2023-05-12 07:00:00,37539.0,37878.0,37006.0,37781.0,2033800,KBS
2023-05-15 07:00:00,37926.0,38169.0,37636.0,37684.0,2782400,KBS
2023-05-16 07:00:00,37684.0,37733.0,37006.0,37248.0,2129700,KBS
2023-05-17 07:00:00,37248.0,37442.0,36764.0,36958.0,1326900,KBS
2023-05-18 07:00:00,37345.0,37490.0,36909.0,36909.0,1747600,KBS
2023-05-19 07:00:00,36909.0,37103.0,36619.0,37103.0,1643100,KBS
2023-05-22 07:00:00,37151.0,37442.0,36861.0,37345.0,1523200,KBS
2023-05-23 07:00:00,37442.0,37587.0,37006.0,37054.0,1467700,KBS
2023-05-24 07:00:00,37200.0,37248.0,36715.0,36764.0,1246300,KBS
2023-05-25 07:00:00,36764.0,37200.0,36619.0,36812.0,1477500,KBS
2023-05-26 07:00:00,36861.0,37200.0,36812.0,37006.0,882500,KBS
2023-05-29 07:00:00,37248.0,37490.0,36958.0,37490.0,2263500,KBS
2023-05-30 07:00:00,37636.0,38556.0,37636.0,38169.0,4818400,KBS
2023-05-31 07:00:00,38072.0,38217.0,37733.0,37975.0,1975100,KBS
2023-06-01 07:00:00,38120.0,38265.0,37490.0,38072.0,2907500,KBS
2023-06-02 07:00:00,38217.0,39573.0,37975.0,39525.0,5707900,KBS
2023-06-05 07:00:00,39719.0,40300.0,39525.0,39912.0,6617800,KBS
2023-06-06 07:00:00,39912.0,40736.0,39767.0,40493.0,4665200,KBS
2023-06-07 07:00:00,40493.0,40639.0,39767.0,40493.0,4745100,KBS
2023-06-08 07:00:00,40687.0,40687.0,39331.0,39379.0,4513900,KBS
2023-06-09 07:00:00,39719.0,40106.0,39234.0,40106.0,4124000,KBS
2023-06-12 07:00:00,40348.0,41656.0,40203.0,41656.0,7248100,KBS
2023-06-13 07:00:00,42043.0,42043.0,41268.0,41656.0,3399100,KBS
2023-06-14 07:00:00,41656.0,41656.0,40736.0,40736.0,3321400,KBS
2023-06-15 07:00:00,40736.0,41075.0,40154.0,40397.0,2810300,KBS
2023-06-16 07:00:00,40639.0,40978.0,39864.0,40058.0,4410000,KBS
2023-06-19 07:00:00,40058.0,40397.0,39815.0,40203.0,2063100,KBS
2023-06-20 07:00:00,40300.0,41172.0,40300.0,41172.0,2476500,KBS
2023-06-21 07:00:00,41172.0,41365.0,40881.0,41365.0,2565900,KBS
2023-06-22 07:00:00,41511.0,42286.0,41026.0,41704.0,4105500,KBS
2023-06-23 07:00:00,41704.0,41850.0,41365.0,41559.0,2158100,KBS
2023-06-26 07:00:00,42189.0,43109.0,41268.0,42964.0,5457500,KBS
2023-06-27 07:00:00,42964.0,43497.0,42383.0,42818.0,2478000,KBS
2023-06-28 07:00:00,42818.0,43061.0,41850.0,42528.0,3989700,KBS
2023-06-29 07:00:00,42140.0,42528.0,41365.0,41365.0,3289500,KBS
2023-06-30 07:00:00,41365.0,42528.0,41172.0,41947.0,3505400,KBS
2023-07-03 07:00:00,42092.0,42286.0,41462.0,41656.0,1799500,KBS
2023-07-04 07:00:00,41559.0,42286.0,41317.0,41898.0,4437300,KBS
2023-07-05 07:00:00,42092.0,43061.0,41995.0,41995.0,7263000,KBS
2023-07-06 07:00:00,42043.0,42383.0,41511.0,41850.0,4541700,KBS
2023-07-07 07:00:00,41704.0,44078.0,41704.0,44078.0,7401500,KBS
2023-07-10 07:00:00,44611.0,46258.0,44368.0,46258.0,10232900,KBS
2023-07-11 07:00:00,46112.0,47275.0,45870.0,47275.0,8177100,KBS
2023-07-12 07:00:00,46839.0,47759.0,46693.0,47614.0,4791400,KBS
2023-07-13 07:00:00,47662.0,48340.0,47614.0,47808.0,4813500,KBS
2023-07-14 07:00:00,47808.0,47904.0,46984.0,47904.0,5904700,KBS
2023-07-17 07:00:00,47953.0,48292.0,47129.0,47129.0,2785300,KBS
2023-07-18 07:00:00,46887.0,47081.0,46258.0,46548.0,4613000,KBS
2023-07-19 07:00:00,46887.0,47420.0,46451.0,46984.0,3483900,KBS
2023-07-20 07:00:00,46887.0,47953.0,46887.0,47565.0,5454300,KBS
2023-07-21 07:00:00,47565.0,50859.0,47420.0,50859.0,11731700,KBS
2023-07-24 07:00:00,51343.0,52797.0,50375.0,52797.0,4072400,KBS
2023-07-25 07:00:00,52797.0,52797.0,51247.0,51925.0,4429400,KBS
2023-07-26 07:00:00,51925.0,52506.0,50375.0,50956.0,5446900,KBS
2023-07-27 07:00:00,51249.0,53303.0,51054.0,52912.0,5823100,KBS
2023-07-28 07:00:00,52716.0,53694.0,52032.0,53303.0,3871700,KBS
2023-07-31 07:00:00,52814.0,53010.0,51445.0,52521.0,7864600,KBS
2023-08-01 07:00:00,52912.0,52912.0,50565.0,50565.0,7531800,KBS
2023-08-02 07:00:00,50565.0,51347.0,50467.0,50565.0,5318300,KBS
2023-08-03 07:00:00,50663.0,52521.0,50271.0,51543.0,7997000,KBS
2023-08-04 07:00:00,51836.0,52032.0,51152.0,51836.0,7529400,KBS
2023-08-07 07:00:00,52521.0,53694.0,52130.0,52619.0,6494400,KBS
2023-08-08 07:00:00,52814.0,53108.0,52227.0,52423.0,5735000,KBS
2023-08-09 07:00:00,52227.0,52227.0,50858.0,51445.0,8966000,KBS
2023-08-10 07:00:00,51836.0,51836.0,50565.0,50858.0,4979900,KBS
2023-08-11 07:00:00,51054.0,52130.0,49880.0,52130.0,6318800,KBS
2023-08-14 07:00:00,52716.0,53108.0,51445.0,53010.0,9615900,KBS
2023-08-15 07:00:00,53401.0,54672.0,52814.0,52814.0,8379700,KBS
2023-08-16 07:00:00,52814.0,53108.0,51836.0,52619.0,5141100,KBS
2023-08-17 07:00:00,52912.0,53988.0,52227.0,52716.0,7226900,KBS
2023-08-18 07:00:00,52716.0,52716.0,49098.0,49098.0,14262600,KBS
2023-08-21 07:00:00,48902.0,49391.0,47679.0,47924.0,7064800,KBS
2023-08-22 07:00:00,48022.0,49098.0,46310.0,48902.0,10145800,KBS
2023-08-23 07:00:00,49587.0,49587.0,48120.0,48609.0,4957900,KBS
2023-08-24 07:00:00,48609.0,49684.0,48609.0,49195.0,5727600,KBS
2023-08-25 07:00:00,49195.0,50271.0,48902.0,49391.0,7139000,KBS
2023-08-28 07:00:00,49782.0,50760.0,49293.0,50565.0,8495500,KBS
2023-08-29 07:00:00,50663.0,52032.0,50369.0,51738.0,8303900,KBS
2023-08-30 07:00:00,51836.0,53303.0,51738.0,52619.0,7312500,KBS
2023-08-31 07:00:00,52814.0,53205.0,52325.0,52619.0,5206100,KBS
2023-09-05 07:00:00,52619.0,54281.0,52227.0,53108.0,8353500,KBS
2023-09-06 07:00:00,53108.0,54379.0,52619.0,53792.0,5121300,KBS
2023-09-07 07:00:00,53988.0,54575.0,53108.0,53792.0,5993300,KBS
2023-09-08 07:00:00,53303.0,55259.0,53303.0,54281.0,7805800,KBS
2023-09-11 07:00:00,54575.0,54966.0,52619.0,53303.0,8457600,KBS
2023-09-12 07:00:00,53303.0,54575.0,52814.0,54575.0,4794300,KBS
2023-09-13 07:00:00,54868.0,57998.0,54281.0,56237.0,16051000,KBS
2023-09-14 07:00:00,56433.0,57215.0,55846.0,56042.0,8439000,KBS
2023-09-15 07:00:00,56237.0,56237.0,54183.0,54672.0,7838900,KBS
2023-09-18 07:00:00,54379.0,54379.0,52912.0,53792.0,6610200,KBS
2023-09-19 07:00:00,53890.0,54281.0,51836.0,54281.0,8835900,KBS
2023-09-20 07:00:00,53890.0,54966.0,53401.0,54575.0,6834800,KBS
2023-09-21 07:00:00,54575.0,54575.0,53010.0,53010.0,9500900,KBS
2023-09-22 07:00:00,51934.0,52227.0,50174.0,50956.0,11804800,KBS
2023-09-25 07:00:00,50467.0,51836.0,48804.0,49880.0,7693400,KBS
2023-09-26 07:00:00,49978.0,50565.0,49391.0,50369.0,8271400,KBS
2023-09-27 07:00:00,49978.0,50858.0,49098.0,50858.0,4904400,KBS
2023-09-28 07:00:00,51738.0,53499.0,51347.0,51836.0,8909300,KBS
2023-09-29 07:00:00,52619.0,52619.0,51445.0,51445.0,4945900,KBS
2023-10-02 07:00:00,51445.0,51836.0,50663.0,50760.0,4207600,KBS
2023-10-03 07:00:00,50369.0,50369.0,47239.0,47924.0,8976200,KBS
2023-10-04 07:00:00,46946.0,48902.0,46946.0,48120.0,4826800,KBS
2023-10-05 07:00:00,48804.0,48804.0,45968.0,45968.0,6348200,KBS
2023-10-06 07:00:00,45870.0,47435.0,45283.0,47239.0,5188100,KBS
2023-10-09 07:00:00,47288.0,47826.0,46604.0,46897.0,6457800,KBS
2023-10-10 07:00:00,47337.0,48364.0,47337.0,47777.0,4821300,KBS
2023-10-11 07:00:00,47924.0,48217.0,47533.0,48217.0,3478300,KBS
2023-10-12 07:00:00,48217.0,48413.0,47142.0,47337.0,13700700,KBS
2023-10-13 07:00:00,47435.0,48413.0,47386.0,48413.0,9845400,KBS
2023-10-16 07:00:00,48413.0,49587.0,47533.0,47533.0,8502700,KBS
2023-10-17 07:00:00,47826.0,47826.0,45283.0,45283.0,7887900,KBS
2023-10-18 07:00:00,45772.0,45968.0,42691.0,43718.0,11414600,KBS
2023-10-19 07:00:00,43229.0,43718.0,42056.0,42056.0,8072300,KBS
2023-10-20 07:00:00,42056.0,44012.0,42056.0,43718.0,7022500,KBS
2023-10-23 07:00:00,43718.0,43865.0,41665.0,42056.0,8575600,KBS
2023-10-24 07:00:00,42154.0,42643.0,40833.0,42056.0,8218500,KBS
2023-10-25 07:00:00,42056.0,43229.0,42056.0,42545.0,4769400,KBS
2023-10-26 07:00:00,41273.0,41469.0,39611.0,41078.0,15050000,KBS
2023-10-27 07:00:00,41371.0,41567.0,40491.0,41078.0,4691100,KBS
2023-10-30 07:00:00,40197.0,40833.0,39611.0,39611.0,4251000,KBS
2023-10-31 07:00:00,39513.0,39806.0,36872.0,36872.0,13210100,KBS
2023-11-01 07:00:00,36188.0,36872.0,34329.0,34329.0,21092800,KBS
2023-11-02 07:00:00,35112.0,36579.0,32862.0,36188.0,21181700,KBS
2023-11-03 07:00:00,36677.0,38339.0,36188.0,38095.0,12409700,KBS
2023-11-06 07:00:00,38144.0,38144.0,36774.0,37214.0,12639800,KBS
2023-11-07 07:00:00,37068.0,38584.0,36677.0,37361.0,10423200,KBS
2023-11-08 07:00:00,37068.0,38730.0,35894.0,38730.0,19608000,KBS
2023-11-09 07:00:00,39611.0,40442.0,39024.0,39415.0,12143300,KBS
2023-11-10 07:00:00,38877.0,39415.0,38144.0,38535.0,11053600,KBS
2023-11-13 07:00:00,38682.0,39415.0,38193.0,39122.0,9192300,KBS
2023-11-14 07:00:00,40100.0,41176.0,39904.0,40589.0,15235500,KBS
2023-11-15 07:00:00,41469.0,41567.0,40442.0,40980.0,10338300,KBS
2023-11-16 07:00:00,40589.0,40687.0,39806.0,40589.0,10534200,KBS
2023-11-17 07:00:00,40589.0,41567.0,39757.0,40491.0,10996900,KBS
2023-11-20 07:00:00,39268.0,40735.0,39268.0,39660.0,7558500,KBS
2023-11-21 07:00:00,40589.0,40589.0,39708.0,40002.0,5778700,KBS
2023-11-22 07:00:00,39904.0,39953.0,38437.0,38926.0,14503500,KBS
2023-11-23 07:00:00,39122.0,39415.0,36481.0,36481.0,8073600,KBS
2023-11-24 07:00:00,37068.0,37703.0,36334.0,37703.0,11181000,KBS
2023-11-27 07:00:00,37655.0,37703.0,37166.0,37166.0,5269900,KBS
2023-11-28 07:00:00,37214.0,37312.0,36530.0,37166.0,6131600,KBS
2023-11-29 07:00:00,37312.0,38584.0,37312.0,37948.0,8518200,KBS
2023-11-30 07:00:00,37997.0,38241.0,37655.0,37655.0,4030900,KBS
2023-12-01 07:00:00,37899.0,38144.0,37214.0,37899.0,4161100,KBS
2023-12-04 07:00:00,38046.0,39562.0,37948.0,39073.0,10597400,KBS
2023-12-05 07:00:00,39073.0,39219.0,38828.0,39122.0,6197600,KBS
2023-12-06 07:00:00,39122.0,40149.0,39073.0,40051.0,9053800,KBS
2023-12-07 07:00:00,40149.0,40197.0,38633.0,39953.0,10595000,KBS
2023-12-08 07:00:00,39904.0,42056.0,39513.0,41665.0,16804000,KBS
2023-12-11 07:00:00,41665.0,41713.0,40980.0,41567.0,6207500,KBS
2023-12-12 07:00:00,41567.0,41665.0,41176.0,41567.0,5956500,KBS
2023-12-13 07:00:00,41860.0,42643.0,40638.0,40784.0,10863600,KBS
2023-12-14 07:00:00,41176.0,41371.0,40491.0,40687.0,6544400,KBS
2023-12-15 07:00:00,40687.0,40687.0,39611.0,39855.0,9350200,KBS
2023-12-18 07:00:00,40051.0,40051.0,38633.0,38730.0,8699600,KBS
2023-12-19 07:00:00,38633.0,40002.0,38339.0,39757.0,5738900,KBS
2023-12-20 07:00:00,39757.0,41469.0,39611.0,41469.0,12451800,KBS
2023-12-21 07:00:00,41273.0,41762.0,40931.0,41713.0,7205700,KBS
2023-12-22 07:00:00,41518.0,41713.0,41078.0,41420.0,6074600,KBS
2023-12-25 07:00:00,41420.0,42740.0,41420.0,41713.0,8477900,KBS
2023-12-26 07:00:00,41616.0,42202.0,41420.0,41762.0,6768400,KBS
2023-12-27 07:00:00,41762.0,42105.0,41616.0,41909.0,5243000,KBS
2023-12-28 07:00:00,41909.0,42300.0,41860.0,42105.0,6371500,KBS
2023-12-29 07:00:00,42251.0,42349.0,41713.0,41860.0,4181100,KBS
2024-01-02 07:00:00,42154.0,42349.0,41224.0,41518.0,7140400,KBS
2024-01-03 07:00:00,41469.0,42496.0,41078.0,42251.0,6083900,KBS
2024-01-04 07:00:00,42251.0,42838.0,42056.0,42251.0,8516100,KBS
2024-01-05 07:00:00,42251.0,43132.0,42056.0,42887.0,9042100,KBS
2024-01-08 07:00:00,43327.0,43327.0,42251.0,42251.0,6213200,KBS
2024-01-09 07:00:00,42202.0,42251.0,41469.0,41762.0,9017100,KBS
2024-01-10 07:00:00,41762.0,41958.0,40980.0,41322.0,6770700,KBS
2024-01-11 07:00:00,41322.0,42202.0,41273.0,41518.0,4992900,KBS
2024-01-12 07:00:00,40931.0,41665.0,40882.0,40980.0,7139700,KBS
2024-01-15 07:00:00,41616.0,42349.0,41322.0,41958.0,8986100,KBS
2024-01-16 07:00:00,41958.0,43425.0,41860.0,43327.0,17419100,KBS
2024-01-17 07:00:00,43327.0,44599.0,43327.0,43914.0,12486000,KBS
2024-01-18 07:00:00,43914.0,44843.0,43621.0,44843.0,8902000,KBS
2024-01-19 07:00:00,44990.0,45675.0,44305.0,45039.0,10717800,KBS
2024-01-22 07:00:00,45088.0,45283.0,44159.0,45137.0,7235900,KBS
2024-01-23 07:00:00,45137.0,45137.0,44256.0,44403.0,6100600,KBS
2024-01-24 07:00:00,44207.0,44452.0,43376.0,43425.0,9683400,KBS
2024-01-25 07:00:00,43278.0,44207.0,43132.0,44207.0,7530100,KBS
2024-01-26 07:00:00,44012.0,44501.0,43767.0,43914.0,3781900,KBS
2024-01-29 07:00:00,43963.0,44159.0,43523.0,43621.0,4128300,KBS
2024-01-30 07:00:00,43621.0,44452.0,43523.0,44403.0,7138200,KBS
2024-01-31 07:00:00,44696.0,44892.0,43670.0,44012.0,8743600,KBS
2024-02-01 07:00:00,44012.0,45675.0,44012.0,45185.0,11303100,KBS
2024-02-02 07:00:00,45479.0,46359.0,45088.0,46359.0,11946800,KBS
2024-02-05 07:00:00,46457.0,46555.0,45772.0,46359.0,7536900,KBS
2024-02-06 07:00:00,46457.0,46457.0,45772.0,45968.0,5404000,KBS
2024-02-07 07:00:00,45919.0,46017.0,45430.0,45577.0,5707100,KBS
2024-02-15 07:00:00,45919.0,45968.0,44843.0,44843.0,9340100,KBS
2024-02-16 07:00:00,45381.0,45577.0,44794.0,45283.0,5001500,KBS
2024-02-19 07:00:00,45479.0,46164.0,45137.0,45772.0,7504700,KBS
2024-02-20 07:00:00,45919.0,45919.0,44990.0,45772.0,7870400,KBS
2024-02-21 07:00:00,45675.0,45675.0,44990.0,45088.0,6479800,KBS
2024-02-22 07:00:00,45283.0,45283.0,44207.0,44305.0,11202700,KBS
2024-02-23 07:00:00,44305.0,44550.0,42985.0,43034.0,17637600,KBS
2024-02-26 07:00:00,43034.0,43523.0,42105.0,43376.0,13530900,KBS
2024-02-27 07:00:00,43718.0,44207.0,43425.0,43767.0,9636200,KBS
2024-02-28 07:00:00,44012.0,44843.0,43767.0,44305.0,13790900,KBS
2024-02-29 07:00:00,45381.0,45968.0,44990.0,45185.0,13891900,KBS
2024-03-01 07:00:00,45528.0,46261.0,45088.0,45577.0,15362500,KBS
2024-03-04 07:00:00,45577.0,46897.0,45577.0,46359.0,16593900,KBS
2024-03-05 07:00:00,46555.0,48902.0,46457.0,48902.0,22380300,KBS
2024-03-06 07:00:00,48902.0,49195.0,47239.0,47631.0,15082600,KBS
2024-03-07 07:00:00,47631.0,48169.0,47044.0,47924.0,9439900,KBS
2024-03-08 07:00:00,48169.0,48169.0,45968.0,46701.0,20599700,KBS
2024-03-11 07:00:00,46457.0,47239.0,45234.0,45381.0,13804500,KBS
2024-03-12 07:00:00,45137.0,46848.0,45039.0,45723.0,16650100,KBS
2024-03-13 07:00:00,45772.0,47631.0,45772.0,47484.0,8934000,KBS
2024-03-14 07:00:00,47728.0,47924.0,46066.0,46212.0,13304100,KBS
2024-03-15 07:00:00,46212.0,46653.0,45528.0,46310.0,8865700,KBS
2024-03-18 07:00:00,46164.0,46897.0,44648.0,44892.0,12153200,KBS
2024-03-19 07:00:00,44990.0,45381.0,44354.0,44501.0,8063800,KBS
2024-03-20 07:00:00,44599.0,47582.0,44599.0,46946.0,20639900,KBS
2024-03-21 07:00:00,47435.0,47875.0,46946.0,47435.0,9096600,KBS
2024-03-22 07:00:00,47631.0,48315.0,46946.0,48022.0,12080800,KBS
2024-03-25 07:00:00,47924.0,49195.0,47239.0,47239.0,10366400,KBS
2024-03-26 07:00:00,47239.0,47826.0,46750.0,47582.0,7523200,KBS
2024-03-27 07:00:00,47728.0,50271.0,47484.0,49587.0,12737300,KBS
2024-03-28 07:00:00,49684.0,51054.0,49293.0,49880.0,11651700,KBS
2024-03-29 07:00:00,49880.0,50858.0,49684.0,49978.0,11812000,KBS
2024-04-01 07:00:00,49684.0,51445.0,49587.0,50271.0,13699100,KBS
2024-04-02 07:00:00,49880.0,50467.0,48853.0,50467.0,12311500,KBS
2024-04-03 07:00:00,49880.0,50076.0,48804.0,49098.0,14384300,KBS
2024-04-04 07:00:00,48902.0,49587.0,47924.0,49587.0,13048500,KBS
2024-04-05 07:00:00,48902.0,50369.0,48364.0,49880.0,8145300,KBS
2024-04-08 07:00:00,49880.0,49880.0,48706.0,48902.0,6085000,KBS
2024-04-09 07:00:00,48902.0,51934.0,48706.0,51641.0,19487100,KBS
2024-04-10 07:00:00,51738.0,52032.0,50565.0,50858.0,10159900,KBS
2024-04-11 07:00:00,50076.0,51641.0,50076.0,51152.0,6968900,KBS
2024-04-12 07:00:00,51152.0,51445.0,50467.0,50858.0,6665600,KBS
2024-04-15 07:00:00,50565.0,50858.0,48413.0,48804.0,16505200,KBS
2024-04-16 07:00:00,48413.0,48902.0,47631.0,48804.0,11616300,KBS
2024-04-17 07:00:00,49293.0,49293.0,47875.0,48315.0,6951200,KBS
2024-04-19 07:00:00,48169.0,48217.0,46995.0,47142.0,9473100,KBS
2024-04-22 07:00:00,48120.0,48315.0,47093.0,47533.0,12292300,KBS
2024-04-23 07:00:00,48022.0,49195.0,47582.0,48706.0,18043000,KBS
2024-04-24 07:00:00,49098.0,51152.0,48755.0,51152.0,11530800,KBS
2024-04-25 07:00:00,50956.0,52619.0,50271.0,52619.0,19317400,KBS
2024-04-26 07:00:00,52325.0,53792.0,51836.0,53694.0,11864700,KBS
2024-05-02 07:00:00,54770.0,55553.0,53499.0,54379.0,21954900,KBS
2024-05-03 07:00:00,54477.0,55944.0,53792.0,54477.0,29616700,KBS
2024-05-06 07:00:00,54868.0,57509.0,54575.0,57020.0,11257200,KBS
2024-05-07 07:00:00,57509.0,58193.0,56237.0,57998.0,9460000,KBS
2024-05-08 07:00:00,57313.0,57998.0,56922.0,57802.0,8126500,KBS
2024-05-09 07:00:00,57704.0,57900.0,57118.0,57607.0,10475400,KBS
2024-05-10 07:00:00,57509.0,57704.0,56140.0,57607.0,9750700,KBS
2024-05-13 07:00:00,57607.0,57607.0,56726.0,57020.0,7241900,KBS
2024-05-14 07:00:00,57215.0,59661.0,56726.0,58780.0,16222000,KBS
2024-05-15 07:00:00,59269.0,60736.0,58682.0,59465.0,13069600,KBS
2024-05-16 07:00:00,59563.0,59758.0,58389.0,58585.0,12942100,KBS
2024-05-17 07:00:00,58487.0,58976.0,57704.0,58291.0,8962800,KBS
2024-05-20 07:00:00,58682.0,60247.0,58193.0,58682.0,9202200,KBS
2024-05-21 07:00:00,59269.0,59954.0,58682.0,59171.0,4730800,KBS
2024-05-22 07:00:00,59269.0,60247.0,58291.0,59661.0,8945300,KBS
2024-05-23 07:00:00,59367.0,60639.0,58682.0,60639.0,8859900,KBS
2024-05-24 07:00:00,59856.0,60345.0,57607.0,59171.0,13646200,KBS
2024-05-27 07:00:00,58780.0,59171.0,57900.0,58682.0,6367800,KBS
2024-05-28 07:00:00,59074.0,61421.0,58780.0,60150.0,9931000,KBS
2024-05-29 07:00:00,60247.0,60639.0,59171.0,59171.0,6883200,KBS
2024-05-30 07:00:00,58585.0,61421.0,57900.0,61421.0,14761100,KBS
2024-05-31 07:00:00,61421.0,62986.0,61030.0,62203.0,10260200,KBS
2024-06-03 07:00:00,62497.0,62692.0,61812.0,62595.0,8257800,KBS
2024-06-04 07:00:00,62595.0,62790.0,61714.0,62399.0,6569500,KBS
2024-06-05 07:00:00,61617.0,61910.0,60247.0,60639.0,13778200,KBS
2024-06-06 07:00:00,60639.0,61128.0,60247.0,60541.0,7071800,KBS
2024-06-07 07:00:00,60932.0,61421.0,60443.0,60736.0,4298200,KBS
2024-06-10 07:00:00,60834.0,61910.0,60639.0,61617.0,4849000,KBS
2024-06-11 07:00:00,61910.0,62008.0,60443.0,60932.0,6438600,KBS
2024-06-12 07:00:00,61225.0,62497.0,60639.0,62008.0,5024800,KBS
2024-06-13 07:00:00,62301.0,62986.0,61714.0,62595.0,7862300,KBS
2024-06-14 07:00:00,62595.0,62790.0,61617.0,61617.0,8119800,KBS
2024-06-17 07:00:00,61421.0,61421.0,59661.0,60639.0,9503600,KBS
2024-06-18 07:00:00,60736.0,61128.0,59758.0,60834.0,7174700,KBS
2024-06-19 07:00:00,60541.0,62301.0,60247.0,61910.0,7686100,KBS
2024-06-20 07:00:00,61812.0,62106.0,61128.0,62106.0,5638200,KBS
2024-06-21 07:00:00,61617.0,63279.0,61030.0,62106.0,7135200,KBS
2024-06-24 07:00:00,62106.0,62106.0,60150.0,60639.0,11379200,KBS
2024-06-25 07:00:00,60639.0,61323.0,60247.0,60639.0,6381000,KBS
2024-06-26 07:00:00,61128.0,61812.0,59954.0,61225.0,8185600,KBS
2024-06-27 07:00:00,60639.0,62203.0,60639.0,62008.0,8297600,KBS
2024-06-28 07:00:00,62205.0,62205.0,60726.0,61515.0,6187200,KBS
2024-07-01 07:00:00,61712.0,64867.0,61121.0,64867.0,21785800,KBS
2024-07-02 07:00:00,64867.0,65064.0,63782.0,65064.0,9245500,KBS
2024-07-03 07:00:00,64965.0,65458.0,64177.0,64571.0,7436000,KBS
2024-07-04 07:00:00,64768.0,65360.0,63979.0,64177.0,5861500,KBS
2024-07-05 07:00:00,64275.0,64867.0,64078.0,64670.0,7939400,KBS
2024-07-08 07:00:00,64670.0,66444.0,64670.0,66050.0,10448700,KBS
2024-07-09 07:00:00,66247.0,66247.0,65360.0,65853.0,7977800,KBS
2024-07-10 07:00:00,65754.0,65853.0,64275.0,64275.0,10907100,KBS
2024-07-11 07:00:00,64472.0,64768.0,63684.0,63881.0,8302000,KBS
2024-07-12 07:00:00,63881.0,64472.0,63191.0,63881.0,8736600,KBS
2024-07-15 07:00:00,63979.0,64078.0,63191.0,63388.0,3694800,KBS
2024-07-16 07:00:00,63684.0,64374.0,63191.0,63191.0,7680700,KBS
2024-07-17 07:00:00,63782.0,63782.0,61318.0,62599.0,16982000,KBS
2024-07-18 07:00:00,62599.0,64078.0,62501.0,64078.0,7938100,KBS
2024-07-19 07:00:00,64078.0,65360.0,63782.0,64670.0,12007200,KBS
2024-07-22 07:00:00,64275.0,64472.0,62895.0,64374.0,5883400,KBS
2024-07-23 07:00:00,64078.0,64078.0,61121.0,61614.0,9198000,KBS
2024-07-24 07:00:00,60726.0,61121.0,57769.0,60529.0,15062500,KBS
2024-07-25 07:00:00,59149.0,60135.0,58853.0,60135.0,4903300,KBS
2024-07-26 07:00:00,59642.0,60135.0,59543.0,60135.0,4384000,KBS
2024-07-29 07:00:00,60529.0,61515.0,60233.0,61121.0,5340200,KBS
2024-07-30 07:00:00,61121.0,62304.0,61022.0,62106.0,5470300,KBS
2024-07-31 07:00:00,62994.0,63585.0,62599.0,62895.0,10333100,KBS
2024-08-01 07:00:00,62895.0,62895.0,60628.0,61219.0,10605900,KBS
2024-08-02 07:00:00,60135.0,62008.0,59839.0,62008.0,7605200,KBS
2024-08-05 07:00:00,60628.0,61416.0,59445.0,60726.0,11577700,KBS
2024-08-06 07:00:00,60923.0,61416.0,59740.0,61416.0,6419700,KBS
2024-08-07 07:00:00,61416.0,61614.0,60628.0,61416.0,4794900,KBS
2024-08-08 07:00:00,61121.0,62008.0,61022.0,61515.0,5791600,KBS
2024-08-09 07:00:00,61811.0,64867.0,61614.0,64670.0,17518100,KBS
2024-08-12 07:00:00,64965.0,65853.0,64670.0,65655.0,11011200,KBS
2024-08-13 07:00:00,65853.0,66247.0,64571.0,65754.0,9391000,KBS
2024-08-14 07:00:00,65853.0,66050.0,64867.0,65655.0,6293000,KBS
2024-08-15 07:00:00,65360.0,65458.0,64374.0,64965.0,7146900,KBS
2024-08-16 07:00:00,65064.0,68514.0,64965.0,68021.0,18518500,KBS
2024-08-19 07:00:00,68021.0,68711.0,67627.0,68021.0,6418900,KBS
2024-08-20 07:00:00,68021.0,68514.0,67331.0,68514.0,8137200,KBS
2024-08-21 07:00:00,68416.0,69204.0,67923.0,68810.0,8947700,KBS
2024-08-22 07:00:00,68711.0,69204.0,68120.0,69007.0,5281400,KBS
2024-08-23 07:00:00,69007.0,69204.0,68317.0,69007.0,4425700,KBS
2024-08-26 07:00:00,69007.0,69796.0,68613.0,68810.0,5961000,KBS
2024-08-27 07:00:00,68416.0,68810.0,66838.0,68810.0,14475100,KBS
2024-08-28 07:00:00,68711.0,68711.0,67726.0,68416.0,6602000,KBS
2024-08-29 07:00:00,67923.0,68416.0,67627.0,68120.0,4226000,KBS
2024-08-30 07:00:00,68120.0,68810.0,67726.0,68810.0,5295100,KBS
2024-09-04 07:00:00,67726.0,68711.0,67233.0,68120.0,4462400,KBS
2024-09-05 07:00:00,67824.0,67923.0,66641.0,66937.0,8478300,KBS
2024-09-06 07:00:00,66641.0,67035.0,65853.0,67035.0,8345500,KBS
2024-09-09 07:00:00,66740.0,67035.0,66247.0,66543.0,3677000,KBS
2024-09-10 07:00:00,66543.0,67726.0,66543.0,66838.0,6456200,KBS
2024-09-11 07:00:00,66838.0,66937.0,66148.0,66838.0,6804000,KBS
2024-09-12 07:00:00,67035.0,67035.0,66247.0,66543.0,3872500,KBS
2024-09-13 07:00:00,66247.0,66543.0,65557.0,66247.0,7126500,KBS
2024-09-16 07:00:00,65951.0,66050.0,65064.0,65162.0,5295500,KBS
2024-09-17 07:00:00,65261.0,65853.0,64571.0,65853.0,8761200,KBS
2024-09-18 07:00:00,65951.0,67627.0,65853.0,67233.0,10676700,KBS
2024-09-19 07:00:00,67528.0,67528.0,66740.0,67233.0,5280600,KBS
2024-09-20 07:00:00,67627.0,67726.0,67035.0,67035.0,5016600,KBS
2024-09-23 07:00:00,67035.0,67035.0,65853.0,66345.0,5047700,KBS
2024-09-24 07:00:00,66543.0,67824.0,66543.0,67134.0,6640500,KBS
2024-09-25 07:00:00,67528.0,67726.0,67035.0,67726.0,5446300,KBS
2024-09-26 07:00:00,67824.0,68514.0,67331.0,67331.0,7182600,KBS
2024-09-27 07:00:00,67627.0,67627.0,65853.0,66543.0,13131500,KBS
2024-09-30 07:00:00,66543.0,67134.0,65951.0,67134.0,5927100,KBS
2024-10-01 07:00:00,67331.0,67726.0,66838.0,66838.0,9995700,KBS
2024-10-02 07:00:00,66543.0,66937.0,66050.0,66444.0,7157400,KBS
2024-10-03 07:00:00,66444.0,66444.0,64867.0,65360.0,14743000,KBS
2024-10-04 07:00:00,65557.0,65853.0,65261.0,65458.0,5272300,KBS
2024-10-07 07:00:00,65754.0,66148.0,64965.0,65360.0,5548200,KBS
2024-10-08 07:00:00,65754.0,65754.0,64078.0,64275.0,11008100,KBS
2024-10-09 07:00:00,64078.0,64374.0,62698.0,63289.0,20847000,KBS
2024-10-10 07:00:00,63585.0,64472.0,63191.0,64078.0,8668600,KBS
2024-10-11 07:00:00,64078.0,64374.0,62599.0,63585.0,10009100,KBS
2024-10-14 07:00:00,63979.0,64078.0,62698.0,62698.0,8405400,KBS
2024-10-15 07:00:00,62994.0,63881.0,62796.0,63487.0,12469800,KBS
2024-10-16 07:00:00,63487.0,64768.0,63388.0,64571.0,13710200,KBS
2024-10-17 07:00:00,64867.0,64867.0,64275.0,64867.0,6628300,KBS
2024-10-18 07:00:00,64965.0,65162.0,64275.0,64768.0,6162200,KBS
2024-10-21 07:00:00,64374.0,65064.0,63979.0,64867.0,4333000,KBS
2024-10-22 07:00:00,65360.0,65853.0,64571.0,65360.0,9781100,KBS
2024-10-23 07:00:00,65162.0,65360.0,64177.0,64768.0,6100300,KBS
2024-10-24 07:00:00,64472.0,65064.0,63979.0,64472.0,4641700,KBS
2024-10-25 07:00:00,64472.0,65064.0,64078.0,64571.0,4951300,KBS
2024-10-28 07:00:00,64571.0,64670.0,63979.0,64571.0,3958700,KBS
2024-10-29 07:00:00,64670.0,65557.0,64472.0,65557.0,9538500,KBS
2024-10-30 07:00:00,65557.0,65557.0,64768.0,65064.0,8927400,KBS
2024-10-31 07:00:00,65064.0,65557.0,64670.0,65557.0,6146200,KBS
2024-11-01 07:00:00,64965.0,65162.0,64571.0,65064.0,21332900,KBS
2024-11-04 07:00:00,64965.0,64965.0,63782.0,64177.0,9363400,KBS
2024-11-05 07:00:00,63979.0,64670.0,63881.0,64670.0,5272300,KBS
2024-11-06 07:00:00,64768.0,64768.0,64078.0,64670.0,5415900,KBS
2024-11-07 07:00:00,64867.0,64867.0,63881.0,64472.0,5244200,KBS
2024-11-08 07:00:00,64472.0,64472.0,63585.0,64078.0,4698600,KBS
2024-11-11 07:00:00,63585.0,64078.0,62008.0,62106.0,9390500,KBS
2024-11-12 07:00:00,62205.0,62304.0,59938.0,59938.0,10600700,KBS
2024-11-13 07:00:00,59938.0,61416.0,59445.0,61022.0,7232500,KBS
2024-11-14 07:00:00,60628.0,60726.0,59839.0,60431.0,4481400,KBS
2024-11-15 07:00:00,59938.0,60233.0,58952.0,59050.0,6648600,KBS
2024-11-18 07:00:00,59050.0,59050.0,56290.0,58065.0,12080100,KBS
2024-11-19 07:00:00,58163.0,58163.0,56684.0,56684.0,5338500,KBS
2024-11-20 07:00:00,56389.0,57276.0,55206.0,55994.0,9752900,KBS
2024-11-21 07:00:00,56192.0,58065.0,55699.0,57867.0,8166800,KBS
2024-11-22 07:00:00,57867.0,58557.0,57572.0,58163.0,5804700,KBS
2024-11-25 07:00:00,57966.0,58459.0,57769.0,58163.0,4568500,KBS
2024-11-26 07:00:00,58459.0,59248.0,58163.0,59149.0,4370400,KBS
2024-11-27 07:00:00,59050.0,60036.0,58656.0,59346.0,4937400,KBS
2024-11-28 07:00:00,59445.0,59740.0,58853.0,59149.0,3774500,KBS
2024-11-29 07:00:00,59149.0,59642.0,58065.0,59642.0,5587400,KBS
2024-12-02 07:00:00,59839.0,59839.0,59050.0,59543.0,2789900,KBS
2024-12-03 07:00:00,59248.0,59445.0,58755.0,58952.0,4019600,KBS
2024-12-04 07:00:00,58557.0,58952.0,57177.0,57276.0,8857200,KBS
2024-12-05 07:00:00,57572.0,60332.0,57276.0,60135.0,8615300,KBS
2024-12-06 07:00:00,59938.0,61022.0,59642.0,60233.0,7825300,KBS
2024-12-09 07:00:00,60726.0,60726.0,59938.0,60233.0,4410300,KBS
2024-12-10 07:00:00,60233.0,60332.0,59642.0,59938.0,4226800,KBS
2024-12-11 07:00:00,59839.0,59938.0,59050.0,59149.0,4821400,KBS
2024-12-12 07:00:00,59445.0,59642.0,59050.0,59149.0,3772900,KBS
2024-12-13 07:00:00,58952.0,60431.0,58755.0,60135.0,5596800,KBS
2024-12-16 07:00:00,60135.0,60529.0,59346.0,60135.0,3621300,KBS
2024-12-17 07:00:00,60135.0,60135.0,59346.0,59445.0,3676200,KBS
2024-12-18 07:00:00,59346.0,59642.0,59050.0,59346.0,4076200,KBS
2024-12-19 07:00:00,58952.0,59050.0,58557.0,58952.0,7103100,KBS
2024-12-20 07:00:00,59149.0,59938.0,58755.0,59740.0,3751400,KBS
2024-12-23 07:00:00,59740.0,60233.0,59642.0,60135.0,5538600,KBS
2024-12-24 07:00:00,60332.0,60431.0,59839.0,60431.0,3062600,KBS
2024-12-25 07:00:00,60431.0,61416.0,60431.0,61318.0,6300500,KBS
2024-12-26 07:00:00,61515.0,61515.0,59642.0,60628.0,6554700,KBS
2024-12-27 07:00:00,59740.0,60726.0,59543.0,60529.0,6947200,KBS
2024-12-30 07:00:00,59642.0,60332.0,59642.0,60135.0,4178100,KBS
2024-12-31 07:00:00,60036.0,60135.0,59642.0,60135.0,4520300,KBS
2025-01-02 07:00:00,60036.0,60332.0,59445.0,59740.0,3969400,KBS
2025-01-03 07:00:00,59740.0,59839.0,57769.0,57769.0,6604400,KBS
2025-01-06 07:00:00,57572.0,58459.0,56192.0,56192.0,5409900,KBS
2025-01-07 07:00:00,56487.0,56980.0,55600.0,56290.0,5532900,KBS
2025-01-08 07:00:00,56290.0,57276.0,55699.0,57276.0,3068200,KBS
2025-01-09 07:00:00,57177.0,57177.0,56684.0,56882.0,1738300,KBS
2025-01-10 07:00:00,56684.0,57177.0,56093.0,56684.0,3594100,KBS
2025-01-13 07:00:00,55797.0,56882.0,55699.0,56487.0,3791900,KBS
2025-01-14 07:00:00,56487.0,56684.0,55797.0,56389.0,2917600,KBS
2025-01-15 07:00:00,56586.0,57079.0,55994.0,56487.0,3242300,KBS
2025-01-16 07:00:00,56389.0,57177.0,56192.0,56980.0,3794300,KBS
2025-01-17 07:00:00,56487.0,56980.0,56389.0,56882.0,2697800,KBS
2025-01-20 07:00:00,56882.0,57079.0,56487.0,56684.0,2216200,KBS
2025-01-21 07:00:00,56882.0,57374.0,56389.0,56882.0,3419600,KBS
2025-01-22 07:00:00,57079.0,57177.0,56586.0,56586.0,3103000,KBS
2025-01-23 07:00:00,56487.0,58656.0,56487.0,58360.0,5657500,KBS
2025-01-24 07:00:00,58360.0,59248.0,57769.0,59248.0,6757300,KBS
2025-02-03 07:00:00,58163.0,58755.0,57670.0,58755.0,5157500,KBS
2025-02-04 07:00:00,59050.0,59050.0,58163.0,58755.0,3638100,KBS
2025-02-05 07:00:00,58755.0,58952.0,58262.0,58557.0,2780100,KBS
2025-02-06 07:00:00,58656.0,58755.0,57867.0,58262.0,4148800,KBS
2025-02-07 07:00:00,58065.0,58163.0,56980.0,58065.0,6955900,KBS
2025-02-10 07:00:00,57473.0,57473.0,56586.0,56586.0,5927400,KBS
2025-02-11 07:00:00,56586.0,56586.0,55600.0,55600.0,5986000,KBS
2025-02-12 07:00:00,55994.0,56487.0,55600.0,55600.0,4848400,KBS
2025-02-13 07:00:00,55206.0,55206.0,54023.0,54023.0,11353700,KBS
2025-02-14 07:00:00,54318.0,54516.0,53037.0,54417.0,11169000,KBS
2025-02-17 07:00:00,54417.0,54417.0,53333.0,53333.0,5933200,KBS
2025-02-18 07:00:00,53234.0,54220.0,53037.0,53727.0,4497600,KBS
2025-02-19 07:00:00,53924.0,55304.0,53628.0,55009.0,7547500,KBS
2025-02-20 07:00:00,55107.0,55896.0,54910.0,55896.0,6194500,KBS
2025-02-21 07:00:00,55994.0,57473.0,55797.0,57276.0,10123600,KBS
2025-02-24 07:00:00,57276.0,57670.0,56487.0,57572.0,6243200,KBS
2025-02-25 07:00:00,57276.0,57572.0,56586.0,57473.0,7929200,KBS
2025-02-26 07:00:00,57473.0,58262.0,56980.0,57867.0,4977600,KBS
2025-02-27 07:00:00,57867.0,57966.0,57374.0,57769.0,3222900,KBS
2025-02-28 07:00:00,57177.0,57867.0,56980.0,57473.0,5283200,KBS
2025-03-03 07:00:00,57374.0,58262.0,56980.0,57966.0,5938000,KBS
2025-03-04 07:00:00,57867.0,59050.0,57572.0,58656.0,6414100,KBS
2025-03-05 07:00:00,58952.0,59346.0,58459.0,58755.0,7188800,KBS
2025-03-06 07:00:00,58952.0,61022.0,58755.0,61022.0,13451900,KBS
2025-03-07 07:00:00,60923.0,61121.0,60431.0,61022.0,5404100,KBS
2025-03-10 07:00:00,61121.0,61416.0,60529.0,61318.0,8125200,KBS
2025-03-11 07:00:00,60529.0,62304.0,60529.0,62106.0,9576900,KBS
2025-03-12 07:00:00,62106.0,62106.0,61022.0,61811.0,8817600,KBS
2025-03-13 07:00:00,61811.0,61909.0,60332.0,60628.0,7327800,KBS
2025-03-14 07:00:00,60628.0,61416.0,60332.0,60628.0,8759800,KBS
2025-03-17 07:00:00,60825.0,61121.0,60529.0,61121.0,3541900,KBS
2025-03-18 07:00:00,61318.0,61614.0,60529.0,60923.0,5349100,KBS
2025-03-19 07:00:00,60332.0,60529.0,58163.0,58656.0,13416400,KBS
2025-03-20 07:00:00,58952.0,59149.0,58163.0,59149.0,4063500,KBS
2025-03-21 07:00:00,59149.0,59445.0,58557.0,59445.0,3129500,KBS
2025-03-24 07:00:00,58952.0,59445.0,58656.0,59445.0,2855200,KBS
2025-03-25 07:00:00,59543.0,60431.0,59050.0,59642.0,5513700,KBS
2025-03-26 07:00:00,59740.0,60332.0,59642.0,59938.0,2416100,KBS
2025-03-27 07:00:00,59938.0,59938.0,59149.0,59543.0,3190000,KBS
2025-03-28 07:00:00,59248.0,59839.0,58065.0,58952.0,7228900,KBS
2025-03-31 07:00:00,58163.0,58360.0,57276.0,58163.0,6534800,KBS
2025-04-01 07:00:00,57769.0,58065.0,56882.0,57769.0,5640900,KBS
2025-04-02 07:00:00,57769.0,58853.0,57177.0,57966.0,7441200,KBS
2025-04-03 07:00:00,54318.0,55501.0,53924.0,53924.0,14956500,KBS
2025-04-04 07:00:00,50178.0,52741.0,50178.0,52051.0,28985900,KBS
2025-04-08 07:00:00,48502.0,49291.0,48453.0,48453.0,11930200,KBS
2025-04-09 07:00:00,45101.0,48502.0,45101.0,45594.0,20206600,KBS
2025-04-10 07:00:00,48749.0,48749.0,48749.0,48749.0,411300,KBS
2025-04-11 07:00:00,50277.0,52150.0,49882.0,52150.0,12779000,KBS
2025-04-14 07:00:00,54220.0,55797.0,53530.0,55797.0,15361600,KBS
2025-04-15 07:00:00,55206.0,56783.0,54318.0,56290.0,12059800,KBS
2025-04-16 07:00:00,55797.0,56882.0,54811.0,55994.0,9252400,KBS
2025-04-17 07:00:00,55107.0,55994.0,54811.0,55994.0,5398300,KBS
2025-04-18 07:00:00,56093.0,56783.0,55403.0,55403.0,6353500,KBS
2025-04-21 07:00:00,55501.0,55797.0,54516.0,54811.0,4632900,KBS
2025-04-22 07:00:00,54614.0,56487.0,51262.0,56487.0,16304400,KBS
2025-04-23 07:00:00,57670.0,58459.0,57374.0,57966.0,8393400,KBS
2025-04-24 07:00:00,57966.0,59050.0,57572.0,58853.0,7681300,KBS
2025-04-25 07:00:00,58656.0,59642.0,58557.0,59642.0,10315100,KBS
2025-04-28 07:00:00,60036.0,61121.0,58755.0,60036.0,7707900,KBS
2025-04-29 07:00:00,59938.0,60233.0,59642.0,59938.0,5701400,KBS
2025-05-05 07:00:00,59938.0,60529.0,59149.0,60135.0,5099700,KBS
2025-05-06 07:00:00,60135.0,60332.0,59248.0,59642.0,4110300,KBS
2025-05-07 07:00:00,59050.0,59642.0,58262.0,59248.0,7742800,KBS
2025-05-08 07:00:00,59248.0,59445.0,58065.0,59445.0,9463100,KBS
2025-05-09 07:00:00,59445.0,60135.0,59248.0,59543.0,4780000,KBS
2025-05-12 07:00:00,59839.0,60036.0,59248.0,59938.0,6434100,KBS
2025-05-13 07:00:00,60332.0,62796.0,60135.0,62599.0,17084400,KBS
2025-05-14 07:00:00,62895.0,63388.0,62698.0,63092.0,9926500,KBS
2025-05-15 07:00:00,63092.0,63684.0,62106.0,63388.0,9777600,KBS
2025-05-16 07:00:00,62895.0,63585.0,62599.0,62895.0,5354600,KBS
2025-05-19 07:00:00,62599.0,63487.0,62205.0,62796.0,6532900,KBS
2025-05-20 07:00:00,62599.0,64275.0,62402.0,63782.0,11898400,KBS
2025-05-21 07:00:00,63979.0,63979.0,62698.0,63388.0,6780600,KBS
2025-05-22 07:00:00,62994.0,63881.0,62698.0,63388.0,8712800,KBS
2025-05-23 07:00:00,63289.0,63388.0,62402.0,63289.0,7274000,KBS
2025-05-26 07:00:00,63289.0,64078.0,61515.0,63585.0,7017400,KBS
2025-05-27 07:00:00,63881.0,63979.0,62599.0,63388.0,8162000,KBS
2025-05-28 07:00:00,63388.0,64571.0,63092.0,63487.0,10272900,KBS
2025-05-29 07:00:00,63585.0,63684.0,62501.0,63388.0,7333000,KBS
2025-05-30 07:00:00,62895.0,62994.0,61219.0,61219.0,12817900,KBS
2025-06-02 07:00:00,61121.0,61121.0,59149.0,60135.0,14330200,KBS
2025-06-03 07:00:00,60135.0,61909.0,60135.0,61515.0,6563500,KBS
2025-06-04 07:00:00,61909.0,61909.0,60233.0,60431.0,6679500,KBS
2025-06-05 07:00:00,60135.0,61318.0,60135.0,60825.0,5366600,KBS
2025-06-06 07:00:00,60332.0,60431.0,59543.0,59642.0,6292000,KBS
2025-06-09 07:00:00,59642.0,59839.0,59050.0,59642.0,7249100,KBS
2025-06-10 07:00:00,60135.0,62008.0,59740.0,60628.0,10555000,KBS
2025-06-11 07:00:00,60628.0,61318.0,60628.0,61022.0,4240600,KBS
2025-06-12 07:00:00,61614.0,62599.0,61219.0,62599.0,10592900,KBS
2025-06-13 07:00:00,61811.0,62501.0,60923.0,62304.0,8830700,KBS
2025-06-16 07:00:00,62106.0,63388.0,61712.0,63388.0,8355900,KBS
2025-06-17 07:00:00,63487.0,63585.0,62895.0,63487.0,5183800,KBS
2025-06-18 07:00:00,63388.0,64374.0,62698.0,62796.0,7677600,KBS
2025-06-19 07:00:00,62698.0,63388.0,62205.0,63092.0,7897700,KBS
2025-06-20 07:00:00,63092.0,63684.0,62796.0,63191.0,4814200,KBS
2025-06-23 07:00:00,62994.0,64078.0,62304.0,64078.0,7778400,KBS
2025-06-24 07:00:00,64867.0,64965.0,63979.0,63979.0,8021100,KBS
2025-06-25 07:00:00,63881.0,64275.0,63585.0,64078.0,6367900,KBS
2025-06-26 07:00:00,64078.0,64374.0,63289.0,63585.0,5205000,KBS
2025-06-27 07:00:00,63782.0,65360.0,63684.0,64867.0,11065400,KBS
2025-06-30 07:00:00,65261.0,65360.0,64472.0,64571.0,5031900,KBS
2025-07-01 07:00:00,64571.0,64867.0,63388.0,63585.0,7109600,KBS
2025-07-02 07:00:00,63585.0,64177.0,63388.0,63881.0,5786300,KBS
2025-07-03 07:00:00,63782.0,65655.0,63782.0,64472.0,12680700,KBS
2025-07-04 07:00:00,64965.0,65557.0,64571.0,65360.0,6182500,KBS
2025-07-07 07:00:00,65655.0,65853.0,64867.0,65557.0,6683300,KBS
2025-07-08 07:00:00,65655.0,66345.0,65064.0,66247.0,8520700,KBS
2025-07-09 07:00:00,66543.0,66740.0,65853.0,66740.0,7522700,KBS
2025-07-10 07:00:00,67035.0,67430.0,66345.0,67035.0,6943600,KBS
2025-07-11 07:00:00,67035.0,67134.0,66345.0,66937.0,5780200,KBS
2025-07-14 07:00:00,66937.0,68021.0,65458.0,68021.0,8671000,KBS
2025-07-15 07:00:00,68416.0,70387.0,68317.0,68317.0,10076100,KBS
2025-07-16 07:00:00,68218.0,69007.0,67528.0,69007.0,6383800,KBS
2025-07-17 07:00:00,68810.0,69796.0,68613.0,69500.0,6844300,KBS
2025-07-18 07:00:00,69500.0,70979.0,68711.0,69697.0,7740900,KBS
2025-07-21 07:00:00,69993.0,69993.0,68218.0,69007.0,7601100,KBS
2025-07-22 07:00:00,69007.0,69401.0,68021.0,69401.0,7908200,KBS
2025-07-23 07:00:00,69796.0,69993.0,69007.0,69500.0,7547700,KBS
2025-07-24 07:00:00,70000.0,70000.0,68800.0,69500.0,6607100,KBS
2025-07-25 07:00:00,69500.0,71100.0,69200.0,70100.0,6469000,KBS
2025-07-28 07:00:00,70600.0,71000.0,69600.0,70200.0,9571200,KBS
2025-07-29 07:00:00,70200.0,70200.0,66400.0,66600.0,18358200,KBS
2025-07-30 07:00:00,67500.0,67900.0,66100.0,67100.0,13161600,KBS
2025-07-31 07:00:00,67200.0,67800.0,65200.0,65300.0,14552200,KBS
2025-08-01 07:00:00,65400.0,66700.0,65200.0,65200.0,8228000,KBS
2025-08-04 07:00:00,65200.0,67000.0,65200.0,67000.0,8211500,KBS
2025-08-05 07:00:00,67300.0,69500.0,66000.0,69300.0,15697200,KBS
2025-08-06 07:00:00,68900.0,72400.0,68500.0,72400.0,18002400,KBS
2025-08-07 07:00:00,72700.0,72800.0,71600.0,72400.0,8095800,KBS
2025-08-08 07:00:00,72600.0,72800.0,70500.0,72000.0,11116900,KBS
2025-08-11 07:00:00,72000.0,73700.0,71700.0,72100.0,10677600,KBS
2025-08-12 07:00:00,72300.0,72500.0,71000.0,72200.0,7809000,KBS
2025-08-13 07:00:00,72500.0,72500.0,70000.0,70900.0,11739600,KBS
2025-08-14 07:00:00,71000.0,71900.0,70100.0,71900.0,9930500,KBS
2025-08-15 07:00:00,72000.0,72300.0,69800.0,70500.0,9112800,KBS
2025-08-18 07:00:00,70600.0,71000.0,69200.0,70000.0,8199100,KBS
2025-08-19 07:00:00,70000.0,70000.0,68000.0,68000.0,14132300,KBS
2025-08-20 07:00:00,68500.0,70700.0,68100.0,69400.0,11461600,KBS
2025-08-21 07:00:00,69400.0,71600.0,69200.0,71000.0,12495000,KBS
2025-08-22 07:00:00,69900.0,70600.0,68400.0,70300.0,10901700,KBS
2025-08-25 07:00:00,70300.0,70600.0,68600.0,68800.0,6387100,KBS
2025-08-26 07:00:00,69000.0,73600.0,68600.0,73600.0,16810900,KBS
2025-08-27 07:00:00,75000.0,76600.0,74600.0,75000.0,12565000,KBS
2025-08-28 07:00:00,75000.0,77300.0,74500.0,77300.0,11875600,KBS
2025-08-29 07:00:00,78000.0,78200.0,76600.0,78000.0,9402500,KBS
2025-09-03 07:00:00,76900.0,77600.0,75700.0,75800.0,8068800,KBS
2025-09-04 07:00:00,76000.0,77500.0,73900.0,77500.0,12031500,KBS
2025-09-05 07:00:00,78000.0,78300.0,75000.0,75000.0,9769500,KBS
2025-09-08 07:00:00,74500.0,76800.0,74000.0,74000.0,13715000,KBS
2025-09-09 07:00:00,74600.0,76000.0,73700.0,76000.0,6933700,KBS
2025-09-10 07:00:00,75600.0,76300.0,74500.0,75500.0,7770800,KBS
2025-09-11 07:00:00,75400.0,79400.0,74000.0,78800.0,18120100,KBS
2025-09-12 07:00:00,78800.0,79400.0,77800.0,79000.0,7900100,KBS
2025-09-15 07:00:00,79000.0,79600.0,78100.0,79500.0,8395500,KBS
2025-09-16 07:00:00,79600.0,81400.0,78900.0,80300.0,8927700,KBS
2025-09-17 07:00:00,79800.0,81100.0,78000.0,78000.0,8298600,KBS
2025-09-18 07:00:00,78000.0,78500.0,76700.0,78500.0,8718800,KBS
2025-09-19 07:00:00,78500.0,78900.0,77400.0,78600.0,4279300,KBS
2025-09-22 07:00:00,77900.0,77900.0,76000.0,76500.0,8126100,KBS
2025-09-23 07:00:00,76800.0,78200.0,76300.0,77800.0,4466900,KBS
2025-09-24 07:00:00,77700.0,79200.0,77100.0,79200.0,4391900,KBS
2025-09-25 07:00:00,78800.0,79000.0,78100.0,79000.0,5302400,KBS
2025-09-26 07:00:00,78300.0,79100.0,77900.0,77900.0,4081700,KBS
2025-09-29 07:00:00,77900.0,77900.0,76600.0,77000.0,6021900,KBS
2025-09-30 07:00:00,76800.0,77800.0,76200.0,77700.0,7817600,KBS
2025-10-01 07:00:00,77500.0,78300.0,77200.0,77700.0,4989600,KBS
2025-10-02 07:00:00,77800.0,78500.0,76900.0,77100.0,4725900,KBS
2025-10-03 07:00:00,77000.0,77400.0,75400.0,77000.0,9671700,KBS
2025-10-06 07:00:00,78400.0,78700.0,77200.0,77600.0,9452100,KBS
2025-10-07 07:00:00,78000.0,79500.0,77500.0,78000.0,7199900,KBS
2025-10-08 07:00:00,79000.0,81300.0,78500.0,80800.0,17337700,KBS
2025-10-09 07:00:00,80800.0,81900.0,80500.0,81500.0,7782900,KBS
2025-10-10 07:00:00,81400.0,82000.0,80600.0,82000.0,7593200,KBS
2025-10-13 07:00:00,81200.0,83000.0,81000.0,83000.0,7962500,KBS
2025-10-14 07:00:00,83900.0,85000.0,82400.0,84200.0,12093100,KBS
2025-10-15 07:00:00,84000.0,84700.0,83000.0,83300.0,5687400,KBS
2025-10-16 07:00:00,83300.0,84800.0,83000.0,84500.0,6629400,KBS
2025-10-17 07:00:00,84800.0,85900.0,83800.0,84500.0,9880500,KBS
2025-10-20 07:00:00,87000.0,87900.0,79800.0,80900.0,14226400,KBS
2025-10-21 07:00:00,82300.0,83000.0,80500.0,83000.0,12062300,KBS
2025-10-22 07:00:00,83000.0,84500.0,81600.0,84500.0,8203100,KBS
2025-10-23 07:00:00,86000.0,86800.0,84600.0,85700.0,9156600,KBS
2025-10-24 07:00:00,85500.0,85900.0,82800.0,85700.0,9652900,KBS
2025-10-27 07:00:00,85700.0,85700.0,81000.0,81000.0,9884200,KBS
2025-10-28 07:00:00,80900.0,84400.0,80400.0,84200.0,8277300,KBS
2025-10-29 07:00:00,83000.0,84400.0,83000.0,84100.0,5076100,KBS
2025-10-30 07:00:00,84200.0,84400.0,83500.0,83900.0,5652200,KBS
2025-10-31 07:00:00,83900.0,84000.0,82000.0,82600.0,6453200,KBS
2025-11-03 07:00:00,83000.0,83300.0,81000.0,81000.0,6146600,KBS
2025-11-04 07:00:00,80900.0,82000.0,78500.0,81800.0,13681700,KBS
2025-11-05 07:00:00,81500.0,81500.0,80100.0,80200.0,4679900,KBS
2025-11-06 07:00:00,80300.0,81000.0,78800.0,80300.0,4495500,KBS
2025-11-07 07:00:00,79600.0,80500.0,75500.0,76500.0,8643300,KBS
2025-11-10 07:00:00,76300.0,79300.0,76300.0,76800.0,7274200,KBS
2025-11-11 07:00:00,77500.0,79100.0,77500.0,78000.0,5881500,KBS
2025-11-12 07:00:00,78000.0,80500.0,77900.0,80500.0,5083400,KBS
2025-11-13 07:00:00,80100.0,80500.0,79500.0,80100.0,3798700,KBS
2025-11-14 07:00:00,79200.0,82000.0,79200.0,81400.0,3951700,KBS
2025-11-17 07:00:00,81200.0,82400.0,81200.0,82400.0,4514700,KBS
2025-11-18 07:00:00,82500.0,83200.0,81900.0,83000.0,4417900,KBS
2025-11-19 07:00:00,83000.0,83200.0,81600.0,82400.0,6064700,KBS
2025-11-20 07:00:00,82300.0,82300.0,80800.0,81000.0,5080700,KBS
2025-11-21 07:00:00,80400.0,80400.0,78100.0,80000.0,8331600,KBS
2025-11-24 07:00:00,80300.0,80400.0,79200.0,79300.0,4147400,KBS
2025-11-25 07:00:00,79000.0,79800.0,78500.0,78500.0,4223700,KBS
2025-11-26 07:00:00,78500.0,80200.0,78500.0,80200.0,4735000,KBS
2025-11-27 07:00:00,80000.0,80100.0,79500.0,80000.0,3506200,KBS
2025-11-28 07:00:00,80000.0,80100.0,79200.0,79900.0,3026700,KBS
2025-12-01 07:00:00,79700.0,80100.0,79500.0,80000.0,2955600,KBS
2025-12-02 07:00:00,79800.0,80100.0,79300.0,80000.0,3953000,KBS
2025-12-03 07:00:00,80200.0,85500.0,80200.0,84700.0,15177100,KBS
2025-12-04 07:00:00,85000.0,86200.0,84600.0,85800.0,7082600,KBS
2025-12-05 07:00:00,85700.0,85700.0,84100.0,85100.0,6818100,KBS
2025-12-08 07:00:00,84300.0,85100.0,83500.0,84900.0,4614500,KBS
2025-12-09 07:00:00,84500.0,84500.0,82500.0,84000.0,6672700,KBS
2025-12-10 07:00:00,83200.0,84400.0,82500.0,83000.0,4887900,KBS
2025-12-11 07:00:00,83000.0,83600.0,82300.0,82300.0,3015900,KBS
2025-12-12 07:00:00,82300.0,82300.0,78500.0,78500.0,8896500,KBS
2025-12-15 07:00:00,78400.0,79200.0,77600.0,77700.0,5323900,KBS
2025-12-16 07:00:00,77800.0,82000.0,77500.0,82000.0,7552000,KBS
2025-12-17 07:00:00,81900.0,83000.0,80800.0,81900.0,4829800,KBS
2025-12-18 07:00:00,81300.0,81600.0,80500.0,81600.0,3495200,KBS
2025-12-19 07:00:00,81500.0,83000.0,81300.0,82900.0,5439900,KBS
2025-12-22 07:00:00,82700.0,85000.0,82700.0,85000.0,7856400,KBS
2025-12-23 07:00:00,85000.0,88000.0,84900.0,87500.0,13817800,KBS
2025-12-24 07:00:00,87600.0,88000.0,87000.0,88000.0,6357400,KBS
2025-12-25 07:00:00,88000.0,90000.0,86000.0,86000.0,8091600,KBS
2025-12-26 07:00:00,84200.0,87000.0,82600.0,87000.0,9310200,KBS
2025-12-29 07:00:00,86200.0,87700.0,86100.0,87100.0,6228800,KBS
2025-12-30 07:00:00,87000.0,88500.0,86600.0,88500.0,7753100,KBS
2025-12-31 07:00:00,88000.0,88400.0,87600.0,88400.0,4804600,KBS
2026-01-05 07:00:00,87900.0,88200.0,85800.0,87400.0,5947300,KBS
2026-01-06 07:00:00,86800.0,89300.0,86800.0,88800.0,6390700,KBS
2026-01-07 07:00:00,89000.0,89900.0,88300.0,89800.0,4998000,KBS
2026-01-08 07:00:00,89800.0,89800.0,86200.0,87500.0,10543900,KBS
2026-01-09 07:00:00,86400.0,87500.0,85600.0,86000.0,6472200,KBS
2026-01-12 07:00:00,86000.0,87500.0,85000.0,87500.0,8471500,KBS
2026-01-13 07:00:00,87500.0,88700.0,86200.0,87100.0,6657100,KBS
2026-01-14 07:00:00,87100.0,87300.0,85100.0,86000.0,6951400,KBS
2026-01-15 07:00:00,85000.0,86900.0,84000.0,84000.0,7636600,KBS
2026-01-16 07:00:00,83800.0,87400.0,83800.0,87000.0,7671600,KBS
2026-01-19 07:00:00,87400.0,87400.0,85500.0,86700.0,3055300,KBS
2026-01-20 07:00:00,86700.0,88300.0,86000.0,86000.0,6841300,KBS
2026-01-21 07:00:00,85900.0,85900.0,84400.0,85400.0,5383600,KBS
2026-01-22 07:00:00,85000.0,86600.0,85000.0,86500.0,5450600,KBS
2026-01-23 07:00:00,86600.0,87700.0,85800.0,85800.0,6722800,KBS
2026-01-26 07:00:00,85800.0,85900.0,83900.0,84100.0,6030600,KBS
2026-01-27 07:00:00,84200.0,85800.0,84000.0,85000.0,5418600,KBS
2026-01-28 07:00:00,84900.0,85800.0,84300.0,85500.0,6085200,KBS
2026-01-29 07:00:00,85700.0,89500.0,85300.0,89500.0,15892000,KBS
2026-01-30 07:00:00,90000.0,93400.0,89800.0,92900.0,20845900,KBS
2026-02-02 07:00:00,93100.0,93900.0,90500.0,93700.0,13866200,KBS
2026-02-03 07:00:00,94400.0,94400.0,91500.0,91500.0,10130300,KBS
2026-02-04 07:00:00,91500.0,91900.0,90600.0,91800.0,7656400,KBS
2026-02-05 07:00:00,91700.0,91800.0,90200.0,90200.0,5643400,KBS
2026-02-06 07:00:00,89700.0,89900.0,86000.0,88400.0,13814700,KBS
2026-02-09 07:00:00,89000.0,90000.0,88500.0,89300.0,5452400,KBS
2026-02-10 07:00:00,89700.0,89700.0,87800.0,89300.0,5950600,KBS
2026-02-11 07:00:00,89500.0,91900.0,89300.0,91900.0,8987000,KBS
2026-02-12 07:00:00,92500.0,93900.0,91100.0,92900.0,7890300,KBS
2026-02-13 07:00:00,91900.0,93200.0,91500.0,92800.0,5511500,KBS
2026-02-23 07:00:00,92900.0,93100.0,91100.0,92000.0,5003100,KBS
2026-02-24 07:00:00,91600.0,92200.0,90500.0,92200.0,6601300,KBS
2026-02-25 07:00:00,92200.0,94100.0,92000.0,93000.0,8132700,KBS
2026-02-26 07:00:00,93000.0,94300.0,92500.0,93600.0,5011100,KBS
2026-02-27 07:00:00,93700.0,93900.0,92600.0,93100.0,5224300,KBS
2026-03-02 07:00:00,91800.0,92200.0,90000.0,90000.0,10738700,KBS
2026-03-03 07:00:00,90200.0,91200.0,86900.0,88200.0,13370000,KBS
2026-03-04 07:00:00,87100.0,88800.0,83800.0,88800.0,13414100,KBS
2026-03-05 07:00:00,88900.0,89000.0,85200.0,85200.0,11270500,KBS
2026-03-06 07:00:00,84800.0,84800.0,81700.0,82700.0,13359400,KBS
2026-03-09 07:00:00,77000.0,77000.0,77000.0,77000.0,4983800,KBS
2026-03-10 07:00:00,79000.0,81800.0,77400.0,81000.0,21042400,KBS
2026-03-11 07:00:00,81000.0,86600.0,80500.0,86500.0,17339300,KBS
2026-03-12 07:00:00,84000.0,86500.0,83100.0,84600.0,10104500,KBS
2026-03-13 07:00:00,84500.0,84500.0,82000.0,82000.0,6260000,KBS
2026-03-16 07:00:00,81900.0,82200.0,80400.0,80600.0,5282300,KBS
2026-03-17 07:00:00,81500.0,83800.0,81500.0,82700.0,3811100,KBS
2026-03-18 07:00:00,82800.0,84300.0,82400.0,83700.0,4304400,KBS
2026-03-19 07:00:00,82000.0,82600.0,81400.0,82400.0,7916000,KBS
2026-03-20 07:00:00,82100.0,82100.0,79700.0,79700.0,6488600,KBS
2026-03-23 07:00:00,78000.0,78100.0,74200.0,74200.0,17473900,KBS
2026-03-24 07:00:00,76600.0,76800.0,75000.0,76000.0,7903300,KBS
2026-03-25 07:00:00,77000.0,79500.0,76800.0,79200.0,7550200,KBS
2026-03-26 07:00:00,78000.0,78900.0,77400.0,78500.0,7066800,KBS
2026-03-27 07:00:00,78600.0,81800.0,78200.0,81000.0,7595000,KBS
2026-03-30 07:00:00,78900.0,80800.0,78600.0,80800.0,6027600,KBS
2026-03-31 07:00:00,80800.0,82100.0,80500.0,81800.0,6582900,KBS
2026-04-01 07:00:00,83000.0,83900.0,81800.0,82400.0,5736600,KBS
2026-04-02 07:00:00,81800.0,81800.0,80000.0,81800.0,5675700,KBS
2026-04-03 07:00:00,81500.0,81500.0,79200.0,79300.0,6903100,KBS
2026-04-06 07:00:00,78300.0,79300.0,77600.0,78300.0,6411000,KBS
2026-04-07 07:00:00,78400.0,78800.0,76600.0,78000.0,3806200,KBS
2026-04-08 07:00:00,80600.0,82000.0,79900.0,81900.0,10192500,KBS
2026-04-09 07:00:00,80900.0,82000.0,80700.0,80700.0,3649300,KBS
2026-04-10 07:00:00,81300.0,82200.0,81000.0,81500.0,4667000,KBS
2026-04-13 07:00:00,80800.0,81300.0,79800.0,81300.0,4806700,KBS
2026-04-14 07:00:00,82100.0,82700.0,81400.0,81600.0,4600700,KBS
2026-04-15 07:00:00,82000.0,82000.0,80000.0,80000.0,3798700,KBS
2026-04-16 07:00:00,80200.0,82000.0,80200.0,81300.0,5775900,KBS
2026-04-17 07:00:00,82600.0,86900.0,82500.0,86900.0,15089000,KBS
2026-04-20 07:00:00,87500.0,88500.0,86400.0,87300.0,10168300,KBS
2026-04-21 07:00:00,87400.0,87400.0,85600.0,85600.0,7226400,KBS
2026-04-22 07:00:00,85400.0,86400.0,84800.0,86400.0,9172200,KBS
2026-04-23 07:00:00,86400.0,86800.0,84300.0,84500.0,5417100,KBS
2026-04-24 07:00:00,84500.0,85200.0,83500.0,83500.0,4634400,KBS
2026-04-28 07:00:00,83700.0,85900.0,83700.0,85600.0,5380700,KBS
2026-04-29 07:00:00,85000.0,85700.0,84000.0,84000.0,4897200,KBS
2026-05-04 07:00:00,84700.0,85400.0,83400.0,84900.0,6372100,KBS
2026-05-05 07:00:00,84600.0,85400.0,84100.0,84800.0,4720200,KBS
2026-05-06 07:00:00,85200.0,86400.0,84900.0,86000.0,6696800,KBS
2026-05-07 07:00:00,86200.0,87400.0,86000.0,86000.0,6344700,KBS
2026-05-08 07:00:00,85700.0,85900.0,84600.0,84600.0,4605300,KBS
2026-05-11 07:00:00,84300.0,85200.0,83500.0,83500.0,5716900,KBS
2026-05-12 07:00:00,83500.0,84300.0,82600.0,83800.0,4934800,KBS
2026-05-13 07:00:00,84000.0,84300.0,82700.0,83700.0,3536900,KBS
2026-05-14 07:00:00,83700.0,84600.0,83200.0,84200.0,4001800,KBS
2026-05-15 07:00:00,84500.0,84600.0,82000.0,82000.0,6691900,KBS
2026-05-18 07:00:00,82000.0,82000.0,79000.0,79000.0,11953700,KBS
2026-05-19 07:00:00,79200.0,79700.0,78100.0,78200.0,7953500,KBS
2026-05-20 07:00:00,78200.0,78800.0,74200.0,77200.0,8786000,KBS
2026-05-21 07:00:00,78200.0,79500.0,77700.0,79500.0,6597700,KBS
2026-05-22 07:00:00,80200.0,81000.0,79100.0,79400.0,6083900,KBS
2026-05-25 07:00:00,80100.0,80100.0,78400.0,78700.0,2510300,KBS
2026-05-26 07:00:00,79000.0,79400.0,78300.0,78500.0,2518800,KBS
2026-05-27 07:00:00,79100.0,80400.0,78800.0,80000.0,4631100,KBS
2026-05-28 07:00:00,80000.0,80300.0,77700.0,77700.0,4026400,KBS
2026-05-29 07:00:00,77700.0,78300.0,75800.0,76300.0,7834500,KBS
2026-06-01 07:00:00,76500.0,79100.0,76500.0,79100.0,3799400,KBS
2026-06-02 07:00:00,79400.0,79400.0,77500.0,77900.0,2969500,KBS
2026-06-03 07:00:00,77800.0,78500.0,76900.0,78500.0,4801100,KBS
2026-06-04 07:00:00,78500.0,78500.0,77000.0,78400.0,4308300,KBS
2026-06-05 07:00:00,78500.0,78900.0,77600.0,78000.0,3241800,KBS
