date,open,high,low,close,volume,_source
2020-01-02 07:00:00,30810.0,31495.0,30810.0,31358.0,246400,KBS
2020-01-03 07:00:00,31358.0,31700.0,30810.0,30810.0,241590,KBS
2020-01-06 07:00:00,30810.0,31084.0,30741.0,30878.0,229640,KBS
2020-01-07 07:00:00,31495.0,31495.0,30707.0,30810.0,230380,KBS
2020-01-08 07:00:00,30981.0,31084.0,30570.0,30707.0,223140,KBS
2020-01-09 07:00:00,30810.0,31631.0,30810.0,31631.0,254490,KBS
2020-01-10 07:00:00,33549.0,33549.0,32179.0,32419.0,241690,KBS
2020-01-13 07:00:00,33549.0,33549.0,32042.0,32077.0,197070,KBS
2020-01-14 07:00:00,32077.0,32111.0,30536.0,30947.0,229000,KBS
2020-01-15 07:00:00,30981.0,31358.0,30981.0,31084.0,241350,KBS
2020-01-16 07:00:00,31084.0,32179.0,30981.0,31460.0,296190,KBS
2020-01-17 07:00:00,31495.0,32727.0,31495.0,32624.0,249380,KBS
2020-01-20 07:00:00,32658.0,32727.0,32179.0,32693.0,224150,KBS
2020-01-21 07:00:00,32864.0,33412.0,32727.0,33412.0,211160,KBS
2020-01-22 07:00:00,33480.0,33891.0,33275.0,33754.0,228850,KBS
2020-01-30 07:00:00,33754.0,33754.0,32864.0,32932.0,231170,KBS
2020-01-31 07:00:00,32932.0,32932.0,31871.0,32795.0,206920,KBS
2020-02-03 07:00:00,32795.0,32795.0,31495.0,32145.0,203100,KBS
2020-02-04 07:00:00,31905.0,32385.0,31495.0,32179.0,201150,KBS
2020-02-05 07:00:00,32179.0,32522.0,31495.0,32522.0,222280,KBS
2020-02-06 07:00:00,32522.0,33549.0,31734.0,32693.0,264330,KBS
2020-02-07 07:00:00,33206.0,34233.0,32795.0,34165.0,174180,KBS
2020-02-10 07:00:00,34233.0,34233.0,33206.0,33891.0,211940,KBS
2020-02-11 07:00:00,33891.0,34507.0,33891.0,34165.0,214390,KBS
2020-02-12 07:00:00,34165.0,34507.0,33206.0,34302.0,216440,KBS
2020-02-13 07:00:00,34302.0,34576.0,33549.0,33549.0,207360,KBS
2020-02-14 07:00:00,33549.0,34096.0,33206.0,33206.0,204550,KBS
2020-02-17 07:00:00,33206.0,33959.0,33069.0,33172.0,202320,KBS
2020-02-18 07:00:00,33206.0,33685.0,32179.0,33172.0,208080,KBS
2020-02-19 07:00:00,33206.0,33754.0,31631.0,31974.0,203850,KBS
2020-02-20 07:00:00,31974.0,32385.0,30947.0,32385.0,215250,KBS
2020-02-21 07:00:00,32179.0,32658.0,31495.0,32419.0,203480,KBS
2020-02-24 07:00:00,32522.0,32522.0,31358.0,31495.0,205980,KBS
2020-02-25 07:00:00,31495.0,32522.0,30468.0,31495.0,204330,KBS
2020-02-26 07:00:00,31837.0,32179.0,30125.0,31152.0,215690,KBS
2020-02-27 07:00:00,31152.0,31152.0,29920.0,30981.0,253400,KBS
2020-02-28 07:00:00,30810.0,30913.0,29441.0,30741.0,201450,KBS
2020-03-02 07:00:00,30468.0,31495.0,29817.0,30981.0,207580,KBS
2020-03-03 07:00:00,30981.0,31152.0,29441.0,30981.0,203770,KBS
2020-03-04 07:00:00,30468.0,31495.0,29441.0,30776.0,204190,KBS
2020-03-05 07:00:00,30810.0,31495.0,29406.0,31186.0,207070,KBS
2020-03-06 07:00:00,30125.0,31495.0,29475.0,31152.0,200870,KBS
2020-03-09 07:00:00,30810.0,31118.0,29269.0,29269.0,203680,KBS
2020-03-10 07:00:00,29441.0,30125.0,27387.0,29372.0,206690,KBS
2020-03-11 07:00:00,29372.0,30125.0,28756.0,29406.0,206830,KBS
2020-03-12 07:00:00,27421.0,29441.0,27352.0,28756.0,201540,KBS
2020-03-13 07:00:00,28756.0,28756.0,26770.0,27044.0,203350,KBS
2020-03-16 07:00:00,27044.0,28585.0,27044.0,28550.0,300590,KBS
2020-03-17 07:00:00,28550.0,28550.0,27352.0,28277.0,303130,KBS
2020-03-18 07:00:00,28277.0,28722.0,28277.0,28687.0,305910,KBS
2020-03-19 07:00:00,28756.0,29441.0,27763.0,28619.0,308470,KBS
2020-03-20 07:00:00,28071.0,29406.0,27797.0,28756.0,306560,KBS
2020-03-23 07:00:00,29030.0,29030.0,26805.0,27078.0,300850,KBS
2020-03-24 07:00:00,26702.0,28277.0,26702.0,27387.0,301380,KBS
2020-03-25 07:00:00,27387.0,28585.0,25846.0,26428.0,286000,KBS
2020-03-26 07:00:00,26428.0,27044.0,25675.0,26291.0,283620,KBS
2020-03-27 07:00:00,26291.0,27352.0,26017.0,26291.0,287380,KBS
2020-03-30 07:00:00,26291.0,26291.0,25298.0,25333.0,283710,KBS
2020-03-31 07:00:00,25333.0,25333.0,23963.0,24990.0,294330,KBS
2020-04-01 07:00:00,24990.0,24990.0,24648.0,24648.0,294640,KBS
2020-04-03 07:00:00,23963.0,24648.0,23963.0,24648.0,302650,KBS
2020-04-06 07:00:00,24648.0,26360.0,24511.0,26360.0,243950,KBS
2020-04-07 07:00:00,26702.0,27729.0,26428.0,27729.0,287500,KBS
2020-04-08 07:00:00,27387.0,27695.0,26702.0,27660.0,295210,KBS
2020-04-09 07:00:00,26702.0,28208.0,26633.0,27147.0,301440,KBS
2020-04-10 07:00:00,27147.0,27284.0,26017.0,26702.0,261870,KBS
2020-04-13 07:00:00,26702.0,27660.0,26702.0,26839.0,269840,KBS
2020-04-14 07:00:00,26839.0,26839.0,25538.0,25983.0,266060,KBS
2020-04-15 07:00:00,25983.0,26017.0,24990.0,26017.0,274210,KBS
2020-04-16 07:00:00,26017.0,27387.0,26017.0,27387.0,275680,KBS
2020-04-17 07:00:00,27387.0,29304.0,27387.0,29304.0,267790,KBS
2020-04-20 07:00:00,29783.0,30810.0,29475.0,30776.0,266790,KBS
2020-04-21 07:00:00,30810.0,31152.0,29783.0,29817.0,263960,KBS
2020-04-22 07:00:00,29817.0,30502.0,29817.0,29817.0,252060,KBS
2020-04-23 07:00:00,29817.0,31152.0,29441.0,29441.0,260340,KBS
2020-04-24 07:00:00,29441.0,29441.0,28756.0,29304.0,262070,KBS
2020-04-27 07:00:00,29098.0,29269.0,27729.0,28893.0,297190,KBS
2020-04-28 07:00:00,28893.0,30125.0,28071.0,28071.0,269500,KBS
2020-04-29 07:00:00,28448.0,28756.0,28071.0,28448.0,252750,KBS
2020-05-04 07:00:00,28448.0,28756.0,28208.0,28550.0,228410,KBS
2020-05-05 07:00:00,28550.0,30125.0,28550.0,29372.0,248080,KBS
2020-05-06 07:00:00,29372.0,31426.0,28756.0,31426.0,237560,KBS
2020-05-07 07:00:00,31426.0,33480.0,31426.0,33412.0,224980,KBS
2020-05-08 07:00:00,33412.0,34576.0,32522.0,32522.0,237010,KBS
2020-05-11 07:00:00,31837.0,33617.0,31700.0,31837.0,221450,KBS
2020-05-12 07:00:00,31837.0,33206.0,31768.0,33001.0,250820,KBS
2020-05-13 07:00:00,34233.0,34233.0,32932.0,33001.0,251000,KBS
2020-05-14 07:00:00,33001.0,33343.0,32179.0,32727.0,254720,KBS
2020-05-15 07:00:00,32727.0,33001.0,32727.0,32727.0,243720,KBS
2020-05-18 07:00:00,32727.0,32864.0,31495.0,32590.0,232450,KBS
2020-05-19 07:00:00,32590.0,32658.0,32179.0,32590.0,254850,KBS
2020-05-20 07:00:00,32590.0,33583.0,32522.0,33583.0,258240,KBS
2020-05-21 07:00:00,33583.0,35055.0,32556.0,33549.0,258160,KBS
2020-05-22 07:00:00,33549.0,33651.0,33206.0,33549.0,237730,KBS
2020-05-25 07:00:00,33549.0,33549.0,32179.0,32179.0,241740,KBS
2020-05-26 07:00:00,32179.0,33549.0,32179.0,32624.0,240060,KBS
2020-05-27 07:00:00,32624.0,33549.0,32213.0,33549.0,302850,KBS
2020-05-28 07:00:00,33549.0,33549.0,33240.0,33412.0,231990,KBS
2020-05-29 07:00:00,33412.0,33412.0,33104.0,33138.0,270100,KBS
2020-06-01 07:00:00,33138.0,33514.0,32864.0,33104.0,261180,KBS
2020-06-02 07:00:00,33104.0,33138.0,32967.0,33069.0,237430,KBS
2020-06-03 07:00:00,33069.0,33138.0,32693.0,32795.0,243460,KBS
2020-06-04 07:00:00,32795.0,32864.0,32316.0,32864.0,210450,KBS
2020-06-05 07:00:00,32864.0,32864.0,31495.0,32864.0,228380,KBS
2020-06-08 07:00:00,33206.0,33343.0,32522.0,32967.0,216600,KBS
2020-06-09 07:00:00,32967.0,32967.0,32727.0,32864.0,200280,KBS
2020-06-10 07:00:00,33446.0,33446.0,32658.0,32727.0,224570,KBS
2020-06-11 07:00:00,32727.0,32864.0,31152.0,31289.0,204580,KBS
2020-06-12 07:00:00,30810.0,32658.0,30125.0,32487.0,188270,KBS
2020-06-15 07:00:00,32522.0,32830.0,30810.0,32624.0,204560,KBS
2020-06-16 07:00:00,32624.0,33206.0,31837.0,32727.0,215210,KBS
2020-06-17 07:00:00,33172.0,33172.0,31152.0,32624.0,221410,KBS
2020-06-18 07:00:00,33069.0,33138.0,30365.0,32727.0,231100,KBS
2020-06-19 07:00:00,30810.0,32967.0,30536.0,32008.0,222370,KBS
2020-06-22 07:00:00,32316.0,32487.0,29817.0,31597.0,243790,KBS
2020-06-23 07:00:00,31597.0,31837.0,29612.0,31221.0,214040,KBS
2020-06-24 07:00:00,30468.0,31152.0,30468.0,31152.0,229280,KBS
2020-06-25 07:00:00,30194.0,31837.0,30194.0,30810.0,204410,KBS
2020-06-26 07:00:00,29494.0,31295.0,29494.0,30464.0,213070,KBS
2020-06-29 07:00:00,29425.0,31502.0,28733.0,30741.0,211220,KBS
2020-06-30 07:00:00,30394.0,31052.0,28941.0,30291.0,204380,KBS
2020-07-01 07:00:00,30464.0,31502.0,30429.0,31121.0,205750,KBS
2020-07-02 07:00:00,31848.0,31848.0,29633.0,30914.0,165600,KBS
2020-07-03 07:00:00,31156.0,31260.0,28941.0,30775.0,303860,KBS
2020-07-06 07:00:00,30775.0,30914.0,29079.0,30879.0,260480,KBS
2020-07-07 07:00:00,30118.0,30845.0,29079.0,30568.0,200760,KBS
2020-07-08 07:00:00,30464.0,31121.0,28802.0,29633.0,225990,KBS
2020-07-09 07:00:00,29633.0,30083.0,28040.0,29771.0,284830,KBS
2020-07-10 07:00:00,29079.0,29771.0,29010.0,29425.0,255480,KBS
2020-07-13 07:00:00,28733.0,29771.0,28733.0,29702.0,268250,KBS
2020-07-14 07:00:00,29771.0,30464.0,29598.0,29944.0,312740,KBS
2020-07-15 07:00:00,29425.0,30464.0,29425.0,30464.0,256590,KBS
2020-07-16 07:00:00,30464.0,31156.0,29806.0,31156.0,205510,KBS
2020-07-17 07:00:00,30464.0,31225.0,30464.0,30948.0,195000,KBS
2020-07-20 07:00:00,31295.0,31295.0,30048.0,30983.0,125920,KBS
2020-07-21 07:00:00,30464.0,31156.0,29079.0,30810.0,203250,KBS
2020-07-22 07:00:00,30879.0,31156.0,30810.0,30845.0,233700,KBS
2020-07-23 07:00:00,30914.0,31156.0,30845.0,30948.0,210030,KBS
2020-07-24 07:00:00,31641.0,31641.0,29806.0,30983.0,178630,KBS
2020-07-27 07:00:00,30810.0,30948.0,30498.0,30810.0,191980,KBS
2020-07-28 07:00:00,30810.0,31571.0,30810.0,31260.0,224860,KBS
2020-07-29 07:00:00,31641.0,31641.0,30533.0,30568.0,191070,KBS
2020-07-30 07:00:00,30464.0,30810.0,30187.0,30637.0,272260,KBS
2020-07-31 07:00:00,29114.0,31295.0,29114.0,30741.0,225520,KBS
2020-08-03 07:00:00,30879.0,32887.0,30879.0,32679.0,192950,KBS
2020-08-04 07:00:00,32541.0,33233.0,32402.0,33095.0,204910,KBS
2020-08-05 07:00:00,33095.0,33579.0,32195.0,32195.0,220260,KBS
2020-08-06 07:00:00,32195.0,33233.0,31225.0,32298.0,166090,KBS
2020-08-07 07:00:00,32298.0,33925.0,31848.0,33095.0,210130,KBS
2020-08-10 07:00:00,34583.0,34583.0,32679.0,32956.0,168150,KBS
2020-08-11 07:00:00,31848.0,32541.0,31225.0,32402.0,219360,KBS
2020-08-12 07:00:00,32402.0,33579.0,32056.0,32541.0,221840,KBS
2020-08-13 07:00:00,32610.0,34479.0,32610.0,32956.0,151560,KBS
2020-08-14 07:00:00,33025.0,33925.0,32956.0,33060.0,154200,KBS
2020-08-17 07:00:00,31848.0,33579.0,31156.0,33579.0,160990,KBS
2020-08-18 07:00:00,32679.0,32956.0,32229.0,32852.0,186160,KBS
2020-08-19 07:00:00,32541.0,33925.0,32541.0,32783.0,193460,KBS
2020-08-20 07:00:00,32818.0,33925.0,32783.0,32852.0,155550,KBS
2020-08-21 07:00:00,32541.0,33925.0,32402.0,33129.0,168470,KBS
2020-08-24 07:00:00,32195.0,35379.0,31918.0,35379.0,167520,KBS
2020-08-25 07:00:00,34756.0,37803.0,34756.0,37803.0,201350,KBS
2020-08-26 07:00:00,36695.0,40434.0,36695.0,40434.0,179870,KBS
2020-08-27 07:00:00,40849.0,42995.0,38772.0,42926.0,161080,KBS
2020-08-28 07:00:00,41888.0,42926.0,40157.0,40849.0,213460,KBS
2020-08-31 07:00:00,40918.0,42234.0,38772.0,39118.0,149750,KBS
2020-09-01 07:00:00,38772.0,40157.0,38080.0,40157.0,162540,KBS
2020-09-03 07:00:00,38772.0,41818.0,38080.0,41749.0,154160,KBS
2020-09-04 07:00:00,42788.0,42788.0,41195.0,41195.0,172680,KBS
2020-09-07 07:00:00,41195.0,41335.0,39101.0,41195.0,174980,KBS
2020-09-08 07:00:00,42592.0,43290.0,39101.0,39310.0,155060,KBS
2020-09-09 07:00:00,39101.0,39450.0,37774.0,38053.0,174010,KBS
2020-09-10 07:00:00,38402.0,38402.0,37215.0,37844.0,206930,KBS
2020-09-11 07:00:00,37704.0,38751.0,37006.0,38751.0,140320,KBS
2020-09-14 07:00:00,38751.0,41195.0,38053.0,41195.0,210970,KBS
2020-09-15 07:00:00,41195.0,41684.0,39659.0,40148.0,210590,KBS
2020-09-16 07:00:00,40497.0,40497.0,38402.0,40148.0,156320,KBS
2020-09-17 07:00:00,40427.0,40427.0,38263.0,38961.0,199690,KBS
2020-09-18 07:00:00,38961.0,39101.0,38542.0,38821.0,172770,KBS
2020-09-21 07:00:00,38402.0,39938.0,37704.0,39799.0,325280,KBS
2020-09-22 07:00:00,39450.0,40288.0,38402.0,39101.0,157590,KBS
2020-09-23 07:00:00,39450.0,39659.0,37983.0,39450.0,180760,KBS
2020-09-24 07:00:00,40148.0,40497.0,37704.0,38053.0,250610,KBS
2020-09-25 07:00:00,38053.0,38193.0,36657.0,37146.0,139190,KBS
2020-09-28 07:00:00,37146.0,37355.0,36727.0,37355.0,197530,KBS
2020-09-29 07:00:00,37355.0,37983.0,36308.0,37704.0,319370,KBS
2020-09-30 07:00:00,37704.0,37914.0,37564.0,37704.0,128410,KBS
2020-10-01 07:00:00,37704.0,38193.0,36657.0,37983.0,157800,KBS
2020-10-02 07:00:00,37983.0,38402.0,36657.0,36796.0,139840,KBS
2020-10-05 07:00:00,36796.0,37006.0,36238.0,37006.0,192950,KBS
2020-10-06 07:00:00,37006.0,37285.0,36796.0,37146.0,217390,KBS
2020-10-07 07:00:00,37146.0,37215.0,36657.0,36657.0,173620,KBS
2020-10-08 07:00:00,36866.0,37355.0,36308.0,36657.0,142350,KBS
2020-10-09 07:00:00,36657.0,36796.0,34911.0,36517.0,163070,KBS
2020-10-12 07:00:00,36936.0,36936.0,34911.0,36377.0,133110,KBS
2020-10-13 07:00:00,37006.0,37006.0,34632.0,36447.0,143180,KBS
2020-10-14 07:00:00,36308.0,37006.0,34597.0,36447.0,132670,KBS
2020-10-15 07:00:00,35609.0,36308.0,34632.0,34911.0,136330,KBS
2020-10-16 07:00:00,35609.0,35959.0,34911.0,35749.0,175510,KBS
2020-10-19 07:00:00,35260.0,36238.0,34213.0,35609.0,198080,KBS
2020-10-20 07:00:00,35260.0,35749.0,34632.0,35609.0,157490,KBS
2020-10-21 07:00:00,36238.0,36238.0,34911.0,35609.0,169150,KBS
2020-10-22 07:00:00,35609.0,35609.0,34213.0,35540.0,148380,KBS
2020-10-23 07:00:00,35959.0,35959.0,34562.0,35609.0,126370,KBS
2020-10-26 07:00:00,35959.0,35959.0,34911.0,35609.0,152200,KBS
2020-10-27 07:00:00,35609.0,35679.0,33864.0,35330.0,203890,KBS
2020-10-28 07:00:00,34911.0,35330.0,34073.0,35330.0,182090,KBS
2020-10-29 07:00:00,35330.0,35330.0,34562.0,35330.0,146400,KBS
2020-10-30 07:00:00,35609.0,35609.0,34562.0,34562.0,200950,KBS
2020-11-02 07:00:00,34352.0,35403.0,33651.0,35403.0,185120,KBS
2020-11-03 07:00:00,35754.0,37857.0,35754.0,36385.0,268280,KBS
2020-11-04 07:00:00,36455.0,37156.0,36455.0,37156.0,165920,KBS
2020-11-05 07:00:00,37156.0,37156.0,35754.0,36665.0,173780,KBS
2020-11-06 07:00:00,36665.0,36876.0,35754.0,36455.0,143010,KBS
2020-11-09 07:00:00,36665.0,36665.0,35123.0,36385.0,148270,KBS
2020-11-10 07:00:00,36455.0,36455.0,35193.0,36104.0,141940,KBS
2020-11-11 07:00:00,36385.0,36385.0,35333.0,35894.0,133640,KBS
2020-11-12 07:00:00,35894.0,36104.0,35403.0,36104.0,197020,KBS
2020-11-13 07:00:00,36104.0,37156.0,35754.0,35824.0,129640,KBS
2020-11-16 07:00:00,36455.0,36455.0,34702.0,35614.0,143410,KBS
2020-11-17 07:00:00,36385.0,36385.0,35403.0,35824.0,131590,KBS
2020-11-18 07:00:00,36385.0,36385.0,35123.0,35403.0,178470,KBS
2020-11-19 07:00:00,36034.0,36034.0,34001.0,34141.0,150960,KBS
2020-11-20 07:00:00,34141.0,36034.0,34141.0,36034.0,136990,KBS
2020-11-23 07:00:00,36455.0,37016.0,35754.0,36104.0,156330,KBS
2020-11-24 07:00:00,36104.0,36385.0,34352.0,36034.0,156110,KBS
2020-11-25 07:00:00,36034.0,36315.0,34212.0,35333.0,161470,KBS
2020-11-26 07:00:00,34702.0,36034.0,34352.0,35684.0,169390,KBS
2020-11-27 07:00:00,35684.0,36385.0,34317.0,34772.0,167210,KBS
2020-11-30 07:00:00,35053.0,35053.0,34141.0,34807.0,209800,KBS
2020-12-01 07:00:00,34352.0,34878.0,33651.0,34878.0,202600,KBS
2020-12-02 07:00:00,34702.0,35123.0,34352.0,34878.0,155400,KBS
2020-12-03 07:00:00,34878.0,35018.0,34702.0,34772.0,163840,KBS
2020-12-04 07:00:00,34352.0,34878.0,34352.0,34527.0,220810,KBS
2020-12-07 07:00:00,34527.0,34667.0,34492.0,34527.0,144500,KBS
2020-12-08 07:00:00,34352.0,34772.0,34106.0,34352.0,205260,KBS
2020-12-09 07:00:00,34352.0,34632.0,34106.0,34282.0,208300,KBS
2020-12-10 07:00:00,34282.0,34702.0,34212.0,34282.0,199800,KBS
2020-12-11 07:00:00,33511.0,35053.0,33511.0,34352.0,276610,KBS
2020-12-14 07:00:00,34702.0,34843.0,34001.0,34106.0,207450,KBS
2020-12-15 07:00:00,34352.0,34352.0,32214.0,33300.0,202200,KBS
2020-12-16 07:00:00,33651.0,34212.0,33511.0,33651.0,200080,KBS
2020-12-17 07:00:00,33651.0,33791.0,33370.0,33475.0,181440,KBS
2020-12-18 07:00:00,33300.0,33791.0,33230.0,33651.0,197260,KBS
2020-12-21 07:00:00,34001.0,34141.0,33616.0,34141.0,242080,KBS
2020-12-22 07:00:00,34177.0,34632.0,33791.0,33931.0,185890,KBS
2020-12-23 07:00:00,33931.0,34141.0,33756.0,33931.0,269870,KBS
2020-12-24 07:00:00,33721.0,33966.0,32809.0,33440.0,211660,KBS
2020-12-25 07:00:00,33440.0,34702.0,32950.0,33756.0,217810,KBS
2020-12-28 07:00:00,34001.0,34492.0,34001.0,34001.0,226990,KBS
2020-12-29 07:00:00,34212.0,35754.0,34001.0,35403.0,473710,KBS
2020-12-30 07:00:00,35614.0,37857.0,35544.0,37857.0,319270,KBS
2020-12-31 07:00:00,37857.0,40451.0,37156.0,39820.0,489610,KBS
2021-01-04 07:00:00,40311.0,41713.0,39890.0,40942.0,520700,KBS
2021-01-05 07:00:00,41012.0,41152.0,39960.0,40661.0,349300,KBS
2021-01-06 07:00:00,41362.0,43466.0,41362.0,41923.0,481600,KBS
2021-01-07 07:00:00,42414.0,44096.0,42414.0,43956.0,543300,KBS
2021-01-08 07:00:00,44167.0,45779.0,44167.0,44447.0,380600,KBS
2021-01-11 07:00:00,44447.0,45569.0,43395.0,44868.0,456800,KBS
2021-01-12 07:00:00,44517.0,45218.0,43466.0,45218.0,432300,KBS
2021-01-13 07:00:00,45358.0,48373.0,45218.0,48022.0,440900,KBS
2021-01-14 07:00:00,48233.0,48583.0,46901.0,47181.0,366900,KBS
2021-01-15 07:00:00,47321.0,48022.0,45218.0,45919.0,445500,KBS
2021-01-18 07:00:00,46130.0,47602.0,45148.0,47181.0,405600,KBS
2021-01-19 07:00:00,47181.0,47672.0,45569.0,47672.0,231600,KBS
2021-01-20 07:00:00,47321.0,47672.0,46270.0,47462.0,282500,KBS
2021-01-21 07:00:00,47672.0,48163.0,45008.0,46340.0,329400,KBS
2021-01-22 07:00:00,45218.0,48022.0,45218.0,47251.0,416600,KBS
2021-01-25 07:00:00,47672.0,48022.0,46690.0,46971.0,326200,KBS
2021-01-26 07:00:00,47111.0,47391.0,46270.0,46270.0,194400,KBS
2021-01-27 07:00:00,46971.0,47111.0,44167.0,44868.0,255100,KBS
2021-01-28 07:00:00,44517.0,44657.0,41783.0,42063.0,298800,KBS
2021-01-29 07:00:00,41362.0,45008.0,39610.0,44868.0,384600,KBS
2021-02-01 07:00:00,44868.0,44868.0,43466.0,44727.0,333600,KBS
2021-02-02 07:00:00,44868.0,47812.0,43466.0,46971.0,427500,KBS
2021-02-03 07:00:00,47672.0,49425.0,44868.0,49425.0,450400,KBS
2021-02-04 07:00:00,49495.0,50897.0,49284.0,50476.0,329500,KBS
2021-02-05 07:00:00,50476.0,52369.0,50476.0,51458.0,377000,KBS
2021-02-08 07:00:00,50476.0,52018.0,47882.0,51528.0,334700,KBS
2021-02-09 07:00:00,51598.0,55103.0,51598.0,55103.0,513000,KBS
2021-02-17 07:00:00,55243.0,58959.0,55173.0,58959.0,435200,KBS
2021-02-18 07:00:00,59029.0,59590.0,57417.0,57767.0,302100,KBS
2021-02-19 07:00:00,56435.0,56435.0,53771.0,54332.0,407200,KBS
2021-02-22 07:00:00,54332.0,54332.0,50827.0,54051.0,326300,KBS
2021-02-23 07:00:00,53000.0,53280.0,50476.0,50476.0,282100,KBS
2021-02-24 07:00:00,50616.0,52790.0,50476.0,52579.0,312900,KBS
2021-02-25 07:00:00,52579.0,53631.0,50686.0,51177.0,302000,KBS
2021-02-26 07:00:00,50827.0,50827.0,47602.0,48373.0,383200,KBS
2021-03-01 07:00:00,48373.0,50897.0,45008.0,50897.0,447200,KBS
2021-03-02 07:00:00,50897.0,51037.0,49214.0,50686.0,226600,KBS
2021-03-03 07:00:00,50686.0,50757.0,48373.0,50757.0,251100,KBS
2021-03-04 07:00:00,50546.0,50546.0,47251.0,47251.0,172200,KBS
2021-03-05 07:00:00,44026.0,48723.0,44026.0,48653.0,306100,KBS
2021-03-08 07:00:00,49074.0,49074.0,45919.0,49004.0,313900,KBS
2021-03-09 07:00:00,48723.0,49004.0,46620.0,49004.0,212100,KBS
2021-03-10 07:00:00,49004.0,49004.0,45919.0,47321.0,232300,KBS
2021-03-11 07:00:00,47321.0,48723.0,45078.0,48723.0,386800,KBS
2021-03-12 07:00:00,48022.0,48303.0,46971.0,48303.0,321700,KBS
2021-03-15 07:00:00,48022.0,48022.0,46480.0,47602.0,376500,KBS
2021-03-16 07:00:00,47321.0,47812.0,45218.0,46270.0,376700,KBS
2021-03-17 07:00:00,46982.0,47978.0,43778.0,47693.0,388100,KBS
2021-03-18 07:00:00,46982.0,48334.0,46270.0,48049.0,346300,KBS
2021-03-19 07:00:00,47693.0,47693.0,45914.0,47693.0,382900,KBS
2021-03-22 07:00:00,47409.0,47409.0,45202.0,45914.0,304700,KBS
2021-03-23 07:00:00,45273.0,45558.0,44134.0,44846.0,362500,KBS
2021-03-24 07:00:00,44490.0,44490.0,43066.0,43778.0,342500,KBS
2021-03-25 07:00:00,43422.0,45914.0,41287.0,45700.0,484900,KBS
2021-03-26 07:00:00,43422.0,46270.0,43422.0,46270.0,331500,KBS
2021-03-29 07:00:00,46270.0,46270.0,45202.0,45700.0,329900,KBS
2021-03-30 07:00:00,45700.0,45843.0,43280.0,44134.0,418900,KBS
2021-03-31 07:00:00,44134.0,45344.0,43992.0,44846.0,347800,KBS
2021-04-01 07:00:00,44846.0,46341.0,44846.0,46270.0,413400,KBS
2021-04-02 07:00:00,46270.0,46839.0,46056.0,46626.0,324000,KBS
2021-04-05 07:00:00,46554.0,46626.0,45700.0,46483.0,396800,KBS
2021-04-06 07:00:00,46483.0,46483.0,44490.0,45131.0,407200,KBS
2021-04-07 07:00:00,45131.0,45131.0,43992.0,44846.0,311300,KBS
2021-04-08 07:00:00,44775.0,44846.0,44490.0,44846.0,362300,KBS
2021-04-09 07:00:00,44846.0,44988.0,42711.0,44917.0,418400,KBS
2021-04-12 07:00:00,44846.0,44988.0,44561.0,44846.0,420700,KBS
2021-04-13 07:00:00,44846.0,44988.0,44561.0,44846.0,361800,KBS
2021-04-14 07:00:00,44846.0,44846.0,43066.0,43778.0,356100,KBS
2021-04-15 07:00:00,43849.0,44490.0,43066.0,44490.0,448700,KBS
2021-04-16 07:00:00,44490.0,44490.0,43422.0,43778.0,305900,KBS
2021-04-19 07:00:00,43778.0,44134.0,42711.0,44063.0,288200,KBS
2021-04-20 07:00:00,44063.0,44490.0,43422.0,43422.0,391800,KBS
2021-04-22 07:00:00,43422.0,43849.0,41999.0,41999.0,375500,KBS
2021-04-23 07:00:00,42070.0,42853.0,41999.0,42853.0,335900,KBS
2021-04-26 07:00:00,42853.0,42853.0,41216.0,42355.0,455100,KBS
2021-04-27 07:00:00,42355.0,43422.0,41999.0,43422.0,565700,KBS
2021-04-28 07:00:00,43636.0,44704.0,43422.0,44063.0,403500,KBS
2021-04-29 07:00:00,44063.0,45344.0,44063.0,44846.0,463500,KBS
2021-05-04 07:00:00,44348.0,45344.0,43422.0,45131.0,337500,KBS
2021-05-05 07:00:00,45202.0,46697.0,45202.0,46554.0,431800,KBS
2021-05-06 07:00:00,46554.0,46839.0,45985.0,46270.0,222100,KBS
2021-05-07 07:00:00,46412.0,46412.0,43707.0,45131.0,298000,KBS
2021-05-10 07:00:00,45202.0,45202.0,44704.0,44988.0,273000,KBS
2021-05-11 07:00:00,45060.0,45131.0,44632.0,45060.0,347700,KBS
2021-05-12 07:00:00,45202.0,45202.0,44917.0,44917.0,351100,KBS
2021-05-13 07:00:00,44704.0,44988.0,43992.0,43992.0,343700,KBS
2021-05-14 07:00:00,43921.0,43992.0,41999.0,43778.0,388400,KBS
2021-05-17 07:00:00,43849.0,44704.0,43849.0,44419.0,365000,KBS
2021-05-18 07:00:00,44490.0,44561.0,44134.0,44134.0,297900,KBS
2021-05-19 07:00:00,44134.0,44419.0,41144.0,41287.0,249000,KBS
2021-05-20 07:00:00,41287.0,42426.0,40433.0,42426.0,407800,KBS
2021-05-21 07:00:00,42568.0,43778.0,41785.0,43778.0,441500,KBS
2021-05-24 07:00:00,43351.0,44134.0,43351.0,43921.0,267200,KBS
2021-05-25 07:00:00,43921.0,44063.0,43138.0,43280.0,243100,KBS
2021-05-26 07:00:00,43351.0,43351.0,42141.0,42212.0,473700,KBS
2021-05-27 07:00:00,42070.0,42141.0,41358.0,41429.0,205500,KBS
2021-05-28 07:00:00,41429.0,41500.0,40860.0,41144.0,281900,KBS
2021-05-31 07:00:00,41073.0,41785.0,39151.0,41643.0,326500,KBS
2021-06-01 07:00:00,41572.0,41714.0,41500.0,41714.0,145100,KBS
2021-06-02 07:00:00,41572.0,41999.0,41287.0,41999.0,258400,KBS
2021-06-03 07:00:00,41643.0,44134.0,41643.0,43849.0,385100,KBS
2021-06-04 07:00:00,43921.0,44490.0,43422.0,43565.0,220100,KBS
2021-06-07 07:00:00,43565.0,43565.0,42355.0,42355.0,214300,KBS
2021-06-08 07:00:00,42141.0,42141.0,40219.0,40219.0,264700,KBS
2021-06-09 07:00:00,39934.0,41999.0,39436.0,41999.0,308900,KBS
2021-06-10 07:00:00,42711.0,43778.0,42711.0,43209.0,339300,KBS
2021-06-11 07:00:00,43066.0,43849.0,42141.0,43066.0,304900,KBS
2021-06-14 07:00:00,43494.0,43494.0,41643.0,41785.0,254800,KBS
2021-06-15 07:00:00,41714.0,43066.0,40575.0,42995.0,251100,KBS
2021-06-16 07:00:00,43066.0,43778.0,43066.0,43778.0,228800,KBS
2021-06-17 07:00:00,43636.0,45558.0,43422.0,45558.0,279600,KBS
2021-06-18 07:00:00,45558.0,45914.0,44348.0,44632.0,212400,KBS
2021-06-21 07:00:00,44632.0,44632.0,44134.0,44277.0,202600,KBS
2021-06-22 07:00:00,44134.0,44134.0,41358.0,42283.0,195000,KBS
2021-06-23 07:00:00,41999.0,41999.0,40219.0,40646.0,206600,KBS
2021-06-24 07:00:00,40789.0,40789.0,40504.0,40789.0,160200,KBS
2021-06-25 07:00:00,40860.0,41287.0,40789.0,41287.0,187400,KBS
2021-06-28 07:00:00,41287.0,41287.0,40290.0,40575.0,159800,KBS
2021-06-29 07:00:00,40219.0,40575.0,40077.0,40219.0,151900,KBS
2021-06-30 07:00:00,40433.0,41287.0,40148.0,40504.0,278100,KBS
2021-07-01 07:00:00,40575.0,40575.0,40006.0,40219.0,309300,KBS
2021-07-02 07:00:00,40148.0,40148.0,39721.0,39934.0,179000,KBS
2021-07-05 07:00:00,39863.0,39863.0,37728.0,39507.0,272700,KBS
2021-07-06 07:00:00,39650.0,40361.0,39507.0,39863.0,215200,KBS
2021-07-07 07:00:00,39507.0,39792.0,38867.0,39650.0,212600,KBS
2021-07-08 07:00:00,39650.0,39863.0,37728.0,38439.0,183700,KBS
2021-07-09 07:00:00,38439.0,38724.0,37870.0,38084.0,263200,KBS
2021-07-12 07:00:00,38012.0,38012.0,35450.0,35450.0,222600,KBS
2021-07-13 07:00:00,33812.0,36304.0,33812.0,35806.0,216100,KBS
2021-07-14 07:00:00,35877.0,36019.0,35236.0,35948.0,192400,KBS
2021-07-15 07:00:00,35806.0,36589.0,35734.0,36589.0,236100,KBS
2021-07-16 07:00:00,36802.0,37016.0,35948.0,36304.0,238400,KBS
2021-07-19 07:00:00,35592.0,35948.0,33812.0,33812.0,204900,KBS
2021-07-20 07:00:00,34524.0,35236.0,33812.0,35165.0,310700,KBS
2021-07-21 07:00:00,35165.0,36162.0,34880.0,36162.0,290500,KBS
2021-07-22 07:00:00,36090.0,37158.0,35877.0,36873.0,309400,KBS
2021-07-23 07:00:00,37016.0,37016.0,35521.0,35521.0,208900,KBS
2021-07-26 07:00:00,35094.0,35236.0,33670.0,34168.0,243200,KBS
2021-07-27 07:00:00,33812.0,33812.0,32318.0,32318.0,294900,KBS
2021-07-28 07:00:00,32318.0,32318.0,30609.0,30965.0,271700,KBS
2021-07-29 07:00:00,30965.0,32246.0,29897.0,32068.0,339700,KBS
2021-07-30 07:00:00,32104.0,32318.0,31321.0,31962.0,353800,KBS
2021-08-02 07:00:00,31784.0,31784.0,30609.0,31250.0,299800,KBS
2021-08-03 07:00:00,31250.0,31250.0,29186.0,29862.0,272200,KBS
2021-08-04 07:00:00,29399.0,30075.0,29399.0,29862.0,243400,KBS
2021-08-05 07:00:00,29862.0,29862.0,29506.0,29755.0,296000,KBS
2021-08-06 07:00:00,29826.0,30396.0,29826.0,30111.0,442800,KBS
2021-08-09 07:00:00,30253.0,30253.0,29541.0,29897.0,346600,KBS
2021-08-10 07:00:00,29897.0,30253.0,29541.0,29969.0,371800,KBS
2021-08-11 07:00:00,30111.0,30182.0,29328.0,29826.0,358800,KBS
2021-08-12 07:00:00,29897.0,30111.0,29506.0,29541.0,294600,KBS
2021-08-13 07:00:00,29541.0,29969.0,29541.0,29897.0,583300,KBS
2021-08-16 07:00:00,30253.0,30823.0,30147.0,30396.0,520700,KBS
2021-08-17 07:00:00,30467.0,30467.0,29684.0,29969.0,426800,KBS
2021-08-18 07:00:00,29897.0,29897.0,29186.0,29186.0,530500,KBS
2021-08-19 07:00:00,27833.0,28830.0,27833.0,28260.0,594400,KBS
2021-08-20 07:00:00,28260.0,29186.0,27619.0,28118.0,589100,KBS
2021-08-23 07:00:00,28118.0,28545.0,27477.0,27904.0,584300,KBS
2021-08-24 07:00:00,28118.0,28225.0,26053.0,26338.0,487800,KBS
2021-08-25 07:00:00,26338.0,26374.0,24559.0,24737.0,406000,KBS
2021-08-26 07:00:00,24843.0,26445.0,24843.0,26445.0,415900,KBS
2021-08-27 07:00:00,27050.0,28118.0,26979.0,27904.0,439300,KBS
2021-08-30 07:00:00,27940.0,28118.0,27050.0,27940.0,458600,KBS
2021-08-31 07:00:00,28047.0,29186.0,28011.0,29150.0,661000,KBS
2021-09-01 07:00:00,29186.0,29186.0,28260.0,28936.0,451200,KBS
2021-09-06 07:00:00,29043.0,29150.0,28402.0,28972.0,472900,KBS
2021-09-07 07:00:00,28972.0,29043.0,27975.0,27975.0,521700,KBS
2021-09-08 07:00:00,27762.0,28118.0,26765.0,27192.0,383200,KBS
2021-09-09 07:00:00,27050.0,27833.0,27050.0,27691.0,414600,KBS
2021-09-10 07:00:00,27762.0,28331.0,27264.0,27904.0,527100,KBS
2021-09-13 07:00:00,27975.0,28118.0,26908.0,26979.0,351100,KBS
2021-09-14 07:00:00,26979.0,26979.0,26196.0,26623.0,499400,KBS
2021-09-15 07:00:00,26658.0,26872.0,25697.0,26338.0,349000,KBS
2021-09-16 07:00:00,26160.0,26338.0,25697.0,26338.0,397700,KBS
2021-09-17 07:00:00,26338.0,26836.0,26338.0,26338.0,391100,KBS
2021-09-20 07:00:00,26196.0,26694.0,25911.0,26481.0,393000,KBS
2021-09-21 07:00:00,26267.0,26481.0,25982.0,26267.0,339200,KBS
2021-09-22 07:00:00,26338.0,26338.0,25982.0,26338.0,336200,KBS
2021-09-23 07:00:00,26409.0,28153.0,26409.0,28153.0,809500,KBS
2021-09-24 07:00:00,28830.0,29257.0,27762.0,28331.0,874000,KBS
2021-09-27 07:00:00,28402.0,28438.0,26908.0,26908.0,381400,KBS
2021-09-28 07:00:00,26409.0,26979.0,25697.0,26765.0,401500,KBS
2021-09-29 07:00:00,26409.0,26552.0,25555.0,26160.0,445200,KBS
2021-09-30 07:00:00,26196.0,27406.0,25875.0,26552.0,748900,KBS
2021-10-01 07:00:00,26338.0,27548.0,25947.0,26694.0,524900,KBS
2021-10-04 07:00:00,26694.0,27264.0,26053.0,26765.0,449600,KBS
2021-10-05 07:00:00,26765.0,26836.0,26338.0,26658.0,600100,KBS
2021-10-06 07:00:00,26694.0,27264.0,26694.0,27050.0,745900,KBS
2021-10-07 07:00:00,27192.0,27264.0,26552.0,27050.0,389600,KBS
2021-10-08 07:00:00,27050.0,27335.0,26338.0,27050.0,365900,KBS
2021-10-11 07:00:00,27264.0,27548.0,26694.0,26979.0,445600,KBS
2021-10-12 07:00:00,27050.0,27299.0,26338.0,26409.0,503200,KBS
2021-10-13 07:00:00,26338.0,26836.0,26338.0,26516.0,386100,KBS
2021-10-14 07:00:00,26516.0,26836.0,26409.0,26516.0,705100,KBS
2021-10-15 07:00:00,26765.0,27406.0,26623.0,27406.0,1134600,KBS
2021-10-18 07:00:00,28118.0,28474.0,27406.0,27762.0,1170300,KBS
2021-10-19 07:00:00,27619.0,28047.0,27157.0,27264.0,922500,KBS
2021-10-20 07:00:00,27335.0,27548.0,26623.0,26908.0,614900,KBS
2021-10-21 07:00:00,27157.0,27157.0,26516.0,26908.0,507600,KBS
2021-10-22 07:00:00,26908.0,27264.0,26694.0,27157.0,659600,KBS
2021-10-25 07:00:00,27264.0,27904.0,27192.0,27406.0,796600,KBS
2021-10-26 07:00:00,27406.0,27477.0,26979.0,27406.0,510500,KBS
2021-10-27 07:00:00,27477.0,27833.0,27370.0,27584.0,922300,KBS
2021-10-28 07:00:00,27655.0,29506.0,27655.0,29506.0,1346100,KBS
2021-10-29 07:00:00,30111.0,30894.0,29506.0,30289.0,1073900,KBS
2021-11-01 07:00:00,30396.0,30965.0,29897.0,30111.0,1082400,KBS
2021-11-02 07:00:00,30111.0,30324.0,29470.0,29969.0,850200,KBS
2021-11-03 07:00:00,29969.0,29969.0,28402.0,28474.0,1441700,KBS
2021-11-04 07:00:00,28474.0,28723.0,27833.0,28331.0,589100,KBS
2021-11-05 07:00:00,28331.0,29755.0,28331.0,29399.0,393900,KBS
2021-11-08 07:00:00,29969.0,30182.0,29257.0,29435.0,518300,KBS
2021-11-09 07:00:00,29435.0,29684.0,28865.0,28936.0,563900,KBS
2021-11-10 07:00:00,28830.0,30930.0,28830.0,30930.0,1669200,KBS
2021-11-11 07:00:00,32033.0,32709.0,31285.0,32033.0,1091100,KBS
2021-11-12 07:00:00,32033.0,32958.0,31321.0,31891.0,689300,KBS
2021-11-15 07:00:00,31463.0,33101.0,31321.0,32389.0,1056900,KBS
2021-11-16 07:00:00,32389.0,32389.0,31321.0,31748.0,563100,KBS
2021-11-17 07:00:00,31463.0,32175.0,31463.0,31677.0,499600,KBS
2021-11-18 07:00:00,31677.0,33029.0,31535.0,32460.0,913900,KBS
2021-11-19 07:00:00,32460.0,33457.0,30609.0,31072.0,890500,KBS
2021-11-22 07:00:00,31285.0,31819.0,28901.0,28936.0,989000,KBS
2021-11-23 07:00:00,28474.0,30182.0,28402.0,29541.0,660500,KBS
2021-11-24 07:00:00,29897.0,30609.0,29897.0,30040.0,249400,KBS
2021-11-25 07:00:00,30253.0,30253.0,29541.0,29755.0,426000,KBS
2021-11-26 07:00:00,29684.0,30218.0,29114.0,29114.0,652100,KBS
2021-11-29 07:00:00,28118.0,28687.0,28118.0,28616.0,457300,KBS
2021-11-30 07:00:00,28901.0,29541.0,28616.0,28830.0,337800,KBS
2021-12-01 07:00:00,28687.0,29186.0,28118.0,28474.0,428800,KBS
2021-12-02 07:00:00,28901.0,28972.0,28331.0,28474.0,259800,KBS
2021-12-03 07:00:00,28474.0,28972.0,26765.0,26765.0,547100,KBS
2021-12-06 07:00:00,26445.0,27726.0,24950.0,25270.0,628600,KBS
2021-12-07 07:00:00,25733.0,26623.0,25626.0,26338.0,278700,KBS
2021-12-08 07:00:00,26481.0,26694.0,25982.0,26338.0,206500,KBS
2021-12-09 07:00:00,26338.0,27050.0,26053.0,26908.0,348400,KBS
2021-12-10 07:00:00,26801.0,27050.0,26552.0,27050.0,257800,KBS
2021-12-13 07:00:00,27406.0,27477.0,26623.0,27157.0,334200,KBS
2021-12-14 07:00:00,27157.0,27335.0,26303.0,26836.0,239000,KBS
2021-12-15 07:00:00,27050.0,27192.0,26765.0,26801.0,239200,KBS
2021-12-16 07:00:00,26801.0,27477.0,26552.0,26552.0,210600,KBS
2021-12-17 07:00:00,26481.0,26694.0,26267.0,26374.0,317400,KBS
2021-12-20 07:00:00,26267.0,27050.0,26018.0,26053.0,323600,KBS
2021-12-21 07:00:00,25911.0,27619.0,25769.0,27335.0,479500,KBS
2021-12-22 07:00:00,27869.0,27869.0,26694.0,27335.0,189600,KBS
2021-12-23 07:00:00,27335.0,27406.0,25982.0,26694.0,269500,KBS
2021-12-24 07:00:00,26765.0,27050.0,26267.0,26267.0,304100,KBS
2021-12-27 07:00:00,26160.0,26694.0,26160.0,26409.0,188300,KBS
2021-12-28 07:00:00,26908.0,27548.0,26587.0,27335.0,473100,KBS
2021-12-29 07:00:00,27406.0,27548.0,27050.0,27335.0,372900,KBS
2021-12-30 07:00:00,27264.0,27762.0,26694.0,27762.0,418900,KBS
2021-12-31 07:00:00,27762.0,28474.0,27335.0,28474.0,484700,KBS
2022-01-04 07:00:00,28474.0,28474.0,27797.0,27940.0,412800,KBS
2022-01-05 07:00:00,27904.0,27904.0,27264.0,27264.0,458800,KBS
2022-01-06 07:00:00,27121.0,27477.0,26908.0,27335.0,377900,KBS
2022-01-07 07:00:00,27121.0,27335.0,26765.0,26765.0,371500,KBS
2022-01-10 07:00:00,26694.0,27050.0,25697.0,25840.0,742800,KBS
2022-01-11 07:00:00,25840.0,26694.0,25164.0,25270.0,604000,KBS
2022-01-12 07:00:00,25342.0,26338.0,24665.0,25270.0,576700,KBS
2022-01-13 07:00:00,25342.0,25982.0,24025.0,24025.0,542900,KBS
2022-01-14 07:00:00,23847.0,25697.0,22779.0,24487.0,506900,KBS
2022-01-17 07:00:00,24559.0,24914.0,22921.0,22921.0,482900,KBS
2022-01-18 07:00:00,22921.0,23135.0,21355.0,21355.0,477700,KBS
2022-01-19 07:00:00,20999.0,22281.0,20643.0,21320.0,447200,KBS
2022-01-20 07:00:00,21320.0,22067.0,21284.0,22067.0,530900,KBS
2022-01-21 07:00:00,22281.0,22281.0,21426.0,21426.0,318500,KBS
2022-01-24 07:00:00,21569.0,21569.0,20430.0,20430.0,276600,KBS
2022-01-25 07:00:00,20430.0,20643.0,19825.0,20572.0,305600,KBS
2022-01-26 07:00:00,20643.0,21355.0,20359.0,20999.0,347800,KBS
2022-01-27 07:00:00,21142.0,21355.0,20643.0,20679.0,303600,KBS
2022-01-28 07:00:00,20679.0,21071.0,20430.0,20679.0,422700,KBS
2022-02-07 07:00:00,20999.0,21569.0,20786.0,21142.0,391700,KBS
2022-02-08 07:00:00,21142.0,22601.0,21142.0,22601.0,467400,KBS
2022-02-09 07:00:00,22815.0,23633.0,22779.0,23491.0,707200,KBS
2022-02-10 07:00:00,23135.0,23847.0,23064.0,23491.0,420300,KBS
2022-02-11 07:00:00,23420.0,24203.0,23064.0,23420.0,474100,KBS
2022-02-14 07:00:00,23313.0,23491.0,22565.0,22565.0,372100,KBS
2022-02-15 07:00:00,22708.0,23135.0,22067.0,22494.0,285600,KBS
2022-02-16 07:00:00,22565.0,22957.0,22459.0,22672.0,351100,KBS
2022-02-17 07:00:00,22672.0,23064.0,22494.0,22672.0,355800,KBS
2022-02-18 07:00:00,22708.0,23099.0,22637.0,22992.0,338500,KBS
2022-02-21 07:00:00,22779.0,23277.0,22708.0,22992.0,362500,KBS
2022-02-22 07:00:00,22921.0,23099.0,22352.0,22459.0,353600,KBS
2022-02-23 07:00:00,22565.0,22886.0,22494.0,22530.0,397900,KBS
2022-02-24 07:00:00,22423.0,22530.0,20999.0,21711.0,732200,KBS
2022-02-25 07:00:00,21782.0,22067.0,21640.0,22067.0,539300,KBS
2022-02-28 07:00:00,22067.0,22067.0,21426.0,21569.0,539900,KBS
2022-03-01 07:00:00,21569.0,21854.0,21213.0,21498.0,426300,KBS
2022-03-02 07:00:00,21498.0,21640.0,21284.0,21426.0,280500,KBS
2022-03-03 07:00:00,21426.0,21854.0,21426.0,21854.0,269300,KBS
2022-03-04 07:00:00,21925.0,21996.0,21711.0,21854.0,264100,KBS
2022-03-07 07:00:00,21711.0,21889.0,21533.0,21604.0,246700,KBS
2022-03-08 07:00:00,21604.0,21604.0,21284.0,21284.0,307500,KBS
2022-03-09 07:00:00,21355.0,21355.0,20643.0,20893.0,220900,KBS
2022-03-10 07:00:00,20999.0,21604.0,20999.0,21248.0,89900,KBS
2022-03-11 07:00:00,21355.0,22387.0,21213.0,21747.0,376900,KBS
2022-03-14 07:00:00,21391.0,21569.0,20643.0,21320.0,157300,KBS
2022-03-15 07:00:00,21213.0,21711.0,21213.0,21355.0,291000,KBS
2022-03-16 07:00:00,21426.0,22423.0,21284.0,21960.0,292900,KBS
2022-03-17 07:00:00,21960.0,22423.0,21747.0,21854.0,164800,KBS
2022-03-18 07:00:00,22352.0,22352.0,21569.0,21569.0,169600,KBS
2022-03-21 07:00:00,21569.0,21996.0,21462.0,21569.0,176600,KBS
2022-03-22 07:00:00,21711.0,21889.0,21604.0,21604.0,166100,KBS
2022-03-23 07:00:00,21640.0,22067.0,21640.0,22032.0,257300,KBS
2022-03-24 07:00:00,22209.0,23562.0,22032.0,23562.0,595300,KBS
2022-03-25 07:00:00,24345.0,24452.0,23348.0,23491.0,495400,KBS
2022-03-28 07:00:00,23206.0,23206.0,22672.0,22708.0,287300,KBS
2022-03-29 07:00:00,22708.0,23348.0,22708.0,22921.0,330100,KBS
2022-03-30 07:00:00,22779.0,23135.0,21391.0,21391.0,457000,KBS
2022-03-31 07:00:00,21426.0,21960.0,21426.0,21569.0,168400,KBS
2022-04-01 07:00:00,21569.0,22209.0,21498.0,22138.0,217200,KBS
2022-04-04 07:00:00,22423.0,22779.0,22423.0,22494.0,204200,KBS
2022-04-05 07:00:00,22672.0,22672.0,22316.0,22423.0,256000,KBS
2022-04-06 07:00:00,22138.0,22423.0,22067.0,22067.0,249000,KBS
2022-04-07 07:00:00,22067.0,22316.0,21426.0,21426.0,283800,KBS
2022-04-08 07:00:00,21604.0,21854.0,20643.0,20643.0,220200,KBS
2022-04-12 07:00:00,20786.0,21355.0,19220.0,19220.0,361100,KBS
2022-04-13 07:00:00,19718.0,19789.0,18081.0,18935.0,381600,KBS
2022-04-14 07:00:00,19982.0,20255.0,19982.0,20255.0,217100,KBS
2022-04-15 07:00:00,20483.0,20847.0,19845.0,19845.0,173900,KBS
2022-04-18 07:00:00,19572.0,19572.0,18480.0,18753.0,220200,KBS
2022-04-19 07:00:00,18753.0,19117.0,17706.0,17706.0,162600,KBS
2022-04-20 07:00:00,17478.0,17524.0,16568.0,16568.0,180800,KBS
2022-04-21 07:00:00,15430.0,16067.0,15430.0,15476.0,314900,KBS
2022-04-22 07:00:00,15112.0,16341.0,15112.0,15612.0,148300,KBS
2022-04-25 07:00:00,16158.0,16158.0,14611.0,14611.0,126700,KBS
2022-04-26 07:00:00,15294.0,15294.0,13746.0,15203.0,160600,KBS
2022-04-27 07:00:00,15203.0,15749.0,15203.0,15749.0,128200,KBS
2022-04-28 07:00:00,15840.0,16523.0,15749.0,16386.0,303200,KBS
2022-04-29 07:00:00,16022.0,16796.0,16022.0,16705.0,140100,KBS
2022-05-04 07:00:00,16386.0,16659.0,16204.0,16204.0,86500,KBS
2022-05-05 07:00:00,17205.0,17205.0,16067.0,16750.0,213300,KBS
2022-05-06 07:00:00,16158.0,16705.0,16113.0,16204.0,143800,KBS
2022-05-09 07:00:00,16204.0,16568.0,15112.0,15112.0,185100,KBS
2022-05-10 07:00:00,15385.0,15840.0,14565.0,15840.0,267400,KBS
2022-05-11 07:00:00,16022.0,16204.0,15567.0,15931.0,183800,KBS
2022-05-12 07:00:00,16022.0,16022.0,14838.0,15476.0,246900,KBS
2022-05-13 07:00:00,15112.0,15749.0,14429.0,15476.0,477400,KBS
2022-05-16 07:00:00,15567.0,15840.0,14429.0,15385.0,736500,KBS
2022-05-17 07:00:00,15112.0,16295.0,14565.0,15976.0,518500,KBS
2022-05-18 07:00:00,15976.0,16386.0,15476.0,15476.0,278900,KBS
2022-05-19 07:00:00,15294.0,15476.0,15021.0,15066.0,153200,KBS
2022-05-20 07:00:00,15203.0,15749.0,14884.0,15476.0,217800,KBS
2022-05-23 07:00:00,15749.0,15931.0,15112.0,15294.0,289400,KBS
2022-05-24 07:00:00,15294.0,15476.0,14884.0,15385.0,195400,KBS
2022-05-25 07:00:00,15476.0,15931.0,15203.0,15794.0,257900,KBS
2022-05-26 07:00:00,15885.0,16887.0,15840.0,16568.0,533000,KBS
2022-05-27 07:00:00,16841.0,16841.0,15976.0,16386.0,476400,KBS
2022-05-30 07:00:00,16386.0,16386.0,15885.0,16022.0,349500,KBS
2022-05-31 07:00:00,15976.0,16204.0,15885.0,16204.0,289400,KBS
2022-06-01 07:00:00,16295.0,16295.0,15749.0,15840.0,218500,KBS
2022-06-02 07:00:00,16022.0,16113.0,15248.0,15476.0,254300,KBS
2022-06-03 07:00:00,15476.0,15476.0,15021.0,15021.0,147300,KBS
2022-06-06 07:00:00,15112.0,15203.0,14611.0,14611.0,261600,KBS
2022-06-07 07:00:00,14611.0,14793.0,14474.0,14747.0,137400,KBS
2022-06-08 07:00:00,14747.0,15430.0,14747.0,15294.0,124700,KBS
2022-06-09 07:00:00,15385.0,15794.0,15021.0,15567.0,160000,KBS
2022-06-10 07:00:00,15476.0,15703.0,15112.0,15157.0,85800,KBS
2022-06-13 07:00:00,14565.0,14838.0,14156.0,14156.0,170500,KBS
2022-06-14 07:00:00,14110.0,14338.0,13701.0,13883.0,136300,KBS
2022-06-15 07:00:00,13883.0,13883.0,12927.0,12927.0,211300,KBS
2022-06-16 07:00:00,13109.0,13336.0,12927.0,12927.0,66600,KBS
2022-06-17 07:00:00,12745.0,12745.0,12062.0,12381.0,171900,KBS
2022-06-20 07:00:00,12381.0,12654.0,11561.0,11561.0,57000,KBS
2022-06-21 07:00:00,11061.0,11743.0,11015.0,11061.0,129700,KBS
2022-06-22 07:00:00,11470.0,11834.0,11243.0,11698.0,59600,KBS
2022-06-23 07:00:00,11652.0,12199.0,11652.0,12016.0,87500,KBS
2022-06-24 07:00:00,12199.0,12426.0,12062.0,12153.0,96800,KBS
2022-06-27 07:00:00,12244.0,12335.0,12153.0,12244.0,109600,KBS
2022-06-28 07:00:00,12290.0,12927.0,12290.0,12699.0,120600,KBS
2022-06-29 07:00:00,12517.0,12745.0,12381.0,12563.0,41000,KBS
2022-06-30 07:00:00,12517.0,12517.0,11925.0,11925.0,81000,KBS
2022-07-01 07:00:00,11925.0,11925.0,11379.0,11834.0,99200,KBS
2022-07-04 07:00:00,12199.0,12199.0,11834.0,11880.0,46900,KBS
2022-07-05 07:00:00,11743.0,12107.0,11607.0,11607.0,92800,KBS
2022-07-06 07:00:00,11607.0,11834.0,11516.0,11607.0,84500,KBS
2022-07-07 07:00:00,11607.0,11607.0,11334.0,11516.0,61200,KBS
2022-07-08 07:00:00,11561.0,12062.0,11561.0,11971.0,221600,KBS
2022-07-11 07:00:00,12016.0,12608.0,11971.0,12426.0,245400,KBS
2022-07-12 07:00:00,12426.0,12745.0,12426.0,12563.0,135100,KBS
2022-07-13 07:00:00,12563.0,12836.0,12381.0,12472.0,184400,KBS
2022-07-14 07:00:00,12290.0,12563.0,11925.0,12563.0,272200,KBS
2022-07-15 07:00:00,12745.0,12927.0,12654.0,12654.0,192300,KBS
2022-07-18 07:00:00,13109.0,13382.0,12654.0,12927.0,170300,KBS
2022-07-19 07:00:00,12836.0,12881.0,12563.0,12745.0,266900,KBS
2022-07-20 07:00:00,13063.0,13154.0,12836.0,13018.0,166600,KBS
2022-07-21 07:00:00,13018.0,13018.0,12745.0,12745.0,139500,KBS
2022-07-22 07:00:00,12745.0,13382.0,12608.0,13109.0,327500,KBS
2022-07-25 07:00:00,13200.0,13518.0,13200.0,13200.0,207500,KBS
2022-07-26 07:00:00,13200.0,13473.0,12927.0,12927.0,125400,KBS
2022-07-27 07:00:00,12927.0,13063.0,12244.0,12881.0,226100,KBS
2022-07-28 07:00:00,13063.0,13154.0,12927.0,12927.0,97400,KBS
2022-07-29 07:00:00,13018.0,13245.0,12836.0,12927.0,184100,KBS
2022-08-01 07:00:00,12972.0,13382.0,12972.0,13018.0,324400,KBS
2022-08-02 07:00:00,13245.0,13473.0,13109.0,13245.0,202100,KBS
2022-08-03 07:00:00,13200.0,13427.0,13109.0,13382.0,229900,KBS
2022-08-04 07:00:00,13610.0,13792.0,13473.0,13518.0,178500,KBS
2022-08-05 07:00:00,13336.0,13564.0,13200.0,13564.0,131100,KBS
2022-08-08 07:00:00,13564.0,13928.0,13564.0,13792.0,324500,KBS
2022-08-09 07:00:00,13974.0,13974.0,13655.0,13883.0,243800,KBS
2022-08-10 07:00:00,13928.0,14019.0,13746.0,13746.0,227900,KBS
2022-08-11 07:00:00,13883.0,14110.0,13564.0,13610.0,379600,KBS
2022-08-12 07:00:00,13336.0,13655.0,13336.0,13655.0,89600,KBS
2022-08-15 07:00:00,13746.0,13928.0,13473.0,13837.0,184000,KBS
2022-08-16 07:00:00,13655.0,13974.0,13655.0,13837.0,184900,KBS
2022-08-17 07:00:00,13928.0,14565.0,13473.0,14565.0,545900,KBS
2022-08-18 07:00:00,14565.0,15112.0,14520.0,14656.0,443100,KBS
2022-08-19 07:00:00,14565.0,15021.0,14110.0,14110.0,165100,KBS
2022-08-22 07:00:00,14019.0,14565.0,13792.0,14110.0,386400,KBS
2022-08-23 07:00:00,14019.0,14110.0,13427.0,13928.0,222800,KBS
2022-08-24 07:00:00,13928.0,14201.0,13837.0,14110.0,203400,KBS
2022-08-25 07:00:00,14065.0,14247.0,13837.0,14065.0,156100,KBS
2022-08-26 07:00:00,14247.0,14474.0,13837.0,13837.0,214600,KBS
2022-08-29 07:00:00,13382.0,13564.0,13109.0,13245.0,329800,KBS
2022-08-30 07:00:00,13291.0,13518.0,13200.0,13200.0,159500,KBS
2022-08-31 07:00:00,13018.0,13336.0,13018.0,13336.0,65200,KBS
2022-09-05 07:00:00,13336.0,13382.0,13200.0,13245.0,73200,KBS
2022-09-06 07:00:00,13200.0,13792.0,13200.0,13291.0,132800,KBS
2022-09-07 07:00:00,13154.0,13564.0,13018.0,13018.0,160600,KBS
2022-09-08 07:00:00,13200.0,13382.0,12972.0,13200.0,170200,KBS
2022-09-09 07:00:00,13245.0,13382.0,12790.0,13291.0,232400,KBS
2022-09-12 07:00:00,13109.0,13473.0,12927.0,13063.0,226100,KBS
2022-09-13 07:00:00,13109.0,13291.0,12881.0,13109.0,90500,KBS
2022-09-14 07:00:00,12745.0,13063.0,12563.0,13018.0,176400,KBS
2022-09-15 07:00:00,13109.0,13291.0,12881.0,12972.0,173100,KBS
2022-09-16 07:00:00,12972.0,13109.0,12790.0,12927.0,122800,KBS
2022-09-19 07:00:00,12927.0,13200.0,12290.0,12563.0,254700,KBS
2022-09-20 07:00:00,12745.0,13018.0,12472.0,12699.0,107500,KBS
2022-09-21 07:00:00,12699.0,12972.0,12517.0,12699.0,67300,KBS
2022-09-22 07:00:00,12517.0,12745.0,12426.0,12745.0,70400,KBS
2022-09-23 07:00:00,12881.0,12927.0,12563.0,12563.0,75200,KBS
2022-09-26 07:00:00,12563.0,12563.0,12062.0,12062.0,138100,KBS
2022-09-27 07:00:00,12016.0,12244.0,11971.0,12244.0,28800,KBS
2022-09-28 07:00:00,11834.0,12153.0,11652.0,11834.0,54000,KBS
2022-09-29 07:00:00,11880.0,12107.0,11652.0,11652.0,85400,KBS
2022-09-30 07:00:00,11698.0,11743.0,10924.0,11743.0,301300,KBS
2022-10-03 07:00:00,11652.0,11834.0,11015.0,11288.0,124200,KBS
2022-10-04 07:00:00,11379.0,11561.0,10879.0,10924.0,165100,KBS
2022-10-05 07:00:00,11152.0,11379.0,10833.0,11152.0,315000,KBS
2022-10-06 07:00:00,10924.0,11197.0,10378.0,10378.0,190200,KBS
2022-10-07 07:00:00,10287.0,10287.0,9695.0,9695.0,242300,KBS
2022-10-10 07:00:00,9376.0,10332.0,9376.0,10150.0,229900,KBS
2022-10-11 07:00:00,10150.0,10287.0,9695.0,10150.0,139900,KBS
2022-10-12 07:00:00,10105.0,10787.0,10105.0,10696.0,331400,KBS
2022-10-13 07:00:00,10696.0,11015.0,10651.0,10924.0,243100,KBS
2022-10-14 07:00:00,11015.0,11379.0,10924.0,11288.0,227100,KBS
2022-10-17 07:00:00,11197.0,11288.0,10605.0,11243.0,148000,KBS
2022-10-18 07:00:00,11288.0,11652.0,11243.0,11243.0,265500,KBS
2022-10-19 07:00:00,11288.0,11561.0,11015.0,11470.0,198200,KBS
2022-10-20 07:00:00,11470.0,11470.0,10924.0,11379.0,104800,KBS
2022-10-21 07:00:00,11470.0,11561.0,10605.0,10605.0,211100,KBS
2022-10-24 07:00:00,11061.0,11197.0,10196.0,10742.0,268600,KBS
2022-10-25 07:00:00,10924.0,11470.0,10742.0,11197.0,254200,KBS
2022-10-26 07:00:00,11288.0,11334.0,10924.0,11288.0,102400,KBS
2022-10-27 07:00:00,11334.0,11561.0,11106.0,11561.0,207000,KBS
2022-10-28 07:00:00,11652.0,11925.0,11470.0,11561.0,152500,KBS
2022-10-31 07:00:00,11561.0,11743.0,10924.0,11561.0,247000,KBS
2022-11-01 07:00:00,11561.0,11789.0,11379.0,11561.0,157600,KBS
2022-11-02 07:00:00,11561.0,11561.0,11288.0,11379.0,169000,KBS
2022-11-03 07:00:00,11379.0,11470.0,10970.0,11470.0,174600,KBS
2022-11-04 07:00:00,11334.0,11470.0,11015.0,11379.0,259800,KBS
2022-11-07 07:00:00,11379.0,11470.0,10924.0,10924.0,215700,KBS
2022-11-08 07:00:00,10924.0,11106.0,10469.0,10924.0,147300,KBS
2022-11-09 07:00:00,10924.0,11243.0,10742.0,10833.0,142800,KBS
2022-11-10 07:00:00,10879.0,10879.0,10150.0,10651.0,210300,KBS
2022-11-11 07:00:00,10742.0,10742.0,10241.0,10378.0,192800,KBS
2022-11-14 07:00:00,10287.0,10423.0,9695.0,10287.0,172900,KBS
2022-11-15 07:00:00,10105.0,10241.0,9604.0,9832.0,187900,KBS
2022-11-16 07:00:00,9923.0,10514.0,9149.0,10514.0,303500,KBS
2022-11-17 07:00:00,10651.0,11243.0,10651.0,11197.0,427600,KBS
2022-11-18 07:00:00,11197.0,11743.0,10924.0,11561.0,272900,KBS
2022-11-21 07:00:00,11607.0,12199.0,11607.0,12016.0,263000,KBS
2022-11-22 07:00:00,12199.0,12381.0,11789.0,12199.0,290800,KBS
2022-11-23 07:00:00,12199.0,12517.0,11834.0,12472.0,245400,KBS
2022-11-24 07:00:00,12517.0,12745.0,11743.0,12199.0,264800,KBS
2022-11-25 07:00:00,12199.0,12745.0,12062.0,12745.0,286700,KBS
2022-11-28 07:00:00,12881.0,13200.0,12836.0,13200.0,309000,KBS
2022-11-29 07:00:00,13200.0,13610.0,12790.0,12790.0,280100,KBS
2022-11-30 07:00:00,12745.0,13200.0,12563.0,13109.0,391600,KBS
2022-12-01 07:00:00,13200.0,13564.0,12745.0,13109.0,351300,KBS
2022-12-02 07:00:00,13109.0,13200.0,12790.0,13200.0,112200,KBS
2022-12-05 07:00:00,13291.0,13382.0,13018.0,13245.0,269800,KBS
2022-12-06 07:00:00,13154.0,13200.0,12381.0,12381.0,231600,KBS
2022-12-07 07:00:00,12381.0,12745.0,12199.0,12290.0,224000,KBS
2022-12-08 07:00:00,12335.0,12654.0,12290.0,12290.0,367800,KBS
2022-12-09 07:00:00,12426.0,13109.0,12244.0,13018.0,390200,KBS
2022-12-12 07:00:00,13200.0,13200.0,12836.0,12927.0,229500,KBS
2022-12-13 07:00:00,12927.0,13018.0,12563.0,13018.0,233100,KBS
2022-12-14 07:00:00,13109.0,13382.0,13018.0,13200.0,195300,KBS
2022-12-15 07:00:00,13245.0,13245.0,12972.0,13109.0,123600,KBS
2022-12-16 07:00:00,13018.0,13109.0,12745.0,12836.0,285800,KBS
2022-12-19 07:00:00,12927.0,13200.0,12290.0,12290.0,281400,KBS
2022-12-20 07:00:00,12381.0,12654.0,11834.0,11925.0,251600,KBS
2022-12-21 07:00:00,11971.0,12199.0,11470.0,11925.0,213300,KBS
2022-12-22 07:00:00,11925.0,12244.0,11789.0,12244.0,219300,KBS
2022-12-23 07:00:00,12244.0,13063.0,12244.0,13018.0,328900,KBS
2022-12-26 07:00:00,13109.0,13200.0,12426.0,12563.0,207300,KBS
2022-12-27 07:00:00,12563.0,12745.0,11789.0,12563.0,235800,KBS
2022-12-28 07:00:00,12608.0,12608.0,12062.0,12290.0,129200,KBS
2022-12-29 07:00:00,12381.0,12381.0,12016.0,12290.0,92000,KBS
2022-12-30 07:00:00,12381.0,12381.0,11925.0,11925.0,79000,KBS
2023-01-03 07:00:00,11925.0,12426.0,11925.0,12426.0,183100,KBS
2023-01-04 07:00:00,12517.0,12745.0,12244.0,12472.0,155400,KBS
2023-01-05 07:00:00,12517.0,12608.0,12381.0,12563.0,98900,KBS
2023-01-06 07:00:00,12654.0,13154.0,12654.0,12699.0,267000,KBS
2023-01-09 07:00:00,12927.0,12927.0,12608.0,12699.0,101300,KBS
2023-01-10 07:00:00,12745.0,12745.0,12381.0,12381.0,83900,KBS
2023-01-11 07:00:00,12517.0,12654.0,12290.0,12426.0,94300,KBS
2023-01-12 07:00:00,12472.0,12472.0,12290.0,12472.0,89400,KBS
2023-01-13 07:00:00,12563.0,12608.0,12381.0,12472.0,82900,KBS
2023-01-16 07:00:00,12472.0,12608.0,12381.0,12517.0,99000,KBS
2023-01-17 07:00:00,12563.0,12836.0,12426.0,12836.0,166500,KBS
2023-01-18 07:00:00,12927.0,13109.0,12745.0,13018.0,142700,KBS
2023-01-19 07:00:00,13063.0,13336.0,13018.0,13063.0,141100,KBS
2023-01-27 07:00:00,13200.0,13427.0,13154.0,13200.0,140500,KBS
2023-01-30 07:00:00,13200.0,14110.0,13200.0,14110.0,366800,KBS
2023-01-31 07:00:00,14019.0,14019.0,13746.0,14019.0,207000,KBS
2023-02-01 07:00:00,14019.0,14975.0,13792.0,14565.0,697600,KBS
2023-02-02 07:00:00,14611.0,14611.0,13883.0,13883.0,145800,KBS
2023-02-03 07:00:00,13928.0,14110.0,13655.0,13655.0,270300,KBS
2023-02-06 07:00:00,13701.0,14201.0,13564.0,14019.0,233400,KBS
2023-02-07 07:00:00,14019.0,14156.0,13746.0,13746.0,187700,KBS
2023-02-08 07:00:00,13883.0,13883.0,13382.0,13382.0,148000,KBS
2023-02-09 07:00:00,13427.0,14292.0,13382.0,14292.0,427300,KBS
2023-02-10 07:00:00,14383.0,14838.0,14201.0,14292.0,404800,KBS
2023-02-13 07:00:00,14292.0,14383.0,13336.0,13655.0,436900,KBS
2023-02-14 07:00:00,13701.0,13792.0,12927.0,12927.0,287400,KBS
2023-02-15 07:00:00,13018.0,13291.0,12836.0,12927.0,182700,KBS
2023-02-16 07:00:00,13018.0,13427.0,13018.0,13291.0,235100,KBS
2023-02-17 07:00:00,13427.0,13746.0,13382.0,13564.0,395700,KBS
2023-02-20 07:00:00,13655.0,14110.0,13655.0,14065.0,326300,KBS
2023-02-21 07:00:00,14156.0,14247.0,13473.0,13564.0,273100,KBS
2023-02-22 07:00:00,13473.0,13564.0,12927.0,12927.0,293300,KBS
2023-02-23 07:00:00,13109.0,13245.0,12199.0,13109.0,359900,KBS
2023-02-24 07:00:00,13109.0,13154.0,12563.0,12654.0,211100,KBS
2023-02-27 07:00:00,12517.0,12745.0,12199.0,12608.0,235400,KBS
2023-02-28 07:00:00,12654.0,12745.0,12381.0,12426.0,118300,KBS
2023-03-01 07:00:00,12563.0,12927.0,12426.0,12881.0,196700,KBS
2023-03-02 07:00:00,12927.0,13018.0,12608.0,12699.0,112400,KBS
2023-03-03 07:00:00,12790.0,12927.0,12517.0,12563.0,75800,KBS
2023-03-06 07:00:00,12654.0,12927.0,12608.0,12608.0,132700,KBS
2023-03-07 07:00:00,12745.0,12790.0,12563.0,12745.0,85700,KBS
2023-03-08 07:00:00,12745.0,12745.0,12517.0,12654.0,86100,KBS
2023-03-09 07:00:00,12699.0,12972.0,12654.0,12972.0,185700,KBS
2023-03-10 07:00:00,12881.0,13109.0,12836.0,13018.0,143900,KBS
2023-03-13 07:00:00,12972.0,12972.0,12654.0,12745.0,96300,KBS
2023-03-14 07:00:00,12745.0,12836.0,12381.0,12563.0,138700,KBS
2023-03-15 07:00:00,12745.0,12927.0,12608.0,12881.0,146900,KBS
2023-03-16 07:00:00,12881.0,12881.0,12654.0,12654.0,81700,KBS
2023-03-17 07:00:00,12927.0,12927.0,12472.0,12472.0,63800,KBS
2023-03-20 07:00:00,12472.0,12654.0,12244.0,12290.0,109200,KBS
2023-03-21 07:00:00,12381.0,12472.0,12107.0,12472.0,82300,KBS
2023-03-22 07:00:00,12472.0,12517.0,12335.0,12335.0,56500,KBS
2023-03-23 07:00:00,12290.0,12335.0,11971.0,12335.0,64200,KBS
2023-03-24 07:00:00,12335.0,12426.0,12244.0,12335.0,84800,KBS
2023-03-27 07:00:00,12381.0,12517.0,12290.0,12472.0,83900,KBS
2023-03-28 07:00:00,12472.0,12563.0,12426.0,12426.0,71000,KBS
2023-03-29 07:00:00,12517.0,12517.0,12199.0,12335.0,59000,KBS
2023-03-30 07:00:00,12426.0,12517.0,12290.0,12335.0,58900,KBS
2023-03-31 07:00:00,12381.0,12472.0,12290.0,12426.0,44600,KBS
2023-04-03 07:00:00,12517.0,12563.0,12381.0,12472.0,93400,KBS
2023-04-04 07:00:00,12472.0,12699.0,12381.0,12699.0,182900,KBS
2023-04-05 07:00:00,12745.0,12927.0,12699.0,12790.0,161600,KBS
2023-04-06 07:00:00,12836.0,13336.0,12836.0,13109.0,286200,KBS
2023-04-07 07:00:00,13154.0,13200.0,12745.0,12881.0,128800,KBS
2023-04-10 07:00:00,12972.0,13109.0,12745.0,12745.0,139300,KBS
2023-04-11 07:00:00,12790.0,12927.0,12517.0,12654.0,99900,KBS
2023-04-12 07:00:00,12745.0,12927.0,12608.0,12608.0,101700,KBS
2023-04-13 07:00:00,12699.0,12881.0,12290.0,12381.0,162500,KBS
2023-04-14 07:00:00,12472.0,12563.0,12244.0,12290.0,92900,KBS
2023-04-17 07:00:00,12335.0,12335.0,12153.0,12290.0,79600,KBS
2023-04-18 07:00:00,12290.0,12472.0,12244.0,12426.0,82800,KBS
2023-04-19 07:00:00,12472.0,12563.0,12426.0,12426.0,64700,KBS
2023-04-20 07:00:00,12472.0,12517.0,12335.0,12426.0,40700,KBS
2023-04-21 07:00:00,12426.0,12426.0,12244.0,12335.0,66500,KBS
2023-04-24 07:00:00,12381.0,12426.0,12244.0,12290.0,68200,KBS
2023-04-25 07:00:00,12426.0,12426.0,12199.0,12290.0,74000,KBS
2023-04-26 07:00:00,12290.0,13109.0,12290.0,13109.0,293200,KBS
2023-04-27 07:00:00,13382.0,13655.0,12927.0,13154.0,276400,KBS
2023-04-28 07:00:00,13245.0,13336.0,12745.0,13063.0,190900,KBS
2023-05-04 07:00:00,13109.0,13564.0,13063.0,13473.0,270500,KBS
2023-05-05 07:00:00,13473.0,13473.0,12972.0,13473.0,188300,KBS
2023-05-08 07:00:00,13564.0,13701.0,13427.0,13655.0,159300,KBS
2023-05-09 07:00:00,13655.0,13746.0,13518.0,13518.0,232200,KBS
2023-05-10 07:00:00,13837.0,13837.0,13382.0,13610.0,125800,KBS
2023-05-11 07:00:00,13610.0,13655.0,13291.0,13336.0,144700,KBS
2023-05-12 07:00:00,13427.0,13427.0,13200.0,13291.0,142700,KBS
2023-05-15 07:00:00,13382.0,13701.0,13382.0,13655.0,280100,KBS
2023-05-16 07:00:00,13701.0,13746.0,13427.0,13518.0,82400,KBS
2023-05-17 07:00:00,13564.0,13792.0,13291.0,13564.0,200400,KBS
2023-05-18 07:00:00,13701.0,13746.0,13382.0,13518.0,84800,KBS
2023-05-19 07:00:00,13518.0,13655.0,13291.0,13518.0,115600,KBS
2023-05-22 07:00:00,13610.0,13655.0,13382.0,13382.0,78600,KBS
2023-05-23 07:00:00,13427.0,13564.0,13291.0,13291.0,74800,KBS
2023-05-24 07:00:00,13382.0,13382.0,13200.0,13200.0,80000,KBS
2023-05-25 07:00:00,13291.0,13427.0,13109.0,13382.0,90200,KBS
2023-05-26 07:00:00,13473.0,13655.0,13382.0,13655.0,151600,KBS
2023-05-29 07:00:00,13746.0,13792.0,13610.0,13655.0,118800,KBS
2023-05-30 07:00:00,13701.0,13701.0,13427.0,13655.0,98900,KBS
2023-05-31 07:00:00,13746.0,14611.0,13746.0,14611.0,447000,KBS
2023-06-01 07:00:00,14930.0,15294.0,14656.0,14656.0,332700,KBS
2023-06-02 07:00:00,14747.0,15112.0,14383.0,14383.0,267500,KBS
2023-06-05 07:00:00,14656.0,14747.0,14383.0,14383.0,244600,KBS
2023-06-06 07:00:00,14520.0,14656.0,14247.0,14656.0,161200,KBS
2023-06-07 07:00:00,14656.0,14838.0,14383.0,14383.0,279400,KBS
2023-06-08 07:00:00,14474.0,14656.0,14292.0,14292.0,251800,KBS
2023-06-09 07:00:00,14383.0,14383.0,13928.0,14383.0,192800,KBS
2023-06-12 07:00:00,14383.0,15385.0,13746.0,15385.0,900800,KBS
2023-06-13 07:00:00,15885.0,15931.0,15476.0,15794.0,443400,KBS
2023-06-14 07:00:00,15885.0,16113.0,15248.0,15248.0,559000,KBS
2023-06-15 07:00:00,15342.0,15389.0,14967.0,15248.0,226200,KBS
2023-06-16 07:00:00,15295.0,15436.0,14732.0,14732.0,329200,KBS
2023-06-19 07:00:00,14920.0,14920.0,14497.0,14497.0,174800,KBS
2023-06-20 07:00:00,14638.0,15014.0,14497.0,15014.0,243000,KBS
2023-06-21 07:00:00,15154.0,15201.0,14685.0,15060.0,259500,KBS
2023-06-22 07:00:00,15248.0,15295.0,14873.0,14920.0,214500,KBS
2023-06-23 07:00:00,15014.0,15060.0,14826.0,14873.0,152900,KBS
2023-06-26 07:00:00,14873.0,14967.0,14544.0,14826.0,207800,KBS
2023-06-27 07:00:00,14920.0,15248.0,14873.0,14920.0,240000,KBS
2023-06-28 07:00:00,14967.0,15154.0,14779.0,14826.0,186800,KBS
2023-06-29 07:00:00,14920.0,14967.0,14544.0,14544.0,279100,KBS
2023-06-30 07:00:00,14544.0,14638.0,14122.0,14122.0,315100,KBS
2023-07-03 07:00:00,14216.0,14404.0,14169.0,14357.0,127700,KBS
2023-07-04 07:00:00,14404.0,14544.0,14263.0,14544.0,161700,KBS
2023-07-05 07:00:00,14591.0,14873.0,14591.0,14826.0,280500,KBS
2023-07-06 07:00:00,14873.0,14967.0,14544.0,14732.0,246600,KBS
2023-07-07 07:00:00,14685.0,14779.0,14497.0,14779.0,130500,KBS
2023-07-10 07:00:00,14920.0,14920.0,14451.0,14732.0,333500,KBS
2023-07-11 07:00:00,14638.0,14779.0,14497.0,14544.0,314100,KBS
2023-07-12 07:00:00,14544.0,14638.0,14169.0,14451.0,342400,KBS
2023-07-13 07:00:00,14544.0,15107.0,14451.0,14638.0,476300,KBS
2023-07-14 07:00:00,14873.0,14920.0,14544.0,14826.0,200300,KBS
2023-07-17 07:00:00,14826.0,15201.0,14732.0,15201.0,394700,KBS
2023-07-18 07:00:00,15248.0,15248.0,14920.0,14920.0,107700,KBS
2023-07-19 07:00:00,15014.0,15060.0,14732.0,14732.0,176000,KBS
2023-07-20 07:00:00,14732.0,14920.0,14404.0,14873.0,228700,KBS
2023-07-21 07:00:00,14967.0,15154.0,14873.0,14873.0,276200,KBS
2023-07-24 07:00:00,14967.0,15389.0,14920.0,15342.0,360900,KBS
2023-07-25 07:00:00,15342.0,16140.0,15201.0,15670.0,598000,KBS
2023-07-26 07:00:00,15717.0,15858.0,15295.0,15764.0,341700,KBS
2023-07-27 07:00:00,15811.0,15858.0,15107.0,15389.0,333600,KBS
2023-07-28 07:00:00,15577.0,15577.0,15014.0,15014.0,436600,KBS
2023-07-31 07:00:00,15060.0,15154.0,14826.0,14873.0,410500,KBS
2023-08-01 07:00:00,14826.0,14920.0,14638.0,14779.0,454500,KBS
2023-08-02 07:00:00,14779.0,14826.0,14685.0,14779.0,138100,KBS
2023-08-03 07:00:00,14826.0,14873.0,14544.0,14544.0,202700,KBS
2023-08-04 07:00:00,14638.0,14732.0,14451.0,14732.0,295600,KBS
2023-08-07 07:00:00,14826.0,14826.0,14638.0,14732.0,282900,KBS
2023-08-08 07:00:00,14732.0,15107.0,14685.0,15014.0,463200,KBS
2023-08-09 07:00:00,15107.0,15670.0,15014.0,15530.0,647000,KBS
2023-08-10 07:00:00,15623.0,15764.0,15014.0,15014.0,353100,KBS
2023-08-11 07:00:00,15201.0,15201.0,14638.0,14826.0,254700,KBS
2023-08-14 07:00:00,14920.0,15107.0,14826.0,14920.0,320200,KBS
2023-08-15 07:00:00,15154.0,15154.0,14779.0,14967.0,246000,KBS
2023-08-16 07:00:00,14779.0,14920.0,14497.0,14732.0,471600,KBS
2023-08-17 07:00:00,14732.0,14732.0,14310.0,14310.0,339000,KBS
2023-08-18 07:00:00,14263.0,14263.0,13325.0,13325.0,1140900,KBS
2023-08-21 07:00:00,13325.0,13747.0,13090.0,13231.0,259100,KBS
2023-08-22 07:00:00,13512.0,13512.0,12949.0,13278.0,158500,KBS
2023-08-23 07:00:00,13325.0,14169.0,13278.0,13981.0,733500,KBS
2023-08-24 07:00:00,14169.0,14169.0,13841.0,14122.0,213800,KBS
2023-08-25 07:00:00,14122.0,14169.0,13841.0,13981.0,229200,KBS
2023-08-28 07:00:00,13794.0,14075.0,13794.0,13934.0,124700,KBS
2023-08-29 07:00:00,13934.0,14075.0,13700.0,13700.0,267900,KBS
2023-08-30 07:00:00,13700.0,13794.0,13606.0,13747.0,97300,KBS
2023-08-31 07:00:00,13794.0,14075.0,13700.0,13794.0,106500,KBS
2023-09-05 07:00:00,14075.0,14263.0,13747.0,14028.0,120500,KBS
2023-09-06 07:00:00,14028.0,14122.0,13888.0,14075.0,88100,KBS
2023-09-07 07:00:00,14216.0,14216.0,13981.0,14028.0,109000,KBS
2023-09-08 07:00:00,14169.0,14169.0,13888.0,13934.0,121900,KBS
2023-09-11 07:00:00,14075.0,14075.0,13794.0,13794.0,158900,KBS
2023-09-12 07:00:00,13700.0,13794.0,13606.0,13700.0,177600,KBS
2023-09-13 07:00:00,13888.0,13888.0,13512.0,13512.0,101600,KBS
2023-09-14 07:00:00,13512.0,13700.0,13371.0,13371.0,159300,KBS
2023-09-15 07:00:00,13747.0,13747.0,13325.0,13606.0,72300,KBS
2023-09-18 07:00:00,13606.0,13606.0,13465.0,13559.0,57800,KBS
2023-09-19 07:00:00,13653.0,13700.0,13418.0,13606.0,75300,KBS
2023-09-20 07:00:00,13606.0,13606.0,13418.0,13606.0,77100,KBS
2023-09-21 07:00:00,13606.0,13794.0,13512.0,13747.0,114000,KBS
2023-09-22 07:00:00,13700.0,14028.0,13512.0,13841.0,231600,KBS
2023-09-25 07:00:00,13794.0,14451.0,13606.0,13888.0,662100,KBS
2023-09-26 07:00:00,13794.0,14591.0,13794.0,14591.0,953600,KBS
2023-09-27 07:00:00,14591.0,15014.0,14357.0,14638.0,465900,KBS
2023-09-28 07:00:00,14685.0,15014.0,14451.0,14638.0,331500,KBS
2023-09-29 07:00:00,14920.0,15623.0,14779.0,15623.0,1341000,KBS
2023-10-02 07:00:00,15670.0,16093.0,15530.0,15670.0,855600,KBS
2023-10-03 07:00:00,15670.0,15952.0,15248.0,15670.0,797400,KBS
2023-10-04 07:00:00,15670.0,16327.0,15623.0,16140.0,1153800,KBS
2023-10-05 07:00:00,16233.0,16374.0,15811.0,16046.0,650000,KBS
2023-10-06 07:00:00,15952.0,16186.0,15623.0,16140.0,792000,KBS
2023-10-09 07:00:00,16140.0,17266.0,16140.0,16843.0,1166600,KBS
2023-10-10 07:00:00,16890.0,17078.0,16421.0,16796.0,936800,KBS
2023-10-11 07:00:00,16515.0,17547.0,16515.0,17500.0,1218300,KBS
2023-10-12 07:00:00,17453.0,17829.0,17031.0,17453.0,887600,KBS
2023-10-13 07:00:00,17313.0,17641.0,16937.0,17359.0,630100,KBS
2023-10-16 07:00:00,17406.0,17829.0,16609.0,16890.0,1055200,KBS
2023-10-17 07:00:00,16890.0,17688.0,16890.0,17172.0,1412600,KBS
2023-10-18 07:00:00,17172.0,17829.0,16656.0,17125.0,1441200,KBS
2023-10-19 07:00:00,17078.0,17782.0,16890.0,17453.0,1412200,KBS
2023-10-20 07:00:00,17453.0,18298.0,17406.0,18298.0,1265000,KBS
2023-10-23 07:00:00,18392.0,18626.0,17922.0,18110.0,680000,KBS
2023-10-24 07:00:00,18110.0,18955.0,16937.0,18955.0,2320900,KBS
2023-10-25 07:00:00,18955.0,18955.0,17829.0,18298.0,741100,KBS
2023-10-26 07:00:00,17829.0,18016.0,17031.0,17406.0,741200,KBS
2023-10-27 07:00:00,17219.0,17829.0,16937.0,17829.0,1032500,KBS
2023-10-30 07:00:00,17735.0,17922.0,17078.0,17078.0,704900,KBS
2023-10-31 07:00:00,16890.0,17594.0,15952.0,15952.0,986900,KBS
2023-11-01 07:00:00,15952.0,16890.0,15952.0,16890.0,808700,KBS
2023-11-02 07:00:00,16984.0,18063.0,16937.0,18063.0,1118400,KBS
2023-11-03 07:00:00,18157.0,18485.0,17829.0,18485.0,932700,KBS
2023-11-06 07:00:00,18626.0,19752.0,18626.0,19752.0,1829700,KBS
2023-11-07 07:00:00,19799.0,20174.0,19236.0,19658.0,1220300,KBS
2023-11-08 07:00:00,19330.0,21019.0,19330.0,21019.0,1921800,KBS
2023-11-09 07:00:00,21113.0,21582.0,20362.0,20691.0,1464600,KBS
2023-11-10 07:00:00,20644.0,21019.0,20174.0,20456.0,1379600,KBS
2023-11-13 07:00:00,20362.0,20456.0,19095.0,19705.0,956000,KBS
2023-11-14 07:00:00,19705.0,20174.0,19048.0,19611.0,1232200,KBS
2023-11-15 07:00:00,19705.0,20972.0,19705.0,20972.0,2068000,KBS
2023-11-16 07:00:00,21066.0,21300.0,20925.0,21113.0,1164500,KBS
2023-11-17 07:00:00,21113.0,21863.0,20128.0,20315.0,1871800,KBS
2023-11-20 07:00:00,19799.0,20221.0,18908.0,18908.0,1273500,KBS
2023-11-21 07:00:00,18814.0,19424.0,18204.0,19424.0,2140400,KBS
2023-11-22 07:00:00,19611.0,20315.0,19283.0,19940.0,1113600,KBS
2023-11-23 07:00:00,20034.0,20268.0,18579.0,18579.0,1465800,KBS
2023-11-24 07:00:00,18626.0,19236.0,18016.0,19095.0,1333400,KBS
2023-11-27 07:00:00,19142.0,19565.0,18298.0,18814.0,1224300,KBS
2023-11-28 07:00:00,18673.0,18908.0,17876.0,18814.0,967100,KBS
2023-11-29 07:00:00,18861.0,19048.0,17829.0,18204.0,1251400,KBS
2023-11-30 07:00:00,18251.0,19048.0,18063.0,18767.0,1310300,KBS
2023-12-01 07:00:00,18720.0,19002.0,18345.0,18861.0,895500,KBS
2023-12-04 07:00:00,18861.0,19940.0,18767.0,19893.0,2199900,KBS
2023-12-05 07:00:00,19940.0,20128.0,19424.0,19705.0,1352700,KBS
2023-12-06 07:00:00,19705.0,20597.0,19705.0,20597.0,1542000,KBS
2023-12-07 07:00:00,20644.0,20878.0,19189.0,19987.0,1661500,KBS
2023-12-08 07:00:00,19987.0,20034.0,18626.0,19236.0,1896500,KBS
2023-12-11 07:00:00,19283.0,19283.0,18204.0,18579.0,1064800,KBS
2023-12-12 07:00:00,18673.0,18861.0,18345.0,18673.0,870600,KBS
2023-12-13 07:00:00,18767.0,18814.0,17406.0,17406.0,1265700,KBS
2023-12-14 07:00:00,17735.0,17829.0,17219.0,17547.0,945700,KBS
2023-12-15 07:00:00,17641.0,18204.0,17594.0,17829.0,916700,KBS
2023-12-18 07:00:00,17922.0,18110.0,17313.0,17547.0,756800,KBS
2023-12-19 07:00:00,17641.0,17829.0,17172.0,17829.0,806000,KBS
2023-12-20 07:00:00,17829.0,18110.0,17641.0,17969.0,922800,KBS
2023-12-21 07:00:00,17969.0,17969.0,17500.0,17782.0,759700,KBS
2023-12-22 07:00:00,17782.0,17876.0,17219.0,17359.0,1085100,KBS
2023-12-25 07:00:00,17359.0,17594.0,17172.0,17359.0,1345100,KBS
2023-12-26 07:00:00,17406.0,17782.0,17359.0,17453.0,1080600,KBS
2023-12-27 07:00:00,17500.0,17688.0,17219.0,17406.0,890600,KBS
2023-12-28 07:00:00,17500.0,17500.0,17125.0,17266.0,661700,KBS
2023-12-29 07:00:00,17266.0,17406.0,16984.0,17266.0,723600,KBS
2024-01-02 07:00:00,17359.0,17359.0,16937.0,17031.0,706200,KBS
2024-01-03 07:00:00,17031.0,17500.0,16937.0,17500.0,752500,KBS
2024-01-04 07:00:00,17500.0,17641.0,17266.0,17406.0,490000,KBS
2024-01-05 07:00:00,17406.0,17547.0,17125.0,17359.0,377400,KBS
2024-01-08 07:00:00,17406.0,17500.0,17078.0,17359.0,499600,KBS
2024-01-09 07:00:00,17359.0,17359.0,17125.0,17313.0,257100,KBS
2024-01-10 07:00:00,17313.0,18110.0,17313.0,17922.0,1205300,KBS
2024-01-11 07:00:00,17969.0,18251.0,17922.0,18016.0,608000,KBS
2024-01-12 07:00:00,18063.0,18063.0,17406.0,17829.0,902800,KBS
2024-01-15 07:00:00,17876.0,17969.0,17359.0,17594.0,600800,KBS
2024-01-16 07:00:00,17453.0,17735.0,17172.0,17641.0,593700,KBS
2024-01-17 07:00:00,17641.0,17735.0,17406.0,17500.0,292100,KBS
2024-01-18 07:00:00,17500.0,17688.0,17406.0,17547.0,399500,KBS
2024-01-19 07:00:00,17688.0,17735.0,17453.0,17547.0,229700,KBS
2024-01-22 07:00:00,17547.0,18110.0,17547.0,18016.0,927800,KBS
2024-01-23 07:00:00,18063.0,18157.0,17641.0,18016.0,418300,KBS
2024-01-24 07:00:00,18016.0,18298.0,17735.0,18016.0,624900,KBS
2024-01-25 07:00:00,18063.0,18673.0,18016.0,18485.0,1444400,KBS
2024-01-26 07:00:00,18579.0,18767.0,18110.0,18439.0,680900,KBS
2024-01-29 07:00:00,18532.0,18720.0,18157.0,18157.0,755800,KBS
2024-01-30 07:00:00,18204.0,18345.0,17547.0,17735.0,844800,KBS
2024-01-31 07:00:00,17782.0,17922.0,17078.0,17359.0,680500,KBS
2024-02-01 07:00:00,17453.0,17922.0,17359.0,17547.0,762600,KBS
2024-02-02 07:00:00,17641.0,17829.0,17219.0,17406.0,473900,KBS
2024-02-05 07:00:00,17406.0,17594.0,17172.0,17406.0,433200,KBS
2024-02-06 07:00:00,17500.0,17594.0,17266.0,17406.0,254900,KBS
2024-02-07 07:00:00,17500.0,17500.0,17219.0,17453.0,191400,KBS
2024-02-15 07:00:00,17500.0,17594.0,17453.0,17547.0,179700,KBS
2024-02-16 07:00:00,17594.0,17594.0,17359.0,17547.0,232400,KBS
2024-02-19 07:00:00,17547.0,17735.0,17500.0,17594.0,488200,KBS
2024-02-20 07:00:00,17641.0,18204.0,17641.0,17922.0,532100,KBS
2024-02-21 07:00:00,17922.0,18063.0,17594.0,17829.0,409600,KBS
2024-02-22 07:00:00,17876.0,18298.0,17876.0,18157.0,952400,KBS
2024-02-23 07:00:00,18298.0,18298.0,17453.0,17453.0,641600,KBS
2024-02-26 07:00:00,17500.0,18110.0,17500.0,17922.0,607100,KBS
2024-02-27 07:00:00,17922.0,17922.0,17406.0,17641.0,889700,KBS
2024-02-28 07:00:00,17735.0,18485.0,17735.0,18298.0,1485700,KBS
2024-02-29 07:00:00,18345.0,18485.0,17829.0,18157.0,538100,KBS
2024-03-01 07:00:00,18204.0,18298.0,17829.0,18063.0,720300,KBS
2024-03-04 07:00:00,18063.0,18298.0,17735.0,17876.0,847800,KBS
2024-03-05 07:00:00,17922.0,18767.0,17922.0,18767.0,1946700,KBS
2024-03-06 07:00:00,18767.0,19002.0,18439.0,18720.0,1411700,KBS
2024-03-07 07:00:00,18720.0,18767.0,18110.0,18579.0,1979700,KBS
2024-03-08 07:00:00,18673.0,18673.0,17641.0,17641.0,1996300,KBS
2024-03-11 07:00:00,17688.0,17876.0,16984.0,17500.0,1950100,KBS
2024-03-12 07:00:00,17500.0,17688.0,17219.0,17594.0,1181000,KBS
2024-03-13 07:00:00,17500.0,17641.0,17219.0,17594.0,1139200,KBS
2024-03-14 07:00:00,17641.0,18251.0,17594.0,18063.0,2367100,KBS
2024-03-15 07:00:00,18110.0,18485.0,17547.0,17922.0,1916600,KBS
2024-03-18 07:00:00,17922.0,18063.0,16984.0,17453.0,1296500,KBS
2024-03-19 07:00:00,17453.0,17453.0,16515.0,16890.0,2031400,KBS
2024-03-20 07:00:00,16937.0,17125.0,16656.0,17078.0,1091600,KBS
2024-03-21 07:00:00,17125.0,17359.0,16984.0,17266.0,1353800,KBS
2024-03-22 07:00:00,17359.0,17500.0,16937.0,17078.0,1314700,KBS
2024-03-25 07:00:00,17172.0,17172.0,16796.0,16796.0,401400,KBS
2024-03-26 07:00:00,16890.0,16890.0,16515.0,16843.0,265200,KBS
2024-03-27 07:00:00,16890.0,17172.0,16749.0,16937.0,277400,KBS
2024-03-28 07:00:00,17078.0,17125.0,16890.0,16937.0,214800,KBS
2024-03-29 07:00:00,16937.0,17078.0,16937.0,16937.0,268600,KBS
2024-04-01 07:00:00,16937.0,17031.0,16749.0,16937.0,378300,KBS
2024-04-02 07:00:00,16890.0,16890.0,16609.0,16890.0,326200,KBS
2024-04-03 07:00:00,16890.0,17266.0,16703.0,16843.0,524700,KBS
2024-04-04 07:00:00,16796.0,16843.0,16609.0,16703.0,287700,KBS
2024-04-05 07:00:00,16609.0,16609.0,16233.0,16233.0,346600,KBS
2024-04-08 07:00:00,16421.0,16421.0,15952.0,15952.0,400600,KBS
2024-04-09 07:00:00,15952.0,16327.0,15952.0,16186.0,479400,KBS
2024-04-10 07:00:00,16233.0,16280.0,15999.0,16140.0,494800,KBS
2024-04-11 07:00:00,16046.0,17266.0,15670.0,17172.0,1653800,KBS
2024-04-12 07:00:00,17219.0,17359.0,16749.0,16937.0,959100,KBS
2024-04-15 07:00:00,16937.0,16984.0,15952.0,15952.0,830500,KBS
2024-04-16 07:00:00,16186.0,16186.0,15107.0,15342.0,697100,KBS
2024-04-17 07:00:00,15389.0,15530.0,15295.0,15389.0,301900,KBS
2024-04-19 07:00:00,15389.0,15389.0,14826.0,15014.0,335300,KBS
2024-04-22 07:00:00,15060.0,15295.0,14873.0,15295.0,348100,KBS
2024-04-23 07:00:00,15342.0,15389.0,15107.0,15295.0,148800,KBS
2024-04-24 07:00:00,15342.0,15764.0,15295.0,15670.0,361300,KBS
2024-04-25 07:00:00,15764.0,15764.0,15342.0,15670.0,126200,KBS
2024-04-26 07:00:00,15577.0,15858.0,15436.0,15764.0,209700,KBS
2024-05-02 07:00:00,15858.0,16046.0,15623.0,15858.0,291800,KBS
2024-05-03 07:00:00,15858.0,16093.0,15764.0,15905.0,279600,KBS
2024-05-06 07:00:00,15952.0,16140.0,15811.0,16093.0,312400,KBS
2024-05-07 07:00:00,16186.0,16186.0,15999.0,16140.0,79400,KBS
2024-05-08 07:00:00,15952.0,16140.0,15670.0,15952.0,104900,KBS
2024-05-09 07:00:00,15952.0,16093.0,15764.0,15764.0,104800,KBS
2024-05-10 07:00:00,15999.0,16421.0,15952.0,16374.0,489400,KBS
2024-05-13 07:00:00,16421.0,16796.0,16327.0,16515.0,343900,KBS
2024-05-14 07:00:00,16656.0,16656.0,16186.0,16374.0,107700,KBS
2024-05-15 07:00:00,16374.0,16515.0,16140.0,16327.0,234400,KBS
2024-05-16 07:00:00,16421.0,16749.0,16421.0,16515.0,285600,KBS
2024-05-17 07:00:00,16562.0,16703.0,16374.0,16609.0,413600,KBS
2024-05-20 07:00:00,16703.0,17219.0,16703.0,17125.0,757800,KBS
2024-05-21 07:00:00,17125.0,17172.0,16703.0,17078.0,606400,KBS
2024-05-22 07:00:00,17313.0,17453.0,16703.0,16984.0,871900,KBS
2024-05-23 07:00:00,17078.0,17078.0,16703.0,16984.0,325800,KBS
2024-05-24 07:00:00,16843.0,17406.0,16327.0,16421.0,865700,KBS
2024-05-27 07:00:00,16609.0,16609.0,16233.0,16562.0,302600,KBS
2024-05-28 07:00:00,16609.0,17125.0,16421.0,16937.0,716000,KBS
2024-05-29 07:00:00,16984.0,18110.0,16984.0,18110.0,4250800,KBS
2024-05-30 07:00:00,18110.0,18814.0,17969.0,18720.0,2184200,KBS
2024-05-31 07:00:00,18814.0,18814.0,17969.0,18345.0,1614400,KBS
2024-06-03 07:00:00,18439.0,18626.0,18063.0,18345.0,1805700,KBS
2024-06-04 07:00:00,18392.0,18814.0,18345.0,18345.0,1681800,KBS
2024-06-05 07:00:00,18345.0,18673.0,17922.0,18016.0,1066000,KBS
2024-06-06 07:00:00,18110.0,19142.0,17829.0,18767.0,2103000,KBS
2024-06-07 07:00:00,18955.0,19095.0,18251.0,18626.0,1012700,KBS
2024-06-10 07:00:00,18673.0,18673.0,18016.0,18204.0,1187500,KBS
2024-06-11 07:00:00,18298.0,18298.0,17500.0,17500.0,832500,KBS
2024-06-12 07:00:00,17500.0,17782.0,17406.0,17782.0,497300,KBS
2024-06-13 07:00:00,17922.0,17969.0,17406.0,17406.0,600100,KBS
2024-06-14 07:00:00,17406.0,17688.0,17266.0,17266.0,771600,KBS
2024-06-17 07:00:00,17359.0,17406.0,16937.0,16937.0,508400,KBS
2024-06-18 07:00:00,17172.0,17547.0,17031.0,17547.0,487700,KBS
2024-06-19 07:00:00,17547.0,17641.0,17359.0,17500.0,195400,KBS
2024-06-20 07:00:00,17547.0,17922.0,17266.0,17547.0,587100,KBS
2024-06-21 07:00:00,17641.0,17829.0,17453.0,17547.0,378400,KBS
2024-06-24 07:00:00,17547.0,18767.0,17266.0,17453.0,953400,KBS
2024-06-25 07:00:00,17453.0,17688.0,17406.0,17594.0,249400,KBS
2024-06-26 07:00:00,17735.0,17876.0,17453.0,17547.0,590600,KBS
2024-06-27 07:00:00,17692.0,17692.0,17306.0,17547.0,196800,KBS
2024-06-28 07:00:00,17547.0,17547.0,16342.0,16390.0,732900,KBS
2024-07-01 07:00:00,16487.0,16583.0,16004.0,16390.0,445400,KBS
2024-07-02 07:00:00,16583.0,16776.0,16487.0,16583.0,258100,KBS
2024-07-03 07:00:00,16535.0,16728.0,16535.0,16631.0,135500,KBS
2024-07-04 07:00:00,16679.0,16679.0,16390.0,16487.0,317000,KBS
2024-07-05 07:00:00,16631.0,16920.0,16487.0,16487.0,357700,KBS
2024-07-08 07:00:00,16872.0,16872.0,16390.0,16535.0,219400,KBS
2024-07-09 07:00:00,16728.0,17065.0,16535.0,16872.0,351500,KBS
2024-07-10 07:00:00,16969.0,16969.0,16679.0,16728.0,241500,KBS
2024-07-11 07:00:00,16872.0,17065.0,16728.0,16872.0,357500,KBS
2024-07-12 07:00:00,17017.0,17017.0,16679.0,16824.0,143600,KBS
2024-07-15 07:00:00,16872.0,17354.0,16776.0,17210.0,458000,KBS
2024-07-16 07:00:00,17210.0,17354.0,16824.0,17161.0,194700,KBS
2024-07-17 07:00:00,17161.0,17161.0,16004.0,16679.0,365600,KBS
2024-07-18 07:00:00,16679.0,16679.0,16149.0,16631.0,613800,KBS
2024-07-19 07:00:00,16535.0,16535.0,16149.0,16390.0,248400,KBS
2024-07-22 07:00:00,16438.0,16535.0,16053.0,16149.0,149400,KBS
2024-07-23 07:00:00,16246.0,16390.0,15715.0,15956.0,274000,KBS
2024-07-24 07:00:00,15956.0,16294.0,15763.0,16294.0,156100,KBS
2024-07-25 07:00:00,16101.0,16246.0,16004.0,16149.0,29600,KBS
2024-07-26 07:00:00,16342.0,16342.0,16149.0,16246.0,43100,KBS
2024-07-29 07:00:00,16342.0,16535.0,16101.0,16487.0,100900,KBS
2024-07-30 07:00:00,16583.0,17065.0,16438.0,16583.0,348600,KBS
2024-07-31 07:00:00,16631.0,16824.0,16197.0,16246.0,144700,KBS
2024-08-01 07:00:00,16294.0,16294.0,15474.0,15908.0,378600,KBS
2024-08-02 07:00:00,15474.0,15763.0,15185.0,15763.0,216800,KBS
2024-08-05 07:00:00,15667.0,15667.0,14751.0,15040.0,246200,KBS
2024-08-06 07:00:00,15040.0,15426.0,14655.0,15330.0,131200,KBS
2024-08-07 07:00:00,15378.0,15426.0,15137.0,15330.0,61500,KBS
2024-08-08 07:00:00,15281.0,15378.0,15137.0,15137.0,87000,KBS
2024-08-09 07:00:00,15378.0,15522.0,15233.0,15522.0,65500,KBS
2024-08-12 07:00:00,15571.0,15763.0,15426.0,15522.0,40800,KBS
2024-08-13 07:00:00,15522.0,15619.0,15378.0,15378.0,54700,KBS
2024-08-14 07:00:00,15426.0,15426.0,14799.0,15040.0,786000,KBS
2024-08-15 07:00:00,15089.0,15137.0,14462.0,14848.0,468400,KBS
2024-08-16 07:00:00,14848.0,15185.0,14462.0,15040.0,417700,KBS
2024-08-19 07:00:00,15089.0,15233.0,14799.0,15089.0,1337800,KBS
2024-08-20 07:00:00,15281.0,15281.0,14703.0,15137.0,1070600,KBS
2024-08-21 07:00:00,15040.0,15040.0,14607.0,14703.0,1502100,KBS
2024-08-22 07:00:00,14751.0,14799.0,14414.0,14510.0,876900,KBS
2024-08-23 07:00:00,14462.0,14462.0,13498.0,13594.0,2762100,KBS
2024-08-26 07:00:00,13594.0,13787.0,13209.0,13787.0,1344600,KBS
2024-08-27 07:00:00,13835.0,14269.0,13835.0,14076.0,772000,KBS
2024-08-28 07:00:00,14076.0,14124.0,13835.0,13883.0,405200,KBS
2024-08-29 07:00:00,13883.0,13883.0,13642.0,13691.0,300600,KBS
2024-08-30 07:00:00,13787.0,13835.0,13594.0,13594.0,279700,KBS
2024-09-04 07:00:00,13594.0,13594.0,13401.0,13498.0,337000,KBS
2024-09-05 07:00:00,13498.0,13691.0,13401.0,13498.0,227200,KBS
2024-09-06 07:00:00,13450.0,13498.0,13305.0,13353.0,406500,KBS
2024-09-09 07:00:00,13353.0,13450.0,13257.0,13353.0,250500,KBS
2024-09-10 07:00:00,13401.0,13401.0,13257.0,13401.0,149400,KBS
2024-09-11 07:00:00,13450.0,13450.0,13160.0,13257.0,311100,KBS
2024-09-12 07:00:00,13305.0,13739.0,13305.0,13450.0,344500,KBS
2024-09-13 07:00:00,13498.0,13691.0,13401.0,13691.0,213000,KBS
2024-09-16 07:00:00,13691.0,13932.0,13691.0,13739.0,440600,KBS
2024-09-17 07:00:00,13835.0,13835.0,13498.0,13691.0,208200,KBS
2024-09-18 07:00:00,13594.0,13787.0,13594.0,13642.0,171400,KBS
2024-09-19 07:00:00,13594.0,13932.0,13594.0,13932.0,329900,KBS
2024-09-20 07:00:00,13980.0,14221.0,13835.0,13835.0,452400,KBS
2024-09-23 07:00:00,13787.0,14076.0,13691.0,13980.0,286100,KBS
2024-09-24 07:00:00,13980.0,14317.0,13932.0,14221.0,369600,KBS
2024-09-25 07:00:00,14124.0,14269.0,14124.0,14173.0,334200,KBS
2024-09-26 07:00:00,14173.0,14173.0,14076.0,14076.0,301300,KBS
2024-09-27 07:00:00,14028.0,14124.0,13980.0,13980.0,358700,KBS
2024-09-30 07:00:00,13980.0,13980.0,13594.0,13787.0,463400,KBS
2024-10-01 07:00:00,13883.0,14076.0,13883.0,13980.0,235900,KBS
2024-10-02 07:00:00,13980.0,14173.0,13932.0,14076.0,365900,KBS
2024-10-03 07:00:00,14124.0,14124.0,13835.0,13980.0,303700,KBS
2024-10-04 07:00:00,13980.0,13980.0,13739.0,13787.0,122600,KBS
2024-10-07 07:00:00,13787.0,14076.0,13739.0,13787.0,324400,KBS
2024-10-08 07:00:00,13980.0,13980.0,13739.0,13787.0,108700,KBS
2024-10-09 07:00:00,13739.0,13980.0,13691.0,13932.0,131400,KBS
2024-10-10 07:00:00,14028.0,14076.0,13980.0,14028.0,143900,KBS
2024-10-11 07:00:00,14124.0,14124.0,13932.0,13980.0,110800,KBS
2024-10-14 07:00:00,13980.0,13980.0,13883.0,13883.0,114100,KBS
2024-10-15 07:00:00,13883.0,14028.0,13691.0,13691.0,158500,KBS
2024-10-16 07:00:00,13691.0,13835.0,13642.0,13642.0,110600,KBS
2024-10-17 07:00:00,13594.0,13883.0,13594.0,13835.0,131000,KBS
2024-10-18 07:00:00,13787.0,13980.0,13787.0,13932.0,157400,KBS
2024-10-21 07:00:00,13980.0,14076.0,13883.0,13883.0,226400,KBS
2024-10-22 07:00:00,13883.0,14076.0,13835.0,13883.0,200700,KBS
2024-10-23 07:00:00,13883.0,14076.0,13883.0,14076.0,187000,KBS
2024-10-24 07:00:00,14076.0,14124.0,13980.0,14028.0,120500,KBS
2024-10-25 07:00:00,13932.0,14124.0,13932.0,13932.0,132000,KBS
2024-10-28 07:00:00,13980.0,14028.0,13883.0,13980.0,71800,KBS
2024-10-29 07:00:00,13883.0,13980.0,13883.0,13932.0,222200,KBS
2024-10-30 07:00:00,13932.0,14028.0,13883.0,13883.0,293900,KBS
2024-10-31 07:00:00,13883.0,13932.0,13787.0,13932.0,180700,KBS
2024-11-01 07:00:00,13883.0,13883.0,13739.0,13787.0,207500,KBS
2024-11-04 07:00:00,13787.0,13835.0,13498.0,13594.0,173400,KBS
2024-11-05 07:00:00,13594.0,13691.0,13594.0,13594.0,73700,KBS
2024-11-06 07:00:00,13691.0,13787.0,13498.0,13739.0,128900,KBS
2024-11-07 07:00:00,13739.0,13739.0,13257.0,13594.0,184200,KBS
2024-11-08 07:00:00,13353.0,13594.0,13353.0,13401.0,157300,KBS
2024-11-11 07:00:00,13305.0,13450.0,13257.0,13305.0,80500,KBS
2024-11-12 07:00:00,13401.0,13401.0,13305.0,13353.0,27600,KBS
2024-11-13 07:00:00,13305.0,13305.0,12967.0,13305.0,91800,KBS
2024-11-14 07:00:00,13305.0,13305.0,12823.0,13016.0,279000,KBS
2024-11-15 07:00:00,12919.0,13016.0,12871.0,12919.0,82300,KBS
2024-11-18 07:00:00,12919.0,12919.0,12630.0,12871.0,57400,KBS
2024-11-19 07:00:00,12871.0,12871.0,12341.0,12341.0,49000,KBS
2024-11-20 07:00:00,12630.0,12678.0,12485.0,12582.0,84700,KBS
2024-11-21 07:00:00,12534.0,12871.0,12485.0,12630.0,23900,KBS
2024-11-22 07:00:00,12775.0,12775.0,12582.0,12678.0,47500,KBS
2024-11-25 07:00:00,12775.0,12775.0,11811.0,12485.0,130400,KBS
2024-11-26 07:00:00,12582.0,12582.0,12485.0,12534.0,72500,KBS
2024-11-27 07:00:00,12437.0,12630.0,12437.0,12534.0,57900,KBS
2024-11-28 07:00:00,12630.0,12630.0,12485.0,12485.0,60600,KBS
2024-11-29 07:00:00,12485.0,12726.0,12485.0,12678.0,53500,KBS
2024-12-02 07:00:00,12582.0,12726.0,12582.0,12726.0,31400,KBS
2024-12-03 07:00:00,12726.0,12726.0,12582.0,12630.0,70900,KBS
2024-12-04 07:00:00,12630.0,13305.0,12630.0,12919.0,206100,KBS
2024-12-05 07:00:00,12967.0,13209.0,12823.0,13016.0,69100,KBS
2024-12-06 07:00:00,13016.0,13305.0,13016.0,13016.0,53400,KBS
2024-12-09 07:00:00,13016.0,13112.0,12919.0,12919.0,49000,KBS
2024-12-10 07:00:00,12967.0,13209.0,12919.0,12919.0,61000,KBS
2024-12-11 07:00:00,13016.0,13112.0,12775.0,12919.0,67400,KBS
2024-12-12 07:00:00,12871.0,13016.0,12775.0,12871.0,87700,KBS
2024-12-13 07:00:00,12871.0,12919.0,12726.0,12726.0,59300,KBS
2024-12-16 07:00:00,12775.0,12871.0,12678.0,12678.0,105800,KBS
2024-12-17 07:00:00,12823.0,12823.0,12678.0,12726.0,22900,KBS
2024-12-18 07:00:00,12775.0,12823.0,12582.0,12630.0,69200,KBS
2024-12-19 07:00:00,12630.0,12678.0,12534.0,12630.0,56700,KBS
2024-12-20 07:00:00,12726.0,13064.0,12534.0,12678.0,102800,KBS
2024-12-23 07:00:00,12775.0,13016.0,12726.0,12871.0,40100,KBS
2024-12-24 07:00:00,12967.0,12967.0,12630.0,12775.0,64000,KBS
2024-12-25 07:00:00,12823.0,12967.0,12775.0,12871.0,81500,KBS
2024-12-26 07:00:00,12967.0,13353.0,12871.0,13016.0,200100,KBS
2024-12-27 07:00:00,13160.0,13160.0,12967.0,13016.0,30300,KBS
2024-12-30 07:00:00,13016.0,13016.0,12726.0,12726.0,75600,KBS
2024-12-31 07:00:00,12726.0,12871.0,12678.0,12678.0,85700,KBS
2025-01-02 07:00:00,12919.0,12919.0,12678.0,12775.0,47800,KBS
2025-01-03 07:00:00,12678.0,12823.0,12678.0,12678.0,70300,KBS
2025-01-06 07:00:00,12726.0,12726.0,12630.0,12726.0,16000,KBS
2025-01-07 07:00:00,12678.0,12726.0,12630.0,12630.0,34600,KBS
2025-01-08 07:00:00,12582.0,12630.0,12485.0,12582.0,38700,KBS
2025-01-09 07:00:00,12534.0,12582.0,12437.0,12437.0,59300,KBS
2025-01-10 07:00:00,12582.0,12630.0,12437.0,12437.0,43000,KBS
2025-01-13 07:00:00,12341.0,12534.0,12052.0,12341.0,59200,KBS
2025-01-14 07:00:00,12244.0,12341.0,12148.0,12148.0,50100,KBS
2025-01-15 07:00:00,12148.0,12582.0,12148.0,12437.0,33800,KBS
2025-01-16 07:00:00,12437.0,12630.0,12437.0,12485.0,25300,KBS
2025-01-17 07:00:00,12534.0,12678.0,12485.0,12582.0,54500,KBS
2025-01-20 07:00:00,12726.0,12726.0,12630.0,12726.0,27700,KBS
2025-01-21 07:00:00,12726.0,12726.0,12534.0,12534.0,25500,KBS
2025-01-22 07:00:00,12582.0,12582.0,12437.0,12485.0,42200,KBS
2025-01-23 07:00:00,12437.0,12582.0,12437.0,12582.0,38700,KBS
2025-01-24 07:00:00,12534.0,12582.0,12485.0,12582.0,48900,KBS
2025-02-03 07:00:00,12582.0,12630.0,12437.0,12582.0,27400,KBS
2025-02-04 07:00:00,12582.0,12726.0,12582.0,12726.0,40200,KBS
2025-02-05 07:00:00,12726.0,12919.0,12630.0,12823.0,55000,KBS
2025-02-06 07:00:00,12630.0,12775.0,12485.0,12630.0,102000,KBS
2025-02-07 07:00:00,12630.0,12775.0,12437.0,12678.0,88400,KBS
2025-02-10 07:00:00,12678.0,12678.0,12389.0,12389.0,73900,KBS
2025-02-11 07:00:00,12389.0,12485.0,12244.0,12485.0,50300,KBS
2025-02-12 07:00:00,12485.0,12534.0,12341.0,12341.0,48800,KBS
2025-02-13 07:00:00,12389.0,12437.0,12293.0,12389.0,28700,KBS
2025-02-14 07:00:00,12485.0,12485.0,12341.0,12389.0,30200,KBS
2025-02-17 07:00:00,12389.0,12534.0,12293.0,12437.0,89900,KBS
2025-02-18 07:00:00,12534.0,12630.0,12437.0,12534.0,132300,KBS
2025-02-19 07:00:00,12534.0,12678.0,12485.0,12678.0,138200,KBS
2025-02-20 07:00:00,12678.0,12967.0,12678.0,12919.0,106300,KBS
2025-02-21 07:00:00,13016.0,13016.0,12775.0,12919.0,115500,KBS
2025-02-24 07:00:00,12823.0,12871.0,12678.0,12726.0,132500,KBS
2025-02-25 07:00:00,12726.0,12823.0,12630.0,12678.0,105300,KBS
2025-02-26 07:00:00,12678.0,12775.0,12485.0,12534.0,199500,KBS
2025-02-27 07:00:00,12534.0,12582.0,12437.0,12534.0,86900,KBS
2025-02-28 07:00:00,12534.0,12775.0,12534.0,12678.0,106200,KBS
2025-03-03 07:00:00,12678.0,12678.0,12630.0,12678.0,71400,KBS
2025-03-04 07:00:00,12678.0,12726.0,12534.0,12678.0,97700,KBS
2025-03-05 07:00:00,12630.0,12678.0,12534.0,12534.0,116700,KBS
2025-03-06 07:00:00,12485.0,12630.0,12485.0,12534.0,121200,KBS
2025-03-07 07:00:00,12726.0,12726.0,12582.0,12582.0,63200,KBS
2025-03-10 07:00:00,12630.0,12726.0,12582.0,12726.0,104100,KBS
2025-03-11 07:00:00,12678.0,13594.0,12678.0,13594.0,978600,KBS
2025-03-12 07:00:00,13787.0,13980.0,13546.0,13594.0,249700,KBS
2025-03-13 07:00:00,13594.0,13594.0,13112.0,13112.0,371900,KBS
2025-03-14 07:00:00,13209.0,13450.0,13064.0,13209.0,198000,KBS
2025-03-17 07:00:00,13305.0,13883.0,13257.0,13498.0,323300,KBS
2025-03-18 07:00:00,13594.0,13594.0,13353.0,13353.0,97000,KBS
2025-03-19 07:00:00,13401.0,13498.0,13209.0,13305.0,208700,KBS
2025-03-20 07:00:00,13353.0,13353.0,13016.0,13160.0,191000,KBS
2025-03-21 07:00:00,13064.0,13305.0,13064.0,13160.0,66900,KBS
2025-03-24 07:00:00,13016.0,13209.0,12967.0,13112.0,89600,KBS
2025-03-25 07:00:00,13160.0,13209.0,13016.0,13064.0,138300,KBS
2025-03-26 07:00:00,13064.0,13160.0,12534.0,12871.0,176600,KBS
2025-03-27 07:00:00,12871.0,12919.0,12823.0,12919.0,62200,KBS
2025-03-28 07:00:00,12967.0,13064.0,12678.0,12871.0,95600,KBS
2025-03-31 07:00:00,12871.0,12871.0,12630.0,12678.0,89400,KBS
2025-04-01 07:00:00,12630.0,12871.0,12630.0,12871.0,40900,KBS
2025-04-02 07:00:00,12871.0,12967.0,12775.0,12871.0,63900,KBS
2025-04-03 07:00:00,12534.0,12534.0,12003.0,12003.0,524400,KBS
2025-04-04 07:00:00,11184.0,11570.0,11184.0,11184.0,775300,KBS
2025-04-08 07:00:00,10605.0,10702.0,10413.0,10413.0,263600,KBS
2025-04-09 07:00:00,9689.0,10075.0,9689.0,9689.0,562500,KBS
2025-04-10 07:00:00,10364.0,10364.0,10364.0,10364.0,67900,KBS
2025-04-11 07:00:00,10943.0,10943.0,10413.0,10895.0,218200,KBS
2025-04-14 07:00:00,10991.0,11136.0,10943.0,10991.0,107500,KBS
2025-04-15 07:00:00,10991.0,10991.0,10702.0,10750.0,126200,KBS
2025-04-16 07:00:00,10364.0,10846.0,10364.0,10750.0,84500,KBS
2025-04-17 07:00:00,10702.0,10750.0,10557.0,10750.0,22500,KBS
2025-04-18 07:00:00,10798.0,11087.0,10798.0,11039.0,89600,KBS
2025-04-21 07:00:00,11039.0,11087.0,10846.0,10846.0,45500,KBS
2025-04-22 07:00:00,10798.0,10846.0,10123.0,10557.0,239400,KBS
2025-04-23 07:00:00,10702.0,10750.0,10509.0,10702.0,49300,KBS
2025-04-24 07:00:00,10895.0,10943.0,10654.0,10846.0,111900,KBS
2025-04-25 07:00:00,10846.0,10846.0,10702.0,10750.0,77500,KBS
2025-04-28 07:00:00,10702.0,10846.0,10702.0,10798.0,43200,KBS
2025-04-29 07:00:00,10895.0,10895.0,10798.0,10895.0,72100,KBS
2025-05-05 07:00:00,10895.0,10943.0,10798.0,10895.0,30700,KBS
2025-05-06 07:00:00,10895.0,11039.0,10895.0,10991.0,69000,KBS
2025-05-07 07:00:00,10846.0,10943.0,10798.0,10846.0,35700,KBS
2025-05-08 07:00:00,10991.0,10991.0,10846.0,10846.0,69100,KBS
2025-05-09 07:00:00,10895.0,11039.0,10798.0,10895.0,127100,KBS
2025-05-12 07:00:00,10991.0,10991.0,10846.0,10846.0,98800,KBS
2025-05-13 07:00:00,10943.0,11039.0,10895.0,10895.0,228400,KBS
2025-05-14 07:00:00,10895.0,11136.0,10798.0,11136.0,163800,KBS
2025-05-15 07:00:00,11136.0,11184.0,10943.0,11087.0,103500,KBS
2025-05-16 07:00:00,11136.0,11136.0,10943.0,11039.0,136100,KBS
2025-05-19 07:00:00,11087.0,11087.0,10846.0,10846.0,234000,KBS
2025-05-20 07:00:00,10846.0,10991.0,10750.0,10750.0,179700,KBS
2025-05-21 07:00:00,11100.0,11200.0,10900.0,11000.0,91000,KBS
2025-05-22 07:00:00,11100.0,11100.0,10800.0,10800.0,106300,KBS
2025-05-23 07:00:00,10950.0,10950.0,10600.0,10800.0,47500,KBS
2025-05-26 07:00:00,10750.0,10750.0,10500.0,10550.0,191200,KBS
2025-05-27 07:00:00,10800.0,10800.0,10600.0,10750.0,100400,KBS
2025-05-28 07:00:00,10800.0,10950.0,10750.0,10850.0,207700,KBS
2025-05-29 07:00:00,10950.0,11100.0,10900.0,11050.0,193500,KBS
2025-05-30 07:00:00,11050.0,11050.0,10700.0,10700.0,119200,KBS
2025-06-02 07:00:00,10700.0,10800.0,10500.0,10800.0,54500,KBS
2025-06-03 07:00:00,10800.0,10900.0,10650.0,10800.0,132900,KBS
2025-06-04 07:00:00,10800.0,10900.0,10750.0,10750.0,103200,KBS
2025-06-05 07:00:00,10650.0,10900.0,10650.0,10800.0,51500,KBS
2025-06-06 07:00:00,10850.0,10900.0,10700.0,10700.0,49400,KBS
2025-06-09 07:00:00,10700.0,10700.0,10500.0,10500.0,35100,KBS
2025-06-10 07:00:00,10600.0,10700.0,10500.0,10600.0,72100,KBS
2025-06-11 07:00:00,10600.0,10600.0,10500.0,10600.0,60500,KBS
2025-06-12 07:00:00,10600.0,10650.0,10500.0,10650.0,66200,KBS
2025-06-13 07:00:00,10600.0,10600.0,10350.0,10400.0,116500,KBS
2025-06-16 07:00:00,10350.0,10500.0,10350.0,10400.0,53700,KBS
2025-06-17 07:00:00,10500.0,10600.0,10450.0,10600.0,93100,KBS
2025-06-18 07:00:00,10600.0,10600.0,10400.0,10450.0,60900,KBS
2025-06-19 07:00:00,10500.0,10500.0,10400.0,10450.0,102100,KBS
2025-06-20 07:00:00,10450.0,10500.0,10400.0,10500.0,66000,KBS
2025-06-23 07:00:00,10400.0,10450.0,10250.0,10350.0,104600,KBS
2025-06-24 07:00:00,10350.0,10450.0,10300.0,10300.0,96200,KBS
2025-06-25 07:00:00,10400.0,10450.0,10250.0,10250.0,201700,KBS
2025-06-26 07:00:00,10350.0,10400.0,10300.0,10400.0,244300,KBS
2025-06-27 07:00:00,10400.0,10600.0,10350.0,10350.0,108500,KBS
2025-06-30 07:00:00,10400.0,10450.0,10300.0,10300.0,155200,KBS
2025-07-01 07:00:00,10300.0,10350.0,10200.0,10200.0,258900,KBS
2025-07-02 07:00:00,10200.0,10350.0,10150.0,10150.0,285600,KBS
2025-07-03 07:00:00,10300.0,10400.0,10250.0,10300.0,90600,KBS
2025-07-04 07:00:00,10350.0,10350.0,10200.0,10300.0,159900,KBS
2025-07-07 07:00:00,10300.0,10350.0,10200.0,10250.0,88700,KBS
2025-07-08 07:00:00,10300.0,10400.0,10250.0,10400.0,183800,KBS
2025-07-09 07:00:00,10400.0,10600.0,10350.0,10600.0,294900,KBS
2025-07-10 07:00:00,10700.0,11300.0,10600.0,11300.0,850300,KBS
2025-07-11 07:00:00,11100.0,11550.0,11100.0,11200.0,195800,KBS
2025-07-14 07:00:00,11150.0,11200.0,10850.0,11000.0,418000,KBS
2025-07-15 07:00:00,11050.0,11500.0,10900.0,11150.0,229600,KBS
2025-07-16 07:00:00,11100.0,11450.0,11100.0,11250.0,195800,KBS
2025-07-17 07:00:00,11400.0,11500.0,11250.0,11350.0,276600,KBS
2025-07-18 07:00:00,11350.0,11400.0,11150.0,11300.0,253800,KBS
2025-07-21 07:00:00,11300.0,11350.0,11150.0,11150.0,84300,KBS
2025-07-22 07:00:00,11050.0,11100.0,10950.0,11100.0,139100,KBS
2025-07-23 07:00:00,11200.0,11350.0,11150.0,11250.0,148400,KBS
2025-07-24 07:00:00,11300.0,11850.0,11300.0,11650.0,614300,KBS
2025-07-25 07:00:00,11700.0,11700.0,11500.0,11600.0,143300,KBS
2025-07-28 07:00:00,11750.0,11800.0,11550.0,11650.0,274400,KBS
2025-07-29 07:00:00,11600.0,11750.0,11350.0,11350.0,504500,KBS
2025-07-30 07:00:00,11300.0,12100.0,11200.0,12100.0,942100,KBS
2025-07-31 07:00:00,12900.0,12900.0,12800.0,12900.0,640600,KBS
2025-08-01 07:00:00,13650.0,13650.0,12900.0,12950.0,1002700,KBS
2025-08-04 07:00:00,12950.0,13550.0,12950.0,13200.0,258500,KBS
2025-08-05 07:00:00,13500.0,13500.0,12300.0,12300.0,840100,KBS
2025-08-06 07:00:00,12400.0,12850.0,12350.0,12850.0,411300,KBS
2025-08-07 07:00:00,12950.0,13250.0,12400.0,12800.0,380100,KBS
2025-08-08 07:00:00,12900.0,13050.0,12300.0,12800.0,306800,KBS
2025-08-11 07:00:00,13000.0,13000.0,12700.0,12850.0,254800,KBS
2025-08-12 07:00:00,12950.0,12950.0,12650.0,12800.0,322400,KBS
2025-08-13 07:00:00,12800.0,13000.0,12650.0,12800.0,217400,KBS
2025-08-14 07:00:00,12850.0,13050.0,12800.0,13000.0,447300,KBS
2025-08-15 07:00:00,13050.0,13100.0,12650.0,12900.0,323100,KBS
2025-08-18 07:00:00,12850.0,12900.0,12650.0,12800.0,249200,KBS
2025-08-19 07:00:00,12650.0,12950.0,12600.0,12700.0,323300,KBS
2025-08-20 07:00:00,12800.0,12800.0,12100.0,12700.0,361700,KBS
2025-08-21 07:00:00,12750.0,12750.0,12400.0,12450.0,177900,KBS
2025-08-22 07:00:00,12150.0,12300.0,11800.0,11900.0,408000,KBS
2025-08-25 07:00:00,11950.0,12000.0,11750.0,11750.0,170400,KBS
2025-08-26 07:00:00,11750.0,12200.0,11650.0,12200.0,135300,KBS
2025-08-27 07:00:00,12200.0,12350.0,11950.0,12000.0,165500,KBS
2025-08-28 07:00:00,12000.0,12150.0,11950.0,12150.0,38300,KBS
2025-08-29 07:00:00,12200.0,12300.0,12050.0,12150.0,89600,KBS
2025-09-03 07:00:00,12200.0,12200.0,11950.0,12150.0,59500,KBS
2025-09-04 07:00:00,12200.0,12700.0,12000.0,12700.0,219100,KBS
2025-09-05 07:00:00,12700.0,12850.0,12500.0,12650.0,210200,KBS
2025-09-08 07:00:00,12650.0,12650.0,12100.0,12150.0,150500,KBS
2025-09-09 07:00:00,12150.0,12300.0,11900.0,12200.0,131700,KBS
2025-09-10 07:00:00,12250.0,12250.0,11900.0,12150.0,44100,KBS
2025-09-11 07:00:00,12150.0,12150.0,11750.0,12000.0,90400,KBS
2025-09-12 07:00:00,12000.0,12250.0,11950.0,12100.0,109500,KBS
2025-09-15 07:00:00,12150.0,12300.0,12100.0,12250.0,68000,KBS
2025-09-16 07:00:00,12300.0,12300.0,12100.0,12200.0,157000,KBS
2025-09-17 07:00:00,12200.0,12400.0,12100.0,12200.0,116600,KBS
2025-09-18 07:00:00,12200.0,12200.0,12100.0,12200.0,47400,KBS
2025-09-19 07:00:00,12200.0,12250.0,12100.0,12200.0,122600,KBS
2025-09-22 07:00:00,12250.0,12250.0,11850.0,12000.0,110600,KBS
2025-09-23 07:00:00,12000.0,12000.0,11850.0,12000.0,46100,KBS
2025-09-24 07:00:00,12100.0,12100.0,11900.0,12000.0,87000,KBS
2025-09-25 07:00:00,12050.0,12350.0,11950.0,12200.0,180800,KBS
2025-09-26 07:00:00,12200.0,12750.0,12200.0,12500.0,359900,KBS
2025-09-29 07:00:00,12750.0,12750.0,12250.0,12400.0,122400,KBS
2025-09-30 07:00:00,12400.0,12400.0,11850.0,12250.0,171700,KBS
2025-10-01 07:00:00,12250.0,12250.0,11950.0,12000.0,100000,KBS
2025-10-02 07:00:00,12050.0,12100.0,11900.0,11900.0,79200,KBS
2025-10-03 07:00:00,11900.0,11950.0,11800.0,11850.0,67900,KBS
2025-10-06 07:00:00,11900.0,12150.0,11750.0,12100.0,130600,KBS
2025-10-07 07:00:00,12150.0,12150.0,11800.0,11850.0,99700,KBS
2025-10-08 07:00:00,11900.0,11900.0,11750.0,11850.0,72300,KBS
2025-10-09 07:00:00,11850.0,11950.0,11800.0,11950.0,42700,KBS
2025-10-10 07:00:00,11800.0,12000.0,11800.0,11950.0,77300,KBS
2025-10-13 07:00:00,11800.0,12000.0,11800.0,11900.0,116100,KBS
2025-10-14 07:00:00,11900.0,12050.0,11700.0,11750.0,157000,KBS
2025-10-15 07:00:00,11850.0,11850.0,11150.0,11400.0,233600,KBS
2025-10-16 07:00:00,11400.0,11550.0,11350.0,11500.0,111400,KBS
2025-10-17 07:00:00,11500.0,11750.0,11350.0,11450.0,133000,KBS
2025-10-20 07:00:00,11600.0,11700.0,11150.0,11150.0,206800,KBS
2025-10-21 07:00:00,11400.0,11400.0,11100.0,11250.0,122900,KBS
2025-10-22 07:00:00,11400.0,11400.0,11050.0,11200.0,127600,KBS
2025-10-23 07:00:00,11200.0,11500.0,11200.0,11250.0,82100,KBS
2025-10-24 07:00:00,11200.0,11300.0,11200.0,11200.0,41300,KBS
2025-10-27 07:00:00,11450.0,11450.0,11250.0,11300.0,63500,KBS
2025-10-28 07:00:00,11250.0,11400.0,11200.0,11350.0,44000,KBS
2025-10-29 07:00:00,11500.0,11750.0,11500.0,11750.0,143900,KBS
2025-10-30 07:00:00,11900.0,11900.0,11600.0,11750.0,55400,KBS
2025-10-31 07:00:00,11750.0,11800.0,11550.0,11700.0,98200,KBS
2025-11-03 07:00:00,11700.0,11700.0,11550.0,11600.0,91100,KBS
2025-11-04 07:00:00,11550.0,11700.0,11400.0,11700.0,127600,KBS
2025-11-05 07:00:00,11700.0,11700.0,11500.0,11550.0,64500,KBS
2025-11-06 07:00:00,11550.0,11650.0,11550.0,11600.0,36400,KBS
2025-11-07 07:00:00,11650.0,11650.0,11450.0,11500.0,66400,KBS
2025-11-10 07:00:00,11450.0,11500.0,11200.0,11200.0,95300,KBS
2025-11-11 07:00:00,11250.0,11450.0,11200.0,11300.0,31300,KBS
2025-11-12 07:00:00,11300.0,11400.0,11300.0,11400.0,30400,KBS
2025-11-13 07:00:00,11400.0,11450.0,11150.0,11450.0,45600,KBS
2025-11-14 07:00:00,11450.0,11500.0,11300.0,11350.0,35600,KBS
2025-11-17 07:00:00,11400.0,11450.0,11350.0,11400.0,72900,KBS
2025-11-18 07:00:00,11400.0,11900.0,11350.0,11600.0,137100,KBS
2025-11-19 07:00:00,11600.0,11700.0,11550.0,11600.0,76200,KBS
2025-11-20 07:00:00,11650.0,12400.0,11650.0,12200.0,391400,KBS
2025-11-21 07:00:00,12200.0,12250.0,11800.0,11900.0,68300,KBS
2025-11-24 07:00:00,11850.0,12050.0,11850.0,11850.0,105500,KBS
2025-11-25 07:00:00,11900.0,11900.0,11650.0,11850.0,102100,KBS
2025-11-26 07:00:00,11850.0,11900.0,11800.0,11850.0,99200,KBS
2025-11-27 07:00:00,11900.0,12350.0,11900.0,12100.0,182300,KBS
2025-11-28 07:00:00,12150.0,12150.0,11850.0,11850.0,178300,KBS
2025-12-01 07:00:00,11900.0,12200.0,11750.0,12100.0,151500,KBS
2025-12-02 07:00:00,12150.0,12150.0,11900.0,12000.0,152300,KBS
2025-12-03 07:00:00,12000.0,12250.0,11900.0,12150.0,260500,KBS
2025-12-04 07:00:00,12250.0,12850.0,12100.0,12650.0,410800,KBS
2025-12-05 07:00:00,12850.0,12850.0,12300.0,12400.0,256200,KBS
2025-12-08 07:00:00,12400.0,12400.0,12100.0,12100.0,164200,KBS
2025-12-09 07:00:00,12100.0,12850.0,12050.0,12600.0,422800,KBS
2025-12-10 07:00:00,12500.0,12750.0,12400.0,12650.0,179000,KBS
2025-12-11 07:00:00,12800.0,12800.0,12550.0,12650.0,226200,KBS
2025-12-12 07:00:00,12700.0,12750.0,12000.0,12000.0,247600,KBS
2025-12-15 07:00:00,12000.0,12050.0,11800.0,11950.0,216700,KBS
2025-12-16 07:00:00,11900.0,12050.0,11650.0,12000.0,150900,KBS
2025-12-17 07:00:00,12000.0,12000.0,11800.0,11950.0,62100,KBS
2025-12-18 07:00:00,11900.0,11950.0,11750.0,11900.0,102300,KBS
2025-12-19 07:00:00,11900.0,11950.0,11650.0,11650.0,102100,KBS
2025-12-22 07:00:00,11750.0,11800.0,11600.0,11650.0,158000,KBS
2025-12-23 07:00:00,11700.0,11700.0,11500.0,11500.0,206100,KBS
2025-12-24 07:00:00,11550.0,11600.0,11450.0,11550.0,71800,KBS
2025-12-25 07:00:00,11550.0,11600.0,11450.0,11450.0,61500,KBS
2025-12-26 07:00:00,11550.0,11550.0,11300.0,11400.0,104600,KBS
2025-12-29 07:00:00,11350.0,11600.0,11350.0,11550.0,23800,KBS
2025-12-30 07:00:00,11550.0,11600.0,11450.0,11500.0,22700,KBS
2025-12-31 07:00:00,11600.0,12200.0,11450.0,11550.0,82900,KBS
2026-01-05 07:00:00,11550.0,11650.0,11500.0,11550.0,39000,KBS
2026-01-06 07:00:00,11550.0,11650.0,11500.0,11600.0,64300,KBS
2026-01-07 07:00:00,11600.0,11750.0,11500.0,11550.0,144600,KBS
2026-01-08 07:00:00,11550.0,11650.0,11500.0,11600.0,109800,KBS
2026-01-09 07:00:00,11600.0,11700.0,11550.0,11600.0,59000,KBS
2026-01-12 07:00:00,11600.0,11950.0,11600.0,11900.0,127900,KBS
2026-01-13 07:00:00,11950.0,11950.0,11750.0,11800.0,95200,KBS
2026-01-14 07:00:00,11950.0,11950.0,11700.0,11900.0,135400,KBS
2026-01-15 07:00:00,11900.0,11900.0,11800.0,11900.0,97200,KBS
2026-01-16 07:00:00,11800.0,11900.0,11750.0,11750.0,119800,KBS
2026-01-19 07:00:00,11800.0,11800.0,11650.0,11750.0,119800,KBS
2026-01-20 07:00:00,11750.0,11950.0,11700.0,11950.0,106500,KBS
2026-01-21 07:00:00,11950.0,12300.0,11900.0,12000.0,242000,KBS
2026-01-22 07:00:00,12100.0,12250.0,12000.0,12000.0,90300,KBS
2026-01-23 07:00:00,12050.0,12250.0,11800.0,11800.0,66800,KBS
2026-01-26 07:00:00,11800.0,11900.0,11650.0,11700.0,187400,KBS
2026-01-27 07:00:00,11700.0,11750.0,11650.0,11650.0,79700,KBS
2026-01-28 07:00:00,11600.0,11700.0,11500.0,11600.0,54000,KBS
2026-01-29 07:00:00,11500.0,11550.0,11200.0,11200.0,372700,KBS
2026-01-30 07:00:00,11150.0,11200.0,10750.0,11100.0,370200,KBS
2026-02-02 07:00:00,11100.0,11100.0,10850.0,11000.0,107700,KBS
2026-02-03 07:00:00,11000.0,11100.0,10900.0,11050.0,144900,KBS
2026-02-04 07:00:00,11050.0,11100.0,11000.0,11000.0,65700,KBS
2026-02-05 07:00:00,11000.0,11000.0,10900.0,10900.0,79500,KBS
2026-02-06 07:00:00,10900.0,10900.0,10650.0,10650.0,169700,KBS
2026-02-09 07:00:00,10700.0,10750.0,10650.0,10700.0,41800,KBS
2026-02-10 07:00:00,10700.0,10700.0,10500.0,10600.0,106900,KBS
2026-02-11 07:00:00,10650.0,10900.0,10650.0,10900.0,31600,KBS
2026-02-12 07:00:00,10950.0,11100.0,10800.0,10850.0,15200,KBS
2026-02-13 07:00:00,10900.0,10950.0,10700.0,10950.0,31800,KBS
2026-02-23 07:00:00,10950.0,11050.0,10900.0,11050.0,62500,KBS
2026-02-24 07:00:00,11050.0,11300.0,11000.0,11100.0,30400,KBS
2026-02-25 07:00:00,11100.0,11100.0,10950.0,10950.0,64200,KBS
2026-02-26 07:00:00,10950.0,11050.0,10900.0,10950.0,55300,KBS
2026-02-27 07:00:00,10950.0,11050.0,10850.0,11000.0,55500,KBS
2026-03-02 07:00:00,10900.0,10950.0,10550.0,10650.0,136400,KBS
2026-03-03 07:00:00,10900.0,10900.0,10500.0,10850.0,54000,KBS
2026-03-04 07:00:00,10650.0,10900.0,10400.0,10700.0,54300,KBS
2026-03-05 07:00:00,10800.0,10850.0,10700.0,10800.0,19600,KBS
2026-03-06 07:00:00,10800.0,10800.0,10500.0,10500.0,46400,KBS
2026-03-09 07:00:00,10400.0,10400.0,9770.0,9770.0,278600,KBS
2026-03-10 07:00:00,10200.0,10450.0,9900.0,10000.0,129400,KBS
2026-03-11 07:00:00,10150.0,10450.0,9950.0,10450.0,100300,KBS
2026-03-12 07:00:00,10400.0,10400.0,10000.0,10250.0,24900,KBS
2026-03-13 07:00:00,10200.0,10350.0,10100.0,10300.0,21600,KBS
2026-03-16 07:00:00,10300.0,10350.0,10200.0,10250.0,63400,KBS
2026-03-17 07:00:00,10250.0,10400.0,10250.0,10350.0,35000,KBS
2026-03-18 07:00:00,10400.0,10400.0,10250.0,10400.0,21800,KBS
2026-03-19 07:00:00,10350.0,10350.0,10050.0,10250.0,43500,KBS
2026-03-20 07:00:00,10250.0,10300.0,10100.0,10150.0,14500,KBS
2026-03-23 07:00:00,10150.0,10150.0,9910.0,9910.0,73800,KBS
2026-03-24 07:00:00,10000.0,10100.0,9920.0,9920.0,27600,KBS
2026-03-25 07:00:00,9930.0,10100.0,9930.0,10100.0,35000,KBS
2026-03-26 07:00:00,10100.0,10100.0,10000.0,10050.0,40300,KBS
2026-03-27 07:00:00,10000.0,10200.0,9980.0,10150.0,31000,KBS
2026-03-30 07:00:00,10150.0,10150.0,9920.0,9930.0,41300,KBS
2026-03-31 07:00:00,9950.0,10200.0,9950.0,10050.0,12000,KBS
2026-04-01 07:00:00,10000.0,10200.0,10000.0,10150.0,44700,KBS
2026-04-02 07:00:00,10050.0,10250.0,10050.0,10100.0,19700,KBS
2026-04-03 07:00:00,10100.0,10150.0,10000.0,10000.0,11200,KBS
2026-04-06 07:00:00,10000.0,10000.0,9960.0,10000.0,13500,KBS
2026-04-07 07:00:00,10000.0,10100.0,9950.0,10050.0,10700,KBS
2026-04-08 07:00:00,10050.0,10750.0,10050.0,10350.0,283200,KBS
2026-04-09 07:00:00,10350.0,10350.0,10250.0,10350.0,22000,KBS
2026-04-10 07:00:00,10250.0,10400.0,10250.0,10350.0,23700,KBS
2026-04-13 07:00:00,10150.0,10250.0,10100.0,10250.0,20500,KBS
2026-04-14 07:00:00,10100.0,10400.0,10100.0,10250.0,56400,KBS
2026-04-15 07:00:00,10300.0,10400.0,10000.0,10150.0,59700,KBS
2026-04-16 07:00:00,10250.0,10250.0,10100.0,10100.0,10100,KBS
2026-04-17 07:00:00,10100.0,10400.0,10100.0,10200.0,45800,KBS
2026-04-20 07:00:00,10250.0,10300.0,10100.0,10100.0,28200,KBS
2026-04-21 07:00:00,10100.0,10300.0,10100.0,10250.0,36600,KBS
2026-04-22 07:00:00,10350.0,10350.0,10150.0,10250.0,4100,KBS
2026-04-23 07:00:00,10200.0,10250.0,10050.0,10200.0,42800,KBS
2026-04-24 07:00:00,10200.0,10250.0,10100.0,10200.0,26700,KBS
2026-04-28 07:00:00,10050.0,10200.0,10000.0,10100.0,16900,KBS
2026-04-29 07:00:00,10150.0,10600.0,10050.0,10500.0,109000,KBS
2026-05-04 07:00:00,10450.0,10850.0,10450.0,10650.0,60700,KBS
2026-05-05 07:00:00,10550.0,10650.0,10400.0,10500.0,46700,KBS
2026-05-06 07:00:00,10350.0,10600.0,10350.0,10600.0,23300,KBS
2026-05-07 07:00:00,10500.0,10600.0,10450.0,10600.0,56500,KBS
2026-05-08 07:00:00,10550.0,10650.0,10550.0,10600.0,19400,KBS
2026-05-11 07:00:00,10500.0,10600.0,10300.0,10450.0,36300,KBS
2026-05-12 07:00:00,10450.0,10500.0,10300.0,10400.0,21200,KBS
2026-05-13 07:00:00,10400.0,10450.0,10350.0,10450.0,12400,KBS
2026-05-14 07:00:00,10450.0,10450.0,10350.0,10350.0,30200,KBS
2026-05-15 07:00:00,10450.0,10450.0,10350.0,10450.0,37000,KBS
2026-05-18 07:00:00,10450.0,10550.0,10400.0,10550.0,49900,KBS
2026-05-19 07:00:00,10550.0,10550.0,10350.0,10350.0,19500,KBS
2026-05-20 07:00:00,10500.0,10500.0,10150.0,10300.0,57200,KBS
2026-05-21 07:00:00,10200.0,10450.0,10200.0,10350.0,11500,KBS
2026-05-22 07:00:00,10300.0,10500.0,10300.0,10500.0,11600,KBS
2026-05-25 07:00:00,10400.0,10450.0,10300.0,10300.0,6100,KBS
2026-05-26 07:00:00,10300.0,10400.0,10250.0,10400.0,17400,KBS
2026-05-27 07:00:00,10350.0,10400.0,10300.0,10300.0,5800,KBS
2026-05-28 07:00:00,10300.0,10400.0,10250.0,10350.0,16600,KBS
2026-05-29 07:00:00,10450.0,10450.0,10000.0,10300.0,13300,KBS
2026-06-01 07:00:00,10350.0,10450.0,10100.0,10250.0,12500,KBS
2026-06-02 07:00:00,10400.0,10400.0,10000.0,10050.0,27600,KBS
2026-06-03 07:00:00,10150.0,10200.0,10050.0,10150.0,3700,KBS
2026-06-04 07:00:00,10100.0,10300.0,10050.0,10150.0,67000,KBS
2026-06-05 07:00:00,10150.0,10200.0,10100.0,10100.0,225500,KBS
