date,open,high,low,close,volume,_source
2020-01-02 07:00:00,3474.0,3771.0,3474.0,3771.0,1041740,KBS
2020-01-03 07:00:00,3858.0,3939.0,3858.0,3878.0,853560,KBS
2020-01-06 07:00:00,3878.0,3980.0,3786.0,3950.0,480230,KBS
2020-01-07 07:00:00,3950.0,3975.0,3909.0,3950.0,1282040,KBS
2020-01-08 07:00:00,3950.0,4052.0,3812.0,4047.0,1105340,KBS
2020-01-09 07:00:00,4088.0,4317.0,4088.0,4317.0,1746260,KBS
2020-01-10 07:00:00,4522.0,4598.0,4399.0,4573.0,1194520,KBS
2020-01-13 07:00:00,4598.0,4624.0,4394.0,4471.0,1106160,KBS
2020-01-14 07:00:00,4445.0,4598.0,4404.0,4573.0,1210630,KBS
2020-01-15 07:00:00,4573.0,4854.0,4573.0,4854.0,1023240,KBS
2020-01-16 07:00:00,4854.0,5109.0,4854.0,5058.0,553840,KBS
2020-01-17 07:00:00,5058.0,5109.0,4946.0,5058.0,719550,KBS
2020-01-20 07:00:00,4992.0,5053.0,4706.0,4706.0,2003870,KBS
2020-01-21 07:00:00,4379.0,4706.0,4379.0,4701.0,702530,KBS
2020-01-22 07:00:00,4598.0,4854.0,4598.0,4854.0,433340,KBS
2020-01-30 07:00:00,4752.0,5007.0,4517.0,4517.0,814540,KBS
2020-01-31 07:00:00,4348.0,4481.0,4261.0,4261.0,903540,KBS
2020-02-03 07:00:00,3965.0,4241.0,3965.0,4047.0,783170,KBS
2020-02-04 07:00:00,4185.0,4185.0,3975.0,4036.0,531330,KBS
2020-02-05 07:00:00,4088.0,4190.0,3985.0,3985.0,307880,KBS
2020-02-06 07:00:00,4036.0,4215.0,4006.0,4174.0,398370,KBS
2020-02-07 07:00:00,4174.0,4231.0,4072.0,4103.0,224010,KBS
2020-02-10 07:00:00,4088.0,4200.0,4036.0,4164.0,608010,KBS
2020-02-11 07:00:00,4164.0,4292.0,4103.0,4103.0,204380,KBS
2020-02-12 07:00:00,4103.0,4220.0,4103.0,4159.0,228950,KBS
2020-02-13 07:00:00,4215.0,4215.0,4103.0,4174.0,166210,KBS
2020-02-14 07:00:00,4123.0,4205.0,4123.0,4169.0,115390,KBS
2020-02-17 07:00:00,4169.0,4241.0,4113.0,4154.0,335680,KBS
2020-02-18 07:00:00,4108.0,4185.0,4108.0,4154.0,823150,KBS
2020-02-19 07:00:00,4149.0,4241.0,4149.0,4149.0,321650,KBS
2020-02-20 07:00:00,4190.0,4435.0,4149.0,4435.0,1861430,KBS
2020-02-21 07:00:00,4598.0,4609.0,4440.0,4496.0,407130,KBS
2020-02-24 07:00:00,4271.0,4491.0,4271.0,4379.0,541490,KBS
2020-02-25 07:00:00,4271.0,4409.0,4271.0,4379.0,652980,KBS
2020-02-26 07:00:00,4379.0,4379.0,4271.0,4287.0,382700,KBS
2020-02-27 07:00:00,4251.0,4363.0,4220.0,4348.0,1207420,KBS
2020-02-28 07:00:00,4348.0,4348.0,4220.0,4236.0,520540,KBS
2020-03-02 07:00:00,4220.0,4266.0,4180.0,4236.0,731490,KBS
2020-03-03 07:00:00,4236.0,4317.0,4231.0,4236.0,732870,KBS
2020-03-04 07:00:00,4215.0,4241.0,4200.0,4200.0,881410,KBS
2020-03-05 07:00:00,4215.0,4266.0,4215.0,4215.0,658190,KBS
2020-03-06 07:00:00,4215.0,4215.0,4139.0,4139.0,520560,KBS
2020-03-09 07:00:00,3853.0,3909.0,3853.0,3853.0,643140,KBS
2020-03-10 07:00:00,3587.0,3832.0,3587.0,3771.0,499100,KBS
2020-03-11 07:00:00,3771.0,3807.0,3525.0,3556.0,621580,KBS
2020-03-12 07:00:00,3326.0,3393.0,3311.0,3311.0,758250,KBS
2020-03-13 07:00:00,3081.0,3306.0,3081.0,3158.0,2303650,KBS
2020-03-16 07:00:00,3066.0,3163.0,3066.0,3081.0,654660,KBS
2020-03-17 07:00:00,2887.0,3142.0,2887.0,3117.0,156870,KBS
2020-03-18 07:00:00,3326.0,3326.0,3066.0,3066.0,1867210,KBS
2020-03-19 07:00:00,3066.0,3066.0,3030.0,3066.0,441830,KBS
2020-03-20 07:00:00,3015.0,3061.0,2851.0,2851.0,2327870,KBS
2020-03-23 07:00:00,2667.0,2810.0,2652.0,2652.0,1150030,KBS
2020-03-24 07:00:00,2468.0,2504.0,2468.0,2468.0,1900300,KBS
2020-03-25 07:00:00,2468.0,2504.0,2325.0,2361.0,2140210,KBS
2020-03-26 07:00:00,2422.0,2524.0,2396.0,2504.0,1251510,KBS
2020-03-27 07:00:00,2432.0,2657.0,2432.0,2504.0,418220,KBS
2020-03-30 07:00:00,2361.0,2504.0,2350.0,2401.0,608850,KBS
2020-03-31 07:00:00,2361.0,2488.0,2248.0,2248.0,554980,KBS
2020-04-01 07:00:00,2238.0,2401.0,2238.0,2361.0,922390,KBS
2020-04-03 07:00:00,2401.0,2504.0,2371.0,2473.0,583700,KBS
2020-04-06 07:00:00,2504.0,2642.0,2504.0,2642.0,2229770,KBS
2020-04-07 07:00:00,2657.0,2759.0,2621.0,2626.0,539150,KBS
2020-04-08 07:00:00,2621.0,2647.0,2529.0,2631.0,956830,KBS
2020-04-09 07:00:00,2611.0,2759.0,2611.0,2693.0,545170,KBS
2020-04-10 07:00:00,2739.0,2739.0,2555.0,2657.0,498550,KBS
2020-04-13 07:00:00,2570.0,2708.0,2570.0,2657.0,444510,KBS
2020-04-14 07:00:00,2682.0,2841.0,2626.0,2810.0,1152790,KBS
2020-04-15 07:00:00,2938.0,2938.0,2861.0,2871.0,939290,KBS
2020-04-16 07:00:00,2836.0,2989.0,2810.0,2923.0,650390,KBS
2020-04-17 07:00:00,2984.0,2984.0,2902.0,2933.0,934470,KBS
2020-04-20 07:00:00,2958.0,2979.0,2728.0,2897.0,767020,KBS
2020-04-21 07:00:00,2810.0,2836.0,2713.0,2718.0,969690,KBS
2020-04-22 07:00:00,2662.0,2907.0,2662.0,2887.0,1320090,KBS
2020-04-23 07:00:00,3081.0,3081.0,2958.0,2979.0,769020,KBS
2020-04-24 07:00:00,3061.0,3183.0,2989.0,3183.0,3029250,KBS
2020-04-27 07:00:00,3372.0,3403.0,3321.0,3403.0,2943180,KBS
2020-04-28 07:00:00,3474.0,3474.0,3270.0,3372.0,1263790,KBS
2020-04-29 07:00:00,3306.0,3321.0,3229.0,3306.0,1757340,KBS
2020-05-04 07:00:00,3301.0,3393.0,3270.0,3347.0,2342780,KBS
2020-05-05 07:00:00,3347.0,3525.0,3336.0,3347.0,1226550,KBS
2020-05-06 07:00:00,3347.0,3408.0,3336.0,3398.0,1643470,KBS
2020-05-07 07:00:00,3423.0,3490.0,3403.0,3459.0,2035010,KBS
2020-05-08 07:00:00,3474.0,3490.0,3403.0,3403.0,2009290,KBS
2020-05-11 07:00:00,3398.0,3525.0,3347.0,3398.0,1376790,KBS
2020-05-12 07:00:00,3398.0,3515.0,3336.0,3500.0,3064490,KBS
2020-05-13 07:00:00,3500.0,3740.0,3500.0,3715.0,4270730,KBS
2020-05-14 07:00:00,3715.0,3837.0,3653.0,3704.0,1526070,KBS
2020-05-15 07:00:00,3694.0,3715.0,3525.0,3577.0,2391070,KBS
2020-05-18 07:00:00,3597.0,3771.0,3500.0,3709.0,2880380,KBS
2020-05-19 07:00:00,3781.0,3837.0,3720.0,3725.0,2703600,KBS
2020-05-20 07:00:00,3725.0,3730.0,3577.0,3663.0,1152930,KBS
2020-05-21 07:00:00,3679.0,3699.0,3628.0,3648.0,1728890,KBS
2020-05-22 07:00:00,3755.0,3812.0,3704.0,3801.0,5508610,KBS
2020-05-25 07:00:00,3883.0,4042.0,3868.0,3934.0,4025600,KBS
2020-05-26 07:00:00,4036.0,4036.0,3914.0,3950.0,2691160,KBS
2020-05-27 07:00:00,3955.0,3996.0,3924.0,3944.0,4445620,KBS
2020-05-28 07:00:00,3934.0,3996.0,3934.0,3939.0,2488300,KBS
2020-05-29 07:00:00,3939.0,3985.0,3924.0,3924.0,2704170,KBS
2020-06-01 07:00:00,3934.0,4077.0,3934.0,4062.0,3767720,KBS
2020-06-02 07:00:00,4077.0,4077.0,3980.0,4016.0,2787190,KBS
2020-06-03 07:00:00,4016.0,4021.0,3944.0,4001.0,2343030,KBS
2020-06-04 07:00:00,4031.0,4031.0,3944.0,3944.0,3221320,KBS
2020-06-05 07:00:00,3934.0,4159.0,3914.0,4103.0,4588170,KBS
2020-06-08 07:00:00,4190.0,4277.0,4185.0,4246.0,4261420,KBS
2020-06-09 07:00:00,4292.0,4343.0,4185.0,4292.0,3712540,KBS
2020-06-10 07:00:00,4261.0,4297.0,4215.0,4282.0,3624910,KBS
2020-06-11 07:00:00,4271.0,4399.0,4139.0,4139.0,4256720,KBS
2020-06-12 07:00:00,3909.0,4144.0,3893.0,4144.0,4074260,KBS
2020-06-15 07:00:00,4190.0,4190.0,3934.0,3934.0,2586870,KBS
2020-06-16 07:00:00,4016.0,4016.0,3924.0,3970.0,1624120,KBS
2020-06-17 07:00:00,3934.0,4088.0,3934.0,3970.0,1815950,KBS
2020-06-18 07:00:00,3970.0,4016.0,3944.0,4001.0,1236530,KBS
2020-06-19 07:00:00,4123.0,4123.0,4036.0,4082.0,1233770,KBS
2020-06-22 07:00:00,4082.0,4149.0,4036.0,4067.0,1850610,KBS
2020-06-23 07:00:00,4088.0,4088.0,3975.0,3985.0,2539350,KBS
2020-06-24 07:00:00,4062.0,4062.0,3970.0,3970.0,1441060,KBS
2020-06-25 07:00:00,3934.0,4088.0,3873.0,4047.0,2407590,KBS
2020-06-26 07:00:00,4052.0,4082.0,4006.0,4016.0,2072560,KBS
2020-06-29 07:00:00,3939.0,3960.0,3781.0,3873.0,1967940,KBS
2020-06-30 07:00:00,3970.0,3970.0,3628.0,3648.0,1677110,KBS
2020-07-01 07:00:00,3602.0,3735.0,3602.0,3704.0,1301810,KBS
2020-07-02 07:00:00,3704.0,3755.0,3679.0,3689.0,873690,KBS
2020-07-03 07:00:00,3704.0,3704.0,3674.0,3689.0,706740,KBS
2020-07-06 07:00:00,3755.0,3771.0,3704.0,3740.0,885210,KBS
2020-07-07 07:00:00,3781.0,3842.0,3781.0,3807.0,1840100,KBS
2020-07-08 07:00:00,3807.0,3812.0,3755.0,3755.0,839650,KBS
2020-07-09 07:00:00,3755.0,3807.0,3750.0,3755.0,918170,KBS
2020-07-10 07:00:00,3750.0,3771.0,3699.0,3715.0,929920,KBS
2020-07-13 07:00:00,3715.0,3761.0,3709.0,3740.0,438300,KBS
2020-07-14 07:00:00,3755.0,3755.0,3704.0,3709.0,507560,KBS
2020-07-15 07:00:00,3709.0,3755.0,3699.0,3704.0,797790,KBS
2020-07-16 07:00:00,3730.0,3730.0,3679.0,3679.0,615540,KBS
2020-07-17 07:00:00,3679.0,3704.0,3663.0,3684.0,672910,KBS
2020-07-20 07:00:00,3684.0,3704.0,3633.0,3633.0,1068300,KBS
2020-07-21 07:00:00,3633.0,3653.0,3551.0,3612.0,862870,KBS
2020-07-22 07:00:00,3612.0,3679.0,3612.0,3633.0,365490,KBS
2020-07-23 07:00:00,3633.0,3643.0,3577.0,3597.0,587850,KBS
2020-07-24 07:00:00,3602.0,3602.0,3347.0,3347.0,2646840,KBS
2020-07-27 07:00:00,3122.0,3244.0,3117.0,3117.0,2048490,KBS
2020-07-28 07:00:00,2938.0,3270.0,2938.0,3270.0,1156660,KBS
2020-07-29 07:00:00,3244.0,3244.0,3122.0,3188.0,848200,KBS
2020-07-30 07:00:00,3188.0,3270.0,3188.0,3219.0,380310,KBS
2020-07-31 07:00:00,3101.0,3204.0,3101.0,3163.0,355600,KBS
2020-08-03 07:00:00,3219.0,3347.0,3168.0,3321.0,1469150,KBS
2020-08-04 07:00:00,3321.0,3423.0,3311.0,3321.0,1086910,KBS
2020-08-05 07:00:00,3321.0,3510.0,3321.0,3510.0,1360210,KBS
2020-08-06 07:00:00,3510.0,3525.0,3449.0,3510.0,768060,KBS
2020-08-07 07:00:00,3525.0,3612.0,3474.0,3551.0,992710,KBS
2020-08-10 07:00:00,3551.0,3653.0,3551.0,3577.0,1045650,KBS
2020-08-11 07:00:00,3577.0,3628.0,3403.0,3474.0,1834810,KBS
2020-08-12 07:00:00,3474.0,3551.0,3459.0,3474.0,569230,KBS
2020-08-13 07:00:00,3490.0,3490.0,3449.0,3454.0,1008080,KBS
2020-08-14 07:00:00,3454.0,3474.0,3393.0,3403.0,752470,KBS
2020-08-17 07:00:00,3464.0,3474.0,3403.0,3474.0,391150,KBS
2020-08-18 07:00:00,3449.0,3561.0,3449.0,3536.0,2332070,KBS
2020-08-19 07:00:00,3536.0,3566.0,3520.0,3520.0,948650,KBS
2020-08-20 07:00:00,3525.0,3525.0,3485.0,3500.0,683760,KBS
2020-08-21 07:00:00,3474.0,3541.0,3474.0,3541.0,919020,KBS
2020-08-24 07:00:00,3577.0,3587.0,3541.0,3541.0,1812390,KBS
2020-08-25 07:00:00,3577.0,3582.0,3536.0,3541.0,1129410,KBS
2020-08-26 07:00:00,3536.0,3786.0,3536.0,3781.0,3382660,KBS
2020-08-27 07:00:00,3781.0,3786.0,3730.0,3750.0,1163990,KBS
2020-08-28 07:00:00,3750.0,3924.0,3740.0,3832.0,2029030,KBS
2020-08-31 07:00:00,3832.0,3904.0,3801.0,3817.0,1870220,KBS
2020-09-01 07:00:00,3822.0,3893.0,3786.0,3858.0,2120410,KBS
2020-09-03 07:00:00,3883.0,3909.0,3786.0,3832.0,2793140,KBS
2020-09-04 07:00:00,3781.0,3812.0,3740.0,3781.0,1330060,KBS
2020-09-07 07:00:00,3781.0,4006.0,3781.0,3853.0,3397840,KBS
2020-09-08 07:00:00,3858.0,3929.0,3853.0,3898.0,1461000,KBS
2020-09-09 07:00:00,3883.0,3996.0,3832.0,3980.0,1467400,KBS
2020-09-10 07:00:00,4001.0,4011.0,3950.0,3950.0,1472740,KBS
2020-09-11 07:00:00,3939.0,3990.0,3898.0,3909.0,1513770,KBS
2020-09-14 07:00:00,3955.0,4057.0,3934.0,4036.0,3268040,KBS
2020-09-15 07:00:00,4088.0,4128.0,4036.0,4052.0,2930630,KBS
2020-09-16 07:00:00,4052.0,4077.0,4026.0,4052.0,2299170,KBS
2020-09-17 07:00:00,4062.0,4149.0,4011.0,4062.0,3640570,KBS
2020-09-18 07:00:00,4062.0,4113.0,4057.0,4093.0,2404360,KBS
2020-09-21 07:00:00,4128.0,4190.0,4093.0,4093.0,2530260,KBS
2020-09-22 07:00:00,4088.0,4118.0,4052.0,4062.0,3082220,KBS
2020-09-23 07:00:00,4062.0,4113.0,4057.0,4088.0,1774000,KBS
2020-09-24 07:00:00,4098.0,4328.0,4062.0,4246.0,4716260,KBS
2020-09-25 07:00:00,4317.0,4323.0,4190.0,4287.0,3512610,KBS
2020-09-28 07:00:00,4317.0,4384.0,4292.0,4369.0,3178250,KBS
2020-09-29 07:00:00,4394.0,4404.0,4251.0,4261.0,4150540,KBS
2020-09-30 07:00:00,4241.0,4317.0,4098.0,4277.0,2721150,KBS
2020-10-01 07:00:00,4317.0,4323.0,4271.0,4277.0,2809520,KBS
2020-10-02 07:00:00,4292.0,4302.0,4082.0,4215.0,3115260,KBS
2020-10-05 07:00:00,4215.0,4292.0,4215.0,4225.0,2847370,KBS
2020-10-06 07:00:00,4231.0,4266.0,4210.0,4225.0,2341540,KBS
2020-10-07 07:00:00,4215.0,4404.0,4215.0,4302.0,4161530,KBS
2020-10-08 07:00:00,4302.0,4343.0,4282.0,4317.0,2321860,KBS
2020-10-09 07:00:00,4343.0,4496.0,4241.0,4420.0,3926980,KBS
2020-10-12 07:00:00,4471.0,4471.0,4343.0,4379.0,2602050,KBS
2020-10-13 07:00:00,4379.0,4384.0,4353.0,4374.0,1552650,KBS
2020-10-14 07:00:00,4374.0,4374.0,4292.0,4312.0,1970970,KBS
2020-10-15 07:00:00,4343.0,4389.0,4312.0,4323.0,1644980,KBS
2020-10-16 07:00:00,4343.0,4404.0,4328.0,4374.0,2127020,KBS
2020-10-19 07:00:00,4389.0,4430.0,4374.0,4425.0,2014720,KBS
2020-10-20 07:00:00,4445.0,4573.0,4425.0,4527.0,3531750,KBS
2020-10-21 07:00:00,4578.0,4578.0,4425.0,4435.0,2167430,KBS
2020-10-22 07:00:00,4420.0,4430.0,4343.0,4415.0,1236660,KBS
2020-10-23 07:00:00,4420.0,4512.0,4415.0,4440.0,2031120,KBS
2020-10-26 07:00:00,4440.0,4496.0,4435.0,4445.0,2799160,KBS
2020-10-27 07:00:00,4496.0,4583.0,4496.0,4512.0,4237000,KBS
2020-10-28 07:00:00,4522.0,4522.0,4302.0,4328.0,3405210,KBS
2020-10-29 07:00:00,4292.0,4343.0,4088.0,4241.0,2284110,KBS
2020-10-30 07:00:00,4343.0,4343.0,4190.0,4190.0,2483370,KBS
2020-11-02 07:00:00,4190.0,4312.0,4190.0,4302.0,973710,KBS
2020-11-03 07:00:00,4343.0,4379.0,4292.0,4302.0,1511550,KBS
2020-11-04 07:00:00,4343.0,4363.0,4297.0,4323.0,1217510,KBS
2020-11-05 07:00:00,4323.0,4343.0,4241.0,4261.0,1704760,KBS
2020-11-06 07:00:00,4261.0,4271.0,4215.0,4256.0,1642250,KBS
2020-11-09 07:00:00,4266.0,4415.0,4261.0,4404.0,2633220,KBS
2020-11-10 07:00:00,4486.0,4486.0,4389.0,4394.0,1411870,KBS
2020-11-11 07:00:00,4394.0,4701.0,4379.0,4701.0,8543420,KBS
2020-11-12 07:00:00,5023.0,5028.0,4956.0,5028.0,8470200,KBS
2020-11-13 07:00:00,5084.0,5263.0,5058.0,5109.0,3949220,KBS
2020-11-16 07:00:00,5109.0,5467.0,5084.0,5467.0,9978080,KBS
2020-11-17 07:00:00,5595.0,5825.0,5595.0,5825.0,8490020,KBS
2020-11-18 07:00:00,6080.0,6208.0,5927.0,6208.0,11281990,KBS
2020-11-19 07:00:00,6106.0,6566.0,5876.0,6233.0,6928070,KBS
2020-11-20 07:00:00,6157.0,6157.0,5952.0,6004.0,6539860,KBS
2020-11-23 07:00:00,5774.0,6259.0,5774.0,6029.0,7129120,KBS
2020-11-24 07:00:00,6055.0,6182.0,5799.0,5978.0,5825610,KBS
2020-11-25 07:00:00,6029.0,6055.0,5799.0,5799.0,4070050,KBS
2020-11-26 07:00:00,5774.0,6182.0,5518.0,6182.0,6692890,KBS
2020-11-27 07:00:00,6489.0,6489.0,6208.0,6233.0,6933330,KBS
2020-11-30 07:00:00,6285.0,6310.0,6029.0,6055.0,4112400,KBS
2020-12-01 07:00:00,5876.0,6208.0,5850.0,6182.0,4694430,KBS
2020-12-02 07:00:00,6157.0,6233.0,6004.0,6055.0,4233940,KBS
2020-12-03 07:00:00,6131.0,6361.0,6004.0,6310.0,5754720,KBS
2020-12-04 07:00:00,6387.0,6744.0,6259.0,6668.0,8000100,KBS
2020-12-07 07:00:00,6719.0,7128.0,6693.0,7128.0,7588870,KBS
2020-12-08 07:00:00,7153.0,7306.0,6974.0,7230.0,5468670,KBS
2020-12-09 07:00:00,7204.0,7562.0,7102.0,7281.0,6054700,KBS
2020-12-10 07:00:00,7281.0,7306.0,6949.0,7000.0,8950460,KBS
2020-12-11 07:00:00,7077.0,7358.0,6974.0,7358.0,5390450,KBS
2020-12-14 07:00:00,7511.0,7562.0,7434.0,7434.0,5801220,KBS
2020-12-15 07:00:00,7358.0,7460.0,7230.0,7358.0,5857300,KBS
2020-12-16 07:00:00,7434.0,7536.0,7332.0,7536.0,4975500,KBS
2020-12-17 07:00:00,7664.0,7920.0,7511.0,7664.0,5960140,KBS
2020-12-18 07:00:00,7613.0,7792.0,7613.0,7741.0,4982090,KBS
2020-12-21 07:00:00,7923.0,7975.0,7637.0,7767.0,5201300,KBS
2020-12-22 07:00:00,7767.0,8027.0,7663.0,7923.0,5956440,KBS
2020-12-23 07:00:00,8158.0,8340.0,7871.0,7975.0,5249610,KBS
2020-12-24 07:00:00,8080.0,8080.0,7506.0,7923.0,4837790,KBS
2020-12-25 07:00:00,7871.0,7949.0,7610.0,7897.0,5802680,KBS
2020-12-28 07:00:00,8080.0,8132.0,7819.0,7923.0,4883880,KBS
2020-12-29 07:00:00,7923.0,7975.0,7845.0,7845.0,3699890,KBS
2020-12-30 07:00:00,7845.0,7871.0,7689.0,7715.0,4140590,KBS
2020-12-31 07:00:00,7767.0,7819.0,7637.0,7819.0,2923370,KBS
2021-01-04 07:00:00,7975.0,8366.0,7897.0,8340.0,9107900,KBS
2021-01-05 07:00:00,8340.0,8523.0,8210.0,8340.0,4645700,KBS
2021-01-06 07:00:00,8366.0,8418.0,8262.0,8288.0,4072200,KBS
2021-01-07 07:00:00,8184.0,8444.0,8132.0,8340.0,4623000,KBS
2021-01-08 07:00:00,8444.0,8549.0,8288.0,8288.0,4336900,KBS
2021-01-11 07:00:00,8340.0,8340.0,8184.0,8262.0,3408700,KBS
2021-01-12 07:00:00,8340.0,8627.0,8236.0,8497.0,6859200,KBS
2021-01-13 07:00:00,8575.0,8575.0,8366.0,8392.0,3696600,KBS
2021-01-14 07:00:00,8392.0,8444.0,8314.0,8366.0,2299600,KBS
2021-01-15 07:00:00,8444.0,8575.0,8418.0,8444.0,4595800,KBS
2021-01-18 07:00:00,8601.0,8862.0,8497.0,8731.0,6303100,KBS
2021-01-19 07:00:00,8809.0,8862.0,8132.0,8236.0,5552300,KBS
2021-01-20 07:00:00,8236.0,8444.0,7689.0,8080.0,3334800,KBS
2021-01-21 07:00:00,8392.0,8549.0,8132.0,8497.0,4498700,KBS
2021-01-22 07:00:00,8497.0,8783.0,8497.0,8627.0,5204500,KBS
2021-01-25 07:00:00,8627.0,9226.0,8601.0,9174.0,8446400,KBS
2021-01-26 07:00:00,9279.0,9357.0,8653.0,8862.0,5505100,KBS
2021-01-27 07:00:00,8601.0,8940.0,8340.0,8418.0,5037200,KBS
2021-01-28 07:00:00,7871.0,8132.0,7845.0,7845.0,6069400,KBS
2021-01-29 07:00:00,7350.0,8366.0,7324.0,8080.0,5173300,KBS
2021-02-01 07:00:00,8027.0,8340.0,7532.0,7532.0,4931200,KBS
2021-02-02 07:00:00,7298.0,7610.0,7220.0,7532.0,5128300,KBS
2021-02-03 07:00:00,7610.0,7949.0,7454.0,7949.0,4919900,KBS
2021-02-04 07:00:00,7975.0,8158.0,7793.0,7975.0,3094500,KBS
2021-02-05 07:00:00,7871.0,8080.0,7871.0,8027.0,2636400,KBS
2021-02-08 07:00:00,7949.0,8027.0,7480.0,7610.0,3648300,KBS
2021-02-09 07:00:00,7610.0,7871.0,7506.0,7819.0,2110200,KBS
2021-02-17 07:00:00,7923.0,8288.0,7923.0,8288.0,2920800,KBS
2021-02-18 07:00:00,8184.0,8366.0,8132.0,8184.0,2454500,KBS
2021-02-19 07:00:00,8080.0,8575.0,8027.0,8444.0,5574400,KBS
2021-02-22 07:00:00,8653.0,8757.0,8418.0,8523.0,4249900,KBS
2021-02-23 07:00:00,8575.0,8679.0,8497.0,8601.0,3648800,KBS
2021-02-24 07:00:00,8705.0,8705.0,8340.0,8497.0,4413800,KBS
2021-02-25 07:00:00,8549.0,8627.0,8471.0,8601.0,4420900,KBS
2021-02-26 07:00:00,8549.0,9200.0,8471.0,9200.0,15659400,KBS
2021-03-01 07:00:00,9826.0,9826.0,9591.0,9826.0,8607800,KBS
2021-03-02 07:00:00,10060.0,10165.0,9774.0,9956.0,6850900,KBS
2021-03-03 07:00:00,9800.0,10634.0,9722.0,10556.0,10273100,KBS
2021-03-04 07:00:00,10686.0,10686.0,10060.0,10373.0,7677600,KBS
2021-03-05 07:00:00,10217.0,10634.0,10113.0,10556.0,5819300,KBS
2021-03-08 07:00:00,10790.0,11285.0,10556.0,11285.0,10842300,KBS
2021-03-09 07:00:00,11285.0,11833.0,10999.0,11207.0,7256700,KBS
2021-03-10 07:00:00,11259.0,11311.0,10947.0,11233.0,7158000,KBS
2021-03-11 07:00:00,11207.0,11494.0,11103.0,11468.0,6889300,KBS
2021-03-12 07:00:00,11624.0,11624.0,11155.0,11364.0,5330700,KBS
2021-03-15 07:00:00,11364.0,11364.0,11155.0,11285.0,4113500,KBS
2021-03-16 07:00:00,11259.0,11572.0,11259.0,11442.0,5306200,KBS
2021-03-17 07:00:00,11442.0,11572.0,11364.0,11468.0,3860900,KBS
2021-03-18 07:00:00,11572.0,11885.0,11572.0,11807.0,4619300,KBS
2021-03-19 07:00:00,11728.0,12172.0,11728.0,12067.0,3707100,KBS
2021-03-22 07:00:00,12250.0,12250.0,11885.0,12067.0,3493500,KBS
2021-03-23 07:00:00,11937.0,12172.0,11364.0,11755.0,6715300,KBS
2021-03-24 07:00:00,11468.0,11676.0,11103.0,11311.0,4523000,KBS
2021-03-25 07:00:00,11364.0,11468.0,11155.0,11311.0,2626700,KBS
2021-03-26 07:00:00,11311.0,11520.0,10686.0,11364.0,4083600,KBS
2021-03-29 07:00:00,11494.0,11728.0,11390.0,11728.0,3937900,KBS
2021-03-30 07:00:00,11781.0,12145.0,11728.0,12119.0,5030300,KBS
2021-03-31 07:00:00,12354.0,12719.0,12198.0,12458.0,6454200,KBS
2021-04-01 07:00:00,12484.0,12562.0,12406.0,12510.0,4011400,KBS
2021-04-02 07:00:00,12615.0,12667.0,12406.0,12406.0,3216500,KBS
2021-04-05 07:00:00,12510.0,12536.0,12172.0,12536.0,4817400,KBS
2021-04-06 07:00:00,12536.0,12536.0,12224.0,12354.0,3647500,KBS
2021-04-07 07:00:00,12406.0,12667.0,12302.0,12641.0,3768800,KBS
2021-04-08 07:00:00,12823.0,12823.0,12562.0,12693.0,2560800,KBS
2021-04-09 07:00:00,12615.0,12927.0,12615.0,12849.0,3485600,KBS
2021-04-12 07:00:00,12979.0,12979.0,12823.0,12953.0,4282700,KBS
2021-04-13 07:00:00,12979.0,13006.0,12641.0,12667.0,5190200,KBS
2021-04-14 07:00:00,12510.0,12927.0,12484.0,12875.0,4502200,KBS
2021-04-15 07:00:00,12901.0,13318.0,12823.0,13214.0,6184200,KBS
2021-04-16 07:00:00,13449.0,13527.0,12979.0,13292.0,4744300,KBS
2021-04-19 07:00:00,13553.0,14126.0,13292.0,14074.0,5681800,KBS
2021-04-20 07:00:00,14543.0,14595.0,13866.0,14022.0,9812400,KBS
2021-04-22 07:00:00,13866.0,14022.0,13084.0,13084.0,6626500,KBS
2021-04-23 07:00:00,13032.0,13553.0,12510.0,13475.0,3344600,KBS
2021-04-26 07:00:00,13553.0,13709.0,12875.0,12901.0,3515100,KBS
2021-04-27 07:00:00,12823.0,13397.0,12406.0,13162.0,3234000,KBS
2021-04-28 07:00:00,13292.0,13657.0,13162.0,13292.0,2482100,KBS
2021-04-29 07:00:00,13501.0,13709.0,13370.0,13553.0,3996900,KBS
2021-05-04 07:00:00,13292.0,14335.0,13032.0,14335.0,6780400,KBS
2021-05-05 07:00:00,14569.0,14778.0,14335.0,14387.0,5331800,KBS
2021-05-06 07:00:00,14335.0,14856.0,14152.0,14648.0,6640500,KBS
2021-05-07 07:00:00,14413.0,15664.0,14413.0,15638.0,8695300,KBS
2021-05-10 07:00:00,15638.0,16733.0,15612.0,16733.0,10358500,KBS
2021-05-11 07:00:00,17124.0,17124.0,16316.0,16420.0,9372100,KBS
2021-05-12 07:00:00,16263.0,16680.0,16185.0,16628.0,7206400,KBS
2021-05-13 07:00:00,16680.0,16941.0,16472.0,16576.0,5035700,KBS
2021-05-14 07:00:00,16524.0,16550.0,15768.0,15925.0,9015900,KBS
2021-05-17 07:00:00,15429.0,15899.0,15325.0,15768.0,6495900,KBS
2021-05-18 07:00:00,15899.0,16420.0,15899.0,16237.0,4450900,KBS
2021-05-19 07:00:00,16237.0,16628.0,16237.0,16342.0,5027400,KBS
2021-05-20 07:00:00,16055.0,16159.0,15899.0,16107.0,4736500,KBS
2021-05-21 07:00:00,15794.0,16107.0,15690.0,15899.0,3521900,KBS
2021-05-24 07:00:00,15899.0,16159.0,15899.0,15951.0,3219200,KBS
2021-05-25 07:00:00,15951.0,16680.0,15899.0,16550.0,6192300,KBS
2021-05-26 07:00:00,16550.0,16680.0,16185.0,16446.0,4142200,KBS
2021-05-27 07:00:00,16394.0,16733.0,16211.0,16316.0,4380800,KBS
2021-05-28 07:00:00,16472.0,16680.0,16290.0,16524.0,4302100,KBS
2021-05-31 07:00:00,17124.0,17202.0,16680.0,17176.0,5849800,KBS
2021-06-01 07:00:00,17462.0,17827.0,17358.0,17488.0,3507700,KBS
2021-06-02 07:00:00,17202.0,17827.0,16863.0,17567.0,4939500,KBS
2021-06-03 07:00:00,17567.0,17827.0,17567.0,17749.0,4057600,KBS
2021-06-04 07:00:00,17984.0,18244.0,17827.0,18218.0,3639800,KBS
2021-06-07 07:00:00,18244.0,18401.0,16967.0,17619.0,3782400,KBS
2021-06-08 07:00:00,17202.0,17593.0,16394.0,16394.0,5429200,KBS
2021-06-09 07:00:00,16081.0,16628.0,15951.0,16420.0,4052200,KBS
2021-06-10 07:00:00,16420.0,16628.0,15638.0,15690.0,3409300,KBS
2021-06-11 07:00:00,15690.0,16680.0,15690.0,16628.0,3081400,KBS
2021-06-14 07:00:00,16993.0,17150.0,16628.0,16967.0,3247900,KBS
2021-06-15 07:00:00,16967.0,17045.0,16785.0,17019.0,2533200,KBS
2021-06-16 07:00:00,16993.0,17071.0,16159.0,16524.0,2366600,KBS
2021-06-17 07:00:00,15951.0,16524.0,15951.0,16472.0,2020700,KBS
2021-06-18 07:00:00,16941.0,17462.0,16602.0,17332.0,4447700,KBS
2021-06-21 07:00:00,17097.0,17619.0,17097.0,17176.0,2713000,KBS
2021-06-22 07:00:00,17358.0,17462.0,16733.0,16733.0,2197700,KBS
2021-06-23 07:00:00,17097.0,17097.0,16707.0,16707.0,2801400,KBS
2021-06-24 07:00:00,16941.0,16993.0,16628.0,16707.0,3286800,KBS
2021-06-25 07:00:00,16837.0,17306.0,16733.0,17306.0,4242300,KBS
2021-06-28 07:00:00,17932.0,18505.0,17775.0,18505.0,10573500,KBS
2021-06-29 07:00:00,18557.0,19026.0,18114.0,18479.0,3468300,KBS
2021-06-30 07:00:00,18557.0,18661.0,18349.0,18505.0,2736100,KBS
2021-07-01 07:00:00,18557.0,19391.0,18505.0,18974.0,8134500,KBS
2021-07-02 07:00:00,19183.0,19183.0,18870.0,19156.0,4960200,KBS
2021-07-05 07:00:00,19156.0,19547.0,18870.0,19183.0,3689400,KBS
2021-07-06 07:00:00,19183.0,19521.0,17853.0,17853.0,6218200,KBS
2021-07-07 07:00:00,18166.0,18505.0,17306.0,18192.0,5182900,KBS
2021-07-08 07:00:00,18401.0,18401.0,17462.0,17932.0,3767300,KBS
2021-07-09 07:00:00,17567.0,17932.0,16733.0,17150.0,4829900,KBS
2021-07-12 07:00:00,16628.0,16628.0,15951.0,15951.0,5199000,KBS
2021-07-13 07:00:00,16159.0,16420.0,15638.0,16290.0,4030500,KBS
2021-07-14 07:00:00,17358.0,17358.0,16420.0,16785.0,9404400,KBS
2021-07-15 07:00:00,16733.0,17176.0,16707.0,17097.0,3461600,KBS
2021-07-16 07:00:00,17202.0,17358.0,17045.0,17097.0,2291100,KBS
2021-07-19 07:00:00,16159.0,16654.0,15925.0,15925.0,6039600,KBS
2021-07-20 07:00:00,15951.0,16863.0,15586.0,16576.0,6488000,KBS
2021-07-21 07:00:00,16837.0,16915.0,16159.0,16342.0,3616300,KBS
2021-07-22 07:00:00,16316.0,16785.0,16107.0,16680.0,3861200,KBS
2021-07-23 07:00:00,16576.0,16680.0,16263.0,16420.0,6524900,KBS
2021-07-26 07:00:00,16107.0,16368.0,15612.0,15977.0,5419200,KBS
2021-07-27 07:00:00,16420.0,16811.0,16316.0,16524.0,5101500,KBS
2021-07-28 07:00:00,16576.0,16811.0,16446.0,16680.0,3836300,KBS
2021-07-29 07:00:00,16811.0,17306.0,16654.0,17306.0,7744400,KBS
2021-07-30 07:00:00,17462.0,17723.0,17410.0,17567.0,6692600,KBS
2021-08-02 07:00:00,17593.0,18218.0,17541.0,18010.0,6551400,KBS
2021-08-03 07:00:00,18010.0,18218.0,17671.0,18036.0,7509500,KBS
2021-08-04 07:00:00,18140.0,18974.0,18088.0,18870.0,10982800,KBS
2021-08-05 07:00:00,18844.0,19704.0,18818.0,19704.0,8269600,KBS
2021-08-06 07:00:00,19704.0,20069.0,19547.0,19808.0,7467000,KBS
2021-08-09 07:00:00,19782.0,20642.0,19600.0,20642.0,9402200,KBS
2021-08-10 07:00:00,21059.0,21085.0,20381.0,20772.0,8217500,KBS
2021-08-11 07:00:00,20798.0,21320.0,20512.0,20616.0,6819500,KBS
2021-08-12 07:00:00,20329.0,20694.0,20069.0,20069.0,9355000,KBS
2021-08-13 07:00:00,19912.0,20512.0,19678.0,20512.0,8269100,KBS
2021-08-16 07:00:00,20955.0,21059.0,20460.0,20590.0,6420800,KBS
2021-08-17 07:00:00,20590.0,21632.0,20381.0,21632.0,14266900,KBS
2021-08-18 07:00:00,21632.0,22414.0,21476.0,21893.0,8021500,KBS
2021-08-19 07:00:00,22050.0,22128.0,21685.0,21841.0,5042800,KBS
2021-08-20 07:00:00,21659.0,21685.0,20381.0,20616.0,13850500,KBS
2021-08-23 07:00:00,20647.0,21899.0,20647.0,20647.0,7165600,KBS
2021-08-24 07:00:00,20991.0,21210.0,20647.0,20960.0,5964900,KBS
2021-08-25 07:00:00,21273.0,22399.0,20898.0,22399.0,11048000,KBS
2021-08-26 07:00:00,22837.0,23244.0,22368.0,22587.0,8885500,KBS
2021-08-27 07:00:00,22211.0,22994.0,22211.0,22806.0,6446100,KBS
2021-08-30 07:00:00,23025.0,23901.0,22962.0,23901.0,9892300,KBS
2021-08-31 07:00:00,24151.0,24558.0,23776.0,24057.0,10667400,KBS
2021-09-01 07:00:00,24151.0,24808.0,24089.0,24683.0,10105200,KBS
2021-09-06 07:00:00,25027.0,26278.0,24777.0,26028.0,8724800,KBS
2021-09-07 07:00:00,26278.0,26278.0,25340.0,25402.0,11497600,KBS
2021-09-08 07:00:00,25340.0,26122.0,25027.0,26028.0,9407100,KBS
2021-09-09 07:00:00,26247.0,26466.0,25809.0,26059.0,6099700,KBS
2021-09-10 07:00:00,25966.0,26091.0,25496.0,25903.0,5127100,KBS
2021-09-13 07:00:00,25840.0,25872.0,25215.0,25434.0,8665200,KBS
2021-09-14 07:00:00,25277.0,26091.0,25215.0,25653.0,6578000,KBS
2021-09-15 07:00:00,25653.0,27436.0,25434.0,27436.0,12829800,KBS
2021-09-16 07:00:00,27717.0,27968.0,26935.0,27311.0,6976200,KBS
2021-09-17 07:00:00,27311.0,28969.0,27279.0,28218.0,8814500,KBS
2021-09-20 07:00:00,27905.0,28281.0,27154.0,27248.0,11461000,KBS
2021-09-21 07:00:00,26654.0,28468.0,26654.0,28468.0,9157400,KBS
2021-09-22 07:00:00,28781.0,29063.0,28218.0,28656.0,4374500,KBS
2021-09-23 07:00:00,28593.0,29313.0,27905.0,28155.0,7934300,KBS
2021-09-24 07:00:00,27999.0,28093.0,27405.0,27780.0,7410000,KBS
2021-09-27 07:00:00,27592.0,28218.0,26278.0,26278.0,8849700,KBS
2021-09-28 07:00:00,26278.0,27655.0,25778.0,27467.0,7467900,KBS
2021-09-29 07:00:00,27248.0,27655.0,27029.0,27498.0,5441800,KBS
2021-09-30 07:00:00,27592.0,28124.0,27467.0,27686.0,5894600,KBS
2021-10-01 07:00:00,27279.0,28030.0,27217.0,28030.0,9945400,KBS
2021-10-04 07:00:00,28468.0,29939.0,28468.0,29907.0,11199500,KBS
2021-10-05 07:00:00,30032.0,30158.0,29594.0,29657.0,6893000,KBS
2021-10-06 07:00:00,29907.0,30408.0,29782.0,30220.0,6933200,KBS
2021-10-07 07:00:00,30408.0,30470.0,29970.0,30189.0,5843800,KBS
2021-10-08 07:00:00,30095.0,30470.0,29845.0,30189.0,7027400,KBS
2021-10-11 07:00:00,30345.0,30971.0,29970.0,30533.0,7090600,KBS
2021-10-12 07:00:00,30533.0,30721.0,30283.0,30533.0,7339200,KBS
2021-10-13 07:00:00,30533.0,30783.0,30220.0,30377.0,5116000,KBS
2021-10-14 07:00:00,30408.0,31127.0,30345.0,30846.0,6869600,KBS
2021-10-15 07:00:00,31096.0,32535.0,31034.0,32473.0,9566300,KBS
2021-10-18 07:00:00,32785.0,34099.0,32473.0,33036.0,10450700,KBS
2021-10-19 07:00:00,33098.0,33599.0,32473.0,33286.0,5913300,KBS
2021-10-20 07:00:00,33411.0,34850.0,33036.0,34850.0,7352200,KBS
2021-10-21 07:00:00,34975.0,35100.0,34287.0,34975.0,6882300,KBS
2021-10-22 07:00:00,35038.0,35288.0,34412.0,34662.0,5689200,KBS
2021-10-25 07:00:00,34412.0,34662.0,32660.0,32660.0,15480900,KBS
2021-10-26 07:00:00,32535.0,34412.0,31909.0,34412.0,10137700,KBS
2021-10-27 07:00:00,34600.0,35038.0,33974.0,34537.0,5539500,KBS
2021-10-28 07:00:00,34412.0,35351.0,34099.0,34788.0,6005100,KBS
2021-10-29 07:00:00,34412.0,34725.0,33474.0,34037.0,19314300,KBS
2021-11-01 07:00:00,33787.0,33912.0,32973.0,33349.0,13646000,KBS
2021-11-02 07:00:00,33036.0,34224.0,32911.0,33161.0,10912800,KBS
2021-11-03 07:00:00,33161.0,33536.0,31597.0,31597.0,18305400,KBS
2021-11-04 07:00:00,31597.0,32535.0,30658.0,32035.0,12190200,KBS
2021-11-05 07:00:00,32473.0,32723.0,31409.0,32222.0,8049000,KBS
2021-11-08 07:00:00,32285.0,32660.0,31847.0,32035.0,6413600,KBS
2021-11-09 07:00:00,32035.0,32410.0,31659.0,31722.0,6757800,KBS
2021-11-10 07:00:00,31659.0,31659.0,30658.0,30658.0,13520200,KBS
2021-11-11 07:00:00,30408.0,30627.0,29407.0,29626.0,12136300,KBS
2021-11-12 07:00:00,29626.0,31253.0,29626.0,31190.0,8649900,KBS
2021-11-15 07:00:00,30658.0,30908.0,30095.0,30251.0,6481400,KBS
2021-11-16 07:00:00,30032.0,30596.0,29751.0,29782.0,5213000,KBS
2021-11-17 07:00:00,29407.0,30032.0,28781.0,28969.0,9511300,KBS
2021-11-18 07:00:00,28719.0,28781.0,27217.0,27530.0,12180000,KBS
2021-11-19 07:00:00,27029.0,27467.0,26028.0,26278.0,9791600,KBS
2021-11-22 07:00:00,26278.0,27092.0,26278.0,26591.0,4716300,KBS
2021-11-23 07:00:00,26591.0,27342.0,26591.0,26998.0,4411100,KBS
2021-11-24 07:00:00,27029.0,27029.0,25653.0,25653.0,9503400,KBS
2021-11-25 07:00:00,25590.0,26529.0,25590.0,26404.0,6609200,KBS
2021-11-26 07:00:00,26716.0,27467.0,26560.0,27154.0,7456700,KBS
2021-11-29 07:00:00,26404.0,27092.0,26404.0,26591.0,4290900,KBS
2021-11-30 07:00:00,26904.0,27530.0,26435.0,26904.0,7571900,KBS
2021-12-01 07:00:00,26904.0,27467.0,26904.0,27092.0,3978900,KBS
2021-12-02 07:00:00,27279.0,27342.0,26779.0,26904.0,3708200,KBS
2021-12-03 07:00:00,26967.0,27092.0,25778.0,25778.0,5780300,KBS
2021-12-06 07:00:00,25528.0,25840.0,23995.0,23995.0,8154900,KBS
2021-12-07 07:00:00,24089.0,24589.0,23338.0,24339.0,5870300,KBS
2021-12-08 07:00:00,24777.0,24777.0,23619.0,23713.0,4089400,KBS
2021-12-09 07:00:00,23525.0,24276.0,23213.0,23776.0,3332700,KBS
2021-12-10 07:00:00,23995.0,23995.0,23181.0,23181.0,3901000,KBS
2021-12-13 07:00:00,23275.0,23713.0,23025.0,23713.0,5341100,KBS
2021-12-14 07:00:00,23838.0,25371.0,23713.0,25371.0,9419700,KBS
2021-12-15 07:00:00,25653.0,26185.0,25465.0,25465.0,4708700,KBS
2021-12-16 07:00:00,25465.0,25715.0,24996.0,25152.0,4434200,KBS
2021-12-17 07:00:00,25027.0,25027.0,24214.0,24401.0,6479100,KBS
2021-12-20 07:00:00,24276.0,24777.0,23807.0,24433.0,3261300,KBS
2021-12-21 07:00:00,24464.0,24526.0,23713.0,23713.0,3572400,KBS
2021-12-22 07:00:00,23901.0,24214.0,23025.0,23087.0,4619700,KBS
2021-12-23 07:00:00,23087.0,23150.0,21492.0,22274.0,7582800,KBS
2021-12-24 07:00:00,22837.0,23463.0,22524.0,23369.0,3024500,KBS
2021-12-27 07:00:00,23651.0,23713.0,22837.0,23025.0,1638700,KBS
2021-12-28 07:00:00,22900.0,23525.0,22587.0,23275.0,3880200,KBS
2021-12-29 07:00:00,23275.0,24620.0,22962.0,24151.0,4599700,KBS
2021-12-30 07:00:00,24276.0,24401.0,23557.0,23776.0,1847100,KBS
2021-12-31 07:00:00,23932.0,24652.0,23682.0,24245.0,4459200,KBS
2022-01-04 07:00:00,24276.0,24620.0,24151.0,24182.0,3326500,KBS
2022-01-05 07:00:00,24245.0,24558.0,24120.0,24120.0,4039400,KBS
2022-01-06 07:00:00,23901.0,23963.0,22900.0,23150.0,5610200,KBS
2022-01-07 07:00:00,22900.0,23494.0,22900.0,22962.0,2874800,KBS
2022-01-10 07:00:00,23025.0,23588.0,22775.0,22775.0,4296500,KBS
2022-01-11 07:00:00,22837.0,23244.0,22118.0,22649.0,3341300,KBS
2022-01-12 07:00:00,22681.0,23213.0,22462.0,23181.0,2976000,KBS
2022-01-13 07:00:00,23338.0,24433.0,22900.0,23713.0,5844000,KBS
2022-01-14 07:00:00,23651.0,24151.0,23338.0,23338.0,2176900,KBS
2022-01-17 07:00:00,23338.0,23713.0,22086.0,22086.0,4729800,KBS
2022-01-18 07:00:00,21899.0,22274.0,20553.0,20835.0,5692600,KBS
2022-01-19 07:00:00,20647.0,21210.0,20084.0,20835.0,4014900,KBS
2022-01-20 07:00:00,21273.0,21273.0,20710.0,21148.0,1880700,KBS
2022-01-21 07:00:00,20960.0,20960.0,20397.0,20397.0,3316300,KBS
2022-01-24 07:00:00,20334.0,20397.0,18989.0,18989.0,6170000,KBS
2022-01-25 07:00:00,18989.0,19709.0,18989.0,19552.0,2995300,KBS
2022-01-26 07:00:00,19771.0,20147.0,19584.0,19584.0,2487400,KBS
2022-01-27 07:00:00,19584.0,19834.0,19240.0,19584.0,1917100,KBS
2022-01-28 07:00:00,19896.0,19896.0,19302.0,19646.0,1582200,KBS
2022-02-07 07:00:00,19990.0,20804.0,19803.0,20522.0,3248100,KBS
2022-02-08 07:00:00,20522.0,21930.0,20397.0,21930.0,6296800,KBS
2022-02-09 07:00:00,22524.0,23463.0,22211.0,23463.0,5706700,KBS
2022-02-10 07:00:00,23776.0,24652.0,23525.0,23932.0,7698800,KBS
2022-02-11 07:00:00,23682.0,25027.0,23682.0,24526.0,8880100,KBS
2022-02-14 07:00:00,24120.0,25496.0,24120.0,24902.0,8288500,KBS
2022-02-15 07:00:00,24839.0,25152.0,24089.0,24714.0,6479200,KBS
2022-02-16 07:00:00,24214.0,24964.0,24151.0,24714.0,6350800,KBS
2022-02-17 07:00:00,24777.0,25277.0,24526.0,24902.0,6473600,KBS
2022-02-18 07:00:00,24714.0,26216.0,24652.0,25903.0,9950300,KBS
2022-02-21 07:00:00,26153.0,26529.0,25528.0,25528.0,7652000,KBS
2022-02-22 07:00:00,25027.0,25402.0,24620.0,25215.0,9440900,KBS
2022-02-23 07:00:00,25215.0,25966.0,25058.0,25715.0,9624000,KBS
2022-02-24 07:00:00,25715.0,26153.0,24276.0,25215.0,9894900,KBS
2022-02-25 07:00:00,25653.0,25840.0,25215.0,25840.0,8425600,KBS
2022-02-28 07:00:00,26278.0,27624.0,26216.0,27624.0,19784100,KBS
2022-03-01 07:00:00,29094.0,29532.0,28187.0,28312.0,15741900,KBS
2022-03-02 07:00:00,28312.0,29344.0,28249.0,29344.0,11865600,KBS
2022-03-03 07:00:00,29845.0,31159.0,29469.0,31159.0,15172700,KBS
2022-03-04 07:00:00,31284.0,31409.0,30345.0,30502.0,9679300,KBS
2022-03-07 07:00:00,30971.0,32598.0,30752.0,31534.0,14265700,KBS
2022-03-08 07:00:00,30971.0,31784.0,30658.0,30721.0,15014900,KBS
2022-03-09 07:00:00,31221.0,32160.0,30658.0,32035.0,14722700,KBS
2022-03-10 07:00:00,31909.0,32785.0,30658.0,32035.0,9277300,KBS
2022-03-11 07:00:00,32097.0,32473.0,30721.0,31253.0,13283900,KBS
2022-03-14 07:00:00,31284.0,32410.0,29219.0,29219.0,15768800,KBS
2022-03-15 07:00:00,28719.0,29532.0,27624.0,29094.0,15948800,KBS
2022-03-16 07:00:00,29563.0,29688.0,29063.0,29157.0,5180600,KBS
2022-03-17 07:00:00,29344.0,29532.0,27843.0,28312.0,12281200,KBS
2022-03-18 07:00:00,28437.0,29407.0,27905.0,28906.0,7909200,KBS
2022-03-21 07:00:00,29907.0,29970.0,29407.0,29594.0,6961100,KBS
2022-03-22 07:00:00,29594.0,30877.0,29094.0,30877.0,10459900,KBS
2022-03-23 07:00:00,31284.0,31284.0,30533.0,30533.0,8393700,KBS
2022-03-24 07:00:00,30721.0,31096.0,30533.0,30596.0,6588500,KBS
2022-03-25 07:00:00,30533.0,31534.0,30126.0,31253.0,13833000,KBS
2022-03-28 07:00:00,31284.0,32535.0,30658.0,32410.0,17740200,KBS
2022-03-29 07:00:00,32848.0,32848.0,31597.0,31909.0,9835800,KBS
2022-03-30 07:00:00,31597.0,32222.0,30439.0,30783.0,14542000,KBS
2022-03-31 07:00:00,30877.0,31159.0,28719.0,29501.0,17218100,KBS
2022-04-01 07:00:00,28906.0,30314.0,28812.0,30032.0,7374300,KBS
2022-04-04 07:00:00,30032.0,30283.0,29563.0,29720.0,4664100,KBS
2022-04-05 07:00:00,29845.0,30251.0,29157.0,29375.0,5920600,KBS
2022-04-06 07:00:00,29094.0,30158.0,29094.0,29720.0,5944600,KBS
2022-04-07 07:00:00,29939.0,29939.0,28938.0,29063.0,4256500,KBS
2022-04-08 07:00:00,29094.0,29188.0,27843.0,28093.0,6273100,KBS
2022-04-12 07:00:00,28155.0,28406.0,26153.0,26153.0,7553900,KBS
2022-04-13 07:00:00,26185.0,26529.0,25152.0,26529.0,6540300,KBS
2022-04-14 07:00:00,26904.0,27655.0,26404.0,27217.0,5050800,KBS
2022-04-15 07:00:00,27217.0,27530.0,26904.0,26967.0,2924000,KBS
2022-04-18 07:00:00,26904.0,26904.0,25152.0,25528.0,5271100,KBS
2022-04-19 07:00:00,25934.0,26247.0,23744.0,23744.0,5098100,KBS
2022-04-20 07:00:00,23776.0,24526.0,23463.0,23776.0,5635600,KBS
2022-04-21 07:00:00,23525.0,24245.0,23119.0,24026.0,4161400,KBS
2022-04-22 07:00:00,24401.0,24683.0,22524.0,23651.0,5725900,KBS
2022-04-25 07:00:00,23651.0,23870.0,22024.0,22024.0,5912700,KBS
2022-04-26 07:00:00,20647.0,22024.0,20553.0,22024.0,5775300,KBS
2022-04-27 07:00:00,22024.0,22743.0,21586.0,22712.0,4601800,KBS
2022-04-28 07:00:00,22837.0,23275.0,22712.0,22837.0,4142500,KBS
2022-04-29 07:00:00,22775.0,23463.0,22524.0,23369.0,3541800,KBS
2022-05-04 07:00:00,23025.0,23150.0,21930.0,22274.0,5243000,KBS
2022-05-05 07:00:00,22681.0,22681.0,21054.0,21836.0,4083500,KBS
2022-05-06 07:00:00,20679.0,23087.0,20679.0,21586.0,5606200,KBS
2022-05-09 07:00:00,21023.0,21492.0,20084.0,20084.0,4337700,KBS
2022-05-10 07:00:00,18802.0,20084.0,18802.0,20084.0,4767100,KBS
2022-05-11 07:00:00,20147.0,20303.0,19427.0,19928.0,4272300,KBS
2022-05-12 07:00:00,19678.0,19865.0,18551.0,18551.0,4798500,KBS
2022-05-13 07:00:00,17707.0,18551.0,17269.0,17269.0,5551500,KBS
2022-05-16 07:00:00,17269.0,17894.0,16080.0,16080.0,5495000,KBS
2022-05-17 07:00:00,15642.0,17175.0,15329.0,17175.0,7772900,KBS
2022-05-18 07:00:00,18082.0,18364.0,17550.0,18145.0,6711500,KBS
2022-05-19 07:00:00,17644.0,18238.0,17644.0,17957.0,3794900,KBS
2022-05-20 07:00:00,17832.0,18645.0,17832.0,18583.0,6530600,KBS
2022-05-23 07:00:00,18645.0,19177.0,18332.0,18770.0,7472200,KBS
2022-05-24 07:00:00,18895.0,19052.0,17456.0,17738.0,9478000,KBS
2022-05-25 07:00:00,17581.0,18770.0,17144.0,18614.0,9677700,KBS
2022-05-26 07:00:00,18770.0,19208.0,18676.0,18833.0,4913300,KBS
2022-05-27 07:00:00,18770.0,20022.0,18489.0,19427.0,12035200,KBS
2022-05-30 07:00:00,19584.0,19584.0,19240.0,19396.0,5618900,KBS
2022-05-31 07:00:00,19396.0,19396.0,18645.0,18739.0,7640400,KBS
2022-06-01 07:00:00,18739.0,18770.0,17832.0,18019.0,10560600,KBS
2022-06-02 07:00:00,18019.0,18457.0,17832.0,18019.0,5760500,KBS
2022-06-03 07:00:00,18642.0,18837.0,18331.0,18525.0,5558000,KBS
2022-06-06 07:00:00,18525.0,18720.0,17514.0,17669.0,5012500,KBS
2022-06-07 07:00:00,17319.0,17514.0,16502.0,16657.0,5919700,KBS
2022-06-08 07:00:00,17202.0,17358.0,16657.0,17358.0,5746200,KBS
2022-06-09 07:00:00,17514.0,18564.0,17358.0,18564.0,13549900,KBS
2022-06-10 07:00:00,18681.0,19343.0,18331.0,18370.0,10220200,KBS
2022-06-13 07:00:00,17591.0,17903.0,17085.0,17085.0,8158500,KBS
2022-06-14 07:00:00,16346.0,16930.0,15918.0,16112.0,9665400,KBS
2022-06-15 07:00:00,15723.0,16346.0,15023.0,15023.0,9926400,KBS
2022-06-16 07:00:00,15529.0,15645.0,14945.0,14984.0,5895600,KBS
2022-06-17 07:00:00,14166.0,14322.0,13972.0,13972.0,6268900,KBS
2022-06-20 07:00:00,13466.0,14244.0,12999.0,12999.0,10097800,KBS
2022-06-21 07:00:00,12298.0,13232.0,12143.0,12182.0,7053800,KBS
2022-06-22 07:00:00,12571.0,12999.0,12259.0,12843.0,7632600,KBS
2022-06-23 07:00:00,12882.0,13077.0,12610.0,13038.0,2851900,KBS
2022-06-24 07:00:00,13116.0,13933.0,13077.0,13466.0,7838600,KBS
2022-06-27 07:00:00,13544.0,14322.0,13155.0,14322.0,8143900,KBS
2022-06-28 07:00:00,14322.0,14634.0,13972.0,14166.0,5288800,KBS
2022-06-29 07:00:00,13855.0,14945.0,13855.0,14750.0,9017100,KBS
2022-06-30 07:00:00,14750.0,15139.0,13855.0,13855.0,8252200,KBS
2022-07-01 07:00:00,13855.0,14556.0,13310.0,14556.0,6898300,KBS
2022-07-04 07:00:00,14789.0,14867.0,14400.0,14556.0,6406400,KBS
2022-07-05 07:00:00,14439.0,15139.0,14400.0,14556.0,12392900,KBS
2022-07-06 07:00:00,14322.0,14984.0,14089.0,14400.0,9761600,KBS
2022-07-07 07:00:00,14556.0,14672.0,13972.0,14322.0,4851000,KBS
2022-07-08 07:00:00,14478.0,14984.0,14439.0,14789.0,8998800,KBS
2022-07-11 07:00:00,14634.0,14984.0,14283.0,14634.0,6821400,KBS
2022-07-12 07:00:00,14634.0,15412.0,14400.0,15023.0,8622700,KBS
2022-07-13 07:00:00,15023.0,15529.0,14906.0,15101.0,10562600,KBS
2022-07-14 07:00:00,14945.0,15256.0,14711.0,15178.0,6932800,KBS
2022-07-15 07:00:00,15334.0,16035.0,15295.0,15490.0,13350200,KBS
2022-07-18 07:00:00,15645.0,15645.0,14867.0,15023.0,8208200,KBS
2022-07-19 07:00:00,14867.0,14945.0,14517.0,14556.0,7474400,KBS
2022-07-20 07:00:00,14711.0,15217.0,14634.0,14984.0,11248100,KBS
2022-07-21 07:00:00,15023.0,15412.0,15023.0,15139.0,6938400,KBS
2022-07-22 07:00:00,15062.0,15256.0,14945.0,14984.0,6988700,KBS
2022-07-25 07:00:00,14789.0,14867.0,14400.0,14400.0,7419900,KBS
2022-07-26 07:00:00,14283.0,14556.0,13622.0,13622.0,11830500,KBS
2022-07-27 07:00:00,13310.0,13583.0,13271.0,13466.0,6790600,KBS
2022-07-28 07:00:00,13777.0,14011.0,13661.0,13777.0,4790700,KBS
2022-07-29 07:00:00,14011.0,14128.0,13855.0,13855.0,5574800,KBS
2022-08-01 07:00:00,13855.0,14789.0,13855.0,14789.0,15790500,KBS
2022-08-02 07:00:00,14867.0,15217.0,14828.0,15062.0,8945700,KBS
2022-08-03 07:00:00,14867.0,16112.0,14789.0,16112.0,20931500,KBS
2022-08-04 07:00:00,16229.0,16618.0,16035.0,16112.0,14041800,KBS
2022-08-05 07:00:00,15879.0,16385.0,15801.0,16229.0,8937900,KBS
2022-08-08 07:00:00,16307.0,16891.0,16190.0,16891.0,17054800,KBS
2022-08-09 07:00:00,17124.0,17202.0,16774.0,16969.0,11425600,KBS
2022-08-10 07:00:00,16891.0,17124.0,16463.0,16735.0,12138100,KBS
2022-08-11 07:00:00,16930.0,16969.0,15996.0,16035.0,16850600,KBS
2022-08-12 07:00:00,16035.0,17124.0,15996.0,16930.0,14262000,KBS
2022-08-15 07:00:00,16969.0,17241.0,16813.0,16930.0,10084900,KBS
2022-08-16 07:00:00,16930.0,17747.0,16813.0,17280.0,19474800,KBS
2022-08-17 07:00:00,17280.0,17397.0,16813.0,16930.0,14182100,KBS
2022-08-18 07:00:00,16891.0,17202.0,16813.0,16969.0,8381500,KBS
2022-08-19 07:00:00,16969.0,17124.0,16541.0,16618.0,12753400,KBS
2022-08-22 07:00:00,16502.0,17046.0,16346.0,16735.0,8847600,KBS
2022-08-23 07:00:00,16657.0,17163.0,16618.0,17163.0,8909100,KBS
2022-08-24 07:00:00,17319.0,17358.0,17008.0,17085.0,11309400,KBS
2022-08-25 07:00:00,17241.0,17747.0,17085.0,17514.0,16966700,KBS
2022-08-26 07:00:00,17552.0,17591.0,17008.0,17085.0,10000000,KBS
2022-08-29 07:00:00,16346.0,16735.0,16074.0,16657.0,14238400,KBS
2022-08-30 07:00:00,16774.0,16969.0,16385.0,16385.0,8095400,KBS
2022-08-31 07:00:00,16035.0,16813.0,16035.0,16502.0,6160900,KBS
2022-09-05 07:00:00,16774.0,17630.0,16735.0,17630.0,27827700,KBS
2022-09-06 07:00:00,18058.0,18058.0,17514.0,17552.0,14903400,KBS
2022-09-07 07:00:00,17786.0,18058.0,17397.0,17552.0,29128300,KBS
2022-09-08 07:00:00,17825.0,17864.0,16969.0,16969.0,13231800,KBS
2022-09-09 07:00:00,17202.0,17903.0,16346.0,17903.0,16171800,KBS
2022-09-12 07:00:00,18136.0,18564.0,17903.0,18136.0,17962500,KBS
2022-09-13 07:00:00,18136.0,18292.0,17708.0,18214.0,13340400,KBS
2022-09-14 07:00:00,17903.0,18486.0,17747.0,18409.0,17735400,KBS
2022-09-15 07:00:00,18564.0,18642.0,18058.0,18058.0,10486600,KBS
2022-09-16 07:00:00,17903.0,17981.0,17202.0,17280.0,15910700,KBS
2022-09-19 07:00:00,17280.0,17397.0,16074.0,16074.0,21124000,KBS
2022-09-20 07:00:00,16268.0,16424.0,15568.0,16151.0,9262900,KBS
2022-09-21 07:00:00,16035.0,16579.0,15879.0,16229.0,6707000,KBS
2022-09-22 07:00:00,15957.0,16774.0,15957.0,16735.0,8522300,KBS
2022-09-23 07:00:00,16696.0,16930.0,16424.0,16463.0,8403100,KBS
2022-09-26 07:00:00,15957.0,16268.0,15334.0,15529.0,13453700,KBS
2022-09-27 07:00:00,15684.0,15762.0,15023.0,15023.0,6680700,KBS
2022-09-28 07:00:00,14828.0,15334.0,14634.0,14789.0,9345100,KBS
2022-09-29 07:00:00,15256.0,15256.0,14244.0,14244.0,6505900,KBS
2022-09-30 07:00:00,14166.0,14400.0,13271.0,14244.0,8762200,KBS
2022-10-03 07:00:00,14244.0,14244.0,13271.0,13271.0,7261600,KBS
2022-10-04 07:00:00,13505.0,13583.0,12921.0,12921.0,7777400,KBS
2022-10-05 07:00:00,13310.0,13622.0,13077.0,13544.0,3629900,KBS
2022-10-06 07:00:00,13622.0,13622.0,12610.0,12610.0,8056900,KBS
2022-10-07 07:00:00,11909.0,12298.0,11754.0,11754.0,8171400,KBS
2022-10-10 07:00:00,11481.0,12571.0,11364.0,12571.0,8786000,KBS
2022-10-11 07:00:00,12610.0,13038.0,12221.0,12571.0,8435300,KBS
2022-10-12 07:00:00,12726.0,13427.0,12726.0,13388.0,7160700,KBS
2022-10-13 07:00:00,13232.0,13583.0,13155.0,13466.0,5169900,KBS
2022-10-14 07:00:00,13699.0,13777.0,13388.0,13505.0,6157600,KBS
2022-10-17 07:00:00,13232.0,13622.0,13038.0,13622.0,5469800,KBS
2022-10-18 07:00:00,13855.0,13933.0,13466.0,13661.0,5892100,KBS
2022-10-19 07:00:00,13583.0,13622.0,13232.0,13232.0,3943300,KBS
2022-10-20 07:00:00,13232.0,13505.0,13077.0,13232.0,4863100,KBS
2022-10-21 07:00:00,13310.0,13310.0,12337.0,12337.0,9339100,KBS
2022-10-24 07:00:00,12182.0,12337.0,11481.0,11481.0,6964200,KBS
2022-10-25 07:00:00,11286.0,12259.0,10897.0,11831.0,8400900,KBS
2022-10-26 07:00:00,12065.0,12065.0,11325.0,11481.0,2997600,KBS
2022-10-27 07:00:00,11481.0,12221.0,11325.0,12143.0,8058200,KBS
2022-10-28 07:00:00,12376.0,12376.0,11325.0,11325.0,11812400,KBS
2022-10-31 07:00:00,10547.0,10858.0,10547.0,10547.0,10698900,KBS
2022-11-01 07:00:00,10781.0,10975.0,9963.0,10041.0,11647900,KBS
2022-11-02 07:00:00,10041.0,10469.0,10041.0,10469.0,6241100,KBS
2022-11-03 07:00:00,10314.0,10430.0,9963.0,10041.0,4035100,KBS
2022-11-04 07:00:00,9963.0,10041.0,9341.0,9341.0,8160900,KBS
2022-11-07 07:00:00,9029.0,9341.0,8718.0,8718.0,7310700,KBS
2022-11-08 07:00:00,8134.0,8406.0,8134.0,8134.0,7007600,KBS
2022-11-09 07:00:00,8134.0,8329.0,7566.0,7566.0,8387200,KBS
2022-11-10 07:00:00,7161.0,7395.0,7037.0,7037.0,4192000,KBS
2022-11-11 07:00:00,6624.0,7044.0,6546.0,6546.0,10954900,KBS
2022-11-14 07:00:00,6126.0,6352.0,6095.0,6188.0,9053300,KBS
2022-11-15 07:00:00,6009.0,6367.0,5760.0,5760.0,7994400,KBS
2022-11-16 07:00:00,5433.0,6157.0,5363.0,6157.0,8094500,KBS
2022-11-17 07:00:00,6570.0,6585.0,6383.0,6585.0,3720800,KBS
2022-11-18 07:00:00,6842.0,7044.0,6538.0,7044.0,17247800,KBS
2022-11-21 07:00:00,7107.0,7519.0,7083.0,7519.0,7180600,KBS
2022-11-22 07:00:00,7511.0,7901.0,7083.0,7161.0,12632900,KBS
2022-11-23 07:00:00,7083.0,7317.0,6772.0,6772.0,6959300,KBS
2022-11-24 07:00:00,6616.0,7231.0,6554.0,7231.0,6608600,KBS
2022-11-25 07:00:00,7387.0,7706.0,7278.0,7706.0,6655300,KBS
2022-11-28 07:00:00,8017.0,8212.0,7862.0,8212.0,12158500,KBS
2022-11-29 07:00:00,8329.0,8718.0,7901.0,8445.0,12836400,KBS
2022-11-30 07:00:00,8484.0,8757.0,8212.0,8562.0,10020700,KBS
2022-12-01 07:00:00,8796.0,9146.0,8718.0,9146.0,27610600,KBS
2022-12-02 07:00:00,9107.0,9769.0,9068.0,9769.0,12677300,KBS
2022-12-05 07:00:00,10352.0,10430.0,9963.0,10430.0,13863500,KBS
2022-12-06 07:00:00,10352.0,10391.0,9730.0,9730.0,22935000,KBS
2022-12-07 07:00:00,9302.0,9652.0,9068.0,9263.0,14651700,KBS
2022-12-08 07:00:00,9418.0,9885.0,9379.0,9885.0,12382300,KBS
2022-12-09 07:00:00,9963.0,10469.0,9613.0,10352.0,11987600,KBS
2022-12-12 07:00:00,10508.0,10742.0,9652.0,9691.0,12494200,KBS
2022-12-13 07:00:00,9691.0,10119.0,9302.0,10119.0,9149300,KBS
2022-12-14 07:00:00,10352.0,10508.0,10041.0,10119.0,10366800,KBS
2022-12-15 07:00:00,9963.0,10430.0,9963.0,10275.0,11705100,KBS
2022-12-16 07:00:00,10119.0,10975.0,10119.0,10975.0,15188000,KBS
2022-12-19 07:00:00,11286.0,11715.0,10975.0,10975.0,20966000,KBS
2022-12-20 07:00:00,10975.0,11598.0,10391.0,11403.0,25882700,KBS
2022-12-21 07:00:00,11598.0,11637.0,10625.0,10742.0,13402600,KBS
2022-12-22 07:00:00,10897.0,11014.0,10041.0,10352.0,10900600,KBS
2022-12-23 07:00:00,10314.0,10352.0,9652.0,9652.0,12512300,KBS
2022-12-26 07:00:00,9379.0,9613.0,8990.0,8990.0,12085600,KBS
2022-12-27 07:00:00,8951.0,9613.0,8796.0,9613.0,9207900,KBS
2022-12-28 07:00:00,9808.0,9924.0,9613.0,9613.0,5818200,KBS
2022-12-29 07:00:00,9613.0,9808.0,9341.0,9535.0,5596000,KBS
2022-12-30 07:00:00,9691.0,9730.0,9418.0,9535.0,3898300,KBS
2023-01-03 07:00:00,9613.0,10197.0,9613.0,10197.0,8703700,KBS
2023-01-04 07:00:00,10586.0,10742.0,10314.0,10391.0,7894500,KBS
2023-01-05 07:00:00,10469.0,10858.0,10197.0,10781.0,9742300,KBS
2023-01-06 07:00:00,10742.0,10858.0,10197.0,10314.0,8650300,KBS
2023-01-09 07:00:00,10625.0,10625.0,10197.0,10197.0,7653700,KBS
2023-01-10 07:00:00,10197.0,10664.0,9808.0,10508.0,9013700,KBS
2023-01-11 07:00:00,10664.0,11209.0,10586.0,10819.0,13430900,KBS
2023-01-12 07:00:00,10897.0,11131.0,10742.0,11014.0,6481000,KBS
2023-01-13 07:00:00,11248.0,11442.0,10819.0,10936.0,7793700,KBS
2023-01-16 07:00:00,11014.0,11442.0,10858.0,11286.0,9383400,KBS
2023-01-17 07:00:00,11481.0,12065.0,11364.0,12065.0,16064300,KBS
2023-01-18 07:00:00,12221.0,12298.0,11909.0,12026.0,8391200,KBS
2023-01-19 07:00:00,11948.0,12182.0,11754.0,12065.0,11759900,KBS
2023-01-27 07:00:00,12065.0,12454.0,11715.0,12259.0,13391300,KBS
2023-01-30 07:00:00,12337.0,12765.0,11987.0,12259.0,12150400,KBS
2023-01-31 07:00:00,12143.0,12376.0,12026.0,12376.0,9626000,KBS
2023-02-01 07:00:00,12415.0,12688.0,11520.0,11520.0,26772800,KBS
2023-02-02 07:00:00,11520.0,11637.0,10936.0,10975.0,11990800,KBS
2023-02-03 07:00:00,11053.0,11325.0,10664.0,10975.0,8193200,KBS
2023-02-06 07:00:00,10897.0,11053.0,10664.0,10975.0,6132300,KBS
2023-02-07 07:00:00,10975.0,11209.0,10236.0,10236.0,13329800,KBS
2023-02-08 07:00:00,10430.0,10936.0,10002.0,10897.0,11111300,KBS
2023-02-09 07:00:00,10897.0,11053.0,10625.0,10625.0,4429600,KBS
2023-02-10 07:00:00,10625.0,10819.0,10352.0,10508.0,6515100,KBS
2023-02-13 07:00:00,10391.0,10664.0,10041.0,10508.0,7333600,KBS
2023-02-14 07:00:00,10625.0,10936.0,10586.0,10742.0,6112800,KBS
2023-02-15 07:00:00,10742.0,11248.0,10664.0,10975.0,9535400,KBS
2023-02-16 07:00:00,11131.0,11715.0,10975.0,11715.0,13952700,KBS
2023-02-17 07:00:00,11754.0,11948.0,11598.0,11831.0,10862800,KBS
2023-02-20 07:00:00,11948.0,12298.0,11909.0,12259.0,13921000,KBS
2023-02-21 07:00:00,12376.0,12415.0,11909.0,11909.0,13895900,KBS
2023-02-22 07:00:00,11598.0,12454.0,11598.0,11792.0,20540800,KBS
2023-02-23 07:00:00,11715.0,12143.0,11286.0,12143.0,13389900,KBS
2023-02-24 07:00:00,12221.0,12259.0,11598.0,11676.0,7625500,KBS
2023-02-27 07:00:00,11520.0,11520.0,11053.0,11053.0,10329700,KBS
2023-02-28 07:00:00,11286.0,11403.0,10858.0,11014.0,6482300,KBS
2023-03-01 07:00:00,11014.0,11754.0,10858.0,11754.0,8215300,KBS
2023-03-02 07:00:00,11909.0,12221.0,11754.0,11948.0,10088600,KBS
2023-03-03 07:00:00,12065.0,12571.0,11948.0,11948.0,18752600,KBS
2023-03-06 07:00:00,12298.0,12454.0,11676.0,12065.0,8149900,KBS
2023-03-07 07:00:00,12143.0,12882.0,12065.0,12843.0,24601200,KBS
2023-03-08 07:00:00,12726.0,12999.0,12649.0,12999.0,13324900,KBS
2023-03-09 07:00:00,13077.0,13310.0,12960.0,12960.0,14453500,KBS
2023-03-10 07:00:00,12765.0,12999.0,12532.0,12999.0,14940600,KBS
2023-03-13 07:00:00,12843.0,13077.0,12610.0,12765.0,8543100,KBS
2023-03-14 07:00:00,12765.0,12765.0,11948.0,12026.0,21203000,KBS
2023-03-15 07:00:00,12415.0,12726.0,12298.0,12726.0,8919100,KBS
2023-03-16 07:00:00,12415.0,12649.0,12182.0,12259.0,9032100,KBS
2023-03-17 07:00:00,12454.0,12532.0,12143.0,12221.0,6586700,KBS
2023-03-20 07:00:00,12143.0,12376.0,11754.0,11792.0,9606600,KBS
2023-03-21 07:00:00,11948.0,12298.0,11676.0,12298.0,8650800,KBS
2023-03-22 07:00:00,12415.0,12415.0,12143.0,12143.0,4703900,KBS
2023-03-23 07:00:00,11987.0,12454.0,11948.0,12376.0,7343500,KBS
2023-03-24 07:00:00,12493.0,12610.0,12259.0,12376.0,7870800,KBS
2023-03-27 07:00:00,12376.0,12765.0,12259.0,12688.0,9863500,KBS
2023-03-28 07:00:00,12843.0,12843.0,12493.0,12493.0,8421600,KBS
2023-03-29 07:00:00,12493.0,12921.0,12493.0,12765.0,9102500,KBS
2023-03-30 07:00:00,12843.0,12960.0,12221.0,12221.0,26105700,KBS
2023-03-31 07:00:00,12143.0,12376.0,11676.0,11987.0,20447800,KBS
2023-04-03 07:00:00,12026.0,12182.0,11754.0,11792.0,14408000,KBS
2023-04-04 07:00:00,11715.0,12026.0,11715.0,11909.0,7833100,KBS
2023-04-05 07:00:00,11909.0,12065.0,11831.0,12026.0,9154400,KBS
2023-04-06 07:00:00,12065.0,12143.0,11792.0,11792.0,13641000,KBS
2023-04-07 07:00:00,11754.0,11870.0,11442.0,11520.0,12315500,KBS
2023-04-10 07:00:00,11403.0,11637.0,11209.0,11248.0,12802600,KBS
2023-04-11 07:00:00,11209.0,11598.0,11209.0,11598.0,5872000,KBS
2023-04-12 07:00:00,11598.0,11676.0,11442.0,11442.0,4071700,KBS
2023-04-13 07:00:00,11481.0,11520.0,11286.0,11364.0,3995200,KBS
2023-04-14 07:00:00,11481.0,11637.0,11364.0,11403.0,6845200,KBS
2023-04-17 07:00:00,11364.0,11598.0,11364.0,11520.0,2530500,KBS
2023-04-18 07:00:00,11598.0,11676.0,11520.0,11598.0,3260200,KBS
2023-04-19 07:00:00,11598.0,11676.0,11403.0,11403.0,3684100,KBS
2023-04-20 07:00:00,11403.0,11442.0,11286.0,11403.0,3066600,KBS
2023-04-21 07:00:00,11364.0,11364.0,10936.0,11014.0,7163400,KBS
2023-04-24 07:00:00,11014.0,11053.0,10742.0,10781.0,5180500,KBS
2023-04-25 07:00:00,10897.0,11286.0,10819.0,10975.0,3829300,KBS
2023-04-26 07:00:00,10975.0,11520.0,10897.0,11520.0,5072000,KBS
2023-04-27 07:00:00,11520.0,11559.0,11286.0,11286.0,2543700,KBS
2023-04-28 07:00:00,11286.0,11403.0,11248.0,11325.0,3119400,KBS
2023-05-04 07:00:00,11286.0,11442.0,11131.0,11209.0,3346700,KBS
2023-05-05 07:00:00,11209.0,11481.0,11131.0,11286.0,3182500,KBS
2023-05-08 07:00:00,11442.0,11442.0,11286.0,11286.0,2758000,KBS
2023-05-09 07:00:00,11442.0,11754.0,11364.0,11715.0,11873900,KBS
2023-05-10 07:00:00,11715.0,11831.0,11637.0,11792.0,4724800,KBS
2023-05-11 07:00:00,11831.0,12065.0,11715.0,11831.0,8509400,KBS
2023-05-12 07:00:00,11831.0,12143.0,11831.0,11987.0,7823000,KBS
2023-05-15 07:00:00,12143.0,12143.0,11676.0,11676.0,8945300,KBS
2023-05-16 07:00:00,11676.0,11792.0,11442.0,11520.0,5605100,KBS
2023-05-17 07:00:00,11520.0,11598.0,11286.0,11286.0,7629200,KBS
2023-05-18 07:00:00,11325.0,11403.0,11209.0,11325.0,5893600,KBS
2023-05-19 07:00:00,11325.0,11481.0,11286.0,11364.0,3722300,KBS
2023-05-22 07:00:00,11364.0,11909.0,11364.0,11870.0,8644000,KBS
2023-05-23 07:00:00,11909.0,11987.0,11676.0,11754.0,5206400,KBS
2023-05-24 07:00:00,11831.0,11831.0,11520.0,11520.0,6697400,KBS
2023-05-25 07:00:00,11442.0,11637.0,11364.0,11559.0,4056300,KBS
2023-05-26 07:00:00,11598.0,11598.0,11364.0,11442.0,4747500,KBS
2023-05-29 07:00:00,11520.0,11831.0,11403.0,11792.0,6982200,KBS
2023-05-30 07:00:00,11870.0,12143.0,11792.0,12065.0,16869000,KBS
2023-05-31 07:00:00,12143.0,12298.0,11987.0,12065.0,12528300,KBS
2023-06-01 07:00:00,12065.0,12104.0,11715.0,11948.0,9526900,KBS
2023-06-02 07:00:00,12065.0,12532.0,11948.0,12337.0,15207100,KBS
2023-06-05 07:00:00,12688.0,12960.0,12454.0,12649.0,13970000,KBS
2023-06-06 07:00:00,12610.0,12882.0,12493.0,12765.0,10299400,KBS
2023-06-07 07:00:00,13038.0,13349.0,12960.0,12999.0,13088700,KBS
2023-06-08 07:00:00,12999.0,13116.0,12688.0,12688.0,16296200,KBS
2023-06-09 07:00:00,12765.0,12999.0,12571.0,12999.0,10673300,KBS
2023-06-12 07:00:00,13038.0,13077.0,12532.0,12843.0,10792600,KBS
2023-06-13 07:00:00,12921.0,13699.0,12765.0,13583.0,21309000,KBS
2023-06-14 07:00:00,13622.0,13622.0,13271.0,13310.0,8967100,KBS
2023-06-15 07:00:00,13310.0,13349.0,12960.0,13038.0,13479400,KBS
2023-06-16 07:00:00,13155.0,13388.0,12960.0,13077.0,15748800,KBS
2023-06-19 07:00:00,13077.0,13077.0,12765.0,12765.0,7317600,KBS
2023-06-20 07:00:00,12765.0,13194.0,12765.0,13194.0,5813400,KBS
2023-06-21 07:00:00,13155.0,13816.0,13116.0,13777.0,17537800,KBS
2023-06-22 07:00:00,13855.0,13933.0,13699.0,13777.0,11369600,KBS
2023-06-23 07:00:00,13855.0,14205.0,13777.0,14166.0,16006500,KBS
2023-06-26 07:00:00,14166.0,14322.0,13622.0,14089.0,12453200,KBS
2023-06-27 07:00:00,14205.0,14205.0,13816.0,14050.0,7499300,KBS
2023-06-28 07:00:00,14050.0,14283.0,14011.0,14128.0,10928300,KBS
2023-06-29 07:00:00,14128.0,14166.0,13427.0,13427.0,14871200,KBS
2023-06-30 07:00:00,13349.0,13505.0,13310.0,13427.0,5679600,KBS
2023-07-03 07:00:00,13544.0,13544.0,13388.0,13388.0,4938200,KBS
2023-07-04 07:00:00,13427.0,13622.0,13271.0,13622.0,10700500,KBS
2023-07-05 07:00:00,13738.0,14089.0,13583.0,13777.0,18043300,KBS
2023-07-06 07:00:00,13777.0,13933.0,13388.0,13622.0,8693000,KBS
2023-07-07 07:00:00,13544.0,14361.0,13388.0,14322.0,15394500,KBS
2023-07-10 07:00:00,14439.0,14711.0,14322.0,14634.0,11239900,KBS
2023-07-11 07:00:00,14595.0,14750.0,14439.0,14517.0,11051000,KBS
2023-07-12 07:00:00,14595.0,14634.0,14205.0,14478.0,8857500,KBS
2023-07-13 07:00:00,14711.0,14750.0,14478.0,14517.0,5104700,KBS
2023-07-14 07:00:00,14672.0,15062.0,14556.0,15062.0,14633000,KBS
2023-07-17 07:00:00,15217.0,15412.0,15023.0,15139.0,6968600,KBS
2023-07-18 07:00:00,15101.0,15101.0,14828.0,14867.0,8957300,KBS
2023-07-19 07:00:00,14945.0,15023.0,14711.0,14828.0,10621900,KBS
2023-07-20 07:00:00,14789.0,15023.0,14634.0,14945.0,8884900,KBS
2023-07-21 07:00:00,15023.0,15412.0,14945.0,15334.0,8240300,KBS
2023-07-24 07:00:00,15373.0,15490.0,15139.0,15256.0,7556000,KBS
2023-07-25 07:00:00,15256.0,15373.0,15101.0,15256.0,7861300,KBS
2023-07-26 07:00:00,15256.0,15645.0,15178.0,15295.0,8404600,KBS
2023-07-27 07:00:00,15295.0,15412.0,14945.0,15295.0,7427200,KBS
2023-07-28 07:00:00,15373.0,15684.0,15178.0,15412.0,8538500,KBS
2023-07-31 07:00:00,15762.0,15762.0,15023.0,15334.0,10697200,KBS
2023-08-01 07:00:00,15334.0,15334.0,14828.0,14828.0,12103800,KBS
2023-08-02 07:00:00,14789.0,15101.0,14634.0,14945.0,6246000,KBS
2023-08-03 07:00:00,14945.0,14945.0,14517.0,14672.0,12373800,KBS
2023-08-04 07:00:00,14672.0,14984.0,14634.0,14984.0,6237600,KBS
2023-08-07 07:00:00,15101.0,15139.0,14867.0,14984.0,7523100,KBS
2023-08-08 07:00:00,15062.0,15217.0,14945.0,14984.0,9894500,KBS
2023-08-09 07:00:00,14984.0,15256.0,14750.0,15217.0,10499900,KBS
2023-08-10 07:00:00,15256.0,15256.0,14789.0,14789.0,5531900,KBS
2023-08-11 07:00:00,14867.0,15334.0,14517.0,15178.0,10058900,KBS
2023-08-14 07:00:00,15334.0,15957.0,15256.0,15801.0,17781200,KBS
2023-08-15 07:00:00,15879.0,15957.0,15568.0,15879.0,7736800,KBS
2023-08-16 07:00:00,15879.0,15879.0,15568.0,15801.0,6032700,KBS
2023-08-17 07:00:00,15879.0,16074.0,15568.0,15568.0,15876600,KBS
2023-08-18 07:00:00,15373.0,15451.0,14478.0,14478.0,15988600,KBS
2023-08-21 07:00:00,14322.0,14478.0,13777.0,13777.0,10043000,KBS
2023-08-22 07:00:00,13855.0,14089.0,13155.0,13933.0,9765100,KBS
2023-08-23 07:00:00,14166.0,14166.0,13933.0,13933.0,4139200,KBS
2023-08-24 07:00:00,13933.0,14322.0,13816.0,14322.0,5747600,KBS
2023-08-25 07:00:00,14322.0,14361.0,14050.0,14089.0,6894000,KBS
2023-08-28 07:00:00,14166.0,14478.0,14128.0,14478.0,6379200,KBS
2023-08-29 07:00:00,14556.0,14595.0,14244.0,14322.0,5195800,KBS
2023-08-30 07:00:00,14322.0,14711.0,14244.0,14634.0,7166500,KBS
2023-08-31 07:00:00,14789.0,15178.0,14789.0,15023.0,10372300,KBS
2023-09-05 07:00:00,15256.0,15490.0,15101.0,15412.0,12000000,KBS
2023-09-06 07:00:00,15490.0,16463.0,15217.0,16463.0,21031100,KBS
2023-09-07 07:00:00,16618.0,16696.0,16190.0,16268.0,12059000,KBS
2023-09-08 07:00:00,16268.0,17085.0,16112.0,17008.0,16080100,KBS
2023-09-11 07:00:00,17124.0,17124.0,16346.0,16346.0,15850600,KBS
2023-09-12 07:00:00,16346.0,16969.0,16151.0,16930.0,12518200,KBS
2023-09-13 07:00:00,17008.0,17747.0,16541.0,17163.0,16985800,KBS
2023-09-14 07:00:00,17163.0,17202.0,16346.0,16579.0,11954700,KBS
2023-09-15 07:00:00,16618.0,17124.0,16268.0,16735.0,10240400,KBS
2023-09-18 07:00:00,16735.0,17280.0,16657.0,16774.0,11567400,KBS
2023-09-19 07:00:00,17008.0,17669.0,16346.0,17669.0,14731100,KBS
2023-09-20 07:00:00,17669.0,17864.0,17514.0,17786.0,8009200,KBS
2023-09-21 07:00:00,17786.0,18409.0,17436.0,17436.0,17771100,KBS
2023-09-22 07:00:00,16735.0,17008.0,16229.0,16229.0,27469700,KBS
2023-09-25 07:00:00,15840.0,16346.0,15101.0,15101.0,13534900,KBS
2023-09-26 07:00:00,14634.0,15490.0,14634.0,14672.0,9386800,KBS
2023-09-27 07:00:00,14789.0,15373.0,14478.0,15373.0,6862800,KBS
2023-09-28 07:00:00,15490.0,15529.0,14867.0,15490.0,6797100,KBS
2023-09-29 07:00:00,15645.0,15762.0,15256.0,15373.0,4912800,KBS
2023-10-02 07:00:00,15373.0,15684.0,15217.0,15490.0,4303600,KBS
2023-10-03 07:00:00,15178.0,15217.0,14439.0,14439.0,11662500,KBS
2023-10-04 07:00:00,13855.0,15101.0,13855.0,14945.0,7727500,KBS
2023-10-05 07:00:00,15062.0,15139.0,14439.0,14478.0,5595800,KBS
2023-10-06 07:00:00,14478.0,14906.0,14244.0,14906.0,5012600,KBS
2023-10-09 07:00:00,15023.0,15529.0,14828.0,15529.0,9835900,KBS
2023-10-10 07:00:00,15723.0,15840.0,15529.0,15529.0,7599900,KBS
2023-10-11 07:00:00,15529.0,15957.0,15451.0,15957.0,7163600,KBS
2023-10-12 07:00:00,16035.0,16229.0,15645.0,15801.0,7096200,KBS
2023-10-13 07:00:00,15529.0,15996.0,15412.0,15996.0,7247300,KBS
2023-10-16 07:00:00,16035.0,16190.0,15490.0,15490.0,8194200,KBS
2023-10-17 07:00:00,15645.0,15762.0,14478.0,14478.0,7376900,KBS
2023-10-18 07:00:00,14789.0,14789.0,13466.0,14050.0,12439500,KBS
2023-10-19 07:00:00,13855.0,14205.0,13427.0,13894.0,5344400,KBS
2023-10-20 07:00:00,13855.0,14400.0,13622.0,14322.0,6099500,KBS
2023-10-23 07:00:00,14400.0,14556.0,14050.0,14400.0,5458900,KBS
2023-10-24 07:00:00,14439.0,14517.0,14128.0,14517.0,4315500,KBS
2023-10-25 07:00:00,14556.0,15023.0,14361.0,14478.0,5017800,KBS
2023-10-26 07:00:00,14089.0,14478.0,13466.0,13466.0,10710400,KBS
2023-10-27 07:00:00,13738.0,14050.0,13349.0,14011.0,4832800,KBS
2023-10-30 07:00:00,14011.0,14556.0,13972.0,14011.0,7302600,KBS
2023-10-31 07:00:00,14011.0,14205.0,13544.0,13622.0,6814400,KBS
2023-11-01 07:00:00,13699.0,13933.0,13427.0,13933.0,5632700,KBS
2023-11-02 07:00:00,14128.0,14906.0,14089.0,14867.0,10478200,KBS
2023-11-03 07:00:00,14867.0,15139.0,14595.0,14984.0,9844600,KBS
2023-11-06 07:00:00,14984.0,15178.0,14906.0,15178.0,7827200,KBS
2023-11-07 07:00:00,15062.0,15334.0,14828.0,15023.0,7857200,KBS
2023-11-08 07:00:00,15023.0,16074.0,14984.0,16074.0,15428500,KBS
2023-11-09 07:00:00,16346.0,16735.0,16112.0,16151.0,14863700,KBS
2023-11-10 07:00:00,15957.0,16696.0,15918.0,15957.0,15282700,KBS
2023-11-13 07:00:00,16035.0,16930.0,15957.0,16735.0,19792400,KBS
2023-11-14 07:00:00,17046.0,17046.0,16424.0,16813.0,13697400,KBS
2023-11-15 07:00:00,17552.0,17552.0,16579.0,16696.0,17054000,KBS
2023-11-16 07:00:00,16579.0,16813.0,16424.0,16813.0,9146500,KBS
2023-11-17 07:00:00,16891.0,17319.0,16618.0,17008.0,21622000,KBS
2023-11-20 07:00:00,16618.0,17358.0,16618.0,17280.0,13302800,KBS
2023-11-21 07:00:00,17591.0,18097.0,17280.0,17280.0,17533500,KBS
2023-11-22 07:00:00,17280.0,17669.0,17085.0,17669.0,11798900,KBS
2023-11-23 07:00:00,17825.0,17903.0,16463.0,16463.0,17641000,KBS
2023-11-24 07:00:00,16618.0,17202.0,16190.0,17202.0,17659300,KBS
2023-11-27 07:00:00,17202.0,17475.0,16930.0,16969.0,8933100,KBS
2023-11-28 07:00:00,17008.0,17747.0,16852.0,17747.0,17317100,KBS
2023-11-29 07:00:00,17747.0,18214.0,17591.0,17825.0,16683000,KBS
2023-11-30 07:00:00,17864.0,18253.0,17669.0,17903.0,12675300,KBS
2023-12-01 07:00:00,18097.0,18097.0,17280.0,17825.0,15835800,KBS
2023-12-04 07:00:00,18175.0,18837.0,17864.0,18564.0,14430000,KBS
2023-12-05 07:00:00,18642.0,18642.0,18175.0,18331.0,10469500,KBS
2023-12-06 07:00:00,18292.0,18525.0,18019.0,18448.0,12297500,KBS
2023-12-07 07:00:00,18603.0,18642.0,17591.0,18136.0,15719200,KBS
2023-12-08 07:00:00,18292.0,18992.0,18058.0,18136.0,13076400,KBS
2023-12-11 07:00:00,18136.0,18292.0,17786.0,18097.0,7115200,KBS
2023-12-12 07:00:00,18253.0,18525.0,18136.0,18175.0,6618000,KBS
2023-12-13 07:00:00,18292.0,18409.0,17669.0,17669.0,10489000,KBS
2023-12-14 07:00:00,17981.0,18019.0,17591.0,17747.0,7706900,KBS
2023-12-15 07:00:00,17708.0,18175.0,17630.0,18097.0,7260700,KBS
2023-12-18 07:00:00,18136.0,18214.0,17708.0,17708.0,5217300,KBS
2023-12-19 07:00:00,17747.0,18681.0,17708.0,18681.0,11203600,KBS
2023-12-20 07:00:00,18603.0,18759.0,18486.0,18681.0,6519100,KBS
2023-12-21 07:00:00,18525.0,19187.0,18448.0,18915.0,12571700,KBS
2023-12-22 07:00:00,19031.0,19265.0,18681.0,18915.0,7395600,KBS
2023-12-25 07:00:00,18954.0,19459.0,18759.0,18759.0,11256300,KBS
2023-12-26 07:00:00,18837.0,18992.0,18603.0,18837.0,9483500,KBS
2023-12-27 07:00:00,19031.0,19109.0,18759.0,18759.0,6714700,KBS
2023-12-28 07:00:00,18759.0,19265.0,18720.0,19109.0,9245600,KBS
2023-12-29 07:00:00,19148.0,19187.0,19031.0,19187.0,5496000,KBS
2024-01-02 07:00:00,19226.0,19304.0,18486.0,18486.0,10520600,KBS
2024-01-03 07:00:00,18486.0,18837.0,18370.0,18837.0,6128200,KBS
2024-01-04 07:00:00,18837.0,19031.0,18525.0,18759.0,9047100,KBS
2024-01-05 07:00:00,18603.0,18837.0,18525.0,18759.0,7599300,KBS
2024-01-08 07:00:00,18798.0,18992.0,18564.0,18564.0,8018500,KBS
2024-01-09 07:00:00,18642.0,18642.0,18097.0,18370.0,12462600,KBS
2024-01-10 07:00:00,18253.0,18370.0,17864.0,17981.0,11128300,KBS
2024-01-11 07:00:00,18097.0,18292.0,18097.0,18292.0,5285800,KBS
2024-01-12 07:00:00,18019.0,18525.0,17981.0,18175.0,7293000,KBS
2024-01-15 07:00:00,18370.0,18409.0,17903.0,18136.0,3850000,KBS
2024-01-16 07:00:00,18058.0,19382.0,18058.0,19382.0,20216200,KBS
2024-01-17 07:00:00,19537.0,19615.0,19148.0,19343.0,12452200,KBS
2024-01-18 07:00:00,19421.0,19849.0,19226.0,19615.0,11288700,KBS
2024-01-19 07:00:00,19615.0,19732.0,19304.0,19421.0,6871100,KBS
2024-01-22 07:00:00,19576.0,20082.0,19459.0,19615.0,13040700,KBS
2024-01-23 07:00:00,19693.0,19693.0,19382.0,19537.0,5240400,KBS
2024-01-24 07:00:00,19498.0,19654.0,19343.0,19343.0,5560700,KBS
2024-01-25 07:00:00,19343.0,19810.0,19148.0,19615.0,6990100,KBS
2024-01-26 07:00:00,19693.0,19810.0,19537.0,19771.0,4772200,KBS
2024-01-29 07:00:00,19771.0,19849.0,19265.0,19265.0,9135100,KBS
2024-01-30 07:00:00,19226.0,19498.0,19070.0,19459.0,6773800,KBS
2024-01-31 07:00:00,19343.0,19343.0,18837.0,18837.0,19544700,KBS
2024-02-01 07:00:00,18798.0,18954.0,18603.0,18681.0,8916200,KBS
2024-02-02 07:00:00,18525.0,19070.0,18525.0,18876.0,7903000,KBS
2024-02-05 07:00:00,18954.0,19226.0,18876.0,18915.0,10435500,KBS
2024-02-06 07:00:00,18992.0,19148.0,18876.0,18876.0,6216900,KBS
2024-02-07 07:00:00,18992.0,19070.0,18876.0,18954.0,4391500,KBS
2024-02-15 07:00:00,19226.0,19537.0,19070.0,19265.0,8188500,KBS
2024-02-16 07:00:00,19265.0,19382.0,19109.0,19148.0,5648900,KBS
2024-02-19 07:00:00,19226.0,19459.0,18798.0,19031.0,11084000,KBS
2024-02-20 07:00:00,19109.0,19109.0,18876.0,18915.0,6169100,KBS
2024-02-21 07:00:00,19031.0,19031.0,18681.0,18720.0,8478800,KBS
2024-02-22 07:00:00,18720.0,18837.0,18525.0,18525.0,7749500,KBS
2024-02-23 07:00:00,18564.0,18759.0,18175.0,18175.0,10098900,KBS
2024-02-26 07:00:00,18175.0,18564.0,18097.0,18448.0,7554900,KBS
2024-02-27 07:00:00,18564.0,19109.0,18525.0,18759.0,11218400,KBS
2024-02-28 07:00:00,18759.0,18915.0,18603.0,18798.0,6534700,KBS
2024-02-29 07:00:00,18876.0,18876.0,18525.0,18642.0,8666400,KBS
2024-03-01 07:00:00,18681.0,18837.0,18525.0,18798.0,5937500,KBS
2024-03-04 07:00:00,18992.0,19421.0,18915.0,19031.0,16300400,KBS
2024-03-05 07:00:00,19070.0,19382.0,18915.0,19187.0,11432300,KBS
2024-03-06 07:00:00,19187.0,19265.0,18837.0,19148.0,8104800,KBS
2024-03-07 07:00:00,19148.0,19265.0,18915.0,19109.0,7817700,KBS
2024-03-08 07:00:00,19226.0,19226.0,18642.0,18642.0,13915800,KBS
2024-03-11 07:00:00,18642.0,18642.0,18253.0,18370.0,6988000,KBS
2024-03-12 07:00:00,18370.0,18486.0,18292.0,18292.0,6013800,KBS
2024-03-13 07:00:00,18292.0,18992.0,18253.0,18837.0,10826600,KBS
2024-03-14 07:00:00,18915.0,18954.0,18603.0,18720.0,6974100,KBS
2024-03-15 07:00:00,18681.0,19226.0,18486.0,19031.0,10663500,KBS
2024-03-18 07:00:00,19187.0,19226.0,17825.0,18448.0,10739500,KBS
2024-03-19 07:00:00,18642.0,19732.0,18409.0,19615.0,29215900,KBS
2024-03-20 07:00:00,19615.0,19615.0,19304.0,19576.0,7794500,KBS
2024-03-21 07:00:00,19732.0,20355.0,19537.0,19732.0,16285900,KBS
2024-03-22 07:00:00,19926.0,20160.0,19343.0,19849.0,17501500,KBS
2024-03-25 07:00:00,19926.0,20471.0,19537.0,19693.0,11822200,KBS
2024-03-26 07:00:00,19693.0,20238.0,19459.0,20238.0,7786500,KBS
2024-03-27 07:00:00,20588.0,20822.0,20160.0,20238.0,11724400,KBS
2024-03-28 07:00:00,20316.0,20394.0,20043.0,20316.0,6875400,KBS
2024-03-29 07:00:00,20277.0,20316.0,19926.0,19965.0,6193600,KBS
2024-04-01 07:00:00,19888.0,20043.0,19693.0,20043.0,7176300,KBS
2024-04-02 07:00:00,19849.0,20394.0,19615.0,20355.0,10508500,KBS
2024-04-03 07:00:00,20432.0,20432.0,19849.0,19849.0,8560000,KBS
2024-04-04 07:00:00,19732.0,19926.0,19576.0,19576.0,6778900,KBS
2024-04-05 07:00:00,19304.0,19576.0,19031.0,19031.0,10300900,KBS
2024-04-08 07:00:00,19070.0,19459.0,18954.0,19148.0,4889200,KBS
2024-04-09 07:00:00,19148.0,19537.0,19148.0,19537.0,3880200,KBS
2024-04-10 07:00:00,19615.0,19615.0,19304.0,19304.0,3047000,KBS
2024-04-11 07:00:00,18992.0,20199.0,18992.0,20043.0,9932800,KBS
2024-04-12 07:00:00,20160.0,20199.0,19926.0,20121.0,6561200,KBS
2024-04-15 07:00:00,20004.0,20510.0,18720.0,18720.0,19269500,KBS
2024-04-16 07:00:00,18720.0,18876.0,17825.0,18409.0,10335700,KBS
2024-04-17 07:00:00,18525.0,18759.0,17903.0,17903.0,8457100,KBS
2024-04-19 07:00:00,17514.0,18058.0,17085.0,17085.0,12113800,KBS
2024-04-22 07:00:00,17514.0,17825.0,17319.0,17786.0,5579700,KBS
2024-04-23 07:00:00,17825.0,17825.0,16579.0,16579.0,8107000,KBS
2024-04-24 07:00:00,16930.0,17514.0,16852.0,17397.0,6442200,KBS
2024-04-25 07:00:00,17397.0,17436.0,16969.0,17124.0,4571700,KBS
2024-04-26 07:00:00,16969.0,17436.0,16774.0,17046.0,4579100,KBS
2024-05-02 07:00:00,17280.0,17747.0,17008.0,17669.0,4194000,KBS
2024-05-03 07:00:00,17747.0,18058.0,17591.0,17747.0,5924400,KBS
2024-05-06 07:00:00,18058.0,18486.0,17864.0,18214.0,7370400,KBS
2024-05-07 07:00:00,18214.0,18525.0,18058.0,18331.0,6171200,KBS
2024-05-08 07:00:00,18292.0,18798.0,17864.0,18486.0,8649400,KBS
2024-05-09 07:00:00,18681.0,18720.0,18331.0,18486.0,4590400,KBS
2024-05-10 07:00:00,18603.0,18603.0,18175.0,18603.0,4559000,KBS
2024-05-13 07:00:00,18681.0,19070.0,18525.0,18681.0,7364300,KBS
2024-05-14 07:00:00,18759.0,18915.0,18603.0,18720.0,3517400,KBS
2024-05-15 07:00:00,18720.0,19226.0,18720.0,19070.0,7607100,KBS
2024-05-16 07:00:00,19304.0,19421.0,18992.0,19109.0,5054800,KBS
2024-05-17 07:00:00,19148.0,19304.0,18837.0,19304.0,6191300,KBS
2024-05-20 07:00:00,19615.0,20004.0,19382.0,19615.0,11395800,KBS
2024-05-21 07:00:00,19498.0,19576.0,19226.0,19459.0,7033200,KBS
2024-05-22 07:00:00,19537.0,19732.0,19109.0,19382.0,8617700,KBS
2024-05-23 07:00:00,19304.0,19926.0,19226.0,19926.0,8423200,KBS
2024-05-24 07:00:00,19926.0,20082.0,18798.0,19304.0,12113300,KBS
2024-05-27 07:00:00,19148.0,19382.0,19148.0,19382.0,4305200,KBS
2024-05-28 07:00:00,19654.0,19654.0,19343.0,19498.0,4430900,KBS
2024-05-29 07:00:00,19654.0,19926.0,19265.0,19265.0,8003300,KBS
2024-05-30 07:00:00,18992.0,19187.0,18798.0,18954.0,6989500,KBS
2024-05-31 07:00:00,19070.0,19226.0,18915.0,18992.0,4892900,KBS
2024-06-03 07:00:00,19265.0,19459.0,19109.0,19343.0,4357500,KBS
2024-06-04 07:00:00,19459.0,20394.0,19421.0,19849.0,15693200,KBS
2024-06-05 07:00:00,20004.0,20199.0,19732.0,19849.0,6107900,KBS
2024-06-06 07:00:00,19926.0,20432.0,19771.0,20004.0,7363500,KBS
2024-06-07 07:00:00,20004.0,20160.0,19693.0,20004.0,5024100,KBS
2024-06-10 07:00:00,20082.0,20627.0,19810.0,20627.0,9621800,KBS
2024-06-11 07:00:00,20783.0,21094.0,20394.0,20666.0,11197100,KBS
2024-06-12 07:00:00,20627.0,20783.0,20355.0,20666.0,7470500,KBS
2024-06-13 07:00:00,20705.0,20861.0,20549.0,20705.0,4412200,KBS
2024-06-14 07:00:00,20783.0,21133.0,20004.0,20004.0,9939100,KBS
2024-06-17 07:00:00,20004.0,21172.0,19810.0,20861.0,15852800,KBS
2024-06-18 07:00:00,20861.0,21016.0,20705.0,20705.0,3685900,KBS
2024-06-19 07:00:00,20705.0,20977.0,20510.0,20627.0,5466700,KBS
2024-06-20 07:00:00,20627.0,20666.0,19965.0,20316.0,10311200,KBS
2024-06-21 07:00:00,20316.0,20510.0,19771.0,19771.0,9260100,KBS
2024-06-24 07:00:00,19459.0,19771.0,18837.0,18837.0,13102000,KBS
2024-06-25 07:00:00,18915.0,19615.0,18876.0,19226.0,5716300,KBS
2024-06-26 07:00:00,19226.0,19537.0,18798.0,19382.0,4357400,KBS
2024-06-27 07:00:00,19459.0,19459.0,18992.0,19187.0,2753900,KBS
2024-06-28 07:00:00,19070.0,19226.0,18292.0,18331.0,7177600,KBS
2024-07-01 07:00:00,18370.0,18759.0,18331.0,18642.0,3306500,KBS
2024-07-02 07:00:00,18681.0,19304.0,18681.0,19304.0,4672800,KBS
2024-07-03 07:00:00,19343.0,19537.0,19304.0,19304.0,3177600,KBS
2024-07-04 07:00:00,19382.0,19537.0,19070.0,19304.0,3075800,KBS
2024-07-05 07:00:00,19343.0,19382.0,18992.0,19109.0,3232800,KBS
2024-07-08 07:00:00,19265.0,19732.0,19148.0,19654.0,5829400,KBS
2024-07-09 07:00:00,19849.0,19926.0,19537.0,19771.0,4788500,KBS
2024-07-10 07:00:00,20004.0,20277.0,19693.0,19732.0,6953100,KBS
2024-07-11 07:00:00,19849.0,19926.0,19459.0,19459.0,4528100,KBS
2024-07-12 07:00:00,19498.0,20121.0,19226.0,20004.0,7812600,KBS
2024-07-15 07:00:00,20160.0,20160.0,19693.0,20004.0,2558300,KBS
2024-07-16 07:00:00,19888.0,20082.0,19615.0,19771.0,3742800,KBS
2024-07-17 07:00:00,19771.0,19849.0,18603.0,19304.0,7248800,KBS
2024-07-18 07:00:00,19304.0,19615.0,18837.0,19615.0,4777300,KBS
2024-07-19 07:00:00,19459.0,19498.0,18915.0,18915.0,4213100,KBS
2024-07-22 07:00:00,18915.0,18915.0,17903.0,18331.0,7213200,KBS
2024-07-23 07:00:00,18331.0,18525.0,17903.0,17903.0,4311100,KBS
2024-07-24 07:00:00,17825.0,18292.0,17397.0,18214.0,3895900,KBS
2024-07-25 07:00:00,18019.0,18214.0,17669.0,18058.0,2463400,KBS
2024-07-26 07:00:00,18253.0,18253.0,17981.0,18175.0,1534800,KBS
2024-07-29 07:00:00,18370.0,18642.0,18292.0,18370.0,3790100,KBS
2024-07-30 07:00:00,18642.0,18642.0,18019.0,18292.0,3534700,KBS
2024-07-31 07:00:00,18448.0,18448.0,17241.0,17591.0,6504700,KBS
2024-08-01 07:00:00,17630.0,17669.0,16385.0,16502.0,9741200,KBS
2024-08-02 07:00:00,16346.0,17241.0,16268.0,16969.0,4247600,KBS
2024-08-05 07:00:00,16346.0,16735.0,15801.0,15801.0,9066600,KBS
2024-08-06 07:00:00,16112.0,16307.0,15801.0,16151.0,3477600,KBS
2024-08-07 07:00:00,16151.0,16268.0,15879.0,16229.0,2487500,KBS
2024-08-08 07:00:00,15957.0,16424.0,15723.0,16190.0,3108100,KBS
2024-08-09 07:00:00,16268.0,16541.0,16190.0,16541.0,2953500,KBS
2024-08-12 07:00:00,16463.0,16657.0,16190.0,16502.0,1858500,KBS
2024-08-13 07:00:00,16502.0,16502.0,16035.0,16190.0,3051900,KBS
2024-08-14 07:00:00,16307.0,16385.0,15879.0,15879.0,3279000,KBS
2024-08-15 07:00:00,15957.0,15957.0,15451.0,15451.0,4981500,KBS
2024-08-16 07:00:00,15490.0,16307.0,15412.0,16074.0,6577500,KBS
2024-08-19 07:00:00,16190.0,16891.0,16151.0,16463.0,6230500,KBS
2024-08-20 07:00:00,16463.0,16852.0,16346.0,16696.0,6474100,KBS
2024-08-21 07:00:00,16969.0,17202.0,16774.0,16969.0,5301600,KBS
2024-08-22 07:00:00,17085.0,17085.0,16618.0,16735.0,5396700,KBS
2024-08-23 07:00:00,16657.0,17241.0,16424.0,17241.0,7390300,KBS
2024-08-26 07:00:00,17669.0,17669.0,16969.0,17046.0,5723300,KBS
2024-08-27 07:00:00,17124.0,17124.0,16774.0,16969.0,3641400,KBS
2024-08-28 07:00:00,16969.0,17475.0,16891.0,17202.0,7632700,KBS
2024-08-29 07:00:00,17163.0,17436.0,17085.0,17202.0,2379800,KBS
2024-08-30 07:00:00,17124.0,17241.0,16969.0,16969.0,3552700,KBS
2024-09-04 07:00:00,16579.0,16852.0,16579.0,16618.0,4440100,KBS
2024-09-05 07:00:00,16735.0,16735.0,16074.0,16112.0,6496400,KBS
2024-09-06 07:00:00,16112.0,16268.0,15918.0,16229.0,3923300,KBS
2024-09-09 07:00:00,16385.0,16891.0,16385.0,16657.0,4379600,KBS
2024-09-10 07:00:00,16735.0,16813.0,16307.0,16385.0,2301100,KBS
2024-09-11 07:00:00,16502.0,16735.0,16190.0,16657.0,4059800,KBS
2024-09-12 07:00:00,16735.0,16813.0,16385.0,16502.0,2591000,KBS
2024-09-13 07:00:00,16579.0,16579.0,16346.0,16346.0,2334400,KBS
2024-09-16 07:00:00,16190.0,16657.0,16035.0,16035.0,2954900,KBS
2024-09-17 07:00:00,16035.0,16424.0,16035.0,16424.0,3915800,KBS
2024-09-18 07:00:00,16502.0,16579.0,16346.0,16502.0,2743500,KBS
2024-09-19 07:00:00,16657.0,16969.0,16579.0,16735.0,5980200,KBS
2024-09-20 07:00:00,16930.0,17046.0,16657.0,16696.0,5533300,KBS
2024-09-23 07:00:00,16696.0,16852.0,16502.0,16541.0,2745100,KBS
2024-09-24 07:00:00,16541.0,16657.0,16424.0,16424.0,3965200,KBS
2024-09-25 07:00:00,16735.0,17008.0,16657.0,16891.0,9750400,KBS
2024-09-26 07:00:00,16969.0,17085.0,16735.0,16969.0,6053800,KBS
2024-09-27 07:00:00,17008.0,17241.0,16852.0,17008.0,6732800,KBS
2024-09-30 07:00:00,17163.0,17436.0,17046.0,17202.0,7496100,KBS
2024-10-01 07:00:00,17514.0,17591.0,17202.0,17202.0,10814000,KBS
2024-10-02 07:00:00,17163.0,17397.0,17085.0,17202.0,4954100,KBS
2024-10-03 07:00:00,17397.0,17397.0,16735.0,16813.0,7144400,KBS
2024-10-04 07:00:00,16969.0,17046.0,16774.0,16891.0,4992100,KBS
2024-10-07 07:00:00,16969.0,17046.0,16813.0,16930.0,2275900,KBS
2024-10-08 07:00:00,16930.0,17280.0,16735.0,17163.0,5915100,KBS
2024-10-09 07:00:00,17280.0,17436.0,17163.0,17163.0,3675100,KBS
2024-10-10 07:00:00,17319.0,17358.0,16891.0,16891.0,5096900,KBS
2024-10-11 07:00:00,16891.0,17008.0,16813.0,16891.0,1962700,KBS
2024-10-14 07:00:00,16930.0,17046.0,16852.0,16852.0,2824500,KBS
2024-10-15 07:00:00,17046.0,17046.0,16735.0,16735.0,3223900,KBS
2024-10-16 07:00:00,16735.0,16852.0,16385.0,16385.0,2962300,KBS
2024-10-17 07:00:00,16463.0,16502.0,15996.0,16502.0,4825900,KBS
2024-10-18 07:00:00,16579.0,16735.0,16268.0,16268.0,3330200,KBS
2024-10-21 07:00:00,16268.0,16346.0,15957.0,15957.0,4164100,KBS
2024-10-22 07:00:00,15957.0,16190.0,15723.0,15879.0,3497200,KBS
2024-10-23 07:00:00,15879.0,16112.0,15801.0,15918.0,3533100,KBS
2024-10-24 07:00:00,15996.0,16151.0,15879.0,15918.0,2727200,KBS
2024-10-25 07:00:00,15957.0,16112.0,15918.0,15918.0,2054500,KBS
2024-10-28 07:00:00,16035.0,16424.0,16035.0,16112.0,3233400,KBS
2024-10-29 07:00:00,16229.0,16229.0,16074.0,16151.0,1286800,KBS
2024-10-30 07:00:00,16229.0,16229.0,15996.0,16074.0,1648100,KBS
2024-10-31 07:00:00,16074.0,16151.0,15996.0,16074.0,2933400,KBS
2024-11-01 07:00:00,16074.0,16424.0,16035.0,16307.0,4349500,KBS
2024-11-04 07:00:00,16229.0,16307.0,16074.0,16112.0,2259300,KBS
2024-11-05 07:00:00,16112.0,16385.0,16112.0,16268.0,2559400,KBS
2024-11-06 07:00:00,16346.0,16657.0,16307.0,16618.0,4467000,KBS
2024-11-07 07:00:00,16774.0,16813.0,16502.0,16502.0,2668900,KBS
2024-11-08 07:00:00,16579.0,16813.0,16385.0,16696.0,4856600,KBS
2024-11-11 07:00:00,16735.0,16930.0,16424.0,16813.0,6635500,KBS
2024-11-12 07:00:00,16891.0,16969.0,16502.0,16541.0,3761900,KBS
2024-11-13 07:00:00,16424.0,16463.0,15918.0,16151.0,6275700,KBS
2024-11-14 07:00:00,16229.0,16229.0,15256.0,15451.0,6654100,KBS
2024-11-15 07:00:00,15412.0,15451.0,14828.0,14867.0,7389700,KBS
2024-11-18 07:00:00,14867.0,15062.0,14867.0,14906.0,3450300,KBS
2024-11-19 07:00:00,14945.0,15139.0,14711.0,14711.0,2439700,KBS
2024-11-20 07:00:00,14711.0,15178.0,14634.0,14867.0,3099300,KBS
2024-11-21 07:00:00,14867.0,15062.0,14867.0,15023.0,1430500,KBS
2024-11-22 07:00:00,15023.0,15178.0,15023.0,15062.0,1750300,KBS
2024-11-25 07:00:00,15101.0,15139.0,14984.0,15062.0,1491000,KBS
2024-11-26 07:00:00,15062.0,15256.0,15023.0,15139.0,2424500,KBS
2024-11-27 07:00:00,15178.0,15217.0,15023.0,15178.0,1561400,KBS
2024-11-28 07:00:00,15178.0,15373.0,15101.0,15101.0,1715000,KBS
2024-11-29 07:00:00,15101.0,15139.0,14867.0,15101.0,1718200,KBS
2024-12-02 07:00:00,15178.0,15295.0,15062.0,15101.0,1787200,KBS
2024-12-03 07:00:00,15101.0,15101.0,14945.0,14945.0,1886800,KBS
2024-12-04 07:00:00,14945.0,14984.0,14556.0,14556.0,4989600,KBS
2024-12-05 07:00:00,14595.0,15178.0,13855.0,15023.0,9930100,KBS
2024-12-06 07:00:00,15101.0,15139.0,14750.0,14789.0,3901500,KBS
2024-12-09 07:00:00,14945.0,15334.0,14906.0,15295.0,6569700,KBS
2024-12-10 07:00:00,15334.0,15606.0,15256.0,15295.0,5369200,KBS
2024-12-11 07:00:00,15451.0,15451.0,15062.0,15178.0,3220500,KBS
2024-12-12 07:00:00,15178.0,15256.0,15062.0,15101.0,4221900,KBS
2024-12-13 07:00:00,15101.0,15101.0,14789.0,14789.0,4527300,KBS
2024-12-16 07:00:00,14789.0,14828.0,14517.0,14556.0,5610400,KBS
2024-12-17 07:00:00,14478.0,14517.0,14166.0,14244.0,7209000,KBS
2024-12-18 07:00:00,14244.0,14478.0,14128.0,14400.0,9028500,KBS
2024-12-19 07:00:00,14850.0,14950.0,14650.0,14750.0,8725300,KBS
2024-12-20 07:00:00,14950.0,14950.0,14700.0,14750.0,1880500,KBS
2024-12-23 07:00:00,14800.0,14950.0,14700.0,14700.0,1837700,KBS
2024-12-24 07:00:00,14750.0,14850.0,14350.0,14800.0,3564800,KBS
2024-12-25 07:00:00,14800.0,15100.0,14600.0,14950.0,5227400,KBS
2024-12-26 07:00:00,14950.0,15000.0,14750.0,14750.0,1811900,KBS
2024-12-27 07:00:00,14700.0,14800.0,14600.0,14600.0,2614000,KBS
2024-12-30 07:00:00,14600.0,14750.0,14500.0,14650.0,1343600,KBS
2024-12-31 07:00:00,14650.0,14650.0,14450.0,14450.0,2350000,KBS
2025-01-02 07:00:00,14550.0,14650.0,14500.0,14650.0,1538700,KBS
2025-01-03 07:00:00,14550.0,14600.0,14350.0,14350.0,2202300,KBS
2025-01-06 07:00:00,14400.0,14400.0,13900.0,13900.0,3172100,KBS
2025-01-07 07:00:00,14000.0,14100.0,13450.0,13550.0,2679200,KBS
2025-01-08 07:00:00,13450.0,13950.0,13450.0,13800.0,3011800,KBS
2025-01-09 07:00:00,13800.0,13900.0,13550.0,13750.0,1449400,KBS
2025-01-10 07:00:00,13600.0,13800.0,13450.0,13600.0,2050300,KBS
2025-01-13 07:00:00,13300.0,13650.0,13300.0,13550.0,2175100,KBS
2025-01-14 07:00:00,13550.0,13650.0,13250.0,13250.0,1757600,KBS
2025-01-15 07:00:00,13250.0,14050.0,13250.0,13900.0,4689100,KBS
2025-01-16 07:00:00,14000.0,14000.0,13750.0,13900.0,1820400,KBS
2025-01-17 07:00:00,13950.0,14000.0,13750.0,13950.0,2574300,KBS
2025-01-20 07:00:00,13950.0,14000.0,13700.0,13700.0,2993300,KBS
2025-01-21 07:00:00,13700.0,13800.0,13450.0,13500.0,3175200,KBS
2025-01-22 07:00:00,13550.0,13550.0,13300.0,13300.0,2918400,KBS
2025-01-23 07:00:00,13400.0,13600.0,13250.0,13500.0,4432400,KBS
2025-01-24 07:00:00,13500.0,13550.0,13300.0,13300.0,4337600,KBS
2025-02-03 07:00:00,13400.0,13800.0,13300.0,13600.0,3807700,KBS
2025-02-04 07:00:00,13800.0,14350.0,13600.0,14250.0,9942000,KBS
2025-02-05 07:00:00,14250.0,14250.0,14050.0,14200.0,4270600,KBS
2025-02-06 07:00:00,14250.0,14250.0,14050.0,14150.0,3541700,KBS
2025-02-07 07:00:00,14100.0,14300.0,14000.0,14000.0,3939900,KBS
2025-02-10 07:00:00,13850.0,13850.0,13400.0,13500.0,10231800,KBS
2025-02-11 07:00:00,13300.0,13800.0,13300.0,13650.0,5952900,KBS
2025-02-12 07:00:00,13650.0,13750.0,13450.0,13450.0,2120600,KBS
2025-02-13 07:00:00,13450.0,13550.0,13400.0,13500.0,2812000,KBS
2025-02-14 07:00:00,13550.0,13850.0,13500.0,13700.0,4977700,KBS
2025-02-17 07:00:00,13800.0,13800.0,13600.0,13700.0,3394700,KBS
2025-02-18 07:00:00,13700.0,14000.0,13700.0,13900.0,5160500,KBS
2025-02-19 07:00:00,13950.0,14000.0,13800.0,14000.0,5660400,KBS
2025-02-20 07:00:00,14100.0,14400.0,14050.0,14200.0,8465500,KBS
2025-02-21 07:00:00,14150.0,14200.0,14000.0,14050.0,5107200,KBS
2025-02-24 07:00:00,14800.0,14800.0,14300.0,14400.0,10876000,KBS
2025-02-25 07:00:00,14400.0,14450.0,14100.0,14200.0,6330800,KBS
2025-02-26 07:00:00,14400.0,14600.0,14300.0,14450.0,7845100,KBS
2025-02-27 07:00:00,14500.0,15450.0,14450.0,15450.0,28034200,KBS
2025-02-28 07:00:00,15700.0,15900.0,15450.0,15900.0,17998800,KBS
2025-03-03 07:00:00,15950.0,16150.0,15650.0,15950.0,11446600,KBS
2025-03-04 07:00:00,15900.0,16150.0,15600.0,15750.0,13116000,KBS
2025-03-05 07:00:00,15800.0,15900.0,15500.0,15500.0,9105100,KBS
2025-03-06 07:00:00,15550.0,16100.0,15500.0,16100.0,12885800,KBS
2025-03-07 07:00:00,16050.0,16300.0,15900.0,16100.0,9692500,KBS
2025-03-10 07:00:00,16150.0,16200.0,15700.0,15800.0,9795200,KBS
2025-03-11 07:00:00,15500.0,16100.0,15400.0,16100.0,14512500,KBS
2025-03-12 07:00:00,16200.0,16350.0,15900.0,16050.0,10585000,KBS
2025-03-13 07:00:00,16100.0,16500.0,15900.0,16100.0,14403900,KBS
2025-03-14 07:00:00,16100.0,16200.0,15800.0,15900.0,7663600,KBS
2025-03-17 07:00:00,16000.0,16150.0,15800.0,16150.0,7887300,KBS
2025-03-18 07:00:00,16400.0,16450.0,15700.0,15700.0,11116300,KBS
2025-03-19 07:00:00,15600.0,15700.0,15150.0,15150.0,15361900,KBS
2025-03-20 07:00:00,15150.0,15500.0,15000.0,15450.0,7194100,KBS
2025-03-21 07:00:00,15400.0,15500.0,15250.0,15450.0,3488600,KBS
2025-03-24 07:00:00,15450.0,15450.0,15100.0,15400.0,3759900,KBS
2025-03-25 07:00:00,15500.0,15700.0,15250.0,15500.0,6934600,KBS
2025-03-26 07:00:00,15450.0,15800.0,15450.0,15500.0,8732700,KBS
2025-03-27 07:00:00,15500.0,15600.0,15200.0,15250.0,4633500,KBS
2025-03-28 07:00:00,15250.0,15350.0,15000.0,15050.0,5962400,KBS
2025-03-31 07:00:00,15050.0,15200.0,14900.0,15000.0,4626300,KBS
2025-04-01 07:00:00,15000.0,15250.0,14950.0,15150.0,6592200,KBS
2025-04-02 07:00:00,15600.0,15700.0,15200.0,15200.0,10028700,KBS
2025-04-03 07:00:00,14500.0,14800.0,14150.0,14150.0,12881800,KBS
2025-04-04 07:00:00,13200.0,13550.0,13200.0,13200.0,15714800,KBS
2025-04-08 07:00:00,12300.0,12600.0,12300.0,12300.0,4548600,KBS
2025-04-09 07:00:00,11450.0,11700.0,11450.0,11450.0,8682500,KBS
2025-04-10 07:00:00,12250.0,12250.0,12250.0,12250.0,1778300,KBS
2025-04-11 07:00:00,12200.0,12700.0,11800.0,12450.0,19241400,KBS
2025-04-14 07:00:00,12550.0,12700.0,12150.0,12300.0,7594200,KBS
2025-04-15 07:00:00,12150.0,12350.0,11800.0,11800.0,8594100,KBS
2025-04-16 07:00:00,11800.0,12100.0,11700.0,11800.0,5889000,KBS
2025-04-17 07:00:00,11800.0,11850.0,11450.0,11850.0,5269000,KBS
2025-04-18 07:00:00,12000.0,12350.0,11900.0,12050.0,8413800,KBS
2025-04-21 07:00:00,12100.0,12150.0,11850.0,11850.0,3809400,KBS
2025-04-22 07:00:00,11700.0,11850.0,11050.0,11300.0,15593100,KBS
2025-04-23 07:00:00,11650.0,12000.0,11350.0,12000.0,9112100,KBS
2025-04-24 07:00:00,12150.0,12300.0,11800.0,11900.0,6142600,KBS
2025-04-25 07:00:00,12000.0,12050.0,11750.0,11950.0,4535000,KBS
2025-04-28 07:00:00,11950.0,12250.0,11900.0,12000.0,5626700,KBS
2025-04-29 07:00:00,12000.0,12100.0,11900.0,11900.0,3220800,KBS
2025-05-05 07:00:00,12150.0,12500.0,11900.0,12350.0,7611300,KBS
2025-05-06 07:00:00,12400.0,12450.0,12150.0,12150.0,5211100,KBS
2025-05-07 07:00:00,12100.0,12300.0,12050.0,12300.0,5472500,KBS
2025-05-08 07:00:00,12450.0,12750.0,12350.0,12450.0,9088100,KBS
2025-05-09 07:00:00,12600.0,12600.0,12350.0,12350.0,4657200,KBS
2025-05-12 07:00:00,12350.0,12550.0,12050.0,12350.0,6257500,KBS
2025-05-13 07:00:00,12500.0,12700.0,12450.0,12550.0,8817100,KBS
2025-05-14 07:00:00,12600.0,12900.0,12500.0,12800.0,12236700,KBS
2025-05-15 07:00:00,12900.0,13000.0,12550.0,12850.0,7360300,KBS
2025-05-16 07:00:00,12900.0,13100.0,12700.0,12850.0,12166400,KBS
2025-05-19 07:00:00,12700.0,12850.0,12600.0,12600.0,6512600,KBS
2025-05-20 07:00:00,12600.0,12800.0,12550.0,12650.0,5294800,KBS
2025-05-21 07:00:00,12700.0,12800.0,12450.0,12600.0,6265000,KBS
2025-05-22 07:00:00,12500.0,13100.0,12500.0,12700.0,9932700,KBS
2025-05-23 07:00:00,12750.0,12900.0,12600.0,12600.0,3614800,KBS
2025-05-26 07:00:00,12700.0,12900.0,12200.0,12850.0,7885200,KBS
2025-05-27 07:00:00,12900.0,13300.0,12900.0,13100.0,11661500,KBS
2025-05-28 07:00:00,13200.0,13350.0,12950.0,13050.0,7493700,KBS
2025-05-29 07:00:00,13150.0,13250.0,13000.0,13150.0,7832600,KBS
2025-05-30 07:00:00,13250.0,13800.0,13200.0,13350.0,16629400,KBS
2025-06-02 07:00:00,12800.0,13200.0,12700.0,13150.0,11868600,KBS
2025-06-03 07:00:00,13350.0,13500.0,13050.0,13350.0,12500300,KBS
2025-06-04 07:00:00,13450.0,13800.0,13250.0,13350.0,13439600,KBS
2025-06-05 07:00:00,13350.0,13600.0,13200.0,13400.0,8222300,KBS
2025-06-06 07:00:00,13450.0,13700.0,13350.0,13400.0,12950800,KBS
2025-06-09 07:00:00,13500.0,13500.0,13100.0,13100.0,7900400,KBS
2025-06-10 07:00:00,13200.0,13350.0,12850.0,13000.0,7431000,KBS
2025-06-11 07:00:00,13050.0,13100.0,12800.0,12900.0,5178300,KBS
2025-06-12 07:00:00,13050.0,13550.0,13000.0,13300.0,9186400,KBS
2025-06-13 07:00:00,13150.0,13250.0,12850.0,13000.0,8973100,KBS
2025-06-16 07:00:00,13000.0,13250.0,12950.0,13150.0,4859500,KBS
2025-06-17 07:00:00,13250.0,13550.0,13250.0,13350.0,8641600,KBS
2025-06-18 07:00:00,13350.0,13450.0,13250.0,13300.0,5358500,KBS
2025-06-19 07:00:00,13400.0,13400.0,13050.0,13150.0,4420100,KBS
2025-06-20 07:00:00,13200.0,13300.0,13050.0,13100.0,4784700,KBS
2025-06-23 07:00:00,13000.0,13050.0,12850.0,13000.0,5152000,KBS
2025-06-24 07:00:00,13250.0,13250.0,13100.0,13200.0,3797200,KBS
2025-06-25 07:00:00,13300.0,13500.0,13250.0,13400.0,10403200,KBS
2025-06-26 07:00:00,13500.0,13500.0,13250.0,13300.0,2775200,KBS
2025-06-27 07:00:00,13350.0,13400.0,13200.0,13250.0,3884700,KBS
2025-06-30 07:00:00,13250.0,13350.0,13150.0,13200.0,5592300,KBS
2025-07-01 07:00:00,13250.0,13550.0,13200.0,13250.0,8902300,KBS
2025-07-02 07:00:00,13400.0,13600.0,13150.0,13600.0,12000500,KBS
2025-07-03 07:00:00,13800.0,14100.0,13400.0,13650.0,21822900,KBS
2025-07-04 07:00:00,13750.0,13800.0,13600.0,13650.0,8053700,KBS
2025-07-07 07:00:00,13950.0,14000.0,13600.0,13700.0,11599600,KBS
2025-07-08 07:00:00,13750.0,14150.0,13700.0,13950.0,20357700,KBS
2025-07-09 07:00:00,14050.0,14150.0,13850.0,13950.0,15122800,KBS
2025-07-10 07:00:00,13950.0,14250.0,13850.0,14000.0,14009200,KBS
2025-07-11 07:00:00,14050.0,14200.0,13750.0,13950.0,19452400,KBS
2025-07-14 07:00:00,14100.0,14100.0,13750.0,14100.0,9795400,KBS
2025-07-15 07:00:00,14200.0,14600.0,14150.0,14150.0,23774600,KBS
2025-07-16 07:00:00,14150.0,14300.0,14100.0,14200.0,9100000,KBS
2025-07-17 07:00:00,14250.0,14550.0,14200.0,14300.0,14107900,KBS
2025-07-18 07:00:00,14500.0,14500.0,14200.0,14300.0,14105800,KBS
2025-07-21 07:00:00,14350.0,14750.0,14350.0,14400.0,15980900,KBS
2025-07-22 07:00:00,14400.0,14500.0,14250.0,14450.0,8778800,KBS
2025-07-23 07:00:00,14600.0,15100.0,14550.0,14850.0,28581700,KBS
2025-07-24 07:00:00,15000.0,15000.0,14550.0,14750.0,13003500,KBS
2025-07-25 07:00:00,14850.0,15200.0,14550.0,15050.0,18328100,KBS
2025-07-28 07:00:00,15250.0,16100.0,15150.0,16100.0,36637000,KBS
2025-07-29 07:00:00,16700.0,16800.0,15800.0,16050.0,48192700,KBS
2025-07-30 07:00:00,16450.0,16750.0,16100.0,16500.0,26301700,KBS
2025-07-31 07:00:00,16550.0,16550.0,15850.0,16150.0,26579000,KBS
2025-08-01 07:00:00,16200.0,16350.0,15500.0,15500.0,20372800,KBS
2025-08-04 07:00:00,15350.0,15800.0,15250.0,15750.0,12307900,KBS
2025-08-05 07:00:00,15900.0,16750.0,15600.0,16050.0,42086000,KBS
2025-08-06 07:00:00,16200.0,16600.0,16000.0,16250.0,13225700,KBS
2025-08-07 07:00:00,16250.0,16900.0,16100.0,16850.0,28955400,KBS
2025-08-08 07:00:00,17050.0,17050.0,16300.0,16600.0,21239400,KBS
2025-08-11 07:00:00,16800.0,16900.0,16550.0,16750.0,16926900,KBS
2025-08-12 07:00:00,17000.0,17350.0,16750.0,16900.0,17532100,KBS
2025-08-13 07:00:00,17000.0,17000.0,16250.0,16600.0,23142500,KBS
2025-08-14 07:00:00,16650.0,16750.0,16400.0,16650.0,15170400,KBS
2025-08-15 07:00:00,16850.0,17450.0,16450.0,16800.0,25909900,KBS
2025-08-18 07:00:00,17300.0,17600.0,17050.0,17200.0,19685400,KBS
2025-08-19 07:00:00,17300.0,17350.0,16900.0,16950.0,18155500,KBS
2025-08-20 07:00:00,17000.0,17100.0,15800.0,16150.0,29450800,KBS
2025-08-21 07:00:00,16200.0,16350.0,15900.0,16000.0,13406100,KBS
2025-08-22 07:00:00,15850.0,16000.0,15050.0,15250.0,20100200,KBS
2025-08-25 07:00:00,15650.0,15650.0,15200.0,15300.0,7861800,KBS
2025-08-26 07:00:00,15350.0,15850.0,15300.0,15850.0,7967500,KBS
2025-08-27 07:00:00,16000.0,16100.0,15700.0,15700.0,7382000,KBS
2025-08-28 07:00:00,15700.0,16100.0,15700.0,15800.0,5955600,KBS
2025-08-29 07:00:00,15850.0,16250.0,15700.0,15850.0,10484100,KBS
2025-09-03 07:00:00,15900.0,16950.0,15900.0,16950.0,32451000,KBS
2025-09-04 07:00:00,17250.0,18100.0,17000.0,18100.0,38165500,KBS
2025-09-05 07:00:00,18650.0,18650.0,17900.0,17900.0,27016700,KBS
2025-09-08 07:00:00,17900.0,18950.0,17750.0,18150.0,43300100,KBS
2025-09-09 07:00:00,18200.0,18500.0,17350.0,17950.0,25184400,KBS
2025-09-10 07:00:00,18000.0,18400.0,17500.0,17900.0,19763200,KBS
2025-09-11 07:00:00,17600.0,19150.0,17350.0,19150.0,38697600,KBS
2025-09-12 07:00:00,19750.0,20400.0,19450.0,19600.0,23331200,KBS
2025-09-15 07:00:00,20000.0,20250.0,19450.0,19700.0,20079600,KBS
2025-09-16 07:00:00,19750.0,20000.0,19400.0,19500.0,22122100,KBS
2025-09-17 07:00:00,19300.0,20200.0,19200.0,19350.0,16912200,KBS
2025-09-18 07:00:00,19400.0,20250.0,18900.0,19900.0,22034500,KBS
2025-09-19 07:00:00,20100.0,20100.0,19500.0,19600.0,10464500,KBS
2025-09-22 07:00:00,19500.0,19600.0,18250.0,18250.0,44018500,KBS
2025-09-23 07:00:00,18250.0,18450.0,18000.0,18050.0,10371600,KBS
2025-09-24 07:00:00,18200.0,18500.0,18000.0,18450.0,10387600,KBS
2025-09-25 07:00:00,18500.0,18800.0,18450.0,18450.0,10689100,KBS
2025-09-26 07:00:00,18500.0,19050.0,18200.0,18300.0,16648900,KBS
2025-09-29 07:00:00,18300.0,18500.0,18150.0,18150.0,8920200,KBS
2025-09-30 07:00:00,18150.0,18250.0,17000.0,17600.0,21021300,KBS
2025-10-01 07:00:00,17650.0,17800.0,17500.0,17650.0,6893600,KBS
2025-10-02 07:00:00,17800.0,17900.0,17100.0,17100.0,8847500,KBS
2025-10-03 07:00:00,17050.0,17100.0,16600.0,16700.0,12484100,KBS
2025-10-06 07:00:00,16900.0,17800.0,16850.0,17650.0,7403200,KBS
2025-10-07 07:00:00,17800.0,17800.0,17300.0,17300.0,7089200,KBS
2025-10-08 07:00:00,17600.0,17750.0,17200.0,17700.0,10543900,KBS
2025-10-09 07:00:00,17900.0,18000.0,17600.0,17750.0,7860900,KBS
2025-10-10 07:00:00,17900.0,18200.0,17800.0,17900.0,9932100,KBS
2025-10-13 07:00:00,17500.0,17700.0,17150.0,17400.0,16689700,KBS
2025-10-14 07:00:00,17500.0,17700.0,16950.0,17000.0,16808500,KBS
2025-10-15 07:00:00,16900.0,17300.0,16850.0,17000.0,7885500,KBS
2025-10-16 07:00:00,17150.0,17500.0,16850.0,17450.0,10579000,KBS
2025-10-17 07:00:00,17550.0,18150.0,17450.0,17750.0,22547000,KBS
2025-10-20 07:00:00,17800.0,17900.0,16550.0,16550.0,14363300,KBS
2025-10-21 07:00:00,16500.0,16550.0,15550.0,15850.0,18560600,KBS
2025-10-22 07:00:00,16200.0,16200.0,15400.0,16100.0,9110500,KBS
2025-10-23 07:00:00,15950.0,16250.0,15900.0,15900.0,5269200,KBS
2025-10-24 07:00:00,15750.0,15950.0,15500.0,15500.0,6589400,KBS
2025-10-27 07:00:00,15650.0,16200.0,15600.0,15700.0,5912600,KBS
2025-10-28 07:00:00,15650.0,16200.0,15650.0,16200.0,5471000,KBS
2025-10-29 07:00:00,16300.0,16550.0,16100.0,16250.0,5613000,KBS
2025-10-30 07:00:00,16250.0,16350.0,15900.0,15950.0,4217400,KBS
2025-10-31 07:00:00,15900.0,16300.0,15900.0,16000.0,5543400,KBS
2025-11-03 07:00:00,16050.0,16900.0,15900.0,16200.0,12910700,KBS
2025-11-04 07:00:00,16250.0,16800.0,15800.0,16800.0,12613500,KBS
2025-11-05 07:00:00,16750.0,17150.0,16650.0,16950.0,10941800,KBS
2025-11-06 07:00:00,17100.0,17100.0,16600.0,16750.0,6073700,KBS
2025-11-07 07:00:00,16750.0,17300.0,16500.0,16700.0,13715400,KBS
2025-11-10 07:00:00,16600.0,17150.0,16050.0,16350.0,8278900,KBS
2025-11-11 07:00:00,16600.0,16750.0,16300.0,16450.0,4304900,KBS
2025-11-12 07:00:00,16600.0,17150.0,16600.0,17100.0,12050300,KBS
2025-11-13 07:00:00,17100.0,17100.0,16850.0,16950.0,5945200,KBS
2025-11-14 07:00:00,16900.0,17350.0,16850.0,17050.0,9888100,KBS
2025-11-17 07:00:00,17100.0,17300.0,16950.0,17250.0,7452500,KBS
2025-11-18 07:00:00,17400.0,17600.0,17200.0,17250.0,11733300,KBS
2025-11-19 07:00:00,17250.0,17650.0,16800.0,17200.0,10692900,KBS
2025-11-20 07:00:00,17150.0,17200.0,16600.0,16800.0,6594200,KBS
2025-11-21 07:00:00,16700.0,16750.0,16200.0,16500.0,9935800,KBS
2025-11-24 07:00:00,16600.0,16700.0,16400.0,16400.0,2858900,KBS
2025-11-25 07:00:00,16350.0,16650.0,16000.0,16100.0,5435400,KBS
2025-11-26 07:00:00,16100.0,16600.0,16100.0,16600.0,3703200,KBS
2025-11-27 07:00:00,16650.0,16650.0,16350.0,16350.0,3240000,KBS
2025-11-28 07:00:00,16350.0,16450.0,16100.0,16200.0,3637800,KBS
2025-12-01 07:00:00,16350.0,16350.0,16000.0,16000.0,3643400,KBS
2025-12-02 07:00:00,16200.0,16200.0,15600.0,15950.0,5231300,KBS
2025-12-03 07:00:00,15800.0,16250.0,15800.0,16050.0,3219000,KBS
2025-12-04 07:00:00,16150.0,16450.0,16150.0,16300.0,4450400,KBS
2025-12-05 07:00:00,16350.0,16400.0,16100.0,16100.0,2980400,KBS
2025-12-08 07:00:00,16050.0,16200.0,15700.0,15750.0,3816400,KBS
2025-12-09 07:00:00,15800.0,15850.0,15200.0,15650.0,7176700,KBS
2025-12-10 07:00:00,15750.0,15900.0,15600.0,15600.0,2179500,KBS
2025-12-11 07:00:00,15600.0,15800.0,15500.0,15600.0,2038800,KBS
2025-12-12 07:00:00,15500.0,15600.0,14550.0,14600.0,7419000,KBS
2025-12-15 07:00:00,14600.0,14950.0,14500.0,14600.0,3657400,KBS
2025-12-16 07:00:00,14750.0,15250.0,14300.0,15000.0,4385300,KBS
2025-12-17 07:00:00,15000.0,15150.0,15000.0,15000.0,2194400,KBS
2025-12-18 07:00:00,15100.0,15100.0,14900.0,14950.0,1477300,KBS
2025-12-19 07:00:00,14900.0,15200.0,14900.0,15000.0,2487100,KBS
2025-12-22 07:00:00,15250.0,15300.0,15000.0,15300.0,3416700,KBS
2025-12-23 07:00:00,15350.0,15500.0,15100.0,15150.0,3778900,KBS
2025-12-24 07:00:00,15150.0,15250.0,15100.0,15200.0,1994900,KBS
2025-12-25 07:00:00,15200.0,15300.0,14950.0,14950.0,3086800,KBS
2025-12-26 07:00:00,15300.0,15650.0,15000.0,15300.0,6410800,KBS
2025-12-29 07:00:00,15400.0,15400.0,15150.0,15200.0,1935600,KBS
2025-12-30 07:00:00,15100.0,15300.0,15000.0,15000.0,2445700,KBS
2025-12-31 07:00:00,15000.0,15100.0,14850.0,14850.0,2687800,KBS
2026-01-05 07:00:00,14850.0,15000.0,14400.0,14550.0,3653300,KBS
2026-01-06 07:00:00,14550.0,14800.0,14250.0,14450.0,3606200,KBS
2026-01-07 07:00:00,14500.0,15100.0,14500.0,15000.0,3346500,KBS
2026-01-08 07:00:00,15050.0,15200.0,14800.0,14950.0,4511000,KBS
2026-01-09 07:00:00,15000.0,15050.0,14650.0,14800.0,4497600,KBS
2026-01-12 07:00:00,14700.0,15650.0,14650.0,15550.0,10265700,KBS
2026-01-13 07:00:00,15800.0,15800.0,15350.0,15500.0,5132100,KBS
2026-01-14 07:00:00,15550.0,15950.0,15350.0,15600.0,7443300,KBS
2026-01-15 07:00:00,15600.0,16300.0,15550.0,16150.0,14197000,KBS
2026-01-16 07:00:00,16300.0,16500.0,15900.0,16150.0,7265600,KBS
2026-01-19 07:00:00,16200.0,16300.0,15750.0,15800.0,6203700,KBS
2026-01-20 07:00:00,15900.0,15900.0,15450.0,15500.0,6466000,KBS
2026-01-21 07:00:00,15400.0,15600.0,15100.0,15200.0,5627600,KBS
2026-01-22 07:00:00,15200.0,15800.0,15200.0,15450.0,3553800,KBS
2026-01-23 07:00:00,15550.0,15750.0,15250.0,15350.0,2597800,KBS
2026-01-26 07:00:00,15400.0,15450.0,14650.0,14850.0,5144000,KBS
2026-01-27 07:00:00,14900.0,14950.0,14700.0,14850.0,2841200,KBS
2026-01-28 07:00:00,14850.0,15200.0,14850.0,15150.0,3150600,KBS
2026-01-29 07:00:00,15200.0,15600.0,15200.0,15300.0,4224800,KBS
2026-01-30 07:00:00,15450.0,15700.0,15200.0,15200.0,3550700,KBS
2026-02-02 07:00:00,15100.0,15100.0,14650.0,14900.0,5540400,KBS
2026-02-03 07:00:00,14850.0,15150.0,14850.0,14950.0,3840700,KBS
2026-02-04 07:00:00,14950.0,15950.0,14950.0,15550.0,11676300,KBS
2026-02-05 07:00:00,15650.0,15700.0,15300.0,15300.0,3230900,KBS
2026-02-06 07:00:00,15100.0,15650.0,14650.0,14650.0,7141200,KBS
2026-02-09 07:00:00,14800.0,14900.0,14700.0,14750.0,3286300,KBS
2026-02-10 07:00:00,14900.0,14900.0,14650.0,14750.0,2044000,KBS
2026-02-11 07:00:00,14800.0,15050.0,14750.0,14950.0,3074300,KBS
2026-02-12 07:00:00,15150.0,15150.0,14950.0,14950.0,1832500,KBS
2026-02-13 07:00:00,15000.0,15100.0,14900.0,14950.0,1834700,KBS
2026-02-23 07:00:00,15000.0,15450.0,15000.0,15350.0,4010100,KBS
2026-02-24 07:00:00,15400.0,16050.0,15400.0,15900.0,12434000,KBS
2026-02-25 07:00:00,15950.0,16500.0,15900.0,16150.0,11711200,KBS
2026-02-26 07:00:00,16250.0,16250.0,15750.0,16150.0,6166700,KBS
2026-02-27 07:00:00,16200.0,16250.0,15750.0,15800.0,6867100,KBS
2026-03-02 07:00:00,15250.0,16150.0,15200.0,15600.0,12738200,KBS
2026-03-03 07:00:00,15600.0,15900.0,15350.0,15400.0,7396100,KBS
2026-03-04 07:00:00,15250.0,15500.0,14400.0,15000.0,12060100,KBS
2026-03-05 07:00:00,15100.0,15300.0,14700.0,14700.0,6088900,KBS
2026-03-06 07:00:00,14700.0,14950.0,14350.0,14500.0,6683900,KBS
2026-03-09 07:00:00,13500.0,13650.0,13500.0,13500.0,4359700,KBS
2026-03-10 07:00:00,13600.0,14250.0,13500.0,14000.0,10011700,KBS
2026-03-11 07:00:00,14150.0,14400.0,13900.0,14300.0,4724400,KBS
2026-03-12 07:00:00,14200.0,14500.0,13900.0,13900.0,6087800,KBS
2026-03-13 07:00:00,13800.0,14250.0,13600.0,13900.0,4304500,KBS
2026-03-16 07:00:00,13900.0,14200.0,13900.0,14000.0,2238900,KBS
2026-03-17 07:00:00,14250.0,14300.0,14050.0,14050.0,3235200,KBS
2026-03-18 07:00:00,14000.0,14300.0,13800.0,13850.0,3811100,KBS
2026-03-19 07:00:00,13650.0,13950.0,13550.0,13700.0,4378400,KBS
2026-03-20 07:00:00,13700.0,13800.0,13550.0,13750.0,3231500,KBS
2026-03-23 07:00:00,13550.0,13600.0,12850.0,12850.0,6481500,KBS
2026-03-24 07:00:00,13300.0,13400.0,13050.0,13150.0,3255500,KBS
2026-03-25 07:00:00,13250.0,13500.0,13250.0,13400.0,2834500,KBS
2026-03-26 07:00:00,13500.0,13700.0,13350.0,13350.0,3367400,KBS
2026-03-27 07:00:00,13450.0,13800.0,13300.0,13800.0,3679600,KBS
2026-03-30 07:00:00,13400.0,14100.0,13350.0,13900.0,4607200,KBS
2026-03-31 07:00:00,14050.0,14150.0,13800.0,13850.0,3555300,KBS
2026-04-01 07:00:00,14150.0,14150.0,13850.0,13900.0,2983400,KBS
2026-04-02 07:00:00,13800.0,14200.0,13700.0,13800.0,5846600,KBS
2026-04-03 07:00:00,14000.0,14000.0,13600.0,13600.0,2199600,KBS
2026-04-06 07:00:00,13500.0,13850.0,13400.0,13450.0,2762100,KBS
2026-04-07 07:00:00,13450.0,13650.0,13400.0,13550.0,2066200,KBS
2026-04-08 07:00:00,14050.0,14150.0,13800.0,14150.0,5511300,KBS
2026-04-09 07:00:00,14050.0,14650.0,13900.0,14400.0,7533600,KBS
2026-04-10 07:00:00,14600.0,14650.0,14250.0,14250.0,3256000,KBS
2026-04-13 07:00:00,14000.0,14400.0,14000.0,14100.0,3459100,KBS
2026-04-14 07:00:00,14350.0,15050.0,14150.0,15050.0,13074700,KBS
2026-04-15 07:00:00,15250.0,15350.0,14750.0,14800.0,7230800,KBS
2026-04-16 07:00:00,14850.0,14950.0,14500.0,14800.0,6900500,KBS
2026-04-17 07:00:00,14800.0,14850.0,14650.0,14700.0,3883000,KBS
2026-04-20 07:00:00,14800.0,15100.0,14700.0,14750.0,3601200,KBS
2026-04-21 07:00:00,15000.0,15200.0,14500.0,14500.0,10303600,KBS
2026-04-22 07:00:00,14650.0,14650.0,14450.0,14500.0,3161900,KBS
2026-04-23 07:00:00,14500.0,14600.0,14200.0,14500.0,5113500,KBS
2026-04-24 07:00:00,14500.0,14600.0,14300.0,14450.0,2829500,KBS
2026-04-28 07:00:00,14400.0,14550.0,14300.0,14300.0,2966500,KBS
2026-04-29 07:00:00,14300.0,14450.0,14250.0,14350.0,2679300,KBS
2026-05-04 07:00:00,14400.0,14650.0,14350.0,14400.0,2310900,KBS
2026-05-05 07:00:00,14400.0,14400.0,14050.0,14050.0,2916700,KBS
2026-05-06 07:00:00,14100.0,14350.0,13900.0,14350.0,2932100,KBS
2026-05-07 07:00:00,14500.0,14550.0,14200.0,14300.0,2535700,KBS
2026-05-08 07:00:00,14250.0,14300.0,14100.0,14150.0,1983300,KBS
2026-05-11 07:00:00,14100.0,14250.0,13800.0,13800.0,5456100,KBS
2026-05-12 07:00:00,13750.0,13950.0,13750.0,13850.0,2640800,KBS
2026-05-13 07:00:00,13900.0,13950.0,13750.0,13950.0,2027000,KBS
2026-05-14 07:00:00,13950.0,14150.0,13900.0,13900.0,1904300,KBS
2026-05-15 07:00:00,13850.0,14000.0,13800.0,13800.0,1932800,KBS
2026-05-18 07:00:00,13750.0,13900.0,13700.0,13700.0,1431100,KBS
2026-05-19 07:00:00,13800.0,13850.0,13700.0,13700.0,1585800,KBS
2026-05-20 07:00:00,13700.0,13850.0,13150.0,13550.0,3106500,KBS
2026-05-21 07:00:00,13550.0,13950.0,13550.0,13700.0,2419600,KBS
2026-05-22 07:00:00,13850.0,14300.0,13700.0,13900.0,4069000,KBS
2026-05-25 07:00:00,13950.0,14100.0,13800.0,13850.0,1288500,KBS
2026-05-26 07:00:00,13850.0,14200.0,13800.0,14050.0,3043500,KBS
2026-05-27 07:00:00,14200.0,14200.0,13950.0,13950.0,3376600,KBS
2026-05-28 07:00:00,14050.0,14050.0,13700.0,13700.0,1724000,KBS
2026-05-29 07:00:00,13700.0,13850.0,13600.0,13650.0,1265300,KBS
2026-06-01 07:00:00,13700.0,13750.0,13600.0,13650.0,1171400,KBS
2026-06-02 07:00:00,13600.0,13700.0,13450.0,13600.0,1965400,KBS
2026-06-03 07:00:00,13500.0,13700.0,13450.0,13650.0,1499600,KBS
2026-06-04 07:00:00,13550.0,13700.0,13500.0,13550.0,822400,KBS
2026-06-05 07:00:00,13550.0,13700.0,13500.0,13600.0,1227000,KBS
