date,open,high,low,close,volume,_source
2020-01-02 07:00:00,18659.0,18727.0,18320.0,18659.0,469670,KBS
2020-01-03 07:00:00,18626.0,18659.0,18286.0,18320.0,461720,KBS
2020-01-06 07:00:00,18524.0,18524.0,18049.0,18117.0,183360,KBS
2020-01-07 07:00:00,18117.0,18320.0,17981.0,17981.0,247700,KBS
2020-01-08 07:00:00,17981.0,18049.0,17845.0,17879.0,194830,KBS
2020-01-09 07:00:00,17947.0,18049.0,17743.0,17845.0,331280,KBS
2020-01-10 07:00:00,17845.0,17947.0,17370.0,17845.0,545400,KBS
2020-01-13 07:00:00,17879.0,18354.0,17879.0,18354.0,703210,KBS
2020-01-14 07:00:00,18354.0,18456.0,18252.0,18422.0,162990,KBS
2020-01-15 07:00:00,18320.0,18388.0,18252.0,18320.0,120260,KBS
2020-01-16 07:00:00,18320.0,18388.0,18151.0,18354.0,190870,KBS
2020-01-17 07:00:00,18354.0,18388.0,18252.0,18320.0,140900,KBS
2020-01-20 07:00:00,18320.0,18795.0,18286.0,18727.0,589750,KBS
2020-01-21 07:00:00,18863.0,19168.0,18626.0,18999.0,1177760,KBS
2020-01-22 07:00:00,18999.0,19168.0,18863.0,19067.0,1231370,KBS
2020-01-30 07:00:00,18795.0,18931.0,18422.0,18592.0,303480,KBS
2020-01-31 07:00:00,18626.0,18626.0,17743.0,17981.0,394740,KBS
2020-02-03 07:00:00,17777.0,17777.0,16963.0,17506.0,349490,KBS
2020-02-04 07:00:00,17268.0,17777.0,17268.0,17506.0,200300,KBS
2020-02-05 07:00:00,17540.0,17710.0,17370.0,17506.0,140720,KBS
2020-02-06 07:00:00,17506.0,17845.0,17370.0,17845.0,405010,KBS
2020-02-07 07:00:00,17777.0,17879.0,17642.0,17879.0,274290,KBS
2020-02-10 07:00:00,17811.0,17845.0,17574.0,17777.0,197640,KBS
2020-02-11 07:00:00,17710.0,17777.0,17642.0,17710.0,140730,KBS
2020-02-12 07:00:00,17676.0,18388.0,17642.0,18184.0,1235900,KBS
2020-02-13 07:00:00,18049.0,18286.0,18049.0,18218.0,326730,KBS
2020-02-14 07:00:00,18252.0,18286.0,18049.0,18252.0,234580,KBS
2020-02-17 07:00:00,18320.0,18320.0,17981.0,18184.0,307950,KBS
2020-02-18 07:00:00,18117.0,18218.0,17506.0,17777.0,684280,KBS
2020-02-19 07:00:00,17608.0,17913.0,17336.0,17845.0,995040,KBS
2020-02-20 07:00:00,18083.0,18083.0,17506.0,17642.0,514830,KBS
2020-02-21 07:00:00,17642.0,17642.0,17336.0,17642.0,690540,KBS
2020-02-24 07:00:00,17268.0,17540.0,16692.0,16692.0,512860,KBS
2020-02-25 07:00:00,16352.0,16929.0,16251.0,16929.0,718300,KBS
2020-02-26 07:00:00,16624.0,17133.0,16420.0,16760.0,356250,KBS
2020-02-27 07:00:00,16590.0,17201.0,16590.0,17167.0,466180,KBS
2020-02-28 07:00:00,16895.0,17099.0,16827.0,16963.0,278550,KBS
2020-03-02 07:00:00,17031.0,17370.0,16760.0,17370.0,571760,KBS
2020-03-03 07:00:00,17472.0,17608.0,17404.0,17506.0,500350,KBS
2020-03-04 07:00:00,17370.0,17540.0,17167.0,17506.0,321710,KBS
2020-03-05 07:00:00,17540.0,17981.0,17472.0,17811.0,790700,KBS
2020-03-06 07:00:00,17710.0,17811.0,17574.0,17777.0,532640,KBS
2020-03-09 07:00:00,16827.0,17235.0,16556.0,16556.0,437290,KBS
2020-03-10 07:00:00,16285.0,16895.0,16285.0,16454.0,470750,KBS
2020-03-11 07:00:00,16692.0,16760.0,15403.0,15945.0,520290,KBS
2020-03-12 07:00:00,15403.0,15606.0,14860.0,14995.0,758880,KBS
2020-03-13 07:00:00,13978.0,16013.0,13978.0,16013.0,882880,KBS
2020-03-16 07:00:00,15810.0,15810.0,14894.0,14928.0,867980,KBS
2020-03-17 07:00:00,13910.0,14995.0,13910.0,14995.0,585440,KBS
2020-03-18 07:00:00,14928.0,15199.0,14045.0,14520.0,703020,KBS
2020-03-19 07:00:00,14520.0,14520.0,13537.0,14249.0,851900,KBS
2020-03-20 07:00:00,14147.0,14147.0,13672.0,13842.0,363190,KBS
2020-03-23 07:00:00,13842.0,13842.0,12892.0,12892.0,369450,KBS
2020-03-24 07:00:00,12349.0,12553.0,12010.0,12553.0,1176690,KBS
2020-03-25 07:00:00,12858.0,13401.0,12621.0,13401.0,1986010,KBS
2020-03-26 07:00:00,13401.0,14317.0,13163.0,13910.0,1425820,KBS
2020-03-27 07:00:00,13910.0,14045.0,13333.0,13774.0,650050,KBS
2020-03-30 07:00:00,13231.0,13571.0,12824.0,13367.0,609550,KBS
2020-03-31 07:00:00,13163.0,13842.0,12519.0,13571.0,986130,KBS
2020-04-01 07:00:00,13571.0,14113.0,13096.0,14113.0,704420,KBS
2020-04-03 07:00:00,14113.0,14113.0,13503.0,13571.0,1355190,KBS
2020-04-06 07:00:00,13876.0,13910.0,13435.0,13571.0,1193250,KBS
2020-04-07 07:00:00,13571.0,13910.0,13401.0,13910.0,2042330,KBS
2020-04-08 07:00:00,13910.0,14385.0,13672.0,14385.0,1408560,KBS
2020-04-09 07:00:00,14520.0,14792.0,14520.0,14656.0,1011720,KBS
2020-04-10 07:00:00,14690.0,14792.0,14385.0,14690.0,1578520,KBS
2020-04-13 07:00:00,14690.0,14724.0,14520.0,14520.0,918960,KBS
2020-04-14 07:00:00,14453.0,14656.0,13638.0,14045.0,1599930,KBS
2020-04-15 07:00:00,14113.0,14520.0,14079.0,14487.0,629440,KBS
2020-04-16 07:00:00,14487.0,14487.0,14113.0,14249.0,631360,KBS
2020-04-17 07:00:00,14249.0,14487.0,14181.0,14453.0,701750,KBS
2020-04-20 07:00:00,14317.0,14928.0,14317.0,14792.0,1182210,KBS
2020-04-21 07:00:00,14588.0,14656.0,14113.0,14588.0,1464630,KBS
2020-04-22 07:00:00,14351.0,14656.0,14317.0,14622.0,629620,KBS
2020-04-23 07:00:00,14792.0,14792.0,14520.0,14690.0,901490,KBS
2020-04-24 07:00:00,14588.0,14724.0,14487.0,14656.0,707590,KBS
2020-04-27 07:00:00,14690.0,14724.0,14385.0,14554.0,413810,KBS
2020-04-28 07:00:00,14588.0,14656.0,14317.0,14656.0,374620,KBS
2020-04-29 07:00:00,15267.0,15267.0,14487.0,15267.0,981800,KBS
2020-05-04 07:00:00,15267.0,15301.0,14928.0,15267.0,1723340,KBS
2020-05-05 07:00:00,15131.0,15470.0,14928.0,15199.0,384290,KBS
2020-05-06 07:00:00,15267.0,15267.0,15029.0,15233.0,337450,KBS
2020-05-07 07:00:00,15233.0,15233.0,14928.0,15131.0,770090,KBS
2020-05-08 07:00:00,15165.0,15708.0,14928.0,15606.0,1481880,KBS
2020-05-11 07:00:00,16013.0,16081.0,15470.0,16013.0,1055830,KBS
2020-05-12 07:00:00,16149.0,16488.0,15606.0,16488.0,1508710,KBS
2020-05-13 07:00:00,16488.0,17031.0,16047.0,16726.0,1640120,KBS
2020-05-14 07:00:00,16488.0,16760.0,16488.0,16760.0,852830,KBS
2020-05-15 07:00:00,16760.0,16760.0,15606.0,16420.0,2346140,KBS
2020-05-18 07:00:00,16420.0,16420.0,15538.0,15945.0,1193610,KBS
2020-05-19 07:00:00,16149.0,16285.0,15742.0,16217.0,1145470,KBS
2020-05-20 07:00:00,16217.0,16217.0,15810.0,16081.0,835660,KBS
2020-05-21 07:00:00,15742.0,16183.0,15742.0,16013.0,1189550,KBS
2020-05-22 07:00:00,16013.0,16081.0,15572.0,15606.0,813420,KBS
2020-05-25 07:00:00,15878.0,15878.0,15606.0,15640.0,410850,KBS
2020-05-26 07:00:00,15878.0,16183.0,15640.0,16013.0,1053500,KBS
2020-05-27 07:00:00,16013.0,16285.0,15708.0,15708.0,990530,KBS
2020-05-28 07:00:00,15742.0,15911.0,15674.0,15844.0,805560,KBS
2020-05-29 07:00:00,15844.0,15844.0,15572.0,15742.0,955580,KBS
2020-06-01 07:00:00,15742.0,16081.0,15742.0,15979.0,767560,KBS
2020-06-02 07:00:00,16081.0,16149.0,15403.0,15979.0,1095790,KBS
2020-06-03 07:00:00,15979.0,16081.0,15878.0,16013.0,652800,KBS
2020-06-04 07:00:00,16013.0,16624.0,15810.0,16488.0,1536300,KBS
2020-06-05 07:00:00,16592.0,16765.0,16246.0,16765.0,818430,KBS
2020-06-08 07:00:00,16765.0,16938.0,16523.0,16765.0,1379870,KBS
2020-06-09 07:00:00,16799.0,17041.0,16488.0,16799.0,1663490,KBS
2020-06-10 07:00:00,16799.0,17767.0,16626.0,17698.0,3523820,KBS
2020-06-11 07:00:00,17698.0,17975.0,16938.0,17283.0,2572050,KBS
2020-06-12 07:00:00,16938.0,17283.0,16384.0,17283.0,1338480,KBS
2020-06-15 07:00:00,17283.0,17421.0,16592.0,17076.0,1621460,KBS
2020-06-16 07:00:00,17214.0,17214.0,16730.0,17214.0,656970,KBS
2020-06-17 07:00:00,17283.0,17283.0,16972.0,17214.0,734070,KBS
2020-06-18 07:00:00,17214.0,17214.0,16972.0,17214.0,529920,KBS
2020-06-19 07:00:00,17076.0,17629.0,17007.0,17560.0,2309140,KBS
2020-06-22 07:00:00,17560.0,17594.0,17249.0,17525.0,854190,KBS
2020-06-23 07:00:00,17525.0,17525.0,17145.0,17283.0,2360900,KBS
2020-06-24 07:00:00,17283.0,17283.0,17007.0,17007.0,1246790,KBS
2020-06-25 07:00:00,16938.0,17145.0,16592.0,17145.0,1979060,KBS
2020-06-26 07:00:00,17214.0,17387.0,17041.0,17352.0,908690,KBS
2020-06-29 07:00:00,17352.0,17352.0,16868.0,17076.0,717540,KBS
2020-06-30 07:00:00,17249.0,17249.0,16730.0,16938.0,566050,KBS
2020-07-01 07:00:00,16938.0,17283.0,16834.0,17214.0,1063210,KBS
2020-07-02 07:00:00,17352.0,17560.0,17076.0,17421.0,1039100,KBS
2020-07-03 07:00:00,17560.0,17629.0,17283.0,17525.0,1941940,KBS
2020-07-06 07:00:00,17629.0,17663.0,17421.0,17594.0,893910,KBS
2020-07-07 07:00:00,17698.0,17698.0,17283.0,17560.0,781250,KBS
2020-07-08 07:00:00,17421.0,17594.0,17214.0,17421.0,861650,KBS
2020-07-09 07:00:00,17421.0,17905.0,17283.0,17905.0,2041610,KBS
2020-07-10 07:00:00,17905.0,17905.0,17491.0,17871.0,1355590,KBS
2020-07-13 07:00:00,17871.0,17905.0,17456.0,17629.0,1066520,KBS
2020-07-14 07:00:00,17491.0,17629.0,17283.0,17629.0,1222700,KBS
2020-07-15 07:00:00,17802.0,17802.0,17421.0,17594.0,342400,KBS
2020-07-16 07:00:00,17560.0,17629.0,17318.0,17387.0,415710,KBS
2020-07-17 07:00:00,17318.0,17525.0,17214.0,17525.0,328420,KBS
2020-07-20 07:00:00,17525.0,17525.0,17249.0,17421.0,498990,KBS
2020-07-21 07:00:00,17421.0,17491.0,17214.0,17491.0,749500,KBS
2020-07-22 07:00:00,17283.0,17629.0,17283.0,17560.0,510260,KBS
2020-07-23 07:00:00,17560.0,17629.0,17352.0,17594.0,901520,KBS
2020-07-24 07:00:00,17594.0,17871.0,17076.0,17767.0,2479900,KBS
2020-07-27 07:00:00,17283.0,17802.0,17214.0,17560.0,1171180,KBS
2020-07-28 07:00:00,17560.0,17733.0,17076.0,17698.0,845820,KBS
2020-07-29 07:00:00,17698.0,17836.0,17145.0,17421.0,899150,KBS
2020-07-30 07:00:00,17421.0,17560.0,17214.0,17491.0,934340,KBS
2020-07-31 07:00:00,17421.0,17629.0,17145.0,17283.0,1215660,KBS
2020-08-03 07:00:00,17283.0,17560.0,17076.0,17491.0,390430,KBS
2020-08-04 07:00:00,17594.0,17629.0,17421.0,17491.0,284970,KBS
2020-08-05 07:00:00,17560.0,17802.0,17352.0,17698.0,1445660,KBS
2020-08-06 07:00:00,17698.0,17733.0,17525.0,17733.0,1491340,KBS
2020-08-07 07:00:00,17733.0,17871.0,17594.0,17871.0,896380,KBS
2020-08-10 07:00:00,17871.0,18424.0,17836.0,18389.0,3250140,KBS
2020-08-11 07:00:00,18458.0,18562.0,18113.0,18458.0,1455400,KBS
2020-08-12 07:00:00,18458.0,18562.0,18320.0,18528.0,1310690,KBS
2020-08-13 07:00:00,18528.0,18528.0,18251.0,18528.0,1186960,KBS
2020-08-14 07:00:00,18528.0,18528.0,18113.0,18320.0,1548760,KBS
2020-08-17 07:00:00,18320.0,18320.0,18044.0,18251.0,983440,KBS
2020-08-18 07:00:00,18216.0,18251.0,18044.0,18251.0,843930,KBS
2020-08-19 07:00:00,18286.0,18528.0,18113.0,18493.0,1138740,KBS
2020-08-20 07:00:00,18493.0,18666.0,18424.0,18597.0,921560,KBS
2020-08-21 07:00:00,18597.0,18873.0,18597.0,18804.0,1665010,KBS
2020-08-24 07:00:00,18839.0,19012.0,18735.0,18908.0,1462920,KBS
2020-08-25 07:00:00,18804.0,19115.0,18770.0,18908.0,1154590,KBS
2020-08-26 07:00:00,18804.0,19046.0,18770.0,18977.0,2065570,KBS
2020-08-27 07:00:00,19046.0,19357.0,18977.0,19081.0,1540420,KBS
2020-08-28 07:00:00,19081.0,19357.0,19012.0,19288.0,972030,KBS
2020-08-31 07:00:00,19288.0,19288.0,18977.0,19081.0,1622660,KBS
2020-09-01 07:00:00,18942.0,19150.0,18942.0,19115.0,619470,KBS
2020-09-03 07:00:00,19323.0,19323.0,18908.0,18977.0,1389070,KBS
2020-09-04 07:00:00,18804.0,19081.0,18735.0,19081.0,893190,KBS
2020-09-07 07:00:00,19081.0,19219.0,18873.0,19081.0,884940,KBS
2020-09-08 07:00:00,19081.0,19081.0,18735.0,19012.0,989210,KBS
2020-09-09 07:00:00,19012.0,19012.0,18735.0,18942.0,522540,KBS
2020-09-10 07:00:00,18977.0,19046.0,18839.0,19012.0,1079270,KBS
2020-09-11 07:00:00,19012.0,19461.0,18908.0,19357.0,1553260,KBS
2020-09-14 07:00:00,19530.0,19530.0,19219.0,19323.0,1199880,KBS
2020-09-15 07:00:00,19357.0,19668.0,19323.0,19530.0,1059600,KBS
2020-09-16 07:00:00,19634.0,19668.0,19392.0,19634.0,1429050,KBS
2020-09-17 07:00:00,19703.0,19703.0,19426.0,19495.0,542790,KBS
2020-09-18 07:00:00,19495.0,19703.0,19426.0,19703.0,545370,KBS
2020-09-21 07:00:00,19703.0,19807.0,19288.0,19357.0,927840,KBS
2020-09-22 07:00:00,19357.0,19495.0,19219.0,19426.0,954220,KBS
2020-09-23 07:00:00,19634.0,19634.0,19392.0,19426.0,789960,KBS
2020-09-24 07:00:00,19426.0,19654.0,19237.0,19313.0,747660,KBS
2020-09-25 07:00:00,19464.0,19464.0,19199.0,19313.0,940370,KBS
2020-09-28 07:00:00,19275.0,19426.0,19237.0,19388.0,993300,KBS
2020-09-29 07:00:00,19540.0,19540.0,18934.0,19388.0,867740,KBS
2020-09-30 07:00:00,19388.0,19540.0,19275.0,19502.0,603070,KBS
2020-10-01 07:00:00,19540.0,20032.0,19388.0,19881.0,1111310,KBS
2020-10-02 07:00:00,19994.0,19994.0,19502.0,19691.0,658230,KBS
2020-10-05 07:00:00,19994.0,20259.0,19691.0,20070.0,1236080,KBS
2020-10-06 07:00:00,20222.0,20297.0,19691.0,19994.0,853490,KBS
2020-10-07 07:00:00,19919.0,20146.0,19843.0,20108.0,670310,KBS
2020-10-08 07:00:00,20108.0,20184.0,19994.0,20070.0,848360,KBS
2020-10-09 07:00:00,20070.0,20184.0,19919.0,20184.0,867790,KBS
2020-10-12 07:00:00,20184.0,20184.0,19843.0,20070.0,842900,KBS
2020-10-13 07:00:00,20070.0,20146.0,19994.0,20146.0,648230,KBS
2020-10-14 07:00:00,20146.0,20146.0,20032.0,20070.0,455860,KBS
2020-10-15 07:00:00,20070.0,20222.0,19994.0,20070.0,753280,KBS
2020-10-16 07:00:00,20070.0,20184.0,19994.0,20108.0,916060,KBS
2020-10-19 07:00:00,20108.0,20524.0,20108.0,20449.0,1196010,KBS
2020-10-20 07:00:00,20449.0,20487.0,20222.0,20487.0,252870,KBS
2020-10-21 07:00:00,20600.0,20752.0,20297.0,20297.0,806540,KBS
2020-10-22 07:00:00,20222.0,20297.0,19994.0,20108.0,470050,KBS
2020-10-23 07:00:00,20222.0,20297.0,20032.0,20259.0,476190,KBS
2020-10-26 07:00:00,20146.0,20373.0,20032.0,20259.0,824140,KBS
2020-10-27 07:00:00,20259.0,20373.0,20032.0,20222.0,620590,KBS
2020-10-28 07:00:00,20259.0,20487.0,20108.0,20297.0,1241080,KBS
2020-10-29 07:00:00,20297.0,20449.0,20222.0,20449.0,1018740,KBS
2020-10-30 07:00:00,20524.0,20600.0,20373.0,20600.0,897230,KBS
2020-11-02 07:00:00,20676.0,20676.0,20449.0,20524.0,570640,KBS
2020-11-03 07:00:00,20524.0,20600.0,20411.0,20600.0,789040,KBS
2020-11-04 07:00:00,20449.0,20827.0,20449.0,20524.0,946310,KBS
2020-11-05 07:00:00,20487.0,20752.0,20449.0,20676.0,607940,KBS
2020-11-06 07:00:00,20676.0,20676.0,20449.0,20600.0,619210,KBS
2020-11-09 07:00:00,20600.0,20638.0,20449.0,20638.0,999580,KBS
2020-11-10 07:00:00,20676.0,20714.0,20524.0,20676.0,827500,KBS
2020-11-11 07:00:00,20600.0,21320.0,20562.0,21282.0,1230890,KBS
2020-11-12 07:00:00,21282.0,21433.0,21168.0,21358.0,529740,KBS
2020-11-13 07:00:00,21509.0,21547.0,21282.0,21509.0,618680,KBS
2020-11-16 07:00:00,21320.0,21547.0,21320.0,21509.0,667990,KBS
2020-11-17 07:00:00,21585.0,21736.0,21471.0,21661.0,920260,KBS
2020-11-18 07:00:00,21698.0,21698.0,21509.0,21623.0,756180,KBS
2020-11-19 07:00:00,21698.0,21698.0,21282.0,21282.0,1052400,KBS
2020-11-20 07:00:00,21282.0,21547.0,20827.0,21547.0,1378430,KBS
2020-11-23 07:00:00,21623.0,21661.0,21433.0,21661.0,827390,KBS
2020-11-24 07:00:00,21661.0,21661.0,21433.0,21509.0,611200,KBS
2020-11-25 07:00:00,21585.0,21585.0,21358.0,21471.0,643960,KBS
2020-11-26 07:00:00,21509.0,21547.0,21320.0,21509.0,798660,KBS
2020-11-27 07:00:00,21547.0,21774.0,21509.0,21698.0,788600,KBS
2020-11-30 07:00:00,21774.0,22077.0,21736.0,21812.0,1038730,KBS
2020-12-01 07:00:00,21244.0,22115.0,21244.0,22115.0,879300,KBS
2020-12-02 07:00:00,22115.0,22418.0,21812.0,22342.0,1553430,KBS
2020-12-03 07:00:00,22342.0,22531.0,22191.0,22380.0,702320,KBS
2020-12-04 07:00:00,22418.0,22418.0,22191.0,22342.0,1142790,KBS
2020-12-07 07:00:00,22418.0,22418.0,21888.0,22115.0,907640,KBS
2020-12-08 07:00:00,22115.0,22115.0,21888.0,22077.0,1320820,KBS
2020-12-09 07:00:00,21926.0,22342.0,21926.0,22191.0,1187750,KBS
2020-12-10 07:00:00,22304.0,22342.0,22039.0,22266.0,1088230,KBS
2020-12-11 07:00:00,22266.0,22342.0,22039.0,22266.0,999170,KBS
2020-12-14 07:00:00,22420.0,22651.0,22266.0,22420.0,1695760,KBS
2020-12-15 07:00:00,22305.0,22536.0,22266.0,22459.0,878540,KBS
2020-12-16 07:00:00,22536.0,22613.0,22420.0,22459.0,1129150,KBS
2020-12-17 07:00:00,22382.0,22459.0,21920.0,22305.0,1693830,KBS
2020-12-18 07:00:00,22420.0,22613.0,22228.0,22574.0,1251860,KBS
2020-12-21 07:00:00,22613.0,22613.0,22459.0,22574.0,1453940,KBS
2020-12-22 07:00:00,22536.0,22613.0,22305.0,22574.0,1439500,KBS
2020-12-23 07:00:00,22613.0,22882.0,22497.0,22689.0,1163910,KBS
2020-12-24 07:00:00,22766.0,22766.0,22151.0,22497.0,1004380,KBS
2020-12-25 07:00:00,22497.0,22497.0,22113.0,22459.0,799070,KBS
2020-12-28 07:00:00,22536.0,22613.0,22305.0,22382.0,973950,KBS
2020-12-29 07:00:00,22305.0,22997.0,22305.0,22689.0,1996070,KBS
2020-12-30 07:00:00,23382.0,23382.0,22689.0,22728.0,1008750,KBS
2020-12-31 07:00:00,22728.0,22766.0,22574.0,22689.0,717290,KBS
2021-01-04 07:00:00,22613.0,22959.0,22536.0,22882.0,1146500,KBS
2021-01-05 07:00:00,22651.0,22920.0,22651.0,22920.0,1154300,KBS
2021-01-06 07:00:00,22997.0,24497.0,22997.0,24497.0,2515300,KBS
2021-01-07 07:00:00,24497.0,25920.0,24074.0,25689.0,1689500,KBS
2021-01-08 07:00:00,25766.0,25766.0,25035.0,25381.0,1062100,KBS
2021-01-11 07:00:00,25381.0,27074.0,25305.0,26458.0,2178100,KBS
2021-01-12 07:00:00,26535.0,26766.0,25766.0,26151.0,1055700,KBS
2021-01-13 07:00:00,25997.0,26035.0,24920.0,25381.0,2259200,KBS
2021-01-14 07:00:00,24997.0,25766.0,24843.0,25343.0,1556800,KBS
2021-01-15 07:00:00,25343.0,26151.0,25343.0,25843.0,1341800,KBS
2021-01-18 07:00:00,25843.0,25881.0,24189.0,25381.0,990300,KBS
2021-01-19 07:00:00,25381.0,25766.0,23612.0,24535.0,2151600,KBS
2021-01-20 07:00:00,24535.0,24843.0,23382.0,24458.0,739400,KBS
2021-01-21 07:00:00,24766.0,25689.0,24035.0,25151.0,1535800,KBS
2021-01-22 07:00:00,25381.0,26227.0,25074.0,26112.0,2377700,KBS
2021-01-25 07:00:00,26074.0,27266.0,25843.0,27074.0,4556300,KBS
2021-01-26 07:00:00,27074.0,27689.0,25997.0,26074.0,2166300,KBS
2021-01-27 07:00:00,25458.0,27112.0,25458.0,26151.0,2334500,KBS
2021-01-28 07:00:00,24612.0,24997.0,24343.0,24343.0,1703900,KBS
2021-01-29 07:00:00,23536.0,25535.0,23536.0,24997.0,2012500,KBS
2021-02-01 07:00:00,24997.0,25074.0,23843.0,24612.0,1692000,KBS
2021-02-02 07:00:00,24074.0,25074.0,23651.0,24651.0,1285700,KBS
2021-02-03 07:00:00,24997.0,25766.0,24612.0,24997.0,1403500,KBS
2021-02-04 07:00:00,25305.0,25458.0,24612.0,24997.0,765100,KBS
2021-02-05 07:00:00,24997.0,26574.0,24997.0,26535.0,1301200,KBS
2021-02-08 07:00:00,26381.0,26574.0,24843.0,24843.0,1287300,KBS
2021-02-09 07:00:00,24843.0,25997.0,24151.0,25689.0,2581100,KBS
2021-02-17 07:00:00,25843.0,27035.0,25843.0,26920.0,2489500,KBS
2021-02-18 07:00:00,27304.0,28727.0,26612.0,28458.0,3329400,KBS
2021-02-19 07:00:00,28304.0,28458.0,27920.0,28189.0,1838000,KBS
2021-02-22 07:00:00,28035.0,28189.0,27650.0,27650.0,1853100,KBS
2021-02-23 07:00:00,27689.0,27958.0,27535.0,27766.0,1926300,KBS
2021-02-24 07:00:00,27689.0,28458.0,27150.0,27497.0,2222900,KBS
2021-02-25 07:00:00,27843.0,28266.0,27573.0,27958.0,1962000,KBS
2021-02-26 07:00:00,26151.0,28189.0,26151.0,27843.0,1644700,KBS
2021-03-01 07:00:00,27843.0,28381.0,27458.0,28381.0,2109300,KBS
2021-03-02 07:00:00,28458.0,28612.0,27381.0,27612.0,2108800,KBS
2021-03-03 07:00:00,27612.0,27996.0,27458.0,27843.0,1847900,KBS
2021-03-04 07:00:00,27996.0,27996.0,26535.0,27497.0,1799100,KBS
2021-03-05 07:00:00,27381.0,27689.0,26997.0,27304.0,1474500,KBS
2021-03-08 07:00:00,27304.0,27612.0,27150.0,27381.0,1718100,KBS
2021-03-09 07:00:00,26920.0,27304.0,26612.0,26804.0,1593500,KBS
2021-03-10 07:00:00,26920.0,27074.0,26151.0,26766.0,1844500,KBS
2021-03-11 07:00:00,27074.0,27458.0,26958.0,27304.0,953700,KBS
2021-03-12 07:00:00,27304.0,28112.0,26920.0,27766.0,1908700,KBS
2021-03-15 07:00:00,27689.0,27766.0,27420.0,27420.0,831500,KBS
2021-03-16 07:00:00,27381.0,27612.0,26958.0,27227.0,670700,KBS
2021-03-17 07:00:00,26958.0,27227.0,26766.0,26804.0,998400,KBS
2021-03-18 07:00:00,27074.0,27112.0,26266.0,26266.0,1786200,KBS
2021-03-19 07:00:00,26458.0,27612.0,26420.0,27343.0,1185300,KBS
2021-03-22 07:00:00,27381.0,27535.0,27112.0,27304.0,1084800,KBS
2021-03-23 07:00:00,27304.0,27304.0,26804.0,26843.0,786200,KBS
2021-03-24 07:00:00,26151.0,26766.0,26151.0,26227.0,1037300,KBS
2021-03-25 07:00:00,26227.0,26535.0,26151.0,26381.0,1059600,KBS
2021-03-26 07:00:00,26266.0,26420.0,25381.0,26227.0,1344100,KBS
2021-03-29 07:00:00,26343.0,26766.0,25997.0,26766.0,1264900,KBS
2021-03-30 07:00:00,26458.0,26920.0,26458.0,26766.0,887900,KBS
2021-03-31 07:00:00,26766.0,26920.0,26535.0,26920.0,822800,KBS
2021-04-01 07:00:00,26843.0,27304.0,26843.0,27227.0,1372600,KBS
2021-04-02 07:00:00,27304.0,27458.0,26997.0,27304.0,859800,KBS
2021-04-05 07:00:00,27304.0,27381.0,26766.0,27150.0,1297400,KBS
2021-04-06 07:00:00,27150.0,27150.0,26689.0,26920.0,602600,KBS
2021-04-07 07:00:00,26843.0,26920.0,26612.0,26920.0,1031200,KBS
2021-04-08 07:00:00,26612.0,26920.0,26535.0,26766.0,898800,KBS
2021-04-09 07:00:00,26612.0,26804.0,26612.0,26804.0,973800,KBS
2021-04-12 07:00:00,27150.0,28227.0,26920.0,27843.0,3482800,KBS
2021-04-13 07:00:00,27843.0,28073.0,27150.0,27150.0,953100,KBS
2021-04-14 07:00:00,26843.0,27304.0,26804.0,27189.0,1390900,KBS
2021-04-15 07:00:00,27227.0,27227.0,26535.0,26650.0,2268100,KBS
2021-04-16 07:00:00,26227.0,26689.0,25843.0,26304.0,2064500,KBS
2021-04-19 07:00:00,26189.0,27150.0,26189.0,26535.0,1815900,KBS
2021-04-20 07:00:00,26881.0,26920.0,26151.0,26689.0,1554800,KBS
2021-04-22 07:00:00,26766.0,26843.0,26151.0,26227.0,1334100,KBS
2021-04-23 07:00:00,25997.0,27074.0,25689.0,26881.0,1612100,KBS
2021-04-26 07:00:00,27150.0,27227.0,26766.0,26920.0,2089500,KBS
2021-04-27 07:00:00,26766.0,26920.0,26420.0,26920.0,1124100,KBS
2021-04-28 07:00:00,26881.0,27304.0,26574.0,27150.0,1280500,KBS
2021-04-29 07:00:00,27304.0,28343.0,27150.0,27920.0,7180400,KBS
2021-05-04 07:00:00,27535.0,29689.0,27535.0,29612.0,4200000,KBS
2021-05-05 07:00:00,29612.0,29919.0,29304.0,29535.0,1960100,KBS
2021-05-06 07:00:00,29304.0,30227.0,28919.0,29535.0,3148900,KBS
2021-05-07 07:00:00,29227.0,29996.0,28843.0,29842.0,2730800,KBS
2021-05-10 07:00:00,29842.0,30227.0,29458.0,29919.0,1723600,KBS
2021-05-11 07:00:00,29919.0,30996.0,29381.0,29612.0,4445500,KBS
2021-05-12 07:00:00,29765.0,30688.0,29765.0,30496.0,1850500,KBS
2021-05-13 07:00:00,30381.0,30535.0,29612.0,29612.0,1709400,KBS
2021-05-14 07:00:00,29612.0,30073.0,29304.0,29342.0,2585600,KBS
2021-05-17 07:00:00,29266.0,29304.0,28227.0,28266.0,4671200,KBS
2021-05-18 07:00:00,28343.0,28732.0,27994.0,27994.0,3139700,KBS
2021-05-19 07:00:00,27916.0,28771.0,27371.0,28771.0,2712100,KBS
2021-05-20 07:00:00,28771.0,29315.0,28654.0,28693.0,1687600,KBS
2021-05-21 07:00:00,28460.0,29121.0,28460.0,28810.0,2803800,KBS
2021-05-24 07:00:00,29471.0,29899.0,28927.0,29549.0,12463900,KBS
2021-05-25 07:00:00,29860.0,30249.0,29665.0,30015.0,4273300,KBS
2021-05-26 07:00:00,29782.0,30521.0,29471.0,30054.0,2388600,KBS
2021-05-27 07:00:00,30171.0,30715.0,29588.0,29626.0,5012900,KBS
2021-05-28 07:00:00,29626.0,29938.0,29393.0,29704.0,3421100,KBS
2021-05-31 07:00:00,29704.0,30404.0,29393.0,30326.0,4226200,KBS
2021-06-01 07:00:00,30365.0,32426.0,30365.0,31843.0,5745100,KBS
2021-06-02 07:00:00,31570.0,32270.0,31104.0,31882.0,3685400,KBS
2021-06-03 07:00:00,31882.0,32270.0,31415.0,31882.0,3064500,KBS
2021-06-04 07:00:00,32270.0,32348.0,31104.0,31259.0,3991200,KBS
2021-06-07 07:00:00,31259.0,31259.0,29549.0,30015.0,3594500,KBS
2021-06-08 07:00:00,30171.0,30715.0,29121.0,29160.0,4516000,KBS
2021-06-09 07:00:00,29160.0,29704.0,28460.0,29704.0,3984600,KBS
2021-06-10 07:00:00,29626.0,30015.0,29471.0,29938.0,2676400,KBS
2021-06-11 07:00:00,29976.0,30676.0,29860.0,30365.0,2307700,KBS
2021-06-14 07:00:00,30404.0,30715.0,29938.0,30249.0,3142200,KBS
2021-06-15 07:00:00,30171.0,30715.0,29976.0,30521.0,2268000,KBS
2021-06-16 07:00:00,30482.0,30676.0,30093.0,30132.0,2029300,KBS
2021-06-17 07:00:00,29860.0,30715.0,29549.0,30132.0,1938400,KBS
2021-06-18 07:00:00,30326.0,31065.0,30249.0,31026.0,4832900,KBS
2021-06-21 07:00:00,31026.0,31570.0,30871.0,30910.0,2852700,KBS
2021-06-22 07:00:00,31259.0,31259.0,30637.0,30637.0,1752900,KBS
2021-06-23 07:00:00,30637.0,30637.0,29782.0,30015.0,3345000,KBS
2021-06-24 07:00:00,30015.0,30365.0,29704.0,30015.0,1695500,KBS
2021-06-25 07:00:00,29782.0,30093.0,29782.0,29938.0,1478700,KBS
2021-06-28 07:00:00,30015.0,30015.0,29549.0,29704.0,2506500,KBS
2021-06-29 07:00:00,29704.0,30249.0,29704.0,30171.0,1790600,KBS
2021-06-30 07:00:00,30443.0,30948.0,30326.0,30326.0,1958000,KBS
2021-07-01 07:00:00,30404.0,30715.0,30326.0,30637.0,2355500,KBS
2021-07-02 07:00:00,30637.0,31026.0,30404.0,30637.0,1779100,KBS
2021-07-05 07:00:00,30560.0,30598.0,29938.0,30210.0,1937100,KBS
2021-07-06 07:00:00,30326.0,30443.0,29393.0,29393.0,2089300,KBS
2021-07-07 07:00:00,29393.0,29549.0,28499.0,29004.0,2745800,KBS
2021-07-08 07:00:00,29004.0,29704.0,28927.0,29432.0,1769000,KBS
2021-07-09 07:00:00,29549.0,29549.0,28616.0,29549.0,1780100,KBS
2021-07-12 07:00:00,29471.0,29471.0,27877.0,28771.0,2402500,KBS
2021-07-13 07:00:00,28693.0,28810.0,28382.0,28810.0,1680700,KBS
2021-07-14 07:00:00,28771.0,28888.0,28071.0,28771.0,991500,KBS
2021-07-15 07:00:00,28577.0,28927.0,28305.0,28538.0,1418700,KBS
2021-07-16 07:00:00,28616.0,29121.0,28616.0,28927.0,1350900,KBS
2021-07-19 07:00:00,28382.0,29899.0,28382.0,29160.0,3586500,KBS
2021-07-20 07:00:00,28966.0,29626.0,28966.0,29626.0,1197100,KBS
2021-07-21 07:00:00,29549.0,29899.0,29199.0,29665.0,1267700,KBS
2021-07-22 07:00:00,29510.0,31454.0,29354.0,31104.0,7222100,KBS
2021-07-23 07:00:00,31104.0,31843.0,30793.0,30793.0,3444500,KBS
2021-07-26 07:00:00,30715.0,32892.0,30482.0,32698.0,4290700,KBS
2021-07-27 07:00:00,32620.0,32815.0,31920.0,32270.0,5070100,KBS
2021-07-28 07:00:00,31959.0,32581.0,31882.0,32193.0,2288500,KBS
2021-07-29 07:00:00,32270.0,32659.0,31959.0,32659.0,4241500,KBS
2021-07-30 07:00:00,32659.0,33981.0,32504.0,33981.0,5859500,KBS
2021-08-02 07:00:00,33437.0,33748.0,33048.0,33203.0,3912500,KBS
2021-08-03 07:00:00,33281.0,33787.0,33087.0,33787.0,4899500,KBS
2021-08-04 07:00:00,33670.0,34603.0,33437.0,33864.0,3261500,KBS
2021-08-05 07:00:00,33592.0,34059.0,33592.0,34059.0,2823000,KBS
2021-08-06 07:00:00,33903.0,35225.0,33826.0,34059.0,4979400,KBS
2021-08-09 07:00:00,33981.0,34992.0,33981.0,34681.0,3896800,KBS
2021-08-10 07:00:00,34681.0,34681.0,34292.0,34525.0,2208400,KBS
2021-08-11 07:00:00,34370.0,34681.0,33048.0,33087.0,6998200,KBS
2021-08-12 07:00:00,32815.0,33826.0,32737.0,33048.0,5067700,KBS
2021-08-13 07:00:00,32892.0,33787.0,32581.0,33787.0,4508000,KBS
2021-08-16 07:00:00,34137.0,34759.0,33748.0,33826.0,3411700,KBS
2021-08-17 07:00:00,33437.0,33670.0,32737.0,32854.0,4692000,KBS
2021-08-18 07:00:00,32776.0,33592.0,32270.0,32659.0,4589800,KBS
2021-08-19 07:00:00,32542.0,32970.0,32465.0,32737.0,2447100,KBS
2021-08-20 07:00:00,32815.0,32892.0,31104.0,31804.0,5158100,KBS
2021-08-23 07:00:00,31337.0,32193.0,31182.0,31687.0,2413600,KBS
2021-08-24 07:00:00,32115.0,32270.0,31532.0,31843.0,2346100,KBS
2021-08-25 07:00:00,31882.0,32348.0,31882.0,32270.0,1312400,KBS
2021-08-26 07:00:00,32387.0,32737.0,32154.0,32426.0,1602900,KBS
2021-08-27 07:00:00,32309.0,32970.0,31959.0,32970.0,2154800,KBS
2021-08-30 07:00:00,33320.0,34059.0,32931.0,33826.0,3305600,KBS
2021-08-31 07:00:00,33826.0,34137.0,33281.0,33826.0,3558900,KBS
2021-09-01 07:00:00,33787.0,33787.0,33476.0,33670.0,1931700,KBS
2021-09-06 07:00:00,34098.0,35886.0,33864.0,35536.0,5095800,KBS
2021-09-07 07:00:00,35614.0,35614.0,34098.0,34525.0,3677300,KBS
2021-09-08 07:00:00,34292.0,34836.0,33903.0,34214.0,2033700,KBS
2021-09-09 07:00:00,34603.0,34603.0,34098.0,34448.0,1798400,KBS
2021-09-10 07:00:00,34759.0,34759.0,33942.0,34214.0,1685200,KBS
2021-09-13 07:00:00,33903.0,34214.0,33476.0,33592.0,1692100,KBS
2021-09-14 07:00:00,33592.0,33670.0,32659.0,32737.0,2179400,KBS
2021-09-15 07:00:00,32737.0,33320.0,32426.0,33126.0,1469200,KBS
2021-09-16 07:00:00,32892.0,33592.0,32854.0,33437.0,1639100,KBS
2021-09-17 07:00:00,33359.0,34214.0,33359.0,33942.0,1709000,KBS
2021-09-20 07:00:00,34448.0,34448.0,32892.0,33009.0,2255000,KBS
2021-09-21 07:00:00,32620.0,32815.0,31882.0,32581.0,3256700,KBS
2021-09-22 07:00:00,32581.0,32659.0,31959.0,32659.0,2505700,KBS
2021-09-23 07:00:00,32659.0,33281.0,32659.0,32854.0,2475700,KBS
2021-09-24 07:00:00,32854.0,33437.0,32348.0,32854.0,1273000,KBS
2021-09-27 07:00:00,32737.0,32737.0,31882.0,31882.0,1634100,KBS
2021-09-28 07:00:00,31493.0,33048.0,31493.0,33048.0,2458800,KBS
2021-09-29 07:00:00,32659.0,33048.0,32465.0,32620.0,1123400,KBS
2021-09-30 07:00:00,32659.0,33048.0,32542.0,32620.0,1791700,KBS
2021-10-01 07:00:00,32426.0,32504.0,31998.0,32115.0,1744800,KBS
2021-10-04 07:00:00,31882.0,32581.0,31687.0,32348.0,1498700,KBS
2021-10-05 07:00:00,32348.0,33009.0,32154.0,32854.0,1517200,KBS
2021-10-06 07:00:00,33009.0,33709.0,33009.0,33709.0,3063800,KBS
2021-10-07 07:00:00,33670.0,34137.0,33398.0,33670.0,2713000,KBS
2021-10-08 07:00:00,33903.0,34564.0,33826.0,34214.0,2671000,KBS
2021-10-11 07:00:00,34370.0,34992.0,33942.0,33981.0,2838400,KBS
2021-10-12 07:00:00,33981.0,34409.0,33631.0,33748.0,2892200,KBS
2021-10-13 07:00:00,33981.0,34914.0,33826.0,34603.0,3361000,KBS
2021-10-14 07:00:00,35225.0,36780.0,34992.0,36314.0,6194000,KBS
2021-10-15 07:00:00,36314.0,36858.0,36003.0,36314.0,3439400,KBS
2021-10-18 07:00:00,36586.0,38763.0,36586.0,38452.0,6302300,KBS
2021-10-19 07:00:00,38258.0,38258.0,37636.0,38102.0,4030300,KBS
2021-10-20 07:00:00,38102.0,40280.0,38102.0,39424.0,7166300,KBS
2021-10-21 07:00:00,40435.0,41213.0,39502.0,39657.0,7094300,KBS
2021-10-22 07:00:00,40046.0,42146.0,39580.0,42146.0,5733300,KBS
2021-10-25 07:00:00,42146.0,44168.0,41679.0,41990.0,5353200,KBS
2021-10-26 07:00:00,41601.0,42690.0,41446.0,42535.0,5184000,KBS
2021-10-27 07:00:00,43468.0,44168.0,43079.0,43934.0,6463800,KBS
2021-10-28 07:00:00,44090.0,46656.0,44090.0,46423.0,5318500,KBS
2021-10-29 07:00:00,47278.0,47900.0,45101.0,45101.0,7832400,KBS
2021-11-01 07:00:00,46656.0,46967.0,44090.0,45256.0,7326000,KBS
2021-11-02 07:00:00,45723.0,48367.0,45334.0,48367.0,7195500,KBS
2021-11-03 07:00:00,51166.0,51244.0,45023.0,45023.0,10590800,KBS
2021-11-04 07:00:00,45178.0,47822.0,44712.0,46734.0,6550000,KBS
2021-11-05 07:00:00,46734.0,47200.0,45489.0,45645.0,6524200,KBS
2021-11-08 07:00:00,45645.0,47745.0,44945.0,47278.0,4919500,KBS
2021-11-09 07:00:00,47667.0,48600.0,47278.0,47745.0,5162000,KBS
2021-11-10 07:00:00,47822.0,48600.0,46889.0,47589.0,4841000,KBS
2021-11-11 07:00:00,48211.0,50855.0,48211.0,50855.0,7545400,KBS
2021-11-12 07:00:00,52099.0,52877.0,50777.0,52877.0,5346700,KBS
2021-11-15 07:00:00,53654.0,54199.0,49300.0,51710.0,8746600,KBS
2021-11-16 07:00:00,50155.0,51166.0,49222.0,49533.0,10602300,KBS
2021-11-17 07:00:00,49533.0,50933.0,49222.0,50077.0,4339300,KBS
2021-11-18 07:00:00,50933.0,51788.0,50077.0,51321.0,3906700,KBS
2021-11-19 07:00:00,51710.0,51788.0,47745.0,48289.0,6858000,KBS
2021-11-22 07:00:00,47745.0,47978.0,44945.0,44945.0,8168500,KBS
2021-11-23 07:00:00,44323.0,45878.0,43234.0,45878.0,5378000,KBS
2021-11-24 07:00:00,47703.0,48051.0,46226.0,47790.0,3418800,KBS
2021-11-25 07:00:00,47964.0,50397.0,47616.0,49528.0,3322000,KBS
2021-11-26 07:00:00,50223.0,50744.0,47355.0,48137.0,5162100,KBS
2021-11-29 07:00:00,46573.0,49354.0,46486.0,47442.0,2847300,KBS
2021-11-30 07:00:00,47877.0,49093.0,47182.0,48485.0,3567400,KBS
2021-12-01 07:00:00,48311.0,49267.0,47355.0,47964.0,2942400,KBS
2021-12-02 07:00:00,48224.0,50570.0,47703.0,49875.0,7887800,KBS
2021-12-03 07:00:00,50570.0,51700.0,49354.0,49354.0,5525100,KBS
2021-12-06 07:00:00,49180.0,49528.0,45965.0,45965.0,6771000,KBS
2021-12-07 07:00:00,46486.0,47790.0,44575.0,47529.0,7883800,KBS
2021-12-08 07:00:00,47529.0,48572.0,46486.0,47008.0,3803300,KBS
2021-12-09 07:00:00,46747.0,47877.0,46573.0,47790.0,3288500,KBS
2021-12-10 07:00:00,47790.0,48919.0,47616.0,48572.0,4722100,KBS
2021-12-13 07:00:00,49441.0,51961.0,48746.0,51961.0,13565100,KBS
2021-12-14 07:00:00,52134.0,53351.0,51439.0,52221.0,6302000,KBS
2021-12-15 07:00:00,52569.0,54220.0,51265.0,53003.0,6210800,KBS
2021-12-16 07:00:00,53003.0,56653.0,52482.0,56566.0,9945400,KBS
2021-12-17 07:00:00,57435.0,58564.0,55610.0,56305.0,6049600,KBS
2021-12-20 07:00:00,56479.0,56479.0,53698.0,54307.0,7784300,KBS
2021-12-21 07:00:00,54307.0,56913.0,53525.0,56653.0,6608200,KBS
2021-12-22 07:00:00,57087.0,58130.0,55349.0,55349.0,7525500,KBS
2021-12-23 07:00:00,55349.0,55523.0,51526.0,52656.0,9654600,KBS
2021-12-24 07:00:00,52656.0,54220.0,52482.0,52743.0,3486900,KBS
2021-12-27 07:00:00,52829.0,54133.0,50831.0,54133.0,6239100,KBS
2021-12-28 07:00:00,54741.0,55176.0,53872.0,54741.0,4098600,KBS
2021-12-29 07:00:00,55436.0,56305.0,54307.0,55002.0,5620800,KBS
2021-12-30 07:00:00,55176.0,55610.0,53438.0,54307.0,4106500,KBS
2021-12-31 07:00:00,54046.0,55784.0,53090.0,55784.0,3188300,KBS
2022-01-04 07:00:00,55523.0,56913.0,54741.0,55784.0,6448100,KBS
2022-01-05 07:00:00,56044.0,58217.0,55871.0,56479.0,7071000,KBS
2022-01-06 07:00:00,56305.0,57522.0,55262.0,56044.0,5394100,KBS
2022-01-07 07:00:00,56653.0,57348.0,55610.0,56566.0,6372200,KBS
2022-01-10 07:00:00,56131.0,56392.0,52743.0,52743.0,9584600,KBS
2022-01-11 07:00:00,52743.0,54133.0,51265.0,51352.0,6890300,KBS
2022-01-12 07:00:00,49528.0,51179.0,47790.0,49962.0,16247600,KBS
2022-01-13 07:00:00,50397.0,50397.0,46573.0,47790.0,5894700,KBS
2022-01-14 07:00:00,46139.0,50310.0,46139.0,49093.0,3231700,KBS
2022-01-17 07:00:00,49528.0,49788.0,45704.0,45704.0,6390400,KBS
2022-01-18 07:00:00,43619.0,46052.0,42576.0,42576.0,6156400,KBS
2022-01-19 07:00:00,42576.0,45531.0,42576.0,44922.0,6911200,KBS
2022-01-20 07:00:00,45183.0,47355.0,44836.0,46747.0,5528800,KBS
2022-01-21 07:00:00,46747.0,47008.0,44836.0,45965.0,3923900,KBS
2022-01-24 07:00:00,45183.0,45531.0,42750.0,42750.0,5669800,KBS
2022-01-25 07:00:00,42576.0,45183.0,40404.0,45183.0,5280800,KBS
2022-01-26 07:00:00,45183.0,45183.0,43532.0,44314.0,4583000,KBS
2022-01-27 07:00:00,43880.0,43880.0,42750.0,43445.0,1949300,KBS
2022-01-28 07:00:00,43054.0,43619.0,42185.0,43445.0,3336500,KBS
2022-02-07 07:00:00,43880.0,43967.0,43272.0,43445.0,2369800,KBS
2022-02-08 07:00:00,43445.0,44575.0,42663.0,44140.0,3446100,KBS
2022-02-09 07:00:00,44140.0,46834.0,43793.0,46834.0,4684700,KBS
2022-02-10 07:00:00,46921.0,46921.0,45618.0,46921.0,2613600,KBS
2022-02-11 07:00:00,46400.0,46573.0,45965.0,46226.0,2041300,KBS
2022-02-14 07:00:00,44922.0,46486.0,44922.0,45444.0,2998000,KBS
2022-02-15 07:00:00,45270.0,46834.0,45183.0,46834.0,2867300,KBS
2022-02-16 07:00:00,47095.0,48572.0,46921.0,47529.0,3567500,KBS
2022-02-17 07:00:00,47616.0,47616.0,46660.0,47616.0,3328600,KBS
2022-02-18 07:00:00,46834.0,48137.0,46834.0,47964.0,2479000,KBS
2022-02-21 07:00:00,47790.0,49006.0,47616.0,48051.0,3490200,KBS
2022-02-22 07:00:00,47008.0,47790.0,45618.0,46921.0,3865600,KBS
2022-02-23 07:00:00,46834.0,48051.0,46660.0,47616.0,2459200,KBS
2022-02-24 07:00:00,47095.0,47355.0,44575.0,45531.0,4977500,KBS
2022-02-25 07:00:00,46139.0,47355.0,45791.0,46660.0,3139200,KBS
2022-02-28 07:00:00,46573.0,47703.0,46400.0,47095.0,3877700,KBS
2022-03-01 07:00:00,47268.0,49788.0,47008.0,49093.0,10507300,KBS
2022-03-02 07:00:00,49093.0,49701.0,48398.0,48485.0,7036300,KBS
2022-03-03 07:00:00,48746.0,49701.0,48398.0,49354.0,4264400,KBS
2022-03-04 07:00:00,49528.0,49528.0,48659.0,48833.0,5904400,KBS
2022-03-07 07:00:00,47964.0,48659.0,47095.0,47703.0,8675700,KBS
2022-03-08 07:00:00,47095.0,47616.0,46313.0,46486.0,6878200,KBS
2022-03-09 07:00:00,46139.0,46834.0,44401.0,46660.0,5590500,KBS
2022-03-10 07:00:00,47095.0,48051.0,46747.0,47095.0,4015800,KBS
2022-03-11 07:00:00,46747.0,46921.0,45618.0,46139.0,2734800,KBS
2022-03-14 07:00:00,45618.0,47182.0,45357.0,46573.0,3895600,KBS
2022-03-15 07:00:00,46921.0,47182.0,46313.0,46921.0,1989900,KBS
2022-03-16 07:00:00,47268.0,47703.0,47008.0,47355.0,2902900,KBS
2022-03-17 07:00:00,47790.0,49093.0,47442.0,48746.0,9211700,KBS
2022-03-18 07:00:00,48919.0,49006.0,48311.0,48485.0,3378600,KBS
2022-03-21 07:00:00,49093.0,51700.0,48746.0,51700.0,12524500,KBS
2022-03-22 07:00:00,52829.0,52829.0,51179.0,51265.0,7823300,KBS
2022-03-23 07:00:00,50831.0,52916.0,50831.0,51700.0,6539300,KBS
2022-03-24 07:00:00,51439.0,53351.0,51179.0,52829.0,7560900,KBS
2022-03-25 07:00:00,53090.0,53177.0,52308.0,52916.0,2839800,KBS
2022-03-28 07:00:00,51700.0,52134.0,49962.0,50570.0,10704900,KBS
2022-03-29 07:00:00,50831.0,51874.0,50310.0,51005.0,3681100,KBS
2022-03-30 07:00:00,50397.0,51526.0,48572.0,49006.0,7831600,KBS
2022-03-31 07:00:00,49093.0,49701.0,49006.0,49006.0,3397000,KBS
2022-04-01 07:00:00,48659.0,49788.0,48398.0,49788.0,2990900,KBS
2022-04-04 07:00:00,50310.0,50310.0,48659.0,48659.0,4935600,KBS
2022-04-05 07:00:00,48485.0,49788.0,47877.0,48659.0,4017100,KBS
2022-04-06 07:00:00,48485.0,49093.0,47442.0,47964.0,4394500,KBS
2022-04-07 07:00:00,47790.0,48659.0,46747.0,46747.0,4017800,KBS
2022-04-08 07:00:00,46660.0,47616.0,46486.0,46747.0,2422000,KBS
2022-04-12 07:00:00,46747.0,47355.0,44575.0,44575.0,2592500,KBS
2022-04-13 07:00:00,44836.0,46747.0,44488.0,46660.0,2760200,KBS
2022-04-14 07:00:00,47095.0,47095.0,45704.0,45878.0,2327400,KBS
2022-04-15 07:00:00,45878.0,46660.0,44749.0,44836.0,1829600,KBS
2022-04-18 07:00:00,44749.0,44749.0,42576.0,44140.0,4215900,KBS
2022-04-19 07:00:00,44749.0,45357.0,43706.0,43967.0,2772400,KBS
2022-04-20 07:00:00,43185.0,44314.0,43011.0,43011.0,1828700,KBS
2022-04-21 07:00:00,41968.0,42490.0,40013.0,40013.0,7785400,KBS
2022-04-22 07:00:00,40057.0,41273.0,37233.0,39361.0,7001400,KBS
2022-04-25 07:00:00,39101.0,40230.0,36624.0,36624.0,3615600,KBS
2022-04-26 07:00:00,34843.0,39188.0,34148.0,39188.0,5852600,KBS
2022-04-27 07:00:00,38666.0,40752.0,37971.0,40230.0,2589800,KBS
2022-04-28 07:00:00,40230.0,40404.0,39709.0,40013.0,4242500,KBS
2022-04-29 07:00:00,39535.0,42098.0,39535.0,41012.0,6955100,KBS
2022-05-04 07:00:00,41012.0,42142.0,40578.0,41577.0,3486600,KBS
2022-05-05 07:00:00,42142.0,42403.0,41186.0,41751.0,5512800,KBS
2022-05-06 07:00:00,41186.0,43011.0,40925.0,43011.0,5497100,KBS
2022-05-09 07:00:00,42229.0,42316.0,40013.0,40013.0,2988200,KBS
2022-05-10 07:00:00,37797.0,42576.0,37797.0,42403.0,2726500,KBS
2022-05-11 07:00:00,42316.0,43880.0,41273.0,43098.0,2965200,KBS
2022-05-12 07:00:00,42142.0,42924.0,40404.0,40404.0,2951900,KBS
2022-05-13 07:00:00,39970.0,40839.0,37580.0,38058.0,3350800,KBS
2022-05-16 07:00:00,40317.0,40317.0,38232.0,38840.0,1933500,KBS
2022-05-17 07:00:00,38232.0,41186.0,38145.0,40839.0,3030300,KBS
2022-05-18 07:00:00,41186.0,41664.0,40404.0,40404.0,2382700,KBS
2022-05-19 07:00:00,39535.0,40708.0,39535.0,40665.0,1562300,KBS
2022-05-20 07:00:00,40621.0,41621.0,40361.0,40752.0,2605300,KBS
2022-05-23 07:00:00,41534.0,41534.0,39275.0,39535.0,1520000,KBS
2022-05-24 07:00:00,40635.0,40635.0,37820.0,40459.0,1535100,KBS
2022-05-25 07:00:00,40459.0,41690.0,40327.0,41338.0,2393900,KBS
2022-05-26 07:00:00,41514.0,42218.0,40942.0,41558.0,2190100,KBS
2022-05-27 07:00:00,41558.0,43009.0,41514.0,42042.0,3442300,KBS
2022-05-30 07:00:00,42570.0,42658.0,41954.0,42042.0,2244400,KBS
2022-05-31 07:00:00,41954.0,42218.0,41338.0,41998.0,2339500,KBS
2022-06-01 07:00:00,41866.0,41998.0,40195.0,40855.0,3712600,KBS
2022-06-02 07:00:00,40591.0,40591.0,39579.0,39579.0,4136600,KBS
2022-06-03 07:00:00,39227.0,39755.0,38656.0,38832.0,2165000,KBS
2022-06-06 07:00:00,38744.0,39227.0,37908.0,37908.0,2392700,KBS
2022-06-07 07:00:00,37073.0,37600.0,35621.0,36237.0,3631700,KBS
2022-06-08 07:00:00,36237.0,38744.0,36149.0,38744.0,3169300,KBS
2022-06-09 07:00:00,38964.0,39227.0,38216.0,38788.0,2301400,KBS
2022-06-10 07:00:00,37820.0,38700.0,37644.0,37732.0,1735000,KBS
2022-06-13 07:00:00,36325.0,36941.0,35094.0,35094.0,3287400,KBS
2022-06-14 07:00:00,33862.0,35929.0,33422.0,35269.0,2288300,KBS
2022-06-15 07:00:00,34390.0,35182.0,32983.0,33906.0,2449800,KBS
2022-06-16 07:00:00,35094.0,35357.0,34302.0,34302.0,1894200,KBS
2022-06-17 07:00:00,33598.0,33774.0,32631.0,32807.0,2316600,KBS
2022-06-20 07:00:00,32103.0,34038.0,30520.0,30520.0,2371800,KBS
2022-06-21 07:00:00,28761.0,30740.0,28453.0,29904.0,3035600,KBS
2022-06-22 07:00:00,29904.0,31663.0,29904.0,30608.0,2201200,KBS
2022-06-23 07:00:00,30784.0,32279.0,30520.0,31927.0,2012900,KBS
2022-06-24 07:00:00,32015.0,32191.0,31575.0,31663.0,1681500,KBS
2022-06-27 07:00:00,31663.0,32279.0,31268.0,31663.0,1885700,KBS
2022-06-28 07:00:00,32367.0,32983.0,31795.0,32367.0,1567500,KBS
2022-06-29 07:00:00,32059.0,32851.0,31707.0,32851.0,1967100,KBS
2022-06-30 07:00:00,32983.0,33159.0,31487.0,31487.0,1789500,KBS
2022-07-01 07:00:00,30960.0,32103.0,30564.0,31707.0,1826800,KBS
2022-07-04 07:00:00,32895.0,33159.0,31224.0,31224.0,1076400,KBS
2022-07-05 07:00:00,31663.0,31663.0,30520.0,31180.0,1010700,KBS
2022-07-06 07:00:00,30432.0,31663.0,30432.0,30784.0,1409900,KBS
2022-07-07 07:00:00,30872.0,31575.0,30300.0,31224.0,1212400,KBS
2022-07-08 07:00:00,31443.0,32719.0,31443.0,32147.0,2147700,KBS
2022-07-11 07:00:00,32103.0,32499.0,31575.0,31839.0,1696900,KBS
2022-07-12 07:00:00,31751.0,33071.0,31707.0,33071.0,1819800,KBS
2022-07-13 07:00:00,32895.0,33071.0,32455.0,32543.0,1057200,KBS
2022-07-14 07:00:00,32279.0,34214.0,32191.0,33422.0,2482200,KBS
2022-07-15 07:00:00,33598.0,34742.0,33510.0,33554.0,1718300,KBS
2022-07-18 07:00:00,33818.0,33950.0,32983.0,33203.0,1015800,KBS
2022-07-19 07:00:00,33071.0,33071.0,32191.0,32543.0,1745100,KBS
2022-07-20 07:00:00,32807.0,33774.0,32807.0,33247.0,1425500,KBS
2022-07-21 07:00:00,33554.0,33994.0,33554.0,33598.0,1145900,KBS
2022-07-22 07:00:00,33598.0,33906.0,33115.0,33115.0,985200,KBS
2022-07-25 07:00:00,32983.0,33291.0,32543.0,32631.0,1335100,KBS
2022-07-26 07:00:00,33247.0,33247.0,32543.0,32543.0,1075900,KBS
2022-07-27 07:00:00,32367.0,33598.0,32323.0,33598.0,1358300,KBS
2022-07-28 07:00:00,33950.0,34874.0,33730.0,34346.0,3000300,KBS
2022-07-29 07:00:00,34742.0,34786.0,34302.0,34434.0,2819600,KBS
2022-08-01 07:00:00,35006.0,36325.0,34566.0,36281.0,3005300,KBS
2022-08-02 07:00:00,36281.0,36897.0,35929.0,36017.0,2231400,KBS
2022-08-03 07:00:00,35621.0,36853.0,35445.0,36369.0,1980900,KBS
2022-08-04 07:00:00,36501.0,36721.0,35973.0,36281.0,1352800,KBS
2022-08-05 07:00:00,35885.0,36765.0,35885.0,36765.0,1531600,KBS
2022-08-08 07:00:00,36853.0,37380.0,36589.0,37073.0,1601400,KBS
2022-08-09 07:00:00,37204.0,38568.0,36853.0,38040.0,2019100,KBS
2022-08-10 07:00:00,37996.0,38876.0,37732.0,37820.0,3040800,KBS
2022-08-11 07:00:00,38436.0,38700.0,36985.0,37380.0,1967300,KBS
2022-08-12 07:00:00,37336.0,37512.0,36501.0,37292.0,1857200,KBS
2022-08-15 07:00:00,37732.0,38172.0,37204.0,37996.0,1330200,KBS
2022-08-16 07:00:00,37996.0,38084.0,37644.0,37644.0,1091000,KBS
2022-08-17 07:00:00,37644.0,38832.0,37556.0,38524.0,2732700,KBS
2022-08-18 07:00:00,38084.0,38436.0,37556.0,37556.0,1617700,KBS
2022-08-19 07:00:00,37556.0,37732.0,36061.0,36325.0,2310300,KBS
2022-08-22 07:00:00,36061.0,37776.0,35929.0,37424.0,1741700,KBS
2022-08-23 07:00:00,37117.0,38392.0,37117.0,38392.0,1866200,KBS
2022-08-24 07:00:00,38260.0,38612.0,37776.0,37908.0,1308200,KBS
2022-08-25 07:00:00,37908.0,38480.0,37908.0,38260.0,1399700,KBS
2022-08-26 07:00:00,38216.0,39139.0,37776.0,39008.0,3048400,KBS
2022-08-29 07:00:00,37864.0,38524.0,37776.0,38524.0,1593800,KBS
2022-08-30 07:00:00,38656.0,38700.0,37864.0,37864.0,1639200,KBS
2022-08-31 07:00:00,37820.0,37820.0,36809.0,36809.0,2008100,KBS
2022-09-05 07:00:00,36809.0,37248.0,36413.0,37073.0,1086000,KBS
2022-09-06 07:00:00,36897.0,37556.0,36853.0,36941.0,897200,KBS
2022-09-07 07:00:00,37073.0,37117.0,34742.0,34742.0,3325100,KBS
2022-09-08 07:00:00,35182.0,35709.0,34566.0,35182.0,2154100,KBS
2022-09-09 07:00:00,35621.0,35621.0,34566.0,35357.0,1451300,KBS
2022-09-12 07:00:00,35929.0,35929.0,35182.0,35182.0,1560200,KBS
2022-09-13 07:00:00,35006.0,35401.0,34742.0,35182.0,1299600,KBS
2022-09-14 07:00:00,34742.0,35577.0,33950.0,35182.0,1887200,KBS
2022-09-15 07:00:00,35445.0,35533.0,34874.0,35006.0,1223700,KBS
2022-09-16 07:00:00,35006.0,35050.0,33730.0,33862.0,1731200,KBS
2022-09-19 07:00:00,33510.0,33598.0,31971.0,32015.0,2131500,KBS
2022-09-20 07:00:00,32191.0,32719.0,31619.0,32631.0,2005700,KBS
2022-09-21 07:00:00,32367.0,32587.0,32103.0,32147.0,1343800,KBS
2022-09-22 07:00:00,31048.0,32103.0,30564.0,31663.0,5812200,KBS
2022-09-23 07:00:00,31751.0,32191.0,30960.0,31224.0,2630400,KBS
2022-09-26 07:00:00,30784.0,30784.0,29069.0,29069.0,10363500,KBS
2022-09-27 07:00:00,29421.0,29465.0,27178.0,27925.0,5484900,KBS
2022-09-28 07:00:00,27266.0,28585.0,27266.0,27661.0,3220600,KBS
2022-09-29 07:00:00,28453.0,29157.0,27442.0,27442.0,4831800,KBS
2022-09-30 07:00:00,28057.0,28057.0,25595.0,26650.0,4256800,KBS
2022-10-03 07:00:00,26650.0,26650.0,24803.0,24803.0,3502600,KBS
2022-10-04 07:00:00,25067.0,25155.0,23748.0,23967.0,3544200,KBS
2022-10-05 07:00:00,24363.0,25375.0,24319.0,25199.0,2898900,KBS
2022-10-06 07:00:00,25243.0,25331.0,23440.0,23440.0,2512500,KBS
2022-10-07 07:00:00,22868.0,22868.0,21813.0,21857.0,4747500,KBS
2022-10-10 07:00:00,21505.0,22868.0,21505.0,22252.0,4740300,KBS
2022-10-11 07:00:00,22252.0,22340.0,20713.0,20713.0,3428500,KBS
2022-10-12 07:00:00,20757.0,22120.0,20757.0,22120.0,3564800,KBS
2022-10-13 07:00:00,22780.0,23264.0,22428.0,22956.0,3182700,KBS
2022-10-14 07:00:00,23484.0,23967.0,23308.0,23572.0,2952400,KBS
2022-10-17 07:00:00,23308.0,23352.0,22472.0,23264.0,2582000,KBS
2022-10-18 07:00:00,23572.0,24539.0,23572.0,23660.0,2190500,KBS
2022-10-19 07:00:00,23572.0,23967.0,23396.0,23484.0,1192000,KBS
2022-10-20 07:00:00,23484.0,23748.0,22956.0,23132.0,1188400,KBS
2022-10-21 07:00:00,22912.0,22956.0,21549.0,21637.0,3235000,KBS
2022-10-24 07:00:00,21725.0,21944.0,20141.0,20141.0,3225100,KBS
2022-10-25 07:00:00,19174.0,20845.0,18734.0,18910.0,4266600,KBS
2022-10-26 07:00:00,18690.0,19746.0,18690.0,19350.0,3728100,KBS
2022-10-27 07:00:00,19350.0,20625.0,19262.0,20449.0,3297900,KBS
2022-10-28 07:00:00,20713.0,21065.0,20229.0,20229.0,2238900,KBS
2022-10-31 07:00:00,20053.0,20229.0,18954.0,20053.0,2795600,KBS
2022-11-01 07:00:00,20405.0,20625.0,19878.0,19878.0,1532600,KBS
2022-11-02 07:00:00,20141.0,20405.0,19570.0,20405.0,1661900,KBS
2022-11-03 07:00:00,19790.0,20581.0,19790.0,20493.0,1282500,KBS
2022-11-04 07:00:00,19878.0,20141.0,19086.0,19086.0,3629700,KBS
2022-11-07 07:00:00,18470.0,18646.0,17767.0,17767.0,1769400,KBS
2022-11-08 07:00:00,16535.0,18031.0,16535.0,17591.0,2724500,KBS
2022-11-09 07:00:00,17767.0,18778.0,17327.0,17767.0,2462900,KBS
2022-11-10 07:00:00,16711.0,17195.0,16535.0,16535.0,3185900,KBS
2022-11-11 07:00:00,16711.0,17151.0,15832.0,17063.0,3827300,KBS
2022-11-14 07:00:00,16623.0,16755.0,16008.0,16667.0,2116900,KBS
2022-11-15 07:00:00,15876.0,16403.0,15524.0,15524.0,3072900,KBS
2022-11-16 07:00:00,14468.0,16579.0,14468.0,16579.0,4930400,KBS
2022-11-17 07:00:00,17415.0,17723.0,17107.0,17723.0,3412800,KBS
2022-11-18 07:00:00,18294.0,18954.0,17899.0,18954.0,5056600,KBS
2022-11-21 07:00:00,20229.0,20273.0,19834.0,20273.0,5515400,KBS
2022-11-22 07:00:00,20757.0,21681.0,19878.0,20317.0,6617100,KBS
2022-11-23 07:00:00,20229.0,20581.0,19350.0,19482.0,3005100,KBS
2022-11-24 07:00:00,19086.0,20845.0,19086.0,20669.0,4460300,KBS
2022-11-25 07:00:00,21285.0,22076.0,21021.0,21988.0,3847700,KBS
2022-11-28 07:00:00,22824.0,23528.0,22428.0,23528.0,3225800,KBS
2022-11-29 07:00:00,24187.0,24539.0,22428.0,24275.0,4018800,KBS
2022-11-30 07:00:00,24231.0,25067.0,23440.0,25067.0,3171300,KBS
2022-12-01 07:00:00,25155.0,26298.0,24187.0,24231.0,6461300,KBS
2022-12-02 07:00:00,24231.0,25902.0,24099.0,25814.0,3324400,KBS
2022-12-05 07:00:00,25946.0,26386.0,25067.0,26298.0,3439500,KBS
2022-12-06 07:00:00,25946.0,26210.0,24759.0,25726.0,4298700,KBS
2022-12-07 07:00:00,25375.0,25419.0,24275.0,24847.0,2917000,KBS
2022-12-08 07:00:00,24979.0,26386.0,24979.0,26386.0,2692800,KBS
2022-12-09 07:00:00,26122.0,26562.0,25067.0,26562.0,2230600,KBS
2022-12-12 07:00:00,26562.0,26562.0,25111.0,25111.0,1809800,KBS
2022-12-13 07:00:00,24533.0,26666.0,24533.0,26666.0,1729500,KBS
2022-12-14 07:00:00,27511.0,27555.0,26666.0,27111.0,1674300,KBS
2022-12-15 07:00:00,27022.0,27244.0,26711.0,27111.0,835900,KBS
2022-12-16 07:00:00,26977.0,28000.0,26755.0,27111.0,1387700,KBS
2022-12-19 07:00:00,27333.0,27377.0,26977.0,27289.0,1671800,KBS
2022-12-20 07:00:00,26666.0,27289.0,25422.0,27289.0,4680500,KBS
2022-12-21 07:00:00,27200.0,27200.0,25600.0,27111.0,1776200,KBS
2022-12-22 07:00:00,26489.0,27111.0,25866.0,27111.0,1489100,KBS
2022-12-23 07:00:00,26400.0,26889.0,26266.0,26666.0,879100,KBS
2022-12-26 07:00:00,26489.0,26489.0,24800.0,25733.0,1008100,KBS
2022-12-27 07:00:00,25022.0,26666.0,25022.0,26666.0,1049600,KBS
2022-12-28 07:00:00,26666.0,26711.0,26044.0,26711.0,934600,KBS
2022-12-29 07:00:00,26400.0,26755.0,26400.0,26577.0,299800,KBS
2022-12-30 07:00:00,26622.0,27555.0,26355.0,27555.0,1427600,KBS
2023-01-03 07:00:00,27555.0,28400.0,27244.0,28400.0,2060300,KBS
2023-01-04 07:00:00,28800.0,28800.0,27333.0,27555.0,1219700,KBS
2023-01-05 07:00:00,27555.0,27822.0,27200.0,27333.0,874000,KBS
2023-01-06 07:00:00,27466.0,27822.0,25866.0,26800.0,938300,KBS
2023-01-09 07:00:00,26800.0,26800.0,25333.0,25333.0,898300,KBS
2023-01-10 07:00:00,24977.0,25644.0,24266.0,24622.0,1348800,KBS
2023-01-11 07:00:00,24622.0,25689.0,24355.0,24844.0,650900,KBS
2023-01-12 07:00:00,24889.0,25066.0,23733.0,23733.0,1148000,KBS
2023-01-13 07:00:00,24222.0,24400.0,23200.0,23333.0,1554400,KBS
2023-01-16 07:00:00,23377.0,23422.0,22755.0,22755.0,1327000,KBS
2023-01-17 07:00:00,22889.0,23911.0,22889.0,23555.0,999600,KBS
2023-01-18 07:00:00,24311.0,24800.0,23555.0,24666.0,844200,KBS
2023-01-19 07:00:00,24666.0,25511.0,24444.0,25377.0,912000,KBS
2023-01-27 07:00:00,25377.0,25689.0,25200.0,25333.0,742800,KBS
2023-01-30 07:00:00,25244.0,26177.0,24889.0,26133.0,1729300,KBS
2023-01-31 07:00:00,26133.0,26222.0,25644.0,25955.0,627700,KBS
2023-02-01 07:00:00,26266.0,26311.0,24711.0,24711.0,1770100,KBS
2023-02-02 07:00:00,24711.0,24977.0,24044.0,24711.0,911200,KBS
2023-02-03 07:00:00,24844.0,25066.0,24533.0,24622.0,297100,KBS
2023-02-06 07:00:00,24622.0,24711.0,24355.0,24622.0,311900,KBS
2023-02-07 07:00:00,24711.0,24711.0,24000.0,24622.0,482900,KBS
2023-02-08 07:00:00,24622.0,24622.0,23689.0,24000.0,781100,KBS
2023-02-09 07:00:00,23644.0,24177.0,23644.0,23689.0,324300,KBS
2023-02-10 07:00:00,23689.0,24044.0,23555.0,23777.0,393300,KBS
2023-02-13 07:00:00,23777.0,23777.0,22844.0,22933.0,1203200,KBS
2023-02-14 07:00:00,23022.0,23333.0,22933.0,23200.0,547100,KBS
2023-02-15 07:00:00,23377.0,23911.0,23111.0,23911.0,315900,KBS
2023-02-16 07:00:00,24177.0,25422.0,24089.0,25422.0,1567300,KBS
2023-02-17 07:00:00,25422.0,25866.0,25244.0,25422.0,503000,KBS
2023-02-20 07:00:00,25866.0,26222.0,25600.0,26222.0,1211500,KBS
2023-02-21 07:00:00,26755.0,26977.0,25511.0,25777.0,1673800,KBS
2023-02-22 07:00:00,25333.0,25511.0,24089.0,24089.0,1134100,KBS
2023-02-23 07:00:00,24222.0,24444.0,22933.0,24000.0,1595900,KBS
2023-02-24 07:00:00,23689.0,24000.0,23111.0,23155.0,973800,KBS
2023-02-27 07:00:00,22666.0,23555.0,22666.0,23289.0,1222700,KBS
2023-02-28 07:00:00,23511.0,23555.0,22844.0,22844.0,792300,KBS
2023-03-01 07:00:00,22578.0,22800.0,22222.0,22400.0,1664200,KBS
2023-03-02 07:00:00,22533.0,22933.0,22311.0,22444.0,585000,KBS
2023-03-03 07:00:00,22355.0,22533.0,21644.0,22222.0,1022100,KBS
2023-03-06 07:00:00,22844.0,23733.0,22755.0,22755.0,1548300,KBS
2023-03-07 07:00:00,22666.0,22889.0,22400.0,22755.0,648300,KBS
2023-03-08 07:00:00,22489.0,22844.0,21955.0,22844.0,774400,KBS
2023-03-09 07:00:00,22933.0,23200.0,22578.0,22844.0,942600,KBS
2023-03-10 07:00:00,22666.0,22711.0,22311.0,22489.0,1275200,KBS
2023-03-13 07:00:00,22133.0,22578.0,21689.0,21689.0,1698700,KBS
2023-03-14 07:00:00,21378.0,21778.0,20889.0,21244.0,1221700,KBS
2023-03-15 07:00:00,21778.0,22266.0,21422.0,22178.0,1436800,KBS
2023-03-16 07:00:00,21955.0,22133.0,21378.0,21555.0,807800,KBS
2023-03-17 07:00:00,21955.0,21955.0,21200.0,21200.0,833000,KBS
2023-03-20 07:00:00,21333.0,21333.0,20266.0,20266.0,1618700,KBS
2023-03-21 07:00:00,20666.0,20666.0,20266.0,20533.0,1298100,KBS
2023-03-22 07:00:00,20800.0,21066.0,20533.0,20533.0,923500,KBS
2023-03-23 07:00:00,20533.0,21066.0,20355.0,20711.0,1257300,KBS
2023-03-24 07:00:00,20978.0,22133.0,20844.0,22133.0,2396800,KBS
2023-03-27 07:00:00,22489.0,22844.0,22178.0,22666.0,1216200,KBS
2023-03-28 07:00:00,22933.0,22933.0,22266.0,22622.0,1404600,KBS
2023-03-29 07:00:00,22355.0,22578.0,22133.0,22444.0,897400,KBS
2023-03-30 07:00:00,22755.0,22755.0,22266.0,22266.0,924200,KBS
2023-03-31 07:00:00,22355.0,23822.0,22355.0,23822.0,2958100,KBS
2023-04-03 07:00:00,24444.0,25466.0,24266.0,25466.0,4312000,KBS
2023-04-04 07:00:00,25511.0,26666.0,25155.0,25644.0,3142300,KBS
2023-04-05 07:00:00,26044.0,26533.0,25777.0,26311.0,3220000,KBS
2023-04-06 07:00:00,26222.0,26933.0,25777.0,25955.0,3611200,KBS
2023-04-07 07:00:00,25955.0,26133.0,25244.0,26044.0,2388900,KBS
2023-04-10 07:00:00,26489.0,26666.0,26000.0,26400.0,1842200,KBS
2023-04-11 07:00:00,26177.0,26666.0,25422.0,26622.0,2120900,KBS
2023-04-12 07:00:00,26666.0,28444.0,26355.0,28444.0,5192100,KBS
2023-04-13 07:00:00,28800.0,28800.0,28177.0,28266.0,2046100,KBS
2023-04-14 07:00:00,28355.0,28355.0,26311.0,26311.0,3500300,KBS
2023-04-17 07:00:00,25866.0,27155.0,25422.0,26977.0,2214700,KBS
2023-04-18 07:00:00,26977.0,27200.0,26089.0,26977.0,1943300,KBS
2023-04-19 07:00:00,27289.0,27555.0,26044.0,26355.0,2512800,KBS
2023-04-20 07:00:00,26311.0,27155.0,26311.0,26755.0,1872400,KBS
2023-04-21 07:00:00,26755.0,28222.0,26577.0,27111.0,3662400,KBS
2023-04-24 07:00:00,27377.0,28533.0,27111.0,28000.0,3161200,KBS
2023-04-25 07:00:00,28177.0,28889.0,27200.0,27644.0,2021700,KBS
2023-04-26 07:00:00,27644.0,27689.0,26844.0,27644.0,2807100,KBS
2023-04-27 07:00:00,27911.0,28533.0,27511.0,27822.0,2016000,KBS
2023-04-28 07:00:00,28266.0,29689.0,27955.0,29689.0,5501700,KBS
2023-05-04 07:00:00,28889.0,30666.0,28889.0,30177.0,4077000,KBS
2023-05-05 07:00:00,30044.0,30489.0,29289.0,30311.0,1934700,KBS
2023-05-08 07:00:00,30400.0,31111.0,29777.0,30044.0,2459500,KBS
2023-05-09 07:00:00,30044.0,30133.0,29200.0,29333.0,2590400,KBS
2023-05-10 07:00:00,29777.0,30400.0,29600.0,30089.0,1988800,KBS
2023-05-11 07:00:00,30222.0,30577.0,29644.0,29644.0,2393500,KBS
2023-05-12 07:00:00,29555.0,30089.0,29377.0,30089.0,2096800,KBS
2023-05-15 07:00:00,30577.0,30577.0,29155.0,29155.0,2058700,KBS
2023-05-16 07:00:00,29155.0,29777.0,28977.0,29466.0,1343900,KBS
2023-05-17 07:00:00,29333.0,29377.0,28000.0,28133.0,3763500,KBS
2023-05-18 07:00:00,28177.0,28844.0,27689.0,28266.0,1554800,KBS
2023-05-19 07:00:00,28622.0,28622.0,28089.0,28444.0,982800,KBS
2023-05-22 07:00:00,28400.0,29600.0,28266.0,29600.0,1645200,KBS
2023-05-23 07:00:00,29422.0,29511.0,28977.0,28977.0,1463600,KBS
2023-05-24 07:00:00,29155.0,29422.0,28577.0,28577.0,2241900,KBS
2023-05-25 07:00:00,28400.0,28444.0,27733.0,27822.0,2318600,KBS
2023-05-26 07:00:00,27822.0,28711.0,27822.0,28444.0,1652600,KBS
2023-05-29 07:00:00,28623.0,29070.0,28534.0,28712.0,1002300,KBS
2023-05-30 07:00:00,29070.0,29339.0,28668.0,28891.0,2024700,KBS
2023-05-31 07:00:00,28712.0,29204.0,28623.0,28623.0,2444100,KBS
2023-06-01 07:00:00,28534.0,29160.0,28534.0,29070.0,1835900,KBS
2023-06-02 07:00:00,29473.0,29473.0,28847.0,29026.0,2154900,KBS
2023-06-05 07:00:00,29070.0,29249.0,28220.0,28489.0,2784900,KBS
2023-06-06 07:00:00,28489.0,29026.0,28265.0,29026.0,1785600,KBS
2023-06-07 07:00:00,29249.0,29965.0,29204.0,29965.0,5304800,KBS
2023-06-08 07:00:00,30144.0,30144.0,28981.0,28981.0,3571000,KBS
2023-06-09 07:00:00,28981.0,29517.0,28220.0,29517.0,2926300,KBS
2023-06-12 07:00:00,29517.0,29607.0,28578.0,29517.0,1902000,KBS
2023-06-13 07:00:00,29517.0,30099.0,29026.0,29965.0,3818900,KBS
2023-06-14 07:00:00,30054.0,31262.0,29831.0,30457.0,5177400,KBS
2023-06-15 07:00:00,30457.0,31128.0,30457.0,30770.0,3324600,KBS
2023-06-16 07:00:00,31128.0,32022.0,30501.0,30546.0,4540300,KBS
2023-06-19 07:00:00,30591.0,30859.0,29965.0,30725.0,1990300,KBS
2023-06-20 07:00:00,30770.0,31485.0,30412.0,31262.0,2645100,KBS
2023-06-21 07:00:00,31262.0,31396.0,30904.0,31262.0,2225600,KBS
2023-06-22 07:00:00,31306.0,31575.0,30859.0,31217.0,2819500,KBS
2023-06-23 07:00:00,31306.0,31306.0,30322.0,30457.0,3505100,KBS
2023-06-26 07:00:00,30412.0,30770.0,29875.0,30412.0,2795700,KBS
2023-06-27 07:00:00,30770.0,30770.0,30188.0,30322.0,1338400,KBS
2023-06-28 07:00:00,30144.0,30591.0,29696.0,30278.0,4263400,KBS
2023-06-29 07:00:00,30278.0,30278.0,29473.0,29562.0,3102400,KBS
2023-06-30 07:00:00,29607.0,29652.0,28847.0,29517.0,2559200,KBS
2023-07-03 07:00:00,29562.0,29562.0,29070.0,29070.0,1009000,KBS
2023-07-04 07:00:00,29070.0,29517.0,28534.0,29517.0,4010900,KBS
2023-07-05 07:00:00,29696.0,30278.0,29428.0,30099.0,3282800,KBS
2023-07-06 07:00:00,30054.0,30054.0,29070.0,29070.0,2781100,KBS
2023-07-07 07:00:00,29115.0,29249.0,28310.0,28578.0,4243800,KBS
2023-07-10 07:00:00,28578.0,29204.0,28489.0,28534.0,3162100,KBS
2023-07-11 07:00:00,28981.0,29249.0,28802.0,28891.0,2523900,KBS
2023-07-12 07:00:00,29204.0,29204.0,28712.0,28981.0,2183000,KBS
2023-07-13 07:00:00,29070.0,30993.0,28981.0,30993.0,8128300,KBS
2023-07-14 07:00:00,31128.0,33006.0,31038.0,33006.0,6919400,KBS
2023-07-17 07:00:00,32738.0,33095.0,32290.0,32648.0,3732700,KBS
2023-07-18 07:00:00,32380.0,34303.0,32380.0,33811.0,4421600,KBS
2023-07-19 07:00:00,33811.0,33945.0,32916.0,33453.0,3548300,KBS
2023-07-20 07:00:00,33051.0,33900.0,32782.0,33543.0,2714500,KBS
2023-07-21 07:00:00,33811.0,34437.0,33185.0,34035.0,4417700,KBS
2023-07-24 07:00:00,34392.0,34437.0,33543.0,33587.0,4732700,KBS
2023-07-25 07:00:00,33543.0,33632.0,33006.0,33274.0,4199100,KBS
2023-07-26 07:00:00,33364.0,34303.0,33006.0,34124.0,6464400,KBS
2023-07-27 07:00:00,34124.0,34974.0,33900.0,34929.0,6380400,KBS
2023-07-28 07:00:00,34929.0,35510.0,34437.0,35063.0,3576900,KBS
2023-07-31 07:00:00,34884.0,35779.0,33856.0,35779.0,4046600,KBS
2023-08-01 07:00:00,35734.0,35734.0,34079.0,34079.0,4624900,KBS
2023-08-02 07:00:00,34169.0,34527.0,33677.0,34482.0,2472400,KBS
2023-08-03 07:00:00,34213.0,34840.0,34035.0,34348.0,3102700,KBS
2023-08-04 07:00:00,34705.0,35779.0,34482.0,35779.0,6552900,KBS
2023-08-07 07:00:00,35645.0,35645.0,34795.0,35063.0,2981200,KBS
2023-08-08 07:00:00,34974.0,35153.0,34303.0,34303.0,3061800,KBS
2023-08-09 07:00:00,34437.0,34705.0,34035.0,34392.0,2050800,KBS
2023-08-10 07:00:00,34392.0,34884.0,33811.0,33811.0,2666900,KBS
2023-08-11 07:00:00,33766.0,34616.0,33230.0,34616.0,2711200,KBS
2023-08-14 07:00:00,35018.0,35332.0,34661.0,34705.0,3180900,KBS
2023-08-15 07:00:00,34750.0,35063.0,34303.0,34437.0,2181200,KBS
2023-08-16 07:00:00,34616.0,34616.0,34035.0,34482.0,1724600,KBS
2023-08-17 07:00:00,34884.0,35421.0,34392.0,34392.0,3635900,KBS
2023-08-18 07:00:00,33990.0,34169.0,32022.0,32022.0,6112900,KBS
2023-08-21 07:00:00,31754.0,33095.0,30904.0,32201.0,3025900,KBS
2023-08-22 07:00:00,32648.0,32648.0,30859.0,31754.0,1724900,KBS
2023-08-23 07:00:00,32380.0,32380.0,31083.0,31083.0,2596800,KBS
2023-08-24 07:00:00,31172.0,33230.0,31128.0,33095.0,3118500,KBS
2023-08-25 07:00:00,33274.0,33498.0,32514.0,33095.0,2311100,KBS
2023-08-28 07:00:00,33543.0,34035.0,33274.0,33632.0,2464100,KBS
2023-08-29 07:00:00,33811.0,34348.0,33543.0,33721.0,2168100,KBS
2023-08-30 07:00:00,33990.0,34392.0,33632.0,34348.0,2536400,KBS
2023-08-31 07:00:00,34795.0,35153.0,34661.0,34795.0,2721000,KBS
2023-09-05 07:00:00,34929.0,35018.0,34392.0,34884.0,2582600,KBS
2023-09-06 07:00:00,34884.0,35197.0,34392.0,35108.0,2376800,KBS
2023-09-07 07:00:00,35332.0,36450.0,35332.0,35466.0,4843200,KBS
2023-09-08 07:00:00,35510.0,35555.0,35153.0,35153.0,2333100,KBS
2023-09-11 07:00:00,35332.0,35600.0,33453.0,33453.0,4484000,KBS
2023-09-12 07:00:00,33453.0,34258.0,33006.0,34258.0,3308800,KBS
2023-09-13 07:00:00,34437.0,34795.0,33543.0,33900.0,2723700,KBS
2023-09-14 07:00:00,33900.0,33900.0,32648.0,32738.0,3240300,KBS
2023-09-15 07:00:00,32916.0,33185.0,32380.0,32469.0,2104700,KBS
2023-09-18 07:00:00,32469.0,33274.0,32246.0,33051.0,1550100,KBS
2023-09-19 07:00:00,33274.0,33274.0,32559.0,32693.0,1204900,KBS
2023-09-20 07:00:00,32916.0,34527.0,32872.0,34303.0,3484200,KBS
2023-09-21 07:00:00,34437.0,34840.0,33900.0,34124.0,2632800,KBS
2023-09-22 07:00:00,33274.0,33543.0,32246.0,32380.0,3958900,KBS
2023-09-25 07:00:00,32201.0,32738.0,30144.0,30144.0,3598100,KBS
2023-09-26 07:00:00,29607.0,30501.0,29428.0,29428.0,2188300,KBS
2023-09-27 07:00:00,29249.0,30949.0,28534.0,30949.0,2112900,KBS
2023-09-28 07:00:00,30949.0,31888.0,30009.0,31798.0,2291600,KBS
2023-09-29 07:00:00,32201.0,32201.0,31306.0,31306.0,1799600,KBS
2023-10-02 07:00:00,31306.0,31664.0,30412.0,31038.0,517800,KBS
2023-10-03 07:00:00,30501.0,30859.0,29070.0,29249.0,2173300,KBS
2023-10-04 07:00:00,28712.0,30144.0,28623.0,29741.0,818400,KBS
2023-10-05 07:00:00,30233.0,30233.0,28712.0,28757.0,1491200,KBS
2023-10-06 07:00:00,28802.0,29428.0,27729.0,28802.0,1779500,KBS
2023-10-09 07:00:00,28757.0,29965.0,28757.0,29965.0,1116600,KBS
2023-10-10 07:00:00,30322.0,30412.0,29696.0,29696.0,940500,KBS
2023-10-11 07:00:00,29607.0,29875.0,29339.0,29786.0,708600,KBS
2023-10-12 07:00:00,30233.0,30591.0,29965.0,30233.0,1354400,KBS
2023-10-13 07:00:00,29965.0,31128.0,29517.0,31128.0,1564500,KBS
2023-10-16 07:00:00,31128.0,31754.0,30591.0,30770.0,1532300,KBS
2023-10-17 07:00:00,30814.0,30993.0,29070.0,29070.0,1513100,KBS
2023-10-18 07:00:00,29249.0,29607.0,27729.0,28623.0,2042200,KBS
2023-10-19 07:00:00,28623.0,29115.0,28265.0,28310.0,1268500,KBS
2023-10-20 07:00:00,28310.0,30278.0,27997.0,30278.0,1863400,KBS
2023-10-23 07:00:00,30322.0,30636.0,29965.0,30412.0,1444700,KBS
2023-10-24 07:00:00,30412.0,31754.0,30233.0,31485.0,2358800,KBS
2023-10-25 07:00:00,31306.0,31575.0,30680.0,30680.0,1415700,KBS
2023-10-26 07:00:00,29920.0,30054.0,28534.0,29339.0,3341600,KBS
2023-10-27 07:00:00,29517.0,30636.0,28489.0,30322.0,2150100,KBS
2023-10-30 07:00:00,29875.0,30412.0,29070.0,29070.0,975400,KBS
2023-10-31 07:00:00,29428.0,29428.0,27058.0,27102.0,2295400,KBS
2023-11-01 07:00:00,27281.0,27550.0,26118.0,27102.0,1601400,KBS
2023-11-02 07:00:00,27997.0,28981.0,27729.0,28981.0,1816100,KBS
2023-11-03 07:00:00,29517.0,29517.0,28534.0,28623.0,2488800,KBS
2023-11-06 07:00:00,29026.0,30144.0,28668.0,29786.0,1577300,KBS
2023-11-07 07:00:00,29339.0,29920.0,29160.0,29249.0,1027300,KBS
2023-11-08 07:00:00,29249.0,31038.0,29115.0,31038.0,3788900,KBS
2023-11-09 07:00:00,31306.0,33185.0,30904.0,32872.0,7677800,KBS
2023-11-10 07:00:00,32648.0,33900.0,32603.0,32648.0,3802100,KBS
2023-11-13 07:00:00,33006.0,33587.0,32290.0,33095.0,3686400,KBS
2023-11-14 07:00:00,33453.0,33856.0,32648.0,33095.0,3060600,KBS
2023-11-15 07:00:00,33900.0,33900.0,32559.0,32827.0,3394900,KBS
2023-11-16 07:00:00,32782.0,33543.0,32648.0,33543.0,2225000,KBS
2023-11-17 07:00:00,33543.0,33990.0,32022.0,33051.0,4388500,KBS
2023-11-20 07:00:00,32827.0,33856.0,32201.0,33230.0,2914700,KBS
2023-11-21 07:00:00,33543.0,34348.0,33274.0,33856.0,3279500,KBS
2023-11-22 07:00:00,33856.0,34348.0,33498.0,34124.0,4938300,KBS
2023-11-23 07:00:00,34169.0,34348.0,31754.0,31754.0,5438500,KBS
2023-11-24 07:00:00,31933.0,33006.0,31485.0,33006.0,2931200,KBS
2023-11-27 07:00:00,32961.0,33811.0,32827.0,33140.0,2246000,KBS
2023-11-28 07:00:00,32872.0,33453.0,32380.0,33274.0,1681500,KBS
2023-11-29 07:00:00,33364.0,33543.0,33095.0,33364.0,1510600,KBS
2023-11-30 07:00:00,33632.0,33811.0,33095.0,33095.0,2567600,KBS
2023-12-01 07:00:00,33543.0,33543.0,32738.0,33274.0,1305800,KBS
2023-12-04 07:00:00,33632.0,34705.0,33543.0,34258.0,3856200,KBS
2023-12-05 07:00:00,34079.0,34258.0,33632.0,33632.0,2243300,KBS
2023-12-06 07:00:00,33632.0,34303.0,33453.0,34169.0,2129700,KBS
2023-12-07 07:00:00,34392.0,34392.0,32738.0,33230.0,2955100,KBS
2023-12-08 07:00:00,33274.0,33677.0,32693.0,33006.0,1298300,KBS
2023-12-11 07:00:00,33051.0,33095.0,32380.0,32559.0,1377800,KBS
2023-12-12 07:00:00,32872.0,33051.0,32514.0,33006.0,1248900,KBS
2023-12-13 07:00:00,33274.0,33274.0,32380.0,32380.0,2001000,KBS
2023-12-14 07:00:00,32738.0,32827.0,32022.0,32067.0,1809900,KBS
2023-12-15 07:00:00,32067.0,32469.0,31306.0,31933.0,2020300,KBS
2023-12-18 07:00:00,31933.0,33006.0,31754.0,32469.0,1597500,KBS
2023-12-19 07:00:00,32559.0,32738.0,32111.0,32738.0,737300,KBS
2023-12-20 07:00:00,32782.0,32827.0,32469.0,32648.0,627500,KBS
2023-12-21 07:00:00,32559.0,32827.0,32290.0,32827.0,955200,KBS
2023-12-22 07:00:00,32827.0,33006.0,32603.0,32827.0,907500,KBS
2023-12-25 07:00:00,32827.0,33766.0,32738.0,33721.0,2938700,KBS
2023-12-26 07:00:00,33900.0,33945.0,33408.0,33632.0,1420500,KBS
2023-12-27 07:00:00,33632.0,33811.0,33185.0,33185.0,2087200,KBS
2023-12-28 07:00:00,33185.0,33677.0,33095.0,33095.0,2036000,KBS
2023-12-29 07:00:00,33095.0,33408.0,32782.0,32782.0,1891000,KBS
2024-01-02 07:00:00,32916.0,33274.0,32603.0,32738.0,1401900,KBS
2024-01-03 07:00:00,32603.0,33185.0,32603.0,33095.0,1139000,KBS
2024-01-04 07:00:00,33095.0,33721.0,33006.0,33095.0,3012500,KBS
2024-01-05 07:00:00,32916.0,33543.0,32916.0,33274.0,2067700,KBS
2024-01-08 07:00:00,33543.0,34124.0,33543.0,34035.0,4741700,KBS
2024-01-09 07:00:00,34169.0,34437.0,33587.0,33632.0,1747100,KBS
2024-01-10 07:00:00,33632.0,33990.0,33095.0,33185.0,2354600,KBS
2024-01-11 07:00:00,33364.0,33543.0,32916.0,32961.0,1785700,KBS
2024-01-12 07:00:00,32648.0,33051.0,32201.0,32559.0,2519500,KBS
2024-01-15 07:00:00,32827.0,33051.0,32201.0,32201.0,1392700,KBS
2024-01-16 07:00:00,32067.0,33095.0,32022.0,33095.0,1254800,KBS
2024-01-17 07:00:00,33095.0,33587.0,32872.0,33274.0,2188700,KBS
2024-01-18 07:00:00,33498.0,35332.0,33498.0,35018.0,8475300,KBS
2024-01-19 07:00:00,35063.0,35332.0,34661.0,34884.0,3358800,KBS
2024-01-22 07:00:00,34929.0,35242.0,34392.0,35153.0,3413500,KBS
2024-01-23 07:00:00,35153.0,35287.0,34616.0,34750.0,1773900,KBS
2024-01-24 07:00:00,34795.0,34840.0,34213.0,34213.0,2698600,KBS
2024-01-25 07:00:00,34392.0,34392.0,34124.0,34392.0,1129600,KBS
2024-01-26 07:00:00,34437.0,35376.0,34392.0,35376.0,5294300,KBS
2024-01-29 07:00:00,35510.0,35510.0,34795.0,34840.0,1953300,KBS
2024-01-30 07:00:00,34705.0,35153.0,34571.0,34974.0,2263200,KBS
2024-01-31 07:00:00,35108.0,35153.0,34392.0,34437.0,2739900,KBS
2024-02-01 07:00:00,34437.0,35018.0,34303.0,34929.0,1695000,KBS
2024-02-02 07:00:00,34929.0,36673.0,34929.0,35332.0,6374600,KBS
2024-02-05 07:00:00,35332.0,35600.0,34750.0,35332.0,2673900,KBS
2024-02-06 07:00:00,35421.0,36047.0,35332.0,35645.0,3050200,KBS
2024-02-07 07:00:00,35868.0,35868.0,35108.0,35600.0,3298200,KBS
2024-02-15 07:00:00,35600.0,35689.0,35108.0,35197.0,2564000,KBS
2024-02-16 07:00:00,35197.0,35958.0,35153.0,35153.0,3021300,KBS
2024-02-19 07:00:00,35332.0,35332.0,34616.0,34661.0,4675100,KBS
2024-02-20 07:00:00,34795.0,35153.0,34661.0,34840.0,1907000,KBS
2024-02-21 07:00:00,34705.0,35510.0,34616.0,34884.0,2313200,KBS
2024-02-22 07:00:00,34795.0,35108.0,34795.0,34884.0,1393800,KBS
2024-02-23 07:00:00,34974.0,34974.0,33543.0,33721.0,4642100,KBS
2024-02-26 07:00:00,33677.0,33766.0,33185.0,33453.0,2491200,KBS
2024-02-27 07:00:00,33543.0,34616.0,33543.0,34437.0,2350100,KBS
2024-02-28 07:00:00,34616.0,34661.0,33990.0,34169.0,1742500,KBS
2024-02-29 07:00:00,34437.0,35510.0,34124.0,35421.0,8044000,KBS
2024-03-01 07:00:00,35600.0,35734.0,35153.0,35689.0,3456200,KBS
2024-03-04 07:00:00,36494.0,38149.0,36450.0,38149.0,13276700,KBS
2024-03-05 07:00:00,38239.0,38865.0,37836.0,37970.0,5504700,KBS
2024-03-06 07:00:00,37925.0,39267.0,37299.0,38462.0,5955100,KBS
2024-03-07 07:00:00,38149.0,38865.0,37925.0,38373.0,5086100,KBS
2024-03-08 07:00:00,38731.0,38731.0,37389.0,37478.0,6649600,KBS
2024-03-11 07:00:00,37478.0,38552.0,37031.0,37478.0,4199400,KBS
2024-03-12 07:00:00,37478.0,38328.0,37210.0,38015.0,5982100,KBS
2024-03-13 07:00:00,38373.0,40027.0,38104.0,39804.0,6057000,KBS
2024-03-14 07:00:00,39893.0,39938.0,38909.0,39893.0,4184600,KBS
2024-03-15 07:00:00,39804.0,40162.0,37165.0,39222.0,5211800,KBS
2024-03-18 07:00:00,39714.0,40385.0,36494.0,38283.0,8998700,KBS
2024-03-19 07:00:00,38373.0,38641.0,37568.0,37568.0,3574200,KBS
2024-03-20 07:00:00,37925.0,38283.0,37255.0,38283.0,3240300,KBS
2024-03-21 07:00:00,38731.0,39357.0,38104.0,38731.0,3427600,KBS
2024-03-22 07:00:00,38820.0,39312.0,38373.0,38865.0,4160300,KBS
2024-03-25 07:00:00,38865.0,39759.0,38686.0,39044.0,4381200,KBS
2024-03-26 07:00:00,38909.0,40027.0,38462.0,39625.0,3711700,KBS
2024-03-27 07:00:00,39983.0,39983.0,39088.0,39536.0,2984900,KBS
2024-03-28 07:00:00,39983.0,39983.0,38865.0,39178.0,2822000,KBS
2024-03-29 07:00:00,39178.0,39312.0,38731.0,38775.0,2303500,KBS
2024-04-01 07:00:00,38865.0,39580.0,38641.0,39178.0,4082300,KBS
2024-04-02 07:00:00,39133.0,39759.0,38686.0,39759.0,3330800,KBS
2024-04-03 07:00:00,39759.0,41280.0,39625.0,39983.0,6285200,KBS
2024-04-04 07:00:00,39804.0,41011.0,39312.0,39849.0,4316400,KBS
2024-04-05 07:00:00,39446.0,40609.0,39088.0,39088.0,4363600,KBS
2024-04-08 07:00:00,38999.0,39580.0,38462.0,38596.0,2449600,KBS
2024-04-09 07:00:00,38686.0,38865.0,37612.0,38596.0,3562400,KBS
2024-04-10 07:00:00,38909.0,38954.0,38015.0,38015.0,1491200,KBS
2024-04-11 07:00:00,37657.0,38239.0,37612.0,37836.0,1812900,KBS
2024-04-12 07:00:00,38328.0,38328.0,37657.0,38239.0,2144800,KBS
2024-04-15 07:00:00,37881.0,38328.0,35600.0,35600.0,4558600,KBS
2024-04-16 07:00:00,35600.0,35600.0,33900.0,35153.0,4053500,KBS
2024-04-17 07:00:00,35242.0,35242.0,33990.0,33990.0,2793700,KBS
2024-04-19 07:00:00,33095.0,33498.0,31977.0,32201.0,4698600,KBS
2024-04-22 07:00:00,32738.0,33274.0,32469.0,33185.0,3083800,KBS
2024-04-23 07:00:00,33095.0,33274.0,32201.0,32201.0,3279800,KBS
2024-04-24 07:00:00,33006.0,34437.0,32648.0,34437.0,3015000,KBS
2024-04-25 07:00:00,34437.0,34437.0,33408.0,33900.0,2727800,KBS
2024-04-26 07:00:00,33587.0,34169.0,33408.0,33900.0,2927000,KBS
2024-05-02 07:00:00,33856.0,35108.0,32961.0,35108.0,2940400,KBS
2024-05-03 07:00:00,35108.0,36494.0,34705.0,36494.0,4881300,KBS
2024-05-06 07:00:00,35958.0,36673.0,35958.0,36315.0,2169900,KBS
2024-05-07 07:00:00,36494.0,37031.0,36360.0,36852.0,2248900,KBS
2024-05-08 07:00:00,36226.0,36673.0,35689.0,36673.0,2522200,KBS
2024-05-09 07:00:00,36718.0,37031.0,36092.0,36494.0,2202800,KBS
2024-05-10 07:00:00,36360.0,37568.0,36181.0,36986.0,3634000,KBS
2024-05-13 07:00:00,37568.0,37568.0,36942.0,37165.0,1558900,KBS
2024-05-14 07:00:00,37120.0,37344.0,36763.0,37299.0,1784000,KBS
2024-05-15 07:00:00,37299.0,38015.0,36852.0,37925.0,2822100,KBS
2024-05-16 07:00:00,37970.0,39357.0,37970.0,39357.0,4602200,KBS
2024-05-17 07:00:00,38999.0,39357.0,38507.0,39357.0,3150000,KBS
2024-05-20 07:00:00,39670.0,39670.0,39044.0,39044.0,2938400,KBS
2024-05-21 07:00:00,38954.0,39670.0,38865.0,39446.0,2913600,KBS
2024-05-22 07:00:00,39446.0,40475.0,39446.0,40341.0,4382300,KBS
2024-05-23 07:00:00,40162.0,41056.0,39446.0,41056.0,3219800,KBS
2024-05-24 07:00:00,40475.0,41011.0,38194.0,39267.0,4661300,KBS
2024-05-27 07:00:00,39267.0,39536.0,38462.0,39267.0,1561600,KBS
2024-05-28 07:00:00,39267.0,39849.0,38999.0,39536.0,2197500,KBS
2024-05-29 07:00:00,39716.0,40350.0,39355.0,40169.0,2840400,KBS
2024-05-30 07:00:00,39219.0,39852.0,38857.0,39536.0,1728100,KBS
2024-05-31 07:00:00,39083.0,40169.0,39083.0,39807.0,2649200,KBS
2024-06-03 07:00:00,39943.0,40757.0,39807.0,40712.0,4509100,KBS
2024-06-04 07:00:00,40893.0,40893.0,40259.0,40666.0,1914000,KBS
2024-06-05 07:00:00,40666.0,40712.0,39626.0,39671.0,3603900,KBS
2024-06-06 07:00:00,39807.0,39807.0,38450.0,38450.0,3258500,KBS
2024-06-07 07:00:00,38857.0,38993.0,38043.0,38586.0,2837800,KBS
2024-06-10 07:00:00,38721.0,39083.0,38269.0,38721.0,2275200,KBS
2024-06-11 07:00:00,38902.0,39083.0,38450.0,38902.0,1520700,KBS
2024-06-12 07:00:00,40259.0,40259.0,38767.0,39355.0,2105300,KBS
2024-06-13 07:00:00,39355.0,40124.0,39355.0,39897.0,2433400,KBS
2024-06-14 07:00:00,39762.0,39852.0,38088.0,38088.0,2052300,KBS
2024-06-17 07:00:00,38088.0,38269.0,37093.0,37093.0,3706700,KBS
2024-06-18 07:00:00,37636.0,37862.0,37274.0,37771.0,1596900,KBS
2024-06-19 07:00:00,38269.0,38269.0,37229.0,37817.0,1807200,KBS
2024-06-20 07:00:00,37364.0,37907.0,37093.0,37274.0,2168700,KBS
2024-06-21 07:00:00,37274.0,37500.0,37002.0,37002.0,2392700,KBS
2024-06-24 07:00:00,36957.0,37590.0,36007.0,36867.0,5572000,KBS
2024-06-25 07:00:00,36821.0,37636.0,36776.0,37636.0,2061700,KBS
2024-06-26 07:00:00,37409.0,37636.0,36776.0,37636.0,2363500,KBS
2024-06-27 07:00:00,37093.0,37998.0,36957.0,37998.0,1631000,KBS
2024-06-28 07:00:00,37952.0,37952.0,36640.0,37455.0,1895300,KBS
2024-07-01 07:00:00,37455.0,38812.0,37138.0,37817.0,1224900,KBS
2024-07-02 07:00:00,37998.0,39128.0,37636.0,39038.0,3277000,KBS
2024-07-03 07:00:00,39083.0,39174.0,38721.0,38902.0,1343100,KBS
2024-07-04 07:00:00,38902.0,39038.0,38631.0,38902.0,1871200,KBS
2024-07-05 07:00:00,38902.0,39807.0,38767.0,39807.0,6038700,KBS
2024-07-08 07:00:00,40169.0,40712.0,39355.0,39897.0,3537900,KBS
2024-07-09 07:00:00,40350.0,40350.0,39174.0,39264.0,2322900,KBS
2024-07-10 07:00:00,39355.0,39490.0,38857.0,38857.0,2442000,KBS
2024-07-11 07:00:00,39264.0,39988.0,38676.0,38902.0,3939900,KBS
2024-07-12 07:00:00,38947.0,39536.0,38721.0,38902.0,1908000,KBS
2024-07-15 07:00:00,38947.0,39716.0,38947.0,39626.0,2179400,KBS
2024-07-16 07:00:00,39626.0,40350.0,39626.0,39807.0,4013800,KBS
2024-07-17 07:00:00,39943.0,39943.0,37093.0,37998.0,4111100,KBS
2024-07-18 07:00:00,37998.0,38405.0,37093.0,38269.0,1545000,KBS
2024-07-19 07:00:00,38088.0,38178.0,37093.0,37138.0,1489800,KBS
2024-07-22 07:00:00,36912.0,37138.0,35374.0,37093.0,2268100,KBS
2024-07-23 07:00:00,37093.0,37636.0,36686.0,37183.0,2050900,KBS
2024-07-24 07:00:00,36912.0,38178.0,36640.0,37998.0,1799200,KBS
2024-07-25 07:00:00,37907.0,37907.0,37183.0,37590.0,1049000,KBS
2024-07-26 07:00:00,37907.0,37952.0,37409.0,37771.0,612000,KBS
2024-07-29 07:00:00,37998.0,38224.0,37545.0,37590.0,986700,KBS
2024-07-30 07:00:00,37455.0,38405.0,37455.0,37817.0,2514200,KBS
2024-07-31 07:00:00,38133.0,38133.0,37229.0,37229.0,789200,KBS
2024-08-01 07:00:00,37274.0,37455.0,35283.0,35555.0,2999600,KBS
2024-08-02 07:00:00,35283.0,35917.0,34469.0,35736.0,1771100,KBS
2024-08-05 07:00:00,35691.0,35691.0,33564.0,34198.0,2529900,KBS
2024-08-06 07:00:00,34379.0,35464.0,34288.0,35464.0,1558100,KBS
2024-08-07 07:00:00,35283.0,35510.0,34967.0,35419.0,761300,KBS
2024-08-08 07:00:00,35193.0,35193.0,34379.0,34469.0,1449300,KBS
2024-08-09 07:00:00,34741.0,35283.0,34333.0,35283.0,834700,KBS
2024-08-12 07:00:00,35193.0,35374.0,34786.0,35238.0,928100,KBS
2024-08-13 07:00:00,34922.0,35374.0,34514.0,34695.0,1487000,KBS
2024-08-14 07:00:00,34922.0,35193.0,34379.0,34424.0,827600,KBS
2024-08-15 07:00:00,34469.0,34741.0,33655.0,33700.0,954300,KBS
2024-08-16 07:00:00,34288.0,35871.0,33926.0,35736.0,3462600,KBS
2024-08-19 07:00:00,36188.0,36640.0,35917.0,35917.0,1349200,KBS
2024-08-20 07:00:00,35917.0,37274.0,35555.0,36731.0,2533700,KBS
2024-08-21 07:00:00,36912.0,37002.0,36279.0,36821.0,1627100,KBS
2024-08-22 07:00:00,36776.0,37093.0,36640.0,36821.0,1036300,KBS
2024-08-23 07:00:00,36821.0,36821.0,36324.0,36821.0,1053900,KBS
2024-08-26 07:00:00,37093.0,37093.0,36776.0,36776.0,1019500,KBS
2024-08-27 07:00:00,36731.0,37636.0,36460.0,36821.0,1509800,KBS
2024-08-28 07:00:00,36912.0,37093.0,36279.0,37002.0,1737100,KBS
2024-08-29 07:00:00,37002.0,37138.0,36731.0,37002.0,759700,KBS
2024-08-30 07:00:00,37002.0,37093.0,36640.0,37093.0,1134600,KBS
2024-09-04 07:00:00,36912.0,38224.0,36279.0,37998.0,2059700,KBS
2024-09-05 07:00:00,37998.0,38269.0,37093.0,37183.0,1582400,KBS
2024-09-06 07:00:00,37093.0,37409.0,36867.0,37183.0,686900,KBS
2024-09-09 07:00:00,37093.0,37455.0,36821.0,37183.0,420900,KBS
2024-09-10 07:00:00,37183.0,37364.0,36188.0,37002.0,1924700,KBS
2024-09-11 07:00:00,37002.0,37002.0,36007.0,37002.0,906800,KBS
2024-09-12 07:00:00,37002.0,37048.0,36821.0,37002.0,691500,KBS
2024-09-13 07:00:00,37002.0,37771.0,36731.0,37771.0,1275300,KBS
2024-09-16 07:00:00,37364.0,37681.0,37093.0,37093.0,835300,KBS
2024-09-17 07:00:00,37183.0,37952.0,37002.0,37862.0,1766800,KBS
2024-09-18 07:00:00,37998.0,37998.0,37817.0,37952.0,1953400,KBS
2024-09-19 07:00:00,37998.0,38224.0,37862.0,38133.0,1649600,KBS
2024-09-20 07:00:00,38269.0,38314.0,37636.0,37636.0,1674000,KBS
2024-09-23 07:00:00,37636.0,38088.0,37545.0,37817.0,1345800,KBS
2024-09-24 07:00:00,37817.0,37952.0,37726.0,37907.0,831900,KBS
2024-09-25 07:00:00,38178.0,38540.0,37907.0,38359.0,2416000,KBS
2024-09-26 07:00:00,38359.0,38586.0,38043.0,38043.0,1681700,KBS
2024-09-27 07:00:00,37998.0,38314.0,37545.0,37771.0,1710500,KBS
2024-09-30 07:00:00,37364.0,37636.0,37319.0,37590.0,1180700,KBS
2024-10-01 07:00:00,37636.0,38359.0,37545.0,37636.0,1673600,KBS
2024-10-02 07:00:00,37455.0,37817.0,37093.0,37093.0,1132900,KBS
2024-10-03 07:00:00,37093.0,37500.0,36188.0,36369.0,1947100,KBS
2024-10-04 07:00:00,36188.0,36460.0,36098.0,36098.0,1569500,KBS
2024-10-07 07:00:00,36188.0,36686.0,36188.0,36460.0,915400,KBS
2024-10-08 07:00:00,36324.0,36460.0,36188.0,36279.0,1210000,KBS
2024-10-09 07:00:00,36233.0,36731.0,36233.0,36640.0,1227100,KBS
2024-10-10 07:00:00,36686.0,36867.0,36324.0,36324.0,896100,KBS
2024-10-11 07:00:00,36369.0,36686.0,36233.0,36414.0,699800,KBS
2024-10-14 07:00:00,36324.0,36640.0,35917.0,35917.0,1299800,KBS
2024-10-15 07:00:00,36324.0,36324.0,35148.0,35283.0,2754400,KBS
2024-10-16 07:00:00,35510.0,35510.0,34469.0,34560.0,2149700,KBS
2024-10-17 07:00:00,34786.0,35329.0,34379.0,35193.0,2658500,KBS
2024-10-18 07:00:00,35555.0,35691.0,35193.0,35193.0,2520800,KBS
2024-10-21 07:00:00,35193.0,35238.0,34514.0,34560.0,1255700,KBS
2024-10-22 07:00:00,34560.0,35238.0,34198.0,34514.0,2580700,KBS
2024-10-23 07:00:00,34741.0,35645.0,34514.0,35555.0,1594400,KBS
2024-10-24 07:00:00,35555.0,35645.0,34922.0,35193.0,1882800,KBS
2024-10-25 07:00:00,35329.0,35510.0,35057.0,35057.0,1276200,KBS
2024-10-28 07:00:00,35057.0,35374.0,35057.0,35374.0,972600,KBS
2024-10-29 07:00:00,35555.0,35736.0,35283.0,35374.0,1345500,KBS
2024-10-30 07:00:00,35419.0,35826.0,35374.0,35645.0,1531300,KBS
2024-10-31 07:00:00,35691.0,36188.0,35510.0,36052.0,1381300,KBS
2024-11-01 07:00:00,35691.0,36821.0,35510.0,36821.0,2477000,KBS
2024-11-04 07:00:00,36188.0,36233.0,35329.0,35736.0,1430300,KBS
2024-11-05 07:00:00,35736.0,36052.0,35510.0,35691.0,477800,KBS
2024-11-06 07:00:00,35736.0,36098.0,35419.0,36098.0,894300,KBS
2024-11-07 07:00:00,36098.0,36595.0,35691.0,36143.0,1374400,KBS
2024-11-08 07:00:00,36007.0,36052.0,35374.0,35826.0,1474200,KBS
2024-11-11 07:00:00,35555.0,35781.0,35057.0,35781.0,1250100,KBS
2024-11-12 07:00:00,35781.0,35826.0,35283.0,35691.0,617100,KBS
2024-11-13 07:00:00,35645.0,35645.0,35102.0,35645.0,1226900,KBS
2024-11-14 07:00:00,35329.0,35374.0,34922.0,34922.0,639600,KBS
2024-11-15 07:00:00,34650.0,34650.0,33745.0,34153.0,1558000,KBS
2024-11-18 07:00:00,34153.0,34288.0,33203.0,33474.0,1040000,KBS
2024-11-19 07:00:00,33926.0,33972.0,33293.0,33474.0,1074800,KBS
2024-11-20 07:00:00,33474.0,34831.0,33384.0,34198.0,1384600,KBS
2024-11-21 07:00:00,34107.0,34333.0,34107.0,34288.0,728900,KBS
2024-11-22 07:00:00,34560.0,34560.0,33926.0,33972.0,773500,KBS
2024-11-25 07:00:00,34062.0,34288.0,34017.0,34288.0,631400,KBS
2024-11-26 07:00:00,34469.0,35102.0,34333.0,34831.0,1022100,KBS
2024-11-27 07:00:00,34695.0,34695.0,34198.0,34288.0,1170400,KBS
2024-11-28 07:00:00,34469.0,34650.0,34017.0,34650.0,1184800,KBS
2024-11-29 07:00:00,34379.0,34831.0,34379.0,34786.0,674400,KBS
2024-12-02 07:00:00,34560.0,34876.0,34107.0,34333.0,1631500,KBS
2024-12-03 07:00:00,34333.0,34333.0,34017.0,34062.0,836700,KBS
2024-12-04 07:00:00,33972.0,34198.0,33384.0,33384.0,2126000,KBS
2024-12-05 07:00:00,33384.0,34741.0,33338.0,34650.0,1155600,KBS
2024-12-06 07:00:00,34650.0,34695.0,34198.0,34650.0,1026600,KBS
2024-12-09 07:00:00,34650.0,34922.0,34379.0,34786.0,1701500,KBS
2024-12-10 07:00:00,34650.0,34922.0,34333.0,34560.0,1196800,KBS
2024-12-11 07:00:00,34424.0,34695.0,34107.0,34469.0,1204100,KBS
2024-12-12 07:00:00,34379.0,34650.0,34198.0,34243.0,825000,KBS
2024-12-13 07:00:00,34243.0,34243.0,33926.0,33926.0,679000,KBS
2024-12-16 07:00:00,33926.0,34288.0,33791.0,33926.0,781300,KBS
2024-12-17 07:00:00,34198.0,34288.0,33610.0,33655.0,2432300,KBS
2024-12-18 07:00:00,33836.0,33836.0,33519.0,33745.0,937000,KBS
2024-12-19 07:00:00,33293.0,33474.0,32841.0,32931.0,2406500,KBS
2024-12-20 07:00:00,32976.0,33157.0,32886.0,32886.0,1068400,KBS
2024-12-23 07:00:00,32976.0,33157.0,32750.0,32795.0,1535000,KBS
2024-12-24 07:00:00,32841.0,33022.0,32207.0,32298.0,2526700,KBS
2024-12-25 07:00:00,32298.0,33112.0,32298.0,32841.0,2956300,KBS
2024-12-26 07:00:00,32795.0,33293.0,32705.0,32750.0,1556600,KBS
2024-12-27 07:00:00,32750.0,32931.0,32343.0,32931.0,1974000,KBS
2024-12-30 07:00:00,33022.0,33293.0,32841.0,32886.0,2176100,KBS
2024-12-31 07:00:00,32886.0,33203.0,32886.0,33067.0,1171300,KBS
2025-01-02 07:00:00,33067.0,33067.0,32750.0,32976.0,1029000,KBS
2025-01-03 07:00:00,32886.0,32931.0,32569.0,32615.0,788100,KBS
2025-01-06 07:00:00,32615.0,32750.0,31574.0,31710.0,1206800,KBS
2025-01-07 07:00:00,32026.0,32026.0,29674.0,30262.0,3763700,KBS
2025-01-08 07:00:00,29900.0,30443.0,29629.0,29946.0,2814800,KBS
2025-01-09 07:00:00,30308.0,30308.0,29493.0,29493.0,989400,KBS
2025-01-10 07:00:00,29403.0,30217.0,29086.0,29086.0,1343900,KBS
2025-01-13 07:00:00,28996.0,29448.0,28996.0,29312.0,1687900,KBS
2025-01-14 07:00:00,29448.0,29629.0,29177.0,29222.0,706400,KBS
2025-01-15 07:00:00,29358.0,29358.0,29131.0,29131.0,1271700,KBS
2025-01-16 07:00:00,29131.0,29629.0,29131.0,29584.0,1292300,KBS
2025-01-17 07:00:00,30036.0,30036.0,29403.0,29946.0,1240200,KBS
2025-01-20 07:00:00,29946.0,29991.0,29765.0,29765.0,354200,KBS
2025-01-21 07:00:00,29855.0,29946.0,29539.0,29719.0,537100,KBS
2025-01-22 07:00:00,29765.0,30534.0,29719.0,30308.0,1842100,KBS
2025-01-23 07:00:00,30488.0,30941.0,30081.0,30941.0,1103800,KBS
2025-01-24 07:00:00,30941.0,32976.0,30669.0,32976.0,1798500,KBS
2025-02-03 07:00:00,32117.0,32253.0,31393.0,31574.0,1418000,KBS
2025-02-04 07:00:00,31755.0,31800.0,30850.0,31212.0,1673000,KBS
2025-02-05 07:00:00,31438.0,32072.0,31393.0,31574.0,1110300,KBS
2025-02-06 07:00:00,31665.0,31710.0,31031.0,31167.0,1141500,KBS
2025-02-07 07:00:00,31348.0,31393.0,30805.0,31348.0,1498600,KBS
2025-02-10 07:00:00,30986.0,31122.0,30579.0,30579.0,1512100,KBS
2025-02-11 07:00:00,30488.0,30579.0,30081.0,30081.0,1733500,KBS
2025-02-12 07:00:00,30398.0,30579.0,29855.0,29855.0,1605500,KBS
2025-02-13 07:00:00,30081.0,30081.0,29267.0,29267.0,2907400,KBS
2025-02-14 07:00:00,29358.0,29629.0,29131.0,29131.0,2275100,KBS
2025-02-17 07:00:00,29177.0,29584.0,28589.0,28679.0,2448900,KBS
2025-02-18 07:00:00,28679.0,29358.0,28589.0,28589.0,2557500,KBS
2025-02-19 07:00:00,28815.0,29493.0,28498.0,29448.0,3448700,KBS
2025-02-20 07:00:00,29765.0,30036.0,29584.0,29765.0,2307700,KBS
2025-02-21 07:00:00,29765.0,29991.0,29584.0,29765.0,1540100,KBS
2025-02-24 07:00:00,29719.0,29765.0,29267.0,29584.0,1877100,KBS
2025-02-25 07:00:00,29855.0,30262.0,29539.0,29719.0,1911900,KBS
2025-02-26 07:00:00,29719.0,29991.0,29629.0,29765.0,1627600,KBS
2025-02-27 07:00:00,29765.0,30081.0,29539.0,30081.0,2604900,KBS
2025-02-28 07:00:00,30262.0,31484.0,30217.0,31393.0,5507200,KBS
2025-03-03 07:00:00,31393.0,31438.0,31031.0,31167.0,2286000,KBS
2025-03-04 07:00:00,31167.0,31348.0,30669.0,30850.0,2517500,KBS
2025-03-05 07:00:00,30850.0,30850.0,29719.0,29765.0,5278300,KBS
2025-03-06 07:00:00,29946.0,30217.0,29448.0,29900.0,4940500,KBS
2025-03-07 07:00:00,30081.0,31031.0,30036.0,30398.0,3487500,KBS
2025-03-10 07:00:00,30760.0,30760.0,30081.0,30308.0,2718100,KBS
2025-03-11 07:00:00,29900.0,30308.0,29674.0,30308.0,2002300,KBS
2025-03-12 07:00:00,30398.0,30669.0,29855.0,29946.0,3035400,KBS
2025-03-13 07:00:00,29991.0,30443.0,29855.0,30308.0,3538300,KBS
2025-03-14 07:00:00,30127.0,30850.0,29855.0,30262.0,6658000,KBS
2025-03-17 07:00:00,30488.0,32072.0,30398.0,31936.0,10334000,KBS
2025-03-18 07:00:00,32117.0,32117.0,31303.0,31348.0,3820100,KBS
2025-03-19 07:00:00,31167.0,31936.0,31167.0,31846.0,4913500,KBS
2025-03-20 07:00:00,32026.0,32026.0,30488.0,31122.0,5089000,KBS
2025-03-21 07:00:00,31122.0,31574.0,30850.0,31031.0,2373600,KBS
2025-03-24 07:00:00,31031.0,31031.0,30353.0,30941.0,2892500,KBS
2025-03-25 07:00:00,30986.0,31438.0,30760.0,30986.0,2379600,KBS
2025-03-26 07:00:00,30896.0,31303.0,30579.0,30669.0,2094900,KBS
2025-03-27 07:00:00,30624.0,31167.0,30579.0,30669.0,2438800,KBS
2025-03-28 07:00:00,30896.0,31167.0,30669.0,30715.0,2593400,KBS
2025-03-31 07:00:00,30488.0,31257.0,30036.0,30986.0,4822100,KBS
2025-04-01 07:00:00,31212.0,31665.0,30986.0,31438.0,4144500,KBS
2025-04-02 07:00:00,31212.0,31800.0,31167.0,31212.0,2983000,KBS
2025-04-03 07:00:00,29855.0,30488.0,29041.0,29041.0,5321700,KBS
2025-04-04 07:00:00,27051.0,27865.0,27051.0,27051.0,5199300,KBS
2025-04-08 07:00:00,25196.0,25513.0,25196.0,25196.0,2559600,KBS
2025-04-09 07:00:00,23477.0,23884.0,23477.0,23477.0,6436600,KBS
2025-04-10 07:00:00,25106.0,25106.0,25106.0,25106.0,1423600,KBS
2025-04-11 07:00:00,25106.0,26689.0,23522.0,26508.0,8504400,KBS
2025-04-14 07:00:00,26508.0,26870.0,25739.0,26779.0,3633200,KBS
2025-04-15 07:00:00,26101.0,26372.0,25422.0,26236.0,3537500,KBS
2025-04-16 07:00:00,26236.0,26236.0,25467.0,25694.0,2285400,KBS
2025-04-17 07:00:00,25015.0,25694.0,24653.0,25694.0,3213400,KBS
2025-04-18 07:00:00,25920.0,26146.0,25332.0,25332.0,2043800,KBS
2025-04-21 07:00:00,25377.0,25739.0,24970.0,25015.0,1985400,KBS
2025-04-22 07:00:00,24744.0,24744.0,23296.0,24156.0,6908200,KBS
2025-04-23 07:00:00,24517.0,24970.0,23613.0,24879.0,3243300,KBS
2025-04-24 07:00:00,24879.0,25422.0,24698.0,25286.0,2590000,KBS
2025-04-25 07:00:00,25467.0,25875.0,25060.0,25332.0,2189700,KBS
2025-04-28 07:00:00,25603.0,25603.0,24925.0,24925.0,1797400,KBS
2025-04-29 07:00:00,25151.0,25513.0,24879.0,24925.0,1945800,KBS
2025-05-05 07:00:00,25377.0,26236.0,25060.0,26236.0,2925900,KBS
2025-05-06 07:00:00,26282.0,26508.0,25965.0,25965.0,1970700,KBS
2025-05-07 07:00:00,25965.0,27774.0,25965.0,27774.0,6470400,KBS
2025-05-08 07:00:00,28136.0,28589.0,27639.0,28498.0,4704500,KBS
2025-05-09 07:00:00,28950.0,28950.0,28227.0,28724.0,3054500,KBS
2025-05-12 07:00:00,28860.0,29041.0,28091.0,28679.0,2670600,KBS
2025-05-13 07:00:00,28950.0,30127.0,28543.0,30127.0,5862100,KBS
2025-05-14 07:00:00,29855.0,30624.0,29584.0,30624.0,4561300,KBS
2025-05-15 07:00:00,30624.0,30624.0,30127.0,30534.0,2091700,KBS
2025-05-16 07:00:00,30127.0,30941.0,30081.0,30715.0,3720300,KBS
2025-05-19 07:00:00,30217.0,30896.0,30217.0,30760.0,2629500,KBS
2025-05-20 07:00:00,30308.0,31122.0,30308.0,30850.0,1784400,KBS
2025-05-21 07:00:00,30896.0,31438.0,30488.0,31167.0,2875500,KBS
2025-05-22 07:00:00,31077.0,31212.0,30669.0,31122.0,2760800,KBS
2025-05-23 07:00:00,31167.0,31665.0,30760.0,31348.0,1654000,KBS
2025-05-26 07:00:00,31619.0,32117.0,30308.0,32117.0,3175100,KBS
2025-05-27 07:00:00,32162.0,33474.0,32072.0,33384.0,4773000,KBS
2025-05-28 07:00:00,33474.0,33564.0,33067.0,33474.0,3865600,KBS
2025-05-29 07:00:00,33745.0,35193.0,33429.0,34695.0,6268500,KBS
2025-05-30 07:00:00,34695.0,35012.0,34243.0,34922.0,3844100,KBS
2025-06-02 07:00:00,34379.0,35691.0,34153.0,34379.0,3935800,KBS
2025-06-03 07:00:00,34560.0,34605.0,33926.0,34605.0,3972000,KBS
2025-06-04 07:00:00,34650.0,35283.0,34107.0,34379.0,4348500,KBS
2025-06-05 07:00:00,34287.0,34654.0,33462.0,33737.0,2868100,KBS
2025-06-06 07:00:00,33508.0,34837.0,33508.0,34150.0,2805800,KBS
2025-06-09 07:00:00,34287.0,34700.0,33508.0,34333.0,2190000,KBS
2025-06-10 07:00:00,34333.0,34975.0,34104.0,34470.0,4130000,KBS
2025-06-11 07:00:00,34470.0,35525.0,34425.0,34837.0,4158200,KBS
2025-06-12 07:00:00,34837.0,35204.0,34470.0,34837.0,3028100,KBS
2025-06-13 07:00:00,34012.0,34700.0,33370.0,34333.0,4887800,KBS
2025-06-16 07:00:00,34104.0,34837.0,33829.0,34837.0,1667400,KBS
2025-06-17 07:00:00,34837.0,35846.0,34837.0,35387.0,3318100,KBS
2025-06-18 07:00:00,35662.0,36029.0,34929.0,34929.0,2916400,KBS
2025-06-19 07:00:00,34654.0,34791.0,33691.0,33875.0,4133600,KBS
2025-06-20 07:00:00,33920.0,33966.0,32683.0,32729.0,5809500,KBS
2025-06-23 07:00:00,32545.0,33324.0,32362.0,33187.0,1576300,KBS
2025-06-24 07:00:00,33645.0,34333.0,33324.0,33920.0,3129600,KBS
2025-06-25 07:00:00,33920.0,34195.0,33829.0,34012.0,1690200,KBS
2025-06-26 07:00:00,34287.0,34287.0,33279.0,33783.0,1740100,KBS
2025-06-27 07:00:00,34012.0,34012.0,33508.0,34012.0,1225800,KBS
2025-06-30 07:00:00,34104.0,36029.0,34104.0,35846.0,6202100,KBS
2025-07-01 07:00:00,36075.0,36075.0,35479.0,35754.0,2051300,KBS
2025-07-02 07:00:00,35754.0,35754.0,34883.0,35708.0,1850100,KBS
2025-07-03 07:00:00,35708.0,36212.0,35020.0,35754.0,3644200,KBS
2025-07-04 07:00:00,36029.0,37083.0,35662.0,35891.0,3294200,KBS
2025-07-07 07:00:00,35937.0,36671.0,35571.0,36212.0,2658900,KBS
2025-07-08 07:00:00,36258.0,36304.0,35846.0,36212.0,1779900,KBS
2025-07-09 07:00:00,36487.0,36625.0,36075.0,36441.0,2509400,KBS
2025-07-10 07:00:00,36579.0,37083.0,36166.0,36212.0,2487400,KBS
2025-07-11 07:00:00,36258.0,36258.0,35616.0,35616.0,3415600,KBS
2025-07-14 07:00:00,35525.0,37450.0,34791.0,35708.0,5099500,KBS
2025-07-15 07:00:00,36579.0,37083.0,35754.0,36350.0,5053400,KBS
2025-07-16 07:00:00,36671.0,37542.0,36258.0,36350.0,5699600,KBS
2025-07-17 07:00:00,36671.0,38000.0,36441.0,37908.0,6292600,KBS
2025-07-18 07:00:00,38000.0,39421.0,37312.0,37312.0,3895300,KBS
2025-07-21 07:00:00,37221.0,37496.0,36533.0,36671.0,3532200,KBS
2025-07-22 07:00:00,35937.0,36487.0,35662.0,36441.0,3833900,KBS
2025-07-23 07:00:00,36716.0,36900.0,36166.0,36487.0,2612500,KBS
2025-07-24 07:00:00,36671.0,38275.0,36487.0,37083.0,3495200,KBS
2025-07-25 07:00:00,37175.0,38183.0,36808.0,38183.0,2651000,KBS
2025-07-28 07:00:00,38596.0,39650.0,38321.0,39146.0,4759500,KBS
2025-07-29 07:00:00,39146.0,39146.0,36441.0,36441.0,6674800,KBS
2025-07-30 07:00:00,36487.0,38046.0,35616.0,38046.0,4127900,KBS
2025-07-31 07:00:00,38092.0,38458.0,36625.0,38046.0,2429700,KBS
2025-08-01 07:00:00,38137.0,38137.0,36854.0,36854.0,3571700,KBS
2025-08-04 07:00:00,36900.0,38275.0,36900.0,38275.0,2265400,KBS
2025-08-05 07:00:00,38183.0,39054.0,36762.0,37633.0,5615600,KBS
2025-08-06 07:00:00,37312.0,38367.0,37267.0,38092.0,2008000,KBS
2025-08-07 07:00:00,38321.0,38917.0,38092.0,38458.0,2372000,KBS
2025-08-08 07:00:00,38733.0,39100.0,36946.0,38871.0,3768800,KBS
2025-08-11 07:00:00,39650.0,40888.0,38504.0,38963.0,3476600,KBS
2025-08-12 07:00:00,39100.0,40109.0,38046.0,39925.0,3835900,KBS
2025-08-13 07:00:00,40154.0,42675.0,40154.0,42675.0,6694000,KBS
2025-08-14 07:00:00,45655.0,45655.0,42813.0,43088.0,10434500,KBS
2025-08-15 07:00:00,43134.0,43180.0,40109.0,40979.0,8690600,KBS
2025-08-18 07:00:00,40934.0,41988.0,40063.0,41071.0,5381300,KBS
2025-08-19 07:00:00,41300.0,42446.0,40200.0,41438.0,5652800,KBS
2025-08-20 07:00:00,41438.0,41438.0,38779.0,39513.0,6194400,KBS
2025-08-21 07:00:00,39650.0,39696.0,37404.0,38229.0,8796800,KBS
2025-08-22 07:00:00,37221.0,38963.0,37221.0,38779.0,6125700,KBS
2025-08-25 07:00:00,38871.0,38917.0,37312.0,37312.0,2644500,KBS
2025-08-26 07:00:00,37404.0,39146.0,37175.0,39146.0,2231500,KBS
2025-08-27 07:00:00,39238.0,41254.0,39238.0,40246.0,5905400,KBS
2025-08-28 07:00:00,40888.0,40888.0,39283.0,40521.0,3637800,KBS
2025-08-29 07:00:00,40613.0,40796.0,39558.0,39558.0,5286000,KBS
2025-09-03 07:00:00,39604.0,40613.0,39283.0,40109.0,3290200,KBS
2025-09-04 07:00:00,40338.0,40842.0,39971.0,40109.0,3259600,KBS
2025-09-05 07:00:00,40475.0,41621.0,40109.0,40154.0,6253700,KBS
2025-09-08 07:00:00,39879.0,39879.0,38046.0,38046.0,4427200,KBS
2025-09-09 07:00:00,38137.0,38642.0,37542.0,38412.0,2573500,KBS
2025-09-10 07:00:00,38412.0,38504.0,37542.0,37862.0,2221100,KBS
2025-09-11 07:00:00,37542.0,37587.0,36258.0,37037.0,3885900,KBS
2025-09-12 07:00:00,37129.0,37954.0,37037.0,37817.0,1631500,KBS
2025-09-15 07:00:00,38000.0,38321.0,37679.0,37817.0,1719800,KBS
2025-09-16 07:00:00,38137.0,38504.0,37725.0,38046.0,2088000,KBS
2025-09-17 07:00:00,38046.0,38367.0,37221.0,37358.0,2071400,KBS
2025-09-18 07:00:00,37312.0,37496.0,36808.0,37175.0,1257100,KBS
2025-09-19 07:00:00,37450.0,37633.0,36992.0,37129.0,1807800,KBS
2025-09-22 07:00:00,37129.0,37771.0,36808.0,36900.0,1715800,KBS
2025-09-23 07:00:00,37358.0,37358.0,35708.0,35754.0,2785400,KBS
2025-09-24 07:00:00,35662.0,36671.0,35158.0,36671.0,2134500,KBS
2025-09-25 07:00:00,37221.0,37862.0,36762.0,37496.0,5732000,KBS
2025-09-26 07:00:00,37587.0,38504.0,37221.0,37587.0,4054000,KBS
2025-09-29 07:00:00,38046.0,38458.0,37771.0,38321.0,4085900,KBS
2025-09-30 07:00:00,38229.0,38229.0,36350.0,36854.0,2797500,KBS
2025-10-01 07:00:00,37267.0,37267.0,36671.0,36808.0,1426600,KBS
2025-10-02 07:00:00,36992.0,37129.0,35754.0,35754.0,2045500,KBS
2025-10-03 07:00:00,35662.0,35662.0,34058.0,34241.0,4310000,KBS
2025-10-06 07:00:00,34333.0,36212.0,34333.0,36212.0,1425100,KBS
2025-10-07 07:00:00,36625.0,36625.0,35983.0,36029.0,1490000,KBS
2025-10-08 07:00:00,36487.0,36487.0,35250.0,35662.0,2968100,KBS
2025-10-09 07:00:00,35754.0,35846.0,34791.0,35846.0,4710700,KBS
2025-10-10 07:00:00,35983.0,37037.0,35937.0,36992.0,4269900,KBS
2025-10-13 07:00:00,36212.0,37542.0,36212.0,37404.0,4235700,KBS
2025-10-14 07:00:00,37679.0,37679.0,36350.0,36350.0,4086800,KBS
2025-10-15 07:00:00,36350.0,36487.0,35158.0,36029.0,5838100,KBS
2025-10-16 07:00:00,36258.0,38550.0,36212.0,38550.0,13635800,KBS
2025-10-17 07:00:00,40050.0,40100.0,38550.0,38650.0,4819800,KBS
2025-10-20 07:00:00,38650.0,38900.0,35950.0,35950.0,5136400,KBS
2025-10-21 07:00:00,36000.0,37000.0,34600.0,36750.0,4785800,KBS
2025-10-22 07:00:00,36550.0,37500.0,36250.0,37500.0,2512000,KBS
2025-10-23 07:00:00,37600.0,38500.0,37450.0,37700.0,2203000,KBS
2025-10-24 07:00:00,37700.0,38250.0,37250.0,37700.0,2770600,KBS
2025-10-27 07:00:00,38000.0,38000.0,36600.0,36800.0,1761500,KBS
2025-10-28 07:00:00,36300.0,36650.0,35000.0,36650.0,3341400,KBS
2025-10-29 07:00:00,36650.0,38450.0,36600.0,38450.0,3907100,KBS
2025-10-30 07:00:00,38550.0,39900.0,38450.0,39900.0,4736300,KBS
2025-10-31 07:00:00,39700.0,40150.0,39000.0,39750.0,3599600,KBS
2025-11-03 07:00:00,39700.0,39750.0,37000.0,37000.0,2419600,KBS
2025-11-04 07:00:00,36600.0,38750.0,35200.0,38200.0,2733300,KBS
2025-11-05 07:00:00,37700.0,38450.0,37600.0,37600.0,996300,KBS
2025-11-06 07:00:00,37600.0,38000.0,37150.0,37950.0,1321700,KBS
2025-11-07 07:00:00,38100.0,38150.0,36450.0,37650.0,1358000,KBS
2025-11-10 07:00:00,37150.0,37150.0,35800.0,36500.0,1598000,KBS
2025-11-11 07:00:00,36500.0,36750.0,35550.0,36350.0,1639800,KBS
2025-11-12 07:00:00,36200.0,37100.0,36200.0,36800.0,1259500,KBS
2025-11-13 07:00:00,36800.0,37250.0,36500.0,36500.0,1421500,KBS
2025-11-14 07:00:00,36150.0,37550.0,36150.0,37200.0,1883900,KBS
2025-11-17 07:00:00,37400.0,38100.0,37200.0,37900.0,2754500,KBS
2025-11-18 07:00:00,37900.0,38000.0,37150.0,37500.0,2009200,KBS
2025-11-19 07:00:00,37750.0,37750.0,36000.0,36300.0,3329800,KBS
2025-11-20 07:00:00,36400.0,36650.0,35250.0,35350.0,4088700,KBS
2025-11-21 07:00:00,35400.0,36200.0,35300.0,35950.0,1653300,KBS
2025-11-24 07:00:00,35700.0,36150.0,35700.0,35850.0,652900,KBS
2025-11-25 07:00:00,35800.0,36300.0,35000.0,35000.0,2632200,KBS
2025-11-26 07:00:00,35450.0,36150.0,35300.0,36150.0,1311100,KBS
2025-11-27 07:00:00,36150.0,36350.0,35650.0,35700.0,603800,KBS
2025-11-28 07:00:00,35700.0,35950.0,35450.0,35950.0,963800,KBS
2025-12-01 07:00:00,36000.0,36150.0,35600.0,35650.0,518500,KBS
2025-12-02 07:00:00,35600.0,35650.0,34800.0,35200.0,1936700,KBS
2025-12-03 07:00:00,35500.0,36100.0,35250.0,36100.0,926900,KBS
2025-12-04 07:00:00,36100.0,36450.0,36000.0,36100.0,1782800,KBS
2025-12-05 07:00:00,36100.0,36100.0,35500.0,35600.0,867500,KBS
2025-12-08 07:00:00,35700.0,35900.0,35000.0,35850.0,1427700,KBS
2025-12-09 07:00:00,35600.0,35900.0,34850.0,35250.0,1702800,KBS
2025-12-10 07:00:00,35250.0,35550.0,34800.0,34850.0,1038600,KBS
2025-12-11 07:00:00,35000.0,35250.0,34750.0,34800.0,485000,KBS
2025-12-12 07:00:00,35000.0,35000.0,32400.0,32900.0,2057100,KBS
2025-12-15 07:00:00,32900.0,33300.0,30800.0,31200.0,2670700,KBS
2025-12-16 07:00:00,31100.0,32500.0,30000.0,32200.0,3732200,KBS
2025-12-17 07:00:00,31800.0,32100.0,31200.0,31250.0,1478900,KBS
2025-12-18 07:00:00,31250.0,32200.0,30700.0,31400.0,1704500,KBS
2025-12-19 07:00:00,31550.0,31950.0,31500.0,31700.0,1007600,KBS
2025-12-22 07:00:00,32100.0,32900.0,31800.0,32650.0,2153900,KBS
2025-12-23 07:00:00,32650.0,32650.0,31900.0,31900.0,1729500,KBS
2025-12-24 07:00:00,31900.0,32400.0,31350.0,31500.0,1935900,KBS
2025-12-25 07:00:00,31500.0,31950.0,31000.0,31000.0,1451800,KBS
2025-12-26 07:00:00,31050.0,31200.0,29750.0,30100.0,3345900,KBS
2025-12-29 07:00:00,30150.0,31200.0,30150.0,30850.0,1736000,KBS
2025-12-30 07:00:00,30950.0,31450.0,30550.0,30600.0,1157900,KBS
2025-12-31 07:00:00,30900.0,30900.0,30450.0,30450.0,1098900,KBS
2026-01-05 07:00:00,30700.0,31150.0,30250.0,31050.0,2143900,KBS
2026-01-06 07:00:00,30850.0,31050.0,30250.0,30500.0,1492200,KBS
2026-01-07 07:00:00,30700.0,30800.0,30350.0,30650.0,2017100,KBS
2026-01-08 07:00:00,30700.0,31400.0,30550.0,31000.0,4108700,KBS
2026-01-09 07:00:00,31200.0,31200.0,29150.0,29150.0,5587600,KBS
2026-01-12 07:00:00,29200.0,30500.0,28700.0,30000.0,4658700,KBS
2026-01-13 07:00:00,31200.0,31200.0,30500.0,30950.0,3061400,KBS
2026-01-14 07:00:00,30900.0,31700.0,30450.0,31000.0,6048100,KBS
2026-01-15 07:00:00,31000.0,31800.0,30600.0,31200.0,4104200,KBS
2026-01-16 07:00:00,31200.0,31700.0,30650.0,30650.0,2874900,KBS
2026-01-19 07:00:00,30650.0,30750.0,30100.0,30100.0,2939000,KBS
2026-01-20 07:00:00,30150.0,30700.0,30000.0,30600.0,2366600,KBS
2026-01-21 07:00:00,30700.0,31050.0,29600.0,29800.0,3485800,KBS
2026-01-22 07:00:00,30000.0,31500.0,29250.0,30800.0,5521400,KBS
2026-01-23 07:00:00,30800.0,30950.0,29700.0,29700.0,2793800,KBS
2026-01-26 07:00:00,29700.0,30000.0,29150.0,29350.0,2229300,KBS
2026-01-27 07:00:00,29250.0,29400.0,28000.0,28050.0,4560200,KBS
2026-01-28 07:00:00,28000.0,29150.0,27600.0,29000.0,3461400,KBS
2026-01-29 07:00:00,29000.0,29350.0,28250.0,28450.0,2161600,KBS
2026-01-30 07:00:00,28900.0,29450.0,28650.0,29450.0,3032700,KBS
2026-02-02 07:00:00,29450.0,29450.0,28200.0,28750.0,2752600,KBS
2026-02-03 07:00:00,28650.0,29050.0,28500.0,28550.0,1971700,KBS
2026-02-04 07:00:00,28650.0,28850.0,28250.0,28600.0,3493300,KBS
2026-02-05 07:00:00,28600.0,29050.0,28550.0,28600.0,1696500,KBS
2026-02-06 07:00:00,28150.0,28250.0,27050.0,27050.0,4873200,KBS
2026-02-09 07:00:00,27400.0,27550.0,26850.0,27400.0,2589000,KBS
2026-02-10 07:00:00,27400.0,27800.0,27300.0,27500.0,1663700,KBS
2026-02-11 07:00:00,27550.0,29000.0,27550.0,28900.0,3632400,KBS
2026-02-12 07:00:00,28800.0,29800.0,28650.0,29700.0,4216700,KBS
2026-02-13 07:00:00,29500.0,29500.0,29000.0,29000.0,2292000,KBS
2026-02-23 07:00:00,29000.0,29000.0,28400.0,28750.0,2474500,KBS
2026-02-24 07:00:00,28500.0,29050.0,28500.0,28650.0,1772100,KBS
2026-02-25 07:00:00,28650.0,28850.0,28000.0,28050.0,3606300,KBS
2026-02-26 07:00:00,28400.0,28450.0,28000.0,28350.0,1847800,KBS
2026-02-27 07:00:00,28400.0,28400.0,27750.0,27850.0,2446000,KBS
2026-03-02 07:00:00,27050.0,27450.0,26450.0,26450.0,7174500,KBS
2026-03-03 07:00:00,26450.0,26750.0,25700.0,25950.0,5548500,KBS
2026-03-04 07:00:00,25950.0,26300.0,24500.0,25700.0,6702900,KBS
2026-03-05 07:00:00,26150.0,26800.0,25500.0,25600.0,3415600,KBS
2026-03-06 07:00:00,25900.0,26550.0,25600.0,26000.0,4071600,KBS
2026-03-09 07:00:00,24300.0,24850.0,24200.0,24200.0,4488500,KBS
2026-03-10 07:00:00,24750.0,25850.0,24650.0,25850.0,6163300,KBS
2026-03-11 07:00:00,26000.0,27050.0,25900.0,26850.0,6067800,KBS
2026-03-12 07:00:00,26350.0,27150.0,26050.0,26900.0,3474300,KBS
2026-03-13 07:00:00,26800.0,27500.0,26400.0,26400.0,4883400,KBS
2026-03-16 07:00:00,26800.0,28200.0,26550.0,28000.0,6066500,KBS
2026-03-17 07:00:00,28150.0,28350.0,27800.0,27800.0,3103600,KBS
2026-03-18 07:00:00,27700.0,28150.0,27000.0,27700.0,2755200,KBS
2026-03-19 07:00:00,27050.0,28400.0,27000.0,28000.0,4290900,KBS
2026-03-20 07:00:00,28100.0,28100.0,27550.0,27700.0,2169900,KBS
2026-03-23 07:00:00,27400.0,27600.0,26350.0,26400.0,3834200,KBS
2026-03-24 07:00:00,27050.0,28200.0,26900.0,28200.0,4817700,KBS
2026-03-25 07:00:00,28600.0,29650.0,28300.0,29300.0,6216100,KBS
2026-03-26 07:00:00,29550.0,29550.0,28400.0,28400.0,4304500,KBS
2026-03-27 07:00:00,28300.0,29450.0,28300.0,29350.0,5347500,KBS
2026-03-30 07:00:00,28700.0,29250.0,28450.0,28750.0,3325900,KBS
2026-03-31 07:00:00,29200.0,29500.0,28600.0,29000.0,2992800,KBS
2026-04-01 07:00:00,29500.0,30350.0,29250.0,29850.0,5707400,KBS
2026-04-02 07:00:00,29400.0,29500.0,28550.0,29500.0,4351800,KBS
2026-04-03 07:00:00,29300.0,29650.0,28100.0,28100.0,5106200,KBS
2026-04-06 07:00:00,28100.0,28650.0,27600.0,27700.0,3211100,KBS
2026-04-07 07:00:00,27700.0,28250.0,27150.0,27700.0,2050800,KBS
2026-04-08 07:00:00,28800.0,29600.0,28350.0,29350.0,4280700,KBS
2026-04-09 07:00:00,29050.0,30200.0,28850.0,29400.0,4602000,KBS
2026-04-10 07:00:00,29800.0,30100.0,29000.0,29200.0,2488000,KBS
2026-04-13 07:00:00,29000.0,29650.0,28850.0,29300.0,2405000,KBS
2026-04-14 07:00:00,29700.0,29700.0,28800.0,29150.0,2577100,KBS
2026-04-15 07:00:00,29200.0,29600.0,28950.0,28950.0,3431500,KBS
2026-04-16 07:00:00,28950.0,28950.0,28100.0,28750.0,3440600,KBS
2026-04-17 07:00:00,28800.0,28950.0,28450.0,28550.0,1290500,KBS
2026-04-20 07:00:00,28550.0,29150.0,28400.0,28550.0,1634300,KBS
2026-04-21 07:00:00,28650.0,28950.0,28150.0,28150.0,1813900,KBS
2026-04-22 07:00:00,28100.0,28500.0,28100.0,28450.0,993600,KBS
2026-04-23 07:00:00,28300.0,28550.0,27400.0,27950.0,2885500,KBS
2026-04-24 07:00:00,28000.0,28000.0,27350.0,27650.0,2196200,KBS
2026-04-28 07:00:00,27700.0,28150.0,27350.0,27550.0,1015700,KBS
2026-04-29 07:00:00,27350.0,28150.0,27350.0,27750.0,1954500,KBS
2026-05-04 07:00:00,28250.0,28400.0,27800.0,27800.0,1109900,KBS
2026-05-05 07:00:00,27850.0,28250.0,27000.0,27000.0,3578700,KBS
2026-05-06 07:00:00,27250.0,27500.0,26850.0,27250.0,2316500,KBS
2026-05-07 07:00:00,27750.0,27850.0,26800.0,27000.0,3875300,KBS
2026-05-08 07:00:00,27150.0,27150.0,26300.0,26500.0,3100700,KBS
2026-05-11 07:00:00,26600.0,27000.0,26200.0,26400.0,1732800,KBS
2026-05-12 07:00:00,26400.0,26950.0,26400.0,26800.0,2199800,KBS
2026-05-13 07:00:00,26800.0,26850.0,26100.0,26300.0,2239000,KBS
2026-05-14 07:00:00,26400.0,27000.0,26300.0,26950.0,1752600,KBS
2026-05-15 07:00:00,27000.0,27000.0,26400.0,26500.0,1799500,KBS
2026-05-18 07:00:00,26550.0,26550.0,26150.0,26200.0,1958000,KBS
2026-05-19 07:00:00,26400.0,26650.0,26150.0,26150.0,1303600,KBS
2026-05-20 07:00:00,26300.0,26350.0,24500.0,25650.0,3146000,KBS
2026-05-21 07:00:00,25700.0,25900.0,25200.0,25250.0,1806000,KBS
2026-05-22 07:00:00,25400.0,25850.0,25050.0,25500.0,1772800,KBS
2026-05-25 07:00:00,25600.0,26700.0,25600.0,26150.0,1928200,KBS
2026-05-26 07:00:00,26250.0,26750.0,26100.0,26600.0,1638000,KBS
2026-05-27 07:00:00,26600.0,26700.0,26250.0,26400.0,1228800,KBS
2026-05-28 07:00:00,26250.0,26800.0,26150.0,26550.0,1462600,KBS
2026-05-29 07:00:00,26550.0,26650.0,26250.0,26400.0,1247800,KBS
2026-06-01 07:00:00,26500.0,27100.0,26450.0,26750.0,2085300,KBS
2026-06-02 07:00:00,26900.0,26900.0,25950.0,26050.0,1639300,KBS
2026-06-03 07:00:00,26050.0,26650.0,26050.0,26500.0,934600,KBS
2026-06-04 07:00:00,26500.0,26650.0,26100.0,26250.0,713500,KBS
2026-06-05 07:00:00,26250.0,26250.0,25850.0,25950.0,956300,KBS
