date,open,high,low,close,volume,_source
2020-01-02 07:00:00,13673.0,13736.0,13610.0,13704.0,210040,KBS
2020-01-03 07:00:00,13641.0,13673.0,13515.0,13515.0,436480,KBS
2020-01-06 07:00:00,13515.0,13515.0,13421.0,13484.0,93880,KBS
2020-01-07 07:00:00,13515.0,13547.0,13389.0,13484.0,167360,KBS
2020-01-08 07:00:00,13421.0,13421.0,12917.0,12917.0,547580,KBS
2020-01-09 07:00:00,13115.0,13182.0,12983.0,13115.0,185180,KBS
2020-01-10 07:00:00,13115.0,13115.0,12585.0,12585.0,226740,KBS
2020-01-13 07:00:00,12585.0,12619.0,12122.0,12188.0,272090,KBS
2020-01-14 07:00:00,12188.0,12453.0,12122.0,12254.0,102600,KBS
2020-01-15 07:00:00,12254.0,12519.0,12254.0,12354.0,137510,KBS
2020-01-16 07:00:00,12453.0,12453.0,12254.0,12354.0,138410,KBS
2020-01-17 07:00:00,12320.0,12354.0,12122.0,12122.0,223890,KBS
2020-01-20 07:00:00,12122.0,12254.0,12122.0,12188.0,123860,KBS
2020-01-21 07:00:00,12320.0,12420.0,12188.0,12420.0,107650,KBS
2020-01-22 07:00:00,12420.0,12718.0,12387.0,12619.0,126800,KBS
2020-01-30 07:00:00,12585.0,13115.0,12585.0,13115.0,486140,KBS
2020-01-31 07:00:00,13115.0,13215.0,12685.0,12751.0,174620,KBS
2020-02-03 07:00:00,12585.0,12585.0,11923.0,12387.0,393950,KBS
2020-02-04 07:00:00,12883.0,12883.0,12387.0,12585.0,183600,KBS
2020-02-05 07:00:00,12585.0,12817.0,12585.0,12751.0,213610,KBS
2020-02-06 07:00:00,12850.0,13314.0,12817.0,13314.0,355150,KBS
2020-02-07 07:00:00,13248.0,13711.0,13248.0,13612.0,289610,KBS
2020-02-10 07:00:00,13612.0,13612.0,13281.0,13513.0,147400,KBS
2020-02-11 07:00:00,13612.0,13910.0,13513.0,13844.0,131460,KBS
2020-02-12 07:00:00,13910.0,14175.0,13811.0,14043.0,467170,KBS
2020-02-13 07:00:00,14043.0,14076.0,13844.0,13943.0,157210,KBS
2020-02-14 07:00:00,13943.0,13943.0,13579.0,13910.0,225660,KBS
2020-02-17 07:00:00,13910.0,13910.0,13645.0,13645.0,174670,KBS
2020-02-18 07:00:00,13645.0,13711.0,13380.0,13480.0,273990,KBS
2020-02-19 07:00:00,13347.0,13546.0,13347.0,13347.0,146890,KBS
2020-02-20 07:00:00,13380.0,13546.0,13347.0,13513.0,144240,KBS
2020-02-21 07:00:00,13579.0,13579.0,13446.0,13446.0,196030,KBS
2020-02-24 07:00:00,13148.0,13182.0,12718.0,12850.0,456290,KBS
2020-02-25 07:00:00,12784.0,12917.0,12585.0,12883.0,613970,KBS
2020-02-26 07:00:00,12883.0,13115.0,12850.0,13082.0,148650,KBS
2020-02-27 07:00:00,13082.0,13347.0,13049.0,13215.0,104660,KBS
2020-02-28 07:00:00,13182.0,13182.0,12883.0,13049.0,216630,KBS
2020-03-02 07:00:00,13049.0,13215.0,13049.0,13082.0,97490,KBS
2020-03-03 07:00:00,13082.0,13314.0,13082.0,13182.0,181630,KBS
2020-03-04 07:00:00,12983.0,13215.0,12983.0,13215.0,71920,KBS
2020-03-05 07:00:00,13248.0,13281.0,13115.0,13182.0,192150,KBS
2020-03-06 07:00:00,13049.0,13182.0,13049.0,13182.0,69810,KBS
2020-03-09 07:00:00,12883.0,12883.0,12354.0,12519.0,495860,KBS
2020-03-10 07:00:00,12453.0,12917.0,12320.0,12850.0,139420,KBS
2020-03-11 07:00:00,12917.0,13182.0,12453.0,12718.0,217550,KBS
2020-03-12 07:00:00,12089.0,12718.0,11890.0,11956.0,373010,KBS
2020-03-13 07:00:00,11592.0,11923.0,11128.0,11592.0,1023590,KBS
2020-03-16 07:00:00,11824.0,11824.0,11128.0,11128.0,579440,KBS
2020-03-17 07:00:00,10797.0,11261.0,10797.0,11227.0,790680,KBS
2020-03-18 07:00:00,11294.0,11592.0,11294.0,11294.0,240330,KBS
2020-03-19 07:00:00,11261.0,11923.0,11194.0,11824.0,261650,KBS
2020-03-20 07:00:00,11824.0,11923.0,11294.0,11592.0,295750,KBS
2020-03-23 07:00:00,11592.0,11592.0,10830.0,10830.0,519200,KBS
2020-03-24 07:00:00,10896.0,11062.0,10830.0,10896.0,368930,KBS
2020-03-25 07:00:00,11128.0,11261.0,10996.0,11128.0,297110,KBS
2020-03-26 07:00:00,11194.0,11194.0,10929.0,11029.0,347300,KBS
2020-03-27 07:00:00,11161.0,11161.0,10863.0,11062.0,258190,KBS
2020-03-30 07:00:00,10863.0,11029.0,10598.0,10996.0,318450,KBS
2020-03-31 07:00:00,10996.0,11227.0,10598.0,10764.0,431170,KBS
2020-04-01 07:00:00,10764.0,11029.0,10764.0,10929.0,153810,KBS
2020-04-03 07:00:00,10996.0,11426.0,10996.0,11294.0,339940,KBS
2020-04-06 07:00:00,11360.0,11989.0,11360.0,11989.0,598430,KBS
2020-04-07 07:00:00,12055.0,12221.0,11791.0,12188.0,605420,KBS
2020-04-08 07:00:00,11923.0,12254.0,11857.0,12188.0,417770,KBS
2020-04-09 07:00:00,12254.0,12519.0,12188.0,12254.0,561590,KBS
2020-04-10 07:00:00,12287.0,12320.0,12055.0,12188.0,282990,KBS
2020-04-13 07:00:00,12188.0,12254.0,11923.0,12122.0,491220,KBS
2020-04-14 07:00:00,12122.0,12221.0,12055.0,12188.0,489500,KBS
2020-04-15 07:00:00,12254.0,12519.0,12155.0,12320.0,861000,KBS
2020-04-16 07:00:00,12320.0,12850.0,12254.0,12585.0,496470,KBS
2020-04-17 07:00:00,12751.0,12784.0,12387.0,12519.0,783780,KBS
2020-04-20 07:00:00,12519.0,12817.0,12420.0,12718.0,784460,KBS
2020-04-21 07:00:00,12718.0,13480.0,12387.0,12950.0,1029750,KBS
2020-04-22 07:00:00,12950.0,13413.0,12784.0,13182.0,377270,KBS
2020-04-23 07:00:00,13446.0,13446.0,13049.0,13082.0,287010,KBS
2020-04-24 07:00:00,13082.0,13778.0,12950.0,13678.0,724290,KBS
2020-04-27 07:00:00,13943.0,13943.0,13480.0,13513.0,579440,KBS
2020-04-28 07:00:00,13513.0,13579.0,13380.0,13579.0,277810,KBS
2020-04-29 07:00:00,13612.0,13877.0,13579.0,13612.0,338950,KBS
2020-05-04 07:00:00,13413.0,13546.0,13281.0,13281.0,235860,KBS
2020-05-05 07:00:00,13248.0,13314.0,13215.0,13215.0,244520,KBS
2020-05-06 07:00:00,13248.0,13546.0,13248.0,13380.0,246670,KBS
2020-05-07 07:00:00,13513.0,13579.0,13281.0,13347.0,245900,KBS
2020-05-08 07:00:00,13380.0,13413.0,13182.0,13281.0,681200,KBS
2020-05-11 07:00:00,13314.0,13413.0,13281.0,13314.0,390310,KBS
2020-05-12 07:00:00,13314.0,13877.0,13281.0,13844.0,747160,KBS
2020-05-13 07:00:00,13778.0,14208.0,13645.0,14142.0,734180,KBS
2020-05-14 07:00:00,14142.0,14175.0,13976.0,13976.0,297450,KBS
2020-05-15 07:00:00,13910.0,13976.0,13546.0,13579.0,577160,KBS
2020-05-18 07:00:00,13844.0,13844.0,13413.0,13446.0,661280,KBS
2020-05-19 07:00:00,13645.0,13711.0,13480.0,13513.0,392310,KBS
2020-05-20 07:00:00,13480.0,13844.0,13480.0,13778.0,464340,KBS
2020-05-21 07:00:00,13910.0,13910.0,13645.0,13645.0,178020,KBS
2020-05-22 07:00:00,13711.0,13711.0,13546.0,13579.0,197220,KBS
2020-05-25 07:00:00,13579.0,13976.0,13513.0,13910.0,564010,KBS
2020-05-26 07:00:00,13976.0,14208.0,13976.0,14175.0,508580,KBS
2020-05-27 07:00:00,14241.0,14407.0,14175.0,14208.0,615950,KBS
2020-05-28 07:00:00,14109.0,14175.0,13910.0,14010.0,218170,KBS
2020-05-29 07:00:00,13943.0,14010.0,13844.0,13976.0,320120,KBS
2020-06-01 07:00:00,13976.0,14208.0,13910.0,14175.0,334020,KBS
2020-06-02 07:00:00,14175.0,14374.0,14043.0,14043.0,269520,KBS
2020-06-03 07:00:00,14076.0,14175.0,13976.0,14043.0,125710,KBS
2020-06-04 07:00:00,14043.0,14175.0,13976.0,13976.0,291600,KBS
2020-06-05 07:00:00,13976.0,14142.0,13976.0,14142.0,145940,KBS
2020-06-08 07:00:00,14374.0,14440.0,14241.0,14274.0,506720,KBS
2020-06-09 07:00:00,14308.0,14506.0,14208.0,14407.0,347460,KBS
2020-06-10 07:00:00,14241.0,14374.0,14142.0,14274.0,216230,KBS
2020-06-11 07:00:00,14175.0,14341.0,13579.0,13579.0,511470,KBS
2020-06-12 07:00:00,13248.0,13778.0,13248.0,13678.0,370940,KBS
2020-06-15 07:00:00,13711.0,13745.0,13248.0,13248.0,647110,KBS
2020-06-16 07:00:00,13579.0,13579.0,13314.0,13446.0,306060,KBS
2020-06-17 07:00:00,13546.0,14241.0,13446.0,14142.0,414610,KBS
2020-06-18 07:00:00,13976.0,14175.0,13844.0,14142.0,350000,KBS
2020-06-19 07:00:00,14142.0,14142.0,13943.0,14076.0,435120,KBS
2020-06-22 07:00:00,14109.0,14804.0,13910.0,14804.0,721260,KBS
2020-06-23 07:00:00,14804.0,14871.0,14506.0,14539.0,507350,KBS
2020-06-24 07:00:00,14473.0,14639.0,14208.0,14274.0,168340,KBS
2020-06-25 07:00:00,14043.0,14407.0,14043.0,14341.0,311240,KBS
2020-06-26 07:00:00,14473.0,14705.0,14241.0,14506.0,307500,KBS
2020-06-29 07:00:00,14506.0,14506.0,13711.0,14142.0,263610,KBS
2020-06-30 07:00:00,14241.0,14241.0,13910.0,13976.0,189590,KBS
2020-07-01 07:00:00,13976.0,14440.0,13910.0,14440.0,266490,KBS
2020-07-02 07:00:00,14274.0,14440.0,14241.0,14407.0,163850,KBS
2020-07-03 07:00:00,14374.0,14804.0,14374.0,14606.0,273440,KBS
2020-07-06 07:00:00,14606.0,14838.0,14506.0,14838.0,355410,KBS
2020-07-07 07:00:00,14838.0,14838.0,14639.0,14804.0,394580,KBS
2020-07-08 07:00:00,14705.0,14838.0,14573.0,14838.0,175840,KBS
2020-07-09 07:00:00,14838.0,14838.0,14738.0,14804.0,135120,KBS
2020-07-10 07:00:00,14804.0,14804.0,14606.0,14705.0,189580,KBS
2020-07-13 07:00:00,14705.0,14804.0,14639.0,14738.0,266290,KBS
2020-07-14 07:00:00,15169.0,15500.0,14904.0,15301.0,842990,KBS
2020-07-15 07:00:00,15467.0,15467.0,15169.0,15202.0,276300,KBS
2020-07-16 07:00:00,15235.0,15301.0,15235.0,15235.0,183260,KBS
2020-07-17 07:00:00,15235.0,15566.0,15102.0,15533.0,528230,KBS
2020-07-20 07:00:00,15864.0,15864.0,15500.0,15599.0,358100,KBS
2020-07-21 07:00:00,15632.0,15665.0,15268.0,15367.0,350980,KBS
2020-07-22 07:00:00,15434.0,15500.0,15235.0,15301.0,369060,KBS
2020-07-23 07:00:00,15655.0,15726.0,15337.0,15372.0,305480,KBS
2020-07-24 07:00:00,15018.0,15301.0,14451.0,14876.0,559390,KBS
2020-07-27 07:00:00,14097.0,14734.0,13955.0,14309.0,514600,KBS
2020-07-28 07:00:00,14168.0,14876.0,14168.0,14841.0,246620,KBS
2020-07-29 07:00:00,14734.0,14734.0,14168.0,14522.0,488960,KBS
2020-07-30 07:00:00,14734.0,14734.0,14451.0,14522.0,88840,KBS
2020-07-31 07:00:00,14168.0,14593.0,14168.0,14416.0,103520,KBS
2020-08-03 07:00:00,14203.0,14628.0,14203.0,14557.0,300190,KBS
2020-08-04 07:00:00,14805.0,14876.0,14593.0,14876.0,383310,KBS
2020-08-05 07:00:00,14841.0,15478.0,14805.0,15337.0,432950,KBS
2020-08-06 07:00:00,15337.0,15407.0,15124.0,15407.0,524150,KBS
2020-08-07 07:00:00,15301.0,15478.0,15266.0,15478.0,529510,KBS
2020-08-10 07:00:00,15726.0,15726.0,15443.0,15443.0,248500,KBS
2020-08-11 07:00:00,15514.0,15514.0,15160.0,15301.0,354300,KBS
2020-08-12 07:00:00,15301.0,15337.0,15160.0,15301.0,190740,KBS
2020-08-13 07:00:00,15337.0,15585.0,15301.0,15549.0,282700,KBS
2020-08-14 07:00:00,15514.0,15514.0,15301.0,15372.0,138720,KBS
2020-08-17 07:00:00,15337.0,15443.0,15266.0,15372.0,105170,KBS
2020-08-18 07:00:00,15372.0,15407.0,15337.0,15407.0,149280,KBS
2020-08-19 07:00:00,15301.0,15514.0,15301.0,15514.0,186190,KBS
2020-08-20 07:00:00,15549.0,15585.0,15478.0,15549.0,171130,KBS
2020-08-21 07:00:00,15514.0,16080.0,15478.0,16045.0,751450,KBS
2020-08-24 07:00:00,16151.0,16222.0,15939.0,16151.0,233190,KBS
2020-08-25 07:00:00,16151.0,16187.0,15939.0,16010.0,205600,KBS
2020-08-26 07:00:00,15903.0,16151.0,15868.0,16151.0,366610,KBS
2020-08-27 07:00:00,16187.0,16187.0,16010.0,16187.0,177290,KBS
2020-08-28 07:00:00,16293.0,16576.0,16222.0,16222.0,263980,KBS
2020-08-31 07:00:00,16222.0,16222.0,15939.0,16045.0,217370,KBS
2020-09-01 07:00:00,15939.0,16187.0,15868.0,16151.0,179240,KBS
2020-09-03 07:00:00,16222.0,16293.0,16045.0,16293.0,195400,KBS
2020-09-04 07:00:00,16010.0,16258.0,16010.0,16258.0,252500,KBS
2020-09-07 07:00:00,16293.0,16293.0,16045.0,16116.0,114380,KBS
2020-09-08 07:00:00,16080.0,16187.0,16045.0,16187.0,160010,KBS
2020-09-09 07:00:00,16187.0,16258.0,16116.0,16222.0,120010,KBS
2020-09-10 07:00:00,16293.0,16612.0,16222.0,16541.0,292120,KBS
2020-09-11 07:00:00,16576.0,16824.0,16399.0,16824.0,599310,KBS
2020-09-14 07:00:00,16789.0,17143.0,16789.0,17143.0,708330,KBS
2020-09-15 07:00:00,17249.0,17285.0,16860.0,16966.0,637930,KBS
2020-09-16 07:00:00,16966.0,16966.0,16824.0,16860.0,119130,KBS
2020-09-17 07:00:00,16860.0,17001.0,16753.0,16895.0,406430,KBS
2020-09-18 07:00:00,16895.0,16930.0,16612.0,16647.0,277740,KBS
2020-09-21 07:00:00,16576.0,16718.0,16576.0,16647.0,121060,KBS
2020-09-22 07:00:00,16647.0,16789.0,16576.0,16718.0,165770,KBS
2020-09-23 07:00:00,16718.0,16824.0,16718.0,16789.0,115970,KBS
2020-09-24 07:00:00,16824.0,16860.0,16683.0,16683.0,82380,KBS
2020-09-25 07:00:00,16683.0,16789.0,16541.0,16718.0,76390,KBS
2020-09-28 07:00:00,16718.0,16789.0,16612.0,16647.0,182870,KBS
2020-09-29 07:00:00,16647.0,16647.0,16435.0,16435.0,234050,KBS
2020-09-30 07:00:00,16435.0,16470.0,16293.0,16293.0,129100,KBS
2020-10-01 07:00:00,16435.0,16505.0,16399.0,16505.0,142240,KBS
2020-10-02 07:00:00,16435.0,16647.0,16293.0,16435.0,169460,KBS
2020-10-05 07:00:00,16435.0,16647.0,16399.0,16647.0,192520,KBS
2020-10-06 07:00:00,16753.0,16860.0,16612.0,16683.0,272190,KBS
2020-10-07 07:00:00,16718.0,16789.0,16683.0,16753.0,201570,KBS
2020-10-08 07:00:00,16647.0,16753.0,16541.0,16718.0,182920,KBS
2020-10-09 07:00:00,16718.0,16753.0,16576.0,16718.0,104100,KBS
2020-10-12 07:00:00,16576.0,16718.0,16435.0,16435.0,234810,KBS
2020-10-13 07:00:00,16435.0,16576.0,16435.0,16505.0,204670,KBS
2020-10-14 07:00:00,16470.0,16505.0,16293.0,16435.0,311570,KBS
2020-10-15 07:00:00,16435.0,16576.0,16293.0,16364.0,112670,KBS
2020-10-16 07:00:00,16435.0,16470.0,16328.0,16328.0,141590,KBS
2020-10-19 07:00:00,16328.0,16576.0,16293.0,16505.0,146080,KBS
2020-10-20 07:00:00,16010.0,16612.0,16010.0,16576.0,380790,KBS
2020-10-21 07:00:00,16576.0,16576.0,16293.0,16328.0,102600,KBS
2020-10-22 07:00:00,16328.0,16328.0,16116.0,16151.0,264530,KBS
2020-10-23 07:00:00,16293.0,16293.0,16010.0,16010.0,270280,KBS
2020-10-26 07:00:00,16010.0,16187.0,15868.0,15868.0,191570,KBS
2020-10-27 07:00:00,15797.0,15939.0,15655.0,15726.0,146660,KBS
2020-10-28 07:00:00,15655.0,16364.0,15620.0,15762.0,110550,KBS
2020-10-29 07:00:00,15655.0,15939.0,15549.0,15939.0,104680,KBS
2020-10-30 07:00:00,16045.0,16080.0,15868.0,16080.0,79010,KBS
2020-11-02 07:00:00,15868.0,16080.0,15868.0,15939.0,30490,KBS
2020-11-03 07:00:00,15939.0,16045.0,15903.0,15939.0,72450,KBS
2020-11-04 07:00:00,15832.0,16010.0,15832.0,16010.0,41180,KBS
2020-11-05 07:00:00,15903.0,16045.0,15903.0,16010.0,100420,KBS
2020-11-06 07:00:00,16116.0,16116.0,15903.0,16045.0,66440,KBS
2020-11-09 07:00:00,16045.0,16151.0,16010.0,16116.0,66090,KBS
2020-11-10 07:00:00,16151.0,16364.0,16151.0,16364.0,243500,KBS
2020-11-11 07:00:00,16364.0,16576.0,16293.0,16399.0,284980,KBS
2020-11-12 07:00:00,16399.0,16647.0,16399.0,16505.0,110870,KBS
2020-11-13 07:00:00,16470.0,16576.0,16328.0,16435.0,125220,KBS
2020-11-16 07:00:00,16435.0,16576.0,16364.0,16505.0,179300,KBS
2020-11-17 07:00:00,16576.0,16612.0,16364.0,16612.0,156690,KBS
2020-11-18 07:00:00,16647.0,16683.0,16258.0,16293.0,336540,KBS
2020-11-19 07:00:00,16470.0,16470.0,16258.0,16293.0,201580,KBS
2020-11-20 07:00:00,16293.0,16328.0,16151.0,16293.0,119470,KBS
2020-11-23 07:00:00,16293.0,16364.0,16187.0,16222.0,120210,KBS
2020-11-24 07:00:00,16258.0,16541.0,16222.0,16470.0,522100,KBS
2020-11-25 07:00:00,16541.0,16541.0,16364.0,16399.0,90330,KBS
2020-11-26 07:00:00,16399.0,16435.0,16187.0,16258.0,191140,KBS
2020-11-27 07:00:00,16258.0,16258.0,16080.0,16080.0,290960,KBS
2020-11-30 07:00:00,16080.0,16222.0,16045.0,16151.0,317900,KBS
2020-12-01 07:00:00,16080.0,16151.0,16010.0,16045.0,198210,KBS
2020-12-02 07:00:00,16045.0,16364.0,16045.0,16364.0,364580,KBS
2020-12-03 07:00:00,16435.0,16612.0,16364.0,16612.0,903810,KBS
2020-12-04 07:00:00,16647.0,16860.0,16647.0,16860.0,1152380,KBS
2020-12-07 07:00:00,16930.0,17143.0,16895.0,17001.0,469700,KBS
2020-12-08 07:00:00,16753.0,16860.0,16718.0,16789.0,533010,KBS
2020-12-09 07:00:00,16718.0,16895.0,16718.0,16789.0,724950,KBS
2020-12-10 07:00:00,16789.0,16895.0,16505.0,16718.0,539320,KBS
2020-12-11 07:00:00,16966.0,16966.0,16718.0,16718.0,358160,KBS
2020-12-14 07:00:00,16753.0,16789.0,16612.0,16718.0,672470,KBS
2020-12-15 07:00:00,16683.0,17072.0,16576.0,16789.0,989450,KBS
2020-12-16 07:00:00,16895.0,16966.0,16753.0,16753.0,656660,KBS
2020-12-17 07:00:00,16647.0,16860.0,16612.0,16612.0,392080,KBS
2020-12-18 07:00:00,16612.0,16824.0,16612.0,16753.0,376570,KBS
2020-12-21 07:00:00,16753.0,17710.0,16753.0,17639.0,2203350,KBS
2020-12-22 07:00:00,17639.0,17781.0,17426.0,17781.0,753550,KBS
2020-12-23 07:00:00,17710.0,17922.0,17497.0,17533.0,588410,KBS
2020-12-24 07:00:00,17462.0,17462.0,16328.0,16966.0,1451830,KBS
2020-12-25 07:00:00,16966.0,17568.0,16966.0,17497.0,688690,KBS
2020-12-28 07:00:00,17497.0,17710.0,17285.0,17356.0,597540,KBS
2020-12-29 07:00:00,16860.0,17426.0,16860.0,17356.0,575440,KBS
2020-12-30 07:00:00,17356.0,17603.0,17320.0,17320.0,426890,KBS
2020-12-31 07:00:00,17356.0,17426.0,17249.0,17426.0,232260,KBS
2021-01-04 07:00:00,17603.0,17674.0,17497.0,17603.0,694400,KBS
2021-01-05 07:00:00,17462.0,17603.0,17426.0,17462.0,508300,KBS
2021-01-06 07:00:00,17356.0,17781.0,17356.0,17462.0,646000,KBS
2021-01-07 07:00:00,17462.0,17816.0,17426.0,17603.0,615500,KBS
2021-01-08 07:00:00,17639.0,17781.0,17497.0,17674.0,1265500,KBS
2021-01-11 07:00:00,17922.0,18560.0,17922.0,18418.0,1910500,KBS
2021-01-12 07:00:00,18418.0,18560.0,18135.0,18241.0,791400,KBS
2021-01-13 07:00:00,18241.0,18241.0,17710.0,17922.0,645300,KBS
2021-01-14 07:00:00,17922.0,18064.0,17568.0,17710.0,849800,KBS
2021-01-15 07:00:00,17710.0,17851.0,17568.0,17710.0,1095500,KBS
2021-01-18 07:00:00,17710.0,17851.0,17249.0,17745.0,1544000,KBS
2021-01-19 07:00:00,17745.0,18029.0,16576.0,16718.0,917600,KBS
2021-01-20 07:00:00,16718.0,17072.0,16293.0,17001.0,566100,KBS
2021-01-21 07:00:00,17001.0,17249.0,16895.0,17249.0,517400,KBS
2021-01-22 07:00:00,17285.0,17285.0,16895.0,16895.0,596200,KBS
2021-01-25 07:00:00,16895.0,17143.0,16789.0,17072.0,665200,KBS
2021-01-26 07:00:00,17356.0,17922.0,17108.0,17356.0,1188900,KBS
2021-01-27 07:00:00,17426.0,17639.0,17037.0,17143.0,661500,KBS
2021-01-28 07:00:00,16576.0,17143.0,15974.0,15974.0,1992400,KBS
2021-01-29 07:00:00,15585.0,16824.0,15585.0,16612.0,362900,KBS
2021-02-01 07:00:00,17356.0,17356.0,16293.0,16435.0,473600,KBS
2021-02-02 07:00:00,16293.0,17001.0,16187.0,16683.0,400300,KBS
2021-02-03 07:00:00,16683.0,16966.0,16647.0,16930.0,884800,KBS
2021-02-04 07:00:00,16930.0,17037.0,16789.0,16930.0,550500,KBS
2021-02-05 07:00:00,17300.0,17300.0,17004.0,17041.0,351600,KBS
2021-02-08 07:00:00,17041.0,17078.0,16598.0,16635.0,742400,KBS
2021-02-09 07:00:00,16635.0,16783.0,16487.0,16709.0,768700,KBS
2021-02-17 07:00:00,16635.0,17004.0,16635.0,16894.0,449700,KBS
2021-02-18 07:00:00,16783.0,17004.0,16783.0,16894.0,585600,KBS
2021-02-19 07:00:00,16857.0,17004.0,16783.0,17004.0,617800,KBS
2021-02-22 07:00:00,16930.0,17263.0,16930.0,16967.0,522000,KBS
2021-02-23 07:00:00,16967.0,17078.0,16894.0,16967.0,721400,KBS
2021-02-24 07:00:00,16967.0,16967.0,16746.0,16783.0,971300,KBS
2021-02-25 07:00:00,16820.0,16820.0,16598.0,16635.0,885700,KBS
2021-02-26 07:00:00,16487.0,16709.0,16450.0,16598.0,809400,KBS
2021-03-01 07:00:00,16709.0,17152.0,16709.0,17078.0,675000,KBS
2021-03-02 07:00:00,17152.0,17152.0,16709.0,16857.0,843500,KBS
2021-03-03 07:00:00,16857.0,16967.0,16820.0,16857.0,289400,KBS
2021-03-04 07:00:00,16857.0,16930.0,16709.0,16857.0,623400,KBS
2021-03-05 07:00:00,16894.0,16894.0,16635.0,16709.0,633900,KBS
2021-03-08 07:00:00,16857.0,16857.0,16635.0,16709.0,788400,KBS
2021-03-09 07:00:00,16709.0,16746.0,16561.0,16672.0,1770700,KBS
2021-03-10 07:00:00,16746.0,17189.0,16746.0,17004.0,1780300,KBS
2021-03-11 07:00:00,17374.0,17448.0,17152.0,17337.0,1399300,KBS
2021-03-12 07:00:00,17374.0,17411.0,17115.0,17152.0,884700,KBS
2021-03-15 07:00:00,17152.0,17152.0,16967.0,17004.0,823400,KBS
2021-03-16 07:00:00,17004.0,17115.0,16894.0,17004.0,373200,KBS
2021-03-17 07:00:00,16967.0,17004.0,16783.0,16820.0,1017600,KBS
2021-03-18 07:00:00,16857.0,16930.0,16561.0,16635.0,1879700,KBS
2021-03-19 07:00:00,16709.0,16894.0,16709.0,16783.0,1142900,KBS
2021-03-22 07:00:00,16783.0,16967.0,16783.0,16894.0,347700,KBS
2021-03-23 07:00:00,16894.0,16894.0,16635.0,16635.0,638000,KBS
2021-03-24 07:00:00,16487.0,16709.0,16339.0,16339.0,648000,KBS
2021-03-25 07:00:00,16413.0,16561.0,16413.0,16524.0,585200,KBS
2021-03-26 07:00:00,16339.0,16487.0,15895.0,16265.0,329400,KBS
2021-03-29 07:00:00,16487.0,16487.0,16302.0,16413.0,497200,KBS
2021-03-30 07:00:00,16413.0,16524.0,16302.0,16450.0,363200,KBS
2021-03-31 07:00:00,16450.0,16450.0,16265.0,16413.0,453500,KBS
2021-04-01 07:00:00,16339.0,16709.0,16265.0,16709.0,1011700,KBS
2021-04-02 07:00:00,16672.0,16783.0,16598.0,16709.0,614000,KBS
2021-04-05 07:00:00,16930.0,16930.0,16561.0,16635.0,285100,KBS
2021-04-06 07:00:00,16635.0,16672.0,16524.0,16524.0,359900,KBS
2021-04-07 07:00:00,16524.0,16561.0,16450.0,16561.0,234300,KBS
2021-04-08 07:00:00,16561.0,16635.0,16450.0,16450.0,222300,KBS
2021-04-09 07:00:00,16376.0,16487.0,16302.0,16413.0,1082200,KBS
2021-04-12 07:00:00,16413.0,16561.0,16376.0,16450.0,368200,KBS
2021-04-13 07:00:00,16413.0,16487.0,16339.0,16339.0,698100,KBS
2021-04-14 07:00:00,16302.0,16339.0,16154.0,16228.0,683200,KBS
2021-04-15 07:00:00,16265.0,16302.0,16006.0,16117.0,651400,KBS
2021-04-16 07:00:00,15969.0,16117.0,15526.0,15600.0,490200,KBS
2021-04-19 07:00:00,15600.0,15748.0,15452.0,15489.0,442900,KBS
2021-04-20 07:00:00,15489.0,15600.0,15415.0,15452.0,442300,KBS
2021-04-22 07:00:00,15452.0,15858.0,15378.0,15378.0,379400,KBS
2021-04-23 07:00:00,15304.0,15748.0,15082.0,15748.0,228900,KBS
2021-04-26 07:00:00,15563.0,15563.0,15082.0,15082.0,247600,KBS
2021-04-27 07:00:00,14934.0,15082.0,14897.0,15082.0,133500,KBS
2021-04-28 07:00:00,14860.0,15156.0,14860.0,15119.0,464600,KBS
2021-04-29 07:00:00,15156.0,16117.0,14897.0,15674.0,2427900,KBS
2021-05-04 07:00:00,15526.0,15526.0,15230.0,15304.0,269400,KBS
2021-05-05 07:00:00,15304.0,15452.0,15304.0,15378.0,275400,KBS
2021-05-06 07:00:00,15304.0,15452.0,15230.0,15304.0,174100,KBS
2021-05-07 07:00:00,15304.0,15304.0,15008.0,15082.0,281000,KBS
2021-05-10 07:00:00,15082.0,15082.0,14823.0,15008.0,438400,KBS
2021-05-11 07:00:00,15008.0,15230.0,14934.0,15082.0,321800,KBS
2021-05-12 07:00:00,15230.0,15230.0,15045.0,15045.0,223800,KBS
2021-05-13 07:00:00,14971.0,15156.0,14971.0,14971.0,302500,KBS
2021-05-14 07:00:00,15156.0,15156.0,14860.0,14897.0,247500,KBS
2021-05-17 07:00:00,14934.0,14934.0,14786.0,14823.0,270500,KBS
2021-05-18 07:00:00,14897.0,14897.0,14602.0,14713.0,226700,KBS
2021-05-19 07:00:00,14713.0,14713.0,14269.0,14269.0,477200,KBS
2021-05-20 07:00:00,14269.0,14269.0,13825.0,13973.0,602600,KBS
2021-05-21 07:00:00,14010.0,14010.0,13788.0,13862.0,635700,KBS
2021-05-24 07:00:00,13862.0,14269.0,13862.0,14195.0,320800,KBS
2021-05-25 07:00:00,14195.0,14417.0,14047.0,14417.0,335900,KBS
2021-05-26 07:00:00,14417.0,14639.0,14343.0,14343.0,371700,KBS
2021-05-27 07:00:00,14343.0,14343.0,14121.0,14158.0,211200,KBS
2021-05-28 07:00:00,14195.0,14232.0,14047.0,14232.0,185000,KBS
2021-05-31 07:00:00,14158.0,14195.0,14047.0,14121.0,338400,KBS
2021-06-01 07:00:00,14047.0,14121.0,13973.0,14010.0,363100,KBS
2021-06-02 07:00:00,14121.0,14158.0,14010.0,14158.0,420100,KBS
2021-06-03 07:00:00,14158.0,14860.0,14158.0,14786.0,677000,KBS
2021-06-04 07:00:00,15045.0,15045.0,14454.0,14602.0,311600,KBS
2021-06-07 07:00:00,14713.0,14823.0,14417.0,14602.0,377000,KBS
2021-06-08 07:00:00,14491.0,14639.0,14121.0,14269.0,406700,KBS
2021-06-09 07:00:00,14158.0,14417.0,14158.0,14269.0,327000,KBS
2021-06-10 07:00:00,14343.0,14343.0,14158.0,14269.0,302300,KBS
2021-06-11 07:00:00,14343.0,14565.0,14306.0,14491.0,306000,KBS
2021-06-14 07:00:00,14491.0,14934.0,14491.0,14786.0,739200,KBS
2021-06-15 07:00:00,14749.0,15341.0,14749.0,15156.0,919900,KBS
2021-06-16 07:00:00,15230.0,15452.0,15156.0,15378.0,775500,KBS
2021-06-17 07:00:00,15156.0,15378.0,15008.0,15304.0,368200,KBS
2021-06-18 07:00:00,15230.0,15674.0,15045.0,15489.0,588600,KBS
2021-06-21 07:00:00,15526.0,15858.0,15304.0,15748.0,988100,KBS
2021-06-22 07:00:00,15822.0,15895.0,15600.0,15711.0,492300,KBS
2021-06-23 07:00:00,15526.0,15674.0,15341.0,15452.0,497700,KBS
2021-06-24 07:00:00,15452.0,15674.0,15304.0,15452.0,292300,KBS
2021-06-25 07:00:00,15452.0,15452.0,15119.0,15304.0,297500,KBS
2021-06-28 07:00:00,15304.0,15378.0,15193.0,15230.0,209600,KBS
2021-06-29 07:00:00,15230.0,15341.0,15156.0,15193.0,216100,KBS
2021-06-30 07:00:00,15230.0,15230.0,15156.0,15156.0,290800,KBS
2021-07-01 07:00:00,15193.0,15674.0,15156.0,15489.0,478200,KBS
2021-07-02 07:00:00,15489.0,15600.0,15378.0,15452.0,256600,KBS
2021-07-05 07:00:00,15341.0,15415.0,15045.0,15156.0,323400,KBS
2021-07-06 07:00:00,15341.0,15341.0,14786.0,14934.0,369600,KBS
2021-07-07 07:00:00,14786.0,14934.0,14639.0,14676.0,437900,KBS
2021-07-08 07:00:00,14786.0,14786.0,14676.0,14676.0,201200,KBS
2021-07-09 07:00:00,14676.0,14676.0,14343.0,14343.0,340000,KBS
2021-07-12 07:00:00,14269.0,14269.0,13825.0,13973.0,994900,KBS
2021-07-13 07:00:00,14047.0,14121.0,13825.0,13973.0,290800,KBS
2021-07-14 07:00:00,13973.0,14047.0,13862.0,13899.0,165600,KBS
2021-07-15 07:00:00,13973.0,14195.0,13899.0,14195.0,333800,KBS
2021-07-16 07:00:00,14232.0,14380.0,14010.0,14158.0,163400,KBS
2021-07-19 07:00:00,14010.0,14047.0,13788.0,13788.0,282400,KBS
2021-07-20 07:00:00,13788.0,13862.0,13493.0,13751.0,405400,KBS
2021-07-21 07:00:00,13825.0,13825.0,13567.0,13567.0,559800,KBS
2021-07-22 07:00:00,13604.0,13751.0,13604.0,13714.0,384000,KBS
2021-07-23 07:00:00,13788.0,13899.0,13604.0,13604.0,238300,KBS
2021-07-26 07:00:00,13677.0,13714.0,13567.0,13677.0,931700,KBS
2021-07-27 07:00:00,13677.0,13751.0,13567.0,13604.0,848500,KBS
2021-07-28 07:00:00,13677.0,13677.0,13530.0,13567.0,523700,KBS
2021-07-29 07:00:00,13567.0,13604.0,13530.0,13567.0,340700,KBS
2021-07-30 07:00:00,13530.0,13751.0,13493.0,13677.0,353100,KBS
2021-08-02 07:00:00,13677.0,13751.0,13604.0,13751.0,450600,KBS
2021-08-03 07:00:00,13677.0,13751.0,13604.0,13677.0,301500,KBS
2021-08-04 07:00:00,13714.0,13825.0,13677.0,13825.0,404200,KBS
2021-08-05 07:00:00,13825.0,14269.0,13825.0,14121.0,438900,KBS
2021-08-06 07:00:00,14121.0,14195.0,13973.0,13973.0,211600,KBS
2021-08-09 07:00:00,14121.0,14121.0,13973.0,14084.0,265200,KBS
2021-08-10 07:00:00,14121.0,14269.0,14010.0,14269.0,499300,KBS
2021-08-11 07:00:00,14417.0,14417.0,14158.0,14158.0,280200,KBS
2021-08-12 07:00:00,14158.0,14232.0,14010.0,14195.0,294900,KBS
2021-08-13 07:00:00,14121.0,14158.0,13825.0,14047.0,463700,KBS
2021-08-16 07:00:00,14047.0,14343.0,14047.0,14232.0,519500,KBS
2021-08-17 07:00:00,14232.0,14232.0,14121.0,14158.0,319600,KBS
2021-08-18 07:00:00,14047.0,14306.0,14047.0,14269.0,390300,KBS
2021-08-19 07:00:00,14269.0,14306.0,14121.0,14269.0,325300,KBS
2021-08-20 07:00:00,14269.0,14491.0,14158.0,14343.0,844400,KBS
2021-08-23 07:00:00,14380.0,14380.0,14084.0,14269.0,578200,KBS
2021-08-24 07:00:00,14269.0,14269.0,13899.0,14084.0,412000,KBS
2021-08-25 07:00:00,13973.0,14602.0,13936.0,14380.0,552200,KBS
2021-08-26 07:00:00,14269.0,14491.0,14158.0,14158.0,423600,KBS
2021-08-27 07:00:00,14269.0,15119.0,14121.0,15119.0,2177500,KBS
2021-08-30 07:00:00,15378.0,15674.0,15156.0,15415.0,1199600,KBS
2021-08-31 07:00:00,15378.0,15637.0,15156.0,15230.0,932300,KBS
2021-09-01 07:00:00,15119.0,16228.0,15082.0,16228.0,1966900,KBS
2021-09-06 07:00:00,16265.0,16413.0,15932.0,16265.0,1619600,KBS
2021-09-07 07:00:00,16265.0,16598.0,15822.0,15895.0,1373200,KBS
2021-09-08 07:00:00,15822.0,16043.0,15378.0,15822.0,922900,KBS
2021-09-09 07:00:00,15822.0,16006.0,15785.0,16006.0,682800,KBS
2021-09-10 07:00:00,16117.0,16154.0,15822.0,15858.0,543600,KBS
2021-09-13 07:00:00,15748.0,15932.0,15526.0,15822.0,727800,KBS
2021-09-14 07:00:00,15822.0,15895.0,15156.0,15600.0,1099100,KBS
2021-09-15 07:00:00,15600.0,15637.0,15082.0,15193.0,1048900,KBS
2021-09-16 07:00:00,15341.0,15895.0,15304.0,15822.0,782100,KBS
2021-09-17 07:00:00,15822.0,15895.0,15452.0,15637.0,470600,KBS
2021-09-20 07:00:00,15637.0,15785.0,15193.0,15193.0,896000,KBS
2021-09-21 07:00:00,15452.0,15822.0,15193.0,15785.0,1470500,KBS
2021-09-22 07:00:00,15895.0,15895.0,15378.0,15600.0,1175600,KBS
2021-09-23 07:00:00,15895.0,15895.0,15415.0,15674.0,767700,KBS
2021-09-24 07:00:00,15526.0,15674.0,15341.0,15526.0,731200,KBS
2021-09-27 07:00:00,15600.0,15637.0,15193.0,15230.0,989100,KBS
2021-09-28 07:00:00,15267.0,15748.0,15267.0,15526.0,878500,KBS
2021-09-29 07:00:00,15875.0,16302.0,15526.0,16147.0,4603400,KBS
2021-09-30 07:00:00,16224.0,16263.0,15836.0,15992.0,573800,KBS
2021-10-01 07:00:00,16069.0,16108.0,15836.0,15992.0,750100,KBS
2021-10-04 07:00:00,16302.0,17078.0,16302.0,17078.0,3639400,KBS
2021-10-05 07:00:00,17272.0,17272.0,16845.0,16923.0,1003700,KBS
2021-10-06 07:00:00,16845.0,17156.0,16845.0,17040.0,868600,KBS
2021-10-07 07:00:00,16923.0,17467.0,16923.0,17350.0,1981400,KBS
2021-10-08 07:00:00,17467.0,17467.0,16923.0,17040.0,1335000,KBS
2021-10-11 07:00:00,17195.0,17234.0,16613.0,16845.0,1264000,KBS
2021-10-12 07:00:00,16884.0,17234.0,16574.0,17078.0,1248600,KBS
2021-10-13 07:00:00,17311.0,17467.0,17078.0,17195.0,1004200,KBS
2021-10-14 07:00:00,17467.0,17467.0,17156.0,17195.0,724200,KBS
2021-10-15 07:00:00,17156.0,17311.0,16962.0,17234.0,1154600,KBS
2021-10-18 07:00:00,17272.0,17389.0,17078.0,17234.0,1103500,KBS
2021-10-19 07:00:00,17389.0,17777.0,17234.0,17428.0,969100,KBS
2021-10-20 07:00:00,17738.0,18010.0,17544.0,17893.0,1995800,KBS
2021-10-21 07:00:00,17855.0,18165.0,17622.0,18049.0,1180000,KBS
2021-10-22 07:00:00,18049.0,18049.0,17661.0,18010.0,753200,KBS
2021-10-25 07:00:00,17855.0,18398.0,17855.0,18282.0,1480100,KBS
2021-10-26 07:00:00,18088.0,18243.0,17932.0,18165.0,718600,KBS
2021-10-27 07:00:00,18204.0,18204.0,17971.0,18088.0,1093200,KBS
2021-10-28 07:00:00,18126.0,18437.0,18010.0,18398.0,1048700,KBS
2021-10-29 07:00:00,18398.0,18476.0,17932.0,18204.0,1094200,KBS
2021-11-01 07:00:00,18437.0,18437.0,17855.0,18010.0,1200700,KBS
2021-11-02 07:00:00,18126.0,18243.0,17816.0,17932.0,1365900,KBS
2021-11-03 07:00:00,18204.0,18243.0,17544.0,17544.0,1508500,KBS
2021-11-04 07:00:00,17467.0,17699.0,17467.0,17467.0,748800,KBS
2021-11-05 07:00:00,17544.0,17971.0,17467.0,17932.0,1033800,KBS
2021-11-08 07:00:00,18010.0,18088.0,17777.0,18010.0,1270400,KBS
2021-11-09 07:00:00,18010.0,18359.0,17855.0,18243.0,1639200,KBS
2021-11-10 07:00:00,18553.0,19019.0,18437.0,18980.0,2690800,KBS
2021-11-11 07:00:00,18980.0,19019.0,18320.0,18709.0,1135700,KBS
2021-11-12 07:00:00,18670.0,18864.0,18476.0,18631.0,821900,KBS
2021-11-15 07:00:00,18631.0,19019.0,18476.0,18786.0,2108600,KBS
2021-11-16 07:00:00,18864.0,19252.0,18476.0,18825.0,1618800,KBS
2021-11-17 07:00:00,18903.0,18903.0,18476.0,18709.0,707200,KBS
2021-11-18 07:00:00,18747.0,18747.0,18476.0,18592.0,807200,KBS
2021-11-19 07:00:00,18592.0,18592.0,17311.0,17544.0,2287900,KBS
2021-11-22 07:00:00,17389.0,17389.0,16613.0,16613.0,1273200,KBS
2021-11-23 07:00:00,16690.0,17350.0,16535.0,17350.0,425600,KBS
2021-11-24 07:00:00,17389.0,17544.0,17040.0,17040.0,613500,KBS
2021-11-25 07:00:00,17078.0,17699.0,16884.0,17389.0,496400,KBS
2021-11-26 07:00:00,17661.0,17699.0,17234.0,17505.0,558700,KBS
2021-11-29 07:00:00,17156.0,17467.0,17001.0,17350.0,552100,KBS
2021-11-30 07:00:00,17622.0,17661.0,17234.0,17311.0,678600,KBS
2021-12-01 07:00:00,17389.0,17389.0,17078.0,17389.0,400800,KBS
2021-12-02 07:00:00,17272.0,17893.0,17272.0,17467.0,512800,KBS
2021-12-03 07:00:00,17467.0,17622.0,17040.0,17040.0,415200,KBS
2021-12-06 07:00:00,17040.0,17156.0,16574.0,16768.0,721300,KBS
2021-12-07 07:00:00,16923.0,17467.0,16768.0,17389.0,390200,KBS
2021-12-08 07:00:00,17428.0,17544.0,17272.0,17428.0,474000,KBS
2021-12-09 07:00:00,17389.0,18631.0,17311.0,18631.0,3329600,KBS
2021-12-10 07:00:00,18631.0,19019.0,18476.0,18941.0,2549500,KBS
2021-12-13 07:00:00,19407.0,19407.0,18864.0,18941.0,1522000,KBS
2021-12-14 07:00:00,18631.0,20184.0,18631.0,20067.0,4932900,KBS
2021-12-15 07:00:00,20184.0,20416.0,19485.0,19795.0,2088900,KBS
2021-12-16 07:00:00,19873.0,20649.0,19485.0,20184.0,3380600,KBS
2021-12-17 07:00:00,20261.0,20727.0,20028.0,20106.0,2723400,KBS
2021-12-20 07:00:00,19873.0,21115.0,19795.0,20960.0,2985500,KBS
2021-12-21 07:00:00,20805.0,21193.0,20494.0,20766.0,2462500,KBS
2021-12-22 07:00:00,20805.0,21697.0,20805.0,20882.0,4197900,KBS
2021-12-23 07:00:00,20882.0,20999.0,19795.0,20416.0,2764400,KBS
2021-12-24 07:00:00,20261.0,20572.0,20067.0,20261.0,2054700,KBS
2021-12-27 07:00:00,20416.0,20805.0,19795.0,20416.0,1556900,KBS
2021-12-28 07:00:00,20766.0,21270.0,20494.0,20805.0,2106300,KBS
2021-12-29 07:00:00,20805.0,21270.0,20339.0,20339.0,1048100,KBS
2021-12-30 07:00:00,20416.0,20494.0,20028.0,20455.0,1225900,KBS
2021-12-31 07:00:00,20649.0,20882.0,20261.0,20416.0,1277500,KBS
2022-01-04 07:00:00,20572.0,21309.0,20261.0,20999.0,2799800,KBS
2022-01-05 07:00:00,21348.0,21348.0,20572.0,20610.0,2558800,KBS
2022-01-06 07:00:00,20649.0,20766.0,20261.0,20378.0,1678200,KBS
2022-01-07 07:00:00,20300.0,20805.0,20222.0,20494.0,2200900,KBS
2022-01-10 07:00:00,20339.0,20416.0,19407.0,19407.0,3362400,KBS
2022-01-11 07:00:00,19368.0,19951.0,19291.0,19407.0,1310500,KBS
2022-01-12 07:00:00,19407.0,20028.0,18864.0,19951.0,1252100,KBS
2022-01-13 07:00:00,20145.0,20184.0,18864.0,18864.0,1204500,KBS
2022-01-14 07:00:00,18320.0,19058.0,18243.0,18514.0,882600,KBS
2022-01-17 07:00:00,18786.0,18941.0,17234.0,17234.0,1863000,KBS
2022-01-18 07:00:00,17234.0,17699.0,16923.0,17156.0,914700,KBS
2022-01-19 07:00:00,17311.0,17467.0,17078.0,17156.0,674500,KBS
2022-01-20 07:00:00,17156.0,18010.0,17156.0,17855.0,476100,KBS
2022-01-21 07:00:00,17855.0,17971.0,17467.0,17932.0,659300,KBS
2022-01-24 07:00:00,17738.0,17932.0,17505.0,17505.0,800000,KBS
2022-01-25 07:00:00,17467.0,17855.0,17272.0,17777.0,526300,KBS
2022-01-26 07:00:00,18126.0,18126.0,17389.0,17389.0,451100,KBS
2022-01-27 07:00:00,17389.0,17428.0,17078.0,17156.0,462000,KBS
2022-01-28 07:00:00,17156.0,17467.0,17156.0,17350.0,354000,KBS
2022-02-07 07:00:00,17622.0,18243.0,17505.0,18165.0,473400,KBS
2022-02-08 07:00:00,18126.0,18320.0,17699.0,18320.0,604700,KBS
2022-02-09 07:00:00,18398.0,18592.0,18010.0,18476.0,544700,KBS
2022-02-10 07:00:00,18476.0,18747.0,18398.0,18514.0,462700,KBS
2022-02-11 07:00:00,18514.0,18592.0,18243.0,18514.0,433900,KBS
2022-02-14 07:00:00,18165.0,18631.0,18165.0,18476.0,691900,KBS
2022-02-15 07:00:00,18320.0,18514.0,18088.0,18476.0,329600,KBS
2022-02-16 07:00:00,18476.0,18903.0,18476.0,18786.0,419800,KBS
2022-02-17 07:00:00,18786.0,18903.0,18514.0,18709.0,454400,KBS
2022-02-18 07:00:00,18592.0,18786.0,18553.0,18747.0,278300,KBS
2022-02-21 07:00:00,18864.0,19368.0,18786.0,19097.0,595100,KBS
2022-02-22 07:00:00,18903.0,18941.0,18243.0,18592.0,556200,KBS
2022-02-23 07:00:00,18631.0,19019.0,18476.0,18514.0,481400,KBS
2022-02-24 07:00:00,18476.0,18553.0,17234.0,17544.0,1451800,KBS
2022-02-25 07:00:00,17816.0,18010.0,17622.0,17622.0,651900,KBS
2022-02-28 07:00:00,17855.0,18165.0,17699.0,17855.0,382900,KBS
2022-03-01 07:00:00,17893.0,18204.0,17699.0,18010.0,464200,KBS
2022-03-02 07:00:00,18088.0,18243.0,17738.0,17816.0,461400,KBS
2022-03-03 07:00:00,17622.0,17855.0,17583.0,17777.0,503000,KBS
2022-03-04 07:00:00,17777.0,17971.0,17777.0,17777.0,469500,KBS
2022-03-07 07:00:00,17544.0,18398.0,17389.0,18320.0,1229300,KBS
2022-03-08 07:00:00,17932.0,18553.0,17855.0,17855.0,1116100,KBS
2022-03-09 07:00:00,18165.0,18165.0,17544.0,17777.0,473700,KBS
2022-03-10 07:00:00,18165.0,18165.0,17699.0,17699.0,566700,KBS
2022-03-11 07:00:00,17699.0,17699.0,17467.0,17505.0,567800,KBS
2022-03-14 07:00:00,17505.0,17777.0,17350.0,17467.0,369500,KBS
2022-03-15 07:00:00,17234.0,17699.0,17234.0,17544.0,432000,KBS
2022-03-16 07:00:00,17777.0,17777.0,17505.0,17544.0,525900,KBS
2022-03-17 07:00:00,17661.0,17661.0,17505.0,17505.0,433100,KBS
2022-03-18 07:00:00,17622.0,17816.0,17544.0,17661.0,328200,KBS
2022-03-21 07:00:00,17699.0,17971.0,17622.0,17699.0,477700,KBS
2022-03-22 07:00:00,17855.0,17855.0,17544.0,17661.0,704900,KBS
2022-03-23 07:00:00,17699.0,18243.0,17699.0,18010.0,855900,KBS
2022-03-24 07:00:00,18398.0,18398.0,18049.0,18126.0,822000,KBS
2022-03-25 07:00:00,18165.0,18320.0,17855.0,17971.0,675900,KBS
2022-03-28 07:00:00,17855.0,17971.0,17622.0,17777.0,728100,KBS
2022-03-29 07:00:00,17855.0,18204.0,17855.0,18165.0,683500,KBS
2022-03-30 07:00:00,18165.0,18747.0,18165.0,18359.0,1371300,KBS
2022-03-31 07:00:00,18476.0,19019.0,18437.0,18941.0,1739700,KBS
2022-04-01 07:00:00,18709.0,19058.0,18709.0,18903.0,1491700,KBS
2022-04-04 07:00:00,19348.0,19348.0,18660.0,18660.0,854100,KBS
2022-04-05 07:00:00,18457.0,18943.0,18417.0,18781.0,820800,KBS
2022-04-06 07:00:00,18660.0,19591.0,18660.0,19429.0,1666500,KBS
2022-04-07 07:00:00,19429.0,19753.0,19348.0,19429.0,1495900,KBS
2022-04-08 07:00:00,19672.0,19672.0,19065.0,19186.0,1075600,KBS
2022-04-12 07:00:00,19267.0,19388.0,18457.0,18619.0,848000,KBS
2022-04-13 07:00:00,18619.0,18862.0,18457.0,18538.0,663600,KBS
2022-04-14 07:00:00,18741.0,19024.0,18579.0,18660.0,485200,KBS
2022-04-15 07:00:00,18660.0,19429.0,18619.0,19226.0,1282800,KBS
2022-04-18 07:00:00,19307.0,20238.0,19226.0,20076.0,3483800,KBS
2022-04-19 07:00:00,20157.0,20319.0,19672.0,19672.0,1304600,KBS
2022-04-20 07:00:00,19510.0,20400.0,19510.0,19550.0,1834700,KBS
2022-04-21 07:00:00,19550.0,20157.0,18215.0,18700.0,1680300,KBS
2022-04-22 07:00:00,18660.0,19024.0,17486.0,18215.0,1949300,KBS
2022-04-25 07:00:00,18215.0,18255.0,16960.0,16960.0,1955900,KBS
2022-04-26 07:00:00,16595.0,18134.0,16191.0,18134.0,1002200,KBS
2022-04-27 07:00:00,18053.0,18457.0,17729.0,18134.0,517900,KBS
2022-04-28 07:00:00,18174.0,18295.0,17810.0,17810.0,647200,KBS
2022-04-29 07:00:00,17769.0,18295.0,17769.0,18174.0,548700,KBS
2022-05-04 07:00:00,18174.0,19186.0,17810.0,18700.0,791600,KBS
2022-05-05 07:00:00,18700.0,19024.0,18215.0,18457.0,572400,KBS
2022-05-06 07:00:00,18215.0,18660.0,18012.0,18174.0,547400,KBS
2022-05-09 07:00:00,18255.0,18255.0,16919.0,16960.0,1163500,KBS
2022-05-10 07:00:00,16191.0,17648.0,16191.0,17526.0,442200,KBS
2022-05-11 07:00:00,17567.0,18295.0,17526.0,18012.0,818300,KBS
2022-05-12 07:00:00,17810.0,18134.0,17000.0,17000.0,654300,KBS
2022-05-13 07:00:00,17324.0,17324.0,16191.0,16272.0,868500,KBS
2022-05-16 07:00:00,17000.0,17243.0,16838.0,16879.0,353900,KBS
2022-05-17 07:00:00,16838.0,17729.0,16717.0,17688.0,386700,KBS
2022-05-18 07:00:00,17567.0,17729.0,17324.0,17486.0,284700,KBS
2022-05-19 07:00:00,16919.0,17526.0,16919.0,17445.0,256100,KBS
2022-05-20 07:00:00,17567.0,18134.0,17405.0,17567.0,563900,KBS
2022-05-23 07:00:00,17567.0,18134.0,17405.0,17526.0,480000,KBS
2022-05-24 07:00:00,17526.0,17769.0,17405.0,17648.0,366900,KBS
2022-05-25 07:00:00,17810.0,18255.0,17729.0,18215.0,740800,KBS
2022-05-26 07:00:00,18215.0,18215.0,17891.0,18012.0,474600,KBS
2022-05-27 07:00:00,17972.0,18498.0,17972.0,18053.0,725700,KBS
2022-05-30 07:00:00,18255.0,18579.0,17972.0,18457.0,664300,KBS
2022-05-31 07:00:00,18457.0,18984.0,18376.0,18943.0,1177100,KBS
2022-06-01 07:00:00,19024.0,19550.0,19024.0,19429.0,1018000,KBS
2022-06-02 07:00:00,19591.0,19591.0,18862.0,18862.0,948100,KBS
2022-06-03 07:00:00,18862.0,19186.0,18700.0,19024.0,691200,KBS
2022-06-06 07:00:00,19024.0,20319.0,18943.0,20319.0,3799000,KBS
2022-06-07 07:00:00,20481.0,21048.0,20481.0,20643.0,2200200,KBS
2022-06-08 07:00:00,21048.0,21696.0,20967.0,21048.0,2311900,KBS
2022-06-09 07:00:00,20805.0,22505.0,20805.0,22505.0,6783700,KBS
2022-06-10 07:00:00,22505.0,22991.0,21453.0,21453.0,3486700,KBS
2022-06-13 07:00:00,20724.0,22950.0,20724.0,22100.0,4342900,KBS
2022-06-14 07:00:00,21979.0,23476.0,21453.0,23234.0,3976500,KBS
2022-06-15 07:00:00,23274.0,23355.0,21898.0,22505.0,2466600,KBS
2022-06-16 07:00:00,22748.0,23962.0,22262.0,22910.0,5955700,KBS
2022-06-17 07:00:00,22424.0,23962.0,22100.0,23476.0,3429000,KBS
2022-06-20 07:00:00,23476.0,23476.0,21857.0,21857.0,2281700,KBS
2022-06-21 07:00:00,21129.0,21857.0,20360.0,20360.0,5562900,KBS
2022-06-22 07:00:00,20238.0,20238.0,18943.0,18943.0,6149400,KBS
2022-06-23 07:00:00,19348.0,20238.0,18984.0,20238.0,1474100,KBS
2022-06-24 07:00:00,20400.0,20603.0,19550.0,19672.0,2089000,KBS
2022-06-27 07:00:00,19753.0,20603.0,19510.0,20319.0,2212000,KBS
2022-06-28 07:00:00,20481.0,20967.0,19672.0,20076.0,2524100,KBS
2022-06-29 07:00:00,19672.0,20724.0,19672.0,20562.0,1947300,KBS
2022-06-30 07:00:00,20805.0,21372.0,20076.0,20076.0,1997700,KBS
2022-07-01 07:00:00,19995.0,20643.0,19591.0,20441.0,2280100,KBS
2022-07-04 07:00:00,20643.0,20805.0,20076.0,20157.0,1150100,KBS
2022-07-05 07:00:00,19915.0,20076.0,18781.0,18781.0,3702300,KBS
2022-07-06 07:00:00,17972.0,18984.0,17972.0,18134.0,1770500,KBS
2022-07-07 07:00:00,17972.0,18781.0,17931.0,18619.0,1290500,KBS
2022-07-08 07:00:00,19024.0,19024.0,18619.0,18741.0,921400,KBS
2022-07-11 07:00:00,18619.0,18781.0,17648.0,17972.0,1213700,KBS
2022-07-12 07:00:00,18255.0,19105.0,18093.0,18741.0,859300,KBS
2022-07-13 07:00:00,19024.0,19024.0,18579.0,18619.0,639900,KBS
2022-07-14 07:00:00,18862.0,19550.0,18619.0,19510.0,1289400,KBS
2022-07-15 07:00:00,19510.0,20076.0,19307.0,19307.0,1448800,KBS
2022-07-18 07:00:00,19834.0,19834.0,19105.0,19267.0,756300,KBS
2022-07-19 07:00:00,20603.0,20603.0,20117.0,20603.0,2840000,KBS
2022-07-20 07:00:00,21129.0,21817.0,20805.0,20846.0,2546500,KBS
2022-07-21 07:00:00,20886.0,21372.0,20481.0,20481.0,1218700,KBS
2022-07-22 07:00:00,20846.0,20967.0,20076.0,20238.0,814600,KBS
2022-07-25 07:00:00,20238.0,21048.0,20238.0,21048.0,1558400,KBS
2022-07-26 07:00:00,21007.0,21291.0,20522.0,20522.0,737200,KBS
2022-07-27 07:00:00,20319.0,21129.0,20319.0,21007.0,1149900,KBS
2022-07-28 07:00:00,21210.0,21574.0,21048.0,21291.0,1416900,KBS
2022-07-29 07:00:00,21372.0,21453.0,20886.0,21048.0,1330200,KBS
2022-08-01 07:00:00,21007.0,21331.0,20724.0,21210.0,1554300,KBS
2022-08-02 07:00:00,21210.0,22019.0,21129.0,21857.0,1799200,KBS
2022-08-03 07:00:00,21736.0,22060.0,21534.0,21534.0,953000,KBS
2022-08-04 07:00:00,21615.0,21736.0,21169.0,21250.0,1126600,KBS
2022-08-05 07:00:00,21088.0,22019.0,21048.0,21291.0,1130800,KBS
2022-08-08 07:00:00,21291.0,21857.0,21210.0,21817.0,1227100,KBS
2022-08-09 07:00:00,21898.0,21979.0,21372.0,21534.0,982600,KBS
2022-08-10 07:00:00,21372.0,21736.0,21331.0,21534.0,813200,KBS
2022-08-11 07:00:00,21574.0,21938.0,20967.0,21048.0,1426000,KBS
2022-08-12 07:00:00,21048.0,21169.0,20643.0,20886.0,1742900,KBS
2022-08-15 07:00:00,21048.0,21493.0,21007.0,21493.0,820200,KBS
2022-08-16 07:00:00,21615.0,21736.0,21250.0,21331.0,1230900,KBS
2022-08-17 07:00:00,21331.0,21453.0,20805.0,20926.0,1341000,KBS
2022-08-18 07:00:00,20886.0,21007.0,20481.0,20805.0,735000,KBS
2022-08-19 07:00:00,20805.0,20926.0,20643.0,20684.0,548100,KBS
2022-08-22 07:00:00,20562.0,20967.0,20360.0,20441.0,637000,KBS
2022-08-23 07:00:00,20400.0,20926.0,20400.0,20926.0,588500,KBS
2022-08-24 07:00:00,21048.0,21250.0,20886.0,21007.0,820400,KBS
2022-08-25 07:00:00,21169.0,21169.0,20724.0,20886.0,1087700,KBS
2022-08-26 07:00:00,21048.0,21129.0,20522.0,20724.0,1071800,KBS
2022-08-29 07:00:00,20400.0,20724.0,20238.0,20643.0,1111000,KBS
2022-08-30 07:00:00,20846.0,20967.0,20603.0,20724.0,703100,KBS
2022-08-31 07:00:00,21048.0,22141.0,20765.0,22141.0,4641700,KBS
2022-09-05 07:00:00,22424.0,22991.0,22262.0,22505.0,1718400,KBS
2022-09-06 07:00:00,22505.0,23396.0,22505.0,22505.0,2831100,KBS
2022-09-07 07:00:00,22424.0,23234.0,22343.0,22465.0,2668300,KBS
2022-09-08 07:00:00,22788.0,22910.0,21938.0,22060.0,1668000,KBS
2022-09-09 07:00:00,22384.0,23598.0,22262.0,23598.0,5644800,KBS
2022-09-12 07:00:00,24124.0,24691.0,23719.0,24246.0,1632300,KBS
2022-09-13 07:00:00,24246.0,24853.0,23881.0,24286.0,1581700,KBS
2022-09-14 07:00:00,23881.0,25541.0,23800.0,23962.0,3895300,KBS
2022-09-15 07:00:00,24043.0,24610.0,23719.0,24448.0,1457400,KBS
2022-09-16 07:00:00,24367.0,25500.0,24367.0,25096.0,3196200,KBS
2022-09-19 07:00:00,25055.0,25824.0,23922.0,24448.0,2482600,KBS
2022-09-20 07:00:00,24691.0,24691.0,23153.0,24286.0,2026400,KBS
2022-09-21 07:00:00,24205.0,24934.0,23800.0,24124.0,1402400,KBS
2022-09-22 07:00:00,24003.0,25784.0,23962.0,25784.0,2224600,KBS
2022-09-23 07:00:00,25905.0,26188.0,24691.0,25217.0,1568300,KBS
2022-09-26 07:00:00,24529.0,25177.0,23800.0,24691.0,1818900,KBS
2022-09-27 07:00:00,24772.0,26391.0,24610.0,25743.0,1794200,KBS
2022-09-28 07:00:00,25743.0,25905.0,23962.0,23962.0,2623300,KBS
2022-09-29 07:00:00,23962.0,24205.0,22303.0,22303.0,3364100,KBS
2022-09-30 07:00:00,21615.0,23476.0,20967.0,23031.0,2103000,KBS
2022-10-03 07:00:00,22788.0,22788.0,21453.0,21453.0,1655300,KBS
2022-10-04 07:00:00,21938.0,22100.0,20967.0,21048.0,1559500,KBS
2022-10-05 07:00:00,21493.0,22505.0,21493.0,22505.0,1662400,KBS
2022-10-06 07:00:00,22667.0,22910.0,21331.0,21453.0,1845700,KBS
2022-10-07 07:00:00,21494.0,22407.0,20125.0,21660.0,2076600,KBS
2022-10-10 07:00:00,21660.0,23154.0,21577.0,22532.0,1611100,KBS
2022-10-11 07:00:00,22532.0,22532.0,20955.0,20955.0,1824000,KBS
2022-10-12 07:00:00,21162.0,21992.0,20996.0,21245.0,902900,KBS
2022-10-13 07:00:00,21245.0,21868.0,21079.0,21868.0,810400,KBS
2022-10-14 07:00:00,22034.0,22283.0,21577.0,21992.0,1949700,KBS
2022-10-17 07:00:00,21992.0,22573.0,21245.0,22573.0,1571000,KBS
2022-10-18 07:00:00,23112.0,23112.0,22158.0,22822.0,1314900,KBS
2022-10-19 07:00:00,22490.0,22822.0,22075.0,22075.0,883200,KBS
2022-10-20 07:00:00,21785.0,22200.0,21162.0,21245.0,1927100,KBS
2022-10-21 07:00:00,21411.0,21868.0,20996.0,21162.0,1741600,KBS
2022-10-24 07:00:00,21204.0,22241.0,21079.0,21411.0,1824800,KBS
2022-10-25 07:00:00,21619.0,22075.0,20581.0,21826.0,1575600,KBS
2022-10-26 07:00:00,21826.0,22200.0,21702.0,21826.0,863100,KBS
2022-10-27 07:00:00,21826.0,22158.0,21328.0,22075.0,1285400,KBS
2022-10-28 07:00:00,22324.0,22366.0,21577.0,21826.0,864000,KBS
2022-10-31 07:00:00,21660.0,21826.0,20830.0,21079.0,846900,KBS
2022-11-01 07:00:00,21536.0,21785.0,21245.0,21660.0,530300,KBS
2022-11-02 07:00:00,21660.0,21743.0,21079.0,21328.0,685200,KBS
2022-11-03 07:00:00,21328.0,21328.0,19876.0,19876.0,2598900,KBS
2022-11-04 07:00:00,19751.0,20581.0,19585.0,19917.0,1176400,KBS
2022-11-07 07:00:00,19710.0,19917.0,18548.0,18548.0,1382200,KBS
2022-11-08 07:00:00,17801.0,19087.0,17594.0,18921.0,1094000,KBS
2022-11-09 07:00:00,18880.0,19544.0,18839.0,19087.0,728100,KBS
2022-11-10 07:00:00,18673.0,19046.0,17760.0,17801.0,1442700,KBS
2022-11-11 07:00:00,18092.0,19046.0,18092.0,19046.0,1037200,KBS
2022-11-14 07:00:00,19046.0,19087.0,18216.0,18963.0,721800,KBS
2022-11-15 07:00:00,18548.0,18839.0,17677.0,17677.0,1959100,KBS
2022-11-16 07:00:00,17220.0,18839.0,16598.0,18839.0,849100,KBS
2022-11-17 07:00:00,19087.0,19336.0,18590.0,18839.0,412000,KBS
2022-11-18 07:00:00,18839.0,19751.0,18175.0,19087.0,976900,KBS
2022-11-21 07:00:00,19170.0,20125.0,19129.0,20125.0,716000,KBS
2022-11-22 07:00:00,20000.0,20415.0,19751.0,19917.0,716800,KBS
2022-11-23 07:00:00,19917.0,21162.0,19917.0,20747.0,968200,KBS
2022-11-24 07:00:00,20125.0,21660.0,20125.0,20581.0,866400,KBS
2022-11-25 07:00:00,20789.0,21162.0,20415.0,20955.0,671400,KBS
2022-11-28 07:00:00,21162.0,21453.0,20872.0,21162.0,460300,KBS
2022-11-29 07:00:00,21328.0,21411.0,20623.0,21162.0,652900,KBS
2022-11-30 07:00:00,20996.0,22573.0,20581.0,22573.0,1310800,KBS
2022-12-01 07:00:00,22615.0,22988.0,21619.0,21619.0,976600,KBS
2022-12-02 07:00:00,21411.0,22283.0,21411.0,22283.0,487000,KBS
2022-12-05 07:00:00,22822.0,22822.0,21702.0,22075.0,811600,KBS
2022-12-06 07:00:00,22075.0,22822.0,21370.0,21951.0,913300,KBS
2022-12-07 07:00:00,21951.0,22822.0,21660.0,22241.0,560800,KBS
2022-12-08 07:00:00,22241.0,22697.0,21992.0,22241.0,563100,KBS
2022-12-09 07:00:00,22241.0,23237.0,22075.0,22946.0,907400,KBS
2022-12-12 07:00:00,22449.0,23776.0,22449.0,22822.0,1060700,KBS
2022-12-13 07:00:00,22946.0,23154.0,22490.0,23029.0,302600,KBS
2022-12-14 07:00:00,23320.0,23320.0,22490.0,22988.0,513100,KBS
2022-12-15 07:00:00,22656.0,23320.0,22656.0,23195.0,479800,KBS
2022-12-16 07:00:00,23071.0,23569.0,23071.0,23195.0,705500,KBS
2022-12-19 07:00:00,22863.0,23444.0,22822.0,22822.0,408700,KBS
2022-12-20 07:00:00,22905.0,22988.0,21494.0,22200.0,540700,KBS
2022-12-21 07:00:00,22283.0,22407.0,21660.0,21992.0,257100,KBS
2022-12-22 07:00:00,22407.0,23029.0,21951.0,23029.0,376300,KBS
2022-12-23 07:00:00,23029.0,24606.0,23029.0,23818.0,1083200,KBS
2022-12-26 07:00:00,23818.0,24067.0,23071.0,23237.0,337300,KBS
2022-12-27 07:00:00,23320.0,23652.0,22656.0,23486.0,415700,KBS
2022-12-28 07:00:00,22988.0,23859.0,22988.0,23859.0,331600,KBS
2022-12-29 07:00:00,23859.0,23901.0,23237.0,23818.0,275100,KBS
2022-12-30 07:00:00,24025.0,24025.0,23320.0,23942.0,203000,KBS
2023-01-03 07:00:00,23984.0,24482.0,23486.0,24191.0,216200,KBS
2023-01-04 07:00:00,24357.0,25312.0,23901.0,25270.0,608900,KBS
2023-01-05 07:00:00,25270.0,26059.0,24648.0,24897.0,958100,KBS
2023-01-06 07:00:00,24772.0,24980.0,23278.0,23859.0,1209800,KBS
2023-01-09 07:00:00,23859.0,24150.0,23071.0,23361.0,681300,KBS
2023-01-10 07:00:00,23361.0,23735.0,23112.0,23403.0,340400,KBS
2023-01-11 07:00:00,23444.0,24067.0,23029.0,23735.0,839900,KBS
2023-01-12 07:00:00,23818.0,24150.0,23486.0,23776.0,444300,KBS
2023-01-13 07:00:00,23818.0,24067.0,23652.0,23735.0,554500,KBS
2023-01-16 07:00:00,23652.0,23818.0,23361.0,23444.0,295600,KBS
2023-01-17 07:00:00,23403.0,23818.0,23154.0,23818.0,572000,KBS
2023-01-18 07:00:00,23818.0,23901.0,23569.0,23610.0,381600,KBS
2023-01-19 07:00:00,23652.0,24274.0,23610.0,23610.0,765100,KBS
2023-01-27 07:00:00,23693.0,23901.0,22822.0,23403.0,1114000,KBS
2023-01-30 07:00:00,23403.0,23403.0,22656.0,22697.0,1014000,KBS
2023-01-31 07:00:00,22697.0,23901.0,22656.0,23901.0,1179900,KBS
2023-02-01 07:00:00,23984.0,24191.0,22241.0,22905.0,1087600,KBS
2023-02-02 07:00:00,23320.0,23320.0,22324.0,22324.0,573100,KBS
2023-02-03 07:00:00,22407.0,22697.0,21992.0,22449.0,371900,KBS
2023-02-06 07:00:00,22241.0,23320.0,22241.0,23278.0,613500,KBS
2023-02-07 07:00:00,23320.0,23818.0,23195.0,23320.0,652600,KBS
2023-02-08 07:00:00,23444.0,23527.0,23112.0,23320.0,622200,KBS
2023-02-09 07:00:00,23071.0,23527.0,22988.0,23237.0,208100,KBS
2023-02-10 07:00:00,23237.0,24067.0,23237.0,23320.0,902000,KBS
2023-02-13 07:00:00,23361.0,24233.0,23320.0,24233.0,1103900,KBS
2023-02-14 07:00:00,24482.0,24565.0,23776.0,23859.0,407700,KBS
2023-02-15 07:00:00,23901.0,24316.0,23652.0,24067.0,488900,KBS
2023-02-16 07:00:00,24399.0,24440.0,23859.0,23942.0,412800,KBS
2023-02-17 07:00:00,24108.0,24731.0,23693.0,24399.0,630200,KBS
2023-02-20 07:00:00,24399.0,24814.0,24108.0,24482.0,605400,KBS
2023-02-21 07:00:00,24731.0,24731.0,23818.0,23818.0,677400,KBS
2023-02-22 07:00:00,23569.0,24067.0,23486.0,23569.0,611600,KBS
2023-02-23 07:00:00,23403.0,24274.0,23112.0,24233.0,797700,KBS
2023-02-24 07:00:00,24233.0,24731.0,24067.0,24233.0,400600,KBS
2023-02-27 07:00:00,24233.0,24233.0,23527.0,23652.0,326600,KBS
2023-02-28 07:00:00,23652.0,24067.0,23652.0,23818.0,283600,KBS
2023-03-01 07:00:00,23735.0,24274.0,23652.0,24274.0,462700,KBS
2023-03-02 07:00:00,24191.0,25644.0,24191.0,25561.0,2070400,KBS
2023-03-03 07:00:00,25727.0,25727.0,24565.0,24855.0,749100,KBS
2023-03-06 07:00:00,25021.0,25187.0,24399.0,24399.0,552500,KBS
2023-03-07 07:00:00,25685.0,25685.0,24648.0,24648.0,820700,KBS
2023-03-08 07:00:00,24648.0,24814.0,24067.0,24731.0,1279800,KBS
2023-03-09 07:00:00,25021.0,25312.0,24772.0,25063.0,424200,KBS
2023-03-10 07:00:00,24814.0,24980.0,24316.0,24565.0,557300,KBS
2023-03-13 07:00:00,24316.0,24648.0,24274.0,24316.0,591900,KBS
2023-03-14 07:00:00,24357.0,24399.0,23735.0,24067.0,1029300,KBS
2023-03-15 07:00:00,24316.0,24606.0,24191.0,24482.0,479300,KBS
2023-03-16 07:00:00,24316.0,24399.0,24025.0,24067.0,896100,KBS
2023-03-17 07:00:00,24150.0,24399.0,23818.0,24067.0,542700,KBS
2023-03-20 07:00:00,24067.0,24316.0,23652.0,23652.0,583900,KBS
2023-03-21 07:00:00,23942.0,24233.0,23776.0,24067.0,638700,KBS
2023-03-22 07:00:00,24233.0,24399.0,24025.0,24233.0,466600,KBS
2023-03-23 07:00:00,24491.0,24491.0,24061.0,24276.0,323000,KBS
2023-03-24 07:00:00,24319.0,24319.0,24061.0,24061.0,315300,KBS
2023-03-27 07:00:00,24061.0,24662.0,24018.0,24577.0,650400,KBS
2023-03-28 07:00:00,24491.0,24705.0,24276.0,24491.0,461600,KBS
2023-03-29 07:00:00,24448.0,24748.0,24405.0,24577.0,246200,KBS
2023-03-30 07:00:00,24791.0,24791.0,24577.0,24577.0,264200,KBS
2023-03-31 07:00:00,24491.0,24748.0,24491.0,24748.0,437800,KBS
2023-04-03 07:00:00,24834.0,25264.0,24662.0,25049.0,532100,KBS
2023-04-04 07:00:00,25135.0,25694.0,24920.0,25694.0,707900,KBS
2023-04-05 07:00:00,25608.0,26553.0,25393.0,26209.0,939900,KBS
2023-04-06 07:00:00,25951.0,26295.0,25350.0,25350.0,882700,KBS
2023-04-07 07:00:00,25350.0,25436.0,24963.0,25049.0,396600,KBS
2023-04-10 07:00:00,25049.0,25436.0,24963.0,25135.0,269500,KBS
2023-04-11 07:00:00,25049.0,25608.0,24963.0,25608.0,456500,KBS
2023-04-12 07:00:00,25608.0,26467.0,25608.0,25694.0,841800,KBS
2023-04-13 07:00:00,25823.0,26080.0,25608.0,25737.0,240600,KBS
2023-04-14 07:00:00,25780.0,25780.0,24920.0,24920.0,571800,KBS
2023-04-17 07:00:00,24963.0,25178.0,24748.0,24877.0,258500,KBS
2023-04-18 07:00:00,24791.0,25221.0,24791.0,25178.0,192900,KBS
2023-04-19 07:00:00,25436.0,25608.0,25264.0,25264.0,543900,KBS
2023-04-20 07:00:00,25264.0,25350.0,25178.0,25221.0,266800,KBS
2023-04-21 07:00:00,25522.0,25737.0,25178.0,25436.0,500700,KBS
2023-04-24 07:00:00,25608.0,26037.0,25221.0,25951.0,597600,KBS
2023-04-25 07:00:00,25951.0,26510.0,25908.0,25951.0,834200,KBS
2023-04-26 07:00:00,26037.0,26037.0,25651.0,25994.0,240000,KBS
2023-04-27 07:00:00,26166.0,26424.0,25866.0,25994.0,956600,KBS
2023-04-28 07:00:00,26209.0,27455.0,26080.0,27112.0,1358900,KBS
2023-05-04 07:00:00,27112.0,27455.0,26768.0,27240.0,935800,KBS
2023-05-05 07:00:00,27240.0,27283.0,26768.0,26768.0,548200,KBS
2023-05-08 07:00:00,27154.0,27240.0,26553.0,26553.0,746700,KBS
2023-05-09 07:00:00,26510.0,26854.0,26467.0,26725.0,430000,KBS
2023-05-10 07:00:00,26725.0,27026.0,26682.0,26811.0,386400,KBS
2023-05-11 07:00:00,27326.0,27326.0,26467.0,26467.0,682500,KBS
2023-05-12 07:00:00,26467.0,26897.0,26037.0,26768.0,1109200,KBS
2023-05-15 07:00:00,27069.0,27069.0,26467.0,26467.0,411200,KBS
2023-05-16 07:00:00,26639.0,27026.0,26510.0,26639.0,983400,KBS
2023-05-17 07:00:00,26639.0,26811.0,26295.0,26338.0,471300,KBS
2023-05-18 07:00:00,26381.0,26639.0,26338.0,26553.0,375700,KBS
2023-05-19 07:00:00,26639.0,27713.0,26639.0,27283.0,1197800,KBS
2023-05-22 07:00:00,27498.0,28787.0,27498.0,28443.0,1604400,KBS
2023-05-23 07:00:00,28443.0,28529.0,27842.0,28186.0,727200,KBS
2023-05-24 07:00:00,28143.0,28572.0,28057.0,28186.0,574300,KBS
2023-05-25 07:00:00,27928.0,28315.0,27799.0,28272.0,529500,KBS
2023-05-26 07:00:00,28358.0,28830.0,27928.0,28272.0,467600,KBS
2023-05-29 07:00:00,28400.0,28400.0,28057.0,28229.0,326600,KBS
2023-05-30 07:00:00,28272.0,28830.0,28014.0,28615.0,594800,KBS
2023-05-31 07:00:00,28658.0,28873.0,28229.0,28358.0,568800,KBS
2023-06-01 07:00:00,28443.0,28486.0,28143.0,28358.0,318600,KBS
2023-06-02 07:00:00,28358.0,28615.0,28186.0,28272.0,456400,KBS
2023-06-05 07:00:00,28615.0,29217.0,28315.0,28873.0,754800,KBS
2023-06-06 07:00:00,28830.0,28873.0,28443.0,28787.0,240700,KBS
2023-06-07 07:00:00,28787.0,29045.0,28014.0,28100.0,1128600,KBS
2023-06-08 07:00:00,28186.0,28315.0,27885.0,27885.0,791900,KBS
2023-06-09 07:00:00,27928.0,27928.0,27240.0,27627.0,738900,KBS
2023-06-12 07:00:00,27756.0,28143.0,27455.0,27842.0,513100,KBS
2023-06-13 07:00:00,28014.0,28014.0,27498.0,27498.0,532200,KBS
2023-06-14 07:00:00,27713.0,27713.0,27069.0,27283.0,710400,KBS
2023-06-15 07:00:00,27283.0,27670.0,27154.0,27670.0,289500,KBS
2023-06-16 07:00:00,27584.0,27756.0,27069.0,27069.0,632600,KBS
2023-06-19 07:00:00,27069.0,27326.0,26897.0,27069.0,273300,KBS
2023-06-20 07:00:00,27069.0,27069.0,26467.0,26639.0,737100,KBS
2023-06-21 07:00:00,26983.0,26983.0,26639.0,26811.0,596300,KBS
2023-06-22 07:00:00,26897.0,27842.0,26897.0,27842.0,1534700,KBS
2023-06-23 07:00:00,28014.0,28014.0,27369.0,27455.0,470400,KBS
2023-06-26 07:00:00,27326.0,27455.0,26811.0,27455.0,630200,KBS
2023-06-27 07:00:00,27455.0,27498.0,27112.0,27326.0,409100,KBS
2023-06-28 07:00:00,27240.0,27627.0,27154.0,27197.0,583300,KBS
2023-06-29 07:00:00,27197.0,27326.0,26639.0,26639.0,533000,KBS
2023-06-30 07:00:00,26510.0,26639.0,25694.0,25694.0,1212100,KBS
2023-07-03 07:00:00,25737.0,26037.0,25522.0,25522.0,636000,KBS
2023-07-04 07:00:00,25780.0,26209.0,25393.0,26123.0,846100,KBS
2023-07-05 07:00:00,26295.0,26295.0,25908.0,25951.0,594500,KBS
2023-07-06 07:00:00,25951.0,25951.0,25350.0,25780.0,723000,KBS
2023-07-07 07:00:00,25737.0,25780.0,25178.0,25565.0,1020500,KBS
2023-07-10 07:00:00,25479.0,26209.0,25350.0,26209.0,1100000,KBS
2023-07-11 07:00:00,26467.0,26467.0,25823.0,25908.0,785200,KBS
2023-07-12 07:00:00,25866.0,25994.0,25651.0,25694.0,526000,KBS
2023-07-13 07:00:00,25780.0,26037.0,25737.0,25951.0,844500,KBS
2023-07-14 07:00:00,26037.0,26940.0,26037.0,26940.0,2018300,KBS
2023-07-17 07:00:00,26940.0,26940.0,26639.0,26811.0,884300,KBS
2023-07-18 07:00:00,26811.0,26854.0,26510.0,26596.0,788400,KBS
2023-07-19 07:00:00,26639.0,26983.0,26381.0,26553.0,765500,KBS
2023-07-20 07:00:00,26381.0,26381.0,26080.0,26209.0,1378500,KBS
2023-07-21 07:00:00,26080.0,26553.0,25994.0,26424.0,1008900,KBS
2023-07-24 07:00:00,26424.0,26424.0,25780.0,25994.0,1052200,KBS
2023-07-25 07:00:00,26166.0,26166.0,25694.0,25694.0,748800,KBS
2023-07-26 07:00:00,25694.0,26123.0,25608.0,25823.0,660100,KBS
2023-07-27 07:00:00,25823.0,26123.0,24018.0,25006.0,1561600,KBS
2023-07-28 07:00:00,25307.0,25307.0,24920.0,25135.0,724700,KBS
2023-07-31 07:00:00,25135.0,25651.0,25092.0,25264.0,589500,KBS
2023-08-01 07:00:00,25264.0,25264.0,24963.0,25135.0,599200,KBS
2023-08-02 07:00:00,24920.0,25135.0,24920.0,25092.0,401000,KBS
2023-08-03 07:00:00,25092.0,25436.0,25092.0,25350.0,753900,KBS
2023-08-04 07:00:00,25393.0,25479.0,25178.0,25221.0,495800,KBS
2023-08-07 07:00:00,25436.0,25479.0,25221.0,25221.0,650200,KBS
2023-08-08 07:00:00,25264.0,26037.0,25221.0,26037.0,1841800,KBS
2023-08-09 07:00:00,26123.0,26123.0,25651.0,25694.0,806500,KBS
2023-08-10 07:00:00,25780.0,26037.0,25436.0,25436.0,1069600,KBS
2023-08-11 07:00:00,25436.0,25522.0,25006.0,25522.0,689900,KBS
2023-08-14 07:00:00,25522.0,25694.0,25307.0,25479.0,729600,KBS
2023-08-15 07:00:00,25522.0,25866.0,25436.0,25522.0,919500,KBS
2023-08-16 07:00:00,25436.0,25651.0,25264.0,25350.0,382200,KBS
2023-08-17 07:00:00,25221.0,25350.0,25049.0,25092.0,679600,KBS
2023-08-18 07:00:00,25092.0,25092.0,23373.0,23373.0,1663300,KBS
2023-08-21 07:00:00,23373.0,23803.0,23245.0,23631.0,431700,KBS
2023-08-22 07:00:00,23631.0,23803.0,23245.0,23803.0,675000,KBS
2023-08-23 07:00:00,23975.0,23975.0,23588.0,23631.0,367800,KBS
2023-08-24 07:00:00,23717.0,23717.0,23459.0,23717.0,336600,KBS
2023-08-25 07:00:00,23717.0,23717.0,23502.0,23631.0,563900,KBS
2023-08-28 07:00:00,23889.0,23889.0,23459.0,23717.0,360700,KBS
2023-08-29 07:00:00,23717.0,23846.0,23545.0,23674.0,492100,KBS
2023-08-30 07:00:00,23717.0,23803.0,23588.0,23674.0,293900,KBS
2023-08-31 07:00:00,23717.0,24104.0,23674.0,23975.0,617700,KBS
2023-09-05 07:00:00,24061.0,24963.0,24061.0,24920.0,897200,KBS
2023-09-06 07:00:00,24963.0,25307.0,24748.0,24877.0,965800,KBS
2023-09-07 07:00:00,24920.0,25092.0,24534.0,24705.0,973300,KBS
2023-09-08 07:00:00,24748.0,25608.0,24748.0,25350.0,2023900,KBS
2023-09-11 07:00:00,25737.0,25908.0,25393.0,25565.0,1383100,KBS
2023-09-12 07:00:00,25565.0,25823.0,25350.0,25651.0,888800,KBS
2023-09-13 07:00:00,25737.0,25737.0,25307.0,25350.0,1663300,KBS
2023-09-14 07:00:00,25259.0,25486.0,24716.0,24807.0,757200,KBS
2023-09-15 07:00:00,24626.0,24988.0,24082.0,24082.0,991000,KBS
2023-09-18 07:00:00,24082.0,24263.0,23766.0,23992.0,401600,KBS
2023-09-19 07:00:00,23992.0,24988.0,23766.0,24173.0,1343500,KBS
2023-09-20 07:00:00,24218.0,24671.0,24218.0,24399.0,585100,KBS
2023-09-21 07:00:00,24626.0,24626.0,23901.0,24082.0,965600,KBS
2023-09-22 07:00:00,23901.0,24082.0,23358.0,23630.0,896000,KBS
2023-09-25 07:00:00,23449.0,23811.0,22634.0,22815.0,941400,KBS
2023-09-26 07:00:00,22724.0,22951.0,22181.0,22181.0,1021700,KBS
2023-09-27 07:00:00,22181.0,22272.0,21728.0,22272.0,656600,KBS
2023-09-28 07:00:00,22362.0,22362.0,21819.0,21819.0,557000,KBS
2023-09-29 07:00:00,21955.0,22408.0,21955.0,22181.0,441900,KBS
2023-10-02 07:00:00,22543.0,22543.0,22317.0,22543.0,435200,KBS
2023-10-03 07:00:00,22543.0,22543.0,21774.0,21910.0,670700,KBS
2023-10-04 07:00:00,21910.0,22226.0,21728.0,21910.0,369700,KBS
2023-10-05 07:00:00,21955.0,22408.0,21864.0,21864.0,538600,KBS
2023-10-06 07:00:00,22091.0,22181.0,21864.0,21910.0,221800,KBS
2023-10-09 07:00:00,21955.0,22317.0,21910.0,22317.0,553500,KBS
2023-10-10 07:00:00,22543.0,23268.0,22453.0,22815.0,653000,KBS
2023-10-11 07:00:00,23087.0,23087.0,22453.0,22770.0,275700,KBS
2023-10-12 07:00:00,22815.0,22815.0,22362.0,22498.0,631400,KBS
2023-10-13 07:00:00,22362.0,22589.0,22226.0,22498.0,388000,KBS
2023-10-16 07:00:00,22498.0,22498.0,22136.0,22136.0,474400,KBS
2023-10-17 07:00:00,22136.0,22453.0,22136.0,22136.0,437000,KBS
2023-10-18 07:00:00,22136.0,22136.0,20959.0,21049.0,1195300,KBS
2023-10-19 07:00:00,21004.0,21049.0,20642.0,20733.0,595600,KBS
2023-10-20 07:00:00,20370.0,20823.0,20235.0,20823.0,438600,KBS
2023-10-23 07:00:00,21140.0,21140.0,20552.0,20687.0,200600,KBS
2023-10-24 07:00:00,20733.0,21412.0,20642.0,21366.0,757600,KBS
2023-10-25 07:00:00,21366.0,21683.0,21231.0,21231.0,486200,KBS
2023-10-26 07:00:00,20461.0,21366.0,20280.0,20325.0,558400,KBS
2023-10-27 07:00:00,20461.0,20823.0,20370.0,20823.0,328500,KBS
2023-10-30 07:00:00,20552.0,21004.0,20552.0,20823.0,154500,KBS
2023-10-31 07:00:00,20823.0,20823.0,20506.0,20506.0,245300,KBS
2023-11-01 07:00:00,20552.0,20868.0,20325.0,20687.0,259300,KBS
2023-11-02 07:00:00,20687.0,21366.0,20687.0,21366.0,446300,KBS
2023-11-03 07:00:00,21593.0,21593.0,21095.0,21231.0,205000,KBS
2023-11-06 07:00:00,21276.0,21593.0,21231.0,21547.0,405000,KBS
2023-11-07 07:00:00,21547.0,21819.0,21276.0,21593.0,542500,KBS
2023-11-08 07:00:00,21683.0,22091.0,21502.0,22091.0,607600,KBS
2023-11-09 07:00:00,22181.0,22362.0,22000.0,22091.0,906000,KBS
2023-11-10 07:00:00,22453.0,23222.0,22453.0,22770.0,923200,KBS
2023-11-13 07:00:00,22679.0,22905.0,22226.0,22272.0,397900,KBS
2023-11-14 07:00:00,22408.0,22634.0,22045.0,22589.0,491300,KBS
2023-11-15 07:00:00,22679.0,23087.0,22317.0,22634.0,837600,KBS
2023-11-16 07:00:00,22634.0,22634.0,22362.0,22589.0,248800,KBS
2023-11-17 07:00:00,22589.0,22815.0,22091.0,22181.0,644800,KBS
2023-11-20 07:00:00,22000.0,22362.0,21910.0,22317.0,251500,KBS
2023-11-21 07:00:00,22453.0,22453.0,22181.0,22453.0,237600,KBS
2023-11-22 07:00:00,22453.0,22770.0,22453.0,22589.0,481500,KBS
2023-11-23 07:00:00,22770.0,22770.0,22226.0,22226.0,353000,KBS
2023-11-24 07:00:00,22181.0,22181.0,21593.0,22045.0,614700,KBS
2023-11-27 07:00:00,22045.0,22045.0,21547.0,21547.0,270400,KBS
2023-11-28 07:00:00,21547.0,21910.0,21457.0,21910.0,120900,KBS
2023-11-29 07:00:00,21910.0,22045.0,21819.0,21819.0,243100,KBS
2023-11-30 07:00:00,21819.0,21955.0,21593.0,21774.0,221900,KBS
2023-12-01 07:00:00,21955.0,21955.0,21593.0,21638.0,190900,KBS
2023-12-04 07:00:00,21728.0,22000.0,21728.0,22000.0,357200,KBS
2023-12-05 07:00:00,22181.0,22679.0,22091.0,22543.0,1201600,KBS
2023-12-06 07:00:00,22634.0,22679.0,22317.0,22543.0,575700,KBS
2023-12-07 07:00:00,22724.0,22724.0,22091.0,22453.0,1064300,KBS
2023-12-08 07:00:00,22634.0,22860.0,22317.0,22498.0,1260100,KBS
2023-12-11 07:00:00,22543.0,22634.0,22317.0,22408.0,210500,KBS
2023-12-12 07:00:00,22362.0,22453.0,22045.0,22317.0,666600,KBS
2023-12-13 07:00:00,22453.0,22453.0,21955.0,22000.0,458200,KBS
2023-12-14 07:00:00,21955.0,22136.0,21728.0,21819.0,759000,KBS
2023-12-15 07:00:00,22136.0,22136.0,21819.0,21819.0,311300,KBS
2023-12-18 07:00:00,21638.0,21774.0,21593.0,21593.0,183400,KBS
2023-12-19 07:00:00,21638.0,21638.0,21231.0,21366.0,522400,KBS
2023-12-20 07:00:00,21457.0,21547.0,21276.0,21412.0,446400,KBS
2023-12-21 07:00:00,21366.0,21457.0,21049.0,21457.0,568200,KBS
2023-12-22 07:00:00,21593.0,21638.0,21185.0,21231.0,531900,KBS
2023-12-25 07:00:00,21095.0,21728.0,21095.0,21638.0,708700,KBS
2023-12-26 07:00:00,21819.0,21819.0,21321.0,21638.0,470600,KBS
2023-12-27 07:00:00,21638.0,21638.0,21321.0,21321.0,536800,KBS
2023-12-28 07:00:00,21412.0,21728.0,21276.0,21728.0,553400,KBS
2023-12-29 07:00:00,21819.0,22181.0,21728.0,22181.0,1349900,KBS
2024-01-02 07:00:00,22272.0,22317.0,21819.0,22272.0,1588800,KBS
2024-01-03 07:00:00,22272.0,22453.0,22226.0,22453.0,1073400,KBS
2024-01-04 07:00:00,22634.0,22724.0,22453.0,22498.0,1847500,KBS
2024-01-05 07:00:00,22498.0,22589.0,22181.0,22272.0,1068300,KBS
2024-01-08 07:00:00,22317.0,22543.0,22317.0,22362.0,696400,KBS
2024-01-09 07:00:00,22362.0,22453.0,22272.0,22362.0,593600,KBS
2024-01-10 07:00:00,22634.0,23087.0,22543.0,22724.0,1927800,KBS
2024-01-11 07:00:00,23041.0,23675.0,22951.0,23539.0,1922100,KBS
2024-01-12 07:00:00,23539.0,23901.0,23177.0,23403.0,1686900,KBS
2024-01-15 07:00:00,23403.0,23811.0,23177.0,23222.0,727600,KBS
2024-01-16 07:00:00,23268.0,23494.0,23132.0,23494.0,509900,KBS
2024-01-17 07:00:00,23539.0,23811.0,23313.0,23494.0,700500,KBS
2024-01-18 07:00:00,23358.0,23494.0,23087.0,23268.0,650200,KBS
2024-01-19 07:00:00,23268.0,23449.0,23222.0,23358.0,650100,KBS
2024-01-22 07:00:00,23584.0,23856.0,23177.0,23449.0,1508000,KBS
2024-01-23 07:00:00,23630.0,23630.0,23222.0,23403.0,801200,KBS
2024-01-24 07:00:00,23403.0,23494.0,22996.0,23087.0,1324900,KBS
2024-01-25 07:00:00,23087.0,23132.0,22905.0,22905.0,801400,KBS
2024-01-26 07:00:00,22905.0,23132.0,22905.0,23041.0,311400,KBS
2024-01-29 07:00:00,23132.0,23222.0,22905.0,22905.0,369300,KBS
2024-01-30 07:00:00,23177.0,23675.0,22905.0,23675.0,1384000,KBS
2024-01-31 07:00:00,23720.0,23720.0,23177.0,23268.0,602100,KBS
2024-02-01 07:00:00,23268.0,23403.0,22951.0,23268.0,581700,KBS
2024-02-02 07:00:00,23268.0,23268.0,22951.0,23041.0,641200,KBS
2024-02-05 07:00:00,23041.0,23177.0,22905.0,22905.0,752900,KBS
2024-02-06 07:00:00,23132.0,23132.0,22905.0,22996.0,432100,KBS
2024-02-07 07:00:00,23087.0,23087.0,22860.0,23041.0,787100,KBS
2024-02-15 07:00:00,23222.0,23358.0,23087.0,23268.0,542100,KBS
2024-02-16 07:00:00,23403.0,23403.0,23268.0,23358.0,648700,KBS
2024-02-19 07:00:00,23449.0,24082.0,23358.0,24082.0,2183400,KBS
2024-02-20 07:00:00,24128.0,24263.0,23947.0,24082.0,1199400,KBS
2024-02-21 07:00:00,24082.0,24082.0,23630.0,23811.0,1042500,KBS
2024-02-22 07:00:00,23675.0,23856.0,23584.0,23630.0,1309300,KBS
2024-02-23 07:00:00,23675.0,23675.0,23087.0,23177.0,1830400,KBS
2024-02-26 07:00:00,23087.0,23268.0,22996.0,23222.0,555600,KBS
2024-02-27 07:00:00,23222.0,23449.0,23177.0,23403.0,644100,KBS
2024-02-28 07:00:00,23539.0,23630.0,23268.0,23449.0,729600,KBS
2024-02-29 07:00:00,23449.0,23449.0,23132.0,23222.0,837300,KBS
2024-03-01 07:00:00,23268.0,23539.0,23177.0,23539.0,743300,KBS
2024-03-04 07:00:00,23766.0,24082.0,23584.0,23630.0,1997300,KBS
2024-03-05 07:00:00,23901.0,23947.0,23675.0,23947.0,1236300,KBS
2024-03-06 07:00:00,23811.0,23947.0,23539.0,23630.0,1016400,KBS
2024-03-07 07:00:00,23539.0,23811.0,23449.0,23720.0,1000900,KBS
2024-03-08 07:00:00,23766.0,23992.0,23539.0,23766.0,1311600,KBS
2024-03-11 07:00:00,23811.0,23856.0,23494.0,23494.0,995100,KBS
2024-03-12 07:00:00,23494.0,23539.0,23177.0,23358.0,1385100,KBS
2024-03-13 07:00:00,23403.0,23539.0,23268.0,23449.0,1019700,KBS
2024-03-14 07:00:00,23449.0,23681.0,23309.0,23402.0,1347900,KBS
2024-03-15 07:00:00,23449.0,23495.0,23216.0,23356.0,1010500,KBS
2024-03-18 07:00:00,23356.0,23402.0,22565.0,22751.0,1846000,KBS
2024-03-19 07:00:00,22704.0,23030.0,22472.0,23030.0,1025000,KBS
2024-03-20 07:00:00,23076.0,23076.0,22797.0,23030.0,590600,KBS
2024-03-21 07:00:00,22983.0,23076.0,22611.0,22611.0,2627300,KBS
2024-03-22 07:00:00,22611.0,22983.0,22611.0,22844.0,594800,KBS
2024-03-25 07:00:00,22844.0,22983.0,22797.0,22844.0,653800,KBS
2024-03-26 07:00:00,22890.0,22937.0,22658.0,22937.0,692400,KBS
2024-03-27 07:00:00,22937.0,23402.0,22937.0,23402.0,1271600,KBS
2024-03-28 07:00:00,23402.0,23449.0,23170.0,23356.0,625000,KBS
2024-03-29 07:00:00,23449.0,23449.0,23076.0,23123.0,627700,KBS
2024-04-01 07:00:00,23123.0,23123.0,22704.0,22704.0,1063500,KBS
2024-04-02 07:00:00,22797.0,23170.0,22704.0,23030.0,916000,KBS
2024-04-03 07:00:00,23030.0,23170.0,22751.0,22797.0,661000,KBS
2024-04-04 07:00:00,22658.0,22797.0,21960.0,21960.0,2548300,KBS
2024-04-05 07:00:00,21681.0,21820.0,21402.0,21448.0,2292400,KBS
2024-04-08 07:00:00,21402.0,21402.0,20518.0,20797.0,1999900,KBS
2024-04-09 07:00:00,21029.0,21215.0,20518.0,21215.0,847900,KBS
2024-04-10 07:00:00,21076.0,21588.0,21076.0,21169.0,743400,KBS
2024-04-11 07:00:00,21029.0,21122.0,20890.0,20983.0,610200,KBS
2024-04-12 07:00:00,21029.0,21262.0,20983.0,21122.0,460200,KBS
2024-04-15 07:00:00,21029.0,21029.0,20471.0,20471.0,1349800,KBS
2024-04-16 07:00:00,20471.0,20564.0,19820.0,20099.0,1302300,KBS
2024-04-17 07:00:00,20471.0,20471.0,20145.0,20145.0,421600,KBS
2024-04-19 07:00:00,20145.0,20145.0,19541.0,19587.0,878400,KBS
2024-04-22 07:00:00,19401.0,20099.0,19401.0,20006.0,1024500,KBS
2024-04-23 07:00:00,19959.0,20006.0,19680.0,19727.0,544400,KBS
2024-04-24 07:00:00,19820.0,20145.0,19820.0,20052.0,615700,KBS
2024-04-25 07:00:00,19959.0,20006.0,19820.0,19820.0,295500,KBS
2024-04-26 07:00:00,19820.0,20145.0,19820.0,19913.0,373500,KBS
2024-05-02 07:00:00,19913.0,20936.0,19913.0,20843.0,1024100,KBS
2024-05-03 07:00:00,21029.0,21029.0,20564.0,20843.0,442100,KBS
2024-05-06 07:00:00,20843.0,20936.0,20564.0,20750.0,552800,KBS
2024-05-07 07:00:00,20936.0,20936.0,20611.0,20704.0,413700,KBS
2024-05-08 07:00:00,20704.0,20843.0,20471.0,20704.0,516300,KBS
2024-05-09 07:00:00,20936.0,20936.0,20518.0,20564.0,443200,KBS
2024-05-10 07:00:00,20564.0,20704.0,20331.0,20425.0,424800,KBS
2024-05-13 07:00:00,20378.0,20704.0,20378.0,20564.0,343000,KBS
2024-05-14 07:00:00,20657.0,20657.0,20378.0,20518.0,205200,KBS
2024-05-15 07:00:00,20471.0,20564.0,20238.0,20378.0,611000,KBS
2024-05-16 07:00:00,20564.0,20890.0,20331.0,20890.0,1247600,KBS
2024-05-17 07:00:00,20936.0,20936.0,20704.0,20797.0,552600,KBS
2024-05-20 07:00:00,20936.0,20983.0,20750.0,20797.0,819200,KBS
2024-05-21 07:00:00,20797.0,20843.0,20564.0,20657.0,487600,KBS
2024-05-22 07:00:00,20890.0,20890.0,20518.0,20611.0,924700,KBS
2024-05-23 07:00:00,20611.0,21588.0,20564.0,21588.0,2296300,KBS
2024-05-24 07:00:00,21402.0,21541.0,20750.0,21029.0,1163100,KBS
2024-05-27 07:00:00,21215.0,21820.0,21076.0,21588.0,1492300,KBS
2024-05-28 07:00:00,21588.0,21727.0,21309.0,21588.0,897200,KBS
2024-05-29 07:00:00,21588.0,21588.0,21029.0,21076.0,1714300,KBS
2024-05-30 07:00:00,21122.0,22006.0,21076.0,21774.0,2005900,KBS
2024-05-31 07:00:00,21867.0,21960.0,21309.0,21448.0,1003000,KBS
2024-06-03 07:00:00,21495.0,22332.0,21495.0,21960.0,1874500,KBS
2024-06-04 07:00:00,21960.0,22099.0,21495.0,21774.0,1171000,KBS
2024-06-05 07:00:00,21867.0,21867.0,21169.0,21215.0,1868000,KBS
2024-06-06 07:00:00,21262.0,21495.0,21122.0,21309.0,981200,KBS
2024-06-07 07:00:00,21402.0,21774.0,21262.0,21541.0,933900,KBS
2024-06-10 07:00:00,21774.0,21774.0,21402.0,21495.0,708400,KBS
2024-06-11 07:00:00,21495.0,21774.0,21262.0,21309.0,846600,KBS
2024-06-12 07:00:00,21309.0,21355.0,21169.0,21355.0,450800,KBS
2024-06-13 07:00:00,21402.0,21588.0,21262.0,21309.0,904500,KBS
2024-06-14 07:00:00,21309.0,21588.0,20611.0,20611.0,1530500,KBS
2024-06-17 07:00:00,20657.0,20936.0,20518.0,20890.0,893700,KBS
2024-06-18 07:00:00,21122.0,21448.0,20936.0,21215.0,869500,KBS
2024-06-19 07:00:00,21309.0,21309.0,20843.0,20936.0,594600,KBS
2024-06-20 07:00:00,21029.0,21029.0,20564.0,20843.0,545300,KBS
2024-06-21 07:00:00,20936.0,20936.0,20704.0,20750.0,379100,KBS
2024-06-24 07:00:00,20750.0,20843.0,20192.0,20192.0,883800,KBS
2024-06-25 07:00:00,20238.0,20611.0,20238.0,20471.0,378300,KBS
2024-06-26 07:00:00,20657.0,20657.0,20238.0,20471.0,415000,KBS
2024-06-27 07:00:00,20657.0,20657.0,20192.0,20471.0,245800,KBS
2024-06-28 07:00:00,20285.0,20564.0,20192.0,20192.0,503700,KBS
2024-07-01 07:00:00,20331.0,20425.0,20099.0,20425.0,235500,KBS
2024-07-02 07:00:00,20657.0,20657.0,20378.0,20471.0,193600,KBS
2024-07-03 07:00:00,20425.0,20518.0,20285.0,20471.0,294500,KBS
2024-07-04 07:00:00,20471.0,20611.0,20425.0,20471.0,338600,KBS
2024-07-05 07:00:00,20471.0,20518.0,20378.0,20425.0,206600,KBS
2024-07-08 07:00:00,20285.0,20471.0,20285.0,20331.0,370600,KBS
2024-07-09 07:00:00,20378.0,20890.0,20331.0,20750.0,944700,KBS
2024-07-10 07:00:00,20843.0,20890.0,20564.0,20611.0,266300,KBS
2024-07-11 07:00:00,20611.0,20704.0,20425.0,20425.0,387700,KBS
2024-07-12 07:00:00,20425.0,20518.0,20331.0,20425.0,258400,KBS
2024-07-15 07:00:00,20378.0,20564.0,20331.0,20471.0,462000,KBS
2024-07-16 07:00:00,20471.0,20518.0,20285.0,20285.0,576700,KBS
2024-07-17 07:00:00,20378.0,20378.0,19541.0,19727.0,1133300,KBS
2024-07-18 07:00:00,19913.0,19913.0,19541.0,19634.0,413900,KBS
2024-07-19 07:00:00,19634.0,19680.0,19168.0,19354.0,627600,KBS
2024-07-22 07:00:00,19354.0,19354.0,18889.0,19029.0,575800,KBS
2024-07-23 07:00:00,18982.0,19122.0,18843.0,18843.0,326500,KBS
2024-07-24 07:00:00,18796.0,18982.0,18657.0,18843.0,468500,KBS
2024-07-25 07:00:00,18843.0,18843.0,18610.0,18610.0,227900,KBS
2024-07-26 07:00:00,18889.0,19075.0,18517.0,19075.0,703000,KBS
2024-07-29 07:00:00,19168.0,19168.0,18703.0,18703.0,353300,KBS
2024-07-30 07:00:00,19029.0,19029.0,18564.0,18610.0,495800,KBS
2024-07-31 07:00:00,18703.0,18703.0,18517.0,18610.0,462400,KBS
2024-08-01 07:00:00,18610.0,18703.0,18005.0,18005.0,681200,KBS
2024-08-02 07:00:00,17959.0,18517.0,17866.0,18517.0,649100,KBS
2024-08-05 07:00:00,18470.0,18564.0,17959.0,18005.0,607700,KBS
2024-08-06 07:00:00,18005.0,18424.0,18005.0,18191.0,217500,KBS
2024-08-07 07:00:00,18191.0,18564.0,18191.0,18470.0,387200,KBS
2024-08-08 07:00:00,18424.0,18517.0,18238.0,18284.0,256600,KBS
2024-08-09 07:00:00,18377.0,18517.0,18331.0,18470.0,218100,KBS
2024-08-12 07:00:00,18517.0,18889.0,18331.0,18703.0,710500,KBS
2024-08-13 07:00:00,18843.0,18889.0,17959.0,18052.0,1077800,KBS
2024-08-14 07:00:00,17959.0,18052.0,17354.0,17680.0,2024200,KBS
2024-08-15 07:00:00,17633.0,17819.0,17493.0,17680.0,522800,KBS
2024-08-16 07:00:00,17680.0,18052.0,17587.0,18052.0,869900,KBS
2024-08-19 07:00:00,17866.0,18610.0,17866.0,18517.0,1025300,KBS
2024-08-20 07:00:00,18564.0,18657.0,18284.0,18470.0,618200,KBS
2024-08-21 07:00:00,18424.0,19075.0,18424.0,19029.0,1241300,KBS
2024-08-22 07:00:00,18796.0,19075.0,18750.0,18750.0,390800,KBS
2024-08-23 07:00:00,18750.0,18843.0,18657.0,18796.0,389500,KBS
2024-08-26 07:00:00,19029.0,19029.0,18424.0,18610.0,740100,KBS
2024-08-27 07:00:00,18610.0,18657.0,18424.0,18517.0,267000,KBS
2024-08-28 07:00:00,18424.0,18564.0,18238.0,18331.0,347700,KBS
2024-08-29 07:00:00,18470.0,18517.0,18238.0,18470.0,337600,KBS
2024-08-30 07:00:00,18470.0,18610.0,18331.0,18331.0,226400,KBS
2024-09-04 07:00:00,18191.0,18750.0,18191.0,18750.0,574500,KBS
2024-09-05 07:00:00,18796.0,18843.0,18564.0,18564.0,570800,KBS
2024-09-06 07:00:00,18610.0,18610.0,18377.0,18470.0,238700,KBS
2024-09-09 07:00:00,18470.0,18517.0,18331.0,18517.0,199900,KBS
2024-09-10 07:00:00,18517.0,18564.0,18331.0,18517.0,200500,KBS
2024-09-11 07:00:00,18377.0,18610.0,18145.0,18564.0,502700,KBS
2024-09-12 07:00:00,18657.0,18703.0,18470.0,18517.0,147900,KBS
2024-09-13 07:00:00,18517.0,18610.0,18331.0,18331.0,195100,KBS
2024-09-16 07:00:00,18331.0,18424.0,18238.0,18331.0,204900,KBS
2024-09-17 07:00:00,18377.0,18564.0,18238.0,18564.0,255700,KBS
2024-09-18 07:00:00,18610.0,18936.0,18610.0,18750.0,495000,KBS
2024-09-19 07:00:00,18889.0,18889.0,18610.0,18610.0,275800,KBS
2024-09-20 07:00:00,18796.0,18796.0,18564.0,18564.0,218500,KBS
2024-09-23 07:00:00,18564.0,18657.0,18377.0,18424.0,136300,KBS
2024-09-24 07:00:00,18424.0,18564.0,18377.0,18424.0,168900,KBS
2024-09-25 07:00:00,18424.0,18564.0,18424.0,18564.0,306800,KBS
2024-09-26 07:00:00,18564.0,18843.0,18517.0,18517.0,394900,KBS
2024-09-27 07:00:00,18517.0,18657.0,18424.0,18424.0,259900,KBS
2024-09-30 07:00:00,18470.0,18517.0,18377.0,18424.0,288100,KBS
2024-10-01 07:00:00,18564.0,18564.0,18424.0,18470.0,250300,KBS
2024-10-02 07:00:00,18377.0,18610.0,18331.0,18424.0,263400,KBS
2024-10-03 07:00:00,18564.0,18564.0,18284.0,18284.0,269900,KBS
2024-10-04 07:00:00,18331.0,18424.0,18145.0,18284.0,194100,KBS
2024-10-07 07:00:00,18331.0,18377.0,18238.0,18284.0,127100,KBS
2024-10-08 07:00:00,18331.0,18331.0,18191.0,18191.0,175400,KBS
2024-10-09 07:00:00,18191.0,18284.0,18191.0,18284.0,119200,KBS
2024-10-10 07:00:00,18331.0,18424.0,18238.0,18238.0,127700,KBS
2024-10-11 07:00:00,18238.0,18424.0,18191.0,18284.0,211900,KBS
2024-10-14 07:00:00,18470.0,18517.0,18284.0,18284.0,368800,KBS
2024-10-15 07:00:00,18331.0,18377.0,18238.0,18284.0,142400,KBS
2024-10-16 07:00:00,18238.0,18284.0,17680.0,18098.0,311300,KBS
2024-10-17 07:00:00,18145.0,18145.0,17959.0,18052.0,151800,KBS
2024-10-18 07:00:00,18098.0,18191.0,18052.0,18052.0,94600,KBS
2024-10-21 07:00:00,18052.0,18052.0,17773.0,17819.0,192200,KBS
2024-10-22 07:00:00,17866.0,18052.0,17726.0,17819.0,275700,KBS
2024-10-23 07:00:00,18052.0,18052.0,17819.0,17959.0,83400,KBS
2024-10-24 07:00:00,17959.0,17959.0,17773.0,17912.0,199600,KBS
2024-10-25 07:00:00,17912.0,17912.0,17726.0,17726.0,166100,KBS
2024-10-28 07:00:00,17819.0,17819.0,17680.0,17773.0,131500,KBS
2024-10-29 07:00:00,17773.0,17912.0,17773.0,17866.0,63100,KBS
2024-10-30 07:00:00,17959.0,17959.0,17726.0,17726.0,95600,KBS
2024-10-31 07:00:00,17773.0,17773.0,17633.0,17680.0,204900,KBS
2024-11-01 07:00:00,17680.0,17680.0,17540.0,17587.0,173200,KBS
2024-11-04 07:00:00,17587.0,17587.0,17121.0,17354.0,222200,KBS
2024-11-05 07:00:00,17307.0,17493.0,17261.0,17261.0,112500,KBS
2024-11-06 07:00:00,17307.0,17680.0,17307.0,17587.0,213100,KBS
2024-11-07 07:00:00,17680.0,17680.0,17540.0,17633.0,70500,KBS
2024-11-08 07:00:00,17633.0,17633.0,17354.0,17540.0,113200,KBS
2024-11-11 07:00:00,17587.0,17587.0,17214.0,17307.0,135100,KBS
2024-11-12 07:00:00,16935.0,17680.0,16935.0,17633.0,465900,KBS
2024-11-13 07:00:00,17726.0,17726.0,17354.0,17633.0,184000,KBS
2024-11-14 07:00:00,17633.0,17633.0,17307.0,17307.0,90900,KBS
2024-11-15 07:00:00,17354.0,17354.0,17028.0,17028.0,166500,KBS
2024-11-18 07:00:00,17307.0,17773.0,17028.0,17773.0,307700,KBS
2024-11-19 07:00:00,17773.0,17819.0,17633.0,17633.0,140300,KBS
2024-11-20 07:00:00,17493.0,17819.0,17354.0,17773.0,181200,KBS
2024-11-21 07:00:00,17773.0,17773.0,17680.0,17773.0,111100,KBS
2024-11-22 07:00:00,17680.0,17819.0,17633.0,17773.0,111200,KBS
2024-11-25 07:00:00,17773.0,18284.0,17726.0,18191.0,557600,KBS
2024-11-26 07:00:00,18191.0,18238.0,18098.0,18145.0,154500,KBS
2024-11-27 07:00:00,17959.0,18238.0,17959.0,18098.0,493800,KBS
2024-11-28 07:00:00,18191.0,18238.0,18052.0,18052.0,159400,KBS
2024-11-29 07:00:00,18052.0,18238.0,18052.0,18191.0,202900,KBS
2024-12-02 07:00:00,18238.0,18238.0,18005.0,18005.0,102900,KBS
2024-12-03 07:00:00,18005.0,18238.0,17959.0,18238.0,259600,KBS
2024-12-04 07:00:00,18238.0,18377.0,18052.0,18284.0,294200,KBS
2024-12-05 07:00:00,18284.0,18610.0,18238.0,18610.0,784800,KBS
2024-12-06 07:00:00,18564.0,18750.0,18145.0,18424.0,305800,KBS
2024-12-09 07:00:00,18424.0,18470.0,18052.0,18331.0,360900,KBS
2024-12-10 07:00:00,18377.0,18470.0,18191.0,18191.0,224600,KBS
2024-12-11 07:00:00,18238.0,18564.0,18238.0,18517.0,255300,KBS
2024-12-12 07:00:00,18331.0,18610.0,18331.0,18564.0,281500,KBS
2024-12-13 07:00:00,18517.0,18564.0,18331.0,18424.0,150300,KBS
2024-12-16 07:00:00,18238.0,19075.0,18238.0,18424.0,216600,KBS
2024-12-17 07:00:00,18750.0,18750.0,18284.0,18377.0,203700,KBS
2024-12-18 07:00:00,18377.0,18610.0,18331.0,18424.0,307300,KBS
2024-12-19 07:00:00,18377.0,18657.0,18191.0,18424.0,477200,KBS
2024-12-20 07:00:00,18424.0,18703.0,18424.0,18564.0,221800,KBS
2024-12-23 07:00:00,18564.0,18657.0,18424.0,18610.0,286300,KBS
2024-12-24 07:00:00,18564.0,19215.0,18564.0,19215.0,1078500,KBS
2024-12-25 07:00:00,19215.0,19541.0,19168.0,19448.0,641600,KBS
2024-12-26 07:00:00,19448.0,19541.0,19261.0,19448.0,359100,KBS
2024-12-27 07:00:00,19448.0,19541.0,19308.0,19401.0,346000,KBS
2024-12-30 07:00:00,19494.0,19494.0,19168.0,19261.0,312200,KBS
2024-12-31 07:00:00,19261.0,19494.0,19261.0,19494.0,682700,KBS
2025-01-02 07:00:00,19448.0,19727.0,19354.0,19541.0,256400,KBS
2025-01-03 07:00:00,19448.0,19494.0,19308.0,19401.0,536900,KBS
2025-01-06 07:00:00,19354.0,19401.0,19122.0,19215.0,425300,KBS
2025-01-07 07:00:00,19215.0,19215.0,18796.0,18796.0,410300,KBS
2025-01-08 07:00:00,18750.0,19448.0,18703.0,19448.0,613500,KBS
2025-01-09 07:00:00,19448.0,19913.0,19448.0,19587.0,558800,KBS
2025-01-10 07:00:00,19587.0,19773.0,19215.0,19401.0,289500,KBS
2025-01-13 07:00:00,19401.0,19541.0,19261.0,19401.0,399300,KBS
2025-01-14 07:00:00,19634.0,19634.0,19308.0,19401.0,310100,KBS
2025-01-15 07:00:00,19308.0,19448.0,19308.0,19448.0,225400,KBS
2025-01-16 07:00:00,19494.0,19634.0,19261.0,19308.0,398300,KBS
2025-01-17 07:00:00,19163.0,19405.0,19114.0,19163.0,182200,KBS
2025-01-20 07:00:00,19066.0,19308.0,19066.0,19308.0,166700,KBS
2025-01-21 07:00:00,19260.0,19260.0,18872.0,18872.0,383700,KBS
2025-01-22 07:00:00,18872.0,18969.0,18776.0,18824.0,206100,KBS
2025-01-23 07:00:00,18824.0,19066.0,18824.0,19018.0,106000,KBS
2025-01-24 07:00:00,19066.0,19066.0,18872.0,18969.0,127300,KBS
2025-02-03 07:00:00,18824.0,18969.0,18824.0,18969.0,137000,KBS
2025-02-04 07:00:00,18969.0,19066.0,18727.0,19066.0,310200,KBS
2025-02-05 07:00:00,19114.0,19550.0,19066.0,19308.0,400900,KBS
2025-02-06 07:00:00,19356.0,19356.0,19163.0,19260.0,220200,KBS
2025-02-07 07:00:00,19260.0,19453.0,19211.0,19211.0,377500,KBS
2025-02-10 07:00:00,19163.0,19163.0,18921.0,18921.0,276500,KBS
2025-02-11 07:00:00,18921.0,19114.0,18872.0,19066.0,234900,KBS
2025-02-12 07:00:00,19163.0,19356.0,19066.0,19356.0,428100,KBS
2025-02-13 07:00:00,19356.0,20614.0,19356.0,20614.0,1985100,KBS
2025-02-14 07:00:00,20518.0,20808.0,20373.0,20421.0,595400,KBS
2025-02-17 07:00:00,20421.0,20711.0,20324.0,20324.0,775100,KBS
2025-02-18 07:00:00,20324.0,20324.0,19985.0,20324.0,537100,KBS
2025-02-19 07:00:00,20518.0,20663.0,20131.0,20469.0,736100,KBS
2025-02-20 07:00:00,20663.0,20663.0,20082.0,20082.0,482800,KBS
2025-02-21 07:00:00,20034.0,20179.0,19937.0,20179.0,495000,KBS
2025-02-24 07:00:00,20082.0,20227.0,19889.0,20082.0,348400,KBS
2025-02-25 07:00:00,20276.0,20566.0,20131.0,20566.0,908500,KBS
2025-02-26 07:00:00,20566.0,20566.0,20179.0,20179.0,509500,KBS
2025-02-27 07:00:00,20082.0,20227.0,19985.0,20034.0,412100,KBS
2025-02-28 07:00:00,20082.0,20276.0,19792.0,20034.0,415600,KBS
2025-03-03 07:00:00,19889.0,20276.0,19889.0,20082.0,328200,KBS
2025-03-04 07:00:00,20131.0,20179.0,19889.0,19937.0,403200,KBS
2025-03-05 07:00:00,19937.0,19985.0,19647.0,19647.0,493000,KBS
2025-03-06 07:00:00,19695.0,19840.0,19501.0,19501.0,708600,KBS
2025-03-07 07:00:00,19501.0,19695.0,19501.0,19550.0,532100,KBS
2025-03-10 07:00:00,19647.0,19695.0,19356.0,19501.0,580600,KBS
2025-03-11 07:00:00,19453.0,19501.0,19308.0,19453.0,292400,KBS
2025-03-12 07:00:00,19453.0,19550.0,19260.0,19308.0,462100,KBS
2025-03-13 07:00:00,19308.0,19501.0,19114.0,19114.0,511600,KBS
2025-03-14 07:00:00,19114.0,19163.0,18921.0,18921.0,468000,KBS
2025-03-17 07:00:00,18921.0,19308.0,18921.0,19260.0,323300,KBS
2025-03-18 07:00:00,19260.0,19840.0,19114.0,19405.0,658100,KBS
2025-03-19 07:00:00,19453.0,19743.0,19211.0,19211.0,300700,KBS
2025-03-20 07:00:00,19211.0,19308.0,18969.0,19211.0,257500,KBS
2025-03-21 07:00:00,19163.0,19260.0,19066.0,19066.0,188300,KBS
2025-03-24 07:00:00,19066.0,19211.0,19066.0,19066.0,192900,KBS
2025-03-25 07:00:00,19163.0,19647.0,19114.0,19647.0,539300,KBS
2025-03-26 07:00:00,19695.0,19695.0,19356.0,19356.0,398900,KBS
2025-03-27 07:00:00,19405.0,19647.0,19356.0,19356.0,222200,KBS
2025-03-28 07:00:00,19501.0,19792.0,19405.0,19453.0,418400,KBS
2025-03-31 07:00:00,19453.0,19550.0,19308.0,19308.0,366100,KBS
2025-04-01 07:00:00,19453.0,19695.0,19260.0,19308.0,440200,KBS
2025-04-02 07:00:00,19453.0,19453.0,19308.0,19308.0,246500,KBS
2025-04-03 07:00:00,18050.0,18872.0,18001.0,18001.0,2008300,KBS
2025-04-04 07:00:00,16792.0,17759.0,16792.0,17759.0,1363400,KBS
2025-04-08 07:00:00,16985.0,17759.0,16550.0,16550.0,1338900,KBS
2025-04-09 07:00:00,15630.0,17227.0,15485.0,15727.0,1557800,KBS
2025-04-10 07:00:00,16792.0,16792.0,16792.0,16792.0,83500,KBS
2025-04-11 07:00:00,17614.0,17614.0,17130.0,17614.0,897700,KBS
2025-04-14 07:00:00,17614.0,17808.0,17372.0,17711.0,449400,KBS
2025-04-15 07:00:00,17711.0,17711.0,17276.0,17421.0,417700,KBS
2025-04-16 07:00:00,17421.0,17759.0,17421.0,17469.0,357000,KBS
2025-04-17 07:00:00,17469.0,17566.0,17082.0,17566.0,697800,KBS
2025-04-18 07:00:00,17614.0,18098.0,17614.0,17759.0,351200,KBS
2025-04-21 07:00:00,17759.0,18001.0,17421.0,17421.0,486200,KBS
2025-04-22 07:00:00,17421.0,17421.0,16211.0,17034.0,1029700,KBS
2025-04-23 07:00:00,16985.0,17179.0,16598.0,16792.0,769400,KBS
2025-04-24 07:00:00,16937.0,17082.0,16646.0,16743.0,775600,KBS
2025-04-25 07:00:00,16792.0,17034.0,16743.0,16840.0,595600,KBS
2025-04-28 07:00:00,16985.0,17227.0,16840.0,17082.0,359300,KBS
2025-04-29 07:00:00,17082.0,17179.0,16937.0,17034.0,228400,KBS
2025-05-05 07:00:00,17082.0,17711.0,16985.0,17711.0,634600,KBS
2025-05-06 07:00:00,17808.0,17808.0,17566.0,17566.0,369000,KBS
2025-05-07 07:00:00,17421.0,18195.0,17421.0,18195.0,1035100,KBS
2025-05-08 07:00:00,18243.0,18292.0,17953.0,18098.0,341900,KBS
2025-05-09 07:00:00,18098.0,18292.0,17953.0,18098.0,451200,KBS
2025-05-12 07:00:00,18437.0,18485.0,18001.0,18050.0,1017400,KBS
2025-05-13 07:00:00,18147.0,18147.0,17953.0,18001.0,528100,KBS
2025-05-14 07:00:00,18001.0,18050.0,17905.0,18001.0,446700,KBS
2025-05-15 07:00:00,18098.0,18195.0,17808.0,17808.0,603000,KBS
2025-05-16 07:00:00,17808.0,18389.0,17711.0,18195.0,1015800,KBS
2025-05-19 07:00:00,18195.0,18243.0,17953.0,18001.0,445200,KBS
2025-05-20 07:00:00,17905.0,18147.0,17905.0,18098.0,527600,KBS
2025-05-21 07:00:00,18147.0,18147.0,17808.0,17905.0,537700,KBS
2025-05-22 07:00:00,17905.0,18195.0,17808.0,17808.0,532900,KBS
2025-05-23 07:00:00,17856.0,17953.0,17517.0,17566.0,692600,KBS
2025-05-26 07:00:00,17566.0,17759.0,17324.0,17759.0,584700,KBS
2025-05-27 07:00:00,17808.0,17905.0,17711.0,17759.0,580500,KBS
2025-05-28 07:00:00,17808.0,18195.0,17808.0,17856.0,1187700,KBS
2025-05-29 07:00:00,18001.0,18050.0,17856.0,17905.0,570500,KBS
2025-05-30 07:00:00,18001.0,18292.0,17905.0,18050.0,799100,KBS
2025-06-02 07:00:00,18098.0,18582.0,17905.0,18485.0,1256100,KBS
2025-06-03 07:00:00,18534.0,18582.0,18292.0,18340.0,763800,KBS
2025-06-04 07:00:00,18340.0,18679.0,18195.0,18195.0,937600,KBS
2025-06-05 07:00:00,18243.0,18243.0,17905.0,17953.0,1012700,KBS
2025-06-06 07:00:00,18098.0,18195.0,17808.0,17808.0,741500,KBS
2025-06-09 07:00:00,17808.0,17905.0,17566.0,17566.0,714200,KBS
2025-06-10 07:00:00,17566.0,17711.0,17517.0,17517.0,483800,KBS
2025-06-11 07:00:00,17566.0,17566.0,17324.0,17421.0,655300,KBS
2025-06-12 07:00:00,17469.0,17663.0,17421.0,17517.0,526000,KBS
2025-06-13 07:00:00,17372.0,17469.0,17034.0,17324.0,1025500,KBS
2025-06-16 07:00:00,17324.0,17566.0,17324.0,17469.0,838200,KBS
2025-06-17 07:00:00,17614.0,17808.0,17469.0,17566.0,748100,KBS
2025-06-18 07:00:00,17566.0,17711.0,17372.0,17711.0,649900,KBS
2025-06-19 07:00:00,17808.0,17856.0,17711.0,17711.0,718700,KBS
2025-06-20 07:00:00,17856.0,17856.0,17663.0,17711.0,484500,KBS
2025-06-23 07:00:00,17614.0,18292.0,17566.0,18243.0,1375400,KBS
2025-06-24 07:00:00,18485.0,19066.0,18485.0,18824.0,2735300,KBS
2025-06-25 07:00:00,18969.0,18969.0,18679.0,18776.0,1193100,KBS
2025-06-26 07:00:00,18776.0,18824.0,18485.0,18582.0,803800,KBS
2025-06-27 07:00:00,18630.0,18679.0,18485.0,18679.0,799400,KBS
2025-06-30 07:00:00,18776.0,18776.0,18534.0,18630.0,1043000,KBS
2025-07-01 07:00:00,18534.0,18679.0,18292.0,18485.0,869200,KBS
2025-07-02 07:00:00,18582.0,18582.0,18340.0,18389.0,809500,KBS
2025-07-03 07:00:00,18389.0,18679.0,18292.0,18389.0,824600,KBS
2025-07-04 07:00:00,18389.0,18872.0,18389.0,18872.0,900400,KBS
2025-07-07 07:00:00,19018.0,19018.0,18727.0,18824.0,920700,KBS
2025-07-08 07:00:00,18872.0,19114.0,18776.0,19066.0,1844100,KBS
2025-07-09 07:00:00,19114.0,19260.0,19018.0,19114.0,1202100,KBS
2025-07-10 07:00:00,19211.0,19260.0,19018.0,19066.0,760600,KBS
2025-07-11 07:00:00,18969.0,19114.0,18776.0,18776.0,860700,KBS
2025-07-14 07:00:00,18872.0,19211.0,18872.0,18969.0,882800,KBS
2025-07-15 07:00:00,18969.0,19114.0,18679.0,18679.0,984100,KBS
2025-07-16 07:00:00,18776.0,19453.0,18727.0,19308.0,2135600,KBS
2025-07-17 07:00:00,19356.0,19550.0,19114.0,19163.0,1499500,KBS
2025-07-18 07:00:00,19163.0,19598.0,19114.0,19453.0,1550700,KBS
2025-07-21 07:00:00,20324.0,20373.0,19840.0,19937.0,3315900,KBS
2025-07-22 07:00:00,20034.0,20179.0,19647.0,19792.0,1654900,KBS
2025-07-23 07:00:00,19840.0,20227.0,19792.0,19937.0,2598200,KBS
2025-07-24 07:00:00,20131.0,20131.0,19695.0,19937.0,2097600,KBS
2025-07-25 07:00:00,19985.0,20227.0,19840.0,19840.0,2181000,KBS
2025-07-28 07:00:00,20179.0,20179.0,19840.0,20034.0,1942000,KBS
2025-07-29 07:00:00,20131.0,20227.0,19308.0,19356.0,3100200,KBS
2025-07-30 07:00:00,19308.0,19550.0,19018.0,19356.0,1371900,KBS
2025-07-31 07:00:00,19453.0,19695.0,19114.0,19550.0,1353700,KBS
2025-08-01 07:00:00,19598.0,19840.0,19453.0,19840.0,1537500,KBS
2025-08-04 07:00:00,20373.0,21195.0,20373.0,21195.0,4594900,KBS
2025-08-05 07:00:00,22066.0,22066.0,20518.0,20905.0,4191900,KBS
2025-08-06 07:00:00,20905.0,21098.0,20663.0,20760.0,2027400,KBS
2025-08-07 07:00:00,21195.0,21437.0,20856.0,21195.0,2501700,KBS
2025-08-08 07:00:00,21244.0,21340.0,20711.0,20953.0,2081900,KBS
2025-08-11 07:00:00,21098.0,21389.0,20905.0,21340.0,2115800,KBS
2025-08-12 07:00:00,21486.0,22115.0,21292.0,21727.0,3275700,KBS
2025-08-13 07:00:00,21776.0,21824.0,21147.0,21437.0,2678100,KBS
2025-08-14 07:00:00,21582.0,21582.0,21002.0,21098.0,1685800,KBS
2025-08-15 07:00:00,21244.0,21631.0,20856.0,21002.0,1798700,KBS
2025-08-18 07:00:00,21002.0,21679.0,21002.0,21486.0,2024400,KBS
2025-08-19 07:00:00,21486.0,22018.0,21486.0,21679.0,2232900,KBS
2025-08-20 07:00:00,21679.0,21679.0,20421.0,20905.0,2740000,KBS
2025-08-21 07:00:00,21002.0,21050.0,20518.0,20711.0,1007200,KBS
2025-08-22 07:00:00,20518.0,21002.0,20131.0,20663.0,1736000,KBS
2025-08-25 07:00:00,20760.0,21195.0,20663.0,20760.0,1689100,KBS
2025-08-26 07:00:00,21098.0,21098.0,20518.0,21002.0,893700,KBS
2025-08-27 07:00:00,21098.0,22260.0,20953.0,21582.0,3007900,KBS
2025-08-28 07:00:00,21776.0,21824.0,21292.0,21486.0,729500,KBS
2025-08-29 07:00:00,21486.0,21921.0,21244.0,21582.0,1616500,KBS
2025-09-03 07:00:00,21679.0,22018.0,21389.0,21969.0,1738200,KBS
2025-09-04 07:00:00,22260.0,22744.0,21873.0,21921.0,1713000,KBS
2025-09-05 07:00:00,21969.0,22066.0,21437.0,21437.0,2333400,KBS
2025-09-08 07:00:00,21437.0,21486.0,20614.0,20614.0,1414700,KBS
2025-09-09 07:00:00,20711.0,20856.0,20421.0,20711.0,1430800,KBS
2025-09-10 07:00:00,20760.0,21147.0,20711.0,21002.0,726000,KBS
2025-09-11 07:00:00,20711.0,21002.0,20373.0,20905.0,915100,KBS
2025-09-12 07:00:00,21002.0,21340.0,20953.0,21195.0,737400,KBS
2025-09-15 07:00:00,21292.0,21389.0,21147.0,21389.0,737600,KBS
2025-09-16 07:00:00,21486.0,22357.0,21389.0,21921.0,2725400,KBS
2025-09-17 07:00:00,22066.0,22066.0,21437.0,21486.0,856000,KBS
2025-09-18 07:00:00,21486.0,22260.0,21340.0,22018.0,2582900,KBS
2025-09-19 07:00:00,22066.0,23228.0,22066.0,22937.0,4076100,KBS
2025-09-22 07:00:00,23034.0,23034.0,21776.0,22018.0,2149900,KBS
2025-09-23 07:00:00,22211.0,22211.0,21727.0,22066.0,1170600,KBS
2025-09-24 07:00:00,22115.0,22550.0,21727.0,22550.0,1172000,KBS
2025-09-25 07:00:00,23421.0,23905.0,22937.0,23615.0,3710300,KBS
2025-09-26 07:00:00,23566.0,23615.0,22889.0,22889.0,2090500,KBS
2025-09-29 07:00:00,22840.0,23711.0,22840.0,23034.0,1908400,KBS
2025-09-30 07:00:00,23034.0,23034.0,22066.0,22647.0,2188700,KBS
2025-10-01 07:00:00,22599.0,22599.0,22115.0,22550.0,814300,KBS
2025-10-02 07:00:00,22260.0,23082.0,22260.0,22840.0,1077700,KBS
2025-10-03 07:00:00,22744.0,24002.0,21727.0,22453.0,2131400,KBS
2025-10-06 07:00:00,22260.0,22695.0,22163.0,22695.0,830200,KBS
2025-10-07 07:00:00,22937.0,22937.0,22405.0,22502.0,800000,KBS
2025-10-08 07:00:00,22986.0,22986.0,22163.0,22308.0,1398500,KBS
2025-10-09 07:00:00,22260.0,22889.0,22211.0,22550.0,1381100,KBS
2025-10-10 07:00:00,22453.0,22840.0,22453.0,22792.0,817300,KBS
2025-10-13 07:00:00,22453.0,22695.0,22211.0,22357.0,1223600,KBS
2025-10-14 07:00:00,22211.0,22453.0,21679.0,21679.0,1917700,KBS
2025-10-15 07:00:00,21534.0,22211.0,21534.0,21921.0,766700,KBS
2025-10-16 07:00:00,22163.0,22163.0,21679.0,22018.0,479600,KBS
2025-10-17 07:00:00,22066.0,22163.0,21631.0,21727.0,1523000,KBS
2025-10-20 07:00:00,21727.0,22115.0,21002.0,21050.0,1418800,KBS
2025-10-21 07:00:00,21250.0,21700.0,21100.0,21350.0,1168500,KBS
2025-10-22 07:00:00,21900.0,22750.0,21500.0,22750.0,2278500,KBS
2025-10-23 07:00:00,23000.0,23300.0,22650.0,22750.0,947200,KBS
2025-10-24 07:00:00,22950.0,23100.0,22250.0,23050.0,1681700,KBS
2025-10-27 07:00:00,23050.0,23300.0,22750.0,22800.0,1278300,KBS
2025-10-28 07:00:00,22800.0,23450.0,22600.0,23300.0,1444500,KBS
2025-10-29 07:00:00,23500.0,24900.0,23400.0,24900.0,5210400,KBS
2025-10-30 07:00:00,25100.0,25350.0,24900.0,25200.0,1571600,KBS
2025-10-31 07:00:00,24950.0,25300.0,24050.0,24050.0,2950900,KBS
2025-11-03 07:00:00,24300.0,24500.0,23500.0,23500.0,1803000,KBS
2025-11-04 07:00:00,23350.0,24350.0,23050.0,24150.0,1959400,KBS
2025-11-05 07:00:00,23850.0,24500.0,23500.0,24100.0,1160700,KBS
2025-11-06 07:00:00,24150.0,24150.0,23400.0,23750.0,1479400,KBS
2025-11-07 07:00:00,23500.0,23750.0,23000.0,23050.0,1019400,KBS
2025-11-10 07:00:00,23000.0,23450.0,22900.0,22900.0,659600,KBS
2025-11-11 07:00:00,22900.0,23100.0,22300.0,22900.0,1369500,KBS
2025-11-12 07:00:00,22900.0,23750.0,22700.0,23600.0,834500,KBS
2025-11-13 07:00:00,23600.0,23950.0,23400.0,23700.0,726300,KBS
2025-11-14 07:00:00,23900.0,24250.0,23500.0,24250.0,1296500,KBS
2025-11-17 07:00:00,24450.0,24450.0,23900.0,24150.0,879700,KBS
2025-11-18 07:00:00,24100.0,24750.0,24000.0,24100.0,934900,KBS
2025-11-19 07:00:00,24100.0,24300.0,23950.0,24200.0,786100,KBS
2025-11-20 07:00:00,24100.0,24450.0,23900.0,24000.0,738400,KBS
2025-11-21 07:00:00,23800.0,23900.0,23400.0,23900.0,629000,KBS
2025-11-24 07:00:00,23900.0,24050.0,23650.0,23950.0,868200,KBS
2025-11-25 07:00:00,23950.0,23950.0,23300.0,23400.0,714400,KBS
2025-11-26 07:00:00,23550.0,23650.0,23300.0,23600.0,519900,KBS
2025-11-27 07:00:00,23850.0,23850.0,23300.0,23300.0,347300,KBS
2025-11-28 07:00:00,23300.0,23700.0,23300.0,23300.0,504700,KBS
2025-12-01 07:00:00,23400.0,23600.0,23350.0,23600.0,355800,KBS
2025-12-02 07:00:00,23450.0,23850.0,23400.0,23650.0,550400,KBS
2025-12-03 07:00:00,23800.0,24050.0,23550.0,24000.0,845100,KBS
2025-12-04 07:00:00,24250.0,24400.0,23950.0,24050.0,1110300,KBS
2025-12-05 07:00:00,23900.0,24400.0,23850.0,23850.0,618200,KBS
2025-12-08 07:00:00,23900.0,23900.0,23400.0,23850.0,914900,KBS
2025-12-09 07:00:00,23650.0,23850.0,23450.0,23600.0,765900,KBS
2025-12-10 07:00:00,23700.0,23800.0,23500.0,23600.0,241100,KBS
2025-12-11 07:00:00,23600.0,23700.0,23500.0,23600.0,360000,KBS
2025-12-12 07:00:00,23700.0,23700.0,22500.0,22550.0,1113700,KBS
2025-12-15 07:00:00,22700.0,23000.0,22650.0,22650.0,655500,KBS
2025-12-16 07:00:00,22900.0,23000.0,22350.0,22950.0,519400,KBS
2025-12-17 07:00:00,22800.0,23300.0,22800.0,23200.0,272800,KBS
2025-12-18 07:00:00,23250.0,24050.0,23250.0,24000.0,1770700,KBS
2025-12-19 07:00:00,24000.0,24400.0,23850.0,24200.0,1039800,KBS
2025-12-22 07:00:00,24200.0,24450.0,24000.0,24250.0,981200,KBS
2025-12-23 07:00:00,24200.0,24700.0,24050.0,24200.0,1059600,KBS
2025-12-24 07:00:00,24200.0,24300.0,23900.0,24200.0,321900,KBS
2025-12-25 07:00:00,24400.0,24400.0,24100.0,24150.0,602100,KBS
2025-12-26 07:00:00,24000.0,24150.0,23850.0,24150.0,785900,KBS
2025-12-29 07:00:00,24300.0,25000.0,24200.0,24450.0,1307600,KBS
2025-12-30 07:00:00,24450.0,24450.0,24100.0,24400.0,494700,KBS
2025-12-31 07:00:00,24500.0,24550.0,24300.0,24350.0,970700,KBS
2026-01-05 07:00:00,24350.0,24900.0,24150.0,24350.0,1381900,KBS
2026-01-06 07:00:00,24350.0,25000.0,24350.0,24800.0,1267000,KBS
2026-01-07 07:00:00,24950.0,25200.0,24600.0,25000.0,1374100,KBS
2026-01-08 07:00:00,25300.0,25950.0,24700.0,24950.0,3909500,KBS
2026-01-09 07:00:00,24900.0,25150.0,24050.0,24400.0,1791200,KBS
2026-01-12 07:00:00,24500.0,24700.0,24350.0,24400.0,2130400,KBS
2026-01-13 07:00:00,24450.0,26050.0,24450.0,25900.0,3814700,KBS
2026-01-14 07:00:00,25900.0,25900.0,25350.0,25600.0,1862100,KBS
2026-01-15 07:00:00,25700.0,26500.0,25700.0,25950.0,2817800,KBS
2026-01-16 07:00:00,26550.0,26900.0,25800.0,25950.0,2956400,KBS
2026-01-19 07:00:00,25950.0,26000.0,25350.0,25800.0,1404300,KBS
2026-01-20 07:00:00,26200.0,26650.0,25650.0,25900.0,2515500,KBS
2026-01-21 07:00:00,25900.0,26500.0,25600.0,26100.0,2328100,KBS
2026-01-22 07:00:00,26400.0,26950.0,25950.0,26350.0,1479400,KBS
2026-01-23 07:00:00,26450.0,26450.0,25950.0,26050.0,1224800,KBS
2026-01-26 07:00:00,25950.0,26400.0,25700.0,26000.0,1924200,KBS
2026-01-27 07:00:00,25900.0,26800.0,25900.0,26650.0,1926600,KBS
2026-01-28 07:00:00,26800.0,26800.0,26000.0,26350.0,1103100,KBS
2026-01-29 07:00:00,26450.0,26500.0,25950.0,26250.0,902600,KBS
2026-01-30 07:00:00,26400.0,26700.0,26150.0,26300.0,950100,KBS
2026-02-02 07:00:00,26300.0,26900.0,26200.0,26750.0,1602800,KBS
2026-02-03 07:00:00,26900.0,27400.0,26550.0,26600.0,2228500,KBS
2026-02-04 07:00:00,26550.0,27150.0,26500.0,27050.0,1658600,KBS
2026-02-05 07:00:00,27250.0,27400.0,26600.0,26750.0,1212500,KBS
2026-02-06 07:00:00,26500.0,27400.0,26100.0,26750.0,2061400,KBS
2026-02-09 07:00:00,26800.0,27350.0,26650.0,26950.0,1059500,KBS
2026-02-10 07:00:00,26800.0,27050.0,26200.0,26800.0,903600,KBS
2026-02-11 07:00:00,26700.0,26900.0,26400.0,26900.0,630400,KBS
2026-02-12 07:00:00,27000.0,27400.0,26850.0,27050.0,817000,KBS
2026-02-13 07:00:00,26900.0,27250.0,26900.0,27250.0,585400,KBS
2026-02-23 07:00:00,27400.0,27700.0,27250.0,27550.0,1082800,KBS
2026-02-24 07:00:00,27600.0,28300.0,27500.0,28200.0,1924700,KBS
2026-02-25 07:00:00,28450.0,28450.0,27750.0,27800.0,1042500,KBS
2026-02-26 07:00:00,27800.0,27900.0,26950.0,27600.0,2929900,KBS
2026-02-27 07:00:00,27600.0,28300.0,27500.0,27750.0,1621400,KBS
2026-03-02 07:00:00,27200.0,29450.0,27200.0,28900.0,3428200,KBS
2026-03-03 07:00:00,29250.0,29300.0,28300.0,28800.0,2133200,KBS
2026-03-04 07:00:00,28700.0,29300.0,26900.0,28000.0,3783000,KBS
2026-03-05 07:00:00,28450.0,28450.0,27400.0,28200.0,1296800,KBS
2026-03-06 07:00:00,28200.0,28200.0,27200.0,27650.0,910500,KBS
2026-03-09 07:00:00,26200.0,26600.0,25750.0,25750.0,1430300,KBS
2026-03-10 07:00:00,26000.0,26200.0,25200.0,25500.0,2067300,KBS
2026-03-11 07:00:00,25500.0,26400.0,25500.0,26350.0,768100,KBS
2026-03-12 07:00:00,26400.0,27300.0,26150.0,26500.0,1743000,KBS
2026-03-13 07:00:00,26500.0,27100.0,26400.0,26650.0,873100,KBS
2026-03-16 07:00:00,26650.0,26700.0,25700.0,25950.0,935900,KBS
2026-03-17 07:00:00,25800.0,26350.0,25550.0,25550.0,767800,KBS
2026-03-18 07:00:00,25550.0,26100.0,25450.0,26000.0,901800,KBS
2026-03-19 07:00:00,25500.0,26100.0,25400.0,25900.0,613600,KBS
2026-03-20 07:00:00,26000.0,26900.0,25700.0,25950.0,1111000,KBS
2026-03-23 07:00:00,25650.0,25950.0,24650.0,24650.0,1340400,KBS
2026-03-24 07:00:00,25100.0,25900.0,25000.0,25900.0,959100,KBS
2026-03-25 07:00:00,26000.0,27700.0,25800.0,27700.0,2979600,KBS
2026-03-26 07:00:00,28150.0,28150.0,27100.0,27750.0,1455700,KBS
2026-03-27 07:00:00,27700.0,28000.0,27250.0,27900.0,950600,KBS
2026-03-30 07:00:00,27250.0,28600.0,27250.0,27900.0,1371700,KBS
2026-03-31 07:00:00,28100.0,28100.0,27500.0,27600.0,846800,KBS
2026-04-01 07:00:00,27900.0,28250.0,27550.0,27700.0,1394400,KBS
2026-04-02 07:00:00,27700.0,27700.0,26900.0,27000.0,815600,KBS
2026-04-03 07:00:00,27100.0,27350.0,26000.0,26000.0,1139400,KBS
2026-04-06 07:00:00,26050.0,26250.0,25200.0,25200.0,1022600,KBS
2026-04-07 07:00:00,25200.0,25600.0,25000.0,25200.0,411000,KBS
2026-04-08 07:00:00,25950.0,26300.0,25500.0,26200.0,602200,KBS
2026-04-09 07:00:00,26200.0,26200.0,25600.0,25700.0,761100,KBS
2026-04-10 07:00:00,25800.0,26300.0,25750.0,26200.0,569900,KBS
2026-04-13 07:00:00,26300.0,26800.0,26300.0,26550.0,721400,KBS
2026-04-14 07:00:00,26700.0,26700.0,26300.0,26350.0,474800,KBS
2026-04-15 07:00:00,26400.0,26500.0,26100.0,26100.0,552700,KBS
2026-04-16 07:00:00,26150.0,26700.0,25800.0,26200.0,805000,KBS
2026-04-17 07:00:00,26500.0,26500.0,25950.0,26000.0,514700,KBS
2026-04-20 07:00:00,26300.0,26450.0,26000.0,26300.0,778300,KBS
2026-04-21 07:00:00,26600.0,26600.0,25800.0,25850.0,1100300,KBS
2026-04-22 07:00:00,25900.0,25900.0,25350.0,25350.0,1189900,KBS
2026-04-23 07:00:00,25300.0,25450.0,24100.0,24600.0,2675700,KBS
2026-04-24 07:00:00,24400.0,25000.0,24100.0,24800.0,916400,KBS
2026-04-28 07:00:00,24800.0,24800.0,24000.0,24100.0,1577900,KBS
2026-04-29 07:00:00,24100.0,24400.0,24100.0,24200.0,296500,KBS
2026-05-04 07:00:00,24450.0,24750.0,24250.0,24400.0,563900,KBS
2026-05-05 07:00:00,24550.0,24600.0,24200.0,24400.0,369700,KBS
2026-05-06 07:00:00,24500.0,24650.0,24300.0,24600.0,673800,KBS
2026-05-07 07:00:00,24900.0,24900.0,24300.0,24350.0,884900,KBS
2026-05-08 07:00:00,24150.0,24150.0,22900.0,23000.0,3272800,KBS
2026-05-11 07:00:00,23000.0,23150.0,22900.0,23100.0,745000,KBS
2026-05-12 07:00:00,23250.0,23250.0,22800.0,22950.0,411900,KBS
2026-05-13 07:00:00,22950.0,23100.0,22500.0,22700.0,1562300,KBS
2026-05-14 07:00:00,22900.0,22900.0,22600.0,22650.0,404700,KBS
2026-05-15 07:00:00,22700.0,23400.0,22500.0,23200.0,1271700,KBS
2026-05-18 07:00:00,23250.0,23500.0,22900.0,23250.0,707900,KBS
2026-05-19 07:00:00,23600.0,23600.0,23050.0,23150.0,635600,KBS
2026-05-20 07:00:00,23150.0,23300.0,22550.0,23100.0,524300,KBS
2026-05-21 07:00:00,23250.0,23250.0,22850.0,23000.0,287500,KBS
2026-05-22 07:00:00,22850.0,22950.0,22650.0,22750.0,498600,KBS
2026-05-25 07:00:00,22850.0,23200.0,22700.0,22900.0,412000,KBS
2026-05-26 07:00:00,22900.0,23000.0,22700.0,22850.0,293600,KBS
2026-05-27 07:00:00,22950.0,24000.0,22950.0,24000.0,1779000,KBS
2026-05-28 07:00:00,23950.0,23950.0,23000.0,23000.0,672100,KBS
2026-05-29 07:00:00,23050.0,23350.0,22850.0,23000.0,430600,KBS
2026-06-01 07:00:00,23100.0,23150.0,22850.0,22950.0,256700,KBS
2026-06-02 07:00:00,23150.0,23150.0,22500.0,22500.0,919300,KBS
2026-06-03 07:00:00,22500.0,22750.0,22350.0,22550.0,480600,KBS
2026-06-04 07:00:00,22550.0,22750.0,22500.0,22700.0,200800,KBS
2026-06-05 07:00:00,22900.0,22900.0,22550.0,22550.0,204200,KBS
