date,open,high,low,close,volume,_source
2020-01-02 07:00:00,32684.0,32740.0,31515.0,32016.0,276470,KBS
2020-01-03 07:00:00,31905.0,32072.0,31181.0,31181.0,265990,KBS
2020-01-06 07:00:00,31014.0,31181.0,30847.0,31070.0,269800,KBS
2020-01-07 07:00:00,30847.0,31404.0,30847.0,31348.0,311040,KBS
2020-01-08 07:00:00,30903.0,31070.0,30012.0,30067.0,440790,KBS
2020-01-09 07:00:00,30903.0,30958.0,30067.0,30958.0,257670,KBS
2020-01-10 07:00:00,30847.0,31181.0,30847.0,31070.0,234100,KBS
2020-01-13 07:00:00,30847.0,31125.0,30457.0,30624.0,342540,KBS
2020-01-14 07:00:00,30457.0,30958.0,30457.0,30847.0,226900,KBS
2020-01-15 07:00:00,30624.0,30903.0,30346.0,30624.0,212400,KBS
2020-01-16 07:00:00,30624.0,31181.0,30624.0,31181.0,336550,KBS
2020-01-17 07:00:00,30903.0,31292.0,30680.0,31181.0,271200,KBS
2020-01-20 07:00:00,31125.0,31237.0,30903.0,31181.0,282740,KBS
2020-01-21 07:00:00,31070.0,31292.0,30569.0,31181.0,468120,KBS
2020-01-22 07:00:00,31070.0,31181.0,30903.0,31181.0,292410,KBS
2020-01-30 07:00:00,30903.0,31181.0,30123.0,30680.0,413700,KBS
2020-01-31 07:00:00,30569.0,30903.0,30067.0,30680.0,734180,KBS
2020-02-03 07:00:00,30624.0,31348.0,30346.0,31181.0,587350,KBS
2020-02-04 07:00:00,31070.0,31348.0,30234.0,30624.0,573950,KBS
2020-02-05 07:00:00,30624.0,31292.0,29900.0,30067.0,529660,KBS
2020-02-06 07:00:00,29789.0,30513.0,29399.0,29511.0,1352200,KBS
2020-02-07 07:00:00,29789.0,30346.0,29511.0,30123.0,367780,KBS
2020-02-10 07:00:00,30179.0,30179.0,29622.0,30123.0,335600,KBS
2020-02-11 07:00:00,30179.0,30624.0,29511.0,30179.0,422890,KBS
2020-02-12 07:00:00,30234.0,30401.0,29622.0,30290.0,481440,KBS
2020-02-13 07:00:00,30234.0,30346.0,29733.0,30346.0,455910,KBS
2020-02-14 07:00:00,30234.0,30290.0,29678.0,30179.0,592440,KBS
2020-02-17 07:00:00,30067.0,30234.0,29622.0,30234.0,502660,KBS
2020-02-18 07:00:00,30234.0,30290.0,29566.0,30067.0,780110,KBS
2020-02-19 07:00:00,30123.0,30123.0,29511.0,30123.0,767180,KBS
2020-02-20 07:00:00,30179.0,30624.0,30123.0,30346.0,429000,KBS
2020-02-21 07:00:00,30346.0,30346.0,29900.0,30067.0,250410,KBS
2020-02-24 07:00:00,30067.0,30067.0,29622.0,29845.0,338570,KBS
2020-02-25 07:00:00,29789.0,29900.0,29511.0,29900.0,579540,KBS
2020-02-26 07:00:00,29845.0,29956.0,29678.0,29956.0,376460,KBS
2020-02-27 07:00:00,29956.0,30012.0,29566.0,30012.0,316500,KBS
2020-02-28 07:00:00,29678.0,29845.0,29399.0,29789.0,858160,KBS
2020-03-02 07:00:00,29678.0,29900.0,29566.0,29845.0,524050,KBS
2020-03-03 07:00:00,29678.0,30123.0,29678.0,29900.0,721830,KBS
2020-03-04 07:00:00,29900.0,30290.0,29511.0,29956.0,586250,KBS
2020-03-05 07:00:00,29956.0,30346.0,29622.0,30012.0,639330,KBS
2020-03-06 07:00:00,29789.0,30067.0,29511.0,30067.0,581020,KBS
2020-03-09 07:00:00,29511.0,30067.0,28787.0,29511.0,612380,KBS
2020-03-10 07:00:00,28954.0,29733.0,28954.0,29511.0,692090,KBS
2020-03-11 07:00:00,29511.0,29566.0,28842.0,29511.0,777760,KBS
2020-03-12 07:00:00,29511.0,29511.0,28731.0,29399.0,425390,KBS
2020-03-13 07:00:00,29065.0,29511.0,28508.0,29511.0,357570,KBS
2020-03-16 07:00:00,29399.0,29399.0,28453.0,28731.0,405920,KBS
2020-03-17 07:00:00,28675.0,28731.0,28286.0,28675.0,306060,KBS
2020-03-18 07:00:00,28564.0,28675.0,27840.0,28397.0,464360,KBS
2020-03-19 07:00:00,28397.0,28397.0,27896.0,28397.0,709880,KBS
2020-03-20 07:00:00,28397.0,28397.0,27339.0,28397.0,2921160,KBS
2020-03-23 07:00:00,28119.0,28954.0,27506.0,28954.0,915750,KBS
2020-03-24 07:00:00,28675.0,29232.0,28620.0,28954.0,418880,KBS
2020-03-25 07:00:00,28954.0,29065.0,28564.0,29009.0,316070,KBS
2020-03-26 07:00:00,28675.0,28954.0,28397.0,28842.0,225930,KBS
2020-03-27 07:00:00,28954.0,28954.0,28397.0,28954.0,729270,KBS
2020-03-30 07:00:00,28731.0,28954.0,28453.0,28898.0,239260,KBS
2020-03-31 07:00:00,28731.0,28954.0,28731.0,28898.0,452830,KBS
2020-04-01 07:00:00,28898.0,28954.0,28787.0,28842.0,462500,KBS
2020-04-03 07:00:00,28842.0,28898.0,28508.0,28898.0,376190,KBS
2020-04-06 07:00:00,28898.0,28954.0,28620.0,28954.0,244740,KBS
2020-04-07 07:00:00,28954.0,29009.0,28286.0,28787.0,589840,KBS
2020-04-08 07:00:00,28787.0,28954.0,28508.0,28954.0,281500,KBS
2020-04-09 07:00:00,29009.0,29511.0,28842.0,28954.0,532050,KBS
2020-04-10 07:00:00,28954.0,28954.0,28620.0,28954.0,232060,KBS
2020-04-13 07:00:00,28898.0,29009.0,28620.0,28954.0,291630,KBS
2020-04-14 07:00:00,28842.0,28898.0,28564.0,28898.0,409520,KBS
2020-04-15 07:00:00,28842.0,28954.0,28508.0,28898.0,446900,KBS
2020-04-16 07:00:00,28787.0,28898.0,28620.0,28898.0,455280,KBS
2020-04-17 07:00:00,29009.0,29511.0,28898.0,29344.0,640160,KBS
2020-04-20 07:00:00,29344.0,29511.0,28508.0,29344.0,886650,KBS
2020-04-21 07:00:00,28954.0,29399.0,28675.0,29232.0,653990,KBS
2020-04-22 07:00:00,29009.0,29232.0,28508.0,29232.0,738970,KBS
2020-04-23 07:00:00,29232.0,29900.0,28675.0,29288.0,1156010,KBS
2020-04-24 07:00:00,29232.0,29789.0,28675.0,29511.0,1107560,KBS
2020-04-27 07:00:00,29511.0,29845.0,28787.0,29399.0,853170,KBS
2020-04-28 07:00:00,29399.0,30067.0,28954.0,29566.0,1128040,KBS
2020-04-29 07:00:00,29622.0,30179.0,28842.0,29622.0,1596620,KBS
2020-05-04 07:00:00,29789.0,30624.0,29009.0,29399.0,1110900,KBS
2020-05-05 07:00:00,29399.0,30346.0,28954.0,29399.0,1818920,KBS
2020-05-06 07:00:00,29232.0,29900.0,28675.0,29511.0,1282470,KBS
2020-05-07 07:00:00,29511.0,29845.0,28787.0,29566.0,1516210,KBS
2020-05-08 07:00:00,29566.0,30067.0,29511.0,30012.0,1341880,KBS
2020-05-11 07:00:00,30067.0,30346.0,28898.0,30067.0,855360,KBS
2020-05-12 07:00:00,30123.0,30179.0,29232.0,29344.0,979420,KBS
2020-05-13 07:00:00,29344.0,29399.0,28675.0,29232.0,1298260,KBS
2020-05-14 07:00:00,29065.0,29789.0,28675.0,29288.0,1223690,KBS
2020-05-15 07:00:00,29344.0,30012.0,29009.0,29288.0,912370,KBS
2020-05-18 07:00:00,29288.0,29622.0,28731.0,29399.0,1236960,KBS
2020-05-19 07:00:00,29455.0,29789.0,29009.0,29511.0,961210,KBS
2020-05-20 07:00:00,29622.0,29789.0,28954.0,29566.0,992870,KBS
2020-05-21 07:00:00,29622.0,29956.0,29009.0,29789.0,1752980,KBS
2020-05-22 07:00:00,29789.0,30234.0,29177.0,29678.0,1051490,KBS
2020-05-25 07:00:00,29733.0,30012.0,29065.0,29678.0,1035640,KBS
2020-05-26 07:00:00,29733.0,30012.0,29232.0,29733.0,1119930,KBS
2020-05-27 07:00:00,29733.0,30123.0,29232.0,29956.0,1048710,KBS
2020-05-28 07:00:00,29956.0,30569.0,29344.0,30234.0,1361440,KBS
2020-05-29 07:00:00,30067.0,30569.0,29678.0,29900.0,899220,KBS
2020-06-01 07:00:00,29900.0,30624.0,29733.0,30624.0,1189620,KBS
2020-06-02 07:00:00,30457.0,30791.0,29789.0,30179.0,1184470,KBS
2020-06-03 07:00:00,30123.0,30346.0,29622.0,30234.0,689390,KBS
2020-06-04 07:00:00,30067.0,30791.0,29678.0,30346.0,1060190,KBS
2020-06-05 07:00:00,30346.0,30401.0,30234.0,30401.0,565320,KBS
2020-06-08 07:00:00,30346.0,30569.0,30234.0,30457.0,665510,KBS
2020-06-09 07:00:00,30513.0,30903.0,29789.0,30346.0,1389690,KBS
2020-06-10 07:00:00,30346.0,30513.0,29789.0,30346.0,1072730,KBS
2020-06-11 07:00:00,30346.0,30401.0,30123.0,30346.0,760090,KBS
2020-06-12 07:00:00,30179.0,30791.0,29900.0,30569.0,1958480,KBS
2020-06-15 07:00:00,30401.0,30958.0,30067.0,30736.0,1533550,KBS
2020-06-16 07:00:00,30791.0,31626.0,30791.0,31515.0,906440,KBS
2020-06-17 07:00:00,30680.0,31961.0,30624.0,31794.0,1321680,KBS
2020-06-18 07:00:00,31738.0,32573.0,31626.0,32462.0,802170,KBS
2020-06-19 07:00:00,32851.0,34243.0,32573.0,33018.0,2717840,KBS
2020-06-22 07:00:00,33130.0,33575.0,32295.0,32851.0,2037200,KBS
2020-06-23 07:00:00,32573.0,32851.0,32350.0,32462.0,780790,KBS
2020-06-24 07:00:00,32350.0,32907.0,32016.0,32462.0,1160280,KBS
2020-06-25 07:00:00,32295.0,33241.0,32016.0,33130.0,1115060,KBS
2020-06-26 07:00:00,33018.0,35023.0,33018.0,34745.0,799730,KBS
2020-06-29 07:00:00,34745.0,35524.0,33854.0,34633.0,1351000,KBS
2020-06-30 07:00:00,34466.0,35190.0,33742.0,34243.0,1368910,KBS
2020-07-01 07:00:00,34021.0,34800.0,33631.0,34132.0,768550,KBS
2020-07-02 07:00:00,34076.0,34188.0,33687.0,34076.0,1098930,KBS
2020-07-03 07:00:00,34076.0,34856.0,33687.0,34745.0,1179160,KBS
2020-07-06 07:00:00,34745.0,35914.0,34745.0,35747.0,731790,KBS
2020-07-07 07:00:00,35970.0,36582.0,35635.0,35914.0,1327820,KBS
2020-07-08 07:00:00,36192.0,36526.0,35580.0,35802.0,1466850,KBS
2020-07-09 07:00:00,35914.0,35970.0,35580.0,35914.0,523400,KBS
2020-07-10 07:00:00,35914.0,35914.0,35190.0,35413.0,667770,KBS
2020-07-13 07:00:00,35357.0,35635.0,34912.0,35079.0,576990,KBS
2020-07-14 07:00:00,34800.0,35023.0,34522.0,34689.0,507380,KBS
2020-07-15 07:00:00,34689.0,35580.0,34689.0,34856.0,579630,KBS
2020-07-16 07:00:00,34856.0,34856.0,34410.0,34578.0,714270,KBS
2020-07-17 07:00:00,34578.0,34578.0,34243.0,34466.0,782730,KBS
2020-07-20 07:00:00,34299.0,34522.0,33965.0,34410.0,698070,KBS
2020-07-21 07:00:00,34355.0,35246.0,34243.0,34689.0,1012120,KBS
2020-07-22 07:00:00,34689.0,34967.0,34243.0,34912.0,997430,KBS
2020-07-23 07:00:00,35023.0,35246.0,34689.0,35079.0,1028510,KBS
2020-07-24 07:00:00,35079.0,35190.0,34800.0,35023.0,821900,KBS
2020-07-27 07:00:00,34912.0,35079.0,34689.0,34967.0,1134300,KBS
2020-07-28 07:00:00,34967.0,36192.0,34745.0,35413.0,1822980,KBS
2020-07-29 07:00:00,35357.0,35580.0,35134.0,35357.0,738170,KBS
2020-07-30 07:00:00,35413.0,36137.0,35413.0,35691.0,1339210,KBS
2020-07-31 07:00:00,35524.0,36415.0,35524.0,36248.0,1826420,KBS
2020-08-03 07:00:00,35914.0,36248.0,35580.0,35802.0,1102560,KBS
2020-08-04 07:00:00,35858.0,36192.0,35357.0,36025.0,1821410,KBS
2020-08-05 07:00:00,35747.0,36304.0,35190.0,36081.0,2970060,KBS
2020-08-06 07:00:00,35802.0,36415.0,35524.0,36137.0,2427630,KBS
2020-08-07 07:00:00,35802.0,36248.0,35635.0,35970.0,1870080,KBS
2020-08-10 07:00:00,36192.0,36304.0,35635.0,36081.0,2663870,KBS
2020-08-11 07:00:00,36081.0,36248.0,35635.0,36025.0,2290230,KBS
2020-08-12 07:00:00,36025.0,36192.0,35468.0,35858.0,2372360,KBS
2020-08-13 07:00:00,35524.0,36025.0,35524.0,35691.0,1132480,KBS
2020-08-14 07:00:00,35691.0,35747.0,34466.0,35134.0,1898250,KBS
2020-08-17 07:00:00,35079.0,35246.0,34522.0,35246.0,1056740,KBS
2020-08-18 07:00:00,35190.0,35357.0,34967.0,35246.0,803990,KBS
2020-08-19 07:00:00,35134.0,35802.0,35079.0,35246.0,1203160,KBS
2020-08-20 07:00:00,35079.0,35580.0,34800.0,35023.0,1048220,KBS
2020-08-21 07:00:00,34800.0,35246.0,34689.0,35079.0,710750,KBS
2020-08-24 07:00:00,35079.0,35079.0,34967.0,35079.0,641550,KBS
2020-08-25 07:00:00,34633.0,35134.0,34633.0,35023.0,1176410,KBS
2020-08-26 07:00:00,34800.0,35079.0,34355.0,34967.0,1504550,KBS
2020-08-27 07:00:00,34800.0,35023.0,34800.0,35023.0,973480,KBS
2020-08-28 07:00:00,34856.0,35858.0,34856.0,35079.0,1384140,KBS
2020-08-31 07:00:00,34912.0,35580.0,34912.0,35524.0,949010,KBS
2020-09-01 07:00:00,35023.0,35079.0,34689.0,35079.0,1153990,KBS
2020-09-03 07:00:00,35023.0,35190.0,34410.0,35190.0,1743080,KBS
2020-09-04 07:00:00,35190.0,35357.0,34800.0,34967.0,1156470,KBS
2020-09-07 07:00:00,34745.0,35468.0,34410.0,34967.0,1422550,KBS
2020-09-08 07:00:00,34689.0,35357.0,34021.0,34912.0,2323220,KBS
2020-09-09 07:00:00,34800.0,34967.0,34633.0,34967.0,1155010,KBS
2020-09-10 07:00:00,35079.0,35301.0,34578.0,34967.0,1412490,KBS
2020-09-11 07:00:00,34967.0,35301.0,34745.0,35023.0,1786910,KBS
2020-09-14 07:00:00,35079.0,35580.0,35023.0,35468.0,995810,KBS
2020-09-15 07:00:00,35635.0,35914.0,35190.0,35524.0,1327570,KBS
2020-09-16 07:00:00,35524.0,35858.0,35246.0,35524.0,1587070,KBS
2020-09-17 07:00:00,35413.0,35524.0,35134.0,35301.0,1179700,KBS
2020-09-18 07:00:00,35301.0,35970.0,35246.0,35580.0,1575390,KBS
2020-09-21 07:00:00,35580.0,36025.0,35580.0,35747.0,1535800,KBS
2020-09-22 07:00:00,35747.0,35858.0,35413.0,35524.0,859210,KBS
2020-09-23 07:00:00,35357.0,35914.0,35246.0,35413.0,1294340,KBS
2020-09-24 07:00:00,35413.0,35858.0,35190.0,35357.0,1522960,KBS
2020-09-25 07:00:00,35413.0,35747.0,35134.0,35357.0,1422350,KBS
2020-09-28 07:00:00,35413.0,35691.0,35246.0,35301.0,1403010,KBS
2020-09-29 07:00:00,35413.0,35635.0,35134.0,35301.0,1340650,KBS
2020-09-30 07:00:00,35357.0,35635.0,35134.0,35580.0,1314790,KBS
2020-10-01 07:00:00,35580.0,35747.0,35301.0,35468.0,1355520,KBS
2020-10-02 07:00:00,35524.0,35635.0,35190.0,35357.0,1250150,KBS
2020-10-05 07:00:00,35357.0,35413.0,35134.0,35246.0,1193480,KBS
2020-10-06 07:00:00,35301.0,35580.0,35079.0,35246.0,1443520,KBS
2020-10-07 07:00:00,35301.0,35524.0,34967.0,35134.0,1230410,KBS
2020-10-08 07:00:00,35246.0,35357.0,34912.0,35079.0,1289930,KBS
2020-10-09 07:00:00,34410.0,35468.0,34410.0,34856.0,1727780,KBS
2020-10-12 07:00:00,35023.0,35301.0,34522.0,34800.0,1568930,KBS
2020-10-13 07:00:00,34745.0,35023.0,34355.0,34522.0,1184190,KBS
2020-10-14 07:00:00,34633.0,35079.0,34410.0,34522.0,1504900,KBS
2020-10-15 07:00:00,34689.0,34967.0,34355.0,34745.0,1736540,KBS
2020-10-16 07:00:00,34745.0,34800.0,34299.0,34689.0,1376870,KBS
2020-10-19 07:00:00,34745.0,35023.0,34410.0,34856.0,1722490,KBS
2020-10-20 07:00:00,34856.0,35023.0,34410.0,34522.0,1757030,KBS
2020-10-21 07:00:00,34633.0,34745.0,34466.0,34689.0,1218250,KBS
2020-10-22 07:00:00,34689.0,34967.0,34466.0,34800.0,1698200,KBS
2020-10-23 07:00:00,34800.0,34967.0,34466.0,34689.0,1726440,KBS
2020-10-26 07:00:00,34633.0,34745.0,34299.0,34522.0,996840,KBS
2020-10-27 07:00:00,34522.0,34633.0,34243.0,34578.0,1181530,KBS
2020-10-28 07:00:00,34466.0,34689.0,34188.0,34522.0,1374730,KBS
2020-10-29 07:00:00,34466.0,34578.0,34132.0,34522.0,1184750,KBS
2020-10-30 07:00:00,34410.0,34522.0,34021.0,34522.0,1349980,KBS
2020-11-02 07:00:00,34745.0,34800.0,34355.0,34689.0,1092220,KBS
2020-11-03 07:00:00,34633.0,34689.0,34355.0,34578.0,1305700,KBS
2020-11-04 07:00:00,34522.0,34633.0,34299.0,34633.0,1129190,KBS
2020-11-05 07:00:00,34633.0,34689.0,34299.0,34578.0,1256410,KBS
2020-11-06 07:00:00,34633.0,34633.0,34299.0,34578.0,1349200,KBS
2020-11-09 07:00:00,34633.0,34689.0,33909.0,34243.0,1735870,KBS
2020-11-10 07:00:00,34299.0,34522.0,34243.0,34522.0,1310890,KBS
2020-11-11 07:00:00,34522.0,34522.0,34021.0,34522.0,1399630,KBS
2020-11-12 07:00:00,34466.0,34522.0,34188.0,34522.0,1351480,KBS
2020-11-13 07:00:00,34522.0,34522.0,34243.0,34522.0,1469550,KBS
2020-11-16 07:00:00,34522.0,34522.0,33909.0,34132.0,1604250,KBS
2020-11-17 07:00:00,34466.0,34522.0,33965.0,34410.0,1301890,KBS
2020-11-18 07:00:00,34410.0,34466.0,33965.0,34243.0,1580260,KBS
2020-11-19 07:00:00,34299.0,34355.0,33854.0,34243.0,1516270,KBS
2020-11-20 07:00:00,34355.0,34410.0,33965.0,34299.0,1326730,KBS
2020-11-23 07:00:00,34299.0,34410.0,34021.0,34355.0,1333420,KBS
2020-11-24 07:00:00,34299.0,34355.0,33965.0,34243.0,1293710,KBS
2020-11-25 07:00:00,34243.0,34243.0,33965.0,34188.0,1629710,KBS
2020-11-26 07:00:00,34188.0,34188.0,33464.0,33965.0,1269370,KBS
2020-11-27 07:00:00,33965.0,33965.0,33631.0,33909.0,1113890,KBS
2020-11-30 07:00:00,33909.0,33909.0,33464.0,33742.0,1341390,KBS
2020-12-01 07:00:00,33520.0,33742.0,33408.0,33742.0,1539880,KBS
2020-12-02 07:00:00,33687.0,33742.0,33464.0,33687.0,1425570,KBS
2020-12-03 07:00:00,33631.0,33687.0,33408.0,33631.0,1162620,KBS
2020-12-04 07:00:00,33575.0,33631.0,33408.0,33631.0,1707510,KBS
2020-12-07 07:00:00,33575.0,33742.0,33408.0,33687.0,1368050,KBS
2020-12-08 07:00:00,33631.0,33742.0,33408.0,33742.0,1831230,KBS
2020-12-09 07:00:00,33687.0,34967.0,33631.0,34967.0,3107290,KBS
2020-12-10 07:00:00,34856.0,36192.0,34856.0,35580.0,2817400,KBS
2020-12-11 07:00:00,35468.0,35914.0,35301.0,35580.0,2010120,KBS
2020-12-14 07:00:00,35524.0,36081.0,35190.0,35858.0,2200880,KBS
2020-12-15 07:00:00,35858.0,37529.0,35858.0,36471.0,3284160,KBS
2020-12-16 07:00:00,36693.0,37529.0,36638.0,37362.0,3195680,KBS
2020-12-17 07:00:00,37195.0,37195.0,36471.0,36749.0,3136020,KBS
2020-12-18 07:00:00,36860.0,37306.0,36638.0,36749.0,4014050,KBS
2020-12-21 07:00:00,37083.0,37362.0,36638.0,36916.0,2348350,KBS
2020-12-22 07:00:00,36916.0,37362.0,36749.0,37139.0,3068310,KBS
2020-12-23 07:00:00,37250.0,37417.0,36972.0,37306.0,4055970,KBS
2020-12-24 07:00:00,37306.0,37417.0,36192.0,36749.0,2243120,KBS
2020-12-25 07:00:00,36749.0,37139.0,36693.0,37027.0,1953300,KBS
2020-12-28 07:00:00,36972.0,37417.0,36972.0,37362.0,4271540,KBS
2020-12-29 07:00:00,37362.0,39923.0,37306.0,37807.0,10563890,KBS
2020-12-30 07:00:00,37974.0,38419.0,36805.0,37195.0,3302610,KBS
2020-12-31 07:00:00,37195.0,37417.0,36749.0,36749.0,2697410,KBS
2021-01-04 07:00:00,36582.0,37751.0,36137.0,36248.0,6534500,KBS
2021-01-05 07:00:00,36192.0,36638.0,35190.0,36192.0,7203800,KBS
2021-01-06 07:00:00,36137.0,37807.0,36025.0,37139.0,6497100,KBS
2021-01-07 07:00:00,37027.0,39700.0,37027.0,39700.0,8664500,KBS
2021-01-08 07:00:00,40368.0,42261.0,40368.0,42150.0,5081200,KBS
2021-01-11 07:00:00,42039.0,42150.0,41203.0,42039.0,6268600,KBS
2021-01-12 07:00:00,42039.0,43319.0,41649.0,41983.0,6610300,KBS
2021-01-13 07:00:00,41983.0,42596.0,41816.0,42094.0,4785000,KBS
2021-01-14 07:00:00,42094.0,42763.0,41705.0,41872.0,4715400,KBS
2021-01-15 07:00:00,41816.0,42039.0,40368.0,40368.0,6708400,KBS
2021-01-18 07:00:00,40090.0,41148.0,39533.0,39923.0,3649100,KBS
2021-01-19 07:00:00,40313.0,40368.0,37306.0,38976.0,3120700,KBS
2021-01-20 07:00:00,39990.0,41680.0,39483.0,40553.0,3061400,KBS
2021-01-21 07:00:00,41342.0,43032.0,40553.0,42750.0,3443100,KBS
2021-01-22 07:00:00,42919.0,45059.0,42243.0,44496.0,5587300,KBS
2021-01-25 07:00:00,44721.0,45116.0,44440.0,45059.0,2759800,KBS
2021-01-26 07:00:00,45341.0,46467.0,44496.0,45623.0,3383500,KBS
2021-01-27 07:00:00,45623.0,46467.0,45059.0,45735.0,4348500,KBS
2021-01-28 07:00:00,45003.0,45566.0,42581.0,42694.0,7975600,KBS
2021-01-29 07:00:00,43088.0,45679.0,42975.0,45172.0,2514600,KBS
2021-02-01 07:00:00,45172.0,46636.0,44552.0,45116.0,2745800,KBS
2021-02-02 07:00:00,45116.0,45623.0,44609.0,45341.0,2402600,KBS
2021-02-03 07:00:00,45397.0,47031.0,44947.0,46749.0,2987900,KBS
2021-02-04 07:00:00,46749.0,47031.0,45510.0,45904.0,2796400,KBS
2021-02-05 07:00:00,46186.0,46411.0,44890.0,45172.0,2404700,KBS
2021-02-08 07:00:00,45059.0,45059.0,42806.0,43764.0,2980600,KBS
2021-02-09 07:00:00,44214.0,45285.0,43370.0,44496.0,2216500,KBS
2021-02-17 07:00:00,45566.0,45735.0,44440.0,45623.0,1504600,KBS
2021-02-18 07:00:00,45228.0,45904.0,44552.0,45904.0,2001600,KBS
2021-02-19 07:00:00,45904.0,46411.0,45059.0,45228.0,2908100,KBS
2021-02-22 07:00:00,45285.0,45566.0,44665.0,45510.0,2037600,KBS
2021-02-23 07:00:00,45510.0,45566.0,45116.0,45510.0,2038800,KBS
2021-02-24 07:00:00,45510.0,46073.0,44721.0,45285.0,1905500,KBS
2021-02-25 07:00:00,45510.0,45960.0,44609.0,45059.0,1844300,KBS
2021-02-26 07:00:00,44778.0,45623.0,44609.0,44834.0,2117300,KBS
2021-03-01 07:00:00,44834.0,45059.0,44552.0,44890.0,1797100,KBS
2021-03-02 07:00:00,44890.0,45059.0,44609.0,44665.0,1608600,KBS
2021-03-03 07:00:00,44552.0,46186.0,44383.0,45848.0,2283900,KBS
2021-03-04 07:00:00,46073.0,46129.0,45059.0,45397.0,1619800,KBS
2021-03-05 07:00:00,45735.0,45848.0,43933.0,45003.0,2736200,KBS
2021-03-08 07:00:00,45228.0,45960.0,44496.0,45848.0,3224500,KBS
2021-03-09 07:00:00,45848.0,46298.0,45172.0,46186.0,2539700,KBS
2021-03-10 07:00:00,46298.0,46467.0,45116.0,46467.0,2783800,KBS
2021-03-11 07:00:00,46862.0,47031.0,46242.0,46693.0,2540300,KBS
2021-03-12 07:00:00,46524.0,46636.0,46073.0,46298.0,1521600,KBS
2021-03-15 07:00:00,46298.0,46749.0,45791.0,46129.0,2639900,KBS
2021-03-16 07:00:00,45848.0,46129.0,45285.0,45566.0,1680800,KBS
2021-03-17 07:00:00,45228.0,45566.0,44834.0,45341.0,4339200,KBS
2021-03-18 07:00:00,45848.0,46186.0,45059.0,45735.0,1872600,KBS
2021-03-19 07:00:00,45510.0,45735.0,44496.0,44496.0,3281400,KBS
2021-03-22 07:00:00,45059.0,45679.0,45059.0,45510.0,1122300,KBS
2021-03-23 07:00:00,45623.0,46186.0,45003.0,45059.0,2921000,KBS
2021-03-24 07:00:00,44947.0,45059.0,44609.0,44947.0,1841200,KBS
2021-03-25 07:00:00,45003.0,45623.0,44665.0,45059.0,2034100,KBS
2021-03-26 07:00:00,44890.0,44947.0,44383.0,44778.0,1934300,KBS
2021-03-29 07:00:00,45059.0,45116.0,44778.0,45059.0,1554800,KBS
2021-03-30 07:00:00,45228.0,45510.0,45003.0,45454.0,1414800,KBS
2021-03-31 07:00:00,45341.0,45510.0,45116.0,45341.0,1455700,KBS
2021-04-01 07:00:00,45341.0,46749.0,45341.0,46073.0,2485600,KBS
2021-04-02 07:00:00,46467.0,46693.0,46073.0,46186.0,1646800,KBS
2021-04-05 07:00:00,48889.0,48889.0,46805.0,48157.0,3890400,KBS
2021-04-06 07:00:00,48157.0,49284.0,47650.0,48889.0,2969000,KBS
2021-04-07 07:00:00,48889.0,49847.0,48551.0,49622.0,3489500,KBS
2021-04-08 07:00:00,49847.0,50748.0,49678.0,50016.0,2634700,KBS
2021-04-09 07:00:00,49622.0,50748.0,49396.0,50692.0,2258500,KBS
2021-04-12 07:00:00,50973.0,54071.0,50748.0,53677.0,3764600,KBS
2021-04-13 07:00:00,54071.0,55198.0,53677.0,54409.0,3206000,KBS
2021-04-14 07:00:00,54409.0,56380.0,53790.0,56380.0,3604000,KBS
2021-04-15 07:00:00,57845.0,58577.0,56380.0,57732.0,5415800,KBS
2021-04-16 07:00:00,57732.0,61731.0,57732.0,60830.0,3860300,KBS
2021-04-19 07:00:00,61393.0,61957.0,60548.0,61393.0,4357900,KBS
2021-04-20 07:00:00,61393.0,61844.0,59760.0,61112.0,3068200,KBS
2021-04-22 07:00:00,60830.0,61112.0,59704.0,60436.0,1912600,KBS
2021-04-23 07:00:00,60436.0,60548.0,59760.0,60267.0,1543900,KBS
2021-04-26 07:00:00,61112.0,64435.0,60210.0,64435.0,2559000,KBS
2021-04-27 07:00:00,64435.0,68715.0,64435.0,68434.0,2006900,KBS
2021-04-28 07:00:00,68490.0,72095.0,66744.0,72095.0,2231400,KBS
2021-04-29 07:00:00,73221.0,74629.0,72658.0,74010.0,3727500,KBS
2021-05-04 07:00:00,74010.0,74348.0,70461.0,74066.0,2079000,KBS
2021-05-05 07:00:00,73785.0,75925.0,73559.0,74911.0,1769200,KBS
2021-05-06 07:00:00,74629.0,76882.0,73897.0,76432.0,1356100,KBS
2021-05-07 07:00:00,76601.0,79417.0,76488.0,76488.0,2379300,KBS
2021-05-10 07:00:00,74911.0,76319.0,72376.0,72376.0,1662700,KBS
2021-05-11 07:00:00,72376.0,73503.0,71475.0,72376.0,4227900,KBS
2021-05-12 07:00:00,71813.0,73221.0,71532.0,73221.0,2169300,KBS
2021-05-13 07:00:00,73221.0,78290.0,72658.0,75474.0,1992400,KBS
2021-05-14 07:00:00,74911.0,75981.0,74686.0,75531.0,1967300,KBS
2021-05-17 07:00:00,75249.0,77727.0,75249.0,77502.0,1447700,KBS
2021-05-18 07:00:00,77727.0,79980.0,77333.0,79811.0,1304000,KBS
2021-05-19 07:00:00,80881.0,81557.0,79417.0,79980.0,2769900,KBS
2021-05-20 07:00:00,80487.0,81107.0,77051.0,79417.0,3466500,KBS
2021-05-21 07:00:00,77896.0,79079.0,76601.0,77333.0,1092100,KBS
2021-05-24 07:00:00,77389.0,77727.0,75474.0,76038.0,1121400,KBS
2021-05-25 07:00:00,76038.0,76601.0,74798.0,76319.0,1220500,KBS
2021-05-26 07:00:00,75474.0,76319.0,74911.0,75193.0,1471900,KBS
2021-05-27 07:00:00,76038.0,77108.0,75700.0,76601.0,1482500,KBS
2021-05-28 07:00:00,76375.0,76601.0,75587.0,75981.0,1733600,KBS
2021-05-31 07:00:00,75474.0,76207.0,75474.0,75812.0,1764400,KBS
2021-06-01 07:00:00,76038.0,76488.0,75812.0,76488.0,1243900,KBS
2021-06-02 07:00:00,76375.0,78854.0,76207.0,78516.0,2982400,KBS
2021-06-03 07:00:00,78854.0,79980.0,78628.0,79417.0,1548100,KBS
2021-06-04 07:00:00,80487.0,80487.0,78628.0,78741.0,1077700,KBS
2021-06-07 07:00:00,78572.0,79530.0,77896.0,78065.0,2570300,KBS
2021-06-08 07:00:00,78065.0,78065.0,75418.0,76601.0,3759100,KBS
2021-06-09 07:00:00,81718.0,81870.0,80190.0,81183.0,3534100,KBS
2021-06-10 07:00:00,80801.0,81336.0,79121.0,79121.0,1655000,KBS
2021-06-11 07:00:00,79427.0,80343.0,79121.0,80114.0,1402400,KBS
2021-06-14 07:00:00,80190.0,80190.0,78739.0,79350.0,1256400,KBS
2021-06-15 07:00:00,78816.0,79656.0,78739.0,79427.0,1397700,KBS
2021-06-16 07:00:00,79427.0,79579.0,78663.0,79045.0,928700,KBS
2021-06-17 07:00:00,78663.0,78739.0,78052.0,78052.0,1672900,KBS
2021-06-18 07:00:00,78663.0,79427.0,78281.0,78663.0,2463900,KBS
2021-06-21 07:00:00,79579.0,84009.0,79045.0,83245.0,5282100,KBS
2021-06-22 07:00:00,85536.0,87446.0,84849.0,86682.0,2860800,KBS
2021-06-23 07:00:00,87751.0,88133.0,85154.0,85536.0,2761200,KBS
2021-06-24 07:00:00,84467.0,87827.0,82787.0,87827.0,3225900,KBS
2021-06-25 07:00:00,86682.0,91264.0,86682.0,90959.0,3539000,KBS
2021-06-28 07:00:00,91646.0,93861.0,91264.0,91646.0,2838700,KBS
2021-06-29 07:00:00,92257.0,92715.0,90424.0,92410.0,3288400,KBS
2021-06-30 07:00:00,93173.0,93173.0,91646.0,92410.0,2570300,KBS
2021-07-01 07:00:00,94014.0,94395.0,91035.0,91646.0,4599900,KBS
2021-07-02 07:00:00,93097.0,93097.0,89355.0,90882.0,5132300,KBS
2021-07-05 07:00:00,90195.0,90271.0,87293.0,87827.0,2451700,KBS
2021-07-06 07:00:00,87751.0,89737.0,87064.0,89355.0,2301700,KBS
2021-07-07 07:00:00,89355.0,90119.0,88209.0,90119.0,3716000,KBS
2021-07-08 07:00:00,87216.0,89355.0,83856.0,84620.0,9726500,KBS
2021-07-09 07:00:00,85078.0,85078.0,78816.0,79045.0,4811600,KBS
2021-07-12 07:00:00,79656.0,82100.0,76754.0,80267.0,3321300,KBS
2021-07-13 07:00:00,80343.0,80496.0,77899.0,79961.0,1750500,KBS
2021-07-14 07:00:00,79961.0,80114.0,76983.0,79427.0,3035000,KBS
2021-07-15 07:00:00,78663.0,79427.0,78281.0,79427.0,1922700,KBS
2021-07-16 07:00:00,79427.0,81107.0,78052.0,79885.0,3034300,KBS
2021-07-19 07:00:00,78663.0,79427.0,78281.0,78663.0,3234600,KBS
2021-07-20 07:00:00,78663.0,79045.0,77823.0,79045.0,2959200,KBS
2021-07-21 07:00:00,78892.0,79656.0,78586.0,78739.0,2556300,KBS
2021-07-22 07:00:00,78510.0,80190.0,78510.0,80114.0,2549000,KBS
2021-07-23 07:00:00,80038.0,80038.0,78663.0,78663.0,1917800,KBS
2021-07-26 07:00:00,78586.0,82100.0,78205.0,82100.0,3544400,KBS
2021-07-27 07:00:00,80190.0,81565.0,80190.0,81336.0,3971400,KBS
2021-07-28 07:00:00,80190.0,80190.0,79503.0,79503.0,1440900,KBS
2021-07-29 07:00:00,79732.0,79885.0,79197.0,79427.0,1230100,KBS
2021-07-30 07:00:00,79197.0,79961.0,79045.0,79427.0,1770500,KBS
2021-08-02 07:00:00,79045.0,81565.0,78663.0,79885.0,2468400,KBS
2021-08-03 07:00:00,79503.0,81107.0,79503.0,80572.0,2249700,KBS
2021-08-04 07:00:00,80801.0,83932.0,80496.0,82100.0,5758700,KBS
2021-08-05 07:00:00,82481.0,83703.0,82481.0,82481.0,2691800,KBS
2021-08-06 07:00:00,82481.0,82863.0,82023.0,82100.0,2468500,KBS
2021-08-09 07:00:00,82100.0,82176.0,80954.0,80954.0,3955600,KBS
2021-08-10 07:00:00,80954.0,81718.0,79885.0,79885.0,3132300,KBS
2021-08-11 07:00:00,79885.0,80496.0,79045.0,79350.0,2926900,KBS
2021-08-12 07:00:00,79274.0,79656.0,79045.0,79121.0,2232300,KBS
2021-08-13 07:00:00,79045.0,79350.0,78739.0,79045.0,2228800,KBS
2021-08-16 07:00:00,79121.0,79808.0,78968.0,79274.0,2089900,KBS
2021-08-17 07:00:00,79427.0,79427.0,78816.0,78816.0,1790400,KBS
2021-08-18 07:00:00,79274.0,79274.0,78357.0,78663.0,2798900,KBS
2021-08-19 07:00:00,78281.0,80190.0,78052.0,80114.0,4861800,KBS
2021-08-20 07:00:00,80038.0,80038.0,78357.0,79197.0,3088000,KBS
2021-08-23 07:00:00,79197.0,81107.0,79045.0,80114.0,3413100,KBS
2021-08-24 07:00:00,80572.0,80954.0,79045.0,80572.0,2427200,KBS
2021-08-25 07:00:00,80572.0,81718.0,80038.0,80572.0,2967700,KBS
2021-08-26 07:00:00,80572.0,80725.0,79045.0,79197.0,2569200,KBS
2021-08-27 07:00:00,79045.0,79274.0,78434.0,79274.0,2191900,KBS
2021-08-30 07:00:00,79274.0,79656.0,78968.0,79427.0,2027100,KBS
2021-08-31 07:00:00,79427.0,80496.0,78892.0,79732.0,2367900,KBS
2021-09-01 07:00:00,79732.0,80572.0,79503.0,79961.0,1999400,KBS
2021-09-06 07:00:00,80419.0,81107.0,79885.0,80038.0,2670600,KBS
2021-09-07 07:00:00,80038.0,80572.0,79656.0,80038.0,2327100,KBS
2021-09-08 07:00:00,80038.0,80114.0,79427.0,79427.0,2002700,KBS
2021-09-09 07:00:00,79274.0,79656.0,78816.0,78816.0,2164900,KBS
2021-09-10 07:00:00,78892.0,79427.0,78739.0,78892.0,2216700,KBS
2021-09-13 07:00:00,78816.0,78968.0,78434.0,78663.0,2566300,KBS
2021-09-14 07:00:00,78816.0,78968.0,78357.0,78663.0,2087300,KBS
2021-09-15 07:00:00,78663.0,78739.0,78357.0,78739.0,1919000,KBS
2021-09-16 07:00:00,79045.0,79197.0,78357.0,78739.0,1907000,KBS
2021-09-17 07:00:00,78739.0,79045.0,78434.0,78816.0,2604800,KBS
2021-09-20 07:00:00,78663.0,79045.0,78128.0,78663.0,2987700,KBS
2021-09-21 07:00:00,78663.0,78663.0,78128.0,78663.0,2363300,KBS
2021-09-22 07:00:00,78586.0,78816.0,78281.0,78739.0,2196300,KBS
2021-09-23 07:00:00,78510.0,78663.0,78128.0,78663.0,2298400,KBS
2021-09-24 07:00:00,78586.0,78663.0,78205.0,78663.0,2135000,KBS
2021-09-27 07:00:00,78510.0,78586.0,78128.0,78205.0,1602500,KBS
2021-09-28 07:00:00,78052.0,78357.0,78052.0,78357.0,1091100,KBS
2021-09-29 07:00:00,78281.0,78357.0,77441.0,77899.0,1398700,KBS
2021-09-30 07:00:00,77899.0,77899.0,77517.0,77899.0,955600,KBS
2021-10-01 07:00:00,77670.0,77899.0,77288.0,77899.0,1738100,KBS
2021-10-04 07:00:00,77441.0,77899.0,77288.0,77899.0,1756000,KBS
2021-10-05 07:00:00,77899.0,80572.0,77517.0,79732.0,2884600,KBS
2021-10-06 07:00:00,80419.0,80801.0,79579.0,80190.0,3391300,KBS
2021-10-07 07:00:00,80190.0,80801.0,79503.0,79503.0,2436000,KBS
2021-10-08 07:00:00,79579.0,79808.0,78739.0,79808.0,1534200,KBS
2021-10-11 07:00:00,79808.0,79885.0,79197.0,79427.0,2273900,KBS
2021-10-12 07:00:00,79197.0,79197.0,78586.0,78663.0,2348800,KBS
2021-10-13 07:00:00,78663.0,79197.0,78357.0,78357.0,1641300,KBS
2021-10-14 07:00:00,78586.0,78663.0,77899.0,78128.0,2839800,KBS
2021-10-15 07:00:00,78128.0,78357.0,77746.0,77899.0,2172700,KBS
2021-10-18 07:00:00,77899.0,78052.0,77517.0,77670.0,2239700,KBS
2021-10-19 07:00:00,77823.0,79427.0,77288.0,78357.0,3478600,KBS
2021-10-20 07:00:00,78357.0,79274.0,77517.0,78128.0,2454000,KBS
2021-10-21 07:00:00,78281.0,78357.0,77670.0,77899.0,2612700,KBS
2021-10-22 07:00:00,77899.0,79350.0,77823.0,78892.0,1784500,KBS
2021-10-25 07:00:00,79121.0,80114.0,78663.0,79274.0,3351400,KBS
2021-10-26 07:00:00,79427.0,79961.0,78357.0,78892.0,2546300,KBS
2021-10-27 07:00:00,78892.0,79808.0,78434.0,79350.0,1833600,KBS
2021-10-28 07:00:00,79427.0,84009.0,79197.0,82329.0,7631700,KBS
2021-10-29 07:00:00,83474.0,85536.0,83169.0,83474.0,6730000,KBS
2021-11-01 07:00:00,84543.0,84696.0,83245.0,83703.0,3415000,KBS
2021-11-02 07:00:00,82405.0,83245.0,82252.0,82558.0,3542600,KBS
2021-11-03 07:00:00,82481.0,82558.0,80267.0,80343.0,5703800,KBS
2021-11-04 07:00:00,80572.0,81183.0,79427.0,79427.0,3375700,KBS
2021-11-05 07:00:00,79427.0,80801.0,79121.0,80190.0,2986600,KBS
2021-11-08 07:00:00,80419.0,80801.0,79732.0,79885.0,2638200,KBS
2021-11-09 07:00:00,79808.0,80114.0,78663.0,78663.0,3589700,KBS
2021-11-10 07:00:00,79121.0,79885.0,78663.0,79427.0,2111500,KBS
2021-11-11 07:00:00,80190.0,82405.0,79427.0,80572.0,3163200,KBS
2021-11-12 07:00:00,80954.0,81718.0,80190.0,80954.0,1497600,KBS
2021-11-15 07:00:00,81565.0,81565.0,79121.0,79121.0,2376800,KBS
2021-11-16 07:00:00,79121.0,79885.0,78739.0,78739.0,2298500,KBS
2021-11-17 07:00:00,79503.0,79503.0,78663.0,78816.0,2048900,KBS
2021-11-18 07:00:00,79121.0,79121.0,78205.0,78434.0,2695500,KBS
2021-11-19 07:00:00,78357.0,78663.0,77517.0,78052.0,2540600,KBS
2021-11-22 07:00:00,78281.0,78434.0,77441.0,77976.0,1917700,KBS
2021-11-23 07:00:00,78052.0,81107.0,78052.0,81107.0,2972100,KBS
2021-11-24 07:00:00,81870.0,82481.0,80801.0,81259.0,2981500,KBS
2021-11-25 07:00:00,81718.0,83856.0,81489.0,83245.0,4256200,KBS
2021-11-26 07:00:00,83398.0,86224.0,83322.0,84543.0,5239300,KBS
2021-11-29 07:00:00,82023.0,84543.0,82023.0,84162.0,3468700,KBS
2021-11-30 07:00:00,84773.0,85460.0,82558.0,84009.0,4574900,KBS
2021-12-01 07:00:00,84773.0,87827.0,84391.0,87064.0,3838200,KBS
2021-12-02 07:00:00,88591.0,89202.0,86376.0,87293.0,4444600,KBS
2021-12-03 07:00:00,88973.0,88973.0,84543.0,84773.0,5174600,KBS
2021-12-06 07:00:00,84009.0,86606.0,83245.0,84773.0,5882400,KBS
2021-12-07 07:00:00,84925.0,86224.0,84009.0,85995.0,3348700,KBS
2021-12-08 07:00:00,86300.0,87064.0,85154.0,86987.0,3467000,KBS
2021-12-09 07:00:00,87064.0,88438.0,86682.0,87827.0,5716900,KBS
2021-12-10 07:00:00,88209.0,88362.0,86300.0,86300.0,2890300,KBS
2021-12-13 07:00:00,86300.0,87064.0,84773.0,85613.0,4328000,KBS
2021-12-14 07:00:00,84925.0,87140.0,84849.0,86376.0,5114500,KBS
2021-12-15 07:00:00,86376.0,87827.0,85536.0,87827.0,3435200,KBS
2021-12-16 07:00:00,88438.0,89355.0,87064.0,87827.0,4674800,KBS
2021-12-17 07:00:00,87904.0,89126.0,86987.0,87980.0,4684800,KBS
2021-12-20 07:00:00,87751.0,88209.0,86987.0,88057.0,2891900,KBS
2021-12-21 07:00:00,88057.0,89355.0,87369.0,89049.0,3944800,KBS
2021-12-22 07:00:00,89355.0,90042.0,87446.0,89126.0,5141500,KBS
2021-12-23 07:00:00,88591.0,89737.0,85154.0,86300.0,6151100,KBS
2021-12-24 07:00:00,89800.0,89800.0,87000.0,88900.0,3490400,KBS
2021-12-27 07:00:00,88900.0,89900.0,87800.0,89000.0,1044900,KBS
2021-12-28 07:00:00,89400.0,89400.0,87000.0,87000.0,1816700,KBS
2021-12-29 07:00:00,87100.0,87800.0,85100.0,87000.0,1950300,KBS
2021-12-30 07:00:00,87000.0,87200.0,85700.0,86300.0,1482900,KBS
2021-12-31 07:00:00,86300.0,91000.0,86100.0,91000.0,2914100,KBS
2022-01-04 07:00:00,90500.0,90500.0,88500.0,89000.0,2536200,KBS
2022-01-05 07:00:00,89000.0,89100.0,87800.0,89100.0,2391300,KBS
2022-01-06 07:00:00,88500.0,90000.0,87800.0,88200.0,2428400,KBS
2022-01-07 07:00:00,88200.0,88600.0,86400.0,86400.0,3022700,KBS
2022-01-10 07:00:00,86400.0,88000.0,83900.0,83900.0,2916500,KBS
2022-01-11 07:00:00,83900.0,85000.0,82300.0,84500.0,2675600,KBS
2022-01-12 07:00:00,83600.0,84500.0,82400.0,83800.0,2055700,KBS
2022-01-13 07:00:00,84000.0,84000.0,82200.0,83500.0,2558200,KBS
2022-01-14 07:00:00,82100.0,83500.0,81700.0,82000.0,3070800,KBS
2022-01-17 07:00:00,82000.0,83000.0,78800.0,80000.0,2767000,KBS
2022-01-18 07:00:00,80000.0,80100.0,79100.0,80100.0,2687600,KBS
2022-01-19 07:00:00,79500.0,80000.0,78100.0,80000.0,2391700,KBS
2022-01-20 07:00:00,79500.0,80200.0,78300.0,80200.0,3504400,KBS
2022-01-21 07:00:00,80200.0,80200.0,78600.0,80000.0,2613100,KBS
2022-01-24 07:00:00,78500.0,80000.0,78100.0,78100.0,2844300,KBS
2022-01-25 07:00:00,78200.0,79800.0,77800.0,79000.0,1729300,KBS
2022-01-26 07:00:00,79700.0,79700.0,78300.0,79400.0,1630700,KBS
2022-01-27 07:00:00,79200.0,80000.0,78500.0,79000.0,2236000,KBS
2022-01-28 07:00:00,79500.0,79900.0,78600.0,79900.0,1554600,KBS
2022-02-07 07:00:00,79500.0,82000.0,79500.0,80000.0,1993900,KBS
2022-02-08 07:00:00,80000.0,80000.0,79100.0,79200.0,2143700,KBS
2022-02-09 07:00:00,79700.0,79800.0,78300.0,79000.0,2658700,KBS
2022-02-10 07:00:00,79100.0,79100.0,78000.0,78500.0,2961900,KBS
2022-02-11 07:00:00,78500.0,78500.0,77700.0,78100.0,1978900,KBS
2022-02-14 07:00:00,78000.0,78400.0,76700.0,78000.0,2814400,KBS
2022-02-15 07:00:00,78000.0,79600.0,77500.0,79000.0,2724200,KBS
2022-02-16 07:00:00,79900.0,79900.0,77800.0,78100.0,2680400,KBS
2022-02-17 07:00:00,78200.0,79000.0,77300.0,79000.0,3864700,KBS
2022-02-18 07:00:00,78200.0,78800.0,77600.0,78500.0,3218300,KBS
2022-02-21 07:00:00,78500.0,78600.0,78000.0,78500.0,2583200,KBS
2022-02-22 07:00:00,77500.0,78500.0,77400.0,78100.0,2974200,KBS
2022-02-23 07:00:00,78000.0,78100.0,77400.0,77400.0,2354600,KBS
2022-02-24 07:00:00,77400.0,77400.0,75800.0,76000.0,2726800,KBS
2022-02-25 07:00:00,76500.0,76500.0,74400.0,76300.0,3718400,KBS
2022-02-28 07:00:00,76500.0,76600.0,75000.0,75300.0,2855200,KBS
2022-03-01 07:00:00,75300.0,76000.0,74800.0,75400.0,3281200,KBS
2022-03-02 07:00:00,75300.0,77800.0,75200.0,76400.0,3730500,KBS
2022-03-03 07:00:00,76700.0,78000.0,76200.0,78000.0,2968500,KBS
2022-03-04 07:00:00,78900.0,79000.0,77000.0,77000.0,3890200,KBS
2022-03-07 07:00:00,76500.0,76900.0,75500.0,76000.0,4004500,KBS
2022-03-08 07:00:00,75600.0,76400.0,75100.0,76000.0,3460700,KBS
2022-03-09 07:00:00,76400.0,76800.0,75500.0,76500.0,3224400,KBS
2022-03-10 07:00:00,77000.0,79500.0,76400.0,77000.0,5405900,KBS
2022-03-11 07:00:00,78000.0,78400.0,76500.0,77200.0,3420600,KBS
2022-03-14 07:00:00,76700.0,77400.0,75400.0,76500.0,4530400,KBS
2022-03-15 07:00:00,75800.0,77200.0,75500.0,76600.0,3973700,KBS
2022-03-16 07:00:00,76900.0,78400.0,76200.0,77400.0,3574200,KBS
2022-03-17 07:00:00,77400.0,78500.0,76500.0,76600.0,3602100,KBS
2022-03-18 07:00:00,76800.0,77100.0,75200.0,77100.0,5003700,KBS
2022-03-21 07:00:00,77300.0,82400.0,76600.0,82400.0,7255400,KBS
2022-03-22 07:00:00,85000.0,86700.0,83500.0,84100.0,7102700,KBS
2022-03-23 07:00:00,85500.0,85700.0,83300.0,83800.0,7524300,KBS
2022-03-24 07:00:00,84000.0,84500.0,82400.0,82800.0,7178100,KBS
2022-03-25 07:00:00,82800.0,85300.0,82800.0,83600.0,5584600,KBS
2022-03-28 07:00:00,83500.0,83500.0,82200.0,82500.0,6222900,KBS
2022-03-29 07:00:00,82500.0,83300.0,82100.0,82500.0,4145300,KBS
2022-03-30 07:00:00,82400.0,82500.0,79800.0,80000.0,6164300,KBS
2022-03-31 07:00:00,80000.0,81000.0,79900.0,80100.0,2626900,KBS
2022-04-01 07:00:00,80100.0,82600.0,78700.0,82600.0,4868100,KBS
2022-04-04 07:00:00,82800.0,87600.0,82600.0,86500.0,6134300,KBS
2022-04-05 07:00:00,85800.0,88000.0,84600.0,87700.0,5672500,KBS
2022-04-06 07:00:00,88200.0,88300.0,84800.0,86300.0,6803500,KBS
2022-04-07 07:00:00,85700.0,86000.0,84200.0,84600.0,5536200,KBS
2022-04-08 07:00:00,83800.0,86400.0,83700.0,85400.0,6060900,KBS
2022-04-12 07:00:00,85500.0,86400.0,84700.0,85000.0,3935300,KBS
2022-04-13 07:00:00,85700.0,87800.0,84400.0,86500.0,5928200,KBS
2022-04-14 07:00:00,86500.0,87800.0,84000.0,85000.0,6662400,KBS
2022-04-15 07:00:00,84200.0,85100.0,84100.0,84100.0,2741000,KBS
2022-04-18 07:00:00,83000.0,83500.0,81700.0,82200.0,3329400,KBS
2022-04-19 07:00:00,82500.0,82800.0,81600.0,82000.0,3030000,KBS
2022-04-20 07:00:00,82300.0,82500.0,80600.0,81400.0,3466600,KBS
2022-04-21 07:00:00,81000.0,81100.0,79600.0,80100.0,4662100,KBS
2022-04-22 07:00:00,80500.0,81200.0,80100.0,81000.0,2613900,KBS
2022-04-25 07:00:00,82200.0,82200.0,79000.0,80100.0,3656200,KBS
2022-04-26 07:00:00,80100.0,82000.0,79200.0,81000.0,4528900,KBS
2022-04-27 07:00:00,81000.0,81300.0,79900.0,81300.0,2142900,KBS
2022-04-28 07:00:00,81300.0,82000.0,80600.0,81700.0,3173600,KBS
2022-04-29 07:00:00,81900.0,82800.0,80800.0,82000.0,3227000,KBS
2022-05-04 07:00:00,82000.0,82300.0,80000.0,80500.0,3050100,KBS
2022-05-05 07:00:00,81000.0,81700.0,80100.0,81200.0,2172500,KBS
2022-05-06 07:00:00,81000.0,81000.0,79800.0,80800.0,3892300,KBS
2022-05-09 07:00:00,80400.0,80500.0,78200.0,78500.0,3577100,KBS
2022-05-10 07:00:00,77000.0,79000.0,76600.0,79000.0,3350000,KBS
2022-05-11 07:00:00,80100.0,80700.0,78100.0,78700.0,2688300,KBS
2022-05-12 07:00:00,79500.0,80000.0,74700.0,75300.0,3516100,KBS
2022-05-13 07:00:00,75000.0,77300.0,72500.0,75000.0,3817000,KBS
2022-05-16 07:00:00,75100.0,75300.0,73600.0,75000.0,2173400,KBS
2022-05-17 07:00:00,75000.0,78300.0,74100.0,78300.0,2759700,KBS
2022-05-18 07:00:00,78300.0,78300.0,75000.0,78300.0,2807100,KBS
2022-05-19 07:00:00,76900.0,78300.0,75000.0,78000.0,2448500,KBS
2022-05-20 07:00:00,77900.0,78500.0,77100.0,77800.0,2381900,KBS
2022-05-23 07:00:00,77500.0,77600.0,76000.0,76400.0,1912800,KBS
2022-05-24 07:00:00,76400.0,77200.0,75100.0,77200.0,2384700,KBS
2022-05-25 07:00:00,78000.0,78900.0,76900.0,78900.0,2947500,KBS
2022-05-26 07:00:00,78500.0,80000.0,77100.0,78000.0,3253700,KBS
2022-05-27 07:00:00,78000.0,79500.0,77300.0,78400.0,3410700,KBS
2022-05-30 07:00:00,78500.0,78700.0,77100.0,78700.0,2673200,KBS
2022-05-31 07:00:00,78000.0,78500.0,77700.0,78000.0,2305900,KBS
2022-06-01 07:00:00,78000.0,78300.0,77400.0,78000.0,2440800,KBS
2022-06-02 07:00:00,78100.0,79900.0,78100.0,78900.0,2394400,KBS
2022-06-03 07:00:00,79000.0,79300.0,76000.0,77500.0,2327400,KBS
2022-06-06 07:00:00,76100.0,77100.0,75500.0,76300.0,3044600,KBS
2022-06-07 07:00:00,76000.0,76500.0,75200.0,76000.0,3038300,KBS
2022-06-08 07:00:00,76900.0,77400.0,76000.0,76400.0,2684900,KBS
2022-06-09 07:00:00,76800.0,77300.0,76200.0,76500.0,2383800,KBS
2022-06-10 07:00:00,76900.0,77500.0,76300.0,77000.0,2158000,KBS
2022-06-13 07:00:00,77000.0,77000.0,75900.0,76000.0,2464100,KBS
2022-06-14 07:00:00,76100.0,77000.0,76000.0,76600.0,2635200,KBS
2022-06-15 07:00:00,76800.0,77000.0,75600.0,76400.0,3341200,KBS
2022-06-16 07:00:00,77000.0,78300.0,76400.0,77500.0,3137300,KBS
2022-06-17 07:00:00,77300.0,78300.0,75700.0,75700.0,3396400,KBS
2022-06-20 07:00:00,76900.0,76900.0,75200.0,75500.0,3111300,KBS
2022-06-21 07:00:00,76000.0,76300.0,75200.0,75500.0,2429400,KBS
2022-06-22 07:00:00,76000.0,76100.0,74900.0,75500.0,2346000,KBS
2022-06-23 07:00:00,75000.0,75300.0,74500.0,74900.0,2913600,KBS
2022-06-24 07:00:00,72000.0,75800.0,72000.0,74000.0,3884600,KBS
2022-06-27 07:00:00,74500.0,78800.0,73000.0,78800.0,3978700,KBS
2022-06-28 07:00:00,77500.0,77500.0,74600.0,75100.0,4116100,KBS
2022-06-29 07:00:00,75300.0,76100.0,74700.0,75100.0,2425200,KBS
2022-06-30 07:00:00,76000.0,76000.0,74400.0,74500.0,1597500,KBS
2022-07-01 07:00:00,74900.0,74900.0,73800.0,74400.0,1683800,KBS
2022-07-04 07:00:00,74500.0,75000.0,73400.0,74000.0,2206200,KBS
2022-07-05 07:00:00,74100.0,74800.0,73100.0,73500.0,1777900,KBS
2022-07-06 07:00:00,74000.0,74000.0,73100.0,73400.0,967400,KBS
2022-07-07 07:00:00,73200.0,74000.0,73100.0,74000.0,1728000,KBS
2022-07-08 07:00:00,74000.0,74900.0,73200.0,73800.0,1030500,KBS
2022-07-11 07:00:00,73800.0,73800.0,73200.0,73400.0,957700,KBS
2022-07-12 07:00:00,73300.0,73700.0,72900.0,73400.0,917300,KBS
2022-07-13 07:00:00,73200.0,73900.0,72900.0,73600.0,900500,KBS
2022-07-14 07:00:00,73600.0,73700.0,73000.0,73700.0,1313200,KBS
2022-07-15 07:00:00,74000.0,74000.0,72800.0,73600.0,1410600,KBS
2022-07-18 07:00:00,73800.0,73800.0,73100.0,73600.0,1405900,KBS
2022-07-19 07:00:00,74000.0,74700.0,73200.0,73600.0,1526700,KBS
2022-07-20 07:00:00,73800.0,74000.0,73100.0,73900.0,918000,KBS
2022-07-21 07:00:00,74400.0,74700.0,73400.0,74200.0,1867700,KBS
2022-07-22 07:00:00,74500.0,74500.0,73400.0,73900.0,2107900,KBS
2022-07-25 07:00:00,73300.0,74300.0,73300.0,73700.0,1266800,KBS
2022-07-26 07:00:00,73200.0,73900.0,73200.0,73900.0,1102800,KBS
2022-07-27 07:00:00,74400.0,74500.0,73300.0,73700.0,1806700,KBS
2022-07-28 07:00:00,73900.0,74000.0,73500.0,74000.0,1735300,KBS
2022-07-29 07:00:00,74000.0,74500.0,73500.0,74500.0,3009000,KBS
2022-08-01 07:00:00,74000.0,74700.0,74000.0,74700.0,2430200,KBS
2022-08-02 07:00:00,74700.0,75700.0,74000.0,75700.0,2766800,KBS
2022-08-03 07:00:00,75000.0,76400.0,75000.0,76200.0,3059500,KBS
2022-08-04 07:00:00,76300.0,78500.0,76000.0,78500.0,3680500,KBS
2022-08-05 07:00:00,78500.0,82400.0,78400.0,80900.0,3741000,KBS
2022-08-08 07:00:00,78100.0,82000.0,78100.0,81800.0,3255100,KBS
2022-08-09 07:00:00,82000.0,83600.0,81000.0,83300.0,2873600,KBS
2022-08-10 07:00:00,83300.0,84000.0,82300.0,83200.0,2503400,KBS
2022-08-11 07:00:00,84000.0,84200.0,81100.0,81300.0,4464700,KBS
2022-08-12 07:00:00,81100.0,82000.0,78700.0,81500.0,3024700,KBS
2022-08-15 07:00:00,82000.0,82000.0,79000.0,81800.0,2579100,KBS
2022-08-16 07:00:00,81500.0,83000.0,80600.0,83000.0,2508100,KBS
2022-08-17 07:00:00,83000.0,84900.0,82600.0,84400.0,3043000,KBS
2022-08-18 07:00:00,84700.0,85400.0,83000.0,83100.0,5301100,KBS
2022-08-19 07:00:00,83100.0,84000.0,82300.0,82300.0,2304400,KBS
2022-08-22 07:00:00,82000.0,82800.0,80500.0,81800.0,3159200,KBS
2022-08-23 07:00:00,80600.0,82500.0,80500.0,82000.0,3422500,KBS
2022-08-24 07:00:00,82700.0,82900.0,81800.0,82900.0,2529700,KBS
2022-08-25 07:00:00,83400.0,84900.0,82900.0,83600.0,3048600,KBS
2022-08-26 07:00:00,83800.0,84800.0,82700.0,83300.0,3060400,KBS
2022-08-29 07:00:00,82100.0,82900.0,81500.0,82100.0,2655600,KBS
2022-08-30 07:00:00,82100.0,82700.0,81000.0,82200.0,2386200,KBS
2022-08-31 07:00:00,82300.0,82900.0,81200.0,81900.0,1662300,KBS
2022-09-05 07:00:00,81100.0,82400.0,80800.0,81500.0,2784700,KBS
2022-09-06 07:00:00,81000.0,82400.0,80800.0,82100.0,2303000,KBS
2022-09-07 07:00:00,82500.0,83900.0,81700.0,83800.0,3686400,KBS
2022-09-08 07:00:00,83800.0,86100.0,83000.0,85000.0,5280500,KBS
2022-09-09 07:00:00,85200.0,85300.0,83600.0,84700.0,2183100,KBS
2022-09-12 07:00:00,84900.0,84900.0,83700.0,83900.0,2819800,KBS
2022-09-13 07:00:00,84000.0,84000.0,82900.0,83500.0,3422000,KBS
2022-09-14 07:00:00,83000.0,83900.0,82000.0,83500.0,3654400,KBS
2022-09-15 07:00:00,83500.0,85500.0,83500.0,85300.0,2694800,KBS
2022-09-16 07:00:00,85500.0,86400.0,84100.0,86400.0,3627600,KBS
2022-09-19 07:00:00,86700.0,86800.0,84800.0,85000.0,3688300,KBS
2022-09-20 07:00:00,85000.0,85000.0,84000.0,84600.0,3219500,KBS
2022-09-21 07:00:00,84700.0,84700.0,84000.0,84600.0,2330200,KBS
2022-09-22 07:00:00,84000.0,84600.0,83200.0,84600.0,3809600,KBS
2022-09-23 07:00:00,84600.0,85200.0,83800.0,84500.0,3036200,KBS
2022-09-26 07:00:00,84500.0,84500.0,83800.0,84500.0,3798100,KBS
2022-09-27 07:00:00,84600.0,84900.0,84000.0,84500.0,2711600,KBS
2022-09-28 07:00:00,84500.0,84800.0,83000.0,84200.0,2158500,KBS
2022-09-29 07:00:00,85000.0,85400.0,83900.0,84800.0,3202400,KBS
2022-09-30 07:00:00,84900.0,85500.0,83900.0,84900.0,4674700,KBS
2022-10-03 07:00:00,84000.0,85000.0,81000.0,82000.0,2369300,KBS
2022-10-04 07:00:00,82300.0,82900.0,81000.0,82000.0,2033500,KBS
2022-10-05 07:00:00,82000.0,82600.0,81300.0,82000.0,2401600,KBS
2022-10-06 07:00:00,82000.0,82900.0,80100.0,80200.0,1831100,KBS
2022-10-07 07:00:00,80100.0,80200.0,77400.0,79000.0,3671600,KBS
2022-10-10 07:00:00,75400.0,78000.0,74900.0,76400.0,2477800,KBS
2022-10-11 07:00:00,75800.0,75800.0,71100.0,75000.0,4492300,KBS
2022-10-12 07:00:00,74000.0,78000.0,74000.0,76000.0,3527800,KBS
2022-10-13 07:00:00,75000.0,75900.0,72800.0,75500.0,1806800,KBS
2022-10-14 07:00:00,75000.0,76000.0,74000.0,76000.0,2362900,KBS
2022-10-17 07:00:00,76000.0,76000.0,73000.0,75000.0,1795100,KBS
2022-10-18 07:00:00,75000.0,75100.0,74000.0,75100.0,2733400,KBS
2022-10-19 07:00:00,75000.0,75000.0,74000.0,75000.0,912900,KBS
2022-10-20 07:00:00,74200.0,75100.0,74000.0,75100.0,1632200,KBS
2022-10-21 07:00:00,75000.0,75000.0,73000.0,75000.0,1945200,KBS
2022-10-24 07:00:00,73800.0,75000.0,72900.0,74400.0,2357200,KBS
2022-10-25 07:00:00,74200.0,75000.0,70500.0,75000.0,2105700,KBS
2022-10-26 07:00:00,75000.0,75300.0,73000.0,74500.0,1069200,KBS
2022-10-27 07:00:00,74900.0,74900.0,73100.0,73900.0,1085800,KBS
2022-10-28 07:00:00,73500.0,74000.0,72000.0,72500.0,1545400,KBS
2022-10-31 07:00:00,71200.0,71900.0,67500.0,70000.0,2450700,KBS
2022-11-01 07:00:00,70900.0,71400.0,65600.0,70000.0,1218700,KBS
2022-11-02 07:00:00,70000.0,70000.0,66000.0,69200.0,1679800,KBS
2022-11-03 07:00:00,68200.0,68200.0,64400.0,64400.0,738500,KBS
2022-11-04 07:00:00,59900.0,59900.0,59900.0,59900.0,337700,KBS
2022-11-07 07:00:00,55800.0,55800.0,55800.0,55800.0,393300,KBS
2022-11-08 07:00:00,51900.0,51900.0,51900.0,51900.0,349400,KBS
2022-11-09 07:00:00,48300.0,48300.0,48300.0,48300.0,535600,KBS
2022-11-10 07:00:00,44950.0,44950.0,44950.0,44950.0,331600,KBS
2022-11-11 07:00:00,41850.0,41850.0,41850.0,41850.0,677400,KBS
2022-11-14 07:00:00,38950.0,38950.0,38950.0,38950.0,29300,KBS
2022-11-15 07:00:00,36250.0,36250.0,36250.0,36250.0,219800,KBS
2022-11-16 07:00:00,33750.0,33750.0,33750.0,33750.0,176400,KBS
2022-11-17 07:00:00,31400.0,31400.0,31400.0,31400.0,390700,KBS
2022-11-18 07:00:00,29250.0,29250.0,29250.0,29250.0,1270300,KBS
2022-11-21 07:00:00,27250.0,27250.0,27250.0,27250.0,630900,KBS
2022-11-22 07:00:00,25350.0,28300.0,25350.0,25350.0,128528300,KBS
2022-11-23 07:00:00,23600.0,25000.0,23600.0,23600.0,29719200,KBS
2022-11-24 07:00:00,21950.0,21950.0,21950.0,21950.0,3276100,KBS
2022-11-25 07:00:00,20450.0,20450.0,20450.0,20450.0,7355000,KBS
2022-11-28 07:00:00,19050.0,21200.0,19050.0,20450.0,104256500,KBS
2022-11-29 07:00:00,21400.0,21850.0,21000.0,21850.0,21567500,KBS
2022-11-30 07:00:00,23350.0,23350.0,23000.0,23350.0,23235900,KBS
2022-12-01 07:00:00,24900.0,24950.0,22000.0,23350.0,74950300,KBS
2022-12-02 07:00:00,23350.0,24050.0,22300.0,23800.0,46455600,KBS
2022-12-05 07:00:00,24000.0,24700.0,22150.0,22150.0,60541600,KBS
2022-12-06 07:00:00,21100.0,21200.0,20600.0,20600.0,52308700,KBS
2022-12-07 07:00:00,19200.0,19400.0,19200.0,19200.0,23234100,KBS
2022-12-08 07:00:00,17900.0,18900.0,17900.0,17900.0,67933500,KBS
2022-12-09 07:00:00,16650.0,17700.0,16650.0,16650.0,56115800,KBS
2022-12-12 07:00:00,17800.0,17800.0,17800.0,17800.0,6988900,KBS
2022-12-13 07:00:00,19000.0,19000.0,17050.0,18200.0,55167100,KBS
2022-12-14 07:00:00,18700.0,19000.0,18200.0,18500.0,19279400,KBS
2022-12-15 07:00:00,18250.0,18600.0,17700.0,17900.0,21345200,KBS
2022-12-16 07:00:00,17300.0,18200.0,17300.0,18200.0,20392000,KBS
2022-12-19 07:00:00,18200.0,18900.0,17500.0,17500.0,23836500,KBS
2022-12-20 07:00:00,17250.0,17600.0,16300.0,16300.0,36931800,KBS
2022-12-21 07:00:00,16200.0,16600.0,15200.0,15200.0,34311800,KBS
2022-12-22 07:00:00,15200.0,15700.0,14200.0,15500.0,29792700,KBS
2022-12-23 07:00:00,15500.0,15900.0,15100.0,15100.0,11371800,KBS
2022-12-26 07:00:00,15200.0,15200.0,14050.0,14050.0,12063800,KBS
2022-12-27 07:00:00,13200.0,14400.0,13100.0,14400.0,27208500,KBS
2022-12-28 07:00:00,14500.0,14600.0,13800.0,14350.0,13456200,KBS
2022-12-29 07:00:00,14050.0,15350.0,14050.0,14650.0,21570300,KBS
2022-12-30 07:00:00,14800.0,14900.0,14000.0,14000.0,10590200,KBS
2023-01-03 07:00:00,14000.0,14700.0,13850.0,14650.0,12196900,KBS
2023-01-04 07:00:00,14650.0,14700.0,14000.0,14000.0,15518400,KBS
2023-01-05 07:00:00,14000.0,14250.0,13500.0,13700.0,13920700,KBS
2023-01-06 07:00:00,13700.0,14400.0,13600.0,13600.0,16071600,KBS
2023-01-09 07:00:00,13900.0,14250.0,13700.0,13850.0,9955100,KBS
2023-01-10 07:00:00,14050.0,14150.0,13800.0,13950.0,8573200,KBS
2023-01-11 07:00:00,14100.0,14900.0,14050.0,14900.0,27728800,KBS
2023-01-12 07:00:00,15200.0,15700.0,14700.0,14950.0,14837200,KBS
2023-01-13 07:00:00,15200.0,15200.0,14250.0,14300.0,14470700,KBS
2023-01-16 07:00:00,14300.0,14350.0,13650.0,13650.0,16750700,KBS
2023-01-17 07:00:00,13900.0,14100.0,13700.0,14000.0,10048000,KBS
2023-01-18 07:00:00,14100.0,14250.0,14000.0,14150.0,11194300,KBS
2023-01-19 07:00:00,14150.0,14200.0,13950.0,14050.0,12471600,KBS
2023-01-27 07:00:00,14000.0,14300.0,13850.0,13950.0,11683400,KBS
2023-01-30 07:00:00,13950.0,14450.0,13650.0,13950.0,14013000,KBS
2023-01-31 07:00:00,14300.0,14400.0,14050.0,14200.0,10527100,KBS
2023-02-01 07:00:00,14350.0,15150.0,14300.0,14550.0,33621600,KBS
2023-02-02 07:00:00,14850.0,14850.0,14050.0,14200.0,11459500,KBS
2023-02-03 07:00:00,14450.0,14950.0,14300.0,14950.0,20302600,KBS
2023-02-06 07:00:00,14900.0,15750.0,14600.0,15400.0,19860100,KBS
2023-02-07 07:00:00,15350.0,15600.0,14550.0,14600.0,20041100,KBS
2023-02-08 07:00:00,14800.0,14900.0,13900.0,14300.0,13711500,KBS
2023-02-09 07:00:00,14350.0,14500.0,14000.0,14150.0,8497700,KBS
2023-02-10 07:00:00,14150.0,14200.0,13700.0,13750.0,10982400,KBS
2023-02-13 07:00:00,12800.0,13200.0,12800.0,12800.0,19944900,KBS
2023-02-14 07:00:00,11950.0,12300.0,11950.0,11950.0,10408000,KBS
2023-02-15 07:00:00,11150.0,11850.0,11150.0,11150.0,51758200,KBS
2023-02-16 07:00:00,11500.0,11500.0,11250.0,11500.0,13050800,KBS
2023-02-17 07:00:00,11600.0,12250.0,11200.0,11650.0,23503600,KBS
2023-02-20 07:00:00,11850.0,12450.0,11800.0,12450.0,24434100,KBS
2023-02-21 07:00:00,12950.0,13300.0,12750.0,12850.0,27957900,KBS
2023-02-22 07:00:00,12300.0,12550.0,12000.0,12000.0,27143800,KBS
2023-02-23 07:00:00,11800.0,11900.0,11200.0,11800.0,16251500,KBS
2023-02-24 07:00:00,11950.0,12100.0,11400.0,11400.0,10368500,KBS
2023-02-27 07:00:00,11600.0,11600.0,10750.0,10750.0,14176200,KBS
2023-02-28 07:00:00,10900.0,11000.0,10600.0,10600.0,7137900,KBS
2023-03-01 07:00:00,10550.0,10600.0,10050.0,10250.0,10138900,KBS
2023-03-02 07:00:00,10250.0,10650.0,10250.0,10350.0,7211100,KBS
2023-03-03 07:00:00,10600.0,10600.0,10150.0,10350.0,7119200,KBS
2023-03-06 07:00:00,11050.0,11050.0,11000.0,11050.0,13570600,KBS
2023-03-07 07:00:00,11400.0,11550.0,10800.0,10850.0,15777300,KBS
2023-03-08 07:00:00,10750.0,11150.0,10550.0,11050.0,14532500,KBS
2023-03-09 07:00:00,11150.0,11200.0,10850.0,10950.0,7485000,KBS
2023-03-10 07:00:00,10800.0,10900.0,10600.0,10650.0,7732800,KBS
2023-03-13 07:00:00,10650.0,11200.0,10600.0,11000.0,14769100,KBS
2023-03-14 07:00:00,11000.0,11150.0,10650.0,10700.0,10233600,KBS
2023-03-15 07:00:00,11000.0,11350.0,10900.0,11350.0,15165000,KBS
2023-03-16 07:00:00,11100.0,11350.0,11050.0,11150.0,9368400,KBS
2023-03-17 07:00:00,11350.0,11500.0,11150.0,11500.0,18243000,KBS
2023-03-20 07:00:00,11450.0,11500.0,11050.0,11100.0,9860500,KBS
2023-03-21 07:00:00,11250.0,11250.0,10900.0,11050.0,7857600,KBS
2023-03-22 07:00:00,11250.0,11250.0,11050.0,11100.0,5710100,KBS
2023-03-23 07:00:00,11000.0,11150.0,10900.0,11150.0,3531400,KBS
2023-03-24 07:00:00,11200.0,11900.0,11100.0,11900.0,30508100,KBS
2023-03-27 07:00:00,12300.0,12700.0,12100.0,12700.0,24335800,KBS
2023-03-28 07:00:00,12950.0,13300.0,12600.0,12600.0,30738800,KBS
2023-03-29 07:00:00,12450.0,12750.0,12400.0,12550.0,10741200,KBS
2023-03-30 07:00:00,12750.0,13150.0,12600.0,12800.0,21984600,KBS
2023-03-31 07:00:00,12950.0,12950.0,12650.0,12700.0,9310800,KBS
2023-04-03 07:00:00,12900.0,13250.0,12700.0,12850.0,32850500,KBS
2023-04-04 07:00:00,12900.0,12900.0,12650.0,12750.0,16611600,KBS
2023-04-05 07:00:00,12800.0,13300.0,12750.0,12850.0,30626500,KBS
2023-04-06 07:00:00,13250.0,13700.0,13050.0,13250.0,47112800,KBS
2023-04-07 07:00:00,13400.0,13500.0,13100.0,13400.0,18838000,KBS
2023-04-10 07:00:00,13650.0,13900.0,13250.0,13300.0,23841600,KBS
2023-04-11 07:00:00,13150.0,14200.0,12650.0,14200.0,63469800,KBS
2023-04-12 07:00:00,14800.0,15150.0,14500.0,15050.0,51451000,KBS
2023-04-13 07:00:00,15050.0,15050.0,14300.0,14500.0,32755100,KBS
2023-04-14 07:00:00,14550.0,14950.0,14150.0,14200.0,33865700,KBS
2023-04-17 07:00:00,14450.0,14800.0,14300.0,14800.0,16812000,KBS
2023-04-18 07:00:00,14900.0,15200.0,14350.0,14850.0,26449300,KBS
2023-04-19 07:00:00,15000.0,15350.0,14550.0,14550.0,33905800,KBS
2023-04-20 07:00:00,14550.0,14600.0,14300.0,14400.0,11352800,KBS
2023-04-21 07:00:00,14400.0,14450.0,13550.0,13600.0,31618400,KBS
2023-04-24 07:00:00,13700.0,14150.0,13200.0,14050.0,22010400,KBS
2023-04-25 07:00:00,14300.0,14350.0,13700.0,13750.0,13984600,KBS
2023-04-26 07:00:00,13700.0,14000.0,13500.0,13950.0,11138100,KBS
2023-04-27 07:00:00,13950.0,14400.0,13800.0,14100.0,23420100,KBS
2023-04-28 07:00:00,14400.0,14600.0,14150.0,14300.0,19525200,KBS
2023-05-04 07:00:00,13850.0,14000.0,13500.0,13550.0,28428400,KBS
2023-05-05 07:00:00,13500.0,13550.0,13150.0,13550.0,19528400,KBS
2023-05-08 07:00:00,13500.0,13500.0,12950.0,12950.0,38217300,KBS
2023-05-09 07:00:00,13000.0,13250.0,12950.0,13000.0,15190500,KBS
2023-05-10 07:00:00,13150.0,13500.0,13100.0,13300.0,13976800,KBS
2023-05-11 07:00:00,13450.0,13950.0,13450.0,13800.0,20591300,KBS
2023-05-12 07:00:00,13900.0,13950.0,13700.0,13700.0,18546400,KBS
2023-05-15 07:00:00,14000.0,14100.0,13500.0,13500.0,17133200,KBS
2023-05-16 07:00:00,13550.0,13700.0,13400.0,13650.0,10891500,KBS
2023-05-17 07:00:00,13650.0,13700.0,13300.0,13300.0,12973200,KBS
2023-05-18 07:00:00,13350.0,13450.0,13200.0,13300.0,8714900,KBS
2023-05-19 07:00:00,13300.0,13350.0,13050.0,13200.0,12114800,KBS
2023-05-22 07:00:00,13400.0,13550.0,13250.0,13350.0,12202900,KBS
2023-05-23 07:00:00,13350.0,13450.0,13100.0,13200.0,15471700,KBS
2023-05-24 07:00:00,13350.0,13650.0,13250.0,13250.0,18890600,KBS
2023-05-25 07:00:00,13250.0,13350.0,13150.0,13200.0,8574600,KBS
2023-05-26 07:00:00,13200.0,13250.0,12750.0,12950.0,20144500,KBS
2023-05-29 07:00:00,13000.0,13250.0,12950.0,13050.0,14154900,KBS
2023-05-30 07:00:00,13200.0,13600.0,13150.0,13350.0,28167200,KBS
2023-05-31 07:00:00,13500.0,13800.0,13400.0,13500.0,32021600,KBS
2023-06-01 07:00:00,13550.0,13950.0,13500.0,13900.0,30648500,KBS
2023-06-02 07:00:00,14100.0,14200.0,13750.0,13850.0,24192000,KBS
2023-06-05 07:00:00,14000.0,14050.0,13450.0,13500.0,25313600,KBS
2023-06-06 07:00:00,13500.0,13650.0,13400.0,13600.0,14493600,KBS
2023-06-07 07:00:00,13800.0,14550.0,13650.0,14550.0,53093400,KBS
2023-06-08 07:00:00,14800.0,15000.0,14200.0,14200.0,35672900,KBS
2023-06-09 07:00:00,14250.0,14700.0,14150.0,14600.0,30828400,KBS
2023-06-12 07:00:00,14800.0,15000.0,14200.0,14600.0,29162000,KBS
2023-06-13 07:00:00,14700.0,15600.0,14450.0,15600.0,77649500,KBS
2023-06-14 07:00:00,15600.0,15850.0,15200.0,15200.0,38797000,KBS
2023-06-15 07:00:00,15200.0,15450.0,15050.0,15250.0,32789500,KBS
2023-06-16 07:00:00,15450.0,15600.0,14800.0,14900.0,51557700,KBS
2023-06-19 07:00:00,14900.0,15000.0,14000.0,14000.0,67221000,KBS
2023-06-20 07:00:00,14050.0,14550.0,14000.0,14500.0,23524600,KBS
2023-06-21 07:00:00,14600.0,14600.0,14250.0,14500.0,28742600,KBS
2023-06-22 07:00:00,14550.0,15000.0,14500.0,14650.0,29986500,KBS
2023-06-23 07:00:00,14800.0,14850.0,14300.0,14500.0,31113400,KBS
2023-06-26 07:00:00,14650.0,15200.0,14450.0,14900.0,50445800,KBS
2023-06-27 07:00:00,15000.0,15350.0,14850.0,15000.0,31016400,KBS
2023-06-28 07:00:00,15350.0,15850.0,15150.0,15600.0,70785100,KBS
2023-06-29 07:00:00,15800.0,15800.0,15000.0,15000.0,39219600,KBS
2023-06-30 07:00:00,15000.0,15250.0,14850.0,14850.0,27932300,KBS
2023-07-03 07:00:00,15000.0,15050.0,14500.0,14550.0,30110100,KBS
2023-07-04 07:00:00,14550.0,14850.0,14350.0,14850.0,23182300,KBS
2023-07-05 07:00:00,15000.0,15100.0,14700.0,14700.0,24047400,KBS
2023-07-06 07:00:00,14700.0,14750.0,14200.0,14400.0,23888200,KBS
2023-07-07 07:00:00,14250.0,14550.0,14250.0,14500.0,19479400,KBS
2023-07-10 07:00:00,14600.0,15100.0,14500.0,14900.0,27529500,KBS
2023-07-11 07:00:00,15000.0,15050.0,14650.0,14700.0,17736900,KBS
2023-07-12 07:00:00,14800.0,14850.0,14450.0,14600.0,21665700,KBS
2023-07-13 07:00:00,14700.0,15150.0,14600.0,14950.0,30505100,KBS
2023-07-14 07:00:00,15050.0,15350.0,14900.0,15150.0,43041900,KBS
2023-07-17 07:00:00,15300.0,15500.0,15100.0,15350.0,36932900,KBS
2023-07-18 07:00:00,15200.0,15250.0,14850.0,15050.0,28458000,KBS
2023-07-19 07:00:00,15100.0,15200.0,14650.0,14700.0,34688200,KBS
2023-07-20 07:00:00,14700.0,14900.0,14600.0,14800.0,16989300,KBS
2023-07-21 07:00:00,14800.0,15200.0,14700.0,15150.0,34690400,KBS
2023-07-24 07:00:00,15400.0,16200.0,15400.0,16200.0,95941300,KBS
2023-07-25 07:00:00,16500.0,16900.0,16050.0,16200.0,42471900,KBS
2023-07-26 07:00:00,16250.0,17200.0,16050.0,17200.0,73230100,KBS
2023-07-27 07:00:00,17300.0,18150.0,17200.0,17850.0,71119300,KBS
2023-07-28 07:00:00,17850.0,18900.0,17650.0,18350.0,70873800,KBS
2023-07-31 07:00:00,18150.0,18850.0,17700.0,18850.0,56594800,KBS
2023-08-01 07:00:00,18850.0,18900.0,17800.0,17800.0,53140000,KBS
2023-08-02 07:00:00,17750.0,18500.0,17700.0,18350.0,43279600,KBS
2023-08-03 07:00:00,18350.0,18600.0,18050.0,18550.0,42858100,KBS
2023-08-04 07:00:00,19550.0,19800.0,19050.0,19800.0,79621000,KBS
2023-08-07 07:00:00,20300.0,20700.0,19800.0,20200.0,44450400,KBS
2023-08-08 07:00:00,20500.0,20700.0,20050.0,20350.0,44213900,KBS
2023-08-09 07:00:00,20050.0,20300.0,19750.0,19900.0,44741900,KBS
2023-08-10 07:00:00,19900.0,21100.0,19900.0,20600.0,61799700,KBS
2023-08-11 07:00:00,20850.0,20950.0,20050.0,20900.0,39744200,KBS
2023-08-14 07:00:00,21200.0,21700.0,21050.0,21250.0,44641000,KBS
2023-08-15 07:00:00,21300.0,21400.0,20600.0,20750.0,49316100,KBS
2023-08-16 07:00:00,20650.0,20900.0,20300.0,20650.0,40987700,KBS
2023-08-17 07:00:00,20500.0,21150.0,20500.0,20650.0,40739600,KBS
2023-08-18 07:00:00,20450.0,20500.0,19250.0,19250.0,73867700,KBS
2023-08-21 07:00:00,18800.0,19100.0,18050.0,18500.0,46787500,KBS
2023-08-22 07:00:00,18550.0,18900.0,17300.0,18500.0,45878500,KBS
2023-08-23 07:00:00,18800.0,19250.0,18550.0,18700.0,29604600,KBS
2023-08-24 07:00:00,18800.0,19950.0,18550.0,19800.0,40897400,KBS
2023-08-25 07:00:00,19800.0,20000.0,19300.0,19400.0,33520100,KBS
2023-08-28 07:00:00,19600.0,20100.0,19350.0,20000.0,33665000,KBS
2023-08-29 07:00:00,20200.0,21050.0,20100.0,20350.0,40372000,KBS
2023-08-30 07:00:00,20500.0,20600.0,19500.0,20050.0,67190500,KBS
2023-08-31 07:00:00,20100.0,20500.0,20000.0,20450.0,36637500,KBS
2023-09-05 07:00:00,20900.0,21700.0,20800.0,21400.0,53905200,KBS
2023-09-06 07:00:00,21300.0,21800.0,21000.0,21800.0,46224000,KBS
2023-09-07 07:00:00,22000.0,22150.0,21500.0,21600.0,44461100,KBS
2023-09-08 07:00:00,21600.0,22250.0,21400.0,22000.0,52612200,KBS
2023-09-11 07:00:00,22050.0,22200.0,20500.0,20500.0,71691900,KBS
2023-09-12 07:00:00,20150.0,20950.0,19650.0,20950.0,57206800,KBS
2023-09-13 07:00:00,21000.0,21100.0,19500.0,19950.0,77131800,KBS
2023-09-14 07:00:00,19600.0,19800.0,18600.0,18700.0,76980000,KBS
2023-09-15 07:00:00,19000.0,19250.0,18650.0,18900.0,26725300,KBS
2023-09-18 07:00:00,18900.0,18900.0,18050.0,18150.0,28324300,KBS
2023-09-19 07:00:00,18250.0,18450.0,17050.0,17300.0,54722800,KBS
2023-09-20 07:00:00,17200.0,18500.0,16600.0,18500.0,40156600,KBS
2023-09-21 07:00:00,18750.0,19150.0,18000.0,18200.0,30129700,KBS
2023-09-22 07:00:00,17700.0,17800.0,16950.0,17400.0,36475900,KBS
2023-09-25 07:00:00,17200.0,17600.0,16200.0,16200.0,28116400,KBS
2023-09-26 07:00:00,15800.0,16500.0,15150.0,15150.0,33769800,KBS
2023-09-27 07:00:00,15250.0,15500.0,14500.0,15500.0,30498500,KBS
2023-09-28 07:00:00,15500.0,16050.0,15300.0,15750.0,20771800,KBS
2023-09-29 07:00:00,16000.0,16150.0,15550.0,15600.0,13595900,KBS
2023-10-02 07:00:00,15600.0,15850.0,15300.0,15400.0,14010700,KBS
2023-10-03 07:00:00,15150.0,15400.0,14350.0,14350.0,29958900,KBS
2023-10-04 07:00:00,13900.0,14900.0,13900.0,14600.0,17270700,KBS
2023-10-05 07:00:00,14600.0,14800.0,13800.0,13800.0,17082600,KBS
2023-10-06 07:00:00,13800.0,14000.0,13500.0,13900.0,16415000,KBS
2023-10-09 07:00:00,14000.0,14450.0,13900.0,14350.0,14251500,KBS
2023-10-10 07:00:00,14500.0,14750.0,14200.0,14200.0,15789700,KBS
2023-10-11 07:00:00,14250.0,14450.0,14100.0,14450.0,10238700,KBS
2023-10-12 07:00:00,14600.0,15150.0,14600.0,14850.0,20331600,KBS
2023-10-13 07:00:00,14600.0,15000.0,14400.0,14950.0,14886700,KBS
2023-10-16 07:00:00,14950.0,15300.0,14500.0,14550.0,11029400,KBS
2023-10-17 07:00:00,14700.0,14750.0,13750.0,13750.0,12919300,KBS
2023-10-18 07:00:00,13850.0,14000.0,12800.0,13000.0,23053500,KBS
2023-10-19 07:00:00,13200.0,13700.0,12800.0,13200.0,15586900,KBS
2023-10-20 07:00:00,13250.0,13800.0,13000.0,13800.0,14528000,KBS
2023-10-23 07:00:00,13800.0,13950.0,13350.0,13350.0,11385700,KBS
2023-10-24 07:00:00,13500.0,13750.0,13300.0,13650.0,9403700,KBS
2023-10-25 07:00:00,13800.0,14250.0,13800.0,13850.0,16001700,KBS
2023-10-26 07:00:00,13400.0,13600.0,12900.0,12900.0,29969400,KBS
2023-10-27 07:00:00,13100.0,13500.0,12150.0,13300.0,25641100,KBS
2023-10-30 07:00:00,13250.0,13800.0,12950.0,13300.0,19823500,KBS
2023-10-31 07:00:00,13400.0,13600.0,12800.0,12900.0,19113000,KBS
2023-11-01 07:00:00,13000.0,13100.0,12600.0,13100.0,11274000,KBS
2023-11-02 07:00:00,13350.0,14000.0,13100.0,14000.0,26180000,KBS
2023-11-03 07:00:00,14900.0,14900.0,14350.0,14550.0,31455800,KBS
2023-11-06 07:00:00,14600.0,14900.0,14250.0,14800.0,27905400,KBS
2023-11-07 07:00:00,14650.0,14850.0,14450.0,14500.0,19055300,KBS
2023-11-08 07:00:00,14500.0,15500.0,14400.0,15500.0,44700800,KBS
2023-11-09 07:00:00,15800.0,16550.0,15750.0,16300.0,56498700,KBS
2023-11-10 07:00:00,16050.0,16950.0,15950.0,16000.0,43020300,KBS
2023-11-13 07:00:00,15950.0,16300.0,15500.0,15750.0,30726800,KBS
2023-11-14 07:00:00,16050.0,16400.0,15800.0,16100.0,28894400,KBS
2023-11-15 07:00:00,16650.0,16750.0,16200.0,16250.0,30081700,KBS
2023-11-16 07:00:00,16200.0,16800.0,16100.0,16750.0,29918200,KBS
2023-11-17 07:00:00,16750.0,16950.0,15850.0,16100.0,35806100,KBS
2023-11-20 07:00:00,15700.0,16350.0,15700.0,16200.0,21076100,KBS
2023-11-21 07:00:00,16500.0,16500.0,16150.0,16250.0,14400900,KBS
2023-11-22 07:00:00,16250.0,17350.0,16200.0,17350.0,67956600,KBS
2023-11-23 07:00:00,17700.0,18300.0,17000.0,17000.0,59213200,KBS
2023-11-24 07:00:00,17400.0,17600.0,16750.0,17600.0,47248500,KBS
2023-11-27 07:00:00,17650.0,18000.0,17350.0,17350.0,22744900,KBS
2023-11-28 07:00:00,17350.0,17450.0,16800.0,17450.0,28249000,KBS
2023-11-29 07:00:00,17500.0,18250.0,17500.0,18100.0,35230700,KBS
2023-11-30 07:00:00,18100.0,18100.0,17700.0,17700.0,25525400,KBS
2023-12-01 07:00:00,17750.0,17950.0,17400.0,17700.0,19593300,KBS
2023-12-04 07:00:00,18050.0,18450.0,17950.0,18150.0,32390000,KBS
2023-12-05 07:00:00,18400.0,18700.0,18150.0,18200.0,33250500,KBS
2023-12-06 07:00:00,18250.0,18350.0,18050.0,18300.0,24850100,KBS
2023-12-07 07:00:00,18250.0,18450.0,17300.0,17500.0,46674900,KBS
2023-12-08 07:00:00,17600.0,17850.0,17400.0,17600.0,16560100,KBS
2023-12-11 07:00:00,17600.0,17750.0,17350.0,17600.0,15162500,KBS
2023-12-12 07:00:00,17850.0,17850.0,17600.0,17700.0,10955600,KBS
2023-12-13 07:00:00,17850.0,17850.0,17000.0,17000.0,19975500,KBS
2023-12-14 07:00:00,17200.0,17250.0,16250.0,16300.0,30607300,KBS
2023-12-15 07:00:00,16300.0,17100.0,15800.0,16900.0,38515800,KBS
2023-12-18 07:00:00,16950.0,16950.0,16400.0,16400.0,9523200,KBS
2023-12-19 07:00:00,16400.0,16800.0,16200.0,16800.0,11515900,KBS
2023-12-20 07:00:00,16800.0,16900.0,16600.0,16750.0,7071100,KBS
2023-12-21 07:00:00,16600.0,16700.0,16500.0,16600.0,8038000,KBS
2023-12-22 07:00:00,16650.0,16900.0,16500.0,16600.0,7455300,KBS
2023-12-25 07:00:00,16600.0,17100.0,16550.0,16900.0,14521200,KBS
2023-12-26 07:00:00,17000.0,17150.0,16800.0,16900.0,8804400,KBS
2023-12-27 07:00:00,16900.0,17000.0,16750.0,16800.0,16802200,KBS
2023-12-28 07:00:00,16750.0,16950.0,16700.0,16700.0,11521900,KBS
2023-12-29 07:00:00,16700.0,17250.0,16700.0,17050.0,24837300,KBS
2024-01-02 07:00:00,17200.0,17300.0,16700.0,16750.0,13553100,KBS
2024-01-03 07:00:00,16700.0,16850.0,16650.0,16800.0,8767800,KBS
2024-01-04 07:00:00,16900.0,17150.0,16850.0,16850.0,21530400,KBS
2024-01-05 07:00:00,16850.0,17050.0,16800.0,16850.0,9153200,KBS
2024-01-08 07:00:00,17050.0,17500.0,17000.0,17300.0,23758900,KBS
2024-01-09 07:00:00,17400.0,17450.0,17000.0,17050.0,12911000,KBS
2024-01-10 07:00:00,17050.0,17200.0,16800.0,16900.0,13257400,KBS
2024-01-11 07:00:00,16900.0,17050.0,16750.0,16850.0,11965900,KBS
2024-01-12 07:00:00,16650.0,16750.0,16050.0,16300.0,28034300,KBS
2024-01-15 07:00:00,16500.0,16600.0,16300.0,16300.0,7574400,KBS
2024-01-16 07:00:00,16200.0,16700.0,16150.0,16650.0,8610500,KBS
2024-01-17 07:00:00,16450.0,16600.0,16100.0,16200.0,25318100,KBS
2024-01-18 07:00:00,16400.0,16600.0,16250.0,16300.0,9806200,KBS
2024-01-19 07:00:00,16550.0,16550.0,16250.0,16400.0,8537200,KBS
2024-01-22 07:00:00,16400.0,17400.0,16200.0,17300.0,32572100,KBS
2024-01-23 07:00:00,17300.0,17350.0,16900.0,17000.0,14190800,KBS
2024-01-24 07:00:00,17000.0,17050.0,16650.0,16700.0,17045800,KBS
2024-01-25 07:00:00,16750.0,16800.0,16500.0,16600.0,8637500,KBS
2024-01-26 07:00:00,16600.0,16900.0,16600.0,16600.0,10340700,KBS
2024-01-29 07:00:00,16650.0,16750.0,16350.0,16400.0,8980000,KBS
2024-01-30 07:00:00,16400.0,16550.0,16300.0,16450.0,9549900,KBS
2024-01-31 07:00:00,17000.0,17050.0,16600.0,16700.0,25863200,KBS
2024-02-01 07:00:00,16750.0,16900.0,16600.0,16700.0,13573400,KBS
2024-02-02 07:00:00,16700.0,17350.0,16650.0,17000.0,66162600,KBS
2024-02-05 07:00:00,17000.0,17100.0,16750.0,17000.0,13412900,KBS
2024-02-06 07:00:00,17000.0,17500.0,17000.0,17250.0,32137100,KBS
2024-02-07 07:00:00,17300.0,17450.0,17050.0,17300.0,22942400,KBS
2024-02-15 07:00:00,17500.0,17650.0,17300.0,17500.0,25946900,KBS
2024-02-16 07:00:00,17500.0,18000.0,17500.0,17700.0,35472400,KBS
2024-02-19 07:00:00,17700.0,17800.0,17400.0,17550.0,29935800,KBS
2024-02-20 07:00:00,17550.0,17650.0,17300.0,17550.0,36292700,KBS
2024-02-21 07:00:00,17700.0,17800.0,17300.0,17350.0,30965300,KBS
2024-02-22 07:00:00,17350.0,17400.0,17100.0,17100.0,22159900,KBS
2024-02-23 07:00:00,17100.0,17250.0,16600.0,17000.0,37282700,KBS
2024-02-26 07:00:00,16800.0,16950.0,16550.0,16800.0,23431100,KBS
2024-02-27 07:00:00,16950.0,17100.0,16750.0,17050.0,22162400,KBS
2024-02-28 07:00:00,17150.0,17200.0,16850.0,17000.0,14947700,KBS
2024-02-29 07:00:00,17000.0,17300.0,16900.0,17100.0,30599600,KBS
2024-03-01 07:00:00,17150.0,17400.0,17050.0,17300.0,21864700,KBS
2024-03-04 07:00:00,17500.0,17700.0,17300.0,17500.0,38233100,KBS
2024-03-05 07:00:00,17500.0,17500.0,17100.0,17200.0,26615300,KBS
2024-03-06 07:00:00,17200.0,17250.0,16750.0,16800.0,35805900,KBS
2024-03-07 07:00:00,16800.0,17000.0,16700.0,16900.0,19482000,KBS
2024-03-08 07:00:00,16950.0,17050.0,16450.0,16500.0,34015000,KBS
2024-03-11 07:00:00,16500.0,16500.0,16000.0,16050.0,23738300,KBS
2024-03-12 07:00:00,16050.0,16250.0,16000.0,16150.0,15269000,KBS
2024-03-13 07:00:00,16300.0,16550.0,16250.0,16550.0,19855000,KBS
2024-03-14 07:00:00,16650.0,16750.0,16350.0,16450.0,16135900,KBS
2024-03-15 07:00:00,16450.0,16800.0,16400.0,16500.0,19133900,KBS
2024-03-18 07:00:00,16500.0,17100.0,16150.0,16700.0,36466000,KBS
2024-03-19 07:00:00,16900.0,16900.0,16500.0,16500.0,9763100,KBS
2024-03-20 07:00:00,16500.0,16650.0,16350.0,16550.0,12078500,KBS
2024-03-21 07:00:00,16800.0,17100.0,16600.0,17100.0,42479800,KBS
2024-03-22 07:00:00,17350.0,17450.0,16950.0,17100.0,29115700,KBS
2024-03-25 07:00:00,17200.0,18200.0,17150.0,17700.0,110483300,KBS
2024-03-26 07:00:00,17800.0,18050.0,17600.0,17850.0,49147200,KBS
2024-03-27 07:00:00,18000.0,18100.0,17600.0,18100.0,43775700,KBS
2024-03-28 07:00:00,18300.0,18300.0,17550.0,17650.0,45121500,KBS
2024-03-29 07:00:00,17750.0,17750.0,17200.0,17250.0,47108000,KBS
2024-04-01 07:00:00,17450.0,17750.0,17300.0,17450.0,37560800,KBS
2024-04-02 07:00:00,17400.0,17400.0,17050.0,17400.0,23946800,KBS
2024-04-03 07:00:00,17550.0,17700.0,17200.0,17200.0,25744900,KBS
2024-04-04 07:00:00,17600.0,17900.0,17400.0,17500.0,47239700,KBS
2024-04-05 07:00:00,17450.0,18700.0,17200.0,18300.0,107989000,KBS
2024-04-08 07:00:00,18500.0,18950.0,18100.0,18100.0,49680000,KBS
2024-04-09 07:00:00,18200.0,18250.0,17800.0,18100.0,38217900,KBS
2024-04-10 07:00:00,18200.0,18350.0,17750.0,17750.0,38896200,KBS
2024-04-11 07:00:00,17500.0,17800.0,17400.0,17750.0,32731800,KBS
2024-04-12 07:00:00,17800.0,17950.0,17700.0,17700.0,29044700,KBS
2024-04-15 07:00:00,17600.0,17700.0,16500.0,16500.0,71598200,KBS
2024-04-16 07:00:00,16200.0,16350.0,15500.0,15750.0,48735500,KBS
2024-04-17 07:00:00,15900.0,16100.0,15050.0,15050.0,30710900,KBS
2024-04-19 07:00:00,14800.0,14950.0,14200.0,14450.0,38510300,KBS
2024-04-22 07:00:00,14800.0,15050.0,14650.0,14900.0,23516300,KBS
2024-04-23 07:00:00,14900.0,14950.0,14400.0,14500.0,15520400,KBS
2024-04-24 07:00:00,14700.0,15400.0,14600.0,15200.0,26740300,KBS
2024-04-25 07:00:00,15200.0,15200.0,14950.0,15200.0,11019100,KBS
2024-04-26 07:00:00,14950.0,15600.0,14950.0,15250.0,18372600,KBS
2024-05-02 07:00:00,15000.0,15050.0,14700.0,14950.0,15408600,KBS
2024-05-03 07:00:00,15000.0,15050.0,14550.0,14600.0,18725100,KBS
2024-05-06 07:00:00,14750.0,15000.0,14600.0,14900.0,17994500,KBS
2024-05-07 07:00:00,14850.0,14850.0,14450.0,14600.0,28672900,KBS
2024-05-08 07:00:00,13600.0,14000.0,13600.0,13600.0,70287400,KBS
2024-05-09 07:00:00,13950.0,14150.0,13700.0,13750.0,24734800,KBS
2024-05-10 07:00:00,13900.0,13900.0,13450.0,13550.0,20972500,KBS
2024-05-13 07:00:00,13650.0,13750.0,13550.0,13750.0,13120300,KBS
2024-05-14 07:00:00,13800.0,13900.0,13650.0,13800.0,9821200,KBS
2024-05-15 07:00:00,13700.0,14400.0,13700.0,14200.0,28340200,KBS
2024-05-16 07:00:00,14350.0,14450.0,14150.0,14250.0,15334000,KBS
2024-05-17 07:00:00,14200.0,14400.0,14100.0,14300.0,16224800,KBS
2024-05-20 07:00:00,14450.0,14600.0,14250.0,14300.0,15013900,KBS
2024-05-21 07:00:00,14300.0,14300.0,14000.0,14300.0,17441300,KBS
2024-05-22 07:00:00,14300.0,14650.0,14250.0,14450.0,22791100,KBS
2024-05-23 07:00:00,14450.0,14600.0,14200.0,14400.0,9920900,KBS
2024-05-24 07:00:00,14500.0,14950.0,14200.0,14450.0,33030500,KBS
2024-05-27 07:00:00,14600.0,14600.0,14300.0,14500.0,7872600,KBS
2024-05-28 07:00:00,14500.0,14600.0,14350.0,14500.0,11431700,KBS
2024-05-29 07:00:00,14550.0,14550.0,14150.0,14150.0,15862000,KBS
2024-05-30 07:00:00,14100.0,14200.0,14050.0,14150.0,13130200,KBS
2024-05-31 07:00:00,14200.0,14600.0,14150.0,14450.0,11442700,KBS
2024-06-03 07:00:00,14650.0,15150.0,14650.0,14950.0,27789300,KBS
2024-06-04 07:00:00,15050.0,15050.0,14750.0,14800.0,9015600,KBS
2024-06-05 07:00:00,14900.0,15000.0,14700.0,14700.0,13810000,KBS
2024-06-06 07:00:00,14800.0,14850.0,14600.0,14700.0,11280800,KBS
2024-06-07 07:00:00,14750.0,14900.0,14700.0,14750.0,12551400,KBS
2024-06-10 07:00:00,14850.0,14850.0,14650.0,14700.0,9670300,KBS
2024-06-11 07:00:00,14750.0,14750.0,14200.0,14200.0,22983300,KBS
2024-06-12 07:00:00,14200.0,14400.0,14150.0,14350.0,9451800,KBS
2024-06-13 07:00:00,14450.0,14550.0,14350.0,14350.0,7532100,KBS
2024-06-14 07:00:00,14350.0,14450.0,14150.0,14150.0,12863000,KBS
2024-06-17 07:00:00,14150.0,14200.0,14000.0,14100.0,8627400,KBS
2024-06-18 07:00:00,14200.0,14250.0,14050.0,14050.0,5655000,KBS
2024-06-19 07:00:00,14100.0,14100.0,13800.0,13900.0,9813400,KBS
2024-06-20 07:00:00,13800.0,13900.0,13450.0,13600.0,13618300,KBS
2024-06-21 07:00:00,13650.0,13850.0,13400.0,13400.0,11795400,KBS
2024-06-24 07:00:00,13400.0,13650.0,13200.0,13300.0,12057400,KBS
2024-06-25 07:00:00,13300.0,13500.0,13250.0,13400.0,7174200,KBS
2024-06-26 07:00:00,13450.0,13550.0,13300.0,13300.0,6041600,KBS
2024-06-27 07:00:00,13450.0,13650.0,13150.0,13550.0,8550200,KBS
2024-06-28 07:00:00,13550.0,13800.0,13300.0,13300.0,10149400,KBS
2024-07-01 07:00:00,13350.0,13400.0,13150.0,13300.0,3814800,KBS
2024-07-02 07:00:00,13400.0,13500.0,13250.0,13450.0,4826200,KBS
2024-07-03 07:00:00,13500.0,13700.0,13400.0,13500.0,5999000,KBS
2024-07-04 07:00:00,13550.0,13650.0,13350.0,13400.0,5550900,KBS
2024-07-05 07:00:00,13350.0,13450.0,13150.0,13200.0,8726800,KBS
2024-07-08 07:00:00,13550.0,13550.0,13200.0,13250.0,5360000,KBS
2024-07-09 07:00:00,13250.0,13400.0,13250.0,13300.0,6543900,KBS
2024-07-10 07:00:00,13300.0,13350.0,13100.0,13150.0,9358800,KBS
2024-07-11 07:00:00,13150.0,13500.0,13150.0,13400.0,10048200,KBS
2024-07-12 07:00:00,13500.0,13500.0,13250.0,13250.0,4319200,KBS
2024-07-15 07:00:00,13300.0,13400.0,13050.0,13200.0,6518800,KBS
2024-07-16 07:00:00,13200.0,13250.0,12500.0,12600.0,22599000,KBS
2024-07-17 07:00:00,12600.0,12750.0,11950.0,12100.0,22627400,KBS
2024-07-18 07:00:00,12250.0,12350.0,12000.0,12350.0,7881700,KBS
2024-07-19 07:00:00,12350.0,12400.0,11850.0,11900.0,12410700,KBS
2024-07-22 07:00:00,11900.0,11900.0,11100.0,11150.0,39072200,KBS
2024-07-23 07:00:00,11400.0,11400.0,11100.0,11100.0,9344300,KBS
2024-07-24 07:00:00,11150.0,11600.0,11000.0,11400.0,9832100,KBS
2024-07-25 07:00:00,11400.0,11400.0,11150.0,11300.0,4823500,KBS
2024-07-26 07:00:00,11300.0,11400.0,10900.0,11050.0,9048700,KBS
2024-07-29 07:00:00,11150.0,11200.0,11000.0,11000.0,6590600,KBS
2024-07-30 07:00:00,10900.0,11400.0,10600.0,11400.0,18408000,KBS
2024-07-31 07:00:00,11900.0,12150.0,11700.0,11850.0,18353800,KBS
2024-08-01 07:00:00,11900.0,11900.0,11100.0,11200.0,10556000,KBS
2024-08-02 07:00:00,11200.0,11500.0,11050.0,11500.0,11001600,KBS
2024-08-05 07:00:00,11500.0,11500.0,10800.0,11000.0,13626000,KBS
2024-08-06 07:00:00,11250.0,11500.0,11000.0,11350.0,11766100,KBS
2024-08-07 07:00:00,11350.0,11800.0,11300.0,11400.0,13644500,KBS
2024-08-08 07:00:00,11400.0,11600.0,11300.0,11400.0,7510400,KBS
2024-08-09 07:00:00,11600.0,11600.0,11250.0,11400.0,7629200,KBS
2024-08-12 07:00:00,11400.0,11400.0,11150.0,11200.0,5322700,KBS
2024-08-13 07:00:00,11250.0,11400.0,11150.0,11250.0,4558500,KBS
2024-08-14 07:00:00,11300.0,11400.0,11100.0,11150.0,5110100,KBS
2024-08-15 07:00:00,11200.0,11250.0,11050.0,11200.0,5296600,KBS
2024-08-16 07:00:00,11250.0,11950.0,11250.0,11950.0,35447200,KBS
2024-08-19 07:00:00,12150.0,12400.0,12000.0,12100.0,15368400,KBS
2024-08-20 07:00:00,12100.0,12800.0,12000.0,12700.0,25453800,KBS
2024-08-21 07:00:00,12750.0,12900.0,12500.0,12600.0,12875400,KBS
2024-08-22 07:00:00,12650.0,13100.0,12500.0,12900.0,23817900,KBS
2024-08-23 07:00:00,12650.0,13350.0,12550.0,13200.0,28515500,KBS
2024-08-26 07:00:00,13250.0,13400.0,13100.0,13200.0,21515500,KBS
2024-08-27 07:00:00,13200.0,13350.0,13050.0,13300.0,13244800,KBS
2024-08-28 07:00:00,13300.0,13500.0,12850.0,13300.0,19707400,KBS
2024-08-29 07:00:00,13250.0,13300.0,12950.0,13000.0,9153800,KBS
2024-08-30 07:00:00,13000.0,13050.0,12750.0,12950.0,14655600,KBS
2024-09-04 07:00:00,12750.0,13000.0,12650.0,12950.0,13460300,KBS
2024-09-05 07:00:00,13000.0,13250.0,12800.0,12950.0,13104800,KBS
2024-09-06 07:00:00,12950.0,13000.0,12650.0,13000.0,9061300,KBS
2024-09-09 07:00:00,13000.0,13400.0,12900.0,13200.0,16013700,KBS
2024-09-10 07:00:00,13300.0,13300.0,12700.0,12700.0,12245100,KBS
2024-09-11 07:00:00,12750.0,12750.0,11850.0,11850.0,68030100,KBS
2024-09-12 07:00:00,11800.0,11850.0,11300.0,11400.0,17571100,KBS
2024-09-13 07:00:00,11550.0,11650.0,11400.0,11550.0,10298400,KBS
2024-09-16 07:00:00,11550.0,11650.0,11200.0,11200.0,10833800,KBS
2024-09-17 07:00:00,11200.0,11350.0,10650.0,11200.0,30683200,KBS
2024-09-18 07:00:00,11250.0,11500.0,11250.0,11300.0,7789500,KBS
2024-09-19 07:00:00,11450.0,11500.0,11300.0,11350.0,7856900,KBS
2024-09-20 07:00:00,11300.0,11500.0,11300.0,11400.0,10205900,KBS
2024-09-23 07:00:00,11400.0,11400.0,11200.0,11250.0,4412500,KBS
2024-09-24 07:00:00,11200.0,11400.0,11200.0,11350.0,3973200,KBS
2024-09-25 07:00:00,11400.0,11450.0,11250.0,11400.0,11190700,KBS
2024-09-26 07:00:00,11600.0,11900.0,11500.0,11550.0,15058600,KBS
2024-09-27 07:00:00,11750.0,11750.0,11500.0,11550.0,8269200,KBS
2024-09-30 07:00:00,10750.0,11150.0,10750.0,11050.0,30198100,KBS
2024-10-01 07:00:00,11100.0,11300.0,11100.0,11200.0,7170200,KBS
2024-10-02 07:00:00,11150.0,11200.0,11000.0,11050.0,8191500,KBS
2024-10-03 07:00:00,11000.0,11100.0,10800.0,10850.0,14555000,KBS
2024-10-04 07:00:00,10850.0,11000.0,10850.0,10850.0,5339800,KBS
2024-10-07 07:00:00,10900.0,11000.0,10750.0,10800.0,5353200,KBS
2024-10-08 07:00:00,10800.0,10900.0,10500.0,10700.0,7816400,KBS
2024-10-09 07:00:00,10700.0,10850.0,10700.0,10750.0,3498900,KBS
2024-10-10 07:00:00,10800.0,10900.0,10750.0,10800.0,4117700,KBS
2024-10-11 07:00:00,10750.0,10850.0,10700.0,10800.0,5256200,KBS
2024-10-14 07:00:00,10850.0,10900.0,10550.0,10650.0,7010100,KBS
2024-10-15 07:00:00,10650.0,10750.0,10450.0,10450.0,6994100,KBS
2024-10-16 07:00:00,10400.0,10500.0,10200.0,10200.0,8727900,KBS
2024-10-17 07:00:00,10200.0,10500.0,10050.0,10450.0,11788500,KBS
2024-10-18 07:00:00,10550.0,10550.0,10350.0,10350.0,2952700,KBS
2024-10-21 07:00:00,10400.0,10400.0,10250.0,10250.0,4120200,KBS
2024-10-22 07:00:00,10200.0,10350.0,10150.0,10150.0,5591100,KBS
2024-10-23 07:00:00,10150.0,10350.0,10100.0,10250.0,5014000,KBS
2024-10-24 07:00:00,10250.0,10350.0,10150.0,10150.0,3059700,KBS
2024-10-25 07:00:00,10100.0,10300.0,10100.0,10200.0,3267100,KBS
2024-10-28 07:00:00,10300.0,10600.0,10250.0,10350.0,5526100,KBS
2024-10-29 07:00:00,10500.0,10600.0,10350.0,10350.0,3901800,KBS
2024-10-30 07:00:00,10500.0,10900.0,10350.0,10700.0,11952100,KBS
2024-10-31 07:00:00,10850.0,10850.0,10500.0,10500.0,6138100,KBS
2024-11-01 07:00:00,10500.0,10650.0,10350.0,10350.0,4641400,KBS
2024-11-04 07:00:00,10300.0,10400.0,10200.0,10200.0,4979800,KBS
2024-11-05 07:00:00,10250.0,10500.0,10250.0,10300.0,4196400,KBS
2024-11-06 07:00:00,10350.0,10500.0,10300.0,10400.0,2867700,KBS
2024-11-07 07:00:00,10550.0,11050.0,10450.0,10800.0,18145000,KBS
2024-11-08 07:00:00,10900.0,10900.0,10650.0,10700.0,4034600,KBS
2024-11-11 07:00:00,10550.0,10750.0,10500.0,10650.0,5282200,KBS
2024-11-12 07:00:00,10650.0,10750.0,10500.0,10550.0,6563900,KBS
2024-11-13 07:00:00,10600.0,10950.0,10550.0,10800.0,15794600,KBS
2024-11-14 07:00:00,10700.0,10950.0,10650.0,10800.0,6726000,KBS
2024-11-15 07:00:00,10700.0,10750.0,10400.0,10400.0,7072900,KBS
2024-11-18 07:00:00,10500.0,10650.0,10450.0,10550.0,6497200,KBS
2024-11-19 07:00:00,10550.0,11100.0,10550.0,10750.0,12103600,KBS
2024-11-20 07:00:00,11150.0,11400.0,11000.0,11250.0,20293600,KBS
2024-11-21 07:00:00,11250.0,11300.0,11100.0,11250.0,5626300,KBS
2024-11-22 07:00:00,11250.0,11250.0,11000.0,11000.0,8313000,KBS
2024-11-25 07:00:00,11150.0,11200.0,10750.0,11000.0,12282500,KBS
2024-11-26 07:00:00,10850.0,11200.0,10800.0,11100.0,7934500,KBS
2024-11-27 07:00:00,11200.0,11500.0,11100.0,11200.0,9927400,KBS
2024-11-28 07:00:00,11300.0,11400.0,11000.0,11100.0,6304300,KBS
2024-11-29 07:00:00,11050.0,11100.0,10950.0,10950.0,7193400,KBS
2024-12-02 07:00:00,11000.0,11100.0,10900.0,10950.0,3415300,KBS
2024-12-03 07:00:00,11000.0,11050.0,10700.0,10700.0,6764100,KBS
2024-12-04 07:00:00,10700.0,10800.0,10500.0,10500.0,10323300,KBS
2024-12-05 07:00:00,10500.0,11000.0,10500.0,10850.0,8026100,KBS
2024-12-06 07:00:00,10900.0,10950.0,10650.0,10650.0,5586100,KBS
2024-12-09 07:00:00,10650.0,10800.0,10600.0,10700.0,6564700,KBS
2024-12-10 07:00:00,10700.0,10850.0,10600.0,10600.0,5171800,KBS
2024-12-11 07:00:00,10650.0,10700.0,10500.0,10550.0,4483500,KBS
2024-12-12 07:00:00,10550.0,10650.0,10500.0,10500.0,3040800,KBS
2024-12-13 07:00:00,10500.0,10550.0,10450.0,10450.0,3823700,KBS
2024-12-16 07:00:00,10500.0,10550.0,10400.0,10400.0,2565300,KBS
2024-12-17 07:00:00,10450.0,10550.0,10450.0,10450.0,2397500,KBS
2024-12-18 07:00:00,10450.0,10600.0,10450.0,10550.0,4016000,KBS
2024-12-19 07:00:00,10500.0,10600.0,10450.0,10450.0,7306900,KBS
2024-12-20 07:00:00,10500.0,10550.0,10100.0,10100.0,12855800,KBS
2024-12-23 07:00:00,10350.0,10600.0,10300.0,10500.0,7499400,KBS
2024-12-24 07:00:00,10500.0,10550.0,10250.0,10300.0,5726000,KBS
2024-12-25 07:00:00,10350.0,10550.0,10300.0,10400.0,4743800,KBS
2024-12-26 07:00:00,10400.0,10550.0,10400.0,10400.0,3937900,KBS
2024-12-27 07:00:00,10400.0,10450.0,10200.0,10200.0,6286000,KBS
2024-12-30 07:00:00,10550.0,10550.0,10250.0,10300.0,6297500,KBS
2024-12-31 07:00:00,10300.0,10350.0,10250.0,10250.0,2736400,KBS
2025-01-02 07:00:00,10350.0,10500.0,10300.0,10400.0,4546700,KBS
2025-01-03 07:00:00,10400.0,10800.0,10400.0,10550.0,11644700,KBS
2025-01-06 07:00:00,10600.0,10600.0,10300.0,10400.0,5014600,KBS
2025-01-07 07:00:00,10450.0,10450.0,10200.0,10250.0,6094600,KBS
2025-01-08 07:00:00,10250.0,10450.0,10200.0,10400.0,4147900,KBS
2025-01-09 07:00:00,10350.0,10450.0,10250.0,10250.0,1882200,KBS
2025-01-10 07:00:00,10250.0,10300.0,9920.0,9920.0,8716100,KBS
2025-01-13 07:00:00,9930.0,9990.0,9400.0,9490.0,11653300,KBS
2025-01-14 07:00:00,9500.0,9540.0,8950.0,8950.0,16250500,KBS
2025-01-15 07:00:00,9200.0,9430.0,9190.0,9200.0,7057800,KBS
2025-01-16 07:00:00,9200.0,9400.0,9150.0,9170.0,5765700,KBS
2025-01-17 07:00:00,9210.0,9330.0,9150.0,9280.0,4783400,KBS
2025-01-20 07:00:00,9240.0,9240.0,9010.0,9050.0,5565800,KBS
2025-01-21 07:00:00,9120.0,9140.0,9040.0,9040.0,3243400,KBS
2025-01-22 07:00:00,9050.0,9100.0,8680.0,8680.0,11436700,KBS
2025-01-23 07:00:00,8690.0,8850.0,8680.0,8730.0,6081600,KBS
2025-01-24 07:00:00,8880.0,9030.0,8810.0,8930.0,7005700,KBS
2025-02-03 07:00:00,8930.0,9010.0,8880.0,8900.0,4450100,KBS
2025-02-04 07:00:00,8930.0,9420.0,8930.0,9390.0,7416200,KBS
2025-02-05 07:00:00,9440.0,9580.0,9400.0,9400.0,7236700,KBS
2025-02-06 07:00:00,9420.0,9480.0,9320.0,9390.0,4160500,KBS
2025-02-07 07:00:00,9440.0,9640.0,9400.0,9450.0,5146300,KBS
2025-02-10 07:00:00,9450.0,9450.0,9230.0,9230.0,5626200,KBS
2025-02-11 07:00:00,9240.0,9370.0,9150.0,9200.0,3873300,KBS
2025-02-12 07:00:00,9220.0,9260.0,9160.0,9160.0,3500600,KBS
2025-02-13 07:00:00,9160.0,9180.0,9010.0,9020.0,7383400,KBS
2025-02-14 07:00:00,9090.0,9340.0,9060.0,9250.0,5904100,KBS
2025-02-17 07:00:00,9260.0,9330.0,9180.0,9210.0,4989700,KBS
2025-02-18 07:00:00,9190.0,9490.0,9190.0,9350.0,8825300,KBS
2025-02-19 07:00:00,9470.0,9470.0,9350.0,9450.0,7823500,KBS
2025-02-20 07:00:00,9500.0,10100.0,9480.0,10100.0,26431300,KBS
2025-02-21 07:00:00,10400.0,10400.0,10050.0,10150.0,13571900,KBS
2025-02-24 07:00:00,10250.0,10300.0,9930.0,10000.0,12177600,KBS
2025-02-25 07:00:00,10100.0,10150.0,9880.0,9950.0,10816200,KBS
2025-02-26 07:00:00,10000.0,10050.0,9900.0,9900.0,5900000,KBS
2025-02-27 07:00:00,10000.0,10200.0,9980.0,10100.0,10642200,KBS
2025-02-28 07:00:00,10300.0,10800.0,10250.0,10600.0,20444900,KBS
2025-03-03 07:00:00,10500.0,10750.0,10350.0,10400.0,12999200,KBS
2025-03-04 07:00:00,10400.0,10500.0,10200.0,10300.0,12149300,KBS
2025-03-05 07:00:00,10300.0,10450.0,10200.0,10200.0,7403900,KBS
2025-03-06 07:00:00,10250.0,10400.0,10150.0,10350.0,8678300,KBS
2025-03-07 07:00:00,10400.0,10750.0,10400.0,10500.0,11450400,KBS
2025-03-10 07:00:00,10650.0,10700.0,10400.0,10400.0,7065100,KBS
2025-03-11 07:00:00,10300.0,10650.0,10200.0,10550.0,11005800,KBS
2025-03-12 07:00:00,10550.0,10650.0,10450.0,10500.0,5583800,KBS
2025-03-13 07:00:00,10500.0,10800.0,10400.0,10400.0,11926900,KBS
2025-03-14 07:00:00,10450.0,11100.0,10350.0,11100.0,40147900,KBS
2025-03-17 07:00:00,11300.0,11300.0,11050.0,11150.0,13570200,KBS
2025-03-18 07:00:00,11050.0,11150.0,10800.0,10950.0,19036400,KBS
2025-03-19 07:00:00,10800.0,10900.0,10700.0,10800.0,11757100,KBS
2025-03-20 07:00:00,10850.0,10900.0,10750.0,10850.0,7517800,KBS
2025-03-21 07:00:00,10950.0,11000.0,10750.0,10750.0,7022700,KBS
2025-03-24 07:00:00,10750.0,10750.0,10150.0,10300.0,19704000,KBS
2025-03-25 07:00:00,10400.0,10450.0,10300.0,10350.0,6623000,KBS
2025-03-26 07:00:00,10400.0,10550.0,10250.0,10250.0,5559300,KBS
2025-03-27 07:00:00,10300.0,10350.0,10200.0,10250.0,3893100,KBS
2025-03-28 07:00:00,10300.0,10400.0,10250.0,10250.0,4151900,KBS
2025-03-31 07:00:00,10250.0,10400.0,10200.0,10300.0,5299200,KBS
2025-04-01 07:00:00,10400.0,10400.0,10300.0,10350.0,3942500,KBS
2025-04-02 07:00:00,10350.0,10500.0,10250.0,10300.0,7884700,KBS
2025-04-03 07:00:00,9580.0,9900.0,9580.0,9580.0,30541000,KBS
2025-04-04 07:00:00,8910.0,9420.0,8910.0,9100.0,21050600,KBS
2025-04-08 07:00:00,9100.0,9100.0,8470.0,8470.0,19623400,KBS
2025-04-09 07:00:00,7880.0,8490.0,7880.0,8100.0,14284400,KBS
2025-04-10 07:00:00,8660.0,8660.0,8660.0,8660.0,523000,KBS
2025-04-11 07:00:00,9260.0,9260.0,8930.0,9260.0,17090800,KBS
2025-04-14 07:00:00,9350.0,9350.0,9150.0,9230.0,7949800,KBS
2025-04-15 07:00:00,9230.0,9700.0,9160.0,9250.0,12006200,KBS
2025-04-16 07:00:00,9250.0,9630.0,9250.0,9370.0,7668200,KBS
2025-04-17 07:00:00,9300.0,9480.0,9100.0,9360.0,6282400,KBS
2025-04-18 07:00:00,9500.0,9870.0,9440.0,9670.0,11559100,KBS
2025-04-21 07:00:00,9750.0,10300.0,9720.0,10300.0,24346500,KBS
2025-04-22 07:00:00,10400.0,10950.0,9960.0,10650.0,40487900,KBS
2025-04-23 07:00:00,11150.0,11150.0,10800.0,10800.0,17720000,KBS
2025-04-24 07:00:00,10850.0,11550.0,10750.0,11300.0,31498700,KBS
2025-04-25 07:00:00,11300.0,11400.0,10750.0,10850.0,19032900,KBS
2025-04-28 07:00:00,11050.0,11600.0,10900.0,11450.0,27382400,KBS
2025-04-29 07:00:00,11650.0,11800.0,11250.0,11400.0,14851200,KBS
2025-05-05 07:00:00,11500.0,11600.0,11250.0,11450.0,10064500,KBS
2025-05-06 07:00:00,11500.0,12250.0,11500.0,12250.0,36987600,KBS
2025-05-07 07:00:00,12300.0,13050.0,12150.0,12650.0,41044900,KBS
2025-05-08 07:00:00,12200.0,12700.0,12200.0,12600.0,28159900,KBS
2025-05-09 07:00:00,12900.0,12900.0,12050.0,12300.0,24245000,KBS
2025-05-12 07:00:00,12400.0,12600.0,12150.0,12300.0,14816000,KBS
2025-05-13 07:00:00,12200.0,12250.0,11800.0,12050.0,27993400,KBS
2025-05-14 07:00:00,12050.0,12350.0,12000.0,12250.0,14523000,KBS
2025-05-15 07:00:00,12300.0,12400.0,11950.0,12100.0,14255100,KBS
2025-05-16 07:00:00,12200.0,12500.0,11950.0,12150.0,22663800,KBS
2025-05-19 07:00:00,12100.0,12450.0,12000.0,12050.0,19809000,KBS
2025-05-20 07:00:00,12050.0,12150.0,11500.0,11850.0,33030100,KBS
2025-05-21 07:00:00,11950.0,12650.0,11850.0,12650.0,36231700,KBS
2025-05-22 07:00:00,13050.0,13100.0,12500.0,12500.0,36335500,KBS
2025-05-23 07:00:00,12550.0,12850.0,12450.0,12450.0,17211700,KBS
2025-05-26 07:00:00,12650.0,13000.0,12200.0,12800.0,30634200,KBS
2025-05-27 07:00:00,12900.0,13200.0,12700.0,12850.0,28953900,KBS
2025-05-28 07:00:00,13050.0,13350.0,12700.0,13050.0,46877100,KBS
2025-05-29 07:00:00,13350.0,13950.0,13200.0,13950.0,62812100,KBS
2025-05-30 07:00:00,14100.0,14400.0,14000.0,14150.0,58684600,KBS
2025-06-02 07:00:00,14200.0,14900.0,14150.0,14550.0,33315700,KBS
2025-06-03 07:00:00,14600.0,14700.0,14100.0,14200.0,38948600,KBS
2025-06-04 07:00:00,14250.0,14500.0,13900.0,14200.0,29424800,KBS
2025-06-05 07:00:00,14200.0,14400.0,13950.0,14300.0,24777100,KBS
2025-06-06 07:00:00,14200.0,14400.0,14100.0,14300.0,20388500,KBS
2025-06-09 07:00:00,14650.0,14900.0,14200.0,14400.0,32550300,KBS
2025-06-10 07:00:00,14400.0,14500.0,14200.0,14350.0,18616800,KBS
2025-06-11 07:00:00,14400.0,14450.0,13550.0,13900.0,26186000,KBS
2025-06-12 07:00:00,13900.0,14400.0,13900.0,14250.0,18105600,KBS
2025-06-13 07:00:00,14050.0,14300.0,13650.0,14300.0,30353700,KBS
2025-06-16 07:00:00,14200.0,14900.0,14200.0,14900.0,37516100,KBS
2025-06-17 07:00:00,15000.0,15500.0,14900.0,15450.0,36169800,KBS
2025-06-18 07:00:00,15750.0,16200.0,15450.0,15600.0,38613600,KBS
2025-06-19 07:00:00,15850.0,15850.0,15300.0,15550.0,19388700,KBS
2025-06-20 07:00:00,15750.0,15750.0,15100.0,15450.0,30252600,KBS
2025-06-23 07:00:00,15000.0,15200.0,14900.0,15050.0,22102300,KBS
2025-06-24 07:00:00,15300.0,15400.0,14950.0,15050.0,19771100,KBS
2025-06-25 07:00:00,15200.0,15250.0,14900.0,14900.0,11193800,KBS
2025-06-26 07:00:00,14950.0,15250.0,14800.0,15150.0,14423100,KBS
2025-06-27 07:00:00,15200.0,15300.0,15000.0,15000.0,10731500,KBS
2025-06-30 07:00:00,15200.0,15600.0,15100.0,15150.0,14824200,KBS
2025-07-01 07:00:00,15300.0,15300.0,14950.0,15150.0,9890500,KBS
2025-07-02 07:00:00,15000.0,15250.0,14950.0,15100.0,9787700,KBS
2025-07-03 07:00:00,15050.0,15200.0,14900.0,14900.0,16310400,KBS
2025-07-04 07:00:00,15000.0,15450.0,14950.0,15200.0,19704500,KBS
2025-07-07 07:00:00,15200.0,15450.0,15050.0,15300.0,22594000,KBS
2025-07-08 07:00:00,15400.0,15850.0,15250.0,15700.0,29493600,KBS
2025-07-09 07:00:00,15800.0,15800.0,15400.0,15450.0,20430700,KBS
2025-07-10 07:00:00,15450.0,15600.0,15300.0,15450.0,18031900,KBS
2025-07-11 07:00:00,15450.0,15550.0,15100.0,15100.0,20917100,KBS
2025-07-14 07:00:00,15100.0,15550.0,14500.0,15250.0,37687400,KBS
2025-07-15 07:00:00,15500.0,15550.0,15100.0,15100.0,15936900,KBS
2025-07-16 07:00:00,15100.0,15500.0,15050.0,15350.0,16822700,KBS
2025-07-17 07:00:00,15500.0,16400.0,15450.0,16400.0,54836100,KBS
2025-07-18 07:00:00,17150.0,17500.0,16800.0,16950.0,48206900,KBS
2025-07-21 07:00:00,17200.0,17200.0,16500.0,16550.0,30838700,KBS
2025-07-22 07:00:00,16450.0,16950.0,16400.0,16950.0,28082000,KBS
2025-07-23 07:00:00,17100.0,17100.0,16700.0,16850.0,24042500,KBS
2025-07-24 07:00:00,16850.0,17050.0,16550.0,16850.0,22401600,KBS
2025-07-25 07:00:00,16650.0,17100.0,16600.0,17100.0,25900100,KBS
2025-07-28 07:00:00,17400.0,18000.0,17350.0,17500.0,49336400,KBS
2025-07-29 07:00:00,17650.0,17750.0,16300.0,16300.0,52343900,KBS
2025-07-30 07:00:00,16300.0,16750.0,15950.0,16600.0,26419800,KBS
2025-07-31 07:00:00,16750.0,16800.0,16050.0,16650.0,25633900,KBS
2025-08-01 07:00:00,16950.0,17350.0,16650.0,17250.0,33834400,KBS
2025-08-04 07:00:00,17300.0,18450.0,17300.0,18450.0,56696500,KBS
2025-08-05 07:00:00,18750.0,19100.0,17500.0,18000.0,45922500,KBS
2025-08-06 07:00:00,18000.0,18450.0,17650.0,18200.0,27592300,KBS
2025-08-07 07:00:00,18600.0,18600.0,18050.0,18200.0,23479800,KBS
2025-08-08 07:00:00,18450.0,18800.0,18000.0,18550.0,35669600,KBS
2025-08-11 07:00:00,18750.0,19300.0,18550.0,18800.0,34012300,KBS
2025-08-12 07:00:00,18700.0,18750.0,18200.0,18500.0,28649100,KBS
2025-08-13 07:00:00,18500.0,19200.0,18150.0,18450.0,36568400,KBS
2025-08-14 07:00:00,18750.0,19100.0,18400.0,18900.0,32806800,KBS
2025-08-15 07:00:00,19000.0,19050.0,18000.0,18150.0,36644600,KBS
2025-08-18 07:00:00,17850.0,18300.0,17600.0,18000.0,36365300,KBS
2025-08-19 07:00:00,18000.0,18700.0,17500.0,18000.0,57218400,KBS
2025-08-20 07:00:00,18000.0,18100.0,16900.0,17400.0,42155200,KBS
2025-08-21 07:00:00,17500.0,17600.0,16700.0,16850.0,30686200,KBS
2025-08-22 07:00:00,16600.0,16650.0,15800.0,15900.0,40667300,KBS
2025-08-25 07:00:00,16050.0,16350.0,15900.0,16050.0,14927000,KBS
2025-08-26 07:00:00,16050.0,16800.0,16000.0,16800.0,13387500,KBS
2025-08-27 07:00:00,17000.0,17450.0,16800.0,16800.0,17628200,KBS
2025-08-28 07:00:00,17000.0,17000.0,16450.0,16700.0,10967400,KBS
2025-08-29 07:00:00,16950.0,17300.0,16750.0,16800.0,21816800,KBS
2025-09-03 07:00:00,17000.0,17550.0,16950.0,17300.0,19687700,KBS
2025-09-04 07:00:00,17500.0,17600.0,17150.0,17200.0,14345100,KBS
2025-09-05 07:00:00,17350.0,18000.0,17300.0,17300.0,34510500,KBS
2025-09-08 07:00:00,17200.0,17500.0,16200.0,16200.0,28861200,KBS
2025-09-09 07:00:00,16200.0,16450.0,15850.0,16250.0,20833700,KBS
2025-09-10 07:00:00,16450.0,16450.0,15550.0,15800.0,23533600,KBS
2025-09-11 07:00:00,15750.0,15800.0,15100.0,15700.0,19300500,KBS
2025-09-12 07:00:00,15900.0,16250.0,15750.0,15750.0,12710000,KBS
2025-09-15 07:00:00,15400.0,15850.0,15400.0,15650.0,16655400,KBS
2025-09-16 07:00:00,16000.0,16150.0,15650.0,15700.0,13651100,KBS
2025-09-17 07:00:00,15700.0,15900.0,15500.0,15500.0,10506300,KBS
2025-09-18 07:00:00,15500.0,15700.0,15000.0,15100.0,21066600,KBS
2025-09-19 07:00:00,15250.0,16150.0,15100.0,15950.0,27260400,KBS
2025-09-22 07:00:00,16150.0,16200.0,15550.0,15600.0,16669000,KBS
2025-09-23 07:00:00,15800.0,16200.0,15650.0,15650.0,9063100,KBS
2025-09-24 07:00:00,15850.0,16300.0,15650.0,16150.0,13557100,KBS
2025-09-25 07:00:00,16200.0,16350.0,15900.0,16000.0,13426200,KBS
2025-09-26 07:00:00,16000.0,16000.0,15600.0,15600.0,13750900,KBS
2025-09-29 07:00:00,15650.0,15900.0,15550.0,15600.0,9393900,KBS
2025-09-30 07:00:00,15750.0,15750.0,15000.0,15250.0,14861000,KBS
2025-10-01 07:00:00,15250.0,15700.0,15250.0,15650.0,8156500,KBS
2025-10-02 07:00:00,15700.0,15700.0,15400.0,15500.0,7259300,KBS
2025-10-03 07:00:00,15400.0,15450.0,15100.0,15100.0,13085400,KBS
2025-10-06 07:00:00,15250.0,15900.0,15250.0,15800.0,12694100,KBS
2025-10-07 07:00:00,15850.0,15850.0,15400.0,15400.0,7025600,KBS
2025-10-08 07:00:00,15650.0,15700.0,15100.0,15300.0,12924900,KBS
2025-10-09 07:00:00,15300.0,15550.0,15250.0,15300.0,7295400,KBS
2025-10-10 07:00:00,15450.0,16000.0,15450.0,15600.0,15221600,KBS
2025-10-13 07:00:00,15400.0,16200.0,15250.0,16000.0,22278600,KBS
2025-10-14 07:00:00,16150.0,16200.0,15450.0,15500.0,17237400,KBS
2025-10-15 07:00:00,15750.0,15750.0,15450.0,15600.0,8842700,KBS
2025-10-16 07:00:00,15700.0,16450.0,15700.0,16250.0,28947600,KBS
2025-10-17 07:00:00,16250.0,16950.0,16050.0,16600.0,32460400,KBS
2025-10-20 07:00:00,15450.0,15800.0,15450.0,15450.0,70812600,KBS
2025-10-21 07:00:00,14600.0,14900.0,14400.0,14400.0,29857200,KBS
2025-10-22 07:00:00,14500.0,15150.0,13550.0,14000.0,48486500,KBS
2025-10-23 07:00:00,14050.0,14500.0,14050.0,14200.0,13101800,KBS
2025-10-24 07:00:00,14250.0,14500.0,14100.0,14300.0,19337200,KBS
2025-10-27 07:00:00,14400.0,14500.0,13800.0,13800.0,14413700,KBS
2025-10-28 07:00:00,13800.0,13800.0,12900.0,13400.0,29814200,KBS
2025-10-29 07:00:00,13400.0,13900.0,13250.0,13550.0,8466700,KBS
2025-10-30 07:00:00,13600.0,14100.0,13600.0,13800.0,6206100,KBS
2025-10-31 07:00:00,13800.0,13800.0,13600.0,13650.0,5331300,KBS
2025-11-03 07:00:00,13400.0,13650.0,12900.0,12900.0,12425600,KBS
2025-11-04 07:00:00,12900.0,13450.0,12500.0,13400.0,17601500,KBS
2025-11-05 07:00:00,13600.0,13850.0,13450.0,13750.0,11134600,KBS
2025-11-06 07:00:00,13750.0,13750.0,13500.0,13500.0,4045700,KBS
2025-11-07 07:00:00,13500.0,13600.0,12950.0,13000.0,8439500,KBS
2025-11-10 07:00:00,12900.0,13000.0,12300.0,12300.0,12955700,KBS
2025-11-11 07:00:00,12400.0,12500.0,12050.0,12200.0,10978400,KBS
2025-11-12 07:00:00,12300.0,13050.0,12250.0,13050.0,6254200,KBS
2025-11-13 07:00:00,13300.0,13450.0,13200.0,13250.0,8975000,KBS
2025-11-14 07:00:00,13350.0,14150.0,13350.0,14150.0,22445400,KBS
2025-11-17 07:00:00,14800.0,15100.0,14600.0,15100.0,18483300,KBS
2025-11-18 07:00:00,15800.0,16100.0,15300.0,15850.0,36693400,KBS
2025-11-19 07:00:00,15650.0,16150.0,15400.0,15650.0,20151200,KBS
2025-11-20 07:00:00,15600.0,15700.0,14950.0,15100.0,13183000,KBS
2025-11-21 07:00:00,14900.0,15550.0,14900.0,15400.0,11324600,KBS
2025-11-24 07:00:00,15650.0,16100.0,15500.0,15800.0,19922400,KBS
2025-11-25 07:00:00,15800.0,15900.0,15200.0,15300.0,11227900,KBS
2025-11-26 07:00:00,15350.0,15700.0,15300.0,15500.0,10760000,KBS
2025-11-27 07:00:00,15550.0,15550.0,14800.0,14850.0,16187400,KBS
2025-11-28 07:00:00,14800.0,15050.0,14100.0,14800.0,12700600,KBS
2025-12-01 07:00:00,14850.0,15200.0,14600.0,14750.0,5734500,KBS
2025-12-02 07:00:00,14750.0,14900.0,14250.0,14850.0,10767400,KBS
2025-12-03 07:00:00,15100.0,15150.0,14800.0,15000.0,6326400,KBS
2025-12-04 07:00:00,15100.0,15250.0,14950.0,15000.0,6945200,KBS
2025-12-05 07:00:00,15000.0,15050.0,14650.0,14850.0,5796000,KBS
2025-12-08 07:00:00,14850.0,14850.0,14400.0,14700.0,6037300,KBS
2025-12-09 07:00:00,14600.0,14600.0,14100.0,14450.0,8493800,KBS
2025-12-10 07:00:00,14500.0,14500.0,14150.0,14450.0,5168900,KBS
2025-12-11 07:00:00,14400.0,14750.0,14300.0,14350.0,4059500,KBS
2025-12-12 07:00:00,14350.0,14500.0,13350.0,13350.0,12520500,KBS
2025-12-15 07:00:00,13250.0,13550.0,13200.0,13300.0,6696800,KBS
2025-12-16 07:00:00,13200.0,13850.0,13000.0,13550.0,6461900,KBS
2025-12-17 07:00:00,13550.0,13550.0,13250.0,13250.0,4326100,KBS
2025-12-18 07:00:00,13450.0,13450.0,13050.0,13250.0,3938100,KBS
2025-12-19 07:00:00,13300.0,13850.0,13250.0,13850.0,7577000,KBS
2025-12-22 07:00:00,13800.0,13950.0,13650.0,13800.0,6436400,KBS
2025-12-23 07:00:00,13900.0,13900.0,13400.0,13450.0,7107400,KBS
2025-12-24 07:00:00,13450.0,13700.0,13250.0,13400.0,6451500,KBS
2025-12-25 07:00:00,13350.0,13900.0,13300.0,13300.0,8748800,KBS
2025-12-26 07:00:00,13400.0,13500.0,12650.0,13250.0,10173900,KBS
2025-12-29 07:00:00,13550.0,14150.0,13550.0,14150.0,15253500,KBS
2025-12-30 07:00:00,14550.0,14650.0,13900.0,13900.0,8445000,KBS
2025-12-31 07:00:00,13950.0,14050.0,13350.0,13350.0,7442800,KBS
2026-01-05 07:00:00,13600.0,13750.0,13200.0,13350.0,8515100,KBS
2026-01-06 07:00:00,13500.0,13700.0,13300.0,13350.0,8728100,KBS
2026-01-07 07:00:00,13350.0,13450.0,13050.0,13200.0,10517800,KBS
2026-01-08 07:00:00,13300.0,13500.0,13100.0,13300.0,8042700,KBS
2026-01-09 07:00:00,13250.0,13300.0,12500.0,12550.0,22081700,KBS
2026-01-12 07:00:00,12600.0,13050.0,12200.0,12800.0,11835400,KBS
2026-01-13 07:00:00,13100.0,13100.0,12750.0,12750.0,8220000,KBS
2026-01-14 07:00:00,12750.0,13200.0,12700.0,12900.0,9642300,KBS
2026-01-15 07:00:00,12950.0,13100.0,12750.0,12800.0,5566600,KBS
2026-01-16 07:00:00,12950.0,13100.0,12800.0,13050.0,8177300,KBS
2026-01-19 07:00:00,13050.0,13100.0,12800.0,12950.0,4809500,KBS
2026-01-20 07:00:00,12800.0,12950.0,12750.0,12750.0,6554800,KBS
2026-01-21 07:00:00,12600.0,12900.0,12500.0,12600.0,5163900,KBS
2026-01-22 07:00:00,12750.0,13350.0,12300.0,12800.0,14204500,KBS
2026-01-23 07:00:00,12950.0,13000.0,12500.0,12500.0,7998800,KBS
2026-01-26 07:00:00,12500.0,12650.0,11850.0,11850.0,12176700,KBS
2026-01-27 07:00:00,12000.0,12150.0,11400.0,11400.0,11701500,KBS
2026-01-28 07:00:00,11650.0,12000.0,11400.0,11900.0,6951800,KBS
2026-01-29 07:00:00,12000.0,12150.0,11900.0,12150.0,3854600,KBS
2026-01-30 07:00:00,12300.0,13000.0,12150.0,13000.0,13138500,KBS
2026-02-02 07:00:00,13300.0,13400.0,12600.0,12850.0,11835500,KBS
2026-02-03 07:00:00,12750.0,13100.0,12750.0,12850.0,6061600,KBS
2026-02-04 07:00:00,12850.0,12850.0,12550.0,12550.0,4681100,KBS
2026-02-05 07:00:00,12550.0,12700.0,12350.0,12350.0,4754600,KBS
2026-02-06 07:00:00,12100.0,12450.0,12000.0,12200.0,7101300,KBS
2026-02-09 07:00:00,12150.0,12400.0,12100.0,12200.0,3929200,KBS
2026-02-10 07:00:00,12200.0,12450.0,12200.0,12300.0,4514500,KBS
2026-02-11 07:00:00,12300.0,12800.0,12300.0,12800.0,6272500,KBS
2026-02-12 07:00:00,12800.0,13000.0,12650.0,12950.0,5348900,KBS
2026-02-13 07:00:00,12950.0,12950.0,12650.0,12650.0,5097700,KBS
2026-02-23 07:00:00,12750.0,12800.0,12600.0,12750.0,2900000,KBS
2026-02-24 07:00:00,12700.0,12800.0,12650.0,12750.0,4747600,KBS
2026-02-25 07:00:00,12750.0,12900.0,12600.0,12650.0,4315700,KBS
2026-02-26 07:00:00,12650.0,12800.0,12500.0,12600.0,4121000,KBS
2026-02-27 07:00:00,12650.0,12650.0,12200.0,12300.0,6771300,KBS
2026-03-02 07:00:00,11600.0,12000.0,11600.0,11600.0,8979900,KBS
2026-03-03 07:00:00,11550.0,11800.0,11500.0,11550.0,8407000,KBS
2026-03-04 07:00:00,11550.0,11750.0,10900.0,11100.0,14106300,KBS
2026-03-05 07:00:00,11450.0,11600.0,11100.0,11150.0,7449900,KBS
2026-03-06 07:00:00,11400.0,11450.0,11100.0,11250.0,5562800,KBS
2026-03-09 07:00:00,10500.0,10700.0,10500.0,10500.0,10761000,KBS
2026-03-10 07:00:00,10000.0,10800.0,10000.0,10650.0,11911100,KBS
2026-03-11 07:00:00,10600.0,11300.0,10550.0,11100.0,9647400,KBS
2026-03-12 07:00:00,11000.0,11850.0,10950.0,11850.0,19587600,KBS
2026-03-13 07:00:00,12000.0,12650.0,11900.0,12650.0,23778300,KBS
2026-03-16 07:00:00,13400.0,13500.0,13100.0,13500.0,48999700,KBS
2026-03-17 07:00:00,13600.0,14000.0,13300.0,13400.0,22471600,KBS
2026-03-18 07:00:00,13350.0,13500.0,12800.0,13000.0,15001900,KBS
2026-03-19 07:00:00,12800.0,13900.0,12800.0,13900.0,25979200,KBS
2026-03-20 07:00:00,14200.0,14800.0,13450.0,13450.0,27392500,KBS
2026-03-23 07:00:00,13400.0,13800.0,12550.0,12550.0,27154900,KBS
2026-03-24 07:00:00,12950.0,13400.0,12700.0,13250.0,17746000,KBS
2026-03-25 07:00:00,13500.0,14000.0,13200.0,13800.0,17684500,KBS
2026-03-26 07:00:00,13800.0,14500.0,13550.0,14200.0,21341200,KBS
2026-03-27 07:00:00,14100.0,14900.0,13950.0,14300.0,22253900,KBS
2026-03-30 07:00:00,14000.0,14250.0,13850.0,13850.0,15371800,KBS
2026-03-31 07:00:00,13900.0,14350.0,13850.0,14150.0,15917500,KBS
2026-04-01 07:00:00,14450.0,14550.0,13900.0,14150.0,13962300,KBS
2026-04-02 07:00:00,13900.0,14150.0,13750.0,13900.0,7095900,KBS
2026-04-03 07:00:00,13900.0,14750.0,13900.0,14300.0,26691600,KBS
2026-04-06 07:00:00,14400.0,15200.0,14350.0,14550.0,23143000,KBS
2026-04-07 07:00:00,14750.0,14900.0,14000.0,14750.0,16772400,KBS
2026-04-08 07:00:00,15200.0,15750.0,14900.0,15750.0,30279800,KBS
2026-04-09 07:00:00,15950.0,16850.0,15900.0,16700.0,81700700,KBS
2026-04-10 07:00:00,16950.0,17450.0,16600.0,16800.0,26344600,KBS
2026-04-13 07:00:00,16700.0,17500.0,16550.0,17200.0,29274200,KBS
2026-04-14 07:00:00,17350.0,17500.0,16700.0,17100.0,23862100,KBS
2026-04-15 07:00:00,17400.0,18200.0,17400.0,17500.0,36700200,KBS
2026-04-16 07:00:00,17500.0,17500.0,16650.0,17000.0,28122400,KBS
2026-04-17 07:00:00,17000.0,17450.0,16850.0,17050.0,16760800,KBS
2026-04-20 07:00:00,17050.0,17250.0,16850.0,17150.0,11247700,KBS
2026-04-21 07:00:00,17300.0,18100.0,17200.0,17700.0,48772400,KBS
2026-04-22 07:00:00,17700.0,18750.0,17700.0,18750.0,41300600,KBS
2026-04-23 07:00:00,18900.0,19800.0,18850.0,19200.0,41710500,KBS
2026-04-24 07:00:00,19350.0,19700.0,18450.0,19450.0,33645500,KBS
2026-04-28 07:00:00,19450.0,20600.0,19100.0,20500.0,42262100,KBS
2026-04-29 07:00:00,20500.0,21000.0,20200.0,20500.0,25648100,KBS
2026-05-04 07:00:00,20650.0,20700.0,19100.0,19100.0,35233300,KBS
2026-05-05 07:00:00,17800.0,18250.0,17800.0,17800.0,33347800,KBS
2026-05-06 07:00:00,16600.0,17600.0,16600.0,17150.0,75340000,KBS
2026-05-07 07:00:00,17300.0,17550.0,16100.0,16550.0,46770500,KBS
2026-05-08 07:00:00,16550.0,17400.0,16000.0,17200.0,41026000,KBS
2026-05-11 07:00:00,17100.0,17250.0,16600.0,16800.0,25105300,KBS
2026-05-12 07:00:00,16800.0,17250.0,16200.0,16300.0,26976000,KBS
2026-05-13 07:00:00,16350.0,16800.0,16250.0,16700.0,21481900,KBS
2026-05-14 07:00:00,16800.0,16800.0,16450.0,16650.0,9676400,KBS
2026-05-15 07:00:00,16700.0,17300.0,16500.0,17300.0,31424800,KBS
2026-05-18 07:00:00,17300.0,17600.0,17000.0,17150.0,14873200,KBS
2026-05-19 07:00:00,17150.0,17250.0,16350.0,16700.0,23965600,KBS
2026-05-20 07:00:00,16700.0,16700.0,15550.0,15900.0,48392000,KBS
2026-05-21 07:00:00,16150.0,16150.0,15250.0,15300.0,16094300,KBS
2026-05-22 07:00:00,15200.0,15750.0,15200.0,15500.0,13227600,KBS
2026-05-25 07:00:00,15650.0,16000.0,15450.0,15500.0,8992200,KBS
2026-05-26 07:00:00,15500.0,15950.0,15450.0,15550.0,10590900,KBS
2026-05-27 07:00:00,15700.0,15700.0,14950.0,15400.0,19953600,KBS
2026-05-28 07:00:00,15450.0,15700.0,15050.0,15050.0,7728500,KBS
2026-05-29 07:00:00,15000.0,15450.0,14700.0,15100.0,16672600,KBS
2026-06-01 07:00:00,15200.0,15450.0,14950.0,15250.0,7995400,KBS
2026-06-02 07:00:00,15200.0,15350.0,14200.0,14200.0,26810000,KBS
2026-06-03 07:00:00,13800.0,14150.0,13250.0,13600.0,52494100,KBS
2026-06-04 07:00:00,13750.0,14000.0,13550.0,13850.0,10792000,KBS
2026-06-05 07:00:00,13950.0,14000.0,13550.0,13550.0,10116100,KBS
