date,open,high,low,close,volume,_source
2020-01-02 07:00:00,10849.0,10890.0,10683.0,10807.0,639390,KBS
2020-01-03 07:00:00,10787.0,10787.0,10476.0,10518.0,421590,KBS
2020-01-06 07:00:00,10559.0,10642.0,10497.0,10621.0,1049590,KBS
2020-01-07 07:00:00,10600.0,10642.0,9896.0,9896.0,2226990,KBS
2020-01-08 07:00:00,10103.0,10580.0,9752.0,10580.0,1247880,KBS
2020-01-09 07:00:00,10580.0,10849.0,10476.0,10766.0,575890,KBS
2020-01-10 07:00:00,10766.0,10807.0,10352.0,10497.0,732690,KBS
2020-01-13 07:00:00,10393.0,10414.0,10207.0,10207.0,480660,KBS
2020-01-14 07:00:00,10228.0,10642.0,10186.0,10642.0,588350,KBS
2020-01-15 07:00:00,10642.0,10683.0,10476.0,10600.0,566830,KBS
2020-01-16 07:00:00,10642.0,10642.0,10435.0,10600.0,871140,KBS
2020-01-17 07:00:00,10600.0,10642.0,10518.0,10600.0,731700,KBS
2020-01-20 07:00:00,10600.0,10642.0,10518.0,10600.0,667980,KBS
2020-01-21 07:00:00,10600.0,10766.0,10518.0,10766.0,773380,KBS
2020-01-22 07:00:00,10766.0,10973.0,10600.0,10973.0,699090,KBS
2020-01-30 07:00:00,10973.0,10973.0,10725.0,10870.0,687530,KBS
2020-01-31 07:00:00,10766.0,10849.0,10600.0,10787.0,585650,KBS
2020-02-03 07:00:00,10787.0,10787.0,10518.0,10787.0,498280,KBS
2020-02-04 07:00:00,10807.0,10807.0,10683.0,10807.0,507600,KBS
2020-02-05 07:00:00,10807.0,10849.0,10103.0,10807.0,735810,KBS
2020-02-06 07:00:00,10766.0,10849.0,10704.0,10828.0,570160,KBS
2020-02-07 07:00:00,10828.0,10849.0,10704.0,10849.0,449400,KBS
2020-02-10 07:00:00,10807.0,10807.0,10662.0,10745.0,542130,KBS
2020-02-11 07:00:00,10745.0,10828.0,10704.0,10725.0,672120,KBS
2020-02-12 07:00:00,10725.0,10766.0,10662.0,10725.0,556440,KBS
2020-02-13 07:00:00,10725.0,10807.0,10683.0,10807.0,699500,KBS
2020-02-14 07:00:00,10807.0,10828.0,10704.0,10807.0,519970,KBS
2020-02-17 07:00:00,10807.0,10828.0,10683.0,10766.0,719100,KBS
2020-02-18 07:00:00,10766.0,10828.0,10683.0,10828.0,735080,KBS
2020-02-19 07:00:00,10807.0,10807.0,10704.0,10766.0,545510,KBS
2020-02-20 07:00:00,10787.0,10807.0,10704.0,10787.0,758990,KBS
2020-02-21 07:00:00,10807.0,10807.0,10683.0,10787.0,903160,KBS
2020-02-24 07:00:00,10766.0,10849.0,10662.0,10662.0,1024780,KBS
2020-02-25 07:00:00,10642.0,10766.0,10642.0,10766.0,597740,KBS
2020-02-26 07:00:00,10766.0,10766.0,10683.0,10725.0,493440,KBS
2020-02-27 07:00:00,10725.0,10766.0,10662.0,10725.0,353850,KBS
2020-02-28 07:00:00,10725.0,10766.0,10662.0,10766.0,599270,KBS
2020-03-02 07:00:00,10766.0,10766.0,10683.0,10766.0,758580,KBS
2020-03-03 07:00:00,10766.0,10807.0,10683.0,10807.0,1173520,KBS
2020-03-04 07:00:00,10766.0,10807.0,10725.0,10766.0,1062030,KBS
2020-03-05 07:00:00,10766.0,10807.0,10766.0,10787.0,741160,KBS
2020-03-06 07:00:00,10787.0,10807.0,10683.0,10807.0,747620,KBS
2020-03-09 07:00:00,10683.0,10766.0,10186.0,10600.0,655510,KBS
2020-03-10 07:00:00,10311.0,10600.0,10145.0,10600.0,367390,KBS
2020-03-11 07:00:00,10600.0,10600.0,10269.0,10559.0,260510,KBS
2020-03-12 07:00:00,10269.0,10559.0,10062.0,10559.0,204480,KBS
2020-03-13 07:00:00,10269.0,10559.0,10228.0,10559.0,115440,KBS
2020-03-16 07:00:00,10269.0,10476.0,10186.0,10476.0,353290,KBS
2020-03-17 07:00:00,10311.0,10559.0,10186.0,10559.0,284310,KBS
2020-03-18 07:00:00,10559.0,10559.0,10269.0,10435.0,330720,KBS
2020-03-19 07:00:00,10393.0,10435.0,10228.0,10435.0,293550,KBS
2020-03-20 07:00:00,10435.0,10435.0,10166.0,10435.0,343600,KBS
2020-03-23 07:00:00,10435.0,10435.0,10228.0,10352.0,334360,KBS
2020-03-24 07:00:00,10352.0,10352.0,10248.0,10248.0,363780,KBS
2020-03-25 07:00:00,10248.0,10352.0,10228.0,10352.0,196220,KBS
2020-03-26 07:00:00,10352.0,10393.0,10269.0,10393.0,273660,KBS
2020-03-27 07:00:00,10352.0,10393.0,10228.0,10393.0,278280,KBS
2020-03-30 07:00:00,10352.0,10352.0,10228.0,10352.0,296020,KBS
2020-03-31 07:00:00,10352.0,10352.0,10145.0,10311.0,420780,KBS
2020-04-01 07:00:00,10311.0,10311.0,10186.0,10311.0,475220,KBS
2020-04-03 07:00:00,10311.0,10331.0,10207.0,10331.0,319910,KBS
2020-04-06 07:00:00,10269.0,10331.0,10228.0,10331.0,411830,KBS
2020-04-07 07:00:00,10331.0,10435.0,10228.0,10435.0,429470,KBS
2020-04-08 07:00:00,10352.0,10435.0,10352.0,10435.0,413610,KBS
2020-04-09 07:00:00,10352.0,10435.0,10311.0,10414.0,399450,KBS
2020-04-10 07:00:00,10373.0,10435.0,10228.0,10393.0,368040,KBS
2020-04-13 07:00:00,10373.0,10518.0,10311.0,10414.0,391180,KBS
2020-04-14 07:00:00,10393.0,10435.0,10311.0,10393.0,459970,KBS
2020-04-15 07:00:00,10393.0,10393.0,10311.0,10331.0,355190,KBS
2020-04-16 07:00:00,10331.0,10331.0,10228.0,10269.0,422880,KBS
2020-04-17 07:00:00,10352.0,10414.0,10311.0,10352.0,471720,KBS
2020-04-20 07:00:00,10352.0,10414.0,10290.0,10373.0,450490,KBS
2020-04-21 07:00:00,10352.0,10352.0,10228.0,10311.0,554320,KBS
2020-04-22 07:00:00,10248.0,10352.0,10145.0,10352.0,615650,KBS
2020-04-23 07:00:00,10311.0,10414.0,10311.0,10373.0,442420,KBS
2020-04-24 07:00:00,10352.0,10393.0,10269.0,10373.0,545030,KBS
2020-04-27 07:00:00,10373.0,10414.0,10228.0,10393.0,549150,KBS
2020-04-28 07:00:00,10352.0,10373.0,10228.0,10373.0,576010,KBS
2020-04-29 07:00:00,11097.0,11097.0,10331.0,11097.0,1278990,KBS
2020-05-04 07:00:00,11014.0,11387.0,10890.0,11139.0,1162140,KBS
2020-05-05 07:00:00,11097.0,11180.0,10725.0,10828.0,644800,KBS
2020-05-06 07:00:00,10828.0,10932.0,10518.0,10932.0,612250,KBS
2020-05-07 07:00:00,10766.0,10890.0,10642.0,10849.0,627640,KBS
2020-05-08 07:00:00,10807.0,10849.0,10642.0,10766.0,579650,KBS
2020-05-11 07:00:00,10994.0,10994.0,10725.0,10994.0,651900,KBS
2020-05-12 07:00:00,10932.0,11118.0,10849.0,11077.0,1072680,KBS
2020-05-13 07:00:00,11014.0,11387.0,10890.0,11346.0,901030,KBS
2020-05-14 07:00:00,11263.0,11594.0,11263.0,11594.0,535260,KBS
2020-05-15 07:00:00,11594.0,11698.0,11470.0,11594.0,581610,KBS
2020-05-18 07:00:00,11429.0,11594.0,11429.0,11573.0,468870,KBS
2020-05-19 07:00:00,11594.0,11677.0,11532.0,11573.0,642840,KBS
2020-05-20 07:00:00,11470.0,11636.0,11366.0,11636.0,616430,KBS
2020-05-21 07:00:00,11677.0,11677.0,11553.0,11677.0,581630,KBS
2020-05-22 07:00:00,11654.0,11700.0,11513.0,11607.0,819790,KBS
2020-05-25 07:00:00,11607.0,11677.0,11467.0,11467.0,678170,KBS
2020-05-26 07:00:00,11467.0,11607.0,11467.0,11607.0,614970,KBS
2020-05-27 07:00:00,11654.0,11654.0,11490.0,11630.0,1282900,KBS
2020-05-28 07:00:00,11537.0,12144.0,11537.0,12144.0,1643320,KBS
2020-05-29 07:00:00,12144.0,12961.0,12144.0,12845.0,1528450,KBS
2020-06-01 07:00:00,12891.0,12938.0,12705.0,12705.0,1040230,KBS
2020-06-02 07:00:00,12658.0,12705.0,11817.0,12144.0,1017140,KBS
2020-06-03 07:00:00,12074.0,12191.0,11864.0,12144.0,424280,KBS
2020-06-04 07:00:00,12144.0,12237.0,11957.0,12051.0,570020,KBS
2020-06-05 07:00:00,12051.0,12284.0,11817.0,12284.0,871710,KBS
2020-06-08 07:00:00,12214.0,12331.0,12144.0,12308.0,851000,KBS
2020-06-09 07:00:00,12237.0,12331.0,12097.0,12144.0,575380,KBS
2020-06-10 07:00:00,12051.0,12144.0,11887.0,12144.0,476130,KBS
2020-06-11 07:00:00,12144.0,12144.0,11770.0,11770.0,573560,KBS
2020-06-12 07:00:00,11677.0,11817.0,11303.0,11817.0,399550,KBS
2020-06-15 07:00:00,11724.0,11817.0,11210.0,11350.0,392450,KBS
2020-06-16 07:00:00,11350.0,11537.0,11350.0,11443.0,503910,KBS
2020-06-17 07:00:00,11443.0,11443.0,10976.0,10976.0,589590,KBS
2020-06-18 07:00:00,10976.0,11210.0,10463.0,11163.0,346300,KBS
2020-06-19 07:00:00,11116.0,11116.0,10836.0,10836.0,901950,KBS
2020-06-22 07:00:00,11023.0,11584.0,11023.0,11584.0,358150,KBS
2020-06-23 07:00:00,12167.0,12237.0,11443.0,11700.0,709000,KBS
2020-06-24 07:00:00,11513.0,11700.0,11210.0,11257.0,487320,KBS
2020-06-25 07:00:00,11257.0,11443.0,11116.0,11163.0,439380,KBS
2020-06-26 07:00:00,11163.0,11397.0,11163.0,11350.0,677080,KBS
2020-06-29 07:00:00,11233.0,11303.0,10976.0,11210.0,753920,KBS
2020-06-30 07:00:00,11257.0,11817.0,11210.0,11257.0,748990,KBS
2020-07-01 07:00:00,11257.0,11467.0,10486.0,11350.0,1397740,KBS
2020-07-02 07:00:00,11350.0,11397.0,11070.0,11303.0,388220,KBS
2020-07-03 07:00:00,11210.0,11490.0,11210.0,11443.0,613730,KBS
2020-07-06 07:00:00,11163.0,11443.0,11163.0,11280.0,609830,KBS
2020-07-07 07:00:00,11233.0,11443.0,11233.0,11327.0,697340,KBS
2020-07-08 07:00:00,11280.0,11700.0,11257.0,11560.0,897800,KBS
2020-07-09 07:00:00,11560.0,11630.0,11443.0,11560.0,668850,KBS
2020-07-10 07:00:00,11443.0,11677.0,11443.0,11560.0,611790,KBS
2020-07-13 07:00:00,11654.0,11654.0,11513.0,11537.0,675670,KBS
2020-07-14 07:00:00,11537.0,11654.0,11443.0,11537.0,617960,KBS
2020-07-15 07:00:00,11584.0,11700.0,11537.0,11700.0,561170,KBS
2020-07-16 07:00:00,11724.0,11747.0,11607.0,11677.0,452090,KBS
2020-07-17 07:00:00,11537.0,11700.0,11537.0,11584.0,680890,KBS
2020-07-20 07:00:00,11584.0,11700.0,11490.0,11490.0,603890,KBS
2020-07-21 07:00:00,11490.0,11654.0,11490.0,11490.0,396930,KBS
2020-07-22 07:00:00,11584.0,11654.0,11490.0,11513.0,435460,KBS
2020-07-23 07:00:00,11513.0,11630.0,11467.0,11513.0,397560,KBS
2020-07-24 07:00:00,11513.0,11584.0,10976.0,11140.0,1049940,KBS
2020-07-27 07:00:00,10790.0,11140.0,10766.0,11140.0,1391000,KBS
2020-07-28 07:00:00,11070.0,11443.0,11070.0,11443.0,691260,KBS
2020-07-29 07:00:00,11490.0,11490.0,11257.0,11327.0,396460,KBS
2020-07-30 07:00:00,11327.0,11443.0,11303.0,11327.0,377350,KBS
2020-07-31 07:00:00,11770.0,11770.0,11163.0,11257.0,523360,KBS
2020-08-03 07:00:00,11303.0,11443.0,11140.0,11350.0,480350,KBS
2020-08-04 07:00:00,11350.0,11677.0,11350.0,11677.0,820840,KBS
2020-08-05 07:00:00,11677.0,11724.0,11537.0,11700.0,727910,KBS
2020-08-06 07:00:00,11770.0,11770.0,11607.0,11630.0,883580,KBS
2020-08-07 07:00:00,11560.0,11677.0,11490.0,11607.0,803030,KBS
2020-08-10 07:00:00,11584.0,11654.0,11560.0,11630.0,700830,KBS
2020-08-11 07:00:00,11630.0,11677.0,11537.0,11560.0,820800,KBS
2020-08-12 07:00:00,11560.0,11654.0,11560.0,11607.0,615900,KBS
2020-08-13 07:00:00,11607.0,11677.0,11560.0,11677.0,664900,KBS
2020-08-14 07:00:00,11770.0,12191.0,11724.0,12167.0,1421220,KBS
2020-08-17 07:00:00,12191.0,12564.0,12167.0,12564.0,949450,KBS
2020-08-18 07:00:00,12564.0,12564.0,12378.0,12424.0,774020,KBS
2020-08-19 07:00:00,12424.0,12424.0,12284.0,12331.0,905340,KBS
2020-08-20 07:00:00,12284.0,12541.0,12237.0,12471.0,988420,KBS
2020-08-21 07:00:00,12354.0,12845.0,12354.0,12821.0,1260980,KBS
2020-08-24 07:00:00,12821.0,12961.0,12564.0,12611.0,833160,KBS
2020-08-25 07:00:00,12611.0,12798.0,12564.0,12705.0,520290,KBS
2020-08-26 07:00:00,12705.0,13078.0,12588.0,13055.0,1307020,KBS
2020-08-27 07:00:00,13055.0,13826.0,13055.0,13779.0,1481440,KBS
2020-08-28 07:00:00,13685.0,13919.0,13639.0,13685.0,885990,KBS
2020-08-31 07:00:00,13685.0,13802.0,13218.0,13218.0,902700,KBS
2020-09-01 07:00:00,13312.0,13615.0,13312.0,13615.0,686000,KBS
2020-09-03 07:00:00,13615.0,13872.0,13615.0,13685.0,996130,KBS
2020-09-04 07:00:00,13452.0,14246.0,13429.0,14246.0,1969370,KBS
2020-09-07 07:00:00,14246.0,15227.0,14246.0,15227.0,404310,KBS
2020-09-08 07:00:00,15881.0,16208.0,15554.0,15741.0,1083190,KBS
2020-09-09 07:00:00,15414.0,15811.0,15414.0,15811.0,980300,KBS
2020-09-10 07:00:00,15811.0,16394.0,15694.0,16394.0,1503050,KBS
2020-09-11 07:00:00,16394.0,17189.0,16348.0,17189.0,1110090,KBS
2020-09-14 07:00:00,17282.0,17936.0,17189.0,17422.0,1020730,KBS
2020-09-15 07:00:00,17305.0,17842.0,17305.0,17656.0,685490,KBS
2020-09-16 07:00:00,17515.0,17749.0,17095.0,17656.0,1520690,KBS
2020-09-17 07:00:00,17656.0,17656.0,17282.0,17562.0,1516030,KBS
2020-09-18 07:00:00,17562.0,17796.0,17515.0,17796.0,2284120,KBS
2020-09-21 07:00:00,17819.0,18777.0,17819.0,18753.0,1912510,KBS
2020-09-22 07:00:00,18683.0,19150.0,18543.0,19104.0,1441900,KBS
2020-09-23 07:00:00,18963.0,19104.0,18403.0,18683.0,1557080,KBS
2020-09-24 07:00:00,18590.0,18893.0,18496.0,18823.0,1367530,KBS
2020-09-25 07:00:00,18730.0,18777.0,17702.0,17983.0,1148060,KBS
2020-09-28 07:00:00,18029.0,18777.0,18029.0,18777.0,2028320,KBS
2020-09-29 07:00:00,18777.0,18777.0,17912.0,18496.0,963110,KBS
2020-09-30 07:00:00,18216.0,18403.0,17889.0,18029.0,1231550,KBS
2020-10-01 07:00:00,18029.0,18636.0,17842.0,18636.0,1909790,KBS
2020-10-02 07:00:00,18566.0,18660.0,18029.0,18216.0,1325060,KBS
2020-10-05 07:00:00,18263.0,18450.0,17983.0,18029.0,1554110,KBS
2020-10-06 07:00:00,18076.0,18333.0,18006.0,18309.0,1528760,KBS
2020-10-07 07:00:00,18309.0,18333.0,18053.0,18123.0,1701940,KBS
2020-10-08 07:00:00,18123.0,18146.0,17889.0,17983.0,1440420,KBS
2020-10-09 07:00:00,18076.0,18403.0,18029.0,18309.0,1628160,KBS
2020-10-12 07:00:00,18309.0,18356.0,17983.0,18006.0,1280160,KBS
2020-10-13 07:00:00,18006.0,18006.0,17889.0,17983.0,1167560,KBS
2020-10-14 07:00:00,17936.0,18380.0,17912.0,18309.0,1623160,KBS
2020-10-15 07:00:00,18309.0,18309.0,18169.0,18263.0,1661930,KBS
2020-10-16 07:00:00,18146.0,18216.0,17749.0,17749.0,1825410,KBS
2020-10-19 07:00:00,17749.0,18263.0,17749.0,18216.0,1878950,KBS
2020-10-20 07:00:00,18216.0,18450.0,18193.0,18309.0,1875660,KBS
2020-10-21 07:00:00,18263.0,18309.0,18006.0,18006.0,1803360,KBS
2020-10-22 07:00:00,18006.0,18099.0,17842.0,18099.0,1560080,KBS
2020-10-23 07:00:00,18099.0,18099.0,17656.0,17936.0,1496040,KBS
2020-10-26 07:00:00,17936.0,18053.0,17912.0,17936.0,1675700,KBS
2020-10-27 07:00:00,17889.0,19174.0,17866.0,19174.0,3009670,KBS
2020-10-28 07:00:00,19197.0,20131.0,19197.0,19711.0,2519360,KBS
2020-10-29 07:00:00,19664.0,19851.0,19664.0,19711.0,2410190,KBS
2020-10-30 07:00:00,19664.0,19664.0,18893.0,19150.0,1776090,KBS
2020-11-02 07:00:00,19010.0,19244.0,18847.0,18963.0,1883990,KBS
2020-11-03 07:00:00,19010.0,20271.0,19010.0,20271.0,3122710,KBS
2020-11-04 07:00:00,20295.0,20598.0,19664.0,19664.0,2190700,KBS
2020-11-05 07:00:00,19477.0,20084.0,19244.0,19898.0,2938270,KBS
2020-11-06 07:00:00,20472.0,20472.0,19773.0,19947.0,2331160,KBS
2020-11-09 07:00:00,20072.0,20572.0,19947.0,20372.0,2920390,KBS
2020-11-10 07:00:00,20522.0,20572.0,19923.0,19972.0,2171120,KBS
2020-11-11 07:00:00,19972.0,19972.0,19323.0,19423.0,1961170,KBS
2020-11-12 07:00:00,19448.0,19723.0,19273.0,19723.0,1775880,KBS
2020-11-13 07:00:00,19823.0,19923.0,19598.0,19648.0,2265810,KBS
2020-11-16 07:00:00,19648.0,19673.0,18974.0,18974.0,2119080,KBS
2020-11-17 07:00:00,18974.0,19473.0,18974.0,19423.0,1885110,KBS
2020-11-18 07:00:00,19373.0,19423.0,19223.0,19298.0,2198210,KBS
2020-11-19 07:00:00,19223.0,19598.0,19223.0,19598.0,2295860,KBS
2020-11-20 07:00:00,19773.0,20946.0,19673.0,20946.0,3721350,KBS
2020-11-23 07:00:00,21071.0,21321.0,20622.0,20946.0,2295520,KBS
2020-11-24 07:00:00,20946.0,20946.0,20447.0,20921.0,2252570,KBS
2020-11-25 07:00:00,20871.0,20871.0,20172.0,20272.0,2336930,KBS
2020-11-26 07:00:00,20247.0,20322.0,19723.0,20322.0,2249000,KBS
2020-11-27 07:00:00,20272.0,21021.0,20172.0,20746.0,3544850,KBS
2020-11-30 07:00:00,20671.0,20746.0,20422.0,20647.0,2496410,KBS
2020-12-01 07:00:00,20072.0,20522.0,20072.0,20472.0,2295090,KBS
2020-12-02 07:00:00,20821.0,20821.0,20022.0,20422.0,2412740,KBS
2020-12-03 07:00:00,20422.0,21720.0,20072.0,21720.0,3810350,KBS
2020-12-04 07:00:00,21720.0,22219.0,21570.0,21720.0,2446350,KBS
2020-12-07 07:00:00,21620.0,21870.0,21121.0,21820.0,2946050,KBS
2020-12-08 07:00:00,21820.0,21870.0,21321.0,21695.0,2236980,KBS
2020-12-09 07:00:00,21745.0,21920.0,21570.0,21770.0,2872410,KBS
2020-12-10 07:00:00,21770.0,21920.0,21371.0,21420.0,2572120,KBS
2020-12-11 07:00:00,21371.0,21620.0,20971.0,21420.0,2347190,KBS
2020-12-14 07:00:00,21470.0,22394.0,21470.0,22394.0,4062630,KBS
2020-12-15 07:00:00,22319.0,22394.0,21970.0,22169.0,3076690,KBS
2020-12-16 07:00:00,22070.0,22219.0,21920.0,22219.0,3609790,KBS
2020-12-17 07:00:00,22070.0,22219.0,21720.0,21970.0,3117130,KBS
2020-12-18 07:00:00,21920.0,22319.0,21770.0,21845.0,3924570,KBS
2020-12-21 07:00:00,21920.0,23368.0,21920.0,23343.0,4250390,KBS
2020-12-22 07:00:00,23268.0,23967.0,22918.0,23967.0,4189830,KBS
2020-12-23 07:00:00,23867.0,24966.0,23717.0,24866.0,4079260,KBS
2020-12-24 07:00:00,24816.0,24966.0,23667.0,24966.0,3016020,KBS
2020-12-25 07:00:00,24716.0,24766.0,24217.0,24466.0,3114430,KBS
2020-12-28 07:00:00,24366.0,24866.0,24217.0,24816.0,3601600,KBS
2020-12-29 07:00:00,24816.0,26463.0,24516.0,25964.0,4109920,KBS
2020-12-30 07:00:00,25715.0,26214.0,25065.0,25515.0,3024660,KBS
2020-12-31 07:00:00,25415.0,25715.0,25265.0,25715.0,3092380,KBS
2021-01-04 07:00:00,25665.0,26264.0,25415.0,25864.0,3380200,KBS
2021-01-05 07:00:00,25764.0,26164.0,25565.0,25665.0,3227600,KBS
2021-01-06 07:00:00,25465.0,26164.0,25265.0,25914.0,3515200,KBS
2021-01-07 07:00:00,25914.0,26014.0,25365.0,25764.0,3148200,KBS
2021-01-08 07:00:00,25565.0,25814.0,25215.0,25665.0,3689700,KBS
2021-01-11 07:00:00,25665.0,25764.0,25415.0,25715.0,2328600,KBS
2021-01-12 07:00:00,25715.0,25864.0,25515.0,25715.0,3578100,KBS
2021-01-13 07:00:00,25615.0,26613.0,25465.0,26613.0,5038900,KBS
2021-01-14 07:00:00,26563.0,28461.0,26513.0,27961.0,5327500,KBS
2021-01-15 07:00:00,27662.0,27961.0,27212.0,27612.0,3532400,KBS
2021-01-18 07:00:00,27512.0,27662.0,26963.0,27462.0,3523000,KBS
2021-01-19 07:00:00,27362.0,27562.0,25565.0,26663.0,2731500,KBS
2021-01-20 07:00:00,26513.0,26663.0,25165.0,26463.0,3111400,KBS
2021-01-21 07:00:00,26414.0,26963.0,26164.0,26663.0,3528900,KBS
2021-01-22 07:00:00,26613.0,27762.0,26463.0,27662.0,4401900,KBS
2021-01-25 07:00:00,27662.0,28261.0,27362.0,28211.0,4820700,KBS
2021-01-26 07:00:00,28211.0,28211.0,26613.0,27712.0,3297500,KBS
2021-01-27 07:00:00,27312.0,27412.0,26463.0,26963.0,3220200,KBS
2021-01-28 07:00:00,25215.0,26963.0,25115.0,26214.0,2758900,KBS
2021-01-29 07:00:00,25914.0,27862.0,25665.0,27862.0,3711700,KBS
2021-02-01 07:00:00,27762.0,27862.0,26813.0,27212.0,3176200,KBS
2021-02-02 07:00:00,27163.0,27862.0,26763.0,27862.0,4085100,KBS
2021-02-03 07:00:00,27911.0,29709.0,27862.0,29459.0,5457200,KBS
2021-02-04 07:00:00,29459.0,29709.0,28960.0,29459.0,3836300,KBS
2021-02-05 07:00:00,29509.0,30158.0,29509.0,30158.0,3364200,KBS
2021-02-08 07:00:00,30059.0,30608.0,28211.0,30608.0,3868400,KBS
2021-02-09 07:00:00,30208.0,31357.0,29359.0,31357.0,4151800,KBS
2021-02-17 07:00:00,31257.0,32305.0,30857.0,32255.0,3977000,KBS
2021-02-18 07:00:00,32156.0,32505.0,31407.0,32505.0,3735100,KBS
2021-02-19 07:00:00,31956.0,32405.0,31457.0,32405.0,3790500,KBS
2021-02-22 07:00:00,32355.0,32355.0,31606.0,32206.0,3725500,KBS
2021-02-23 07:00:00,32056.0,32056.0,31307.0,31956.0,3163200,KBS
2021-02-24 07:00:00,31856.0,31906.0,30807.0,31507.0,3175500,KBS
2021-02-25 07:00:00,31307.0,31357.0,30458.0,31057.0,3287200,KBS
2021-02-26 07:00:00,30907.0,31606.0,30508.0,31457.0,3725300,KBS
2021-03-01 07:00:00,31457.0,32206.0,31407.0,32106.0,4017700,KBS
2021-03-02 07:00:00,32106.0,32206.0,31556.0,32206.0,3813100,KBS
2021-03-03 07:00:00,31956.0,32206.0,31706.0,32106.0,3461900,KBS
2021-03-04 07:00:00,32106.0,32156.0,31207.0,31357.0,1996100,KBS
2021-03-05 07:00:00,31207.0,31257.0,30458.0,31257.0,3428300,KBS
2021-03-08 07:00:00,31207.0,31357.0,30508.0,31107.0,3451400,KBS
2021-03-09 07:00:00,31157.0,31856.0,30458.0,31806.0,4088200,KBS
2021-03-10 07:00:00,31756.0,32206.0,31556.0,32106.0,4310900,KBS
2021-03-11 07:00:00,32106.0,33354.0,31956.0,33354.0,5569900,KBS
2021-03-12 07:00:00,33304.0,34253.0,33154.0,33554.0,4283000,KBS
2021-03-15 07:00:00,33654.0,33853.0,33004.0,33454.0,3467700,KBS
2021-03-16 07:00:00,33304.0,33504.0,32705.0,33504.0,3154900,KBS
2021-03-17 07:00:00,33304.0,33604.0,32805.0,33554.0,3162700,KBS
2021-03-18 07:00:00,33554.0,33953.0,33354.0,33953.0,3030600,KBS
2021-03-19 07:00:00,33853.0,34203.0,33454.0,34203.0,3151200,KBS
2021-03-22 07:00:00,33853.0,34053.0,33554.0,33703.0,3002900,KBS
2021-03-23 07:00:00,33813.0,34746.0,33100.0,34692.0,3540800,KBS
2021-03-24 07:00:00,34417.0,34692.0,33758.0,34417.0,2928000,KBS
2021-03-25 07:00:00,34362.0,34472.0,33758.0,34143.0,2851900,KBS
2021-03-26 07:00:00,34033.0,34033.0,32770.0,33758.0,2895900,KBS
2021-03-29 07:00:00,33649.0,34198.0,33484.0,34033.0,3209100,KBS
2021-03-30 07:00:00,33978.0,34252.0,33594.0,33923.0,2897100,KBS
2021-03-31 07:00:00,33923.0,34198.0,33539.0,34033.0,2753800,KBS
2021-04-01 07:00:00,34033.0,34856.0,33868.0,34692.0,3623500,KBS
2021-04-02 07:00:00,34801.0,35680.0,34637.0,35460.0,3879700,KBS
2021-04-05 07:00:00,37875.0,37875.0,35625.0,37326.0,4300600,KBS
2021-04-06 07:00:00,37326.0,37381.0,36887.0,37217.0,3274100,KBS
2021-04-07 07:00:00,37107.0,37711.0,36613.0,37711.0,3311200,KBS
2021-04-08 07:00:00,37656.0,37765.0,37326.0,37711.0,2918800,KBS
2021-04-09 07:00:00,37656.0,37875.0,37217.0,37656.0,2853600,KBS
2021-04-12 07:00:00,37601.0,37765.0,37326.0,37491.0,2786200,KBS
2021-04-13 07:00:00,37381.0,37546.0,37107.0,37217.0,2719500,KBS
2021-04-14 07:00:00,37107.0,37271.0,36723.0,37107.0,2764500,KBS
2021-04-15 07:00:00,36942.0,37436.0,36832.0,37107.0,2841800,KBS
2021-04-16 07:00:00,37052.0,39687.0,36997.0,38973.0,4893800,KBS
2021-04-19 07:00:00,39302.0,41663.0,38918.0,41663.0,5360800,KBS
2021-04-20 07:00:00,41718.0,44572.0,41718.0,43584.0,6453900,KBS
2021-04-22 07:00:00,43529.0,43694.0,41937.0,41937.0,3943000,KBS
2021-04-23 07:00:00,41937.0,43310.0,41718.0,43090.0,3921600,KBS
2021-04-26 07:00:00,45297.0,45480.0,44071.0,45480.0,5039200,KBS
2021-04-27 07:00:00,45358.0,45358.0,44071.0,44255.0,3368200,KBS
2021-04-28 07:00:00,44071.0,44071.0,43213.0,43825.0,3672400,KBS
2021-04-29 07:00:00,43887.0,44745.0,43029.0,43029.0,3222900,KBS
2021-05-04 07:00:00,43029.0,45113.0,42906.0,44745.0,4046400,KBS
2021-05-05 07:00:00,44561.0,44684.0,44132.0,44316.0,3275500,KBS
2021-05-06 07:00:00,44193.0,44438.0,43764.0,44009.0,3094000,KBS
2021-05-07 07:00:00,43887.0,44132.0,43029.0,43458.0,2686500,KBS
2021-05-10 07:00:00,43213.0,43458.0,42845.0,42845.0,2929000,KBS
2021-05-11 07:00:00,42845.0,43458.0,42538.0,42600.0,3827600,KBS
2021-05-12 07:00:00,42600.0,44745.0,42600.0,44500.0,4847700,KBS
2021-05-13 07:00:00,43213.0,44561.0,43213.0,43580.0,3520200,KBS
2021-05-14 07:00:00,43519.0,44255.0,43335.0,44132.0,2745800,KBS
2021-05-17 07:00:00,44132.0,44377.0,42845.0,43029.0,3410100,KBS
2021-05-18 07:00:00,42845.0,43213.0,42293.0,42967.0,2660600,KBS
2021-05-19 07:00:00,42967.0,43029.0,42477.0,43029.0,2494300,KBS
2021-05-20 07:00:00,42967.0,44745.0,42600.0,44745.0,2687500,KBS
2021-05-21 07:00:00,44377.0,46645.0,43519.0,46584.0,5809700,KBS
2021-05-24 07:00:00,46584.0,47503.0,46093.0,46829.0,4192300,KBS
2021-05-25 07:00:00,46584.0,47074.0,46277.0,46461.0,2857500,KBS
2021-05-26 07:00:00,46339.0,46522.0,45664.0,45848.0,2791400,KBS
2021-05-27 07:00:00,45787.0,47503.0,45235.0,47503.0,4468300,KBS
2021-05-28 07:00:00,47381.0,47810.0,46890.0,47687.0,3896800,KBS
2021-05-31 07:00:00,47442.0,47564.0,46277.0,47197.0,3238500,KBS
2021-06-01 07:00:00,47074.0,47074.0,46277.0,46461.0,1997700,KBS
2021-06-02 07:00:00,46216.0,47258.0,45910.0,47258.0,2907000,KBS
2021-06-03 07:00:00,47135.0,48116.0,46645.0,47994.0,4498700,KBS
2021-06-04 07:00:00,48116.0,50445.0,47871.0,50139.0,8119200,KBS
2021-06-07 07:00:00,50016.0,51487.0,49955.0,51058.0,5801200,KBS
2021-06-08 07:00:00,50936.0,52100.0,50200.0,50445.0,5185800,KBS
2021-06-09 07:00:00,50261.0,50629.0,49342.0,50384.0,3966100,KBS
2021-06-10 07:00:00,50139.0,51058.0,49403.0,50997.0,5472900,KBS
2021-06-11 07:00:00,50997.0,53571.0,50384.0,53571.0,7544100,KBS
2021-06-14 07:00:00,53694.0,56452.0,53510.0,56023.0,8276900,KBS
2021-06-15 07:00:00,56023.0,56942.0,55717.0,56697.0,6232900,KBS
2021-06-16 07:00:00,56575.0,56575.0,55165.0,56391.0,5819200,KBS
2021-06-17 07:00:00,55900.0,56268.0,55165.0,56207.0,4189400,KBS
2021-06-18 07:00:00,56146.0,56452.0,53878.0,56452.0,5510100,KBS
2021-06-21 07:00:00,56268.0,56636.0,54920.0,55471.0,4137100,KBS
2021-06-22 07:00:00,55471.0,55471.0,54184.0,54184.0,3891300,KBS
2021-06-23 07:00:00,54062.0,54062.0,52774.0,52774.0,3739100,KBS
2021-06-24 07:00:00,52652.0,54920.0,52591.0,54552.0,2976100,KBS
2021-06-25 07:00:00,54491.0,58230.0,54123.0,58230.0,6625900,KBS
2021-06-28 07:00:00,57985.0,59088.0,56820.0,57985.0,4955400,KBS
2021-06-29 07:00:00,57862.0,59762.0,57310.0,58781.0,4372500,KBS
2021-06-30 07:00:00,58659.0,59210.0,57188.0,57249.0,3786300,KBS
2021-07-01 07:00:00,57188.0,58965.0,56942.0,58781.0,5012800,KBS
2021-07-02 07:00:00,58781.0,59639.0,57617.0,58781.0,5272300,KBS
2021-07-05 07:00:00,58659.0,58843.0,57372.0,58230.0,3649200,KBS
2021-07-06 07:00:00,58046.0,58230.0,57372.0,57862.0,4058200,KBS
2021-07-07 07:00:00,57617.0,58965.0,56759.0,58965.0,4610200,KBS
2021-07-08 07:00:00,58904.0,58965.0,57494.0,58046.0,2624400,KBS
2021-07-09 07:00:00,57862.0,58046.0,57065.0,57862.0,2504200,KBS
2021-07-12 07:00:00,57494.0,57923.0,54368.0,55717.0,3218900,KBS
2021-07-13 07:00:00,55594.0,55594.0,52529.0,53326.0,2719300,KBS
2021-07-14 07:00:00,53387.0,54062.0,53265.0,53633.0,2178000,KBS
2021-07-15 07:00:00,53571.0,53633.0,51855.0,53449.0,2915000,KBS
2021-07-16 07:00:00,53449.0,56330.0,53449.0,55288.0,6716800,KBS
2021-07-19 07:00:00,55165.0,55165.0,52774.0,53816.0,2533500,KBS
2021-07-20 07:00:00,53694.0,55165.0,52713.0,55104.0,3110600,KBS
2021-07-21 07:00:00,54981.0,55226.0,53633.0,54184.0,1986000,KBS
2021-07-22 07:00:00,54246.0,56146.0,53694.0,55226.0,2886900,KBS
2021-07-23 07:00:00,55165.0,55471.0,54307.0,54307.0,2658700,KBS
2021-07-26 07:00:00,54000.0,55717.0,53449.0,55471.0,2919700,KBS
2021-07-27 07:00:00,55471.0,56391.0,55042.0,55042.0,3171200,KBS
2021-07-28 07:00:00,54858.0,56330.0,54429.0,55717.0,2531000,KBS
2021-07-29 07:00:00,55655.0,56146.0,55410.0,55717.0,2562900,KBS
2021-07-30 07:00:00,55655.0,56942.0,55349.0,56697.0,3698700,KBS
2021-08-02 07:00:00,56575.0,57617.0,56146.0,57372.0,3809100,KBS
2021-08-03 07:00:00,57372.0,58168.0,57004.0,57555.0,2997700,KBS
2021-08-04 07:00:00,57494.0,58107.0,56942.0,57494.0,3868300,KBS
2021-08-05 07:00:00,57249.0,58107.0,56759.0,57494.0,2962000,KBS
2021-08-06 07:00:00,57372.0,58107.0,57065.0,57310.0,3080100,KBS
2021-08-09 07:00:00,57249.0,57923.0,57065.0,57372.0,2942400,KBS
2021-08-10 07:00:00,57188.0,57617.0,56513.0,56942.0,2880100,KBS
2021-08-11 07:00:00,56942.0,57494.0,56452.0,56942.0,3341400,KBS
2021-08-12 07:00:00,56942.0,57310.0,56636.0,56697.0,2781700,KBS
2021-08-13 07:00:00,56697.0,57310.0,56023.0,56146.0,3431100,KBS
2021-08-16 07:00:00,56146.0,56513.0,55839.0,56207.0,3121000,KBS
2021-08-17 07:00:00,56146.0,56513.0,55655.0,55900.0,2684800,KBS
2021-08-18 07:00:00,55962.0,56391.0,53755.0,54552.0,5424800,KBS
2021-08-19 07:00:00,54552.0,54552.0,53326.0,54123.0,3610400,KBS
2021-08-20 07:00:00,54000.0,54062.0,51487.0,52162.0,3367200,KBS
2021-08-23 07:00:00,51732.0,51794.0,50139.0,50384.0,3570900,KBS
2021-08-24 07:00:00,50200.0,52713.0,50016.0,52713.0,4269700,KBS
2021-08-25 07:00:00,52713.0,54307.0,52713.0,53204.0,3400400,KBS
2021-08-26 07:00:00,53081.0,53326.0,50813.0,51181.0,3042800,KBS
2021-08-27 07:00:00,51181.0,52468.0,50139.0,52100.0,3428600,KBS
2021-08-30 07:00:00,52039.0,52897.0,51794.0,52407.0,3298800,KBS
2021-08-31 07:00:00,52284.0,53878.0,51058.0,53878.0,3577000,KBS
2021-09-01 07:00:00,53694.0,53694.0,51855.0,52529.0,2671900,KBS
2021-09-06 07:00:00,52468.0,53204.0,52162.0,52713.0,2918400,KBS
2021-09-07 07:00:00,52529.0,52529.0,50874.0,50874.0,3118800,KBS
2021-09-08 07:00:00,50752.0,52100.0,50261.0,51610.0,3572200,KBS
2021-09-09 07:00:00,51487.0,51610.0,50200.0,50507.0,2945500,KBS
2021-09-10 07:00:00,50445.0,51365.0,50200.0,50445.0,3025000,KBS
2021-09-13 07:00:00,50384.0,50936.0,49342.0,49342.0,3344000,KBS
2021-09-14 07:00:00,49281.0,50016.0,49036.0,49342.0,2879800,KBS
2021-09-15 07:00:00,49281.0,50261.0,49219.0,50078.0,2896600,KBS
2021-09-16 07:00:00,49955.0,50384.0,49648.0,50139.0,2779600,KBS
2021-09-17 07:00:00,50078.0,50200.0,49036.0,49036.0,4756000,KBS
2021-09-20 07:00:00,49097.0,51120.0,49036.0,50813.0,5077900,KBS
2021-09-21 07:00:00,50568.0,50568.0,49158.0,50016.0,3349600,KBS
2021-09-22 07:00:00,49955.0,50078.0,49281.0,49648.0,2752600,KBS
2021-09-23 07:00:00,49587.0,50016.0,49219.0,49403.0,2723800,KBS
2021-09-24 07:00:00,49403.0,49648.0,49036.0,49219.0,2819200,KBS
2021-09-27 07:00:00,49219.0,49955.0,49097.0,49219.0,3178100,KBS
2021-09-28 07:00:00,49158.0,49894.0,49097.0,49832.0,4066800,KBS
2021-09-29 07:00:00,49771.0,49955.0,49403.0,49771.0,2568300,KBS
2021-09-30 07:00:00,49710.0,50139.0,49403.0,50139.0,3055000,KBS
2021-10-01 07:00:00,50078.0,51549.0,49710.0,51487.0,4784100,KBS
2021-10-04 07:00:00,51487.0,52407.0,51426.0,52284.0,4519600,KBS
2021-10-05 07:00:00,52223.0,52407.0,51365.0,51487.0,3593400,KBS
2021-10-06 07:00:00,51426.0,51794.0,50507.0,51671.0,3765600,KBS
2021-10-07 07:00:00,51671.0,52591.0,51487.0,52345.0,4978200,KBS
2021-10-08 07:00:00,52345.0,53326.0,52223.0,53326.0,4072600,KBS
2021-10-11 07:00:00,53326.0,54429.0,53265.0,54429.0,5343400,KBS
2021-10-12 07:00:00,54429.0,54552.0,53633.0,54246.0,4357000,KBS
2021-10-13 07:00:00,54246.0,55655.0,53939.0,55533.0,5466700,KBS
2021-10-14 07:00:00,55410.0,57004.0,55349.0,57004.0,5158300,KBS
2021-10-15 07:00:00,57004.0,57126.0,55226.0,55962.0,4790000,KBS
2021-10-18 07:00:00,55900.0,58230.0,55778.0,57617.0,4903700,KBS
2021-10-19 07:00:00,57617.0,57739.0,57004.0,57310.0,3762300,KBS
2021-10-20 07:00:00,57188.0,60069.0,57126.0,59088.0,6287900,KBS
2021-10-21 07:00:00,59088.0,60007.0,58781.0,59272.0,4770800,KBS
2021-10-22 07:00:00,59210.0,61111.0,59210.0,60681.0,4819000,KBS
2021-10-25 07:00:00,60681.0,61049.0,60007.0,60069.0,4305100,KBS
2021-10-26 07:00:00,59823.0,59946.0,58107.0,59027.0,4742400,KBS
2021-10-27 07:00:00,58965.0,59578.0,58107.0,59517.0,4055200,KBS
2021-10-28 07:00:00,59456.0,59578.0,58230.0,58414.0,4129000,KBS
2021-10-29 07:00:00,58414.0,59149.0,58230.0,58843.0,4294200,KBS
2021-11-01 07:00:00,58720.0,59088.0,56759.0,57065.0,3886700,KBS
2021-11-02 07:00:00,57004.0,59149.0,57004.0,58414.0,4535400,KBS
2021-11-03 07:00:00,58291.0,58781.0,57065.0,57310.0,4366200,KBS
2021-11-04 07:00:00,57372.0,57739.0,56391.0,57433.0,4682500,KBS
2021-11-05 07:00:00,57433.0,58230.0,57372.0,58168.0,4654500,KBS
2021-11-08 07:00:00,58230.0,58720.0,56697.0,57065.0,4760700,KBS
2021-11-09 07:00:00,57065.0,57372.0,56330.0,56575.0,4024700,KBS
2021-11-10 07:00:00,56575.0,56697.0,54184.0,54675.0,3265200,KBS
2021-11-11 07:00:00,54675.0,57433.0,54675.0,56330.0,5375400,KBS
2021-11-12 07:00:00,56391.0,56942.0,55594.0,56023.0,3821600,KBS
2021-11-15 07:00:00,56023.0,56391.0,55471.0,55778.0,4380500,KBS
2021-11-16 07:00:00,55717.0,55839.0,54858.0,55471.0,3998100,KBS
2021-11-17 07:00:00,55471.0,56084.0,54858.0,55165.0,3390700,KBS
2021-11-18 07:00:00,55165.0,55471.0,54920.0,54920.0,3437000,KBS
2021-11-19 07:00:00,54920.0,56636.0,54797.0,55594.0,5113500,KBS
2021-11-22 07:00:00,55594.0,56636.0,55471.0,55717.0,3619100,KBS
2021-11-23 07:00:00,55717.0,56023.0,54675.0,55594.0,3912700,KBS
2021-11-24 07:00:00,55655.0,56084.0,55349.0,55410.0,3615200,KBS
2021-11-25 07:00:00,55655.0,57739.0,55655.0,57739.0,6052000,KBS
2021-11-26 07:00:00,58168.0,59149.0,58168.0,58720.0,5598900,KBS
2021-11-29 07:00:00,58230.0,58230.0,57126.0,57617.0,3409800,KBS
2021-11-30 07:00:00,57862.0,58168.0,56697.0,57372.0,4149600,KBS
2021-12-01 07:00:00,57188.0,57372.0,56452.0,57004.0,3218700,KBS
2021-12-02 07:00:00,57004.0,58168.0,57004.0,58107.0,4897400,KBS
2021-12-03 07:00:00,58536.0,58720.0,57678.0,58168.0,4724600,KBS
2021-12-06 07:00:00,58536.0,59762.0,58414.0,58597.0,7532800,KBS
2021-12-07 07:00:00,58965.0,59946.0,58536.0,59946.0,5713100,KBS
2021-12-08 07:00:00,60252.0,60620.0,59762.0,60436.0,5646200,KBS
2021-12-09 07:00:00,60559.0,60559.0,59946.0,60559.0,3990000,KBS
2021-12-10 07:00:00,60559.0,61172.0,59885.0,60498.0,4990300,KBS
2021-12-13 07:00:00,60498.0,60927.0,60007.0,60252.0,4254800,KBS
2021-12-14 07:00:00,60375.0,60375.0,56697.0,56697.0,4452700,KBS
2021-12-15 07:00:00,56759.0,57617.0,55471.0,57617.0,4613500,KBS
2021-12-16 07:00:00,57801.0,60069.0,57801.0,59885.0,5716400,KBS
2021-12-17 07:00:00,59885.0,60620.0,58536.0,58536.0,3934600,KBS
2021-12-20 07:00:00,58843.0,59456.0,58230.0,58536.0,4514200,KBS
2021-12-21 07:00:00,58659.0,58965.0,57985.0,58720.0,3546500,KBS
2021-12-22 07:00:00,58843.0,59272.0,57678.0,57739.0,3568400,KBS
2021-12-23 07:00:00,57862.0,58414.0,56452.0,58107.0,3775200,KBS
2021-12-24 07:00:00,58230.0,58475.0,57678.0,57923.0,3232600,KBS
2021-12-27 07:00:00,58046.0,58230.0,57004.0,57985.0,3496300,KBS
2021-12-28 07:00:00,57923.0,58230.0,57433.0,57678.0,2894400,KBS
2021-12-29 07:00:00,57801.0,57985.0,56759.0,57004.0,2994400,KBS
2021-12-30 07:00:00,57004.0,57862.0,56391.0,57862.0,3389700,KBS
2021-12-31 07:00:00,57985.0,58659.0,57862.0,58352.0,5215800,KBS
2022-01-04 07:00:00,58352.0,58659.0,57678.0,58107.0,3572300,KBS
2022-01-05 07:00:00,57923.0,58230.0,57004.0,57494.0,3756000,KBS
2022-01-06 07:00:00,57249.0,57555.0,56697.0,57494.0,2962900,KBS
2022-01-07 07:00:00,57433.0,58168.0,56575.0,57004.0,3724100,KBS
2022-01-10 07:00:00,57004.0,57555.0,56881.0,57310.0,3419000,KBS
2022-01-11 07:00:00,57310.0,57310.0,56391.0,56759.0,3549700,KBS
2022-01-12 07:00:00,56636.0,56820.0,55165.0,55165.0,4007200,KBS
2022-01-13 07:00:00,55165.0,56697.0,54920.0,55471.0,4176800,KBS
2022-01-14 07:00:00,55471.0,56391.0,54981.0,56268.0,3820900,KBS
2022-01-17 07:00:00,56146.0,56759.0,52591.0,53020.0,3248300,KBS
2022-01-18 07:00:00,53020.0,54675.0,52836.0,53939.0,4226100,KBS
2022-01-19 07:00:00,53939.0,56391.0,53878.0,54552.0,4774300,KBS
2022-01-20 07:00:00,54491.0,56391.0,54307.0,55165.0,4106400,KBS
2022-01-21 07:00:00,55165.0,55900.0,54736.0,55042.0,3710000,KBS
2022-01-24 07:00:00,55042.0,55288.0,51549.0,52345.0,3429800,KBS
2022-01-25 07:00:00,52223.0,55962.0,51671.0,55165.0,4175100,KBS
2022-01-26 07:00:00,55288.0,55717.0,52958.0,53204.0,2973000,KBS
2022-01-27 07:00:00,53326.0,54491.0,52713.0,53633.0,2913900,KBS
2022-01-28 07:00:00,53755.0,55655.0,53633.0,55655.0,3435800,KBS
2022-02-07 07:00:00,55900.0,56391.0,55410.0,55778.0,2948400,KBS
2022-02-08 07:00:00,55655.0,55962.0,54184.0,54552.0,2892800,KBS
2022-02-09 07:00:00,54491.0,56268.0,53939.0,55655.0,4110000,KBS
2022-02-10 07:00:00,55778.0,56023.0,55104.0,55165.0,3154400,KBS
2022-02-11 07:00:00,55104.0,55288.0,54246.0,55226.0,2953800,KBS
2022-02-14 07:00:00,55104.0,55104.0,54062.0,54858.0,2778300,KBS
2022-02-15 07:00:00,54797.0,55471.0,54613.0,55165.0,2681400,KBS
2022-02-16 07:00:00,55165.0,55594.0,54797.0,55288.0,2744800,KBS
2022-02-17 07:00:00,55471.0,56391.0,55349.0,56391.0,4033900,KBS
2022-02-18 07:00:00,56697.0,56881.0,55104.0,55900.0,3420100,KBS
2022-02-21 07:00:00,55839.0,56023.0,54920.0,55900.0,3198800,KBS
2022-02-22 07:00:00,55655.0,55717.0,54368.0,55042.0,3000600,KBS
2022-02-23 07:00:00,55104.0,55900.0,54797.0,55165.0,3003700,KBS
2022-02-24 07:00:00,55104.0,55226.0,53510.0,54307.0,3071000,KBS
2022-02-25 07:00:00,54246.0,55349.0,53387.0,53633.0,2684700,KBS
2022-02-28 07:00:00,53510.0,53816.0,52100.0,52100.0,2524200,KBS
2022-03-01 07:00:00,52100.0,52345.0,50690.0,51794.0,3405200,KBS
2022-03-02 07:00:00,52100.0,53939.0,52100.0,53449.0,5006800,KBS
2022-03-03 07:00:00,53694.0,54552.0,53387.0,53939.0,4930900,KBS
2022-03-04 07:00:00,53939.0,55471.0,52713.0,55471.0,4313400,KBS
2022-03-07 07:00:00,55594.0,55594.0,54062.0,54858.0,3534900,KBS
2022-03-08 07:00:00,54736.0,54736.0,53265.0,53387.0,3368200,KBS
2022-03-09 07:00:00,53571.0,54552.0,53204.0,53939.0,3227900,KBS
2022-03-10 07:00:00,54246.0,54552.0,53265.0,54000.0,3193200,KBS
2022-03-11 07:00:00,53939.0,54246.0,53326.0,53755.0,3097000,KBS
2022-03-14 07:00:00,53694.0,53816.0,52713.0,53633.0,2955900,KBS
2022-03-15 07:00:00,53510.0,53816.0,52468.0,52897.0,3325800,KBS
2022-03-16 07:00:00,52774.0,53081.0,52162.0,52591.0,2773800,KBS
2022-03-17 07:00:00,52529.0,53020.0,52284.0,52958.0,3282900,KBS
2022-03-18 07:00:00,52897.0,53020.0,52100.0,52100.0,3511500,KBS
2022-03-21 07:00:00,52223.0,55717.0,52039.0,55717.0,6146600,KBS
2022-03-22 07:00:00,56268.0,57004.0,55410.0,55962.0,4716300,KBS
2022-03-23 07:00:00,55778.0,55962.0,54981.0,55349.0,3043900,KBS
2022-03-24 07:00:00,55226.0,57555.0,54981.0,57555.0,5478600,KBS
2022-03-25 07:00:00,57494.0,58168.0,57188.0,57739.0,3681200,KBS
2022-03-28 07:00:00,57188.0,57923.0,55717.0,57004.0,4455000,KBS
2022-03-29 07:00:00,56881.0,57433.0,56084.0,56391.0,3268300,KBS
2022-03-30 07:00:00,56146.0,56207.0,54491.0,55594.0,2888200,KBS
2022-03-31 07:00:00,55288.0,55349.0,53939.0,54858.0,2665400,KBS
2022-04-01 07:00:00,54675.0,57310.0,53755.0,56820.0,3877700,KBS
2022-04-04 07:00:00,57310.0,57433.0,56207.0,56942.0,3250300,KBS
2022-04-05 07:00:00,56942.0,57310.0,56452.0,57004.0,3390000,KBS
2022-04-06 07:00:00,56759.0,57494.0,56330.0,57004.0,3833300,KBS
2022-04-07 07:00:00,56881.0,57310.0,56146.0,56759.0,2755000,KBS
2022-04-08 07:00:00,56697.0,56942.0,55717.0,55778.0,3065600,KBS
2022-04-12 07:00:00,55778.0,56268.0,54736.0,55165.0,3266000,KBS
2022-04-13 07:00:00,55042.0,55778.0,55042.0,55778.0,3029000,KBS
2022-04-14 07:00:00,55655.0,56084.0,54858.0,54858.0,3042700,KBS
2022-04-15 07:00:00,54736.0,54920.0,53081.0,53081.0,2544600,KBS
2022-04-18 07:00:00,53081.0,54000.0,52039.0,53816.0,2883600,KBS
2022-04-19 07:00:00,53755.0,54552.0,52591.0,52591.0,2688000,KBS
2022-04-20 07:00:00,52173.0,53427.0,51336.0,53092.0,2778800,KBS
2022-04-21 07:00:00,52758.0,53678.0,51587.0,53009.0,3034600,KBS
2022-04-22 07:00:00,52841.0,55350.0,50751.0,54263.0,3842600,KBS
2022-04-25 07:00:00,53928.0,53928.0,50668.0,51838.0,1848100,KBS
2022-04-26 07:00:00,51420.0,52507.0,49413.0,52423.0,3029300,KBS
2022-04-27 07:00:00,52089.0,52173.0,50500.0,51838.0,2534200,KBS
2022-04-28 07:00:00,51504.0,52256.0,50500.0,51838.0,2121300,KBS
2022-04-29 07:00:00,51755.0,52256.0,50584.0,51922.0,2033700,KBS
2022-05-04 07:00:00,51922.0,52089.0,50500.0,51420.0,2659200,KBS
2022-05-05 07:00:00,51253.0,51838.0,50584.0,51420.0,2541900,KBS
2022-05-06 07:00:00,51086.0,51420.0,50250.0,51002.0,1890700,KBS
2022-05-09 07:00:00,50333.0,51086.0,49163.0,49581.0,2278200,KBS
2022-05-10 07:00:00,48661.0,51755.0,47908.0,51755.0,2772400,KBS
2022-05-11 07:00:00,51671.0,51838.0,50250.0,50751.0,1902600,KBS
2022-05-12 07:00:00,50417.0,50417.0,47658.0,47658.0,1895200,KBS
2022-05-13 07:00:00,47323.0,48243.0,44815.0,44815.0,2608800,KBS
2022-05-16 07:00:00,44480.0,46738.0,44313.0,45651.0,2111100,KBS
2022-05-17 07:00:00,45484.0,47658.0,44313.0,47658.0,2603500,KBS
2022-05-18 07:00:00,48076.0,48076.0,46069.0,46654.0,2556300,KBS
2022-05-19 07:00:00,46069.0,46069.0,44648.0,45149.0,2589100,KBS
2022-05-20 07:00:00,45066.0,45985.0,44230.0,44982.0,2333500,KBS
2022-05-23 07:00:00,44731.0,44899.0,43477.0,44313.0,2037900,KBS
2022-05-24 07:00:00,43979.0,44480.0,42474.0,44480.0,2092200,KBS
2022-05-25 07:00:00,44397.0,44815.0,42975.0,44146.0,2395400,KBS
2022-05-26 07:00:00,44230.0,45567.0,43979.0,44815.0,2748100,KBS
2022-05-27 07:00:00,44982.0,45818.0,44313.0,45400.0,2110400,KBS
2022-05-30 07:00:00,45400.0,46403.0,44230.0,46236.0,3015700,KBS
2022-05-31 07:00:00,45902.0,46571.0,44982.0,45818.0,2578400,KBS
2022-06-01 07:00:00,45567.0,45985.0,44564.0,45567.0,2230700,KBS
2022-06-02 07:00:00,45567.0,45735.0,44480.0,45317.0,2360600,KBS
2022-06-03 07:00:00,45317.0,45735.0,44313.0,44899.0,2012400,KBS
2022-06-06 07:00:00,45066.0,45400.0,44062.0,44899.0,2042100,KBS
2022-06-07 07:00:00,44480.0,44899.0,43561.0,44230.0,1872000,KBS
2022-06-08 07:00:00,44146.0,44313.0,43394.0,44062.0,2275900,KBS
2022-06-09 07:00:00,44230.0,44731.0,43644.0,44480.0,1819200,KBS
2022-06-10 07:00:00,44313.0,44564.0,43561.0,44062.0,1733400,KBS
2022-06-13 07:00:00,43143.0,43728.0,41805.0,41805.0,2208600,KBS
2022-06-14 07:00:00,41387.0,41805.0,40342.0,41721.0,2030400,KBS
2022-06-15 07:00:00,41721.0,41889.0,40467.0,40802.0,2141900,KBS
2022-06-16 07:00:00,41387.0,42641.0,40300.0,42474.0,1867200,KBS
2022-06-17 07:00:00,41889.0,42056.0,40718.0,42056.0,2000000,KBS
2022-06-20 07:00:00,42139.0,42557.0,40802.0,41721.0,1974500,KBS
2022-06-21 07:00:00,41387.0,42223.0,40969.0,42223.0,1921200,KBS
2022-06-22 07:00:00,42307.0,43477.0,42056.0,43310.0,2226300,KBS
2022-06-23 07:00:00,43644.0,43895.0,42808.0,43644.0,1494300,KBS
2022-06-24 07:00:00,43728.0,44146.0,43226.0,43895.0,1715700,KBS
2022-06-27 07:00:00,43895.0,44230.0,43394.0,43979.0,1643000,KBS
2022-06-28 07:00:00,43812.0,44648.0,43310.0,44313.0,2009200,KBS
2022-06-29 07:00:00,44062.0,44313.0,43310.0,43812.0,1736700,KBS
2022-06-30 07:00:00,43644.0,43812.0,42975.0,43310.0,1434600,KBS
2022-07-01 07:00:00,42892.0,43812.0,42725.0,43812.0,1566500,KBS
2022-07-04 07:00:00,43812.0,44230.0,43143.0,43143.0,1574900,KBS
2022-07-05 07:00:00,43226.0,43644.0,43059.0,43477.0,1073100,KBS
2022-07-06 07:00:00,43143.0,43979.0,42641.0,43477.0,1503800,KBS
2022-07-07 07:00:00,43477.0,43728.0,42808.0,43728.0,1193900,KBS
2022-07-08 07:00:00,43895.0,44146.0,43143.0,44146.0,1010900,KBS
2022-07-11 07:00:00,43728.0,44230.0,43310.0,43728.0,1116900,KBS
2022-07-12 07:00:00,43728.0,44230.0,43310.0,43979.0,1002400,KBS
2022-07-13 07:00:00,43895.0,44146.0,43477.0,43895.0,1014000,KBS
2022-07-14 07:00:00,43728.0,44146.0,43394.0,44146.0,1200000,KBS
2022-07-15 07:00:00,44146.0,44480.0,43728.0,44146.0,1384700,KBS
2022-07-18 07:00:00,44313.0,44731.0,43728.0,44397.0,1357700,KBS
2022-07-19 07:00:00,44313.0,44480.0,43728.0,44397.0,1171400,KBS
2022-07-20 07:00:00,44648.0,44731.0,43979.0,44397.0,1889300,KBS
2022-07-21 07:00:00,43895.0,44564.0,43895.0,44230.0,1460800,KBS
2022-07-22 07:00:00,43728.0,44397.0,43561.0,43644.0,1540900,KBS
2022-07-25 07:00:00,43310.0,43895.0,43143.0,43812.0,1416100,KBS
2022-07-26 07:00:00,43561.0,44146.0,43310.0,43728.0,1010900,KBS
2022-07-27 07:00:00,43477.0,43895.0,43226.0,43895.0,1025300,KBS
2022-07-28 07:00:00,44062.0,44480.0,43477.0,44480.0,1231300,KBS
2022-07-29 07:00:00,44480.0,44731.0,43979.0,43979.0,1265400,KBS
2022-08-01 07:00:00,43561.0,45149.0,43561.0,44815.0,1663900,KBS
2022-08-02 07:00:00,44564.0,45066.0,44313.0,44982.0,1667800,KBS
2022-08-03 07:00:00,44815.0,45149.0,44397.0,44982.0,1606900,KBS
2022-08-04 07:00:00,44899.0,45149.0,44480.0,45149.0,1834600,KBS
2022-08-05 07:00:00,45149.0,45400.0,44648.0,45149.0,1640000,KBS
2022-08-08 07:00:00,44982.0,45400.0,44564.0,44982.0,2253600,KBS
2022-08-09 07:00:00,44648.0,45149.0,44564.0,44982.0,2610000,KBS
2022-08-10 07:00:00,44815.0,45149.0,44564.0,44899.0,2462700,KBS
2022-08-11 07:00:00,45233.0,45400.0,44313.0,44815.0,2683200,KBS
2022-08-12 07:00:00,44648.0,44982.0,44313.0,44982.0,2175300,KBS
2022-08-15 07:00:00,44731.0,45317.0,44564.0,45317.0,2590100,KBS
2022-08-16 07:00:00,45400.0,45567.0,44982.0,45567.0,2840000,KBS
2022-08-17 07:00:00,45735.0,48661.0,45317.0,48661.0,5209100,KBS
2022-08-18 07:00:00,48995.0,49079.0,48243.0,48828.0,3316600,KBS
2022-08-19 07:00:00,48577.0,48828.0,47741.0,48159.0,2914400,KBS
2022-08-22 07:00:00,47992.0,48076.0,46571.0,46905.0,2847400,KBS
2022-08-23 07:00:00,46487.0,47574.0,46236.0,47323.0,3198300,KBS
2022-08-24 07:00:00,47407.0,47574.0,46822.0,47156.0,2858800,KBS
2022-08-25 07:00:00,47156.0,47490.0,46069.0,47407.0,2431800,KBS
2022-08-26 07:00:00,46989.0,47407.0,46571.0,47072.0,2896300,KBS
2022-08-29 07:00:00,46153.0,46571.0,44982.0,44982.0,2737900,KBS
2022-08-30 07:00:00,44815.0,46403.0,44731.0,46069.0,3105700,KBS
2022-08-31 07:00:00,45985.0,46654.0,45567.0,46153.0,2290300,KBS
2022-09-05 07:00:00,45985.0,46320.0,45567.0,45902.0,2281800,KBS
2022-09-06 07:00:00,45735.0,46403.0,45400.0,45985.0,2725000,KBS
2022-09-07 07:00:00,45985.0,46153.0,44815.0,44982.0,2364200,KBS
2022-09-08 07:00:00,44815.0,45651.0,44146.0,45149.0,1807700,KBS
2022-09-09 07:00:00,44731.0,45400.0,44480.0,44731.0,1747900,KBS
2022-09-12 07:00:00,44397.0,44982.0,44230.0,44815.0,1936800,KBS
2022-09-13 07:00:00,44899.0,45400.0,43310.0,43310.0,1887200,KBS
2022-09-14 07:00:00,42892.0,43226.0,42223.0,42557.0,1835400,KBS
2022-09-15 07:00:00,42808.0,43143.0,42307.0,42892.0,1829200,KBS
2022-09-16 07:00:00,42808.0,44731.0,42056.0,44731.0,2247600,KBS
2022-09-19 07:00:00,44230.0,44313.0,42557.0,42641.0,2189500,KBS
2022-09-20 07:00:00,42474.0,43394.0,42474.0,43226.0,1752000,KBS
2022-09-21 07:00:00,42975.0,43226.0,42641.0,43143.0,1412600,KBS
2022-09-22 07:00:00,42725.0,43226.0,42474.0,43143.0,1455100,KBS
2022-09-23 07:00:00,42892.0,43226.0,42474.0,42474.0,1559200,KBS
2022-09-26 07:00:00,41972.0,42390.0,41763.0,42139.0,1565800,KBS
2022-09-27 07:00:00,41889.0,42139.0,41721.0,41805.0,1489400,KBS
2022-09-28 07:00:00,41554.0,42056.0,40802.0,42056.0,1320100,KBS
2022-09-29 07:00:00,42223.0,42808.0,42139.0,42474.0,1746100,KBS
2022-09-30 07:00:00,42390.0,42808.0,42056.0,42725.0,1823600,KBS
2022-10-03 07:00:00,42390.0,42725.0,41554.0,42641.0,1874900,KBS
2022-10-04 07:00:00,42808.0,43059.0,41889.0,42725.0,2083700,KBS
2022-10-05 07:00:00,43143.0,43226.0,42557.0,42892.0,1807200,KBS
2022-10-06 07:00:00,42725.0,42808.0,41805.0,42474.0,1676100,KBS
2022-10-07 07:00:00,42056.0,42307.0,39798.0,41387.0,2030700,KBS
2022-10-10 07:00:00,40802.0,41889.0,39506.0,41889.0,1938700,KBS
2022-10-11 07:00:00,41972.0,41972.0,39715.0,40802.0,1629300,KBS
2022-10-12 07:00:00,40551.0,41805.0,39715.0,40676.0,1444400,KBS
2022-10-13 07:00:00,40718.0,41052.0,39631.0,40927.0,1863200,KBS
2022-10-14 07:00:00,41052.0,41303.0,40133.0,40927.0,2076100,KBS
2022-10-17 07:00:00,40802.0,41471.0,39966.0,41471.0,2022000,KBS
2022-10-18 07:00:00,41471.0,41805.0,40885.0,41554.0,2077600,KBS
2022-10-19 07:00:00,41136.0,41387.0,40467.0,41387.0,1727400,KBS
2022-10-20 07:00:00,40969.0,41303.0,40467.0,40969.0,1800700,KBS
2022-10-21 07:00:00,40802.0,40969.0,39715.0,40718.0,1263600,KBS
2022-10-24 07:00:00,40551.0,40551.0,38962.0,39297.0,1351100,KBS
2022-10-25 07:00:00,39046.0,39129.0,37457.0,39046.0,1409400,KBS
2022-10-26 07:00:00,38879.0,38879.0,37290.0,38043.0,878400,KBS
2022-10-27 07:00:00,37792.0,37959.0,37206.0,37959.0,1131500,KBS
2022-10-28 07:00:00,37875.0,37875.0,36538.0,37290.0,996200,KBS
2022-10-31 07:00:00,37541.0,37541.0,35952.0,36538.0,1682900,KBS
2022-11-01 07:00:00,36538.0,36621.0,35200.0,35451.0,1989700,KBS
2022-11-02 07:00:00,35367.0,36872.0,33946.0,34949.0,3001400,KBS
2022-11-03 07:00:00,34782.0,34782.0,32524.0,33695.0,2293000,KBS
2022-11-04 07:00:00,31354.0,31354.0,31354.0,31354.0,108100,KBS
2022-11-07 07:00:00,29180.0,29180.0,29180.0,29180.0,280100,KBS
2022-11-08 07:00:00,27173.0,27173.0,27173.0,27173.0,312900,KBS
2022-11-09 07:00:00,25292.0,25292.0,25292.0,25292.0,213800,KBS
2022-11-10 07:00:00,23536.0,23536.0,23536.0,23536.0,175600,KBS
2022-11-11 07:00:00,21906.0,21906.0,21906.0,21906.0,219800,KBS
2022-11-14 07:00:00,20401.0,20401.0,20401.0,20401.0,5000,KBS
2022-11-15 07:00:00,18979.0,18979.0,18979.0,18979.0,181900,KBS
2022-11-16 07:00:00,17683.0,17683.0,17683.0,17683.0,99400,KBS
2022-11-17 07:00:00,16471.0,16471.0,16471.0,16471.0,139700,KBS
2022-11-18 07:00:00,15342.0,15342.0,15342.0,15342.0,198000,KBS
2022-11-21 07:00:00,14297.0,14297.0,14297.0,14297.0,172600,KBS
2022-11-22 07:00:00,13336.0,13336.0,13336.0,13336.0,34900200,KBS
2022-11-23 07:00:00,12416.0,12416.0,12416.0,12416.0,787100,KBS
2022-11-24 07:00:00,11580.0,11580.0,11580.0,11580.0,344700,KBS
2022-11-25 07:00:00,10786.0,10786.0,10786.0,10786.0,4598900,KBS
2022-11-28 07:00:00,10033.0,10033.0,10033.0,10033.0,41731000,KBS
2022-11-29 07:00:00,9364.0,10702.0,9364.0,10702.0,94097400,KBS
2022-11-30 07:00:00,11413.0,11413.0,11413.0,11413.0,1090100,KBS
2022-12-01 07:00:00,12207.0,12207.0,11747.0,12207.0,41985400,KBS
2022-12-02 07:00:00,13043.0,13043.0,11789.0,13043.0,48896500,KBS
2022-12-05 07:00:00,13796.0,13921.0,12960.0,13921.0,35608800,KBS
2022-12-06 07:00:00,13921.0,14255.0,12960.0,12960.0,43724200,KBS
2022-12-07 07:00:00,12541.0,13210.0,12082.0,13210.0,25505900,KBS
2022-12-08 07:00:00,13628.0,14130.0,12374.0,13879.0,16214300,KBS
2022-12-09 07:00:00,13754.0,13837.0,13085.0,13796.0,13071700,KBS
2022-12-12 07:00:00,14214.0,14506.0,12960.0,12960.0,16615000,KBS
2022-12-13 07:00:00,12876.0,12960.0,12082.0,12960.0,16516900,KBS
2022-12-14 07:00:00,13169.0,13169.0,12458.0,12541.0,7506200,KBS
2022-12-15 07:00:00,12541.0,12709.0,11789.0,11998.0,10493500,KBS
2022-12-16 07:00:00,11705.0,12541.0,11664.0,12123.0,11706600,KBS
2022-12-19 07:00:00,12123.0,12458.0,11496.0,11538.0,7977100,KBS
2022-12-20 07:00:00,11538.0,11538.0,10744.0,10786.0,20720400,KBS
2022-12-21 07:00:00,10869.0,11120.0,10033.0,10033.0,12416500,KBS
2022-12-22 07:00:00,10326.0,10702.0,10033.0,10702.0,6519700,KBS
2022-12-23 07:00:00,11204.0,11371.0,10827.0,10911.0,9728100,KBS
2022-12-26 07:00:00,10953.0,11078.0,10159.0,10159.0,9068900,KBS
2022-12-27 07:00:00,10242.0,10535.0,9824.0,10535.0,7254800,KBS
2022-12-28 07:00:00,10953.0,11246.0,10786.0,11246.0,13569800,KBS
2022-12-29 07:00:00,11287.0,11998.0,11204.0,11204.0,8840400,KBS
2022-12-30 07:00:00,11287.0,11538.0,10744.0,11371.0,8740100,KBS
2023-01-03 07:00:00,11664.0,12165.0,11538.0,12165.0,14856100,KBS
2023-01-04 07:00:00,12332.0,12667.0,12123.0,12541.0,13184300,KBS
2023-01-05 07:00:00,12500.0,12834.0,12082.0,12667.0,9840200,KBS
2023-01-06 07:00:00,12416.0,12792.0,12040.0,12332.0,12008500,KBS
2023-01-09 07:00:00,12207.0,12541.0,11789.0,11914.0,8745600,KBS
2023-01-10 07:00:00,11956.0,12123.0,11664.0,11914.0,6908800,KBS
2023-01-11 07:00:00,12123.0,12625.0,11873.0,12374.0,13695500,KBS
2023-01-12 07:00:00,12500.0,12541.0,12123.0,12249.0,5715900,KBS
2023-01-13 07:00:00,12374.0,12416.0,11664.0,11705.0,9479100,KBS
2023-01-16 07:00:00,11622.0,11789.0,11246.0,11455.0,6480200,KBS
2023-01-17 07:00:00,11455.0,11956.0,11413.0,11789.0,5243900,KBS
2023-01-18 07:00:00,11914.0,11998.0,11664.0,11956.0,4972200,KBS
2023-01-19 07:00:00,11873.0,12040.0,11622.0,11831.0,4391600,KBS
2023-01-27 07:00:00,11873.0,11873.0,11455.0,11455.0,6820200,KBS
2023-01-30 07:00:00,11538.0,11831.0,11246.0,11455.0,6443600,KBS
2023-01-31 07:00:00,11622.0,11622.0,11413.0,11580.0,3514900,KBS
2023-02-01 07:00:00,11622.0,12374.0,11580.0,11622.0,19141800,KBS
2023-02-02 07:00:00,11873.0,11873.0,11287.0,11496.0,3622700,KBS
2023-02-03 07:00:00,11664.0,11664.0,11204.0,11455.0,8786300,KBS
2023-02-06 07:00:00,11371.0,11622.0,11204.0,11496.0,4184200,KBS
2023-02-07 07:00:00,11538.0,11580.0,10702.0,10702.0,9994600,KBS
2023-02-08 07:00:00,10744.0,10869.0,10075.0,10326.0,8087000,KBS
2023-02-09 07:00:00,10493.0,10535.0,10075.0,10075.0,3768400,KBS
2023-02-10 07:00:00,10117.0,10242.0,9950.0,10075.0,3825700,KBS
2023-02-13 07:00:00,9490.0,9782.0,9406.0,9406.0,13991200,KBS
2023-02-14 07:00:00,9197.0,9448.0,8779.0,8863.0,13261500,KBS
2023-02-15 07:00:00,8946.0,9448.0,8361.0,9113.0,4842500,KBS
2023-02-16 07:00:00,9155.0,9448.0,8988.0,9197.0,3709700,KBS
2023-02-17 07:00:00,9197.0,9532.0,9113.0,9155.0,6793300,KBS
2023-02-20 07:00:00,9155.0,9782.0,9155.0,9782.0,8262100,KBS
2023-02-21 07:00:00,9991.0,10242.0,9741.0,9782.0,8553700,KBS
2023-02-22 07:00:00,9406.0,9615.0,9155.0,9197.0,8195500,KBS
2023-02-23 07:00:00,9030.0,9281.0,8737.0,9113.0,6055400,KBS
2023-02-24 07:00:00,9113.0,9197.0,8821.0,8821.0,2360100,KBS
2023-02-27 07:00:00,8779.0,8779.0,8445.0,8528.0,4769200,KBS
2023-02-28 07:00:00,8612.0,8737.0,8336.0,8445.0,2772400,KBS
2023-03-01 07:00:00,8361.0,8779.0,8311.0,8695.0,3232800,KBS
2023-03-02 07:00:00,8737.0,8863.0,8612.0,8779.0,1811300,KBS
2023-03-03 07:00:00,8695.0,8779.0,8445.0,8779.0,3313100,KBS
2023-03-06 07:00:00,9197.0,9364.0,9197.0,9364.0,3379000,KBS
2023-03-07 07:00:00,9699.0,9741.0,9197.0,9448.0,8000900,KBS
2023-03-08 07:00:00,9323.0,9908.0,9197.0,9908.0,6631700,KBS
2023-03-09 07:00:00,9741.0,10075.0,9741.0,10033.0,5334300,KBS
2023-03-10 07:00:00,9866.0,9950.0,9699.0,9824.0,3456900,KBS
2023-03-13 07:00:00,9615.0,9866.0,9406.0,9866.0,3242400,KBS
2023-03-14 07:00:00,9824.0,9908.0,9490.0,9866.0,3894100,KBS
2023-03-15 07:00:00,9908.0,10368.0,9866.0,10242.0,10095300,KBS
2023-03-16 07:00:00,10033.0,10200.0,9866.0,10200.0,4896800,KBS
2023-03-17 07:00:00,10200.0,10326.0,9950.0,10200.0,6707800,KBS
2023-03-20 07:00:00,10159.0,10159.0,9741.0,9866.0,4497300,KBS
2023-03-21 07:00:00,9782.0,9782.0,9490.0,9699.0,8352600,KBS
2023-03-22 07:00:00,9824.0,9991.0,9741.0,9950.0,4690500,KBS
2023-03-23 07:00:00,9824.0,10033.0,9782.0,10033.0,2720800,KBS
2023-03-24 07:00:00,9991.0,10368.0,9866.0,10326.0,7242500,KBS
2023-03-27 07:00:00,10326.0,10577.0,10284.0,10535.0,5422700,KBS
2023-03-28 07:00:00,10660.0,10786.0,10326.0,10409.0,5752600,KBS
2023-03-29 07:00:00,10409.0,10409.0,10159.0,10368.0,3569800,KBS
2023-03-30 07:00:00,10368.0,10535.0,10242.0,10368.0,4457700,KBS
2023-03-31 07:00:00,10368.0,10535.0,10242.0,10451.0,4529900,KBS
2023-04-03 07:00:00,10702.0,11078.0,10535.0,11078.0,8446200,KBS
2023-04-04 07:00:00,11120.0,11162.0,10786.0,10995.0,7810300,KBS
2023-04-05 07:00:00,10995.0,11246.0,10911.0,11204.0,7232600,KBS
2023-04-06 07:00:00,11204.0,11664.0,11120.0,11287.0,17178400,KBS
2023-04-07 07:00:00,11287.0,11329.0,10995.0,11287.0,5945700,KBS
2023-04-10 07:00:00,11455.0,11538.0,11037.0,11037.0,8924100,KBS
2023-04-11 07:00:00,11037.0,11413.0,10618.0,11287.0,8753600,KBS
2023-04-12 07:00:00,11413.0,11873.0,11204.0,11831.0,19134600,KBS
2023-04-13 07:00:00,11831.0,11831.0,11455.0,11705.0,7349700,KBS
2023-04-14 07:00:00,11705.0,11705.0,11204.0,11204.0,10276800,KBS
2023-04-17 07:00:00,11287.0,11622.0,11037.0,11622.0,7005200,KBS
2023-04-18 07:00:00,11664.0,11747.0,11329.0,11622.0,7472200,KBS
2023-04-19 07:00:00,11664.0,11873.0,11287.0,11455.0,10333100,KBS
2023-04-20 07:00:00,11496.0,11496.0,11037.0,11204.0,8550000,KBS
2023-04-21 07:00:00,11120.0,11162.0,10702.0,10869.0,14193400,KBS
2023-04-24 07:00:00,10953.0,11037.0,10535.0,11037.0,4202100,KBS
2023-04-25 07:00:00,11078.0,11204.0,10786.0,10827.0,4405900,KBS
2023-04-26 07:00:00,10786.0,10953.0,10660.0,10953.0,3949200,KBS
2023-04-27 07:00:00,10995.0,11496.0,10869.0,11496.0,9610300,KBS
2023-04-28 07:00:00,11538.0,11956.0,11413.0,11831.0,17150400,KBS
2023-05-04 07:00:00,11705.0,11747.0,11413.0,11455.0,6771100,KBS
2023-05-05 07:00:00,11413.0,11455.0,11204.0,11287.0,4611600,KBS
2023-05-08 07:00:00,11371.0,11580.0,11246.0,11329.0,6068500,KBS
2023-05-09 07:00:00,11455.0,11455.0,11120.0,11246.0,4642500,KBS
2023-05-10 07:00:00,11287.0,11496.0,11204.0,11496.0,5410800,KBS
2023-05-11 07:00:00,11496.0,11873.0,11371.0,11664.0,11189900,KBS
2023-05-12 07:00:00,11664.0,11705.0,11496.0,11664.0,5193600,KBS
2023-05-15 07:00:00,11873.0,11873.0,11538.0,11538.0,6557000,KBS
2023-05-16 07:00:00,11496.0,11538.0,11287.0,11371.0,4245000,KBS
2023-05-17 07:00:00,11287.0,11496.0,11204.0,11204.0,6083700,KBS
2023-05-18 07:00:00,11120.0,11162.0,10911.0,11037.0,8153200,KBS
2023-05-19 07:00:00,11120.0,11162.0,10953.0,11162.0,2845200,KBS
2023-05-22 07:00:00,11287.0,11287.0,11078.0,11204.0,4831800,KBS
2023-05-23 07:00:00,11204.0,11496.0,11078.0,11371.0,14410200,KBS
2023-05-24 07:00:00,11455.0,11455.0,11329.0,11413.0,7732900,KBS
2023-05-25 07:00:00,11329.0,11371.0,11120.0,11329.0,7963100,KBS
2023-05-26 07:00:00,11329.0,11371.0,11162.0,11204.0,2984800,KBS
2023-05-29 07:00:00,11287.0,11538.0,11204.0,11455.0,5931000,KBS
2023-05-30 07:00:00,11455.0,12249.0,11455.0,12123.0,22711800,KBS
2023-05-31 07:00:00,12165.0,12374.0,11956.0,12207.0,10919200,KBS
2023-06-01 07:00:00,12207.0,12583.0,12165.0,12458.0,12723800,KBS
2023-06-02 07:00:00,12625.0,12625.0,12249.0,12500.0,10322500,KBS
2023-06-05 07:00:00,12667.0,12667.0,12207.0,12291.0,10757500,KBS
2023-06-06 07:00:00,12291.0,12541.0,12123.0,12500.0,9081500,KBS
2023-06-07 07:00:00,12583.0,13336.0,12541.0,13336.0,22299700,KBS
2023-06-08 07:00:00,13796.0,14046.0,13503.0,13628.0,22905600,KBS
2023-06-09 07:00:00,13628.0,14214.0,13419.0,14130.0,20663900,KBS
2023-06-12 07:00:00,14297.0,14799.0,14046.0,14799.0,20198900,KBS
2023-06-13 07:00:00,15050.0,15259.0,14590.0,14799.0,17361800,KBS
2023-06-14 07:00:00,14883.0,14966.0,14130.0,14172.0,17156700,KBS
2023-06-15 07:00:00,14172.0,14548.0,14088.0,14465.0,17573700,KBS
2023-06-16 07:00:00,14590.0,14883.0,14046.0,14088.0,19205800,KBS
2023-06-19 07:00:00,14088.0,14172.0,13252.0,13503.0,25416200,KBS
2023-06-20 07:00:00,13587.0,14381.0,13419.0,14381.0,12898800,KBS
2023-06-21 07:00:00,14465.0,14632.0,14297.0,14465.0,11616000,KBS
2023-06-22 07:00:00,14674.0,14924.0,14465.0,14506.0,12885900,KBS
2023-06-23 07:00:00,14506.0,14590.0,14088.0,14339.0,13141200,KBS
2023-06-26 07:00:00,14214.0,14590.0,13879.0,14423.0,15569900,KBS
2023-06-27 07:00:00,14548.0,14590.0,14088.0,14214.0,9644600,KBS
2023-06-28 07:00:00,14297.0,14632.0,14088.0,14214.0,18309700,KBS
2023-06-29 07:00:00,14339.0,14339.0,13796.0,13796.0,10119800,KBS
2023-06-30 07:00:00,13754.0,14381.0,13754.0,14046.0,13900000,KBS
2023-07-03 07:00:00,14172.0,14214.0,13921.0,13963.0,5933900,KBS
2023-07-04 07:00:00,14046.0,14214.0,13754.0,14214.0,11452800,KBS
2023-07-05 07:00:00,14255.0,14841.0,14130.0,14506.0,18741300,KBS
2023-07-06 07:00:00,14506.0,14632.0,14046.0,14130.0,11591500,KBS
2023-07-07 07:00:00,14046.0,14465.0,13837.0,14465.0,9042000,KBS
2023-07-10 07:00:00,14632.0,15468.0,14548.0,15468.0,28168200,KBS
2023-07-11 07:00:00,15719.0,15969.0,15301.0,15384.0,12895400,KBS
2023-07-12 07:00:00,15426.0,16262.0,15259.0,15969.0,18040100,KBS
2023-07-13 07:00:00,16220.0,16220.0,15844.0,16053.0,10180900,KBS
2023-07-14 07:00:00,16137.0,16262.0,15510.0,15802.0,18285700,KBS
2023-07-17 07:00:00,16053.0,16638.0,15886.0,16304.0,17098200,KBS
2023-07-18 07:00:00,16179.0,16429.0,15928.0,16095.0,11346500,KBS
2023-07-19 07:00:00,16179.0,16179.0,15719.0,15719.0,15354900,KBS
2023-07-20 07:00:00,15719.0,16262.0,15551.0,16262.0,13253900,KBS
2023-07-21 07:00:00,16304.0,17391.0,16137.0,17391.0,25138900,KBS
2023-07-24 07:00:00,17642.0,17976.0,17474.0,17851.0,15418400,KBS
2023-07-25 07:00:00,17893.0,18185.0,17642.0,17851.0,16568800,KBS
2023-07-26 07:00:00,17558.0,18102.0,17391.0,18018.0,16998900,KBS
2023-07-27 07:00:00,18018.0,18478.0,17809.0,18394.0,17275400,KBS
2023-07-28 07:00:00,18394.0,18603.0,18102.0,18269.0,14558900,KBS
2023-07-31 07:00:00,18269.0,18269.0,17767.0,18143.0,11291300,KBS
2023-08-01 07:00:00,18102.0,18102.0,17433.0,17433.0,15391400,KBS
2023-08-02 07:00:00,17391.0,17976.0,17224.0,17893.0,8640400,KBS
2023-08-03 07:00:00,17809.0,18227.0,17516.0,17893.0,10093800,KBS
2023-08-04 07:00:00,18227.0,18938.0,17976.0,18770.0,28856600,KBS
2023-08-07 07:00:00,18979.0,19021.0,18394.0,18812.0,12595300,KBS
2023-08-08 07:00:00,18812.0,18896.0,18394.0,18394.0,11027900,KBS
2023-08-09 07:00:00,18143.0,18394.0,17893.0,17976.0,15579000,KBS
2023-08-10 07:00:00,17767.0,18394.0,17767.0,17976.0,13526300,KBS
2023-08-11 07:00:00,18143.0,18352.0,17642.0,18352.0,9872700,KBS
2023-08-14 07:00:00,18603.0,19147.0,18561.0,19063.0,18728300,KBS
2023-08-15 07:00:00,19063.0,19105.0,18687.0,18729.0,8958400,KBS
2023-08-16 07:00:00,18561.0,19105.0,18352.0,19063.0,12684800,KBS
2023-08-17 07:00:00,19481.0,19941.0,19105.0,19105.0,16332300,KBS
2023-08-18 07:00:00,18645.0,18938.0,17809.0,17809.0,20648100,KBS
2023-08-21 07:00:00,17558.0,17767.0,16764.0,17140.0,16151100,KBS
2023-08-22 07:00:00,17140.0,17349.0,15969.0,17307.0,18406200,KBS
2023-08-23 07:00:00,17474.0,17725.0,17307.0,17558.0,10978400,KBS
2023-08-24 07:00:00,17725.0,18561.0,17516.0,18478.0,17955900,KBS
2023-08-25 07:00:00,18394.0,18812.0,18227.0,18478.0,11526300,KBS
2023-08-28 07:00:00,18645.0,18854.0,18227.0,18812.0,10947900,KBS
2023-08-29 07:00:00,18979.0,20108.0,18896.0,20066.0,32739800,KBS
2023-08-30 07:00:00,20066.0,20317.0,19439.0,20234.0,12403100,KBS
2023-08-31 07:00:00,20234.0,21279.0,20234.0,20735.0,13132300,KBS
2023-09-05 07:00:00,21195.0,21195.0,20443.0,20819.0,10674600,KBS
2023-09-06 07:00:00,20819.0,21404.0,20484.0,21362.0,13018900,KBS
2023-09-07 07:00:00,21571.0,21780.0,21195.0,21404.0,9170200,KBS
2023-09-08 07:00:00,21362.0,21697.0,21153.0,21404.0,7773500,KBS
2023-09-11 07:00:00,21446.0,21613.0,20652.0,20652.0,15434400,KBS
2023-09-12 07:00:00,20484.0,22073.0,20192.0,21989.0,18514400,KBS
2023-09-13 07:00:00,22324.0,22407.0,21613.0,21948.0,14940400,KBS
2023-09-14 07:00:00,21739.0,21822.0,20986.0,21237.0,18287200,KBS
2023-09-15 07:00:00,21321.0,21989.0,20735.0,21864.0,19677300,KBS
2023-09-18 07:00:00,21739.0,21780.0,21321.0,21488.0,7996400,KBS
2023-09-19 07:00:00,21571.0,21655.0,20568.0,21571.0,13150700,KBS
2023-09-20 07:00:00,21571.0,22575.0,21237.0,22575.0,13169900,KBS
2023-09-21 07:00:00,22575.0,22575.0,21822.0,21948.0,7557300,KBS
2023-09-22 07:00:00,21404.0,21613.0,20443.0,20484.0,17491300,KBS
2023-09-25 07:00:00,20484.0,20610.0,19063.0,19063.0,18089200,KBS
2023-09-26 07:00:00,19063.0,19816.0,18352.0,18352.0,14755300,KBS
2023-09-27 07:00:00,18645.0,19607.0,18018.0,19607.0,11187000,KBS
2023-09-28 07:00:00,19607.0,19774.0,19063.0,19774.0,7680600,KBS
2023-09-29 07:00:00,20066.0,20443.0,19774.0,20025.0,12020200,KBS
2023-10-02 07:00:00,20192.0,20359.0,19899.0,20317.0,4719200,KBS
2023-10-03 07:00:00,19899.0,19983.0,18896.0,18896.0,14332100,KBS
2023-10-04 07:00:00,17976.0,19941.0,17976.0,19565.0,10517100,KBS
2023-10-05 07:00:00,19816.0,19899.0,18770.0,18896.0,6541200,KBS
2023-10-06 07:00:00,18812.0,19565.0,18269.0,19314.0,9384700,KBS
2023-10-09 07:00:00,19565.0,19816.0,19105.0,19732.0,6092000,KBS
2023-10-10 07:00:00,19983.0,20025.0,19397.0,19397.0,6223800,KBS
2023-10-11 07:00:00,19481.0,19607.0,19021.0,19607.0,5362000,KBS
2023-10-12 07:00:00,19899.0,20735.0,19732.0,20359.0,14107300,KBS
2023-10-13 07:00:00,20025.0,21780.0,19816.0,21780.0,15809000,KBS
2023-10-16 07:00:00,21739.0,21822.0,20902.0,20902.0,9312800,KBS
2023-10-17 07:00:00,21111.0,21321.0,20025.0,20025.0,12442000,KBS
2023-10-18 07:00:00,20150.0,20234.0,18687.0,19230.0,16584100,KBS
2023-10-19 07:00:00,18979.0,19732.0,18143.0,18812.0,12590000,KBS
2023-10-20 07:00:00,18645.0,19899.0,18645.0,19607.0,8426900,KBS
2023-10-23 07:00:00,19648.0,19857.0,19063.0,19481.0,6756100,KBS
2023-10-24 07:00:00,19607.0,19899.0,19105.0,19899.0,6043100,KBS
2023-10-25 07:00:00,20066.0,21028.0,20066.0,20317.0,13045600,KBS
2023-10-26 07:00:00,19565.0,19648.0,18896.0,18896.0,18639100,KBS
2023-10-27 07:00:00,19147.0,19774.0,17976.0,19607.0,14095400,KBS
2023-10-30 07:00:00,19230.0,19607.0,18687.0,18812.0,6960300,KBS
2023-10-31 07:00:00,18896.0,18938.0,17516.0,17516.0,15281400,KBS
2023-11-01 07:00:00,16889.0,17558.0,16304.0,17558.0,17983100,KBS
2023-11-02 07:00:00,17976.0,18770.0,17558.0,18770.0,11455300,KBS
2023-11-03 07:00:00,18896.0,19021.0,18227.0,18854.0,10920300,KBS
2023-11-06 07:00:00,18979.0,19188.0,18729.0,19063.0,5975700,KBS
2023-11-07 07:00:00,18896.0,19147.0,18561.0,18603.0,5482500,KBS
2023-11-08 07:00:00,18561.0,19899.0,18478.0,19899.0,13860100,KBS
2023-11-09 07:00:00,20401.0,21279.0,20234.0,21279.0,31321500,KBS
2023-11-10 07:00:00,21404.0,22324.0,21321.0,21446.0,25114800,KBS
2023-11-13 07:00:00,21739.0,22282.0,21362.0,22073.0,16652200,KBS
2023-11-14 07:00:00,22533.0,22826.0,21655.0,22073.0,16840800,KBS
2023-11-15 07:00:00,22616.0,22826.0,21906.0,22115.0,18214600,KBS
2023-11-16 07:00:00,21989.0,22909.0,21739.0,22909.0,16927200,KBS
2023-11-17 07:00:00,23327.0,24163.0,23076.0,23536.0,32874200,KBS
2023-11-20 07:00:00,23118.0,23912.0,22993.0,23829.0,16185000,KBS
2023-11-21 07:00:00,24205.0,24205.0,23285.0,23703.0,13386900,KBS
2023-11-22 07:00:00,23494.0,24080.0,23411.0,23912.0,13279400,KBS
2023-11-23 07:00:00,23745.0,23996.0,22240.0,22240.0,24849800,KBS
2023-11-24 07:00:00,22575.0,22951.0,21655.0,22951.0,20178600,KBS
2023-11-27 07:00:00,22951.0,23118.0,22240.0,22240.0,8126600,KBS
2023-11-28 07:00:00,22157.0,22658.0,21446.0,22575.0,12233300,KBS
2023-11-29 07:00:00,22575.0,22993.0,22533.0,22826.0,8671600,KBS
2023-11-30 07:00:00,22867.0,23244.0,22575.0,22742.0,10073800,KBS
2023-12-01 07:00:00,22867.0,22909.0,22198.0,22575.0,9558700,KBS
2023-12-04 07:00:00,22909.0,23912.0,22867.0,23703.0,16514000,KBS
2023-12-05 07:00:00,23745.0,23954.0,23369.0,23369.0,10173600,KBS
2023-12-06 07:00:00,23411.0,24080.0,23160.0,24080.0,16509000,KBS
2023-12-07 07:00:00,24205.0,24707.0,22784.0,23954.0,22025400,KBS
2023-12-08 07:00:00,24121.0,24121.0,23369.0,23996.0,13068100,KBS
2023-12-11 07:00:00,23954.0,23954.0,23160.0,23244.0,9474500,KBS
2023-12-12 07:00:00,23369.0,23494.0,22616.0,22616.0,12863700,KBS
2023-12-13 07:00:00,22784.0,22867.0,21906.0,22031.0,15796800,KBS
2023-12-14 07:00:00,22407.0,22407.0,21739.0,21822.0,12173900,KBS
2023-12-15 07:00:00,21906.0,22407.0,21571.0,21989.0,16751800,KBS
2023-12-18 07:00:00,21989.0,22157.0,21739.0,21989.0,7631700,KBS
2023-12-19 07:00:00,21989.0,22157.0,21279.0,22157.0,11794800,KBS
2023-12-20 07:00:00,22240.0,22324.0,21989.0,22073.0,5967300,KBS
2023-12-21 07:00:00,21906.0,22157.0,21780.0,22073.0,5154800,KBS
2023-12-22 07:00:00,22157.0,22784.0,22157.0,22407.0,8469600,KBS
2023-12-25 07:00:00,22575.0,23244.0,22157.0,23035.0,12970000,KBS
2023-12-26 07:00:00,23244.0,23327.0,22993.0,23244.0,7019300,KBS
2023-12-27 07:00:00,23327.0,23453.0,23118.0,23118.0,8417000,KBS
2023-12-28 07:00:00,23118.0,23411.0,22951.0,23160.0,9369100,KBS
2023-12-29 07:00:00,23244.0,23369.0,23118.0,23285.0,7845800,KBS
2024-01-02 07:00:00,23369.0,23453.0,22575.0,22575.0,9956000,KBS
2024-01-03 07:00:00,22407.0,23076.0,22407.0,22993.0,7332300,KBS
2024-01-04 07:00:00,23035.0,23578.0,22867.0,22993.0,12837100,KBS
2024-01-05 07:00:00,22951.0,23369.0,22951.0,23076.0,8876000,KBS
2024-01-08 07:00:00,23327.0,23912.0,23202.0,23536.0,15837700,KBS
2024-01-09 07:00:00,23662.0,24205.0,23536.0,23912.0,16638700,KBS
2024-01-10 07:00:00,23829.0,23829.0,23076.0,23411.0,14453300,KBS
2024-01-11 07:00:00,23244.0,23494.0,22993.0,23244.0,7882200,KBS
2024-01-12 07:00:00,22867.0,23160.0,22616.0,23076.0,12888300,KBS
2024-01-15 07:00:00,23118.0,23244.0,22575.0,22575.0,6790500,KBS
2024-01-16 07:00:00,22240.0,23118.0,22240.0,23118.0,5557800,KBS
2024-01-17 07:00:00,23118.0,23536.0,23035.0,23076.0,8139100,KBS
2024-01-18 07:00:00,23411.0,23745.0,23118.0,23369.0,10805000,KBS
2024-01-19 07:00:00,23578.0,23662.0,23076.0,23076.0,6071800,KBS
2024-01-22 07:00:00,23076.0,23494.0,22784.0,23411.0,10289000,KBS
2024-01-23 07:00:00,23620.0,23662.0,23202.0,23244.0,5575600,KBS
2024-01-24 07:00:00,23202.0,23494.0,23076.0,23076.0,5899900,KBS
2024-01-25 07:00:00,23244.0,23327.0,23035.0,23160.0,3550000,KBS
2024-01-26 07:00:00,23202.0,23996.0,23202.0,23829.0,24481000,KBS
2024-01-29 07:00:00,23996.0,23996.0,23578.0,23578.0,5421200,KBS
2024-01-30 07:00:00,23578.0,23787.0,23160.0,23787.0,9841000,KBS
2024-01-31 07:00:00,23871.0,23954.0,23411.0,23411.0,12419000,KBS
2024-02-01 07:00:00,23411.0,23745.0,23369.0,23620.0,6031800,KBS
2024-02-02 07:00:00,23745.0,25250.0,23745.0,24665.0,32627600,KBS
2024-02-05 07:00:00,24916.0,25041.0,24707.0,24832.0,5146500,KBS
2024-02-06 07:00:00,24999.0,25376.0,24832.0,25041.0,8199800,KBS
2024-02-07 07:00:00,25041.0,25250.0,24874.0,25125.0,7659500,KBS
2024-02-15 07:00:00,25208.0,25250.0,24665.0,24832.0,11517000,KBS
2024-02-16 07:00:00,24958.0,25334.0,24707.0,24832.0,9592200,KBS
2024-02-19 07:00:00,24916.0,24916.0,24330.0,24540.0,12660700,KBS
2024-02-20 07:00:00,24623.0,25041.0,24372.0,24665.0,8314900,KBS
2024-02-21 07:00:00,24707.0,24999.0,24498.0,24665.0,6461700,KBS
2024-02-22 07:00:00,24665.0,24790.0,24289.0,24330.0,8795600,KBS
2024-02-23 07:00:00,24330.0,24414.0,23327.0,23411.0,24748900,KBS
2024-02-26 07:00:00,23411.0,23745.0,23160.0,23620.0,7821200,KBS
2024-02-27 07:00:00,23703.0,24247.0,23620.0,24121.0,12298800,KBS
2024-02-28 07:00:00,24163.0,24247.0,23703.0,23996.0,8796500,KBS
2024-02-29 07:00:00,23996.0,24665.0,23829.0,24247.0,16366800,KBS
2024-03-01 07:00:00,24456.0,24456.0,24121.0,24247.0,7276900,KBS
2024-03-04 07:00:00,24665.0,25208.0,24498.0,24540.0,16898400,KBS
2024-03-05 07:00:00,24540.0,24581.0,24038.0,24247.0,12111300,KBS
2024-03-06 07:00:00,24163.0,24163.0,23578.0,23703.0,11079400,KBS
2024-03-07 07:00:00,23620.0,23996.0,23536.0,23954.0,10097800,KBS
2024-03-08 07:00:00,23996.0,24080.0,23411.0,23411.0,13472200,KBS
2024-03-11 07:00:00,23411.0,23494.0,22826.0,22909.0,11163200,KBS
2024-03-12 07:00:00,22742.0,23160.0,22742.0,22951.0,8383700,KBS
2024-03-13 07:00:00,23035.0,23536.0,22993.0,23536.0,8292300,KBS
2024-03-14 07:00:00,23662.0,23829.0,23285.0,23494.0,12324900,KBS
2024-03-15 07:00:00,23494.0,24163.0,23411.0,23494.0,15814300,KBS
2024-03-18 07:00:00,23578.0,24623.0,22616.0,24330.0,27375900,KBS
2024-03-19 07:00:00,24665.0,24999.0,23996.0,23996.0,14115900,KBS
2024-03-20 07:00:00,23996.0,24247.0,23703.0,24038.0,9299600,KBS
2024-03-21 07:00:00,24372.0,25710.0,24038.0,25710.0,40197300,KBS
2024-03-22 07:00:00,26170.0,26337.0,25794.0,26337.0,18784900,KBS
2024-03-25 07:00:00,26421.0,27006.0,26086.0,26295.0,18301700,KBS
2024-03-26 07:00:00,26337.0,27006.0,26003.0,26755.0,12976900,KBS
2024-03-27 07:00:00,26797.0,27257.0,26421.0,26839.0,12115200,KBS
2024-03-28 07:00:00,27173.0,27257.0,26755.0,26839.0,8643400,KBS
2024-03-29 07:00:00,26839.0,26922.0,26421.0,26630.0,8913800,KBS
2024-04-01 07:00:00,26546.0,27758.0,26337.0,27466.0,15555900,KBS
2024-04-02 07:00:00,27424.0,28009.0,27090.0,27549.0,11960800,KBS
2024-04-03 07:00:00,27424.0,27591.0,26755.0,26964.0,11617400,KBS
2024-04-04 07:00:00,26839.0,27800.0,26170.0,27173.0,17130400,KBS
2024-04-05 07:00:00,26504.0,27508.0,26337.0,26922.0,11746800,KBS
2024-04-08 07:00:00,26755.0,27006.0,26504.0,26630.0,7193700,KBS
2024-04-09 07:00:00,26713.0,26922.0,26212.0,26922.0,8153500,KBS
2024-04-10 07:00:00,26922.0,27090.0,26379.0,26421.0,7672900,KBS
2024-04-11 07:00:00,26044.0,26713.0,26003.0,26421.0,8739000,KBS
2024-04-12 07:00:00,26630.0,26964.0,26504.0,26713.0,9125600,KBS
2024-04-15 07:00:00,26672.0,27340.0,24874.0,24874.0,18854300,KBS
2024-04-16 07:00:00,24665.0,24790.0,23327.0,24372.0,17571500,KBS
2024-04-17 07:00:00,24414.0,24456.0,23411.0,23411.0,11289400,KBS
2024-04-19 07:00:00,22575.0,23035.0,21822.0,21906.0,16155200,KBS
2024-04-22 07:00:00,22366.0,22533.0,21906.0,22282.0,7561000,KBS
2024-04-23 07:00:00,22324.0,22407.0,21153.0,21153.0,10149500,KBS
2024-04-24 07:00:00,21697.0,22616.0,21488.0,22616.0,11881800,KBS
2024-04-25 07:00:00,22366.0,22533.0,22157.0,22324.0,5093200,KBS
2024-04-26 07:00:00,21989.0,22575.0,21822.0,22115.0,7156900,KBS
2024-05-02 07:00:00,22324.0,22407.0,21655.0,21948.0,4686900,KBS
2024-05-03 07:00:00,22157.0,22951.0,22073.0,22533.0,12100000,KBS
2024-05-06 07:00:00,22826.0,23369.0,22575.0,23327.0,8630000,KBS
2024-05-07 07:00:00,23494.0,23494.0,22909.0,23076.0,8053300,KBS
2024-05-08 07:00:00,22575.0,23076.0,22282.0,22700.0,11296200,KBS
2024-05-09 07:00:00,22993.0,23076.0,22407.0,22449.0,11540800,KBS
2024-05-10 07:00:00,23144.0,23699.0,23005.0,23329.0,8297500,KBS
2024-05-13 07:00:00,23930.0,23930.0,23375.0,23606.0,5275300,KBS
2024-05-14 07:00:00,23606.0,23699.0,23190.0,23421.0,4274100,KBS
2024-05-15 07:00:00,23236.0,23699.0,23236.0,23606.0,6024800,KBS
2024-05-16 07:00:00,23838.0,24116.0,23699.0,23884.0,7912800,KBS
2024-05-17 07:00:00,23977.0,24254.0,23699.0,24116.0,7259700,KBS
2024-05-20 07:00:00,24440.0,24440.0,23884.0,23884.0,7620100,KBS
2024-05-21 07:00:00,23838.0,23884.0,23421.0,23606.0,7972300,KBS
2024-05-22 07:00:00,23792.0,24856.0,23653.0,24532.0,17283900,KBS
2024-05-23 07:00:00,24393.0,24671.0,24023.0,24578.0,5598400,KBS
2024-05-24 07:00:00,24208.0,24578.0,23375.0,24023.0,14939300,KBS
2024-05-27 07:00:00,24023.0,24023.0,23468.0,23560.0,6907500,KBS
2024-05-28 07:00:00,23792.0,23977.0,23560.0,23699.0,5047200,KBS
2024-05-29 07:00:00,23745.0,23930.0,23468.0,23514.0,6922600,KBS
2024-05-30 07:00:00,23236.0,23375.0,22820.0,23144.0,9693600,KBS
2024-05-31 07:00:00,23375.0,23606.0,23144.0,23329.0,4466100,KBS
2024-06-03 07:00:00,23606.0,24532.0,23468.0,24069.0,11504600,KBS
2024-06-04 07:00:00,24301.0,24301.0,23884.0,23884.0,4025600,KBS
2024-06-05 07:00:00,24069.0,24440.0,23792.0,23884.0,8705800,KBS
2024-06-06 07:00:00,24208.0,24208.0,23606.0,23838.0,5592700,KBS
2024-06-07 07:00:00,23884.0,24023.0,23653.0,23699.0,3629000,KBS
2024-06-10 07:00:00,23745.0,23977.0,23514.0,23606.0,6075500,KBS
2024-06-11 07:00:00,23884.0,23884.0,23329.0,23468.0,5432900,KBS
2024-06-12 07:00:00,23421.0,23930.0,23421.0,23884.0,4382700,KBS
2024-06-13 07:00:00,23977.0,24764.0,23930.0,24347.0,15734100,KBS
2024-06-14 07:00:00,24347.0,24393.0,23699.0,23699.0,7668600,KBS
2024-06-17 07:00:00,23699.0,23699.0,23144.0,23144.0,7350400,KBS
2024-06-18 07:00:00,23329.0,23421.0,23051.0,23051.0,5173700,KBS
2024-06-19 07:00:00,23051.0,23236.0,22681.0,22727.0,5779200,KBS
2024-06-20 07:00:00,22820.0,22912.0,22125.0,22634.0,7469400,KBS
2024-06-21 07:00:00,22634.0,22634.0,22218.0,22310.0,6964500,KBS
2024-06-24 07:00:00,22403.0,23051.0,22218.0,22403.0,8041700,KBS
2024-06-25 07:00:00,22588.0,22773.0,22264.0,22403.0,3394500,KBS
2024-06-26 07:00:00,22449.0,22542.0,22172.0,22218.0,2609600,KBS
2024-06-27 07:00:00,22218.0,22866.0,21986.0,22496.0,4818700,KBS
2024-06-28 07:00:00,22496.0,22634.0,21894.0,21940.0,2979700,KBS
2024-07-01 07:00:00,22033.0,22218.0,21848.0,22218.0,1966400,KBS
2024-07-02 07:00:00,22218.0,22681.0,22172.0,22681.0,3152300,KBS
2024-07-03 07:00:00,22681.0,22727.0,22403.0,22449.0,2051500,KBS
2024-07-04 07:00:00,22449.0,22588.0,22172.0,22310.0,1993900,KBS
2024-07-05 07:00:00,22357.0,22403.0,21894.0,21986.0,3687500,KBS
2024-07-08 07:00:00,22033.0,22125.0,21338.0,21338.0,5883000,KBS
2024-07-09 07:00:00,21338.0,21709.0,21338.0,21570.0,3987700,KBS
2024-07-10 07:00:00,21662.0,21755.0,21385.0,21385.0,2938700,KBS
2024-07-11 07:00:00,21477.0,22542.0,21477.0,21894.0,5994300,KBS
2024-07-12 07:00:00,22033.0,22172.0,21570.0,21616.0,2278600,KBS
2024-07-15 07:00:00,21755.0,21755.0,21431.0,21431.0,2248700,KBS
2024-07-16 07:00:00,21338.0,21570.0,20551.0,20737.0,9282600,KBS
2024-07-17 07:00:00,20783.0,20968.0,19302.0,19394.0,13713000,KBS
2024-07-18 07:00:00,19533.0,19718.0,18978.0,19533.0,5662900,KBS
2024-07-19 07:00:00,19533.0,19579.0,18422.0,18746.0,8198600,KBS
2024-07-22 07:00:00,18283.0,18978.0,18006.0,18607.0,8556000,KBS
2024-07-23 07:00:00,18654.0,18885.0,18006.0,18006.0,3855300,KBS
2024-07-24 07:00:00,17589.0,18839.0,17497.0,18700.0,7767300,KBS
2024-07-25 07:00:00,18515.0,18561.0,18098.0,18561.0,3179400,KBS
2024-07-26 07:00:00,18561.0,18561.0,18237.0,18376.0,2774400,KBS
2024-07-29 07:00:00,18515.0,18700.0,18052.0,18098.0,4659700,KBS
2024-07-30 07:00:00,18098.0,18237.0,17126.0,17589.0,7647900,KBS
2024-07-31 07:00:00,17774.0,18191.0,17265.0,17589.0,6693500,KBS
2024-08-01 07:00:00,17589.0,17682.0,16386.0,16386.0,9689600,KBS
2024-08-02 07:00:00,16062.0,16849.0,15691.0,16663.0,8200500,KBS
2024-08-05 07:00:00,16201.0,16478.0,15506.0,15738.0,11325900,KBS
2024-08-06 07:00:00,15876.0,16247.0,15460.0,16201.0,10995000,KBS
2024-08-07 07:00:00,16386.0,16478.0,15738.0,16478.0,7026100,KBS
2024-08-08 07:00:00,16201.0,16571.0,15738.0,16015.0,7604200,KBS
2024-08-09 07:00:00,16108.0,16386.0,15784.0,16386.0,7948100,KBS
2024-08-12 07:00:00,16293.0,16339.0,15923.0,16201.0,3807500,KBS
2024-08-13 07:00:00,16201.0,16941.0,15969.0,16802.0,14505700,KBS
2024-08-14 07:00:00,16941.0,16941.0,16293.0,16571.0,6332700,KBS
2024-08-15 07:00:00,16525.0,16525.0,15969.0,16293.0,7535100,KBS
2024-08-16 07:00:00,16478.0,17404.0,16201.0,17404.0,18149400,KBS
2024-08-19 07:00:00,18191.0,18237.0,17728.0,17728.0,16171100,KBS
2024-08-20 07:00:00,17728.0,18931.0,17728.0,18931.0,17132700,KBS
2024-08-21 07:00:00,19163.0,19950.0,19117.0,19441.0,17402900,KBS
2024-08-22 07:00:00,19441.0,19950.0,19163.0,19811.0,13257600,KBS
2024-08-23 07:00:00,19903.0,20274.0,19348.0,19996.0,12962000,KBS
2024-08-26 07:00:00,20089.0,20644.0,19903.0,20274.0,12449300,KBS
2024-08-27 07:00:00,20135.0,20413.0,20042.0,20135.0,11889600,KBS
2024-08-28 07:00:00,20135.0,20320.0,19209.0,20274.0,20784900,KBS
2024-08-29 07:00:00,20227.0,20505.0,19765.0,19857.0,7231900,KBS
2024-08-30 07:00:00,19718.0,20366.0,19533.0,19950.0,11750000,KBS
2024-09-04 07:00:00,19626.0,20829.0,19579.0,20737.0,16162100,KBS
2024-09-05 07:00:00,20737.0,20968.0,19996.0,20227.0,11841400,KBS
2024-09-06 07:00:00,20181.0,20227.0,19765.0,19996.0,8282600,KBS
2024-09-09 07:00:00,19811.0,20366.0,19718.0,20089.0,6161400,KBS
2024-09-10 07:00:00,20181.0,20181.0,19348.0,19348.0,14404800,KBS
2024-09-11 07:00:00,19163.0,19857.0,19070.0,19579.0,12505400,KBS
2024-09-12 07:00:00,19857.0,19857.0,19394.0,19579.0,4093800,KBS
2024-09-13 07:00:00,19441.0,19996.0,19441.0,19903.0,8387900,KBS
2024-09-16 07:00:00,19903.0,19996.0,19163.0,19163.0,7718600,KBS
2024-09-17 07:00:00,19209.0,20274.0,19024.0,20135.0,12212100,KBS
2024-09-18 07:00:00,20181.0,20459.0,20089.0,20135.0,9984300,KBS
2024-09-19 07:00:00,20181.0,20922.0,20135.0,20737.0,13699700,KBS
2024-09-20 07:00:00,21014.0,21107.0,20366.0,20551.0,12056500,KBS
2024-09-23 07:00:00,20505.0,20829.0,20227.0,20551.0,6402600,KBS
2024-09-24 07:00:00,20551.0,20876.0,20413.0,20876.0,8584600,KBS
2024-09-25 07:00:00,21107.0,21477.0,20968.0,21431.0,11264200,KBS
2024-09-26 07:00:00,21431.0,21524.0,20968.0,21107.0,7435800,KBS
2024-09-27 07:00:00,21200.0,21477.0,20922.0,21107.0,8919700,KBS
2024-09-30 07:00:00,20922.0,20968.0,20644.0,20829.0,7235300,KBS
2024-10-01 07:00:00,20922.0,21246.0,20783.0,20783.0,8039900,KBS
2024-10-02 07:00:00,20690.0,20737.0,19626.0,19626.0,18600800,KBS
2024-10-03 07:00:00,19626.0,19765.0,18978.0,19070.0,18046600,KBS
2024-10-04 07:00:00,19394.0,19579.0,19209.0,19255.0,6320000,KBS
2024-10-07 07:00:00,19487.0,19533.0,19070.0,19487.0,4588600,KBS
2024-10-08 07:00:00,19394.0,19579.0,19117.0,19487.0,5618900,KBS
2024-10-09 07:00:00,19579.0,19857.0,19487.0,19579.0,4562500,KBS
2024-10-10 07:00:00,19718.0,19811.0,19024.0,19255.0,7233400,KBS
2024-10-11 07:00:00,19302.0,19765.0,19255.0,19672.0,6519700,KBS
2024-10-14 07:00:00,19533.0,19718.0,19255.0,19348.0,5479100,KBS
2024-10-15 07:00:00,19348.0,19533.0,18515.0,18607.0,15949600,KBS
2024-10-16 07:00:00,18561.0,18793.0,18098.0,18237.0,8616900,KBS
2024-10-17 07:00:00,18330.0,19487.0,18052.0,19487.0,12472300,KBS
2024-10-18 07:00:00,19533.0,19626.0,19302.0,19348.0,6934900,KBS
2024-10-21 07:00:00,19302.0,19765.0,19070.0,19070.0,7718100,KBS
2024-10-22 07:00:00,19070.0,19811.0,18978.0,19348.0,8256200,KBS
2024-10-23 07:00:00,19394.0,20135.0,19209.0,19996.0,12834500,KBS
2024-10-24 07:00:00,19996.0,20181.0,19718.0,19765.0,8155500,KBS
2024-10-25 07:00:00,19857.0,20320.0,19765.0,20042.0,12361600,KBS
2024-10-28 07:00:00,20042.0,20135.0,19811.0,19996.0,5071800,KBS
2024-10-29 07:00:00,20135.0,20274.0,19163.0,19579.0,14080300,KBS
2024-10-30 07:00:00,19441.0,19857.0,19348.0,19672.0,5093500,KBS
2024-10-31 07:00:00,19441.0,19672.0,19302.0,19487.0,3242800,KBS
2024-11-01 07:00:00,19394.0,19672.0,19209.0,19348.0,5236200,KBS
2024-11-04 07:00:00,19348.0,19487.0,19070.0,19394.0,4107400,KBS
2024-11-05 07:00:00,19394.0,19765.0,19255.0,19579.0,5591400,KBS
2024-11-06 07:00:00,19718.0,19811.0,19441.0,19718.0,3969500,KBS
2024-11-07 07:00:00,19811.0,20551.0,19626.0,20089.0,13718000,KBS
2024-11-08 07:00:00,20135.0,20227.0,19672.0,19765.0,6260700,KBS
2024-11-11 07:00:00,19765.0,19765.0,19163.0,19302.0,7815800,KBS
2024-11-12 07:00:00,19348.0,19441.0,19163.0,19163.0,3897100,KBS
2024-11-13 07:00:00,19070.0,19579.0,19024.0,19533.0,5239800,KBS
2024-11-14 07:00:00,19579.0,19579.0,18978.0,18978.0,4580600,KBS
2024-11-15 07:00:00,18885.0,19024.0,18237.0,18469.0,7973400,KBS
2024-11-18 07:00:00,18469.0,18931.0,18098.0,18746.0,6009300,KBS
2024-11-19 07:00:00,18746.0,18931.0,18422.0,18607.0,3267700,KBS
2024-11-20 07:00:00,18607.0,19903.0,18376.0,19348.0,14591700,KBS
2024-11-21 07:00:00,19348.0,19718.0,19302.0,19487.0,3891800,KBS
2024-11-22 07:00:00,19441.0,19533.0,19070.0,19209.0,6158300,KBS
2024-11-25 07:00:00,19209.0,19533.0,19117.0,19394.0,6239800,KBS
2024-11-26 07:00:00,19394.0,20181.0,19394.0,19718.0,10883900,KBS
2024-11-27 07:00:00,19765.0,19765.0,19441.0,19718.0,4117200,KBS
2024-11-28 07:00:00,19857.0,19950.0,19487.0,19579.0,6171900,KBS
2024-11-29 07:00:00,19487.0,19672.0,19348.0,19626.0,5915200,KBS
2024-12-02 07:00:00,19626.0,19718.0,19209.0,19302.0,7291500,KBS
2024-12-03 07:00:00,19348.0,19394.0,19163.0,19163.0,5179000,KBS
2024-12-04 07:00:00,19163.0,19441.0,18793.0,18885.0,6438700,KBS
2024-12-05 07:00:00,18885.0,20181.0,18746.0,20181.0,17335400,KBS
2024-12-06 07:00:00,20413.0,20598.0,20181.0,20366.0,18707100,KBS
2024-12-09 07:00:00,20366.0,20737.0,20274.0,20551.0,13387100,KBS
2024-12-10 07:00:00,20505.0,20598.0,20227.0,20366.0,7540500,KBS
2024-12-11 07:00:00,20366.0,20505.0,20089.0,20227.0,6842200,KBS
2024-12-12 07:00:00,20227.0,20413.0,19950.0,20042.0,6054600,KBS
2024-12-13 07:00:00,19857.0,20042.0,19765.0,19903.0,6570400,KBS
2024-12-16 07:00:00,20042.0,20042.0,19672.0,19903.0,6328600,KBS
2024-12-17 07:00:00,19903.0,20042.0,19718.0,19718.0,4564600,KBS
2024-12-18 07:00:00,19718.0,19996.0,19672.0,19996.0,4379000,KBS
2024-12-19 07:00:00,19672.0,19765.0,19163.0,19487.0,15386400,KBS
2024-12-20 07:00:00,19394.0,19579.0,19302.0,19441.0,5673400,KBS
2024-12-23 07:00:00,19487.0,19579.0,19255.0,19255.0,4133200,KBS
2024-12-24 07:00:00,19255.0,19255.0,18561.0,18700.0,13244400,KBS
2024-12-25 07:00:00,18793.0,19070.0,18746.0,18931.0,5814400,KBS
2024-12-26 07:00:00,18885.0,19209.0,18839.0,19209.0,5478400,KBS
2024-12-27 07:00:00,19209.0,19209.0,18885.0,19070.0,5554300,KBS
2024-12-30 07:00:00,19070.0,19487.0,18978.0,19441.0,13844900,KBS
2024-12-31 07:00:00,19394.0,19394.0,19163.0,19163.0,2797900,KBS
2025-01-02 07:00:00,19163.0,19348.0,19024.0,19163.0,2221300,KBS
2025-01-03 07:00:00,19117.0,19302.0,18839.0,18931.0,4006400,KBS
2025-01-06 07:00:00,18931.0,18978.0,18052.0,18145.0,9643700,KBS
2025-01-07 07:00:00,18330.0,18330.0,17219.0,17450.0,10392800,KBS
2025-01-08 07:00:00,17358.0,17913.0,17265.0,17867.0,4402600,KBS
2025-01-09 07:00:00,17867.0,18006.0,17543.0,17589.0,2805600,KBS
2025-01-10 07:00:00,17589.0,17728.0,16710.0,16710.0,5198500,KBS
2025-01-13 07:00:00,16663.0,17450.0,16525.0,17358.0,6190400,KBS
2025-01-14 07:00:00,17358.0,17404.0,16987.0,17034.0,1855200,KBS
2025-01-15 07:00:00,17080.0,17404.0,17080.0,17404.0,2944600,KBS
2025-01-16 07:00:00,17450.0,17682.0,17126.0,17219.0,3876600,KBS
2025-01-17 07:00:00,17358.0,17543.0,17219.0,17450.0,2508500,KBS
2025-01-20 07:00:00,17543.0,17543.0,17219.0,17404.0,2510200,KBS
2025-01-21 07:00:00,17358.0,17404.0,17034.0,17034.0,4098100,KBS
2025-01-22 07:00:00,17080.0,17219.0,16756.0,16987.0,2947300,KBS
2025-01-23 07:00:00,17034.0,17404.0,16895.0,17219.0,3855100,KBS
2025-01-24 07:00:00,17358.0,17774.0,17358.0,17682.0,7554100,KBS
2025-02-03 07:00:00,17589.0,17774.0,17311.0,17311.0,3130200,KBS
2025-02-04 07:00:00,17497.0,17728.0,17219.0,17635.0,5295400,KBS
2025-02-05 07:00:00,17821.0,18607.0,17774.0,18283.0,11732700,KBS
2025-02-06 07:00:00,18145.0,18422.0,18006.0,18330.0,5441600,KBS
2025-02-07 07:00:00,18330.0,18330.0,18006.0,18006.0,4084900,KBS
2025-02-10 07:00:00,17821.0,17821.0,17404.0,17404.0,7141600,KBS
2025-02-11 07:00:00,17543.0,17543.0,17311.0,17497.0,3534600,KBS
2025-02-12 07:00:00,17543.0,17682.0,17358.0,17358.0,2564300,KBS
2025-02-13 07:00:00,17404.0,17543.0,17219.0,17543.0,2751000,KBS
2025-02-14 07:00:00,17589.0,17774.0,17543.0,17682.0,4471600,KBS
2025-02-17 07:00:00,17821.0,17959.0,17682.0,17682.0,5522600,KBS
2025-02-18 07:00:00,17682.0,18145.0,17682.0,17774.0,4763400,KBS
2025-02-19 07:00:00,17867.0,18237.0,17774.0,18098.0,7628400,KBS
2025-02-20 07:00:00,18098.0,18515.0,17959.0,17959.0,8571300,KBS
2025-02-21 07:00:00,17913.0,17959.0,17682.0,17728.0,6167900,KBS
2025-02-24 07:00:00,17821.0,17913.0,17589.0,17913.0,5894900,KBS
2025-02-25 07:00:00,18098.0,18376.0,17913.0,18006.0,5620300,KBS
2025-02-26 07:00:00,18006.0,18098.0,17728.0,17774.0,5933900,KBS
2025-02-27 07:00:00,17774.0,18422.0,17728.0,18330.0,10162300,KBS
2025-02-28 07:00:00,18376.0,18793.0,18191.0,18422.0,12338700,KBS
2025-03-03 07:00:00,18515.0,18793.0,18422.0,18607.0,7932800,KBS
2025-03-04 07:00:00,18607.0,18978.0,18376.0,18607.0,11989400,KBS
2025-03-05 07:00:00,18700.0,18700.0,18098.0,18098.0,7881300,KBS
2025-03-06 07:00:00,18145.0,18515.0,18098.0,18515.0,6933900,KBS
2025-03-07 07:00:00,18654.0,19255.0,18607.0,18793.0,13634200,KBS
2025-03-10 07:00:00,18885.0,19163.0,18700.0,18885.0,8639100,KBS
2025-03-11 07:00:00,18607.0,19070.0,18469.0,19070.0,8567400,KBS
2025-03-12 07:00:00,18931.0,19024.0,18561.0,18978.0,11558400,KBS
2025-03-13 07:00:00,18931.0,19070.0,18330.0,18330.0,9161500,KBS
2025-03-14 07:00:00,18422.0,18978.0,18191.0,18700.0,10643800,KBS
2025-03-17 07:00:00,18931.0,19441.0,18654.0,19255.0,14463700,KBS
2025-03-18 07:00:00,19348.0,19394.0,18885.0,18978.0,7501000,KBS
2025-03-19 07:00:00,18978.0,19024.0,18793.0,19024.0,8006200,KBS
2025-03-20 07:00:00,19070.0,19070.0,18561.0,18700.0,5772000,KBS
2025-03-21 07:00:00,18654.0,18931.0,18654.0,18793.0,4484200,KBS
2025-03-24 07:00:00,18283.0,18607.0,17635.0,18515.0,25338500,KBS
2025-03-25 07:00:00,18515.0,18654.0,18237.0,18607.0,6136600,KBS
2025-03-26 07:00:00,18469.0,18654.0,18098.0,18330.0,8073300,KBS
2025-03-27 07:00:00,18237.0,18283.0,17959.0,18145.0,4411100,KBS
2025-03-28 07:00:00,18237.0,18237.0,17821.0,17867.0,4682200,KBS
2025-03-31 07:00:00,17682.0,18191.0,17682.0,17913.0,5629700,KBS
2025-04-01 07:00:00,17959.0,18145.0,17821.0,18006.0,2509500,KBS
2025-04-02 07:00:00,18145.0,18191.0,17913.0,18052.0,3292500,KBS
2025-04-03 07:00:00,17126.0,17543.0,16802.0,16802.0,7863900,KBS
2025-04-04 07:00:00,15645.0,16062.0,15645.0,16062.0,14499300,KBS
2025-04-08 07:00:00,14951.0,15460.0,14951.0,14951.0,2243300,KBS
2025-04-09 07:00:00,13932.0,14256.0,13932.0,13932.0,7900300,KBS
2025-04-10 07:00:00,14904.0,14904.0,14904.0,14904.0,4392400,KBS
2025-04-11 07:00:00,14071.0,15738.0,13932.0,15738.0,20955700,KBS
2025-04-14 07:00:00,15691.0,15876.0,15228.0,15876.0,8030000,KBS
2025-04-15 07:00:00,15460.0,15784.0,14997.0,15275.0,9224300,KBS
2025-04-16 07:00:00,15228.0,15321.0,14904.0,15275.0,7216200,KBS
2025-04-17 07:00:00,14904.0,15321.0,14766.0,15321.0,8560900,KBS
2025-04-18 07:00:00,15321.0,15552.0,15043.0,15182.0,6096900,KBS
2025-04-21 07:00:00,15090.0,15275.0,14858.0,15182.0,6084000,KBS
2025-04-22 07:00:00,14812.0,14997.0,14164.0,14164.0,12618400,KBS
2025-04-23 07:00:00,14580.0,14719.0,13932.0,14442.0,10472100,KBS
2025-04-24 07:00:00,14488.0,14719.0,14256.0,14719.0,7477100,KBS
2025-04-25 07:00:00,14719.0,14812.0,14395.0,14534.0,4434400,KBS
2025-04-28 07:00:00,14442.0,14534.0,14210.0,14534.0,5299100,KBS
2025-04-29 07:00:00,14395.0,14488.0,14164.0,14256.0,5953900,KBS
2025-05-05 07:00:00,14349.0,14580.0,14118.0,14488.0,5108200,KBS
2025-05-06 07:00:00,14627.0,15136.0,14580.0,14951.0,12053100,KBS
2025-05-07 07:00:00,14951.0,15552.0,14858.0,15367.0,12210900,KBS
2025-05-08 07:00:00,15460.0,15460.0,15090.0,15367.0,6138000,KBS
2025-05-09 07:00:00,15506.0,15876.0,15275.0,15414.0,8935900,KBS
2025-05-12 07:00:00,15460.0,15552.0,15182.0,15321.0,6230100,KBS
2025-05-13 07:00:00,15552.0,15552.0,15275.0,15275.0,6933300,KBS
2025-05-14 07:00:00,15321.0,15552.0,14997.0,15552.0,9712200,KBS
2025-05-15 07:00:00,15691.0,15923.0,15414.0,15552.0,7719000,KBS
2025-05-16 07:00:00,15552.0,15830.0,15275.0,15275.0,8634100,KBS
2025-05-19 07:00:00,15228.0,15645.0,15090.0,15460.0,6754500,KBS
2025-05-20 07:00:00,15552.0,15552.0,15228.0,15414.0,4234400,KBS
2025-05-21 07:00:00,15506.0,15552.0,15043.0,15506.0,8507400,KBS
2025-05-22 07:00:00,15460.0,15552.0,15136.0,15182.0,7175600,KBS
2025-05-23 07:00:00,15182.0,15275.0,14766.0,14904.0,8896300,KBS
2025-05-26 07:00:00,14951.0,15321.0,14488.0,15275.0,8225000,KBS
2025-05-27 07:00:00,15460.0,16339.0,15414.0,16293.0,24975700,KBS
2025-05-28 07:00:00,16386.0,16432.0,15923.0,16015.0,8381800,KBS
2025-05-29 07:00:00,16201.0,16571.0,15830.0,16247.0,14602600,KBS
2025-05-30 07:00:00,16293.0,16293.0,15691.0,15830.0,13887500,KBS
2025-06-02 07:00:00,15830.0,16895.0,15830.0,16895.0,25225000,KBS
2025-06-03 07:00:00,17126.0,17126.0,16710.0,16987.0,12918300,KBS
2025-06-04 07:00:00,17080.0,17450.0,16895.0,17080.0,12641300,KBS
2025-06-05 07:00:00,17126.0,17173.0,16756.0,16895.0,9053700,KBS
2025-06-06 07:00:00,16895.0,16895.0,16386.0,16478.0,14869400,KBS
2025-06-09 07:00:00,16432.0,16849.0,16386.0,16386.0,9758700,KBS
2025-06-10 07:00:00,16571.0,16663.0,16108.0,16432.0,6178200,KBS
2025-06-11 07:00:00,16525.0,16525.0,15969.0,16062.0,7795100,KBS
2025-06-12 07:00:00,16154.0,16386.0,16062.0,16108.0,5360700,KBS
2025-06-13 07:00:00,15784.0,15923.0,15275.0,15506.0,16049300,KBS
2025-06-16 07:00:00,15228.0,15923.0,15228.0,15923.0,5011100,KBS
2025-06-17 07:00:00,16015.0,16663.0,15830.0,16617.0,19151700,KBS
2025-06-18 07:00:00,16710.0,16895.0,16339.0,16571.0,11864500,KBS
2025-06-19 07:00:00,16525.0,16663.0,16247.0,16525.0,7514600,KBS
2025-06-20 07:00:00,16525.0,16849.0,16525.0,16663.0,11988100,KBS
2025-06-23 07:00:00,16478.0,16617.0,16247.0,16571.0,7278000,KBS
2025-06-24 07:00:00,16710.0,16941.0,16571.0,16571.0,10566400,KBS
2025-06-25 07:00:00,16571.0,16802.0,16386.0,16386.0,8288100,KBS
2025-06-26 07:00:00,16478.0,16478.0,16201.0,16339.0,4339300,KBS
2025-06-27 07:00:00,16432.0,16849.0,16339.0,16339.0,9964900,KBS
2025-06-30 07:00:00,16478.0,16802.0,16432.0,16710.0,11077700,KBS
2025-07-01 07:00:00,16710.0,16849.0,16201.0,16293.0,9718500,KBS
2025-07-02 07:00:00,16339.0,16478.0,16201.0,16432.0,5181800,KBS
2025-07-03 07:00:00,16432.0,16802.0,16247.0,16525.0,15030100,KBS
2025-07-04 07:00:00,16571.0,17358.0,16571.0,16987.0,21523800,KBS
2025-07-07 07:00:00,17126.0,17728.0,16895.0,17543.0,19823400,KBS
2025-07-08 07:00:00,17635.0,17728.0,17219.0,17450.0,14178300,KBS
2025-07-09 07:00:00,17682.0,17867.0,17311.0,17589.0,20546700,KBS
2025-07-10 07:00:00,17821.0,18191.0,17589.0,17682.0,18183200,KBS
2025-07-11 07:00:00,17728.0,17774.0,17311.0,17358.0,13714600,KBS
2025-07-14 07:00:00,17404.0,18283.0,16849.0,18191.0,24788400,KBS
2025-07-15 07:00:00,18330.0,18561.0,17959.0,17959.0,15996300,KBS
2025-07-16 07:00:00,17913.0,18700.0,17867.0,18561.0,27192400,KBS
2025-07-17 07:00:00,18654.0,19811.0,18515.0,19348.0,29384600,KBS
2025-07-18 07:00:00,19579.0,20274.0,18978.0,19024.0,27634100,KBS
2025-07-21 07:00:00,19117.0,19302.0,18469.0,18515.0,21598500,KBS
2025-07-22 07:00:00,18469.0,18931.0,18283.0,18885.0,19096200,KBS
2025-07-23 07:00:00,19117.0,19163.0,18654.0,18700.0,16174700,KBS
2025-07-24 07:00:00,18885.0,19070.0,18607.0,18700.0,14876300,KBS
2025-07-25 07:00:00,18746.0,19255.0,18700.0,19209.0,20510900,KBS
2025-07-28 07:00:00,19487.0,20551.0,19487.0,20551.0,44241000,KBS
2025-07-29 07:00:00,21200.0,21200.0,19117.0,19117.0,42194100,KBS
2025-07-30 07:00:00,19163.0,19533.0,18654.0,19209.0,19164700,KBS
2025-07-31 07:00:00,19441.0,19441.0,18422.0,19163.0,26113000,KBS
2025-08-01 07:00:00,19255.0,19302.0,18654.0,18700.0,16907800,KBS
2025-08-04 07:00:00,18900.0,19250.0,18750.0,19200.0,11363500,KBS
2025-08-05 07:00:00,19450.0,20000.0,18000.0,19000.0,30339200,KBS
2025-08-06 07:00:00,19100.0,19500.0,19000.0,19500.0,11106900,KBS
2025-08-07 07:00:00,19850.0,20000.0,19600.0,19950.0,17017600,KBS
2025-08-08 07:00:00,20150.0,21300.0,19750.0,21300.0,46930100,KBS
2025-08-11 07:00:00,22200.0,22750.0,22200.0,22700.0,37343400,KBS
2025-08-12 07:00:00,22600.0,24250.0,22200.0,23900.0,43400200,KBS
2025-08-13 07:00:00,24100.0,24350.0,23200.0,24200.0,41278800,KBS
2025-08-14 07:00:00,24400.0,25000.0,23750.0,24550.0,31149100,KBS
2025-08-15 07:00:00,24950.0,24950.0,23700.0,24000.0,30630400,KBS
2025-08-18 07:00:00,24000.0,25650.0,23600.0,25650.0,54449600,KBS
2025-08-19 07:00:00,25800.0,26700.0,25100.0,25700.0,32141000,KBS
2025-08-20 07:00:00,25600.0,25600.0,23950.0,24500.0,47116700,KBS
2025-08-21 07:00:00,24300.0,24850.0,23750.0,23750.0,27668400,KBS
2025-08-22 07:00:00,23300.0,24900.0,22150.0,24000.0,51126900,KBS
2025-08-25 07:00:00,24350.0,24500.0,23000.0,23200.0,18117900,KBS
2025-08-26 07:00:00,23000.0,24400.0,22900.0,24400.0,22727200,KBS
2025-08-27 07:00:00,24550.0,25800.0,24300.0,24550.0,41698300,KBS
2025-08-28 07:00:00,24850.0,24850.0,23950.0,24400.0,28246700,KBS
2025-08-29 07:00:00,24700.0,25450.0,24500.0,24550.0,24762700,KBS
2025-09-03 07:00:00,24000.0,26250.0,23800.0,26250.0,55953700,KBS
2025-09-04 07:00:00,26600.0,27100.0,26000.0,26000.0,19778800,KBS
2025-09-05 07:00:00,26200.0,27200.0,25050.0,25100.0,38670200,KBS
2025-09-08 07:00:00,24900.0,25150.0,23400.0,23400.0,46814800,KBS
2025-09-09 07:00:00,23500.0,23800.0,22950.0,23650.0,21111600,KBS
2025-09-10 07:00:00,23700.0,23950.0,23100.0,23400.0,14526100,KBS
2025-09-11 07:00:00,23150.0,23550.0,22400.0,23400.0,23889000,KBS
2025-09-12 07:00:00,23550.0,24350.0,23450.0,23650.0,20296900,KBS
2025-09-15 07:00:00,24000.0,24400.0,23600.0,23850.0,16363000,KBS
2025-09-16 07:00:00,24100.0,24450.0,23400.0,23600.0,21816000,KBS
2025-09-17 07:00:00,23500.0,23850.0,23300.0,23300.0,10724500,KBS
2025-09-18 07:00:00,23250.0,23800.0,22900.0,23450.0,15231100,KBS
2025-09-19 07:00:00,23700.0,24100.0,23400.0,23500.0,18542100,KBS
2025-09-22 07:00:00,23650.0,24500.0,23500.0,24000.0,30854300,KBS
2025-09-23 07:00:00,24150.0,24350.0,23500.0,23650.0,9660700,KBS
2025-09-24 07:00:00,23500.0,25000.0,23300.0,24950.0,28030100,KBS
2025-09-25 07:00:00,25050.0,25550.0,24750.0,24800.0,29514100,KBS
2025-09-26 07:00:00,24800.0,25200.0,24500.0,24550.0,22128800,KBS
2025-09-29 07:00:00,24550.0,24900.0,23850.0,23900.0,20538200,KBS
2025-09-30 07:00:00,23850.0,23950.0,22800.0,23450.0,25463600,KBS
2025-10-01 07:00:00,23550.0,23800.0,23300.0,23650.0,7610900,KBS
2025-10-02 07:00:00,23700.0,23750.0,22850.0,22900.0,10738600,KBS
2025-10-03 07:00:00,22750.0,22750.0,21600.0,21600.0,23896900,KBS
2025-10-06 07:00:00,21800.0,23100.0,21800.0,23100.0,12762900,KBS
2025-10-07 07:00:00,23200.0,23350.0,22750.0,22750.0,11827300,KBS
2025-10-08 07:00:00,23000.0,23150.0,22050.0,22700.0,15078800,KBS
2025-10-09 07:00:00,22900.0,23350.0,22700.0,23300.0,10994900,KBS
2025-10-10 07:00:00,23500.0,24000.0,23450.0,23650.0,18678800,KBS
2025-10-13 07:00:00,23200.0,25000.0,23100.0,24650.0,34968500,KBS
2025-10-14 07:00:00,25000.0,25400.0,24550.0,24900.0,36678900,KBS
2025-10-15 07:00:00,24950.0,25850.0,24700.0,25500.0,26573600,KBS
2025-10-16 07:00:00,25900.0,27000.0,25850.0,26300.0,29421600,KBS
2025-10-17 07:00:00,26300.0,26600.0,25800.0,26000.0,27361500,KBS
2025-10-20 07:00:00,25600.0,26500.0,24200.0,24200.0,34251300,KBS
2025-10-21 07:00:00,24200.0,24200.0,22900.0,23300.0,36773600,KBS
2025-10-22 07:00:00,23600.0,24250.0,22900.0,24250.0,23079200,KBS
2025-10-23 07:00:00,24350.0,24650.0,23600.0,23600.0,11804300,KBS
2025-10-24 07:00:00,23500.0,24250.0,23150.0,23650.0,15560600,KBS
2025-10-27 07:00:00,23800.0,23950.0,22050.0,22050.0,19980800,KBS
2025-10-28 07:00:00,21900.0,23000.0,20700.0,23000.0,24953400,KBS
2025-10-29 07:00:00,23300.0,23400.0,22850.0,23000.0,8809800,KBS
2025-10-30 07:00:00,23000.0,23500.0,22850.0,23400.0,10397300,KBS
2025-10-31 07:00:00,23350.0,23400.0,22550.0,22550.0,8993600,KBS
2025-11-03 07:00:00,22600.0,22650.0,21000.0,21400.0,15349900,KBS
2025-11-04 07:00:00,21050.0,22850.0,20500.0,22850.0,17560800,KBS
2025-11-05 07:00:00,22700.0,22700.0,21850.0,22450.0,8361500,KBS
2025-11-06 07:00:00,22400.0,22500.0,21850.0,22000.0,7487300,KBS
2025-11-07 07:00:00,22000.0,22000.0,20850.0,21150.0,10279700,KBS
2025-11-10 07:00:00,20850.0,21400.0,20700.0,20800.0,7539800,KBS
2025-11-11 07:00:00,21000.0,21200.0,20500.0,21200.0,7228400,KBS
2025-11-12 07:00:00,21200.0,22200.0,21100.0,22200.0,9427000,KBS
2025-11-13 07:00:00,22100.0,22100.0,21650.0,22000.0,5694500,KBS
2025-11-14 07:00:00,21750.0,22500.0,21750.0,22200.0,7091000,KBS
2025-11-17 07:00:00,22350.0,23250.0,22250.0,23050.0,14150500,KBS
2025-11-18 07:00:00,23100.0,23350.0,22800.0,23000.0,7818600,KBS
2025-11-19 07:00:00,23000.0,23250.0,22150.0,22800.0,8482000,KBS
2025-11-20 07:00:00,22800.0,22900.0,22100.0,22800.0,7139800,KBS
2025-11-21 07:00:00,22450.0,22750.0,22250.0,22600.0,4923700,KBS
2025-11-24 07:00:00,22750.0,22800.0,22300.0,22300.0,3773600,KBS
2025-11-25 07:00:00,22300.0,22700.0,21600.0,21800.0,9538700,KBS
2025-11-26 07:00:00,21800.0,22600.0,21750.0,22600.0,8068700,KBS
2025-11-27 07:00:00,22650.0,22700.0,22100.0,22500.0,5251400,KBS
2025-11-28 07:00:00,22300.0,22700.0,21950.0,22500.0,7464900,KBS
2025-12-01 07:00:00,22550.0,22550.0,21900.0,21900.0,5163300,KBS
2025-12-02 07:00:00,21950.0,22000.0,21050.0,22000.0,10794200,KBS
2025-12-03 07:00:00,22000.0,22200.0,21600.0,22150.0,5713000,KBS
2025-12-04 07:00:00,22250.0,22700.0,22200.0,22600.0,9604800,KBS
2025-12-05 07:00:00,22650.0,22650.0,22100.0,22200.0,5016500,KBS
2025-12-08 07:00:00,22250.0,22250.0,21600.0,22050.0,7160900,KBS
2025-12-09 07:00:00,21750.0,21950.0,21100.0,21850.0,10444200,KBS
2025-12-10 07:00:00,21650.0,21850.0,21200.0,21400.0,8328300,KBS
2025-12-11 07:00:00,21400.0,21500.0,20900.0,21150.0,7173300,KBS
2025-12-12 07:00:00,21150.0,21200.0,19700.0,19700.0,18105800,KBS
2025-12-15 07:00:00,19750.0,19800.0,18900.0,19000.0,11907100,KBS
2025-12-16 07:00:00,19200.0,20100.0,18450.0,19500.0,13918100,KBS
2025-12-17 07:00:00,19500.0,19550.0,18900.0,19200.0,7136000,KBS
2025-12-18 07:00:00,19050.0,19100.0,18700.0,19050.0,8851500,KBS
2025-12-19 07:00:00,19100.0,19300.0,18800.0,19300.0,12044600,KBS
2025-12-22 07:00:00,19450.0,20550.0,19400.0,20500.0,17489800,KBS
2025-12-23 07:00:00,20400.0,20500.0,19750.0,20150.0,11270400,KBS
2025-12-24 07:00:00,19950.0,20300.0,19700.0,20050.0,9509200,KBS
2025-12-25 07:00:00,19900.0,20150.0,19500.0,19500.0,10424700,KBS
2025-12-26 07:00:00,19200.0,19500.0,18550.0,19350.0,12059900,KBS
2025-12-29 07:00:00,19500.0,19750.0,19300.0,19600.0,9521200,KBS
2025-12-30 07:00:00,19600.0,19600.0,19150.0,19400.0,7580000,KBS
2025-12-31 07:00:00,19400.0,19400.0,18800.0,18800.0,11488500,KBS
2026-01-05 07:00:00,18850.0,19250.0,18500.0,18700.0,8993700,KBS
2026-01-06 07:00:00,18700.0,18900.0,18100.0,18650.0,10508400,KBS
2026-01-07 07:00:00,18700.0,18900.0,18300.0,18800.0,8778200,KBS
2026-01-08 07:00:00,18850.0,19150.0,18450.0,18500.0,10292300,KBS
2026-01-09 07:00:00,18500.0,18500.0,17250.0,17250.0,34769500,KBS
2026-01-12 07:00:00,17100.0,18100.0,16600.0,17900.0,15821400,KBS
2026-01-13 07:00:00,18200.0,18250.0,17850.0,18000.0,12841200,KBS
2026-01-14 07:00:00,18000.0,18300.0,17500.0,17750.0,16431400,KBS
2026-01-15 07:00:00,17700.0,18300.0,17300.0,17850.0,17339500,KBS
2026-01-16 07:00:00,17900.0,18000.0,17350.0,17500.0,7912300,KBS
2026-01-19 07:00:00,17550.0,17800.0,17400.0,17800.0,9928500,KBS
2026-01-20 07:00:00,17850.0,17850.0,17300.0,17500.0,10515500,KBS
2026-01-21 07:00:00,17400.0,17600.0,16850.0,17400.0,13152400,KBS
2026-01-22 07:00:00,17400.0,18500.0,17000.0,18200.0,19858000,KBS
2026-01-23 07:00:00,18000.0,18050.0,17650.0,17800.0,7230500,KBS
2026-01-26 07:00:00,17800.0,17800.0,16850.0,17350.0,11483300,KBS
2026-01-27 07:00:00,17200.0,17300.0,16850.0,17300.0,7934300,KBS
2026-01-28 07:00:00,17100.0,17700.0,16750.0,17450.0,9759100,KBS
2026-01-29 07:00:00,17450.0,17600.0,17150.0,17300.0,4145700,KBS
2026-01-30 07:00:00,17500.0,17950.0,17350.0,17700.0,10651800,KBS
2026-02-02 07:00:00,17900.0,18150.0,17650.0,18000.0,11355000,KBS
2026-02-03 07:00:00,18050.0,18100.0,17650.0,17700.0,6348000,KBS
2026-02-04 07:00:00,17750.0,17850.0,17450.0,17750.0,5494300,KBS
2026-02-05 07:00:00,17800.0,17950.0,17250.0,17450.0,7673500,KBS
2026-02-06 07:00:00,17250.0,17250.0,16800.0,17000.0,9062200,KBS
2026-02-09 07:00:00,17000.0,17300.0,16850.0,17300.0,3906400,KBS
2026-02-10 07:00:00,17200.0,17400.0,17050.0,17300.0,5645700,KBS
2026-02-11 07:00:00,17300.0,18000.0,17200.0,17900.0,11829900,KBS
2026-02-12 07:00:00,17900.0,17950.0,17600.0,17700.0,3902800,KBS
2026-02-13 07:00:00,17600.0,17700.0,17400.0,17400.0,5315600,KBS
2026-02-23 07:00:00,17600.0,17650.0,17300.0,17500.0,5116000,KBS
2026-02-24 07:00:00,17450.0,17550.0,17300.0,17300.0,7005700,KBS
2026-02-25 07:00:00,17300.0,17400.0,17000.0,17000.0,8467700,KBS
2026-02-26 07:00:00,17000.0,17200.0,16850.0,16900.0,5115600,KBS
2026-02-27 07:00:00,17000.0,17000.0,16200.0,16400.0,16137700,KBS
2026-03-02 07:00:00,15400.0,15900.0,15300.0,15600.0,15455500,KBS
2026-03-03 07:00:00,15450.0,15750.0,15050.0,15600.0,12122500,KBS
2026-03-04 07:00:00,15450.0,15600.0,14600.0,15600.0,15752100,KBS
2026-03-05 07:00:00,15650.0,15800.0,15300.0,15650.0,12684400,KBS
2026-03-06 07:00:00,15650.0,15650.0,15300.0,15600.0,7560500,KBS
2026-03-09 07:00:00,14550.0,15000.0,14550.0,14550.0,2783400,KBS
2026-03-10 07:00:00,14450.0,14700.0,13700.0,14600.0,12022000,KBS
2026-03-11 07:00:00,14350.0,15400.0,14250.0,15300.0,12365900,KBS
2026-03-12 07:00:00,15100.0,15400.0,14850.0,15250.0,8338100,KBS
2026-03-13 07:00:00,14900.0,15700.0,14900.0,15450.0,10997400,KBS
2026-03-16 07:00:00,15750.0,15850.0,15400.0,15600.0,8555800,KBS
2026-03-17 07:00:00,15550.0,15600.0,15150.0,15250.0,7343700,KBS
2026-03-18 07:00:00,15200.0,15300.0,14800.0,15250.0,5887800,KBS
2026-03-19 07:00:00,14900.0,15650.0,14900.0,15400.0,10087900,KBS
2026-03-20 07:00:00,15350.0,15400.0,15100.0,15150.0,7858900,KBS
2026-03-23 07:00:00,14850.0,15000.0,14100.0,14500.0,10474100,KBS
2026-03-24 07:00:00,14600.0,15450.0,14450.0,15150.0,10501500,KBS
2026-03-25 07:00:00,15200.0,15500.0,14900.0,15300.0,10300000,KBS
2026-03-26 07:00:00,15300.0,15600.0,15150.0,15350.0,7475000,KBS
2026-03-27 07:00:00,15300.0,16400.0,15200.0,16400.0,26467800,KBS
2026-03-30 07:00:00,16250.0,16850.0,16200.0,16600.0,17824400,KBS
2026-03-31 07:00:00,16650.0,16700.0,16250.0,16350.0,13963500,KBS
2026-04-01 07:00:00,16650.0,16750.0,16200.0,16250.0,13526500,KBS
2026-04-02 07:00:00,16150.0,16200.0,15850.0,16100.0,11789600,KBS
2026-04-03 07:00:00,16000.0,16350.0,15900.0,15900.0,9454900,KBS
2026-04-06 07:00:00,15800.0,16000.0,15150.0,15550.0,9610900,KBS
2026-04-07 07:00:00,15500.0,15700.0,15300.0,15700.0,6311500,KBS
2026-04-08 07:00:00,16100.0,16650.0,15900.0,16600.0,16441600,KBS
2026-04-09 07:00:00,16450.0,17100.0,16300.0,16700.0,19572500,KBS
2026-04-10 07:00:00,16850.0,17050.0,16400.0,16400.0,11948400,KBS
2026-04-13 07:00:00,16300.0,16850.0,16250.0,16500.0,10336800,KBS
2026-04-14 07:00:00,16750.0,16800.0,16250.0,16450.0,8329700,KBS
2026-04-15 07:00:00,16500.0,16850.0,16400.0,16450.0,13313900,KBS
2026-04-16 07:00:00,16600.0,16750.0,16100.0,16400.0,9670100,KBS
2026-04-17 07:00:00,16500.0,16500.0,16150.0,16150.0,6965800,KBS
2026-04-20 07:00:00,16100.0,16300.0,16050.0,16150.0,5076700,KBS
2026-04-21 07:00:00,16200.0,16300.0,15850.0,16150.0,8435900,KBS
2026-04-22 07:00:00,16000.0,16150.0,15800.0,16150.0,7299200,KBS
2026-04-23 07:00:00,16150.0,16350.0,15800.0,16050.0,7689700,KBS
2026-04-24 07:00:00,15950.0,16250.0,15700.0,16200.0,6233400,KBS
2026-04-28 07:00:00,16200.0,16300.0,15950.0,16200.0,4958700,KBS
2026-04-29 07:00:00,16050.0,16600.0,16000.0,16450.0,11759800,KBS
2026-05-04 07:00:00,16550.0,16900.0,16350.0,16500.0,8738800,KBS
2026-05-05 07:00:00,16350.0,16500.0,16000.0,16400.0,8642700,KBS
2026-05-06 07:00:00,16350.0,16700.0,16150.0,16600.0,9430200,KBS
2026-05-07 07:00:00,16600.0,17100.0,16500.0,16550.0,19187600,KBS
2026-05-08 07:00:00,16500.0,16500.0,16250.0,16350.0,7123300,KBS
2026-05-11 07:00:00,16350.0,16550.0,16100.0,16350.0,10328700,KBS
2026-05-12 07:00:00,16300.0,16700.0,16250.0,16500.0,9784200,KBS
2026-05-13 07:00:00,16500.0,16500.0,16150.0,16350.0,5926900,KBS
2026-05-14 07:00:00,16200.0,16750.0,16200.0,16550.0,13838700,KBS
2026-05-15 07:00:00,16700.0,16700.0,16450.0,16550.0,6998000,KBS
2026-05-18 07:00:00,16550.0,16600.0,16300.0,16550.0,8626300,KBS
2026-05-19 07:00:00,16650.0,17050.0,16600.0,16850.0,23141500,KBS
2026-05-20 07:00:00,16850.0,16850.0,15700.0,16400.0,16249700,KBS
2026-05-21 07:00:00,16450.0,16500.0,15950.0,16050.0,5811100,KBS
2026-05-22 07:00:00,16050.0,16050.0,15350.0,15800.0,9864600,KBS
2026-05-25 07:00:00,15850.0,16050.0,15600.0,15850.0,5347400,KBS
2026-05-26 07:00:00,15850.0,16950.0,15850.0,16950.0,37995800,KBS
2026-05-27 07:00:00,17150.0,17250.0,16800.0,17000.0,13736100,KBS
2026-05-28 07:00:00,17000.0,17100.0,16450.0,16500.0,15848700,KBS
2026-05-29 07:00:00,16450.0,16450.0,16000.0,16050.0,12247300,KBS
2026-06-01 07:00:00,16000.0,16200.0,15800.0,16100.0,7216600,KBS
2026-06-02 07:00:00,16050.0,16050.0,15050.0,15250.0,20130700,KBS
2026-06-03 07:00:00,15250.0,15400.0,14900.0,15300.0,7030200,KBS
2026-06-04 07:00:00,15300.0,15350.0,15000.0,15100.0,5214500,KBS
2026-06-05 07:00:00,15150.0,15150.0,14850.0,15050.0,7010600,KBS
