date,open,high,low,close,volume,_source
2020-01-02 07:00:00,8644.0,8644.0,8132.0,8278.0,53510,KBS
2020-01-03 07:00:00,8278.0,8351.0,8205.0,8278.0,45705,KBS
2020-01-06 07:00:00,8278.0,8278.0,8205.0,8205.0,12312,KBS
2020-01-07 07:00:00,8205.0,8205.0,8205.0,8205.0,27900,KBS
2020-01-08 07:00:00,8205.0,8205.0,7765.0,7839.0,82500,KBS
2020-01-09 07:00:00,8205.0,8205.0,7839.0,7839.0,76701,KBS
2020-01-10 07:00:00,7839.0,7839.0,7692.0,7765.0,103749,KBS
2020-01-13 07:00:00,7765.0,7839.0,7765.0,7765.0,91840,KBS
2020-01-14 07:00:00,7765.0,7765.0,7692.0,7765.0,21954,KBS
2020-01-15 07:00:00,7765.0,7765.0,7619.0,7765.0,81462,KBS
2020-01-16 07:00:00,7765.0,8498.0,7472.0,7912.0,316000,KBS
2020-01-17 07:00:00,7912.0,8132.0,7912.0,8058.0,25000,KBS
2020-01-20 07:00:00,8058.0,8425.0,8058.0,8425.0,51510,KBS
2020-01-21 07:00:00,8425.0,8425.0,8278.0,8425.0,36700,KBS
2020-01-22 07:00:00,8498.0,8718.0,8425.0,8644.0,17400,KBS
2020-01-30 07:00:00,8644.0,8718.0,8425.0,8644.0,53400,KBS
2020-01-31 07:00:00,9157.0,9157.0,8351.0,8351.0,52910,KBS
2020-02-03 07:00:00,8571.0,8571.0,8058.0,8205.0,15200,KBS
2020-02-04 07:00:00,8425.0,8791.0,8205.0,8718.0,91452,KBS
2020-02-05 07:00:00,8498.0,8644.0,8205.0,8644.0,394800,KBS
2020-02-06 07:00:00,8571.0,8644.0,8571.0,8644.0,14500,KBS
2020-02-07 07:00:00,8425.0,8644.0,8425.0,8498.0,22600,KBS
2020-02-10 07:00:00,8571.0,8571.0,8278.0,8498.0,35714,KBS
2020-02-11 07:00:00,8278.0,8571.0,8278.0,8571.0,3800,KBS
2020-02-12 07:00:00,8571.0,8644.0,8425.0,8571.0,31100,KBS
2020-02-13 07:00:00,8498.0,8571.0,8498.0,8571.0,12310,KBS
2020-02-14 07:00:00,8571.0,8571.0,8498.0,8498.0,13400,KBS
2020-02-17 07:00:00,8498.0,8498.0,8498.0,8498.0,12420,KBS
2020-02-18 07:00:00,8498.0,8571.0,8425.0,8498.0,62500,KBS
2020-02-19 07:00:00,8498.0,8718.0,8498.0,8718.0,26300,KBS
2020-02-20 07:00:00,8498.0,8937.0,8425.0,8937.0,76100,KBS
2020-02-21 07:00:00,8937.0,9011.0,8937.0,9011.0,27300,KBS
2020-02-24 07:00:00,8937.0,9011.0,8644.0,8644.0,86900,KBS
2020-02-25 07:00:00,8644.0,8864.0,8644.0,8791.0,28000,KBS
2020-02-26 07:00:00,9011.0,9157.0,8791.0,9011.0,50200,KBS
2020-02-27 07:00:00,9231.0,9231.0,9011.0,9084.0,12200,KBS
2020-02-28 07:00:00,8718.0,9084.0,8718.0,9011.0,5800,KBS
2020-03-02 07:00:00,8791.0,9084.0,8791.0,9011.0,3000,KBS
2020-03-03 07:00:00,8791.0,8937.0,8791.0,8937.0,6400,KBS
2020-03-04 07:00:00,8718.0,8937.0,8718.0,8937.0,5620,KBS
2020-03-05 07:00:00,8864.0,9011.0,8864.0,8864.0,24630,KBS
2020-03-06 07:00:00,8864.0,8864.0,8864.0,8864.0,40,KBS
2020-03-09 07:00:00,8791.0,9743.0,7985.0,8132.0,264100,KBS
2020-03-10 07:00:00,8864.0,8864.0,8718.0,8791.0,21210,KBS
2020-03-11 07:00:00,8791.0,8791.0,8498.0,8571.0,32880,KBS
2020-03-12 07:00:00,8058.0,8571.0,7765.0,8278.0,183732,KBS
2020-03-13 07:00:00,7692.0,8425.0,7692.0,8278.0,53670,KBS
2020-03-16 07:00:00,8058.0,8205.0,7985.0,8058.0,62900,KBS
2020-03-17 07:00:00,8058.0,8718.0,7985.0,8498.0,29200,KBS
2020-03-18 07:00:00,8718.0,8718.0,8498.0,8644.0,63260,KBS
2020-03-19 07:00:00,8571.0,8571.0,8278.0,8425.0,30900,KBS
2020-03-20 07:00:00,8644.0,8644.0,8351.0,8425.0,33200,KBS
2020-03-23 07:00:00,8718.0,8718.0,7765.0,7985.0,201800,KBS
2020-03-24 07:00:00,8278.0,8278.0,7253.0,8132.0,30300,KBS
2020-03-25 07:00:00,8132.0,8351.0,8132.0,8351.0,19349,KBS
2020-03-26 07:00:00,8278.0,8278.0,7912.0,7912.0,52500,KBS
2020-03-27 07:00:00,7765.0,8205.0,7692.0,8132.0,98915,KBS
2020-03-30 07:00:00,8058.0,8058.0,7912.0,7985.0,69200,KBS
2020-03-31 07:00:00,8498.0,8498.0,7985.0,8058.0,12388,KBS
2020-04-01 07:00:00,7985.0,8132.0,7985.0,8132.0,33000,KBS
2020-04-03 07:00:00,8937.0,8937.0,8205.0,8278.0,43900,KBS
2020-04-06 07:00:00,8425.0,8644.0,8425.0,8571.0,56080,KBS
2020-04-07 07:00:00,8791.0,8791.0,8498.0,8644.0,41318,KBS
2020-04-08 07:00:00,8644.0,8718.0,8498.0,8571.0,50121,KBS
2020-04-09 07:00:00,8718.0,8864.0,8718.0,8864.0,84881,KBS
2020-04-10 07:00:00,9450.0,9524.0,8791.0,9011.0,14085,KBS
2020-04-13 07:00:00,9377.0,9524.0,9084.0,9377.0,49980,KBS
2020-04-14 07:00:00,9377.0,9450.0,9304.0,9377.0,28740,KBS
2020-04-15 07:00:00,9304.0,9597.0,9304.0,9524.0,292082,KBS
2020-04-16 07:00:00,9524.0,9597.0,9231.0,9524.0,169860,KBS
2020-04-17 07:00:00,9524.0,10476.0,9524.0,10476.0,832106,KBS
2020-04-20 07:00:00,11502.0,11502.0,10842.0,11502.0,1093054,KBS
2020-04-21 07:00:00,12088.0,12307.0,11208.0,11355.0,856178,KBS
2020-04-22 07:00:00,10989.0,11941.0,10769.0,11868.0,803672,KBS
2020-04-23 07:00:00,11355.0,12454.0,11355.0,12014.0,687058,KBS
2020-04-24 07:00:00,11941.0,11941.0,11502.0,11575.0,401029,KBS
2020-04-27 07:00:00,11575.0,12014.0,11355.0,11648.0,314477,KBS
2020-04-28 07:00:00,11721.0,11721.0,11282.0,11355.0,293010,KBS
2020-04-29 07:00:00,11355.0,12454.0,10769.0,12454.0,1305405,KBS
2020-05-04 07:00:00,11721.0,12381.0,11721.0,11941.0,368934,KBS
2020-05-05 07:00:00,11721.0,11941.0,11648.0,11941.0,260610,KBS
2020-05-06 07:00:00,11868.0,11941.0,11575.0,11795.0,627004,KBS
2020-05-07 07:00:00,12014.0,12234.0,11868.0,12161.0,470430,KBS
2020-05-08 07:00:00,12088.0,12674.0,11868.0,11941.0,739989,KBS
2020-05-11 07:00:00,12088.0,12088.0,11795.0,11868.0,231527,KBS
2020-05-12 07:00:00,11868.0,12088.0,11355.0,12088.0,478152,KBS
2020-05-13 07:00:00,12088.0,12234.0,11721.0,11868.0,413118,KBS
2020-05-14 07:00:00,11868.0,12747.0,11721.0,11941.0,732880,KBS
2020-05-15 07:00:00,11941.0,12307.0,11941.0,12088.0,384115,KBS
2020-05-18 07:00:00,12088.0,12820.0,12014.0,12820.0,727128,KBS
2020-05-19 07:00:00,13040.0,13406.0,12527.0,12820.0,787229,KBS
2020-05-20 07:00:00,12820.0,13186.0,12600.0,12967.0,483995,KBS
2020-05-21 07:00:00,12674.0,13040.0,12600.0,12600.0,362540,KBS
2020-05-22 07:00:00,12820.0,12967.0,12527.0,12527.0,574579,KBS
2020-05-25 07:00:00,12820.0,12820.0,12381.0,12747.0,632172,KBS
2020-05-26 07:00:00,12747.0,12747.0,12454.0,12600.0,337055,KBS
2020-05-27 07:00:00,12600.0,13040.0,12527.0,12527.0,718763,KBS
2020-05-28 07:00:00,12527.0,12674.0,12307.0,12307.0,371292,KBS
2020-05-29 07:00:00,12307.0,12600.0,12161.0,12527.0,311200,KBS
2020-06-01 07:00:00,12527.0,12674.0,12381.0,12454.0,284045,KBS
2020-06-02 07:00:00,12454.0,12454.0,12014.0,12014.0,569110,KBS
2020-06-03 07:00:00,12014.0,12014.0,11575.0,11868.0,478225,KBS
2020-06-04 07:00:00,12014.0,12527.0,12014.0,12307.0,337932,KBS
2020-06-05 07:00:00,12307.0,12381.0,12088.0,12234.0,156223,KBS
2020-06-08 07:00:00,12234.0,12454.0,12161.0,12307.0,535635,KBS
2020-06-09 07:00:00,12307.0,12307.0,12088.0,12161.0,322704,KBS
2020-06-10 07:00:00,12161.0,12234.0,11941.0,12161.0,250639,KBS
2020-06-11 07:00:00,12161.0,12161.0,11355.0,11355.0,341559,KBS
2020-06-12 07:00:00,11208.0,11355.0,10549.0,11355.0,344773,KBS
2020-06-15 07:00:00,11355.0,11355.0,10549.0,10622.0,334926,KBS
2020-06-16 07:00:00,10622.0,11282.0,10622.0,11208.0,201879,KBS
2020-06-17 07:00:00,11208.0,11428.0,11135.0,11135.0,66177,KBS
2020-06-18 07:00:00,11062.0,11135.0,10915.0,11062.0,85927,KBS
2020-06-19 07:00:00,11062.0,11208.0,10989.0,11135.0,113530,KBS
2020-06-22 07:00:00,11282.0,11355.0,11135.0,11208.0,94930,KBS
2020-06-23 07:00:00,11208.0,11721.0,11208.0,11428.0,187846,KBS
2020-06-24 07:00:00,11428.0,11575.0,11135.0,11282.0,104010,KBS
2020-06-25 07:00:00,11135.0,11282.0,10842.0,11135.0,115821,KBS
2020-06-26 07:00:00,11208.0,11428.0,11135.0,11135.0,155810,KBS
2020-06-29 07:00:00,10989.0,11282.0,10915.0,10915.0,104621,KBS
2020-06-30 07:00:00,10989.0,11208.0,10769.0,10915.0,110277,KBS
2020-07-01 07:00:00,10915.0,11135.0,10696.0,11135.0,70900,KBS
2020-07-02 07:00:00,11282.0,11282.0,11062.0,11208.0,99146,KBS
2020-07-03 07:00:00,11282.0,12088.0,11282.0,12014.0,468813,KBS
2020-07-06 07:00:00,12088.0,12307.0,11941.0,12161.0,230838,KBS
2020-07-07 07:00:00,12161.0,12307.0,11868.0,11868.0,213370,KBS
2020-07-08 07:00:00,12161.0,12381.0,12014.0,12307.0,364737,KBS
2020-07-09 07:00:00,12307.0,12527.0,12234.0,12454.0,432969,KBS
2020-07-10 07:00:00,12454.0,12527.0,12307.0,12454.0,245726,KBS
2020-07-13 07:00:00,12454.0,12527.0,12307.0,12381.0,213189,KBS
2020-07-14 07:00:00,12381.0,12454.0,12234.0,12381.0,182688,KBS
2020-07-15 07:00:00,12783.0,13506.0,12461.0,12622.0,165344,KBS
2020-07-16 07:00:00,12622.0,12622.0,12300.0,12300.0,175049,KBS
2020-07-17 07:00:00,12220.0,12783.0,12220.0,12702.0,311793,KBS
2020-07-20 07:00:00,12702.0,12702.0,12541.0,12622.0,203380,KBS
2020-07-21 07:00:00,12622.0,12702.0,12461.0,12541.0,87700,KBS
2020-07-22 07:00:00,12461.0,12622.0,12300.0,12300.0,171060,KBS
2020-07-23 07:00:00,12300.0,12381.0,12059.0,12300.0,123425,KBS
2020-07-24 07:00:00,12300.0,12300.0,11175.0,11737.0,287825,KBS
2020-07-27 07:00:00,11577.0,11577.0,10612.0,11014.0,456705,KBS
2020-07-28 07:00:00,10773.0,11577.0,10773.0,11496.0,243933,KBS
2020-07-29 07:00:00,11496.0,11577.0,11014.0,11496.0,221319,KBS
2020-07-30 07:00:00,11416.0,11818.0,11335.0,11737.0,147790,KBS
2020-07-31 07:00:00,11496.0,11898.0,11335.0,11737.0,121988,KBS
2020-08-03 07:00:00,11657.0,12783.0,11657.0,12702.0,355768,KBS
2020-08-04 07:00:00,12702.0,13024.0,12461.0,12622.0,378325,KBS
2020-08-05 07:00:00,12622.0,13426.0,12541.0,13345.0,811198,KBS
2020-08-06 07:00:00,13265.0,14069.0,13185.0,13667.0,796973,KBS
2020-08-07 07:00:00,13667.0,13988.0,13667.0,13908.0,625839,KBS
2020-08-10 07:00:00,13988.0,14310.0,13988.0,13988.0,469140,KBS
2020-08-11 07:00:00,13988.0,13988.0,13587.0,13667.0,583173,KBS
2020-08-12 07:00:00,13828.0,14632.0,13587.0,14471.0,864444,KBS
2020-08-13 07:00:00,14471.0,14632.0,14310.0,14471.0,239862,KBS
2020-08-14 07:00:00,14471.0,14471.0,13908.0,14149.0,567474,KBS
2020-08-17 07:00:00,14149.0,15194.0,13908.0,15194.0,831984,KBS
2020-08-18 07:00:00,15194.0,15596.0,14953.0,15034.0,376270,KBS
2020-08-19 07:00:00,15034.0,15596.0,14953.0,15516.0,496022,KBS
2020-08-20 07:00:00,15275.0,15516.0,15114.0,15355.0,497008,KBS
2020-08-21 07:00:00,15355.0,15918.0,15275.0,15596.0,431600,KBS
2020-08-24 07:00:00,15838.0,16481.0,15838.0,16400.0,714120,KBS
2020-08-25 07:00:00,16400.0,17445.0,16159.0,16963.0,765108,KBS
2020-08-26 07:00:00,16963.0,17445.0,16641.0,16802.0,686859,KBS
2020-08-27 07:00:00,16802.0,17124.0,16641.0,16963.0,564810,KBS
2020-08-28 07:00:00,16963.0,17043.0,16561.0,16561.0,573026,KBS
2020-08-31 07:00:00,16561.0,16641.0,15757.0,16400.0,746116,KBS
2020-09-01 07:00:00,16239.0,17043.0,16159.0,17043.0,351005,KBS
2020-09-03 07:00:00,17043.0,17365.0,16641.0,17043.0,591259,KBS
2020-09-04 07:00:00,16561.0,17043.0,16400.0,16883.0,461299,KBS
2020-09-07 07:00:00,16883.0,16883.0,16400.0,16481.0,505343,KBS
2020-09-08 07:00:00,16481.0,17043.0,16481.0,16883.0,314684,KBS
2020-09-09 07:00:00,16641.0,17285.0,16400.0,17124.0,514394,KBS
2020-09-10 07:00:00,17124.0,17285.0,16802.0,16883.0,455217,KBS
2020-09-11 07:00:00,16883.0,17043.0,16561.0,17043.0,196477,KBS
2020-09-14 07:00:00,17043.0,18732.0,17043.0,18571.0,1677927,KBS
2020-09-15 07:00:00,18571.0,18571.0,18249.0,18249.0,462245,KBS
2020-09-16 07:00:00,18249.0,18571.0,18089.0,18249.0,390280,KBS
2020-09-17 07:00:00,18249.0,18732.0,18089.0,18571.0,633128,KBS
2020-09-18 07:00:00,18491.0,18732.0,18491.0,18571.0,276100,KBS
2020-09-21 07:00:00,18732.0,19455.0,18571.0,18571.0,540938,KBS
2020-09-22 07:00:00,18571.0,18732.0,18169.0,18330.0,621893,KBS
2020-09-23 07:00:00,18330.0,18491.0,18249.0,18330.0,299313,KBS
2020-09-24 07:00:00,18330.0,18410.0,18089.0,18249.0,303717,KBS
2020-09-25 07:00:00,18249.0,18892.0,18249.0,18410.0,336090,KBS
2020-09-28 07:00:00,18571.0,18892.0,18410.0,18651.0,304351,KBS
2020-09-29 07:00:00,18732.0,18812.0,18089.0,18089.0,501597,KBS
2020-09-30 07:00:00,17687.0,18410.0,17687.0,18249.0,465053,KBS
2020-10-01 07:00:00,18410.0,18812.0,18330.0,18651.0,461890,KBS
2020-10-02 07:00:00,18732.0,19134.0,18008.0,18732.0,687248,KBS
2020-10-05 07:00:00,18732.0,18973.0,18651.0,18812.0,402502,KBS
2020-10-06 07:00:00,18892.0,19134.0,18651.0,18651.0,425123,KBS
2020-10-07 07:00:00,18651.0,18651.0,18330.0,18410.0,414640,KBS
2020-10-08 07:00:00,18410.0,18491.0,17847.0,18008.0,674095,KBS
2020-10-09 07:00:00,18008.0,18249.0,17928.0,18008.0,279860,KBS
2020-10-12 07:00:00,17928.0,18089.0,16320.0,17526.0,467488,KBS
2020-10-13 07:00:00,17445.0,17445.0,16722.0,16963.0,807719,KBS
2020-10-14 07:00:00,16883.0,17124.0,16802.0,16883.0,288166,KBS
2020-10-15 07:00:00,16883.0,16963.0,16239.0,16320.0,584826,KBS
2020-10-16 07:00:00,16239.0,17124.0,15998.0,17124.0,495420,KBS
2020-10-19 07:00:00,17204.0,17285.0,16963.0,17124.0,389287,KBS
2020-10-20 07:00:00,17043.0,17043.0,16722.0,16722.0,201010,KBS
2020-10-21 07:00:00,16802.0,16883.0,16561.0,16722.0,317103,KBS
2020-10-22 07:00:00,16722.0,16722.0,16400.0,16722.0,170410,KBS
2020-10-23 07:00:00,16802.0,17204.0,16722.0,17043.0,341138,KBS
2020-10-26 07:00:00,17043.0,17043.0,16641.0,16722.0,245538,KBS
2020-10-27 07:00:00,16722.0,16802.0,16481.0,16481.0,253177,KBS
2020-10-28 07:00:00,16481.0,17445.0,16159.0,16722.0,554530,KBS
2020-10-29 07:00:00,16481.0,17285.0,16481.0,17043.0,291659,KBS
2020-10-30 07:00:00,17124.0,17365.0,16963.0,17124.0,176339,KBS
2020-11-02 07:00:00,17204.0,17204.0,16802.0,16963.0,185939,KBS
2020-11-03 07:00:00,17124.0,18410.0,16963.0,18008.0,1037230,KBS
2020-11-04 07:00:00,18008.0,18410.0,18008.0,18330.0,837657,KBS
2020-11-05 07:00:00,18330.0,18330.0,18008.0,18169.0,260602,KBS
2020-11-06 07:00:00,18169.0,19214.0,17928.0,18973.0,892042,KBS
2020-11-09 07:00:00,19294.0,19696.0,18892.0,19294.0,711460,KBS
2020-11-10 07:00:00,19455.0,20098.0,19053.0,19696.0,986013,KBS
2020-11-11 07:00:00,19938.0,20259.0,19294.0,19696.0,575997,KBS
2020-11-12 07:00:00,19857.0,19857.0,19214.0,19375.0,404179,KBS
2020-11-13 07:00:00,19375.0,20018.0,19375.0,19938.0,582839,KBS
2020-11-16 07:00:00,19938.0,19938.0,19375.0,19455.0,472382,KBS
2020-11-17 07:00:00,19616.0,20983.0,19375.0,20742.0,925335,KBS
2020-11-18 07:00:00,20902.0,21063.0,20420.0,20822.0,374037,KBS
2020-11-19 07:00:00,20822.0,21304.0,20581.0,20902.0,379352,KBS
2020-11-20 07:00:00,20902.0,21143.0,20742.0,20983.0,454811,KBS
2020-11-23 07:00:00,20983.0,20983.0,20581.0,20742.0,337890,KBS
2020-11-24 07:00:00,20822.0,21385.0,20581.0,20983.0,705382,KBS
2020-11-25 07:00:00,20983.0,21304.0,20742.0,20822.0,353300,KBS
2020-11-26 07:00:00,20822.0,20983.0,20420.0,20500.0,431005,KBS
2020-11-27 07:00:00,20259.0,20661.0,20098.0,20340.0,567841,KBS
2020-11-30 07:00:00,20581.0,20581.0,19777.0,19857.0,656500,KBS
2020-12-01 07:00:00,19375.0,20742.0,19294.0,20581.0,558507,KBS
2020-12-02 07:00:00,20581.0,21224.0,20500.0,20983.0,517751,KBS
2020-12-03 07:00:00,20983.0,21385.0,20581.0,21063.0,790669,KBS
2020-12-04 07:00:00,21304.0,21304.0,20661.0,20742.0,568343,KBS
2020-12-07 07:00:00,20902.0,21947.0,20742.0,21787.0,1073507,KBS
2020-12-08 07:00:00,21706.0,21947.0,21385.0,21626.0,384022,KBS
2020-12-09 07:00:00,21465.0,21626.0,21385.0,21545.0,342220,KBS
2020-12-10 07:00:00,21626.0,21787.0,20983.0,21063.0,867351,KBS
2020-12-11 07:00:00,21063.0,21224.0,20742.0,21224.0,369988,KBS
2020-12-14 07:00:00,21304.0,21545.0,21063.0,21304.0,553170,KBS
2020-12-15 07:00:00,21385.0,21947.0,21385.0,21465.0,523041,KBS
2020-12-16 07:00:00,22133.0,22133.0,21549.0,21716.0,379191,KBS
2020-12-17 07:00:00,21966.0,22050.0,20880.0,21131.0,489478,KBS
2020-12-18 07:00:00,21131.0,21382.0,20880.0,21298.0,327065,KBS
2020-12-21 07:00:00,21131.0,21298.0,20880.0,21298.0,539070,KBS
2020-12-22 07:00:00,20880.0,22384.0,20880.0,22050.0,1102586,KBS
2020-12-23 07:00:00,22050.0,22384.0,21465.0,21632.0,399425,KBS
2020-12-24 07:00:00,21632.0,21883.0,21047.0,21549.0,460940,KBS
2020-12-25 07:00:00,21549.0,21966.0,21215.0,21716.0,372690,KBS
2020-12-28 07:00:00,21716.0,23887.0,21716.0,23887.0,2225143,KBS
2020-12-29 07:00:00,23887.0,25892.0,23887.0,24889.0,816417,KBS
2020-12-30 07:00:00,24889.0,24889.0,24138.0,24388.0,340651,KBS
2020-12-31 07:00:00,24388.0,24388.0,23720.0,24221.0,488816,KBS
2021-01-04 07:00:00,24555.0,25057.0,24555.0,24889.0,478526,KBS
2021-01-05 07:00:00,24889.0,26142.0,24472.0,25391.0,590050,KBS
2021-01-06 07:00:00,25391.0,25641.0,24639.0,24889.0,492232,KBS
2021-01-07 07:00:00,24889.0,24889.0,24388.0,24639.0,527907,KBS
2021-01-08 07:00:00,24722.0,25391.0,24221.0,25057.0,738433,KBS
2021-01-11 07:00:00,25140.0,25725.0,25057.0,25307.0,672931,KBS
2021-01-12 07:00:00,25474.0,26727.0,25057.0,26142.0,938869,KBS
2021-01-13 07:00:00,26476.0,26476.0,25558.0,25808.0,363102,KBS
2021-01-14 07:00:00,25808.0,25808.0,24973.0,25558.0,384747,KBS
2021-01-15 07:00:00,25725.0,26476.0,25474.0,25892.0,511508,KBS
2021-01-18 07:00:00,25808.0,26059.0,25307.0,25474.0,336741,KBS
2021-01-19 07:00:00,25307.0,25725.0,22968.0,23136.0,988802,KBS
2021-01-20 07:00:00,23219.0,23887.0,21716.0,23720.0,618250,KBS
2021-01-21 07:00:00,23804.0,24305.0,23720.0,24305.0,308350,KBS
2021-01-22 07:00:00,24639.0,24639.0,24138.0,24221.0,407443,KBS
2021-01-25 07:00:00,24221.0,24221.0,23386.0,23720.0,331219,KBS
2021-01-26 07:00:00,23470.0,23637.0,22133.0,22718.0,293706,KBS
2021-01-27 07:00:00,22718.0,22718.0,20463.0,20463.0,685982,KBS
2021-01-28 07:00:00,18458.0,20463.0,18458.0,18458.0,958440,KBS
2021-01-29 07:00:00,16621.0,20296.0,16621.0,19962.0,515439,KBS
2021-02-01 07:00:00,19962.0,20212.0,18542.0,18709.0,315976,KBS
2021-02-02 07:00:00,18542.0,19628.0,18375.0,19628.0,297338,KBS
2021-02-03 07:00:00,20045.0,20713.0,19628.0,20463.0,383832,KBS
2021-02-04 07:00:00,20546.0,21716.0,20463.0,21298.0,628006,KBS
2021-02-05 07:00:00,21382.0,21549.0,21047.0,21215.0,265247,KBS
2021-02-08 07:00:00,21215.0,21215.0,19210.0,20212.0,347220,KBS
2021-02-09 07:00:00,19795.0,20546.0,19711.0,20546.0,250165,KBS
2021-02-17 07:00:00,20880.0,21716.0,20713.0,21716.0,275983,KBS
2021-02-18 07:00:00,21799.0,22968.0,21716.0,22467.0,663816,KBS
2021-02-19 07:00:00,22467.0,22801.0,22133.0,22300.0,263533,KBS
2021-02-22 07:00:00,22300.0,22551.0,22133.0,22467.0,303157,KBS
2021-02-23 07:00:00,22551.0,23303.0,22551.0,23052.0,457990,KBS
2021-02-24 07:00:00,23136.0,23386.0,22384.0,22801.0,363820,KBS
2021-02-25 07:00:00,22885.0,23219.0,22217.0,22551.0,281620,KBS
2021-02-26 07:00:00,22384.0,22718.0,22133.0,22634.0,334220,KBS
2021-03-01 07:00:00,22718.0,23136.0,22133.0,23052.0,384460,KBS
2021-03-02 07:00:00,23136.0,24639.0,22968.0,24472.0,1073420,KBS
2021-03-03 07:00:00,24472.0,24472.0,24054.0,24472.0,293698,KBS
2021-03-04 07:00:00,24472.0,25641.0,22885.0,25641.0,800765,KBS
2021-03-05 07:00:00,26226.0,26309.0,24639.0,24973.0,600550,KBS
2021-03-08 07:00:00,25057.0,25725.0,24305.0,24722.0,429670,KBS
2021-03-09 07:00:00,24639.0,24722.0,23804.0,24221.0,488410,KBS
2021-03-10 07:00:00,24054.0,24221.0,22551.0,24221.0,270466,KBS
2021-03-11 07:00:00,24305.0,24722.0,23887.0,24472.0,288292,KBS
2021-03-12 07:00:00,24472.0,25641.0,24472.0,25224.0,1053929,KBS
2021-03-15 07:00:00,25140.0,25892.0,25140.0,25558.0,657030,KBS
2021-03-16 07:00:00,25558.0,25641.0,24806.0,25057.0,334636,KBS
2021-03-17 07:00:00,25057.0,25307.0,24555.0,25224.0,306454,KBS
2021-03-18 07:00:00,25307.0,25641.0,25057.0,25307.0,348035,KBS
2021-03-19 07:00:00,25307.0,25307.0,24639.0,24889.0,381627,KBS
2021-03-22 07:00:00,24889.0,24973.0,23303.0,24639.0,287136,KBS
2021-03-23 07:00:00,24639.0,24973.0,24388.0,24472.0,309125,KBS
2021-03-24 07:00:00,24221.0,24221.0,22968.0,23804.0,695326,KBS
2021-03-25 07:00:00,23637.0,24138.0,22968.0,23052.0,354965,KBS
2021-03-26 07:00:00,23052.0,23470.0,21131.0,23219.0,730481,KBS
2021-03-29 07:00:00,23219.0,23470.0,23136.0,23303.0,215409,KBS
2021-03-30 07:00:00,23303.0,23386.0,22968.0,23386.0,213605,KBS
2021-03-31 07:00:00,23303.0,23386.0,22968.0,23303.0,223919,KBS
2021-04-01 07:00:00,23303.0,24138.0,23219.0,23971.0,322996,KBS
2021-04-02 07:00:00,24221.0,24806.0,23971.0,24221.0,278310,KBS
2021-04-05 07:00:00,24305.0,24555.0,23553.0,24138.0,140000,KBS
2021-04-06 07:00:00,23637.0,24054.0,23470.0,24054.0,443484,KBS
2021-04-07 07:00:00,24138.0,24221.0,23553.0,23971.0,203980,KBS
2021-04-08 07:00:00,23971.0,23971.0,23637.0,23804.0,141606,KBS
2021-04-09 07:00:00,23637.0,23804.0,23470.0,23637.0,159998,KBS
2021-04-12 07:00:00,23637.0,23637.0,23303.0,23303.0,311825,KBS
2021-04-13 07:00:00,23303.0,23386.0,22634.0,22718.0,469400,KBS
2021-04-14 07:00:00,22718.0,23136.0,22217.0,22801.0,138920,KBS
2021-04-15 07:00:00,23219.0,23386.0,22384.0,22467.0,225654,KBS
2021-04-16 07:00:00,22634.0,22634.0,21298.0,21799.0,367257,KBS
2021-04-19 07:00:00,21799.0,22217.0,21799.0,22217.0,274856,KBS
2021-04-20 07:00:00,22467.0,22801.0,22133.0,22300.0,303780,KBS
2021-04-22 07:00:00,22300.0,22300.0,20546.0,20546.0,334900,KBS
2021-04-23 07:00:00,20546.0,20797.0,19210.0,20797.0,222780,KBS
2021-04-26 07:00:00,20880.0,21131.0,20212.0,20212.0,165369,KBS
2021-04-27 07:00:00,20045.0,20212.0,19628.0,19795.0,134755,KBS
2021-04-28 07:00:00,19795.0,20880.0,19795.0,20630.0,165579,KBS
2021-04-29 07:00:00,21298.0,21298.0,20713.0,20713.0,138053,KBS
2021-05-04 07:00:00,20797.0,20797.0,20045.0,20463.0,117899,KBS
2021-05-05 07:00:00,20797.0,21298.0,20463.0,21131.0,226210,KBS
2021-05-06 07:00:00,21632.0,21966.0,20630.0,20713.0,147991,KBS
2021-05-07 07:00:00,20713.0,20797.0,20045.0,20212.0,207200,KBS
2021-05-10 07:00:00,19628.0,21047.0,19628.0,20546.0,253294,KBS
2021-05-11 07:00:00,21131.0,21131.0,20129.0,20546.0,255149,KBS
2021-05-12 07:00:00,20463.0,21131.0,20463.0,21047.0,160595,KBS
2021-05-13 07:00:00,21215.0,21883.0,21131.0,21215.0,306695,KBS
2021-05-14 07:00:00,21298.0,21382.0,20964.0,20964.0,166440,KBS
2021-05-17 07:00:00,21215.0,21215.0,20379.0,20463.0,152281,KBS
2021-05-18 07:00:00,20463.0,20546.0,20045.0,20296.0,159300,KBS
2021-05-19 07:00:00,20045.0,20212.0,19795.0,19795.0,169931,KBS
2021-05-20 07:00:00,19795.0,21047.0,19795.0,20379.0,300745,KBS
2021-05-21 07:00:00,20379.0,21215.0,20045.0,20630.0,309127,KBS
2021-05-24 07:00:00,20630.0,22217.0,20463.0,22050.0,486101,KBS
2021-05-25 07:00:00,22050.0,22133.0,21382.0,21716.0,227520,KBS
2021-05-26 07:00:00,21716.0,21716.0,20797.0,21131.0,260100,KBS
2021-05-27 07:00:00,21047.0,21215.0,20463.0,20797.0,333545,KBS
2021-05-28 07:00:00,20797.0,21632.0,20713.0,21298.0,245820,KBS
2021-05-31 07:00:00,21298.0,22217.0,20964.0,21966.0,566811,KBS
2021-06-01 07:00:00,22136.0,22903.0,22136.0,22818.0,497869,KBS
2021-06-02 07:00:00,22988.0,23924.0,22988.0,23584.0,754772,KBS
2021-06-03 07:00:00,23584.0,24010.0,22732.0,23414.0,576080,KBS
2021-06-04 07:00:00,23414.0,24350.0,22732.0,24180.0,648666,KBS
2021-06-07 07:00:00,24265.0,25202.0,22988.0,23839.0,688730,KBS
2021-06-08 07:00:00,23584.0,23839.0,22562.0,22647.0,527019,KBS
2021-06-09 07:00:00,22477.0,22988.0,21711.0,22136.0,345220,KBS
2021-06-10 07:00:00,22136.0,22136.0,21711.0,21966.0,291575,KBS
2021-06-11 07:00:00,21966.0,22477.0,21881.0,22477.0,211420,KBS
2021-06-14 07:00:00,23328.0,23839.0,22392.0,22477.0,261410,KBS
2021-06-15 07:00:00,22562.0,22988.0,22392.0,22392.0,287967,KBS
2021-06-16 07:00:00,22477.0,23243.0,22477.0,22818.0,467200,KBS
2021-06-17 07:00:00,22732.0,23839.0,22562.0,23839.0,736711,KBS
2021-06-18 07:00:00,23839.0,24265.0,23584.0,23584.0,510468,KBS
2021-06-21 07:00:00,23584.0,24861.0,23584.0,24520.0,1165263,KBS
2021-06-22 07:00:00,24606.0,25202.0,24180.0,24180.0,850046,KBS
2021-06-23 07:00:00,24180.0,24180.0,23414.0,23584.0,349600,KBS
2021-06-24 07:00:00,23584.0,23754.0,22818.0,22903.0,531965,KBS
2021-06-25 07:00:00,22818.0,23158.0,22477.0,23158.0,552424,KBS
2021-06-28 07:00:00,23158.0,23669.0,22988.0,23158.0,215951,KBS
2021-06-29 07:00:00,23158.0,23158.0,22647.0,22732.0,258914,KBS
2021-06-30 07:00:00,22732.0,22903.0,22307.0,22477.0,401827,KBS
2021-07-01 07:00:00,22392.0,22732.0,22136.0,22562.0,326621,KBS
2021-07-02 07:00:00,22647.0,23073.0,22477.0,22647.0,188822,KBS
2021-07-05 07:00:00,22732.0,22988.0,22136.0,22392.0,386677,KBS
2021-07-06 07:00:00,22392.0,22818.0,20434.0,20434.0,360925,KBS
2021-07-07 07:00:00,20519.0,22136.0,20519.0,21626.0,520760,KBS
2021-07-08 07:00:00,21711.0,22136.0,21455.0,21626.0,173115,KBS
2021-07-09 07:00:00,21455.0,21711.0,21115.0,21200.0,181119,KBS
2021-07-12 07:00:00,21200.0,21200.0,19667.0,20178.0,438077,KBS
2021-07-13 07:00:00,20263.0,20945.0,20178.0,20774.0,117950,KBS
2021-07-14 07:00:00,20604.0,20774.0,20349.0,20604.0,78940,KBS
2021-07-15 07:00:00,20604.0,21200.0,20349.0,21200.0,184300,KBS
2021-07-16 07:00:00,21285.0,21966.0,21200.0,21370.0,227985,KBS
2021-07-19 07:00:00,20859.0,20945.0,20349.0,20349.0,168300,KBS
2021-07-20 07:00:00,20008.0,21881.0,19753.0,21881.0,159300,KBS
2021-07-21 07:00:00,21881.0,21881.0,20859.0,21115.0,100025,KBS
2021-07-22 07:00:00,21030.0,21540.0,20859.0,21285.0,230308,KBS
2021-07-23 07:00:00,21285.0,21540.0,20945.0,20945.0,114100,KBS
2021-07-26 07:00:00,20859.0,21285.0,20774.0,21285.0,196308,KBS
2021-07-27 07:00:00,21626.0,21881.0,21455.0,21796.0,282190,KBS
2021-07-28 07:00:00,21711.0,23243.0,21540.0,22647.0,535324,KBS
2021-07-29 07:00:00,22818.0,23243.0,22647.0,22988.0,365009,KBS
2021-07-30 07:00:00,22903.0,24010.0,22732.0,23839.0,1699918,KBS
2021-08-02 07:00:00,23924.0,24265.0,23414.0,23839.0,787701,KBS
2021-08-03 07:00:00,23924.0,26223.0,23839.0,26223.0,2307411,KBS
2021-08-04 07:00:00,26223.0,27160.0,25968.0,25968.0,1076856,KBS
2021-08-05 07:00:00,25798.0,27245.0,25542.0,26904.0,808165,KBS
2021-08-06 07:00:00,26904.0,27415.0,26138.0,26138.0,1307530,KBS
2021-08-09 07:00:00,26223.0,28522.0,25798.0,28522.0,1907876,KBS
2021-08-10 07:00:00,31332.0,31332.0,28437.0,28948.0,952867,KBS
2021-08-11 07:00:00,28522.0,29373.0,28522.0,28777.0,860041,KBS
2021-08-12 07:00:00,28522.0,31246.0,28522.0,30225.0,1675847,KBS
2021-08-13 07:00:00,29799.0,30821.0,28777.0,30821.0,1509319,KBS
2021-08-16 07:00:00,30821.0,31672.0,30480.0,30821.0,1106006,KBS
2021-08-17 07:00:00,30821.0,30821.0,28948.0,29799.0,928383,KBS
2021-08-18 07:00:00,29629.0,30991.0,29544.0,30395.0,639386,KBS
2021-08-19 07:00:00,30395.0,32013.0,30140.0,31502.0,1057170,KBS
2021-08-20 07:00:00,31417.0,31417.0,28948.0,29799.0,1194549,KBS
2021-08-23 07:00:00,29799.0,30565.0,29373.0,29373.0,899730,KBS
2021-08-24 07:00:00,29459.0,29969.0,27160.0,27756.0,1521506,KBS
2021-08-25 07:00:00,28607.0,28607.0,27075.0,28096.0,794705,KBS
2021-08-26 07:00:00,28181.0,30225.0,28181.0,29288.0,768843,KBS
2021-08-27 07:00:00,29118.0,32183.0,28863.0,32183.0,2471743,KBS
2021-08-30 07:00:00,33120.0,34822.0,32609.0,33205.0,1492344,KBS
2021-08-31 07:00:00,33205.0,33801.0,32779.0,33034.0,913513,KBS
2021-09-01 07:00:00,32949.0,34737.0,32609.0,34482.0,1399354,KBS
2021-09-06 07:00:00,34482.0,34737.0,33630.0,33716.0,996832,KBS
2021-09-07 07:00:00,32864.0,34908.0,31928.0,33460.0,1100968,KBS
2021-09-08 07:00:00,33460.0,34397.0,33205.0,33630.0,742019,KBS
2021-09-09 07:00:00,34056.0,35418.0,33630.0,34822.0,952831,KBS
2021-09-10 07:00:00,34908.0,34908.0,34056.0,34226.0,548163,KBS
2021-09-13 07:00:00,34226.0,34312.0,33120.0,33205.0,860022,KBS
2021-09-14 07:00:00,33205.0,33886.0,32353.0,32694.0,805347,KBS
2021-09-15 07:00:00,32779.0,34908.0,32694.0,34652.0,1156354,KBS
2021-09-16 07:00:00,34652.0,36355.0,34397.0,35674.0,1241027,KBS
2021-09-17 07:00:00,35674.0,36014.0,35418.0,35418.0,642933,KBS
2021-09-20 07:00:00,35418.0,35418.0,33205.0,33716.0,1439010,KBS
2021-09-21 07:00:00,33630.0,34482.0,32694.0,34056.0,1146733,KBS
2021-09-22 07:00:00,33886.0,35333.0,33290.0,34652.0,711080,KBS
2021-09-23 07:00:00,34652.0,35248.0,33630.0,34312.0,642479,KBS
2021-09-24 07:00:00,34226.0,34312.0,33034.0,33034.0,663079,KBS
2021-09-27 07:00:00,33120.0,33375.0,30395.0,30395.0,1134404,KBS
2021-09-28 07:00:00,29799.0,32353.0,28863.0,32353.0,774783,KBS
2021-09-29 07:00:00,32438.0,34482.0,32353.0,34056.0,1057141,KBS
2021-09-30 07:00:00,34312.0,34312.0,33545.0,33716.0,390066,KBS
2021-10-01 07:00:00,33545.0,34312.0,33120.0,33460.0,697857,KBS
2021-10-04 07:00:00,33460.0,36781.0,33205.0,35589.0,1718031,KBS
2021-10-05 07:00:00,35589.0,36185.0,34908.0,35163.0,537900,KBS
2021-10-06 07:00:00,35163.0,36610.0,34908.0,36440.0,1082388,KBS
2021-10-07 07:00:00,36440.0,36781.0,35759.0,36270.0,738790,KBS
2021-10-08 07:00:00,36270.0,36781.0,35759.0,35759.0,445553,KBS
2021-10-11 07:00:00,35844.0,36099.0,34908.0,34908.0,1100606,KBS
2021-10-12 07:00:00,35078.0,35674.0,34652.0,34908.0,801750,KBS
2021-10-13 07:00:00,35674.0,35674.0,34567.0,34567.0,493400,KBS
2021-10-14 07:00:00,34908.0,35844.0,34652.0,34908.0,712033,KBS
2021-10-15 07:00:00,35589.0,35589.0,34567.0,34652.0,653659,KBS
2021-10-18 07:00:00,34737.0,35333.0,34567.0,34652.0,574898,KBS
2021-10-19 07:00:00,34652.0,35163.0,34482.0,34482.0,424647,KBS
2021-10-20 07:00:00,34482.0,34822.0,33034.0,33886.0,660308,KBS
2021-10-21 07:00:00,33886.0,34737.0,33630.0,34737.0,496830,KBS
2021-10-22 07:00:00,34737.0,36185.0,34652.0,35844.0,1314575,KBS
2021-10-25 07:00:00,35844.0,37036.0,35759.0,36014.0,1020258,KBS
2021-10-26 07:00:00,36014.0,36014.0,35078.0,35759.0,421934,KBS
2021-10-27 07:00:00,35929.0,38483.0,35929.0,38483.0,2001550,KBS
2021-10-28 07:00:00,38483.0,39165.0,37802.0,38313.0,484086,KBS
2021-10-29 07:00:00,38058.0,40016.0,37632.0,38994.0,748712,KBS
2021-11-01 07:00:00,38739.0,38739.0,36951.0,37717.0,1680367,KBS
2021-11-02 07:00:00,37547.0,38994.0,37291.0,38313.0,687229,KBS
2021-11-03 07:00:00,38569.0,38569.0,36099.0,36099.0,1199312,KBS
2021-11-04 07:00:00,34908.0,36781.0,34908.0,36270.0,625153,KBS
2021-11-05 07:00:00,36610.0,37036.0,35929.0,36270.0,430141,KBS
2021-11-08 07:00:00,36270.0,37121.0,35844.0,36781.0,792055,KBS
2021-11-09 07:00:00,36610.0,36781.0,36185.0,36355.0,535647,KBS
2021-11-10 07:00:00,36355.0,38228.0,36185.0,37547.0,803571,KBS
2021-11-11 07:00:00,37547.0,38228.0,36610.0,37036.0,565779,KBS
2021-11-12 07:00:00,37036.0,38228.0,36781.0,37632.0,976944,KBS
2021-11-15 07:00:00,37632.0,40442.0,37206.0,40016.0,2343047,KBS
2021-11-16 07:00:00,40016.0,40271.0,38313.0,39335.0,603633,KBS
2021-11-17 07:00:00,39335.0,40782.0,38569.0,39846.0,966022,KBS
2021-11-18 07:00:00,39931.0,40016.0,38994.0,39250.0,715952,KBS
2021-11-19 07:00:00,39250.0,39846.0,36185.0,36610.0,1201578,KBS
2021-11-22 07:00:00,36355.0,36610.0,33205.0,33205.0,1189650,KBS
2021-11-23 07:00:00,33460.0,34908.0,32353.0,34056.0,382710,KBS
2021-11-24 07:00:00,34482.0,35674.0,34397.0,34567.0,430502,KBS
2021-11-25 07:00:00,34567.0,35333.0,34226.0,35078.0,380545,KBS
2021-11-26 07:00:00,34908.0,36525.0,34567.0,35929.0,604453,KBS
2021-11-29 07:00:00,35759.0,37036.0,35078.0,36270.0,503640,KBS
2021-11-30 07:00:00,35929.0,37036.0,35929.0,36270.0,495933,KBS
2021-12-01 07:00:00,36185.0,36270.0,35504.0,36185.0,313628,KBS
2021-12-02 07:00:00,36185.0,36866.0,35759.0,36270.0,371205,KBS
2021-12-03 07:00:00,36099.0,36525.0,34056.0,34567.0,620831,KBS
2021-12-06 07:00:00,34567.0,37462.0,33630.0,33630.0,420801,KBS
2021-12-07 07:00:00,34908.0,34908.0,33886.0,34567.0,258913,KBS
2021-12-08 07:00:00,34737.0,35504.0,34567.0,34908.0,245810,KBS
2021-12-09 07:00:00,34908.0,36014.0,34056.0,35759.0,291592,KBS
2021-12-10 07:00:00,35929.0,36610.0,35504.0,36099.0,270105,KBS
2021-12-13 07:00:00,36099.0,38313.0,36099.0,37973.0,1381266,KBS
2021-12-14 07:00:00,37973.0,37973.0,37036.0,37462.0,429163,KBS
2021-12-15 07:00:00,37462.0,37887.0,36440.0,36781.0,413909,KBS
2021-12-16 07:00:00,36525.0,36951.0,35844.0,36355.0,486969,KBS
2021-12-17 07:00:00,36355.0,36781.0,35333.0,35333.0,654400,KBS
2021-12-20 07:00:00,36951.0,36951.0,34737.0,34908.0,400498,KBS
2021-12-21 07:00:00,34993.0,36099.0,34567.0,35589.0,399868,KBS
2021-12-22 07:00:00,35589.0,36185.0,34737.0,34908.0,366604,KBS
2021-12-23 07:00:00,35163.0,35333.0,33630.0,34226.0,483586,KBS
2021-12-24 07:00:00,34226.0,34822.0,34056.0,34141.0,415027,KBS
2021-12-27 07:00:00,34226.0,35333.0,34056.0,35248.0,262770,KBS
2021-12-28 07:00:00,35333.0,36610.0,34652.0,35674.0,522885,KBS
2021-12-29 07:00:00,36099.0,36099.0,34908.0,35333.0,286438,KBS
2021-12-30 07:00:00,35333.0,36270.0,35333.0,35929.0,300601,KBS
2021-12-31 07:00:00,35929.0,36440.0,35078.0,35248.0,230142,KBS
2022-01-04 07:00:00,35759.0,38313.0,35589.0,37887.0,1633415,KBS
2022-01-05 07:00:00,37887.0,39165.0,37717.0,38058.0,789600,KBS
2022-01-06 07:00:00,37887.0,37887.0,36951.0,37036.0,584478,KBS
2022-01-07 07:00:00,37036.0,38483.0,36270.0,38058.0,1185306,KBS
2022-01-10 07:00:00,38313.0,41804.0,38058.0,40867.0,2277807,KBS
2022-01-11 07:00:00,41719.0,44699.0,40697.0,43251.0,1374976,KBS
2022-01-12 07:00:00,43251.0,45124.0,40782.0,42570.0,1411419,KBS
2022-01-13 07:00:00,42570.0,43422.0,38313.0,38313.0,1395630,KBS
2022-01-14 07:00:00,38313.0,42144.0,37121.0,42144.0,1055397,KBS
2022-01-17 07:00:00,42315.0,44699.0,38313.0,38313.0,1308872,KBS
2022-01-18 07:00:00,38313.0,40442.0,38143.0,39590.0,884940,KBS
2022-01-19 07:00:00,39590.0,41889.0,38739.0,41634.0,564561,KBS
2022-01-20 07:00:00,42400.0,43422.0,40442.0,41974.0,633934,KBS
2022-01-21 07:00:00,41889.0,43677.0,40867.0,42315.0,792317,KBS
2022-01-24 07:00:00,42400.0,42740.0,39675.0,39675.0,1123261,KBS
2022-01-25 07:00:00,39590.0,40867.0,39165.0,40697.0,430105,KBS
2022-01-26 07:00:00,40697.0,41634.0,38398.0,38569.0,672912,KBS
2022-01-27 07:00:00,38569.0,38824.0,34737.0,34737.0,2521148,KBS
2022-01-28 07:00:00,34737.0,35504.0,32353.0,34312.0,811502,KBS
2022-02-07 07:00:00,34482.0,36185.0,34312.0,35759.0,380241,KBS
2022-02-08 07:00:00,35759.0,35759.0,34822.0,35333.0,500809,KBS
2022-02-09 07:00:00,35333.0,36695.0,35333.0,36185.0,574659,KBS
2022-02-10 07:00:00,36440.0,36951.0,36014.0,36185.0,371273,KBS
2022-02-11 07:00:00,36185.0,36610.0,35589.0,36610.0,507600,KBS
2022-02-14 07:00:00,36610.0,37462.0,35589.0,35929.0,545100,KBS
2022-02-15 07:00:00,35929.0,36440.0,35589.0,36014.0,229107,KBS
2022-02-16 07:00:00,36014.0,37036.0,35674.0,37036.0,567748,KBS
2022-02-17 07:00:00,36610.0,37887.0,36610.0,37462.0,522040,KBS
2022-02-18 07:00:00,37462.0,37973.0,37036.0,37973.0,483811,KBS
2022-02-21 07:00:00,37973.0,38909.0,37547.0,38569.0,614737,KBS
2022-02-22 07:00:00,38569.0,38569.0,36781.0,37887.0,664540,KBS
2022-02-23 07:00:00,37887.0,38909.0,37632.0,38569.0,601956,KBS
2022-02-24 07:00:00,38739.0,39335.0,37291.0,38313.0,875602,KBS
2022-02-25 07:00:00,38313.0,38824.0,37973.0,38143.0,526340,KBS
2022-02-28 07:00:00,38143.0,40271.0,37462.0,39675.0,849520,KBS
2022-03-01 07:00:00,39761.0,40016.0,38824.0,39761.0,399603,KBS
2022-03-02 07:00:00,39761.0,40442.0,39165.0,39846.0,749363,KBS
2022-03-03 07:00:00,39761.0,41038.0,39420.0,40867.0,860520,KBS
2022-03-04 07:00:00,40867.0,41378.0,40527.0,40527.0,524029,KBS
2022-03-07 07:00:00,40527.0,41974.0,40016.0,41463.0,858607,KBS
2022-03-08 07:00:00,41463.0,41463.0,38824.0,38824.0,781969,KBS
2022-03-09 07:00:00,38824.0,39675.0,38143.0,39250.0,699841,KBS
2022-03-10 07:00:00,38739.0,39590.0,37036.0,38994.0,475174,KBS
2022-03-11 07:00:00,38739.0,40612.0,38313.0,40016.0,1079478,KBS
2022-03-14 07:00:00,40016.0,40867.0,38909.0,38909.0,528672,KBS
2022-03-15 07:00:00,38483.0,40527.0,38313.0,39505.0,679534,KBS
2022-03-16 07:00:00,39505.0,40101.0,39165.0,39505.0,270006,KBS
2022-03-17 07:00:00,39505.0,40442.0,39079.0,39250.0,439054,KBS
2022-03-18 07:00:00,39420.0,40357.0,39250.0,39590.0,677177,KBS
2022-03-21 07:00:00,39590.0,42400.0,39590.0,41293.0,1728454,KBS
2022-03-22 07:00:00,41208.0,41378.0,40697.0,41293.0,429050,KBS
2022-03-23 07:00:00,41293.0,42315.0,40697.0,41378.0,734994,KBS
2022-03-24 07:00:00,41293.0,41889.0,40697.0,41378.0,620250,KBS
2022-03-25 07:00:00,41293.0,42996.0,41293.0,42400.0,1156444,KBS
2022-03-28 07:00:00,42570.0,42826.0,41293.0,42570.0,664300,KBS
2022-03-29 07:00:00,42570.0,44103.0,42400.0,43592.0,1094393,KBS
2022-03-30 07:00:00,43592.0,44018.0,39590.0,42570.0,1032825,KBS
2022-03-31 07:00:00,42570.0,42911.0,41038.0,41038.0,470424,KBS
2022-04-01 07:00:00,41038.0,41038.0,39761.0,39761.0,992473,KBS
2022-04-04 07:00:00,40101.0,40697.0,39761.0,40271.0,361903,KBS
2022-04-05 07:00:00,41208.0,41719.0,40186.0,41719.0,428104,KBS
2022-04-06 07:00:00,41719.0,42315.0,40867.0,41889.0,598746,KBS
2022-04-07 07:00:00,41889.0,42485.0,40782.0,41208.0,492507,KBS
2022-04-08 07:00:00,40782.0,41548.0,39590.0,39761.0,489128,KBS
2022-04-12 07:00:00,39761.0,40271.0,36610.0,36610.0,444116,KBS
2022-04-13 07:00:00,35759.0,37887.0,35333.0,37887.0,479388,KBS
2022-04-14 07:00:00,38143.0,38313.0,37547.0,38313.0,287210,KBS
2022-04-15 07:00:00,37887.0,38739.0,37291.0,37377.0,419426,KBS
2022-04-18 07:00:00,37121.0,37291.0,33716.0,33801.0,744560,KBS
2022-04-19 07:00:00,33801.0,34822.0,30651.0,31161.0,476676,KBS
2022-04-20 07:00:00,31161.0,31502.0,29033.0,29033.0,533104,KBS
2022-04-21 07:00:00,29033.0,29373.0,26819.0,29288.0,499916,KBS
2022-04-22 07:00:00,29373.0,30225.0,28267.0,29288.0,357906,KBS
2022-04-25 07:00:00,29288.0,29629.0,26393.0,26393.0,482924,KBS
2022-04-26 07:00:00,26308.0,26479.0,23839.0,26479.0,328406,KBS
2022-04-27 07:00:00,26819.0,28522.0,26393.0,28522.0,192704,KBS
2022-04-28 07:00:00,28437.0,29118.0,28096.0,28607.0,285109,KBS
2022-04-29 07:00:00,28522.0,29118.0,28522.0,28948.0,295131,KBS
2022-05-04 07:00:00,28948.0,31246.0,28948.0,30821.0,456619,KBS
2022-05-05 07:00:00,30821.0,31332.0,29033.0,30651.0,290700,KBS
2022-05-06 07:00:00,30480.0,30480.0,28948.0,28948.0,219239,KBS
2022-05-09 07:00:00,28096.0,28777.0,26053.0,26053.0,538905,KBS
2022-05-10 07:00:00,24265.0,27245.0,23839.0,27245.0,283400,KBS
2022-05-11 07:00:00,27671.0,28011.0,26989.0,27756.0,114101,KBS
2022-05-12 07:00:00,27756.0,27841.0,25542.0,25627.0,209200,KBS
2022-05-13 07:00:00,25627.0,26308.0,23073.0,23073.0,514400,KBS
2022-05-16 07:00:00,20774.0,24691.0,20774.0,22818.0,314256,KBS
2022-05-17 07:00:00,20604.0,25031.0,20604.0,25031.0,224800,KBS
2022-05-18 07:00:00,25542.0,26223.0,25372.0,25798.0,159640,KBS
2022-05-19 07:00:00,25542.0,26053.0,24520.0,25798.0,186535,KBS
2022-05-20 07:00:00,25798.0,26393.0,25627.0,25883.0,227100,KBS
2022-05-23 07:00:00,25883.0,26479.0,25372.0,25883.0,338805,KBS
2022-05-24 07:00:00,25542.0,26223.0,24691.0,26223.0,157415,KBS
2022-05-25 07:00:00,26393.0,28096.0,26308.0,28096.0,315103,KBS
2022-05-26 07:00:00,28096.0,28607.0,27926.0,28267.0,464555,KBS
2022-05-27 07:00:00,28352.0,28437.0,27926.0,28267.0,365806,KBS
2022-05-30 07:00:00,27926.0,28692.0,27926.0,28352.0,279371,KBS
2022-05-31 07:00:00,28352.0,29629.0,28096.0,28863.0,470935,KBS
2022-06-01 07:00:00,31179.0,31179.0,28150.0,28506.0,285900,KBS
2022-06-02 07:00:00,28506.0,28506.0,27170.0,28150.0,370000,KBS
2022-06-03 07:00:00,27615.0,28061.0,27081.0,27081.0,289700,KBS
2022-06-06 07:00:00,27081.0,27615.0,26546.0,26546.0,334227,KBS
2022-06-07 07:00:00,26725.0,26903.0,25656.0,26636.0,438221,KBS
2022-06-08 07:00:00,26814.0,27972.0,26814.0,27794.0,513537,KBS
2022-06-09 07:00:00,27705.0,27972.0,27437.0,27794.0,174200,KBS
2022-06-10 07:00:00,27615.0,28863.0,27170.0,27170.0,501540,KBS
2022-06-13 07:00:00,27170.0,27170.0,24498.0,24498.0,515861,KBS
2022-06-14 07:00:00,24498.0,25121.0,23963.0,24319.0,256200,KBS
2022-06-15 07:00:00,24408.0,24498.0,22449.0,22805.0,354800,KBS
2022-06-16 07:00:00,22805.0,24319.0,22805.0,23161.0,270813,KBS
2022-06-17 07:00:00,22270.0,22716.0,21380.0,22270.0,240045,KBS
2022-06-20 07:00:00,22270.0,22270.0,20043.0,20043.0,383580,KBS
2022-06-21 07:00:00,19954.0,20756.0,19242.0,19598.0,397200,KBS
2022-06-22 07:00:00,20043.0,20934.0,19598.0,20043.0,213688,KBS
2022-06-23 07:00:00,20043.0,20934.0,20043.0,20845.0,204600,KBS
2022-06-24 07:00:00,21023.0,21647.0,20934.0,21023.0,217205,KBS
2022-06-27 07:00:00,21202.0,21914.0,21202.0,21647.0,193504,KBS
2022-06-28 07:00:00,22181.0,22805.0,21736.0,22270.0,225801,KBS
2022-06-29 07:00:00,22092.0,22449.0,21825.0,22181.0,184700,KBS
2022-06-30 07:00:00,22003.0,22092.0,21558.0,21558.0,124220,KBS
2022-07-01 07:00:00,21558.0,21558.0,19420.0,21380.0,395800,KBS
2022-07-04 07:00:00,22270.0,22270.0,20667.0,21202.0,79603,KBS
2022-07-05 07:00:00,21202.0,21202.0,20043.0,20400.0,156610,KBS
2022-07-06 07:00:00,19776.0,20222.0,19509.0,19509.0,204205,KBS
2022-07-07 07:00:00,19598.0,19865.0,19420.0,19687.0,120214,KBS
2022-07-08 07:00:00,20133.0,20845.0,19865.0,20400.0,301650,KBS
2022-07-11 07:00:00,20400.0,21023.0,20311.0,20667.0,200070,KBS
2022-07-12 07:00:00,18707.0,21291.0,18707.0,21202.0,201400,KBS
2022-07-13 07:00:00,21202.0,22270.0,21202.0,21825.0,229306,KBS
2022-07-14 07:00:00,21825.0,22003.0,21380.0,21647.0,117000,KBS
2022-07-15 07:00:00,21736.0,22716.0,21647.0,22270.0,314810,KBS
2022-07-18 07:00:00,22270.0,23607.0,22092.0,23072.0,340341,KBS
2022-07-19 07:00:00,23072.0,23250.0,22449.0,22983.0,189009,KBS
2022-07-20 07:00:00,22983.0,23339.0,22894.0,22983.0,268708,KBS
2022-07-21 07:00:00,23072.0,23072.0,22449.0,22538.0,161111,KBS
2022-07-22 07:00:00,22538.0,22894.0,21914.0,21914.0,174217,KBS
2022-07-25 07:00:00,21914.0,22270.0,21825.0,21825.0,106213,KBS
2022-07-26 07:00:00,21825.0,22627.0,21825.0,22003.0,166010,KBS
2022-07-27 07:00:00,22003.0,23072.0,22003.0,23072.0,235800,KBS
2022-07-28 07:00:00,23072.0,24854.0,23072.0,24587.0,687833,KBS
2022-07-29 07:00:00,24498.0,24765.0,23785.0,23785.0,241300,KBS
2022-08-01 07:00:00,23785.0,24854.0,23607.0,24676.0,439738,KBS
2022-08-02 07:00:00,24676.0,25834.0,24587.0,24943.0,460900,KBS
2022-08-03 07:00:00,25032.0,25210.0,24676.0,25121.0,227804,KBS
2022-08-04 07:00:00,25121.0,25923.0,25121.0,25388.0,329102,KBS
2022-08-05 07:00:00,27615.0,27615.0,25121.0,25477.0,221149,KBS
2022-08-08 07:00:00,25388.0,25567.0,24854.0,24943.0,380373,KBS
2022-08-09 07:00:00,25477.0,25477.0,24854.0,24943.0,131705,KBS
2022-08-10 07:00:00,25477.0,25477.0,24854.0,24943.0,221914,KBS
2022-08-11 07:00:00,25299.0,25656.0,24676.0,24765.0,353250,KBS
2022-08-12 07:00:00,24765.0,25210.0,24319.0,24943.0,190002,KBS
2022-08-15 07:00:00,25388.0,25567.0,25032.0,25299.0,290061,KBS
2022-08-16 07:00:00,25477.0,26368.0,25299.0,25834.0,435810,KBS
2022-08-17 07:00:00,26190.0,26457.0,25745.0,26012.0,398567,KBS
2022-08-18 07:00:00,25834.0,25923.0,25388.0,25477.0,173010,KBS
2022-08-19 07:00:00,25388.0,26012.0,25121.0,25388.0,212028,KBS
2022-08-22 07:00:00,25299.0,25299.0,24587.0,24676.0,255267,KBS
2022-08-23 07:00:00,24587.0,25388.0,24141.0,25299.0,263928,KBS
2022-08-24 07:00:00,25567.0,26012.0,25299.0,25567.0,443816,KBS
2022-08-25 07:00:00,25656.0,26190.0,25567.0,25656.0,256726,KBS
2022-08-26 07:00:00,25745.0,25834.0,25210.0,25388.0,204101,KBS
2022-08-29 07:00:00,25210.0,25210.0,24230.0,24943.0,261101,KBS
2022-08-30 07:00:00,25210.0,25745.0,24943.0,24943.0,144507,KBS
2022-08-31 07:00:00,24943.0,25121.0,24587.0,25121.0,116340,KBS
2022-09-05 07:00:00,25388.0,25388.0,24587.0,24854.0,161700,KBS
2022-09-06 07:00:00,24943.0,25567.0,24854.0,25210.0,304501,KBS
2022-09-07 07:00:00,25299.0,25299.0,23607.0,23607.0,346852,KBS
2022-09-08 07:00:00,23072.0,24230.0,22983.0,23607.0,277020,KBS
2022-09-09 07:00:00,23696.0,24141.0,23339.0,24141.0,113100,KBS
2022-09-12 07:00:00,24676.0,24676.0,23874.0,23874.0,75642,KBS
2022-09-13 07:00:00,23785.0,23874.0,23339.0,23785.0,217444,KBS
2022-09-14 07:00:00,23429.0,24408.0,22449.0,24230.0,277419,KBS
2022-09-15 07:00:00,24230.0,25299.0,24230.0,24943.0,305569,KBS
2022-09-16 07:00:00,24943.0,25121.0,24498.0,24765.0,227304,KBS
2022-09-19 07:00:00,24676.0,27170.0,24498.0,26457.0,1845129,KBS
2022-09-20 07:00:00,26368.0,26636.0,25834.0,26279.0,417115,KBS
2022-09-21 07:00:00,26279.0,27437.0,26101.0,26279.0,710549,KBS
2022-09-22 07:00:00,26190.0,27081.0,25834.0,26992.0,731994,KBS
2022-09-23 07:00:00,26725.0,27437.0,26368.0,26636.0,650247,KBS
2022-09-26 07:00:00,26368.0,26546.0,24854.0,25745.0,776008,KBS
2022-09-27 07:00:00,24943.0,28239.0,24943.0,27972.0,2081150,KBS
2022-09-28 07:00:00,27615.0,28417.0,25923.0,26012.0,1076666,KBS
2022-09-29 07:00:00,26725.0,27170.0,23429.0,23429.0,1645260,KBS
2022-09-30 07:00:00,23429.0,24943.0,22449.0,24676.0,845218,KBS
2022-10-03 07:00:00,24676.0,24676.0,22360.0,22360.0,665860,KBS
2022-10-04 07:00:00,22627.0,23161.0,21469.0,21469.0,597725,KBS
2022-10-05 07:00:00,21558.0,22716.0,21469.0,22270.0,434015,KBS
2022-10-06 07:00:00,22270.0,22538.0,20489.0,20489.0,438661,KBS
2022-10-07 07:00:00,20489.0,20578.0,18707.0,19865.0,673750,KBS
2022-10-10 07:00:00,19776.0,20845.0,19064.0,20667.0,273840,KBS
2022-10-11 07:00:00,20667.0,21202.0,19153.0,19153.0,518853,KBS
2022-10-12 07:00:00,19153.0,20400.0,19153.0,19954.0,341527,KBS
2022-10-13 07:00:00,20043.0,20667.0,20043.0,20311.0,128658,KBS
2022-10-14 07:00:00,20667.0,21202.0,20311.0,20489.0,289721,KBS
2022-10-17 07:00:00,20489.0,21380.0,19954.0,21380.0,246107,KBS
2022-10-18 07:00:00,21736.0,22003.0,20578.0,20845.0,254568,KBS
2022-10-19 07:00:00,20934.0,21202.0,20578.0,20845.0,208556,KBS
2022-10-20 07:00:00,20667.0,20934.0,20489.0,20489.0,91300,KBS
2022-10-21 07:00:00,20400.0,20489.0,18529.0,18796.0,532441,KBS
2022-10-24 07:00:00,18974.0,19598.0,17282.0,17371.0,347502,KBS
2022-10-25 07:00:00,17371.0,18262.0,16124.0,17193.0,278200,KBS
2022-10-26 07:00:00,17727.0,17727.0,16747.0,16836.0,137205,KBS
2022-10-27 07:00:00,15233.0,17816.0,15233.0,17816.0,149635,KBS
2022-10-28 07:00:00,18618.0,18618.0,17816.0,17816.0,143328,KBS
2022-10-31 07:00:00,18262.0,18262.0,17104.0,17638.0,147082,KBS
2022-11-01 07:00:00,17727.0,18173.0,17460.0,17727.0,126115,KBS
2022-11-02 07:00:00,17995.0,18173.0,17638.0,18173.0,144045,KBS
2022-11-03 07:00:00,17995.0,19064.0,17727.0,18262.0,214520,KBS
2022-11-04 07:00:00,18262.0,18262.0,17371.0,17460.0,146209,KBS
2022-11-07 07:00:00,17460.0,17460.0,15946.0,15946.0,199103,KBS
2022-11-08 07:00:00,16035.0,16302.0,15678.0,16124.0,159102,KBS
2022-11-09 07:00:00,16302.0,16480.0,16035.0,16035.0,89300,KBS
2022-11-10 07:00:00,14431.0,16035.0,14431.0,14431.0,424815,KBS
2022-11-11 07:00:00,13006.0,14699.0,13006.0,13273.0,254636,KBS
2022-11-14 07:00:00,12026.0,13540.0,12026.0,13006.0,242108,KBS
2022-11-15 07:00:00,12739.0,13451.0,12204.0,12382.0,364236,KBS
2022-11-16 07:00:00,11313.0,13540.0,11224.0,13540.0,306244,KBS
2022-11-17 07:00:00,13540.0,14431.0,13540.0,13986.0,210924,KBS
2022-11-18 07:00:00,12650.0,14431.0,12650.0,14431.0,196947,KBS
2022-11-21 07:00:00,13006.0,15322.0,13006.0,14877.0,255330,KBS
2022-11-22 07:00:00,16035.0,16213.0,14788.0,15144.0,347146,KBS
2022-11-23 07:00:00,15144.0,15589.0,14788.0,14788.0,111620,KBS
2022-11-24 07:00:00,14877.0,15322.0,14699.0,14877.0,120751,KBS
2022-11-25 07:00:00,15144.0,15589.0,15055.0,15589.0,210592,KBS
2022-11-28 07:00:00,15589.0,16926.0,15589.0,16926.0,274288,KBS
2022-11-29 07:00:00,16926.0,17638.0,16391.0,17193.0,509477,KBS
2022-11-30 07:00:00,17193.0,18084.0,16926.0,17995.0,254713,KBS
2022-12-01 07:00:00,18529.0,18618.0,17282.0,17995.0,315221,KBS
2022-12-02 07:00:00,17816.0,18707.0,17282.0,18707.0,354514,KBS
2022-12-05 07:00:00,18974.0,20222.0,18974.0,20222.0,365043,KBS
2022-12-06 07:00:00,18262.0,20222.0,18262.0,19242.0,385920,KBS
2022-12-07 07:00:00,18487.0,19147.0,18110.0,18864.0,201600,KBS
2022-12-08 07:00:00,18864.0,19619.0,18676.0,18770.0,176148,KBS
2022-12-09 07:00:00,18770.0,19902.0,18393.0,19808.0,369179,KBS
2022-12-12 07:00:00,19996.0,21034.0,19808.0,19808.0,440252,KBS
2022-12-13 07:00:00,19242.0,20091.0,19242.0,19996.0,179200,KBS
2022-12-14 07:00:00,20185.0,20657.0,19525.0,19996.0,165214,KBS
2022-12-15 07:00:00,19996.0,20279.0,19525.0,19902.0,93503,KBS
2022-12-16 07:00:00,19808.0,20751.0,19430.0,20091.0,205368,KBS
2022-12-19 07:00:00,20468.0,21411.0,20091.0,20279.0,357000,KBS
2022-12-20 07:00:00,19996.0,20562.0,18676.0,20185.0,341824,KBS
2022-12-21 07:00:00,20185.0,20279.0,18581.0,19053.0,232060,KBS
2022-12-22 07:00:00,19525.0,19713.0,18770.0,19430.0,145990,KBS
2022-12-23 07:00:00,19430.0,19619.0,19053.0,19525.0,89338,KBS
2022-12-26 07:00:00,19619.0,20279.0,19430.0,19430.0,289217,KBS
2022-12-27 07:00:00,19430.0,20279.0,19053.0,20279.0,243070,KBS
2022-12-28 07:00:00,20468.0,20657.0,19619.0,20185.0,103010,KBS
2022-12-29 07:00:00,20279.0,21034.0,19902.0,20468.0,372633,KBS
2022-12-30 07:00:00,21222.0,21694.0,20374.0,21222.0,714400,KBS
2023-01-03 07:00:00,21222.0,23298.0,21222.0,23298.0,909085,KBS
2023-01-04 07:00:00,23486.0,24052.0,22637.0,23203.0,583857,KBS
2023-01-05 07:00:00,23203.0,24146.0,23109.0,23581.0,556747,KBS
2023-01-06 07:00:00,23675.0,23769.0,23109.0,23203.0,430834,KBS
2023-01-09 07:00:00,23392.0,23958.0,23203.0,23298.0,433921,KBS
2023-01-10 07:00:00,23298.0,25278.0,23109.0,24712.0,587255,KBS
2023-01-11 07:00:00,24995.0,25090.0,24335.0,24335.0,451700,KBS
2023-01-12 07:00:00,24335.0,25090.0,24241.0,24995.0,362471,KBS
2023-01-13 07:00:00,24995.0,25467.0,24901.0,25090.0,619567,KBS
2023-01-16 07:00:00,25090.0,25844.0,24995.0,25561.0,385653,KBS
2023-01-17 07:00:00,25561.0,26599.0,25561.0,26316.0,475964,KBS
2023-01-18 07:00:00,26410.0,26787.0,25844.0,26033.0,306062,KBS
2023-01-19 07:00:00,26033.0,26222.0,25656.0,25939.0,377905,KBS
2023-01-27 07:00:00,26033.0,26693.0,26033.0,26410.0,468989,KBS
2023-01-30 07:00:00,26410.0,27070.0,25939.0,25939.0,572003,KBS
2023-01-31 07:00:00,25656.0,26033.0,25090.0,26033.0,497223,KBS
2023-02-01 07:00:00,26127.0,26316.0,23581.0,23581.0,640535,KBS
2023-02-02 07:00:00,23581.0,24429.0,23581.0,24146.0,744827,KBS
2023-02-03 07:00:00,24524.0,25278.0,24146.0,24712.0,441375,KBS
2023-02-06 07:00:00,24807.0,25090.0,24146.0,24524.0,257240,KBS
2023-02-07 07:00:00,24618.0,24807.0,23581.0,23581.0,489400,KBS
2023-02-08 07:00:00,23581.0,24335.0,23298.0,24146.0,448260,KBS
2023-02-09 07:00:00,24335.0,25939.0,23863.0,25467.0,656413,KBS
2023-02-10 07:00:00,25467.0,25750.0,24618.0,24807.0,346825,KBS
2023-02-13 07:00:00,25090.0,25467.0,23581.0,24146.0,425723,KBS
2023-02-14 07:00:00,24146.0,24807.0,23958.0,24335.0,203707,KBS
2023-02-15 07:00:00,24618.0,26693.0,24429.0,26693.0,1805704,KBS
2023-02-16 07:00:00,27259.0,27542.0,26787.0,27353.0,783338,KBS
2023-02-17 07:00:00,27353.0,29051.0,26976.0,28391.0,1274549,KBS
2023-02-20 07:00:00,28391.0,29711.0,28297.0,29523.0,822248,KBS
2023-02-21 07:00:00,29523.0,30938.0,29051.0,29051.0,973428,KBS
2023-02-22 07:00:00,29146.0,30089.0,28014.0,28297.0,1246261,KBS
2023-02-23 07:00:00,28202.0,30183.0,27165.0,30183.0,1372055,KBS
2023-02-24 07:00:00,30655.0,31881.0,29994.0,30938.0,1096329,KBS
2023-02-27 07:00:00,30938.0,31126.0,29334.0,30089.0,1021974,KBS
2023-02-28 07:00:00,29994.0,30655.0,27919.0,27919.0,1164017,KBS
2023-03-01 07:00:00,27919.0,30183.0,27448.0,30183.0,777524,KBS
2023-03-02 07:00:00,30372.0,30938.0,29334.0,29900.0,580161,KBS
2023-03-03 07:00:00,29900.0,32164.0,29617.0,31126.0,1572816,KBS
2023-03-06 07:00:00,29334.0,32070.0,29334.0,31126.0,807083,KBS
2023-03-07 07:00:00,31221.0,31692.0,30749.0,31409.0,683425,KBS
2023-03-08 07:00:00,31315.0,32070.0,30843.0,31975.0,934469,KBS
2023-03-09 07:00:00,32164.0,32730.0,31975.0,32541.0,492943,KBS
2023-03-10 07:00:00,32541.0,32541.0,31032.0,31315.0,884035,KBS
2023-03-13 07:00:00,31126.0,31881.0,30655.0,30938.0,517789,KBS
2023-03-14 07:00:00,31126.0,31315.0,29617.0,29711.0,1341131,KBS
2023-03-15 07:00:00,30183.0,31692.0,30183.0,31598.0,607885,KBS
2023-03-16 07:00:00,31315.0,31409.0,30183.0,30560.0,489607,KBS
2023-03-17 07:00:00,31032.0,31032.0,29806.0,30089.0,509003,KBS
2023-03-20 07:00:00,29711.0,31598.0,29617.0,30372.0,951572,KBS
2023-03-21 07:00:00,30372.0,31221.0,30183.0,31126.0,617952,KBS
2023-03-22 07:00:00,31315.0,31881.0,30655.0,30655.0,821621,KBS
2023-03-23 07:00:00,30277.0,31504.0,30089.0,31032.0,375479,KBS
2023-03-24 07:00:00,30843.0,31881.0,30843.0,31221.0,681790,KBS
2023-03-27 07:00:00,31221.0,31881.0,30938.0,31315.0,426834,KBS
2023-03-28 07:00:00,31504.0,33579.0,31504.0,32635.0,1510288,KBS
2023-03-29 07:00:00,32635.0,33296.0,32447.0,33013.0,553150,KBS
2023-03-30 07:00:00,33296.0,33579.0,32352.0,32352.0,688513,KBS
2023-03-31 07:00:00,32352.0,32730.0,31315.0,31409.0,1031272,KBS
2023-04-03 07:00:00,31504.0,32447.0,31504.0,32258.0,591994,KBS
2023-04-04 07:00:00,32258.0,33296.0,31975.0,31975.0,581239,KBS
2023-04-05 07:00:00,32070.0,32070.0,31221.0,31787.0,1022468,KBS
2023-04-06 07:00:00,31598.0,32730.0,31221.0,31221.0,894081,KBS
2023-04-07 07:00:00,31221.0,31598.0,30843.0,30938.0,565767,KBS
2023-04-10 07:00:00,30938.0,31409.0,29806.0,30089.0,1176698,KBS
2023-04-11 07:00:00,30277.0,31032.0,29711.0,31032.0,538001,KBS
2023-04-12 07:00:00,31315.0,31409.0,30655.0,30843.0,311445,KBS
2023-04-13 07:00:00,30843.0,31221.0,29994.0,30277.0,457288,KBS
2023-04-14 07:00:00,30277.0,30843.0,29994.0,30372.0,523413,KBS
2023-04-17 07:00:00,30372.0,30938.0,30183.0,30938.0,405672,KBS
2023-04-18 07:00:00,31126.0,32824.0,30655.0,32447.0,1817645,KBS
2023-04-19 07:00:00,32635.0,32824.0,31787.0,31881.0,620691,KBS
2023-04-20 07:00:00,31504.0,32070.0,31032.0,31032.0,549603,KBS
2023-04-21 07:00:00,31126.0,31126.0,28014.0,29711.0,1378681,KBS
2023-04-24 07:00:00,29711.0,30560.0,29523.0,29994.0,371515,KBS
2023-04-25 07:00:00,30183.0,30183.0,29240.0,29334.0,550281,KBS
2023-04-26 07:00:00,29240.0,29711.0,28957.0,29617.0,372697,KBS
2023-04-27 07:00:00,29617.0,30089.0,29617.0,29806.0,292746,KBS
2023-04-28 07:00:00,29523.0,30089.0,29523.0,29617.0,321713,KBS
2023-05-04 07:00:00,29617.0,30655.0,29428.0,30560.0,604890,KBS
2023-05-05 07:00:00,30655.0,30655.0,30183.0,30277.0,338449,KBS
2023-05-08 07:00:00,30372.0,31126.0,30372.0,30749.0,406523,KBS
2023-05-09 07:00:00,31032.0,31598.0,30749.0,31126.0,480255,KBS
2023-05-10 07:00:00,31504.0,31504.0,31032.0,31126.0,368219,KBS
2023-05-11 07:00:00,31409.0,31504.0,30843.0,31126.0,404205,KBS
2023-05-12 07:00:00,31126.0,32541.0,31126.0,32447.0,1033937,KBS
2023-05-15 07:00:00,32447.0,33107.0,31504.0,31692.0,602413,KBS
2023-05-16 07:00:00,31692.0,33013.0,31598.0,31881.0,792415,KBS
2023-05-17 07:00:00,32070.0,32258.0,31692.0,31881.0,487803,KBS
2023-05-18 07:00:00,31975.0,32352.0,31881.0,32164.0,334237,KBS
2023-05-19 07:00:00,32352.0,32352.0,31598.0,31692.0,358909,KBS
2023-05-22 07:00:00,31787.0,34428.0,31787.0,34239.0,1116472,KBS
2023-05-23 07:00:00,34239.0,34805.0,34050.0,34333.0,356990,KBS
2023-05-24 07:00:00,34616.0,35088.0,34145.0,34428.0,791936,KBS
2023-05-25 07:00:00,34428.0,35276.0,34333.0,34993.0,575653,KBS
2023-05-26 07:00:00,34993.0,35276.0,34711.0,34899.0,381678,KBS
2023-05-29 07:00:00,34899.0,35937.0,34616.0,34993.0,542423,KBS
2023-05-30 07:00:00,34993.0,35654.0,34711.0,35465.0,516681,KBS
2023-05-31 07:00:00,35654.0,35842.0,34428.0,34428.0,515146,KBS
2023-06-01 07:00:00,34428.0,35276.0,34428.0,35276.0,525816,KBS
2023-06-02 07:00:00,35654.0,35654.0,34711.0,35182.0,439074,KBS
2023-06-05 07:00:00,35842.0,35842.0,34993.0,35088.0,265063,KBS
2023-06-06 07:00:00,35276.0,35654.0,34616.0,35559.0,604369,KBS
2023-06-07 07:00:00,35842.0,36408.0,34993.0,35559.0,363847,KBS
2023-06-08 07:00:00,35559.0,35748.0,34428.0,34428.0,874626,KBS
2023-06-09 07:00:00,34333.0,34428.0,33767.0,33767.0,697481,KBS
2023-06-12 07:00:00,33862.0,34428.0,33673.0,33862.0,534189,KBS
2023-06-13 07:00:00,33862.0,34428.0,33862.0,34239.0,212200,KBS
2023-06-14 07:00:00,34239.0,34616.0,34145.0,34145.0,269673,KBS
2023-06-15 07:00:00,34050.0,35276.0,32447.0,35276.0,478327,KBS
2023-06-16 07:00:00,35276.0,35654.0,34050.0,34050.0,397948,KBS
2023-06-19 07:00:00,34428.0,35182.0,34145.0,34333.0,373176,KBS
2023-06-20 07:00:00,34428.0,35371.0,34428.0,35276.0,298965,KBS
2023-06-21 07:00:00,35654.0,36786.0,35465.0,36786.0,1070785,KBS
2023-06-22 07:00:00,37069.0,37069.0,36125.0,36314.0,310600,KBS
2023-06-23 07:00:00,36314.0,36786.0,35559.0,35748.0,360205,KBS
2023-06-26 07:00:00,35748.0,35937.0,32258.0,35182.0,543472,KBS
2023-06-27 07:00:00,35276.0,35748.0,34993.0,35465.0,248505,KBS
2023-06-28 07:00:00,35371.0,35748.0,35276.0,35465.0,245601,KBS
2023-06-29 07:00:00,35654.0,36597.0,35088.0,35465.0,442366,KBS
2023-06-30 07:00:00,35465.0,35559.0,35276.0,35371.0,193260,KBS
2023-07-03 07:00:00,35465.0,36314.0,35465.0,35748.0,296315,KBS
2023-07-04 07:00:00,35748.0,36031.0,35559.0,35937.0,258762,KBS
2023-07-05 07:00:00,36125.0,37540.0,36125.0,36220.0,841963,KBS
2023-07-06 07:00:00,36220.0,36597.0,35748.0,36031.0,282077,KBS
2023-07-07 07:00:00,36031.0,36597.0,35937.0,36314.0,274861,KBS
2023-07-10 07:00:00,36220.0,37540.0,36125.0,36408.0,399879,KBS
2023-07-11 07:00:00,36786.0,36880.0,35842.0,36031.0,385215,KBS
2023-07-12 07:00:00,36031.0,36691.0,35937.0,36220.0,286251,KBS
2023-07-13 07:00:00,36220.0,37257.0,36125.0,36503.0,250727,KBS
2023-07-14 07:00:00,36786.0,36786.0,35937.0,36031.0,404909,KBS
2023-07-17 07:00:00,36220.0,36408.0,35559.0,35654.0,572921,KBS
2023-07-18 07:00:00,35654.0,36031.0,35465.0,35559.0,310667,KBS
2023-07-19 07:00:00,36314.0,36314.0,35371.0,35371.0,240206,KBS
2023-07-20 07:00:00,35371.0,35937.0,35371.0,35465.0,247500,KBS
2023-07-21 07:00:00,35937.0,36125.0,35559.0,36125.0,347079,KBS
2023-07-24 07:00:00,36125.0,39144.0,36125.0,38106.0,1274553,KBS
2023-07-25 07:00:00,38295.0,38295.0,37163.0,37352.0,390121,KBS
2023-07-26 07:00:00,37069.0,37729.0,36880.0,37540.0,245032,KBS
2023-07-27 07:00:00,38200.0,38200.0,36691.0,37163.0,340377,KBS
2023-07-28 07:00:00,37540.0,37540.0,36597.0,37069.0,327271,KBS
2023-07-31 07:00:00,36786.0,37446.0,36597.0,37257.0,340755,KBS
2023-08-01 07:00:00,37257.0,37823.0,36597.0,36597.0,355089,KBS
2023-08-02 07:00:00,36597.0,37257.0,36597.0,36786.0,268371,KBS
2023-08-03 07:00:00,36786.0,37352.0,36503.0,36597.0,224745,KBS
2023-08-04 07:00:00,36597.0,37257.0,36503.0,37257.0,283663,KBS
2023-08-07 07:00:00,38200.0,38200.0,36786.0,37069.0,364240,KBS
2023-08-08 07:00:00,37163.0,37352.0,36691.0,36880.0,315071,KBS
2023-08-09 07:00:00,36880.0,37163.0,36408.0,36503.0,364209,KBS
2023-08-10 07:00:00,36503.0,36597.0,35748.0,36220.0,414896,KBS
2023-08-11 07:00:00,36220.0,36408.0,35654.0,35937.0,278551,KBS
2023-08-14 07:00:00,36220.0,36786.0,35842.0,36031.0,239237,KBS
2023-08-15 07:00:00,36031.0,36503.0,36031.0,36314.0,143157,KBS
2023-08-16 07:00:00,36314.0,36691.0,36031.0,36314.0,162244,KBS
2023-08-17 07:00:00,36314.0,36503.0,35937.0,35937.0,188085,KBS
2023-08-18 07:00:00,35937.0,35937.0,32352.0,32352.0,685426,KBS
2023-08-21 07:00:00,32352.0,32730.0,31409.0,31409.0,271898,KBS
2023-08-22 07:00:00,31409.0,32352.0,30560.0,32070.0,399922,KBS
2023-08-23 07:00:00,32352.0,32824.0,32258.0,32352.0,274121,KBS
2023-08-24 07:00:00,32352.0,32824.0,32258.0,32635.0,168513,KBS
2023-08-25 07:00:00,32635.0,33296.0,32635.0,33107.0,293121,KBS
2023-08-28 07:00:00,33107.0,33296.0,32824.0,33013.0,158663,KBS
2023-08-29 07:00:00,33296.0,33390.0,32541.0,32824.0,179707,KBS
2023-08-30 07:00:00,32730.0,32918.0,32541.0,32730.0,185969,KBS
2023-08-31 07:00:00,33107.0,34333.0,32824.0,33579.0,289118,KBS
2023-09-05 07:00:00,34428.0,34428.0,33673.0,33862.0,189020,KBS
2023-09-06 07:00:00,33862.0,34428.0,33579.0,34239.0,216242,KBS
2023-09-07 07:00:00,34239.0,35182.0,34239.0,34899.0,441637,KBS
2023-09-08 07:00:00,34899.0,34993.0,34522.0,34616.0,211543,KBS
2023-09-11 07:00:00,35088.0,35371.0,34333.0,34333.0,322174,KBS
2023-09-12 07:00:00,34333.0,34899.0,34333.0,34899.0,208736,KBS
2023-09-13 07:00:00,35182.0,36691.0,35088.0,35559.0,590643,KBS
2023-09-14 07:00:00,35559.0,36314.0,34805.0,34805.0,432951,KBS
2023-09-15 07:00:00,36314.0,36314.0,34805.0,34993.0,188439,KBS
2023-09-18 07:00:00,34993.0,34993.0,33767.0,34050.0,332362,KBS
2023-09-19 07:00:00,34145.0,34522.0,33673.0,34145.0,147778,KBS
2023-09-20 07:00:00,34145.0,34522.0,34145.0,34522.0,140330,KBS
2023-09-21 07:00:00,34711.0,35371.0,34428.0,34428.0,366025,KBS
2023-09-22 07:00:00,34239.0,34239.0,32070.0,32918.0,349421,KBS
2023-09-25 07:00:00,33296.0,33484.0,30655.0,30843.0,210002,KBS
2023-09-26 07:00:00,30183.0,31598.0,30183.0,30938.0,246789,KBS
2023-09-27 07:00:00,30938.0,31598.0,30466.0,31409.0,153430,KBS
2023-09-28 07:00:00,32070.0,32541.0,31409.0,31504.0,138300,KBS
2023-09-29 07:00:00,32447.0,32541.0,31126.0,31881.0,75721,KBS
2023-10-02 07:00:00,31881.0,32541.0,31598.0,32352.0,121141,KBS
2023-10-03 07:00:00,32541.0,32635.0,30183.0,30183.0,217638,KBS
2023-10-04 07:00:00,31126.0,31598.0,30183.0,31409.0,120583,KBS
2023-10-05 07:00:00,31692.0,32070.0,31032.0,31221.0,94645,KBS
2023-10-06 07:00:00,31221.0,31692.0,30655.0,31692.0,82014,KBS
2023-10-09 07:00:00,31787.0,32352.0,31787.0,32070.0,111999,KBS
2023-10-10 07:00:00,32164.0,32824.0,32164.0,32352.0,243692,KBS
2023-10-11 07:00:00,32447.0,32730.0,32070.0,32541.0,127833,KBS
2023-10-12 07:00:00,32635.0,33296.0,32352.0,32730.0,207811,KBS
2023-10-13 07:00:00,32541.0,32824.0,32070.0,32352.0,121006,KBS
2023-10-16 07:00:00,32730.0,32824.0,31692.0,31692.0,175742,KBS
2023-10-17 07:00:00,31692.0,32164.0,31032.0,31032.0,116823,KBS
2023-10-18 07:00:00,30749.0,31126.0,28014.0,28580.0,281708,KBS
2023-10-19 07:00:00,28768.0,29051.0,27825.0,27919.0,136768,KBS
2023-10-20 07:00:00,27919.0,30089.0,27165.0,30089.0,155441,KBS
2023-10-23 07:00:00,30183.0,30183.0,28768.0,28863.0,77152,KBS
2023-10-24 07:00:00,28863.0,29523.0,28580.0,29051.0,77812,KBS
2023-10-25 07:00:00,29051.0,29523.0,28863.0,28957.0,95740,KBS
2023-10-26 07:00:00,28863.0,28863.0,26127.0,26316.0,260907,KBS
2023-10-27 07:00:00,25184.0,26599.0,24807.0,26410.0,75625,KBS
2023-10-30 07:00:00,26410.0,26410.0,24618.0,24618.0,105295,KBS
2023-10-31 07:00:00,22166.0,25467.0,22166.0,24146.0,206103,KBS
2023-11-01 07:00:00,22260.0,24807.0,22260.0,24712.0,115951,KBS
2023-11-02 07:00:00,25467.0,27165.0,24901.0,27070.0,277253,KBS
2023-11-03 07:00:00,26976.0,27448.0,26505.0,26976.0,135051,KBS
2023-11-06 07:00:00,27070.0,27448.0,26882.0,27165.0,104232,KBS
2023-11-07 07:00:00,27165.0,27825.0,26693.0,27165.0,232465,KBS
2023-11-08 07:00:00,26882.0,28957.0,26882.0,28957.0,246360,KBS
2023-11-09 07:00:00,28957.0,29428.0,28674.0,28957.0,209182,KBS
2023-11-10 07:00:00,28957.0,28957.0,26316.0,28297.0,339032,KBS
2023-11-13 07:00:00,28297.0,28674.0,27259.0,27731.0,132238,KBS
2023-11-14 07:00:00,28014.0,28580.0,28014.0,28202.0,127140,KBS
2023-11-15 07:00:00,28297.0,29146.0,28202.0,28391.0,191377,KBS
2023-11-16 07:00:00,28485.0,28863.0,28108.0,28863.0,86525,KBS
2023-11-17 07:00:00,28957.0,29240.0,28108.0,28108.0,214827,KBS
2023-11-20 07:00:00,28108.0,28580.0,27353.0,28202.0,73117,KBS
2023-11-21 07:00:00,29146.0,29146.0,28108.0,28580.0,92586,KBS
2023-11-22 07:00:00,28580.0,29240.0,28580.0,28957.0,104556,KBS
2023-11-23 07:00:00,29146.0,29994.0,28580.0,28580.0,212609,KBS
2023-11-24 07:00:00,28768.0,28768.0,27353.0,28297.0,183507,KBS
2023-11-27 07:00:00,28297.0,28297.0,27825.0,27825.0,83634,KBS
2023-11-28 07:00:00,27825.0,28297.0,27636.0,28202.0,51701,KBS
2023-11-29 07:00:00,28768.0,28768.0,28297.0,28580.0,57453,KBS
2023-11-30 07:00:00,28768.0,29051.0,28391.0,28391.0,89307,KBS
2023-12-01 07:00:00,28485.0,28863.0,28014.0,28580.0,62108,KBS
2023-12-04 07:00:00,28580.0,30655.0,28580.0,30466.0,596243,KBS
2023-12-05 07:00:00,30655.0,31409.0,30466.0,31315.0,205594,KBS
2023-12-06 07:00:00,31315.0,31692.0,30655.0,31126.0,224168,KBS
2023-12-07 07:00:00,31126.0,31598.0,30183.0,30843.0,271800,KBS
2023-12-08 07:00:00,30843.0,31221.0,30560.0,31126.0,149319,KBS
2023-12-11 07:00:00,31126.0,31409.0,30655.0,31032.0,56152,KBS
2023-12-12 07:00:00,30938.0,31126.0,30749.0,31032.0,79030,KBS
2023-12-13 07:00:00,31032.0,31975.0,30655.0,30749.0,218312,KBS
2023-12-14 07:00:00,30749.0,31126.0,30372.0,30372.0,109550,KBS
2023-12-15 07:00:00,27353.0,30372.0,27353.0,29806.0,148025,KBS
2023-12-18 07:00:00,29806.0,29806.0,28863.0,28957.0,123543,KBS
2023-12-19 07:00:00,28768.0,29146.0,28768.0,29146.0,87412,KBS
2023-12-20 07:00:00,29146.0,29806.0,29146.0,29617.0,37706,KBS
2023-12-21 07:00:00,29523.0,29617.0,29146.0,29617.0,21308,KBS
2023-12-22 07:00:00,29617.0,29711.0,29428.0,29523.0,44603,KBS
2023-12-25 07:00:00,29523.0,30183.0,29523.0,29806.0,55700,KBS
2023-12-26 07:00:00,30183.0,30183.0,29806.0,29900.0,54115,KBS
2023-12-27 07:00:00,30089.0,30089.0,29334.0,29334.0,78053,KBS
2023-12-28 07:00:00,29428.0,29523.0,29240.0,29240.0,57306,KBS
2023-12-29 07:00:00,29428.0,29617.0,29240.0,29240.0,85644,KBS
2024-01-02 07:00:00,31032.0,31032.0,29146.0,29334.0,91958,KBS
2024-01-03 07:00:00,29334.0,31126.0,29334.0,30183.0,275060,KBS
2024-01-04 07:00:00,30183.0,30372.0,30089.0,30183.0,62352,KBS
2024-01-05 07:00:00,30183.0,30843.0,30183.0,30277.0,226202,KBS
2024-01-08 07:00:00,30749.0,30938.0,30183.0,30560.0,182626,KBS
2024-01-09 07:00:00,30560.0,30749.0,30089.0,30089.0,91271,KBS
2024-01-10 07:00:00,29806.0,30089.0,29240.0,30089.0,88505,KBS
2024-01-11 07:00:00,29900.0,30183.0,29617.0,29711.0,87535,KBS
2024-01-12 07:00:00,29711.0,29994.0,29051.0,29051.0,169679,KBS
2024-01-15 07:00:00,29711.0,29711.0,28863.0,29240.0,34196,KBS
2024-01-16 07:00:00,29240.0,29428.0,29240.0,29428.0,37814,KBS
2024-01-17 07:00:00,29428.0,29711.0,29240.0,29240.0,54855,KBS
2024-01-18 07:00:00,29240.0,29428.0,29146.0,29428.0,47700,KBS
2024-01-19 07:00:00,29334.0,29617.0,29334.0,29334.0,43924,KBS
2024-01-22 07:00:00,29428.0,29617.0,29051.0,29428.0,49667,KBS
2024-01-23 07:00:00,29617.0,30089.0,29146.0,29617.0,91672,KBS
2024-01-24 07:00:00,29806.0,29806.0,29240.0,29334.0,42411,KBS
2024-01-25 07:00:00,29711.0,29711.0,29146.0,29240.0,15900,KBS
2024-01-26 07:00:00,29146.0,29334.0,27542.0,28957.0,107020,KBS
2024-01-29 07:00:00,29051.0,29240.0,28863.0,29051.0,34630,KBS
2024-01-30 07:00:00,29051.0,29240.0,28863.0,29240.0,103246,KBS
2024-01-31 07:00:00,29428.0,30466.0,29428.0,29806.0,330628,KBS
2024-02-01 07:00:00,29711.0,30089.0,29523.0,29900.0,117702,KBS
2024-02-02 07:00:00,29994.0,30655.0,29711.0,29711.0,156780,KBS
2024-02-05 07:00:00,29806.0,29806.0,29240.0,29711.0,145106,KBS
2024-02-06 07:00:00,29711.0,29806.0,29240.0,29428.0,97976,KBS
2024-02-07 07:00:00,29711.0,29900.0,29428.0,29806.0,102875,KBS
2024-02-15 07:00:00,29806.0,30749.0,29806.0,30560.0,357584,KBS
2024-02-16 07:00:00,30749.0,30749.0,30372.0,30560.0,178972,KBS
2024-02-19 07:00:00,30938.0,31881.0,30655.0,31315.0,421475,KBS
2024-02-20 07:00:00,31598.0,31598.0,30749.0,31032.0,188837,KBS
2024-02-21 07:00:00,31315.0,31315.0,30560.0,30938.0,109429,KBS
2024-02-22 07:00:00,30938.0,31126.0,30560.0,30843.0,156238,KBS
2024-02-23 07:00:00,30843.0,31032.0,29711.0,30183.0,330066,KBS
2024-02-26 07:00:00,30089.0,30183.0,29806.0,29994.0,149841,KBS
2024-02-27 07:00:00,29994.0,30466.0,29900.0,30372.0,143978,KBS
2024-02-28 07:00:00,30372.0,31315.0,30372.0,30749.0,253497,KBS
2024-02-29 07:00:00,30938.0,30938.0,30183.0,30183.0,104601,KBS
2024-03-01 07:00:00,30183.0,31504.0,30183.0,31315.0,462734,KBS
2024-03-04 07:00:00,31598.0,31975.0,31221.0,31504.0,209078,KBS
2024-03-05 07:00:00,31692.0,31692.0,30749.0,30938.0,250309,KBS
2024-03-06 07:00:00,30938.0,31032.0,30089.0,30372.0,273179,KBS
2024-03-07 07:00:00,30277.0,30655.0,30277.0,30277.0,194455,KBS
2024-03-08 07:00:00,30277.0,30560.0,29806.0,29806.0,256584,KBS
2024-03-11 07:00:00,29900.0,30089.0,29617.0,29711.0,126674,KBS
2024-03-12 07:00:00,29523.0,29806.0,29428.0,29617.0,145010,KBS
2024-03-13 07:00:00,29806.0,30372.0,29711.0,30183.0,109395,KBS
2024-03-14 07:00:00,30372.0,30843.0,29994.0,30277.0,221913,KBS
2024-03-15 07:00:00,30277.0,30843.0,30183.0,30655.0,191650,KBS
2024-03-18 07:00:00,30560.0,30843.0,28957.0,29523.0,297359,KBS
2024-03-19 07:00:00,29711.0,30183.0,29617.0,29994.0,124611,KBS
2024-03-20 07:00:00,29994.0,30183.0,29711.0,29900.0,83372,KBS
2024-03-21 07:00:00,30372.0,30466.0,29900.0,29994.0,132395,KBS
2024-03-22 07:00:00,30183.0,31975.0,30089.0,31975.0,906076,KBS
2024-03-25 07:00:00,31975.0,33484.0,31975.0,32730.0,750639,KBS
2024-03-26 07:00:00,33013.0,33484.0,32447.0,32730.0,427094,KBS
2024-03-27 07:00:00,33013.0,33201.0,32447.0,32730.0,302162,KBS
2024-03-28 07:00:00,32730.0,33013.0,32164.0,32258.0,285149,KBS
2024-03-29 07:00:00,32164.0,32824.0,32070.0,32447.0,255711,KBS
2024-04-01 07:00:00,32258.0,32730.0,31692.0,32447.0,289508,KBS
2024-04-02 07:00:00,32447.0,33579.0,32164.0,33201.0,544507,KBS
2024-04-03 07:00:00,33296.0,33673.0,32352.0,32352.0,390991,KBS
2024-04-04 07:00:00,32352.0,32635.0,31504.0,31787.0,294310,KBS
2024-04-05 07:00:00,31975.0,32635.0,31221.0,31787.0,348077,KBS
2024-04-08 07:00:00,31787.0,32070.0,30749.0,30749.0,311349,KBS
2024-04-09 07:00:00,30749.0,31032.0,30372.0,31032.0,199005,KBS
2024-04-10 07:00:00,31032.0,31126.0,30183.0,30277.0,242179,KBS
2024-04-11 07:00:00,30089.0,30466.0,29711.0,30183.0,217988,KBS
2024-04-12 07:00:00,30655.0,30655.0,29711.0,30089.0,187811,KBS
2024-04-15 07:00:00,30089.0,30749.0,27448.0,27448.0,316294,KBS
2024-04-16 07:00:00,27448.0,27919.0,26410.0,27636.0,288653,KBS
2024-04-17 07:00:00,27731.0,28108.0,26882.0,26882.0,272691,KBS
2024-04-19 07:00:00,26882.0,26882.0,25278.0,25278.0,413707,KBS
2024-04-22 07:00:00,25656.0,26693.0,25656.0,26410.0,138443,KBS
2024-04-23 07:00:00,26787.0,26787.0,25467.0,25656.0,269671,KBS
2024-04-24 07:00:00,25656.0,26882.0,25656.0,26787.0,203824,KBS
2024-04-25 07:00:00,26787.0,26882.0,26316.0,26599.0,64601,KBS
2024-04-26 07:00:00,26316.0,26693.0,26127.0,26505.0,110775,KBS
2024-05-02 07:00:00,26410.0,26693.0,26222.0,26410.0,97742,KBS
2024-05-03 07:00:00,26693.0,26693.0,26410.0,26410.0,164507,KBS
2024-05-06 07:00:00,26410.0,27165.0,26222.0,27165.0,305187,KBS
2024-05-07 07:00:00,27448.0,27448.0,27165.0,27165.0,128137,KBS
2024-05-08 07:00:00,27259.0,28108.0,26882.0,26976.0,456572,KBS
2024-05-09 07:00:00,27353.0,27636.0,26599.0,26599.0,267643,KBS
2024-05-10 07:00:00,26693.0,27353.0,26127.0,26599.0,484797,KBS
2024-05-13 07:00:00,26882.0,26882.0,26033.0,26316.0,263548,KBS
2024-05-14 07:00:00,26222.0,26693.0,26222.0,26316.0,190661,KBS
2024-05-15 07:00:00,26316.0,26787.0,25656.0,26599.0,293585,KBS
2024-05-16 07:00:00,26882.0,27353.0,26787.0,26976.0,320119,KBS
2024-05-17 07:00:00,27165.0,27825.0,26976.0,27448.0,525720,KBS
2024-05-20 07:00:00,27636.0,28957.0,27636.0,27919.0,408776,KBS
2024-05-21 07:00:00,28108.0,28108.0,27259.0,27636.0,319058,KBS
2024-05-22 07:00:00,27731.0,28485.0,27636.0,27825.0,586522,KBS
2024-05-23 07:00:00,28297.0,29994.0,27919.0,29806.0,1600228,KBS
2024-05-24 07:00:00,29806.0,31126.0,28580.0,29240.0,1123403,KBS
2024-05-27 07:00:00,29240.0,30089.0,28863.0,29051.0,605348,KBS
2024-05-28 07:00:00,29994.0,30938.0,28957.0,29334.0,548701,KBS
2024-05-29 07:00:00,29334.0,30183.0,28957.0,28957.0,741142,KBS
2024-05-30 07:00:00,28957.0,29617.0,28108.0,28297.0,730549,KBS
2024-05-31 07:00:00,28391.0,29051.0,28014.0,28202.0,532658,KBS
2024-06-03 07:00:00,28674.0,29334.0,28391.0,29240.0,649019,KBS
2024-06-04 07:00:00,30221.0,30221.0,28847.0,28847.0,578669,KBS
2024-06-05 07:00:00,28847.0,29240.0,28357.0,28553.0,431604,KBS
2024-06-06 07:00:00,28553.0,28945.0,28062.0,28455.0,265360,KBS
2024-06-07 07:00:00,28455.0,28651.0,28357.0,28357.0,238651,KBS
2024-06-10 07:00:00,28455.0,29044.0,28259.0,28455.0,367230,KBS
2024-06-11 07:00:00,28455.0,28651.0,27768.0,28455.0,526429,KBS
2024-06-12 07:00:00,28259.0,28455.0,27866.0,28357.0,312059,KBS
2024-06-13 07:00:00,28357.0,28749.0,28062.0,28161.0,350150,KBS
2024-06-14 07:00:00,28357.0,29142.0,28062.0,28062.0,578764,KBS
2024-06-17 07:00:00,28062.0,28062.0,27277.0,27376.0,388566,KBS
2024-06-18 07:00:00,27376.0,27670.0,27376.0,27474.0,269594,KBS
2024-06-19 07:00:00,27474.0,27474.0,26689.0,26885.0,469179,KBS
2024-06-20 07:00:00,27081.0,27277.0,26787.0,27277.0,270890,KBS
2024-06-21 07:00:00,27277.0,27474.0,27179.0,27277.0,170005,KBS
2024-06-24 07:00:00,27474.0,27572.0,26394.0,26394.0,336470,KBS
2024-06-25 07:00:00,26394.0,26689.0,26100.0,26296.0,221868,KBS
2024-06-26 07:00:00,26296.0,26591.0,26002.0,26492.0,115300,KBS
2024-06-27 07:00:00,26492.0,26689.0,26198.0,26296.0,104111,KBS
2024-06-28 07:00:00,26296.0,26591.0,26002.0,26002.0,136831,KBS
2024-07-01 07:00:00,26198.0,26885.0,25708.0,26885.0,184768,KBS
2024-07-02 07:00:00,26885.0,26983.0,26492.0,26983.0,133105,KBS
2024-07-03 07:00:00,27179.0,27179.0,26689.0,26983.0,95763,KBS
2024-07-04 07:00:00,26885.0,27081.0,26492.0,26983.0,185960,KBS
2024-07-05 07:00:00,26983.0,26983.0,26591.0,26689.0,136508,KBS
2024-07-08 07:00:00,26983.0,26983.0,26492.0,26492.0,156720,KBS
2024-07-09 07:00:00,26689.0,27768.0,26296.0,27768.0,390093,KBS
2024-07-10 07:00:00,27866.0,28062.0,27277.0,27277.0,371958,KBS
2024-07-11 07:00:00,27572.0,27572.0,26983.0,26983.0,200258,KBS
2024-07-12 07:00:00,27081.0,27179.0,26885.0,26885.0,139156,KBS
2024-07-15 07:00:00,26983.0,27376.0,26492.0,26591.0,569568,KBS
2024-07-16 07:00:00,26394.0,26787.0,25904.0,25904.0,632250,KBS
2024-07-17 07:00:00,25904.0,26198.0,25119.0,25413.0,391845,KBS
2024-07-18 07:00:00,25511.0,25609.0,24726.0,25315.0,239037,KBS
2024-07-19 07:00:00,25511.0,25904.0,25021.0,25708.0,251902,KBS
2024-07-22 07:00:00,25708.0,25904.0,24923.0,25413.0,238918,KBS
2024-07-23 07:00:00,25511.0,25609.0,25021.0,25119.0,106737,KBS
2024-07-24 07:00:00,25119.0,25708.0,24628.0,25315.0,168879,KBS
2024-07-25 07:00:00,25315.0,25511.0,24923.0,25119.0,93146,KBS
2024-07-26 07:00:00,25119.0,25511.0,25119.0,25217.0,81484,KBS
2024-07-29 07:00:00,25217.0,25708.0,25217.0,25511.0,87200,KBS
2024-07-30 07:00:00,25511.0,26100.0,25413.0,25806.0,251874,KBS
2024-07-31 07:00:00,25806.0,25806.0,25119.0,25609.0,272048,KBS
2024-08-01 07:00:00,25609.0,25708.0,24628.0,24824.0,254275,KBS
2024-08-02 07:00:00,24824.0,24923.0,24334.0,24923.0,225902,KBS
2024-08-05 07:00:00,24923.0,24923.0,23451.0,23549.0,275521,KBS
2024-08-06 07:00:00,23451.0,24530.0,23451.0,24432.0,191921,KBS
2024-08-07 07:00:00,24628.0,24726.0,24334.0,24334.0,82462,KBS
2024-08-08 07:00:00,24334.0,25806.0,24236.0,25021.0,288819,KBS
2024-08-09 07:00:00,25511.0,25511.0,25119.0,25119.0,72379,KBS
2024-08-12 07:00:00,25413.0,25609.0,25119.0,25413.0,103535,KBS
2024-08-13 07:00:00,25511.0,25511.0,25021.0,25315.0,58053,KBS
2024-08-14 07:00:00,25511.0,25708.0,25119.0,25217.0,80639,KBS
2024-08-15 07:00:00,25511.0,25708.0,25119.0,25217.0,97126,KBS
2024-08-16 07:00:00,25511.0,26100.0,25315.0,25708.0,324462,KBS
2024-08-19 07:00:00,25708.0,26100.0,25708.0,26100.0,148234,KBS
2024-08-20 07:00:00,26198.0,26296.0,25806.0,26002.0,215817,KBS
2024-08-21 07:00:00,26002.0,26492.0,25806.0,26100.0,208463,KBS
2024-08-22 07:00:00,26002.0,26002.0,25708.0,25806.0,85864,KBS
2024-08-23 07:00:00,25708.0,25904.0,25511.0,25708.0,84268,KBS
2024-08-26 07:00:00,25708.0,26100.0,25511.0,25609.0,108070,KBS
2024-08-27 07:00:00,25511.0,26002.0,25217.0,25609.0,106066,KBS
2024-08-28 07:00:00,25511.0,25708.0,25119.0,25413.0,88343,KBS
2024-08-29 07:00:00,25413.0,25511.0,25119.0,25119.0,79091,KBS
2024-08-30 07:00:00,25511.0,25511.0,25315.0,25315.0,74675,KBS
2024-09-04 07:00:00,25315.0,26002.0,25119.0,25806.0,348451,KBS
2024-09-05 07:00:00,25806.0,26100.0,25511.0,25904.0,99608,KBS
2024-09-06 07:00:00,25904.0,25904.0,25413.0,25511.0,74820,KBS
2024-09-09 07:00:00,25511.0,25708.0,25119.0,25315.0,107824,KBS
2024-09-10 07:00:00,25511.0,25511.0,24824.0,24824.0,254040,KBS
2024-09-11 07:00:00,24923.0,24923.0,24726.0,24824.0,46540,KBS
2024-09-12 07:00:00,22371.0,24923.0,22371.0,24432.0,132080,KBS
2024-09-13 07:00:00,24530.0,24530.0,24138.0,24334.0,79162,KBS
2024-09-16 07:00:00,24334.0,24432.0,23941.0,23941.0,47537,KBS
2024-09-17 07:00:00,24039.0,24726.0,23941.0,24726.0,72862,KBS
2024-09-18 07:00:00,24726.0,25315.0,24432.0,24530.0,50173,KBS
2024-09-19 07:00:00,24530.0,24628.0,24432.0,24530.0,57245,KBS
2024-09-20 07:00:00,24824.0,25119.0,24628.0,24726.0,51713,KBS
2024-09-23 07:00:00,24726.0,24726.0,24334.0,24334.0,72811,KBS
2024-09-24 07:00:00,24334.0,24530.0,24334.0,24432.0,39040,KBS
2024-09-25 07:00:00,24530.0,24726.0,24236.0,24530.0,85512,KBS
2024-09-26 07:00:00,24628.0,24824.0,24236.0,24530.0,150652,KBS
2024-09-27 07:00:00,24530.0,24726.0,24334.0,24432.0,81992,KBS
2024-09-30 07:00:00,24432.0,24530.0,23941.0,24334.0,146893,KBS
2024-10-01 07:00:00,24432.0,24726.0,24334.0,24432.0,71170,KBS
2024-10-02 07:00:00,24432.0,24824.0,24138.0,24138.0,103410,KBS
2024-10-03 07:00:00,24138.0,24334.0,23941.0,24039.0,113377,KBS
2024-10-04 07:00:00,24138.0,24138.0,23843.0,23843.0,135455,KBS
2024-10-07 07:00:00,23843.0,24039.0,23745.0,23745.0,56602,KBS
2024-10-08 07:00:00,23745.0,23941.0,23549.0,23843.0,116341,KBS
2024-10-09 07:00:00,23843.0,24039.0,23843.0,23941.0,56935,KBS
2024-10-10 07:00:00,21586.0,24039.0,21586.0,23941.0,132308,KBS
2024-10-11 07:00:00,24039.0,24039.0,23843.0,24039.0,35335,KBS
2024-10-14 07:00:00,24039.0,24138.0,23843.0,23843.0,75348,KBS
2024-10-15 07:00:00,23843.0,23941.0,23451.0,23549.0,71643,KBS
2024-10-16 07:00:00,23745.0,23745.0,22862.0,22862.0,112483,KBS
2024-10-17 07:00:00,23353.0,23353.0,22764.0,23156.0,76563,KBS
2024-10-18 07:00:00,23255.0,23353.0,22960.0,23156.0,37309,KBS
2024-10-21 07:00:00,23156.0,23156.0,22666.0,22666.0,54241,KBS
2024-10-22 07:00:00,22666.0,22862.0,22273.0,22470.0,101509,KBS
2024-10-23 07:00:00,22371.0,22568.0,21685.0,21979.0,173702,KBS
2024-10-24 07:00:00,19820.0,22077.0,19820.0,21783.0,51112,KBS
2024-10-25 07:00:00,21881.0,21881.0,21390.0,21783.0,132744,KBS
2024-10-28 07:00:00,21881.0,22077.0,21783.0,21881.0,13191,KBS
2024-10-29 07:00:00,21881.0,21979.0,21783.0,21979.0,24170,KBS
2024-10-30 07:00:00,21979.0,22175.0,21685.0,21685.0,25303,KBS
2024-10-31 07:00:00,21685.0,21881.0,21586.0,21586.0,39487,KBS
2024-11-01 07:00:00,21586.0,21586.0,20900.0,21194.0,129165,KBS
2024-11-04 07:00:00,21194.0,21390.0,20605.0,20802.0,99921,KBS
2024-11-05 07:00:00,20409.0,20802.0,18741.0,19918.0,152019,KBS
2024-11-06 07:00:00,17956.0,20802.0,17956.0,20311.0,52215,KBS
2024-11-07 07:00:00,20605.0,20605.0,19820.0,20213.0,71370,KBS
2024-11-08 07:00:00,20213.0,20213.0,19624.0,19820.0,71695,KBS
2024-11-11 07:00:00,17858.0,20311.0,17858.0,20115.0,44858,KBS
2024-11-12 07:00:00,20213.0,20507.0,19918.0,20017.0,35529,KBS
2024-11-13 07:00:00,20311.0,21194.0,20311.0,21194.0,264358,KBS
2024-11-14 07:00:00,21292.0,21586.0,21096.0,21096.0,198721,KBS
2024-11-15 07:00:00,21096.0,21292.0,20311.0,20605.0,135083,KBS
2024-11-18 07:00:00,20605.0,20900.0,19133.0,20703.0,115156,KBS
2024-11-19 07:00:00,20802.0,20998.0,20017.0,20017.0,54277,KBS
2024-11-20 07:00:00,19722.0,21096.0,19722.0,20115.0,112029,KBS
2024-11-21 07:00:00,20115.0,20900.0,20017.0,20409.0,46507,KBS
2024-11-22 07:00:00,20507.0,20605.0,20311.0,20311.0,43486,KBS
2024-11-25 07:00:00,20409.0,20507.0,20115.0,20213.0,89124,KBS
2024-11-26 07:00:00,20213.0,20605.0,20213.0,20311.0,85780,KBS
2024-11-27 07:00:00,20213.0,20311.0,20115.0,20213.0,62494,KBS
2024-11-28 07:00:00,20311.0,20409.0,20213.0,20213.0,50594,KBS
2024-11-29 07:00:00,20409.0,20409.0,20115.0,20115.0,47330,KBS
2024-12-02 07:00:00,20115.0,21488.0,20115.0,21488.0,232970,KBS
2024-12-03 07:00:00,21488.0,21488.0,21096.0,21096.0,81007,KBS
2024-12-04 07:00:00,20998.0,21488.0,20802.0,20900.0,120248,KBS
2024-12-05 07:00:00,20900.0,21586.0,20900.0,21488.0,135257,KBS
2024-12-06 07:00:00,21586.0,21783.0,20900.0,21096.0,113633,KBS
2024-12-09 07:00:00,21096.0,21488.0,21096.0,21292.0,47439,KBS
2024-12-10 07:00:00,21292.0,21488.0,21096.0,21194.0,75704,KBS
2024-12-11 07:00:00,21390.0,21488.0,21096.0,21194.0,129884,KBS
2024-12-12 07:00:00,21292.0,21979.0,21292.0,21488.0,166708,KBS
2024-12-13 07:00:00,21586.0,21783.0,20998.0,20998.0,117044,KBS
2024-12-16 07:00:00,21096.0,21488.0,20900.0,20900.0,67597,KBS
2024-12-17 07:00:00,20900.0,21096.0,20605.0,20605.0,57911,KBS
2024-12-18 07:00:00,20605.0,20900.0,20409.0,20703.0,90311,KBS
2024-12-19 07:00:00,20605.0,20703.0,20311.0,20507.0,133968,KBS
2024-12-20 07:00:00,20507.0,20802.0,20115.0,20115.0,99380,KBS
2024-12-23 07:00:00,20311.0,20703.0,20115.0,20605.0,96532,KBS
2024-12-24 07:00:00,20605.0,20802.0,20311.0,20409.0,63961,KBS
2024-12-25 07:00:00,20605.0,22371.0,20605.0,22371.0,501832,KBS
2024-12-26 07:00:00,22470.0,23255.0,22470.0,22568.0,595867,KBS
2024-12-27 07:00:00,22764.0,22862.0,21979.0,22568.0,387889,KBS
2024-12-30 07:00:00,22568.0,22862.0,22077.0,22273.0,332597,KBS
2024-12-31 07:00:00,22273.0,22273.0,21881.0,21979.0,119379,KBS
2025-01-02 07:00:00,22175.0,22175.0,21488.0,21488.0,436275,KBS
2025-01-03 07:00:00,21488.0,22568.0,21488.0,22175.0,461702,KBS
2025-01-06 07:00:00,22175.0,24039.0,22175.0,22862.0,1002960,KBS
2025-01-07 07:00:00,22960.0,23353.0,22371.0,22862.0,396002,KBS
2025-01-08 07:00:00,22960.0,23156.0,22666.0,22666.0,263476,KBS
2025-01-09 07:00:00,22568.0,23745.0,22568.0,23549.0,444700,KBS
2025-01-10 07:00:00,23549.0,24432.0,23353.0,23353.0,824513,KBS
2025-01-13 07:00:00,23156.0,24628.0,22960.0,24334.0,714972,KBS
2025-01-14 07:00:00,24334.0,24530.0,23941.0,24138.0,305742,KBS
2025-01-15 07:00:00,24138.0,25413.0,23843.0,25021.0,1400540,KBS
2025-01-16 07:00:00,25119.0,25315.0,24628.0,25021.0,370824,KBS
2025-01-17 07:00:00,25021.0,25511.0,24628.0,25315.0,630622,KBS
2025-01-20 07:00:00,25315.0,25315.0,24236.0,24334.0,842967,KBS
2025-01-21 07:00:00,22077.0,24726.0,22077.0,24530.0,499858,KBS
2025-01-22 07:00:00,24530.0,24530.0,23941.0,23941.0,447887,KBS
2025-01-23 07:00:00,23941.0,24334.0,23843.0,24138.0,263154,KBS
2025-01-24 07:00:00,24138.0,24432.0,23941.0,24138.0,290685,KBS
2025-02-03 07:00:00,24138.0,24530.0,23647.0,24432.0,446012,KBS
2025-02-04 07:00:00,24432.0,25315.0,24432.0,25315.0,780080,KBS
2025-02-05 07:00:00,25315.0,25315.0,24923.0,25315.0,316261,KBS
2025-02-06 07:00:00,25315.0,25511.0,24824.0,24923.0,250069,KBS
2025-02-07 07:00:00,24923.0,25708.0,24726.0,24726.0,440291,KBS
2025-02-10 07:00:00,24726.0,25119.0,24236.0,24726.0,505016,KBS
2025-02-11 07:00:00,24726.0,25904.0,24530.0,25119.0,462635,KBS
2025-02-12 07:00:00,25119.0,26002.0,25119.0,25413.0,632002,KBS
2025-02-13 07:00:00,25413.0,25609.0,25315.0,25609.0,280313,KBS
2025-02-14 07:00:00,25609.0,26394.0,25413.0,25413.0,668540,KBS
2025-02-17 07:00:00,25413.0,25904.0,25217.0,25315.0,602051,KBS
2025-02-18 07:00:00,25315.0,25511.0,24923.0,24923.0,449623,KBS
2025-02-19 07:00:00,24923.0,25511.0,24824.0,25413.0,388745,KBS
2025-02-20 07:00:00,25511.0,25511.0,25119.0,25217.0,276814,KBS
2025-02-21 07:00:00,25217.0,25904.0,25119.0,25413.0,409546,KBS
2025-02-24 07:00:00,25511.0,26787.0,25511.0,26198.0,694015,KBS
2025-02-25 07:00:00,26198.0,26296.0,25806.0,26296.0,291385,KBS
2025-02-26 07:00:00,26296.0,26492.0,25806.0,25904.0,302006,KBS
2025-02-27 07:00:00,26002.0,26100.0,25413.0,25806.0,387022,KBS
2025-02-28 07:00:00,25708.0,25806.0,25315.0,25511.0,312810,KBS
2025-03-03 07:00:00,25609.0,25904.0,25119.0,25708.0,227649,KBS
2025-03-04 07:00:00,25904.0,26296.0,25217.0,25511.0,249754,KBS
2025-03-05 07:00:00,25511.0,25511.0,24824.0,24824.0,296707,KBS
2025-03-06 07:00:00,25021.0,25217.0,24530.0,25021.0,345412,KBS
2025-03-07 07:00:00,25021.0,25511.0,24923.0,25119.0,259130,KBS
2025-03-10 07:00:00,25511.0,25609.0,24923.0,25217.0,345206,KBS
2025-03-11 07:00:00,25119.0,26002.0,24726.0,26002.0,879626,KBS
2025-03-12 07:00:00,26100.0,26394.0,25413.0,25904.0,354423,KBS
2025-03-13 07:00:00,26002.0,26296.0,24726.0,24726.0,509631,KBS
2025-03-14 07:00:00,24628.0,24824.0,24039.0,24138.0,520178,KBS
2025-03-17 07:00:00,24138.0,24138.0,23451.0,23843.0,566399,KBS
2025-03-18 07:00:00,24039.0,24236.0,23745.0,24236.0,181893,KBS
2025-03-19 07:00:00,24236.0,24236.0,23843.0,24138.0,115336,KBS
2025-03-20 07:00:00,24039.0,24334.0,23941.0,24236.0,147201,KBS
2025-03-21 07:00:00,24138.0,24236.0,23843.0,23941.0,73145,KBS
2025-03-24 07:00:00,24236.0,24236.0,23647.0,24039.0,51445,KBS
2025-03-25 07:00:00,24138.0,24138.0,23843.0,24039.0,114754,KBS
2025-03-26 07:00:00,24039.0,24628.0,24039.0,24236.0,181102,KBS
2025-03-27 07:00:00,24334.0,24334.0,23941.0,23941.0,60729,KBS
2025-03-28 07:00:00,23843.0,23941.0,23353.0,23451.0,253171,KBS
2025-03-31 07:00:00,23451.0,23549.0,22960.0,22960.0,163046,KBS
2025-04-01 07:00:00,23255.0,23353.0,22960.0,22960.0,109391,KBS
2025-04-02 07:00:00,23255.0,23353.0,23058.0,23255.0,81629,KBS
2025-04-03 07:00:00,22862.0,22960.0,20998.0,20998.0,632473,KBS
2025-04-04 07:00:00,18937.0,20998.0,18937.0,20605.0,374697,KBS
2025-04-08 07:00:00,20802.0,20802.0,18545.0,18545.0,706485,KBS
2025-04-09 07:00:00,18250.0,19526.0,17269.0,18545.0,420532,KBS
2025-04-10 07:00:00,20311.0,20311.0,19624.0,20311.0,73759,KBS
2025-04-11 07:00:00,22077.0,22175.0,20311.0,22175.0,541677,KBS
2025-04-14 07:00:00,22273.0,22666.0,21783.0,22371.0,207252,KBS
2025-04-15 07:00:00,20213.0,23156.0,20213.0,23058.0,514479,KBS
2025-04-16 07:00:00,23058.0,23156.0,22568.0,22764.0,155804,KBS
2025-04-17 07:00:00,22371.0,23058.0,22077.0,23058.0,184961,KBS
2025-04-18 07:00:00,23058.0,23647.0,22568.0,22568.0,553055,KBS
2025-04-21 07:00:00,22568.0,23058.0,22568.0,22862.0,190865,KBS
2025-04-22 07:00:00,22862.0,23255.0,21096.0,22960.0,441571,KBS
2025-04-23 07:00:00,22960.0,23843.0,22960.0,23255.0,202667,KBS
2025-04-24 07:00:00,23451.0,23941.0,23353.0,23843.0,236316,KBS
2025-04-25 07:00:00,23941.0,24432.0,23843.0,24039.0,179718,KBS
2025-04-28 07:00:00,24039.0,24039.0,23255.0,23549.0,112504,KBS
2025-04-29 07:00:00,23549.0,23745.0,23353.0,23451.0,60682,KBS
2025-05-05 07:00:00,24039.0,25021.0,23843.0,25021.0,486800,KBS
2025-05-06 07:00:00,25021.0,26296.0,25021.0,25217.0,1285900,KBS
2025-05-07 07:00:00,25315.0,25413.0,24726.0,25315.0,416800,KBS
2025-05-08 07:00:00,25315.0,26591.0,25315.0,25708.0,1093200,KBS
2025-05-09 07:00:00,26002.0,26002.0,25413.0,25806.0,345400,KBS
2025-05-12 07:00:00,25806.0,26689.0,25806.0,25904.0,607700,KBS
2025-05-13 07:00:00,26002.0,26296.0,25511.0,25609.0,537200,KBS
2025-05-14 07:00:00,25609.0,25904.0,25119.0,25511.0,388700,KBS
2025-05-15 07:00:00,25511.0,26002.0,25217.0,25806.0,482300,KBS
2025-05-16 07:00:00,25904.0,26100.0,25511.0,25806.0,312600,KBS
2025-05-19 07:00:00,25806.0,26394.0,25609.0,25708.0,396300,KBS
2025-05-20 07:00:00,25708.0,25806.0,25315.0,25315.0,344800,KBS
2025-05-21 07:00:00,25315.0,26296.0,25119.0,26100.0,573500,KBS
2025-05-22 07:00:00,26100.0,27179.0,25806.0,26002.0,1218200,KBS
2025-05-23 07:00:00,26002.0,26492.0,25806.0,26100.0,471000,KBS
2025-05-26 07:00:00,26100.0,26394.0,25609.0,26198.0,551800,KBS
2025-05-27 07:00:00,26492.0,26885.0,26198.0,26198.0,813600,KBS
2025-05-28 07:00:00,26198.0,26492.0,25904.0,26100.0,417100,KBS
2025-05-29 07:00:00,26400.0,26400.0,25900.0,26200.0,351100,KBS
2025-05-30 07:00:00,26200.0,26200.0,25000.0,25000.0,868300,KBS
2025-06-02 07:00:00,25000.0,25500.0,24400.0,25500.0,482600,KBS
2025-06-03 07:00:00,25500.0,25900.0,25300.0,25400.0,364500,KBS
2025-06-04 07:00:00,25500.0,26200.0,25500.0,26000.0,698900,KBS
2025-06-05 07:00:00,26000.0,27900.0,26000.0,27700.0,1687200,KBS
2025-06-06 07:00:00,28000.0,28300.0,26800.0,26800.0,694800,KBS
2025-06-09 07:00:00,26800.0,26800.0,25400.0,25400.0,947000,KBS
2025-06-10 07:00:00,25400.0,25800.0,25200.0,25500.0,520600,KBS
2025-06-11 07:00:00,25500.0,25600.0,25100.0,25500.0,368900,KBS
2025-06-12 07:00:00,25500.0,26300.0,25400.0,25800.0,391400,KBS
2025-06-13 07:00:00,25800.0,26400.0,25500.0,25800.0,778100,KBS
2025-06-16 07:00:00,28300.0,28300.0,23300.0,26500.0,648000,KBS
2025-06-17 07:00:00,26500.0,26500.0,25800.0,25900.0,437300,KBS
2025-06-18 07:00:00,25900.0,26400.0,25600.0,25800.0,428600,KBS
2025-06-19 07:00:00,25800.0,25900.0,25200.0,25300.0,456200,KBS
2025-06-20 07:00:00,25200.0,25500.0,25200.0,25300.0,238700,KBS
2025-06-23 07:00:00,25300.0,27300.0,25000.0,25500.0,465000,KBS
2025-06-24 07:00:00,25500.0,25600.0,25100.0,25200.0,346300,KBS
2025-06-25 07:00:00,25300.0,25500.0,24900.0,24900.0,427000,KBS
2025-06-26 07:00:00,24900.0,25000.0,24400.0,24600.0,393500,KBS
2025-06-27 07:00:00,24600.0,24900.0,24500.0,24500.0,238200,KBS
2025-06-30 07:00:00,24600.0,25000.0,24600.0,24600.0,284900,KBS
2025-07-01 07:00:00,24600.0,25300.0,24300.0,24900.0,268100,KBS
2025-07-02 07:00:00,24900.0,24900.0,24700.0,24800.0,125400,KBS
2025-07-03 07:00:00,24800.0,25200.0,24700.0,24800.0,312300,KBS
2025-07-04 07:00:00,25000.0,25000.0,24600.0,24900.0,137600,KBS
2025-07-07 07:00:00,24900.0,25200.0,24900.0,25000.0,230100,KBS
2025-07-08 07:00:00,23500.0,25400.0,23500.0,25400.0,345300,KBS
2025-07-09 07:00:00,25600.0,25700.0,25300.0,25400.0,349200,KBS
2025-07-10 07:00:00,25400.0,25800.0,25400.0,25600.0,397700,KBS
2025-07-11 07:00:00,25600.0,25600.0,25000.0,25000.0,367200,KBS
2025-07-14 07:00:00,25000.0,25400.0,24800.0,25300.0,284500,KBS
2025-07-15 07:00:00,25400.0,25500.0,25200.0,25200.0,283100,KBS
2025-07-16 07:00:00,22700.0,26300.0,22700.0,25800.0,801100,KBS
2025-07-17 07:00:00,25900.0,26300.0,25600.0,25700.0,485400,KBS
2025-07-18 07:00:00,25700.0,26000.0,25500.0,25500.0,469500,KBS
2025-07-21 07:00:00,25800.0,26200.0,25500.0,25500.0,614800,KBS
2025-07-22 07:00:00,25500.0,25800.0,25200.0,25800.0,300000,KBS
2025-07-23 07:00:00,25900.0,27100.0,25800.0,26500.0,1300800,KBS
2025-07-24 07:00:00,26600.0,26800.0,26200.0,26500.0,592500,KBS
2025-07-25 07:00:00,26500.0,27400.0,26500.0,26900.0,1011700,KBS
2025-07-28 07:00:00,27000.0,27300.0,26800.0,27000.0,864000,KBS
2025-07-29 07:00:00,27300.0,29700.0,27000.0,28300.0,3022600,KBS
2025-07-30 07:00:00,28000.0,29900.0,28000.0,28600.0,1036100,KBS
2025-07-31 07:00:00,28900.0,29300.0,28000.0,28900.0,1063700,KBS
2025-08-01 07:00:00,29500.0,31700.0,28900.0,29400.0,1327600,KBS
2025-08-04 07:00:00,29400.0,29500.0,28400.0,28900.0,765000,KBS
2025-08-05 07:00:00,29200.0,29400.0,27200.0,27400.0,1716600,KBS
2025-08-06 07:00:00,27500.0,28800.0,27400.0,28500.0,784600,KBS
2025-08-07 07:00:00,28900.0,29100.0,28200.0,28800.0,639000,KBS
2025-08-08 07:00:00,28800.0,29900.0,28400.0,29200.0,1285400,KBS
2025-08-11 07:00:00,29200.0,30000.0,29000.0,29300.0,910900,KBS
2025-08-12 07:00:00,29400.0,29500.0,28600.0,29100.0,690900,KBS
2025-08-13 07:00:00,29100.0,29800.0,28700.0,29200.0,751500,KBS
2025-08-14 07:00:00,29300.0,30500.0,29300.0,29600.0,1260200,KBS
2025-08-15 07:00:00,29800.0,30500.0,28600.0,29000.0,1392500,KBS
2025-08-18 07:00:00,29000.0,30300.0,28800.0,30000.0,975000,KBS
2025-08-19 07:00:00,30500.0,31100.0,29800.0,30000.0,1212200,KBS
2025-08-20 07:00:00,28800.0,30000.0,28100.0,28600.0,937800,KBS
2025-08-21 07:00:00,28700.0,28800.0,27300.0,27400.0,1282600,KBS
2025-08-22 07:00:00,27400.0,27700.0,26400.0,26900.0,750400,KBS
2025-08-25 07:00:00,27900.0,27900.0,26000.0,26100.0,678300,KBS
2025-08-26 07:00:00,26100.0,26900.0,26000.0,26800.0,246900,KBS
2025-08-27 07:00:00,27000.0,27100.0,26700.0,26800.0,308000,KBS
2025-08-28 07:00:00,26900.0,27100.0,26700.0,27000.0,284500,KBS
2025-08-29 07:00:00,27100.0,27600.0,27000.0,27300.0,254000,KBS
2025-09-03 07:00:00,27300.0,27900.0,27000.0,27800.0,577500,KBS
2025-09-04 07:00:00,27900.0,28100.0,27600.0,27800.0,343700,KBS
2025-09-05 07:00:00,27800.0,28500.0,27400.0,27400.0,632000,KBS
2025-09-08 07:00:00,27400.0,27400.0,26500.0,26800.0,472000,KBS
2025-09-09 07:00:00,26600.0,26900.0,26500.0,26800.0,269100,KBS
2025-09-10 07:00:00,27000.0,27400.0,26700.0,26900.0,195100,KBS
2025-09-11 07:00:00,26900.0,27100.0,26400.0,27000.0,246100,KBS
2025-09-12 07:00:00,27000.0,28900.0,27000.0,28700.0,1053300,KBS
2025-09-15 07:00:00,29000.0,29800.0,28800.0,29800.0,790300,KBS
2025-09-16 07:00:00,29700.0,30000.0,28800.0,28900.0,602300,KBS
2025-09-17 07:00:00,28900.0,29100.0,28400.0,28600.0,446700,KBS
2025-09-18 07:00:00,28600.0,28800.0,28300.0,28500.0,232000,KBS
2025-09-19 07:00:00,28700.0,30000.0,28700.0,29800.0,688500,KBS
2025-09-22 07:00:00,29800.0,30400.0,28700.0,28700.0,431500,KBS
2025-09-23 07:00:00,28800.0,29300.0,28200.0,28600.0,266500,KBS
2025-09-24 07:00:00,27800.0,29000.0,26900.0,29000.0,206800,KBS
2025-09-25 07:00:00,29000.0,29900.0,28900.0,29800.0,674300,KBS
2025-09-26 07:00:00,29900.0,30000.0,29000.0,29200.0,663800,KBS
2025-09-29 07:00:00,29300.0,30400.0,29300.0,29400.0,485500,KBS
2025-09-30 07:00:00,29400.0,29600.0,28200.0,29400.0,514200,KBS
2025-10-01 07:00:00,29600.0,29600.0,29000.0,29400.0,171400,KBS
2025-10-02 07:00:00,29400.0,29400.0,28500.0,28700.0,293600,KBS
2025-10-03 07:00:00,28700.0,28700.0,28100.0,28200.0,303100,KBS
2025-10-06 07:00:00,28300.0,29100.0,28200.0,29000.0,151500,KBS
2025-10-07 07:00:00,29100.0,29500.0,28700.0,28800.0,249000,KBS
2025-10-08 07:00:00,29300.0,29500.0,28600.0,28900.0,245800,KBS
2025-10-09 07:00:00,29300.0,29300.0,28700.0,29000.0,212800,KBS
2025-10-10 07:00:00,29000.0,29500.0,28800.0,29200.0,262300,KBS
2025-10-13 07:00:00,29200.0,29200.0,28200.0,28200.0,474300,KBS
2025-10-14 07:00:00,28200.0,28400.0,27200.0,27300.0,866200,KBS
2025-10-15 07:00:00,27300.0,27500.0,26900.0,26900.0,342400,KBS
2025-10-16 07:00:00,27000.0,27300.0,26700.0,27200.0,271800,KBS
2025-10-17 07:00:00,27200.0,27500.0,27100.0,27400.0,192900,KBS
2025-10-20 07:00:00,29700.0,29700.0,24900.0,24900.0,500800,KBS
2025-10-21 07:00:00,25000.0,25900.0,25000.0,25700.0,545900,KBS
2025-10-22 07:00:00,25800.0,26200.0,25400.0,25800.0,168800,KBS
2025-10-23 07:00:00,25800.0,26900.0,25800.0,26100.0,156900,KBS
2025-10-24 07:00:00,26200.0,26600.0,26000.0,26200.0,131700,KBS
2025-10-27 07:00:00,26300.0,26500.0,26000.0,26000.0,69500,KBS
2025-10-28 07:00:00,26000.0,26100.0,25400.0,25900.0,192900,KBS
2025-10-29 07:00:00,26100.0,26600.0,26000.0,26500.0,156200,KBS
2025-10-30 07:00:00,26600.0,27000.0,26500.0,26900.0,207300,KBS
2025-10-31 07:00:00,26900.0,27300.0,26600.0,26600.0,137500,KBS
2025-11-03 07:00:00,26800.0,26800.0,26200.0,26500.0,205400,KBS
2025-11-04 07:00:00,26200.0,28000.0,25700.0,26800.0,210600,KBS
2025-11-05 07:00:00,27800.0,27800.0,26600.0,27000.0,173800,KBS
2025-11-06 07:00:00,26900.0,26900.0,26600.0,26900.0,42700,KBS
2025-11-07 07:00:00,26800.0,26900.0,25900.0,26500.0,171100,KBS
2025-11-10 07:00:00,26500.0,26500.0,25800.0,25800.0,74600,KBS
2025-11-11 07:00:00,25800.0,26000.0,25600.0,26000.0,95900,KBS
2025-11-12 07:00:00,25800.0,26300.0,25700.0,26100.0,58300,KBS
2025-11-13 07:00:00,26100.0,26700.0,26100.0,26500.0,116000,KBS
2025-11-14 07:00:00,26500.0,26700.0,26300.0,26400.0,69600,KBS
2025-11-17 07:00:00,26500.0,26600.0,26400.0,26500.0,88200,KBS
2025-11-18 07:00:00,26400.0,27000.0,24100.0,26400.0,220100,KBS
2025-11-19 07:00:00,26400.0,27000.0,26300.0,26400.0,177900,KBS
2025-11-20 07:00:00,26500.0,26500.0,26200.0,26200.0,56200,KBS
2025-11-21 07:00:00,26200.0,26300.0,25800.0,26000.0,176200,KBS
2025-11-24 07:00:00,26000.0,26300.0,26000.0,26000.0,31400,KBS
2025-11-25 07:00:00,26100.0,26100.0,25600.0,25700.0,114600,KBS
2025-11-26 07:00:00,25700.0,26000.0,25700.0,25900.0,62600,KBS
2025-11-27 07:00:00,26000.0,26000.0,25500.0,25700.0,128300,KBS
2025-11-28 07:00:00,25700.0,25800.0,25400.0,25500.0,121000,KBS
2025-12-01 07:00:00,25500.0,25500.0,25300.0,25300.0,125100,KBS
2025-12-02 07:00:00,25400.0,25600.0,25100.0,25600.0,51900,KBS
2025-12-03 07:00:00,25700.0,25900.0,25500.0,25500.0,134800,KBS
2025-12-04 07:00:00,25600.0,26000.0,25500.0,26000.0,109500,KBS
2025-12-05 07:00:00,26000.0,26000.0,25700.0,25800.0,45300,KBS
2025-12-08 07:00:00,25700.0,26000.0,25300.0,25800.0,131500,KBS
2025-12-09 07:00:00,25800.0,25800.0,25100.0,25700.0,84600,KBS
2025-12-10 07:00:00,25700.0,25900.0,25500.0,25600.0,93000,KBS
2025-12-11 07:00:00,25700.0,25700.0,25500.0,25700.0,49900,KBS
2025-12-12 07:00:00,25700.0,25700.0,24400.0,24500.0,176400,KBS
2025-12-15 07:00:00,24500.0,24500.0,24000.0,24400.0,139100,KBS
2025-12-16 07:00:00,24200.0,25000.0,24100.0,24700.0,87300,KBS
2025-12-17 07:00:00,24700.0,25000.0,24500.0,24600.0,94000,KBS
2025-12-18 07:00:00,24600.0,24600.0,24100.0,24500.0,80800,KBS
2025-12-19 07:00:00,24500.0,24500.0,24000.0,24000.0,105000,KBS
2025-12-22 07:00:00,24000.0,24500.0,24000.0,24500.0,113400,KBS
2025-12-23 07:00:00,24400.0,24900.0,24400.0,24500.0,167000,KBS
2025-12-24 07:00:00,24500.0,24600.0,24300.0,24500.0,37000,KBS
2025-12-25 07:00:00,24500.0,24500.0,24100.0,24100.0,102800,KBS
2025-12-26 07:00:00,24500.0,24500.0,23900.0,24100.0,120700,KBS
2025-12-29 07:00:00,24100.0,24800.0,24100.0,24400.0,151200,KBS
2025-12-30 07:00:00,24600.0,25000.0,24400.0,24400.0,32700,KBS
2025-12-31 07:00:00,24500.0,24600.0,24200.0,24200.0,53000,KBS
2026-01-05 07:00:00,24200.0,25000.0,24100.0,24200.0,83600,KBS
2026-01-06 07:00:00,24700.0,24800.0,24400.0,24700.0,184900,KBS
2026-01-07 07:00:00,24700.0,25800.0,24700.0,25600.0,320800,KBS
2026-01-08 07:00:00,25800.0,26400.0,25700.0,26000.0,455200,KBS
2026-01-09 07:00:00,26100.0,26500.0,25000.0,25200.0,325500,KBS
2026-01-12 07:00:00,25400.0,26300.0,25400.0,26100.0,330000,KBS
2026-01-13 07:00:00,26200.0,28000.0,25800.0,27000.0,498400,KBS
2026-01-14 07:00:00,27100.0,27700.0,27000.0,27300.0,986900,KBS
2026-01-15 07:00:00,27300.0,28300.0,27300.0,28000.0,758000,KBS
2026-01-16 07:00:00,28000.0,28500.0,27100.0,27100.0,534000,KBS
2026-01-19 07:00:00,27100.0,29800.0,27100.0,29800.0,1536800,KBS
2026-01-20 07:00:00,30200.0,32700.0,30100.0,32700.0,1508800,KBS
2026-01-21 07:00:00,33300.0,35900.0,33000.0,35900.0,4125800,KBS
2026-01-22 07:00:00,35900.0,39300.0,35000.0,35800.0,1857600,KBS
2026-01-23 07:00:00,35000.0,35800.0,32300.0,32300.0,2054500,KBS
2026-01-26 07:00:00,31000.0,34900.0,31000.0,33800.0,1522100,KBS
2026-01-27 07:00:00,34000.0,34800.0,31700.0,34600.0,1557300,KBS
2026-01-28 07:00:00,35000.0,36800.0,31200.0,32500.0,2597500,KBS
2026-01-29 07:00:00,32500.0,32700.0,30900.0,31700.0,1077000,KBS
2026-01-30 07:00:00,31700.0,33400.0,31700.0,32600.0,968800,KBS
2026-02-02 07:00:00,32600.0,33800.0,31000.0,33800.0,1570100,KBS
2026-02-03 07:00:00,32600.0,37100.0,32500.0,37100.0,2658100,KBS
2026-02-04 07:00:00,37100.0,40000.0,35500.0,35500.0,2739000,KBS
2026-02-05 07:00:00,35500.0,36100.0,33000.0,33300.0,1653900,KBS
2026-02-06 07:00:00,33000.0,35100.0,31500.0,33400.0,1533500,KBS
2026-02-09 07:00:00,33500.0,33900.0,32500.0,32800.0,341600,KBS
2026-02-10 07:00:00,33100.0,33200.0,29600.0,29600.0,2015100,KBS
2026-02-11 07:00:00,29600.0,30300.0,28500.0,29600.0,536800,KBS
2026-02-12 07:00:00,30300.0,30800.0,29600.0,29800.0,280400,KBS
2026-02-13 07:00:00,29900.0,30200.0,29300.0,29800.0,306300,KBS
2026-02-23 07:00:00,30200.0,32600.0,30000.0,32200.0,827700,KBS
2026-02-24 07:00:00,32200.0,33200.0,31400.0,31800.0,655700,KBS
2026-02-25 07:00:00,31800.0,33000.0,31700.0,32100.0,895500,KBS
2026-02-26 07:00:00,32100.0,32200.0,30800.0,31500.0,796900,KBS
2026-02-27 07:00:00,31800.0,34000.0,31800.0,33200.0,1300900,KBS
2026-03-02 07:00:00,33600.0,36500.0,33600.0,36500.0,2196500,KBS
2026-03-03 07:00:00,38000.0,39600.0,34000.0,37000.0,2462400,KBS
2026-03-04 07:00:00,37000.0,37500.0,33300.0,34600.0,1931500,KBS
2026-03-05 07:00:00,34600.0,35000.0,31500.0,32400.0,1247300,KBS
2026-03-06 07:00:00,32300.0,32600.0,30000.0,30000.0,1088400,KBS
2026-03-09 07:00:00,30500.0,32500.0,27000.0,27000.0,1811400,KBS
2026-03-10 07:00:00,27500.0,27900.0,25100.0,26100.0,1504500,KBS
2026-03-11 07:00:00,25000.0,27800.0,25000.0,27800.0,766200,KBS
2026-03-12 07:00:00,28000.0,28100.0,27000.0,27000.0,598800,KBS
2026-03-13 07:00:00,27100.0,27700.0,25000.0,25900.0,893500,KBS
2026-03-16 07:00:00,25900.0,26300.0,24500.0,25300.0,588200,KBS
2026-03-17 07:00:00,25500.0,26200.0,25100.0,25600.0,367200,KBS
2026-03-18 07:00:00,25500.0,27500.0,25500.0,27000.0,812500,KBS
2026-03-19 07:00:00,27000.0,27200.0,25900.0,25900.0,372800,KBS
2026-03-20 07:00:00,26000.0,26500.0,24400.0,24500.0,548300,KBS
2026-03-23 07:00:00,24500.0,24500.0,22100.0,22300.0,856700,KBS
2026-03-24 07:00:00,21600.0,24400.0,21600.0,22500.0,378500,KBS
2026-03-25 07:00:00,22500.0,23900.0,22500.0,23100.0,286200,KBS
2026-03-26 07:00:00,23300.0,23500.0,22700.0,22800.0,269500,KBS
2026-03-27 07:00:00,22800.0,23500.0,22800.0,23300.0,333200,KBS
2026-03-30 07:00:00,23300.0,24000.0,22900.0,23200.0,342200,KBS
2026-03-31 07:00:00,23400.0,23400.0,22700.0,22900.0,486400,KBS
2026-04-01 07:00:00,22900.0,23500.0,22900.0,23200.0,344000,KBS
2026-04-02 07:00:00,23200.0,23600.0,22900.0,23000.0,265600,KBS
2026-04-03 07:00:00,23100.0,23300.0,22900.0,22900.0,181000,KBS
2026-04-06 07:00:00,23000.0,23000.0,22000.0,22000.0,264500,KBS
2026-04-07 07:00:00,22500.0,22500.0,21800.0,22000.0,169400,KBS
2026-04-08 07:00:00,22500.0,23200.0,22500.0,23000.0,340000,KBS
2026-04-09 07:00:00,23200.0,24100.0,22600.0,23400.0,552400,KBS
2026-04-10 07:00:00,23500.0,24500.0,23400.0,23800.0,620600,KBS
2026-04-13 07:00:00,23800.0,24500.0,23600.0,23900.0,364400,KBS
2026-04-14 07:00:00,23900.0,24200.0,23400.0,23700.0,308400,KBS
2026-04-15 07:00:00,24000.0,24100.0,23500.0,23500.0,349500,KBS
2026-04-16 07:00:00,23500.0,23700.0,23200.0,23200.0,210700,KBS
2026-04-17 07:00:00,23200.0,23700.0,23200.0,23300.0,288000,KBS
2026-04-20 07:00:00,23300.0,23800.0,23300.0,23400.0,161000,KBS
2026-04-21 07:00:00,23400.0,23600.0,23100.0,23100.0,245300,KBS
2026-04-22 07:00:00,23200.0,23300.0,22500.0,22500.0,394700,KBS
2026-04-23 07:00:00,22600.0,23000.0,21900.0,22500.0,303600,KBS
2026-04-24 07:00:00,22500.0,23000.0,22400.0,22400.0,163000,KBS
2026-04-28 07:00:00,22600.0,22600.0,21800.0,21800.0,246400,KBS
2026-04-29 07:00:00,21800.0,22100.0,21300.0,21900.0,241800,KBS
2026-05-04 07:00:00,23000.0,23000.0,21800.0,22100.0,144800,KBS
2026-05-05 07:00:00,22100.0,22500.0,22100.0,22500.0,454200,KBS
2026-05-06 07:00:00,22500.0,22500.0,22200.0,22400.0,181500,KBS
2026-05-07 07:00:00,22400.0,22600.0,21900.0,22000.0,291700,KBS
2026-05-08 07:00:00,22000.0,22100.0,21200.0,21200.0,397700,KBS
2026-05-11 07:00:00,21200.0,21600.0,20800.0,21300.0,191400,KBS
2026-05-12 07:00:00,21300.0,21500.0,21200.0,21300.0,117800,KBS
2026-05-13 07:00:00,21300.0,23000.0,21300.0,22400.0,450700,KBS
2026-05-14 07:00:00,22500.0,22800.0,21800.0,22000.0,232600,KBS
2026-05-15 07:00:00,21800.0,22500.0,21600.0,22400.0,320400,KBS
2026-05-18 07:00:00,22400.0,24500.0,22400.0,24400.0,1598900,KBS
2026-05-19 07:00:00,24600.0,25300.0,23100.0,23100.0,723800,KBS
2026-05-20 07:00:00,23500.0,23500.0,20900.0,23200.0,643900,KBS
2026-05-21 07:00:00,23200.0,23200.0,22200.0,22500.0,153500,KBS
2026-05-22 07:00:00,22500.0,22800.0,21300.0,22100.0,193400,KBS
2026-05-25 07:00:00,22800.0,23000.0,21600.0,21800.0,154600,KBS
2026-05-26 07:00:00,22000.0,22200.0,21400.0,21600.0,190200,KBS
2026-05-27 07:00:00,21600.0,22000.0,21500.0,21600.0,191500,KBS
2026-05-28 07:00:00,21600.0,22200.0,21600.0,21600.0,163700,KBS
2026-05-29 07:00:00,21600.0,22000.0,21400.0,21800.0,113500,KBS
2026-06-01 07:00:00,21800.0,22000.0,21500.0,21900.0,120500,KBS
2026-06-02 07:00:00,21900.0,22000.0,21300.0,21500.0,178600,KBS
2026-06-03 07:00:00,20100.0,21600.0,20100.0,21200.0,134200,KBS
2026-06-04 07:00:00,21500.0,22500.0,21300.0,21400.0,146200,KBS
2026-06-05 07:00:00,21600.0,21700.0,21400.0,21600.0,93800,KBS
