date,open,high,low,close,volume,_source
2020-01-02 07:00:00,44925.0,45725.0,44364.0,45245.0,380760,KBS
2020-01-03 07:00:00,45325.0,46526.0,45325.0,45725.0,586600,KBS
2020-01-06 07:00:00,46446.0,46446.0,45725.0,45885.0,497990,KBS
2020-01-07 07:00:00,46046.0,46046.0,45165.0,45245.0,290780,KBS
2020-01-08 07:00:00,45645.0,45645.0,44524.0,44604.0,237220,KBS
2020-01-09 07:00:00,44604.0,45085.0,44604.0,45005.0,128140,KBS
2020-01-10 07:00:00,45005.0,45245.0,44604.0,44604.0,135340,KBS
2020-01-13 07:00:00,44604.0,45005.0,44524.0,44764.0,166780,KBS
2020-01-14 07:00:00,44684.0,44684.0,44204.0,44444.0,94530,KBS
2020-01-15 07:00:00,44444.0,44444.0,43803.0,44364.0,176290,KBS
2020-01-16 07:00:00,44444.0,44925.0,44204.0,44604.0,176180,KBS
2020-01-17 07:00:00,44844.0,45485.0,44844.0,45005.0,128190,KBS
2020-01-20 07:00:00,45005.0,45165.0,44604.0,44844.0,265570,KBS
2020-01-21 07:00:00,45165.0,45645.0,45085.0,45565.0,605240,KBS
2020-01-22 07:00:00,45565.0,46206.0,45565.0,45885.0,392620,KBS
2020-01-30 07:00:00,44844.0,45485.0,44364.0,44364.0,314560,KBS
2020-01-31 07:00:00,44604.0,44604.0,42442.0,42442.0,672920,KBS
2020-02-03 07:00:00,39679.0,41161.0,39479.0,40840.0,594560,KBS
2020-02-04 07:00:00,41481.0,41641.0,40040.0,40600.0,578180,KBS
2020-02-05 07:00:00,40680.0,41641.0,40680.0,41241.0,186410,KBS
2020-02-06 07:00:00,41241.0,41882.0,41001.0,41641.0,547380,KBS
2020-02-07 07:00:00,41882.0,42042.0,41401.0,41481.0,345610,KBS
2020-02-10 07:00:00,41081.0,41481.0,40600.0,41321.0,357180,KBS
2020-02-11 07:00:00,41321.0,42282.0,41241.0,42282.0,427820,KBS
2020-02-12 07:00:00,42282.0,42522.0,42282.0,42362.0,637550,KBS
2020-02-13 07:00:00,42282.0,43083.0,42282.0,42682.0,506100,KBS
2020-02-14 07:00:00,42682.0,43003.0,42602.0,42682.0,612290,KBS
2020-02-17 07:00:00,42682.0,42762.0,42202.0,42522.0,371440,KBS
2020-02-18 07:00:00,42442.0,42442.0,42122.0,42282.0,254370,KBS
2020-02-19 07:00:00,42362.0,42682.0,42282.0,42362.0,337410,KBS
2020-02-20 07:00:00,42682.0,42842.0,42522.0,42602.0,292760,KBS
2020-02-21 07:00:00,42762.0,42762.0,42282.0,42282.0,288010,KBS
2020-02-24 07:00:00,41241.0,41641.0,40280.0,40520.0,441450,KBS
2020-02-25 07:00:00,40360.0,40840.0,40120.0,40680.0,282590,KBS
2020-02-26 07:00:00,40600.0,40600.0,40120.0,40120.0,290260,KBS
2020-02-27 07:00:00,40120.0,41001.0,40120.0,41001.0,238530,KBS
2020-02-28 07:00:00,40200.0,41721.0,40200.0,41321.0,290640,KBS
2020-03-02 07:00:00,41321.0,41321.0,40680.0,40680.0,135280,KBS
2020-03-03 07:00:00,40840.0,41241.0,40280.0,40280.0,241940,KBS
2020-03-04 07:00:00,40280.0,40520.0,40200.0,40280.0,149030,KBS
2020-03-05 07:00:00,40600.0,40680.0,40280.0,40280.0,165440,KBS
2020-03-06 07:00:00,40200.0,40200.0,39719.0,39799.0,167080,KBS
2020-03-09 07:00:00,37037.0,38438.0,37037.0,37037.0,262470,KBS
2020-03-10 07:00:00,34474.0,36036.0,34474.0,35075.0,518640,KBS
2020-03-11 07:00:00,35876.0,35876.0,32632.0,32752.0,385470,KBS
2020-03-12 07:00:00,32032.0,32032.0,30470.0,30470.0,465400,KBS
2020-03-13 07:00:00,28348.0,30430.0,28348.0,28949.0,845640,KBS
2020-03-16 07:00:00,29069.0,30590.0,29069.0,29469.0,632180,KBS
2020-03-17 07:00:00,29629.0,31511.0,29229.0,31511.0,535980,KBS
2020-03-18 07:00:00,32752.0,33713.0,32032.0,33713.0,880510,KBS
2020-03-19 07:00:00,33393.0,33473.0,32112.0,32112.0,510280,KBS
2020-03-20 07:00:00,32833.0,33233.0,32112.0,32512.0,381290,KBS
2020-03-23 07:00:00,31311.0,31711.0,30270.0,30270.0,585750,KBS
2020-03-24 07:00:00,30270.0,30350.0,28348.0,30030.0,1147220,KBS
2020-03-25 07:00:00,30831.0,32112.0,30831.0,32112.0,469810,KBS
2020-03-26 07:00:00,32032.0,32833.0,31231.0,31591.0,418920,KBS
2020-03-27 07:00:00,31231.0,31711.0,30510.0,31631.0,713230,KBS
2020-03-30 07:00:00,29607.0,31589.0,29607.0,30197.0,728950,KBS
2020-03-31 07:00:00,30366.0,31589.0,29944.0,30788.0,383160,KBS
2020-04-01 07:00:00,30788.0,32897.0,30366.0,32812.0,595360,KBS
2020-04-03 07:00:00,33909.0,34078.0,33150.0,33656.0,851510,KBS
2020-04-06 07:00:00,34415.0,34626.0,33656.0,33824.0,1924660,KBS
2020-04-07 07:00:00,32981.0,33234.0,32137.0,32770.0,1194700,KBS
2020-04-08 07:00:00,32391.0,32728.0,32053.0,32391.0,941540,KBS
2020-04-09 07:00:00,32897.0,34584.0,32897.0,33740.0,1936030,KBS
2020-04-10 07:00:00,33824.0,35005.0,33403.0,34373.0,1638300,KBS
2020-04-13 07:00:00,34499.0,34921.0,34035.0,34035.0,1328310,KBS
2020-04-14 07:00:00,34035.0,34035.0,32897.0,33403.0,1122090,KBS
2020-04-15 07:00:00,33403.0,34120.0,33023.0,33656.0,1210150,KBS
2020-04-16 07:00:00,33740.0,34921.0,33614.0,34584.0,1953570,KBS
2020-04-17 07:00:00,35090.0,35132.0,34541.0,34921.0,1594470,KBS
2020-04-20 07:00:00,34921.0,37198.0,34921.0,37030.0,2466850,KBS
2020-04-21 07:00:00,35005.0,36186.0,34457.0,34457.0,2649020,KBS
2020-04-22 07:00:00,32897.0,34415.0,32728.0,34331.0,1125610,KBS
2020-04-23 07:00:00,35090.0,35090.0,34162.0,34331.0,1233190,KBS
2020-04-24 07:00:00,34584.0,35005.0,34246.0,34879.0,1094050,KBS
2020-04-27 07:00:00,34879.0,34879.0,33867.0,33909.0,1102230,KBS
2020-04-28 07:00:00,33909.0,34162.0,32939.0,33487.0,1226410,KBS
2020-04-29 07:00:00,33993.0,34246.0,33487.0,33993.0,707440,KBS
2020-05-04 07:00:00,34879.0,34879.0,33740.0,33824.0,883050,KBS
2020-05-05 07:00:00,33318.0,34288.0,33318.0,34078.0,545090,KBS
2020-05-06 07:00:00,34752.0,35680.0,34499.0,35385.0,1700870,KBS
2020-05-07 07:00:00,35427.0,35765.0,35090.0,35469.0,1269830,KBS
2020-05-08 07:00:00,35596.0,37915.0,35596.0,36945.0,2375610,KBS
2020-05-11 07:00:00,37367.0,37536.0,36819.0,37367.0,1344010,KBS
2020-05-12 07:00:00,37367.0,38801.0,36608.0,38422.0,1799500,KBS
2020-05-13 07:00:00,38422.0,39223.0,37620.0,38506.0,1755200,KBS
2020-05-14 07:00:00,38464.0,38632.0,37831.0,38464.0,995730,KBS
2020-05-15 07:00:00,38717.0,38759.0,37536.0,37536.0,1240110,KBS
2020-05-18 07:00:00,37536.0,38379.0,37536.0,38253.0,851610,KBS
2020-05-19 07:00:00,40066.0,40066.0,39054.0,39476.0,1378600,KBS
2020-05-20 07:00:00,38885.0,39518.0,38885.0,39518.0,738990,KBS
2020-05-21 07:00:00,39645.0,40066.0,39223.0,39645.0,1019750,KBS
2020-05-22 07:00:00,39560.0,39560.0,38970.0,39139.0,795930,KBS
2020-05-25 07:00:00,39139.0,39476.0,38379.0,39096.0,625220,KBS
2020-05-26 07:00:00,39645.0,39645.0,39139.0,39560.0,626270,KBS
2020-05-27 07:00:00,39645.0,40193.0,39560.0,39560.0,958690,KBS
2020-05-28 07:00:00,39560.0,39645.0,39265.0,39476.0,458950,KBS
2020-05-29 07:00:00,39476.0,39518.0,38843.0,38928.0,806010,KBS
2020-06-01 07:00:00,38928.0,39392.0,38928.0,39054.0,817190,KBS
2020-06-02 07:00:00,39476.0,39729.0,38928.0,39139.0,1306180,KBS
2020-06-03 07:00:00,39560.0,39645.0,39223.0,39392.0,508870,KBS
2020-06-04 07:00:00,39645.0,39982.0,39560.0,39771.0,868580,KBS
2020-06-05 07:00:00,39813.0,39813.0,38295.0,39645.0,586880,KBS
2020-06-08 07:00:00,39982.0,40572.0,39898.0,40488.0,1541960,KBS
2020-06-09 07:00:00,40488.0,40572.0,39982.0,40151.0,670760,KBS
2020-06-10 07:00:00,40151.0,40235.0,39307.0,40235.0,690860,KBS
2020-06-11 07:00:00,40488.0,40488.0,37452.0,37452.0,997810,KBS
2020-06-12 07:00:00,36186.0,38126.0,36186.0,38126.0,1063220,KBS
2020-06-15 07:00:00,38379.0,38379.0,36945.0,37114.0,638070,KBS
2020-06-16 07:00:00,37198.0,38126.0,37198.0,37367.0,1056690,KBS
2020-06-17 07:00:00,37367.0,38675.0,37367.0,38590.0,2149680,KBS
2020-06-18 07:00:00,38464.0,39813.0,38464.0,39392.0,1266690,KBS
2020-06-19 07:00:00,39813.0,39813.0,38717.0,38801.0,1795970,KBS
2020-06-22 07:00:00,38801.0,39054.0,38042.0,38801.0,1997120,KBS
2020-06-23 07:00:00,38717.0,39223.0,38042.0,39012.0,2106770,KBS
2020-06-24 07:00:00,39012.0,39012.0,38295.0,38717.0,1882350,KBS
2020-06-25 07:00:00,38295.0,38717.0,37789.0,38675.0,1579880,KBS
2020-06-26 07:00:00,38801.0,38970.0,38211.0,38632.0,1794130,KBS
2020-06-29 07:00:00,38506.0,38506.0,37325.0,37536.0,2141710,KBS
2020-06-30 07:00:00,37536.0,38126.0,37114.0,37536.0,1473030,KBS
2020-07-01 07:00:00,37620.0,38126.0,37114.0,38042.0,1510610,KBS
2020-07-02 07:00:00,38295.0,38464.0,37494.0,38379.0,1347150,KBS
2020-07-03 07:00:00,38379.0,38970.0,38126.0,38759.0,599290,KBS
2020-07-06 07:00:00,38759.0,39223.0,38590.0,39139.0,810350,KBS
2020-07-07 07:00:00,39476.0,39476.0,38801.0,39223.0,583010,KBS
2020-07-08 07:00:00,39223.0,39223.0,38801.0,39223.0,467240,KBS
2020-07-09 07:00:00,39223.0,39392.0,38970.0,39265.0,678930,KBS
2020-07-10 07:00:00,39139.0,39223.0,38928.0,39096.0,340000,KBS
2020-07-13 07:00:00,39054.0,39223.0,39012.0,39139.0,580920,KBS
2020-07-14 07:00:00,39054.0,39139.0,38590.0,39139.0,425960,KBS
2020-07-15 07:00:00,39223.0,39307.0,39012.0,39181.0,468770,KBS
2020-07-16 07:00:00,39307.0,39898.0,39307.0,39518.0,878460,KBS
2020-07-17 07:00:00,39518.0,40741.0,39476.0,40066.0,1335770,KBS
2020-07-20 07:00:00,39729.0,39856.0,39096.0,39139.0,574960,KBS
2020-07-21 07:00:00,39181.0,39223.0,38422.0,38717.0,439810,KBS
2020-07-22 07:00:00,39139.0,39139.0,37958.0,38211.0,720410,KBS
2020-07-23 07:00:00,38211.0,38928.0,38000.0,38801.0,368860,KBS
2020-07-24 07:00:00,38632.0,38801.0,37072.0,38295.0,876920,KBS
2020-07-27 07:00:00,35849.0,37030.0,35638.0,35638.0,1119400,KBS
2020-07-28 07:00:00,35680.0,37958.0,35511.0,36777.0,552420,KBS
2020-07-29 07:00:00,36271.0,36692.0,34626.0,35048.0,399820,KBS
2020-07-30 07:00:00,35427.0,35849.0,35258.0,35596.0,173730,KBS
2020-07-31 07:00:00,35258.0,35933.0,34584.0,35596.0,359580,KBS
2020-08-03 07:00:00,35427.0,37241.0,35427.0,36903.0,528550,KBS
2020-08-04 07:00:00,36903.0,37536.0,36355.0,37536.0,382000,KBS
2020-08-05 07:00:00,37283.0,37789.0,37198.0,37494.0,234150,KBS
2020-08-06 07:00:00,37452.0,37789.0,37156.0,37620.0,432920,KBS
2020-08-07 07:00:00,37620.0,37705.0,37367.0,37620.0,221640,KBS
2020-08-10 07:00:00,37620.0,38295.0,37620.0,38126.0,310330,KBS
2020-08-11 07:00:00,38126.0,38590.0,38084.0,38548.0,549990,KBS
2020-08-12 07:00:00,38548.0,39223.0,38548.0,39223.0,660600,KBS
2020-08-13 07:00:00,39223.0,39645.0,39096.0,39307.0,380300,KBS
2020-08-14 07:00:00,38970.0,39349.0,38928.0,39307.0,509440,KBS
2020-08-17 07:00:00,39012.0,39223.0,38759.0,38970.0,225870,KBS
2020-08-18 07:00:00,39012.0,39012.0,38759.0,38843.0,88390,KBS
2020-08-19 07:00:00,38843.0,39645.0,38717.0,39645.0,562910,KBS
2020-08-20 07:00:00,39645.0,39771.0,39054.0,39096.0,429540,KBS
2020-08-21 07:00:00,39096.0,39518.0,39096.0,39265.0,548520,KBS
2020-08-24 07:00:00,39560.0,40994.0,39560.0,40910.0,1037310,KBS
2020-08-25 07:00:00,41332.0,42597.0,41332.0,42513.0,1227490,KBS
2020-08-26 07:00:00,42513.0,43440.0,42513.0,43356.0,1298440,KBS
2020-08-27 07:00:00,43356.0,44706.0,43356.0,44537.0,3326890,KBS
2020-08-28 07:00:00,44537.0,44706.0,43862.0,44115.0,3804130,KBS
2020-08-31 07:00:00,43947.0,44790.0,43862.0,44284.0,3631670,KBS
2020-09-01 07:00:00,44706.0,44706.0,43947.0,44621.0,2076920,KBS
2020-09-03 07:00:00,44965.0,45223.0,44191.0,44793.0,2055830,KBS
2020-09-04 07:00:00,43848.0,44793.0,43590.0,44363.0,2920060,KBS
2020-09-07 07:00:00,44277.0,44621.0,43676.0,43933.0,2220460,KBS
2020-09-08 07:00:00,44277.0,44535.0,43676.0,44019.0,1444420,KBS
2020-09-09 07:00:00,43676.0,43848.0,43418.0,43762.0,1610170,KBS
2020-09-10 07:00:00,43933.0,44019.0,42988.0,43074.0,1510640,KBS
2020-09-11 07:00:00,43074.0,43246.0,42730.0,42730.0,1431590,KBS
2020-09-14 07:00:00,42902.0,42988.0,42687.0,42816.0,1309320,KBS
2020-09-15 07:00:00,42816.0,42902.0,42128.0,42558.0,1658590,KBS
2020-09-16 07:00:00,42730.0,43676.0,42730.0,43676.0,221840,KBS
2020-09-17 07:00:00,43848.0,43933.0,42859.0,42988.0,210810,KBS
2020-09-18 07:00:00,42988.0,43504.0,42988.0,43332.0,518560,KBS
2020-09-21 07:00:00,43762.0,43762.0,43246.0,43590.0,473020,KBS
2020-09-22 07:00:00,43590.0,43590.0,43160.0,43332.0,170700,KBS
2020-09-23 07:00:00,43332.0,44449.0,43160.0,44363.0,583370,KBS
2020-09-24 07:00:00,44449.0,44535.0,43848.0,44449.0,273970,KBS
2020-09-25 07:00:00,44277.0,44449.0,43762.0,44363.0,178820,KBS
2020-09-28 07:00:00,44449.0,44449.0,43848.0,44105.0,177110,KBS
2020-09-29 07:00:00,44019.0,44363.0,43504.0,43504.0,244710,KBS
2020-09-30 07:00:00,43504.0,43676.0,42988.0,43246.0,178430,KBS
2020-10-01 07:00:00,43848.0,43848.0,43418.0,43676.0,145990,KBS
2020-10-02 07:00:00,43504.0,43676.0,43160.0,43504.0,232550,KBS
2020-10-05 07:00:00,43504.0,43590.0,43160.0,43160.0,256340,KBS
2020-10-06 07:00:00,43676.0,43676.0,43074.0,43160.0,245460,KBS
2020-10-07 07:00:00,42988.0,43246.0,42902.0,42902.0,485060,KBS
2020-10-08 07:00:00,42988.0,43160.0,42816.0,42816.0,137770,KBS
2020-10-09 07:00:00,42816.0,43160.0,42773.0,42773.0,218150,KBS
2020-10-12 07:00:00,42816.0,42988.0,42343.0,42429.0,282010,KBS
2020-10-13 07:00:00,42386.0,42902.0,42343.0,42429.0,167150,KBS
2020-10-14 07:00:00,42429.0,42558.0,42300.0,42558.0,678810,KBS
2020-10-15 07:00:00,42902.0,43504.0,42816.0,42816.0,460270,KBS
2020-10-16 07:00:00,42644.0,43160.0,42644.0,42945.0,251320,KBS
2020-10-19 07:00:00,42988.0,42988.0,42386.0,42429.0,678150,KBS
2020-10-20 07:00:00,42128.0,42558.0,41827.0,42214.0,571730,KBS
2020-10-21 07:00:00,42214.0,42558.0,41870.0,42042.0,287910,KBS
2020-10-22 07:00:00,42128.0,42472.0,41741.0,42472.0,179460,KBS
2020-10-23 07:00:00,42730.0,42730.0,42214.0,42558.0,238360,KBS
2020-10-26 07:00:00,42558.0,42988.0,42300.0,42988.0,266000,KBS
2020-10-27 07:00:00,42558.0,42988.0,42386.0,42472.0,163610,KBS
2020-10-28 07:00:00,41956.0,42300.0,40838.0,40838.0,247080,KBS
2020-10-29 07:00:00,40666.0,41698.0,40580.0,41440.0,211090,KBS
2020-10-30 07:00:00,41440.0,42128.0,40494.0,42128.0,523960,KBS
2020-11-02 07:00:00,41698.0,41870.0,41483.0,41569.0,122440,KBS
2020-11-03 07:00:00,41870.0,41956.0,41526.0,41526.0,80450,KBS
2020-11-04 07:00:00,41612.0,42257.0,41612.0,41956.0,199140,KBS
2020-11-05 07:00:00,42042.0,42257.0,41870.0,41870.0,255810,KBS
2020-11-06 07:00:00,41913.0,41956.0,41268.0,41526.0,147850,KBS
2020-11-09 07:00:00,41526.0,41870.0,41526.0,41698.0,266160,KBS
2020-11-10 07:00:00,42902.0,42902.0,38818.0,41999.0,1107700,KBS
2020-11-11 07:00:00,42128.0,42644.0,41569.0,41999.0,512860,KBS
2020-11-12 07:00:00,41999.0,42214.0,41655.0,41784.0,356940,KBS
2020-11-13 07:00:00,41526.0,41956.0,41311.0,41956.0,459050,KBS
2020-11-16 07:00:00,42128.0,42386.0,41397.0,41397.0,896740,KBS
2020-11-17 07:00:00,41612.0,41784.0,41397.0,41612.0,468290,KBS
2020-11-18 07:00:00,41784.0,41913.0,41569.0,41612.0,485750,KBS
2020-11-19 07:00:00,41870.0,44191.0,41784.0,43590.0,1877310,KBS
2020-11-20 07:00:00,43762.0,43933.0,43504.0,43504.0,705480,KBS
2020-11-23 07:00:00,43590.0,44105.0,42902.0,43590.0,776920,KBS
2020-11-24 07:00:00,43676.0,43762.0,42644.0,43160.0,886820,KBS
2020-11-25 07:00:00,43848.0,43848.0,43160.0,43332.0,694950,KBS
2020-11-26 07:00:00,43246.0,44879.0,43160.0,44191.0,1630020,KBS
2020-11-27 07:00:00,44191.0,44621.0,43762.0,44105.0,627770,KBS
2020-11-30 07:00:00,44191.0,44363.0,43676.0,43676.0,515420,KBS
2020-12-01 07:00:00,42988.0,43676.0,42558.0,43504.0,907360,KBS
2020-12-02 07:00:00,43504.0,44191.0,42988.0,43762.0,632830,KBS
2020-12-03 07:00:00,44105.0,44105.0,43246.0,43504.0,688180,KBS
2020-12-04 07:00:00,43762.0,44363.0,43504.0,43676.0,901290,KBS
2020-12-07 07:00:00,44191.0,44191.0,43848.0,44105.0,534840,KBS
2020-12-08 07:00:00,44105.0,44191.0,43504.0,43590.0,768990,KBS
2020-12-09 07:00:00,43762.0,45567.0,43590.0,44965.0,1540750,KBS
2020-12-10 07:00:00,44965.0,45567.0,44363.0,44363.0,906890,KBS
2020-12-11 07:00:00,45137.0,45567.0,44449.0,45567.0,1131390,KBS
2020-12-14 07:00:00,45825.0,46857.0,45739.0,46857.0,1162870,KBS
2020-12-15 07:00:00,46427.0,47287.0,45997.0,46341.0,1249090,KBS
2020-12-16 07:00:00,46255.0,46427.0,45997.0,46169.0,651030,KBS
2020-12-17 07:00:00,45911.0,46169.0,44535.0,44965.0,1365140,KBS
2020-12-18 07:00:00,44965.0,46255.0,44965.0,46255.0,839990,KBS
2020-12-21 07:00:00,46427.0,46513.0,45739.0,46427.0,838750,KBS
2020-12-22 07:00:00,45739.0,46255.0,45567.0,45739.0,640360,KBS
2020-12-23 07:00:00,45653.0,46685.0,45653.0,45653.0,866960,KBS
2020-12-24 07:00:00,45911.0,46255.0,42558.0,45309.0,833500,KBS
2020-12-25 07:00:00,45395.0,45739.0,44707.0,45653.0,394190,KBS
2020-12-28 07:00:00,46255.0,47630.0,45653.0,47115.0,1758050,KBS
2020-12-29 07:00:00,47287.0,47888.0,46513.0,47029.0,1165010,KBS
2020-12-30 07:00:00,47201.0,47716.0,46857.0,47201.0,456950,KBS
2020-12-31 07:00:00,46943.0,47287.0,46857.0,46943.0,566460,KBS
2021-01-04 07:00:00,47287.0,48060.0,46943.0,47201.0,1330000,KBS
2021-01-05 07:00:00,47287.0,47802.0,46943.0,47373.0,746800,KBS
2021-01-06 07:00:00,48060.0,48748.0,47458.0,47544.0,691800,KBS
2021-01-07 07:00:00,47716.0,48404.0,47458.0,47802.0,755500,KBS
2021-01-08 07:00:00,48232.0,49608.0,47974.0,48318.0,1314800,KBS
2021-01-11 07:00:00,49780.0,50296.0,48920.0,49264.0,1140700,KBS
2021-01-12 07:00:00,49350.0,49780.0,48834.0,49264.0,656300,KBS
2021-01-13 07:00:00,49780.0,49866.0,48920.0,49006.0,792700,KBS
2021-01-14 07:00:00,48662.0,49178.0,48146.0,48318.0,1187700,KBS
2021-01-15 07:00:00,48318.0,48662.0,47544.0,48146.0,1236000,KBS
2021-01-18 07:00:00,48146.0,49178.0,47716.0,48232.0,1240800,KBS
2021-01-19 07:00:00,48576.0,48576.0,45137.0,45567.0,805900,KBS
2021-01-20 07:00:00,45739.0,46427.0,44707.0,45825.0,1368100,KBS
2021-01-21 07:00:00,46685.0,47287.0,45997.0,47201.0,961300,KBS
2021-01-22 07:00:00,47287.0,47974.0,46685.0,46685.0,990800,KBS
2021-01-25 07:00:00,47115.0,47115.0,46341.0,46341.0,906400,KBS
2021-01-26 07:00:00,46341.0,46857.0,44793.0,45223.0,1198900,KBS
2021-01-27 07:00:00,45223.0,45481.0,43504.0,43590.0,1168700,KBS
2021-01-28 07:00:00,41870.0,42816.0,40580.0,40580.0,1593800,KBS
2021-01-29 07:00:00,39119.0,43418.0,39119.0,42128.0,734900,KBS
2021-02-01 07:00:00,42128.0,42988.0,41354.0,41698.0,693200,KBS
2021-02-02 07:00:00,41698.0,43074.0,41440.0,42730.0,1078600,KBS
2021-02-03 07:00:00,42902.0,44019.0,42902.0,43418.0,707800,KBS
2021-02-04 07:00:00,43848.0,44105.0,43246.0,44105.0,364700,KBS
2021-02-05 07:00:00,44105.0,44879.0,44105.0,44879.0,570400,KBS
2021-02-08 07:00:00,45395.0,46427.0,43074.0,44707.0,2088700,KBS
2021-02-09 07:00:00,44277.0,45653.0,43676.0,45567.0,1327100,KBS
2021-02-17 07:00:00,46685.0,47974.0,45653.0,47888.0,1271200,KBS
2021-02-18 07:00:00,48060.0,48404.0,47716.0,48232.0,1304600,KBS
2021-02-19 07:00:00,47802.0,48404.0,47458.0,48318.0,1466000,KBS
2021-02-22 07:00:00,48318.0,49866.0,48232.0,49178.0,2133700,KBS
2021-02-23 07:00:00,49780.0,49780.0,48404.0,48834.0,1314000,KBS
2021-02-24 07:00:00,49866.0,49866.0,48404.0,49264.0,1965900,KBS
2021-02-25 07:00:00,49866.0,50726.0,49264.0,50210.0,2473000,KBS
2021-02-26 07:00:00,49006.0,50038.0,49006.0,50038.0,1319300,KBS
2021-03-01 07:00:00,50124.0,50812.0,50038.0,50726.0,5292000,KBS
2021-03-02 07:00:00,51155.0,51241.0,50296.0,50382.0,3858000,KBS
2021-03-03 07:00:00,50382.0,50468.0,49952.0,50296.0,4286300,KBS
2021-03-04 07:00:00,50296.0,50640.0,48146.0,49694.0,4348500,KBS
2021-03-05 07:00:00,49952.0,50296.0,49436.0,49866.0,4894700,KBS
2021-03-08 07:00:00,50897.0,50897.0,49780.0,50210.0,3852200,KBS
2021-03-09 07:00:00,49866.0,49866.0,48576.0,48662.0,4097200,KBS
2021-03-10 07:00:00,48576.0,48662.0,47802.0,47974.0,4298000,KBS
2021-03-11 07:00:00,48232.0,49006.0,47544.0,47802.0,2905500,KBS
2021-03-12 07:00:00,48318.0,48576.0,47802.0,47802.0,2127200,KBS
2021-03-15 07:00:00,47458.0,49866.0,47458.0,49092.0,4551600,KBS
2021-03-16 07:00:00,49006.0,49866.0,48318.0,49694.0,4964600,KBS
2021-03-17 07:00:00,49178.0,49780.0,49178.0,49694.0,4739600,KBS
2021-03-18 07:00:00,49694.0,49780.0,49436.0,49608.0,3442900,KBS
2021-03-19 07:00:00,48748.0,49006.0,47802.0,48404.0,4493400,KBS
2021-03-22 07:00:00,48404.0,48834.0,48146.0,48146.0,963700,KBS
2021-03-23 07:00:00,48146.0,49522.0,47974.0,49178.0,1753800,KBS
2021-03-24 07:00:00,48834.0,48834.0,48146.0,48404.0,1694900,KBS
2021-03-25 07:00:00,48232.0,48576.0,47974.0,48318.0,889500,KBS
2021-03-26 07:00:00,48060.0,48146.0,45567.0,48060.0,1148200,KBS
2021-03-29 07:00:00,48576.0,48662.0,47802.0,47802.0,662600,KBS
2021-03-30 07:00:00,47802.0,48232.0,47630.0,47716.0,969300,KBS
2021-03-31 07:00:00,47716.0,48748.0,47373.0,47373.0,935900,KBS
2021-04-01 07:00:00,47373.0,48490.0,47373.0,48404.0,679900,KBS
2021-04-02 07:00:00,48662.0,49006.0,48490.0,48576.0,1046700,KBS
2021-04-05 07:00:00,49436.0,49436.0,47802.0,48060.0,1662400,KBS
2021-04-06 07:00:00,47630.0,48146.0,47544.0,47974.0,1105900,KBS
2021-04-07 07:00:00,47716.0,47974.0,47544.0,47974.0,1256900,KBS
2021-04-08 07:00:00,48146.0,48404.0,47802.0,48060.0,740900,KBS
2021-04-09 07:00:00,48060.0,48404.0,47888.0,48060.0,749700,KBS
2021-04-12 07:00:00,47716.0,48146.0,47716.0,48060.0,1616600,KBS
2021-04-13 07:00:00,48146.0,48232.0,47201.0,47201.0,1443600,KBS
2021-04-14 07:00:00,47201.0,47716.0,46771.0,47458.0,844600,KBS
2021-04-15 07:00:00,47802.0,48318.0,46255.0,46771.0,2122700,KBS
2021-04-16 07:00:00,46943.0,46943.0,44707.0,45395.0,1472100,KBS
2021-04-19 07:00:00,45395.0,45739.0,45137.0,45137.0,1408700,KBS
2021-04-20 07:00:00,45567.0,46427.0,45137.0,45481.0,1359900,KBS
2021-04-22 07:00:00,44793.0,45481.0,43848.0,43848.0,1485700,KBS
2021-04-23 07:00:00,43848.0,44191.0,43332.0,43848.0,2184900,KBS
2021-04-26 07:00:00,44707.0,44707.0,42687.0,42945.0,1127800,KBS
2021-04-27 07:00:00,42945.0,42988.0,41784.0,41784.0,2050800,KBS
2021-04-28 07:00:00,41956.0,43160.0,41870.0,42988.0,1396000,KBS
2021-04-29 07:00:00,43418.0,43504.0,42644.0,43246.0,1037100,KBS
2021-05-04 07:00:00,42988.0,42988.0,42128.0,42687.0,1098200,KBS
2021-05-05 07:00:00,43418.0,44879.0,43160.0,43762.0,1453500,KBS
2021-05-06 07:00:00,42558.0,44535.0,42558.0,43676.0,1035200,KBS
2021-05-07 07:00:00,43504.0,43762.0,43074.0,43590.0,1861800,KBS
2021-05-10 07:00:00,43676.0,45997.0,43590.0,45825.0,2939400,KBS
2021-05-11 07:00:00,45997.0,46169.0,45567.0,45567.0,1711900,KBS
2021-05-12 07:00:00,45395.0,46083.0,45395.0,45825.0,2193100,KBS
2021-05-13 07:00:00,45911.0,46685.0,45739.0,46427.0,2040100,KBS
2021-05-14 07:00:00,46599.0,47201.0,46427.0,47115.0,2380600,KBS
2021-05-17 07:00:00,47716.0,47802.0,46341.0,46427.0,2314100,KBS
2021-05-18 07:00:00,46427.0,46771.0,45997.0,46427.0,2399700,KBS
2021-05-19 07:00:00,46857.0,47544.0,46513.0,46599.0,2808800,KBS
2021-05-20 07:00:00,46943.0,47115.0,45997.0,46771.0,1480900,KBS
2021-05-21 07:00:00,46685.0,49350.0,46255.0,49350.0,2248400,KBS
2021-05-24 07:00:00,48662.0,48662.0,47802.0,48404.0,3111800,KBS
2021-05-25 07:00:00,48404.0,48490.0,47802.0,48318.0,3987700,KBS
2021-05-26 07:00:00,48146.0,48146.0,47373.0,47544.0,4817200,KBS
2021-05-27 07:00:00,47287.0,47458.0,46255.0,46341.0,4228500,KBS
2021-05-28 07:00:00,46857.0,47287.0,46255.0,47115.0,4141900,KBS
2021-05-31 07:00:00,46599.0,47287.0,46513.0,46943.0,4350300,KBS
2021-06-01 07:00:00,47287.0,47802.0,46857.0,47029.0,2062500,KBS
2021-06-02 07:00:00,47287.0,48146.0,47029.0,47458.0,4807300,KBS
2021-06-03 07:00:00,48060.0,48060.0,47373.0,47630.0,4369300,KBS
2021-06-04 07:00:00,47630.0,49436.0,46943.0,49178.0,5913000,KBS
2021-06-07 07:00:00,49694.0,49866.0,47287.0,48662.0,6463900,KBS
2021-06-08 07:00:00,48146.0,48490.0,46943.0,47029.0,5831000,KBS
2021-06-09 07:00:00,46943.0,47201.0,45653.0,46255.0,4049700,KBS
2021-06-10 07:00:00,46169.0,46255.0,44879.0,45137.0,3102600,KBS
2021-06-11 07:00:00,45567.0,46599.0,45223.0,46427.0,5131500,KBS
2021-06-14 07:00:00,47115.0,47630.0,46513.0,47287.0,6387700,KBS
2021-06-15 07:00:00,47201.0,47716.0,46427.0,47115.0,7003300,KBS
2021-06-16 07:00:00,47373.0,48834.0,47373.0,48146.0,4148100,KBS
2021-06-17 07:00:00,47716.0,49092.0,47287.0,48748.0,3096600,KBS
2021-06-18 07:00:00,48576.0,48920.0,48318.0,48576.0,2319300,KBS
2021-06-21 07:00:00,49092.0,50812.0,48920.0,50382.0,6573200,KBS
2021-06-22 07:00:00,50983.0,51155.0,50296.0,50382.0,3673900,KBS
2021-06-23 07:00:00,50469.0,50645.0,49416.0,49592.0,2790000,KBS
2021-06-24 07:00:00,49328.0,49943.0,48802.0,49153.0,2592500,KBS
2021-06-25 07:00:00,49153.0,49943.0,48890.0,49592.0,1839500,KBS
2021-06-28 07:00:00,50469.0,50469.0,49767.0,50118.0,2439700,KBS
2021-06-29 07:00:00,49679.0,50031.0,48714.0,49328.0,2488400,KBS
2021-06-30 07:00:00,49065.0,49504.0,48100.0,48100.0,2339900,KBS
2021-07-01 07:00:00,48187.0,49153.0,47397.0,48714.0,2307300,KBS
2021-07-02 07:00:00,49328.0,49416.0,48538.0,48626.0,1266800,KBS
2021-07-05 07:00:00,48626.0,48890.0,47222.0,47836.0,2150300,KBS
2021-07-06 07:00:00,48714.0,48714.0,45379.0,45379.0,1650600,KBS
2021-07-07 07:00:00,45379.0,46695.0,44764.0,46695.0,2287100,KBS
2021-07-08 07:00:00,45730.0,46520.0,45554.0,45905.0,1593300,KBS
2021-07-09 07:00:00,45466.0,46432.0,43711.0,44589.0,2491500,KBS
2021-07-12 07:00:00,44852.0,44852.0,42394.0,43579.0,2701900,KBS
2021-07-13 07:00:00,43886.0,44940.0,43755.0,44764.0,1200100,KBS
2021-07-14 07:00:00,45027.0,45466.0,43974.0,44676.0,1160000,KBS
2021-07-15 07:00:00,44062.0,45115.0,43974.0,44676.0,1030800,KBS
2021-07-16 07:00:00,44764.0,45203.0,44676.0,44852.0,1041300,KBS
2021-07-19 07:00:00,43448.0,43974.0,42570.0,43009.0,1312400,KBS
2021-07-20 07:00:00,42833.0,43360.0,41955.0,43316.0,1878300,KBS
2021-07-21 07:00:00,43886.0,44325.0,43667.0,43886.0,1131300,KBS
2021-07-22 07:00:00,43886.0,44940.0,43886.0,44676.0,784100,KBS
2021-07-23 07:00:00,44413.0,44676.0,43974.0,44062.0,1002500,KBS
2021-07-26 07:00:00,43535.0,43886.0,43272.0,43799.0,1069300,KBS
2021-07-27 07:00:00,44325.0,44676.0,43886.0,44150.0,975000,KBS
2021-07-28 07:00:00,44062.0,44589.0,43886.0,44325.0,464600,KBS
2021-07-29 07:00:00,44325.0,44764.0,43843.0,44764.0,1719000,KBS
2021-07-30 07:00:00,44940.0,45379.0,44589.0,45027.0,1306000,KBS
2021-08-02 07:00:00,45203.0,45642.0,44852.0,45203.0,872300,KBS
2021-08-03 07:00:00,45203.0,45291.0,44676.0,44940.0,1243400,KBS
2021-08-04 07:00:00,45203.0,46432.0,44764.0,45905.0,2070900,KBS
2021-08-05 07:00:00,45993.0,46432.0,45554.0,45993.0,806900,KBS
2021-08-06 07:00:00,46344.0,46783.0,46169.0,46432.0,1720900,KBS
2021-08-09 07:00:00,46169.0,46607.0,45642.0,46432.0,1710100,KBS
2021-08-10 07:00:00,46344.0,47310.0,46081.0,47222.0,4106100,KBS
2021-08-11 07:00:00,47222.0,47485.0,46871.0,46871.0,2800700,KBS
2021-08-12 07:00:00,46520.0,47134.0,46520.0,46520.0,2153600,KBS
2021-08-13 07:00:00,46169.0,46520.0,45554.0,46432.0,2831900,KBS
2021-08-16 07:00:00,46256.0,46256.0,44764.0,45730.0,1051300,KBS
2021-08-17 07:00:00,45817.0,46081.0,45291.0,45291.0,1354100,KBS
2021-08-18 07:00:00,45291.0,45554.0,45027.0,45291.0,1016100,KBS
2021-08-19 07:00:00,45291.0,45466.0,44852.0,45203.0,1008500,KBS
2021-08-20 07:00:00,45379.0,45379.0,43448.0,43535.0,1982900,KBS
2021-08-23 07:00:00,43360.0,43799.0,42570.0,42570.0,1795400,KBS
2021-08-24 07:00:00,43009.0,43272.0,42570.0,42833.0,1279500,KBS
2021-08-25 07:00:00,43140.0,43755.0,43009.0,43491.0,1156100,KBS
2021-08-26 07:00:00,43579.0,43974.0,42745.0,42745.0,754100,KBS
2021-08-27 07:00:00,42614.0,43448.0,42614.0,43448.0,797100,KBS
2021-08-30 07:00:00,43799.0,43974.0,43360.0,43491.0,831900,KBS
2021-08-31 07:00:00,43886.0,43886.0,43448.0,43623.0,1101500,KBS
2021-09-01 07:00:00,43711.0,44852.0,43623.0,44589.0,1320900,KBS
2021-09-06 07:00:00,44940.0,45554.0,44589.0,44852.0,1375400,KBS
2021-09-07 07:00:00,44852.0,45115.0,43974.0,44238.0,1205400,KBS
2021-09-08 07:00:00,44238.0,44325.0,43272.0,43272.0,915600,KBS
2021-09-09 07:00:00,43448.0,44589.0,43448.0,44413.0,746700,KBS
2021-09-10 07:00:00,44676.0,44764.0,44325.0,44325.0,702400,KBS
2021-09-13 07:00:00,44589.0,44852.0,44150.0,44150.0,1201200,KBS
2021-09-14 07:00:00,44589.0,44589.0,43974.0,43974.0,648500,KBS
2021-09-15 07:00:00,43974.0,44676.0,43974.0,44676.0,847800,KBS
2021-09-16 07:00:00,45027.0,45466.0,44589.0,44764.0,1014800,KBS
2021-09-17 07:00:00,45027.0,45027.0,44501.0,44501.0,893600,KBS
2021-09-20 07:00:00,44501.0,45027.0,43886.0,43886.0,1142300,KBS
2021-09-21 07:00:00,43448.0,43886.0,43272.0,43535.0,981600,KBS
2021-09-22 07:00:00,43711.0,44413.0,43535.0,43974.0,553000,KBS
2021-09-23 07:00:00,44325.0,44676.0,43886.0,44062.0,919700,KBS
2021-09-24 07:00:00,44325.0,44676.0,43755.0,43886.0,951000,KBS
2021-09-27 07:00:00,44413.0,44676.0,43974.0,43974.0,1496700,KBS
2021-09-28 07:00:00,44062.0,45291.0,43974.0,44852.0,2247200,KBS
2021-09-29 07:00:00,45115.0,46081.0,44764.0,45642.0,2210600,KBS
2021-09-30 07:00:00,45905.0,45993.0,45203.0,45291.0,969100,KBS
2021-10-01 07:00:00,45027.0,45905.0,44940.0,45554.0,2380900,KBS
2021-10-04 07:00:00,46520.0,47573.0,46344.0,47222.0,3732500,KBS
2021-10-05 07:00:00,47836.0,47836.0,47046.0,47310.0,1392800,KBS
2021-10-06 07:00:00,47573.0,47836.0,46959.0,47310.0,1460000,KBS
2021-10-07 07:00:00,46959.0,47836.0,46081.0,47397.0,2783100,KBS
2021-10-08 07:00:00,47661.0,47661.0,46959.0,47310.0,975300,KBS
2021-10-11 07:00:00,48538.0,48538.0,47748.0,48187.0,1873000,KBS
2021-10-12 07:00:00,48187.0,48626.0,47573.0,48275.0,2970900,KBS
2021-10-13 07:00:00,48012.0,48363.0,47222.0,47222.0,1768800,KBS
2021-10-14 07:00:00,47310.0,47661.0,47134.0,47310.0,1634100,KBS
2021-10-15 07:00:00,47661.0,47661.0,46871.0,47046.0,1830000,KBS
2021-10-18 07:00:00,47222.0,48187.0,47134.0,47748.0,2103700,KBS
2021-10-19 07:00:00,47661.0,48363.0,47397.0,48100.0,1198600,KBS
2021-10-20 07:00:00,48187.0,48187.0,46695.0,47310.0,1183600,KBS
2021-10-21 07:00:00,47748.0,47748.0,46959.0,46959.0,1128500,KBS
2021-10-22 07:00:00,46959.0,47310.0,46256.0,46432.0,1576000,KBS
2021-10-25 07:00:00,46871.0,48100.0,46520.0,47485.0,1068200,KBS
2021-10-26 07:00:00,48100.0,48977.0,47661.0,47924.0,2374600,KBS
2021-10-27 07:00:00,48451.0,48538.0,47924.0,48538.0,2086200,KBS
2021-10-28 07:00:00,48363.0,48538.0,47924.0,48100.0,1387500,KBS
2021-10-29 07:00:00,48100.0,48363.0,47485.0,47485.0,2289600,KBS
2021-11-01 07:00:00,47310.0,48100.0,47134.0,47310.0,1823500,KBS
2021-11-02 07:00:00,47397.0,48100.0,47310.0,47661.0,1890500,KBS
2021-11-03 07:00:00,47836.0,48012.0,46520.0,46520.0,1957500,KBS
2021-11-04 07:00:00,46520.0,46959.0,46081.0,46256.0,1526500,KBS
2021-11-05 07:00:00,46432.0,48275.0,46432.0,47310.0,2295000,KBS
2021-11-08 07:00:00,47836.0,48714.0,47661.0,48012.0,2207100,KBS
2021-11-09 07:00:00,47924.0,48100.0,47573.0,47836.0,1074200,KBS
2021-11-10 07:00:00,48451.0,51172.0,48100.0,51172.0,7387900,KBS
2021-11-11 07:00:00,52752.0,53103.0,51523.0,52488.0,5714300,KBS
2021-11-12 07:00:00,52576.0,52664.0,51347.0,52664.0,2450800,KBS
2021-11-15 07:00:00,52752.0,54244.0,51962.0,52752.0,3128700,KBS
2021-11-16 07:00:00,52488.0,53015.0,51610.0,51610.0,2612300,KBS
2021-11-17 07:00:00,51435.0,54507.0,51347.0,54507.0,4711400,KBS
2021-11-18 07:00:00,54595.0,54770.0,53366.0,53541.0,2574800,KBS
2021-11-19 07:00:00,54244.0,54244.0,49943.0,52137.0,5024900,KBS
2021-11-22 07:00:00,51172.0,51698.0,48802.0,49065.0,3031200,KBS
2021-11-23 07:00:00,49065.0,50031.0,48802.0,50031.0,2507800,KBS
2021-11-24 07:00:00,50645.0,51172.0,49679.0,50031.0,2281600,KBS
2021-11-25 07:00:00,50294.0,51786.0,50031.0,50908.0,2036100,KBS
2021-11-26 07:00:00,50908.0,51347.0,49679.0,49855.0,2760500,KBS
2021-11-29 07:00:00,48626.0,48626.0,47397.0,48187.0,2717900,KBS
2021-11-30 07:00:00,48714.0,49767.0,47485.0,47485.0,2727300,KBS
2021-12-01 07:00:00,47397.0,48363.0,47397.0,47661.0,1844900,KBS
2021-12-02 07:00:00,47661.0,49065.0,47661.0,48714.0,1186100,KBS
2021-12-03 07:00:00,48714.0,48714.0,46783.0,46783.0,1645400,KBS
2021-12-06 07:00:00,46871.0,47222.0,44852.0,45379.0,2038600,KBS
2021-12-07 07:00:00,45993.0,46959.0,45730.0,46959.0,989900,KBS
2021-12-08 07:00:00,47397.0,48100.0,47134.0,47222.0,1106400,KBS
2021-12-09 07:00:00,46959.0,47748.0,46959.0,47485.0,1421300,KBS
2021-12-10 07:00:00,47222.0,47310.0,46520.0,46783.0,1440600,KBS
2021-12-13 07:00:00,46871.0,47573.0,46783.0,47134.0,1316300,KBS
2021-12-14 07:00:00,47134.0,48100.0,46959.0,47836.0,1045000,KBS
2021-12-15 07:00:00,47748.0,48890.0,47397.0,47924.0,1358400,KBS
2021-12-16 07:00:00,48100.0,48363.0,47661.0,48187.0,1206700,KBS
2021-12-17 07:00:00,48187.0,48363.0,47661.0,47661.0,1023600,KBS
2021-12-20 07:00:00,47573.0,47573.0,46169.0,46520.0,1492900,KBS
2021-12-21 07:00:00,46520.0,46871.0,46169.0,46520.0,858300,KBS
2021-12-22 07:00:00,46783.0,47222.0,46344.0,46344.0,884600,KBS
2021-12-23 07:00:00,46520.0,47222.0,45466.0,46344.0,1667200,KBS
2021-12-24 07:00:00,46871.0,47310.0,46432.0,46520.0,597000,KBS
2021-12-27 07:00:00,46783.0,47485.0,46695.0,47485.0,972100,KBS
2021-12-28 07:00:00,48012.0,48012.0,47134.0,47222.0,888300,KBS
2021-12-29 07:00:00,47310.0,47573.0,47134.0,47397.0,668600,KBS
2021-12-30 07:00:00,47748.0,48100.0,47397.0,47397.0,551000,KBS
2021-12-31 07:00:00,47485.0,47924.0,47134.0,47310.0,872900,KBS
2022-01-04 07:00:00,47748.0,49504.0,47397.0,49065.0,2734500,KBS
2022-01-05 07:00:00,49153.0,50118.0,48802.0,48890.0,1640600,KBS
2022-01-06 07:00:00,48890.0,49767.0,48451.0,48714.0,1242900,KBS
2022-01-07 07:00:00,49065.0,49767.0,48890.0,49416.0,1521100,KBS
2022-01-10 07:00:00,49767.0,49943.0,48275.0,48275.0,1504200,KBS
2022-01-11 07:00:00,48187.0,48538.0,47397.0,47485.0,1115000,KBS
2022-01-12 07:00:00,49153.0,49153.0,47134.0,48100.0,1388500,KBS
2022-01-13 07:00:00,48275.0,48714.0,47485.0,47573.0,1055200,KBS
2022-01-14 07:00:00,47397.0,48275.0,47134.0,48275.0,884000,KBS
2022-01-17 07:00:00,49153.0,49592.0,46959.0,47046.0,1814400,KBS
2022-01-18 07:00:00,46783.0,47748.0,46432.0,47397.0,1129000,KBS
2022-01-19 07:00:00,47836.0,47924.0,47134.0,47485.0,1004200,KBS
2022-01-20 07:00:00,47485.0,47836.0,46959.0,47485.0,669600,KBS
2022-01-21 07:00:00,47485.0,48451.0,46959.0,48100.0,1281700,KBS
2022-01-24 07:00:00,48100.0,48977.0,47661.0,47661.0,1088400,KBS
2022-01-25 07:00:00,47485.0,47836.0,47046.0,47748.0,977300,KBS
2022-01-26 07:00:00,48100.0,50206.0,47573.0,50031.0,4913800,KBS
2022-01-27 07:00:00,50908.0,50908.0,50031.0,50031.0,1932200,KBS
2022-01-28 07:00:00,50031.0,50469.0,48802.0,49241.0,1430900,KBS
2022-02-07 07:00:00,50206.0,52664.0,49767.0,51523.0,3957700,KBS
2022-02-08 07:00:00,50996.0,52049.0,50996.0,51610.0,1986900,KBS
2022-02-09 07:00:00,51610.0,53454.0,51084.0,52137.0,2814400,KBS
2022-02-10 07:00:00,52576.0,53278.0,52137.0,53103.0,3213700,KBS
2022-02-11 07:00:00,53366.0,53454.0,52049.0,52137.0,2724600,KBS
2022-02-14 07:00:00,52839.0,54331.0,52488.0,52839.0,3147700,KBS
2022-02-15 07:00:00,52927.0,53015.0,51172.0,51786.0,2402200,KBS
2022-02-16 07:00:00,51172.0,51874.0,50645.0,51786.0,1851300,KBS
2022-02-17 07:00:00,51523.0,53278.0,51084.0,52664.0,2257800,KBS
2022-02-18 07:00:00,52400.0,53015.0,52049.0,52488.0,1749200,KBS
2022-02-21 07:00:00,53190.0,53278.0,52488.0,52576.0,2326000,KBS
2022-02-22 07:00:00,53190.0,55736.0,52664.0,54419.0,5660600,KBS
2022-02-23 07:00:00,54946.0,56526.0,54770.0,54858.0,4311700,KBS
2022-02-24 07:00:00,54946.0,57842.0,54419.0,55648.0,5798300,KBS
2022-02-25 07:00:00,55385.0,55911.0,53980.0,54770.0,3042900,KBS
2022-02-28 07:00:00,55297.0,55736.0,54507.0,54683.0,2428900,KBS
2022-03-01 07:00:00,54770.0,55121.0,53541.0,53805.0,3577800,KBS
2022-03-02 07:00:00,55297.0,56262.0,53980.0,53980.0,5368100,KBS
2022-03-03 07:00:00,54770.0,55648.0,53893.0,55121.0,3080600,KBS
2022-03-04 07:00:00,54595.0,54770.0,53629.0,53629.0,2848300,KBS
2022-03-07 07:00:00,55121.0,56350.0,54244.0,55560.0,6674300,KBS
2022-03-08 07:00:00,54858.0,55297.0,53805.0,53805.0,2878000,KBS
2022-03-09 07:00:00,54419.0,56087.0,53805.0,55297.0,3721600,KBS
2022-03-10 07:00:00,54419.0,54419.0,53454.0,53805.0,2906400,KBS
2022-03-11 07:00:00,53805.0,54156.0,50469.0,50908.0,5639500,KBS
2022-03-14 07:00:00,50469.0,50908.0,48977.0,49065.0,3858900,KBS
2022-03-15 07:00:00,48538.0,49943.0,47836.0,49153.0,2592000,KBS
2022-03-16 07:00:00,49504.0,49592.0,48626.0,49328.0,1634500,KBS
2022-03-17 07:00:00,49504.0,49504.0,48802.0,48977.0,1490400,KBS
2022-03-18 07:00:00,49504.0,49855.0,49065.0,49065.0,1514600,KBS
2022-03-21 07:00:00,49153.0,49855.0,48890.0,49153.0,1400300,KBS
2022-03-22 07:00:00,49679.0,50382.0,49592.0,49855.0,1998000,KBS
2022-03-23 07:00:00,49855.0,50031.0,49153.0,49153.0,1522600,KBS
2022-03-24 07:00:00,49767.0,49767.0,49065.0,49153.0,1447000,KBS
2022-03-25 07:00:00,49153.0,50031.0,48890.0,49153.0,1417700,KBS
2022-03-28 07:00:00,49153.0,49855.0,48802.0,49153.0,1764000,KBS
2022-03-29 07:00:00,49065.0,49679.0,49065.0,49504.0,1594000,KBS
2022-03-30 07:00:00,49328.0,49416.0,48275.0,48275.0,2248900,KBS
2022-03-31 07:00:00,48275.0,48802.0,47748.0,48451.0,1938200,KBS
2022-04-01 07:00:00,48275.0,48802.0,47836.0,48363.0,1340600,KBS
2022-04-04 07:00:00,48626.0,49504.0,48538.0,49328.0,1692600,KBS
2022-04-05 07:00:00,49504.0,49943.0,49241.0,49241.0,926100,KBS
2022-04-06 07:00:00,48890.0,49416.0,48802.0,49153.0,1262500,KBS
2022-04-07 07:00:00,49153.0,50382.0,48977.0,49679.0,3131500,KBS
2022-04-08 07:00:00,49679.0,50294.0,49328.0,49328.0,1558900,KBS
2022-04-12 07:00:00,49328.0,49328.0,47924.0,47924.0,1465200,KBS
2022-04-13 07:00:00,48100.0,48275.0,47310.0,48012.0,1274500,KBS
2022-04-14 07:00:00,48187.0,48626.0,47748.0,48012.0,1030400,KBS
2022-04-15 07:00:00,48100.0,48890.0,47836.0,48012.0,1178200,KBS
2022-04-18 07:00:00,48012.0,48714.0,46432.0,46432.0,1985100,KBS
2022-04-19 07:00:00,46695.0,47397.0,44764.0,44764.0,1352700,KBS
2022-04-20 07:00:00,44764.0,45905.0,44589.0,45027.0,1732500,KBS
2022-04-21 07:00:00,45115.0,45379.0,43974.0,44150.0,2002500,KBS
2022-04-22 07:00:00,44325.0,44764.0,42833.0,43974.0,2090300,KBS
2022-04-25 07:00:00,44062.0,44238.0,40902.0,40902.0,2303200,KBS
2022-04-26 07:00:00,39498.0,41955.0,39147.0,41955.0,2044300,KBS
2022-04-27 07:00:00,41955.0,42394.0,41078.0,42394.0,593900,KBS
2022-04-28 07:00:00,42482.0,42482.0,41692.0,41955.0,609700,KBS
2022-04-29 07:00:00,41868.0,42570.0,41604.0,42131.0,871300,KBS
2022-05-04 07:00:00,42131.0,43272.0,42131.0,42702.0,779900,KBS
2022-05-05 07:00:00,43096.0,43448.0,41560.0,41780.0,1542400,KBS
2022-05-06 07:00:00,40814.0,41253.0,40200.0,40200.0,1026300,KBS
2022-05-09 07:00:00,40156.0,40156.0,37391.0,37391.0,2497600,KBS
2022-05-10 07:00:00,35372.0,37742.0,35372.0,37479.0,1181500,KBS
2022-05-11 07:00:00,37786.0,37786.0,36338.0,36426.0,1273100,KBS
2022-05-12 07:00:00,36426.0,37084.0,33880.0,33880.0,2073500,KBS
2022-05-13 07:00:00,33880.0,34231.0,32520.0,32783.0,2015800,KBS
2022-05-16 07:00:00,33617.0,35065.0,33617.0,34319.0,1598100,KBS
2022-05-17 07:00:00,34319.0,36689.0,34319.0,36689.0,1495800,KBS
2022-05-18 07:00:00,36952.0,36952.0,36119.0,36338.0,1216200,KBS
2022-05-19 07:00:00,35285.0,36162.0,35285.0,35548.0,1367000,KBS
2022-05-20 07:00:00,35636.0,36601.0,35504.0,35548.0,1106000,KBS
2022-05-23 07:00:00,35987.0,35987.0,35153.0,35329.0,1090900,KBS
2022-05-24 07:00:00,35548.0,35548.0,34319.0,35109.0,770900,KBS
2022-05-25 07:00:00,35636.0,36426.0,35109.0,36338.0,1234100,KBS
2022-05-26 07:00:00,36557.0,38006.0,36338.0,37347.0,1650500,KBS
2022-05-27 07:00:00,37435.0,37698.0,37303.0,37391.0,1051000,KBS
2022-05-30 07:00:00,37655.0,38269.0,37567.0,38093.0,1268600,KBS
2022-05-31 07:00:00,38006.0,39410.0,37698.0,38620.0,2119400,KBS
2022-06-01 07:00:00,38620.0,39366.0,38532.0,39059.0,1321500,KBS
2022-06-02 07:00:00,38620.0,38971.0,38181.0,38181.0,1442600,KBS
2022-06-03 07:00:00,38269.0,38883.0,37918.0,38181.0,1338800,KBS
2022-06-06 07:00:00,38796.0,39673.0,38796.0,39410.0,1695100,KBS
2022-06-07 07:00:00,39410.0,41122.0,38445.0,40990.0,1631000,KBS
2022-06-08 07:00:00,41385.0,42043.0,41078.0,41122.0,2041700,KBS
2022-06-09 07:00:00,41078.0,41385.0,40814.0,41165.0,814300,KBS
2022-06-10 07:00:00,40551.0,40990.0,39498.0,39498.0,1655600,KBS
2022-06-13 07:00:00,38093.0,39103.0,36865.0,36865.0,1678400,KBS
2022-06-14 07:00:00,36865.0,38445.0,36821.0,37830.0,1377300,KBS
2022-06-15 07:00:00,38181.0,38401.0,35987.0,35987.0,930800,KBS
2022-06-16 07:00:00,37040.0,37216.0,36689.0,36909.0,817400,KBS
2022-06-17 07:00:00,35636.0,36865.0,35636.0,36777.0,1109100,KBS
2022-06-20 07:00:00,36514.0,36514.0,34451.0,34451.0,1238300,KBS
2022-06-21 07:00:00,34451.0,35548.0,33793.0,34231.0,533000,KBS
2022-06-22 07:00:00,35460.0,35460.0,34319.0,34670.0,516600,KBS
2022-06-23 07:00:00,34670.0,36075.0,34275.0,35724.0,394200,KBS
2022-06-24 07:00:00,35855.0,36250.0,35548.0,35811.0,524800,KBS
2022-06-27 07:00:00,35987.0,36426.0,35636.0,36426.0,556400,KBS
2022-06-28 07:00:00,36514.0,37128.0,36250.0,36689.0,561600,KBS
2022-06-29 07:00:00,36250.0,36689.0,35855.0,35987.0,437200,KBS
2022-06-30 07:00:00,35899.0,36250.0,35197.0,35372.0,636800,KBS
2022-07-01 07:00:00,35109.0,35724.0,34583.0,35636.0,539300,KBS
2022-07-04 07:00:00,36075.0,36162.0,35372.0,35416.0,212300,KBS
2022-07-05 07:00:00,35811.0,35855.0,35109.0,35241.0,313200,KBS
2022-07-06 07:00:00,34407.0,35197.0,33529.0,33529.0,571200,KBS
2022-07-07 07:00:00,34934.0,34934.0,33529.0,34231.0,419400,KBS
2022-07-08 07:00:00,34583.0,34978.0,34056.0,34539.0,253600,KBS
2022-07-11 07:00:00,34626.0,35197.0,34407.0,34670.0,317000,KBS
2022-07-12 07:00:00,34758.0,35504.0,34758.0,35460.0,455900,KBS
2022-07-13 07:00:00,35329.0,35460.0,34890.0,35065.0,363900,KBS
2022-07-14 07:00:00,35021.0,35460.0,34890.0,35197.0,218100,KBS
2022-07-15 07:00:00,35241.0,35241.0,34890.0,34934.0,349400,KBS
2022-07-18 07:00:00,35460.0,35636.0,35109.0,35329.0,402900,KBS
2022-07-19 07:00:00,35504.0,36952.0,35460.0,36952.0,1069900,KBS
2022-07-20 07:00:00,37962.0,38269.0,37040.0,37611.0,914800,KBS
2022-07-21 07:00:00,37303.0,37479.0,36865.0,37172.0,396100,KBS
2022-07-22 07:00:00,36865.0,37216.0,36689.0,36689.0,471800,KBS
2022-07-25 07:00:00,36689.0,36689.0,35724.0,36075.0,470100,KBS
2022-07-26 07:00:00,36250.0,36514.0,35811.0,35855.0,247700,KBS
2022-07-27 07:00:00,35855.0,36338.0,35372.0,36250.0,350200,KBS
2022-07-28 07:00:00,36514.0,36865.0,36294.0,36426.0,694400,KBS
2022-07-29 07:00:00,36470.0,36470.0,36075.0,36075.0,443300,KBS
2022-08-01 07:00:00,35548.0,36689.0,35241.0,36689.0,1113400,KBS
2022-08-02 07:00:00,36119.0,36294.0,35943.0,35987.0,1275500,KBS
2022-08-03 07:00:00,35855.0,36382.0,35724.0,35899.0,1442600,KBS
2022-08-04 07:00:00,36206.0,37128.0,35987.0,36952.0,1511100,KBS
2022-08-05 07:00:00,36514.0,37128.0,36426.0,36557.0,1453000,KBS
2022-08-08 07:00:00,36601.0,37347.0,36601.0,37260.0,1603600,KBS
2022-08-09 07:00:00,37567.0,37962.0,36909.0,36952.0,1639000,KBS
2022-08-10 07:00:00,36909.0,36952.0,36514.0,36821.0,1192600,KBS
2022-08-11 07:00:00,37303.0,37303.0,36426.0,36733.0,1382000,KBS
2022-08-12 07:00:00,36557.0,37216.0,36557.0,36821.0,690900,KBS
2022-08-15 07:00:00,36865.0,37216.0,36645.0,36952.0,1526200,KBS
2022-08-16 07:00:00,36777.0,37962.0,36777.0,37962.0,2545400,KBS
2022-08-17 07:00:00,38181.0,38181.0,37391.0,37435.0,1560700,KBS
2022-08-18 07:00:00,37391.0,37523.0,36996.0,37216.0,1375600,KBS
2022-08-19 07:00:00,37216.0,38093.0,37128.0,37479.0,1495800,KBS
2022-08-22 07:00:00,37216.0,37918.0,37084.0,37172.0,988200,KBS
2022-08-23 07:00:00,37084.0,38708.0,36952.0,38620.0,3993800,KBS
2022-08-24 07:00:00,38796.0,38971.0,38357.0,38445.0,1409200,KBS
2022-08-25 07:00:00,38532.0,38971.0,38401.0,38532.0,946800,KBS
2022-08-26 07:00:00,38532.0,38796.0,38050.0,38181.0,1933400,KBS
2022-08-29 07:00:00,37435.0,37874.0,36601.0,37655.0,2361900,KBS
2022-08-30 07:00:00,37918.0,38181.0,37040.0,37084.0,1821500,KBS
2022-08-31 07:00:00,36865.0,37260.0,36865.0,37040.0,1095000,KBS
2022-09-05 07:00:00,36952.0,37391.0,36777.0,36777.0,1257000,KBS
2022-09-06 07:00:00,37128.0,37128.0,36426.0,36426.0,1498300,KBS
2022-09-07 07:00:00,36382.0,36382.0,35109.0,35109.0,2462800,KBS
2022-09-08 07:00:00,35285.0,35460.0,34846.0,34934.0,1169900,KBS
2022-09-09 07:00:00,35109.0,35285.0,34846.0,35285.0,650000,KBS
2022-09-12 07:00:00,35372.0,35987.0,35329.0,35329.0,467200,KBS
2022-09-13 07:00:00,35460.0,35548.0,35109.0,35197.0,538200,KBS
2022-09-14 07:00:00,34583.0,34934.0,34407.0,34583.0,1068200,KBS
2022-09-15 07:00:00,34714.0,34934.0,34495.0,34495.0,724000,KBS
2022-09-16 07:00:00,34495.0,34670.0,34231.0,34363.0,692900,KBS
2022-09-19 07:00:00,34363.0,34626.0,33266.0,33354.0,1122400,KBS
2022-09-20 07:00:00,33573.0,33617.0,32915.0,33354.0,1325700,KBS
2022-09-21 07:00:00,33310.0,33617.0,33090.0,33266.0,699500,KBS
2022-09-22 07:00:00,33003.0,33310.0,32476.0,32959.0,1460000,KBS
2022-09-23 07:00:00,32959.0,33046.0,32564.0,32652.0,1750100,KBS
2022-09-26 07:00:00,32300.0,32388.0,31335.0,31686.0,1477500,KBS
2022-09-27 07:00:00,31730.0,31993.0,30896.0,31072.0,1338700,KBS
2022-09-28 07:00:00,30589.0,31072.0,30545.0,30633.0,718100,KBS
2022-09-29 07:00:00,30896.0,31423.0,30150.0,30150.0,945300,KBS
2022-09-30 07:00:00,29579.0,29887.0,28482.0,28877.0,2003200,KBS
2022-10-03 07:00:00,28877.0,30150.0,28395.0,28395.0,1340100,KBS
2022-10-04 07:00:00,28702.0,29228.0,28087.0,28087.0,1241000,KBS
2022-10-05 07:00:00,28438.0,29228.0,28438.0,28965.0,987500,KBS
2022-10-06 07:00:00,29228.0,29404.0,28263.0,28263.0,899200,KBS
2022-10-07 07:00:00,28263.0,28702.0,27473.0,27912.0,1371800,KBS
2022-10-10 07:00:00,28087.0,29667.0,27824.0,29404.0,1485100,KBS
2022-10-11 07:00:00,29536.0,30106.0,28965.0,28965.0,1433300,KBS
2022-10-12 07:00:00,29228.0,30062.0,28790.0,29755.0,1434300,KBS
2022-10-13 07:00:00,29843.0,29843.0,29228.0,29579.0,513400,KBS
2022-10-14 07:00:00,29931.0,30062.0,29448.0,29579.0,1056100,KBS
2022-10-17 07:00:00,29492.0,29536.0,28702.0,28877.0,880400,KBS
2022-10-18 07:00:00,29053.0,29579.0,29053.0,29184.0,626300,KBS
2022-10-19 07:00:00,29667.0,29667.0,29009.0,29184.0,651300,KBS
2022-10-20 07:00:00,29492.0,29799.0,29053.0,29404.0,932400,KBS
2022-10-21 07:00:00,29579.0,29579.0,27648.0,27648.0,1845900,KBS
2022-10-24 07:00:00,27736.0,28263.0,25717.0,25717.0,1452100,KBS
2022-10-25 07:00:00,25542.0,25981.0,23962.0,24576.0,1631100,KBS
2022-10-26 07:00:00,24357.0,24971.0,24225.0,24357.0,627300,KBS
2022-10-27 07:00:00,24576.0,25630.0,24489.0,25542.0,668500,KBS
2022-10-28 07:00:00,25893.0,25981.0,25191.0,25454.0,593800,KBS
2022-10-31 07:00:00,25454.0,25454.0,24357.0,25015.0,855100,KBS
2022-11-01 07:00:00,25454.0,25893.0,25410.0,25542.0,787900,KBS
2022-11-02 07:00:00,25630.0,26069.0,25586.0,25717.0,579400,KBS
2022-11-03 07:00:00,25410.0,25937.0,25366.0,25674.0,595500,KBS
2022-11-04 07:00:00,25674.0,25674.0,25059.0,25279.0,1051200,KBS
2022-11-07 07:00:00,25454.0,25893.0,25015.0,25322.0,686300,KBS
2022-11-08 07:00:00,25191.0,25893.0,24840.0,25849.0,757800,KBS
2022-11-09 07:00:00,26352.0,26627.0,25986.0,26444.0,666500,KBS
2022-11-10 07:00:00,26078.0,26444.0,24705.0,24705.0,1090300,KBS
2022-11-11 07:00:00,25071.0,25346.0,24660.0,24888.0,528600,KBS
2022-11-14 07:00:00,24614.0,24705.0,23333.0,24248.0,793600,KBS
2022-11-15 07:00:00,23333.0,23790.0,22555.0,22555.0,1349000,KBS
2022-11-16 07:00:00,21000.0,23882.0,21000.0,23790.0,2378400,KBS
2022-11-17 07:00:00,23790.0,24202.0,23424.0,23470.0,1225600,KBS
2022-11-18 07:00:00,23424.0,23882.0,22098.0,22967.0,1124000,KBS
2022-11-21 07:00:00,22555.0,23562.0,22555.0,23150.0,781900,KBS
2022-11-22 07:00:00,23150.0,24431.0,22967.0,23973.0,1832900,KBS
2022-11-23 07:00:00,23973.0,25163.0,23973.0,24385.0,1551400,KBS
2022-11-24 07:00:00,24797.0,25300.0,24385.0,25163.0,1305800,KBS
2022-11-25 07:00:00,25254.0,25849.0,25254.0,25849.0,1244800,KBS
2022-11-28 07:00:00,25620.0,26856.0,25620.0,26856.0,1208300,KBS
2022-11-29 07:00:00,27084.0,27359.0,26307.0,27084.0,1819100,KBS
2022-11-30 07:00:00,27084.0,27222.0,26581.0,26993.0,966100,KBS
2022-12-01 07:00:00,27450.0,28365.0,27450.0,28365.0,1604800,KBS
2022-12-02 07:00:00,28274.0,28777.0,27450.0,28777.0,1048800,KBS
2022-12-05 07:00:00,28914.0,29509.0,28869.0,29326.0,888100,KBS
2022-12-06 07:00:00,29189.0,29189.0,27450.0,27633.0,1086600,KBS
2022-12-07 07:00:00,27633.0,27633.0,26627.0,26718.0,727600,KBS
2022-12-08 07:00:00,26810.0,28365.0,26810.0,27267.0,1028900,KBS
2022-12-09 07:00:00,27862.0,27862.0,27313.0,27816.0,643100,KBS
2022-12-12 07:00:00,27816.0,28823.0,27816.0,28457.0,859500,KBS
2022-12-13 07:00:00,27999.0,28914.0,27999.0,28731.0,897600,KBS
2022-12-14 07:00:00,28823.0,29006.0,28091.0,28686.0,472600,KBS
2022-12-15 07:00:00,28640.0,28731.0,28274.0,28594.0,369400,KBS
2022-12-16 07:00:00,28365.0,28548.0,27908.0,28365.0,1115600,KBS
2022-12-19 07:00:00,28365.0,28411.0,27816.0,27816.0,490800,KBS
2022-12-20 07:00:00,27816.0,27816.0,26856.0,26856.0,997800,KBS
2022-12-21 07:00:00,26901.0,27405.0,26581.0,26993.0,606600,KBS
2022-12-22 07:00:00,26901.0,28640.0,26901.0,28045.0,608700,KBS
2022-12-23 07:00:00,28091.0,28365.0,27496.0,28274.0,465800,KBS
2022-12-26 07:00:00,28548.0,28548.0,27633.0,27633.0,752600,KBS
2022-12-27 07:00:00,27176.0,28182.0,27176.0,27999.0,422800,KBS
2022-12-28 07:00:00,28274.0,29189.0,28045.0,28823.0,734700,KBS
2022-12-29 07:00:00,29189.0,29235.0,28686.0,28686.0,748400,KBS
2022-12-30 07:00:00,29189.0,29189.0,28777.0,29006.0,512600,KBS
2023-01-03 07:00:00,29143.0,30195.0,29143.0,30150.0,744300,KBS
2023-01-04 07:00:00,30104.0,32254.0,29875.0,32254.0,1544600,KBS
2023-01-05 07:00:00,32208.0,32757.0,31797.0,32757.0,970500,KBS
2023-01-06 07:00:00,32483.0,32849.0,32117.0,32117.0,901900,KBS
2023-01-09 07:00:00,31751.0,32666.0,31751.0,32483.0,544200,KBS
2023-01-10 07:00:00,32117.0,33993.0,32117.0,33718.0,965800,KBS
2023-01-11 07:00:00,33855.0,35045.0,33489.0,34084.0,1601300,KBS
2023-01-12 07:00:00,34084.0,34130.0,33489.0,33947.0,605700,KBS
2023-01-13 07:00:00,33947.0,34313.0,33398.0,33901.0,682200,KBS
2023-01-16 07:00:00,33901.0,34038.0,33398.0,33672.0,424300,KBS
2023-01-17 07:00:00,33672.0,34267.0,33535.0,34176.0,605000,KBS
2023-01-18 07:00:00,34130.0,34862.0,34130.0,34770.0,629800,KBS
2023-01-19 07:00:00,34542.0,34862.0,34404.0,34770.0,447700,KBS
2023-01-27 07:00:00,35136.0,35411.0,34770.0,34862.0,477900,KBS
2023-01-30 07:00:00,34770.0,34908.0,33901.0,33901.0,687000,KBS
2023-01-31 07:00:00,34221.0,34221.0,33489.0,33672.0,741100,KBS
2023-02-01 07:00:00,33947.0,34496.0,32940.0,33169.0,1294200,KBS
2023-02-02 07:00:00,33169.0,33581.0,33032.0,33123.0,525300,KBS
2023-02-03 07:00:00,33398.0,34130.0,33032.0,34130.0,800900,KBS
2023-02-06 07:00:00,34130.0,35503.0,33855.0,35503.0,1442200,KBS
2023-02-07 07:00:00,35686.0,36601.0,35548.0,35686.0,1467200,KBS
2023-02-08 07:00:00,35686.0,35686.0,34038.0,34038.0,730100,KBS
2023-02-09 07:00:00,34404.0,35228.0,34176.0,34679.0,454900,KBS
2023-02-10 07:00:00,34770.0,35594.0,34130.0,35045.0,852700,KBS
2023-02-13 07:00:00,34908.0,34953.0,33855.0,34679.0,463500,KBS
2023-02-14 07:00:00,34953.0,35045.0,34038.0,34770.0,210000,KBS
2023-02-15 07:00:00,34725.0,35686.0,34496.0,35457.0,680500,KBS
2023-02-16 07:00:00,35457.0,36006.0,35457.0,35686.0,716200,KBS
2023-02-17 07:00:00,35914.0,35960.0,35320.0,35320.0,416200,KBS
2023-02-20 07:00:00,35045.0,36052.0,35045.0,36052.0,696000,KBS
2023-02-21 07:00:00,36601.0,37699.0,36143.0,37150.0,1820900,KBS
2023-02-22 07:00:00,36601.0,37150.0,34953.0,34953.0,860900,KBS
2023-02-23 07:00:00,35136.0,35411.0,34313.0,35091.0,1362200,KBS
2023-02-24 07:00:00,34999.0,35228.0,34359.0,34496.0,386600,KBS
2023-02-27 07:00:00,34130.0,34313.0,33810.0,33901.0,726700,KBS
2023-02-28 07:00:00,33993.0,34587.0,33993.0,34130.0,240700,KBS
2023-03-01 07:00:00,34313.0,35594.0,34130.0,35365.0,495100,KBS
2023-03-02 07:00:00,35548.0,35869.0,32895.0,35365.0,381900,KBS
2023-03-03 07:00:00,35594.0,35640.0,34862.0,35503.0,372100,KBS
2023-03-06 07:00:00,35869.0,35960.0,35411.0,35594.0,600600,KBS
2023-03-07 07:00:00,35686.0,36097.0,35640.0,35686.0,684200,KBS
2023-03-08 07:00:00,35594.0,35960.0,35320.0,35594.0,413500,KBS
2023-03-09 07:00:00,35640.0,36418.0,35182.0,35686.0,663800,KBS
2023-03-10 07:00:00,35686.0,35686.0,34770.0,34908.0,653500,KBS
2023-03-13 07:00:00,34770.0,35045.0,34313.0,34816.0,651000,KBS
2023-03-14 07:00:00,34862.0,35136.0,33810.0,33947.0,781700,KBS
2023-03-15 07:00:00,34587.0,34587.0,33855.0,34450.0,724600,KBS
2023-03-16 07:00:00,34176.0,34176.0,33215.0,33261.0,1372800,KBS
2023-03-17 07:00:00,33398.0,33764.0,31934.0,32391.0,5502500,KBS
2023-03-20 07:00:00,32483.0,33261.0,32346.0,32391.0,1315900,KBS
2023-03-21 07:00:00,32483.0,33032.0,31614.0,31751.0,1550500,KBS
2023-03-22 07:00:00,32254.0,32254.0,31614.0,31751.0,1568000,KBS
2023-03-23 07:00:00,31614.0,32803.0,31568.0,32803.0,2018400,KBS
2023-03-24 07:00:00,32849.0,33535.0,32849.0,33261.0,1052000,KBS
2023-03-27 07:00:00,33261.0,33306.0,32666.0,32666.0,913200,KBS
2023-03-28 07:00:00,33032.0,33169.0,32666.0,32757.0,577400,KBS
2023-03-29 07:00:00,32849.0,33032.0,32666.0,32940.0,587900,KBS
2023-03-30 07:00:00,33398.0,34038.0,33306.0,33764.0,1565200,KBS
2023-03-31 07:00:00,34313.0,34770.0,34176.0,34267.0,2458700,KBS
2023-04-03 07:00:00,34816.0,34816.0,33855.0,34313.0,1452000,KBS
2023-04-04 07:00:00,34725.0,34770.0,34359.0,34725.0,1627200,KBS
2023-04-05 07:00:00,34770.0,34908.0,34542.0,34816.0,965800,KBS
2023-04-06 07:00:00,34953.0,34953.0,34176.0,34176.0,1259300,KBS
2023-04-07 07:00:00,34176.0,34862.0,34130.0,34496.0,1153500,KBS
2023-04-10 07:00:00,34679.0,34770.0,34038.0,34130.0,1303600,KBS
2023-04-11 07:00:00,34130.0,34359.0,33672.0,33810.0,793400,KBS
2023-04-12 07:00:00,33855.0,34221.0,33672.0,33855.0,561800,KBS
2023-04-13 07:00:00,34038.0,34359.0,33855.0,34038.0,580200,KBS
2023-04-14 07:00:00,34130.0,34130.0,33398.0,33398.0,587900,KBS
2023-04-17 07:00:00,33215.0,33398.0,32986.0,33032.0,607300,KBS
2023-04-18 07:00:00,33123.0,33764.0,33123.0,33672.0,492800,KBS
2023-04-19 07:00:00,33810.0,33810.0,33306.0,33306.0,324800,KBS
2023-04-20 07:00:00,33306.0,33489.0,33261.0,33352.0,407800,KBS
2023-04-21 07:00:00,33352.0,33810.0,33306.0,33627.0,573800,KBS
2023-04-24 07:00:00,33672.0,33672.0,33444.0,33627.0,361000,KBS
2023-04-25 07:00:00,33627.0,33672.0,33306.0,33306.0,338000,KBS
2023-04-26 07:00:00,33627.0,33764.0,33306.0,33764.0,489200,KBS
2023-04-27 07:00:00,33855.0,34359.0,33855.0,34267.0,853000,KBS
2023-04-28 07:00:00,34359.0,34587.0,34130.0,34267.0,350100,KBS
2023-05-04 07:00:00,34450.0,34496.0,34038.0,34267.0,662100,KBS
2023-05-05 07:00:00,34450.0,34770.0,34313.0,34587.0,1143900,KBS
2023-05-08 07:00:00,34725.0,34953.0,34587.0,34587.0,676600,KBS
2023-05-09 07:00:00,34679.0,34908.0,34587.0,34770.0,659700,KBS
2023-05-10 07:00:00,34679.0,34770.0,34313.0,34542.0,627000,KBS
2023-05-11 07:00:00,34542.0,34679.0,34404.0,34542.0,589800,KBS
2023-05-12 07:00:00,34542.0,34542.0,34221.0,34359.0,552000,KBS
2023-05-15 07:00:00,34450.0,34725.0,34313.0,34587.0,695500,KBS
2023-05-16 07:00:00,34542.0,34908.0,34542.0,34816.0,987100,KBS
2023-05-17 07:00:00,34770.0,34862.0,34313.0,34313.0,597800,KBS
2023-05-18 07:00:00,34313.0,34404.0,34084.0,34267.0,445900,KBS
2023-05-19 07:00:00,34542.0,34725.0,34267.0,34404.0,625000,KBS
2023-05-22 07:00:00,34404.0,34725.0,34404.0,34542.0,499200,KBS
2023-05-23 07:00:00,34679.0,34770.0,34267.0,34313.0,553200,KBS
2023-05-24 07:00:00,34359.0,34450.0,34130.0,34130.0,606300,KBS
2023-05-25 07:00:00,34038.0,34404.0,33855.0,34176.0,375100,KBS
2023-05-26 07:00:00,34176.0,34953.0,34176.0,34450.0,737800,KBS
2023-05-29 07:00:00,34496.0,34908.0,34496.0,34679.0,868600,KBS
2023-05-30 07:00:00,34953.0,34953.0,34633.0,34679.0,507800,KBS
2023-05-31 07:00:00,34679.0,34725.0,34267.0,34313.0,950100,KBS
2023-06-01 07:00:00,34267.0,34496.0,34267.0,34267.0,416900,KBS
2023-06-02 07:00:00,34359.0,35228.0,34313.0,34999.0,1189000,KBS
2023-06-05 07:00:00,35503.0,36097.0,35228.0,35777.0,1441700,KBS
2023-06-06 07:00:00,35777.0,36006.0,35457.0,35594.0,690200,KBS
2023-06-07 07:00:00,35686.0,35686.0,35091.0,35594.0,1272900,KBS
2023-06-08 07:00:00,35686.0,36052.0,35045.0,35045.0,540900,KBS
2023-06-09 07:00:00,34953.0,35045.0,34679.0,34770.0,591100,KBS
2023-06-12 07:00:00,34770.0,34953.0,34450.0,34725.0,569700,KBS
2023-06-13 07:00:00,34542.0,34816.0,34496.0,34816.0,420000,KBS
2023-06-14 07:00:00,35045.0,35136.0,34816.0,34816.0,436500,KBS
2023-06-15 07:00:00,34770.0,35411.0,34770.0,35045.0,1436500,KBS
2023-06-16 07:00:00,35365.0,35365.0,34038.0,34038.0,620800,KBS
2023-06-19 07:00:00,34404.0,34587.0,34038.0,34038.0,750500,KBS
2023-06-20 07:00:00,34038.0,34313.0,33855.0,34038.0,556100,KBS
2023-06-21 07:00:00,34176.0,34313.0,34038.0,34313.0,454900,KBS
2023-06-22 07:00:00,34404.0,34587.0,34359.0,34450.0,381100,KBS
2023-06-23 07:00:00,34496.0,34587.0,34130.0,34313.0,686500,KBS
2023-06-26 07:00:00,34313.0,34496.0,33901.0,34359.0,830200,KBS
2023-06-27 07:00:00,34633.0,35136.0,34496.0,34908.0,858700,KBS
2023-06-28 07:00:00,35182.0,35182.0,34679.0,34862.0,409900,KBS
2023-06-29 07:00:00,34953.0,34953.0,34313.0,34313.0,689000,KBS
2023-06-30 07:00:00,34404.0,34679.0,34176.0,34176.0,444000,KBS
2023-07-03 07:00:00,34359.0,34862.0,34221.0,34450.0,379100,KBS
2023-07-04 07:00:00,34633.0,36463.0,34633.0,36463.0,3702800,KBS
2023-07-05 07:00:00,36875.0,37378.0,36463.0,36875.0,2214000,KBS
2023-07-06 07:00:00,36738.0,37516.0,36463.0,36875.0,2371600,KBS
2023-07-07 07:00:00,37058.0,37333.0,36692.0,36875.0,1478400,KBS
2023-07-10 07:00:00,37241.0,38248.0,37058.0,38248.0,2415100,KBS
2023-07-11 07:00:00,38431.0,38476.0,37744.0,37744.0,1676900,KBS
2023-07-12 07:00:00,37790.0,38385.0,37607.0,37973.0,1187300,KBS
2023-07-13 07:00:00,38065.0,38248.0,37653.0,37882.0,1142700,KBS
2023-07-14 07:00:00,37836.0,38065.0,37104.0,37424.0,1705900,KBS
2023-07-17 07:00:00,37561.0,38019.0,36921.0,37470.0,2239700,KBS
2023-07-18 07:00:00,37744.0,37790.0,37104.0,37104.0,1122100,KBS
2023-07-19 07:00:00,37333.0,37378.0,36692.0,36692.0,1401500,KBS
2023-07-20 07:00:00,36646.0,36875.0,36235.0,36326.0,2116600,KBS
2023-07-21 07:00:00,36326.0,37241.0,36280.0,37058.0,1741000,KBS
2023-07-24 07:00:00,37150.0,37424.0,36875.0,36875.0,1713100,KBS
2023-07-25 07:00:00,37058.0,37744.0,36601.0,36875.0,1969500,KBS
2023-07-26 07:00:00,36875.0,37241.0,36784.0,37058.0,1219100,KBS
2023-07-27 07:00:00,37058.0,37241.0,36326.0,36509.0,2127700,KBS
2023-07-28 07:00:00,36692.0,36784.0,36418.0,36646.0,1595300,KBS
2023-07-31 07:00:00,36875.0,37973.0,36875.0,37973.0,2751400,KBS
2023-08-01 07:00:00,38614.0,38614.0,37378.0,37516.0,3004500,KBS
2023-08-02 07:00:00,37836.0,37836.0,37378.0,37470.0,1347500,KBS
2023-08-03 07:00:00,37516.0,37607.0,36692.0,36692.0,2016300,KBS
2023-08-04 07:00:00,37150.0,37150.0,36601.0,36875.0,1482200,KBS
2023-08-07 07:00:00,37150.0,37241.0,36875.0,37058.0,1474800,KBS
2023-08-08 07:00:00,37195.0,37653.0,37195.0,37424.0,2949000,KBS
2023-08-09 07:00:00,37699.0,37699.0,37150.0,37241.0,1235700,KBS
2023-08-10 07:00:00,37424.0,38339.0,37333.0,37333.0,2426300,KBS
2023-08-11 07:00:00,37470.0,37699.0,36601.0,37195.0,1139900,KBS
2023-08-14 07:00:00,37287.0,37333.0,36967.0,37104.0,1196600,KBS
2023-08-15 07:00:00,37195.0,37195.0,36784.0,36921.0,1207800,KBS
2023-08-16 07:00:00,36967.0,37287.0,36646.0,36829.0,1006000,KBS
2023-08-17 07:00:00,36784.0,36921.0,36372.0,36372.0,1615700,KBS
2023-08-18 07:00:00,36372.0,36509.0,34176.0,34176.0,2701800,KBS
2023-08-21 07:00:00,34038.0,34633.0,33993.0,34313.0,877800,KBS
2023-08-22 07:00:00,34770.0,34816.0,33855.0,34496.0,1252900,KBS
2023-08-23 07:00:00,34862.0,34862.0,33764.0,34221.0,1209200,KBS
2023-08-24 07:00:00,34221.0,34587.0,34221.0,34587.0,583800,KBS
2023-08-25 07:00:00,34587.0,34679.0,34359.0,34359.0,933800,KBS
2023-08-28 07:00:00,34313.0,35136.0,34313.0,34908.0,936300,KBS
2023-08-29 07:00:00,34999.0,35045.0,34770.0,34816.0,798000,KBS
2023-08-30 07:00:00,35045.0,35640.0,35045.0,35136.0,803900,KBS
2023-08-31 07:00:00,35136.0,35365.0,35136.0,35274.0,729500,KBS
2023-09-05 07:00:00,35869.0,36097.0,35686.0,35823.0,1240400,KBS
2023-09-06 07:00:00,36235.0,36235.0,35869.0,35960.0,743400,KBS
2023-09-07 07:00:00,36052.0,36463.0,35914.0,36006.0,832100,KBS
2023-09-08 07:00:00,35960.0,36326.0,35869.0,36052.0,972300,KBS
2023-09-11 07:00:00,36143.0,37150.0,36143.0,36463.0,2041800,KBS
2023-09-12 07:00:00,36601.0,36829.0,36326.0,36601.0,685400,KBS
2023-09-13 07:00:00,36875.0,37653.0,36601.0,36875.0,2266800,KBS
2023-09-14 07:00:00,37150.0,37241.0,36601.0,36601.0,1097300,KBS
2023-09-15 07:00:00,37012.0,37790.0,36692.0,36738.0,1805700,KBS
2023-09-18 07:00:00,37195.0,37195.0,35731.0,36235.0,1405300,KBS
2023-09-19 07:00:00,36418.0,36601.0,35960.0,36509.0,652800,KBS
2023-09-20 07:00:00,36601.0,37150.0,36418.0,36967.0,1059800,KBS
2023-09-21 07:00:00,37246.0,37432.0,36873.0,37060.0,972500,KBS
2023-09-22 07:00:00,36408.0,36780.0,35384.0,36454.0,1040100,KBS
2023-09-25 07:00:00,36454.0,36501.0,34918.0,34918.0,1155700,KBS
2023-09-26 07:00:00,34918.0,35337.0,34546.0,34546.0,1064900,KBS
2023-09-27 07:00:00,34452.0,34732.0,33521.0,34033.0,1673300,KBS
2023-09-28 07:00:00,34499.0,35151.0,34266.0,35151.0,1126200,KBS
2023-09-29 07:00:00,35151.0,35151.0,34592.0,34918.0,435400,KBS
2023-10-02 07:00:00,34918.0,35290.0,34685.0,34918.0,567900,KBS
2023-10-03 07:00:00,34546.0,34639.0,33521.0,33521.0,1026000,KBS
2023-10-04 07:00:00,32730.0,33894.0,32730.0,33754.0,784600,KBS
2023-10-05 07:00:00,33801.0,33801.0,32031.0,32031.0,1530500,KBS
2023-10-06 07:00:00,32497.0,33056.0,31985.0,32590.0,2194100,KBS
2023-10-09 07:00:00,33335.0,33428.0,33009.0,33242.0,1552600,KBS
2023-10-10 07:00:00,33521.0,33754.0,33475.0,33521.0,1524500,KBS
2023-10-11 07:00:00,33754.0,34452.0,33614.0,34359.0,1352900,KBS
2023-10-12 07:00:00,34452.0,34918.0,34033.0,34173.0,1061800,KBS
2023-10-13 07:00:00,34173.0,34313.0,33987.0,34173.0,1299600,KBS
2023-10-16 07:00:00,34918.0,35197.0,34266.0,34266.0,1011900,KBS
2023-10-17 07:00:00,34266.0,34313.0,33521.0,33521.0,1005800,KBS
2023-10-18 07:00:00,33661.0,33661.0,32078.0,32590.0,1299500,KBS
2023-10-19 07:00:00,32637.0,33195.0,32497.0,32590.0,593100,KBS
2023-10-20 07:00:00,32730.0,33009.0,32031.0,32963.0,610400,KBS
2023-10-23 07:00:00,33335.0,33382.0,32590.0,32916.0,377000,KBS
2023-10-24 07:00:00,32916.0,33195.0,32683.0,33056.0,303400,KBS
2023-10-25 07:00:00,33009.0,33195.0,32823.0,32916.0,373900,KBS
2023-10-26 07:00:00,32404.0,32683.0,30635.0,30635.0,1802700,KBS
2023-10-27 07:00:00,30728.0,31193.0,29983.0,30728.0,636400,KBS
2023-10-30 07:00:00,30728.0,31007.0,30588.0,30588.0,267100,KBS
2023-10-31 07:00:00,31007.0,31007.0,29331.0,29704.0,980300,KBS
2023-11-01 07:00:00,29378.0,30262.0,29145.0,30076.0,633200,KBS
2023-11-02 07:00:00,30355.0,31240.0,30355.0,31100.0,768400,KBS
2023-11-03 07:00:00,31147.0,31193.0,30728.0,30821.0,571800,KBS
2023-11-06 07:00:00,31007.0,31147.0,30821.0,30961.0,367100,KBS
2023-11-07 07:00:00,30961.0,31612.0,30728.0,30868.0,482200,KBS
2023-11-08 07:00:00,30914.0,31845.0,30681.0,31845.0,968500,KBS
2023-11-09 07:00:00,31938.0,32125.0,31612.0,31612.0,843300,KBS
2023-11-10 07:00:00,31333.0,31659.0,31054.0,31054.0,744800,KBS
2023-11-13 07:00:00,31193.0,31287.0,30914.0,31054.0,603700,KBS
2023-11-14 07:00:00,31380.0,31426.0,31007.0,31193.0,729200,KBS
2023-11-15 07:00:00,31612.0,31985.0,31473.0,31659.0,1185900,KBS
2023-11-16 07:00:00,31845.0,32264.0,31659.0,32078.0,790400,KBS
2023-11-17 07:00:00,32125.0,32171.0,31193.0,31193.0,897400,KBS
2023-11-20 07:00:00,30914.0,31519.0,30914.0,31193.0,958300,KBS
2023-11-21 07:00:00,31473.0,31612.0,31193.0,31473.0,910900,KBS
2023-11-22 07:00:00,31519.0,31938.0,31473.0,31706.0,838700,KBS
2023-11-23 07:00:00,31752.0,31845.0,31380.0,31380.0,874000,KBS
2023-11-24 07:00:00,31100.0,31287.0,30728.0,31100.0,778400,KBS
2023-11-27 07:00:00,31100.0,31706.0,31100.0,31287.0,630200,KBS
2023-11-28 07:00:00,31100.0,31380.0,30774.0,31380.0,663700,KBS
2023-11-29 07:00:00,31519.0,33335.0,31519.0,33335.0,3135500,KBS
2023-11-30 07:00:00,33149.0,33521.0,32683.0,32683.0,817300,KBS
2023-12-01 07:00:00,32683.0,33335.0,32404.0,32776.0,923200,KBS
2023-12-04 07:00:00,33242.0,33335.0,32776.0,33056.0,934700,KBS
2023-12-05 07:00:00,32823.0,33754.0,32823.0,33102.0,884600,KBS
2023-12-06 07:00:00,32916.0,33475.0,32916.0,33428.0,720700,KBS
2023-12-07 07:00:00,33335.0,33335.0,32404.0,32730.0,955700,KBS
2023-12-08 07:00:00,32730.0,33195.0,32683.0,33195.0,629600,KBS
2023-12-11 07:00:00,33428.0,33428.0,32776.0,33195.0,371900,KBS
2023-12-12 07:00:00,33195.0,33242.0,32683.0,33009.0,547300,KBS
2023-12-13 07:00:00,32963.0,33056.0,32311.0,32311.0,939000,KBS
2023-12-14 07:00:00,32590.0,32590.0,31752.0,31985.0,441400,KBS
2023-12-15 07:00:00,32125.0,32357.0,31938.0,31938.0,447800,KBS
2023-12-18 07:00:00,31938.0,32125.0,31566.0,31566.0,351900,KBS
2023-12-19 07:00:00,31659.0,31752.0,31240.0,31612.0,304900,KBS
2023-12-20 07:00:00,31659.0,32125.0,31612.0,32031.0,266900,KBS
2023-12-21 07:00:00,31659.0,31799.0,31659.0,31659.0,358300,KBS
2023-12-22 07:00:00,31752.0,31938.0,31426.0,31473.0,635400,KBS
2023-12-25 07:00:00,31519.0,32311.0,31519.0,32264.0,674200,KBS
2023-12-26 07:00:00,32218.0,32404.0,32078.0,32078.0,782300,KBS
2023-12-27 07:00:00,32311.0,32357.0,31985.0,32078.0,457000,KBS
2023-12-28 07:00:00,32031.0,32311.0,31752.0,32125.0,962700,KBS
2023-12-29 07:00:00,32125.0,32264.0,32031.0,32125.0,522800,KBS
2024-01-02 07:00:00,32218.0,32264.0,32125.0,32171.0,634300,KBS
2024-01-03 07:00:00,32171.0,32497.0,32031.0,32497.0,807400,KBS
2024-01-04 07:00:00,32497.0,32869.0,32497.0,32683.0,1704200,KBS
2024-01-05 07:00:00,32823.0,32963.0,32683.0,32776.0,1407800,KBS
2024-01-08 07:00:00,32776.0,33102.0,32590.0,32869.0,1403800,KBS
2024-01-09 07:00:00,32963.0,32963.0,32264.0,32264.0,498200,KBS
2024-01-10 07:00:00,32404.0,32544.0,32218.0,32450.0,604900,KBS
2024-01-11 07:00:00,32450.0,33009.0,32450.0,33009.0,1122800,KBS
2024-01-12 07:00:00,33056.0,33102.0,32357.0,32544.0,1008700,KBS
2024-01-15 07:00:00,32590.0,32776.0,32264.0,32264.0,321600,KBS
2024-01-16 07:00:00,32218.0,32404.0,32218.0,32357.0,311400,KBS
2024-01-17 07:00:00,32544.0,32776.0,32171.0,32171.0,545400,KBS
2024-01-18 07:00:00,32404.0,32404.0,32078.0,32125.0,338800,KBS
2024-01-19 07:00:00,32497.0,32544.0,32311.0,32450.0,588500,KBS
2024-01-22 07:00:00,32497.0,32544.0,32311.0,32357.0,314000,KBS
2024-01-23 07:00:00,32357.0,32590.0,32311.0,32450.0,351200,KBS
2024-01-24 07:00:00,32450.0,32544.0,32218.0,32264.0,348700,KBS
2024-01-25 07:00:00,32357.0,32404.0,32125.0,32125.0,275000,KBS
2024-01-26 07:00:00,32218.0,32404.0,32125.0,32125.0,280500,KBS
2024-01-29 07:00:00,32125.0,32404.0,32125.0,32311.0,384100,KBS
2024-01-30 07:00:00,32311.0,32497.0,32264.0,32357.0,323700,KBS
2024-01-31 07:00:00,32357.0,32404.0,32171.0,32218.0,540500,KBS
2024-02-01 07:00:00,32125.0,32357.0,32125.0,32218.0,394100,KBS
2024-02-02 07:00:00,32404.0,32404.0,32171.0,32218.0,506700,KBS
2024-02-05 07:00:00,32218.0,32404.0,32125.0,32171.0,589100,KBS
2024-02-06 07:00:00,32218.0,32311.0,32171.0,32311.0,358600,KBS
2024-02-07 07:00:00,32311.0,32590.0,32218.0,32357.0,523300,KBS
2024-02-15 07:00:00,32497.0,33056.0,32497.0,32869.0,736600,KBS
2024-02-16 07:00:00,32869.0,32916.0,32590.0,32869.0,516800,KBS
2024-02-19 07:00:00,32916.0,34080.0,32916.0,33754.0,1886200,KBS
2024-02-20 07:00:00,33987.0,33987.0,33521.0,33614.0,952300,KBS
2024-02-21 07:00:00,33521.0,33661.0,33195.0,33289.0,889800,KBS
2024-02-22 07:00:00,33242.0,33801.0,33195.0,33382.0,1340300,KBS
2024-02-23 07:00:00,33382.0,33428.0,32683.0,32683.0,1447400,KBS
2024-02-26 07:00:00,32544.0,32823.0,32497.0,32776.0,444000,KBS
2024-02-27 07:00:00,32869.0,33987.0,32869.0,33195.0,1008500,KBS
2024-02-28 07:00:00,33428.0,34452.0,33428.0,33708.0,2210300,KBS
2024-02-29 07:00:00,33801.0,33894.0,33242.0,33382.0,838500,KBS
2024-03-01 07:00:00,33521.0,33614.0,33242.0,33428.0,717600,KBS
2024-03-04 07:00:00,33940.0,33940.0,33475.0,33475.0,932700,KBS
2024-03-05 07:00:00,33475.0,33521.0,33195.0,33475.0,708000,KBS
2024-03-06 07:00:00,33708.0,34359.0,33568.0,33754.0,1720600,KBS
2024-03-07 07:00:00,33987.0,34918.0,33801.0,34918.0,2773600,KBS
2024-03-08 07:00:00,34918.0,35290.0,34173.0,34266.0,1454800,KBS
2024-03-11 07:00:00,34173.0,34220.0,33428.0,33475.0,1223900,KBS
2024-03-12 07:00:00,33475.0,34033.0,33475.0,33847.0,880100,KBS
2024-03-13 07:00:00,34266.0,34546.0,33987.0,34546.0,1172600,KBS
2024-03-14 07:00:00,34685.0,35337.0,34499.0,34778.0,2856400,KBS
2024-03-15 07:00:00,34918.0,35197.0,34685.0,35058.0,1564900,KBS
2024-03-18 07:00:00,35058.0,35197.0,33475.0,33987.0,2848400,KBS
2024-03-19 07:00:00,34080.0,35104.0,33847.0,34871.0,1381800,KBS
2024-03-20 07:00:00,35104.0,35197.0,34452.0,34871.0,1271600,KBS
2024-03-21 07:00:00,34918.0,36035.0,34592.0,35803.0,3062200,KBS
2024-03-22 07:00:00,35849.0,35896.0,35197.0,35384.0,1528100,KBS
2024-03-25 07:00:00,35477.0,35756.0,34639.0,34825.0,1720600,KBS
2024-03-26 07:00:00,34825.0,35384.0,34546.0,35384.0,928900,KBS
2024-03-27 07:00:00,35430.0,35849.0,35011.0,35384.0,1294100,KBS
2024-03-28 07:00:00,35290.0,35523.0,34871.0,34965.0,1265700,KBS
2024-03-29 07:00:00,35104.0,35197.0,34639.0,34732.0,1118900,KBS
2024-04-01 07:00:00,34685.0,35197.0,34592.0,34871.0,682100,KBS
2024-04-02 07:00:00,34871.0,35337.0,34452.0,35290.0,1467500,KBS
2024-04-03 07:00:00,35384.0,35477.0,34918.0,35011.0,981900,KBS
2024-04-04 07:00:00,35011.0,35011.0,34499.0,34592.0,962700,KBS
2024-04-05 07:00:00,34452.0,35430.0,34452.0,34592.0,1295500,KBS
2024-04-08 07:00:00,34685.0,34871.0,34499.0,34499.0,540400,KBS
2024-04-09 07:00:00,34499.0,34778.0,34313.0,34592.0,437400,KBS
2024-04-10 07:00:00,34732.0,34732.0,34033.0,34080.0,863300,KBS
2024-04-11 07:00:00,33987.0,33987.0,33614.0,33801.0,826600,KBS
2024-04-12 07:00:00,33987.0,34406.0,33847.0,34313.0,445900,KBS
2024-04-15 07:00:00,34359.0,34639.0,32404.0,33521.0,927300,KBS
2024-04-16 07:00:00,33521.0,33801.0,32730.0,33475.0,786100,KBS
2024-04-17 07:00:00,33521.0,33521.0,32776.0,32869.0,448800,KBS
2024-04-19 07:00:00,32637.0,32869.0,32171.0,32264.0,518500,KBS
2024-04-22 07:00:00,32590.0,32776.0,32171.0,32264.0,411300,KBS
2024-04-23 07:00:00,32404.0,32869.0,32171.0,32590.0,420900,KBS
2024-04-24 07:00:00,32637.0,32869.0,32544.0,32823.0,742400,KBS
2024-04-25 07:00:00,32823.0,32823.0,32497.0,32683.0,219500,KBS
2024-04-26 07:00:00,32683.0,33242.0,32590.0,33242.0,422300,KBS
2024-05-02 07:00:00,33242.0,33568.0,32823.0,33335.0,420900,KBS
2024-05-03 07:00:00,33614.0,33708.0,33382.0,33521.0,518700,KBS
2024-05-06 07:00:00,34266.0,34266.0,33894.0,34173.0,550800,KBS
2024-05-07 07:00:00,34313.0,36175.0,34266.0,36035.0,3665900,KBS
2024-05-08 07:00:00,36035.0,37618.0,35477.0,37246.0,2984800,KBS
2024-05-09 07:00:00,37246.0,37805.0,36548.0,37432.0,2131200,KBS
2024-05-10 07:00:00,37432.0,37898.0,36967.0,37339.0,1932400,KBS
2024-05-13 07:00:00,37711.0,37711.0,37060.0,37106.0,1603700,KBS
2024-05-14 07:00:00,37348.0,37445.0,36090.0,36284.0,1949200,KBS
2024-05-15 07:00:00,36284.0,37348.0,36284.0,36961.0,1256100,KBS
2024-05-16 07:00:00,37300.0,37590.0,36864.0,36961.0,1778200,KBS
2024-05-17 07:00:00,37009.0,37009.0,36187.0,36719.0,2725400,KBS
2024-05-20 07:00:00,36768.0,37300.0,36768.0,36768.0,1630300,KBS
2024-05-21 07:00:00,36477.0,36719.0,35800.0,36284.0,2551900,KBS
2024-05-22 07:00:00,36381.0,36961.0,36187.0,36477.0,1576100,KBS
2024-05-23 07:00:00,36574.0,38993.0,36381.0,38993.0,5334400,KBS
2024-05-24 07:00:00,39864.0,41025.0,38945.0,39670.0,5370300,KBS
2024-05-27 07:00:00,39864.0,40493.0,39187.0,39961.0,3453400,KBS
2024-05-28 07:00:00,40444.0,40541.0,39767.0,40202.0,3261100,KBS
2024-05-29 07:00:00,40444.0,41412.0,39912.0,40154.0,4835600,KBS
2024-05-30 07:00:00,39670.0,40106.0,39041.0,40009.0,3177800,KBS
2024-05-31 07:00:00,39961.0,39961.0,39477.0,39670.0,1185700,KBS
2024-06-03 07:00:00,39864.0,41025.0,39864.0,40154.0,2570600,KBS
2024-06-04 07:00:00,40154.0,40783.0,40009.0,40348.0,2201000,KBS
2024-06-05 07:00:00,40348.0,41122.0,40154.0,40493.0,2444700,KBS
2024-06-06 07:00:00,40396.0,40977.0,39477.0,40541.0,2091400,KBS
2024-06-07 07:00:00,40638.0,40735.0,39912.0,40154.0,1543700,KBS
2024-06-10 07:00:00,40202.0,40831.0,40154.0,40589.0,1542900,KBS
2024-06-11 07:00:00,40735.0,41992.0,40735.0,41799.0,3782500,KBS
2024-06-12 07:00:00,41799.0,41896.0,41122.0,41702.0,1529800,KBS
2024-06-13 07:00:00,41896.0,41896.0,40783.0,40831.0,2330400,KBS
2024-06-14 07:00:00,40831.0,41170.0,39187.0,39187.0,3495700,KBS
2024-06-17 07:00:00,39283.0,39477.0,38606.0,38606.0,2124600,KBS
2024-06-18 07:00:00,39477.0,39961.0,38993.0,39670.0,1477100,KBS
2024-06-19 07:00:00,39719.0,40154.0,39235.0,40154.0,1026500,KBS
2024-06-20 07:00:00,40541.0,40735.0,39283.0,39961.0,1285200,KBS
2024-06-21 07:00:00,40154.0,41267.0,39477.0,40928.0,1971100,KBS
2024-06-24 07:00:00,41218.0,41412.0,39428.0,39428.0,2505400,KBS
2024-06-25 07:00:00,39428.0,40057.0,39380.0,39670.0,854000,KBS
2024-06-26 07:00:00,39670.0,41073.0,39428.0,41025.0,2056300,KBS
2024-06-27 07:00:00,41122.0,41122.0,39961.0,39961.0,1067600,KBS
2024-06-28 07:00:00,40057.0,40444.0,39283.0,39574.0,1455800,KBS
2024-07-01 07:00:00,39719.0,40057.0,38945.0,39477.0,682200,KBS
2024-07-02 07:00:00,40009.0,40009.0,39477.0,40009.0,660500,KBS
2024-07-03 07:00:00,40251.0,40831.0,39864.0,40493.0,1461400,KBS
2024-07-04 07:00:00,40541.0,42863.0,40444.0,42476.0,6016400,KBS
2024-07-05 07:00:00,42476.0,42960.0,42379.0,42525.0,2475000,KBS
2024-07-08 07:00:00,42573.0,45089.0,42573.0,44992.0,5313900,KBS
2024-07-09 07:00:00,45089.0,45089.0,44315.0,44508.0,1997900,KBS
2024-07-10 07:00:00,44895.0,45524.0,44508.0,45040.0,2762700,KBS
2024-07-11 07:00:00,45137.0,45379.0,44605.0,45282.0,2440800,KBS
2024-07-12 07:00:00,45379.0,45669.0,44605.0,44798.0,1817400,KBS
2024-07-15 07:00:00,45185.0,46443.0,45040.0,46443.0,2714500,KBS
2024-07-16 07:00:00,46830.0,46830.0,45572.0,45572.0,2055700,KBS
2024-07-17 07:00:00,45572.0,45572.0,42428.0,43541.0,3843300,KBS
2024-07-18 07:00:00,43928.0,45959.0,43541.0,45959.0,2699500,KBS
2024-07-19 07:00:00,45959.0,46250.0,44605.0,45379.0,2054700,KBS
2024-07-22 07:00:00,45282.0,45282.0,43976.0,44847.0,2144800,KBS
2024-07-23 07:00:00,44895.0,45669.0,43734.0,44024.0,2257300,KBS
2024-07-24 07:00:00,43589.0,44992.0,42670.0,44992.0,3363700,KBS
2024-07-25 07:00:00,44508.0,45185.0,43976.0,44847.0,1152000,KBS
2024-07-26 07:00:00,44847.0,46588.0,44847.0,46250.0,3342100,KBS
2024-07-29 07:00:00,47121.0,47121.0,45766.0,46250.0,1352000,KBS
2024-07-30 07:00:00,45959.0,46734.0,45040.0,45572.0,1699000,KBS
2024-07-31 07:00:00,45572.0,46250.0,44315.0,44411.0,3183900,KBS
2024-08-01 07:00:00,44605.0,45089.0,43831.0,43831.0,2571700,KBS
2024-08-02 07:00:00,43589.0,45959.0,43347.0,45959.0,2541300,KBS
2024-08-05 07:00:00,44895.0,45331.0,43637.0,44024.0,2337800,KBS
2024-08-06 07:00:00,44895.0,45766.0,44073.0,45476.0,2129500,KBS
2024-08-07 07:00:00,45669.0,46395.0,44750.0,46250.0,1943600,KBS
2024-08-08 07:00:00,46201.0,46637.0,45476.0,46008.0,2286700,KBS
2024-08-09 07:00:00,46443.0,46443.0,45476.0,46443.0,1397300,KBS
2024-08-12 07:00:00,47121.0,48185.0,47121.0,47266.0,4056100,KBS
2024-08-13 07:00:00,47362.0,48185.0,47169.0,47266.0,2214600,KBS
2024-08-14 07:00:00,47411.0,48862.0,47169.0,47604.0,3083900,KBS
2024-08-15 07:00:00,47604.0,47895.0,47217.0,47411.0,1244300,KBS
2024-08-16 07:00:00,47508.0,50023.0,47459.0,48959.0,4586000,KBS
2024-08-19 07:00:00,48959.0,49733.0,48765.0,48765.0,1223100,KBS
2024-08-20 07:00:00,48669.0,49636.0,47846.0,47846.0,2518500,KBS
2024-08-21 07:00:00,47895.0,48378.0,46927.0,47217.0,3224800,KBS
2024-08-22 07:00:00,47508.0,48040.0,47314.0,47411.0,1065800,KBS
2024-08-23 07:00:00,47024.0,47798.0,47024.0,47411.0,1218900,KBS
2024-08-26 07:00:00,47556.0,47798.0,46975.0,46975.0,1459100,KBS
2024-08-27 07:00:00,46975.0,47749.0,46927.0,47508.0,1207800,KBS
2024-08-28 07:00:00,47749.0,48137.0,47604.0,47798.0,1087500,KBS
2024-08-29 07:00:00,47991.0,47991.0,47169.0,47217.0,722300,KBS
2024-08-30 07:00:00,47217.0,47411.0,46975.0,47024.0,892800,KBS
2024-09-04 07:00:00,46734.0,46734.0,45379.0,45476.0,2544400,KBS
2024-09-05 07:00:00,45476.0,45863.0,44073.0,44557.0,2977800,KBS
2024-09-06 07:00:00,44169.0,45476.0,44169.0,45427.0,1277800,KBS
2024-09-09 07:00:00,44702.0,45572.0,44702.0,44944.0,791500,KBS
2024-09-10 07:00:00,45379.0,45427.0,44605.0,44895.0,1015000,KBS
2024-09-11 07:00:00,44992.0,44992.0,44266.0,44315.0,836300,KBS
2024-09-12 07:00:00,44750.0,44798.0,43928.0,43928.0,1269800,KBS
2024-09-13 07:00:00,43928.0,44460.0,43541.0,44315.0,726100,KBS
2024-09-16 07:00:00,44944.0,44944.0,43541.0,43541.0,813500,KBS
2024-09-17 07:00:00,43541.0,43928.0,42767.0,43541.0,1125600,KBS
2024-09-18 07:00:00,43879.0,44121.0,43299.0,43541.0,895400,KBS
2024-09-19 07:00:00,43589.0,43879.0,43105.0,43879.0,1416300,KBS
2024-09-20 07:00:00,43928.0,44847.0,43879.0,44508.0,1269300,KBS
2024-09-23 07:00:00,44508.0,44508.0,43637.0,43782.0,964800,KBS
2024-09-24 07:00:00,43831.0,44121.0,43541.0,43734.0,1181700,KBS
2024-09-25 07:00:00,44024.0,44315.0,43782.0,43928.0,1308800,KBS
2024-09-26 07:00:00,44121.0,44508.0,43831.0,44121.0,1671300,KBS
2024-09-27 07:00:00,44218.0,44266.0,43444.0,43492.0,1565100,KBS
2024-09-30 07:00:00,43589.0,43589.0,43057.0,43057.0,1095700,KBS
2024-10-01 07:00:00,42960.0,43492.0,42960.0,43057.0,1075700,KBS
2024-10-02 07:00:00,43347.0,43734.0,43154.0,43492.0,957100,KBS
2024-10-03 07:00:00,43250.0,43444.0,42815.0,42960.0,1303600,KBS
2024-10-04 07:00:00,43057.0,44024.0,43008.0,43637.0,2562100,KBS
2024-10-07 07:00:00,43928.0,43928.0,43299.0,43492.0,795900,KBS
2024-10-08 07:00:00,43637.0,43976.0,43202.0,43202.0,1700400,KBS
2024-10-09 07:00:00,43154.0,43299.0,42912.0,42960.0,1817600,KBS
2024-10-10 07:00:00,43154.0,43734.0,42912.0,43057.0,748900,KBS
2024-10-11 07:00:00,43444.0,43686.0,43154.0,43250.0,713300,KBS
2024-10-14 07:00:00,43250.0,43250.0,42960.0,43008.0,712800,KBS
2024-10-15 07:00:00,42912.0,43008.0,41122.0,41460.0,3909500,KBS
2024-10-16 07:00:00,41460.0,41460.0,40251.0,40493.0,2453100,KBS
2024-10-17 07:00:00,40638.0,40928.0,40396.0,40880.0,1199000,KBS
2024-10-18 07:00:00,41025.0,41605.0,40928.0,40977.0,797800,KBS
2024-10-21 07:00:00,40831.0,40831.0,40154.0,40251.0,1344200,KBS
2024-10-22 07:00:00,40251.0,40831.0,40009.0,40444.0,1350000,KBS
2024-10-23 07:00:00,40589.0,41073.0,40541.0,40928.0,746200,KBS
2024-10-24 07:00:00,40928.0,40977.0,40396.0,40396.0,738000,KBS
2024-10-25 07:00:00,40444.0,40493.0,40106.0,40202.0,475900,KBS
2024-10-28 07:00:00,40202.0,40638.0,39428.0,40638.0,770900,KBS
2024-10-29 07:00:00,40154.0,40589.0,40154.0,40541.0,532900,KBS
2024-10-30 07:00:00,40638.0,40638.0,40009.0,40057.0,581000,KBS
2024-10-31 07:00:00,40057.0,40057.0,39670.0,39767.0,560300,KBS
2024-11-01 07:00:00,39767.0,39767.0,39283.0,39283.0,815900,KBS
2024-11-04 07:00:00,39235.0,39380.0,38606.0,38606.0,1077200,KBS
2024-11-05 07:00:00,38412.0,39041.0,38412.0,38751.0,477600,KBS
2024-11-06 07:00:00,39187.0,39187.0,38848.0,38848.0,554900,KBS
2024-11-07 07:00:00,38993.0,39332.0,38945.0,38993.0,564800,KBS
2024-11-08 07:00:00,39235.0,39235.0,38703.0,38751.0,608500,KBS
2024-11-11 07:00:00,38703.0,38896.0,37832.0,37977.0,1218300,KBS
2024-11-12 07:00:00,37929.0,38267.0,37832.0,38122.0,730700,KBS
2024-11-13 07:00:00,38122.0,38171.0,37348.0,37638.0,965100,KBS
2024-11-14 07:00:00,37590.0,38461.0,37445.0,37687.0,867400,KBS
2024-11-15 07:00:00,37977.0,37977.0,37155.0,37155.0,736000,KBS
2024-11-18 07:00:00,37106.0,37590.0,36139.0,36477.0,964100,KBS
2024-11-19 07:00:00,36768.0,37542.0,36768.0,37058.0,636100,KBS
2024-11-20 07:00:00,36816.0,37542.0,36768.0,37348.0,443300,KBS
2024-11-21 07:00:00,37397.0,38025.0,37106.0,37784.0,416500,KBS
2024-11-22 07:00:00,38074.0,38074.0,37638.0,37880.0,309800,KBS
2024-11-25 07:00:00,38025.0,38171.0,37735.0,38122.0,368000,KBS
2024-11-26 07:00:00,37880.0,38171.0,37542.0,37977.0,524700,KBS
2024-11-27 07:00:00,37977.0,38122.0,37784.0,37832.0,259900,KBS
2024-11-28 07:00:00,37977.0,39235.0,37832.0,38703.0,1179100,KBS
2024-11-29 07:00:00,38993.0,39187.0,38703.0,38703.0,462600,KBS
2024-12-02 07:00:00,38703.0,38848.0,38171.0,38461.0,601800,KBS
2024-12-03 07:00:00,38364.0,39283.0,38171.0,38703.0,762700,KBS
2024-12-04 07:00:00,38751.0,39574.0,38751.0,38993.0,651300,KBS
2024-12-05 07:00:00,38993.0,39380.0,38703.0,39283.0,716100,KBS
2024-12-06 07:00:00,39283.0,39428.0,38799.0,39138.0,787600,KBS
2024-12-09 07:00:00,39138.0,39138.0,38703.0,38848.0,573300,KBS
2024-12-10 07:00:00,38848.0,39138.0,38799.0,38993.0,284700,KBS
2024-12-11 07:00:00,38896.0,38993.0,38558.0,38606.0,546600,KBS
2024-12-12 07:00:00,38558.0,38848.0,38122.0,38122.0,842600,KBS
2024-12-13 07:00:00,38122.0,38122.0,37445.0,37445.0,1285500,KBS
2024-12-16 07:00:00,37735.0,37735.0,37397.0,37445.0,647300,KBS
2024-12-17 07:00:00,37397.0,37638.0,37397.0,37638.0,438400,KBS
2024-12-18 07:00:00,37445.0,38461.0,37445.0,38025.0,791700,KBS
2024-12-19 07:00:00,37638.0,38703.0,37445.0,38122.0,776300,KBS
2024-12-20 07:00:00,38316.0,38461.0,37397.0,37735.0,592000,KBS
2024-12-23 07:00:00,37832.0,38122.0,37493.0,37493.0,526800,KBS
2024-12-24 07:00:00,37590.0,37590.0,37009.0,37203.0,603500,KBS
2024-12-25 07:00:00,37203.0,37638.0,37203.0,37348.0,740200,KBS
2024-12-26 07:00:00,37542.0,37832.0,37203.0,37203.0,756200,KBS
2024-12-27 07:00:00,37348.0,37445.0,37009.0,37251.0,1059900,KBS
2024-12-30 07:00:00,37300.0,37445.0,36961.0,36961.0,613600,KBS
2024-12-31 07:00:00,37009.0,37155.0,36284.0,36284.0,710600,KBS
2025-01-02 07:00:00,36719.0,37155.0,36719.0,36913.0,546600,KBS
2025-01-03 07:00:00,37300.0,37348.0,36864.0,37203.0,786900,KBS
2025-01-06 07:00:00,37203.0,37493.0,36913.0,37106.0,671000,KBS
2025-01-07 07:00:00,37397.0,37397.0,36671.0,36671.0,859500,KBS
2025-01-08 07:00:00,36719.0,37058.0,36090.0,37058.0,914900,KBS
2025-01-09 07:00:00,37251.0,38025.0,37058.0,37735.0,1723700,KBS
2025-01-10 07:00:00,37590.0,37784.0,36768.0,36864.0,715700,KBS
2025-01-13 07:00:00,37300.0,37638.0,37106.0,37638.0,988600,KBS
2025-01-14 07:00:00,37784.0,38799.0,37784.0,38461.0,1717100,KBS
2025-01-15 07:00:00,38606.0,38945.0,38316.0,38703.0,1316400,KBS
2025-01-16 07:00:00,39041.0,39041.0,38461.0,38703.0,1053800,KBS
2025-01-17 07:00:00,38654.0,38703.0,38316.0,38703.0,771900,KBS
2025-01-20 07:00:00,38703.0,38703.0,38461.0,38558.0,402200,KBS
2025-01-21 07:00:00,38654.0,39041.0,38122.0,38558.0,873000,KBS
2025-01-22 07:00:00,38606.0,38606.0,37880.0,37880.0,873000,KBS
2025-01-23 07:00:00,37929.0,38412.0,37687.0,38316.0,505800,KBS
2025-01-24 07:00:00,37832.0,38267.0,37832.0,38219.0,570100,KBS
2025-02-03 07:00:00,37929.0,38122.0,37590.0,38025.0,540700,KBS
2025-02-04 07:00:00,38122.0,38896.0,38122.0,38703.0,946300,KBS
2025-02-05 07:00:00,38848.0,38896.0,38412.0,38606.0,623200,KBS
2025-02-06 07:00:00,38703.0,38703.0,38316.0,38606.0,601300,KBS
2025-02-07 07:00:00,38606.0,38606.0,38412.0,38558.0,734700,KBS
2025-02-10 07:00:00,38509.0,39428.0,38316.0,39090.0,2002500,KBS
2025-02-11 07:00:00,39187.0,39961.0,39090.0,39864.0,2096000,KBS
2025-02-12 07:00:00,39864.0,40106.0,39767.0,40009.0,1136400,KBS
2025-02-13 07:00:00,40009.0,40831.0,39622.0,40638.0,2400000,KBS
2025-02-14 07:00:00,41025.0,41364.0,40638.0,40977.0,2154600,KBS
2025-02-17 07:00:00,41025.0,41702.0,40541.0,40686.0,2503600,KBS
2025-02-18 07:00:00,40638.0,41364.0,40541.0,41218.0,1697200,KBS
2025-02-19 07:00:00,41605.0,41896.0,41412.0,41799.0,2234800,KBS
2025-02-20 07:00:00,41944.0,41944.0,41509.0,41702.0,1277000,KBS
2025-02-21 07:00:00,41412.0,42089.0,41315.0,41799.0,1857100,KBS
2025-02-24 07:00:00,41702.0,41751.0,41267.0,41605.0,1506700,KBS
2025-02-25 07:00:00,41605.0,42186.0,41605.0,41896.0,1837800,KBS
2025-02-26 07:00:00,41896.0,42041.0,41605.0,41847.0,1081700,KBS
2025-02-27 07:00:00,41799.0,41992.0,41460.0,41557.0,1384900,KBS
2025-02-28 07:00:00,41557.0,42283.0,41557.0,42138.0,1736700,KBS
2025-03-03 07:00:00,41992.0,42863.0,41847.0,42767.0,2398400,KBS
2025-03-04 07:00:00,42767.0,43105.0,42283.0,43057.0,2099000,KBS
2025-03-05 07:00:00,43057.0,43057.0,42331.0,42331.0,1231500,KBS
2025-03-06 07:00:00,42283.0,42379.0,41315.0,42234.0,2031600,KBS
2025-03-07 07:00:00,42186.0,42186.0,41170.0,41460.0,3052600,KBS
2025-03-10 07:00:00,41605.0,41605.0,40831.0,41605.0,2077400,KBS
2025-03-11 07:00:00,41218.0,41896.0,41025.0,41896.0,1582300,KBS
2025-03-12 07:00:00,41847.0,41847.0,41218.0,41509.0,1183400,KBS
2025-03-13 07:00:00,41460.0,41460.0,40348.0,40348.0,2540000,KBS
2025-03-14 07:00:00,40251.0,40444.0,39670.0,40057.0,1679700,KBS
2025-03-17 07:00:00,40057.0,40348.0,39525.0,40106.0,1372100,KBS
2025-03-18 07:00:00,40251.0,40589.0,40106.0,40348.0,1315700,KBS
2025-03-19 07:00:00,40444.0,40444.0,39767.0,40154.0,676100,KBS
2025-03-20 07:00:00,40057.0,40251.0,39622.0,39961.0,859000,KBS
2025-03-21 07:00:00,39961.0,40057.0,39622.0,39961.0,1180400,KBS
2025-03-24 07:00:00,39961.0,40106.0,39574.0,39912.0,617200,KBS
2025-03-25 07:00:00,40154.0,40154.0,39574.0,39622.0,1756600,KBS
2025-03-26 07:00:00,39767.0,40154.0,39670.0,39815.0,792100,KBS
2025-03-27 07:00:00,39815.0,39961.0,39477.0,39622.0,792100,KBS
2025-03-28 07:00:00,39477.0,39622.0,38509.0,38509.0,1649600,KBS
2025-03-31 07:00:00,38316.0,38364.0,37784.0,38267.0,1019000,KBS
2025-04-01 07:00:00,38558.0,38993.0,38412.0,38993.0,565000,KBS
2025-04-02 07:00:00,39090.0,39090.0,38703.0,38896.0,349700,KBS
2025-04-03 07:00:00,36961.0,37929.0,36187.0,36187.0,2805800,KBS
2025-04-04 07:00:00,33671.0,34542.0,33671.0,34542.0,4400600,KBS
2025-04-08 07:00:00,32365.0,33768.0,32172.0,32172.0,1900200,KBS
2025-04-09 07:00:00,29946.0,32027.0,29946.0,29946.0,2654100,KBS
2025-04-10 07:00:00,32027.0,32027.0,32027.0,32027.0,41400,KBS
2025-04-11 07:00:00,34252.0,34252.0,32365.0,34204.0,3676400,KBS
2025-04-14 07:00:00,34155.0,34204.0,33284.0,33720.0,1580500,KBS
2025-04-15 07:00:00,33381.0,33623.0,32510.0,32510.0,1652500,KBS
2025-04-16 07:00:00,32510.0,32994.0,31930.0,31930.0,1204700,KBS
2025-04-17 07:00:00,31881.0,32801.0,31688.0,32752.0,801800,KBS
2025-04-18 07:00:00,33139.0,33333.0,32897.0,32897.0,607000,KBS
2025-04-21 07:00:00,32897.0,33139.0,32414.0,32704.0,417900,KBS
2025-04-22 07:00:00,32704.0,32704.0,30430.0,32027.0,1192700,KBS
2025-04-23 07:00:00,32607.0,32704.0,32075.0,32365.0,794900,KBS
2025-04-24 07:00:00,32510.0,33139.0,32510.0,32559.0,934400,KBS
2025-04-25 07:00:00,32607.0,33333.0,32559.0,33139.0,1458100,KBS
2025-04-28 07:00:00,33139.0,33139.0,32559.0,32704.0,607800,KBS
2025-04-29 07:00:00,32704.0,32897.0,32704.0,32801.0,356900,KBS
2025-05-05 07:00:00,32655.0,32655.0,32123.0,32559.0,657900,KBS
2025-05-06 07:00:00,32801.0,33478.0,32607.0,32801.0,1536800,KBS
2025-05-07 07:00:00,31930.0,32704.0,31930.0,32414.0,2037600,KBS
2025-05-08 07:00:00,32123.0,34639.0,32123.0,34542.0,4048300,KBS
2025-05-09 07:00:00,34542.0,34639.0,33865.0,34010.0,1594600,KBS
2025-05-12 07:00:00,34010.0,34542.0,34010.0,34349.0,1724800,KBS
2025-05-13 07:00:00,34832.0,34832.0,34397.0,34397.0,1535800,KBS
2025-05-14 07:00:00,34542.0,35074.0,34445.0,34542.0,2599300,KBS
2025-05-15 07:00:00,34542.0,34784.0,34252.0,34397.0,1228900,KBS
2025-05-16 07:00:00,34445.0,34929.0,34397.0,34591.0,1451300,KBS
2025-05-19 07:00:00,34542.0,34591.0,33913.0,33962.0,1050100,KBS
2025-05-20 07:00:00,33962.0,34010.0,33623.0,33671.0,847600,KBS
2025-05-21 07:00:00,33817.0,34445.0,33720.0,34155.0,907400,KBS
2025-05-22 07:00:00,34155.0,34155.0,33526.0,33671.0,813800,KBS
2025-05-23 07:00:00,33671.0,33817.0,32994.0,33236.0,1026400,KBS
2025-05-26 07:00:00,33139.0,33671.0,32268.0,33575.0,1114500,KBS
2025-05-27 07:00:00,33720.0,34010.0,33526.0,33623.0,1033800,KBS
2025-05-28 07:00:00,33913.0,34929.0,33913.0,34349.0,1771500,KBS
2025-05-29 07:00:00,34397.0,34397.0,33671.0,33768.0,1258000,KBS
2025-05-30 07:00:00,33575.0,33913.0,33381.0,33381.0,760700,KBS
2025-06-02 07:00:00,33768.0,34445.0,33575.0,34445.0,1837700,KBS
2025-06-03 07:00:00,34591.0,34687.0,34445.0,34494.0,1206000,KBS
2025-06-04 07:00:00,34639.0,35558.0,34591.0,34881.0,2128200,KBS
2025-06-05 07:00:00,35268.0,35316.0,34784.0,34929.0,1411300,KBS
2025-06-06 07:00:00,35074.0,36574.0,35074.0,36187.0,3673900,KBS
2025-06-09 07:00:00,36235.0,36235.0,35365.0,35800.0,1998700,KBS
2025-06-10 07:00:00,35800.0,35800.0,35300.0,35500.0,651600,KBS
2025-06-11 07:00:00,35500.0,35500.0,34950.0,34950.0,897800,KBS
2025-06-12 07:00:00,35450.0,35700.0,35200.0,35250.0,600800,KBS
2025-06-13 07:00:00,36100.0,37700.0,36100.0,37700.0,5447600,KBS
2025-06-16 07:00:00,40000.0,40300.0,38650.0,40300.0,5736900,KBS
2025-06-17 07:00:00,40350.0,40350.0,38950.0,39050.0,2712900,KBS
2025-06-18 07:00:00,40000.0,40200.0,39000.0,39000.0,2508200,KBS
2025-06-19 07:00:00,39150.0,39900.0,38250.0,39550.0,2533800,KBS
2025-06-20 07:00:00,39550.0,39800.0,38650.0,39150.0,1434800,KBS
2025-06-23 07:00:00,41850.0,41850.0,40000.0,40200.0,3038400,KBS
2025-06-24 07:00:00,37800.0,38900.0,37800.0,38050.0,2964800,KBS
2025-06-25 07:00:00,38000.0,38400.0,37100.0,37300.0,1860000,KBS
2025-06-26 07:00:00,37300.0,37700.0,36850.0,37050.0,1507600,KBS
2025-06-27 07:00:00,37100.0,37600.0,36950.0,37300.0,573000,KBS
2025-06-30 07:00:00,37300.0,37500.0,37000.0,37250.0,930200,KBS
2025-07-01 07:00:00,37250.0,37250.0,36900.0,36900.0,1078100,KBS
2025-07-02 07:00:00,36900.0,37100.0,36850.0,36950.0,678300,KBS
2025-07-03 07:00:00,37200.0,37400.0,37000.0,37000.0,781500,KBS
2025-07-04 07:00:00,37000.0,37300.0,37000.0,37250.0,937200,KBS
2025-07-07 07:00:00,37250.0,37300.0,37000.0,37100.0,984200,KBS
2025-07-08 07:00:00,37100.0,37350.0,37100.0,37300.0,1229900,KBS
2025-07-09 07:00:00,37500.0,37850.0,37350.0,37450.0,1348500,KBS
2025-07-10 07:00:00,37500.0,38350.0,37450.0,37900.0,1682800,KBS
2025-07-11 07:00:00,37900.0,37950.0,37600.0,37700.0,1223000,KBS
2025-07-14 07:00:00,37900.0,37900.0,37300.0,37500.0,1239200,KBS
2025-07-15 07:00:00,37500.0,37700.0,37300.0,37300.0,1511400,KBS
2025-07-16 07:00:00,37300.0,37500.0,37050.0,37250.0,1734200,KBS
2025-07-17 07:00:00,37250.0,37350.0,37050.0,37100.0,1791300,KBS
2025-07-18 07:00:00,37150.0,37600.0,37150.0,37300.0,2295400,KBS
2025-07-21 07:00:00,37550.0,37600.0,37100.0,37100.0,1174400,KBS
2025-07-22 07:00:00,37100.0,37150.0,36900.0,37150.0,1523400,KBS
2025-07-23 07:00:00,37250.0,37500.0,37000.0,37250.0,2046600,KBS
2025-07-24 07:00:00,37350.0,38200.0,37300.0,38100.0,4400700,KBS
2025-07-25 07:00:00,38200.0,38600.0,38000.0,38100.0,2922100,KBS
2025-07-28 07:00:00,38150.0,38200.0,37700.0,37850.0,3965000,KBS
2025-07-29 07:00:00,37900.0,38500.0,36500.0,36500.0,7470400,KBS
2025-07-30 07:00:00,37000.0,37000.0,36200.0,36300.0,3099700,KBS
2025-07-31 07:00:00,36600.0,37100.0,36150.0,36250.0,2104500,KBS
2025-08-01 07:00:00,36250.0,36300.0,35650.0,35800.0,3046700,KBS
2025-08-04 07:00:00,36300.0,36850.0,36000.0,36600.0,2611700,KBS
2025-08-05 07:00:00,36900.0,37100.0,36200.0,36600.0,3923500,KBS
2025-08-06 07:00:00,36800.0,37600.0,36700.0,37450.0,2980400,KBS
2025-08-07 07:00:00,37500.0,37550.0,37000.0,37100.0,2324500,KBS
2025-08-08 07:00:00,37100.0,38500.0,37100.0,38200.0,6375200,KBS
2025-08-11 07:00:00,38250.0,38500.0,37650.0,37950.0,2344600,KBS
2025-08-12 07:00:00,38000.0,38850.0,37650.0,38500.0,4940600,KBS
2025-08-13 07:00:00,38650.0,38950.0,37500.0,38000.0,3546500,KBS
2025-08-14 07:00:00,38400.0,38400.0,37550.0,37900.0,2328900,KBS
2025-08-15 07:00:00,38000.0,39750.0,37700.0,38500.0,7512200,KBS
2025-08-18 07:00:00,39200.0,39350.0,38450.0,38800.0,3223300,KBS
2025-08-19 07:00:00,38800.0,39300.0,38350.0,38350.0,4029200,KBS
2025-08-20 07:00:00,38300.0,38350.0,36650.0,37000.0,4907300,KBS
2025-08-21 07:00:00,37000.0,37400.0,36700.0,36900.0,2486700,KBS
2025-08-22 07:00:00,36700.0,36850.0,35850.0,35950.0,3927900,KBS
2025-08-25 07:00:00,36100.0,36500.0,35750.0,35850.0,2063900,KBS
2025-08-26 07:00:00,36000.0,36400.0,35900.0,36350.0,1245400,KBS
2025-08-27 07:00:00,36350.0,36850.0,36150.0,36400.0,1392400,KBS
2025-08-28 07:00:00,36450.0,36800.0,36100.0,36150.0,1883600,KBS
2025-08-29 07:00:00,36500.0,36500.0,36050.0,36100.0,1694600,KBS
2025-09-03 07:00:00,36400.0,36950.0,36300.0,36550.0,1410600,KBS
2025-09-04 07:00:00,36600.0,37000.0,36500.0,36650.0,1443500,KBS
2025-09-05 07:00:00,36800.0,37200.0,36600.0,36600.0,2740600,KBS
2025-09-08 07:00:00,36500.0,36600.0,35500.0,35500.0,3117400,KBS
2025-09-09 07:00:00,35550.0,35700.0,35150.0,35450.0,1657600,KBS
2025-09-10 07:00:00,35600.0,35850.0,35250.0,35400.0,951800,KBS
2025-09-11 07:00:00,35600.0,35700.0,34850.0,35350.0,2030600,KBS
2025-09-12 07:00:00,35400.0,36000.0,35250.0,35600.0,1759700,KBS
2025-09-15 07:00:00,36000.0,36050.0,35600.0,35750.0,1254400,KBS
2025-09-16 07:00:00,36000.0,36300.0,35800.0,35950.0,2344000,KBS
2025-09-17 07:00:00,36150.0,36650.0,36000.0,36100.0,1910400,KBS
2025-09-18 07:00:00,36100.0,36150.0,35550.0,35600.0,1609700,KBS
2025-09-19 07:00:00,35550.0,35750.0,35300.0,35350.0,2152000,KBS
2025-09-22 07:00:00,35400.0,35550.0,34850.0,34850.0,1866700,KBS
2025-09-23 07:00:00,35000.0,35200.0,34750.0,34750.0,1169300,KBS
2025-09-24 07:00:00,34800.0,35050.0,34600.0,35000.0,1194300,KBS
2025-09-25 07:00:00,35150.0,35300.0,35050.0,35050.0,1032600,KBS
2025-09-26 07:00:00,35300.0,35300.0,34800.0,34800.0,804600,KBS
2025-09-29 07:00:00,35200.0,35300.0,34650.0,34750.0,1020300,KBS
2025-09-30 07:00:00,34750.0,34800.0,34000.0,34200.0,1610600,KBS
2025-10-01 07:00:00,34200.0,34450.0,34150.0,34150.0,696000,KBS
2025-10-02 07:00:00,34150.0,34350.0,34000.0,34000.0,1039500,KBS
2025-10-03 07:00:00,34150.0,34150.0,33300.0,33450.0,2004500,KBS
2025-10-06 07:00:00,34000.0,34150.0,33700.0,34150.0,921500,KBS
2025-10-07 07:00:00,34300.0,34350.0,33900.0,33900.0,891600,KBS
2025-10-08 07:00:00,34300.0,34400.0,33900.0,33950.0,1039400,KBS
2025-10-09 07:00:00,34000.0,34400.0,33850.0,34100.0,1216800,KBS
2025-10-10 07:00:00,34150.0,34250.0,33950.0,34050.0,1171100,KBS
2025-10-13 07:00:00,33700.0,34050.0,33550.0,34050.0,1238600,KBS
2025-10-14 07:00:00,34050.0,34300.0,33500.0,33600.0,1916500,KBS
2025-10-15 07:00:00,33600.0,33900.0,33550.0,33700.0,1660100,KBS
2025-10-16 07:00:00,33700.0,33900.0,33400.0,33700.0,1735700,KBS
2025-10-17 07:00:00,33700.0,33750.0,33450.0,33550.0,1940900,KBS
2025-10-20 07:00:00,33500.0,33500.0,32500.0,32700.0,2222300,KBS
2025-10-21 07:00:00,32800.0,33500.0,32800.0,33350.0,1522900,KBS
2025-10-22 07:00:00,33500.0,34500.0,33400.0,34250.0,2047700,KBS
2025-10-23 07:00:00,34600.0,34950.0,34250.0,34250.0,1270200,KBS
2025-10-24 07:00:00,34800.0,34850.0,34250.0,34300.0,1108600,KBS
2025-10-27 07:00:00,34800.0,34800.0,34150.0,34150.0,776900,KBS
2025-10-28 07:00:00,34150.0,34300.0,33850.0,34050.0,641700,KBS
2025-10-29 07:00:00,34100.0,34500.0,34000.0,34500.0,1345200,KBS
2025-10-30 07:00:00,34600.0,34800.0,34400.0,34550.0,793900,KBS
2025-10-31 07:00:00,34550.0,35500.0,34550.0,34550.0,2937600,KBS
2025-11-03 07:00:00,35000.0,35000.0,34300.0,34300.0,1161500,KBS
2025-11-04 07:00:00,34200.0,34500.0,33750.0,34200.0,1942900,KBS
2025-11-05 07:00:00,34300.0,36100.0,34300.0,35200.0,4302700,KBS
2025-11-06 07:00:00,35300.0,35400.0,34700.0,34750.0,2001900,KBS
2025-11-07 07:00:00,34800.0,35000.0,34000.0,34000.0,2556500,KBS
2025-11-10 07:00:00,34150.0,34400.0,33900.0,33900.0,1622400,KBS
2025-11-11 07:00:00,33950.0,34100.0,33700.0,33750.0,1320500,KBS
2025-11-12 07:00:00,34000.0,34050.0,33750.0,34050.0,1081700,KBS
2025-11-13 07:00:00,34050.0,35050.0,34000.0,34500.0,2597000,KBS
2025-11-14 07:00:00,34550.0,34850.0,34400.0,34500.0,1409500,KBS
2025-11-17 07:00:00,34550.0,34700.0,34400.0,34700.0,1654200,KBS
2025-11-18 07:00:00,34650.0,35100.0,34550.0,34550.0,2769100,KBS
2025-11-19 07:00:00,34550.0,34850.0,34400.0,34700.0,1997700,KBS
2025-11-20 07:00:00,34750.0,34850.0,34300.0,34400.0,1406200,KBS
2025-11-21 07:00:00,34250.0,34350.0,33800.0,33950.0,2146100,KBS
2025-11-24 07:00:00,33900.0,34100.0,33750.0,33850.0,806300,KBS
2025-11-25 07:00:00,33850.0,33950.0,33450.0,33500.0,1547200,KBS
2025-11-26 07:00:00,33550.0,34050.0,33550.0,33850.0,592900,KBS
2025-11-27 07:00:00,33850.0,34100.0,33700.0,34000.0,684000,KBS
2025-11-28 07:00:00,34000.0,34050.0,33700.0,33900.0,913400,KBS
2025-12-01 07:00:00,33900.0,34500.0,33900.0,34450.0,1418900,KBS
2025-12-02 07:00:00,34400.0,34900.0,34200.0,34850.0,1938700,KBS
2025-12-03 07:00:00,35200.0,35350.0,34550.0,34600.0,1597900,KBS
2025-12-04 07:00:00,34800.0,35100.0,34550.0,34950.0,1749600,KBS
2025-12-05 07:00:00,34950.0,34950.0,34300.0,34400.0,1113500,KBS
2025-12-08 07:00:00,34450.0,36300.0,34400.0,36050.0,3941600,KBS
2025-12-09 07:00:00,35800.0,35800.0,34900.0,35000.0,1603100,KBS
2025-12-10 07:00:00,35100.0,35100.0,34500.0,34600.0,1073800,KBS
2025-12-11 07:00:00,34700.0,34800.0,34350.0,34400.0,898200,KBS
2025-12-12 07:00:00,34400.0,34450.0,33500.0,33700.0,1618800,KBS
2025-12-15 07:00:00,33850.0,33900.0,33600.0,33900.0,629200,KBS
2025-12-16 07:00:00,34000.0,34550.0,33300.0,34400.0,1592700,KBS
2025-12-17 07:00:00,34300.0,35600.0,34300.0,34650.0,3253800,KBS
2025-12-18 07:00:00,34850.0,35150.0,34600.0,34800.0,935500,KBS
2025-12-19 07:00:00,34800.0,35200.0,34650.0,34850.0,1086500,KBS
2025-12-22 07:00:00,34900.0,35300.0,34900.0,35300.0,1460400,KBS
2025-12-23 07:00:00,35450.0,36100.0,34900.0,35600.0,3530800,KBS
2025-12-24 07:00:00,35550.0,35650.0,35150.0,35150.0,1058800,KBS
2025-12-25 07:00:00,35450.0,35900.0,35050.0,35050.0,1864700,KBS
2025-12-26 07:00:00,35050.0,35550.0,34700.0,35550.0,1963300,KBS
2025-12-29 07:00:00,35700.0,37000.0,35600.0,36500.0,5305400,KBS
2025-12-30 07:00:00,36600.0,36600.0,35700.0,35750.0,1525900,KBS
2025-12-31 07:00:00,35950.0,36300.0,35300.0,35300.0,1541000,KBS
2026-01-05 07:00:00,35900.0,37000.0,35350.0,36300.0,6072100,KBS
2026-01-06 07:00:00,36350.0,38800.0,36300.0,38750.0,13251500,KBS
2026-01-07 07:00:00,39400.0,41450.0,38850.0,41450.0,15146400,KBS
2026-01-08 07:00:00,44000.0,44000.0,40000.0,41500.0,12736300,KBS
2026-01-09 07:00:00,41700.0,44000.0,41500.0,43000.0,8135100,KBS
2026-01-12 07:00:00,44000.0,45550.0,41550.0,42400.0,9725000,KBS
2026-01-13 07:00:00,42400.0,45350.0,42300.0,45350.0,9964700,KBS
2026-01-14 07:00:00,47600.0,48500.0,47000.0,48500.0,15641100,KBS
2026-01-15 07:00:00,48100.0,51800.0,47000.0,51800.0,15407000,KBS
2026-01-16 07:00:00,52000.0,55400.0,50000.0,52000.0,14325800,KBS
2026-01-19 07:00:00,52800.0,55600.0,51500.0,55600.0,11820900,KBS
2026-01-20 07:00:00,58400.0,59400.0,57500.0,59000.0,11931600,KBS
2026-01-21 07:00:00,57800.0,60600.0,55400.0,59100.0,12501000,KBS
2026-01-22 07:00:00,60000.0,61200.0,56300.0,56500.0,9461200,KBS
2026-01-23 07:00:00,56400.0,57300.0,53000.0,54600.0,12328300,KBS
2026-01-26 07:00:00,54300.0,58400.0,54200.0,57000.0,14211800,KBS
2026-01-27 07:00:00,58000.0,60900.0,56500.0,60900.0,13432600,KBS
2026-01-28 07:00:00,63200.0,64800.0,57200.0,58900.0,15553600,KBS
2026-01-29 07:00:00,58200.0,58800.0,56400.0,57700.0,10120500,KBS
2026-01-30 07:00:00,58400.0,59500.0,57700.0,58900.0,6913800,KBS
2026-02-02 07:00:00,57300.0,60900.0,56800.0,60900.0,10121500,KBS
2026-02-03 07:00:00,60500.0,62700.0,59500.0,60000.0,8365200,KBS
2026-02-04 07:00:00,60000.0,61300.0,58700.0,60000.0,5519900,KBS
2026-02-05 07:00:00,60000.0,60700.0,57400.0,57400.0,7237200,KBS
2026-02-06 07:00:00,56500.0,59600.0,54300.0,57000.0,10233300,KBS
2026-02-09 07:00:00,57500.0,58200.0,56500.0,57300.0,2437900,KBS
2026-02-10 07:00:00,57600.0,58400.0,53300.0,53300.0,11387800,KBS
2026-02-11 07:00:00,52000.0,53600.0,50500.0,51700.0,7516800,KBS
2026-02-12 07:00:00,52600.0,53300.0,51600.0,51700.0,2640700,KBS
2026-02-13 07:00:00,51600.0,52700.0,50700.0,52000.0,3678600,KBS
2026-02-23 07:00:00,54500.0,55600.0,53300.0,55600.0,2808000,KBS
2026-02-24 07:00:00,57500.0,58500.0,56700.0,57700.0,9898400,KBS
2026-02-25 07:00:00,57700.0,59800.0,57000.0,58000.0,9033300,KBS
2026-02-26 07:00:00,58500.0,58600.0,56000.0,57500.0,4712800,KBS
2026-02-27 07:00:00,58300.0,61200.0,57500.0,57800.0,6852500,KBS
2026-03-02 07:00:00,61300.0,61800.0,60000.0,61800.0,10141600,KBS
2026-03-03 07:00:00,64100.0,66100.0,58900.0,66100.0,17753500,KBS
2026-03-04 07:00:00,68000.0,70400.0,66000.0,69500.0,11579000,KBS
2026-03-05 07:00:00,69400.0,69500.0,64700.0,64700.0,10215500,KBS
2026-03-06 07:00:00,63600.0,67000.0,60800.0,62000.0,11602800,KBS
2026-03-09 07:00:00,65900.0,65900.0,57700.0,57700.0,13231700,KBS
2026-03-10 07:00:00,55000.0,58100.0,53700.0,53700.0,8193700,KBS
2026-03-11 07:00:00,51600.0,55200.0,51400.0,55200.0,8718600,KBS
2026-03-12 07:00:00,55000.0,55200.0,52000.0,52000.0,7032400,KBS
2026-03-13 07:00:00,52000.0,54400.0,48400.0,48400.0,11908400,KBS
2026-03-16 07:00:00,48000.0,48100.0,45050.0,46700.0,10155600,KBS
2026-03-17 07:00:00,47900.0,48100.0,45350.0,45650.0,3705400,KBS
2026-03-18 07:00:00,45200.0,48800.0,45200.0,48450.0,6619900,KBS
2026-03-19 07:00:00,48100.0,48100.0,45600.0,46000.0,3988500,KBS
2026-03-20 07:00:00,46600.0,46600.0,42800.0,42800.0,7430100,KBS
2026-03-23 07:00:00,41100.0,42950.0,40050.0,41000.0,6716900,KBS
2026-03-24 07:00:00,42000.0,42100.0,38500.0,39800.0,8805600,KBS
2026-03-25 07:00:00,40400.0,42300.0,40400.0,41300.0,4323200,KBS
2026-03-26 07:00:00,41300.0,41300.0,39700.0,39900.0,4222400,KBS
2026-03-27 07:00:00,40200.0,42400.0,40000.0,42250.0,6104900,KBS
2026-03-30 07:00:00,42000.0,43000.0,41400.0,41400.0,5415300,KBS
2026-03-31 07:00:00,41900.0,41900.0,40350.0,40400.0,4149100,KBS
2026-04-01 07:00:00,41100.0,41850.0,40500.0,40700.0,4263100,KBS
2026-04-02 07:00:00,41000.0,41450.0,40050.0,40400.0,2560600,KBS
2026-04-03 07:00:00,40900.0,41350.0,40200.0,40200.0,2933800,KBS
2026-04-06 07:00:00,40200.0,40200.0,38900.0,38900.0,3124000,KBS
2026-04-07 07:00:00,38950.0,39550.0,38550.0,38600.0,1984000,KBS
2026-04-08 07:00:00,39500.0,40750.0,38950.0,40500.0,3490600,KBS
2026-04-09 07:00:00,40500.0,40500.0,39500.0,39500.0,2983000,KBS
2026-04-10 07:00:00,39950.0,42000.0,39550.0,41150.0,5697200,KBS
2026-04-13 07:00:00,41900.0,41950.0,40500.0,40700.0,3019000,KBS
2026-04-14 07:00:00,41200.0,41200.0,40100.0,40150.0,2218200,KBS
2026-04-15 07:00:00,40150.0,40700.0,39650.0,39800.0,2864800,KBS
2026-04-16 07:00:00,40100.0,40100.0,38900.0,39100.0,3333400,KBS
2026-04-17 07:00:00,39400.0,40450.0,38950.0,39950.0,2901300,KBS
2026-04-20 07:00:00,40100.0,40300.0,39300.0,39450.0,1765400,KBS
2026-04-21 07:00:00,39450.0,40000.0,39300.0,39350.0,1986400,KBS
2026-04-22 07:00:00,39600.0,39600.0,39000.0,39000.0,1910900,KBS
2026-04-23 07:00:00,39100.0,39700.0,38000.0,39300.0,3786500,KBS
2026-04-24 07:00:00,39650.0,41350.0,39550.0,39700.0,6401800,KBS
2026-04-28 07:00:00,38200.0,39200.0,36950.0,36950.0,6503400,KBS
2026-04-29 07:00:00,37000.0,37450.0,36250.0,37150.0,3564100,KBS
2026-05-04 07:00:00,38500.0,39750.0,38100.0,38700.0,4403600,KBS
2026-05-05 07:00:00,38650.0,39700.0,37800.0,39250.0,3878000,KBS
2026-05-06 07:00:00,39250.0,39600.0,38650.0,39000.0,3098200,KBS
2026-05-07 07:00:00,38900.0,38900.0,37700.0,37700.0,4485600,KBS
2026-05-08 07:00:00,38100.0,38350.0,37500.0,37600.0,1959300,KBS
2026-05-11 07:00:00,38000.0,38000.0,36600.0,36800.0,5094400,KBS
2026-05-12 07:00:00,37200.0,37900.0,37000.0,37800.0,1738800,KBS
2026-05-13 07:00:00,37800.0,40400.0,37500.0,40350.0,10796000,KBS
2026-05-14 07:00:00,40500.0,41750.0,39750.0,39850.0,5371100,KBS
2026-05-15 07:00:00,39400.0,42350.0,39400.0,42200.0,9229000,KBS
2026-05-18 07:00:00,42600.0,45150.0,42500.0,45150.0,11418400,KBS
2026-05-19 07:00:00,46000.0,47000.0,42000.0,42000.0,14765500,KBS
2026-05-20 07:00:00,41950.0,43900.0,39200.0,43850.0,9839000,KBS
2026-05-21 07:00:00,43900.0,43900.0,42250.0,42950.0,3499000,KBS
2026-05-22 07:00:00,43350.0,43500.0,41650.0,41950.0,4139200,KBS
2026-05-25 07:00:00,41000.0,41300.0,39600.0,39700.0,5757500,KBS
2026-05-26 07:00:00,40100.0,40850.0,39900.0,40000.0,2008600,KBS
2026-05-27 07:00:00,40100.0,40650.0,39450.0,39450.0,2735300,KBS
2026-05-28 07:00:00,39350.0,40500.0,38550.0,39450.0,3792300,KBS
2026-05-29 07:00:00,39450.0,41500.0,38850.0,41000.0,4645500,KBS
2026-06-01 07:00:00,41000.0,41500.0,39750.0,39750.0,2158900,KBS
2026-06-02 07:00:00,40150.0,40400.0,38850.0,38850.0,3073400,KBS
2026-06-03 07:00:00,38850.0,39850.0,38850.0,39150.0,1384800,KBS
2026-06-04 07:00:00,40450.0,41850.0,40350.0,41850.0,6418000,KBS
2026-06-05 07:00:00,42300.0,44000.0,41150.0,42000.0,5041000,KBS
