date,open,high,low,close,volume,_source
2020-01-02 07:00:00,16273.0,16362.0,16273.0,16362.0,4900,KBS
2020-01-03 07:00:00,16362.0,16541.0,16273.0,16273.0,54730,KBS
2020-01-06 07:00:00,16362.0,16899.0,16362.0,16720.0,116250,KBS
2020-01-07 07:00:00,16541.0,16630.0,16362.0,16541.0,34010,KBS
2020-01-08 07:00:00,16541.0,16809.0,16094.0,16362.0,149000,KBS
2020-01-09 07:00:00,16362.0,16362.0,15915.0,15915.0,85000,KBS
2020-01-10 07:00:00,15915.0,15915.0,15647.0,15826.0,65000,KBS
2020-01-13 07:00:00,15647.0,15826.0,15557.0,15557.0,34900,KBS
2020-01-14 07:00:00,15647.0,15647.0,15468.0,15557.0,92400,KBS
2020-01-15 07:00:00,15557.0,15647.0,15557.0,15647.0,29640,KBS
2020-01-16 07:00:00,15647.0,16004.0,15647.0,15736.0,62740,KBS
2020-01-17 07:00:00,15826.0,15826.0,15647.0,15736.0,25400,KBS
2020-01-20 07:00:00,15826.0,16094.0,15647.0,15736.0,61040,KBS
2020-01-21 07:00:00,15826.0,16004.0,15736.0,15915.0,52700,KBS
2020-01-22 07:00:00,15915.0,16094.0,15915.0,16094.0,18900,KBS
2020-01-30 07:00:00,15826.0,16004.0,15647.0,15915.0,46000,KBS
2020-01-31 07:00:00,15736.0,15736.0,15289.0,15289.0,50300,KBS
2020-02-03 07:00:00,15200.0,15200.0,14306.0,14485.0,115175,KBS
2020-02-04 07:00:00,15021.0,15915.0,14037.0,14574.0,78200,KBS
2020-02-05 07:00:00,14574.0,14663.0,14485.0,14574.0,92400,KBS
2020-02-06 07:00:00,14663.0,14842.0,14574.0,14842.0,59670,KBS
2020-02-07 07:00:00,14932.0,14932.0,14842.0,14842.0,75100,KBS
2020-02-10 07:00:00,14753.0,14753.0,14753.0,14753.0,41155,KBS
2020-02-11 07:00:00,14842.0,14932.0,14753.0,14753.0,40330,KBS
2020-02-12 07:00:00,15021.0,16004.0,14663.0,14842.0,46709,KBS
2020-02-13 07:00:00,14842.0,14932.0,14753.0,14842.0,39800,KBS
2020-02-14 07:00:00,14842.0,14842.0,14663.0,14753.0,57800,KBS
2020-02-17 07:00:00,14753.0,14753.0,14395.0,14485.0,68000,KBS
2020-02-18 07:00:00,14485.0,14574.0,13859.0,14306.0,96940,KBS
2020-02-19 07:00:00,14753.0,14753.0,14216.0,14216.0,35510,KBS
2020-02-20 07:00:00,14216.0,14485.0,14127.0,14127.0,46800,KBS
2020-02-21 07:00:00,14306.0,14306.0,14037.0,14037.0,27300,KBS
2020-02-24 07:00:00,13948.0,13948.0,13501.0,13590.0,118900,KBS
2020-02-25 07:00:00,13590.0,14306.0,13322.0,13590.0,109260,KBS
2020-02-26 07:00:00,13590.0,13590.0,13322.0,13412.0,12400,KBS
2020-02-27 07:00:00,13948.0,14127.0,13143.0,13412.0,52810,KBS
2020-02-28 07:00:00,13412.0,13501.0,13233.0,13501.0,76240,KBS
2020-03-02 07:00:00,13501.0,13948.0,13412.0,13590.0,14200,KBS
2020-03-03 07:00:00,13859.0,14127.0,13590.0,13680.0,17500,KBS
2020-03-04 07:00:00,13680.0,13680.0,13501.0,13590.0,12600,KBS
2020-03-05 07:00:00,14037.0,14037.0,13501.0,13501.0,29040,KBS
2020-03-06 07:00:00,13501.0,13590.0,13412.0,13590.0,5400,KBS
2020-03-09 07:00:00,12965.0,14932.0,12249.0,12249.0,80500,KBS
2020-03-10 07:00:00,11266.0,11713.0,11176.0,11623.0,141346,KBS
2020-03-11 07:00:00,11623.0,11623.0,10997.0,11266.0,105700,KBS
2020-03-12 07:00:00,10908.0,10908.0,10193.0,10193.0,109500,KBS
2020-03-13 07:00:00,9478.0,9746.0,9209.0,9299.0,332600,KBS
2020-03-16 07:00:00,9299.0,9478.0,9299.0,9478.0,32200,KBS
2020-03-17 07:00:00,8941.0,9478.0,8941.0,9478.0,52900,KBS
2020-03-18 07:00:00,9478.0,9835.0,9388.0,9567.0,122240,KBS
2020-03-19 07:00:00,9388.0,9478.0,9120.0,9478.0,57100,KBS
2020-03-20 07:00:00,9478.0,9746.0,9299.0,9656.0,124200,KBS
2020-03-23 07:00:00,9656.0,9656.0,8762.0,8762.0,134500,KBS
2020-03-24 07:00:00,8315.0,8762.0,8226.0,8315.0,55450,KBS
2020-03-25 07:00:00,8852.0,8852.0,8315.0,8583.0,168600,KBS
2020-03-26 07:00:00,8583.0,8673.0,8226.0,8226.0,50000,KBS
2020-03-27 07:00:00,8494.0,8673.0,8136.0,8315.0,62700,KBS
2020-03-30 07:00:00,8047.0,8047.0,7510.0,7510.0,149800,KBS
2020-03-31 07:00:00,7510.0,7689.0,6795.0,6795.0,519000,KBS
2020-04-01 07:00:00,6169.0,7332.0,6169.0,7153.0,142400,KBS
2020-04-03 07:00:00,7689.0,7868.0,7510.0,7868.0,147000,KBS
2020-04-06 07:00:00,8315.0,8583.0,8047.0,8583.0,285700,KBS
2020-04-07 07:00:00,9120.0,9209.0,8494.0,9030.0,304530,KBS
2020-04-08 07:00:00,8941.0,9209.0,8494.0,9120.0,177600,KBS
2020-04-09 07:00:00,9120.0,10014.0,9030.0,10014.0,412100,KBS
2020-04-10 07:00:00,9746.0,10282.0,9656.0,10282.0,251010,KBS
2020-04-13 07:00:00,10372.0,11266.0,10282.0,11266.0,233169,KBS
2020-04-14 07:00:00,11266.0,11445.0,10729.0,11266.0,333050,KBS
2020-04-15 07:00:00,10997.0,11355.0,10640.0,11176.0,234600,KBS
2020-04-16 07:00:00,10908.0,11176.0,10729.0,10908.0,178900,KBS
2020-04-17 07:00:00,10997.0,11981.0,10997.0,11981.0,89027,KBS
2020-04-20 07:00:00,11981.0,13143.0,11981.0,13143.0,825600,KBS
2020-04-21 07:00:00,14395.0,14395.0,12428.0,13680.0,892100,KBS
2020-04-22 07:00:00,13412.0,13680.0,12786.0,13412.0,203446,KBS
2020-04-23 07:00:00,13412.0,13859.0,12875.0,13233.0,228520,KBS
2020-04-24 07:00:00,13412.0,13412.0,12607.0,12607.0,171930,KBS
2020-04-27 07:00:00,12607.0,12607.0,11713.0,11892.0,319110,KBS
2020-04-28 07:00:00,11713.0,11892.0,11355.0,11534.0,238600,KBS
2020-04-29 07:00:00,11802.0,12607.0,11623.0,12517.0,216900,KBS
2020-05-04 07:00:00,12965.0,12965.0,12160.0,12428.0,94850,KBS
2020-05-05 07:00:00,12517.0,12517.0,12070.0,12249.0,45300,KBS
2020-05-06 07:00:00,12428.0,12696.0,12070.0,12428.0,184100,KBS
2020-05-07 07:00:00,12428.0,12517.0,12339.0,12428.0,93500,KBS
2020-05-08 07:00:00,12517.0,12696.0,12339.0,12339.0,280620,KBS
2020-05-11 07:00:00,12428.0,12965.0,12339.0,12696.0,290446,KBS
2020-05-12 07:00:00,12786.0,12786.0,12607.0,12696.0,114690,KBS
2020-05-13 07:00:00,12696.0,13948.0,12517.0,13233.0,314020,KBS
2020-05-14 07:00:00,12965.0,13233.0,12875.0,12875.0,167150,KBS
2020-05-15 07:00:00,13054.0,13054.0,12696.0,12875.0,105260,KBS
2020-05-18 07:00:00,12965.0,13143.0,12875.0,12965.0,108080,KBS
2020-05-19 07:00:00,13054.0,13590.0,12965.0,13054.0,153500,KBS
2020-05-20 07:00:00,13054.0,13054.0,12696.0,12965.0,122200,KBS
2020-05-21 07:00:00,13143.0,13143.0,12607.0,12696.0,102523,KBS
2020-05-22 07:00:00,12875.0,12875.0,12339.0,12339.0,183879,KBS
2020-05-25 07:00:00,12339.0,12696.0,12160.0,12607.0,143600,KBS
2020-05-26 07:00:00,12696.0,13501.0,12696.0,13233.0,451720,KBS
2020-05-27 07:00:00,13322.0,13322.0,12875.0,12875.0,130450,KBS
2020-05-28 07:00:00,12965.0,13054.0,12696.0,12786.0,220750,KBS
2020-05-29 07:00:00,12786.0,12786.0,12517.0,12517.0,211600,KBS
2020-06-01 07:00:00,13143.0,13143.0,12696.0,12786.0,51380,KBS
2020-06-02 07:00:00,13054.0,13322.0,12875.0,12965.0,176840,KBS
2020-06-03 07:00:00,13054.0,13143.0,12875.0,13143.0,119930,KBS
2020-06-04 07:00:00,13233.0,13233.0,12965.0,13054.0,132440,KBS
2020-06-05 07:00:00,13054.0,13143.0,12875.0,13143.0,133650,KBS
2020-06-08 07:00:00,13412.0,14306.0,13322.0,14216.0,641490,KBS
2020-06-09 07:00:00,13859.0,14753.0,13680.0,14395.0,475411,KBS
2020-06-10 07:00:00,14663.0,14753.0,14216.0,14663.0,204137,KBS
2020-06-11 07:00:00,14663.0,14663.0,13322.0,13412.0,452229,KBS
2020-06-12 07:00:00,12965.0,13412.0,12339.0,13412.0,259533,KBS
2020-06-15 07:00:00,13412.0,13412.0,12696.0,12696.0,103170,KBS
2020-06-16 07:00:00,12696.0,13054.0,12696.0,12965.0,85360,KBS
2020-06-17 07:00:00,13143.0,13143.0,12786.0,12965.0,84500,KBS
2020-06-18 07:00:00,12965.0,12965.0,12786.0,12875.0,58010,KBS
2020-06-19 07:00:00,12875.0,13948.0,12875.0,13948.0,90600,KBS
2020-06-22 07:00:00,13948.0,13948.0,13501.0,13769.0,146618,KBS
2020-06-23 07:00:00,13859.0,13859.0,13412.0,13590.0,143100,KBS
2020-06-24 07:00:00,13948.0,14932.0,13948.0,14932.0,969290,KBS
2020-06-25 07:00:00,15200.0,15915.0,14753.0,15200.0,445529,KBS
2020-06-26 07:00:00,15200.0,15379.0,14306.0,14485.0,344111,KBS
2020-06-29 07:00:00,14306.0,14395.0,13412.0,13948.0,249650,KBS
2020-06-30 07:00:00,14037.0,14216.0,13501.0,13859.0,221010,KBS
2020-07-01 07:00:00,13859.0,14216.0,13680.0,14216.0,114700,KBS
2020-07-02 07:00:00,14216.0,14485.0,13859.0,14216.0,111200,KBS
2020-07-03 07:00:00,14395.0,14753.0,14216.0,14663.0,241410,KBS
2020-07-06 07:00:00,14842.0,15289.0,14753.0,14932.0,168310,KBS
2020-07-07 07:00:00,14932.0,14932.0,14574.0,14574.0,122819,KBS
2020-07-08 07:00:00,14753.0,14753.0,14395.0,14663.0,84850,KBS
2020-07-09 07:00:00,14753.0,15110.0,14663.0,14932.0,158900,KBS
2020-07-10 07:00:00,14842.0,15200.0,14574.0,14842.0,284488,KBS
2020-07-13 07:00:00,15021.0,15110.0,14574.0,14663.0,164770,KBS
2020-07-14 07:00:00,14663.0,15021.0,14485.0,14932.0,173049,KBS
2020-07-15 07:00:00,15110.0,15200.0,14842.0,14842.0,147052,KBS
2020-07-16 07:00:00,14842.0,15021.0,14753.0,14753.0,97800,KBS
2020-07-17 07:00:00,15200.0,15915.0,15110.0,15379.0,830500,KBS
2020-07-20 07:00:00,15557.0,15647.0,14932.0,15021.0,266020,KBS
2020-07-21 07:00:00,15021.0,15110.0,14663.0,14753.0,172300,KBS
2020-07-22 07:00:00,14842.0,15110.0,14842.0,14842.0,163410,KBS
2020-07-23 07:00:00,14932.0,15110.0,14663.0,15110.0,187270,KBS
2020-07-24 07:00:00,15021.0,15110.0,13680.0,13769.0,515276,KBS
2020-07-27 07:00:00,13322.0,13412.0,12428.0,12428.0,366837,KBS
2020-07-28 07:00:00,12070.0,13233.0,11981.0,13143.0,234800,KBS
2020-07-29 07:00:00,12965.0,12965.0,12070.0,12517.0,219810,KBS
2020-07-30 07:00:00,12696.0,12965.0,12428.0,12875.0,184850,KBS
2020-07-31 07:00:00,12517.0,12875.0,12517.0,12517.0,159932,KBS
2020-08-03 07:00:00,12607.0,13054.0,12517.0,12965.0,190416,KBS
2020-08-04 07:00:00,13143.0,13501.0,13054.0,13322.0,287360,KBS
2020-08-05 07:00:00,13322.0,14216.0,13322.0,14037.0,278112,KBS
2020-08-06 07:00:00,14395.0,14395.0,13948.0,14216.0,215211,KBS
2020-08-07 07:00:00,14306.0,14306.0,13948.0,14127.0,206573,KBS
2020-08-10 07:00:00,14127.0,14574.0,14037.0,14306.0,253860,KBS
2020-08-11 07:00:00,14395.0,14663.0,14306.0,14306.0,176347,KBS
2020-08-12 07:00:00,14395.0,14574.0,14306.0,14574.0,252139,KBS
2020-08-13 07:00:00,14574.0,14842.0,14485.0,14574.0,208753,KBS
2020-08-14 07:00:00,14663.0,14663.0,14127.0,14216.0,213070,KBS
2020-08-17 07:00:00,14216.0,14395.0,14037.0,14395.0,87410,KBS
2020-08-18 07:00:00,14395.0,14395.0,14037.0,14216.0,111770,KBS
2020-08-19 07:00:00,14395.0,14395.0,14216.0,14216.0,146358,KBS
2020-08-20 07:00:00,14306.0,14395.0,14127.0,14216.0,97260,KBS
2020-08-21 07:00:00,14216.0,14485.0,14216.0,14485.0,144348,KBS
2020-08-24 07:00:00,14574.0,15289.0,14574.0,15021.0,451714,KBS
2020-08-25 07:00:00,15021.0,15647.0,15021.0,15557.0,536193,KBS
2020-08-26 07:00:00,15468.0,16541.0,15468.0,16273.0,675805,KBS
2020-08-27 07:00:00,16273.0,16630.0,15915.0,16452.0,433978,KBS
2020-08-28 07:00:00,16541.0,16541.0,16004.0,16004.0,415787,KBS
2020-08-31 07:00:00,16094.0,16183.0,15826.0,16004.0,392893,KBS
2020-09-01 07:00:00,16004.0,16720.0,16004.0,16273.0,305610,KBS
2020-09-03 07:00:00,16273.0,16630.0,16094.0,16094.0,249894,KBS
2020-09-04 07:00:00,16094.0,16273.0,15647.0,16183.0,233551,KBS
2020-09-07 07:00:00,16004.0,16273.0,15915.0,15915.0,258631,KBS
2020-09-08 07:00:00,15915.0,16004.0,15826.0,16004.0,152490,KBS
2020-09-09 07:00:00,15826.0,16452.0,15647.0,16183.0,575130,KBS
2020-09-10 07:00:00,16273.0,16362.0,16094.0,16273.0,158475,KBS
2020-09-11 07:00:00,16273.0,16362.0,16094.0,16183.0,149215,KBS
2020-09-14 07:00:00,16183.0,16452.0,16094.0,16452.0,444282,KBS
2020-09-15 07:00:00,16452.0,16720.0,16452.0,16630.0,363024,KBS
2020-09-16 07:00:00,16630.0,18061.0,16630.0,17524.0,607922,KBS
2020-09-17 07:00:00,17524.0,17614.0,16720.0,17167.0,364007,KBS
2020-09-18 07:00:00,16899.0,17167.0,16809.0,16988.0,207829,KBS
2020-09-21 07:00:00,17077.0,17256.0,16809.0,16809.0,317859,KBS
2020-09-22 07:00:00,16809.0,16988.0,16630.0,16988.0,395074,KBS
2020-09-23 07:00:00,17077.0,17256.0,16899.0,17077.0,255703,KBS
2020-09-24 07:00:00,17077.0,17455.0,16606.0,16606.0,426294,KBS
2020-09-25 07:00:00,16606.0,16700.0,16134.0,16323.0,365422,KBS
2020-09-28 07:00:00,16417.0,16511.0,16040.0,16040.0,331267,KBS
2020-09-29 07:00:00,16040.0,16417.0,16040.0,16040.0,337628,KBS
2020-09-30 07:00:00,16040.0,16134.0,15757.0,15945.0,170010,KBS
2020-10-01 07:00:00,15945.0,16323.0,15945.0,16040.0,276956,KBS
2020-10-02 07:00:00,16228.0,16228.0,15473.0,15757.0,302450,KBS
2020-10-05 07:00:00,15945.0,16323.0,15851.0,16323.0,316514,KBS
2020-10-06 07:00:00,16511.0,16700.0,16228.0,16700.0,468324,KBS
2020-10-07 07:00:00,16606.0,16606.0,16228.0,16323.0,218530,KBS
2020-10-08 07:00:00,16323.0,16606.0,16134.0,16228.0,177316,KBS
2020-10-09 07:00:00,16040.0,16323.0,16040.0,16134.0,110384,KBS
2020-10-12 07:00:00,16228.0,16323.0,15757.0,15757.0,210065,KBS
2020-10-13 07:00:00,15757.0,15851.0,15662.0,15757.0,159390,KBS
2020-10-14 07:00:00,15757.0,15757.0,15379.0,15568.0,204263,KBS
2020-10-15 07:00:00,15379.0,15568.0,15190.0,15285.0,217983,KBS
2020-10-16 07:00:00,15285.0,15285.0,15096.0,15285.0,179261,KBS
2020-10-19 07:00:00,15285.0,15285.0,14341.0,14341.0,479001,KBS
2020-10-20 07:00:00,14247.0,14247.0,13209.0,13869.0,382895,KBS
2020-10-21 07:00:00,13869.0,13964.0,13398.0,13775.0,204536,KBS
2020-10-22 07:00:00,13775.0,13775.0,13586.0,13681.0,109060,KBS
2020-10-23 07:00:00,13586.0,13869.0,13492.0,13869.0,111040,KBS
2020-10-26 07:00:00,13869.0,13869.0,13586.0,13681.0,184681,KBS
2020-10-27 07:00:00,13681.0,13775.0,13303.0,13398.0,127052,KBS
2020-10-28 07:00:00,13398.0,13398.0,12737.0,12832.0,264730,KBS
2020-10-29 07:00:00,12737.0,12926.0,12549.0,12926.0,86274,KBS
2020-10-30 07:00:00,13303.0,13492.0,13115.0,13209.0,137300,KBS
2020-11-02 07:00:00,13303.0,13303.0,13020.0,13209.0,45487,KBS
2020-11-03 07:00:00,13398.0,13586.0,13303.0,13303.0,53501,KBS
2020-11-04 07:00:00,13303.0,14058.0,13209.0,13775.0,188460,KBS
2020-11-05 07:00:00,13869.0,13869.0,13586.0,13586.0,88000,KBS
2020-11-06 07:00:00,13681.0,13681.0,13398.0,13492.0,24300,KBS
2020-11-09 07:00:00,13492.0,13681.0,13492.0,13586.0,73928,KBS
2020-11-10 07:00:00,13775.0,14153.0,13775.0,13775.0,218568,KBS
2020-11-11 07:00:00,13964.0,14341.0,13869.0,14153.0,229100,KBS
2020-11-12 07:00:00,14247.0,14530.0,14247.0,14436.0,183450,KBS
2020-11-13 07:00:00,14530.0,14530.0,14153.0,14247.0,129100,KBS
2020-11-16 07:00:00,14341.0,14341.0,13775.0,13775.0,214809,KBS
2020-11-17 07:00:00,13775.0,14153.0,13681.0,14153.0,200250,KBS
2020-11-18 07:00:00,14153.0,14153.0,13869.0,14058.0,197060,KBS
2020-11-19 07:00:00,13964.0,14436.0,13964.0,14341.0,254571,KBS
2020-11-20 07:00:00,14436.0,15002.0,14436.0,14719.0,348177,KBS
2020-11-23 07:00:00,14719.0,14719.0,14436.0,14719.0,156886,KBS
2020-11-24 07:00:00,14624.0,14719.0,14341.0,14436.0,201250,KBS
2020-11-25 07:00:00,14624.0,14907.0,14436.0,14530.0,239943,KBS
2020-11-26 07:00:00,14530.0,14530.0,14341.0,14530.0,83232,KBS
2020-11-27 07:00:00,14530.0,14530.0,14341.0,14341.0,100488,KBS
2020-11-30 07:00:00,14247.0,14436.0,14247.0,14247.0,118830,KBS
2020-12-01 07:00:00,14153.0,14341.0,13775.0,14153.0,145350,KBS
2020-12-02 07:00:00,14153.0,14153.0,13964.0,14058.0,122268,KBS
2020-12-03 07:00:00,14153.0,14247.0,13964.0,14058.0,112327,KBS
2020-12-04 07:00:00,14247.0,14624.0,14153.0,14624.0,393869,KBS
2020-12-07 07:00:00,14813.0,15568.0,14719.0,15473.0,441295,KBS
2020-12-08 07:00:00,15473.0,15473.0,15096.0,15285.0,245701,KBS
2020-12-09 07:00:00,15473.0,15473.0,15190.0,15190.0,372061,KBS
2020-12-10 07:00:00,15285.0,15285.0,14907.0,15096.0,285074,KBS
2020-12-11 07:00:00,15096.0,15379.0,15096.0,15285.0,384043,KBS
2020-12-14 07:00:00,15379.0,15568.0,15285.0,15285.0,300755,KBS
2020-12-15 07:00:00,15285.0,16228.0,15096.0,15851.0,823641,KBS
2020-12-16 07:00:00,15851.0,16040.0,15662.0,15851.0,157895,KBS
2020-12-17 07:00:00,15851.0,15851.0,15473.0,15568.0,282502,KBS
2020-12-18 07:00:00,15568.0,16228.0,15568.0,16040.0,671612,KBS
2020-12-21 07:00:00,16228.0,16889.0,16228.0,16511.0,645317,KBS
2020-12-22 07:00:00,15002.0,17549.0,15002.0,17172.0,778611,KBS
2020-12-23 07:00:00,17172.0,17455.0,16606.0,16606.0,896439,KBS
2020-12-24 07:00:00,16700.0,16889.0,15851.0,16323.0,477320,KBS
2020-12-25 07:00:00,16323.0,16700.0,16134.0,16700.0,246867,KBS
2020-12-28 07:00:00,16794.0,17927.0,16606.0,17549.0,1069556,KBS
2020-12-29 07:00:00,17738.0,18115.0,17360.0,17455.0,602005,KBS
2020-12-30 07:00:00,17455.0,17455.0,16794.0,17077.0,358210,KBS
2020-12-31 07:00:00,17077.0,17172.0,16700.0,16983.0,332711,KBS
2021-01-04 07:00:00,17172.0,17549.0,16983.0,17360.0,579213,KBS
2021-01-05 07:00:00,17360.0,17455.0,16983.0,16983.0,410890,KBS
2021-01-06 07:00:00,17172.0,17549.0,16983.0,17077.0,657234,KBS
2021-01-07 07:00:00,17360.0,17549.0,16889.0,17360.0,620084,KBS
2021-01-08 07:00:00,17455.0,18398.0,17455.0,18398.0,1063832,KBS
2021-01-11 07:00:00,18681.0,20191.0,18681.0,20191.0,1559560,KBS
2021-01-12 07:00:00,21889.0,22172.0,19531.0,20757.0,872011,KBS
2021-01-13 07:00:00,20757.0,21229.0,19908.0,20097.0,683779,KBS
2021-01-14 07:00:00,20285.0,20474.0,19342.0,20097.0,436199,KBS
2021-01-15 07:00:00,20191.0,21040.0,20002.0,20946.0,793862,KBS
2021-01-18 07:00:00,20757.0,20946.0,20285.0,20380.0,466411,KBS
2021-01-19 07:00:00,20568.0,20568.0,18398.0,18398.0,868289,KBS
2021-01-20 07:00:00,18398.0,18587.0,16606.0,18398.0,716998,KBS
2021-01-21 07:00:00,18587.0,19342.0,18115.0,19059.0,474320,KBS
2021-01-22 07:00:00,19059.0,19436.0,18776.0,18776.0,457086,KBS
2021-01-25 07:00:00,18681.0,18776.0,18115.0,18493.0,391392,KBS
2021-01-26 07:00:00,18493.0,18493.0,16700.0,16983.0,462910,KBS
2021-01-27 07:00:00,16700.0,16889.0,15379.0,15473.0,486648,KBS
2021-01-28 07:00:00,15473.0,15473.0,13964.0,13964.0,515512,KBS
2021-01-29 07:00:00,12643.0,15002.0,12643.0,14719.0,397640,KBS
2021-02-01 07:00:00,15096.0,15096.0,13775.0,13775.0,159870,KBS
2021-02-02 07:00:00,13681.0,14341.0,13586.0,14153.0,187600,KBS
2021-02-03 07:00:00,14530.0,15568.0,14247.0,15568.0,492526,KBS
2021-02-04 07:00:00,15662.0,16417.0,15662.0,16228.0,373000,KBS
2021-02-05 07:00:00,15945.0,16511.0,15945.0,16228.0,175505,KBS
2021-02-08 07:00:00,16228.0,16606.0,15002.0,15568.0,334340,KBS
2021-02-09 07:00:00,15568.0,16228.0,15568.0,16040.0,315225,KBS
2021-02-17 07:00:00,16794.0,17644.0,16794.0,17644.0,479421,KBS
2021-02-18 07:00:00,19342.0,19342.0,17927.0,18398.0,634584,KBS
2021-02-19 07:00:00,18398.0,18398.0,17549.0,17644.0,387000,KBS
2021-02-22 07:00:00,16983.0,17927.0,16983.0,17644.0,417410,KBS
2021-02-23 07:00:00,17644.0,18398.0,17644.0,18021.0,538810,KBS
2021-02-24 07:00:00,18115.0,18304.0,17455.0,17455.0,412579,KBS
2021-02-25 07:00:00,17549.0,18210.0,17360.0,17738.0,199032,KBS
2021-02-26 07:00:00,17738.0,17738.0,17266.0,17738.0,334900,KBS
2021-03-01 07:00:00,17738.0,18398.0,17455.0,18210.0,483536,KBS
2021-03-02 07:00:00,18210.0,18210.0,17832.0,18021.0,195641,KBS
2021-03-03 07:00:00,18210.0,18210.0,17549.0,17738.0,248352,KBS
2021-03-04 07:00:00,18115.0,19059.0,16889.0,18870.0,884701,KBS
2021-03-05 07:00:00,19153.0,20097.0,19153.0,19625.0,1068191,KBS
2021-03-08 07:00:00,19625.0,20757.0,19625.0,20097.0,555049,KBS
2021-03-09 07:00:00,20097.0,20097.0,18870.0,18870.0,657944,KBS
2021-03-10 07:00:00,18870.0,18870.0,18304.0,18681.0,483758,KBS
2021-03-11 07:00:00,18870.0,19247.0,18681.0,18870.0,278600,KBS
2021-03-12 07:00:00,18870.0,19531.0,18398.0,18681.0,388967,KBS
2021-03-15 07:00:00,18681.0,18964.0,18398.0,18493.0,226111,KBS
2021-03-16 07:00:00,18493.0,18493.0,17927.0,18210.0,294291,KBS
2021-03-17 07:00:00,17927.0,18776.0,17927.0,18681.0,248900,KBS
2021-03-18 07:00:00,18681.0,19153.0,18398.0,18587.0,129602,KBS
2021-03-19 07:00:00,18304.0,18398.0,17455.0,18304.0,366400,KBS
2021-03-22 07:00:00,18304.0,18398.0,17927.0,18021.0,249052,KBS
2021-03-23 07:00:00,17832.0,17927.0,17360.0,17549.0,500100,KBS
2021-03-24 07:00:00,17455.0,17455.0,16323.0,16889.0,533380,KBS
2021-03-25 07:00:00,16983.0,17077.0,16040.0,16511.0,279200,KBS
2021-03-26 07:00:00,16606.0,16700.0,15379.0,16606.0,346583,KBS
2021-03-29 07:00:00,16794.0,16983.0,16323.0,16794.0,139900,KBS
2021-03-30 07:00:00,16794.0,17077.0,16700.0,17077.0,218100,KBS
2021-03-31 07:00:00,16983.0,17360.0,16889.0,17172.0,237835,KBS
2021-04-01 07:00:00,17172.0,17738.0,16794.0,17644.0,347410,KBS
2021-04-02 07:00:00,17644.0,18021.0,17360.0,17549.0,183000,KBS
2021-04-05 07:00:00,17455.0,17549.0,17172.0,17360.0,314633,KBS
2021-04-06 07:00:00,17266.0,17360.0,16983.0,17360.0,285900,KBS
2021-04-07 07:00:00,17549.0,17738.0,17266.0,17549.0,256030,KBS
2021-04-08 07:00:00,17549.0,17644.0,17266.0,17549.0,264810,KBS
2021-04-09 07:00:00,17927.0,17927.0,17172.0,17360.0,486734,KBS
2021-04-12 07:00:00,17266.0,17266.0,16889.0,16983.0,584018,KBS
2021-04-13 07:00:00,16983.0,17077.0,16794.0,16889.0,348520,KBS
2021-04-14 07:00:00,16794.0,16889.0,16511.0,16794.0,237260,KBS
2021-04-15 07:00:00,16983.0,17172.0,16511.0,16700.0,294406,KBS
2021-04-16 07:00:00,16794.0,16794.0,16040.0,16511.0,241910,KBS
2021-04-19 07:00:00,16134.0,16323.0,15945.0,16134.0,166719,KBS
2021-04-20 07:00:00,16228.0,16228.0,15945.0,15945.0,183130,KBS
2021-04-22 07:00:00,15851.0,15945.0,14530.0,14530.0,285700,KBS
2021-04-23 07:00:00,14719.0,15190.0,14247.0,15096.0,194300,KBS
2021-04-26 07:00:00,15379.0,15379.0,14530.0,14530.0,103903,KBS
2021-04-27 07:00:00,14530.0,14624.0,14153.0,14530.0,68200,KBS
2021-04-28 07:00:00,14624.0,14907.0,14436.0,14813.0,78700,KBS
2021-04-29 07:00:00,14813.0,15096.0,14530.0,14719.0,98800,KBS
2021-05-04 07:00:00,14153.0,14719.0,14153.0,14624.0,186930,KBS
2021-05-05 07:00:00,14530.0,15662.0,14530.0,15662.0,270811,KBS
2021-05-06 07:00:00,15473.0,15568.0,14907.0,15096.0,154000,KBS
2021-05-07 07:00:00,14813.0,15002.0,14530.0,14813.0,91522,KBS
2021-05-10 07:00:00,14813.0,14813.0,14247.0,14530.0,120000,KBS
2021-05-11 07:00:00,14530.0,14907.0,14153.0,14719.0,162102,KBS
2021-05-12 07:00:00,14719.0,15096.0,14719.0,14907.0,91600,KBS
2021-05-13 07:00:00,14907.0,15190.0,14530.0,14530.0,133000,KBS
2021-05-14 07:00:00,14530.0,14624.0,14341.0,14530.0,107900,KBS
2021-05-17 07:00:00,14530.0,14624.0,14247.0,14436.0,125340,KBS
2021-05-18 07:00:00,14436.0,14436.0,14153.0,14247.0,165400,KBS
2021-05-19 07:00:00,14247.0,14247.0,13681.0,13775.0,206010,KBS
2021-05-20 07:00:00,13775.0,13775.0,13115.0,13209.0,184431,KBS
2021-05-21 07:00:00,13209.0,13775.0,12643.0,13681.0,356200,KBS
2021-05-24 07:00:00,13681.0,13964.0,13586.0,13775.0,113010,KBS
2021-05-25 07:00:00,13775.0,14436.0,13775.0,14247.0,186000,KBS
2021-05-26 07:00:00,14247.0,14247.0,13775.0,13964.0,97703,KBS
2021-05-27 07:00:00,13964.0,13964.0,13492.0,13586.0,140300,KBS
2021-05-28 07:00:00,13586.0,14247.0,13586.0,14153.0,277405,KBS
2021-05-31 07:00:00,14247.0,15002.0,13869.0,14907.0,340913,KBS
2021-06-01 07:00:00,14341.0,15851.0,14341.0,15379.0,418755,KBS
2021-06-02 07:00:00,15379.0,16134.0,15379.0,16040.0,530200,KBS
2021-06-03 07:00:00,16134.0,16511.0,15662.0,16040.0,613854,KBS
2021-06-04 07:00:00,16040.0,17644.0,15473.0,17549.0,1255867,KBS
2021-06-07 07:00:00,17927.0,18681.0,16700.0,17549.0,692538,KBS
2021-06-08 07:00:00,17832.0,17832.0,15851.0,15851.0,378400,KBS
2021-06-09 07:00:00,15851.0,16228.0,15379.0,15851.0,395736,KBS
2021-06-10 07:00:00,15851.0,15851.0,14624.0,15002.0,514500,KBS
2021-06-11 07:00:00,15285.0,16040.0,15002.0,15379.0,226506,KBS
2021-06-14 07:00:00,15568.0,16040.0,15379.0,15568.0,190740,KBS
2021-06-15 07:00:00,15945.0,15945.0,15285.0,15285.0,246915,KBS
2021-06-16 07:00:00,15285.0,15851.0,15285.0,15568.0,301200,KBS
2021-06-17 07:00:00,15568.0,16040.0,15379.0,15757.0,263900,KBS
2021-06-18 07:00:00,15757.0,15757.0,15190.0,15662.0,215479,KBS
2021-06-21 07:00:00,15662.0,16228.0,15379.0,15851.0,314300,KBS
2021-06-22 07:00:00,15851.0,16889.0,15851.0,16511.0,748628,KBS
2021-06-23 07:00:00,16511.0,16606.0,15851.0,16040.0,159500,KBS
2021-06-24 07:00:00,16040.0,16040.0,15757.0,15851.0,137700,KBS
2021-06-25 07:00:00,15851.0,15851.0,15285.0,15757.0,261603,KBS
2021-06-28 07:00:00,15757.0,16040.0,15379.0,15568.0,268235,KBS
2021-06-29 07:00:00,15568.0,15568.0,15285.0,15379.0,333605,KBS
2021-06-30 07:00:00,15379.0,15473.0,15190.0,15190.0,87400,KBS
2021-07-01 07:00:00,15190.0,15379.0,14719.0,15002.0,227700,KBS
2021-07-02 07:00:00,15190.0,15568.0,15190.0,15379.0,139800,KBS
2021-07-05 07:00:00,15568.0,15662.0,14719.0,15096.0,118818,KBS
2021-07-06 07:00:00,15285.0,15285.0,14530.0,14530.0,167000,KBS
2021-07-07 07:00:00,14341.0,14530.0,13681.0,14153.0,220500,KBS
2021-07-08 07:00:00,13681.0,14058.0,13681.0,13964.0,126700,KBS
2021-07-09 07:00:00,13964.0,13964.0,13209.0,13303.0,220900,KBS
2021-07-12 07:00:00,13303.0,13303.0,12077.0,12549.0,257100,KBS
2021-07-13 07:00:00,12549.0,13020.0,12549.0,12926.0,128900,KBS
2021-07-14 07:00:00,13020.0,13586.0,13020.0,13209.0,70100,KBS
2021-07-15 07:00:00,13209.0,13492.0,12926.0,13492.0,71600,KBS
2021-07-16 07:00:00,13398.0,13586.0,12737.0,12926.0,110600,KBS
2021-07-19 07:00:00,12737.0,12737.0,11888.0,11888.0,245100,KBS
2021-07-20 07:00:00,11794.0,12454.0,11322.0,12454.0,111600,KBS
2021-07-21 07:00:00,12454.0,12643.0,12266.0,12360.0,49448,KBS
2021-07-22 07:00:00,12360.0,12832.0,12360.0,12643.0,80450,KBS
2021-07-23 07:00:00,12643.0,12643.0,12266.0,12454.0,74214,KBS
2021-07-26 07:00:00,12454.0,12643.0,12266.0,12643.0,51900,KBS
2021-07-27 07:00:00,12360.0,12926.0,12360.0,12643.0,114300,KBS
2021-07-28 07:00:00,12643.0,12643.0,12360.0,12360.0,59286,KBS
2021-07-29 07:00:00,12360.0,12832.0,12360.0,12832.0,59011,KBS
2021-07-30 07:00:00,12737.0,12832.0,12549.0,12737.0,69400,KBS
2021-08-02 07:00:00,12549.0,12832.0,12454.0,12832.0,94200,KBS
2021-08-03 07:00:00,12643.0,12737.0,12643.0,12737.0,34529,KBS
2021-08-04 07:00:00,12832.0,13020.0,12643.0,12832.0,90314,KBS
2021-08-05 07:00:00,12832.0,12926.0,12643.0,12926.0,71158,KBS
2021-08-06 07:00:00,12926.0,13209.0,12832.0,13020.0,127820,KBS
2021-08-09 07:00:00,13020.0,13115.0,12832.0,13115.0,57030,KBS
2021-08-10 07:00:00,13115.0,13681.0,13115.0,13681.0,170362,KBS
2021-08-11 07:00:00,13775.0,13869.0,13681.0,13681.0,156555,KBS
2021-08-12 07:00:00,13681.0,13681.0,13398.0,13492.0,91500,KBS
2021-08-13 07:00:00,13492.0,13492.0,12926.0,13115.0,124960,KBS
2021-08-16 07:00:00,13115.0,13398.0,13115.0,13398.0,101910,KBS
2021-08-17 07:00:00,13398.0,13492.0,13209.0,13398.0,108400,KBS
2021-08-18 07:00:00,13398.0,13492.0,13209.0,13398.0,63800,KBS
2021-08-19 07:00:00,13398.0,13398.0,13209.0,13303.0,87900,KBS
2021-08-20 07:00:00,13303.0,13303.0,12737.0,12926.0,128401,KBS
2021-08-23 07:00:00,12926.0,12926.0,12266.0,12360.0,132608,KBS
2021-08-24 07:00:00,12454.0,12737.0,12454.0,12643.0,57152,KBS
2021-08-25 07:00:00,12549.0,12737.0,12549.0,12737.0,28400,KBS
2021-08-26 07:00:00,12832.0,12832.0,12643.0,12737.0,50702,KBS
2021-08-27 07:00:00,12549.0,12737.0,12549.0,12643.0,72855,KBS
2021-08-30 07:00:00,12737.0,13115.0,12737.0,13115.0,71377,KBS
2021-08-31 07:00:00,13115.0,13303.0,13020.0,13209.0,79050,KBS
2021-09-01 07:00:00,13209.0,13209.0,13020.0,13209.0,41715,KBS
2021-09-06 07:00:00,13209.0,14058.0,13209.0,14058.0,245314,KBS
2021-09-07 07:00:00,13964.0,13964.0,13586.0,13586.0,105448,KBS
2021-09-08 07:00:00,13586.0,13586.0,13398.0,13586.0,27130,KBS
2021-09-09 07:00:00,13492.0,13775.0,13398.0,13586.0,90914,KBS
2021-09-10 07:00:00,13586.0,13586.0,13398.0,13398.0,81750,KBS
2021-09-13 07:00:00,13586.0,13964.0,13398.0,13775.0,239052,KBS
2021-09-14 07:00:00,13775.0,13869.0,13398.0,13398.0,85041,KBS
2021-09-15 07:00:00,13398.0,14247.0,13398.0,14058.0,241271,KBS
2021-09-16 07:00:00,14341.0,14813.0,14153.0,14247.0,291362,KBS
2021-09-17 07:00:00,14247.0,14341.0,14153.0,14247.0,149012,KBS
2021-09-20 07:00:00,14341.0,14341.0,13964.0,13964.0,249221,KBS
2021-09-21 07:00:00,13869.0,14058.0,13492.0,14058.0,185015,KBS
2021-09-22 07:00:00,14153.0,15190.0,13964.0,14907.0,363987,KBS
2021-09-23 07:00:00,14624.0,15473.0,14530.0,14813.0,379650,KBS
2021-09-24 07:00:00,15002.0,15096.0,14436.0,14813.0,191946,KBS
2021-09-27 07:00:00,14813.0,15096.0,14153.0,14153.0,144250,KBS
2021-09-28 07:00:00,14247.0,15190.0,13964.0,15096.0,389052,KBS
2021-09-29 07:00:00,15379.0,15473.0,14624.0,14624.0,125818,KBS
2021-09-30 07:00:00,14624.0,15002.0,14530.0,14907.0,126004,KBS
2021-10-01 07:00:00,14907.0,15379.0,14530.0,15190.0,545959,KBS
2021-10-04 07:00:00,14530.0,16700.0,14530.0,16228.0,1219921,KBS
2021-10-05 07:00:00,16228.0,16606.0,16040.0,16228.0,319181,KBS
2021-10-06 07:00:00,16417.0,16983.0,16134.0,16134.0,442359,KBS
2021-10-07 07:00:00,16134.0,16134.0,15473.0,15662.0,414640,KBS
2021-10-08 07:00:00,15757.0,16040.0,15379.0,15379.0,274864,KBS
2021-10-11 07:00:00,15379.0,16323.0,15379.0,15757.0,154862,KBS
2021-10-12 07:00:00,15662.0,16040.0,15473.0,16040.0,315000,KBS
2021-10-13 07:00:00,16040.0,16228.0,15662.0,15851.0,239500,KBS
2021-10-14 07:00:00,16040.0,16323.0,15945.0,16134.0,253784,KBS
2021-10-15 07:00:00,16228.0,16511.0,15851.0,15945.0,351210,KBS
2021-10-18 07:00:00,16323.0,16606.0,15945.0,16417.0,490425,KBS
2021-10-19 07:00:00,16417.0,16511.0,16323.0,16323.0,235935,KBS
2021-10-20 07:00:00,16323.0,16700.0,16323.0,16417.0,443581,KBS
2021-10-21 07:00:00,16511.0,16606.0,16134.0,16417.0,226314,KBS
2021-10-22 07:00:00,16417.0,16417.0,16134.0,16134.0,209213,KBS
2021-10-25 07:00:00,16134.0,16794.0,16134.0,16606.0,481120,KBS
2021-10-26 07:00:00,16606.0,16606.0,16323.0,16511.0,164108,KBS
2021-10-27 07:00:00,16511.0,16794.0,16511.0,16794.0,397350,KBS
2021-10-28 07:00:00,16889.0,16983.0,16606.0,16700.0,309014,KBS
2021-10-29 07:00:00,16700.0,17100.0,16600.0,16800.0,165128,KBS
2021-11-01 07:00:00,16800.0,16900.0,16300.0,16400.0,484765,KBS
2021-11-02 07:00:00,16400.0,16500.0,16000.0,16500.0,418666,KBS
2021-11-03 07:00:00,16500.0,17000.0,16500.0,16600.0,477400,KBS
2021-11-04 07:00:00,16600.0,16700.0,16300.0,16700.0,163303,KBS
2021-11-05 07:00:00,16600.0,16900.0,16400.0,16600.0,196200,KBS
2021-11-08 07:00:00,16700.0,16900.0,16600.0,16800.0,299653,KBS
2021-11-09 07:00:00,16800.0,17000.0,16700.0,16800.0,175271,KBS
2021-11-10 07:00:00,16800.0,17500.0,16800.0,17500.0,617853,KBS
2021-11-11 07:00:00,17500.0,17700.0,17300.0,17400.0,357505,KBS
2021-11-12 07:00:00,17500.0,17500.0,17100.0,17300.0,146530,KBS
2021-11-15 07:00:00,17300.0,17400.0,16900.0,17300.0,417491,KBS
2021-11-16 07:00:00,17300.0,17400.0,17100.0,17300.0,317629,KBS
2021-11-17 07:00:00,17300.0,17700.0,17200.0,17700.0,252729,KBS
2021-11-18 07:00:00,17700.0,17900.0,17600.0,17600.0,320055,KBS
2021-11-19 07:00:00,17700.0,17800.0,16000.0,17000.0,415832,KBS
2021-11-22 07:00:00,16800.0,17000.0,16100.0,16400.0,216242,KBS
2021-11-23 07:00:00,16300.0,16400.0,15900.0,16400.0,109964,KBS
2021-11-24 07:00:00,16400.0,17000.0,16400.0,16500.0,90559,KBS
2021-11-25 07:00:00,16500.0,16600.0,16200.0,16600.0,36110,KBS
2021-11-26 07:00:00,16600.0,16600.0,16200.0,16400.0,74022,KBS
2021-11-29 07:00:00,16000.0,16400.0,15500.0,16100.0,61640,KBS
2021-11-30 07:00:00,16200.0,16500.0,16100.0,16100.0,113324,KBS
2021-12-01 07:00:00,16200.0,16500.0,16100.0,16500.0,76000,KBS
2021-12-02 07:00:00,16500.0,16800.0,16300.0,16400.0,162725,KBS
2021-12-03 07:00:00,16400.0,16500.0,16200.0,16200.0,84551,KBS
2021-12-06 07:00:00,16100.0,16300.0,16000.0,16200.0,122000,KBS
2021-12-07 07:00:00,16100.0,16900.0,16000.0,16900.0,131300,KBS
2021-12-08 07:00:00,16800.0,17000.0,16600.0,16900.0,101402,KBS
2021-12-09 07:00:00,16900.0,18500.0,16700.0,18500.0,751974,KBS
2021-12-10 07:00:00,18500.0,19200.0,18300.0,18300.0,399466,KBS
2021-12-13 07:00:00,18300.0,19300.0,17800.0,18700.0,185965,KBS
2021-12-14 07:00:00,18400.0,18600.0,18200.0,18300.0,190203,KBS
2021-12-15 07:00:00,18200.0,19000.0,18000.0,18600.0,221475,KBS
2021-12-16 07:00:00,18600.0,19000.0,18200.0,18400.0,95010,KBS
2021-12-17 07:00:00,18500.0,19000.0,18300.0,18400.0,110316,KBS
2021-12-20 07:00:00,19000.0,19000.0,17800.0,17900.0,119030,KBS
2021-12-21 07:00:00,17900.0,18300.0,17500.0,18100.0,127368,KBS
2021-12-22 07:00:00,18100.0,18800.0,18100.0,18500.0,189229,KBS
2021-12-23 07:00:00,18500.0,19400.0,17800.0,19100.0,298700,KBS
2021-12-24 07:00:00,19100.0,19600.0,18800.0,18800.0,173501,KBS
2021-12-27 07:00:00,19000.0,19400.0,18800.0,19000.0,281806,KBS
2021-12-28 07:00:00,19400.0,19800.0,19200.0,19300.0,211100,KBS
2021-12-29 07:00:00,19300.0,19700.0,19200.0,19500.0,76600,KBS
2021-12-30 07:00:00,19600.0,20800.0,19500.0,20600.0,476208,KBS
2021-12-31 07:00:00,20600.0,20800.0,19600.0,19700.0,204750,KBS
2022-01-04 07:00:00,19700.0,20300.0,19600.0,20100.0,207420,KBS
2022-01-05 07:00:00,20000.0,20500.0,19200.0,19700.0,200400,KBS
2022-01-06 07:00:00,19200.0,19900.0,19100.0,19900.0,128700,KBS
2022-01-07 07:00:00,19900.0,20200.0,19500.0,20000.0,194121,KBS
2022-01-10 07:00:00,19900.0,20200.0,19600.0,20000.0,377550,KBS
2022-01-11 07:00:00,19300.0,19900.0,19300.0,19400.0,80440,KBS
2022-01-12 07:00:00,19000.0,20300.0,19000.0,19800.0,163649,KBS
2022-01-13 07:00:00,19800.0,20000.0,18500.0,19500.0,234204,KBS
2022-01-14 07:00:00,19300.0,19300.0,18200.0,18700.0,179720,KBS
2022-01-17 07:00:00,19000.0,19800.0,17700.0,17700.0,214800,KBS
2022-01-18 07:00:00,18500.0,19200.0,16800.0,18300.0,138750,KBS
2022-01-19 07:00:00,18100.0,18900.0,18100.0,18400.0,60500,KBS
2022-01-20 07:00:00,18400.0,18500.0,18000.0,18500.0,54200,KBS
2022-01-21 07:00:00,18500.0,19200.0,18200.0,19100.0,158309,KBS
2022-01-24 07:00:00,19200.0,19200.0,18500.0,18600.0,165620,KBS
2022-01-25 07:00:00,18400.0,18700.0,18200.0,18700.0,70853,KBS
2022-01-26 07:00:00,18800.0,18800.0,18400.0,18500.0,88500,KBS
2022-01-27 07:00:00,18500.0,18600.0,18200.0,18500.0,92857,KBS
2022-01-28 07:00:00,18100.0,18300.0,17500.0,18000.0,87700,KBS
2022-02-07 07:00:00,18300.0,18700.0,18300.0,18500.0,35609,KBS
2022-02-08 07:00:00,18500.0,18500.0,18300.0,18500.0,53329,KBS
2022-02-09 07:00:00,19000.0,19000.0,18400.0,18400.0,88220,KBS
2022-02-10 07:00:00,18400.0,18500.0,17800.0,18300.0,67440,KBS
2022-02-11 07:00:00,18400.0,19000.0,18200.0,19000.0,250100,KBS
2022-02-14 07:00:00,19400.0,19700.0,18900.0,19000.0,149650,KBS
2022-02-15 07:00:00,19000.0,19100.0,18700.0,19100.0,91202,KBS
2022-02-16 07:00:00,19000.0,19500.0,18500.0,18500.0,48910,KBS
2022-02-17 07:00:00,18500.0,19000.0,18400.0,18900.0,91310,KBS
2022-02-18 07:00:00,18900.0,19000.0,18400.0,18500.0,84830,KBS
2022-02-21 07:00:00,18500.0,19400.0,18500.0,19400.0,240800,KBS
2022-02-22 07:00:00,20200.0,20200.0,19000.0,19500.0,167468,KBS
2022-02-23 07:00:00,19500.0,21400.0,19500.0,21400.0,953030,KBS
2022-02-24 07:00:00,21700.0,23500.0,21700.0,23500.0,1319217,KBS
2022-02-25 07:00:00,25800.0,25800.0,23000.0,23000.0,479337,KBS
2022-02-28 07:00:00,23000.0,25200.0,22200.0,24600.0,490370,KBS
2022-03-01 07:00:00,24500.0,25100.0,24200.0,24400.0,459882,KBS
2022-03-02 07:00:00,24800.0,26800.0,24600.0,25500.0,584776,KBS
2022-03-03 07:00:00,25600.0,27200.0,25100.0,25500.0,608064,KBS
2022-03-04 07:00:00,25500.0,25500.0,24200.0,24200.0,309647,KBS
2022-03-07 07:00:00,24400.0,26600.0,24400.0,26600.0,860645,KBS
2022-03-08 07:00:00,26700.0,27600.0,25000.0,25300.0,602822,KBS
2022-03-09 07:00:00,25400.0,27800.0,25300.0,27800.0,1096232,KBS
2022-03-10 07:00:00,25100.0,28000.0,25100.0,27300.0,532852,KBS
2022-03-11 07:00:00,27000.0,28000.0,24600.0,24600.0,738526,KBS
2022-03-14 07:00:00,24200.0,24200.0,22200.0,22700.0,432866,KBS
2022-03-15 07:00:00,22100.0,24200.0,21100.0,23100.0,316222,KBS
2022-03-16 07:00:00,23400.0,24100.0,23300.0,23900.0,159200,KBS
2022-03-17 07:00:00,23500.0,23800.0,22500.0,23100.0,224050,KBS
2022-03-18 07:00:00,23600.0,24300.0,23300.0,23300.0,207400,KBS
2022-03-21 07:00:00,24000.0,24200.0,22500.0,22900.0,157407,KBS
2022-03-22 07:00:00,23000.0,24000.0,23000.0,23600.0,162210,KBS
2022-03-23 07:00:00,23800.0,23800.0,22600.0,23300.0,225130,KBS
2022-03-24 07:00:00,23500.0,24300.0,23500.0,23800.0,152808,KBS
2022-03-25 07:00:00,23400.0,23800.0,23000.0,23800.0,133407,KBS
2022-03-28 07:00:00,23800.0,24300.0,23000.0,23800.0,98970,KBS
2022-03-29 07:00:00,23900.0,25500.0,23200.0,24800.0,306847,KBS
2022-03-30 07:00:00,24500.0,25000.0,23900.0,23900.0,280558,KBS
2022-03-31 07:00:00,23900.0,24300.0,23400.0,23400.0,104900,KBS
2022-04-01 07:00:00,22500.0,22900.0,22000.0,22000.0,270242,KBS
2022-04-04 07:00:00,22000.0,22800.0,22000.0,22700.0,52428,KBS
2022-04-05 07:00:00,22900.0,23900.0,22700.0,23900.0,82910,KBS
2022-04-06 07:00:00,23800.0,23800.0,22000.0,22900.0,115900,KBS
2022-04-07 07:00:00,21000.0,23000.0,21000.0,22600.0,164616,KBS
2022-04-08 07:00:00,22600.0,22600.0,20800.0,20800.0,228500,KBS
2022-04-12 07:00:00,20800.0,21500.0,18800.0,18800.0,118100,KBS
2022-04-13 07:00:00,20000.0,20000.0,18800.0,19200.0,87530,KBS
2022-04-14 07:00:00,19300.0,21100.0,19300.0,20600.0,139337,KBS
2022-04-15 07:00:00,20500.0,21000.0,20100.0,20500.0,42850,KBS
2022-04-18 07:00:00,20500.0,20500.0,19500.0,19700.0,34200,KBS
2022-04-19 07:00:00,19500.0,20700.0,19300.0,19300.0,119000,KBS
2022-04-20 07:00:00,19400.0,20000.0,17400.0,17400.0,152628,KBS
2022-04-21 07:00:00,17400.0,17400.0,15700.0,15700.0,201000,KBS
2022-04-22 07:00:00,15100.0,15900.0,14200.0,14500.0,324152,KBS
2022-04-25 07:00:00,15300.0,15800.0,14300.0,14500.0,140100,KBS
2022-04-26 07:00:00,14500.0,15700.0,13200.0,15700.0,312500,KBS
2022-04-27 07:00:00,15000.0,16400.0,15000.0,15800.0,53000,KBS
2022-04-28 07:00:00,15800.0,16400.0,15800.0,16100.0,52600,KBS
2022-04-29 07:00:00,16000.0,16600.0,15700.0,16400.0,90215,KBS
2022-05-04 07:00:00,16200.0,16700.0,15500.0,16100.0,82000,KBS
2022-05-05 07:00:00,16600.0,17000.0,16000.0,16000.0,141419,KBS
2022-05-06 07:00:00,16200.0,16200.0,15400.0,15600.0,71434,KBS
2022-05-09 07:00:00,15200.0,15300.0,14100.0,14100.0,214000,KBS
2022-05-10 07:00:00,13300.0,15000.0,13100.0,15000.0,112053,KBS
2022-05-11 07:00:00,15000.0,15500.0,15000.0,15300.0,20400,KBS
2022-05-12 07:00:00,15000.0,15300.0,13800.0,14000.0,128000,KBS
2022-05-13 07:00:00,13800.0,14500.0,13000.0,13300.0,97905,KBS
2022-05-16 07:00:00,14400.0,14500.0,13800.0,14000.0,55400,KBS
2022-05-17 07:00:00,14800.0,15300.0,14200.0,15200.0,101702,KBS
2022-05-18 07:00:00,15400.0,15500.0,15000.0,15000.0,64800,KBS
2022-05-19 07:00:00,14700.0,15900.0,14600.0,15800.0,87700,KBS
2022-05-20 07:00:00,16000.0,16200.0,15600.0,15600.0,104400,KBS
2022-05-23 07:00:00,15600.0,16000.0,15300.0,15500.0,37740,KBS
2022-05-24 07:00:00,15400.0,15400.0,14600.0,15400.0,74400,KBS
2022-05-25 07:00:00,15500.0,16100.0,15500.0,16000.0,103600,KBS
2022-05-26 07:00:00,16000.0,16100.0,15500.0,15500.0,71700,KBS
2022-05-27 07:00:00,15700.0,15900.0,15500.0,15700.0,53300,KBS
2022-05-30 07:00:00,16000.0,17200.0,15800.0,17200.0,348355,KBS
2022-05-31 07:00:00,17500.0,18000.0,17300.0,17500.0,161000,KBS
2022-06-01 07:00:00,17300.0,18400.0,17200.0,17700.0,139340,KBS
2022-06-02 07:00:00,17700.0,17700.0,16800.0,16800.0,218938,KBS
2022-06-03 07:00:00,17000.0,17200.0,16600.0,16700.0,107400,KBS
2022-06-06 07:00:00,17100.0,18000.0,17100.0,17300.0,172918,KBS
2022-06-07 07:00:00,17300.0,18000.0,17000.0,18000.0,163104,KBS
2022-06-08 07:00:00,18000.0,18800.0,18000.0,18700.0,399335,KBS
2022-06-09 07:00:00,18900.0,18900.0,18200.0,18400.0,116701,KBS
2022-06-10 07:00:00,18000.0,18300.0,17300.0,17300.0,140000,KBS
2022-06-13 07:00:00,17300.0,17300.0,15600.0,15600.0,152405,KBS
2022-06-14 07:00:00,15600.0,16300.0,15600.0,15900.0,98100,KBS
2022-06-15 07:00:00,15900.0,16200.0,14900.0,15800.0,118300,KBS
2022-06-16 07:00:00,16100.0,16500.0,15800.0,16300.0,103805,KBS
2022-06-17 07:00:00,15900.0,15900.0,15300.0,15500.0,84500,KBS
2022-06-20 07:00:00,15000.0,15200.0,14100.0,14100.0,207300,KBS
2022-06-21 07:00:00,14100.0,14600.0,13500.0,13900.0,123100,KBS
2022-06-22 07:00:00,14200.0,14600.0,13700.0,14100.0,101300,KBS
2022-06-23 07:00:00,13900.0,15400.0,13800.0,15400.0,28400,KBS
2022-06-24 07:00:00,15000.0,15400.0,13900.0,15200.0,18800,KBS
2022-06-27 07:00:00,15200.0,15600.0,14800.0,15400.0,46600,KBS
2022-06-28 07:00:00,15400.0,16000.0,15000.0,15100.0,30900,KBS
2022-06-29 07:00:00,14800.0,15200.0,14500.0,14700.0,31712,KBS
2022-06-30 07:00:00,14000.0,15500.0,14000.0,14300.0,30000,KBS
2022-07-01 07:00:00,14000.0,14400.0,13700.0,14400.0,92100,KBS
2022-07-04 07:00:00,14500.0,15000.0,14000.0,14300.0,37415,KBS
2022-07-05 07:00:00,14800.0,15200.0,14400.0,14400.0,40000,KBS
2022-07-06 07:00:00,14000.0,14300.0,13800.0,14000.0,26600,KBS
2022-07-07 07:00:00,14000.0,14200.0,13800.0,14100.0,23715,KBS
2022-07-08 07:00:00,14800.0,14800.0,14200.0,14400.0,60300,KBS
2022-07-11 07:00:00,14400.0,14500.0,14000.0,14300.0,20600,KBS
2022-07-12 07:00:00,14300.0,15200.0,14300.0,15000.0,38010,KBS
2022-07-13 07:00:00,14500.0,14900.0,14300.0,14700.0,49900,KBS
2022-07-14 07:00:00,14700.0,14900.0,14300.0,14700.0,22600,KBS
2022-07-15 07:00:00,14800.0,14800.0,14300.0,14600.0,76500,KBS
2022-07-18 07:00:00,14600.0,14700.0,14400.0,14400.0,32810,KBS
2022-07-19 07:00:00,14900.0,14900.0,14400.0,14600.0,63200,KBS
2022-07-20 07:00:00,14800.0,15100.0,14600.0,15000.0,127210,KBS
2022-07-21 07:00:00,15200.0,15200.0,14700.0,14900.0,11000,KBS
2022-07-22 07:00:00,14900.0,14900.0,14600.0,14700.0,54300,KBS
2022-07-25 07:00:00,14700.0,14700.0,14300.0,14400.0,34205,KBS
2022-07-26 07:00:00,14800.0,14800.0,14200.0,14400.0,21300,KBS
2022-07-27 07:00:00,14300.0,14400.0,14000.0,14400.0,16700,KBS
2022-07-28 07:00:00,14400.0,14700.0,14400.0,14500.0,22900,KBS
2022-07-29 07:00:00,14600.0,14700.0,14400.0,14500.0,17217,KBS
2022-08-01 07:00:00,14500.0,14700.0,14300.0,14500.0,33200,KBS
2022-08-02 07:00:00,14400.0,14700.0,14400.0,14500.0,43300,KBS
2022-08-03 07:00:00,14500.0,14800.0,14400.0,14700.0,52600,KBS
2022-08-04 07:00:00,14600.0,15000.0,14600.0,14900.0,120110,KBS
2022-08-05 07:00:00,14800.0,15800.0,14800.0,15500.0,109250,KBS
2022-08-08 07:00:00,15500.0,15700.0,15200.0,15700.0,60100,KBS
2022-08-09 07:00:00,15700.0,15700.0,15200.0,15600.0,127900,KBS
2022-08-10 07:00:00,15600.0,16300.0,15600.0,16000.0,161132,KBS
2022-08-11 07:00:00,16200.0,16600.0,15900.0,15900.0,113719,KBS
2022-08-12 07:00:00,16000.0,16200.0,15600.0,15900.0,50100,KBS
2022-08-15 07:00:00,16300.0,16300.0,15600.0,15900.0,100300,KBS
2022-08-16 07:00:00,15900.0,16400.0,15700.0,16200.0,166000,KBS
2022-08-17 07:00:00,16200.0,16300.0,15700.0,16100.0,92600,KBS
2022-08-18 07:00:00,16200.0,16300.0,15900.0,16300.0,54500,KBS
2022-08-19 07:00:00,16500.0,16900.0,16200.0,16200.0,172700,KBS
2022-08-22 07:00:00,16400.0,16800.0,16000.0,16200.0,82600,KBS
2022-08-23 07:00:00,15900.0,17800.0,15900.0,17800.0,593036,KBS
2022-08-24 07:00:00,18000.0,18600.0,17800.0,18200.0,302931,KBS
2022-08-25 07:00:00,18200.0,18200.0,17700.0,17700.0,158300,KBS
2022-08-26 07:00:00,17500.0,17700.0,17200.0,17200.0,199000,KBS
2022-08-29 07:00:00,16900.0,18400.0,16500.0,18000.0,313300,KBS
2022-08-30 07:00:00,18500.0,18500.0,17700.0,17700.0,120267,KBS
2022-08-31 07:00:00,17500.0,17700.0,17300.0,17400.0,89000,KBS
2022-09-05 07:00:00,17200.0,17700.0,17100.0,17400.0,126000,KBS
2022-09-06 07:00:00,17500.0,18100.0,17000.0,17000.0,148900,KBS
2022-09-07 07:00:00,17000.0,17000.0,15600.0,15600.0,217337,KBS
2022-09-08 07:00:00,15000.0,16000.0,15000.0,15300.0,135900,KBS
2022-09-09 07:00:00,15700.0,15900.0,15200.0,15700.0,63600,KBS
2022-09-12 07:00:00,16400.0,17200.0,15800.0,17200.0,219707,KBS
2022-09-13 07:00:00,18900.0,18900.0,18000.0,18900.0,917264,KBS
2022-09-14 07:00:00,19100.0,20200.0,18500.0,19400.0,741149,KBS
2022-09-15 07:00:00,19700.0,19900.0,18900.0,19400.0,461638,KBS
2022-09-16 07:00:00,19200.0,19300.0,18200.0,18600.0,521342,KBS
2022-09-19 07:00:00,18600.0,20200.0,18500.0,18800.0,412010,KBS
2022-09-20 07:00:00,18800.0,19500.0,18400.0,18600.0,226430,KBS
2022-09-21 07:00:00,19000.0,19400.0,18600.0,19100.0,315017,KBS
2022-09-22 07:00:00,18600.0,19200.0,18600.0,19100.0,154302,KBS
2022-09-23 07:00:00,19200.0,21000.0,19200.0,21000.0,1491901,KBS
2022-09-26 07:00:00,21200.0,21700.0,19600.0,21000.0,724518,KBS
2022-09-27 07:00:00,21000.0,22000.0,18900.0,18900.0,790930,KBS
2022-09-28 07:00:00,18900.0,19200.0,17600.0,18000.0,847443,KBS
2022-09-29 07:00:00,18300.0,18800.0,16200.0,16200.0,684254,KBS
2022-09-30 07:00:00,16000.0,17300.0,16000.0,17200.0,480900,KBS
2022-10-03 07:00:00,16600.0,17100.0,15500.0,15500.0,253951,KBS
2022-10-04 07:00:00,15500.0,16500.0,15000.0,15800.0,382300,KBS
2022-10-05 07:00:00,16100.0,17300.0,16100.0,17000.0,293603,KBS
2022-10-06 07:00:00,17400.0,17600.0,16300.0,16500.0,339801,KBS
2022-10-07 07:00:00,16500.0,17500.0,16000.0,17500.0,566670,KBS
2022-10-10 07:00:00,17400.0,18400.0,17400.0,18200.0,487703,KBS
2022-10-11 07:00:00,18100.0,18200.0,16400.0,16400.0,550503,KBS
2022-10-12 07:00:00,16400.0,17400.0,15500.0,16700.0,253310,KBS
2022-10-13 07:00:00,16900.0,16900.0,16000.0,16400.0,232201,KBS
2022-10-14 07:00:00,16600.0,17200.0,16600.0,16800.0,294951,KBS
2022-10-17 07:00:00,16700.0,17500.0,16500.0,17500.0,297320,KBS
2022-10-18 07:00:00,17800.0,18200.0,17000.0,17000.0,303009,KBS
2022-10-19 07:00:00,17000.0,17600.0,16800.0,17200.0,187410,KBS
2022-10-20 07:00:00,17600.0,17700.0,17000.0,17000.0,143300,KBS
2022-10-21 07:00:00,16900.0,17500.0,15300.0,15300.0,435900,KBS
2022-10-24 07:00:00,15300.0,15900.0,13800.0,13800.0,335212,KBS
2022-10-25 07:00:00,13900.0,14800.0,12600.0,13900.0,356270,KBS
2022-10-26 07:00:00,12600.0,14000.0,12600.0,13000.0,111634,KBS
2022-10-27 07:00:00,12600.0,13900.0,12600.0,13800.0,145182,KBS
2022-10-28 07:00:00,14000.0,14300.0,13600.0,13600.0,78601,KBS
2022-10-31 07:00:00,13400.0,14000.0,12500.0,12800.0,103001,KBS
2022-11-01 07:00:00,13300.0,13500.0,12700.0,13000.0,107143,KBS
2022-11-02 07:00:00,13100.0,14100.0,13000.0,13800.0,140610,KBS
2022-11-03 07:00:00,14000.0,14000.0,13700.0,13800.0,62277,KBS
2022-11-04 07:00:00,13700.0,13700.0,12700.0,12800.0,143400,KBS
2022-11-07 07:00:00,12900.0,13000.0,12000.0,12000.0,156850,KBS
2022-11-08 07:00:00,12000.0,12600.0,11300.0,12200.0,80100,KBS
2022-11-09 07:00:00,12300.0,12900.0,12000.0,12500.0,59629,KBS
2022-11-10 07:00:00,12000.0,12200.0,11300.0,11300.0,368200,KBS
2022-11-11 07:00:00,11400.0,12000.0,10800.0,10800.0,90110,KBS
2022-11-14 07:00:00,10800.0,11200.0,9800.0,9800.0,193400,KBS
2022-11-15 07:00:00,8900.0,9800.0,8900.0,8900.0,397300,KBS
2022-11-16 07:00:00,8100.0,9700.0,8100.0,9700.0,288632,KBS
2022-11-17 07:00:00,9900.0,10400.0,9900.0,10200.0,173210,KBS
2022-11-18 07:00:00,10300.0,10500.0,9700.0,10200.0,166100,KBS
2022-11-21 07:00:00,10000.0,10500.0,10000.0,10200.0,63401,KBS
2022-11-22 07:00:00,10300.0,11200.0,10300.0,11100.0,173995,KBS
2022-11-23 07:00:00,11500.0,11500.0,10800.0,10900.0,22715,KBS
2022-11-24 07:00:00,10300.0,10700.0,10300.0,10500.0,37116,KBS
2022-11-25 07:00:00,11000.0,11100.0,10500.0,11100.0,57500,KBS
2022-11-28 07:00:00,11100.0,12000.0,11100.0,11500.0,211455,KBS
2022-11-29 07:00:00,11500.0,12500.0,11000.0,12100.0,500238,KBS
2022-11-30 07:00:00,12000.0,12700.0,12000.0,12300.0,174500,KBS
2022-12-01 07:00:00,12500.0,13000.0,11800.0,11900.0,338733,KBS
2022-12-02 07:00:00,12000.0,13000.0,11700.0,13000.0,250000,KBS
2022-12-05 07:00:00,13600.0,14100.0,13000.0,13600.0,242525,KBS
2022-12-06 07:00:00,13500.0,13600.0,12800.0,12800.0,262405,KBS
2022-12-07 07:00:00,12800.0,13100.0,12000.0,12200.0,119960,KBS
2022-12-08 07:00:00,12700.0,12800.0,12000.0,12300.0,197233,KBS
2022-12-09 07:00:00,12500.0,12500.0,11900.0,12300.0,116900,KBS
2022-12-12 07:00:00,12500.0,12800.0,11900.0,12000.0,132500,KBS
2022-12-13 07:00:00,12000.0,12300.0,11900.0,12300.0,80400,KBS
2022-12-14 07:00:00,12500.0,13200.0,12400.0,12900.0,215300,KBS
2022-12-15 07:00:00,12900.0,13200.0,12500.0,12800.0,140700,KBS
2022-12-16 07:00:00,12500.0,12700.0,12100.0,12600.0,108200,KBS
2022-12-19 07:00:00,12600.0,12700.0,12200.0,12300.0,132700,KBS
2022-12-20 07:00:00,12200.0,12200.0,11400.0,11900.0,147801,KBS
2022-12-21 07:00:00,11900.0,12300.0,11100.0,11500.0,140900,KBS
2022-12-22 07:00:00,11800.0,11900.0,11500.0,11600.0,62050,KBS
2022-12-23 07:00:00,11700.0,12300.0,11400.0,11900.0,52531,KBS
2022-12-26 07:00:00,12000.0,12200.0,11200.0,11600.0,53300,KBS
2022-12-27 07:00:00,11800.0,11800.0,11200.0,11600.0,71660,KBS
2022-12-28 07:00:00,11800.0,11800.0,11400.0,11600.0,61033,KBS
2022-12-29 07:00:00,11500.0,11700.0,11400.0,11500.0,22800,KBS
2022-12-30 07:00:00,11600.0,11600.0,11300.0,11300.0,37000,KBS
2023-01-03 07:00:00,11600.0,11900.0,11500.0,11800.0,60000,KBS
2023-01-04 07:00:00,11800.0,12900.0,11800.0,12900.0,452408,KBS
2023-01-05 07:00:00,12000.0,13200.0,11700.0,12800.0,117822,KBS
2023-01-06 07:00:00,12900.0,13100.0,12000.0,12100.0,450154,KBS
2023-01-09 07:00:00,12100.0,12500.0,12100.0,12200.0,104500,KBS
2023-01-10 07:00:00,12400.0,12400.0,12000.0,12300.0,63900,KBS
2023-01-11 07:00:00,12500.0,12600.0,12200.0,12300.0,78800,KBS
2023-01-12 07:00:00,12600.0,13100.0,12300.0,13000.0,357956,KBS
2023-01-13 07:00:00,13100.0,13400.0,12600.0,12600.0,141200,KBS
2023-01-16 07:00:00,12600.0,12800.0,12300.0,12400.0,140300,KBS
2023-01-17 07:00:00,12700.0,12700.0,12200.0,12300.0,229900,KBS
2023-01-18 07:00:00,12300.0,12700.0,12300.0,12500.0,234900,KBS
2023-01-19 07:00:00,12500.0,12700.0,12400.0,12600.0,110300,KBS
2023-01-27 07:00:00,12600.0,13200.0,12600.0,13000.0,304500,KBS
2023-01-30 07:00:00,13100.0,13800.0,13100.0,13500.0,624370,KBS
2023-01-31 07:00:00,13600.0,13800.0,13200.0,13600.0,250521,KBS
2023-02-01 07:00:00,13600.0,13700.0,12300.0,12300.0,446800,KBS
2023-02-02 07:00:00,12300.0,12500.0,11900.0,12100.0,283500,KBS
2023-02-03 07:00:00,12300.0,12500.0,11900.0,12100.0,170800,KBS
2023-02-06 07:00:00,12100.0,12400.0,12000.0,12400.0,66200,KBS
2023-02-07 07:00:00,12400.0,12600.0,12100.0,12300.0,115000,KBS
2023-02-08 07:00:00,12400.0,12400.0,12100.0,12300.0,80700,KBS
2023-02-09 07:00:00,12300.0,13000.0,12200.0,12700.0,277263,KBS
2023-02-10 07:00:00,12600.0,12700.0,12200.0,12200.0,84250,KBS
2023-02-13 07:00:00,11800.0,12400.0,11800.0,11900.0,175900,KBS
2023-02-14 07:00:00,12200.0,12200.0,11800.0,12000.0,106000,KBS
2023-02-15 07:00:00,12000.0,12300.0,12000.0,12200.0,67001,KBS
2023-02-16 07:00:00,12100.0,13100.0,12100.0,12800.0,400900,KBS
2023-02-17 07:00:00,12800.0,12800.0,12400.0,12700.0,104475,KBS
2023-02-20 07:00:00,12700.0,13000.0,12600.0,13000.0,261100,KBS
2023-02-21 07:00:00,13100.0,13500.0,12900.0,13200.0,477167,KBS
2023-02-22 07:00:00,13200.0,14500.0,12900.0,13900.0,1039300,KBS
2023-02-23 07:00:00,13900.0,14800.0,13500.0,14400.0,840260,KBS
2023-02-24 07:00:00,15700.0,15700.0,14300.0,14300.0,503708,KBS
2023-02-27 07:00:00,14200.0,14800.0,13500.0,13900.0,446800,KBS
2023-02-28 07:00:00,14000.0,14400.0,13800.0,13800.0,245200,KBS
2023-03-01 07:00:00,14000.0,14900.0,13900.0,14900.0,678100,KBS
2023-03-02 07:00:00,15000.0,15200.0,14500.0,14700.0,249201,KBS
2023-03-03 07:00:00,15000.0,15200.0,14500.0,14500.0,390200,KBS
2023-03-06 07:00:00,14500.0,15100.0,14400.0,14700.0,288500,KBS
2023-03-07 07:00:00,15000.0,15300.0,14600.0,15200.0,506895,KBS
2023-03-08 07:00:00,15100.0,15800.0,15000.0,15600.0,482763,KBS
2023-03-09 07:00:00,15900.0,15900.0,15200.0,15200.0,348809,KBS
2023-03-10 07:00:00,15000.0,15100.0,14500.0,14600.0,324500,KBS
2023-03-13 07:00:00,14600.0,14700.0,14200.0,14200.0,198900,KBS
2023-03-14 07:00:00,14100.0,14400.0,13600.0,13700.0,367524,KBS
2023-03-15 07:00:00,13900.0,14500.0,13900.0,14200.0,173300,KBS
2023-03-16 07:00:00,14200.0,14200.0,13400.0,13700.0,343500,KBS
2023-03-17 07:00:00,13900.0,14000.0,13500.0,13700.0,197648,KBS
2023-03-20 07:00:00,13500.0,13500.0,12700.0,12700.0,330710,KBS
2023-03-21 07:00:00,12800.0,13100.0,12700.0,12900.0,169538,KBS
2023-03-22 07:00:00,13000.0,13400.0,13000.0,13100.0,139862,KBS
2023-03-23 07:00:00,13200.0,13300.0,13100.0,13200.0,86300,KBS
2023-03-24 07:00:00,13400.0,13400.0,12900.0,13100.0,304800,KBS
2023-03-27 07:00:00,13100.0,13200.0,12900.0,13200.0,102145,KBS
2023-03-28 07:00:00,13600.0,13600.0,13300.0,13300.0,209601,KBS
2023-03-29 07:00:00,13400.0,13400.0,13100.0,13300.0,102000,KBS
2023-03-30 07:00:00,13300.0,13400.0,13100.0,13100.0,114900,KBS
2023-03-31 07:00:00,13200.0,13300.0,12900.0,13100.0,183100,KBS
2023-04-03 07:00:00,13400.0,13900.0,13400.0,13600.0,318408,KBS
2023-04-04 07:00:00,13700.0,14100.0,13600.0,13800.0,281415,KBS
2023-04-05 07:00:00,13600.0,14100.0,13600.0,13800.0,220503,KBS
2023-04-06 07:00:00,13800.0,14900.0,13600.0,14300.0,732809,KBS
2023-04-07 07:00:00,14300.0,14900.0,14100.0,14200.0,176552,KBS
2023-04-10 07:00:00,14200.0,14400.0,13700.0,13800.0,281063,KBS
2023-04-11 07:00:00,13800.0,14600.0,13800.0,14600.0,621600,KBS
2023-04-12 07:00:00,14600.0,15000.0,14500.0,14600.0,286800,KBS
2023-04-13 07:00:00,14900.0,15100.0,14500.0,14500.0,270900,KBS
2023-04-14 07:00:00,14500.0,14500.0,13900.0,13900.0,242407,KBS
2023-04-17 07:00:00,13900.0,14100.0,13500.0,13700.0,242701,KBS
2023-04-18 07:00:00,13600.0,14000.0,13600.0,14000.0,142021,KBS
2023-04-19 07:00:00,14000.0,14000.0,13600.0,14000.0,87835,KBS
2023-04-20 07:00:00,13800.0,14000.0,13600.0,13700.0,123401,KBS
2023-04-21 07:00:00,13700.0,13700.0,13400.0,13600.0,100400,KBS
2023-04-24 07:00:00,13600.0,13600.0,13200.0,13200.0,145701,KBS
2023-04-25 07:00:00,13100.0,13400.0,13100.0,13200.0,89100,KBS
2023-04-26 07:00:00,13200.0,13300.0,13100.0,13300.0,80300,KBS
2023-04-27 07:00:00,13400.0,13600.0,13300.0,13300.0,89027,KBS
2023-04-28 07:00:00,13300.0,13500.0,13100.0,13300.0,100672,KBS
2023-05-04 07:00:00,13300.0,13300.0,13100.0,13200.0,83605,KBS
2023-05-05 07:00:00,13200.0,13300.0,13200.0,13200.0,41800,KBS
2023-05-08 07:00:00,13300.0,13800.0,13300.0,13800.0,185444,KBS
2023-05-09 07:00:00,13800.0,14600.0,13800.0,14200.0,523411,KBS
2023-05-10 07:00:00,14200.0,14300.0,14000.0,14100.0,136126,KBS
2023-05-11 07:00:00,14100.0,14600.0,14000.0,14200.0,252327,KBS
2023-05-12 07:00:00,14200.0,14400.0,14100.0,14300.0,229000,KBS
2023-05-15 07:00:00,14300.0,14400.0,14000.0,14000.0,216300,KBS
2023-05-16 07:00:00,13900.0,15100.0,13900.0,14800.0,672665,KBS
2023-05-17 07:00:00,14900.0,15100.0,14500.0,14600.0,458200,KBS
2023-05-18 07:00:00,14600.0,16000.0,14600.0,16000.0,885020,KBS
2023-05-19 07:00:00,16100.0,16800.0,16000.0,16600.0,675701,KBS
2023-05-22 07:00:00,16900.0,17000.0,16300.0,16600.0,418072,KBS
2023-05-23 07:00:00,16600.0,17000.0,16300.0,16700.0,480300,KBS
2023-05-24 07:00:00,16900.0,16900.0,16200.0,16200.0,418819,KBS
2023-05-25 07:00:00,16200.0,17800.0,16000.0,17800.0,821619,KBS
2023-05-26 07:00:00,17800.0,19500.0,17400.0,19500.0,786122,KBS
2023-05-29 07:00:00,19500.0,20200.0,18900.0,19100.0,601713,KBS
2023-05-30 07:00:00,19400.0,20100.0,19100.0,19500.0,428545,KBS
2023-05-31 07:00:00,19500.0,20200.0,19100.0,19800.0,622253,KBS
2023-06-01 07:00:00,19700.0,19800.0,19000.0,19300.0,395502,KBS
2023-06-02 07:00:00,19600.0,20300.0,19600.0,19700.0,458634,KBS
2023-06-05 07:00:00,20000.0,20600.0,19500.0,19800.0,301708,KBS
2023-06-06 07:00:00,19800.0,19900.0,19400.0,19800.0,213110,KBS
2023-06-07 07:00:00,20100.0,21300.0,20000.0,20900.0,524526,KBS
2023-06-08 07:00:00,21200.0,21800.0,20500.0,20500.0,456451,KBS
2023-06-09 07:00:00,20500.0,20900.0,19800.0,20600.0,251426,KBS
2023-06-12 07:00:00,20800.0,20800.0,19600.0,20400.0,327361,KBS
2023-06-13 07:00:00,20000.0,20600.0,20000.0,20200.0,254509,KBS
2023-06-14 07:00:00,20200.0,20800.0,19800.0,19800.0,147408,KBS
2023-06-15 07:00:00,19900.0,21700.0,19800.0,21700.0,736602,KBS
2023-06-16 07:00:00,22500.0,22700.0,21800.0,21800.0,449925,KBS
2023-06-19 07:00:00,21800.0,23900.0,21600.0,23200.0,483141,KBS
2023-06-20 07:00:00,23200.0,23900.0,22400.0,23400.0,308411,KBS
2023-06-21 07:00:00,23700.0,24500.0,23100.0,23500.0,369389,KBS
2023-06-22 07:00:00,23500.0,23900.0,23400.0,23700.0,213170,KBS
2023-06-23 07:00:00,23700.0,23700.0,21800.0,22800.0,1753824,KBS
2023-06-26 07:00:00,22800.0,23100.0,22000.0,22800.0,403400,KBS
2023-06-27 07:00:00,22800.0,23900.0,22600.0,22800.0,368854,KBS
2023-06-28 07:00:00,23100.0,23500.0,22600.0,22600.0,375474,KBS
2023-06-29 07:00:00,22900.0,24200.0,22500.0,22800.0,994780,KBS
2023-06-30 07:00:00,22800.0,23300.0,22500.0,23000.0,259900,KBS
2023-07-03 07:00:00,22700.0,23300.0,22600.0,23000.0,216770,KBS
2023-07-04 07:00:00,23300.0,24200.0,23000.0,24200.0,700644,KBS
2023-07-05 07:00:00,24200.0,24200.0,23000.0,23400.0,352547,KBS
2023-07-06 07:00:00,23400.0,23600.0,22800.0,22900.0,353979,KBS
2023-07-07 07:00:00,22900.0,23400.0,22700.0,23300.0,258004,KBS
2023-07-10 07:00:00,23700.0,23800.0,23100.0,23200.0,441623,KBS
2023-07-11 07:00:00,23400.0,23600.0,23100.0,23200.0,333120,KBS
2023-07-12 07:00:00,23400.0,24300.0,23400.0,23700.0,626323,KBS
2023-07-13 07:00:00,24000.0,24000.0,23500.0,23700.0,251869,KBS
2023-07-14 07:00:00,24000.0,24400.0,23700.0,23800.0,659133,KBS
2023-07-17 07:00:00,23800.0,24100.0,23300.0,23800.0,564340,KBS
2023-07-18 07:00:00,23800.0,24900.0,23800.0,23900.0,735319,KBS
2023-07-19 07:00:00,23900.0,24000.0,23300.0,23300.0,436240,KBS
2023-07-20 07:00:00,23100.0,23400.0,22800.0,23200.0,450327,KBS
2023-07-21 07:00:00,23200.0,23400.0,23000.0,23200.0,278164,KBS
2023-07-24 07:00:00,23200.0,24100.0,22900.0,23900.0,1070897,KBS
2023-07-25 07:00:00,24300.0,24300.0,23500.0,23600.0,360417,KBS
2023-07-26 07:00:00,23600.0,23900.0,23400.0,23800.0,238149,KBS
2023-07-27 07:00:00,23700.0,24200.0,23000.0,23400.0,555519,KBS
2023-07-28 07:00:00,23900.0,24000.0,23200.0,23700.0,411655,KBS
2023-07-31 07:00:00,23900.0,24100.0,23400.0,23400.0,300866,KBS
2023-08-01 07:00:00,23600.0,23600.0,22500.0,22500.0,538141,KBS
2023-08-02 07:00:00,22300.0,22700.0,22000.0,22300.0,635573,KBS
2023-08-03 07:00:00,22200.0,22500.0,21900.0,21900.0,405953,KBS
2023-08-04 07:00:00,21900.0,22800.0,21800.0,22600.0,464262,KBS
2023-08-07 07:00:00,22600.0,22600.0,22300.0,22400.0,375254,KBS
2023-08-08 07:00:00,22500.0,23500.0,22500.0,22900.0,713475,KBS
2023-08-09 07:00:00,22900.0,22900.0,22400.0,22500.0,327900,KBS
2023-08-10 07:00:00,22800.0,23300.0,22200.0,22200.0,507301,KBS
2023-08-11 07:00:00,22200.0,22300.0,22000.0,22100.0,330708,KBS
2023-08-14 07:00:00,22100.0,22300.0,21900.0,22100.0,461925,KBS
2023-08-15 07:00:00,22100.0,22300.0,21900.0,22300.0,388800,KBS
2023-08-16 07:00:00,22300.0,23000.0,22100.0,22200.0,479559,KBS
2023-08-17 07:00:00,22300.0,22300.0,21600.0,21600.0,270700,KBS
2023-08-18 07:00:00,21700.0,21700.0,19500.0,19500.0,893215,KBS
2023-08-21 07:00:00,19500.0,19800.0,19000.0,19500.0,287010,KBS
2023-08-22 07:00:00,19400.0,19500.0,18400.0,19200.0,196201,KBS
2023-08-23 07:00:00,19200.0,19400.0,18900.0,19000.0,226900,KBS
2023-08-24 07:00:00,19000.0,19300.0,18800.0,19300.0,140500,KBS
2023-08-25 07:00:00,19300.0,19900.0,19000.0,19300.0,248390,KBS
2023-08-28 07:00:00,19500.0,19700.0,19300.0,19500.0,126500,KBS
2023-08-29 07:00:00,19500.0,20300.0,19500.0,20300.0,375452,KBS
2023-08-30 07:00:00,20300.0,20300.0,19800.0,20000.0,74310,KBS
2023-08-31 07:00:00,20500.0,20500.0,20000.0,20100.0,150500,KBS
2023-09-05 07:00:00,20200.0,20900.0,20200.0,20500.0,271921,KBS
2023-09-06 07:00:00,20600.0,21400.0,20500.0,20800.0,324122,KBS
2023-09-07 07:00:00,21800.0,22000.0,20900.0,21100.0,357618,KBS
2023-09-08 07:00:00,21100.0,21500.0,21000.0,21300.0,326233,KBS
2023-09-11 07:00:00,21300.0,21900.0,20600.0,20700.0,555738,KBS
2023-09-12 07:00:00,20700.0,21100.0,20600.0,20900.0,166400,KBS
2023-09-13 07:00:00,21400.0,21600.0,20700.0,21100.0,401529,KBS
2023-09-14 07:00:00,21100.0,22400.0,20800.0,22300.0,1066908,KBS
2023-09-15 07:00:00,22500.0,24000.0,22500.0,23200.0,1124485,KBS
2023-09-18 07:00:00,23200.0,23700.0,21700.0,22100.0,572877,KBS
2023-09-19 07:00:00,22500.0,22700.0,22000.0,22600.0,680103,KBS
2023-09-20 07:00:00,22600.0,23400.0,22600.0,22900.0,454244,KBS
2023-09-21 07:00:00,23000.0,23200.0,22400.0,22700.0,399470,KBS
2023-09-22 07:00:00,22700.0,22700.0,21400.0,21400.0,607276,KBS
2023-09-25 07:00:00,21400.0,22100.0,19600.0,20100.0,665100,KBS
2023-09-26 07:00:00,20400.0,20900.0,20000.0,20200.0,218403,KBS
2023-09-27 07:00:00,20200.0,20600.0,19600.0,20500.0,207406,KBS
2023-09-28 07:00:00,20900.0,21300.0,20400.0,20800.0,362500,KBS
2023-09-29 07:00:00,20800.0,21200.0,20600.0,20700.0,128813,KBS
2023-10-02 07:00:00,20800.0,21400.0,20000.0,20300.0,161717,KBS
2023-10-03 07:00:00,20300.0,20300.0,18400.0,18400.0,534050,KBS
2023-10-04 07:00:00,18400.0,19100.0,17700.0,18900.0,159101,KBS
2023-10-05 07:00:00,18800.0,19000.0,18600.0,18600.0,139553,KBS
2023-10-06 07:00:00,18600.0,19300.0,18500.0,19000.0,110838,KBS
2023-10-09 07:00:00,19400.0,19900.0,19400.0,19700.0,134309,KBS
2023-10-10 07:00:00,19800.0,19900.0,19300.0,19300.0,160203,KBS
2023-10-11 07:00:00,19500.0,20500.0,19100.0,20300.0,231480,KBS
2023-10-12 07:00:00,20100.0,20500.0,19800.0,19900.0,100438,KBS
2023-10-13 07:00:00,19900.0,20500.0,19900.0,20300.0,211010,KBS
2023-10-16 07:00:00,20500.0,21100.0,20300.0,20300.0,290925,KBS
2023-10-17 07:00:00,20400.0,20500.0,19900.0,19900.0,115430,KBS
2023-10-18 07:00:00,19500.0,20100.0,18700.0,19100.0,245720,KBS
2023-10-19 07:00:00,19000.0,19400.0,18800.0,18900.0,141167,KBS
2023-10-20 07:00:00,18900.0,19200.0,18600.0,19200.0,158660,KBS
2023-10-23 07:00:00,19500.0,20300.0,19500.0,19900.0,287820,KBS
2023-10-24 07:00:00,19900.0,20100.0,19700.0,20000.0,113479,KBS
2023-10-25 07:00:00,20000.0,20200.0,19500.0,19600.0,78600,KBS
2023-10-26 07:00:00,19200.0,19500.0,17700.0,17900.0,339001,KBS
2023-10-27 07:00:00,18300.0,19500.0,18100.0,19400.0,382709,KBS
2023-10-30 07:00:00,19500.0,20200.0,19500.0,19500.0,222350,KBS
2023-10-31 07:00:00,19800.0,19900.0,18200.0,18200.0,201707,KBS
2023-11-01 07:00:00,18000.0,18600.0,17900.0,18600.0,102600,KBS
2023-11-02 07:00:00,19000.0,19400.0,18600.0,19200.0,209302,KBS
2023-11-03 07:00:00,19300.0,19400.0,18800.0,19100.0,135650,KBS
2023-11-06 07:00:00,19100.0,19200.0,18900.0,19100.0,75801,KBS
2023-11-07 07:00:00,19200.0,21000.0,19100.0,21000.0,907851,KBS
2023-11-08 07:00:00,21000.0,21900.0,21000.0,21600.0,366952,KBS
2023-11-09 07:00:00,21600.0,21900.0,21100.0,21300.0,544982,KBS
2023-11-10 07:00:00,21300.0,22500.0,21300.0,21600.0,518825,KBS
2023-11-13 07:00:00,21700.0,22000.0,21200.0,21500.0,420157,KBS
2023-11-14 07:00:00,21700.0,22300.0,21400.0,21400.0,393529,KBS
2023-11-15 07:00:00,21800.0,22000.0,21200.0,21300.0,460010,KBS
2023-11-16 07:00:00,21400.0,21800.0,21300.0,21800.0,339437,KBS
2023-11-17 07:00:00,21700.0,22500.0,20700.0,21700.0,806867,KBS
2023-11-20 07:00:00,21300.0,21700.0,21200.0,21500.0,303500,KBS
2023-11-21 07:00:00,21800.0,22300.0,21800.0,22300.0,498237,KBS
2023-11-22 07:00:00,21700.0,22500.0,21500.0,22000.0,352509,KBS
2023-11-23 07:00:00,22100.0,22700.0,21000.0,21000.0,534088,KBS
2023-11-24 07:00:00,21000.0,21400.0,19900.0,21000.0,475238,KBS
2023-11-27 07:00:00,21100.0,21200.0,20500.0,20600.0,218068,KBS
2023-11-28 07:00:00,20600.0,20700.0,20200.0,20700.0,193645,KBS
2023-11-29 07:00:00,20900.0,21800.0,20800.0,21700.0,423607,KBS
2023-11-30 07:00:00,21900.0,22000.0,21300.0,21500.0,230060,KBS
2023-12-01 07:00:00,21800.0,22200.0,21300.0,21700.0,336648,KBS
2023-12-04 07:00:00,21700.0,22300.0,21700.0,22300.0,547973,KBS
2023-12-05 07:00:00,22300.0,23500.0,22200.0,22800.0,779628,KBS
2023-12-06 07:00:00,23300.0,23300.0,22300.0,22600.0,299280,KBS
2023-12-07 07:00:00,23500.0,23500.0,21100.0,21700.0,661434,KBS
2023-12-08 07:00:00,21700.0,21800.0,21300.0,21600.0,194908,KBS
2023-12-11 07:00:00,21100.0,22100.0,21100.0,21600.0,173741,KBS
2023-12-12 07:00:00,21400.0,21800.0,21300.0,21600.0,180300,KBS
2023-12-13 07:00:00,21300.0,21600.0,20800.0,20800.0,350412,KBS
2023-12-14 07:00:00,21000.0,21200.0,20600.0,20800.0,124300,KBS
2023-12-15 07:00:00,20800.0,21000.0,20500.0,20800.0,120000,KBS
2023-12-18 07:00:00,20600.0,20800.0,20500.0,20700.0,103110,KBS
2023-12-19 07:00:00,20900.0,21000.0,20600.0,20900.0,69500,KBS
2023-12-20 07:00:00,21000.0,21200.0,20900.0,21200.0,62255,KBS
2023-12-21 07:00:00,21100.0,21100.0,20700.0,21000.0,112300,KBS
2023-12-22 07:00:00,20800.0,21100.0,20700.0,21000.0,94305,KBS
2023-12-25 07:00:00,21200.0,21500.0,21000.0,21100.0,195245,KBS
2023-12-26 07:00:00,21400.0,21600.0,21100.0,21300.0,144801,KBS
2023-12-27 07:00:00,21400.0,21500.0,21100.0,21200.0,89345,KBS
2023-12-28 07:00:00,21200.0,21200.0,20900.0,21200.0,107500,KBS
2023-12-29 07:00:00,21200.0,21200.0,20700.0,21200.0,123402,KBS
2024-01-02 07:00:00,21200.0,21300.0,20800.0,20900.0,150140,KBS
2024-01-03 07:00:00,20900.0,21000.0,20800.0,21000.0,101201,KBS
2024-01-04 07:00:00,21100.0,21600.0,21000.0,21000.0,256546,KBS
2024-01-05 07:00:00,21200.0,21200.0,20900.0,21000.0,100000,KBS
2024-01-08 07:00:00,21200.0,21300.0,21000.0,21200.0,161100,KBS
2024-01-09 07:00:00,21100.0,21100.0,20800.0,20900.0,223026,KBS
2024-01-10 07:00:00,20700.0,21000.0,20600.0,20800.0,203600,KBS
2024-01-11 07:00:00,20900.0,20900.0,20600.0,20700.0,110037,KBS
2024-01-12 07:00:00,20600.0,20700.0,20100.0,20100.0,250600,KBS
2024-01-15 07:00:00,20100.0,20500.0,18800.0,20000.0,58400,KBS
2024-01-16 07:00:00,20000.0,20100.0,19800.0,20000.0,95927,KBS
2024-01-17 07:00:00,20100.0,20400.0,20100.0,20300.0,69600,KBS
2024-01-18 07:00:00,20500.0,20500.0,20100.0,20200.0,136320,KBS
2024-01-19 07:00:00,20300.0,20500.0,20200.0,20300.0,67600,KBS
2024-01-22 07:00:00,20300.0,20300.0,20100.0,20300.0,56353,KBS
2024-01-23 07:00:00,20300.0,21200.0,20300.0,20800.0,411700,KBS
2024-01-24 07:00:00,20800.0,20900.0,20600.0,20900.0,77721,KBS
2024-01-25 07:00:00,20900.0,21000.0,20300.0,20700.0,121000,KBS
2024-01-26 07:00:00,20800.0,20800.0,20400.0,20600.0,74931,KBS
2024-01-29 07:00:00,20600.0,20800.0,20400.0,20600.0,84400,KBS
2024-01-30 07:00:00,20600.0,20900.0,20500.0,20600.0,82201,KBS
2024-01-31 07:00:00,21300.0,21300.0,20300.0,20300.0,169602,KBS
2024-02-01 07:00:00,20300.0,20500.0,20300.0,20300.0,67003,KBS
2024-02-02 07:00:00,20300.0,20400.0,20300.0,20300.0,55300,KBS
2024-02-05 07:00:00,20300.0,20600.0,20300.0,20500.0,122700,KBS
2024-02-06 07:00:00,20600.0,20800.0,20500.0,20800.0,138268,KBS
2024-02-07 07:00:00,20800.0,20900.0,20700.0,20800.0,88300,KBS
2024-02-15 07:00:00,20800.0,20800.0,20600.0,20700.0,69551,KBS
2024-02-16 07:00:00,20700.0,20900.0,20700.0,20700.0,159012,KBS
2024-02-19 07:00:00,21000.0,21800.0,20900.0,21500.0,446857,KBS
2024-02-20 07:00:00,21500.0,21900.0,21200.0,21400.0,140600,KBS
2024-02-21 07:00:00,21600.0,21600.0,21000.0,21300.0,116007,KBS
2024-02-22 07:00:00,21300.0,21900.0,21300.0,21300.0,297265,KBS
2024-02-23 07:00:00,21500.0,21700.0,20600.0,20700.0,161830,KBS
2024-02-26 07:00:00,20800.0,20800.0,20400.0,20800.0,122801,KBS
2024-02-27 07:00:00,20800.0,21200.0,20700.0,21000.0,120320,KBS
2024-02-28 07:00:00,21000.0,22200.0,21000.0,21400.0,718917,KBS
2024-02-29 07:00:00,21400.0,21500.0,20700.0,20900.0,220016,KBS
2024-03-01 07:00:00,20900.0,21200.0,20700.0,20900.0,285006,KBS
2024-03-04 07:00:00,21000.0,21500.0,21000.0,21300.0,279492,KBS
2024-03-05 07:00:00,21400.0,21600.0,21100.0,21400.0,227364,KBS
2024-03-06 07:00:00,21600.0,21700.0,20900.0,21300.0,298828,KBS
2024-03-07 07:00:00,21400.0,22300.0,21400.0,22000.0,784645,KBS
2024-03-08 07:00:00,22200.0,22500.0,21400.0,21400.0,284656,KBS
2024-03-11 07:00:00,21500.0,21800.0,20800.0,21000.0,311968,KBS
2024-03-12 07:00:00,21100.0,21200.0,20700.0,20900.0,243720,KBS
2024-03-13 07:00:00,20800.0,22000.0,20800.0,21800.0,467230,KBS
2024-03-14 07:00:00,22000.0,23900.0,22000.0,23500.0,1194527,KBS
2024-03-15 07:00:00,23600.0,24600.0,22900.0,23300.0,467217,KBS
2024-03-18 07:00:00,24000.0,24000.0,22000.0,22400.0,698180,KBS
2024-03-19 07:00:00,22600.0,23600.0,22600.0,23000.0,281077,KBS
2024-03-20 07:00:00,23200.0,23600.0,22900.0,23200.0,278896,KBS
2024-03-21 07:00:00,23500.0,24500.0,23100.0,23700.0,731674,KBS
2024-03-22 07:00:00,24100.0,24100.0,23400.0,23500.0,459817,KBS
2024-03-25 07:00:00,24000.0,24400.0,23000.0,23300.0,442357,KBS
2024-03-26 07:00:00,23500.0,24000.0,23500.0,23900.0,259420,KBS
2024-03-27 07:00:00,24200.0,25100.0,24000.0,24500.0,358995,KBS
2024-03-28 07:00:00,24100.0,24500.0,23900.0,24000.0,178365,KBS
2024-03-29 07:00:00,24300.0,24900.0,24100.0,24300.0,400760,KBS
2024-04-01 07:00:00,24100.0,25300.0,24100.0,24900.0,486483,KBS
2024-04-02 07:00:00,25000.0,26300.0,24400.0,26300.0,680937,KBS
2024-04-03 07:00:00,26300.0,26900.0,25700.0,26000.0,410241,KBS
2024-04-04 07:00:00,26000.0,26200.0,25400.0,25600.0,407252,KBS
2024-04-05 07:00:00,25700.0,27600.0,25400.0,26100.0,829381,KBS
2024-04-08 07:00:00,25800.0,26200.0,25600.0,25700.0,341031,KBS
2024-04-09 07:00:00,25700.0,26000.0,24700.0,25100.0,600702,KBS
2024-04-10 07:00:00,25200.0,25300.0,24500.0,24500.0,249000,KBS
2024-04-11 07:00:00,24500.0,25400.0,24300.0,25200.0,284714,KBS
2024-04-12 07:00:00,25000.0,25300.0,24900.0,25200.0,137372,KBS
2024-04-15 07:00:00,25600.0,25900.0,22700.0,22700.0,661351,KBS
2024-04-16 07:00:00,22700.0,23100.0,22100.0,22800.0,617077,KBS
2024-04-17 07:00:00,22700.0,23500.0,22700.0,23100.0,438282,KBS
2024-04-19 07:00:00,23100.0,23800.0,22300.0,23100.0,558160,KBS
2024-04-22 07:00:00,22800.0,23400.0,22300.0,23000.0,221210,KBS
2024-04-23 07:00:00,23000.0,23700.0,22600.0,23300.0,352603,KBS
2024-04-24 07:00:00,23800.0,24000.0,23500.0,24000.0,320933,KBS
2024-04-25 07:00:00,24300.0,24300.0,23500.0,23700.0,184445,KBS
2024-04-26 07:00:00,24000.0,24000.0,23400.0,23700.0,139903,KBS
2024-05-02 07:00:00,23700.0,23700.0,23200.0,23500.0,126792,KBS
2024-05-03 07:00:00,23500.0,24400.0,23500.0,23900.0,330472,KBS
2024-05-06 07:00:00,24000.0,25300.0,23600.0,25000.0,444640,KBS
2024-05-07 07:00:00,25200.0,25500.0,24700.0,25500.0,283383,KBS
2024-05-08 07:00:00,25600.0,28000.0,25000.0,28000.0,1627634,KBS
2024-05-09 07:00:00,28100.0,29900.0,28100.0,28500.0,973788,KBS
2024-05-10 07:00:00,28400.0,29700.0,27600.0,29400.0,764056,KBS
2024-05-13 07:00:00,29400.0,29500.0,28700.0,29400.0,405091,KBS
2024-05-14 07:00:00,29400.0,29500.0,28700.0,29000.0,371505,KBS
2024-05-15 07:00:00,29000.0,30000.0,28800.0,29200.0,497628,KBS
2024-05-16 07:00:00,29300.0,31000.0,29300.0,30600.0,649472,KBS
2024-05-17 07:00:00,30900.0,30900.0,30100.0,30500.0,304494,KBS
2024-05-20 07:00:00,30700.0,30700.0,29500.0,29500.0,502823,KBS
2024-05-21 07:00:00,29600.0,30800.0,29500.0,30800.0,621565,KBS
2024-05-22 07:00:00,30900.0,31800.0,29700.0,30200.0,411045,KBS
2024-05-23 07:00:00,30200.0,31800.0,30100.0,31100.0,533603,KBS
2024-05-24 07:00:00,31100.0,31600.0,29000.0,29900.0,804017,KBS
2024-05-27 07:00:00,29900.0,30400.0,29800.0,30200.0,237748,KBS
2024-05-28 07:00:00,30500.0,31000.0,30500.0,30900.0,267150,KBS
2024-05-29 07:00:00,31800.0,31800.0,30100.0,30600.0,498010,KBS
2024-05-30 07:00:00,30500.0,30600.0,29500.0,30400.0,470639,KBS
2024-05-31 07:00:00,30400.0,30800.0,30000.0,30500.0,221411,KBS
2024-06-03 07:00:00,31200.0,32000.0,30600.0,31400.0,455703,KBS
2024-06-04 07:00:00,31400.0,33000.0,31300.0,32200.0,670645,KBS
2024-06-05 07:00:00,32300.0,32700.0,31300.0,32100.0,317806,KBS
2024-06-06 07:00:00,32100.0,32500.0,30900.0,31900.0,505421,KBS
2024-06-07 07:00:00,31800.0,31800.0,31300.0,31500.0,184797,KBS
2024-06-10 07:00:00,31500.0,33000.0,31200.0,31600.0,297324,KBS
2024-06-11 07:00:00,31800.0,32100.0,31000.0,31200.0,428477,KBS
2024-06-12 07:00:00,31600.0,31600.0,31100.0,31200.0,245718,KBS
2024-06-13 07:00:00,31200.0,31600.0,31200.0,31600.0,190651,KBS
2024-06-14 07:00:00,31600.0,32400.0,30500.0,30500.0,462262,KBS
2024-06-17 07:00:00,30200.0,30500.0,29300.0,29500.0,399001,KBS
2024-06-18 07:00:00,30000.0,30200.0,29100.0,29100.0,430188,KBS
2024-06-19 07:00:00,29100.0,29500.0,28900.0,29200.0,257464,KBS
2024-06-20 07:00:00,29300.0,29800.0,29100.0,29400.0,241635,KBS
2024-06-21 07:00:00,29500.0,30500.0,29500.0,30000.0,308939,KBS
2024-06-24 07:00:00,30000.0,30000.0,27700.0,27800.0,555448,KBS
2024-06-25 07:00:00,27800.0,28400.0,27500.0,28100.0,200812,KBS
2024-06-26 07:00:00,28200.0,28200.0,27600.0,28200.0,174062,KBS
2024-06-27 07:00:00,28200.0,28500.0,27500.0,27500.0,147865,KBS
2024-06-28 07:00:00,27600.0,28200.0,26600.0,27200.0,287081,KBS
2024-07-01 07:00:00,27600.0,27600.0,27000.0,27600.0,125257,KBS
2024-07-02 07:00:00,27600.0,28400.0,27600.0,28300.0,206630,KBS
2024-07-03 07:00:00,28600.0,28700.0,28100.0,28100.0,149900,KBS
2024-07-04 07:00:00,28000.0,28800.0,28000.0,28700.0,260158,KBS
2024-07-05 07:00:00,28700.0,28900.0,28300.0,28600.0,183802,KBS
2024-07-08 07:00:00,28700.0,30800.0,28600.0,30800.0,634765,KBS
2024-07-09 07:00:00,31000.0,31200.0,30400.0,30900.0,308304,KBS
2024-07-10 07:00:00,31100.0,33200.0,31000.0,31600.0,1049892,KBS
2024-07-11 07:00:00,31600.0,32300.0,31100.0,31200.0,239302,KBS
2024-07-12 07:00:00,32800.0,32800.0,30500.0,30600.0,345521,KBS
2024-07-15 07:00:00,30600.0,31500.0,30500.0,31300.0,303408,KBS
2024-07-16 07:00:00,31300.0,31500.0,30500.0,30900.0,177827,KBS
2024-07-17 07:00:00,30900.0,31000.0,28700.0,29200.0,532743,KBS
2024-07-18 07:00:00,29200.0,30200.0,28600.0,29700.0,299690,KBS
2024-07-19 07:00:00,29700.0,29800.0,28800.0,29000.0,321868,KBS
2024-07-22 07:00:00,28800.0,29400.0,27900.0,28600.0,347246,KBS
2024-07-23 07:00:00,28600.0,28600.0,27700.0,27900.0,192993,KBS
2024-07-24 07:00:00,27800.0,28600.0,27000.0,28400.0,293193,KBS
2024-07-25 07:00:00,28900.0,28900.0,27700.0,28200.0,126111,KBS
2024-07-26 07:00:00,28200.0,29100.0,28200.0,28900.0,211136,KBS
2024-07-29 07:00:00,29000.0,29400.0,28700.0,28800.0,73441,KBS
2024-07-30 07:00:00,28800.0,29200.0,28300.0,28600.0,122474,KBS
2024-07-31 07:00:00,28900.0,29400.0,28400.0,28600.0,217367,KBS
2024-08-01 07:00:00,28600.0,29600.0,27700.0,28000.0,429979,KBS
2024-08-02 07:00:00,27800.0,28500.0,27300.0,28500.0,199753,KBS
2024-08-05 07:00:00,28000.0,28000.0,25800.0,25900.0,599183,KBS
2024-08-06 07:00:00,26000.0,26700.0,25600.0,26400.0,191421,KBS
2024-08-07 07:00:00,26500.0,26900.0,26200.0,26700.0,85902,KBS
2024-08-08 07:00:00,26700.0,27100.0,26100.0,26900.0,164513,KBS
2024-08-09 07:00:00,27200.0,27400.0,26800.0,27400.0,132309,KBS
2024-08-12 07:00:00,27700.0,28000.0,27500.0,27800.0,109272,KBS
2024-08-13 07:00:00,28000.0,28000.0,27000.0,27300.0,120538,KBS
2024-08-14 07:00:00,27300.0,27400.0,27100.0,27300.0,65385,KBS
2024-08-15 07:00:00,27200.0,27200.0,26900.0,27100.0,83642,KBS
2024-08-16 07:00:00,26900.0,28400.0,26500.0,28000.0,290432,KBS
2024-08-19 07:00:00,28100.0,28700.0,28000.0,28600.0,248174,KBS
2024-08-20 07:00:00,28500.0,28600.0,28200.0,28500.0,202785,KBS
2024-08-21 07:00:00,28500.0,31000.0,28500.0,29400.0,366331,KBS
2024-08-22 07:00:00,29900.0,29900.0,28900.0,29000.0,138397,KBS
2024-08-23 07:00:00,29000.0,29300.0,28600.0,29000.0,151902,KBS
2024-08-26 07:00:00,29300.0,29400.0,28500.0,28500.0,99842,KBS
2024-08-27 07:00:00,28600.0,29000.0,28500.0,28700.0,113836,KBS
2024-08-28 07:00:00,28700.0,29400.0,28600.0,28900.0,125144,KBS
2024-08-29 07:00:00,28900.0,29300.0,28700.0,29200.0,100118,KBS
2024-08-30 07:00:00,29300.0,29300.0,29100.0,29200.0,88330,KBS
2024-09-04 07:00:00,29100.0,29200.0,28000.0,28500.0,148315,KBS
2024-09-05 07:00:00,28600.0,28900.0,28300.0,28500.0,121548,KBS
2024-09-06 07:00:00,28500.0,28700.0,28200.0,28700.0,62500,KBS
2024-09-09 07:00:00,28900.0,29000.0,28300.0,28700.0,80801,KBS
2024-09-10 07:00:00,28700.0,29000.0,28000.0,28500.0,168700,KBS
2024-09-11 07:00:00,28100.0,28300.0,27700.0,28200.0,121565,KBS
2024-09-12 07:00:00,28300.0,28500.0,27800.0,28100.0,43304,KBS
2024-09-13 07:00:00,28300.0,28300.0,27900.0,28100.0,40800,KBS
2024-09-16 07:00:00,28100.0,28300.0,27500.0,27500.0,118331,KBS
2024-09-17 07:00:00,27700.0,28100.0,27200.0,28000.0,92204,KBS
2024-09-18 07:00:00,28200.0,28300.0,27800.0,28200.0,57030,KBS
2024-09-19 07:00:00,28300.0,28400.0,28100.0,28300.0,54808,KBS
2024-09-20 07:00:00,28500.0,30300.0,28100.0,29900.0,729576,KBS
2024-09-23 07:00:00,31000.0,32000.0,29700.0,29700.0,123746,KBS
2024-09-24 07:00:00,30000.0,30200.0,29600.0,30000.0,202357,KBS
2024-09-25 07:00:00,29700.0,30500.0,29700.0,29900.0,257308,KBS
2024-09-26 07:00:00,29900.0,30600.0,29700.0,29800.0,236835,KBS
2024-09-27 07:00:00,30100.0,30100.0,29200.0,29500.0,233332,KBS
2024-09-30 07:00:00,29400.0,30000.0,29300.0,29500.0,219277,KBS
2024-10-01 07:00:00,29500.0,30000.0,29400.0,29800.0,178342,KBS
2024-10-02 07:00:00,30000.0,30500.0,29800.0,29900.0,373824,KBS
2024-10-03 07:00:00,30100.0,30100.0,29300.0,29600.0,126856,KBS
2024-10-04 07:00:00,29800.0,31400.0,29700.0,30400.0,500415,KBS
2024-10-07 07:00:00,30600.0,31500.0,30600.0,31100.0,370435,KBS
2024-10-08 07:00:00,31100.0,32000.0,30700.0,30700.0,507216,KBS
2024-10-09 07:00:00,30800.0,31200.0,30200.0,30400.0,259566,KBS
2024-10-10 07:00:00,30800.0,31500.0,30300.0,30600.0,256376,KBS
2024-10-11 07:00:00,30600.0,30900.0,30400.0,30700.0,146210,KBS
2024-10-14 07:00:00,30700.0,30800.0,30200.0,30600.0,131577,KBS
2024-10-15 07:00:00,30600.0,30600.0,29400.0,29400.0,365677,KBS
2024-10-16 07:00:00,30000.0,30000.0,28400.0,28700.0,564652,KBS
2024-10-17 07:00:00,28900.0,28900.0,28200.0,28900.0,207200,KBS
2024-10-18 07:00:00,29100.0,29100.0,28600.0,28600.0,112230,KBS
2024-10-21 07:00:00,28500.0,28500.0,27700.0,27900.0,213448,KBS
2024-10-22 07:00:00,27700.0,28100.0,27000.0,27500.0,240670,KBS
2024-10-23 07:00:00,27900.0,27900.0,27000.0,27700.0,110911,KBS
2024-10-24 07:00:00,27300.0,27900.0,27300.0,27300.0,83111,KBS
2024-10-25 07:00:00,27300.0,27500.0,27100.0,27300.0,57058,KBS
2024-10-28 07:00:00,27400.0,27700.0,27200.0,27700.0,43250,KBS
2024-10-29 07:00:00,27800.0,28300.0,27700.0,28300.0,87904,KBS
2024-10-30 07:00:00,28900.0,28900.0,28000.0,28100.0,44742,KBS
2024-10-31 07:00:00,28000.0,28400.0,27900.0,27900.0,38212,KBS
2024-11-01 07:00:00,28100.0,28100.0,27600.0,27600.0,100606,KBS
2024-11-04 07:00:00,27500.0,28000.0,27400.0,27600.0,40300,KBS
2024-11-05 07:00:00,27600.0,28100.0,27300.0,27900.0,46712,KBS
2024-11-06 07:00:00,28000.0,28100.0,27900.0,28100.0,71981,KBS
2024-11-07 07:00:00,28200.0,29000.0,27900.0,28400.0,176100,KBS
2024-11-08 07:00:00,28500.0,28700.0,28000.0,28000.0,104800,KBS
2024-11-11 07:00:00,27900.0,28100.0,27700.0,27800.0,124311,KBS
2024-11-12 07:00:00,27800.0,27800.0,27300.0,27600.0,149000,KBS
2024-11-13 07:00:00,27600.0,27600.0,26900.0,27300.0,128300,KBS
2024-11-14 07:00:00,27500.0,28000.0,27100.0,27100.0,169101,KBS
2024-11-15 07:00:00,27100.0,27200.0,26300.0,26400.0,166179,KBS
2024-11-18 07:00:00,26400.0,26900.0,26400.0,26500.0,128259,KBS
2024-11-19 07:00:00,26800.0,26800.0,26200.0,26400.0,42300,KBS
2024-11-20 07:00:00,26300.0,26900.0,26100.0,26700.0,42915,KBS
2024-11-21 07:00:00,26700.0,26900.0,26600.0,26900.0,34903,KBS
2024-11-22 07:00:00,26900.0,27100.0,26800.0,26800.0,52300,KBS
2024-11-25 07:00:00,27000.0,27400.0,26900.0,27100.0,53821,KBS
2024-11-26 07:00:00,26800.0,27200.0,26800.0,27100.0,35100,KBS
2024-11-27 07:00:00,27000.0,27100.0,26800.0,26900.0,24401,KBS
2024-11-28 07:00:00,26800.0,27500.0,26800.0,27000.0,75800,KBS
2024-11-29 07:00:00,27000.0,27500.0,26900.0,27200.0,64400,KBS
2024-12-02 07:00:00,27300.0,27300.0,26900.0,27100.0,113300,KBS
2024-12-03 07:00:00,27300.0,27300.0,26900.0,27200.0,49600,KBS
2024-12-04 07:00:00,27300.0,27400.0,26900.0,27000.0,32339,KBS
2024-12-05 07:00:00,26900.0,27500.0,26700.0,27400.0,120500,KBS
2024-12-06 07:00:00,27900.0,27900.0,27300.0,27400.0,71620,KBS
2024-12-09 07:00:00,27400.0,28000.0,27400.0,27900.0,126703,KBS
2024-12-10 07:00:00,27900.0,28100.0,27700.0,27900.0,70700,KBS
2024-12-11 07:00:00,28100.0,28100.0,27600.0,27800.0,51900,KBS
2024-12-12 07:00:00,27800.0,28000.0,27800.0,27800.0,113724,KBS
2024-12-13 07:00:00,27800.0,27800.0,27600.0,27800.0,35400,KBS
2024-12-16 07:00:00,27800.0,28000.0,27500.0,28000.0,110100,KBS
2024-12-17 07:00:00,27700.0,28000.0,27500.0,27500.0,68933,KBS
2024-12-18 07:00:00,27500.0,30200.0,27500.0,30200.0,777406,KBS
2024-12-19 07:00:00,30800.0,31900.0,30300.0,31100.0,524181,KBS
2024-12-20 07:00:00,31100.0,31200.0,30500.0,31000.0,292224,KBS
2024-12-23 07:00:00,31000.0,32600.0,31000.0,31600.0,382125,KBS
2024-12-24 07:00:00,31600.0,32100.0,31100.0,31700.0,348794,KBS
2024-12-25 07:00:00,31700.0,32000.0,31400.0,31400.0,239420,KBS
2024-12-26 07:00:00,31100.0,32600.0,31100.0,31400.0,360860,KBS
2024-12-27 07:00:00,31900.0,31900.0,30400.0,30400.0,308239,KBS
2024-12-30 07:00:00,30400.0,30500.0,29900.0,29900.0,135202,KBS
2024-12-31 07:00:00,29600.0,30500.0,29600.0,29900.0,86202,KBS
2025-01-02 07:00:00,29900.0,30700.0,29800.0,30000.0,139822,KBS
2025-01-03 07:00:00,29000.0,30500.0,29000.0,29600.0,201702,KBS
2025-01-06 07:00:00,29600.0,30600.0,29500.0,29600.0,280968,KBS
2025-01-07 07:00:00,30500.0,30500.0,29200.0,29500.0,138825,KBS
2025-01-08 07:00:00,29500.0,29700.0,29300.0,29600.0,173813,KBS
2025-01-09 07:00:00,29700.0,31400.0,29500.0,31300.0,597248,KBS
2025-01-10 07:00:00,31500.0,34000.0,31500.0,32500.0,1064810,KBS
2025-01-13 07:00:00,32500.0,33900.0,31500.0,32200.0,390394,KBS
2025-01-14 07:00:00,32300.0,32800.0,31600.0,31900.0,229681,KBS
2025-01-15 07:00:00,31900.0,32400.0,31700.0,32000.0,256404,KBS
2025-01-16 07:00:00,32300.0,33500.0,32100.0,33500.0,465628,KBS
2025-01-17 07:00:00,33500.0,35500.0,32200.0,32300.0,739488,KBS
2025-01-20 07:00:00,31700.0,32700.0,31700.0,32200.0,346872,KBS
2025-01-21 07:00:00,32100.0,32500.0,31800.0,32500.0,311394,KBS
2025-01-22 07:00:00,32500.0,32500.0,31700.0,31800.0,232526,KBS
2025-01-23 07:00:00,31600.0,32300.0,31300.0,32300.0,194159,KBS
2025-01-24 07:00:00,32200.0,32700.0,31600.0,31900.0,188271,KBS
2025-02-03 07:00:00,31900.0,31900.0,30800.0,30800.0,327599,KBS
2025-02-04 07:00:00,30900.0,31500.0,30900.0,31500.0,130937,KBS
2025-02-05 07:00:00,31500.0,32800.0,31500.0,32000.0,309939,KBS
2025-02-06 07:00:00,32000.0,33000.0,31600.0,32300.0,469500,KBS
2025-02-07 07:00:00,31500.0,33000.0,31500.0,32800.0,359754,KBS
2025-02-10 07:00:00,32700.0,34900.0,32300.0,33900.0,681945,KBS
2025-02-11 07:00:00,34400.0,34800.0,33300.0,34000.0,279422,KBS
2025-02-12 07:00:00,33600.0,35100.0,33200.0,34800.0,396424,KBS
2025-02-13 07:00:00,34800.0,35000.0,34000.0,34400.0,276806,KBS
2025-02-14 07:00:00,34400.0,35500.0,34300.0,34600.0,425001,KBS
2025-02-17 07:00:00,35000.0,35000.0,33300.0,33900.0,349367,KBS
2025-02-18 07:00:00,33600.0,34300.0,33100.0,33800.0,226498,KBS
2025-02-19 07:00:00,33600.0,34500.0,33300.0,34400.0,248897,KBS
2025-02-20 07:00:00,35000.0,36800.0,34500.0,35200.0,748493,KBS
2025-02-21 07:00:00,35200.0,35700.0,34600.0,34700.0,210114,KBS
2025-02-24 07:00:00,34700.0,34700.0,33800.0,34200.0,553282,KBS
2025-02-25 07:00:00,34300.0,34500.0,34000.0,34100.0,190212,KBS
2025-02-26 07:00:00,34100.0,35100.0,34000.0,34300.0,286802,KBS
2025-02-27 07:00:00,34300.0,35500.0,33800.0,35500.0,284878,KBS
2025-02-28 07:00:00,35500.0,36300.0,34800.0,34800.0,336179,KBS
2025-03-03 07:00:00,34800.0,35000.0,34300.0,34700.0,120804,KBS
2025-03-04 07:00:00,34700.0,34800.0,33900.0,34700.0,239953,KBS
2025-03-05 07:00:00,34700.0,34700.0,34100.0,34200.0,149439,KBS
2025-03-06 07:00:00,34500.0,35000.0,34000.0,34500.0,104000,KBS
2025-03-07 07:00:00,34500.0,35000.0,34300.0,34500.0,169875,KBS
2025-03-10 07:00:00,34400.0,35000.0,34200.0,34600.0,136777,KBS
2025-03-11 07:00:00,34700.0,35900.0,34100.0,35100.0,244635,KBS
2025-03-12 07:00:00,35300.0,35300.0,34000.0,35000.0,389091,KBS
2025-03-13 07:00:00,34700.0,34800.0,34000.0,34000.0,234746,KBS
2025-03-14 07:00:00,33600.0,34000.0,32700.0,33200.0,357685,KBS
2025-03-17 07:00:00,33200.0,33600.0,32700.0,33000.0,176396,KBS
2025-03-18 07:00:00,33000.0,33800.0,33000.0,33100.0,243644,KBS
2025-03-19 07:00:00,33300.0,33800.0,33200.0,33400.0,121109,KBS
2025-03-20 07:00:00,33400.0,33600.0,33100.0,33500.0,64478,KBS
2025-03-21 07:00:00,33700.0,33800.0,33100.0,33200.0,90700,KBS
2025-03-24 07:00:00,33300.0,33400.0,32700.0,33100.0,115500,KBS
2025-03-25 07:00:00,33400.0,33400.0,33000.0,33200.0,84080,KBS
2025-03-26 07:00:00,33300.0,33800.0,32700.0,33000.0,120435,KBS
2025-03-27 07:00:00,33200.0,33200.0,32400.0,32400.0,190418,KBS
2025-03-28 07:00:00,32400.0,32400.0,31200.0,31500.0,293212,KBS
2025-03-31 07:00:00,31500.0,31700.0,30800.0,30900.0,193301,KBS
2025-04-01 07:00:00,31500.0,31600.0,31000.0,31000.0,95107,KBS
2025-04-02 07:00:00,31000.0,31700.0,31000.0,31300.0,75401,KBS
2025-04-03 07:00:00,30600.0,30600.0,28200.0,28200.0,540473,KBS
2025-04-04 07:00:00,27000.0,27000.0,25400.0,26500.0,654079,KBS
2025-04-08 07:00:00,26000.0,26500.0,23900.0,23900.0,383201,KBS
2025-04-09 07:00:00,21700.0,23200.0,21600.0,21600.0,460573,KBS
2025-04-10 07:00:00,23500.0,23700.0,23500.0,23700.0,28957,KBS
2025-04-11 07:00:00,25700.0,26000.0,24000.0,25600.0,552552,KBS
2025-04-14 07:00:00,26000.0,27000.0,25600.0,26300.0,324310,KBS
2025-04-15 07:00:00,26500.0,26500.0,24800.0,25500.0,145943,KBS
2025-04-16 07:00:00,25500.0,25500.0,24300.0,24500.0,199602,KBS
2025-04-17 07:00:00,24500.0,26100.0,23900.0,25800.0,142404,KBS
2025-04-18 07:00:00,25900.0,26500.0,25800.0,25900.0,219806,KBS
2025-04-21 07:00:00,25900.0,26000.0,25000.0,26000.0,111932,KBS
2025-04-22 07:00:00,25200.0,25300.0,23600.0,25000.0,307523,KBS
2025-04-23 07:00:00,25400.0,25600.0,25200.0,25400.0,83900,KBS
2025-04-24 07:00:00,25500.0,25800.0,25200.0,25800.0,127241,KBS
2025-04-25 07:00:00,25800.0,25800.0,25400.0,25700.0,55701,KBS
2025-04-28 07:00:00,25700.0,26100.0,25000.0,25600.0,89902,KBS
2025-04-29 07:00:00,25300.0,25500.0,25100.0,25200.0,89602,KBS
2025-05-05 07:00:00,25400.0,25600.0,25100.0,25500.0,32300,KBS
2025-05-06 07:00:00,25600.0,26200.0,25500.0,25900.0,221100,KBS
2025-05-07 07:00:00,26200.0,26700.0,26000.0,26300.0,132200,KBS
2025-05-08 07:00:00,26300.0,26600.0,26000.0,26500.0,136900,KBS
2025-05-09 07:00:00,26700.0,26700.0,26100.0,26300.0,152600,KBS
2025-05-12 07:00:00,26300.0,27400.0,26000.0,27200.0,203300,KBS
2025-05-13 07:00:00,27200.0,28100.0,27000.0,27200.0,326800,KBS
2025-05-14 07:00:00,27200.0,27900.0,27100.0,27600.0,127800,KBS
2025-05-15 07:00:00,27600.0,28100.0,27200.0,27800.0,112800,KBS
2025-05-16 07:00:00,27700.0,27800.0,27400.0,27400.0,84200,KBS
2025-05-19 07:00:00,27000.0,27600.0,26900.0,27000.0,81500,KBS
2025-05-20 07:00:00,27100.0,27300.0,26700.0,27100.0,99200,KBS
2025-05-21 07:00:00,27200.0,27200.0,26800.0,27000.0,61300,KBS
2025-05-22 07:00:00,27000.0,27400.0,27000.0,27100.0,81500,KBS
2025-05-23 07:00:00,27100.0,27200.0,26500.0,26500.0,90000,KBS
2025-05-26 07:00:00,26600.0,27500.0,26300.0,27400.0,99400,KBS
2025-05-27 07:00:00,27400.0,27600.0,27300.0,27400.0,57800,KBS
2025-05-28 07:00:00,27700.0,29900.0,27700.0,28700.0,348100,KBS
2025-05-29 07:00:00,28700.0,28800.0,28100.0,28700.0,82200,KBS
2025-05-30 07:00:00,28700.0,28700.0,28100.0,28100.0,91400,KBS
2025-06-02 07:00:00,28100.0,29900.0,28100.0,29600.0,382200,KBS
2025-06-03 07:00:00,29800.0,30000.0,29000.0,29200.0,184300,KBS
2025-06-04 07:00:00,29300.0,29800.0,29000.0,29200.0,132700,KBS
2025-06-05 07:00:00,29000.0,29100.0,26300.0,28500.0,277500,KBS
2025-06-06 07:00:00,28900.0,29200.0,28200.0,28400.0,169900,KBS
2025-06-09 07:00:00,28400.0,28700.0,28100.0,28400.0,62000,KBS
2025-06-10 07:00:00,28400.0,28500.0,28200.0,28500.0,77500,KBS
2025-06-11 07:00:00,28600.0,28600.0,27800.0,28300.0,98600,KBS
2025-06-12 07:00:00,28300.0,29000.0,28300.0,28500.0,142700,KBS
2025-06-13 07:00:00,29200.0,30500.0,29200.0,29700.0,500800,KBS
2025-06-16 07:00:00,29900.0,31400.0,29700.0,30900.0,369300,KBS
2025-06-17 07:00:00,30900.0,31000.0,29400.0,29800.0,313600,KBS
2025-06-18 07:00:00,31500.0,31500.0,29500.0,29900.0,129600,KBS
2025-06-19 07:00:00,30000.0,31500.0,29600.0,31000.0,384000,KBS
2025-06-20 07:00:00,31000.0,31600.0,30900.0,31000.0,310700,KBS
2025-06-23 07:00:00,32000.0,32400.0,31600.0,31600.0,268900,KBS
2025-06-24 07:00:00,29900.0,30500.0,29800.0,30500.0,294400,KBS
2025-06-25 07:00:00,30000.0,30500.0,30000.0,30500.0,112900,KBS
2025-06-26 07:00:00,30500.0,30500.0,29700.0,30200.0,108200,KBS
2025-06-27 07:00:00,30500.0,30800.0,29900.0,30300.0,110900,KBS
2025-06-30 07:00:00,30300.0,30800.0,30100.0,30500.0,170400,KBS
2025-07-01 07:00:00,30500.0,30800.0,30100.0,30200.0,125500,KBS
2025-07-02 07:00:00,30700.0,30700.0,30000.0,30200.0,131600,KBS
2025-07-03 07:00:00,28100.0,30800.0,28100.0,30200.0,131000,KBS
2025-07-04 07:00:00,30200.0,30500.0,30100.0,30400.0,91700,KBS
2025-07-07 07:00:00,30400.0,30600.0,30300.0,30400.0,62400,KBS
2025-07-08 07:00:00,30700.0,30700.0,30200.0,30500.0,123200,KBS
2025-07-09 07:00:00,30500.0,30600.0,30300.0,30400.0,112300,KBS
2025-07-10 07:00:00,30400.0,31000.0,30100.0,30600.0,152200,KBS
2025-07-11 07:00:00,30600.0,30600.0,30200.0,30300.0,140600,KBS
2025-07-14 07:00:00,30400.0,31100.0,30000.0,30500.0,375900,KBS
2025-07-15 07:00:00,30600.0,31100.0,30600.0,30900.0,181200,KBS
2025-07-16 07:00:00,31000.0,31600.0,30900.0,31000.0,114900,KBS
2025-07-17 07:00:00,31000.0,31500.0,30700.0,30800.0,173200,KBS
2025-07-18 07:00:00,31000.0,31400.0,30600.0,31400.0,346800,KBS
2025-07-21 07:00:00,31500.0,32000.0,31300.0,31400.0,276600,KBS
2025-07-22 07:00:00,31500.0,31800.0,31400.0,31400.0,221000,KBS
2025-07-23 07:00:00,31800.0,34000.0,31400.0,31500.0,423500,KBS
2025-07-24 07:00:00,31500.0,31800.0,31200.0,31500.0,257300,KBS
2025-07-25 07:00:00,31600.0,31900.0,31400.0,31400.0,257100,KBS
2025-07-28 07:00:00,31300.0,31400.0,30700.0,31000.0,370100,KBS
2025-07-29 07:00:00,31500.0,33500.0,30800.0,30800.0,601500,KBS
2025-07-30 07:00:00,31500.0,31500.0,30600.0,30800.0,184500,KBS
2025-07-31 07:00:00,31000.0,31000.0,30400.0,30400.0,249100,KBS
2025-08-01 07:00:00,30700.0,30700.0,30100.0,30100.0,125800,KBS
2025-08-04 07:00:00,30100.0,30200.0,29700.0,30000.0,154100,KBS
2025-08-05 07:00:00,30500.0,30500.0,29600.0,29700.0,225400,KBS
2025-08-06 07:00:00,29700.0,30900.0,29700.0,30300.0,208100,KBS
2025-08-07 07:00:00,30300.0,30900.0,30100.0,30300.0,55800,KBS
2025-08-08 07:00:00,30300.0,32300.0,30300.0,31600.0,637300,KBS
2025-08-11 07:00:00,31800.0,31900.0,31000.0,31000.0,183900,KBS
2025-08-12 07:00:00,31000.0,31400.0,30400.0,30800.0,241300,KBS
2025-08-13 07:00:00,31000.0,31200.0,30100.0,30300.0,243300,KBS
2025-08-14 07:00:00,30100.0,31000.0,29800.0,31000.0,248700,KBS
2025-08-15 07:00:00,31000.0,31400.0,30400.0,30400.0,252400,KBS
2025-08-18 07:00:00,30800.0,30900.0,30300.0,30500.0,84000,KBS
2025-08-19 07:00:00,30600.0,30700.0,30200.0,30200.0,167200,KBS
2025-08-20 07:00:00,30200.0,30200.0,28900.0,29500.0,222200,KBS
2025-08-21 07:00:00,28000.0,29500.0,28000.0,28800.0,240700,KBS
2025-08-22 07:00:00,28600.0,29000.0,28100.0,28600.0,147100,KBS
2025-08-25 07:00:00,28600.0,28800.0,27700.0,27800.0,79500,KBS
2025-08-26 07:00:00,28000.0,28300.0,27800.0,28300.0,90500,KBS
2025-08-27 07:00:00,28300.0,28500.0,28000.0,28000.0,40700,KBS
2025-08-28 07:00:00,28100.0,28800.0,28000.0,28800.0,49900,KBS
2025-08-29 07:00:00,28800.0,28800.0,28400.0,28500.0,115700,KBS
2025-09-03 07:00:00,28900.0,29700.0,28800.0,29300.0,56700,KBS
2025-09-04 07:00:00,29300.0,29900.0,28700.0,29300.0,72000,KBS
2025-09-05 07:00:00,29000.0,31000.0,29000.0,29400.0,202800,KBS
2025-09-08 07:00:00,29300.0,29300.0,28500.0,28500.0,61300,KBS
2025-09-09 07:00:00,28600.0,28800.0,28300.0,28500.0,40600,KBS
2025-09-10 07:00:00,28200.0,28600.0,28000.0,28600.0,54400,KBS
2025-09-11 07:00:00,28800.0,29300.0,28200.0,28700.0,87900,KBS
2025-09-12 07:00:00,29300.0,29500.0,28400.0,29400.0,129800,KBS
2025-09-15 07:00:00,29500.0,29500.0,29200.0,29500.0,32200,KBS
2025-09-16 07:00:00,29800.0,29900.0,29400.0,29400.0,39400,KBS
2025-09-17 07:00:00,29500.0,30900.0,29400.0,30000.0,236000,KBS
2025-09-18 07:00:00,30000.0,30200.0,29600.0,29800.0,45700,KBS
2025-09-19 07:00:00,29700.0,29800.0,29000.0,29000.0,29200,KBS
2025-09-22 07:00:00,29000.0,29000.0,28300.0,29000.0,32400,KBS
2025-09-23 07:00:00,28900.0,29500.0,28800.0,29200.0,31800,KBS
2025-09-24 07:00:00,29200.0,29600.0,29200.0,29200.0,36200,KBS
2025-09-25 07:00:00,29900.0,30100.0,29000.0,29900.0,125200,KBS
2025-09-26 07:00:00,30200.0,30200.0,29200.0,29200.0,26700,KBS
2025-09-29 07:00:00,30000.0,30800.0,29500.0,29500.0,187300,KBS
2025-09-30 07:00:00,29300.0,30100.0,29300.0,29900.0,25900,KBS
2025-10-01 07:00:00,30200.0,30200.0,29500.0,29500.0,59600,KBS
2025-10-02 07:00:00,29500.0,30400.0,29300.0,29700.0,37800,KBS
2025-10-03 07:00:00,29400.0,29500.0,29100.0,29100.0,24800,KBS
2025-10-06 07:00:00,29000.0,29500.0,29000.0,29500.0,47700,KBS
2025-10-07 07:00:00,29100.0,29600.0,29000.0,29200.0,25900,KBS
2025-10-08 07:00:00,29500.0,29500.0,29000.0,29000.0,64900,KBS
2025-10-09 07:00:00,29000.0,29900.0,29000.0,29700.0,44900,KBS
2025-10-10 07:00:00,29700.0,29700.0,29400.0,29700.0,21700,KBS
2025-10-13 07:00:00,29000.0,29400.0,28900.0,29100.0,79300,KBS
2025-10-14 07:00:00,29600.0,29600.0,28500.0,29000.0,71200,KBS
2025-10-15 07:00:00,29200.0,29200.0,28200.0,28900.0,63200,KBS
2025-10-16 07:00:00,29000.0,29000.0,27700.0,28300.0,31500,KBS
2025-10-17 07:00:00,28300.0,29000.0,28200.0,28400.0,80400,KBS
2025-10-20 07:00:00,28400.0,29000.0,27000.0,28300.0,57900,KBS
2025-10-21 07:00:00,27900.0,28700.0,27600.0,28400.0,94000,KBS
2025-10-22 07:00:00,28500.0,28500.0,27900.0,28400.0,21900,KBS
2025-10-23 07:00:00,29100.0,30000.0,29000.0,29300.0,111300,KBS
2025-10-24 07:00:00,30000.0,31000.0,29700.0,30000.0,265600,KBS
2025-10-27 07:00:00,30000.0,30000.0,29500.0,29500.0,41100,KBS
2025-10-28 07:00:00,29900.0,29900.0,28900.0,29500.0,83100,KBS
2025-10-29 07:00:00,29900.0,30000.0,29000.0,29500.0,117300,KBS
2025-10-30 07:00:00,29400.0,29500.0,29000.0,29400.0,32300,KBS
2025-10-31 07:00:00,29100.0,30700.0,29100.0,30300.0,281500,KBS
2025-11-03 07:00:00,30300.0,31300.0,30300.0,30300.0,183300,KBS
2025-11-04 07:00:00,30000.0,30400.0,29000.0,30400.0,144800,KBS
2025-11-05 07:00:00,30500.0,32400.0,30300.0,31500.0,711300,KBS
2025-11-06 07:00:00,31500.0,31500.0,30900.0,31000.0,98800,KBS
2025-11-07 07:00:00,31300.0,31900.0,27900.0,29400.0,399000,KBS
2025-11-10 07:00:00,29200.0,30500.0,29100.0,29500.0,134700,KBS
2025-11-11 07:00:00,29900.0,29900.0,28900.0,28900.0,132800,KBS
2025-11-12 07:00:00,29100.0,29200.0,28800.0,28800.0,137400,KBS
2025-11-13 07:00:00,28800.0,30700.0,28800.0,29500.0,141100,KBS
2025-11-14 07:00:00,29600.0,30200.0,29300.0,29800.0,167800,KBS
2025-11-17 07:00:00,30000.0,30000.0,29400.0,29900.0,147200,KBS
2025-11-18 07:00:00,29900.0,29900.0,29500.0,29500.0,110700,KBS
2025-11-19 07:00:00,29500.0,29600.0,29300.0,29300.0,123700,KBS
2025-11-20 07:00:00,29300.0,29300.0,28800.0,29200.0,126900,KBS
2025-11-21 07:00:00,29200.0,29200.0,28300.0,28700.0,224300,KBS
2025-11-24 07:00:00,28700.0,28800.0,28300.0,28500.0,72800,KBS
2025-11-25 07:00:00,28400.0,28600.0,28100.0,28300.0,155400,KBS
2025-11-26 07:00:00,28300.0,28600.0,28300.0,28600.0,39500,KBS
2025-11-27 07:00:00,28800.0,29100.0,28500.0,28700.0,28600,KBS
2025-11-28 07:00:00,29100.0,29100.0,28600.0,28600.0,34100,KBS
2025-12-01 07:00:00,28500.0,28600.0,28000.0,28500.0,52800,KBS
2025-12-02 07:00:00,28400.0,28400.0,27900.0,28400.0,89300,KBS
2025-12-03 07:00:00,28600.0,29000.0,28400.0,28400.0,65300,KBS
2025-12-04 07:00:00,28500.0,28800.0,28400.0,28600.0,43700,KBS
2025-12-05 07:00:00,28600.0,28600.0,28200.0,28500.0,39100,KBS
2025-12-08 07:00:00,28400.0,28500.0,28200.0,28500.0,91800,KBS
2025-12-09 07:00:00,28100.0,28300.0,27700.0,28000.0,120700,KBS
2025-12-10 07:00:00,28100.0,28400.0,27900.0,27900.0,44800,KBS
2025-12-11 07:00:00,28100.0,28400.0,27900.0,28300.0,40500,KBS
2025-12-12 07:00:00,28300.0,28300.0,27800.0,27800.0,31300,KBS
2025-12-15 07:00:00,27800.0,27800.0,27700.0,27800.0,63000,KBS
2025-12-16 07:00:00,27800.0,28400.0,27400.0,28300.0,70300,KBS
2025-12-17 07:00:00,28200.0,29100.0,28100.0,28600.0,71000,KBS
2025-12-18 07:00:00,28700.0,28800.0,28000.0,28300.0,60400,KBS
2025-12-19 07:00:00,28300.0,28500.0,27800.0,27900.0,64400,KBS
2025-12-22 07:00:00,28000.0,30600.0,28000.0,30600.0,778700,KBS
2025-12-23 07:00:00,32000.0,32400.0,30700.0,31500.0,699700,KBS
2025-12-24 07:00:00,31500.0,32600.0,31300.0,31800.0,325800,KBS
2025-12-25 07:00:00,31500.0,32200.0,31300.0,31500.0,182700,KBS
2025-12-26 07:00:00,31600.0,32100.0,30900.0,31600.0,544800,KBS
2025-12-29 07:00:00,31800.0,34700.0,31800.0,34700.0,822800,KBS
2025-12-30 07:00:00,34700.0,37000.0,34700.0,36000.0,570900,KBS
2025-12-31 07:00:00,36000.0,36800.0,35500.0,35800.0,267300,KBS
2026-01-05 07:00:00,35900.0,37800.0,34800.0,36800.0,730600,KBS
2026-01-06 07:00:00,36900.0,38000.0,35900.0,37200.0,460100,KBS
2026-01-07 07:00:00,37200.0,37200.0,36000.0,36500.0,548800,KBS
2026-01-08 07:00:00,36800.0,37800.0,35300.0,36000.0,889000,KBS
2026-01-09 07:00:00,36000.0,37100.0,35000.0,35000.0,430200,KBS
2026-01-12 07:00:00,35000.0,35300.0,33500.0,35300.0,593700,KBS
2026-01-13 07:00:00,35300.0,38800.0,35300.0,38300.0,933200,KBS
2026-01-14 07:00:00,38500.0,39700.0,36900.0,38000.0,750400,KBS
2026-01-15 07:00:00,37800.0,37800.0,36200.0,36700.0,365300,KBS
2026-01-16 07:00:00,36900.0,37400.0,35500.0,35600.0,495200,KBS
2026-01-19 07:00:00,35600.0,36800.0,34300.0,36200.0,323300,KBS
2026-01-20 07:00:00,36400.0,36700.0,35300.0,36200.0,320500,KBS
2026-01-21 07:00:00,36200.0,37200.0,35300.0,37200.0,455800,KBS
2026-01-22 07:00:00,37400.0,38500.0,36100.0,36100.0,532400,KBS
2026-01-23 07:00:00,36600.0,36600.0,34700.0,35500.0,266300,KBS
2026-01-26 07:00:00,35800.0,36300.0,34700.0,35500.0,340100,KBS
2026-01-27 07:00:00,35500.0,37000.0,34700.0,36500.0,550600,KBS
2026-01-28 07:00:00,37000.0,40100.0,36800.0,38800.0,1672600,KBS
2026-01-29 07:00:00,39000.0,39100.0,37500.0,39100.0,281400,KBS
2026-01-30 07:00:00,39100.0,41200.0,37700.0,38500.0,985200,KBS
2026-02-02 07:00:00,38200.0,39300.0,36500.0,39100.0,940300,KBS
2026-02-03 07:00:00,39200.0,40500.0,38400.0,38500.0,833400,KBS
2026-02-04 07:00:00,38400.0,39400.0,37300.0,38100.0,570500,KBS
2026-02-05 07:00:00,38300.0,38300.0,35900.0,35900.0,427700,KBS
2026-02-06 07:00:00,35000.0,37000.0,32700.0,34300.0,911000,KBS
2026-02-09 07:00:00,34400.0,35900.0,34000.0,35900.0,177100,KBS
2026-02-10 07:00:00,35900.0,36900.0,32600.0,33000.0,443800,KBS
2026-02-11 07:00:00,33000.0,33600.0,32300.0,33000.0,197300,KBS
2026-02-12 07:00:00,33100.0,34400.0,33100.0,33400.0,92900,KBS
2026-02-13 07:00:00,33000.0,33500.0,32800.0,33300.0,98600,KBS
2026-02-23 07:00:00,33300.0,35500.0,33300.0,35100.0,324000,KBS
2026-02-24 07:00:00,35500.0,35500.0,34400.0,34900.0,172700,KBS
2026-02-25 07:00:00,34900.0,36100.0,33000.0,35100.0,225500,KBS
2026-02-26 07:00:00,35100.0,35900.0,34100.0,35900.0,333600,KBS
2026-02-27 07:00:00,36000.0,38600.0,36000.0,37600.0,781800,KBS
2026-03-02 07:00:00,37600.0,41300.0,37600.0,41300.0,1631500,KBS
2026-03-03 07:00:00,41500.0,43300.0,39500.0,42000.0,1128200,KBS
2026-03-04 07:00:00,43000.0,43000.0,37900.0,39800.0,1118400,KBS
2026-03-05 07:00:00,39800.0,41000.0,37000.0,37000.0,791700,KBS
2026-03-06 07:00:00,37000.0,38100.0,36000.0,36600.0,390400,KBS
2026-03-09 07:00:00,39800.0,40000.0,33000.0,33000.0,1171400,KBS
2026-03-10 07:00:00,30000.0,34300.0,29700.0,30700.0,804200,KBS
2026-03-11 07:00:00,30800.0,32500.0,30700.0,32500.0,366600,KBS
2026-03-12 07:00:00,33000.0,33500.0,31600.0,31900.0,292700,KBS
2026-03-13 07:00:00,32300.0,32500.0,30000.0,30000.0,876600,KBS
2026-03-16 07:00:00,29800.0,30800.0,29500.0,30400.0,378700,KBS
2026-03-17 07:00:00,30300.0,30900.0,30200.0,30300.0,186500,KBS
2026-03-18 07:00:00,30300.0,32000.0,30200.0,31800.0,279800,KBS
2026-03-19 07:00:00,31800.0,32100.0,30300.0,30600.0,195500,KBS
2026-03-20 07:00:00,31400.0,31400.0,29700.0,29700.0,280100,KBS
2026-03-23 07:00:00,29700.0,30500.0,29000.0,29000.0,278400,KBS
2026-03-24 07:00:00,29000.0,29700.0,28800.0,29000.0,140700,KBS
2026-03-25 07:00:00,29000.0,30200.0,26900.0,29600.0,146400,KBS
2026-03-26 07:00:00,30800.0,30800.0,28900.0,29100.0,143500,KBS
2026-03-27 07:00:00,29100.0,29600.0,29000.0,29600.0,100300,KBS
2026-03-30 07:00:00,29600.0,30100.0,29300.0,29600.0,118900,KBS
2026-03-31 07:00:00,29400.0,29400.0,29200.0,29300.0,103700,KBS
2026-04-01 07:00:00,29600.0,29600.0,28900.0,29200.0,167200,KBS
2026-04-02 07:00:00,29200.0,29400.0,28500.0,28500.0,117100,KBS
2026-04-03 07:00:00,28700.0,29200.0,28500.0,28700.0,60300,KBS
2026-04-06 07:00:00,28500.0,28700.0,28100.0,28100.0,92700,KBS
2026-04-07 07:00:00,28100.0,28500.0,27800.0,28100.0,61500,KBS
2026-04-08 07:00:00,29000.0,29000.0,28300.0,28900.0,91500,KBS
2026-04-09 07:00:00,28900.0,28900.0,28000.0,28500.0,96400,KBS
2026-04-10 07:00:00,28800.0,29900.0,28100.0,29400.0,196200,KBS
2026-04-13 07:00:00,29400.0,29800.0,28800.0,29300.0,66100,KBS
2026-04-14 07:00:00,29400.0,29400.0,28700.0,28700.0,82000,KBS
2026-04-15 07:00:00,28700.0,29100.0,28300.0,28400.0,75000,KBS
2026-04-16 07:00:00,28400.0,28600.0,27900.0,28000.0,151400,KBS
2026-04-17 07:00:00,28400.0,28600.0,28000.0,28600.0,75900,KBS
2026-04-20 07:00:00,29000.0,29600.0,28300.0,28600.0,65600,KBS
2026-04-21 07:00:00,28600.0,28700.0,28000.0,28300.0,69400,KBS
2026-04-22 07:00:00,28100.0,28700.0,28100.0,28400.0,55400,KBS
2026-04-23 07:00:00,28400.0,28500.0,27500.0,27700.0,160000,KBS
2026-04-24 07:00:00,27800.0,28500.0,27600.0,27700.0,95800,KBS
2026-04-28 07:00:00,27800.0,27800.0,26100.0,26800.0,210000,KBS
2026-04-29 07:00:00,26800.0,26900.0,26200.0,26900.0,130300,KBS
2026-05-04 07:00:00,27400.0,28100.0,27200.0,27600.0,88500,KBS
2026-05-05 07:00:00,27600.0,29000.0,27000.0,28300.0,118900,KBS
2026-05-06 07:00:00,28300.0,29000.0,28100.0,28300.0,100400,KBS
2026-05-07 07:00:00,28300.0,28300.0,26900.0,27500.0,90900,KBS
2026-05-08 07:00:00,27500.0,27500.0,26600.0,27200.0,69700,KBS
2026-05-11 07:00:00,27200.0,27300.0,26600.0,27300.0,43200,KBS
2026-05-12 07:00:00,27400.0,27400.0,26800.0,27000.0,61500,KBS
2026-05-13 07:00:00,27300.0,28800.0,27000.0,28100.0,185100,KBS
2026-05-14 07:00:00,28200.0,28300.0,27600.0,28100.0,42800,KBS
2026-05-15 07:00:00,28100.0,28500.0,27600.0,27800.0,100800,KBS
2026-05-18 07:00:00,27900.0,29800.0,27900.0,29300.0,418900,KBS
2026-05-19 07:00:00,29800.0,29900.0,27600.0,28500.0,176100,KBS
2026-05-20 07:00:00,28500.0,28500.0,27000.0,28200.0,115700,KBS
2026-05-21 07:00:00,28300.0,28300.0,27400.0,27500.0,56200,KBS
2026-05-22 07:00:00,27500.0,27500.0,26600.0,26600.0,241700,KBS
2026-05-25 07:00:00,26600.0,27300.0,26200.0,26300.0,125000,KBS
2026-05-26 07:00:00,26800.0,26800.0,26300.0,26800.0,37200,KBS
2026-05-27 07:00:00,26800.0,26800.0,26400.0,26600.0,45800,KBS
2026-05-28 07:00:00,26600.0,26700.0,26300.0,26400.0,85400,KBS
2026-05-29 07:00:00,26600.0,26600.0,26200.0,26600.0,104500,KBS
2026-06-01 07:00:00,26500.0,26500.0,26100.0,26100.0,52400,KBS
2026-06-02 07:00:00,26100.0,26300.0,25900.0,26000.0,81600,KBS
2026-06-03 07:00:00,26500.0,26500.0,25500.0,26000.0,41200,KBS
2026-06-04 07:00:00,26000.0,26700.0,26000.0,26000.0,71700,KBS
2026-06-05 07:00:00,26100.0,26100.0,25800.0,26100.0,47700,KBS
