date,open,high,low,close,volume,_source
2020-01-02 07:00:00,11148.0,11185.0,11074.0,11148.0,1184670,KBS
2020-01-03 07:00:00,11333.0,11556.0,11259.0,11259.0,4776940,KBS
2020-01-06 07:00:00,11667.0,11852.0,11593.0,11741.0,6008080,KBS
2020-01-07 07:00:00,11630.0,11704.0,11518.0,11593.0,1697580,KBS
2020-01-08 07:00:00,11852.0,12000.0,11556.0,11593.0,4315660,KBS
2020-01-09 07:00:00,11296.0,11407.0,11222.0,11259.0,3150280,KBS
2020-01-10 07:00:00,11296.0,11333.0,11074.0,11222.0,2240000,KBS
2020-01-13 07:00:00,11148.0,11148.0,11037.0,11074.0,2762860,KBS
2020-01-14 07:00:00,11037.0,11037.0,10815.0,10889.0,3108720,KBS
2020-01-15 07:00:00,11037.0,11037.0,10778.0,10815.0,1379250,KBS
2020-01-16 07:00:00,10778.0,11074.0,10667.0,10889.0,3924160,KBS
2020-01-17 07:00:00,10963.0,11000.0,10852.0,10852.0,1366970,KBS
2020-01-20 07:00:00,10889.0,10889.0,10667.0,10741.0,1878050,KBS
2020-01-21 07:00:00,10815.0,11111.0,10667.0,10963.0,2648330,KBS
2020-01-22 07:00:00,10963.0,11185.0,10926.0,11074.0,2436380,KBS
2020-01-30 07:00:00,10778.0,10778.0,10444.0,10556.0,4054680,KBS
2020-01-31 07:00:00,10518.0,10593.0,9852.0,9852.0,4474300,KBS
2020-02-03 07:00:00,9185.0,9444.0,9185.0,9259.0,6494050,KBS
2020-02-04 07:00:00,9407.0,9444.0,9000.0,9037.0,3087330,KBS
2020-02-05 07:00:00,9148.0,9518.0,9000.0,9259.0,4838490,KBS
2020-02-06 07:00:00,9370.0,9889.0,9370.0,9889.0,4844650,KBS
2020-02-07 07:00:00,9926.0,10037.0,9815.0,9815.0,3196760,KBS
2020-02-10 07:00:00,9556.0,9889.0,9481.0,9630.0,2609730,KBS
2020-02-11 07:00:00,9667.0,10000.0,9630.0,9889.0,3431520,KBS
2020-02-12 07:00:00,9889.0,10148.0,9889.0,10037.0,3214200,KBS
2020-02-13 07:00:00,10074.0,10148.0,9963.0,10000.0,2123630,KBS
2020-02-14 07:00:00,9926.0,10037.0,9815.0,9889.0,2601780,KBS
2020-02-17 07:00:00,9889.0,10074.0,9889.0,9963.0,2732630,KBS
2020-02-18 07:00:00,10000.0,10037.0,9889.0,9889.0,1791080,KBS
2020-02-19 07:00:00,9889.0,9963.0,9815.0,9852.0,1981480,KBS
2020-02-20 07:00:00,10074.0,10111.0,9852.0,9889.0,3491190,KBS
2020-02-21 07:00:00,9963.0,10000.0,9778.0,9778.0,2973540,KBS
2020-02-24 07:00:00,9333.0,9407.0,9111.0,9111.0,6759290,KBS
2020-02-25 07:00:00,8963.0,9370.0,8963.0,9296.0,2792780,KBS
2020-02-26 07:00:00,9037.0,9370.0,8963.0,9037.0,1986760,KBS
2020-02-27 07:00:00,9074.0,9185.0,9000.0,9185.0,1446710,KBS
2020-02-28 07:00:00,8889.0,9000.0,8630.0,8704.0,4896390,KBS
2020-03-02 07:00:00,8815.0,8889.0,8704.0,8778.0,3063000,KBS
2020-03-03 07:00:00,9148.0,9148.0,8889.0,8963.0,2095870,KBS
2020-03-04 07:00:00,8889.0,9407.0,8889.0,9296.0,4791830,KBS
2020-03-05 07:00:00,9407.0,9518.0,9185.0,9185.0,3050390,KBS
2020-03-06 07:00:00,9074.0,9185.0,8963.0,9074.0,1783630,KBS
2020-03-09 07:00:00,8444.0,8444.0,8444.0,8444.0,977950,KBS
2020-03-10 07:00:00,7889.0,8185.0,7889.0,8000.0,7706030,KBS
2020-03-11 07:00:00,8222.0,8222.0,7444.0,7444.0,8164930,KBS
2020-03-12 07:00:00,7037.0,7259.0,6926.0,6926.0,5177370,KBS
2020-03-13 07:00:00,6444.0,6889.0,6444.0,6889.0,5893460,KBS
2020-03-16 07:00:00,6815.0,7037.0,6593.0,6830.0,4036890,KBS
2020-03-17 07:00:00,6459.0,6889.0,6459.0,6889.0,3458490,KBS
2020-03-18 07:00:00,6889.0,6926.0,6444.0,6444.0,5532080,KBS
2020-03-19 07:00:00,6296.0,6415.0,6022.0,6074.0,6030340,KBS
2020-03-20 07:00:00,6296.0,6496.0,6230.0,6496.0,3792870,KBS
2020-03-23 07:00:00,6059.0,6296.0,6044.0,6044.0,7464240,KBS
2020-03-24 07:00:00,6044.0,6215.0,5926.0,6059.0,4381080,KBS
2020-03-25 07:00:00,6370.0,6467.0,6178.0,6267.0,3704500,KBS
2020-03-26 07:00:00,6148.0,6267.0,6037.0,6037.0,2795430,KBS
2020-03-27 07:00:00,6037.0,6037.0,5704.0,5748.0,3495910,KBS
2020-03-30 07:00:00,5363.0,5370.0,5348.0,5348.0,2812810,KBS
2020-03-31 07:00:00,5407.0,5481.0,4978.0,5000.0,7211710,KBS
2020-04-01 07:00:00,5000.0,5333.0,5000.0,5222.0,3630560,KBS
2020-04-03 07:00:00,5585.0,5585.0,5585.0,5585.0,1178380,KBS
2020-04-06 07:00:00,5970.0,5970.0,5970.0,5970.0,1337280,KBS
2020-04-07 07:00:00,6385.0,6385.0,6111.0,6385.0,14124290,KBS
2020-04-08 07:00:00,6296.0,6807.0,6222.0,6770.0,5859970,KBS
2020-04-09 07:00:00,6889.0,7237.0,6852.0,7089.0,8974900,KBS
2020-04-10 07:00:00,6889.0,6985.0,6667.0,6911.0,7279340,KBS
2020-04-13 07:00:00,7185.0,7385.0,7074.0,7333.0,7208840,KBS
2020-04-14 07:00:00,7333.0,7341.0,6896.0,7185.0,5252310,KBS
2020-04-15 07:00:00,6933.0,7185.0,6926.0,7015.0,5227150,KBS
2020-04-16 07:00:00,6926.0,7252.0,6785.0,7111.0,5462140,KBS
2020-04-17 07:00:00,7304.0,7304.0,7170.0,7259.0,8510590,KBS
2020-04-20 07:00:00,7296.0,7741.0,7185.0,7741.0,12178830,KBS
2020-04-21 07:00:00,7200.0,7630.0,7200.0,7200.0,10487880,KBS
2020-04-22 07:00:00,6696.0,7052.0,6696.0,6956.0,7479040,KBS
2020-04-23 07:00:00,7111.0,7185.0,6963.0,7104.0,4500870,KBS
2020-04-24 07:00:00,7163.0,7178.0,6881.0,6956.0,4040570,KBS
2020-04-27 07:00:00,6956.0,7000.0,6667.0,6681.0,6192430,KBS
2020-04-28 07:00:00,6519.0,6593.0,6333.0,6489.0,5527860,KBS
2020-04-29 07:00:00,6778.0,6837.0,6593.0,6778.0,2947270,KBS
2020-05-04 07:00:00,7185.0,7185.0,6815.0,6837.0,4855470,KBS
2020-05-05 07:00:00,7000.0,7104.0,6859.0,7044.0,3631780,KBS
2020-05-06 07:00:00,7178.0,7259.0,7119.0,7193.0,4959750,KBS
2020-05-07 07:00:00,7148.0,7148.0,7037.0,7089.0,4082290,KBS
2020-05-08 07:00:00,7148.0,7289.0,7133.0,7178.0,7301050,KBS
2020-05-11 07:00:00,7667.0,7667.0,7215.0,7667.0,13475920,KBS
2020-05-12 07:00:00,7667.0,7963.0,7444.0,7778.0,7489770,KBS
2020-05-13 07:00:00,7704.0,8000.0,7556.0,7889.0,7672280,KBS
2020-05-14 07:00:00,7778.0,7852.0,7667.0,7667.0,6783660,KBS
2020-05-15 07:00:00,7852.0,7963.0,7630.0,7741.0,7270410,KBS
2020-05-18 07:00:00,7852.0,8111.0,7852.0,8074.0,7832680,KBS
2020-05-19 07:00:00,8370.0,8444.0,8148.0,8259.0,7719890,KBS
2020-05-20 07:00:00,8148.0,8259.0,8074.0,8111.0,4449950,KBS
2020-05-21 07:00:00,8222.0,8259.0,8000.0,8000.0,6474140,KBS
2020-05-22 07:00:00,8000.0,8296.0,7926.0,7963.0,7404370,KBS
2020-05-25 07:00:00,8000.0,8148.0,7889.0,8111.0,3854050,KBS
2020-05-26 07:00:00,8222.0,8296.0,8111.0,8259.0,7062640,KBS
2020-05-27 07:00:00,8296.0,8370.0,8000.0,8000.0,7257150,KBS
2020-05-28 07:00:00,8000.0,8111.0,7926.0,7926.0,4303140,KBS
2020-05-29 07:00:00,7926.0,8000.0,7815.0,7852.0,4663800,KBS
2020-06-01 07:00:00,8000.0,8148.0,8000.0,8074.0,3785940,KBS
2020-06-02 07:00:00,8148.0,8593.0,8000.0,8296.0,12785380,KBS
2020-06-03 07:00:00,8518.0,8518.0,8370.0,8444.0,6078900,KBS
2020-06-04 07:00:00,8444.0,8593.0,8296.0,8296.0,5664430,KBS
2020-06-05 07:00:00,8222.0,8407.0,8148.0,8407.0,6133140,KBS
2020-06-08 07:00:00,8741.0,8963.0,8593.0,8889.0,12619130,KBS
2020-06-09 07:00:00,8889.0,8889.0,8667.0,8704.0,6511690,KBS
2020-06-10 07:00:00,8630.0,8778.0,8518.0,8667.0,5912570,KBS
2020-06-11 07:00:00,8741.0,8778.0,8074.0,8074.0,11099440,KBS
2020-06-12 07:00:00,7556.0,7963.0,7556.0,7963.0,8957840,KBS
2020-06-15 07:00:00,7926.0,7963.0,7407.0,7519.0,7499440,KBS
2020-06-16 07:00:00,7704.0,7889.0,7667.0,7852.0,3090220,KBS
2020-06-17 07:00:00,7889.0,7926.0,7704.0,7815.0,2515280,KBS
2020-06-18 07:00:00,7704.0,7778.0,7593.0,7741.0,1807130,KBS
2020-06-19 07:00:00,7889.0,7926.0,7778.0,7926.0,3099330,KBS
2020-06-22 07:00:00,8000.0,8074.0,7852.0,7926.0,2974240,KBS
2020-06-23 07:00:00,8037.0,8148.0,7889.0,8074.0,4944590,KBS
2020-06-24 07:00:00,8111.0,8111.0,7889.0,7889.0,2769460,KBS
2020-06-25 07:00:00,7704.0,7815.0,7630.0,7741.0,2861890,KBS
2020-06-26 07:00:00,7852.0,7889.0,7704.0,7741.0,1997590,KBS
2020-06-29 07:00:00,7704.0,7741.0,7370.0,7481.0,4470720,KBS
2020-06-30 07:00:00,7593.0,7667.0,7296.0,7393.0,2972340,KBS
2020-07-01 07:00:00,7393.0,7667.0,7378.0,7630.0,2278720,KBS
2020-07-02 07:00:00,7630.0,7667.0,7481.0,7556.0,1172410,KBS
2020-07-03 07:00:00,7667.0,7667.0,7519.0,7556.0,2036500,KBS
2020-07-06 07:00:00,7630.0,7667.0,7519.0,7556.0,2244240,KBS
2020-07-07 07:00:00,7667.0,7815.0,7630.0,7667.0,2706180,KBS
2020-07-08 07:00:00,7667.0,7667.0,7556.0,7630.0,1445750,KBS
2020-07-09 07:00:00,7704.0,7926.0,7630.0,7852.0,4490760,KBS
2020-07-10 07:00:00,7778.0,7815.0,7667.0,7704.0,2506480,KBS
2020-07-13 07:00:00,7815.0,7926.0,7741.0,7815.0,2810710,KBS
2020-07-14 07:00:00,7741.0,7815.0,7704.0,7778.0,1729280,KBS
2020-07-15 07:00:00,7889.0,7889.0,7741.0,7778.0,1661980,KBS
2020-07-16 07:00:00,8000.0,8037.0,7815.0,7852.0,4941870,KBS
2020-07-17 07:00:00,7815.0,7852.0,7778.0,7778.0,1950220,KBS
2020-07-20 07:00:00,7778.0,7778.0,7593.0,7630.0,2583900,KBS
2020-07-21 07:00:00,7667.0,7704.0,7593.0,7667.0,1941400,KBS
2020-07-22 07:00:00,7815.0,7852.0,7630.0,7630.0,2185400,KBS
2020-07-23 07:00:00,7593.0,7741.0,7519.0,7704.0,2425000,KBS
2020-07-24 07:00:00,7593.0,7667.0,7170.0,7185.0,6046130,KBS
2020-07-27 07:00:00,6748.0,6956.0,6689.0,6689.0,5769240,KBS
2020-07-28 07:00:00,6741.0,7000.0,6667.0,6956.0,4007570,KBS
2020-07-29 07:00:00,6778.0,6778.0,6474.0,6593.0,4866170,KBS
2020-07-30 07:00:00,6667.0,6859.0,6667.0,6733.0,1498810,KBS
2020-07-31 07:00:00,6667.0,6726.0,6519.0,6659.0,1754160,KBS
2020-08-03 07:00:00,6689.0,7052.0,6689.0,6970.0,3843050,KBS
2020-08-04 07:00:00,7111.0,7163.0,6985.0,7007.0,2877150,KBS
2020-08-05 07:00:00,7007.0,7326.0,6978.0,7259.0,4144460,KBS
2020-08-06 07:00:00,7407.0,7630.0,7319.0,7556.0,8811190,KBS
2020-08-07 07:00:00,7630.0,7630.0,7407.0,7481.0,3135450,KBS
2020-08-10 07:00:00,7556.0,7741.0,7556.0,7667.0,5031810,KBS
2020-08-11 07:00:00,7704.0,7704.0,7556.0,7630.0,2817890,KBS
2020-08-12 07:00:00,7630.0,8000.0,7593.0,7926.0,6723930,KBS
2020-08-13 07:00:00,8000.0,8074.0,7889.0,7926.0,4513510,KBS
2020-08-14 07:00:00,7889.0,7889.0,7630.0,7667.0,5022780,KBS
2020-08-17 07:00:00,7704.0,8074.0,7667.0,8037.0,9480710,KBS
2020-08-18 07:00:00,8037.0,8074.0,7852.0,7926.0,3383710,KBS
2020-08-19 07:00:00,7889.0,7963.0,7852.0,7926.0,2832170,KBS
2020-08-20 07:00:00,7852.0,7926.0,7704.0,7741.0,5061100,KBS
2020-08-21 07:00:00,7778.0,7852.0,7704.0,7741.0,3602810,KBS
2020-08-24 07:00:00,7852.0,8111.0,7815.0,7963.0,8189030,KBS
2020-08-25 07:00:00,8074.0,8074.0,7889.0,7926.0,4740580,KBS
2020-08-26 07:00:00,8000.0,8444.0,7963.0,8444.0,17339630,KBS
2020-08-27 07:00:00,8407.0,8518.0,8333.0,8407.0,5901140,KBS
2020-08-28 07:00:00,8407.0,8444.0,8259.0,8259.0,5591500,KBS
2020-08-31 07:00:00,8296.0,8481.0,8222.0,8333.0,8765070,KBS
2020-09-01 07:00:00,8370.0,8630.0,8296.0,8481.0,6537210,KBS
2020-09-03 07:00:00,8481.0,8556.0,8333.0,8370.0,5648980,KBS
2020-09-04 07:00:00,8185.0,8333.0,8148.0,8296.0,5662820,KBS
2020-09-07 07:00:00,8185.0,8259.0,8000.0,8000.0,9095550,KBS
2020-09-08 07:00:00,8074.0,8148.0,7963.0,8148.0,3704600,KBS
2020-09-09 07:00:00,7963.0,8074.0,7926.0,8074.0,4924570,KBS
2020-09-10 07:00:00,8148.0,8185.0,8037.0,8037.0,2085970,KBS
2020-09-11 07:00:00,8037.0,8074.0,7963.0,8074.0,2119750,KBS
2020-09-14 07:00:00,8111.0,8259.0,8037.0,8259.0,4765480,KBS
2020-09-15 07:00:00,8259.0,8333.0,8148.0,8222.0,4413630,KBS
2020-09-16 07:00:00,8296.0,8518.0,8259.0,8407.0,9262100,KBS
2020-09-17 07:00:00,8481.0,8481.0,8259.0,8296.0,5153810,KBS
2020-09-18 07:00:00,8370.0,8370.0,8296.0,8333.0,2512120,KBS
2020-09-21 07:00:00,8370.0,8518.0,8333.0,8333.0,6336790,KBS
2020-09-22 07:00:00,8296.0,8556.0,8259.0,8481.0,8662870,KBS
2020-09-23 07:00:00,8556.0,8704.0,8518.0,8518.0,7910200,KBS
2020-09-24 07:00:00,8481.0,8556.0,8444.0,8444.0,4949450,KBS
2020-09-25 07:00:00,8481.0,8704.0,8407.0,8593.0,10216640,KBS
2020-09-28 07:00:00,8741.0,8778.0,8593.0,8704.0,6966880,KBS
2020-09-29 07:00:00,8778.0,8926.0,8518.0,8518.0,9663240,KBS
2020-09-30 07:00:00,8518.0,8556.0,8407.0,8556.0,5418030,KBS
2020-10-01 07:00:00,8630.0,8704.0,8556.0,8630.0,4809220,KBS
2020-10-02 07:00:00,8593.0,8667.0,8333.0,8556.0,11211910,KBS
2020-10-05 07:00:00,8630.0,9111.0,8593.0,9111.0,15719190,KBS
2020-10-06 07:00:00,9222.0,9296.0,8963.0,9074.0,7132070,KBS
2020-10-07 07:00:00,8963.0,9074.0,8889.0,8889.0,9045000,KBS
2020-10-08 07:00:00,8963.0,9037.0,8815.0,8963.0,9054770,KBS
2020-10-09 07:00:00,9037.0,9185.0,8963.0,8963.0,3826640,KBS
2020-10-12 07:00:00,8963.0,9000.0,8593.0,8630.0,11312100,KBS
2020-10-13 07:00:00,8593.0,8667.0,8556.0,8556.0,4272690,KBS
2020-10-14 07:00:00,8630.0,8667.0,8518.0,8518.0,5311850,KBS
2020-10-15 07:00:00,8593.0,8667.0,8481.0,8556.0,4978240,KBS
2020-10-16 07:00:00,8593.0,8667.0,8518.0,8556.0,4508880,KBS
2020-10-19 07:00:00,8593.0,8630.0,8444.0,8444.0,4658100,KBS
2020-10-20 07:00:00,8518.0,8630.0,8481.0,8556.0,4810270,KBS
2020-10-21 07:00:00,8593.0,8593.0,8444.0,8444.0,4354930,KBS
2020-10-22 07:00:00,8407.0,8444.0,8333.0,8444.0,3220510,KBS
2020-10-23 07:00:00,8518.0,8556.0,8407.0,8444.0,2361150,KBS
2020-10-26 07:00:00,8444.0,8444.0,8148.0,8148.0,7698480,KBS
2020-10-27 07:00:00,8185.0,8222.0,7963.0,8000.0,5581180,KBS
2020-10-28 07:00:00,7926.0,8148.0,7926.0,7963.0,4310880,KBS
2020-10-29 07:00:00,7963.0,8000.0,7815.0,7963.0,2415310,KBS
2020-10-30 07:00:00,8148.0,8148.0,7889.0,8037.0,2715390,KBS
2020-11-02 07:00:00,8037.0,8074.0,7926.0,7963.0,1347920,KBS
2020-11-03 07:00:00,8148.0,8148.0,8000.0,8074.0,2222420,KBS
2020-11-04 07:00:00,8111.0,8370.0,8074.0,8296.0,3828560,KBS
2020-11-05 07:00:00,8333.0,8333.0,8148.0,8148.0,1948250,KBS
2020-11-06 07:00:00,8148.0,8222.0,8037.0,8148.0,1490380,KBS
2020-11-09 07:00:00,8185.0,8407.0,8148.0,8407.0,3946670,KBS
2020-11-10 07:00:00,8741.0,8778.0,8593.0,8630.0,9522940,KBS
2020-11-11 07:00:00,8704.0,9037.0,8704.0,8926.0,13230970,KBS
2020-11-12 07:00:00,8926.0,8963.0,8778.0,8815.0,5132230,KBS
2020-11-13 07:00:00,8778.0,8889.0,8704.0,8778.0,4994540,KBS
2020-11-16 07:00:00,8889.0,8889.0,8593.0,8630.0,8188280,KBS
2020-11-17 07:00:00,8741.0,9111.0,8667.0,9111.0,17234050,KBS
2020-11-18 07:00:00,9111.0,9370.0,9000.0,9296.0,12700880,KBS
2020-11-19 07:00:00,9333.0,9630.0,9259.0,9407.0,10842550,KBS
2020-11-20 07:00:00,9333.0,9444.0,9148.0,9370.0,8957510,KBS
2020-11-23 07:00:00,9444.0,9444.0,9259.0,9333.0,7010980,KBS
2020-11-24 07:00:00,9370.0,9704.0,9333.0,9630.0,14601780,KBS
2020-11-25 07:00:00,9926.0,10000.0,9778.0,9815.0,11258080,KBS
2020-11-26 07:00:00,9778.0,9963.0,9741.0,9815.0,6444880,KBS
2020-11-27 07:00:00,9815.0,9815.0,9630.0,9778.0,7194340,KBS
2020-11-30 07:00:00,9704.0,9778.0,9556.0,9593.0,9146560,KBS
2020-12-01 07:00:00,9407.0,9741.0,9370.0,9741.0,9046590,KBS
2020-12-02 07:00:00,9704.0,9852.0,9593.0,9630.0,7988630,KBS
2020-12-03 07:00:00,9704.0,9926.0,9667.0,9815.0,7597870,KBS
2020-12-04 07:00:00,9926.0,10185.0,9889.0,10000.0,11141900,KBS
2020-12-07 07:00:00,10111.0,10111.0,9963.0,10037.0,5727180,KBS
2020-12-08 07:00:00,10000.0,10074.0,9926.0,9926.0,6710250,KBS
2020-12-09 07:00:00,9926.0,10185.0,9926.0,10000.0,8089420,KBS
2020-12-10 07:00:00,10111.0,10111.0,9704.0,9741.0,7926400,KBS
2020-12-11 07:00:00,10000.0,10037.0,9852.0,10037.0,5411950,KBS
2020-12-14 07:00:00,10074.0,10333.0,10037.0,10222.0,11710020,KBS
2020-12-15 07:00:00,10148.0,10259.0,10037.0,10111.0,6986460,KBS
2020-12-16 07:00:00,10222.0,10556.0,10185.0,10518.0,11871390,KBS
2020-12-17 07:00:00,10518.0,10778.0,10407.0,10518.0,11049360,KBS
2020-12-18 07:00:00,10593.0,10667.0,10518.0,10630.0,5508190,KBS
2020-12-21 07:00:00,10741.0,11074.0,10593.0,10889.0,14160130,KBS
2020-12-22 07:00:00,10778.0,10963.0,10704.0,10852.0,10035240,KBS
2020-12-23 07:00:00,10778.0,10852.0,10667.0,10741.0,7322350,KBS
2020-12-24 07:00:00,10852.0,10926.0,10148.0,10593.0,8218310,KBS
2020-12-25 07:00:00,10593.0,10704.0,10296.0,10667.0,5806120,KBS
2020-12-28 07:00:00,10815.0,11407.0,10704.0,11407.0,19667390,KBS
2020-12-29 07:00:00,11556.0,11926.0,11407.0,11704.0,12156560,KBS
2020-12-30 07:00:00,11704.0,11926.0,11593.0,11778.0,6998440,KBS
2020-12-31 07:00:00,11778.0,12148.0,11593.0,12000.0,12039840,KBS
2021-01-04 07:00:00,12444.0,12815.0,12148.0,12815.0,10631200,KBS
2021-01-05 07:00:00,12593.0,13333.0,12593.0,12889.0,10011200,KBS
2021-01-06 07:00:00,13333.0,13518.0,12926.0,13000.0,12709900,KBS
2021-01-07 07:00:00,13185.0,13889.0,13000.0,13889.0,14500900,KBS
2021-01-08 07:00:00,14074.0,14852.0,14074.0,14556.0,12165800,KBS
2021-01-11 07:00:00,15148.0,15556.0,14963.0,15556.0,10506700,KBS
2021-01-12 07:00:00,15518.0,16296.0,15185.0,15852.0,11307900,KBS
2021-01-13 07:00:00,16148.0,16222.0,15296.0,15556.0,13054100,KBS
2021-01-14 07:00:00,15407.0,15889.0,15259.0,15815.0,13235300,KBS
2021-01-15 07:00:00,16222.0,16889.0,15889.0,16889.0,9774600,KBS
2021-01-18 07:00:00,16889.0,17704.0,16667.0,17148.0,9677500,KBS
2021-01-19 07:00:00,17037.0,17333.0,15963.0,15963.0,13831500,KBS
2021-01-20 07:00:00,16000.0,16259.0,14852.0,15815.0,18361300,KBS
2021-01-21 07:00:00,16148.0,16556.0,15518.0,16444.0,11931500,KBS
2021-01-22 07:00:00,16444.0,16518.0,15741.0,15778.0,11595800,KBS
2021-01-25 07:00:00,15333.0,15926.0,15185.0,15407.0,11094600,KBS
2021-01-26 07:00:00,15556.0,15667.0,14333.0,14333.0,15063500,KBS
2021-01-27 07:00:00,14111.0,14741.0,13370.0,13518.0,13499800,KBS
2021-01-28 07:00:00,12593.0,13037.0,12593.0,12593.0,10022200,KBS
2021-01-29 07:00:00,11889.0,13333.0,11889.0,13111.0,10623600,KBS
2021-02-01 07:00:00,12815.0,13259.0,12222.0,12222.0,9358800,KBS
2021-02-02 07:00:00,12444.0,12963.0,12000.0,12963.0,9162900,KBS
2021-02-03 07:00:00,13481.0,13852.0,13370.0,13852.0,7709400,KBS
2021-02-04 07:00:00,14296.0,14815.0,14222.0,14518.0,11717300,KBS
2021-02-05 07:00:00,14815.0,15148.0,14667.0,14778.0,9395300,KBS
2021-02-08 07:00:00,14852.0,15778.0,14444.0,15037.0,14838700,KBS
2021-02-09 07:00:00,15704.0,15926.0,15111.0,15704.0,11796300,KBS
2021-02-17 07:00:00,16778.0,16778.0,16667.0,16778.0,9538200,KBS
2021-02-18 07:00:00,17926.0,17926.0,16889.0,17333.0,28385400,KBS
2021-02-19 07:00:00,16852.0,17444.0,16518.0,16778.0,19485300,KBS
2021-02-22 07:00:00,16889.0,17407.0,16704.0,17259.0,12368100,KBS
2021-02-23 07:00:00,17926.0,18074.0,17556.0,17556.0,11740100,KBS
2021-02-24 07:00:00,17407.0,17518.0,16593.0,16963.0,14005300,KBS
2021-02-25 07:00:00,17407.0,17630.0,17037.0,17370.0,12003900,KBS
2021-02-26 07:00:00,16889.0,17370.0,16852.0,17333.0,11418100,KBS
2021-03-01 07:00:00,17630.0,18222.0,17370.0,18074.0,14566500,KBS
2021-03-02 07:00:00,17778.0,18037.0,17630.0,17741.0,11601500,KBS
2021-03-03 07:00:00,17481.0,17593.0,17333.0,17444.0,8640700,KBS
2021-03-04 07:00:00,17778.0,17926.0,16593.0,17926.0,13326600,KBS
2021-03-05 07:00:00,18518.0,18741.0,18074.0,18704.0,15886900,KBS
2021-03-08 07:00:00,19481.0,19481.0,18630.0,19037.0,13616700,KBS
2021-03-09 07:00:00,18518.0,18593.0,18148.0,18148.0,9631700,KBS
2021-03-10 07:00:00,17926.0,18000.0,17481.0,17667.0,11687600,KBS
2021-03-11 07:00:00,17926.0,18148.0,17778.0,17889.0,5304900,KBS
2021-03-12 07:00:00,18148.0,18222.0,17704.0,17778.0,6453800,KBS
2021-03-15 07:00:00,17778.0,18000.0,17704.0,17741.0,7051400,KBS
2021-03-16 07:00:00,17667.0,17704.0,17333.0,17444.0,9810000,KBS
2021-03-17 07:00:00,17407.0,18074.0,17259.0,17926.0,8267900,KBS
2021-03-18 07:00:00,17926.0,18111.0,17667.0,17704.0,4605200,KBS
2021-03-19 07:00:00,17037.0,17407.0,16963.0,17259.0,13928100,KBS
2021-03-22 07:00:00,17518.0,17593.0,17222.0,17370.0,4760000,KBS
2021-03-23 07:00:00,17370.0,17407.0,16963.0,17111.0,5058100,KBS
2021-03-24 07:00:00,16630.0,16815.0,15963.0,16185.0,12655500,KBS
2021-03-25 07:00:00,16593.0,16593.0,16074.0,16074.0,6904600,KBS
2021-03-26 07:00:00,15926.0,16296.0,14963.0,16148.0,8520900,KBS
2021-03-29 07:00:00,16444.0,16593.0,16074.0,16259.0,5646700,KBS
2021-03-30 07:00:00,16444.0,16815.0,16222.0,16704.0,6061200,KBS
2021-03-31 07:00:00,16667.0,16926.0,16481.0,16741.0,4798300,KBS
2021-04-01 07:00:00,16741.0,17296.0,16630.0,17185.0,6850500,KBS
2021-04-02 07:00:00,17407.0,17407.0,17037.0,17074.0,5746200,KBS
2021-04-05 07:00:00,17074.0,17296.0,16778.0,16963.0,5250900,KBS
2021-04-06 07:00:00,16815.0,17037.0,16556.0,17037.0,7885100,KBS
2021-04-07 07:00:00,17185.0,17185.0,16963.0,17037.0,5774900,KBS
2021-04-08 07:00:00,17074.0,17111.0,16852.0,16963.0,3709900,KBS
2021-04-09 07:00:00,16741.0,16963.0,16741.0,16741.0,9827700,KBS
2021-04-12 07:00:00,16667.0,16667.0,16407.0,16481.0,8762000,KBS
2021-04-13 07:00:00,16630.0,16704.0,16074.0,16222.0,5155600,KBS
2021-04-14 07:00:00,16148.0,16704.0,15963.0,16593.0,5563400,KBS
2021-04-15 07:00:00,16963.0,17037.0,16481.0,16518.0,5705100,KBS
2021-04-16 07:00:00,16481.0,16556.0,16000.0,16185.0,5043800,KBS
2021-04-19 07:00:00,16185.0,16333.0,15889.0,16185.0,4577400,KBS
2021-04-20 07:00:00,16296.0,16593.0,16000.0,16185.0,5981600,KBS
2021-04-22 07:00:00,16148.0,16185.0,15074.0,15074.0,6100500,KBS
2021-04-23 07:00:00,15111.0,15370.0,14593.0,15185.0,5803400,KBS
2021-04-26 07:00:00,15148.0,15148.0,14148.0,14185.0,8415700,KBS
2021-04-27 07:00:00,14222.0,14444.0,13852.0,13852.0,4319400,KBS
2021-04-28 07:00:00,13926.0,14444.0,13926.0,14185.0,3756300,KBS
2021-04-29 07:00:00,14444.0,14556.0,14185.0,14185.0,3599900,KBS
2021-05-04 07:00:00,13481.0,14074.0,13333.0,13741.0,5181200,KBS
2021-05-05 07:00:00,14370.0,14667.0,14148.0,14667.0,4768500,KBS
2021-05-06 07:00:00,14926.0,15407.0,14815.0,14889.0,7384200,KBS
2021-05-07 07:00:00,14815.0,15037.0,14407.0,14444.0,4821800,KBS
2021-05-10 07:00:00,14444.0,15111.0,14370.0,14963.0,5214600,KBS
2021-05-11 07:00:00,14963.0,15704.0,14741.0,15222.0,7589900,KBS
2021-05-12 07:00:00,15333.0,15778.0,15333.0,15630.0,5138400,KBS
2021-05-13 07:00:00,15852.0,15963.0,15333.0,15333.0,5633600,KBS
2021-05-14 07:00:00,15333.0,15333.0,14852.0,14889.0,5903500,KBS
2021-05-17 07:00:00,15185.0,15333.0,14667.0,14667.0,4437800,KBS
2021-05-18 07:00:00,14815.0,15407.0,14556.0,15407.0,5793600,KBS
2021-05-19 07:00:00,15185.0,15185.0,14815.0,14815.0,3378100,KBS
2021-05-20 07:00:00,14593.0,14704.0,14222.0,14333.0,4730700,KBS
2021-05-21 07:00:00,13926.0,14815.0,13889.0,14444.0,5188200,KBS
2021-05-24 07:00:00,14889.0,15111.0,14667.0,14889.0,5544300,KBS
2021-05-25 07:00:00,15333.0,15518.0,15185.0,15259.0,6790900,KBS
2021-05-26 07:00:00,15185.0,15222.0,14926.0,15037.0,4688000,KBS
2021-05-27 07:00:00,15037.0,15148.0,14444.0,14593.0,4780000,KBS
2021-05-28 07:00:00,14963.0,15481.0,14593.0,15296.0,9585300,KBS
2021-05-31 07:00:00,15556.0,16148.0,15148.0,16148.0,9836300,KBS
2021-06-01 07:00:00,16815.0,17111.0,16518.0,16593.0,9863100,KBS
2021-06-02 07:00:00,16593.0,17037.0,16518.0,16741.0,13375700,KBS
2021-06-03 07:00:00,17111.0,17222.0,16741.0,16815.0,12216000,KBS
2021-06-04 07:00:00,16815.0,17963.0,16556.0,17963.0,24263200,KBS
2021-06-07 07:00:00,18889.0,19185.0,18148.0,18815.0,16290000,KBS
2021-06-08 07:00:00,18296.0,18815.0,17518.0,17518.0,14257700,KBS
2021-06-09 07:00:00,17556.0,18074.0,16741.0,17667.0,16095600,KBS
2021-06-10 07:00:00,17370.0,17556.0,16444.0,16444.0,18618200,KBS
2021-06-11 07:00:00,16444.0,16852.0,15963.0,16667.0,14332600,KBS
2021-06-14 07:00:00,16889.0,17370.0,16815.0,16963.0,7902800,KBS
2021-06-15 07:00:00,16963.0,17111.0,16518.0,16630.0,7383300,KBS
2021-06-16 07:00:00,17037.0,17444.0,16889.0,16963.0,14067100,KBS
2021-06-17 07:00:00,16741.0,17741.0,16370.0,17481.0,11981600,KBS
2021-06-18 07:00:00,17481.0,17481.0,17148.0,17148.0,7450200,KBS
2021-06-21 07:00:00,17259.0,17630.0,17111.0,17222.0,7219800,KBS
2021-06-22 07:00:00,17667.0,18296.0,17518.0,17667.0,13799000,KBS
2021-06-23 07:00:00,17704.0,17704.0,17111.0,17370.0,6649200,KBS
2021-06-24 07:00:00,17407.0,17518.0,16889.0,17037.0,7532700,KBS
2021-06-25 07:00:00,17185.0,17333.0,16704.0,17037.0,9040500,KBS
2021-06-28 07:00:00,17407.0,17481.0,17037.0,17037.0,5250000,KBS
2021-06-29 07:00:00,16889.0,16926.0,16296.0,16407.0,11343000,KBS
2021-06-30 07:00:00,16370.0,16630.0,16259.0,16296.0,5952700,KBS
2021-07-01 07:00:00,16889.0,16889.0,15926.0,16481.0,6490500,KBS
2021-07-02 07:00:00,16815.0,16889.0,16481.0,16481.0,5211000,KBS
2021-07-05 07:00:00,16444.0,16444.0,15556.0,15963.0,8282800,KBS
2021-07-06 07:00:00,16222.0,16370.0,14852.0,14852.0,5135100,KBS
2021-07-07 07:00:00,14741.0,14889.0,14074.0,14518.0,7505700,KBS
2021-07-08 07:00:00,14593.0,14815.0,14296.0,14333.0,3949500,KBS
2021-07-09 07:00:00,14333.0,14556.0,13556.0,13704.0,6777800,KBS
2021-07-12 07:00:00,13667.0,14222.0,13333.0,14074.0,9088500,KBS
2021-07-13 07:00:00,14296.0,14481.0,14037.0,14333.0,4539200,KBS
2021-07-14 07:00:00,14518.0,14778.0,14185.0,14370.0,4276700,KBS
2021-07-15 07:00:00,14111.0,14444.0,13926.0,14370.0,4455000,KBS
2021-07-16 07:00:00,14296.0,14630.0,14074.0,14185.0,3567500,KBS
2021-07-19 07:00:00,13556.0,13852.0,13222.0,13222.0,9874400,KBS
2021-07-20 07:00:00,12963.0,13148.0,12333.0,13111.0,6922200,KBS
2021-07-21 07:00:00,13111.0,13481.0,12963.0,12963.0,3682500,KBS
2021-07-22 07:00:00,13259.0,13556.0,13111.0,13259.0,5347000,KBS
2021-07-23 07:00:00,13259.0,13518.0,12741.0,12741.0,4213900,KBS
2021-07-26 07:00:00,12741.0,13037.0,12630.0,12889.0,3188500,KBS
2021-07-27 07:00:00,13185.0,13667.0,12963.0,13333.0,5388600,KBS
2021-07-28 07:00:00,13333.0,13593.0,13222.0,13222.0,2444200,KBS
2021-07-29 07:00:00,13407.0,13556.0,13185.0,13556.0,5156600,KBS
2021-07-30 07:00:00,13593.0,13630.0,13444.0,13444.0,4802900,KBS
2021-08-02 07:00:00,13444.0,13926.0,13370.0,13593.0,5426500,KBS
2021-08-03 07:00:00,13593.0,13593.0,13185.0,13518.0,6011200,KBS
2021-08-04 07:00:00,13556.0,14185.0,13481.0,14000.0,9394900,KBS
2021-08-05 07:00:00,13852.0,14000.0,13704.0,13889.0,5049100,KBS
2021-08-06 07:00:00,14037.0,14111.0,13741.0,13778.0,6123800,KBS
2021-08-09 07:00:00,13444.0,13704.0,13370.0,13630.0,7631000,KBS
2021-08-10 07:00:00,13630.0,14518.0,13556.0,14518.0,12170000,KBS
2021-08-11 07:00:00,14741.0,15037.0,14556.0,14556.0,8197300,KBS
2021-08-12 07:00:00,14481.0,14963.0,14407.0,14556.0,5569900,KBS
2021-08-13 07:00:00,14333.0,14444.0,13963.0,14444.0,8210100,KBS
2021-08-16 07:00:00,14444.0,14667.0,14222.0,14370.0,6702700,KBS
2021-08-17 07:00:00,14370.0,14852.0,14296.0,14667.0,7918100,KBS
2021-08-18 07:00:00,14518.0,15037.0,14481.0,14815.0,6763900,KBS
2021-08-19 07:00:00,14630.0,14667.0,14444.0,14444.0,5890600,KBS
2021-08-20 07:00:00,14333.0,14444.0,13444.0,13556.0,11024500,KBS
2021-08-23 07:00:00,13407.0,13630.0,12741.0,12741.0,6922300,KBS
2021-08-24 07:00:00,12963.0,13296.0,12741.0,13037.0,5614900,KBS
2021-08-25 07:00:00,13185.0,13333.0,13037.0,13333.0,2415800,KBS
2021-08-26 07:00:00,13370.0,13556.0,13037.0,13185.0,2543100,KBS
2021-08-27 07:00:00,13000.0,13556.0,13000.0,13518.0,3672000,KBS
2021-08-30 07:00:00,13852.0,13926.0,13741.0,13926.0,4095400,KBS
2021-08-31 07:00:00,14222.0,14667.0,13963.0,14407.0,8979600,KBS
2021-09-01 07:00:00,14296.0,14518.0,14148.0,14222.0,5035400,KBS
2021-09-06 07:00:00,14000.0,14630.0,13815.0,14259.0,11763400,KBS
2021-09-07 07:00:00,14259.0,14259.0,13704.0,13704.0,5477700,KBS
2021-09-08 07:00:00,13630.0,13815.0,13444.0,13593.0,4196600,KBS
2021-09-09 07:00:00,13518.0,13778.0,13407.0,13556.0,3170800,KBS
2021-09-10 07:00:00,13630.0,13704.0,13407.0,13481.0,3537900,KBS
2021-09-13 07:00:00,13704.0,13926.0,13593.0,13593.0,4777800,KBS
2021-09-14 07:00:00,13889.0,13889.0,13556.0,13556.0,2783400,KBS
2021-09-15 07:00:00,13593.0,14481.0,13593.0,14481.0,10251300,KBS
2021-09-16 07:00:00,14963.0,15185.0,14741.0,14778.0,10116400,KBS
2021-09-17 07:00:00,14889.0,15407.0,14778.0,15074.0,9393800,KBS
2021-09-20 07:00:00,15074.0,15704.0,15074.0,15111.0,15774000,KBS
2021-09-21 07:00:00,14815.0,16074.0,14815.0,16074.0,15456000,KBS
2021-09-22 07:00:00,16259.0,16518.0,16148.0,16148.0,7734500,KBS
2021-09-23 07:00:00,16222.0,16667.0,16000.0,16111.0,9107300,KBS
2021-09-24 07:00:00,16296.0,16481.0,15556.0,15778.0,9574600,KBS
2021-09-27 07:00:00,16148.0,16444.0,15407.0,15407.0,9126400,KBS
2021-09-28 07:00:00,15667.0,16481.0,15481.0,16481.0,9081800,KBS
2021-09-29 07:00:00,16667.0,17111.0,16074.0,16444.0,10894300,KBS
2021-09-30 07:00:00,16481.0,17148.0,16407.0,16889.0,10232700,KBS
2021-10-01 07:00:00,16889.0,17778.0,16667.0,17481.0,12976500,KBS
2021-10-04 07:00:00,17704.0,17963.0,17037.0,17037.0,15013400,KBS
2021-10-05 07:00:00,17481.0,17889.0,17074.0,17778.0,10636400,KBS
2021-10-06 07:00:00,18037.0,18148.0,17630.0,17815.0,7818600,KBS
2021-10-07 07:00:00,17630.0,17852.0,17481.0,17593.0,9518600,KBS
2021-10-08 07:00:00,17741.0,17963.0,17481.0,17481.0,8340300,KBS
2021-10-11 07:00:00,17852.0,18074.0,17630.0,17667.0,8728700,KBS
2021-10-12 07:00:00,17815.0,18593.0,17667.0,18333.0,14397000,KBS
2021-10-13 07:00:00,18370.0,18444.0,18148.0,18222.0,4278600,KBS
2021-10-14 07:00:00,18296.0,18815.0,18296.0,18370.0,8177500,KBS
2021-10-15 07:00:00,18518.0,18741.0,18222.0,18407.0,6997700,KBS
2021-10-18 07:00:00,18593.0,19518.0,18518.0,19185.0,12642300,KBS
2021-10-19 07:00:00,19111.0,19222.0,18852.0,19037.0,5811400,KBS
2021-10-20 07:00:00,19333.0,19444.0,18593.0,19111.0,7235400,KBS
2021-10-21 07:00:00,19259.0,19926.0,19037.0,19778.0,9154500,KBS
2021-10-22 07:00:00,19667.0,20481.0,19556.0,20259.0,7724900,KBS
2021-10-25 07:00:00,20852.0,21074.0,19926.0,20148.0,10757700,KBS
2021-10-26 07:00:00,20148.0,20667.0,20000.0,20667.0,9075600,KBS
2021-10-27 07:00:00,21111.0,21333.0,20704.0,21074.0,8523300,KBS
2021-10-28 07:00:00,20778.0,21074.0,20593.0,20741.0,10808900,KBS
2021-10-29 07:00:00,20741.0,21111.0,20667.0,20778.0,7335900,KBS
2021-11-01 07:00:00,20926.0,21111.0,20148.0,20370.0,10888100,KBS
2021-11-02 07:00:00,20370.0,21259.0,20000.0,20889.0,13201900,KBS
2021-11-03 07:00:00,20889.0,21444.0,20667.0,20815.0,10860200,KBS
2021-11-04 07:00:00,20593.0,20889.0,20222.0,20778.0,7219200,KBS
2021-11-05 07:00:00,20889.0,22111.0,20852.0,21852.0,13794100,KBS
2021-11-08 07:00:00,22185.0,22778.0,21889.0,22518.0,6305400,KBS
2021-11-09 07:00:00,22741.0,23333.0,22259.0,23111.0,6878200,KBS
2021-11-10 07:00:00,23259.0,23778.0,22963.0,23481.0,6072100,KBS
2021-11-11 07:00:00,23481.0,23630.0,22889.0,23222.0,7182000,KBS
2021-11-12 07:00:00,23185.0,23333.0,22222.0,22741.0,9639300,KBS
2021-11-15 07:00:00,22481.0,23556.0,22148.0,23000.0,9936300,KBS
2021-11-16 07:00:00,22889.0,23963.0,22852.0,23778.0,6676100,KBS
2021-11-17 07:00:00,23815.0,24222.0,23630.0,23704.0,3986700,KBS
2021-11-18 07:00:00,23556.0,23630.0,22667.0,22667.0,10781800,KBS
2021-11-19 07:00:00,22741.0,22852.0,21111.0,21111.0,22088900,KBS
2021-11-22 07:00:00,20444.0,20667.0,19667.0,19667.0,11827800,KBS
2021-11-23 07:00:00,19926.0,20667.0,19852.0,20444.0,6195400,KBS
2021-11-24 07:00:00,21111.0,21111.0,20370.0,20556.0,4514800,KBS
2021-11-25 07:00:00,20593.0,21037.0,20370.0,20556.0,4159700,KBS
2021-11-26 07:00:00,20370.0,20444.0,19259.0,19481.0,10377700,KBS
2021-11-29 07:00:00,18370.0,19185.0,18370.0,19037.0,8683000,KBS
2021-11-30 07:00:00,19481.0,20333.0,19407.0,20148.0,6699200,KBS
2021-12-01 07:00:00,20000.0,20889.0,19778.0,20556.0,5260800,KBS
2021-12-02 07:00:00,20296.0,20852.0,20074.0,20518.0,3598600,KBS
2021-12-03 07:00:00,20741.0,20741.0,19259.0,19259.0,5458000,KBS
2021-12-06 07:00:00,19778.0,19852.0,19111.0,19593.0,4888800,KBS
2021-12-07 07:00:00,20222.0,20963.0,19852.0,20963.0,7660900,KBS
2021-12-08 07:00:00,21407.0,21667.0,21111.0,21111.0,5827000,KBS
2021-12-09 07:00:00,21111.0,21741.0,21111.0,21630.0,4623900,KBS
2021-12-10 07:00:00,21333.0,21667.0,21185.0,21407.0,6350400,KBS
2021-12-13 07:00:00,21556.0,21926.0,21407.0,21481.0,4795300,KBS
2021-12-14 07:00:00,21259.0,21630.0,21074.0,21259.0,4767300,KBS
2021-12-15 07:00:00,21111.0,21370.0,20593.0,20667.0,5559800,KBS
2021-12-16 07:00:00,21037.0,21111.0,20704.0,20889.0,3029700,KBS
2021-12-17 07:00:00,21333.0,21407.0,20593.0,20593.0,5286800,KBS
2021-12-20 07:00:00,20148.0,20370.0,19630.0,19815.0,8479300,KBS
2021-12-21 07:00:00,19926.0,20518.0,19852.0,20296.0,3454900,KBS
2021-12-22 07:00:00,20593.0,20815.0,19778.0,19778.0,4171100,KBS
2021-12-23 07:00:00,20000.0,21148.0,19630.0,21148.0,8375700,KBS
2021-12-24 07:00:00,21704.0,22370.0,21259.0,21407.0,7505200,KBS
2021-12-27 07:00:00,21667.0,22185.0,21148.0,21963.0,5645100,KBS
2021-12-28 07:00:00,22296.0,22704.0,21926.0,21963.0,7841600,KBS
2021-12-29 07:00:00,22074.0,22741.0,21778.0,22296.0,5922100,KBS
2021-12-30 07:00:00,22593.0,22926.0,22296.0,22333.0,4624200,KBS
2021-12-31 07:00:00,22518.0,22704.0,21556.0,21963.0,4654400,KBS
2022-01-04 07:00:00,22296.0,23333.0,22037.0,23037.0,8257000,KBS
2022-01-05 07:00:00,23407.0,23518.0,22963.0,23000.0,6118700,KBS
2022-01-06 07:00:00,23037.0,23407.0,22704.0,22963.0,6041800,KBS
2022-01-07 07:00:00,23704.0,24037.0,23259.0,23370.0,9806500,KBS
2022-01-10 07:00:00,23111.0,23556.0,21778.0,21778.0,13807400,KBS
2022-01-11 07:00:00,22000.0,22185.0,21481.0,21852.0,5553500,KBS
2022-01-12 07:00:00,22444.0,23370.0,22296.0,23370.0,13690200,KBS
2022-01-13 07:00:00,24074.0,24667.0,23037.0,23037.0,11288600,KBS
2022-01-14 07:00:00,22889.0,23593.0,22593.0,23259.0,5987200,KBS
2022-01-17 07:00:00,24074.0,24667.0,23556.0,23704.0,15883200,KBS
2022-01-18 07:00:00,23852.0,25148.0,23667.0,25037.0,11121400,KBS
2022-01-19 07:00:00,25852.0,25852.0,23852.0,24296.0,11425400,KBS
2022-01-20 07:00:00,24148.0,24815.0,23667.0,24630.0,7255000,KBS
2022-01-21 07:00:00,24296.0,25741.0,24000.0,25074.0,13395500,KBS
2022-01-24 07:00:00,25222.0,25555.0,23778.0,24111.0,8929800,KBS
2022-01-25 07:00:00,24074.0,24444.0,23407.0,24370.0,7997500,KBS
2022-01-26 07:00:00,24593.0,24741.0,24074.0,24074.0,5472900,KBS
2022-01-27 07:00:00,24407.0,24815.0,24074.0,24259.0,5118200,KBS
2022-01-28 07:00:00,24111.0,24518.0,22593.0,22593.0,16192300,KBS
2022-02-07 07:00:00,23333.0,23926.0,23111.0,23111.0,6349300,KBS
2022-02-08 07:00:00,22963.0,23296.0,22630.0,22741.0,6413000,KBS
2022-02-09 07:00:00,22518.0,22926.0,22074.0,22111.0,10728400,KBS
2022-02-10 07:00:00,22370.0,22852.0,22296.0,22741.0,5912000,KBS
2022-02-11 07:00:00,22963.0,23481.0,22741.0,22852.0,5200100,KBS
2022-02-14 07:00:00,23333.0,23741.0,22963.0,22963.0,7719400,KBS
2022-02-15 07:00:00,22963.0,23185.0,22556.0,22667.0,4176800,KBS
2022-02-16 07:00:00,22444.0,23333.0,22111.0,23037.0,8691700,KBS
2022-02-17 07:00:00,23037.0,23407.0,22889.0,23000.0,3891500,KBS
2022-02-18 07:00:00,22889.0,23111.0,22667.0,22852.0,4226500,KBS
2022-02-21 07:00:00,22963.0,23556.0,22963.0,23111.0,7024000,KBS
2022-02-22 07:00:00,23556.0,24000.0,23444.0,23741.0,9530000,KBS
2022-02-23 07:00:00,24037.0,25370.0,24000.0,24815.0,20563300,KBS
2022-02-24 07:00:00,25111.0,26518.0,24815.0,26370.0,17415100,KBS
2022-02-25 07:00:00,25926.0,26518.0,25333.0,25333.0,12708500,KBS
2022-02-28 07:00:00,25815.0,26222.0,25259.0,25852.0,9155100,KBS
2022-03-01 07:00:00,25926.0,26148.0,25407.0,25852.0,8055200,KBS
2022-03-02 07:00:00,27407.0,27407.0,26444.0,26889.0,10234200,KBS
2022-03-03 07:00:00,27148.0,27407.0,26481.0,26667.0,9285300,KBS
2022-03-04 07:00:00,26370.0,26667.0,26000.0,26000.0,9997500,KBS
2022-03-07 07:00:00,27111.0,27815.0,26741.0,27815.0,9678800,KBS
2022-03-08 07:00:00,27778.0,28518.0,27407.0,27926.0,11395500,KBS
2022-03-09 07:00:00,28667.0,29852.0,28000.0,29593.0,16938900,KBS
2022-03-10 07:00:00,28593.0,29222.0,28037.0,28741.0,12725300,KBS
2022-03-11 07:00:00,28148.0,28333.0,26926.0,27481.0,20216800,KBS
2022-03-14 07:00:00,27000.0,27481.0,26296.0,26407.0,12596100,KBS
2022-03-15 07:00:00,25333.0,26778.0,25296.0,26667.0,10029200,KBS
2022-03-16 07:00:00,26296.0,26741.0,26037.0,26259.0,4186700,KBS
2022-03-17 07:00:00,26222.0,26222.0,25444.0,25481.0,6573300,KBS
2022-03-18 07:00:00,26296.0,26555.0,26074.0,26296.0,6608900,KBS
2022-03-21 07:00:00,26593.0,26889.0,26074.0,26889.0,5945600,KBS
2022-03-22 07:00:00,27555.0,27630.0,27074.0,27074.0,6367100,KBS
2022-03-23 07:00:00,26963.0,27259.0,26481.0,26593.0,5198900,KBS
2022-03-24 07:00:00,27111.0,27296.0,26444.0,26444.0,4824300,KBS
2022-03-25 07:00:00,26296.0,26630.0,26000.0,26111.0,4886700,KBS
2022-03-28 07:00:00,25852.0,26778.0,25815.0,26593.0,6340900,KBS
2022-03-29 07:00:00,26370.0,27555.0,26111.0,27074.0,8521000,KBS
2022-03-30 07:00:00,26815.0,27259.0,25963.0,26148.0,5263800,KBS
2022-03-31 07:00:00,26074.0,26481.0,25296.0,25333.0,5459100,KBS
2022-04-01 07:00:00,25037.0,25037.0,24074.0,24667.0,9852800,KBS
2022-04-04 07:00:00,24889.0,25148.0,24444.0,25037.0,4359100,KBS
2022-04-05 07:00:00,25259.0,25555.0,25222.0,25222.0,2388900,KBS
2022-04-06 07:00:00,24815.0,25333.0,24704.0,25074.0,3094700,KBS
2022-04-07 07:00:00,24815.0,25148.0,24296.0,24593.0,5741100,KBS
2022-04-08 07:00:00,24704.0,24704.0,23037.0,23037.0,5460700,KBS
2022-04-12 07:00:00,23074.0,23333.0,21444.0,21444.0,9207400,KBS
2022-04-13 07:00:00,22074.0,22111.0,21111.0,22074.0,4218300,KBS
2022-04-14 07:00:00,22296.0,22889.0,22148.0,22444.0,3187500,KBS
2022-04-15 07:00:00,22778.0,23111.0,22000.0,22407.0,4643300,KBS
2022-04-18 07:00:00,22444.0,22593.0,21259.0,21259.0,5205900,KBS
2022-04-19 07:00:00,21556.0,22444.0,21333.0,21444.0,5884100,KBS
2022-04-20 07:00:00,21481.0,21778.0,19963.0,19963.0,7143900,KBS
2022-04-21 07:00:00,19407.0,19926.0,18593.0,18593.0,9871300,KBS
2022-04-22 07:00:00,18518.0,18556.0,17296.0,17296.0,15646300,KBS
2022-04-25 07:00:00,17778.0,17778.0,16111.0,16111.0,9802200,KBS
2022-04-26 07:00:00,15111.0,17222.0,15000.0,17222.0,10968200,KBS
2022-04-27 07:00:00,17037.0,17593.0,16741.0,17222.0,5601100,KBS
2022-04-28 07:00:00,17710.0,18021.0,17311.0,17311.0,6285700,KBS
2022-04-29 07:00:00,17489.0,18110.0,17489.0,18021.0,4992900,KBS
2022-05-04 07:00:00,18021.0,18731.0,17444.0,18199.0,6623900,KBS
2022-05-05 07:00:00,18643.0,18998.0,17977.0,18199.0,5208900,KBS
2022-05-06 07:00:00,18021.0,18110.0,16956.0,16956.0,5885400,KBS
2022-05-09 07:00:00,16778.0,16867.0,15802.0,15802.0,5873100,KBS
2022-05-10 07:00:00,14870.0,16867.0,14870.0,16867.0,7967200,KBS
2022-05-11 07:00:00,17311.0,17444.0,16867.0,16867.0,2940700,KBS
2022-05-12 07:00:00,16956.0,17089.0,15713.0,15713.0,5450600,KBS
2022-05-13 07:00:00,16068.0,16068.0,14648.0,14648.0,9070800,KBS
2022-05-16 07:00:00,15669.0,15669.0,15225.0,15358.0,5857300,KBS
2022-05-17 07:00:00,15402.0,16423.0,15402.0,16423.0,4011100,KBS
2022-05-18 07:00:00,16867.0,17489.0,16690.0,16734.0,7553200,KBS
2022-05-19 07:00:00,16246.0,17888.0,16201.0,17888.0,10230200,KBS
2022-05-20 07:00:00,18199.0,18731.0,17844.0,17888.0,7316800,KBS
2022-05-23 07:00:00,18021.0,18998.0,17755.0,18421.0,7572200,KBS
2022-05-24 07:00:00,18110.0,18421.0,17311.0,18287.0,8160400,KBS
2022-05-25 07:00:00,18687.0,19530.0,18509.0,19530.0,11275500,KBS
2022-05-26 07:00:00,19797.0,20063.0,19264.0,19442.0,7903800,KBS
2022-05-27 07:00:00,19797.0,20019.0,19220.0,19619.0,6011000,KBS
2022-05-30 07:00:00,20063.0,20773.0,19708.0,19708.0,10652800,KBS
2022-05-31 07:00:00,19752.0,20596.0,19708.0,20329.0,10372300,KBS
2022-06-01 07:00:00,20329.0,21306.0,19797.0,21039.0,10045200,KBS
2022-06-02 07:00:00,20596.0,21128.0,20241.0,20418.0,10915700,KBS
2022-06-03 07:00:00,20063.0,20684.0,20063.0,20418.0,6902400,KBS
2022-06-06 07:00:00,21084.0,21217.0,20019.0,20063.0,10003300,KBS
2022-06-07 07:00:00,20019.0,20862.0,19353.0,20862.0,9524300,KBS
2022-06-08 07:00:00,21306.0,22194.0,20951.0,21439.0,19013700,KBS
2022-06-09 07:00:00,21750.0,21972.0,21395.0,21439.0,5992700,KBS
2022-06-10 07:00:00,21128.0,21350.0,20241.0,20241.0,12170600,KBS
2022-06-13 07:00:00,19175.0,19885.0,18865.0,18865.0,13161300,KBS
2022-06-14 07:00:00,18998.0,19708.0,18865.0,19708.0,9452200,KBS
2022-06-15 07:00:00,19663.0,19797.0,18421.0,18598.0,6295600,KBS
2022-06-16 07:00:00,18776.0,19486.0,18376.0,18643.0,9369200,KBS
2022-06-17 07:00:00,17932.0,18554.0,17355.0,17755.0,14598400,KBS
2022-06-20 07:00:00,17000.0,17311.0,16512.0,16512.0,9781000,KBS
2022-06-21 07:00:00,15713.0,16423.0,15358.0,15358.0,9360700,KBS
2022-06-22 07:00:00,14870.0,15269.0,14293.0,14293.0,13129600,KBS
2022-06-23 07:00:00,13849.0,15269.0,13849.0,15269.0,6284300,KBS
2022-06-24 07:00:00,15802.0,15802.0,15092.0,15092.0,5292300,KBS
2022-06-27 07:00:00,15269.0,15669.0,15047.0,15447.0,4244800,KBS
2022-06-28 07:00:00,15891.0,16246.0,15669.0,15713.0,5292800,KBS
2022-06-29 07:00:00,15713.0,15846.0,15314.0,15447.0,4466800,KBS
2022-06-30 07:00:00,15491.0,15624.0,14737.0,14737.0,4342600,KBS
2022-07-01 07:00:00,14559.0,15225.0,13938.0,14914.0,6003800,KBS
2022-07-04 07:00:00,15358.0,15358.0,15003.0,15180.0,2774000,KBS
2022-07-05 07:00:00,15358.0,15447.0,14737.0,14737.0,3638600,KBS
2022-07-06 07:00:00,14115.0,14470.0,13716.0,13716.0,7525900,KBS
2022-07-07 07:00:00,13582.0,13982.0,13050.0,13316.0,5082800,KBS
2022-07-08 07:00:00,13760.0,14026.0,13671.0,13760.0,2879200,KBS
2022-07-11 07:00:00,13671.0,14159.0,13494.0,13804.0,4062700,KBS
2022-07-12 07:00:00,13804.0,14737.0,13804.0,14737.0,4947900,KBS
2022-07-13 07:00:00,14559.0,15003.0,14381.0,14825.0,4759700,KBS
2022-07-14 07:00:00,14870.0,15624.0,14870.0,15180.0,5359100,KBS
2022-07-15 07:00:00,15092.0,15269.0,14825.0,15003.0,4987400,KBS
2022-07-18 07:00:00,15092.0,15358.0,15003.0,15136.0,2847400,KBS
2022-07-19 07:00:00,15535.0,15713.0,15136.0,15269.0,6050300,KBS
2022-07-20 07:00:00,15491.0,15846.0,15314.0,15358.0,4947700,KBS
2022-07-21 07:00:00,15402.0,15447.0,15003.0,15136.0,3944200,KBS
2022-07-22 07:00:00,15092.0,15535.0,15092.0,15092.0,4870900,KBS
2022-07-25 07:00:00,14914.0,15003.0,14381.0,14426.0,4610100,KBS
2022-07-26 07:00:00,14825.0,14870.0,14426.0,14737.0,3162300,KBS
2022-07-27 07:00:00,14648.0,14737.0,14115.0,14737.0,2187900,KBS
2022-07-28 07:00:00,15047.0,15314.0,14914.0,15180.0,4684900,KBS
2022-07-29 07:00:00,15269.0,15447.0,14914.0,14958.0,4916200,KBS
2022-08-01 07:00:00,15047.0,15713.0,15003.0,15535.0,6256400,KBS
2022-08-02 07:00:00,15314.0,16157.0,15225.0,15802.0,10361800,KBS
2022-08-03 07:00:00,15802.0,16157.0,15669.0,15802.0,5971800,KBS
2022-08-04 07:00:00,15713.0,15846.0,15358.0,15402.0,8647300,KBS
2022-08-05 07:00:00,15647.0,16478.0,15451.0,16478.0,9509600,KBS
2022-08-08 07:00:00,16625.0,17603.0,16625.0,17603.0,9277800,KBS
2022-08-09 07:00:00,17603.0,17700.0,17114.0,17358.0,8512300,KBS
2022-08-10 07:00:00,17163.0,18385.0,17065.0,18385.0,16091100,KBS
2022-08-11 07:00:00,18581.0,18874.0,18092.0,18287.0,11182600,KBS
2022-08-12 07:00:00,18336.0,18776.0,18092.0,18483.0,7363300,KBS
2022-08-15 07:00:00,18483.0,19167.0,18238.0,18776.0,8015000,KBS
2022-08-16 07:00:00,18336.0,19265.0,18336.0,18825.0,8722000,KBS
2022-08-17 07:00:00,18776.0,19167.0,18287.0,18678.0,10873000,KBS
2022-08-18 07:00:00,18874.0,19265.0,18581.0,18581.0,8249100,KBS
2022-08-19 07:00:00,18776.0,19656.0,18776.0,19363.0,12597400,KBS
2022-08-22 07:00:00,19314.0,20145.0,19167.0,19901.0,10775700,KBS
2022-08-23 07:00:00,19852.0,20634.0,19803.0,20194.0,10329200,KBS
2022-08-24 07:00:00,20439.0,20976.0,19950.0,20830.0,11453700,KBS
2022-08-25 07:00:00,21025.0,21172.0,20536.0,20536.0,8947700,KBS
2022-08-26 07:00:00,20390.0,20585.0,19607.0,19656.0,12893500,KBS
2022-08-29 07:00:00,19314.0,21025.0,19314.0,21025.0,18585400,KBS
2022-08-30 07:00:00,21514.0,21808.0,21025.0,21123.0,11955500,KBS
2022-08-31 07:00:00,20781.0,21123.0,20243.0,20243.0,13962900,KBS
2022-09-05 07:00:00,19950.0,21221.0,19705.0,21025.0,14561000,KBS
2022-09-06 07:00:00,21074.0,21319.0,20732.0,20732.0,9562700,KBS
2022-09-07 07:00:00,20341.0,20536.0,19314.0,19314.0,12538600,KBS
2022-09-08 07:00:00,19461.0,19656.0,18385.0,18776.0,11227500,KBS
2022-09-09 07:00:00,18923.0,20047.0,18581.0,20047.0,8323000,KBS
2022-09-12 07:00:00,20341.0,21417.0,20243.0,20634.0,13371400,KBS
2022-09-13 07:00:00,20830.0,21710.0,20536.0,21661.0,15211300,KBS
2022-09-14 07:00:00,21514.0,22835.0,21417.0,22786.0,17149000,KBS
2022-09-15 07:00:00,22883.0,23226.0,22199.0,22199.0,10618900,KBS
2022-09-16 07:00:00,22003.0,22737.0,21759.0,22492.0,13199400,KBS
2022-09-19 07:00:00,22248.0,22248.0,20928.0,20928.0,13468800,KBS
2022-09-20 07:00:00,21221.0,21270.0,19852.0,21270.0,10026800,KBS
2022-09-21 07:00:00,20879.0,21857.0,20536.0,21857.0,8875900,KBS
2022-09-22 07:00:00,21514.0,22150.0,21319.0,21710.0,8264900,KBS
2022-09-23 07:00:00,21808.0,22346.0,21514.0,21710.0,10043700,KBS
2022-09-26 07:00:00,21025.0,21417.0,20194.0,20194.0,14877100,KBS
2022-09-27 07:00:00,20243.0,20585.0,18825.0,18874.0,10684100,KBS
2022-09-28 07:00:00,18874.0,19803.0,18385.0,19118.0,11057400,KBS
2022-09-29 07:00:00,19803.0,19852.0,18336.0,18385.0,5671100,KBS
2022-09-30 07:00:00,18092.0,19656.0,17505.0,19363.0,12072300,KBS
2022-10-03 07:00:00,19216.0,19363.0,18043.0,18043.0,6263300,KBS
2022-10-04 07:00:00,18678.0,18874.0,18092.0,18287.0,8259100,KBS
2022-10-05 07:00:00,18874.0,19558.0,18825.0,19558.0,9745700,KBS
2022-10-06 07:00:00,19754.0,20243.0,19070.0,19167.0,9713500,KBS
2022-10-07 07:00:00,18581.0,20145.0,18092.0,19558.0,15266800,KBS
2022-10-10 07:00:00,19950.0,20732.0,19901.0,20145.0,8695100,KBS
2022-10-11 07:00:00,20096.0,20341.0,18776.0,18776.0,12542000,KBS
2022-10-12 07:00:00,18874.0,20047.0,18385.0,19412.0,8015600,KBS
2022-10-13 07:00:00,19363.0,19558.0,18776.0,19167.0,5035900,KBS
2022-10-14 07:00:00,19607.0,20145.0,19314.0,19656.0,8013500,KBS
2022-10-17 07:00:00,19412.0,21025.0,19118.0,21025.0,13489800,KBS
2022-10-18 07:00:00,21417.0,21563.0,20439.0,20634.0,9649400,KBS
2022-10-19 07:00:00,20732.0,21514.0,20439.0,20928.0,8740200,KBS
2022-10-20 07:00:00,21074.0,21319.0,20732.0,20976.0,6195000,KBS
2022-10-21 07:00:00,21025.0,21710.0,19510.0,19510.0,23900900,KBS
2022-10-24 07:00:00,19558.0,19852.0,18189.0,18189.0,10596300,KBS
2022-10-25 07:00:00,18385.0,19363.0,17065.0,18532.0,8605400,KBS
2022-10-26 07:00:00,18581.0,18776.0,17260.0,17260.0,6479900,KBS
2022-10-27 07:00:00,17505.0,18434.0,17163.0,18434.0,10049600,KBS
2022-10-28 07:00:00,18483.0,18678.0,17896.0,18043.0,5606500,KBS
2022-10-31 07:00:00,17407.0,17847.0,16820.0,16820.0,15515600,KBS
2022-11-01 07:00:00,17065.0,17211.0,15647.0,15842.0,9305500,KBS
2022-11-02 07:00:00,16331.0,16918.0,15940.0,16918.0,6167000,KBS
2022-11-03 07:00:00,17065.0,17407.0,16527.0,16967.0,5707000,KBS
2022-11-04 07:00:00,16918.0,16918.0,15842.0,16576.0,5878200,KBS
2022-11-07 07:00:00,16918.0,16918.0,15842.0,15989.0,5727000,KBS
2022-11-08 07:00:00,15842.0,16723.0,15842.0,16625.0,4527900,KBS
2022-11-09 07:00:00,16674.0,16869.0,16038.0,16576.0,5643400,KBS
2022-11-10 07:00:00,16331.0,16527.0,15451.0,15451.0,5728000,KBS
2022-11-11 07:00:00,15549.0,15793.0,14375.0,14375.0,8817100,KBS
2022-11-14 07:00:00,13544.0,14180.0,13398.0,13398.0,5027700,KBS
2022-11-15 07:00:00,12469.0,12469.0,12469.0,12469.0,782700,KBS
2022-11-16 07:00:00,11637.0,13300.0,11637.0,13300.0,17590000,KBS
2022-11-17 07:00:00,13300.0,13740.0,12811.0,13593.0,5580900,KBS
2022-11-18 07:00:00,13202.0,13398.0,12664.0,12664.0,11163700,KBS
2022-11-21 07:00:00,12713.0,13153.0,12420.0,13055.0,4859700,KBS
2022-11-22 07:00:00,13153.0,13935.0,12909.0,13887.0,11845100,KBS
2022-11-23 07:00:00,13984.0,14180.0,13202.0,13300.0,4794400,KBS
2022-11-24 07:00:00,13104.0,13349.0,12371.0,12713.0,7244100,KBS
2022-11-25 07:00:00,13055.0,13202.0,12615.0,13202.0,4463700,KBS
2022-11-28 07:00:00,13300.0,14082.0,13202.0,13984.0,8532900,KBS
2022-11-29 07:00:00,13984.0,14962.0,13691.0,14962.0,11314900,KBS
2022-11-30 07:00:00,15500.0,15745.0,14962.0,15451.0,9330400,KBS
2022-12-01 07:00:00,15793.0,16038.0,14571.0,14962.0,11651500,KBS
2022-12-02 07:00:00,15158.0,15989.0,15011.0,15989.0,8676700,KBS
2022-12-05 07:00:00,17065.0,17065.0,16282.0,16429.0,8493000,KBS
2022-12-06 07:00:00,16185.0,17016.0,15940.0,16136.0,12148400,KBS
2022-12-07 07:00:00,16136.0,16723.0,15940.0,16234.0,6249000,KBS
2022-12-08 07:00:00,16429.0,16869.0,15842.0,16625.0,7152900,KBS
2022-12-09 07:00:00,16625.0,16674.0,16234.0,16478.0,4371400,KBS
2022-12-12 07:00:00,16625.0,17309.0,16136.0,16136.0,8601700,KBS
2022-12-13 07:00:00,16331.0,16625.0,15891.0,16625.0,4715200,KBS
2022-12-14 07:00:00,17065.0,17554.0,16674.0,17309.0,8231200,KBS
2022-12-15 07:00:00,17603.0,17700.0,17016.0,17309.0,4669300,KBS
2022-12-16 07:00:00,17016.0,17847.0,16869.0,17358.0,6014300,KBS
2022-12-19 07:00:00,17358.0,17554.0,16625.0,16625.0,5235200,KBS
2022-12-20 07:00:00,16625.0,17114.0,15940.0,17114.0,8767200,KBS
2022-12-21 07:00:00,17211.0,17749.0,16576.0,17211.0,5944300,KBS
2022-12-22 07:00:00,17700.0,17700.0,17016.0,17309.0,3601400,KBS
2022-12-23 07:00:00,17309.0,17700.0,16918.0,17505.0,5202600,KBS
2022-12-26 07:00:00,17749.0,18043.0,17065.0,17211.0,7246200,KBS
2022-12-27 07:00:00,17309.0,17554.0,16136.0,17554.0,6454900,KBS
2022-12-28 07:00:00,17554.0,17994.0,17260.0,17896.0,4835100,KBS
2022-12-29 07:00:00,17749.0,17847.0,17163.0,17505.0,3229800,KBS
2022-12-30 07:00:00,17603.0,17700.0,17309.0,17456.0,3083700,KBS
2023-01-03 07:00:00,17700.0,18483.0,17603.0,18141.0,7108700,KBS
2023-01-04 07:00:00,18141.0,19021.0,17896.0,18727.0,6221500,KBS
2023-01-05 07:00:00,18678.0,18776.0,18336.0,18581.0,3673400,KBS
2023-01-06 07:00:00,18581.0,18972.0,17994.0,17994.0,4907500,KBS
2023-01-09 07:00:00,18189.0,18581.0,17896.0,18238.0,3552900,KBS
2023-01-10 07:00:00,18385.0,18776.0,18238.0,18434.0,3952300,KBS
2023-01-11 07:00:00,18678.0,18776.0,18385.0,18483.0,3276100,KBS
2023-01-12 07:00:00,18776.0,19754.0,18678.0,19754.0,10071900,KBS
2023-01-13 07:00:00,19803.0,19950.0,19314.0,19510.0,3045500,KBS
2023-01-16 07:00:00,19656.0,19901.0,19461.0,19558.0,3276300,KBS
2023-01-17 07:00:00,19558.0,20536.0,19510.0,20488.0,4802000,KBS
2023-01-18 07:00:00,20976.0,21025.0,20341.0,20390.0,3086200,KBS
2023-01-19 07:00:00,20341.0,20634.0,20145.0,20536.0,3185800,KBS
2023-01-27 07:00:00,21123.0,21417.0,20439.0,20439.0,3788600,KBS
2023-01-30 07:00:00,20439.0,20879.0,19999.0,20096.0,3625500,KBS
2023-01-31 07:00:00,20145.0,20536.0,19999.0,20536.0,4179100,KBS
2023-02-01 07:00:00,20536.0,20732.0,19265.0,19265.0,6665500,KBS
2023-02-02 07:00:00,19461.0,19558.0,18923.0,19216.0,4769900,KBS
2023-02-03 07:00:00,19412.0,19461.0,18776.0,18874.0,2524700,KBS
2023-02-06 07:00:00,18678.0,19070.0,18336.0,18923.0,3088500,KBS
2023-02-07 07:00:00,19265.0,19265.0,18727.0,18923.0,2588100,KBS
2023-02-08 07:00:00,19021.0,19363.0,18581.0,19070.0,3300300,KBS
2023-02-09 07:00:00,19216.0,20390.0,19118.0,20390.0,6237800,KBS
2023-02-10 07:00:00,20390.0,20390.0,19656.0,19852.0,2889700,KBS
2023-02-13 07:00:00,19754.0,20488.0,19363.0,20145.0,7262600,KBS
2023-02-14 07:00:00,20390.0,20536.0,20047.0,20145.0,3033000,KBS
2023-02-15 07:00:00,20292.0,21025.0,20145.0,20683.0,5022800,KBS
2023-02-16 07:00:00,20928.0,21808.0,20732.0,21612.0,6707900,KBS
2023-02-17 07:00:00,21612.0,21710.0,21319.0,21563.0,3873700,KBS
2023-02-20 07:00:00,21465.0,22101.0,21417.0,22003.0,4600000,KBS
2023-02-21 07:00:00,22101.0,22394.0,21710.0,21710.0,6085900,KBS
2023-02-22 07:00:00,21221.0,22443.0,20830.0,20830.0,8975500,KBS
2023-02-23 07:00:00,20830.0,21319.0,19754.0,21319.0,6745100,KBS
2023-02-24 07:00:00,21368.0,21808.0,20341.0,20341.0,3611300,KBS
2023-02-27 07:00:00,20194.0,20830.0,19803.0,20536.0,4274100,KBS
2023-02-28 07:00:00,20928.0,20976.0,20488.0,20732.0,2184200,KBS
2023-03-01 07:00:00,20732.0,21612.0,20634.0,21514.0,5697000,KBS
2023-03-02 07:00:00,21514.0,21710.0,20879.0,21221.0,4602100,KBS
2023-03-03 07:00:00,21319.0,21759.0,21025.0,21172.0,3953200,KBS
2023-03-06 07:00:00,21465.0,21514.0,20879.0,21123.0,2872600,KBS
2023-03-07 07:00:00,21319.0,21612.0,20976.0,21417.0,2623700,KBS
2023-03-08 07:00:00,21221.0,22199.0,21123.0,22150.0,6672900,KBS
2023-03-09 07:00:00,22003.0,22248.0,21808.0,21906.0,3817600,KBS
2023-03-10 07:00:00,21612.0,21906.0,21123.0,21417.0,5396100,KBS
2023-03-13 07:00:00,21172.0,21465.0,21074.0,21417.0,2883300,KBS
2023-03-14 07:00:00,21368.0,21368.0,20145.0,20145.0,6809300,KBS
2023-03-15 07:00:00,20536.0,21025.0,20292.0,20976.0,3258500,KBS
2023-03-16 07:00:00,20194.0,20536.0,19999.0,20145.0,4911400,KBS
2023-03-17 07:00:00,20536.0,20536.0,20243.0,20341.0,2475400,KBS
2023-03-20 07:00:00,19803.0,20047.0,19070.0,19118.0,6616500,KBS
2023-03-21 07:00:00,19412.0,19412.0,18923.0,19265.0,2575300,KBS
2023-03-22 07:00:00,19558.0,19705.0,19314.0,19314.0,2157400,KBS
2023-03-23 07:00:00,19118.0,19754.0,19118.0,19558.0,2383100,KBS
2023-03-24 07:00:00,19754.0,19803.0,19558.0,19607.0,2944800,KBS
2023-03-27 07:00:00,19607.0,19754.0,19412.0,19754.0,3185700,KBS
2023-03-28 07:00:00,20145.0,20292.0,19754.0,19803.0,2567700,KBS
2023-03-29 07:00:00,19901.0,20145.0,19705.0,19803.0,1752700,KBS
2023-03-30 07:00:00,19901.0,20047.0,19656.0,19656.0,2742400,KBS
2023-03-31 07:00:00,19852.0,19950.0,19510.0,19852.0,3106300,KBS
2023-04-03 07:00:00,20732.0,20732.0,20390.0,20683.0,6941200,KBS
2023-04-04 07:00:00,20830.0,20879.0,20634.0,20634.0,3261300,KBS
2023-04-05 07:00:00,20683.0,21270.0,20683.0,20928.0,3285100,KBS
2023-04-06 07:00:00,20928.0,20976.0,20536.0,20536.0,4417700,KBS
2023-04-07 07:00:00,20439.0,20585.0,20243.0,20341.0,3539200,KBS
2023-04-10 07:00:00,20732.0,20781.0,20243.0,20341.0,2632200,KBS
2023-04-11 07:00:00,20341.0,21025.0,20341.0,20683.0,5889700,KBS
2023-04-12 07:00:00,20928.0,21172.0,20536.0,20683.0,3709600,KBS
2023-04-13 07:00:00,20976.0,21368.0,20536.0,20536.0,7702600,KBS
2023-04-14 07:00:00,20732.0,20879.0,20047.0,20047.0,6248800,KBS
2023-04-17 07:00:00,20047.0,20194.0,19852.0,19901.0,2578100,KBS
2023-04-18 07:00:00,19999.0,20145.0,19950.0,20145.0,2232100,KBS
2023-04-19 07:00:00,20194.0,20341.0,19999.0,20145.0,1940400,KBS
2023-04-20 07:00:00,20145.0,20145.0,19852.0,20047.0,2045000,KBS
2023-04-21 07:00:00,20047.0,20194.0,19852.0,19852.0,2446800,KBS
2023-04-24 07:00:00,19852.0,19950.0,19705.0,19950.0,1121800,KBS
2023-04-25 07:00:00,20096.0,20243.0,19852.0,20047.0,1660300,KBS
2023-04-26 07:00:00,20145.0,20243.0,19754.0,20243.0,1788000,KBS
2023-04-27 07:00:00,20439.0,20830.0,20292.0,20292.0,3845800,KBS
2023-04-28 07:00:00,20341.0,20683.0,20292.0,20488.0,2351100,KBS
2023-05-04 07:00:00,20145.0,20243.0,19852.0,19852.0,3019500,KBS
2023-05-05 07:00:00,19901.0,20096.0,19901.0,20096.0,1607100,KBS
2023-05-08 07:00:00,20390.0,20976.0,20243.0,20732.0,5215300,KBS
2023-05-09 07:00:00,20732.0,21906.0,20732.0,21417.0,11280100,KBS
2023-05-10 07:00:00,21417.0,21612.0,21319.0,21368.0,3567000,KBS
2023-05-11 07:00:00,21465.0,22492.0,21465.0,21808.0,8778900,KBS
2023-05-12 07:00:00,21808.0,22101.0,21563.0,21954.0,3952600,KBS
2023-05-15 07:00:00,22052.0,22101.0,21368.0,21368.0,7367900,KBS
2023-05-16 07:00:00,21710.0,22248.0,21563.0,21857.0,5483700,KBS
2023-05-17 07:00:00,21906.0,22101.0,21417.0,21465.0,4404000,KBS
2023-05-18 07:00:00,21612.0,22199.0,21465.0,21906.0,5799800,KBS
2023-05-19 07:00:00,22199.0,23177.0,22199.0,22932.0,11780300,KBS
2023-05-22 07:00:00,23372.0,23470.0,22981.0,23079.0,4309800,KBS
2023-05-23 07:00:00,23177.0,23568.0,22737.0,23275.0,6584100,KBS
2023-05-24 07:00:00,23470.0,23470.0,22883.0,22883.0,4210900,KBS
2023-05-25 07:00:00,22883.0,23764.0,22346.0,23421.0,10037900,KBS
2023-05-26 07:00:00,23568.0,23568.0,23226.0,23324.0,4041200,KBS
2023-05-29 07:00:00,23519.0,23666.0,23079.0,23177.0,5465600,KBS
2023-05-30 07:00:00,23226.0,23568.0,23128.0,23519.0,5376600,KBS
2023-05-31 07:00:00,23470.0,23861.0,23275.0,23666.0,6583800,KBS
2023-06-01 07:00:00,23470.0,23519.0,23128.0,23372.0,4033900,KBS
2023-06-02 07:00:00,23568.0,23861.0,23275.0,23764.0,5935000,KBS
2023-06-05 07:00:00,24350.0,24350.0,23617.0,23666.0,5161800,KBS
2023-06-06 07:00:00,23666.0,24106.0,23421.0,23666.0,3724200,KBS
2023-06-07 07:00:00,23764.0,23959.0,23568.0,23910.0,3697400,KBS
2023-06-08 07:00:00,24350.0,24399.0,23128.0,23128.0,6266200,KBS
2023-06-09 07:00:00,23128.0,23226.0,22541.0,23079.0,5399900,KBS
2023-06-12 07:00:00,23030.0,23079.0,22492.0,22883.0,4827800,KBS
2023-06-13 07:00:00,22883.0,23324.0,22786.0,23324.0,3982300,KBS
2023-06-14 07:00:00,23470.0,23617.0,22883.0,22883.0,3419700,KBS
2023-06-15 07:00:00,22786.0,23861.0,22786.0,23861.0,7133000,KBS
2023-06-16 07:00:00,24106.0,24106.0,23324.0,23324.0,5866200,KBS
2023-06-19 07:00:00,23372.0,23861.0,23275.0,23470.0,4907300,KBS
2023-06-20 07:00:00,23666.0,24057.0,23372.0,23910.0,3748500,KBS
2023-06-21 07:00:00,24057.0,24742.0,23910.0,24350.0,8034600,KBS
2023-06-22 07:00:00,24497.0,24937.0,24204.0,24448.0,6771000,KBS
2023-06-23 07:00:00,24350.0,24448.0,23470.0,23617.0,13808600,KBS
2023-06-26 07:00:00,23666.0,23959.0,23275.0,23959.0,5567900,KBS
2023-06-27 07:00:00,24155.0,24742.0,23959.0,24204.0,4162200,KBS
2023-06-28 07:00:00,24350.0,24399.0,23861.0,24057.0,3330900,KBS
2023-06-29 07:00:00,24253.0,24350.0,23959.0,23959.0,5794400,KBS
2023-06-30 07:00:00,23959.0,24057.0,23764.0,23959.0,2740900,KBS
2023-07-03 07:00:00,24106.0,24399.0,23910.0,24301.0,3060500,KBS
2023-07-04 07:00:00,24350.0,25377.0,24204.0,25279.0,10151900,KBS
2023-07-05 07:00:00,25230.0,25328.0,24937.0,24937.0,3884600,KBS
2023-07-06 07:00:00,24937.0,25084.0,24057.0,24448.0,6605000,KBS
2023-07-07 07:00:00,24253.0,24497.0,24057.0,24301.0,3910900,KBS
2023-07-10 07:00:00,24742.0,24888.0,24301.0,24350.0,6552800,KBS
2023-07-11 07:00:00,24448.0,24644.0,24253.0,24301.0,4751200,KBS
2023-07-12 07:00:00,24497.0,24888.0,24448.0,24693.0,4254300,KBS
2023-07-13 07:00:00,24888.0,25084.0,24546.0,24742.0,3774800,KBS
2023-07-14 07:00:00,24742.0,24986.0,24301.0,24595.0,5145500,KBS
2023-07-17 07:00:00,24644.0,25133.0,24448.0,24888.0,5517600,KBS
2023-07-18 07:00:00,25035.0,25328.0,24742.0,24790.0,3225900,KBS
2023-07-19 07:00:00,24888.0,24888.0,24253.0,24399.0,5832800,KBS
2023-07-20 07:00:00,24448.0,24448.0,24008.0,24253.0,3243700,KBS
2023-07-21 07:00:00,24350.0,24595.0,24253.0,24546.0,2389600,KBS
2023-07-24 07:00:00,24742.0,25426.0,24595.0,25133.0,6756900,KBS
2023-07-25 07:00:00,25328.0,25328.0,24839.0,25133.0,3926700,KBS
2023-07-26 07:00:00,25133.0,25524.0,24937.0,25328.0,5113900,KBS
2023-07-27 07:00:00,25475.0,25671.0,24888.0,25230.0,5196700,KBS
2023-07-28 07:00:00,25279.0,26111.0,25182.0,25866.0,8425800,KBS
2023-07-31 07:00:00,26257.0,26257.0,25622.0,25622.0,5281500,KBS
2023-08-01 07:00:00,25671.0,25817.0,24937.0,24937.0,6487300,KBS
2023-08-02 07:00:00,24986.0,25475.0,24742.0,25328.0,5480700,KBS
2023-08-03 07:00:00,25279.0,25279.0,24644.0,24644.0,5286700,KBS
2023-08-04 07:00:00,24888.0,25524.0,24595.0,25279.0,5324600,KBS
2023-08-07 07:00:00,25475.0,25475.0,25133.0,25328.0,3598200,KBS
2023-08-08 07:00:00,25671.0,26013.0,25426.0,25524.0,7492100,KBS
2023-08-09 07:00:00,25524.0,25573.0,25084.0,25230.0,3559600,KBS
2023-08-10 07:00:00,25475.0,25768.0,24986.0,25084.0,3940700,KBS
2023-08-11 07:00:00,25279.0,25279.0,24595.0,24937.0,4384800,KBS
2023-08-14 07:00:00,25084.0,25182.0,24839.0,25084.0,3988100,KBS
2023-08-15 07:00:00,25279.0,25279.0,24986.0,24986.0,3106600,KBS
2023-08-16 07:00:00,25230.0,25768.0,25035.0,25182.0,6296300,KBS
2023-08-17 07:00:00,25133.0,25328.0,24937.0,24937.0,4703100,KBS
2023-08-18 07:00:00,24888.0,25035.0,23226.0,23226.0,7333100,KBS
2023-08-21 07:00:00,23030.0,24008.0,22981.0,23470.0,4262900,KBS
2023-08-22 07:00:00,23568.0,23715.0,22346.0,23470.0,3224800,KBS
2023-08-23 07:00:00,23470.0,23812.0,23079.0,23764.0,2302300,KBS
2023-08-24 07:00:00,23568.0,23959.0,23470.0,23959.0,2345600,KBS
2023-08-25 07:00:00,23910.0,24204.0,23617.0,24106.0,2659100,KBS
2023-08-28 07:00:00,24301.0,24301.0,23959.0,24057.0,2072500,KBS
2023-08-29 07:00:00,24350.0,24644.0,24106.0,24546.0,4240300,KBS
2023-08-30 07:00:00,24546.0,24644.0,24253.0,24546.0,1501100,KBS
2023-08-31 07:00:00,24644.0,24937.0,24448.0,24937.0,4280100,KBS
2023-09-05 07:00:00,25524.0,25671.0,25230.0,25328.0,5413300,KBS
2023-09-06 07:00:00,25573.0,25719.0,25279.0,25475.0,4262200,KBS
2023-09-07 07:00:00,25524.0,26013.0,25182.0,25915.0,8389300,KBS
2023-09-08 07:00:00,25915.0,26013.0,25671.0,25866.0,4069900,KBS
2023-09-11 07:00:00,26013.0,26600.0,25426.0,25426.0,8476500,KBS
2023-09-12 07:00:00,25475.0,25866.0,25279.0,25866.0,3616500,KBS
2023-09-13 07:00:00,26111.0,26551.0,25671.0,25915.0,6796700,KBS
2023-09-14 07:00:00,25719.0,26502.0,25671.0,26208.0,6526800,KBS
2023-09-15 07:00:00,26502.0,27577.0,26404.0,26600.0,6368900,KBS
2023-09-18 07:00:00,26404.0,26893.0,25964.0,26062.0,3910700,KBS
2023-09-19 07:00:00,26208.0,26404.0,25524.0,26062.0,3895600,KBS
2023-09-20 07:00:00,26159.0,26453.0,26159.0,26404.0,3095000,KBS
2023-09-21 07:00:00,26600.0,26600.0,25915.0,25915.0,3447600,KBS
2023-09-22 07:00:00,25475.0,25573.0,24350.0,24888.0,7738200,KBS
2023-09-25 07:00:00,24888.0,25475.0,23470.0,23470.0,3626000,KBS
2023-09-26 07:00:00,23617.0,24399.0,23177.0,23470.0,3500800,KBS
2023-09-27 07:00:00,23715.0,24644.0,23421.0,24644.0,3114700,KBS
2023-09-28 07:00:00,24937.0,25573.0,24546.0,25573.0,4507300,KBS
2023-09-29 07:00:00,25622.0,25719.0,25035.0,25230.0,2401000,KBS
2023-10-02 07:00:00,25230.0,25915.0,24839.0,25426.0,2759800,KBS
2023-10-03 07:00:00,24986.0,24986.0,23959.0,24008.0,3544800,KBS
2023-10-04 07:00:00,23861.0,25182.0,23666.0,24888.0,3612200,KBS
2023-10-05 07:00:00,24742.0,25719.0,24693.0,25279.0,5525000,KBS
2023-10-06 07:00:00,25377.0,25377.0,24644.0,25230.0,2152700,KBS
2023-10-09 07:00:00,25915.0,26306.0,25768.0,25915.0,5719100,KBS
2023-10-10 07:00:00,26013.0,26159.0,25524.0,25622.0,5478500,KBS
2023-10-11 07:00:00,25524.0,27382.0,25524.0,27186.0,15292100,KBS
2023-10-12 07:00:00,26991.0,27969.0,26991.0,27382.0,9743200,KBS
2023-10-13 07:00:00,27186.0,28066.0,27089.0,27822.0,8014000,KBS
2023-10-16 07:00:00,28311.0,29240.0,27773.0,28066.0,11817500,KBS
2023-10-17 07:00:00,28164.0,28213.0,26404.0,26404.0,7673400,KBS
2023-10-18 07:00:00,26795.0,27577.0,25768.0,27186.0,13617300,KBS
2023-10-19 07:00:00,27089.0,27675.0,26893.0,27186.0,7221800,KBS
2023-10-20 07:00:00,27382.0,27675.0,26062.0,27675.0,8846500,KBS
2023-10-23 07:00:00,27626.0,27626.0,26404.0,27284.0,6585600,KBS
2023-10-24 07:00:00,27186.0,27284.0,26453.0,26991.0,4362900,KBS
2023-10-25 07:00:00,26991.0,27186.0,26404.0,26404.0,4797900,KBS
2023-10-26 07:00:00,25573.0,25719.0,24595.0,24595.0,13804400,KBS
2023-10-27 07:00:00,24644.0,25524.0,24301.0,25230.0,7641800,KBS
2023-10-30 07:00:00,25426.0,26013.0,23959.0,23959.0,3226000,KBS
2023-10-31 07:00:00,24155.0,24253.0,22297.0,23030.0,10709100,KBS
2023-11-01 07:00:00,23030.0,24155.0,22590.0,24155.0,3897300,KBS
2023-11-02 07:00:00,24350.0,25328.0,24253.0,25084.0,4679100,KBS
2023-11-03 07:00:00,25279.0,25279.0,24595.0,25182.0,4243900,KBS
2023-11-06 07:00:00,25182.0,25377.0,24790.0,25279.0,3041200,KBS
2023-11-07 07:00:00,25279.0,26257.0,24888.0,25719.0,5312400,KBS
2023-11-08 07:00:00,25426.0,26746.0,25279.0,26746.0,5016700,KBS
2023-11-09 07:00:00,26453.0,26844.0,26208.0,26551.0,7637100,KBS
2023-11-10 07:00:00,26404.0,26893.0,26208.0,26208.0,5559700,KBS
2023-11-13 07:00:00,26306.0,26844.0,26159.0,26746.0,4844400,KBS
2023-11-14 07:00:00,27186.0,27186.0,26502.0,26795.0,3746100,KBS
2023-11-15 07:00:00,27089.0,27186.0,26355.0,26355.0,5037000,KBS
2023-11-16 07:00:00,26208.0,26697.0,26159.0,26697.0,2519200,KBS
2023-11-17 07:00:00,26600.0,26648.0,25426.0,25817.0,8466800,KBS
2023-11-20 07:00:00,25524.0,26355.0,25524.0,26111.0,2804700,KBS
2023-11-21 07:00:00,26502.0,27186.0,26208.0,27186.0,7375600,KBS
2023-11-22 07:00:00,27186.0,27186.0,26746.0,27089.0,3895600,KBS
2023-11-23 07:00:00,27089.0,27675.0,26013.0,26013.0,6999100,KBS
2023-11-24 07:00:00,26208.0,26404.0,25475.0,26404.0,4064500,KBS
2023-11-27 07:00:00,26551.0,26942.0,26111.0,26746.0,4919300,KBS
2023-11-28 07:00:00,26746.0,26844.0,26111.0,26697.0,2460100,KBS
2023-11-29 07:00:00,27089.0,28018.0,26795.0,27920.0,10971600,KBS
2023-11-30 07:00:00,27969.0,28213.0,27382.0,27382.0,5420200,KBS
2023-12-01 07:00:00,27577.0,28018.0,27235.0,27724.0,3944500,KBS
2023-12-04 07:00:00,28018.0,28360.0,27773.0,28164.0,6103400,KBS
2023-12-05 07:00:00,28164.0,29142.0,28066.0,28115.0,7871100,KBS
2023-12-06 07:00:00,28164.0,28507.0,27675.0,28458.0,5331400,KBS
2023-12-07 07:00:00,27969.0,28262.0,27089.0,27626.0,7681300,KBS
2023-12-08 07:00:00,27724.0,27871.0,27186.0,27871.0,3989900,KBS
2023-12-11 07:00:00,28262.0,28262.0,27675.0,27822.0,2235800,KBS
2023-12-12 07:00:00,27822.0,27969.0,27577.0,27920.0,2041000,KBS
2023-12-13 07:00:00,27920.0,27969.0,26453.0,26893.0,6997400,KBS
2023-12-14 07:00:00,27235.0,27235.0,26600.0,26600.0,2620500,KBS
2023-12-15 07:00:00,26795.0,26991.0,26404.0,26404.0,2754200,KBS
2023-12-18 07:00:00,26453.0,26746.0,26208.0,26404.0,1635100,KBS
2023-12-19 07:00:00,26404.0,26893.0,26404.0,26893.0,2665100,KBS
2023-12-20 07:00:00,26991.0,27382.0,26795.0,27382.0,2421600,KBS
2023-12-21 07:00:00,27089.0,27480.0,26991.0,27431.0,2161300,KBS
2023-12-22 07:00:00,27480.0,27529.0,27089.0,27186.0,1788600,KBS
2023-12-25 07:00:00,27284.0,27675.0,27186.0,27675.0,2634000,KBS
2023-12-26 07:00:00,27773.0,28018.0,27480.0,27480.0,1947600,KBS
2023-12-27 07:00:00,27773.0,27773.0,27431.0,27675.0,2028000,KBS
2023-12-28 07:00:00,27626.0,27675.0,27186.0,27382.0,2937400,KBS
2023-12-29 07:00:00,27284.0,27675.0,27235.0,27675.0,3265400,KBS
2024-01-02 07:00:00,27871.0,27871.0,27382.0,27382.0,2793300,KBS
2024-01-03 07:00:00,27333.0,27577.0,27235.0,27577.0,2960600,KBS
2024-01-04 07:00:00,27724.0,27920.0,27480.0,27480.0,4302700,KBS
2024-01-05 07:00:00,27577.0,27577.0,27186.0,27186.0,2793300,KBS
2024-01-08 07:00:00,27235.0,27382.0,26697.0,26746.0,5211800,KBS
2024-01-09 07:00:00,26648.0,26746.0,25915.0,26159.0,9948800,KBS
2024-01-10 07:00:00,26306.0,26453.0,26111.0,26355.0,4480600,KBS
2024-01-11 07:00:00,26502.0,26502.0,26013.0,26404.0,3921700,KBS
2024-01-12 07:00:00,26551.0,26600.0,26062.0,26306.0,5376400,KBS
2024-01-15 07:00:00,26404.0,26844.0,26404.0,26697.0,6363700,KBS
2024-01-16 07:00:00,26697.0,26893.0,26551.0,26893.0,2419600,KBS
2024-01-17 07:00:00,26991.0,27284.0,26844.0,26942.0,4607900,KBS
2024-01-18 07:00:00,26893.0,27040.0,26551.0,26746.0,3449700,KBS
2024-01-19 07:00:00,26893.0,26991.0,26648.0,26746.0,2119800,KBS
2024-01-22 07:00:00,26795.0,26893.0,26453.0,26648.0,2448100,KBS
2024-01-23 07:00:00,26697.0,27382.0,26697.0,27284.0,6998000,KBS
2024-01-24 07:00:00,27284.0,27333.0,26991.0,27089.0,1718900,KBS
2024-01-25 07:00:00,27040.0,27186.0,26746.0,26942.0,2061900,KBS
2024-01-26 07:00:00,27186.0,27284.0,27040.0,27040.0,2422800,KBS
2024-01-29 07:00:00,27186.0,27284.0,26942.0,26991.0,1617300,KBS
2024-01-30 07:00:00,27480.0,27675.0,27333.0,27333.0,5454700,KBS
2024-01-31 07:00:00,27431.0,27431.0,26746.0,26942.0,3896400,KBS
2024-02-01 07:00:00,27040.0,27284.0,26795.0,26942.0,2252900,KBS
2024-02-02 07:00:00,26991.0,27235.0,26844.0,27186.0,3316000,KBS
2024-02-05 07:00:00,27186.0,27822.0,27089.0,27626.0,6723300,KBS
2024-02-06 07:00:00,27724.0,28164.0,27675.0,28115.0,4908500,KBS
2024-02-07 07:00:00,28115.0,28360.0,27969.0,28115.0,3086600,KBS
2024-02-15 07:00:00,28213.0,28311.0,27773.0,27969.0,4521300,KBS
2024-02-16 07:00:00,28066.0,28213.0,27773.0,27871.0,4167100,KBS
2024-02-19 07:00:00,27871.0,28604.0,27871.0,28115.0,7262000,KBS
2024-02-20 07:00:00,28311.0,28458.0,27969.0,28066.0,3268200,KBS
2024-02-21 07:00:00,28066.0,28311.0,27773.0,27871.0,3493800,KBS
2024-02-22 07:00:00,27920.0,29191.0,27920.0,28653.0,10433600,KBS
2024-02-23 07:00:00,28751.0,28800.0,27480.0,27724.0,6007700,KBS
2024-02-26 07:00:00,27773.0,27822.0,26991.0,27480.0,6084300,KBS
2024-02-27 07:00:00,27675.0,28213.0,27382.0,28164.0,6459000,KBS
2024-02-28 07:00:00,28507.0,30120.0,28458.0,30120.0,22282100,KBS
2024-02-29 07:00:00,30218.0,30511.0,29680.0,30218.0,6362800,KBS
2024-03-01 07:00:00,30218.0,31196.0,29925.0,31098.0,7434600,KBS
2024-03-04 07:00:00,31294.0,31489.0,30462.0,30805.0,8859100,KBS
2024-03-05 07:00:00,30658.0,31294.0,30462.0,31049.0,5327700,KBS
2024-03-06 07:00:00,31000.0,31196.0,29827.0,30511.0,7314000,KBS
2024-03-07 07:00:00,30805.0,31489.0,30511.0,30902.0,6192500,KBS
2024-03-08 07:00:00,31000.0,31294.0,30120.0,30120.0,6983400,KBS
2024-03-11 07:00:00,30120.0,30120.0,29240.0,29387.0,8490400,KBS
2024-03-12 07:00:00,29533.0,29973.0,29387.0,29631.0,5784300,KBS
2024-03-13 07:00:00,29827.0,30707.0,29582.0,30658.0,7366400,KBS
2024-03-14 07:00:00,31098.0,32760.0,31000.0,32174.0,16354900,KBS
2024-03-15 07:00:00,32565.0,32858.0,31538.0,32076.0,5093000,KBS
2024-03-18 07:00:00,32272.0,32516.0,30071.0,30560.0,14286900,KBS
2024-03-19 07:00:00,30805.0,31685.0,30267.0,30756.0,7495100,KBS
2024-03-20 07:00:00,31049.0,31538.0,30805.0,31538.0,4752400,KBS
2024-03-21 07:00:00,31685.0,31880.0,31049.0,31636.0,8497400,KBS
2024-03-22 07:00:00,31636.0,31783.0,31147.0,31245.0,7423300,KBS
2024-03-25 07:00:00,31636.0,32174.0,30902.0,31049.0,7721300,KBS
2024-03-26 07:00:00,31098.0,31978.0,31049.0,31978.0,4067100,KBS
2024-03-27 07:00:00,32663.0,32663.0,31636.0,31783.0,5074200,KBS
2024-03-28 07:00:00,31880.0,31880.0,31440.0,31489.0,3869800,KBS
2024-03-29 07:00:00,31880.0,32565.0,31587.0,31636.0,6651700,KBS
2024-04-01 07:00:00,31685.0,32467.0,31587.0,32125.0,6560400,KBS
2024-04-02 07:00:00,32174.0,34130.0,31587.0,34130.0,15201400,KBS
2024-04-03 07:00:00,34130.0,34130.0,33152.0,33152.0,5738400,KBS
2024-04-04 07:00:00,33298.0,33690.0,32809.0,32809.0,7512600,KBS
2024-04-05 07:00:00,32809.0,33543.0,32076.0,32174.0,11495900,KBS
2024-04-08 07:00:00,32272.0,32760.0,31880.0,32174.0,5207500,KBS
2024-04-09 07:00:00,32272.0,32663.0,31978.0,32467.0,4375900,KBS
2024-04-10 07:00:00,32516.0,32565.0,31098.0,31098.0,10029200,KBS
2024-04-11 07:00:00,30902.0,31538.0,30707.0,31245.0,5663500,KBS
2024-04-12 07:00:00,31391.0,32076.0,31147.0,32076.0,3333100,KBS
2024-04-15 07:00:00,32516.0,32712.0,29876.0,29876.0,13390100,KBS
2024-04-16 07:00:00,29973.0,30218.0,28898.0,30120.0,9195100,KBS
2024-04-17 07:00:00,30316.0,30316.0,28702.0,28702.0,4591700,KBS
2024-04-19 07:00:00,28458.0,29631.0,28164.0,28653.0,7167600,KBS
2024-04-22 07:00:00,28898.0,29093.0,28507.0,28947.0,3089200,KBS
2024-04-23 07:00:00,29044.0,29044.0,27920.0,28458.0,5208000,KBS
2024-04-24 07:00:00,28555.0,29582.0,28507.0,29533.0,4396500,KBS
2024-04-25 07:00:00,29338.0,29582.0,28898.0,29240.0,2602300,KBS
2024-04-26 07:00:00,28849.0,29484.0,28849.0,29093.0,3120200,KBS
2024-05-02 07:00:00,29093.0,29240.0,28409.0,28898.0,2762300,KBS
2024-05-03 07:00:00,29044.0,29533.0,28947.0,29142.0,3730000,KBS
2024-05-06 07:00:00,29533.0,30071.0,29240.0,29925.0,4149600,KBS
2024-05-07 07:00:00,30120.0,30120.0,29729.0,29876.0,2860500,KBS
2024-05-08 07:00:00,29876.0,31685.0,29533.0,30902.0,9617700,KBS
2024-05-09 07:00:00,30951.0,31098.0,30413.0,31000.0,3498700,KBS
2024-05-10 07:00:00,30805.0,31831.0,30413.0,31440.0,7192200,KBS
2024-05-13 07:00:00,31587.0,31685.0,31000.0,31391.0,4038700,KBS
2024-05-14 07:00:00,31440.0,31489.0,30902.0,31196.0,2490900,KBS
2024-05-15 07:00:00,31245.0,31685.0,31049.0,31196.0,4134600,KBS
2024-05-16 07:00:00,31440.0,32223.0,31245.0,31880.0,10103000,KBS
2024-05-17 07:00:00,32076.0,32565.0,31831.0,31880.0,6441000,KBS
2024-05-20 07:00:00,32076.0,32272.0,31587.0,31636.0,5790400,KBS
2024-05-21 07:00:00,31636.0,32174.0,31440.0,32174.0,5570600,KBS
2024-05-22 07:00:00,32467.0,32712.0,31685.0,31783.0,6518300,KBS
2024-05-23 07:00:00,31880.0,32516.0,31587.0,32272.0,5996900,KBS
2024-05-24 07:00:00,31978.0,33152.0,30413.0,31000.0,11273600,KBS
2024-05-27 07:00:00,31294.0,31294.0,30707.0,31245.0,3728300,KBS
2024-05-28 07:00:00,31489.0,31636.0,31049.0,31391.0,4676100,KBS
2024-05-29 07:00:00,31489.0,31636.0,30609.0,30951.0,5738800,KBS
2024-05-30 07:00:00,30707.0,31294.0,30120.0,31294.0,6355400,KBS
2024-05-31 07:00:00,31245.0,31294.0,30805.0,30951.0,2664300,KBS
2024-06-03 07:00:00,31196.0,31587.0,31000.0,31587.0,5585400,KBS
2024-06-04 07:00:00,31685.0,32076.0,31489.0,31538.0,7653800,KBS
2024-06-05 07:00:00,31538.0,31880.0,31000.0,31000.0,4915000,KBS
2024-06-06 07:00:00,31147.0,31440.0,30707.0,31098.0,3585400,KBS
2024-06-07 07:00:00,31196.0,31440.0,30951.0,31000.0,3210200,KBS
2024-06-10 07:00:00,31098.0,31685.0,30951.0,31098.0,4982700,KBS
2024-06-11 07:00:00,31489.0,31587.0,31147.0,31391.0,4732800,KBS
2024-06-12 07:00:00,31636.0,32076.0,31587.0,31734.0,4996700,KBS
2024-06-13 07:00:00,32076.0,32076.0,31489.0,31489.0,3620800,KBS
2024-06-14 07:00:00,31636.0,31734.0,30511.0,30511.0,6359700,KBS
2024-06-17 07:00:00,30756.0,30805.0,30316.0,30365.0,4326700,KBS
2024-06-18 07:00:00,30902.0,30902.0,30560.0,30707.0,2455700,KBS
2024-06-19 07:00:00,30902.0,30902.0,30511.0,30756.0,2338100,KBS
2024-06-20 07:00:00,30854.0,31049.0,30462.0,30658.0,2079600,KBS
2024-06-21 07:00:00,30902.0,30951.0,30413.0,30756.0,2965100,KBS
2024-06-24 07:00:00,30707.0,30707.0,28947.0,28947.0,6942600,KBS
2024-06-25 07:00:00,29044.0,29338.0,28849.0,29240.0,2857400,KBS
2024-06-26 07:00:00,29142.0,29240.0,28555.0,29093.0,2898800,KBS
2024-06-27 07:00:00,29142.0,29142.0,28849.0,29093.0,1257800,KBS
2024-06-28 07:00:00,29142.0,29240.0,28164.0,28164.0,4460600,KBS
2024-07-01 07:00:00,28311.0,28751.0,28115.0,28751.0,1770100,KBS
2024-07-02 07:00:00,28898.0,29191.0,28702.0,29093.0,2334100,KBS
2024-07-03 07:00:00,29142.0,29436.0,28947.0,29338.0,1750100,KBS
2024-07-04 07:00:00,29289.0,29582.0,28995.0,29240.0,1826000,KBS
2024-07-05 07:00:00,29240.0,29387.0,28947.0,29240.0,1484200,KBS
2024-07-08 07:00:00,29338.0,29973.0,29240.0,29631.0,4669600,KBS
2024-07-09 07:00:00,29729.0,30071.0,29484.0,29876.0,2909600,KBS
2024-07-10 07:00:00,30022.0,30022.0,29338.0,29387.0,2580500,KBS
2024-07-11 07:00:00,29484.0,29631.0,29142.0,29142.0,1899100,KBS
2024-07-12 07:00:00,29338.0,29387.0,29044.0,29191.0,1797300,KBS
2024-07-15 07:00:00,29240.0,29338.0,28947.0,29093.0,2358000,KBS
2024-07-16 07:00:00,29191.0,29240.0,28898.0,29044.0,2326600,KBS
2024-07-17 07:00:00,29044.0,29044.0,27284.0,27871.0,5150800,KBS
2024-07-18 07:00:00,28164.0,28213.0,27284.0,28115.0,3569300,KBS
2024-07-19 07:00:00,28115.0,28164.0,27382.0,27431.0,2604100,KBS
2024-07-22 07:00:00,27431.0,27431.0,26551.0,26697.0,4951500,KBS
2024-07-23 07:00:00,26795.0,27382.0,26795.0,26844.0,3265600,KBS
2024-07-24 07:00:00,26844.0,27284.0,26404.0,26991.0,3613400,KBS
2024-07-25 07:00:00,26893.0,27137.0,26600.0,27089.0,1355300,KBS
2024-07-26 07:00:00,27284.0,27382.0,27040.0,27333.0,2440600,KBS
2024-07-29 07:00:00,27480.0,27529.0,26844.0,27137.0,2071400,KBS
2024-07-30 07:00:00,27089.0,27235.0,26697.0,26795.0,1799300,KBS
2024-07-31 07:00:00,26893.0,27577.0,26844.0,27089.0,2273200,KBS
2024-08-01 07:00:00,27284.0,27969.0,26795.0,27235.0,6717300,KBS
2024-08-02 07:00:00,27089.0,28262.0,26355.0,27284.0,3881200,KBS
2024-08-05 07:00:00,26893.0,27089.0,25377.0,25377.0,7587600,KBS
2024-08-06 07:00:00,25817.0,25866.0,24644.0,25768.0,4473700,KBS
2024-08-07 07:00:00,25817.0,25964.0,25230.0,25964.0,3229700,KBS
2024-08-08 07:00:00,25915.0,25915.0,25230.0,25573.0,3527400,KBS
2024-08-09 07:00:00,25768.0,26013.0,25377.0,26013.0,3706100,KBS
2024-08-12 07:00:00,26208.0,26306.0,25915.0,26257.0,1810500,KBS
2024-08-13 07:00:00,26306.0,26697.0,26013.0,26159.0,2574800,KBS
2024-08-14 07:00:00,26355.0,26355.0,25573.0,26111.0,2942200,KBS
2024-08-15 07:00:00,26013.0,26013.0,25524.0,25817.0,2648200,KBS
2024-08-16 07:00:00,26013.0,26697.0,25866.0,26600.0,4909200,KBS
2024-08-19 07:00:00,26697.0,26991.0,26648.0,26795.0,3404000,KBS
2024-08-20 07:00:00,26697.0,27089.0,26502.0,27040.0,4395700,KBS
2024-08-21 07:00:00,27235.0,27626.0,27186.0,27382.0,4878900,KBS
2024-08-22 07:00:00,27529.0,27529.0,26991.0,27186.0,4174000,KBS
2024-08-23 07:00:00,26942.0,27284.0,26942.0,27284.0,2481000,KBS
2024-08-26 07:00:00,27822.0,27822.0,26844.0,26991.0,5283600,KBS
2024-08-27 07:00:00,27089.0,27137.0,26795.0,26795.0,2891500,KBS
2024-08-28 07:00:00,26893.0,27137.0,26746.0,26991.0,2568900,KBS
2024-08-29 07:00:00,26991.0,27089.0,26648.0,26697.0,2919600,KBS
2024-08-30 07:00:00,26893.0,26893.0,26648.0,26844.0,1761700,KBS
2024-09-04 07:00:00,26355.0,26502.0,26062.0,26111.0,4934600,KBS
2024-09-05 07:00:00,26159.0,26355.0,25524.0,25671.0,2901900,KBS
2024-09-06 07:00:00,25817.0,26159.0,25524.0,26013.0,3236900,KBS
2024-09-09 07:00:00,25915.0,26502.0,25866.0,26208.0,2385600,KBS
2024-09-10 07:00:00,26404.0,26404.0,25719.0,26062.0,2353200,KBS
2024-09-11 07:00:00,25671.0,25915.0,25524.0,25817.0,2888200,KBS
2024-09-12 07:00:00,26111.0,26111.0,25573.0,25817.0,1598000,KBS
2024-09-13 07:00:00,25964.0,25964.0,25328.0,25426.0,3328900,KBS
2024-09-16 07:00:00,25426.0,25719.0,24546.0,24839.0,3597500,KBS
2024-09-17 07:00:00,24986.0,24986.0,24497.0,24839.0,3697600,KBS
2024-09-18 07:00:00,25035.0,25475.0,25035.0,25035.0,3050000,KBS
2024-09-19 07:00:00,25182.0,25377.0,25035.0,25182.0,2155700,KBS
2024-09-20 07:00:00,25328.0,26502.0,25328.0,26453.0,11017100,KBS
2024-09-23 07:00:00,26551.0,26600.0,26208.0,26257.0,2838300,KBS
2024-09-24 07:00:00,26306.0,26942.0,26208.0,26942.0,6765900,KBS
2024-09-25 07:00:00,27089.0,27089.0,26795.0,26991.0,4968300,KBS
2024-09-26 07:00:00,26991.0,27382.0,26551.0,27089.0,5720100,KBS
2024-09-27 07:00:00,26844.0,26893.0,26551.0,26648.0,3876100,KBS
2024-09-30 07:00:00,26844.0,27137.0,26600.0,27089.0,4697100,KBS
2024-10-01 07:00:00,27137.0,27235.0,26795.0,26795.0,4242900,KBS
2024-10-02 07:00:00,27137.0,27235.0,26942.0,26942.0,3877700,KBS
2024-10-03 07:00:00,27089.0,27186.0,26306.0,26648.0,4894500,KBS
2024-10-04 07:00:00,26795.0,27480.0,26697.0,27089.0,9041100,KBS
2024-10-07 07:00:00,27382.0,27577.0,27089.0,27333.0,2876900,KBS
2024-10-08 07:00:00,27577.0,27920.0,27186.0,27431.0,6923000,KBS
2024-10-09 07:00:00,27382.0,27382.0,26844.0,27089.0,4810900,KBS
2024-10-10 07:00:00,27089.0,27186.0,26697.0,26746.0,4092700,KBS
2024-10-11 07:00:00,26991.0,27137.0,26746.0,26942.0,2490400,KBS
2024-10-14 07:00:00,26942.0,26991.0,26502.0,26502.0,3957600,KBS
2024-10-15 07:00:00,26453.0,26551.0,25524.0,26013.0,7649300,KBS
2024-10-16 07:00:00,25964.0,26062.0,25671.0,25719.0,1705000,KBS
2024-10-17 07:00:00,25817.0,25964.0,25279.0,25964.0,3417100,KBS
2024-10-18 07:00:00,26013.0,26062.0,25671.0,25671.0,2185600,KBS
2024-10-21 07:00:00,25573.0,25671.0,25230.0,25230.0,3072500,KBS
2024-10-22 07:00:00,25279.0,25377.0,24937.0,25035.0,2652300,KBS
2024-10-23 07:00:00,25328.0,25426.0,24986.0,25279.0,1866600,KBS
2024-10-24 07:00:00,25377.0,25719.0,25328.0,25328.0,2752200,KBS
2024-10-25 07:00:00,25573.0,25573.0,25035.0,25084.0,2771800,KBS
2024-10-28 07:00:00,24839.0,25573.0,24839.0,25230.0,2076400,KBS
2024-10-29 07:00:00,25328.0,25426.0,25133.0,25182.0,1947600,KBS
2024-10-30 07:00:00,25230.0,25426.0,25035.0,25035.0,3256700,KBS
2024-10-31 07:00:00,25279.0,25328.0,25035.0,25084.0,1937300,KBS
2024-11-01 07:00:00,25133.0,25573.0,24986.0,25182.0,2817100,KBS
2024-11-04 07:00:00,25328.0,25328.0,24546.0,24644.0,3248000,KBS
2024-11-05 07:00:00,24742.0,24839.0,24546.0,24595.0,1978600,KBS
2024-11-06 07:00:00,24937.0,24937.0,24546.0,24790.0,2881100,KBS
2024-11-07 07:00:00,24888.0,25182.0,24839.0,24937.0,2454600,KBS
2024-11-08 07:00:00,25133.0,25377.0,24839.0,24937.0,3602600,KBS
2024-11-11 07:00:00,24986.0,25084.0,24546.0,24790.0,2404600,KBS
2024-11-12 07:00:00,24839.0,24888.0,23568.0,23666.0,9291000,KBS
2024-11-13 07:00:00,23666.0,23666.0,22688.0,23275.0,8253400,KBS
2024-11-14 07:00:00,23177.0,23226.0,22688.0,22688.0,2559800,KBS
2024-11-15 07:00:00,22590.0,23030.0,22492.0,22688.0,4622500,KBS
2024-11-18 07:00:00,22688.0,23030.0,22492.0,22883.0,2171800,KBS
2024-11-19 07:00:00,23128.0,23177.0,22590.0,22590.0,2323700,KBS
2024-11-20 07:00:00,22688.0,22981.0,22052.0,22688.0,3635000,KBS
2024-11-21 07:00:00,22786.0,23226.0,22639.0,23079.0,3000000,KBS
2024-11-22 07:00:00,22981.0,23421.0,22981.0,23030.0,2749600,KBS
2024-11-25 07:00:00,23177.0,23421.0,22981.0,23372.0,2507000,KBS
2024-11-26 07:00:00,23128.0,23421.0,22981.0,23324.0,2525300,KBS
2024-11-27 07:00:00,23226.0,23275.0,22981.0,22981.0,2135700,KBS
2024-11-28 07:00:00,23177.0,23470.0,22932.0,23079.0,2898100,KBS
2024-11-29 07:00:00,23226.0,23226.0,22981.0,23177.0,2020800,KBS
2024-12-02 07:00:00,23275.0,23275.0,22883.0,23030.0,2601800,KBS
2024-12-03 07:00:00,23079.0,23079.0,22737.0,22737.0,2670700,KBS
2024-12-04 07:00:00,22883.0,23079.0,22590.0,22639.0,2536100,KBS
2024-12-05 07:00:00,22639.0,23275.0,22492.0,23275.0,3564600,KBS
2024-12-06 07:00:00,23421.0,23764.0,23324.0,23470.0,3628700,KBS
2024-12-09 07:00:00,23470.0,23666.0,23470.0,23568.0,1810000,KBS
2024-12-10 07:00:00,23666.0,23666.0,23275.0,23372.0,2622900,KBS
2024-12-11 07:00:00,23372.0,23519.0,23177.0,23226.0,1796300,KBS
2024-12-12 07:00:00,23324.0,23568.0,23275.0,23421.0,2114800,KBS
2024-12-13 07:00:00,22786.0,23372.0,22786.0,23079.0,1570900,KBS
2024-12-16 07:00:00,23079.0,23470.0,23079.0,23372.0,2224600,KBS
2024-12-17 07:00:00,23372.0,23421.0,22835.0,22932.0,3156800,KBS
2024-12-18 07:00:00,22932.0,23812.0,22883.0,23617.0,3391600,KBS
2024-12-19 07:00:00,23275.0,23861.0,23128.0,23666.0,4597500,KBS
2024-12-20 07:00:00,23666.0,23666.0,23324.0,23372.0,2328700,KBS
2024-12-23 07:00:00,23470.0,23666.0,23177.0,23177.0,2342600,KBS
2024-12-24 07:00:00,23177.0,23275.0,22932.0,23079.0,2630000,KBS
2024-12-25 07:00:00,23226.0,23666.0,23226.0,23421.0,3549400,KBS
2024-12-26 07:00:00,23568.0,23959.0,23519.0,23519.0,3791000,KBS
2024-12-27 07:00:00,23617.0,23666.0,23128.0,23568.0,3087900,KBS
2024-12-30 07:00:00,23568.0,23568.0,23079.0,23177.0,2306200,KBS
2024-12-31 07:00:00,23226.0,23372.0,22883.0,22883.0,2082600,KBS
2025-01-02 07:00:00,22981.0,23128.0,22883.0,22932.0,1618100,KBS
2025-01-03 07:00:00,23128.0,23372.0,22883.0,22981.0,3512100,KBS
2025-01-06 07:00:00,23128.0,23275.0,22394.0,22443.0,3178300,KBS
2025-01-07 07:00:00,22492.0,22639.0,21465.0,21661.0,5499300,KBS
2025-01-08 07:00:00,21661.0,21906.0,21221.0,21661.0,3840400,KBS
2025-01-09 07:00:00,21710.0,21954.0,21661.0,21661.0,2175200,KBS
2025-01-10 07:00:00,21710.0,22297.0,21612.0,21661.0,3918200,KBS
2025-01-13 07:00:00,21954.0,22346.0,21954.0,22248.0,2567300,KBS
2025-01-14 07:00:00,22346.0,22394.0,21857.0,21906.0,1912900,KBS
2025-01-15 07:00:00,21906.0,22052.0,21612.0,21906.0,2454600,KBS
2025-01-16 07:00:00,22199.0,22394.0,21857.0,22052.0,2036700,KBS
2025-01-17 07:00:00,22150.0,22786.0,21954.0,22786.0,4046100,KBS
2025-01-20 07:00:00,22786.0,23079.0,22688.0,22932.0,2718000,KBS
2025-01-21 07:00:00,22932.0,23177.0,22639.0,22981.0,4150400,KBS
2025-01-22 07:00:00,22981.0,23079.0,22590.0,22639.0,2401200,KBS
2025-01-23 07:00:00,22590.0,23079.0,22590.0,23030.0,2008400,KBS
2025-01-24 07:00:00,23030.0,23079.0,22737.0,23079.0,2188800,KBS
2025-02-03 07:00:00,22981.0,22981.0,22443.0,22883.0,3914700,KBS
2025-02-04 07:00:00,22883.0,23079.0,22737.0,23079.0,2540300,KBS
2025-02-05 07:00:00,23226.0,23568.0,23128.0,23128.0,4008000,KBS
2025-02-06 07:00:00,23128.0,23470.0,23079.0,23226.0,3263400,KBS
2025-02-07 07:00:00,23226.0,23324.0,22932.0,23128.0,2017400,KBS
2025-02-10 07:00:00,23128.0,23177.0,22786.0,22883.0,2437000,KBS
2025-02-11 07:00:00,23030.0,23079.0,22639.0,22737.0,2310100,KBS
2025-02-12 07:00:00,22932.0,23079.0,22737.0,22932.0,2311600,KBS
2025-02-13 07:00:00,22932.0,23030.0,22737.0,22981.0,1799700,KBS
2025-02-14 07:00:00,23079.0,24106.0,23030.0,23715.0,11694600,KBS
2025-02-17 07:00:00,23715.0,24057.0,23519.0,23812.0,5677000,KBS
2025-02-18 07:00:00,23910.0,24057.0,23764.0,23861.0,3736300,KBS
2025-02-19 07:00:00,24008.0,24008.0,23764.0,23959.0,4571800,KBS
2025-02-20 07:00:00,24008.0,24253.0,23715.0,23812.0,4492300,KBS
2025-02-21 07:00:00,23812.0,23861.0,23519.0,23568.0,3416600,KBS
2025-02-24 07:00:00,23568.0,24057.0,23470.0,24057.0,4061300,KBS
2025-02-25 07:00:00,24204.0,24350.0,23959.0,24057.0,4015000,KBS
2025-02-26 07:00:00,24106.0,24106.0,23715.0,23715.0,3150000,KBS
2025-02-27 07:00:00,23715.0,24008.0,23470.0,24008.0,4265900,KBS
2025-02-28 07:00:00,24350.0,24644.0,24155.0,24204.0,7419600,KBS
2025-03-03 07:00:00,24204.0,24399.0,24057.0,24057.0,4120700,KBS
2025-03-04 07:00:00,24008.0,24204.0,23715.0,23812.0,3335600,KBS
2025-03-05 07:00:00,23910.0,23910.0,23324.0,23324.0,4501000,KBS
2025-03-06 07:00:00,23324.0,23372.0,22981.0,23177.0,5255200,KBS
2025-03-07 07:00:00,23372.0,23470.0,23177.0,23177.0,2771900,KBS
2025-03-10 07:00:00,23177.0,23470.0,23128.0,23324.0,3689700,KBS
2025-03-11 07:00:00,23177.0,23324.0,22835.0,23128.0,2907900,KBS
2025-03-12 07:00:00,23177.0,23519.0,23030.0,23177.0,4267800,KBS
2025-03-13 07:00:00,23275.0,23275.0,22883.0,22981.0,3317700,KBS
2025-03-14 07:00:00,22883.0,22981.0,22492.0,22541.0,6444500,KBS
2025-03-17 07:00:00,22639.0,22981.0,22492.0,22541.0,3668100,KBS
2025-03-18 07:00:00,22688.0,23275.0,22590.0,22932.0,5765100,KBS
2025-03-19 07:00:00,22932.0,22932.0,22639.0,22688.0,2463600,KBS
2025-03-20 07:00:00,22688.0,22932.0,22492.0,22737.0,2637100,KBS
2025-03-21 07:00:00,22883.0,23128.0,22590.0,22737.0,2601200,KBS
2025-03-24 07:00:00,22688.0,22737.0,22199.0,22297.0,5211000,KBS
2025-03-25 07:00:00,22492.0,22492.0,22297.0,22346.0,2602000,KBS
2025-03-26 07:00:00,22492.0,22835.0,22346.0,22443.0,3926000,KBS
2025-03-27 07:00:00,22443.0,22639.0,22248.0,22297.0,1737000,KBS
2025-03-28 07:00:00,22394.0,22541.0,22003.0,22003.0,3419200,KBS
2025-03-31 07:00:00,21612.0,21906.0,21368.0,21514.0,4898800,KBS
2025-04-01 07:00:00,21710.0,22101.0,21514.0,21710.0,2567700,KBS
2025-04-02 07:00:00,21808.0,22003.0,21563.0,21612.0,1803700,KBS
2025-04-03 07:00:00,20830.0,20830.0,20145.0,20145.0,5336800,KBS
2025-04-04 07:00:00,18776.0,18972.0,18776.0,18776.0,9631900,KBS
2025-04-08 07:00:00,17505.0,17896.0,17505.0,17505.0,3052800,KBS
2025-04-09 07:00:00,16282.0,16967.0,16282.0,16282.0,6222900,KBS
2025-04-10 07:00:00,17407.0,17407.0,17407.0,17407.0,1286000,KBS
2025-04-11 07:00:00,17407.0,17652.0,16771.0,17603.0,9241300,KBS
2025-04-14 07:00:00,17700.0,18581.0,17603.0,18483.0,5893800,KBS
2025-04-15 07:00:00,18434.0,18434.0,17211.0,17211.0,7232100,KBS
2025-04-16 07:00:00,17211.0,17700.0,16625.0,17358.0,5525100,KBS
2025-04-17 07:00:00,17114.0,17456.0,16918.0,17407.0,3175000,KBS
2025-04-18 07:00:00,17749.0,17847.0,17505.0,17554.0,4213200,KBS
2025-04-21 07:00:00,18189.0,18189.0,17211.0,17407.0,4246900,KBS
2025-04-22 07:00:00,17358.0,17358.0,16234.0,16527.0,10032600,KBS
2025-04-23 07:00:00,16918.0,17163.0,16674.0,17114.0,3625500,KBS
2025-04-24 07:00:00,17211.0,17798.0,17163.0,17407.0,5198500,KBS
2025-04-25 07:00:00,17505.0,17700.0,17260.0,17358.0,4633300,KBS
2025-04-28 07:00:00,17505.0,17700.0,17309.0,17358.0,2774600,KBS
2025-04-29 07:00:00,17407.0,17407.0,17065.0,17114.0,2850400,KBS
2025-05-05 07:00:00,17114.0,17260.0,16429.0,17260.0,5047100,KBS
2025-05-06 07:00:00,17358.0,18092.0,17358.0,17652.0,7367300,KBS
2025-05-07 07:00:00,17798.0,18189.0,17652.0,17847.0,6375600,KBS
2025-05-08 07:00:00,17945.0,18483.0,17652.0,18043.0,8213000,KBS
2025-05-09 07:00:00,18287.0,18287.0,17847.0,17896.0,4038200,KBS
2025-05-12 07:00:00,18043.0,18385.0,17896.0,18385.0,5592700,KBS
2025-05-13 07:00:00,18874.0,18874.0,18287.0,18336.0,5713200,KBS
2025-05-14 07:00:00,18434.0,18629.0,18287.0,18434.0,5059300,KBS
2025-05-15 07:00:00,18581.0,18629.0,18189.0,18532.0,4858900,KBS
2025-05-16 07:00:00,18483.0,18678.0,18287.0,18287.0,3477500,KBS
2025-05-19 07:00:00,18238.0,18434.0,17994.0,18043.0,4217900,KBS
2025-05-20 07:00:00,18043.0,18189.0,17896.0,18043.0,3149400,KBS
2025-05-21 07:00:00,18141.0,18189.0,17749.0,17945.0,4940800,KBS
2025-05-22 07:00:00,17407.0,17847.0,17407.0,17700.0,8981300,KBS
2025-05-23 07:00:00,17749.0,17798.0,17554.0,17603.0,2225400,KBS
2025-05-26 07:00:00,17700.0,18189.0,17309.0,18141.0,6291200,KBS
2025-05-27 07:00:00,18189.0,18483.0,18141.0,18483.0,7407200,KBS
2025-05-28 07:00:00,18776.0,19265.0,18629.0,18678.0,11254400,KBS
2025-05-29 07:00:00,18874.0,18972.0,18385.0,18385.0,5073600,KBS
2025-05-30 07:00:00,18385.0,18385.0,17945.0,17945.0,7022000,KBS
2025-06-02 07:00:00,18238.0,18874.0,17896.0,18727.0,8343100,KBS
2025-06-03 07:00:00,18972.0,19118.0,18629.0,18678.0,9065100,KBS
2025-06-04 07:00:00,18825.0,19314.0,18776.0,18972.0,12801300,KBS
2025-06-05 07:00:00,19021.0,19265.0,18629.0,18972.0,6217200,KBS
2025-06-06 07:00:00,18972.0,19754.0,18972.0,19070.0,14087000,KBS
2025-06-09 07:00:00,19167.0,19216.0,18678.0,18727.0,6073300,KBS
2025-06-10 07:00:00,18923.0,18923.0,18483.0,18581.0,5599800,KBS
2025-06-11 07:00:00,18727.0,18727.0,18385.0,18581.0,3961900,KBS
2025-06-12 07:00:00,19070.0,19363.0,18874.0,18923.0,11124800,KBS
2025-06-13 07:00:00,19705.0,20047.0,19558.0,19999.0,22474000,KBS
2025-06-16 07:00:00,21025.0,21368.0,20879.0,21368.0,20379100,KBS
2025-06-17 07:00:00,21368.0,21368.0,20439.0,20830.0,16905700,KBS
2025-06-18 07:00:00,21270.0,21368.0,20781.0,20879.0,10287900,KBS
2025-06-19 07:00:00,20928.0,21025.0,20390.0,20830.0,7840600,KBS
2025-06-20 07:00:00,21025.0,21123.0,20439.0,20585.0,6759000,KBS
2025-06-23 07:00:00,21710.0,21710.0,21221.0,21221.0,13361100,KBS
2025-06-24 07:00:00,20047.0,20390.0,19852.0,19999.0,16768200,KBS
2025-06-25 07:00:00,19950.0,20096.0,19607.0,19705.0,6713800,KBS
2025-06-26 07:00:00,19705.0,19803.0,19412.0,19558.0,5722100,KBS
2025-06-27 07:00:00,19607.0,19705.0,19314.0,19363.0,4635900,KBS
2025-06-30 07:00:00,19510.0,19754.0,19216.0,19607.0,5355000,KBS
2025-07-01 07:00:00,19754.0,19754.0,19314.0,19314.0,4925700,KBS
2025-07-02 07:00:00,19363.0,19461.0,19265.0,19314.0,4165500,KBS
2025-07-03 07:00:00,19510.0,19705.0,19314.0,19461.0,4220000,KBS
2025-07-04 07:00:00,19558.0,19803.0,19510.0,19705.0,4980100,KBS
2025-07-07 07:00:00,19754.0,19803.0,19558.0,19558.0,5089100,KBS
2025-07-08 07:00:00,19705.0,19901.0,19656.0,19901.0,6773800,KBS
2025-07-09 07:00:00,19950.0,20145.0,19803.0,19950.0,7313600,KBS
2025-07-10 07:00:00,20047.0,20439.0,19803.0,20243.0,8529700,KBS
2025-07-11 07:00:00,20243.0,20292.0,19852.0,19950.0,5693100,KBS
2025-07-14 07:00:00,20145.0,20194.0,19852.0,20047.0,4660600,KBS
2025-07-15 07:00:00,20047.0,20439.0,19950.0,19950.0,7967600,KBS
2025-07-16 07:00:00,19901.0,19999.0,19852.0,19950.0,4852100,KBS
2025-07-17 07:00:00,20047.0,20292.0,19901.0,19950.0,8881500,KBS
2025-07-18 07:00:00,20194.0,20634.0,19999.0,20390.0,14312900,KBS
2025-07-21 07:00:00,20634.0,20732.0,20096.0,20145.0,6056700,KBS
2025-07-22 07:00:00,20096.0,20243.0,19950.0,20047.0,5557400,KBS
2025-07-23 07:00:00,20243.0,20634.0,20047.0,20439.0,11777200,KBS
2025-07-24 07:00:00,20536.0,20830.0,20536.0,20781.0,9939400,KBS
2025-07-25 07:00:00,20928.0,21123.0,20634.0,20634.0,8947200,KBS
2025-07-28 07:00:00,20928.0,20976.0,20585.0,20976.0,10030800,KBS
2025-07-29 07:00:00,21417.0,21710.0,20732.0,20732.0,20015800,KBS
2025-07-30 07:00:00,21270.0,21270.0,20634.0,20683.0,6530300,KBS
2025-07-31 07:00:00,21221.0,21270.0,20585.0,20683.0,9117500,KBS
2025-08-01 07:00:00,20781.0,21221.0,20781.0,20830.0,7837600,KBS
2025-08-04 07:00:00,20732.0,20928.0,20536.0,20634.0,6901800,KBS
2025-08-05 07:00:00,20781.0,21025.0,20341.0,20488.0,12625200,KBS
2025-08-06 07:00:00,20439.0,21319.0,20439.0,21025.0,10741400,KBS
2025-08-07 07:00:00,21172.0,21319.0,20879.0,21025.0,6320300,KBS
2025-08-08 07:00:00,21172.0,22492.0,21172.0,22492.0,31358600,KBS
2025-08-11 07:00:00,22981.0,23275.0,22394.0,22492.0,11632500,KBS
2025-08-12 07:00:00,22639.0,22883.0,22150.0,22492.0,13624100,KBS
2025-08-13 07:00:00,22541.0,22590.0,21759.0,22248.0,15983900,KBS
2025-08-14 07:00:00,22297.0,22443.0,21954.0,22394.0,9514400,KBS
2025-08-15 07:00:00,22590.0,23226.0,22248.0,22248.0,15637700,KBS
2025-08-18 07:00:00,22492.0,22786.0,22199.0,22346.0,6766200,KBS
2025-08-19 07:00:00,22639.0,23128.0,22443.0,22443.0,8925000,KBS
2025-08-20 07:00:00,22492.0,22492.0,21123.0,21710.0,12728300,KBS
2025-08-21 07:00:00,22003.0,22003.0,21368.0,21368.0,7886400,KBS
2025-08-22 07:00:00,21172.0,21906.0,20732.0,20781.0,8883400,KBS
2025-08-25 07:00:00,20928.0,21074.0,20243.0,20292.0,5730200,KBS
2025-08-26 07:00:00,20536.0,20976.0,20390.0,20928.0,3205400,KBS
2025-08-27 07:00:00,21025.0,21319.0,20732.0,20928.0,6101100,KBS
2025-08-28 07:00:00,21025.0,21123.0,20781.0,21025.0,2185000,KBS
2025-08-29 07:00:00,21123.0,21221.0,20830.0,20830.0,4274900,KBS
2025-09-03 07:00:00,21123.0,21759.0,21074.0,21514.0,6582700,KBS
2025-09-04 07:00:00,21808.0,22199.0,21661.0,21954.0,8385700,KBS
2025-09-05 07:00:00,22101.0,22981.0,21906.0,22150.0,16992300,KBS
2025-09-08 07:00:00,22199.0,22786.0,21710.0,21710.0,10013400,KBS
2025-09-09 07:00:00,22052.0,22101.0,21319.0,21661.0,4467400,KBS
2025-09-10 07:00:00,21857.0,22394.0,21759.0,22199.0,6347200,KBS
2025-09-11 07:00:00,22297.0,22883.0,22101.0,22346.0,11681300,KBS
2025-09-12 07:00:00,22443.0,23666.0,22150.0,23372.0,21699100,KBS
2025-09-15 07:00:00,23812.0,23812.0,23177.0,23324.0,8797600,KBS
2025-09-16 07:00:00,23470.0,23959.0,23128.0,23324.0,12722600,KBS
2025-09-17 07:00:00,23568.0,23666.0,22981.0,22981.0,8722500,KBS
2025-09-18 07:00:00,22883.0,23030.0,22346.0,22492.0,7739600,KBS
2025-09-19 07:00:00,22590.0,22835.0,22248.0,22248.0,3918800,KBS
2025-09-22 07:00:00,22199.0,22346.0,21563.0,21563.0,9586300,KBS
2025-09-23 07:00:00,21857.0,22101.0,21710.0,22003.0,3192600,KBS
2025-09-24 07:00:00,22052.0,22346.0,21954.0,22248.0,3815400,KBS
2025-09-25 07:00:00,22443.0,22688.0,22394.0,22492.0,4782600,KBS
2025-09-26 07:00:00,22590.0,22688.0,22101.0,22150.0,4849400,KBS
2025-09-29 07:00:00,22297.0,22541.0,22003.0,22150.0,3724800,KBS
2025-09-30 07:00:00,22450.0,22450.0,21600.0,22050.0,4406400,KBS
2025-10-01 07:00:00,22100.0,22100.0,21650.0,21750.0,3364400,KBS
2025-10-02 07:00:00,21800.0,21850.0,21350.0,21450.0,3448600,KBS
2025-10-03 07:00:00,21200.0,21400.0,20700.0,20800.0,4952000,KBS
2025-10-06 07:00:00,21000.0,21400.0,20850.0,21400.0,2802500,KBS
2025-10-07 07:00:00,21550.0,21650.0,21000.0,21050.0,3020400,KBS
2025-10-08 07:00:00,21450.0,21500.0,21000.0,21350.0,2885700,KBS
2025-10-09 07:00:00,21400.0,22100.0,21250.0,21850.0,3997700,KBS
2025-10-10 07:00:00,21850.0,21950.0,21550.0,21600.0,3537900,KBS
2025-10-13 07:00:00,21100.0,21300.0,20800.0,21100.0,5828900,KBS
2025-10-14 07:00:00,21800.0,21800.0,20800.0,20800.0,4372600,KBS
2025-10-15 07:00:00,20850.0,21000.0,20450.0,20500.0,4688100,KBS
2025-10-16 07:00:00,20600.0,20850.0,20400.0,20500.0,4585100,KBS
2025-10-17 07:00:00,20400.0,20650.0,20000.0,20000.0,5699800,KBS
2025-10-20 07:00:00,20100.0,20350.0,18800.0,18900.0,5925100,KBS
2025-10-21 07:00:00,19000.0,20200.0,19000.0,19700.0,5771000,KBS
2025-10-22 07:00:00,19800.0,20150.0,19650.0,19800.0,3192100,KBS
2025-10-23 07:00:00,20400.0,20450.0,20050.0,20100.0,2232200,KBS
2025-10-24 07:00:00,20650.0,20800.0,20050.0,20150.0,4276500,KBS
2025-10-27 07:00:00,20300.0,20400.0,19900.0,20050.0,2371400,KBS
2025-10-28 07:00:00,20050.0,20250.0,19800.0,20150.0,2503300,KBS
2025-10-29 07:00:00,20300.0,20700.0,20200.0,20450.0,3295500,KBS
2025-10-30 07:00:00,20500.0,20700.0,20200.0,20250.0,2621000,KBS
2025-10-31 07:00:00,20700.0,21650.0,20400.0,21650.0,12775900,KBS
2025-11-03 07:00:00,22550.0,22850.0,21900.0,22150.0,15946200,KBS
2025-11-04 07:00:00,22100.0,23300.0,21300.0,22900.0,17022000,KBS
2025-11-05 07:00:00,22900.0,24500.0,22700.0,24250.0,32482600,KBS
2025-11-06 07:00:00,24250.0,25000.0,23800.0,24700.0,12743300,KBS
2025-11-07 07:00:00,24650.0,25700.0,24250.0,24700.0,19956500,KBS
2025-11-10 07:00:00,25450.0,25500.0,24300.0,24700.0,17161700,KBS
2025-11-11 07:00:00,24800.0,24900.0,23700.0,24500.0,8490400,KBS
2025-11-12 07:00:00,24500.0,24900.0,24100.0,24450.0,6848000,KBS
2025-11-13 07:00:00,24450.0,26150.0,24000.0,26150.0,31041700,KBS
2025-11-14 07:00:00,26300.0,27300.0,26250.0,26700.0,14954500,KBS
2025-11-17 07:00:00,26500.0,27300.0,26300.0,26700.0,7465300,KBS
2025-11-18 07:00:00,26650.0,26950.0,26100.0,26150.0,7405100,KBS
2025-11-19 07:00:00,26150.0,26900.0,26000.0,26050.0,7369300,KBS
2025-11-20 07:00:00,26050.0,26500.0,25750.0,26050.0,5273100,KBS
2025-11-21 07:00:00,25800.0,26100.0,24750.0,25750.0,10963200,KBS
2025-11-24 07:00:00,25700.0,25950.0,25250.0,25750.0,4303100,KBS
2025-11-25 07:00:00,25650.0,26700.0,25150.0,25700.0,9447500,KBS
2025-11-26 07:00:00,25800.0,26350.0,25550.0,26150.0,5148800,KBS
2025-11-27 07:00:00,26400.0,26900.0,25850.0,25900.0,10261600,KBS
2025-11-28 07:00:00,25950.0,27300.0,25950.0,26700.0,11724600,KBS
2025-12-01 07:00:00,27000.0,27000.0,26000.0,26000.0,5314400,KBS
2025-12-02 07:00:00,25900.0,26450.0,25750.0,26400.0,4833800,KBS
2025-12-03 07:00:00,26800.0,26900.0,26000.0,26050.0,4107800,KBS
2025-12-04 07:00:00,26100.0,27000.0,26050.0,26550.0,6656600,KBS
2025-12-05 07:00:00,26500.0,26550.0,26050.0,26050.0,4721700,KBS
2025-12-08 07:00:00,26050.0,26150.0,25200.0,25850.0,7863500,KBS
2025-12-09 07:00:00,25750.0,25750.0,24400.0,24450.0,10040700,KBS
2025-12-10 07:00:00,24450.0,25000.0,24000.0,24650.0,5114200,KBS
2025-12-11 07:00:00,24950.0,25100.0,24650.0,24700.0,3487000,KBS
2025-12-12 07:00:00,24700.0,24950.0,23600.0,23600.0,6824800,KBS
2025-12-15 07:00:00,23600.0,24200.0,23550.0,24200.0,4572400,KBS
2025-12-16 07:00:00,24300.0,25850.0,23750.0,25850.0,9197500,KBS
2025-12-17 07:00:00,25900.0,27650.0,25700.0,27000.0,20099900,KBS
2025-12-18 07:00:00,26950.0,27350.0,26450.0,27100.0,5658400,KBS
2025-12-19 07:00:00,27000.0,27900.0,27000.0,27600.0,10514800,KBS
2025-12-22 07:00:00,27700.0,28000.0,27050.0,27900.0,7418300,KBS
2025-12-23 07:00:00,27900.0,28450.0,27300.0,27450.0,8067200,KBS
2025-12-24 07:00:00,27450.0,27800.0,27100.0,27650.0,5739400,KBS
2025-12-25 07:00:00,27600.0,27950.0,26500.0,26500.0,5158900,KBS
2025-12-26 07:00:00,26450.0,27550.0,26450.0,27350.0,8528900,KBS
2025-12-29 07:00:00,27750.0,28700.0,27450.0,28500.0,10738900,KBS
2025-12-30 07:00:00,28500.0,28600.0,27650.0,28450.0,7041900,KBS
2025-12-31 07:00:00,28400.0,28750.0,27800.0,28350.0,7985900,KBS
2026-01-05 07:00:00,29000.0,29800.0,28200.0,29100.0,12825500,KBS
2026-01-06 07:00:00,29000.0,30200.0,28900.0,29600.0,9400200,KBS
2026-01-07 07:00:00,29350.0,30100.0,29050.0,30000.0,9708800,KBS
2026-01-08 07:00:00,30200.0,30950.0,29450.0,30400.0,17076400,KBS
2026-01-09 07:00:00,30400.0,31200.0,29500.0,29500.0,7788200,KBS
2026-01-12 07:00:00,29500.0,29750.0,27850.0,28400.0,14566900,KBS
2026-01-13 07:00:00,28500.0,30350.0,28450.0,30350.0,13447300,KBS
2026-01-14 07:00:00,30900.0,31500.0,29450.0,29700.0,11872800,KBS
2026-01-15 07:00:00,29450.0,29850.0,28600.0,29050.0,9502400,KBS
2026-01-16 07:00:00,29500.0,29600.0,28900.0,28900.0,7201500,KBS
2026-01-19 07:00:00,29000.0,29700.0,28650.0,29300.0,5055100,KBS
2026-01-20 07:00:00,29450.0,29450.0,28500.0,28500.0,6388200,KBS
2026-01-21 07:00:00,28500.0,29800.0,28200.0,29750.0,7161500,KBS
2026-01-22 07:00:00,30000.0,30200.0,28600.0,29100.0,6790800,KBS
2026-01-23 07:00:00,29300.0,29300.0,27300.0,27600.0,8017500,KBS
2026-01-26 07:00:00,28000.0,28500.0,26950.0,27400.0,10634600,KBS
2026-01-27 07:00:00,27800.0,29300.0,27400.0,29300.0,14281000,KBS
2026-01-28 07:00:00,30350.0,31350.0,29600.0,30500.0,17317200,KBS
2026-01-29 07:00:00,31000.0,31050.0,29550.0,30000.0,6735800,KBS
2026-01-30 07:00:00,30550.0,31700.0,30200.0,31000.0,13853100,KBS
2026-02-02 07:00:00,30950.0,33150.0,30400.0,33150.0,21425600,KBS
2026-02-03 07:00:00,33600.0,33900.0,33000.0,33000.0,11275700,KBS
2026-02-04 07:00:00,32650.0,33650.0,32500.0,33500.0,10564900,KBS
2026-02-05 07:00:00,33650.0,34350.0,32800.0,33550.0,11011500,KBS
2026-02-06 07:00:00,32800.0,34100.0,31300.0,32850.0,14503300,KBS
2026-02-09 07:00:00,33150.0,34000.0,32800.0,34000.0,6444700,KBS
2026-02-10 07:00:00,34050.0,34900.0,31650.0,32450.0,12323400,KBS
2026-02-11 07:00:00,32500.0,32600.0,31650.0,32600.0,7620000,KBS
2026-02-12 07:00:00,33150.0,33900.0,32850.0,33150.0,6104400,KBS
2026-02-13 07:00:00,33050.0,34150.0,32900.0,34150.0,5603400,KBS
2026-02-23 07:00:00,35400.0,36500.0,35050.0,36500.0,10959500,KBS
2026-02-24 07:00:00,36850.0,37350.0,36500.0,37000.0,7759800,KBS
2026-02-25 07:00:00,37200.0,37950.0,36200.0,36600.0,8069000,KBS
2026-02-26 07:00:00,36700.0,37400.0,35700.0,37400.0,9986000,KBS
2026-02-27 07:00:00,37550.0,39500.0,37300.0,38600.0,8039300,KBS
2026-03-02 07:00:00,41300.0,41300.0,41150.0,41300.0,10585300,KBS
2026-03-03 07:00:00,44150.0,44150.0,40500.0,44150.0,19742300,KBS
2026-03-04 07:00:00,45000.0,45500.0,41650.0,45000.0,15683700,KBS
2026-03-05 07:00:00,44300.0,44800.0,42000.0,42250.0,15787800,KBS
2026-03-06 07:00:00,42500.0,43100.0,41500.0,42300.0,10125600,KBS
2026-03-09 07:00:00,45250.0,45250.0,39350.0,39500.0,20058300,KBS
2026-03-10 07:00:00,37700.0,41000.0,36800.0,39550.0,10656200,KBS
2026-03-11 07:00:00,39300.0,41200.0,38000.0,41200.0,5064600,KBS
2026-03-12 07:00:00,41950.0,41950.0,40500.0,41250.0,3541900,KBS
2026-03-13 07:00:00,41000.0,42300.0,38400.0,40000.0,11034200,KBS
2026-03-16 07:00:00,40100.0,40100.0,37200.0,37200.0,9615900,KBS
2026-03-17 07:00:00,36650.0,37400.0,34600.0,34700.0,11514800,KBS
2026-03-18 07:00:00,34350.0,37100.0,34300.0,37100.0,6348700,KBS
2026-03-19 07:00:00,37550.0,37850.0,35500.0,36800.0,4156100,KBS
2026-03-20 07:00:00,36700.0,36800.0,34250.0,34250.0,8628300,KBS
2026-03-23 07:00:00,32600.0,34600.0,32600.0,34300.0,5832700,KBS
2026-03-24 07:00:00,34350.0,34550.0,32400.0,33500.0,5069600,KBS
2026-03-25 07:00:00,33500.0,35200.0,33500.0,34750.0,3336600,KBS
2026-03-26 07:00:00,34700.0,34750.0,33300.0,34700.0,4219300,KBS
2026-03-27 07:00:00,34800.0,36050.0,34750.0,35750.0,5186400,KBS
2026-03-30 07:00:00,36900.0,36950.0,36000.0,36200.0,4041300,KBS
2026-03-31 07:00:00,36450.0,36500.0,34400.0,34800.0,5738900,KBS
2026-04-01 07:00:00,34900.0,35750.0,34300.0,34800.0,4610200,KBS
2026-04-02 07:00:00,35000.0,35700.0,34000.0,34450.0,2618800,KBS
2026-04-03 07:00:00,35000.0,35000.0,33600.0,33600.0,3726800,KBS
2026-04-06 07:00:00,33200.0,33500.0,32200.0,32350.0,4552900,KBS
2026-04-07 07:00:00,32600.0,32800.0,31700.0,32250.0,3222100,KBS
2026-04-08 07:00:00,32750.0,33000.0,32050.0,32950.0,4670200,KBS
2026-04-09 07:00:00,33000.0,33100.0,31550.0,32400.0,4507200,KBS
2026-04-10 07:00:00,32250.0,34450.0,32150.0,33900.0,5162900,KBS
2026-04-13 07:00:00,34050.0,34800.0,33600.0,34100.0,2748300,KBS
2026-04-14 07:00:00,34150.0,34300.0,33200.0,33250.0,2677900,KBS
2026-04-15 07:00:00,33150.0,33500.0,32600.0,32850.0,3170500,KBS
2026-04-16 07:00:00,32850.0,33600.0,32750.0,32900.0,5827300,KBS
2026-04-17 07:00:00,33000.0,33450.0,32850.0,33300.0,2332500,KBS
2026-04-20 07:00:00,33400.0,33600.0,32850.0,32850.0,1833000,KBS
2026-04-21 07:00:00,32850.0,33300.0,32300.0,32500.0,2838400,KBS
2026-04-22 07:00:00,32600.0,32750.0,31850.0,31900.0,2633300,KBS
2026-04-23 07:00:00,31900.0,32250.0,30050.0,31650.0,4320600,KBS
2026-04-24 07:00:00,31900.0,32700.0,31350.0,31400.0,2700700,KBS
2026-04-28 07:00:00,31450.0,31450.0,29500.0,30500.0,5690300,KBS
2026-04-29 07:00:00,30000.0,31250.0,29900.0,31000.0,2151900,KBS
2026-05-04 07:00:00,32000.0,32800.0,31450.0,31750.0,2965800,KBS
2026-05-05 07:00:00,31750.0,33000.0,31050.0,33000.0,5127700,KBS
2026-05-06 07:00:00,33150.0,33300.0,32400.0,32500.0,4061600,KBS
2026-05-07 07:00:00,32450.0,33000.0,31400.0,31600.0,4438000,KBS
2026-05-08 07:00:00,31700.0,31900.0,30700.0,30800.0,3297300,KBS
2026-05-11 07:00:00,31000.0,31550.0,30500.0,31350.0,2751000,KBS
2026-05-12 07:00:00,31900.0,31900.0,30950.0,31850.0,3195200,KBS
2026-05-13 07:00:00,32000.0,34050.0,31600.0,33900.0,10681300,KBS
2026-05-14 07:00:00,34000.0,34200.0,32900.0,33250.0,4091200,KBS
2026-05-15 07:00:00,32850.0,34150.0,32800.0,33700.0,4020300,KBS
2026-05-18 07:00:00,34200.0,36050.0,34150.0,35800.0,12001200,KBS
2026-05-19 07:00:00,36000.0,36050.0,33300.0,33300.0,11497100,KBS
2026-05-20 07:00:00,32800.0,33800.0,31000.0,33400.0,6675700,KBS
2026-05-21 07:00:00,33200.0,33300.0,31800.0,32750.0,4159200,KBS
2026-05-22 07:00:00,32650.0,32650.0,31450.0,31550.0,4005400,KBS
2026-05-25 07:00:00,31000.0,31050.0,29850.0,30000.0,6027300,KBS
2026-05-26 07:00:00,30500.0,30750.0,30000.0,30150.0,2219300,KBS
2026-05-27 07:00:00,30300.0,30650.0,30050.0,30150.0,1344100,KBS
2026-05-28 07:00:00,30200.0,30650.0,29800.0,30000.0,2752500,KBS
2026-05-29 07:00:00,30000.0,30650.0,29650.0,30500.0,2560200,KBS
2026-06-01 07:00:00,30550.0,30850.0,30000.0,30000.0,1211400,KBS
2026-06-02 07:00:00,30300.0,30300.0,29000.0,29250.0,2088500,KBS
2026-06-03 07:00:00,29300.0,30000.0,29200.0,30000.0,1622000,KBS
2026-06-04 07:00:00,30250.0,31450.0,30000.0,30750.0,2489200,KBS
2026-06-05 07:00:00,30750.0,31200.0,30200.0,30700.0,1714300,KBS
