date,open,high,low,close,volume,_source
2020-01-02 07:00:00,2207.0,2265.0,2207.0,2265.0,220907,KBS
2020-01-03 07:00:00,2265.0,2265.0,2236.0,2236.0,267930,KBS
2020-01-06 07:00:00,2236.0,2236.0,2149.0,2207.0,342710,KBS
2020-01-07 07:00:00,2207.0,2236.0,2149.0,2207.0,353799,KBS
2020-01-08 07:00:00,2178.0,2178.0,2120.0,2120.0,201158,KBS
2020-01-09 07:00:00,2149.0,2178.0,2120.0,2149.0,260625,KBS
2020-01-10 07:00:00,2149.0,2236.0,2149.0,2207.0,578163,KBS
2020-01-13 07:00:00,2207.0,2236.0,2149.0,2207.0,275701,KBS
2020-01-14 07:00:00,2207.0,2207.0,2149.0,2178.0,283950,KBS
2020-01-15 07:00:00,2178.0,2178.0,2149.0,2178.0,165877,KBS
2020-01-16 07:00:00,2178.0,2207.0,2149.0,2207.0,614700,KBS
2020-01-17 07:00:00,2207.0,2207.0,2149.0,2178.0,262030,KBS
2020-01-20 07:00:00,2178.0,2178.0,2149.0,2178.0,308935,KBS
2020-01-21 07:00:00,2149.0,2207.0,2149.0,2149.0,544700,KBS
2020-01-22 07:00:00,2178.0,2207.0,2149.0,2178.0,365600,KBS
2020-01-30 07:00:00,2178.0,2178.0,2091.0,2120.0,332532,KBS
2020-01-31 07:00:00,2120.0,2120.0,2033.0,2062.0,435525,KBS
2020-02-03 07:00:00,2004.0,2033.0,1858.0,1975.0,1216612,KBS
2020-02-04 07:00:00,2004.0,2033.0,1888.0,1888.0,564130,KBS
2020-02-05 07:00:00,1917.0,1975.0,1888.0,1917.0,932570,KBS
2020-02-06 07:00:00,1946.0,2091.0,1917.0,2091.0,1095250,KBS
2020-02-07 07:00:00,2091.0,2091.0,2033.0,2062.0,672134,KBS
2020-02-10 07:00:00,2033.0,2062.0,2033.0,2062.0,884600,KBS
2020-02-11 07:00:00,1858.0,2091.0,1858.0,2062.0,403549,KBS
2020-02-12 07:00:00,2091.0,2120.0,2062.0,2120.0,414875,KBS
2020-02-13 07:00:00,2120.0,2120.0,2033.0,2091.0,427410,KBS
2020-02-14 07:00:00,2091.0,2091.0,2033.0,2091.0,218388,KBS
2020-02-17 07:00:00,2062.0,2091.0,2062.0,2091.0,131747,KBS
2020-02-18 07:00:00,2091.0,2091.0,2033.0,2062.0,272810,KBS
2020-02-19 07:00:00,2062.0,2062.0,2033.0,2062.0,402979,KBS
2020-02-20 07:00:00,2062.0,2091.0,2033.0,2091.0,258190,KBS
2020-02-21 07:00:00,2091.0,2091.0,2033.0,2091.0,541060,KBS
2020-02-24 07:00:00,2062.0,2062.0,1888.0,1888.0,580899,KBS
2020-02-25 07:00:00,1888.0,1946.0,1888.0,1946.0,1344925,KBS
2020-02-26 07:00:00,1917.0,2033.0,1771.0,2004.0,939484,KBS
2020-02-27 07:00:00,2004.0,2091.0,1975.0,2091.0,581729,KBS
2020-02-28 07:00:00,2062.0,2294.0,2004.0,2294.0,2391691,KBS
2020-03-02 07:00:00,2352.0,2497.0,2323.0,2381.0,2083975,KBS
2020-03-03 07:00:00,2497.0,2526.0,2410.0,2468.0,1878568,KBS
2020-03-04 07:00:00,2410.0,2439.0,2323.0,2439.0,1292165,KBS
2020-03-05 07:00:00,2439.0,2613.0,2410.0,2468.0,3266095,KBS
2020-03-06 07:00:00,2468.0,2526.0,2381.0,2468.0,1178796,KBS
2020-03-09 07:00:00,2381.0,2381.0,2236.0,2236.0,969721,KBS
2020-03-10 07:00:00,2062.0,2207.0,2033.0,2033.0,3736132,KBS
2020-03-11 07:00:00,2033.0,2149.0,1829.0,2033.0,1524642,KBS
2020-03-12 07:00:00,1975.0,1975.0,1829.0,1917.0,2409365,KBS
2020-03-13 07:00:00,1771.0,1946.0,1742.0,1917.0,2741255,KBS
2020-03-16 07:00:00,1917.0,1946.0,1800.0,1888.0,1192362,KBS
2020-03-17 07:00:00,1858.0,2033.0,1771.0,2033.0,1417098,KBS
2020-03-18 07:00:00,1888.0,2091.0,1888.0,1975.0,1051446,KBS
2020-03-19 07:00:00,1946.0,1975.0,1800.0,1946.0,1492440,KBS
2020-03-20 07:00:00,1858.0,1946.0,1858.0,1946.0,1032785,KBS
2020-03-23 07:00:00,1888.0,1888.0,1771.0,1771.0,1842531,KBS
2020-03-24 07:00:00,1684.0,1800.0,1684.0,1771.0,738401,KBS
2020-03-25 07:00:00,1800.0,1917.0,1800.0,1917.0,1091673,KBS
2020-03-26 07:00:00,1917.0,1917.0,1829.0,1858.0,851909,KBS
2020-03-27 07:00:00,1829.0,1829.0,1771.0,1800.0,675626,KBS
2020-03-30 07:00:00,1771.0,1800.0,1626.0,1626.0,1228550,KBS
2020-03-31 07:00:00,1655.0,1713.0,1568.0,1655.0,937446,KBS
2020-04-01 07:00:00,1597.0,1800.0,1597.0,1771.0,1090562,KBS
2020-04-03 07:00:00,1771.0,1888.0,1771.0,1888.0,1221274,KBS
2020-04-06 07:00:00,1888.0,2004.0,1888.0,2004.0,1644665,KBS
2020-04-07 07:00:00,2033.0,2062.0,1917.0,2004.0,1591173,KBS
2020-04-08 07:00:00,1975.0,2004.0,1888.0,2004.0,1200015,KBS
2020-04-09 07:00:00,2033.0,2178.0,2033.0,2178.0,2979432,KBS
2020-04-10 07:00:00,2236.0,2381.0,2236.0,2381.0,3898740,KBS
2020-04-13 07:00:00,2439.0,2613.0,2410.0,2613.0,2961793,KBS
2020-04-14 07:00:00,2788.0,2875.0,2468.0,2672.0,4487276,KBS
2020-04-15 07:00:00,2672.0,2788.0,2613.0,2672.0,2642486,KBS
2020-04-16 07:00:00,2672.0,2672.0,2584.0,2584.0,1743869,KBS
2020-04-17 07:00:00,2613.0,2672.0,2584.0,2584.0,2352910,KBS
2020-04-20 07:00:00,2584.0,2730.0,2352.0,2584.0,3708333,KBS
2020-04-21 07:00:00,2584.0,2584.0,2352.0,2352.0,3438266,KBS
2020-04-22 07:00:00,2207.0,2526.0,2178.0,2439.0,2436013,KBS
2020-04-23 07:00:00,2497.0,2526.0,2352.0,2352.0,1365187,KBS
2020-04-24 07:00:00,2352.0,2410.0,2294.0,2352.0,883765,KBS
2020-04-27 07:00:00,2352.0,2381.0,2265.0,2265.0,1320424,KBS
2020-04-28 07:00:00,2294.0,2294.0,2178.0,2265.0,956681,KBS
2020-04-29 07:00:00,2294.0,2323.0,2236.0,2323.0,614600,KBS
2020-05-04 07:00:00,2323.0,2555.0,2265.0,2294.0,647090,KBS
2020-05-05 07:00:00,2294.0,2323.0,2265.0,2294.0,737510,KBS
2020-05-06 07:00:00,2323.0,2352.0,2265.0,2352.0,1323172,KBS
2020-05-07 07:00:00,2323.0,2497.0,2323.0,2497.0,1644398,KBS
2020-05-08 07:00:00,2468.0,2613.0,2468.0,2555.0,1830317,KBS
2020-05-11 07:00:00,2555.0,2613.0,2526.0,2555.0,1322730,KBS
2020-05-12 07:00:00,2555.0,2555.0,2468.0,2526.0,1098197,KBS
2020-05-13 07:00:00,2555.0,2730.0,2468.0,2672.0,2838012,KBS
2020-05-14 07:00:00,2672.0,2759.0,2613.0,2701.0,1996641,KBS
2020-05-15 07:00:00,2759.0,2759.0,2584.0,2613.0,2421293,KBS
2020-05-18 07:00:00,2613.0,2672.0,2468.0,2613.0,2557985,KBS
2020-05-19 07:00:00,2584.0,2701.0,2555.0,2555.0,2556800,KBS
2020-05-20 07:00:00,2555.0,2584.0,2497.0,2555.0,1713327,KBS
2020-05-21 07:00:00,2555.0,2584.0,2468.0,2526.0,2602360,KBS
2020-05-22 07:00:00,2526.0,2643.0,2497.0,2555.0,1567130,KBS
2020-05-25 07:00:00,2584.0,2613.0,2555.0,2613.0,1422144,KBS
2020-05-26 07:00:00,2613.0,2730.0,2584.0,2701.0,3239464,KBS
2020-05-27 07:00:00,2730.0,2730.0,2613.0,2613.0,2253236,KBS
2020-05-28 07:00:00,2613.0,2643.0,2584.0,2584.0,1254790,KBS
2020-05-29 07:00:00,2584.0,2613.0,2497.0,2555.0,2017501,KBS
2020-06-01 07:00:00,2555.0,2643.0,2555.0,2584.0,2254082,KBS
2020-06-02 07:00:00,2643.0,2672.0,2584.0,2613.0,3210787,KBS
2020-06-03 07:00:00,2613.0,2846.0,2613.0,2817.0,3888471,KBS
2020-06-04 07:00:00,2875.0,3078.0,2846.0,3078.0,5346944,KBS
2020-06-05 07:00:00,3252.0,3369.0,3165.0,3369.0,8884319,KBS
2020-06-08 07:00:00,3485.0,3688.0,3427.0,3688.0,6306167,KBS
2020-06-09 07:00:00,3775.0,4036.0,3514.0,3949.0,4561366,KBS
2020-06-10 07:00:00,3949.0,3949.0,3688.0,3775.0,3071667,KBS
2020-06-11 07:00:00,3775.0,3891.0,3398.0,3398.0,4918267,KBS
2020-06-12 07:00:00,3194.0,3717.0,3107.0,3717.0,4320140,KBS
2020-06-15 07:00:00,3775.0,3891.0,3514.0,3572.0,2891536,KBS
2020-06-16 07:00:00,3630.0,3775.0,3630.0,3659.0,2419970,KBS
2020-06-17 07:00:00,3659.0,3920.0,3659.0,3688.0,3474910,KBS
2020-06-18 07:00:00,3688.0,3717.0,3572.0,3630.0,1697638,KBS
2020-06-19 07:00:00,3659.0,3775.0,3659.0,3717.0,1898846,KBS
2020-06-22 07:00:00,3746.0,3891.0,3746.0,3775.0,3408413,KBS
2020-06-23 07:00:00,3659.0,4153.0,3659.0,4007.0,5140305,KBS
2020-06-24 07:00:00,4007.0,4036.0,3775.0,3804.0,2340365,KBS
2020-06-25 07:00:00,3717.0,3833.0,3659.0,3833.0,2369175,KBS
2020-06-26 07:00:00,3862.0,3891.0,3688.0,3717.0,2456046,KBS
2020-06-29 07:00:00,3688.0,3688.0,3369.0,3427.0,3554815,KBS
2020-06-30 07:00:00,3514.0,3572.0,3281.0,3427.0,2945980,KBS
2020-07-01 07:00:00,3456.0,3688.0,3398.0,3688.0,2080656,KBS
2020-07-02 07:00:00,3688.0,3717.0,3630.0,3659.0,1510085,KBS
2020-07-03 07:00:00,3659.0,3717.0,3601.0,3630.0,1102947,KBS
2020-07-06 07:00:00,3659.0,3717.0,3601.0,3688.0,1622939,KBS
2020-07-07 07:00:00,3688.0,3775.0,3688.0,3717.0,1787349,KBS
2020-07-08 07:00:00,3717.0,3717.0,3659.0,3717.0,1017567,KBS
2020-07-09 07:00:00,3717.0,3775.0,3688.0,3775.0,1582498,KBS
2020-07-10 07:00:00,3775.0,3920.0,3746.0,3833.0,2683542,KBS
2020-07-13 07:00:00,3833.0,3891.0,3775.0,3833.0,1179418,KBS
2020-07-14 07:00:00,3833.0,3978.0,3775.0,3949.0,3175311,KBS
2020-07-15 07:00:00,4036.0,4036.0,3920.0,3920.0,1906121,KBS
2020-07-16 07:00:00,3920.0,3978.0,3920.0,3978.0,1898061,KBS
2020-07-17 07:00:00,3978.0,4036.0,3949.0,4007.0,1943238,KBS
2020-07-20 07:00:00,4007.0,4007.0,3862.0,3891.0,3084260,KBS
2020-07-21 07:00:00,3920.0,3978.0,3862.0,3920.0,2312239,KBS
2020-07-22 07:00:00,4016.0,4048.0,3761.0,3793.0,2041076,KBS
2020-07-23 07:00:00,3825.0,3825.0,3602.0,3665.0,1857373,KBS
2020-07-24 07:00:00,3665.0,3665.0,3315.0,3315.0,6145452,KBS
2020-07-27 07:00:00,3060.0,3187.0,2996.0,2996.0,5515757,KBS
2020-07-28 07:00:00,2932.0,3283.0,2932.0,3283.0,2994731,KBS
2020-07-29 07:00:00,3283.0,3283.0,2964.0,3251.0,3475307,KBS
2020-07-30 07:00:00,3251.0,3283.0,3155.0,3219.0,1604987,KBS
2020-07-31 07:00:00,3155.0,3219.0,3092.0,3123.0,1781310,KBS
2020-08-03 07:00:00,3060.0,3251.0,3060.0,3219.0,2163269,KBS
2020-08-04 07:00:00,3251.0,3378.0,3251.0,3315.0,2247435,KBS
2020-08-05 07:00:00,3347.0,3378.0,3251.0,3347.0,1741374,KBS
2020-08-06 07:00:00,3347.0,3347.0,3251.0,3283.0,1643260,KBS
2020-08-07 07:00:00,3283.0,3347.0,3251.0,3283.0,1477492,KBS
2020-08-10 07:00:00,3315.0,3442.0,3315.0,3347.0,2104110,KBS
2020-08-11 07:00:00,3347.0,3442.0,3315.0,3410.0,2459509,KBS
2020-08-12 07:00:00,3410.0,3474.0,3347.0,3378.0,1744070,KBS
2020-08-13 07:00:00,3378.0,3474.0,3378.0,3410.0,2104337,KBS
2020-08-14 07:00:00,3442.0,3506.0,3378.0,3410.0,2628266,KBS
2020-08-17 07:00:00,3410.0,3410.0,3347.0,3410.0,1967937,KBS
2020-08-18 07:00:00,3410.0,3442.0,3378.0,3378.0,816144,KBS
2020-08-19 07:00:00,3378.0,3633.0,3378.0,3570.0,4481588,KBS
2020-08-20 07:00:00,3570.0,3570.0,3474.0,3474.0,1431518,KBS
2020-08-21 07:00:00,3474.0,3570.0,3474.0,3538.0,1648164,KBS
2020-08-24 07:00:00,3570.0,3633.0,3570.0,3602.0,2235971,KBS
2020-08-25 07:00:00,3602.0,3665.0,3570.0,3602.0,2840894,KBS
2020-08-26 07:00:00,3602.0,3761.0,3602.0,3665.0,3445103,KBS
2020-08-27 07:00:00,3665.0,3697.0,3633.0,3697.0,1329713,KBS
2020-08-28 07:00:00,3697.0,3793.0,3665.0,3665.0,3319986,KBS
2020-08-31 07:00:00,3665.0,3697.0,3506.0,3570.0,2505119,KBS
2020-09-01 07:00:00,3538.0,3633.0,3538.0,3602.0,1079127,KBS
2020-09-03 07:00:00,3602.0,3665.0,3474.0,3602.0,2107025,KBS
2020-09-04 07:00:00,3602.0,3729.0,3506.0,3697.0,4543084,KBS
2020-09-07 07:00:00,3697.0,3761.0,3633.0,3633.0,2371548,KBS
2020-09-08 07:00:00,3633.0,3665.0,3570.0,3633.0,2272121,KBS
2020-09-09 07:00:00,3602.0,3633.0,3538.0,3633.0,2858998,KBS
2020-09-10 07:00:00,3665.0,3697.0,3602.0,3633.0,1566980,KBS
2020-09-11 07:00:00,3633.0,3729.0,3570.0,3697.0,4315728,KBS
2020-09-14 07:00:00,3697.0,3697.0,3633.0,3665.0,2669368,KBS
2020-09-15 07:00:00,3697.0,3888.0,3665.0,3825.0,6718580,KBS
2020-09-16 07:00:00,3825.0,3856.0,3761.0,3761.0,2988871,KBS
2020-09-17 07:00:00,3761.0,3793.0,3729.0,3761.0,1782827,KBS
2020-09-18 07:00:00,3793.0,3825.0,3729.0,3793.0,2720334,KBS
2020-09-21 07:00:00,3825.0,3920.0,3793.0,3793.0,4247078,KBS
2020-09-22 07:00:00,3856.0,3856.0,3761.0,3825.0,2394103,KBS
2020-09-23 07:00:00,3825.0,3888.0,3825.0,3856.0,3087684,KBS
2020-09-24 07:00:00,3825.0,3856.0,3761.0,3793.0,2518960,KBS
2020-09-25 07:00:00,3793.0,3825.0,3697.0,3793.0,2531251,KBS
2020-09-28 07:00:00,3793.0,3920.0,3793.0,3888.0,3361173,KBS
2020-09-29 07:00:00,3888.0,3952.0,3793.0,3793.0,2811934,KBS
2020-09-30 07:00:00,3793.0,3856.0,3761.0,3825.0,1718781,KBS
2020-10-01 07:00:00,3825.0,4175.0,3825.0,4080.0,7761398,KBS
2020-10-02 07:00:00,4080.0,4207.0,3920.0,4048.0,5668965,KBS
2020-10-05 07:00:00,4048.0,4207.0,4048.0,4143.0,3896823,KBS
2020-10-06 07:00:00,4175.0,4239.0,4080.0,4111.0,3878256,KBS
2020-10-07 07:00:00,4111.0,4143.0,4016.0,4016.0,3818433,KBS
2020-10-08 07:00:00,4048.0,4111.0,4016.0,4080.0,3687479,KBS
2020-10-09 07:00:00,4080.0,4207.0,4080.0,4207.0,4124252,KBS
2020-10-12 07:00:00,4207.0,4366.0,4207.0,4271.0,5534604,KBS
2020-10-13 07:00:00,4271.0,4271.0,4175.0,4207.0,2051981,KBS
2020-10-14 07:00:00,4207.0,4303.0,4207.0,4271.0,2917707,KBS
2020-10-15 07:00:00,4271.0,4398.0,4271.0,4335.0,3796280,KBS
2020-10-16 07:00:00,4335.0,4398.0,4271.0,4335.0,2416114,KBS
2020-10-19 07:00:00,4335.0,4430.0,4303.0,4335.0,2422742,KBS
2020-10-20 07:00:00,4303.0,4366.0,4271.0,4366.0,2403740,KBS
2020-10-21 07:00:00,4398.0,4526.0,4271.0,4271.0,6714024,KBS
2020-10-22 07:00:00,4271.0,4303.0,4207.0,4303.0,3344722,KBS
2020-10-23 07:00:00,4303.0,4366.0,4271.0,4303.0,1706073,KBS
2020-10-26 07:00:00,4303.0,4366.0,4207.0,4207.0,2730010,KBS
2020-10-27 07:00:00,4207.0,4239.0,4048.0,4080.0,3628588,KBS
2020-10-28 07:00:00,4048.0,4111.0,3888.0,3888.0,4057557,KBS
2020-10-29 07:00:00,3825.0,3984.0,3793.0,3952.0,3025275,KBS
2020-10-30 07:00:00,3952.0,4016.0,3856.0,3920.0,1870965,KBS
2020-11-02 07:00:00,3952.0,3952.0,3888.0,3952.0,1195517,KBS
2020-11-03 07:00:00,3984.0,4080.0,3984.0,4080.0,2175311,KBS
2020-11-04 07:00:00,4080.0,4207.0,4048.0,4207.0,2357949,KBS
2020-11-05 07:00:00,4207.0,4207.0,4111.0,4111.0,1689200,KBS
2020-11-06 07:00:00,4111.0,4175.0,4080.0,4143.0,1779646,KBS
2020-11-09 07:00:00,4143.0,4239.0,4143.0,4239.0,2141314,KBS
2020-11-10 07:00:00,4303.0,4430.0,4239.0,4335.0,4451976,KBS
2020-11-11 07:00:00,4335.0,4398.0,4239.0,4271.0,1944131,KBS
2020-11-12 07:00:00,4303.0,4335.0,4239.0,4303.0,1459776,KBS
2020-11-13 07:00:00,4303.0,4366.0,4303.0,4335.0,2293885,KBS
2020-11-16 07:00:00,4366.0,4462.0,4303.0,4303.0,3495443,KBS
2020-11-17 07:00:00,4303.0,4398.0,4303.0,4398.0,2489475,KBS
2020-11-18 07:00:00,4398.0,4621.0,4398.0,4558.0,9540781,KBS
2020-11-19 07:00:00,4558.0,4558.0,4494.0,4558.0,2351782,KBS
2020-11-20 07:00:00,4558.0,4621.0,4494.0,4526.0,2378470,KBS
2020-11-23 07:00:00,4558.0,4621.0,4462.0,4590.0,4206103,KBS
2020-11-24 07:00:00,4590.0,4621.0,4430.0,4558.0,3724935,KBS
2020-11-25 07:00:00,4526.0,4590.0,4494.0,4558.0,2357838,KBS
2020-11-26 07:00:00,4558.0,4558.0,4398.0,4558.0,2180191,KBS
2020-11-27 07:00:00,4590.0,4621.0,4526.0,4590.0,3577328,KBS
2020-11-30 07:00:00,4621.0,4685.0,4558.0,4558.0,3843074,KBS
2020-12-01 07:00:00,4526.0,4621.0,4430.0,4621.0,3458745,KBS
2020-12-02 07:00:00,4621.0,4813.0,4558.0,4717.0,6469306,KBS
2020-12-03 07:00:00,4749.0,4781.0,4685.0,4749.0,3719322,KBS
2020-12-04 07:00:00,4749.0,4781.0,4685.0,4685.0,2765717,KBS
2020-12-07 07:00:00,4685.0,4749.0,4685.0,4749.0,2681483,KBS
2020-12-08 07:00:00,4781.0,5036.0,4749.0,4940.0,5003949,KBS
2020-12-09 07:00:00,5036.0,5036.0,4940.0,5004.0,5187415,KBS
2020-12-10 07:00:00,5036.0,5036.0,4845.0,4845.0,5025841,KBS
2020-12-11 07:00:00,4845.0,4908.0,4781.0,4845.0,3350613,KBS
2020-12-14 07:00:00,4876.0,5291.0,4876.0,5195.0,6221062,KBS
2020-12-15 07:00:00,5131.0,5323.0,5100.0,5195.0,5341176,KBS
2020-12-16 07:00:00,5195.0,5291.0,5195.0,5259.0,3820924,KBS
2020-12-17 07:00:00,5227.0,5291.0,5163.0,5163.0,5060545,KBS
2020-12-18 07:00:00,5163.0,5578.0,5163.0,5514.0,6702468,KBS
2020-12-21 07:00:00,5578.0,6056.0,5546.0,6056.0,8213390,KBS
2020-12-22 07:00:00,6056.0,6311.0,5960.0,6119.0,5854572,KBS
2020-12-23 07:00:00,6119.0,6183.0,5928.0,6056.0,7599327,KBS
2020-12-24 07:00:00,6056.0,6056.0,5546.0,5992.0,9564758,KBS
2020-12-25 07:00:00,5992.0,6566.0,5960.0,6566.0,8346189,KBS
2020-12-28 07:00:00,6693.0,7203.0,6693.0,7203.0,6463958,KBS
2020-12-29 07:00:00,7203.0,7713.0,7203.0,7586.0,4931923,KBS
2020-12-30 07:00:00,7490.0,7554.0,7299.0,7362.0,4557004,KBS
2020-12-31 07:00:00,7362.0,8095.0,7331.0,7968.0,8105097,KBS
2021-01-04 07:00:00,7968.0,8574.0,7968.0,8350.0,3812379,KBS
2021-01-05 07:00:00,8350.0,8446.0,8191.0,8382.0,3566640,KBS
2021-01-06 07:00:00,8414.0,8542.0,8064.0,8382.0,4794331,KBS
2021-01-07 07:00:00,8382.0,8701.0,8287.0,8510.0,3540445,KBS
2021-01-08 07:00:00,8510.0,8605.0,8382.0,8510.0,3892965,KBS
2021-01-11 07:00:00,8542.0,8637.0,8319.0,8350.0,4108307,KBS
2021-01-12 07:00:00,8319.0,8574.0,8032.0,8510.0,8138772,KBS
2021-01-13 07:00:00,8510.0,8733.0,8478.0,8542.0,3684371,KBS
2021-01-14 07:00:00,8574.0,9370.0,8542.0,9370.0,7498326,KBS
2021-01-15 07:00:00,9434.0,10103.0,9434.0,9880.0,4906463,KBS
2021-01-18 07:00:00,9880.0,10199.0,9562.0,9657.0,4307944,KBS
2021-01-19 07:00:00,9562.0,9721.0,8701.0,9530.0,11087746,KBS
2021-01-20 07:00:00,9562.0,9593.0,8956.0,9593.0,5078107,KBS
2021-01-21 07:00:00,9817.0,10040.0,9466.0,9530.0,7725288,KBS
2021-01-22 07:00:00,9721.0,9721.0,9370.0,9370.0,4517633,KBS
2021-01-25 07:00:00,9370.0,9434.0,8829.0,8829.0,8276177,KBS
2021-01-26 07:00:00,8829.0,8829.0,7968.0,7968.0,10097855,KBS
2021-01-27 07:00:00,8000.0,8000.0,7171.0,7203.0,8381421,KBS
2021-01-28 07:00:00,6852.0,7076.0,6502.0,6502.0,6970232,KBS
2021-01-29 07:00:00,5864.0,7139.0,5864.0,7139.0,6621802,KBS
2021-02-01 07:00:00,7171.0,7458.0,6597.0,6725.0,6204330,KBS
2021-02-02 07:00:00,6725.0,7235.0,6566.0,7235.0,4733443,KBS
2021-02-03 07:00:00,7394.0,7936.0,7299.0,7904.0,8010534,KBS
2021-02-04 07:00:00,7968.0,8255.0,7681.0,7904.0,4389883,KBS
2021-02-05 07:00:00,7904.0,8159.0,7840.0,8064.0,5007011,KBS
2021-02-08 07:00:00,8064.0,8446.0,7267.0,7649.0,8851621,KBS
2021-02-09 07:00:00,7458.0,8095.0,7012.0,8064.0,4240864,KBS
2021-02-17 07:00:00,8127.0,8414.0,8032.0,8319.0,5567326,KBS
2021-02-18 07:00:00,8319.0,8414.0,7968.0,8223.0,6780889,KBS
2021-02-19 07:00:00,8223.0,8319.0,8000.0,8191.0,4892502,KBS
2021-02-22 07:00:00,8191.0,8414.0,8127.0,8191.0,6552134,KBS
2021-02-23 07:00:00,8223.0,8510.0,8095.0,8319.0,9045862,KBS
2021-02-24 07:00:00,8510.0,8765.0,8287.0,8510.0,11917772,KBS
2021-02-25 07:00:00,8605.0,8829.0,8478.0,8637.0,5172586,KBS
2021-02-26 07:00:00,8574.0,8574.0,8319.0,8574.0,6939065,KBS
2021-03-01 07:00:00,8733.0,8988.0,8542.0,8924.0,10541419,KBS
2021-03-02 07:00:00,8956.0,9115.0,8797.0,8924.0,6505836,KBS
2021-03-03 07:00:00,8924.0,8924.0,8733.0,8829.0,5136873,KBS
2021-03-04 07:00:00,8765.0,8860.0,8191.0,8605.0,11123497,KBS
2021-03-05 07:00:00,8605.0,8924.0,8255.0,8765.0,8627577,KBS
2021-03-08 07:00:00,8765.0,9083.0,8765.0,8797.0,8265035,KBS
2021-03-09 07:00:00,8797.0,8829.0,8574.0,8574.0,5654436,KBS
2021-03-10 07:00:00,8574.0,8733.0,8510.0,8733.0,5273785,KBS
2021-03-11 07:00:00,8924.0,9083.0,8765.0,8988.0,12407432,KBS
2021-03-12 07:00:00,8765.0,9083.0,8765.0,8892.0,5848179,KBS
2021-03-15 07:00:00,8860.0,8956.0,8797.0,8860.0,4020727,KBS
2021-03-16 07:00:00,8860.0,8860.0,8637.0,8765.0,7434568,KBS
2021-03-17 07:00:00,8797.0,8988.0,8701.0,8924.0,6388719,KBS
2021-03-18 07:00:00,8956.0,9179.0,8956.0,9179.0,10968006,KBS
2021-03-19 07:00:00,9243.0,9434.0,9179.0,9338.0,9389769,KBS
2021-03-22 07:00:00,9370.0,9402.0,9115.0,9179.0,6202476,KBS
2021-03-23 07:00:00,9179.0,9179.0,8860.0,8988.0,10147916,KBS
2021-03-24 07:00:00,8924.0,8924.0,8414.0,8829.0,10455831,KBS
2021-03-25 07:00:00,8829.0,8924.0,8637.0,8701.0,4633887,KBS
2021-03-26 07:00:00,8701.0,9083.0,8159.0,8924.0,9926029,KBS
2021-03-29 07:00:00,8924.0,9083.0,8765.0,8988.0,6951242,KBS
2021-03-30 07:00:00,8988.0,9243.0,8988.0,9083.0,9904963,KBS
2021-03-31 07:00:00,9115.0,9211.0,8924.0,9020.0,8662532,KBS
2021-04-01 07:00:00,9020.0,9912.0,8988.0,9912.0,23709894,KBS
2021-04-02 07:00:00,10008.0,10518.0,9944.0,10008.0,11833415,KBS
2021-04-05 07:00:00,10135.0,10326.0,10008.0,10008.0,11581403,KBS
2021-04-06 07:00:00,9944.0,10040.0,9753.0,9848.0,14999396,KBS
2021-04-07 07:00:00,9848.0,10040.0,9785.0,9944.0,7979347,KBS
2021-04-08 07:00:00,9944.0,10358.0,9912.0,10072.0,9508307,KBS
2021-04-09 07:00:00,10072.0,10199.0,10008.0,10072.0,7316422,KBS
2021-04-12 07:00:00,10135.0,10358.0,10072.0,10326.0,11562225,KBS
2021-04-13 07:00:00,10358.0,10486.0,9880.0,9944.0,15678330,KBS
2021-04-14 07:00:00,9944.0,10135.0,9817.0,10135.0,7497113,KBS
2021-04-15 07:00:00,10135.0,10263.0,9753.0,9785.0,10826131,KBS
2021-04-16 07:00:00,9785.0,9848.0,9275.0,9562.0,14465324,KBS
2021-04-19 07:00:00,9625.0,9785.0,9498.0,9753.0,5504079,KBS
2021-04-20 07:00:00,9817.0,9912.0,9498.0,9498.0,6935028,KBS
2021-04-22 07:00:00,9498.0,9562.0,8574.0,8574.0,14892845,KBS
2021-04-23 07:00:00,9083.0,9243.0,8350.0,9020.0,8519316,KBS
2021-04-26 07:00:00,9020.0,9243.0,8605.0,8605.0,5697714,KBS
2021-04-27 07:00:00,8574.0,8701.0,8446.0,8574.0,4020723,KBS
2021-04-28 07:00:00,8574.0,8892.0,8510.0,8701.0,4763896,KBS
2021-04-29 07:00:00,8733.0,8860.0,8669.0,8733.0,4550766,KBS
2021-05-04 07:00:00,8605.0,8797.0,8319.0,8797.0,6313234,KBS
2021-05-05 07:00:00,8797.0,9243.0,8765.0,9083.0,6722263,KBS
2021-05-06 07:00:00,9083.0,9211.0,8829.0,8860.0,5120033,KBS
2021-05-07 07:00:00,8829.0,9052.0,8637.0,8797.0,6428809,KBS
2021-05-10 07:00:00,8829.0,9466.0,8605.0,9307.0,10590306,KBS
2021-05-11 07:00:00,9307.0,9721.0,9243.0,9307.0,10376172,KBS
2021-05-12 07:00:00,9338.0,9530.0,9147.0,9530.0,4746490,KBS
2021-05-13 07:00:00,9498.0,9817.0,9402.0,9498.0,9479464,KBS
2021-05-14 07:00:00,9498.0,9785.0,9498.0,9593.0,7382770,KBS
2021-05-17 07:00:00,9625.0,9880.0,9498.0,9625.0,8295459,KBS
2021-05-18 07:00:00,9625.0,9817.0,9530.0,9593.0,7331514,KBS
2021-05-19 07:00:00,9562.0,10103.0,9562.0,10008.0,12213287,KBS
2021-05-20 07:00:00,10072.0,10677.0,9912.0,10581.0,16095357,KBS
2021-05-21 07:00:00,10581.0,10836.0,10390.0,10486.0,12435059,KBS
2021-05-24 07:00:00,10518.0,10773.0,10390.0,10677.0,9821817,KBS
2021-05-25 07:00:00,10677.0,10996.0,10613.0,10868.0,8916409,KBS
2021-05-26 07:00:00,10868.0,11028.0,10773.0,10932.0,7498044,KBS
2021-05-27 07:00:00,10932.0,10996.0,10358.0,10677.0,11268969,KBS
2021-05-28 07:00:00,10486.0,11155.0,10486.0,11155.0,11056770,KBS
2021-05-31 07:00:00,11123.0,12111.0,11091.0,12111.0,11942315,KBS
2021-06-01 07:00:00,12143.0,12366.0,11665.0,11952.0,14640475,KBS
2021-06-02 07:00:00,11952.0,12589.0,11761.0,12526.0,13524198,KBS
2021-06-03 07:00:00,12589.0,13737.0,12558.0,13163.0,9997825,KBS
2021-06-04 07:00:00,13195.0,13354.0,12781.0,13163.0,8686134,KBS
2021-06-07 07:00:00,13163.0,13354.0,11856.0,11952.0,20594964,KBS
2021-06-08 07:00:00,11952.0,12271.0,10773.0,10868.0,16633009,KBS
2021-06-09 07:00:00,10709.0,11920.0,10709.0,11729.0,10733916,KBS
2021-06-10 07:00:00,11729.0,11952.0,11538.0,11729.0,10952479,KBS
2021-06-11 07:00:00,11729.0,12558.0,11601.0,12239.0,10870897,KBS
2021-06-14 07:00:00,12239.0,13322.0,12239.0,13036.0,14086144,KBS
2021-06-15 07:00:00,13067.0,14215.0,12813.0,13769.0,17425094,KBS
2021-06-16 07:00:00,13769.0,13832.0,13004.0,13227.0,12835654,KBS
2021-06-17 07:00:00,13227.0,13514.0,11920.0,13450.0,7499586,KBS
2021-06-18 07:00:00,13450.0,13673.0,13291.0,13482.0,6632710,KBS
2021-06-21 07:00:00,13482.0,13514.0,13004.0,13004.0,7085690,KBS
2021-06-22 07:00:00,13036.0,13386.0,12972.0,13131.0,4623756,KBS
2021-06-23 07:00:00,13131.0,13577.0,13131.0,13291.0,5764650,KBS
2021-06-24 07:00:00,13291.0,13514.0,13163.0,13227.0,4147877,KBS
2021-06-25 07:00:00,13227.0,13864.0,13227.0,13832.0,9345898,KBS
2021-06-28 07:00:00,13864.0,14183.0,13864.0,13960.0,4807788,KBS
2021-06-29 07:00:00,14151.0,14342.0,13864.0,14024.0,7036161,KBS
2021-06-30 07:00:00,14024.0,14087.0,13896.0,14024.0,4231830,KBS
2021-07-01 07:00:00,14024.0,14980.0,13896.0,14948.0,10191698,KBS
2021-07-02 07:00:00,14916.0,15522.0,14852.0,15075.0,5661296,KBS
2021-07-05 07:00:00,15107.0,15235.0,14342.0,14629.0,8109173,KBS
2021-07-06 07:00:00,14597.0,14916.0,13195.0,13195.0,9976899,KBS
2021-07-07 07:00:00,13195.0,14024.0,13036.0,14024.0,11257724,KBS
2021-07-08 07:00:00,14087.0,14374.0,13832.0,14024.0,5626222,KBS
2021-07-09 07:00:00,13960.0,14151.0,13227.0,13386.0,7741404,KBS
2021-07-12 07:00:00,13705.0,13705.0,12048.0,12303.0,15141816,KBS
2021-07-13 07:00:00,11952.0,12653.0,11793.0,12653.0,5254933,KBS
2021-07-14 07:00:00,12653.0,12813.0,11793.0,12334.0,6024753,KBS
2021-07-15 07:00:00,12334.0,13036.0,12111.0,12908.0,5235640,KBS
2021-07-16 07:00:00,12908.0,13004.0,12717.0,12717.0,4024149,KBS
2021-07-19 07:00:00,12526.0,12526.0,11569.0,11601.0,9737717,KBS
2021-07-20 07:00:00,11506.0,12621.0,11155.0,12621.0,8558044,KBS
2021-07-21 07:00:00,12813.0,12972.0,12398.0,12558.0,3283877,KBS
2021-07-22 07:00:00,12558.0,12876.0,12430.0,12749.0,4392210,KBS
2021-07-23 07:00:00,12749.0,12781.0,12271.0,12303.0,3988733,KBS
2021-07-26 07:00:00,12175.0,12430.0,11793.0,12398.0,2761400,KBS
2021-07-27 07:00:00,12462.0,12972.0,12462.0,12813.0,6075655,KBS
2021-07-28 07:00:00,12749.0,12908.0,12717.0,12717.0,4129006,KBS
2021-07-29 07:00:00,12717.0,13195.0,12717.0,13195.0,5437511,KBS
2021-07-30 07:00:00,13195.0,13546.0,13099.0,13450.0,6006714,KBS
2021-08-02 07:00:00,13450.0,13546.0,13291.0,13354.0,6501478,KBS
2021-08-03 07:00:00,13322.0,13673.0,13131.0,13673.0,8301023,KBS
2021-08-04 07:00:00,13705.0,13992.0,13641.0,13832.0,5871951,KBS
2021-08-05 07:00:00,13769.0,13992.0,13641.0,13928.0,5654464,KBS
2021-08-06 07:00:00,13960.0,13992.0,13482.0,13482.0,6388332,KBS
2021-08-09 07:00:00,13386.0,14215.0,13322.0,14183.0,10728571,KBS
2021-08-10 07:00:00,14342.0,14725.0,14183.0,14406.0,8124288,KBS
2021-08-11 07:00:00,14725.0,15012.0,14534.0,14597.0,8167971,KBS
2021-08-12 07:00:00,14661.0,14948.0,14597.0,14661.0,6474828,KBS
2021-08-13 07:00:00,14725.0,15777.0,14661.0,15777.0,10745218,KBS
2021-08-16 07:00:00,15936.0,17051.0,15808.0,17020.0,8188029,KBS
2021-08-17 07:00:00,17020.0,17147.0,16478.0,16637.0,10422262,KBS
2021-08-18 07:00:00,16605.0,17083.0,16414.0,16924.0,9540839,KBS
2021-08-19 07:00:00,16637.0,17020.0,16605.0,16828.0,7204131,KBS
2021-08-20 07:00:00,16828.0,17020.0,15617.0,16095.0,16480457,KBS
2021-08-23 07:00:00,16985.0,17696.0,16985.0,17696.0,5044467,KBS
2021-08-24 07:00:00,18896.0,18896.0,16896.0,17785.0,11293463,KBS
2021-08-25 07:00:00,17251.0,18007.0,16006.0,17874.0,4904381,KBS
2021-08-26 07:00:00,17874.0,17874.0,17251.0,17429.0,4001326,KBS
2021-08-27 07:00:00,17429.0,17607.0,16807.0,17607.0,4700666,KBS
2021-08-30 07:00:00,17651.0,17874.0,17429.0,17874.0,5894964,KBS
2021-08-31 07:00:00,17785.0,17963.0,17518.0,17518.0,4893159,KBS
2021-09-01 07:00:00,17518.0,17696.0,17073.0,17518.0,5554472,KBS
2021-09-06 07:00:00,17518.0,17785.0,17207.0,17385.0,6237058,KBS
2021-09-07 07:00:00,17429.0,18229.0,17207.0,17918.0,11943357,KBS
2021-09-08 07:00:00,18007.0,18185.0,17696.0,17829.0,5570213,KBS
2021-09-09 07:00:00,17918.0,17918.0,17696.0,17918.0,3496785,KBS
2021-09-10 07:00:00,17963.0,18229.0,17785.0,17963.0,6992123,KBS
2021-09-13 07:00:00,17963.0,18096.0,17518.0,17785.0,5975098,KBS
2021-09-14 07:00:00,17785.0,17829.0,17385.0,17385.0,3658779,KBS
2021-09-15 07:00:00,17340.0,17518.0,16985.0,17385.0,5637639,KBS
2021-09-16 07:00:00,17385.0,17474.0,17029.0,17162.0,3290583,KBS
2021-09-17 07:00:00,17162.0,17918.0,17118.0,17785.0,6353987,KBS
2021-09-20 07:00:00,17918.0,18007.0,17429.0,17474.0,4476985,KBS
2021-09-21 07:00:00,17474.0,17563.0,16896.0,17207.0,4522009,KBS
2021-09-22 07:00:00,17207.0,17429.0,16985.0,17207.0,2976626,KBS
2021-09-23 07:00:00,17251.0,17385.0,17118.0,17162.0,4272810,KBS
2021-09-24 07:00:00,17340.0,17340.0,16940.0,17073.0,2805678,KBS
2021-09-27 07:00:00,17073.0,17207.0,15962.0,16006.0,6086991,KBS
2021-09-28 07:00:00,15784.0,16540.0,15740.0,16451.0,3934459,KBS
2021-09-29 07:00:00,16451.0,16495.0,16006.0,16095.0,2800504,KBS
2021-09-30 07:00:00,16095.0,16273.0,16095.0,16140.0,1793633,KBS
2021-10-01 07:00:00,16140.0,16318.0,15784.0,15829.0,3672748,KBS
2021-10-04 07:00:00,15829.0,15962.0,15117.0,15339.0,5625768,KBS
2021-10-05 07:00:00,15339.0,16451.0,15117.0,16362.0,4127794,KBS
2021-10-06 07:00:00,16407.0,16451.0,16095.0,16273.0,2742317,KBS
2021-10-07 07:00:00,16229.0,16629.0,16140.0,16540.0,3466775,KBS
2021-10-08 07:00:00,16584.0,16762.0,16407.0,16629.0,3416747,KBS
2021-10-11 07:00:00,16673.0,16985.0,16629.0,16985.0,3754095,KBS
2021-10-12 07:00:00,16985.0,17118.0,16673.0,16673.0,3794486,KBS
2021-10-13 07:00:00,16673.0,16851.0,16629.0,16673.0,1905535,KBS
2021-10-14 07:00:00,16718.0,17118.0,16673.0,16807.0,4636513,KBS
2021-10-15 07:00:00,16807.0,17118.0,16807.0,16851.0,3496103,KBS
2021-10-18 07:00:00,16851.0,17296.0,16762.0,16985.0,4656074,KBS
2021-10-19 07:00:00,16985.0,17251.0,16896.0,16985.0,4186197,KBS
2021-10-20 07:00:00,16985.0,17251.0,16584.0,17073.0,5604835,KBS
2021-10-21 07:00:00,17162.0,17251.0,16807.0,16851.0,2645703,KBS
2021-10-22 07:00:00,16896.0,16940.0,16540.0,16673.0,3971441,KBS
2021-10-25 07:00:00,16540.0,16718.0,16229.0,16273.0,4293660,KBS
2021-10-26 07:00:00,16273.0,16540.0,16006.0,16451.0,2819317,KBS
2021-10-27 07:00:00,16451.0,16762.0,16407.0,16762.0,3855838,KBS
2021-10-28 07:00:00,16807.0,17429.0,16762.0,17118.0,8686829,KBS
2021-10-29 07:00:00,17162.0,17340.0,16851.0,17118.0,4400628,KBS
2021-11-01 07:00:00,17118.0,18052.0,17118.0,17963.0,12126398,KBS
2021-11-02 07:00:00,17963.0,18452.0,17874.0,18452.0,9968470,KBS
2021-11-03 07:00:00,18541.0,18674.0,18007.0,18229.0,9031750,KBS
2021-11-04 07:00:00,18229.0,19519.0,18141.0,19252.0,11447111,KBS
2021-11-05 07:00:00,19252.0,19563.0,19074.0,19208.0,8049453,KBS
2021-11-08 07:00:00,19297.0,19919.0,19163.0,19563.0,10218934,KBS
2021-11-09 07:00:00,19563.0,19786.0,18941.0,19474.0,7908877,KBS
2021-11-10 07:00:00,19519.0,19875.0,19341.0,19430.0,6537543,KBS
2021-11-11 07:00:00,19430.0,20008.0,18719.0,19430.0,9421040,KBS
2021-11-12 07:00:00,19430.0,19786.0,19252.0,19786.0,6266528,KBS
2021-11-15 07:00:00,20052.0,21564.0,19875.0,21297.0,8784393,KBS
2021-11-16 07:00:00,21342.0,21564.0,20541.0,21297.0,7008798,KBS
2021-11-17 07:00:00,21119.0,22142.0,20008.0,21609.0,7957607,KBS
2021-11-18 07:00:00,21609.0,23209.0,21564.0,22898.0,9731138,KBS
2021-11-19 07:00:00,22898.0,22898.0,20630.0,22009.0,18520319,KBS
2021-11-22 07:00:00,22009.0,22453.0,21342.0,21964.0,11739074,KBS
2021-11-23 07:00:00,22009.0,23120.0,21342.0,23120.0,12209445,KBS
2021-11-24 07:00:00,23565.0,24010.0,22809.0,23654.0,11047854,KBS
2021-11-25 07:00:00,23698.0,24899.0,23476.0,24676.0,12023921,KBS
2021-11-26 07:00:00,24676.0,24810.0,23787.0,24098.0,11444737,KBS
2021-11-29 07:00:00,23565.0,24543.0,23343.0,24276.0,10674890,KBS
2021-11-30 07:00:00,24276.0,25121.0,23565.0,24276.0,12261278,KBS
2021-12-01 07:00:00,24454.0,24454.0,23343.0,23698.0,11006307,KBS
2021-12-02 07:00:00,23698.0,23965.0,23165.0,23165.0,8375181,KBS
2021-12-03 07:00:00,23165.0,23343.0,21208.0,21208.0,17734634,KBS
2021-12-06 07:00:00,21119.0,21653.0,19563.0,20453.0,13766867,KBS
2021-12-07 07:00:00,20453.0,21119.0,20408.0,21119.0,7324723,KBS
2021-12-08 07:00:00,21119.0,22231.0,21119.0,22009.0,11411321,KBS
2021-12-09 07:00:00,22009.0,22942.0,21742.0,22898.0,7136833,KBS
2021-12-10 07:00:00,22898.0,23343.0,22587.0,22765.0,7628827,KBS
2021-12-13 07:00:00,22765.0,23343.0,22498.0,23120.0,6087831,KBS
2021-12-14 07:00:00,23120.0,23520.0,22765.0,22854.0,6567318,KBS
2021-12-15 07:00:00,22809.0,22898.0,22009.0,22009.0,7404855,KBS
2021-12-16 07:00:00,22009.0,22231.0,21431.0,21609.0,8943297,KBS
2021-12-17 07:00:00,21564.0,22676.0,21564.0,22676.0,6456317,KBS
2021-12-20 07:00:00,22676.0,23565.0,22587.0,23120.0,8014044,KBS
2021-12-21 07:00:00,23120.0,23120.0,22542.0,22631.0,5908067,KBS
2021-12-22 07:00:00,22631.0,22987.0,21875.0,21920.0,6744846,KBS
2021-12-23 07:00:00,21920.0,22053.0,20497.0,20986.0,9764153,KBS
2021-12-24 07:00:00,21031.0,21786.0,20853.0,21342.0,3788734,KBS
2021-12-27 07:00:00,21342.0,21698.0,21297.0,21520.0,3094230,KBS
2021-12-28 07:00:00,21520.0,21786.0,21208.0,21342.0,4394740,KBS
2021-12-29 07:00:00,21342.0,21964.0,21164.0,21609.0,4864702,KBS
2021-12-30 07:00:00,21475.0,22854.0,21475.0,22720.0,5518211,KBS
2021-12-31 07:00:00,22809.0,23076.0,22320.0,22498.0,3907158,KBS
2022-01-04 07:00:00,22498.0,23076.0,22498.0,22942.0,5949442,KBS
2022-01-05 07:00:00,22942.0,23787.0,22898.0,23209.0,10685295,KBS
2022-01-06 07:00:00,23298.0,23343.0,22587.0,22676.0,5832920,KBS
2022-01-07 07:00:00,22676.0,23343.0,22364.0,22898.0,6591152,KBS
2022-01-10 07:00:00,22898.0,23120.0,21786.0,21831.0,10725986,KBS
2022-01-11 07:00:00,21786.0,22142.0,20897.0,20942.0,8183626,KBS
2022-01-12 07:00:00,20942.0,22142.0,20719.0,21920.0,8179940,KBS
2022-01-13 07:00:00,22009.0,22320.0,21164.0,21164.0,5009252,KBS
2022-01-14 07:00:00,21208.0,21564.0,20675.0,21119.0,3971779,KBS
2022-01-17 07:00:00,21119.0,21342.0,19030.0,19030.0,15131557,KBS
2022-01-18 07:00:00,19030.0,19030.0,17162.0,17518.0,7249106,KBS
2022-01-19 07:00:00,17340.0,18541.0,17251.0,18452.0,4688721,KBS
2022-01-20 07:00:00,18541.0,19119.0,18229.0,18896.0,4705511,KBS
2022-01-21 07:00:00,18896.0,18985.0,18229.0,18229.0,3898978,KBS
2022-01-24 07:00:00,18141.0,18229.0,16407.0,16407.0,9210023,KBS
2022-01-25 07:00:00,16407.0,17251.0,16006.0,17073.0,4687763,KBS
2022-01-26 07:00:00,17118.0,17340.0,16896.0,16896.0,2543583,KBS
2022-01-27 07:00:00,16896.0,17740.0,16807.0,17340.0,3503548,KBS
2022-01-28 07:00:00,17340.0,17963.0,17296.0,17740.0,3181003,KBS
2022-02-07 07:00:00,17740.0,18585.0,17740.0,18229.0,2874730,KBS
2022-02-08 07:00:00,18407.0,18674.0,17874.0,18452.0,3301289,KBS
2022-02-09 07:00:00,18407.0,19119.0,18318.0,18674.0,4640288,KBS
2022-02-10 07:00:00,18674.0,18896.0,18452.0,18541.0,3455402,KBS
2022-02-11 07:00:00,18541.0,18896.0,18452.0,18763.0,2616836,KBS
2022-02-14 07:00:00,18763.0,18763.0,17340.0,17829.0,3672367,KBS
2022-02-15 07:00:00,17874.0,18407.0,17651.0,18274.0,2469045,KBS
2022-02-16 07:00:00,18318.0,18852.0,18274.0,18452.0,3172101,KBS
2022-02-17 07:00:00,18496.0,18541.0,18185.0,18318.0,4402140,KBS
2022-02-18 07:00:00,18274.0,19030.0,18007.0,18852.0,4781866,KBS
2022-02-21 07:00:00,18852.0,19741.0,18807.0,19430.0,6114135,KBS
2022-02-22 07:00:00,19341.0,19430.0,18719.0,19074.0,5548560,KBS
2022-02-23 07:00:00,19074.0,19430.0,19030.0,19252.0,3578005,KBS
2022-02-24 07:00:00,19208.0,19652.0,18229.0,18896.0,9421313,KBS
2022-02-25 07:00:00,18896.0,19830.0,18896.0,19563.0,8244672,KBS
2022-02-28 07:00:00,19697.0,19875.0,19519.0,19608.0,4031714,KBS
2022-03-01 07:00:00,19608.0,19919.0,19474.0,19786.0,4580616,KBS
2022-03-02 07:00:00,20630.0,20630.0,19074.0,19252.0,6621023,KBS
2022-03-03 07:00:00,19252.0,19563.0,19208.0,19563.0,3543885,KBS
2022-03-04 07:00:00,19519.0,20230.0,19519.0,19786.0,6202620,KBS
2022-03-07 07:00:00,19786.0,19786.0,19341.0,19519.0,4437212,KBS
2022-03-08 07:00:00,19519.0,19786.0,19030.0,19208.0,7695265,KBS
2022-03-09 07:00:00,17296.0,19385.0,17296.0,18896.0,5804029,KBS
2022-03-10 07:00:00,19119.0,19474.0,18941.0,19030.0,3174705,KBS
2022-03-11 07:00:00,19030.0,19030.0,18274.0,18363.0,5507897,KBS
2022-03-14 07:00:00,18363.0,18452.0,17563.0,17874.0,4721640,KBS
2022-03-15 07:00:00,18229.0,18229.0,17740.0,17963.0,3233130,KBS
2022-03-16 07:00:00,18007.0,18318.0,18007.0,18096.0,3070030,KBS
2022-03-17 07:00:00,18229.0,18941.0,18141.0,18363.0,2507844,KBS
2022-03-18 07:00:00,18363.0,18674.0,18096.0,18407.0,5649801,KBS
2022-03-21 07:00:00,18452.0,18630.0,18274.0,18541.0,3715626,KBS
2022-03-22 07:00:00,18585.0,18896.0,18541.0,18807.0,4812648,KBS
2022-03-23 07:00:00,18896.0,19252.0,18719.0,19163.0,6214384,KBS
2022-03-24 07:00:00,19385.0,19430.0,19119.0,19119.0,4356094,KBS
2022-03-25 07:00:00,19163.0,19252.0,17785.0,18763.0,3497732,KBS
2022-03-28 07:00:00,18674.0,18763.0,17874.0,18141.0,5512924,KBS
2022-03-29 07:00:00,18185.0,18585.0,18096.0,18318.0,3161910,KBS
2022-03-30 07:00:00,18141.0,18541.0,16540.0,18007.0,3957107,KBS
2022-03-31 07:00:00,18229.0,18407.0,17963.0,18007.0,2686601,KBS
2022-04-01 07:00:00,18007.0,18363.0,17740.0,18363.0,3681494,KBS
2022-04-04 07:00:00,18318.0,19652.0,18318.0,19252.0,7859574,KBS
2022-04-05 07:00:00,19208.0,19430.0,18896.0,18896.0,3888076,KBS
2022-04-06 07:00:00,18852.0,19119.0,18452.0,18763.0,4299773,KBS
2022-04-07 07:00:00,18763.0,18896.0,18007.0,18007.0,6259204,KBS
2022-04-08 07:00:00,18007.0,18007.0,16940.0,17073.0,8545744,KBS
2022-04-12 07:00:00,17118.0,17296.0,15606.0,16896.0,9325568,KBS
2022-04-13 07:00:00,16896.0,17162.0,16540.0,16896.0,8542254,KBS
2022-04-14 07:00:00,18585.0,18585.0,17031.0,17301.0,5044962,KBS
2022-04-15 07:00:00,17166.0,17571.0,15679.0,16490.0,3066021,KBS
2022-04-18 07:00:00,16220.0,16490.0,14868.0,14936.0,4520078,KBS
2022-04-19 07:00:00,13854.0,15544.0,13854.0,14125.0,3516483,KBS
2022-04-20 07:00:00,14125.0,14598.0,12773.0,13922.0,3833782,KBS
2022-04-21 07:00:00,13584.0,14598.0,12976.0,13854.0,5924065,KBS
2022-04-22 07:00:00,13922.0,14463.0,13584.0,13854.0,4474764,KBS
2022-04-25 07:00:00,13854.0,14260.0,12503.0,12503.0,6348382,KBS
2022-04-26 07:00:00,11286.0,13043.0,11286.0,13043.0,5435086,KBS
2022-04-27 07:00:00,13043.0,13246.0,12705.0,13111.0,2670708,KBS
2022-04-28 07:00:00,13111.0,13314.0,12908.0,12908.0,3242639,KBS
2022-04-29 07:00:00,12908.0,13449.0,12705.0,13111.0,4193924,KBS
2022-05-04 07:00:00,11827.0,13246.0,11827.0,12638.0,2271245,KBS
2022-05-05 07:00:00,11421.0,13043.0,11421.0,12435.0,4124962,KBS
2022-05-06 07:00:00,11962.0,12435.0,11219.0,11219.0,5032242,KBS
2022-05-09 07:00:00,10137.0,11827.0,10137.0,10137.0,7402755,KBS
2022-05-10 07:00:00,9124.0,10813.0,9124.0,10813.0,6564471,KBS
2022-05-11 07:00:00,10813.0,11151.0,10610.0,11016.0,3080170,KBS
2022-05-12 07:00:00,11016.0,11016.0,10002.0,10205.0,6783008,KBS
2022-05-13 07:00:00,9191.0,10408.0,9191.0,9529.0,12423743,KBS
2022-05-16 07:00:00,9529.0,10408.0,9529.0,10340.0,17136549,KBS
2022-05-17 07:00:00,9326.0,11354.0,9326.0,11354.0,8189026,KBS
2022-05-18 07:00:00,11354.0,12165.0,11151.0,11151.0,12252125,KBS
2022-05-19 07:00:00,10881.0,11962.0,10408.0,11692.0,13706930,KBS
2022-05-20 07:00:00,11489.0,12165.0,11354.0,11759.0,8594754,KBS
2022-05-23 07:00:00,11759.0,11962.0,10610.0,10881.0,13169921,KBS
2022-05-24 07:00:00,10881.0,11489.0,10205.0,11489.0,12857572,KBS
2022-05-25 07:00:00,11557.0,12503.0,11489.0,12300.0,12467395,KBS
2022-05-26 07:00:00,12368.0,12638.0,11962.0,12165.0,8914708,KBS
2022-05-27 07:00:00,12165.0,12503.0,11895.0,12097.0,9031687,KBS
2022-05-30 07:00:00,12097.0,12638.0,11962.0,12165.0,7587492,KBS
2022-05-31 07:00:00,12368.0,12368.0,11895.0,12300.0,8407620,KBS
2022-06-01 07:00:00,12300.0,12503.0,11962.0,12435.0,8661081,KBS
2022-06-02 07:00:00,12503.0,13179.0,12368.0,12503.0,15287426,KBS
2022-06-03 07:00:00,12503.0,12773.0,12030.0,12300.0,6862897,KBS
2022-06-06 07:00:00,12300.0,12773.0,12097.0,12097.0,8095522,KBS
2022-06-07 07:00:00,12097.0,12300.0,11016.0,11895.0,15590133,KBS
2022-06-08 07:00:00,11962.0,12705.0,11962.0,12368.0,8160489,KBS
2022-06-09 07:00:00,12368.0,12773.0,12300.0,12503.0,6584625,KBS
2022-06-10 07:00:00,12300.0,12435.0,11827.0,11827.0,8578586,KBS
2022-06-13 07:00:00,11692.0,11827.0,10678.0,10678.0,11138179,KBS
2022-06-14 07:00:00,10543.0,10948.0,10137.0,10543.0,6262983,KBS
2022-06-15 07:00:00,10543.0,10813.0,9597.0,9799.0,7862749,KBS
2022-06-16 07:00:00,9867.0,10408.0,9732.0,9799.0,5066804,KBS
2022-06-17 07:00:00,9664.0,9799.0,8988.0,8988.0,9606785,KBS
2022-06-20 07:00:00,8988.0,9394.0,8245.0,8245.0,8595774,KBS
2022-06-21 07:00:00,8177.0,9056.0,8110.0,8988.0,8126979,KBS
2022-06-22 07:00:00,8177.0,9799.0,8110.0,9462.0,6909637,KBS
2022-06-23 07:00:00,9462.0,9664.0,9259.0,9597.0,5468448,KBS
2022-06-24 07:00:00,9597.0,9935.0,9462.0,9597.0,6545565,KBS
2022-06-27 07:00:00,9597.0,10273.0,9597.0,10137.0,6316628,KBS
2022-06-28 07:00:00,9124.0,10273.0,9124.0,9935.0,7173508,KBS
2022-06-29 07:00:00,10002.0,10408.0,9799.0,10002.0,6556057,KBS
2022-06-30 07:00:00,10070.0,10137.0,9191.0,9191.0,7113840,KBS
2022-07-01 07:00:00,9191.0,9867.0,9056.0,9799.0,9507509,KBS
2022-07-04 07:00:00,9935.0,10475.0,9799.0,10137.0,6436982,KBS
2022-07-05 07:00:00,10340.0,10340.0,9799.0,9799.0,5200768,KBS
2022-07-06 07:00:00,9799.0,9935.0,9259.0,9394.0,7487279,KBS
2022-07-07 07:00:00,9394.0,9529.0,9191.0,9326.0,5458837,KBS
2022-07-08 07:00:00,9462.0,9867.0,9259.0,9732.0,12213956,KBS
2022-07-11 07:00:00,8786.0,9935.0,8786.0,9462.0,8774185,KBS
2022-07-12 07:00:00,9259.0,9732.0,9259.0,9664.0,6430163,KBS
2022-07-13 07:00:00,9935.0,10205.0,9664.0,9867.0,12045446,KBS
2022-07-14 07:00:00,9867.0,10746.0,9664.0,10610.0,18434609,KBS
2022-07-15 07:00:00,10746.0,11016.0,10340.0,10340.0,9167545,KBS
2022-07-18 07:00:00,10543.0,10678.0,10340.0,10408.0,9954140,KBS
2022-07-19 07:00:00,11421.0,11421.0,10002.0,10137.0,13118580,KBS
2022-07-20 07:00:00,10746.0,10746.0,10340.0,10475.0,12924387,KBS
2022-07-21 07:00:00,10610.0,10610.0,10137.0,10408.0,17462442,KBS
2022-07-22 07:00:00,11169.0,11169.0,10662.0,10662.0,13060524,KBS
2022-07-25 07:00:00,10662.0,10746.0,10323.0,10492.0,8570451,KBS
2022-07-26 07:00:00,10492.0,10577.0,10323.0,10323.0,6493031,KBS
2022-07-27 07:00:00,10323.0,10492.0,10069.0,10408.0,9565659,KBS
2022-07-28 07:00:00,10577.0,11254.0,10492.0,11000.0,17226263,KBS
2022-07-29 07:00:00,11000.0,11338.0,11000.0,11085.0,11319475,KBS
2022-08-01 07:00:00,11085.0,12100.0,11000.0,12015.0,20380286,KBS
2022-08-02 07:00:00,12185.0,12269.0,11677.0,11846.0,19520537,KBS
2022-08-03 07:00:00,11846.0,12185.0,11508.0,12100.0,13962660,KBS
2022-08-04 07:00:00,12185.0,12608.0,11931.0,12100.0,18225646,KBS
2022-08-05 07:00:00,12015.0,12608.0,11931.0,12354.0,15622325,KBS
2022-08-08 07:00:00,12354.0,12608.0,12100.0,12523.0,13635250,KBS
2022-08-09 07:00:00,12523.0,12692.0,12185.0,12438.0,12466914,KBS
2022-08-10 07:00:00,12608.0,12608.0,12269.0,12269.0,11029123,KBS
2022-08-11 07:00:00,12438.0,12862.0,12015.0,12185.0,23159672,KBS
2022-08-12 07:00:00,12185.0,12608.0,12100.0,12523.0,11048154,KBS
2022-08-15 07:00:00,13708.0,13708.0,12608.0,12608.0,16913863,KBS
2022-08-16 07:00:00,12946.0,12946.0,12438.0,12523.0,7766855,KBS
2022-08-17 07:00:00,13708.0,13708.0,12354.0,12354.0,12277968,KBS
2022-08-18 07:00:00,12354.0,12777.0,12185.0,12438.0,17637541,KBS
2022-08-19 07:00:00,12438.0,12692.0,12269.0,12438.0,10691463,KBS
2022-08-22 07:00:00,11423.0,12269.0,11254.0,11508.0,35081700,KBS
2022-08-23 07:00:00,11423.0,12100.0,11085.0,12100.0,13638250,KBS
2022-08-24 07:00:00,12100.0,12185.0,11846.0,11931.0,7168193,KBS
2022-08-25 07:00:00,11931.0,12100.0,11677.0,11677.0,13202196,KBS
2022-08-26 07:00:00,11677.0,11846.0,11423.0,11423.0,12542648,KBS
2022-08-29 07:00:00,11254.0,11423.0,10662.0,11338.0,15523261,KBS
2022-08-30 07:00:00,11338.0,11592.0,11085.0,11085.0,7323907,KBS
2022-08-31 07:00:00,11085.0,11338.0,11000.0,11169.0,5768464,KBS
2022-09-05 07:00:00,11085.0,11254.0,10069.0,10915.0,4541922,KBS
2022-09-06 07:00:00,10915.0,11338.0,10915.0,11085.0,7265156,KBS
2022-09-07 07:00:00,11000.0,11169.0,10492.0,10492.0,9042635,KBS
2022-09-08 07:00:00,9477.0,10662.0,9477.0,10238.0,11363249,KBS
2022-09-09 07:00:00,10323.0,10408.0,9815.0,10323.0,7941924,KBS
2022-09-12 07:00:00,10323.0,10577.0,10069.0,10154.0,5004179,KBS
2022-09-13 07:00:00,10154.0,10323.0,9985.0,10238.0,4730271,KBS
2022-09-14 07:00:00,9985.0,10408.0,9815.0,10323.0,9489387,KBS
2022-09-15 07:00:00,9308.0,10492.0,9308.0,10154.0,3316356,KBS
2022-09-16 07:00:00,9138.0,10154.0,9138.0,9646.0,10366329,KBS
2022-09-19 07:00:00,9646.0,9815.0,9054.0,9138.0,9891928,KBS
2022-09-20 07:00:00,9138.0,9477.0,9054.0,9392.0,7541863,KBS
2022-09-21 07:00:00,9392.0,9392.0,9223.0,9308.0,3632204,KBS
2022-09-22 07:00:00,9308.0,9731.0,9054.0,9646.0,11368148,KBS
2022-09-23 07:00:00,9646.0,9815.0,9477.0,9477.0,5555159,KBS
2022-09-26 07:00:00,9477.0,9477.0,8631.0,8800.0,11119862,KBS
2022-09-27 07:00:00,8715.0,8969.0,8715.0,8715.0,5649243,KBS
2022-09-28 07:00:00,8715.0,9054.0,8546.0,8800.0,12999136,KBS
2022-09-29 07:00:00,8969.0,9054.0,8715.0,8715.0,7914493,KBS
2022-09-30 07:00:00,8546.0,8885.0,8208.0,8885.0,11498796,KBS
2022-10-03 07:00:00,8038.0,8885.0,8038.0,8038.0,10663215,KBS
2022-10-04 07:00:00,7954.0,8377.0,7700.0,7700.0,8864307,KBS
2022-10-05 07:00:00,7785.0,8208.0,7700.0,7954.0,6062104,KBS
2022-10-06 07:00:00,7869.0,8123.0,7277.0,7362.0,7786749,KBS
2022-10-07 07:00:00,7192.0,7362.0,6769.0,7108.0,12654277,KBS
2022-10-10 07:00:00,7023.0,7531.0,6685.0,7277.0,10080551,KBS
2022-10-11 07:00:00,7108.0,7362.0,6600.0,6600.0,12009358,KBS
2022-10-12 07:00:00,6515.0,7192.0,6431.0,7023.0,9284534,KBS
2022-10-13 07:00:00,7108.0,7277.0,6938.0,7108.0,4866089,KBS
2022-10-14 07:00:00,7192.0,7700.0,7192.0,7446.0,14076483,KBS
2022-10-17 07:00:00,7446.0,7446.0,7023.0,7192.0,6622441,KBS
2022-10-18 07:00:00,7277.0,7531.0,7192.0,7277.0,8629425,KBS
2022-10-19 07:00:00,7362.0,7446.0,7192.0,7192.0,5250718,KBS
2022-10-20 07:00:00,7192.0,7192.0,7023.0,7108.0,3767257,KBS
2022-10-21 07:00:00,7023.0,7108.0,6431.0,6431.0,16408288,KBS
2022-10-24 07:00:00,5838.0,6685.0,5838.0,5838.0,11260353,KBS
2022-10-25 07:00:00,5669.0,6346.0,5415.0,6008.0,13287001,KBS
2022-10-26 07:00:00,5923.0,6262.0,5838.0,5923.0,3777610,KBS
2022-10-27 07:00:00,5331.0,6515.0,5331.0,6515.0,12442385,KBS
2022-10-28 07:00:00,6685.0,6854.0,6515.0,6515.0,8246704,KBS
2022-10-31 07:00:00,6515.0,6769.0,6092.0,6515.0,12029087,KBS
2022-11-01 07:00:00,6515.0,7108.0,6515.0,6938.0,18195328,KBS
2022-11-02 07:00:00,6938.0,7192.0,6854.0,6938.0,10278040,KBS
2022-11-03 07:00:00,6938.0,7108.0,6769.0,6938.0,10464710,KBS
2022-11-04 07:00:00,6938.0,7023.0,6515.0,6685.0,16885056,KBS
2022-11-07 07:00:00,6092.0,6769.0,6092.0,6092.0,14893775,KBS
2022-11-08 07:00:00,6092.0,6431.0,5838.0,6346.0,10464565,KBS
2022-11-09 07:00:00,6346.0,6600.0,6262.0,6346.0,7758929,KBS
2022-11-10 07:00:00,6177.0,6346.0,5754.0,5754.0,12616264,KBS
2022-11-11 07:00:00,5246.0,6092.0,5246.0,5415.0,11697038,KBS
2022-11-14 07:00:00,5246.0,5585.0,4908.0,5077.0,12708010,KBS
2022-11-15 07:00:00,4992.0,5162.0,4569.0,4569.0,11885834,KBS
2022-11-16 07:00:00,4485.0,4992.0,4146.0,4992.0,14924952,KBS
2022-11-17 07:00:00,4992.0,5415.0,4738.0,5415.0,15760760,KBS
2022-11-18 07:00:00,5331.0,5923.0,5077.0,5923.0,23580434,KBS
2022-11-21 07:00:00,5669.0,6177.0,5669.0,6092.0,9019318,KBS
2022-11-22 07:00:00,6092.0,6600.0,5923.0,6092.0,19286839,KBS
2022-11-23 07:00:00,6177.0,6177.0,5754.0,5754.0,9048784,KBS
2022-11-24 07:00:00,5669.0,6008.0,5500.0,6008.0,11134554,KBS
2022-11-25 07:00:00,5754.0,6600.0,5754.0,6600.0,16452274,KBS
2022-11-28 07:00:00,6854.0,7192.0,6262.0,7192.0,24442184,KBS
2022-11-29 07:00:00,7277.0,7785.0,6938.0,7446.0,25533521,KBS
2022-11-30 07:00:00,7023.0,7615.0,7023.0,7446.0,25255061,KBS
2022-12-01 07:00:00,7531.0,7869.0,7023.0,7192.0,32906310,KBS
2022-12-02 07:00:00,7192.0,7869.0,6938.0,7869.0,34398038,KBS
2022-12-05 07:00:00,8377.0,8631.0,8123.0,8377.0,37379432,KBS
2022-12-06 07:00:00,8462.0,8546.0,7615.0,7615.0,49679023,KBS
2022-12-07 07:00:00,7615.0,7869.0,7108.0,7277.0,24925731,KBS
2022-12-08 07:00:00,7108.0,7954.0,7023.0,7954.0,33670691,KBS
2022-12-09 07:00:00,8038.0,8208.0,7700.0,7869.0,18095650,KBS
2022-12-12 07:00:00,7869.0,8377.0,7277.0,7277.0,36694180,KBS
2022-12-13 07:00:00,7277.0,7954.0,7192.0,7954.0,24911086,KBS
2022-12-14 07:00:00,7869.0,8462.0,7869.0,7954.0,21987168,KBS
2022-12-15 07:00:00,7954.0,8208.0,7785.0,8038.0,17600909,KBS
2022-12-16 07:00:00,7954.0,8462.0,7785.0,8377.0,35073361,KBS
2022-12-19 07:00:00,8123.0,8969.0,8123.0,8292.0,32062877,KBS
2022-12-20 07:00:00,7531.0,8377.0,7531.0,8038.0,36728851,KBS
2022-12-21 07:00:00,7954.0,8208.0,7362.0,7700.0,22237838,KBS
2022-12-22 07:00:00,6938.0,7954.0,6938.0,7531.0,16135561,KBS
2022-12-23 07:00:00,7531.0,7615.0,7362.0,7446.0,11690652,KBS
2022-12-26 07:00:00,7446.0,7531.0,6769.0,6769.0,26740931,KBS
2022-12-27 07:00:00,6685.0,7446.0,6515.0,7446.0,16691215,KBS
2022-12-28 07:00:00,7446.0,7615.0,7277.0,7362.0,9948222,KBS
2022-12-29 07:00:00,7362.0,7446.0,7108.0,7192.0,8025647,KBS
2022-12-30 07:00:00,7192.0,7362.0,7108.0,7108.0,7070356,KBS
2023-01-03 07:00:00,6938.0,7785.0,6938.0,7785.0,23729640,KBS
2023-01-04 07:00:00,7785.0,8038.0,7615.0,7615.0,13458730,KBS
2023-01-05 07:00:00,7615.0,7785.0,7446.0,7615.0,11921636,KBS
2023-01-06 07:00:00,6854.0,7869.0,6854.0,7531.0,16013553,KBS
2023-01-09 07:00:00,7531.0,7785.0,7446.0,7531.0,7698521,KBS
2023-01-10 07:00:00,7531.0,7700.0,7277.0,7531.0,10440421,KBS
2023-01-11 07:00:00,7531.0,7954.0,7531.0,7700.0,16664950,KBS
2023-01-12 07:00:00,7700.0,7785.0,7446.0,7615.0,8686022,KBS
2023-01-13 07:00:00,7615.0,7954.0,7615.0,7700.0,18869467,KBS
2023-01-16 07:00:00,7700.0,7869.0,7531.0,7700.0,9531047,KBS
2023-01-17 07:00:00,7700.0,8123.0,7700.0,8123.0,22117180,KBS
2023-01-18 07:00:00,8123.0,8208.0,7954.0,8038.0,15856347,KBS
2023-01-19 07:00:00,8123.0,8462.0,7954.0,8377.0,18472266,KBS
2023-01-27 07:00:00,8377.0,8631.0,8123.0,8208.0,16809342,KBS
2023-01-30 07:00:00,8038.0,8631.0,8038.0,8208.0,25255730,KBS
2023-01-31 07:00:00,8292.0,8462.0,8123.0,8462.0,18269114,KBS
2023-02-01 07:00:00,8631.0,8715.0,7700.0,7869.0,34263819,KBS
2023-02-02 07:00:00,7869.0,8038.0,7615.0,7700.0,22021454,KBS
2023-02-03 07:00:00,7785.0,7869.0,7446.0,7615.0,12500865,KBS
2023-02-06 07:00:00,7615.0,7700.0,7446.0,7615.0,10358905,KBS
2023-02-07 07:00:00,7615.0,7785.0,7277.0,7277.0,15183456,KBS
2023-02-08 07:00:00,7277.0,7531.0,7108.0,7362.0,14753675,KBS
2023-02-09 07:00:00,7446.0,7446.0,7277.0,7277.0,6105330,KBS
2023-02-10 07:00:00,7277.0,7362.0,7108.0,7192.0,8234854,KBS
2023-02-13 07:00:00,7192.0,7192.0,6600.0,6769.0,19189489,KBS
2023-02-14 07:00:00,6769.0,7023.0,6769.0,6854.0,5862145,KBS
2023-02-15 07:00:00,6854.0,7192.0,6769.0,7108.0,10168075,KBS
2023-02-16 07:00:00,7192.0,7277.0,7023.0,7277.0,7978055,KBS
2023-02-17 07:00:00,7277.0,7362.0,7108.0,7108.0,6581333,KBS
2023-02-20 07:00:00,7192.0,7700.0,7108.0,7700.0,16045089,KBS
2023-02-21 07:00:00,7700.0,7869.0,7531.0,7531.0,10565118,KBS
2023-02-22 07:00:00,7531.0,7531.0,7192.0,7192.0,16069441,KBS
2023-02-23 07:00:00,7192.0,7277.0,6938.0,7277.0,12495627,KBS
2023-02-24 07:00:00,7277.0,7362.0,7023.0,7023.0,5918090,KBS
2023-02-27 07:00:00,7023.0,7108.0,6769.0,6854.0,11508403,KBS
2023-02-28 07:00:00,6854.0,7023.0,6854.0,6854.0,5579366,KBS
2023-03-01 07:00:00,6854.0,7192.0,6769.0,7192.0,7689845,KBS
2023-03-02 07:00:00,7192.0,7277.0,7023.0,7023.0,3768956,KBS
2023-03-03 07:00:00,7108.0,7192.0,6854.0,6854.0,6023490,KBS
2023-03-06 07:00:00,6938.0,7277.0,6938.0,7023.0,8948856,KBS
2023-03-07 07:00:00,6346.0,7192.0,6346.0,7192.0,7055715,KBS
2023-03-08 07:00:00,7108.0,7446.0,7023.0,7362.0,15017869,KBS
2023-03-09 07:00:00,6685.0,7446.0,6685.0,7362.0,11477906,KBS
2023-03-10 07:00:00,7362.0,7446.0,7192.0,7362.0,13146973,KBS
2023-03-13 07:00:00,7192.0,7362.0,7108.0,7192.0,8726446,KBS
2023-03-14 07:00:00,7277.0,7277.0,6854.0,6938.0,14828765,KBS
2023-03-15 07:00:00,7023.0,7615.0,7023.0,7615.0,29685914,KBS
2023-03-16 07:00:00,7531.0,7700.0,7277.0,7362.0,12240850,KBS
2023-03-17 07:00:00,7362.0,7615.0,7277.0,7446.0,11243077,KBS
2023-03-20 07:00:00,7362.0,7446.0,7108.0,7108.0,11828828,KBS
2023-03-21 07:00:00,6854.0,7277.0,6854.0,7192.0,8161695,KBS
2023-03-22 07:00:00,7277.0,7362.0,7192.0,7192.0,5969395,KBS
2023-03-23 07:00:00,7192.0,7446.0,7108.0,7446.0,12346231,KBS
2023-03-24 07:00:00,7446.0,7700.0,7446.0,7531.0,20864989,KBS
2023-03-27 07:00:00,7615.0,7785.0,7446.0,7700.0,22869437,KBS
2023-03-28 07:00:00,7700.0,7785.0,7446.0,7531.0,17162678,KBS
2023-03-29 07:00:00,7531.0,7615.0,7362.0,7531.0,15325815,KBS
2023-03-30 07:00:00,7615.0,7869.0,7531.0,7615.0,23471417,KBS
2023-03-31 07:00:00,7615.0,7869.0,7531.0,7785.0,26601877,KBS
2023-04-03 07:00:00,7954.0,8208.0,7869.0,8038.0,22497876,KBS
2023-04-04 07:00:00,8123.0,8208.0,7954.0,8123.0,24838395,KBS
2023-04-05 07:00:00,8123.0,8208.0,8038.0,8208.0,17868663,KBS
2023-04-06 07:00:00,8462.0,8462.0,7869.0,7869.0,30228463,KBS
2023-04-07 07:00:00,7869.0,8123.0,7785.0,8038.0,26711893,KBS
2023-04-10 07:00:00,8123.0,8800.0,8038.0,8800.0,69745219,KBS
2023-04-11 07:00:00,8800.0,8969.0,8546.0,8969.0,30408259,KBS
2023-04-12 07:00:00,8969.0,9308.0,8800.0,8885.0,35843298,KBS
2023-04-13 07:00:00,8969.0,8969.0,8715.0,8715.0,21603293,KBS
2023-04-14 07:00:00,8715.0,8969.0,8546.0,8546.0,35068820,KBS
2023-04-17 07:00:00,8546.0,8631.0,8462.0,8546.0,17090001,KBS
2023-04-18 07:00:00,8462.0,8800.0,8462.0,8800.0,22844938,KBS
2023-04-19 07:00:00,8885.0,8885.0,8546.0,8546.0,16412975,KBS
2023-04-20 07:00:00,8631.0,8631.0,8462.0,8631.0,11246558,KBS
2023-04-21 07:00:00,8631.0,8969.0,8546.0,8631.0,26895852,KBS
2023-04-24 07:00:00,8631.0,8800.0,8546.0,8631.0,12317372,KBS
2023-04-25 07:00:00,8631.0,8715.0,8292.0,8292.0,24805238,KBS
2023-04-26 07:00:00,8292.0,8377.0,8123.0,8377.0,16924621,KBS
2023-04-27 07:00:00,8462.0,8462.0,8292.0,8377.0,8412841,KBS
2023-04-28 07:00:00,8462.0,8631.0,8292.0,8546.0,14960012,KBS
2023-05-04 07:00:00,8546.0,8800.0,8462.0,8631.0,17373091,KBS
2023-05-05 07:00:00,8715.0,8800.0,8546.0,8631.0,13461135,KBS
2023-05-08 07:00:00,8631.0,9138.0,8631.0,9138.0,38471527,KBS
2023-05-09 07:00:00,9223.0,9223.0,8969.0,9138.0,12368777,KBS
2023-05-10 07:00:00,9138.0,9562.0,9054.0,9392.0,30964177,KBS
2023-05-11 07:00:00,9477.0,9477.0,9308.0,9308.0,17587653,KBS
2023-05-12 07:00:00,9223.0,9646.0,9054.0,9562.0,24660161,KBS
2023-05-15 07:00:00,9646.0,9815.0,9223.0,9223.0,20208886,KBS
2023-05-16 07:00:00,9223.0,9392.0,9138.0,9308.0,16794877,KBS
2023-05-17 07:00:00,9308.0,9392.0,9054.0,9054.0,28274650,KBS
2023-05-18 07:00:00,9138.0,9477.0,8969.0,9138.0,25791087,KBS
2023-05-19 07:00:00,9138.0,9392.0,9138.0,9308.0,13870916,KBS
2023-05-22 07:00:00,9392.0,9477.0,9308.0,9392.0,13145306,KBS
2023-05-23 07:00:00,9392.0,9646.0,9308.0,9392.0,24798552,KBS
2023-05-24 07:00:00,9392.0,9646.0,9392.0,9392.0,14577546,KBS
2023-05-25 07:00:00,9477.0,9477.0,9223.0,9308.0,11540259,KBS
2023-05-26 07:00:00,9308.0,9477.0,9223.0,9392.0,9902686,KBS
2023-05-29 07:00:00,9392.0,9985.0,9392.0,9985.0,32213336,KBS
2023-05-30 07:00:00,9985.0,10069.0,9815.0,9985.0,15239674,KBS
2023-05-31 07:00:00,9985.0,10069.0,9646.0,9815.0,22383835,KBS
2023-06-01 07:00:00,9900.0,10154.0,9731.0,9985.0,20962332,KBS
2023-06-02 07:00:00,9985.0,10323.0,9985.0,10154.0,22750494,KBS
2023-06-05 07:00:00,10154.0,10408.0,9985.0,10154.0,20143460,KBS
2023-06-06 07:00:00,10069.0,10746.0,9985.0,10746.0,41409882,KBS
2023-06-07 07:00:00,10831.0,10915.0,10577.0,10746.0,17457009,KBS
2023-06-08 07:00:00,10746.0,10831.0,10408.0,10408.0,32412496,KBS
2023-06-09 07:00:00,10408.0,10746.0,10323.0,10746.0,24391025,KBS
2023-06-12 07:00:00,10746.0,11000.0,10577.0,11000.0,23706893,KBS
2023-06-13 07:00:00,11000.0,11508.0,11000.0,11423.0,32489235,KBS
2023-06-14 07:00:00,11508.0,11508.0,11254.0,11254.0,24788847,KBS
2023-06-15 07:00:00,11169.0,11423.0,11085.0,11338.0,16990615,KBS
2023-06-16 07:00:00,11338.0,12015.0,11338.0,11423.0,44396972,KBS
2023-06-19 07:00:00,11423.0,11677.0,11254.0,11423.0,26609415,KBS
2023-06-20 07:00:00,11423.0,11677.0,11338.0,11677.0,19284592,KBS
2023-06-21 07:00:00,11762.0,11931.0,11592.0,11846.0,20943809,KBS
2023-06-22 07:00:00,11846.0,11931.0,11677.0,11762.0,19944281,KBS
2023-06-23 07:00:00,11846.0,12015.0,11592.0,11677.0,23500319,KBS
2023-06-26 07:00:00,11677.0,11677.0,11169.0,11592.0,33192032,KBS
2023-06-27 07:00:00,11592.0,11762.0,11423.0,11592.0,14281992,KBS
2023-06-28 07:00:00,11677.0,11762.0,11423.0,11423.0,19368868,KBS
2023-06-29 07:00:00,11508.0,11508.0,11000.0,11000.0,33175627,KBS
2023-06-30 07:00:00,9900.0,11338.0,9900.0,11169.0,14519079,KBS
2023-07-03 07:00:00,11169.0,11423.0,11169.0,11338.0,10455994,KBS
2023-07-04 07:00:00,11338.0,11677.0,11254.0,11592.0,25961602,KBS
2023-07-05 07:00:00,11677.0,11762.0,11508.0,11508.0,16905222,KBS
2023-07-06 07:00:00,11508.0,11677.0,11169.0,11508.0,24484141,KBS
2023-07-07 07:00:00,11508.0,11592.0,11169.0,11592.0,17137810,KBS
2023-07-10 07:00:00,11592.0,12185.0,11592.0,12100.0,36671561,KBS
2023-07-11 07:00:00,12100.0,12269.0,11931.0,12015.0,18024014,KBS
2023-07-12 07:00:00,12015.0,12269.0,12015.0,12100.0,16772920,KBS
2023-07-13 07:00:00,12100.0,12269.0,11508.0,12269.0,14623668,KBS
2023-07-14 07:00:00,12269.0,12354.0,11931.0,12354.0,21526020,KBS
2023-07-17 07:00:00,12354.0,12608.0,12269.0,12438.0,17430145,KBS
2023-07-18 07:00:00,12438.0,12523.0,12185.0,12269.0,12919921,KBS
2023-07-19 07:00:00,12269.0,12438.0,12185.0,12269.0,16783226,KBS
2023-07-20 07:00:00,12269.0,12354.0,12015.0,12185.0,13665410,KBS
2023-07-21 07:00:00,12269.0,12438.0,12100.0,12438.0,22432739,KBS
2023-07-24 07:00:00,12438.0,12862.0,12438.0,12862.0,23470100,KBS
2023-07-25 07:00:00,12354.0,13031.0,12354.0,12777.0,15923799,KBS
2023-07-26 07:00:00,12777.0,12946.0,12608.0,12862.0,12183953,KBS
2023-07-27 07:00:00,12862.0,13031.0,12692.0,12862.0,15768289,KBS
2023-07-28 07:00:00,12862.0,13115.0,12777.0,13115.0,21642085,KBS
2023-07-31 07:00:00,13115.0,13285.0,12862.0,13200.0,13847675,KBS
2023-08-01 07:00:00,13285.0,13285.0,12692.0,12692.0,17091009,KBS
2023-08-02 07:00:00,12692.0,13031.0,12608.0,12862.0,12638729,KBS
2023-08-03 07:00:00,12862.0,13115.0,12777.0,12946.0,14969468,KBS
2023-08-04 07:00:00,12946.0,13285.0,12862.0,13115.0,17333318,KBS
2023-08-07 07:00:00,13200.0,13792.0,13200.0,13623.0,25398063,KBS
2023-08-08 07:00:00,13792.0,13877.0,13454.0,13623.0,17249132,KBS
2023-08-09 07:00:00,13623.0,13792.0,13369.0,13369.0,18753251,KBS
2023-08-10 07:00:00,13369.0,13454.0,13031.0,13031.0,19226402,KBS
2023-08-11 07:00:00,13031.0,13538.0,12862.0,13538.0,16875708,KBS
2023-08-14 07:00:00,13538.0,14469.0,13454.0,14215.0,32174959,KBS
2023-08-15 07:00:00,14215.0,14385.0,13962.0,14046.0,11842364,KBS
2023-08-16 07:00:00,13962.0,14131.0,13792.0,14131.0,14712840,KBS
2023-08-17 07:00:00,14131.0,14723.0,14046.0,14131.0,25806175,KBS
2023-08-18 07:00:00,14131.0,14131.0,12777.0,12777.0,45197426,KBS
2023-08-21 07:00:00,12777.0,13538.0,12608.0,13200.0,25522746,KBS
2023-08-22 07:00:00,13285.0,13877.0,12692.0,13877.0,33407902,KBS
2023-08-23 07:00:00,13877.0,14131.0,13538.0,13538.0,17258252,KBS
2023-08-24 07:00:00,13538.0,14300.0,13454.0,14300.0,30421805,KBS
2023-08-25 07:00:00,14385.0,14638.0,14131.0,14300.0,22886395,KBS
2023-08-28 07:00:00,14300.0,14638.0,14300.0,14638.0,22863191,KBS
2023-08-29 07:00:00,14638.0,15062.0,14554.0,14977.0,24446419,KBS
2023-08-30 07:00:00,14977.0,15738.0,14808.0,15654.0,22724693,KBS
2023-08-31 07:00:00,15654.0,15823.0,15569.0,15738.0,16553147,KBS
2023-09-05 07:00:00,15908.0,15908.0,15062.0,15569.0,18169741,KBS
2023-09-06 07:00:00,15485.0,16415.0,15400.0,16162.0,17401465,KBS
2023-09-07 07:00:00,16162.0,16331.0,15992.0,15992.0,13285522,KBS
2023-09-08 07:00:00,16077.0,16162.0,15908.0,15908.0,11893255,KBS
2023-09-11 07:00:00,16077.0,16500.0,15823.0,15908.0,22373183,KBS
2023-09-12 07:00:00,15738.0,17346.0,15738.0,17346.0,27208077,KBS
2023-09-13 07:00:00,17346.0,17515.0,16754.0,17177.0,18944376,KBS
2023-09-14 07:00:00,17262.0,17262.0,16415.0,16585.0,26748401,KBS
2023-09-15 07:00:00,16585.0,16838.0,16331.0,16585.0,15943381,KBS
2023-09-18 07:00:00,16585.0,16923.0,16162.0,16500.0,18867666,KBS
2023-09-19 07:00:00,16500.0,16754.0,15992.0,16585.0,20039515,KBS
2023-09-20 07:00:00,16669.0,17177.0,16585.0,17092.0,13758129,KBS
2023-09-21 07:00:00,17092.0,17262.0,16162.0,16246.0,31980179,KBS
2023-09-22 07:00:00,16077.0,16246.0,14723.0,15062.0,53071128,KBS
2023-09-25 07:00:00,14808.0,15231.0,13623.0,13623.0,38692472,KBS
2023-09-26 07:00:00,13115.0,14808.0,13115.0,13877.0,33079168,KBS
2023-09-27 07:00:00,13962.0,14977.0,13792.0,14977.0,31573673,KBS
2023-09-28 07:00:00,15146.0,15146.0,14215.0,14723.0,24779275,KBS
2023-09-29 07:00:00,14808.0,15146.0,14469.0,14554.0,21508904,KBS
2023-10-02 07:00:00,14554.0,14977.0,14554.0,14723.0,16069763,KBS
2023-10-03 07:00:00,14723.0,14723.0,13454.0,13454.0,40338674,KBS
2023-10-04 07:00:00,13285.0,14638.0,12777.0,14300.0,33973051,KBS
2023-10-05 07:00:00,14385.0,14638.0,13962.0,14046.0,18812622,KBS
2023-10-06 07:00:00,13962.0,14723.0,13708.0,14638.0,24169014,KBS
2023-10-09 07:00:00,14638.0,15062.0,14469.0,14892.0,23395312,KBS
2023-10-10 07:00:00,14892.0,15315.0,14638.0,14638.0,24511764,KBS
2023-10-11 07:00:00,14723.0,15485.0,14554.0,15400.0,29895972,KBS
2023-10-12 07:00:00,15400.0,15654.0,14892.0,15315.0,24528720,KBS
2023-10-13 07:00:00,15231.0,15569.0,14892.0,15400.0,22187238,KBS
2023-10-16 07:00:00,15400.0,15485.0,14892.0,14977.0,20752115,KBS
2023-10-17 07:00:00,14977.0,15231.0,13708.0,13708.0,27620360,KBS
2023-10-18 07:00:00,13792.0,14385.0,12946.0,13962.0,38260703,KBS
2023-10-19 07:00:00,13962.0,14131.0,13369.0,13369.0,19739679,KBS
2023-10-20 07:00:00,13369.0,14131.0,12777.0,14131.0,29017008,KBS
2023-10-23 07:00:00,14215.0,14215.0,13623.0,13792.0,17653797,KBS
2023-10-24 07:00:00,12438.0,14131.0,12438.0,13962.0,19326762,KBS
2023-10-25 07:00:00,13962.0,14385.0,13623.0,13708.0,24660999,KBS
2023-10-26 07:00:00,13538.0,13708.0,12354.0,12438.0,63141573,KBS
2023-10-27 07:00:00,11931.0,12946.0,11931.0,12777.0,25604285,KBS
2023-10-30 07:00:00,12777.0,12777.0,11677.0,11677.0,19534894,KBS
2023-10-31 07:00:00,11846.0,11931.0,10831.0,10915.0,34571425,KBS
2023-11-01 07:00:00,10746.0,11931.0,10323.0,11931.0,47367812,KBS
2023-11-02 07:00:00,12100.0,13115.0,11846.0,13031.0,37509188,KBS
2023-11-03 07:00:00,13115.0,13285.0,12608.0,12946.0,28951640,KBS
2023-11-06 07:00:00,12946.0,13538.0,12015.0,13538.0,33884165,KBS
2023-11-07 07:00:00,12185.0,13962.0,12185.0,13454.0,32997067,KBS
2023-11-08 07:00:00,12354.0,14723.0,12354.0,14723.0,43403550,KBS
2023-11-09 07:00:00,14892.0,15315.0,14638.0,14638.0,36449787,KBS
2023-11-10 07:00:00,14638.0,15146.0,14385.0,14723.0,35874188,KBS
2023-11-13 07:00:00,14723.0,14977.0,14385.0,14808.0,33880691,KBS
2023-11-14 07:00:00,14892.0,15569.0,14723.0,14892.0,27676750,KBS
2023-11-15 07:00:00,13454.0,15823.0,13454.0,14977.0,34084931,KBS
2023-11-16 07:00:00,14808.0,15315.0,14808.0,15315.0,16036955,KBS
2023-11-17 07:00:00,15315.0,15569.0,14638.0,14723.0,38121066,KBS
2023-11-20 07:00:00,14554.0,15485.0,13792.0,15231.0,32135791,KBS
2023-11-21 07:00:00,15231.0,15569.0,15146.0,15231.0,20971349,KBS
2023-11-22 07:00:00,15231.0,15569.0,15146.0,15569.0,29182745,KBS
2023-11-23 07:00:00,15569.0,15738.0,14385.0,14385.0,28552032,KBS
2023-11-24 07:00:00,14385.0,15062.0,14131.0,15062.0,38198427,KBS
2023-11-27 07:00:00,15062.0,15231.0,14638.0,14723.0,12652657,KBS
2023-11-28 07:00:00,13962.0,15062.0,13962.0,14892.0,19877096,KBS
2023-11-29 07:00:00,14892.0,15400.0,14892.0,15315.0,23793094,KBS
2023-11-30 07:00:00,15315.0,15738.0,15231.0,15315.0,40036591,KBS
2023-12-01 07:00:00,15400.0,15738.0,15146.0,15569.0,24574596,KBS
2023-12-04 07:00:00,15654.0,16838.0,15654.0,16500.0,44494448,KBS
2023-12-05 07:00:00,15908.0,16669.0,15908.0,16415.0,20832000,KBS
2023-12-06 07:00:00,16415.0,16669.0,16246.0,16669.0,17675431,KBS
2023-12-07 07:00:00,16669.0,16754.0,15569.0,15992.0,65432346,KBS
2023-12-08 07:00:00,15992.0,16162.0,15569.0,15654.0,19222195,KBS
2023-12-11 07:00:00,15654.0,15992.0,15400.0,15823.0,21472872,KBS
2023-12-12 07:00:00,15654.0,15992.0,14300.0,15738.0,10070933,KBS
2023-12-13 07:00:00,15738.0,15992.0,15231.0,15400.0,20500628,KBS
2023-12-14 07:00:00,15485.0,15738.0,15315.0,15400.0,18356995,KBS
2023-12-15 07:00:00,15400.0,15823.0,15315.0,15654.0,17653305,KBS
2023-12-18 07:00:00,15485.0,15738.0,15400.0,15485.0,11270715,KBS
2023-12-19 07:00:00,15485.0,15908.0,15400.0,15908.0,19144415,KBS
2023-12-20 07:00:00,15738.0,16077.0,15738.0,15908.0,12433200,KBS
2023-12-21 07:00:00,15908.0,15908.0,15654.0,15908.0,9338663,KBS
2023-12-22 07:00:00,15738.0,16162.0,15485.0,15654.0,31971907,KBS
2023-12-25 07:00:00,15738.0,15908.0,15485.0,15738.0,11255761,KBS
2023-12-26 07:00:00,14215.0,15992.0,14215.0,15823.0,11906653,KBS
2023-12-27 07:00:00,15908.0,16162.0,15823.0,15908.0,14868378,KBS
2023-12-28 07:00:00,15992.0,16077.0,15823.0,15908.0,10740792,KBS
2023-12-29 07:00:00,14385.0,16077.0,14385.0,15992.0,14182609,KBS
2024-01-02 07:00:00,15738.0,16162.0,15569.0,15654.0,17224299,KBS
2024-01-03 07:00:00,15654.0,15823.0,15569.0,15823.0,10524622,KBS
2024-01-04 07:00:00,15908.0,16246.0,15823.0,15823.0,30042250,KBS
2024-01-05 07:00:00,15992.0,15992.0,15738.0,15823.0,12333616,KBS
2024-01-08 07:00:00,15823.0,16162.0,15823.0,15908.0,17980886,KBS
2024-01-09 07:00:00,15992.0,16077.0,15823.0,15823.0,14393834,KBS
2024-01-10 07:00:00,15908.0,15908.0,15485.0,15569.0,20897561,KBS
2024-01-11 07:00:00,15569.0,15992.0,15485.0,15738.0,20058538,KBS
2024-01-12 07:00:00,15654.0,15823.0,15400.0,15569.0,20697105,KBS
2024-01-15 07:00:00,15654.0,15738.0,15315.0,15315.0,14676506,KBS
2024-01-16 07:00:00,15315.0,15569.0,15146.0,15569.0,15633351,KBS
2024-01-17 07:00:00,15400.0,16162.0,15315.0,15738.0,25438344,KBS
2024-01-18 07:00:00,15738.0,15908.0,15654.0,15738.0,10669801,KBS
2024-01-19 07:00:00,15738.0,15992.0,15569.0,15569.0,12750062,KBS
2024-01-22 07:00:00,15654.0,15992.0,15569.0,15738.0,19062802,KBS
2024-01-23 07:00:00,15654.0,15738.0,15485.0,15569.0,17884820,KBS
2024-01-24 07:00:00,14046.0,15823.0,14046.0,15569.0,14155797,KBS
2024-01-25 07:00:00,15569.0,15654.0,15485.0,15569.0,6000044,KBS
2024-01-26 07:00:00,15654.0,15738.0,15485.0,15569.0,8806679,KBS
2024-01-29 07:00:00,15569.0,15654.0,15400.0,15485.0,7967661,KBS
2024-01-30 07:00:00,15400.0,15569.0,15400.0,15569.0,5880664,KBS
2024-01-31 07:00:00,15569.0,15992.0,15400.0,15485.0,32213254,KBS
2024-02-01 07:00:00,15569.0,15654.0,15400.0,15485.0,8153697,KBS
2024-02-02 07:00:00,15485.0,15738.0,15400.0,15485.0,20796276,KBS
2024-02-05 07:00:00,15485.0,15654.0,15231.0,15315.0,27073755,KBS
2024-02-06 07:00:00,13792.0,15569.0,13792.0,14808.0,40074873,KBS
2024-02-07 07:00:00,14808.0,15062.0,14723.0,14892.0,17812305,KBS
2024-02-15 07:00:00,14977.0,15231.0,14892.0,15146.0,11202017,KBS
2024-02-16 07:00:00,14977.0,15315.0,13962.0,15146.0,11784915,KBS
2024-02-19 07:00:00,15146.0,15231.0,14892.0,15146.0,14338696,KBS
2024-02-20 07:00:00,14046.0,15485.0,14046.0,15231.0,23392593,KBS
2024-02-21 07:00:00,15315.0,15400.0,15062.0,15146.0,10168906,KBS
2024-02-22 07:00:00,15146.0,15315.0,14977.0,14977.0,11779116,KBS
2024-02-23 07:00:00,14131.0,15062.0,13623.0,14638.0,25805239,KBS
2024-02-26 07:00:00,14554.0,15062.0,14215.0,15062.0,20440176,KBS
2024-02-27 07:00:00,14808.0,15315.0,14808.0,15146.0,14094220,KBS
2024-02-28 07:00:00,14723.0,15231.0,14723.0,14892.0,15216941,KBS
2024-02-29 07:00:00,14892.0,15315.0,14892.0,14977.0,27899376,KBS
2024-03-01 07:00:00,15062.0,15400.0,14977.0,15231.0,34231535,KBS
2024-03-04 07:00:00,15146.0,15654.0,14808.0,15315.0,22089528,KBS
2024-03-05 07:00:00,14215.0,15400.0,14215.0,15400.0,17984970,KBS
2024-03-06 07:00:00,15400.0,15485.0,14977.0,15062.0,21556286,KBS
2024-03-07 07:00:00,13623.0,15992.0,13623.0,15823.0,62656749,KBS
2024-03-08 07:00:00,15823.0,16162.0,15569.0,15654.0,39577826,KBS
2024-03-11 07:00:00,15654.0,15738.0,15062.0,15231.0,25532536,KBS
2024-03-12 07:00:00,15231.0,15315.0,14892.0,14977.0,18900315,KBS
2024-03-13 07:00:00,14638.0,15738.0,14638.0,15654.0,32528200,KBS
2024-03-14 07:00:00,15400.0,16415.0,15400.0,16162.0,63372543,KBS
2024-03-15 07:00:00,16162.0,16331.0,15823.0,16162.0,29220309,KBS
2024-03-18 07:00:00,15992.0,16669.0,15315.0,15992.0,49574580,KBS
2024-03-19 07:00:00,16077.0,16415.0,15823.0,15908.0,31059601,KBS
2024-03-20 07:00:00,15908.0,16246.0,15823.0,16246.0,25392000,KBS
2024-03-21 07:00:00,16331.0,17092.0,16331.0,16838.0,58075662,KBS
2024-03-22 07:00:00,16923.0,17262.0,16754.0,16923.0,30711453,KBS
2024-03-25 07:00:00,16923.0,17515.0,16838.0,17008.0,39879054,KBS
2024-03-26 07:00:00,16754.0,17262.0,16754.0,17262.0,22543685,KBS
2024-03-27 07:00:00,17262.0,17600.0,17177.0,17346.0,16856877,KBS
2024-03-28 07:00:00,17431.0,17515.0,17177.0,17431.0,18639693,KBS
2024-03-29 07:00:00,17431.0,17515.0,17008.0,17008.0,18355814,KBS
2024-04-01 07:00:00,17008.0,17346.0,16669.0,17177.0,23819742,KBS
2024-04-02 07:00:00,17177.0,18108.0,16838.0,17938.0,32148622,KBS
2024-04-03 07:00:00,18023.0,18192.0,17262.0,17600.0,23464149,KBS
2024-04-04 07:00:00,17177.0,17685.0,17177.0,17262.0,20892897,KBS
2024-04-05 07:00:00,17177.0,17262.0,16754.0,16754.0,27480207,KBS
2024-04-08 07:00:00,16754.0,16923.0,16500.0,16500.0,15242040,KBS
2024-04-09 07:00:00,16500.0,17092.0,16415.0,17092.0,19822622,KBS
2024-04-10 07:00:00,17008.0,17177.0,16669.0,16754.0,11612702,KBS
2024-04-11 07:00:00,16669.0,17177.0,16415.0,17008.0,19549798,KBS
2024-04-12 07:00:00,17008.0,17685.0,16754.0,17600.0,29052672,KBS
2024-04-15 07:00:00,17600.0,18108.0,16077.0,16077.0,50495135,KBS
2024-04-16 07:00:00,16077.0,16415.0,15738.0,16331.0,38201121,KBS
2024-04-17 07:00:00,16162.0,16585.0,15738.0,15738.0,20102153,KBS
2024-04-19 07:00:00,14215.0,15738.0,14215.0,14723.0,44790623,KBS
2024-04-22 07:00:00,15231.0,15992.0,14892.0,15569.0,24252185,KBS
2024-04-23 07:00:00,15569.0,15738.0,14808.0,15146.0,17849311,KBS
2024-04-24 07:00:00,14808.0,15908.0,13708.0,15738.0,23529347,KBS
2024-04-25 07:00:00,15738.0,15823.0,15400.0,15823.0,15203995,KBS
2024-04-26 07:00:00,15400.0,15823.0,15315.0,15485.0,15190042,KBS
2024-05-02 07:00:00,15485.0,15654.0,15231.0,15400.0,10885550,KBS
2024-05-03 07:00:00,15400.0,15823.0,15315.0,15400.0,12955428,KBS
2024-05-06 07:00:00,15485.0,16077.0,15400.0,15908.0,24460632,KBS
2024-05-07 07:00:00,16077.0,16077.0,15738.0,15908.0,13398211,KBS
2024-05-08 07:00:00,15908.0,16331.0,15654.0,16077.0,24629605,KBS
2024-05-09 07:00:00,16162.0,16331.0,15823.0,15908.0,15600868,KBS
2024-05-10 07:00:00,16077.0,16246.0,15738.0,16077.0,19328553,KBS
2024-05-13 07:00:00,16246.0,16246.0,15908.0,16077.0,11067444,KBS
2024-05-14 07:00:00,16077.0,16415.0,15908.0,16246.0,18773535,KBS
2024-05-15 07:00:00,16246.0,16669.0,16162.0,16415.0,22611868,KBS
2024-05-16 07:00:00,16500.0,16838.0,16331.0,16415.0,20071168,KBS
2024-05-17 07:00:00,16415.0,16754.0,16331.0,16585.0,18311145,KBS
2024-05-20 07:00:00,16669.0,16923.0,16585.0,16585.0,19644746,KBS
2024-05-21 07:00:00,14977.0,16669.0,14977.0,16500.0,18397598,KBS
2024-05-22 07:00:00,14892.0,16838.0,14892.0,16331.0,28434226,KBS
2024-05-23 07:00:00,16162.0,16415.0,15992.0,16415.0,21248924,KBS
2024-05-24 07:00:00,16415.0,16415.0,15485.0,15738.0,30502358,KBS
2024-05-27 07:00:00,14215.0,15823.0,14215.0,15654.0,9030299,KBS
2024-05-28 07:00:00,15738.0,15992.0,15654.0,15908.0,9420066,KBS
2024-05-29 07:00:00,15654.0,16077.0,15654.0,15654.0,9779051,KBS
2024-05-30 07:00:00,15654.0,15654.0,15231.0,15485.0,20830090,KBS
2024-05-31 07:00:00,15485.0,15654.0,15400.0,15400.0,6665773,KBS
2024-06-03 07:00:00,15400.0,15908.0,15400.0,15823.0,10628723,KBS
2024-06-04 07:00:00,15823.0,16077.0,15738.0,15738.0,9014780,KBS
2024-06-05 07:00:00,15654.0,16077.0,15569.0,15654.0,11719462,KBS
2024-06-06 07:00:00,15654.0,15908.0,15654.0,15738.0,8862364,KBS
2024-06-07 07:00:00,15738.0,15992.0,15654.0,15738.0,6800678,KBS
2024-06-10 07:00:00,15738.0,16162.0,15485.0,15823.0,15256192,KBS
2024-06-11 07:00:00,15823.0,16246.0,15823.0,16246.0,17182118,KBS
2024-06-12 07:00:00,15231.0,16585.0,14892.0,16500.0,18429021,KBS
2024-06-13 07:00:00,16500.0,16754.0,16415.0,16415.0,14146823,KBS
2024-06-14 07:00:00,15908.0,16669.0,15823.0,15823.0,19216020,KBS
2024-06-17 07:00:00,14554.0,15908.0,14554.0,15654.0,12704188,KBS
2024-06-18 07:00:00,14131.0,15823.0,14131.0,15654.0,7069500,KBS
2024-06-19 07:00:00,15654.0,15823.0,15485.0,15569.0,10267017,KBS
2024-06-20 07:00:00,15400.0,15738.0,15231.0,15400.0,11663359,KBS
2024-06-21 07:00:00,15315.0,15569.0,15231.0,15400.0,7303695,KBS
2024-06-24 07:00:00,13877.0,15485.0,13877.0,14723.0,27198979,KBS
2024-06-25 07:00:00,13538.0,14977.0,13285.0,14808.0,7335273,KBS
2024-06-26 07:00:00,14638.0,14977.0,14469.0,14638.0,7786838,KBS
2024-06-27 07:00:00,14638.0,14723.0,14469.0,14638.0,6506400,KBS
2024-06-28 07:00:00,13200.0,14723.0,13200.0,14215.0,15762987,KBS
2024-07-01 07:00:00,13962.0,14469.0,13200.0,14469.0,4831669,KBS
2024-07-02 07:00:00,14385.0,14723.0,14131.0,14638.0,3814767,KBS
2024-07-03 07:00:00,13200.0,15062.0,13200.0,14892.0,11593598,KBS
2024-07-04 07:00:00,14808.0,15315.0,14723.0,14977.0,8422474,KBS
2024-07-05 07:00:00,14977.0,15062.0,14723.0,14892.0,6715827,KBS
2024-07-08 07:00:00,14977.0,15062.0,14723.0,14723.0,8753767,KBS
2024-07-09 07:00:00,14723.0,15062.0,14638.0,14977.0,10817509,KBS
2024-07-10 07:00:00,13962.0,15062.0,13792.0,14808.0,6062043,KBS
2024-07-11 07:00:00,13369.0,15062.0,13369.0,14892.0,7446943,KBS
2024-07-12 07:00:00,14977.0,15062.0,14723.0,14808.0,3931265,KBS
2024-07-15 07:00:00,14638.0,14977.0,14638.0,14808.0,4722380,KBS
2024-07-16 07:00:00,13792.0,14977.0,13369.0,14723.0,7383534,KBS
2024-07-17 07:00:00,14808.0,14977.0,14215.0,14469.0,11664026,KBS
2024-07-18 07:00:00,14469.0,14638.0,14215.0,14554.0,6119164,KBS
2024-07-19 07:00:00,13115.0,14808.0,13115.0,14638.0,13787005,KBS
2024-07-22 07:00:00,14723.0,15146.0,14638.0,15062.0,19933975,KBS
2024-07-23 07:00:00,15062.0,15062.0,14469.0,14469.0,7129678,KBS
2024-07-24 07:00:00,14300.0,14469.0,14046.0,14385.0,11586513,KBS
2024-07-25 07:00:00,13454.0,14300.0,13454.0,14046.0,8149365,KBS
2024-07-26 07:00:00,14046.0,14300.0,14046.0,14215.0,4692326,KBS
2024-07-29 07:00:00,14215.0,14469.0,14131.0,14131.0,3776688,KBS
2024-07-30 07:00:00,13877.0,14215.0,13115.0,13877.0,7427057,KBS
2024-07-31 07:00:00,13877.0,14131.0,13708.0,13708.0,6022964,KBS
2024-08-01 07:00:00,13708.0,13877.0,12608.0,12777.0,27172434,KBS
2024-08-02 07:00:00,12438.0,13369.0,11846.0,13031.0,11175734,KBS
2024-08-05 07:00:00,13031.0,13031.0,11931.0,11931.0,14251853,KBS
2024-08-06 07:00:00,11931.0,12523.0,11677.0,12354.0,11128710,KBS
2024-08-07 07:00:00,12354.0,12523.0,12185.0,12354.0,6606592,KBS
2024-08-08 07:00:00,11254.0,12777.0,11254.0,12354.0,9928723,KBS
2024-08-09 07:00:00,12354.0,13031.0,12354.0,12946.0,13797224,KBS
2024-08-12 07:00:00,11931.0,13200.0,11931.0,13200.0,5479036,KBS
2024-08-13 07:00:00,12862.0,13285.0,12692.0,13031.0,6986563,KBS
2024-08-14 07:00:00,12185.0,13454.0,12185.0,13115.0,10001878,KBS
2024-08-15 07:00:00,13115.0,13200.0,12862.0,12862.0,4331890,KBS
2024-08-16 07:00:00,12862.0,13792.0,12862.0,13708.0,18160423,KBS
2024-08-19 07:00:00,13708.0,13877.0,12777.0,13454.0,9406811,KBS
2024-08-20 07:00:00,13454.0,13792.0,13285.0,13623.0,9379449,KBS
2024-08-21 07:00:00,13708.0,13962.0,13538.0,13962.0,9951200,KBS
2024-08-22 07:00:00,12608.0,14131.0,12608.0,14131.0,11021875,KBS
2024-08-23 07:00:00,15485.0,15485.0,13962.0,14215.0,10203040,KBS
2024-08-26 07:00:00,14385.0,14554.0,14046.0,14131.0,11232078,KBS
2024-08-27 07:00:00,12777.0,14215.0,12777.0,13877.0,5109883,KBS
2024-08-28 07:00:00,13962.0,13962.0,13623.0,13877.0,10257143,KBS
2024-08-29 07:00:00,12523.0,13962.0,12523.0,13877.0,3734608,KBS
2024-08-30 07:00:00,13792.0,13962.0,13623.0,13877.0,9759992,KBS
2024-09-04 07:00:00,13708.0,13792.0,13538.0,13538.0,8525803,KBS
2024-09-05 07:00:00,13538.0,13792.0,13369.0,13538.0,5476356,KBS
2024-09-06 07:00:00,13369.0,13538.0,12777.0,13200.0,9800768,KBS
2024-09-09 07:00:00,13200.0,13369.0,12523.0,12862.0,24049782,KBS
2024-09-10 07:00:00,11592.0,13031.0,11592.0,12523.0,12305385,KBS
2024-09-11 07:00:00,12608.0,12692.0,12354.0,12523.0,5442923,KBS
2024-09-12 07:00:00,12269.0,12777.0,11423.0,12438.0,5411625,KBS
2024-09-13 07:00:00,12354.0,12777.0,11846.0,12523.0,7262571,KBS
2024-09-16 07:00:00,11592.0,12692.0,11592.0,12354.0,4113961,KBS
2024-09-17 07:00:00,11423.0,12777.0,11423.0,12692.0,6085933,KBS
2024-09-18 07:00:00,12608.0,13200.0,12608.0,12946.0,11463230,KBS
2024-09-19 07:00:00,11677.0,13115.0,11677.0,12946.0,6277709,KBS
2024-09-20 07:00:00,13031.0,13285.0,12862.0,12946.0,7846870,KBS
2024-09-23 07:00:00,12862.0,13031.0,12608.0,12777.0,5627904,KBS
2024-09-24 07:00:00,12862.0,12946.0,12692.0,12946.0,5532363,KBS
2024-09-25 07:00:00,11677.0,13369.0,11677.0,13200.0,12602650,KBS
2024-09-26 07:00:00,12185.0,13454.0,12185.0,13285.0,8812115,KBS
2024-09-27 07:00:00,13285.0,13454.0,13115.0,13200.0,7464201,KBS
2024-09-30 07:00:00,13200.0,13454.0,13115.0,13200.0,8480190,KBS
2024-10-01 07:00:00,13200.0,14046.0,13200.0,13708.0,22375568,KBS
2024-10-02 07:00:00,13708.0,13877.0,13538.0,13708.0,9438502,KBS
2024-10-03 07:00:00,13708.0,13877.0,13369.0,13454.0,15628097,KBS
2024-10-04 07:00:00,13454.0,13538.0,13369.0,13369.0,5098924,KBS
2024-10-07 07:00:00,13369.0,13538.0,13115.0,13285.0,11057622,KBS
2024-10-08 07:00:00,13200.0,13454.0,13031.0,13031.0,11435527,KBS
2024-10-09 07:00:00,12946.0,13369.0,12946.0,13285.0,8906974,KBS
2024-10-10 07:00:00,13285.0,13454.0,13115.0,13115.0,4703365,KBS
2024-10-11 07:00:00,13115.0,13200.0,13031.0,13115.0,4335039,KBS
2024-10-14 07:00:00,13115.0,13454.0,13115.0,13285.0,6706236,KBS
2024-10-15 07:00:00,13285.0,13454.0,13031.0,13031.0,8983446,KBS
2024-10-16 07:00:00,13031.0,13115.0,12777.0,12862.0,6279973,KBS
2024-10-17 07:00:00,12946.0,13031.0,12608.0,13031.0,8368499,KBS
2024-10-18 07:00:00,11762.0,13200.0,11762.0,12946.0,3273947,KBS
2024-10-21 07:00:00,12692.0,12946.0,12015.0,12608.0,10524599,KBS
2024-10-22 07:00:00,12608.0,12692.0,12269.0,12354.0,12827095,KBS
2024-10-23 07:00:00,12185.0,12438.0,12100.0,12269.0,9260677,KBS
2024-10-24 07:00:00,12185.0,12354.0,11931.0,11931.0,9282463,KBS
2024-10-25 07:00:00,11931.0,12100.0,11846.0,12015.0,5588764,KBS
2024-10-28 07:00:00,11508.0,12100.0,11508.0,11846.0,12259022,KBS
2024-10-29 07:00:00,11846.0,12100.0,11677.0,12015.0,4151973,KBS
2024-10-30 07:00:00,11931.0,12100.0,11762.0,11931.0,5447446,KBS
2024-10-31 07:00:00,12015.0,12185.0,11000.0,12015.0,5481127,KBS
2024-11-01 07:00:00,11931.0,12100.0,11846.0,11846.0,4735307,KBS
2024-11-04 07:00:00,11846.0,12015.0,11677.0,11846.0,6023042,KBS
2024-11-05 07:00:00,11846.0,12015.0,11846.0,11846.0,2634571,KBS
2024-11-06 07:00:00,11000.0,12100.0,11000.0,12015.0,5040337,KBS
2024-11-07 07:00:00,12100.0,12269.0,12015.0,12015.0,4450958,KBS
2024-11-08 07:00:00,12015.0,12185.0,11931.0,11931.0,4155673,KBS
2024-11-11 07:00:00,11931.0,12015.0,11677.0,11846.0,6288932,KBS
2024-11-12 07:00:00,11846.0,12015.0,11846.0,11846.0,4076978,KBS
2024-11-13 07:00:00,11677.0,11846.0,11677.0,11762.0,4517088,KBS
2024-11-14 07:00:00,11677.0,11846.0,11423.0,11508.0,6207130,KBS
2024-11-15 07:00:00,11508.0,11592.0,11085.0,11169.0,9284727,KBS
2024-11-18 07:00:00,10323.0,11423.0,10323.0,11169.0,8790635,KBS
2024-11-19 07:00:00,11085.0,11338.0,10915.0,10915.0,5366907,KBS
2024-11-20 07:00:00,10154.0,11423.0,10154.0,11085.0,7798372,KBS
2024-11-21 07:00:00,11085.0,11338.0,11085.0,11169.0,2603942,KBS
2024-11-22 07:00:00,11085.0,11254.0,11000.0,11000.0,4057974,KBS
2024-11-25 07:00:00,10915.0,11085.0,10915.0,11085.0,3001199,KBS
2024-11-26 07:00:00,11000.0,11508.0,10915.0,11338.0,7631736,KBS
2024-11-27 07:00:00,10238.0,11423.0,10238.0,11338.0,3880227,KBS
2024-11-28 07:00:00,10238.0,11423.0,10238.0,11169.0,3564112,KBS
2024-11-29 07:00:00,11169.0,11254.0,11085.0,11169.0,3263016,KBS
2024-12-02 07:00:00,11169.0,11423.0,11169.0,11169.0,2353717,KBS
2024-12-03 07:00:00,11169.0,11254.0,11085.0,11085.0,3842821,KBS
2024-12-04 07:00:00,11000.0,11085.0,10831.0,10915.0,6242540,KBS
2024-12-05 07:00:00,10831.0,11846.0,10746.0,11762.0,17358352,KBS
2024-12-06 07:00:00,11846.0,11931.0,11508.0,11508.0,8256269,KBS
2024-12-09 07:00:00,11423.0,11762.0,11338.0,11508.0,5484760,KBS
2024-12-10 07:00:00,11423.0,11677.0,11338.0,11423.0,4593050,KBS
2024-12-11 07:00:00,11508.0,11592.0,11254.0,11423.0,8687158,KBS
2024-12-12 07:00:00,11000.0,11508.0,11000.0,11338.0,5108514,KBS
2024-12-13 07:00:00,11338.0,11338.0,11169.0,11169.0,3541441,KBS
2024-12-16 07:00:00,11169.0,11338.0,11169.0,11254.0,3826978,KBS
2024-12-17 07:00:00,11254.0,11338.0,11169.0,11254.0,2505294,KBS
2024-12-18 07:00:00,11000.0,11338.0,11000.0,11254.0,5298772,KBS
2024-12-19 07:00:00,11254.0,11254.0,10915.0,11085.0,7025717,KBS
2024-12-20 07:00:00,11000.0,11169.0,10915.0,11000.0,4560162,KBS
2024-12-23 07:00:00,11000.0,11169.0,10915.0,11000.0,3992304,KBS
2024-12-24 07:00:00,10154.0,11085.0,10154.0,10915.0,3503486,KBS
2024-12-25 07:00:00,10154.0,11338.0,10154.0,11085.0,8551815,KBS
2024-12-26 07:00:00,11085.0,11254.0,11000.0,11000.0,1990955,KBS
2024-12-27 07:00:00,10915.0,11169.0,10915.0,11000.0,4099049,KBS
2024-12-30 07:00:00,10831.0,11085.0,10831.0,11000.0,4635312,KBS
2024-12-31 07:00:00,10915.0,11000.0,10831.0,10831.0,4484129,KBS
2025-01-02 07:00:00,10069.0,11000.0,10069.0,10831.0,3701067,KBS
2025-01-03 07:00:00,10746.0,10915.0,10069.0,10577.0,5583633,KBS
2025-01-06 07:00:00,10577.0,10662.0,10323.0,10323.0,6299758,KBS
2025-01-07 07:00:00,10238.0,10492.0,9308.0,10154.0,4943671,KBS
2025-01-08 07:00:00,10154.0,10238.0,9562.0,10154.0,4736814,KBS
2025-01-09 07:00:00,9138.0,10238.0,9138.0,9985.0,3652061,KBS
2025-01-10 07:00:00,9815.0,10069.0,9138.0,9646.0,7515865,KBS
2025-01-13 07:00:00,8969.0,9815.0,8715.0,9646.0,7702756,KBS
2025-01-14 07:00:00,9562.0,9731.0,9223.0,9477.0,4381745,KBS
2025-01-15 07:00:00,8546.0,9900.0,8546.0,9815.0,8881350,KBS
2025-01-16 07:00:00,9138.0,10408.0,9138.0,10069.0,9398989,KBS
2025-01-17 07:00:00,9985.0,10323.0,9985.0,10323.0,4890344,KBS
2025-01-20 07:00:00,9562.0,10492.0,9562.0,10154.0,6370137,KBS
2025-01-21 07:00:00,10069.0,10746.0,9562.0,10492.0,15147082,KBS
2025-01-22 07:00:00,10492.0,10662.0,10492.0,10492.0,8846609,KBS
2025-01-23 07:00:00,10492.0,10915.0,10408.0,10831.0,10407000,KBS
2025-01-24 07:00:00,9815.0,10915.0,9815.0,10831.0,5764540,KBS
2025-02-03 07:00:00,10662.0,11085.0,10662.0,10915.0,14638670,KBS
2025-02-04 07:00:00,10323.0,11762.0,9900.0,11677.0,25304055,KBS
2025-02-05 07:00:00,11085.0,11762.0,10662.0,11592.0,6781706,KBS
2025-02-06 07:00:00,10492.0,11846.0,10492.0,11592.0,10602630,KBS
2025-02-07 07:00:00,11592.0,11677.0,11338.0,11508.0,13254976,KBS
2025-02-10 07:00:00,11423.0,11592.0,11254.0,11338.0,12907207,KBS
2025-02-11 07:00:00,11254.0,11508.0,11085.0,11423.0,7797751,KBS
2025-02-12 07:00:00,10323.0,11677.0,10323.0,11423.0,6740441,KBS
2025-02-13 07:00:00,10831.0,11508.0,10746.0,11423.0,4474482,KBS
2025-02-14 07:00:00,11423.0,11762.0,11423.0,11592.0,16039761,KBS
2025-02-17 07:00:00,11508.0,12100.0,11508.0,11846.0,16217927,KBS
2025-02-18 07:00:00,11762.0,12100.0,11592.0,12015.0,14376506,KBS
2025-02-19 07:00:00,11931.0,12269.0,11931.0,12100.0,8307659,KBS
2025-02-20 07:00:00,12015.0,12269.0,12015.0,12185.0,7714176,KBS
2025-02-21 07:00:00,12100.0,12185.0,11931.0,12015.0,8191228,KBS
2025-02-24 07:00:00,10831.0,12269.0,10831.0,12269.0,9737371,KBS
2025-02-25 07:00:00,11169.0,12523.0,11169.0,12185.0,12620895,KBS
2025-02-26 07:00:00,12100.0,12354.0,12015.0,12100.0,11240493,KBS
2025-02-27 07:00:00,12185.0,12269.0,11846.0,12100.0,11784197,KBS
2025-02-28 07:00:00,12185.0,12354.0,12015.0,12100.0,8858028,KBS
2025-03-03 07:00:00,12015.0,12100.0,11508.0,11762.0,28903276,KBS
2025-03-04 07:00:00,11592.0,11846.0,11423.0,11677.0,7515823,KBS
2025-03-05 07:00:00,11592.0,11931.0,11592.0,11592.0,7713921,KBS
2025-03-06 07:00:00,11592.0,12100.0,11592.0,12100.0,18267608,KBS
2025-03-07 07:00:00,12100.0,12185.0,12015.0,12185.0,13382116,KBS
2025-03-10 07:00:00,12185.0,12438.0,12100.0,12269.0,11659960,KBS
2025-03-11 07:00:00,11931.0,12354.0,11931.0,12354.0,10141323,KBS
2025-03-12 07:00:00,12354.0,12862.0,12269.0,12692.0,22982167,KBS
2025-03-13 07:00:00,11423.0,12777.0,11423.0,12438.0,12730329,KBS
2025-03-14 07:00:00,12100.0,12946.0,11423.0,12608.0,16543031,KBS
2025-03-17 07:00:00,12523.0,13031.0,12438.0,12692.0,9882512,KBS
2025-03-18 07:00:00,12777.0,12862.0,12523.0,12608.0,9617191,KBS
2025-03-19 07:00:00,12438.0,12608.0,12354.0,12438.0,8269741,KBS
2025-03-20 07:00:00,12438.0,12862.0,12438.0,12608.0,16352853,KBS
2025-03-21 07:00:00,11423.0,12692.0,11423.0,12438.0,7188996,KBS
2025-03-24 07:00:00,12523.0,12777.0,12354.0,12777.0,11712245,KBS
2025-03-25 07:00:00,11508.0,12946.0,11508.0,12692.0,10391465,KBS
2025-03-26 07:00:00,12777.0,12777.0,12354.0,12354.0,13006506,KBS
2025-03-27 07:00:00,12100.0,12523.0,12100.0,12438.0,7247379,KBS
2025-03-28 07:00:00,12438.0,12523.0,12269.0,12438.0,8044708,KBS
2025-03-31 07:00:00,12354.0,12438.0,12185.0,12185.0,10172887,KBS
2025-04-01 07:00:00,12185.0,12608.0,12185.0,12608.0,11534743,KBS
2025-04-02 07:00:00,12608.0,12777.0,12523.0,12608.0,12082852,KBS
2025-04-03 07:00:00,12100.0,12438.0,11423.0,11423.0,30358160,KBS
2025-04-04 07:00:00,11085.0,11338.0,10492.0,11254.0,25269993,KBS
2025-04-08 07:00:00,11000.0,11254.0,10154.0,10154.0,17486830,KBS
2025-04-09 07:00:00,9138.0,10577.0,9138.0,9900.0,28649985,KBS
2025-04-10 07:00:00,10662.0,10831.0,10662.0,10831.0,1946740,KBS
2025-04-11 07:00:00,11846.0,11846.0,11085.0,11592.0,23896542,KBS
2025-04-14 07:00:00,11677.0,12185.0,11423.0,11931.0,19493699,KBS
2025-04-15 07:00:00,11338.0,12100.0,11338.0,11762.0,14808584,KBS
2025-04-16 07:00:00,11169.0,12015.0,11169.0,11846.0,9501291,KBS
2025-04-17 07:00:00,11846.0,11931.0,11677.0,11931.0,8936827,KBS
2025-04-18 07:00:00,11931.0,12777.0,11846.0,12438.0,29717823,KBS
2025-04-21 07:00:00,11338.0,12608.0,11338.0,12269.0,16753563,KBS
2025-04-22 07:00:00,11592.0,12354.0,11085.0,12015.0,32994002,KBS
2025-04-23 07:00:00,11846.0,12523.0,11846.0,12100.0,13566343,KBS
2025-04-24 07:00:00,13200.0,13300.0,12200.0,12300.0,18106694,KBS
2025-04-25 07:00:00,12400.0,12500.0,12100.0,12300.0,10311617,KBS
2025-04-28 07:00:00,12300.0,12500.0,12200.0,12300.0,10012603,KBS
2025-04-29 07:00:00,12300.0,12400.0,12200.0,12300.0,5793415,KBS
2025-05-05 07:00:00,12400.0,12600.0,12100.0,12300.0,9192500,KBS
2025-05-06 07:00:00,12200.0,12700.0,12200.0,12400.0,16843500,KBS
2025-05-07 07:00:00,12400.0,12500.0,12200.0,12300.0,7216900,KBS
2025-05-08 07:00:00,12400.0,12600.0,12300.0,12500.0,15357300,KBS
2025-05-09 07:00:00,12500.0,12600.0,12300.0,12300.0,7300500,KBS
2025-05-12 07:00:00,12300.0,12500.0,12200.0,12400.0,11722300,KBS
2025-05-13 07:00:00,12400.0,12800.0,12400.0,12500.0,17202700,KBS
2025-05-14 07:00:00,12500.0,13000.0,12500.0,12800.0,27600600,KBS
2025-05-15 07:00:00,12800.0,13300.0,12800.0,13100.0,20882200,KBS
2025-05-16 07:00:00,13100.0,13400.0,12800.0,12800.0,15066100,KBS
2025-05-19 07:00:00,13000.0,13000.0,12600.0,12700.0,11665700,KBS
2025-05-20 07:00:00,12700.0,13000.0,12600.0,12900.0,10787500,KBS
2025-05-21 07:00:00,12900.0,13100.0,12700.0,12900.0,15204900,KBS
2025-05-22 07:00:00,12900.0,13600.0,12800.0,13000.0,32160800,KBS
2025-05-23 07:00:00,13000.0,13300.0,12900.0,13100.0,11093600,KBS
2025-05-26 07:00:00,13100.0,13300.0,12900.0,13300.0,14933800,KBS
2025-05-27 07:00:00,13400.0,13700.0,13300.0,13400.0,21260700,KBS
2025-05-28 07:00:00,13500.0,13800.0,13300.0,13400.0,14306600,KBS
2025-05-29 07:00:00,13500.0,13600.0,13200.0,13300.0,11611100,KBS
2025-05-30 07:00:00,13400.0,13600.0,13100.0,13100.0,16895900,KBS
2025-06-02 07:00:00,13000.0,13400.0,13000.0,13400.0,13358600,KBS
2025-06-03 07:00:00,13400.0,14300.0,13400.0,13800.0,42722800,KBS
2025-06-04 07:00:00,13900.0,14100.0,13600.0,13800.0,14806900,KBS
2025-06-05 07:00:00,13800.0,13900.0,13400.0,13500.0,19806800,KBS
2025-06-06 07:00:00,13500.0,13600.0,13300.0,13500.0,13072000,KBS
2025-06-09 07:00:00,13500.0,13600.0,13200.0,13300.0,13068800,KBS
2025-06-10 07:00:00,13300.0,13500.0,13100.0,13200.0,12564200,KBS
2025-06-11 07:00:00,12200.0,13300.0,12200.0,13100.0,9585200,KBS
2025-06-12 07:00:00,13500.0,14000.0,13100.0,13300.0,9299400,KBS
2025-06-13 07:00:00,13300.0,13300.0,12600.0,12800.0,36069800,KBS
2025-06-16 07:00:00,12800.0,13200.0,12700.0,13100.0,10862600,KBS
2025-06-17 07:00:00,13100.0,13200.0,12900.0,13000.0,10232500,KBS
2025-06-18 07:00:00,12900.0,13100.0,12900.0,13000.0,9551400,KBS
2025-06-19 07:00:00,13000.0,13100.0,12300.0,12800.0,8369700,KBS
2025-06-20 07:00:00,12900.0,13100.0,12800.0,12900.0,8181600,KBS
2025-06-23 07:00:00,12800.0,12900.0,12700.0,12700.0,8443400,KBS
2025-06-24 07:00:00,12900.0,13200.0,12600.0,13000.0,17362700,KBS
2025-06-25 07:00:00,13000.0,13100.0,12900.0,12900.0,8931800,KBS
2025-06-26 07:00:00,12700.0,13000.0,12600.0,12900.0,14499600,KBS
2025-06-27 07:00:00,12300.0,13000.0,12300.0,12900.0,9724000,KBS
2025-06-30 07:00:00,13000.0,13200.0,12900.0,12900.0,9933700,KBS
2025-07-01 07:00:00,11900.0,13000.0,11900.0,12800.0,7136200,KBS
2025-07-02 07:00:00,11600.0,13600.0,11600.0,13400.0,30898500,KBS
2025-07-03 07:00:00,13400.0,13800.0,13200.0,13400.0,37177900,KBS
2025-07-04 07:00:00,13500.0,13700.0,13300.0,13500.0,17149600,KBS
2025-07-07 07:00:00,13500.0,14300.0,13500.0,14100.0,39281900,KBS
2025-07-08 07:00:00,14100.0,14400.0,14000.0,14200.0,25748700,KBS
2025-07-09 07:00:00,14100.0,14900.0,14100.0,14400.0,47776200,KBS
2025-07-10 07:00:00,14500.0,14600.0,14200.0,14400.0,18629600,KBS
2025-07-11 07:00:00,14400.0,14900.0,14200.0,14600.0,40197500,KBS
2025-07-14 07:00:00,14700.0,15200.0,14400.0,14700.0,31850700,KBS
2025-07-15 07:00:00,14800.0,15700.0,14800.0,15000.0,50635000,KBS
2025-07-16 07:00:00,15100.0,16200.0,15000.0,16200.0,59298600,KBS
2025-07-17 07:00:00,16200.0,17200.0,16200.0,16500.0,48655800,KBS
2025-07-18 07:00:00,16500.0,17500.0,16400.0,16800.0,39058100,KBS
2025-07-21 07:00:00,16800.0,17000.0,16100.0,16400.0,46604000,KBS
2025-07-22 07:00:00,16400.0,17500.0,16100.0,17400.0,48627700,KBS
2025-07-23 07:00:00,17500.0,18500.0,17400.0,17800.0,41389100,KBS
2025-07-24 07:00:00,17800.0,18100.0,17400.0,17800.0,33213400,KBS
2025-07-25 07:00:00,17800.0,18900.0,17700.0,18600.0,45729700,KBS
2025-07-28 07:00:00,18700.0,20400.0,18700.0,20400.0,43611100,KBS
2025-07-29 07:00:00,20400.0,22100.0,19800.0,19800.0,91757500,KBS
2025-07-30 07:00:00,19700.0,21700.0,19600.0,21700.0,60012700,KBS
2025-07-31 07:00:00,21900.0,23800.0,21700.0,23000.0,51747400,KBS
2025-08-01 07:00:00,23000.0,23300.0,21000.0,21500.0,71746800,KBS
2025-08-04 07:00:00,21500.0,23600.0,20500.0,23600.0,58496800,KBS
2025-08-05 07:00:00,23600.0,25200.0,21400.0,23200.0,80318600,KBS
2025-08-06 07:00:00,23300.0,24400.0,23000.0,24200.0,44736600,KBS
2025-08-07 07:00:00,25000.0,25000.0,23500.0,24100.0,30051100,KBS
2025-08-08 07:00:00,24100.0,24300.0,23000.0,23400.0,52210400,KBS
2025-08-11 07:00:00,23400.0,24500.0,23000.0,24400.0,47430700,KBS
2025-08-12 07:00:00,24000.0,24700.0,23600.0,23900.0,20558900,KBS
2025-08-13 07:00:00,24000.0,25200.0,23800.0,24900.0,60722300,KBS
2025-08-14 07:00:00,25000.0,26700.0,24800.0,25600.0,34428600,KBS
2025-08-15 07:00:00,25700.0,26300.0,24700.0,25300.0,43536500,KBS
2025-08-18 07:00:00,25500.0,25800.0,24600.0,25300.0,34903900,KBS
2025-08-19 07:00:00,25400.0,27100.0,25000.0,26000.0,44978200,KBS
2025-08-20 07:00:00,26000.0,27000.0,23500.0,26600.0,61348000,KBS
2025-08-21 07:00:00,26300.0,27300.0,25900.0,26600.0,32501600,KBS
2025-08-22 07:00:00,26600.0,26600.0,24500.0,25100.0,46412100,KBS
2025-08-25 07:00:00,25100.0,25800.0,23000.0,24000.0,35734700,KBS
2025-08-26 07:00:00,23600.0,26400.0,22200.0,26300.0,35521400,KBS
2025-08-27 07:00:00,26300.0,27500.0,26300.0,26400.0,39019500,KBS
2025-08-28 07:00:00,26500.0,27400.0,25800.0,27300.0,36086300,KBS
2025-08-29 07:00:00,27300.0,29500.0,27300.0,29200.0,44137500,KBS
2025-09-03 07:00:00,29700.0,30000.0,28000.0,28600.0,35051100,KBS
2025-09-04 07:00:00,28600.0,29400.0,28500.0,29100.0,20442600,KBS
2025-09-05 07:00:00,29200.0,29700.0,27000.0,27000.0,33622800,KBS
2025-09-08 07:00:00,27000.0,27500.0,25100.0,25300.0,57663000,KBS
2025-09-09 07:00:00,25100.0,26800.0,24800.0,26800.0,27910600,KBS
2025-09-10 07:00:00,27100.0,27400.0,26200.0,26600.0,19057100,KBS
2025-09-11 07:00:00,26600.0,26800.0,24600.0,26000.0,37440300,KBS
2025-09-12 07:00:00,26000.0,26500.0,25900.0,26000.0,13493500,KBS
2025-09-15 07:00:00,26000.0,27000.0,25800.0,26600.0,19407200,KBS
2025-09-16 07:00:00,26800.0,27400.0,26300.0,26400.0,25734500,KBS
2025-09-17 07:00:00,26400.0,26500.0,25600.0,25600.0,16791400,KBS
2025-09-18 07:00:00,25400.0,25900.0,25000.0,25300.0,18162900,KBS
2025-09-19 07:00:00,25300.0,25700.0,25100.0,25100.0,15065200,KBS
2025-09-22 07:00:00,25100.0,25400.0,24000.0,24200.0,24518100,KBS
2025-09-23 07:00:00,24500.0,25000.0,24200.0,24500.0,10938700,KBS
2025-09-24 07:00:00,24700.0,25900.0,24100.0,25900.0,17764600,KBS
2025-09-25 07:00:00,25900.0,26300.0,25400.0,25500.0,19046000,KBS
2025-09-26 07:00:00,25500.0,25700.0,24500.0,24700.0,22066700,KBS
2025-09-29 07:00:00,25200.0,26500.0,24600.0,25300.0,16792900,KBS
2025-09-30 07:00:00,25400.0,25900.0,24600.0,25700.0,20548700,KBS
2025-10-01 07:00:00,25600.0,26600.0,25600.0,25800.0,21434000,KBS
2025-10-02 07:00:00,26100.0,26200.0,25000.0,25000.0,17179900,KBS
2025-10-03 07:00:00,25100.0,25100.0,24300.0,24300.0,17500700,KBS
2025-10-06 07:00:00,24300.0,26700.0,24300.0,26700.0,33015700,KBS
2025-10-07 07:00:00,27000.0,27400.0,26200.0,26300.0,23687900,KBS
2025-10-08 07:00:00,27000.0,28200.0,26100.0,26600.0,37991400,KBS
2025-10-09 07:00:00,26600.0,27200.0,26500.0,26700.0,16476200,KBS
2025-10-10 07:00:00,26800.0,27100.0,26300.0,26500.0,21471300,KBS
2025-10-13 07:00:00,26500.0,26800.0,25700.0,26800.0,27743300,KBS
2025-10-14 07:00:00,27100.0,28100.0,26800.0,26900.0,46769300,KBS
2025-10-15 07:00:00,26900.0,27400.0,26700.0,27000.0,22879400,KBS
2025-10-16 07:00:00,27100.0,27800.0,27000.0,27300.0,25918800,KBS
2025-10-17 07:00:00,27300.0,28200.0,27100.0,27400.0,31139000,KBS
2025-10-20 07:00:00,27600.0,28000.0,24700.0,24700.0,49358400,KBS
2025-10-21 07:00:00,24700.0,25600.0,23600.0,24800.0,34701100,KBS
2025-10-22 07:00:00,25000.0,25400.0,23600.0,24900.0,27540900,KBS
2025-10-23 07:00:00,25000.0,25200.0,24000.0,24000.0,17022500,KBS
2025-10-24 07:00:00,24000.0,24000.0,22700.0,23100.0,34391300,KBS
2025-10-27 07:00:00,23200.0,24200.0,22800.0,23000.0,25077500,KBS
2025-10-28 07:00:00,23000.0,23900.0,22800.0,23900.0,16347100,KBS
2025-10-29 07:00:00,24000.0,24500.0,23800.0,24000.0,12267800,KBS
2025-10-30 07:00:00,23900.0,24100.0,22800.0,23100.0,20367600,KBS
2025-10-31 07:00:00,23100.0,23400.0,22900.0,23000.0,15495600,KBS
2025-11-03 07:00:00,23000.0,23200.0,20800.0,20800.0,42867600,KBS
2025-11-04 07:00:00,20700.0,22800.0,20200.0,22800.0,35928800,KBS
2025-11-05 07:00:00,23000.0,23200.0,22500.0,22600.0,19017700,KBS
2025-11-06 07:00:00,22500.0,23100.0,22000.0,22600.0,19963500,KBS
2025-11-07 07:00:00,22500.0,22800.0,21300.0,21400.0,22396400,KBS
2025-11-10 07:00:00,21400.0,22300.0,19700.0,21400.0,24707100,KBS
2025-11-11 07:00:00,21600.0,22400.0,21400.0,22200.0,14402700,KBS
2025-11-12 07:00:00,22300.0,22900.0,22300.0,22700.0,15153400,KBS
2025-11-13 07:00:00,22700.0,23000.0,22000.0,22400.0,12635600,KBS
2025-11-14 07:00:00,22300.0,22900.0,22100.0,22600.0,11981300,KBS
2025-11-17 07:00:00,22600.0,23100.0,22400.0,22900.0,14237600,KBS
2025-11-18 07:00:00,23000.0,23500.0,22800.0,22900.0,13873200,KBS
2025-11-19 07:00:00,22900.0,23000.0,21900.0,22200.0,16579500,KBS
2025-11-20 07:00:00,22000.0,22400.0,21700.0,22000.0,10692400,KBS
2025-11-21 07:00:00,21800.0,22000.0,21400.0,21600.0,12814100,KBS
2025-11-24 07:00:00,21600.0,22100.0,21500.0,21500.0,7279100,KBS
2025-11-25 07:00:00,19600.0,21600.0,19600.0,20600.0,19483700,KBS
2025-11-26 07:00:00,21000.0,22100.0,20700.0,21700.0,17340500,KBS
2025-11-27 07:00:00,21800.0,22000.0,21400.0,21400.0,9490400,KBS
2025-11-28 07:00:00,21600.0,21600.0,20800.0,21000.0,11487500,KBS
2025-12-01 07:00:00,21000.0,21300.0,20500.0,20500.0,15659400,KBS
2025-12-02 07:00:00,20800.0,21300.0,20400.0,21300.0,15950400,KBS
2025-12-03 07:00:00,21300.0,21600.0,21100.0,21400.0,16171000,KBS
2025-12-04 07:00:00,21600.0,22200.0,21200.0,22000.0,23061300,KBS
2025-12-05 07:00:00,21600.0,22200.0,19900.0,21600.0,15596900,KBS
2025-12-08 07:00:00,21600.0,21700.0,21000.0,21000.0,14511800,KBS
2025-12-09 07:00:00,21100.0,21600.0,20500.0,21200.0,23894700,KBS
2025-12-10 07:00:00,21200.0,21700.0,20900.0,21300.0,8461600,KBS
2025-12-11 07:00:00,21300.0,21700.0,21000.0,21200.0,11720100,KBS
2025-12-12 07:00:00,21300.0,21500.0,20200.0,20300.0,22414100,KBS
2025-12-15 07:00:00,19500.0,20800.0,18600.0,20300.0,17923700,KBS
2025-12-16 07:00:00,20300.0,21900.0,20000.0,21400.0,21259100,KBS
2025-12-17 07:00:00,21400.0,21600.0,20500.0,21000.0,7533800,KBS
2025-12-18 07:00:00,21000.0,21300.0,20500.0,21000.0,9420900,KBS
2025-12-19 07:00:00,21000.0,21400.0,20800.0,21300.0,12815300,KBS
2025-12-22 07:00:00,21200.0,22200.0,21200.0,21900.0,17527600,KBS
2025-12-23 07:00:00,21900.0,22300.0,21200.0,21400.0,13919500,KBS
2025-12-24 07:00:00,21400.0,22000.0,21200.0,21700.0,12521200,KBS
2025-12-25 07:00:00,21700.0,22200.0,21200.0,21300.0,18872000,KBS
2025-12-26 07:00:00,21200.0,21500.0,20500.0,21100.0,23718800,KBS
2025-12-29 07:00:00,21100.0,21200.0,20700.0,20800.0,9517300,KBS
2025-12-30 07:00:00,20800.0,21900.0,20700.0,20900.0,7398800,KBS
2025-12-31 07:00:00,20900.0,21100.0,20600.0,20600.0,8020700,KBS
2026-01-05 07:00:00,20700.0,20700.0,19000.0,19400.0,23244600,KBS
2026-01-06 07:00:00,19400.0,19700.0,18400.0,18800.0,25776000,KBS
2026-01-07 07:00:00,18400.0,19600.0,18400.0,19400.0,11956700,KBS
2026-01-08 07:00:00,19400.0,20100.0,19200.0,19700.0,26794100,KBS
2026-01-09 07:00:00,19700.0,19900.0,18700.0,18800.0,18677300,KBS
2026-01-12 07:00:00,18800.0,20600.0,18800.0,20600.0,27350700,KBS
2026-01-13 07:00:00,20800.0,22000.0,20800.0,20800.0,28713800,KBS
2026-01-14 07:00:00,20900.0,21300.0,20100.0,20800.0,22393000,KBS
2026-01-15 07:00:00,20900.0,21100.0,20300.0,20500.0,17772200,KBS
2026-01-16 07:00:00,20500.0,20800.0,19900.0,20200.0,18108300,KBS
2026-01-19 07:00:00,20200.0,20700.0,20000.0,20200.0,11095900,KBS
2026-01-20 07:00:00,20000.0,20500.0,19800.0,19800.0,14611300,KBS
2026-01-21 07:00:00,19900.0,19900.0,18800.0,19100.0,23090700,KBS
2026-01-22 07:00:00,19200.0,19800.0,19100.0,19400.0,13907700,KBS
2026-01-23 07:00:00,19400.0,20000.0,19400.0,19500.0,16102500,KBS
2026-01-26 07:00:00,19500.0,19800.0,18600.0,19000.0,21003400,KBS
2026-01-27 07:00:00,18600.0,19200.0,17300.0,19000.0,7523700,KBS
2026-01-28 07:00:00,19000.0,19200.0,18600.0,18700.0,11283600,KBS
2026-01-29 07:00:00,18700.0,19100.0,18500.0,18600.0,16603000,KBS
2026-01-30 07:00:00,18500.0,19000.0,18500.0,18700.0,14024700,KBS
2026-02-02 07:00:00,17500.0,19000.0,17100.0,18800.0,15568800,KBS
2026-02-03 07:00:00,18900.0,19100.0,18700.0,18700.0,15816800,KBS
2026-02-04 07:00:00,18900.0,19500.0,18800.0,18900.0,15457100,KBS
2026-02-05 07:00:00,19200.0,19300.0,18600.0,18800.0,7716200,KBS
2026-02-06 07:00:00,18700.0,18800.0,17900.0,17900.0,18724800,KBS
2026-02-09 07:00:00,18400.0,18400.0,17700.0,17700.0,8063300,KBS
2026-02-10 07:00:00,17800.0,18000.0,17300.0,17600.0,6859000,KBS
2026-02-11 07:00:00,17600.0,18400.0,17500.0,18300.0,7871600,KBS
2026-02-12 07:00:00,18400.0,18500.0,18100.0,18300.0,4544900,KBS
2026-02-13 07:00:00,18300.0,18600.0,18100.0,18500.0,8232500,KBS
2026-02-23 07:00:00,18700.0,18800.0,18400.0,18800.0,7336400,KBS
2026-02-24 07:00:00,18700.0,19500.0,18600.0,19100.0,22118000,KBS
2026-02-25 07:00:00,19100.0,19300.0,18800.0,18800.0,12351900,KBS
2026-02-26 07:00:00,18900.0,19100.0,18700.0,19000.0,7064800,KBS
2026-02-27 07:00:00,19000.0,19300.0,18800.0,18900.0,13602600,KBS
2026-03-02 07:00:00,18900.0,18900.0,17500.0,18100.0,19607000,KBS
2026-03-03 07:00:00,18100.0,19100.0,18000.0,18300.0,13292600,KBS
2026-03-04 07:00:00,18200.0,18800.0,17700.0,18800.0,23964400,KBS
2026-03-05 07:00:00,18800.0,20600.0,18800.0,19700.0,46292500,KBS
2026-03-06 07:00:00,19700.0,19800.0,18300.0,18400.0,28098300,KBS
2026-03-09 07:00:00,18000.0,18000.0,16600.0,16600.0,22527100,KBS
2026-03-10 07:00:00,16500.0,18100.0,16100.0,16600.0,34412900,KBS
2026-03-11 07:00:00,16700.0,17700.0,16200.0,17400.0,14671300,KBS
2026-03-12 07:00:00,18000.0,18100.0,16700.0,16700.0,15539400,KBS
2026-03-13 07:00:00,16700.0,17000.0,16300.0,16400.0,15754300,KBS
2026-03-16 07:00:00,16400.0,16900.0,16200.0,16400.0,14192600,KBS
2026-03-17 07:00:00,16500.0,17200.0,16500.0,16600.0,14525300,KBS
2026-03-18 07:00:00,16700.0,16900.0,16000.0,16200.0,13893700,KBS
2026-03-19 07:00:00,15900.0,16200.0,15400.0,15700.0,21030900,KBS
2026-03-20 07:00:00,15000.0,16300.0,14500.0,16000.0,17057000,KBS
2026-03-23 07:00:00,16000.0,16000.0,14800.0,14800.0,18999700,KBS
2026-03-24 07:00:00,15600.0,15800.0,15200.0,15400.0,9864700,KBS
2026-03-25 07:00:00,15400.0,16300.0,15400.0,16000.0,17691500,KBS
2026-03-26 07:00:00,16000.0,16200.0,14600.0,15900.0,13001400,KBS
2026-03-27 07:00:00,15900.0,17100.0,15800.0,17100.0,27286600,KBS
2026-03-30 07:00:00,16500.0,16900.0,15800.0,16700.0,11768500,KBS
2026-03-31 07:00:00,16600.0,17200.0,16600.0,16700.0,16486800,KBS
2026-04-01 07:00:00,17100.0,17800.0,17000.0,17500.0,23775000,KBS
2026-04-02 07:00:00,17500.0,17700.0,16800.0,17100.0,15791300,KBS
2026-04-03 07:00:00,17000.0,17400.0,16900.0,16900.0,8204800,KBS
2026-04-06 07:00:00,16900.0,17100.0,16500.0,16500.0,9889900,KBS
2026-04-07 07:00:00,16500.0,17200.0,16400.0,17200.0,11287900,KBS
2026-04-08 07:00:00,17800.0,18800.0,17800.0,18600.0,32378300,KBS
2026-04-09 07:00:00,18600.0,18700.0,18000.0,18000.0,22323000,KBS
2026-04-10 07:00:00,18500.0,18600.0,17800.0,17900.0,29125700,KBS
2026-04-13 07:00:00,17900.0,18200.0,17500.0,17900.0,24550600,KBS
2026-04-14 07:00:00,17900.0,18400.0,17900.0,18100.0,12452300,KBS
2026-04-15 07:00:00,18100.0,18700.0,18100.0,18200.0,24890100,KBS
2026-04-16 07:00:00,18300.0,18700.0,18000.0,18400.0,19021400,KBS
2026-04-17 07:00:00,18600.0,18900.0,18100.0,18100.0,12131200,KBS
2026-04-20 07:00:00,17100.0,18300.0,17100.0,18100.0,8811200,KBS
2026-04-21 07:00:00,18000.0,18200.0,17400.0,17400.0,21479000,KBS
2026-04-22 07:00:00,17500.0,17600.0,17300.0,17300.0,8067500,KBS
2026-04-23 07:00:00,17000.0,17500.0,16800.0,17000.0,12989700,KBS
2026-04-24 07:00:00,16900.0,17200.0,16800.0,16900.0,6510000,KBS
2026-04-28 07:00:00,16900.0,17100.0,16700.0,16700.0,3928300,KBS
2026-04-29 07:00:00,16700.0,17000.0,16600.0,16900.0,5464300,KBS
2026-05-04 07:00:00,17100.0,17300.0,16900.0,16900.0,7359200,KBS
2026-05-05 07:00:00,16900.0,17100.0,16700.0,16700.0,5458100,KBS
2026-05-06 07:00:00,16700.0,17700.0,16600.0,17500.0,15998400,KBS
2026-05-07 07:00:00,17400.0,17800.0,17200.0,17200.0,7977300,KBS
2026-05-08 07:00:00,17300.0,17600.0,17000.0,17400.0,9142500,KBS
2026-05-11 07:00:00,17400.0,18100.0,17300.0,17700.0,21225600,KBS
2026-05-12 07:00:00,17800.0,17900.0,17600.0,17800.0,5939200,KBS
2026-05-13 07:00:00,17800.0,18200.0,17500.0,17700.0,16742700,KBS
2026-05-14 07:00:00,17700.0,17900.0,17500.0,17700.0,6632100,KBS
2026-05-15 07:00:00,17700.0,18000.0,17600.0,17700.0,6131400,KBS
2026-05-18 07:00:00,17600.0,18000.0,17400.0,18000.0,18875700,KBS
2026-05-19 07:00:00,18000.0,18400.0,17800.0,17800.0,21939600,KBS
2026-05-20 07:00:00,17800.0,17800.0,16600.0,17200.0,16894900,KBS
2026-05-21 07:00:00,17400.0,17500.0,17000.0,17100.0,6433300,KBS
2026-05-22 07:00:00,17100.0,18100.0,16900.0,17700.0,17698700,KBS
2026-05-25 07:00:00,17800.0,18000.0,17700.0,17700.0,5507000,KBS
2026-05-26 07:00:00,17700.0,18700.0,17700.0,18400.0,31133800,KBS
2026-05-27 07:00:00,18400.0,18600.0,18200.0,18300.0,9205400,KBS
2026-05-28 07:00:00,18200.0,18700.0,18000.0,18000.0,16785200,KBS
2026-05-29 07:00:00,18000.0,18300.0,17700.0,18000.0,11117000,KBS
2026-06-01 07:00:00,18000.0,18600.0,17900.0,18200.0,11885500,KBS
2026-06-02 07:00:00,18100.0,18400.0,17500.0,17700.0,13567800,KBS
2026-06-03 07:00:00,17700.0,18500.0,17100.0,18400.0,18804100,KBS
2026-06-04 07:00:00,18400.0,18500.0,17500.0,18200.0,6573500,KBS
2026-06-05 07:00:00,18200.0,18400.0,18000.0,18000.0,9040600,KBS
