date,open,high,low,close,volume,_source
2020-01-02 07:00:00,26545.0,26545.0,26235.0,26297.0,3450,KBS
2020-01-03 07:00:00,26297.0,26297.0,26235.0,26235.0,2200,KBS
2020-01-06 07:00:00,26235.0,26235.0,26235.0,26235.0,50,KBS
2020-01-07 07:00:00,25925.0,26483.0,25863.0,26483.0,7620,KBS
2020-01-08 07:00:00,26483.0,26669.0,26483.0,26483.0,7417,KBS
2020-01-09 07:00:00,26483.0,26483.0,25925.0,25925.0,1763,KBS
2020-01-10 07:00:00,26359.0,26359.0,26359.0,26359.0,157,KBS
2020-01-13 07:00:00,26359.0,26607.0,26049.0,26359.0,1620,KBS
2020-01-14 07:00:00,26359.0,26359.0,26049.0,26049.0,3200,KBS
2020-01-15 07:00:00,26111.0,26111.0,26049.0,26049.0,2100,KBS
2020-01-16 07:00:00,26049.0,26111.0,25739.0,25739.0,4900,KBS
2020-01-17 07:00:00,25739.0,26359.0,25739.0,26359.0,4830,KBS
2020-01-20 07:00:00,26359.0,26359.0,26359.0,26359.0,100,KBS
2020-01-21 07:00:00,26669.0,26669.0,26359.0,26359.0,2500,KBS
2020-01-22 07:00:00,26359.0,26359.0,26049.0,26049.0,1500,KBS
2020-01-30 07:00:00,26049.0,26049.0,25491.0,25987.0,1410,KBS
2020-01-31 07:00:00,25801.0,25801.0,25429.0,25429.0,4700,KBS
2020-02-03 07:00:00,25429.0,25429.0,24684.0,25429.0,5500,KBS
2020-02-04 07:00:00,25429.0,25429.0,25429.0,25429.0,300,KBS
2020-02-05 07:00:00,25429.0,25429.0,25429.0,25429.0,800,KBS
2020-02-06 07:00:00,25491.0,25739.0,25429.0,25739.0,600,KBS
2020-02-07 07:00:00,25801.0,25801.0,25429.0,25801.0,7300,KBS
2020-02-10 07:00:00,26049.0,28220.0,26049.0,27165.0,7020,KBS
2020-02-11 07:00:00,27289.0,27289.0,27227.0,27227.0,1703,KBS
2020-02-12 07:00:00,27910.0,29894.0,27910.0,29894.0,20371,KBS
2020-02-13 07:00:00,31631.0,32871.0,31011.0,32871.0,32480,KBS
2020-02-14 07:00:00,34732.0,35352.0,32871.0,34112.0,14878,KBS
2020-02-17 07:00:00,34112.0,34112.0,32251.0,34112.0,16450,KBS
2020-02-18 07:00:00,32933.0,34112.0,32251.0,33802.0,17638,KBS
2020-02-19 07:00:00,34732.0,37151.0,34112.0,37151.0,16630,KBS
2020-02-20 07:00:00,37833.0,40810.0,37213.0,39694.0,33870,KBS
2020-02-21 07:00:00,39694.0,40624.0,38763.0,38763.0,14650,KBS
2020-02-24 07:00:00,38763.0,41430.0,37213.0,39445.0,25500,KBS
2020-02-25 07:00:00,39508.0,40934.0,39321.0,40314.0,13320,KBS
2020-02-26 07:00:00,40314.0,40314.0,39073.0,39694.0,9700,KBS
2020-02-27 07:00:00,39135.0,40624.0,38205.0,39694.0,18798,KBS
2020-02-28 07:00:00,39073.0,39073.0,36220.0,38453.0,21432,KBS
2020-03-02 07:00:00,37833.0,38763.0,35972.0,35972.0,8295,KBS
2020-03-03 07:00:00,35352.0,36779.0,33740.0,33740.0,33158,KBS
2020-03-04 07:00:00,33740.0,34174.0,33740.0,34174.0,13290,KBS
2020-03-05 07:00:00,33988.0,34980.0,33864.0,34980.0,2615,KBS
2020-03-06 07:00:00,36468.0,36468.0,33988.0,35042.0,5100,KBS
2020-03-09 07:00:00,33988.0,33988.0,31569.0,31569.0,12050,KBS
2020-03-10 07:00:00,28468.0,31631.0,28468.0,29150.0,11100,KBS
2020-03-11 07:00:00,29336.0,29336.0,28344.0,28406.0,15600,KBS
2020-03-12 07:00:00,28344.0,28344.0,26173.0,26359.0,16893,KBS
2020-03-13 07:00:00,26359.0,27227.0,26235.0,27227.0,11545,KBS
2020-03-16 07:00:00,29894.0,29894.0,28468.0,29150.0,1510,KBS
2020-03-17 07:00:00,28530.0,28530.0,26917.0,28282.0,2715,KBS
2020-03-18 07:00:00,28530.0,29770.0,26979.0,26979.0,5323,KBS
2020-03-19 07:00:00,27041.0,27351.0,27041.0,27351.0,3100,KBS
2020-03-20 07:00:00,26421.0,27848.0,26421.0,26731.0,1000,KBS
2020-03-23 07:00:00,26731.0,27537.0,24808.0,24808.0,5810,KBS
2020-03-24 07:00:00,24808.0,24933.0,24808.0,24871.0,1905,KBS
2020-03-25 07:00:00,25801.0,26979.0,25739.0,26979.0,2000,KBS
2020-03-26 07:00:00,26669.0,26669.0,26049.0,26049.0,2000,KBS
2020-03-27 07:00:00,26359.0,26359.0,26049.0,26049.0,3400,KBS
2020-03-30 07:00:00,26049.0,26049.0,24995.0,25429.0,2500,KBS
2020-03-31 07:00:00,25429.0,25429.0,25429.0,25429.0,1300,KBS
2020-04-01 07:00:00,23010.0,25739.0,23010.0,25739.0,2500,KBS
2020-04-03 07:00:00,25801.0,26049.0,25739.0,26049.0,2400,KBS
2020-04-06 07:00:00,27910.0,27910.0,26545.0,26545.0,200,KBS
2020-04-07 07:00:00,24808.0,27599.0,24808.0,26979.0,4410,KBS
2020-04-08 07:00:00,26669.0,29274.0,26669.0,29274.0,2700,KBS
2020-04-09 07:00:00,27041.0,30080.0,27041.0,29398.0,2000,KBS
2020-04-10 07:00:00,29770.0,29770.0,29770.0,29770.0,100,KBS
2020-04-13 07:00:00,26855.0,28902.0,26855.0,28406.0,11100,KBS
2020-04-15 07:00:00,25677.0,28530.0,25677.0,28530.0,1210,KBS
2020-04-16 07:00:00,28530.0,28530.0,28220.0,28220.0,3800,KBS
2020-04-17 07:00:00,28344.0,29460.0,28344.0,29460.0,5765,KBS
2020-04-20 07:00:00,29770.0,30080.0,29460.0,29522.0,4200,KBS
2020-04-21 07:00:00,29832.0,32189.0,29770.0,31011.0,17410,KBS
2020-04-22 07:00:00,31011.0,31011.0,30390.0,30700.0,3660,KBS
2020-04-23 07:00:00,30949.0,30949.0,30390.0,30825.0,5900,KBS
2020-04-24 07:00:00,30638.0,30638.0,30390.0,30390.0,5510,KBS
2020-04-27 07:00:00,30514.0,30514.0,30080.0,30080.0,6640,KBS
2020-04-28 07:00:00,30514.0,32561.0,29770.0,32375.0,32620,KBS
2020-04-29 07:00:00,32375.0,32375.0,31693.0,31693.0,3200,KBS
2020-05-04 07:00:00,32251.0,32251.0,31321.0,31631.0,6600,KBS
2020-05-05 07:00:00,31631.0,31631.0,31321.0,31507.0,3300,KBS
2020-05-06 07:00:00,31383.0,31569.0,31321.0,31507.0,6400,KBS
2020-05-07 07:00:00,31383.0,31445.0,31011.0,31011.0,6800,KBS
2020-05-08 07:00:00,31011.0,31321.0,29894.0,31011.0,8200,KBS
2020-05-11 07:00:00,31135.0,31321.0,31011.0,31011.0,7600,KBS
2020-05-12 07:00:00,31011.0,31197.0,30390.0,31135.0,6110,KBS
2020-05-13 07:00:00,31197.0,31631.0,31011.0,31135.0,9850,KBS
2020-05-14 07:00:00,31197.0,32747.0,31197.0,32003.0,8100,KBS
2020-05-15 07:00:00,32003.0,32313.0,31197.0,31197.0,14530,KBS
2020-05-18 07:00:00,31197.0,31321.0,31011.0,31321.0,2500,KBS
2020-05-19 07:00:00,31321.0,31631.0,31259.0,31321.0,5900,KBS
2020-05-20 07:00:00,31631.0,32871.0,31631.0,32499.0,18300,KBS
2020-05-21 07:00:00,32251.0,34050.0,32251.0,33864.0,26954,KBS
2020-05-22 07:00:00,32933.0,33740.0,32871.0,33491.0,4600,KBS
2020-05-25 07:00:00,33802.0,34112.0,33367.0,33553.0,3501,KBS
2020-05-26 07:00:00,33057.0,33864.0,32871.0,33864.0,9400,KBS
2020-05-27 07:00:00,33181.0,33491.0,32871.0,33491.0,1450,KBS
2020-05-28 07:00:00,33678.0,34732.0,33491.0,33491.0,11000,KBS
2020-05-29 07:00:00,33491.0,33491.0,32995.0,32995.0,480,KBS
2020-06-01 07:00:00,32995.0,32995.0,32871.0,32871.0,1840,KBS
2020-06-02 07:00:00,32871.0,33181.0,32871.0,33181.0,2760,KBS
2020-06-03 07:00:00,33181.0,33181.0,33181.0,33181.0,1610,KBS
2020-06-04 07:00:00,33181.0,33802.0,33181.0,33491.0,2080,KBS
2020-06-05 07:00:00,32933.0,33181.0,32871.0,32871.0,3000,KBS
2020-06-08 07:00:00,33491.0,34422.0,33305.0,34112.0,28920,KBS
2020-06-09 07:00:00,34422.0,35662.0,33491.0,35538.0,19230,KBS
2020-06-10 07:00:00,35290.0,35290.0,33491.0,33802.0,13300,KBS
2020-06-11 07:00:00,35662.0,35662.0,31631.0,31631.0,19610,KBS
2020-06-12 07:00:00,31135.0,32251.0,30514.0,32251.0,5320,KBS
2020-06-15 07:00:00,31941.0,31941.0,30514.0,30514.0,7460,KBS
2020-06-16 07:00:00,31507.0,31507.0,31011.0,31011.0,3702,KBS
2020-06-17 07:00:00,31507.0,31507.0,31507.0,31507.0,128,KBS
2020-06-18 07:00:00,32127.0,32127.0,32127.0,32127.0,209,KBS
2020-06-19 07:00:00,31321.0,32251.0,31011.0,32189.0,2600,KBS
2020-06-22 07:00:00,31073.0,31631.0,31073.0,31631.0,900,KBS
2020-06-23 07:00:00,31631.0,32127.0,31321.0,31631.0,4844,KBS
2020-06-24 07:00:00,31569.0,32065.0,31321.0,31879.0,4410,KBS
2020-06-25 07:00:00,31879.0,31879.0,31879.0,31879.0,1600,KBS
2020-06-26 07:00:00,31879.0,31879.0,31879.0,31879.0,10,KBS
2020-06-29 07:00:00,31135.0,31135.0,30700.0,30700.0,7600,KBS
2020-06-30 07:00:00,31569.0,31569.0,30700.0,30700.0,800,KBS
2020-07-01 07:00:00,30763.0,31011.0,30763.0,30887.0,1900,KBS
2020-07-02 07:00:00,30887.0,30949.0,30514.0,30949.0,6204,KBS
2020-07-03 07:00:00,31011.0,31321.0,31011.0,31321.0,1939,KBS
2020-07-06 07:00:00,30514.0,31011.0,30514.0,31011.0,800,KBS
2020-07-07 07:00:00,31073.0,31569.0,31073.0,31569.0,1100,KBS
2020-07-08 07:00:00,31569.0,31569.0,31507.0,31507.0,1200,KBS
2020-07-09 07:00:00,31507.0,31507.0,31197.0,31197.0,2700,KBS
2020-07-10 07:00:00,31197.0,31321.0,31011.0,31321.0,2139,KBS
2020-07-13 07:00:00,31135.0,31321.0,31135.0,31321.0,3500,KBS
2020-07-14 07:00:00,31631.0,31879.0,31321.0,31321.0,3810,KBS
2020-07-15 07:00:00,31631.0,32499.0,31631.0,32499.0,6500,KBS
2020-07-16 07:00:00,32251.0,32251.0,32251.0,32251.0,100,KBS
2020-07-17 07:00:00,31755.0,31755.0,31073.0,31631.0,1430,KBS
2020-07-20 07:00:00,32251.0,34236.0,32251.0,33181.0,11560,KBS
2020-07-21 07:00:00,35662.0,36468.0,35414.0,36468.0,19641,KBS
2020-07-22 07:00:00,36593.0,39073.0,36593.0,38143.0,15320,KBS
2020-07-23 07:00:00,37213.0,37833.0,37027.0,37027.0,6850,KBS
2020-07-24 07:00:00,36406.0,36903.0,34112.0,35600.0,15330,KBS
2020-07-27 07:00:00,34732.0,34732.0,32933.0,33181.0,5710,KBS
2020-07-28 07:00:00,34422.0,35352.0,34422.0,35042.0,4400,KBS
2020-07-29 07:00:00,35042.0,35042.0,33181.0,34732.0,3400,KBS
2020-07-30 07:00:00,35352.0,35352.0,35352.0,35352.0,1280,KBS
2020-07-31 07:00:00,34112.0,34112.0,34112.0,34112.0,820,KBS
2020-08-03 07:00:00,34732.0,37213.0,34732.0,37213.0,8700,KBS
2020-08-04 07:00:00,37585.0,38391.0,37213.0,37213.0,4730,KBS
2020-08-05 07:00:00,37833.0,37833.0,37213.0,37213.0,7500,KBS
2020-08-06 07:00:00,37213.0,37833.0,37213.0,37833.0,7020,KBS
2020-08-07 07:00:00,37957.0,39073.0,37957.0,38763.0,10424,KBS
2020-08-10 07:00:00,38763.0,39508.0,37833.0,37895.0,9700,KBS
2020-08-11 07:00:00,37895.0,37895.0,37275.0,37523.0,2500,KBS
2020-08-12 07:00:00,38453.0,38453.0,38453.0,38453.0,2000,KBS
2020-08-13 07:00:00,38453.0,38763.0,37709.0,38391.0,5381,KBS
2020-08-14 07:00:00,38391.0,38391.0,37647.0,37647.0,2100,KBS
2020-08-17 07:00:00,38143.0,38329.0,38019.0,38329.0,4300,KBS
2020-08-18 07:00:00,38329.0,38329.0,38329.0,38329.0,29,KBS
2020-08-19 07:00:00,38143.0,38329.0,37709.0,38329.0,7200,KBS
2020-08-20 07:00:00,39321.0,41802.0,39321.0,41740.0,23455,KBS
2020-08-21 07:00:00,41740.0,41740.0,40934.0,41182.0,10410,KBS
2020-08-24 07:00:00,41182.0,42795.0,41182.0,42174.0,22410,KBS
2020-08-25 07:00:00,42174.0,44035.0,41926.0,44035.0,23100,KBS
2020-08-26 07:00:00,44655.0,46516.0,44097.0,44097.0,13710,KBS
2020-08-27 07:00:00,42795.0,44593.0,42298.0,44593.0,6840,KBS
2020-08-28 07:00:00,44035.0,44035.0,42981.0,42981.0,8900,KBS
2020-08-31 07:00:00,42485.0,43105.0,42360.0,42609.0,12401,KBS
2020-09-01 07:00:00,42795.0,44035.0,42795.0,43973.0,6909,KBS
2020-09-03 07:00:00,43725.0,44655.0,43725.0,44655.0,18100,KBS
2020-09-04 07:00:00,44035.0,45213.0,43415.0,43415.0,10630,KBS
2020-09-07 07:00:00,43167.0,43725.0,42795.0,43477.0,14518,KBS
2020-09-08 07:00:00,43291.0,43787.0,43105.0,43787.0,14700,KBS
2020-09-09 07:00:00,43539.0,43787.0,43415.0,43787.0,4900,KBS
2020-09-10 07:00:00,43787.0,45896.0,43787.0,44779.0,25829,KBS
2020-09-11 07:00:00,44717.0,45089.0,43911.0,44779.0,15900,KBS
2020-09-14 07:00:00,46578.0,48749.0,44965.0,48377.0,56771,KBS
2020-09-15 07:00:00,48315.0,48315.0,46702.0,48066.0,6412,KBS
2020-09-16 07:00:00,48066.0,48128.0,47756.0,47818.0,25600,KBS
2020-09-17 07:00:00,47136.0,47880.0,46206.0,46330.0,26520,KBS
2020-09-18 07:00:00,46454.0,46578.0,45958.0,46454.0,16620,KBS
2020-09-21 07:00:00,46454.0,46454.0,45896.0,46144.0,20400,KBS
2020-09-22 07:00:00,46020.0,46206.0,45586.0,46206.0,10300,KBS
2020-09-23 07:00:00,45896.0,46206.0,45710.0,45896.0,11460,KBS
2020-09-24 07:00:00,45834.0,45834.0,45275.0,45524.0,4900,KBS
2020-09-25 07:00:00,45462.0,45462.0,44903.0,45275.0,15080,KBS
2020-09-28 07:00:00,45275.0,47756.0,45213.0,47260.0,65710,KBS
2020-09-29 07:00:00,47260.0,47880.0,47260.0,47694.0,68929,KBS
2020-09-30 07:00:00,47756.0,47756.0,47446.0,47694.0,20510,KBS
2020-10-01 07:00:00,47694.0,47694.0,46640.0,47322.0,39810,KBS
2020-10-02 07:00:00,47322.0,47446.0,46640.0,46888.0,29430,KBS
2020-10-05 07:00:00,47260.0,47260.0,46950.0,47074.0,11650,KBS
2020-10-06 07:00:00,47074.0,49493.0,47074.0,49493.0,76509,KBS
2020-10-07 07:00:00,49493.0,49493.0,49245.0,49307.0,21620,KBS
2020-10-08 07:00:00,49369.0,49369.0,48563.0,48935.0,18766,KBS
2020-10-09 07:00:00,48935.0,48935.0,48377.0,48749.0,21914,KBS
2020-10-12 07:00:00,48749.0,48811.0,48377.0,48563.0,18489,KBS
2020-10-13 07:00:00,48501.0,48625.0,48315.0,48625.0,8624,KBS
2020-10-14 07:00:00,48563.0,48563.0,48315.0,48377.0,12086,KBS
2020-10-15 07:00:00,48377.0,48563.0,47756.0,47818.0,32058,KBS
2020-10-16 07:00:00,47136.0,48377.0,47074.0,48377.0,38510,KBS
2020-10-19 07:00:00,48445.0,48445.0,44902.0,45855.0,22240,KBS
2020-10-20 07:00:00,45855.0,45855.0,41563.0,42312.0,50630,KBS
2020-10-21 07:00:00,42244.0,42244.0,39587.0,42244.0,17400,KBS
2020-10-22 07:00:00,41222.0,42244.0,40882.0,41699.0,13990,KBS
2020-10-23 07:00:00,41699.0,41699.0,40882.0,41290.0,14476,KBS
2020-10-26 07:00:00,41222.0,41290.0,40200.0,40200.0,18406,KBS
2020-10-27 07:00:00,40132.0,40200.0,38292.0,39314.0,34648,KBS
2020-10-28 07:00:00,38837.0,39178.0,38020.0,38361.0,20136,KBS
2020-10-29 07:00:00,38088.0,38088.0,37134.0,37475.0,15400,KBS
2020-10-30 07:00:00,37475.0,37747.0,36453.0,36453.0,25671,KBS
2020-11-02 07:00:00,36453.0,37134.0,35226.0,37134.0,19550,KBS
2020-11-03 07:00:00,37066.0,38497.0,37066.0,38292.0,41806,KBS
2020-11-04 07:00:00,38292.0,38769.0,37815.0,38565.0,22490,KBS
2020-11-05 07:00:00,38769.0,41154.0,38769.0,40541.0,37504,KBS
2020-11-06 07:00:00,40541.0,40609.0,39110.0,39860.0,10290,KBS
2020-11-09 07:00:00,39519.0,40064.0,39519.0,39996.0,11320,KBS
2020-11-10 07:00:00,39587.0,39655.0,39178.0,39587.0,14470,KBS
2020-11-11 07:00:00,39587.0,39791.0,39519.0,39587.0,12600,KBS
2020-11-12 07:00:00,39178.0,39587.0,39178.0,39451.0,7304,KBS
2020-11-13 07:00:00,39519.0,39587.0,39383.0,39451.0,9510,KBS
2020-11-16 07:00:00,39519.0,40200.0,39519.0,39928.0,43060,KBS
2020-11-17 07:00:00,40200.0,42926.0,40200.0,42789.0,55067,KBS
2020-11-18 07:00:00,42926.0,42926.0,40473.0,42653.0,9121,KBS
2020-11-19 07:00:00,42244.0,42653.0,41904.0,42040.0,12740,KBS
2020-11-20 07:00:00,41904.0,42926.0,41631.0,42585.0,44240,KBS
2020-11-23 07:00:00,42585.0,42585.0,42108.0,42517.0,21216,KBS
2020-11-24 07:00:00,42449.0,42585.0,42176.0,42585.0,50385,KBS
2020-11-25 07:00:00,42585.0,43539.0,42585.0,43130.0,38721,KBS
2020-11-26 07:00:00,42381.0,43334.0,42381.0,42721.0,34251,KBS
2020-11-27 07:00:00,43130.0,43130.0,42312.0,42585.0,22544,KBS
2020-11-30 07:00:00,42585.0,42653.0,42244.0,42312.0,23310,KBS
2020-12-01 07:00:00,42244.0,42244.0,40882.0,42040.0,41870,KBS
2020-12-02 07:00:00,41563.0,42789.0,41563.0,42789.0,29800,KBS
2020-12-03 07:00:00,42789.0,44288.0,42789.0,43948.0,34378,KBS
2020-12-04 07:00:00,43948.0,43948.0,43266.0,43607.0,10620,KBS
2020-12-07 07:00:00,43607.0,43811.0,43266.0,43743.0,19226,KBS
2020-12-08 07:00:00,43743.0,44697.0,43743.0,44220.0,28440,KBS
2020-12-09 07:00:00,44288.0,44629.0,43880.0,44288.0,16968,KBS
2020-12-10 07:00:00,44288.0,44288.0,43948.0,44152.0,12250,KBS
2020-12-11 07:00:00,44152.0,44493.0,44152.0,44493.0,13970,KBS
2020-12-14 07:00:00,44629.0,44970.0,44288.0,44833.0,19140,KBS
2020-12-15 07:00:00,44833.0,45447.0,44833.0,44970.0,23753,KBS
2020-12-16 07:00:00,44970.0,45924.0,44970.0,45651.0,5200,KBS
2020-12-17 07:00:00,45719.0,45787.0,44425.0,45106.0,18840,KBS
2020-12-18 07:00:00,45106.0,45787.0,45106.0,45651.0,9200,KBS
2020-12-21 07:00:00,45515.0,46673.0,45515.0,46673.0,16400,KBS
2020-12-22 07:00:00,47354.0,47559.0,46741.0,47491.0,26460,KBS
2020-12-23 07:00:00,47491.0,49262.0,47491.0,47695.0,25076,KBS
2020-12-24 07:00:00,49739.0,51102.0,46332.0,47695.0,21300,KBS
2020-12-25 07:00:00,50625.0,50625.0,47831.0,49330.0,6440,KBS
2020-12-28 07:00:00,49058.0,49058.0,48717.0,49058.0,7670,KBS
2020-12-29 07:00:00,48581.0,48922.0,48376.0,48922.0,6100,KBS
2020-12-30 07:00:00,48581.0,48922.0,48036.0,48036.0,16295,KBS
2020-12-31 07:00:00,47968.0,48922.0,47968.0,48922.0,11624,KBS
2021-01-04 07:00:00,49058.0,49875.0,48717.0,49330.0,11141,KBS
2021-01-05 07:00:00,49330.0,51102.0,49330.0,49807.0,22219,KBS
2021-01-06 07:00:00,49944.0,51783.0,49944.0,51783.0,27200,KBS
2021-01-07 07:00:00,51783.0,52942.0,51783.0,52942.0,10997,KBS
2021-01-08 07:00:00,52465.0,53827.0,52124.0,52805.0,41226,KBS
2021-01-11 07:00:00,52737.0,54577.0,52737.0,54509.0,29310,KBS
2021-01-12 07:00:00,54509.0,55190.0,54168.0,54781.0,18519,KBS
2021-01-13 07:00:00,54781.0,54849.0,53827.0,54032.0,9450,KBS
2021-01-14 07:00:00,53827.0,53827.0,53010.0,53827.0,19835,KBS
2021-01-15 07:00:00,54509.0,59142.0,54509.0,58529.0,21840,KBS
2021-01-18 07:00:00,58733.0,62344.0,58529.0,61663.0,30655,KBS
2021-01-19 07:00:00,59346.0,59346.0,55531.0,57575.0,33000,KBS
2021-01-20 07:00:00,57575.0,57575.0,53827.0,57234.0,9166,KBS
2021-01-21 07:00:00,57234.0,62004.0,56553.0,62004.0,21700,KBS
2021-01-22 07:00:00,59619.0,59619.0,57916.0,59278.0,26808,KBS
2021-01-25 07:00:00,55871.0,58324.0,55054.0,57302.0,2975,KBS
2021-01-26 07:00:00,57302.0,57916.0,55940.0,57916.0,15810,KBS
2021-01-27 07:00:00,57643.0,57779.0,55190.0,56212.0,12900,KBS
2021-01-28 07:00:00,53214.0,53487.0,50625.0,50625.0,29961,KBS
2021-01-29 07:00:00,47014.0,55667.0,47014.0,55667.0,16718,KBS
2021-02-01 07:00:00,55531.0,55735.0,54509.0,55735.0,2110,KBS
2021-02-02 07:00:00,53487.0,61186.0,53487.0,61186.0,14800,KBS
2021-02-03 07:00:00,59278.0,62004.0,59278.0,61254.0,13915,KBS
2021-02-04 07:00:00,60982.0,61186.0,59278.0,60300.0,10100,KBS
2021-02-05 07:00:00,59960.0,60641.0,58938.0,60641.0,13200,KBS
2021-02-08 07:00:00,62004.0,62685.0,60641.0,62004.0,27608,KBS
2021-02-09 07:00:00,62004.0,62685.0,62004.0,62617.0,15105,KBS
2021-02-17 07:00:00,67455.0,68817.0,66773.0,68817.0,41940,KBS
2021-02-18 07:00:00,70861.0,70861.0,68136.0,69567.0,38619,KBS
2021-02-19 07:00:00,69499.0,70793.0,69430.0,70793.0,27100,KBS
2021-02-22 07:00:00,71543.0,73927.0,68954.0,70861.0,45200,KBS
2021-02-23 07:00:00,70861.0,73587.0,70861.0,73178.0,26450,KBS
2021-02-24 07:00:00,72905.0,73519.0,69499.0,70180.0,22020,KBS
2021-02-25 07:00:00,70248.0,71883.0,70248.0,71543.0,35400,KBS
2021-02-26 07:00:00,71134.0,71202.0,68885.0,71134.0,20520,KBS
2021-03-01 07:00:00,70521.0,73927.0,68817.0,73859.0,58220,KBS
2021-03-02 07:00:00,73791.0,74609.0,73246.0,73246.0,23000,KBS
2021-03-03 07:00:00,72905.0,73246.0,70861.0,72837.0,18800,KBS
2021-03-04 07:00:00,73587.0,73723.0,70521.0,72905.0,28620,KBS
2021-03-05 07:00:00,73587.0,73587.0,70861.0,72769.0,11050,KBS
2021-03-08 07:00:00,72905.0,73587.0,72224.0,73314.0,27800,KBS
2021-03-09 07:00:00,73587.0,80605.0,73587.0,80605.0,89500,KBS
2021-03-10 07:00:00,82036.0,88509.0,81899.0,86533.0,50145,KBS
2021-03-11 07:00:00,87214.0,87895.0,84489.0,85511.0,67515,KBS
2021-03-12 07:00:00,84489.0,86192.0,84489.0,85579.0,37475,KBS
2021-03-15 07:00:00,87895.0,94096.0,86328.0,93891.0,69940,KBS
2021-03-16 07:00:00,94028.0,94709.0,89939.0,91983.0,56460,KBS
2021-03-17 07:00:00,89394.0,92665.0,89394.0,92665.0,16450,KBS
2021-03-18 07:00:00,93210.0,93482.0,90008.0,92665.0,19510,KBS
2021-03-19 07:00:00,90621.0,90757.0,88577.0,89939.0,27334,KBS
2021-03-22 07:00:00,89939.0,90280.0,87214.0,87555.0,17254,KBS
2021-03-23 07:00:00,87214.0,87214.0,85102.0,85783.0,30500,KBS
2021-03-24 07:00:00,85783.0,85783.0,77266.0,82785.0,117100,KBS
2021-03-25 07:00:00,82785.0,85102.0,80400.0,83058.0,25600,KBS
2021-03-26 07:00:00,83126.0,83126.0,76994.0,83126.0,24400,KBS
2021-03-29 07:00:00,82444.0,83739.0,81763.0,83126.0,30900,KBS
2021-03-30 07:00:00,83807.0,85238.0,83807.0,83807.0,22702,KBS
2021-03-31 07:00:00,83807.0,85170.0,83535.0,85170.0,15144,KBS
2021-04-01 07:00:00,85170.0,87214.0,85170.0,86533.0,19701,KBS
2021-04-02 07:00:00,86533.0,86873.0,85851.0,86873.0,7200,KBS
2021-04-05 07:00:00,86533.0,86533.0,83807.0,84489.0,13311,KBS
2021-04-06 07:00:00,84489.0,85170.0,83807.0,84420.0,12910,KBS
2021-04-07 07:00:00,84489.0,87214.0,84489.0,86464.0,12704,KBS
2021-04-08 07:00:00,83943.0,86533.0,83807.0,86328.0,1701,KBS
2021-04-09 07:00:00,86533.0,87895.0,86464.0,87895.0,40600,KBS
2021-04-12 07:00:00,88509.0,88509.0,86533.0,87895.0,6100,KBS
2021-04-13 07:00:00,87214.0,87214.0,85851.0,85851.0,17900,KBS
2021-04-14 07:00:00,81763.0,87214.0,81763.0,86533.0,22448,KBS
2021-04-15 07:00:00,86533.0,88577.0,85170.0,87146.0,29800,KBS
2021-04-16 07:00:00,87146.0,88440.0,85238.0,87214.0,24800,KBS
2021-04-19 07:00:00,86873.0,95935.0,86873.0,95935.0,38324,KBS
2021-04-20 07:00:00,96072.0,99819.0,93346.0,94709.0,16000,KBS
2021-04-22 07:00:00,89803.0,89803.0,85238.0,85238.0,60509,KBS
2021-04-23 07:00:00,76857.0,87214.0,76857.0,87146.0,42000,KBS
2021-04-26 07:00:00,86533.0,86533.0,82444.0,85511.0,10100,KBS
2021-04-27 07:00:00,83126.0,84148.0,81082.0,84148.0,12700,KBS
2021-04-28 07:00:00,84080.0,84080.0,83126.0,83807.0,10300,KBS
2021-04-29 07:00:00,83126.0,83807.0,82513.0,83739.0,6400,KBS
2021-05-04 07:00:00,83126.0,83126.0,81763.0,82581.0,5400,KBS
2021-05-05 07:00:00,82581.0,83807.0,82581.0,83807.0,11204,KBS
2021-05-06 07:00:00,83194.0,83807.0,83126.0,83671.0,5700,KBS
2021-05-07 07:00:00,83671.0,83807.0,82444.0,83126.0,8600,KBS
2021-05-10 07:00:00,83807.0,83807.0,83126.0,83739.0,5300,KBS
2021-05-11 07:00:00,83603.0,91915.0,82785.0,87214.0,16427,KBS
2021-05-12 07:00:00,87214.0,89939.0,87214.0,87282.0,7200,KBS
2021-05-13 07:00:00,86396.0,86396.0,83126.0,83126.0,5200,KBS
2021-05-14 07:00:00,83126.0,84420.0,83126.0,83466.0,4627,KBS
2021-05-17 07:00:00,81899.0,83466.0,81899.0,83330.0,5700,KBS
2021-05-18 07:00:00,81831.0,83466.0,81831.0,83194.0,7500,KBS
2021-05-19 07:00:00,83126.0,83671.0,81967.0,83126.0,14100,KBS
2021-05-20 07:00:00,82036.0,82921.0,80060.0,81082.0,50200,KBS
2021-05-21 07:00:00,81763.0,81763.0,80809.0,81695.0,8610,KBS
2021-05-24 07:00:00,81763.0,83466.0,80468.0,81695.0,5216,KBS
2021-05-25 07:00:00,81695.0,81695.0,80400.0,80537.0,11300,KBS
2021-05-26 07:00:00,80264.0,80400.0,78493.0,79378.0,13100,KBS
2021-05-27 07:00:00,79378.0,79719.0,78970.0,79378.0,13300,KBS
2021-05-28 07:00:00,78697.0,79855.0,78356.0,79855.0,18100,KBS
2021-05-31 07:00:00,80400.0,81763.0,79855.0,81763.0,12700,KBS
2021-06-01 07:00:00,81763.0,84489.0,81763.0,84489.0,8200,KBS
2021-06-02 07:00:00,84761.0,87214.0,84489.0,86533.0,14280,KBS
2021-06-03 07:00:00,86533.0,88236.0,86533.0,87827.0,17100,KBS
2021-06-04 07:00:00,87895.0,87895.0,84625.0,86669.0,29501,KBS
2021-06-07 07:00:00,83807.0,83875.0,82581.0,82581.0,4500,KBS
2021-06-08 07:00:00,83807.0,87555.0,82513.0,85034.0,7850,KBS
2021-06-09 07:00:00,84829.0,85511.0,83535.0,85374.0,4510,KBS
2021-06-10 07:00:00,84012.0,85374.0,83943.0,84420.0,3044,KBS
2021-06-11 07:00:00,84420.0,85851.0,84420.0,85579.0,1000,KBS
2021-06-14 07:00:00,85306.0,85851.0,83807.0,85851.0,3916,KBS
2021-06-15 07:00:00,85851.0,86396.0,84489.0,86396.0,5000,KBS
2021-06-16 07:00:00,87214.0,94028.0,87214.0,91779.0,61900,KBS
2021-06-17 07:00:00,91302.0,97434.0,91302.0,96072.0,22139,KBS
2021-06-18 07:00:00,96072.0,97434.0,91983.0,95322.0,34465,KBS
2021-06-21 07:00:00,92733.0,95322.0,92324.0,92869.0,9600,KBS
2021-06-22 07:00:00,92869.0,92869.0,90621.0,91302.0,14602,KBS
2021-06-23 07:00:00,89258.0,90621.0,82172.0,87827.0,32600,KBS
2021-06-24 07:00:00,85511.0,88032.0,85170.0,88032.0,8000,KBS
2021-06-25 07:00:00,88100.0,90825.0,85170.0,87555.0,14910,KBS
2021-06-28 07:00:00,84761.0,87214.0,84557.0,86805.0,13900,KBS
2021-06-29 07:00:00,86805.0,86805.0,86533.0,86805.0,3500,KBS
2021-06-30 07:00:00,85851.0,86328.0,84216.0,86328.0,19600,KBS
2021-07-01 07:00:00,86328.0,86328.0,84489.0,84829.0,16730,KBS
2021-07-02 07:00:00,85306.0,85715.0,83807.0,85715.0,5400,KBS
2021-07-05 07:00:00,85647.0,86260.0,84489.0,86260.0,5700,KBS
2021-07-06 07:00:00,85170.0,86464.0,81763.0,81763.0,8400,KBS
2021-07-07 07:00:00,82853.0,83194.0,81763.0,83194.0,15604,KBS
2021-07-08 07:00:00,83194.0,83194.0,81763.0,83126.0,2300,KBS
2021-07-09 07:00:00,83807.0,84489.0,82581.0,83671.0,4800,KBS
2021-07-12 07:00:00,83671.0,83671.0,80400.0,80537.0,8400,KBS
2021-07-13 07:00:00,81763.0,82990.0,81763.0,82990.0,3500,KBS
2021-07-14 07:00:00,82444.0,83126.0,81763.0,83126.0,10700,KBS
2021-07-15 07:00:00,81899.0,83330.0,81899.0,83126.0,2901,KBS
2021-07-16 07:00:00,83126.0,83126.0,83126.0,83126.0,7000,KBS
2021-07-19 07:00:00,81763.0,83126.0,81763.0,83126.0,2900,KBS
2021-07-20 07:00:00,81082.0,83466.0,81082.0,83466.0,6400,KBS
2021-07-21 07:00:00,85170.0,86533.0,81763.0,83739.0,18000,KBS
2021-07-22 07:00:00,83126.0,85851.0,83126.0,85647.0,9600,KBS
2021-07-23 07:00:00,85647.0,85647.0,77130.0,82785.0,11502,KBS
2021-07-26 07:00:00,82785.0,82785.0,80468.0,82717.0,8800,KBS
2021-07-27 07:00:00,82717.0,83466.0,81218.0,83398.0,9800,KBS
2021-07-28 07:00:00,83398.0,83398.0,83330.0,83330.0,305,KBS
2021-07-29 07:00:00,82513.0,83398.0,82513.0,83330.0,3800,KBS
2021-07-30 07:00:00,83330.0,83330.0,81763.0,83058.0,4500,KBS
2021-08-02 07:00:00,83058.0,83807.0,82104.0,83126.0,12525,KBS
2021-08-03 07:00:00,83126.0,85170.0,83126.0,84148.0,13500,KBS
2021-08-04 07:00:00,83875.0,85170.0,83875.0,85170.0,9700,KBS
2021-08-05 07:00:00,84557.0,87146.0,84489.0,85715.0,12200,KBS
2021-08-06 07:00:00,85919.0,86396.0,85851.0,85851.0,6200,KBS
2021-08-09 07:00:00,86533.0,88577.0,86533.0,88509.0,17500,KBS
2021-08-10 07:00:00,86192.0,88509.0,86192.0,88440.0,3825,KBS
2021-08-11 07:00:00,89258.0,96685.0,89258.0,93006.0,34635,KBS
2021-08-12 07:00:00,93687.0,95390.0,91711.0,91711.0,36760,KBS
2021-08-13 07:00:00,91711.0,91915.0,88577.0,91915.0,18932,KBS
2021-08-16 07:00:00,91915.0,96072.0,91915.0,96072.0,68518,KBS
2021-08-17 07:00:00,96753.0,97434.0,95390.0,95390.0,26505,KBS
2021-08-18 07:00:00,95458.0,101522.0,95458.0,101386.0,31900,KBS
2021-08-19 07:00:00,102204.0,106973.0,101386.0,106973.0,62484,KBS
2021-08-20 07:00:00,106973.0,107178.0,101318.0,102204.0,34635,KBS
2021-08-23 07:00:00,100296.0,104861.0,100228.0,103498.0,18520,KBS
2021-08-24 07:00:00,102885.0,103567.0,100500.0,102885.0,35800,KBS
2021-08-25 07:00:00,103226.0,103567.0,102136.0,103567.0,5800,KBS
2021-08-26 07:00:00,104589.0,107655.0,103567.0,103703.0,21130,KBS
2021-08-27 07:00:00,103567.0,105406.0,102340.0,104929.0,14910,KBS
2021-08-30 07:00:00,104929.0,109017.0,104929.0,108336.0,18742,KBS
2021-08-31 07:00:00,108336.0,108677.0,106973.0,106973.0,21600,KBS
2021-09-01 07:00:00,105611.0,106292.0,104248.0,106292.0,21016,KBS
2021-09-06 07:00:00,106360.0,106360.0,103635.0,104316.0,36027,KBS
2021-09-07 07:00:00,102545.0,104520.0,101522.0,104384.0,13600,KBS
2021-09-08 07:00:00,104248.0,106905.0,104248.0,106292.0,10634,KBS
2021-09-09 07:00:00,106769.0,110653.0,106360.0,110380.0,33634,KBS
2021-09-10 07:00:00,110380.0,110721.0,108677.0,110380.0,23420,KBS
2021-09-13 07:00:00,109086.0,109086.0,106973.0,106973.0,13317,KBS
2021-09-14 07:00:00,106973.0,107995.0,105951.0,107995.0,11204,KBS
2021-09-15 07:00:00,107995.0,117739.0,107859.0,110380.0,21943,KBS
2021-09-16 07:00:00,110448.0,110993.0,110039.0,110789.0,18190,KBS
2021-09-17 07:00:00,111062.0,121827.0,111062.0,118216.0,65837,KBS
2021-09-20 07:00:00,118216.0,122645.0,118216.0,119579.0,31118,KBS
2021-09-21 07:00:00,119579.0,120532.0,118011.0,120055.0,14000,KBS
2021-09-22 07:00:00,120601.0,123326.0,120601.0,121963.0,30720,KBS
2021-09-23 07:00:00,121963.0,121963.0,117875.0,118011.0,14900,KBS
2021-09-24 07:00:00,117875.0,117943.0,115218.0,115218.0,11750,KBS
2021-09-27 07:00:00,115218.0,117194.0,112424.0,114468.0,28900,KBS
2021-09-28 07:00:00,112492.0,117194.0,112424.0,117194.0,24103,KBS
2021-09-29 07:00:00,119919.0,121963.0,115831.0,117466.0,12715,KBS
2021-09-30 07:00:00,119919.0,119919.0,115899.0,117466.0,12709,KBS
2021-10-01 07:00:00,117875.0,117943.0,116035.0,116512.0,18410,KBS
2021-10-04 07:00:00,116512.0,116853.0,115831.0,116512.0,20240,KBS
2021-10-05 07:00:00,116581.0,119170.0,116581.0,118556.0,20520,KBS
2021-10-06 07:00:00,117398.0,118556.0,117398.0,118420.0,8005,KBS
2021-10-07 07:00:00,118420.0,119238.0,109017.0,119238.0,41500,KBS
2021-10-08 07:00:00,119381.0,119381.0,115668.0,118881.0,15026,KBS
2021-10-11 07:00:00,116739.0,119952.0,116739.0,119238.0,12700,KBS
2021-10-12 07:00:00,119595.0,121237.0,118524.0,118881.0,11710,KBS
2021-10-13 07:00:00,118881.0,119952.0,118524.0,119238.0,14382,KBS
2021-10-14 07:00:00,119238.0,119381.0,118524.0,119238.0,16431,KBS
2021-10-15 07:00:00,119952.0,120166.0,118881.0,118952.0,13406,KBS
2021-10-18 07:00:00,118952.0,119095.0,117453.0,117453.0,16202,KBS
2021-10-19 07:00:00,117096.0,117096.0,115311.0,115596.0,20500,KBS
2021-10-20 07:00:00,115668.0,116025.0,114240.0,115454.0,17911,KBS
2021-10-21 07:00:00,116382.0,116739.0,113526.0,113526.0,47700,KBS
2021-10-22 07:00:00,113526.0,113526.0,110670.0,110670.0,27161,KBS
2021-10-25 07:00:00,110670.0,112740.0,105672.0,107100.0,43442,KBS
2021-10-26 07:00:00,107100.0,117810.0,105672.0,114882.0,25400,KBS
2021-10-27 07:00:00,114240.0,114240.0,111955.0,112740.0,18325,KBS
2021-10-28 07:00:00,112812.0,112812.0,110670.0,112383.0,12305,KBS
2021-10-29 07:00:00,112169.0,112312.0,110241.0,110884.0,22010,KBS
2021-11-01 07:00:00,110813.0,110884.0,108528.0,108885.0,28010,KBS
2021-11-02 07:00:00,109242.0,111312.0,109242.0,109670.0,17700,KBS
2021-11-03 07:00:00,109670.0,110598.0,109242.0,109242.0,20950,KBS
2021-11-04 07:00:00,109385.0,109956.0,109242.0,109670.0,5200,KBS
2021-11-05 07:00:00,109670.0,112669.0,108528.0,112526.0,16300,KBS
2021-11-08 07:00:00,114240.0,120666.0,112526.0,117810.0,47000,KBS
2021-11-09 07:00:00,117810.0,119238.0,115882.0,116168.0,7321,KBS
2021-11-10 07:00:00,117810.0,117810.0,114240.0,116382.0,12120,KBS
2021-11-11 07:00:00,110027.0,115668.0,109956.0,114597.0,15733,KBS
2021-11-12 07:00:00,114168.0,114240.0,111598.0,111598.0,11800,KBS
2021-11-15 07:00:00,111884.0,113883.0,110884.0,112812.0,26700,KBS
2021-11-16 07:00:00,110670.0,112740.0,110670.0,110813.0,8509,KBS
2021-11-17 07:00:00,112098.0,112098.0,110670.0,111955.0,13111,KBS
2021-11-18 07:00:00,113526.0,114882.0,112312.0,114882.0,12503,KBS
2021-11-19 07:00:00,115739.0,117453.0,108599.0,114882.0,20016,KBS
2021-11-22 07:00:00,114882.0,114882.0,111098.0,112455.0,4300,KBS
2021-11-23 07:00:00,109599.0,111955.0,109599.0,111955.0,8422,KBS
2021-11-24 07:00:00,111955.0,112812.0,110670.0,112455.0,8009,KBS
2021-11-25 07:00:00,112455.0,114240.0,111384.0,112241.0,7802,KBS
2021-11-26 07:00:00,111384.0,112740.0,110813.0,111741.0,8300,KBS
2021-11-29 07:00:00,111741.0,112098.0,109242.0,112098.0,4522,KBS
2021-11-30 07:00:00,111884.0,111955.0,111027.0,111741.0,4300,KBS
2021-12-01 07:00:00,111884.0,111884.0,108171.0,110313.0,25800,KBS
2021-12-02 07:00:00,109242.0,110241.0,108742.0,109956.0,3244,KBS
2021-12-03 07:00:00,109313.0,109956.0,107885.0,109813.0,10800,KBS
2021-12-06 07:00:00,108028.0,109099.0,105672.0,105672.0,22100,KBS
2021-12-07 07:00:00,105672.0,109599.0,105672.0,108742.0,600,KBS
2021-12-08 07:00:00,109956.0,109956.0,108528.0,109028.0,7802,KBS
2021-12-09 07:00:00,110313.0,110456.0,108528.0,109170.0,5442,KBS
2021-12-10 07:00:00,108528.0,109884.0,108528.0,109456.0,4208,KBS
2021-12-13 07:00:00,111027.0,114168.0,109313.0,109956.0,7000,KBS
2021-12-14 07:00:00,111384.0,111384.0,109242.0,109742.0,6101,KBS
2021-12-15 07:00:00,109742.0,109742.0,107957.0,109170.0,5644,KBS
2021-12-16 07:00:00,109242.0,109242.0,108742.0,109242.0,2300,KBS
2021-12-17 07:00:00,109170.0,109242.0,108385.0,109170.0,5200,KBS
2021-12-20 07:00:00,109242.0,109242.0,105672.0,108242.0,9339,KBS
2021-12-21 07:00:00,107457.0,108528.0,106386.0,108242.0,6206,KBS
2021-12-22 07:00:00,107814.0,108171.0,107457.0,107814.0,6400,KBS
2021-12-23 07:00:00,107814.0,107814.0,105815.0,107100.0,7400,KBS
2021-12-24 07:00:00,104387.0,107100.0,104387.0,107100.0,4800,KBS
2021-12-27 07:00:00,108528.0,109242.0,108171.0,108171.0,5989,KBS
2021-12-28 07:00:00,108528.0,111455.0,108171.0,111384.0,9050,KBS
2021-12-29 07:00:00,111384.0,111955.0,110670.0,111741.0,5001,KBS
2021-12-30 07:00:00,111741.0,111741.0,111741.0,111741.0,1000,KBS
2021-12-31 07:00:00,111741.0,112098.0,110670.0,111741.0,2200,KBS
2022-01-04 07:00:00,111741.0,112669.0,111384.0,112669.0,6100,KBS
2022-01-05 07:00:00,112669.0,112669.0,110099.0,112383.0,3100,KBS
2022-01-06 07:00:00,109742.0,112312.0,109742.0,112312.0,700,KBS
2022-01-07 07:00:00,110456.0,110813.0,110384.0,110813.0,4203,KBS
2022-01-10 07:00:00,109242.0,113169.0,109242.0,112169.0,12007,KBS
2022-01-11 07:00:00,112812.0,113097.0,112098.0,112812.0,8901,KBS
2022-01-12 07:00:00,112812.0,114168.0,111384.0,113169.0,1700,KBS
2022-01-13 07:00:00,112883.0,113883.0,111384.0,113240.0,9600,KBS
2022-01-14 07:00:00,113240.0,114597.0,109956.0,113026.0,6701,KBS
2022-01-17 07:00:00,112812.0,113669.0,111384.0,113597.0,6200,KBS
2022-01-18 07:00:00,113526.0,113526.0,111741.0,112812.0,3701,KBS
2022-01-19 07:00:00,112883.0,114168.0,112455.0,113240.0,6900,KBS
2022-01-20 07:00:00,113169.0,113383.0,112955.0,113097.0,7500,KBS
2022-01-21 07:00:00,113169.0,113169.0,102816.0,103173.0,54000,KBS
2022-01-24 07:00:00,103173.0,104244.0,100031.0,100674.0,9610,KBS
2022-01-25 07:00:00,100674.0,103173.0,99960.0,102102.0,10000,KBS
2022-01-26 07:00:00,102102.0,102102.0,100317.0,100674.0,14900,KBS
2022-01-27 07:00:00,100674.0,101174.0,98960.0,101102.0,2700,KBS
2022-01-28 07:00:00,101388.0,103458.0,101388.0,103101.0,7920,KBS
2022-02-07 07:00:00,107100.0,107100.0,103530.0,103530.0,2400,KBS
2022-02-08 07:00:00,104244.0,104244.0,102816.0,103387.0,1000,KBS
2022-02-09 07:00:00,104244.0,104244.0,100745.0,104172.0,3200,KBS
2022-02-10 07:00:00,105672.0,109242.0,103673.0,105672.0,1700,KBS
2022-02-11 07:00:00,106029.0,106029.0,105600.0,105600.0,200,KBS
2022-02-14 07:00:00,105600.0,105600.0,105600.0,105600.0,500,KBS
2022-02-15 07:00:00,105529.0,105529.0,104958.0,104958.0,1000,KBS
2022-02-16 07:00:00,104958.0,106386.0,104244.0,106172.0,2100,KBS
2022-02-17 07:00:00,105672.0,105672.0,104244.0,105672.0,900,KBS
2022-02-18 07:00:00,107100.0,107100.0,103601.0,105672.0,2900,KBS
2022-02-21 07:00:00,105672.0,105672.0,104244.0,105386.0,2207,KBS
2022-02-22 07:00:00,104958.0,104958.0,103530.0,104886.0,2010,KBS
2022-02-23 07:00:00,105101.0,105743.0,105101.0,105529.0,1100,KBS
2022-02-24 07:00:00,105458.0,105458.0,102816.0,102816.0,5701,KBS
2022-02-25 07:00:00,104315.0,104315.0,102816.0,103173.0,3455,KBS
2022-02-28 07:00:00,103530.0,103530.0,102530.0,102744.0,4700,KBS
2022-03-01 07:00:00,104958.0,109599.0,104958.0,105815.0,1414,KBS
2022-03-02 07:00:00,106386.0,106386.0,104315.0,105672.0,1912,KBS
2022-03-03 07:00:00,105672.0,111741.0,105101.0,108885.0,10500,KBS
2022-03-04 07:00:00,108885.0,112098.0,108885.0,109956.0,5814,KBS
2022-03-07 07:00:00,112026.0,118167.0,112026.0,116025.0,7701,KBS
2022-03-08 07:00:00,116025.0,116453.0,113883.0,113883.0,5151,KBS
2022-03-09 07:00:00,113526.0,114954.0,113526.0,114954.0,3200,KBS
2022-03-10 07:00:00,114811.0,114882.0,110670.0,114597.0,2400,KBS
2022-03-11 07:00:00,118167.0,118167.0,111455.0,113526.0,4600,KBS
2022-03-14 07:00:00,113526.0,114240.0,110670.0,113526.0,2800,KBS
2022-03-15 07:00:00,113526.0,113883.0,110741.0,113454.0,700,KBS
2022-03-16 07:00:00,111884.0,113526.0,111812.0,112098.0,2000,KBS
2022-03-17 07:00:00,113169.0,113169.0,111241.0,112812.0,2500,KBS
2022-03-18 07:00:00,112669.0,112669.0,112669.0,112669.0,100,KBS
2022-03-21 07:00:00,112098.0,112740.0,111312.0,112740.0,5400,KBS
2022-03-22 07:00:00,110813.0,111955.0,103530.0,111955.0,2800,KBS
2022-03-23 07:00:00,111741.0,112098.0,110384.0,110384.0,2200,KBS
2022-03-24 07:00:00,108599.0,111669.0,99389.0,111312.0,8101,KBS
2022-03-25 07:00:00,112812.0,112812.0,107814.0,110955.0,900,KBS
2022-03-28 07:00:00,112098.0,112098.0,108885.0,110670.0,2900,KBS
2022-03-29 07:00:00,110170.0,110313.0,109956.0,110313.0,4800,KBS
2022-03-30 07:00:00,109599.0,110170.0,103530.0,110170.0,2700,KBS
2022-03-31 07:00:00,110527.0,110527.0,107100.0,110170.0,2600,KBS
2022-04-01 07:00:00,109956.0,110527.0,109956.0,110527.0,1304,KBS
2022-04-04 07:00:00,110670.0,111098.0,110598.0,111098.0,3705,KBS
2022-04-05 07:00:00,111384.0,111455.0,110313.0,111384.0,5100,KBS
2022-04-06 07:00:00,110670.0,111884.0,110670.0,111884.0,1600,KBS
2022-04-07 07:00:00,108885.0,111741.0,108885.0,111241.0,3410,KBS
2022-04-08 07:00:00,111384.0,111384.0,109242.0,111241.0,701,KBS
2022-04-12 07:00:00,111884.0,114240.0,109956.0,112526.0,3305,KBS
2022-04-13 07:00:00,112812.0,112955.0,111384.0,112883.0,1804,KBS
2022-04-14 07:00:00,112669.0,114597.0,112526.0,114597.0,4300,KBS
2022-04-15 07:00:00,114597.0,117738.0,114597.0,116382.0,7755,KBS
2022-04-18 07:00:00,117810.0,119238.0,114311.0,115025.0,15817,KBS
2022-04-19 07:00:00,115025.0,116025.0,115025.0,115596.0,15000,KBS
2022-04-20 07:00:00,115668.0,115668.0,113811.0,113811.0,6400,KBS
2022-04-21 07:00:00,112455.0,112455.0,107100.0,109599.0,13500,KBS
2022-04-22 07:00:00,107814.0,107814.0,102816.0,106243.0,8500,KBS
2022-04-25 07:00:00,107100.0,108813.0,101388.0,104315.0,4800,KBS
2022-04-26 07:00:00,100031.0,105672.0,99960.0,105672.0,4500,KBS
2022-04-27 07:00:00,102816.0,106743.0,101388.0,106743.0,4800,KBS
2022-04-28 07:00:00,106529.0,106814.0,106529.0,106814.0,400,KBS
2022-04-29 07:00:00,106814.0,110598.0,106814.0,110598.0,3700,KBS
2022-05-04 07:00:00,110313.0,110670.0,108314.0,110598.0,4400,KBS
2022-05-05 07:00:00,108456.0,109956.0,106529.0,109599.0,3700,KBS
2022-05-06 07:00:00,107814.0,107814.0,107100.0,107100.0,1400,KBS
2022-05-09 07:00:00,105672.0,107457.0,102102.0,102102.0,7400,KBS
2022-05-10 07:00:00,102173.0,102816.0,100317.0,102102.0,7900,KBS
2022-05-11 07:00:00,102173.0,103887.0,101388.0,102744.0,6000,KBS
2022-05-12 07:00:00,102459.0,102459.0,98532.0,98532.0,11200,KBS
2022-05-13 07:00:00,98532.0,99960.0,93534.0,96247.0,6200,KBS
2022-05-16 07:00:00,96247.0,97104.0,93677.0,95604.0,1800,KBS
2022-05-17 07:00:00,93177.0,98389.0,92820.0,98389.0,5500,KBS
2022-05-18 07:00:00,97104.0,100674.0,97104.0,100674.0,3106,KBS
2022-05-19 07:00:00,100602.0,100674.0,98175.0,99960.0,4100,KBS
2022-05-20 07:00:00,101388.0,102673.0,98032.0,102602.0,8200,KBS
2022-05-23 07:00:00,101388.0,101388.0,98175.0,99460.0,4206,KBS
2022-05-24 07:00:00,96390.0,98389.0,92820.0,93534.0,13900,KBS
2022-05-25 07:00:00,94962.0,95961.0,94962.0,95676.0,2200,KBS
2022-05-26 07:00:00,97389.0,97461.0,92963.0,97389.0,11700,KBS
2022-05-27 07:00:00,97032.0,99460.0,96461.0,98103.0,5600,KBS
2022-05-30 07:00:00,99817.0,100674.0,98103.0,99960.0,12700,KBS
2022-05-31 07:00:00,98032.0,98032.0,95819.0,97675.0,5800,KBS
2022-06-01 07:00:00,96390.0,97746.0,96390.0,97675.0,600,KBS
2022-06-02 07:00:00,96461.0,97461.0,95319.0,97032.0,6524,KBS
2022-06-03 07:00:00,96747.0,98175.0,95676.0,97032.0,3000,KBS
2022-06-06 07:00:00,97104.0,97675.0,95676.0,95890.0,2200,KBS
2022-06-07 07:00:00,95747.0,96318.0,94248.0,96247.0,13000,KBS
2022-06-08 07:00:00,97604.0,97604.0,95961.0,96961.0,3200,KBS
2022-06-09 07:00:00,96961.0,96961.0,96104.0,96104.0,1300,KBS
2022-06-10 07:00:00,95319.0,96176.0,95319.0,96176.0,3000,KBS
2022-06-13 07:00:00,94605.0,94605.0,89250.0,93248.0,11700,KBS
2022-06-14 07:00:00,93248.0,93248.0,88536.0,91892.0,24000,KBS
2022-06-15 07:00:00,88750.0,88750.0,85608.0,86679.0,17000,KBS
2022-06-16 07:00:00,86394.0,86679.0,82824.0,86608.0,8401,KBS
2022-06-17 07:00:00,86037.0,86037.0,83252.0,84894.0,4300,KBS
2022-06-20 07:00:00,81467.0,81753.0,76469.0,76469.0,24500,KBS
2022-06-21 07:00:00,78540.0,82110.0,76541.0,76683.0,8300,KBS
2022-06-22 07:00:00,76683.0,77469.0,76683.0,76826.0,11500,KBS
2022-06-23 07:00:00,78540.0,80610.0,78540.0,80468.0,1201,KBS
2022-06-24 07:00:00,81396.0,84180.0,81396.0,81396.0,2600,KBS
2022-06-27 07:00:00,81396.0,89535.0,81396.0,89535.0,17800,KBS
2022-06-28 07:00:00,91392.0,92820.0,89535.0,91106.0,4007,KBS
2022-06-29 07:00:00,92106.0,92106.0,88036.0,89821.0,2500,KBS
2022-06-30 07:00:00,88179.0,92106.0,88179.0,89964.0,4000,KBS
2022-07-01 07:00:00,89964.0,91035.0,87108.0,91035.0,5300,KBS
2022-07-04 07:00:00,90892.0,90892.0,90892.0,90892.0,200,KBS
2022-07-05 07:00:00,91392.0,92820.0,88250.0,89964.0,5904,KBS
2022-07-06 07:00:00,87251.0,90321.0,87108.0,90321.0,1500,KBS
2022-07-07 07:00:00,90178.0,90178.0,90178.0,90178.0,100,KBS
2022-07-08 07:00:00,90178.0,90678.0,89250.0,90678.0,14208,KBS
2022-07-11 07:00:00,94962.0,94962.0,90678.0,92106.0,4300,KBS
2022-07-12 07:00:00,92106.0,93534.0,92106.0,93534.0,3300,KBS
2022-07-13 07:00:00,93534.0,94605.0,93534.0,94605.0,2200,KBS
2022-07-14 07:00:00,94962.0,95604.0,94605.0,95390.0,2700,KBS
2022-07-15 07:00:00,96390.0,104886.0,96390.0,104886.0,13600,KBS
2022-07-18 07:00:00,99389.0,104815.0,99317.0,103815.0,1800,KBS
2022-07-19 07:00:00,99960.0,103530.0,99960.0,103530.0,10302,KBS
2022-07-20 07:00:00,104172.0,104958.0,104172.0,104958.0,7900,KBS
2022-07-21 07:00:00,103387.0,103387.0,97818.0,102744.0,8700,KBS
2022-07-25 07:00:00,102459.0,102459.0,102102.0,102102.0,1800,KBS
2022-07-26 07:00:00,99960.0,99960.0,99246.0,99246.0,7700,KBS
2022-07-27 07:00:00,100460.0,100460.0,98175.0,99888.0,4300,KBS
2022-07-28 07:00:00,97818.0,99960.0,96604.0,99960.0,5400,KBS
2022-07-29 07:00:00,98532.0,99817.0,98532.0,99817.0,400,KBS
2022-08-01 07:00:00,97461.0,99817.0,97461.0,99817.0,700,KBS
2022-08-02 07:00:00,99960.0,103530.0,99888.0,102959.0,7800,KBS
2022-08-03 07:00:00,102102.0,102816.0,102102.0,102816.0,2700,KBS
2022-08-04 07:00:00,102816.0,104244.0,100031.0,100031.0,4600,KBS
2022-08-05 07:00:00,99246.0,100031.0,99246.0,100031.0,6600,KBS
2022-08-08 07:00:00,100674.0,102530.0,100674.0,102030.0,3600,KBS
2022-08-09 07:00:00,102102.0,103173.0,102102.0,102816.0,4900,KBS
2022-08-10 07:00:00,103387.0,103887.0,102102.0,103815.0,12600,KBS
2022-08-11 07:00:00,104172.0,110670.0,104172.0,107028.0,4300,KBS
2022-08-12 07:00:00,109956.0,109956.0,107100.0,107100.0,1917,KBS
2022-08-15 07:00:00,108528.0,108885.0,104387.0,107814.0,900,KBS
2022-08-16 07:00:00,108314.0,108314.0,106386.0,108028.0,1800,KBS
2022-08-17 07:00:00,107814.0,109242.0,107814.0,109099.0,10900,KBS
2022-08-18 07:00:00,109599.0,110313.0,109242.0,109956.0,8600,KBS
2022-08-19 07:00:00,110313.0,110527.0,108885.0,109956.0,1900,KBS
2022-08-22 07:00:00,107243.0,108456.0,107243.0,108456.0,2700,KBS
2022-08-24 07:00:00,105815.0,107600.0,105101.0,107100.0,3500,KBS
2022-08-25 07:00:00,106743.0,106743.0,105672.0,106386.0,3500,KBS
2022-08-26 07:00:00,105458.0,108599.0,105315.0,107385.0,1400,KBS
2022-08-29 07:00:00,106743.0,107742.0,106743.0,107742.0,800,KBS
2022-08-30 07:00:00,107100.0,109670.0,107100.0,108885.0,7000,KBS
2022-08-31 07:00:00,109956.0,109956.0,109313.0,109313.0,300,KBS
2022-09-05 07:00:00,109242.0,109813.0,107600.0,107814.0,1100,KBS
2022-09-06 07:00:00,109242.0,109242.0,106029.0,109242.0,1000,KBS
2022-09-07 07:00:00,107100.0,107885.0,104958.0,107885.0,4400,KBS
2022-09-08 07:00:00,105672.0,107028.0,105672.0,107028.0,900,KBS
2022-09-09 07:00:00,106029.0,106029.0,104244.0,104958.0,4117,KBS
2022-09-12 07:00:00,107100.0,107457.0,104244.0,105672.0,2159,KBS
2022-09-13 07:00:00,107100.0,110670.0,105672.0,109170.0,10255,KBS
2022-09-14 07:00:00,108885.0,110670.0,108528.0,109956.0,7814,KBS
2022-09-15 07:00:00,109956.0,110670.0,109956.0,110598.0,2522,KBS
2022-09-16 07:00:00,109956.0,110670.0,109313.0,109313.0,906,KBS
2022-09-19 07:00:00,107457.0,109313.0,103530.0,106743.0,4802,KBS
2022-09-20 07:00:00,107100.0,109456.0,107100.0,109456.0,3600,KBS
2022-09-21 07:00:00,109599.0,109599.0,108528.0,109527.0,3400,KBS
2022-09-22 07:00:00,109099.0,109099.0,107171.0,108956.0,1900,KBS
2022-09-23 07:00:00,108956.0,108956.0,108956.0,108956.0,100,KBS
2022-09-26 07:00:00,108956.0,109242.0,105672.0,106029.0,6306,KBS
2022-09-27 07:00:00,106029.0,109313.0,104315.0,104315.0,3220,KBS
2022-09-28 07:00:00,105672.0,106386.0,104958.0,104958.0,15411,KBS
2022-09-29 07:00:00,106386.0,106386.0,104172.0,104172.0,1910,KBS
2022-09-30 07:00:00,103530.0,104958.0,103530.0,104958.0,700,KBS
2022-10-03 07:00:00,100174.0,104244.0,100174.0,104244.0,400,KBS
2022-10-04 07:00:00,104244.0,104244.0,102887.0,102887.0,1400,KBS
2022-10-05 07:00:00,103530.0,104172.0,99960.0,104172.0,4000,KBS
2022-10-06 07:00:00,104172.0,104172.0,101459.0,103387.0,3610,KBS
2022-10-07 07:00:00,103310.0,103310.0,95871.0,102927.0,1100,KBS
2022-10-11 07:00:00,93647.0,102697.0,93647.0,102697.0,400,KBS
2022-10-12 07:00:00,102007.0,102007.0,93953.0,101240.0,2221,KBS
2022-10-13 07:00:00,98172.0,98172.0,96791.0,96791.0,3002,KBS
2022-10-14 07:00:00,96791.0,102007.0,96791.0,102007.0,200,KBS
2022-10-17 07:00:00,98939.0,100549.0,98939.0,100549.0,300,KBS
2022-10-18 07:00:00,97405.0,103924.0,96638.0,103924.0,4224,KBS
2022-10-19 07:00:00,101930.0,101930.0,101930.0,101930.0,100,KBS
2022-10-20 07:00:00,103924.0,107145.0,103924.0,107145.0,700,KBS
2022-10-21 07:00:00,107375.0,108142.0,100473.0,105074.0,5210,KBS
2022-10-24 07:00:00,105074.0,105074.0,98939.0,98939.0,3694,KBS
2022-10-25 07:00:00,98939.0,98939.0,98095.0,98172.0,4920,KBS
2022-10-26 07:00:00,97788.0,97788.0,94337.0,95871.0,7300,KBS
2022-10-27 07:00:00,94337.0,98939.0,94337.0,97021.0,400,KBS
2022-10-28 07:00:00,100089.0,100089.0,97251.0,98862.0,800,KBS
2022-10-31 07:00:00,98939.0,98939.0,95104.0,98785.0,1508,KBS
2022-11-01 07:00:00,99706.0,99706.0,99706.0,99706.0,200,KBS
2022-11-02 07:00:00,98172.0,98172.0,98172.0,98172.0,352,KBS
2022-11-03 07:00:00,95871.0,95871.0,95871.0,95871.0,102,KBS
2022-11-04 07:00:00,95564.0,96178.0,93570.0,96178.0,7300,KBS
2022-11-07 07:00:00,96178.0,98862.0,94337.0,98862.0,1870,KBS
2022-11-08 07:00:00,98939.0,98939.0,98018.0,98018.0,1600,KBS
2022-11-09 07:00:00,98018.0,98018.0,94797.0,94797.0,2500,KBS
2022-11-10 07:00:00,94797.0,95104.0,92036.0,92036.0,1200,KBS
2022-11-11 07:00:00,89735.0,93570.0,89735.0,93570.0,10500,KBS
2022-11-15 07:00:00,86667.0,91269.0,86667.0,91269.0,700,KBS
2022-11-16 07:00:00,88815.0,91269.0,84443.0,91269.0,3426,KBS
2022-11-18 07:00:00,91269.0,91269.0,86744.0,90425.0,500,KBS
2022-11-21 07:00:00,90502.0,90886.0,88201.0,90886.0,700,KBS
2022-11-22 07:00:00,90886.0,90886.0,87511.0,90195.0,4902,KBS
2022-11-23 07:00:00,86667.0,86974.0,86667.0,86667.0,6800,KBS
2022-11-24 07:00:00,86360.0,93570.0,86360.0,93570.0,1703,KBS
2022-11-25 07:00:00,89735.0,89735.0,88201.0,88355.0,2712,KBS
2022-11-28 07:00:00,90425.0,90502.0,90425.0,90502.0,500,KBS
2022-11-29 07:00:00,90119.0,90119.0,88201.0,88201.0,7000,KBS
2022-11-30 07:00:00,88355.0,89735.0,88355.0,89735.0,3203,KBS
2022-12-01 07:00:00,80762.0,93110.0,80762.0,92036.0,2500,KBS
2022-12-02 07:00:00,92036.0,92036.0,91269.0,91653.0,508,KBS
2022-12-05 07:00:00,91653.0,92036.0,88968.0,89735.0,2496,KBS
2022-12-06 07:00:00,88201.0,89735.0,88201.0,89735.0,3600,KBS
2022-12-07 07:00:00,88201.0,89735.0,88201.0,89658.0,4500,KBS
2022-12-08 07:00:00,89735.0,90502.0,89658.0,90502.0,2700,KBS
2022-12-09 07:00:00,90502.0,90502.0,88968.0,90502.0,2400,KBS
2022-12-12 07:00:00,90425.0,92036.0,90425.0,90502.0,2800,KBS
2022-12-13 07:00:00,90502.0,91959.0,89735.0,91959.0,3400,KBS
2022-12-14 07:00:00,90502.0,90502.0,90502.0,90502.0,300,KBS
2022-12-15 07:00:00,90886.0,92036.0,90502.0,92036.0,1900,KBS
2022-12-16 07:00:00,92036.0,93953.0,91653.0,93953.0,2100,KBS
2022-12-19 07:00:00,93570.0,95257.0,93570.0,93953.0,800,KBS
2022-12-20 07:00:00,95104.0,95104.0,91422.0,91422.0,3800,KBS
2022-12-21 07:00:00,92036.0,95487.0,91269.0,95487.0,7100,KBS
2022-12-22 07:00:00,95487.0,95487.0,93570.0,94414.0,2100,KBS
2022-12-23 07:00:00,93570.0,94414.0,92266.0,93570.0,3800,KBS
2022-12-26 07:00:00,94414.0,94414.0,90886.0,94030.0,13800,KBS
2022-12-28 07:00:00,90886.0,93953.0,90886.0,93953.0,500,KBS
2022-12-29 07:00:00,92803.0,93570.0,92803.0,93570.0,1000,KBS
2022-12-30 07:00:00,92650.0,94184.0,92650.0,94184.0,1301,KBS
2023-01-03 07:00:00,89812.0,93953.0,89812.0,93953.0,1900,KBS
2023-01-04 07:00:00,94797.0,94797.0,91269.0,93417.0,900,KBS
2023-01-05 07:00:00,93263.0,93263.0,93186.0,93186.0,901,KBS
2023-01-06 07:00:00,93186.0,93186.0,91653.0,93110.0,700,KBS
2023-01-09 07:00:00,95027.0,95027.0,92036.0,93110.0,6300,KBS
2023-01-10 07:00:00,93186.0,93186.0,90502.0,92880.0,4100,KBS
2023-01-11 07:00:00,91269.0,91422.0,91269.0,91269.0,2700,KBS
2023-01-12 07:00:00,91269.0,93417.0,90579.0,90579.0,1900,KBS
2023-01-13 07:00:00,94260.0,94260.0,91269.0,91269.0,2506,KBS
2023-01-16 07:00:00,90502.0,92036.0,90502.0,92036.0,1300,KBS
2023-01-17 07:00:00,92803.0,95104.0,92113.0,95027.0,7600,KBS
2023-01-19 07:00:00,92036.0,95487.0,91269.0,95487.0,6800,KBS
2023-01-27 07:00:00,103924.0,104998.0,101623.0,101623.0,17100,KBS
2023-01-30 07:00:00,101623.0,102774.0,101623.0,102083.0,10542,KBS
2023-01-31 07:00:00,103541.0,108526.0,103541.0,108526.0,40716,KBS
2023-02-01 07:00:00,109600.0,118036.0,109600.0,114585.0,29700,KBS
2023-02-02 07:00:00,113358.0,115045.0,111594.0,114738.0,14000,KBS
2023-02-03 07:00:00,113665.0,116579.0,113588.0,113895.0,15210,KBS
2023-02-06 07:00:00,113895.0,115812.0,113281.0,115812.0,15800,KBS
2023-02-07 07:00:00,116196.0,116196.0,112361.0,112361.0,24605,KBS
2023-02-08 07:00:00,114201.0,114201.0,110136.0,111977.0,16605,KBS
2023-02-09 07:00:00,112054.0,113895.0,111594.0,113511.0,13218,KBS
2023-02-10 07:00:00,114278.0,115812.0,113511.0,114662.0,23400,KBS
2023-02-13 07:00:00,115045.0,115045.0,113511.0,113511.0,15632,KBS
2023-02-14 07:00:00,112514.0,114278.0,112437.0,114278.0,9000,KBS
2023-02-15 07:00:00,114431.0,116272.0,114278.0,115045.0,19600,KBS
2023-02-16 07:00:00,115045.0,115045.0,112974.0,113895.0,18300,KBS
2023-02-17 07:00:00,113128.0,113128.0,112207.0,113128.0,3900,KBS
2023-02-20 07:00:00,112054.0,115812.0,112054.0,115812.0,20800,KBS
2023-02-21 07:00:00,115812.0,118343.0,115812.0,117346.0,26700,KBS
2023-02-22 07:00:00,117346.0,117729.0,117039.0,117039.0,5300,KBS
2023-02-23 07:00:00,117039.0,117039.0,114278.0,117039.0,62601,KBS
2023-02-24 07:00:00,117039.0,117346.0,115122.0,116886.0,2402,KBS
2023-02-27 07:00:00,115045.0,115122.0,113511.0,113511.0,20206,KBS
2023-02-28 07:00:00,114968.0,116579.0,114968.0,115812.0,14800,KBS
2023-03-01 07:00:00,115812.0,115812.0,114278.0,115122.0,1300,KBS
2023-03-02 07:00:00,115812.0,116579.0,114431.0,115582.0,4600,KBS
2023-03-03 07:00:00,116502.0,116579.0,112974.0,112974.0,3600,KBS
2023-03-06 07:00:00,115429.0,115429.0,112974.0,112974.0,4300,KBS
2023-03-07 07:00:00,113511.0,116272.0,113128.0,114968.0,4905,KBS
2023-03-08 07:00:00,114892.0,114892.0,113588.0,114815.0,14000,KBS
2023-03-09 07:00:00,114968.0,114968.0,113204.0,113511.0,2815,KBS
2023-03-10 07:00:00,112821.0,113511.0,112821.0,113511.0,3201,KBS
2023-03-13 07:00:00,113511.0,114278.0,113511.0,113588.0,3000,KBS
2023-03-14 07:00:00,112437.0,114278.0,112437.0,113051.0,3800,KBS
2023-03-15 07:00:00,113358.0,114662.0,113358.0,113665.0,6800,KBS
2023-03-16 07:00:00,113511.0,113511.0,112514.0,112744.0,6601,KBS
2023-03-17 07:00:00,113511.0,113511.0,113128.0,113128.0,3201,KBS
2023-03-20 07:00:00,110443.0,113128.0,108526.0,112437.0,6700,KBS
2023-03-21 07:00:00,112744.0,112744.0,111210.0,111977.0,5800,KBS
2023-03-22 07:00:00,112284.0,114201.0,112284.0,114201.0,6810,KBS
2023-03-23 07:00:00,114662.0,115812.0,113511.0,115812.0,10900,KBS
2023-03-24 07:00:00,115198.0,115812.0,114278.0,115352.0,1600,KBS
2023-03-27 07:00:00,116502.0,116579.0,115352.0,115429.0,6900,KBS
2023-03-28 07:00:00,116196.0,116196.0,114355.0,115735.0,600,KBS
2023-03-29 07:00:00,115735.0,115812.0,115122.0,115659.0,2800,KBS
2023-03-30 07:00:00,115045.0,115045.0,114278.0,114278.0,901,KBS
2023-03-31 07:00:00,115045.0,115812.0,115045.0,115275.0,2001,KBS
2023-04-03 07:00:00,116426.0,118880.0,116426.0,118573.0,7708,KBS
2023-04-04 07:00:00,118880.0,122638.0,117423.0,118650.0,31501,KBS
2023-04-05 07:00:00,119570.0,121181.0,119263.0,121181.0,6000,KBS
2023-04-06 07:00:00,122331.0,124249.0,121181.0,122715.0,8900,KBS
2023-04-07 07:00:00,123482.0,124249.0,121948.0,123865.0,12000,KBS
2023-04-10 07:00:00,125629.0,125783.0,121488.0,121488.0,10700,KBS
2023-04-11 07:00:00,121641.0,122715.0,120414.0,122638.0,9000,KBS
2023-04-12 07:00:00,124249.0,124249.0,122715.0,123865.0,10100,KBS
2023-04-13 07:00:00,123482.0,124862.0,123328.0,123865.0,2600,KBS
2023-04-14 07:00:00,124249.0,124632.0,122715.0,123942.0,4800,KBS
2023-04-17 07:00:00,122715.0,123788.0,122715.0,123788.0,2700,KBS
2023-04-18 07:00:00,125552.0,130384.0,125246.0,130308.0,15619,KBS
2023-04-19 07:00:00,128850.0,129004.0,128467.0,129004.0,3111,KBS
2023-04-20 07:00:00,129004.0,130384.0,128237.0,130384.0,9721,KBS
2023-04-21 07:00:00,133452.0,137287.0,131918.0,131918.0,39700,KBS
2023-04-24 07:00:00,132685.0,132839.0,131151.0,132685.0,13504,KBS
2023-04-25 07:00:00,133759.0,137287.0,133145.0,134219.0,27608,KBS
2023-04-26 07:00:00,134296.0,135753.0,133452.0,133759.0,12700,KBS
2023-04-27 07:00:00,132685.0,132685.0,130461.0,130998.0,11327,KBS
2023-04-28 07:00:00,131305.0,132685.0,130921.0,132225.0,3903,KBS
2023-05-04 07:00:00,131151.0,132532.0,129617.0,131842.0,9419,KBS
2023-05-05 07:00:00,132225.0,132685.0,131151.0,131765.0,13600,KBS
2023-05-08 07:00:00,131842.0,132762.0,131151.0,132148.0,25601,KBS
2023-05-09 07:00:00,132148.0,132762.0,131535.0,132302.0,9602,KBS
2023-05-10 07:00:00,131151.0,132225.0,130845.0,130998.0,3619,KBS
2023-05-11 07:00:00,129617.0,131535.0,129617.0,130154.0,7220,KBS
2023-05-12 07:00:00,129694.0,130384.0,129541.0,129771.0,11401,KBS
2023-05-15 07:00:00,130384.0,131765.0,130001.0,130001.0,2500,KBS
2023-05-16 07:00:00,130461.0,130461.0,129234.0,130001.0,5401,KBS
2023-05-17 07:00:00,138054.0,138054.0,130001.0,130384.0,16801,KBS
2023-05-18 07:00:00,130461.0,131151.0,129848.0,129848.0,6901,KBS
2023-05-19 07:00:00,130001.0,130384.0,128774.0,128850.0,7500,KBS
2023-05-22 07:00:00,128007.0,128850.0,126550.0,127317.0,16800,KBS
2023-05-23 07:00:00,127317.0,127317.0,126013.0,126933.0,9700,KBS
2023-05-24 07:00:00,125936.0,128083.0,125859.0,126166.0,5110,KBS
2023-05-25 07:00:00,126013.0,126013.0,125629.0,125629.0,6141,KBS
2023-05-26 07:00:00,125016.0,125016.0,122715.0,122945.0,26600,KBS
2023-05-29 07:00:00,124555.0,125629.0,123482.0,124632.0,9708,KBS
2023-05-30 07:00:00,125016.0,125016.0,123175.0,123942.0,7302,KBS
2023-05-31 07:00:00,123482.0,125783.0,123482.0,125016.0,13403,KBS
2023-06-01 07:00:00,123942.0,124249.0,123482.0,124249.0,2212,KBS
2023-06-02 07:00:00,125552.0,125552.0,123712.0,124555.0,10800,KBS
2023-06-05 07:00:00,124555.0,125169.0,124019.0,124019.0,6404,KBS
2023-06-06 07:00:00,123482.0,124632.0,123482.0,123558.0,8100,KBS
2023-06-07 07:00:00,124249.0,125476.0,123482.0,125476.0,3901,KBS
2023-06-08 07:00:00,125476.0,125476.0,123558.0,123558.0,8062,KBS
2023-06-09 07:00:00,125399.0,130308.0,125399.0,127240.0,25629,KBS
2023-06-12 07:00:00,127317.0,127930.0,125859.0,127930.0,4851,KBS
2023-06-13 07:00:00,127930.0,131381.0,127930.0,131381.0,12140,KBS
2023-06-14 07:00:00,131918.0,131918.0,128850.0,131075.0,3281,KBS
2023-06-15 07:00:00,131918.0,131918.0,129617.0,129617.0,1800,KBS
2023-06-16 07:00:00,130384.0,130384.0,129617.0,129617.0,8631,KBS
2023-06-19 07:00:00,131075.0,131995.0,130001.0,131765.0,8710,KBS
2023-06-20 07:00:00,131765.0,135753.0,131765.0,134219.0,15640,KBS
2023-06-21 07:00:00,134986.0,135140.0,132915.0,133145.0,2316,KBS
2023-06-22 07:00:00,131995.0,134219.0,131688.0,133682.0,11100,KBS
2023-06-23 07:00:00,133452.0,133452.0,129924.0,132148.0,22717,KBS
2023-06-26 07:00:00,132148.0,132148.0,129694.0,131535.0,3501,KBS
2023-06-27 07:00:00,130768.0,131918.0,130768.0,131842.0,5215,KBS
2023-06-28 07:00:00,129771.0,131381.0,129771.0,130845.0,6200,KBS
2023-06-29 07:00:00,129924.0,129924.0,129234.0,129311.0,5515,KBS
2023-06-30 07:00:00,130078.0,130078.0,128850.0,129924.0,1935,KBS
2023-07-03 07:00:00,130001.0,130845.0,129617.0,130691.0,1754,KBS
2023-07-04 07:00:00,131151.0,134219.0,131151.0,131918.0,14500,KBS
2023-07-05 07:00:00,133452.0,133452.0,132302.0,132302.0,20005,KBS
2023-07-06 07:00:00,132302.0,133145.0,130384.0,131535.0,6400,KBS
2023-07-07 07:00:00,130614.0,132072.0,130384.0,130384.0,8701,KBS
2023-07-10 07:00:00,130768.0,133376.0,130384.0,133376.0,15602,KBS
2023-07-11 07:00:00,133376.0,137977.0,133069.0,136597.0,13327,KBS
2023-07-12 07:00:00,136520.0,139588.0,136520.0,139051.0,9034,KBS
2023-07-13 07:00:00,139588.0,139588.0,137287.0,138821.0,4300,KBS
2023-07-14 07:00:00,138744.0,138744.0,138054.0,138054.0,400,KBS
2023-07-17 07:00:00,138131.0,138131.0,137057.0,138054.0,13702,KBS
2023-07-18 07:00:00,138054.0,138054.0,136520.0,137901.0,5400,KBS
2023-07-19 07:00:00,137901.0,141889.0,137901.0,139665.0,16500,KBS
2023-07-20 07:00:00,153317.0,153317.0,141889.0,143423.0,4500,KBS
2023-07-21 07:00:00,157765.0,157765.0,157765.0,157765.0,12048,KBS
2023-07-24 07:00:00,173488.0,173488.0,162674.0,162674.0,53819,KBS
2023-07-25 07:00:00,162674.0,168733.0,161063.0,166432.0,21806,KBS
2023-07-26 07:00:00,167122.0,167122.0,163057.0,163364.0,19636,KBS
2023-07-27 07:00:00,163364.0,163364.0,158839.0,162520.0,32810,KBS
2023-07-28 07:00:00,162520.0,168733.0,162520.0,166815.0,46797,KBS
2023-07-31 07:00:00,166048.0,166048.0,164131.0,164438.0,11821,KBS
2023-08-01 07:00:00,164514.0,165665.0,164284.0,164438.0,29805,KBS
2023-08-02 07:00:00,165665.0,166048.0,164131.0,164898.0,9025,KBS
2023-08-03 07:00:00,164898.0,164898.0,164131.0,164821.0,8321,KBS
2023-08-04 07:00:00,164821.0,165665.0,163134.0,163824.0,13703,KBS
2023-08-07 07:00:00,161216.0,163901.0,159529.0,159989.0,19917,KBS
2023-08-08 07:00:00,162597.0,162597.0,159683.0,161063.0,6605,KBS
2023-08-09 07:00:00,161830.0,163364.0,160296.0,161063.0,12201,KBS
2023-08-10 07:00:00,161063.0,161140.0,160680.0,160833.0,19800,KBS
2023-08-11 07:00:00,159606.0,160296.0,158839.0,158839.0,8200,KBS
2023-08-14 07:00:00,158839.0,159529.0,153393.0,154007.0,24914,KBS
2023-08-15 07:00:00,154927.0,156461.0,153393.0,154237.0,12417,KBS
2023-08-16 07:00:00,155464.0,155464.0,152243.0,154697.0,36220,KBS
2023-08-17 07:00:00,155311.0,155311.0,153854.0,154160.0,4415,KBS
2023-08-18 07:00:00,153470.0,156154.0,151936.0,154927.0,28205,KBS
2023-08-21 07:00:00,154927.0,155771.0,152396.0,155771.0,4400,KBS
2023-08-22 07:00:00,156308.0,158379.0,154774.0,155004.0,18606,KBS
2023-08-23 07:00:00,155694.0,156385.0,154621.0,154621.0,5941,KBS
2023-08-24 07:00:00,159529.0,167199.0,159529.0,166048.0,40809,KBS
2023-08-25 07:00:00,166432.0,166432.0,163364.0,163517.0,6301,KBS
2023-08-28 07:00:00,164898.0,164898.0,161907.0,162674.0,4512,KBS
2023-08-29 07:00:00,166815.0,167199.0,164131.0,167045.0,15614,KBS
2023-08-30 07:00:00,167045.0,167506.0,165665.0,167506.0,4241,KBS
2023-08-31 07:00:00,161983.0,162674.0,155694.0,157995.0,126359,KBS
2023-09-05 07:00:00,161063.0,162597.0,156078.0,157535.0,40251,KBS
2023-09-06 07:00:00,157995.0,160910.0,157535.0,158379.0,14100,KBS
2023-09-07 07:00:00,158379.0,158455.0,155771.0,156461.0,35856,KBS
2023-09-08 07:00:00,156538.0,157535.0,156461.0,156768.0,9505,KBS
2023-09-11 07:00:00,156001.0,157919.0,156001.0,156768.0,23683,KBS
2023-09-12 07:00:00,156845.0,157075.0,155694.0,157075.0,37910,KBS
2023-09-13 07:00:00,157228.0,158762.0,157075.0,157995.0,21601,KBS
2023-09-14 07:00:00,157612.0,157612.0,156538.0,156768.0,8415,KBS
2023-09-15 07:00:00,157228.0,158839.0,157075.0,158685.0,28751,KBS
2023-09-18 07:00:00,158379.0,158839.0,157382.0,158609.0,11009,KBS
2023-09-19 07:00:00,158762.0,159836.0,157688.0,158762.0,11552,KBS
2023-09-20 07:00:00,159606.0,159913.0,158455.0,159452.0,14300,KBS
2023-09-21 07:00:00,158149.0,159146.0,156461.0,157535.0,12602,KBS
2023-09-22 07:00:00,157458.0,157458.0,154160.0,155848.0,18246,KBS
2023-09-25 07:00:00,155848.0,157458.0,154927.0,154927.0,23221,KBS
2023-09-26 07:00:00,154237.0,155694.0,153393.0,153470.0,21451,KBS
2023-09-27 07:00:00,153470.0,155004.0,152013.0,154851.0,11516,KBS
2023-09-28 07:00:00,154160.0,154160.0,152626.0,153470.0,9428,KBS
2023-09-29 07:00:00,155694.0,161063.0,153547.0,157228.0,25802,KBS
2023-10-02 07:00:00,157995.0,158149.0,154927.0,157612.0,22771,KBS
2023-10-03 07:00:00,156461.0,157228.0,154927.0,156691.0,18600,KBS
2023-10-04 07:00:00,156308.0,156998.0,154927.0,156691.0,18820,KBS
2023-10-05 07:00:00,156845.0,158072.0,156691.0,156691.0,18903,KBS
2023-10-06 07:00:00,157228.0,159529.0,157228.0,159452.0,9007,KBS
2023-10-09 07:00:00,159452.0,161063.0,159452.0,161063.0,13826,KBS
2023-10-10 07:00:00,164898.0,167199.0,162597.0,164898.0,30036,KBS
2023-10-11 07:00:00,164975.0,165051.0,162597.0,163364.0,9101,KBS
2023-10-12 07:00:00,163364.0,164898.0,162980.0,163594.0,9711,KBS
2023-10-13 07:00:00,163747.0,163747.0,160296.0,161063.0,31600,KBS
2023-10-16 07:00:00,161907.0,161907.0,159836.0,160296.0,9810,KBS
2023-10-17 07:00:00,158762.0,161216.0,158762.0,159913.0,11201,KBS
2023-10-18 07:00:00,159989.0,161063.0,158532.0,159529.0,7200,KBS
2023-10-19 07:00:00,159529.0,159529.0,156461.0,159529.0,22100,KBS
2023-10-20 07:00:00,164514.0,164514.0,143576.0,143730.0,154634,KBS
2023-10-23 07:00:00,156235.0,156235.0,137227.0,138310.0,53893,KBS
2023-10-24 07:00:00,138561.0,140395.0,136560.0,138394.0,17311,KBS
2023-10-25 07:00:00,137560.0,140061.0,136726.0,139644.0,15600,KBS
2023-10-26 07:00:00,139561.0,139561.0,128556.0,130057.0,54331,KBS
2023-10-27 07:00:00,129557.0,131641.0,125221.0,129223.0,11914,KBS
2023-10-30 07:00:00,129223.0,129223.0,124554.0,125055.0,24218,KBS
2023-10-31 07:00:00,125055.0,125055.0,120970.0,120970.0,17334,KBS
2023-11-01 07:00:00,120970.0,125055.0,120970.0,123304.0,8400,KBS
2023-11-02 07:00:00,125055.0,130474.0,125055.0,129223.0,35057,KBS
2023-11-03 07:00:00,129307.0,131808.0,129307.0,129473.0,17408,KBS
2023-11-06 07:00:00,131724.0,131724.0,131224.0,131391.0,20400,KBS
2023-11-07 07:00:00,133058.0,134225.0,131391.0,131724.0,9717,KBS
2023-11-08 07:00:00,131724.0,131724.0,130057.0,131641.0,17119,KBS
2023-11-09 07:00:00,131641.0,131641.0,126722.0,128389.0,66601,KBS
2023-11-10 07:00:00,128389.0,128389.0,126805.0,127723.0,15533,KBS
2023-11-13 07:00:00,130140.0,130140.0,127556.0,127639.0,7411,KBS
2023-11-14 07:00:00,129223.0,131307.0,128723.0,129223.0,9202,KBS
2023-11-15 07:00:00,130057.0,132475.0,129640.0,129640.0,14051,KBS
2023-11-16 07:00:00,129640.0,129640.0,128806.0,129307.0,4402,KBS
2023-11-17 07:00:00,129056.0,129140.0,126722.0,126722.0,21309,KBS
2023-11-20 07:00:00,126722.0,127139.0,125055.0,126305.0,12100,KBS
2023-11-21 07:00:00,126722.0,127556.0,126305.0,126389.0,25901,KBS
2023-11-22 07:00:00,127056.0,128389.0,125221.0,126722.0,20601,KBS
2023-11-23 07:00:00,126722.0,126722.0,125472.0,125472.0,12602,KBS
2023-11-24 07:00:00,125138.0,125138.0,123387.0,123804.0,12289,KBS
2023-11-27 07:00:00,123804.0,125472.0,123804.0,123888.0,3700,KBS
2023-11-28 07:00:00,123888.0,124638.0,122887.0,123804.0,4300,KBS
2023-11-29 07:00:00,123804.0,124721.0,123387.0,124721.0,5200,KBS
2023-11-30 07:00:00,124721.0,125138.0,124721.0,125138.0,2502,KBS
2023-12-01 07:00:00,125805.0,125805.0,122554.0,124304.0,17106,KBS
2023-12-04 07:00:00,124638.0,126222.0,124638.0,126139.0,6711,KBS
2023-12-05 07:00:00,127389.0,127389.0,124471.0,125972.0,5876,KBS
2023-12-06 07:00:00,124221.0,125055.0,121720.0,124971.0,17105,KBS
2023-12-07 07:00:00,122554.0,123387.0,121720.0,122554.0,46300,KBS
2023-12-08 07:00:00,122554.0,124638.0,122220.0,122470.0,25365,KBS
2023-12-11 07:00:00,122554.0,123637.0,121720.0,122637.0,6622,KBS
2023-12-12 07:00:00,122637.0,122637.0,121553.0,121720.0,26000,KBS
2023-12-13 07:00:00,121720.0,122137.0,118552.0,118885.0,32407,KBS
2023-12-14 07:00:00,119886.0,119886.0,117551.0,117551.0,15707,KBS
2023-12-15 07:00:00,117551.0,119886.0,117551.0,118802.0,6110,KBS
2023-12-18 07:00:00,118802.0,118885.0,117968.0,118052.0,18391,KBS
2023-12-19 07:00:00,117635.0,117802.0,116718.0,117802.0,7400,KBS
2023-12-20 07:00:00,117551.0,119135.0,117551.0,119135.0,4900,KBS
2023-12-21 07:00:00,119135.0,119135.0,117551.0,117885.0,5700,KBS
2023-12-22 07:00:00,117802.0,117968.0,117301.0,117551.0,4130,KBS
2023-12-25 07:00:00,118385.0,118385.0,117718.0,117718.0,6711,KBS
2023-12-26 07:00:00,117968.0,118635.0,117468.0,118635.0,4900,KBS
2023-12-27 07:00:00,118802.0,119135.0,117968.0,118635.0,6000,KBS
2023-12-28 07:00:00,118635.0,118635.0,117968.0,118385.0,4321,KBS
2023-12-29 07:00:00,118719.0,120886.0,118719.0,119969.0,7836,KBS
2024-01-02 07:00:00,119969.0,120136.0,118385.0,118385.0,6519,KBS
2024-01-03 07:00:00,118052.0,118552.0,118052.0,118385.0,9005,KBS
2024-01-04 07:00:00,118385.0,119386.0,118385.0,119219.0,5300,KBS
2024-01-05 07:00:00,119219.0,119219.0,118385.0,118802.0,18800,KBS
2024-01-08 07:00:00,119302.0,119302.0,118052.0,118635.0,19905,KBS
2024-01-09 07:00:00,118468.0,119469.0,118385.0,119135.0,8808,KBS
2024-01-10 07:00:00,119469.0,123387.0,119469.0,122303.0,25630,KBS
2024-01-11 07:00:00,122303.0,123304.0,122053.0,122303.0,18400,KBS
2024-01-12 07:00:00,122137.0,122554.0,120136.0,120136.0,24613,KBS
2024-01-15 07:00:00,119552.0,120053.0,119219.0,119469.0,10618,KBS
2024-01-16 07:00:00,119469.0,120803.0,119219.0,120136.0,7501,KBS
2024-01-17 07:00:00,122137.0,122554.0,120970.0,122387.0,16140,KBS
2024-01-18 07:00:00,122387.0,122804.0,122137.0,122554.0,6422,KBS
2024-01-19 07:00:00,122970.0,124888.0,122804.0,124554.0,26449,KBS
2024-01-22 07:00:00,125055.0,128389.0,124638.0,127889.0,52836,KBS
2024-01-23 07:00:00,127889.0,127889.0,125138.0,125472.0,15422,KBS
2024-01-24 07:00:00,125805.0,125805.0,124304.0,125305.0,26018,KBS
2024-01-25 07:00:00,125305.0,126722.0,124721.0,125055.0,14000,KBS
2024-01-26 07:00:00,125138.0,125138.0,124554.0,125055.0,12630,KBS
2024-01-29 07:00:00,125138.0,125888.0,124638.0,124971.0,14970,KBS
2024-01-30 07:00:00,125055.0,125221.0,124638.0,125221.0,14552,KBS
2024-01-31 07:00:00,124388.0,124721.0,123387.0,123471.0,11050,KBS
2024-02-01 07:00:00,123387.0,123554.0,122637.0,123221.0,14050,KBS
2024-02-02 07:00:00,123221.0,124221.0,122554.0,124138.0,20154,KBS
2024-02-05 07:00:00,124221.0,125888.0,124221.0,124388.0,20911,KBS
2024-02-06 07:00:00,124388.0,124638.0,124221.0,124554.0,4252,KBS
2024-02-07 07:00:00,125888.0,125972.0,124721.0,125722.0,7214,KBS
2024-02-15 07:00:00,125722.0,126305.0,125388.0,125388.0,6400,KBS
2024-02-16 07:00:00,125388.0,125472.0,124638.0,125055.0,11846,KBS
2024-02-19 07:00:00,125055.0,125055.0,124304.0,124388.0,15414,KBS
2024-02-20 07:00:00,124304.0,124471.0,124221.0,124388.0,14349,KBS
2024-02-21 07:00:00,123971.0,124138.0,123387.0,123804.0,9200,KBS
2024-02-22 07:00:00,123721.0,125055.0,123221.0,124971.0,14350,KBS
2024-02-23 07:00:00,124971.0,126972.0,124471.0,124888.0,23193,KBS
2024-02-26 07:00:00,125055.0,125805.0,124388.0,124554.0,9800,KBS
2024-02-27 07:00:00,124554.0,127556.0,124471.0,126389.0,45932,KBS
2024-02-28 07:00:00,127139.0,128139.0,126722.0,127639.0,27062,KBS
2024-02-29 07:00:00,128223.0,128389.0,127639.0,127723.0,13215,KBS
2024-03-01 07:00:00,127723.0,127889.0,126889.0,127056.0,19034,KBS
2024-03-04 07:00:00,127056.0,128056.0,127056.0,127139.0,16982,KBS
2024-03-05 07:00:00,127556.0,127556.0,126555.0,127139.0,17582,KBS
2024-03-06 07:00:00,127139.0,127139.0,125472.0,125888.0,21000,KBS
2024-03-07 07:00:00,125888.0,126639.0,125388.0,125722.0,31740,KBS
2024-03-08 07:00:00,125138.0,125472.0,124638.0,125055.0,13503,KBS
2024-03-11 07:00:00,125055.0,125055.0,124805.0,124805.0,19122,KBS
2024-03-12 07:00:00,124805.0,125888.0,124805.0,125555.0,11643,KBS
2024-03-13 07:00:00,125555.0,127139.0,125388.0,127139.0,50353,KBS
2024-03-14 07:00:00,127139.0,127556.0,126722.0,126722.0,15800,KBS
2024-03-15 07:00:00,126805.0,126972.0,126305.0,126972.0,18952,KBS
2024-03-18 07:00:00,126972.0,126972.0,125888.0,126389.0,44823,KBS
2024-03-19 07:00:00,126389.0,127139.0,126389.0,126639.0,29401,KBS
2024-03-20 07:00:00,126722.0,127639.0,126722.0,127639.0,45900,KBS
2024-03-21 07:00:00,127973.0,129223.0,127973.0,128556.0,25421,KBS
2024-03-22 07:00:00,128806.0,130057.0,128806.0,129807.0,9029,KBS
2024-03-25 07:00:00,128389.0,130557.0,128389.0,128806.0,11120,KBS
2024-03-26 07:00:00,129890.0,130474.0,128806.0,130140.0,6527,KBS
2024-03-27 07:00:00,130140.0,132975.0,130140.0,132975.0,16030,KBS
2024-03-28 07:00:00,132975.0,136726.0,132975.0,136643.0,20938,KBS
2024-03-29 07:00:00,137227.0,141645.0,137227.0,139978.0,26935,KBS
2024-04-01 07:00:00,139144.0,140061.0,134392.0,135893.0,20664,KBS
2024-04-02 07:00:00,139144.0,139144.0,135059.0,136643.0,12124,KBS
2024-04-03 07:00:00,136310.0,138811.0,135559.0,136726.0,13658,KBS
2024-04-04 07:00:00,137560.0,138060.0,135309.0,136226.0,14234,KBS
2024-04-05 07:00:00,135893.0,135893.0,134225.0,134392.0,15724,KBS
2024-04-08 07:00:00,133558.0,135059.0,133392.0,134225.0,5200,KBS
2024-04-09 07:00:00,134642.0,135059.0,133392.0,134225.0,5117,KBS
2024-04-10 07:00:00,135059.0,135059.0,134225.0,134225.0,6322,KBS
2024-04-11 07:00:00,134392.0,134392.0,133558.0,133809.0,4483,KBS
2024-04-12 07:00:00,135393.0,135393.0,135309.0,135393.0,1410,KBS
2024-04-15 07:00:00,135393.0,135393.0,132558.0,134059.0,12400,KBS
2024-04-16 07:00:00,133809.0,133809.0,129640.0,130891.0,17699,KBS
2024-04-17 07:00:00,129640.0,131558.0,129223.0,130724.0,5600,KBS
2024-04-19 07:00:00,129974.0,129974.0,127973.0,128473.0,10600,KBS
2024-04-22 07:00:00,128473.0,131558.0,128473.0,130891.0,21100,KBS
2024-04-23 07:00:00,131724.0,131724.0,130474.0,130474.0,8000,KBS
2024-04-24 07:00:00,130390.0,132058.0,130390.0,131307.0,20601,KBS
2024-04-25 07:00:00,130557.0,131724.0,130474.0,131724.0,4900,KBS
2024-04-26 07:00:00,131724.0,137644.0,131724.0,133142.0,20513,KBS
2024-05-02 07:00:00,134225.0,135059.0,133809.0,134642.0,18000,KBS
2024-05-03 07:00:00,134642.0,135726.0,134392.0,135059.0,8334,KBS
2024-05-06 07:00:00,135059.0,137393.0,135059.0,136726.0,12450,KBS
2024-05-07 07:00:00,137977.0,138477.0,136977.0,137060.0,37752,KBS
2024-05-08 07:00:00,137060.0,137310.0,133475.0,136310.0,11913,KBS
2024-05-09 07:00:00,136060.0,137060.0,136060.0,136726.0,14921,KBS
2024-05-10 07:00:00,136726.0,137060.0,136060.0,136726.0,29300,KBS
2024-05-13 07:00:00,136810.0,137143.0,136310.0,136393.0,3607,KBS
2024-05-14 07:00:00,136726.0,136726.0,133475.0,135059.0,47318,KBS
2024-05-15 07:00:00,135059.0,135059.0,133809.0,134559.0,11502,KBS
2024-05-16 07:00:00,135059.0,136726.0,134726.0,134892.0,25100,KBS
2024-05-17 07:00:00,134892.0,135476.0,134726.0,134809.0,9300,KBS
2024-05-20 07:00:00,134809.0,135893.0,134809.0,135476.0,10410,KBS
2024-05-21 07:00:00,135476.0,140895.0,135476.0,138477.0,22502,KBS
2024-05-22 07:00:00,138477.0,139144.0,136643.0,138894.0,9051,KBS
2024-05-23 07:00:00,138894.0,139978.0,137894.0,139978.0,19088,KBS
2024-05-24 07:00:00,139978.0,143479.0,139478.0,139478.0,39371,KBS
2024-05-27 07:00:00,139478.0,140895.0,139394.0,139728.0,14714,KBS
2024-05-28 07:00:00,139728.0,142562.0,139728.0,142562.0,51502,KBS
2024-05-29 07:00:00,142562.0,143479.0,141312.0,141312.0,16370,KBS
2024-05-30 07:00:00,141312.0,141312.0,139394.0,140728.0,19481,KBS
2024-05-31 07:00:00,140728.0,140812.0,139394.0,140812.0,7470,KBS
2024-06-03 07:00:00,141645.0,142562.0,140895.0,142396.0,4166,KBS
2024-06-04 07:00:00,142396.0,142396.0,141395.0,141395.0,6900,KBS
2024-06-05 07:00:00,141979.0,142146.0,140895.0,141645.0,13210,KBS
2024-06-06 07:00:00,142562.0,142562.0,141645.0,142312.0,10829,KBS
2024-06-07 07:00:00,142312.0,142896.0,140978.0,142312.0,11405,KBS
2024-06-10 07:00:00,141729.0,142312.0,141729.0,142229.0,5332,KBS
2024-06-11 07:00:00,142229.0,142229.0,139644.0,141729.0,8668,KBS
2024-06-12 07:00:00,141729.0,142396.0,141395.0,142396.0,9810,KBS
2024-06-13 07:00:00,142146.0,143313.0,141812.0,143313.0,8106,KBS
2024-06-14 07:00:00,143813.0,143813.0,142562.0,142562.0,9086,KBS
2024-06-17 07:00:00,142896.0,143813.0,142562.0,142729.0,8006,KBS
2024-06-18 07:00:00,142729.0,143479.0,142729.0,142896.0,3961,KBS
2024-06-19 07:00:00,142896.0,145230.0,142562.0,145230.0,8702,KBS
2024-06-20 07:00:00,145480.0,158319.0,145480.0,150899.0,10873,KBS
2024-06-21 07:00:00,150899.0,155235.0,150899.0,153317.0,26726,KBS
2024-06-24 07:00:00,153317.0,156735.0,153317.0,154234.0,27302,KBS
2024-06-25 07:00:00,154234.0,154401.0,140895.0,153234.0,21769,KBS
2024-06-26 07:00:00,153400.0,153651.0,152984.0,152984.0,6012,KBS
2024-06-27 07:00:00,152984.0,156652.0,152900.0,154984.0,10508,KBS
2024-06-28 07:00:00,157569.0,159987.0,156735.0,159570.0,22569,KBS
2024-07-01 07:00:00,159570.0,159570.0,153400.0,156652.0,14220,KBS
2024-07-02 07:00:00,156652.0,159236.0,155068.0,159236.0,11905,KBS
2024-07-03 07:00:00,159236.0,159570.0,159070.0,159403.0,7025,KBS
2024-07-04 07:00:00,155151.0,159987.0,155151.0,159903.0,4100,KBS
2024-07-05 07:00:00,159903.0,160737.0,158569.0,159903.0,6153,KBS
2024-07-08 07:00:00,159903.0,160403.0,159653.0,160403.0,5315,KBS
2024-07-09 07:00:00,160403.0,160403.0,158403.0,159987.0,12416,KBS
2024-07-10 07:00:00,159987.0,160570.0,158403.0,158403.0,15413,KBS
2024-07-11 07:00:00,158403.0,158403.0,158236.0,158236.0,6403,KBS
2024-07-12 07:00:00,158319.0,159236.0,157569.0,159236.0,15940,KBS
2024-07-15 07:00:00,159236.0,160320.0,159236.0,160237.0,12718,KBS
2024-07-16 07:00:00,160237.0,161654.0,160237.0,160987.0,4814,KBS
2024-07-17 07:00:00,160320.0,164239.0,160320.0,162154.0,14758,KBS
2024-07-18 07:00:00,162154.0,162488.0,159320.0,160820.0,3623,KBS
2024-07-19 07:00:00,162571.0,162571.0,160070.0,160987.0,11680,KBS
2024-07-22 07:00:00,163405.0,166740.0,161737.0,162154.0,28331,KBS
2024-07-23 07:00:00,162154.0,162154.0,146731.0,159403.0,14447,KBS
2024-07-24 07:00:00,159236.0,160904.0,155485.0,157152.0,21312,KBS
2024-07-25 07:00:00,157235.0,162238.0,157235.0,162238.0,26726,KBS
2024-07-26 07:00:00,162571.0,164905.0,160070.0,160070.0,22544,KBS
2024-07-29 07:00:00,163405.0,164072.0,160070.0,160070.0,15329,KBS
2024-07-30 07:00:00,160070.0,160070.0,158403.0,158486.0,14863,KBS
2024-07-31 07:00:00,160820.0,160904.0,158569.0,160737.0,4001,KBS
2024-08-01 07:00:00,160153.0,160153.0,157069.0,158403.0,17203,KBS
2024-08-02 07:00:00,158403.0,158403.0,156735.0,158403.0,14801,KBS
2024-08-05 07:00:00,158403.0,158403.0,154234.0,155902.0,15690,KBS
2024-08-06 07:00:00,155902.0,158403.0,154234.0,158403.0,8700,KBS
2024-08-07 07:00:00,158403.0,158403.0,156735.0,158403.0,6124,KBS
2024-08-08 07:00:00,158403.0,159903.0,158319.0,159820.0,1850,KBS
2024-08-09 07:00:00,160904.0,160904.0,159903.0,160737.0,6000,KBS
2024-08-12 07:00:00,161821.0,163405.0,161821.0,163405.0,14623,KBS
2024-08-13 07:00:00,163405.0,163405.0,161821.0,161904.0,3984,KBS
2024-08-14 07:00:00,161904.0,162905.0,161904.0,162905.0,811,KBS
2024-08-15 07:00:00,162571.0,163071.0,161737.0,163071.0,8974,KBS
2024-08-16 07:00:00,160487.0,162905.0,160487.0,161821.0,13747,KBS
2024-08-19 07:00:00,161321.0,162571.0,161321.0,161737.0,15711,KBS
2024-08-20 07:00:00,161737.0,161737.0,160070.0,160403.0,16802,KBS
2024-08-21 07:00:00,161737.0,162154.0,161321.0,161821.0,4410,KBS
2024-08-22 07:00:00,162571.0,163321.0,161321.0,163321.0,3100,KBS
2024-08-23 07:00:00,163405.0,163405.0,162154.0,162988.0,4020,KBS
2024-08-26 07:00:00,160904.0,162988.0,160904.0,162988.0,5128,KBS
2024-08-27 07:00:00,163655.0,170074.0,163405.0,169157.0,32963,KBS
2024-08-28 07:00:00,169157.0,170908.0,167657.0,169824.0,3431,KBS
2024-08-29 07:00:00,169824.0,171658.0,169824.0,171658.0,8702,KBS
2024-08-30 07:00:00,171742.0,171742.0,170074.0,171242.0,2257,KBS
2024-09-04 07:00:00,169241.0,170908.0,169241.0,170074.0,8801,KBS
2024-09-05 07:00:00,169241.0,169241.0,163405.0,167573.0,62173,KBS
2024-09-06 07:00:00,167573.0,170908.0,167573.0,167573.0,14559,KBS
2024-09-09 07:00:00,168407.0,170074.0,165906.0,166740.0,20521,KBS
2024-09-10 07:00:00,166740.0,168824.0,166740.0,167823.0,24327,KBS
2024-09-11 07:00:00,167907.0,171242.0,167823.0,170908.0,14756,KBS
2024-09-12 07:00:00,171742.0,177578.0,171742.0,173826.0,26391,KBS
2024-09-13 07:00:00,175077.0,183414.0,173909.0,174660.0,30342,KBS
2024-09-16 07:00:00,175410.0,175410.0,169574.0,169574.0,20415,KBS
2024-09-17 07:00:00,171242.0,171242.0,168407.0,170908.0,29228,KBS
2024-09-18 07:00:00,170908.0,174993.0,169241.0,172492.0,14078,KBS
2024-09-19 07:00:00,169407.0,172575.0,169241.0,172492.0,10138,KBS
2024-09-20 07:00:00,172492.0,172992.0,170908.0,172409.0,29253,KBS
2024-09-23 07:00:00,172409.0,173409.0,170158.0,171742.0,39727,KBS
2024-09-24 07:00:00,171742.0,171742.0,164239.0,168824.0,28055,KBS
2024-09-25 07:00:00,166740.0,169658.0,166740.0,168407.0,15725,KBS
2024-09-26 07:00:00,166740.0,170991.0,165906.0,170158.0,31878,KBS
2024-09-27 07:00:00,175077.0,175077.0,169241.0,171658.0,16470,KBS
2024-09-30 07:00:00,171658.0,171658.0,169241.0,170074.0,10553,KBS
2024-10-01 07:00:00,170074.0,171575.0,169241.0,170074.0,10541,KBS
2024-10-02 07:00:00,171742.0,172742.0,170241.0,170908.0,18778,KBS
2024-10-03 07:00:00,172575.0,173409.0,171158.0,171575.0,12221,KBS
2024-10-04 07:00:00,171575.0,172075.0,170658.0,171742.0,11255,KBS
2024-10-07 07:00:00,171742.0,175077.0,171742.0,174326.0,55709,KBS
2024-10-08 07:00:00,174743.0,175327.0,172575.0,174910.0,36316,KBS
2024-10-09 07:00:00,175094.0,175094.0,157585.0,171408.0,30418,KBS
2024-10-10 07:00:00,171408.0,173251.0,171408.0,172882.0,10942,KBS
2024-10-11 07:00:00,172882.0,172882.0,169749.0,170486.0,17398,KBS
2024-10-14 07:00:00,170486.0,170486.0,168735.0,169657.0,5441,KBS
2024-10-15 07:00:00,169565.0,170026.0,168643.0,169565.0,16231,KBS
2024-10-16 07:00:00,169565.0,169565.0,168735.0,168828.0,4202,KBS
2024-10-17 07:00:00,168828.0,168828.0,167722.0,168643.0,11722,KBS
2024-10-18 07:00:00,168643.0,169933.0,167722.0,169288.0,4210,KBS
2024-10-21 07:00:00,169288.0,169288.0,164957.0,164957.0,22740,KBS
2024-10-22 07:00:00,164957.0,164957.0,161640.0,161824.0,21735,KBS
2024-10-23 07:00:00,161824.0,161824.0,161271.0,161363.0,11037,KBS
2024-10-24 07:00:00,161363.0,162285.0,161363.0,161363.0,9605,KBS
2024-10-25 07:00:00,161547.0,162192.0,161363.0,162192.0,3820,KBS
2024-10-28 07:00:00,162192.0,162192.0,159428.0,162192.0,3411,KBS
2024-10-29 07:00:00,162192.0,162192.0,161916.0,162192.0,8010,KBS
2024-10-30 07:00:00,162192.0,165510.0,162192.0,163114.0,11522,KBS
2024-10-31 07:00:00,163114.0,164036.0,163114.0,163298.0,2710,KBS
2024-11-01 07:00:00,163298.0,164036.0,163114.0,163575.0,2251,KBS
2024-11-04 07:00:00,164496.0,164496.0,163114.0,163114.0,4225,KBS
2024-11-05 07:00:00,164496.0,165510.0,163114.0,164036.0,4338,KBS
2024-11-06 07:00:00,164957.0,165049.0,164496.0,165049.0,2224,KBS
2024-11-07 07:00:00,165971.0,166524.0,165879.0,165879.0,3400,KBS
2024-11-08 07:00:00,167261.0,167261.0,165418.0,165602.0,3122,KBS
2024-11-11 07:00:00,165602.0,165602.0,164036.0,164312.0,2301,KBS
2024-11-12 07:00:00,164036.0,164036.0,163114.0,163206.0,3203,KBS
2024-11-13 07:00:00,163206.0,163943.0,163114.0,163206.0,3116,KBS
2024-11-14 07:00:00,163206.0,163390.0,162192.0,163022.0,5805,KBS
2024-11-15 07:00:00,163022.0,163022.0,161271.0,161455.0,8705,KBS
2024-11-18 07:00:00,162100.0,162100.0,161363.0,161363.0,7407,KBS
2024-11-19 07:00:00,161547.0,162838.0,161363.0,161732.0,11203,KBS
2024-11-20 07:00:00,161732.0,161824.0,160810.0,161455.0,3600,KBS
2024-11-21 07:00:00,162008.0,162377.0,161455.0,161455.0,986,KBS
2024-11-22 07:00:00,162192.0,163943.0,161824.0,163943.0,1108,KBS
2024-11-25 07:00:00,162192.0,164957.0,162192.0,163483.0,2203,KBS
2024-11-26 07:00:00,163483.0,163943.0,163483.0,163759.0,2792,KBS
2024-11-27 07:00:00,163667.0,163667.0,163206.0,163667.0,4101,KBS
2024-11-28 07:00:00,163667.0,164588.0,163667.0,163851.0,2531,KBS
2024-11-29 07:00:00,163851.0,165049.0,163851.0,165049.0,3938,KBS
2024-12-02 07:00:00,165141.0,166800.0,163851.0,165326.0,4819,KBS
2024-12-03 07:00:00,165326.0,165786.0,164036.0,165694.0,2511,KBS
2024-12-04 07:00:00,165234.0,166800.0,165234.0,166247.0,8568,KBS
2024-12-05 07:00:00,165879.0,166432.0,164036.0,166339.0,4407,KBS
2024-12-06 07:00:00,166339.0,170486.0,166339.0,167814.0,1991,KBS
2024-12-09 07:00:00,169565.0,169565.0,166800.0,168643.0,7029,KBS
2024-12-10 07:00:00,169012.0,169012.0,168643.0,168643.0,2609,KBS
2024-12-11 07:00:00,169381.0,170855.0,169381.0,170855.0,5255,KBS
2024-12-12 07:00:00,170671.0,170855.0,169565.0,169657.0,2847,KBS
2024-12-13 07:00:00,170486.0,170486.0,168643.0,169565.0,2202,KBS
2024-12-16 07:00:00,169565.0,169565.0,167906.0,167998.0,2401,KBS
2024-12-17 07:00:00,167998.0,171408.0,167998.0,169565.0,3385,KBS
2024-12-18 07:00:00,169565.0,170026.0,168735.0,170026.0,1404,KBS
2024-12-19 07:00:00,169841.0,169841.0,166247.0,169012.0,3800,KBS
2024-12-20 07:00:00,169104.0,169565.0,167722.0,167722.0,2300,KBS
2024-12-23 07:00:00,168643.0,169104.0,167814.0,167906.0,2584,KBS
2024-12-24 07:00:00,167998.0,167998.0,167353.0,167722.0,2967,KBS
2024-12-25 07:00:00,166984.0,170486.0,166984.0,169012.0,11501,KBS
2024-12-26 07:00:00,169749.0,169749.0,169657.0,169657.0,962,KBS
2024-12-27 07:00:00,169565.0,169565.0,166155.0,168551.0,8652,KBS
2024-12-30 07:00:00,168643.0,169933.0,168183.0,169841.0,5373,KBS
2024-12-31 07:00:00,170026.0,170026.0,167814.0,169933.0,2692,KBS
2025-01-02 07:00:00,169565.0,169565.0,168183.0,169473.0,1664,KBS
2025-01-03 07:00:00,168735.0,169104.0,167906.0,169012.0,1040,KBS
2025-01-06 07:00:00,169012.0,169012.0,168643.0,168643.0,5824,KBS
2025-01-07 07:00:00,168643.0,168735.0,167998.0,168735.0,604,KBS
2025-01-08 07:00:00,169565.0,169565.0,168275.0,169104.0,7205,KBS
2025-01-09 07:00:00,169012.0,170118.0,168735.0,170118.0,17208,KBS
2025-01-10 07:00:00,170118.0,170118.0,168643.0,168643.0,1618,KBS
2025-01-13 07:00:00,168643.0,170026.0,168643.0,170026.0,1806,KBS
2025-01-14 07:00:00,168643.0,169841.0,168643.0,169841.0,515,KBS
2025-01-15 07:00:00,169841.0,169841.0,167998.0,168275.0,3615,KBS
2025-01-16 07:00:00,168275.0,170486.0,168275.0,170486.0,15500,KBS
2025-01-17 07:00:00,168920.0,170026.0,168920.0,170026.0,676,KBS
2025-01-20 07:00:00,170026.0,171039.0,169565.0,171039.0,37196,KBS
2025-01-21 07:00:00,172329.0,173251.0,171961.0,173251.0,6125,KBS
2025-01-22 07:00:00,173251.0,175094.0,173251.0,174910.0,8381,KBS
2025-01-23 07:00:00,174173.0,175094.0,173712.0,175094.0,10284,KBS
2025-01-24 07:00:00,175094.0,175094.0,173435.0,173435.0,2254,KBS
2025-02-03 07:00:00,173988.0,176845.0,173251.0,174080.0,5577,KBS
2025-02-04 07:00:00,175924.0,176016.0,174080.0,175094.0,6062,KBS
2025-02-05 07:00:00,175555.0,179241.0,175555.0,177859.0,5611,KBS
2025-02-06 07:00:00,179241.0,183204.0,179241.0,181914.0,7319,KBS
2025-02-07 07:00:00,181545.0,182743.0,181545.0,181729.0,7954,KBS
2025-02-10 07:00:00,181729.0,182467.0,180623.0,180623.0,14326,KBS
2025-02-11 07:00:00,181268.0,181361.0,179241.0,179241.0,5652,KBS
2025-02-12 07:00:00,179241.0,180623.0,179241.0,179241.0,3920,KBS
2025-02-13 07:00:00,182467.0,182467.0,179702.0,180163.0,5104,KBS
2025-02-14 07:00:00,180255.0,183388.0,180255.0,183388.0,8722,KBS
2025-02-17 07:00:00,183665.0,195368.0,183388.0,193525.0,10739,KBS
2025-02-18 07:00:00,193525.0,194447.0,188364.0,193156.0,4220,KBS
2025-02-19 07:00:00,193064.0,193525.0,191129.0,192511.0,6708,KBS
2025-02-20 07:00:00,192511.0,192511.0,189562.0,192143.0,6186,KBS
2025-02-21 07:00:00,192143.0,194262.0,192143.0,192972.0,14327,KBS
2025-02-24 07:00:00,194447.0,195368.0,193525.0,195368.0,10729,KBS
2025-02-25 07:00:00,197119.0,197211.0,194447.0,194447.0,3681,KBS
2025-02-26 07:00:00,194447.0,195276.0,194078.0,195276.0,2525,KBS
2025-02-27 07:00:00,194447.0,195276.0,193525.0,194447.0,4914,KBS
2025-02-28 07:00:00,188917.0,193064.0,188917.0,192143.0,5460,KBS
2025-03-03 07:00:00,192604.0,193525.0,192143.0,193525.0,436,KBS
2025-03-04 07:00:00,193525.0,193525.0,191866.0,192604.0,2905,KBS
2025-03-05 07:00:00,191958.0,192143.0,189747.0,191498.0,6952,KBS
2025-03-06 07:00:00,191682.0,191866.0,191590.0,191774.0,3807,KBS
2025-03-07 07:00:00,191682.0,191774.0,190760.0,190853.0,9040,KBS
2025-03-10 07:00:00,191037.0,192696.0,190853.0,192696.0,2006,KBS
2025-03-11 07:00:00,192235.0,193802.0,191682.0,192235.0,2454,KBS
2025-03-12 07:00:00,192235.0,192604.0,191682.0,191682.0,2000,KBS
2025-03-13 07:00:00,190853.0,191682.0,190853.0,191129.0,2117,KBS
2025-03-14 07:00:00,191313.0,191313.0,190392.0,190392.0,2033,KBS
2025-03-17 07:00:00,190484.0,192604.0,190484.0,190760.0,2856,KBS
2025-03-18 07:00:00,190760.0,191682.0,190760.0,190760.0,2902,KBS
2025-03-19 07:00:00,190576.0,192051.0,189839.0,190760.0,5400,KBS
2025-03-20 07:00:00,189378.0,192327.0,189378.0,192327.0,2529,KBS
2025-03-21 07:00:00,192327.0,192419.0,191129.0,192327.0,2300,KBS
2025-03-24 07:00:00,191682.0,192880.0,190760.0,192880.0,3000,KBS
2025-03-25 07:00:00,192051.0,192880.0,191682.0,192880.0,4109,KBS
2025-03-26 07:00:00,191682.0,192143.0,191682.0,191682.0,1504,KBS
2025-03-27 07:00:00,192604.0,193525.0,190853.0,190853.0,4701,KBS
2025-03-28 07:00:00,190945.0,190945.0,190576.0,190760.0,18422,KBS
2025-03-31 07:00:00,190945.0,190945.0,189931.0,190760.0,1351,KBS
2025-04-01 07:00:00,190023.0,190023.0,189839.0,190023.0,3202,KBS
2025-04-02 07:00:00,189839.0,189839.0,187996.0,188917.0,9532,KBS
2025-04-03 07:00:00,185231.0,188457.0,170026.0,170026.0,72469,KBS
2025-04-04 07:00:00,170026.0,184217.0,165879.0,184217.0,19383,KBS
2025-04-08 07:00:00,183757.0,183757.0,169565.0,170763.0,26827,KBS
2025-04-09 07:00:00,157585.0,174173.0,157585.0,171684.0,16122,KBS
2025-04-10 07:00:00,184310.0,188825.0,180900.0,188825.0,27903,KBS
2025-04-11 07:00:00,181545.0,188825.0,181545.0,185323.0,14576,KBS
2025-04-14 07:00:00,186153.0,187811.0,186153.0,186245.0,7786,KBS
2025-04-15 07:00:00,186245.0,186521.0,184402.0,186153.0,14457,KBS
2025-04-16 07:00:00,185968.0,185968.0,184494.0,184678.0,4333,KBS
2025-04-17 07:00:00,184678.0,184863.0,184586.0,184678.0,28818,KBS
2025-04-18 07:00:00,187074.0,187074.0,184586.0,184586.0,6225,KBS
2025-04-21 07:00:00,184402.0,186061.0,184310.0,184494.0,11527,KBS
2025-04-22 07:00:00,185692.0,185692.0,175094.0,180992.0,34420,KBS
2025-04-23 07:00:00,181084.0,182927.0,177398.0,181268.0,6489,KBS
2025-04-24 07:00:00,181545.0,182006.0,178872.0,180623.0,10503,KBS
2025-04-25 07:00:00,180623.0,182006.0,180163.0,181545.0,10807,KBS
2025-04-28 07:00:00,181545.0,182467.0,181545.0,182467.0,10214,KBS
2025-04-29 07:00:00,183388.0,183388.0,182651.0,183204.0,3311,KBS
2025-05-05 07:00:00,183480.0,185047.0,183388.0,184310.0,15500,KBS
2025-05-06 07:00:00,184310.0,184310.0,183665.0,184310.0,8700,KBS
2025-05-07 07:00:00,184310.0,184402.0,183572.0,183572.0,2400,KBS
2025-05-08 07:00:00,184310.0,184955.0,183572.0,183849.0,4000,KBS
2025-05-09 07:00:00,183849.0,184125.0,183388.0,184125.0,4800,KBS
2025-05-12 07:00:00,184033.0,184310.0,183849.0,184310.0,3200,KBS
2025-05-13 07:00:00,184310.0,185047.0,183757.0,184586.0,10100,KBS
2025-05-14 07:00:00,187074.0,188917.0,184586.0,188917.0,17400,KBS
2025-05-15 07:00:00,188917.0,188917.0,186613.0,187996.0,12100,KBS
2025-05-16 07:00:00,187996.0,188917.0,187074.0,187074.0,3400,KBS
2025-05-19 07:00:00,187074.0,187811.0,187074.0,187719.0,4600,KBS
2025-05-20 07:00:00,187904.0,188088.0,187904.0,188088.0,15900,KBS
2025-05-21 07:00:00,188088.0,188457.0,187904.0,187904.0,3700,KBS
2025-05-22 07:00:00,187996.0,188272.0,187904.0,187904.0,3600,KBS
2025-05-23 07:00:00,187996.0,188825.0,187996.0,188457.0,2000,KBS
2025-05-26 07:00:00,192604.0,192604.0,187996.0,188641.0,8500,KBS
2025-05-27 07:00:00,189194.0,189194.0,188457.0,188549.0,2400,KBS
2025-05-28 07:00:00,188641.0,188917.0,188641.0,188917.0,7900,KBS
2025-05-29 07:00:00,188917.0,189839.0,188917.0,189194.0,8200,KBS
2025-05-30 07:00:00,189286.0,189286.0,188733.0,188733.0,3800,KBS
2025-06-02 07:00:00,188364.0,188733.0,187996.0,187996.0,300,KBS
2025-06-03 07:00:00,187996.0,195368.0,187996.0,195368.0,20100,KBS
2025-06-04 07:00:00,195368.0,195368.0,190115.0,194262.0,6100,KBS
2025-06-05 07:00:00,194262.0,194262.0,191221.0,191221.0,2300,KBS
2025-06-06 07:00:00,191221.0,191682.0,188549.0,190208.0,8700,KBS
2025-06-09 07:00:00,189378.0,189378.0,188364.0,188733.0,2000,KBS
2025-06-10 07:00:00,188088.0,189839.0,188088.0,188917.0,2400,KBS
2025-06-11 07:00:00,189747.0,189747.0,187996.0,187996.0,7000,KBS
2025-06-12 07:00:00,188917.0,188917.0,187259.0,188825.0,3100,KBS
2025-06-13 07:00:00,187996.0,187996.0,184770.0,184770.0,16000,KBS
2025-06-16 07:00:00,184770.0,184770.0,177859.0,181268.0,83200,KBS
2025-06-17 07:00:00,180623.0,180623.0,178872.0,180623.0,21100,KBS
2025-06-18 07:00:00,180439.0,180439.0,178412.0,178780.0,16900,KBS
2025-06-19 07:00:00,178780.0,180531.0,178780.0,180163.0,5300,KBS
2025-06-20 07:00:00,180623.0,180623.0,175186.0,179425.0,7300,KBS
2025-06-23 07:00:00,177859.0,179978.0,176937.0,179241.0,6700,KBS
2025-06-24 07:00:00,179241.0,180439.0,178780.0,179702.0,1800,KBS
2025-06-25 07:00:00,179702.0,179886.0,179518.0,179702.0,9500,KBS
2025-06-26 07:00:00,179241.0,179886.0,179241.0,179702.0,4800,KBS
2025-06-27 07:00:00,179886.0,180070.0,179610.0,179794.0,10900,KBS
2025-06-30 07:00:00,180623.0,181545.0,180255.0,181453.0,3400,KBS
2025-07-01 07:00:00,181453.0,181545.0,181453.0,181545.0,2400,KBS
2025-07-02 07:00:00,181637.0,182927.0,181637.0,182927.0,2300,KBS
2025-07-03 07:00:00,183019.0,183388.0,182467.0,182651.0,6200,KBS
2025-07-04 07:00:00,183480.0,184125.0,183480.0,184125.0,1300,KBS
2025-07-07 07:00:00,182927.0,184125.0,179241.0,181637.0,4400,KBS
2025-07-08 07:00:00,181637.0,182467.0,181545.0,181637.0,3700,KBS
2025-07-09 07:00:00,182467.0,182467.0,181729.0,181821.0,4100,KBS
2025-07-10 07:00:00,182190.0,182927.0,182006.0,182467.0,4200,KBS
2025-07-11 07:00:00,182467.0,182559.0,181729.0,182374.0,12000,KBS
2025-07-14 07:00:00,181084.0,181268.0,180808.0,180808.0,3200,KBS
2025-07-15 07:00:00,181545.0,182190.0,181545.0,181545.0,2000,KBS
2025-07-16 07:00:00,180163.0,182282.0,180163.0,182006.0,4100,KBS
2025-07-17 07:00:00,181545.0,182467.0,181545.0,182006.0,12800,KBS
2025-07-18 07:00:00,180623.0,182374.0,180623.0,181176.0,2600,KBS
2025-07-21 07:00:00,180623.0,180623.0,176476.0,176845.0,57500,KBS
2025-07-22 07:00:00,176937.0,176937.0,175186.0,176845.0,13200,KBS
2025-07-23 07:00:00,176937.0,178227.0,176661.0,176937.0,6800,KBS
2025-07-24 07:00:00,177122.0,177122.0,176292.0,176292.0,9000,KBS
2025-07-25 07:00:00,176016.0,177122.0,175555.0,176937.0,14900,KBS
2025-07-28 07:00:00,177859.0,177859.0,175371.0,176937.0,8200,KBS
2025-07-29 07:00:00,176937.0,176937.0,175371.0,175555.0,8900,KBS
2025-07-30 07:00:00,175555.0,175555.0,175278.0,175555.0,3400,KBS
2025-07-31 07:00:00,175555.0,176661.0,174726.0,174726.0,5500,KBS
2025-08-01 07:00:00,176753.0,177859.0,174726.0,174818.0,6400,KBS
2025-08-04 07:00:00,174818.0,177398.0,173896.0,175094.0,1200,KBS
2025-08-05 07:00:00,175094.0,176016.0,174173.0,174173.0,6500,KBS
2025-08-06 07:00:00,174173.0,175094.0,174173.0,174265.0,5500,KBS
2025-08-07 07:00:00,174265.0,174265.0,173804.0,174265.0,21700,KBS
2025-08-08 07:00:00,174357.0,175094.0,174080.0,174173.0,7000,KBS
2025-08-11 07:00:00,174173.0,174265.0,173251.0,173804.0,13300,KBS
2025-08-12 07:00:00,175831.0,175831.0,173896.0,173988.0,17900,KBS
2025-08-13 07:00:00,175555.0,175924.0,174633.0,175924.0,9300,KBS
2025-08-14 07:00:00,175924.0,176108.0,175555.0,176108.0,6100,KBS
2025-08-15 07:00:00,176016.0,176108.0,175094.0,176108.0,2200,KBS
2025-08-18 07:00:00,176292.0,176292.0,175278.0,176292.0,900,KBS
2025-08-19 07:00:00,176292.0,176569.0,175371.0,175924.0,8700,KBS
2025-08-20 07:00:00,175924.0,176569.0,175186.0,175924.0,8700,KBS
2025-08-21 07:00:00,175924.0,177029.0,175924.0,176200.0,12900,KBS
2025-08-22 07:00:00,176937.0,176937.0,175371.0,175371.0,1000,KBS
2025-08-25 07:00:00,175371.0,175371.0,173251.0,173343.0,10500,KBS
2025-08-26 07:00:00,175094.0,175094.0,173804.0,173804.0,1800,KBS
2025-08-27 07:00:00,173896.0,174173.0,172975.0,174173.0,6600,KBS
2025-08-28 07:00:00,174357.0,174726.0,174173.0,174541.0,2200,KBS
2025-08-29 07:00:00,174265.0,174265.0,172882.0,174173.0,700,KBS
2025-09-03 07:00:00,174173.0,175094.0,173712.0,174726.0,2100,KBS
2025-09-04 07:00:00,175094.0,176937.0,175094.0,176937.0,4200,KBS
2025-09-05 07:00:00,177122.0,177859.0,176845.0,177398.0,11300,KBS
2025-09-08 07:00:00,177490.0,177674.0,175371.0,176292.0,2700,KBS
2025-09-09 07:00:00,177767.0,177767.0,176292.0,176476.0,1200,KBS
2025-09-11 07:00:00,176016.0,176937.0,176016.0,176937.0,800,KBS
2025-09-12 07:00:00,176937.0,177398.0,176016.0,177398.0,5200,KBS
2025-09-15 07:00:00,177398.0,177398.0,177398.0,177398.0,2800,KBS
2025-09-16 07:00:00,176937.0,179610.0,176845.0,179610.0,6200,KBS
2025-09-17 07:00:00,177859.0,178780.0,177859.0,177859.0,12700,KBS
2025-09-18 07:00:00,177859.0,177951.0,177398.0,177398.0,9600,KBS
2025-09-19 07:00:00,177674.0,177859.0,177674.0,177674.0,1000,KBS
2025-09-22 07:00:00,177674.0,177859.0,176937.0,177306.0,5800,KBS
2025-09-23 07:00:00,177582.0,177582.0,176753.0,176753.0,5100,KBS
2025-09-24 07:00:00,176753.0,176753.0,173343.0,175739.0,10200,KBS
2025-09-25 07:00:00,175924.0,176200.0,175371.0,176200.0,37500,KBS
2025-09-26 07:00:00,177122.0,177398.0,176016.0,177398.0,1900,KBS
2025-09-29 07:00:00,177398.0,177398.0,176937.0,177306.0,11200,KBS
2025-09-30 07:00:00,177398.0,179702.0,177306.0,177306.0,41100,KBS
2025-10-01 07:00:00,178412.0,178412.0,177490.0,177859.0,8500,KBS
2025-10-02 07:00:00,178780.0,178780.0,176016.0,176937.0,8000,KBS
2025-10-03 07:00:00,176476.0,176845.0,175094.0,175186.0,16800,KBS
2025-10-06 07:00:00,177951.0,177951.0,175186.0,176200.0,26400,KBS
2025-10-07 07:00:00,176000.0,176500.0,175200.0,175200.0,20200,KBS
2025-10-08 07:00:00,175500.0,175500.0,173000.0,173000.0,14800,KBS
2025-10-09 07:00:00,172600.0,174000.0,171300.0,172000.0,15400,KBS
2025-10-10 07:00:00,172500.0,173000.0,170700.0,171000.0,14800,KBS
2025-10-13 07:00:00,171000.0,172900.0,170200.0,172400.0,11200,KBS
2025-10-14 07:00:00,172000.0,172100.0,172000.0,172000.0,5900,KBS
2025-10-15 07:00:00,172000.0,172500.0,171200.0,172400.0,7200,KBS
2025-10-16 07:00:00,173000.0,173000.0,171000.0,171500.0,9000,KBS
2025-10-17 07:00:00,171000.0,172000.0,170200.0,170200.0,6100,KBS
2025-10-20 07:00:00,170300.0,170300.0,166200.0,166200.0,8800,KBS
2025-10-21 07:00:00,167000.0,168000.0,164500.0,167900.0,10700,KBS
2025-10-22 07:00:00,168000.0,168400.0,167000.0,167000.0,2400,KBS
2025-10-23 07:00:00,169900.0,170500.0,168600.0,170000.0,9900,KBS
2025-10-24 07:00:00,171000.0,171000.0,167900.0,170400.0,3300,KBS
2025-10-27 07:00:00,168000.0,170000.0,153400.0,166800.0,3600,KBS
2025-10-28 07:00:00,169900.0,169900.0,167500.0,168600.0,1800,KBS
2025-10-29 07:00:00,169000.0,169000.0,168000.0,168000.0,6500,KBS
2025-10-30 07:00:00,165000.0,169000.0,152000.0,169000.0,6600,KBS
2025-10-31 07:00:00,168600.0,168600.0,168600.0,168600.0,100,KBS
2025-11-03 07:00:00,168100.0,168200.0,166500.0,167000.0,9200,KBS
2025-11-04 07:00:00,166700.0,167000.0,166000.0,167000.0,5600,KBS
2025-11-05 07:00:00,167000.0,167800.0,166800.0,167100.0,4700,KBS
2025-11-06 07:00:00,169100.0,169100.0,166500.0,166500.0,8000,KBS
2025-11-07 07:00:00,168000.0,168000.0,165300.0,165400.0,3900,KBS
2025-11-10 07:00:00,165200.0,165200.0,163400.0,163400.0,4800,KBS
2025-11-11 07:00:00,166900.0,166900.0,162200.0,163000.0,2700,KBS
2025-11-12 07:00:00,163500.0,166300.0,163500.0,166300.0,600,KBS
2025-11-13 07:00:00,174000.0,174000.0,167000.0,167000.0,1400,KBS
2025-11-14 07:00:00,167000.0,167000.0,164500.0,166000.0,4600,KBS
2025-11-17 07:00:00,166000.0,167000.0,166000.0,167000.0,1500,KBS
2025-11-18 07:00:00,166900.0,167000.0,164700.0,167000.0,5000,KBS
2025-11-19 07:00:00,167500.0,168000.0,165700.0,165700.0,1300,KBS
2025-11-20 07:00:00,165700.0,166500.0,165700.0,166500.0,1700,KBS
2025-11-21 07:00:00,166500.0,166500.0,164500.0,164500.0,600,KBS
2025-11-24 07:00:00,165100.0,165900.0,164500.0,165900.0,4900,KBS
2025-11-25 07:00:00,166000.0,166000.0,164000.0,164000.0,3500,KBS
2025-11-26 07:00:00,164000.0,165000.0,163200.0,165000.0,2100,KBS
2025-11-27 07:00:00,165000.0,166000.0,165000.0,165000.0,3600,KBS
2025-11-28 07:00:00,163200.0,165900.0,163000.0,163800.0,1700,KBS
2025-12-01 07:00:00,164000.0,166000.0,163700.0,164500.0,3400,KBS
2025-12-02 07:00:00,164300.0,165000.0,164200.0,164500.0,1800,KBS
2025-12-03 07:00:00,166000.0,166200.0,164000.0,165000.0,2900,KBS
2025-12-04 07:00:00,164200.0,165600.0,164100.0,164300.0,1600,KBS
2025-12-05 07:00:00,165000.0,165000.0,164200.0,164200.0,2000,KBS
2025-12-08 07:00:00,165000.0,165000.0,164200.0,164200.0,2800,KBS
2025-12-09 07:00:00,166900.0,167000.0,163500.0,164400.0,8000,KBS
2025-12-10 07:00:00,166700.0,166900.0,164000.0,164000.0,4000,KBS
2025-12-11 07:00:00,164100.0,165600.0,164000.0,165600.0,1000,KBS
2025-12-12 07:00:00,164000.0,164000.0,164000.0,164000.0,1000,KBS
2025-12-15 07:00:00,164000.0,164000.0,164000.0,164000.0,1500,KBS
2025-12-16 07:00:00,164300.0,164300.0,163200.0,163200.0,3000,KBS
2025-12-17 07:00:00,163100.0,163200.0,163000.0,163000.0,2900,KBS
2025-12-18 07:00:00,163000.0,163000.0,163000.0,163000.0,900,KBS
2025-12-19 07:00:00,163000.0,163000.0,162000.0,162400.0,2800,KBS
2025-12-22 07:00:00,163000.0,163000.0,161800.0,161900.0,3700,KBS
2025-12-23 07:00:00,162000.0,163500.0,161800.0,162000.0,3900,KBS
2025-12-24 07:00:00,162000.0,162000.0,160300.0,162000.0,8100,KBS
2025-12-25 07:00:00,162000.0,162000.0,161100.0,161800.0,700,KBS
2025-12-26 07:00:00,158200.0,162000.0,158200.0,162000.0,1500,KBS
2025-12-29 07:00:00,162000.0,162000.0,159600.0,161900.0,5300,KBS
2025-12-30 07:00:00,161900.0,161900.0,161800.0,161900.0,2300,KBS
2025-12-31 07:00:00,161900.0,161900.0,161900.0,161900.0,1200,KBS
2026-01-05 07:00:00,164000.0,164000.0,161800.0,161900.0,3400,KBS
2026-01-06 07:00:00,160300.0,162600.0,160000.0,162600.0,3800,KBS
2026-01-07 07:00:00,161000.0,161900.0,160700.0,161900.0,5300,KBS
2026-01-08 07:00:00,161900.0,162000.0,160000.0,161000.0,6600,KBS
2026-01-09 07:00:00,161000.0,161200.0,160000.0,161200.0,3400,KBS
2026-01-12 07:00:00,161400.0,161400.0,159000.0,160900.0,5200,KBS
2026-01-13 07:00:00,160000.0,160100.0,159000.0,160100.0,2500,KBS
2026-01-14 07:00:00,160000.0,162400.0,159800.0,162400.0,5800,KBS
2026-01-15 07:00:00,167000.0,167000.0,160900.0,161200.0,6200,KBS
2026-01-16 07:00:00,161900.0,162000.0,161300.0,162000.0,5900,KBS
2026-01-19 07:00:00,162000.0,162000.0,160200.0,160600.0,12600,KBS
2026-01-20 07:00:00,160600.0,161900.0,160600.0,161900.0,1800,KBS
2026-01-21 07:00:00,161600.0,161600.0,160500.0,161400.0,2600,KBS
2026-01-22 07:00:00,161200.0,161800.0,160000.0,161700.0,3900,KBS
2026-01-23 07:00:00,161700.0,161700.0,160600.0,161400.0,2600,KBS
2026-01-26 07:00:00,161400.0,161400.0,160000.0,160700.0,6000,KBS
2026-01-27 07:00:00,160500.0,161600.0,160500.0,161500.0,2700,KBS
2026-01-28 07:00:00,161500.0,161500.0,159500.0,161400.0,500,KBS
2026-01-29 07:00:00,161000.0,161400.0,161000.0,161400.0,700,KBS
2026-01-30 07:00:00,160200.0,161900.0,160000.0,161600.0,4400,KBS
2026-02-02 07:00:00,161400.0,161400.0,160100.0,161000.0,2500,KBS
2026-02-03 07:00:00,161000.0,161500.0,160900.0,161500.0,1200,KBS
2026-02-04 07:00:00,161300.0,161600.0,160800.0,161500.0,3800,KBS
2026-02-05 07:00:00,161500.0,161600.0,161000.0,161500.0,2600,KBS
2026-02-06 07:00:00,161500.0,162000.0,160400.0,161100.0,10800,KBS
2026-02-09 07:00:00,161500.0,161500.0,160000.0,161000.0,13200,KBS
2026-02-10 07:00:00,160100.0,160100.0,160000.0,160100.0,6000,KBS
2026-02-11 07:00:00,160300.0,165000.0,160200.0,163200.0,1900,KBS
2026-02-12 07:00:00,163100.0,163100.0,161200.0,162800.0,600,KBS
2026-02-13 07:00:00,161300.0,162800.0,161200.0,161900.0,1400,KBS
2026-02-23 07:00:00,163500.0,163500.0,161300.0,162000.0,2100,KBS
2026-02-24 07:00:00,162500.0,162500.0,161100.0,162000.0,7500,KBS
2026-02-25 07:00:00,160300.0,162500.0,160100.0,161500.0,2300,KBS
2026-02-26 07:00:00,162500.0,162600.0,161600.0,161600.0,3200,KBS
2026-02-27 07:00:00,161600.0,162000.0,161600.0,161900.0,2700,KBS
2026-03-02 07:00:00,161700.0,163000.0,161000.0,162000.0,4400,KBS
2026-03-03 07:00:00,162000.0,162600.0,161000.0,162200.0,7200,KBS
2026-03-04 07:00:00,162000.0,162000.0,158100.0,159300.0,13700,KBS
2026-03-05 07:00:00,158000.0,162000.0,158000.0,160100.0,2500,KBS
2026-03-06 07:00:00,160100.0,161000.0,160100.0,160400.0,2300,KBS
2026-03-09 07:00:00,160100.0,160100.0,150900.0,154900.0,12900,KBS
2026-03-10 07:00:00,155200.0,157500.0,155100.0,157100.0,4600,KBS
2026-03-11 07:00:00,157800.0,158000.0,157200.0,158000.0,3600,KBS
2026-03-12 07:00:00,158000.0,159900.0,157200.0,159800.0,1800,KBS
2026-03-13 07:00:00,158500.0,159700.0,158500.0,159700.0,3100,KBS
2026-03-16 07:00:00,159700.0,159700.0,159600.0,159700.0,800,KBS
2026-03-17 07:00:00,160000.0,162000.0,160000.0,160500.0,1400,KBS
2026-03-18 07:00:00,161000.0,161100.0,160100.0,160100.0,800,KBS
2026-03-19 07:00:00,158600.0,162500.0,158500.0,162000.0,7400,KBS
2026-03-20 07:00:00,160800.0,162000.0,160200.0,160200.0,2300,KBS
2026-03-23 07:00:00,161300.0,161700.0,159000.0,159000.0,8000,KBS
2026-03-24 07:00:00,160000.0,160800.0,159200.0,160800.0,2300,KBS
2026-03-25 07:00:00,161000.0,161100.0,160800.0,161000.0,12700,KBS
2026-03-26 07:00:00,161000.0,161000.0,160800.0,160800.0,1900,KBS
2026-03-27 07:00:00,160800.0,160800.0,159800.0,160800.0,4800,KBS
2026-03-30 07:00:00,160900.0,161000.0,160900.0,161000.0,1900,KBS
2026-03-31 07:00:00,161000.0,161300.0,161000.0,161200.0,1200,KBS
2026-04-01 07:00:00,161200.0,163000.0,161200.0,162000.0,3400,KBS
2026-04-02 07:00:00,162000.0,162000.0,161200.0,162000.0,1700,KBS
2026-04-03 07:00:00,161300.0,161500.0,161000.0,161000.0,1800,KBS
2026-04-06 07:00:00,161000.0,161500.0,159000.0,161400.0,2500,KBS
2026-04-07 07:00:00,161000.0,161300.0,161000.0,161000.0,1600,KBS
2026-04-08 07:00:00,163700.0,163700.0,159000.0,160500.0,4200,KBS
2026-04-09 07:00:00,160500.0,161300.0,160500.0,160900.0,3300,KBS
2026-04-10 07:00:00,159500.0,161400.0,159500.0,161400.0,4000,KBS
2026-04-13 07:00:00,161400.0,161600.0,160800.0,161600.0,2600,KBS
2026-04-14 07:00:00,161500.0,161700.0,161000.0,161000.0,2800,KBS
2026-04-15 07:00:00,161000.0,161000.0,160700.0,160700.0,1100,KBS
2026-04-16 07:00:00,160800.0,160800.0,160000.0,160200.0,1200,KBS
2026-04-17 07:00:00,160200.0,161000.0,160200.0,160300.0,900,KBS
2026-04-20 07:00:00,160200.0,160400.0,160000.0,160400.0,1100,KBS
2026-04-21 07:00:00,159000.0,159000.0,154900.0,157000.0,27200,KBS
2026-04-22 07:00:00,157500.0,158000.0,157000.0,157700.0,1200,KBS
2026-04-23 07:00:00,157000.0,158800.0,156200.0,156200.0,4000,KBS
2026-04-24 07:00:00,156500.0,156900.0,155000.0,155000.0,9600,KBS
2026-04-28 07:00:00,156000.0,156000.0,155100.0,155600.0,2500,KBS
2026-04-29 07:00:00,155600.0,159000.0,155000.0,155000.0,10500,KBS
2026-05-04 07:00:00,155200.0,157800.0,155000.0,155000.0,4400,KBS
2026-05-05 07:00:00,155100.0,155100.0,153400.0,154700.0,14300,KBS
2026-05-06 07:00:00,155400.0,155400.0,152600.0,152700.0,8900,KBS
2026-05-07 07:00:00,152900.0,152900.0,151300.0,152600.0,3100,KBS
2026-05-08 07:00:00,152600.0,152800.0,150000.0,152200.0,4700,KBS
2026-05-11 07:00:00,152000.0,152000.0,149000.0,150900.0,6600,KBS
2026-05-12 07:00:00,150000.0,150400.0,148500.0,149300.0,5500,KBS
2026-05-13 07:00:00,149300.0,150500.0,149000.0,150400.0,5600,KBS
2026-05-14 07:00:00,150100.0,150100.0,149300.0,149300.0,3200,KBS
2026-05-15 07:00:00,149300.0,149400.0,149300.0,149300.0,2100,KBS
2026-05-18 07:00:00,149500.0,150500.0,149300.0,150500.0,1400,KBS
2026-05-19 07:00:00,150500.0,150500.0,150400.0,150400.0,700,KBS
2026-05-20 07:00:00,149500.0,149500.0,148400.0,148400.0,4000,KBS
2026-05-21 07:00:00,148400.0,149900.0,148400.0,149600.0,1900,KBS
2026-05-22 07:00:00,149500.0,151000.0,148500.0,150000.0,1400,KBS
2026-05-25 07:00:00,149000.0,151500.0,149000.0,151500.0,3700,KBS
2026-05-26 07:00:00,152000.0,152000.0,150000.0,150000.0,2300,KBS
2026-05-27 07:00:00,150000.0,151500.0,150000.0,150000.0,2300,KBS
2026-05-28 07:00:00,150000.0,150000.0,149100.0,149100.0,1200,KBS
2026-05-29 07:00:00,149100.0,149200.0,149100.0,149200.0,1200,KBS
2026-06-01 07:00:00,150000.0,150900.0,150000.0,150800.0,1500,KBS
2026-06-02 07:00:00,150800.0,150800.0,149100.0,149100.0,500,KBS
2026-06-03 07:00:00,149100.0,149100.0,147200.0,147200.0,6000,KBS
2026-06-04 07:00:00,132500.0,148000.0,132500.0,148000.0,1400,KBS
2026-06-05 07:00:00,148000.0,148000.0,148000.0,148000.0,300,KBS
