date,open,high,low,close,volume,_source
2020-01-02 07:00:00,10540.0,10930.0,10540.0,10810.0,165900,KBS
2020-01-03 07:00:00,10810.0,11351.0,10660.0,11080.0,750030,KBS
2020-01-06 07:00:00,11050.0,11050.0,10570.0,10750.0,360360,KBS
2020-01-07 07:00:00,10750.0,10930.0,10450.0,10750.0,295630,KBS
2020-01-08 07:00:00,10510.0,10570.0,10029.0,10119.0,482480,KBS
2020-01-09 07:00:00,10210.0,10390.0,10029.0,10029.0,276620,KBS
2020-01-10 07:00:00,10210.0,10270.0,9639.0,9699.0,354110,KBS
2020-01-13 07:00:00,9699.0,9759.0,9128.0,9309.0,271350,KBS
2020-01-14 07:00:00,9309.0,9609.0,9309.0,9609.0,108490,KBS
2020-01-15 07:00:00,9549.0,9609.0,9399.0,9399.0,50600,KBS
2020-01-16 07:00:00,9549.0,9579.0,9219.0,9219.0,133780,KBS
2020-01-17 07:00:00,9189.0,9549.0,9189.0,9429.0,90430,KBS
2020-01-20 07:00:00,9609.0,9609.0,9249.0,9429.0,101560,KBS
2020-01-21 07:00:00,9309.0,9579.0,9309.0,9489.0,78060,KBS
2020-01-22 07:00:00,9489.0,9639.0,9369.0,9639.0,71950,KBS
2020-01-30 07:00:00,9339.0,9579.0,9309.0,9369.0,62050,KBS
2020-01-31 07:00:00,9279.0,9369.0,8768.0,8828.0,122410,KBS
2020-02-03 07:00:00,8288.0,8708.0,8228.0,8408.0,396390,KBS
2020-02-04 07:00:00,8408.0,8588.0,8408.0,8588.0,129770,KBS
2020-02-05 07:00:00,8528.0,9189.0,8528.0,8888.0,149510,KBS
2020-02-06 07:00:00,9369.0,9369.0,9008.0,9339.0,167030,KBS
2020-02-07 07:00:00,9519.0,9519.0,9128.0,9309.0,41520,KBS
2020-02-10 07:00:00,9128.0,9249.0,9068.0,9249.0,53300,KBS
2020-02-11 07:00:00,9279.0,9459.0,9128.0,9369.0,170210,KBS
2020-02-12 07:00:00,9609.0,9999.0,9489.0,9999.0,336460,KBS
2020-02-13 07:00:00,10210.0,10390.0,10149.0,10270.0,414530,KBS
2020-02-14 07:00:00,10330.0,10330.0,10089.0,10149.0,122330,KBS
2020-02-17 07:00:00,10149.0,10720.0,10089.0,10570.0,258130,KBS
2020-02-18 07:00:00,10690.0,10990.0,10510.0,10750.0,430240,KBS
2020-02-19 07:00:00,10690.0,11020.0,10690.0,10870.0,529310,KBS
2020-02-20 07:00:00,11050.0,11050.0,10660.0,10810.0,270790,KBS
2020-02-21 07:00:00,10810.0,10810.0,10540.0,10570.0,169150,KBS
2020-02-24 07:00:00,10270.0,10390.0,9849.0,9849.0,554700,KBS
2020-02-25 07:00:00,9609.0,10360.0,9519.0,10330.0,427900,KBS
2020-02-26 07:00:00,9909.0,10300.0,9909.0,10210.0,92610,KBS
2020-02-27 07:00:00,10300.0,10570.0,10210.0,10540.0,224770,KBS
2020-02-28 07:00:00,10540.0,10750.0,10029.0,10720.0,532740,KBS
2020-03-02 07:00:00,10750.0,11050.0,10630.0,10750.0,242530,KBS
2020-03-03 07:00:00,10930.0,10930.0,10510.0,10750.0,380310,KBS
2020-03-04 07:00:00,10750.0,10750.0,10510.0,10630.0,303040,KBS
2020-03-05 07:00:00,10690.0,10810.0,10630.0,10630.0,315830,KBS
2020-03-06 07:00:00,10630.0,10720.0,10420.0,10660.0,116470,KBS
2020-03-09 07:00:00,9939.0,10149.0,9939.0,9939.0,471760,KBS
2020-03-10 07:00:00,9939.0,9939.0,9369.0,9729.0,571650,KBS
2020-03-11 07:00:00,9849.0,9849.0,9068.0,9549.0,311780,KBS
2020-03-12 07:00:00,9068.0,9249.0,8888.0,8888.0,561630,KBS
2020-03-13 07:00:00,8288.0,9008.0,8288.0,8468.0,395690,KBS
2020-03-16 07:00:00,8468.0,8828.0,8288.0,8378.0,197440,KBS
2020-03-17 07:00:00,8168.0,8948.0,8168.0,8948.0,162570,KBS
2020-03-18 07:00:00,9008.0,9189.0,8768.0,8828.0,151800,KBS
2020-03-19 07:00:00,8768.0,8978.0,8468.0,8588.0,76080,KBS
2020-03-20 07:00:00,8768.0,8858.0,8468.0,8678.0,118560,KBS
2020-03-23 07:00:00,8528.0,8528.0,8078.0,8078.0,465030,KBS
2020-03-24 07:00:00,8078.0,8378.0,8078.0,8198.0,399890,KBS
2020-03-25 07:00:00,8198.0,8648.0,8198.0,8618.0,194710,KBS
2020-03-26 07:00:00,8588.0,8708.0,8228.0,8408.0,156890,KBS
2020-03-27 07:00:00,8408.0,8408.0,8108.0,8168.0,156750,KBS
2020-03-30 07:00:00,8047.0,8047.0,7597.0,7597.0,379630,KBS
2020-03-31 07:00:00,7687.0,7897.0,7147.0,7567.0,176980,KBS
2020-04-01 07:00:00,7387.0,7837.0,7387.0,7777.0,87570,KBS
2020-04-03 07:00:00,7777.0,8108.0,7777.0,8017.0,218510,KBS
2020-04-06 07:00:00,8108.0,8498.0,8108.0,8348.0,228990,KBS
2020-04-07 07:00:00,8588.0,8588.0,8318.0,8348.0,76750,KBS
2020-04-08 07:00:00,8288.0,8348.0,8168.0,8348.0,65460,KBS
2020-04-09 07:00:00,8408.0,8708.0,8378.0,8528.0,234170,KBS
2020-04-10 07:00:00,8588.0,8828.0,8408.0,8588.0,182530,KBS
2020-04-13 07:00:00,8588.0,8768.0,8408.0,8468.0,134300,KBS
2020-04-14 07:00:00,8378.0,8588.0,8108.0,8408.0,159560,KBS
2020-04-15 07:00:00,8528.0,8828.0,8498.0,8828.0,349720,KBS
2020-04-16 07:00:00,8828.0,9249.0,8678.0,9128.0,307450,KBS
2020-04-17 07:00:00,9369.0,9549.0,9249.0,9309.0,359660,KBS
2020-04-20 07:00:00,9939.0,9939.0,9819.0,9939.0,962840,KBS
2020-04-21 07:00:00,9939.0,10480.0,9489.0,9609.0,737770,KBS
2020-04-22 07:00:00,9489.0,10029.0,9489.0,9999.0,399940,KBS
2020-04-23 07:00:00,10330.0,10330.0,9729.0,9789.0,229600,KBS
2020-04-24 07:00:00,9789.0,9969.0,9609.0,9969.0,232110,KBS
2020-04-27 07:00:00,10390.0,10660.0,10179.0,10660.0,2207750,KBS
2020-04-28 07:00:00,10990.0,11020.0,10570.0,10690.0,491330,KBS
2020-04-29 07:00:00,10810.0,11050.0,10660.0,10810.0,514170,KBS
2020-05-04 07:00:00,10510.0,10810.0,10450.0,10480.0,601610,KBS
2020-05-05 07:00:00,10570.0,10930.0,10390.0,10810.0,522250,KBS
2020-05-06 07:00:00,10870.0,11561.0,10870.0,11561.0,1835550,KBS
2020-05-07 07:00:00,11591.0,11771.0,11351.0,11501.0,668540,KBS
2020-05-08 07:00:00,11471.0,11711.0,11291.0,11291.0,951950,KBS
2020-05-11 07:00:00,11471.0,11861.0,11170.0,11471.0,1065140,KBS
2020-05-12 07:00:00,11471.0,11921.0,11321.0,11711.0,995290,KBS
2020-05-13 07:00:00,11711.0,11921.0,11411.0,11471.0,1181530,KBS
2020-05-14 07:00:00,11291.0,11501.0,10960.0,10960.0,1605030,KBS
2020-05-15 07:00:00,10870.0,11200.0,10660.0,10840.0,1052180,KBS
2020-05-18 07:00:00,10870.0,11230.0,10810.0,11230.0,770990,KBS
2020-05-19 07:00:00,11411.0,11531.0,11230.0,11230.0,1064760,KBS
2020-05-20 07:00:00,11230.0,11411.0,11080.0,11411.0,595200,KBS
2020-05-21 07:00:00,11531.0,11771.0,11291.0,11411.0,1336290,KBS
2020-05-22 07:00:00,11411.0,11471.0,11170.0,11321.0,878530,KBS
2020-05-25 07:00:00,11321.0,12101.0,11291.0,12101.0,4346420,KBS
2020-05-26 07:00:00,12912.0,12912.0,12432.0,12612.0,2052830,KBS
2020-05-27 07:00:00,12612.0,12672.0,12071.0,12071.0,1677730,KBS
2020-05-28 07:00:00,12071.0,12582.0,11651.0,12311.0,2368910,KBS
2020-05-29 07:00:00,12311.0,12852.0,12191.0,12732.0,1282510,KBS
2020-06-01 07:00:00,13032.0,13513.0,13032.0,13422.0,1469570,KBS
2020-06-02 07:00:00,13422.0,13453.0,12612.0,12612.0,2343230,KBS
2020-06-03 07:00:00,12612.0,13362.0,12552.0,13212.0,1692480,KBS
2020-06-04 07:00:00,13453.0,13453.0,12672.0,12732.0,1577010,KBS
2020-06-05 07:00:00,12732.0,13032.0,12552.0,13002.0,1263050,KBS
2020-06-08 07:00:00,13092.0,13242.0,12822.0,13002.0,1734330,KBS
2020-06-09 07:00:00,12942.0,13453.0,12822.0,13152.0,1822080,KBS
2020-06-10 07:00:00,13122.0,13453.0,12822.0,13212.0,1574060,KBS
2020-06-11 07:00:00,13332.0,13362.0,12311.0,12311.0,1857260,KBS
2020-06-12 07:00:00,11471.0,12011.0,11471.0,12011.0,1889800,KBS
2020-06-15 07:00:00,12011.0,12011.0,11200.0,11200.0,1168850,KBS
2020-06-16 07:00:00,11501.0,11711.0,11411.0,11681.0,662710,KBS
2020-06-17 07:00:00,11771.0,11981.0,11651.0,11921.0,543700,KBS
2020-06-18 07:00:00,11771.0,12492.0,11621.0,12281.0,1168880,KBS
2020-06-19 07:00:00,12311.0,12582.0,12311.0,12432.0,579010,KBS
2020-06-22 07:00:00,12432.0,12522.0,12191.0,12341.0,691320,KBS
2020-06-23 07:00:00,12221.0,12492.0,11891.0,12251.0,977000,KBS
2020-06-24 07:00:00,12191.0,12372.0,11651.0,11891.0,831600,KBS
2020-06-25 07:00:00,11591.0,11861.0,11591.0,11771.0,674080,KBS
2020-06-26 07:00:00,11891.0,11951.0,11621.0,11801.0,343690,KBS
2020-06-29 07:00:00,11651.0,11651.0,11230.0,11321.0,729730,KBS
2020-06-30 07:00:00,11411.0,11531.0,10540.0,11050.0,779690,KBS
2020-07-01 07:00:00,11110.0,11801.0,10990.0,11801.0,646720,KBS
2020-07-02 07:00:00,11771.0,11891.0,11591.0,11591.0,278980,KBS
2020-07-03 07:00:00,11711.0,11861.0,11561.0,11621.0,284290,KBS
2020-07-06 07:00:00,11711.0,11831.0,11591.0,11711.0,300780,KBS
2020-07-07 07:00:00,11801.0,12071.0,11801.0,11831.0,771130,KBS
2020-07-08 07:00:00,11771.0,12041.0,11771.0,11951.0,675820,KBS
2020-07-09 07:00:00,12011.0,12372.0,12011.0,12281.0,808180,KBS
2020-07-10 07:00:00,12281.0,12492.0,12131.0,12251.0,877370,KBS
2020-07-13 07:00:00,12492.0,12492.0,12011.0,12131.0,595500,KBS
2020-07-14 07:00:00,12191.0,12251.0,12071.0,12161.0,530540,KBS
2020-07-15 07:00:00,12311.0,12492.0,12161.0,12341.0,545910,KBS
2020-07-16 07:00:00,12341.0,12492.0,12221.0,12311.0,336260,KBS
2020-07-17 07:00:00,12341.0,12882.0,12341.0,12792.0,1633730,KBS
2020-07-20 07:00:00,13332.0,13663.0,13212.0,13453.0,3357980,KBS
2020-07-21 07:00:00,13453.0,13903.0,13242.0,13813.0,2148000,KBS
2020-07-22 07:00:00,13873.0,14113.0,13513.0,13573.0,1423990,KBS
2020-07-23 07:00:00,13573.0,14173.0,13332.0,14173.0,1711410,KBS
2020-07-24 07:00:00,14113.0,14654.0,13182.0,13693.0,3074120,KBS
2020-07-27 07:00:00,13212.0,14113.0,12972.0,12972.0,2505830,KBS
2020-07-28 07:00:00,13332.0,13873.0,13092.0,13873.0,1795190,KBS
2020-07-29 07:00:00,13813.0,14834.0,13573.0,14834.0,3470290,KBS
2020-07-30 07:00:00,15134.0,15404.0,14774.0,14834.0,1932120,KBS
2020-07-31 07:00:00,14413.0,15014.0,14383.0,14564.0,1222540,KBS
2020-08-03 07:00:00,14534.0,15554.0,14534.0,15494.0,2458950,KBS
2020-08-04 07:00:00,15615.0,16095.0,15104.0,15344.0,1876970,KBS
2020-08-05 07:00:00,15314.0,15855.0,15104.0,15524.0,1266930,KBS
2020-08-06 07:00:00,15374.0,16395.0,15254.0,16095.0,2767230,KBS
2020-08-07 07:00:00,16035.0,16305.0,15855.0,16095.0,1298990,KBS
2020-08-10 07:00:00,16155.0,17116.0,16095.0,16395.0,1960140,KBS
2020-08-11 07:00:00,16575.0,16726.0,15645.0,15915.0,3555920,KBS
2020-08-12 07:00:00,15855.0,16275.0,15645.0,16155.0,1389540,KBS
2020-08-13 07:00:00,16155.0,16816.0,16125.0,16816.0,1614400,KBS
2020-08-14 07:00:00,16816.0,17026.0,16335.0,16545.0,2033900,KBS
2020-08-17 07:00:00,16545.0,17056.0,16275.0,16726.0,1303680,KBS
2020-08-18 07:00:00,16756.0,16996.0,16515.0,16756.0,964150,KBS
2020-08-19 07:00:00,16756.0,16876.0,16605.0,16726.0,1361070,KBS
2020-08-20 07:00:00,16726.0,16726.0,16155.0,16275.0,2248010,KBS
2020-08-21 07:00:00,16395.0,16545.0,16275.0,16455.0,1215220,KBS
2020-08-24 07:00:00,16635.0,16936.0,16485.0,16696.0,1584120,KBS
2020-08-25 07:00:00,16605.0,16936.0,16515.0,16666.0,1591290,KBS
2020-08-26 07:00:00,16635.0,17506.0,16455.0,17116.0,3303430,KBS
2020-08-27 07:00:00,17489.0,17489.0,17178.0,17209.0,1471870,KBS
2020-08-28 07:00:00,17178.0,17427.0,16960.0,16960.0,1485300,KBS
2020-08-31 07:00:00,16774.0,16774.0,15809.0,16151.0,3624570,KBS
2020-09-01 07:00:00,16058.0,16587.0,16058.0,16431.0,688880,KBS
2020-09-03 07:00:00,16742.0,16742.0,16276.0,16431.0,1036590,KBS
2020-09-04 07:00:00,15933.0,16680.0,15933.0,16494.0,1197840,KBS
2020-09-07 07:00:00,16494.0,16618.0,16058.0,16058.0,1083620,KBS
2020-09-08 07:00:00,16182.0,16307.0,15996.0,16213.0,711970,KBS
2020-09-09 07:00:00,15996.0,16618.0,15964.0,16400.0,1294810,KBS
2020-09-10 07:00:00,16805.0,17427.0,16805.0,17240.0,3154650,KBS
2020-09-11 07:00:00,17240.0,17240.0,16960.0,17116.0,839390,KBS
2020-09-14 07:00:00,16805.0,17085.0,16805.0,16929.0,1690640,KBS
2020-09-15 07:00:00,16805.0,17427.0,16742.0,17054.0,1729250,KBS
2020-09-16 07:00:00,17178.0,17303.0,16805.0,16929.0,940110,KBS
2020-09-17 07:00:00,17054.0,17209.0,16898.0,16960.0,1062990,KBS
2020-09-18 07:00:00,16960.0,17085.0,16836.0,16960.0,851820,KBS
2020-09-21 07:00:00,17054.0,17116.0,16867.0,16867.0,1311870,KBS
2020-09-22 07:00:00,16680.0,16867.0,16431.0,16556.0,1905190,KBS
2020-09-23 07:00:00,16556.0,16742.0,16307.0,16711.0,804240,KBS
2020-09-24 07:00:00,16711.0,16991.0,16680.0,16742.0,631230,KBS
2020-09-25 07:00:00,16742.0,16867.0,16525.0,16556.0,731590,KBS
2020-09-28 07:00:00,16556.0,16680.0,16338.0,16431.0,998290,KBS
2020-09-29 07:00:00,16431.0,16494.0,15996.0,16120.0,1760780,KBS
2020-09-30 07:00:00,16120.0,16525.0,15902.0,16400.0,1220270,KBS
2020-10-01 07:00:00,16462.0,16680.0,16369.0,16462.0,719060,KBS
2020-10-02 07:00:00,16431.0,16494.0,15871.0,16307.0,1269250,KBS
2020-10-05 07:00:00,16307.0,17303.0,16276.0,17303.0,3102060,KBS
2020-10-06 07:00:00,17427.0,17458.0,17116.0,17178.0,1562460,KBS
2020-10-07 07:00:00,17147.0,17427.0,16991.0,16991.0,1635170,KBS
2020-10-08 07:00:00,17085.0,17147.0,16618.0,16680.0,1668490,KBS
2020-10-09 07:00:00,16805.0,16929.0,16618.0,16774.0,605080,KBS
2020-10-12 07:00:00,16929.0,16960.0,16525.0,16525.0,1168990,KBS
2020-10-13 07:00:00,16494.0,16556.0,16213.0,16307.0,848610,KBS
2020-10-14 07:00:00,16400.0,16742.0,16276.0,16431.0,698230,KBS
2020-10-15 07:00:00,16431.0,16431.0,16307.0,16307.0,667210,KBS
2020-10-16 07:00:00,16245.0,16338.0,15871.0,15871.0,1540720,KBS
2020-10-19 07:00:00,15871.0,15871.0,15249.0,15249.0,1887280,KBS
2020-10-20 07:00:00,15000.0,15218.0,14782.0,15062.0,1172360,KBS
2020-10-21 07:00:00,15062.0,15684.0,15000.0,15311.0,1034960,KBS
2020-10-22 07:00:00,15249.0,15249.0,15062.0,15124.0,441530,KBS
2020-10-23 07:00:00,15155.0,15155.0,15000.0,15000.0,613590,KBS
2020-10-26 07:00:00,15000.0,15280.0,14938.0,15062.0,915550,KBS
2020-10-27 07:00:00,14938.0,15155.0,14875.0,14875.0,794090,KBS
2020-10-28 07:00:00,14626.0,14813.0,14066.0,14253.0,1093040,KBS
2020-10-29 07:00:00,13755.0,14626.0,13755.0,14253.0,1048780,KBS
2020-10-30 07:00:00,14440.0,14595.0,14253.0,14471.0,497020,KBS
2020-11-02 07:00:00,14626.0,14626.0,14377.0,14408.0,317450,KBS
2020-11-03 07:00:00,14502.0,15062.0,14408.0,15000.0,753740,KBS
2020-11-04 07:00:00,15000.0,16027.0,15000.0,16027.0,1707750,KBS
2020-11-05 07:00:00,15871.0,16151.0,15435.0,15498.0,1160660,KBS
2020-11-06 07:00:00,15404.0,15996.0,15404.0,15684.0,732500,KBS
2020-11-09 07:00:00,15778.0,15871.0,15622.0,15778.0,923140,KBS
2020-11-10 07:00:00,15933.0,16494.0,15747.0,16120.0,1560770,KBS
2020-11-11 07:00:00,16120.0,16431.0,15996.0,16307.0,1082800,KBS
2020-11-12 07:00:00,16307.0,16400.0,16213.0,16338.0,503040,KBS
2020-11-13 07:00:00,16369.0,16587.0,16213.0,16462.0,926190,KBS
2020-11-16 07:00:00,16400.0,16494.0,15933.0,16089.0,1085540,KBS
2020-11-17 07:00:00,16089.0,16431.0,16089.0,16400.0,801230,KBS
2020-11-18 07:00:00,16431.0,17303.0,16338.0,17240.0,2200930,KBS
2020-11-19 07:00:00,17240.0,17645.0,17023.0,17116.0,1587480,KBS
2020-11-20 07:00:00,17116.0,17676.0,16805.0,17552.0,1388480,KBS
2020-11-23 07:00:00,17552.0,17738.0,17334.0,17552.0,1193270,KBS
2020-11-24 07:00:00,17583.0,17614.0,17116.0,17365.0,1589960,KBS
2020-11-25 07:00:00,17427.0,18547.0,17178.0,18174.0,2629930,KBS
2020-11-26 07:00:00,18205.0,18641.0,18112.0,18361.0,1086680,KBS
2020-11-27 07:00:00,18361.0,18485.0,18143.0,18174.0,759450,KBS
2020-11-30 07:00:00,18330.0,18330.0,17863.0,17863.0,1090640,KBS
2020-12-01 07:00:00,17427.0,18392.0,17365.0,18143.0,1780510,KBS
2020-12-02 07:00:00,18298.0,18921.0,18050.0,18672.0,1624980,KBS
2020-12-03 07:00:00,18610.0,19014.0,18579.0,18672.0,788960,KBS
2020-12-04 07:00:00,18703.0,18890.0,18298.0,18392.0,972200,KBS
2020-12-07 07:00:00,18330.0,18610.0,18298.0,18392.0,867690,KBS
2020-12-08 07:00:00,18454.0,18672.0,18174.0,18423.0,844910,KBS
2020-12-09 07:00:00,18547.0,18952.0,18392.0,18423.0,906050,KBS
2020-12-10 07:00:00,18423.0,18547.0,17925.0,17925.0,1616470,KBS
2020-12-11 07:00:00,17987.0,18112.0,17645.0,17987.0,1190660,KBS
2020-12-14 07:00:00,18050.0,18547.0,18018.0,18485.0,994820,KBS
2020-12-15 07:00:00,18423.0,19730.0,18298.0,19481.0,2952380,KBS
2020-12-16 07:00:00,19357.0,19979.0,19294.0,19481.0,1038490,KBS
2020-12-17 07:00:00,19419.0,19917.0,19170.0,19419.0,1065140,KBS
2020-12-18 07:00:00,19388.0,20228.0,19263.0,20103.0,1787730,KBS
2020-12-21 07:00:00,20103.0,21006.0,19979.0,20290.0,1404260,KBS
2020-12-22 07:00:00,20290.0,21037.0,20228.0,20850.0,1205730,KBS
2020-12-23 07:00:00,20850.0,20975.0,19419.0,19917.0,1228790,KBS
2020-12-24 07:00:00,19917.0,19917.0,18547.0,19325.0,1953090,KBS
2020-12-25 07:00:00,19263.0,20041.0,18547.0,20041.0,1392730,KBS
2020-12-28 07:00:00,20103.0,20539.0,19917.0,20384.0,1176450,KBS
2020-12-29 07:00:00,20228.0,20415.0,19948.0,20290.0,910290,KBS
2020-12-30 07:00:00,20290.0,20290.0,19792.0,19917.0,1466940,KBS
2020-12-31 07:00:00,19823.0,20041.0,19668.0,19917.0,1167140,KBS
2021-01-04 07:00:00,20228.0,21286.0,20228.0,21286.0,1962000,KBS
2021-01-05 07:00:00,21286.0,22717.0,21286.0,22717.0,1950200,KBS
2021-01-06 07:00:00,23651.0,23651.0,22780.0,23029.0,1532800,KBS
2021-01-07 07:00:00,23091.0,23309.0,22717.0,23153.0,1247700,KBS
2021-01-08 07:00:00,23153.0,23651.0,23029.0,23309.0,904800,KBS
2021-01-11 07:00:00,23402.0,24896.0,22998.0,24522.0,1137300,KBS
2021-01-12 07:00:00,24460.0,24522.0,23620.0,24522.0,592700,KBS
2021-01-13 07:00:00,24522.0,24771.0,24211.0,24398.0,928500,KBS
2021-01-14 07:00:00,24398.0,24585.0,23962.0,24522.0,728500,KBS
2021-01-15 07:00:00,24647.0,26141.0,24554.0,25456.0,1023900,KBS
2021-01-18 07:00:00,25705.0,26141.0,24958.0,25207.0,1132600,KBS
2021-01-19 07:00:00,25207.0,25829.0,23464.0,23464.0,1324800,KBS
2021-01-20 07:00:00,23527.0,23838.0,21846.0,23464.0,1431000,KBS
2021-01-21 07:00:00,23651.0,24678.0,23029.0,24678.0,1285800,KBS
2021-01-22 07:00:00,24647.0,25269.0,24087.0,24242.0,1519600,KBS
2021-01-25 07:00:00,23962.0,24865.0,23838.0,24460.0,891800,KBS
2021-01-26 07:00:00,24709.0,25020.0,23838.0,24585.0,1389600,KBS
2021-01-27 07:00:00,24585.0,26296.0,24460.0,26296.0,4175400,KBS
2021-01-28 07:00:00,25207.0,27385.0,24460.0,24460.0,2179200,KBS
2021-01-29 07:00:00,24491.0,26172.0,24491.0,26141.0,1442700,KBS
2021-02-01 07:00:00,25518.0,26390.0,24336.0,24336.0,1823300,KBS
2021-02-02 07:00:00,22655.0,24273.0,22655.0,22966.0,3070800,KBS
2021-02-03 07:00:00,24087.0,24149.0,21473.0,23402.0,1633300,KBS
2021-02-04 07:00:00,23215.0,24460.0,22904.0,23620.0,865300,KBS
2021-02-05 07:00:00,23620.0,23651.0,23091.0,23589.0,1095200,KBS
2021-02-08 07:00:00,23340.0,24025.0,21971.0,22406.0,1360600,KBS
2021-02-09 07:00:00,22282.0,23247.0,22157.0,23060.0,841700,KBS
2021-02-17 07:00:00,23340.0,24647.0,23340.0,24398.0,906400,KBS
2021-02-18 07:00:00,24398.0,25487.0,23962.0,24989.0,1455200,KBS
2021-02-19 07:00:00,24585.0,25767.0,24585.0,25114.0,985200,KBS
2021-02-22 07:00:00,25363.0,25363.0,24522.0,24740.0,1216700,KBS
2021-02-23 07:00:00,24740.0,25705.0,24585.0,25300.0,1371000,KBS
2021-02-24 07:00:00,25487.0,25705.0,24647.0,24709.0,990900,KBS
2021-02-25 07:00:00,24896.0,24958.0,24398.0,24771.0,819800,KBS
2021-02-26 07:00:00,24273.0,26483.0,24273.0,25332.0,1078200,KBS
2021-03-01 07:00:00,25394.0,26825.0,25332.0,26763.0,2239000,KBS
2021-03-02 07:00:00,27074.0,27261.0,26514.0,26670.0,870700,KBS
2021-03-03 07:00:00,26452.0,27385.0,26327.0,27012.0,1194900,KBS
2021-03-04 07:00:00,27074.0,27385.0,25581.0,26327.0,1326500,KBS
2021-03-05 07:00:00,26016.0,26327.0,25207.0,25892.0,1025000,KBS
2021-03-08 07:00:00,26078.0,26514.0,25643.0,26172.0,902700,KBS
2021-03-09 07:00:00,26172.0,26172.0,25518.0,25767.0,586900,KBS
2021-03-10 07:00:00,25767.0,26078.0,25518.0,26016.0,536600,KBS
2021-03-11 07:00:00,26452.0,27074.0,26141.0,26670.0,1282200,KBS
2021-03-12 07:00:00,26763.0,27074.0,26390.0,26452.0,530100,KBS
2021-03-15 07:00:00,26452.0,26701.0,25985.0,26141.0,749300,KBS
2021-03-16 07:00:00,26016.0,26141.0,25518.0,25581.0,984000,KBS
2021-03-17 07:00:00,25300.0,25518.0,24958.0,25207.0,1107600,KBS
2021-03-18 07:00:00,25518.0,25829.0,25020.0,25643.0,797100,KBS
2021-03-19 07:00:00,25643.0,25829.0,25269.0,25518.0,499400,KBS
2021-03-22 07:00:00,25394.0,25518.0,25020.0,25269.0,660900,KBS
2021-03-23 07:00:00,25207.0,25829.0,25145.0,25269.0,710200,KBS
2021-03-24 07:00:00,25020.0,25269.0,23713.0,23962.0,973200,KBS
2021-03-25 07:00:00,24273.0,24305.0,23651.0,23651.0,1065500,KBS
2021-03-26 07:00:00,23340.0,23589.0,22095.0,23309.0,1033700,KBS
2021-03-29 07:00:00,23309.0,23776.0,23309.0,23713.0,580300,KBS
2021-03-30 07:00:00,23776.0,24118.0,23651.0,24056.0,457900,KBS
2021-03-31 07:00:00,24118.0,24149.0,23931.0,23993.0,423000,KBS
2021-04-01 07:00:00,23993.0,24273.0,23838.0,24273.0,485900,KBS
2021-04-02 07:00:00,24896.0,24896.0,24336.0,24585.0,569600,KBS
2021-04-05 07:00:00,24585.0,24834.0,24491.0,24491.0,385800,KBS
2021-04-06 07:00:00,24211.0,24273.0,23838.0,23993.0,434400,KBS
2021-04-07 07:00:00,23838.0,24273.0,23527.0,24273.0,574000,KBS
2021-04-08 07:00:00,24273.0,25207.0,23869.0,24522.0,697300,KBS
2021-04-09 07:00:00,24522.0,24834.0,24522.0,24585.0,292500,KBS
2021-04-12 07:00:00,24647.0,25083.0,24460.0,24709.0,499100,KBS
2021-04-13 07:00:00,24709.0,24865.0,23838.0,24025.0,743600,KBS
2021-04-14 07:00:00,23651.0,23931.0,23589.0,23900.0,605200,KBS
2021-04-15 07:00:00,23900.0,23931.0,23340.0,23402.0,702600,KBS
2021-04-16 07:00:00,23029.0,23776.0,22095.0,22842.0,806900,KBS
2021-04-19 07:00:00,22842.0,23215.0,22842.0,22904.0,467300,KBS
2021-04-20 07:00:00,23029.0,23091.0,22282.0,22655.0,626100,KBS
2021-04-22 07:00:00,22406.0,22406.0,21099.0,21753.0,1348700,KBS
2021-04-23 07:00:00,21659.0,22406.0,20415.0,22251.0,742000,KBS
2021-04-26 07:00:00,22220.0,22251.0,21410.0,21410.0,472600,KBS
2021-04-27 07:00:00,21410.0,21504.0,20664.0,20913.0,416100,KBS
2021-04-28 07:00:00,20913.0,22095.0,20788.0,21722.0,612700,KBS
2021-04-29 07:00:00,21846.0,22095.0,21473.0,21473.0,382900,KBS
2021-05-04 07:00:00,20850.0,21224.0,20726.0,21099.0,464300,KBS
2021-05-05 07:00:00,21099.0,21971.0,21099.0,21722.0,701100,KBS
2021-05-06 07:00:00,21877.0,22220.0,21659.0,21784.0,543200,KBS
2021-05-07 07:00:00,21784.0,21784.0,21037.0,21099.0,913300,KBS
2021-05-10 07:00:00,20726.0,21535.0,20664.0,21099.0,679300,KBS
2021-05-11 07:00:00,21161.0,22064.0,21068.0,21659.0,690800,KBS
2021-05-12 07:00:00,21659.0,23153.0,21628.0,23153.0,1808200,KBS
2021-05-13 07:00:00,23153.0,23589.0,22717.0,22717.0,838600,KBS
2021-05-14 07:00:00,22780.0,23340.0,22406.0,22406.0,579900,KBS
2021-05-17 07:00:00,22406.0,22655.0,21846.0,22002.0,683200,KBS
2021-05-18 07:00:00,22002.0,22002.0,21224.0,21473.0,503000,KBS
2021-05-19 07:00:00,21161.0,21473.0,21006.0,21037.0,873400,KBS
2021-05-20 07:00:00,20913.0,20913.0,19637.0,20041.0,1631600,KBS
2021-05-21 07:00:00,19917.0,21442.0,19917.0,21442.0,848500,KBS
2021-05-24 07:00:00,22095.0,22593.0,21659.0,22406.0,986000,KBS
2021-05-25 07:00:00,22469.0,22717.0,22188.0,22406.0,1140900,KBS
2021-05-26 07:00:00,22282.0,22904.0,21784.0,22531.0,1101600,KBS
2021-05-27 07:00:00,22406.0,22562.0,22282.0,22406.0,1140800,KBS
2021-05-28 07:00:00,22717.0,22717.0,22344.0,22717.0,987700,KBS
2021-05-31 07:00:00,22717.0,23527.0,22531.0,23464.0,1108900,KBS
2021-06-01 07:00:00,23527.0,23589.0,22966.0,23153.0,491700,KBS
2021-06-02 07:00:00,22717.0,23153.0,22437.0,22904.0,511700,KBS
2021-06-03 07:00:00,22095.0,23153.0,21784.0,22904.0,848600,KBS
2021-06-04 07:00:00,22904.0,24149.0,22904.0,24149.0,1695900,KBS
2021-06-07 07:00:00,24585.0,24585.0,23651.0,24336.0,1183300,KBS
2021-06-08 07:00:00,24336.0,24771.0,23651.0,23962.0,1185700,KBS
2021-06-09 07:00:00,23651.0,24149.0,22780.0,23713.0,1043000,KBS
2021-06-10 07:00:00,23713.0,23776.0,22998.0,22998.0,699900,KBS
2021-06-11 07:00:00,22904.0,23527.0,22842.0,23464.0,785400,KBS
2021-06-14 07:00:00,23464.0,24585.0,23464.0,24273.0,1294400,KBS
2021-06-15 07:00:00,24336.0,25705.0,24149.0,25456.0,2530100,KBS
2021-06-16 07:00:00,25456.0,25705.0,24834.0,25518.0,1385800,KBS
2021-06-17 07:00:00,24834.0,26016.0,24771.0,25612.0,1010100,KBS
2021-06-18 07:00:00,25394.0,26763.0,25207.0,25892.0,1745800,KBS
2021-06-21 07:00:00,25518.0,25798.0,24896.0,25456.0,1151300,KBS
2021-06-22 07:00:00,25269.0,26016.0,25207.0,25207.0,1057000,KBS
2021-06-23 07:00:00,25207.0,25207.0,23776.0,24118.0,1987300,KBS
2021-06-24 07:00:00,24087.0,24460.0,23558.0,23713.0,1043400,KBS
2021-06-25 07:00:00,23713.0,24211.0,23589.0,23776.0,604000,KBS
2021-06-28 07:00:00,23776.0,24398.0,23776.0,24273.0,762100,KBS
2021-06-29 07:00:00,24273.0,24740.0,23838.0,24242.0,850900,KBS
2021-06-30 07:00:00,24242.0,24242.0,23900.0,24025.0,625700,KBS
2021-07-01 07:00:00,24025.0,24087.0,23620.0,23962.0,826700,KBS
2021-07-02 07:00:00,23962.0,24273.0,23713.0,23962.0,735300,KBS
2021-07-05 07:00:00,23620.0,23900.0,23029.0,23215.0,1128400,KBS
2021-07-06 07:00:00,23029.0,23340.0,21784.0,21784.0,1425500,KBS
2021-07-07 07:00:00,21535.0,22344.0,21161.0,22344.0,1091200,KBS
2021-07-08 07:00:00,22282.0,22531.0,21784.0,22375.0,451700,KBS
2021-07-09 07:00:00,22095.0,22375.0,21286.0,21971.0,679600,KBS
2021-07-12 07:00:00,21597.0,21971.0,20446.0,20632.0,1206200,KBS
2021-07-13 07:00:00,20913.0,21161.0,20632.0,21099.0,443400,KBS
2021-07-14 07:00:00,21099.0,21442.0,20415.0,20850.0,500800,KBS
2021-07-15 07:00:00,20850.0,21379.0,20726.0,21379.0,413500,KBS
2021-07-16 07:00:00,22095.0,22873.0,21971.0,22873.0,1648500,KBS
2021-07-19 07:00:00,22469.0,23651.0,22282.0,22406.0,1005000,KBS
2021-07-20 07:00:00,22717.0,23340.0,22157.0,23340.0,558600,KBS
2021-07-21 07:00:00,23153.0,23402.0,22717.0,23029.0,748700,KBS
2021-07-22 07:00:00,22842.0,24616.0,22655.0,24616.0,2494000,KBS
2021-07-23 07:00:00,24585.0,24896.0,24087.0,24149.0,1009600,KBS
2021-07-26 07:00:00,23838.0,25332.0,23838.0,24834.0,1193200,KBS
2021-07-27 07:00:00,25207.0,25207.0,24211.0,24522.0,998000,KBS
2021-07-28 07:00:00,24460.0,25207.0,24273.0,24647.0,1287400,KBS
2021-07-29 07:00:00,24896.0,24989.0,24460.0,24896.0,507900,KBS
2021-07-30 07:00:00,24896.0,25767.0,24896.0,25487.0,2283300,KBS
2021-08-02 07:00:00,25425.0,25798.0,24896.0,25269.0,1743000,KBS
2021-08-03 07:00:00,25207.0,26763.0,24896.0,26763.0,3207500,KBS
2021-08-04 07:00:00,26763.0,27137.0,26203.0,26514.0,1296600,KBS
2021-08-05 07:00:00,26390.0,27385.0,26016.0,27137.0,1395600,KBS
2021-08-06 07:00:00,27105.0,28319.0,26607.0,27572.0,2873900,KBS
2021-08-09 07:00:00,27883.0,28319.0,27697.0,28319.0,1863100,KBS
2021-08-10 07:00:00,28506.0,28506.0,27572.0,27759.0,1858600,KBS
2021-08-11 07:00:00,27634.0,28257.0,27012.0,27012.0,2059100,KBS
2021-08-12 07:00:00,26919.0,28879.0,26919.0,28879.0,2482100,KBS
2021-08-13 07:00:00,29004.0,29875.0,28319.0,29564.0,2430300,KBS
2021-08-16 07:00:00,29875.0,30435.0,29222.0,29377.0,1562800,KBS
2021-08-17 07:00:00,29004.0,29128.0,28630.0,28910.0,1678900,KBS
2021-08-18 07:00:00,28630.0,29502.0,28568.0,29066.0,1381700,KBS
2021-08-19 07:00:00,28879.0,29875.0,28724.0,29626.0,1151100,KBS
2021-08-20 07:00:00,29626.0,30248.0,27572.0,28195.0,2890100,KBS
2021-08-23 07:00:00,27697.0,28941.0,26763.0,26763.0,1875100,KBS
2021-08-24 07:00:00,26576.0,27385.0,26452.0,26514.0,1276300,KBS
2021-08-25 07:00:00,26514.0,27074.0,26421.0,27074.0,683000,KBS
2021-08-26 07:00:00,27354.0,27946.0,27137.0,27634.0,970500,KBS
2021-08-27 07:00:00,27603.0,28693.0,27199.0,28693.0,1428200,KBS
2021-08-30 07:00:00,29004.0,30062.0,28941.0,29315.0,1379300,KBS
2021-08-31 07:00:00,29346.0,30902.0,29066.0,30124.0,2119000,KBS
2021-09-01 07:00:00,29875.0,30373.0,29844.0,30124.0,871500,KBS
2021-09-06 07:00:00,30497.0,30809.0,29564.0,29564.0,1548500,KBS
2021-09-07 07:00:00,29315.0,30404.0,29004.0,29439.0,1913900,KBS
2021-09-08 07:00:00,29751.0,30124.0,29066.0,29253.0,926000,KBS
2021-09-09 07:00:00,29253.0,29751.0,29190.0,29751.0,639000,KBS
2021-09-10 07:00:00,30000.0,30809.0,29751.0,30435.0,1846200,KBS
2021-09-13 07:00:00,30497.0,30560.0,29470.0,29470.0,1022300,KBS
2021-09-14 07:00:00,29315.0,29751.0,29004.0,29253.0,851900,KBS
2021-09-15 07:00:00,29004.0,29564.0,28630.0,29253.0,1050900,KBS
2021-09-16 07:00:00,29408.0,29813.0,29253.0,29502.0,547000,KBS
2021-09-17 07:00:00,29820.0,30074.0,29247.0,29438.0,913500,KBS
2021-09-20 07:00:00,29438.0,30137.0,29374.0,29438.0,1059600,KBS
2021-09-21 07:00:00,29120.0,29438.0,28484.0,29438.0,1242000,KBS
2021-09-22 07:00:00,29820.0,31473.0,29629.0,31441.0,3374700,KBS
2021-09-23 07:00:00,32108.0,32172.0,30837.0,30837.0,1139000,KBS
2021-09-24 07:00:00,30900.0,31473.0,30773.0,31091.0,981300,KBS
2021-09-27 07:00:00,31091.0,31409.0,28993.0,28993.0,1935800,KBS
2021-09-28 07:00:00,28866.0,29756.0,28548.0,29756.0,970000,KBS
2021-09-29 07:00:00,29565.0,30551.0,28961.0,29756.0,1004000,KBS
2021-09-30 07:00:00,30201.0,30201.0,29883.0,29883.0,397800,KBS
2021-10-01 07:00:00,29883.0,30519.0,29565.0,29947.0,681900,KBS
2021-10-04 07:00:00,29947.0,31028.0,29883.0,30710.0,1014900,KBS
2021-10-05 07:00:00,31091.0,31663.0,30869.0,31282.0,1044900,KBS
2021-10-06 07:00:00,31377.0,31536.0,31155.0,31345.0,831900,KBS
2021-10-07 07:00:00,31600.0,33507.0,31282.0,33507.0,2872600,KBS
2021-10-08 07:00:00,33762.0,33762.0,32871.0,32935.0,722500,KBS
2021-10-11 07:00:00,33126.0,34016.0,32871.0,33952.0,1087200,KBS
2021-10-12 07:00:00,34143.0,34906.0,33762.0,34906.0,1606800,KBS
2021-10-13 07:00:00,34906.0,36050.0,34652.0,35542.0,1327900,KBS
2021-10-14 07:00:00,35733.0,35987.0,34779.0,34779.0,1539000,KBS
2021-10-15 07:00:00,34779.0,35605.0,34143.0,35605.0,1780500,KBS
2021-10-18 07:00:00,36178.0,37386.0,36050.0,36686.0,1209900,KBS
2021-10-19 07:00:00,36686.0,36813.0,35923.0,36623.0,648700,KBS
2021-10-20 07:00:00,36241.0,37322.0,35733.0,36623.0,860900,KBS
2021-10-21 07:00:00,36686.0,37004.0,36432.0,36623.0,513200,KBS
2021-10-22 07:00:00,36623.0,38784.0,36623.0,38530.0,984400,KBS
2021-10-25 07:00:00,38784.0,39802.0,37513.0,37513.0,706800,KBS
2021-10-26 07:00:00,37386.0,38339.0,37068.0,38149.0,819000,KBS
2021-10-27 07:00:00,38530.0,38912.0,37513.0,38403.0,796100,KBS
2021-10-28 07:00:00,38149.0,39611.0,38085.0,38784.0,951300,KBS
2021-10-29 07:00:00,38530.0,40056.0,38530.0,39484.0,650400,KBS
2021-11-01 07:00:00,39547.0,39738.0,38276.0,38530.0,1069800,KBS
2021-11-02 07:00:00,38594.0,39738.0,38149.0,39547.0,1056500,KBS
2021-11-03 07:00:00,39547.0,40883.0,36813.0,36813.0,2003200,KBS
2021-11-04 07:00:00,36305.0,37513.0,36305.0,36750.0,998300,KBS
2021-11-05 07:00:00,36813.0,37513.0,35351.0,36877.0,1250200,KBS
2021-11-08 07:00:00,36941.0,38149.0,36241.0,36877.0,705600,KBS
2021-11-09 07:00:00,36877.0,37831.0,36813.0,37195.0,531100,KBS
2021-11-10 07:00:00,37195.0,37576.0,36432.0,36813.0,1124200,KBS
2021-11-11 07:00:00,37131.0,38530.0,36623.0,37831.0,1939200,KBS
2021-11-12 07:00:00,38721.0,39102.0,37894.0,38657.0,1032400,KBS
2021-11-15 07:00:00,38975.0,38975.0,37195.0,37894.0,1581300,KBS
2021-11-16 07:00:00,37386.0,37386.0,36114.0,36114.0,2098800,KBS
2021-11-17 07:00:00,36114.0,37131.0,35605.0,36877.0,1209600,KBS
2021-11-18 07:00:00,37004.0,37068.0,36114.0,36241.0,1188400,KBS
2021-11-19 07:00:00,36241.0,36432.0,33762.0,34143.0,2055300,KBS
2021-11-22 07:00:00,34143.0,34143.0,31759.0,31759.0,1533300,KBS
2021-11-23 07:00:00,31155.0,33952.0,31155.0,33952.0,1259900,KBS
2021-11-24 07:00:00,34906.0,35224.0,34143.0,34461.0,778300,KBS
2021-11-25 07:00:00,34779.0,35923.0,34207.0,35224.0,820000,KBS
2021-11-26 07:00:00,35478.0,35478.0,34397.0,34906.0,979700,KBS
2021-11-29 07:00:00,33380.0,35542.0,33380.0,35097.0,711600,KBS
2021-11-30 07:00:00,35605.0,37513.0,35605.0,37449.0,2717100,KBS
2021-12-01 07:00:00,37831.0,39230.0,37704.0,38657.0,1620400,KBS
2021-12-02 07:00:00,39039.0,39039.0,38021.0,38467.0,822200,KBS
2021-12-03 07:00:00,38276.0,38467.0,37259.0,37259.0,1408000,KBS
2021-12-06 07:00:00,36559.0,37259.0,34652.0,35605.0,2180000,KBS
2021-12-07 07:00:00,35860.0,36813.0,34970.0,36686.0,630600,KBS
2021-12-08 07:00:00,36686.0,38594.0,36686.0,37704.0,1237000,KBS
2021-12-09 07:00:00,37704.0,38021.0,37068.0,37958.0,830000,KBS
2021-12-10 07:00:00,38149.0,40374.0,37958.0,40183.0,3754400,KBS
2021-12-13 07:00:00,40692.0,41646.0,40565.0,40692.0,1244700,KBS
2021-12-14 07:00:00,40628.0,42154.0,40374.0,41455.0,1374900,KBS
2021-12-15 07:00:00,41709.0,42154.0,40692.0,41455.0,1383400,KBS
2021-12-16 07:00:00,41328.0,42917.0,41328.0,42536.0,1118600,KBS
2021-12-17 07:00:00,42917.0,43235.0,41328.0,41964.0,1548400,KBS
2021-12-20 07:00:00,41328.0,41391.0,40056.0,40438.0,1514600,KBS
2021-12-21 07:00:00,40056.0,41646.0,38848.0,41518.0,1248500,KBS
2021-12-22 07:00:00,41518.0,43108.0,41518.0,41964.0,1342600,KBS
2021-12-23 07:00:00,41709.0,41900.0,39802.0,40374.0,1386500,KBS
2021-12-24 07:00:00,40438.0,41646.0,40247.0,41201.0,1029400,KBS
2021-12-27 07:00:00,41201.0,41646.0,40374.0,41201.0,758200,KBS
2021-12-28 07:00:00,41582.0,43235.0,41391.0,42917.0,1768200,KBS
2021-12-29 07:00:00,42917.0,43871.0,42218.0,43680.0,1064100,KBS
2021-12-30 07:00:00,43744.0,44252.0,42472.0,42472.0,846800,KBS
2021-12-31 07:00:00,43235.0,43235.0,42281.0,43235.0,1282000,KBS
2022-01-04 07:00:00,43426.0,45460.0,43235.0,44825.0,1130600,KBS
2022-01-05 07:00:00,44825.0,46732.0,44825.0,46033.0,1071400,KBS
2022-01-06 07:00:00,45969.0,47050.0,45460.0,46096.0,1136300,KBS
2022-01-07 07:00:00,45778.0,45778.0,44698.0,45460.0,974300,KBS
2022-01-10 07:00:00,45143.0,46287.0,44380.0,45143.0,811800,KBS
2022-01-11 07:00:00,45079.0,45715.0,43362.0,44634.0,760800,KBS
2022-01-12 07:00:00,44189.0,44507.0,41518.0,41964.0,1686000,KBS
2022-01-13 07:00:00,42917.0,43362.0,40692.0,42409.0,1050200,KBS
2022-01-14 07:00:00,41709.0,44507.0,40819.0,44507.0,951600,KBS
2022-01-17 07:00:00,44507.0,45460.0,41391.0,41391.0,1020600,KBS
2022-01-18 07:00:00,41328.0,41455.0,38784.0,41010.0,1053700,KBS
2022-01-19 07:00:00,41010.0,43172.0,40247.0,42663.0,1976200,KBS
2022-01-20 07:00:00,42726.0,45588.0,42726.0,45588.0,1887300,KBS
2022-01-21 07:00:00,46096.0,47304.0,45206.0,45206.0,1204900,KBS
2022-01-24 07:00:00,45079.0,47241.0,44252.0,45778.0,1940000,KBS
2022-01-25 07:00:00,45270.0,48957.0,44634.0,48957.0,2106000,KBS
2022-01-26 07:00:00,50102.0,51501.0,49085.0,49593.0,989100,KBS
2022-01-27 07:00:00,49085.0,50229.0,46859.0,47368.0,1095100,KBS
2022-01-28 07:00:00,47050.0,50229.0,44825.0,49085.0,1977500,KBS
2022-02-07 07:00:00,49339.0,50165.0,48385.0,48957.0,625400,KBS
2022-02-08 07:00:00,48322.0,51501.0,48258.0,49848.0,1201800,KBS
2022-02-09 07:00:00,49275.0,50229.0,48385.0,48640.0,1049500,KBS
2022-02-10 07:00:00,48640.0,49720.0,48640.0,49593.0,805200,KBS
2022-02-11 07:00:00,49530.0,51755.0,49339.0,50738.0,1324000,KBS
2022-02-14 07:00:00,49911.0,51183.0,49657.0,49720.0,817900,KBS
2022-02-15 07:00:00,49466.0,50102.0,48322.0,50102.0,986000,KBS
2022-02-16 07:00:00,50865.0,50865.0,48640.0,48830.0,1695700,KBS
2022-02-17 07:00:00,48703.0,49593.0,48385.0,49593.0,1086900,KBS
2022-02-18 07:00:00,48830.0,50611.0,48830.0,49975.0,974600,KBS
2022-02-21 07:00:00,49784.0,50165.0,49275.0,49720.0,922700,KBS
2022-02-22 07:00:00,48703.0,49593.0,47368.0,49593.0,1690600,KBS
2022-02-23 07:00:00,49593.0,53027.0,49466.0,53027.0,3707900,KBS
2022-02-24 07:00:00,52709.0,53027.0,50229.0,52327.0,1411800,KBS
2022-02-25 07:00:00,52327.0,53980.0,52137.0,52137.0,1127800,KBS
2022-02-28 07:00:00,51882.0,52137.0,51183.0,51246.0,832000,KBS
2022-03-01 07:00:00,50865.0,52709.0,50738.0,51755.0,1161300,KBS
2022-03-02 07:00:00,51755.0,52645.0,51056.0,52137.0,841600,KBS
2022-03-03 07:00:00,52137.0,52772.0,51819.0,52200.0,802200,KBS
2022-03-04 07:00:00,52200.0,53408.0,51501.0,51564.0,1081100,KBS
2022-03-07 07:00:00,51183.0,51246.0,48767.0,48767.0,3422700,KBS
2022-03-08 07:00:00,48004.0,48449.0,46287.0,46351.0,2477900,KBS
2022-03-09 07:00:00,46351.0,48004.0,45143.0,47686.0,1683200,KBS
2022-03-10 07:00:00,47749.0,48576.0,46796.0,46796.0,974600,KBS
2022-03-11 07:00:00,46414.0,46414.0,44761.0,45015.0,1757900,KBS
2022-03-14 07:00:00,44507.0,44634.0,42854.0,43489.0,1226300,KBS
2022-03-15 07:00:00,43553.0,46096.0,43553.0,46096.0,951300,KBS
2022-03-16 07:00:00,46414.0,46732.0,46033.0,46096.0,459300,KBS
2022-03-17 07:00:00,46414.0,47177.0,46287.0,47050.0,593200,KBS
2022-03-18 07:00:00,46859.0,47749.0,46478.0,46986.0,656500,KBS
2022-03-21 07:00:00,47241.0,47877.0,46541.0,47177.0,722300,KBS
2022-03-22 07:00:00,47368.0,48194.0,47050.0,47368.0,873700,KBS
2022-03-23 07:00:00,47177.0,48004.0,47177.0,47241.0,613700,KBS
2022-03-24 07:00:00,47050.0,47368.0,46732.0,47241.0,552000,KBS
2022-03-25 07:00:00,47686.0,49530.0,47114.0,49212.0,1445500,KBS
2022-03-28 07:00:00,48640.0,49148.0,47432.0,48131.0,1034600,KBS
2022-03-29 07:00:00,48322.0,49911.0,48322.0,49466.0,1055000,KBS
2022-03-30 07:00:00,48512.0,50102.0,47686.0,48004.0,1179800,KBS
2022-03-31 07:00:00,48067.0,49784.0,48067.0,48640.0,1296900,KBS
2022-04-01 07:00:00,48703.0,49911.0,48385.0,48703.0,844800,KBS
2022-04-04 07:00:00,48957.0,50038.0,48385.0,49530.0,1186800,KBS
2022-04-05 07:00:00,49593.0,50165.0,49275.0,49466.0,858000,KBS
2022-04-06 07:00:00,49021.0,49275.0,47368.0,47368.0,1518400,KBS
2022-04-07 07:00:00,47368.0,47368.0,44825.0,45015.0,2014000,KBS
2022-04-08 07:00:00,45015.0,46096.0,44507.0,44507.0,888000,KBS
2022-04-12 07:00:00,44825.0,45969.0,43553.0,44125.0,700900,KBS
2022-04-13 07:00:00,44634.0,45524.0,43235.0,45524.0,761000,KBS
2022-04-14 07:00:00,45969.0,45969.0,44507.0,44888.0,388800,KBS
2022-04-15 07:00:00,44634.0,46351.0,43871.0,44825.0,898700,KBS
2022-04-18 07:00:00,44952.0,45588.0,41964.0,42599.0,1005700,KBS
2022-04-19 07:00:00,42663.0,43553.0,41328.0,41328.0,931800,KBS
2022-04-20 07:00:00,40883.0,41964.0,38467.0,38467.0,1307600,KBS
2022-04-21 07:00:00,37195.0,38276.0,35796.0,35796.0,1483500,KBS
2022-04-22 07:00:00,36623.0,36623.0,33316.0,34334.0,1179700,KBS
2022-04-25 07:00:00,34588.0,34970.0,31981.0,31981.0,1116700,KBS
2022-04-26 07:00:00,30837.0,33698.0,29947.0,33698.0,883200,KBS
2022-04-27 07:00:00,33698.0,35542.0,33062.0,35033.0,437000,KBS
2022-04-28 07:00:00,35669.0,36559.0,35097.0,35987.0,836700,KBS
2022-04-29 07:00:00,35987.0,37259.0,35605.0,37259.0,653800,KBS
2022-05-04 07:00:00,37513.0,37513.0,35033.0,35415.0,814500,KBS
2022-05-05 07:00:00,36496.0,36496.0,34334.0,34970.0,564800,KBS
2022-05-06 07:00:00,34016.0,34779.0,33316.0,33316.0,565300,KBS
2022-05-09 07:00:00,32172.0,32554.0,30996.0,30996.0,790100,KBS
2022-05-10 07:00:00,28929.0,32172.0,28929.0,32172.0,566900,KBS
2022-05-11 07:00:00,32744.0,32744.0,31409.0,32426.0,378000,KBS
2022-05-12 07:00:00,31854.0,32871.0,30169.0,30201.0,513100,KBS
2022-05-13 07:00:00,30265.0,30360.0,28103.0,28103.0,1124900,KBS
2022-05-16 07:00:00,28357.0,29438.0,27976.0,27976.0,292400,KBS
2022-05-17 07:00:00,29120.0,29915.0,27976.0,29915.0,510900,KBS
2022-05-18 07:00:00,30455.0,31345.0,30201.0,30805.0,487300,KBS
2022-05-19 07:00:00,29247.0,31028.0,29247.0,30583.0,426300,KBS
2022-05-20 07:00:00,30900.0,31791.0,30837.0,31155.0,458100,KBS
2022-05-23 07:00:00,31600.0,31663.0,30328.0,30328.0,560100,KBS
2022-05-24 07:00:00,30328.0,30837.0,29374.0,30519.0,483700,KBS
2022-05-25 07:00:00,30900.0,32617.0,30837.0,32617.0,904100,KBS
2022-05-26 07:00:00,33062.0,33507.0,32554.0,32999.0,549700,KBS
2022-05-27 07:00:00,32999.0,34016.0,32999.0,33444.0,640400,KBS
2022-05-30 07:00:00,33571.0,33825.0,33062.0,33253.0,663300,KBS
2022-05-31 07:00:00,32871.0,33889.0,32744.0,33698.0,787100,KBS
2022-06-01 07:00:00,33698.0,34525.0,33698.0,34143.0,605300,KBS
2022-06-02 07:00:00,34143.0,35987.0,33825.0,35542.0,1522100,KBS
2022-06-03 07:00:00,35351.0,35987.0,35033.0,35478.0,797900,KBS
2022-06-06 07:00:00,35542.0,36368.0,34906.0,35288.0,743800,KBS
2022-06-07 07:00:00,34970.0,35224.0,33698.0,34970.0,961900,KBS
2022-06-08 07:00:00,34970.0,37131.0,34970.0,36623.0,1443700,KBS
2022-06-09 07:00:00,36623.0,37004.0,35987.0,36368.0,601800,KBS
2022-06-10 07:00:00,35987.0,37513.0,35605.0,35987.0,1154000,KBS
2022-06-13 07:00:00,33698.0,34906.0,33507.0,33507.0,1080500,KBS
2022-06-14 07:00:00,32554.0,34016.0,32045.0,32744.0,568500,KBS
2022-06-15 07:00:00,33062.0,33253.0,30455.0,30964.0,1053200,KBS
2022-06-16 07:00:00,31791.0,33062.0,31791.0,31791.0,469900,KBS
2022-06-17 07:00:00,31028.0,31028.0,29565.0,29565.0,819300,KBS
2022-06-20 07:00:00,30392.0,30519.0,27499.0,27499.0,1354300,KBS
2022-06-21 07:00:00,27340.0,27340.0,25591.0,25591.0,787200,KBS
2022-06-22 07:00:00,25687.0,26736.0,25115.0,26482.0,492500,KBS
2022-06-23 07:00:00,26418.0,28294.0,26386.0,28294.0,439100,KBS
2022-06-24 07:00:00,28929.0,28929.0,27721.0,27721.0,363300,KBS
2022-06-27 07:00:00,27976.0,29120.0,27849.0,29088.0,597400,KBS
2022-06-28 07:00:00,28929.0,30265.0,28770.0,29565.0,636600,KBS
2022-06-29 07:00:00,29184.0,30137.0,29120.0,29883.0,397300,KBS
2022-06-30 07:00:00,29820.0,30010.0,28611.0,28611.0,462400,KBS
2022-07-01 07:00:00,28294.0,29247.0,27340.0,28770.0,479400,KBS
2022-07-04 07:00:00,28802.0,29533.0,28294.0,28643.0,291400,KBS
2022-07-05 07:00:00,28643.0,28898.0,26672.0,26672.0,487000,KBS
2022-07-06 07:00:00,26640.0,27340.0,26132.0,26513.0,505600,KBS
2022-07-07 07:00:00,26577.0,26768.0,25432.0,26068.0,515400,KBS
2022-07-08 07:00:00,26450.0,27817.0,26450.0,27817.0,611100,KBS
2022-07-11 07:00:00,27944.0,29247.0,27944.0,28611.0,685800,KBS
2022-07-12 07:00:00,28739.0,30614.0,28580.0,30614.0,1149700,KBS
2022-07-13 07:00:00,31155.0,31473.0,30424.0,30583.0,549600,KBS
2022-07-14 07:00:00,30519.0,31409.0,30042.0,31314.0,663600,KBS
2022-07-15 07:00:00,31536.0,32045.0,30837.0,31282.0,933900,KBS
2022-07-18 07:00:00,31695.0,31981.0,31187.0,31600.0,497300,KBS
2022-07-19 07:00:00,31250.0,32999.0,30265.0,32236.0,1051700,KBS
2022-07-20 07:00:00,32299.0,32681.0,31536.0,31536.0,1146300,KBS
2022-07-21 07:00:00,31345.0,32236.0,31218.0,31345.0,571700,KBS
2022-07-22 07:00:00,31409.0,32554.0,31187.0,31854.0,920200,KBS
2022-07-25 07:00:00,31695.0,32172.0,31536.0,31695.0,457500,KBS
2022-07-26 07:00:00,31791.0,32045.0,31345.0,31409.0,399900,KBS
2022-07-27 07:00:00,31218.0,31250.0,30265.0,30837.0,1060400,KBS
2022-07-28 07:00:00,31663.0,32935.0,31345.0,32935.0,1741300,KBS
2022-07-29 07:00:00,33380.0,33889.0,32744.0,32871.0,764900,KBS
2022-08-01 07:00:00,32999.0,34207.0,32935.0,33952.0,791100,KBS
2022-08-02 07:00:00,33571.0,34016.0,32999.0,33444.0,1419000,KBS
2022-08-03 07:00:00,33380.0,34779.0,33380.0,33698.0,1213900,KBS
2022-08-04 07:00:00,33762.0,33825.0,32871.0,32935.0,1344900,KBS
2022-08-05 07:00:00,32871.0,33698.0,32871.0,33380.0,777900,KBS
2022-08-08 07:00:00,33444.0,33889.0,33062.0,33316.0,707900,KBS
2022-08-09 07:00:00,33507.0,34397.0,33126.0,33825.0,1345000,KBS
2022-08-10 07:00:00,34143.0,34715.0,33889.0,34270.0,1166000,KBS
2022-08-11 07:00:00,34652.0,34652.0,33062.0,33253.0,1205300,KBS
2022-08-12 07:00:00,33253.0,34906.0,33253.0,34588.0,1589300,KBS
2022-08-15 07:00:00,35160.0,35160.0,34334.0,34715.0,695600,KBS
2022-08-16 07:00:00,34334.0,34715.0,34207.0,34270.0,679300,KBS
2022-08-17 07:00:00,34334.0,35351.0,33889.0,34270.0,1466700,KBS
2022-08-18 07:00:00,34334.0,34334.0,33444.0,33571.0,898100,KBS
2022-08-19 07:00:00,33698.0,34079.0,33189.0,33571.0,624400,KBS
2022-08-22 07:00:00,33507.0,33571.0,32108.0,32999.0,1233000,KBS
2022-08-23 07:00:00,32617.0,34207.0,32617.0,34207.0,885300,KBS
2022-08-24 07:00:00,34334.0,35733.0,34143.0,35605.0,1679000,KBS
2022-08-25 07:00:00,35923.0,35923.0,35351.0,35415.0,857700,KBS
2022-08-26 07:00:00,35542.0,35733.0,34652.0,35288.0,1206400,KBS
2022-08-29 07:00:00,34397.0,35288.0,33571.0,35288.0,1575600,KBS
2022-08-30 07:00:00,35741.0,36582.0,35223.0,35287.0,1449100,KBS
2022-08-31 07:00:00,35223.0,35546.0,34640.0,34899.0,643000,KBS
2022-09-05 07:00:00,34964.0,35158.0,34252.0,34640.0,841000,KBS
2022-09-06 07:00:00,34705.0,35093.0,34640.0,34899.0,654400,KBS
2022-09-07 07:00:00,34834.0,34834.0,32698.0,32698.0,1693900,KBS
2022-09-08 07:00:00,33021.0,33345.0,31532.0,31921.0,1071100,KBS
2022-09-09 07:00:00,32050.0,32374.0,30982.0,32374.0,1169800,KBS
2022-09-12 07:00:00,32633.0,32762.0,32341.0,32374.0,492100,KBS
2022-09-13 07:00:00,32762.0,32762.0,31921.0,32180.0,522400,KBS
2022-09-14 07:00:00,31403.0,32698.0,31403.0,32633.0,638800,KBS
2022-09-15 07:00:00,32698.0,33604.0,32503.0,32892.0,789200,KBS
2022-09-16 07:00:00,32892.0,32892.0,31888.0,32018.0,513100,KBS
2022-09-19 07:00:00,31791.0,31823.0,29784.0,29784.0,854000,KBS
2022-09-20 07:00:00,30302.0,30431.0,29654.0,30431.0,483400,KBS
2022-09-21 07:00:00,29978.0,30496.0,29978.0,30108.0,185300,KBS
2022-09-22 07:00:00,29784.0,30690.0,29784.0,30496.0,431700,KBS
2022-09-23 07:00:00,30496.0,31079.0,30367.0,30431.0,365400,KBS
2022-09-26 07:00:00,29590.0,29913.0,28327.0,28327.0,876700,KBS
2022-09-27 07:00:00,28327.0,28618.0,27518.0,27842.0,438700,KBS
2022-09-28 07:00:00,27583.0,28165.0,27129.0,27388.0,535600,KBS
2022-09-29 07:00:00,27971.0,27971.0,25964.0,25964.0,568200,KBS
2022-09-30 07:00:00,25575.0,26482.0,24313.0,26482.0,777400,KBS
2022-10-03 07:00:00,25770.0,26223.0,24636.0,24636.0,477300,KBS
2022-10-04 07:00:00,24928.0,25122.0,23957.0,23957.0,572300,KBS
2022-10-05 07:00:00,24604.0,25154.0,24475.0,25090.0,473700,KBS
2022-10-06 07:00:00,25219.0,25252.0,23374.0,23374.0,477500,KBS
2022-10-07 07:00:00,21949.0,23180.0,21755.0,21755.0,1029200,KBS
2022-10-10 07:00:00,20396.0,22532.0,20396.0,22306.0,730800,KBS
2022-10-11 07:00:00,21917.0,22306.0,20752.0,20752.0,673200,KBS
2022-10-12 07:00:00,20719.0,22176.0,20460.0,21885.0,745200,KBS
2022-10-13 07:00:00,22014.0,22694.0,22014.0,22532.0,647200,KBS
2022-10-14 07:00:00,22985.0,23147.0,22532.0,22662.0,626400,KBS
2022-10-17 07:00:00,22144.0,22888.0,22014.0,22888.0,489100,KBS
2022-10-18 07:00:00,23503.0,23568.0,22403.0,22403.0,569500,KBS
2022-10-19 07:00:00,22467.0,23050.0,22403.0,22662.0,744400,KBS
2022-10-20 07:00:00,22532.0,22662.0,21982.0,22014.0,604800,KBS
2022-10-21 07:00:00,22014.0,22014.0,20493.0,20493.0,928800,KBS
2022-10-24 07:00:00,20072.0,20396.0,19068.0,19068.0,852100,KBS
2022-10-25 07:00:00,18129.0,19554.0,17741.0,17741.0,801100,KBS
2022-10-26 07:00:00,17741.0,18259.0,16511.0,16543.0,704500,KBS
2022-10-27 07:00:00,16187.0,17676.0,15539.0,17676.0,930000,KBS
2022-10-28 07:00:00,18065.0,18421.0,17806.0,17838.0,517200,KBS
2022-10-31 07:00:00,17838.0,18065.0,16834.0,17838.0,495500,KBS
2022-11-01 07:00:00,17967.0,18356.0,17967.0,18129.0,703700,KBS
2022-11-02 07:00:00,18129.0,18615.0,17935.0,18032.0,509700,KBS
2022-11-03 07:00:00,17482.0,18065.0,17482.0,17806.0,391400,KBS
2022-11-04 07:00:00,17773.0,17773.0,16575.0,16737.0,879700,KBS
2022-11-07 07:00:00,16575.0,16770.0,15572.0,15572.0,1224400,KBS
2022-11-08 07:00:00,14633.0,15572.0,14568.0,15475.0,696800,KBS
2022-11-09 07:00:00,15345.0,15928.0,15313.0,15345.0,243600,KBS
2022-11-10 07:00:00,14924.0,15863.0,14892.0,14892.0,1313600,KBS
2022-11-11 07:00:00,15151.0,15734.0,15021.0,15442.0,647800,KBS
2022-11-14 07:00:00,15280.0,15475.0,14957.0,15216.0,565300,KBS
2022-11-15 07:00:00,14924.0,15280.0,14180.0,14180.0,1342600,KBS
2022-11-16 07:00:00,13273.0,15151.0,13241.0,15151.0,873600,KBS
2022-11-17 07:00:00,15475.0,15831.0,15248.0,15539.0,607300,KBS
2022-11-18 07:00:00,15345.0,16575.0,15280.0,16575.0,769100,KBS
2022-11-21 07:00:00,16834.0,17708.0,16834.0,17255.0,652800,KBS
2022-11-22 07:00:00,17288.0,18000.0,16511.0,17061.0,596700,KBS
2022-11-23 07:00:00,17158.0,17158.0,16381.0,16414.0,339700,KBS
2022-11-24 07:00:00,15960.0,16770.0,15863.0,16705.0,423400,KBS
2022-11-25 07:00:00,17158.0,17838.0,16899.0,17806.0,448200,KBS
2022-11-28 07:00:00,18453.0,18971.0,18129.0,18777.0,615400,KBS
2022-11-29 07:00:00,18971.0,19101.0,18032.0,18777.0,827600,KBS
2022-11-30 07:00:00,18939.0,19942.0,18453.0,19619.0,1038000,KBS
2022-12-01 07:00:00,20072.0,20072.0,18971.0,19198.0,998100,KBS
2022-12-02 07:00:00,18842.0,20007.0,18518.0,20007.0,840700,KBS
2022-12-05 07:00:00,20655.0,20655.0,19424.0,19619.0,1151000,KBS
2022-12-06 07:00:00,19424.0,19619.0,18518.0,18518.0,1117400,KBS
2022-12-07 07:00:00,18324.0,18550.0,17806.0,17806.0,652900,KBS
2022-12-08 07:00:00,18388.0,18680.0,17870.0,18388.0,769700,KBS
2022-12-09 07:00:00,18518.0,19101.0,18226.0,18906.0,575300,KBS
2022-12-12 07:00:00,19133.0,19813.0,18906.0,18971.0,1209800,KBS
2022-12-13 07:00:00,18971.0,19165.0,18485.0,19165.0,464400,KBS
2022-12-14 07:00:00,19392.0,20493.0,19360.0,20493.0,3197900,KBS
2022-12-15 07:00:00,20978.0,21723.0,20493.0,21367.0,1761400,KBS
2022-12-16 07:00:00,20946.0,21270.0,20784.0,21011.0,2159900,KBS
2022-12-19 07:00:00,20978.0,21626.0,19554.0,19554.0,2916400,KBS
2022-12-20 07:00:00,19165.0,19295.0,18194.0,18194.0,3188100,KBS
2022-12-21 07:00:00,18194.0,18324.0,16932.0,17223.0,2227000,KBS
2022-12-22 07:00:00,17417.0,17676.0,16575.0,17255.0,1094500,KBS
2022-12-23 07:00:00,17288.0,17806.0,17093.0,17417.0,975000,KBS
2022-12-26 07:00:00,17158.0,17417.0,16219.0,16219.0,1238200,KBS
2022-12-27 07:00:00,16187.0,16802.0,15993.0,16802.0,728100,KBS
2022-12-28 07:00:00,16834.0,17450.0,16640.0,17417.0,924100,KBS
2022-12-29 07:00:00,17288.0,17482.0,16964.0,17093.0,463300,KBS
2022-12-30 07:00:00,17093.0,17223.0,16899.0,16964.0,429400,KBS
2023-01-03 07:00:00,16964.0,18129.0,16964.0,18097.0,1605000,KBS
2023-01-04 07:00:00,18000.0,19068.0,18000.0,18583.0,1418800,KBS
2023-01-05 07:00:00,18680.0,18842.0,18194.0,18518.0,1229600,KBS
2023-01-06 07:00:00,18518.0,19036.0,17870.0,18065.0,1283000,KBS
2023-01-09 07:00:00,18259.0,18259.0,17935.0,18000.0,731200,KBS
2023-01-10 07:00:00,17935.0,18162.0,17482.0,18162.0,771400,KBS
2023-01-11 07:00:00,18259.0,18583.0,18162.0,18291.0,632500,KBS
2023-01-12 07:00:00,18421.0,18874.0,18421.0,18744.0,1080000,KBS
2023-01-13 07:00:00,18906.0,19101.0,18356.0,18647.0,807000,KBS
2023-01-16 07:00:00,18842.0,18906.0,18388.0,18906.0,706900,KBS
2023-01-17 07:00:00,19101.0,19327.0,18939.0,19198.0,1124600,KBS
2023-01-18 07:00:00,19295.0,19683.0,18971.0,19489.0,1102200,KBS
2023-01-19 07:00:00,19683.0,19813.0,19392.0,19489.0,947700,KBS
2023-01-27 07:00:00,19489.0,20719.0,19489.0,20719.0,1596100,KBS
2023-01-30 07:00:00,20622.0,21043.0,20363.0,20428.0,1584800,KBS
2023-01-31 07:00:00,20234.0,20719.0,19780.0,20719.0,1351000,KBS
2023-02-01 07:00:00,20946.0,20978.0,19295.0,19295.0,2067600,KBS
2023-02-02 07:00:00,19230.0,19295.0,18388.0,18842.0,1283500,KBS
2023-02-03 07:00:00,18842.0,19036.0,18421.0,18906.0,787400,KBS
2023-02-06 07:00:00,18777.0,18809.0,18129.0,18647.0,497500,KBS
2023-02-07 07:00:00,18647.0,19036.0,18129.0,18129.0,1011800,KBS
2023-02-08 07:00:00,18388.0,18453.0,17644.0,18259.0,937300,KBS
2023-02-09 07:00:00,18453.0,18453.0,18226.0,18226.0,482600,KBS
2023-02-10 07:00:00,18194.0,18518.0,18065.0,18324.0,588700,KBS
2023-02-13 07:00:00,18259.0,18324.0,17255.0,17547.0,841900,KBS
2023-02-14 07:00:00,17708.0,17935.0,17450.0,17450.0,490900,KBS
2023-02-15 07:00:00,17482.0,18324.0,17482.0,18129.0,734100,KBS
2023-02-16 07:00:00,18388.0,18712.0,18194.0,18680.0,779000,KBS
2023-02-17 07:00:00,18647.0,19068.0,18615.0,18777.0,798700,KBS
2023-02-20 07:00:00,18777.0,19878.0,18777.0,19878.0,1451600,KBS
2023-02-21 07:00:00,19975.0,20072.0,19424.0,19424.0,1067800,KBS
2023-02-22 07:00:00,19133.0,19392.0,18065.0,18065.0,2230200,KBS
2023-02-23 07:00:00,18065.0,18259.0,17547.0,18259.0,1112000,KBS
2023-02-24 07:00:00,18388.0,18421.0,17773.0,17806.0,638900,KBS
2023-02-27 07:00:00,17191.0,17611.0,17191.0,17223.0,922000,KBS
2023-02-28 07:00:00,17482.0,17579.0,17029.0,17223.0,630300,KBS
2023-03-01 07:00:00,17223.0,17806.0,17029.0,17806.0,491900,KBS
2023-03-02 07:00:00,17806.0,17935.0,17547.0,17611.0,391300,KBS
2023-03-03 07:00:00,17773.0,17806.0,17158.0,17158.0,480800,KBS
2023-03-06 07:00:00,17450.0,17708.0,17191.0,17223.0,348500,KBS
2023-03-07 07:00:00,17385.0,17514.0,17255.0,17352.0,221200,KBS
2023-03-08 07:00:00,17288.0,17741.0,17223.0,17741.0,453800,KBS
2023-03-09 07:00:00,17935.0,18518.0,17806.0,18356.0,1488600,KBS
2023-03-10 07:00:00,18129.0,18356.0,18000.0,18097.0,799700,KBS
2023-03-13 07:00:00,17806.0,17903.0,17676.0,17708.0,732300,KBS
2023-03-14 07:00:00,17547.0,17741.0,17223.0,17255.0,898700,KBS
2023-03-15 07:00:00,17741.0,18032.0,17482.0,18000.0,606000,KBS
2023-03-16 07:00:00,17773.0,17935.0,17482.0,17579.0,316700,KBS
2023-03-17 07:00:00,17708.0,17806.0,17482.0,17547.0,228000,KBS
2023-03-20 07:00:00,17514.0,17676.0,17223.0,17288.0,432600,KBS
2023-03-21 07:00:00,17417.0,17450.0,17223.0,17450.0,257700,KBS
2023-03-22 07:00:00,17611.0,17741.0,17547.0,17547.0,428100,KBS
2023-03-23 07:00:00,17450.0,17708.0,17450.0,17708.0,253700,KBS
2023-03-24 07:00:00,17806.0,18421.0,17806.0,18291.0,1198000,KBS
2023-03-27 07:00:00,18388.0,18809.0,18226.0,18712.0,1000600,KBS
2023-03-28 07:00:00,18744.0,19003.0,18485.0,18485.0,1178500,KBS
2023-03-29 07:00:00,18550.0,18744.0,18485.0,18583.0,400600,KBS
2023-03-30 07:00:00,18874.0,18906.0,18259.0,18259.0,704800,KBS
2023-03-31 07:00:00,18356.0,19521.0,18291.0,19101.0,2904000,KBS
2023-04-03 07:00:00,19813.0,20137.0,19554.0,19975.0,1577200,KBS
2023-04-04 07:00:00,19942.0,20007.0,19651.0,19845.0,1314100,KBS
2023-04-05 07:00:00,19878.0,20590.0,19780.0,20396.0,1386500,KBS
2023-04-06 07:00:00,20331.0,20363.0,19424.0,19489.0,1784400,KBS
2023-04-07 07:00:00,19683.0,20266.0,19360.0,20266.0,1333100,KBS
2023-04-10 07:00:00,20719.0,21043.0,20493.0,20719.0,2265800,KBS
2023-04-11 07:00:00,20784.0,20978.0,20201.0,20978.0,1132500,KBS
2023-04-12 07:00:00,21108.0,21982.0,20784.0,21690.0,2218300,KBS
2023-04-13 07:00:00,21885.0,21885.0,21237.0,21270.0,1138800,KBS
2023-04-14 07:00:00,21302.0,21334.0,19878.0,19878.0,1961300,KBS
2023-04-17 07:00:00,20072.0,20363.0,19813.0,20331.0,733200,KBS
2023-04-18 07:00:00,20428.0,20816.0,20201.0,20784.0,843500,KBS
2023-04-19 07:00:00,20849.0,20881.0,20039.0,20039.0,1273800,KBS
2023-04-20 07:00:00,19878.0,20590.0,19878.0,20428.0,882300,KBS
2023-04-21 07:00:00,20428.0,21011.0,19748.0,20039.0,1413600,KBS
2023-04-24 07:00:00,20039.0,20525.0,20007.0,20396.0,758900,KBS
2023-04-25 07:00:00,20590.0,21011.0,20072.0,20428.0,1665100,KBS
2023-04-26 07:00:00,20460.0,21172.0,20072.0,21172.0,937300,KBS
2023-04-27 07:00:00,21367.0,21690.0,20849.0,20881.0,1503800,KBS
2023-04-28 07:00:00,20914.0,21496.0,20784.0,21075.0,1152600,KBS
2023-05-04 07:00:00,21043.0,21658.0,21043.0,21431.0,1101200,KBS
2023-05-05 07:00:00,21302.0,21561.0,20816.0,21011.0,1089500,KBS
2023-05-08 07:00:00,21334.0,21982.0,21172.0,21982.0,1716000,KBS
2023-05-09 07:00:00,22208.0,22953.0,22208.0,22403.0,1855100,KBS
2023-05-10 07:00:00,22435.0,22597.0,22111.0,22338.0,817400,KBS
2023-05-11 07:00:00,22403.0,22791.0,22273.0,22338.0,1065200,KBS
2023-05-12 07:00:00,22403.0,22759.0,22079.0,22435.0,1030000,KBS
2023-05-15 07:00:00,22791.0,22791.0,21852.0,22014.0,1149000,KBS
2023-05-16 07:00:00,22014.0,22273.0,21690.0,21755.0,1054800,KBS
2023-05-17 07:00:00,21885.0,22047.0,21108.0,21140.0,1407000,KBS
2023-05-18 07:00:00,21334.0,21334.0,20914.0,21140.0,811000,KBS
2023-05-19 07:00:00,21367.0,21593.0,21108.0,21431.0,859800,KBS
2023-05-22 07:00:00,21561.0,21917.0,21561.0,21852.0,582300,KBS
2023-05-23 07:00:00,21917.0,22144.0,21529.0,21529.0,789500,KBS
2023-05-24 07:00:00,21626.0,21885.0,21464.0,21626.0,689400,KBS
2023-05-25 07:00:00,21626.0,22435.0,21626.0,22241.0,1671600,KBS
2023-05-26 07:00:00,22370.0,22403.0,22144.0,22208.0,613200,KBS
2023-05-29 07:00:00,22629.0,23309.0,22467.0,23309.0,1962900,KBS
2023-05-30 07:00:00,23277.0,23309.0,22921.0,23309.0,956400,KBS
2023-05-31 07:00:00,23309.0,23633.0,22985.0,23309.0,1121800,KBS
2023-06-01 07:00:00,23244.0,23503.0,22985.0,23439.0,1073900,KBS
2023-06-02 07:00:00,23827.0,23827.0,23342.0,23406.0,1203300,KBS
2023-06-05 07:00:00,23633.0,23633.0,22921.0,22921.0,1161500,KBS
2023-06-06 07:00:00,22759.0,23309.0,22467.0,23244.0,1431700,KBS
2023-06-07 07:00:00,23633.0,23892.0,23309.0,23406.0,707700,KBS
2023-06-08 07:00:00,23471.0,24475.0,23406.0,23406.0,2436400,KBS
2023-06-09 07:00:00,23439.0,23633.0,22921.0,23568.0,1015500,KBS
2023-06-12 07:00:00,23633.0,23795.0,22985.0,23698.0,1200100,KBS
2023-06-13 07:00:00,23957.0,24021.0,23439.0,23568.0,682300,KBS
2023-06-14 07:00:00,23568.0,23568.0,23050.0,23050.0,882000,KBS
2023-06-15 07:00:00,22888.0,23018.0,22565.0,22597.0,1634900,KBS
2023-06-16 07:00:00,22953.0,23147.0,22597.0,22597.0,1045200,KBS
2023-06-19 07:00:00,22597.0,22759.0,22403.0,22435.0,728900,KBS
2023-06-20 07:00:00,22500.0,23018.0,22500.0,23018.0,569400,KBS
2023-06-21 07:00:00,23147.0,23439.0,23050.0,23342.0,998600,KBS
2023-06-22 07:00:00,23633.0,24151.0,23471.0,24119.0,2638100,KBS
2023-06-23 07:00:00,24345.0,24442.0,23730.0,23827.0,973100,KBS
2023-06-26 07:00:00,23795.0,24410.0,23342.0,24216.0,1673500,KBS
2023-06-27 07:00:00,24280.0,24863.0,24119.0,24248.0,917500,KBS
2023-06-28 07:00:00,24248.0,24345.0,23860.0,23957.0,772700,KBS
2023-06-29 07:00:00,23892.0,23957.0,23309.0,23309.0,1408300,KBS
2023-06-30 07:00:00,23374.0,23601.0,23309.0,23406.0,595500,KBS
2023-07-03 07:00:00,23827.0,24086.0,23665.0,23860.0,739000,KBS
2023-07-04 07:00:00,24021.0,24151.0,23665.0,23827.0,858800,KBS
2023-07-05 07:00:00,24021.0,24410.0,23827.0,24021.0,1717900,KBS
2023-07-06 07:00:00,24799.0,24799.0,24138.0,24527.0,1183100,KBS
2023-07-07 07:00:00,24449.0,25421.0,24255.0,25188.0,1274100,KBS
2023-07-10 07:00:00,25576.0,25615.0,24954.0,25032.0,1121200,KBS
2023-07-11 07:00:00,25226.0,25460.0,24915.0,24954.0,1302500,KBS
2023-07-12 07:00:00,25032.0,25188.0,24566.0,24877.0,775600,KBS
2023-07-13 07:00:00,25071.0,25498.0,24915.0,25188.0,955400,KBS
2023-07-14 07:00:00,25343.0,25421.0,24721.0,25071.0,862100,KBS
2023-07-17 07:00:00,25188.0,25654.0,25032.0,25188.0,995000,KBS
2023-07-18 07:00:00,25304.0,25965.0,25110.0,25654.0,1341800,KBS
2023-07-19 07:00:00,26587.0,27442.0,26587.0,27442.0,1679800,KBS
2023-07-20 07:00:00,27520.0,28180.0,27520.0,28103.0,1854100,KBS
2023-07-21 07:00:00,28375.0,28414.0,27597.0,28414.0,1148400,KBS
2023-07-24 07:00:00,28297.0,28997.0,28258.0,28414.0,952200,KBS
2023-07-25 07:00:00,28414.0,28414.0,27597.0,27908.0,1416100,KBS
2023-07-26 07:00:00,27908.0,28997.0,27831.0,28569.0,929900,KBS
2023-07-27 07:00:00,28569.0,28764.0,27986.0,28764.0,771100,KBS
2023-07-28 07:00:00,28764.0,29036.0,28219.0,28764.0,1004400,KBS
2023-07-31 07:00:00,28841.0,28997.0,28297.0,28297.0,714800,KBS
2023-08-01 07:00:00,28336.0,29269.0,28258.0,28453.0,1576600,KBS
2023-08-02 07:00:00,28453.0,29152.0,28453.0,28919.0,983300,KBS
2023-08-03 07:00:00,28919.0,29152.0,28258.0,28764.0,1233900,KBS
2023-08-04 07:00:00,28802.0,28997.0,28375.0,28997.0,664700,KBS
2023-08-07 07:00:00,29152.0,30435.0,29152.0,30163.0,1347900,KBS
2023-08-08 07:00:00,30163.0,30396.0,29541.0,29658.0,842300,KBS
2023-08-09 07:00:00,29463.0,29696.0,28764.0,29113.0,923800,KBS
2023-08-10 07:00:00,29191.0,29347.0,28802.0,28841.0,818400,KBS
2023-08-11 07:00:00,28841.0,28997.0,28297.0,28919.0,964000,KBS
2023-08-14 07:00:00,29152.0,29774.0,28919.0,29774.0,820700,KBS
2023-08-15 07:00:00,30163.0,30163.0,29385.0,29424.0,679700,KBS
2023-08-16 07:00:00,29152.0,29308.0,29074.0,29074.0,749100,KBS
2023-08-17 07:00:00,29152.0,29152.0,28491.0,28491.0,976200,KBS
2023-08-18 07:00:00,28258.0,28297.0,26509.0,26509.0,2574500,KBS
2023-08-21 07:00:00,26315.0,26470.0,25460.0,26159.0,1101800,KBS
2023-08-22 07:00:00,26159.0,27131.0,25576.0,27131.0,1064300,KBS
2023-08-23 07:00:00,27131.0,27442.0,26898.0,26976.0,339800,KBS
2023-08-24 07:00:00,26820.0,27442.0,26742.0,27364.0,721200,KBS
2023-08-25 07:00:00,27286.0,27792.0,27170.0,27442.0,576100,KBS
2023-08-28 07:00:00,27675.0,27908.0,27442.0,27597.0,554000,KBS
2023-08-29 07:00:00,27908.0,28453.0,27792.0,28142.0,794800,KBS
2023-08-30 07:00:00,28180.0,28491.0,28142.0,28453.0,755700,KBS
2023-08-31 07:00:00,28764.0,29308.0,28491.0,29191.0,1478500,KBS
2023-09-05 07:00:00,29580.0,29580.0,28958.0,29230.0,845600,KBS
2023-09-06 07:00:00,29036.0,29930.0,28647.0,29930.0,2030800,KBS
2023-09-07 07:00:00,30163.0,30163.0,29735.0,29930.0,1484100,KBS
2023-09-08 07:00:00,29774.0,31756.0,29580.0,31057.0,2206500,KBS
2023-09-11 07:00:00,31718.0,31718.0,29930.0,29930.0,1859300,KBS
2023-09-12 07:00:00,29930.0,30746.0,29541.0,30746.0,1166900,KBS
2023-09-13 07:00:00,30940.0,31368.0,30318.0,30552.0,1546900,KBS
2023-09-14 07:00:00,30318.0,30552.0,29658.0,29658.0,1322100,KBS
2023-09-15 07:00:00,29696.0,30357.0,29502.0,30357.0,1553700,KBS
2023-09-18 07:00:00,30435.0,31096.0,30124.0,30318.0,1532800,KBS
2023-09-19 07:00:00,30474.0,30513.0,29191.0,30046.0,1228000,KBS
2023-09-20 07:00:00,30046.0,31290.0,29735.0,31251.0,2258100,KBS
2023-09-21 07:00:00,31484.0,32262.0,31096.0,31523.0,1895400,KBS
2023-09-22 07:00:00,30862.0,31484.0,29696.0,30046.0,1976300,KBS
2023-09-25 07:00:00,30474.0,30629.0,27947.0,27947.0,2508500,KBS
2023-09-26 07:00:00,27636.0,28764.0,26431.0,26431.0,2264000,KBS
2023-09-27 07:00:00,26742.0,27831.0,26198.0,27831.0,1178900,KBS
2023-09-28 07:00:00,27597.0,27986.0,27209.0,27559.0,769900,KBS
2023-09-29 07:00:00,28064.0,28297.0,27481.0,27481.0,977200,KBS
2023-10-02 07:00:00,27986.0,28530.0,27597.0,28103.0,806900,KBS
2023-10-03 07:00:00,27908.0,28064.0,26198.0,26470.0,2079900,KBS
2023-10-04 07:00:00,26043.0,27520.0,26043.0,27053.0,926900,KBS
2023-10-05 07:00:00,27597.0,28686.0,27286.0,27675.0,1963100,KBS
2023-10-06 07:00:00,27986.0,28414.0,27481.0,28336.0,1120400,KBS
2023-10-09 07:00:00,28336.0,28997.0,28336.0,28841.0,1309000,KBS
2023-10-10 07:00:00,29619.0,29774.0,29191.0,29191.0,1632300,KBS
2023-10-11 07:00:00,29269.0,30318.0,29269.0,30318.0,2022400,KBS
2023-10-12 07:00:00,30862.0,30862.0,29696.0,30241.0,1436700,KBS
2023-10-13 07:00:00,29813.0,31057.0,29696.0,31057.0,2055600,KBS
2023-10-16 07:00:00,31251.0,31523.0,30318.0,30318.0,1930100,KBS
2023-10-17 07:00:00,30940.0,30940.0,28219.0,28219.0,2027100,KBS
2023-10-18 07:00:00,28608.0,29541.0,28180.0,29463.0,2935800,KBS
2023-10-19 07:00:00,29463.0,29463.0,28375.0,28453.0,1282000,KBS
2023-10-20 07:00:00,28453.0,29696.0,27364.0,29696.0,1330900,KBS
2023-10-23 07:00:00,29619.0,29619.0,28453.0,29074.0,1320700,KBS
2023-10-24 07:00:00,29152.0,30202.0,28375.0,30163.0,1451500,KBS
2023-10-25 07:00:00,30279.0,30552.0,29463.0,29541.0,1042700,KBS
2023-10-26 07:00:00,28880.0,29230.0,27481.0,27986.0,2453500,KBS
2023-10-27 07:00:00,28608.0,29036.0,27675.0,28569.0,1009200,KBS
2023-10-30 07:00:00,28453.0,28530.0,26587.0,26587.0,816700,KBS
2023-10-31 07:00:00,26587.0,26587.0,24760.0,24760.0,2019400,KBS
2023-11-01 07:00:00,24877.0,25615.0,23710.0,25498.0,891700,KBS
2023-11-02 07:00:00,26120.0,27092.0,25809.0,26898.0,924200,KBS
2023-11-03 07:00:00,26976.0,27014.0,26276.0,26626.0,788200,KBS
2023-11-06 07:00:00,27092.0,27092.0,26626.0,26820.0,612700,KBS
2023-11-07 07:00:00,26665.0,27559.0,26354.0,27131.0,697200,KBS
2023-11-08 07:00:00,27131.0,28997.0,27131.0,28997.0,1462800,KBS
2023-11-09 07:00:00,29036.0,29852.0,28764.0,29541.0,1462300,KBS
2023-11-10 07:00:00,29463.0,29930.0,29152.0,29230.0,1345600,KBS
2023-11-13 07:00:00,29541.0,29619.0,28802.0,29152.0,816900,KBS
2023-11-14 07:00:00,29541.0,30007.0,28997.0,29541.0,1090300,KBS
2023-11-15 07:00:00,30318.0,30318.0,29424.0,29541.0,1226100,KBS
2023-11-16 07:00:00,29385.0,30007.0,29191.0,30007.0,768400,KBS
2023-11-17 07:00:00,30163.0,31290.0,30124.0,30629.0,3620100,KBS
2023-11-20 07:00:00,30241.0,32767.0,30202.0,32767.0,3349600,KBS
2023-11-21 07:00:00,33389.0,33428.0,32806.0,33039.0,1491800,KBS
2023-11-22 07:00:00,33039.0,34205.0,32923.0,33778.0,2093700,KBS
2023-11-23 07:00:00,33817.0,34166.0,31446.0,31446.0,2414000,KBS
2023-11-24 07:00:00,31756.0,33622.0,31290.0,33622.0,4285300,KBS
2023-11-27 07:00:00,34205.0,34905.0,33661.0,33661.0,1532500,KBS
2023-11-28 07:00:00,33428.0,33817.0,32456.0,33661.0,1790200,KBS
2023-11-29 07:00:00,33739.0,34011.0,33078.0,33311.0,1680100,KBS
2023-11-30 07:00:00,33311.0,34827.0,33272.0,33506.0,2230100,KBS
2023-12-01 07:00:00,33894.0,34011.0,33156.0,33739.0,1160200,KBS
2023-12-04 07:00:00,34361.0,35371.0,34050.0,34944.0,1925000,KBS
2023-12-05 07:00:00,34827.0,34944.0,34244.0,34555.0,1624900,KBS
2023-12-06 07:00:00,34594.0,34711.0,33972.0,34322.0,1951400,KBS
2023-12-07 07:00:00,34361.0,34827.0,32689.0,33583.0,2633600,KBS
2023-12-08 07:00:00,33661.0,33933.0,33234.0,33428.0,1033300,KBS
2023-12-11 07:00:00,33428.0,33972.0,33350.0,33778.0,1114800,KBS
2023-12-12 07:00:00,34089.0,34477.0,33817.0,33817.0,1088600,KBS
2023-12-13 07:00:00,33855.0,34050.0,32728.0,32884.0,1374000,KBS
2023-12-14 07:00:00,33272.0,33350.0,32495.0,32612.0,1118900,KBS
2023-12-15 07:00:00,32262.0,32961.0,32262.0,32573.0,971900,KBS
2023-12-18 07:00:00,32612.0,33428.0,32417.0,32884.0,968900,KBS
2023-12-19 07:00:00,32884.0,33350.0,32650.0,33350.0,887500,KBS
2023-12-20 07:00:00,33583.0,33583.0,33195.0,33350.0,714700,KBS
2023-12-21 07:00:00,33117.0,33272.0,32884.0,33195.0,745800,KBS
2023-12-22 07:00:00,33428.0,34477.0,33428.0,33972.0,2120400,KBS
2023-12-25 07:00:00,34205.0,34361.0,33972.0,34205.0,929800,KBS
2023-12-26 07:00:00,34089.0,35643.0,34089.0,35060.0,2885800,KBS
2023-12-27 07:00:00,35332.0,35527.0,34672.0,34672.0,1332600,KBS
2023-12-28 07:00:00,34672.0,35060.0,33894.0,34244.0,1535800,KBS
2023-12-29 07:00:00,34283.0,35138.0,34050.0,34672.0,1795000,KBS
2024-01-02 07:00:00,34983.0,34983.0,33428.0,33428.0,2704500,KBS
2024-01-03 07:00:00,33467.0,33739.0,33156.0,33234.0,3367800,KBS
2024-01-04 07:00:00,33428.0,33894.0,33350.0,33583.0,3476900,KBS
2024-01-05 07:00:00,35052.0,35336.0,34673.0,34673.0,1793700,KBS
2024-01-08 07:00:00,34767.0,34957.0,34578.0,34578.0,928000,KBS
2024-01-09 07:00:00,34578.0,35052.0,34578.0,34625.0,854400,KBS
2024-01-10 07:00:00,34673.0,34720.0,33631.0,33725.0,2052300,KBS
2024-01-11 07:00:00,33725.0,33915.0,33536.0,33678.0,729700,KBS
2024-01-12 07:00:00,33489.0,34104.0,33110.0,33252.0,996500,KBS
2024-01-15 07:00:00,33299.0,33489.0,32873.0,32873.0,511200,KBS
2024-01-16 07:00:00,32968.0,34010.0,32446.0,34010.0,912200,KBS
2024-01-17 07:00:00,34104.0,34341.0,33773.0,34057.0,1009000,KBS
2024-01-18 07:00:00,34246.0,34531.0,34057.0,34436.0,1127100,KBS
2024-01-19 07:00:00,34767.0,36378.0,34578.0,35383.0,3514600,KBS
2024-01-22 07:00:00,35525.0,35762.0,34625.0,34862.0,1135800,KBS
2024-01-23 07:00:00,34910.0,35431.0,34673.0,34720.0,1058100,KBS
2024-01-24 07:00:00,34767.0,34815.0,34483.0,34578.0,1062700,KBS
2024-01-25 07:00:00,34578.0,35004.0,34436.0,34578.0,554400,KBS
2024-01-26 07:00:00,34815.0,36473.0,34673.0,36473.0,3791400,KBS
2024-01-29 07:00:00,36473.0,37704.0,36473.0,36473.0,1804900,KBS
2024-01-30 07:00:00,36567.0,37610.0,36189.0,37610.0,2390000,KBS
2024-01-31 07:00:00,37799.0,37799.0,36946.0,36946.0,2153100,KBS
2024-02-01 07:00:00,36662.0,39504.0,36662.0,39504.0,3486900,KBS
2024-02-02 07:00:00,39788.0,39978.0,39315.0,39599.0,1323400,KBS
2024-02-05 07:00:00,39694.0,40309.0,39125.0,39599.0,1109900,KBS
2024-02-06 07:00:00,39978.0,41115.0,39741.0,40309.0,1019400,KBS
2024-02-07 07:00:00,40309.0,40452.0,39883.0,40120.0,1256000,KBS
2024-02-15 07:00:00,40357.0,40357.0,37325.0,39220.0,3616400,KBS
2024-02-16 07:00:00,39220.0,41873.0,38983.0,39741.0,2078000,KBS
2024-02-19 07:00:00,39788.0,40167.0,39125.0,39552.0,1477800,KBS
2024-02-20 07:00:00,39599.0,39599.0,39031.0,39220.0,1381200,KBS
2024-02-21 07:00:00,39125.0,40073.0,39125.0,39788.0,1380200,KBS
2024-02-22 07:00:00,39836.0,40688.0,39694.0,40215.0,2100300,KBS
2024-02-23 07:00:00,40452.0,40546.0,38936.0,39031.0,2185200,KBS
2024-02-26 07:00:00,38936.0,39646.0,38841.0,39646.0,1559300,KBS
2024-02-27 07:00:00,39883.0,41730.0,39599.0,41588.0,3553400,KBS
2024-02-28 07:00:00,41588.0,41588.0,40594.0,40878.0,1763900,KBS
2024-02-29 07:00:00,40973.0,41257.0,39931.0,40878.0,2092600,KBS
2024-03-01 07:00:00,40878.0,42204.0,40167.0,41257.0,2610000,KBS
2024-03-04 07:00:00,41304.0,41778.0,41209.0,41399.0,1812700,KBS
2024-03-05 07:00:00,41446.0,41683.0,40830.0,41399.0,1622400,KBS
2024-03-06 07:00:00,41541.0,41541.0,40452.0,40641.0,1472200,KBS
2024-03-07 07:00:00,40546.0,41020.0,40262.0,40499.0,1304100,KBS
2024-03-08 07:00:00,40688.0,42299.0,40452.0,40830.0,3315000,KBS
2024-03-11 07:00:00,41304.0,42062.0,40499.0,40925.0,1591800,KBS
2024-03-12 07:00:00,41304.0,43104.0,40830.0,42536.0,3833100,KBS
2024-03-13 07:00:00,43578.0,43578.0,42725.0,42915.0,1434800,KBS
2024-03-14 07:00:00,43009.0,44051.0,42109.0,42630.0,2242700,KBS
2024-03-15 07:00:00,42441.0,42630.0,41730.0,42630.0,2592000,KBS
2024-03-18 07:00:00,42583.0,42583.0,39646.0,39978.0,3894200,KBS
2024-03-19 07:00:00,40262.0,40452.0,39646.0,40215.0,1408600,KBS
2024-03-20 07:00:00,40167.0,41209.0,39836.0,40878.0,1098300,KBS
2024-03-21 07:00:00,41304.0,41304.0,40783.0,41209.0,1366700,KBS
2024-03-22 07:00:00,41067.0,41588.0,40878.0,41020.0,1753500,KBS
2024-03-25 07:00:00,41020.0,41162.0,39978.0,40309.0,2000400,KBS
2024-03-26 07:00:00,40309.0,41162.0,40309.0,41067.0,867500,KBS
2024-03-27 07:00:00,41304.0,41304.0,40783.0,40973.0,848200,KBS
2024-03-28 07:00:00,41209.0,41209.0,40641.0,40783.0,1114200,KBS
2024-03-29 07:00:00,41020.0,42583.0,40830.0,41683.0,2945800,KBS
2024-04-01 07:00:00,41683.0,42015.0,41304.0,41446.0,1057400,KBS
2024-04-02 07:00:00,41304.0,41967.0,40830.0,41967.0,1358000,KBS
2024-04-03 07:00:00,41778.0,42583.0,41446.0,41920.0,4380800,KBS
2024-04-04 07:00:00,41588.0,41920.0,40973.0,41067.0,1319700,KBS
2024-04-05 07:00:00,40878.0,40878.0,38983.0,38983.0,2617900,KBS
2024-04-08 07:00:00,38983.0,39315.0,37988.0,37988.0,2039100,KBS
2024-04-09 07:00:00,37894.0,39220.0,37894.0,39031.0,1291700,KBS
2024-04-10 07:00:00,39031.0,39173.0,38604.0,38746.0,642500,KBS
2024-04-11 07:00:00,38178.0,38746.0,37799.0,38367.0,1082100,KBS
2024-04-12 07:00:00,38604.0,39220.0,38604.0,39031.0,795900,KBS
2024-04-15 07:00:00,38983.0,39741.0,36331.0,36331.0,2041600,KBS
2024-04-16 07:00:00,36094.0,36520.0,35431.0,36473.0,1954400,KBS
2024-04-17 07:00:00,36567.0,37988.0,36189.0,37136.0,2430400,KBS
2024-04-19 07:00:00,37041.0,37799.0,36331.0,37183.0,1780000,KBS
2024-04-22 07:00:00,37894.0,37894.0,36946.0,37420.0,967100,KBS
2024-04-23 07:00:00,37136.0,38509.0,37088.0,37420.0,2168100,KBS
2024-04-24 07:00:00,38149.0,39850.0,38003.0,38732.0,1385800,KBS
2024-04-25 07:00:00,38684.0,39656.0,38392.0,38878.0,1335800,KBS
2024-04-26 07:00:00,38392.0,39218.0,38343.0,39072.0,1248700,KBS
2024-05-02 07:00:00,39121.0,40336.0,38781.0,39850.0,1491500,KBS
2024-05-03 07:00:00,40142.0,40142.0,39267.0,39753.0,1293100,KBS
2024-05-06 07:00:00,39947.0,40919.0,39753.0,40482.0,2148300,KBS
2024-05-07 07:00:00,40482.0,40919.0,40142.0,40919.0,1333200,KBS
2024-05-08 07:00:00,40336.0,41162.0,39850.0,40822.0,1810900,KBS
2024-05-09 07:00:00,40822.0,41599.0,40482.0,40676.0,1808800,KBS
2024-05-10 07:00:00,40725.0,40773.0,40044.0,40579.0,1248400,KBS
2024-05-13 07:00:00,40628.0,41065.0,40044.0,40530.0,1277200,KBS
2024-05-14 07:00:00,40822.0,42426.0,40530.0,41794.0,3501400,KBS
2024-05-15 07:00:00,41891.0,41988.0,41551.0,41842.0,1255700,KBS
2024-05-16 07:00:00,42571.0,42571.0,41502.0,41599.0,2033700,KBS
2024-05-17 07:00:00,41599.0,42571.0,41259.0,42037.0,1984600,KBS
2024-05-20 07:00:00,42085.0,43203.0,42037.0,42474.0,2422700,KBS
2024-05-21 07:00:00,42377.0,42426.0,41648.0,42280.0,1531400,KBS
2024-05-22 07:00:00,42766.0,42766.0,41065.0,41162.0,2260100,KBS
2024-05-23 07:00:00,41113.0,41745.0,40725.0,41697.0,1844000,KBS
2024-05-24 07:00:00,41308.0,42183.0,40336.0,41113.0,2383000,KBS
2024-05-27 07:00:00,41211.0,41648.0,40870.0,41259.0,749300,KBS
2024-05-28 07:00:00,41599.0,44127.0,41259.0,44127.0,4937900,KBS
2024-05-29 07:00:00,44224.0,44515.0,43057.0,43349.0,2057400,KBS
2024-05-30 07:00:00,42669.0,43009.0,41405.0,42280.0,5529900,KBS
2024-05-31 07:00:00,42280.0,42377.0,41308.0,41308.0,2859000,KBS
2024-06-03 07:00:00,41599.0,41940.0,41454.0,41599.0,2092900,KBS
2024-06-04 07:00:00,41794.0,42280.0,41502.0,41599.0,2093600,KBS
2024-06-05 07:00:00,42085.0,42571.0,41599.0,41599.0,2808600,KBS
2024-06-06 07:00:00,41648.0,41745.0,40822.0,41065.0,2100200,KBS
2024-06-07 07:00:00,41308.0,41502.0,40773.0,40968.0,1816200,KBS
2024-06-10 07:00:00,41016.0,41648.0,40968.0,41259.0,1365300,KBS
2024-06-11 07:00:00,41259.0,41648.0,41211.0,41502.0,1832300,KBS
2024-06-12 07:00:00,41648.0,42085.0,41648.0,41794.0,1824600,KBS
2024-06-13 07:00:00,42085.0,42085.0,41794.0,41940.0,1422700,KBS
2024-06-14 07:00:00,42085.0,42523.0,40822.0,40822.0,2902600,KBS
2024-06-17 07:00:00,40968.0,41211.0,40628.0,40628.0,1728100,KBS
2024-06-18 07:00:00,40822.0,41016.0,40628.0,40676.0,834100,KBS
2024-06-19 07:00:00,40773.0,40919.0,40628.0,40628.0,1403000,KBS
2024-06-20 07:00:00,40773.0,41259.0,40336.0,41065.0,1487800,KBS
2024-06-21 07:00:00,41259.0,42037.0,41016.0,41697.0,1982500,KBS
2024-06-24 07:00:00,41599.0,42085.0,38878.0,38878.0,2952700,KBS
2024-06-25 07:00:00,39024.0,39461.0,37955.0,38732.0,1559100,KBS
2024-06-26 07:00:00,38829.0,38829.0,37955.0,38684.0,1202700,KBS
2024-06-27 07:00:00,38684.0,39558.0,38538.0,39267.0,986300,KBS
2024-06-28 07:00:00,39267.0,39364.0,37274.0,37663.0,1390500,KBS
2024-07-01 07:00:00,37517.0,38149.0,37517.0,37906.0,578300,KBS
2024-07-02 07:00:00,38198.0,39364.0,38100.0,39364.0,1326500,KBS
2024-07-03 07:00:00,38878.0,39364.0,38829.0,39024.0,733700,KBS
2024-07-04 07:00:00,39024.0,39121.0,38489.0,38732.0,808800,KBS
2024-07-05 07:00:00,38732.0,38829.0,38198.0,38295.0,1134400,KBS
2024-07-08 07:00:00,38392.0,39753.0,38392.0,39753.0,1620200,KBS
2024-07-09 07:00:00,39704.0,40093.0,39461.0,39753.0,875400,KBS
2024-07-10 07:00:00,39753.0,39850.0,39218.0,39218.0,1039300,KBS
2024-07-11 07:00:00,39558.0,39753.0,39218.0,39218.0,780600,KBS
2024-07-12 07:00:00,39413.0,39510.0,38684.0,38927.0,582600,KBS
2024-07-15 07:00:00,38927.0,39267.0,38489.0,38635.0,712800,KBS
2024-07-16 07:00:00,38829.0,39558.0,38635.0,38635.0,842800,KBS
2024-07-17 07:00:00,39072.0,39072.0,36448.0,37566.0,1304500,KBS
2024-07-18 07:00:00,37712.0,38100.0,37371.0,38100.0,932600,KBS
2024-07-19 07:00:00,38100.0,38343.0,37226.0,37566.0,748900,KBS
2024-07-22 07:00:00,37566.0,37712.0,36157.0,36351.0,1330200,KBS
2024-07-23 07:00:00,36934.0,36934.0,35573.0,35573.0,1119200,KBS
2024-07-24 07:00:00,35573.0,37128.0,34942.0,36643.0,1477100,KBS
2024-07-25 07:00:00,36448.0,36594.0,36108.0,36594.0,757000,KBS
2024-07-26 07:00:00,36934.0,37420.0,36886.0,37420.0,1004500,KBS
2024-07-29 07:00:00,37906.0,37906.0,37517.0,37712.0,622900,KBS
2024-07-30 07:00:00,37712.0,38100.0,37031.0,37226.0,762300,KBS
2024-07-31 07:00:00,37128.0,37420.0,36886.0,37371.0,563400,KBS
2024-08-01 07:00:00,37371.0,37371.0,35476.0,35573.0,1509500,KBS
2024-08-02 07:00:00,34115.0,35719.0,33581.0,35719.0,2281000,KBS
2024-08-05 07:00:00,34699.0,34990.0,33241.0,33241.0,1587900,KBS
2024-08-06 07:00:00,34018.0,34650.0,33095.0,33970.0,1080800,KBS
2024-08-07 07:00:00,33921.0,34456.0,33581.0,34310.0,680300,KBS
2024-08-08 07:00:00,33727.0,34358.0,33678.0,34213.0,1302900,KBS
2024-08-09 07:00:00,34310.0,34747.0,34310.0,34650.0,941600,KBS
2024-08-12 07:00:00,34407.0,34990.0,34407.0,34942.0,803400,KBS
2024-08-13 07:00:00,34942.0,35428.0,34650.0,34990.0,950100,KBS
2024-08-14 07:00:00,34844.0,35476.0,34650.0,34699.0,856800,KBS
2024-08-15 07:00:00,34699.0,34699.0,34213.0,34699.0,789600,KBS
2024-08-16 07:00:00,34942.0,36837.0,34747.0,36740.0,2064400,KBS
2024-08-19 07:00:00,36934.0,37226.0,36740.0,36886.0,761000,KBS
2024-08-20 07:00:00,36886.0,37371.0,36205.0,37371.0,1752300,KBS
2024-08-21 07:00:00,37371.0,37371.0,36934.0,37128.0,941000,KBS
2024-08-22 07:00:00,37177.0,37420.0,36643.0,36934.0,1009100,KBS
2024-08-23 07:00:00,36886.0,36934.0,36448.0,36934.0,1001000,KBS
2024-08-26 07:00:00,36983.0,37371.0,36545.0,36545.0,1000800,KBS
2024-08-27 07:00:00,36545.0,36545.0,35962.0,36254.0,925000,KBS
2024-08-28 07:00:00,36254.0,36448.0,35768.0,36157.0,1158700,KBS
2024-08-29 07:00:00,36254.0,36351.0,35914.0,35962.0,671300,KBS
2024-08-30 07:00:00,36108.0,36205.0,35914.0,36059.0,811800,KBS
2024-09-04 07:00:00,35865.0,35914.0,35573.0,35914.0,602300,KBS
2024-09-05 07:00:00,35865.0,36351.0,35573.0,35768.0,714200,KBS
2024-09-06 07:00:00,35622.0,36157.0,35136.0,35282.0,801500,KBS
2024-09-09 07:00:00,35330.0,35330.0,34601.0,34942.0,1157000,KBS
2024-09-10 07:00:00,35039.0,35087.0,34407.0,34553.0,910400,KBS
2024-09-11 07:00:00,34261.0,34553.0,34018.0,34261.0,689000,KBS
2024-09-12 07:00:00,34504.0,34796.0,34407.0,34407.0,637800,KBS
2024-09-13 07:00:00,34407.0,34747.0,34358.0,34553.0,549800,KBS
2024-09-16 07:00:00,34699.0,34844.0,34407.0,34456.0,532000,KBS
2024-09-17 07:00:00,34164.0,35087.0,34067.0,35087.0,730200,KBS
2024-09-18 07:00:00,35039.0,35428.0,35039.0,35233.0,653200,KBS
2024-09-19 07:00:00,35330.0,36059.0,35136.0,35962.0,1328400,KBS
2024-09-20 07:00:00,36108.0,36254.0,35719.0,35768.0,872300,KBS
2024-09-23 07:00:00,35962.0,35962.0,35379.0,35476.0,628300,KBS
2024-09-24 07:00:00,35671.0,36886.0,35428.0,36643.0,2505200,KBS
2024-09-25 07:00:00,36934.0,36934.0,36594.0,36691.0,723100,KBS
2024-09-26 07:00:00,36788.0,36788.0,36254.0,36351.0,1416000,KBS
2024-09-27 07:00:00,36448.0,36788.0,36157.0,36254.0,1160100,KBS
2024-09-30 07:00:00,36351.0,36934.0,36254.0,36594.0,1040800,KBS
2024-10-01 07:00:00,36643.0,37128.0,36545.0,36594.0,1104200,KBS
2024-10-02 07:00:00,36254.0,36545.0,36108.0,36108.0,853500,KBS
2024-10-03 07:00:00,36157.0,36497.0,35087.0,35087.0,1685600,KBS
2024-10-04 07:00:00,35233.0,35379.0,35087.0,35087.0,545700,KBS
2024-10-07 07:00:00,35573.0,35768.0,35087.0,35185.0,451400,KBS
2024-10-08 07:00:00,35185.0,35573.0,35136.0,35282.0,713200,KBS
2024-10-09 07:00:00,35622.0,36497.0,35622.0,36497.0,2053100,KBS
2024-10-10 07:00:00,36691.0,36788.0,36205.0,36254.0,837500,KBS
2024-10-11 07:00:00,36254.0,37031.0,36254.0,36788.0,1876900,KBS
2024-10-14 07:00:00,37031.0,37177.0,36643.0,36886.0,1341500,KBS
2024-10-15 07:00:00,36934.0,37371.0,36157.0,36205.0,1608700,KBS
2024-10-16 07:00:00,36157.0,36740.0,36059.0,36691.0,932800,KBS
2024-10-17 07:00:00,36691.0,36691.0,35914.0,36594.0,1316800,KBS
2024-10-18 07:00:00,36594.0,38295.0,36594.0,37906.0,3750800,KBS
2024-10-21 07:00:00,37906.0,37906.0,37517.0,37712.0,895200,KBS
2024-10-22 07:00:00,37614.0,38246.0,36740.0,37323.0,2397000,KBS
2024-10-23 07:00:00,37420.0,37809.0,36934.0,37809.0,848700,KBS
2024-10-24 07:00:00,37809.0,37906.0,36934.0,36934.0,1330700,KBS
2024-10-25 07:00:00,37031.0,37614.0,36934.0,37274.0,1047000,KBS
2024-10-28 07:00:00,37274.0,37712.0,37274.0,37614.0,782400,KBS
2024-10-29 07:00:00,37857.0,38586.0,37614.0,37712.0,2547800,KBS
2024-10-30 07:00:00,37809.0,38100.0,37517.0,38100.0,1192900,KBS
2024-10-31 07:00:00,38100.0,38100.0,37712.0,37857.0,885000,KBS
2024-11-01 07:00:00,37566.0,37712.0,36934.0,37177.0,1873400,KBS
2024-11-04 07:00:00,37080.0,37566.0,36643.0,37226.0,788900,KBS
2024-11-05 07:00:00,37226.0,37857.0,37226.0,37517.0,1067100,KBS
2024-11-06 07:00:00,38100.0,40142.0,37857.0,40142.0,9167400,KBS
2024-11-07 07:00:00,40530.0,40773.0,40044.0,40287.0,2032600,KBS
2024-11-08 07:00:00,40579.0,41405.0,39899.0,41405.0,4432100,KBS
2024-11-11 07:00:00,41599.0,41697.0,40725.0,41454.0,3340100,KBS
2024-11-12 07:00:00,41551.0,41551.0,40579.0,40628.0,2629900,KBS
2024-11-13 07:00:00,40336.0,41308.0,40190.0,41162.0,2938300,KBS
2024-11-14 07:00:00,41211.0,41502.0,40142.0,40142.0,2997000,KBS
2024-11-15 07:00:00,40093.0,42280.0,40093.0,41065.0,4962700,KBS
2024-11-18 07:00:00,41113.0,41211.0,38878.0,40433.0,2949800,KBS
2024-11-19 07:00:00,40190.0,40336.0,37906.0,38003.0,3508300,KBS
2024-11-20 07:00:00,37906.0,39072.0,37031.0,38489.0,2779600,KBS
2024-11-21 07:00:00,38489.0,38781.0,38198.0,38781.0,1283100,KBS
2024-11-22 07:00:00,38829.0,39170.0,38246.0,38635.0,1648600,KBS
2024-11-25 07:00:00,38781.0,39024.0,38489.0,39024.0,857600,KBS
2024-11-26 07:00:00,39267.0,39753.0,39121.0,39607.0,1961500,KBS
2024-11-27 07:00:00,39558.0,39558.0,38829.0,39267.0,1424900,KBS
2024-11-28 07:00:00,39510.0,39656.0,39024.0,39315.0,1062100,KBS
2024-11-29 07:00:00,39170.0,39947.0,39121.0,39558.0,1909500,KBS
2024-12-02 07:00:00,39753.0,40628.0,39510.0,40385.0,2004400,KBS
2024-12-03 07:00:00,40336.0,40870.0,40093.0,40093.0,1756700,KBS
2024-12-04 07:00:00,39947.0,40482.0,39364.0,40044.0,1997000,KBS
2024-12-05 07:00:00,40093.0,41988.0,39704.0,41356.0,3154300,KBS
2024-12-06 07:00:00,41454.0,42571.0,41162.0,41648.0,2211200,KBS
2024-12-09 07:00:00,41356.0,41794.0,40870.0,41697.0,1153700,KBS
2024-12-10 07:00:00,41502.0,43009.0,41454.0,42183.0,2557000,KBS
2024-12-11 07:00:00,42328.0,42474.0,41454.0,41794.0,1276300,KBS
2024-12-12 07:00:00,41842.0,42571.0,41356.0,41356.0,1495900,KBS
2024-12-13 07:00:00,41356.0,41745.0,41113.0,41745.0,1484400,KBS
2024-12-16 07:00:00,42085.0,42669.0,41697.0,42037.0,1041100,KBS
2024-12-17 07:00:00,42134.0,42134.0,41502.0,41551.0,973900,KBS
2024-12-18 07:00:00,41551.0,41794.0,41113.0,41794.0,982600,KBS
2024-12-19 07:00:00,41211.0,41794.0,40725.0,41794.0,2217000,KBS
2024-12-20 07:00:00,41648.0,41794.0,41259.0,41502.0,1026300,KBS
2024-12-23 07:00:00,41502.0,43106.0,41502.0,42280.0,2616600,KBS
2024-12-24 07:00:00,42377.0,42669.0,41648.0,42280.0,1240000,KBS
2024-12-25 07:00:00,42474.0,42912.0,41988.0,42280.0,1758400,KBS
2024-12-26 07:00:00,42474.0,42474.0,41794.0,41794.0,1047400,KBS
2024-12-27 07:00:00,41988.0,41988.0,41016.0,41405.0,1829300,KBS
2024-12-30 07:00:00,41211.0,41259.0,40530.0,40530.0,1863100,KBS
2024-12-31 07:00:00,40433.0,41211.0,40433.0,41211.0,956800,KBS
2025-01-02 07:00:00,41308.0,41405.0,40919.0,41308.0,586100,KBS
2025-01-03 07:00:00,41065.0,41211.0,40628.0,40725.0,1488900,KBS
2025-01-06 07:00:00,40579.0,41211.0,39364.0,40142.0,1472000,KBS
2025-01-07 07:00:00,40142.0,41211.0,39850.0,40482.0,1646500,KBS
2025-01-08 07:00:00,40482.0,40919.0,40433.0,40919.0,841400,KBS
2025-01-09 07:00:00,41065.0,41599.0,40822.0,40822.0,1087400,KBS
2025-01-10 07:00:00,40773.0,41113.0,39850.0,39850.0,1558600,KBS
2025-01-13 07:00:00,39461.0,39850.0,38684.0,39801.0,1218800,KBS
2025-01-14 07:00:00,39947.0,40482.0,39607.0,39656.0,1351900,KBS
2025-01-15 07:00:00,39947.0,40287.0,39607.0,40239.0,1151000,KBS
2025-01-16 07:00:00,40725.0,40725.0,39996.0,40239.0,617100,KBS
2025-01-17 07:00:00,40336.0,41113.0,40239.0,40822.0,1311500,KBS
2025-01-20 07:00:00,41162.0,41162.0,40822.0,41113.0,915000,KBS
2025-01-21 07:00:00,41113.0,41308.0,40676.0,40725.0,1034500,KBS
2025-01-22 07:00:00,40628.0,41502.0,40579.0,41065.0,1382100,KBS
2025-01-23 07:00:00,41211.0,41697.0,40968.0,41502.0,1303300,KBS
2025-01-24 07:00:00,41697.0,41697.0,41065.0,41113.0,813900,KBS
2025-02-03 07:00:00,41162.0,41988.0,40773.0,41308.0,1562700,KBS
2025-02-04 07:00:00,41356.0,42474.0,41211.0,42474.0,2381100,KBS
2025-02-05 07:00:00,42766.0,43349.0,42474.0,42571.0,1741000,KBS
2025-02-06 07:00:00,42571.0,42717.0,41940.0,42280.0,1829300,KBS
2025-02-07 07:00:00,42085.0,42571.0,41599.0,41599.0,1632300,KBS
2025-02-10 07:00:00,41502.0,42183.0,41308.0,41551.0,1657800,KBS
2025-02-11 07:00:00,41891.0,42766.0,41454.0,42766.0,2527200,KBS
2025-02-12 07:00:00,43252.0,44224.0,42377.0,42377.0,4248800,KBS
2025-02-13 07:00:00,42377.0,42523.0,41648.0,42328.0,2391700,KBS
2025-02-14 07:00:00,42377.0,43057.0,41648.0,41648.0,4293500,KBS
2025-02-17 07:00:00,41745.0,42085.0,41454.0,41551.0,2608500,KBS
2025-02-18 07:00:00,41454.0,41891.0,41454.0,41794.0,1014700,KBS
2025-02-19 07:00:00,41891.0,43738.0,41794.0,43252.0,4884200,KBS
2025-02-20 07:00:00,43252.0,43398.0,42717.0,42766.0,1649400,KBS
2025-02-21 07:00:00,42766.0,43495.0,42280.0,42717.0,1724000,KBS
2025-02-24 07:00:00,42863.0,43252.0,42134.0,43252.0,2348100,KBS
2025-02-25 07:00:00,43543.0,44224.0,42814.0,43349.0,2277700,KBS
2025-02-26 07:00:00,43398.0,45876.0,43398.0,44515.0,6751700,KBS
2025-02-27 07:00:00,44467.0,44904.0,43884.0,44904.0,1702300,KBS
2025-02-28 07:00:00,44807.0,44807.0,44224.0,44321.0,1555300,KBS
2025-03-03 07:00:00,44467.0,44855.0,43932.0,44661.0,1388700,KBS
2025-03-04 07:00:00,44710.0,45341.0,43738.0,44613.0,2272100,KBS
2025-03-05 07:00:00,44613.0,44807.0,43398.0,43398.0,1801100,KBS
2025-03-06 07:00:00,43738.0,44467.0,43300.0,44467.0,2042200,KBS
2025-03-07 07:00:00,44613.0,44904.0,43835.0,43835.0,2063100,KBS
2025-03-10 07:00:00,43932.0,44904.0,43543.0,44029.0,2994600,KBS
2025-03-11 07:00:00,43738.0,44807.0,43592.0,44418.0,1853800,KBS
2025-03-12 07:00:00,44564.0,44855.0,43932.0,44661.0,1935500,KBS
2025-03-13 07:00:00,44661.0,45487.0,43398.0,43543.0,4907300,KBS
2025-03-14 07:00:00,43543.0,43835.0,42377.0,43543.0,2835500,KBS
2025-03-17 07:00:00,43738.0,43835.0,42766.0,43300.0,1617200,KBS
2025-03-18 07:00:00,43835.0,44127.0,43057.0,43057.0,1499800,KBS
2025-03-19 07:00:00,43155.0,43641.0,42474.0,42766.0,1837400,KBS
2025-03-20 07:00:00,43057.0,43057.0,42426.0,43009.0,1133600,KBS
2025-03-21 07:00:00,43057.0,43155.0,42766.0,42960.0,844200,KBS
2025-03-24 07:00:00,42766.0,43057.0,42474.0,42912.0,1323300,KBS
2025-03-25 07:00:00,43155.0,43446.0,43009.0,43155.0,1810200,KBS
2025-03-26 07:00:00,43300.0,43495.0,42571.0,42863.0,1362300,KBS
2025-03-27 07:00:00,42620.0,43057.0,42523.0,42523.0,939400,KBS
2025-03-28 07:00:00,42620.0,42620.0,40676.0,40676.0,4594900,KBS
2025-03-31 07:00:00,40142.0,40773.0,39947.0,40336.0,1513000,KBS
2025-04-01 07:00:00,40628.0,40725.0,40093.0,40287.0,759400,KBS
2025-04-02 07:00:00,40482.0,41065.0,40336.0,40628.0,1021800,KBS
2025-04-03 07:00:00,37809.0,38198.0,37809.0,37809.0,1575500,KBS
2025-04-04 07:00:00,35185.0,35185.0,35185.0,35185.0,362500,KBS
2025-04-08 07:00:00,32755.0,32755.0,32755.0,32755.0,604200,KBS
2025-04-09 07:00:00,30471.0,30471.0,30471.0,30471.0,411000,KBS
2025-04-10 07:00:00,32560.0,32560.0,31588.0,32560.0,2438000,KBS
2025-04-11 07:00:00,30325.0,32269.0,30325.0,31977.0,7292500,KBS
2025-04-14 07:00:00,34213.0,34213.0,31977.0,32172.0,3137400,KBS
2025-04-15 07:00:00,31734.0,32949.0,29936.0,29936.0,4773700,KBS
2025-04-16 07:00:00,29936.0,30616.0,28187.0,28770.0,2968800,KBS
2025-04-17 07:00:00,28187.0,29887.0,28187.0,29839.0,2198900,KBS
2025-04-18 07:00:00,30179.0,30519.0,29936.0,30130.0,2162900,KBS
2025-04-21 07:00:00,30228.0,30325.0,28867.0,29061.0,1753500,KBS
2025-04-22 07:00:00,28673.0,28867.0,27069.0,27215.0,3947800,KBS
2025-04-23 07:00:00,27749.0,28575.0,26923.0,28381.0,2728100,KBS
2025-04-24 07:00:00,28964.0,30325.0,28673.0,29499.0,2620800,KBS
2025-04-25 07:00:00,29353.0,29693.0,28867.0,29158.0,1648600,KBS
2025-04-28 07:00:00,29450.0,29499.0,28575.0,28770.0,1438600,KBS
2025-04-29 07:00:00,28867.0,29207.0,28770.0,28867.0,1023400,KBS
2025-05-05 07:00:00,29256.0,30422.0,28964.0,30325.0,2404100,KBS
2025-05-06 07:00:00,30422.0,30471.0,29790.0,29790.0,1887400,KBS
2025-05-07 07:00:00,29839.0,30422.0,29790.0,30179.0,2018500,KBS
2025-05-08 07:00:00,30471.0,31880.0,30471.0,31588.0,3837400,KBS
2025-05-09 07:00:00,31637.0,31637.0,30908.0,31005.0,1943500,KBS
2025-05-12 07:00:00,31102.0,32560.0,30811.0,32560.0,3341300,KBS
2025-05-13 07:00:00,33581.0,33581.0,32706.0,32803.0,3090400,KBS
2025-05-14 07:00:00,32852.0,32901.0,32074.0,32755.0,2985200,KBS
2025-05-15 07:00:00,33046.0,33046.0,32123.0,32803.0,2507600,KBS
2025-05-16 07:00:00,32755.0,32949.0,32415.0,32658.0,1486400,KBS
2025-05-19 07:00:00,32463.0,32560.0,31686.0,32026.0,1867300,KBS
2025-05-20 07:00:00,32026.0,32560.0,31686.0,32463.0,1847800,KBS
2025-05-21 07:00:00,32560.0,32560.0,31734.0,31880.0,1816800,KBS
2025-05-22 07:00:00,31929.0,32803.0,31734.0,32220.0,2105400,KBS
2025-05-23 07:00:00,32220.0,32415.0,31686.0,32074.0,1351300,KBS
2025-05-26 07:00:00,32074.0,34310.0,31200.0,34310.0,5109100,KBS
2025-05-27 07:00:00,34796.0,34796.0,34067.0,34407.0,2193100,KBS
2025-05-28 07:00:00,34456.0,34601.0,33678.0,33970.0,2937400,KBS
2025-05-29 07:00:00,34504.0,35185.0,34018.0,34261.0,3237200,KBS
2025-05-30 07:00:00,34018.0,34115.0,33386.0,34018.0,2016900,KBS
2025-06-02 07:00:00,33532.0,34261.0,33289.0,33921.0,2251800,KBS
2025-06-03 07:00:00,34213.0,34747.0,33970.0,34504.0,2540000,KBS
2025-06-04 07:00:00,34650.0,34796.0,33921.0,34213.0,2068200,KBS
2025-06-05 07:00:00,34310.0,34942.0,34067.0,34213.0,2611200,KBS
2025-06-06 07:00:00,34504.0,34504.0,33241.0,33289.0,2545200,KBS
2025-06-09 07:00:00,33338.0,33338.0,31831.0,31977.0,2522300,KBS
2025-06-10 07:00:00,31783.0,32220.0,31588.0,31734.0,1822100,KBS
2025-06-11 07:00:00,32220.0,32220.0,31686.0,31831.0,669300,KBS
2025-06-12 07:00:00,31880.0,32755.0,31880.0,32512.0,1413800,KBS
2025-06-13 07:00:00,32074.0,32172.0,30859.0,31588.0,2538600,KBS
2025-06-16 07:00:00,31588.0,32074.0,31540.0,32074.0,791300,KBS
2025-06-17 07:00:00,32463.0,32755.0,32123.0,32317.0,1123600,KBS
2025-06-18 07:00:00,32269.0,32463.0,31831.0,31977.0,1352000,KBS
2025-06-19 07:00:00,31977.0,32609.0,31977.0,32512.0,1660500,KBS
2025-06-20 07:00:00,32609.0,32658.0,32172.0,32269.0,1119700,KBS
2025-06-23 07:00:00,32026.0,34504.0,31686.0,34164.0,4966100,KBS
2025-06-24 07:00:00,34504.0,35379.0,34115.0,34358.0,4744500,KBS
2025-06-25 07:00:00,34504.0,35719.0,34358.0,35282.0,4562600,KBS
2025-06-26 07:00:00,35428.0,36837.0,35282.0,36788.0,4443800,KBS
2025-06-27 07:00:00,36934.0,36934.0,36302.0,36448.0,2146900,KBS
2025-06-30 07:00:00,36448.0,37614.0,36448.0,37274.0,2097300,KBS
2025-07-01 07:00:00,36886.0,37614.0,36643.0,37274.0,2572800,KBS
2025-07-02 07:00:00,37031.0,38927.0,37031.0,37906.0,3369900,KBS
2025-07-03 07:00:00,35768.0,36788.0,35282.0,35962.0,7951500,KBS
2025-07-04 07:00:00,35865.0,36254.0,35282.0,36254.0,2478700,KBS
2025-07-07 07:00:00,36497.0,36545.0,35671.0,36157.0,2471200,KBS
2025-07-08 07:00:00,37080.0,37420.0,36157.0,36545.0,3451000,KBS
2025-07-09 07:00:00,36545.0,36643.0,35865.0,36108.0,3187600,KBS
2025-07-10 07:00:00,36157.0,36205.0,35622.0,35719.0,2531100,KBS
2025-07-11 07:00:00,35768.0,36108.0,35282.0,35573.0,3028600,KBS
2025-07-14 07:00:00,35719.0,36740.0,35282.0,36594.0,3133000,KBS
2025-07-15 07:00:00,36691.0,36740.0,35962.0,36157.0,2447800,KBS
2025-07-16 07:00:00,36059.0,36059.0,35719.0,35719.0,2726600,KBS
2025-07-17 07:00:00,36108.0,36545.0,35671.0,36302.0,3476900,KBS
2025-07-18 07:00:00,36448.0,37517.0,36400.0,36983.0,5229200,KBS
2025-07-21 07:00:00,37080.0,37420.0,36351.0,36448.0,2372400,KBS
2025-07-22 07:00:00,36448.0,36497.0,35768.0,36302.0,3144300,KBS
2025-07-23 07:00:00,36448.0,37226.0,36254.0,36691.0,3163500,KBS
2025-07-24 07:00:00,37177.0,37809.0,36643.0,37371.0,4241700,KBS
2025-07-25 07:00:00,37371.0,37712.0,36886.0,37031.0,3636100,KBS
2025-07-28 07:00:00,37323.0,38198.0,37031.0,38100.0,4315600,KBS
2025-07-29 07:00:00,38538.0,38586.0,35476.0,35476.0,6459700,KBS
2025-07-30 07:00:00,35914.0,36011.0,34358.0,35136.0,2696600,KBS
2025-07-31 07:00:00,35962.0,37128.0,35233.0,36545.0,3984600,KBS
2025-08-01 07:00:00,36448.0,36448.0,35476.0,35573.0,1612700,KBS
2025-08-04 07:00:00,35379.0,35962.0,35136.0,35476.0,1499600,KBS
2025-08-05 07:00:00,35768.0,36740.0,34699.0,35282.0,3675300,KBS
2025-08-06 07:00:00,35573.0,35914.0,35330.0,35719.0,1404100,KBS
2025-08-07 07:00:00,36594.0,37226.0,36254.0,36448.0,3569600,KBS
2025-08-08 07:00:00,36545.0,36643.0,35768.0,36011.0,2360200,KBS
2025-08-11 07:00:00,36108.0,37517.0,36108.0,37080.0,4571800,KBS
2025-08-12 07:00:00,37614.0,37614.0,36448.0,37031.0,2829300,KBS
2025-08-13 07:00:00,37420.0,39315.0,37323.0,38635.0,7440300,KBS
2025-08-14 07:00:00,38878.0,38878.0,37809.0,37906.0,3126700,KBS
2025-08-15 07:00:00,38003.0,38003.0,36545.0,36740.0,3850400,KBS
2025-08-18 07:00:00,36740.0,37857.0,36497.0,36934.0,1827900,KBS
2025-08-19 07:00:00,37517.0,37857.0,36983.0,37323.0,2785700,KBS
2025-08-20 07:00:00,37517.0,37857.0,35719.0,36400.0,2775600,KBS
2025-08-21 07:00:00,36934.0,37420.0,35768.0,35816.0,3239100,KBS
2025-08-22 07:00:00,35573.0,35671.0,33824.0,33824.0,3574100,KBS
2025-08-25 07:00:00,34747.0,34747.0,33143.0,33143.0,1315400,KBS
2025-08-26 07:00:00,33241.0,34164.0,33241.0,34115.0,1380200,KBS
2025-08-27 07:00:00,34213.0,34844.0,34164.0,34456.0,1099600,KBS
2025-08-28 07:00:00,34650.0,34893.0,34358.0,34456.0,1050300,KBS
2025-08-29 07:00:00,34504.0,34601.0,34164.0,34213.0,1741700,KBS
2025-09-03 07:00:00,34747.0,34893.0,34358.0,34650.0,1404100,KBS
2025-09-04 07:00:00,35100.0,35600.0,34850.0,34850.0,1895200,KBS
2025-09-05 07:00:00,35350.0,36500.0,35000.0,35100.0,3530400,KBS
2025-09-08 07:00:00,35300.0,35900.0,34600.0,34600.0,1360900,KBS
2025-09-09 07:00:00,34450.0,34700.0,33950.0,34250.0,1909600,KBS
2025-09-10 07:00:00,34500.0,34500.0,33950.0,34100.0,800700,KBS
2025-09-11 07:00:00,33950.0,34150.0,33050.0,33800.0,1205100,KBS
2025-09-12 07:00:00,33950.0,34900.0,33950.0,34650.0,1131900,KBS
2025-09-15 07:00:00,34650.0,35400.0,34650.0,35400.0,1406000,KBS
2025-09-16 07:00:00,35700.0,35700.0,35000.0,35050.0,1038900,KBS
2025-09-17 07:00:00,35050.0,35350.0,34500.0,34500.0,796700,KBS
2025-09-18 07:00:00,34650.0,34900.0,33900.0,34050.0,989200,KBS
2025-09-19 07:00:00,34200.0,34600.0,34000.0,34000.0,602300,KBS
2025-09-22 07:00:00,33900.0,34500.0,33900.0,34400.0,1053900,KBS
2025-09-23 07:00:00,34500.0,34500.0,34200.0,34200.0,379000,KBS
2025-09-24 07:00:00,34300.0,34750.0,34000.0,34750.0,713300,KBS
2025-09-25 07:00:00,34550.0,35200.0,34550.0,35000.0,1080600,KBS
2025-09-26 07:00:00,35250.0,35700.0,35000.0,35000.0,1757000,KBS
2025-09-29 07:00:00,35000.0,35000.0,34400.0,34400.0,586900,KBS
2025-09-30 07:00:00,34500.0,34600.0,33550.0,33850.0,1092400,KBS
2025-10-01 07:00:00,34000.0,34600.0,34000.0,34500.0,597900,KBS
2025-10-02 07:00:00,34550.0,34600.0,33900.0,34000.0,645800,KBS
2025-10-03 07:00:00,34000.0,34000.0,33000.0,33000.0,825300,KBS
2025-10-06 07:00:00,33450.0,33900.0,33300.0,33700.0,409300,KBS
2025-10-07 07:00:00,33600.0,33800.0,33100.0,33200.0,962300,KBS
2025-10-08 07:00:00,33500.0,33900.0,33100.0,33400.0,427500,KBS
2025-10-09 07:00:00,33250.0,33600.0,33250.0,33450.0,816300,KBS
2025-10-10 07:00:00,33650.0,33950.0,33550.0,33700.0,716100,KBS
2025-10-13 07:00:00,33150.0,34400.0,33150.0,34000.0,1092800,KBS
2025-10-14 07:00:00,34000.0,34200.0,33100.0,33100.0,1290100,KBS
2025-10-15 07:00:00,33200.0,33400.0,32350.0,32400.0,1083500,KBS
2025-10-16 07:00:00,32200.0,32800.0,32200.0,32500.0,765400,KBS
2025-10-17 07:00:00,32400.0,33150.0,32400.0,32500.0,488500,KBS
2025-10-20 07:00:00,32100.0,32400.0,30250.0,30250.0,1688200,KBS
2025-10-21 07:00:00,29900.0,30200.0,28900.0,29800.0,1490600,KBS
2025-10-22 07:00:00,29950.0,29950.0,28950.0,29300.0,791600,KBS
2025-10-23 07:00:00,29300.0,30200.0,29300.0,29800.0,557000,KBS
2025-10-24 07:00:00,29700.0,29800.0,29350.0,29600.0,406800,KBS
2025-10-27 07:00:00,30200.0,31450.0,30000.0,30000.0,856900,KBS
2025-10-28 07:00:00,30000.0,30300.0,29750.0,30250.0,434200,KBS
2025-10-29 07:00:00,30250.0,31550.0,30250.0,31000.0,906000,KBS
2025-10-30 07:00:00,31100.0,31350.0,30750.0,31000.0,551300,KBS
2025-10-31 07:00:00,30800.0,31500.0,30800.0,31200.0,838200,KBS
2025-11-03 07:00:00,31300.0,31500.0,30900.0,30900.0,748200,KBS
2025-11-04 07:00:00,30900.0,31100.0,29800.0,30850.0,859300,KBS
2025-11-05 07:00:00,30850.0,31200.0,30500.0,30850.0,370100,KBS
2025-11-06 07:00:00,31150.0,32000.0,31150.0,31300.0,930400,KBS
2025-11-07 07:00:00,31000.0,31250.0,30200.0,30300.0,398500,KBS
2025-11-10 07:00:00,30400.0,30800.0,30050.0,30050.0,324400,KBS
2025-11-11 07:00:00,30100.0,30400.0,30100.0,30200.0,239700,KBS
2025-11-12 07:00:00,30650.0,30850.0,30250.0,30600.0,219900,KBS
2025-11-13 07:00:00,30700.0,32400.0,30700.0,32000.0,1880400,KBS
2025-11-14 07:00:00,31900.0,32250.0,31700.0,32000.0,700000,KBS
2025-11-17 07:00:00,32000.0,33150.0,32000.0,32650.0,1436500,KBS
2025-11-18 07:00:00,32650.0,32950.0,32300.0,32450.0,629200,KBS
2025-11-19 07:00:00,32450.0,32750.0,32000.0,32100.0,566200,KBS
2025-11-20 07:00:00,32550.0,33800.0,31900.0,32450.0,819900,KBS
2025-11-21 07:00:00,32450.0,32550.0,31850.0,31900.0,473300,KBS
2025-11-24 07:00:00,31950.0,32500.0,31650.0,31650.0,264400,KBS
2025-11-25 07:00:00,31250.0,32300.0,30950.0,31000.0,682000,KBS
2025-11-26 07:00:00,31200.0,31450.0,31000.0,31400.0,327100,KBS
2025-11-27 07:00:00,31700.0,31850.0,31350.0,31350.0,344200,KBS
2025-11-28 07:00:00,31400.0,31500.0,30900.0,30900.0,405800,KBS
2025-12-01 07:00:00,30900.0,31150.0,30750.0,30750.0,312600,KBS
2025-12-02 07:00:00,30600.0,30900.0,30200.0,30750.0,456000,KBS
2025-12-03 07:00:00,31000.0,31350.0,30600.0,31250.0,435500,KBS
2025-12-04 07:00:00,31250.0,31500.0,31200.0,31400.0,265000,KBS
2025-12-05 07:00:00,31500.0,31500.0,30900.0,30950.0,246100,KBS
2025-12-08 07:00:00,31000.0,31000.0,30300.0,30350.0,328700,KBS
2025-12-09 07:00:00,30600.0,30600.0,30000.0,30300.0,400700,KBS
2025-12-10 07:00:00,30350.0,30600.0,30200.0,30300.0,168900,KBS
2025-12-11 07:00:00,30350.0,30600.0,30200.0,30200.0,156900,KBS
2025-12-12 07:00:00,30200.0,30200.0,29000.0,29000.0,476500,KBS
2025-12-15 07:00:00,29100.0,29900.0,29100.0,29200.0,197500,KBS
2025-12-16 07:00:00,29750.0,30100.0,29000.0,29950.0,392300,KBS
2025-12-17 07:00:00,30000.0,30000.0,29550.0,29550.0,129900,KBS
2025-12-18 07:00:00,29500.0,29700.0,29500.0,29550.0,88600,KBS
2025-12-19 07:00:00,29550.0,29800.0,29450.0,29550.0,132000,KBS
2025-12-22 07:00:00,29700.0,29900.0,29300.0,29900.0,346400,KBS
2025-12-23 07:00:00,29900.0,30200.0,29850.0,29900.0,363300,KBS
2025-12-24 07:00:00,29900.0,29900.0,29500.0,29750.0,210600,KBS
2025-12-25 07:00:00,29800.0,29850.0,29400.0,29400.0,252800,KBS
2025-12-26 07:00:00,29650.0,29650.0,28300.0,28900.0,513000,KBS
2025-12-29 07:00:00,29000.0,29000.0,28700.0,28700.0,366000,KBS
2025-12-30 07:00:00,28800.0,28950.0,28800.0,28950.0,286000,KBS
2025-12-31 07:00:00,29200.0,29450.0,29050.0,29150.0,448500,KBS
2026-01-05 07:00:00,29350.0,29350.0,29000.0,29100.0,444600,KBS
2026-01-06 07:00:00,29150.0,30300.0,29000.0,29600.0,703800,KBS
2026-01-07 07:00:00,30000.0,30600.0,29700.0,30250.0,866900,KBS
2026-01-08 07:00:00,30500.0,30500.0,29800.0,29850.0,970700,KBS
2026-01-09 07:00:00,30200.0,30850.0,29800.0,30300.0,967200,KBS
2026-01-12 07:00:00,30300.0,31050.0,30100.0,30850.0,941000,KBS
2026-01-13 07:00:00,30900.0,31650.0,30800.0,31600.0,1188000,KBS
2026-01-14 07:00:00,31600.0,32100.0,31050.0,31650.0,1465300,KBS
2026-01-15 07:00:00,31650.0,32200.0,31450.0,31450.0,1132300,KBS
2026-01-16 07:00:00,31550.0,31900.0,31050.0,31200.0,716400,KBS
2026-01-19 07:00:00,31700.0,33350.0,31650.0,33050.0,2645500,KBS
2026-01-20 07:00:00,33350.0,33400.0,32550.0,32550.0,976500,KBS
2026-01-21 07:00:00,32550.0,32950.0,31050.0,31200.0,1595000,KBS
2026-01-22 07:00:00,31800.0,32200.0,31300.0,31900.0,737300,KBS
2026-01-23 07:00:00,32200.0,32300.0,31200.0,31250.0,703400,KBS
2026-01-26 07:00:00,31500.0,31500.0,30100.0,30350.0,869700,KBS
2026-01-27 07:00:00,30000.0,31100.0,30000.0,31000.0,568700,KBS
2026-01-28 07:00:00,31050.0,31600.0,30900.0,30900.0,500800,KBS
2026-01-29 07:00:00,30900.0,31400.0,30600.0,31300.0,468600,KBS
2026-01-30 07:00:00,31500.0,32800.0,31500.0,32200.0,1475400,KBS
2026-02-02 07:00:00,32800.0,32900.0,32100.0,32800.0,893700,KBS
2026-02-03 07:00:00,33100.0,35050.0,32800.0,35050.0,4346200,KBS
2026-02-04 07:00:00,35750.0,37400.0,35300.0,36850.0,5555100,KBS
2026-02-05 07:00:00,36650.0,37350.0,36150.0,36900.0,2582800,KBS
2026-02-06 07:00:00,36200.0,36650.0,35000.0,35050.0,3483400,KBS
2026-02-09 07:00:00,34900.0,35300.0,34000.0,34200.0,1160400,KBS
2026-02-10 07:00:00,34500.0,34600.0,32900.0,33400.0,1930900,KBS
2026-02-11 07:00:00,33750.0,34250.0,33500.0,33950.0,1031700,KBS
2026-02-12 07:00:00,34100.0,34100.0,33750.0,33850.0,619100,KBS
2026-02-13 07:00:00,33750.0,34350.0,33600.0,33850.0,1010800,KBS
2026-02-23 07:00:00,34400.0,35100.0,34300.0,34650.0,1024200,KBS
2026-02-24 07:00:00,34750.0,35150.0,34050.0,34300.0,1459700,KBS
2026-02-25 07:00:00,34300.0,36150.0,34300.0,35650.0,2371900,KBS
2026-02-26 07:00:00,36000.0,36000.0,34700.0,34700.0,937400,KBS
2026-02-27 07:00:00,35000.0,35100.0,34000.0,34500.0,1055000,KBS
2026-03-02 07:00:00,33500.0,35450.0,32850.0,34500.0,3088400,KBS
2026-03-03 07:00:00,34500.0,35050.0,33200.0,33300.0,1219500,KBS
2026-03-04 07:00:00,33000.0,33400.0,31200.0,32150.0,2117800,KBS
2026-03-05 07:00:00,32400.0,32700.0,31500.0,31500.0,915600,KBS
2026-03-06 07:00:00,31250.0,31550.0,30400.0,30400.0,1165200,KBS
2026-03-09 07:00:00,28300.0,29000.0,28300.0,28300.0,831400,KBS
2026-03-10 07:00:00,28300.0,29000.0,28100.0,28500.0,1164400,KBS
2026-03-11 07:00:00,28950.0,30200.0,28700.0,30200.0,770000,KBS
2026-03-12 07:00:00,30100.0,30500.0,29300.0,29800.0,713600,KBS
2026-03-13 07:00:00,29400.0,30200.0,29400.0,29500.0,571400,KBS
2026-03-16 07:00:00,29500.0,30300.0,29500.0,29950.0,281700,KBS
2026-03-17 07:00:00,30100.0,30650.0,29600.0,29600.0,461100,KBS
2026-03-18 07:00:00,29650.0,29850.0,29000.0,29350.0,413400,KBS
2026-03-19 07:00:00,28800.0,29300.0,28800.0,29000.0,543100,KBS
2026-03-20 07:00:00,29000.0,30000.0,28800.0,29050.0,636500,KBS
2026-03-23 07:00:00,28500.0,28800.0,27050.0,27050.0,931000,KBS
2026-03-24 07:00:00,27900.0,28000.0,27350.0,27750.0,379400,KBS
2026-03-25 07:00:00,28250.0,28900.0,28250.0,28500.0,601800,KBS
2026-03-26 07:00:00,28850.0,28850.0,28000.0,28300.0,495800,KBS
2026-03-27 07:00:00,28250.0,29650.0,28200.0,29500.0,1197900,KBS
2026-03-30 07:00:00,28800.0,29850.0,28600.0,29250.0,864100,KBS
2026-03-31 07:00:00,29500.0,29550.0,29100.0,29150.0,419500,KBS
2026-04-01 07:00:00,29500.0,29900.0,29150.0,29150.0,651100,KBS
2026-04-02 07:00:00,29200.0,29400.0,28400.0,28650.0,554000,KBS
2026-04-03 07:00:00,28650.0,28900.0,28100.0,28150.0,496100,KBS
2026-04-06 07:00:00,28200.0,28250.0,27400.0,27400.0,600700,KBS
2026-04-07 07:00:00,27400.0,27900.0,27400.0,27650.0,241900,KBS
2026-04-08 07:00:00,29000.0,29000.0,28150.0,28650.0,982700,KBS
2026-04-09 07:00:00,28700.0,29500.0,28450.0,28750.0,1028500,KBS
2026-04-10 07:00:00,29100.0,29350.0,28750.0,28850.0,534000,KBS
2026-04-13 07:00:00,28800.0,29300.0,28550.0,29050.0,541600,KBS
2026-04-14 07:00:00,29250.0,29500.0,28850.0,28900.0,531800,KBS
2026-04-15 07:00:00,29350.0,29500.0,28900.0,28900.0,730900,KBS
2026-04-16 07:00:00,28950.0,29500.0,28700.0,29250.0,1028600,KBS
2026-04-17 07:00:00,29450.0,29950.0,29050.0,29100.0,896800,KBS
2026-04-20 07:00:00,29050.0,29350.0,28800.0,29000.0,441700,KBS
2026-04-21 07:00:00,29100.0,29150.0,28250.0,28350.0,830000,KBS
2026-04-22 07:00:00,28550.0,28550.0,28200.0,28300.0,227400,KBS
2026-04-23 07:00:00,28250.0,28250.0,27650.0,28000.0,745900,KBS
2026-04-24 07:00:00,28000.0,28000.0,27500.0,27700.0,534300,KBS
2026-04-28 07:00:00,27700.0,28000.0,27150.0,27200.0,587600,KBS
2026-04-29 07:00:00,27100.0,27300.0,27000.0,27200.0,595900,KBS
2026-05-04 07:00:00,27400.0,27700.0,27200.0,27500.0,361600,KBS
2026-05-05 07:00:00,27150.0,27450.0,27000.0,27000.0,435600,KBS
2026-05-06 07:00:00,27200.0,27350.0,26900.0,27250.0,416400,KBS
2026-05-07 07:00:00,27650.0,27650.0,27200.0,27250.0,647600,KBS
2026-05-08 07:00:00,27250.0,27300.0,26450.0,26700.0,937100,KBS
2026-05-11 07:00:00,26700.0,26800.0,25700.0,25700.0,1329500,KBS
2026-05-12 07:00:00,26000.0,26050.0,25700.0,25850.0,468200,KBS
2026-05-13 07:00:00,25700.0,26350.0,25650.0,26300.0,439400,KBS
2026-05-14 07:00:00,26300.0,26550.0,26000.0,26050.0,294400,KBS
2026-05-15 07:00:00,26050.0,26250.0,25700.0,25900.0,496500,KBS
2026-05-18 07:00:00,25900.0,25900.0,25550.0,25550.0,638200,KBS
2026-05-19 07:00:00,25600.0,25950.0,25500.0,25500.0,465700,KBS
2026-05-20 07:00:00,25500.0,25800.0,24250.0,25400.0,693500,KBS
2026-05-21 07:00:00,25450.0,25550.0,24850.0,25000.0,443200,KBS
2026-05-22 07:00:00,25000.0,25050.0,24350.0,24700.0,593800,KBS
2026-05-25 07:00:00,24800.0,25250.0,24800.0,25000.0,331100,KBS
2026-05-26 07:00:00,25100.0,25100.0,24750.0,24900.0,405700,KBS
2026-05-27 07:00:00,24950.0,25100.0,24700.0,24700.0,588800,KBS
2026-05-28 07:00:00,24850.0,24850.0,24300.0,24300.0,680800,KBS
2026-05-29 07:00:00,23500.0,24000.0,22600.0,22650.0,5023400,KBS
2026-06-01 07:00:00,23000.0,23800.0,23000.0,23500.0,771700,KBS
2026-06-02 07:00:00,23700.0,23700.0,22800.0,22950.0,646200,KBS
2026-06-03 07:00:00,22800.0,23000.0,22550.0,23000.0,532600,KBS
2026-06-04 07:00:00,23100.0,23150.0,22850.0,22900.0,313100,KBS
2026-06-05 07:00:00,23150.0,23150.0,22700.0,22800.0,321700,KBS
