date,open,high,low,close,volume,_source
2020-01-02 07:00:00,16656.0,17040.0,16656.0,17040.0,1542690,KBS
2020-01-03 07:00:00,17040.0,17398.0,17040.0,17245.0,1290400,KBS
2020-01-06 07:00:00,17245.0,17347.0,17142.0,17194.0,729770,KBS
2020-01-07 07:00:00,17245.0,17577.0,17219.0,17449.0,1188090,KBS
2020-01-08 07:00:00,17475.0,17552.0,17424.0,17501.0,783960,KBS
2020-01-09 07:00:00,17501.0,17680.0,17501.0,17577.0,1291880,KBS
2020-01-10 07:00:00,17577.0,17731.0,17577.0,17731.0,1032370,KBS
2020-01-13 07:00:00,17731.0,17859.0,17731.0,17859.0,1121720,KBS
2020-01-14 07:00:00,17859.0,18754.0,17859.0,18729.0,779660,KBS
2020-01-15 07:00:00,18729.0,20034.0,18729.0,19957.0,534410,KBS
2020-01-16 07:00:00,19957.0,20366.0,19931.0,19931.0,655480,KBS
2020-01-17 07:00:00,19957.0,20264.0,19906.0,20264.0,1110320,KBS
2020-01-20 07:00:00,20264.0,20341.0,20264.0,20315.0,809700,KBS
2020-01-21 07:00:00,20315.0,20468.0,20315.0,20468.0,751430,KBS
2020-01-22 07:00:00,20468.0,20750.0,20468.0,20750.0,1759120,KBS
2020-01-30 07:00:00,20724.0,20801.0,20724.0,20801.0,767580,KBS
2020-01-31 07:00:00,20801.0,21006.0,20776.0,21006.0,865140,KBS
2020-02-03 07:00:00,21006.0,21031.0,20673.0,20929.0,549950,KBS
2020-02-04 07:00:00,20955.0,21108.0,20955.0,21083.0,613880,KBS
2020-02-05 07:00:00,21083.0,21364.0,21083.0,21364.0,729910,KBS
2020-02-06 07:00:00,21748.0,21748.0,21364.0,21748.0,701640,KBS
2020-02-07 07:00:00,21748.0,22029.0,21748.0,22029.0,844690,KBS
2020-02-10 07:00:00,22055.0,22541.0,22029.0,22541.0,660200,KBS
2020-02-11 07:00:00,22566.0,22950.0,22541.0,22925.0,673810,KBS
2020-02-12 07:00:00,22925.0,23104.0,22925.0,23078.0,660560,KBS
2020-02-13 07:00:00,23104.0,23232.0,23078.0,23232.0,626960,KBS
2020-02-14 07:00:00,23232.0,23308.0,22464.0,22643.0,1183840,KBS
2020-02-17 07:00:00,22618.0,22746.0,22566.0,22746.0,622810,KBS
2020-02-18 07:00:00,22746.0,22848.0,22566.0,22720.0,288440,KBS
2020-02-19 07:00:00,22720.0,22797.0,22643.0,22720.0,614030,KBS
2020-02-20 07:00:00,22720.0,22797.0,22643.0,22771.0,494490,KBS
2020-02-21 07:00:00,22515.0,22950.0,22490.0,22848.0,538180,KBS
2020-02-24 07:00:00,22029.0,22055.0,21262.0,21262.0,1132380,KBS
2020-02-25 07:00:00,19982.0,20187.0,19778.0,19829.0,1060480,KBS
2020-02-26 07:00:00,18677.0,19803.0,18601.0,18703.0,1742640,KBS
2020-02-27 07:00:00,17910.0,17936.0,17475.0,17475.0,1214400,KBS
2020-02-28 07:00:00,17475.0,17501.0,16272.0,16272.0,1035070,KBS
2020-03-02 07:00:00,15940.0,17347.0,15940.0,17347.0,5053330,KBS
2020-03-03 07:00:00,17296.0,17782.0,17040.0,17628.0,4446520,KBS
2020-03-04 07:00:00,17654.0,17680.0,17091.0,17142.0,1344340,KBS
2020-03-05 07:00:00,16221.0,16835.0,15965.0,16835.0,2239250,KBS
2020-03-06 07:00:00,16119.0,16170.0,15684.0,15991.0,1644630,KBS
2020-03-09 07:00:00,14891.0,14942.0,14891.0,14891.0,822930,KBS
2020-03-10 07:00:00,13867.0,13919.0,13867.0,13867.0,1272070,KBS
2020-03-11 07:00:00,13305.0,13458.0,12921.0,12921.0,1738790,KBS
2020-03-12 07:00:00,12025.0,12204.0,12025.0,12025.0,977450,KBS
2020-03-13 07:00:00,11206.0,11206.0,11206.0,11206.0,714270,KBS
2020-03-16 07:00:00,10490.0,11974.0,10490.0,11974.0,6621930,KBS
2020-03-17 07:00:00,11232.0,12793.0,11232.0,12383.0,750840,KBS
2020-03-18 07:00:00,12537.0,12537.0,11539.0,12383.0,691300,KBS
2020-03-19 07:00:00,11539.0,11539.0,11539.0,11539.0,212900,KBS
2020-03-20 07:00:00,10746.0,10951.0,10746.0,10746.0,1962400,KBS
2020-03-23 07:00:00,10004.0,10132.0,10004.0,10004.0,339810,KBS
2020-03-24 07:00:00,9313.0,9313.0,9313.0,9313.0,126240,KBS
2020-03-25 07:00:00,8904.0,9671.0,8674.0,9339.0,2265810,KBS
2020-03-26 07:00:00,9057.0,9390.0,8699.0,8776.0,540620,KBS
2020-03-27 07:00:00,8776.0,9236.0,8776.0,9006.0,1087580,KBS
2020-03-30 07:00:00,8699.0,8725.0,8392.0,8571.0,260930,KBS
2020-03-31 07:00:00,8520.0,8725.0,8315.0,8443.0,535790,KBS
2020-04-01 07:00:00,8443.0,8571.0,8315.0,8520.0,333350,KBS
2020-04-03 07:00:00,8520.0,8622.0,8469.0,8622.0,151630,KBS
2020-04-06 07:00:00,8648.0,9211.0,8648.0,9211.0,1484610,KBS
2020-04-07 07:00:00,9850.0,9850.0,9850.0,9850.0,589390,KBS
2020-04-08 07:00:00,10516.0,10516.0,9646.0,10516.0,4525680,KBS
2020-04-09 07:00:00,10925.0,10925.0,10490.0,10592.0,632030,KBS
2020-04-10 07:00:00,10081.0,10592.0,9978.0,10234.0,416590,KBS
2020-04-13 07:00:00,9876.0,10157.0,9543.0,10081.0,388490,KBS
2020-04-14 07:00:00,9850.0,10004.0,9671.0,9748.0,310550,KBS
2020-04-15 07:00:00,9774.0,10413.0,9774.0,9978.0,544080,KBS
2020-04-16 07:00:00,10055.0,10337.0,9978.0,10132.0,361730,KBS
2020-04-17 07:00:00,10183.0,10823.0,10106.0,10823.0,1349840,KBS
2020-04-20 07:00:00,11258.0,11565.0,11079.0,11258.0,782020,KBS
2020-04-21 07:00:00,10746.0,10951.0,10490.0,10490.0,559210,KBS
2020-04-22 07:00:00,9902.0,10388.0,9825.0,10388.0,512160,KBS
2020-04-23 07:00:00,10695.0,10720.0,10260.0,10592.0,1132730,KBS
2020-04-24 07:00:00,10490.0,10592.0,10183.0,10362.0,486170,KBS
2020-04-27 07:00:00,10465.0,10925.0,10465.0,10746.0,1380210,KBS
2020-04-28 07:00:00,10746.0,10925.0,10311.0,10541.0,799320,KBS
2020-04-29 07:00:00,10848.0,10951.0,10541.0,10848.0,1165090,KBS
2020-05-04 07:00:00,10644.0,10874.0,10413.0,10746.0,817150,KBS
2020-05-05 07:00:00,10285.0,11411.0,10285.0,11232.0,2055150,KBS
2020-05-06 07:00:00,11206.0,11514.0,11104.0,11334.0,1119940,KBS
2020-05-07 07:00:00,11360.0,11360.0,11155.0,11232.0,437810,KBS
2020-05-08 07:00:00,11232.0,11488.0,11104.0,11283.0,1399890,KBS
2020-05-11 07:00:00,11923.0,11923.0,11155.0,11923.0,1762180,KBS
2020-05-12 07:00:00,11974.0,12051.0,11667.0,11948.0,816530,KBS
2020-05-13 07:00:00,11769.0,11821.0,11258.0,11769.0,706410,KBS
2020-05-14 07:00:00,11565.0,11897.0,11360.0,11744.0,1463400,KBS
2020-05-15 07:00:00,11821.0,12025.0,11590.0,11769.0,2601150,KBS
2020-05-18 07:00:00,11565.0,11923.0,11514.0,11769.0,1742090,KBS
2020-05-19 07:00:00,11795.0,11974.0,11641.0,11641.0,2348930,KBS
2020-05-20 07:00:00,11514.0,11590.0,11411.0,11411.0,396480,KBS
2020-05-21 07:00:00,11437.0,11514.0,11283.0,11360.0,409030,KBS
2020-05-22 07:00:00,11411.0,11693.0,11053.0,11641.0,3062460,KBS
2020-05-25 07:00:00,11769.0,12332.0,11718.0,11923.0,2983070,KBS
2020-05-26 07:00:00,11974.0,12102.0,11590.0,12025.0,3532230,KBS
2020-05-27 07:00:00,12025.0,12051.0,11258.0,11258.0,1309960,KBS
2020-05-28 07:00:00,11411.0,11411.0,10746.0,10746.0,2232320,KBS
2020-05-29 07:00:00,10490.0,10899.0,10337.0,10848.0,1420330,KBS
2020-06-01 07:00:00,10899.0,11079.0,10848.0,10925.0,1314330,KBS
2020-06-02 07:00:00,10951.0,11206.0,10797.0,11104.0,1777710,KBS
2020-06-03 07:00:00,11130.0,11206.0,10925.0,11104.0,1225130,KBS
2020-06-04 07:00:00,11130.0,11437.0,11053.0,11309.0,1823700,KBS
2020-06-05 07:00:00,11360.0,11437.0,11232.0,11437.0,1188990,KBS
2020-06-08 07:00:00,11514.0,11948.0,11514.0,11821.0,3087950,KBS
2020-06-09 07:00:00,11769.0,11821.0,11411.0,11590.0,1873080,KBS
2020-06-10 07:00:00,11411.0,12076.0,11334.0,11897.0,4513940,KBS
2020-06-11 07:00:00,11948.0,12051.0,11079.0,11079.0,2076530,KBS
2020-06-12 07:00:00,10311.0,11565.0,10311.0,11565.0,4408330,KBS
2020-06-15 07:00:00,11258.0,11769.0,10772.0,11027.0,3419050,KBS
2020-06-16 07:00:00,11079.0,11232.0,10720.0,11053.0,1735680,KBS
2020-06-17 07:00:00,10592.0,10899.0,10592.0,10746.0,1409400,KBS
2020-06-18 07:00:00,10644.0,10951.0,10362.0,10772.0,1713490,KBS
2020-06-19 07:00:00,10797.0,10899.0,10644.0,10823.0,1640490,KBS
2020-06-22 07:00:00,10951.0,11027.0,10695.0,10976.0,887840,KBS
2020-06-23 07:00:00,10899.0,11693.0,10720.0,11514.0,8649860,KBS
2020-06-24 07:00:00,11283.0,11641.0,11232.0,11488.0,6323650,KBS
2020-06-25 07:00:00,11027.0,11360.0,11002.0,11360.0,2276640,KBS
2020-06-26 07:00:00,11104.0,11360.0,10695.0,11104.0,3146660,KBS
2020-06-29 07:00:00,10746.0,11718.0,10337.0,11718.0,5063080,KBS
2020-06-30 07:00:00,11104.0,11258.0,10899.0,10899.0,1546040,KBS
2020-07-01 07:00:00,10337.0,10899.0,10337.0,10490.0,1815810,KBS
2020-07-02 07:00:00,10567.0,10695.0,10490.0,10516.0,836510,KBS
2020-07-03 07:00:00,10541.0,10951.0,10541.0,10772.0,1162640,KBS
2020-07-06 07:00:00,10772.0,10848.0,10669.0,10772.0,1034150,KBS
2020-07-07 07:00:00,10823.0,10874.0,10618.0,10695.0,2005510,KBS
2020-07-08 07:00:00,10695.0,10695.0,10567.0,10618.0,1054820,KBS
2020-07-09 07:00:00,10776.0,10986.0,10697.0,10933.0,3503900,KBS
2020-07-10 07:00:00,10960.0,11196.0,10828.0,11144.0,3722560,KBS
2020-07-13 07:00:00,11223.0,11590.0,11223.0,11459.0,4143310,KBS
2020-07-14 07:00:00,11485.0,11485.0,11144.0,11223.0,1783480,KBS
2020-07-15 07:00:00,11275.0,11538.0,10986.0,11406.0,4399680,KBS
2020-07-16 07:00:00,11459.0,11669.0,11275.0,11590.0,7149050,KBS
2020-07-17 07:00:00,11538.0,11643.0,11406.0,11590.0,6244180,KBS
2020-07-20 07:00:00,11538.0,11538.0,11301.0,11301.0,1082330,KBS
2020-07-21 07:00:00,11590.0,11985.0,11406.0,11801.0,13123330,KBS
2020-07-22 07:00:00,11643.0,11932.0,11564.0,11669.0,5485880,KBS
2020-07-23 07:00:00,11669.0,11696.0,11459.0,11538.0,1820260,KBS
2020-07-24 07:00:00,11275.0,11328.0,10749.0,10855.0,8373070,KBS
2020-07-27 07:00:00,10145.0,10329.0,10119.0,10119.0,1601960,KBS
2020-07-28 07:00:00,9698.0,10513.0,9462.0,10513.0,6305520,KBS
2020-07-29 07:00:00,10014.0,10092.0,9777.0,9987.0,5571400,KBS
2020-07-30 07:00:00,10014.0,10119.0,9908.0,10014.0,1522620,KBS
2020-07-31 07:00:00,9961.0,10697.0,9330.0,10355.0,9952340,KBS
2020-08-03 07:00:00,10250.0,10539.0,10198.0,10434.0,1722270,KBS
2020-08-04 07:00:00,10513.0,10671.0,10460.0,10513.0,1935400,KBS
2020-08-05 07:00:00,10460.0,10644.0,10276.0,10539.0,2922930,KBS
2020-08-06 07:00:00,10539.0,10592.0,10408.0,10565.0,1293750,KBS
2020-08-07 07:00:00,10592.0,10749.0,10513.0,10697.0,2701620,KBS
2020-08-10 07:00:00,10723.0,10960.0,10671.0,10828.0,3049920,KBS
2020-08-11 07:00:00,10881.0,10881.0,10671.0,10776.0,1338440,KBS
2020-08-12 07:00:00,10802.0,10933.0,10565.0,10776.0,4365390,KBS
2020-08-13 07:00:00,10881.0,10881.0,10697.0,10802.0,2574480,KBS
2020-08-14 07:00:00,10776.0,10802.0,10513.0,10723.0,3644340,KBS
2020-08-17 07:00:00,10644.0,10671.0,10355.0,10513.0,1871920,KBS
2020-08-18 07:00:00,10513.0,10592.0,10460.0,10487.0,1173650,KBS
2020-08-19 07:00:00,10513.0,10644.0,10381.0,10644.0,3694390,KBS
2020-08-20 07:00:00,10644.0,10644.0,10408.0,10513.0,1271000,KBS
2020-08-21 07:00:00,10539.0,10671.0,10408.0,10618.0,4938640,KBS
2020-08-24 07:00:00,10644.0,10802.0,10644.0,10723.0,2746730,KBS
2020-08-25 07:00:00,10749.0,11091.0,10513.0,11039.0,14623570,KBS
2020-08-26 07:00:00,10960.0,11380.0,10828.0,11196.0,8713210,KBS
2020-08-27 07:00:00,11065.0,11354.0,11039.0,11249.0,9663670,KBS
2020-08-28 07:00:00,11223.0,11275.0,11039.0,11223.0,6630540,KBS
2020-08-31 07:00:00,11196.0,11196.0,10881.0,10933.0,3153790,KBS
2020-09-01 07:00:00,10776.0,10960.0,10749.0,10960.0,2694450,KBS
2020-09-03 07:00:00,11065.0,11144.0,10960.0,11012.0,4330970,KBS
2020-09-04 07:00:00,10723.0,11249.0,10723.0,11249.0,5073270,KBS
2020-09-07 07:00:00,11065.0,11091.0,10881.0,10986.0,2811510,KBS
2020-09-08 07:00:00,10986.0,10986.0,10776.0,10960.0,4852250,KBS
2020-09-09 07:00:00,10749.0,10881.0,10749.0,10881.0,2484550,KBS
2020-09-10 07:00:00,10881.0,11117.0,10881.0,11065.0,4471930,KBS
2020-09-11 07:00:00,11091.0,11196.0,11012.0,11065.0,4102210,KBS
2020-09-14 07:00:00,11117.0,11117.0,10933.0,10933.0,1029310,KBS
2020-09-15 07:00:00,10986.0,11012.0,10855.0,10855.0,1224410,KBS
2020-09-16 07:00:00,10881.0,10907.0,10802.0,10802.0,1253180,KBS
2020-09-17 07:00:00,10828.0,10881.0,10776.0,10776.0,1780490,KBS
2020-09-18 07:00:00,10802.0,10907.0,10749.0,10907.0,4061250,KBS
2020-09-21 07:00:00,10960.0,11012.0,10828.0,10960.0,3414820,KBS
2020-09-22 07:00:00,10855.0,11091.0,10749.0,11065.0,9041600,KBS
2020-09-23 07:00:00,11065.0,11065.0,10881.0,10986.0,2853510,KBS
2020-09-24 07:00:00,10855.0,10933.0,10802.0,10855.0,2869380,KBS
2020-09-25 07:00:00,10828.0,10881.0,10697.0,10881.0,3255030,KBS
2020-09-28 07:00:00,10907.0,11065.0,10776.0,11012.0,6870830,KBS
2020-09-29 07:00:00,11485.0,11564.0,11144.0,11301.0,13046320,KBS
2020-09-30 07:00:00,11091.0,11459.0,10960.0,11328.0,15024070,KBS
2020-10-01 07:00:00,11249.0,11354.0,10881.0,11275.0,9975400,KBS
2020-10-02 07:00:00,11065.0,11354.0,10723.0,11354.0,21924910,KBS
2020-10-05 07:00:00,11301.0,11328.0,11091.0,11091.0,2803010,KBS
2020-10-06 07:00:00,11170.0,11354.0,11091.0,11328.0,12978280,KBS
2020-10-07 07:00:00,11144.0,11301.0,11117.0,11144.0,19829730,KBS
2020-10-08 07:00:00,11196.0,11196.0,10855.0,10986.0,11863940,KBS
2020-10-09 07:00:00,11039.0,11249.0,10828.0,11196.0,16097270,KBS
2020-10-12 07:00:00,11328.0,11328.0,10986.0,10986.0,4123850,KBS
2020-10-13 07:00:00,11039.0,11039.0,10881.0,11012.0,8998620,KBS
2020-10-14 07:00:00,10960.0,11223.0,10697.0,11091.0,22840530,KBS
2020-10-15 07:00:00,11117.0,11249.0,10933.0,11039.0,15567050,KBS
2020-10-16 07:00:00,11012.0,11091.0,10776.0,11091.0,14283420,KBS
2020-10-19 07:00:00,10960.0,10960.0,10828.0,10828.0,7497370,KBS
2020-10-20 07:00:00,11012.0,11117.0,10723.0,10986.0,36953630,KBS
2020-10-21 07:00:00,10986.0,11012.0,10723.0,10986.0,13073280,KBS
2020-10-22 07:00:00,10855.0,10907.0,10749.0,10749.0,7023460,KBS
2020-10-23 07:00:00,10776.0,10855.0,10749.0,10776.0,2962630,KBS
2020-10-26 07:00:00,10802.0,10933.0,10539.0,10539.0,11895940,KBS
2020-10-27 07:00:00,10565.0,10644.0,10145.0,10303.0,12793100,KBS
2020-10-28 07:00:00,10171.0,10198.0,9751.0,9987.0,11540740,KBS
2020-10-29 07:00:00,9882.0,9935.0,9724.0,9830.0,3934950,KBS
2020-10-30 07:00:00,9882.0,9935.0,9593.0,9724.0,5839620,KBS
2020-11-02 07:00:00,9777.0,9777.0,9462.0,9462.0,3920940,KBS
2020-11-03 07:00:00,9488.0,9830.0,9488.0,9777.0,4976030,KBS
2020-11-04 07:00:00,9830.0,9935.0,9698.0,9882.0,3617320,KBS
2020-11-05 07:00:00,9830.0,10040.0,9803.0,9882.0,3922890,KBS
2020-11-06 07:00:00,9908.0,9987.0,9777.0,9882.0,3188320,KBS
2020-11-09 07:00:00,9908.0,9935.0,9856.0,9882.0,2326120,KBS
2020-11-10 07:00:00,9935.0,9987.0,9777.0,9882.0,5280320,KBS
2020-11-11 07:00:00,9803.0,9856.0,9698.0,9751.0,7274850,KBS
2020-11-12 07:00:00,9777.0,9856.0,9698.0,9830.0,3366410,KBS
2020-11-13 07:00:00,9830.0,9830.0,9724.0,9803.0,1714110,KBS
2020-11-16 07:00:00,9803.0,9830.0,9514.0,9514.0,3215370,KBS
2020-11-17 07:00:00,9567.0,9856.0,9514.0,9856.0,8399350,KBS
2020-11-18 07:00:00,9777.0,9961.0,9724.0,9908.0,5918250,KBS
2020-11-19 07:00:00,9830.0,10014.0,9751.0,9987.0,8325970,KBS
2020-11-20 07:00:00,10066.0,10671.0,10066.0,10671.0,11655810,KBS
2020-11-23 07:00:00,10881.0,11196.0,10408.0,10960.0,16584510,KBS
2020-11-24 07:00:00,10933.0,10933.0,10513.0,10565.0,8262730,KBS
2020-11-25 07:00:00,10487.0,10618.0,10250.0,10592.0,8672770,KBS
2020-11-26 07:00:00,10671.0,10907.0,10644.0,10855.0,11578480,KBS
2020-11-27 07:00:00,10855.0,10855.0,10618.0,10618.0,5437700,KBS
2020-11-30 07:00:00,10644.0,10749.0,10250.0,10250.0,9693850,KBS
2020-12-01 07:00:00,9935.0,10802.0,9882.0,10802.0,28270800,KBS
2020-12-02 07:00:00,10539.0,10592.0,10408.0,10539.0,12125400,KBS
2020-12-03 07:00:00,10460.0,10539.0,10198.0,10539.0,16912120,KBS
2020-12-04 07:00:00,10355.0,10355.0,10198.0,10355.0,19491690,KBS
2020-12-07 07:00:00,10381.0,10381.0,10119.0,10381.0,23272730,KBS
2020-12-08 07:00:00,10250.0,10303.0,10092.0,10224.0,10095660,KBS
2020-12-09 07:00:00,10224.0,10329.0,9882.0,10329.0,26878490,KBS
2020-12-10 07:00:00,10092.0,10224.0,10040.0,10040.0,2676550,KBS
2020-12-11 07:00:00,10092.0,10171.0,9961.0,10066.0,2133770,KBS
2020-12-14 07:00:00,10198.0,10250.0,10119.0,10119.0,4815760,KBS
2020-12-15 07:00:00,10145.0,10171.0,10040.0,10040.0,4687670,KBS
2020-12-16 07:00:00,10145.0,10145.0,10040.0,10040.0,3987770,KBS
2020-12-17 07:00:00,10040.0,10198.0,9935.0,10066.0,8512500,KBS
2020-12-18 07:00:00,10119.0,10198.0,10066.0,10145.0,5683010,KBS
2020-12-21 07:00:00,10224.0,10250.0,10119.0,10145.0,5875150,KBS
2020-12-22 07:00:00,10145.0,10355.0,10092.0,10276.0,6491870,KBS
2020-12-23 07:00:00,10408.0,10881.0,10224.0,10671.0,12008360,KBS
2020-12-24 07:00:00,10723.0,10881.0,10092.0,10487.0,10796900,KBS
2020-12-25 07:00:00,10460.0,10618.0,10276.0,10513.0,4770700,KBS
2020-12-28 07:00:00,10592.0,10933.0,10539.0,10723.0,9875830,KBS
2020-12-29 07:00:00,10777.0,10939.0,10777.0,10858.0,4892390,KBS
2020-12-30 07:00:00,10939.0,11181.0,10831.0,10885.0,6472720,KBS
2020-12-31 07:00:00,10885.0,10939.0,10723.0,10750.0,5345790,KBS
2021-01-04 07:00:00,10831.0,11020.0,10723.0,10804.0,5695300,KBS
2021-01-05 07:00:00,10777.0,10912.0,10723.0,10804.0,5199100,KBS
2021-01-06 07:00:00,10885.0,11558.0,10804.0,11208.0,19957600,KBS
2021-01-07 07:00:00,11370.0,11531.0,11289.0,11370.0,8550300,KBS
2021-01-08 07:00:00,11504.0,12151.0,11397.0,12151.0,18368900,KBS
2021-01-11 07:00:00,12501.0,12986.0,12394.0,12986.0,12515100,KBS
2021-01-12 07:00:00,13364.0,13714.0,12986.0,13471.0,9784100,KBS
2021-01-13 07:00:00,13364.0,13471.0,13013.0,13013.0,11307600,KBS
2021-01-14 07:00:00,13148.0,13848.0,12959.0,13848.0,11809100,KBS
2021-01-15 07:00:00,14172.0,14441.0,14010.0,14226.0,5956100,KBS
2021-01-18 07:00:00,14064.0,14765.0,13875.0,14091.0,7919300,KBS
2021-01-19 07:00:00,14010.0,14037.0,13121.0,13121.0,10511200,KBS
2021-01-20 07:00:00,13121.0,13364.0,12205.0,12771.0,11910900,KBS
2021-01-21 07:00:00,13067.0,13660.0,12825.0,13660.0,9267500,KBS
2021-01-22 07:00:00,13902.0,14280.0,13660.0,13956.0,8736000,KBS
2021-01-25 07:00:00,13687.0,14172.0,13579.0,13983.0,6660600,KBS
2021-01-26 07:00:00,13983.0,13983.0,13013.0,13094.0,9280400,KBS
2021-01-27 07:00:00,12825.0,13444.0,12340.0,12394.0,8180800,KBS
2021-01-28 07:00:00,11531.0,11909.0,11531.0,11531.0,9232700,KBS
2021-01-29 07:00:00,10777.0,12151.0,10777.0,11828.0,9480600,KBS
2021-02-01 07:00:00,11801.0,12070.0,11020.0,11020.0,8495100,KBS
2021-02-02 07:00:00,11046.0,11585.0,10669.0,11316.0,5477700,KBS
2021-02-03 07:00:00,11478.0,12097.0,11316.0,12097.0,6281900,KBS
2021-02-04 07:00:00,12124.0,12259.0,11855.0,12043.0,5233400,KBS
2021-02-05 07:00:00,12070.0,12394.0,11936.0,12151.0,4129200,KBS
2021-02-08 07:00:00,12124.0,12151.0,11316.0,11316.0,8662500,KBS
2021-02-09 07:00:00,11424.0,11693.0,11100.0,11478.0,4655800,KBS
2021-02-17 07:00:00,11639.0,12043.0,11612.0,11936.0,4564200,KBS
2021-02-18 07:00:00,11936.0,12771.0,11774.0,12663.0,9018700,KBS
2021-02-19 07:00:00,12447.0,12825.0,12421.0,12555.0,3965000,KBS
2021-02-22 07:00:00,12555.0,12744.0,12178.0,12286.0,5735600,KBS
2021-02-23 07:00:00,12286.0,12636.0,12178.0,12394.0,5557800,KBS
2021-02-24 07:00:00,12555.0,12555.0,11909.0,11989.0,6689300,KBS
2021-02-25 07:00:00,12178.0,12232.0,11774.0,11882.0,6209100,KBS
2021-02-26 07:00:00,11693.0,11882.0,11531.0,11747.0,5700300,KBS
2021-03-01 07:00:00,11882.0,12232.0,11801.0,12178.0,3998800,KBS
2021-03-02 07:00:00,12394.0,12447.0,12070.0,12124.0,3712200,KBS
2021-03-03 07:00:00,12070.0,12340.0,12016.0,12259.0,4409600,KBS
2021-03-04 07:00:00,12313.0,12367.0,11639.0,11747.0,4660900,KBS
2021-03-05 07:00:00,11747.0,11963.0,11612.0,11828.0,3965300,KBS
2021-03-08 07:00:00,11909.0,12070.0,11855.0,11882.0,3958100,KBS
2021-03-09 07:00:00,11882.0,12394.0,11720.0,12043.0,5186900,KBS
2021-03-10 07:00:00,12178.0,12286.0,12043.0,12232.0,3988000,KBS
2021-03-11 07:00:00,12394.0,12421.0,12232.0,12286.0,3821800,KBS
2021-03-12 07:00:00,12340.0,12340.0,12124.0,12205.0,3587000,KBS
2021-03-15 07:00:00,12178.0,12367.0,12124.0,12232.0,4015100,KBS
2021-03-16 07:00:00,12259.0,12825.0,12232.0,12717.0,9215400,KBS
2021-03-17 07:00:00,12825.0,13148.0,12744.0,12852.0,6236000,KBS
2021-03-18 07:00:00,12932.0,12932.0,12663.0,12825.0,4200500,KBS
2021-03-19 07:00:00,12717.0,12798.0,12394.0,12394.0,5082700,KBS
2021-03-22 07:00:00,12555.0,12636.0,12394.0,12501.0,3895800,KBS
2021-03-23 07:00:00,12501.0,12501.0,12124.0,12205.0,4431200,KBS
2021-03-24 07:00:00,11989.0,12124.0,11693.0,11801.0,6193600,KBS
2021-03-25 07:00:00,11828.0,11963.0,11612.0,11747.0,4423700,KBS
2021-03-26 07:00:00,11693.0,11801.0,11208.0,11639.0,4888800,KBS
2021-03-29 07:00:00,11801.0,12178.0,11666.0,12070.0,3548900,KBS
2021-03-30 07:00:00,12151.0,12394.0,11963.0,12286.0,4334300,KBS
2021-03-31 07:00:00,12286.0,12690.0,12124.0,12340.0,7797400,KBS
2021-04-01 07:00:00,12394.0,13094.0,12340.0,13067.0,11768100,KBS
2021-04-02 07:00:00,13148.0,13310.0,12798.0,13040.0,10056200,KBS
2021-04-05 07:00:00,13148.0,13337.0,12879.0,13229.0,14249700,KBS
2021-04-06 07:00:00,13040.0,14010.0,12959.0,13956.0,10585700,KBS
2021-04-07 07:00:00,13741.0,14280.0,13552.0,14226.0,10147400,KBS
2021-04-08 07:00:00,14037.0,14037.0,13741.0,14010.0,6876200,KBS
2021-04-09 07:00:00,13795.0,14226.0,13471.0,14226.0,18335900,KBS
2021-04-12 07:00:00,14010.0,14010.0,13768.0,13956.0,13462500,KBS
2021-04-13 07:00:00,13902.0,13902.0,13148.0,13256.0,10375400,KBS
2021-04-14 07:00:00,12986.0,13417.0,12879.0,13202.0,6823100,KBS
2021-04-15 07:00:00,13202.0,13525.0,12906.0,12906.0,6236200,KBS
2021-04-16 07:00:00,12879.0,12879.0,12205.0,12367.0,9160500,KBS
2021-04-19 07:00:00,12340.0,12771.0,12205.0,12582.0,6941800,KBS
2021-04-20 07:00:00,12663.0,12690.0,12259.0,12259.0,4829600,KBS
2021-04-22 07:00:00,12124.0,12313.0,11585.0,11585.0,6153900,KBS
2021-04-23 07:00:00,11585.0,12070.0,11478.0,12016.0,7949700,KBS
2021-04-26 07:00:00,12016.0,12016.0,11585.0,11585.0,4586400,KBS
2021-04-27 07:00:00,11585.0,11909.0,11424.0,11720.0,3400000,KBS
2021-04-28 07:00:00,11720.0,11989.0,11693.0,11855.0,3095800,KBS
2021-04-29 07:00:00,11963.0,11963.0,11693.0,11693.0,3798700,KBS
2021-05-04 07:00:00,11504.0,12367.0,11370.0,12151.0,5824300,KBS
2021-05-05 07:00:00,12286.0,12367.0,12124.0,12124.0,3480600,KBS
2021-05-06 07:00:00,12367.0,12663.0,12232.0,12232.0,6403700,KBS
2021-05-07 07:00:00,12178.0,12205.0,11747.0,11801.0,5665500,KBS
2021-05-10 07:00:00,11639.0,12016.0,11585.0,11774.0,4475900,KBS
2021-05-11 07:00:00,11855.0,12178.0,11855.0,11909.0,4534500,KBS
2021-05-12 07:00:00,11909.0,12070.0,11882.0,12016.0,2713900,KBS
2021-05-13 07:00:00,12043.0,12259.0,11855.0,11855.0,5250600,KBS
2021-05-14 07:00:00,11963.0,12124.0,11855.0,12124.0,4772300,KBS
2021-05-17 07:00:00,12394.0,12447.0,12070.0,12340.0,6798500,KBS
2021-05-18 07:00:00,12259.0,12259.0,11963.0,11963.0,3444400,KBS
2021-05-19 07:00:00,11963.0,12016.0,11747.0,11774.0,4403500,KBS
2021-05-20 07:00:00,11774.0,11828.0,11478.0,11828.0,6730200,KBS
2021-05-21 07:00:00,11801.0,12124.0,11612.0,12124.0,5059200,KBS
2021-05-24 07:00:00,12178.0,12663.0,12043.0,12663.0,11000200,KBS
2021-05-25 07:00:00,12501.0,12690.0,12421.0,12663.0,6501600,KBS
2021-05-26 07:00:00,12501.0,12528.0,12313.0,12394.0,4913400,KBS
2021-05-27 07:00:00,12286.0,12286.0,11855.0,11909.0,5724200,KBS
2021-05-28 07:00:00,11855.0,12205.0,11801.0,12124.0,5430000,KBS
2021-05-31 07:00:00,11963.0,12124.0,11855.0,12016.0,4819600,KBS
2021-06-01 07:00:00,11963.0,11963.0,11747.0,11774.0,6499500,KBS
2021-06-02 07:00:00,11720.0,12016.0,11639.0,11963.0,4469400,KBS
2021-06-03 07:00:00,12124.0,12124.0,11936.0,12043.0,5097100,KBS
2021-06-04 07:00:00,12043.0,12043.0,11855.0,11909.0,4955100,KBS
2021-06-07 07:00:00,12016.0,12394.0,11909.0,12178.0,5843400,KBS
2021-06-08 07:00:00,12205.0,12313.0,11801.0,11801.0,4956000,KBS
2021-06-09 07:00:00,11801.0,11963.0,11720.0,11855.0,4560300,KBS
2021-06-10 07:00:00,11801.0,11909.0,11747.0,11747.0,3864900,KBS
2021-06-11 07:00:00,11747.0,11909.0,11720.0,11801.0,4051100,KBS
2021-06-14 07:00:00,11801.0,12016.0,11720.0,11963.0,7615500,KBS
2021-06-15 07:00:00,12016.0,12016.0,11585.0,12016.0,8303000,KBS
2021-06-16 07:00:00,12043.0,12313.0,11909.0,12124.0,6656300,KBS
2021-06-17 07:00:00,11909.0,12124.0,11909.0,11963.0,3424600,KBS
2021-06-18 07:00:00,12016.0,12798.0,11909.0,12663.0,16894200,KBS
2021-06-21 07:00:00,12663.0,12663.0,12286.0,12286.0,5885900,KBS
2021-06-22 07:00:00,12286.0,12555.0,12205.0,12232.0,5421700,KBS
2021-06-23 07:00:00,12178.0,12232.0,11909.0,11909.0,6701900,KBS
2021-06-24 07:00:00,11909.0,12070.0,11801.0,11936.0,3828100,KBS
2021-06-25 07:00:00,11989.0,12016.0,11801.0,11882.0,4052900,KBS
2021-06-28 07:00:00,11855.0,11936.0,11801.0,11882.0,3853700,KBS
2021-06-29 07:00:00,11855.0,12016.0,11801.0,11801.0,4099900,KBS
2021-06-30 07:00:00,11801.0,11909.0,11774.0,11774.0,2541500,KBS
2021-07-01 07:00:00,11801.0,11855.0,11720.0,11801.0,3459100,KBS
2021-07-02 07:00:00,11828.0,11855.0,11693.0,11774.0,3599400,KBS
2021-07-05 07:00:00,11693.0,11774.0,11424.0,11478.0,5973500,KBS
2021-07-06 07:00:00,11424.0,11531.0,10993.0,11100.0,8454400,KBS
2021-07-07 07:00:00,11073.0,11801.0,10535.0,11801.0,10158200,KBS
2021-07-08 07:00:00,11504.0,11504.0,11208.0,11343.0,3314900,KBS
2021-07-09 07:00:00,11154.0,11181.0,10696.0,10777.0,4030600,KBS
2021-07-12 07:00:00,10669.0,10777.0,10023.0,10103.0,7699900,KBS
2021-07-13 07:00:00,10184.0,10588.0,9969.0,10588.0,5483500,KBS
2021-07-14 07:00:00,10454.0,10642.0,10130.0,10292.0,3969700,KBS
2021-07-15 07:00:00,10184.0,10400.0,10184.0,10319.0,3740900,KBS
2021-07-16 07:00:00,10346.0,10615.0,10292.0,10346.0,4106700,KBS
2021-07-19 07:00:00,9996.0,10292.0,9726.0,9726.0,6864600,KBS
2021-07-20 07:00:00,9753.0,10184.0,9484.0,10157.0,8076300,KBS
2021-07-21 07:00:00,9996.0,10319.0,9969.0,10184.0,11064400,KBS
2021-07-22 07:00:00,10050.0,10346.0,10050.0,10319.0,5776100,KBS
2021-07-23 07:00:00,10238.0,10292.0,9969.0,9969.0,2982900,KBS
2021-07-26 07:00:00,9861.0,10077.0,9753.0,10023.0,2480600,KBS
2021-07-27 07:00:00,10023.0,10184.0,9996.0,10130.0,3805800,KBS
2021-07-28 07:00:00,10023.0,10346.0,9969.0,10319.0,6891300,KBS
2021-07-29 07:00:00,10292.0,10292.0,10157.0,10184.0,2532000,KBS
2021-07-30 07:00:00,10184.0,10481.0,10077.0,10319.0,13089800,KBS
2021-08-02 07:00:00,10238.0,10292.0,10103.0,10130.0,3503100,KBS
2021-08-03 07:00:00,10130.0,10346.0,10050.0,10346.0,8621700,KBS
2021-08-04 07:00:00,10238.0,10292.0,10157.0,10184.0,3176300,KBS
2021-08-05 07:00:00,10130.0,10292.0,10077.0,10211.0,6237000,KBS
2021-08-06 07:00:00,10211.0,10292.0,10103.0,10157.0,6248500,KBS
2021-08-09 07:00:00,10130.0,10238.0,10130.0,10184.0,5071400,KBS
2021-08-10 07:00:00,10319.0,10615.0,10211.0,10588.0,11920900,KBS
2021-08-11 07:00:00,10642.0,10777.0,10615.0,10669.0,7943600,KBS
2021-08-12 07:00:00,10508.0,10588.0,10454.0,10508.0,4621300,KBS
2021-08-13 07:00:00,10454.0,10481.0,10157.0,10454.0,7676500,KBS
2021-08-16 07:00:00,10508.0,10535.0,10346.0,10346.0,5700100,KBS
2021-08-17 07:00:00,10373.0,10373.0,10184.0,10265.0,5232500,KBS
2021-08-18 07:00:00,10184.0,10508.0,10157.0,10400.0,12004700,KBS
2021-08-19 07:00:00,10427.0,10427.0,10211.0,10211.0,3452000,KBS
2021-08-20 07:00:00,10238.0,10292.0,9915.0,10238.0,12077800,KBS
2021-08-23 07:00:00,10077.0,10130.0,9861.0,10130.0,7320600,KBS
2021-08-24 07:00:00,9969.0,10077.0,9807.0,9807.0,5670400,KBS
2021-08-25 07:00:00,9834.0,9969.0,9753.0,9888.0,3090700,KBS
2021-08-26 07:00:00,9915.0,9942.0,9807.0,9861.0,2099200,KBS
2021-08-27 07:00:00,9807.0,9942.0,9672.0,9915.0,3817000,KBS
2021-08-30 07:00:00,10292.0,10346.0,10077.0,10238.0,13644300,KBS
2021-08-31 07:00:00,10238.0,10696.0,10077.0,10508.0,15861400,KBS
2021-09-01 07:00:00,10481.0,10669.0,10400.0,10588.0,7135100,KBS
2021-09-06 07:00:00,10588.0,10966.0,10481.0,10858.0,10601700,KBS
2021-09-07 07:00:00,10858.0,10858.0,10427.0,10454.0,8171000,KBS
2021-09-08 07:00:00,10454.0,10454.0,10050.0,10238.0,11728700,KBS
2021-09-09 07:00:00,10103.0,10265.0,9969.0,9969.0,13850600,KBS
2021-09-10 07:00:00,10652.0,10652.0,10652.0,10652.0,2452800,KBS
2021-09-13 07:00:00,11397.0,11397.0,10714.0,10714.0,16053900,KBS
2021-09-14 07:00:00,10621.0,10931.0,10404.0,10838.0,11365200,KBS
2021-09-15 07:00:00,10838.0,11056.0,10838.0,11056.0,7235800,KBS
2021-09-16 07:00:00,10900.0,10994.0,10621.0,10621.0,10089100,KBS
2021-09-17 07:00:00,10559.0,10683.0,10559.0,10683.0,8268700,KBS
2021-09-20 07:00:00,10745.0,10807.0,10590.0,10714.0,6135300,KBS
2021-09-21 07:00:00,10559.0,10807.0,10497.0,10683.0,7047600,KBS
2021-09-22 07:00:00,10683.0,10714.0,10590.0,10714.0,4641600,KBS
2021-09-23 07:00:00,10807.0,10994.0,10745.0,10963.0,22367000,KBS
2021-09-24 07:00:00,10994.0,11366.0,10900.0,11211.0,15939900,KBS
2021-09-27 07:00:00,11242.0,11273.0,10963.0,11118.0,8061100,KBS
2021-09-28 07:00:00,11056.0,11335.0,10776.0,11211.0,17649000,KBS
2021-09-29 07:00:00,10994.0,11056.0,10776.0,11056.0,12156900,KBS
2021-09-30 07:00:00,10994.0,11087.0,10807.0,11087.0,9729900,KBS
2021-10-01 07:00:00,10900.0,11118.0,10838.0,11118.0,12410500,KBS
2021-10-04 07:00:00,11056.0,11056.0,10807.0,10869.0,13891100,KBS
2021-10-05 07:00:00,10807.0,10963.0,10745.0,10900.0,11175800,KBS
2021-10-06 07:00:00,10931.0,10963.0,10807.0,10931.0,9667900,KBS
2021-10-07 07:00:00,10963.0,10963.0,10745.0,10745.0,4972300,KBS
2021-10-08 07:00:00,10745.0,10807.0,10590.0,10590.0,4597300,KBS
2021-10-11 07:00:00,10590.0,10621.0,10497.0,10559.0,4623500,KBS
2021-10-12 07:00:00,10590.0,10745.0,10590.0,10683.0,4003700,KBS
2021-10-13 07:00:00,10714.0,10745.0,10621.0,10621.0,9069500,KBS
2021-10-14 07:00:00,10621.0,10714.0,10590.0,10652.0,6255200,KBS
2021-10-15 07:00:00,10652.0,10683.0,10528.0,10590.0,6120300,KBS
2021-10-18 07:00:00,10590.0,10621.0,10404.0,10404.0,4559600,KBS
2021-10-19 07:00:00,10404.0,10435.0,10279.0,10279.0,4908800,KBS
2021-10-20 07:00:00,10279.0,10466.0,10279.0,10341.0,3350700,KBS
2021-10-21 07:00:00,10372.0,10404.0,10310.0,10341.0,2084800,KBS
2021-10-22 07:00:00,10372.0,10776.0,10310.0,10559.0,10344600,KBS
2021-10-25 07:00:00,10590.0,10714.0,10559.0,10559.0,4294200,KBS
2021-10-26 07:00:00,10497.0,10559.0,10435.0,10466.0,2654600,KBS
2021-10-27 07:00:00,10497.0,10652.0,10466.0,10528.0,5648500,KBS
2021-10-28 07:00:00,10590.0,10931.0,10528.0,10807.0,12470100,KBS
2021-10-29 07:00:00,10900.0,11180.0,10838.0,11087.0,10596800,KBS
2021-11-01 07:00:00,11180.0,11739.0,11180.0,11708.0,12784500,KBS
2021-11-02 07:00:00,11801.0,12081.0,11615.0,11832.0,10275000,KBS
2021-11-03 07:00:00,11832.0,11894.0,11180.0,11180.0,13562100,KBS
2021-11-04 07:00:00,11087.0,11459.0,10994.0,11180.0,7136400,KBS
2021-11-05 07:00:00,11242.0,11553.0,11211.0,11490.0,4875600,KBS
2021-11-08 07:00:00,11615.0,11956.0,11522.0,11739.0,7977500,KBS
2021-11-09 07:00:00,11801.0,11894.0,11490.0,11522.0,5826600,KBS
2021-11-10 07:00:00,11553.0,11987.0,11397.0,11894.0,9490800,KBS
2021-11-11 07:00:00,12112.0,12702.0,11987.0,12702.0,11892600,KBS
2021-11-12 07:00:00,13571.0,13571.0,13571.0,13571.0,3171900,KBS
2021-11-15 07:00:00,14503.0,14503.0,13664.0,14503.0,13292400,KBS
2021-11-16 07:00:00,14161.0,15155.0,14037.0,14472.0,19447800,KBS
2021-11-17 07:00:00,14472.0,14813.0,14192.0,14782.0,10150200,KBS
2021-11-18 07:00:00,14907.0,15807.0,14907.0,15807.0,10446100,KBS
2021-11-19 07:00:00,16739.0,16801.0,14782.0,15931.0,18315800,KBS
2021-11-22 07:00:00,15931.0,15931.0,14844.0,14844.0,11367700,KBS
2021-11-23 07:00:00,14037.0,15186.0,13975.0,14596.0,14210100,KBS
2021-11-24 07:00:00,14813.0,14907.0,13975.0,13975.0,8399600,KBS
2021-11-25 07:00:00,13789.0,14938.0,13478.0,14938.0,32436200,KBS
2021-11-26 07:00:00,15403.0,15714.0,14441.0,14596.0,12139200,KBS
2021-11-29 07:00:00,14348.0,14875.0,14223.0,14472.0,12092000,KBS
2021-11-30 07:00:00,14720.0,15466.0,14410.0,15124.0,21997200,KBS
2021-12-01 07:00:00,15217.0,15838.0,14907.0,15093.0,9755200,KBS
2021-12-02 07:00:00,15217.0,15403.0,14907.0,14907.0,8821600,KBS
2021-12-03 07:00:00,15031.0,15062.0,13882.0,13882.0,20222300,KBS
2021-12-06 07:00:00,13882.0,14006.0,12919.0,12919.0,17370800,KBS
2021-12-07 07:00:00,13043.0,13385.0,12888.0,13136.0,9493500,KBS
2021-12-08 07:00:00,13261.0,13385.0,12950.0,12950.0,9614600,KBS
2021-12-09 07:00:00,12919.0,13851.0,12857.0,13851.0,12833800,KBS
2021-12-10 07:00:00,13975.0,14006.0,13509.0,13664.0,10084500,KBS
2021-12-13 07:00:00,13913.0,14596.0,13664.0,14596.0,13827100,KBS
2021-12-14 07:00:00,14844.0,15341.0,14503.0,14907.0,15745100,KBS
2021-12-15 07:00:00,14907.0,15403.0,14658.0,14938.0,14284700,KBS
2021-12-16 07:00:00,15155.0,15807.0,14907.0,15590.0,18511100,KBS
2021-12-17 07:00:00,15745.0,16118.0,15528.0,15652.0,19955400,KBS
2021-12-20 07:00:00,15528.0,15900.0,15124.0,15341.0,15361200,KBS
2021-12-21 07:00:00,15217.0,16397.0,15031.0,16397.0,18649200,KBS
2021-12-22 07:00:00,17018.0,17515.0,16863.0,17515.0,22269500,KBS
2021-12-23 07:00:00,17546.0,17950.0,16801.0,17298.0,22117400,KBS
2021-12-24 07:00:00,17205.0,17950.0,16521.0,17174.0,14379900,KBS
2021-12-27 07:00:00,17205.0,18354.0,16708.0,18354.0,18229300,KBS
2021-12-28 07:00:00,18820.0,18882.0,17795.0,18229.0,12565600,KBS
2021-12-29 07:00:00,18229.0,18292.0,17702.0,17702.0,9407300,KBS
2021-12-30 07:00:00,17422.0,18136.0,17391.0,17484.0,11050700,KBS
2021-12-31 07:00:00,17484.0,17702.0,16894.0,17049.0,12983100,KBS
2022-01-04 07:00:00,17267.0,17981.0,17018.0,17453.0,10533500,KBS
2022-01-05 07:00:00,17702.0,18198.0,17484.0,17577.0,12020700,KBS
2022-01-06 07:00:00,17391.0,18261.0,17329.0,18012.0,16472400,KBS
2022-01-07 07:00:00,18198.0,18261.0,17702.0,17702.0,11140800,KBS
2022-01-10 07:00:00,17702.0,18913.0,17205.0,17391.0,24750500,KBS
2022-01-11 07:00:00,17702.0,18074.0,17391.0,17577.0,16555300,KBS
2022-01-12 07:00:00,17298.0,17639.0,16366.0,16366.0,25635900,KBS
2022-01-13 07:00:00,16702.0,16735.0,15226.0,15293.0,15361800,KBS
2022-01-14 07:00:00,14756.0,16232.0,14756.0,15964.0,10540400,KBS
2022-01-17 07:00:00,15964.0,16165.0,14857.0,14857.0,9776400,KBS
2022-01-18 07:00:00,14756.0,14823.0,13817.0,13817.0,9533000,KBS
2022-01-19 07:00:00,13683.0,14387.0,13683.0,14019.0,8403900,KBS
2022-01-20 07:00:00,14220.0,14991.0,14086.0,14991.0,4749700,KBS
2022-01-21 07:00:00,15293.0,15494.0,14790.0,15226.0,7814300,KBS
2022-01-24 07:00:00,14891.0,15025.0,14186.0,14186.0,7735400,KBS
2022-01-25 07:00:00,13951.0,14354.0,13482.0,14253.0,7052800,KBS
2022-01-26 07:00:00,14354.0,14421.0,13281.0,13281.0,11562000,KBS
2022-01-27 07:00:00,13147.0,13683.0,12945.0,13080.0,5029400,KBS
2022-01-28 07:00:00,13415.0,13415.0,12509.0,13247.0,5942100,KBS
2022-02-07 07:00:00,13482.0,13985.0,13448.0,13717.0,3212800,KBS
2022-02-08 07:00:00,13717.0,13951.0,13482.0,13683.0,4625000,KBS
2022-02-09 07:00:00,13683.0,14287.0,13583.0,14119.0,6708900,KBS
2022-02-10 07:00:00,14253.0,14522.0,14052.0,14086.0,4121200,KBS
2022-02-11 07:00:00,13951.0,14119.0,13817.0,13884.0,3904100,KBS
2022-02-14 07:00:00,13448.0,13951.0,13448.0,13616.0,5391000,KBS
2022-02-15 07:00:00,13616.0,14019.0,13616.0,13918.0,3551200,KBS
2022-02-16 07:00:00,13985.0,14891.0,13985.0,14656.0,12077500,KBS
2022-02-17 07:00:00,14656.0,14823.0,14522.0,14589.0,5242900,KBS
2022-02-18 07:00:00,14421.0,15092.0,14320.0,15092.0,9121900,KBS
2022-02-21 07:00:00,15159.0,15662.0,15159.0,15192.0,10950300,KBS
2022-02-22 07:00:00,14891.0,15125.0,14421.0,14723.0,10909400,KBS
2022-02-23 07:00:00,14756.0,15025.0,14723.0,14756.0,5516200,KBS
2022-02-24 07:00:00,14622.0,14924.0,13750.0,14287.0,12740200,KBS
2022-02-25 07:00:00,14488.0,14756.0,14387.0,14455.0,6127500,KBS
2022-02-28 07:00:00,14455.0,14522.0,14253.0,14320.0,4824400,KBS
2022-03-01 07:00:00,14320.0,14857.0,14253.0,14488.0,7163500,KBS
2022-03-02 07:00:00,14387.0,14656.0,14086.0,14186.0,8764300,KBS
2022-03-03 07:00:00,14253.0,14522.0,14153.0,14354.0,5453800,KBS
2022-03-04 07:00:00,14320.0,14924.0,14253.0,14823.0,11718300,KBS
2022-03-07 07:00:00,14823.0,15092.0,14589.0,14958.0,8377200,KBS
2022-03-08 07:00:00,14689.0,15360.0,14622.0,14622.0,10571600,KBS
2022-03-09 07:00:00,14622.0,14790.0,14287.0,14387.0,8513800,KBS
2022-03-10 07:00:00,14656.0,14656.0,14421.0,14455.0,4836400,KBS
2022-03-11 07:00:00,14320.0,14455.0,14019.0,14086.0,7488000,KBS
2022-03-14 07:00:00,14019.0,14052.0,13482.0,13482.0,8490900,KBS
2022-03-15 07:00:00,13583.0,13784.0,13549.0,13683.0,4255300,KBS
2022-03-16 07:00:00,13884.0,13951.0,13750.0,13750.0,2980000,KBS
2022-03-17 07:00:00,13985.0,14253.0,13817.0,13918.0,3493800,KBS
2022-03-18 07:00:00,14019.0,14186.0,13884.0,13884.0,4019700,KBS
2022-03-21 07:00:00,13951.0,14320.0,13951.0,14287.0,5670900,KBS
2022-03-22 07:00:00,14421.0,14421.0,14153.0,14153.0,6476300,KBS
2022-03-23 07:00:00,14153.0,14220.0,14019.0,14086.0,6193900,KBS
2022-03-24 07:00:00,14086.0,14421.0,13884.0,14253.0,6299700,KBS
2022-03-25 07:00:00,14354.0,14891.0,14253.0,14689.0,13311200,KBS
2022-03-28 07:00:00,14421.0,14656.0,13951.0,14086.0,7782400,KBS
2022-03-29 07:00:00,14287.0,14421.0,14153.0,14354.0,4457900,KBS
2022-03-30 07:00:00,14086.0,14320.0,13616.0,13650.0,10521500,KBS
2022-03-31 07:00:00,13817.0,13884.0,13515.0,13549.0,4632800,KBS
2022-04-01 07:00:00,13482.0,13951.0,13415.0,13884.0,4074500,KBS
2022-04-04 07:00:00,14019.0,14019.0,13784.0,13817.0,3408500,KBS
2022-04-05 07:00:00,13817.0,13884.0,13650.0,13650.0,4617200,KBS
2022-04-06 07:00:00,13515.0,13750.0,13415.0,13549.0,5242700,KBS
2022-04-07 07:00:00,13549.0,13650.0,13281.0,13281.0,5987700,KBS
2022-04-08 07:00:00,13381.0,13381.0,12744.0,12744.0,6189500,KBS
2022-04-12 07:00:00,12744.0,13046.0,12610.0,12610.0,4946500,KBS
2022-04-13 07:00:00,12744.0,12845.0,12275.0,12677.0,4082500,KBS
2022-04-14 07:00:00,12744.0,12878.0,12543.0,12543.0,2376200,KBS
2022-04-15 07:00:00,12543.0,12711.0,11939.0,12107.0,3978600,KBS
2022-04-18 07:00:00,12073.0,12140.0,11268.0,11268.0,8575900,KBS
2022-04-19 07:00:00,11336.0,11503.0,10497.0,10497.0,4983200,KBS
2022-04-20 07:00:00,10497.0,10967.0,10262.0,10464.0,6342000,KBS
2022-04-21 07:00:00,10296.0,10732.0,9961.0,10329.0,5306500,KBS
2022-04-22 07:00:00,10598.0,10833.0,10195.0,10631.0,3327400,KBS
2022-04-25 07:00:00,10598.0,10866.0,9893.0,9893.0,5830400,KBS
2022-04-26 07:00:00,9893.0,10430.0,9659.0,10430.0,4656300,KBS
2022-04-27 07:00:00,10363.0,10698.0,10195.0,10665.0,2749900,KBS
2022-04-28 07:00:00,10698.0,10833.0,10497.0,10531.0,2928300,KBS
2022-04-29 07:00:00,10430.0,10866.0,10430.0,10799.0,4207500,KBS
2022-05-04 07:00:00,10631.0,10833.0,10430.0,10464.0,3402000,KBS
2022-05-05 07:00:00,10698.0,10698.0,10262.0,10363.0,2516400,KBS
2022-05-06 07:00:00,10061.0,10329.0,9927.0,9927.0,3161700,KBS
2022-05-09 07:00:00,9726.0,9793.0,9256.0,9256.0,5816300,KBS
2022-05-10 07:00:00,8720.0,9223.0,8653.0,9223.0,4559900,KBS
2022-05-11 07:00:00,9256.0,9525.0,9156.0,9323.0,3095400,KBS
2022-05-12 07:00:00,9290.0,9357.0,8686.0,8686.0,4013800,KBS
2022-05-13 07:00:00,8451.0,8787.0,8082.0,8082.0,9217100,KBS
2022-05-16 07:00:00,8250.0,8518.0,7982.0,8015.0,4056300,KBS
2022-05-17 07:00:00,8082.0,8552.0,7982.0,8552.0,5205900,KBS
2022-05-18 07:00:00,8720.0,9022.0,8686.0,8753.0,4522500,KBS
2022-05-19 07:00:00,8451.0,8753.0,8451.0,8686.0,3039100,KBS
2022-05-20 07:00:00,8686.0,9089.0,8653.0,8921.0,4081400,KBS
2022-05-23 07:00:00,9055.0,9055.0,8418.0,8485.0,3882200,KBS
2022-05-24 07:00:00,8518.0,8619.0,8217.0,8518.0,3505100,KBS
2022-05-25 07:00:00,8586.0,9089.0,8586.0,9089.0,6590700,KBS
2022-05-26 07:00:00,9156.0,9457.0,9156.0,9323.0,6406800,KBS
2022-05-27 07:00:00,9357.0,9424.0,9256.0,9357.0,4061400,KBS
2022-05-30 07:00:00,9457.0,9525.0,9290.0,9323.0,3129200,KBS
2022-05-31 07:00:00,9256.0,9357.0,9156.0,9156.0,3769600,KBS
2022-06-01 07:00:00,9156.0,9290.0,8988.0,9156.0,2791800,KBS
2022-06-02 07:00:00,9156.0,9256.0,8753.0,8787.0,4340400,KBS
2022-06-03 07:00:00,8787.0,8921.0,8653.0,8686.0,2316700,KBS
2022-06-06 07:00:00,8686.0,8820.0,8451.0,8451.0,3302000,KBS
2022-06-07 07:00:00,8451.0,8552.0,8250.0,8518.0,4158400,KBS
2022-06-08 07:00:00,8619.0,8921.0,8586.0,8854.0,2588900,KBS
2022-06-09 07:00:00,8854.0,9256.0,8653.0,9055.0,3561300,KBS
2022-06-10 07:00:00,8854.0,9323.0,8787.0,8921.0,4344100,KBS
2022-06-13 07:00:00,8518.0,8753.0,8317.0,8317.0,4793200,KBS
2022-06-14 07:00:00,8250.0,8418.0,8049.0,8150.0,3270300,KBS
2022-06-15 07:00:00,8183.0,8317.0,7579.0,7714.0,6207500,KBS
2022-06-16 07:00:00,7982.0,8049.0,7646.0,7646.0,3057900,KBS
2022-06-17 07:00:00,7311.0,7512.0,7143.0,7143.0,7156100,KBS
2022-06-20 07:00:00,6976.0,7210.0,6647.0,6647.0,7388400,KBS
2022-06-21 07:00:00,6218.0,6775.0,6218.0,6640.0,4828000,KBS
2022-06-22 07:00:00,6909.0,7076.0,6775.0,7076.0,4373700,KBS
2022-06-23 07:00:00,7110.0,7244.0,7043.0,7177.0,3035900,KBS
2022-06-24 07:00:00,7110.0,7278.0,7076.0,7076.0,3070300,KBS
2022-06-27 07:00:00,7210.0,7546.0,7076.0,7546.0,4720800,KBS
2022-06-28 07:00:00,7613.0,7915.0,7546.0,7714.0,4416900,KBS
2022-06-29 07:00:00,7546.0,7747.0,7378.0,7512.0,3271400,KBS
2022-06-30 07:00:00,7479.0,7680.0,7177.0,7177.0,4799400,KBS
2022-07-01 07:00:00,7177.0,7412.0,6909.0,7345.0,4121000,KBS
2022-07-04 07:00:00,7546.0,7546.0,7311.0,7412.0,2272900,KBS
2022-07-05 07:00:00,7412.0,7445.0,7110.0,7110.0,2952100,KBS
2022-07-06 07:00:00,6909.0,7345.0,6909.0,6942.0,3775300,KBS
2022-07-07 07:00:00,7043.0,7143.0,6909.0,7043.0,2908500,KBS
2022-07-08 07:00:00,7177.0,7512.0,7110.0,7512.0,7427000,KBS
2022-07-11 07:00:00,7512.0,7680.0,7378.0,7479.0,3634900,KBS
2022-07-12 07:00:00,7512.0,7814.0,7479.0,7781.0,5054500,KBS
2022-07-13 07:00:00,7781.0,7848.0,7613.0,7613.0,4410700,KBS
2022-07-14 07:00:00,7579.0,7881.0,7546.0,7747.0,3974500,KBS
2022-07-15 07:00:00,7848.0,8150.0,7814.0,7948.0,5997300,KBS
2022-07-18 07:00:00,7982.0,8116.0,7848.0,7881.0,4590200,KBS
2022-07-19 07:00:00,7848.0,7915.0,7646.0,7848.0,3861900,KBS
2022-07-20 07:00:00,8049.0,8384.0,7948.0,8150.0,6627400,KBS
2022-07-21 07:00:00,8183.0,8250.0,7948.0,7982.0,2961300,KBS
2022-07-22 07:00:00,8051.0,8119.0,7913.0,7913.0,2286300,KBS
2022-07-25 07:00:00,7879.0,7913.0,7741.0,7810.0,2007500,KBS
2022-07-26 07:00:00,7844.0,7947.0,7775.0,7810.0,1477800,KBS
2022-07-27 07:00:00,7707.0,7982.0,7707.0,7947.0,2503800,KBS
2022-07-28 07:00:00,8154.0,8257.0,8051.0,8119.0,4161300,KBS
2022-07-29 07:00:00,8154.0,8257.0,8051.0,8119.0,2847800,KBS
2022-08-01 07:00:00,8119.0,8464.0,8085.0,8429.0,5826800,KBS
2022-08-02 07:00:00,8429.0,8601.0,8326.0,8464.0,5297000,KBS
2022-08-03 07:00:00,8395.0,8464.0,8326.0,8464.0,7038500,KBS
2022-08-04 07:00:00,8498.0,8739.0,8429.0,8567.0,7074100,KBS
2022-08-05 07:00:00,8601.0,8601.0,8429.0,8567.0,3113600,KBS
2022-08-08 07:00:00,8601.0,8704.0,8464.0,8464.0,4598900,KBS
2022-08-09 07:00:00,8464.0,8842.0,8464.0,8636.0,8430600,KBS
2022-08-10 07:00:00,8636.0,8808.0,8601.0,8670.0,3739300,KBS
2022-08-11 07:00:00,8773.0,8808.0,8395.0,8429.0,4695600,KBS
2022-08-12 07:00:00,8429.0,8567.0,8326.0,8498.0,3099500,KBS
2022-08-15 07:00:00,8601.0,8670.0,8498.0,8567.0,3612900,KBS
2022-08-16 07:00:00,8532.0,8601.0,8464.0,8532.0,2811000,KBS
2022-08-17 07:00:00,8601.0,8773.0,8464.0,8498.0,4672800,KBS
2022-08-18 07:00:00,8498.0,8498.0,8360.0,8360.0,2879100,KBS
2022-08-19 07:00:00,8360.0,8464.0,8223.0,8223.0,3466600,KBS
2022-08-22 07:00:00,8223.0,8257.0,8016.0,8016.0,3048100,KBS
2022-08-23 07:00:00,7982.0,8291.0,7913.0,8291.0,2415200,KBS
2022-08-24 07:00:00,8291.0,8360.0,8257.0,8326.0,2986700,KBS
2022-08-25 07:00:00,8395.0,8601.0,8326.0,8567.0,5028900,KBS
2022-08-26 07:00:00,8670.0,8876.0,8532.0,8601.0,7969500,KBS
2022-08-29 07:00:00,8360.0,8429.0,8154.0,8326.0,4854400,KBS
2022-08-30 07:00:00,8429.0,8429.0,8188.0,8188.0,3103200,KBS
2022-08-31 07:00:00,8257.0,8395.0,8154.0,8326.0,3064800,KBS
2022-09-05 07:00:00,8326.0,8395.0,8223.0,8257.0,2112300,KBS
2022-09-06 07:00:00,8257.0,8326.0,8223.0,8223.0,2939000,KBS
2022-09-07 07:00:00,8223.0,8257.0,7672.0,7913.0,5326100,KBS
2022-09-08 07:00:00,7982.0,8016.0,7638.0,7707.0,3460000,KBS
2022-09-09 07:00:00,7775.0,7844.0,7500.0,7638.0,3580400,KBS
2022-09-12 07:00:00,7775.0,7844.0,7569.0,7638.0,3282900,KBS
2022-09-13 07:00:00,7707.0,7775.0,7535.0,7638.0,2756400,KBS
2022-09-14 07:00:00,7466.0,7603.0,7363.0,7535.0,3790600,KBS
2022-09-15 07:00:00,7638.0,7638.0,7500.0,7535.0,1868600,KBS
2022-09-16 07:00:00,7535.0,7535.0,7259.0,7294.0,2386100,KBS
2022-09-19 07:00:00,7363.0,7363.0,6881.0,6881.0,4197400,KBS
2022-09-20 07:00:00,7019.0,7191.0,6881.0,7191.0,3474400,KBS
2022-09-21 07:00:00,7156.0,7431.0,7087.0,7397.0,4299300,KBS
2022-09-22 07:00:00,7363.0,7707.0,7294.0,7672.0,4084000,KBS
2022-09-23 07:00:00,7741.0,7810.0,7466.0,7569.0,3628900,KBS
2022-09-26 07:00:00,7500.0,7947.0,7466.0,7879.0,10167700,KBS
2022-09-27 07:00:00,8119.0,8429.0,7982.0,8326.0,11456500,KBS
2022-09-28 07:00:00,8464.0,8532.0,7844.0,8016.0,9967100,KBS
2022-09-29 07:00:00,8188.0,8223.0,7466.0,7466.0,6448000,KBS
2022-09-30 07:00:00,7466.0,7775.0,7087.0,7775.0,7665300,KBS
2022-10-03 07:00:00,7741.0,8051.0,7328.0,7431.0,7455900,KBS
2022-10-04 07:00:00,7638.0,7707.0,7294.0,7363.0,5089500,KBS
2022-10-05 07:00:00,7569.0,7707.0,7500.0,7569.0,4233400,KBS
2022-10-06 07:00:00,7603.0,7672.0,7053.0,7053.0,6043800,KBS
2022-10-07 07:00:00,6950.0,6984.0,6571.0,6578.0,7130900,KBS
2022-10-10 07:00:00,6468.0,6881.0,6468.0,6881.0,4256100,KBS
2022-10-11 07:00:00,6812.0,6881.0,6399.0,6399.0,4323700,KBS
2022-10-12 07:00:00,6330.0,6833.0,6330.0,6716.0,3330700,KBS
2022-10-13 07:00:00,6716.0,6805.0,6599.0,6688.0,1727300,KBS
2022-10-14 07:00:00,6860.0,6881.0,6633.0,6688.0,3257900,KBS
2022-10-17 07:00:00,6681.0,6736.0,6475.0,6633.0,2050900,KBS
2022-10-18 07:00:00,6743.0,7053.0,6730.0,6819.0,4053300,KBS
2022-10-19 07:00:00,6881.0,6950.0,6771.0,6785.0,1218300,KBS
2022-10-20 07:00:00,6778.0,6785.0,6599.0,6681.0,2114100,KBS
2022-10-21 07:00:00,6743.0,6743.0,6227.0,6227.0,4515900,KBS
2022-10-24 07:00:00,6317.0,6461.0,5794.0,5794.0,7472400,KBS
2022-10-25 07:00:00,5608.0,5980.0,5415.0,5539.0,6034800,KBS
2022-10-26 07:00:00,5642.0,5746.0,5195.0,5195.0,4717700,KBS
2022-10-27 07:00:00,5216.0,5553.0,5161.0,5553.0,3628000,KBS
2022-10-28 07:00:00,5649.0,5869.0,5615.0,5663.0,3192000,KBS
2022-10-31 07:00:00,5711.0,5711.0,5340.0,5505.0,4862100,KBS
2022-11-01 07:00:00,5663.0,5711.0,5505.0,5594.0,2504300,KBS
2022-11-02 07:00:00,5601.0,5697.0,5525.0,5539.0,2003800,KBS
2022-11-03 07:00:00,5436.0,5539.0,5367.0,5402.0,2199800,KBS
2022-11-04 07:00:00,5367.0,5402.0,5030.0,5030.0,6433600,KBS
2022-11-07 07:00:00,4927.0,5071.0,4679.0,4679.0,6708400,KBS
2022-11-08 07:00:00,4789.0,4989.0,4686.0,4989.0,6362900,KBS
2022-11-09 07:00:00,5154.0,5326.0,5126.0,5223.0,5550500,KBS
2022-11-10 07:00:00,5161.0,5223.0,4858.0,4858.0,8050300,KBS
2022-11-11 07:00:00,5023.0,5085.0,4521.0,4521.0,7148400,KBS
2022-11-14 07:00:00,4211.0,4362.0,4211.0,4211.0,8490000,KBS
2022-11-15 07:00:00,3922.0,4060.0,3922.0,3922.0,5079500,KBS
2022-11-16 07:00:00,3654.0,4190.0,3654.0,4190.0,11014000,KBS
2022-11-17 07:00:00,4459.0,4479.0,4335.0,4479.0,6806700,KBS
2022-11-18 07:00:00,4576.0,4789.0,4197.0,4789.0,12621900,KBS
2022-11-21 07:00:00,4954.0,5119.0,4920.0,5119.0,5389400,KBS
2022-11-22 07:00:00,5477.0,5477.0,5367.0,5477.0,15182100,KBS
2022-11-23 07:00:00,5484.0,5752.0,5353.0,5463.0,9814300,KBS
2022-11-24 07:00:00,5367.0,5615.0,5333.0,5574.0,5618900,KBS
2022-11-25 07:00:00,5780.0,5931.0,5649.0,5931.0,7036600,KBS
2022-11-28 07:00:00,6124.0,6344.0,6069.0,6344.0,8110800,KBS
2022-11-29 07:00:00,6468.0,6468.0,6055.0,6234.0,12608100,KBS
2022-11-30 07:00:00,6234.0,6427.0,6158.0,6262.0,9832700,KBS
2022-12-01 07:00:00,6650.0,6650.0,6182.0,6206.0,10810500,KBS
2022-12-02 07:00:00,6000.0,6349.0,5865.0,6341.0,10129300,KBS
2022-12-05 07:00:00,6491.0,6571.0,6143.0,6143.0,9502000,KBS
2022-12-06 07:00:00,6024.0,6063.0,5715.0,5715.0,15093700,KBS
2022-12-07 07:00:00,5485.0,5715.0,5318.0,5318.0,9409600,KBS
2022-12-08 07:00:00,5469.0,5683.0,5469.0,5683.0,9388700,KBS
2022-12-09 07:00:00,5746.0,5754.0,5596.0,5659.0,3650800,KBS
2022-12-12 07:00:00,5635.0,5873.0,5588.0,5604.0,7067100,KBS
2022-12-13 07:00:00,5588.0,5778.0,5517.0,5778.0,4736700,KBS
2022-12-14 07:00:00,5937.0,6182.0,5849.0,6182.0,9615100,KBS
2022-12-15 07:00:00,6262.0,6381.0,6079.0,6095.0,8297500,KBS
2022-12-16 07:00:00,5905.0,6262.0,5905.0,6262.0,7958800,KBS
2022-12-19 07:00:00,6262.0,6317.0,5826.0,5826.0,8986800,KBS
2022-12-20 07:00:00,5754.0,5905.0,5469.0,5548.0,8598700,KBS
2022-12-21 07:00:00,5746.0,5746.0,5223.0,5477.0,5446200,KBS
2022-12-22 07:00:00,5596.0,5667.0,5310.0,5548.0,2816200,KBS
2022-12-23 07:00:00,5548.0,5588.0,5437.0,5517.0,1941900,KBS
2022-12-26 07:00:00,5469.0,5509.0,5136.0,5136.0,3968400,KBS
2022-12-27 07:00:00,5152.0,5469.0,5112.0,5469.0,3087900,KBS
2022-12-28 07:00:00,5509.0,5548.0,5390.0,5469.0,1890700,KBS
2022-12-29 07:00:00,5453.0,5620.0,5390.0,5437.0,2045900,KBS
2022-12-30 07:00:00,5477.0,5477.0,5231.0,5382.0,2016200,KBS
2023-01-03 07:00:00,5382.0,5715.0,5382.0,5715.0,4228100,KBS
2023-01-04 07:00:00,5739.0,5778.0,5620.0,5628.0,3764800,KBS
2023-01-05 07:00:00,5635.0,5691.0,5564.0,5635.0,2095400,KBS
2023-01-06 07:00:00,5659.0,5707.0,5517.0,5517.0,3148300,KBS
2023-01-09 07:00:00,5620.0,5620.0,5509.0,5509.0,1747200,KBS
2023-01-10 07:00:00,5548.0,5699.0,5398.0,5596.0,2728300,KBS
2023-01-11 07:00:00,5707.0,5746.0,5596.0,5651.0,3417800,KBS
2023-01-12 07:00:00,5635.0,5675.0,5564.0,5580.0,1979700,KBS
2023-01-13 07:00:00,5635.0,5699.0,5548.0,5596.0,3071100,KBS
2023-01-16 07:00:00,5596.0,5667.0,5548.0,5548.0,2058800,KBS
2023-01-17 07:00:00,5620.0,5865.0,5580.0,5842.0,5522900,KBS
2023-01-18 07:00:00,5865.0,6016.0,5786.0,5976.0,4351900,KBS
2023-01-19 07:00:00,5968.0,6016.0,5865.0,5960.0,4388800,KBS
2023-01-27 07:00:00,6063.0,6095.0,5953.0,6000.0,3775100,KBS
2023-01-30 07:00:00,6079.0,6277.0,5984.0,6206.0,8089900,KBS
2023-01-31 07:00:00,6206.0,6262.0,5984.0,6167.0,5706100,KBS
2023-02-01 07:00:00,6174.0,6365.0,6008.0,6024.0,10238100,KBS
2023-02-02 07:00:00,6103.0,6103.0,5746.0,5786.0,4366400,KBS
2023-02-03 07:00:00,5826.0,5897.0,5723.0,5826.0,3642200,KBS
2023-02-06 07:00:00,5849.0,6135.0,5826.0,6095.0,6605300,KBS
2023-02-07 07:00:00,6095.0,6222.0,5873.0,5921.0,5334600,KBS
2023-02-08 07:00:00,5984.0,5992.0,5739.0,5881.0,3725700,KBS
2023-02-09 07:00:00,5865.0,6048.0,5865.0,5913.0,2464600,KBS
2023-02-10 07:00:00,5913.0,5929.0,5770.0,5770.0,3021700,KBS
2023-02-13 07:00:00,5707.0,5731.0,5429.0,5548.0,6285700,KBS
2023-02-14 07:00:00,5628.0,5659.0,5532.0,5548.0,1473400,KBS
2023-02-15 07:00:00,5548.0,5786.0,5469.0,5707.0,1994500,KBS
2023-02-16 07:00:00,5746.0,5762.0,5604.0,5707.0,2108800,KBS
2023-02-17 07:00:00,5707.0,5842.0,5707.0,5754.0,3389100,KBS
2023-02-20 07:00:00,5754.0,6151.0,5754.0,6151.0,7664300,KBS
2023-02-21 07:00:00,6349.0,6452.0,6182.0,6262.0,14367200,KBS
2023-02-22 07:00:00,6143.0,6341.0,6056.0,6103.0,9313600,KBS
2023-02-23 07:00:00,6103.0,6103.0,5723.0,5945.0,7414100,KBS
2023-02-24 07:00:00,5976.0,6079.0,5762.0,5802.0,4189700,KBS
2023-02-27 07:00:00,5667.0,5699.0,5548.0,5548.0,5660200,KBS
2023-02-28 07:00:00,5628.0,5691.0,5524.0,5540.0,5959500,KBS
2023-03-01 07:00:00,5509.0,5683.0,5469.0,5683.0,3548500,KBS
2023-03-02 07:00:00,5707.0,5746.0,5612.0,5659.0,2448400,KBS
2023-03-03 07:00:00,5699.0,5699.0,5580.0,5580.0,2105300,KBS
2023-03-06 07:00:00,5746.0,5929.0,5667.0,5691.0,4253600,KBS
2023-03-07 07:00:00,5707.0,5770.0,5628.0,5643.0,1935700,KBS
2023-03-08 07:00:00,5588.0,5723.0,5580.0,5707.0,3061300,KBS
2023-03-09 07:00:00,5715.0,5849.0,5715.0,5739.0,3154300,KBS
2023-03-10 07:00:00,5651.0,5723.0,5612.0,5620.0,3971000,KBS
2023-03-13 07:00:00,5548.0,5699.0,5548.0,5588.0,2991300,KBS
2023-03-14 07:00:00,5596.0,5628.0,5469.0,5493.0,3721200,KBS
2023-03-15 07:00:00,5635.0,5715.0,5588.0,5699.0,3467100,KBS
2023-03-16 07:00:00,5651.0,5659.0,5548.0,5588.0,4254300,KBS
2023-03-17 07:00:00,5643.0,5667.0,5556.0,5572.0,4571800,KBS
2023-03-20 07:00:00,5604.0,5746.0,5588.0,5612.0,3998500,KBS
2023-03-21 07:00:00,5635.0,5675.0,5572.0,5675.0,2327900,KBS
2023-03-22 07:00:00,5699.0,5802.0,5675.0,5707.0,4793000,KBS
2023-03-23 07:00:00,5667.0,5778.0,5643.0,5778.0,2376300,KBS
2023-03-24 07:00:00,5786.0,5865.0,5762.0,5818.0,3513500,KBS
2023-03-27 07:00:00,5635.0,5842.0,5635.0,5786.0,4783900,KBS
2023-03-28 07:00:00,5842.0,5937.0,5826.0,5857.0,5993300,KBS
2023-03-29 07:00:00,5865.0,5897.0,5754.0,5857.0,3699000,KBS
2023-03-30 07:00:00,5889.0,5976.0,5842.0,5865.0,7212300,KBS
2023-03-31 07:00:00,5881.0,5881.0,5818.0,5842.0,2548100,KBS
2023-04-03 07:00:00,5984.0,6135.0,5921.0,6032.0,8547400,KBS
2023-04-04 07:00:00,6103.0,6103.0,6016.0,6063.0,5597600,KBS
2023-04-05 07:00:00,6063.0,6143.0,6016.0,6111.0,5296900,KBS
2023-04-06 07:00:00,6182.0,6531.0,6174.0,6222.0,20882800,KBS
2023-04-07 07:00:00,6270.0,6301.0,6151.0,6293.0,7756000,KBS
2023-04-10 07:00:00,6420.0,6420.0,6143.0,6151.0,8599400,KBS
2023-04-11 07:00:00,6159.0,6159.0,5953.0,6143.0,6353900,KBS
2023-04-12 07:00:00,6198.0,6206.0,6079.0,6119.0,6632300,KBS
2023-04-13 07:00:00,6135.0,6182.0,6063.0,6063.0,3818100,KBS
2023-04-14 07:00:00,6111.0,6111.0,5834.0,5834.0,7412800,KBS
2023-04-17 07:00:00,5834.0,5889.0,5834.0,5842.0,2765900,KBS
2023-04-18 07:00:00,5865.0,5897.0,5794.0,5865.0,3726400,KBS
2023-04-19 07:00:00,5865.0,5929.0,5770.0,5802.0,3157000,KBS
2023-04-20 07:00:00,5802.0,5865.0,5794.0,5842.0,3134900,KBS
2023-04-21 07:00:00,5865.0,5913.0,5794.0,5834.0,2957700,KBS
2023-04-24 07:00:00,5826.0,5976.0,5818.0,5873.0,3239400,KBS
2023-04-25 07:00:00,5929.0,5929.0,5842.0,5857.0,2495600,KBS
2023-04-26 07:00:00,5834.0,5881.0,5826.0,5881.0,2761400,KBS
2023-04-27 07:00:00,5913.0,6103.0,5905.0,6040.0,4132500,KBS
2023-04-28 07:00:00,6063.0,6222.0,6048.0,6214.0,9542700,KBS
2023-05-04 07:00:00,6293.0,6412.0,6262.0,6301.0,9013100,KBS
2023-05-05 07:00:00,6325.0,6333.0,6190.0,6206.0,5940300,KBS
2023-05-08 07:00:00,6254.0,6460.0,6238.0,6460.0,11358800,KBS
2023-05-09 07:00:00,6499.0,6563.0,6333.0,6373.0,8600600,KBS
2023-05-10 07:00:00,6381.0,6618.0,6381.0,6547.0,9546400,KBS
2023-05-11 07:00:00,6618.0,6682.0,6515.0,6515.0,7761100,KBS
2023-05-12 07:00:00,6515.0,6539.0,6444.0,6531.0,7078100,KBS
2023-05-15 07:00:00,6579.0,6602.0,6404.0,6420.0,6945600,KBS
2023-05-16 07:00:00,6420.0,6531.0,6388.0,6428.0,7458300,KBS
2023-05-17 07:00:00,6436.0,6872.0,6436.0,6864.0,24643100,KBS
2023-05-18 07:00:00,6896.0,6959.0,6737.0,6737.0,7985000,KBS
2023-05-19 07:00:00,6809.0,6809.0,6507.0,6658.0,9551700,KBS
2023-05-22 07:00:00,6698.0,6864.0,6666.0,6848.0,6898000,KBS
2023-05-23 07:00:00,6888.0,6927.0,6745.0,6769.0,5214600,KBS
2023-05-24 07:00:00,6816.0,6888.0,6753.0,6793.0,6721100,KBS
2023-05-25 07:00:00,6777.0,6801.0,6690.0,6729.0,6470200,KBS
2023-05-26 07:00:00,6769.0,7023.0,6729.0,6975.0,9487000,KBS
2023-05-29 07:00:00,7054.0,7213.0,7038.0,7118.0,6349600,KBS
2023-05-30 07:00:00,7133.0,7149.0,6943.0,7054.0,9110100,KBS
2023-05-31 07:00:00,7078.0,7363.0,6983.0,7252.0,10824800,KBS
2023-06-01 07:00:00,7260.0,7324.0,7133.0,7149.0,6713400,KBS
2023-06-02 07:00:00,7252.0,7252.0,6975.0,6983.0,13527000,KBS
2023-06-05 07:00:00,7054.0,7102.0,6983.0,7015.0,5888700,KBS
2023-06-06 07:00:00,7046.0,7181.0,6983.0,7149.0,6284400,KBS
2023-06-07 07:00:00,7205.0,7387.0,7157.0,7276.0,7186400,KBS
2023-06-08 07:00:00,7355.0,7443.0,7149.0,7149.0,10550100,KBS
2023-06-09 07:00:00,7165.0,7189.0,7015.0,7118.0,6098500,KBS
2023-06-12 07:00:00,7133.0,7197.0,7038.0,7094.0,4277300,KBS
2023-06-13 07:00:00,7126.0,7237.0,7110.0,7189.0,6574300,KBS
2023-06-14 07:00:00,7213.0,7260.0,7094.0,7094.0,4729200,KBS
2023-06-15 07:00:00,7023.0,7102.0,6975.0,6983.0,5782800,KBS
2023-06-16 07:00:00,7078.0,7133.0,6904.0,6904.0,6030200,KBS
2023-06-19 07:00:00,6919.0,6975.0,6856.0,6864.0,4261200,KBS
2023-06-20 07:00:00,6896.0,7015.0,6872.0,6991.0,2969000,KBS
2023-06-21 07:00:00,7007.0,7133.0,6991.0,7118.0,4786700,KBS
2023-06-22 07:00:00,7133.0,7244.0,7133.0,7221.0,7055000,KBS
2023-06-23 07:00:00,7244.0,7316.0,7118.0,7189.0,6127600,KBS
2023-06-26 07:00:00,7181.0,7205.0,6975.0,7126.0,6940800,KBS
2023-06-27 07:00:00,7133.0,7189.0,7062.0,7094.0,3015500,KBS
2023-06-28 07:00:00,7133.0,7252.0,7102.0,7181.0,7539700,KBS
2023-06-29 07:00:00,7213.0,7213.0,7054.0,7062.0,4223400,KBS
2023-06-30 07:00:00,7062.0,7078.0,7023.0,7046.0,2854600,KBS
2023-07-03 07:00:00,7046.0,7126.0,7030.0,7062.0,1534000,KBS
2023-07-04 07:00:00,7062.0,7205.0,7054.0,7157.0,3393200,KBS
2023-07-05 07:00:00,7237.0,7237.0,7149.0,7189.0,4297800,KBS
2023-07-06 07:00:00,7213.0,7498.0,7165.0,7443.0,18017200,KBS
2023-07-07 07:00:00,7419.0,7530.0,7332.0,7371.0,6645300,KBS
2023-07-10 07:00:00,7427.0,7522.0,7371.0,7451.0,8172800,KBS
2023-07-11 07:00:00,7490.0,7680.0,7474.0,7538.0,10033700,KBS
2023-07-12 07:00:00,7562.0,7625.0,7403.0,7435.0,6643300,KBS
2023-07-13 07:00:00,7458.0,7522.0,7435.0,7451.0,6718800,KBS
2023-07-14 07:00:00,7514.0,7585.0,7427.0,7522.0,8555300,KBS
2023-07-17 07:00:00,7609.0,7688.0,7546.0,7617.0,8473800,KBS
2023-07-18 07:00:00,7609.0,7609.0,7490.0,7530.0,6878500,KBS
2023-07-19 07:00:00,7530.0,7577.0,7332.0,7332.0,10552300,KBS
2023-07-20 07:00:00,7332.0,7395.0,7316.0,7371.0,3868700,KBS
2023-07-21 07:00:00,7419.0,7466.0,7379.0,7451.0,4470600,KBS
2023-07-24 07:00:00,7490.0,7593.0,7474.0,7593.0,7499700,KBS
2023-07-25 07:00:00,7609.0,7672.0,7569.0,7609.0,8269700,KBS
2023-07-26 07:00:00,7609.0,7910.0,7609.0,7847.0,12408200,KBS
2023-07-27 07:00:00,7855.0,8243.0,7855.0,8164.0,17955400,KBS
2023-07-28 07:00:00,8243.0,8402.0,8045.0,8164.0,12971400,KBS
2023-07-31 07:00:00,8243.0,8719.0,8204.0,8639.0,12949400,KBS
2023-08-01 07:00:00,8798.0,8877.0,8322.0,8322.0,13749200,KBS
2023-08-02 07:00:00,8322.0,8481.0,8243.0,8402.0,9791100,KBS
2023-08-03 07:00:00,8402.0,8679.0,8322.0,8481.0,10263900,KBS
2023-08-04 07:00:00,8639.0,9036.0,8639.0,9036.0,24512500,KBS
2023-08-07 07:00:00,9432.0,9630.0,9274.0,9630.0,22213100,KBS
2023-08-08 07:00:00,9828.0,10185.0,9591.0,9709.0,20420100,KBS
2023-08-09 07:00:00,9551.0,9947.0,9511.0,9828.0,12063800,KBS
2023-08-10 07:00:00,9749.0,9868.0,9392.0,9432.0,12257500,KBS
2023-08-11 07:00:00,9551.0,10066.0,9274.0,10066.0,18401500,KBS
2023-08-14 07:00:00,10304.0,10740.0,10225.0,10740.0,19683900,KBS
2023-08-15 07:00:00,10898.0,10898.0,10264.0,10383.0,18514700,KBS
2023-08-16 07:00:00,10383.0,10661.0,10185.0,10423.0,12833500,KBS
2023-08-17 07:00:00,10423.0,10740.0,10225.0,10264.0,10642200,KBS
2023-08-18 07:00:00,10066.0,10225.0,9551.0,9551.0,22575000,KBS
2023-08-21 07:00:00,9392.0,9749.0,9036.0,9432.0,14819100,KBS
2023-08-22 07:00:00,9630.0,10066.0,9194.0,10066.0,23751200,KBS
2023-08-23 07:00:00,10344.0,10383.0,10066.0,10145.0,12700100,KBS
2023-08-24 07:00:00,10145.0,10423.0,10027.0,10304.0,12567700,KBS
2023-08-25 07:00:00,10423.0,10621.0,10304.0,10383.0,14176300,KBS
2023-08-28 07:00:00,10502.0,10502.0,10185.0,10304.0,14175900,KBS
2023-08-29 07:00:00,10383.0,10859.0,10304.0,10661.0,13837200,KBS
2023-08-30 07:00:00,10859.0,11215.0,10780.0,11057.0,14835600,KBS
2023-08-31 07:00:00,11262.0,11262.0,10893.0,10934.0,13078200,KBS
2023-09-05 07:00:00,11016.0,11262.0,10646.0,10687.0,19169300,KBS
2023-09-06 07:00:00,10605.0,10975.0,10440.0,10975.0,13117500,KBS
2023-09-07 07:00:00,11098.0,11345.0,10975.0,10975.0,13994700,KBS
2023-09-08 07:00:00,10975.0,11139.0,10893.0,10934.0,9756600,KBS
2023-09-11 07:00:00,11098.0,11098.0,10605.0,10605.0,16278700,KBS
2023-09-12 07:00:00,10605.0,10975.0,10481.0,10975.0,11427300,KBS
2023-09-13 07:00:00,11016.0,11591.0,11016.0,11180.0,21834000,KBS
2023-09-14 07:00:00,11221.0,11345.0,10728.0,11098.0,13363800,KBS
2023-09-15 07:00:00,11262.0,11345.0,10893.0,10934.0,10559900,KBS
2023-09-18 07:00:00,11016.0,11262.0,10893.0,11180.0,13421800,KBS
2023-09-19 07:00:00,11262.0,11386.0,11016.0,11262.0,10576900,KBS
2023-09-20 07:00:00,11345.0,11468.0,11221.0,11427.0,12347100,KBS
2023-09-21 07:00:00,11509.0,12167.0,11468.0,11920.0,20242800,KBS
2023-09-22 07:00:00,11509.0,11715.0,11098.0,11098.0,24607000,KBS
2023-09-25 07:00:00,10810.0,11057.0,10358.0,10358.0,16519500,KBS
2023-09-26 07:00:00,9906.0,10358.0,9659.0,9659.0,18579900,KBS
2023-09-27 07:00:00,9659.0,10070.0,9043.0,10070.0,14325000,KBS
2023-09-28 07:00:00,9947.0,10029.0,9618.0,9865.0,6846000,KBS
2023-09-29 07:00:00,10029.0,10070.0,9536.0,9536.0,7007400,KBS
2023-10-02 07:00:00,9536.0,9906.0,9536.0,9742.0,4656100,KBS
2023-10-03 07:00:00,9659.0,9659.0,9084.0,9084.0,14068700,KBS
2023-10-04 07:00:00,8878.0,9495.0,8755.0,9289.0,9315700,KBS
2023-10-05 07:00:00,9454.0,9454.0,8961.0,9125.0,5822400,KBS
2023-10-06 07:00:00,9166.0,9742.0,9166.0,9742.0,13204600,KBS
2023-10-09 07:00:00,9988.0,10153.0,9783.0,10029.0,9013200,KBS
2023-10-10 07:00:00,10235.0,10235.0,9824.0,9824.0,7193500,KBS
2023-10-11 07:00:00,9865.0,9988.0,9700.0,9988.0,4569600,KBS
2023-10-12 07:00:00,10112.0,10317.0,9906.0,9988.0,5518000,KBS
2023-10-13 07:00:00,9824.0,10112.0,9700.0,10029.0,5969800,KBS
2023-10-16 07:00:00,10029.0,10481.0,9947.0,10194.0,11723300,KBS
2023-10-17 07:00:00,10235.0,10481.0,9536.0,9536.0,5635300,KBS
2023-10-18 07:00:00,9783.0,9906.0,9084.0,9454.0,12166800,KBS
2023-10-19 07:00:00,9413.0,9783.0,9207.0,9372.0,6762800,KBS
2023-10-20 07:00:00,9372.0,9824.0,9289.0,9783.0,5669300,KBS
2023-10-23 07:00:00,9783.0,9988.0,9618.0,9700.0,6174700,KBS
2023-10-24 07:00:00,9865.0,9947.0,9536.0,9865.0,4430300,KBS
2023-10-25 07:00:00,9947.0,10153.0,9906.0,9947.0,6775000,KBS
2023-10-26 07:00:00,9536.0,9659.0,9289.0,9289.0,12671200,KBS
2023-10-27 07:00:00,9454.0,9536.0,8673.0,9372.0,10734200,KBS
2023-10-30 07:00:00,9372.0,9536.0,8961.0,8961.0,4929600,KBS
2023-10-31 07:00:00,9043.0,9125.0,8344.0,8344.0,9814000,KBS
2023-11-01 07:00:00,8385.0,8796.0,8139.0,8673.0,8892700,KBS
2023-11-02 07:00:00,8920.0,9248.0,8796.0,9248.0,5958300,KBS
2023-11-03 07:00:00,9454.0,9454.0,9207.0,9207.0,5553900,KBS
2023-11-06 07:00:00,9372.0,9372.0,9084.0,9331.0,3869400,KBS
2023-11-07 07:00:00,9289.0,9372.0,9125.0,9125.0,4614600,KBS
2023-11-08 07:00:00,9125.0,9742.0,9125.0,9742.0,10499700,KBS
2023-11-09 07:00:00,9865.0,10235.0,9824.0,9865.0,12017400,KBS
2023-11-10 07:00:00,9824.0,10358.0,9700.0,10153.0,15786200,KBS
2023-11-13 07:00:00,10235.0,10358.0,9906.0,10112.0,8257400,KBS
2023-11-14 07:00:00,10276.0,10440.0,10029.0,10070.0,8670600,KBS
2023-11-15 07:00:00,10399.0,10399.0,9988.0,10029.0,9497500,KBS
2023-11-16 07:00:00,9947.0,10358.0,9947.0,10358.0,7424500,KBS
2023-11-17 07:00:00,10440.0,10810.0,10235.0,10358.0,23406000,KBS
2023-11-20 07:00:00,10112.0,10728.0,10112.0,10605.0,13442300,KBS
2023-11-21 07:00:00,10769.0,10851.0,10564.0,10605.0,10068200,KBS
2023-11-22 07:00:00,10605.0,10851.0,10523.0,10687.0,10470500,KBS
2023-11-23 07:00:00,10769.0,11016.0,9947.0,9947.0,15519500,KBS
2023-11-24 07:00:00,10070.0,10194.0,9536.0,10112.0,12977100,KBS
2023-11-27 07:00:00,10112.0,10235.0,9783.0,9783.0,5518800,KBS
2023-11-28 07:00:00,9865.0,9947.0,9495.0,9906.0,8556800,KBS
2023-11-29 07:00:00,9988.0,10153.0,9906.0,10070.0,5394800,KBS
2023-11-30 07:00:00,10070.0,10235.0,9988.0,10235.0,9095800,KBS
2023-12-01 07:00:00,10235.0,10276.0,9988.0,10029.0,5367200,KBS
2023-12-04 07:00:00,10194.0,10605.0,10194.0,10481.0,10858100,KBS
2023-12-05 07:00:00,10523.0,10564.0,10276.0,10276.0,7515400,KBS
2023-12-06 07:00:00,10317.0,10605.0,10317.0,10564.0,8700200,KBS
2023-12-07 07:00:00,10687.0,10810.0,10276.0,10440.0,13821700,KBS
2023-12-08 07:00:00,10564.0,10934.0,10399.0,10646.0,15103500,KBS
2023-12-11 07:00:00,10728.0,10810.0,10523.0,10523.0,7435800,KBS
2023-12-12 07:00:00,10646.0,10728.0,10523.0,10646.0,8037000,KBS
2023-12-13 07:00:00,10646.0,10893.0,10358.0,10399.0,10550300,KBS
2023-12-14 07:00:00,10523.0,10564.0,10194.0,10276.0,6965300,KBS
2023-12-15 07:00:00,10276.0,10481.0,10194.0,10317.0,6786700,KBS
2023-12-18 07:00:00,10358.0,10810.0,10358.0,10605.0,10292000,KBS
2023-12-19 07:00:00,10728.0,10810.0,10399.0,10564.0,6234900,KBS
2023-12-20 07:00:00,10646.0,10810.0,10646.0,10810.0,7523400,KBS
2023-12-21 07:00:00,10769.0,11098.0,10687.0,10851.0,12186500,KBS
2023-12-22 07:00:00,10893.0,11098.0,10646.0,10810.0,9073000,KBS
2023-12-25 07:00:00,10810.0,10934.0,10769.0,10810.0,8126400,KBS
2023-12-26 07:00:00,10934.0,10934.0,10769.0,10851.0,5667800,KBS
2023-12-27 07:00:00,10851.0,11180.0,10851.0,10893.0,11611300,KBS
2023-12-28 07:00:00,10934.0,11057.0,10851.0,10893.0,6840100,KBS
2023-12-29 07:00:00,10934.0,10975.0,10769.0,10851.0,6519400,KBS
2024-01-02 07:00:00,10893.0,10975.0,10646.0,10687.0,6788700,KBS
2024-01-03 07:00:00,10687.0,10810.0,10605.0,10728.0,7634700,KBS
2024-01-04 07:00:00,10728.0,10975.0,10728.0,10728.0,8796400,KBS
2024-01-05 07:00:00,10769.0,10934.0,10728.0,10810.0,7473600,KBS
2024-01-08 07:00:00,10893.0,11057.0,10851.0,10893.0,7185600,KBS
2024-01-09 07:00:00,10934.0,11386.0,10934.0,11098.0,14797200,KBS
2024-01-10 07:00:00,11098.0,11180.0,10851.0,10851.0,7677100,KBS
2024-01-11 07:00:00,10851.0,11016.0,10687.0,10728.0,8292300,KBS
2024-01-12 07:00:00,10687.0,10728.0,10358.0,10481.0,11281700,KBS
2024-01-15 07:00:00,10646.0,10769.0,10481.0,10605.0,4356000,KBS
2024-01-16 07:00:00,10523.0,10769.0,10481.0,10769.0,3476800,KBS
2024-01-17 07:00:00,10769.0,10893.0,10687.0,10728.0,5167000,KBS
2024-01-18 07:00:00,10810.0,10893.0,10687.0,10810.0,5417800,KBS
2024-01-19 07:00:00,10851.0,10975.0,10646.0,10687.0,4939700,KBS
2024-01-22 07:00:00,10687.0,10769.0,10523.0,10564.0,6121500,KBS
2024-01-23 07:00:00,10646.0,10687.0,10564.0,10646.0,4144500,KBS
2024-01-24 07:00:00,10687.0,10687.0,10564.0,10564.0,2728400,KBS
2024-01-25 07:00:00,10646.0,10646.0,10481.0,10481.0,2699000,KBS
2024-01-26 07:00:00,10523.0,10687.0,10523.0,10605.0,2959000,KBS
2024-01-29 07:00:00,10728.0,11098.0,10687.0,10975.0,14026300,KBS
2024-01-30 07:00:00,11139.0,11262.0,10934.0,11098.0,9737100,KBS
2024-01-31 07:00:00,11139.0,11180.0,10769.0,10851.0,9131100,KBS
2024-02-01 07:00:00,10851.0,11386.0,10810.0,11221.0,14487700,KBS
2024-02-02 07:00:00,11262.0,11427.0,11139.0,11221.0,8183300,KBS
2024-02-05 07:00:00,11180.0,11509.0,11139.0,11262.0,10047900,KBS
2024-02-06 07:00:00,11304.0,11345.0,11016.0,11098.0,6800000,KBS
2024-02-07 07:00:00,11139.0,11139.0,10975.0,11016.0,6302500,KBS
2024-02-15 07:00:00,11057.0,11345.0,11016.0,11180.0,7586400,KBS
2024-02-16 07:00:00,11221.0,11427.0,11180.0,11262.0,8455600,KBS
2024-02-19 07:00:00,11262.0,11345.0,11098.0,11139.0,6169600,KBS
2024-02-20 07:00:00,11180.0,11262.0,11098.0,11098.0,7445900,KBS
2024-02-21 07:00:00,11098.0,11180.0,11016.0,11016.0,5851900,KBS
2024-02-22 07:00:00,11098.0,11180.0,10934.0,10975.0,6029100,KBS
2024-02-23 07:00:00,11016.0,11057.0,10564.0,10564.0,13350200,KBS
2024-02-26 07:00:00,10564.0,10769.0,10523.0,10687.0,5689500,KBS
2024-02-27 07:00:00,10769.0,10893.0,10646.0,10851.0,4532700,KBS
2024-02-28 07:00:00,10851.0,10975.0,10687.0,10769.0,4613300,KBS
2024-02-29 07:00:00,10810.0,10851.0,10646.0,10769.0,6934400,KBS
2024-03-01 07:00:00,10728.0,10934.0,10687.0,10851.0,5464900,KBS
2024-03-04 07:00:00,10975.0,11345.0,10934.0,11016.0,15024600,KBS
2024-03-05 07:00:00,11016.0,11180.0,11016.0,11057.0,5525300,KBS
2024-03-06 07:00:00,11098.0,11098.0,10728.0,10769.0,8057000,KBS
2024-03-07 07:00:00,10810.0,10893.0,10687.0,10769.0,8555900,KBS
2024-03-08 07:00:00,10893.0,10893.0,10564.0,10605.0,10674300,KBS
2024-03-11 07:00:00,10605.0,10728.0,10440.0,10523.0,5578500,KBS
2024-03-12 07:00:00,10523.0,10605.0,10399.0,10523.0,6520400,KBS
2024-03-13 07:00:00,10564.0,10769.0,10523.0,10769.0,5644800,KBS
2024-03-14 07:00:00,10851.0,10934.0,10646.0,10769.0,9058800,KBS
2024-03-15 07:00:00,10769.0,11221.0,10728.0,10934.0,16272800,KBS
2024-03-18 07:00:00,11098.0,11673.0,11016.0,11673.0,45506300,KBS
2024-03-19 07:00:00,12085.0,12085.0,11632.0,11632.0,14016000,KBS
2024-03-20 07:00:00,11673.0,12290.0,11550.0,12290.0,21913100,KBS
2024-03-21 07:00:00,12413.0,12578.0,12085.0,12331.0,21653300,KBS
2024-03-22 07:00:00,12454.0,12496.0,12126.0,12249.0,16593900,KBS
2024-03-25 07:00:00,12372.0,12619.0,12043.0,12085.0,15099500,KBS
2024-03-26 07:00:00,12002.0,12701.0,12002.0,12660.0,13785000,KBS
2024-03-27 07:00:00,12907.0,12907.0,12578.0,12701.0,9960400,KBS
2024-03-28 07:00:00,12701.0,12824.0,12454.0,12496.0,8900700,KBS
2024-03-29 07:00:00,12413.0,13071.0,12413.0,12907.0,11893800,KBS
2024-04-01 07:00:00,12783.0,13235.0,12783.0,13112.0,11830800,KBS
2024-04-02 07:00:00,13071.0,13318.0,12824.0,13235.0,10429700,KBS
2024-04-03 07:00:00,13277.0,13318.0,12865.0,12907.0,12821100,KBS
2024-04-04 07:00:00,12907.0,13770.0,12660.0,13523.0,21851100,KBS
2024-04-05 07:00:00,13359.0,13893.0,13235.0,13564.0,14080700,KBS
2024-04-08 07:00:00,13564.0,13605.0,13318.0,13318.0,8857600,KBS
2024-04-09 07:00:00,13318.0,13400.0,12824.0,13277.0,17057400,KBS
2024-04-10 07:00:00,13359.0,13729.0,13194.0,13194.0,8635200,KBS
2024-04-11 07:00:00,13030.0,14099.0,12948.0,13975.0,22381400,KBS
2024-04-12 07:00:00,14099.0,14222.0,13852.0,14016.0,9035600,KBS
2024-04-15 07:00:00,13975.0,14099.0,13071.0,13071.0,25287100,KBS
2024-04-16 07:00:00,12989.0,13071.0,12331.0,12989.0,30248900,KBS
2024-04-17 07:00:00,13112.0,13359.0,12619.0,12824.0,17313000,KBS
2024-04-19 07:00:00,12537.0,12783.0,12002.0,12208.0,24555200,KBS
2024-04-22 07:00:00,12496.0,12660.0,12290.0,12496.0,11187700,KBS
2024-04-23 07:00:00,12578.0,12578.0,11879.0,11961.0,12152700,KBS
2024-04-24 07:00:00,12208.0,12783.0,12043.0,12783.0,17167100,KBS
2024-04-25 07:00:00,12824.0,13112.0,12701.0,12989.0,14603400,KBS
2024-04-26 07:00:00,12824.0,13400.0,12824.0,13153.0,11171300,KBS
2024-05-02 07:00:00,13564.0,13688.0,13277.0,13400.0,13423400,KBS
2024-05-03 07:00:00,13482.0,13523.0,13194.0,13359.0,12796200,KBS
2024-05-06 07:00:00,13441.0,14263.0,13318.0,14263.0,15360800,KBS
2024-05-07 07:00:00,14592.0,15167.0,14469.0,14838.0,17191000,KBS
2024-05-08 07:00:00,14715.0,15414.0,14592.0,15085.0,19327800,KBS
2024-05-09 07:00:00,15126.0,15208.0,14756.0,14962.0,13169300,KBS
2024-05-10 07:00:00,14962.0,15866.0,14921.0,15291.0,15894500,KBS
2024-05-13 07:00:00,15455.0,15496.0,14633.0,14962.0,12594600,KBS
2024-05-14 07:00:00,15044.0,15373.0,14921.0,15085.0,9217400,KBS
2024-05-15 07:00:00,15126.0,15619.0,15044.0,15373.0,11555900,KBS
2024-05-16 07:00:00,15702.0,15702.0,15250.0,15332.0,13378100,KBS
2024-05-17 07:00:00,15414.0,15784.0,15250.0,15619.0,9818200,KBS
2024-05-20 07:00:00,16030.0,16565.0,15619.0,15619.0,18439000,KBS
2024-05-21 07:00:00,15619.0,16442.0,15373.0,16318.0,18261500,KBS
2024-05-22 07:00:00,16442.0,16442.0,15784.0,15866.0,15375000,KBS
2024-05-23 07:00:00,15784.0,16154.0,15743.0,16113.0,11740700,KBS
2024-05-24 07:00:00,15989.0,16072.0,15003.0,15126.0,25811800,KBS
2024-05-27 07:00:00,15126.0,15825.0,15085.0,15743.0,12908900,KBS
2024-05-28 07:00:00,15948.0,15989.0,15702.0,15948.0,9393100,KBS
2024-05-29 07:00:00,15948.0,16811.0,15825.0,16277.0,18944300,KBS
2024-05-30 07:00:00,16030.0,16400.0,15743.0,16359.0,13713800,KBS
2024-05-31 07:00:00,16442.0,16811.0,16195.0,16195.0,10410300,KBS
2024-06-03 07:00:00,16565.0,16565.0,16154.0,16359.0,10328900,KBS
2024-06-04 07:00:00,16442.0,16770.0,16277.0,16442.0,8252600,KBS
2024-06-05 07:00:00,16442.0,16524.0,16113.0,16154.0,11194900,KBS
2024-06-06 07:00:00,16195.0,16318.0,15784.0,15948.0,11591200,KBS
2024-06-07 07:00:00,16030.0,16442.0,15825.0,16442.0,8217500,KBS
2024-06-10 07:00:00,16442.0,16606.0,16154.0,16277.0,8482600,KBS
2024-06-11 07:00:00,16277.0,16359.0,15866.0,15948.0,9925600,KBS
2024-06-12 07:00:00,15825.0,16359.0,15784.0,16154.0,8202800,KBS
2024-06-13 07:00:00,16277.0,16688.0,16154.0,16154.0,9996000,KBS
2024-06-14 07:00:00,16154.0,16318.0,15619.0,15619.0,10210700,KBS
2024-06-17 07:00:00,15578.0,15702.0,15208.0,15373.0,12614700,KBS
2024-06-18 07:00:00,15496.0,16072.0,15496.0,15784.0,10166000,KBS
2024-06-19 07:00:00,15784.0,16606.0,15784.0,16318.0,17348500,KBS
2024-06-20 07:00:00,16442.0,17428.0,16236.0,17428.0,33177100,KBS
2024-06-21 07:00:00,17428.0,17798.0,17099.0,17264.0,14278400,KBS
2024-06-24 07:00:00,17099.0,17346.0,16072.0,16113.0,26683200,KBS
2024-06-25 07:00:00,16154.0,16359.0,15702.0,16318.0,10123100,KBS
2024-06-26 07:00:00,16318.0,16400.0,15825.0,16030.0,7641700,KBS
2024-06-27 07:00:00,15989.0,16195.0,15784.0,15989.0,6686300,KBS
2024-06-28 07:00:00,16113.0,16113.0,15291.0,15619.0,13986800,KBS
2024-07-01 07:00:00,15619.0,15784.0,15373.0,15619.0,5562000,KBS
2024-07-02 07:00:00,15784.0,15989.0,15661.0,15989.0,6183900,KBS
2024-07-03 07:00:00,16072.0,16113.0,15784.0,15948.0,4608900,KBS
2024-07-04 07:00:00,15948.0,16154.0,15743.0,16030.0,5386800,KBS
2024-07-05 07:00:00,16072.0,16400.0,15907.0,16113.0,7958600,KBS
2024-07-08 07:00:00,16154.0,16606.0,16113.0,16359.0,9385800,KBS
2024-07-09 07:00:00,16442.0,16935.0,16400.0,16688.0,11863900,KBS
2024-07-10 07:00:00,16770.0,17305.0,16400.0,16811.0,13677600,KBS
2024-07-11 07:00:00,17058.0,17428.0,16688.0,16688.0,11806200,KBS
2024-07-12 07:00:00,16853.0,16894.0,16524.0,16853.0,6621200,KBS
2024-07-15 07:00:00,16894.0,17140.0,16770.0,16935.0,5384200,KBS
2024-07-16 07:00:00,17140.0,17264.0,16729.0,16770.0,8365300,KBS
2024-07-17 07:00:00,16853.0,16853.0,15619.0,15619.0,23220900,KBS
2024-07-18 07:00:00,15619.0,15989.0,15250.0,15989.0,12223200,KBS
2024-07-19 07:00:00,15989.0,15989.0,15291.0,15373.0,8520300,KBS
2024-07-22 07:00:00,15208.0,15373.0,14345.0,14797.0,15572200,KBS
2024-07-23 07:00:00,14880.0,15126.0,14140.0,14140.0,12641600,KBS
2024-07-24 07:00:00,13975.0,14797.0,13975.0,14633.0,11379600,KBS
2024-07-25 07:00:00,14551.0,14592.0,14263.0,14592.0,5508400,KBS
2024-07-26 07:00:00,14633.0,14756.0,14386.0,14715.0,5322300,KBS
2024-07-29 07:00:00,14962.0,15373.0,14715.0,15291.0,10116100,KBS
2024-07-30 07:00:00,15373.0,15373.0,14797.0,15126.0,7138600,KBS
2024-07-31 07:00:00,15167.0,15414.0,14674.0,14880.0,6238200,KBS
2024-08-01 07:00:00,14880.0,14921.0,13852.0,13852.0,22155800,KBS
2024-08-02 07:00:00,13564.0,14551.0,13523.0,14345.0,10483000,KBS
2024-08-05 07:00:00,14057.0,14222.0,13359.0,13400.0,13796200,KBS
2024-08-06 07:00:00,13893.0,14304.0,13441.0,14304.0,12976400,KBS
2024-08-07 07:00:00,14510.0,14633.0,14016.0,14633.0,9061800,KBS
2024-08-08 07:00:00,14386.0,14715.0,13646.0,13646.0,21107900,KBS
2024-08-09 07:00:00,13811.0,14551.0,12989.0,13646.0,33652500,KBS
2024-08-12 07:00:00,13564.0,13729.0,13071.0,13194.0,12703100,KBS
2024-08-13 07:00:00,13153.0,13770.0,12989.0,13646.0,10661500,KBS
2024-08-14 07:00:00,13646.0,14140.0,13523.0,14016.0,13766600,KBS
2024-08-15 07:00:00,14057.0,14140.0,13852.0,14016.0,8633300,KBS
2024-08-16 07:00:00,14099.0,14921.0,14016.0,14921.0,17805100,KBS
2024-08-19 07:00:00,15044.0,15126.0,14715.0,14838.0,8028800,KBS
2024-08-20 07:00:00,14838.0,15496.0,14592.0,15250.0,13025200,KBS
2024-08-21 07:00:00,15208.0,15332.0,14921.0,15291.0,9978800,KBS
2024-08-22 07:00:00,15208.0,15332.0,15003.0,15291.0,6465800,KBS
2024-08-23 07:00:00,15167.0,15496.0,15003.0,15455.0,9515700,KBS
2024-08-26 07:00:00,15661.0,15702.0,15126.0,15126.0,6309700,KBS
2024-08-27 07:00:00,15126.0,15537.0,15085.0,15414.0,10393300,KBS
2024-08-28 07:00:00,15496.0,15496.0,14797.0,15167.0,8514300,KBS
2024-08-29 07:00:00,15208.0,15208.0,14962.0,15044.0,3825200,KBS
2024-08-30 07:00:00,15044.0,15208.0,14838.0,15208.0,6648900,KBS
2024-09-04 07:00:00,14962.0,15126.0,14797.0,15085.0,6457500,KBS
2024-09-05 07:00:00,15085.0,15332.0,14797.0,15044.0,5200000,KBS
2024-09-06 07:00:00,14921.0,15003.0,14674.0,15003.0,5683100,KBS
2024-09-09 07:00:00,14797.0,14962.0,14674.0,14674.0,6443400,KBS
2024-09-10 07:00:00,14797.0,14838.0,14345.0,14510.0,6745300,KBS
2024-09-11 07:00:00,14427.0,14592.0,14057.0,14469.0,5829600,KBS
2024-09-12 07:00:00,14633.0,14633.0,14222.0,14304.0,2835300,KBS
2024-09-13 07:00:00,14304.0,14633.0,14263.0,14633.0,4032600,KBS
2024-09-16 07:00:00,14592.0,14633.0,14263.0,14263.0,3493900,KBS
2024-09-17 07:00:00,14222.0,14551.0,14099.0,14469.0,4411600,KBS
2024-09-18 07:00:00,14469.0,14674.0,14386.0,14551.0,3588200,KBS
2024-09-19 07:00:00,14633.0,14715.0,14510.0,14633.0,3376000,KBS
2024-09-20 07:00:00,14797.0,14880.0,14469.0,14551.0,4919000,KBS
2024-09-23 07:00:00,14386.0,14551.0,14263.0,14304.0,3432800,KBS
2024-09-24 07:00:00,14263.0,14427.0,14263.0,14386.0,2952800,KBS
2024-09-25 07:00:00,14510.0,14674.0,14427.0,14633.0,5951600,KBS
2024-09-26 07:00:00,14633.0,14962.0,14633.0,14921.0,10761500,KBS
2024-09-27 07:00:00,15044.0,15085.0,14797.0,14838.0,5051200,KBS
2024-09-30 07:00:00,14756.0,14921.0,14592.0,14921.0,5477700,KBS
2024-10-01 07:00:00,14962.0,15208.0,14838.0,14962.0,8798400,KBS
2024-10-02 07:00:00,14880.0,14921.0,14674.0,14674.0,4714900,KBS
2024-10-03 07:00:00,14674.0,14756.0,14099.0,14140.0,9905200,KBS
2024-10-04 07:00:00,14140.0,14304.0,14140.0,14140.0,4383800,KBS
2024-10-07 07:00:00,14222.0,14304.0,14057.0,14222.0,2287800,KBS
2024-10-08 07:00:00,14181.0,14304.0,14057.0,14263.0,3684800,KBS
2024-10-09 07:00:00,14263.0,14386.0,14181.0,14263.0,2872600,KBS
2024-10-10 07:00:00,14345.0,14386.0,14222.0,14345.0,3132500,KBS
2024-10-11 07:00:00,14345.0,14592.0,14304.0,14427.0,3477700,KBS
2024-10-14 07:00:00,13482.0,13934.0,13441.0,13523.0,35136700,KBS
2024-10-15 07:00:00,13523.0,13688.0,12742.0,13194.0,13668800,KBS
2024-10-16 07:00:00,13564.0,13605.0,13277.0,13318.0,5424500,KBS
2024-10-17 07:00:00,13318.0,13729.0,13030.0,13482.0,8356300,KBS
2024-10-18 07:00:00,13523.0,13564.0,13277.0,13318.0,4151500,KBS
2024-10-21 07:00:00,13318.0,13318.0,12742.0,12742.0,11296700,KBS
2024-10-22 07:00:00,12742.0,13030.0,12742.0,12948.0,5809800,KBS
2024-10-23 07:00:00,12948.0,13071.0,12701.0,13030.0,4162500,KBS
2024-10-24 07:00:00,13030.0,13030.0,12783.0,12948.0,2682400,KBS
2024-10-25 07:00:00,12907.0,12989.0,12742.0,12824.0,3642100,KBS
2024-10-28 07:00:00,12907.0,12948.0,12783.0,12907.0,2346600,KBS
2024-10-29 07:00:00,12989.0,13482.0,12989.0,13235.0,7228600,KBS
2024-10-30 07:00:00,13318.0,13400.0,13194.0,13235.0,3210400,KBS
2024-10-31 07:00:00,13235.0,13441.0,13153.0,13277.0,3496900,KBS
2024-11-01 07:00:00,13194.0,13235.0,12907.0,12989.0,4020100,KBS
2024-11-04 07:00:00,12742.0,12948.0,12372.0,12537.0,7069000,KBS
2024-11-05 07:00:00,12413.0,12742.0,12413.0,12578.0,2925300,KBS
2024-11-06 07:00:00,12701.0,12742.0,12578.0,12742.0,3250100,KBS
2024-11-07 07:00:00,12783.0,13030.0,12701.0,12742.0,4196600,KBS
2024-11-08 07:00:00,12742.0,12824.0,12537.0,12742.0,3400200,KBS
2024-11-11 07:00:00,12660.0,12660.0,12331.0,12496.0,5191100,KBS
2024-11-12 07:00:00,12537.0,12742.0,12413.0,12413.0,3857000,KBS
2024-11-13 07:00:00,12372.0,12454.0,12167.0,12290.0,3955100,KBS
2024-11-14 07:00:00,12290.0,12372.0,11920.0,11920.0,3426400,KBS
2024-11-15 07:00:00,11838.0,11920.0,11509.0,11673.0,7669600,KBS
2024-11-18 07:00:00,11673.0,12454.0,11632.0,12454.0,7267200,KBS
2024-11-19 07:00:00,12578.0,12701.0,12372.0,12496.0,5261000,KBS
2024-11-20 07:00:00,12454.0,13153.0,12290.0,12948.0,10557600,KBS
2024-11-21 07:00:00,12907.0,12989.0,12701.0,12948.0,3244900,KBS
2024-11-22 07:00:00,12907.0,12907.0,12496.0,12742.0,6173400,KBS
2024-11-25 07:00:00,12660.0,12742.0,12537.0,12537.0,4249800,KBS
2024-11-26 07:00:00,12619.0,13277.0,12578.0,12865.0,7545600,KBS
2024-11-27 07:00:00,12907.0,12907.0,12701.0,12824.0,2251300,KBS
2024-11-28 07:00:00,12989.0,13030.0,12742.0,12865.0,3951900,KBS
2024-11-29 07:00:00,12783.0,12907.0,12701.0,12824.0,3922300,KBS
2024-12-02 07:00:00,12824.0,13112.0,12701.0,12824.0,4397200,KBS
2024-12-03 07:00:00,12865.0,12989.0,12742.0,12742.0,2490800,KBS
2024-12-04 07:00:00,12701.0,12824.0,12537.0,12578.0,4973300,KBS
2024-12-05 07:00:00,12660.0,13194.0,12413.0,13153.0,7487800,KBS
2024-12-06 07:00:00,13235.0,13318.0,12907.0,12989.0,4698400,KBS
2024-12-09 07:00:00,12865.0,13318.0,12824.0,13071.0,6958600,KBS
2024-12-10 07:00:00,13071.0,13153.0,12907.0,12948.0,3183400,KBS
2024-12-11 07:00:00,12948.0,13030.0,12783.0,12907.0,2715900,KBS
2024-12-12 07:00:00,12907.0,12948.0,12783.0,12907.0,2566800,KBS
2024-12-13 07:00:00,12865.0,12865.0,12619.0,12742.0,3465600,KBS
2024-12-16 07:00:00,12660.0,12742.0,12496.0,12578.0,2444300,KBS
2024-12-17 07:00:00,12660.0,12660.0,12454.0,12578.0,2224000,KBS
2024-12-18 07:00:00,12537.0,12742.0,12537.0,12742.0,1930700,KBS
2024-12-19 07:00:00,12454.0,12578.0,12249.0,12413.0,6128000,KBS
2024-12-20 07:00:00,12413.0,12496.0,12331.0,12331.0,2492500,KBS
2024-12-23 07:00:00,12496.0,12701.0,12413.0,12578.0,2437500,KBS
2024-12-24 07:00:00,12413.0,12578.0,12208.0,12413.0,4095300,KBS
2024-12-25 07:00:00,12413.0,12824.0,12249.0,12824.0,7283500,KBS
2024-12-26 07:00:00,12907.0,12907.0,12619.0,12865.0,3446800,KBS
2024-12-27 07:00:00,12907.0,12907.0,12619.0,12701.0,3122500,KBS
2024-12-30 07:00:00,12619.0,12701.0,12454.0,12537.0,2660100,KBS
2024-12-31 07:00:00,12413.0,12660.0,12413.0,12454.0,2227900,KBS
2025-01-02 07:00:00,12454.0,12537.0,12413.0,12454.0,1711700,KBS
2025-01-03 07:00:00,12454.0,12454.0,12167.0,12167.0,3213900,KBS
2025-01-06 07:00:00,12167.0,12249.0,11591.0,11756.0,3997200,KBS
2025-01-07 07:00:00,11838.0,11838.0,11509.0,11591.0,3499000,KBS
2025-01-08 07:00:00,11591.0,11879.0,11427.0,11797.0,2714100,KBS
2025-01-09 07:00:00,11838.0,11879.0,11591.0,11591.0,1483400,KBS
2025-01-10 07:00:00,11632.0,11673.0,11098.0,11098.0,2955200,KBS
2025-01-13 07:00:00,10934.0,11427.0,10934.0,11427.0,3589600,KBS
2025-01-14 07:00:00,11386.0,11427.0,11221.0,11221.0,1265500,KBS
2025-01-15 07:00:00,11304.0,11468.0,11304.0,11427.0,1635800,KBS
2025-01-16 07:00:00,11427.0,11673.0,11304.0,11345.0,1819600,KBS
2025-01-17 07:00:00,11386.0,11715.0,11304.0,11673.0,3288200,KBS
2025-01-20 07:00:00,11673.0,11756.0,11509.0,11509.0,1089800,KBS
2025-01-21 07:00:00,11591.0,11715.0,11468.0,11591.0,2061100,KBS
2025-01-22 07:00:00,11632.0,11673.0,11509.0,11509.0,2343200,KBS
2025-01-23 07:00:00,11673.0,11920.0,11591.0,11838.0,3350600,KBS
2025-01-24 07:00:00,11879.0,12537.0,11838.0,12496.0,5564600,KBS
2025-02-03 07:00:00,12413.0,12496.0,12208.0,12496.0,2801400,KBS
2025-02-04 07:00:00,12454.0,12783.0,12413.0,12742.0,4848200,KBS
2025-02-05 07:00:00,12742.0,13030.0,12742.0,12865.0,5461800,KBS
2025-02-06 07:00:00,12907.0,12907.0,12578.0,12701.0,3249300,KBS
2025-02-07 07:00:00,12742.0,12783.0,12537.0,12578.0,3012100,KBS
2025-02-10 07:00:00,12496.0,12537.0,12372.0,12413.0,4048300,KBS
2025-02-11 07:00:00,12454.0,12742.0,12413.0,12619.0,4274000,KBS
2025-02-12 07:00:00,12619.0,12701.0,12496.0,12496.0,1597800,KBS
2025-02-13 07:00:00,12454.0,12660.0,12454.0,12660.0,2558300,KBS
2025-02-14 07:00:00,12783.0,12948.0,12701.0,12701.0,4346500,KBS
2025-02-17 07:00:00,12742.0,12865.0,12619.0,12701.0,2925100,KBS
2025-02-18 07:00:00,12660.0,13071.0,12660.0,12948.0,6339500,KBS
2025-02-19 07:00:00,13071.0,13852.0,12948.0,13852.0,20702600,KBS
2025-02-20 07:00:00,14016.0,14057.0,13811.0,13893.0,6004800,KBS
2025-02-21 07:00:00,13893.0,14140.0,13688.0,13975.0,6361800,KBS
2025-02-24 07:00:00,13975.0,13975.0,13605.0,13975.0,5779800,KBS
2025-02-25 07:00:00,14057.0,14263.0,13852.0,14057.0,6293400,KBS
2025-02-26 07:00:00,14099.0,14099.0,13811.0,14016.0,4817600,KBS
2025-02-27 07:00:00,14016.0,14510.0,13975.0,14510.0,14436600,KBS
2025-02-28 07:00:00,14551.0,14592.0,14222.0,14386.0,7723800,KBS
2025-03-03 07:00:00,14386.0,14633.0,14263.0,14633.0,6793900,KBS
2025-03-04 07:00:00,14510.0,14633.0,14099.0,14427.0,6080700,KBS
2025-03-05 07:00:00,14386.0,14510.0,14057.0,14057.0,5938300,KBS
2025-03-06 07:00:00,14099.0,14304.0,14016.0,14222.0,5705200,KBS
2025-03-07 07:00:00,14304.0,14921.0,14263.0,14592.0,11902100,KBS
2025-03-10 07:00:00,14756.0,14880.0,14551.0,14674.0,5531500,KBS
2025-03-11 07:00:00,14304.0,14715.0,14304.0,14715.0,6637600,KBS
2025-03-12 07:00:00,14715.0,14715.0,14386.0,14427.0,5762800,KBS
2025-03-13 07:00:00,14386.0,14551.0,14099.0,14181.0,5493200,KBS
2025-03-14 07:00:00,14099.0,14551.0,14016.0,14222.0,5253800,KBS
2025-03-17 07:00:00,14386.0,14797.0,14345.0,14797.0,9573200,KBS
2025-03-18 07:00:00,14880.0,14880.0,14469.0,14510.0,4819200,KBS
2025-03-19 07:00:00,14510.0,14592.0,14222.0,14304.0,6449400,KBS
2025-03-20 07:00:00,14345.0,14427.0,14057.0,14222.0,3845200,KBS
2025-03-21 07:00:00,14345.0,14715.0,14222.0,14263.0,5167500,KBS
2025-03-24 07:00:00,14304.0,14715.0,14304.0,14510.0,7223400,KBS
2025-03-25 07:00:00,14592.0,14921.0,14427.0,14633.0,5974400,KBS
2025-03-26 07:00:00,14633.0,15208.0,14633.0,14962.0,8334400,KBS
2025-03-27 07:00:00,14962.0,15825.0,14715.0,15455.0,14801600,KBS
2025-03-28 07:00:00,15496.0,16030.0,15332.0,15373.0,12613600,KBS
2025-03-31 07:00:00,15291.0,15578.0,14674.0,14797.0,12817600,KBS
2025-04-01 07:00:00,14962.0,14962.0,14715.0,14921.0,5917200,KBS
2025-04-02 07:00:00,15044.0,15455.0,14962.0,15044.0,7120300,KBS
2025-04-03 07:00:00,14057.0,14510.0,14016.0,14016.0,13932300,KBS
2025-04-04 07:00:00,13071.0,13646.0,13071.0,13605.0,18382600,KBS
2025-04-08 07:00:00,13153.0,13318.0,12660.0,12660.0,5658000,KBS
2025-04-09 07:00:00,11797.0,12413.0,11797.0,11797.0,18873000,KBS
2025-04-10 07:00:00,12619.0,12619.0,12619.0,12619.0,367900,KBS
2025-04-11 07:00:00,13112.0,13441.0,12413.0,13400.0,16954100,KBS
2025-04-14 07:00:00,13441.0,14181.0,13194.0,13975.0,8694200,KBS
2025-04-15 07:00:00,13811.0,13934.0,13235.0,13482.0,9167800,KBS
2025-04-16 07:00:00,13277.0,13770.0,13277.0,13523.0,6055900,KBS
2025-04-17 07:00:00,13400.0,14140.0,13318.0,13729.0,6678900,KBS
2025-04-18 07:00:00,13975.0,14222.0,13729.0,13729.0,8918300,KBS
2025-04-21 07:00:00,13811.0,14099.0,13688.0,13934.0,6889900,KBS
2025-04-22 07:00:00,13770.0,14304.0,12989.0,13770.0,17360500,KBS
2025-04-23 07:00:00,14181.0,14592.0,13934.0,14345.0,9105600,KBS
2025-04-24 07:00:00,14304.0,14633.0,14057.0,14551.0,8514700,KBS
2025-04-25 07:00:00,14386.0,14551.0,14222.0,14510.0,5433900,KBS
2025-04-28 07:00:00,14551.0,14551.0,13852.0,14016.0,8426800,KBS
2025-04-29 07:00:00,14099.0,14304.0,13893.0,14140.0,5720200,KBS
2025-05-05 07:00:00,14181.0,14181.0,13893.0,14016.0,7166900,KBS
2025-05-06 07:00:00,14057.0,14510.0,14057.0,14140.0,8585800,KBS
2025-05-07 07:00:00,14140.0,14633.0,14057.0,14427.0,10808000,KBS
2025-05-08 07:00:00,14551.0,15126.0,14469.0,14921.0,11844900,KBS
2025-05-09 07:00:00,15085.0,15085.0,14386.0,14510.0,15628700,KBS
2025-05-12 07:00:00,14551.0,14880.0,14304.0,14797.0,12458200,KBS
2025-05-13 07:00:00,14838.0,14962.0,14551.0,14797.0,11322600,KBS
2025-05-14 07:00:00,14838.0,14962.0,14797.0,14838.0,8635200,KBS
2025-05-15 07:00:00,14838.0,14921.0,14469.0,14551.0,10561900,KBS
2025-05-16 07:00:00,14551.0,14962.0,14510.0,14921.0,13837400,KBS
2025-05-19 07:00:00,14838.0,15291.0,14715.0,14797.0,8250200,KBS
2025-05-20 07:00:00,14838.0,15003.0,14715.0,14962.0,6543700,KBS
2025-05-21 07:00:00,15085.0,15126.0,14715.0,14962.0,6951300,KBS
2025-05-22 07:00:00,15003.0,15332.0,14838.0,15003.0,14205600,KBS
2025-05-23 07:00:00,15044.0,15578.0,14838.0,15496.0,13218600,KBS
2025-05-26 07:00:00,15537.0,16524.0,15003.0,16359.0,14728400,KBS
2025-05-27 07:00:00,16606.0,16606.0,16154.0,16277.0,10403100,KBS
2025-05-28 07:00:00,16277.0,16524.0,15948.0,16030.0,11773700,KBS
2025-05-29 07:00:00,16113.0,16770.0,15989.0,16483.0,10558800,KBS
2025-05-30 07:00:00,16483.0,16524.0,16113.0,16277.0,6029800,KBS
2025-06-02 07:00:00,16277.0,17058.0,16277.0,16770.0,9076300,KBS
2025-06-03 07:00:00,16935.0,16935.0,16483.0,16770.0,7135300,KBS
2025-06-04 07:00:00,16688.0,16811.0,16400.0,16483.0,8025000,KBS
2025-06-05 07:00:00,16483.0,16565.0,16030.0,16277.0,6683700,KBS
2025-06-06 07:00:00,16154.0,16647.0,16154.0,16359.0,5900700,KBS
2025-06-09 07:00:00,16442.0,16935.0,16359.0,16524.0,7517200,KBS
2025-06-10 07:00:00,16483.0,16811.0,16277.0,16442.0,6563000,KBS
2025-06-11 07:00:00,16483.0,16524.0,16154.0,16195.0,4925200,KBS
2025-06-12 07:00:00,16318.0,16606.0,16277.0,16359.0,4862600,KBS
2025-06-13 07:00:00,16072.0,16277.0,15455.0,15661.0,14318600,KBS
2025-06-16 07:00:00,15619.0,15989.0,15619.0,15989.0,5222900,KBS
2025-06-17 07:00:00,16072.0,16359.0,15907.0,16195.0,6265500,KBS
2025-06-18 07:00:00,16195.0,16318.0,15907.0,16195.0,4905600,KBS
2025-06-19 07:00:00,16154.0,16154.0,15825.0,15989.0,3898500,KBS
2025-06-20 07:00:00,15989.0,16072.0,15661.0,15989.0,5532800,KBS
2025-06-23 07:00:00,15825.0,15866.0,15619.0,15661.0,5855000,KBS
2025-06-24 07:00:00,15866.0,16113.0,15743.0,15989.0,5760500,KBS
2025-06-25 07:00:00,16072.0,16277.0,15866.0,15866.0,4790600,KBS
2025-06-26 07:00:00,15907.0,16030.0,15825.0,15989.0,2838700,KBS
2025-06-27 07:00:00,16154.0,16359.0,16030.0,16072.0,6654900,KBS
2025-06-30 07:00:00,16113.0,16811.0,16072.0,16442.0,10473200,KBS
2025-07-01 07:00:00,16565.0,16606.0,16195.0,16359.0,3212600,KBS
2025-07-02 07:00:00,16277.0,16483.0,16236.0,16442.0,3778100,KBS
2025-07-03 07:00:00,16688.0,16853.0,16277.0,16277.0,8132000,KBS
2025-07-04 07:00:00,16359.0,17387.0,16359.0,17181.0,15205400,KBS
2025-07-07 07:00:00,17551.0,18373.0,17305.0,18373.0,13071900,KBS
2025-07-08 07:00:00,18826.0,19524.0,18415.0,18908.0,10513500,KBS
2025-07-09 07:00:00,18949.0,19319.0,18702.0,18949.0,8291100,KBS
2025-07-10 07:00:00,19113.0,19360.0,18867.0,19154.0,7008300,KBS
2025-07-11 07:00:00,19278.0,19894.0,18702.0,19607.0,10006100,KBS
2025-07-14 07:00:00,19524.0,20511.0,18990.0,20429.0,9791600,KBS
2025-07-15 07:00:00,20141.0,20387.0,19689.0,19689.0,10319700,KBS
2025-07-16 07:00:00,19565.0,20018.0,19442.0,19853.0,6168400,KBS
2025-07-17 07:00:00,19935.0,21127.0,19812.0,20305.0,9050000,KBS
2025-07-18 07:00:00,20470.0,20716.0,19894.0,20141.0,7400600,KBS
2025-07-21 07:00:00,20141.0,20470.0,19771.0,19771.0,7304200,KBS
2025-07-22 07:00:00,19483.0,20223.0,19483.0,20223.0,7580800,KBS
2025-07-23 07:00:00,20511.0,21456.0,20141.0,20511.0,11045600,KBS
2025-07-24 07:00:00,20511.0,20799.0,20182.0,20757.0,6578800,KBS
2025-07-25 07:00:00,20881.0,21127.0,20511.0,21045.0,7989400,KBS
2025-07-28 07:00:00,21374.0,22237.0,21168.0,21703.0,10437200,KBS
2025-07-29 07:00:00,21785.0,21785.0,20223.0,20223.0,21247200,KBS
2025-07-30 07:00:00,20387.0,20634.0,19319.0,19565.0,15960900,KBS
2025-07-31 07:00:00,20059.0,20059.0,18784.0,19689.0,12936500,KBS
2025-08-01 07:00:00,19689.0,19730.0,18908.0,18908.0,8031200,KBS
2025-08-04 07:00:00,18620.0,19648.0,18579.0,19648.0,6356800,KBS
2025-08-05 07:00:00,19730.0,20346.0,18743.0,19401.0,13819300,KBS
2025-08-06 07:00:00,19565.0,19976.0,19154.0,19565.0,7799500,KBS
2025-08-07 07:00:00,19730.0,19976.0,19607.0,19853.0,10230900,KBS
2025-08-08 07:00:00,20018.0,20552.0,19483.0,20387.0,14638200,KBS
2025-08-11 07:00:00,20593.0,21127.0,20429.0,20552.0,10267000,KBS
2025-08-12 07:00:00,20552.0,20922.0,20018.0,20840.0,11195000,KBS
2025-08-13 07:00:00,21127.0,21579.0,20799.0,21374.0,14318300,KBS
2025-08-14 07:00:00,21785.0,21785.0,21045.0,21374.0,11127700,KBS
2025-08-15 07:00:00,21415.0,21456.0,20100.0,20305.0,12137000,KBS
2025-08-18 07:00:00,20470.0,20470.0,19730.0,20223.0,12084400,KBS
2025-08-19 07:00:00,20305.0,20963.0,19976.0,20593.0,12599100,KBS
2025-08-20 07:00:00,22023.0,22023.0,20498.0,21165.0,11995300,KBS
2025-08-21 07:00:00,21260.0,21260.0,20355.0,20355.0,6529000,KBS
2025-08-22 07:00:00,19401.0,19926.0,18972.0,19592.0,21285200,KBS
2025-08-25 07:00:00,19640.0,19735.0,18829.0,19401.0,8352000,KBS
2025-08-26 07:00:00,19401.0,20402.0,19163.0,20402.0,8182800,KBS
2025-08-27 07:00:00,20402.0,21213.0,20021.0,20212.0,10101200,KBS
2025-08-28 07:00:00,20498.0,20974.0,20069.0,20974.0,6955700,KBS
2025-08-29 07:00:00,21403.0,21546.0,20879.0,20879.0,7925500,KBS
2025-09-03 07:00:00,20927.0,21642.0,20879.0,21594.0,13690300,KBS
2025-09-04 07:00:00,21880.0,23072.0,21880.0,23024.0,24450200,KBS
2025-09-05 07:00:00,23072.0,23215.0,21880.0,21880.0,10852400,KBS
2025-09-08 07:00:00,21880.0,21880.0,20450.0,20450.0,20227200,KBS
2025-09-09 07:00:00,20450.0,20784.0,19973.0,20784.0,6978000,KBS
2025-09-10 07:00:00,20974.0,20974.0,20164.0,20498.0,5548700,KBS
2025-09-11 07:00:00,20498.0,20498.0,19592.0,20164.0,8275000,KBS
2025-09-12 07:00:00,20307.0,20974.0,20307.0,20641.0,6564700,KBS
2025-09-15 07:00:00,20784.0,21022.0,20641.0,20974.0,6924700,KBS
2025-09-16 07:00:00,21356.0,21356.0,20641.0,20736.0,6304700,KBS
2025-09-17 07:00:00,20688.0,20831.0,20259.0,20307.0,5231900,KBS
2025-09-18 07:00:00,20450.0,20450.0,19926.0,20021.0,7008700,KBS
2025-09-19 07:00:00,20355.0,20498.0,19735.0,19735.0,8264000,KBS
2025-09-22 07:00:00,20116.0,20355.0,19592.0,20116.0,6896400,KBS
2025-09-23 07:00:00,20307.0,20355.0,19878.0,20212.0,4088300,KBS
2025-09-24 07:00:00,20164.0,20688.0,19735.0,20688.0,5314500,KBS
2025-09-25 07:00:00,20784.0,21403.0,20688.0,21165.0,14423500,KBS
2025-09-26 07:00:00,21165.0,21451.0,20831.0,20974.0,10712000,KBS
2025-09-29 07:00:00,20593.0,21117.0,20545.0,21022.0,6380600,KBS
2025-09-30 07:00:00,21022.0,21117.0,20069.0,21117.0,7934700,KBS
2025-10-01 07:00:00,21117.0,22595.0,20831.0,21832.0,19877600,KBS
2025-10-02 07:00:00,22071.0,22071.0,20974.0,21070.0,6145000,KBS
2025-10-03 07:00:00,20736.0,20974.0,20402.0,20402.0,7840800,KBS
2025-10-06 07:00:00,20784.0,21689.0,20545.0,21642.0,6936900,KBS
2025-10-07 07:00:00,21689.0,21689.0,21070.0,21070.0,5349800,KBS
2025-10-08 07:00:00,21451.0,22309.0,20784.0,22214.0,13472600,KBS
2025-10-09 07:00:00,22452.0,22786.0,22071.0,22500.0,9075600,KBS
2025-10-10 07:00:00,22833.0,23548.0,22500.0,23548.0,23770100,KBS
2025-10-13 07:00:00,23167.0,24693.0,23167.0,24645.0,19285000,KBS
2025-10-14 07:00:00,24979.0,25026.0,23548.0,23548.0,19636300,KBS
2025-10-15 07:00:00,23644.0,24025.0,22976.0,23358.0,16970100,KBS
2025-10-16 07:00:00,23548.0,24311.0,23215.0,24311.0,15551900,KBS
2025-10-17 07:00:00,24407.0,24597.0,23358.0,23358.0,14042200,KBS
2025-10-20 07:00:00,23072.0,23405.0,21737.0,21737.0,14583300,KBS
2025-10-21 07:00:00,21260.0,21642.0,20259.0,20498.0,17940000,KBS
2025-10-22 07:00:00,20688.0,21594.0,20450.0,21499.0,8734300,KBS
2025-10-23 07:00:00,21499.0,21785.0,20974.0,21022.0,6013400,KBS
2025-10-24 07:00:00,20974.0,21165.0,20355.0,20974.0,7445600,KBS
2025-10-27 07:00:00,21022.0,21165.0,20164.0,20164.0,5549500,KBS
2025-10-28 07:00:00,20069.0,20927.0,19783.0,20927.0,7208400,KBS
2025-10-29 07:00:00,21022.0,21308.0,20879.0,21165.0,4212300,KBS
2025-10-30 07:00:00,20927.0,21499.0,20402.0,21070.0,8459800,KBS
2025-10-31 07:00:00,21070.0,21070.0,20545.0,20641.0,4035500,KBS
2025-11-03 07:00:00,20498.0,20688.0,19211.0,19211.0,7642300,KBS
2025-11-04 07:00:00,19115.0,20545.0,18400.0,20545.0,10882700,KBS
2025-11-05 07:00:00,20164.0,21070.0,20116.0,20974.0,6217200,KBS
2025-11-06 07:00:00,20974.0,21070.0,20259.0,20688.0,6462200,KBS
2025-11-07 07:00:00,20498.0,20545.0,19354.0,20021.0,6631600,KBS
2025-11-10 07:00:00,19687.0,20116.0,19258.0,19544.0,3985300,KBS
2025-11-11 07:00:00,19640.0,19878.0,19306.0,19878.0,4239000,KBS
2025-11-12 07:00:00,20116.0,20402.0,19735.0,20402.0,4891700,KBS
2025-11-13 07:00:00,20402.0,20402.0,20021.0,20069.0,2862800,KBS
2025-11-14 07:00:00,19973.0,20498.0,19926.0,20307.0,3831800,KBS
2025-11-17 07:00:00,20498.0,20879.0,20355.0,20736.0,4904000,KBS
2025-11-18 07:00:00,20688.0,20831.0,20402.0,20736.0,5666100,KBS
2025-11-19 07:00:00,20736.0,20736.0,20116.0,20736.0,4481600,KBS
2025-11-20 07:00:00,20498.0,20593.0,20212.0,20450.0,4043300,KBS
2025-11-21 07:00:00,20900.0,20900.0,20250.0,20500.0,4371400,KBS
2025-11-24 07:00:00,20500.0,20600.0,20200.0,20450.0,3703700,KBS
2025-11-25 07:00:00,20450.0,20550.0,19800.0,20100.0,4669300,KBS
2025-11-26 07:00:00,20100.0,20750.0,20050.0,20700.0,4914700,KBS
2025-11-27 07:00:00,20700.0,20750.0,20200.0,20350.0,3509500,KBS
2025-11-28 07:00:00,20400.0,20450.0,19950.0,20450.0,5774700,KBS
2025-12-01 07:00:00,20450.0,20450.0,20050.0,20300.0,2939500,KBS
2025-12-02 07:00:00,20050.0,20200.0,19600.0,20200.0,4415400,KBS
2025-12-03 07:00:00,20250.0,20350.0,19950.0,20300.0,2763400,KBS
2025-12-04 07:00:00,20400.0,20800.0,20300.0,20750.0,7464400,KBS
2025-12-05 07:00:00,20900.0,20900.0,20200.0,20400.0,3584800,KBS
2025-12-08 07:00:00,20250.0,20400.0,19950.0,20100.0,2740700,KBS
2025-12-09 07:00:00,20000.0,20100.0,19300.0,20100.0,5472800,KBS
2025-12-10 07:00:00,19950.0,20000.0,19700.0,20000.0,1721200,KBS
2025-12-11 07:00:00,19950.0,20100.0,19650.0,19950.0,1964300,KBS
2025-12-12 07:00:00,19850.0,19850.0,18600.0,18600.0,7173100,KBS
2025-12-15 07:00:00,18600.0,18700.0,17650.0,17950.0,5363600,KBS
2025-12-16 07:00:00,17750.0,19000.0,17000.0,19000.0,9970400,KBS
2025-12-17 07:00:00,18550.0,18750.0,18350.0,18650.0,2812300,KBS
2025-12-18 07:00:00,18400.0,18400.0,18050.0,18400.0,5172500,KBS
2025-12-19 07:00:00,18250.0,18800.0,18100.0,18800.0,4761400,KBS
2025-12-22 07:00:00,18750.0,19200.0,18550.0,19150.0,4994600,KBS
2025-12-23 07:00:00,19050.0,19100.0,18650.0,18850.0,3038400,KBS
2025-12-24 07:00:00,18700.0,19050.0,18550.0,19000.0,4791200,KBS
2025-12-25 07:00:00,18900.0,18950.0,18450.0,18850.0,6146900,KBS
2025-12-26 07:00:00,18350.0,18750.0,18000.0,18700.0,5517900,KBS
2025-12-29 07:00:00,18550.0,18600.0,18250.0,18500.0,3149500,KBS
2025-12-30 07:00:00,18400.0,18450.0,18150.0,18300.0,3216800,KBS
2025-12-31 07:00:00,18200.0,18300.0,17900.0,18300.0,4990600,KBS
2026-01-05 07:00:00,18150.0,18200.0,17500.0,17900.0,7408600,KBS
2026-01-06 07:00:00,17600.0,17850.0,17000.0,17250.0,8397100,KBS
2026-01-07 07:00:00,17400.0,17650.0,17000.0,17600.0,5299900,KBS
2026-01-08 07:00:00,17600.0,17700.0,17100.0,17100.0,7069700,KBS
2026-01-09 07:00:00,17100.0,17100.0,15950.0,15950.0,18430400,KBS
2026-01-12 07:00:00,15950.0,16600.0,15500.0,16300.0,7789900,KBS
2026-01-13 07:00:00,16600.0,16850.0,16450.0,16450.0,6674400,KBS
2026-01-14 07:00:00,16450.0,16600.0,15950.0,15950.0,9496700,KBS
2026-01-15 07:00:00,15700.0,16300.0,15700.0,15950.0,7917200,KBS
2026-01-16 07:00:00,16050.0,16300.0,15750.0,15900.0,4785200,KBS
2026-01-19 07:00:00,15900.0,16100.0,15750.0,16000.0,5439200,KBS
2026-01-20 07:00:00,16000.0,16050.0,15550.0,15550.0,7560700,KBS
2026-01-21 07:00:00,15500.0,15850.0,15000.0,15100.0,8237900,KBS
2026-01-22 07:00:00,15150.0,16150.0,15100.0,16050.0,11595200,KBS
2026-01-23 07:00:00,16050.0,16050.0,15350.0,15350.0,5632200,KBS
2026-01-26 07:00:00,15400.0,15500.0,14550.0,14600.0,7350500,KBS
2026-01-27 07:00:00,14600.0,14800.0,14400.0,14600.0,4429600,KBS
2026-01-28 07:00:00,14750.0,15500.0,14050.0,15500.0,9149500,KBS
2026-01-29 07:00:00,15400.0,15500.0,14900.0,15450.0,5677800,KBS
2026-01-30 07:00:00,15500.0,15700.0,15150.0,15700.0,7576700,KBS
2026-02-02 07:00:00,15450.0,15500.0,14900.0,15400.0,7648600,KBS
2026-02-03 07:00:00,15400.0,15500.0,15250.0,15500.0,4408200,KBS
2026-02-04 07:00:00,15350.0,15550.0,15200.0,15400.0,4845800,KBS
2026-02-05 07:00:00,15550.0,15650.0,15300.0,15400.0,4279100,KBS
2026-02-06 07:00:00,15300.0,15300.0,14700.0,14700.0,5329800,KBS
2026-02-09 07:00:00,14800.0,15000.0,14450.0,15000.0,3088500,KBS
2026-02-10 07:00:00,14900.0,15200.0,14800.0,15050.0,3630700,KBS
2026-02-11 07:00:00,15050.0,16100.0,15050.0,16100.0,14272900,KBS
2026-02-12 07:00:00,16300.0,16700.0,15850.0,16550.0,7090600,KBS
2026-02-13 07:00:00,16400.0,16650.0,16100.0,16650.0,6540200,KBS
2026-02-23 07:00:00,16650.0,16700.0,16200.0,16700.0,5432900,KBS
2026-02-24 07:00:00,16600.0,16600.0,16300.0,16550.0,5457800,KBS
2026-02-25 07:00:00,16400.0,16500.0,15900.0,15900.0,8097600,KBS
2026-02-26 07:00:00,15950.0,16000.0,15500.0,15800.0,5920300,KBS
2026-02-27 07:00:00,15900.0,15900.0,15200.0,15200.0,8753700,KBS
2026-03-02 07:00:00,14550.0,14950.0,14500.0,14600.0,12189300,KBS
2026-03-03 07:00:00,14550.0,14850.0,14300.0,14400.0,6788100,KBS
2026-03-04 07:00:00,14300.0,14500.0,13450.0,13950.0,9873200,KBS
2026-03-05 07:00:00,14200.0,14400.0,13900.0,13950.0,4846400,KBS
2026-03-06 07:00:00,14200.0,14200.0,13700.0,13800.0,4739000,KBS
2026-03-09 07:00:00,12900.0,13100.0,12850.0,12850.0,10178200,KBS
2026-03-10 07:00:00,13200.0,13700.0,12950.0,13700.0,10965400,KBS
2026-03-11 07:00:00,13900.0,14650.0,13800.0,14650.0,10558700,KBS
2026-03-12 07:00:00,14650.0,14850.0,14250.0,14600.0,5965100,KBS
2026-03-13 07:00:00,14300.0,15250.0,14300.0,15100.0,13619400,KBS
2026-03-16 07:00:00,15100.0,15500.0,14750.0,14850.0,5881100,KBS
2026-03-17 07:00:00,15100.0,15100.0,14500.0,14500.0,4279500,KBS
2026-03-18 07:00:00,14400.0,14700.0,14250.0,14400.0,3640300,KBS
2026-03-19 07:00:00,14250.0,15150.0,14200.0,14600.0,7546200,KBS
2026-03-20 07:00:00,14600.0,15200.0,14550.0,14900.0,9013900,KBS
2026-03-23 07:00:00,14800.0,15200.0,14250.0,14950.0,12342600,KBS
2026-03-24 07:00:00,15350.0,15950.0,15150.0,15950.0,27190500,KBS
2026-03-25 07:00:00,16200.0,17000.0,16000.0,16500.0,15023600,KBS
2026-03-26 07:00:00,16500.0,16500.0,15850.0,15900.0,12286900,KBS
2026-03-27 07:00:00,15850.0,16850.0,15850.0,16700.0,15421600,KBS
2026-03-30 07:00:00,16200.0,16900.0,16100.0,16350.0,10710200,KBS
2026-03-31 07:00:00,16650.0,17450.0,16350.0,17400.0,18683800,KBS
2026-04-01 07:00:00,17900.0,17900.0,17000.0,17500.0,10216400,KBS
2026-04-02 07:00:00,17300.0,17300.0,16800.0,17200.0,9576400,KBS
2026-04-03 07:00:00,17200.0,17250.0,16500.0,16500.0,11924400,KBS
2026-04-06 07:00:00,16250.0,16750.0,15450.0,15800.0,12990500,KBS
2026-04-07 07:00:00,16050.0,16600.0,15750.0,16150.0,8606900,KBS
2026-04-08 07:00:00,16950.0,17250.0,16450.0,17250.0,14833000,KBS
2026-04-09 07:00:00,17100.0,17800.0,16900.0,17150.0,13032300,KBS
2026-04-10 07:00:00,17350.0,17400.0,16650.0,17000.0,13558200,KBS
2026-04-13 07:00:00,16850.0,17350.0,16750.0,17100.0,6734100,KBS
2026-04-14 07:00:00,17400.0,17800.0,17150.0,17300.0,15569000,KBS
2026-04-15 07:00:00,17400.0,17700.0,17000.0,17000.0,11715200,KBS
2026-04-16 07:00:00,17000.0,17700.0,16800.0,17550.0,14124000,KBS
2026-04-17 07:00:00,17700.0,17700.0,17100.0,17100.0,8089300,KBS
2026-04-20 07:00:00,17100.0,17350.0,16950.0,17100.0,5979500,KBS
2026-04-21 07:00:00,17150.0,17250.0,16600.0,16700.0,9621200,KBS
2026-04-22 07:00:00,16600.0,17000.0,16600.0,16900.0,5088100,KBS
2026-04-23 07:00:00,16850.0,17250.0,16400.0,17100.0,8232600,KBS
2026-04-24 07:00:00,17050.0,18000.0,16700.0,17500.0,12934300,KBS
2026-04-28 07:00:00,17550.0,18150.0,17350.0,17900.0,14117600,KBS
2026-04-29 07:00:00,17650.0,18300.0,17650.0,18150.0,13900800,KBS
2026-05-04 07:00:00,18300.0,18500.0,17300.0,17300.0,13654200,KBS
2026-05-05 07:00:00,17250.0,17350.0,16600.0,17050.0,12306500,KBS
2026-05-06 07:00:00,17200.0,17550.0,16950.0,17350.0,5739800,KBS
2026-05-07 07:00:00,17500.0,17750.0,17050.0,17050.0,9322000,KBS
2026-05-08 07:00:00,17000.0,17250.0,16900.0,16950.0,8575100,KBS
2026-05-11 07:00:00,17000.0,17450.0,16600.0,16600.0,15919400,KBS
2026-05-12 07:00:00,16800.0,17200.0,16700.0,16800.0,6669500,KBS
2026-05-13 07:00:00,16850.0,17100.0,16600.0,16750.0,5817500,KBS
2026-05-14 07:00:00,16800.0,17000.0,16700.0,16800.0,3338100,KBS
2026-05-15 07:00:00,16850.0,17050.0,16700.0,16800.0,6540700,KBS
2026-05-18 07:00:00,16750.0,16800.0,16300.0,16650.0,7481600,KBS
2026-05-19 07:00:00,16800.0,16850.0,16400.0,16400.0,6828700,KBS
2026-05-20 07:00:00,16400.0,16500.0,15300.0,15550.0,17461100,KBS
2026-05-21 07:00:00,15700.0,15800.0,15200.0,15600.0,5577700,KBS
2026-05-22 07:00:00,15600.0,15800.0,15400.0,15650.0,4200300,KBS
2026-05-25 07:00:00,15650.0,16150.0,15600.0,15650.0,3141400,KBS
2026-05-26 07:00:00,15750.0,16150.0,15600.0,16000.0,5321000,KBS
2026-05-27 07:00:00,16000.0,16050.0,15750.0,15750.0,2849500,KBS
2026-05-28 07:00:00,15700.0,15900.0,15400.0,15450.0,3754300,KBS
2026-05-29 07:00:00,15600.0,15600.0,15050.0,15050.0,6842100,KBS
2026-06-01 07:00:00,15250.0,15500.0,15100.0,15500.0,3285600,KBS
2026-06-02 07:00:00,15450.0,15600.0,14800.0,15000.0,6050200,KBS
2026-06-03 07:00:00,15050.0,15300.0,14900.0,15150.0,2705800,KBS
2026-06-04 07:00:00,15150.0,15200.0,14850.0,14900.0,2317400,KBS
2026-06-05 07:00:00,14950.0,15050.0,14700.0,14800.0,3021200,KBS
