date,open,high,low,close,volume,_source
2020-01-02 07:00:00,5985.0,6354.0,5957.0,6042.0,130120,KBS
2020-01-03 07:00:00,6042.0,6183.0,6042.0,6098.0,99170,KBS
2020-01-06 07:00:00,6070.0,6070.0,5957.0,5999.0,112640,KBS
2020-01-07 07:00:00,5999.0,6027.0,5971.0,6013.0,65060,KBS
2020-01-08 07:00:00,6013.0,6013.0,5928.0,5928.0,102880,KBS
2020-01-09 07:00:00,5928.0,6042.0,5928.0,5985.0,189800,KBS
2020-01-10 07:00:00,5985.0,6113.0,5985.0,6098.0,133980,KBS
2020-01-13 07:00:00,6098.0,6141.0,6070.0,6113.0,98460,KBS
2020-01-14 07:00:00,6113.0,6155.0,6113.0,6155.0,226240,KBS
2020-01-15 07:00:00,6155.0,6169.0,5985.0,6169.0,46350,KBS
2020-01-16 07:00:00,6169.0,6269.0,6169.0,6212.0,383350,KBS
2020-01-17 07:00:00,6283.0,6283.0,6113.0,6113.0,37830,KBS
2020-01-20 07:00:00,6113.0,6169.0,5687.0,6098.0,78000,KBS
2020-01-21 07:00:00,5928.0,6127.0,5928.0,6098.0,122920,KBS
2020-01-22 07:00:00,6013.0,6113.0,6013.0,6098.0,45070,KBS
2020-01-30 07:00:00,6027.0,6070.0,5985.0,6070.0,103000,KBS
2020-01-31 07:00:00,5985.0,6070.0,5673.0,5928.0,89490,KBS
2020-02-03 07:00:00,5559.0,5886.0,5531.0,5886.0,173210,KBS
2020-02-04 07:00:00,5957.0,5971.0,5815.0,5957.0,14600,KBS
2020-02-05 07:00:00,5914.0,5985.0,5914.0,5985.0,28510,KBS
2020-02-06 07:00:00,6070.0,6098.0,5928.0,6070.0,77450,KBS
2020-02-07 07:00:00,5971.0,6056.0,5900.0,5900.0,78430,KBS
2020-02-10 07:00:00,5985.0,5985.0,5871.0,5928.0,71850,KBS
2020-02-11 07:00:00,5928.0,5971.0,5900.0,5957.0,43150,KBS
2020-02-12 07:00:00,5957.0,6013.0,5957.0,5971.0,90120,KBS
2020-02-13 07:00:00,5971.0,6013.0,5942.0,5971.0,113750,KBS
2020-02-14 07:00:00,5971.0,6212.0,5971.0,6183.0,294880,KBS
2020-02-17 07:00:00,6212.0,6226.0,6098.0,6183.0,207270,KBS
2020-02-18 07:00:00,6183.0,6198.0,6098.0,6183.0,111000,KBS
2020-02-19 07:00:00,6155.0,6155.0,6042.0,6042.0,124780,KBS
2020-02-20 07:00:00,6070.0,6084.0,6056.0,6070.0,145520,KBS
2020-02-21 07:00:00,6056.0,6084.0,6013.0,6042.0,90300,KBS
2020-02-24 07:00:00,5815.0,5957.0,5744.0,5744.0,161490,KBS
2020-02-25 07:00:00,5588.0,5942.0,5588.0,5942.0,27270,KBS
2020-02-26 07:00:00,5928.0,5928.0,5815.0,5886.0,41910,KBS
2020-02-27 07:00:00,5886.0,6155.0,5815.0,6084.0,271110,KBS
2020-02-28 07:00:00,6042.0,6084.0,5957.0,6070.0,156510,KBS
2020-03-02 07:00:00,6084.0,6098.0,5985.0,6056.0,99240,KBS
2020-03-03 07:00:00,6098.0,6169.0,6056.0,6070.0,254330,KBS
2020-03-04 07:00:00,6169.0,6283.0,6056.0,6212.0,671700,KBS
2020-03-05 07:00:00,6325.0,6325.0,6212.0,6240.0,310620,KBS
2020-03-06 07:00:00,6212.0,6240.0,6141.0,6240.0,233160,KBS
2020-03-09 07:00:00,5815.0,5957.0,5815.0,5815.0,438780,KBS
2020-03-10 07:00:00,5489.0,5957.0,5489.0,5957.0,242330,KBS
2020-03-11 07:00:00,5957.0,5957.0,5588.0,5957.0,154120,KBS
2020-03-12 07:00:00,5758.0,5786.0,5545.0,5758.0,610480,KBS
2020-03-13 07:00:00,5361.0,5786.0,5361.0,5574.0,281610,KBS
2020-03-16 07:00:00,5574.0,5801.0,5574.0,5801.0,563900,KBS
2020-03-17 07:00:00,5758.0,5957.0,5574.0,5957.0,269620,KBS
2020-03-18 07:00:00,5957.0,6042.0,5914.0,6042.0,558100,KBS
2020-03-19 07:00:00,6027.0,6042.0,5900.0,6042.0,503440,KBS
2020-03-20 07:00:00,5914.0,6212.0,5914.0,6212.0,1064230,KBS
2020-03-23 07:00:00,6212.0,6212.0,5815.0,6042.0,763990,KBS
2020-03-24 07:00:00,6098.0,6226.0,5957.0,6226.0,1415010,KBS
2020-03-25 07:00:00,6113.0,6226.0,6113.0,6212.0,249770,KBS
2020-03-26 07:00:00,6212.0,6212.0,5815.0,5815.0,117490,KBS
2020-03-27 07:00:00,5616.0,5815.0,5602.0,5602.0,98820,KBS
2020-03-30 07:00:00,5247.0,5531.0,5219.0,5219.0,166320,KBS
2020-03-31 07:00:00,5219.0,5219.0,4865.0,4865.0,122410,KBS
2020-04-01 07:00:00,4524.0,4964.0,4524.0,4595.0,286720,KBS
2020-04-03 07:00:00,4595.0,4794.0,4595.0,4751.0,101430,KBS
2020-04-06 07:00:00,4822.0,4964.0,4751.0,4950.0,395510,KBS
2020-04-07 07:00:00,4964.0,4964.0,4794.0,4964.0,200320,KBS
2020-04-08 07:00:00,4680.0,4921.0,4680.0,4850.0,52310,KBS
2020-04-09 07:00:00,4950.0,4992.0,4879.0,4935.0,167930,KBS
2020-04-10 07:00:00,4935.0,4935.0,4822.0,4879.0,86670,KBS
2020-04-13 07:00:00,4921.0,4964.0,4879.0,4935.0,204450,KBS
2020-04-14 07:00:00,4964.0,4978.0,4879.0,4921.0,119710,KBS
2020-04-15 07:00:00,4921.0,5191.0,4921.0,5191.0,197400,KBS
2020-04-16 07:00:00,5191.0,5191.0,5049.0,5148.0,73710,KBS
2020-04-17 07:00:00,5134.0,5276.0,5134.0,5247.0,135520,KBS
2020-04-20 07:00:00,5247.0,5304.0,5191.0,5191.0,126480,KBS
2020-04-21 07:00:00,5177.0,5177.0,4850.0,4879.0,156100,KBS
2020-04-22 07:00:00,4822.0,5021.0,4822.0,5021.0,33200,KBS
2020-04-23 07:00:00,5162.0,5162.0,4964.0,5021.0,31680,KBS
2020-04-24 07:00:00,5120.0,5120.0,5021.0,5021.0,34280,KBS
2020-04-27 07:00:00,5021.0,5049.0,4935.0,4964.0,29160,KBS
2020-04-28 07:00:00,5021.0,5021.0,4879.0,4964.0,34610,KBS
2020-04-29 07:00:00,4935.0,5006.0,4879.0,4935.0,88040,KBS
2020-05-04 07:00:00,4879.0,4978.0,4879.0,4935.0,74680,KBS
2020-05-05 07:00:00,4992.0,4992.0,4935.0,4992.0,33750,KBS
2020-05-06 07:00:00,5021.0,5106.0,4992.0,5091.0,101950,KBS
2020-05-07 07:00:00,5162.0,5162.0,5091.0,5134.0,85730,KBS
2020-05-08 07:00:00,5162.0,5247.0,5120.0,5134.0,168160,KBS
2020-05-11 07:00:00,5318.0,5389.0,5134.0,5318.0,137630,KBS
2020-05-12 07:00:00,5333.0,5687.0,5262.0,5687.0,353420,KBS
2020-05-13 07:00:00,5701.0,6084.0,5630.0,6084.0,346820,KBS
2020-05-14 07:00:00,6382.0,6382.0,6084.0,6198.0,652330,KBS
2020-05-15 07:00:00,5985.0,6198.0,5900.0,6198.0,338510,KBS
2020-05-18 07:00:00,5957.0,6183.0,5928.0,6098.0,102210,KBS
2020-05-19 07:00:00,6212.0,6269.0,6098.0,6240.0,310870,KBS
2020-05-20 07:00:00,6240.0,6240.0,6127.0,6226.0,136380,KBS
2020-05-21 07:00:00,6212.0,6240.0,6127.0,6183.0,161530,KBS
2020-05-22 07:00:00,6226.0,6240.0,5957.0,5957.0,166670,KBS
2020-05-25 07:00:00,5957.0,6042.0,5900.0,5957.0,77950,KBS
2020-05-26 07:00:00,5957.0,5985.0,5871.0,5985.0,238050,KBS
2020-05-27 07:00:00,6070.0,6098.0,5928.0,5928.0,74930,KBS
2020-05-28 07:00:00,5957.0,6084.0,5843.0,5857.0,88230,KBS
2020-05-29 07:00:00,5843.0,5900.0,5815.0,5857.0,123320,KBS
2020-06-01 07:00:00,5900.0,6070.0,5900.0,6042.0,150440,KBS
2020-06-02 07:00:00,6042.0,6098.0,5957.0,5957.0,125520,KBS
2020-06-03 07:00:00,5957.0,6269.0,5957.0,6226.0,546590,KBS
2020-06-04 07:00:00,6240.0,6269.0,6212.0,6240.0,313230,KBS
2020-06-05 07:00:00,6212.0,6269.0,6183.0,6226.0,323580,KBS
2020-06-08 07:00:00,6155.0,6240.0,6155.0,6183.0,132990,KBS
2020-06-09 07:00:00,6183.0,6183.0,6098.0,6141.0,42790,KBS
2020-06-10 07:00:00,6141.0,6240.0,6141.0,6240.0,126730,KBS
2020-06-11 07:00:00,6240.0,6283.0,5843.0,5843.0,126510,KBS
2020-06-12 07:00:00,5474.0,5957.0,5474.0,5957.0,149330,KBS
2020-06-15 07:00:00,5957.0,5957.0,5758.0,5758.0,82650,KBS
2020-06-16 07:00:00,5758.0,5957.0,5758.0,5957.0,67860,KBS
2020-06-17 07:00:00,5957.0,5957.0,5829.0,5829.0,19700,KBS
2020-06-18 07:00:00,5786.0,5871.0,5786.0,5857.0,20140,KBS
2020-06-19 07:00:00,5871.0,5957.0,5801.0,5957.0,82100,KBS
2020-06-22 07:00:00,5957.0,6042.0,5815.0,5942.0,122470,KBS
2020-06-23 07:00:00,6070.0,6070.0,5886.0,6042.0,145090,KBS
2020-06-24 07:00:00,5928.0,6042.0,5928.0,6027.0,148580,KBS
2020-06-25 07:00:00,5914.0,5985.0,5843.0,5957.0,75010,KBS
2020-06-26 07:00:00,5871.0,5999.0,5871.0,5999.0,59750,KBS
2020-06-29 07:00:00,5957.0,5957.0,5758.0,5914.0,90490,KBS
2020-06-30 07:00:00,5914.0,5914.0,5843.0,5843.0,35420,KBS
2020-07-01 07:00:00,5843.0,5928.0,5815.0,5914.0,23010,KBS
2020-07-02 07:00:00,5815.0,5914.0,5815.0,5900.0,33440,KBS
2020-07-03 07:00:00,5900.0,5900.0,5843.0,5843.0,22730,KBS
2020-07-06 07:00:00,5886.0,5928.0,5857.0,5928.0,55120,KBS
2020-07-07 07:00:00,5957.0,6042.0,5942.0,5942.0,85360,KBS
2020-07-08 07:00:00,5942.0,6155.0,5942.0,6070.0,79230,KBS
2020-07-09 07:00:00,6098.0,6325.0,6098.0,6226.0,214960,KBS
2020-07-10 07:00:00,6098.0,6226.0,6098.0,6155.0,67580,KBS
2020-07-13 07:00:00,6183.0,6354.0,6098.0,6183.0,83070,KBS
2020-07-14 07:00:00,6183.0,6183.0,6084.0,6155.0,34430,KBS
2020-07-15 07:00:00,6169.0,6198.0,6127.0,6141.0,22780,KBS
2020-07-16 07:00:00,6141.0,6297.0,6084.0,6269.0,116430,KBS
2020-07-17 07:00:00,6198.0,6269.0,6198.0,6240.0,63130,KBS
2020-07-20 07:00:00,6240.0,6240.0,6198.0,6198.0,30750,KBS
2020-07-21 07:00:00,6198.0,6198.0,6056.0,6098.0,71650,KBS
2020-07-22 07:00:00,6183.0,6183.0,5985.0,6098.0,59360,KBS
2020-07-23 07:00:00,6127.0,6127.0,5957.0,6070.0,67290,KBS
2020-07-24 07:00:00,6013.0,6183.0,5815.0,5871.0,155090,KBS
2020-07-27 07:00:00,5503.0,5786.0,5503.0,5531.0,101280,KBS
2020-07-28 07:00:00,5531.0,5914.0,5531.0,5914.0,211440,KBS
2020-07-29 07:00:00,5730.0,5815.0,5588.0,5758.0,65230,KBS
2020-07-30 07:00:00,5673.0,5815.0,5673.0,5815.0,16870,KBS
2020-07-31 07:00:00,5616.0,5843.0,5616.0,5843.0,35190,KBS
2020-08-03 07:00:00,5871.0,5871.0,5843.0,5857.0,23300,KBS
2020-08-04 07:00:00,5957.0,6098.0,5857.0,5928.0,75210,KBS
2020-08-05 07:00:00,6098.0,6098.0,5900.0,5957.0,26400,KBS
2020-08-06 07:00:00,5957.0,5957.0,5886.0,5957.0,51960,KBS
2020-08-07 07:00:00,6013.0,6013.0,5900.0,5928.0,22300,KBS
2020-08-10 07:00:00,5928.0,5985.0,5928.0,5957.0,63600,KBS
2020-08-11 07:00:00,5985.0,5985.0,5928.0,5985.0,38000,KBS
2020-08-12 07:00:00,5985.0,6013.0,5957.0,5985.0,41650,KBS
2020-08-13 07:00:00,6042.0,6056.0,5999.0,6056.0,12850,KBS
2020-08-14 07:00:00,5985.0,6070.0,5971.0,5971.0,26190,KBS
2020-08-17 07:00:00,5900.0,5985.0,5900.0,5971.0,31080,KBS
2020-08-18 07:00:00,6042.0,6042.0,5914.0,5985.0,70860,KBS
2020-08-19 07:00:00,6042.0,6042.0,5928.0,5999.0,25160,KBS
2020-08-20 07:00:00,5928.0,6070.0,5928.0,6070.0,150390,KBS
2020-08-21 07:00:00,6127.0,6269.0,6127.0,6240.0,219380,KBS
2020-08-24 07:00:00,6410.0,6453.0,6325.0,6354.0,457370,KBS
2020-08-25 07:00:00,6354.0,6368.0,6297.0,6368.0,281750,KBS
2020-08-26 07:00:00,6382.0,6382.0,6325.0,6325.0,150080,KBS
2020-08-27 07:00:00,6354.0,6354.0,6240.0,6325.0,128510,KBS
2020-08-28 07:00:00,6354.0,6354.0,6283.0,6325.0,266980,KBS
2020-08-31 07:00:00,6354.0,6410.0,6325.0,6382.0,214630,KBS
2020-09-01 07:00:00,6439.0,6722.0,6410.0,6637.0,565870,KBS
2020-09-03 07:00:00,6637.0,6694.0,6524.0,6680.0,375140,KBS
2020-09-04 07:00:00,6609.0,6637.0,6524.0,6566.0,378370,KBS
2020-09-07 07:00:00,6566.0,6637.0,6467.0,6467.0,1393600,KBS
2020-09-08 07:00:00,6467.0,6552.0,6467.0,6510.0,1094670,KBS
2020-09-09 07:00:00,6467.0,6538.0,6425.0,6524.0,1336480,KBS
2020-09-10 07:00:00,6538.0,6609.0,6524.0,6595.0,1455720,KBS
2020-09-11 07:00:00,6581.0,6581.0,6524.0,6566.0,1144310,KBS
2020-09-14 07:00:00,6581.0,6609.0,6524.0,6538.0,1036980,KBS
2020-09-15 07:00:00,6524.0,6552.0,6481.0,6510.0,1276570,KBS
2020-09-16 07:00:00,6524.0,6538.0,6481.0,6510.0,1310010,KBS
2020-09-17 07:00:00,6510.0,6538.0,6481.0,6510.0,1330110,KBS
2020-09-18 07:00:00,6510.0,6793.0,6481.0,6737.0,2844100,KBS
2020-09-21 07:00:00,6808.0,6822.0,6708.0,6722.0,1445490,KBS
2020-09-22 07:00:00,6694.0,6949.0,6694.0,6779.0,2864060,KBS
2020-09-23 07:00:00,6779.0,6864.0,6722.0,6722.0,1634160,KBS
2020-09-24 07:00:00,6722.0,6779.0,6708.0,6751.0,1428130,KBS
2020-09-25 07:00:00,6751.0,6765.0,6666.0,6666.0,1447080,KBS
2020-09-28 07:00:00,6666.0,6808.0,6666.0,6722.0,1006930,KBS
2020-09-29 07:00:00,6751.0,6779.0,6609.0,6609.0,1121300,KBS
2020-09-30 07:00:00,6666.0,6708.0,6623.0,6651.0,2843160,KBS
2020-10-01 07:00:00,6666.0,7049.0,6666.0,7006.0,4408980,KBS
2020-10-02 07:00:00,7063.0,7120.0,6836.0,7049.0,3339580,KBS
2020-10-05 07:00:00,7091.0,7176.0,7077.0,7134.0,3570750,KBS
2020-10-06 07:00:00,7120.0,7233.0,7049.0,7120.0,3513190,KBS
2020-10-07 07:00:00,7077.0,7120.0,7006.0,7020.0,2744360,KBS
2020-10-08 07:00:00,7063.0,7091.0,6935.0,6978.0,1913730,KBS
2020-10-09 07:00:00,6978.0,7105.0,6949.0,7063.0,3478130,KBS
2020-10-12 07:00:00,7120.0,7148.0,7034.0,7034.0,2026030,KBS
2020-10-13 07:00:00,7034.0,7105.0,6964.0,7049.0,1935520,KBS
2020-10-14 07:00:00,7077.0,7134.0,7034.0,7091.0,3276270,KBS
2020-10-15 07:00:00,7105.0,7120.0,7034.0,7034.0,2932680,KBS
2020-10-16 07:00:00,7020.0,7233.0,7006.0,7077.0,3618880,KBS
2020-10-19 07:00:00,7105.0,7290.0,7063.0,7233.0,3684050,KBS
2020-10-20 07:00:00,7261.0,7346.0,7205.0,7276.0,3335700,KBS
2020-10-21 07:00:00,7276.0,7318.0,7091.0,7091.0,4031080,KBS
2020-10-22 07:00:00,7091.0,7148.0,6949.0,7148.0,2022830,KBS
2020-10-23 07:00:00,7148.0,7148.0,6992.0,6992.0,2178010,KBS
2020-10-26 07:00:00,6992.0,7049.0,6808.0,6808.0,1951470,KBS
2020-10-27 07:00:00,6779.0,6808.0,6637.0,6737.0,2688920,KBS
2020-10-28 07:00:00,6680.0,6694.0,6269.0,6269.0,1990850,KBS
2020-10-29 07:00:00,6325.0,6524.0,6325.0,6453.0,1949300,KBS
2020-10-30 07:00:00,6495.0,6552.0,6354.0,6467.0,915230,KBS
2020-11-02 07:00:00,6495.0,6566.0,6495.0,6552.0,1070100,KBS
2020-11-03 07:00:00,6581.0,6666.0,6524.0,6609.0,1578820,KBS
2020-11-04 07:00:00,6666.0,6722.0,6623.0,6708.0,1800080,KBS
2020-11-05 07:00:00,6708.0,6737.0,6637.0,6637.0,1206860,KBS
2020-11-06 07:00:00,6637.0,6680.0,6609.0,6651.0,921120,KBS
2020-11-09 07:00:00,6680.0,6949.0,6680.0,6949.0,3670230,KBS
2020-11-10 07:00:00,7006.0,7034.0,6808.0,6808.0,1607900,KBS
2020-11-11 07:00:00,6864.0,6949.0,6808.0,6850.0,1884080,KBS
2020-11-12 07:00:00,6864.0,6878.0,6808.0,6864.0,1254330,KBS
2020-11-13 07:00:00,6907.0,6935.0,6850.0,6893.0,1526510,KBS
2020-11-16 07:00:00,6949.0,6978.0,6864.0,6864.0,1617010,KBS
2020-11-17 07:00:00,6921.0,6949.0,6850.0,6921.0,1698360,KBS
2020-11-18 07:00:00,7006.0,7049.0,6964.0,7020.0,2058430,KBS
2020-11-19 07:00:00,7034.0,7063.0,6992.0,7006.0,1917270,KBS
2020-11-20 07:00:00,7006.0,7034.0,6964.0,6992.0,1415320,KBS
2020-11-23 07:00:00,6992.0,7006.0,6907.0,6964.0,1807420,KBS
2020-11-24 07:00:00,7063.0,7176.0,7006.0,7176.0,5979860,KBS
2020-11-25 07:00:00,7233.0,7247.0,7120.0,7134.0,1958840,KBS
2020-11-26 07:00:00,7091.0,7148.0,7006.0,7034.0,1995910,KBS
2020-11-27 07:00:00,7049.0,7233.0,7034.0,7233.0,3783720,KBS
2020-11-30 07:00:00,7683.0,7717.0,7441.0,7717.0,3057830,KBS
2020-12-01 07:00:00,7614.0,7942.0,7614.0,7735.0,2665390,KBS
2020-12-02 07:00:00,7700.0,7735.0,7527.0,7579.0,4206070,KBS
2020-12-03 07:00:00,7562.0,7579.0,7475.0,7510.0,2474760,KBS
2020-12-04 07:00:00,7510.0,7683.0,7458.0,7579.0,2515760,KBS
2020-12-07 07:00:00,7579.0,7683.0,7562.0,7614.0,1778380,KBS
2020-12-08 07:00:00,7648.0,7648.0,7596.0,7631.0,1964080,KBS
2020-12-09 07:00:00,7631.0,7787.0,7614.0,7769.0,3548360,KBS
2020-12-10 07:00:00,7787.0,7787.0,7683.0,7683.0,1978540,KBS
2020-12-11 07:00:00,7666.0,7735.0,7631.0,7717.0,1785650,KBS
2020-12-14 07:00:00,7735.0,7856.0,7683.0,7769.0,1913000,KBS
2020-12-15 07:00:00,7769.0,7769.0,7683.0,7683.0,1077470,KBS
2020-12-16 07:00:00,7735.0,7925.0,7700.0,7856.0,2612110,KBS
2020-12-17 07:00:00,7891.0,8254.0,7769.0,8133.0,3057240,KBS
2020-12-18 07:00:00,8288.0,8635.0,8150.0,8617.0,3473990,KBS
2020-12-21 07:00:00,8929.0,9206.0,8894.0,9206.0,4223670,KBS
2020-12-22 07:00:00,9309.0,9794.0,9309.0,9552.0,3622360,KBS
2020-12-23 07:00:00,9482.0,9690.0,8998.0,9171.0,2570550,KBS
2020-12-24 07:00:00,9067.0,9206.0,8531.0,8998.0,2785860,KBS
2020-12-25 07:00:00,8860.0,9448.0,8686.0,9396.0,4348120,KBS
2020-12-28 07:00:00,9517.0,9655.0,9154.0,9309.0,2166250,KBS
2020-12-29 07:00:00,9171.0,9309.0,9102.0,9171.0,1563460,KBS
2020-12-30 07:00:00,9171.0,9344.0,9102.0,9188.0,1910680,KBS
2020-12-31 07:00:00,9275.0,9327.0,9119.0,9275.0,1784030,KBS
2021-01-04 07:00:00,9569.0,9655.0,9413.0,9621.0,3721100,KBS
2021-01-05 07:00:00,9655.0,9759.0,9552.0,9604.0,2719500,KBS
2021-01-06 07:00:00,9673.0,9932.0,9552.0,9690.0,3750900,KBS
2021-01-07 07:00:00,9690.0,9932.0,9621.0,9811.0,3874900,KBS
2021-01-08 07:00:00,9863.0,9950.0,9725.0,9863.0,4106300,KBS
2021-01-11 07:00:00,9863.0,9950.0,9690.0,9759.0,3098700,KBS
2021-01-12 07:00:00,9811.0,9811.0,9448.0,9690.0,2537300,KBS
2021-01-13 07:00:00,9690.0,9759.0,9534.0,9552.0,4604600,KBS
2021-01-14 07:00:00,9552.0,9621.0,9431.0,9569.0,2198600,KBS
2021-01-15 07:00:00,9690.0,10175.0,9655.0,9932.0,8547500,KBS
2021-01-18 07:00:00,10209.0,10209.0,9932.0,9967.0,4421500,KBS
2021-01-19 07:00:00,10036.0,10123.0,9275.0,9673.0,4912800,KBS
2021-01-20 07:00:00,9690.0,9794.0,8998.0,9655.0,3656500,KBS
2021-01-21 07:00:00,9690.0,10002.0,9552.0,9863.0,3197000,KBS
2021-01-22 07:00:00,9794.0,9863.0,9569.0,9586.0,2745500,KBS
2021-01-25 07:00:00,9586.0,9604.0,9413.0,9448.0,1988200,KBS
2021-01-26 07:00:00,9413.0,9448.0,8998.0,9240.0,2712200,KBS
2021-01-27 07:00:00,8998.0,9206.0,8617.0,8686.0,2839900,KBS
2021-01-28 07:00:00,8081.0,8410.0,8081.0,8081.0,4594000,KBS
2021-01-29 07:00:00,7614.0,8635.0,7614.0,8635.0,3775400,KBS
2021-02-01 07:00:00,8790.0,8981.0,8288.0,8427.0,1379600,KBS
2021-02-02 07:00:00,8427.0,8825.0,8306.0,8756.0,1646100,KBS
2021-02-03 07:00:00,8929.0,9361.0,8860.0,9275.0,1899400,KBS
2021-02-04 07:00:00,9309.0,9309.0,8825.0,9171.0,1119000,KBS
2021-02-05 07:00:00,9067.0,9396.0,9067.0,9240.0,1117600,KBS
2021-02-08 07:00:00,9240.0,9309.0,8652.0,9067.0,2133900,KBS
2021-02-09 07:00:00,9136.0,9344.0,8963.0,9292.0,1529600,KBS
2021-02-17 07:00:00,9344.0,9586.0,9309.0,9586.0,1709300,KBS
2021-02-18 07:00:00,9621.0,9638.0,9482.0,9638.0,1481100,KBS
2021-02-19 07:00:00,9586.0,9655.0,9517.0,9586.0,1768000,KBS
2021-02-22 07:00:00,9673.0,9898.0,9604.0,9655.0,3988300,KBS
2021-02-23 07:00:00,9707.0,9725.0,9552.0,9673.0,2963500,KBS
2021-02-24 07:00:00,9690.0,9725.0,9275.0,9482.0,1909800,KBS
2021-02-25 07:00:00,9517.0,9517.0,9344.0,9465.0,1739500,KBS
2021-02-26 07:00:00,9344.0,9586.0,9309.0,9534.0,1406800,KBS
2021-03-01 07:00:00,9690.0,9759.0,9621.0,9690.0,3672800,KBS
2021-03-02 07:00:00,9863.0,10365.0,9742.0,10296.0,17188900,KBS
2021-03-03 07:00:00,10348.0,10728.0,10278.0,10296.0,5889600,KBS
2021-03-04 07:00:00,10313.0,10348.0,9863.0,9915.0,4032100,KBS
2021-03-05 07:00:00,9759.0,10036.0,9586.0,9863.0,6168400,KBS
2021-03-08 07:00:00,9967.0,10105.0,9829.0,9863.0,4699200,KBS
2021-03-09 07:00:00,9759.0,9967.0,9621.0,9829.0,3367100,KBS
2021-03-10 07:00:00,9846.0,9915.0,9690.0,9846.0,2567700,KBS
2021-03-11 07:00:00,9950.0,9984.0,9863.0,9898.0,5008800,KBS
2021-03-12 07:00:00,9915.0,10088.0,9880.0,9898.0,5823500,KBS
2021-03-15 07:00:00,9932.0,10036.0,9915.0,9932.0,4597200,KBS
2021-03-16 07:00:00,9967.0,10002.0,9759.0,9863.0,3011500,KBS
2021-03-17 07:00:00,9829.0,9967.0,9777.0,9932.0,3656000,KBS
2021-03-18 07:00:00,10036.0,10105.0,9932.0,10036.0,5781900,KBS
2021-03-19 07:00:00,10036.0,10123.0,9915.0,10002.0,6947000,KBS
2021-03-22 07:00:00,10002.0,10105.0,9932.0,9967.0,3471700,KBS
2021-03-23 07:00:00,9932.0,10002.0,9690.0,9794.0,4377900,KBS
2021-03-24 07:00:00,9621.0,9759.0,9309.0,9327.0,6669100,KBS
2021-03-25 07:00:00,9413.0,9500.0,9258.0,9309.0,5221400,KBS
2021-03-26 07:00:00,9258.0,9309.0,8894.0,9240.0,5041800,KBS
2021-03-29 07:00:00,9379.0,9482.0,9292.0,9482.0,2164500,KBS
2021-03-30 07:00:00,9517.0,9621.0,9482.0,9621.0,2611900,KBS
2021-03-31 07:00:00,9621.0,9707.0,9569.0,9638.0,2172200,KBS
2021-04-01 07:00:00,9638.0,9742.0,9604.0,9690.0,4129700,KBS
2021-04-02 07:00:00,9863.0,9967.0,9759.0,9794.0,3197300,KBS
2021-04-05 07:00:00,9915.0,9932.0,9777.0,9829.0,3468800,KBS
2021-04-06 07:00:00,9811.0,9829.0,9690.0,9742.0,5698500,KBS
2021-04-07 07:00:00,9742.0,10105.0,9725.0,9967.0,8769900,KBS
2021-04-08 07:00:00,10036.0,10088.0,9932.0,10002.0,4230200,KBS
2021-04-09 07:00:00,10019.0,10036.0,9898.0,9967.0,2837100,KBS
2021-04-12 07:00:00,10071.0,10088.0,9967.0,10088.0,7405300,KBS
2021-04-13 07:00:00,10157.0,10625.0,10140.0,10244.0,13381000,KBS
2021-04-14 07:00:00,10192.0,10296.0,10036.0,10261.0,4211400,KBS
2021-04-15 07:00:00,10261.0,10278.0,9967.0,9967.0,5927900,KBS
2021-04-16 07:00:00,9829.0,9863.0,9500.0,9586.0,9357800,KBS
2021-04-19 07:00:00,9690.0,9794.0,9482.0,9794.0,4273500,KBS
2021-04-20 07:00:00,9846.0,9880.0,9569.0,9621.0,4568500,KBS
2021-04-22 07:00:00,9621.0,9846.0,9344.0,9344.0,4524000,KBS
2021-04-23 07:00:00,9517.0,9690.0,9275.0,9690.0,3974200,KBS
2021-04-26 07:00:00,9690.0,9690.0,9379.0,9396.0,2466600,KBS
2021-04-27 07:00:00,9396.0,9500.0,9309.0,9379.0,1963700,KBS
2021-04-28 07:00:00,9344.0,9500.0,9309.0,9431.0,2403800,KBS
2021-04-29 07:00:00,9500.0,9621.0,9413.0,9482.0,6020100,KBS
2021-05-04 07:00:00,9327.0,9690.0,9309.0,9690.0,4210300,KBS
2021-05-05 07:00:00,9759.0,9967.0,9707.0,9915.0,5462800,KBS
2021-05-06 07:00:00,9846.0,10002.0,9725.0,9742.0,3732900,KBS
2021-05-07 07:00:00,9655.0,10227.0,9655.0,10071.0,11689700,KBS
2021-05-10 07:00:00,10071.0,10763.0,10036.0,10763.0,14127900,KBS
2021-05-11 07:00:00,11074.0,11144.0,10728.0,10728.0,9406500,KBS
2021-05-12 07:00:00,10659.0,11057.0,10590.0,11057.0,7670600,KBS
2021-05-13 07:00:00,11074.0,11247.0,10901.0,10901.0,8058500,KBS
2021-05-14 07:00:00,11005.0,11144.0,10901.0,11057.0,7273700,KBS
2021-05-17 07:00:00,11109.0,11386.0,11109.0,11282.0,6851800,KBS
2021-05-18 07:00:00,11282.0,11282.0,10936.0,11109.0,6628100,KBS
2021-05-19 07:00:00,11109.0,11386.0,11109.0,11386.0,6049900,KBS
2021-05-20 07:00:00,11420.0,11611.0,11369.0,11420.0,6273700,KBS
2021-05-21 07:00:00,11420.0,11594.0,11299.0,11420.0,6207600,KBS
2021-05-24 07:00:00,11420.0,11594.0,11282.0,11542.0,7400000,KBS
2021-05-25 07:00:00,11628.0,12234.0,11611.0,12147.0,6027300,KBS
2021-05-26 07:00:00,12165.0,12459.0,12147.0,12441.0,7918500,KBS
2021-05-27 07:00:00,12389.0,12459.0,11940.0,12147.0,7594100,KBS
2021-05-28 07:00:00,12147.0,12493.0,12061.0,12493.0,6656000,KBS
2021-05-31 07:00:00,12493.0,12978.0,12493.0,12961.0,3844900,KBS
2021-06-01 07:00:00,13358.0,13358.0,12961.0,13082.0,6046600,KBS
2021-06-02 07:00:00,12805.0,13030.0,12666.0,12874.0,5058600,KBS
2021-06-03 07:00:00,12961.0,13255.0,12874.0,13237.0,5342100,KBS
2021-06-04 07:00:00,13151.0,14154.0,12978.0,13497.0,4796400,KBS
2021-06-07 07:00:00,13151.0,13428.0,12632.0,12874.0,5115100,KBS
2021-06-08 07:00:00,12805.0,12978.0,11974.0,12113.0,5103800,KBS
2021-06-09 07:00:00,12113.0,12597.0,11767.0,12424.0,5857500,KBS
2021-06-10 07:00:00,12632.0,12770.0,12199.0,12199.0,3283700,KBS
2021-06-11 07:00:00,12286.0,12805.0,12199.0,12666.0,5631100,KBS
2021-06-14 07:00:00,12805.0,12805.0,12389.0,12563.0,3289600,KBS
2021-06-15 07:00:00,12563.0,12632.0,12286.0,12459.0,3629500,KBS
2021-06-16 07:00:00,12286.0,12666.0,12113.0,12320.0,5993800,KBS
2021-06-17 07:00:00,12113.0,12459.0,12009.0,12251.0,3953600,KBS
2021-06-18 07:00:00,12389.0,12441.0,12268.0,12286.0,2732200,KBS
2021-06-21 07:00:00,12407.0,12493.0,12182.0,12199.0,3684200,KBS
2021-06-22 07:00:00,12199.0,12459.0,12182.0,12268.0,3665200,KBS
2021-06-23 07:00:00,12424.0,12476.0,12303.0,12372.0,2609800,KBS
2021-06-24 07:00:00,12459.0,12493.0,12268.0,12338.0,2873600,KBS
2021-06-25 07:00:00,12338.0,12424.0,12199.0,12424.0,2778100,KBS
2021-06-28 07:00:00,12563.0,13030.0,12389.0,13030.0,11082500,KBS
2021-06-29 07:00:00,13151.0,13151.0,12770.0,12909.0,4886800,KBS
2021-06-30 07:00:00,12874.0,12943.0,12701.0,12718.0,2831800,KBS
2021-07-01 07:00:00,12736.0,12874.0,12511.0,12874.0,5441400,KBS
2021-07-02 07:00:00,13012.0,13116.0,12874.0,13064.0,5091100,KBS
2021-07-05 07:00:00,13168.0,13601.0,13099.0,13601.0,8382000,KBS
2021-07-06 07:00:00,13601.0,13670.0,12649.0,12649.0,6908600,KBS
2021-07-07 07:00:00,12770.0,13082.0,12320.0,12978.0,5701400,KBS
2021-07-08 07:00:00,12961.0,13462.0,12874.0,13064.0,5774600,KBS
2021-07-09 07:00:00,12943.0,13289.0,12459.0,12805.0,4759000,KBS
2021-07-12 07:00:00,12805.0,12805.0,11922.0,12130.0,7554300,KBS
2021-07-13 07:00:00,12286.0,12338.0,11767.0,12043.0,3263000,KBS
2021-07-14 07:00:00,12009.0,12113.0,11386.0,11420.0,5212700,KBS
2021-07-15 07:00:00,11420.0,11922.0,11282.0,11663.0,3272200,KBS
2021-07-16 07:00:00,11870.0,11905.0,11697.0,11732.0,1930300,KBS
2021-07-19 07:00:00,11490.0,11490.0,10919.0,10919.0,5202600,KBS
2021-07-20 07:00:00,11005.0,11420.0,10867.0,11420.0,7650000,KBS
2021-07-21 07:00:00,11490.0,11594.0,11386.0,11455.0,5750900,KBS
2021-07-22 07:00:00,11455.0,11715.0,11317.0,11715.0,6179900,KBS
2021-07-23 07:00:00,11524.0,11680.0,11420.0,11420.0,6293200,KBS
2021-07-26 07:00:00,11247.0,11576.0,11230.0,11386.0,7083400,KBS
2021-07-27 07:00:00,11559.0,11870.0,11490.0,11801.0,9483900,KBS
2021-07-28 07:00:00,11732.0,12009.0,11697.0,11836.0,5651400,KBS
2021-07-29 07:00:00,11888.0,12113.0,11888.0,12009.0,7422900,KBS
2021-07-30 07:00:00,12113.0,12216.0,12009.0,12113.0,5460700,KBS
2021-08-02 07:00:00,12009.0,12147.0,11922.0,11922.0,6590300,KBS
2021-08-03 07:00:00,11940.0,12061.0,11801.0,11957.0,3921100,KBS
2021-08-04 07:00:00,12009.0,12355.0,11991.0,12147.0,9425000,KBS
2021-08-05 07:00:00,12286.0,12424.0,12147.0,12424.0,4879300,KBS
2021-08-06 07:00:00,12493.0,12563.0,12268.0,12286.0,3867300,KBS
2021-08-09 07:00:00,12216.0,12424.0,12095.0,12424.0,3632200,KBS
2021-08-10 07:00:00,12528.0,12528.0,12251.0,12459.0,3413600,KBS
2021-08-11 07:00:00,12528.0,12978.0,12389.0,12805.0,13559700,KBS
2021-08-12 07:00:00,12770.0,12839.0,12597.0,12597.0,3106500,KBS
2021-08-13 07:00:00,12320.0,12632.0,12320.0,12597.0,3475900,KBS
2021-08-16 07:00:00,12597.0,12891.0,12459.0,12839.0,6804300,KBS
2021-08-17 07:00:00,13099.0,13099.0,12805.0,12926.0,4819100,KBS
2021-08-18 07:00:00,12909.0,13012.0,12805.0,12891.0,2954100,KBS
2021-08-19 07:00:00,12822.0,12839.0,12614.0,12701.0,3203000,KBS
2021-08-20 07:00:00,12701.0,12701.0,11836.0,12113.0,6442500,KBS
2021-08-23 07:00:00,11974.0,12182.0,11697.0,11697.0,4981600,KBS
2021-08-24 07:00:00,11680.0,11836.0,11628.0,11784.0,3121900,KBS
2021-08-25 07:00:00,11784.0,12078.0,11628.0,12078.0,3063600,KBS
2021-08-26 07:00:00,12113.0,12165.0,11801.0,11801.0,3452600,KBS
2021-08-27 07:00:00,11645.0,12026.0,11576.0,11767.0,2387500,KBS
2021-08-30 07:00:00,11870.0,12061.0,11749.0,11991.0,2214900,KBS
2021-08-31 07:00:00,12009.0,12113.0,11767.0,11801.0,1914500,KBS
2021-09-01 07:00:00,11767.0,11940.0,11732.0,11836.0,2358900,KBS
2021-09-06 07:00:00,12061.0,12182.0,11888.0,12043.0,4847800,KBS
2021-09-07 07:00:00,12078.0,12632.0,12043.0,12597.0,11320500,KBS
2021-09-08 07:00:00,12632.0,12787.0,12459.0,12493.0,6472700,KBS
2021-09-09 07:00:00,12493.0,13116.0,12407.0,13082.0,12528300,KBS
2021-09-10 07:00:00,13151.0,13324.0,12943.0,12943.0,7832100,KBS
2021-09-13 07:00:00,12978.0,13393.0,12909.0,13185.0,6969300,KBS
2021-09-14 07:00:00,13012.0,13289.0,12995.0,13012.0,6127000,KBS
2021-09-15 07:00:00,12978.0,13324.0,12805.0,13237.0,6953500,KBS
2021-09-16 07:00:00,13324.0,13601.0,13220.0,13376.0,5226100,KBS
2021-09-17 07:00:00,13428.0,14120.0,13358.0,14120.0,11835000,KBS
2021-09-20 07:00:00,14189.0,14466.0,13670.0,13878.0,8941100,KBS
2021-09-21 07:00:00,13705.0,13981.0,13670.0,13843.0,6615400,KBS
2021-09-22 07:00:00,13947.0,13947.0,13601.0,13878.0,4172000,KBS
2021-09-23 07:00:00,13999.0,14535.0,13705.0,14379.0,17971500,KBS
2021-09-24 07:00:00,14431.0,14570.0,14293.0,14397.0,9113500,KBS
2021-09-27 07:00:00,14431.0,14431.0,13843.0,13843.0,6183100,KBS
2021-09-28 07:00:00,13670.0,14085.0,13532.0,14085.0,5440500,KBS
2021-09-29 07:00:00,13947.0,14362.0,13947.0,14328.0,8107000,KBS
2021-09-30 07:00:00,14224.0,14483.0,14224.0,14397.0,6327900,KBS
2021-10-01 07:00:00,14483.0,14777.0,14345.0,14743.0,14912000,KBS
2021-10-04 07:00:00,14812.0,14847.0,14362.0,14535.0,13232300,KBS
2021-10-05 07:00:00,14639.0,14743.0,14397.0,14708.0,9289100,KBS
2021-10-06 07:00:00,14708.0,14933.0,14501.0,14639.0,8403600,KBS
2021-10-07 07:00:00,14691.0,14691.0,14466.0,14535.0,4681500,KBS
2021-10-08 07:00:00,14777.0,14777.0,14466.0,14587.0,3133300,KBS
2021-10-11 07:00:00,14570.0,14916.0,14552.0,14916.0,4961600,KBS
2021-10-12 07:00:00,14950.0,14985.0,14777.0,14777.0,1868600,KBS
2021-10-13 07:00:00,14708.0,14812.0,14639.0,14674.0,2308600,KBS
2021-10-14 07:00:00,14604.0,14760.0,14535.0,14639.0,3529900,KBS
2021-10-15 07:00:00,14743.0,15123.0,14725.0,15072.0,8141800,KBS
2021-10-18 07:00:00,15158.0,15331.0,15106.0,15227.0,5380700,KBS
2021-10-19 07:00:00,15193.0,15314.0,14985.0,15193.0,1757300,KBS
2021-10-20 07:00:00,15400.0,15400.0,15089.0,15262.0,3448400,KBS
2021-10-21 07:00:00,15210.0,15383.0,15123.0,15123.0,3518900,KBS
2021-10-22 07:00:00,15141.0,15227.0,14916.0,14950.0,2608400,KBS
2021-10-25 07:00:00,14950.0,15020.0,14535.0,14535.0,3636400,KBS
2021-10-26 07:00:00,14501.0,14725.0,14431.0,14708.0,2109700,KBS
2021-10-27 07:00:00,14864.0,15054.0,14708.0,14985.0,1765600,KBS
2021-10-28 07:00:00,15054.0,15400.0,15054.0,15366.0,5366700,KBS
2021-10-29 07:00:00,15366.0,15556.0,15210.0,15521.0,4835600,KBS
2021-11-01 07:00:00,15521.0,15521.0,14847.0,15020.0,3171500,KBS
2021-11-02 07:00:00,15054.0,15297.0,15020.0,15158.0,4763800,KBS
2021-11-03 07:00:00,15158.0,15452.0,15123.0,15297.0,4896100,KBS
2021-11-04 07:00:00,15297.0,15314.0,15106.0,15141.0,2000700,KBS
2021-11-05 07:00:00,15262.0,15279.0,14950.0,15054.0,2881900,KBS
2021-11-08 07:00:00,15175.0,15245.0,15123.0,15158.0,4557700,KBS
2021-11-09 07:00:00,15227.0,15227.0,14950.0,15020.0,2345100,KBS
2021-11-10 07:00:00,14950.0,15227.0,14899.0,15227.0,1869200,KBS
2021-11-11 07:00:00,15227.0,15262.0,14812.0,14881.0,2416900,KBS
2021-11-12 07:00:00,14916.0,15158.0,14777.0,15054.0,1388100,KBS
2021-11-15 07:00:00,15297.0,15297.0,15054.0,15210.0,2505800,KBS
2021-11-16 07:00:00,15227.0,15297.0,15123.0,15123.0,2533500,KBS
2021-11-17 07:00:00,15227.0,15227.0,14950.0,14968.0,1572000,KBS
2021-11-18 07:00:00,14933.0,14985.0,14864.0,14864.0,2206300,KBS
2021-11-19 07:00:00,14847.0,15400.0,14829.0,15054.0,3155700,KBS
2021-11-22 07:00:00,15227.0,16092.0,15054.0,16092.0,10239600,KBS
2021-11-23 07:00:00,16439.0,16854.0,16092.0,16854.0,7755400,KBS
2021-11-24 07:00:00,16854.0,17252.0,16508.0,16992.0,7302100,KBS
2021-11-25 07:00:00,17131.0,17131.0,16664.0,17027.0,4304700,KBS
2021-11-26 07:00:00,16992.0,17027.0,16439.0,16439.0,3319200,KBS
2021-11-29 07:00:00,16092.0,16612.0,16092.0,16335.0,2410200,KBS
2021-11-30 07:00:00,16577.0,16577.0,15400.0,15608.0,6316500,KBS
2021-12-01 07:00:00,15573.0,16698.0,15504.0,16698.0,5480300,KBS
2021-12-02 07:00:00,16629.0,17269.0,16629.0,16750.0,5754000,KBS
2021-12-03 07:00:00,16923.0,16958.0,16266.0,16266.0,3624400,KBS
2021-12-06 07:00:00,16127.0,16542.0,15573.0,16266.0,4309000,KBS
2021-12-07 07:00:00,16404.0,16785.0,16110.0,16542.0,2257700,KBS
2021-12-08 07:00:00,16646.0,17684.0,16646.0,17684.0,9186000,KBS
2021-12-09 07:00:00,17684.0,17996.0,17442.0,17719.0,2544400,KBS
2021-12-10 07:00:00,17719.0,18515.0,17581.0,17996.0,8180500,KBS
2021-12-13 07:00:00,17996.0,18134.0,17304.0,17477.0,4682900,KBS
2021-12-14 07:00:00,17304.0,17754.0,17131.0,17477.0,2339500,KBS
2021-12-15 07:00:00,17511.0,18238.0,17269.0,17996.0,4599700,KBS
2021-12-16 07:00:00,18238.0,18238.0,17719.0,17719.0,4016000,KBS
2021-12-17 07:00:00,17788.0,17823.0,17442.0,17754.0,4365800,KBS
2021-12-20 07:00:00,18221.0,18688.0,18081.0,18595.0,8238900,KBS
2021-12-21 07:00:00,18454.0,18501.0,17987.0,18127.0,3634600,KBS
2021-12-22 07:00:00,17987.0,18454.0,17707.0,17754.0,5929700,KBS
2021-12-23 07:00:00,17754.0,18034.0,16679.0,17146.0,4598100,KBS
2021-12-24 07:00:00,17100.0,18338.0,17029.0,18338.0,7855000,KBS
2021-12-27 07:00:00,18501.0,19436.0,18314.0,19038.0,9038200,KBS
2021-12-28 07:00:00,18922.0,19716.0,18688.0,19646.0,8593600,KBS
2021-12-29 07:00:00,19646.0,19833.0,19225.0,19319.0,5365300,KBS
2021-12-30 07:00:00,19225.0,19342.0,18945.0,19038.0,3226200,KBS
2021-12-31 07:00:00,19155.0,19786.0,19155.0,19179.0,3726100,KBS
2022-01-04 07:00:00,19389.0,20206.0,19295.0,19973.0,11034900,KBS
2022-01-05 07:00:00,19856.0,19973.0,19576.0,19622.0,3828100,KBS
2022-01-06 07:00:00,19295.0,20090.0,19295.0,19622.0,5190400,KBS
2022-01-07 07:00:00,19552.0,19809.0,19155.0,19155.0,4150700,KBS
2022-01-10 07:00:00,19155.0,19599.0,18898.0,18898.0,4219100,KBS
2022-01-11 07:00:00,18875.0,19389.0,18688.0,18781.0,4830300,KBS
2022-01-12 07:00:00,18781.0,20090.0,18688.0,20090.0,18620300,KBS
2022-01-13 07:00:00,20230.0,20557.0,19669.0,19693.0,17622800,KBS
2022-01-14 07:00:00,19482.0,19879.0,19436.0,19576.0,5566400,KBS
2022-01-17 07:00:00,19436.0,19716.0,18781.0,18781.0,9068700,KBS
2022-01-18 07:00:00,18501.0,18805.0,18104.0,18174.0,9953400,KBS
2022-01-19 07:00:00,18034.0,18828.0,18034.0,18361.0,6653400,KBS
2022-01-20 07:00:00,18361.0,18852.0,18338.0,18501.0,7434600,KBS
2022-01-21 07:00:00,18525.0,19155.0,18525.0,18688.0,8225000,KBS
2022-01-24 07:00:00,18688.0,18922.0,17380.0,17637.0,6820100,KBS
2022-01-25 07:00:00,17613.0,18688.0,17613.0,18571.0,8957900,KBS
2022-01-26 07:00:00,18688.0,18945.0,18314.0,18314.0,10946400,KBS
2022-01-27 07:00:00,18408.0,18922.0,18314.0,18781.0,7264800,KBS
2022-01-28 07:00:00,18758.0,19763.0,18688.0,19599.0,15526500,KBS
2022-02-07 07:00:00,19763.0,19903.0,19295.0,19482.0,5806800,KBS
2022-02-08 07:00:00,19552.0,19809.0,19295.0,19622.0,5776900,KBS
2022-02-09 07:00:00,19576.0,19786.0,19342.0,19389.0,5316900,KBS
2022-02-10 07:00:00,19529.0,19529.0,19062.0,19249.0,3954300,KBS
2022-02-11 07:00:00,19155.0,20066.0,19062.0,20020.0,15984500,KBS
2022-02-14 07:00:00,19622.0,20020.0,18688.0,18688.0,7405700,KBS
2022-02-15 07:00:00,19155.0,19179.0,18781.0,19038.0,3153900,KBS
2022-02-16 07:00:00,19132.0,19202.0,18852.0,18875.0,2879600,KBS
2022-02-17 07:00:00,18875.0,19225.0,18828.0,19225.0,3081100,KBS
2022-02-18 07:00:00,18922.0,19249.0,18922.0,19062.0,3759900,KBS
2022-02-21 07:00:00,18922.0,19109.0,18735.0,19109.0,3924200,KBS
2022-02-22 07:00:00,18945.0,19389.0,18875.0,19389.0,8309400,KBS
2022-02-23 07:00:00,19389.0,20183.0,19365.0,19903.0,16076300,KBS
2022-02-24 07:00:00,19622.0,19809.0,18828.0,19272.0,4957200,KBS
2022-02-25 07:00:00,19482.0,19973.0,19295.0,19599.0,10795200,KBS
2022-02-28 07:00:00,19529.0,19856.0,19155.0,19739.0,5548200,KBS
2022-03-01 07:00:00,19716.0,20183.0,19576.0,19996.0,11884800,KBS
2022-03-02 07:00:00,19833.0,20230.0,19202.0,19365.0,8271600,KBS
2022-03-03 07:00:00,19436.0,19739.0,19202.0,19389.0,4590700,KBS
2022-03-04 07:00:00,19202.0,19506.0,18922.0,19038.0,5107000,KBS
2022-03-07 07:00:00,18875.0,18898.0,17987.0,18221.0,10005000,KBS
2022-03-08 07:00:00,18127.0,18688.0,17917.0,18127.0,5092700,KBS
2022-03-09 07:00:00,18151.0,18384.0,18127.0,18127.0,2653800,KBS
2022-03-10 07:00:00,18595.0,18595.0,18197.0,18221.0,2043100,KBS
2022-03-11 07:00:00,18081.0,18454.0,18011.0,18057.0,2509400,KBS
2022-03-14 07:00:00,17987.0,18454.0,17987.0,18314.0,2160600,KBS
2022-03-15 07:00:00,18314.0,18828.0,18268.0,18641.0,8713700,KBS
2022-03-16 07:00:00,18665.0,18875.0,18525.0,18571.0,2937800,KBS
2022-03-17 07:00:00,18711.0,18875.0,18501.0,18501.0,3131300,KBS
2022-03-18 07:00:00,18641.0,18688.0,18431.0,18454.0,1622300,KBS
2022-03-21 07:00:00,18478.0,18828.0,18478.0,18641.0,3849800,KBS
2022-03-22 07:00:00,18641.0,19109.0,18618.0,18922.0,6367200,KBS
2022-03-23 07:00:00,18922.0,19179.0,18688.0,18711.0,4207000,KBS
2022-03-24 07:00:00,18711.0,18805.0,18595.0,18735.0,2951000,KBS
2022-03-25 07:00:00,18968.0,18968.0,18641.0,18641.0,2187700,KBS
2022-03-28 07:00:00,18618.0,18781.0,18151.0,18431.0,2993800,KBS
2022-03-29 07:00:00,18431.0,18922.0,18431.0,18828.0,4909800,KBS
2022-03-30 07:00:00,18828.0,19132.0,18595.0,18688.0,5350100,KBS
2022-03-31 07:00:00,18828.0,19062.0,18735.0,18758.0,2433800,KBS
2022-04-01 07:00:00,18758.0,19412.0,18688.0,19272.0,11121000,KBS
2022-04-04 07:00:00,19482.0,19529.0,19202.0,19272.0,6600400,KBS
2022-04-05 07:00:00,19155.0,19412.0,19015.0,19062.0,4682200,KBS
2022-04-06 07:00:00,19015.0,19342.0,18781.0,19225.0,6695600,KBS
2022-04-07 07:00:00,19319.0,19482.0,19015.0,19155.0,8696600,KBS
2022-04-08 07:00:00,19109.0,19249.0,18781.0,18781.0,3486300,KBS
2022-04-12 07:00:00,18828.0,18898.0,17777.0,17777.0,3022200,KBS
2022-04-13 07:00:00,18057.0,18781.0,17777.0,18688.0,5941400,KBS
2022-04-14 07:00:00,18688.0,18688.0,18221.0,18244.0,2541800,KBS
2022-04-15 07:00:00,18268.0,18361.0,17450.0,17450.0,5117800,KBS
2022-04-18 07:00:00,17660.0,17894.0,17286.0,17707.0,3139300,KBS
2022-04-19 07:00:00,17707.0,17800.0,16913.0,16913.0,1927100,KBS
2022-04-20 07:00:00,17193.0,17333.0,16586.0,16586.0,3759500,KBS
2022-04-21 07:00:00,16632.0,16959.0,15932.0,16259.0,3722600,KBS
2022-04-22 07:00:00,16375.0,16819.0,16259.0,16445.0,2544600,KBS
2022-04-25 07:00:00,16492.0,16679.0,15301.0,16118.0,3408500,KBS
2022-04-26 07:00:00,15885.0,16375.0,15137.0,16329.0,3801700,KBS
2022-04-27 07:00:00,16329.0,16352.0,15628.0,16259.0,2244300,KBS
2022-04-28 07:00:00,16305.0,16305.0,15698.0,15698.0,1822600,KBS
2022-04-29 07:00:00,15698.0,16095.0,15511.0,15698.0,3022600,KBS
2022-05-04 07:00:00,15698.0,15745.0,14950.0,14950.0,1643600,KBS
2022-05-05 07:00:00,15184.0,15978.0,15184.0,15978.0,7805500,KBS
2022-05-06 07:00:00,15698.0,16095.0,15534.0,15698.0,2046700,KBS
2022-05-09 07:00:00,15324.0,15815.0,14670.0,14764.0,2197900,KBS
2022-05-10 07:00:00,14483.0,15698.0,14250.0,15558.0,5931000,KBS
2022-05-11 07:00:00,15558.0,15628.0,14857.0,15628.0,3606600,KBS
2022-05-12 07:00:00,15418.0,15558.0,14553.0,14764.0,2322400,KBS
2022-05-13 07:00:00,14950.0,14950.0,13736.0,14016.0,3558200,KBS
2022-05-16 07:00:00,14483.0,14764.0,14109.0,14483.0,2422200,KBS
2022-05-17 07:00:00,14483.0,15441.0,14250.0,15418.0,3919900,KBS
2022-05-18 07:00:00,15464.0,15932.0,15044.0,15044.0,3950000,KBS
2022-05-19 07:00:00,14693.0,15021.0,14366.0,14553.0,1963400,KBS
2022-05-20 07:00:00,14904.0,15044.0,14577.0,14670.0,2095800,KBS
2022-05-23 07:00:00,14904.0,14997.0,13969.0,14016.0,2555000,KBS
2022-05-24 07:00:00,14109.0,14460.0,14109.0,14437.0,1674200,KBS
2022-05-25 07:00:00,14460.0,14950.0,14437.0,14904.0,4540800,KBS
2022-05-26 07:00:00,14904.0,14927.0,14693.0,14764.0,1314300,KBS
2022-05-27 07:00:00,14764.0,15324.0,14717.0,15091.0,4877200,KBS
2022-05-30 07:00:00,15137.0,15464.0,15021.0,15418.0,5396700,KBS
2022-05-31 07:00:00,15418.0,15441.0,15114.0,15114.0,2721700,KBS
2022-06-01 07:00:00,15021.0,15277.0,14717.0,14950.0,1734700,KBS
2022-06-02 07:00:00,14950.0,14950.0,14577.0,14950.0,3017400,KBS
2022-06-03 07:00:00,14834.0,14950.0,14577.0,14880.0,1206700,KBS
2022-06-06 07:00:00,14857.0,14880.0,14156.0,14343.0,2785800,KBS
2022-06-07 07:00:00,14343.0,14343.0,13782.0,13829.0,2127800,KBS
2022-06-08 07:00:00,13876.0,14483.0,13876.0,14133.0,3549200,KBS
2022-06-09 07:00:00,14133.0,14180.0,14016.0,14039.0,1929100,KBS
2022-06-10 07:00:00,13969.0,14296.0,13876.0,13876.0,1371900,KBS
2022-06-13 07:00:00,13642.0,13642.0,12918.0,12918.0,3791000,KBS
2022-06-14 07:00:00,12848.0,12848.0,12147.0,12381.0,4019300,KBS
2022-06-15 07:00:00,12381.0,12474.0,11587.0,12404.0,3493100,KBS
2022-06-16 07:00:00,12474.0,12708.0,12264.0,12521.0,2916700,KBS
2022-06-17 07:00:00,12147.0,12334.0,11680.0,11914.0,3209900,KBS
2022-06-20 07:00:00,11890.0,12217.0,11703.0,11703.0,3691400,KBS
2022-06-21 07:00:00,11657.0,12241.0,11657.0,11984.0,3071400,KBS
2022-06-22 07:00:00,11984.0,12381.0,11984.0,12241.0,1667200,KBS
2022-06-23 07:00:00,12241.0,12381.0,12007.0,12381.0,1838200,KBS
2022-06-24 07:00:00,12381.0,12451.0,12147.0,12147.0,906300,KBS
2022-06-27 07:00:00,12147.0,12685.0,12147.0,12474.0,1953200,KBS
2022-06-28 07:00:00,12801.0,13082.0,12591.0,12895.0,2059500,KBS
2022-06-29 07:00:00,12661.0,13222.0,12661.0,12801.0,1929300,KBS
2022-06-30 07:00:00,12708.0,13082.0,12685.0,12685.0,1757700,KBS
2022-07-01 07:00:00,12685.0,12895.0,12334.0,12755.0,898800,KBS
2022-07-04 07:00:00,12755.0,12988.0,12708.0,12755.0,575300,KBS
2022-07-05 07:00:00,12848.0,13058.0,12638.0,12848.0,2314300,KBS
2022-07-06 07:00:00,12755.0,12988.0,12334.0,12591.0,1497300,KBS
2022-07-07 07:00:00,12474.0,12918.0,12474.0,12825.0,1466500,KBS
2022-07-08 07:00:00,12848.0,13012.0,12614.0,12661.0,1153300,KBS
2022-07-11 07:00:00,12614.0,12661.0,12147.0,12147.0,1301000,KBS
2022-07-12 07:00:00,12171.0,12498.0,12171.0,12474.0,629500,KBS
2022-07-13 07:00:00,12474.0,12848.0,12171.0,12451.0,1522200,KBS
2022-07-14 07:00:00,12404.0,12638.0,12381.0,12568.0,678000,KBS
2022-07-15 07:00:00,12614.0,12848.0,12614.0,12661.0,1418200,KBS
2022-07-18 07:00:00,12778.0,12848.0,12685.0,12731.0,1343100,KBS
2022-07-19 07:00:00,12755.0,12755.0,12498.0,12685.0,807800,KBS
2022-07-20 07:00:00,12848.0,13315.0,12708.0,13292.0,3076300,KBS
2022-07-21 07:00:00,13339.0,13385.0,13105.0,13222.0,2614000,KBS
2022-07-22 07:00:00,13222.0,13385.0,13058.0,13105.0,2447800,KBS
2022-07-25 07:00:00,12871.0,13035.0,12755.0,12801.0,1365400,KBS
2022-07-26 07:00:00,12848.0,12895.0,12614.0,12614.0,1261300,KBS
2022-07-27 07:00:00,12614.0,12661.0,12381.0,12591.0,1623200,KBS
2022-07-28 07:00:00,12638.0,12988.0,12638.0,12708.0,2373300,KBS
2022-07-29 07:00:00,12895.0,12895.0,12428.0,12428.0,3021600,KBS
2022-08-01 07:00:00,12661.0,12825.0,12638.0,12731.0,1942000,KBS
2022-08-02 07:00:00,12755.0,12988.0,12755.0,12918.0,2302300,KBS
2022-08-03 07:00:00,12848.0,13128.0,12755.0,13082.0,2573400,KBS
2022-08-04 07:00:00,13315.0,13642.0,13198.0,13455.0,5311300,KBS
2022-08-05 07:00:00,13502.0,13642.0,13315.0,13455.0,1921300,KBS
2022-08-08 07:00:00,13432.0,13619.0,13245.0,13339.0,2285100,KBS
2022-08-09 07:00:00,13525.0,13525.0,13269.0,13362.0,2334000,KBS
2022-08-10 07:00:00,13409.0,13409.0,13198.0,13222.0,1904100,KBS
2022-08-11 07:00:00,13385.0,13596.0,13198.0,13315.0,2561900,KBS
2022-08-12 07:00:00,13385.0,13385.0,13245.0,13362.0,1013100,KBS
2022-08-15 07:00:00,13525.0,13689.0,13409.0,13525.0,3271800,KBS
2022-08-16 07:00:00,13549.0,13572.0,13432.0,13479.0,1398100,KBS
2022-08-17 07:00:00,13479.0,13525.0,13409.0,13409.0,1323000,KBS
2022-08-18 07:00:00,13409.0,13455.0,13222.0,13409.0,2094800,KBS
2022-08-19 07:00:00,13455.0,13455.0,13222.0,13269.0,1464800,KBS
2022-08-22 07:00:00,13198.0,13222.0,12965.0,13035.0,1455600,KBS
2022-08-23 07:00:00,12848.0,13082.0,12848.0,13082.0,1225800,KBS
2022-08-24 07:00:00,13082.0,13198.0,13058.0,13128.0,1183300,KBS
2022-08-25 07:00:00,13292.0,13502.0,13152.0,13455.0,1687100,KBS
2022-08-26 07:00:00,13479.0,13502.0,13245.0,13269.0,1359300,KBS
2022-08-29 07:00:00,13082.0,13128.0,12661.0,12941.0,2031300,KBS
2022-08-30 07:00:00,13082.0,13175.0,12941.0,13035.0,821500,KBS
2022-08-31 07:00:00,13035.0,13152.0,12871.0,13082.0,585300,KBS
2022-09-05 07:00:00,13315.0,13315.0,12965.0,13082.0,1827200,KBS
2022-09-06 07:00:00,13152.0,13152.0,12918.0,13082.0,1348000,KBS
2022-09-07 07:00:00,12988.0,13035.0,12755.0,12755.0,1754000,KBS
2022-09-08 07:00:00,12778.0,12801.0,12568.0,12568.0,1410600,KBS
2022-09-09 07:00:00,12755.0,12755.0,12428.0,12614.0,935700,KBS
2022-09-12 07:00:00,12614.0,12661.0,12521.0,12591.0,822500,KBS
2022-09-13 07:00:00,12661.0,12661.0,12498.0,12544.0,769200,KBS
2022-09-14 07:00:00,12381.0,12521.0,12264.0,12404.0,953000,KBS
2022-09-15 07:00:00,12451.0,12778.0,12381.0,12404.0,797400,KBS
2022-09-16 07:00:00,12381.0,12544.0,12287.0,12287.0,865600,KBS
2022-09-19 07:00:00,12287.0,12287.0,11540.0,11680.0,1438500,KBS
2022-09-20 07:00:00,11867.0,11867.0,11633.0,11867.0,890600,KBS
2022-09-21 07:00:00,11680.0,11867.0,11680.0,11797.0,675800,KBS
2022-09-22 07:00:00,11680.0,11844.0,11587.0,11844.0,604500,KBS
2022-09-23 07:00:00,11844.0,11867.0,11680.0,11703.0,1059500,KBS
2022-09-26 07:00:00,11540.0,11633.0,11073.0,11633.0,1898800,KBS
2022-09-27 07:00:00,11587.0,11633.0,11213.0,11633.0,1141500,KBS
2022-09-28 07:00:00,11330.0,11563.0,10979.0,11517.0,1533900,KBS
2022-09-29 07:00:00,11540.0,11680.0,11306.0,11540.0,983500,KBS
2022-09-30 07:00:00,11446.0,11727.0,11189.0,11680.0,2074800,KBS
2022-10-03 07:00:00,11727.0,11727.0,10933.0,11143.0,1603200,KBS
2022-10-04 07:00:00,11166.0,11400.0,11096.0,11119.0,958200,KBS
2022-10-05 07:00:00,11213.0,11283.0,11096.0,11213.0,1213400,KBS
2022-10-06 07:00:00,11166.0,11306.0,10746.0,11213.0,3201100,KBS
2022-10-07 07:00:00,10769.0,10816.0,10442.0,10442.0,2059600,KBS
2022-10-10 07:00:00,9718.0,10138.0,9718.0,9718.0,2388400,KBS
2022-10-11 07:00:00,9040.0,9344.0,9040.0,9040.0,8998300,KBS
2022-10-12 07:00:00,8550.0,9578.0,8550.0,9578.0,4642600,KBS
2022-10-13 07:00:00,9578.0,9624.0,9204.0,9624.0,3781000,KBS
2022-10-14 07:00:00,9788.0,9835.0,9484.0,9624.0,2177800,KBS
2022-10-17 07:00:00,9391.0,9624.0,9064.0,9624.0,4157200,KBS
2022-10-18 07:00:00,9671.0,9788.0,9531.0,9624.0,2524400,KBS
2022-10-19 07:00:00,9671.0,9671.0,9367.0,9601.0,1715200,KBS
2022-10-20 07:00:00,9484.0,9648.0,9344.0,9624.0,1713300,KBS
2022-10-21 07:00:00,9624.0,9718.0,9040.0,9391.0,2778800,KBS
2022-10-24 07:00:00,9391.0,9414.0,8737.0,9414.0,3261700,KBS
2022-10-25 07:00:00,9204.0,9648.0,9017.0,9414.0,3234600,KBS
2022-10-26 07:00:00,9437.0,9554.0,9251.0,9344.0,1128900,KBS
2022-10-27 07:00:00,9321.0,9811.0,9274.0,9811.0,4337200,KBS
2022-10-28 07:00:00,9905.0,10045.0,9648.0,9741.0,2784700,KBS
2022-10-31 07:00:00,9811.0,9811.0,9484.0,9671.0,2827900,KBS
2022-11-01 07:00:00,9811.0,10325.0,9765.0,10185.0,5884300,KBS
2022-11-02 07:00:00,10185.0,10512.0,10068.0,10068.0,4002500,KBS
2022-11-03 07:00:00,9975.0,10325.0,9741.0,9928.0,3799000,KBS
2022-11-04 07:00:00,9811.0,9951.0,9251.0,9951.0,7373300,KBS
2022-11-07 07:00:00,10021.0,10021.0,9344.0,9391.0,2521800,KBS
2022-11-08 07:00:00,9204.0,9671.0,9110.0,9578.0,4238700,KBS
2022-11-09 07:00:00,9671.0,9811.0,9391.0,9437.0,2799700,KBS
2022-11-10 07:00:00,9367.0,9391.0,8877.0,9297.0,2993600,KBS
2022-11-11 07:00:00,9578.0,9578.0,8970.0,9297.0,3738000,KBS
2022-11-14 07:00:00,9110.0,9227.0,8900.0,9204.0,3212600,KBS
2022-11-15 07:00:00,9064.0,9297.0,8573.0,9297.0,5346500,KBS
2022-11-16 07:00:00,8760.0,9811.0,8690.0,9741.0,5537900,KBS
2022-11-17 07:00:00,9951.0,10045.0,9554.0,9741.0,5229400,KBS
2022-11-18 07:00:00,9624.0,9765.0,9414.0,9624.0,2041400,KBS
2022-11-21 07:00:00,9671.0,9671.0,9344.0,9624.0,3199900,KBS
2022-11-22 07:00:00,9578.0,9905.0,9414.0,9648.0,5489300,KBS
2022-11-23 07:00:00,9508.0,9718.0,9297.0,9344.0,2889500,KBS
2022-11-24 07:00:00,9391.0,9461.0,8970.0,9344.0,4812700,KBS
2022-11-25 07:00:00,9437.0,9508.0,9227.0,9484.0,3035400,KBS
2022-11-28 07:00:00,9578.0,9951.0,9367.0,9811.0,12703500,KBS
2022-11-29 07:00:00,9951.0,10092.0,9671.0,10045.0,9286500,KBS
2022-11-30 07:00:00,10138.0,10512.0,9741.0,10278.0,12992800,KBS
2022-12-01 07:00:00,10442.0,10629.0,10092.0,10185.0,15159700,KBS
2022-12-02 07:00:00,10045.0,10652.0,9905.0,10652.0,8249700,KBS
2022-12-05 07:00:00,10839.0,11213.0,10722.0,10816.0,16149600,KBS
2022-12-06 07:00:00,10746.0,10816.0,10092.0,10092.0,11606200,KBS
2022-12-07 07:00:00,10045.0,10185.0,9694.0,9788.0,8893600,KBS
2022-12-08 07:00:00,9975.0,10465.0,9718.0,10278.0,20798800,KBS
2022-12-09 07:00:00,10372.0,10746.0,10185.0,10512.0,13274500,KBS
2022-12-12 07:00:00,10629.0,10839.0,10419.0,10699.0,14481000,KBS
2022-12-13 07:00:00,10559.0,10746.0,10512.0,10746.0,9694900,KBS
2022-12-14 07:00:00,10933.0,10933.0,10559.0,10652.0,5662000,KBS
2022-12-15 07:00:00,10582.0,11026.0,10512.0,10746.0,13100400,KBS
2022-12-16 07:00:00,10629.0,11003.0,10512.0,10746.0,4769000,KBS
2022-12-19 07:00:00,10722.0,10886.0,10512.0,10512.0,7144900,KBS
2022-12-20 07:00:00,10489.0,10489.0,9928.0,10278.0,9974100,KBS
2022-12-21 07:00:00,10395.0,10465.0,10021.0,10092.0,3513500,KBS
2022-12-22 07:00:00,10232.0,10512.0,10092.0,10442.0,6223100,KBS
2022-12-23 07:00:00,10465.0,10465.0,10208.0,10278.0,2280500,KBS
2022-12-26 07:00:00,10208.0,10325.0,9624.0,9811.0,3117700,KBS
2022-12-27 07:00:00,9601.0,9951.0,9601.0,9835.0,2796500,KBS
2022-12-28 07:00:00,9835.0,10021.0,9648.0,9998.0,2828300,KBS
2022-12-29 07:00:00,10045.0,10068.0,9905.0,9998.0,3162200,KBS
2022-12-30 07:00:00,10068.0,10068.0,9835.0,9835.0,3246000,KBS
2023-01-03 07:00:00,9835.0,10232.0,9835.0,10232.0,2332900,KBS
2023-01-04 07:00:00,10349.0,10442.0,10115.0,10278.0,4383100,KBS
2023-01-05 07:00:00,10278.0,10652.0,10208.0,10535.0,7503200,KBS
2023-01-06 07:00:00,10535.0,10792.0,10419.0,10512.0,5805800,KBS
2023-01-09 07:00:00,10535.0,10722.0,10419.0,10512.0,4156300,KBS
2023-01-10 07:00:00,10652.0,10652.0,10419.0,10512.0,2904600,KBS
2023-01-11 07:00:00,10465.0,10676.0,10442.0,10489.0,5229800,KBS
2023-01-12 07:00:00,10559.0,10559.0,10395.0,10465.0,2066900,KBS
2023-01-13 07:00:00,10512.0,10535.0,10372.0,10465.0,4920200,KBS
2023-01-16 07:00:00,10465.0,10512.0,10278.0,10278.0,2962600,KBS
2023-01-17 07:00:00,10372.0,10746.0,10325.0,10746.0,13155800,KBS
2023-01-18 07:00:00,10769.0,11119.0,10769.0,11026.0,10092300,KBS
2023-01-19 07:00:00,10933.0,11283.0,10862.0,11213.0,13448400,KBS
2023-01-27 07:00:00,11353.0,11587.0,11213.0,11446.0,12821500,KBS
2023-01-30 07:00:00,11446.0,11446.0,11119.0,11166.0,8372400,KBS
2023-01-31 07:00:00,11189.0,11680.0,10956.0,11680.0,16661100,KBS
2023-02-01 07:00:00,11680.0,11867.0,10886.0,11073.0,14496400,KBS
2023-02-02 07:00:00,11119.0,11260.0,10979.0,11166.0,8033700,KBS
2023-02-03 07:00:00,11213.0,11213.0,11003.0,11213.0,5938200,KBS
2023-02-06 07:00:00,11119.0,11306.0,11096.0,11260.0,4563500,KBS
2023-02-07 07:00:00,11306.0,11657.0,11236.0,11400.0,17624400,KBS
2023-02-08 07:00:00,11633.0,11633.0,11400.0,11493.0,6007800,KBS
2023-02-09 07:00:00,11446.0,11750.0,11330.0,11330.0,10387600,KBS
2023-02-10 07:00:00,11330.0,11446.0,11003.0,11003.0,4093100,KBS
2023-02-13 07:00:00,11003.0,11073.0,10629.0,10746.0,4326300,KBS
2023-02-14 07:00:00,10933.0,11026.0,10886.0,10979.0,2689800,KBS
2023-02-15 07:00:00,11003.0,11376.0,10956.0,11119.0,6781300,KBS
2023-02-16 07:00:00,11166.0,11213.0,11049.0,11213.0,3654400,KBS
2023-02-17 07:00:00,11260.0,11260.0,11073.0,11143.0,4451900,KBS
2023-02-20 07:00:00,11143.0,11493.0,11119.0,11493.0,8701300,KBS
2023-02-21 07:00:00,11540.0,11727.0,11353.0,11587.0,11404800,KBS
2023-02-22 07:00:00,11446.0,11493.0,11003.0,11003.0,4053900,KBS
2023-02-23 07:00:00,11073.0,11213.0,10886.0,11213.0,4538600,KBS
2023-02-24 07:00:00,11213.0,11306.0,10979.0,10979.0,2352900,KBS
2023-02-27 07:00:00,10886.0,11026.0,10769.0,10862.0,3119800,KBS
2023-02-28 07:00:00,10933.0,11026.0,10886.0,10886.0,2093100,KBS
2023-03-01 07:00:00,10862.0,11260.0,10792.0,11213.0,4259000,KBS
2023-03-02 07:00:00,11213.0,11306.0,11119.0,11119.0,2696900,KBS
2023-03-03 07:00:00,11119.0,11236.0,10933.0,10933.0,2869100,KBS
2023-03-06 07:00:00,11026.0,11189.0,10956.0,10956.0,2322000,KBS
2023-03-07 07:00:00,11073.0,11119.0,10933.0,10979.0,1778600,KBS
2023-03-08 07:00:00,10933.0,11213.0,10886.0,11189.0,5405400,KBS
2023-03-09 07:00:00,11213.0,11470.0,11166.0,11446.0,7712500,KBS
2023-03-10 07:00:00,11306.0,11423.0,11166.0,11213.0,2711500,KBS
2023-03-13 07:00:00,11073.0,11493.0,11049.0,11353.0,6635000,KBS
2023-03-14 07:00:00,11423.0,11423.0,11143.0,11306.0,6715100,KBS
2023-03-15 07:00:00,11493.0,11727.0,11353.0,11517.0,9040600,KBS
2023-03-16 07:00:00,11470.0,11633.0,11376.0,11517.0,3007800,KBS
2023-03-17 07:00:00,11517.0,11914.0,11517.0,11820.0,10696300,KBS
2023-03-20 07:00:00,11820.0,11820.0,11198.0,11198.0,3893800,KBS
2023-03-21 07:00:00,11302.0,11380.0,11120.0,11198.0,2205300,KBS
2023-03-22 07:00:00,11250.0,11483.0,11250.0,11302.0,3281600,KBS
2023-03-23 07:00:00,11302.0,11483.0,11250.0,11431.0,2586700,KBS
2023-03-24 07:00:00,11431.0,11509.0,11354.0,11405.0,2492900,KBS
2023-03-27 07:00:00,11431.0,11535.0,11354.0,11354.0,2416500,KBS
2023-03-28 07:00:00,11405.0,11509.0,11328.0,11328.0,2007700,KBS
2023-03-29 07:00:00,11405.0,11405.0,11276.0,11354.0,1440900,KBS
2023-03-30 07:00:00,11405.0,11509.0,11354.0,11483.0,2720800,KBS
2023-03-31 07:00:00,11457.0,11561.0,11457.0,11509.0,2386600,KBS
2023-04-03 07:00:00,11665.0,11820.0,11535.0,11794.0,8217100,KBS
2023-04-04 07:00:00,11872.0,11872.0,11639.0,11716.0,3619400,KBS
2023-04-05 07:00:00,11742.0,11794.0,11561.0,11768.0,5448700,KBS
2023-04-06 07:00:00,11768.0,12105.0,11716.0,11976.0,10310100,KBS
2023-04-07 07:00:00,11872.0,12079.0,11846.0,11976.0,4469000,KBS
2023-04-10 07:00:00,12079.0,12183.0,11820.0,11976.0,7616400,KBS
2023-04-11 07:00:00,11898.0,12053.0,11742.0,11976.0,2703300,KBS
2023-04-12 07:00:00,11976.0,12079.0,11872.0,11976.0,3844200,KBS
2023-04-13 07:00:00,12131.0,12131.0,11976.0,12028.0,2530900,KBS
2023-04-14 07:00:00,12028.0,12339.0,12028.0,12028.0,7235100,KBS
2023-04-17 07:00:00,12028.0,12028.0,11820.0,11924.0,1630000,KBS
2023-04-18 07:00:00,11820.0,12079.0,11716.0,11820.0,1700400,KBS
2023-04-19 07:00:00,11820.0,11924.0,11587.0,11587.0,1858000,KBS
2023-04-20 07:00:00,11587.0,11716.0,11535.0,11613.0,951600,KBS
2023-04-21 07:00:00,11613.0,11950.0,11613.0,11691.0,2604800,KBS
2023-04-24 07:00:00,11665.0,11950.0,11665.0,11846.0,4773400,KBS
2023-04-25 07:00:00,11846.0,11872.0,11716.0,11794.0,1385200,KBS
2023-04-26 07:00:00,11742.0,12002.0,11665.0,11924.0,4375100,KBS
2023-04-27 07:00:00,11976.0,12053.0,11898.0,11950.0,1874500,KBS
2023-04-28 07:00:00,11950.0,12339.0,11924.0,12339.0,8037300,KBS
2023-05-04 07:00:00,12339.0,12339.0,12157.0,12235.0,1873800,KBS
2023-05-05 07:00:00,12183.0,12287.0,11950.0,12105.0,2076700,KBS
2023-05-08 07:00:00,12079.0,12209.0,11950.0,12053.0,2833900,KBS
2023-05-09 07:00:00,12053.0,12287.0,12053.0,12209.0,3221000,KBS
2023-05-10 07:00:00,12235.0,12390.0,12079.0,12313.0,4225700,KBS
2023-05-11 07:00:00,12339.0,12365.0,12131.0,12235.0,1383100,KBS
2023-05-12 07:00:00,12261.0,12261.0,12105.0,12209.0,1785000,KBS
2023-05-15 07:00:00,12235.0,12546.0,12183.0,12390.0,10104400,KBS
2023-05-16 07:00:00,12390.0,12416.0,12235.0,12365.0,1726700,KBS
2023-05-17 07:00:00,12390.0,12416.0,12053.0,12053.0,1959500,KBS
2023-05-18 07:00:00,12079.0,12287.0,12079.0,12131.0,1265800,KBS
2023-05-19 07:00:00,12235.0,12235.0,12028.0,12157.0,1117100,KBS
2023-05-22 07:00:00,12365.0,12442.0,12183.0,12339.0,4990900,KBS
2023-05-23 07:00:00,12287.0,12494.0,12287.0,12287.0,4100800,KBS
2023-05-24 07:00:00,12390.0,12416.0,12183.0,12183.0,1902400,KBS
2023-05-25 07:00:00,12235.0,12287.0,12079.0,12131.0,987500,KBS
2023-05-26 07:00:00,12287.0,12287.0,12131.0,12261.0,1359200,KBS
2023-05-29 07:00:00,12416.0,12676.0,12287.0,12598.0,6814100,KBS
2023-05-30 07:00:00,12727.0,12727.0,12390.0,12494.0,2890900,KBS
2023-05-31 07:00:00,12676.0,13064.0,12572.0,12961.0,11085500,KBS
2023-06-01 07:00:00,13116.0,13557.0,12961.0,13557.0,13565100,KBS
2023-06-02 07:00:00,13350.0,13920.0,13350.0,13635.0,12079200,KBS
2023-06-05 07:00:00,14257.0,14257.0,13479.0,13531.0,9601600,KBS
2023-06-06 07:00:00,13531.0,13661.0,13246.0,13375.0,10016600,KBS
2023-06-07 07:00:00,13479.0,13661.0,13350.0,13609.0,9305100,KBS
2023-06-08 07:00:00,13661.0,13661.0,13272.0,13272.0,7731800,KBS
2023-06-09 07:00:00,13488.0,13705.0,13344.0,13452.0,7729200,KBS
2023-06-12 07:00:00,13524.0,13524.0,13164.0,13272.0,2665800,KBS
2023-06-13 07:00:00,13344.0,13344.0,13091.0,13091.0,3059200,KBS
2023-06-14 07:00:00,13128.0,13308.0,13091.0,13091.0,3719300,KBS
2023-06-15 07:00:00,13128.0,13128.0,13019.0,13091.0,2761300,KBS
2023-06-16 07:00:00,13091.0,13272.0,13091.0,13128.0,4859900,KBS
2023-06-19 07:00:00,13164.0,13200.0,13055.0,13200.0,1542700,KBS
2023-06-20 07:00:00,13200.0,13236.0,13091.0,13164.0,2285700,KBS
2023-06-21 07:00:00,13200.0,13272.0,13164.0,13272.0,4232500,KBS
2023-06-22 07:00:00,13416.0,13524.0,13272.0,13272.0,5292600,KBS
2023-06-23 07:00:00,13308.0,13452.0,13236.0,13344.0,6148700,KBS
2023-06-26 07:00:00,13380.0,13452.0,13164.0,13308.0,3352300,KBS
2023-06-27 07:00:00,13308.0,13344.0,13164.0,13272.0,2754100,KBS
2023-06-28 07:00:00,13272.0,13308.0,13200.0,13308.0,3332900,KBS
2023-06-29 07:00:00,13344.0,13344.0,13055.0,13055.0,3935500,KBS
2023-06-30 07:00:00,13055.0,13091.0,12983.0,12983.0,2644200,KBS
2023-07-03 07:00:00,13164.0,13164.0,13019.0,13091.0,2903600,KBS
2023-07-04 07:00:00,13128.0,13164.0,13055.0,13091.0,1808300,KBS
2023-07-05 07:00:00,13128.0,13164.0,13055.0,13055.0,3935100,KBS
2023-07-06 07:00:00,13055.0,13128.0,12983.0,13128.0,4455200,KBS
2023-07-07 07:00:00,13019.0,13128.0,12947.0,13019.0,4757800,KBS
2023-07-10 07:00:00,13055.0,13164.0,12983.0,13128.0,5894900,KBS
2023-07-11 07:00:00,13200.0,13416.0,13128.0,13200.0,8860800,KBS
2023-07-12 07:00:00,13272.0,13272.0,13091.0,13091.0,3904900,KBS
2023-07-13 07:00:00,13128.0,13200.0,13055.0,13164.0,4690600,KBS
2023-07-14 07:00:00,13164.0,13200.0,13019.0,13091.0,3857600,KBS
2023-07-17 07:00:00,13091.0,13164.0,13055.0,13164.0,4226300,KBS
2023-07-18 07:00:00,13164.0,13669.0,13128.0,13669.0,24802600,KBS
2023-07-19 07:00:00,13705.0,13777.0,13452.0,13488.0,9348200,KBS
2023-07-20 07:00:00,13488.0,13560.0,13272.0,13560.0,11167500,KBS
2023-07-21 07:00:00,13488.0,13669.0,13416.0,13524.0,9105000,KBS
2023-07-24 07:00:00,13488.0,13560.0,13308.0,13452.0,7040500,KBS
2023-07-25 07:00:00,13452.0,13885.0,13416.0,13705.0,13353600,KBS
2023-07-26 07:00:00,13705.0,13705.0,13488.0,13560.0,6632400,KBS
2023-07-27 07:00:00,13560.0,13596.0,13272.0,13380.0,6659700,KBS
2023-07-28 07:00:00,13344.0,13560.0,13308.0,13488.0,7177700,KBS
2023-07-31 07:00:00,13452.0,13596.0,13416.0,13524.0,5197200,KBS
2023-08-01 07:00:00,13560.0,13885.0,13524.0,13560.0,14475300,KBS
2023-08-02 07:00:00,13524.0,13705.0,13488.0,13632.0,6633500,KBS
2023-08-03 07:00:00,13632.0,13705.0,13272.0,13308.0,6907200,KBS
2023-08-04 07:00:00,13416.0,13705.0,13308.0,13669.0,12267000,KBS
2023-08-07 07:00:00,13705.0,14029.0,13669.0,13921.0,17746100,KBS
2023-08-08 07:00:00,13993.0,13993.0,13669.0,13705.0,6314100,KBS
2023-08-09 07:00:00,13741.0,13777.0,13524.0,13596.0,5495600,KBS
2023-08-10 07:00:00,13596.0,13632.0,13308.0,13344.0,5798400,KBS
2023-08-11 07:00:00,13380.0,13452.0,13164.0,13452.0,5338000,KBS
2023-08-14 07:00:00,13452.0,13488.0,13344.0,13452.0,5485400,KBS
2023-08-15 07:00:00,13488.0,13813.0,13380.0,13705.0,12072000,KBS
2023-08-16 07:00:00,13705.0,13813.0,13560.0,13777.0,8494700,KBS
2023-08-17 07:00:00,13777.0,13813.0,13560.0,13596.0,5848800,KBS
2023-08-18 07:00:00,13524.0,13560.0,12983.0,13055.0,11563300,KBS
2023-08-21 07:00:00,13200.0,13416.0,13019.0,13344.0,8195100,KBS
2023-08-22 07:00:00,13272.0,13416.0,13128.0,13380.0,4103300,KBS
2023-08-23 07:00:00,13452.0,13452.0,13236.0,13344.0,5560400,KBS
2023-08-24 07:00:00,13344.0,13632.0,13236.0,13560.0,10067900,KBS
2023-08-25 07:00:00,13488.0,13596.0,13416.0,13596.0,3737000,KBS
2023-08-28 07:00:00,13669.0,13741.0,13560.0,13705.0,7206500,KBS
2023-08-29 07:00:00,13705.0,13777.0,13596.0,13705.0,6935300,KBS
2023-08-30 07:00:00,13705.0,14101.0,13705.0,14101.0,21992900,KBS
2023-08-31 07:00:00,14173.0,14209.0,13957.0,14137.0,5939500,KBS
2023-09-05 07:00:00,14209.0,14318.0,14137.0,14173.0,9227200,KBS
2023-09-06 07:00:00,14173.0,14246.0,13813.0,14246.0,11948100,KBS
2023-09-07 07:00:00,14282.0,14498.0,14101.0,14173.0,16379000,KBS
2023-09-08 07:00:00,14173.0,14209.0,13993.0,13993.0,6024300,KBS
2023-09-11 07:00:00,14065.0,14137.0,13632.0,13669.0,10189800,KBS
2023-09-12 07:00:00,13669.0,13849.0,13560.0,13849.0,9025800,KBS
2023-09-13 07:00:00,13885.0,13957.0,13669.0,13885.0,5524300,KBS
2023-09-14 07:00:00,13885.0,14065.0,13705.0,13705.0,5652300,KBS
2023-09-15 07:00:00,13849.0,13921.0,13741.0,13849.0,4832500,KBS
2023-09-18 07:00:00,13849.0,13849.0,13560.0,13669.0,5313200,KBS
2023-09-19 07:00:00,13560.0,13777.0,13524.0,13741.0,6063000,KBS
2023-09-20 07:00:00,13669.0,14137.0,13596.0,14065.0,14284100,KBS
2023-09-21 07:00:00,14065.0,14101.0,13741.0,13741.0,5544300,KBS
2023-09-22 07:00:00,13596.0,13669.0,13236.0,13380.0,8917400,KBS
2023-09-25 07:00:00,13380.0,13488.0,12983.0,12983.0,6148800,KBS
2023-09-26 07:00:00,12983.0,13164.0,12767.0,12767.0,7202100,KBS
2023-09-27 07:00:00,12767.0,12875.0,12550.0,12839.0,5750800,KBS
2023-09-28 07:00:00,12839.0,13055.0,12442.0,13019.0,6388200,KBS
2023-09-29 07:00:00,13019.0,13055.0,12839.0,12875.0,3984200,KBS
2023-10-02 07:00:00,12875.0,12911.0,12623.0,12623.0,4168100,KBS
2023-10-03 07:00:00,12550.0,12550.0,12046.0,12046.0,7810600,KBS
2023-10-04 07:00:00,11901.0,12262.0,11901.0,11973.0,3541500,KBS
2023-10-05 07:00:00,12190.0,12190.0,11901.0,11937.0,3336200,KBS
2023-10-06 07:00:00,11937.0,12154.0,11901.0,12118.0,4441500,KBS
2023-10-09 07:00:00,12118.0,12298.0,12046.0,12154.0,4907100,KBS
2023-10-10 07:00:00,12262.0,12262.0,12082.0,12082.0,4293100,KBS
2023-10-11 07:00:00,12118.0,12154.0,12010.0,12082.0,3217900,KBS
2023-10-12 07:00:00,12154.0,12406.0,12082.0,12406.0,5222800,KBS
2023-10-13 07:00:00,12262.0,12514.0,12226.0,12442.0,7508500,KBS
2023-10-16 07:00:00,12406.0,12406.0,12082.0,12118.0,4724900,KBS
2023-10-17 07:00:00,12118.0,12226.0,11901.0,11901.0,3429200,KBS
2023-10-18 07:00:00,11937.0,11973.0,11505.0,11721.0,5437800,KBS
2023-10-19 07:00:00,11721.0,11757.0,11577.0,11649.0,2472900,KBS
2023-10-20 07:00:00,11613.0,11937.0,11613.0,11901.0,2685900,KBS
2023-10-23 07:00:00,11901.0,12082.0,11793.0,11865.0,4555200,KBS
2023-10-24 07:00:00,11901.0,12154.0,11865.0,12118.0,4260800,KBS
2023-10-25 07:00:00,12118.0,12190.0,11973.0,12082.0,4184700,KBS
2023-10-26 07:00:00,11829.0,11973.0,11288.0,11541.0,6938900,KBS
2023-10-27 07:00:00,11541.0,11757.0,11469.0,11685.0,2254000,KBS
2023-10-30 07:00:00,11685.0,11793.0,11541.0,11541.0,4288500,KBS
2023-10-31 07:00:00,11613.0,11613.0,11396.0,11396.0,2935200,KBS
2023-11-01 07:00:00,11505.0,11505.0,11252.0,11396.0,3183400,KBS
2023-11-02 07:00:00,11577.0,12046.0,11577.0,11829.0,7603800,KBS
2023-11-03 07:00:00,11973.0,12010.0,11577.0,11577.0,5735600,KBS
2023-11-06 07:00:00,11865.0,12082.0,11685.0,11973.0,4380500,KBS
2023-11-07 07:00:00,11901.0,12082.0,11865.0,11937.0,3707700,KBS
2023-11-08 07:00:00,11937.0,12623.0,11901.0,12442.0,8610200,KBS
2023-11-09 07:00:00,12514.0,12587.0,12298.0,12334.0,5483600,KBS
2023-11-10 07:00:00,12262.0,12478.0,12190.0,12262.0,5916200,KBS
2023-11-13 07:00:00,12262.0,12442.0,12190.0,12442.0,4233300,KBS
2023-11-14 07:00:00,12623.0,12875.0,12442.0,12550.0,12503700,KBS
2023-11-15 07:00:00,12587.0,12911.0,12550.0,12767.0,9714000,KBS
2023-11-16 07:00:00,12695.0,12695.0,12442.0,12623.0,5219100,KBS
2023-11-17 07:00:00,12623.0,12731.0,12190.0,12262.0,7432100,KBS
2023-11-20 07:00:00,12046.0,12550.0,12010.0,12406.0,4721200,KBS
2023-11-21 07:00:00,12406.0,12550.0,12262.0,12298.0,2615500,KBS
2023-11-22 07:00:00,12298.0,12406.0,12262.0,12334.0,2304200,KBS
2023-11-23 07:00:00,12406.0,12550.0,12262.0,12262.0,6954700,KBS
2023-11-24 07:00:00,12298.0,12298.0,12082.0,12262.0,3548100,KBS
2023-11-27 07:00:00,12226.0,12262.0,12010.0,12010.0,3113700,KBS
2023-11-28 07:00:00,12010.0,12154.0,11901.0,12082.0,2505600,KBS
2023-11-29 07:00:00,12082.0,12226.0,12046.0,12154.0,2466900,KBS
2023-11-30 07:00:00,12082.0,12334.0,12082.0,12262.0,8676600,KBS
2023-12-01 07:00:00,12298.0,12370.0,12154.0,12334.0,9186800,KBS
2023-12-04 07:00:00,12370.0,12587.0,12334.0,12406.0,11159100,KBS
2023-12-05 07:00:00,12442.0,12442.0,12298.0,12298.0,4489600,KBS
2023-12-06 07:00:00,12334.0,12695.0,12298.0,12587.0,14002600,KBS
2023-12-07 07:00:00,12623.0,12695.0,12442.0,12659.0,15077100,KBS
2023-12-08 07:00:00,12623.0,12767.0,12550.0,12587.0,4736000,KBS
2023-12-11 07:00:00,12587.0,12659.0,12514.0,12514.0,4330200,KBS
2023-12-12 07:00:00,12550.0,12587.0,12442.0,12514.0,2415200,KBS
2023-12-13 07:00:00,12550.0,12550.0,12262.0,12262.0,3334000,KBS
2023-12-14 07:00:00,12334.0,12406.0,12154.0,12190.0,3328300,KBS
2023-12-15 07:00:00,12262.0,12298.0,12154.0,12226.0,3379900,KBS
2023-12-18 07:00:00,12190.0,12262.0,12082.0,12190.0,3076300,KBS
2023-12-19 07:00:00,12118.0,12262.0,12082.0,12262.0,2428400,KBS
2023-12-20 07:00:00,12190.0,12262.0,12154.0,12190.0,2824600,KBS
2023-12-21 07:00:00,12190.0,12190.0,12046.0,12190.0,2096800,KBS
2023-12-22 07:00:00,12190.0,12226.0,12082.0,12190.0,2372900,KBS
2023-12-25 07:00:00,12190.0,12334.0,12190.0,12298.0,2546800,KBS
2023-12-26 07:00:00,12334.0,12334.0,12226.0,12262.0,2029300,KBS
2023-12-27 07:00:00,12262.0,12514.0,12262.0,12514.0,5355700,KBS
2023-12-28 07:00:00,12478.0,12514.0,12370.0,12478.0,3898200,KBS
2023-12-29 07:00:00,12550.0,12587.0,12442.0,12550.0,3046800,KBS
2024-01-02 07:00:00,12587.0,12623.0,12442.0,12478.0,6970700,KBS
2024-01-03 07:00:00,12442.0,12587.0,12334.0,12587.0,7154500,KBS
2024-01-04 07:00:00,12623.0,13128.0,12550.0,12911.0,30598000,KBS
2024-01-05 07:00:00,12911.0,13091.0,12803.0,12983.0,11024500,KBS
2024-01-08 07:00:00,13128.0,13128.0,12839.0,12947.0,10132200,KBS
2024-01-09 07:00:00,12983.0,13019.0,12767.0,12803.0,10503800,KBS
2024-01-10 07:00:00,12839.0,13416.0,12803.0,13344.0,24216600,KBS
2024-01-11 07:00:00,13344.0,13705.0,13236.0,13344.0,18114600,KBS
2024-01-12 07:00:00,13236.0,13560.0,13091.0,13380.0,18899600,KBS
2024-01-15 07:00:00,13524.0,13560.0,13200.0,13200.0,6963100,KBS
2024-01-16 07:00:00,13128.0,13416.0,13128.0,13416.0,9333300,KBS
2024-01-17 07:00:00,13380.0,13488.0,13236.0,13236.0,7453000,KBS
2024-01-18 07:00:00,13236.0,13308.0,13128.0,13308.0,5369000,KBS
2024-01-19 07:00:00,13308.0,13452.0,13272.0,13416.0,5649500,KBS
2024-01-22 07:00:00,13416.0,13488.0,13308.0,13452.0,8796900,KBS
2024-01-23 07:00:00,13452.0,13560.0,13344.0,13416.0,9420200,KBS
2024-01-24 07:00:00,13380.0,13380.0,13164.0,13200.0,9177000,KBS
2024-01-25 07:00:00,13200.0,13200.0,13091.0,13091.0,5630100,KBS
2024-01-26 07:00:00,13128.0,13344.0,13091.0,13200.0,3898400,KBS
2024-01-29 07:00:00,13200.0,13272.0,13091.0,13091.0,2947500,KBS
2024-01-30 07:00:00,13091.0,13308.0,13091.0,13200.0,7021600,KBS
2024-01-31 07:00:00,13308.0,13308.0,12839.0,12875.0,8855600,KBS
2024-02-01 07:00:00,12875.0,13019.0,12839.0,12875.0,5055900,KBS
2024-02-02 07:00:00,12911.0,12947.0,12623.0,12623.0,9172100,KBS
2024-02-05 07:00:00,12623.0,13164.0,12623.0,13091.0,18712100,KBS
2024-02-06 07:00:00,13164.0,13236.0,13055.0,13055.0,9956100,KBS
2024-02-07 07:00:00,13055.0,13416.0,13055.0,13344.0,14675200,KBS
2024-02-15 07:00:00,13452.0,13813.0,13416.0,13596.0,25897300,KBS
2024-02-16 07:00:00,13632.0,13741.0,13560.0,13632.0,14361000,KBS
2024-02-19 07:00:00,13632.0,13669.0,13452.0,13560.0,8778700,KBS
2024-02-20 07:00:00,13524.0,13596.0,13452.0,13524.0,9312600,KBS
2024-02-21 07:00:00,13524.0,14065.0,13380.0,14065.0,31792400,KBS
2024-02-22 07:00:00,14065.0,14246.0,13849.0,14101.0,15643700,KBS
2024-02-23 07:00:00,14137.0,14498.0,13777.0,13777.0,43600000,KBS
2024-02-26 07:00:00,13741.0,13921.0,13669.0,13813.0,8201000,KBS
2024-02-27 07:00:00,13813.0,13921.0,13596.0,13813.0,15268600,KBS
2024-02-28 07:00:00,13885.0,14426.0,13777.0,14426.0,25599800,KBS
2024-02-29 07:00:00,14426.0,14606.0,14209.0,14318.0,30155900,KBS
2024-03-01 07:00:00,14318.0,14390.0,14101.0,14318.0,14281200,KBS
2024-03-04 07:00:00,14354.0,14390.0,14065.0,14137.0,15039300,KBS
2024-03-05 07:00:00,14137.0,14137.0,13921.0,13993.0,12293300,KBS
2024-03-06 07:00:00,13993.0,14173.0,13777.0,13849.0,10014300,KBS
2024-03-07 07:00:00,13957.0,13957.0,13813.0,13885.0,9134900,KBS
2024-03-08 07:00:00,13885.0,13921.0,13416.0,13416.0,22061000,KBS
2024-03-11 07:00:00,13380.0,13560.0,13272.0,13344.0,11033100,KBS
2024-03-12 07:00:00,13344.0,13488.0,13308.0,13344.0,7979800,KBS
2024-03-13 07:00:00,13344.0,13705.0,13308.0,13705.0,7641800,KBS
2024-03-14 07:00:00,13705.0,13741.0,13416.0,13524.0,7674300,KBS
2024-03-15 07:00:00,13488.0,13705.0,13308.0,13560.0,8997700,KBS
2024-03-18 07:00:00,13705.0,13705.0,12767.0,13200.0,13698800,KBS
2024-03-19 07:00:00,13200.0,13272.0,13128.0,13128.0,4381200,KBS
2024-03-20 07:00:00,13128.0,13524.0,12947.0,13416.0,15977100,KBS
2024-03-21 07:00:00,13560.0,13596.0,13344.0,13524.0,9181400,KBS
2024-03-22 07:00:00,13560.0,13885.0,13452.0,13524.0,17965600,KBS
2024-03-25 07:00:00,13560.0,13885.0,13488.0,13705.0,17580600,KBS
2024-03-26 07:00:00,13705.0,13849.0,13632.0,13813.0,10841600,KBS
2024-03-27 07:00:00,13849.0,13885.0,13705.0,13849.0,6029000,KBS
2024-03-28 07:00:00,13993.0,14065.0,13705.0,13777.0,10132800,KBS
2024-03-29 07:00:00,13849.0,13849.0,13705.0,13777.0,5775400,KBS
2024-04-01 07:00:00,13705.0,13741.0,13452.0,13524.0,10017500,KBS
2024-04-02 07:00:00,13452.0,13596.0,13200.0,13596.0,10357500,KBS
2024-04-03 07:00:00,13560.0,13560.0,13308.0,13344.0,8201800,KBS
2024-04-04 07:00:00,13344.0,13380.0,13200.0,13272.0,11405700,KBS
2024-04-05 07:00:00,13128.0,13236.0,13055.0,13128.0,9629700,KBS
2024-04-08 07:00:00,13128.0,13416.0,13055.0,13164.0,11665800,KBS
2024-04-09 07:00:00,13236.0,13416.0,13091.0,13416.0,4445600,KBS
2024-04-10 07:00:00,13452.0,13452.0,13236.0,13236.0,4267500,KBS
2024-04-11 07:00:00,13055.0,13236.0,13055.0,13236.0,6870000,KBS
2024-04-12 07:00:00,13236.0,13488.0,13164.0,13488.0,10980100,KBS
2024-04-15 07:00:00,13308.0,13452.0,12623.0,12623.0,12288000,KBS
2024-04-16 07:00:00,12623.0,12803.0,12262.0,12695.0,16793400,KBS
2024-04-17 07:00:00,12767.0,12767.0,12262.0,12262.0,6196500,KBS
2024-04-19 07:00:00,12226.0,12334.0,11829.0,11973.0,8460400,KBS
2024-04-22 07:00:00,12262.0,12659.0,12118.0,12623.0,12634100,KBS
2024-04-23 07:00:00,12550.0,12695.0,12370.0,12442.0,6323700,KBS
2024-04-24 07:00:00,12659.0,12983.0,12623.0,12983.0,11888100,KBS
2024-04-25 07:00:00,12947.0,12983.0,12767.0,12947.0,4944200,KBS
2024-04-26 07:00:00,12731.0,12947.0,12731.0,12911.0,3090800,KBS
2024-05-02 07:00:00,12911.0,12947.0,12731.0,12731.0,1667000,KBS
2024-05-03 07:00:00,12803.0,12911.0,12623.0,12623.0,7855100,KBS
2024-05-06 07:00:00,12767.0,12911.0,12695.0,12839.0,4036600,KBS
2024-05-07 07:00:00,12875.0,12875.0,12695.0,12803.0,2573500,KBS
2024-05-08 07:00:00,12767.0,12839.0,12659.0,12803.0,4167200,KBS
2024-05-09 07:00:00,12839.0,13272.0,12767.0,13091.0,15535600,KBS
2024-05-10 07:00:00,13128.0,13200.0,12983.0,13055.0,8319000,KBS
2024-05-13 07:00:00,13055.0,13236.0,12911.0,12983.0,5842600,KBS
2024-05-14 07:00:00,13019.0,13128.0,12911.0,12983.0,4385800,KBS
2024-05-15 07:00:00,13128.0,13128.0,12911.0,12947.0,9486200,KBS
2024-05-16 07:00:00,13128.0,13272.0,12983.0,13236.0,9637600,KBS
2024-05-17 07:00:00,13272.0,13452.0,13164.0,13272.0,12133500,KBS
2024-05-20 07:00:00,13272.0,13416.0,13272.0,13308.0,13761500,KBS
2024-05-21 07:00:00,13344.0,13344.0,13128.0,13236.0,4448700,KBS
2024-05-22 07:00:00,13272.0,13308.0,13055.0,13091.0,6154000,KBS
2024-05-23 07:00:00,13091.0,13200.0,13019.0,13200.0,5060500,KBS
2024-05-24 07:00:00,12983.0,13236.0,12695.0,12803.0,15598300,KBS
2024-05-27 07:00:00,12803.0,12911.0,12659.0,12767.0,5790100,KBS
2024-05-28 07:00:00,12839.0,12911.0,12767.0,12875.0,4456600,KBS
2024-05-29 07:00:00,12911.0,12911.0,12767.0,12767.0,4679700,KBS
2024-05-30 07:00:00,12767.0,12803.0,12623.0,12767.0,6358400,KBS
2024-05-31 07:00:00,12767.0,12839.0,12659.0,12731.0,3886000,KBS
2024-06-03 07:00:00,12803.0,13236.0,12767.0,13019.0,12042300,KBS
2024-06-04 07:00:00,13091.0,13128.0,12983.0,13019.0,4463400,KBS
2024-06-05 07:00:00,13019.0,13091.0,12947.0,12983.0,4055200,KBS
2024-06-06 07:00:00,12983.0,13236.0,12947.0,13164.0,8347800,KBS
2024-06-07 07:00:00,13200.0,13272.0,13055.0,13055.0,3479300,KBS
2024-06-10 07:00:00,13164.0,13416.0,13128.0,13236.0,13096800,KBS
2024-06-11 07:00:00,13272.0,13344.0,13091.0,13128.0,4545700,KBS
2024-06-12 07:00:00,13128.0,13344.0,13091.0,13308.0,6745500,KBS
2024-06-13 07:00:00,13344.0,13777.0,13308.0,13705.0,43999800,KBS
2024-06-14 07:00:00,13705.0,13777.0,13452.0,13452.0,11910200,KBS
2024-06-17 07:00:00,13488.0,13488.0,13272.0,13380.0,9223000,KBS
2024-06-18 07:00:00,13524.0,13524.0,13344.0,13416.0,7922300,KBS
2024-06-19 07:00:00,13488.0,13524.0,13272.0,13380.0,8452000,KBS
2024-06-20 07:00:00,13565.0,13565.0,13343.0,13528.0,8930200,KBS
2024-06-21 07:00:00,13454.0,13602.0,13380.0,13417.0,7475400,KBS
2024-06-24 07:00:00,13380.0,13417.0,12898.0,12898.0,9992600,KBS
2024-06-25 07:00:00,13009.0,13046.0,12898.0,13009.0,4193100,KBS
2024-06-26 07:00:00,12972.0,13009.0,12824.0,13009.0,4412700,KBS
2024-06-27 07:00:00,12935.0,13009.0,12861.0,12935.0,2868300,KBS
2024-06-28 07:00:00,12787.0,12972.0,12676.0,12750.0,5434800,KBS
2024-07-01 07:00:00,12750.0,12861.0,12713.0,12861.0,2303000,KBS
2024-07-02 07:00:00,12861.0,13046.0,12861.0,12935.0,2731300,KBS
2024-07-03 07:00:00,12972.0,13121.0,12935.0,13009.0,3468300,KBS
2024-07-04 07:00:00,13046.0,13195.0,13009.0,13083.0,4743500,KBS
2024-07-05 07:00:00,13083.0,13121.0,12935.0,13121.0,2531700,KBS
2024-07-08 07:00:00,13121.0,13380.0,13121.0,13158.0,12782900,KBS
2024-07-09 07:00:00,13158.0,13343.0,13121.0,13269.0,7756600,KBS
2024-07-10 07:00:00,13343.0,13343.0,13046.0,13232.0,4927400,KBS
2024-07-11 07:00:00,13269.0,13380.0,13158.0,13269.0,9295200,KBS
2024-07-12 07:00:00,13269.0,13343.0,13195.0,13306.0,4261300,KBS
2024-07-15 07:00:00,13306.0,13343.0,13046.0,13083.0,2938500,KBS
2024-07-16 07:00:00,13121.0,13380.0,13121.0,13232.0,4740200,KBS
2024-07-17 07:00:00,13232.0,13565.0,13121.0,13232.0,10965700,KBS
2024-07-18 07:00:00,13306.0,13343.0,13121.0,13343.0,3672200,KBS
2024-07-19 07:00:00,13343.0,13751.0,13269.0,13639.0,42887000,KBS
2024-07-22 07:00:00,13639.0,14010.0,13565.0,13788.0,32697700,KBS
2024-07-23 07:00:00,13825.0,13862.0,12824.0,13158.0,14187900,KBS
2024-07-24 07:00:00,13083.0,13417.0,12972.0,13306.0,16209200,KBS
2024-07-25 07:00:00,13121.0,13343.0,13121.0,13195.0,7531000,KBS
2024-07-26 07:00:00,13269.0,13343.0,13195.0,13232.0,5556100,KBS
2024-07-29 07:00:00,13343.0,13565.0,13306.0,13417.0,13236200,KBS
2024-07-30 07:00:00,13417.0,13491.0,13195.0,13343.0,5119100,KBS
2024-07-31 07:00:00,13380.0,13751.0,13343.0,13454.0,21618000,KBS
2024-08-01 07:00:00,13491.0,13528.0,12972.0,13121.0,14226800,KBS
2024-08-02 07:00:00,12972.0,13158.0,12861.0,13158.0,12007100,KBS
2024-08-05 07:00:00,12824.0,13009.0,12453.0,12453.0,17824900,KBS
2024-08-06 07:00:00,12639.0,12972.0,12490.0,12861.0,9812700,KBS
2024-08-07 07:00:00,12861.0,13046.0,12602.0,12639.0,13938700,KBS
2024-08-08 07:00:00,12639.0,12750.0,12490.0,12528.0,6124700,KBS
2024-08-09 07:00:00,12750.0,12861.0,12602.0,12676.0,13229000,KBS
2024-08-12 07:00:00,12676.0,12824.0,12602.0,12787.0,4131100,KBS
2024-08-13 07:00:00,12787.0,12972.0,12713.0,12787.0,7202000,KBS
2024-08-14 07:00:00,12861.0,12861.0,12750.0,12750.0,2720100,KBS
2024-08-15 07:00:00,12750.0,12824.0,12676.0,12676.0,3772100,KBS
2024-08-16 07:00:00,12713.0,13009.0,12713.0,12972.0,8172700,KBS
2024-08-19 07:00:00,12972.0,13083.0,12861.0,12972.0,8330100,KBS
2024-08-20 07:00:00,12972.0,13121.0,12972.0,13009.0,8885500,KBS
2024-08-21 07:00:00,13009.0,13269.0,12972.0,13269.0,16727200,KBS
2024-08-22 07:00:00,13343.0,13491.0,13269.0,13343.0,7985000,KBS
2024-08-23 07:00:00,13343.0,13343.0,13121.0,13269.0,8048000,KBS
2024-08-26 07:00:00,13269.0,13491.0,13195.0,13195.0,11809400,KBS
2024-08-27 07:00:00,13195.0,13269.0,13121.0,13158.0,4463800,KBS
2024-08-28 07:00:00,13195.0,13343.0,13121.0,13158.0,8033600,KBS
2024-08-29 07:00:00,13158.0,13380.0,13158.0,13232.0,7339300,KBS
2024-08-30 07:00:00,13232.0,13343.0,13195.0,13269.0,6996800,KBS
2024-09-04 07:00:00,13046.0,13158.0,12972.0,13083.0,7585400,KBS
2024-09-05 07:00:00,13158.0,13195.0,13009.0,13046.0,4864500,KBS
2024-09-06 07:00:00,13083.0,13269.0,13009.0,13121.0,7407100,KBS
2024-09-09 07:00:00,13083.0,13158.0,13009.0,13046.0,3032800,KBS
2024-09-10 07:00:00,13121.0,13380.0,13121.0,13195.0,16886000,KBS
2024-09-11 07:00:00,13269.0,13306.0,13121.0,13232.0,3935400,KBS
2024-09-12 07:00:00,13343.0,13602.0,13269.0,13454.0,28878900,KBS
2024-09-13 07:00:00,13491.0,13528.0,13380.0,13454.0,6112700,KBS
2024-09-16 07:00:00,13454.0,13602.0,13269.0,13343.0,14297700,KBS
2024-09-17 07:00:00,13343.0,13454.0,13269.0,13454.0,4889100,KBS
2024-09-18 07:00:00,13528.0,13639.0,13380.0,13528.0,15982800,KBS
2024-09-19 07:00:00,13565.0,13714.0,13528.0,13528.0,15194500,KBS
2024-09-20 07:00:00,13602.0,13714.0,13380.0,13417.0,24874500,KBS
2024-09-23 07:00:00,13595.0,13861.0,13550.0,13550.0,11929900,KBS
2024-09-24 07:00:00,13595.0,13684.0,13461.0,13684.0,5340600,KBS
2024-09-25 07:00:00,13772.0,13906.0,13728.0,13861.0,11738000,KBS
2024-09-26 07:00:00,13950.0,14794.0,13817.0,14794.0,60820600,KBS
2024-09-27 07:00:00,15105.0,15283.0,14750.0,15016.0,60281900,KBS
2024-09-30 07:00:00,15016.0,15505.0,14972.0,15283.0,37862000,KBS
2024-10-01 07:00:00,15283.0,15461.0,15061.0,15194.0,30044700,KBS
2024-10-02 07:00:00,15327.0,15638.0,15150.0,15550.0,33118600,KBS
2024-10-03 07:00:00,15638.0,16083.0,15416.0,15550.0,51532500,KBS
2024-10-04 07:00:00,15727.0,15727.0,15283.0,15327.0,20462400,KBS
2024-10-07 07:00:00,15505.0,15638.0,15327.0,15550.0,16722300,KBS
2024-10-08 07:00:00,15727.0,16083.0,15594.0,15594.0,32029800,KBS
2024-10-09 07:00:00,15638.0,15727.0,15461.0,15638.0,15086300,KBS
2024-10-10 07:00:00,15816.0,16038.0,15461.0,15505.0,34471200,KBS
2024-10-11 07:00:00,15505.0,15550.0,15327.0,15550.0,13142400,KBS
2024-10-14 07:00:00,15638.0,15727.0,15416.0,15505.0,13859900,KBS
2024-10-15 07:00:00,15638.0,15816.0,15461.0,15505.0,14881000,KBS
2024-10-16 07:00:00,15461.0,15594.0,15416.0,15550.0,8606300,KBS
2024-10-17 07:00:00,15594.0,15949.0,15372.0,15905.0,22478600,KBS
2024-10-18 07:00:00,15994.0,16083.0,15772.0,15816.0,29518000,KBS
2024-10-21 07:00:00,15683.0,15816.0,15550.0,15550.0,12873600,KBS
2024-10-22 07:00:00,15461.0,15816.0,15239.0,15372.0,31041200,KBS
2024-10-23 07:00:00,15416.0,15772.0,15283.0,15683.0,18002200,KBS
2024-10-24 07:00:00,15772.0,15861.0,15150.0,15150.0,18317600,KBS
2024-10-25 07:00:00,15239.0,15372.0,15105.0,15150.0,16901500,KBS
2024-10-28 07:00:00,15150.0,15283.0,15150.0,15283.0,7919600,KBS
2024-10-29 07:00:00,15327.0,15416.0,15194.0,15194.0,9762400,KBS
2024-10-30 07:00:00,15239.0,15327.0,15105.0,15327.0,11117800,KBS
2024-10-31 07:00:00,15239.0,15594.0,15150.0,15372.0,19905800,KBS
2024-11-01 07:00:00,15283.0,15372.0,15150.0,15150.0,13064000,KBS
2024-11-04 07:00:00,15150.0,15194.0,14661.0,14705.0,27011700,KBS
2024-11-05 07:00:00,14705.0,14839.0,14661.0,14705.0,9258300,KBS
2024-11-06 07:00:00,14839.0,15150.0,14705.0,15061.0,12037400,KBS
2024-11-07 07:00:00,15150.0,15150.0,14883.0,14928.0,6837000,KBS
2024-11-08 07:00:00,15016.0,15016.0,14705.0,14794.0,8665200,KBS
2024-11-11 07:00:00,14750.0,14794.0,14217.0,14394.0,30694100,KBS
2024-11-12 07:00:00,14483.0,14483.0,14261.0,14306.0,9278100,KBS
2024-11-13 07:00:00,14261.0,14394.0,13950.0,14350.0,17328900,KBS
2024-11-14 07:00:00,14261.0,14483.0,13995.0,13995.0,10651400,KBS
2024-11-15 07:00:00,13861.0,13995.0,13772.0,13861.0,16220400,KBS
2024-11-18 07:00:00,13861.0,14306.0,13817.0,14217.0,16208300,KBS
2024-11-19 07:00:00,14172.0,14261.0,14039.0,14039.0,9959400,KBS
2024-11-20 07:00:00,13950.0,14528.0,13950.0,14261.0,11375300,KBS
2024-11-21 07:00:00,14350.0,14439.0,14261.0,14439.0,6027200,KBS
2024-11-22 07:00:00,14394.0,14483.0,14306.0,14306.0,6826400,KBS
2024-11-25 07:00:00,14350.0,14439.0,14261.0,14350.0,5428500,KBS
2024-11-26 07:00:00,14350.0,14572.0,14350.0,14350.0,7393100,KBS
2024-11-27 07:00:00,14350.0,14483.0,14306.0,14350.0,4886900,KBS
2024-11-28 07:00:00,14439.0,14661.0,14394.0,14439.0,11221300,KBS
2024-11-29 07:00:00,14439.0,14528.0,14394.0,14394.0,4912000,KBS
2024-12-02 07:00:00,14528.0,14617.0,14306.0,14306.0,6793000,KBS
2024-12-03 07:00:00,14350.0,14394.0,14217.0,14217.0,6553700,KBS
2024-12-04 07:00:00,14261.0,14261.0,14039.0,14039.0,8010900,KBS
2024-12-05 07:00:00,14083.0,14617.0,13995.0,14617.0,11737500,KBS
2024-12-06 07:00:00,14661.0,14661.0,14439.0,14439.0,9727100,KBS
2024-12-09 07:00:00,14528.0,14661.0,14439.0,14572.0,8418500,KBS
2024-12-10 07:00:00,14572.0,14661.0,14528.0,14528.0,4978800,KBS
2024-12-11 07:00:00,14572.0,14661.0,14394.0,14483.0,6312900,KBS
2024-12-12 07:00:00,14528.0,14794.0,14439.0,14528.0,17357400,KBS
2024-12-13 07:00:00,14528.0,14617.0,14439.0,14439.0,4585600,KBS
2024-12-16 07:00:00,14439.0,14572.0,14350.0,14394.0,9848600,KBS
2024-12-17 07:00:00,14394.0,14483.0,14350.0,14394.0,4265400,KBS
2024-12-18 07:00:00,14394.0,14483.0,14306.0,14439.0,5405700,KBS
2024-12-19 07:00:00,14261.0,14350.0,14172.0,14217.0,10785400,KBS
2024-12-20 07:00:00,14261.0,14261.0,14128.0,14128.0,5572800,KBS
2024-12-23 07:00:00,14350.0,14394.0,14217.0,14261.0,6272100,KBS
2024-12-24 07:00:00,14261.0,14350.0,14217.0,14261.0,5949200,KBS
2024-12-25 07:00:00,14306.0,14972.0,14261.0,14572.0,14525600,KBS
2024-12-26 07:00:00,14528.0,14750.0,14528.0,14705.0,6862500,KBS
2024-12-27 07:00:00,14750.0,15150.0,14705.0,14883.0,27796400,KBS
2024-12-30 07:00:00,14928.0,15016.0,14661.0,14794.0,6732600,KBS
2024-12-31 07:00:00,14794.0,14928.0,14661.0,14794.0,7930000,KBS
2025-01-02 07:00:00,14839.0,14839.0,14572.0,14705.0,5149600,KBS
2025-01-03 07:00:00,14661.0,14705.0,14394.0,14394.0,9674200,KBS
2025-01-06 07:00:00,14394.0,14483.0,14217.0,14261.0,7769800,KBS
2025-01-07 07:00:00,14306.0,14439.0,14261.0,14306.0,5751500,KBS
2025-01-08 07:00:00,14439.0,14528.0,14350.0,14394.0,4606600,KBS
2025-01-09 07:00:00,14483.0,14483.0,14261.0,14306.0,4448700,KBS
2025-01-10 07:00:00,14306.0,14439.0,14083.0,14128.0,8367400,KBS
2025-01-13 07:00:00,14039.0,14261.0,13950.0,14128.0,6936800,KBS
2025-01-14 07:00:00,14128.0,14261.0,14083.0,14128.0,3547500,KBS
2025-01-15 07:00:00,14217.0,14306.0,14128.0,14217.0,5695500,KBS
2025-01-16 07:00:00,14306.0,14394.0,14217.0,14261.0,6277100,KBS
2025-01-17 07:00:00,14261.0,14394.0,14217.0,14350.0,4337800,KBS
2025-01-20 07:00:00,14439.0,14617.0,14394.0,14572.0,6756100,KBS
2025-01-21 07:00:00,14661.0,14661.0,14394.0,14394.0,5404500,KBS
2025-01-22 07:00:00,14483.0,14483.0,14306.0,14306.0,5141700,KBS
2025-01-23 07:00:00,14439.0,14572.0,14306.0,14528.0,6159900,KBS
2025-01-24 07:00:00,14483.0,14661.0,14483.0,14617.0,8382700,KBS
2025-02-03 07:00:00,14572.0,14572.0,14306.0,14350.0,8872100,KBS
2025-02-04 07:00:00,14439.0,14750.0,14350.0,14705.0,10936200,KBS
2025-02-05 07:00:00,14750.0,14839.0,14617.0,14750.0,8947000,KBS
2025-02-06 07:00:00,14839.0,15016.0,14661.0,14705.0,8814900,KBS
2025-02-07 07:00:00,14794.0,14928.0,14617.0,14705.0,10057900,KBS
2025-02-10 07:00:00,14661.0,14972.0,14528.0,14883.0,17700200,KBS
2025-02-11 07:00:00,14883.0,15283.0,14883.0,15105.0,42514000,KBS
2025-02-12 07:00:00,15194.0,15194.0,14928.0,14972.0,7638400,KBS
2025-02-13 07:00:00,14972.0,15061.0,14883.0,15016.0,7949000,KBS
2025-02-14 07:00:00,15105.0,15239.0,15016.0,15016.0,9816600,KBS
2025-02-17 07:00:00,15016.0,15105.0,14928.0,14972.0,8521000,KBS
2025-02-18 07:00:00,14972.0,15150.0,14928.0,15016.0,9227100,KBS
2025-02-19 07:00:00,15061.0,15105.0,14972.0,15105.0,8589200,KBS
2025-02-20 07:00:00,15105.0,15327.0,15061.0,15194.0,17107500,KBS
2025-02-21 07:00:00,15239.0,15239.0,15016.0,15105.0,9998800,KBS
2025-02-24 07:00:00,15105.0,15239.0,15016.0,15150.0,12868200,KBS
2025-02-25 07:00:00,15239.0,15239.0,15016.0,15061.0,15150600,KBS
2025-02-26 07:00:00,15194.0,15194.0,15016.0,15061.0,12927200,KBS
2025-02-27 07:00:00,15105.0,15150.0,14928.0,15016.0,18061000,KBS
2025-02-28 07:00:00,14972.0,15016.0,14839.0,14839.0,20436100,KBS
2025-03-03 07:00:00,14572.0,14617.0,14306.0,14394.0,61853300,KBS
2025-03-04 07:00:00,14394.0,14528.0,14306.0,14394.0,20875800,KBS
2025-03-05 07:00:00,14439.0,14572.0,14306.0,14306.0,15091100,KBS
2025-03-06 07:00:00,14306.0,14439.0,14261.0,14394.0,17481600,KBS
2025-03-07 07:00:00,14394.0,14617.0,14394.0,14528.0,18976100,KBS
2025-03-10 07:00:00,14528.0,14617.0,14394.0,14394.0,12081100,KBS
2025-03-11 07:00:00,14306.0,14439.0,14261.0,14439.0,9436300,KBS
2025-03-12 07:00:00,14439.0,14483.0,14306.0,14350.0,8865400,KBS
2025-03-13 07:00:00,14350.0,14394.0,14261.0,14261.0,9950000,KBS
2025-03-14 07:00:00,14261.0,14350.0,14217.0,14306.0,10218600,KBS
2025-03-17 07:00:00,14350.0,14617.0,14261.0,14528.0,14569500,KBS
2025-03-18 07:00:00,14572.0,14572.0,14394.0,14439.0,5575000,KBS
2025-03-19 07:00:00,14439.0,14483.0,14217.0,14261.0,17889400,KBS
2025-03-20 07:00:00,14261.0,14306.0,13328.0,13506.0,80976700,KBS
2025-03-21 07:00:00,13328.0,13506.0,12973.0,13106.0,38265700,KBS
2025-03-24 07:00:00,13062.0,13284.0,12839.0,12884.0,29368600,KBS
2025-03-25 07:00:00,12928.0,13328.0,12928.0,13150.0,18398200,KBS
2025-03-26 07:00:00,13150.0,13195.0,12839.0,12884.0,18645400,KBS
2025-03-27 07:00:00,12884.0,12973.0,12617.0,12706.0,19566700,KBS
2025-03-28 07:00:00,12751.0,12795.0,12617.0,12617.0,9629500,KBS
2025-03-31 07:00:00,12617.0,12884.0,12617.0,12706.0,12035800,KBS
2025-04-01 07:00:00,12795.0,12839.0,12662.0,12706.0,7873900,KBS
2025-04-02 07:00:00,12706.0,12795.0,12617.0,12662.0,11850800,KBS
2025-04-03 07:00:00,11907.0,12440.0,11818.0,11818.0,52438800,KBS
2025-04-04 07:00:00,11018.0,11507.0,11018.0,11329.0,42676000,KBS
2025-04-08 07:00:00,11018.0,11107.0,10574.0,10574.0,30397700,KBS
2025-04-09 07:00:00,9863.0,11062.0,9863.0,10396.0,30873400,KBS
2025-04-10 07:00:00,11107.0,11107.0,11107.0,11107.0,1277800,KBS
2025-04-11 07:00:00,11862.0,11862.0,11329.0,11729.0,26108300,KBS
2025-04-14 07:00:00,11773.0,11818.0,11507.0,11596.0,13386500,KBS
2025-04-15 07:00:00,11596.0,11640.0,11329.0,11373.0,11188200,KBS
2025-04-16 07:00:00,11329.0,11551.0,11329.0,11507.0,8419500,KBS
2025-04-17 07:00:00,11462.0,11640.0,11418.0,11640.0,9430300,KBS
2025-04-18 07:00:00,11640.0,11862.0,11640.0,11729.0,12414900,KBS
2025-04-21 07:00:00,11995.0,12218.0,11907.0,12040.0,15956100,KBS
2025-04-22 07:00:00,11907.0,12040.0,11551.0,11907.0,24165100,KBS
2025-04-23 07:00:00,12173.0,12173.0,11951.0,11995.0,8547800,KBS
2025-04-24 07:00:00,12040.0,12084.0,11862.0,11951.0,6904700,KBS
2025-04-25 07:00:00,12040.0,12084.0,11907.0,11907.0,14038800,KBS
2025-04-28 07:00:00,12084.0,12084.0,11907.0,11995.0,8453300,KBS
2025-04-29 07:00:00,12040.0,12129.0,11995.0,12084.0,7014500,KBS
2025-05-05 07:00:00,12173.0,12218.0,12040.0,12084.0,4493800,KBS
2025-05-06 07:00:00,11995.0,12395.0,11995.0,12262.0,14692900,KBS
2025-05-07 07:00:00,12440.0,12440.0,12262.0,12351.0,12153500,KBS
2025-05-08 07:00:00,12440.0,12573.0,12395.0,12484.0,17146100,KBS
2025-05-09 07:00:00,12617.0,12617.0,12440.0,12484.0,17752400,KBS
2025-05-12 07:00:00,12573.0,13150.0,12528.0,13106.0,34278300,KBS
2025-05-13 07:00:00,13297.0,13297.0,12868.0,12963.0,18602700,KBS
2025-05-14 07:00:00,13011.0,13154.0,12963.0,13154.0,14763500,KBS
2025-05-15 07:00:00,13154.0,13249.0,12915.0,13106.0,14236200,KBS
2025-05-16 07:00:00,13058.0,13106.0,12915.0,12963.0,8585600,KBS
2025-05-19 07:00:00,12868.0,12915.0,12772.0,12820.0,8525600,KBS
2025-05-20 07:00:00,12820.0,12915.0,12725.0,12868.0,10472800,KBS
2025-05-21 07:00:00,12868.0,13106.0,12820.0,12868.0,15401200,KBS
2025-05-22 07:00:00,12820.0,12868.0,12629.0,12677.0,15410500,KBS
2025-05-23 07:00:00,12677.0,12725.0,12534.0,12629.0,9575500,KBS
2025-05-26 07:00:00,12677.0,12772.0,12391.0,12725.0,9088300,KBS
2025-05-27 07:00:00,12725.0,12820.0,12391.0,12725.0,11170500,KBS
2025-05-28 07:00:00,12772.0,12868.0,12677.0,12725.0,8508800,KBS
2025-05-29 07:00:00,12772.0,12820.0,12725.0,12772.0,7026200,KBS
2025-05-30 07:00:00,12772.0,12820.0,12582.0,12629.0,7899800,KBS
2025-06-02 07:00:00,12296.0,12534.0,12153.0,12487.0,21637900,KBS
2025-06-03 07:00:00,12534.0,12677.0,12534.0,12629.0,7560600,KBS
2025-06-04 07:00:00,12629.0,12677.0,12487.0,12487.0,8553600,KBS
2025-06-05 07:00:00,12582.0,12582.0,12487.0,12534.0,4778700,KBS
2025-06-06 07:00:00,12534.0,12582.0,12439.0,12487.0,6755000,KBS
2025-06-09 07:00:00,12487.0,12534.0,12391.0,12439.0,5645200,KBS
2025-06-10 07:00:00,12439.0,12534.0,12391.0,12439.0,4591700,KBS
2025-06-11 07:00:00,12487.0,12725.0,12439.0,12629.0,9199300,KBS
2025-06-12 07:00:00,12629.0,12725.0,12582.0,12677.0,7342100,KBS
2025-06-13 07:00:00,12582.0,12677.0,12487.0,12582.0,15361500,KBS
2025-06-16 07:00:00,12582.0,12725.0,12534.0,12677.0,8624300,KBS
2025-06-17 07:00:00,12772.0,13058.0,12725.0,12868.0,15758100,KBS
2025-06-18 07:00:00,12915.0,12915.0,12725.0,12772.0,5248200,KBS
2025-06-19 07:00:00,12772.0,12868.0,12725.0,12772.0,4779800,KBS
2025-06-20 07:00:00,12725.0,12868.0,12677.0,12725.0,6952300,KBS
2025-06-23 07:00:00,12582.0,12677.0,12534.0,12677.0,6859100,KBS
2025-06-24 07:00:00,12772.0,12772.0,12629.0,12629.0,6089300,KBS
2025-06-25 07:00:00,12677.0,12868.0,12629.0,12772.0,11605600,KBS
2025-06-26 07:00:00,12772.0,12820.0,12677.0,12725.0,4858000,KBS
2025-06-27 07:00:00,12772.0,12820.0,12677.0,12772.0,8293800,KBS
2025-06-30 07:00:00,12820.0,12915.0,12772.0,12820.0,12750800,KBS
2025-07-01 07:00:00,12915.0,12963.0,12820.0,12915.0,13097300,KBS
2025-07-02 07:00:00,12915.0,13011.0,12868.0,12963.0,9756200,KBS
2025-07-03 07:00:00,13011.0,13297.0,12915.0,13106.0,27252400,KBS
2025-07-04 07:00:00,13154.0,13249.0,13106.0,13106.0,10473100,KBS
2025-07-07 07:00:00,13106.0,13535.0,13106.0,13487.0,26250600,KBS
2025-07-08 07:00:00,13297.0,13487.0,13249.0,13344.0,32540400,KBS
2025-07-09 07:00:00,13440.0,14250.0,13392.0,14202.0,62035800,KBS
2025-07-10 07:00:00,14298.0,14345.0,14012.0,14155.0,17093800,KBS
2025-07-11 07:00:00,14155.0,14440.0,14059.0,14155.0,26321200,KBS
2025-07-14 07:00:00,14155.0,14202.0,13869.0,14202.0,20660000,KBS
2025-07-15 07:00:00,14250.0,14393.0,14059.0,14059.0,19482400,KBS
2025-07-16 07:00:00,14012.0,14202.0,14012.0,14202.0,15927900,KBS
2025-07-17 07:00:00,14298.0,14440.0,14107.0,14202.0,19292100,KBS
2025-07-18 07:00:00,14250.0,14631.0,14155.0,14393.0,26879600,KBS
2025-07-21 07:00:00,14536.0,14583.0,14345.0,14393.0,21259300,KBS
2025-07-22 07:00:00,14345.0,14726.0,14155.0,14583.0,28514100,KBS
2025-07-23 07:00:00,14726.0,14822.0,14536.0,14679.0,27098100,KBS
2025-07-24 07:00:00,14679.0,15155.0,14679.0,14869.0,28826900,KBS
2025-07-25 07:00:00,15012.0,15060.0,14774.0,14869.0,23916200,KBS
2025-07-28 07:00:00,14917.0,15727.0,14869.0,15680.0,42094400,KBS
2025-07-29 07:00:00,15823.0,15823.0,14583.0,14583.0,48783300,KBS
2025-07-30 07:00:00,14679.0,15251.0,14583.0,15155.0,28359900,KBS
2025-07-31 07:00:00,15298.0,15346.0,14726.0,14965.0,19584200,KBS
2025-08-01 07:00:00,14965.0,15012.0,14631.0,14965.0,20589500,KBS
2025-08-04 07:00:00,14774.0,15966.0,14774.0,15966.0,58130500,KBS
2025-08-05 07:00:00,16633.0,17062.0,16061.0,16776.0,95593800,KBS
2025-08-06 07:00:00,17252.0,17920.0,16966.0,17348.0,52729600,KBS
2025-08-07 07:00:00,17491.0,18539.0,17157.0,18539.0,73654600,KBS
2025-08-08 07:00:00,18825.0,19159.0,18206.0,18444.0,43594800,KBS
2025-08-11 07:00:00,18491.0,18777.0,17967.0,18634.0,60916300,KBS
2025-08-12 07:00:00,18777.0,18873.0,18063.0,18301.0,41379400,KBS
2025-08-13 07:00:00,18301.0,18587.0,17681.0,18253.0,43125300,KBS
2025-08-14 07:00:00,18253.0,19397.0,18253.0,18873.0,71645800,KBS
2025-08-15 07:00:00,19111.0,19111.0,18301.0,18587.0,44703500,KBS
2025-08-18 07:00:00,18587.0,19635.0,18348.0,19206.0,50412200,KBS
2025-08-19 07:00:00,19349.0,20255.0,19206.0,20255.0,70595800,KBS
2025-08-20 07:00:00,20493.0,20541.0,18873.0,19683.0,55892900,KBS
2025-08-21 07:00:00,20017.0,21017.0,19683.0,21017.0,114491700,KBS
2025-08-22 07:00:00,20970.0,21732.0,19588.0,20588.0,80694300,KBS
2025-08-25 07:00:00,20588.0,20779.0,19159.0,19159.0,59487200,KBS
2025-08-26 07:00:00,18587.0,20064.0,18396.0,19969.0,49478800,KBS
2025-08-27 07:00:00,20302.0,20636.0,19111.0,19254.0,54262500,KBS
2025-08-28 07:00:00,19540.0,20017.0,19206.0,19826.0,38282600,KBS
2025-08-29 07:00:00,20017.0,20398.0,19683.0,19921.0,47735900,KBS
2025-09-03 07:00:00,19969.0,20160.0,19731.0,20064.0,27320500,KBS
2025-09-04 07:00:00,20350.0,20684.0,20064.0,20493.0,37882800,KBS
2025-09-05 07:00:00,20588.0,20827.0,19635.0,19635.0,47070000,KBS
2025-09-08 07:00:00,19254.0,19588.0,18444.0,18444.0,54200200,KBS
2025-09-09 07:00:00,18539.0,18682.0,18158.0,18539.0,21852800,KBS
2025-09-10 07:00:00,18634.0,18825.0,18206.0,18301.0,20204200,KBS
2025-09-11 07:00:00,18253.0,18777.0,17538.0,18730.0,33078100,KBS
2025-09-12 07:00:00,18873.0,18873.0,18444.0,18587.0,13552300,KBS
2025-09-15 07:00:00,18634.0,18968.0,18539.0,18873.0,13096000,KBS
2025-09-16 07:00:00,19016.0,19111.0,18587.0,18730.0,14881100,KBS
2025-09-17 07:00:00,18730.0,18777.0,18396.0,18396.0,10738100,KBS
2025-09-18 07:00:00,18396.0,18539.0,17824.0,17967.0,18506300,KBS
2025-09-19 07:00:00,18015.0,18253.0,17729.0,17729.0,12254000,KBS
2025-09-22 07:00:00,17824.0,18110.0,17348.0,18110.0,20761200,KBS
2025-09-23 07:00:00,18063.0,18301.0,17872.0,18301.0,12062800,KBS
2025-09-24 07:00:00,18253.0,18730.0,17777.0,18730.0,29866300,KBS
2025-09-25 07:00:00,18730.0,18777.0,18444.0,18491.0,9188700,KBS
2025-09-26 07:00:00,18444.0,18539.0,17920.0,17920.0,10599500,KBS
2025-09-29 07:00:00,17920.0,18206.0,17777.0,17967.0,7329400,KBS
2025-09-30 07:00:00,18015.0,18110.0,17538.0,17967.0,11734600,KBS
2025-10-01 07:00:00,17967.0,18634.0,17920.0,18396.0,19780100,KBS
2025-10-02 07:00:00,18396.0,18634.0,17920.0,17920.0,11176400,KBS
2025-10-03 07:00:00,17824.0,18015.0,17681.0,17824.0,9148300,KBS
2025-10-06 07:00:00,18158.0,19016.0,17920.0,18920.0,25592500,KBS
2025-10-07 07:00:00,19016.0,19016.0,18444.0,18444.0,12560200,KBS
2025-10-08 07:00:00,18777.0,18777.0,18206.0,18539.0,21253800,KBS
2025-10-09 07:00:00,18634.0,19111.0,18491.0,19063.0,42825400,KBS
2025-10-10 07:00:00,19159.0,19206.0,18634.0,18682.0,23788700,KBS
2025-10-13 07:00:00,18396.0,18634.0,18348.0,18539.0,18298800,KBS
2025-10-14 07:00:00,18587.0,18873.0,18158.0,18301.0,41097900,KBS
2025-10-15 07:00:00,18301.0,18920.0,18301.0,18777.0,28525100,KBS
2025-10-16 07:00:00,18920.0,18920.0,18587.0,18825.0,17126800,KBS
2025-10-17 07:00:00,18825.0,18873.0,18301.0,18348.0,18700200,KBS
2025-10-20 07:00:00,18348.0,18348.0,17109.0,17109.0,26339100,KBS
2025-10-21 07:00:00,16966.0,17538.0,16204.0,17348.0,23292000,KBS
2025-10-22 07:00:00,17491.0,17538.0,16728.0,17300.0,8153400,KBS
2025-10-23 07:00:00,17348.0,17395.0,16966.0,16966.0,9146100,KBS
2025-10-24 07:00:00,17014.0,17109.0,16633.0,17062.0,10405100,KBS
2025-10-27 07:00:00,17157.0,17205.0,16728.0,16728.0,7149400,KBS
2025-10-28 07:00:00,16680.0,17109.0,16633.0,17109.0,8875800,KBS
2025-10-29 07:00:00,17157.0,17538.0,17062.0,17300.0,10934100,KBS
2025-10-30 07:00:00,17500.0,17500.0,17150.0,17150.0,5633500,KBS
2025-10-31 07:00:00,17100.0,17300.0,16650.0,16650.0,8998600,KBS
2025-11-03 07:00:00,16800.0,17300.0,16650.0,16650.0,20592700,KBS
2025-11-04 07:00:00,16650.0,17450.0,16550.0,17250.0,16470600,KBS
2025-11-05 07:00:00,17200.0,17250.0,16850.0,16900.0,4660000,KBS
2025-11-06 07:00:00,16900.0,17150.0,16750.0,16900.0,4174700,KBS
2025-11-07 07:00:00,16800.0,16950.0,16350.0,16500.0,8560700,KBS
2025-11-10 07:00:00,16500.0,16800.0,16450.0,16500.0,5423200,KBS
2025-11-11 07:00:00,16550.0,16900.0,16450.0,16900.0,4332600,KBS
2025-11-12 07:00:00,16900.0,17300.0,16750.0,17300.0,10048700,KBS
2025-11-13 07:00:00,17200.0,17250.0,16950.0,16950.0,4498500,KBS
2025-11-14 07:00:00,16950.0,17000.0,16800.0,16950.0,4315300,KBS
2025-11-17 07:00:00,17000.0,17200.0,16900.0,17150.0,4670500,KBS
2025-11-18 07:00:00,17150.0,17600.0,17100.0,17600.0,13307100,KBS
2025-11-19 07:00:00,17600.0,17600.0,17150.0,17150.0,4219000,KBS
2025-11-20 07:00:00,17200.0,17300.0,17000.0,17250.0,4211000,KBS
2025-11-21 07:00:00,17050.0,17250.0,16850.0,17250.0,5447600,KBS
2025-11-24 07:00:00,17250.0,17300.0,17000.0,17250.0,6498000,KBS
2025-11-25 07:00:00,17100.0,17250.0,16850.0,16950.0,5087000,KBS
2025-11-26 07:00:00,16900.0,17450.0,16900.0,17400.0,6895100,KBS
2025-11-27 07:00:00,17400.0,17800.0,17300.0,17350.0,8297800,KBS
2025-11-28 07:00:00,17350.0,17400.0,17000.0,17300.0,3772500,KBS
2025-12-01 07:00:00,17200.0,17250.0,17000.0,17000.0,4157400,KBS
2025-12-02 07:00:00,17000.0,17150.0,16850.0,17100.0,6543900,KBS
2025-12-03 07:00:00,17150.0,17650.0,17150.0,17350.0,17159000,KBS
2025-12-04 07:00:00,17350.0,17650.0,17350.0,17600.0,16127000,KBS
2025-12-05 07:00:00,17700.0,17750.0,17250.0,17400.0,7624600,KBS
2025-12-08 07:00:00,17350.0,17450.0,17150.0,17200.0,4425100,KBS
2025-12-09 07:00:00,17150.0,17250.0,16700.0,16900.0,16834200,KBS
2025-12-10 07:00:00,16900.0,17100.0,16900.0,16900.0,2980100,KBS
2025-12-11 07:00:00,16950.0,17050.0,16750.0,16800.0,6528300,KBS
2025-12-12 07:00:00,16800.0,16900.0,16350.0,16350.0,9135900,KBS
2025-12-15 07:00:00,16300.0,16500.0,16250.0,16350.0,7333700,KBS
2025-12-16 07:00:00,16350.0,16800.0,15900.0,16800.0,10785400,KBS
2025-12-17 07:00:00,16700.0,16900.0,16500.0,16500.0,4972400,KBS
2025-12-18 07:00:00,16500.0,16700.0,16450.0,16700.0,3417100,KBS
2025-12-19 07:00:00,16750.0,16850.0,16650.0,16850.0,3947500,KBS
2025-12-22 07:00:00,16950.0,17400.0,16800.0,17300.0,12313500,KBS
2025-12-23 07:00:00,17400.0,17650.0,16950.0,17350.0,11798600,KBS
2025-12-24 07:00:00,17350.0,17600.0,17100.0,17400.0,5933400,KBS
2025-12-25 07:00:00,17450.0,17550.0,17000.0,17000.0,6278500,KBS
2025-12-26 07:00:00,16900.0,17150.0,16600.0,16950.0,7454900,KBS
2025-12-29 07:00:00,17000.0,17150.0,16900.0,16900.0,4987800,KBS
2025-12-30 07:00:00,17000.0,17300.0,16950.0,17150.0,9182200,KBS
2025-12-31 07:00:00,17250.0,17250.0,17100.0,17100.0,4734200,KBS
2026-01-05 07:00:00,17150.0,17200.0,16550.0,16600.0,9746200,KBS
2026-01-06 07:00:00,16750.0,17150.0,16550.0,17050.0,9984600,KBS
2026-01-07 07:00:00,17200.0,17650.0,17100.0,17450.0,24298100,KBS
2026-01-08 07:00:00,17500.0,18150.0,17300.0,17650.0,28555100,KBS
2026-01-09 07:00:00,17900.0,18000.0,17500.0,17600.0,23633700,KBS
2026-01-12 07:00:00,17600.0,18400.0,17550.0,18200.0,31613600,KBS
2026-01-13 07:00:00,18300.0,18500.0,17850.0,17900.0,25027900,KBS
2026-01-14 07:00:00,17950.0,17950.0,17500.0,17500.0,16879600,KBS
2026-01-15 07:00:00,17500.0,17650.0,17300.0,17400.0,9922700,KBS
2026-01-16 07:00:00,17650.0,17700.0,17350.0,17400.0,8678500,KBS
2026-01-19 07:00:00,17400.0,17500.0,17300.0,17350.0,5048400,KBS
2026-01-20 07:00:00,17400.0,17800.0,17400.0,17450.0,19291000,KBS
2026-01-21 07:00:00,17300.0,17450.0,17100.0,17200.0,7502100,KBS
2026-01-22 07:00:00,17200.0,17600.0,17200.0,17400.0,7320300,KBS
2026-01-23 07:00:00,17400.0,17500.0,17200.0,17250.0,6045100,KBS
2026-01-26 07:00:00,17150.0,17250.0,16800.0,17100.0,9056800,KBS
2026-01-27 07:00:00,17050.0,17250.0,17000.0,17200.0,7435400,KBS
2026-01-28 07:00:00,17250.0,17250.0,16850.0,16900.0,6350500,KBS
2026-01-29 07:00:00,16900.0,17100.0,16700.0,16700.0,5243000,KBS
2026-01-30 07:00:00,16800.0,17200.0,16650.0,17200.0,6437600,KBS
2026-02-02 07:00:00,17200.0,17350.0,17000.0,17000.0,7436300,KBS
2026-02-03 07:00:00,17200.0,17350.0,16950.0,17150.0,8592700,KBS
2026-02-04 07:00:00,17150.0,17450.0,17100.0,17400.0,8474000,KBS
2026-02-05 07:00:00,17400.0,17550.0,17100.0,17100.0,5380800,KBS
2026-02-06 07:00:00,17050.0,17100.0,16750.0,16800.0,8877300,KBS
2026-02-09 07:00:00,16900.0,17000.0,16750.0,16800.0,4925200,KBS
2026-02-10 07:00:00,16700.0,17000.0,16650.0,16800.0,4365300,KBS
2026-02-11 07:00:00,16800.0,17350.0,16800.0,17350.0,9392200,KBS
2026-02-12 07:00:00,17450.0,17500.0,17150.0,17150.0,4649600,KBS
2026-02-13 07:00:00,17150.0,17500.0,17100.0,17500.0,5366800,KBS
2026-02-23 07:00:00,17600.0,18050.0,17400.0,18000.0,34774400,KBS
2026-02-24 07:00:00,18000.0,18350.0,17650.0,18050.0,34910600,KBS
2026-02-25 07:00:00,18250.0,18700.0,18050.0,18650.0,50381300,KBS
2026-02-26 07:00:00,18800.0,18800.0,18150.0,18350.0,20461500,KBS
2026-02-27 07:00:00,18450.0,18700.0,18250.0,18400.0,17459800,KBS
2026-03-02 07:00:00,17900.0,18450.0,17800.0,17800.0,38690700,KBS
2026-03-03 07:00:00,17850.0,18200.0,17550.0,17600.0,24818800,KBS
2026-03-04 07:00:00,17550.0,17800.0,16600.0,17300.0,30118900,KBS
2026-03-05 07:00:00,17500.0,17700.0,17050.0,17050.0,18616900,KBS
2026-03-06 07:00:00,17000.0,17250.0,16850.0,16850.0,14312800,KBS
2026-03-09 07:00:00,15800.0,16500.0,15700.0,15700.0,28431800,KBS
2026-03-10 07:00:00,16100.0,16350.0,15700.0,16000.0,22268300,KBS
2026-03-11 07:00:00,16050.0,16700.0,16000.0,16450.0,21018900,KBS
2026-03-12 07:00:00,16200.0,16450.0,15950.0,16050.0,13103500,KBS
2026-03-13 07:00:00,16100.0,16200.0,15850.0,16000.0,11262700,KBS
2026-03-16 07:00:00,16100.0,16200.0,15950.0,16000.0,6987300,KBS
2026-03-17 07:00:00,16150.0,16350.0,16100.0,16100.0,6385100,KBS
2026-03-18 07:00:00,16200.0,16350.0,15900.0,16050.0,8612200,KBS
2026-03-19 07:00:00,15850.0,16100.0,15750.0,16000.0,11842100,KBS
2026-03-20 07:00:00,15900.0,16000.0,15800.0,15800.0,4820600,KBS
2026-03-23 07:00:00,15600.0,15750.0,15100.0,15100.0,11931000,KBS
2026-03-24 07:00:00,15500.0,15950.0,15350.0,15800.0,11898000,KBS
2026-03-25 07:00:00,15850.0,16200.0,15800.0,16150.0,11989200,KBS
2026-03-26 07:00:00,16150.0,16150.0,15900.0,15900.0,6802600,KBS
2026-03-27 07:00:00,15900.0,16300.0,15900.0,16250.0,9247800,KBS
2026-03-30 07:00:00,15900.0,16200.0,15850.0,15950.0,5128400,KBS
2026-03-31 07:00:00,16050.0,16500.0,16000.0,16300.0,11363300,KBS
2026-04-01 07:00:00,16550.0,16750.0,16300.0,16350.0,11594500,KBS
2026-04-02 07:00:00,16250.0,16250.0,15950.0,16000.0,5650100,KBS
2026-04-03 07:00:00,16150.0,16150.0,15950.0,16000.0,4118600,KBS
2026-04-06 07:00:00,16000.0,16100.0,15850.0,15850.0,4698000,KBS
2026-04-07 07:00:00,15950.0,16000.0,15550.0,15750.0,9187900,KBS
2026-04-08 07:00:00,16200.0,16600.0,16150.0,16500.0,17311600,KBS
2026-04-09 07:00:00,16450.0,16450.0,16250.0,16250.0,5397600,KBS
2026-04-10 07:00:00,16400.0,16900.0,16300.0,16300.0,8878700,KBS
2026-04-13 07:00:00,16200.0,16500.0,16100.0,16350.0,7939500,KBS
2026-04-14 07:00:00,16500.0,16700.0,16400.0,16450.0,8610800,KBS
2026-04-15 07:00:00,16450.0,16600.0,16350.0,16400.0,6809100,KBS
2026-04-16 07:00:00,16400.0,16450.0,16200.0,16250.0,6088700,KBS
2026-04-17 07:00:00,16250.0,16400.0,16200.0,16250.0,6009400,KBS
2026-04-20 07:00:00,16250.0,16500.0,16250.0,16400.0,6485400,KBS
2026-04-21 07:00:00,16450.0,16500.0,16250.0,16250.0,6860400,KBS
2026-04-22 07:00:00,16350.0,16350.0,16150.0,16300.0,5312400,KBS
2026-04-23 07:00:00,16300.0,16650.0,16250.0,16300.0,7412000,KBS
2026-04-24 07:00:00,16350.0,16450.0,16250.0,16300.0,4051000,KBS
2026-04-28 07:00:00,16300.0,16400.0,16250.0,16250.0,4413200,KBS
2026-04-29 07:00:00,16250.0,16400.0,16150.0,16250.0,4029500,KBS
2026-05-04 07:00:00,16250.0,16450.0,16250.0,16300.0,6862500,KBS
2026-05-05 07:00:00,16250.0,16300.0,15950.0,16250.0,11225300,KBS
2026-05-06 07:00:00,16200.0,16300.0,16000.0,16250.0,7676800,KBS
2026-05-07 07:00:00,16250.0,16350.0,16050.0,16050.0,10346200,KBS
2026-05-08 07:00:00,16050.0,16200.0,15950.0,16000.0,12442900,KBS
2026-05-11 07:00:00,16100.0,16100.0,15750.0,15750.0,12446900,KBS
2026-05-12 07:00:00,15800.0,15850.0,15500.0,15800.0,11282100,KBS
2026-05-13 07:00:00,15800.0,15850.0,15550.0,15600.0,7045100,KBS
2026-05-14 07:00:00,15700.0,16000.0,15600.0,15850.0,11037200,KBS
2026-05-15 07:00:00,15900.0,15950.0,15700.0,15700.0,2817200,KBS
2026-05-18 07:00:00,15700.0,15700.0,15500.0,15500.0,7794500,KBS
2026-05-19 07:00:00,15650.0,15700.0,15350.0,15350.0,8041100,KBS
2026-05-20 07:00:00,15450.0,15650.0,15150.0,15500.0,13707400,KBS
2026-05-21 07:00:00,15600.0,15650.0,15500.0,15600.0,5920600,KBS
2026-05-22 07:00:00,15600.0,15600.0,15400.0,15550.0,4716400,KBS
2026-05-25 07:00:00,15600.0,15700.0,15500.0,15600.0,4907800,KBS
2026-05-26 07:00:00,15600.0,15900.0,15600.0,15800.0,10799100,KBS
2026-05-27 07:00:00,15850.0,16300.0,15800.0,16250.0,22070600,KBS
2026-05-28 07:00:00,16250.0,16250.0,15900.0,15900.0,7024400,KBS
2026-05-29 07:00:00,15900.0,16150.0,15850.0,15900.0,10467100,KBS
2026-06-01 07:00:00,16000.0,16050.0,15700.0,15700.0,7151500,KBS
2026-06-02 07:00:00,15750.0,15800.0,15550.0,15600.0,7023600,KBS
2026-06-03 07:00:00,15600.0,15900.0,15600.0,15700.0,7620800,KBS
2026-06-04 07:00:00,15700.0,15950.0,15700.0,15950.0,7207400,KBS
2026-06-05 07:00:00,15950.0,16400.0,15950.0,16200.0,28615800,KBS
