date,open,high,low,close,volume,_source
2020-01-02 07:00:00,38979.0,39498.0,38763.0,39239.0,386290,KBS
2020-01-03 07:00:00,39541.0,39671.0,38850.0,38850.0,536130,KBS
2020-01-06 07:00:00,38547.0,38677.0,37813.0,37813.0,880110,KBS
2020-01-07 07:00:00,37597.0,37986.0,36905.0,37942.0,1013270,KBS
2020-01-08 07:00:00,37553.0,37986.0,37251.0,37597.0,722280,KBS
2020-01-09 07:00:00,37899.0,38418.0,37899.0,38331.0,722670,KBS
2020-01-10 07:00:00,38331.0,39066.0,37986.0,38677.0,1526920,KBS
2020-01-13 07:00:00,38461.0,38807.0,38461.0,38634.0,1044640,KBS
2020-01-14 07:00:00,38677.0,38893.0,38504.0,38634.0,1001130,KBS
2020-01-15 07:00:00,38720.0,38720.0,38374.0,38591.0,1471860,KBS
2020-01-16 07:00:00,38591.0,39023.0,38418.0,38677.0,1171580,KBS
2020-01-17 07:00:00,38677.0,40838.0,38677.0,40838.0,2219790,KBS
2020-01-20 07:00:00,40838.0,40967.0,40406.0,40622.0,832190,KBS
2020-01-21 07:00:00,40578.0,40881.0,40449.0,40622.0,749590,KBS
2020-01-22 07:00:00,40622.0,41054.0,40233.0,40362.0,877710,KBS
2020-01-30 07:00:00,39801.0,39930.0,37597.0,38418.0,3541560,KBS
2020-01-31 07:00:00,38029.0,38807.0,37899.0,38331.0,1270160,KBS
2020-02-03 07:00:00,36343.0,38979.0,35868.0,38331.0,1457070,KBS
2020-02-04 07:00:00,38461.0,38807.0,37899.0,38807.0,1118410,KBS
2020-02-05 07:00:00,38979.0,39066.0,38374.0,38418.0,731310,KBS
2020-02-06 07:00:00,38634.0,39282.0,38374.0,38634.0,889570,KBS
2020-02-07 07:00:00,38807.0,39239.0,38461.0,38893.0,1170540,KBS
2020-02-10 07:00:00,38547.0,38677.0,38245.0,38418.0,607060,KBS
2020-02-11 07:00:00,38461.0,38677.0,38418.0,38547.0,520210,KBS
2020-02-12 07:00:00,38807.0,38807.0,38504.0,38634.0,609750,KBS
2020-02-13 07:00:00,38547.0,38677.0,38374.0,38591.0,633270,KBS
2020-02-14 07:00:00,38461.0,38807.0,38461.0,38591.0,432800,KBS
2020-02-17 07:00:00,38591.0,38850.0,38504.0,38634.0,343900,KBS
2020-02-18 07:00:00,38720.0,38720.0,38461.0,38634.0,432880,KBS
2020-02-19 07:00:00,38461.0,38677.0,38461.0,38677.0,264010,KBS
2020-02-20 07:00:00,38763.0,39066.0,38547.0,38677.0,541120,KBS
2020-02-21 07:00:00,38677.0,38677.0,38461.0,38461.0,898350,KBS
2020-02-24 07:00:00,37164.0,38029.0,37164.0,37683.0,995910,KBS
2020-02-25 07:00:00,37164.0,37597.0,37078.0,37251.0,1229530,KBS
2020-02-26 07:00:00,37164.0,37164.0,36300.0,36732.0,1163030,KBS
2020-02-27 07:00:00,36300.0,36559.0,35825.0,36300.0,1227980,KBS
2020-02-28 07:00:00,34615.0,36041.0,34615.0,35609.0,1710080,KBS
2020-03-02 07:00:00,35220.0,35522.0,35133.0,35349.0,668980,KBS
2020-03-03 07:00:00,36084.0,36084.0,35522.0,35522.0,848270,KBS
2020-03-04 07:00:00,35436.0,35436.0,35004.0,35306.0,581530,KBS
2020-03-05 07:00:00,35522.0,36127.0,35522.0,35911.0,833710,KBS
2020-03-06 07:00:00,35868.0,37035.0,35436.0,36516.0,884750,KBS
2020-03-09 07:00:00,34139.0,34961.0,33967.0,33967.0,1209500,KBS
2020-03-10 07:00:00,33707.0,34528.0,32584.0,34528.0,1433230,KBS
2020-03-11 07:00:00,34744.0,34744.0,32152.0,33275.0,1806190,KBS
2020-03-12 07:00:00,31114.0,31547.0,30985.0,30985.0,1582400,KBS
2020-03-13 07:00:00,28824.0,31547.0,28824.0,30682.0,1859750,KBS
2020-03-16 07:00:00,30682.0,30682.0,28738.0,28997.0,1022550,KBS
2020-03-17 07:00:00,27484.0,29170.0,27484.0,29170.0,1364590,KBS
2020-03-18 07:00:00,29386.0,30553.0,29386.0,29948.0,1099800,KBS
2020-03-19 07:00:00,29083.0,29688.0,28522.0,28522.0,1191150,KBS
2020-03-20 07:00:00,28522.0,28651.0,26577.0,26577.0,2763360,KBS
2020-03-23 07:00:00,24892.0,25280.0,24719.0,24719.0,1875070,KBS
2020-03-24 07:00:00,24719.0,25237.0,24459.0,25064.0,1498070,KBS
2020-03-25 07:00:00,25929.0,26793.0,25799.0,26793.0,1835730,KBS
2020-03-26 07:00:00,26793.0,27960.0,26577.0,27312.0,1484590,KBS
2020-03-27 07:00:00,27355.0,28478.0,27009.0,27700.0,1569620,KBS
2020-03-30 07:00:00,25972.0,26534.0,25842.0,26361.0,1637330,KBS
2020-03-31 07:00:00,26577.0,27700.0,25929.0,26793.0,957500,KBS
2020-04-01 07:00:00,26577.0,28478.0,26577.0,28089.0,1229320,KBS
2020-04-03 07:00:00,28089.0,28651.0,27657.0,28305.0,1726690,KBS
2020-04-06 07:00:00,29170.0,29516.0,28522.0,29386.0,2111200,KBS
2020-04-07 07:00:00,29386.0,29818.0,28867.0,29472.0,1773570,KBS
2020-04-08 07:00:00,28954.0,29472.0,28867.0,29170.0,1778380,KBS
2020-04-09 07:00:00,29386.0,31114.0,29386.0,30682.0,1795170,KBS
2020-04-10 07:00:00,30682.0,31071.0,30077.0,30509.0,1599380,KBS
2020-04-13 07:00:00,30509.0,31028.0,30250.0,30596.0,1046830,KBS
2020-04-14 07:00:00,30466.0,30596.0,29299.0,30207.0,1944570,KBS
2020-04-15 07:00:00,30121.0,30812.0,30121.0,30639.0,1017740,KBS
2020-04-16 07:00:00,30250.0,30769.0,30164.0,30769.0,1057050,KBS
2020-04-17 07:00:00,30898.0,31028.0,30639.0,30855.0,1473140,KBS
2020-04-20 07:00:00,30985.0,31287.0,30596.0,31071.0,1026030,KBS
2020-04-21 07:00:00,30682.0,30898.0,29299.0,30898.0,2159110,KBS
2020-04-22 07:00:00,29818.0,30726.0,29818.0,29948.0,1612290,KBS
2020-04-23 07:00:00,30682.0,30682.0,29732.0,29904.0,1201610,KBS
2020-04-24 07:00:00,29904.0,30077.0,29170.0,29775.0,972170,KBS
2020-04-27 07:00:00,30207.0,30207.0,28867.0,28867.0,2547060,KBS
2020-04-28 07:00:00,28867.0,29602.0,28176.0,28954.0,2052860,KBS
2020-04-29 07:00:00,29386.0,29429.0,28954.0,29386.0,1523750,KBS
2020-05-04 07:00:00,29386.0,29429.0,28867.0,29127.0,852260,KBS
2020-05-05 07:00:00,29083.0,29256.0,28867.0,28867.0,1007640,KBS
2020-05-06 07:00:00,29083.0,29256.0,28738.0,29213.0,855770,KBS
2020-05-07 07:00:00,29299.0,30121.0,29256.0,30121.0,1936540,KBS
2020-05-08 07:00:00,30250.0,32065.0,30164.0,31763.0,3865590,KBS
2020-05-11 07:00:00,32195.0,32195.0,31331.0,32195.0,1696160,KBS
2020-05-12 07:00:00,32238.0,32843.0,32152.0,32670.0,2199500,KBS
2020-05-13 07:00:00,32670.0,33059.0,31114.0,32670.0,1851970,KBS
2020-05-14 07:00:00,32411.0,33016.0,32368.0,32843.0,2121750,KBS
2020-05-15 07:00:00,33016.0,33059.0,32670.0,32843.0,1596240,KBS
2020-05-18 07:00:00,32973.0,34139.0,32757.0,33923.0,1002690,KBS
2020-05-19 07:00:00,34528.0,34615.0,34053.0,34139.0,1129270,KBS
2020-05-20 07:00:00,33880.0,34442.0,33880.0,34399.0,710200,KBS
2020-05-21 07:00:00,34572.0,35090.0,34399.0,35090.0,1425500,KBS
2020-05-22 07:00:00,35090.0,35133.0,34572.0,35004.0,805710,KBS
2020-05-25 07:00:00,34961.0,35133.0,34917.0,35047.0,708710,KBS
2020-05-26 07:00:00,35004.0,35695.0,35004.0,35652.0,740930,KBS
2020-05-27 07:00:00,35868.0,36473.0,35825.0,35825.0,817770,KBS
2020-05-28 07:00:00,35868.0,36776.0,35868.0,36516.0,1849310,KBS
2020-05-29 07:00:00,36732.0,37164.0,36516.0,36819.0,1161180,KBS
2020-06-01 07:00:00,36948.0,37467.0,36948.0,37381.0,725310,KBS
2020-06-02 07:00:00,37553.0,37553.0,37294.0,37424.0,1009040,KBS
2020-06-03 07:00:00,37597.0,37986.0,37553.0,37986.0,462750,KBS
2020-06-04 07:00:00,38029.0,38461.0,38029.0,38461.0,450240,KBS
2020-06-05 07:00:00,38504.0,38591.0,37597.0,38461.0,810570,KBS
2020-06-08 07:00:00,38461.0,38979.0,38202.0,38634.0,802240,KBS
2020-06-09 07:00:00,38850.0,38893.0,38634.0,38677.0,417690,KBS
2020-06-10 07:00:00,38677.0,38807.0,38591.0,38720.0,793590,KBS
2020-06-11 07:00:00,38677.0,38720.0,37597.0,38029.0,1163900,KBS
2020-06-12 07:00:00,35652.0,37381.0,35652.0,36992.0,1612920,KBS
2020-06-15 07:00:00,36992.0,37078.0,35349.0,35436.0,1218540,KBS
2020-06-16 07:00:00,36300.0,36300.0,35609.0,36171.0,802980,KBS
2020-06-17 07:00:00,36732.0,36819.0,36214.0,36387.0,737830,KBS
2020-06-18 07:00:00,36300.0,37381.0,36257.0,36732.0,1809780,KBS
2020-06-19 07:00:00,36732.0,37164.0,36732.0,36905.0,723970,KBS
2020-06-22 07:00:00,36732.0,36992.0,36732.0,36948.0,1308600,KBS
2020-06-23 07:00:00,36948.0,37597.0,36862.0,37164.0,917230,KBS
2020-06-24 07:00:00,37164.0,37164.0,36343.0,36603.0,710160,KBS
2020-06-25 07:00:00,35738.0,36473.0,35738.0,36171.0,506650,KBS
2020-06-26 07:00:00,36343.0,36603.0,35868.0,35998.0,355930,KBS
2020-06-29 07:00:00,35998.0,35998.0,35047.0,35220.0,594140,KBS
2020-06-30 07:00:00,35652.0,35652.0,34572.0,34701.0,709990,KBS
2020-07-01 07:00:00,34701.0,35738.0,34572.0,35738.0,404440,KBS
2020-07-02 07:00:00,35954.0,35954.0,35004.0,35695.0,469040,KBS
2020-07-03 07:00:00,35652.0,35998.0,35522.0,35868.0,370340,KBS
2020-07-06 07:00:00,35868.0,36041.0,35609.0,35825.0,1218830,KBS
2020-07-07 07:00:00,36300.0,36387.0,35998.0,36041.0,1336830,KBS
2020-07-08 07:00:00,35954.0,36041.0,35782.0,35868.0,485190,KBS
2020-07-09 07:00:00,36257.0,36257.0,35998.0,36127.0,962170,KBS
2020-07-10 07:00:00,36041.0,36127.0,35479.0,35738.0,918560,KBS
2020-07-13 07:00:00,36041.0,36084.0,35609.0,35825.0,371630,KBS
2020-07-14 07:00:00,35825.0,35868.0,35522.0,35868.0,427110,KBS
2020-07-15 07:00:00,35954.0,36214.0,35954.0,36084.0,1198530,KBS
2020-07-16 07:00:00,36214.0,36257.0,35825.0,36084.0,1091190,KBS
2020-07-17 07:00:00,36127.0,36127.0,35782.0,35782.0,628000,KBS
2020-07-20 07:00:00,35652.0,35738.0,35306.0,35522.0,696830,KBS
2020-07-21 07:00:00,35652.0,35782.0,35306.0,35652.0,681740,KBS
2020-07-22 07:00:00,35652.0,35652.0,35522.0,35652.0,625320,KBS
2020-07-23 07:00:00,35652.0,35782.0,35479.0,35652.0,1350870,KBS
2020-07-24 07:00:00,35479.0,35566.0,33923.0,35004.0,1341540,KBS
2020-07-27 07:00:00,32843.0,34572.0,32843.0,33275.0,1274570,KBS
2020-07-28 07:00:00,33275.0,34053.0,33059.0,33923.0,910690,KBS
2020-07-29 07:00:00,32843.0,33707.0,32454.0,33491.0,833570,KBS
2020-07-30 07:00:00,33534.0,33923.0,33405.0,33448.0,937680,KBS
2020-07-31 07:00:00,32843.0,33448.0,32843.0,33016.0,672940,KBS
2020-08-03 07:00:00,32843.0,34053.0,32843.0,34053.0,422820,KBS
2020-08-04 07:00:00,34572.0,35393.0,34312.0,35393.0,616840,KBS
2020-08-05 07:00:00,35393.0,35868.0,34744.0,35738.0,778840,KBS
2020-08-06 07:00:00,35695.0,35911.0,35393.0,35782.0,802350,KBS
2020-08-07 07:00:00,35868.0,35868.0,35609.0,35825.0,518660,KBS
2020-08-10 07:00:00,35868.0,35954.0,35393.0,35393.0,576570,KBS
2020-08-11 07:00:00,35652.0,35695.0,35349.0,35479.0,312920,KBS
2020-08-12 07:00:00,35479.0,35566.0,35393.0,35479.0,310430,KBS
2020-08-13 07:00:00,35825.0,35868.0,35436.0,35868.0,385320,KBS
2020-08-14 07:00:00,35868.0,35911.0,35393.0,35436.0,820270,KBS
2020-08-17 07:00:00,35436.0,35825.0,35306.0,35566.0,389480,KBS
2020-08-18 07:00:00,35566.0,35695.0,35306.0,35566.0,331690,KBS
2020-08-19 07:00:00,35566.0,35868.0,35436.0,35868.0,586790,KBS
2020-08-20 07:00:00,35868.0,36516.0,35868.0,35868.0,1093620,KBS
2020-08-21 07:00:00,35868.0,35954.0,35695.0,35825.0,1281740,KBS
2020-08-24 07:00:00,35868.0,36559.0,35868.0,36257.0,1530010,KBS
2020-08-25 07:00:00,36257.0,36689.0,36257.0,36257.0,1748400,KBS
2020-08-26 07:00:00,36257.0,36257.0,36041.0,36084.0,1585740,KBS
2020-08-27 07:00:00,36084.0,36257.0,35954.0,36084.0,1003280,KBS
2020-08-28 07:00:00,36127.0,36257.0,35998.0,36041.0,1645430,KBS
2020-08-31 07:00:00,36300.0,36516.0,35782.0,35868.0,971310,KBS
2020-09-01 07:00:00,35868.0,35998.0,35825.0,35868.0,1625600,KBS
2020-09-03 07:00:00,36171.0,37381.0,36171.0,37251.0,2503810,KBS
2020-09-04 07:00:00,36732.0,37208.0,36646.0,36689.0,2425360,KBS
2020-09-07 07:00:00,36603.0,36776.0,36127.0,36127.0,1181750,KBS
2020-09-08 07:00:00,36127.0,36257.0,35566.0,35652.0,1985560,KBS
2020-09-09 07:00:00,35436.0,35954.0,35220.0,35522.0,1472680,KBS
2020-09-10 07:00:00,35868.0,35998.0,35479.0,35479.0,689700,KBS
2020-09-11 07:00:00,35479.0,35695.0,35349.0,35566.0,665690,KBS
2020-09-14 07:00:00,35782.0,35911.0,35738.0,35868.0,594680,KBS
2020-09-15 07:00:00,35868.0,36084.0,35652.0,35652.0,998970,KBS
2020-09-16 07:00:00,35695.0,35911.0,35436.0,35825.0,628030,KBS
2020-09-17 07:00:00,35652.0,35868.0,35436.0,35652.0,1043250,KBS
2020-09-18 07:00:00,35609.0,35868.0,35609.0,35825.0,1188400,KBS
2020-09-21 07:00:00,35911.0,36127.0,35868.0,35868.0,1671360,KBS
2020-09-22 07:00:00,35868.0,36473.0,35782.0,36300.0,1746960,KBS
2020-09-23 07:00:00,36387.0,36948.0,36387.0,36905.0,1395190,KBS
2020-09-24 07:00:00,36343.0,37251.0,36343.0,37208.0,1628730,KBS
2020-09-25 07:00:00,37208.0,37251.0,36948.0,37164.0,1107270,KBS
2020-09-28 07:00:00,37078.0,37251.0,36905.0,37164.0,1254760,KBS
2020-09-29 07:00:00,37164.0,37208.0,36214.0,36559.0,1609090,KBS
2020-09-30 07:00:00,36732.0,36732.0,36214.0,36343.0,584450,KBS
2020-10-01 07:00:00,36776.0,36776.0,36387.0,36646.0,367030,KBS
2020-10-02 07:00:00,36646.0,36732.0,34572.0,36300.0,890840,KBS
2020-10-05 07:00:00,36516.0,36732.0,36041.0,36084.0,811740,KBS
2020-10-06 07:00:00,36214.0,36473.0,35954.0,36257.0,1105060,KBS
2020-10-07 07:00:00,36127.0,36819.0,35911.0,36732.0,988270,KBS
2020-10-08 07:00:00,36948.0,36948.0,36214.0,36646.0,549140,KBS
2020-10-09 07:00:00,36516.0,36732.0,36516.0,36646.0,366200,KBS
2020-10-12 07:00:00,37164.0,37597.0,36646.0,37121.0,1574610,KBS
2020-10-13 07:00:00,37164.0,37553.0,36948.0,37381.0,814530,KBS
2020-10-14 07:00:00,37510.0,38461.0,37467.0,38115.0,1206380,KBS
2020-10-15 07:00:00,38115.0,38288.0,37510.0,38288.0,1424740,KBS
2020-10-16 07:00:00,38245.0,38288.0,37813.0,38115.0,668850,KBS
2020-10-19 07:00:00,38029.0,38158.0,37813.0,37813.0,1052250,KBS
2020-10-20 07:00:00,37597.0,37942.0,37553.0,37899.0,1075780,KBS
2020-10-21 07:00:00,37942.0,38288.0,37121.0,37251.0,1452050,KBS
2020-10-22 07:00:00,37208.0,37424.0,36776.0,37424.0,1320610,KBS
2020-10-23 07:00:00,37553.0,37813.0,37467.0,37813.0,657830,KBS
2020-10-26 07:00:00,37813.0,37942.0,37164.0,37164.0,911390,KBS
2020-10-27 07:00:00,37164.0,37726.0,36948.0,37164.0,1169320,KBS
2020-10-28 07:00:00,37164.0,37381.0,36084.0,36387.0,866330,KBS
2020-10-29 07:00:00,36473.0,36646.0,36084.0,36127.0,764720,KBS
2020-10-30 07:00:00,36127.0,36473.0,35782.0,35868.0,1090610,KBS
2020-11-02 07:00:00,35868.0,37078.0,35868.0,37078.0,366300,KBS
2020-11-03 07:00:00,37078.0,37121.0,36603.0,36732.0,308550,KBS
2020-11-04 07:00:00,36732.0,36948.0,36430.0,36732.0,394660,KBS
2020-11-05 07:00:00,36948.0,36948.0,36646.0,36732.0,507960,KBS
2020-11-06 07:00:00,36776.0,36776.0,36300.0,36732.0,323160,KBS
2020-11-09 07:00:00,36732.0,37078.0,36646.0,36948.0,1007000,KBS
2020-11-10 07:00:00,37208.0,37726.0,36776.0,36776.0,1511520,KBS
2020-11-11 07:00:00,36948.0,37424.0,36689.0,36689.0,1032520,KBS
2020-11-12 07:00:00,37035.0,37381.0,36992.0,37337.0,405350,KBS
2020-11-13 07:00:00,37424.0,37553.0,37251.0,37553.0,417840,KBS
2020-11-16 07:00:00,37683.0,37942.0,36732.0,37078.0,1250340,KBS
2020-11-17 07:00:00,37078.0,37856.0,36948.0,37856.0,548250,KBS
2020-11-18 07:00:00,37856.0,37899.0,37597.0,37856.0,906810,KBS
2020-11-19 07:00:00,37899.0,38979.0,37769.0,38979.0,2584440,KBS
2020-11-20 07:00:00,39325.0,39973.0,38936.0,39973.0,1231960,KBS
2020-11-23 07:00:00,39801.0,39930.0,39325.0,39584.0,648830,KBS
2020-11-24 07:00:00,39757.0,39930.0,39239.0,39930.0,996580,KBS
2020-11-25 07:00:00,39973.0,40708.0,39887.0,40406.0,1088020,KBS
2020-11-26 07:00:00,40406.0,40622.0,40017.0,40622.0,698350,KBS
2020-11-27 07:00:00,40622.0,40838.0,40276.0,40838.0,1210580,KBS
2020-11-30 07:00:00,40492.0,40622.0,39541.0,40189.0,1448340,KBS
2020-12-01 07:00:00,39196.0,40276.0,39196.0,39757.0,1162270,KBS
2020-12-02 07:00:00,39757.0,40406.0,39541.0,40406.0,746710,KBS
2020-12-03 07:00:00,40406.0,40578.0,39930.0,40406.0,736760,KBS
2020-12-04 07:00:00,40276.0,40406.0,39368.0,39368.0,860900,KBS
2020-12-07 07:00:00,39498.0,40319.0,39498.0,40233.0,945460,KBS
2020-12-08 07:00:00,40189.0,40578.0,39541.0,40233.0,702820,KBS
2020-12-09 07:00:00,40449.0,41702.0,40276.0,41702.0,1198160,KBS
2020-12-10 07:00:00,41702.0,42221.0,41659.0,42004.0,1299820,KBS
2020-12-11 07:00:00,42004.0,42048.0,41443.0,42004.0,776190,KBS
2020-12-14 07:00:00,42004.0,43171.0,41443.0,43171.0,931080,KBS
2020-12-15 07:00:00,42782.0,43128.0,41702.0,42264.0,1433260,KBS
2020-12-16 07:00:00,42566.0,43171.0,42264.0,43171.0,740700,KBS
2020-12-17 07:00:00,42609.0,42609.0,41054.0,41486.0,2305960,KBS
2020-12-18 07:00:00,41486.0,42739.0,41486.0,42739.0,1053200,KBS
2020-12-21 07:00:00,43088.0,43131.0,42391.0,43088.0,697030,KBS
2020-12-22 07:00:00,42696.0,42739.0,42478.0,42652.0,748840,KBS
2020-12-23 07:00:00,42478.0,42913.0,42216.0,42478.0,666390,KBS
2020-12-24 07:00:00,42652.0,42652.0,41824.0,42391.0,815730,KBS
2020-12-25 07:00:00,42260.0,42521.0,42129.0,42521.0,314960,KBS
2020-12-28 07:00:00,42696.0,42783.0,42391.0,42696.0,836090,KBS
2020-12-29 07:00:00,42696.0,43480.0,42608.0,43218.0,696510,KBS
2020-12-30 07:00:00,43218.0,43393.0,42478.0,42652.0,509510,KBS
2020-12-31 07:00:00,42652.0,43131.0,42260.0,42652.0,367140,KBS
2021-01-04 07:00:00,42696.0,43480.0,42391.0,43131.0,855900,KBS
2021-01-05 07:00:00,43131.0,43828.0,43131.0,43262.0,739200,KBS
2021-01-06 07:00:00,43349.0,46268.0,43262.0,45745.0,2080400,KBS
2021-01-07 07:00:00,45310.0,47270.0,45310.0,46617.0,889000,KBS
2021-01-08 07:00:00,47052.0,47052.0,45527.0,45658.0,963900,KBS
2021-01-11 07:00:00,45571.0,46050.0,45353.0,45527.0,847400,KBS
2021-01-12 07:00:00,46007.0,46007.0,45397.0,46007.0,634900,KBS
2021-01-13 07:00:00,46007.0,46224.0,45310.0,45658.0,1064200,KBS
2021-01-14 07:00:00,45745.0,45832.0,45005.0,45266.0,832200,KBS
2021-01-15 07:00:00,45658.0,45702.0,44656.0,44961.0,1099800,KBS
2021-01-18 07:00:00,45092.0,45745.0,44874.0,45005.0,1060400,KBS
2021-01-19 07:00:00,44917.0,45005.0,41868.0,43131.0,1130300,KBS
2021-01-20 07:00:00,43131.0,46137.0,42696.0,43175.0,2093000,KBS
2021-01-21 07:00:00,43175.0,44874.0,42696.0,44874.0,1283700,KBS
2021-01-22 07:00:00,44874.0,45310.0,44438.0,44874.0,1268500,KBS
2021-01-25 07:00:00,44046.0,44874.0,44046.0,44656.0,725900,KBS
2021-01-26 07:00:00,44656.0,44656.0,43131.0,43959.0,970500,KBS
2021-01-27 07:00:00,43175.0,43567.0,40909.0,42434.0,1566800,KBS
2021-01-28 07:00:00,40082.0,40648.0,39472.0,39472.0,1205500,KBS
2021-01-29 07:00:00,37250.0,42216.0,37250.0,40517.0,1359000,KBS
2021-02-01 07:00:00,41824.0,41824.0,39646.0,39689.0,1309600,KBS
2021-02-02 07:00:00,40082.0,42129.0,40082.0,42042.0,1064500,KBS
2021-02-03 07:00:00,42652.0,43131.0,42086.0,43088.0,1454600,KBS
2021-02-04 07:00:00,43088.0,43131.0,40909.0,43088.0,967300,KBS
2021-02-05 07:00:00,43088.0,43567.0,42652.0,43567.0,897400,KBS
2021-02-08 07:00:00,43131.0,43480.0,40561.0,40996.0,2902200,KBS
2021-02-09 07:00:00,42260.0,42434.0,40561.0,42347.0,2978900,KBS
2021-02-17 07:00:00,42478.0,43567.0,42478.0,43567.0,1054100,KBS
2021-02-18 07:00:00,43131.0,44438.0,42696.0,44438.0,1688900,KBS
2021-02-19 07:00:00,43218.0,44308.0,43175.0,44133.0,1851200,KBS
2021-02-22 07:00:00,43785.0,44438.0,43698.0,43828.0,1388700,KBS
2021-02-23 07:00:00,43567.0,44003.0,43218.0,43567.0,1441400,KBS
2021-02-24 07:00:00,43785.0,44003.0,42042.0,42739.0,1265300,KBS
2021-02-25 07:00:00,43131.0,43349.0,42521.0,42783.0,896100,KBS
2021-02-26 07:00:00,42391.0,43131.0,42260.0,42783.0,1070700,KBS
2021-03-01 07:00:00,42783.0,43262.0,42783.0,43218.0,911200,KBS
2021-03-02 07:00:00,43567.0,44351.0,42696.0,43262.0,1189600,KBS
2021-03-03 07:00:00,42826.0,43305.0,42783.0,42870.0,915600,KBS
2021-03-04 07:00:00,42957.0,43349.0,40561.0,42391.0,1118100,KBS
2021-03-05 07:00:00,42303.0,42347.0,41389.0,41998.0,1661600,KBS
2021-03-08 07:00:00,42260.0,42260.0,41389.0,41476.0,1501800,KBS
2021-03-09 07:00:00,41389.0,41389.0,40561.0,41389.0,1344300,KBS
2021-03-10 07:00:00,41389.0,41737.0,40953.0,41606.0,1063900,KBS
2021-03-11 07:00:00,41737.0,42173.0,41737.0,41955.0,1009800,KBS
2021-03-12 07:00:00,41955.0,42042.0,41171.0,41737.0,1259800,KBS
2021-03-15 07:00:00,41824.0,42260.0,41606.0,41955.0,1438400,KBS
2021-03-16 07:00:00,41824.0,41824.0,41432.0,41694.0,655800,KBS
2021-03-17 07:00:00,41606.0,41737.0,41389.0,41650.0,1239400,KBS
2021-03-18 07:00:00,41911.0,42478.0,41606.0,42478.0,1609100,KBS
2021-03-19 07:00:00,42303.0,42303.0,41040.0,41040.0,1595700,KBS
2021-03-22 07:00:00,41824.0,42478.0,41563.0,42260.0,1902000,KBS
2021-03-23 07:00:00,42216.0,42216.0,41563.0,41737.0,940800,KBS
2021-03-24 07:00:00,41389.0,41781.0,40996.0,41258.0,1422500,KBS
2021-03-25 07:00:00,41258.0,41824.0,41171.0,41432.0,1160300,KBS
2021-03-26 07:00:00,41389.0,41606.0,40822.0,41345.0,1196800,KBS
2021-03-29 07:00:00,41476.0,41737.0,40735.0,41519.0,1195800,KBS
2021-03-30 07:00:00,41519.0,41519.0,40996.0,41301.0,1748700,KBS
2021-03-31 07:00:00,41171.0,41432.0,40996.0,41301.0,944600,KBS
2021-04-01 07:00:00,41476.0,42565.0,41476.0,42216.0,2697600,KBS
2021-04-02 07:00:00,42478.0,42913.0,42216.0,42608.0,2277500,KBS
2021-04-05 07:00:00,43567.0,44787.0,42957.0,44438.0,3592400,KBS
2021-04-06 07:00:00,44438.0,44656.0,43785.0,44395.0,2243200,KBS
2021-04-07 07:00:00,44003.0,44438.0,43741.0,44395.0,1182700,KBS
2021-04-08 07:00:00,44395.0,44395.0,43349.0,43567.0,1575400,KBS
2021-04-09 07:00:00,43349.0,43349.0,42478.0,42478.0,2101700,KBS
2021-04-12 07:00:00,42913.0,43218.0,42434.0,43088.0,2670100,KBS
2021-04-13 07:00:00,43567.0,43567.0,42478.0,42478.0,1670900,KBS
2021-04-14 07:00:00,42391.0,43001.0,42216.0,43001.0,1336800,KBS
2021-04-15 07:00:00,43480.0,43480.0,42173.0,42478.0,2152800,KBS
2021-04-16 07:00:00,42391.0,42913.0,41824.0,41955.0,1515900,KBS
2021-04-19 07:00:00,42260.0,42913.0,41737.0,42913.0,1387500,KBS
2021-04-20 07:00:00,43175.0,45745.0,42913.0,44874.0,6274200,KBS
2021-04-22 07:00:00,44874.0,46007.0,44525.0,44874.0,2981300,KBS
2021-04-23 07:00:00,44874.0,45310.0,43785.0,45310.0,2285300,KBS
2021-04-26 07:00:00,45310.0,45310.0,42652.0,42957.0,3595400,KBS
2021-04-27 07:00:00,42957.0,43393.0,42565.0,43131.0,1191800,KBS
2021-04-28 07:00:00,43131.0,43262.0,42565.0,43131.0,1426900,KBS
2021-04-29 07:00:00,43131.0,43567.0,42696.0,43567.0,1615700,KBS
2021-05-04 07:00:00,43131.0,43393.0,42696.0,43175.0,1496300,KBS
2021-05-05 07:00:00,43175.0,44438.0,43175.0,44090.0,1826700,KBS
2021-05-06 07:00:00,44090.0,44308.0,43131.0,43262.0,1161200,KBS
2021-05-07 07:00:00,43088.0,43131.0,42129.0,42260.0,2284800,KBS
2021-05-10 07:00:00,42129.0,42783.0,41781.0,42739.0,1674000,KBS
2021-05-11 07:00:00,42783.0,43262.0,42478.0,42652.0,1171500,KBS
2021-05-12 07:00:00,42652.0,42652.0,42260.0,42391.0,1218300,KBS
2021-05-13 07:00:00,42347.0,42608.0,42173.0,42173.0,1698000,KBS
2021-05-14 07:00:00,42434.0,42826.0,42086.0,42216.0,1403600,KBS
2021-05-17 07:00:00,42303.0,42391.0,41737.0,41824.0,1715100,KBS
2021-05-18 07:00:00,41519.0,41824.0,41171.0,41214.0,2103400,KBS
2021-05-19 07:00:00,41214.0,41214.0,40866.0,40996.0,1678100,KBS
2021-05-20 07:00:00,40996.0,43131.0,40996.0,43131.0,1904100,KBS
2021-05-21 07:00:00,41955.0,42696.0,41824.0,42173.0,1459200,KBS
2021-05-24 07:00:00,42478.0,42913.0,42042.0,42434.0,1814700,KBS
2021-05-25 07:00:00,42434.0,43567.0,42434.0,43480.0,3816000,KBS
2021-05-26 07:00:00,43523.0,44351.0,43436.0,43741.0,2356000,KBS
2021-05-27 07:00:00,43741.0,43741.0,42696.0,43001.0,1455000,KBS
2021-05-28 07:00:00,43131.0,44046.0,42521.0,43393.0,2196000,KBS
2021-05-31 07:00:00,44003.0,44003.0,42826.0,42957.0,2621000,KBS
2021-06-01 07:00:00,43305.0,45397.0,43001.0,45179.0,4533500,KBS
2021-06-02 07:00:00,45310.0,46834.0,45179.0,46181.0,4274100,KBS
2021-06-03 07:00:00,46224.0,47052.0,46181.0,46486.0,2802000,KBS
2021-06-04 07:00:00,46399.0,46399.0,45353.0,45702.0,2405800,KBS
2021-06-07 07:00:00,45440.0,45702.0,44090.0,44874.0,2969900,KBS
2021-06-08 07:00:00,44874.0,45310.0,43567.0,43567.0,2351600,KBS
2021-06-09 07:00:00,43567.0,44438.0,43218.0,44438.0,2393900,KBS
2021-06-10 07:00:00,44438.0,44830.0,43567.0,44351.0,2262500,KBS
2021-06-11 07:00:00,44046.0,45092.0,43785.0,44787.0,2048000,KBS
2021-06-14 07:00:00,44482.0,45048.0,44133.0,44438.0,1459700,KBS
2021-06-15 07:00:00,44482.0,44874.0,44003.0,44787.0,1420700,KBS
2021-06-16 07:00:00,44656.0,46181.0,44656.0,45310.0,2898400,KBS
2021-06-17 07:00:00,45310.0,45745.0,44438.0,45397.0,1557000,KBS
2021-06-18 07:00:00,45527.0,47488.0,45440.0,47270.0,3234900,KBS
2021-06-21 07:00:00,47052.0,47139.0,46181.0,46442.0,2107900,KBS
2021-06-22 07:00:00,46660.0,47270.0,46399.0,46878.0,1481900,KBS
2021-06-23 07:00:00,47052.0,48359.0,46617.0,47793.0,2248600,KBS
2021-06-24 07:00:00,47924.0,48272.0,46965.0,48229.0,1143400,KBS
2021-06-25 07:00:00,48229.0,49143.0,47444.0,49056.0,1688800,KBS
2021-06-28 07:00:00,49056.0,49231.0,48403.0,49056.0,1524500,KBS
2021-06-29 07:00:00,48795.0,49666.0,48577.0,49666.0,1853100,KBS
2021-06-30 07:00:00,49666.0,51060.0,49666.0,50712.0,2768000,KBS
2021-07-01 07:00:00,50843.0,50886.0,50102.0,50712.0,1836400,KBS
2021-07-02 07:00:00,50712.0,50799.0,49666.0,50058.0,1727200,KBS
2021-07-05 07:00:00,49623.0,49623.0,48316.0,49492.0,2049100,KBS
2021-07-06 07:00:00,49013.0,50102.0,48795.0,48795.0,1249600,KBS
2021-07-07 07:00:00,48795.0,49405.0,46181.0,49405.0,2679800,KBS
2021-07-08 07:00:00,48446.0,49231.0,47488.0,48359.0,1384100,KBS
2021-07-09 07:00:00,47924.0,48403.0,46529.0,47836.0,2936900,KBS
2021-07-12 07:00:00,47706.0,47706.0,44917.0,46660.0,2480600,KBS
2021-07-13 07:00:00,46573.0,46573.0,44482.0,45048.0,1865300,KBS
2021-07-14 07:00:00,45048.0,45092.0,43567.0,44351.0,2251700,KBS
2021-07-15 07:00:00,43654.0,45527.0,43654.0,44656.0,2319400,KBS
2021-07-16 07:00:00,44656.0,45048.0,44003.0,44656.0,1467300,KBS
2021-07-19 07:00:00,43567.0,43654.0,41781.0,42260.0,2542200,KBS
2021-07-20 07:00:00,42608.0,44003.0,40735.0,43654.0,2386000,KBS
2021-07-21 07:00:00,43349.0,43785.0,42826.0,43131.0,1463700,KBS
2021-07-22 07:00:00,43088.0,43872.0,42696.0,43698.0,1455800,KBS
2021-07-23 07:00:00,43262.0,43480.0,42260.0,42260.0,1700300,KBS
2021-07-26 07:00:00,42042.0,42478.0,41694.0,41824.0,1264200,KBS
2021-07-27 07:00:00,42478.0,42521.0,41389.0,41389.0,2654200,KBS
2021-07-28 07:00:00,41432.0,42260.0,41432.0,42260.0,1490800,KBS
2021-07-29 07:00:00,42434.0,42652.0,42260.0,42652.0,1191800,KBS
2021-07-30 07:00:00,42391.0,43044.0,42347.0,42696.0,1354600,KBS
2021-08-02 07:00:00,42260.0,43001.0,41998.0,42260.0,1285000,KBS
2021-08-03 07:00:00,42303.0,43044.0,42260.0,43044.0,1265700,KBS
2021-08-04 07:00:00,43218.0,43262.0,42739.0,42913.0,1160300,KBS
2021-08-05 07:00:00,42696.0,43349.0,42652.0,43305.0,1127700,KBS
2021-08-06 07:00:00,43480.0,43480.0,42739.0,42739.0,1114400,KBS
2021-08-09 07:00:00,42739.0,43088.0,42565.0,42826.0,1228900,KBS
2021-08-10 07:00:00,43131.0,43218.0,42913.0,43131.0,1556400,KBS
2021-08-11 07:00:00,43262.0,44308.0,43175.0,43785.0,1711800,KBS
2021-08-12 07:00:00,43785.0,43915.0,43349.0,43523.0,986600,KBS
2021-08-13 07:00:00,43523.0,43523.0,42826.0,43393.0,1328900,KBS
2021-08-16 07:00:00,43393.0,43828.0,43131.0,43828.0,1992400,KBS
2021-08-17 07:00:00,44656.0,44874.0,44003.0,44003.0,1688700,KBS
2021-08-18 07:00:00,44003.0,44656.0,43436.0,44003.0,1848000,KBS
2021-08-19 07:00:00,43872.0,44874.0,43480.0,44787.0,2576600,KBS
2021-08-20 07:00:00,44090.0,44395.0,43305.0,43610.0,1798500,KBS
2021-08-23 07:00:00,43131.0,43567.0,42086.0,42391.0,2136200,KBS
2021-08-24 07:00:00,43218.0,43218.0,42042.0,42260.0,1069100,KBS
2021-08-25 07:00:00,42260.0,43131.0,42173.0,42478.0,1069200,KBS
2021-08-26 07:00:00,42608.0,43131.0,42173.0,42173.0,1076900,KBS
2021-08-27 07:00:00,41824.0,42913.0,41824.0,42608.0,1106600,KBS
2021-08-30 07:00:00,42870.0,43305.0,42608.0,43262.0,1221700,KBS
2021-08-31 07:00:00,43349.0,43523.0,42826.0,43305.0,747500,KBS
2021-09-01 07:00:00,43305.0,43523.0,41824.0,43305.0,907500,KBS
2021-09-06 07:00:00,43305.0,43610.0,43305.0,43567.0,905000,KBS
2021-09-07 07:00:00,43523.0,43915.0,43480.0,43567.0,1041800,KBS
2021-09-08 07:00:00,43567.0,43610.0,42173.0,43436.0,863000,KBS
2021-09-09 07:00:00,43436.0,43610.0,42957.0,43262.0,817200,KBS
2021-09-10 07:00:00,43480.0,43480.0,42957.0,43218.0,857800,KBS
2021-09-13 07:00:00,43044.0,43131.0,42739.0,42739.0,1043100,KBS
2021-09-14 07:00:00,42739.0,42913.0,42260.0,42826.0,1230500,KBS
2021-09-15 07:00:00,42826.0,42826.0,42303.0,42303.0,798500,KBS
2021-09-16 07:00:00,43088.0,43088.0,42478.0,42739.0,570400,KBS
2021-09-17 07:00:00,42478.0,42870.0,42347.0,42347.0,1002200,KBS
2021-09-20 07:00:00,42391.0,44003.0,42391.0,43393.0,1277900,KBS
2021-09-21 07:00:00,43349.0,43480.0,42696.0,42696.0,862000,KBS
2021-09-22 07:00:00,42870.0,43349.0,42696.0,43349.0,362800,KBS
2021-09-23 07:00:00,43393.0,43741.0,42913.0,43349.0,676000,KBS
2021-09-24 07:00:00,43349.0,43480.0,43262.0,43349.0,454700,KBS
2021-09-27 07:00:00,43349.0,43436.0,42696.0,42696.0,465500,KBS
2021-09-28 07:00:00,42608.0,43262.0,42478.0,43218.0,484500,KBS
2021-09-29 07:00:00,43349.0,43349.0,42478.0,42913.0,565000,KBS
2021-09-30 07:00:00,42913.0,42957.0,42303.0,42347.0,1199900,KBS
2021-10-01 07:00:00,42391.0,42783.0,41737.0,41781.0,1611900,KBS
2021-10-04 07:00:00,41824.0,42042.0,41127.0,41214.0,913400,KBS
2021-10-05 07:00:00,41432.0,41868.0,41432.0,41650.0,973700,KBS
2021-10-06 07:00:00,41650.0,41650.0,41301.0,41650.0,691200,KBS
2021-10-07 07:00:00,41650.0,42173.0,41389.0,42173.0,797200,KBS
2021-10-08 07:00:00,42086.0,42260.0,41650.0,42260.0,697000,KBS
2021-10-11 07:00:00,42260.0,42870.0,42173.0,42478.0,1096000,KBS
2021-10-12 07:00:00,42826.0,42826.0,42260.0,42260.0,761100,KBS
2021-10-13 07:00:00,42652.0,42696.0,42260.0,42260.0,1426300,KBS
2021-10-14 07:00:00,42260.0,42347.0,41781.0,42129.0,1784700,KBS
2021-10-15 07:00:00,42173.0,42391.0,42042.0,42042.0,731500,KBS
2021-10-18 07:00:00,41955.0,42260.0,41389.0,41824.0,1247900,KBS
2021-10-19 07:00:00,41868.0,42042.0,41476.0,41998.0,836300,KBS
2021-10-20 07:00:00,41998.0,42129.0,40953.0,41389.0,1561000,KBS
2021-10-21 07:00:00,41563.0,41824.0,40953.0,40953.0,1226100,KBS
2021-10-22 07:00:00,41389.0,41389.0,40953.0,41084.0,240000,KBS
2021-10-25 07:00:00,41781.0,41781.0,40996.0,40996.0,800600,KBS
2021-10-26 07:00:00,40996.0,41214.0,40779.0,40953.0,632000,KBS
2021-10-27 07:00:00,41214.0,42042.0,41084.0,41868.0,1428600,KBS
2021-10-28 07:00:00,42086.0,42652.0,41868.0,42652.0,1772600,KBS
2021-10-29 07:00:00,42391.0,42870.0,42216.0,42696.0,1263800,KBS
2021-11-01 07:00:00,42739.0,42783.0,42260.0,42260.0,1057500,KBS
2021-11-02 07:00:00,42434.0,42696.0,42391.0,42652.0,808300,KBS
2021-11-03 07:00:00,42565.0,43044.0,42391.0,43001.0,1830000,KBS
2021-11-04 07:00:00,43001.0,43044.0,42347.0,42870.0,989400,KBS
2021-11-05 07:00:00,42478.0,43131.0,42260.0,42478.0,1126300,KBS
2021-11-08 07:00:00,42739.0,42870.0,42478.0,42783.0,1184200,KBS
2021-11-09 07:00:00,42696.0,42957.0,42260.0,42303.0,1377600,KBS
2021-11-10 07:00:00,42303.0,42783.0,42173.0,42521.0,857100,KBS
2021-11-11 07:00:00,42608.0,43262.0,42260.0,42826.0,1115600,KBS
2021-11-12 07:00:00,42826.0,42826.0,42478.0,42783.0,614800,KBS
2021-11-15 07:00:00,42826.0,43131.0,42347.0,42565.0,766700,KBS
2021-11-16 07:00:00,42565.0,42913.0,42260.0,42347.0,706300,KBS
2021-11-17 07:00:00,42347.0,42739.0,42347.0,42696.0,788300,KBS
2021-11-18 07:00:00,42826.0,42826.0,42260.0,42260.0,709700,KBS
2021-11-19 07:00:00,42347.0,42652.0,42303.0,42303.0,413000,KBS
2021-11-22 07:00:00,42391.0,43088.0,42303.0,43044.0,1017300,KBS
2021-11-23 07:00:00,43131.0,43175.0,42783.0,43175.0,549200,KBS
2021-11-24 07:00:00,43218.0,46007.0,43218.0,45658.0,1883300,KBS
2021-11-25 07:00:00,45745.0,47052.0,45571.0,46660.0,1473200,KBS
2021-11-26 07:00:00,46486.0,47139.0,45310.0,45745.0,879600,KBS
2021-11-29 07:00:00,45005.0,45702.0,44003.0,44046.0,851000,KBS
2021-11-30 07:00:00,45310.0,45310.0,43088.0,43088.0,1336500,KBS
2021-12-01 07:00:00,43305.0,44220.0,42826.0,43131.0,551500,KBS
2021-12-02 07:00:00,43698.0,43915.0,43044.0,43175.0,787700,KBS
2021-12-03 07:00:00,43218.0,43915.0,42478.0,42696.0,795900,KBS
2021-12-06 07:00:00,42696.0,43567.0,41563.0,41563.0,1008600,KBS
2021-12-07 07:00:00,41868.0,43305.0,41868.0,42783.0,820000,KBS
2021-12-08 07:00:00,42696.0,43305.0,42696.0,43001.0,507500,KBS
2021-12-09 07:00:00,42434.0,43305.0,42391.0,43218.0,805400,KBS
2021-12-10 07:00:00,44003.0,44787.0,43523.0,43567.0,1881200,KBS
2021-12-13 07:00:00,44438.0,44438.0,43218.0,43393.0,1038000,KBS
2021-12-14 07:00:00,43393.0,43785.0,43175.0,43262.0,862300,KBS
2021-12-15 07:00:00,43349.0,43872.0,43131.0,43523.0,732300,KBS
2021-12-16 07:00:00,43915.0,43915.0,42739.0,43175.0,1047100,KBS
2021-12-17 07:00:00,43567.0,43567.0,42042.0,42042.0,3475700,KBS
2021-12-20 07:00:00,42913.0,43349.0,42739.0,43349.0,736900,KBS
2021-12-21 07:00:00,43131.0,43480.0,42913.0,43088.0,774100,KBS
2021-12-22 07:00:00,43313.0,43763.0,43088.0,43256.0,1915300,KBS
2021-12-23 07:00:00,43594.0,44381.0,43031.0,43031.0,1489000,KBS
2021-12-24 07:00:00,43200.0,44156.0,43200.0,44156.0,849400,KBS
2021-12-27 07:00:00,44381.0,45169.0,43819.0,44888.0,934100,KBS
2021-12-28 07:00:00,45000.0,45563.0,43875.0,45000.0,1168800,KBS
2021-12-29 07:00:00,44719.0,44888.0,44494.0,44719.0,440000,KBS
2021-12-30 07:00:00,44888.0,44944.0,43706.0,44100.0,920300,KBS
2021-12-31 07:00:00,44438.0,44550.0,44100.0,44325.0,422000,KBS
2022-01-04 07:00:00,44438.0,44663.0,43875.0,44438.0,1133800,KBS
2022-01-05 07:00:00,44438.0,45225.0,43875.0,43875.0,1603100,KBS
2022-01-06 07:00:00,44213.0,44944.0,43819.0,44494.0,1215600,KBS
2022-01-07 07:00:00,44775.0,44944.0,43988.0,44888.0,966200,KBS
2022-01-10 07:00:00,44831.0,44944.0,44156.0,44719.0,1097000,KBS
2022-01-11 07:00:00,45000.0,45000.0,44156.0,44663.0,952700,KBS
2022-01-12 07:00:00,44663.0,45000.0,43875.0,45000.0,1801500,KBS
2022-01-13 07:00:00,45281.0,47475.0,45113.0,46069.0,2532800,KBS
2022-01-14 07:00:00,46069.0,46913.0,45563.0,46913.0,1522100,KBS
2022-01-17 07:00:00,46688.0,49500.0,46294.0,48488.0,2628500,KBS
2022-01-18 07:00:00,48094.0,49275.0,47250.0,49275.0,1696600,KBS
2022-01-19 07:00:00,49219.0,49219.0,47813.0,48825.0,914800,KBS
2022-01-20 07:00:00,47925.0,49219.0,46744.0,48994.0,2794300,KBS
2022-01-21 07:00:00,48882.0,50625.0,48432.0,50175.0,2502300,KBS
2022-01-24 07:00:00,50288.0,52594.0,49613.0,52313.0,2728300,KBS
2022-01-25 07:00:00,52032.0,54000.0,50063.0,53888.0,2396600,KBS
2022-01-26 07:00:00,53888.0,53888.0,52088.0,53157.0,2523500,KBS
2022-01-27 07:00:00,52313.0,53157.0,50850.0,51188.0,1732900,KBS
2022-01-28 07:00:00,51188.0,51750.0,50063.0,50063.0,2055700,KBS
2022-02-07 07:00:00,50963.0,52257.0,50344.0,51975.0,1620800,KBS
2022-02-08 07:00:00,51975.0,51975.0,50682.0,51750.0,1146400,KBS
2022-02-09 07:00:00,51300.0,51694.0,50794.0,51075.0,1582900,KBS
2022-02-10 07:00:00,51244.0,52538.0,51188.0,51357.0,1827200,KBS
2022-02-11 07:00:00,51357.0,51525.0,50625.0,50625.0,1158400,KBS
2022-02-14 07:00:00,49557.0,49950.0,48375.0,48375.0,3629100,KBS
2022-02-15 07:00:00,48375.0,49669.0,47138.0,48938.0,2453500,KBS
2022-02-16 07:00:00,49219.0,49444.0,48600.0,48938.0,1286000,KBS
2022-02-17 07:00:00,48938.0,49332.0,48825.0,49219.0,1431200,KBS
2022-02-18 07:00:00,48600.0,49219.0,48600.0,49050.0,1066200,KBS
2022-02-21 07:00:00,48713.0,49275.0,48713.0,49163.0,1017900,KBS
2022-02-22 07:00:00,48938.0,48938.0,47813.0,48825.0,1540200,KBS
2022-02-23 07:00:00,48938.0,48938.0,48263.0,48882.0,986300,KBS
2022-02-24 07:00:00,48769.0,48825.0,47813.0,47982.0,2078700,KBS
2022-02-25 07:00:00,47982.0,48319.0,47813.0,47869.0,1616500,KBS
2022-02-28 07:00:00,47869.0,47869.0,47475.0,47532.0,1322100,KBS
2022-03-01 07:00:00,47532.0,48038.0,47307.0,47813.0,1295400,KBS
2022-03-02 07:00:00,48150.0,48150.0,47363.0,47813.0,1655600,KBS
2022-03-03 07:00:00,47813.0,48094.0,47644.0,48094.0,1052200,KBS
2022-03-04 07:00:00,47925.0,48094.0,47700.0,47757.0,1058100,KBS
2022-03-07 07:00:00,47419.0,47757.0,47194.0,47757.0,1002800,KBS
2022-03-08 07:00:00,47138.0,47532.0,45844.0,45844.0,2936300,KBS
2022-03-09 07:00:00,46013.0,46744.0,45956.0,46688.0,1325300,KBS
2022-03-10 07:00:00,46688.0,47082.0,46631.0,46969.0,1154100,KBS
2022-03-11 07:00:00,47082.0,47194.0,46688.0,47138.0,876100,KBS
2022-03-14 07:00:00,46856.0,47363.0,46800.0,47363.0,1438200,KBS
2022-03-15 07:00:00,47250.0,47307.0,45563.0,45619.0,2385900,KBS
2022-03-16 07:00:00,45731.0,46800.0,45731.0,46406.0,1000600,KBS
2022-03-17 07:00:00,46688.0,46969.0,46519.0,46688.0,1222400,KBS
2022-03-18 07:00:00,46744.0,47925.0,46631.0,47363.0,1406600,KBS
2022-03-21 07:00:00,47363.0,48094.0,47250.0,47757.0,933900,KBS
2022-03-22 07:00:00,47757.0,48094.0,47757.0,47757.0,775100,KBS
2022-03-23 07:00:00,47757.0,48150.0,47757.0,47757.0,966600,KBS
2022-03-24 07:00:00,47757.0,47757.0,46969.0,46969.0,570200,KBS
2022-03-25 07:00:00,47250.0,47250.0,46125.0,46406.0,1137800,KBS
2022-03-28 07:00:00,46688.0,46688.0,46125.0,46350.0,725400,KBS
2022-03-29 07:00:00,46350.0,46688.0,45900.0,46069.0,1018600,KBS
2022-03-30 07:00:00,46013.0,46969.0,45844.0,46125.0,913900,KBS
2022-03-31 07:00:00,46125.0,46463.0,46125.0,46181.0,492400,KBS
2022-04-01 07:00:00,46181.0,47025.0,45619.0,46575.0,900300,KBS
2022-04-04 07:00:00,46800.0,47307.0,46463.0,46463.0,712000,KBS
2022-04-05 07:00:00,46575.0,46800.0,46463.0,46688.0,526100,KBS
2022-04-06 07:00:00,46631.0,47813.0,45956.0,47588.0,2009600,KBS
2022-04-07 07:00:00,47757.0,47925.0,46688.0,46688.0,928000,KBS
2022-04-08 07:00:00,47194.0,47194.0,46631.0,46688.0,788200,KBS
2022-04-12 07:00:00,46688.0,46800.0,45900.0,46350.0,841300,KBS
2022-04-13 07:00:00,46688.0,46744.0,46125.0,46350.0,850700,KBS
2022-04-14 07:00:00,46350.0,46631.0,45563.0,45563.0,1151400,KBS
2022-04-15 07:00:00,45675.0,45844.0,45113.0,45113.0,894800,KBS
2022-04-18 07:00:00,45000.0,45113.0,43650.0,43706.0,1237300,KBS
2022-04-19 07:00:00,43763.0,44156.0,43650.0,43706.0,1003400,KBS
2022-04-20 07:00:00,43875.0,44381.0,43706.0,44100.0,904600,KBS
2022-04-21 07:00:00,44100.0,44550.0,43988.0,44100.0,2178200,KBS
2022-04-22 07:00:00,44494.0,46463.0,44494.0,46238.0,2776600,KBS
2022-04-25 07:00:00,46238.0,46688.0,43313.0,46013.0,2479400,KBS
2022-04-26 07:00:00,44438.0,45281.0,44438.0,45281.0,1912000,KBS
2022-04-27 07:00:00,44944.0,46125.0,43988.0,45844.0,1429800,KBS
2022-04-28 07:00:00,45844.0,45900.0,44719.0,45844.0,564100,KBS
2022-04-29 07:00:00,45788.0,46294.0,45000.0,45506.0,1259200,KBS
2022-05-04 07:00:00,45506.0,45563.0,44438.0,44944.0,892600,KBS
2022-05-05 07:00:00,45281.0,45844.0,44775.0,45563.0,1019300,KBS
2022-05-06 07:00:00,44831.0,45675.0,44663.0,44663.0,775900,KBS
2022-05-09 07:00:00,44325.0,45225.0,43763.0,43819.0,1674200,KBS
2022-05-10 07:00:00,43369.0,45000.0,43369.0,45000.0,926000,KBS
2022-05-11 07:00:00,45000.0,45169.0,44438.0,45000.0,931300,KBS
2022-05-12 07:00:00,44438.0,44944.0,43313.0,43313.0,972300,KBS
2022-05-13 07:00:00,43313.0,43875.0,41063.0,41063.0,1963600,KBS
2022-05-16 07:00:00,42469.0,42975.0,41625.0,41738.0,1558800,KBS
2022-05-17 07:00:00,41738.0,43313.0,41119.0,42750.0,2262300,KBS
2022-05-18 07:00:00,43313.0,43313.0,42188.0,42413.0,881000,KBS
2022-05-19 07:00:00,42188.0,43144.0,42075.0,42750.0,575800,KBS
2022-05-20 07:00:00,42244.0,43031.0,42188.0,42356.0,661800,KBS
2022-05-23 07:00:00,42525.0,42525.0,41400.0,41850.0,631600,KBS
2022-05-24 07:00:00,42131.0,42581.0,41794.0,42525.0,898700,KBS
2022-05-25 07:00:00,42750.0,43313.0,42075.0,43313.0,817000,KBS
2022-05-26 07:00:00,43313.0,43369.0,42750.0,43144.0,978900,KBS
2022-05-27 07:00:00,43144.0,43538.0,42919.0,43538.0,892000,KBS
2022-05-30 07:00:00,43538.0,45563.0,42975.0,43875.0,1327400,KBS
2022-05-31 07:00:00,44381.0,44381.0,43875.0,44381.0,483700,KBS
2022-06-01 07:00:00,44438.0,45281.0,44438.0,45281.0,798800,KBS
2022-06-02 07:00:00,45450.0,45450.0,44438.0,44438.0,641400,KBS
2022-06-03 07:00:00,44100.0,44719.0,42975.0,43594.0,527800,KBS
2022-06-06 07:00:00,43594.0,45000.0,42244.0,44831.0,880500,KBS
2022-06-07 07:00:00,44438.0,46125.0,43931.0,45563.0,933000,KBS
2022-06-08 07:00:00,45563.0,45563.0,44325.0,44550.0,1164700,KBS
2022-06-09 07:00:00,44438.0,44944.0,43706.0,43763.0,1067500,KBS
2022-06-10 07:00:00,43763.0,44438.0,43538.0,43706.0,390900,KBS
2022-06-13 07:00:00,43313.0,43313.0,41681.0,42975.0,1105800,KBS
2022-06-14 07:00:00,42469.0,43931.0,41625.0,43313.0,1066200,KBS
2022-06-15 07:00:00,43538.0,44044.0,42356.0,43031.0,1243600,KBS
2022-06-16 07:00:00,43144.0,45000.0,43031.0,44494.0,1209600,KBS
2022-06-17 07:00:00,43313.0,44044.0,42806.0,42806.0,1050600,KBS
2022-06-20 07:00:00,44719.0,44719.0,42356.0,42750.0,1089700,KBS
2022-06-21 07:00:00,42750.0,43706.0,42300.0,43706.0,937100,KBS
2022-06-22 07:00:00,43819.0,43875.0,42188.0,42750.0,1069200,KBS
2022-06-23 07:00:00,42244.0,43144.0,42131.0,42694.0,590200,KBS
2022-06-24 07:00:00,42863.0,42919.0,41963.0,42188.0,648600,KBS
2022-06-27 07:00:00,42469.0,42750.0,42075.0,42131.0,862500,KBS
2022-06-28 07:00:00,42188.0,43313.0,42075.0,42919.0,1095800,KBS
2022-06-29 07:00:00,42638.0,42694.0,42356.0,42469.0,847500,KBS
2022-06-30 07:00:00,42469.0,42750.0,42075.0,42075.0,678400,KBS
2022-07-01 07:00:00,41906.0,42188.0,41006.0,41625.0,1383000,KBS
2022-07-04 07:00:00,42131.0,42300.0,41569.0,41681.0,746200,KBS
2022-07-05 07:00:00,42131.0,42131.0,41400.0,41625.0,1064500,KBS
2022-07-06 07:00:00,41456.0,41569.0,38756.0,40950.0,1548200,KBS
2022-07-07 07:00:00,40894.0,42469.0,40331.0,42469.0,1258400,KBS
2022-07-08 07:00:00,42131.0,42188.0,41569.0,41625.0,761000,KBS
2022-07-11 07:00:00,41231.0,41344.0,40500.0,40500.0,660800,KBS
2022-07-12 07:00:00,40556.0,40838.0,40331.0,40444.0,811500,KBS
2022-07-13 07:00:00,40388.0,41288.0,40163.0,40388.0,1379900,KBS
2022-07-14 07:00:00,40388.0,40950.0,40275.0,40725.0,329400,KBS
2022-07-15 07:00:00,40556.0,41344.0,40556.0,40669.0,597500,KBS
2022-07-18 07:00:00,40781.0,41006.0,40500.0,40500.0,391400,KBS
2022-07-19 07:00:00,40500.0,40556.0,39994.0,40106.0,812100,KBS
2022-07-20 07:00:00,40275.0,40781.0,40275.0,40781.0,544900,KBS
2022-07-21 07:00:00,40781.0,41006.0,40556.0,40781.0,1164600,KBS
2022-07-22 07:00:00,40556.0,40894.0,40500.0,40781.0,1009600,KBS
2022-07-25 07:00:00,40725.0,41175.0,40500.0,41006.0,962700,KBS
2022-07-26 07:00:00,41175.0,41850.0,41175.0,41569.0,1119800,KBS
2022-07-27 07:00:00,41625.0,42188.0,41456.0,42188.0,1259900,KBS
2022-07-28 07:00:00,42413.0,42525.0,42075.0,42356.0,1164800,KBS
2022-07-29 07:00:00,42413.0,42469.0,42019.0,42019.0,1176000,KBS
2022-08-01 07:00:00,42019.0,43313.0,41850.0,43313.0,1577300,KBS
2022-08-02 07:00:00,43313.0,44550.0,42750.0,44381.0,1777800,KBS
2022-08-03 07:00:00,44044.0,44719.0,43875.0,44719.0,1005700,KBS
2022-08-04 07:00:00,44719.0,46406.0,44663.0,46406.0,2261100,KBS
2022-08-05 07:00:00,46125.0,46350.0,45619.0,46125.0,1395800,KBS
2022-08-08 07:00:00,46125.0,46406.0,46069.0,46125.0,915000,KBS
2022-08-09 07:00:00,46125.0,46125.0,44944.0,45450.0,1217900,KBS
2022-08-10 07:00:00,45056.0,45563.0,45056.0,45281.0,507500,KBS
2022-08-11 07:00:00,45731.0,46125.0,45338.0,45844.0,1171500,KBS
2022-08-12 07:00:00,45844.0,46069.0,45506.0,45900.0,1251800,KBS
2022-08-15 07:00:00,46125.0,46294.0,45956.0,46013.0,1259500,KBS
2022-08-16 07:00:00,46125.0,46125.0,45619.0,45844.0,687100,KBS
2022-08-17 07:00:00,45675.0,45956.0,45675.0,45844.0,764000,KBS
2022-08-18 07:00:00,45731.0,46125.0,45675.0,45844.0,1568600,KBS
2022-08-19 07:00:00,45338.0,46125.0,45338.0,45506.0,1148000,KBS
2022-08-22 07:00:00,45056.0,45844.0,45000.0,45000.0,525800,KBS
2022-08-23 07:00:00,45000.0,45731.0,44944.0,45113.0,648000,KBS
2022-08-24 07:00:00,45675.0,46631.0,45169.0,46125.0,1083700,KBS
2022-08-25 07:00:00,46238.0,46238.0,45731.0,46125.0,538800,KBS
2022-08-26 07:00:00,46125.0,47082.0,46125.0,46406.0,1559500,KBS
2022-08-29 07:00:00,45788.0,46406.0,45506.0,46406.0,951500,KBS
2022-08-30 07:00:00,46406.0,48375.0,46406.0,48375.0,2502800,KBS
2022-08-31 07:00:00,48375.0,48657.0,47250.0,47250.0,1055900,KBS
2022-09-05 07:00:00,47250.0,47419.0,46406.0,46463.0,1547800,KBS
2022-09-06 07:00:00,46463.0,47250.0,46181.0,46519.0,1027300,KBS
2022-09-07 07:00:00,46125.0,46406.0,44888.0,45000.0,2293300,KBS
2022-09-08 07:00:00,45506.0,45506.0,43875.0,43875.0,1074300,KBS
2022-09-09 07:00:00,44156.0,44606.0,43988.0,44325.0,1029200,KBS
2022-09-12 07:00:00,44775.0,44831.0,44325.0,44494.0,700800,KBS
2022-09-13 07:00:00,44663.0,44663.0,44213.0,44213.0,1187900,KBS
2022-09-14 07:00:00,43425.0,44719.0,43313.0,44044.0,1085800,KBS
2022-09-15 07:00:00,44156.0,44606.0,43931.0,44550.0,611900,KBS
2022-09-16 07:00:00,44606.0,45000.0,44156.0,45000.0,1519200,KBS
2022-09-19 07:00:00,44438.0,45113.0,43875.0,44325.0,938500,KBS
2022-09-20 07:00:00,44325.0,45000.0,44213.0,44550.0,521200,KBS
2022-09-21 07:00:00,44606.0,44775.0,43819.0,44381.0,499200,KBS
2022-09-22 07:00:00,43706.0,44213.0,43594.0,43875.0,1183000,KBS
2022-09-23 07:00:00,43425.0,43706.0,42638.0,42694.0,1034100,KBS
2022-09-26 07:00:00,42244.0,43313.0,41681.0,42188.0,1255900,KBS
2022-09-27 07:00:00,42750.0,42750.0,41738.0,41794.0,653400,KBS
2022-09-28 07:00:00,41625.0,42188.0,41513.0,42188.0,587700,KBS
2022-09-29 07:00:00,42750.0,42750.0,41625.0,41625.0,587800,KBS
2022-09-30 07:00:00,41175.0,41794.0,40725.0,41175.0,1262400,KBS
2022-10-03 07:00:00,41344.0,41513.0,39544.0,39713.0,894900,KBS
2022-10-04 07:00:00,39375.0,40444.0,39094.0,40106.0,1280900,KBS
2022-10-05 07:00:00,40163.0,40500.0,39994.0,40219.0,835000,KBS
2022-10-06 07:00:00,40500.0,40500.0,39319.0,39431.0,751500,KBS
2022-10-07 07:00:00,39150.0,39150.0,36731.0,37519.0,2113700,KBS
2022-10-10 07:00:00,37406.0,38081.0,36056.0,36619.0,1317000,KBS
2022-10-11 07:00:00,36731.0,37125.0,34875.0,34875.0,1161700,KBS
2022-10-12 07:00:00,35438.0,36731.0,34988.0,36000.0,1517400,KBS
2022-10-13 07:00:00,36056.0,37406.0,35269.0,37406.0,1596800,KBS
2022-10-14 07:00:00,38531.0,38531.0,37856.0,38306.0,1599300,KBS
2022-10-17 07:00:00,37856.0,38250.0,36844.0,37294.0,1241400,KBS
2022-10-18 07:00:00,38250.0,38250.0,37856.0,38081.0,885000,KBS
2022-10-19 07:00:00,38194.0,38250.0,37856.0,38194.0,627400,KBS
2022-10-20 07:00:00,38194.0,39375.0,37744.0,38925.0,1517200,KBS
2022-10-21 07:00:00,38925.0,39769.0,38250.0,38250.0,1283700,KBS
2022-10-24 07:00:00,39094.0,39094.0,37013.0,38250.0,670100,KBS
2022-10-25 07:00:00,37125.0,39713.0,37125.0,39319.0,1535500,KBS
2022-10-26 07:00:00,39713.0,39713.0,38531.0,39375.0,591400,KBS
2022-10-27 07:00:00,39656.0,41006.0,38981.0,40331.0,1297800,KBS
2022-10-28 07:00:00,40781.0,41906.0,40275.0,40275.0,1561000,KBS
2022-10-31 07:00:00,41344.0,41344.0,40781.0,41344.0,659400,KBS
2022-11-01 07:00:00,41625.0,42188.0,41231.0,42188.0,826100,KBS
2022-11-02 07:00:00,41625.0,41906.0,40500.0,41400.0,1255100,KBS
2022-11-03 07:00:00,40500.0,41288.0,40500.0,41063.0,726600,KBS
2022-11-04 07:00:00,40219.0,40781.0,38756.0,40388.0,1538000,KBS
2022-11-07 07:00:00,40388.0,41063.0,39994.0,40388.0,1232000,KBS
2022-11-08 07:00:00,40500.0,42188.0,40275.0,40838.0,1659900,KBS
2022-11-09 07:00:00,41344.0,41738.0,40838.0,41625.0,1214800,KBS
2022-11-10 07:00:00,41569.0,41569.0,40275.0,40950.0,958500,KBS
2022-11-11 07:00:00,41063.0,42469.0,41063.0,42469.0,1314200,KBS
2022-11-14 07:00:00,42469.0,43031.0,41681.0,42244.0,1536500,KBS
2022-11-15 07:00:00,41850.0,42975.0,40556.0,42188.0,1581800,KBS
2022-11-16 07:00:00,39544.0,43875.0,39544.0,42244.0,2349800,KBS
2022-11-17 07:00:00,42806.0,43088.0,42469.0,43031.0,1645700,KBS
2022-11-18 07:00:00,42694.0,43256.0,41400.0,43031.0,1564800,KBS
2022-11-21 07:00:00,43031.0,43031.0,42188.0,42188.0,1106900,KBS
2022-11-22 07:00:00,41906.0,42750.0,40781.0,41344.0,1936000,KBS
2022-11-23 07:00:00,41063.0,41344.0,40725.0,41344.0,794200,KBS
2022-11-24 07:00:00,41344.0,41625.0,40781.0,41063.0,1082000,KBS
2022-11-25 07:00:00,41119.0,41400.0,40950.0,41119.0,1675100,KBS
2022-11-28 07:00:00,41906.0,43313.0,41513.0,43144.0,1341900,KBS
2022-11-29 07:00:00,42750.0,44888.0,42750.0,44888.0,1707400,KBS
2022-11-30 07:00:00,45169.0,45563.0,43313.0,45563.0,1322600,KBS
2022-12-01 07:00:00,45506.0,45788.0,44550.0,45000.0,1178900,KBS
2022-12-02 07:00:00,44944.0,47813.0,44606.0,47813.0,1241300,KBS
2022-12-05 07:00:00,47307.0,48938.0,46406.0,47813.0,1664000,KBS
2022-12-06 07:00:00,47813.0,47925.0,45000.0,45000.0,1308000,KBS
2022-12-07 07:00:00,45000.0,46125.0,43875.0,44156.0,1455800,KBS
2022-12-08 07:00:00,44438.0,45563.0,43313.0,43313.0,2109700,KBS
2022-12-09 07:00:00,44100.0,44550.0,43369.0,43481.0,1684100,KBS
2022-12-12 07:00:00,44325.0,45281.0,43538.0,43538.0,2105700,KBS
2022-12-13 07:00:00,43931.0,44606.0,43819.0,43988.0,2232500,KBS
2022-12-14 07:00:00,44831.0,44831.0,44156.0,44325.0,1083500,KBS
2022-12-15 07:00:00,44325.0,45394.0,44213.0,44719.0,1250400,KBS
2022-12-16 07:00:00,44719.0,46631.0,44381.0,44831.0,3158100,KBS
2022-12-19 07:00:00,45000.0,45563.0,44438.0,44550.0,757500,KBS
2022-12-20 07:00:00,44831.0,46125.0,44438.0,44438.0,1424400,KBS
2022-12-21 07:00:00,45788.0,45788.0,44269.0,44269.0,962000,KBS
2022-12-22 07:00:00,44719.0,45619.0,44606.0,44606.0,1073500,KBS
2022-12-23 07:00:00,45113.0,45675.0,44494.0,44494.0,1079200,KBS
2022-12-26 07:00:00,44550.0,45450.0,44381.0,44381.0,1203600,KBS
2022-12-27 07:00:00,45113.0,45281.0,44381.0,44494.0,1058000,KBS
2022-12-28 07:00:00,45225.0,46125.0,44719.0,45000.0,1173500,KBS
2022-12-29 07:00:00,46294.0,46406.0,45281.0,45394.0,1237400,KBS
2022-12-30 07:00:00,46631.0,46744.0,45000.0,45000.0,1510900,KBS
2023-01-03 07:00:00,45113.0,46463.0,45113.0,46463.0,1089800,KBS
2023-01-04 07:00:00,46631.0,46631.0,46013.0,46575.0,837900,KBS
2023-01-05 07:00:00,46575.0,47250.0,46406.0,47250.0,1078600,KBS
2023-01-06 07:00:00,47250.0,47700.0,47194.0,47250.0,1125500,KBS
2023-01-09 07:00:00,48263.0,48882.0,47700.0,48882.0,1667100,KBS
2023-01-10 07:00:00,48488.0,50569.0,48488.0,49107.0,2112500,KBS
2023-01-11 07:00:00,49107.0,49107.0,47869.0,47869.0,983000,KBS
2023-01-12 07:00:00,47925.0,47925.0,47138.0,47700.0,1879000,KBS
2023-01-13 07:00:00,47925.0,48657.0,47925.0,48263.0,822000,KBS
2023-01-16 07:00:00,48375.0,49782.0,48375.0,49107.0,735200,KBS
2023-01-17 07:00:00,49782.0,50288.0,49107.0,50288.0,644600,KBS
2023-01-18 07:00:00,50625.0,51188.0,50288.0,50625.0,834000,KBS
2023-01-19 07:00:00,50344.0,54000.0,49219.0,52313.0,1716800,KBS
2023-01-27 07:00:00,52313.0,53213.0,51469.0,52313.0,1552000,KBS
2023-01-30 07:00:00,51807.0,52032.0,50513.0,50569.0,1045000,KBS
2023-01-31 07:00:00,50569.0,51694.0,49388.0,51694.0,1447700,KBS
2023-02-01 07:00:00,51750.0,52032.0,50119.0,50119.0,1136400,KBS
2023-02-02 07:00:00,49838.0,51750.0,49838.0,50963.0,984600,KBS
2023-02-03 07:00:00,50794.0,52313.0,50119.0,52313.0,893400,KBS
2023-02-06 07:00:00,52088.0,54169.0,51469.0,54000.0,1151200,KBS
2023-02-07 07:00:00,53607.0,53719.0,51750.0,51750.0,1195400,KBS
2023-02-08 07:00:00,51807.0,54113.0,51807.0,52988.0,884800,KBS
2023-02-09 07:00:00,52763.0,53438.0,52313.0,52313.0,759400,KBS
2023-02-10 07:00:00,53157.0,53157.0,52200.0,53157.0,647700,KBS
2023-02-13 07:00:00,53325.0,53663.0,51750.0,52594.0,872700,KBS
2023-02-14 07:00:00,52594.0,52594.0,51300.0,52032.0,1143100,KBS
2023-02-15 07:00:00,52032.0,52988.0,51300.0,52313.0,899300,KBS
2023-02-16 07:00:00,52313.0,52875.0,51863.0,51975.0,776600,KBS
2023-02-17 07:00:00,52313.0,52482.0,51750.0,52313.0,918900,KBS
2023-02-20 07:00:00,52313.0,53157.0,52313.0,52763.0,1095000,KBS
2023-02-21 07:00:00,52988.0,53382.0,52875.0,52988.0,675500,KBS
2023-02-22 07:00:00,52988.0,53044.0,52032.0,52313.0,1025500,KBS
2023-02-23 07:00:00,52313.0,52875.0,51300.0,52482.0,1025700,KBS
2023-02-24 07:00:00,52313.0,52875.0,50625.0,52594.0,631400,KBS
2023-02-27 07:00:00,52313.0,52594.0,51582.0,52200.0,501000,KBS
2023-02-28 07:00:00,52369.0,52707.0,52088.0,52594.0,565800,KBS
2023-03-01 07:00:00,51919.0,52538.0,51863.0,52313.0,729700,KBS
2023-03-02 07:00:00,52313.0,52763.0,51638.0,52425.0,984700,KBS
2023-03-03 07:00:00,51638.0,52200.0,51132.0,51132.0,798600,KBS
2023-03-06 07:00:00,51188.0,51863.0,51188.0,51188.0,711900,KBS
2023-03-07 07:00:00,51469.0,52032.0,51244.0,51694.0,970300,KBS
2023-03-08 07:00:00,51188.0,51863.0,51019.0,51863.0,871900,KBS
2023-03-09 07:00:00,51750.0,52538.0,51582.0,52313.0,1098100,KBS
2023-03-10 07:00:00,51863.0,52032.0,51469.0,51807.0,707800,KBS
2023-03-13 07:00:00,51750.0,51750.0,51075.0,51469.0,759200,KBS
2023-03-14 07:00:00,51188.0,51300.0,50907.0,51188.0,863700,KBS
2023-03-15 07:00:00,51525.0,51750.0,51244.0,51413.0,807800,KBS
2023-03-16 07:00:00,51188.0,51750.0,50344.0,51188.0,806000,KBS
2023-03-17 07:00:00,51188.0,51244.0,50063.0,50063.0,2272200,KBS
2023-03-20 07:00:00,50063.0,50344.0,47869.0,47869.0,1034000,KBS
2023-03-21 07:00:00,48038.0,50569.0,48038.0,48657.0,1057400,KBS
2023-03-22 07:00:00,48713.0,50569.0,48713.0,50063.0,1055800,KBS
2023-03-23 07:00:00,49950.0,51019.0,49107.0,51019.0,849500,KBS
2023-03-24 07:00:00,51188.0,51188.0,50007.0,50063.0,630000,KBS
2023-03-27 07:00:00,50063.0,51188.0,49500.0,51188.0,730100,KBS
2023-03-28 07:00:00,51075.0,52257.0,50682.0,51638.0,845800,KBS
2023-03-29 07:00:00,52032.0,52032.0,50907.0,51919.0,422800,KBS
2023-03-30 07:00:00,51919.0,52425.0,51750.0,52144.0,409700,KBS
2023-03-31 07:00:00,52200.0,52425.0,50907.0,51413.0,950600,KBS
2023-04-03 07:00:00,51582.0,52257.0,51300.0,52200.0,736700,KBS
2023-04-04 07:00:00,52200.0,52257.0,51525.0,51750.0,269900,KBS
2023-04-05 07:00:00,51919.0,51919.0,51244.0,51807.0,336000,KBS
2023-04-06 07:00:00,51469.0,51807.0,51300.0,51300.0,376300,KBS
2023-04-07 07:00:00,51188.0,51244.0,50344.0,50625.0,747200,KBS
2023-04-10 07:00:00,50625.0,50625.0,50063.0,50063.0,639300,KBS
2023-04-11 07:00:00,50063.0,50625.0,49613.0,49613.0,751600,KBS
2023-04-12 07:00:00,49669.0,49838.0,49500.0,49669.0,518400,KBS
2023-04-13 07:00:00,49669.0,49782.0,49388.0,49613.0,491000,KBS
2023-04-14 07:00:00,49669.0,50119.0,49613.0,49725.0,414800,KBS
2023-04-17 07:00:00,49725.0,49782.0,49388.0,49725.0,488900,KBS
2023-04-18 07:00:00,49669.0,49838.0,49219.0,49500.0,695100,KBS
2023-04-19 07:00:00,49557.0,49894.0,49500.0,49782.0,416900,KBS
2023-04-20 07:00:00,49950.0,49950.0,49500.0,49669.0,257800,KBS
2023-04-21 07:00:00,49500.0,49557.0,49163.0,49219.0,356500,KBS
2023-04-24 07:00:00,49500.0,49782.0,48938.0,49444.0,505800,KBS
2023-04-25 07:00:00,49613.0,49782.0,49219.0,49669.0,545800,KBS
2023-04-26 07:00:00,49500.0,50344.0,49444.0,50288.0,710200,KBS
2023-04-27 07:00:00,49894.0,50907.0,49725.0,50625.0,580400,KBS
2023-04-28 07:00:00,50625.0,50907.0,49950.0,50907.0,704700,KBS
2023-05-04 07:00:00,50625.0,50625.0,49782.0,49782.0,496000,KBS
2023-05-05 07:00:00,49782.0,50569.0,49613.0,50513.0,225700,KBS
2023-05-08 07:00:00,50625.0,52425.0,50513.0,52313.0,1500200,KBS
2023-05-09 07:00:00,52313.0,52819.0,51919.0,51919.0,563400,KBS
2023-05-10 07:00:00,51694.0,52313.0,51525.0,51750.0,417400,KBS
2023-05-11 07:00:00,51750.0,51807.0,51188.0,51188.0,505600,KBS
2023-05-12 07:00:00,51188.0,52200.0,51075.0,52200.0,710500,KBS
2023-05-15 07:00:00,51750.0,52313.0,51300.0,51582.0,450500,KBS
2023-05-16 07:00:00,51750.0,52369.0,51357.0,52088.0,666100,KBS
2023-05-17 07:00:00,52032.0,52313.0,51919.0,52200.0,572700,KBS
2023-05-18 07:00:00,52257.0,54000.0,51863.0,53438.0,1678500,KBS
2023-05-19 07:00:00,53157.0,53382.0,52088.0,52988.0,439900,KBS
2023-05-22 07:00:00,52313.0,52819.0,51863.0,52369.0,622300,KBS
2023-05-23 07:00:00,52313.0,52650.0,51807.0,52200.0,568800,KBS
2023-05-24 07:00:00,52200.0,52200.0,51694.0,52088.0,342200,KBS
2023-05-25 07:00:00,52088.0,52875.0,51413.0,52425.0,606600,KBS
2023-05-26 07:00:00,52425.0,52594.0,51750.0,51750.0,283700,KBS
2023-05-29 07:00:00,51750.0,53438.0,51750.0,52369.0,590500,KBS
2023-05-30 07:00:00,52369.0,53325.0,51975.0,53157.0,564500,KBS
2023-05-31 07:00:00,52819.0,52932.0,52369.0,52875.0,380100,KBS
2023-06-01 07:00:00,53213.0,53213.0,52425.0,52819.0,646300,KBS
2023-06-02 07:00:00,52819.0,53438.0,52482.0,53382.0,737800,KBS
2023-06-05 07:00:00,53550.0,55519.0,53550.0,55125.0,1297800,KBS
2023-06-06 07:00:00,55125.0,55688.0,54282.0,55688.0,759500,KBS
2023-06-07 07:00:00,55688.0,55688.0,54563.0,54563.0,749600,KBS
2023-06-08 07:00:00,54563.0,57207.0,54563.0,56250.0,1339400,KBS
2023-06-09 07:00:00,56250.0,57375.0,55688.0,56532.0,820200,KBS
2023-06-12 07:00:00,56194.0,57094.0,55182.0,56813.0,435100,KBS
2023-06-13 07:00:00,56250.0,57938.0,56082.0,57657.0,838900,KBS
2023-06-14 07:00:00,57600.0,58500.0,57094.0,57713.0,840500,KBS
2023-06-15 07:00:00,57657.0,58332.0,57150.0,58219.0,912200,KBS
2023-06-16 07:00:00,58613.0,59850.0,58050.0,59063.0,1331800,KBS
2023-06-19 07:00:00,58275.0,58557.0,57207.0,57207.0,1139900,KBS
2023-06-20 07:00:00,56869.0,56869.0,56138.0,56194.0,1781600,KBS
2023-06-21 07:00:00,56082.0,56532.0,56082.0,56250.0,1187900,KBS
2023-06-22 07:00:00,57375.0,57375.0,56194.0,56475.0,716500,KBS
2023-06-23 07:00:00,56475.0,56475.0,55969.0,56194.0,705200,KBS
2023-06-26 07:00:00,55744.0,56757.0,55744.0,56250.0,807200,KBS
2023-06-27 07:00:00,56250.0,56813.0,56082.0,56250.0,685900,KBS
2023-06-28 07:00:00,56250.0,57488.0,56138.0,56869.0,821200,KBS
2023-06-29 07:00:00,57263.0,57938.0,56869.0,57319.0,640600,KBS
2023-06-30 07:00:00,56869.0,57263.0,56250.0,56250.0,556600,KBS
2023-07-03 07:00:00,56250.0,56700.0,56138.0,56250.0,490100,KBS
2023-07-04 07:00:00,56644.0,57319.0,56194.0,56250.0,682700,KBS
2023-07-05 07:00:00,56813.0,57657.0,56419.0,57375.0,953900,KBS
2023-07-06 07:00:00,57432.0,57488.0,56532.0,56644.0,1021000,KBS
2023-07-07 07:00:00,56532.0,59063.0,56475.0,59063.0,1064800,KBS
2023-07-10 07:00:00,59007.0,59007.0,57544.0,57769.0,915100,KBS
2023-07-11 07:00:00,57263.0,59063.0,57263.0,57938.0,887600,KBS
2023-07-12 07:00:00,57769.0,58782.0,57769.0,58500.0,742800,KBS
2023-07-13 07:00:00,59063.0,59063.0,58332.0,59007.0,928300,KBS
2023-07-14 07:00:00,59007.0,59063.0,58500.0,59063.0,797700,KBS
2023-07-17 07:00:00,59063.0,59063.0,58613.0,58950.0,791600,KBS
2023-07-18 07:00:00,59007.0,59063.0,58669.0,58669.0,590000,KBS
2023-07-19 07:00:00,58838.0,60244.0,58838.0,59907.0,926200,KBS
2023-07-20 07:00:00,59344.0,59850.0,58275.0,59063.0,771600,KBS
2023-07-21 07:00:00,59063.0,59063.0,58500.0,59063.0,663400,KBS
2023-07-24 07:00:00,59119.0,59288.0,58782.0,58838.0,808500,KBS
2023-07-25 07:00:00,60033.0,61428.0,59967.0,60896.0,2374800,KBS
2023-07-26 07:00:00,61029.0,62025.0,61029.0,62025.0,1146400,KBS
2023-07-27 07:00:00,62225.0,62225.0,61428.0,61560.0,957200,KBS
2023-07-28 07:00:00,61560.0,61760.0,60963.0,61760.0,1116900,KBS
2023-07-31 07:00:00,61760.0,61893.0,60830.0,60830.0,1468300,KBS
2023-08-01 07:00:00,60830.0,61627.0,60564.0,60564.0,1281600,KBS
2023-08-02 07:00:00,60564.0,60764.0,60432.0,60764.0,1055800,KBS
2023-08-03 07:00:00,60764.0,60764.0,60100.0,60166.0,837900,KBS
2023-08-04 07:00:00,60232.0,60498.0,59834.0,59834.0,1231600,KBS
2023-08-07 07:00:00,59834.0,60299.0,59767.0,60299.0,1111700,KBS
2023-08-08 07:00:00,60299.0,60564.0,59834.0,60232.0,823400,KBS
2023-08-09 07:00:00,60232.0,60365.0,59834.0,59900.0,591600,KBS
2023-08-10 07:00:00,60100.0,60100.0,58771.0,58771.0,1336100,KBS
2023-08-11 07:00:00,58771.0,60033.0,58771.0,60033.0,920800,KBS
2023-08-14 07:00:00,59967.0,59967.0,59103.0,59103.0,1471800,KBS
2023-08-15 07:00:00,59767.0,59767.0,58771.0,59037.0,1148500,KBS
2023-08-16 07:00:00,58971.0,59369.0,58904.0,59236.0,727300,KBS
2023-08-17 07:00:00,59236.0,59635.0,58838.0,59369.0,2145100,KBS
2023-08-18 07:00:00,59635.0,59967.0,59103.0,59435.0,2430400,KBS
2023-08-21 07:00:00,59568.0,59900.0,59236.0,59635.0,1710900,KBS
2023-08-22 07:00:00,59435.0,59568.0,58306.0,58705.0,1825000,KBS
2023-08-23 07:00:00,59037.0,59037.0,57178.0,57310.0,1754800,KBS
2023-08-24 07:00:00,57310.0,58572.0,57111.0,57775.0,902800,KBS
2023-08-25 07:00:00,57244.0,57775.0,57111.0,57244.0,1404600,KBS
2023-08-28 07:00:00,57377.0,58107.0,57244.0,57775.0,1378300,KBS
2023-08-29 07:00:00,57775.0,58771.0,57709.0,58705.0,1391900,KBS
2023-08-30 07:00:00,58771.0,59435.0,58771.0,59170.0,1350000,KBS
2023-08-31 07:00:00,59170.0,59502.0,58639.0,59170.0,1531200,KBS
2023-09-05 07:00:00,59170.0,60232.0,59170.0,59834.0,1942200,KBS
2023-09-06 07:00:00,59900.0,59900.0,59568.0,59900.0,2017600,KBS
2023-09-07 07:00:00,59767.0,60299.0,59435.0,59435.0,1765300,KBS
2023-09-08 07:00:00,59435.0,59435.0,59170.0,59435.0,1341900,KBS
2023-09-11 07:00:00,59502.0,59767.0,58439.0,58771.0,1649500,KBS
2023-09-12 07:00:00,59103.0,59767.0,59037.0,59701.0,1572100,KBS
2023-09-13 07:00:00,59767.0,59767.0,59037.0,59170.0,1582000,KBS
2023-09-14 07:00:00,59103.0,59435.0,58506.0,59170.0,1512600,KBS
2023-09-15 07:00:00,59037.0,59635.0,58838.0,59635.0,2142400,KBS
2023-09-18 07:00:00,59435.0,59568.0,58639.0,58971.0,718100,KBS
2023-09-19 07:00:00,58971.0,59236.0,57111.0,58506.0,1117200,KBS
2023-09-20 07:00:00,58506.0,58705.0,57377.0,58439.0,786000,KBS
2023-09-21 07:00:00,58439.0,58439.0,57642.0,57775.0,1066900,KBS
2023-09-22 07:00:00,57377.0,59435.0,57111.0,59303.0,2408600,KBS
2023-09-25 07:00:00,59103.0,59435.0,58639.0,59303.0,2210400,KBS
2023-09-26 07:00:00,59236.0,59369.0,57709.0,57775.0,1663200,KBS
2023-09-27 07:00:00,58174.0,59103.0,57775.0,58306.0,1204900,KBS
2023-09-28 07:00:00,57908.0,58639.0,57510.0,58439.0,1065100,KBS
2023-09-29 07:00:00,58639.0,58639.0,57842.0,58107.0,449300,KBS
2023-10-02 07:00:00,57842.0,57908.0,57443.0,57443.0,765700,KBS
2023-10-03 07:00:00,57443.0,57576.0,56978.0,57310.0,882600,KBS
2023-10-04 07:00:00,57310.0,57310.0,56646.0,57310.0,923800,KBS
2023-10-05 07:00:00,57111.0,57111.0,56115.0,56115.0,890000,KBS
2023-10-06 07:00:00,56115.0,56713.0,55451.0,56713.0,800900,KBS
2023-10-09 07:00:00,56713.0,56713.0,55783.0,56181.0,1096100,KBS
2023-10-10 07:00:00,56181.0,57244.0,56181.0,57178.0,734100,KBS
2023-10-11 07:00:00,57244.0,57443.0,56912.0,57443.0,719400,KBS
2023-10-12 07:00:00,57709.0,57709.0,56779.0,57111.0,714100,KBS
2023-10-13 07:00:00,57111.0,57510.0,56779.0,57510.0,663100,KBS
2023-10-16 07:00:00,56846.0,57510.0,56846.0,57178.0,332300,KBS
2023-10-17 07:00:00,57178.0,57443.0,56779.0,57045.0,363400,KBS
2023-10-18 07:00:00,56779.0,57111.0,56447.0,57045.0,1147400,KBS
2023-10-19 07:00:00,56779.0,57111.0,55849.0,56115.0,1363600,KBS
2023-10-20 07:00:00,55451.0,56646.0,54920.0,56314.0,938400,KBS
2023-10-23 07:00:00,56115.0,56115.0,54787.0,56115.0,966600,KBS
2023-10-24 07:00:00,56115.0,57443.0,55717.0,57111.0,994000,KBS
2023-10-25 07:00:00,56513.0,56978.0,56181.0,56978.0,660100,KBS
2023-10-26 07:00:00,56447.0,57111.0,55451.0,56115.0,1420300,KBS
2023-10-27 07:00:00,56181.0,56447.0,55650.0,56447.0,773400,KBS
2023-10-30 07:00:00,55451.0,57111.0,55451.0,57045.0,592900,KBS
2023-10-31 07:00:00,57045.0,57709.0,56381.0,57642.0,1345300,KBS
2023-11-01 07:00:00,57642.0,58306.0,57178.0,58306.0,1479100,KBS
2023-11-02 07:00:00,58439.0,59103.0,57510.0,59103.0,1057500,KBS
2023-11-03 07:00:00,59103.0,59369.0,58506.0,59037.0,1086600,KBS
2023-11-06 07:00:00,59037.0,59635.0,58771.0,59435.0,774800,KBS
2023-11-07 07:00:00,59103.0,59303.0,58639.0,58639.0,413900,KBS
2023-11-08 07:00:00,58439.0,59568.0,58373.0,59435.0,1270300,KBS
2023-11-09 07:00:00,59435.0,59435.0,58373.0,58373.0,1166800,KBS
2023-11-10 07:00:00,57842.0,58107.0,57111.0,57111.0,1352000,KBS
2023-11-13 07:00:00,57111.0,57178.0,56713.0,56779.0,937700,KBS
2023-11-14 07:00:00,57111.0,57443.0,56713.0,57111.0,987500,KBS
2023-11-15 07:00:00,57443.0,58240.0,57443.0,58240.0,4067800,KBS
2023-11-16 07:00:00,57775.0,58439.0,57576.0,58439.0,1284800,KBS
2023-11-17 07:00:00,58306.0,58373.0,56779.0,56846.0,1588000,KBS
2023-11-20 07:00:00,56846.0,57775.0,56447.0,57178.0,1098400,KBS
2023-11-21 07:00:00,57178.0,57576.0,56978.0,57510.0,1151400,KBS
2023-11-22 07:00:00,57310.0,57576.0,56779.0,57576.0,1012700,KBS
2023-11-23 07:00:00,57576.0,57642.0,56779.0,56779.0,647200,KBS
2023-11-24 07:00:00,56779.0,57111.0,56447.0,57111.0,734500,KBS
2023-11-27 07:00:00,57111.0,57111.0,56513.0,56978.0,443000,KBS
2023-11-28 07:00:00,56779.0,57045.0,56314.0,56978.0,779400,KBS
2023-11-29 07:00:00,56713.0,57045.0,56513.0,56513.0,733100,KBS
2023-11-30 07:00:00,56513.0,56713.0,56248.0,56248.0,927600,KBS
2023-12-01 07:00:00,56381.0,56447.0,55849.0,56447.0,714700,KBS
2023-12-04 07:00:00,56713.0,57244.0,56314.0,57111.0,888100,KBS
2023-12-05 07:00:00,57111.0,57178.0,56314.0,56713.0,992800,KBS
2023-12-06 07:00:00,56646.0,57111.0,56447.0,57045.0,638000,KBS
2023-12-07 07:00:00,56912.0,57111.0,56447.0,56580.0,992300,KBS
2023-12-08 07:00:00,56580.0,56779.0,56447.0,56447.0,1183000,KBS
2023-12-11 07:00:00,56447.0,56646.0,55849.0,55916.0,1400000,KBS
2023-12-12 07:00:00,56248.0,56248.0,55783.0,55916.0,1006400,KBS
2023-12-13 07:00:00,55916.0,56115.0,55584.0,55584.0,1152900,KBS
2023-12-14 07:00:00,55783.0,56115.0,55783.0,56049.0,840600,KBS
2023-12-15 07:00:00,55783.0,56049.0,54588.0,54588.0,2530300,KBS
2023-12-18 07:00:00,54986.0,55052.0,54123.0,54123.0,1804000,KBS
2023-12-19 07:00:00,54123.0,54123.0,53193.0,53924.0,1961300,KBS
2023-12-20 07:00:00,53924.0,53990.0,53459.0,53857.0,1872300,KBS
2023-12-21 07:00:00,53791.0,53791.0,53326.0,53724.0,2030300,KBS
2023-12-22 07:00:00,53724.0,53857.0,53392.0,53724.0,1579800,KBS
2023-12-25 07:00:00,53724.0,54322.0,53591.0,54322.0,1301600,KBS
2023-12-26 07:00:00,54455.0,54986.0,54455.0,54986.0,971200,KBS
2023-12-27 07:00:00,55052.0,55252.0,54787.0,54920.0,899600,KBS
2023-12-28 07:00:00,54920.0,55185.0,54720.0,54986.0,703200,KBS
2023-12-29 07:00:00,55451.0,55717.0,53326.0,53326.0,1621700,KBS
2024-01-02 07:00:00,55052.0,55517.0,54588.0,55451.0,1785800,KBS
2024-01-03 07:00:00,55451.0,56115.0,54986.0,56115.0,1373000,KBS
2024-01-04 07:00:00,56115.0,57244.0,55783.0,57045.0,2657900,KBS
2024-01-05 07:00:00,57045.0,57244.0,56912.0,57244.0,1180300,KBS
2024-01-08 07:00:00,57310.0,57642.0,57310.0,57642.0,1607800,KBS
2024-01-09 07:00:00,57642.0,58373.0,57642.0,58306.0,1926400,KBS
2024-01-10 07:00:00,58306.0,59435.0,57908.0,59435.0,1795400,KBS
2024-01-11 07:00:00,59435.0,59767.0,58838.0,59303.0,1489100,KBS
2024-01-12 07:00:00,58506.0,59435.0,58041.0,58904.0,1909500,KBS
2024-01-15 07:00:00,59103.0,59834.0,59037.0,59767.0,1914200,KBS
2024-01-16 07:00:00,59103.0,59834.0,59037.0,59767.0,1367200,KBS
2024-01-17 07:00:00,59103.0,60432.0,59103.0,60365.0,1578200,KBS
2024-01-18 07:00:00,60365.0,60564.0,59767.0,60498.0,1422900,KBS
2024-01-19 07:00:00,60432.0,61760.0,60033.0,61494.0,1472600,KBS
2024-01-22 07:00:00,62092.0,62092.0,61096.0,61096.0,1046300,KBS
2024-01-23 07:00:00,61162.0,61361.0,60033.0,60764.0,1256900,KBS
2024-01-24 07:00:00,60830.0,61096.0,60365.0,60498.0,744700,KBS
2024-01-25 07:00:00,60498.0,60830.0,60232.0,60432.0,503300,KBS
2024-01-26 07:00:00,60830.0,61096.0,60697.0,61096.0,953100,KBS
2024-01-29 07:00:00,60963.0,61096.0,60365.0,60564.0,730500,KBS
2024-01-30 07:00:00,60564.0,60564.0,59834.0,60432.0,888600,KBS
2024-01-31 07:00:00,60166.0,60166.0,58771.0,58771.0,945600,KBS
2024-02-01 07:00:00,58439.0,59900.0,58439.0,59635.0,598100,KBS
2024-02-02 07:00:00,59170.0,60100.0,59170.0,59967.0,733000,KBS
2024-02-05 07:00:00,59900.0,60166.0,59369.0,59767.0,1949000,KBS
2024-02-06 07:00:00,59967.0,60166.0,59170.0,59435.0,1352300,KBS
2024-02-07 07:00:00,59767.0,60299.0,59303.0,59767.0,1371400,KBS
2024-02-15 07:00:00,59767.0,60232.0,59170.0,59701.0,1046700,KBS
2024-02-16 07:00:00,59701.0,59900.0,59435.0,59502.0,734100,KBS
2024-02-19 07:00:00,59701.0,60100.0,59303.0,59900.0,1045300,KBS
2024-02-20 07:00:00,59834.0,60697.0,59369.0,60631.0,1404300,KBS
2024-02-21 07:00:00,60896.0,60896.0,60100.0,60564.0,1367400,KBS
2024-02-22 07:00:00,60166.0,60432.0,59435.0,59435.0,1223900,KBS
2024-02-23 07:00:00,59435.0,60697.0,59037.0,59037.0,1800900,KBS
2024-02-26 07:00:00,59037.0,59767.0,59037.0,59435.0,722000,KBS
2024-02-27 07:00:00,59502.0,60564.0,59170.0,60498.0,1604900,KBS
2024-02-28 07:00:00,60432.0,64682.0,60033.0,64682.0,4219900,KBS
2024-02-29 07:00:00,65412.0,66740.0,64615.0,64615.0,1897000,KBS
2024-03-01 07:00:00,65213.0,65213.0,63021.0,64615.0,2379600,KBS
2024-03-04 07:00:00,65080.0,65080.0,63486.0,63752.0,1640400,KBS
2024-03-05 07:00:00,64150.0,64150.0,63221.0,63420.0,1364800,KBS
2024-03-06 07:00:00,63420.0,64283.0,63154.0,63486.0,2070600,KBS
2024-03-07 07:00:00,63686.0,64682.0,63420.0,63619.0,2362300,KBS
2024-03-08 07:00:00,63686.0,64084.0,63154.0,63154.0,2229600,KBS
2024-03-11 07:00:00,63154.0,63752.0,62490.0,62490.0,1840000,KBS
2024-03-12 07:00:00,62490.0,63021.0,62424.0,62689.0,1107000,KBS
2024-03-13 07:00:00,63021.0,64084.0,62623.0,63752.0,3124500,KBS
2024-03-14 07:00:00,63752.0,63818.0,62822.0,63088.0,2319300,KBS
2024-03-15 07:00:00,63088.0,63088.0,62357.0,62424.0,2302500,KBS
2024-03-18 07:00:00,62623.0,62756.0,61428.0,61760.0,1839300,KBS
2024-03-19 07:00:00,61428.0,62092.0,61428.0,61428.0,868500,KBS
2024-03-20 07:00:00,61428.0,62490.0,61428.0,61893.0,897700,KBS
2024-03-21 07:00:00,62424.0,63420.0,62424.0,63221.0,1452700,KBS
2024-03-22 07:00:00,63221.0,64283.0,63221.0,64018.0,1844100,KBS
2024-03-25 07:00:00,63088.0,64350.0,62490.0,63553.0,1368800,KBS
2024-03-26 07:00:00,63752.0,64150.0,63619.0,63951.0,735400,KBS
2024-03-27 07:00:00,63885.0,63885.0,63486.0,63619.0,1046200,KBS
2024-03-28 07:00:00,63885.0,64018.0,63486.0,63553.0,1232800,KBS
2024-03-29 07:00:00,63686.0,63686.0,63021.0,63021.0,801200,KBS
2024-04-01 07:00:00,63021.0,63752.0,62889.0,63221.0,1221000,KBS
2024-04-02 07:00:00,63154.0,63221.0,62357.0,62756.0,969000,KBS
2024-04-03 07:00:00,62689.0,62955.0,62291.0,62291.0,1321100,KBS
2024-04-04 07:00:00,63021.0,63752.0,62689.0,63752.0,2022700,KBS
2024-04-05 07:00:00,62955.0,63486.0,62557.0,63021.0,779200,KBS
2024-04-08 07:00:00,63021.0,63287.0,62557.0,63021.0,864100,KBS
2024-04-09 07:00:00,63088.0,63354.0,62557.0,62623.0,686800,KBS
2024-04-10 07:00:00,62623.0,62822.0,62490.0,62756.0,737400,KBS
2024-04-11 07:00:00,62424.0,62822.0,62092.0,62424.0,778000,KBS
2024-04-12 07:00:00,62756.0,63420.0,62291.0,62822.0,844800,KBS
2024-04-15 07:00:00,62822.0,64084.0,61096.0,61096.0,1900300,KBS
2024-04-16 07:00:00,62291.0,62291.0,60100.0,60432.0,1857700,KBS
2024-04-17 07:00:00,60564.0,61162.0,59435.0,60100.0,1452600,KBS
2024-04-19 07:00:00,59767.0,60365.0,59568.0,60100.0,1324800,KBS
2024-04-22 07:00:00,60100.0,60697.0,59900.0,60166.0,999100,KBS
2024-04-23 07:00:00,60166.0,60564.0,59236.0,59834.0,1562900,KBS
2024-04-24 07:00:00,60432.0,60498.0,59834.0,60166.0,1925200,KBS
2024-04-25 07:00:00,60166.0,61693.0,60100.0,60432.0,1235700,KBS
2024-04-26 07:00:00,60896.0,61959.0,60564.0,60564.0,1698300,KBS
2024-05-02 07:00:00,61162.0,61428.0,60498.0,61029.0,932400,KBS
2024-05-03 07:00:00,61361.0,62025.0,60963.0,61428.0,1470700,KBS
2024-05-06 07:00:00,61693.0,61959.0,61560.0,61760.0,1147200,KBS
2024-05-07 07:00:00,62025.0,62490.0,61693.0,61693.0,1154200,KBS
2024-05-08 07:00:00,61560.0,61893.0,61162.0,61760.0,1246000,KBS
2024-05-09 07:00:00,61693.0,62025.0,61295.0,61428.0,606600,KBS
2024-05-10 07:00:00,61560.0,61560.0,60896.0,61096.0,823400,KBS
2024-05-13 07:00:00,61162.0,61361.0,60100.0,60432.0,1232600,KBS
2024-05-14 07:00:00,60498.0,60830.0,60100.0,60166.0,818400,KBS
2024-05-15 07:00:00,60432.0,60631.0,60299.0,60432.0,883100,KBS
2024-05-16 07:00:00,61096.0,61560.0,60764.0,61494.0,1713900,KBS
2024-05-17 07:00:00,61494.0,61494.0,60896.0,60963.0,1084700,KBS
2024-05-20 07:00:00,61295.0,61760.0,60963.0,61029.0,1043800,KBS
2024-05-21 07:00:00,61029.0,61096.0,60232.0,60498.0,1486400,KBS
2024-05-22 07:00:00,60764.0,60896.0,60232.0,60232.0,1347700,KBS
2024-05-23 07:00:00,60232.0,60764.0,60100.0,60432.0,1317500,KBS
2024-05-24 07:00:00,60432.0,60432.0,59767.0,59900.0,2241500,KBS
2024-05-27 07:00:00,60033.0,60166.0,59568.0,59900.0,1058500,KBS
2024-05-28 07:00:00,59635.0,60232.0,59635.0,60232.0,1350100,KBS
2024-05-29 07:00:00,60299.0,60432.0,59635.0,59635.0,1186300,KBS
2024-05-30 07:00:00,59435.0,59568.0,58771.0,58838.0,2356000,KBS
2024-05-31 07:00:00,58904.0,59103.0,57908.0,57908.0,3921500,KBS
2024-06-03 07:00:00,58439.0,59303.0,58439.0,58572.0,2108600,KBS
2024-06-04 07:00:00,59037.0,59236.0,58639.0,58904.0,1814600,KBS
2024-06-05 07:00:00,58904.0,59435.0,58838.0,58971.0,1882800,KBS
2024-06-06 07:00:00,59037.0,59568.0,58971.0,59103.0,1699700,KBS
2024-06-07 07:00:00,59170.0,59568.0,58771.0,58771.0,1129500,KBS
2024-06-10 07:00:00,59037.0,59236.0,58373.0,58439.0,2641600,KBS
2024-06-11 07:00:00,58639.0,58705.0,57842.0,57908.0,2252400,KBS
2024-06-12 07:00:00,58041.0,59236.0,57775.0,58904.0,2249800,KBS
2024-06-13 07:00:00,59037.0,59170.0,58705.0,58705.0,1600400,KBS
2024-06-14 07:00:00,58771.0,59170.0,58107.0,58107.0,2482100,KBS
2024-06-17 07:00:00,58174.0,58306.0,57842.0,57842.0,2293700,KBS
2024-06-18 07:00:00,58107.0,58771.0,57842.0,57842.0,1370900,KBS
2024-06-19 07:00:00,57974.0,58107.0,57443.0,57510.0,2174300,KBS
2024-06-20 07:00:00,57510.0,57510.0,56846.0,57111.0,2648800,KBS
2024-06-21 07:00:00,57178.0,57576.0,56779.0,57111.0,1808400,KBS
2024-06-24 07:00:00,57111.0,58041.0,56779.0,56779.0,2149800,KBS
2024-06-25 07:00:00,56912.0,57576.0,56779.0,56779.0,1565900,KBS
2024-06-26 07:00:00,57045.0,57310.0,56580.0,56580.0,1706900,KBS
2024-06-27 07:00:00,56580.0,57111.0,56580.0,56580.0,1423000,KBS
2024-06-28 07:00:00,57111.0,57111.0,56447.0,56580.0,1112400,KBS
2024-07-01 07:00:00,56978.0,57244.0,56580.0,57178.0,1179200,KBS
2024-07-02 07:00:00,57576.0,58971.0,57244.0,58572.0,2425200,KBS
2024-07-03 07:00:00,58439.0,58904.0,58306.0,58771.0,2250700,KBS
2024-07-04 07:00:00,58838.0,59568.0,58439.0,58439.0,3060300,KBS
2024-07-05 07:00:00,58506.0,59236.0,58439.0,58439.0,1847400,KBS
2024-07-08 07:00:00,58439.0,58904.0,57908.0,57908.0,1143800,KBS
2024-07-09 07:00:00,58107.0,58705.0,57576.0,58506.0,1549000,KBS
2024-07-10 07:00:00,58639.0,59236.0,58439.0,58838.0,1722900,KBS
2024-07-11 07:00:00,58838.0,59037.0,58506.0,58506.0,1445100,KBS
2024-07-12 07:00:00,58572.0,58838.0,58174.0,58174.0,1373400,KBS
2024-07-15 07:00:00,58174.0,58639.0,58107.0,58107.0,1172000,KBS
2024-07-16 07:00:00,58174.0,58838.0,58174.0,58373.0,1534100,KBS
2024-07-17 07:00:00,58971.0,59767.0,58107.0,58439.0,3362500,KBS
2024-07-18 07:00:00,58639.0,58971.0,58373.0,58439.0,1651700,KBS
2024-07-19 07:00:00,58439.0,58971.0,58107.0,58107.0,1323100,KBS
2024-07-22 07:00:00,58107.0,58639.0,57974.0,58240.0,1461100,KBS
2024-07-23 07:00:00,58306.0,58639.0,58107.0,58107.0,1410400,KBS
2024-07-24 07:00:00,58041.0,58506.0,58041.0,58107.0,1476700,KBS
2024-07-25 07:00:00,58174.0,58240.0,57908.0,57974.0,881000,KBS
2024-07-26 07:00:00,57974.0,58240.0,57908.0,57974.0,903300,KBS
2024-07-29 07:00:00,58174.0,58306.0,57974.0,57974.0,452800,KBS
2024-07-30 07:00:00,57974.0,58639.0,57974.0,58107.0,977800,KBS
2024-07-31 07:00:00,58107.0,59236.0,58107.0,59236.0,1863400,KBS
2024-08-01 07:00:00,59303.0,60697.0,59236.0,60232.0,4800600,KBS
2024-08-02 07:00:00,60033.0,60033.0,58904.0,58904.0,1511400,KBS
2024-08-05 07:00:00,58771.0,58771.0,57709.0,57709.0,3059700,KBS
2024-08-06 07:00:00,57709.0,58240.0,57576.0,57974.0,1653100,KBS
2024-08-07 07:00:00,58041.0,58240.0,57775.0,58240.0,713000,KBS
2024-08-08 07:00:00,58240.0,58240.0,57908.0,57974.0,961200,KBS
2024-08-09 07:00:00,58041.0,58639.0,58041.0,58240.0,1136700,KBS
2024-08-12 07:00:00,58705.0,58705.0,57974.0,58306.0,1060300,KBS
2024-08-13 07:00:00,58174.0,59435.0,58174.0,59435.0,1592900,KBS
2024-08-14 07:00:00,59303.0,59369.0,58306.0,58439.0,1492800,KBS
2024-08-15 07:00:00,58439.0,58971.0,58174.0,58174.0,921000,KBS
2024-08-16 07:00:00,58439.0,59037.0,58439.0,58506.0,1370400,KBS
2024-08-19 07:00:00,58971.0,59303.0,58639.0,58971.0,1655200,KBS
2024-08-20 07:00:00,59037.0,60299.0,59037.0,60299.0,3384300,KBS
2024-08-21 07:00:00,60299.0,61760.0,60033.0,61627.0,2745300,KBS
2024-08-22 07:00:00,61693.0,61893.0,61162.0,61361.0,1413500,KBS
2024-08-23 07:00:00,61428.0,61627.0,60100.0,61361.0,1075500,KBS
2024-08-26 07:00:00,61162.0,61494.0,60830.0,61096.0,1565800,KBS
2024-08-27 07:00:00,61096.0,61162.0,60365.0,60764.0,900600,KBS
2024-08-28 07:00:00,60896.0,61029.0,60498.0,60498.0,1031600,KBS
2024-08-29 07:00:00,60432.0,61361.0,60432.0,60764.0,1496300,KBS
2024-08-30 07:00:00,60764.0,61295.0,60764.0,60896.0,1669800,KBS
2024-09-04 07:00:00,60498.0,60498.0,59967.0,60432.0,1012700,KBS
2024-09-05 07:00:00,60166.0,60498.0,59834.0,59834.0,1184100,KBS
2024-09-06 07:00:00,59900.0,60299.0,59635.0,59900.0,784800,KBS
2024-09-09 07:00:00,59834.0,59900.0,59236.0,59900.0,702800,KBS
2024-09-10 07:00:00,59834.0,59900.0,59103.0,59103.0,1192200,KBS
2024-09-11 07:00:00,58838.0,59103.0,58439.0,58705.0,1027300,KBS
2024-09-12 07:00:00,58771.0,59834.0,58705.0,59435.0,1609600,KBS
2024-09-13 07:00:00,59635.0,59900.0,59170.0,59701.0,1624800,KBS
2024-09-16 07:00:00,59502.0,59767.0,58971.0,59037.0,727700,KBS
2024-09-17 07:00:00,59103.0,60100.0,58838.0,60100.0,970800,KBS
2024-09-18 07:00:00,60166.0,61029.0,59568.0,60432.0,1721200,KBS
2024-09-19 07:00:00,60432.0,60896.0,60365.0,60764.0,1345500,KBS
2024-09-20 07:00:00,60963.0,61096.0,60166.0,60166.0,2180400,KBS
2024-09-23 07:00:00,60631.0,60830.0,60365.0,60365.0,696500,KBS
2024-09-24 07:00:00,60365.0,60764.0,60365.0,60564.0,522400,KBS
2024-09-25 07:00:00,60764.0,61760.0,60564.0,61627.0,2602400,KBS
2024-09-26 07:00:00,61693.0,62291.0,61428.0,61428.0,1816800,KBS
2024-09-27 07:00:00,61428.0,62158.0,61428.0,61428.0,1070900,KBS
2024-09-30 07:00:00,61428.0,61428.0,61096.0,61096.0,1276900,KBS
2024-10-01 07:00:00,61295.0,62025.0,61096.0,61096.0,1724400,KBS
2024-10-02 07:00:00,61295.0,61560.0,60963.0,61560.0,1378900,KBS
2024-10-03 07:00:00,61494.0,62357.0,61361.0,61494.0,1699200,KBS
2024-10-04 07:00:00,61428.0,61627.0,61295.0,61295.0,859700,KBS
2024-10-07 07:00:00,61295.0,61428.0,60963.0,61096.0,610700,KBS
2024-10-08 07:00:00,61096.0,61096.0,60432.0,60764.0,1123100,KBS
2024-10-09 07:00:00,60631.0,60963.0,60365.0,60432.0,2175700,KBS
2024-10-10 07:00:00,61295.0,61760.0,60564.0,61029.0,1325200,KBS
2024-10-11 07:00:00,61029.0,61029.0,60564.0,60764.0,1083500,KBS
2024-10-14 07:00:00,61228.0,61228.0,60631.0,60697.0,930700,KBS
2024-10-15 07:00:00,60631.0,61162.0,60631.0,60697.0,1430600,KBS
2024-10-16 07:00:00,60697.0,60963.0,60631.0,60764.0,1293000,KBS
2024-10-17 07:00:00,61096.0,61295.0,60896.0,61228.0,1285400,KBS
2024-10-18 07:00:00,61560.0,61826.0,61096.0,61361.0,1162700,KBS
2024-10-21 07:00:00,61428.0,61959.0,61096.0,61096.0,1423100,KBS
2024-10-22 07:00:00,61096.0,61228.0,60697.0,60697.0,1259500,KBS
2024-10-23 07:00:00,60564.0,60963.0,60564.0,60764.0,749300,KBS
2024-10-24 07:00:00,61228.0,61295.0,60697.0,60896.0,755400,KBS
2024-10-25 07:00:00,61162.0,61295.0,60896.0,60963.0,996300,KBS
2024-10-28 07:00:00,60764.0,61295.0,60764.0,61096.0,1105800,KBS
2024-10-29 07:00:00,61162.0,61494.0,61096.0,61096.0,1297600,KBS
2024-10-30 07:00:00,61096.0,61361.0,60830.0,60896.0,626500,KBS
2024-10-31 07:00:00,60764.0,63088.0,60764.0,62158.0,2888900,KBS
2024-11-01 07:00:00,62424.0,63021.0,62092.0,62092.0,1729900,KBS
2024-11-04 07:00:00,62424.0,63287.0,61361.0,61428.0,1853600,KBS
2024-11-05 07:00:00,61494.0,61760.0,61096.0,61494.0,1082700,KBS
2024-11-06 07:00:00,61627.0,62025.0,61627.0,61693.0,1416800,KBS
2024-11-07 07:00:00,61893.0,62357.0,61893.0,61893.0,1418900,KBS
2024-11-08 07:00:00,62092.0,62357.0,61228.0,61228.0,1380000,KBS
2024-11-11 07:00:00,61627.0,61627.0,61029.0,61096.0,1873400,KBS
2024-11-12 07:00:00,61096.0,61893.0,61029.0,61029.0,1336300,KBS
2024-11-13 07:00:00,61029.0,61693.0,61029.0,61428.0,1331800,KBS
2024-11-14 07:00:00,61096.0,61428.0,61029.0,61096.0,1719700,KBS
2024-11-15 07:00:00,61096.0,61428.0,60830.0,60896.0,1508600,KBS
2024-11-18 07:00:00,60896.0,61295.0,60365.0,60432.0,1874900,KBS
2024-11-19 07:00:00,60764.0,60830.0,59767.0,59767.0,1577000,KBS
2024-11-20 07:00:00,59767.0,60564.0,59701.0,59967.0,1640700,KBS
2024-11-21 07:00:00,60033.0,60631.0,59900.0,60100.0,1461100,KBS
2024-11-22 07:00:00,60432.0,60631.0,60166.0,60166.0,1729700,KBS
2024-11-25 07:00:00,60365.0,61228.0,60365.0,60631.0,1814000,KBS
2024-11-26 07:00:00,60697.0,61693.0,60697.0,61361.0,1759900,KBS
2024-11-27 07:00:00,61295.0,61893.0,61295.0,61560.0,1047200,KBS
2024-11-28 07:00:00,61826.0,62092.0,61428.0,61494.0,1289900,KBS
2024-11-29 07:00:00,61494.0,61959.0,61428.0,61959.0,1010500,KBS
2024-12-02 07:00:00,63021.0,63154.0,62357.0,62557.0,1573100,KBS
2024-12-03 07:00:00,62689.0,62689.0,61494.0,61760.0,2445800,KBS
2024-12-04 07:00:00,61627.0,62357.0,61428.0,62092.0,1204400,KBS
2024-12-05 07:00:00,61760.0,62822.0,61760.0,62424.0,2333000,KBS
2024-12-06 07:00:00,62424.0,63287.0,62357.0,62557.0,1700100,KBS
2024-12-09 07:00:00,62557.0,63287.0,62357.0,63287.0,1957500,KBS
2024-12-10 07:00:00,63287.0,63287.0,62756.0,62756.0,912700,KBS
2024-12-11 07:00:00,62756.0,62955.0,61893.0,61959.0,1609700,KBS
2024-12-12 07:00:00,62092.0,62689.0,62092.0,62092.0,671500,KBS
2024-12-13 07:00:00,61893.0,62158.0,61693.0,61826.0,1227700,KBS
2024-12-16 07:00:00,61760.0,61893.0,61693.0,61826.0,1121800,KBS
2024-12-17 07:00:00,61760.0,61826.0,61627.0,61760.0,1048100,KBS
2024-12-18 07:00:00,61760.0,61959.0,61760.0,61826.0,530300,KBS
2024-12-19 07:00:00,61627.0,61627.0,61228.0,61361.0,1869700,KBS
2024-12-20 07:00:00,61361.0,61693.0,61295.0,61428.0,1245900,KBS
2024-12-23 07:00:00,61494.0,61627.0,61361.0,61361.0,707200,KBS
2024-12-24 07:00:00,61560.0,61627.0,61096.0,61162.0,1024300,KBS
2024-12-25 07:00:00,61228.0,62291.0,61228.0,61361.0,1827700,KBS
2024-12-26 07:00:00,61428.0,61627.0,61096.0,61162.0,2202900,KBS
2024-12-27 07:00:00,61428.0,61760.0,61228.0,61228.0,1639900,KBS
2024-12-30 07:00:00,61228.0,61428.0,61096.0,61096.0,1706700,KBS
2024-12-31 07:00:00,61228.0,61361.0,60564.0,60564.0,2374000,KBS
2025-01-02 07:00:00,60830.0,61428.0,60764.0,61029.0,1630500,KBS
2025-01-03 07:00:00,61029.0,61361.0,61029.0,61096.0,1402200,KBS
2025-01-06 07:00:00,61096.0,62025.0,61029.0,61693.0,1936800,KBS
2025-01-07 07:00:00,61893.0,61893.0,61295.0,61295.0,1252400,KBS
2025-01-08 07:00:00,61295.0,61361.0,60764.0,61361.0,1052000,KBS
2025-01-09 07:00:00,61096.0,61228.0,60896.0,61029.0,738300,KBS
2025-01-10 07:00:00,61029.0,61361.0,60697.0,60697.0,1112500,KBS
2025-01-13 07:00:00,60631.0,61029.0,60498.0,61029.0,937600,KBS
2025-01-14 07:00:00,61029.0,61029.0,60564.0,60896.0,677300,KBS
2025-01-15 07:00:00,61029.0,61029.0,60697.0,60697.0,445300,KBS
2025-01-16 07:00:00,61029.0,61893.0,60963.0,61560.0,2460200,KBS
2025-01-17 07:00:00,61560.0,61760.0,61228.0,61428.0,1122600,KBS
2025-01-20 07:00:00,61295.0,61428.0,60830.0,60896.0,1761500,KBS
2025-01-21 07:00:00,61162.0,61162.0,60631.0,60697.0,1264900,KBS
2025-01-22 07:00:00,61096.0,61096.0,60564.0,60564.0,979100,KBS
2025-01-23 07:00:00,60631.0,61693.0,60631.0,61428.0,1685100,KBS
2025-01-24 07:00:00,61162.0,61760.0,61162.0,61494.0,944000,KBS
2025-02-03 07:00:00,61295.0,61361.0,60830.0,60830.0,1435800,KBS
2025-02-04 07:00:00,61162.0,61228.0,60896.0,61096.0,855200,KBS
2025-02-05 07:00:00,61096.0,61627.0,61096.0,61494.0,1345800,KBS
2025-02-06 07:00:00,61627.0,62025.0,61560.0,61693.0,1351600,KBS
2025-02-07 07:00:00,61693.0,61893.0,61428.0,61760.0,2260900,KBS
2025-02-10 07:00:00,61693.0,61693.0,61029.0,61228.0,2298100,KBS
2025-02-11 07:00:00,61228.0,61295.0,60896.0,61029.0,1039400,KBS
2025-02-12 07:00:00,61029.0,61428.0,60764.0,60764.0,1054100,KBS
2025-02-13 07:00:00,61029.0,61029.0,60697.0,60830.0,862300,KBS
2025-02-14 07:00:00,61228.0,61228.0,60764.0,60830.0,947800,KBS
2025-02-17 07:00:00,60764.0,61096.0,60764.0,60830.0,787100,KBS
2025-02-18 07:00:00,60830.0,61096.0,60697.0,60830.0,1065500,KBS
2025-02-19 07:00:00,60830.0,60896.0,60631.0,60896.0,1509500,KBS
2025-02-20 07:00:00,61228.0,61295.0,60896.0,60896.0,1636600,KBS
2025-02-21 07:00:00,61162.0,61826.0,61162.0,61826.0,2513400,KBS
2025-02-24 07:00:00,61959.0,62092.0,61560.0,62092.0,1956000,KBS
2025-02-25 07:00:00,62092.0,62158.0,61428.0,61494.0,1926600,KBS
2025-02-26 07:00:00,61494.0,61693.0,61228.0,61295.0,769200,KBS
2025-02-27 07:00:00,63021.0,63354.0,62424.0,62424.0,5028800,KBS
2025-02-28 07:00:00,62557.0,62557.0,61959.0,61959.0,2070800,KBS
2025-03-03 07:00:00,62092.0,62092.0,61760.0,61959.0,1251000,KBS
2025-03-04 07:00:00,61893.0,62025.0,61560.0,61760.0,2498900,KBS
2025-03-05 07:00:00,61760.0,62291.0,61760.0,61760.0,1820200,KBS
2025-03-06 07:00:00,62092.0,62557.0,61893.0,62092.0,2357600,KBS
2025-03-07 07:00:00,62158.0,63287.0,62092.0,63154.0,3999500,KBS
2025-03-10 07:00:00,64018.0,64682.0,63818.0,64283.0,4428800,KBS
2025-03-11 07:00:00,63752.0,64283.0,63486.0,64283.0,3640200,KBS
2025-03-12 07:00:00,65575.0,68158.0,65177.0,66270.0,7560300,KBS
2025-03-13 07:00:00,66767.0,66767.0,64780.0,65078.0,4496300,KBS
2025-03-14 07:00:00,64979.0,66370.0,64979.0,65575.0,4920600,KBS
2025-03-17 07:00:00,65575.0,66867.0,65575.0,66867.0,4940800,KBS
2025-03-18 07:00:00,67363.0,67363.0,66370.0,66370.0,3656000,KBS
2025-03-19 07:00:00,66767.0,66767.0,66072.0,66072.0,3674000,KBS
2025-03-20 07:00:00,66072.0,66568.0,65774.0,66370.0,1688900,KBS
2025-03-21 07:00:00,66568.0,66568.0,65575.0,65575.0,1701500,KBS
2025-03-24 07:00:00,65873.0,66072.0,65078.0,66072.0,1977600,KBS
2025-03-25 07:00:00,66072.0,66171.0,65774.0,65774.0,2028100,KBS
2025-03-26 07:00:00,65972.0,66171.0,65376.0,65376.0,1507400,KBS
2025-03-27 07:00:00,65376.0,65476.0,65078.0,65078.0,901500,KBS
2025-03-28 07:00:00,65078.0,65277.0,64383.0,64383.0,1650600,KBS
2025-03-31 07:00:00,64283.0,64780.0,63588.0,63588.0,1771900,KBS
2025-04-01 07:00:00,64283.0,64879.0,63588.0,64085.0,1715200,KBS
2025-04-02 07:00:00,64581.0,65575.0,64184.0,64383.0,2330700,KBS
2025-04-03 07:00:00,63588.0,63985.0,59912.0,59912.0,9806100,KBS
2025-04-04 07:00:00,56335.0,59614.0,55838.0,59614.0,11887700,KBS
2025-04-08 07:00:00,59415.0,59415.0,55441.0,55441.0,7181200,KBS
2025-04-09 07:00:00,51665.0,59315.0,51665.0,52162.0,8995800,KBS
2025-04-10 07:00:00,55739.0,55739.0,55739.0,55739.0,174400,KBS
2025-04-11 07:00:00,59415.0,59514.0,57626.0,59415.0,8059500,KBS
2025-04-14 07:00:00,59614.0,59614.0,58322.0,58918.0,3619500,KBS
2025-04-15 07:00:00,58719.0,60508.0,57924.0,59614.0,5633100,KBS
2025-04-16 07:00:00,59315.0,59912.0,58620.0,58918.0,2625800,KBS
2025-04-17 07:00:00,58918.0,58918.0,57726.0,57726.0,3151800,KBS
2025-04-18 07:00:00,58322.0,59216.0,57726.0,57726.0,2165400,KBS
2025-04-21 07:00:00,58123.0,58521.0,57726.0,57825.0,1290500,KBS
2025-04-22 07:00:00,57726.0,58421.0,54348.0,58123.0,3850700,KBS
2025-04-23 07:00:00,59017.0,59017.0,57626.0,57626.0,1928700,KBS
2025-04-24 07:00:00,57825.0,58223.0,57626.0,57825.0,1861200,KBS
2025-04-25 07:00:00,57825.0,58620.0,57130.0,57130.0,3682000,KBS
2025-04-28 07:00:00,57328.0,57924.0,57130.0,57130.0,1654600,KBS
2025-04-29 07:00:00,57328.0,58123.0,56931.0,56931.0,2432200,KBS
2025-05-05 07:00:00,57130.0,57626.0,56633.0,56732.0,2101500,KBS
2025-05-06 07:00:00,56931.0,57626.0,56633.0,56633.0,2992900,KBS
2025-05-07 07:00:00,56732.0,57130.0,56633.0,56633.0,2415400,KBS
2025-05-08 07:00:00,57030.0,57328.0,56534.0,56732.0,3022300,KBS
2025-05-09 07:00:00,56931.0,57229.0,56235.0,56235.0,5827400,KBS
2025-05-12 07:00:00,56633.0,56931.0,55838.0,56235.0,5992500,KBS
2025-05-13 07:00:00,56732.0,56931.0,56235.0,56434.0,7392600,KBS
2025-05-14 07:00:00,56832.0,58421.0,56832.0,58322.0,8014200,KBS
2025-05-15 07:00:00,58918.0,59415.0,58322.0,58322.0,8070600,KBS
2025-05-16 07:00:00,58421.0,58620.0,57130.0,57130.0,8364800,KBS
2025-05-19 07:00:00,57030.0,57229.0,56633.0,56633.0,4784400,KBS
2025-05-20 07:00:00,56633.0,57030.0,56434.0,56732.0,3867000,KBS
2025-05-21 07:00:00,57130.0,57527.0,56633.0,56732.0,5161800,KBS
2025-05-22 07:00:00,56732.0,57030.0,56534.0,56534.0,3694300,KBS
2025-05-23 07:00:00,56534.0,57130.0,56335.0,56434.0,3546500,KBS
2025-05-26 07:00:00,56534.0,56633.0,55639.0,56633.0,4728300,KBS
2025-05-27 07:00:00,56434.0,56832.0,56335.0,56434.0,5548900,KBS
2025-05-28 07:00:00,56732.0,57229.0,56434.0,56434.0,4950200,KBS
2025-05-29 07:00:00,56832.0,56832.0,56335.0,56335.0,3904500,KBS
2025-05-30 07:00:00,56434.0,56534.0,56037.0,56037.0,3934000,KBS
2025-06-02 07:00:00,56136.0,56136.0,55739.0,55838.0,3225700,KBS
2025-06-03 07:00:00,56335.0,56534.0,56037.0,56434.0,3364000,KBS
2025-06-04 07:00:00,56534.0,56633.0,56136.0,56235.0,2690500,KBS
2025-06-05 07:00:00,56335.0,56434.0,55937.0,55937.0,2783100,KBS
2025-06-06 07:00:00,55937.0,56235.0,55739.0,55739.0,2531900,KBS
2025-06-09 07:00:00,55838.0,56037.0,55540.0,55540.0,2223900,KBS
2025-06-10 07:00:00,55639.0,55838.0,55540.0,55540.0,2231400,KBS
2025-06-11 07:00:00,55838.0,55838.0,55341.0,55341.0,2295800,KBS
2025-06-12 07:00:00,55639.0,55739.0,55341.0,55639.0,2560800,KBS
2025-06-13 07:00:00,55540.0,56732.0,55242.0,55838.0,5364900,KBS
2025-06-16 07:00:00,55838.0,56335.0,55838.0,56235.0,4336600,KBS
2025-06-17 07:00:00,56534.0,57130.0,56434.0,56832.0,5159800,KBS
2025-06-18 07:00:00,56832.0,56931.0,56136.0,56335.0,3421100,KBS
2025-06-19 07:00:00,56335.0,56633.0,56136.0,56235.0,2368700,KBS
2025-06-20 07:00:00,56335.0,56832.0,56136.0,56732.0,6886500,KBS
2025-06-23 07:00:00,56335.0,56534.0,56136.0,56235.0,2480600,KBS
2025-06-24 07:00:00,56534.0,56732.0,56235.0,56235.0,3507600,KBS
2025-06-25 07:00:00,56434.0,56534.0,56235.0,56235.0,2739800,KBS
2025-06-26 07:00:00,56335.0,56434.0,56037.0,56037.0,2842900,KBS
2025-06-27 07:00:00,56235.0,56931.0,56037.0,56335.0,4082600,KBS
2025-06-30 07:00:00,56633.0,56832.0,56534.0,56633.0,2952200,KBS
2025-07-01 07:00:00,56832.0,58421.0,56732.0,57825.0,10049500,KBS
2025-07-02 07:00:00,57924.0,58223.0,57328.0,57626.0,2913600,KBS
2025-07-03 07:00:00,57726.0,58421.0,57328.0,57527.0,7395300,KBS
2025-07-04 07:00:00,57527.0,58421.0,57428.0,58024.0,4849800,KBS
2025-07-07 07:00:00,58123.0,58521.0,57825.0,58223.0,8056200,KBS
2025-07-08 07:00:00,58421.0,59117.0,58223.0,58620.0,10394500,KBS
2025-07-09 07:00:00,59017.0,61402.0,59017.0,61104.0,16449700,KBS
2025-07-10 07:00:00,61402.0,61402.0,60607.0,61005.0,8152900,KBS
2025-07-11 07:00:00,61104.0,62694.0,61104.0,62296.0,12701900,KBS
2025-07-14 07:00:00,62495.0,62495.0,60607.0,61998.0,6475000,KBS
2025-07-15 07:00:00,61998.0,62197.0,61005.0,61005.0,6315400,KBS
2025-07-16 07:00:00,61005.0,61700.0,60706.0,61402.0,7603200,KBS
2025-07-17 07:00:00,61402.0,62296.0,61402.0,61799.0,9992700,KBS
2025-07-18 07:00:00,61899.0,62197.0,61402.0,61501.0,6915300,KBS
2025-07-21 07:00:00,61799.0,62296.0,60905.0,60905.0,6138200,KBS
2025-07-22 07:00:00,60905.0,61799.0,60508.0,61799.0,4902600,KBS
2025-07-23 07:00:00,62097.0,62197.0,61402.0,61700.0,5087300,KBS
2025-07-24 07:00:00,61799.0,63091.0,61501.0,61700.0,8710200,KBS
2025-07-25 07:00:00,61700.0,62097.0,61501.0,61601.0,4978400,KBS
2025-07-28 07:00:00,61799.0,62594.0,61700.0,62396.0,10484700,KBS
2025-07-29 07:00:00,62793.0,62793.0,60607.0,60607.0,10595600,KBS
2025-07-30 07:00:00,60607.0,61501.0,60011.0,60508.0,7271000,KBS
2025-07-31 07:00:00,61104.0,61303.0,59713.0,59812.0,6066900,KBS
2025-08-01 07:00:00,59912.0,60210.0,59315.0,59812.0,4751600,KBS
2025-08-04 07:00:00,59713.0,61005.0,59614.0,60706.0,4462400,KBS
2025-08-05 07:00:00,61104.0,63290.0,60806.0,61104.0,18590000,KBS
2025-08-06 07:00:00,61700.0,62396.0,61501.0,61899.0,4677500,KBS
2025-08-07 07:00:00,62495.0,62495.0,60905.0,61303.0,9498700,KBS
2025-08-08 07:00:00,61799.0,62892.0,61203.0,61501.0,10679800,KBS
2025-08-11 07:00:00,61700.0,62793.0,61700.0,62097.0,7266300,KBS
2025-08-12 07:00:00,62396.0,64383.0,62296.0,62594.0,12129000,KBS
2025-08-13 07:00:00,63091.0,63190.0,61601.0,62097.0,7519800,KBS
2025-08-14 07:00:00,63290.0,65873.0,62892.0,64780.0,19003100,KBS
2025-08-15 07:00:00,66966.0,67065.0,63786.0,63886.0,16667800,KBS
2025-08-18 07:00:00,64383.0,65177.0,63588.0,64085.0,8297300,KBS
2025-08-19 07:00:00,64085.0,64979.0,63786.0,63786.0,9191400,KBS
2025-08-20 07:00:00,64085.0,64184.0,61799.0,62594.0,10537600,KBS
2025-08-21 07:00:00,62892.0,64581.0,62892.0,63786.0,9639300,KBS
2025-08-22 07:00:00,63588.0,66767.0,63290.0,64184.0,18944300,KBS
2025-08-25 07:00:00,65376.0,65376.0,62992.0,63190.0,7750800,KBS
2025-08-26 07:00:00,63190.0,64581.0,62495.0,64184.0,7988400,KBS
2025-08-27 07:00:00,64581.0,68655.0,64581.0,68655.0,31048100,KBS
2025-08-28 07:00:00,69052.0,70145.0,68258.0,68556.0,8799400,KBS
2025-08-29 07:00:00,68754.0,69648.0,68059.0,68158.0,14696100,KBS
2025-09-03 07:00:00,68357.0,68357.0,66568.0,66568.0,14216900,KBS
2025-09-04 07:00:00,67065.0,68556.0,66469.0,68456.0,8942100,KBS
2025-09-05 07:00:00,69052.0,69152.0,67065.0,67065.0,11047800,KBS
2025-09-08 07:00:00,66668.0,67065.0,64879.0,64879.0,11249800,KBS
2025-09-09 07:00:00,65078.0,65774.0,64085.0,64482.0,6192300,KBS
2025-09-10 07:00:00,65177.0,65575.0,64383.0,65376.0,5006400,KBS
2025-09-11 07:00:00,65177.0,65575.0,63786.0,65277.0,6349100,KBS
2025-09-12 07:00:00,65774.0,65774.0,64581.0,65376.0,5694200,KBS
2025-09-15 07:00:00,65575.0,65575.0,65078.0,65376.0,5367400,KBS
2025-09-16 07:00:00,65575.0,66171.0,65177.0,65177.0,6765400,KBS
2025-09-17 07:00:00,65078.0,65376.0,64383.0,64383.0,5627200,KBS
2025-09-18 07:00:00,64482.0,64482.0,63190.0,63488.0,8783400,KBS
2025-09-19 07:00:00,63786.0,64085.0,62594.0,62594.0,6932700,KBS
2025-09-22 07:00:00,62594.0,62793.0,61402.0,61601.0,6061300,KBS
2025-09-23 07:00:00,61998.0,62694.0,61799.0,61799.0,3267800,KBS
2025-09-24 07:00:00,61998.0,62296.0,61402.0,62296.0,3879200,KBS
2025-09-25 07:00:00,62892.0,62992.0,62296.0,62594.0,3870300,KBS
2025-09-26 07:00:00,62793.0,62992.0,62495.0,62594.0,3981900,KBS
2025-09-29 07:00:00,62495.0,62495.0,61998.0,62197.0,2782900,KBS
2025-09-30 07:00:00,62396.0,62495.0,61402.0,61601.0,4104100,KBS
2025-10-01 07:00:00,62296.0,62296.0,61601.0,61998.0,3022000,KBS
2025-10-02 07:00:00,61998.0,62694.0,61700.0,61700.0,3657500,KBS
2025-10-03 07:00:00,62000.0,62000.0,61400.0,61700.0,2821100,KBS
2025-10-06 07:00:00,62800.0,64000.0,62800.0,64000.0,7461700,KBS
2025-10-07 07:00:00,64100.0,64100.0,63300.0,63700.0,4229300,KBS
2025-10-08 07:00:00,64200.0,64900.0,63600.0,64600.0,8113800,KBS
2025-10-09 07:00:00,64500.0,65200.0,63800.0,63800.0,5734200,KBS
2025-10-10 07:00:00,63900.0,64400.0,63600.0,64200.0,4985600,KBS
2025-10-13 07:00:00,63400.0,63800.0,62800.0,63100.0,7992500,KBS
2025-10-14 07:00:00,63500.0,64000.0,62900.0,63100.0,7008900,KBS
2025-10-15 07:00:00,63100.0,63400.0,62500.0,62500.0,5218800,KBS
2025-10-16 07:00:00,62700.0,63000.0,62500.0,62900.0,4634400,KBS
2025-10-17 07:00:00,62900.0,62900.0,61800.0,61900.0,5405900,KBS
2025-10-20 07:00:00,61800.0,62200.0,58600.0,59400.0,12115600,KBS
2025-10-21 07:00:00,59700.0,60700.0,59300.0,59300.0,8416700,KBS
2025-10-22 07:00:00,60100.0,60200.0,58500.0,59600.0,4664800,KBS
2025-10-23 07:00:00,58900.0,60300.0,58900.0,59800.0,4227100,KBS
2025-10-24 07:00:00,59800.0,59900.0,58800.0,59500.0,4372700,KBS
2025-10-27 07:00:00,60000.0,60000.0,59200.0,59200.0,2640000,KBS
2025-10-28 07:00:00,59200.0,60200.0,59100.0,60000.0,2789700,KBS
2025-10-29 07:00:00,60000.0,61000.0,59800.0,60700.0,3716000,KBS
2025-10-30 07:00:00,61000.0,61200.0,60300.0,60600.0,1946600,KBS
2025-10-31 07:00:00,60800.0,60800.0,59600.0,59600.0,2117800,KBS
2025-11-03 07:00:00,60000.0,60300.0,59300.0,59300.0,2800100,KBS
2025-11-04 07:00:00,59200.0,60400.0,59100.0,60100.0,2952400,KBS
2025-11-05 07:00:00,60000.0,61100.0,59900.0,60800.0,4601700,KBS
2025-11-06 07:00:00,60900.0,61300.0,60200.0,60300.0,2821200,KBS
2025-11-07 07:00:00,60000.0,60000.0,59000.0,59300.0,3586300,KBS
2025-11-10 07:00:00,59400.0,59700.0,58800.0,58800.0,2316500,KBS
2025-11-11 07:00:00,59100.0,59600.0,58800.0,58900.0,2540900,KBS
2025-11-12 07:00:00,59100.0,59700.0,59000.0,59500.0,2012700,KBS
2025-11-13 07:00:00,59500.0,60000.0,59200.0,59800.0,2113500,KBS
2025-11-14 07:00:00,59800.0,60400.0,59400.0,60000.0,2069600,KBS
2025-11-17 07:00:00,60000.0,60400.0,59900.0,60200.0,1585600,KBS
2025-11-18 07:00:00,60400.0,60400.0,59800.0,59900.0,2158800,KBS
2025-11-19 07:00:00,59900.0,60100.0,59300.0,59400.0,2896200,KBS
2025-11-20 07:00:00,59600.0,59700.0,59200.0,59400.0,2259400,KBS
2025-11-21 07:00:00,59100.0,59200.0,58700.0,59000.0,3452400,KBS
2025-11-24 07:00:00,59000.0,59300.0,58700.0,58800.0,2025600,KBS
2025-11-25 07:00:00,58900.0,59000.0,58200.0,58200.0,2755000,KBS
2025-11-26 07:00:00,58500.0,58600.0,57800.0,58100.0,5371200,KBS
2025-11-27 07:00:00,58200.0,58500.0,57900.0,57900.0,3113500,KBS
2025-11-28 07:00:00,58000.0,58100.0,57400.0,57400.0,3534300,KBS
2025-12-01 07:00:00,57600.0,58000.0,57500.0,57500.0,2824900,KBS
2025-12-02 07:00:00,57500.0,57800.0,57200.0,57600.0,3185600,KBS
2025-12-03 07:00:00,57800.0,59100.0,57800.0,58900.0,6161200,KBS
2025-12-04 07:00:00,59000.0,59400.0,58700.0,58900.0,2923100,KBS
2025-12-05 07:00:00,59000.0,59200.0,58200.0,58300.0,3604700,KBS
2025-12-08 07:00:00,58200.0,58300.0,57800.0,57900.0,2141500,KBS
2025-12-09 07:00:00,57900.0,58700.0,57300.0,58000.0,4519400,KBS
2025-12-10 07:00:00,58300.0,58600.0,57800.0,58200.0,3082500,KBS
2025-12-11 07:00:00,58400.0,58400.0,57600.0,57600.0,1746700,KBS
2025-12-12 07:00:00,57800.0,57800.0,56800.0,56800.0,4847700,KBS
2025-12-15 07:00:00,56800.0,57300.0,56700.0,56800.0,3203100,KBS
2025-12-16 07:00:00,56900.0,57400.0,56000.0,56900.0,6346800,KBS
2025-12-17 07:00:00,57000.0,57500.0,56700.0,56700.0,2331200,KBS
2025-12-18 07:00:00,57200.0,57500.0,56700.0,56800.0,3075800,KBS
2025-12-19 07:00:00,57000.0,57500.0,56700.0,57500.0,4265500,KBS
2025-12-22 07:00:00,57700.0,58000.0,57300.0,57800.0,2961200,KBS
2025-12-23 07:00:00,57800.0,58100.0,57000.0,57200.0,3147900,KBS
2025-12-24 07:00:00,57300.0,57300.0,56900.0,57000.0,4431500,KBS
2025-12-25 07:00:00,57000.0,57900.0,57000.0,57100.0,3968100,KBS
2025-12-26 07:00:00,57100.0,57400.0,56600.0,57100.0,3302500,KBS
2025-12-29 07:00:00,57400.0,57500.0,57100.0,57100.0,2099700,KBS
2025-12-30 07:00:00,57300.0,58100.0,57200.0,57300.0,2958000,KBS
2025-12-31 07:00:00,57400.0,57900.0,57300.0,57500.0,2530800,KBS
2026-01-05 07:00:00,57500.0,57600.0,57000.0,57100.0,3591800,KBS
2026-01-06 07:00:00,57100.0,57500.0,56600.0,57300.0,4173200,KBS
2026-01-07 07:00:00,57600.0,59900.0,57500.0,59600.0,12918300,KBS
2026-01-08 07:00:00,59800.0,63700.0,59700.0,63700.0,27104600,KBS
2026-01-09 07:00:00,65400.0,68000.0,65400.0,68000.0,32481400,KBS
2026-01-12 07:00:00,69900.0,72700.0,69600.0,72700.0,21973100,KBS
2026-01-13 07:00:00,74300.0,76000.0,71800.0,74000.0,28198200,KBS
2026-01-14 07:00:00,73100.0,78800.0,73100.0,76000.0,21213600,KBS
2026-01-15 07:00:00,74000.0,74900.0,71900.0,71900.0,23227200,KBS
2026-01-16 07:00:00,73000.0,76000.0,72000.0,73000.0,13426500,KBS
2026-01-19 07:00:00,73000.0,73500.0,71600.0,72700.0,8212000,KBS
2026-01-20 07:00:00,74000.0,75000.0,72100.0,73500.0,18491600,KBS
2026-01-21 07:00:00,72800.0,73600.0,71700.0,72800.0,11179000,KBS
2026-01-22 07:00:00,73400.0,75900.0,70600.0,71000.0,18577500,KBS
2026-01-23 07:00:00,71000.0,71000.0,68500.0,68600.0,16804700,KBS
2026-01-26 07:00:00,68900.0,71100.0,68700.0,69600.0,10990600,KBS
2026-01-27 07:00:00,69700.0,71500.0,68100.0,70600.0,9645200,KBS
2026-01-28 07:00:00,71100.0,72900.0,69400.0,69600.0,12283200,KBS
2026-01-29 07:00:00,69300.0,70800.0,68600.0,69800.0,7855400,KBS
2026-01-30 07:00:00,70600.0,71900.0,69600.0,70500.0,11480700,KBS
2026-02-02 07:00:00,70500.0,71500.0,69300.0,71500.0,10711000,KBS
2026-02-03 07:00:00,72400.0,73300.0,71300.0,71800.0,15094700,KBS
2026-02-04 07:00:00,72000.0,72000.0,70500.0,70800.0,8726700,KBS
2026-02-05 07:00:00,70700.0,70800.0,68400.0,68400.0,11688700,KBS
2026-02-06 07:00:00,67900.0,67900.0,64900.0,65100.0,24570400,KBS
2026-02-09 07:00:00,65500.0,66000.0,64200.0,65000.0,7308900,KBS
2026-02-10 07:00:00,64500.0,65500.0,62600.0,63100.0,15811100,KBS
2026-02-11 07:00:00,64000.0,66600.0,63500.0,64700.0,11121200,KBS
2026-02-12 07:00:00,65500.0,65500.0,64200.0,64200.0,7950400,KBS
2026-02-13 07:00:00,64700.0,65100.0,64000.0,64400.0,4951400,KBS
2026-02-23 07:00:00,65000.0,66700.0,64600.0,66400.0,10104200,KBS
2026-02-24 07:00:00,66600.0,66600.0,64900.0,65000.0,10246500,KBS
2026-02-25 07:00:00,65000.0,66500.0,64700.0,65100.0,9488800,KBS
2026-02-26 07:00:00,65200.0,65900.0,65000.0,65400.0,7561900,KBS
2026-02-27 07:00:00,65500.0,66400.0,64800.0,64900.0,8831200,KBS
2026-03-02 07:00:00,62900.0,63900.0,62900.0,62900.0,17105000,KBS
2026-03-03 07:00:00,62900.0,63700.0,61400.0,61600.0,12575400,KBS
2026-03-04 07:00:00,61800.0,63200.0,61700.0,63000.0,10259500,KBS
2026-03-05 07:00:00,63700.0,63700.0,62500.0,62500.0,6037000,KBS
2026-03-06 07:00:00,62000.0,63200.0,61600.0,61600.0,8854200,KBS
2026-03-09 07:00:00,57400.0,59700.0,57300.0,57300.0,29396000,KBS
2026-03-10 07:00:00,59800.0,60900.0,58800.0,60400.0,11524700,KBS
2026-03-11 07:00:00,60500.0,61200.0,60000.0,60400.0,8789200,KBS
2026-03-12 07:00:00,60200.0,60300.0,59500.0,59800.0,6217000,KBS
2026-03-13 07:00:00,59200.0,60100.0,58900.0,59000.0,5656900,KBS
2026-03-16 07:00:00,59300.0,59800.0,58600.0,58800.0,3985900,KBS
2026-03-17 07:00:00,59500.0,60500.0,59400.0,60500.0,7148800,KBS
2026-03-18 07:00:00,60900.0,62000.0,60000.0,60500.0,8225000,KBS
2026-03-19 07:00:00,59700.0,60000.0,59000.0,59800.0,6184000,KBS
2026-03-20 07:00:00,59800.0,59800.0,58000.0,58000.0,8322900,KBS
2026-03-23 07:00:00,57800.0,58300.0,56500.0,57600.0,9648600,KBS
2026-03-24 07:00:00,59000.0,59000.0,58000.0,58200.0,4332300,KBS
2026-03-25 07:00:00,58800.0,59100.0,58000.0,58400.0,8558200,KBS
2026-03-26 07:00:00,58500.0,58600.0,57500.0,57900.0,6217800,KBS
2026-03-27 07:00:00,58000.0,59000.0,57900.0,58800.0,6135900,KBS
2026-03-30 07:00:00,57900.0,58500.0,57800.0,58000.0,5546000,KBS
2026-03-31 07:00:00,58200.0,58900.0,58000.0,58100.0,5481100,KBS
2026-04-01 07:00:00,58900.0,59200.0,58500.0,59000.0,8254700,KBS
2026-04-02 07:00:00,58700.0,58800.0,58100.0,58200.0,5664500,KBS
2026-04-03 07:00:00,58300.0,58500.0,57700.0,57700.0,5919600,KBS
2026-04-06 07:00:00,57800.0,58200.0,57700.0,58000.0,4303300,KBS
2026-04-07 07:00:00,58000.0,58300.0,57700.0,58000.0,3889100,KBS
2026-04-08 07:00:00,59200.0,60300.0,58800.0,60200.0,13743100,KBS
2026-04-09 07:00:00,60000.0,60100.0,59300.0,59400.0,6217700,KBS
2026-04-10 07:00:00,59600.0,61000.0,59600.0,59800.0,7655400,KBS
2026-04-13 07:00:00,59500.0,59500.0,59000.0,59200.0,5088700,KBS
2026-04-14 07:00:00,59700.0,59800.0,59100.0,59300.0,5548100,KBS
2026-04-15 07:00:00,59700.0,60500.0,59600.0,59900.0,8919600,KBS
2026-04-16 07:00:00,60000.0,60100.0,59300.0,59400.0,4174500,KBS
2026-04-17 07:00:00,59400.0,59900.0,59400.0,59500.0,4257800,KBS
2026-04-20 07:00:00,59600.0,60500.0,59500.0,60100.0,6442900,KBS
2026-04-21 07:00:00,60400.0,60600.0,59600.0,59600.0,6379000,KBS
2026-04-22 07:00:00,59600.0,59800.0,59200.0,59400.0,3011000,KBS
2026-04-23 07:00:00,59700.0,63500.0,59600.0,62800.0,35200000,KBS
2026-04-24 07:00:00,63000.0,63000.0,60600.0,60600.0,11882500,KBS
2026-04-28 07:00:00,60800.0,61500.0,59800.0,59800.0,7596400,KBS
2026-04-29 07:00:00,59900.0,60500.0,59500.0,59800.0,6431000,KBS
2026-05-04 07:00:00,60500.0,61200.0,60000.0,60700.0,7506200,KBS
2026-05-05 07:00:00,60600.0,60700.0,59700.0,59900.0,6407700,KBS
2026-05-06 07:00:00,60200.0,60500.0,59700.0,60500.0,5807400,KBS
2026-05-07 07:00:00,60900.0,61100.0,60300.0,60300.0,6055700,KBS
2026-05-08 07:00:00,60500.0,61700.0,60300.0,60700.0,9970000,KBS
2026-05-11 07:00:00,61000.0,61100.0,60200.0,60300.0,5510000,KBS
2026-05-12 07:00:00,60300.0,60500.0,59500.0,59900.0,6549200,KBS
2026-05-13 07:00:00,59700.0,61300.0,59200.0,60100.0,8868000,KBS
2026-05-14 07:00:00,60500.0,61500.0,60000.0,61000.0,5612100,KBS
2026-05-15 07:00:00,61300.0,61700.0,60700.0,60700.0,8271800,KBS
2026-05-18 07:00:00,60700.0,63500.0,60300.0,63200.0,18877600,KBS
2026-05-19 07:00:00,63400.0,65000.0,62600.0,64400.0,24224800,KBS
2026-05-20 07:00:00,63700.0,64700.0,61800.0,64600.0,14381600,KBS
2026-05-21 07:00:00,64600.0,66200.0,63800.0,64900.0,20114300,KBS
2026-05-22 07:00:00,64900.0,64900.0,63300.0,63500.0,8118400,KBS
2026-05-25 07:00:00,63200.0,64000.0,62100.0,63700.0,5410300,KBS
2026-05-26 07:00:00,63300.0,64400.0,63300.0,64400.0,5623900,KBS
2026-05-27 07:00:00,64400.0,64500.0,63800.0,64200.0,4185600,KBS
2026-05-28 07:00:00,64200.0,64200.0,62800.0,62800.0,4972400,KBS
2026-05-29 07:00:00,63000.0,63000.0,61800.0,62000.0,5820000,KBS
2026-06-01 07:00:00,62300.0,62800.0,61700.0,62200.0,2924300,KBS
2026-06-02 07:00:00,62300.0,62700.0,61600.0,61600.0,5063900,KBS
2026-06-03 07:00:00,61700.0,62500.0,61400.0,61900.0,4431300,KBS
2026-06-04 07:00:00,61800.0,62500.0,61700.0,62200.0,3910600,KBS
2026-06-05 07:00:00,62400.0,62500.0,61600.0,61700.0,4011200,KBS
