date,open,high,low,close,volume,_source
2020-01-02 07:00:00,16005.0,16005.0,15825.0,15825.0,31400,KBS
2020-01-03 07:00:00,16005.0,16005.0,15586.0,15586.0,79293,KBS
2020-01-06 07:00:00,15586.0,15586.0,15467.0,15467.0,135356,KBS
2020-01-07 07:00:00,15467.0,15467.0,14930.0,15407.0,61150,KBS
2020-01-08 07:00:00,15407.0,15467.0,15109.0,15168.0,250311,KBS
2020-01-09 07:00:00,16124.0,16124.0,15049.0,15168.0,89703,KBS
2020-01-10 07:00:00,15049.0,16124.0,13735.0,15288.0,125029,KBS
2020-01-13 07:00:00,15288.0,15288.0,14989.0,15288.0,113700,KBS
2020-01-14 07:00:00,15049.0,15288.0,15049.0,15288.0,96510,KBS
2020-01-15 07:00:00,15049.0,15288.0,15049.0,15288.0,38480,KBS
2020-01-16 07:00:00,15109.0,15527.0,15049.0,15288.0,157500,KBS
2020-01-17 07:00:00,15288.0,15467.0,15228.0,15407.0,26016,KBS
2020-01-20 07:00:00,15407.0,15407.0,15228.0,15407.0,19530,KBS
2020-01-21 07:00:00,15407.0,15527.0,15168.0,15407.0,148900,KBS
2020-01-22 07:00:00,15348.0,15348.0,15168.0,15348.0,92147,KBS
2020-01-30 07:00:00,15348.0,15407.0,14989.0,15407.0,118390,KBS
2020-01-31 07:00:00,15228.0,15527.0,15109.0,15109.0,60110,KBS
2020-02-03 07:00:00,14631.0,15109.0,14512.0,15109.0,58100,KBS
2020-02-04 07:00:00,14930.0,15527.0,14930.0,15109.0,123100,KBS
2020-02-05 07:00:00,14989.0,15109.0,14870.0,14989.0,185210,KBS
2020-02-06 07:00:00,14989.0,14989.0,14930.0,14989.0,90406,KBS
2020-02-07 07:00:00,14930.0,14989.0,14870.0,14989.0,44289,KBS
2020-02-10 07:00:00,14989.0,15049.0,14870.0,14989.0,114800,KBS
2020-02-11 07:00:00,14930.0,14989.0,14870.0,14989.0,148640,KBS
2020-02-12 07:00:00,14989.0,15049.0,14870.0,14989.0,103554,KBS
2020-02-13 07:00:00,14870.0,14989.0,14810.0,14989.0,43900,KBS
2020-02-14 07:00:00,14810.0,14930.0,14810.0,14810.0,53989,KBS
2020-02-17 07:00:00,14989.0,14989.0,14750.0,14810.0,37830,KBS
2020-02-18 07:00:00,14810.0,14810.0,14750.0,14810.0,30205,KBS
2020-02-19 07:00:00,14810.0,14810.0,14750.0,14810.0,9603,KBS
2020-02-20 07:00:00,14750.0,14810.0,14750.0,14810.0,51910,KBS
2020-02-21 07:00:00,14691.0,14810.0,14631.0,14810.0,35040,KBS
2020-02-24 07:00:00,14691.0,14691.0,14332.0,14392.0,116062,KBS
2020-02-25 07:00:00,13735.0,14452.0,13735.0,14452.0,73700,KBS
2020-02-26 07:00:00,14392.0,14512.0,14213.0,14512.0,63800,KBS
2020-02-27 07:00:00,14452.0,14631.0,14332.0,14631.0,75310,KBS
2020-02-28 07:00:00,14332.0,14930.0,14332.0,14930.0,116020,KBS
2020-03-02 07:00:00,14930.0,15168.0,14870.0,15168.0,22300,KBS
2020-03-03 07:00:00,15228.0,15527.0,15228.0,15288.0,148561,KBS
2020-03-04 07:00:00,15288.0,15586.0,15109.0,15228.0,63800,KBS
2020-03-05 07:00:00,15109.0,15288.0,15109.0,15228.0,54300,KBS
2020-03-06 07:00:00,15109.0,15228.0,14930.0,15228.0,83099,KBS
2020-03-09 07:00:00,15168.0,15407.0,14392.0,14989.0,203100,KBS
2020-03-10 07:00:00,14631.0,15049.0,14631.0,14750.0,165200,KBS
2020-03-11 07:00:00,14810.0,14930.0,14631.0,14930.0,92600,KBS
2020-03-12 07:00:00,14332.0,14930.0,14332.0,14930.0,90302,KBS
2020-03-13 07:00:00,14571.0,14989.0,14571.0,14989.0,83020,KBS
2020-03-16 07:00:00,14870.0,14930.0,14631.0,14870.0,100510,KBS
2020-03-17 07:00:00,14631.0,14930.0,14452.0,14810.0,153433,KBS
2020-03-18 07:00:00,14571.0,15049.0,14452.0,14870.0,153183,KBS
2020-03-19 07:00:00,14512.0,16005.0,14332.0,14870.0,173500,KBS
2020-03-20 07:00:00,14750.0,15586.0,14392.0,14452.0,391073,KBS
2020-03-23 07:00:00,14392.0,15586.0,13855.0,14512.0,327565,KBS
2020-03-24 07:00:00,14512.0,14631.0,14213.0,14631.0,146879,KBS
2020-03-25 07:00:00,14631.0,14750.0,14512.0,14631.0,173702,KBS
2020-03-26 07:00:00,14631.0,14691.0,14512.0,14631.0,212731,KBS
2020-03-27 07:00:00,14571.0,14691.0,14571.0,14691.0,167800,KBS
2020-03-30 07:00:00,14691.0,14691.0,14452.0,14691.0,180420,KBS
2020-03-31 07:00:00,14452.0,14750.0,14452.0,14631.0,114355,KBS
2020-04-01 07:00:00,14631.0,14691.0,13198.0,14691.0,101620,KBS
2020-04-03 07:00:00,14691.0,14750.0,14631.0,14750.0,223600,KBS
2020-04-06 07:00:00,14631.0,14810.0,14631.0,14810.0,138450,KBS
2020-04-07 07:00:00,14691.0,14810.0,14691.0,14810.0,73301,KBS
2020-04-08 07:00:00,14750.0,14810.0,14631.0,14810.0,160501,KBS
2020-04-09 07:00:00,14750.0,14810.0,14631.0,14750.0,221884,KBS
2020-04-10 07:00:00,14691.0,14750.0,14691.0,14691.0,116180,KBS
2020-04-13 07:00:00,14691.0,14750.0,14631.0,14750.0,157920,KBS
2020-04-14 07:00:00,14691.0,14750.0,14631.0,14750.0,65100,KBS
2020-04-15 07:00:00,14691.0,14930.0,14631.0,14930.0,411815,KBS
2020-04-16 07:00:00,14930.0,14930.0,14810.0,14930.0,124723,KBS
2020-04-17 07:00:00,14870.0,14989.0,14870.0,14989.0,227610,KBS
2020-04-20 07:00:00,14989.0,15049.0,14930.0,14989.0,83810,KBS
2020-04-21 07:00:00,14989.0,14989.0,14691.0,14989.0,72641,KBS
2020-04-22 07:00:00,14989.0,14989.0,14750.0,14930.0,100985,KBS
2020-04-23 07:00:00,14930.0,14989.0,14810.0,14989.0,85470,KBS
2020-04-24 07:00:00,14930.0,14989.0,14930.0,14989.0,102700,KBS
2020-04-27 07:00:00,14930.0,15049.0,14870.0,15049.0,142520,KBS
2020-04-28 07:00:00,15049.0,15228.0,15049.0,15228.0,76700,KBS
2020-04-29 07:00:00,15288.0,15467.0,15288.0,15467.0,59484,KBS
2020-05-04 07:00:00,15467.0,15467.0,15288.0,15348.0,25995,KBS
2020-05-05 07:00:00,15228.0,15228.0,15168.0,15168.0,41525,KBS
2020-05-06 07:00:00,14989.0,15228.0,14930.0,15168.0,42327,KBS
2020-05-07 07:00:00,15168.0,15288.0,15109.0,15288.0,76366,KBS
2020-05-08 07:00:00,15168.0,15288.0,15168.0,15168.0,30536,KBS
2020-05-11 07:00:00,15109.0,15168.0,14870.0,15168.0,95240,KBS
2020-05-12 07:00:00,15109.0,15168.0,15049.0,15168.0,68863,KBS
2020-05-13 07:00:00,15168.0,15168.0,15049.0,15109.0,31650,KBS
2020-05-14 07:00:00,15049.0,15049.0,14989.0,15049.0,29065,KBS
2020-05-15 07:00:00,14989.0,15109.0,14930.0,15109.0,51246,KBS
2020-05-18 07:00:00,15049.0,15049.0,14930.0,14930.0,33595,KBS
2020-05-19 07:00:00,14870.0,15049.0,14870.0,15049.0,109762,KBS
2020-05-20 07:00:00,14989.0,14989.0,14810.0,14989.0,83260,KBS
2020-05-21 07:00:00,14930.0,14989.0,14810.0,14989.0,65441,KBS
2020-05-22 07:00:00,14930.0,14930.0,14870.0,14870.0,67961,KBS
2020-05-25 07:00:00,14810.0,14989.0,14691.0,14989.0,136406,KBS
2020-05-26 07:00:00,14870.0,15049.0,14810.0,15049.0,66402,KBS
2020-05-27 07:00:00,15049.0,15049.0,14930.0,14989.0,30896,KBS
2020-05-28 07:00:00,14989.0,14989.0,14930.0,14989.0,38963,KBS
2020-05-29 07:00:00,14930.0,14989.0,14870.0,14989.0,35992,KBS
2020-06-01 07:00:00,14989.0,14989.0,14810.0,14989.0,74041,KBS
2020-06-02 07:00:00,14930.0,14989.0,14870.0,14989.0,99082,KBS
2020-06-03 07:00:00,14870.0,15049.0,14810.0,15049.0,88132,KBS
2020-06-04 07:00:00,14989.0,15049.0,14750.0,15049.0,58610,KBS
2020-06-05 07:00:00,14930.0,15049.0,14930.0,15049.0,52720,KBS
2020-06-08 07:00:00,14930.0,15049.0,14930.0,15049.0,176360,KBS
2020-06-09 07:00:00,15168.0,15168.0,14870.0,15049.0,89895,KBS
2020-06-10 07:00:00,14989.0,15049.0,14870.0,15049.0,74701,KBS
2020-06-11 07:00:00,14930.0,15049.0,14930.0,15049.0,61630,KBS
2020-06-12 07:00:00,14930.0,15049.0,14810.0,15049.0,105500,KBS
2020-06-15 07:00:00,14810.0,14989.0,14810.0,14930.0,107390,KBS
2020-06-16 07:00:00,14870.0,16423.0,14870.0,15467.0,97284,KBS
2020-06-17 07:00:00,15527.0,15527.0,15407.0,15527.0,71451,KBS
2020-06-18 07:00:00,15467.0,15706.0,15467.0,15646.0,150426,KBS
2020-06-19 07:00:00,15766.0,17199.0,15766.0,16363.0,289882,KBS
2020-06-22 07:00:00,16423.0,16482.0,16124.0,16184.0,109350,KBS
2020-06-23 07:00:00,16124.0,16482.0,16124.0,16423.0,291912,KBS
2020-06-24 07:00:00,16423.0,17975.0,16423.0,17259.0,1248328,KBS
2020-06-25 07:00:00,17199.0,17915.0,16721.0,16781.0,206390,KBS
2020-06-26 07:00:00,17020.0,17199.0,16781.0,16781.0,400417,KBS
2020-06-29 07:00:00,16781.0,16900.0,15288.0,15766.0,431560,KBS
2020-06-30 07:00:00,15885.0,16005.0,15467.0,15646.0,291860,KBS
2020-07-01 07:00:00,15646.0,16423.0,15646.0,16303.0,154526,KBS
2020-07-02 07:00:00,16303.0,16482.0,16243.0,16423.0,118351,KBS
2020-07-03 07:00:00,16184.0,16482.0,16184.0,16363.0,22300,KBS
2020-07-06 07:00:00,16363.0,16363.0,15945.0,15945.0,48620,KBS
2020-07-07 07:00:00,15945.0,16064.0,15825.0,15825.0,149330,KBS
2020-07-08 07:00:00,15825.0,16124.0,15706.0,15825.0,64358,KBS
2020-07-09 07:00:00,15586.0,16423.0,15586.0,15825.0,72400,KBS
2020-07-10 07:00:00,15945.0,16124.0,15825.0,15885.0,36150,KBS
2020-07-13 07:00:00,16542.0,16542.0,15825.0,15885.0,29000,KBS
2020-07-14 07:00:00,16542.0,16781.0,15945.0,16064.0,56036,KBS
2020-07-15 07:00:00,16124.0,16124.0,15706.0,16124.0,39000,KBS
2020-07-16 07:00:00,16124.0,16363.0,15825.0,15945.0,76190,KBS
2020-07-17 07:00:00,15945.0,15945.0,15706.0,15706.0,145207,KBS
2020-07-20 07:00:00,15706.0,15706.0,14930.0,15527.0,220500,KBS
2020-07-21 07:00:00,15586.0,15586.0,15228.0,15467.0,28946,KBS
2020-07-22 07:00:00,15467.0,15527.0,15168.0,15288.0,107900,KBS
2020-07-23 07:00:00,15228.0,15646.0,15228.0,15646.0,49907,KBS
2020-07-24 07:00:00,15706.0,15706.0,15049.0,15288.0,168400,KBS
2020-07-27 07:00:00,15228.0,15228.0,14870.0,15168.0,247561,KBS
2020-07-28 07:00:00,15168.0,15527.0,15168.0,15527.0,5126,KBS
2020-07-29 07:00:00,15348.0,15646.0,14989.0,15586.0,73600,KBS
2020-07-30 07:00:00,15586.0,15825.0,15586.0,15706.0,34344,KBS
2020-07-31 07:00:00,15527.0,15646.0,15407.0,15407.0,26454,KBS
2020-08-03 07:00:00,15527.0,15646.0,15527.0,15527.0,29100,KBS
2020-08-04 07:00:00,15527.0,15527.0,15467.0,15467.0,14823,KBS
2020-08-05 07:00:00,15348.0,15586.0,15348.0,15586.0,10400,KBS
2020-08-06 07:00:00,15467.0,15586.0,15407.0,15586.0,27801,KBS
2020-08-07 07:00:00,15527.0,15527.0,15407.0,15527.0,37079,KBS
2020-08-10 07:00:00,15586.0,15646.0,15407.0,15407.0,65893,KBS
2020-08-11 07:00:00,15467.0,15706.0,15467.0,15646.0,60240,KBS
2020-08-12 07:00:00,15646.0,15945.0,14332.0,14332.0,461549,KBS
2020-08-13 07:00:00,15766.0,15766.0,15766.0,15766.0,301800,KBS
2020-08-14 07:00:00,16721.0,17318.0,16721.0,17318.0,1322629,KBS
2020-08-17 07:00:00,17617.0,18871.0,16721.0,18035.0,475927,KBS
2020-08-18 07:00:00,18214.0,18334.0,17617.0,17915.0,263893,KBS
2020-08-19 07:00:00,17318.0,19707.0,17318.0,19289.0,1115069,KBS
2020-08-20 07:00:00,19408.0,19408.0,18990.0,19170.0,440741,KBS
2020-08-21 07:00:00,19170.0,19647.0,19110.0,19110.0,453477,KBS
2020-08-24 07:00:00,19110.0,19588.0,18990.0,19110.0,521098,KBS
2020-08-25 07:00:00,19110.0,20006.0,19110.0,19349.0,719008,KBS
2020-08-26 07:00:00,19349.0,20901.0,19349.0,20901.0,850955,KBS
2020-08-27 07:00:00,21499.0,22394.0,20901.0,21319.0,607079,KBS
2020-08-28 07:00:00,21618.0,21737.0,21319.0,21439.0,453681,KBS
2020-08-31 07:00:00,21618.0,21618.0,20663.0,21081.0,554549,KBS
2020-09-01 07:00:00,21081.0,21081.0,20603.0,20901.0,355802,KBS
2020-09-03 07:00:00,20961.0,21737.0,20842.0,21499.0,346173,KBS
2020-09-04 07:00:00,21439.0,22633.0,21140.0,21976.0,1220055,KBS
2020-09-07 07:00:00,21976.0,22514.0,21857.0,21917.0,519915,KBS
2020-09-08 07:00:00,21917.0,22394.0,21797.0,22155.0,364950,KBS
2020-09-09 07:00:00,22096.0,22514.0,21499.0,21857.0,701238,KBS
2020-09-10 07:00:00,21857.0,22036.0,21678.0,21678.0,307742,KBS
2020-09-11 07:00:00,21499.0,22036.0,21200.0,21678.0,446333,KBS
2020-09-14 07:00:00,21678.0,21797.0,21499.0,21499.0,423983,KBS
2020-09-15 07:00:00,21499.0,21499.0,21319.0,21319.0,313130,KBS
2020-09-16 07:00:00,21319.0,21797.0,21200.0,21499.0,91402,KBS
2020-09-17 07:00:00,21499.0,21857.0,21319.0,21737.0,189232,KBS
2020-09-18 07:00:00,21737.0,21797.0,21439.0,21558.0,166795,KBS
2020-09-21 07:00:00,21797.0,21857.0,21499.0,21618.0,191620,KBS
2020-09-22 07:00:00,21439.0,22394.0,21379.0,22275.0,595134,KBS
2020-09-23 07:00:00,22394.0,22574.0,22335.0,22335.0,432282,KBS
2020-09-24 07:00:00,22335.0,23469.0,22335.0,22753.0,520182,KBS
2020-09-25 07:00:00,22753.0,23887.0,22574.0,23290.0,843036,KBS
2020-09-28 07:00:00,23350.0,24425.0,22096.0,23290.0,924992,KBS
2020-09-29 07:00:00,23410.0,23947.0,23410.0,23828.0,516664,KBS
2020-09-30 07:00:00,23887.0,24186.0,23648.0,23947.0,414428,KBS
2020-10-01 07:00:00,23947.0,24126.0,23589.0,23828.0,490770,KBS
2020-10-02 07:00:00,23887.0,24365.0,23529.0,23887.0,664894,KBS
2020-10-05 07:00:00,24007.0,24305.0,23768.0,24007.0,240669,KBS
2020-10-06 07:00:00,23887.0,24186.0,23768.0,23887.0,309750,KBS
2020-10-07 07:00:00,23828.0,23828.0,23529.0,23828.0,450849,KBS
2020-10-08 07:00:00,23708.0,24066.0,23648.0,24066.0,282671,KBS
2020-10-09 07:00:00,24186.0,24246.0,23887.0,24186.0,141490,KBS
2020-10-12 07:00:00,24305.0,24783.0,24186.0,24186.0,209421,KBS
2020-10-13 07:00:00,24066.0,24485.0,24066.0,24485.0,120960,KBS
2020-10-14 07:00:00,24783.0,24783.0,24604.0,24664.0,251889,KBS
2020-10-15 07:00:00,24664.0,26276.0,24664.0,25380.0,1074646,KBS
2020-10-16 07:00:00,25380.0,26037.0,25380.0,25798.0,426517,KBS
2020-10-19 07:00:00,25977.0,26037.0,25500.0,25500.0,340290,KBS
2020-10-20 07:00:00,25559.0,25858.0,25141.0,25321.0,321213,KBS
2020-10-21 07:00:00,25321.0,25977.0,25261.0,25440.0,340894,KBS
2020-10-22 07:00:00,25679.0,26276.0,25500.0,26216.0,492609,KBS
2020-10-23 07:00:00,26754.0,27351.0,26037.0,26037.0,462310,KBS
2020-10-26 07:00:00,26037.0,26037.0,24485.0,24962.0,938297,KBS
2020-10-27 07:00:00,24485.0,25321.0,24485.0,24544.0,478466,KBS
2020-10-28 07:00:00,24126.0,24485.0,23410.0,24485.0,545190,KBS
2020-10-29 07:00:00,24485.0,24604.0,23828.0,24007.0,160460,KBS
2020-10-30 07:00:00,24066.0,24066.0,23708.0,23887.0,130230,KBS
2020-11-02 07:00:00,23887.0,24485.0,23768.0,24425.0,153068,KBS
2020-11-03 07:00:00,24485.0,25022.0,24425.0,24723.0,106704,KBS
2020-11-04 07:00:00,24783.0,25022.0,24604.0,24604.0,126150,KBS
2020-11-05 07:00:00,24783.0,25321.0,23887.0,24544.0,195286,KBS
2020-11-06 07:00:00,25022.0,25082.0,24723.0,24843.0,84630,KBS
2020-11-09 07:00:00,25022.0,25082.0,24783.0,24903.0,110091,KBS
2020-11-10 07:00:00,24903.0,25380.0,24425.0,24425.0,164180,KBS
2020-11-11 07:00:00,24425.0,24544.0,24126.0,24485.0,77770,KBS
2020-11-12 07:00:00,24485.0,24723.0,24186.0,24664.0,55154,KBS
2020-11-13 07:00:00,24664.0,25082.0,24544.0,24903.0,243905,KBS
2020-11-16 07:00:00,24962.0,25082.0,24485.0,24903.0,143685,KBS
2020-11-17 07:00:00,24723.0,25022.0,24664.0,24843.0,1758000,KBS
2020-11-18 07:00:00,24843.0,24962.0,24664.0,24664.0,2022060,KBS
2020-11-19 07:00:00,24544.0,24843.0,24485.0,24544.0,3443580,KBS
2020-11-20 07:00:00,24544.0,24783.0,24544.0,24604.0,4083988,KBS
2020-11-23 07:00:00,24783.0,25679.0,24783.0,25559.0,2002068,KBS
2020-11-24 07:00:00,25619.0,25679.0,24903.0,25141.0,2212553,KBS
2020-11-25 07:00:00,25141.0,25440.0,24903.0,25321.0,1510480,KBS
2020-11-26 07:00:00,25321.0,25380.0,24903.0,25380.0,2166525,KBS
2020-11-27 07:00:00,25380.0,25380.0,25082.0,25201.0,1945413,KBS
2020-11-30 07:00:00,25440.0,25440.0,24903.0,24903.0,2573217,KBS
2020-12-01 07:00:00,24903.0,25082.0,24544.0,24903.0,3608908,KBS
2020-12-02 07:00:00,25022.0,25082.0,24783.0,25022.0,2355034,KBS
2020-12-03 07:00:00,25082.0,25082.0,24843.0,24903.0,86940,KBS
2020-12-04 07:00:00,25022.0,25082.0,24723.0,24783.0,144590,KBS
2020-12-07 07:00:00,24783.0,24783.0,24186.0,24186.0,298089,KBS
2020-12-08 07:00:00,24066.0,24305.0,23887.0,24246.0,479302,KBS
2020-12-09 07:00:00,24305.0,25082.0,24246.0,24664.0,377012,KBS
2020-12-10 07:00:00,24664.0,24723.0,24186.0,24186.0,79574,KBS
2020-12-11 07:00:00,24186.0,24425.0,24066.0,24186.0,120236,KBS
2020-12-14 07:00:00,24186.0,24962.0,23230.0,24843.0,425545,KBS
2020-12-15 07:00:00,24783.0,24903.0,24664.0,24783.0,134285,KBS
2020-12-16 07:00:00,24783.0,26157.0,24783.0,25500.0,682860,KBS
2020-12-17 07:00:00,25500.0,26276.0,25380.0,25977.0,455845,KBS
2020-12-18 07:00:00,26276.0,26455.0,25977.0,26157.0,1358539,KBS
2020-12-21 07:00:00,26276.0,27172.0,26157.0,26336.0,874371,KBS
2020-12-29 07:00:00,26814.0,26993.0,26395.0,26933.0,1013820,KBS
2020-12-30 07:00:00,27291.0,27291.0,26993.0,27112.0,848650,KBS
2020-12-31 07:00:00,27202.0,27769.0,26993.0,27530.0,1359710,KBS
2021-01-04 07:00:00,27948.0,28068.0,27709.0,28068.0,1095900,KBS
2021-01-05 07:00:00,27948.0,28426.0,27888.0,28277.0,657600,KBS
2021-01-06 07:00:00,28277.0,28366.0,27470.0,28277.0,1308700,KBS
2021-01-07 07:00:00,28277.0,28306.0,27888.0,28277.0,413600,KBS
2021-01-08 07:00:00,28366.0,28874.0,28366.0,28695.0,1002300,KBS
2021-01-11 07:00:00,28787.0,29093.0,28725.0,28909.0,902400,KBS
2021-01-12 07:00:00,28909.0,28909.0,28297.0,28756.0,581500,KBS
2021-01-13 07:00:00,28787.0,28848.0,28480.0,28725.0,820300,KBS
2021-01-14 07:00:00,28603.0,28787.0,28174.0,28725.0,624100,KBS
2021-01-15 07:00:00,28419.0,28787.0,28419.0,28725.0,801700,KBS
2021-01-18 07:00:00,28664.0,28787.0,28174.0,28756.0,1194200,KBS
2021-01-19 07:00:00,28756.0,28756.0,26765.0,28664.0,610500,KBS
2021-01-20 07:00:00,28603.0,28725.0,27684.0,28725.0,819900,KBS
2021-01-21 07:00:00,28480.0,28787.0,28174.0,28787.0,823000,KBS
2021-01-22 07:00:00,28848.0,29766.0,28725.0,29276.0,834000,KBS
2021-01-25 07:00:00,29276.0,29307.0,28909.0,29307.0,1202700,KBS
2021-01-26 07:00:00,29276.0,29338.0,28787.0,29338.0,725800,KBS
2021-01-27 07:00:00,28848.0,29338.0,28480.0,29307.0,812300,KBS
2021-01-28 07:00:00,28174.0,29093.0,27286.0,27286.0,894500,KBS
2021-01-29 07:00:00,27286.0,28848.0,27286.0,28848.0,269800,KBS
2021-02-01 07:00:00,28909.0,28909.0,28174.0,28909.0,864200,KBS
2021-02-02 07:00:00,28909.0,29093.0,28235.0,29062.0,229100,KBS
2021-02-03 07:00:00,28787.0,29154.0,28787.0,29154.0,170900,KBS
2021-02-04 07:00:00,29154.0,29154.0,28174.0,29032.0,85600,KBS
2021-02-05 07:00:00,28787.0,29032.0,28603.0,28787.0,508800,KBS
2021-02-08 07:00:00,28787.0,28787.0,28480.0,28787.0,233300,KBS
2021-02-09 07:00:00,28480.0,30624.0,28297.0,29521.0,125000,KBS
2021-02-17 07:00:00,29521.0,30624.0,29521.0,30256.0,374600,KBS
2021-02-18 07:00:00,30256.0,30501.0,30134.0,30440.0,235100,KBS
2021-02-19 07:00:00,30440.0,30501.0,30256.0,30440.0,271000,KBS
2021-02-22 07:00:00,30011.0,30440.0,29705.0,30440.0,219600,KBS
2021-02-23 07:00:00,30440.0,30440.0,29766.0,30256.0,179600,KBS
2021-02-24 07:00:00,30011.0,30195.0,29521.0,29583.0,339700,KBS
2021-02-25 07:00:00,29583.0,29583.0,29276.0,29399.0,192300,KBS
2021-02-26 07:00:00,28787.0,29399.0,28787.0,29399.0,220300,KBS
2021-03-01 07:00:00,29399.0,29583.0,29215.0,29460.0,337900,KBS
2021-03-02 07:00:00,29215.0,29460.0,29123.0,29460.0,176300,KBS
2021-03-03 07:00:00,29399.0,29460.0,29093.0,29276.0,269300,KBS
2021-03-04 07:00:00,29399.0,29399.0,28787.0,29093.0,156500,KBS
2021-03-05 07:00:00,28480.0,29062.0,28480.0,28970.0,182700,KBS
2021-03-08 07:00:00,28603.0,29032.0,28603.0,29032.0,318300,KBS
2021-03-09 07:00:00,29032.0,29032.0,28542.0,28787.0,246000,KBS
2021-03-10 07:00:00,28787.0,28970.0,28725.0,28787.0,262700,KBS
2021-03-11 07:00:00,28787.0,29093.0,28725.0,28725.0,222600,KBS
2021-03-12 07:00:00,28633.0,28817.0,28603.0,28787.0,344300,KBS
2021-03-15 07:00:00,28848.0,28970.0,28664.0,28909.0,231000,KBS
2021-03-16 07:00:00,28909.0,28909.0,28603.0,28664.0,112600,KBS
2021-03-17 07:00:00,28664.0,28664.0,28358.0,28358.0,248500,KBS
2021-03-18 07:00:00,28235.0,28358.0,26888.0,26949.0,321800,KBS
2021-03-19 07:00:00,28174.0,28174.0,27562.0,27562.0,148100,KBS
2021-03-22 07:00:00,27684.0,28235.0,27623.0,27623.0,60200,KBS
2021-03-23 07:00:00,27684.0,28174.0,26337.0,26337.0,324800,KBS
2021-03-24 07:00:00,28113.0,28113.0,26520.0,26520.0,883000,KBS
2021-03-25 07:00:00,27776.0,27776.0,26643.0,26643.0,210400,KBS
2021-03-26 07:00:00,26582.0,27072.0,26520.0,26520.0,128600,KBS
2021-03-29 07:00:00,26520.0,27255.0,26520.0,27255.0,220900,KBS
2021-03-30 07:00:00,27562.0,27562.0,27194.0,27286.0,277800,KBS
2021-03-31 07:00:00,27286.0,27562.0,27286.0,27500.0,221700,KBS
2021-04-01 07:00:00,27500.0,28725.0,27500.0,28725.0,469800,KBS
2021-04-02 07:00:00,28756.0,29032.0,28725.0,29032.0,321000,KBS
2021-04-05 07:00:00,30930.0,30930.0,28848.0,29215.0,468800,KBS
2021-04-06 07:00:00,29276.0,29399.0,29093.0,29338.0,768800,KBS
2021-04-07 07:00:00,29338.0,30011.0,29276.0,29766.0,861100,KBS
2021-04-08 07:00:00,30011.0,30073.0,29950.0,30073.0,402900,KBS
2021-04-09 07:00:00,30134.0,30256.0,30011.0,30134.0,515600,KBS
2021-04-12 07:00:00,30195.0,30195.0,29950.0,29950.0,406100,KBS
2021-04-13 07:00:00,29950.0,29950.0,29093.0,29093.0,346100,KBS
2021-04-14 07:00:00,28787.0,29460.0,28174.0,28480.0,418000,KBS
2021-04-15 07:00:00,29276.0,29276.0,28480.0,28480.0,276900,KBS
2021-04-16 07:00:00,28480.0,29032.0,26918.0,28480.0,183100,KBS
2021-04-19 07:00:00,28419.0,28848.0,27562.0,28848.0,207300,KBS
2021-04-20 07:00:00,28848.0,29399.0,28848.0,29338.0,364700,KBS
2021-04-22 07:00:00,29338.0,29399.0,28297.0,29276.0,251800,KBS
2021-04-23 07:00:00,29276.0,29338.0,28787.0,29276.0,316600,KBS
2021-04-26 07:00:00,29705.0,29705.0,28664.0,29399.0,328500,KBS
2021-04-27 07:00:00,29399.0,29399.0,28970.0,29399.0,345200,KBS
2021-04-28 07:00:00,29399.0,29399.0,29093.0,29338.0,220600,KBS
2021-04-29 07:00:00,29338.0,29338.0,29093.0,29338.0,278800,KBS
2021-05-04 07:00:00,29338.0,29338.0,28603.0,28787.0,182700,KBS
2021-05-05 07:00:00,28787.0,29093.0,28725.0,28787.0,111700,KBS
2021-05-06 07:00:00,28787.0,29093.0,28297.0,28787.0,236000,KBS
2021-05-07 07:00:00,28235.0,28725.0,28235.0,28480.0,212500,KBS
2021-05-10 07:00:00,28480.0,28787.0,27623.0,28787.0,217100,KBS
2021-05-11 07:00:00,29032.0,29032.0,28266.0,28266.0,245500,KBS
2021-05-12 07:00:00,27929.0,28480.0,27929.0,28266.0,225700,KBS
2021-05-13 07:00:00,28266.0,28297.0,27868.0,28297.0,254600,KBS
2021-05-14 07:00:00,28297.0,28725.0,28143.0,28419.0,262500,KBS
2021-05-17 07:00:00,28419.0,28542.0,27960.0,27960.0,237100,KBS
2021-05-18 07:00:00,28174.0,28480.0,28174.0,28480.0,252400,KBS
2021-05-19 07:00:00,28235.0,28603.0,28205.0,28542.0,307100,KBS
2021-05-20 07:00:00,28542.0,28542.0,28174.0,28388.0,221500,KBS
2021-05-21 07:00:00,28205.0,28419.0,28205.0,28205.0,250500,KBS
2021-05-24 07:00:00,28205.0,28297.0,28205.0,28297.0,226800,KBS
2021-05-25 07:00:00,28205.0,28388.0,28174.0,28358.0,267900,KBS
2021-05-26 07:00:00,28358.0,28358.0,28113.0,28174.0,263300,KBS
2021-05-27 07:00:00,28174.0,29399.0,28113.0,29399.0,413400,KBS
2021-05-28 07:00:00,29399.0,29399.0,29032.0,29338.0,304700,KBS
2021-05-31 07:00:00,29338.0,29338.0,28787.0,28970.0,233200,KBS
2021-06-01 07:00:00,28970.0,28970.0,27868.0,28419.0,86600,KBS
2021-06-02 07:00:00,28235.0,28603.0,28174.0,28419.0,431000,KBS
2021-06-03 07:00:00,28174.0,28664.0,28174.0,28603.0,315100,KBS
2021-06-04 07:00:00,28266.0,28787.0,27868.0,28603.0,324900,KBS
2021-06-07 07:00:00,28664.0,28664.0,28419.0,28419.0,276300,KBS
2021-06-08 07:00:00,28419.0,28603.0,28174.0,28235.0,270100,KBS
2021-06-09 07:00:00,28174.0,28419.0,27010.0,28174.0,274200,KBS
2021-06-10 07:00:00,28358.0,28358.0,28174.0,28174.0,262300,KBS
2021-06-11 07:00:00,28297.0,28297.0,27562.0,27990.0,260600,KBS
2021-06-14 07:00:00,28174.0,28480.0,28052.0,28358.0,207100,KBS
2021-06-15 07:00:00,28358.0,28909.0,28358.0,28664.0,281000,KBS
2021-06-16 07:00:00,28725.0,30624.0,27562.0,30134.0,613600,KBS
2021-06-17 07:00:00,29521.0,30624.0,29521.0,30440.0,424600,KBS
2021-06-18 07:00:00,30563.0,30563.0,30410.0,30410.0,317300,KBS
2021-06-21 07:00:00,30410.0,30410.0,29705.0,29705.0,301100,KBS
2021-06-22 07:00:00,30624.0,31236.0,30624.0,30991.0,580800,KBS
2021-06-23 07:00:00,30991.0,30991.0,30011.0,30011.0,302400,KBS
2021-06-24 07:00:00,30011.0,30256.0,29766.0,30195.0,295900,KBS
2021-06-25 07:00:00,30563.0,30563.0,29766.0,30256.0,270000,KBS
2021-06-28 07:00:00,30440.0,30440.0,29889.0,30410.0,353900,KBS
2021-06-29 07:00:00,30379.0,30379.0,30011.0,30011.0,220600,KBS
2021-06-30 07:00:00,29705.0,30808.0,29705.0,30501.0,176900,KBS
2021-07-01 07:00:00,30501.0,30624.0,30318.0,30624.0,312800,KBS
2021-07-02 07:00:00,30379.0,30685.0,30318.0,30379.0,306800,KBS
2021-07-05 07:00:00,29521.0,29521.0,28174.0,29399.0,673200,KBS
2021-07-06 07:00:00,28787.0,28787.0,27347.0,27347.0,196000,KBS
2021-07-07 07:00:00,27317.0,27347.0,25785.0,27072.0,299000,KBS
2021-07-08 07:00:00,27072.0,27500.0,26092.0,27500.0,390200,KBS
2021-07-09 07:00:00,27500.0,27500.0,26337.0,26337.0,296700,KBS
2021-07-12 07:00:00,25724.0,26459.0,25418.0,26337.0,287400,KBS
2021-07-13 07:00:00,26643.0,26643.0,25785.0,25785.0,347500,KBS
2021-07-14 07:00:00,26275.0,27378.0,26030.0,27378.0,883000,KBS
2021-07-15 07:00:00,27745.0,27745.0,26704.0,27439.0,435900,KBS
2021-07-16 07:00:00,27439.0,27439.0,26888.0,26888.0,406600,KBS
2021-07-19 07:00:00,26827.0,26888.0,25908.0,26888.0,509400,KBS
2021-07-20 07:00:00,26857.0,27072.0,26214.0,27072.0,354700,KBS
2021-07-21 07:00:00,27072.0,27562.0,27072.0,27317.0,452700,KBS
2021-07-22 07:00:00,27378.0,27562.0,26949.0,27562.0,564200,KBS
2021-07-23 07:00:00,27807.0,27868.0,27255.0,27439.0,406000,KBS
2021-07-26 07:00:00,27439.0,27439.0,27255.0,27378.0,387300,KBS
2021-07-27 07:00:00,27378.0,27439.0,26765.0,27408.0,508700,KBS
2021-07-28 07:00:00,27378.0,27378.0,26643.0,26643.0,389600,KBS
2021-07-29 07:00:00,26459.0,26888.0,26337.0,26827.0,454500,KBS
2021-07-30 07:00:00,27072.0,27072.0,26827.0,27010.0,546600,KBS
2021-08-02 07:00:00,26643.0,27072.0,26398.0,26398.0,425800,KBS
2021-08-03 07:00:00,26765.0,26765.0,26030.0,26092.0,461700,KBS
2021-08-04 07:00:00,26092.0,26337.0,25908.0,26092.0,512500,KBS
2021-08-05 07:00:00,26275.0,26275.0,25908.0,25969.0,399600,KBS
2021-08-06 07:00:00,26030.0,26153.0,25969.0,26092.0,503600,KBS
2021-08-09 07:00:00,25908.0,26153.0,25908.0,25908.0,508900,KBS
2021-08-10 07:00:00,25969.0,27715.0,25908.0,27439.0,1000400,KBS
2021-08-11 07:00:00,27684.0,27868.0,27255.0,27500.0,642800,KBS
2021-08-12 07:00:00,27317.0,27715.0,27317.0,27623.0,675900,KBS
2021-08-13 07:00:00,27439.0,27623.0,25693.0,27439.0,586100,KBS
2021-08-16 07:00:00,27439.0,27439.0,26673.0,26673.0,505800,KBS
2021-08-17 07:00:00,26643.0,26888.0,26337.0,26367.0,462500,KBS
2021-08-18 07:00:00,26214.0,26643.0,26030.0,26030.0,557300,KBS
2021-08-19 07:00:00,25969.0,26643.0,25969.0,26275.0,640200,KBS
2021-08-20 07:00:00,26275.0,26643.0,25418.0,25663.0,461700,KBS
2021-08-23 07:00:00,25295.0,25540.0,25050.0,25295.0,531800,KBS
2021-08-24 07:00:00,25295.0,25479.0,24928.0,25418.0,327400,KBS
2021-08-25 07:00:00,25418.0,25479.0,24989.0,25418.0,416400,KBS
2021-08-26 07:00:00,25234.0,26704.0,25234.0,26245.0,547000,KBS
2021-08-27 07:00:00,25540.0,26245.0,25540.0,25969.0,381600,KBS
2021-08-30 07:00:00,26337.0,26459.0,25969.0,26092.0,452400,KBS
2021-08-31 07:00:00,26092.0,26643.0,25785.0,26582.0,707100,KBS
2021-09-01 07:00:00,26582.0,26765.0,26092.0,26275.0,431200,KBS
2021-09-06 07:00:00,26153.0,26520.0,26030.0,26337.0,523400,KBS
2021-09-07 07:00:00,26214.0,26459.0,26214.0,26398.0,599600,KBS
2021-09-08 07:00:00,26398.0,26643.0,26245.0,26398.0,375900,KBS
2021-09-09 07:00:00,26337.0,26398.0,26092.0,26214.0,513200,KBS
2021-09-10 07:00:00,26337.0,26643.0,26214.0,26214.0,409500,KBS
2021-09-13 07:00:00,26275.0,26520.0,26030.0,26030.0,479000,KBS
2021-09-14 07:00:00,26306.0,26306.0,25234.0,25969.0,435300,KBS
2021-09-15 07:00:00,25295.0,25908.0,25295.0,25602.0,421000,KBS
2021-09-16 07:00:00,25847.0,25908.0,25510.0,25785.0,515700,KBS
2021-09-17 07:00:00,26030.0,26030.0,25602.0,25755.0,452400,KBS
2021-09-20 07:00:00,25755.0,26337.0,25602.0,25969.0,507900,KBS
2021-09-21 07:00:00,26127.0,26127.0,25843.0,26032.0,505500,KBS
2021-09-22 07:00:00,26221.0,26410.0,26032.0,26284.0,498200,KBS
2021-09-23 07:00:00,26095.0,26347.0,26095.0,26221.0,448000,KBS
2021-09-24 07:00:00,26347.0,26347.0,25812.0,26095.0,368400,KBS
2021-09-27 07:00:00,25843.0,26095.0,25496.0,25591.0,353800,KBS
2021-09-28 07:00:00,25591.0,25843.0,25339.0,25591.0,413300,KBS
2021-09-29 07:00:00,25591.0,25717.0,25339.0,25465.0,361600,KBS
2021-09-30 07:00:00,25654.0,25717.0,25465.0,25591.0,451200,KBS
2021-10-01 07:00:00,25717.0,25717.0,25402.0,25528.0,414700,KBS
2021-10-04 07:00:00,25213.0,25528.0,25213.0,25528.0,358400,KBS
2021-10-05 07:00:00,25528.0,25717.0,25339.0,25528.0,428900,KBS
2021-10-06 07:00:00,25591.0,25591.0,25370.0,25465.0,401500,KBS
2021-10-07 07:00:00,25528.0,25843.0,25465.0,25591.0,349500,KBS
2021-10-08 07:00:00,25780.0,25780.0,25528.0,25654.0,373000,KBS
2021-10-11 07:00:00,25559.0,25717.0,25496.0,25591.0,381300,KBS
2021-10-12 07:00:00,25591.0,25591.0,25150.0,25276.0,426600,KBS
2021-10-13 07:00:00,25528.0,25528.0,25339.0,25402.0,357800,KBS
2021-10-14 07:00:00,25402.0,25591.0,25213.0,25402.0,413800,KBS
2021-10-15 07:00:00,25528.0,25528.0,25213.0,25339.0,328600,KBS
2021-10-18 07:00:00,25402.0,25591.0,25213.0,25339.0,343700,KBS
2021-10-19 07:00:00,25339.0,25402.0,25181.0,25213.0,366000,KBS
2021-10-20 07:00:00,25150.0,25402.0,25024.0,25213.0,317200,KBS
2021-10-21 07:00:00,25213.0,25402.0,25181.0,25213.0,342400,KBS
2021-10-22 07:00:00,24771.0,25213.0,24771.0,24961.0,363200,KBS
2021-10-25 07:00:00,25181.0,25465.0,25150.0,25276.0,402600,KBS
2021-10-26 07:00:00,25307.0,25402.0,25150.0,25213.0,373600,KBS
2021-10-27 07:00:00,25339.0,25339.0,24771.0,25276.0,299000,KBS
2021-10-28 07:00:00,25213.0,26599.0,24898.0,26158.0,651300,KBS
2021-10-29 07:00:00,26284.0,26347.0,25969.0,26221.0,482900,KBS
2021-11-01 07:00:00,26190.0,26410.0,26095.0,26221.0,393400,KBS
2021-11-02 07:00:00,26158.0,27671.0,26158.0,27576.0,1914500,KBS
2021-11-03 07:00:00,27608.0,27608.0,26725.0,27041.0,537400,KBS
2021-11-04 07:00:00,26316.0,27041.0,26316.0,26789.0,501500,KBS
2021-11-05 07:00:00,26473.0,26852.0,25843.0,26473.0,738000,KBS
2021-11-08 07:00:00,26442.0,27104.0,26221.0,26915.0,1020700,KBS
2021-11-09 07:00:00,26978.0,27041.0,26599.0,26852.0,473000,KBS
2021-11-10 07:00:00,26789.0,27230.0,26631.0,26946.0,812300,KBS
2021-11-11 07:00:00,27009.0,28427.0,26978.0,27860.0,1983100,KBS
2021-11-12 07:00:00,27892.0,28743.0,27892.0,28490.0,3159000,KBS
2021-11-15 07:00:00,28743.0,29247.0,28616.0,28869.0,2899000,KBS
2021-11-16 07:00:00,28869.0,30886.0,28364.0,30255.0,5757400,KBS
2021-11-17 07:00:00,30255.0,30507.0,29814.0,30035.0,2196700,KBS
2021-11-18 07:00:00,30129.0,31894.0,30098.0,31043.0,5430900,KBS
2021-11-19 07:00:00,31138.0,31327.0,28900.0,30570.0,3759500,KBS
2021-11-22 07:00:00,30602.0,30602.0,28679.0,29184.0,2868400,KBS
2021-11-23 07:00:00,28932.0,29310.0,28679.0,29184.0,2895500,KBS
2021-11-24 07:00:00,29278.0,29499.0,28743.0,28743.0,2242500,KBS
2021-11-25 07:00:00,28743.0,29877.0,28679.0,29499.0,4313300,KBS
2021-11-26 07:00:00,29499.0,29846.0,28743.0,29373.0,2508800,KBS
2021-11-29 07:00:00,28869.0,30444.0,28869.0,29940.0,4920500,KBS
2021-11-30 07:00:00,30255.0,32020.0,30255.0,31831.0,13917400,KBS
2021-12-01 07:00:00,31894.0,33407.0,31768.0,32146.0,6363800,KBS
2021-12-02 07:00:00,32146.0,32209.0,31453.0,31579.0,5987300,KBS
2021-12-03 07:00:00,31484.0,31768.0,29625.0,29625.0,9579500,KBS
2021-12-06 07:00:00,29436.0,29562.0,27576.0,28049.0,8525600,KBS
2021-12-07 07:00:00,28490.0,28616.0,27293.0,28396.0,4531100,KBS
2021-12-08 07:00:00,28490.0,29373.0,27955.0,28112.0,4729000,KBS
2021-12-09 07:00:00,28364.0,28553.0,27766.0,27955.0,6547400,KBS
2021-12-10 07:00:00,28049.0,29278.0,28049.0,28774.0,8027900,KBS
2021-12-13 07:00:00,28995.0,29688.0,28995.0,29247.0,9180900,KBS
2021-12-14 07:00:00,29562.0,29751.0,28774.0,28869.0,8621300,KBS
2021-12-15 07:00:00,28806.0,28869.0,28112.0,28238.0,9437200,KBS
2021-12-16 07:00:00,28238.0,29247.0,28207.0,28774.0,8857800,KBS
2021-12-17 07:00:00,28995.0,30760.0,28995.0,30760.0,24422300,KBS
2021-12-20 07:00:00,31264.0,32777.0,30949.0,31264.0,18643100,KBS
2021-12-21 07:00:00,31075.0,32083.0,30949.0,31358.0,11244900,KBS
2021-12-22 07:00:00,31453.0,32903.0,31075.0,31705.0,22752200,KBS
2021-12-23 07:00:00,31957.0,33911.0,31516.0,33911.0,17695800,KBS
2021-12-24 07:00:00,34478.0,35361.0,33155.0,33659.0,9212900,KBS
2021-12-27 07:00:00,33407.0,34289.0,32461.0,34037.0,10140300,KBS
2021-12-28 07:00:00,34352.0,34983.0,33281.0,33722.0,10264400,KBS
2021-12-29 07:00:00,33785.0,34163.0,33407.0,33470.0,7070200,KBS
2021-12-30 07:00:00,33407.0,33533.0,32777.0,32777.0,8495300,KBS
2021-12-31 07:00:00,32903.0,33344.0,32524.0,32587.0,7175800,KBS
2022-01-04 07:00:00,33092.0,34037.0,32966.0,33785.0,7599600,KBS
2022-01-05 07:00:00,34163.0,36117.0,34037.0,35298.0,15128800,KBS
2022-01-06 07:00:00,34983.0,35928.0,34794.0,35109.0,9365900,KBS
2022-01-07 07:00:00,35172.0,36243.0,34857.0,35235.0,8993500,KBS
2022-01-10 07:00:00,35298.0,36306.0,32777.0,32777.0,17803000,KBS
2022-01-11 07:00:00,33407.0,35046.0,32840.0,33785.0,12738000,KBS
2022-01-12 07:00:00,33407.0,34604.0,31421.0,32966.0,16342400,KBS
2022-01-13 07:00:00,33092.0,33407.0,30760.0,30760.0,13499000,KBS
2022-01-14 07:00:00,30066.0,32272.0,30066.0,32020.0,6797500,KBS
2022-01-17 07:00:00,32146.0,32587.0,29783.0,29783.0,10860800,KBS
2022-01-18 07:00:00,28995.0,30570.0,28932.0,29436.0,9045100,KBS
2022-01-19 07:00:00,29940.0,30476.0,29436.0,30161.0,4315100,KBS
2022-01-20 07:00:00,30318.0,31453.0,30066.0,31012.0,5676700,KBS
2022-01-21 07:00:00,31012.0,31579.0,30381.0,30570.0,5712700,KBS
2022-01-24 07:00:00,30381.0,30381.0,28459.0,28459.0,8096200,KBS
2022-01-25 07:00:00,27734.0,29247.0,27419.0,29184.0,6006700,KBS
2022-01-26 07:00:00,29184.0,29593.0,27167.0,27167.0,8658700,KBS
2022-01-27 07:00:00,27041.0,27104.0,25276.0,26158.0,9810000,KBS
2022-01-28 07:00:00,26347.0,26757.0,25528.0,26347.0,3775900,KBS
2022-02-07 07:00:00,26978.0,27356.0,26662.0,27041.0,2314700,KBS
2022-02-08 07:00:00,27041.0,27072.0,26410.0,26536.0,3847300,KBS
2022-02-09 07:00:00,26536.0,27986.0,26284.0,27545.0,6080900,KBS
2022-02-10 07:00:00,27734.0,28049.0,27356.0,27513.0,3159300,KBS
2022-02-11 07:00:00,27261.0,27923.0,27261.0,27450.0,2331200,KBS
2022-02-14 07:00:00,26820.0,27387.0,26536.0,26915.0,4741900,KBS
2022-02-15 07:00:00,27104.0,27482.0,26915.0,27387.0,3131700,KBS
2022-02-16 07:00:00,27608.0,28679.0,27608.0,28364.0,6228500,KBS
2022-02-17 07:00:00,28553.0,28553.0,28049.0,28175.0,2899000,KBS
2022-02-18 07:00:00,27829.0,28553.0,27829.0,28364.0,3896500,KBS
2022-02-21 07:00:00,28364.0,29152.0,28238.0,28774.0,4598500,KBS
2022-02-22 07:00:00,28333.0,28616.0,27639.0,27923.0,6498500,KBS
2022-02-23 07:00:00,28049.0,28301.0,27860.0,27955.0,3645500,KBS
2022-02-24 07:00:00,27797.0,27860.0,26158.0,26915.0,9325400,KBS
2022-02-25 07:00:00,27230.0,27419.0,26915.0,26978.0,4199800,KBS
2022-02-28 07:00:00,27104.0,27797.0,26915.0,27230.0,3965400,KBS
2022-03-01 07:00:00,27482.0,28238.0,27324.0,27986.0,5198100,KBS
2022-03-02 07:00:00,27923.0,27923.0,27230.0,27261.0,4154400,KBS
2022-03-03 07:00:00,27356.0,27545.0,26915.0,27482.0,4607500,KBS
2022-03-04 07:00:00,27734.0,27986.0,27576.0,27734.0,4716700,KBS
2022-03-07 07:00:00,27734.0,28679.0,27734.0,28427.0,7150200,KBS
2022-03-08 07:00:00,27986.0,28301.0,27482.0,27545.0,4845000,KBS
2022-03-09 07:00:00,27576.0,27797.0,26978.0,27198.0,4168800,KBS
2022-03-10 07:00:00,27734.0,27734.0,27230.0,27261.0,2439200,KBS
2022-03-11 07:00:00,27041.0,27892.0,27041.0,27167.0,4118400,KBS
2022-03-14 07:00:00,27293.0,27293.0,26473.0,26599.0,3500800,KBS
2022-03-15 07:00:00,27104.0,27892.0,26662.0,27387.0,4969800,KBS
2022-03-16 07:00:00,27734.0,27734.0,27482.0,27482.0,2369600,KBS
2022-03-17 07:00:00,27482.0,28112.0,27482.0,27766.0,3884300,KBS
2022-03-18 07:00:00,27734.0,28112.0,27482.0,27734.0,5105900,KBS
2022-03-21 07:00:00,27734.0,28081.0,27671.0,27860.0,4651000,KBS
2022-03-22 07:00:00,28112.0,29121.0,27986.0,28490.0,10919800,KBS
2022-03-23 07:00:00,28679.0,28932.0,28144.0,28144.0,3804500,KBS
2022-03-24 07:00:00,27986.0,28616.0,27955.0,28144.0,3866500,KBS
2022-03-25 07:00:00,28207.0,28806.0,28081.0,28238.0,4316400,KBS
2022-03-28 07:00:00,27860.0,28144.0,27104.0,27356.0,5591200,KBS
2022-03-29 07:00:00,27608.0,27829.0,27419.0,27482.0,2991400,KBS
2022-03-30 07:00:00,27135.0,27797.0,27072.0,27135.0,4748000,KBS
2022-03-31 07:00:00,27293.0,27545.0,27104.0,27104.0,2052700,KBS
2022-04-01 07:00:00,26978.0,27482.0,26725.0,27261.0,2594700,KBS
2022-04-04 07:00:00,27639.0,28049.0,27419.0,27576.0,3253100,KBS
2022-04-05 07:00:00,27671.0,28553.0,27671.0,28112.0,6322500,KBS
2022-04-06 07:00:00,27892.0,28679.0,27892.0,28112.0,5862100,KBS
2022-04-07 07:00:00,28144.0,28270.0,27419.0,27482.0,3115600,KBS
2022-04-08 07:00:00,27482.0,27513.0,26852.0,26883.0,3606900,KBS
2022-04-12 07:00:00,26915.0,27230.0,25843.0,25843.0,4073400,KBS
2022-04-13 07:00:00,25969.0,26442.0,25213.0,26442.0,3279400,KBS
2022-04-14 07:00:00,26473.0,26662.0,25717.0,25717.0,2534200,KBS
2022-04-15 07:00:00,25717.0,25748.0,24141.0,24141.0,5857300,KBS
2022-04-18 07:00:00,23952.0,23952.0,22471.0,22471.0,8395100,KBS
2022-04-19 07:00:00,22471.0,22754.0,20927.0,20927.0,6005500,KBS
2022-04-20 07:00:00,20170.0,20769.0,19477.0,19477.0,6905000,KBS
2022-04-21 07:00:00,18594.0,20769.0,18405.0,20170.0,7148300,KBS
2022-04-22 07:00:00,20233.0,20737.0,18783.0,19508.0,3436600,KBS
2022-04-25 07:00:00,19225.0,19666.0,18153.0,18153.0,5208700,KBS
2022-04-26 07:00:00,17113.0,18500.0,17082.0,18468.0,5050700,KBS
2022-04-27 07:00:00,18405.0,18847.0,17964.0,18594.0,2538200,KBS
2022-04-28 07:00:00,18626.0,19067.0,18279.0,18279.0,2790200,KBS
2022-04-29 07:00:00,18153.0,18657.0,18027.0,18468.0,3295700,KBS
2022-05-04 07:00:00,18910.0,19760.0,18720.0,19760.0,5514100,KBS
2022-05-05 07:00:00,20454.0,20454.0,19288.0,19855.0,4738300,KBS
2022-05-06 07:00:00,19225.0,19760.0,18594.0,18594.0,3170000,KBS
2022-05-09 07:00:00,17775.0,18248.0,17302.0,17302.0,3856300,KBS
2022-05-10 07:00:00,16262.0,17397.0,16136.0,17302.0,3583800,KBS
2022-05-11 07:00:00,17523.0,17901.0,17271.0,17523.0,2262400,KBS
2022-05-12 07:00:00,17460.0,17964.0,16325.0,16325.0,3614100,KBS
2022-05-13 07:00:00,16262.0,16514.0,15191.0,15191.0,6452200,KBS
2022-05-16 07:00:00,15758.0,16042.0,15128.0,15159.0,2861700,KBS
2022-05-17 07:00:00,15443.0,16199.0,15285.0,16199.0,3176700,KBS
2022-05-18 07:00:00,16577.0,17176.0,16451.0,16577.0,3441400,KBS
2022-05-19 07:00:00,16042.0,17334.0,16042.0,17082.0,3935800,KBS
2022-05-20 07:00:00,17397.0,17775.0,17019.0,17271.0,4248800,KBS
2022-05-23 07:00:00,17649.0,17712.0,16640.0,17334.0,3355300,KBS
2022-05-24 07:00:00,17466.0,17466.0,16543.0,17136.0,2801700,KBS
2022-05-25 07:00:00,17268.0,18125.0,17235.0,18092.0,3686700,KBS
2022-05-26 07:00:00,18125.0,18322.0,17729.0,17729.0,3317700,KBS
2022-05-27 07:00:00,17762.0,18059.0,17663.0,17762.0,2598500,KBS
2022-05-30 07:00:00,17927.0,18191.0,17729.0,17795.0,2362900,KBS
2022-05-31 07:00:00,17762.0,18191.0,17630.0,17960.0,3663800,KBS
2022-06-01 07:00:00,17927.0,18355.0,17861.0,18059.0,2662000,KBS
2022-06-02 07:00:00,18092.0,18322.0,17531.0,17531.0,3174000,KBS
2022-06-03 07:00:00,17531.0,17597.0,16774.0,17004.0,4253800,KBS
2022-06-06 07:00:00,16872.0,17334.0,16477.0,16543.0,3302300,KBS
2022-06-07 07:00:00,16477.0,16510.0,15488.0,16279.0,3846400,KBS
2022-06-08 07:00:00,16477.0,17070.0,16477.0,17004.0,3121200,KBS
2022-06-09 07:00:00,17004.0,17433.0,17004.0,17136.0,2285400,KBS
2022-06-10 07:00:00,16872.0,17531.0,16872.0,17004.0,3961100,KBS
2022-06-13 07:00:00,16411.0,16543.0,15818.0,15818.0,4463700,KBS
2022-06-14 07:00:00,15422.0,15917.0,15225.0,15422.0,2921000,KBS
2022-06-15 07:00:00,16082.0,16082.0,14368.0,14368.0,4774800,KBS
2022-06-16 07:00:00,14632.0,14862.0,14368.0,14368.0,2518300,KBS
2022-06-17 07:00:00,13775.0,13907.0,13379.0,13379.0,5691400,KBS
2022-06-20 07:00:00,13182.0,13709.0,12457.0,12457.0,2508300,KBS
2022-06-21 07:00:00,11666.0,12424.0,11600.0,11633.0,5535100,KBS
2022-06-22 07:00:00,11863.0,12424.0,11666.0,12424.0,3231500,KBS
2022-06-23 07:00:00,12424.0,12588.0,12160.0,12588.0,1496200,KBS
2022-06-24 07:00:00,12720.0,13116.0,12588.0,12720.0,2961000,KBS
2022-06-27 07:00:00,12753.0,13050.0,12522.0,13017.0,2159700,KBS
2022-06-28 07:00:00,13116.0,13676.0,13116.0,13313.0,2623700,KBS
2022-06-29 07:00:00,13280.0,13445.0,13083.0,13412.0,3378900,KBS
2022-06-30 07:00:00,13630.0,13920.0,12687.0,12687.0,2400700,KBS
2022-07-01 07:00:00,12687.0,13340.0,12397.0,13195.0,2532100,KBS
2022-07-04 07:00:00,13485.0,13521.0,13158.0,13340.0,1453400,KBS
2022-07-05 07:00:00,13412.0,13412.0,12723.0,12723.0,2042800,KBS
2022-07-06 07:00:00,12615.0,12905.0,12397.0,12397.0,2278500,KBS
2022-07-07 07:00:00,12325.0,12651.0,12216.0,12470.0,1794600,KBS
2022-07-08 07:00:00,12615.0,13340.0,12615.0,13340.0,2796400,KBS
2022-07-11 07:00:00,13448.0,13956.0,13376.0,13702.0,4133400,KBS
2022-07-12 07:00:00,13702.0,14318.0,13630.0,14246.0,2889300,KBS
2022-07-13 07:00:00,14355.0,14608.0,14065.0,14065.0,3625400,KBS
2022-07-14 07:00:00,13920.0,14282.0,13920.0,14282.0,2484500,KBS
2022-07-15 07:00:00,14282.0,14645.0,14282.0,14427.0,2958600,KBS
2022-07-18 07:00:00,14572.0,15406.0,14500.0,15188.0,7447900,KBS
2022-07-19 07:00:00,15152.0,15188.0,14608.0,14935.0,2807000,KBS
2022-07-20 07:00:00,15370.0,15696.0,15152.0,15261.0,3076100,KBS
2022-07-21 07:00:00,15080.0,15370.0,14971.0,15043.0,2721100,KBS
2022-07-22 07:00:00,15043.0,15768.0,15043.0,15297.0,4551600,KBS
2022-07-25 07:00:00,15297.0,15442.0,15080.0,15116.0,3184400,KBS
2022-07-26 07:00:00,15116.0,15805.0,15116.0,15587.0,5236400,KBS
2022-07-27 07:00:00,15370.0,16240.0,15370.0,16240.0,4355700,KBS
2022-07-28 07:00:00,16602.0,16783.0,16240.0,16240.0,4542400,KBS
2022-07-29 07:00:00,16276.0,16566.0,16095.0,16312.0,3574900,KBS
2022-08-01 07:00:00,16602.0,17001.0,16530.0,16892.0,5090900,KBS
2022-08-02 07:00:00,17037.0,17363.0,16928.0,17037.0,5153200,KBS
2022-08-03 07:00:00,16820.0,17255.0,16602.0,16965.0,5162100,KBS
2022-08-04 07:00:00,17001.0,17291.0,16820.0,16856.0,3411500,KBS
2022-08-05 07:00:00,16820.0,17182.0,16675.0,17182.0,3508600,KBS
2022-08-08 07:00:00,17255.0,17690.0,17110.0,17182.0,3636400,KBS
2022-08-09 07:00:00,17291.0,17291.0,17001.0,17073.0,3137100,KBS
2022-08-10 07:00:00,17037.0,17690.0,16892.0,17327.0,4491900,KBS
2022-08-11 07:00:00,17726.0,17726.0,16602.0,16675.0,5138400,KBS
2022-08-12 07:00:00,16675.0,16965.0,16602.0,16711.0,3323200,KBS
2022-08-15 07:00:00,16783.0,16965.0,16675.0,16928.0,5454800,KBS
2022-08-16 07:00:00,17037.0,17400.0,16928.0,17255.0,5136100,KBS
2022-08-17 07:00:00,17472.0,17581.0,16928.0,16965.0,4189900,KBS
2022-08-18 07:00:00,16892.0,17037.0,16783.0,16783.0,2963100,KBS
2022-08-19 07:00:00,16783.0,16892.0,16131.0,16312.0,6029000,KBS
2022-08-22 07:00:00,16131.0,16240.0,15623.0,15660.0,4839400,KBS
2022-08-23 07:00:00,15370.0,16385.0,15370.0,16385.0,3092800,KBS
2022-08-24 07:00:00,16421.0,16675.0,16348.0,16421.0,2680500,KBS
2022-08-25 07:00:00,16385.0,16566.0,16312.0,16421.0,2402400,KBS
2022-08-26 07:00:00,16348.0,16566.0,16167.0,16167.0,3242600,KBS
2022-08-29 07:00:00,15551.0,16022.0,15442.0,15732.0,4358400,KBS
2022-08-30 07:00:00,15913.0,16058.0,15732.0,15732.0,2799900,KBS
2022-08-31 07:00:00,15660.0,15913.0,15587.0,15696.0,2227200,KBS
2022-09-05 07:00:00,15732.0,16421.0,15732.0,16276.0,3411600,KBS
2022-09-06 07:00:00,16457.0,17001.0,16385.0,16747.0,6964600,KBS
2022-09-07 07:00:00,16675.0,16965.0,16312.0,16312.0,6859800,KBS
2022-09-08 07:00:00,16602.0,16602.0,15877.0,15950.0,4360200,KBS
2022-09-09 07:00:00,16095.0,16240.0,15043.0,16167.0,4192600,KBS
2022-09-12 07:00:00,16493.0,16530.0,15986.0,15986.0,2312200,KBS
2022-09-13 07:00:00,16058.0,16675.0,15986.0,16675.0,4389800,KBS
2022-09-14 07:00:00,16312.0,17690.0,16312.0,17545.0,15915200,KBS
2022-09-15 07:00:00,17762.0,17943.0,17363.0,17400.0,5315100,KBS
2022-09-16 07:00:00,17327.0,18487.0,17218.0,18306.0,15117200,KBS
2022-09-19 07:00:00,18487.0,18958.0,17980.0,18088.0,10635400,KBS
2022-09-20 07:00:00,18306.0,18342.0,17327.0,17653.0,8412400,KBS
2022-09-21 07:00:00,17400.0,18705.0,17400.0,18016.0,9686600,KBS
2022-09-22 07:00:00,18016.0,18705.0,17943.0,18705.0,7833300,KBS
2022-09-23 07:00:00,18813.0,19321.0,18270.0,18270.0,10519600,KBS
2022-09-26 07:00:00,17907.0,18850.0,17472.0,18850.0,12741300,KBS
2022-09-27 07:00:00,19140.0,19212.0,18705.0,18705.0,6351900,KBS
2022-09-28 07:00:00,18523.0,18632.0,17400.0,17400.0,14540500,KBS
2022-09-29 07:00:00,17363.0,17472.0,16203.0,16203.0,12651800,KBS
2022-09-30 07:00:00,15442.0,15913.0,15080.0,15478.0,12303000,KBS
2022-10-03 07:00:00,15225.0,15805.0,14427.0,14427.0,7202800,KBS
2022-10-04 07:00:00,14608.0,14753.0,13448.0,13448.0,7883000,KBS
2022-10-05 07:00:00,13738.0,14173.0,13557.0,13883.0,4811600,KBS
2022-10-06 07:00:00,13775.0,14028.0,12941.0,12941.0,6585400,KBS
2022-10-07 07:00:00,12397.0,12651.0,12071.0,12071.0,9506700,KBS
2022-10-10 07:00:00,12035.0,12687.0,11491.0,12470.0,5774000,KBS
2022-10-11 07:00:00,12397.0,12397.0,11600.0,11600.0,4558700,KBS
2022-10-12 07:00:00,11310.0,12180.0,10947.0,11165.0,7424100,KBS
2022-10-13 07:00:00,11455.0,11745.0,11346.0,11672.0,4443300,KBS
2022-10-14 07:00:00,12143.0,12288.0,11962.0,12035.0,5080800,KBS
2022-10-17 07:00:00,12035.0,12868.0,11854.0,12868.0,7165900,KBS
2022-10-18 07:00:00,13195.0,13412.0,12723.0,12760.0,6424000,KBS
2022-10-19 07:00:00,12796.0,13195.0,12723.0,12832.0,4453500,KBS
2022-10-20 07:00:00,12723.0,13158.0,12325.0,12325.0,6384000,KBS
2022-10-21 07:00:00,12325.0,12542.0,11491.0,11491.0,7762500,KBS
2022-10-24 07:00:00,11564.0,11600.0,10694.0,10694.0,4769200,KBS
2022-10-25 07:00:00,10512.0,11201.0,9969.0,10295.0,6965900,KBS
2022-10-26 07:00:00,10512.0,10657.0,9824.0,9824.0,3622600,KBS
2022-10-27 07:00:00,9932.0,10476.0,9824.0,10476.0,3778900,KBS
2022-10-28 07:00:00,10766.0,11201.0,10730.0,10911.0,6654200,KBS
2022-10-31 07:00:00,11020.0,11600.0,10621.0,11564.0,6232100,KBS
2022-11-01 07:00:00,11817.0,11926.0,11527.0,11527.0,3908400,KBS
2022-11-02 07:00:00,11672.0,11926.0,11455.0,11455.0,4347900,KBS
2022-11-03 07:00:00,11237.0,12252.0,11237.0,12252.0,8257600,KBS
2022-11-04 07:00:00,12035.0,12252.0,11419.0,11419.0,8738100,KBS
2022-11-07 07:00:00,11491.0,11817.0,10621.0,10621.0,7573700,KBS
2022-11-08 07:00:00,10222.0,11237.0,10222.0,11092.0,4492300,KBS
2022-11-09 07:00:00,11237.0,11745.0,11092.0,11310.0,4115500,KBS
2022-11-10 07:00:00,10875.0,11165.0,10549.0,10549.0,4294400,KBS
2022-11-11 07:00:00,10839.0,10875.0,9824.0,9824.0,7940100,KBS
2022-11-14 07:00:00,9425.0,9570.0,9171.0,9171.0,3438000,KBS
2022-11-15 07:00:00,8555.0,8772.0,8555.0,8555.0,3410700,KBS
2022-11-16 07:00:00,7975.0,9135.0,7975.0,9135.0,13151000,KBS
2022-11-17 07:00:00,9461.0,9642.0,9207.0,9352.0,2985700,KBS
2022-11-18 07:00:00,9135.0,10005.0,8736.0,10005.0,8263200,KBS
2022-11-21 07:00:00,10222.0,10512.0,10041.0,10295.0,5533300,KBS
2022-11-22 07:00:00,10295.0,10947.0,10005.0,10150.0,7593600,KBS
2022-11-23 07:00:00,9932.0,10259.0,9461.0,9461.0,4484700,KBS
2022-11-24 07:00:00,9244.0,9570.0,8954.0,9425.0,5070600,KBS
2022-11-25 07:00:00,9787.0,10077.0,9570.0,10077.0,5175900,KBS
2022-11-28 07:00:00,10621.0,10766.0,10585.0,10766.0,5494800,KBS
2022-11-29 07:00:00,10947.0,11201.0,10367.0,11092.0,10656500,KBS
2022-11-30 07:00:00,11201.0,11382.0,10802.0,11310.0,8876200,KBS
2022-12-01 07:00:00,11600.0,12071.0,11056.0,11310.0,12310000,KBS
2022-12-02 07:00:00,11020.0,12071.0,10947.0,12071.0,11612800,KBS
2022-12-05 07:00:00,12615.0,12905.0,12433.0,12905.0,10576500,KBS
2022-12-06 07:00:00,12470.0,12832.0,12035.0,12035.0,20071000,KBS
2022-12-07 07:00:00,11962.0,12397.0,11419.0,11817.0,8412200,KBS
2022-12-08 07:00:00,11962.0,12615.0,11854.0,12252.0,8366200,KBS
2022-12-09 07:00:00,12216.0,13086.0,11854.0,13086.0,13688800,KBS
2022-12-12 07:00:00,13775.0,13956.0,13050.0,13050.0,14343600,KBS
2022-12-13 07:00:00,13050.0,13775.0,12615.0,13775.0,11216400,KBS
2022-12-14 07:00:00,13847.0,14355.0,13412.0,13412.0,8747800,KBS
2022-12-15 07:00:00,13412.0,13557.0,12941.0,13303.0,7173900,KBS
2022-12-16 07:00:00,13013.0,14028.0,12977.0,13630.0,10103800,KBS
2022-12-19 07:00:00,13267.0,13702.0,12905.0,12905.0,12217100,KBS
2022-12-20 07:00:00,12832.0,12977.0,12035.0,12035.0,13651700,KBS
2022-12-21 07:00:00,12325.0,12325.0,11201.0,11527.0,7443900,KBS
2022-12-22 07:00:00,11890.0,11890.0,11165.0,11600.0,5337100,KBS
2022-12-23 07:00:00,11672.0,12107.0,11600.0,11745.0,4353400,KBS
2022-12-26 07:00:00,11854.0,12433.0,11310.0,11455.0,8399700,KBS
2022-12-27 07:00:00,11672.0,12180.0,11455.0,12180.0,4226600,KBS
2022-12-28 07:00:00,12180.0,12288.0,11854.0,11926.0,4291500,KBS
2022-12-29 07:00:00,11854.0,12470.0,11854.0,12071.0,6218900,KBS
2022-12-30 07:00:00,12216.0,12832.0,11999.0,12506.0,7047300,KBS
2023-01-03 07:00:00,12832.0,13376.0,12796.0,13376.0,7707800,KBS
2023-01-04 07:00:00,13738.0,14028.0,13231.0,13231.0,12122100,KBS
2023-01-05 07:00:00,13303.0,13883.0,13195.0,13883.0,10536900,KBS
2023-01-06 07:00:00,13992.0,13992.0,13267.0,13267.0,9395200,KBS
2023-01-09 07:00:00,13448.0,13593.0,13013.0,13122.0,6672400,KBS
2023-01-10 07:00:00,13122.0,14028.0,12796.0,14028.0,15736400,KBS
2023-01-11 07:00:00,14355.0,14427.0,14028.0,14137.0,8804300,KBS
2023-01-12 07:00:00,14210.0,14753.0,13992.0,14753.0,11251800,KBS
2023-01-13 07:00:00,14826.0,15007.0,14282.0,14282.0,9218900,KBS
2023-01-16 07:00:00,14355.0,14862.0,14210.0,14572.0,8662500,KBS
2023-01-17 07:00:00,14717.0,15188.0,14717.0,14862.0,8789200,KBS
2023-01-18 07:00:00,14898.0,15370.0,14681.0,15152.0,8570900,KBS
2023-01-19 07:00:00,15007.0,15370.0,14935.0,15370.0,7779900,KBS
2023-01-27 07:00:00,15587.0,16095.0,15406.0,15660.0,9179200,KBS
2023-01-30 07:00:00,15660.0,16058.0,15080.0,15116.0,13670800,KBS
2023-01-31 07:00:00,15007.0,15841.0,14935.0,15841.0,8702900,KBS
2023-02-01 07:00:00,15950.0,16095.0,14753.0,14753.0,12551300,KBS
2023-02-02 07:00:00,14790.0,14898.0,14355.0,14391.0,8482400,KBS
2023-02-03 07:00:00,14500.0,15225.0,14500.0,14935.0,6982100,KBS
2023-02-06 07:00:00,14717.0,15080.0,14681.0,14862.0,4346800,KBS
2023-02-07 07:00:00,15043.0,15043.0,13920.0,14028.0,7840500,KBS
2023-02-08 07:00:00,14246.0,14681.0,13630.0,14318.0,6864400,KBS
2023-02-09 07:00:00,14318.0,14608.0,14210.0,14391.0,3729700,KBS
2023-02-10 07:00:00,14355.0,14463.0,13992.0,13992.0,3966700,KBS
2023-02-13 07:00:00,13738.0,13920.0,13267.0,13557.0,6452800,KBS
2023-02-14 07:00:00,13738.0,13920.0,13557.0,13666.0,3302100,KBS
2023-02-15 07:00:00,13702.0,14608.0,13702.0,14608.0,10046600,KBS
2023-02-16 07:00:00,14862.0,14971.0,14645.0,14862.0,4894000,KBS
2023-02-17 07:00:00,14826.0,15478.0,14790.0,15116.0,8702200,KBS
2023-02-20 07:00:00,15370.0,15732.0,15152.0,15732.0,7133400,KBS
2023-02-21 07:00:00,15913.0,16348.0,15406.0,15587.0,14522700,KBS
2023-02-22 07:00:00,15225.0,15913.0,14971.0,14971.0,11811200,KBS
2023-02-23 07:00:00,14971.0,15152.0,14210.0,15152.0,9469700,KBS
2023-02-24 07:00:00,15152.0,15297.0,14536.0,14608.0,4012000,KBS
2023-02-27 07:00:00,14355.0,14427.0,13775.0,13920.0,7002700,KBS
2023-02-28 07:00:00,14101.0,14318.0,13847.0,13920.0,4130500,KBS
2023-03-01 07:00:00,13920.0,14790.0,13811.0,14790.0,5050500,KBS
2023-03-02 07:00:00,14898.0,14971.0,14427.0,14463.0,2940300,KBS
2023-03-03 07:00:00,14500.0,14790.0,14210.0,14210.0,4793200,KBS
2023-03-06 07:00:00,14500.0,14717.0,14246.0,14355.0,3371100,KBS
2023-03-07 07:00:00,14572.0,14645.0,14355.0,14572.0,3252900,KBS
2023-03-08 07:00:00,14463.0,15225.0,14355.0,15225.0,8965700,KBS
2023-03-09 07:00:00,15297.0,15406.0,15116.0,15152.0,5978900,KBS
2023-03-10 07:00:00,15007.0,15152.0,14717.0,14935.0,6954400,KBS
2023-03-13 07:00:00,14753.0,14826.0,14500.0,14608.0,4379500,KBS
2023-03-14 07:00:00,14500.0,14717.0,13883.0,13920.0,7869600,KBS
2023-03-15 07:00:00,14427.0,14753.0,14210.0,14681.0,4151400,KBS
2023-03-16 07:00:00,14427.0,14572.0,14137.0,14427.0,3800500,KBS
2023-03-17 07:00:00,14608.0,14645.0,14355.0,14536.0,3543600,KBS
2023-03-20 07:00:00,14355.0,14790.0,14137.0,14137.0,4625300,KBS
2023-03-21 07:00:00,14355.0,14500.0,14065.0,14463.0,3877200,KBS
2023-03-22 07:00:00,14536.0,14717.0,14282.0,14282.0,4466200,KBS
2023-03-23 07:00:00,14210.0,14427.0,14137.0,14282.0,3054500,KBS
2023-03-24 07:00:00,14355.0,14862.0,14355.0,14608.0,11316100,KBS
2023-03-27 07:00:00,14681.0,15225.0,14572.0,15225.0,12796300,KBS
2023-03-28 07:00:00,15333.0,15732.0,15043.0,15043.0,11111600,KBS
2023-03-29 07:00:00,15007.0,15116.0,14826.0,15043.0,7496900,KBS
2023-03-30 07:00:00,15297.0,15370.0,14826.0,14826.0,7776300,KBS
2023-03-31 07:00:00,14898.0,14971.0,14463.0,14753.0,9515400,KBS
2023-04-03 07:00:00,15080.0,15188.0,14862.0,15188.0,10824100,KBS
2023-04-04 07:00:00,15297.0,15478.0,15080.0,15080.0,11782400,KBS
2023-04-05 07:00:00,15080.0,15370.0,15007.0,15261.0,10242200,KBS
2023-04-06 07:00:00,15406.0,15913.0,15188.0,15225.0,25590400,KBS
2023-04-07 07:00:00,15225.0,15297.0,14971.0,15152.0,7104000,KBS
2023-04-10 07:00:00,15225.0,15333.0,14463.0,14463.0,21141900,KBS
2023-04-11 07:00:00,14463.0,14608.0,14355.0,14572.0,7525900,KBS
2023-04-12 07:00:00,14645.0,14790.0,14500.0,14572.0,9043600,KBS
2023-04-13 07:00:00,14572.0,14645.0,14427.0,14427.0,4761400,KBS
2023-04-14 07:00:00,14500.0,14536.0,14137.0,14137.0,8307900,KBS
2023-04-17 07:00:00,14210.0,14355.0,14065.0,14137.0,4325900,KBS
2023-04-18 07:00:00,14210.0,14681.0,14137.0,14608.0,12313900,KBS
2023-04-19 07:00:00,14645.0,14645.0,14282.0,14282.0,4147100,KBS
2023-04-20 07:00:00,14318.0,14391.0,14137.0,14210.0,2971400,KBS
2023-04-21 07:00:00,14210.0,14282.0,13811.0,13920.0,7571700,KBS
2023-04-24 07:00:00,13920.0,14028.0,13666.0,13775.0,4731700,KBS
2023-04-25 07:00:00,13883.0,14065.0,13702.0,13702.0,3733100,KBS
2023-04-26 07:00:00,13702.0,13992.0,13593.0,13992.0,2986800,KBS
2023-04-27 07:00:00,13992.0,14173.0,13920.0,13920.0,3389000,KBS
2023-04-28 07:00:00,14065.0,14065.0,13847.0,13883.0,3847500,KBS
2023-05-04 07:00:00,13811.0,14173.0,13738.0,13992.0,4219100,KBS
2023-05-05 07:00:00,13920.0,14028.0,13883.0,13883.0,2253600,KBS
2023-05-08 07:00:00,13956.0,14173.0,13956.0,14173.0,4111200,KBS
2023-05-09 07:00:00,14282.0,14427.0,14210.0,14246.0,4456200,KBS
2023-05-10 07:00:00,14282.0,14391.0,14137.0,14282.0,5537000,KBS
2023-05-11 07:00:00,14355.0,14427.0,14246.0,14282.0,7700800,KBS
2023-05-12 07:00:00,14210.0,14717.0,14210.0,14536.0,9412200,KBS
2023-05-15 07:00:00,14790.0,14862.0,14427.0,14427.0,5863100,KBS
2023-05-16 07:00:00,14463.0,14681.0,14355.0,14391.0,5881900,KBS
2023-05-17 07:00:00,14427.0,14463.0,13992.0,13992.0,7868500,KBS
2023-05-18 07:00:00,14065.0,14210.0,13992.0,13992.0,4484900,KBS
2023-05-19 07:00:00,14028.0,14210.0,13920.0,14137.0,4287400,KBS
2023-05-22 07:00:00,14282.0,15007.0,14246.0,14898.0,15795800,KBS
2023-05-23 07:00:00,14935.0,14971.0,14608.0,14681.0,8191300,KBS
2023-05-24 07:00:00,14717.0,14935.0,14608.0,14681.0,10934100,KBS
2023-05-25 07:00:00,14645.0,15116.0,14536.0,14935.0,14335500,KBS
2023-05-26 07:00:00,15080.0,15370.0,14971.0,15043.0,9550800,KBS
2023-05-29 07:00:00,15225.0,15515.0,15043.0,15297.0,14088900,KBS
2023-05-30 07:00:00,15406.0,15515.0,15188.0,15370.0,10748800,KBS
2023-05-31 07:00:00,15406.0,15732.0,15116.0,15152.0,11118200,KBS
2023-06-01 07:00:00,15188.0,15333.0,15043.0,15116.0,10013700,KBS
2023-06-02 07:00:00,15442.0,15805.0,15152.0,15732.0,17158700,KBS
2023-06-05 07:00:00,15950.0,16095.0,15587.0,15587.0,8730600,KBS
2023-06-06 07:00:00,15587.0,15805.0,15478.0,15805.0,11325600,KBS
2023-06-07 07:00:00,16095.0,16493.0,16058.0,16276.0,15280400,KBS
2023-06-08 07:00:00,16385.0,16385.0,15587.0,15587.0,20483900,KBS
2023-06-09 07:00:00,15660.0,15732.0,15225.0,15551.0,11067200,KBS
2023-06-12 07:00:00,15660.0,16095.0,15551.0,15950.0,14665400,KBS
2023-06-13 07:00:00,16058.0,16058.0,15660.0,15805.0,12662700,KBS
2023-06-14 07:00:00,16204.0,16204.0,15805.0,15805.0,9988600,KBS
2023-06-15 07:00:00,15725.0,15884.0,15565.0,15685.0,5138700,KBS
2023-06-16 07:00:00,15924.0,16204.0,15685.0,15805.0,9509900,KBS
2023-06-19 07:00:00,15964.0,16603.0,15964.0,16204.0,14581300,KBS
2023-06-20 07:00:00,16403.0,16842.0,16244.0,16842.0,10078900,KBS
2023-06-21 07:00:00,17002.0,17122.0,16842.0,17002.0,11084200,KBS
2023-06-22 07:00:00,17162.0,17162.0,16882.0,17002.0,10754900,KBS
2023-06-23 07:00:00,17042.0,17441.0,16922.0,17042.0,9637900,KBS
2023-06-26 07:00:00,17361.0,17481.0,16922.0,17321.0,15247300,KBS
2023-06-27 07:00:00,17481.0,17481.0,17202.0,17241.0,6878800,KBS
2023-06-28 07:00:00,17361.0,17401.0,16962.0,17002.0,9761000,KBS
2023-06-29 07:00:00,17002.0,17162.0,16643.0,16643.0,12381900,KBS
2023-06-30 07:00:00,16683.0,16882.0,16603.0,16643.0,4857600,KBS
2023-07-03 07:00:00,16802.0,17202.0,16723.0,16802.0,6408200,KBS
2023-07-04 07:00:00,16842.0,17042.0,16802.0,17042.0,6244000,KBS
2023-07-05 07:00:00,17241.0,17561.0,17042.0,17042.0,12127600,KBS
2023-07-06 07:00:00,17122.0,17202.0,16842.0,16962.0,8309300,KBS
2023-07-07 07:00:00,16922.0,17800.0,16922.0,17680.0,18830100,KBS
2023-07-10 07:00:00,17960.0,18040.0,17641.0,17720.0,7786400,KBS
2023-07-11 07:00:00,17800.0,17880.0,17401.0,17521.0,12462500,KBS
2023-07-12 07:00:00,17521.0,17880.0,17481.0,17641.0,7799100,KBS
2023-07-13 07:00:00,17760.0,18000.0,17680.0,17760.0,7441700,KBS
2023-07-14 07:00:00,17800.0,18319.0,17720.0,18199.0,14503300,KBS
2023-07-17 07:00:00,18359.0,18479.0,18120.0,18120.0,8450700,KBS
2023-07-18 07:00:00,17920.0,18718.0,17880.0,18359.0,13081900,KBS
2023-07-19 07:00:00,18439.0,18758.0,18359.0,18399.0,9980500,KBS
2023-07-20 07:00:00,18359.0,18678.0,18279.0,18598.0,8272100,KBS
2023-07-21 07:00:00,18598.0,18798.0,18479.0,18718.0,8046500,KBS
2023-07-24 07:00:00,18878.0,19995.0,18798.0,19995.0,11930000,KBS
2023-07-25 07:00:00,20594.0,20953.0,19955.0,20195.0,13281800,KBS
2023-07-26 07:00:00,20195.0,20195.0,19836.0,20035.0,8932800,KBS
2023-07-27 07:00:00,20115.0,21073.0,20115.0,20993.0,13728600,KBS
2023-07-28 07:00:00,20993.0,21033.0,19556.0,20275.0,28436800,KBS
2023-07-31 07:00:00,20594.0,20913.0,20394.0,20554.0,9822600,KBS
2023-08-01 07:00:00,20674.0,21991.0,20674.0,21991.0,24963400,KBS
2023-08-02 07:00:00,22111.0,22430.0,21312.0,21791.0,15658500,KBS
2023-08-03 07:00:00,21392.0,21552.0,20634.0,20953.0,18781500,KBS
2023-08-04 07:00:00,20993.0,21951.0,20873.0,21552.0,11234000,KBS
2023-08-07 07:00:00,21312.0,21472.0,21033.0,21153.0,13526700,KBS
2023-08-08 07:00:00,21312.0,21672.0,21193.0,21233.0,7967300,KBS
2023-08-09 07:00:00,21272.0,21592.0,21153.0,21312.0,9374700,KBS
2023-08-10 07:00:00,21352.0,21432.0,20714.0,20913.0,8954100,KBS
2023-08-11 07:00:00,20953.0,21113.0,20195.0,20754.0,10864000,KBS
2023-08-14 07:00:00,20953.0,21672.0,20833.0,21233.0,7033100,KBS
2023-08-15 07:00:00,21113.0,21672.0,20993.0,21233.0,10994800,KBS
2023-08-16 07:00:00,21233.0,21632.0,21073.0,21233.0,7657600,KBS
2023-08-17 07:00:00,21432.0,21951.0,21193.0,21392.0,19068200,KBS
2023-08-18 07:00:00,21392.0,22230.0,20315.0,20355.0,40712700,KBS
2023-08-21 07:00:00,20993.0,21073.0,20355.0,20594.0,8488100,KBS
2023-08-22 07:00:00,20993.0,21073.0,19756.0,20754.0,17618500,KBS
2023-08-23 07:00:00,20993.0,21512.0,20674.0,21113.0,14665700,KBS
2023-08-24 07:00:00,21312.0,21711.0,21113.0,21632.0,12325600,KBS
2023-08-25 07:00:00,22310.0,22590.0,21153.0,21153.0,33151600,KBS
2023-08-28 07:00:00,21312.0,21512.0,20674.0,21392.0,19000400,KBS
2023-08-29 07:00:00,21472.0,22190.0,21472.0,21791.0,29322400,KBS
2023-08-30 07:00:00,21951.0,21951.0,21592.0,21911.0,15116000,KBS
2023-08-31 07:00:00,22190.0,23068.0,22031.0,23068.0,33014300,KBS
2023-09-05 07:00:00,23268.0,23428.0,22909.0,23108.0,15946400,KBS
2023-09-06 07:00:00,23108.0,23348.0,22789.0,23228.0,15588100,KBS
2023-09-07 07:00:00,23468.0,23547.0,22789.0,22869.0,21343700,KBS
2023-09-08 07:00:00,22749.0,23468.0,22669.0,23468.0,19407900,KBS
2023-09-11 07:00:00,23587.0,23667.0,22430.0,22430.0,19755200,KBS
2023-09-12 07:00:00,22590.0,23068.0,22111.0,22989.0,12300600,KBS
2023-09-13 07:00:00,23068.0,23547.0,22669.0,22989.0,20181200,KBS
2023-09-14 07:00:00,22949.0,23148.0,22230.0,22230.0,13888700,KBS
2023-09-15 07:00:00,22310.0,22510.0,21592.0,21791.0,15321200,KBS
2023-09-18 07:00:00,21552.0,21911.0,21312.0,21312.0,11012600,KBS
2023-09-19 07:00:00,21472.0,21672.0,20833.0,21672.0,12184300,KBS
2023-09-20 07:00:00,21711.0,22230.0,21672.0,22111.0,7658500,KBS
2023-09-21 07:00:00,22150.0,22510.0,21672.0,21672.0,11801400,KBS
2023-09-22 07:00:00,21153.0,21432.0,20155.0,20275.0,14881400,KBS
2023-09-25 07:00:00,20275.0,20674.0,18878.0,18878.0,14228000,KBS
2023-09-26 07:00:00,18638.0,19516.0,18359.0,18359.0,13189700,KBS
2023-09-27 07:00:00,18319.0,19157.0,18159.0,19157.0,10076700,KBS
2023-09-28 07:00:00,19157.0,19317.0,18598.0,19117.0,8998000,KBS
2023-09-29 07:00:00,19516.0,19556.0,19077.0,19277.0,8850900,KBS
2023-10-02 07:00:00,19357.0,20035.0,19197.0,19836.0,6953400,KBS
2023-10-03 07:00:00,19397.0,19915.0,18598.0,18718.0,13774000,KBS
2023-10-04 07:00:00,18598.0,19556.0,18519.0,19317.0,11282900,KBS
2023-10-05 07:00:00,19556.0,19796.0,19277.0,19437.0,8641400,KBS
2023-10-06 07:00:00,19716.0,20355.0,19596.0,20355.0,10888800,KBS
2023-10-09 07:00:00,20275.0,20474.0,19995.0,20315.0,7942500,KBS
2023-10-10 07:00:00,20634.0,20674.0,19995.0,19995.0,9082100,KBS
2023-10-11 07:00:00,20115.0,20594.0,20035.0,20594.0,7348900,KBS
2023-10-12 07:00:00,20674.0,20833.0,20355.0,20554.0,7884500,KBS
2023-10-13 07:00:00,20235.0,20674.0,19955.0,20434.0,7819900,KBS
2023-10-16 07:00:00,20514.0,20594.0,19955.0,19955.0,7162000,KBS
2023-10-17 07:00:00,20195.0,20275.0,18559.0,18559.0,7656900,KBS
2023-10-18 07:00:00,18838.0,18878.0,17281.0,17880.0,14952800,KBS
2023-10-19 07:00:00,17920.0,17960.0,17122.0,17162.0,9555200,KBS
2023-10-20 07:00:00,17002.0,18319.0,17002.0,18319.0,8848500,KBS
2023-10-23 07:00:00,18239.0,18399.0,17840.0,18279.0,6046800,KBS
2023-10-24 07:00:00,18159.0,18678.0,17920.0,18598.0,5658600,KBS
2023-10-25 07:00:00,18638.0,18798.0,18120.0,18199.0,4518400,KBS
2023-10-26 07:00:00,17760.0,17760.0,16962.0,16962.0,15539700,KBS
2023-10-27 07:00:00,17162.0,17241.0,16244.0,17082.0,7229000,KBS
2023-10-30 07:00:00,16962.0,17122.0,15964.0,15964.0,4128800,KBS
2023-10-31 07:00:00,16124.0,16284.0,15126.0,15166.0,9236200,KBS
2023-11-01 07:00:00,15246.0,15805.0,15206.0,15765.0,6617800,KBS
2023-11-02 07:00:00,16084.0,16842.0,16044.0,16842.0,8391000,KBS
2023-11-03 07:00:00,17042.0,17641.0,16882.0,17281.0,11373100,KBS
2023-11-06 07:00:00,17561.0,17561.0,17002.0,17521.0,7497900,KBS
2023-11-07 07:00:00,17401.0,17880.0,17002.0,17082.0,9698000,KBS
2023-11-08 07:00:00,17162.0,18239.0,17122.0,18239.0,10365300,KBS
2023-11-09 07:00:00,18359.0,18918.0,18199.0,18399.0,12068900,KBS
2023-11-10 07:00:00,18120.0,18918.0,18120.0,18359.0,13077700,KBS
2023-11-13 07:00:00,18439.0,18718.0,17960.0,18559.0,6199500,KBS
2023-11-14 07:00:00,18798.0,18958.0,18519.0,18718.0,7555100,KBS
2023-11-15 07:00:00,19157.0,19237.0,18479.0,18598.0,7619200,KBS
2023-11-16 07:00:00,18439.0,18798.0,18319.0,18798.0,7323200,KBS
2023-11-17 07:00:00,18838.0,19237.0,18359.0,18439.0,13081400,KBS
2023-11-20 07:00:00,17960.0,18638.0,17880.0,18479.0,8074300,KBS
2023-11-21 07:00:00,18758.0,18878.0,18598.0,18838.0,5871100,KBS
2023-11-22 07:00:00,18998.0,19476.0,18918.0,19157.0,11793600,KBS
2023-11-23 07:00:00,19197.0,19357.0,17880.0,17880.0,12151600,KBS
2023-11-24 07:00:00,18199.0,18199.0,17241.0,18080.0,9571000,KBS
2023-11-27 07:00:00,18080.0,18319.0,17641.0,17641.0,4475200,KBS
2023-11-28 07:00:00,17680.0,18120.0,17641.0,18080.0,5883000,KBS
2023-11-29 07:00:00,18359.0,18359.0,18120.0,18319.0,4184500,KBS
2023-11-30 07:00:00,18359.0,18638.0,18120.0,18120.0,5445900,KBS
2023-12-01 07:00:00,18319.0,18319.0,17880.0,18120.0,4848100,KBS
2023-12-04 07:00:00,18519.0,19357.0,18519.0,19357.0,15139000,KBS
2023-12-05 07:00:00,19476.0,19716.0,19437.0,19556.0,11621200,KBS
2023-12-06 07:00:00,19636.0,19876.0,19516.0,19796.0,7038600,KBS
2023-12-07 07:00:00,19876.0,19876.0,18758.0,19556.0,17187600,KBS
2023-12-08 07:00:00,19556.0,19676.0,19197.0,19317.0,6440400,KBS
2023-12-11 07:00:00,19596.0,19596.0,19197.0,19476.0,5368200,KBS
2023-12-12 07:00:00,19596.0,19676.0,19397.0,19476.0,4173700,KBS
2023-12-13 07:00:00,19716.0,20195.0,19437.0,19636.0,17502000,KBS
2023-12-14 07:00:00,19876.0,19915.0,19077.0,19157.0,8448200,KBS
2023-12-15 07:00:00,19317.0,19397.0,18798.0,18918.0,10472000,KBS
2023-12-18 07:00:00,18918.0,19037.0,18638.0,18638.0,5148200,KBS
2023-12-19 07:00:00,18758.0,18998.0,18559.0,18998.0,4646500,KBS
2023-12-20 07:00:00,19037.0,19317.0,18998.0,19317.0,3926500,KBS
2023-12-21 07:00:00,19157.0,19317.0,19077.0,19197.0,3524200,KBS
2023-12-22 07:00:00,19277.0,19397.0,18998.0,19237.0,4049600,KBS
2023-12-25 07:00:00,19277.0,19556.0,19237.0,19556.0,4864100,KBS
2023-12-26 07:00:00,19636.0,19955.0,19596.0,19636.0,8193200,KBS
2023-12-27 07:00:00,19756.0,19796.0,19516.0,19516.0,4927100,KBS
2023-12-28 07:00:00,19516.0,19636.0,19476.0,19556.0,4627600,KBS
2023-12-29 07:00:00,19556.0,19796.0,19556.0,19716.0,6334200,KBS
2024-01-02 07:00:00,19955.0,19955.0,19437.0,19476.0,5758900,KBS
2024-01-03 07:00:00,19397.0,20315.0,19357.0,20035.0,12245600,KBS
2024-01-04 07:00:00,20035.0,20075.0,19636.0,19756.0,9260800,KBS
2024-01-05 07:00:00,19796.0,19995.0,19636.0,19796.0,7304300,KBS
2024-01-08 07:00:00,19955.0,20195.0,19876.0,19915.0,8577600,KBS
2024-01-09 07:00:00,19995.0,20035.0,19556.0,19676.0,5964700,KBS
2024-01-10 07:00:00,19756.0,19796.0,19037.0,19157.0,9466300,KBS
2024-01-11 07:00:00,19317.0,19437.0,19157.0,19437.0,5831700,KBS
2024-01-12 07:00:00,19277.0,19277.0,18758.0,18878.0,10249900,KBS
2024-01-15 07:00:00,19077.0,19317.0,18998.0,19037.0,4499900,KBS
2024-01-16 07:00:00,18918.0,19476.0,18918.0,19476.0,4438200,KBS
2024-01-17 07:00:00,19556.0,19636.0,19397.0,19437.0,5472700,KBS
2024-01-18 07:00:00,19437.0,19796.0,19437.0,19796.0,8797900,KBS
2024-01-19 07:00:00,19915.0,20075.0,19676.0,19756.0,5977000,KBS
2024-01-22 07:00:00,19955.0,19995.0,19716.0,19955.0,7582700,KBS
2024-01-23 07:00:00,20075.0,20434.0,19955.0,20275.0,10243100,KBS
2024-01-24 07:00:00,20275.0,20315.0,19995.0,20155.0,5433200,KBS
2024-01-25 07:00:00,20155.0,20195.0,19836.0,20155.0,5616300,KBS
2024-01-26 07:00:00,20235.0,20394.0,20115.0,20315.0,5629500,KBS
2024-01-29 07:00:00,20355.0,20394.0,20035.0,20035.0,3148700,KBS
2024-01-30 07:00:00,20035.0,20514.0,20035.0,20394.0,5107800,KBS
2024-01-31 07:00:00,20594.0,20674.0,20115.0,20394.0,7842400,KBS
2024-02-01 07:00:00,20275.0,20434.0,20195.0,20275.0,3278900,KBS
2024-02-02 07:00:00,20275.0,20514.0,20115.0,20115.0,5690300,KBS
2024-02-05 07:00:00,20195.0,20275.0,19955.0,19995.0,5264500,KBS
2024-02-06 07:00:00,20075.0,20155.0,19955.0,20035.0,3266300,KBS
2024-02-07 07:00:00,20275.0,20554.0,20075.0,20235.0,5736300,KBS
2024-02-15 07:00:00,20315.0,20514.0,20275.0,20275.0,5970700,KBS
2024-02-16 07:00:00,20394.0,20594.0,20195.0,20275.0,7588400,KBS
2024-02-19 07:00:00,20315.0,20434.0,20115.0,20394.0,6253200,KBS
2024-02-20 07:00:00,20514.0,20554.0,20235.0,20235.0,8030900,KBS
2024-02-21 07:00:00,20235.0,20275.0,19955.0,19955.0,7626100,KBS
2024-02-22 07:00:00,19955.0,20235.0,19796.0,19796.0,9742000,KBS
2024-02-23 07:00:00,19796.0,19955.0,19197.0,19237.0,10558100,KBS
2024-02-26 07:00:00,19277.0,19476.0,19077.0,19317.0,5866900,KBS
2024-02-27 07:00:00,19317.0,19676.0,19317.0,19636.0,4905400,KBS
2024-02-28 07:00:00,19796.0,19796.0,19437.0,19556.0,5297300,KBS
2024-02-29 07:00:00,19556.0,19716.0,19397.0,19476.0,6224000,KBS
2024-03-01 07:00:00,19516.0,20115.0,19476.0,20035.0,10020400,KBS
2024-03-04 07:00:00,20195.0,20275.0,19876.0,19955.0,7957700,KBS
2024-03-05 07:00:00,19876.0,20315.0,19876.0,20035.0,7820400,KBS
2024-03-06 07:00:00,20115.0,20315.0,19556.0,19636.0,8310500,KBS
2024-03-07 07:00:00,19676.0,19796.0,19636.0,19756.0,5810500,KBS
2024-03-08 07:00:00,19796.0,19836.0,19516.0,19516.0,9773600,KBS
2024-03-11 07:00:00,19437.0,19516.0,19077.0,19117.0,6650400,KBS
2024-03-12 07:00:00,19237.0,19317.0,19077.0,19117.0,4649600,KBS
2024-03-13 07:00:00,19237.0,19516.0,19077.0,19476.0,5587700,KBS
2024-03-14 07:00:00,19556.0,19756.0,19437.0,19596.0,6350700,KBS
2024-03-15 07:00:00,19556.0,19915.0,19556.0,19596.0,6825100,KBS
2024-03-18 07:00:00,19636.0,20115.0,19077.0,20115.0,13849600,KBS
2024-03-19 07:00:00,20355.0,20754.0,20115.0,20115.0,11841100,KBS
2024-03-20 07:00:00,20195.0,20235.0,19836.0,20075.0,5435200,KBS
2024-03-21 07:00:00,20275.0,20674.0,20035.0,20394.0,17206500,KBS
2024-03-22 07:00:00,20674.0,20993.0,20394.0,20474.0,13112400,KBS
2024-03-25 07:00:00,20594.0,20993.0,20195.0,20235.0,10625800,KBS
2024-03-26 07:00:00,20195.0,20474.0,20035.0,20434.0,5467500,KBS
2024-03-27 07:00:00,20674.0,20873.0,20394.0,20394.0,7067300,KBS
2024-03-28 07:00:00,20554.0,20634.0,20275.0,20355.0,4505700,KBS
2024-03-29 07:00:00,20394.0,20474.0,20035.0,20355.0,6287700,KBS
2024-04-01 07:00:00,20394.0,20714.0,20275.0,20434.0,6896100,KBS
2024-04-02 07:00:00,20394.0,20594.0,20035.0,20594.0,5429600,KBS
2024-04-03 07:00:00,20594.0,21352.0,20594.0,20634.0,18027900,KBS
2024-04-04 07:00:00,20594.0,20714.0,20235.0,20275.0,5542300,KBS
2024-04-05 07:00:00,20155.0,20195.0,19796.0,19796.0,7684400,KBS
2024-04-08 07:00:00,19796.0,19915.0,19556.0,19636.0,3820500,KBS
2024-04-09 07:00:00,19756.0,19876.0,19556.0,19876.0,3197500,KBS
2024-04-10 07:00:00,19955.0,19995.0,19516.0,19516.0,3621200,KBS
2024-04-11 07:00:00,19317.0,19556.0,19237.0,19476.0,3639800,KBS
2024-04-12 07:00:00,19516.0,19716.0,19476.0,19636.0,3503000,KBS
2024-04-15 07:00:00,19556.0,19596.0,18279.0,18279.0,8737600,KBS
2024-04-16 07:00:00,18279.0,18279.0,17241.0,17521.0,9957300,KBS
2024-04-17 07:00:00,17720.0,17760.0,17241.0,17241.0,4420900,KBS
2024-04-19 07:00:00,16842.0,17321.0,16603.0,16763.0,6524800,KBS
2024-04-22 07:00:00,17122.0,17241.0,16643.0,16922.0,3177200,KBS
2024-04-23 07:00:00,16922.0,17122.0,16603.0,16643.0,3763800,KBS
2024-04-24 07:00:00,16882.0,17481.0,16763.0,17281.0,3354900,KBS
2024-04-25 07:00:00,17321.0,17601.0,17162.0,17321.0,2496300,KBS
2024-04-26 07:00:00,17002.0,17680.0,16962.0,17680.0,3456000,KBS
2024-05-02 07:00:00,17960.0,18519.0,17960.0,18359.0,5870200,KBS
2024-05-03 07:00:00,18439.0,18439.0,17960.0,18159.0,2616900,KBS
2024-05-06 07:00:00,18319.0,18439.0,18120.0,18279.0,4076700,KBS
2024-05-07 07:00:00,18359.0,18559.0,18159.0,18279.0,3903900,KBS
2024-05-08 07:00:00,18279.0,18319.0,17920.0,18239.0,4366100,KBS
2024-05-09 07:00:00,18279.0,18638.0,18040.0,18199.0,4561800,KBS
2024-05-10 07:00:00,18279.0,18279.0,17880.0,17880.0,4235200,KBS
2024-05-13 07:00:00,17880.0,17960.0,17720.0,17760.0,3230800,KBS
2024-05-14 07:00:00,17880.0,18080.0,17760.0,17760.0,2258700,KBS
2024-05-15 07:00:00,17960.0,18120.0,17760.0,17920.0,3958000,KBS
2024-05-16 07:00:00,18120.0,18319.0,17960.0,17960.0,5332800,KBS
2024-05-17 07:00:00,18080.0,18239.0,18040.0,18159.0,3572200,KBS
2024-05-20 07:00:00,18399.0,18678.0,18239.0,18559.0,8771400,KBS
2024-05-21 07:00:00,18559.0,18598.0,18199.0,18439.0,4650900,KBS
2024-05-22 07:00:00,18359.0,18598.0,18080.0,18159.0,5917200,KBS
2024-05-23 07:00:00,18159.0,18519.0,18159.0,18479.0,5650300,KBS
2024-05-24 07:00:00,18359.0,18439.0,17720.0,18040.0,7651600,KBS
2024-05-27 07:00:00,18120.0,18159.0,17760.0,18000.0,2728700,KBS
2024-05-28 07:00:00,18000.0,18239.0,18000.0,18239.0,3397900,KBS
2024-05-29 07:00:00,18239.0,18718.0,18040.0,18399.0,8669200,KBS
2024-05-30 07:00:00,18239.0,18998.0,18159.0,18678.0,9074700,KBS
2024-05-31 07:00:00,18758.0,18878.0,18359.0,18359.0,4056900,KBS
2024-06-03 07:00:00,18638.0,18838.0,18439.0,18559.0,6513400,KBS
2024-06-04 07:00:00,18598.0,18878.0,18559.0,18638.0,5860800,KBS
2024-06-05 07:00:00,18638.0,18758.0,18399.0,18399.0,5465700,KBS
2024-06-06 07:00:00,18519.0,18838.0,18399.0,18479.0,6719400,KBS
2024-06-07 07:00:00,18638.0,18718.0,18479.0,18479.0,3784400,KBS
2024-06-10 07:00:00,18758.0,18758.0,18399.0,18439.0,5201800,KBS
2024-06-11 07:00:00,18519.0,18519.0,18080.0,18159.0,7213800,KBS
2024-06-12 07:00:00,18159.0,18439.0,18080.0,18359.0,4505300,KBS
2024-06-13 07:00:00,18519.0,18598.0,18359.0,18399.0,7749000,KBS
2024-06-14 07:00:00,18711.0,18979.0,18399.0,18399.0,8156700,KBS
2024-06-17 07:00:00,18444.0,18488.0,17908.0,17952.0,4899800,KBS
2024-06-18 07:00:00,18176.0,18176.0,17863.0,17863.0,3812700,KBS
2024-06-19 07:00:00,17908.0,17997.0,17506.0,17506.0,4738500,KBS
2024-06-20 07:00:00,17684.0,17684.0,17238.0,17372.0,3501300,KBS
2024-06-21 07:00:00,17282.0,17372.0,17059.0,17104.0,3377700,KBS
2024-06-24 07:00:00,17059.0,17416.0,16970.0,16970.0,4161100,KBS
2024-06-25 07:00:00,17148.0,17193.0,16970.0,17015.0,2598300,KBS
2024-06-26 07:00:00,17059.0,17282.0,16881.0,16970.0,2222500,KBS
2024-06-27 07:00:00,16970.0,17148.0,16702.0,16791.0,2574100,KBS
2024-06-28 07:00:00,16881.0,16925.0,16211.0,16300.0,3650300,KBS
2024-07-01 07:00:00,16434.0,16657.0,16300.0,16657.0,1701300,KBS
2024-07-02 07:00:00,16657.0,16791.0,16613.0,16791.0,2122100,KBS
2024-07-03 07:00:00,16791.0,17015.0,16747.0,16836.0,1248400,KBS
2024-07-04 07:00:00,16970.0,16970.0,16702.0,16702.0,1703600,KBS
2024-07-05 07:00:00,16791.0,16836.0,16613.0,16657.0,1924100,KBS
2024-07-08 07:00:00,16791.0,16881.0,16568.0,16568.0,2283700,KBS
2024-07-09 07:00:00,16747.0,17416.0,16568.0,17416.0,4876800,KBS
2024-07-10 07:00:00,17550.0,17550.0,17148.0,17193.0,4054900,KBS
2024-07-11 07:00:00,17372.0,17416.0,17148.0,17193.0,2630500,KBS
2024-07-12 07:00:00,17193.0,17327.0,16970.0,17015.0,1885900,KBS
2024-07-15 07:00:00,17148.0,17148.0,16836.0,16881.0,2003700,KBS
2024-07-16 07:00:00,16881.0,17104.0,16881.0,16881.0,2336300,KBS
2024-07-17 07:00:00,17059.0,17059.0,15987.0,16434.0,3392600,KBS
2024-07-18 07:00:00,16613.0,16613.0,16300.0,16613.0,2213000,KBS
2024-07-19 07:00:00,16523.0,16702.0,16389.0,16613.0,2687800,KBS
2024-07-22 07:00:00,16657.0,16657.0,16255.0,16434.0,1813000,KBS
2024-07-23 07:00:00,16568.0,16568.0,16077.0,16077.0,2348300,KBS
2024-07-24 07:00:00,16077.0,16389.0,15853.0,16166.0,3101800,KBS
2024-07-25 07:00:00,16166.0,16479.0,16166.0,16166.0,1903200,KBS
2024-07-26 07:00:00,16300.0,16345.0,16211.0,16345.0,1057300,KBS
2024-07-29 07:00:00,16345.0,16479.0,16211.0,16300.0,1477800,KBS
2024-07-30 07:00:00,16300.0,16389.0,16077.0,16166.0,1944100,KBS
2024-07-31 07:00:00,16255.0,16300.0,16077.0,16166.0,2014100,KBS
2024-08-01 07:00:00,16255.0,16479.0,15719.0,15809.0,3289500,KBS
2024-08-02 07:00:00,15719.0,15987.0,15407.0,15719.0,2758700,KBS
2024-08-05 07:00:00,15451.0,15675.0,14648.0,14648.0,5556300,KBS
2024-08-06 07:00:00,14916.0,15094.0,14648.0,15050.0,2237400,KBS
2024-08-07 07:00:00,15094.0,15184.0,14960.0,15005.0,1163100,KBS
2024-08-08 07:00:00,14916.0,16032.0,14916.0,15853.0,7600300,KBS
2024-08-09 07:00:00,16166.0,16211.0,15853.0,16166.0,2703600,KBS
2024-08-12 07:00:00,16166.0,16702.0,16032.0,16613.0,4132700,KBS
2024-08-13 07:00:00,16657.0,16657.0,16166.0,16523.0,2482500,KBS
2024-08-14 07:00:00,16613.0,16791.0,16300.0,16434.0,2632100,KBS
2024-08-15 07:00:00,16434.0,16747.0,16255.0,16523.0,2891900,KBS
2024-08-16 07:00:00,16657.0,17104.0,16523.0,17015.0,5164000,KBS
2024-08-19 07:00:00,17148.0,17327.0,16881.0,16881.0,2893100,KBS
2024-08-20 07:00:00,16881.0,17193.0,16836.0,17148.0,3949100,KBS
2024-08-21 07:00:00,17104.0,17640.0,17104.0,17282.0,7361700,KBS
2024-08-22 07:00:00,17282.0,17282.0,16925.0,16970.0,2977300,KBS
2024-08-23 07:00:00,17015.0,17104.0,16836.0,16970.0,2922100,KBS
2024-08-26 07:00:00,17327.0,17327.0,16836.0,16836.0,3056200,KBS
2024-08-27 07:00:00,16925.0,17193.0,16791.0,17104.0,3114100,KBS
2024-08-28 07:00:00,17148.0,17282.0,16881.0,17104.0,3136000,KBS
2024-08-29 07:00:00,17104.0,17104.0,16881.0,16881.0,1633200,KBS
2024-08-30 07:00:00,16881.0,16970.0,16791.0,16791.0,1554500,KBS
2024-09-04 07:00:00,16568.0,17416.0,16568.0,17238.0,5822800,KBS
2024-09-05 07:00:00,17238.0,17327.0,16881.0,16925.0,2106400,KBS
2024-09-06 07:00:00,16925.0,17193.0,16925.0,16970.0,2375200,KBS
2024-09-09 07:00:00,16970.0,17148.0,16791.0,16791.0,2794700,KBS
2024-09-10 07:00:00,16970.0,17015.0,16613.0,16657.0,2317200,KBS
2024-09-11 07:00:00,16657.0,16702.0,16345.0,16434.0,2469300,KBS
2024-09-12 07:00:00,16613.0,16613.0,16077.0,16077.0,2742700,KBS
2024-09-13 07:00:00,16255.0,16345.0,16077.0,16166.0,2294000,KBS
2024-09-16 07:00:00,16345.0,16523.0,16077.0,16255.0,2417000,KBS
2024-09-17 07:00:00,16255.0,16791.0,16255.0,16791.0,4159300,KBS
2024-09-18 07:00:00,16702.0,16836.0,16345.0,16389.0,4945200,KBS
2024-09-19 07:00:00,16523.0,16657.0,16345.0,16523.0,4148300,KBS
2024-09-20 07:00:00,16657.0,16702.0,16479.0,16657.0,5239300,KBS
2024-09-23 07:00:00,16657.0,17059.0,16657.0,16657.0,8947200,KBS
2024-09-24 07:00:00,16702.0,16836.0,16657.0,16836.0,2738200,KBS
2024-09-25 07:00:00,16970.0,17059.0,16836.0,16836.0,5497400,KBS
2024-09-26 07:00:00,16925.0,17104.0,16791.0,16925.0,5118600,KBS
2024-09-27 07:00:00,17059.0,17059.0,16702.0,16702.0,5695700,KBS
2024-09-30 07:00:00,16702.0,16970.0,16702.0,16747.0,3518100,KBS
2024-10-01 07:00:00,16881.0,17416.0,16836.0,17238.0,11572800,KBS
2024-10-02 07:00:00,17148.0,17327.0,17059.0,17059.0,4619200,KBS
2024-10-03 07:00:00,17104.0,17327.0,16657.0,16702.0,6617800,KBS
2024-10-04 07:00:00,16702.0,16791.0,16345.0,16434.0,5191800,KBS
2024-10-07 07:00:00,16523.0,16613.0,16166.0,16345.0,4799500,KBS
2024-10-08 07:00:00,16300.0,16479.0,16211.0,16345.0,2359500,KBS
2024-10-09 07:00:00,16434.0,16657.0,16434.0,16613.0,2489300,KBS
2024-10-10 07:00:00,16702.0,16747.0,16434.0,16434.0,2761000,KBS
2024-10-11 07:00:00,16479.0,16613.0,16434.0,16479.0,1880900,KBS
2024-10-14 07:00:00,16613.0,16836.0,16568.0,16568.0,3878700,KBS
2024-10-15 07:00:00,16657.0,16791.0,16345.0,16345.0,3787800,KBS
2024-10-16 07:00:00,16345.0,16479.0,16211.0,16255.0,1787700,KBS
2024-10-17 07:00:00,16389.0,16479.0,16121.0,16479.0,2484100,KBS
2024-10-18 07:00:00,16523.0,16523.0,16255.0,16255.0,2358900,KBS
2024-10-21 07:00:00,16255.0,16389.0,16166.0,16166.0,2450800,KBS
2024-10-22 07:00:00,16166.0,16300.0,15943.0,15987.0,3894200,KBS
2024-10-23 07:00:00,15987.0,16166.0,15943.0,16032.0,3312000,KBS
2024-10-24 07:00:00,16211.0,16255.0,15943.0,16032.0,2503100,KBS
2024-10-25 07:00:00,16032.0,16121.0,15809.0,15809.0,2792200,KBS
2024-10-28 07:00:00,15853.0,16032.0,15809.0,15898.0,1115100,KBS
2024-10-29 07:00:00,16032.0,16032.0,15853.0,15853.0,1773100,KBS
2024-10-30 07:00:00,15987.0,16121.0,15719.0,15853.0,2704200,KBS
2024-10-31 07:00:00,15987.0,15987.0,15809.0,15853.0,2052400,KBS
2024-11-01 07:00:00,15853.0,15987.0,15630.0,15630.0,2796000,KBS
2024-11-04 07:00:00,15764.0,15764.0,15273.0,15318.0,3102900,KBS
2024-11-05 07:00:00,15407.0,15585.0,15273.0,15273.0,2389400,KBS
2024-11-06 07:00:00,15496.0,15675.0,15362.0,15675.0,2793500,KBS
2024-11-07 07:00:00,15809.0,15809.0,15541.0,15585.0,2675400,KBS
2024-11-08 07:00:00,15675.0,15675.0,15407.0,15496.0,1882000,KBS
2024-11-11 07:00:00,15496.0,16077.0,15451.0,15987.0,3607500,KBS
2024-11-12 07:00:00,15987.0,16121.0,15719.0,15719.0,1971100,KBS
2024-11-13 07:00:00,15719.0,15853.0,15496.0,15585.0,3089100,KBS
2024-11-14 07:00:00,15630.0,15719.0,15362.0,15362.0,1885700,KBS
2024-11-15 07:00:00,15318.0,15541.0,15228.0,15407.0,4105300,KBS
2024-11-18 07:00:00,15407.0,15675.0,15318.0,15451.0,3582900,KBS
2024-11-19 07:00:00,15541.0,15630.0,15184.0,15451.0,3251400,KBS
2024-11-20 07:00:00,15496.0,15719.0,15362.0,15451.0,4545600,KBS
2024-11-21 07:00:00,15451.0,15585.0,15318.0,15496.0,2742800,KBS
2024-11-22 07:00:00,15496.0,15943.0,15451.0,15585.0,4168900,KBS
2024-11-25 07:00:00,15630.0,15764.0,15585.0,15675.0,1669400,KBS
2024-11-26 07:00:00,15675.0,15987.0,15675.0,15809.0,3426200,KBS
2024-11-27 07:00:00,15809.0,15809.0,15630.0,15630.0,1495500,KBS
2024-11-28 07:00:00,15809.0,15809.0,15630.0,15630.0,1740900,KBS
2024-11-29 07:00:00,15719.0,15719.0,15541.0,15541.0,2779700,KBS
2024-12-02 07:00:00,15675.0,16345.0,15630.0,16077.0,7600000,KBS
2024-12-03 07:00:00,16077.0,16077.0,15809.0,15809.0,3147200,KBS
2024-12-04 07:00:00,15898.0,16077.0,15675.0,15719.0,3219100,KBS
2024-12-05 07:00:00,15719.0,16077.0,15630.0,16077.0,3513200,KBS
2024-12-06 07:00:00,16121.0,16345.0,15943.0,15943.0,4610900,KBS
2024-12-09 07:00:00,16032.0,16255.0,15987.0,16121.0,3515100,KBS
2024-12-10 07:00:00,16121.0,16255.0,15987.0,15987.0,2713900,KBS
2024-12-11 07:00:00,16077.0,16121.0,15898.0,15898.0,2336300,KBS
2024-12-12 07:00:00,15987.0,16032.0,15809.0,15853.0,2204100,KBS
2024-12-13 07:00:00,15853.0,15853.0,15630.0,15630.0,3437800,KBS
2024-12-16 07:00:00,15719.0,15764.0,15585.0,15719.0,1813400,KBS
2024-12-17 07:00:00,15719.0,15764.0,15675.0,15675.0,1873500,KBS
2024-12-18 07:00:00,15719.0,15809.0,15630.0,15719.0,1743000,KBS
2024-12-19 07:00:00,15630.0,15630.0,15407.0,15541.0,4709700,KBS
2024-12-20 07:00:00,15541.0,15630.0,15407.0,15451.0,2257400,KBS
2024-12-23 07:00:00,15541.0,15585.0,15407.0,15451.0,2296100,KBS
2024-12-24 07:00:00,15451.0,15496.0,15362.0,15407.0,2063800,KBS
2024-12-25 07:00:00,15451.0,16479.0,15451.0,16255.0,17373400,KBS
2024-12-26 07:00:00,16300.0,16389.0,15987.0,15987.0,3276600,KBS
2024-12-27 07:00:00,16077.0,16389.0,15943.0,16255.0,5963600,KBS
2024-12-30 07:00:00,16255.0,16702.0,16211.0,16479.0,7964100,KBS
2024-12-31 07:00:00,16434.0,16613.0,16211.0,16211.0,2549700,KBS
2025-01-02 07:00:00,16255.0,16523.0,16211.0,16345.0,3862400,KBS
2025-01-03 07:00:00,16345.0,16479.0,16166.0,16166.0,3109500,KBS
2025-01-06 07:00:00,16166.0,16657.0,16121.0,16300.0,7226600,KBS
2025-01-07 07:00:00,16479.0,16479.0,15898.0,15987.0,4646800,KBS
2025-01-08 07:00:00,15987.0,16211.0,15898.0,16211.0,2031000,KBS
2025-01-09 07:00:00,16255.0,16479.0,16077.0,16077.0,3774000,KBS
2025-01-10 07:00:00,16077.0,16523.0,16077.0,16255.0,5208300,KBS
2025-01-13 07:00:00,16255.0,16791.0,16211.0,16479.0,7059600,KBS
2025-01-14 07:00:00,16568.0,16836.0,16523.0,16568.0,6326400,KBS
2025-01-15 07:00:00,16657.0,17595.0,16568.0,17416.0,19927800,KBS
2025-01-16 07:00:00,17416.0,17550.0,17238.0,17416.0,7344000,KBS
2025-01-17 07:00:00,17416.0,17684.0,17282.0,17461.0,8317600,KBS
2025-01-20 07:00:00,17595.0,17729.0,17282.0,17372.0,6222000,KBS
2025-01-21 07:00:00,17595.0,17595.0,17282.0,17372.0,6024300,KBS
2025-01-22 07:00:00,17461.0,17595.0,17327.0,17416.0,7038600,KBS
2025-01-23 07:00:00,17595.0,17863.0,17416.0,17684.0,8895200,KBS
2025-01-24 07:00:00,17595.0,17774.0,17461.0,17595.0,5167300,KBS
2025-02-03 07:00:00,17640.0,18042.0,17595.0,17952.0,7309000,KBS
2025-02-04 07:00:00,18042.0,18488.0,18042.0,18310.0,11042700,KBS
2025-02-05 07:00:00,18354.0,18399.0,18176.0,18399.0,7286300,KBS
2025-02-06 07:00:00,18488.0,18622.0,18131.0,18176.0,7669500,KBS
2025-02-07 07:00:00,18220.0,18444.0,18131.0,18131.0,6390700,KBS
2025-02-10 07:00:00,18176.0,18444.0,17952.0,18131.0,7639800,KBS
2025-02-11 07:00:00,18220.0,18756.0,18220.0,18622.0,10571800,KBS
2025-02-12 07:00:00,18667.0,19381.0,18622.0,19247.0,15583600,KBS
2025-02-13 07:00:00,19247.0,19471.0,19069.0,19426.0,8838600,KBS
2025-02-14 07:00:00,19515.0,19515.0,19113.0,19203.0,8709800,KBS
2025-02-17 07:00:00,19337.0,19783.0,19203.0,19292.0,10886500,KBS
2025-02-18 07:00:00,19292.0,19471.0,19113.0,19426.0,7846100,KBS
2025-02-19 07:00:00,19426.0,19694.0,19247.0,19515.0,7110800,KBS
2025-02-20 07:00:00,19605.0,19649.0,19158.0,19203.0,6376500,KBS
2025-02-21 07:00:00,19113.0,19515.0,19069.0,19158.0,7651900,KBS
2025-02-24 07:00:00,19292.0,19426.0,19069.0,19158.0,6186100,KBS
2025-02-25 07:00:00,19337.0,19649.0,19203.0,19649.0,11533400,KBS
2025-02-26 07:00:00,19649.0,20007.0,19292.0,19292.0,9288200,KBS
2025-02-27 07:00:00,19292.0,19337.0,18935.0,19337.0,8845800,KBS
2025-02-28 07:00:00,19426.0,19426.0,19024.0,19069.0,7330800,KBS
2025-03-03 07:00:00,19158.0,19471.0,18979.0,19426.0,8889000,KBS
2025-03-04 07:00:00,19381.0,19828.0,19247.0,19560.0,12382200,KBS
2025-03-05 07:00:00,19605.0,19694.0,19203.0,19203.0,5294600,KBS
2025-03-06 07:00:00,19203.0,19649.0,19158.0,19649.0,8352000,KBS
2025-03-07 07:00:00,19739.0,19917.0,19292.0,19292.0,10695500,KBS
2025-03-10 07:00:00,19292.0,19605.0,19292.0,19381.0,7640500,KBS
2025-03-11 07:00:00,19247.0,20185.0,19203.0,19828.0,19470100,KBS
2025-03-12 07:00:00,19873.0,19873.0,19560.0,19739.0,6970300,KBS
2025-03-13 07:00:00,19783.0,19828.0,18578.0,18667.0,25036800,KBS
2025-03-14 07:00:00,18578.0,18756.0,18399.0,18667.0,13411100,KBS
2025-03-17 07:00:00,18756.0,18845.0,18578.0,18667.0,4955800,KBS
2025-03-18 07:00:00,18801.0,18845.0,18310.0,18310.0,6399800,KBS
2025-03-19 07:00:00,18265.0,18622.0,18265.0,18578.0,8320700,KBS
2025-03-20 07:00:00,18667.0,19024.0,18444.0,18756.0,6752500,KBS
2025-03-21 07:00:00,18756.0,19024.0,18622.0,18711.0,4596600,KBS
2025-03-24 07:00:00,18711.0,19024.0,18667.0,18845.0,4289200,KBS
2025-03-25 07:00:00,18845.0,18890.0,18711.0,18711.0,5696700,KBS
2025-03-26 07:00:00,18756.0,19069.0,18711.0,18801.0,6300400,KBS
2025-03-27 07:00:00,18890.0,19024.0,18756.0,18801.0,3494600,KBS
2025-03-28 07:00:00,18845.0,19247.0,18711.0,18935.0,7676500,KBS
2025-03-31 07:00:00,18890.0,19560.0,18801.0,19426.0,13260900,KBS
2025-04-01 07:00:00,19471.0,19605.0,19337.0,19471.0,5036600,KBS
2025-04-02 07:00:00,19605.0,19917.0,19292.0,19337.0,8104800,KBS
2025-04-03 07:00:00,18399.0,19113.0,17997.0,17997.0,20166600,KBS
2025-04-04 07:00:00,17238.0,18890.0,17238.0,18488.0,17274800,KBS
2025-04-08 07:00:00,18042.0,18176.0,17238.0,17238.0,11827000,KBS
2025-04-09 07:00:00,16121.0,17550.0,16121.0,16255.0,12985900,KBS
2025-04-10 07:00:00,17372.0,17372.0,17372.0,17372.0,216600,KBS
2025-04-11 07:00:00,17863.0,18578.0,17595.0,18578.0,16900800,KBS
2025-04-14 07:00:00,18890.0,19381.0,18667.0,19381.0,12087500,KBS
2025-04-15 07:00:00,19203.0,20364.0,18801.0,19917.0,27635800,KBS
2025-04-16 07:00:00,20185.0,20185.0,19560.0,20007.0,10327200,KBS
2025-04-17 07:00:00,19694.0,20185.0,19694.0,20007.0,9524900,KBS
2025-04-18 07:00:00,20275.0,20319.0,19560.0,19560.0,15644600,KBS
2025-04-21 07:00:00,19560.0,20275.0,19560.0,19649.0,14208100,KBS
2025-04-22 07:00:00,19560.0,19739.0,18310.0,19381.0,28264900,KBS
2025-04-23 07:00:00,19873.0,20051.0,19337.0,19337.0,9157800,KBS
2025-04-24 07:00:00,19560.0,19560.0,18845.0,19203.0,9736300,KBS
2025-04-25 07:00:00,19292.0,19783.0,19203.0,19247.0,8650000,KBS
2025-04-28 07:00:00,19292.0,19337.0,19024.0,19069.0,4172500,KBS
2025-04-29 07:00:00,19113.0,19158.0,18935.0,19024.0,4163700,KBS
2025-05-05 07:00:00,18890.0,19560.0,18756.0,19560.0,10986400,KBS
2025-05-06 07:00:00,19605.0,19605.0,19024.0,19158.0,9128200,KBS
2025-05-07 07:00:00,19158.0,19381.0,19024.0,19292.0,5687400,KBS
2025-05-08 07:00:00,19381.0,19471.0,19113.0,19292.0,6442500,KBS
2025-05-09 07:00:00,19337.0,19739.0,19024.0,19024.0,11574600,KBS
2025-05-12 07:00:00,19113.0,19158.0,18756.0,18979.0,10751900,KBS
2025-05-13 07:00:00,19203.0,19247.0,19024.0,19158.0,6614000,KBS
2025-05-14 07:00:00,19247.0,19560.0,19069.0,19158.0,9939300,KBS
2025-05-15 07:00:00,19203.0,19828.0,19158.0,19694.0,18844900,KBS
2025-05-16 07:00:00,19739.0,19962.0,19471.0,19515.0,13170300,KBS
2025-05-19 07:00:00,19426.0,19783.0,19381.0,19560.0,10547000,KBS
2025-05-20 07:00:00,19649.0,19962.0,19471.0,19515.0,12266200,KBS
2025-05-21 07:00:00,19739.0,20855.0,19471.0,20855.0,32510200,KBS
2025-05-22 07:00:00,20810.0,21078.0,20319.0,20498.0,13993600,KBS
2025-05-23 07:00:00,20542.0,20989.0,20453.0,20587.0,11721700,KBS
2025-05-26 07:00:00,20721.0,20721.0,19962.0,20498.0,18622500,KBS
2025-05-27 07:00:00,20775.0,21053.0,20498.0,20683.0,13017600,KBS
2025-05-28 07:00:00,20822.0,21099.0,20498.0,20544.0,9334300,KBS
2025-05-29 07:00:00,20637.0,20960.0,20498.0,20590.0,11575200,KBS
2025-05-30 07:00:00,20590.0,20637.0,20174.0,20174.0,14965600,KBS
2025-06-02 07:00:00,20081.0,21007.0,20035.0,20868.0,10404500,KBS
2025-06-03 07:00:00,20914.0,21053.0,20637.0,20822.0,10710700,KBS
2025-06-04 07:00:00,20914.0,21469.0,20637.0,20729.0,11693200,KBS
2025-06-05 07:00:00,20729.0,21192.0,20544.0,20590.0,9477100,KBS
2025-06-06 07:00:00,20590.0,20683.0,20220.0,20313.0,10562300,KBS
2025-06-09 07:00:00,20220.0,20359.0,19757.0,19804.0,10106200,KBS
2025-06-10 07:00:00,19757.0,20128.0,19757.0,19850.0,9075100,KBS
2025-06-11 07:00:00,20200.0,20200.0,19600.0,20000.0,4874400,KBS
2025-06-12 07:00:00,20000.0,20200.0,20000.0,20050.0,3809200,KBS
2025-06-13 07:00:00,19750.0,20000.0,19350.0,19700.0,10182800,KBS
2025-06-16 07:00:00,19500.0,20150.0,19500.0,20150.0,5864100,KBS
2025-06-17 07:00:00,20200.0,20700.0,20050.0,20600.0,12354300,KBS
2025-06-18 07:00:00,20800.0,21400.0,20750.0,20850.0,15293600,KBS
2025-06-19 07:00:00,20900.0,21050.0,20750.0,20750.0,6683000,KBS
2025-06-20 07:00:00,20850.0,21400.0,20800.0,21350.0,14850900,KBS
2025-06-23 07:00:00,21250.0,22350.0,21250.0,21950.0,16407300,KBS
2025-06-24 07:00:00,22100.0,22150.0,21450.0,21600.0,10941800,KBS
2025-06-25 07:00:00,21700.0,21950.0,21550.0,21550.0,6187400,KBS
2025-06-26 07:00:00,21600.0,22000.0,21450.0,21750.0,9945000,KBS
2025-06-27 07:00:00,21950.0,22150.0,21900.0,22000.0,13561500,KBS
2025-06-30 07:00:00,22050.0,22300.0,21850.0,22050.0,6425900,KBS
2025-07-01 07:00:00,23250.0,23500.0,22800.0,23050.0,25235400,KBS
2025-07-02 07:00:00,23000.0,23050.0,22600.0,22700.0,8876500,KBS
2025-07-03 07:00:00,22700.0,23400.0,22600.0,23000.0,14688100,KBS
2025-07-04 07:00:00,23250.0,23500.0,22700.0,22850.0,9553200,KBS
2025-07-07 07:00:00,23000.0,23000.0,22750.0,22900.0,8063100,KBS
2025-07-08 07:00:00,23100.0,23150.0,22750.0,22850.0,7969700,KBS
2025-07-09 07:00:00,23000.0,23300.0,22750.0,22800.0,11854300,KBS
2025-07-10 07:00:00,23100.0,23650.0,23000.0,23100.0,14086000,KBS
2025-07-11 07:00:00,23150.0,23200.0,22600.0,22800.0,12241700,KBS
2025-07-14 07:00:00,23000.0,23300.0,22550.0,23150.0,12480500,KBS
2025-07-15 07:00:00,23300.0,23450.0,22850.0,22850.0,10181900,KBS
2025-07-16 07:00:00,22850.0,23600.0,22800.0,23300.0,20358800,KBS
2025-07-17 07:00:00,23500.0,24000.0,23250.0,23350.0,15316600,KBS
2025-07-18 07:00:00,23700.0,23900.0,23000.0,23350.0,11241600,KBS
2025-07-21 07:00:00,23550.0,23850.0,23200.0,23350.0,11262700,KBS
2025-07-22 07:00:00,23250.0,23450.0,23050.0,23400.0,9229300,KBS
2025-07-23 07:00:00,23700.0,25000.0,23450.0,24300.0,26414300,KBS
2025-07-24 07:00:00,24500.0,24500.0,23800.0,24050.0,10974200,KBS
2025-07-25 07:00:00,24700.0,25700.0,24450.0,25700.0,29996400,KBS
2025-07-28 07:00:00,26300.0,26600.0,25650.0,26350.0,15109200,KBS
2025-07-29 07:00:00,26400.0,26450.0,24650.0,24650.0,35077900,KBS
2025-07-30 07:00:00,25200.0,25500.0,24500.0,25400.0,16641200,KBS
2025-07-31 07:00:00,25700.0,25900.0,24650.0,25900.0,16836100,KBS
2025-08-01 07:00:00,25800.0,27450.0,25400.0,26400.0,22602900,KBS
2025-08-04 07:00:00,26350.0,26700.0,26150.0,26600.0,10763500,KBS
2025-08-05 07:00:00,26800.0,27300.0,25000.0,25600.0,26260600,KBS
2025-08-06 07:00:00,26000.0,26350.0,25850.0,25900.0,10673900,KBS
2025-08-07 07:00:00,26300.0,26600.0,25850.0,26400.0,11914400,KBS
2025-08-08 07:00:00,26750.0,26800.0,25900.0,26350.0,10258600,KBS
2025-08-11 07:00:00,26550.0,27350.0,26300.0,26350.0,16645500,KBS
2025-08-12 07:00:00,26500.0,26500.0,25950.0,26250.0,11875900,KBS
2025-08-13 07:00:00,26400.0,27300.0,26250.0,26800.0,20853600,KBS
2025-08-14 07:00:00,27000.0,27100.0,26400.0,26800.0,16165800,KBS
2025-08-15 07:00:00,27100.0,28250.0,26600.0,26950.0,46721100,KBS
2025-08-18 07:00:00,27150.0,27850.0,26900.0,27600.0,32070200,KBS
2025-08-19 07:00:00,28000.0,28150.0,27150.0,27200.0,19213700,KBS
2025-08-20 07:00:00,27200.0,27200.0,25500.0,25950.0,33122500,KBS
2025-08-21 07:00:00,26100.0,26500.0,25700.0,25800.0,14040000,KBS
2025-08-22 07:00:00,25300.0,25650.0,24250.0,24550.0,20102600,KBS
2025-08-25 07:00:00,24750.0,25100.0,23900.0,24550.0,10655700,KBS
2025-08-26 07:00:00,24500.0,25550.0,24500.0,25500.0,9754200,KBS
2025-08-27 07:00:00,25700.0,25750.0,25300.0,25400.0,7733700,KBS
2025-08-28 07:00:00,25600.0,26100.0,25400.0,25550.0,9216700,KBS
2025-08-29 07:00:00,25550.0,25800.0,25300.0,25400.0,9745300,KBS
2025-09-03 07:00:00,25450.0,26450.0,25400.0,26250.0,11082600,KBS
2025-09-04 07:00:00,26300.0,26650.0,26150.0,26400.0,9533400,KBS
2025-09-05 07:00:00,26500.0,27100.0,25800.0,25900.0,15108100,KBS
2025-09-08 07:00:00,25700.0,25950.0,25000.0,25200.0,15318600,KBS
2025-09-09 07:00:00,25400.0,25500.0,25050.0,25450.0,7570500,KBS
2025-09-10 07:00:00,25500.0,25700.0,25200.0,25300.0,6024600,KBS
2025-09-11 07:00:00,25400.0,25800.0,25050.0,25750.0,12233800,KBS
2025-09-12 07:00:00,25900.0,27550.0,25900.0,26950.0,25964100,KBS
2025-09-15 07:00:00,27100.0,28650.0,26950.0,28600.0,30302500,KBS
2025-09-16 07:00:00,28700.0,28700.0,27550.0,27650.0,16252100,KBS
2025-09-17 07:00:00,27750.0,28000.0,26850.0,26900.0,14586400,KBS
2025-09-18 07:00:00,26950.0,27350.0,26700.0,27300.0,10620600,KBS
2025-09-19 07:00:00,27450.0,27450.0,26650.0,26700.0,9256200,KBS
2025-09-22 07:00:00,27000.0,27150.0,26450.0,26950.0,11584100,KBS
2025-09-23 07:00:00,27000.0,27400.0,26500.0,26550.0,5373500,KBS
2025-09-24 07:00:00,26550.0,27350.0,26300.0,27350.0,8149300,KBS
2025-09-25 07:00:00,27550.0,28400.0,27300.0,27950.0,22460200,KBS
2025-09-26 07:00:00,28000.0,28450.0,27600.0,27700.0,12090700,KBS
2025-09-29 07:00:00,27700.0,29100.0,27700.0,28000.0,16864100,KBS
2025-09-30 07:00:00,28000.0,28150.0,26500.0,27700.0,13117900,KBS
2025-10-01 07:00:00,27950.0,27950.0,27350.0,27400.0,6981900,KBS
2025-10-02 07:00:00,27550.0,27900.0,27200.0,27400.0,8118300,KBS
2025-10-03 07:00:00,27400.0,27600.0,27000.0,27250.0,7935600,KBS
2025-10-06 07:00:00,27550.0,28200.0,27300.0,28000.0,10021500,KBS
2025-10-07 07:00:00,28250.0,28650.0,28000.0,28000.0,16869200,KBS
2025-10-08 07:00:00,28300.0,28300.0,27400.0,27700.0,12533700,KBS
2025-10-09 07:00:00,27900.0,28400.0,27600.0,27750.0,8458600,KBS
2025-10-10 07:00:00,27900.0,28600.0,27900.0,27950.0,13099600,KBS
2025-10-13 07:00:00,27600.0,28250.0,27450.0,28250.0,13032100,KBS
2025-10-14 07:00:00,28600.0,28900.0,27500.0,27600.0,20828100,KBS
2025-10-15 07:00:00,27700.0,27850.0,27150.0,27250.0,13595400,KBS
2025-10-16 07:00:00,27300.0,27900.0,27150.0,27700.0,12128300,KBS
2025-10-17 07:00:00,27750.0,28300.0,27500.0,27650.0,16046400,KBS
2025-10-20 07:00:00,27650.0,28100.0,25750.0,25750.0,18784600,KBS
2025-10-21 07:00:00,25800.0,25950.0,24750.0,25500.0,18199900,KBS
2025-10-22 07:00:00,25800.0,26000.0,24600.0,26000.0,10078200,KBS
2025-10-23 07:00:00,26050.0,26600.0,25600.0,25650.0,7524100,KBS
2025-10-24 07:00:00,25550.0,25700.0,25100.0,25550.0,6688800,KBS
2025-10-27 07:00:00,25700.0,26000.0,25300.0,25400.0,6012800,KBS
2025-10-28 07:00:00,25300.0,26000.0,25250.0,26000.0,5338600,KBS
2025-10-29 07:00:00,26150.0,26600.0,26000.0,26250.0,6446200,KBS
2025-10-30 07:00:00,26300.0,26800.0,26200.0,26350.0,6386200,KBS
2025-10-31 07:00:00,26800.0,27300.0,26050.0,26050.0,16467200,KBS
2025-11-03 07:00:00,26050.0,26050.0,24650.0,24650.0,10265200,KBS
2025-11-04 07:00:00,24750.0,24950.0,23250.0,24900.0,16730900,KBS
2025-11-05 07:00:00,24550.0,24750.0,24050.0,24200.0,7198900,KBS
2025-11-06 07:00:00,24350.0,24550.0,24100.0,24250.0,4855900,KBS
2025-11-07 07:00:00,24200.0,24250.0,23200.0,23450.0,9574500,KBS
2025-11-10 07:00:00,23400.0,23800.0,23200.0,23400.0,4188700,KBS
2025-11-11 07:00:00,23450.0,23600.0,23300.0,23500.0,3127700,KBS
2025-11-12 07:00:00,23700.0,24200.0,23700.0,24150.0,4037200,KBS
2025-11-13 07:00:00,24150.0,24250.0,23850.0,23900.0,3815700,KBS
2025-11-14 07:00:00,23850.0,24400.0,23800.0,24100.0,4254000,KBS
2025-11-17 07:00:00,24350.0,24700.0,24250.0,24600.0,4414600,KBS
2025-11-18 07:00:00,24750.0,24750.0,24300.0,24500.0,2962100,KBS
2025-11-19 07:00:00,24450.0,24850.0,24350.0,24500.0,4369100,KBS
2025-11-20 07:00:00,24500.0,24550.0,24050.0,24100.0,2549400,KBS
2025-11-21 07:00:00,24050.0,24400.0,23950.0,24250.0,4551800,KBS
2025-11-24 07:00:00,24400.0,24400.0,23850.0,23950.0,2955800,KBS
2025-11-25 07:00:00,23950.0,24100.0,23500.0,23750.0,4079500,KBS
2025-11-26 07:00:00,23650.0,24300.0,23650.0,24300.0,4652000,KBS
2025-11-27 07:00:00,24500.0,24550.0,23950.0,24050.0,3275800,KBS
2025-11-28 07:00:00,23950.0,24050.0,23700.0,23750.0,4302100,KBS
2025-12-01 07:00:00,23800.0,24150.0,23750.0,23750.0,3420400,KBS
2025-12-02 07:00:00,23700.0,23750.0,23300.0,23700.0,4412500,KBS
2025-12-03 07:00:00,23800.0,24100.0,23750.0,24100.0,3657100,KBS
2025-12-04 07:00:00,24200.0,24550.0,24200.0,24400.0,6616000,KBS
2025-12-05 07:00:00,24500.0,24750.0,24150.0,24600.0,5112600,KBS
2025-12-08 07:00:00,24650.0,24900.0,24200.0,24400.0,3743100,KBS
2025-12-09 07:00:00,24400.0,24500.0,23900.0,24450.0,5870600,KBS
2025-12-10 07:00:00,24650.0,24800.0,24200.0,24250.0,3534200,KBS
2025-12-11 07:00:00,24250.0,24550.0,24200.0,24350.0,2725400,KBS
2025-12-12 07:00:00,24400.0,24450.0,23100.0,23100.0,6353700,KBS
2025-12-15 07:00:00,23250.0,23300.0,22900.0,22900.0,3185900,KBS
2025-12-16 07:00:00,23050.0,23600.0,22400.0,23500.0,5535200,KBS
2025-12-17 07:00:00,23450.0,24050.0,23450.0,23800.0,2965900,KBS
2025-12-18 07:00:00,23850.0,24000.0,23650.0,24000.0,3118800,KBS
2025-12-19 07:00:00,24250.0,24250.0,23700.0,23850.0,3827200,KBS
2025-12-22 07:00:00,23700.0,24150.0,23700.0,23950.0,6075300,KBS
2025-12-23 07:00:00,24050.0,24050.0,23500.0,23600.0,5302500,KBS
2025-12-24 07:00:00,23550.0,23800.0,23400.0,23450.0,3598900,KBS
2025-12-25 07:00:00,23400.0,23600.0,23200.0,23200.0,5050300,KBS
2025-12-26 07:00:00,23100.0,23450.0,22600.0,22900.0,4287700,KBS
2025-12-29 07:00:00,22800.0,23400.0,22800.0,22900.0,3461400,KBS
2025-12-30 07:00:00,22900.0,23150.0,22800.0,22850.0,3659200,KBS
2025-12-31 07:00:00,22900.0,22950.0,22600.0,22600.0,5466900,KBS
2026-01-05 07:00:00,22650.0,22850.0,21900.0,22150.0,4394500,KBS
2026-01-06 07:00:00,22200.0,22350.0,21750.0,22150.0,4702800,KBS
2026-01-07 07:00:00,22250.0,22600.0,22200.0,22450.0,3744200,KBS
2026-01-08 07:00:00,22500.0,22750.0,22350.0,22350.0,5110000,KBS
2026-01-09 07:00:00,22550.0,22550.0,21350.0,21450.0,9229200,KBS
2026-01-12 07:00:00,21700.0,22800.0,21400.0,22500.0,6715500,KBS
2026-01-13 07:00:00,22950.0,23150.0,22700.0,22900.0,6721300,KBS
2026-01-14 07:00:00,23000.0,23600.0,22800.0,23500.0,8756800,KBS
2026-01-15 07:00:00,23500.0,23900.0,23050.0,23300.0,5148800,KBS
2026-01-16 07:00:00,23500.0,23600.0,23150.0,23300.0,4587800,KBS
2026-01-19 07:00:00,23300.0,24200.0,23300.0,23600.0,7464600,KBS
2026-01-20 07:00:00,23850.0,23900.0,23300.0,23300.0,4175500,KBS
2026-01-21 07:00:00,23250.0,23400.0,22700.0,22950.0,5783200,KBS
2026-01-22 07:00:00,23000.0,23700.0,22800.0,23100.0,6487800,KBS
2026-01-23 07:00:00,23150.0,23400.0,22700.0,22800.0,4409700,KBS
2026-01-26 07:00:00,22600.0,22700.0,21250.0,21250.0,24720300,KBS
2026-01-27 07:00:00,19800.0,20200.0,19800.0,19800.0,38214200,KBS
2026-01-28 07:00:00,19500.0,20250.0,18950.0,19450.0,16840600,KBS
2026-01-29 07:00:00,19450.0,19700.0,18900.0,19000.0,9405400,KBS
2026-01-30 07:00:00,18950.0,19450.0,18850.0,19150.0,7761900,KBS
2026-02-02 07:00:00,19250.0,19650.0,19050.0,19200.0,7930700,KBS
2026-02-03 07:00:00,19350.0,19500.0,19200.0,19200.0,6162800,KBS
2026-02-04 07:00:00,19200.0,19450.0,18550.0,19200.0,8880200,KBS
2026-02-05 07:00:00,19250.0,19250.0,18900.0,18900.0,4663100,KBS
2026-02-06 07:00:00,18600.0,18750.0,18150.0,18200.0,8287600,KBS
2026-02-09 07:00:00,18400.0,18500.0,18100.0,18200.0,3708100,KBS
2026-02-10 07:00:00,18200.0,18550.0,18150.0,18200.0,3571800,KBS
2026-02-11 07:00:00,18250.0,18650.0,18250.0,18450.0,3168000,KBS
2026-02-12 07:00:00,18450.0,19100.0,18450.0,18800.0,5339100,KBS
2026-02-13 07:00:00,18900.0,18950.0,18650.0,18900.0,2670900,KBS
2026-02-23 07:00:00,19100.0,19400.0,18950.0,19250.0,5236300,KBS
2026-02-24 07:00:00,19250.0,19350.0,19100.0,19200.0,4780100,KBS
2026-02-25 07:00:00,19400.0,19950.0,19350.0,19650.0,9647600,KBS
2026-02-26 07:00:00,19500.0,19550.0,19150.0,19300.0,6064100,KBS
2026-02-27 07:00:00,19250.0,19250.0,19100.0,19150.0,4941400,KBS
2026-03-02 07:00:00,18500.0,19000.0,18500.0,18700.0,6157000,KBS
2026-03-03 07:00:00,18600.0,19300.0,18600.0,18950.0,5336600,KBS
2026-03-04 07:00:00,18950.0,19200.0,18600.0,19150.0,9238000,KBS
2026-03-05 07:00:00,19300.0,20400.0,19250.0,19700.0,13433300,KBS
2026-03-06 07:00:00,19750.0,20650.0,19450.0,20050.0,11758500,KBS
2026-03-09 07:00:00,18800.0,19500.0,18650.0,18650.0,14182900,KBS
2026-03-10 07:00:00,19500.0,19950.0,18900.0,19950.0,16364600,KBS
2026-03-11 07:00:00,20800.0,21300.0,20600.0,21300.0,6669000,KBS
2026-03-12 07:00:00,22750.0,22750.0,22000.0,22750.0,42813300,KBS
2026-03-13 07:00:00,22600.0,24000.0,22200.0,23500.0,22372900,KBS
2026-03-16 07:00:00,24000.0,24500.0,22950.0,23600.0,18812700,KBS
2026-03-17 07:00:00,23550.0,23650.0,22700.0,22700.0,17191100,KBS
2026-03-18 07:00:00,22450.0,23100.0,21700.0,22100.0,19603100,KBS
2026-03-19 07:00:00,21750.0,23600.0,21700.0,23000.0,20270000,KBS
2026-03-20 07:00:00,22850.0,23050.0,22200.0,22300.0,10008800,KBS
2026-03-23 07:00:00,21750.0,22000.0,20750.0,20750.0,18806300,KBS
2026-03-24 07:00:00,20850.0,21500.0,20200.0,20550.0,13399200,KBS
2026-03-25 07:00:00,21000.0,21950.0,20950.0,21950.0,15458500,KBS
2026-03-26 07:00:00,22000.0,22600.0,21750.0,21750.0,9263100,KBS
2026-03-27 07:00:00,21750.0,22200.0,21650.0,21900.0,9222600,KBS
2026-03-30 07:00:00,21300.0,22500.0,21200.0,22150.0,9933300,KBS
2026-03-31 07:00:00,22500.0,22850.0,22000.0,22000.0,7885100,KBS
2026-04-01 07:00:00,22450.0,22950.0,22150.0,22500.0,12297000,KBS
2026-04-02 07:00:00,22400.0,23000.0,22150.0,22200.0,9456000,KBS
2026-04-03 07:00:00,22300.0,22350.0,21300.0,21400.0,14471800,KBS
2026-04-06 07:00:00,21400.0,21750.0,20950.0,20950.0,6714000,KBS
2026-04-07 07:00:00,21250.0,22000.0,21050.0,21350.0,5103900,KBS
2026-04-08 07:00:00,22700.0,22700.0,22000.0,22250.0,11834000,KBS
2026-04-09 07:00:00,22400.0,23450.0,22050.0,22950.0,28051500,KBS
2026-04-10 07:00:00,23300.0,23400.0,22800.0,22850.0,8431300,KBS
2026-04-13 07:00:00,22650.0,23450.0,22600.0,22700.0,13895500,KBS
2026-04-14 07:00:00,23200.0,23200.0,22550.0,22850.0,8545000,KBS
2026-04-15 07:00:00,23000.0,23150.0,22300.0,22400.0,11555700,KBS
2026-04-16 07:00:00,22450.0,22500.0,21800.0,22000.0,12144100,KBS
2026-04-17 07:00:00,22100.0,22350.0,21900.0,22250.0,4769200,KBS
2026-04-20 07:00:00,22250.0,22700.0,22150.0,22200.0,5261900,KBS
2026-04-21 07:00:00,22350.0,22450.0,22000.0,22000.0,5166700,KBS
2026-04-22 07:00:00,21900.0,22100.0,21650.0,21650.0,6173400,KBS
2026-04-23 07:00:00,21800.0,23000.0,21550.0,22700.0,13148200,KBS
2026-04-24 07:00:00,22900.0,23300.0,22550.0,22900.0,13720000,KBS
2026-04-28 07:00:00,22800.0,22850.0,22000.0,22050.0,10678100,KBS
2026-04-29 07:00:00,22150.0,22400.0,22000.0,22150.0,5437900,KBS
2026-05-04 07:00:00,22350.0,23250.0,22250.0,22800.0,13003100,KBS
2026-05-05 07:00:00,22900.0,23450.0,22550.0,22850.0,11590200,KBS
2026-05-06 07:00:00,22900.0,23250.0,22700.0,23200.0,9470100,KBS
2026-05-07 07:00:00,23500.0,23700.0,22350.0,22350.0,21942200,KBS
2026-05-08 07:00:00,22300.0,22500.0,21750.0,22050.0,14313200,KBS
2026-05-11 07:00:00,22150.0,22200.0,21750.0,21800.0,10144600,KBS
2026-05-12 07:00:00,21900.0,22050.0,21850.0,22000.0,3404200,KBS
2026-05-13 07:00:00,22150.0,22150.0,21600.0,21750.0,5848700,KBS
2026-05-14 07:00:00,21750.0,21900.0,21750.0,21750.0,3702900,KBS
2026-05-15 07:00:00,21800.0,21950.0,21550.0,21600.0,5397200,KBS
2026-05-18 07:00:00,21550.0,21600.0,21000.0,21200.0,10032200,KBS
2026-05-19 07:00:00,21300.0,21500.0,21050.0,21100.0,3806800,KBS
2026-05-20 07:00:00,21100.0,21300.0,20000.0,20900.0,8510900,KBS
2026-05-21 07:00:00,21050.0,21100.0,20550.0,20800.0,2841300,KBS
2026-05-22 07:00:00,20800.0,21050.0,20500.0,21000.0,3189400,KBS
2026-05-25 07:00:00,21100.0,21150.0,20800.0,20900.0,2241500,KBS
2026-05-26 07:00:00,20650.0,21000.0,20650.0,20750.0,2666800,KBS
2026-05-27 07:00:00,20800.0,21050.0,20750.0,20800.0,2787400,KBS
2026-05-28 07:00:00,20800.0,20950.0,20600.0,20600.0,2755400,KBS
2026-05-29 07:00:00,20650.0,20650.0,20050.0,20050.0,4027800,KBS
2026-06-01 07:00:00,20150.0,20350.0,20100.0,20200.0,1677600,KBS
2026-06-02 07:00:00,20200.0,20300.0,19500.0,19750.0,5081600,KBS
2026-06-03 07:00:00,19750.0,19850.0,19500.0,19750.0,2799100,KBS
2026-06-04 07:00:00,19750.0,19800.0,19650.0,19700.0,1813900,KBS
2026-06-05 07:00:00,19800.0,19800.0,19500.0,19500.0,3063700,KBS
