date,open,high,low,close,volume,_source
2020-01-02 07:00:00,13750.0,13750.0,13599.0,13599.0,143280,KBS
2020-01-03 07:00:00,13599.0,13674.0,13599.0,13599.0,55480,KBS
2020-01-06 07:00:00,13599.0,13636.0,13561.0,13599.0,152580,KBS
2020-01-07 07:00:00,13447.0,13599.0,13447.0,13599.0,121120,KBS
2020-01-08 07:00:00,13599.0,13636.0,12805.0,13599.0,310830,KBS
2020-01-09 07:00:00,13599.0,13750.0,13599.0,13750.0,374150,KBS
2020-01-10 07:00:00,13636.0,13750.0,13599.0,13636.0,105900,KBS
2020-01-13 07:00:00,13636.0,13636.0,13599.0,13599.0,131260,KBS
2020-01-14 07:00:00,13447.0,13636.0,13447.0,13599.0,199490,KBS
2020-01-15 07:00:00,13599.0,13599.0,13523.0,13599.0,262570,KBS
2020-01-16 07:00:00,13599.0,13636.0,13599.0,13599.0,115470,KBS
2020-01-17 07:00:00,13599.0,13674.0,13599.0,13599.0,251850,KBS
2020-01-20 07:00:00,13599.0,13750.0,13599.0,13674.0,153910,KBS
2020-01-21 07:00:00,13674.0,13825.0,13599.0,13599.0,92950,KBS
2020-01-22 07:00:00,13599.0,13787.0,13599.0,13787.0,171450,KBS
2020-01-30 07:00:00,13410.0,13750.0,13410.0,13599.0,203710,KBS
2020-01-31 07:00:00,13750.0,13750.0,13599.0,13636.0,306970,KBS
2020-02-03 07:00:00,13447.0,13447.0,12994.0,13070.0,254350,KBS
2020-02-04 07:00:00,13070.0,13599.0,13032.0,13032.0,211230,KBS
2020-02-05 07:00:00,13372.0,13372.0,12994.0,13221.0,151750,KBS
2020-02-06 07:00:00,13259.0,13334.0,13070.0,13259.0,92070,KBS
2020-02-07 07:00:00,13447.0,13447.0,13259.0,13372.0,110460,KBS
2020-02-10 07:00:00,13447.0,13447.0,13145.0,13145.0,209100,KBS
2020-02-11 07:00:00,13107.0,13296.0,13107.0,13221.0,106560,KBS
2020-02-12 07:00:00,13221.0,13410.0,13183.0,13296.0,154960,KBS
2020-02-13 07:00:00,13296.0,13561.0,13259.0,13372.0,213760,KBS
2020-02-14 07:00:00,13561.0,13561.0,13334.0,13334.0,177320,KBS
2020-02-17 07:00:00,13183.0,13485.0,13183.0,13296.0,96320,KBS
2020-02-18 07:00:00,13372.0,13372.0,13183.0,13296.0,228380,KBS
2020-02-19 07:00:00,13296.0,13674.0,13296.0,13674.0,345140,KBS
2020-02-20 07:00:00,13674.0,13750.0,13599.0,13712.0,52480,KBS
2020-02-21 07:00:00,13712.0,13976.0,13712.0,13976.0,301110,KBS
2020-02-24 07:00:00,13372.0,13976.0,13372.0,13599.0,459500,KBS
2020-02-25 07:00:00,13372.0,13976.0,13372.0,13976.0,454500,KBS
2020-02-26 07:00:00,13825.0,13976.0,13750.0,13825.0,62240,KBS
2020-02-27 07:00:00,13750.0,13976.0,13750.0,13901.0,99090,KBS
2020-02-28 07:00:00,13636.0,13825.0,13599.0,13750.0,245970,KBS
2020-03-02 07:00:00,13674.0,14127.0,13674.0,13976.0,470570,KBS
2020-03-03 07:00:00,14052.0,14052.0,13825.0,13976.0,166640,KBS
2020-03-04 07:00:00,13976.0,14052.0,13825.0,13976.0,644960,KBS
2020-03-05 07:00:00,13976.0,14127.0,13825.0,13976.0,505220,KBS
2020-03-06 07:00:00,14052.0,14052.0,13901.0,13976.0,466980,KBS
2020-03-09 07:00:00,13674.0,13674.0,13145.0,13221.0,632730,KBS
2020-03-10 07:00:00,13221.0,13485.0,13070.0,13485.0,220700,KBS
2020-03-11 07:00:00,13750.0,13750.0,13410.0,13410.0,293330,KBS
2020-03-12 07:00:00,12616.0,13485.0,12616.0,12805.0,1125890,KBS
2020-03-13 07:00:00,12088.0,12390.0,11936.0,12314.0,571780,KBS
2020-03-16 07:00:00,12314.0,12314.0,11936.0,12012.0,170270,KBS
2020-03-17 07:00:00,11408.0,12314.0,11408.0,12314.0,254490,KBS
2020-03-18 07:00:00,12352.0,12352.0,11936.0,12163.0,168420,KBS
2020-03-19 07:00:00,11710.0,12088.0,11483.0,11483.0,408650,KBS
2020-03-20 07:00:00,11634.0,11634.0,11332.0,11445.0,332740,KBS
2020-03-23 07:00:00,11181.0,11332.0,10652.0,10652.0,132620,KBS
2020-03-24 07:00:00,10048.0,10350.0,9934.0,10123.0,572680,KBS
2020-03-25 07:00:00,10123.0,10728.0,10123.0,10652.0,182820,KBS
2020-03-26 07:00:00,10652.0,10652.0,10426.0,10652.0,140200,KBS
2020-03-27 07:00:00,10426.0,10652.0,10426.0,10614.0,320910,KBS
2020-03-30 07:00:00,10577.0,10614.0,10199.0,10426.0,215450,KBS
2020-03-31 07:00:00,10577.0,10652.0,10274.0,10652.0,793060,KBS
2020-04-01 07:00:00,10879.0,11068.0,10652.0,11030.0,136890,KBS
2020-04-03 07:00:00,11597.0,11597.0,11030.0,11257.0,107090,KBS
2020-04-06 07:00:00,11257.0,11785.0,11257.0,11634.0,335880,KBS
2020-04-07 07:00:00,12239.0,12239.0,11634.0,11861.0,430610,KBS
2020-04-08 07:00:00,11332.0,12239.0,11332.0,12163.0,514920,KBS
2020-04-09 07:00:00,12088.0,12239.0,12012.0,12012.0,153920,KBS
2020-04-10 07:00:00,12314.0,12314.0,11181.0,11974.0,411370,KBS
2020-04-13 07:00:00,11974.0,12012.0,11445.0,11899.0,140150,KBS
2020-04-14 07:00:00,11559.0,12088.0,11559.0,12050.0,131500,KBS
2020-04-15 07:00:00,12163.0,12163.0,11861.0,11861.0,82480,KBS
2020-04-16 07:00:00,11936.0,12428.0,11861.0,12428.0,319380,KBS
2020-04-17 07:00:00,12465.0,12579.0,12465.0,12579.0,140970,KBS
2020-04-20 07:00:00,12843.0,12843.0,12579.0,12579.0,136670,KBS
2020-04-21 07:00:00,12428.0,12616.0,11861.0,11861.0,172870,KBS
2020-04-22 07:00:00,12163.0,12163.0,11974.0,12163.0,88070,KBS
2020-04-23 07:00:00,12465.0,12541.0,12390.0,12541.0,235620,KBS
2020-04-24 07:00:00,12616.0,12616.0,12390.0,12465.0,23740,KBS
2020-04-27 07:00:00,12541.0,12843.0,12465.0,12843.0,466220,KBS
2020-04-28 07:00:00,12994.0,13070.0,12768.0,13070.0,481990,KBS
2020-04-29 07:00:00,13070.0,13145.0,12843.0,13070.0,224620,KBS
2020-05-04 07:00:00,13070.0,13070.0,12465.0,12465.0,167100,KBS
2020-05-05 07:00:00,12616.0,13070.0,12428.0,13070.0,362270,KBS
2020-05-06 07:00:00,13070.0,13107.0,12881.0,13070.0,456160,KBS
2020-05-07 07:00:00,13070.0,13107.0,12843.0,13070.0,434920,KBS
2020-05-08 07:00:00,13107.0,13145.0,12994.0,13070.0,273560,KBS
2020-05-11 07:00:00,12919.0,13145.0,12919.0,12919.0,95630,KBS
2020-05-12 07:00:00,12919.0,13032.0,12616.0,12768.0,171050,KBS
2020-05-13 07:00:00,12692.0,12956.0,12616.0,12616.0,171310,KBS
2020-05-14 07:00:00,12768.0,13070.0,12768.0,12881.0,179710,KBS
2020-05-15 07:00:00,12881.0,13070.0,12843.0,12881.0,122360,KBS
2020-05-18 07:00:00,12919.0,13145.0,12881.0,13145.0,556780,KBS
2020-05-19 07:00:00,13221.0,13221.0,13145.0,13145.0,150110,KBS
2020-05-20 07:00:00,13145.0,13145.0,13070.0,13070.0,414090,KBS
2020-05-21 07:00:00,12994.0,13183.0,12843.0,13145.0,235630,KBS
2020-05-22 07:00:00,12919.0,13372.0,12919.0,13334.0,342150,KBS
2020-05-25 07:00:00,13334.0,13901.0,13334.0,13825.0,584370,KBS
2020-05-26 07:00:00,13976.0,14354.0,13750.0,14316.0,386760,KBS
2020-05-27 07:00:00,14354.0,14430.0,14052.0,14392.0,512780,KBS
2020-05-28 07:00:00,14430.0,14467.0,14165.0,14316.0,553290,KBS
2020-05-29 07:00:00,14127.0,14467.0,14127.0,14203.0,621160,KBS
2020-06-01 07:00:00,14165.0,14392.0,14165.0,14203.0,167840,KBS
2020-06-02 07:00:00,14316.0,14316.0,14165.0,14278.0,138230,KBS
2020-06-03 07:00:00,14278.0,14392.0,13976.0,14090.0,186540,KBS
2020-06-04 07:00:00,14052.0,14430.0,14052.0,14392.0,509800,KBS
2020-06-05 07:00:00,14392.0,14430.0,14165.0,14354.0,57610,KBS
2020-06-08 07:00:00,14354.0,14467.0,14354.0,14392.0,203660,KBS
2020-06-09 07:00:00,14430.0,14543.0,14316.0,14467.0,354680,KBS
2020-06-10 07:00:00,14505.0,14505.0,14354.0,14430.0,395720,KBS
2020-06-11 07:00:00,14430.0,14467.0,14241.0,14241.0,564220,KBS
2020-06-12 07:00:00,14127.0,14278.0,13372.0,14278.0,434060,KBS
2020-06-15 07:00:00,14430.0,14430.0,13976.0,14127.0,196310,KBS
2020-06-16 07:00:00,14241.0,14430.0,14052.0,14392.0,489980,KBS
2020-06-17 07:00:00,14392.0,14505.0,14354.0,14392.0,68440,KBS
2020-06-18 07:00:00,14505.0,15185.0,14392.0,15034.0,1125010,KBS
2020-06-19 07:00:00,15109.0,15563.0,14883.0,15487.0,922180,KBS
2020-06-22 07:00:00,15487.0,15487.0,15034.0,15072.0,794280,KBS
2020-06-23 07:00:00,14845.0,14958.0,14430.0,14656.0,603340,KBS
2020-06-24 07:00:00,14505.0,14732.0,14392.0,14505.0,171620,KBS
2020-06-25 07:00:00,14127.0,14505.0,14090.0,14241.0,238810,KBS
2020-06-26 07:00:00,14354.0,14430.0,14203.0,14278.0,184160,KBS
2020-06-29 07:00:00,14354.0,14770.0,14354.0,14618.0,446090,KBS
2020-06-30 07:00:00,14618.0,14807.0,14278.0,14392.0,456320,KBS
2020-07-01 07:00:00,14505.0,14807.0,14354.0,14770.0,170090,KBS
2020-07-02 07:00:00,15336.0,15789.0,14958.0,15789.0,1084590,KBS
2020-07-03 07:00:00,16092.0,16394.0,15412.0,15487.0,1456560,KBS
2020-07-06 07:00:00,15865.0,15865.0,15336.0,15487.0,486080,KBS
2020-07-07 07:00:00,15607.0,15647.0,15328.0,15527.0,437010,KBS
2020-07-08 07:00:00,15527.0,16206.0,15248.0,16046.0,714770,KBS
2020-07-09 07:00:00,16046.0,16445.0,16046.0,16365.0,837690,KBS
2020-07-10 07:00:00,16286.0,16445.0,16046.0,16365.0,428260,KBS
2020-07-13 07:00:00,16445.0,16525.0,15966.0,15966.0,322960,KBS
2020-07-14 07:00:00,15966.0,16365.0,15727.0,16365.0,399700,KBS
2020-07-15 07:00:00,16365.0,16525.0,15966.0,16086.0,340490,KBS
2020-07-16 07:00:00,16286.0,16325.0,15886.0,16086.0,238820,KBS
2020-07-17 07:00:00,16046.0,16126.0,15966.0,15966.0,449190,KBS
2020-07-20 07:00:00,16166.0,16206.0,15886.0,16006.0,494460,KBS
2020-07-21 07:00:00,15966.0,16086.0,15966.0,16006.0,516770,KBS
2020-07-22 07:00:00,15966.0,16126.0,15966.0,15966.0,282680,KBS
2020-07-23 07:00:00,15926.0,16086.0,15846.0,16046.0,383110,KBS
2020-07-24 07:00:00,16046.0,16046.0,14928.0,15447.0,1148350,KBS
2020-07-27 07:00:00,14689.0,15487.0,14689.0,14928.0,1210280,KBS
2020-07-28 07:00:00,15008.0,15886.0,14849.0,15487.0,553350,KBS
2020-07-29 07:00:00,15687.0,15687.0,14888.0,15008.0,705420,KBS
2020-07-30 07:00:00,15008.0,15647.0,14928.0,15008.0,177040,KBS
2020-07-31 07:00:00,14849.0,15487.0,14849.0,15248.0,318360,KBS
2020-08-03 07:00:00,15248.0,15807.0,15248.0,15807.0,318900,KBS
2020-08-04 07:00:00,15807.0,16126.0,15647.0,16046.0,231450,KBS
2020-08-05 07:00:00,16046.0,16126.0,15807.0,16046.0,186340,KBS
2020-08-06 07:00:00,16046.0,16126.0,15886.0,16046.0,238130,KBS
2020-08-07 07:00:00,16046.0,17164.0,16006.0,17164.0,7816310,KBS
2020-08-10 07:00:00,17283.0,17283.0,16884.0,16964.0,655270,KBS
2020-08-11 07:00:00,16924.0,17563.0,16884.0,17323.0,522950,KBS
2020-08-12 07:00:00,17164.0,17563.0,17164.0,17563.0,1189560,KBS
2020-08-13 07:00:00,17563.0,17563.0,17204.0,17243.0,647350,KBS
2020-08-14 07:00:00,17243.0,17323.0,16844.0,16844.0,577410,KBS
2020-08-17 07:00:00,16765.0,17563.0,16525.0,17443.0,706300,KBS
2020-08-18 07:00:00,17483.0,18122.0,17164.0,17922.0,596240,KBS
2020-08-19 07:00:00,17643.0,17922.0,17643.0,17722.0,484680,KBS
2020-08-20 07:00:00,17722.0,17882.0,17563.0,17563.0,413030,KBS
2020-08-21 07:00:00,17563.0,17643.0,17403.0,17643.0,254000,KBS
2020-08-24 07:00:00,17802.0,17962.0,17523.0,17842.0,525010,KBS
2020-08-25 07:00:00,17842.0,17842.0,17164.0,17403.0,742450,KBS
2020-08-26 07:00:00,17204.0,17523.0,17204.0,17403.0,607000,KBS
2020-08-27 07:00:00,17403.0,17643.0,17403.0,17523.0,1093370,KBS
2020-08-28 07:00:00,17563.0,17802.0,17483.0,17523.0,753330,KBS
2020-08-31 07:00:00,17683.0,17683.0,17164.0,17164.0,579560,KBS
2020-09-01 07:00:00,17164.0,17722.0,17164.0,17323.0,273060,KBS
2020-09-03 07:00:00,17403.0,18521.0,17403.0,18361.0,1031740,KBS
2020-09-04 07:00:00,17962.0,18760.0,17882.0,18481.0,640480,KBS
2020-09-07 07:00:00,18401.0,19519.0,18241.0,18760.0,475670,KBS
2020-09-08 07:00:00,18361.0,18760.0,18361.0,18401.0,235580,KBS
2020-09-09 07:00:00,18002.0,18521.0,17124.0,17323.0,1380600,KBS
2020-09-10 07:00:00,17643.0,17722.0,17323.0,17323.0,474080,KBS
2020-09-11 07:00:00,17323.0,17643.0,17323.0,17323.0,344620,KBS
2020-09-14 07:00:00,18042.0,18122.0,17683.0,17962.0,468320,KBS
2020-09-15 07:00:00,17962.0,18241.0,17882.0,17962.0,366330,KBS
2020-09-16 07:00:00,18042.0,18441.0,17962.0,18281.0,766670,KBS
2020-09-17 07:00:00,18281.0,18521.0,18042.0,18241.0,340960,KBS
2020-09-18 07:00:00,18361.0,18760.0,18122.0,18680.0,692540,KBS
2020-09-21 07:00:00,19000.0,19000.0,18601.0,18720.0,425800,KBS
2020-09-22 07:00:00,18720.0,18840.0,18680.0,18720.0,395230,KBS
2020-09-23 07:00:00,18680.0,18720.0,18521.0,18680.0,397090,KBS
2020-09-24 07:00:00,18561.0,18760.0,18561.0,18680.0,529020,KBS
2020-09-25 07:00:00,18680.0,18840.0,18641.0,18760.0,726240,KBS
2020-09-28 07:00:00,18760.0,18960.0,18720.0,18760.0,341540,KBS
2020-09-29 07:00:00,18760.0,18840.0,18641.0,18680.0,280950,KBS
2020-09-30 07:00:00,18760.0,18760.0,17563.0,18361.0,495820,KBS
2020-10-01 07:00:00,18481.0,18481.0,18281.0,18361.0,275340,KBS
2020-10-02 07:00:00,18441.0,18641.0,18201.0,18361.0,378360,KBS
2020-10-05 07:00:00,18361.0,18641.0,18361.0,18361.0,107390,KBS
2020-10-06 07:00:00,18441.0,18521.0,18361.0,18361.0,249230,KBS
2020-10-07 07:00:00,18281.0,18441.0,18281.0,18361.0,82270,KBS
2020-10-08 07:00:00,18361.0,18521.0,18042.0,18201.0,182670,KBS
2020-10-09 07:00:00,18281.0,18321.0,18122.0,18321.0,150530,KBS
2020-10-12 07:00:00,18521.0,18561.0,18281.0,18281.0,290900,KBS
2020-10-13 07:00:00,18281.0,18441.0,18201.0,18281.0,181140,KBS
2020-10-14 07:00:00,18361.0,18401.0,18281.0,18361.0,217220,KBS
2020-10-15 07:00:00,18401.0,18680.0,18321.0,18680.0,181900,KBS
2020-10-16 07:00:00,18760.0,18840.0,17403.0,18361.0,170550,KBS
2020-10-19 07:00:00,17962.0,18441.0,17962.0,18401.0,88400,KBS
2020-10-20 07:00:00,18281.0,18441.0,18002.0,18401.0,155090,KBS
2020-10-21 07:00:00,18601.0,18680.0,18361.0,18680.0,285440,KBS
2020-10-22 07:00:00,18680.0,18680.0,18321.0,18361.0,46870,KBS
2020-10-23 07:00:00,18441.0,18441.0,18281.0,18361.0,55100,KBS
2020-10-26 07:00:00,18361.0,18441.0,18241.0,18241.0,112270,KBS
2020-10-27 07:00:00,18201.0,18361.0,18082.0,18241.0,149800,KBS
2020-10-28 07:00:00,17882.0,18241.0,17882.0,18241.0,210550,KBS
2020-10-29 07:00:00,18201.0,18281.0,18122.0,18241.0,121730,KBS
2020-10-30 07:00:00,18281.0,18401.0,18241.0,18401.0,97660,KBS
2020-11-02 07:00:00,17962.0,18401.0,17962.0,18361.0,12760,KBS
2020-11-03 07:00:00,18441.0,18481.0,18321.0,18361.0,88860,KBS
2020-11-04 07:00:00,18361.0,18521.0,18361.0,18361.0,107200,KBS
2020-11-05 07:00:00,18361.0,18481.0,18361.0,18441.0,81490,KBS
2020-11-06 07:00:00,18601.0,18601.0,18441.0,18521.0,9730,KBS
2020-11-09 07:00:00,18760.0,18760.0,18401.0,18521.0,30490,KBS
2020-11-10 07:00:00,18680.0,18680.0,18441.0,18441.0,75950,KBS
2020-11-11 07:00:00,18281.0,18441.0,18281.0,18441.0,91320,KBS
2020-11-12 07:00:00,18441.0,18481.0,18361.0,18481.0,28770,KBS
2020-11-13 07:00:00,18441.0,18481.0,18361.0,18441.0,68540,KBS
2020-11-16 07:00:00,18441.0,18441.0,18361.0,18361.0,172340,KBS
2020-11-17 07:00:00,18281.0,18441.0,18281.0,18441.0,124070,KBS
2020-11-18 07:00:00,18521.0,18521.0,18361.0,18401.0,212280,KBS
2020-11-19 07:00:00,18361.0,18521.0,18361.0,18521.0,189630,KBS
2020-11-20 07:00:00,19159.0,19798.0,19080.0,19798.0,1105520,KBS
2020-11-23 07:00:00,19798.0,21155.0,19758.0,21155.0,327780,KBS
2020-11-24 07:00:00,22632.0,22632.0,21155.0,21554.0,367200,KBS
2020-11-25 07:00:00,21155.0,21155.0,20517.0,20756.0,508270,KBS
2020-11-26 07:00:00,20477.0,21954.0,20038.0,20836.0,259720,KBS
2020-11-27 07:00:00,20796.0,21315.0,20756.0,20756.0,144630,KBS
2020-11-30 07:00:00,20756.0,21235.0,20756.0,21155.0,327850,KBS
2020-12-01 07:00:00,20437.0,21155.0,20437.0,20796.0,170400,KBS
2020-12-02 07:00:00,20996.0,21315.0,20756.0,21035.0,304610,KBS
2020-12-03 07:00:00,21195.0,22472.0,21155.0,22353.0,720060,KBS
2020-12-04 07:00:00,22592.0,22592.0,21794.0,22193.0,207200,KBS
2020-12-07 07:00:00,22193.0,22193.0,21155.0,21155.0,222590,KBS
2020-12-08 07:00:00,20796.0,21115.0,20117.0,20357.0,574010,KBS
2020-12-09 07:00:00,20357.0,21035.0,20117.0,20556.0,299660,KBS
2020-12-10 07:00:00,20517.0,20996.0,20357.0,20357.0,191440,KBS
2020-12-11 07:00:00,20556.0,20556.0,20077.0,20437.0,197790,KBS
2020-12-14 07:00:00,20437.0,20676.0,20038.0,20437.0,224780,KBS
2020-12-15 07:00:00,20437.0,20556.0,20117.0,20477.0,223580,KBS
2020-12-16 07:00:00,20716.0,20756.0,20317.0,20437.0,389620,KBS
2020-12-17 07:00:00,20437.0,20836.0,20277.0,20437.0,360720,KBS
2020-12-18 07:00:00,20357.0,20676.0,20357.0,20437.0,192300,KBS
2020-12-21 07:00:00,20477.0,20517.0,20357.0,20517.0,374600,KBS
2020-12-22 07:00:00,20556.0,21554.0,20157.0,21315.0,347200,KBS
2020-12-23 07:00:00,21514.0,22752.0,21395.0,21794.0,578550,KBS
2020-12-24 07:00:00,21554.0,21714.0,20397.0,20796.0,317770,KBS
2020-12-25 07:00:00,20676.0,21395.0,20676.0,21395.0,119720,KBS
2020-12-28 07:00:00,22353.0,22353.0,20756.0,21355.0,366700,KBS
2020-12-29 07:00:00,20996.0,21514.0,20996.0,21475.0,157790,KBS
2020-12-30 07:00:00,21475.0,21514.0,21195.0,21355.0,229270,KBS
2020-12-31 07:00:00,21235.0,21554.0,21235.0,21395.0,283180,KBS
2021-01-04 07:00:00,21435.0,21794.0,21355.0,21395.0,208900,KBS
2021-01-05 07:00:00,21395.0,21874.0,21355.0,21674.0,199900,KBS
2021-01-06 07:00:00,22193.0,22712.0,21794.0,22153.0,523300,KBS
2021-01-07 07:00:00,21874.0,22393.0,21874.0,22353.0,113300,KBS
2021-01-08 07:00:00,22353.0,22512.0,21075.0,22273.0,240900,KBS
2021-01-11 07:00:00,22273.0,22273.0,21874.0,22193.0,227700,KBS
2021-01-12 07:00:00,22193.0,22193.0,21155.0,21834.0,139500,KBS
2021-01-13 07:00:00,21554.0,22033.0,21475.0,21475.0,202200,KBS
2021-01-14 07:00:00,21794.0,22592.0,21554.0,21554.0,222300,KBS
2021-01-15 07:00:00,22193.0,22193.0,21674.0,21714.0,67800,KBS
2021-01-18 07:00:00,21714.0,22193.0,21674.0,21794.0,237600,KBS
2021-01-19 07:00:00,21954.0,22153.0,20357.0,21475.0,381000,KBS
2021-01-20 07:00:00,21275.0,22193.0,20836.0,21475.0,449300,KBS
2021-01-21 07:00:00,21914.0,22951.0,21554.0,22951.0,727200,KBS
2021-01-22 07:00:00,24189.0,24548.0,23710.0,24548.0,863000,KBS
2021-01-25 07:00:00,25945.0,26264.0,24907.0,26264.0,996200,KBS
2021-01-26 07:00:00,26224.0,27103.0,24428.0,24748.0,1357400,KBS
2021-01-27 07:00:00,24588.0,26464.0,24348.0,26464.0,1883800,KBS
2021-01-28 07:00:00,24748.0,28180.0,24748.0,25546.0,983800,KBS
2021-01-29 07:00:00,24867.0,27302.0,24867.0,27302.0,830000,KBS
2021-02-01 07:00:00,27861.0,29178.0,27143.0,28101.0,660200,KBS
2021-02-02 07:00:00,27941.0,29098.0,26424.0,29098.0,850900,KBS
2021-02-03 07:00:00,29577.0,31134.0,29098.0,30535.0,573000,KBS
2021-02-04 07:00:00,30336.0,30495.0,28420.0,28420.0,714700,KBS
2021-02-05 07:00:00,26584.0,28180.0,26544.0,27222.0,901300,KBS
2021-02-08 07:00:00,27222.0,27382.0,26344.0,26344.0,592600,KBS
2021-02-09 07:00:00,25945.0,27382.0,25945.0,27342.0,430000,KBS
2021-02-17 07:00:00,27342.0,27901.0,26344.0,27901.0,421600,KBS
2021-02-18 07:00:00,27941.0,28899.0,27502.0,28101.0,442200,KBS
2021-02-19 07:00:00,28101.0,29697.0,28101.0,29138.0,353500,KBS
2021-02-22 07:00:00,29138.0,29537.0,28340.0,28739.0,719300,KBS
2021-02-23 07:00:00,28540.0,29777.0,28540.0,29378.0,496000,KBS
2021-02-24 07:00:00,29019.0,29617.0,28739.0,28739.0,469000,KBS
2021-02-25 07:00:00,29657.0,30256.0,29218.0,29897.0,701900,KBS
2021-02-26 07:00:00,29537.0,29857.0,29138.0,29777.0,227100,KBS
2021-03-01 07:00:00,29777.0,29937.0,29378.0,29617.0,103700,KBS
2021-03-02 07:00:00,29937.0,30495.0,29537.0,29537.0,345400,KBS
2021-03-03 07:00:00,29178.0,29458.0,28739.0,28739.0,388800,KBS
2021-03-04 07:00:00,30336.0,30416.0,27143.0,28739.0,278100,KBS
2021-03-05 07:00:00,28739.0,28739.0,27143.0,28699.0,473200,KBS
2021-03-08 07:00:00,28340.0,29058.0,27781.0,27861.0,194600,KBS
2021-03-09 07:00:00,27781.0,27781.0,26584.0,27701.0,398700,KBS
2021-03-10 07:00:00,27143.0,27502.0,26664.0,26743.0,343500,KBS
2021-03-11 07:00:00,27143.0,27302.0,26743.0,26903.0,155200,KBS
2021-03-12 07:00:00,26903.0,27182.0,26743.0,27063.0,131400,KBS
2021-03-15 07:00:00,27143.0,27462.0,26983.0,27462.0,283700,KBS
2021-03-16 07:00:00,27462.0,27462.0,26943.0,27222.0,103700,KBS
2021-03-17 07:00:00,27143.0,27462.0,26943.0,27222.0,158000,KBS
2021-03-18 07:00:00,27143.0,27422.0,27143.0,27143.0,154200,KBS
2021-03-19 07:00:00,27143.0,27143.0,26344.0,27063.0,211800,KBS
2021-03-22 07:00:00,27063.0,27143.0,26344.0,27143.0,369600,KBS
2021-03-23 07:00:00,27063.0,27542.0,26424.0,27542.0,219300,KBS
2021-03-24 07:00:00,27542.0,27542.0,26823.0,27342.0,147300,KBS
2021-03-25 07:00:00,27302.0,27302.0,26743.0,27143.0,95900,KBS
2021-03-26 07:00:00,26664.0,27542.0,25546.0,27542.0,246200,KBS
2021-03-29 07:00:00,27542.0,27542.0,26943.0,27502.0,221000,KBS
2021-03-30 07:00:00,27502.0,28659.0,27063.0,28659.0,344200,KBS
2021-03-31 07:00:00,28659.0,29058.0,28300.0,28460.0,187800,KBS
2021-04-01 07:00:00,28500.0,28500.0,28061.0,28500.0,94700,KBS
2021-04-02 07:00:00,28500.0,28500.0,27941.0,28101.0,111500,KBS
2021-04-05 07:00:00,30056.0,30056.0,28659.0,29058.0,403300,KBS
2021-04-06 07:00:00,29058.0,29138.0,27941.0,27941.0,233700,KBS
2021-04-07 07:00:00,27941.0,28739.0,27182.0,28739.0,186200,KBS
2021-04-08 07:00:00,28340.0,28659.0,27941.0,28420.0,179900,KBS
2021-04-09 07:00:00,28420.0,28460.0,27941.0,27941.0,154800,KBS
2021-04-12 07:00:00,28300.0,28300.0,27781.0,28021.0,217900,KBS
2021-04-13 07:00:00,28021.0,28460.0,27302.0,27941.0,186400,KBS
2021-04-14 07:00:00,27941.0,27941.0,26983.0,27582.0,278400,KBS
2021-04-15 07:00:00,27701.0,27701.0,26743.0,26943.0,185200,KBS
2021-04-16 07:00:00,26304.0,26783.0,26185.0,26344.0,293900,KBS
2021-04-19 07:00:00,25865.0,26743.0,25227.0,26344.0,287100,KBS
2021-04-20 07:00:00,26664.0,26664.0,26264.0,26504.0,158900,KBS
2021-04-22 07:00:00,26504.0,27023.0,25626.0,26424.0,99300,KBS
2021-04-23 07:00:00,26424.0,26983.0,26304.0,26743.0,130300,KBS
2021-04-26 07:00:00,27143.0,27143.0,26344.0,26664.0,172000,KBS
2021-04-27 07:00:00,26664.0,26823.0,26344.0,26624.0,72500,KBS
2021-04-28 07:00:00,26624.0,28460.0,26624.0,28460.0,1477700,KBS
2021-04-29 07:00:00,28739.0,30256.0,28659.0,28899.0,1839900,KBS
2021-05-04 07:00:00,28739.0,28739.0,27701.0,27861.0,238900,KBS
2021-05-05 07:00:00,27861.0,27861.0,27063.0,27462.0,559100,KBS
2021-05-06 07:00:00,27143.0,27981.0,27143.0,27422.0,220900,KBS
2021-05-07 07:00:00,27861.0,27861.0,26504.0,26983.0,149300,KBS
2021-05-10 07:00:00,26185.0,26504.0,26185.0,26424.0,155100,KBS
2021-05-11 07:00:00,26344.0,26903.0,26344.0,26344.0,137000,KBS
2021-05-12 07:00:00,26105.0,26344.0,26105.0,26344.0,471200,KBS
2021-05-13 07:00:00,26424.0,26743.0,26344.0,26344.0,153000,KBS
2021-05-14 07:00:00,26664.0,26664.0,26304.0,26344.0,57400,KBS
2021-05-17 07:00:00,26344.0,26504.0,26105.0,26344.0,115600,KBS
2021-05-18 07:00:00,26025.0,26384.0,25985.0,26264.0,68100,KBS
2021-05-19 07:00:00,26264.0,26424.0,25945.0,26025.0,168900,KBS
2021-05-20 07:00:00,26105.0,26105.0,24907.0,25227.0,180100,KBS
2021-05-21 07:00:00,24748.0,25027.0,24348.0,24827.0,311200,KBS
2021-05-24 07:00:00,24993.0,25324.0,24993.0,25241.0,139900,KBS
2021-05-25 07:00:00,25324.0,25365.0,24662.0,24745.0,118400,KBS
2021-05-26 07:00:00,24745.0,24745.0,23876.0,24083.0,339900,KBS
2021-05-27 07:00:00,24000.0,24000.0,23172.0,23172.0,449600,KBS
2021-05-28 07:00:00,23503.0,24496.0,23503.0,24165.0,343900,KBS
2021-05-31 07:00:00,24165.0,24703.0,23710.0,24703.0,105100,KBS
2021-06-01 07:00:00,24703.0,24745.0,24000.0,24000.0,157200,KBS
2021-06-02 07:00:00,23669.0,24662.0,23669.0,24662.0,171300,KBS
2021-06-03 07:00:00,24662.0,25655.0,24662.0,25655.0,902300,KBS
2021-06-04 07:00:00,25655.0,26069.0,24662.0,25614.0,121800,KBS
2021-06-07 07:00:00,25614.0,25614.0,24952.0,25241.0,88000,KBS
2021-06-08 07:00:00,25407.0,25407.0,24000.0,24662.0,190500,KBS
2021-06-09 07:00:00,24662.0,24662.0,23338.0,23958.0,110200,KBS
2021-06-10 07:00:00,24000.0,24165.0,23172.0,23172.0,260500,KBS
2021-06-11 07:00:00,23172.0,23627.0,23172.0,23421.0,110400,KBS
2021-06-14 07:00:00,23586.0,24165.0,23503.0,23586.0,186100,KBS
2021-06-15 07:00:00,23586.0,24496.0,23462.0,24248.0,369700,KBS
2021-06-16 07:00:00,24662.0,24662.0,23586.0,24000.0,116000,KBS
2021-06-17 07:00:00,23669.0,24248.0,23669.0,24165.0,164200,KBS
2021-06-18 07:00:00,24165.0,25655.0,23834.0,25241.0,1775000,KBS
2021-06-21 07:00:00,24910.0,25241.0,24910.0,24993.0,195000,KBS
2021-06-22 07:00:00,25241.0,25241.0,24827.0,24993.0,241400,KBS
2021-06-23 07:00:00,24662.0,24952.0,24165.0,24827.0,203800,KBS
2021-06-24 07:00:00,24827.0,24827.0,24165.0,24786.0,210700,KBS
2021-06-25 07:00:00,24786.0,24827.0,24414.0,24827.0,283200,KBS
2021-06-28 07:00:00,25076.0,25572.0,24827.0,24993.0,252800,KBS
2021-06-29 07:00:00,25076.0,25076.0,24579.0,24827.0,179600,KBS
2021-06-30 07:00:00,25076.0,25076.0,24414.0,24827.0,289100,KBS
2021-07-01 07:00:00,24827.0,24827.0,24290.0,24496.0,120400,KBS
2021-07-02 07:00:00,24496.0,24745.0,24248.0,24745.0,250300,KBS
2021-07-05 07:00:00,24745.0,24827.0,24496.0,24538.0,231700,KBS
2021-07-06 07:00:00,24496.0,24496.0,24000.0,24000.0,126000,KBS
2021-07-07 07:00:00,24000.0,24083.0,23131.0,24083.0,279000,KBS
2021-07-08 07:00:00,24083.0,24083.0,23379.0,24083.0,117300,KBS
2021-07-09 07:00:00,23338.0,24662.0,23338.0,24414.0,361300,KBS
2021-07-12 07:00:00,24372.0,24372.0,23214.0,23421.0,56800,KBS
2021-07-13 07:00:00,22924.0,23669.0,22924.0,23503.0,42300,KBS
2021-07-14 07:00:00,23586.0,24579.0,23172.0,24331.0,138200,KBS
2021-07-15 07:00:00,24331.0,24414.0,23834.0,24414.0,40300,KBS
2021-07-16 07:00:00,24414.0,24827.0,24414.0,24703.0,136800,KBS
2021-07-19 07:00:00,24331.0,24414.0,23586.0,24248.0,207100,KBS
2021-07-20 07:00:00,23627.0,24331.0,23627.0,24290.0,56200,KBS
2021-07-21 07:00:00,24414.0,25324.0,24414.0,24827.0,209800,KBS
2021-07-22 07:00:00,24993.0,25241.0,24869.0,24910.0,73300,KBS
2021-07-23 07:00:00,24827.0,24910.0,24414.0,24703.0,54400,KBS
2021-07-26 07:00:00,24124.0,24703.0,24124.0,24621.0,89500,KBS
2021-07-27 07:00:00,24910.0,25241.0,24579.0,24910.0,228300,KBS
2021-07-28 07:00:00,24910.0,25324.0,24910.0,25117.0,217400,KBS
2021-07-29 07:00:00,25158.0,25572.0,25158.0,25324.0,95300,KBS
2021-07-30 07:00:00,24869.0,25324.0,24869.0,25200.0,162500,KBS
2021-08-02 07:00:00,25572.0,26317.0,25241.0,25324.0,346700,KBS
2021-08-03 07:00:00,25365.0,26069.0,24993.0,25407.0,241900,KBS
2021-08-04 07:00:00,25490.0,25572.0,25076.0,25158.0,138500,KBS
2021-08-05 07:00:00,25076.0,25076.0,24662.0,24827.0,284300,KBS
2021-08-06 07:00:00,25076.0,25076.0,24621.0,24703.0,187500,KBS
2021-08-09 07:00:00,24703.0,26400.0,24703.0,26400.0,1096200,KBS
2021-08-10 07:00:00,26814.0,28055.0,26814.0,27724.0,1802300,KBS
2021-08-11 07:00:00,27765.0,28552.0,27310.0,27931.0,2211500,KBS
2021-08-12 07:00:00,27683.0,28676.0,27558.0,28262.0,2873900,KBS
2021-08-13 07:00:00,28303.0,28386.0,27310.0,28138.0,2335500,KBS
2021-08-16 07:00:00,28427.0,29131.0,28345.0,29090.0,2840700,KBS
2021-08-17 07:00:00,29090.0,29090.0,27641.0,27765.0,2134300,KBS
2021-08-18 07:00:00,27765.0,28510.0,27393.0,27558.0,3006500,KBS
2021-08-19 07:00:00,27517.0,28096.0,26896.0,27807.0,2916200,KBS
2021-08-20 07:00:00,27765.0,29752.0,27765.0,29752.0,7044500,KBS
2021-08-23 07:00:00,30000.0,31200.0,28924.0,28924.0,5918700,KBS
2021-08-24 07:00:00,28924.0,28965.0,27600.0,27807.0,2059700,KBS
2021-08-25 07:00:00,27434.0,28221.0,26896.0,28138.0,1361000,KBS
2021-08-26 07:00:00,28138.0,28841.0,27145.0,28014.0,2549400,KBS
2021-08-27 07:00:00,27807.0,28303.0,27269.0,28262.0,1236400,KBS
2021-08-30 07:00:00,28552.0,30041.0,28552.0,29627.0,4513100,KBS
2021-08-31 07:00:00,29627.0,30786.0,29131.0,29627.0,4762600,KBS
2021-09-01 07:00:00,29710.0,30869.0,29669.0,30538.0,2171200,KBS
2021-09-06 07:00:00,30786.0,32027.0,30621.0,31448.0,2504400,KBS
2021-09-07 07:00:00,31117.0,31365.0,29255.0,29545.0,2872100,KBS
2021-09-08 07:00:00,29545.0,30165.0,29255.0,29627.0,1535900,KBS
2021-09-09 07:00:00,29793.0,30455.0,29710.0,30207.0,1555600,KBS
2021-09-10 07:00:00,30207.0,30538.0,29793.0,29793.0,1939000,KBS
2021-09-13 07:00:00,29710.0,30248.0,28138.0,28138.0,2326800,KBS
2021-09-14 07:00:00,28138.0,28883.0,28138.0,28262.0,1336500,KBS
2021-09-15 07:00:00,28138.0,28800.0,28014.0,28427.0,1164200,KBS
2021-09-16 07:00:00,28469.0,28800.0,28055.0,28221.0,1313100,KBS
2021-09-17 07:00:00,28469.0,29214.0,28386.0,28386.0,1351100,KBS
2021-09-20 07:00:00,28965.0,28965.0,28179.0,28303.0,1389400,KBS
2021-09-21 07:00:00,27641.0,28303.0,27641.0,27848.0,1910600,KBS
2021-09-22 07:00:00,28386.0,28841.0,27890.0,28469.0,853500,KBS
2021-09-23 07:00:00,29131.0,30455.0,28965.0,29007.0,1806700,KBS
2021-09-24 07:00:00,29090.0,29545.0,28634.0,28634.0,718900,KBS
2021-09-27 07:00:00,28634.0,28634.0,26731.0,26731.0,967100,KBS
2021-09-28 07:00:00,26731.0,27145.0,26483.0,27145.0,1227200,KBS
2021-09-29 07:00:00,26979.0,27972.0,26648.0,27186.0,828000,KBS
2021-09-30 07:00:00,27434.0,28055.0,27227.0,27848.0,590400,KBS
2021-10-01 07:00:00,27558.0,27890.0,27310.0,27641.0,880100,KBS
2021-10-04 07:00:00,27352.0,27972.0,27310.0,27310.0,535000,KBS
2021-10-05 07:00:00,27434.0,28676.0,27434.0,28676.0,775400,KBS
2021-10-06 07:00:00,29131.0,29172.0,28676.0,28965.0,536600,KBS
2021-10-07 07:00:00,28883.0,29752.0,28676.0,29462.0,799700,KBS
2021-10-08 07:00:00,29793.0,29876.0,28758.0,28883.0,702500,KBS
2021-10-11 07:00:00,29214.0,29214.0,28634.0,28717.0,344000,KBS
2021-10-12 07:00:00,28634.0,28965.0,28345.0,28758.0,544400,KBS
2021-10-13 07:00:00,28800.0,28800.0,28303.0,28345.0,606500,KBS
2021-10-14 07:00:00,28345.0,29090.0,28303.0,28634.0,767800,KBS
2021-10-15 07:00:00,28800.0,29379.0,28138.0,28386.0,571800,KBS
2021-10-18 07:00:00,28800.0,28800.0,28221.0,28303.0,578500,KBS
2021-10-19 07:00:00,28303.0,28469.0,27931.0,28221.0,757100,KBS
2021-10-20 07:00:00,28221.0,28386.0,27807.0,28138.0,812800,KBS
2021-10-21 07:00:00,28386.0,28634.0,28014.0,28469.0,477400,KBS
2021-10-22 07:00:00,28717.0,30455.0,28303.0,30455.0,2837200,KBS
2021-10-25 07:00:00,30786.0,31489.0,28345.0,29958.0,1687600,KBS
2021-10-26 07:00:00,29958.0,30455.0,29379.0,30372.0,729200,KBS
2021-10-27 07:00:00,30786.0,31407.0,30372.0,30952.0,2324200,KBS
2021-10-28 07:00:00,31448.0,32938.0,31365.0,32731.0,2896500,KBS
2021-10-29 07:00:00,33103.0,34676.0,32938.0,34179.0,1905800,KBS
2021-11-01 07:00:00,33931.0,34758.0,33352.0,33972.0,1967200,KBS
2021-11-02 07:00:00,33931.0,35338.0,33476.0,34676.0,1733700,KBS
2021-11-03 07:00:00,34924.0,34924.0,32276.0,32276.0,2919400,KBS
2021-11-04 07:00:00,32276.0,33517.0,31448.0,33186.0,1644600,KBS
2021-11-05 07:00:00,33765.0,35503.0,33765.0,35503.0,2964700,KBS
2021-11-08 07:00:00,37241.0,37986.0,36496.0,37986.0,2260200,KBS
2021-11-09 07:00:00,38896.0,38896.0,36910.0,38896.0,1510800,KBS
2021-11-10 07:00:00,38524.0,40965.0,37820.0,40386.0,1843300,KBS
2021-11-11 07:00:00,39889.0,40883.0,38896.0,39724.0,1882700,KBS
2021-11-12 07:00:00,39558.0,40179.0,38069.0,39476.0,1361800,KBS
2021-11-15 07:00:00,39972.0,42207.0,39807.0,42207.0,2537300,KBS
2021-11-16 07:00:00,43034.0,44358.0,41048.0,42869.0,2768800,KBS
2021-11-17 07:00:00,43034.0,43200.0,41627.0,43034.0,1503800,KBS
2021-11-18 07:00:00,43448.0,44358.0,42289.0,43117.0,1497300,KBS
2021-11-19 07:00:00,43034.0,45186.0,40220.0,42952.0,2176800,KBS
2021-11-22 07:00:00,41876.0,42869.0,39972.0,39972.0,2494700,KBS
2021-11-23 07:00:00,37738.0,39972.0,37200.0,37324.0,1572400,KBS
2021-11-24 07:00:00,38565.0,39393.0,37820.0,39310.0,1246200,KBS
2021-11-25 07:00:00,39310.0,41172.0,39310.0,40965.0,1124500,KBS
2021-11-26 07:00:00,41048.0,41048.0,38731.0,38896.0,871800,KBS
2021-11-29 07:00:00,37986.0,41545.0,37986.0,41545.0,2480800,KBS
2021-11-30 07:00:00,43117.0,44441.0,43117.0,44441.0,2571300,KBS
2021-12-01 07:00:00,45517.0,46924.0,43117.0,43117.0,2738100,KBS
2021-12-02 07:00:00,43862.0,43862.0,42207.0,42207.0,1649200,KBS
2021-12-03 07:00:00,42703.0,45020.0,41462.0,42207.0,3577100,KBS
2021-12-06 07:00:00,42289.0,44524.0,40965.0,42124.0,3553200,KBS
2021-12-07 07:00:00,43034.0,43862.0,42124.0,42952.0,1300900,KBS
2021-12-08 07:00:00,43200.0,44193.0,41876.0,42207.0,1837600,KBS
2021-12-09 07:00:00,42207.0,42869.0,41793.0,42124.0,1036600,KBS
2021-12-10 07:00:00,42620.0,45020.0,42124.0,45020.0,5070500,KBS
2021-12-13 07:00:00,45765.0,48165.0,45351.0,48165.0,3468900,KBS
2021-12-14 07:00:00,48662.0,50234.0,47172.0,47834.0,2860200,KBS
2021-12-15 07:00:00,46427.0,47751.0,46345.0,46345.0,1398400,KBS
2021-12-16 07:00:00,46758.0,49572.0,46345.0,49572.0,3903600,KBS
2021-12-17 07:00:00,50483.0,51641.0,48414.0,50896.0,2719000,KBS
2021-12-20 07:00:00,48910.0,50731.0,48414.0,48579.0,1377600,KBS
2021-12-21 07:00:00,48000.0,49738.0,46758.0,47834.0,1822100,KBS
2021-12-22 07:00:00,48000.0,49076.0,44772.0,44772.0,3168600,KBS
2021-12-23 07:00:00,44358.0,46014.0,44358.0,44607.0,2076600,KBS
2021-12-24 07:00:00,45434.0,45434.0,43034.0,44276.0,1513300,KBS
2021-12-27 07:00:00,44358.0,44607.0,41793.0,44110.0,1080900,KBS
2021-12-28 07:00:00,43779.0,45434.0,43779.0,43862.0,1105300,KBS
2021-12-29 07:00:00,43862.0,43862.0,41876.0,41876.0,1754100,KBS
2021-12-30 07:00:00,41876.0,43862.0,41793.0,43862.0,1144800,KBS
2021-12-31 07:00:00,44607.0,45434.0,43448.0,44027.0,743800,KBS
2022-01-04 07:00:00,44027.0,47089.0,43945.0,47089.0,2287900,KBS
2022-01-05 07:00:00,47420.0,47917.0,46345.0,46345.0,1581700,KBS
2022-01-06 07:00:00,45683.0,47751.0,45517.0,47007.0,1110900,KBS
2022-01-07 07:00:00,47089.0,49241.0,46345.0,48827.0,1757700,KBS
2022-01-10 07:00:00,49241.0,49241.0,46179.0,46179.0,1429200,KBS
2022-01-11 07:00:00,45517.0,47669.0,45517.0,45517.0,1143100,KBS
2022-01-12 07:00:00,43862.0,45517.0,42372.0,44689.0,2325000,KBS
2022-01-13 07:00:00,44855.0,45765.0,42207.0,42620.0,1175400,KBS
2022-01-14 07:00:00,41958.0,44358.0,41876.0,43448.0,714000,KBS
2022-01-17 07:00:00,43862.0,43862.0,40427.0,40427.0,1433500,KBS
2022-01-18 07:00:00,39310.0,40427.0,38234.0,39310.0,920700,KBS
2022-01-19 07:00:00,40800.0,40800.0,38731.0,39807.0,676100,KBS
2022-01-20 07:00:00,40883.0,42538.0,39807.0,42538.0,1118700,KBS
2022-01-21 07:00:00,42207.0,42952.0,41048.0,41214.0,1020200,KBS
2022-01-24 07:00:00,40634.0,41338.0,38358.0,38483.0,713400,KBS
2022-01-25 07:00:00,38069.0,41131.0,37820.0,40965.0,584400,KBS
2022-01-26 07:00:00,40965.0,42952.0,40965.0,41131.0,659400,KBS
2022-01-27 07:00:00,41214.0,42289.0,39558.0,39558.0,428100,KBS
2022-01-28 07:00:00,39807.0,41048.0,39310.0,40055.0,374100,KBS
2022-02-07 07:00:00,41627.0,41627.0,40220.0,41296.0,279900,KBS
2022-02-08 07:00:00,41296.0,43034.0,41296.0,42869.0,1070100,KBS
2022-02-09 07:00:00,42869.0,44110.0,42786.0,43862.0,888500,KBS
2022-02-10 07:00:00,43862.0,45434.0,43283.0,45351.0,1938900,KBS
2022-02-11 07:00:00,44689.0,45683.0,44689.0,45103.0,1019700,KBS
2022-02-14 07:00:00,44358.0,45103.0,44027.0,44441.0,1005900,KBS
2022-02-15 07:00:00,44276.0,44358.0,43448.0,44358.0,734600,KBS
2022-02-16 07:00:00,44938.0,45351.0,44276.0,45186.0,1412200,KBS
2022-02-17 07:00:00,45186.0,46179.0,43862.0,45103.0,1235300,KBS
2022-02-18 07:00:00,44524.0,47089.0,44276.0,46758.0,2568200,KBS
2022-02-21 07:00:00,46758.0,47172.0,46014.0,46510.0,936000,KBS
2022-02-22 07:00:00,45765.0,46179.0,44524.0,45517.0,1497000,KBS
2022-02-23 07:00:00,45186.0,46179.0,44524.0,45517.0,1550100,KBS
2022-02-24 07:00:00,45517.0,45517.0,42372.0,43862.0,1878300,KBS
2022-02-25 07:00:00,44027.0,45186.0,43862.0,44358.0,774400,KBS
2022-02-28 07:00:00,44607.0,44607.0,43448.0,43448.0,860300,KBS
2022-03-01 07:00:00,43200.0,44607.0,42703.0,44607.0,1612700,KBS
2022-03-02 07:00:00,44607.0,44607.0,43200.0,43200.0,643000,KBS
2022-03-03 07:00:00,43117.0,44110.0,42869.0,44110.0,811500,KBS
2022-03-04 07:00:00,44193.0,44938.0,43448.0,44276.0,910000,KBS
2022-03-07 07:00:00,43862.0,45351.0,43779.0,45269.0,1225700,KBS
2022-03-08 07:00:00,45020.0,46510.0,44524.0,44524.0,1767500,KBS
2022-03-09 07:00:00,44441.0,44689.0,43696.0,43779.0,689800,KBS
2022-03-10 07:00:00,44689.0,44772.0,43945.0,44110.0,566500,KBS
2022-03-11 07:00:00,43945.0,44027.0,42207.0,42207.0,1459800,KBS
2022-03-14 07:00:00,41462.0,42620.0,40883.0,40924.0,844000,KBS
2022-03-15 07:00:00,40552.0,42041.0,40138.0,41876.0,545200,KBS
2022-03-16 07:00:00,42207.0,42538.0,40841.0,41007.0,655900,KBS
2022-03-17 07:00:00,41379.0,42289.0,41048.0,41876.0,669200,KBS
2022-03-18 07:00:00,42372.0,42786.0,41545.0,42124.0,311100,KBS
2022-03-21 07:00:00,41793.0,42786.0,41793.0,42455.0,361600,KBS
2022-03-22 07:00:00,42620.0,43779.0,42538.0,43034.0,799100,KBS
2022-03-23 07:00:00,43034.0,44855.0,42869.0,44855.0,1530300,KBS
2022-03-24 07:00:00,44855.0,47917.0,44772.0,47917.0,3583000,KBS
2022-03-25 07:00:00,47669.0,49655.0,47669.0,48827.0,1725700,KBS
2022-03-28 07:00:00,47834.0,50483.0,46427.0,50317.0,1804200,KBS
2022-03-29 07:00:00,50317.0,50731.0,49489.0,49655.0,998400,KBS
2022-03-30 07:00:00,49076.0,50483.0,47586.0,50151.0,1648000,KBS
2022-03-31 07:00:00,49655.0,53627.0,49158.0,53627.0,2687500,KBS
2022-04-01 07:00:00,53958.0,54455.0,52303.0,52882.0,1364900,KBS
2022-04-04 07:00:00,52965.0,56441.0,52965.0,54951.0,1808000,KBS
2022-04-05 07:00:00,54538.0,55117.0,53462.0,53710.0,1676300,KBS
2022-04-06 07:00:00,49986.0,52800.0,49986.0,49986.0,3357200,KBS
2022-04-07 07:00:00,49572.0,50731.0,46758.0,47917.0,2636800,KBS
2022-04-08 07:00:00,46345.0,48083.0,44607.0,44607.0,2000100,KBS
2022-04-12 07:00:00,45517.0,45931.0,42207.0,43117.0,1034600,KBS
2022-04-13 07:00:00,43283.0,46096.0,43283.0,46096.0,983900,KBS
2022-04-14 07:00:00,46345.0,47172.0,45186.0,45351.0,1099100,KBS
2022-04-15 07:00:00,43448.0,44689.0,42289.0,42372.0,1894300,KBS
2022-04-18 07:00:00,41627.0,43614.0,40965.0,42703.0,1487600,KBS
2022-04-19 07:00:00,43200.0,44027.0,39724.0,39724.0,1141100,KBS
2022-04-20 07:00:00,38896.0,40469.0,37241.0,37241.0,1602900,KBS
2022-04-21 07:00:00,36414.0,39310.0,35421.0,38400.0,1308500,KBS
2022-04-22 07:00:00,39310.0,39558.0,36579.0,39227.0,874600,KBS
2022-04-25 07:00:00,39186.0,39352.0,36496.0,36496.0,916300,KBS
2022-04-26 07:00:00,34427.0,36496.0,34014.0,36496.0,1081600,KBS
2022-04-27 07:00:00,36496.0,38069.0,34014.0,37738.0,550300,KBS
2022-04-28 07:00:00,37324.0,39227.0,37324.0,38152.0,920500,KBS
2022-04-29 07:00:00,38193.0,39227.0,37283.0,39062.0,878500,KBS
2022-05-04 07:00:00,39062.0,39062.0,37903.0,38648.0,941900,KBS
2022-05-05 07:00:00,38938.0,40345.0,38938.0,40179.0,1806200,KBS
2022-05-06 07:00:00,39145.0,39186.0,37407.0,37407.0,1575300,KBS
2022-05-09 07:00:00,35710.0,36869.0,34800.0,34800.0,1142500,KBS
2022-05-10 07:00:00,32441.0,34179.0,32400.0,34179.0,1474400,KBS
2022-05-11 07:00:00,33724.0,34758.0,32276.0,33103.0,449800,KBS
2022-05-12 07:00:00,33931.0,34179.0,30786.0,30786.0,1015500,KBS
2022-05-13 07:00:00,30207.0,31696.0,28634.0,28634.0,1246400,KBS
2022-05-16 07:00:00,29379.0,30455.0,26648.0,26648.0,1124800,KBS
2022-05-17 07:00:00,25346.0,28471.0,25346.0,28471.0,822200,KBS
2022-05-18 07:00:00,29079.0,30424.0,29079.0,30424.0,1042800,KBS
2022-05-19 07:00:00,29165.0,32551.0,29165.0,32551.0,1103000,KBS
2022-05-20 07:00:00,33288.0,34460.0,32551.0,33939.0,1182400,KBS
2022-05-23 07:00:00,34634.0,34634.0,31596.0,31943.0,1396300,KBS
2022-05-24 07:00:00,31943.0,32985.0,30381.0,32985.0,771000,KBS
2022-05-25 07:00:00,32985.0,35155.0,32247.0,34807.0,1554800,KBS
2022-05-26 07:00:00,34894.0,36413.0,34677.0,34894.0,1066800,KBS
2022-05-27 07:00:00,34721.0,35719.0,34721.0,34981.0,918000,KBS
2022-05-30 07:00:00,34851.0,36196.0,34417.0,35589.0,1150500,KBS
2022-05-31 07:00:00,35589.0,36370.0,34721.0,34807.0,1372600,KBS
2022-06-01 07:00:00,34981.0,36023.0,34547.0,35502.0,802700,KBS
2022-06-02 07:00:00,35589.0,37802.0,35589.0,36630.0,1482800,KBS
2022-06-03 07:00:00,36196.0,36630.0,35328.0,35979.0,784700,KBS
2022-06-06 07:00:00,35979.0,36978.0,35415.0,35979.0,1147000,KBS
2022-06-07 07:00:00,35415.0,36110.0,34373.0,36110.0,1320800,KBS
2022-06-08 07:00:00,36761.0,38627.0,36717.0,38627.0,1837500,KBS
2022-06-09 07:00:00,39495.0,41318.0,38974.0,41318.0,2513600,KBS
2022-06-10 07:00:00,40363.0,42229.0,40363.0,40840.0,1717700,KBS
2022-06-13 07:00:00,39148.0,42446.0,39061.0,40536.0,2095200,KBS
2022-06-14 07:00:00,40102.0,43357.0,40016.0,43357.0,2367100,KBS
2022-06-15 07:00:00,44529.0,45744.0,43835.0,45744.0,2459200,KBS
2022-06-16 07:00:00,46092.0,47481.0,44095.0,44790.0,2137500,KBS
2022-06-17 07:00:00,43748.0,47481.0,42533.0,44790.0,3030700,KBS
2022-06-20 07:00:00,45224.0,46699.0,42793.0,43054.0,2294900,KBS
2022-06-21 07:00:00,43401.0,45050.0,42533.0,42706.0,1952700,KBS
2022-06-22 07:00:00,42967.0,45050.0,42099.0,42706.0,1391200,KBS
2022-06-23 07:00:00,42099.0,45658.0,42099.0,45658.0,1208700,KBS
2022-06-24 07:00:00,46699.0,48522.0,46005.0,46005.0,1366500,KBS
2022-06-27 07:00:00,46439.0,48175.0,45744.0,46439.0,998300,KBS
2022-06-28 07:00:00,46613.0,47741.0,45137.0,46439.0,1203900,KBS
2022-06-29 07:00:00,46005.0,46439.0,45224.0,46092.0,767300,KBS
2022-06-30 07:00:00,46005.0,47307.0,45658.0,45658.0,611200,KBS
2022-07-01 07:00:00,45050.0,45918.0,43054.0,45918.0,1204400,KBS
2022-07-04 07:00:00,47133.0,47654.0,46092.0,46092.0,856100,KBS
2022-07-05 07:00:00,46439.0,46786.0,42967.0,42967.0,1321000,KBS
2022-07-06 07:00:00,41665.0,42967.0,39972.0,39972.0,1470900,KBS
2022-07-07 07:00:00,39929.0,40146.0,37325.0,40102.0,931400,KBS
2022-07-08 07:00:00,39929.0,41578.0,39842.0,40536.0,556300,KBS
2022-07-11 07:00:00,40450.0,41708.0,39061.0,41361.0,942700,KBS
2022-07-12 07:00:00,42012.0,43835.0,41231.0,43835.0,723600,KBS
2022-07-13 07:00:00,43661.0,44876.0,42967.0,43922.0,644700,KBS
2022-07-14 07:00:00,43314.0,44182.0,43227.0,44008.0,819000,KBS
2022-07-15 07:00:00,44008.0,45137.0,43835.0,43835.0,659600,KBS
2022-07-18 07:00:00,44269.0,45571.0,43922.0,43922.0,673300,KBS
2022-07-19 07:00:00,43922.0,46960.0,43922.0,46960.0,2057300,KBS
2022-07-20 07:00:00,48522.0,50171.0,47741.0,48783.0,1322100,KBS
2022-07-21 07:00:00,48696.0,51213.0,47741.0,50779.0,1730500,KBS
2022-07-22 07:00:00,49998.0,52515.0,49303.0,50519.0,1467800,KBS
2022-07-25 07:00:00,50432.0,51560.0,49303.0,49477.0,716400,KBS
2022-07-26 07:00:00,49911.0,50953.0,48783.0,48783.0,918400,KBS
2022-07-27 07:00:00,48522.0,52168.0,47741.0,52168.0,2086100,KBS
2022-07-28 07:00:00,53383.0,54251.0,52255.0,52689.0,910400,KBS
2022-07-29 07:00:00,53123.0,54251.0,52341.0,53123.0,629300,KBS
2022-08-01 07:00:00,53383.0,54598.0,52081.0,52775.0,1534200,KBS
2022-08-02 07:00:00,52949.0,54251.0,52341.0,52515.0,1147200,KBS
2022-08-03 07:00:00,52341.0,55553.0,52341.0,53036.0,1046400,KBS
2022-08-04 07:00:00,53296.0,53296.0,50432.0,50432.0,1915100,KBS
2022-08-05 07:00:00,50432.0,51560.0,50345.0,50953.0,1025400,KBS
2022-08-08 07:00:00,50866.0,52949.0,50345.0,50605.0,797900,KBS
2022-08-09 07:00:00,50605.0,52515.0,50519.0,51126.0,1047300,KBS
2022-08-10 07:00:00,51300.0,52341.0,51213.0,51213.0,793800,KBS
2022-08-11 07:00:00,51734.0,53991.0,51387.0,53817.0,2258800,KBS
2022-08-12 07:00:00,53817.0,57550.0,53730.0,57550.0,2678900,KBS
2022-08-15 07:00:00,58157.0,58591.0,56855.0,57202.0,1027700,KBS
2022-08-16 07:00:00,57202.0,58418.0,56421.0,58070.0,705400,KBS
2022-08-17 07:00:00,57984.0,60414.0,55987.0,56682.0,1680600,KBS
2022-08-18 07:00:00,56682.0,57723.0,55119.0,55813.0,1647600,KBS
2022-08-19 07:00:00,55987.0,59720.0,55553.0,59720.0,680100,KBS
2022-08-22 07:00:00,58157.0,59720.0,57202.0,57984.0,1109000,KBS
2022-08-23 07:00:00,57289.0,58938.0,57289.0,58678.0,1067600,KBS
2022-08-24 07:00:00,59025.0,62758.0,58157.0,60761.0,1530400,KBS
2022-08-25 07:00:00,60761.0,61542.0,59025.0,59720.0,1089600,KBS
2022-08-26 07:00:00,59720.0,61629.0,59199.0,60588.0,809800,KBS
2022-08-29 07:00:00,59893.0,59893.0,57289.0,58852.0,1956200,KBS
2022-08-30 07:00:00,59633.0,60588.0,58591.0,58591.0,702500,KBS
2022-08-31 07:00:00,58157.0,59893.0,57984.0,59286.0,857800,KBS
2022-09-05 07:00:00,59806.0,59893.0,58591.0,58591.0,831100,KBS
2022-09-06 07:00:00,58591.0,59025.0,57376.0,57376.0,1228700,KBS
2022-09-07 07:00:00,56595.0,56855.0,53383.0,53383.0,3633100,KBS
2022-09-08 07:00:00,53470.0,54251.0,50953.0,50953.0,1694000,KBS
2022-09-09 07:00:00,52081.0,54511.0,51213.0,54511.0,1360600,KBS
2022-09-12 07:00:00,55206.0,55466.0,53904.0,54077.0,1138500,KBS
2022-09-13 07:00:00,54164.0,54598.0,52602.0,52949.0,970800,KBS
2022-09-14 07:00:00,51213.0,54511.0,50953.0,54511.0,1418500,KBS
2022-09-15 07:00:00,54685.0,57116.0,54511.0,55379.0,1542100,KBS
2022-09-16 07:00:00,55379.0,55466.0,52862.0,53383.0,1232100,KBS
2022-09-19 07:00:00,53470.0,53904.0,49651.0,49651.0,2450000,KBS
2022-09-20 07:00:00,50345.0,52255.0,48696.0,51994.0,1021700,KBS
2022-09-21 07:00:00,51907.0,52428.0,50866.0,51473.0,436200,KBS
2022-09-22 07:00:00,50866.0,52862.0,50519.0,52689.0,727700,KBS
2022-09-23 07:00:00,52862.0,52949.0,50519.0,51126.0,943000,KBS
2022-09-26 07:00:00,49303.0,50171.0,47567.0,49477.0,2216300,KBS
2022-09-27 07:00:00,50272.0,50361.0,46826.0,46826.0,628800,KBS
2022-09-28 07:00:00,46826.0,47445.0,45324.0,45324.0,976700,KBS
2022-09-29 07:00:00,45855.0,47268.0,43734.0,43734.0,924800,KBS
2022-09-30 07:00:00,42939.0,45501.0,42365.0,45413.0,1096700,KBS
2022-10-03 07:00:00,45678.0,45678.0,42276.0,42276.0,704000,KBS
2022-10-04 07:00:00,42939.0,43911.0,41525.0,42497.0,806600,KBS
2022-10-05 07:00:00,43734.0,45413.0,43337.0,45413.0,813000,KBS
2022-10-06 07:00:00,45855.0,47180.0,44176.0,44176.0,1230400,KBS
2022-10-07 07:00:00,43292.0,45501.0,42409.0,44176.0,1975000,KBS
2022-10-10 07:00:00,44088.0,47268.0,44088.0,47268.0,1377500,KBS
2022-10-11 07:00:00,47268.0,48240.0,44176.0,44176.0,1753300,KBS
2022-10-12 07:00:00,44441.0,47268.0,44264.0,47268.0,1239400,KBS
2022-10-13 07:00:00,46826.0,47710.0,45590.0,46296.0,969400,KBS
2022-10-14 07:00:00,47268.0,48417.0,46296.0,46296.0,1508300,KBS
2022-10-17 07:00:00,45766.0,47180.0,44971.0,47180.0,983400,KBS
2022-10-18 07:00:00,48240.0,49035.0,47357.0,47357.0,1668600,KBS
2022-10-19 07:00:00,47445.0,47622.0,46120.0,46120.0,941900,KBS
2022-10-20 07:00:00,45943.0,46208.0,44176.0,44176.0,1463500,KBS
2022-10-21 07:00:00,43381.0,43646.0,41084.0,41084.0,1708400,KBS
2022-10-24 07:00:00,40730.0,40730.0,38212.0,38212.0,928800,KBS
2022-10-25 07:00:00,35782.0,39758.0,35562.0,35562.0,1650600,KBS
2022-10-26 07:00:00,36224.0,36489.0,33088.0,33088.0,1146800,KBS
2022-10-27 07:00:00,31807.0,35385.0,31807.0,35385.0,1393400,KBS
2022-10-28 07:00:00,35650.0,37417.0,35606.0,35606.0,968900,KBS
2022-10-31 07:00:00,35429.0,36224.0,33662.0,35871.0,759200,KBS
2022-11-01 07:00:00,36931.0,36931.0,35738.0,36048.0,730400,KBS
2022-11-02 07:00:00,36048.0,36666.0,34546.0,34546.0,616800,KBS
2022-11-03 07:00:00,33662.0,35164.0,33662.0,34457.0,554500,KBS
2022-11-04 07:00:00,33927.0,34413.0,32072.0,32072.0,1439200,KBS
2022-11-07 07:00:00,30260.0,31807.0,29863.0,29863.0,806700,KBS
2022-11-08 07:00:00,27787.0,30746.0,27787.0,30746.0,1179600,KBS
2022-11-09 07:00:00,31188.0,31674.0,30526.0,31188.0,540000,KBS
2022-11-10 07:00:00,30923.0,30923.0,29024.0,29024.0,905900,KBS
2022-11-11 07:00:00,29951.0,29951.0,27036.0,27036.0,1187100,KBS
2022-11-14 07:00:00,25357.0,25799.0,25180.0,25180.0,649500,KBS
2022-11-15 07:00:00,23457.0,23590.0,23457.0,23457.0,361000,KBS
2022-11-16 07:00:00,21823.0,25092.0,21823.0,25092.0,1681100,KBS
2022-11-17 07:00:00,25622.0,26594.0,25622.0,26108.0,661400,KBS
2022-11-18 07:00:00,26771.0,26947.0,24297.0,26594.0,1368500,KBS
2022-11-21 07:00:00,27389.0,27742.0,26682.0,26771.0,652300,KBS
2022-11-22 07:00:00,26771.0,28449.0,26682.0,26682.0,943200,KBS
2022-11-23 07:00:00,26506.0,26947.0,26152.0,26506.0,495600,KBS
2022-11-24 07:00:00,25622.0,26682.0,25180.0,26417.0,431700,KBS
2022-11-25 07:00:00,26771.0,28228.0,26506.0,28228.0,750800,KBS
2022-11-28 07:00:00,29510.0,30172.0,28493.0,30172.0,835400,KBS
2022-11-29 07:00:00,30879.0,32248.0,29775.0,32248.0,1315300,KBS
2022-11-30 07:00:00,33485.0,33485.0,31409.0,32381.0,1322000,KBS
2022-12-01 07:00:00,33750.0,34634.0,31807.0,32248.0,1046900,KBS
2022-12-02 07:00:00,31718.0,34501.0,31718.0,34501.0,1616500,KBS
2022-12-05 07:00:00,35694.0,35782.0,34015.0,35076.0,667100,KBS
2022-12-06 07:00:00,34015.0,35164.0,32690.0,33839.0,2070200,KBS
2022-12-07 07:00:00,32867.0,34634.0,32469.0,34457.0,660100,KBS
2022-12-08 07:00:00,35341.0,36224.0,34015.0,35341.0,946000,KBS
2022-12-09 07:00:00,34811.0,36666.0,34369.0,36666.0,750800,KBS
2022-12-12 07:00:00,36843.0,39228.0,36666.0,38389.0,1443500,KBS
2022-12-13 07:00:00,37019.0,38786.0,36887.0,38786.0,884600,KBS
2022-12-14 07:00:00,38875.0,39405.0,37991.0,38786.0,546300,KBS
2022-12-15 07:00:00,38168.0,38786.0,37329.0,38035.0,521500,KBS
2022-12-16 07:00:00,37196.0,38168.0,36224.0,37461.0,1082300,KBS
2022-12-19 07:00:00,36843.0,37594.0,34987.0,34987.0,1115800,KBS
2022-12-20 07:00:00,34457.0,35031.0,32558.0,34015.0,1528100,KBS
2022-12-21 07:00:00,34369.0,34369.0,31674.0,31895.0,951800,KBS
2022-12-22 07:00:00,32160.0,32602.0,30216.0,31365.0,845200,KBS
2022-12-23 07:00:00,31365.0,32690.0,30481.0,32248.0,705800,KBS
2022-12-26 07:00:00,32248.0,32248.0,29995.0,29995.0,920200,KBS
2022-12-27 07:00:00,29951.0,30923.0,28582.0,30923.0,926100,KBS
2022-12-28 07:00:00,30835.0,32248.0,29244.0,31807.0,938200,KBS
2022-12-29 07:00:00,30835.0,31630.0,30040.0,30084.0,652700,KBS
2022-12-30 07:00:00,29598.0,30216.0,29200.0,29863.0,754400,KBS
2023-01-03 07:00:00,29951.0,31939.0,29951.0,31939.0,1403900,KBS
2023-01-04 07:00:00,32072.0,33220.0,31144.0,31807.0,1032000,KBS
2023-01-05 07:00:00,31983.0,33220.0,31983.0,33220.0,1304500,KBS
2023-01-06 07:00:00,33353.0,34192.0,32072.0,32690.0,1195300,KBS
2023-01-09 07:00:00,33132.0,33132.0,31807.0,31807.0,588100,KBS
2023-01-10 07:00:00,32072.0,32248.0,30835.0,31807.0,635500,KBS
2023-01-11 07:00:00,32072.0,33044.0,32072.0,32248.0,611900,KBS
2023-01-12 07:00:00,32602.0,33176.0,32513.0,33132.0,809000,KBS
2023-01-13 07:00:00,33750.0,33750.0,32469.0,32779.0,528800,KBS
2023-01-16 07:00:00,32779.0,32779.0,31939.0,32116.0,692000,KBS
2023-01-17 07:00:00,32513.0,33088.0,32248.0,33088.0,679600,KBS
2023-01-18 07:00:00,33176.0,34015.0,33132.0,33574.0,898100,KBS
2023-01-19 07:00:00,33485.0,34634.0,33132.0,34634.0,949000,KBS
2023-01-27 07:00:00,34678.0,35517.0,34590.0,34811.0,646800,KBS
2023-01-30 07:00:00,34943.0,35164.0,33706.0,33706.0,1230200,KBS
2023-01-31 07:00:00,33662.0,34678.0,33574.0,34678.0,669100,KBS
2023-02-01 07:00:00,35341.0,35341.0,32690.0,32779.0,1067900,KBS
2023-02-02 07:00:00,33088.0,33441.0,32248.0,33044.0,900100,KBS
2023-02-03 07:00:00,33485.0,33485.0,32248.0,32646.0,607800,KBS
2023-02-06 07:00:00,32690.0,32999.0,32072.0,32999.0,515300,KBS
2023-02-07 07:00:00,32779.0,33485.0,31365.0,31365.0,559400,KBS
2023-02-08 07:00:00,31630.0,32248.0,31011.0,31807.0,522300,KBS
2023-02-09 07:00:00,31807.0,32248.0,31453.0,31453.0,246000,KBS
2023-02-10 07:00:00,31365.0,31542.0,30437.0,30923.0,559700,KBS
2023-02-13 07:00:00,30570.0,30570.0,28759.0,28759.0,1004900,KBS
2023-02-14 07:00:00,29156.0,29421.0,28714.0,29068.0,366200,KBS
2023-02-15 07:00:00,29068.0,30746.0,28935.0,30746.0,433500,KBS
2023-02-16 07:00:00,30791.0,32337.0,30791.0,32072.0,726400,KBS
2023-02-17 07:00:00,32160.0,32337.0,31232.0,31365.0,469200,KBS
2023-02-20 07:00:00,32160.0,33220.0,31895.0,33044.0,865500,KBS
2023-02-21 07:00:00,33485.0,33662.0,32425.0,32734.0,665100,KBS
2023-02-22 07:00:00,32513.0,32513.0,31232.0,31232.0,751300,KBS
2023-02-23 07:00:00,31277.0,31542.0,29333.0,31453.0,976500,KBS
2023-02-24 07:00:00,31630.0,31630.0,30216.0,30216.0,348400,KBS
2023-02-27 07:00:00,30040.0,30040.0,28935.0,29156.0,398000,KBS
2023-02-28 07:00:00,29863.0,29863.0,28803.0,29775.0,439500,KBS
2023-03-01 07:00:00,29156.0,30923.0,29156.0,30923.0,432300,KBS
2023-03-02 07:00:00,30967.0,30967.0,30128.0,30172.0,203600,KBS
2023-03-03 07:00:00,30216.0,30481.0,29510.0,29510.0,378400,KBS
2023-03-06 07:00:00,30481.0,30481.0,29465.0,29510.0,281800,KBS
2023-03-07 07:00:00,30305.0,30305.0,29068.0,29686.0,344000,KBS
2023-03-08 07:00:00,29024.0,30305.0,29024.0,30305.0,451100,KBS
2023-03-09 07:00:00,30437.0,31100.0,30437.0,30835.0,757500,KBS
2023-03-10 07:00:00,30305.0,30481.0,29907.0,30481.0,481100,KBS
2023-03-13 07:00:00,30437.0,30437.0,29598.0,29598.0,444000,KBS
2023-03-14 07:00:00,29730.0,29775.0,28714.0,28891.0,555300,KBS
2023-03-15 07:00:00,29642.0,30040.0,29200.0,30040.0,536400,KBS
2023-03-16 07:00:00,29598.0,29775.0,29024.0,29200.0,512500,KBS
2023-03-17 07:00:00,29863.0,29863.0,28979.0,28979.0,331800,KBS
2023-03-20 07:00:00,28891.0,29289.0,27301.0,27301.0,993500,KBS
2023-03-21 07:00:00,27831.0,27831.0,26859.0,27257.0,584800,KBS
2023-03-22 07:00:00,27610.0,28140.0,27389.0,27389.0,360700,KBS
2023-03-23 07:00:00,27036.0,27919.0,27036.0,27875.0,449700,KBS
2023-03-24 07:00:00,28140.0,28714.0,28008.0,28493.0,520800,KBS
2023-03-27 07:00:00,28449.0,28803.0,28361.0,28538.0,365100,KBS
2023-03-28 07:00:00,28979.0,29068.0,28449.0,28493.0,473200,KBS
2023-03-29 07:00:00,28493.0,28979.0,28140.0,28273.0,395300,KBS
2023-03-30 07:00:00,28582.0,28714.0,28273.0,28361.0,494900,KBS
2023-03-31 07:00:00,28228.0,29730.0,28228.0,29421.0,1075100,KBS
2023-04-03 07:00:00,30393.0,30570.0,29995.0,30260.0,887100,KBS
2023-04-04 07:00:00,30393.0,30393.0,29730.0,30128.0,774700,KBS
2023-04-05 07:00:00,30349.0,31895.0,30040.0,31895.0,1607400,KBS
2023-04-06 07:00:00,32513.0,32558.0,30923.0,30923.0,1153300,KBS
2023-04-07 07:00:00,31144.0,31542.0,30526.0,31409.0,1135000,KBS
2023-04-10 07:00:00,32072.0,32646.0,31409.0,32160.0,1740800,KBS
2023-04-11 07:00:00,32293.0,32293.0,31409.0,32248.0,702900,KBS
2023-04-12 07:00:00,32469.0,33132.0,31807.0,32248.0,1158900,KBS
2023-04-13 07:00:00,32337.0,32513.0,31895.0,31895.0,692400,KBS
2023-04-14 07:00:00,32072.0,32248.0,30570.0,30570.0,1126700,KBS
2023-04-17 07:00:00,30746.0,30879.0,30128.0,30570.0,382600,KBS
2023-04-18 07:00:00,30658.0,31188.0,30526.0,30923.0,552800,KBS
2023-04-19 07:00:00,31630.0,31630.0,30746.0,30746.0,723700,KBS
2023-04-20 07:00:00,30923.0,31365.0,30746.0,30791.0,475900,KBS
2023-04-21 07:00:00,30835.0,31277.0,29421.0,30128.0,1047400,KBS
2023-04-24 07:00:00,30172.0,30216.0,29068.0,29068.0,644700,KBS
2023-04-25 07:00:00,29068.0,29863.0,28714.0,28714.0,840100,KBS
2023-04-26 07:00:00,28803.0,29112.0,28317.0,28714.0,902100,KBS
2023-04-27 07:00:00,29156.0,30040.0,28891.0,29200.0,607500,KBS
2023-04-28 07:00:00,29730.0,29863.0,29289.0,29465.0,449200,KBS
2023-05-04 07:00:00,29289.0,29819.0,29156.0,29598.0,536200,KBS
2023-05-05 07:00:00,29510.0,30923.0,29333.0,30481.0,1528800,KBS
2023-05-08 07:00:00,30923.0,31586.0,30923.0,31144.0,993400,KBS
2023-05-09 07:00:00,31365.0,31630.0,30746.0,30967.0,1274500,KBS
2023-05-10 07:00:00,30967.0,32867.0,30967.0,32779.0,2658300,KBS
2023-05-11 07:00:00,33132.0,33132.0,32602.0,32690.0,1653900,KBS
2023-05-12 07:00:00,32690.0,34280.0,32425.0,33530.0,1844000,KBS
2023-05-15 07:00:00,33795.0,33883.0,32248.0,32293.0,1805900,KBS
2023-05-16 07:00:00,32646.0,33044.0,32293.0,32602.0,1208100,KBS
2023-05-17 07:00:00,32867.0,32867.0,31453.0,31630.0,1386900,KBS
2023-05-18 07:00:00,31895.0,32955.0,31674.0,32558.0,1364100,KBS
2023-05-19 07:00:00,32646.0,33044.0,32248.0,32867.0,783800,KBS
2023-05-22 07:00:00,33574.0,33927.0,32911.0,33574.0,996100,KBS
2023-05-23 07:00:00,33574.0,33927.0,31232.0,33044.0,1268500,KBS
2023-05-24 07:00:00,33044.0,33220.0,32248.0,32248.0,818200,KBS
2023-05-25 07:00:00,32204.0,33132.0,32160.0,32690.0,740300,KBS
2023-05-26 07:00:00,32911.0,33530.0,32602.0,33220.0,1234000,KBS
2023-05-29 07:00:00,33662.0,35517.0,33485.0,35517.0,3388500,KBS
2023-05-30 07:00:00,36136.0,36578.0,35385.0,36136.0,1763600,KBS
2023-05-31 07:00:00,36317.0,36498.0,35683.0,35955.0,2063100,KBS
2023-06-01 07:00:00,35955.0,37585.0,35502.0,37585.0,3752000,KBS
2023-06-02 07:00:00,38038.0,38445.0,37042.0,37585.0,2779200,KBS
2023-06-05 07:00:00,37947.0,37947.0,36498.0,36498.0,3345600,KBS
2023-06-06 07:00:00,36498.0,37857.0,36045.0,37132.0,3566700,KBS
2023-06-07 07:00:00,37585.0,37947.0,36996.0,37857.0,2018000,KBS
2023-06-08 07:00:00,37630.0,40483.0,37630.0,38853.0,5340800,KBS
2023-06-09 07:00:00,39215.0,40302.0,38808.0,39759.0,2472600,KBS
2023-06-12 07:00:00,40302.0,40392.0,38581.0,39985.0,1735100,KBS
2023-06-13 07:00:00,40030.0,40257.0,38717.0,38717.0,2556500,KBS
2023-06-14 07:00:00,38943.0,39306.0,37177.0,37177.0,2936200,KBS
2023-06-15 07:00:00,37404.0,38853.0,36951.0,37902.0,1722800,KBS
2023-06-16 07:00:00,38808.0,38808.0,37177.0,37404.0,1628100,KBS
2023-06-19 07:00:00,37449.0,38445.0,36679.0,38400.0,1700500,KBS
2023-06-20 07:00:00,38581.0,40347.0,38128.0,40347.0,2534000,KBS
2023-06-21 07:00:00,40664.0,41977.0,40121.0,40936.0,2385900,KBS
2023-06-22 07:00:00,41298.0,41389.0,40574.0,40891.0,1574200,KBS
2023-06-23 07:00:00,40891.0,41570.0,39894.0,40211.0,2022200,KBS
2023-06-26 07:00:00,39849.0,40936.0,37404.0,38943.0,5019100,KBS
2023-06-27 07:00:00,39668.0,39668.0,38717.0,38943.0,1735300,KBS
2023-06-28 07:00:00,38989.0,39759.0,38128.0,39125.0,2471000,KBS
2023-06-29 07:00:00,39215.0,39306.0,38219.0,38219.0,1571800,KBS
2023-06-30 07:00:00,38264.0,38989.0,38128.0,38581.0,1177300,KBS
2023-07-03 07:00:00,38762.0,39623.0,38581.0,39532.0,1544000,KBS
2023-07-04 07:00:00,40121.0,40664.0,39668.0,39668.0,2421100,KBS
2023-07-05 07:00:00,40121.0,40755.0,39849.0,40211.0,2432200,KBS
2023-07-06 07:00:00,40030.0,40302.0,39034.0,39849.0,1968600,KBS
2023-07-07 07:00:00,39849.0,41208.0,39396.0,41208.0,1692000,KBS
2023-07-10 07:00:00,41253.0,41842.0,40936.0,41117.0,1343200,KBS
2023-07-11 07:00:00,41072.0,42113.0,41026.0,41479.0,1403000,KBS
2023-07-12 07:00:00,41660.0,41751.0,40755.0,41298.0,936700,KBS
2023-07-13 07:00:00,41479.0,43562.0,41479.0,42476.0,1716200,KBS
2023-07-14 07:00:00,43472.0,43472.0,41660.0,42430.0,943400,KBS
2023-07-17 07:00:00,42430.0,42430.0,41570.0,41842.0,1439100,KBS
2023-07-18 07:00:00,41842.0,42702.0,41479.0,41751.0,852700,KBS
2023-07-19 07:00:00,41842.0,42657.0,41479.0,41479.0,1263100,KBS
2023-07-20 07:00:00,41479.0,42113.0,41072.0,42113.0,854300,KBS
2023-07-21 07:00:00,42159.0,43019.0,42159.0,42838.0,1561400,KBS
2023-07-24 07:00:00,43019.0,43879.0,42566.0,43834.0,1262800,KBS
2023-07-25 07:00:00,44287.0,44287.0,42566.0,42928.0,1141700,KBS
2023-07-26 07:00:00,42566.0,43155.0,42113.0,43019.0,1280600,KBS
2023-07-27 07:00:00,43019.0,43019.0,41751.0,42204.0,1484300,KBS
2023-07-28 07:00:00,42204.0,43200.0,41796.0,43200.0,1112200,KBS
2023-07-31 07:00:00,43472.0,43743.0,42792.0,42928.0,750500,KBS
2023-08-01 07:00:00,43200.0,45826.0,42566.0,44015.0,2428500,KBS
2023-08-02 07:00:00,44377.0,44740.0,43789.0,43834.0,719400,KBS
2023-08-03 07:00:00,43925.0,44015.0,42657.0,42747.0,1341300,KBS
2023-08-04 07:00:00,43472.0,43472.0,42747.0,43109.0,712500,KBS
2023-08-07 07:00:00,43834.0,44015.0,43109.0,43336.0,919600,KBS
2023-08-08 07:00:00,43336.0,43743.0,42657.0,42747.0,863000,KBS
2023-08-09 07:00:00,42611.0,42657.0,41570.0,41570.0,1864200,KBS
2023-08-10 07:00:00,41615.0,42340.0,41615.0,41977.0,1076000,KBS
2023-08-11 07:00:00,42204.0,42385.0,40845.0,42068.0,614300,KBS
2023-08-14 07:00:00,42204.0,42792.0,42204.0,42566.0,833300,KBS
2023-08-15 07:00:00,43245.0,44015.0,42838.0,43698.0,1876600,KBS
2023-08-16 07:00:00,43925.0,43925.0,42974.0,43245.0,593800,KBS
2023-08-17 07:00:00,43200.0,43698.0,42159.0,42159.0,1315200,KBS
2023-08-18 07:00:00,42113.0,42159.0,39215.0,39215.0,1749900,KBS
2023-08-21 07:00:00,38943.0,39849.0,38219.0,38943.0,798000,KBS
2023-08-22 07:00:00,39125.0,39668.0,37042.0,39668.0,946200,KBS
2023-08-23 07:00:00,39849.0,40075.0,39079.0,39170.0,362600,KBS
2023-08-24 07:00:00,39577.0,40619.0,39125.0,40574.0,652800,KBS
2023-08-25 07:00:00,40619.0,40936.0,39849.0,40574.0,612700,KBS
2023-08-28 07:00:00,40574.0,41479.0,40574.0,41389.0,747800,KBS
2023-08-29 07:00:00,41660.0,42113.0,41117.0,41660.0,832700,KBS
2023-08-30 07:00:00,41932.0,42204.0,41026.0,41842.0,682200,KBS
2023-08-31 07:00:00,42023.0,43472.0,41977.0,43472.0,1656800,KBS
2023-09-05 07:00:00,44377.0,44740.0,43653.0,44015.0,1420100,KBS
2023-09-06 07:00:00,44015.0,46098.0,43472.0,45645.0,2047100,KBS
2023-09-07 07:00:00,46189.0,46460.0,45645.0,45645.0,1147300,KBS
2023-09-08 07:00:00,45283.0,47819.0,45283.0,46189.0,1033600,KBS
2023-09-11 07:00:00,46823.0,46823.0,45102.0,45102.0,1782700,KBS
2023-09-12 07:00:00,45192.0,47004.0,44377.0,47004.0,1197200,KBS
2023-09-13 07:00:00,47276.0,47638.0,45283.0,46370.0,1040100,KBS
2023-09-14 07:00:00,46008.0,46189.0,45192.0,45283.0,940400,KBS
2023-09-15 07:00:00,45283.0,47094.0,44921.0,46370.0,885000,KBS
2023-09-18 07:00:00,46823.0,47457.0,45283.0,46189.0,1013700,KBS
2023-09-19 07:00:00,46732.0,46732.0,44966.0,46642.0,1021800,KBS
2023-09-20 07:00:00,46551.0,48362.0,46460.0,48000.0,1348400,KBS
2023-09-21 07:00:00,48181.0,48543.0,47276.0,47547.0,1111300,KBS
2023-09-22 07:00:00,47547.0,47547.0,44559.0,45645.0,1149900,KBS
2023-09-25 07:00:00,45736.0,46189.0,42476.0,42476.0,1153400,KBS
2023-09-26 07:00:00,42476.0,43472.0,40936.0,40936.0,1101200,KBS
2023-09-27 07:00:00,40936.0,43381.0,40664.0,43381.0,938600,KBS
2023-09-28 07:00:00,43381.0,43653.0,42340.0,43472.0,759700,KBS
2023-09-29 07:00:00,44304.0,44304.0,42686.0,42917.0,491800,KBS
2023-10-02 07:00:00,42917.0,44119.0,42917.0,43564.0,376300,KBS
2023-10-03 07:00:00,43472.0,43795.0,41622.0,42408.0,1154500,KBS
2023-10-04 07:00:00,42408.0,44212.0,42316.0,43842.0,561000,KBS
2023-10-05 07:00:00,44859.0,46894.0,44027.0,46431.0,2132800,KBS
2023-10-06 07:00:00,46431.0,47171.0,45599.0,47171.0,795900,KBS
2023-10-09 07:00:00,47264.0,48281.0,46062.0,47171.0,1299100,KBS
2023-10-10 07:00:00,47726.0,48466.0,46986.0,46986.0,1317300,KBS
2023-10-11 07:00:00,47079.0,49206.0,47079.0,48559.0,1345900,KBS
2023-10-12 07:00:00,48836.0,49576.0,48281.0,48836.0,981800,KBS
2023-10-13 07:00:00,48374.0,49946.0,48004.0,49946.0,1265400,KBS
2023-10-16 07:00:00,49946.0,51334.0,49021.0,49021.0,1488100,KBS
2023-10-17 07:00:00,49946.0,49946.0,45645.0,45645.0,1384800,KBS
2023-10-18 07:00:00,46246.0,46801.0,43472.0,45645.0,1920700,KBS
2023-10-19 07:00:00,45645.0,46246.0,44489.0,44489.0,789800,KBS
2023-10-20 07:00:00,44535.0,46524.0,42547.0,46246.0,1845000,KBS
2023-10-23 07:00:00,46246.0,46246.0,44952.0,45738.0,551000,KBS
2023-10-24 07:00:00,46154.0,46801.0,44628.0,46801.0,941500,KBS
2023-10-25 07:00:00,46801.0,48004.0,46709.0,46801.0,906300,KBS
2023-10-26 07:00:00,45599.0,46154.0,43564.0,43657.0,2247700,KBS
2023-10-27 07:00:00,44397.0,45229.0,43379.0,45229.0,769200,KBS
2023-10-30 07:00:00,45229.0,45229.0,42084.0,42084.0,855300,KBS
2023-10-31 07:00:00,42547.0,42547.0,39171.0,39171.0,1742900,KBS
2023-11-01 07:00:00,39310.0,40512.0,38893.0,40512.0,696500,KBS
2023-11-02 07:00:00,41344.0,43287.0,40697.0,43287.0,632600,KBS
2023-11-03 07:00:00,43518.0,43518.0,42593.0,42963.0,606600,KBS
2023-11-06 07:00:00,43333.0,43333.0,42732.0,43009.0,641600,KBS
2023-11-07 07:00:00,42917.0,44212.0,42778.0,43564.0,712000,KBS
2023-11-08 07:00:00,43564.0,46062.0,43425.0,46062.0,956400,KBS
2023-11-09 07:00:00,46524.0,47171.0,45784.0,46246.0,1024400,KBS
2023-11-10 07:00:00,45414.0,47541.0,45414.0,46431.0,938000,KBS
2023-11-13 07:00:00,46986.0,46986.0,45784.0,46709.0,652100,KBS
2023-11-14 07:00:00,47264.0,47356.0,46154.0,46801.0,596500,KBS
2023-11-15 07:00:00,47819.0,47819.0,46339.0,46524.0,627500,KBS
2023-11-16 07:00:00,46154.0,47634.0,45784.0,47634.0,609500,KBS
2023-11-17 07:00:00,47726.0,48929.0,46801.0,46986.0,1898300,KBS
2023-11-20 07:00:00,45599.0,48929.0,45599.0,48744.0,1617400,KBS
2023-11-21 07:00:00,49484.0,49484.0,48189.0,48374.0,897900,KBS
2023-11-22 07:00:00,48466.0,49299.0,47726.0,49299.0,1042700,KBS
2023-11-23 07:00:00,49576.0,49854.0,46986.0,46986.0,1370100,KBS
2023-11-24 07:00:00,47079.0,48096.0,45414.0,48096.0,1222400,KBS
2023-11-27 07:00:00,48096.0,49114.0,47634.0,48189.0,787400,KBS
2023-11-28 07:00:00,47911.0,48559.0,46801.0,48189.0,695200,KBS
2023-11-29 07:00:00,48836.0,49021.0,48189.0,48836.0,608000,KBS
2023-11-30 07:00:00,49114.0,51796.0,49021.0,50409.0,2524400,KBS
2023-12-01 07:00:00,51704.0,51704.0,50316.0,51056.0,935900,KBS
2023-12-04 07:00:00,51704.0,53646.0,51519.0,53091.0,1162500,KBS
2023-12-05 07:00:00,53091.0,53183.0,52166.0,52536.0,765200,KBS
2023-12-06 07:00:00,52721.0,52814.0,51796.0,52351.0,952300,KBS
2023-12-07 07:00:00,52629.0,52629.0,49484.0,50594.0,2117400,KBS
2023-12-08 07:00:00,50594.0,51611.0,50039.0,51611.0,748200,KBS
2023-12-11 07:00:00,51704.0,52259.0,50779.0,51056.0,694700,KBS
2023-12-12 07:00:00,51426.0,51796.0,50686.0,51334.0,656900,KBS
2023-12-13 07:00:00,51334.0,51426.0,49669.0,49854.0,1008900,KBS
2023-12-14 07:00:00,50224.0,50316.0,49484.0,49484.0,843200,KBS
2023-12-15 07:00:00,49299.0,49946.0,48651.0,48929.0,663900,KBS
2023-12-18 07:00:00,48836.0,49206.0,47819.0,47819.0,1025400,KBS
2023-12-19 07:00:00,47634.0,48744.0,47634.0,48651.0,477500,KBS
2023-12-20 07:00:00,48744.0,49669.0,48651.0,49484.0,449100,KBS
2023-12-21 07:00:00,49299.0,49576.0,48651.0,49391.0,579000,KBS
2023-12-22 07:00:00,49854.0,50224.0,49021.0,49299.0,498000,KBS
2023-12-25 07:00:00,49206.0,50501.0,49206.0,50316.0,642900,KBS
2023-12-26 07:00:00,50316.0,51241.0,50224.0,50501.0,548600,KBS
2023-12-27 07:00:00,50594.0,50779.0,49576.0,49576.0,591400,KBS
2023-12-28 07:00:00,49669.0,50409.0,49299.0,50409.0,770000,KBS
2023-12-29 07:00:00,50409.0,51056.0,50131.0,50779.0,638800,KBS
2024-01-02 07:00:00,50871.0,50964.0,47634.0,48836.0,1340600,KBS
2024-01-03 07:00:00,48559.0,49484.0,48559.0,49391.0,656600,KBS
2024-01-04 07:00:00,49484.0,49576.0,48466.0,48559.0,1474200,KBS
2024-01-05 07:00:00,48651.0,49114.0,47911.0,48096.0,1081600,KBS
2024-01-08 07:00:00,48559.0,48929.0,48189.0,48466.0,501900,KBS
2024-01-09 07:00:00,48651.0,49484.0,48651.0,49114.0,917800,KBS
2024-01-10 07:00:00,49206.0,49206.0,48189.0,48374.0,537600,KBS
2024-01-11 07:00:00,48559.0,48929.0,48189.0,48744.0,386000,KBS
2024-01-12 07:00:00,47911.0,48466.0,47449.0,47726.0,763400,KBS
2024-01-15 07:00:00,47911.0,48281.0,46246.0,46246.0,1108000,KBS
2024-01-16 07:00:00,46246.0,47171.0,45969.0,47171.0,550500,KBS
2024-01-17 07:00:00,47171.0,48189.0,46894.0,48096.0,764800,KBS
2024-01-18 07:00:00,48374.0,48374.0,47264.0,47726.0,404200,KBS
2024-01-19 07:00:00,48004.0,48929.0,47634.0,47726.0,389400,KBS
2024-01-22 07:00:00,48096.0,48096.0,46894.0,47726.0,536200,KBS
2024-01-23 07:00:00,47819.0,48189.0,47079.0,47171.0,380600,KBS
2024-01-24 07:00:00,47171.0,47634.0,46709.0,46709.0,314500,KBS
2024-01-25 07:00:00,47171.0,47171.0,46616.0,46616.0,307300,KBS
2024-01-26 07:00:00,47264.0,47634.0,46709.0,47634.0,414800,KBS
2024-01-29 07:00:00,47634.0,48559.0,47541.0,47819.0,762200,KBS
2024-01-30 07:00:00,47819.0,49299.0,47726.0,49299.0,1091900,KBS
2024-01-31 07:00:00,49299.0,49484.0,48189.0,48374.0,855300,KBS
2024-02-01 07:00:00,48374.0,50409.0,48096.0,50409.0,1820100,KBS
2024-02-02 07:00:00,50409.0,50409.0,49484.0,49761.0,711700,KBS
2024-02-05 07:00:00,49854.0,49854.0,48651.0,49021.0,869300,KBS
2024-02-06 07:00:00,49021.0,49484.0,48651.0,48744.0,831700,KBS
2024-02-07 07:00:00,48744.0,49391.0,48559.0,48744.0,750900,KBS
2024-02-15 07:00:00,49299.0,49299.0,48189.0,48189.0,1133200,KBS
2024-02-16 07:00:00,48189.0,49484.0,48189.0,49021.0,719000,KBS
2024-02-19 07:00:00,49021.0,49299.0,48374.0,48929.0,1069900,KBS
2024-02-20 07:00:00,49206.0,49206.0,48651.0,48929.0,619300,KBS
2024-02-21 07:00:00,48929.0,52351.0,48559.0,52166.0,3697600,KBS
2024-02-22 07:00:00,52166.0,52166.0,51056.0,51241.0,1003100,KBS
2024-02-23 07:00:00,51241.0,51519.0,48559.0,49021.0,2521200,KBS
2024-02-26 07:00:00,48836.0,50039.0,48836.0,49761.0,1226900,KBS
2024-02-27 07:00:00,49946.0,50871.0,49484.0,50871.0,1785200,KBS
2024-02-28 07:00:00,50964.0,50964.0,49669.0,49669.0,1340800,KBS
2024-02-29 07:00:00,49854.0,51981.0,49761.0,51241.0,2639700,KBS
2024-03-01 07:00:00,51426.0,51796.0,50594.0,51334.0,1422900,KBS
2024-03-04 07:00:00,51796.0,53183.0,51611.0,52444.0,2208300,KBS
2024-03-05 07:00:00,52536.0,52536.0,51149.0,51796.0,1271800,KBS
2024-03-06 07:00:00,51611.0,51796.0,50039.0,50224.0,1725900,KBS
2024-03-07 07:00:00,50779.0,50871.0,49484.0,50871.0,1964700,KBS
2024-03-08 07:00:00,51519.0,51611.0,49854.0,50131.0,1490200,KBS
2024-03-11 07:00:00,50409.0,51519.0,49761.0,50316.0,1098900,KBS
2024-03-12 07:00:00,50316.0,51519.0,50039.0,51056.0,1361600,KBS
2024-03-13 07:00:00,51796.0,54571.0,51241.0,54571.0,4442200,KBS
2024-03-14 07:00:00,55126.0,55496.0,53831.0,54756.0,1609400,KBS
2024-03-15 07:00:00,54571.0,56328.0,53646.0,55403.0,1936500,KBS
2024-03-18 07:00:00,55681.0,55681.0,51611.0,53461.0,3103800,KBS
2024-03-19 07:00:00,53646.0,54201.0,52629.0,52721.0,916200,KBS
2024-03-20 07:00:00,52814.0,54016.0,52536.0,54016.0,1130000,KBS
2024-03-21 07:00:00,54386.0,54756.0,53646.0,54571.0,1309100,KBS
2024-03-22 07:00:00,54663.0,56143.0,54016.0,54016.0,2024100,KBS
2024-03-25 07:00:00,54016.0,54293.0,52536.0,52906.0,1508800,KBS
2024-03-26 07:00:00,53183.0,55033.0,52721.0,54478.0,1138100,KBS
2024-03-27 07:00:00,54571.0,55126.0,53738.0,54386.0,753800,KBS
2024-03-28 07:00:00,54848.0,55403.0,54016.0,54941.0,1150500,KBS
2024-03-29 07:00:00,55126.0,56328.0,54016.0,54016.0,1402700,KBS
2024-04-01 07:00:00,54016.0,54941.0,53831.0,54293.0,1114000,KBS
2024-04-02 07:00:00,54016.0,55311.0,53461.0,54293.0,1349000,KBS
2024-04-03 07:00:00,54571.0,55033.0,53646.0,53646.0,1055700,KBS
2024-04-04 07:00:00,53646.0,53738.0,52629.0,52629.0,1251500,KBS
2024-04-05 07:00:00,51796.0,53091.0,51796.0,51796.0,1174800,KBS
2024-04-08 07:00:00,51796.0,52166.0,51056.0,51149.0,694400,KBS
2024-04-09 07:00:00,51241.0,52074.0,50964.0,52074.0,444700,KBS
2024-04-10 07:00:00,52166.0,52814.0,51796.0,51796.0,636100,KBS
2024-04-11 07:00:00,51056.0,52074.0,51056.0,51796.0,494000,KBS
2024-04-12 07:00:00,52536.0,52536.0,51611.0,52444.0,385400,KBS
2024-04-15 07:00:00,52351.0,52444.0,48836.0,48836.0,1170300,KBS
2024-04-16 07:00:00,48836.0,48836.0,46339.0,47819.0,1143600,KBS
2024-04-17 07:00:00,48281.0,49021.0,47264.0,47356.0,756500,KBS
2024-04-19 07:00:00,46986.0,47911.0,45507.0,45507.0,897000,KBS
2024-04-22 07:00:00,46524.0,46524.0,45692.0,46154.0,611800,KBS
2024-04-23 07:00:00,46246.0,46616.0,45137.0,45414.0,552000,KBS
2024-04-24 07:00:00,45784.0,47079.0,45784.0,46986.0,836800,KBS
2024-04-25 07:00:00,46986.0,47449.0,46616.0,46986.0,492900,KBS
2024-04-26 07:00:00,46616.0,47634.0,46616.0,46986.0,378900,KBS
2024-05-02 07:00:00,46986.0,48559.0,46709.0,48004.0,688000,KBS
2024-05-03 07:00:00,48096.0,48559.0,47541.0,47541.0,479400,KBS
2024-05-06 07:00:00,47911.0,48929.0,47819.0,48651.0,762600,KBS
2024-05-07 07:00:00,48744.0,49484.0,48189.0,49391.0,520700,KBS
2024-05-08 07:00:00,49299.0,49669.0,48374.0,49299.0,448000,KBS
2024-05-09 07:00:00,49299.0,50409.0,49299.0,50131.0,953100,KBS
2024-05-10 07:00:00,50131.0,50131.0,49021.0,49206.0,528000,KBS
2024-05-13 07:00:00,50039.0,50039.0,49206.0,49391.0,558600,KBS
2024-05-14 07:00:00,49854.0,50224.0,49484.0,49854.0,578600,KBS
2024-05-15 07:00:00,49854.0,50686.0,49854.0,50501.0,722500,KBS
2024-05-16 07:00:00,50871.0,50871.0,50409.0,50409.0,469600,KBS
2024-05-17 07:00:00,50501.0,51056.0,50224.0,50871.0,409100,KBS
2024-05-20 07:00:00,51334.0,51519.0,50686.0,50871.0,569300,KBS
2024-05-21 07:00:00,50686.0,50871.0,49946.0,50316.0,547900,KBS
2024-05-22 07:00:00,50779.0,50964.0,49946.0,50316.0,609800,KBS
2024-05-23 07:00:00,50131.0,51704.0,50131.0,51704.0,589300,KBS
2024-05-24 07:00:00,51334.0,51796.0,49484.0,50131.0,621800,KBS
2024-05-27 07:00:00,50686.0,50964.0,49946.0,50316.0,362600,KBS
2024-05-28 07:00:00,51334.0,52351.0,50594.0,52351.0,992300,KBS
2024-05-29 07:00:00,53091.0,53091.0,51149.0,51426.0,970500,KBS
2024-05-30 07:00:00,50871.0,51519.0,50131.0,50871.0,721500,KBS
2024-05-31 07:00:00,51519.0,51519.0,50594.0,50779.0,264000,KBS
2024-06-03 07:00:00,50964.0,51981.0,50964.0,51889.0,725900,KBS
2024-06-04 07:00:00,52074.0,52074.0,50871.0,51149.0,587000,KBS
2024-06-05 07:00:00,51334.0,52166.0,51149.0,51149.0,586300,KBS
2024-06-06 07:00:00,51241.0,51334.0,50131.0,50409.0,578400,KBS
2024-06-07 07:00:00,50686.0,51056.0,50316.0,50686.0,290900,KBS
2024-06-10 07:00:00,50686.0,51519.0,50501.0,51334.0,554200,KBS
2024-06-11 07:00:00,51519.0,52259.0,51334.0,52259.0,947700,KBS
2024-06-12 07:00:00,52166.0,52536.0,51519.0,52351.0,714200,KBS
2024-06-13 07:00:00,52351.0,52536.0,51611.0,51611.0,640800,KBS
2024-06-14 07:00:00,51519.0,51889.0,50409.0,50409.0,734700,KBS
2024-06-17 07:00:00,50594.0,50779.0,50316.0,50409.0,475300,KBS
2024-06-18 07:00:00,50409.0,50779.0,50409.0,50686.0,293700,KBS
2024-06-19 07:00:00,50501.0,50871.0,50224.0,50501.0,400200,KBS
2024-06-20 07:00:00,50779.0,50779.0,49854.0,50316.0,298500,KBS
2024-06-21 07:00:00,50316.0,50409.0,49021.0,49576.0,552600,KBS
2024-06-24 07:00:00,49206.0,51149.0,49114.0,49114.0,779700,KBS
2024-06-25 07:00:00,49299.0,49484.0,48096.0,48836.0,529700,KBS
2024-06-26 07:00:00,49299.0,49299.0,48004.0,48281.0,329500,KBS
2024-06-27 07:00:00,48281.0,49021.0,48281.0,48929.0,174300,KBS
2024-06-28 07:00:00,48466.0,48929.0,48189.0,48189.0,287500,KBS
2024-07-01 07:00:00,48189.0,48651.0,47911.0,48559.0,186500,KBS
2024-07-02 07:00:00,48744.0,49206.0,48281.0,48836.0,148200,KBS
2024-07-03 07:00:00,49299.0,49299.0,48559.0,48651.0,167500,KBS
2024-07-04 07:00:00,48651.0,49114.0,48466.0,48559.0,208000,KBS
2024-07-05 07:00:00,48466.0,48836.0,48374.0,48374.0,227800,KBS
2024-07-08 07:00:00,48466.0,49021.0,48374.0,48836.0,234800,KBS
2024-07-09 07:00:00,49021.0,49761.0,49021.0,49391.0,336100,KBS
2024-07-10 07:00:00,49576.0,49854.0,49206.0,49206.0,263100,KBS
2024-07-11 07:00:00,49391.0,49669.0,48929.0,48929.0,248000,KBS
2024-07-12 07:00:00,49114.0,49114.0,48651.0,48651.0,201100,KBS
2024-07-15 07:00:00,48744.0,48929.0,48466.0,48466.0,170500,KBS
2024-07-16 07:00:00,49021.0,49761.0,48374.0,48374.0,432400,KBS
2024-07-17 07:00:00,49021.0,49021.0,46801.0,47264.0,363000,KBS
2024-07-18 07:00:00,47356.0,47634.0,46801.0,47541.0,263100,KBS
2024-07-19 07:00:00,48004.0,48004.0,46986.0,47541.0,259600,KBS
2024-07-22 07:00:00,46986.0,47449.0,45368.0,45877.0,629800,KBS
2024-07-23 07:00:00,44952.0,45923.0,44952.0,45137.0,243400,KBS
2024-07-24 07:00:00,45645.0,45645.0,44859.0,45414.0,214100,KBS
2024-07-25 07:00:00,45692.0,45692.0,45322.0,45692.0,128200,KBS
2024-07-26 07:00:00,45784.0,45969.0,45137.0,45183.0,379600,KBS
2024-07-29 07:00:00,45368.0,45692.0,43333.0,43379.0,910400,KBS
2024-07-30 07:00:00,43934.0,44304.0,43472.0,43610.0,437900,KBS
2024-07-31 07:00:00,43657.0,43749.0,41853.0,41853.0,1110100,KBS
2024-08-01 07:00:00,43009.0,43009.0,39772.0,39957.0,643700,KBS
2024-08-02 07:00:00,39078.0,40466.0,38940.0,40466.0,431900,KBS
2024-08-05 07:00:00,39310.0,40234.0,37645.0,37645.0,1119200,KBS
2024-08-06 07:00:00,38338.0,38338.0,36211.0,36905.0,1471500,KBS
2024-08-07 07:00:00,36997.0,38662.0,36997.0,37460.0,1367000,KBS
2024-08-08 07:00:00,37922.0,38153.0,36350.0,36350.0,1617800,KBS
2024-08-09 07:00:00,37136.0,37922.0,36673.0,37830.0,1084600,KBS
2024-08-12 07:00:00,38107.0,39217.0,38015.0,38847.0,1600900,KBS
2024-08-13 07:00:00,38940.0,39125.0,38107.0,38385.0,914700,KBS
2024-08-14 07:00:00,38847.0,39217.0,37922.0,37922.0,719100,KBS
2024-08-15 07:00:00,37922.0,37968.0,37090.0,37275.0,715000,KBS
2024-08-16 07:00:00,37737.0,39864.0,37460.0,39864.0,2046700,KBS
2024-08-19 07:00:00,40697.0,42084.0,40327.0,41159.0,1434800,KBS
2024-08-20 07:00:00,41622.0,42038.0,40651.0,41622.0,1703700,KBS
2024-08-21 07:00:00,41714.0,42269.0,41252.0,42038.0,1047900,KBS
2024-08-22 07:00:00,42038.0,42038.0,40882.0,41159.0,1679500,KBS
2024-08-23 07:00:00,40928.0,41807.0,40789.0,41067.0,1053500,KBS
2024-08-26 07:00:00,41529.0,42686.0,41067.0,41206.0,1074600,KBS
2024-08-27 07:00:00,41206.0,41576.0,40882.0,41344.0,596700,KBS
2024-08-28 07:00:00,41391.0,42084.0,40974.0,41529.0,1043800,KBS
2024-08-29 07:00:00,41437.0,41946.0,41113.0,41159.0,518100,KBS
2024-08-30 07:00:00,41483.0,41483.0,40882.0,40882.0,515200,KBS
2024-09-04 07:00:00,40234.0,40512.0,39818.0,39911.0,1265700,KBS
2024-09-05 07:00:00,40003.0,40419.0,39125.0,39310.0,1122500,KBS
2024-09-06 07:00:00,39310.0,39541.0,38986.0,39448.0,702300,KBS
2024-09-09 07:00:00,39541.0,39679.0,38616.0,38801.0,865600,KBS
2024-09-10 07:00:00,39263.0,39263.0,37830.0,37922.0,1010200,KBS
2024-09-11 07:00:00,37922.0,38755.0,37552.0,38477.0,756600,KBS
2024-09-12 07:00:00,38847.0,39078.0,38246.0,38246.0,439100,KBS
2024-09-13 07:00:00,38246.0,38893.0,38246.0,38893.0,449000,KBS
2024-09-16 07:00:00,39402.0,39402.0,38338.0,38847.0,766000,KBS
2024-09-17 07:00:00,38801.0,39263.0,38246.0,39263.0,832000,KBS
2024-09-18 07:00:00,39032.0,39495.0,38893.0,39032.0,700900,KBS
2024-09-19 07:00:00,39078.0,40419.0,38986.0,40419.0,1373300,KBS
2024-09-20 07:00:00,40743.0,40789.0,39957.0,40003.0,895300,KBS
2024-09-23 07:00:00,40419.0,40419.0,39818.0,40003.0,497000,KBS
2024-09-24 07:00:00,40003.0,41344.0,39818.0,40882.0,1716000,KBS
2024-09-25 07:00:00,41159.0,41344.0,40743.0,40882.0,853800,KBS
2024-09-26 07:00:00,40882.0,41159.0,40327.0,40651.0,1178700,KBS
2024-09-27 07:00:00,40882.0,40882.0,40281.0,40604.0,955200,KBS
2024-09-30 07:00:00,40651.0,40882.0,39957.0,40327.0,1238300,KBS
2024-10-01 07:00:00,39957.0,41021.0,39957.0,40836.0,1416300,KBS
2024-10-02 07:00:00,40697.0,40789.0,40049.0,40234.0,991200,KBS
2024-10-03 07:00:00,40096.0,40604.0,39402.0,40096.0,1430000,KBS
2024-10-04 07:00:00,40096.0,40096.0,39356.0,40096.0,946500,KBS
2024-10-07 07:00:00,40049.0,40142.0,39495.0,39772.0,562800,KBS
2024-10-08 07:00:00,39772.0,39957.0,39310.0,39541.0,658000,KBS
2024-10-09 07:00:00,39541.0,40419.0,39541.0,40419.0,1170400,KBS
2024-10-10 07:00:00,40697.0,40789.0,40281.0,40697.0,840200,KBS
2024-10-11 07:00:00,40836.0,41113.0,40373.0,40743.0,889900,KBS
2024-10-14 07:00:00,40836.0,40974.0,39772.0,40142.0,1484300,KBS
2024-10-15 07:00:00,39818.0,40142.0,39541.0,39541.0,837900,KBS
2024-10-16 07:00:00,39772.0,39772.0,38893.0,39633.0,821100,KBS
2024-10-17 07:00:00,39541.0,39679.0,38940.0,39541.0,666100,KBS
2024-10-18 07:00:00,39679.0,40142.0,39448.0,39541.0,805700,KBS
2024-10-21 07:00:00,39255.0,40017.0,39255.0,39636.0,461600,KBS
2024-10-22 07:00:00,39588.0,39588.0,38683.0,38969.0,916900,KBS
2024-10-23 07:00:00,38636.0,39255.0,38397.0,39207.0,520300,KBS
2024-10-24 07:00:00,38874.0,38921.0,38255.0,38588.0,777000,KBS
2024-10-25 07:00:00,38683.0,38683.0,38112.0,38588.0,527200,KBS
2024-10-28 07:00:00,38207.0,38540.0,38207.0,38540.0,428300,KBS
2024-10-29 07:00:00,38350.0,39160.0,38350.0,39064.0,423500,KBS
2024-10-30 07:00:00,39255.0,39350.0,38588.0,38969.0,341400,KBS
2024-10-31 07:00:00,38969.0,39017.0,38397.0,38874.0,448100,KBS
2024-11-01 07:00:00,38540.0,38874.0,38016.0,38493.0,853800,KBS
2024-11-04 07:00:00,38397.0,38397.0,37683.0,37826.0,660800,KBS
2024-11-05 07:00:00,37826.0,38112.0,37730.0,38112.0,266900,KBS
2024-11-06 07:00:00,38159.0,40779.0,38159.0,40779.0,3506400,KBS
2024-11-07 07:00:00,40827.0,41161.0,40160.0,40351.0,1253700,KBS
2024-11-08 07:00:00,40351.0,40922.0,39636.0,40589.0,1672100,KBS
2024-11-11 07:00:00,40827.0,41589.0,40494.0,41303.0,1956000,KBS
2024-11-12 07:00:00,41637.0,41875.0,40589.0,40779.0,1502800,KBS
2024-11-13 07:00:00,40494.0,41256.0,39827.0,41256.0,1630800,KBS
2024-11-14 07:00:00,41208.0,42685.0,40970.0,41256.0,3523800,KBS
2024-11-15 07:00:00,41018.0,42399.0,41018.0,41732.0,2557600,KBS
2024-11-18 07:00:00,41732.0,41780.0,39636.0,40589.0,1783300,KBS
2024-11-19 07:00:00,40636.0,40636.0,38159.0,38159.0,1794900,KBS
2024-11-20 07:00:00,38112.0,39255.0,37445.0,38969.0,1475600,KBS
2024-11-21 07:00:00,39064.0,39493.0,38731.0,39255.0,636900,KBS
2024-11-22 07:00:00,39446.0,39541.0,38874.0,39207.0,813300,KBS
2024-11-25 07:00:00,39207.0,39446.0,39017.0,39207.0,420300,KBS
2024-11-26 07:00:00,39541.0,40112.0,39398.0,39922.0,891500,KBS
2024-11-27 07:00:00,39874.0,39874.0,39207.0,39588.0,689300,KBS
2024-11-28 07:00:00,39827.0,39827.0,39207.0,39493.0,666600,KBS
2024-11-29 07:00:00,39303.0,40684.0,39112.0,40208.0,1976600,KBS
2024-12-02 07:00:00,40398.0,41351.0,40303.0,40970.0,1481700,KBS
2024-12-03 07:00:00,40970.0,41923.0,40589.0,40779.0,1705900,KBS
2024-12-04 07:00:00,41018.0,41113.0,40160.0,40589.0,1012700,KBS
2024-12-05 07:00:00,40875.0,42304.0,40398.0,41875.0,1776400,KBS
2024-12-06 07:00:00,42113.0,42590.0,41446.0,41446.0,1706000,KBS
2024-12-09 07:00:00,41446.0,42113.0,41351.0,41446.0,1282700,KBS
2024-12-10 07:00:00,41446.0,42494.0,41351.0,41542.0,1707800,KBS
2024-12-11 07:00:00,41732.0,41923.0,41399.0,41827.0,1094100,KBS
2024-12-12 07:00:00,41923.0,43685.0,41923.0,42399.0,2398100,KBS
2024-12-13 07:00:00,42304.0,42733.0,41732.0,41827.0,1206200,KBS
2024-12-16 07:00:00,42780.0,42780.0,41923.0,42494.0,1099100,KBS
2024-12-17 07:00:00,42780.0,42780.0,41685.0,41875.0,1938000,KBS
2024-12-18 07:00:00,41827.0,41923.0,41256.0,41875.0,1059900,KBS
2024-12-19 07:00:00,41161.0,41780.0,41065.0,41351.0,1354900,KBS
2024-12-20 07:00:00,41351.0,42256.0,41351.0,41637.0,853000,KBS
2024-12-23 07:00:00,42018.0,42685.0,41732.0,42113.0,1316900,KBS
2024-12-24 07:00:00,42399.0,42780.0,41923.0,42780.0,1500900,KBS
2024-12-25 07:00:00,43066.0,43733.0,42780.0,43114.0,1871400,KBS
2024-12-26 07:00:00,43114.0,43304.0,42399.0,42399.0,913100,KBS
2024-12-27 07:00:00,42876.0,42971.0,42066.0,42590.0,1050400,KBS
2024-12-30 07:00:00,42542.0,43257.0,41923.0,43018.0,1200900,KBS
2024-12-31 07:00:00,43018.0,43018.0,42685.0,42828.0,845300,KBS
2025-01-02 07:00:00,42876.0,44781.0,42590.0,44781.0,3000200,KBS
2025-01-03 07:00:00,44781.0,45543.0,44448.0,44781.0,2814400,KBS
2025-01-06 07:00:00,44591.0,45353.0,44209.0,44781.0,2121500,KBS
2025-01-07 07:00:00,44876.0,46020.0,44543.0,45639.0,2969400,KBS
2025-01-08 07:00:00,45734.0,46020.0,45305.0,45734.0,1581800,KBS
2025-01-09 07:00:00,46306.0,46401.0,45353.0,45448.0,1283200,KBS
2025-01-10 07:00:00,45448.0,46020.0,44591.0,45353.0,1708700,KBS
2025-01-13 07:00:00,44781.0,45543.0,44781.0,45400.0,660300,KBS
2025-01-14 07:00:00,45448.0,47306.0,45448.0,46973.0,1985200,KBS
2025-01-15 07:00:00,46973.0,47258.0,46306.0,47258.0,1185600,KBS
2025-01-16 07:00:00,47354.0,47449.0,46353.0,46591.0,1513800,KBS
2025-01-17 07:00:00,46687.0,47640.0,46687.0,47258.0,1095500,KBS
2025-01-20 07:00:00,47258.0,47401.0,46210.0,46210.0,880000,KBS
2025-01-21 07:00:00,46258.0,46830.0,46163.0,46496.0,767000,KBS
2025-01-22 07:00:00,46306.0,46877.0,46115.0,46115.0,975900,KBS
2025-01-23 07:00:00,46115.0,47258.0,45210.0,47163.0,1914300,KBS
2025-01-24 07:00:00,47449.0,48497.0,47068.0,47354.0,1242000,KBS
2025-02-03 07:00:00,47354.0,48402.0,47258.0,48116.0,1325100,KBS
2025-02-04 07:00:00,48021.0,48592.0,48021.0,48497.0,1015200,KBS
2025-02-05 07:00:00,48306.0,48497.0,47830.0,48497.0,591900,KBS
2025-02-06 07:00:00,48592.0,49164.0,47735.0,48592.0,1028700,KBS
2025-02-07 07:00:00,48592.0,48783.0,47640.0,47640.0,914800,KBS
2025-02-10 07:00:00,47640.0,48116.0,47258.0,47354.0,920900,KBS
2025-02-11 07:00:00,48021.0,48592.0,47354.0,48306.0,741600,KBS
2025-02-12 07:00:00,48497.0,49069.0,48402.0,48592.0,772300,KBS
2025-02-13 07:00:00,48688.0,48688.0,47497.0,48306.0,971800,KBS
2025-02-14 07:00:00,48497.0,48973.0,48116.0,48783.0,900700,KBS
2025-02-17 07:00:00,49069.0,49069.0,48116.0,48211.0,895000,KBS
2025-02-18 07:00:00,48021.0,48592.0,47640.0,48592.0,1043100,KBS
2025-02-19 07:00:00,49069.0,50879.0,48783.0,50498.0,1568200,KBS
2025-02-20 07:00:00,50498.0,50879.0,50021.0,50117.0,572600,KBS
2025-02-21 07:00:00,50307.0,50688.0,50021.0,50307.0,717000,KBS
2025-02-24 07:00:00,50593.0,50688.0,49926.0,50403.0,605800,KBS
2025-02-25 07:00:00,50498.0,50688.0,48973.0,49355.0,1419200,KBS
2025-02-26 07:00:00,49355.0,50498.0,49355.0,50117.0,918400,KBS
2025-02-27 07:00:00,50117.0,50117.0,48783.0,49736.0,801300,KBS
2025-02-28 07:00:00,49545.0,50307.0,49164.0,49640.0,888400,KBS
2025-03-03 07:00:00,49640.0,50117.0,49259.0,49545.0,553700,KBS
2025-03-04 07:00:00,49736.0,50212.0,46591.0,49164.0,2850400,KBS
2025-03-05 07:00:00,49259.0,49259.0,46973.0,46973.0,1547800,KBS
2025-03-06 07:00:00,47354.0,48306.0,46973.0,48306.0,1380400,KBS
2025-03-07 07:00:00,47830.0,48402.0,47354.0,47735.0,1155800,KBS
2025-03-10 07:00:00,47925.0,48402.0,47258.0,47830.0,849600,KBS
2025-03-11 07:00:00,47640.0,47830.0,46973.0,47830.0,835000,KBS
2025-03-12 07:00:00,48021.0,50117.0,47640.0,49736.0,2347700,KBS
2025-03-13 07:00:00,49926.0,49926.0,48497.0,48878.0,1033300,KBS
2025-03-14 07:00:00,48592.0,49450.0,47925.0,48497.0,987200,KBS
2025-03-17 07:00:00,48402.0,48973.0,47925.0,48306.0,748400,KBS
2025-03-18 07:00:00,48497.0,49259.0,48116.0,48973.0,858400,KBS
2025-03-19 07:00:00,48878.0,49259.0,48306.0,49069.0,653300,KBS
2025-03-20 07:00:00,49069.0,50688.0,48878.0,49545.0,1944600,KBS
2025-03-21 07:00:00,49640.0,49831.0,48783.0,49259.0,574600,KBS
2025-03-24 07:00:00,49545.0,49545.0,48402.0,48497.0,948900,KBS
2025-03-25 07:00:00,48497.0,49164.0,48402.0,48973.0,1058000,KBS
2025-03-26 07:00:00,49164.0,49259.0,47640.0,48021.0,810700,KBS
2025-03-27 07:00:00,48021.0,48116.0,47592.0,47592.0,1161300,KBS
2025-03-28 07:00:00,47497.0,47497.0,45734.0,46210.0,1593900,KBS
2025-03-31 07:00:00,45686.0,46687.0,45686.0,46687.0,730500,KBS
2025-04-01 07:00:00,46687.0,48021.0,46401.0,46925.0,648200,KBS
2025-04-02 07:00:00,47258.0,47544.0,46591.0,46591.0,419500,KBS
2025-04-03 07:00:00,43352.0,44686.0,43352.0,43352.0,1123000,KBS
2025-04-04 07:00:00,40351.0,40351.0,40351.0,40351.0,456500,KBS
2025-04-08 07:00:00,37540.0,37540.0,37540.0,37540.0,207200,KBS
2025-04-09 07:00:00,34920.0,34920.0,34920.0,34920.0,412500,KBS
2025-04-10 07:00:00,37349.0,37349.0,37349.0,37349.0,596400,KBS
2025-04-11 07:00:00,37397.0,37445.0,34777.0,36492.0,2908200,KBS
2025-04-14 07:00:00,39017.0,39017.0,38588.0,39017.0,1389700,KBS
2025-04-15 07:00:00,39064.0,41399.0,38255.0,38921.0,1939400,KBS
2025-04-16 07:00:00,38921.0,40017.0,38445.0,39017.0,1211600,KBS
2025-04-17 07:00:00,38255.0,38969.0,37159.0,38826.0,591800,KBS
2025-04-18 07:00:00,39446.0,40970.0,38588.0,40017.0,1310200,KBS
2025-04-21 07:00:00,39827.0,39970.0,38016.0,38112.0,720700,KBS
2025-04-22 07:00:00,38112.0,38112.0,35444.0,35587.0,1850500,KBS
2025-04-23 07:00:00,37492.0,37492.0,35634.0,37111.0,948000,KBS
2025-04-24 07:00:00,38112.0,39064.0,37397.0,37778.0,697600,KBS
2025-04-25 07:00:00,37064.0,38683.0,37064.0,37778.0,682000,KBS
2025-04-28 07:00:00,37778.0,38064.0,37254.0,37445.0,461200,KBS
2025-04-29 07:00:00,37445.0,37921.0,37302.0,37445.0,249600,KBS
2025-05-05 07:00:00,37921.0,38874.0,37588.0,38636.0,464800,KBS
2025-05-06 07:00:00,38731.0,39827.0,38112.0,38445.0,543400,KBS
2025-05-07 07:00:00,38445.0,39493.0,38207.0,39303.0,785500,KBS
2025-05-08 07:00:00,39922.0,41923.0,39731.0,41923.0,1538100,KBS
2025-05-09 07:00:00,42018.0,42352.0,41065.0,42066.0,956600,KBS
2025-05-12 07:00:00,42161.0,42876.0,41875.0,42876.0,896400,KBS
2025-05-13 07:00:00,42876.0,44209.0,42637.0,44209.0,1030000,KBS
2025-05-14 07:00:00,44352.0,44400.0,43352.0,43638.0,631300,KBS
2025-05-15 07:00:00,43685.0,43828.0,42971.0,43828.0,626200,KBS
2025-05-16 07:00:00,43876.0,44543.0,43685.0,43924.0,717500,KBS
2025-05-19 07:00:00,43924.0,43924.0,42971.0,43304.0,513600,KBS
2025-05-20 07:00:00,43304.0,43828.0,42399.0,42637.0,859100,KBS
2025-05-21 07:00:00,42780.0,42780.0,39684.0,42209.0,809000,KBS
2025-05-22 07:00:00,42161.0,43638.0,41732.0,42352.0,1171300,KBS
2025-05-23 07:00:00,42542.0,42542.0,40922.0,41018.0,959900,KBS
2025-05-26 07:00:00,41637.0,43733.0,40160.0,42876.0,1196800,KBS
2025-05-27 07:00:00,43828.0,43828.0,42399.0,43114.0,1290000,KBS
2025-05-28 07:00:00,43114.0,43781.0,42876.0,42876.0,1059200,KBS
2025-05-29 07:00:00,43590.0,44638.0,42971.0,43114.0,1137600,KBS
2025-05-30 07:00:00,42971.0,43352.0,41827.0,41827.0,853800,KBS
2025-06-02 07:00:00,41923.0,42399.0,41161.0,41923.0,571000,KBS
2025-06-03 07:00:00,42494.0,43257.0,41923.0,42876.0,679700,KBS
2025-06-04 07:00:00,43304.0,43733.0,42685.0,43304.0,1204900,KBS
2025-06-05 07:00:00,43828.0,45210.0,43447.0,45210.0,2116100,KBS
2025-06-06 07:00:00,45210.0,45258.0,43543.0,43543.0,1188100,KBS
2025-06-09 07:00:00,43447.0,43543.0,41542.0,41923.0,1127000,KBS
2025-06-10 07:00:00,41923.0,42590.0,40970.0,41685.0,702400,KBS
2025-06-11 07:00:00,42399.0,42399.0,41542.0,41685.0,375300,KBS
2025-06-12 07:00:00,42304.0,42780.0,42161.0,42685.0,521400,KBS
2025-06-13 07:00:00,41875.0,42304.0,41161.0,41351.0,642600,KBS
2025-06-16 07:00:00,40970.0,41780.0,40875.0,41589.0,541300,KBS
2025-06-17 07:00:00,41923.0,42256.0,41685.0,41780.0,350300,KBS
2025-06-18 07:00:00,41923.0,42209.0,41589.0,41637.0,446700,KBS
2025-06-19 07:00:00,41637.0,42209.0,41446.0,41827.0,523000,KBS
2025-06-20 07:00:00,41923.0,42113.0,41303.0,41351.0,462100,KBS
2025-06-23 07:00:00,41351.0,42780.0,40589.0,42304.0,776100,KBS
2025-06-24 07:00:00,42447.0,43161.0,42304.0,42780.0,1027200,KBS
2025-06-25 07:00:00,42780.0,43114.0,42494.0,42876.0,769900,KBS
2025-06-26 07:00:00,42923.0,43209.0,42637.0,42971.0,506700,KBS
2025-06-27 07:00:00,43352.0,43733.0,42780.0,43161.0,551900,KBS
2025-06-30 07:00:00,43066.0,43828.0,42685.0,42828.0,530200,KBS
2025-07-01 07:00:00,43066.0,44114.0,42780.0,42971.0,1227400,KBS
2025-07-02 07:00:00,43257.0,44733.0,42971.0,44305.0,1664600,KBS
2025-07-03 07:00:00,43638.0,43781.0,42256.0,42494.0,1793300,KBS
2025-07-04 07:00:00,42637.0,42733.0,42066.0,42209.0,969600,KBS
2025-07-07 07:00:00,42828.0,42876.0,41923.0,42399.0,457600,KBS
2025-07-08 07:00:00,43352.0,43447.0,42733.0,42828.0,688300,KBS
2025-07-09 07:00:00,42876.0,43161.0,42352.0,42494.0,1473500,KBS
2025-07-10 07:00:00,42590.0,43638.0,42590.0,43638.0,1731000,KBS
2025-07-11 07:00:00,43828.0,44209.0,43209.0,43400.0,1011400,KBS
2025-07-14 07:00:00,44209.0,44686.0,43066.0,44448.0,1845700,KBS
2025-07-15 07:00:00,44686.0,44686.0,43781.0,43781.0,1310100,KBS
2025-07-16 07:00:00,43733.0,44543.0,43590.0,44067.0,718400,KBS
2025-07-17 07:00:00,44448.0,46449.0,44114.0,45067.0,2088300,KBS
2025-07-18 07:00:00,45734.0,45924.0,44495.0,44972.0,1172800,KBS
2025-07-21 07:00:00,45686.0,45686.0,43971.0,43971.0,1120800,KBS
2025-07-22 07:00:00,44019.0,45734.0,43495.0,45686.0,1404700,KBS
2025-07-23 07:00:00,46877.0,47020.0,45734.0,46020.0,2063300,KBS
2025-07-24 07:00:00,46115.0,46782.0,45162.0,46687.0,1798200,KBS
2025-07-25 07:00:00,47640.0,49926.0,47592.0,49926.0,2408600,KBS
2025-07-28 07:00:00,53356.0,53356.0,53356.0,53356.0,576100,KBS
2025-07-29 07:00:00,57072.0,57072.0,54309.0,54309.0,7251200,KBS
2025-07-30 07:00:00,56596.0,58025.0,56500.0,57930.0,3573000,KBS
2025-07-31 07:00:00,60979.0,60979.0,56215.0,56596.0,2395000,KBS
2025-08-01 07:00:00,57834.0,57834.0,53547.0,53642.0,3138600,KBS
2025-08-04 07:00:00,53452.0,56691.0,53452.0,54881.0,1716200,KBS
2025-08-05 07:00:00,55167.0,56215.0,51070.0,52118.0,3711500,KBS
2025-08-06 07:00:00,52213.0,53737.0,51165.0,53166.0,3148800,KBS
2025-08-07 07:00:00,56691.0,56691.0,53261.0,53452.0,1904400,KBS
2025-08-08 07:00:00,53547.0,55262.0,52403.0,55262.0,3179500,KBS
2025-08-11 07:00:00,56215.0,59073.0,55262.0,59073.0,3946800,KBS
2025-08-12 07:00:00,60502.0,63170.0,59359.0,63170.0,4993700,KBS
2025-08-13 07:00:00,64504.0,64504.0,60502.0,62884.0,3025800,KBS
2025-08-14 07:00:00,63742.0,63742.0,60979.0,60979.0,2386400,KBS
2025-08-15 07:00:00,61074.0,63456.0,59740.0,62217.0,3048100,KBS
2025-08-18 07:00:00,62122.0,64790.0,61931.0,62598.0,3021700,KBS
2025-08-19 07:00:00,63361.0,65743.0,61455.0,64599.0,3835100,KBS
2025-08-20 07:00:00,65171.0,65361.0,60121.0,64504.0,3824800,KBS
2025-08-21 07:00:00,63837.0,63837.0,61169.0,61931.0,2086100,KBS
2025-08-22 07:00:00,60502.0,61169.0,57644.0,57644.0,3107200,KBS
2025-08-25 07:00:00,57739.0,58787.0,56405.0,56500.0,1481100,KBS
2025-08-26 07:00:00,55738.0,58692.0,55738.0,58597.0,1053600,KBS
2025-08-27 07:00:00,58597.0,59835.0,58120.0,58787.0,1661900,KBS
2025-08-28 07:00:00,59264.0,59930.0,58692.0,59740.0,838500,KBS
2025-08-29 07:00:00,60216.0,60216.0,58120.0,58120.0,1687700,KBS
2025-09-03 07:00:00,58120.0,59359.0,57930.0,58882.0,1202800,KBS
2025-09-04 07:00:00,59073.0,60502.0,58787.0,59549.0,857200,KBS
2025-09-05 07:00:00,59645.0,61741.0,59073.0,59073.0,2047700,KBS
2025-09-08 07:00:00,59073.0,59073.0,54976.0,54976.0,1924100,KBS
2025-09-09 07:00:00,54309.0,56405.0,53737.0,55167.0,1426300,KBS
2025-09-10 07:00:00,55548.0,55643.0,53166.0,53452.0,1674900,KBS
2025-09-11 07:00:00,53452.0,54595.0,50498.0,54214.0,1097600,KBS
2025-09-12 07:00:00,54595.0,55738.0,54309.0,55357.0,797800,KBS
2025-09-15 07:00:00,55357.0,56786.0,55071.0,56786.0,1041600,KBS
2025-09-16 07:00:00,56882.0,56882.0,55262.0,55738.0,996700,KBS
2025-09-17 07:00:00,55738.0,55738.0,54404.0,54404.0,574400,KBS
2025-09-18 07:00:00,55167.0,55262.0,53928.0,55262.0,450100,KBS
2025-09-19 07:00:00,55643.0,56691.0,55548.0,55738.0,713000,KBS
2025-09-22 07:00:00,56024.0,56500.0,54500.0,55738.0,546700,KBS
2025-09-23 07:00:00,56024.0,56024.0,55167.0,55643.0,337200,KBS
2025-09-24 07:00:00,55738.0,56786.0,54785.0,56786.0,794900,KBS
2025-09-25 07:00:00,56977.0,57930.0,56977.0,57644.0,1348200,KBS
2025-09-26 07:00:00,57739.0,58978.0,57167.0,57167.0,1111200,KBS
2025-09-29 07:00:00,57167.0,57167.0,54500.0,56119.0,1091400,KBS
2025-09-30 07:00:00,55833.0,56024.0,53547.0,54404.0,982200,KBS
2025-10-01 07:00:00,53833.0,55262.0,53833.0,54309.0,413000,KBS
2025-10-02 07:00:00,54976.0,54976.0,52880.0,53166.0,555900,KBS
2025-10-03 07:00:00,52785.0,53070.0,50593.0,50593.0,1065700,KBS
2025-10-06 07:00:00,50974.0,53928.0,50974.0,52403.0,835100,KBS
2025-10-07 07:00:00,52880.0,53166.0,51546.0,51546.0,416900,KBS
2025-10-08 07:00:00,52403.0,52403.0,50117.0,50403.0,1587500,KBS
2025-10-09 07:00:00,50498.0,51070.0,49736.0,51070.0,1817400,KBS
2025-10-10 07:00:00,51451.0,52213.0,50974.0,51355.0,1088100,KBS
2025-10-13 07:00:00,50688.0,52213.0,50688.0,51355.0,1123800,KBS
2025-10-14 07:00:00,52118.0,52785.0,51070.0,51070.0,2099700,KBS
2025-10-15 07:00:00,51070.0,52022.0,49545.0,49545.0,2687800,KBS
2025-10-16 07:00:00,49640.0,50498.0,49355.0,50212.0,1311100,KBS
2025-10-17 07:00:00,49831.0,50212.0,47544.0,47640.0,3050900,KBS
2025-10-20 07:00:00,47830.0,48021.0,44305.0,44305.0,2781000,KBS
2025-10-21 07:00:00,43781.0,44257.0,42399.0,42971.0,1952300,KBS
2025-10-22 07:00:00,43590.0,44257.0,42399.0,44257.0,1027600,KBS
2025-10-23 07:00:00,44733.0,44781.0,43781.0,43781.0,473100,KBS
2025-10-24 07:00:00,43828.0,44686.0,43066.0,44305.0,681400,KBS
2025-10-27 07:00:00,45400.0,45972.0,44352.0,44543.0,1071200,KBS
2025-10-28 07:00:00,44686.0,45067.0,43638.0,45067.0,780900,KBS
2025-10-29 07:00:00,45448.0,46306.0,45019.0,45829.0,1254300,KBS
2025-10-30 07:00:00,46020.0,46401.0,44829.0,45115.0,1222600,KBS
2025-10-31 07:00:00,45258.0,45543.0,44829.0,44972.0,493300,KBS
2025-11-03 07:00:00,44972.0,46020.0,44543.0,44543.0,1178400,KBS
2025-11-04 07:00:00,44543.0,45686.0,42876.0,45686.0,1158500,KBS
2025-11-05 07:00:00,45305.0,45305.0,44495.0,44686.0,734700,KBS
2025-11-06 07:00:00,45448.0,47068.0,45258.0,45734.0,1629700,KBS
2025-11-07 07:00:00,45829.0,45829.0,44209.0,44400.0,1285000,KBS
2025-11-10 07:00:00,44400.0,44495.0,43685.0,44400.0,849800,KBS
2025-11-11 07:00:00,45000.0,45000.0,43100.0,43450.0,887500,KBS
2025-11-12 07:00:00,44000.0,44700.0,43400.0,44700.0,875600,KBS
2025-11-13 07:00:00,44500.0,47350.0,44500.0,46600.0,2512800,KBS
2025-11-14 07:00:00,46600.0,47100.0,45750.0,46550.0,1154000,KBS
2025-11-17 07:00:00,46600.0,47200.0,46500.0,47000.0,1108600,KBS
2025-11-18 07:00:00,47150.0,47200.0,46300.0,46800.0,936700,KBS
2025-11-19 07:00:00,47000.0,47000.0,45600.0,45850.0,1204300,KBS
2025-11-20 07:00:00,46100.0,46100.0,44900.0,45400.0,626400,KBS
2025-11-21 07:00:00,45400.0,45800.0,44750.0,45050.0,698800,KBS
2025-11-24 07:00:00,45500.0,45550.0,44900.0,45200.0,344500,KBS
2025-11-25 07:00:00,45400.0,46000.0,42050.0,43500.0,1445800,KBS
2025-11-26 07:00:00,44500.0,45900.0,44000.0,45750.0,885800,KBS
2025-11-27 07:00:00,46100.0,46200.0,44800.0,44800.0,767200,KBS
2025-11-28 07:00:00,44800.0,45200.0,43750.0,44000.0,606400,KBS
2025-12-01 07:00:00,44200.0,44200.0,43750.0,43800.0,453100,KBS
2025-12-02 07:00:00,43900.0,43900.0,42600.0,43300.0,644700,KBS
2025-12-03 07:00:00,44000.0,44250.0,43400.0,44150.0,572500,KBS
2025-12-04 07:00:00,44500.0,44650.0,44150.0,44300.0,499700,KBS
2025-12-05 07:00:00,44600.0,45000.0,44100.0,44100.0,559900,KBS
2025-12-08 07:00:00,44350.0,44500.0,43000.0,43250.0,877100,KBS
2025-12-09 07:00:00,42800.0,43350.0,41950.0,42750.0,1317500,KBS
2025-12-10 07:00:00,43000.0,43200.0,42350.0,42550.0,343900,KBS
2025-12-11 07:00:00,42500.0,43150.0,42100.0,42200.0,385700,KBS
2025-12-12 07:00:00,42200.0,42450.0,39250.0,40600.0,976600,KBS
2025-12-15 07:00:00,40650.0,41250.0,40000.0,40100.0,498700,KBS
2025-12-16 07:00:00,41000.0,41650.0,40000.0,41600.0,510000,KBS
2025-12-17 07:00:00,41700.0,41950.0,41150.0,41350.0,394400,KBS
2025-12-18 07:00:00,41350.0,41350.0,41000.0,41150.0,131600,KBS
2025-12-19 07:00:00,41600.0,41600.0,40500.0,40500.0,398200,KBS
2025-12-22 07:00:00,41150.0,41800.0,40750.0,41550.0,485700,KBS
2025-12-23 07:00:00,41550.0,42300.0,41100.0,41450.0,794100,KBS
2025-12-24 07:00:00,41450.0,42000.0,41000.0,41200.0,538700,KBS
2025-12-25 07:00:00,41650.0,42100.0,41150.0,41150.0,949500,KBS
2025-12-26 07:00:00,41150.0,41200.0,40150.0,40850.0,720200,KBS
2025-12-29 07:00:00,40950.0,41300.0,40700.0,41300.0,403300,KBS
2025-12-30 07:00:00,41350.0,41700.0,40900.0,41300.0,555300,KBS
2025-12-31 07:00:00,41500.0,42600.0,41500.0,41850.0,991900,KBS
2026-01-05 07:00:00,41900.0,42100.0,40600.0,41500.0,725800,KBS
2026-01-06 07:00:00,41150.0,42650.0,41000.0,42000.0,972500,KBS
2026-01-07 07:00:00,42000.0,44500.0,41900.0,44000.0,1609400,KBS
2026-01-08 07:00:00,44400.0,44600.0,43000.0,43500.0,1639300,KBS
2026-01-09 07:00:00,43700.0,46200.0,43350.0,44800.0,2142400,KBS
2026-01-12 07:00:00,45900.0,46650.0,45350.0,45600.0,1631500,KBS
2026-01-13 07:00:00,46050.0,47800.0,45100.0,46500.0,2071600,KBS
2026-01-14 07:00:00,47000.0,49550.0,46500.0,48600.0,2880900,KBS
2026-01-15 07:00:00,49300.0,49800.0,48000.0,48900.0,1974800,KBS
2026-01-16 07:00:00,48900.0,49200.0,47600.0,48000.0,1536400,KBS
2026-01-19 07:00:00,48250.0,50500.0,48250.0,49950.0,2020300,KBS
2026-01-20 07:00:00,50200.0,50200.0,48750.0,48750.0,1048300,KBS
2026-01-21 07:00:00,48200.0,48900.0,47200.0,47200.0,1423700,KBS
2026-01-22 07:00:00,47200.0,48300.0,47200.0,47700.0,1001400,KBS
2026-01-23 07:00:00,47800.0,49300.0,46800.0,48300.0,1090300,KBS
2026-01-26 07:00:00,48500.0,48900.0,44950.0,46100.0,1620700,KBS
2026-01-27 07:00:00,45000.0,45950.0,44950.0,45000.0,1013200,KBS
2026-01-28 07:00:00,46000.0,46800.0,45500.0,46100.0,605600,KBS
2026-01-29 07:00:00,46100.0,46900.0,46000.0,46900.0,724800,KBS
2026-01-30 07:00:00,47050.0,50100.0,47050.0,50100.0,4140800,KBS
2026-02-02 07:00:00,52000.0,52500.0,51000.0,52500.0,2589000,KBS
2026-02-03 07:00:00,52800.0,56100.0,52400.0,56100.0,4575100,KBS
2026-02-04 07:00:00,56500.0,58600.0,56000.0,57900.0,2883800,KBS
2026-02-05 07:00:00,56600.0,58100.0,56100.0,56900.0,2469200,KBS
2026-02-06 07:00:00,55500.0,56500.0,53000.0,53000.0,3573500,KBS
2026-02-09 07:00:00,53000.0,53000.0,50000.0,50000.0,1930600,KBS
2026-02-10 07:00:00,51000.0,51200.0,46750.0,48200.0,3193600,KBS
2026-02-11 07:00:00,48000.0,49250.0,47600.0,48200.0,1628300,KBS
2026-02-12 07:00:00,49000.0,49300.0,48300.0,48350.0,858300,KBS
2026-02-13 07:00:00,48350.0,50800.0,48300.0,50300.0,1494900,KBS
2026-02-23 07:00:00,51500.0,52400.0,50800.0,51800.0,1476700,KBS
2026-02-24 07:00:00,51800.0,51800.0,50800.0,50900.0,1705300,KBS
2026-02-25 07:00:00,51100.0,53800.0,51100.0,52300.0,2097500,KBS
2026-02-26 07:00:00,52400.0,52400.0,51000.0,51700.0,984800,KBS
2026-02-27 07:00:00,51700.0,52700.0,50900.0,51200.0,1288000,KBS
2026-03-02 07:00:00,48100.0,54000.0,48100.0,52000.0,3049300,KBS
2026-03-03 07:00:00,51600.0,52400.0,49400.0,49850.0,1437100,KBS
2026-03-04 07:00:00,48300.0,49850.0,46500.0,47050.0,2323900,KBS
2026-03-05 07:00:00,48000.0,48950.0,47300.0,47300.0,985400,KBS
2026-03-06 07:00:00,47350.0,47500.0,46000.0,46000.0,1136300,KBS
2026-03-09 07:00:00,42800.0,43000.0,42800.0,42800.0,670400,KBS
2026-03-10 07:00:00,42800.0,44450.0,42800.0,43300.0,1644600,KBS
2026-03-11 07:00:00,43500.0,45950.0,43400.0,45900.0,706000,KBS
2026-03-12 07:00:00,46000.0,46700.0,45050.0,45800.0,863000,KBS
2026-03-13 07:00:00,44650.0,46400.0,44100.0,45700.0,707600,KBS
2026-03-16 07:00:00,45100.0,46350.0,45100.0,45900.0,465300,KBS
2026-03-17 07:00:00,46000.0,47200.0,46000.0,46650.0,371000,KBS
2026-03-18 07:00:00,46700.0,47350.0,43400.0,46550.0,579800,KBS
2026-03-19 07:00:00,45500.0,46600.0,45050.0,45900.0,767800,KBS
2026-03-20 07:00:00,45800.0,46600.0,44000.0,44000.0,1204900,KBS
2026-03-23 07:00:00,44000.0,45000.0,42000.0,42050.0,1194000,KBS
2026-03-24 07:00:00,43400.0,43800.0,42800.0,43050.0,1101800,KBS
2026-03-25 07:00:00,43900.0,45800.0,43900.0,45500.0,924800,KBS
2026-03-26 07:00:00,45150.0,45800.0,44700.0,44700.0,711600,KBS
2026-03-27 07:00:00,44700.0,46000.0,44650.0,45600.0,919200,KBS
2026-03-30 07:00:00,44550.0,45200.0,43950.0,44800.0,969200,KBS
2026-03-31 07:00:00,45200.0,46900.0,45000.0,46900.0,1290300,KBS
2026-04-01 07:00:00,47000.0,47350.0,46200.0,46700.0,842600,KBS
2026-04-02 07:00:00,46250.0,46250.0,45200.0,45450.0,610300,KBS
2026-04-03 07:00:00,45600.0,46450.0,44850.0,44850.0,526400,KBS
2026-04-06 07:00:00,44850.0,44950.0,43800.0,43900.0,664900,KBS
2026-04-07 07:00:00,44050.0,44600.0,43350.0,44500.0,407100,KBS
2026-04-08 07:00:00,45550.0,46550.0,44700.0,45900.0,1568000,KBS
2026-04-09 07:00:00,45900.0,46900.0,45050.0,46000.0,1258200,KBS
2026-04-10 07:00:00,46600.0,47150.0,46100.0,46500.0,1119000,KBS
2026-04-13 07:00:00,46400.0,47350.0,45800.0,47200.0,1256600,KBS
2026-04-14 07:00:00,48000.0,48000.0,46850.0,47150.0,985200,KBS
2026-04-15 07:00:00,47150.0,48000.0,46200.0,46200.0,1102200,KBS
2026-04-16 07:00:00,46250.0,47200.0,46000.0,46200.0,670100,KBS
2026-04-17 07:00:00,46300.0,47200.0,46000.0,46000.0,662300,KBS
2026-04-20 07:00:00,46000.0,46700.0,45800.0,46250.0,409900,KBS
2026-04-21 07:00:00,46300.0,46650.0,43050.0,44300.0,1352000,KBS
2026-04-22 07:00:00,44400.0,44900.0,44050.0,44350.0,426300,KBS
2026-04-23 07:00:00,44300.0,44600.0,43150.0,43850.0,1077800,KBS
2026-04-24 07:00:00,43500.0,44300.0,43400.0,43850.0,316300,KBS
2026-04-28 07:00:00,43800.0,44300.0,43000.0,43000.0,335900,KBS
2026-04-29 07:00:00,42800.0,43000.0,42200.0,42600.0,771400,KBS
2026-05-04 07:00:00,42800.0,43800.0,42800.0,43000.0,636300,KBS
2026-05-05 07:00:00,42800.0,43500.0,42750.0,42950.0,236700,KBS
2026-05-06 07:00:00,42950.0,44050.0,42800.0,43500.0,643600,KBS
2026-05-07 07:00:00,43800.0,45700.0,43750.0,43850.0,1231700,KBS
2026-05-08 07:00:00,44000.0,45000.0,43600.0,44300.0,879800,KBS
2026-05-11 07:00:00,44500.0,45600.0,44500.0,45100.0,1486200,KBS
2026-05-12 07:00:00,45100.0,45100.0,43900.0,44200.0,942700,KBS
2026-05-13 07:00:00,44500.0,44500.0,43000.0,43450.0,1301000,KBS
2026-05-14 07:00:00,43500.0,44200.0,43350.0,44000.0,824900,KBS
2026-05-15 07:00:00,44000.0,44800.0,43800.0,43900.0,934000,KBS
2026-05-18 07:00:00,43850.0,43950.0,43200.0,43800.0,678600,KBS
2026-05-19 07:00:00,43750.0,44500.0,43750.0,44100.0,741800,KBS
2026-05-20 07:00:00,44100.0,44200.0,42250.0,43700.0,687300,KBS
2026-05-21 07:00:00,43750.0,44000.0,43100.0,43600.0,349500,KBS
2026-05-22 07:00:00,43750.0,43750.0,42650.0,43000.0,763900,KBS
2026-05-25 07:00:00,43050.0,43750.0,42850.0,43150.0,283900,KBS
2026-05-26 07:00:00,43150.0,43450.0,43000.0,43300.0,247900,KBS
2026-05-27 07:00:00,43400.0,43800.0,43100.0,43300.0,370200,KBS
2026-05-28 07:00:00,43350.0,43400.0,42750.0,42750.0,753900,KBS
2026-05-29 07:00:00,42750.0,43000.0,42300.0,42300.0,521800,KBS
2026-06-01 07:00:00,42700.0,43550.0,42600.0,42800.0,300400,KBS
2026-06-02 07:00:00,43250.0,43250.0,42100.0,42100.0,367500,KBS
2026-06-03 07:00:00,42150.0,42650.0,41800.0,42250.0,389200,KBS
2026-06-04 07:00:00,42000.0,42600.0,41900.0,42200.0,289900,KBS
2026-06-05 07:00:00,42200.0,42500.0,41500.0,41500.0,477400,KBS
