date,open,high,low,close,volume,_source
2020-01-02 07:00:00,26474.0,27160.0,26474.0,26680.0,29770,KBS
2020-01-03 07:00:00,26680.0,26886.0,26234.0,26269.0,112260,KBS
2020-01-06 07:00:00,26406.0,26817.0,26029.0,26749.0,128300,KBS
2020-01-07 07:00:00,26749.0,27983.0,26749.0,27846.0,238070,KBS
2020-01-08 07:00:00,27846.0,28601.0,27572.0,27743.0,268520,KBS
2020-01-09 07:00:00,28121.0,28669.0,27709.0,27778.0,56580,KBS
2020-01-10 07:00:00,27778.0,28121.0,27503.0,27915.0,82840,KBS
2020-01-13 07:00:00,28121.0,28121.0,27229.0,27435.0,82480,KBS
2020-01-14 07:00:00,27263.0,27640.0,26749.0,27435.0,155550,KBS
2020-01-15 07:00:00,27092.0,27572.0,26749.0,27229.0,79180,KBS
2020-01-16 07:00:00,27229.0,27229.0,26474.0,26817.0,81090,KBS
2020-01-17 07:00:00,27092.0,27092.0,26337.0,26406.0,78530,KBS
2020-01-20 07:00:00,26680.0,26680.0,26337.0,26680.0,38430,KBS
2020-01-21 07:00:00,26680.0,26680.0,26166.0,26406.0,321870,KBS
2020-01-22 07:00:00,26749.0,27297.0,26337.0,27160.0,96220,KBS
2020-01-30 07:00:00,26337.0,27092.0,25377.0,25720.0,177660,KBS
2020-01-31 07:00:00,25240.0,25720.0,23937.0,23937.0,217960,KBS
2020-02-03 07:00:00,23319.0,23319.0,22291.0,22291.0,253500,KBS
2020-02-04 07:00:00,22291.0,22291.0,21193.0,21262.0,165040,KBS
2020-02-05 07:00:00,21913.0,22359.0,21536.0,22291.0,122720,KBS
2020-02-06 07:00:00,23457.0,23457.0,22291.0,23457.0,136820,KBS
2020-02-07 07:00:00,23319.0,24211.0,23319.0,23662.0,93120,KBS
2020-02-10 07:00:00,22977.0,23457.0,22634.0,23045.0,53490,KBS
2020-02-11 07:00:00,22736.0,23045.0,22016.0,22291.0,162320,KBS
2020-02-12 07:00:00,22291.0,23834.0,22291.0,23834.0,330090,KBS
2020-02-13 07:00:00,25377.0,25411.0,24588.0,24691.0,174520,KBS
2020-02-14 07:00:00,24554.0,24554.0,24005.0,24005.0,104090,KBS
2020-02-17 07:00:00,24005.0,24005.0,23114.0,23114.0,102360,KBS
2020-02-18 07:00:00,23319.0,24005.0,23217.0,23765.0,138480,KBS
2020-02-19 07:00:00,23765.0,24005.0,23594.0,23628.0,98080,KBS
2020-02-20 07:00:00,23731.0,23834.0,23319.0,23628.0,204710,KBS
2020-02-21 07:00:00,23628.0,24348.0,23628.0,24142.0,270810,KBS
2020-02-24 07:00:00,22771.0,23868.0,22462.0,22462.0,402660,KBS
2020-02-25 07:00:00,21948.0,22359.0,21605.0,22153.0,262590,KBS
2020-02-26 07:00:00,22085.0,22153.0,21605.0,21948.0,147940,KBS
2020-02-27 07:00:00,21879.0,22016.0,21468.0,21570.0,173870,KBS
2020-02-28 07:00:00,21262.0,21570.0,21125.0,21262.0,151160,KBS
2020-03-02 07:00:00,20919.0,22496.0,20919.0,22256.0,195560,KBS
2020-03-03 07:00:00,22256.0,23114.0,22256.0,22977.0,219190,KBS
2020-03-04 07:00:00,22977.0,23045.0,22085.0,22222.0,155530,KBS
2020-03-05 07:00:00,22496.0,22634.0,21982.0,21982.0,163510,KBS
2020-03-06 07:00:00,21982.0,22085.0,21845.0,21982.0,187990,KBS
2020-03-09 07:00:00,20576.0,21536.0,20473.0,20473.0,404540,KBS
2020-03-10 07:00:00,19787.0,20473.0,19307.0,19890.0,247410,KBS
2020-03-11 07:00:00,19890.0,20507.0,18553.0,18553.0,390690,KBS
2020-03-12 07:00:00,17833.0,17901.0,17284.0,17284.0,707300,KBS
2020-03-13 07:00:00,16118.0,17147.0,16084.0,16118.0,1269520,KBS
2020-03-16 07:00:00,15775.0,17009.0,15775.0,16838.0,389170,KBS
2020-03-17 07:00:00,16461.0,17215.0,16324.0,16632.0,472540,KBS
2020-03-18 07:00:00,17009.0,17147.0,16632.0,16941.0,163410,KBS
2020-03-19 07:00:00,16667.0,16941.0,16495.0,16495.0,268060,KBS
2020-03-20 07:00:00,16529.0,16804.0,16392.0,16495.0,278090,KBS
2020-03-23 07:00:00,16255.0,16255.0,15363.0,15363.0,574660,KBS
2020-03-24 07:00:00,15226.0,15775.0,14472.0,14472.0,358440,KBS
2020-03-25 07:00:00,15089.0,15192.0,14815.0,15089.0,175300,KBS
2020-03-26 07:00:00,15432.0,16118.0,15226.0,15775.0,576090,KBS
2020-03-27 07:00:00,15775.0,16049.0,15158.0,15295.0,240850,KBS
2020-03-30 07:00:00,14678.0,15020.0,14335.0,14472.0,274900,KBS
2020-03-31 07:00:00,14952.0,14952.0,13786.0,14060.0,568570,KBS
2020-04-01 07:00:00,14060.0,14849.0,13786.0,14609.0,137990,KBS
2020-04-03 07:00:00,14609.0,15398.0,14437.0,15089.0,454140,KBS
2020-04-06 07:00:00,15775.0,16118.0,15432.0,16118.0,739770,KBS
2020-04-07 07:00:00,17147.0,17215.0,16392.0,17215.0,783940,KBS
2020-04-08 07:00:00,17215.0,18416.0,16667.0,18313.0,999630,KBS
2020-04-09 07:00:00,18313.0,18861.0,18175.0,18381.0,590630,KBS
2020-04-10 07:00:00,17970.0,18244.0,17421.0,17798.0,643390,KBS
2020-04-13 07:00:00,17421.0,17798.0,17421.0,17627.0,422200,KBS
2020-04-14 07:00:00,17627.0,18724.0,17627.0,18724.0,470870,KBS
2020-04-15 07:00:00,19204.0,19410.0,18724.0,19204.0,582510,KBS
2020-04-16 07:00:00,19136.0,20096.0,18381.0,20027.0,488650,KBS
2020-04-17 07:00:00,20439.0,21193.0,19684.0,19684.0,1063860,KBS
2020-04-20 07:00:00,19581.0,20336.0,19581.0,19890.0,564300,KBS
2020-04-21 07:00:00,19547.0,19616.0,18861.0,18861.0,535910,KBS
2020-04-22 07:00:00,18518.0,18998.0,18038.0,18930.0,367180,KBS
2020-04-23 07:00:00,19273.0,19547.0,18861.0,18930.0,250050,KBS
2020-04-24 07:00:00,19204.0,19204.0,18175.0,18690.0,283750,KBS
2020-04-27 07:00:00,19341.0,19993.0,18998.0,19993.0,871950,KBS
2020-04-28 07:00:00,20576.0,20782.0,19890.0,20302.0,541560,KBS
2020-04-29 07:00:00,20370.0,20919.0,20302.0,20370.0,345800,KBS
2020-05-04 07:00:00,19616.0,20919.0,19616.0,20199.0,616970,KBS
2020-05-05 07:00:00,20233.0,20576.0,20062.0,20164.0,243940,KBS
2020-05-06 07:00:00,20164.0,20782.0,20164.0,20576.0,645170,KBS
2020-05-07 07:00:00,21090.0,22016.0,20850.0,22016.0,1023070,KBS
2020-05-08 07:00:00,22634.0,22908.0,22016.0,22016.0,762960,KBS
2020-05-11 07:00:00,22394.0,22908.0,21673.0,22394.0,695020,KBS
2020-05-12 07:00:00,22428.0,23285.0,21948.0,22839.0,853830,KBS
2020-05-13 07:00:00,22874.0,22908.0,22291.0,22359.0,880250,KBS
2020-05-14 07:00:00,22085.0,22634.0,21811.0,21948.0,692030,KBS
2020-05-15 07:00:00,21948.0,22428.0,21913.0,22119.0,640680,KBS
2020-05-18 07:00:00,22291.0,22325.0,21742.0,22119.0,483000,KBS
2020-05-19 07:00:00,22428.0,22736.0,22325.0,22634.0,800950,KBS
2020-05-20 07:00:00,22634.0,23422.0,22531.0,23388.0,1028970,KBS
2020-05-21 07:00:00,23457.0,23525.0,23045.0,23114.0,624120,KBS
2020-05-22 07:00:00,23182.0,23662.0,23079.0,23182.0,601750,KBS
2020-05-25 07:00:00,23319.0,24348.0,23182.0,24005.0,1014470,KBS
2020-05-26 07:00:00,24005.0,24451.0,23971.0,24177.0,521170,KBS
2020-05-27 07:00:00,24211.0,24280.0,23182.0,23251.0,923000,KBS
2020-05-28 07:00:00,23251.0,23525.0,23011.0,23251.0,711040,KBS
2020-05-29 07:00:00,23182.0,23319.0,22977.0,23045.0,380570,KBS
2020-06-01 07:00:00,23045.0,23457.0,23045.0,23285.0,515590,KBS
2020-06-02 07:00:00,23388.0,23457.0,23148.0,23251.0,582740,KBS
2020-06-03 07:00:00,23251.0,23937.0,23182.0,23594.0,467220,KBS
2020-06-04 07:00:00,23594.0,24245.0,23594.0,23937.0,790220,KBS
2020-06-05 07:00:00,24005.0,25583.0,23800.0,25514.0,1852290,KBS
2020-06-08 07:00:00,26063.0,27297.0,25926.0,27263.0,1458640,KBS
2020-06-09 07:00:00,27949.0,27949.0,26955.0,27126.0,847390,KBS
2020-06-10 07:00:00,26543.0,26886.0,25891.0,26303.0,1095310,KBS
2020-06-11 07:00:00,25994.0,26474.0,24828.0,24828.0,1312470,KBS
2020-06-12 07:00:00,23285.0,24760.0,23285.0,24485.0,816720,KBS
2020-06-15 07:00:00,24348.0,24451.0,23285.0,23285.0,784760,KBS
2020-06-16 07:00:00,24005.0,24897.0,23662.0,24897.0,448080,KBS
2020-06-17 07:00:00,25857.0,25857.0,24691.0,25171.0,282930,KBS
2020-06-18 07:00:00,24828.0,25651.0,24485.0,25617.0,342060,KBS
2020-06-19 07:00:00,25789.0,26749.0,25789.0,26234.0,749890,KBS
2020-06-22 07:00:00,26406.0,26680.0,26029.0,26200.0,440810,KBS
2020-06-23 07:00:00,26063.0,26063.0,25514.0,25926.0,412990,KBS
2020-06-24 07:00:00,25789.0,25926.0,25240.0,25308.0,263110,KBS
2020-06-25 07:00:00,24760.0,25720.0,24383.0,25720.0,290150,KBS
2020-06-26 07:00:00,25994.0,26063.0,25034.0,25206.0,202670,KBS
2020-06-29 07:00:00,24691.0,25034.0,23800.0,24142.0,570400,KBS
2020-06-30 07:00:00,24280.0,24623.0,22977.0,24074.0,626520,KBS
2020-07-01 07:00:00,24005.0,24897.0,23662.0,24348.0,399580,KBS
2020-07-02 07:00:00,24691.0,25274.0,24074.0,25034.0,332210,KBS
2020-07-03 07:00:00,25377.0,25514.0,24828.0,24828.0,316900,KBS
2020-07-06 07:00:00,24897.0,25240.0,24691.0,25034.0,226990,KBS
2020-07-07 07:00:00,25034.0,25206.0,24725.0,24725.0,338300,KBS
2020-07-08 07:00:00,24588.0,24966.0,24588.0,24725.0,245050,KBS
2020-07-09 07:00:00,24863.0,26269.0,24863.0,26269.0,1444800,KBS
2020-07-10 07:00:00,26063.0,26372.0,25789.0,26063.0,436690,KBS
2020-07-13 07:00:00,26337.0,26337.0,25789.0,25857.0,452430,KBS
2020-07-14 07:00:00,25617.0,26406.0,25583.0,26200.0,761480,KBS
2020-07-15 07:00:00,26406.0,27092.0,26269.0,26852.0,974220,KBS
2020-07-16 07:00:00,26955.0,26955.0,26406.0,26474.0,398420,KBS
2020-07-17 07:00:00,26474.0,26886.0,26474.0,26714.0,409250,KBS
2020-07-20 07:00:00,26714.0,27023.0,26131.0,26131.0,584510,KBS
2020-07-21 07:00:00,26337.0,26406.0,25720.0,25926.0,365410,KBS
2020-07-22 07:00:00,26029.0,26063.0,25514.0,25651.0,382430,KBS
2020-07-23 07:00:00,25789.0,26406.0,25651.0,26166.0,652380,KBS
2020-07-24 07:00:00,26063.0,26166.0,24348.0,24520.0,1150140,KBS
2020-07-27 07:00:00,23388.0,24417.0,22805.0,22805.0,852230,KBS
2020-07-28 07:00:00,22839.0,24383.0,22839.0,24280.0,606570,KBS
2020-07-29 07:00:00,23319.0,23902.0,22599.0,23800.0,655330,KBS
2020-07-30 07:00:00,23800.0,24040.0,23662.0,23868.0,217430,KBS
2020-07-31 07:00:00,23011.0,23902.0,23011.0,23388.0,357430,KBS
2020-08-03 07:00:00,23319.0,24005.0,23251.0,23525.0,406190,KBS
2020-08-04 07:00:00,23662.0,24485.0,23594.0,24383.0,715660,KBS
2020-08-05 07:00:00,24485.0,24966.0,24417.0,24520.0,298380,KBS
2020-08-06 07:00:00,24348.0,24828.0,24142.0,24520.0,382090,KBS
2020-08-07 07:00:00,24623.0,25274.0,24554.0,25171.0,701010,KBS
2020-08-10 07:00:00,25377.0,25583.0,25171.0,25308.0,497720,KBS
2020-08-11 07:00:00,25206.0,25343.0,24966.0,25308.0,253740,KBS
2020-08-12 07:00:00,25240.0,25308.0,24966.0,25103.0,421590,KBS
2020-08-13 07:00:00,25103.0,25617.0,25103.0,25549.0,420890,KBS
2020-08-14 07:00:00,25549.0,25617.0,25103.0,25240.0,581920,KBS
2020-08-17 07:00:00,24966.0,25274.0,24863.0,25206.0,223770,KBS
2020-08-18 07:00:00,25034.0,25583.0,25034.0,25377.0,432890,KBS
2020-08-19 07:00:00,25514.0,25789.0,25377.0,25583.0,242370,KBS
2020-08-20 07:00:00,25583.0,25720.0,25343.0,25583.0,385200,KBS
2020-08-21 07:00:00,25754.0,26543.0,25686.0,26543.0,1503450,KBS
2020-08-24 07:00:00,26749.0,26749.0,26440.0,26474.0,502600,KBS
2020-08-25 07:00:00,26680.0,27126.0,26612.0,26783.0,815400,KBS
2020-08-26 07:00:00,26749.0,27023.0,26474.0,26680.0,681320,KBS
2020-08-27 07:00:00,26680.0,27023.0,26680.0,26920.0,275210,KBS
2020-08-28 07:00:00,26955.0,27400.0,26474.0,26543.0,611180,KBS
2020-08-31 07:00:00,26543.0,26612.0,26063.0,26131.0,649980,KBS
2020-09-01 07:00:00,26097.0,26646.0,25994.0,26543.0,330470,KBS
2020-09-03 07:00:00,26749.0,27023.0,26680.0,26817.0,995720,KBS
2020-09-04 07:00:00,26440.0,28052.0,26440.0,27949.0,1586460,KBS
2020-09-07 07:00:00,28121.0,29218.0,27983.0,28121.0,1065380,KBS
2020-09-08 07:00:00,28121.0,28463.0,27778.0,28326.0,430700,KBS
2020-09-09 07:00:00,28052.0,28258.0,27778.0,28258.0,494250,KBS
2020-09-10 07:00:00,28532.0,28669.0,27915.0,27915.0,587880,KBS
2020-09-11 07:00:00,27778.0,28258.0,27538.0,28189.0,751890,KBS
2020-09-14 07:00:00,28361.0,28875.0,28155.0,28703.0,732620,KBS
2020-09-15 07:00:00,28703.0,28944.0,28532.0,28601.0,651890,KBS
2020-09-16 07:00:00,28395.0,28601.0,28361.0,28429.0,307390,KBS
2020-09-17 07:00:00,28429.0,28601.0,27983.0,28292.0,410130,KBS
2020-09-18 07:00:00,28018.0,29115.0,28018.0,29012.0,816310,KBS
2020-09-21 07:00:00,29081.0,29321.0,28978.0,29081.0,730820,KBS
2020-09-22 07:00:00,29012.0,29629.0,28498.0,29458.0,702100,KBS
2020-09-23 07:00:00,29492.0,29767.0,29355.0,29492.0,611660,KBS
2020-09-24 07:00:00,29492.0,29698.0,29046.0,29355.0,873350,KBS
2020-09-25 07:00:00,30041.0,30418.0,29629.0,29938.0,1188740,KBS
2020-09-28 07:00:00,30281.0,30281.0,29972.0,30041.0,485060,KBS
2020-09-29 07:00:00,30041.0,30384.0,30041.0,30041.0,497080,KBS
2020-09-30 07:00:00,30075.0,30212.0,29492.0,30041.0,503990,KBS
2020-10-01 07:00:00,30212.0,30521.0,30110.0,30178.0,563390,KBS
2020-10-02 07:00:00,30178.0,30452.0,29629.0,30007.0,398110,KBS
2020-10-05 07:00:00,30007.0,30384.0,30007.0,30281.0,282770,KBS
2020-10-06 07:00:00,30384.0,31275.0,30384.0,30967.0,649350,KBS
2020-10-07 07:00:00,30727.0,31310.0,30658.0,30898.0,477370,KBS
2020-10-08 07:00:00,30934.0,31221.0,30216.0,30719.0,339100,KBS
2020-10-09 07:00:00,30575.0,30647.0,29822.0,29858.0,543750,KBS
2020-10-12 07:00:00,29858.0,30216.0,29427.0,29929.0,590930,KBS
2020-10-13 07:00:00,30073.0,30432.0,29714.0,30432.0,385250,KBS
2020-10-14 07:00:00,30575.0,30683.0,30504.0,30504.0,281120,KBS
2020-10-15 07:00:00,30288.0,30575.0,30001.0,30575.0,364100,KBS
2020-10-16 07:00:00,30719.0,31078.0,30360.0,31078.0,565900,KBS
2020-10-19 07:00:00,31149.0,31149.0,30791.0,30862.0,503420,KBS
2020-10-20 07:00:00,30360.0,30827.0,30145.0,30647.0,256090,KBS
2020-10-21 07:00:00,30288.0,30647.0,29750.0,30073.0,705230,KBS
2020-10-22 07:00:00,30001.0,30001.0,28709.0,28925.0,964220,KBS
2020-10-23 07:00:00,28781.0,29858.0,28781.0,29786.0,612590,KBS
2020-10-26 07:00:00,29786.0,30719.0,29678.0,30181.0,362830,KBS
2020-10-27 07:00:00,30001.0,30181.0,29714.0,29965.0,262300,KBS
2020-10-28 07:00:00,29427.0,29929.0,29283.0,29499.0,374160,KBS
2020-10-29 07:00:00,29427.0,29499.0,28925.0,29355.0,372560,KBS
2020-10-30 07:00:00,29786.0,29786.0,29319.0,29355.0,202710,KBS
2020-11-02 07:00:00,29427.0,29965.0,29355.0,29786.0,109580,KBS
2020-11-03 07:00:00,29786.0,30109.0,29678.0,30001.0,217940,KBS
2020-11-04 07:00:00,30252.0,30575.0,30073.0,30575.0,240330,KBS
2020-11-05 07:00:00,30791.0,30791.0,30575.0,30683.0,344520,KBS
2020-11-06 07:00:00,30683.0,30683.0,30109.0,30216.0,162350,KBS
2020-11-09 07:00:00,30719.0,31580.0,30432.0,31580.0,1328890,KBS
2020-11-10 07:00:00,31939.0,32154.0,31221.0,31293.0,453300,KBS
2020-11-11 07:00:00,31437.0,31795.0,31257.0,31437.0,351320,KBS
2020-11-12 07:00:00,31437.0,32621.0,31257.0,32621.0,1249450,KBS
2020-11-13 07:00:00,32621.0,33087.0,32406.0,32657.0,669030,KBS
2020-11-16 07:00:00,32657.0,32836.0,31867.0,31939.0,574310,KBS
2020-11-17 07:00:00,32226.0,32549.0,31939.0,32513.0,309530,KBS
2020-11-18 07:00:00,32800.0,32800.0,31580.0,32406.0,305660,KBS
2020-11-19 07:00:00,32728.0,33016.0,31903.0,33016.0,869850,KBS
2020-11-20 07:00:00,33016.0,33016.0,32477.0,32477.0,271010,KBS
2020-11-23 07:00:00,32477.0,32585.0,32154.0,32262.0,732490,KBS
2020-11-24 07:00:00,32298.0,33733.0,32298.0,32728.0,1104890,KBS
2020-11-25 07:00:00,32944.0,32944.0,32549.0,32549.0,510290,KBS
2020-11-26 07:00:00,32549.0,32549.0,32226.0,32334.0,625600,KBS
2020-11-27 07:00:00,32370.0,32728.0,32262.0,32334.0,829660,KBS
2020-11-30 07:00:00,32370.0,32370.0,31221.0,31724.0,732820,KBS
2020-12-01 07:00:00,31580.0,32334.0,31580.0,31903.0,635380,KBS
2020-12-02 07:00:00,32083.0,32298.0,31580.0,31903.0,977630,KBS
2020-12-03 07:00:00,32190.0,32190.0,31580.0,31903.0,821760,KBS
2020-12-04 07:00:00,31939.0,32477.0,31508.0,31580.0,955990,KBS
2020-12-07 07:00:00,31580.0,32011.0,31580.0,31795.0,377790,KBS
2020-12-08 07:00:00,31795.0,32154.0,31795.0,32011.0,595410,KBS
2020-12-09 07:00:00,32226.0,33016.0,32047.0,32693.0,1771550,KBS
2020-12-10 07:00:00,32800.0,33087.0,32441.0,32441.0,738680,KBS
2020-12-11 07:00:00,32585.0,32585.0,32190.0,32406.0,643110,KBS
2020-12-14 07:00:00,32441.0,32944.0,32298.0,32370.0,1428280,KBS
2020-12-15 07:00:00,32441.0,34020.0,32298.0,33195.0,2083900,KBS
2020-12-16 07:00:00,33518.0,33590.0,32944.0,33087.0,1095240,KBS
2020-12-17 07:00:00,32441.0,32800.0,31437.0,31616.0,3628260,KBS
2020-12-18 07:00:00,31616.0,31867.0,29929.0,30468.0,2772350,KBS
2020-12-21 07:00:00,30468.0,30504.0,29140.0,29642.0,2215760,KBS
2020-12-22 07:00:00,29355.0,30432.0,29140.0,29606.0,1248970,KBS
2020-12-23 07:00:00,30001.0,30504.0,29678.0,29858.0,1573820,KBS
2020-12-24 07:00:00,30073.0,30288.0,28996.0,29427.0,1159320,KBS
2020-12-25 07:00:00,29355.0,30145.0,29176.0,30109.0,1073050,KBS
2020-12-28 07:00:00,30181.0,30216.0,29570.0,29642.0,1697030,KBS
2020-12-29 07:00:00,29642.0,29786.0,29104.0,29176.0,2386940,KBS
2020-12-30 07:00:00,29283.0,29570.0,29104.0,29104.0,1327260,KBS
2020-12-31 07:00:00,29355.0,30109.0,29140.0,29714.0,1336680,KBS
2021-01-04 07:00:00,30145.0,30324.0,29893.0,30145.0,1936900,KBS
2021-01-05 07:00:00,29858.0,30324.0,29858.0,30109.0,1172300,KBS
2021-01-06 07:00:00,30109.0,30181.0,29427.0,29499.0,3356600,KBS
2021-01-07 07:00:00,29570.0,30145.0,29140.0,29858.0,1664800,KBS
2021-01-08 07:00:00,30001.0,30468.0,29858.0,30001.0,1428500,KBS
2021-01-11 07:00:00,30145.0,31221.0,29750.0,31078.0,2692000,KBS
2021-01-12 07:00:00,31149.0,31544.0,30504.0,31293.0,1666000,KBS
2021-01-13 07:00:00,31293.0,31401.0,30862.0,30898.0,1598000,KBS
2021-01-14 07:00:00,30862.0,30898.0,30288.0,30468.0,1597700,KBS
2021-01-15 07:00:00,30539.0,30862.0,30145.0,30216.0,1737700,KBS
2021-01-18 07:00:00,30504.0,31149.0,30288.0,31114.0,2054600,KBS
2021-01-19 07:00:00,31221.0,32011.0,28960.0,30145.0,2415600,KBS
2021-01-20 07:00:00,30288.0,30504.0,28709.0,29714.0,1183200,KBS
2021-01-21 07:00:00,29714.0,30073.0,29283.0,29786.0,1411200,KBS
2021-01-22 07:00:00,29786.0,30791.0,29427.0,29929.0,2410100,KBS
2021-01-25 07:00:00,29929.0,31078.0,29786.0,30504.0,2185700,KBS
2021-01-26 07:00:00,30504.0,30539.0,29463.0,29570.0,1034200,KBS
2021-01-27 07:00:00,29606.0,30324.0,29068.0,29212.0,1288600,KBS
2021-01-28 07:00:00,27346.0,27991.0,27202.0,27202.0,1719600,KBS
2021-01-29 07:00:00,25336.0,28207.0,25336.0,27274.0,1215100,KBS
2021-02-01 07:00:00,27274.0,27489.0,25372.0,25408.0,1374600,KBS
2021-02-02 07:00:00,25838.0,25838.0,24869.0,25336.0,1174100,KBS
2021-02-03 07:00:00,25838.0,27094.0,25695.0,26700.0,1142600,KBS
2021-02-04 07:00:00,26915.0,27130.0,26520.0,26556.0,723100,KBS
2021-02-05 07:00:00,26556.0,26915.0,26484.0,26628.0,661600,KBS
2021-02-08 07:00:00,26628.0,26700.0,24798.0,25946.0,1030900,KBS
2021-02-09 07:00:00,25946.0,26484.0,25731.0,26305.0,620500,KBS
2021-02-17 07:00:00,26556.0,27633.0,26556.0,27561.0,828400,KBS
2021-02-18 07:00:00,27848.0,28817.0,27489.0,28350.0,1065400,KBS
2021-02-19 07:00:00,28135.0,29391.0,27991.0,28925.0,846700,KBS
2021-02-22 07:00:00,28889.0,28996.0,28279.0,28386.0,1023000,KBS
2021-02-23 07:00:00,28135.0,28350.0,27920.0,27991.0,880200,KBS
2021-02-24 07:00:00,27991.0,28709.0,27848.0,28673.0,1006100,KBS
2021-02-25 07:00:00,28925.0,29427.0,28063.0,28637.0,872400,KBS
2021-02-26 07:00:00,28027.0,28709.0,28027.0,28566.0,540300,KBS
2021-03-01 07:00:00,28709.0,29032.0,27991.0,28817.0,1357000,KBS
2021-03-02 07:00:00,29140.0,29570.0,28781.0,29319.0,1549600,KBS
2021-03-03 07:00:00,29570.0,30145.0,29355.0,30145.0,2105600,KBS
2021-03-04 07:00:00,30145.0,31293.0,29858.0,30073.0,2492300,KBS
2021-03-05 07:00:00,30001.0,31006.0,29858.0,30647.0,2153100,KBS
2021-03-08 07:00:00,31221.0,31293.0,30504.0,30683.0,1094300,KBS
2021-03-09 07:00:00,30504.0,30683.0,30001.0,30145.0,1431500,KBS
2021-03-10 07:00:00,30145.0,30575.0,29929.0,30539.0,1336800,KBS
2021-03-11 07:00:00,30862.0,30862.0,30539.0,30647.0,1116800,KBS
2021-03-12 07:00:00,30647.0,30791.0,30145.0,30396.0,949800,KBS
2021-03-15 07:00:00,30539.0,30862.0,30073.0,30396.0,1079500,KBS
2021-03-16 07:00:00,30468.0,30719.0,30145.0,30324.0,652900,KBS
2021-03-17 07:00:00,30539.0,30575.0,30288.0,30432.0,753600,KBS
2021-03-18 07:00:00,30827.0,30862.0,30145.0,30432.0,969200,KBS
2021-03-19 07:00:00,30432.0,30432.0,30073.0,30073.0,743100,KBS
2021-03-22 07:00:00,30145.0,30145.0,29642.0,29750.0,928600,KBS
2021-03-23 07:00:00,29678.0,29678.0,28781.0,29032.0,1651800,KBS
2021-03-24 07:00:00,28709.0,28925.0,27274.0,27920.0,1534500,KBS
2021-03-25 07:00:00,27920.0,28422.0,27561.0,27668.0,1129300,KBS
2021-03-26 07:00:00,27561.0,28207.0,27274.0,27991.0,806900,KBS
2021-03-29 07:00:00,28135.0,28422.0,27776.0,28279.0,482800,KBS
2021-03-30 07:00:00,28135.0,28243.0,27884.0,27991.0,750000,KBS
2021-03-31 07:00:00,27812.0,28063.0,27704.0,27848.0,713800,KBS
2021-04-01 07:00:00,27848.0,28350.0,27848.0,28350.0,488400,KBS
2021-04-02 07:00:00,28781.0,28781.0,28063.0,28099.0,743800,KBS
2021-04-05 07:00:00,28709.0,28709.0,28099.0,28350.0,836700,KBS
2021-04-06 07:00:00,28350.0,28422.0,28135.0,28207.0,655900,KBS
2021-04-07 07:00:00,28207.0,28207.0,28027.0,28063.0,639900,KBS
2021-04-08 07:00:00,28279.0,28350.0,28027.0,28243.0,606200,KBS
2021-04-09 07:00:00,28314.0,28314.0,27991.0,28099.0,745800,KBS
2021-04-12 07:00:00,28099.0,28135.0,27597.0,27704.0,2159000,KBS
2021-04-13 07:00:00,27848.0,27956.0,27525.0,27561.0,824800,KBS
2021-04-14 07:00:00,27561.0,27704.0,27346.0,27417.0,1022200,KBS
2021-04-15 07:00:00,27417.0,27633.0,26628.0,26771.0,1301200,KBS
2021-04-16 07:00:00,26843.0,26843.0,25767.0,25910.0,1423700,KBS
2021-04-19 07:00:00,25910.0,26556.0,25910.0,26305.0,602400,KBS
2021-04-20 07:00:00,26412.0,26879.0,26197.0,26341.0,742100,KBS
2021-04-22 07:00:00,26556.0,26556.0,25767.0,25767.0,766900,KBS
2021-04-23 07:00:00,25623.0,26484.0,25264.0,26341.0,637500,KBS
2021-04-26 07:00:00,26556.0,26556.0,25838.0,25982.0,431600,KBS
2021-04-27 07:00:00,25982.0,26054.0,25695.0,25838.0,300600,KBS
2021-04-28 07:00:00,25838.0,26484.0,25802.0,26484.0,623200,KBS
2021-04-29 07:00:00,26484.0,26520.0,26233.0,26484.0,519300,KBS
2021-05-04 07:00:00,25910.0,26054.0,25479.0,25910.0,473500,KBS
2021-05-05 07:00:00,25982.0,26197.0,25946.0,25982.0,563000,KBS
2021-05-06 07:00:00,25982.0,26412.0,25731.0,26305.0,840600,KBS
2021-05-07 07:00:00,26197.0,26269.0,25802.0,25910.0,725700,KBS
2021-05-10 07:00:00,25838.0,25838.0,25479.0,25659.0,747400,KBS
2021-05-11 07:00:00,25695.0,26700.0,25659.0,26125.0,926300,KBS
2021-05-12 07:00:00,26197.0,27489.0,26197.0,27417.0,1417400,KBS
2021-05-13 07:00:00,27417.0,27417.0,27058.0,27130.0,584800,KBS
2021-05-14 07:00:00,27274.0,27310.0,26700.0,26771.0,597200,KBS
2021-05-17 07:00:00,26771.0,27417.0,26412.0,27274.0,1000500,KBS
2021-05-18 07:00:00,27274.0,27417.0,27130.0,27238.0,696600,KBS
2021-05-19 07:00:00,27238.0,27381.0,27130.0,27202.0,459200,KBS
2021-05-20 07:00:00,27274.0,27274.0,26915.0,27130.0,770400,KBS
2021-05-21 07:00:00,27202.0,28709.0,27202.0,28350.0,2082200,KBS
2021-05-24 07:00:00,28709.0,28925.0,28207.0,28279.0,923100,KBS
2021-05-25 07:00:00,28279.0,28709.0,28279.0,28494.0,753200,KBS
2021-05-26 07:00:00,28063.0,28422.0,28063.0,28243.0,823900,KBS
2021-05-27 07:00:00,28279.0,29068.0,28099.0,28566.0,1791500,KBS
2021-05-28 07:00:00,28853.0,28996.0,28422.0,28853.0,1516700,KBS
2021-05-31 07:00:00,29140.0,29176.0,28350.0,28709.0,1257000,KBS
2021-06-01 07:00:00,28566.0,28709.0,28422.0,28494.0,840400,KBS
2021-06-02 07:00:00,28350.0,28350.0,27776.0,27956.0,1521100,KBS
2021-06-03 07:00:00,28135.0,29068.0,27848.0,28960.0,2023700,KBS
2021-06-04 07:00:00,29283.0,29822.0,29247.0,29678.0,2099900,KBS
2021-06-07 07:00:00,29786.0,30504.0,29786.0,30252.0,1919600,KBS
2021-06-08 07:00:00,29858.0,30324.0,29068.0,29068.0,1430100,KBS
2021-06-09 07:00:00,30001.0,30001.0,29068.0,29714.0,1363600,KBS
2021-06-10 07:00:00,29714.0,31760.0,29642.0,31760.0,5221700,KBS
2021-06-11 07:00:00,32441.0,32621.0,31437.0,31724.0,3294400,KBS
2021-06-14 07:00:00,31867.0,32370.0,31437.0,32011.0,2340600,KBS
2021-06-15 07:00:00,32011.0,33231.0,32011.0,32657.0,3016900,KBS
2021-06-16 07:00:00,32657.0,33231.0,32298.0,32585.0,1757300,KBS
2021-06-17 07:00:00,32585.0,34451.0,32154.0,34092.0,3429200,KBS
2021-06-18 07:00:00,34092.0,34415.0,33590.0,33805.0,1790600,KBS
2021-06-21 07:00:00,33662.0,33841.0,32728.0,32764.0,1835600,KBS
2021-06-22 07:00:00,32800.0,33446.0,32370.0,32908.0,2021600,KBS
2021-06-23 07:00:00,33016.0,33374.0,30862.0,33016.0,1864900,KBS
2021-06-24 07:00:00,33231.0,33374.0,32154.0,32154.0,933200,KBS
2021-06-25 07:00:00,31939.0,32298.0,31221.0,31293.0,2553600,KBS
2021-06-28 07:00:00,31293.0,32406.0,31293.0,32298.0,1650300,KBS
2021-06-29 07:00:00,32836.0,33374.0,32298.0,32621.0,1669500,KBS
2021-06-30 07:00:00,32621.0,33374.0,32585.0,32657.0,1656400,KBS
2021-07-01 07:00:00,32836.0,32980.0,32226.0,32370.0,1511500,KBS
2021-07-02 07:00:00,32298.0,32980.0,32298.0,32298.0,1319500,KBS
2021-07-05 07:00:00,31939.0,32262.0,30719.0,31149.0,2257300,KBS
2021-07-06 07:00:00,30934.0,31221.0,28996.0,28996.0,2254700,KBS
2021-07-07 07:00:00,28996.0,30145.0,27274.0,30145.0,2189100,KBS
2021-07-08 07:00:00,30073.0,30073.0,28566.0,28925.0,1076900,KBS
2021-07-09 07:00:00,28637.0,29068.0,27991.0,28171.0,1454300,KBS
2021-07-12 07:00:00,27991.0,27991.0,26233.0,26664.0,2614900,KBS
2021-07-13 07:00:00,26879.0,28063.0,26556.0,28063.0,879500,KBS
2021-07-14 07:00:00,28135.0,28350.0,26771.0,27310.0,695100,KBS
2021-07-15 07:00:00,27238.0,28063.0,26951.0,28063.0,788100,KBS
2021-07-16 07:00:00,27991.0,28135.0,27489.0,27561.0,703300,KBS
2021-07-19 07:00:00,26341.0,27058.0,25838.0,26556.0,1790700,KBS
2021-07-20 07:00:00,26556.0,27848.0,26197.0,27848.0,1117000,KBS
2021-07-21 07:00:00,28135.0,28135.0,27274.0,27561.0,709600,KBS
2021-07-22 07:00:00,27346.0,29104.0,27346.0,29104.0,2049400,KBS
2021-07-23 07:00:00,29068.0,29283.0,28530.0,28530.0,1123100,KBS
2021-07-26 07:00:00,28207.0,29642.0,27848.0,29535.0,1253300,KBS
2021-07-27 07:00:00,30001.0,30109.0,29247.0,29391.0,1387300,KBS
2021-07-28 07:00:00,29104.0,29929.0,28996.0,29570.0,765700,KBS
2021-07-29 07:00:00,29786.0,29858.0,29355.0,29427.0,1005900,KBS
2021-07-30 07:00:00,29427.0,29822.0,29391.0,29499.0,1205700,KBS
2021-08-02 07:00:00,29247.0,29499.0,28889.0,29140.0,1387700,KBS
2021-08-03 07:00:00,29068.0,29283.0,28781.0,28889.0,1574500,KBS
2021-08-04 07:00:00,28817.0,29570.0,28494.0,29247.0,1931200,KBS
2021-08-05 07:00:00,29247.0,30647.0,29247.0,30288.0,1709000,KBS
2021-08-06 07:00:00,30324.0,30360.0,29858.0,30001.0,974300,KBS
2021-08-09 07:00:00,29786.0,30647.0,29642.0,30504.0,1789300,KBS
2021-08-10 07:00:00,30719.0,31185.0,30288.0,30791.0,2381900,KBS
2021-08-11 07:00:00,30791.0,31221.0,30145.0,30145.0,1552600,KBS
2021-08-12 07:00:00,30145.0,30539.0,29893.0,30252.0,1390200,KBS
2021-08-13 07:00:00,30719.0,32370.0,30647.0,32370.0,4725600,KBS
2021-08-16 07:00:00,33662.0,33877.0,32872.0,32944.0,3412000,KBS
2021-08-17 07:00:00,32657.0,33374.0,32657.0,33159.0,1955800,KBS
2021-08-18 07:00:00,32944.0,34810.0,32944.0,34164.0,4645400,KBS
2021-08-19 07:00:00,34236.0,34810.0,33877.0,34164.0,2683400,KBS
2021-08-20 07:00:00,34164.0,34164.0,31795.0,32370.0,3863100,KBS
2021-08-23 07:00:00,31867.0,32657.0,30539.0,30539.0,3140900,KBS
2021-08-24 07:00:00,30539.0,31760.0,29786.0,31760.0,3112000,KBS
2021-08-25 07:00:00,31652.0,32370.0,31437.0,32154.0,1313100,KBS
2021-08-26 07:00:00,32154.0,33267.0,31508.0,32800.0,2186200,KBS
2021-08-27 07:00:00,32800.0,33662.0,32154.0,33590.0,1864100,KBS
2021-08-30 07:00:00,34092.0,35886.0,33733.0,35886.0,5881500,KBS
2021-08-31 07:00:00,36532.0,36532.0,35276.0,35564.0,3423300,KBS
2021-09-01 07:00:00,35169.0,36461.0,34989.0,35886.0,3044600,KBS
2021-09-06 07:00:00,35958.0,37178.0,35528.0,36891.0,3786300,KBS
2021-09-07 07:00:00,36891.0,36963.0,34810.0,35169.0,3017800,KBS
2021-09-08 07:00:00,35169.0,36030.0,34810.0,35025.0,2107000,KBS
2021-09-09 07:00:00,35097.0,36317.0,34953.0,36245.0,1569000,KBS
2021-09-10 07:00:00,36245.0,38255.0,36245.0,37322.0,4168200,KBS
2021-09-13 07:00:00,37896.0,38399.0,37178.0,38040.0,3208500,KBS
2021-09-14 07:00:00,38040.0,38040.0,36963.0,37681.0,1998600,KBS
2021-09-15 07:00:00,37537.0,38614.0,37107.0,38470.0,2177300,KBS
2021-09-16 07:00:00,38399.0,38614.0,37250.0,37609.0,1557500,KBS
2021-09-17 07:00:00,37609.0,38183.0,36891.0,37178.0,2425900,KBS
2021-09-20 07:00:00,37178.0,37896.0,35815.0,35815.0,3293800,KBS
2021-09-21 07:00:00,35025.0,36820.0,34810.0,36604.0,3009000,KBS
2021-09-22 07:00:00,36604.0,36891.0,36317.0,36604.0,1176700,KBS
2021-09-23 07:00:00,36676.0,36963.0,36245.0,36245.0,1679700,KBS
2021-09-24 07:00:00,36174.0,36174.0,34810.0,35456.0,2429300,KBS
2021-09-27 07:00:00,35169.0,35528.0,34451.0,34451.0,2245100,KBS
2021-09-28 07:00:00,34236.0,36461.0,34236.0,36461.0,1761500,KBS
2021-09-29 07:00:00,36174.0,37466.0,35743.0,37178.0,1843100,KBS
2021-09-30 07:00:00,37824.0,37824.0,37035.0,37107.0,1352400,KBS
2021-10-01 07:00:00,36891.0,37896.0,36676.0,37609.0,1684000,KBS
2021-10-04 07:00:00,37609.0,40049.0,37466.0,38901.0,2679000,KBS
2021-10-05 07:00:00,39403.0,39619.0,38901.0,39260.0,1139600,KBS
2021-10-06 07:00:00,39332.0,39547.0,38757.0,39332.0,637300,KBS
2021-10-07 07:00:00,39332.0,40193.0,38829.0,39906.0,2050800,KBS
2021-10-08 07:00:00,39834.0,42274.0,39690.0,41054.0,2255600,KBS
2021-10-11 07:00:00,41054.0,41269.0,40193.0,40982.0,965400,KBS
2021-10-12 07:00:00,40624.0,41628.0,40408.0,40911.0,913500,KBS
2021-10-13 07:00:00,41126.0,41557.0,40624.0,41341.0,1141500,KBS
2021-10-14 07:00:00,41269.0,41628.0,40911.0,40911.0,1142500,KBS
2021-10-15 07:00:00,40911.0,42203.0,40695.0,41772.0,1750400,KBS
2021-10-18 07:00:00,41628.0,42131.0,40695.0,40911.0,1174700,KBS
2021-10-19 07:00:00,40767.0,41557.0,40552.0,41413.0,1177100,KBS
2021-10-20 07:00:00,41772.0,41772.0,40911.0,41772.0,1248200,KBS
2021-10-21 07:00:00,42274.0,43064.0,42203.0,42705.0,2774000,KBS
2021-10-22 07:00:00,43064.0,44427.0,42561.0,44427.0,2264300,KBS
2021-10-25 07:00:00,44499.0,45217.0,43064.0,43064.0,1782900,KBS
2021-10-26 07:00:00,43064.0,45576.0,43064.0,45576.0,1830500,KBS
2021-10-27 07:00:00,45935.0,46294.0,45217.0,45576.0,1439800,KBS
2021-10-28 07:00:00,45863.0,45863.0,44858.0,44858.0,1591700,KBS
2021-10-29 07:00:00,44858.0,45863.0,43853.0,45217.0,2009200,KBS
2021-11-01 07:00:00,45217.0,47227.0,45002.0,46294.0,1186600,KBS
2021-11-02 07:00:00,46581.0,47227.0,46294.0,46868.0,946700,KBS
2021-11-03 07:00:00,46652.0,47011.0,43638.0,43853.0,2732300,KBS
2021-11-04 07:00:00,43853.0,45863.0,43710.0,45073.0,1355900,KBS
2021-11-05 07:00:00,45719.0,47370.0,45073.0,46437.0,1113900,KBS
2021-11-08 07:00:00,46652.0,48160.0,46509.0,48088.0,2107300,KBS
2021-11-09 07:00:00,48160.0,48160.0,47155.0,47585.0,944500,KBS
2021-11-10 07:00:00,47514.0,48734.0,47011.0,48088.0,1172700,KBS
2021-11-11 07:00:00,47729.0,48590.0,47083.0,47729.0,973800,KBS
2021-11-12 07:00:00,48016.0,48519.0,47370.0,48375.0,1055100,KBS
2021-11-15 07:00:00,48447.0,48447.0,45073.0,45935.0,2903500,KBS
2021-11-16 07:00:00,45289.0,47873.0,45002.0,46652.0,1451700,KBS
2021-11-17 07:00:00,46652.0,47155.0,45791.0,46078.0,751400,KBS
2021-11-18 07:00:00,46294.0,46365.0,43997.0,44427.0,1892200,KBS
2021-11-19 07:00:00,44212.0,44427.0,42274.0,43423.0,2302000,KBS
2021-11-22 07:00:00,43423.0,44499.0,43136.0,43423.0,526600,KBS
2021-11-23 07:00:00,43638.0,45576.0,43638.0,45576.0,777100,KBS
2021-11-24 07:00:00,45935.0,46796.0,45432.0,46365.0,961600,KBS
2021-11-25 07:00:00,46868.0,46868.0,45648.0,46437.0,1070800,KBS
2021-11-26 07:00:00,46006.0,46006.0,44499.0,44499.0,1044400,KBS
2021-11-29 07:00:00,43853.0,44427.0,43136.0,43710.0,796700,KBS
2021-11-30 07:00:00,44499.0,45145.0,43494.0,43925.0,822100,KBS
2021-12-01 07:00:00,43997.0,44930.0,43710.0,44284.0,857000,KBS
2021-12-02 07:00:00,44356.0,46365.0,44356.0,45719.0,1149600,KBS
2021-12-03 07:00:00,45935.0,45935.0,44140.0,44140.0,838200,KBS
2021-12-06 07:00:00,44212.0,44356.0,41054.0,41987.0,872600,KBS
2021-12-07 07:00:00,42418.0,44643.0,42059.0,44643.0,688900,KBS
2021-12-08 07:00:00,44715.0,44715.0,43782.0,44427.0,558800,KBS
2021-12-09 07:00:00,43853.0,45145.0,43853.0,44427.0,460500,KBS
2021-12-10 07:00:00,45217.0,46437.0,45217.0,45935.0,1413400,KBS
2021-12-13 07:00:00,47298.0,47298.0,46365.0,46509.0,853200,KBS
2021-12-14 07:00:00,46509.0,46509.0,45576.0,46365.0,610600,KBS
2021-12-15 07:00:00,46294.0,46581.0,45217.0,45217.0,817600,KBS
2021-12-16 07:00:00,45289.0,46581.0,45217.0,45791.0,673200,KBS
2021-12-17 07:00:00,46078.0,47298.0,45791.0,47298.0,1794500,KBS
2021-12-20 07:00:00,47729.0,48806.0,47370.0,48088.0,1289500,KBS
2021-12-21 07:00:00,48088.0,48754.0,47348.0,48754.0,603300,KBS
2021-12-22 07:00:00,49272.0,49272.0,47422.0,47496.0,496100,KBS
2021-12-23 07:00:00,46978.0,47126.0,45129.0,45868.0,991400,KBS
2021-12-24 07:00:00,45868.0,46608.0,45647.0,46238.0,274400,KBS
2021-12-27 07:00:00,46164.0,46904.0,45647.0,46756.0,629900,KBS
2021-12-28 07:00:00,46608.0,48236.0,46608.0,47718.0,853700,KBS
2021-12-29 07:00:00,48088.0,48088.0,46460.0,46978.0,242900,KBS
2021-12-30 07:00:00,47348.0,47348.0,46682.0,46756.0,277100,KBS
2021-12-31 07:00:00,46756.0,48014.0,46312.0,46460.0,310200,KBS
2022-01-04 07:00:00,46534.0,47422.0,46460.0,46534.0,610400,KBS
2022-01-05 07:00:00,46904.0,49789.0,46534.0,49789.0,2390700,KBS
2022-01-06 07:00:00,50677.0,50973.0,49050.0,49568.0,1103900,KBS
2022-01-07 07:00:00,49568.0,50529.0,49568.0,49642.0,603500,KBS
2022-01-10 07:00:00,49716.0,49789.0,46978.0,46978.0,1562900,KBS
2022-01-11 07:00:00,47052.0,47718.0,45499.0,45868.0,972700,KBS
2022-01-12 07:00:00,45129.0,47274.0,44463.0,47274.0,1493900,KBS
2022-01-13 07:00:00,47274.0,47348.0,44981.0,45055.0,699800,KBS
2022-01-14 07:00:00,45055.0,46608.0,44759.0,46534.0,489500,KBS
2022-01-17 07:00:00,46682.0,47274.0,43279.0,44167.0,842100,KBS
2022-01-18 07:00:00,44167.0,45942.0,44167.0,44833.0,654300,KBS
2022-01-19 07:00:00,45868.0,46386.0,45055.0,46386.0,375800,KBS
2022-01-20 07:00:00,46460.0,47348.0,45499.0,47052.0,506900,KBS
2022-01-21 07:00:00,47792.0,49124.0,46756.0,46756.0,588000,KBS
2022-01-24 07:00:00,46756.0,46978.0,44463.0,44463.0,491900,KBS
2022-01-25 07:00:00,44463.0,46978.0,44463.0,46830.0,455000,KBS
2022-01-26 07:00:00,46978.0,48088.0,46978.0,47644.0,487800,KBS
2022-01-27 07:00:00,47422.0,47718.0,45794.0,45868.0,231700,KBS
2022-01-28 07:00:00,45942.0,46608.0,44537.0,45129.0,553200,KBS
2022-02-07 07:00:00,45868.0,47200.0,45277.0,46756.0,275200,KBS
2022-02-08 07:00:00,47200.0,50011.0,46386.0,50011.0,2720900,KBS
2022-02-09 07:00:00,50455.0,51491.0,49789.0,50825.0,1348600,KBS
2022-02-10 07:00:00,50011.0,52527.0,50011.0,51269.0,1097700,KBS
2022-02-11 07:00:00,51047.0,52897.0,50603.0,50603.0,1343700,KBS
2022-02-14 07:00:00,50307.0,54080.0,49937.0,54080.0,1511200,KBS
2022-02-15 07:00:00,54746.0,54820.0,53267.0,54006.0,741600,KBS
2022-02-16 07:00:00,54598.0,56152.0,54006.0,54302.0,988600,KBS
2022-02-17 07:00:00,54154.0,55856.0,53858.0,55486.0,919000,KBS
2022-02-18 07:00:00,55042.0,57114.0,55042.0,56226.0,839700,KBS
2022-02-21 07:00:00,56226.0,56892.0,55190.0,56226.0,934700,KBS
2022-02-22 07:00:00,55264.0,56078.0,54080.0,55486.0,1277900,KBS
2022-02-23 07:00:00,56226.0,59333.0,55708.0,58445.0,1081200,KBS
2022-02-24 07:00:00,57705.0,58445.0,54746.0,57114.0,1491100,KBS
2022-02-25 07:00:00,57632.0,57927.0,56892.0,56966.0,621500,KBS
2022-02-28 07:00:00,56966.0,58963.0,56300.0,56596.0,512900,KBS
2022-03-01 07:00:00,56966.0,58297.0,56818.0,57705.0,1281700,KBS
2022-03-02 07:00:00,57705.0,61700.0,57410.0,59925.0,1162400,KBS
2022-03-03 07:00:00,60369.0,61035.0,59259.0,59851.0,592600,KBS
2022-03-04 07:00:00,59851.0,59925.0,59111.0,59333.0,637500,KBS
2022-03-07 07:00:00,58519.0,60591.0,58075.0,58297.0,1005300,KBS
2022-03-08 07:00:00,57705.0,58223.0,54746.0,54746.0,2540300,KBS
2022-03-09 07:00:00,54894.0,56522.0,54006.0,55042.0,1726400,KBS
2022-03-10 07:00:00,56966.0,58889.0,56596.0,58889.0,792100,KBS
2022-03-11 07:00:00,59555.0,61996.0,58297.0,59037.0,1666600,KBS
2022-03-14 07:00:00,58223.0,61035.0,57779.0,59629.0,1365700,KBS
2022-03-15 07:00:00,59555.0,63772.0,58445.0,62884.0,1978200,KBS
2022-03-16 07:00:00,64216.0,64290.0,62958.0,63328.0,991400,KBS
2022-03-17 07:00:00,63994.0,63994.0,61553.0,62736.0,899200,KBS
2022-03-18 07:00:00,62884.0,63328.0,60961.0,61553.0,2167900,KBS
2022-03-21 07:00:00,61848.0,63994.0,61848.0,62588.0,765200,KBS
2022-03-22 07:00:00,62884.0,63180.0,61553.0,63180.0,702200,KBS
2022-03-23 07:00:00,63772.0,65400.0,63476.0,64586.0,1059600,KBS
2022-03-24 07:00:00,64586.0,68507.0,64512.0,67619.0,1899100,KBS
2022-03-25 07:00:00,67989.0,70652.0,67323.0,69543.0,1034400,KBS
2022-03-28 07:00:00,69247.0,72206.0,68063.0,71392.0,1378700,KBS
2022-03-29 07:00:00,71318.0,71762.0,68655.0,68655.0,1270100,KBS
2022-03-30 07:00:00,68063.0,70282.0,68063.0,68803.0,1157100,KBS
2022-03-31 07:00:00,68285.0,71022.0,67545.0,70134.0,1051200,KBS
2022-04-01 07:00:00,70134.0,73464.0,69395.0,71984.0,1383100,KBS
2022-04-04 07:00:00,73168.0,73168.0,69838.0,69912.0,865400,KBS
2022-04-05 07:00:00,69173.0,71392.0,68803.0,71096.0,883000,KBS
2022-04-06 07:00:00,71688.0,71688.0,68507.0,71022.0,951500,KBS
2022-04-07 07:00:00,70282.0,70282.0,66435.0,66435.0,1113800,KBS
2022-04-08 07:00:00,66435.0,68729.0,65695.0,67693.0,1043700,KBS
2022-04-12 07:00:00,68655.0,72428.0,67767.0,72354.0,1296500,KBS
2022-04-13 07:00:00,71836.0,74721.0,71836.0,72428.0,1251900,KBS
2022-04-14 07:00:00,72872.0,76941.0,72724.0,75905.0,1719000,KBS
2022-04-15 07:00:00,75461.0,77976.0,74351.0,77385.0,840700,KBS
2022-04-18 07:00:00,76941.0,79900.0,76201.0,78050.0,1221000,KBS
2022-04-19 07:00:00,78272.0,78420.0,75239.0,75461.0,1696300,KBS
2022-04-20 07:00:00,74055.0,80270.0,72872.0,78716.0,2145400,KBS
2022-04-21 07:00:00,76571.0,78790.0,75461.0,76201.0,956600,KBS
2022-04-22 07:00:00,76571.0,76941.0,70874.0,70874.0,2915200,KBS
2022-04-25 07:00:00,70874.0,70874.0,65917.0,65917.0,997600,KBS
2022-04-26 07:00:00,61331.0,65991.0,61331.0,65991.0,2933400,KBS
2022-04-27 07:00:00,65622.0,70578.0,64512.0,70578.0,1845400,KBS
2022-04-28 07:00:00,71022.0,73538.0,70652.0,72132.0,1218900,KBS
2022-04-29 07:00:00,71762.0,76941.0,71244.0,76941.0,2242900,KBS
2022-05-04 07:00:00,75461.0,79604.0,75461.0,76941.0,1619400,KBS
2022-05-05 07:00:00,77533.0,77533.0,72872.0,76201.0,1715200,KBS
2022-05-06 07:00:00,73611.0,80566.0,73611.0,78124.0,3028100,KBS
2022-05-09 07:00:00,75831.0,78790.0,72724.0,72724.0,1903700,KBS
2022-05-10 07:00:00,68063.0,75831.0,67767.0,75461.0,1639900,KBS
2022-05-11 07:00:00,75461.0,77606.0,72132.0,74721.0,1262300,KBS
2022-05-12 07:00:00,73316.0,74721.0,69543.0,69543.0,1623400,KBS
2022-05-13 07:00:00,66953.0,68433.0,64734.0,64734.0,1646200,KBS
2022-05-16 07:00:00,65104.0,66583.0,60221.0,60221.0,2561400,KBS
2022-05-17 07:00:00,56300.0,64364.0,56078.0,64364.0,2232100,KBS
2022-05-18 07:00:00,65104.0,68803.0,64660.0,67323.0,1526600,KBS
2022-05-19 07:00:00,65474.0,68433.0,64734.0,67323.0,1640100,KBS
2022-05-20 07:00:00,66953.0,68063.0,65843.0,65917.0,1340100,KBS
2022-05-23 07:00:00,66287.0,69986.0,65104.0,66953.0,2058700,KBS
2022-05-24 07:00:00,67767.0,69543.0,66583.0,69543.0,1338100,KBS
2022-05-25 07:00:00,70652.0,74351.0,70282.0,74351.0,2070000,KBS
2022-05-26 07:00:00,74795.0,75831.0,72724.0,75461.0,1427600,KBS
2022-05-27 07:00:00,75461.0,79900.0,74721.0,75831.0,2673700,KBS
2022-05-30 07:00:00,74795.0,79012.0,73611.0,76201.0,1973600,KBS
2022-05-31 07:00:00,75461.0,78272.0,73981.0,76053.0,1417500,KBS
2022-06-01 07:00:00,75387.0,81306.0,73242.0,81306.0,3408300,KBS
2022-06-02 07:00:00,82267.0,84043.0,80640.0,81749.0,1771100,KBS
2022-06-03 07:00:00,81971.0,86262.0,78938.0,84709.0,2321100,KBS
2022-06-06 07:00:00,84339.0,85375.0,80640.0,80640.0,2196600,KBS
2022-06-07 07:00:00,79900.0,84339.0,78420.0,84339.0,2840200,KBS
2022-06-08 07:00:00,84487.0,87298.0,79900.0,79900.0,3009800,KBS
2022-06-09 07:00:00,80418.0,81380.0,77828.0,81380.0,1922300,KBS
2022-06-10 07:00:00,80640.0,81897.0,75683.0,75683.0,3329100,KBS
2022-06-13 07:00:00,70504.0,73390.0,70430.0,70430.0,3066500,KBS
2022-06-14 07:00:00,67027.0,73611.0,67027.0,72502.0,2857100,KBS
2022-06-15 07:00:00,73094.0,75387.0,68433.0,73981.0,1998000,KBS
2022-06-16 07:00:00,75461.0,78124.0,73390.0,75461.0,2172900,KBS
2022-06-17 07:00:00,72502.0,75535.0,71096.0,74203.0,2599000,KBS
2022-06-20 07:00:00,73981.0,76867.0,73094.0,74721.0,1972700,KBS
2022-06-21 07:00:00,74351.0,75165.0,69543.0,69543.0,2508400,KBS
2022-06-22 07:00:00,69764.0,70282.0,64734.0,64734.0,3022800,KBS
2022-06-23 07:00:00,61848.0,69247.0,61848.0,69247.0,1360200,KBS
2022-06-24 07:00:00,70282.0,70652.0,66583.0,66583.0,959000,KBS
2022-06-27 07:00:00,67693.0,68655.0,65843.0,68581.0,774200,KBS
2022-06-28 07:00:00,68581.0,69321.0,65104.0,68063.0,2187400,KBS
2022-06-29 07:00:00,66213.0,69616.0,64364.0,69616.0,2542300,KBS
2022-06-30 07:00:00,69912.0,69912.0,67323.0,69173.0,1282100,KBS
2022-07-01 07:00:00,68063.0,68433.0,65474.0,66583.0,1274700,KBS
2022-07-04 07:00:00,67175.0,67249.0,61996.0,64660.0,1775500,KBS
2022-07-05 07:00:00,62958.0,64216.0,60147.0,60147.0,2240200,KBS
2022-07-06 07:00:00,58445.0,62810.0,57705.0,59185.0,1647700,KBS
2022-07-07 07:00:00,59037.0,60517.0,57040.0,60369.0,852800,KBS
2022-07-08 07:00:00,61331.0,61479.0,59555.0,59555.0,594200,KBS
2022-07-11 07:00:00,58593.0,59185.0,55412.0,55560.0,1481000,KBS
2022-07-12 07:00:00,55856.0,59407.0,55116.0,59407.0,1194900,KBS
2022-07-13 07:00:00,60369.0,60813.0,58889.0,58889.0,654300,KBS
2022-07-14 07:00:00,57410.0,59185.0,57336.0,59185.0,881100,KBS
2022-07-15 07:00:00,59259.0,60295.0,58519.0,59555.0,671200,KBS
2022-07-18 07:00:00,60591.0,62588.0,59555.0,62070.0,997300,KBS
2022-07-19 07:00:00,62070.0,63180.0,61479.0,62218.0,857700,KBS
2022-07-20 07:00:00,62514.0,64290.0,61922.0,63476.0,735700,KBS
2022-07-21 07:00:00,64734.0,65252.0,62144.0,62144.0,1196100,KBS
2022-07-22 07:00:00,62144.0,62514.0,61183.0,62070.0,705300,KBS
2022-07-25 07:00:00,62218.0,62884.0,61479.0,61479.0,561100,KBS
2022-07-26 07:00:00,61553.0,61774.0,57927.0,58297.0,1158100,KBS
2022-07-27 07:00:00,57927.0,59777.0,57410.0,59777.0,714800,KBS
2022-07-28 07:00:00,60221.0,60961.0,59925.0,60961.0,787500,KBS
2022-07-29 07:00:00,60665.0,60961.0,59629.0,60961.0,818500,KBS
2022-08-01 07:00:00,59555.0,60887.0,58075.0,60813.0,1433900,KBS
2022-08-02 07:00:00,61035.0,61109.0,59185.0,59185.0,790800,KBS
2022-08-03 07:00:00,59185.0,61627.0,58815.0,61109.0,1039800,KBS
2022-08-04 07:00:00,61405.0,62070.0,61109.0,61331.0,835600,KBS
2022-08-05 07:00:00,61700.0,61700.0,60295.0,60517.0,704000,KBS
2022-08-08 07:00:00,60665.0,63994.0,60591.0,63624.0,1303900,KBS
2022-08-09 07:00:00,63994.0,63994.0,62218.0,62514.0,879100,KBS
2022-08-10 07:00:00,62144.0,63476.0,61922.0,61922.0,607700,KBS
2022-08-11 07:00:00,62292.0,63772.0,61922.0,62218.0,1054900,KBS
2022-08-12 07:00:00,62662.0,64808.0,61848.0,64364.0,1669800,KBS
2022-08-15 07:00:00,64734.0,65104.0,64364.0,64956.0,807700,KBS
2022-08-16 07:00:00,65030.0,65030.0,64216.0,64216.0,583700,KBS
2022-08-17 07:00:00,64364.0,66287.0,64216.0,64290.0,1271900,KBS
2022-08-18 07:00:00,64290.0,65030.0,63772.0,64438.0,583300,KBS
2022-08-19 07:00:00,64216.0,64808.0,63328.0,63550.0,706400,KBS
2022-08-22 07:00:00,62514.0,63698.0,62218.0,63550.0,757000,KBS
2022-08-23 07:00:00,62884.0,63994.0,62736.0,63698.0,719100,KBS
2022-08-24 07:00:00,63846.0,66065.0,63772.0,64882.0,833600,KBS
2022-08-25 07:00:00,64882.0,65991.0,64808.0,65917.0,889000,KBS
2022-08-26 07:00:00,66361.0,67323.0,65843.0,66435.0,1206800,KBS
2022-08-29 07:00:00,64438.0,65843.0,64290.0,65843.0,1076000,KBS
2022-08-30 07:00:00,67101.0,67989.0,65991.0,66879.0,1187000,KBS
2022-08-31 07:00:00,66509.0,69469.0,66509.0,69099.0,1269400,KBS
2022-09-05 07:00:00,69099.0,69543.0,68581.0,68655.0,663900,KBS
2022-09-06 07:00:00,69469.0,69690.0,67619.0,67619.0,1277300,KBS
2022-09-07 07:00:00,67619.0,67989.0,65030.0,65030.0,1236000,KBS
2022-09-08 07:00:00,65769.0,66435.0,64734.0,65030.0,704300,KBS
2022-09-09 07:00:00,65843.0,66731.0,64808.0,66731.0,890300,KBS
2022-09-12 07:00:00,67323.0,67323.0,66287.0,66731.0,705900,KBS
2022-09-13 07:00:00,66583.0,68137.0,66583.0,67175.0,827200,KBS
2022-09-14 07:00:00,66213.0,67175.0,65843.0,66805.0,553600,KBS
2022-09-15 07:00:00,67915.0,68803.0,67027.0,67545.0,856200,KBS
2022-09-16 07:00:00,67323.0,67767.0,65104.0,66583.0,1267600,KBS
2022-09-19 07:00:00,66509.0,66509.0,61922.0,61922.0,1173200,KBS
2022-09-20 07:00:00,62218.0,63624.0,61479.0,62884.0,648700,KBS
2022-09-21 07:00:00,61922.0,62662.0,60295.0,61700.0,859400,KBS
2022-09-22 07:00:00,60739.0,62514.0,59777.0,62292.0,753100,KBS
2022-09-23 07:00:00,62144.0,62514.0,61257.0,61848.0,341100,KBS
2022-09-26 07:00:00,60073.0,61331.0,57558.0,59925.0,1077300,KBS
2022-09-27 07:00:00,60221.0,60295.0,58963.0,58963.0,211700,KBS
2022-09-28 07:00:00,57779.0,59555.0,57705.0,59185.0,575100,KBS
2022-09-29 07:00:00,60073.0,60073.0,57705.0,59185.0,528200,KBS
2022-09-30 07:00:00,58075.0,63328.0,55856.0,62810.0,874900,KBS
2022-10-03 07:00:00,61479.0,61774.0,58445.0,58445.0,661100,KBS
2022-10-04 07:00:00,59851.0,59851.0,55856.0,55856.0,599100,KBS
2022-10-05 07:00:00,56078.0,57705.0,56078.0,56966.0,303800,KBS
2022-10-06 07:00:00,56818.0,57336.0,53045.0,53045.0,546100,KBS
2022-10-07 07:00:00,50677.0,52527.0,49346.0,49346.0,1142000,KBS
2022-10-10 07:00:00,49272.0,52749.0,48162.0,52749.0,584000,KBS
2022-10-11 07:00:00,52971.0,53415.0,50677.0,53193.0,669100,KBS
2022-10-12 07:00:00,53267.0,56892.0,53045.0,56818.0,797500,KBS
2022-10-13 07:00:00,57336.0,57484.0,55782.0,57484.0,298500,KBS
2022-10-14 07:00:00,57779.0,58075.0,56522.0,56966.0,416500,KBS
2022-10-17 07:00:00,56966.0,58075.0,55856.0,56892.0,358400,KBS
2022-10-18 07:00:00,57853.0,57853.0,56226.0,56966.0,632600,KBS
2022-10-19 07:00:00,56818.0,57927.0,56744.0,56966.0,443900,KBS
2022-10-20 07:00:00,56662.0,59092.0,56662.0,56966.0,328900,KBS
2022-10-21 07:00:00,56966.0,56966.0,53016.0,53016.0,797700,KBS
2022-10-24 07:00:00,53016.0,53092.0,49370.0,49370.0,581800,KBS
2022-10-25 07:00:00,48459.0,52408.0,47851.0,50889.0,527900,KBS
2022-10-26 07:00:00,50889.0,53092.0,50889.0,52864.0,370900,KBS
2022-10-27 07:00:00,52864.0,54839.0,52408.0,54687.0,207600,KBS
2022-10-28 07:00:00,54763.0,55826.0,53776.0,54611.0,242900,KBS
2022-10-31 07:00:00,54839.0,55447.0,51269.0,55447.0,340500,KBS
2022-11-01 07:00:00,55447.0,56966.0,54991.0,55295.0,269700,KBS
2022-11-02 07:00:00,53624.0,55674.0,53624.0,54155.0,122600,KBS
2022-11-03 07:00:00,53548.0,55067.0,53092.0,55067.0,223000,KBS
2022-11-04 07:00:00,54991.0,55067.0,52408.0,55067.0,276800,KBS
2022-11-07 07:00:00,54611.0,56434.0,52029.0,55826.0,510400,KBS
2022-11-08 07:00:00,55295.0,56890.0,53624.0,56890.0,283600,KBS
2022-11-09 07:00:00,56966.0,57345.0,56130.0,56890.0,324900,KBS
2022-11-10 07:00:00,56890.0,57118.0,52940.0,56890.0,603900,KBS
2022-11-11 07:00:00,56966.0,58105.0,55447.0,57345.0,512600,KBS
2022-11-14 07:00:00,56966.0,56966.0,54763.0,56586.0,338000,KBS
2022-11-15 07:00:00,55826.0,56890.0,52636.0,56890.0,900100,KBS
2022-11-16 07:00:00,53320.0,55826.0,52940.0,54687.0,635600,KBS
2022-11-17 07:00:00,54687.0,55295.0,51649.0,53927.0,712800,KBS
2022-11-18 07:00:00,53396.0,53396.0,51421.0,51573.0,549800,KBS
2022-11-21 07:00:00,52029.0,52029.0,50282.0,50585.0,317700,KBS
2022-11-22 07:00:00,49902.0,52105.0,49446.0,50585.0,664100,KBS
2022-11-23 07:00:00,50585.0,50661.0,49370.0,50206.0,348500,KBS
2022-11-24 07:00:00,50130.0,50206.0,46712.0,48839.0,868200,KBS
2022-11-25 07:00:00,48839.0,48839.0,45421.0,45421.0,599600,KBS
2022-11-28 07:00:00,46104.0,48155.0,44737.0,47471.0,523200,KBS
2022-11-29 07:00:00,47547.0,49522.0,47547.0,49218.0,424600,KBS
2022-11-30 07:00:00,49294.0,51649.0,48990.0,51649.0,531600,KBS
2022-12-01 07:00:00,51649.0,52560.0,49750.0,49902.0,712200,KBS
2022-12-02 07:00:00,49370.0,51269.0,48611.0,51269.0,468500,KBS
2022-12-05 07:00:00,51725.0,52408.0,50130.0,51269.0,450700,KBS
2022-12-06 07:00:00,50889.0,54839.0,49522.0,54839.0,1739900,KBS
2022-12-07 07:00:00,55219.0,55523.0,53927.0,54687.0,615700,KBS
2022-12-08 07:00:00,54687.0,54839.0,51573.0,52940.0,1321800,KBS
2022-12-09 07:00:00,51269.0,53168.0,51269.0,53168.0,568900,KBS
2022-12-12 07:00:00,53168.0,56282.0,52864.0,54383.0,631400,KBS
2022-12-13 07:00:00,54307.0,54687.0,53700.0,53927.0,396000,KBS
2022-12-14 07:00:00,53927.0,55067.0,53016.0,54535.0,369100,KBS
2022-12-15 07:00:00,53776.0,54307.0,53092.0,53852.0,438900,KBS
2022-12-16 07:00:00,53624.0,53927.0,51877.0,53927.0,1122100,KBS
2022-12-19 07:00:00,53168.0,55371.0,52864.0,53927.0,690100,KBS
2022-12-20 07:00:00,53548.0,53852.0,50206.0,53472.0,900000,KBS
2022-12-21 07:00:00,53092.0,53092.0,50206.0,51649.0,420100,KBS
2022-12-22 07:00:00,51649.0,51877.0,49370.0,51877.0,866100,KBS
2022-12-23 07:00:00,51649.0,52256.0,50206.0,52256.0,338000,KBS
2022-12-26 07:00:00,51117.0,51193.0,50054.0,50813.0,405400,KBS
2022-12-27 07:00:00,49066.0,52408.0,49066.0,52408.0,470300,KBS
2022-12-28 07:00:00,52408.0,53016.0,51497.0,53016.0,557100,KBS
2022-12-29 07:00:00,52636.0,52636.0,51497.0,52256.0,289500,KBS
2022-12-30 07:00:00,52029.0,53016.0,51725.0,53016.0,565900,KBS
2023-01-03 07:00:00,52940.0,55143.0,52636.0,54687.0,1342900,KBS
2023-01-04 07:00:00,55067.0,55826.0,54155.0,54155.0,409600,KBS
2023-01-05 07:00:00,54231.0,54687.0,53548.0,54079.0,280100,KBS
2023-01-06 07:00:00,54383.0,54459.0,51345.0,52788.0,471100,KBS
2023-01-09 07:00:00,52864.0,53320.0,52029.0,52105.0,210400,KBS
2023-01-10 07:00:00,52105.0,52105.0,50661.0,51345.0,307900,KBS
2023-01-11 07:00:00,51345.0,52105.0,51345.0,51421.0,192500,KBS
2023-01-12 07:00:00,52029.0,54155.0,51269.0,53092.0,384400,KBS
2023-01-13 07:00:00,53548.0,53548.0,52408.0,52408.0,255600,KBS
2023-01-16 07:00:00,52181.0,52788.0,52105.0,52256.0,273000,KBS
2023-01-17 07:00:00,53016.0,53016.0,51801.0,52181.0,356900,KBS
2023-01-18 07:00:00,52181.0,52560.0,51649.0,52256.0,216600,KBS
2023-01-19 07:00:00,52332.0,53852.0,52332.0,53168.0,484200,KBS
2023-01-27 07:00:00,53396.0,53927.0,52864.0,52864.0,347300,KBS
2023-01-30 07:00:00,52484.0,53852.0,52484.0,52940.0,536600,KBS
2023-01-31 07:00:00,53092.0,54535.0,53092.0,53852.0,876100,KBS
2023-02-01 07:00:00,54307.0,54459.0,52029.0,52181.0,684600,KBS
2023-02-02 07:00:00,52408.0,52408.0,50889.0,50889.0,470400,KBS
2023-02-03 07:00:00,50889.0,51801.0,50737.0,51649.0,277500,KBS
2023-02-06 07:00:00,52105.0,52560.0,51649.0,52105.0,138000,KBS
2023-02-07 07:00:00,52105.0,53016.0,50889.0,50889.0,486400,KBS
2023-02-08 07:00:00,51497.0,51573.0,48687.0,49674.0,658800,KBS
2023-02-09 07:00:00,50358.0,52181.0,49978.0,51649.0,513600,KBS
2023-02-10 07:00:00,52256.0,52256.0,49522.0,50585.0,164000,KBS
2023-02-13 07:00:00,50585.0,50585.0,47092.0,47092.0,577900,KBS
2023-02-14 07:00:00,47927.0,48687.0,47699.0,48155.0,414100,KBS
2023-02-15 07:00:00,47851.0,48915.0,47775.0,48459.0,161900,KBS
2023-02-16 07:00:00,48459.0,48839.0,48155.0,48535.0,107100,KBS
2023-02-17 07:00:00,48611.0,49066.0,48307.0,48687.0,112200,KBS
2023-02-20 07:00:00,49066.0,49370.0,48307.0,49370.0,338700,KBS
2023-02-21 07:00:00,49902.0,50661.0,48839.0,48990.0,274900,KBS
2023-02-22 07:00:00,48915.0,48990.0,47623.0,47623.0,298500,KBS
2023-02-23 07:00:00,47547.0,47623.0,44813.0,45573.0,591700,KBS
2023-02-24 07:00:00,46864.0,46864.0,44889.0,45269.0,258100,KBS
2023-02-27 07:00:00,45193.0,45193.0,42458.0,42534.0,457400,KBS
2023-02-28 07:00:00,42686.0,44509.0,41927.0,42534.0,555300,KBS
2023-03-01 07:00:00,42610.0,43446.0,42231.0,43370.0,423900,KBS
2023-03-02 07:00:00,43598.0,43826.0,42914.0,42990.0,107000,KBS
2023-03-03 07:00:00,42838.0,43598.0,42838.0,43218.0,264300,KBS
2023-03-06 07:00:00,43218.0,43674.0,42079.0,42838.0,326700,KBS
2023-03-07 07:00:00,42914.0,42914.0,41927.0,42231.0,390700,KBS
2023-03-08 07:00:00,42231.0,42231.0,40635.0,42155.0,252800,KBS
2023-03-09 07:00:00,42155.0,43066.0,42155.0,42914.0,308000,KBS
2023-03-10 07:00:00,42231.0,43598.0,42231.0,43218.0,334800,KBS
2023-03-13 07:00:00,42762.0,42914.0,42458.0,42534.0,316600,KBS
2023-03-14 07:00:00,42686.0,42762.0,41015.0,41775.0,415800,KBS
2023-03-15 07:00:00,42155.0,42914.0,41775.0,42762.0,446700,KBS
2023-03-16 07:00:00,42610.0,42686.0,42079.0,42382.0,202700,KBS
2023-03-17 07:00:00,42610.0,44053.0,42155.0,44053.0,1064700,KBS
2023-03-20 07:00:00,43522.0,43522.0,42534.0,42534.0,316300,KBS
2023-03-21 07:00:00,42990.0,42990.0,41775.0,42610.0,195000,KBS
2023-03-22 07:00:00,42610.0,42686.0,42382.0,42382.0,94400,KBS
2023-03-23 07:00:00,41927.0,42306.0,41699.0,42306.0,251100,KBS
2023-03-24 07:00:00,42382.0,42382.0,41775.0,41775.0,195400,KBS
2023-03-27 07:00:00,42003.0,42231.0,41167.0,41167.0,275600,KBS
2023-03-28 07:00:00,41167.0,41699.0,41015.0,41395.0,303000,KBS
2023-03-29 07:00:00,41395.0,41395.0,40484.0,40560.0,270000,KBS
2023-03-30 07:00:00,40787.0,40939.0,40484.0,40560.0,152600,KBS
2023-03-31 07:00:00,40484.0,40787.0,40484.0,40560.0,143800,KBS
2023-04-03 07:00:00,41015.0,41775.0,40635.0,41775.0,336400,KBS
2023-04-04 07:00:00,41775.0,42990.0,41395.0,42686.0,493300,KBS
2023-04-05 07:00:00,42686.0,42990.0,42306.0,42306.0,187700,KBS
2023-04-06 07:00:00,42382.0,42838.0,41775.0,41775.0,364300,KBS
2023-04-07 07:00:00,41851.0,42003.0,41471.0,41471.0,192700,KBS
2023-04-10 07:00:00,41775.0,42686.0,41471.0,42003.0,361000,KBS
2023-04-11 07:00:00,42306.0,43522.0,42306.0,43142.0,720200,KBS
2023-04-12 07:00:00,43826.0,43826.0,42762.0,42914.0,348300,KBS
2023-04-13 07:00:00,42990.0,43218.0,42534.0,42610.0,361900,KBS
2023-04-14 07:00:00,42686.0,44433.0,42686.0,43522.0,1086700,KBS
2023-04-17 07:00:00,43446.0,45269.0,43294.0,45269.0,1242500,KBS
2023-04-18 07:00:00,45497.0,46712.0,45497.0,46104.0,1172700,KBS
2023-04-19 07:00:00,45952.0,46408.0,44965.0,45573.0,742600,KBS
2023-04-20 07:00:00,45800.0,47471.0,45269.0,47016.0,990000,KBS
2023-04-21 07:00:00,46560.0,47092.0,45952.0,46560.0,594900,KBS
2023-04-24 07:00:00,46028.0,46940.0,45269.0,45573.0,610500,KBS
2023-04-25 07:00:00,45648.0,46484.0,44813.0,45876.0,520400,KBS
2023-04-26 07:00:00,45573.0,45648.0,44357.0,44813.0,532600,KBS
2023-04-27 07:00:00,44889.0,45800.0,44813.0,45421.0,485900,KBS
2023-04-28 07:00:00,45269.0,46104.0,45269.0,45800.0,476800,KBS
2023-05-04 07:00:00,45800.0,45800.0,45117.0,45193.0,462800,KBS
2023-05-05 07:00:00,45269.0,47244.0,45269.0,46712.0,553600,KBS
2023-05-08 07:00:00,46788.0,47471.0,46332.0,46712.0,387000,KBS
2023-05-09 07:00:00,47016.0,47016.0,46028.0,46484.0,318400,KBS
2023-05-10 07:00:00,46028.0,46636.0,46028.0,46636.0,239700,KBS
2023-05-11 07:00:00,46940.0,47319.0,46104.0,46484.0,298800,KBS
2023-05-12 07:00:00,46560.0,46560.0,45724.0,46180.0,389100,KBS
2023-05-15 07:00:00,45800.0,46180.0,44813.0,44813.0,756200,KBS
2023-05-16 07:00:00,45117.0,45193.0,44053.0,44053.0,375400,KBS
2023-05-17 07:00:00,43674.0,45117.0,43598.0,43902.0,506200,KBS
2023-05-18 07:00:00,44205.0,44357.0,43674.0,43902.0,299500,KBS
2023-05-19 07:00:00,44205.0,44205.0,43066.0,43826.0,415100,KBS
2023-05-22 07:00:00,43674.0,43826.0,43066.0,43294.0,642200,KBS
2023-05-23 07:00:00,43294.0,43902.0,43218.0,43294.0,292500,KBS
2023-05-24 07:00:00,43370.0,43902.0,43294.0,43522.0,436300,KBS
2023-05-25 07:00:00,43446.0,43522.0,42914.0,43294.0,352100,KBS
2023-05-26 07:00:00,43294.0,43674.0,43142.0,43674.0,295600,KBS
2023-05-29 07:00:00,43977.0,44889.0,43446.0,44129.0,588500,KBS
2023-05-30 07:00:00,44585.0,44737.0,43826.0,44357.0,519500,KBS
2023-05-31 07:00:00,44129.0,44737.0,43977.0,44509.0,560200,KBS
2023-06-01 07:00:00,44585.0,45573.0,44509.0,44889.0,664400,KBS
2023-06-02 07:00:00,45497.0,45497.0,44205.0,44281.0,788100,KBS
2023-06-05 07:00:00,44433.0,46484.0,44281.0,46180.0,1193700,KBS
2023-06-06 07:00:00,46256.0,46864.0,45724.0,46104.0,639000,KBS
2023-06-07 07:00:00,46256.0,46712.0,45421.0,46104.0,777600,KBS
2023-06-08 07:00:00,46104.0,47623.0,45876.0,46332.0,1150200,KBS
2023-06-09 07:00:00,46332.0,46712.0,45573.0,45952.0,644900,KBS
2023-06-12 07:00:00,46332.0,47395.0,46028.0,47395.0,993700,KBS
2023-06-13 07:00:00,47775.0,47851.0,46940.0,47092.0,678000,KBS
2023-06-14 07:00:00,47395.0,47395.0,46028.0,46104.0,710600,KBS
2023-06-15 07:00:00,45952.0,46484.0,45421.0,46484.0,572100,KBS
2023-06-16 07:00:00,46712.0,46940.0,45573.0,45573.0,707300,KBS
2023-06-19 07:00:00,45648.0,46028.0,45193.0,45648.0,447800,KBS
2023-06-20 07:00:00,45648.0,46484.0,45648.0,46484.0,275500,KBS
2023-06-21 07:00:00,46940.0,46940.0,46332.0,46636.0,481800,KBS
2023-06-22 07:00:00,46788.0,48383.0,46788.0,48307.0,1731800,KBS
2023-06-23 07:00:00,48535.0,49294.0,48459.0,49294.0,1143700,KBS
2023-06-26 07:00:00,49750.0,49750.0,48383.0,49294.0,716300,KBS
2023-06-27 07:00:00,49674.0,49978.0,48990.0,49370.0,555600,KBS
2023-06-28 07:00:00,49370.0,50434.0,49142.0,49750.0,650400,KBS
2023-06-29 07:00:00,49370.0,49978.0,49066.0,49370.0,693500,KBS
2023-06-30 07:00:00,49218.0,49522.0,48611.0,49370.0,836500,KBS
2023-07-03 07:00:00,49674.0,52788.0,49674.0,52788.0,3023500,KBS
2023-07-04 07:00:00,52788.0,54079.0,52788.0,53927.0,1268300,KBS
2023-07-05 07:00:00,53927.0,55067.0,53168.0,54155.0,1070100,KBS
2023-07-06 07:00:00,54611.0,54611.0,53016.0,54307.0,741000,KBS
2023-07-07 07:00:00,53927.0,56966.0,53927.0,56206.0,1179600,KBS
2023-07-10 07:00:00,56662.0,57497.0,56206.0,57497.0,648500,KBS
2023-07-11 07:00:00,57421.0,57497.0,55674.0,55826.0,1295000,KBS
2023-07-12 07:00:00,56130.0,56814.0,55447.0,56282.0,737600,KBS
2023-07-13 07:00:00,56206.0,57269.0,56206.0,56586.0,465100,KBS
2023-07-14 07:00:00,56586.0,57573.0,56054.0,56814.0,723800,KBS
2023-07-17 07:00:00,56434.0,58940.0,56206.0,58637.0,968800,KBS
2023-07-18 07:00:00,58485.0,58637.0,56966.0,57573.0,619100,KBS
2023-07-19 07:00:00,58029.0,58029.0,55674.0,55674.0,759700,KBS
2023-07-20 07:00:00,55674.0,56966.0,55598.0,56738.0,864600,KBS
2023-07-21 07:00:00,56738.0,57345.0,56054.0,57194.0,384300,KBS
2023-07-24 07:00:00,57194.0,57801.0,55902.0,56738.0,735800,KBS
2023-07-25 07:00:00,56738.0,57801.0,56282.0,56510.0,709800,KBS
2023-07-26 07:00:00,56510.0,57269.0,56282.0,56662.0,517900,KBS
2023-07-27 07:00:00,56662.0,58105.0,56434.0,57953.0,1294800,KBS
2023-07-28 07:00:00,58409.0,58789.0,57194.0,57649.0,771000,KBS
2023-07-31 07:00:00,58409.0,59472.0,57345.0,57345.0,1009700,KBS
2023-08-01 07:00:00,57497.0,59244.0,57269.0,57877.0,1022300,KBS
2023-08-02 07:00:00,57877.0,59168.0,57194.0,59092.0,1008400,KBS
2023-08-03 07:00:00,59244.0,60611.0,58865.0,58865.0,978800,KBS
2023-08-04 07:00:00,58865.0,58940.0,57801.0,58181.0,881000,KBS
2023-08-07 07:00:00,58409.0,59320.0,58105.0,59320.0,809400,KBS
2023-08-08 07:00:00,60004.0,60535.0,58485.0,58789.0,724900,KBS
2023-08-09 07:00:00,58865.0,60004.0,58561.0,59244.0,726300,KBS
2023-08-10 07:00:00,59244.0,59244.0,57194.0,57194.0,980500,KBS
2023-08-11 07:00:00,57194.0,57497.0,54763.0,56738.0,1148700,KBS
2023-08-14 07:00:00,56966.0,56966.0,55674.0,56966.0,945800,KBS
2023-08-15 07:00:00,57194.0,57573.0,56358.0,57118.0,688000,KBS
2023-08-16 07:00:00,56966.0,57118.0,56206.0,56206.0,641500,KBS
2023-08-17 07:00:00,56130.0,56130.0,55067.0,55447.0,1013600,KBS
2023-08-18 07:00:00,54763.0,54839.0,51801.0,53927.0,1620000,KBS
2023-08-21 07:00:00,53168.0,54687.0,52484.0,53927.0,546400,KBS
2023-08-22 07:00:00,53244.0,53852.0,51877.0,53092.0,679500,KBS
2023-08-23 07:00:00,53927.0,53927.0,52408.0,53092.0,302400,KBS
2023-08-24 07:00:00,53700.0,55067.0,52864.0,55067.0,723800,KBS
2023-08-25 07:00:00,55750.0,58105.0,55295.0,56814.0,1784400,KBS
2023-08-28 07:00:00,57118.0,57953.0,56966.0,57649.0,682000,KBS
2023-08-29 07:00:00,57725.0,57953.0,57042.0,57345.0,832100,KBS
2023-08-30 07:00:00,57345.0,59244.0,57345.0,58789.0,1375500,KBS
2023-08-31 07:00:00,59548.0,59548.0,58789.0,58789.0,759200,KBS
2023-09-05 07:00:00,59852.0,59852.0,58105.0,58561.0,1091800,KBS
2023-09-06 07:00:00,58561.0,59776.0,58257.0,59548.0,1052900,KBS
2023-09-07 07:00:00,60535.0,62282.0,60080.0,60763.0,1608100,KBS
2023-09-08 07:00:00,60839.0,61675.0,60763.0,60763.0,1329900,KBS
2023-09-11 07:00:00,61675.0,62282.0,56510.0,58789.0,1995600,KBS
2023-09-12 07:00:00,58789.0,60308.0,58333.0,60308.0,782800,KBS
2023-09-13 07:00:00,61523.0,61827.0,59700.0,60004.0,961400,KBS
2023-09-14 07:00:00,59320.0,60232.0,58485.0,58940.0,879400,KBS
2023-09-15 07:00:00,59928.0,59928.0,58561.0,58637.0,676800,KBS
2023-09-18 07:00:00,58713.0,61523.0,58713.0,61523.0,1396700,KBS
2023-09-19 07:00:00,61827.0,61903.0,60156.0,61599.0,765200,KBS
2023-09-20 07:00:00,61599.0,65548.0,61599.0,63802.0,1681000,KBS
2023-09-21 07:00:00,63802.0,65321.0,63498.0,63650.0,1034700,KBS
2023-09-22 07:00:00,62662.0,65321.0,61903.0,63650.0,2350100,KBS
2023-09-25 07:00:00,63042.0,63194.0,59244.0,59244.0,1632200,KBS
2023-09-26 07:00:00,57118.0,59168.0,57042.0,57269.0,1731700,KBS
2023-09-27 07:00:00,57042.0,58561.0,56814.0,58561.0,957300,KBS
2023-09-28 07:00:00,59092.0,59244.0,58105.0,58865.0,655700,KBS
2023-09-29 07:00:00,59092.0,60535.0,58940.0,59928.0,1119200,KBS
2023-10-02 07:00:00,61143.0,62586.0,60384.0,61523.0,898600,KBS
2023-10-03 07:00:00,60763.0,62055.0,59624.0,61295.0,1199200,KBS
2023-10-04 07:00:00,59396.0,61751.0,59396.0,61143.0,962300,KBS
2023-10-05 07:00:00,61599.0,63346.0,60915.0,61371.0,1236500,KBS
2023-10-06 07:00:00,61371.0,61903.0,60004.0,61827.0,821100,KBS
2023-10-09 07:00:00,62206.0,62814.0,61219.0,61903.0,944900,KBS
2023-10-10 07:00:00,62282.0,63953.0,61447.0,62282.0,1723800,KBS
2023-10-11 07:00:00,62282.0,62738.0,61979.0,62738.0,676900,KBS
2023-10-12 07:00:00,63422.0,63422.0,61523.0,61979.0,833500,KBS
2023-10-13 07:00:00,61523.0,62282.0,61143.0,62282.0,755500,KBS
2023-10-16 07:00:00,62510.0,62510.0,61219.0,61371.0,560800,KBS
2023-10-17 07:00:00,61371.0,61751.0,57725.0,57725.0,1327000,KBS
2023-10-18 07:00:00,58485.0,58485.0,53700.0,55219.0,1672900,KBS
2023-10-19 07:00:00,55295.0,55523.0,53244.0,53548.0,974100,KBS
2023-10-20 07:00:00,53548.0,56814.0,51649.0,56814.0,921600,KBS
2023-10-23 07:00:00,56510.0,56814.0,54383.0,54839.0,471200,KBS
2023-10-24 07:00:00,55447.0,55447.0,53927.0,55067.0,391500,KBS
2023-10-25 07:00:00,55067.0,56130.0,54763.0,55447.0,364000,KBS
2023-10-26 07:00:00,54611.0,54611.0,51573.0,53927.0,1101900,KBS
2023-10-27 07:00:00,53927.0,54079.0,52029.0,53168.0,290700,KBS
2023-10-30 07:00:00,52256.0,53092.0,51117.0,51117.0,426100,KBS
2023-10-31 07:00:00,51117.0,51269.0,47775.0,47851.0,821900,KBS
2023-11-01 07:00:00,47851.0,49446.0,47547.0,49446.0,538700,KBS
2023-11-02 07:00:00,50130.0,52864.0,49826.0,51269.0,533200,KBS
2023-11-03 07:00:00,51725.0,52408.0,50813.0,52408.0,471500,KBS
2023-11-06 07:00:00,52408.0,52788.0,52029.0,52788.0,267100,KBS
2023-11-07 07:00:00,52788.0,52788.0,51345.0,51573.0,368000,KBS
2023-11-08 07:00:00,51573.0,54687.0,51117.0,54687.0,510000,KBS
2023-11-09 07:00:00,54307.0,55371.0,53624.0,53624.0,751300,KBS
2023-11-10 07:00:00,53168.0,53548.0,52408.0,52484.0,655900,KBS
2023-11-13 07:00:00,53548.0,54155.0,52788.0,53092.0,405500,KBS
2023-11-14 07:00:00,54155.0,54155.0,52712.0,53320.0,454000,KBS
2023-11-15 07:00:00,53927.0,55674.0,53852.0,55447.0,1421800,KBS
2023-11-16 07:00:00,55371.0,56662.0,54915.0,55674.0,564800,KBS
2023-11-17 07:00:00,55295.0,55447.0,52788.0,54003.0,868700,KBS
2023-11-20 07:00:00,52408.0,53776.0,52408.0,53168.0,527800,KBS
2023-11-21 07:00:00,53852.0,53927.0,53320.0,53927.0,539000,KBS
2023-11-22 07:00:00,53927.0,54991.0,53396.0,53927.0,573800,KBS
2023-11-23 07:00:00,53927.0,54687.0,52788.0,52788.0,796600,KBS
2023-11-24 07:00:00,53092.0,53168.0,51497.0,52788.0,664900,KBS
2023-11-27 07:00:00,52712.0,52864.0,51801.0,51877.0,265900,KBS
2023-11-28 07:00:00,51877.0,51953.0,50661.0,51877.0,471400,KBS
2023-11-29 07:00:00,52181.0,52408.0,51877.0,51877.0,301100,KBS
2023-11-30 07:00:00,52029.0,52332.0,50130.0,50130.0,696700,KBS
2023-12-01 07:00:00,50889.0,51497.0,50889.0,51269.0,283200,KBS
2023-12-04 07:00:00,51421.0,52788.0,51421.0,52256.0,930200,KBS
2023-12-05 07:00:00,52332.0,54307.0,52332.0,53927.0,1405500,KBS
2023-12-06 07:00:00,54307.0,57649.0,54003.0,57649.0,2765700,KBS
2023-12-07 07:00:00,57725.0,58105.0,56434.0,57573.0,1504300,KBS
2023-12-08 07:00:00,57573.0,57877.0,56662.0,56890.0,1085000,KBS
2023-12-11 07:00:00,57649.0,58333.0,56890.0,57573.0,1170200,KBS
2023-12-12 07:00:00,57573.0,58105.0,57345.0,57877.0,482800,KBS
2023-12-13 07:00:00,58029.0,58333.0,56966.0,57421.0,928100,KBS
2023-12-14 07:00:00,57725.0,57725.0,55750.0,55978.0,801200,KBS
2023-12-15 07:00:00,55978.0,56206.0,54991.0,55371.0,930400,KBS
2023-12-18 07:00:00,55902.0,55902.0,53244.0,53244.0,965400,KBS
2023-12-19 07:00:00,53244.0,54839.0,53244.0,54687.0,1374900,KBS
2023-12-20 07:00:00,54687.0,54763.0,54155.0,54459.0,348400,KBS
2023-12-21 07:00:00,54155.0,55826.0,54079.0,55750.0,626700,KBS
2023-12-22 07:00:00,55750.0,55826.0,54991.0,54991.0,415800,KBS
2023-12-25 07:00:00,55750.0,56054.0,54991.0,55674.0,890500,KBS
2023-12-26 07:00:00,56358.0,56434.0,56054.0,56434.0,685200,KBS
2023-12-27 07:00:00,56358.0,56586.0,55978.0,56358.0,410100,KBS
2023-12-28 07:00:00,56206.0,56662.0,55902.0,56510.0,499300,KBS
2023-12-29 07:00:00,56890.0,56890.0,56358.0,56510.0,384900,KBS
2024-01-02 07:00:00,56510.0,57194.0,56510.0,57118.0,653700,KBS
2024-01-03 07:00:00,57118.0,57421.0,56814.0,57345.0,972700,KBS
2024-01-04 07:00:00,58895.0,58895.0,57892.0,58075.0,861100,KBS
2024-01-05 07:00:00,58348.0,60719.0,58075.0,60445.0,800500,KBS
2024-01-08 07:00:00,60172.0,60992.0,59625.0,60992.0,631500,KBS
2024-01-09 07:00:00,60992.0,60992.0,59989.0,60263.0,436800,KBS
2024-01-10 07:00:00,60263.0,60536.0,58531.0,59260.0,359700,KBS
2024-01-11 07:00:00,59169.0,59260.0,58439.0,58986.0,273200,KBS
2024-01-12 07:00:00,59078.0,60810.0,59078.0,59625.0,776000,KBS
2024-01-15 07:00:00,59625.0,60081.0,58348.0,58348.0,285300,KBS
2024-01-16 07:00:00,58348.0,58895.0,58166.0,58804.0,277000,KBS
2024-01-17 07:00:00,59169.0,59989.0,58531.0,58713.0,282200,KBS
2024-01-18 07:00:00,58986.0,59260.0,58348.0,58531.0,331800,KBS
2024-01-19 07:00:00,59169.0,59351.0,58348.0,58348.0,556000,KBS
2024-01-22 07:00:00,58622.0,58622.0,57619.0,58348.0,582500,KBS
2024-01-23 07:00:00,57984.0,58348.0,57892.0,57892.0,624600,KBS
2024-01-24 07:00:00,57892.0,57892.0,57072.0,57072.0,1046900,KBS
2024-01-25 07:00:00,57072.0,57892.0,57072.0,57254.0,307900,KBS
2024-01-26 07:00:00,57892.0,58804.0,57801.0,58075.0,821500,KBS
2024-01-29 07:00:00,57892.0,58257.0,57892.0,57892.0,392700,KBS
2024-01-30 07:00:00,57892.0,58986.0,57619.0,58986.0,674000,KBS
2024-01-31 07:00:00,59260.0,59442.0,58075.0,58075.0,481200,KBS
2024-02-01 07:00:00,58257.0,58804.0,57984.0,58804.0,462300,KBS
2024-02-02 07:00:00,58986.0,59716.0,58257.0,59533.0,843500,KBS
2024-02-05 07:00:00,59260.0,59716.0,59169.0,59625.0,453900,KBS
2024-02-06 07:00:00,59989.0,60081.0,59625.0,59807.0,433100,KBS
2024-02-07 07:00:00,59989.0,60263.0,59989.0,59989.0,467300,KBS
2024-02-15 07:00:00,60172.0,60172.0,59716.0,59989.0,683700,KBS
2024-02-16 07:00:00,59807.0,61448.0,59807.0,60810.0,703200,KBS
2024-02-19 07:00:00,61280.0,61280.0,60528.0,61092.0,708200,KBS
2024-02-20 07:00:00,61092.0,61092.0,60246.0,60246.0,1050800,KBS
2024-02-21 07:00:00,60152.0,60152.0,59306.0,59870.0,955100,KBS
2024-02-22 07:00:00,59776.0,60810.0,59682.0,60340.0,584700,KBS
2024-02-23 07:00:00,60810.0,62784.0,60622.0,60716.0,2037400,KBS
2024-02-26 07:00:00,61374.0,64945.0,60998.0,64945.0,2844300,KBS
2024-02-27 07:00:00,66073.0,66919.0,65321.0,66449.0,1426100,KBS
2024-02-28 07:00:00,66637.0,67389.0,65415.0,67107.0,1989400,KBS
2024-02-29 07:00:00,66919.0,69081.0,66355.0,69081.0,1498500,KBS
2024-03-01 07:00:00,69551.0,69551.0,68141.0,69175.0,981500,KBS
2024-03-04 07:00:00,70491.0,70491.0,68141.0,68893.0,1337200,KBS
2024-03-05 07:00:00,68517.0,69739.0,68047.0,68893.0,968000,KBS
2024-03-06 07:00:00,68893.0,70021.0,68235.0,70021.0,999300,KBS
2024-03-07 07:00:00,69739.0,71900.0,69081.0,71900.0,1214900,KBS
2024-03-08 07:00:00,71900.0,72088.0,70209.0,70397.0,1462400,KBS
2024-03-11 07:00:00,69833.0,73122.0,69833.0,70303.0,1435800,KBS
2024-03-12 07:00:00,69081.0,71806.0,68799.0,70397.0,940500,KBS
2024-03-13 07:00:00,71430.0,75096.0,70866.0,73404.0,1228500,KBS
2024-03-14 07:00:00,73404.0,73498.0,72088.0,72370.0,1227200,KBS
2024-03-15 07:00:00,72370.0,73686.0,70960.0,72464.0,1161300,KBS
2024-03-18 07:00:00,72558.0,73498.0,67483.0,72370.0,1968700,KBS
2024-03-19 07:00:00,73122.0,73122.0,70491.0,72558.0,767800,KBS
2024-03-20 07:00:00,73028.0,73028.0,71148.0,72088.0,477500,KBS
2024-03-21 07:00:00,72840.0,74720.0,71618.0,71712.0,1267800,KBS
2024-03-22 07:00:00,71712.0,73686.0,71054.0,72652.0,996900,KBS
2024-03-25 07:00:00,72652.0,72652.0,70960.0,70960.0,962500,KBS
2024-03-26 07:00:00,70960.0,73310.0,70397.0,71994.0,509900,KBS
2024-03-27 07:00:00,72370.0,72934.0,71712.0,72370.0,553500,KBS
2024-03-28 07:00:00,72934.0,75190.0,72464.0,74532.0,1426900,KBS
2024-03-29 07:00:00,74532.0,74532.0,73498.0,73686.0,432300,KBS
2024-04-01 07:00:00,73780.0,73780.0,72182.0,72370.0,667000,KBS
2024-04-02 07:00:00,71994.0,71994.0,70397.0,71618.0,1321000,KBS
2024-04-03 07:00:00,71806.0,72934.0,71242.0,72088.0,799200,KBS
2024-04-04 07:00:00,72088.0,72276.0,70679.0,70679.0,622000,KBS
2024-04-05 07:00:00,70491.0,70491.0,69081.0,69457.0,764200,KBS
2024-04-08 07:00:00,69363.0,70303.0,68423.0,69269.0,496300,KBS
2024-04-09 07:00:00,69081.0,69739.0,68987.0,69739.0,298300,KBS
2024-04-10 07:00:00,70021.0,70773.0,69551.0,69551.0,402900,KBS
2024-04-11 07:00:00,69081.0,69363.0,68423.0,69081.0,487500,KBS
2024-04-12 07:00:00,70397.0,70397.0,69269.0,70115.0,344600,KBS
2024-04-15 07:00:00,70209.0,70303.0,65791.0,65791.0,863000,KBS
2024-04-16 07:00:00,65603.0,65885.0,64851.0,65885.0,975400,KBS
2024-04-17 07:00:00,66167.0,67483.0,65603.0,65791.0,636700,KBS
2024-04-19 07:00:00,65415.0,66261.0,64663.0,65321.0,535000,KBS
2024-04-22 07:00:00,65509.0,67107.0,65321.0,67107.0,394100,KBS
2024-04-23 07:00:00,67483.0,67483.0,65791.0,66167.0,261700,KBS
2024-04-24 07:00:00,67013.0,70021.0,66731.0,69927.0,582800,KBS
2024-04-25 07:00:00,69927.0,69927.0,68611.0,69551.0,239000,KBS
2024-04-26 07:00:00,68705.0,71430.0,68611.0,69551.0,536400,KBS
2024-05-02 07:00:00,69551.0,71336.0,68893.0,71336.0,539200,KBS
2024-05-03 07:00:00,72088.0,72088.0,69551.0,70115.0,755500,KBS
2024-05-06 07:00:00,70866.0,70960.0,69833.0,70960.0,754400,KBS
2024-05-07 07:00:00,71430.0,73122.0,70960.0,71806.0,979000,KBS
2024-05-08 07:00:00,71148.0,72370.0,70209.0,72276.0,1132300,KBS
2024-05-09 07:00:00,74250.0,77258.0,72840.0,73780.0,4404000,KBS
2024-05-10 07:00:00,74908.0,75190.0,71900.0,72370.0,1067700,KBS
2024-05-13 07:00:00,72370.0,73122.0,69645.0,70209.0,1987700,KBS
2024-05-14 07:00:00,70491.0,71618.0,69363.0,71430.0,1354600,KBS
2024-05-15 07:00:00,71994.0,72182.0,70679.0,71148.0,1203400,KBS
2024-05-16 07:00:00,71430.0,71712.0,70303.0,70397.0,1524100,KBS
2024-05-17 07:00:00,70773.0,71806.0,69833.0,71148.0,1329900,KBS
2024-05-20 07:00:00,71712.0,73028.0,71148.0,71430.0,1968000,KBS
2024-05-21 07:00:00,71430.0,72840.0,71054.0,72840.0,1427600,KBS
2024-05-22 07:00:00,73028.0,73498.0,71242.0,71336.0,1770500,KBS
2024-05-23 07:00:00,71148.0,72088.0,70960.0,72088.0,1028600,KBS
2024-05-24 07:00:00,71806.0,71806.0,68141.0,68799.0,2188000,KBS
2024-05-27 07:00:00,68611.0,68893.0,68141.0,68517.0,821800,KBS
2024-05-28 07:00:00,69175.0,69457.0,68517.0,69175.0,788100,KBS
2024-05-29 07:00:00,69457.0,71054.0,68423.0,68423.0,1347700,KBS
2024-05-30 07:00:00,67953.0,69551.0,67859.0,69175.0,1329000,KBS
2024-05-31 07:00:00,69739.0,70303.0,69175.0,69551.0,848000,KBS
2024-06-03 07:00:00,70397.0,70679.0,69645.0,70115.0,946600,KBS
2024-06-04 07:00:00,70773.0,70773.0,69269.0,69551.0,860800,KBS
2024-06-05 07:00:00,70303.0,70491.0,69457.0,69457.0,562800,KBS
2024-06-06 07:00:00,69457.0,69645.0,68141.0,68799.0,1182500,KBS
2024-06-07 07:00:00,68893.0,69363.0,68799.0,69363.0,418000,KBS
2024-06-10 07:00:00,69551.0,72370.0,69457.0,71430.0,2397100,KBS
2024-06-11 07:00:00,71994.0,71994.0,70303.0,70773.0,1106700,KBS
2024-06-12 07:00:00,70773.0,71430.0,70115.0,71430.0,799100,KBS
2024-06-13 07:00:00,71618.0,72840.0,71148.0,72840.0,2217900,KBS
2024-06-14 07:00:00,73310.0,73310.0,70303.0,70303.0,1449900,KBS
2024-06-17 07:00:00,70209.0,71806.0,69551.0,70960.0,1058800,KBS
2024-06-18 07:00:00,71430.0,72464.0,70491.0,72088.0,1221000,KBS
2024-06-19 07:00:00,72558.0,75472.0,71242.0,71242.0,4324300,KBS
2024-06-20 07:00:00,71054.0,71430.0,69645.0,70585.0,1568900,KBS
2024-06-21 07:00:00,70960.0,71242.0,69269.0,69363.0,2391700,KBS
2024-06-24 07:00:00,69457.0,69551.0,67013.0,67201.0,2178800,KBS
2024-06-25 07:00:00,67201.0,67859.0,67201.0,67671.0,626700,KBS
2024-06-26 07:00:00,67671.0,67765.0,66731.0,67765.0,655200,KBS
2024-06-27 07:00:00,68235.0,68517.0,67389.0,67577.0,789900,KBS
2024-06-28 07:00:00,67577.0,67765.0,65791.0,65885.0,1170000,KBS
2024-07-01 07:00:00,66261.0,67201.0,65885.0,67013.0,640400,KBS
2024-07-02 07:00:00,67013.0,67483.0,66919.0,67389.0,337000,KBS
2024-07-03 07:00:00,67765.0,68517.0,67295.0,68235.0,807400,KBS
2024-07-04 07:00:00,68611.0,68611.0,67953.0,68141.0,236100,KBS
2024-07-05 07:00:00,68141.0,68987.0,68141.0,68611.0,576400,KBS
2024-07-08 07:00:00,68705.0,69269.0,68423.0,68799.0,534800,KBS
2024-07-09 07:00:00,68987.0,69927.0,68799.0,69457.0,864300,KBS
2024-07-10 07:00:00,69551.0,69739.0,68611.0,68611.0,578400,KBS
2024-07-11 07:00:00,68611.0,69551.0,68517.0,68799.0,737300,KBS
2024-07-12 07:00:00,68705.0,70491.0,68705.0,70303.0,1137000,KBS
2024-07-15 07:00:00,70866.0,70866.0,69645.0,70021.0,361000,KBS
2024-07-16 07:00:00,69927.0,70491.0,69551.0,69551.0,595700,KBS
2024-07-17 07:00:00,70209.0,70209.0,65979.0,67953.0,941700,KBS
2024-07-18 07:00:00,67953.0,68517.0,67389.0,68517.0,524600,KBS
2024-07-19 07:00:00,68987.0,69363.0,67765.0,68705.0,440800,KBS
2024-07-22 07:00:00,68329.0,68893.0,67389.0,68141.0,612800,KBS
2024-07-23 07:00:00,68141.0,68987.0,67483.0,67671.0,667100,KBS
2024-07-24 07:00:00,67577.0,67577.0,64945.0,65791.0,770900,KBS
2024-07-25 07:00:00,64663.0,66543.0,64663.0,66261.0,209400,KBS
2024-07-26 07:00:00,66073.0,67295.0,66073.0,67201.0,329300,KBS
2024-07-29 07:00:00,67295.0,67953.0,66449.0,67953.0,417100,KBS
2024-07-30 07:00:00,68047.0,68047.0,66731.0,66731.0,306600,KBS
2024-07-31 07:00:00,66825.0,67765.0,66731.0,66919.0,234100,KBS
2024-08-01 07:00:00,66731.0,66919.0,64099.0,65227.0,759300,KBS
2024-08-02 07:00:00,64757.0,66543.0,64663.0,66073.0,459600,KBS
2024-08-05 07:00:00,64663.0,65321.0,62596.0,62972.0,1030900,KBS
2024-08-06 07:00:00,62972.0,64381.0,62784.0,64381.0,322800,KBS
2024-08-07 07:00:00,64005.0,64475.0,64005.0,64193.0,189800,KBS
2024-08-08 07:00:00,64193.0,64851.0,63723.0,64287.0,186800,KBS
2024-08-09 07:00:00,64475.0,65321.0,64287.0,64757.0,303100,KBS
2024-08-12 07:00:00,64381.0,65133.0,64381.0,65133.0,195200,KBS
2024-08-13 07:00:00,65133.0,65227.0,64569.0,64851.0,162300,KBS
2024-08-14 07:00:00,65697.0,66731.0,65227.0,66167.0,749400,KBS
2024-08-15 07:00:00,66637.0,66637.0,65885.0,66167.0,324800,KBS
2024-08-16 07:00:00,66637.0,67859.0,66261.0,67671.0,483100,KBS
2024-08-19 07:00:00,67859.0,68141.0,67483.0,68047.0,338100,KBS
2024-08-20 07:00:00,68047.0,68329.0,67295.0,67859.0,359200,KBS
2024-08-21 07:00:00,68047.0,68141.0,67389.0,67671.0,448400,KBS
2024-08-22 07:00:00,67765.0,67765.0,67107.0,67389.0,459900,KBS
2024-08-23 07:00:00,67201.0,69833.0,67201.0,69081.0,1332200,KBS
2024-08-26 07:00:00,69551.0,70021.0,69175.0,69927.0,1069000,KBS
2024-08-27 07:00:00,69927.0,69927.0,68705.0,69081.0,363600,KBS
2024-08-28 07:00:00,69081.0,70397.0,68799.0,69739.0,555600,KBS
2024-08-29 07:00:00,69739.0,69833.0,69081.0,69645.0,324900,KBS
2024-08-30 07:00:00,69739.0,70303.0,69175.0,69175.0,376100,KBS
2024-09-04 07:00:00,68423.0,68893.0,67765.0,68611.0,501800,KBS
2024-09-05 07:00:00,68517.0,68611.0,66919.0,67201.0,576000,KBS
2024-09-06 07:00:00,67201.0,67483.0,65885.0,66167.0,870000,KBS
2024-09-09 07:00:00,66167.0,66637.0,65885.0,65885.0,296800,KBS
2024-09-10 07:00:00,66167.0,68799.0,65979.0,66261.0,478300,KBS
2024-09-11 07:00:00,66261.0,66355.0,65603.0,65697.0,269400,KBS
2024-09-12 07:00:00,66073.0,66543.0,65885.0,66073.0,361100,KBS
2024-09-13 07:00:00,66073.0,66167.0,65321.0,65697.0,436400,KBS
2024-09-16 07:00:00,65697.0,65979.0,64005.0,64663.0,389400,KBS
2024-09-17 07:00:00,64475.0,66073.0,64475.0,65791.0,366700,KBS
2024-09-18 07:00:00,65885.0,67671.0,65885.0,66919.0,471000,KBS
2024-09-19 07:00:00,67483.0,67483.0,66355.0,66919.0,218400,KBS
2024-09-20 07:00:00,67859.0,68047.0,67295.0,68047.0,558500,KBS
2024-09-23 07:00:00,68047.0,68047.0,67295.0,67295.0,200100,KBS
2024-09-24 07:00:00,67295.0,67765.0,67013.0,67671.0,143600,KBS
2024-09-25 07:00:00,67765.0,68235.0,67577.0,68141.0,349700,KBS
2024-09-26 07:00:00,68047.0,68987.0,67577.0,68141.0,591400,KBS
2024-09-27 07:00:00,68423.0,68423.0,67483.0,67671.0,485600,KBS
2024-09-30 07:00:00,67671.0,68047.0,67483.0,67953.0,183000,KBS
2024-10-01 07:00:00,67859.0,68423.0,66731.0,66731.0,757200,KBS
2024-10-02 07:00:00,66731.0,67201.0,65885.0,65885.0,543200,KBS
2024-10-03 07:00:00,66261.0,66825.0,65509.0,65603.0,392500,KBS
2024-10-04 07:00:00,65415.0,65791.0,65227.0,65321.0,570900,KBS
2024-10-07 07:00:00,65791.0,66637.0,65509.0,65791.0,431100,KBS
2024-10-08 07:00:00,65791.0,66449.0,65791.0,66073.0,259000,KBS
2024-10-09 07:00:00,66261.0,67295.0,66261.0,67201.0,461300,KBS
2024-10-10 07:00:00,67577.0,68141.0,67013.0,67671.0,467700,KBS
2024-10-11 07:00:00,67671.0,68423.0,66919.0,67671.0,395500,KBS
2024-10-14 07:00:00,68141.0,69457.0,68047.0,68799.0,1373000,KBS
2024-10-15 07:00:00,68799.0,68987.0,67389.0,67671.0,466900,KBS
2024-10-16 07:00:00,67671.0,68987.0,67389.0,68987.0,654700,KBS
2024-10-17 07:00:00,69363.0,69363.0,68235.0,68329.0,403300,KBS
2024-10-18 07:00:00,68423.0,69363.0,67953.0,68799.0,602600,KBS
2024-10-21 07:00:00,68799.0,69551.0,67671.0,67671.0,564500,KBS
2024-10-22 07:00:00,67389.0,68799.0,67389.0,68141.0,609400,KBS
2024-10-23 07:00:00,68047.0,68423.0,67577.0,68423.0,296000,KBS
2024-10-24 07:00:00,68517.0,68517.0,66825.0,66825.0,614900,KBS
2024-10-25 07:00:00,67483.0,67483.0,65885.0,66543.0,628400,KBS
2024-10-28 07:00:00,66543.0,66825.0,65979.0,66355.0,382800,KBS
2024-10-29 07:00:00,66731.0,67577.0,66355.0,67577.0,328000,KBS
2024-10-30 07:00:00,67953.0,67953.0,66355.0,66731.0,514100,KBS
2024-10-31 07:00:00,66449.0,67389.0,66167.0,67013.0,287900,KBS
2024-11-01 07:00:00,66731.0,67201.0,66261.0,66449.0,327800,KBS
2024-11-04 07:00:00,66637.0,66637.0,65415.0,65509.0,429900,KBS
2024-11-05 07:00:00,65509.0,67013.0,65415.0,66731.0,383900,KBS
2024-11-06 07:00:00,67107.0,69175.0,66825.0,67765.0,1085100,KBS
2024-11-07 07:00:00,68611.0,68893.0,68141.0,68141.0,683500,KBS
2024-11-08 07:00:00,68141.0,70773.0,68047.0,70115.0,1811300,KBS
2024-11-11 07:00:00,70397.0,71336.0,70209.0,70491.0,1319600,KBS
2024-11-12 07:00:00,70960.0,71148.0,69551.0,69551.0,923500,KBS
2024-11-13 07:00:00,69175.0,70115.0,68517.0,69551.0,1101400,KBS
2024-11-14 07:00:00,69927.0,71712.0,69175.0,69363.0,1255500,KBS
2024-11-15 07:00:00,69457.0,70866.0,68893.0,69551.0,1468700,KBS
2024-11-18 07:00:00,69739.0,70491.0,68141.0,69175.0,910100,KBS
2024-11-19 07:00:00,69175.0,70491.0,65791.0,65791.0,1396400,KBS
2024-11-20 07:00:00,65979.0,67389.0,64663.0,66167.0,780300,KBS
2024-11-21 07:00:00,66543.0,67577.0,66261.0,67577.0,446500,KBS
2024-11-22 07:00:00,67953.0,67953.0,67013.0,67295.0,592300,KBS
2024-11-25 07:00:00,67483.0,67765.0,67107.0,67295.0,287800,KBS
2024-11-26 07:00:00,67295.0,68517.0,67295.0,67765.0,546200,KBS
2024-11-27 07:00:00,67765.0,68047.0,67107.0,67859.0,450900,KBS
2024-11-28 07:00:00,68141.0,68235.0,66825.0,67201.0,620400,KBS
2024-11-29 07:00:00,67201.0,68893.0,67201.0,68423.0,557800,KBS
2024-12-02 07:00:00,68893.0,68987.0,68517.0,68799.0,398700,KBS
2024-12-03 07:00:00,68987.0,70397.0,68517.0,69269.0,1022400,KBS
2024-12-04 07:00:00,69551.0,70021.0,64475.0,68517.0,1004500,KBS
2024-12-05 07:00:00,68807.0,71609.0,67840.0,71029.0,1564100,KBS
2024-12-06 07:00:00,71416.0,72769.0,70256.0,70256.0,1366200,KBS
2024-12-09 07:00:00,70160.0,71803.0,70160.0,71319.0,653400,KBS
2024-12-10 07:00:00,71029.0,72189.0,70353.0,70643.0,793500,KBS
2024-12-11 07:00:00,70933.0,72672.0,70353.0,71609.0,1505900,KBS
2024-12-12 07:00:00,71706.0,71996.0,70740.0,70740.0,450100,KBS
2024-12-13 07:00:00,70546.0,71126.0,69677.0,70160.0,567800,KBS
2024-12-16 07:00:00,70160.0,70546.0,69290.0,69580.0,327900,KBS
2024-12-17 07:00:00,70063.0,70450.0,69483.0,70256.0,416200,KBS
2024-12-18 07:00:00,70256.0,71513.0,70256.0,71416.0,676000,KBS
2024-12-19 07:00:00,70546.0,72092.0,70160.0,70740.0,737600,KBS
2024-12-20 07:00:00,70643.0,72382.0,70643.0,70836.0,951600,KBS
2024-12-23 07:00:00,71126.0,71706.0,70740.0,70740.0,448300,KBS
2024-12-24 07:00:00,70740.0,72479.0,70740.0,71513.0,988700,KBS
2024-12-25 07:00:00,72189.0,72189.0,70836.0,71126.0,708100,KBS
2024-12-26 07:00:00,71126.0,71996.0,70546.0,70546.0,780800,KBS
2024-12-27 07:00:00,70546.0,70643.0,69097.0,69483.0,1024300,KBS
2024-12-30 07:00:00,69773.0,69773.0,69097.0,69097.0,282500,KBS
2024-12-31 07:00:00,69097.0,70160.0,68130.0,68130.0,698200,KBS
2025-01-02 07:00:00,69000.0,69097.0,68324.0,68710.0,350800,KBS
2025-01-03 07:00:00,68903.0,69483.0,68130.0,68130.0,536700,KBS
2025-01-06 07:00:00,68130.0,68517.0,66294.0,66874.0,1158500,KBS
2025-01-07 07:00:00,67164.0,67647.0,66198.0,66777.0,691500,KBS
2025-01-08 07:00:00,66777.0,67261.0,66391.0,67067.0,453600,KBS
2025-01-09 07:00:00,66681.0,67067.0,65231.0,65714.0,993400,KBS
2025-01-10 07:00:00,65521.0,65714.0,62815.0,62815.0,1712100,KBS
2025-01-13 07:00:00,62622.0,64651.0,62622.0,64458.0,487200,KBS
2025-01-14 07:00:00,64458.0,65231.0,63492.0,63878.0,610500,KBS
2025-01-15 07:00:00,64265.0,64748.0,63782.0,64555.0,456700,KBS
2025-01-16 07:00:00,65038.0,65618.0,64361.0,65038.0,708100,KBS
2025-01-17 07:00:00,65328.0,65328.0,64265.0,64845.0,494900,KBS
2025-01-20 07:00:00,66294.0,68034.0,65811.0,67744.0,1472900,KBS
2025-01-21 07:00:00,68903.0,69483.0,67744.0,67840.0,1357500,KBS
2025-01-22 07:00:00,68130.0,68130.0,66101.0,66391.0,578900,KBS
2025-01-23 07:00:00,66391.0,67067.0,66294.0,66681.0,341300,KBS
2025-01-24 07:00:00,67164.0,67164.0,65811.0,65811.0,505400,KBS
2025-02-03 07:00:00,65908.0,66777.0,65811.0,66101.0,317000,KBS
2025-02-04 07:00:00,67357.0,68517.0,66874.0,67840.0,560600,KBS
2025-02-05 07:00:00,68227.0,68903.0,67647.0,68420.0,640900,KBS
2025-02-06 07:00:00,68517.0,68613.0,67647.0,68130.0,393300,KBS
2025-02-07 07:00:00,68613.0,69193.0,67647.0,67647.0,929800,KBS
2025-02-10 07:00:00,67744.0,68130.0,66487.0,66487.0,730100,KBS
2025-02-11 07:00:00,66681.0,68324.0,66584.0,67744.0,411100,KBS
2025-02-12 07:00:00,67744.0,67744.0,67067.0,67164.0,224400,KBS
2025-02-13 07:00:00,67261.0,68130.0,67067.0,67647.0,355300,KBS
2025-02-14 07:00:00,68324.0,69097.0,67937.0,68130.0,771800,KBS
2025-02-17 07:00:00,68130.0,68227.0,67357.0,67357.0,749500,KBS
2025-02-18 07:00:00,67357.0,67357.0,66874.0,66971.0,613000,KBS
2025-02-19 07:00:00,67261.0,68324.0,66874.0,68227.0,700300,KBS
2025-02-20 07:00:00,68420.0,68807.0,67550.0,68034.0,563600,KBS
2025-02-21 07:00:00,68517.0,70546.0,68130.0,68613.0,1361900,KBS
2025-02-24 07:00:00,68227.0,68807.0,68034.0,68130.0,408900,KBS
2025-02-25 07:00:00,68324.0,68613.0,67454.0,67840.0,1016600,KBS
2025-02-26 07:00:00,67744.0,68517.0,67550.0,68034.0,668600,KBS
2025-02-27 07:00:00,68034.0,69483.0,68034.0,69000.0,1002800,KBS
2025-02-28 07:00:00,69000.0,69483.0,68517.0,69483.0,1125600,KBS
2025-03-03 07:00:00,69773.0,70160.0,69677.0,69870.0,1120800,KBS
2025-03-04 07:00:00,69870.0,69870.0,68517.0,69677.0,1104700,KBS
2025-03-05 07:00:00,69677.0,69677.0,68324.0,68324.0,873200,KBS
2025-03-06 07:00:00,68420.0,69000.0,68227.0,68710.0,689500,KBS
2025-03-07 07:00:00,68710.0,68807.0,68130.0,68420.0,1061400,KBS
2025-03-10 07:00:00,68613.0,68807.0,67067.0,67067.0,1730200,KBS
2025-03-11 07:00:00,66101.0,66681.0,66004.0,66487.0,1012700,KBS
2025-03-12 07:00:00,66874.0,66874.0,65328.0,65424.0,1377600,KBS
2025-03-13 07:00:00,65714.0,66198.0,65328.0,65618.0,689900,KBS
2025-03-14 07:00:00,65618.0,65618.0,64361.0,64748.0,1245200,KBS
2025-03-17 07:00:00,64748.0,66004.0,64168.0,65134.0,587900,KBS
2025-03-18 07:00:00,66004.0,66777.0,65328.0,65811.0,1075500,KBS
2025-03-19 07:00:00,65811.0,66681.0,65134.0,65908.0,453000,KBS
2025-03-20 07:00:00,65908.0,66391.0,64265.0,64555.0,894200,KBS
2025-03-21 07:00:00,64555.0,65231.0,64458.0,64555.0,341700,KBS
2025-03-24 07:00:00,65038.0,65038.0,63878.0,64555.0,388900,KBS
2025-03-25 07:00:00,64361.0,65038.0,63975.0,64071.0,804800,KBS
2025-03-26 07:00:00,64071.0,64265.0,62429.0,63202.0,1211300,KBS
2025-03-27 07:00:00,63492.0,63492.0,61849.0,61849.0,932600,KBS
2025-03-28 07:00:00,61849.0,62235.0,59916.0,59916.0,1160800,KBS
2025-03-31 07:00:00,60013.0,61172.0,60013.0,60399.0,396500,KBS
2025-04-01 07:00:00,60979.0,61366.0,60303.0,60689.0,494500,KBS
2025-04-02 07:00:00,60786.0,60882.0,60399.0,60689.0,640100,KBS
2025-04-03 07:00:00,56534.0,56534.0,56534.0,56534.0,463600,KBS
2025-04-04 07:00:00,52668.0,52668.0,52668.0,52668.0,149900,KBS
2025-04-08 07:00:00,48996.0,48996.0,48996.0,48996.0,441600,KBS
2025-04-09 07:00:00,45613.0,45613.0,45613.0,45613.0,397300,KBS
2025-04-10 07:00:00,48803.0,48803.0,48803.0,48803.0,1488800,KBS
2025-04-11 07:00:00,51025.0,51025.0,45420.0,47353.0,3525700,KBS
2025-04-14 07:00:00,48899.0,50639.0,48706.0,50639.0,1909200,KBS
2025-04-15 07:00:00,50639.0,51895.0,47933.0,48126.0,1470000,KBS
2025-04-16 07:00:00,48319.0,48706.0,46097.0,46628.0,1225100,KBS
2025-04-17 07:00:00,46580.0,46580.0,43487.0,44357.0,1697400,KBS
2025-04-18 07:00:00,45420.0,46870.0,45420.0,46387.0,1837400,KBS
2025-04-21 07:00:00,46870.0,47063.0,45420.0,45420.0,808100,KBS
2025-04-22 07:00:00,44550.0,45179.0,42279.0,42279.0,1782900,KBS
2025-04-23 07:00:00,43487.0,44164.0,42811.0,43487.0,2012300,KBS
2025-04-24 07:00:00,43487.0,46532.0,43487.0,46532.0,2182000,KBS
2025-04-25 07:00:00,47450.0,48706.0,46966.0,48029.0,1789500,KBS
2025-04-28 07:00:00,48319.0,48319.0,46338.0,46387.0,1708200,KBS
2025-04-29 07:00:00,46870.0,48174.0,46676.0,48029.0,923100,KBS
2025-05-05 07:00:00,48319.0,48319.0,47208.0,48174.0,993300,KBS
2025-05-06 07:00:00,48803.0,50155.0,48609.0,49962.0,1621500,KBS
2025-05-07 07:00:00,49962.0,50059.0,48996.0,50059.0,949000,KBS
2025-05-08 07:00:00,50349.0,50929.0,49769.0,49962.0,885500,KBS
2025-05-09 07:00:00,50252.0,50735.0,48803.0,49962.0,1135300,KBS
2025-05-12 07:00:00,49962.0,51025.0,49576.0,51025.0,1190600,KBS
2025-05-13 07:00:00,52185.0,53441.0,51798.0,53248.0,2718500,KBS
2025-05-14 07:00:00,52958.0,53055.0,51895.0,52958.0,1478700,KBS
2025-05-15 07:00:00,53151.0,53151.0,51508.0,52088.0,1427000,KBS
2025-05-16 07:00:00,52088.0,52088.0,51025.0,51025.0,1444100,KBS
2025-05-19 07:00:00,50542.0,51508.0,50349.0,50445.0,918800,KBS
2025-05-20 07:00:00,50252.0,53538.0,50252.0,52571.0,2155600,KBS
2025-05-21 07:00:00,52861.0,52861.0,51508.0,51992.0,798400,KBS
2025-05-22 07:00:00,52378.0,52378.0,51315.0,51315.0,915100,KBS
2025-05-23 07:00:00,51025.0,51412.0,50735.0,50832.0,649800,KBS
2025-05-26 07:00:00,50832.0,54311.0,50639.0,54311.0,2501400,KBS
2025-05-27 07:00:00,57500.0,57500.0,56050.0,56437.0,2470100,KBS
2025-05-28 07:00:00,56437.0,56630.0,54698.0,54987.0,1754900,KBS
2025-05-29 07:00:00,56437.0,56437.0,55277.0,55761.0,1161600,KBS
2025-05-30 07:00:00,55471.0,55471.0,53634.0,53634.0,1933400,KBS
2025-06-02 07:00:00,53634.0,53828.0,52668.0,53828.0,1070300,KBS
2025-06-03 07:00:00,54311.0,54601.0,53828.0,54311.0,583000,KBS
2025-06-04 07:00:00,54311.0,55374.0,53924.0,54021.0,753600,KBS
2025-06-05 07:00:00,54311.0,54601.0,53441.0,54504.0,905900,KBS
2025-06-06 07:00:00,54891.0,54891.0,53828.0,53924.0,514700,KBS
2025-06-09 07:00:00,53248.0,53345.0,52185.0,52185.0,777800,KBS
2025-06-10 07:00:00,52282.0,52668.0,51992.0,52088.0,612800,KBS
2025-06-11 07:00:00,52571.0,52571.0,51702.0,51798.0,473400,KBS
2025-06-12 07:00:00,51895.0,52958.0,51895.0,52282.0,533100,KBS
2025-06-13 07:00:00,51702.0,53248.0,51219.0,51895.0,1352700,KBS
2025-06-16 07:00:00,51895.0,52958.0,51895.0,52765.0,664600,KBS
2025-06-17 07:00:00,52861.0,52958.0,52088.0,52378.0,807600,KBS
2025-06-18 07:00:00,52378.0,53441.0,52185.0,52668.0,885900,KBS
2025-06-19 07:00:00,52861.0,52861.0,51895.0,52185.0,554900,KBS
2025-06-20 07:00:00,52185.0,55761.0,51895.0,55664.0,2892600,KBS
2025-06-23 07:00:00,54698.0,55181.0,53634.0,54698.0,1795500,KBS
2025-06-24 07:00:00,55664.0,56050.0,54601.0,54794.0,1718000,KBS
2025-06-25 07:00:00,54987.0,55664.0,54601.0,54987.0,1349800,KBS
2025-06-26 07:00:00,55084.0,56920.0,54601.0,56534.0,2483200,KBS
2025-06-27 07:00:00,57113.0,59626.0,56244.0,57693.0,2244800,KBS
2025-06-30 07:00:00,58273.0,59723.0,57597.0,57693.0,1578800,KBS
2025-07-01 07:00:00,58176.0,58176.0,56050.0,56920.0,2112100,KBS
2025-07-02 07:00:00,57113.0,59626.0,56727.0,58756.0,2744200,KBS
2025-07-03 07:00:00,56824.0,58853.0,55084.0,55471.0,3745000,KBS
2025-07-04 07:00:00,55567.0,56534.0,55471.0,55857.0,1211500,KBS
2025-07-07 07:00:00,56920.0,56920.0,55567.0,56050.0,939600,KBS
2025-07-08 07:00:00,57500.0,57790.0,56340.0,56534.0,1564500,KBS
2025-07-09 07:00:00,57017.0,57597.0,56727.0,57597.0,2922900,KBS
2025-07-10 07:00:00,57983.0,58273.0,57017.0,57113.0,954300,KBS
2025-07-11 07:00:00,57307.0,57307.0,56050.0,56147.0,1595400,KBS
2025-07-14 07:00:00,56437.0,56534.0,55471.0,55761.0,948900,KBS
2025-07-15 07:00:00,55954.0,56630.0,55664.0,55761.0,1114900,KBS
2025-07-16 07:00:00,55664.0,55761.0,54987.0,55181.0,2026800,KBS
2025-07-17 07:00:00,55567.0,56244.0,55374.0,55664.0,1149700,KBS
2025-07-18 07:00:00,55567.0,55954.0,54504.0,54987.0,2661400,KBS
2025-07-21 07:00:00,54987.0,55664.0,54987.0,55277.0,984900,KBS
2025-07-22 07:00:00,55567.0,56920.0,55471.0,55664.0,1764500,KBS
2025-07-23 07:00:00,56147.0,56147.0,55181.0,55664.0,1148800,KBS
2025-07-24 07:00:00,55857.0,57307.0,55664.0,56244.0,3373800,KBS
2025-07-25 07:00:00,56340.0,57307.0,56050.0,56147.0,3823100,KBS
2025-07-28 07:00:00,56534.0,56920.0,55954.0,56437.0,2428800,KBS
2025-07-29 07:00:00,56920.0,56920.0,52861.0,52861.0,3168400,KBS
2025-07-30 07:00:00,53055.0,54214.0,53055.0,54118.0,1437600,KBS
2025-07-31 07:00:00,54794.0,54987.0,53151.0,54698.0,1190600,KBS
2025-08-01 07:00:00,54891.0,54891.0,53441.0,53828.0,883700,KBS
2025-08-04 07:00:00,54794.0,56630.0,54408.0,56244.0,2588600,KBS
2025-08-05 07:00:00,56630.0,57017.0,54794.0,56050.0,3009400,KBS
2025-08-06 07:00:00,56244.0,58563.0,55664.0,58080.0,3897200,KBS
2025-08-07 07:00:00,58756.0,58853.0,57307.0,57597.0,1785400,KBS
2025-08-08 07:00:00,58466.0,58466.0,55954.0,56534.0,2301200,KBS
2025-08-11 07:00:00,57017.0,57113.0,56147.0,56824.0,1413700,KBS
2025-08-12 07:00:00,56920.0,57790.0,56920.0,57597.0,1919100,KBS
2025-08-13 07:00:00,57983.0,60496.0,57113.0,60206.0,5124600,KBS
2025-08-14 07:00:00,60882.0,60882.0,58660.0,59240.0,1495100,KBS
2025-08-15 07:00:00,59336.0,59336.0,56340.0,57017.0,2723800,KBS
2025-08-18 07:00:00,57113.0,57500.0,55857.0,56050.0,1847700,KBS
2025-08-19 07:00:00,56147.0,57113.0,55664.0,56244.0,1700900,KBS
2025-08-20 07:00:00,56437.0,57113.0,54601.0,55181.0,1851800,KBS
2025-08-21 07:00:00,55857.0,55857.0,53924.0,54504.0,1749100,KBS
2025-08-22 07:00:00,54504.0,55374.0,53345.0,53828.0,1405900,KBS
2025-08-25 07:00:00,54311.0,55084.0,53151.0,53151.0,1166400,KBS
2025-08-26 07:00:00,53248.0,55374.0,53248.0,55374.0,1204600,KBS
2025-08-27 07:00:00,55181.0,55567.0,54311.0,54311.0,1085200,KBS
2025-08-28 07:00:00,54891.0,56147.0,54311.0,55567.0,761000,KBS
2025-08-29 07:00:00,55857.0,55954.0,54891.0,54987.0,641300,KBS
2025-09-03 07:00:00,55277.0,55857.0,54987.0,55664.0,652200,KBS
2025-09-04 07:00:00,56244.0,56727.0,55664.0,56244.0,1551900,KBS
2025-09-05 07:00:00,56630.0,57790.0,56147.0,56244.0,1625500,KBS
2025-09-08 07:00:00,56534.0,57597.0,56050.0,56147.0,2043100,KBS
2025-09-09 07:00:00,56437.0,56437.0,55181.0,56340.0,1172800,KBS
2025-09-10 07:00:00,56340.0,56920.0,56050.0,56050.0,964500,KBS
2025-09-11 07:00:00,56147.0,57887.0,55954.0,57693.0,2374000,KBS
2025-09-12 07:00:00,58370.0,59336.0,57790.0,58080.0,2517000,KBS
2025-09-15 07:00:00,58660.0,62139.0,58466.0,62139.0,4817000,KBS
2025-09-16 07:00:00,62429.0,64071.0,61849.0,63492.0,3266900,KBS
2025-09-17 07:00:00,63492.0,63782.0,61945.0,62042.0,2327600,KBS
2025-09-18 07:00:00,62139.0,62719.0,60399.0,61366.0,2234900,KBS
2025-09-19 07:00:00,61366.0,61752.0,60206.0,60303.0,1586900,KBS
2025-09-22 07:00:00,60303.0,60689.0,56534.0,58370.0,2779800,KBS
2025-09-23 07:00:00,58563.0,59723.0,58176.0,58853.0,878400,KBS
2025-09-24 07:00:00,58660.0,58756.0,57113.0,58466.0,2551700,KBS
2025-09-25 07:00:00,58466.0,58563.0,57307.0,57790.0,2107700,KBS
2025-09-26 07:00:00,57790.0,57887.0,57210.0,57500.0,1002000,KBS
2025-09-29 07:00:00,58000.0,58200.0,55500.0,55500.0,1764900,KBS
2025-09-30 07:00:00,55500.0,56500.0,55200.0,55700.0,1533400,KBS
2025-10-01 07:00:00,55800.0,55800.0,54600.0,55100.0,1636900,KBS
2025-10-02 07:00:00,55200.0,55200.0,54000.0,54000.0,1025300,KBS
2025-10-03 07:00:00,54100.0,55600.0,53700.0,55100.0,1254200,KBS
2025-10-06 07:00:00,55400.0,55600.0,55100.0,55600.0,1116700,KBS
2025-10-07 07:00:00,55600.0,55600.0,54500.0,54600.0,806100,KBS
2025-10-08 07:00:00,55000.0,55800.0,54700.0,55200.0,1767300,KBS
2025-10-09 07:00:00,55200.0,55700.0,55000.0,55200.0,586700,KBS
2025-10-10 07:00:00,55300.0,57400.0,55200.0,56500.0,2239300,KBS
2025-10-13 07:00:00,56000.0,56700.0,55900.0,56500.0,946200,KBS
2025-10-14 07:00:00,56600.0,56800.0,55100.0,55100.0,1153200,KBS
2025-10-15 07:00:00,55200.0,55400.0,54200.0,54200.0,1082000,KBS
2025-10-16 07:00:00,54200.0,55000.0,54200.0,54300.0,429300,KBS
2025-10-17 07:00:00,54300.0,55000.0,54200.0,54400.0,618400,KBS
2025-10-20 07:00:00,54800.0,55200.0,50700.0,51900.0,1466900,KBS
2025-10-21 07:00:00,52600.0,54000.0,52100.0,54000.0,1033400,KBS
2025-10-22 07:00:00,54700.0,55600.0,53900.0,55600.0,859700,KBS
2025-10-23 07:00:00,55600.0,55600.0,54500.0,54700.0,450400,KBS
2025-10-24 07:00:00,54700.0,55200.0,53900.0,54300.0,528200,KBS
2025-10-27 07:00:00,56600.0,56600.0,55300.0,55300.0,1072200,KBS
2025-10-28 07:00:00,56000.0,56200.0,54600.0,56200.0,562200,KBS
2025-10-29 07:00:00,57100.0,58900.0,56700.0,58300.0,2622000,KBS
2025-10-30 07:00:00,58400.0,59100.0,57500.0,57600.0,1067400,KBS
2025-10-31 07:00:00,57800.0,59800.0,57800.0,59000.0,2295300,KBS
2025-11-03 07:00:00,58600.0,59500.0,57200.0,57200.0,1354000,KBS
2025-11-04 07:00:00,57200.0,58500.0,55200.0,58200.0,2085000,KBS
2025-11-05 07:00:00,58000.0,60200.0,57600.0,58700.0,2430200,KBS
2025-11-06 07:00:00,59300.0,59300.0,57700.0,57700.0,903700,KBS
2025-11-07 07:00:00,57700.0,57900.0,55600.0,56000.0,1558100,KBS
2025-11-10 07:00:00,55900.0,57000.0,55500.0,56000.0,929800,KBS
2025-11-11 07:00:00,56300.0,57100.0,55900.0,56800.0,635900,KBS
2025-11-12 07:00:00,57200.0,57400.0,56700.0,57200.0,628900,KBS
2025-11-13 07:00:00,57400.0,59200.0,57300.0,58800.0,2038200,KBS
2025-11-14 07:00:00,58900.0,59900.0,58300.0,58600.0,1005400,KBS
2025-11-17 07:00:00,59200.0,59600.0,58000.0,58700.0,1222100,KBS
2025-11-18 07:00:00,59000.0,61000.0,58800.0,60700.0,4256400,KBS
2025-11-19 07:00:00,60700.0,60700.0,58000.0,58300.0,2337300,KBS
2025-11-20 07:00:00,58600.0,58600.0,57200.0,57600.0,1421900,KBS
2025-11-21 07:00:00,57100.0,58600.0,56600.0,58400.0,1397900,KBS
2025-11-24 07:00:00,58500.0,58500.0,57700.0,58400.0,648700,KBS
2025-11-25 07:00:00,58500.0,58500.0,57000.0,57500.0,865000,KBS
2025-11-26 07:00:00,57800.0,58500.0,57300.0,58500.0,620400,KBS
2025-11-27 07:00:00,58500.0,59000.0,57800.0,57800.0,535000,KBS
2025-11-28 07:00:00,57700.0,57900.0,56600.0,57600.0,1214700,KBS
2025-12-01 07:00:00,57300.0,57700.0,56800.0,57500.0,482100,KBS
2025-12-02 07:00:00,57500.0,57500.0,56700.0,57000.0,863700,KBS
2025-12-03 07:00:00,57000.0,57500.0,56800.0,57500.0,473800,KBS
2025-12-04 07:00:00,57600.0,57900.0,57000.0,57600.0,689700,KBS
2025-12-05 07:00:00,57700.0,57800.0,56800.0,56800.0,760500,KBS
2025-12-08 07:00:00,57100.0,57100.0,56100.0,56100.0,695700,KBS
2025-12-09 07:00:00,56200.0,56500.0,55000.0,55200.0,921400,KBS
2025-12-10 07:00:00,55400.0,55900.0,55200.0,55600.0,397900,KBS
2025-12-11 07:00:00,55600.0,55900.0,55400.0,55600.0,330500,KBS
2025-12-12 07:00:00,55400.0,56300.0,55000.0,55000.0,799200,KBS
2025-12-15 07:00:00,55200.0,55400.0,54600.0,54800.0,567800,KBS
2025-12-16 07:00:00,54300.0,55700.0,52900.0,55000.0,1169700,KBS
2025-12-17 07:00:00,55500.0,55500.0,54400.0,54400.0,328200,KBS
2025-12-18 07:00:00,54700.0,54800.0,54000.0,54500.0,351100,KBS
2025-12-19 07:00:00,54600.0,55000.0,54100.0,54500.0,322100,KBS
2025-12-22 07:00:00,54800.0,55800.0,54700.0,55000.0,285600,KBS
2025-12-23 07:00:00,55300.0,55500.0,54000.0,54300.0,562300,KBS
2025-12-24 07:00:00,54100.0,54700.0,53600.0,53600.0,623800,KBS
2025-12-25 07:00:00,53600.0,54500.0,53000.0,53000.0,503300,KBS
2025-12-26 07:00:00,53100.0,54000.0,52900.0,53700.0,624200,KBS
2025-12-29 07:00:00,53700.0,54400.0,53700.0,54400.0,240200,KBS
2025-12-30 07:00:00,55400.0,56600.0,55000.0,56600.0,1118400,KBS
2025-12-31 07:00:00,56600.0,56800.0,56000.0,56100.0,682200,KBS
2026-01-05 07:00:00,56300.0,56300.0,55100.0,55500.0,478400,KBS
2026-01-06 07:00:00,55400.0,56500.0,55300.0,55700.0,358700,KBS
2026-01-07 07:00:00,55900.0,57200.0,55600.0,57000.0,811500,KBS
2026-01-08 07:00:00,57400.0,58200.0,56700.0,57100.0,1043400,KBS
2026-01-09 07:00:00,57600.0,58000.0,56900.0,57100.0,609200,KBS
2026-01-12 07:00:00,57100.0,57300.0,56200.0,56800.0,764400,KBS
2026-01-13 07:00:00,56900.0,58700.0,56900.0,58600.0,1850500,KBS
2026-01-14 07:00:00,59200.0,60800.0,59100.0,60200.0,3101200,KBS
2026-01-15 07:00:00,60900.0,60900.0,58000.0,59500.0,1033000,KBS
2026-01-16 07:00:00,59800.0,60700.0,59300.0,60100.0,1246200,KBS
2026-01-19 07:00:00,60500.0,63200.0,60500.0,63000.0,2654600,KBS
2026-01-20 07:00:00,63200.0,63800.0,62400.0,63000.0,1639700,KBS
2026-01-21 07:00:00,62400.0,62800.0,60000.0,62000.0,2053800,KBS
2026-01-22 07:00:00,62000.0,63600.0,60200.0,60800.0,1305800,KBS
2026-01-23 07:00:00,61200.0,62200.0,59000.0,59000.0,1244700,KBS
2026-01-26 07:00:00,58600.0,60200.0,58500.0,60000.0,962400,KBS
2026-01-27 07:00:00,59900.0,60000.0,58500.0,58500.0,679400,KBS
2026-01-28 07:00:00,59600.0,61500.0,58800.0,61000.0,1287000,KBS
2026-01-29 07:00:00,61000.0,65000.0,60800.0,65000.0,4208700,KBS
2026-01-30 07:00:00,64700.0,65600.0,64300.0,64700.0,1548000,KBS
2026-02-02 07:00:00,64300.0,69200.0,64100.0,69200.0,5180500,KBS
2026-02-03 07:00:00,69300.0,69900.0,67700.0,68200.0,2583900,KBS
2026-02-04 07:00:00,68200.0,69800.0,68000.0,68200.0,2290000,KBS
2026-02-05 07:00:00,68800.0,68800.0,63500.0,63500.0,4180400,KBS
2026-02-06 07:00:00,61600.0,62900.0,60000.0,60000.0,2640600,KBS
2026-02-09 07:00:00,60500.0,60600.0,58600.0,60000.0,1393900,KBS
2026-02-10 07:00:00,60000.0,60500.0,58200.0,60000.0,1752000,KBS
2026-02-11 07:00:00,60000.0,60500.0,59300.0,60000.0,939600,KBS
2026-02-12 07:00:00,60000.0,60600.0,59600.0,60100.0,906200,KBS
2026-02-13 07:00:00,60100.0,60400.0,59700.0,60100.0,976600,KBS
2026-02-23 07:00:00,62900.0,62900.0,61000.0,61900.0,1468700,KBS
2026-02-24 07:00:00,61700.0,62300.0,60900.0,61700.0,1374500,KBS
2026-02-25 07:00:00,61900.0,63800.0,61900.0,62700.0,1064700,KBS
2026-02-26 07:00:00,63100.0,63100.0,61800.0,62600.0,908400,KBS
2026-02-27 07:00:00,62500.0,62500.0,61400.0,61500.0,1207400,KBS
2026-03-02 07:00:00,60400.0,65300.0,59800.0,64200.0,2742900,KBS
2026-03-03 07:00:00,65000.0,65300.0,62800.0,62800.0,2089100,KBS
2026-03-04 07:00:00,62400.0,62600.0,59900.0,62000.0,2546100,KBS
2026-03-05 07:00:00,62200.0,62600.0,59300.0,60700.0,2286200,KBS
2026-03-06 07:00:00,59800.0,60700.0,57800.0,59200.0,1534700,KBS
2026-03-09 07:00:00,55100.0,55500.0,55100.0,55100.0,1680900,KBS
2026-03-10 07:00:00,56500.0,57000.0,55200.0,57000.0,1690800,KBS
2026-03-11 07:00:00,57200.0,59400.0,57100.0,59000.0,1166500,KBS
2026-03-12 07:00:00,57700.0,59200.0,57700.0,58700.0,696200,KBS
2026-03-13 07:00:00,59000.0,61200.0,58800.0,60600.0,1651900,KBS
2026-03-16 07:00:00,60500.0,60700.0,59500.0,60600.0,562000,KBS
2026-03-17 07:00:00,60700.0,61000.0,60100.0,61000.0,1254700,KBS
2026-03-18 07:00:00,60600.0,60900.0,59400.0,59600.0,510800,KBS
2026-03-19 07:00:00,59000.0,59000.0,57800.0,58700.0,779300,KBS
2026-03-20 07:00:00,58600.0,59800.0,57500.0,57500.0,761600,KBS
2026-03-23 07:00:00,57000.0,58300.0,55700.0,55900.0,715500,KBS
2026-03-24 07:00:00,56800.0,57500.0,56200.0,57400.0,349400,KBS
2026-03-25 07:00:00,57900.0,58500.0,57700.0,58500.0,332200,KBS
2026-03-26 07:00:00,58400.0,59300.0,57800.0,59300.0,511200,KBS
2026-03-27 07:00:00,58300.0,59300.0,58300.0,58800.0,670700,KBS
2026-03-30 07:00:00,57800.0,59300.0,57500.0,59300.0,439600,KBS
2026-03-31 07:00:00,58900.0,59300.0,58600.0,59000.0,608200,KBS
2026-04-01 07:00:00,59400.0,59600.0,58800.0,58900.0,452700,KBS
2026-04-02 07:00:00,58500.0,58600.0,57300.0,58600.0,828100,KBS
2026-04-03 07:00:00,58600.0,58600.0,57400.0,57400.0,444700,KBS
2026-04-06 07:00:00,57100.0,57400.0,56200.0,57400.0,644000,KBS
2026-04-07 07:00:00,57200.0,58700.0,56600.0,58700.0,899500,KBS
2026-04-08 07:00:00,59500.0,59600.0,58700.0,59200.0,956400,KBS
2026-04-09 07:00:00,59500.0,61000.0,59500.0,60200.0,1133600,KBS
2026-04-10 07:00:00,61000.0,61900.0,60200.0,61200.0,881100,KBS
2026-04-13 07:00:00,60600.0,60900.0,60000.0,60500.0,527200,KBS
2026-04-14 07:00:00,60500.0,61400.0,60400.0,61000.0,656200,KBS
2026-04-15 07:00:00,61500.0,61500.0,60800.0,61000.0,590200,KBS
2026-04-16 07:00:00,61300.0,61800.0,61000.0,61700.0,700100,KBS
2026-04-17 07:00:00,61700.0,61900.0,61100.0,61300.0,440900,KBS
2026-04-20 07:00:00,61500.0,62800.0,60800.0,62700.0,1518100,KBS
2026-04-21 07:00:00,62800.0,62900.0,62100.0,62300.0,997400,KBS
2026-04-22 07:00:00,62200.0,62700.0,62100.0,62200.0,822900,KBS
2026-04-23 07:00:00,62300.0,62800.0,61900.0,62000.0,1735200,KBS
2026-04-24 07:00:00,62000.0,62700.0,61800.0,62400.0,980800,KBS
2026-04-28 07:00:00,62600.0,62600.0,59500.0,62000.0,1603200,KBS
2026-04-29 07:00:00,61500.0,62500.0,60600.0,61200.0,1133000,KBS
2026-05-04 07:00:00,61200.0,62800.0,61200.0,61700.0,1678300,KBS
2026-05-05 07:00:00,62300.0,62400.0,60700.0,62400.0,1536000,KBS
2026-05-06 07:00:00,62400.0,62700.0,61100.0,61400.0,2243200,KBS
2026-05-07 07:00:00,61700.0,62500.0,60500.0,60500.0,1436000,KBS
2026-05-08 07:00:00,60900.0,62400.0,60000.0,60500.0,1348400,KBS
2026-05-11 07:00:00,61200.0,62300.0,60500.0,61000.0,1238900,KBS
2026-05-12 07:00:00,61000.0,61500.0,60500.0,61300.0,760800,KBS
2026-05-13 07:00:00,61200.0,61900.0,60600.0,61200.0,685700,KBS
2026-05-14 07:00:00,61100.0,61800.0,60900.0,61200.0,865600,KBS
2026-05-15 07:00:00,61200.0,61300.0,60000.0,60000.0,1026300,KBS
2026-05-18 07:00:00,60000.0,60000.0,59000.0,59000.0,472800,KBS
2026-05-19 07:00:00,59000.0,59200.0,58500.0,58600.0,447200,KBS
2026-05-20 07:00:00,59000.0,59500.0,57300.0,58200.0,553200,KBS
2026-05-21 07:00:00,59300.0,59300.0,58300.0,58800.0,218500,KBS
2026-05-22 07:00:00,58900.0,59200.0,58900.0,59000.0,158700,KBS
2026-05-25 07:00:00,59100.0,60200.0,59100.0,60000.0,321800,KBS
2026-05-26 07:00:00,60500.0,60500.0,59500.0,59500.0,356800,KBS
2026-05-27 07:00:00,60100.0,60100.0,58000.0,58300.0,403400,KBS
2026-05-28 07:00:00,58500.0,59200.0,58500.0,58800.0,94100,KBS
2026-05-29 07:00:00,58800.0,59100.0,58500.0,58700.0,89100,KBS
2026-06-01 07:00:00,59000.0,59000.0,58300.0,58300.0,100600,KBS
2026-06-02 07:00:00,58100.0,58400.0,57800.0,57800.0,235300,KBS
2026-06-03 07:00:00,57700.0,58300.0,57700.0,58000.0,130000,KBS
2026-06-04 07:00:00,58000.0,58200.0,57500.0,57800.0,107800,KBS
2026-06-05 07:00:00,57700.0,57800.0,57500.0,57500.0,246300,KBS
