date,open,high,low,close,volume,_source
2020-01-02 07:00:00,71656.0,72391.0,71349.0,72207.0,352700,KBS
2020-01-03 07:00:00,72391.0,72880.0,72391.0,72452.0,625390,KBS
2020-01-06 07:00:00,72268.0,72391.0,71533.0,71901.0,495910,KBS
2020-01-07 07:00:00,71962.0,72758.0,71962.0,72574.0,459520,KBS
2020-01-08 07:00:00,72574.0,72758.0,71962.0,72758.0,837710,KBS
2020-01-09 07:00:00,72880.0,73187.0,72513.0,72636.0,624130,KBS
2020-01-10 07:00:00,72636.0,73003.0,72513.0,72819.0,596280,KBS
2020-01-13 07:00:00,72880.0,72880.0,71901.0,71901.0,412880,KBS
2020-01-14 07:00:00,71901.0,72329.0,71717.0,72146.0,335180,KBS
2020-01-15 07:00:00,72146.0,72207.0,71778.0,72146.0,681740,KBS
2020-01-16 07:00:00,72146.0,72574.0,71778.0,72391.0,545090,KBS
2020-01-17 07:00:00,72391.0,72636.0,72146.0,72636.0,375030,KBS
2020-01-20 07:00:00,72880.0,73003.0,72513.0,72880.0,493600,KBS
2020-01-21 07:00:00,72880.0,74657.0,72636.0,74105.0,853940,KBS
2020-01-22 07:00:00,74105.0,74657.0,74105.0,74289.0,794440,KBS
2020-01-30 07:00:00,72880.0,73370.0,71166.0,71411.0,1533720,KBS
2020-01-31 07:00:00,71288.0,71411.0,66450.0,66450.0,1915820,KBS
2020-02-03 07:00:00,62163.0,67675.0,61857.0,66327.0,2289150,KBS
2020-02-04 07:00:00,67307.0,67369.0,63755.0,64306.0,1869040,KBS
2020-02-05 07:00:00,65164.0,65960.0,63265.0,65286.0,1545750,KBS
2020-02-06 07:00:00,65837.0,66511.0,64858.0,65837.0,2137020,KBS
2020-02-07 07:00:00,65960.0,67675.0,65899.0,67491.0,1523380,KBS
2020-02-10 07:00:00,66756.0,67001.0,65715.0,66756.0,910510,KBS
2020-02-11 07:00:00,66756.0,66756.0,65531.0,65654.0,885960,KBS
2020-02-12 07:00:00,66144.0,66144.0,65654.0,65654.0,838170,KBS
2020-02-13 07:00:00,65654.0,65837.0,65286.0,65470.0,713560,KBS
2020-02-14 07:00:00,65654.0,65776.0,65286.0,65286.0,708080,KBS
2020-02-17 07:00:00,65409.0,65899.0,65409.0,65837.0,623350,KBS
2020-02-18 07:00:00,66021.0,66021.0,64490.0,64613.0,1078500,KBS
2020-02-19 07:00:00,64306.0,65347.0,64306.0,65164.0,794470,KBS
2020-02-20 07:00:00,65531.0,65837.0,65102.0,65164.0,624620,KBS
2020-02-21 07:00:00,65837.0,67001.0,65837.0,66450.0,1484500,KBS
2020-02-24 07:00:00,65531.0,66021.0,64919.0,65164.0,954600,KBS
2020-02-25 07:00:00,65102.0,66450.0,64919.0,66144.0,1200220,KBS
2020-02-26 07:00:00,65347.0,65347.0,64306.0,64306.0,1346630,KBS
2020-02-27 07:00:00,64306.0,65776.0,63571.0,65776.0,863890,KBS
2020-02-28 07:00:00,64490.0,64980.0,63081.0,64000.0,1437350,KBS
2020-03-02 07:00:00,64000.0,64613.0,63571.0,64000.0,909240,KBS
2020-03-03 07:00:00,64613.0,65041.0,64061.0,64490.0,741380,KBS
2020-03-04 07:00:00,64490.0,64919.0,64000.0,64184.0,612800,KBS
2020-03-05 07:00:00,64306.0,64858.0,64000.0,64000.0,438020,KBS
2020-03-06 07:00:00,64000.0,64184.0,63449.0,63816.0,664920,KBS
2020-03-09 07:00:00,61244.0,62775.0,59407.0,59407.0,2356790,KBS
2020-03-10 07:00:00,58794.0,62346.0,58794.0,62285.0,1761300,KBS
2020-03-11 07:00:00,62469.0,64306.0,60754.0,62224.0,2292410,KBS
2020-03-12 07:00:00,59529.0,62163.0,59407.0,61795.0,2431600,KBS
2020-03-13 07:00:00,58304.0,61612.0,58304.0,60693.0,2159130,KBS
2020-03-16 07:00:00,60693.0,60754.0,59101.0,59407.0,1087080,KBS
2020-03-17 07:00:00,58794.0,59039.0,58182.0,58794.0,1788240,KBS
2020-03-18 07:00:00,58917.0,59897.0,58182.0,58182.0,1322150,KBS
2020-03-19 07:00:00,56957.0,57569.0,54507.0,54507.0,2774560,KBS
2020-03-20 07:00:00,54507.0,55916.0,54507.0,55120.0,2316660,KBS
2020-03-23 07:00:00,54568.0,54568.0,51261.0,51261.0,2187710,KBS
2020-03-24 07:00:00,51261.0,54079.0,51261.0,52731.0,1739530,KBS
2020-03-25 07:00:00,55487.0,56406.0,55181.0,56345.0,2993020,KBS
2020-03-26 07:00:00,56528.0,58182.0,54385.0,57569.0,2556450,KBS
2020-03-27 07:00:00,56957.0,58366.0,56345.0,57631.0,2755950,KBS
2020-03-30 07:00:00,55120.0,56651.0,54507.0,55855.0,1559900,KBS
2020-03-31 07:00:00,56651.0,57202.0,55120.0,55732.0,1293290,KBS
2020-04-01 07:00:00,55732.0,57569.0,55732.0,57569.0,1155730,KBS
2020-04-03 07:00:00,57876.0,58488.0,57569.0,58182.0,1934430,KBS
2020-04-06 07:00:00,59101.0,59162.0,58182.0,58917.0,1840550,KBS
2020-04-07 07:00:00,59101.0,60632.0,58672.0,60325.0,2273090,KBS
2020-04-08 07:00:00,60019.0,60632.0,59101.0,60632.0,904920,KBS
2020-04-09 07:00:00,61183.0,61795.0,60754.0,61305.0,1220550,KBS
2020-04-10 07:00:00,61244.0,61244.0,60080.0,60999.0,1111470,KBS
2020-04-13 07:00:00,60999.0,61122.0,60203.0,60693.0,1127670,KBS
2020-04-14 07:00:00,60938.0,61060.0,60448.0,60632.0,1059560,KBS
2020-04-15 07:00:00,61060.0,61060.0,60754.0,60754.0,886130,KBS
2020-04-16 07:00:00,60815.0,60938.0,60570.0,60815.0,1155660,KBS
2020-04-17 07:00:00,61244.0,61305.0,60632.0,60815.0,1767310,KBS
2020-04-20 07:00:00,61244.0,61979.0,61244.0,61244.0,1471680,KBS
2020-04-21 07:00:00,61244.0,61244.0,58672.0,59284.0,2129360,KBS
2020-04-22 07:00:00,58856.0,59774.0,58672.0,59713.0,1085950,KBS
2020-04-23 07:00:00,60387.0,60387.0,58733.0,58856.0,1443180,KBS
2020-04-24 07:00:00,60815.0,62959.0,59713.0,62959.0,3624460,KBS
2020-04-27 07:00:00,65225.0,65225.0,62959.0,62959.0,1950560,KBS
2020-04-28 07:00:00,62959.0,63081.0,61060.0,61550.0,1401520,KBS
2020-04-29 07:00:00,60632.0,61183.0,60632.0,60632.0,1769090,KBS
2020-05-04 07:00:00,59407.0,60632.0,59407.0,59774.0,1235970,KBS
2020-05-05 07:00:00,60509.0,61795.0,60019.0,61550.0,1163800,KBS
2020-05-06 07:00:00,61673.0,62163.0,61060.0,62163.0,1105020,KBS
2020-05-07 07:00:00,62224.0,63571.0,62163.0,63326.0,1583260,KBS
2020-05-08 07:00:00,64000.0,65899.0,63694.0,64306.0,3184170,KBS
2020-05-11 07:00:00,66450.0,66450.0,64123.0,66450.0,1792200,KBS
2020-05-12 07:00:00,66450.0,70063.0,65776.0,69757.0,2944650,KBS
2020-05-13 07:00:00,69328.0,70431.0,67369.0,69635.0,2507730,KBS
2020-05-14 07:00:00,68961.0,69757.0,68900.0,69206.0,1397750,KBS
2020-05-15 07:00:00,69206.0,69512.0,67001.0,67858.0,2320230,KBS
2020-05-18 07:00:00,67858.0,68471.0,66756.0,68042.0,898370,KBS
2020-05-19 07:00:00,69696.0,70063.0,68777.0,68961.0,1432400,KBS
2020-05-20 07:00:00,68900.0,70063.0,68900.0,69818.0,1199680,KBS
2020-05-21 07:00:00,69818.0,70431.0,69512.0,70431.0,1582090,KBS
2020-05-22 07:00:00,70063.0,70308.0,69512.0,70063.0,1083060,KBS
2020-05-25 07:00:00,70124.0,72023.0,69880.0,72023.0,1581860,KBS
2020-05-26 07:00:00,72268.0,72268.0,70553.0,72023.0,983170,KBS
2020-05-27 07:00:00,72084.0,72146.0,70431.0,70431.0,1108350,KBS
2020-05-28 07:00:00,70431.0,71043.0,70308.0,70308.0,1004500,KBS
2020-05-29 07:00:00,69512.0,70553.0,69512.0,70431.0,1203680,KBS
2020-06-01 07:00:00,70492.0,71656.0,70492.0,71104.0,1047020,KBS
2020-06-02 07:00:00,71104.0,71656.0,70859.0,71043.0,891910,KBS
2020-06-03 07:00:00,71166.0,72329.0,70798.0,71411.0,1322080,KBS
2020-06-04 07:00:00,71656.0,72207.0,71656.0,72146.0,735420,KBS
2020-06-05 07:00:00,72146.0,73003.0,71472.0,73003.0,1076470,KBS
2020-06-08 07:00:00,73003.0,75575.0,72942.0,75208.0,1419750,KBS
2020-06-09 07:00:00,75391.0,77168.0,75391.0,76555.0,1704320,KBS
2020-06-10 07:00:00,77168.0,77168.0,75208.0,75330.0,1242180,KBS
2020-06-11 07:00:00,75330.0,76555.0,74105.0,74902.0,1098260,KBS
2020-06-12 07:00:00,72268.0,73370.0,70186.0,72268.0,2394330,KBS
2020-06-15 07:00:00,73493.0,74044.0,68593.0,68593.0,2058870,KBS
2020-06-16 07:00:00,70186.0,71962.0,69818.0,71656.0,844740,KBS
2020-06-17 07:00:00,71656.0,71778.0,70676.0,70798.0,513570,KBS
2020-06-18 07:00:00,70798.0,71411.0,69880.0,70553.0,523160,KBS
2020-06-19 07:00:00,70553.0,71349.0,70431.0,70431.0,1251600,KBS
2020-06-22 07:00:00,70431.0,70982.0,70308.0,70676.0,867620,KBS
2020-06-23 07:00:00,71043.0,71288.0,70798.0,71043.0,1063470,KBS
2020-06-24 07:00:00,71288.0,72513.0,71288.0,71717.0,750960,KBS
2020-06-25 07:00:00,71349.0,71349.0,70614.0,71288.0,572770,KBS
2020-06-26 07:00:00,71411.0,71717.0,70676.0,70982.0,495750,KBS
2020-06-29 07:00:00,70734.0,70920.0,68314.0,69431.0,1519040,KBS
2020-06-30 07:00:00,70113.0,70423.0,69431.0,69927.0,797960,KBS
2020-07-01 07:00:00,69927.0,71354.0,69493.0,71168.0,450020,KBS
2020-07-02 07:00:00,71230.0,71292.0,70113.0,70113.0,720480,KBS
2020-07-03 07:00:00,70113.0,70858.0,69989.0,70796.0,729290,KBS
2020-07-06 07:00:00,71044.0,72347.0,70920.0,72285.0,1319980,KBS
2020-07-07 07:00:00,72285.0,72657.0,71975.0,71975.0,1024960,KBS
2020-07-08 07:00:00,71975.0,71975.0,71664.0,71664.0,551310,KBS
2020-07-09 07:00:00,71664.0,72409.0,71664.0,71913.0,1560410,KBS
2020-07-10 07:00:00,71975.0,72223.0,71540.0,71540.0,677180,KBS
2020-07-13 07:00:00,71540.0,71851.0,70920.0,71230.0,943850,KBS
2020-07-14 07:00:00,70858.0,71478.0,70672.0,71478.0,731170,KBS
2020-07-15 07:00:00,71975.0,72595.0,71975.0,71975.0,1015000,KBS
2020-07-16 07:00:00,72409.0,72905.0,72099.0,72905.0,1112460,KBS
2020-07-17 07:00:00,72409.0,72843.0,72285.0,72471.0,583510,KBS
2020-07-20 07:00:00,71975.0,72409.0,71664.0,71788.0,474700,KBS
2020-07-21 07:00:00,71788.0,72161.0,71106.0,71975.0,1618780,KBS
2020-07-22 07:00:00,71602.0,71975.0,70796.0,70796.0,1051320,KBS
2020-07-23 07:00:00,70858.0,71106.0,70423.0,70858.0,766500,KBS
2020-07-24 07:00:00,70858.0,70858.0,67631.0,68934.0,2313270,KBS
2020-07-27 07:00:00,66452.0,66763.0,64157.0,64157.0,2553780,KBS
2020-07-28 07:00:00,64529.0,68190.0,64529.0,68190.0,1390810,KBS
2020-07-29 07:00:00,67321.0,67569.0,65460.0,65770.0,1497450,KBS
2020-07-30 07:00:00,67011.0,67942.0,66266.0,67631.0,1028620,KBS
2020-07-31 07:00:00,66390.0,67755.0,66080.0,66390.0,839830,KBS
2020-08-03 07:00:00,67011.0,68252.0,66825.0,67755.0,860190,KBS
2020-08-04 07:00:00,68872.0,69058.0,68190.0,69058.0,765170,KBS
2020-08-05 07:00:00,69183.0,70486.0,68252.0,69555.0,888080,KBS
2020-08-06 07:00:00,69617.0,71975.0,69555.0,71230.0,1360570,KBS
2020-08-07 07:00:00,71354.0,71975.0,71230.0,71664.0,1148200,KBS
2020-08-10 07:00:00,71975.0,72285.0,71044.0,71044.0,1412680,KBS
2020-08-11 07:00:00,71292.0,71354.0,70734.0,71044.0,852250,KBS
2020-08-12 07:00:00,71044.0,71913.0,71044.0,71726.0,1451960,KBS
2020-08-13 07:00:00,71975.0,72347.0,71913.0,72223.0,1238980,KBS
2020-08-14 07:00:00,72347.0,73216.0,72099.0,72409.0,1623690,KBS
2020-08-17 07:00:00,72595.0,73154.0,71540.0,72595.0,906890,KBS
2020-08-18 07:00:00,72595.0,72843.0,71726.0,71726.0,604570,KBS
2020-08-19 07:00:00,71975.0,71975.0,71292.0,71540.0,981840,KBS
2020-08-20 07:00:00,71540.0,71851.0,71106.0,71478.0,1254280,KBS
2020-08-21 07:00:00,71664.0,71975.0,71416.0,71726.0,884990,KBS
2020-08-24 07:00:00,72285.0,72967.0,71975.0,72285.0,1526860,KBS
2020-08-25 07:00:00,72595.0,73154.0,72471.0,72781.0,1693030,KBS
2020-08-26 07:00:00,73216.0,73340.0,72533.0,72657.0,1922780,KBS
2020-08-27 07:00:00,72905.0,73154.0,72595.0,72719.0,799570,KBS
2020-08-28 07:00:00,73091.0,74457.0,72719.0,74022.0,1341270,KBS
2020-08-31 07:00:00,74643.0,75077.0,74146.0,75077.0,1634090,KBS
2020-09-01 07:00:00,75077.0,76442.0,74581.0,76442.0,1448060,KBS
2020-09-03 07:00:00,76628.0,77435.0,76628.0,77373.0,2016680,KBS
2020-09-04 07:00:00,76752.0,77559.0,76380.0,77559.0,1711980,KBS
2020-09-07 07:00:00,77559.0,79668.0,77497.0,78179.0,2178380,KBS
2020-09-08 07:00:00,78117.0,79048.0,76876.0,77062.0,1809570,KBS
2020-09-09 07:00:00,76008.0,76876.0,75387.0,76814.0,1621920,KBS
2020-09-10 07:00:00,77559.0,77807.0,77187.0,77373.0,848330,KBS
2020-09-11 07:00:00,77062.0,77373.0,76628.0,76814.0,956670,KBS
2020-09-14 07:00:00,77187.0,77559.0,76938.0,77062.0,1194170,KBS
2020-09-15 07:00:00,77062.0,77497.0,76938.0,77435.0,882030,KBS
2020-09-16 07:00:00,77559.0,77559.0,76876.0,77062.0,724510,KBS
2020-09-17 07:00:00,76938.0,78055.0,76938.0,77249.0,1376570,KBS
2020-09-18 07:00:00,77311.0,78428.0,77062.0,78428.0,1224030,KBS
2020-09-21 07:00:00,78428.0,80785.0,78428.0,80723.0,2614310,KBS
2020-09-22 07:00:00,80723.0,80785.0,79731.0,80413.0,1244610,KBS
2020-09-23 07:00:00,80599.0,80785.0,80103.0,80165.0,1042800,KBS
2020-09-24 07:00:00,79544.0,79979.0,78986.0,78986.0,1506610,KBS
2020-09-25 07:00:00,79296.0,79420.0,79110.0,79234.0,1011140,KBS
2020-09-28 07:00:00,79420.0,79793.0,78986.0,79606.0,2169790,KBS
2020-09-29 07:00:00,83160.0,85125.0,81648.0,82555.0,5191680,KBS
2020-09-30 07:00:00,83160.0,84218.0,82026.0,82328.0,1432380,KBS
2020-10-01 07:00:00,82404.0,82706.0,81572.0,82630.0,1702500,KBS
2020-10-02 07:00:00,82782.0,83235.0,80665.0,81648.0,2864220,KBS
2020-10-05 07:00:00,81648.0,82404.0,80892.0,81118.0,1427600,KBS
2020-10-06 07:00:00,81118.0,81648.0,80514.0,80892.0,2044710,KBS
2020-10-07 07:00:00,80740.0,81648.0,80514.0,81648.0,2153700,KBS
2020-10-08 07:00:00,81572.0,81572.0,80740.0,80816.0,1325810,KBS
2020-10-09 07:00:00,80892.0,80967.0,80589.0,80665.0,980970,KBS
2020-10-12 07:00:00,80740.0,81496.0,80589.0,80892.0,1209250,KBS
2020-10-13 07:00:00,80892.0,81648.0,80816.0,80967.0,858550,KBS
2020-10-14 07:00:00,80967.0,81421.0,80740.0,81194.0,1299160,KBS
2020-10-15 07:00:00,81496.0,81572.0,80892.0,81270.0,1854560,KBS
2020-10-16 07:00:00,81270.0,81648.0,80816.0,81194.0,1637740,KBS
2020-10-19 07:00:00,81194.0,81874.0,81194.0,81421.0,1617740,KBS
2020-10-20 07:00:00,81118.0,81345.0,80136.0,80287.0,2150990,KBS
2020-10-21 07:00:00,80514.0,80816.0,80136.0,80438.0,805550,KBS
2020-10-22 07:00:00,80740.0,80740.0,79455.0,80665.0,2422540,KBS
2020-10-23 07:00:00,81270.0,83160.0,80967.0,83160.0,2946790,KBS
2020-10-26 07:00:00,83916.0,85050.0,83160.0,83538.0,2313520,KBS
2020-10-27 07:00:00,83160.0,83916.0,82479.0,82857.0,1721090,KBS
2020-10-28 07:00:00,82404.0,82404.0,80514.0,81194.0,2609180,KBS
2020-10-29 07:00:00,80514.0,81043.0,79833.0,80816.0,1723240,KBS
2020-10-30 07:00:00,80892.0,81648.0,79606.0,81648.0,2683620,KBS
2020-11-02 07:00:00,80892.0,81648.0,80892.0,81345.0,867340,KBS
2020-11-03 07:00:00,81345.0,81648.0,80892.0,81421.0,870230,KBS
2020-11-04 07:00:00,81648.0,82706.0,81194.0,81648.0,1342780,KBS
2020-11-05 07:00:00,81648.0,82706.0,81648.0,82252.0,1891270,KBS
2020-11-06 07:00:00,82555.0,82706.0,81648.0,82252.0,1011020,KBS
2020-11-09 07:00:00,82404.0,82706.0,82026.0,82252.0,1066640,KBS
2020-11-10 07:00:00,82479.0,82555.0,81270.0,81270.0,2297200,KBS
2020-11-11 07:00:00,81572.0,81572.0,80136.0,81270.0,2429710,KBS
2020-11-12 07:00:00,81270.0,81270.0,80665.0,80892.0,1074590,KBS
2020-11-13 07:00:00,80892.0,81194.0,80892.0,81194.0,1089500,KBS
2020-11-16 07:00:00,81270.0,82177.0,80892.0,80967.0,2571160,KBS
2020-11-17 07:00:00,81043.0,81421.0,80892.0,81345.0,1648330,KBS
2020-11-18 07:00:00,81648.0,82782.0,81496.0,82706.0,3396750,KBS
2020-11-19 07:00:00,82706.0,82933.0,82404.0,82933.0,3140680,KBS
2020-11-20 07:00:00,83084.0,84294.0,82479.0,83840.0,2801420,KBS
2020-11-23 07:00:00,83916.0,84142.0,83008.0,83613.0,2104330,KBS
2020-11-24 07:00:00,83613.0,83840.0,82404.0,82857.0,1937130,KBS
2020-11-25 07:00:00,82857.0,83916.0,82479.0,83538.0,2190900,KBS
2020-11-26 07:00:00,83840.0,83840.0,82630.0,83084.0,1490270,KBS
2020-11-27 07:00:00,83084.0,83084.0,82177.0,83008.0,2823860,KBS
2020-11-30 07:00:00,83008.0,83160.0,81648.0,81799.0,2687040,KBS
2020-12-01 07:00:00,81118.0,83008.0,81043.0,82933.0,2493230,KBS
2020-12-02 07:00:00,82857.0,83008.0,82177.0,82404.0,1332460,KBS
2020-12-03 07:00:00,82404.0,83084.0,82252.0,82782.0,1108730,KBS
2020-12-04 07:00:00,82782.0,82933.0,82252.0,82404.0,1571130,KBS
2020-12-07 07:00:00,83160.0,83840.0,82252.0,83160.0,1970400,KBS
2020-12-08 07:00:00,83235.0,83386.0,82404.0,82555.0,1468350,KBS
2020-12-09 07:00:00,83160.0,83235.0,82630.0,82933.0,1701940,KBS
2020-12-10 07:00:00,83386.0,86108.0,83386.0,84672.0,6077770,KBS
2020-12-11 07:00:00,84672.0,85276.0,84520.0,85125.0,2297940,KBS
2020-12-14 07:00:00,85276.0,85730.0,84974.0,85730.0,2535300,KBS
2020-12-15 07:00:00,85428.0,85654.0,83764.0,84067.0,4572910,KBS
2020-12-16 07:00:00,84067.0,84898.0,83689.0,84369.0,2106480,KBS
2020-12-17 07:00:00,83916.0,83916.0,83386.0,83462.0,2951870,KBS
2020-12-18 07:00:00,83538.0,83916.0,83160.0,83462.0,3342900,KBS
2020-12-21 07:00:00,83462.0,84218.0,83311.0,83916.0,2341080,KBS
2020-12-22 07:00:00,83840.0,83840.0,83008.0,83084.0,2266760,KBS
2020-12-23 07:00:00,83084.0,84218.0,83084.0,83311.0,2432590,KBS
2020-12-24 07:00:00,83311.0,83538.0,81648.0,82177.0,2511360,KBS
2020-12-25 07:00:00,82252.0,82479.0,81723.0,82404.0,1755510,KBS
2020-12-28 07:00:00,82479.0,82933.0,81874.0,82177.0,2305300,KBS
2020-12-29 07:00:00,82404.0,82706.0,82101.0,82555.0,1299700,KBS
2020-12-30 07:00:00,82555.0,83311.0,82101.0,82252.0,1856600,KBS
2020-12-31 07:00:00,82404.0,83084.0,82252.0,82252.0,993810,KBS
2021-01-04 07:00:00,82933.0,83008.0,82404.0,82630.0,2299600,KBS
2021-01-05 07:00:00,83088.0,85453.0,82707.0,84538.0,4013900,KBS
2021-01-06 07:00:00,84690.0,84919.0,83775.0,83775.0,2823100,KBS
2021-01-07 07:00:00,83927.0,84538.0,83775.0,84233.0,2453000,KBS
2021-01-08 07:00:00,85072.0,86140.0,84614.0,85453.0,3323000,KBS
2021-01-11 07:00:00,85835.0,88505.0,85835.0,88429.0,4603900,KBS
2021-01-12 07:00:00,88887.0,89039.0,88048.0,88734.0,2344900,KBS
2021-01-13 07:00:00,88734.0,89421.0,87132.0,87361.0,2521600,KBS
2021-01-14 07:00:00,87285.0,87285.0,85911.0,86293.0,3680400,KBS
2021-01-15 07:00:00,86598.0,87971.0,86293.0,86903.0,2125700,KBS
2021-01-18 07:00:00,87132.0,87819.0,86445.0,86445.0,2624000,KBS
2021-01-19 07:00:00,86445.0,86445.0,81639.0,82173.0,3668300,KBS
2021-01-20 07:00:00,83012.0,83546.0,80876.0,83164.0,3363700,KBS
2021-01-21 07:00:00,83851.0,84462.0,83012.0,84156.0,2531200,KBS
2021-01-22 07:00:00,84080.0,84538.0,82936.0,82936.0,2429000,KBS
2021-01-25 07:00:00,83088.0,83699.0,82402.0,82554.0,2554800,KBS
2021-01-26 07:00:00,82478.0,82783.0,80113.0,81410.0,2596900,KBS
2021-01-27 07:00:00,80876.0,81486.0,78205.0,78816.0,3153800,KBS
2021-01-28 07:00:00,76298.0,77747.0,73322.0,73322.0,4565600,KBS
2021-01-29 07:00:00,73246.0,78434.0,73246.0,78434.0,4140500,KBS
2021-02-01 07:00:00,78587.0,80265.0,77824.0,78358.0,2934800,KBS
2021-02-02 07:00:00,78053.0,81639.0,78053.0,81181.0,3350900,KBS
2021-02-03 07:00:00,81181.0,83699.0,81181.0,83699.0,3056500,KBS
2021-02-04 07:00:00,83699.0,83699.0,81639.0,83012.0,1896800,KBS
2021-02-05 07:00:00,82859.0,83927.0,82859.0,83622.0,2231200,KBS
2021-02-08 07:00:00,83622.0,83622.0,79197.0,80341.0,4331600,KBS
2021-02-09 07:00:00,80341.0,83088.0,80036.0,82402.0,1931700,KBS
2021-02-17 07:00:00,82402.0,83088.0,81867.0,82936.0,2872300,KBS
2021-02-18 07:00:00,82936.0,83164.0,82020.0,83164.0,2847400,KBS
2021-02-19 07:00:00,82249.0,82630.0,81715.0,82402.0,2696500,KBS
2021-02-22 07:00:00,81944.0,82249.0,81867.0,82020.0,3006200,KBS
2021-02-23 07:00:00,82020.0,82402.0,81028.0,81639.0,3048400,KBS
2021-02-24 07:00:00,81639.0,82325.0,80494.0,80723.0,2801000,KBS
2021-02-25 07:00:00,80799.0,81104.0,79502.0,79807.0,4282900,KBS
2021-02-26 07:00:00,79044.0,80036.0,78892.0,79960.0,3357800,KBS
2021-03-01 07:00:00,80494.0,80799.0,80113.0,80570.0,2179000,KBS
2021-03-02 07:00:00,81028.0,81257.0,79350.0,80036.0,3050100,KBS
2021-03-03 07:00:00,79960.0,80036.0,79350.0,79731.0,2551300,KBS
2021-03-04 07:00:00,80265.0,80494.0,78587.0,78892.0,2755100,KBS
2021-03-05 07:00:00,78663.0,78663.0,77595.0,78587.0,4187600,KBS
2021-03-08 07:00:00,78892.0,79044.0,77595.0,77976.0,3208200,KBS
2021-03-09 07:00:00,77137.0,77442.0,76450.0,76679.0,4141900,KBS
2021-03-10 07:00:00,76679.0,78205.0,76145.0,77137.0,3391300,KBS
2021-03-11 07:00:00,78205.0,79197.0,77900.0,78434.0,2417000,KBS
2021-03-12 07:00:00,78587.0,78816.0,77595.0,77976.0,2704600,KBS
2021-03-15 07:00:00,78434.0,78587.0,77900.0,77976.0,2379400,KBS
2021-03-16 07:00:00,77976.0,78053.0,76374.0,77061.0,4121100,KBS
2021-03-17 07:00:00,77061.0,77061.0,76374.0,76679.0,3568400,KBS
2021-03-18 07:00:00,77061.0,78205.0,77061.0,78205.0,2553400,KBS
2021-03-19 07:00:00,77976.0,77976.0,77366.0,77595.0,2339400,KBS
2021-03-22 07:00:00,77595.0,77671.0,76755.0,76908.0,3416300,KBS
2021-03-23 07:00:00,76755.0,76832.0,76069.0,76450.0,4554300,KBS
2021-03-24 07:00:00,75993.0,76298.0,75153.0,75306.0,3192200,KBS
2021-03-25 07:00:00,75535.0,76069.0,75001.0,75153.0,3152700,KBS
2021-03-26 07:00:00,74772.0,75153.0,73704.0,74314.0,3653700,KBS
2021-03-29 07:00:00,74848.0,76221.0,74619.0,75535.0,2790300,KBS
2021-03-30 07:00:00,75993.0,76374.0,75230.0,75687.0,2590400,KBS
2021-03-31 07:00:00,75611.0,75611.0,74772.0,75077.0,2815600,KBS
2021-04-01 07:00:00,75153.0,77061.0,74772.0,77061.0,5594000,KBS
2021-04-02 07:00:00,78205.0,79350.0,77900.0,78358.0,3840000,KBS
2021-04-05 07:00:00,79731.0,79731.0,77976.0,78281.0,2822700,KBS
2021-04-06 07:00:00,78281.0,78358.0,76908.0,77442.0,3452600,KBS
2021-04-07 07:00:00,77061.0,77061.0,76298.0,76374.0,3503700,KBS
2021-04-08 07:00:00,76603.0,76679.0,75840.0,76221.0,3603800,KBS
2021-04-09 07:00:00,76221.0,76298.0,75687.0,76145.0,2716700,KBS
2021-04-12 07:00:00,76298.0,76527.0,75916.0,76298.0,3632400,KBS
2021-04-13 07:00:00,76908.0,77595.0,76069.0,76298.0,3799100,KBS
2021-04-14 07:00:00,76298.0,76298.0,75458.0,75764.0,3498500,KBS
2021-04-15 07:00:00,75993.0,76679.0,75458.0,75611.0,3549400,KBS
2021-04-16 07:00:00,75230.0,75306.0,73551.0,73932.0,4876400,KBS
2021-04-19 07:00:00,73932.0,74390.0,72559.0,73322.0,5722900,KBS
2021-04-20 07:00:00,74009.0,77061.0,73932.0,75764.0,6987200,KBS
2021-04-22 07:00:00,75764.0,75916.0,74009.0,74772.0,3166300,KBS
2021-04-23 07:00:00,74772.0,76221.0,73856.0,75916.0,3556800,KBS
2021-04-26 07:00:00,74009.0,75535.0,73246.0,73246.0,5045600,KBS
2021-04-27 07:00:00,73246.0,73627.0,72483.0,73017.0,3149400,KBS
2021-04-28 07:00:00,73017.0,73093.0,71338.0,71491.0,5027100,KBS
2021-04-29 07:00:00,71491.0,71872.0,69812.0,71338.0,6499700,KBS
2021-05-04 07:00:00,70957.0,70957.0,69812.0,69889.0,4112800,KBS
2021-05-05 07:00:00,69889.0,70957.0,69889.0,70194.0,3792300,KBS
2021-05-06 07:00:00,70194.0,70194.0,68363.0,68363.0,7448600,KBS
2021-05-07 07:00:00,67905.0,68058.0,66226.0,66379.0,6744500,KBS
2021-05-10 07:00:00,66379.0,70957.0,65692.0,70957.0,8176900,KBS
2021-05-11 07:00:00,71338.0,72101.0,69584.0,69584.0,4197000,KBS
2021-05-12 07:00:00,68744.0,70346.0,68668.0,70041.0,3199300,KBS
2021-05-13 07:00:00,69431.0,69965.0,69049.0,69049.0,3118400,KBS
2021-05-14 07:00:00,69507.0,69584.0,68286.0,68286.0,4391200,KBS
2021-05-17 07:00:00,68286.0,68668.0,66532.0,66532.0,5001300,KBS
2021-05-18 07:00:00,66760.0,67142.0,66226.0,66379.0,2970100,KBS
2021-05-19 07:00:00,66989.0,67905.0,66455.0,66760.0,3526100,KBS
2021-05-20 07:00:00,67066.0,67218.0,66379.0,67142.0,2800500,KBS
2021-05-21 07:00:00,67066.0,69278.0,66455.0,68058.0,3942800,KBS
2021-05-24 07:00:00,68668.0,70118.0,68286.0,69584.0,4349800,KBS
2021-05-25 07:00:00,69584.0,69584.0,68668.0,69049.0,2791200,KBS
2021-05-26 07:00:00,68668.0,70118.0,68134.0,69431.0,3773300,KBS
2021-05-27 07:00:00,69736.0,69889.0,68668.0,69049.0,2924300,KBS
2021-05-28 07:00:00,69431.0,69965.0,68973.0,69507.0,3122200,KBS
2021-05-31 07:00:00,70041.0,70194.0,68821.0,69049.0,3095900,KBS
2021-06-01 07:00:00,69049.0,69202.0,68592.0,68592.0,2339900,KBS
2021-06-02 07:00:00,68363.0,68363.0,67905.0,68210.0,3672400,KBS
2021-06-03 07:00:00,68668.0,69278.0,68515.0,68821.0,3629000,KBS
2021-06-04 07:00:00,68897.0,69431.0,67981.0,68286.0,4564400,KBS
2021-06-07 07:00:00,69136.0,69213.0,67977.0,69059.0,3736600,KBS
2021-06-08 07:00:00,69136.0,70527.0,69059.0,69291.0,5477700,KBS
2021-06-09 07:00:00,69368.0,69600.0,68595.0,68827.0,3013500,KBS
2021-06-10 07:00:00,69059.0,72303.0,68441.0,71222.0,5619300,KBS
2021-06-11 07:00:00,71222.0,71454.0,70449.0,71067.0,2940400,KBS
2021-06-14 07:00:00,71454.0,72226.0,70681.0,71454.0,4875100,KBS
2021-06-15 07:00:00,71531.0,71994.0,71145.0,71763.0,4534800,KBS
2021-06-16 07:00:00,71608.0,71840.0,70527.0,70913.0,3041200,KBS
2021-06-17 07:00:00,70295.0,71222.0,70140.0,70295.0,2388800,KBS
2021-06-18 07:00:00,70604.0,71608.0,70604.0,71145.0,2971800,KBS
2021-06-21 07:00:00,71067.0,71145.0,69986.0,69986.0,4193600,KBS
2021-06-22 07:00:00,70295.0,70681.0,69986.0,69986.0,2242800,KBS
2021-06-23 07:00:00,69986.0,70140.0,69291.0,69522.0,3357300,KBS
2021-06-24 07:00:00,69445.0,69677.0,68209.0,68518.0,4225000,KBS
2021-06-25 07:00:00,68518.0,69445.0,68518.0,69291.0,2079300,KBS
2021-06-28 07:00:00,69522.0,69677.0,68750.0,68904.0,1847900,KBS
2021-06-29 07:00:00,69368.0,70836.0,68750.0,70295.0,4368100,KBS
2021-06-30 07:00:00,70295.0,70372.0,69677.0,69831.0,2115600,KBS
2021-07-01 07:00:00,69986.0,70527.0,69831.0,70218.0,3811500,KBS
2021-07-02 07:00:00,70295.0,70295.0,69600.0,69600.0,2750900,KBS
2021-07-05 07:00:00,69600.0,69831.0,68441.0,68904.0,2931000,KBS
2021-07-06 07:00:00,69059.0,69368.0,67205.0,67205.0,3993400,KBS
2021-07-07 07:00:00,67205.0,69368.0,66896.0,69368.0,4738700,KBS
2021-07-08 07:00:00,68132.0,69059.0,67977.0,68286.0,1908900,KBS
2021-07-09 07:00:00,68209.0,68286.0,67128.0,67205.0,3058100,KBS
2021-07-12 07:00:00,67591.0,67977.0,65119.0,66664.0,4833100,KBS
2021-07-13 07:00:00,66510.0,66819.0,65042.0,65119.0,2883300,KBS
2021-07-14 07:00:00,65660.0,66201.0,65119.0,65660.0,4180200,KBS
2021-07-15 07:00:00,65660.0,66664.0,65274.0,65815.0,3284100,KBS
2021-07-16 07:00:00,66046.0,66587.0,65892.0,66355.0,1449600,KBS
2021-07-19 07:00:00,65197.0,65660.0,64888.0,65660.0,4111700,KBS
2021-07-20 07:00:00,65660.0,66433.0,65119.0,66355.0,3207300,KBS
2021-07-21 07:00:00,65969.0,66355.0,65815.0,65892.0,1696200,KBS
2021-07-22 07:00:00,66046.0,67282.0,65892.0,67050.0,2152400,KBS
2021-07-23 07:00:00,67050.0,69368.0,66510.0,67668.0,4126700,KBS
2021-07-26 07:00:00,67977.0,68904.0,67900.0,68673.0,2791500,KBS
2021-07-27 07:00:00,68673.0,69136.0,67591.0,67591.0,2388200,KBS
2021-07-28 07:00:00,67282.0,67514.0,66896.0,67128.0,1665500,KBS
2021-07-29 07:00:00,67205.0,67746.0,66433.0,67050.0,2648300,KBS
2021-07-30 07:00:00,67050.0,67359.0,66355.0,66510.0,4405200,KBS
2021-08-02 07:00:00,66587.0,67128.0,66433.0,66819.0,2574300,KBS
2021-08-03 07:00:00,66896.0,67591.0,66896.0,67282.0,2714600,KBS
2021-08-04 07:00:00,67591.0,67591.0,67205.0,67282.0,2873000,KBS
2021-08-05 07:00:00,67128.0,67282.0,66896.0,66896.0,2833600,KBS
2021-08-06 07:00:00,67128.0,68286.0,66896.0,67359.0,3960600,KBS
2021-08-09 07:00:00,67359.0,67900.0,67205.0,67746.0,2731300,KBS
2021-08-10 07:00:00,67977.0,69522.0,67977.0,69059.0,5965600,KBS
2021-08-11 07:00:00,69445.0,70604.0,69368.0,70218.0,5330400,KBS
2021-08-12 07:00:00,70140.0,70681.0,69754.0,69909.0,4287800,KBS
2021-08-13 07:00:00,69831.0,69909.0,68904.0,69445.0,4105500,KBS
2021-08-16 07:00:00,69445.0,69986.0,68750.0,69136.0,3270800,KBS
2021-08-17 07:00:00,69213.0,69600.0,68827.0,68982.0,2202200,KBS
2021-08-18 07:00:00,69136.0,70218.0,69059.0,69522.0,4710100,KBS
2021-08-19 07:00:00,69909.0,69909.0,69368.0,69754.0,3061300,KBS
2021-08-20 07:00:00,69754.0,69754.0,67205.0,67823.0,4326800,KBS
2021-08-23 07:00:00,67746.0,67823.0,66433.0,66433.0,4356500,KBS
2021-08-24 07:00:00,66510.0,67205.0,66201.0,66664.0,2375700,KBS
2021-08-25 07:00:00,66741.0,67282.0,66433.0,67128.0,1675500,KBS
2021-08-26 07:00:00,67128.0,67746.0,66973.0,67205.0,1896000,KBS
2021-08-27 07:00:00,67514.0,67591.0,66973.0,67205.0,2346900,KBS
2021-08-30 07:00:00,67282.0,67668.0,67205.0,67514.0,4306000,KBS
2021-08-31 07:00:00,67591.0,67668.0,67282.0,67514.0,2957200,KBS
2021-09-01 07:00:00,67514.0,68595.0,67359.0,68055.0,3430100,KBS
2021-09-06 07:00:00,68209.0,68595.0,68132.0,68209.0,3212200,KBS
2021-09-07 07:00:00,68995.0,68995.0,67816.0,67816.0,2622200,KBS
2021-09-08 07:00:00,67816.0,67816.0,67030.0,67109.0,3682200,KBS
2021-09-09 07:00:00,67109.0,67188.0,66795.0,66952.0,2452400,KBS
2021-09-10 07:00:00,66952.0,68366.0,66795.0,67973.0,3962100,KBS
2021-09-13 07:00:00,67973.0,68681.0,67816.0,68524.0,2956200,KBS
2021-09-14 07:00:00,68524.0,68602.0,68052.0,68366.0,2482900,KBS
2021-09-15 07:00:00,68209.0,68209.0,67659.0,67659.0,2425000,KBS
2021-09-16 07:00:00,67973.0,67973.0,67502.0,67895.0,1825400,KBS
2021-09-17 07:00:00,67895.0,69466.0,67816.0,67973.0,5292600,KBS
2021-09-20 07:00:00,68838.0,70017.0,68602.0,69702.0,5447700,KBS
2021-09-21 07:00:00,69152.0,69859.0,68916.0,69781.0,3096300,KBS
2021-09-22 07:00:00,69545.0,72060.0,69545.0,71903.0,10050100,KBS
2021-09-23 07:00:00,71903.0,72610.0,71038.0,71352.0,3941300,KBS
2021-09-24 07:00:00,71510.0,71824.0,71117.0,71274.0,2990000,KBS
2021-09-27 07:00:00,71195.0,71824.0,69781.0,69781.0,5053900,KBS
2021-09-28 07:00:00,69781.0,70645.0,69152.0,70174.0,3757200,KBS
2021-09-29 07:00:00,70174.0,70802.0,69702.0,70409.0,2763400,KBS
2021-09-30 07:00:00,70645.0,71274.0,70409.0,70409.0,2799400,KBS
2021-10-01 07:00:00,70174.0,71038.0,70017.0,70567.0,3805400,KBS
2021-10-04 07:00:00,71117.0,71588.0,70802.0,70881.0,3060200,KBS
2021-10-05 07:00:00,70960.0,70960.0,70409.0,70409.0,2268000,KBS
2021-10-06 07:00:00,70409.0,70802.0,70095.0,70174.0,2498500,KBS
2021-10-07 07:00:00,70174.0,70252.0,69781.0,69781.0,2981800,KBS
2021-10-08 07:00:00,69859.0,70724.0,69702.0,70409.0,2618600,KBS
2021-10-11 07:00:00,70724.0,71038.0,70331.0,70724.0,2474800,KBS
2021-10-12 07:00:00,71038.0,71745.0,70802.0,71038.0,3616300,KBS
2021-10-13 07:00:00,71510.0,71745.0,70724.0,70802.0,3793100,KBS
2021-10-14 07:00:00,70881.0,71117.0,70409.0,70724.0,2006400,KBS
2021-10-15 07:00:00,70724.0,71274.0,70409.0,70724.0,3206000,KBS
2021-10-18 07:00:00,70724.0,70802.0,70095.0,70567.0,2305800,KBS
2021-10-19 07:00:00,70567.0,71117.0,70567.0,70960.0,5984500,KBS
2021-10-20 07:00:00,71038.0,71195.0,69938.0,70724.0,3480500,KBS
2021-10-21 07:00:00,70724.0,70802.0,70017.0,70017.0,2936500,KBS
2021-10-22 07:00:00,70331.0,71117.0,70095.0,71117.0,4487700,KBS
2021-10-25 07:00:00,71117.0,71195.0,70645.0,70802.0,2769500,KBS
2021-10-26 07:00:00,70724.0,70881.0,70252.0,70409.0,1641200,KBS
2021-10-27 07:00:00,70724.0,71195.0,70488.0,71038.0,3549900,KBS
2021-10-28 07:00:00,71117.0,71903.0,71117.0,71195.0,4093700,KBS
2021-10-29 07:00:00,71195.0,71510.0,70960.0,71274.0,3748500,KBS
2021-11-01 07:00:00,71352.0,71745.0,70567.0,70724.0,5083800,KBS
2021-11-02 07:00:00,70724.0,70724.0,69938.0,70095.0,4888900,KBS
2021-11-03 07:00:00,70017.0,70331.0,69309.0,69309.0,5547900,KBS
2021-11-04 07:00:00,69466.0,69702.0,69231.0,69466.0,2513000,KBS
2021-11-05 07:00:00,69624.0,70252.0,69545.0,70095.0,2654600,KBS
2021-11-08 07:00:00,70488.0,71588.0,70409.0,71352.0,6171800,KBS
2021-11-09 07:00:00,71510.0,71588.0,70488.0,70567.0,3695000,KBS
2021-11-10 07:00:00,70724.0,70802.0,70174.0,70488.0,2666100,KBS
2021-11-11 07:00:00,70567.0,71038.0,70174.0,70409.0,3380600,KBS
2021-11-12 07:00:00,70724.0,70802.0,70017.0,70174.0,2120400,KBS
2021-11-15 07:00:00,70331.0,70409.0,69938.0,69938.0,3268000,KBS
2021-11-16 07:00:00,69938.0,70174.0,69545.0,69624.0,3251700,KBS
2021-11-17 07:00:00,69624.0,70409.0,69624.0,69781.0,2514400,KBS
2021-11-18 07:00:00,69781.0,69781.0,69152.0,69152.0,3900000,KBS
2021-11-19 07:00:00,69152.0,69466.0,67581.0,67659.0,5151200,KBS
2021-11-22 07:00:00,67581.0,67973.0,67502.0,67738.0,3497600,KBS
2021-11-23 07:00:00,67973.0,68131.0,67581.0,67816.0,2198800,KBS
2021-11-24 07:00:00,67973.0,68759.0,67973.0,68759.0,2124500,KBS
2021-11-25 07:00:00,68759.0,69309.0,68524.0,68759.0,2175400,KBS
2021-11-26 07:00:00,68838.0,69781.0,68759.0,69388.0,3015700,KBS
2021-11-29 07:00:00,68995.0,69074.0,68524.0,68759.0,2835900,KBS
2021-11-30 07:00:00,68838.0,69781.0,68838.0,68838.0,3177100,KBS
2021-12-01 07:00:00,69152.0,69624.0,68681.0,68759.0,1894500,KBS
2021-12-02 07:00:00,68759.0,69152.0,68681.0,68681.0,1254100,KBS
2021-12-03 07:00:00,68838.0,69152.0,67423.0,67423.0,2900400,KBS
2021-12-06 07:00:00,67581.0,68052.0,67030.0,67030.0,3168200,KBS
2021-12-07 07:00:00,67423.0,67973.0,67109.0,67973.0,1530000,KBS
2021-12-08 07:00:00,67816.0,67973.0,67345.0,67581.0,1294500,KBS
2021-12-09 07:00:00,67502.0,68445.0,67345.0,68366.0,1449900,KBS
2021-12-10 07:00:00,67973.0,68366.0,67423.0,67816.0,1485000,KBS
2021-12-13 07:00:00,67816.0,68209.0,67581.0,67895.0,1495700,KBS
2021-12-14 07:00:00,67895.0,68288.0,67738.0,67816.0,1671200,KBS
2021-12-15 07:00:00,67895.0,68131.0,67816.0,67816.0,1214100,KBS
2021-12-16 07:00:00,67816.0,68052.0,67581.0,68052.0,1610300,KBS
2021-12-17 07:00:00,68052.0,68131.0,67345.0,67345.0,2660200,KBS
2021-12-20 07:00:00,67581.0,67816.0,67266.0,67345.0,1807000,KBS
2021-12-21 07:00:00,67423.0,67581.0,67188.0,67188.0,1192900,KBS
2021-12-22 07:00:00,67345.0,67738.0,67030.0,67109.0,1844400,KBS
2021-12-23 07:00:00,67109.0,67109.0,66402.0,66559.0,2147800,KBS
2021-12-24 07:00:00,66559.0,67581.0,66559.0,67581.0,1148400,KBS
2021-12-27 07:00:00,67581.0,67895.0,67345.0,67659.0,1138300,KBS
2021-12-28 07:00:00,67738.0,67738.0,66952.0,67188.0,1544400,KBS
2021-12-29 07:00:00,67188.0,67266.0,66873.0,66952.0,945400,KBS
2021-12-30 07:00:00,67030.0,67266.0,66873.0,67030.0,893100,KBS
2021-12-31 07:00:00,67188.0,68759.0,67030.0,67895.0,2325100,KBS
2022-01-04 07:00:00,68524.0,68681.0,68131.0,68131.0,1885600,KBS
2022-01-05 07:00:00,68209.0,68366.0,67581.0,67738.0,3124600,KBS
2022-01-06 07:00:00,67659.0,67659.0,67030.0,67109.0,2848200,KBS
2022-01-07 07:00:00,67030.0,67266.0,66795.0,66952.0,2553900,KBS
2022-01-10 07:00:00,67751.0,67911.0,66712.0,66872.0,2146400,KBS
2022-01-11 07:00:00,66792.0,67112.0,66712.0,66872.0,1829000,KBS
2022-01-12 07:00:00,66952.0,66952.0,66073.0,66393.0,2183600,KBS
2022-01-13 07:00:00,66632.0,66872.0,66233.0,66393.0,1711600,KBS
2022-01-14 07:00:00,66393.0,67991.0,66073.0,67671.0,2516600,KBS
2022-01-17 07:00:00,67911.0,67911.0,66233.0,66233.0,2100400,KBS
2022-01-18 07:00:00,66233.0,66712.0,65993.0,66632.0,2100400,KBS
2022-01-19 07:00:00,66233.0,66712.0,66073.0,66632.0,1764900,KBS
2022-01-20 07:00:00,66313.0,66552.0,66233.0,66313.0,1488400,KBS
2022-01-21 07:00:00,66313.0,66552.0,65913.0,65993.0,1576400,KBS
2022-01-24 07:00:00,65993.0,66073.0,64715.0,64715.0,2222200,KBS
2022-01-25 07:00:00,64315.0,64715.0,63197.0,63277.0,3758600,KBS
2022-01-26 07:00:00,63357.0,64315.0,63357.0,63676.0,1452100,KBS
2022-01-27 07:00:00,63996.0,66632.0,63996.0,66393.0,2039000,KBS
2022-01-28 07:00:00,66313.0,67272.0,66153.0,66393.0,2257400,KBS
2022-02-07 07:00:00,66473.0,67112.0,66233.0,66712.0,1324200,KBS
2022-02-08 07:00:00,66632.0,66712.0,65514.0,65514.0,2708900,KBS
2022-02-09 07:00:00,65514.0,66872.0,65514.0,66153.0,1799300,KBS
2022-02-10 07:00:00,66153.0,66552.0,65754.0,66073.0,1612500,KBS
2022-02-11 07:00:00,65913.0,65993.0,65434.0,65514.0,1624600,KBS
2022-02-14 07:00:00,65114.0,65514.0,64715.0,64795.0,2971800,KBS
2022-02-15 07:00:00,64795.0,65114.0,64715.0,64875.0,1465300,KBS
2022-02-16 07:00:00,64875.0,64955.0,64156.0,64235.0,2825100,KBS
2022-02-17 07:00:00,64315.0,64875.0,64235.0,64555.0,1787700,KBS
2022-02-18 07:00:00,63996.0,64555.0,63996.0,64395.0,1808100,KBS
2022-02-21 07:00:00,64635.0,65194.0,64635.0,64715.0,1280600,KBS
2022-02-22 07:00:00,64635.0,64715.0,63676.0,63916.0,3204500,KBS
2022-02-23 07:00:00,63916.0,64315.0,63756.0,63916.0,2200300,KBS
2022-02-24 07:00:00,63916.0,63916.0,62717.0,62797.0,2723500,KBS
2022-02-25 07:00:00,63117.0,63516.0,63037.0,63037.0,1347700,KBS
2022-02-28 07:00:00,63037.0,63117.0,62158.0,62638.0,2258900,KBS
2022-03-01 07:00:00,62638.0,63437.0,62478.0,63277.0,1273100,KBS
2022-03-02 07:00:00,63277.0,63277.0,62318.0,62717.0,2037100,KBS
2022-03-03 07:00:00,62877.0,63117.0,62478.0,62638.0,1486600,KBS
2022-03-04 07:00:00,62638.0,62638.0,62158.0,62238.0,2511600,KBS
2022-03-07 07:00:00,62238.0,62238.0,61279.0,61359.0,3530800,KBS
2022-03-08 07:00:00,60960.0,61120.0,60720.0,60800.0,2383000,KBS
2022-03-09 07:00:00,60720.0,61359.0,59921.0,60001.0,3003700,KBS
2022-03-10 07:00:00,60720.0,62238.0,60720.0,61599.0,2971800,KBS
2022-03-11 07:00:00,61679.0,62717.0,61599.0,62318.0,2322900,KBS
2022-03-14 07:00:00,62318.0,62318.0,61439.0,61679.0,1654700,KBS
2022-03-15 07:00:00,61519.0,61919.0,60960.0,61679.0,1482600,KBS
2022-03-16 07:00:00,61679.0,62318.0,61519.0,61759.0,1850400,KBS
2022-03-17 07:00:00,61998.0,62158.0,61040.0,61040.0,1354400,KBS
2022-03-18 07:00:00,61199.0,61519.0,60720.0,60720.0,4233000,KBS
2022-03-21 07:00:00,60720.0,62238.0,60720.0,61998.0,1884100,KBS
2022-03-22 07:00:00,62238.0,62238.0,61359.0,61439.0,2390200,KBS
2022-03-23 07:00:00,61359.0,61519.0,60640.0,60800.0,3226000,KBS
2022-03-24 07:00:00,60720.0,60800.0,60081.0,60401.0,3389800,KBS
2022-03-25 07:00:00,60401.0,60560.0,60001.0,60081.0,2699500,KBS
2022-03-28 07:00:00,60161.0,60401.0,58643.0,58643.0,4038700,KBS
2022-03-29 07:00:00,58723.0,60321.0,58723.0,60321.0,2139300,KBS
2022-03-30 07:00:00,60321.0,61199.0,60001.0,60880.0,3413800,KBS
2022-03-31 07:00:00,60880.0,64715.0,60720.0,64635.0,9645800,KBS
2022-04-01 07:00:00,64715.0,66073.0,64156.0,65274.0,6112000,KBS
2022-04-04 07:00:00,65514.0,65913.0,65114.0,65674.0,3808700,KBS
2022-04-05 07:00:00,65354.0,65354.0,64235.0,64235.0,2202100,KBS
2022-04-06 07:00:00,63916.0,64875.0,63197.0,63357.0,4306700,KBS
2022-04-07 07:00:00,63836.0,63916.0,62717.0,62717.0,1760300,KBS
2022-04-08 07:00:00,62717.0,63197.0,61759.0,61759.0,2738300,KBS
2022-04-12 07:00:00,61759.0,62158.0,61120.0,61359.0,1776300,KBS
2022-04-13 07:00:00,61359.0,62717.0,61279.0,61679.0,2118800,KBS
2022-04-14 07:00:00,61919.0,62318.0,60960.0,60960.0,1810200,KBS
2022-04-15 07:00:00,61120.0,61998.0,60720.0,61120.0,1362400,KBS
2022-04-18 07:00:00,61120.0,62238.0,61040.0,61519.0,2564300,KBS
2022-04-19 07:00:00,61599.0,62078.0,60720.0,60720.0,1670200,KBS
2022-04-20 07:00:00,60720.0,61279.0,60401.0,60401.0,1931100,KBS
2022-04-21 07:00:00,60161.0,61120.0,59921.0,59921.0,4615600,KBS
2022-04-22 07:00:00,60480.0,61120.0,60321.0,60640.0,2800400,KBS
2022-04-25 07:00:00,60720.0,60960.0,58323.0,58723.0,2659800,KBS
2022-04-26 07:00:00,58723.0,60720.0,56645.0,60640.0,3883000,KBS
2022-04-27 07:00:00,60081.0,60560.0,58883.0,59921.0,1826000,KBS
2022-04-28 07:00:00,59841.0,59841.0,58962.0,59362.0,1911000,KBS
2022-04-29 07:00:00,59442.0,59921.0,59122.0,59282.0,1630100,KBS
2022-05-04 07:00:00,59282.0,59442.0,57924.0,57924.0,1763900,KBS
2022-05-05 07:00:00,58483.0,58483.0,57125.0,57604.0,1548200,KBS
2022-05-06 07:00:00,57045.0,57205.0,55527.0,56086.0,2109800,KBS
2022-05-09 07:00:00,56086.0,57125.0,55607.0,55926.0,2392100,KBS
2022-05-10 07:00:00,55926.0,57444.0,55926.0,56406.0,3106500,KBS
2022-05-11 07:00:00,56406.0,56805.0,55527.0,55527.0,1793700,KBS
2022-05-12 07:00:00,55767.0,55767.0,53130.0,53130.0,3189100,KBS
2022-05-13 07:00:00,53530.0,54169.0,52651.0,52811.0,4590600,KBS
2022-05-16 07:00:00,53210.0,54009.0,52491.0,52571.0,1977800,KBS
2022-05-17 07:00:00,52411.0,55926.0,52091.0,55926.0,2105100,KBS
2022-05-18 07:00:00,55926.0,56326.0,55527.0,56166.0,1983200,KBS
2022-05-19 07:00:00,55527.0,55926.0,55127.0,55127.0,1449400,KBS
2022-05-20 07:00:00,55127.0,55847.0,54329.0,54408.0,1296200,KBS
2022-05-23 07:00:00,54728.0,54888.0,52890.0,52970.0,2022200,KBS
2022-05-24 07:00:00,53290.0,55048.0,53130.0,55048.0,2033000,KBS
2022-05-25 07:00:00,55048.0,57764.0,55048.0,57444.0,2362100,KBS
2022-05-26 07:00:00,57444.0,57444.0,56486.0,56965.0,1530800,KBS
2022-05-27 07:00:00,56965.0,58563.0,56486.0,58323.0,3456900,KBS
2022-05-30 07:00:00,58243.0,58243.0,57524.0,57924.0,2124400,KBS
2022-05-31 07:00:00,57604.0,57844.0,57285.0,57285.0,2058700,KBS
2022-06-01 07:00:00,57125.0,58004.0,56965.0,57444.0,1229600,KBS
2022-06-02 07:00:00,57524.0,57524.0,56566.0,56805.0,1487800,KBS
2022-06-03 07:00:00,56725.0,56965.0,55926.0,56166.0,1052800,KBS
2022-06-06 07:00:00,56086.0,56885.0,55926.0,56566.0,1432000,KBS
2022-06-07 07:00:00,56166.0,56486.0,55926.0,56406.0,1322200,KBS
2022-06-08 07:00:00,56486.0,57045.0,56486.0,56725.0,1698600,KBS
2022-06-09 07:00:00,56725.0,56805.0,56086.0,56086.0,1045100,KBS
2022-06-10 07:00:00,55926.0,56086.0,55527.0,55527.0,1483300,KBS
2022-06-13 07:00:00,54648.0,54648.0,52890.0,53050.0,2379700,KBS
2022-06-14 07:00:00,52331.0,53929.0,52251.0,52811.0,1393200,KBS
2022-06-15 07:00:00,52811.0,53130.0,51532.0,51532.0,2680600,KBS
2022-06-16 07:00:00,52012.0,54568.0,51932.0,54329.0,2215500,KBS
2022-06-17 07:00:00,53450.0,54808.0,52091.0,53290.0,2502800,KBS
2022-06-20 07:00:00,53050.0,55687.0,53050.0,55127.0,2588200,KBS
2022-06-21 07:00:00,55287.0,58962.0,54968.0,58883.0,4839300,KBS
2022-06-22 07:00:00,58403.0,58643.0,56406.0,56406.0,2214000,KBS
2022-06-23 07:00:00,56406.0,57524.0,55926.0,56486.0,1103100,KBS
2022-06-24 07:00:00,56725.0,58243.0,56645.0,57125.0,1684400,KBS
2022-06-27 07:00:00,57365.0,57604.0,56166.0,56805.0,1804300,KBS
2022-06-28 07:00:00,56406.0,58084.0,56006.0,56566.0,3037200,KBS
2022-06-29 07:00:00,56406.0,58084.0,56406.0,57764.0,1941000,KBS
2022-06-30 07:00:00,57764.0,59761.0,57684.0,57684.0,3582600,KBS
2022-07-01 07:00:00,57764.0,59042.0,57524.0,58883.0,2859000,KBS
2022-07-04 07:00:00,59122.0,60560.0,58962.0,60001.0,3139300,KBS
2022-07-05 07:00:00,60161.0,60241.0,58323.0,58403.0,2590800,KBS
2022-07-06 07:00:00,58651.0,59064.0,57412.0,58403.0,2360100,KBS
2022-07-07 07:00:00,58403.0,60303.0,57825.0,60303.0,3049600,KBS
2022-07-08 07:00:00,60303.0,60551.0,59890.0,60303.0,1704200,KBS
2022-07-11 07:00:00,59642.0,61707.0,59477.0,60303.0,2556900,KBS
2022-07-12 07:00:00,60303.0,61047.0,59973.0,60551.0,976100,KBS
2022-07-13 07:00:00,60468.0,60799.0,59807.0,59890.0,1423500,KBS
2022-07-14 07:00:00,59725.0,60468.0,59642.0,59807.0,982300,KBS
2022-07-15 07:00:00,59807.0,60303.0,59147.0,59147.0,1475000,KBS
2022-07-18 07:00:00,59477.0,59642.0,59064.0,59229.0,1106700,KBS
2022-07-19 07:00:00,59477.0,60221.0,59147.0,60138.0,1530100,KBS
2022-07-20 07:00:00,60468.0,60799.0,60138.0,60303.0,1167800,KBS
2022-07-21 07:00:00,59890.0,60799.0,59642.0,60468.0,1720500,KBS
2022-07-22 07:00:00,60468.0,60468.0,59477.0,59477.0,712300,KBS
2022-07-25 07:00:00,59477.0,60221.0,59312.0,60221.0,1242600,KBS
2022-07-26 07:00:00,60221.0,60303.0,59312.0,59477.0,1154000,KBS
2022-07-27 07:00:00,59477.0,59973.0,59312.0,59642.0,789500,KBS
2022-07-28 07:00:00,59890.0,60138.0,59725.0,59973.0,1219400,KBS
2022-07-29 07:00:00,60055.0,60799.0,59807.0,60138.0,2582800,KBS
2022-08-01 07:00:00,60138.0,60716.0,59642.0,60716.0,2527600,KBS
2022-08-02 07:00:00,60634.0,61294.0,60055.0,60634.0,2600900,KBS
2022-08-03 07:00:00,60138.0,60716.0,59890.0,60634.0,3134700,KBS
2022-08-04 07:00:00,60634.0,60634.0,60138.0,60551.0,1720600,KBS
2022-08-05 07:00:00,60551.0,60634.0,59973.0,59973.0,2135400,KBS
2022-08-08 07:00:00,59890.0,59890.0,59560.0,59642.0,2795800,KBS
2022-08-09 07:00:00,59642.0,59807.0,59477.0,59477.0,2129800,KBS
2022-08-10 07:00:00,59477.0,59973.0,59477.0,59890.0,1544800,KBS
2022-08-11 07:00:00,59973.0,59973.0,58403.0,58734.0,3884600,KBS
2022-08-12 07:00:00,58651.0,59394.0,58651.0,59394.0,1796100,KBS
2022-08-15 07:00:00,59477.0,59477.0,58899.0,59064.0,2525800,KBS
2022-08-16 07:00:00,59312.0,59807.0,59229.0,59312.0,1688300,KBS
2022-08-17 07:00:00,59312.0,59973.0,59229.0,59973.0,1316400,KBS
2022-08-18 07:00:00,59973.0,60799.0,59973.0,60634.0,4230600,KBS
2022-08-19 07:00:00,60634.0,61542.0,60221.0,61212.0,5225600,KBS
2022-08-22 07:00:00,61212.0,61790.0,60881.0,60881.0,2071700,KBS
2022-08-23 07:00:00,60881.0,62699.0,60799.0,62616.0,4551200,KBS
2022-08-24 07:00:00,62616.0,64681.0,62616.0,64186.0,5443600,KBS
2022-08-25 07:00:00,64351.0,64681.0,63607.0,64351.0,2182100,KBS
2022-08-26 07:00:00,64268.0,64516.0,62947.0,63525.0,2463000,KBS
2022-08-29 07:00:00,62864.0,63029.0,62286.0,62368.0,3311500,KBS
2022-08-30 07:00:00,62368.0,63112.0,62368.0,62781.0,2234900,KBS
2022-08-31 07:00:00,62699.0,63112.0,62368.0,62368.0,1657100,KBS
2022-09-05 07:00:00,62368.0,64268.0,62368.0,64020.0,3169400,KBS
2022-09-06 07:00:00,64020.0,65260.0,63855.0,64268.0,2649000,KBS
2022-09-07 07:00:00,64268.0,64268.0,62533.0,62533.0,2916400,KBS
2022-09-08 07:00:00,62781.0,63194.0,62120.0,62533.0,1351100,KBS
2022-09-09 07:00:00,62699.0,63194.0,62368.0,62699.0,1188500,KBS
2022-09-12 07:00:00,62781.0,62947.0,62203.0,62203.0,1386100,KBS
2022-09-13 07:00:00,62120.0,62781.0,62120.0,62533.0,1556500,KBS
2022-09-14 07:00:00,61873.0,61955.0,60964.0,61129.0,2037900,KBS
2022-09-15 07:00:00,61212.0,62120.0,61212.0,61542.0,1207500,KBS
2022-09-16 07:00:00,61707.0,62781.0,61460.0,62781.0,2308600,KBS
2022-09-19 07:00:00,62451.0,62533.0,61873.0,62120.0,1418000,KBS
2022-09-20 07:00:00,62203.0,62947.0,62203.0,62616.0,1139700,KBS
2022-09-21 07:00:00,62533.0,64103.0,62451.0,63525.0,2477500,KBS
2022-09-22 07:00:00,63277.0,63690.0,62781.0,63525.0,1033500,KBS
2022-09-23 07:00:00,63607.0,63855.0,63194.0,63360.0,1398600,KBS
2022-09-26 07:00:00,62616.0,62947.0,60881.0,61129.0,3386000,KBS
2022-09-27 07:00:00,61542.0,61873.0,59725.0,59807.0,2415500,KBS
2022-09-28 07:00:00,59477.0,60303.0,58568.0,59312.0,2145700,KBS
2022-09-29 07:00:00,60221.0,60716.0,59642.0,60055.0,2033200,KBS
2022-09-30 07:00:00,59394.0,60551.0,59394.0,59725.0,2345100,KBS
2022-10-03 07:00:00,59394.0,59890.0,58651.0,58651.0,2039100,KBS
2022-10-04 07:00:00,59312.0,59312.0,57825.0,58568.0,1631300,KBS
2022-10-05 07:00:00,58651.0,59477.0,58651.0,59147.0,1493400,KBS
2022-10-06 07:00:00,58899.0,58981.0,57825.0,57825.0,1503000,KBS
2022-10-07 07:00:00,57247.0,58899.0,54934.0,57660.0,2685300,KBS
2022-10-10 07:00:00,56586.0,59064.0,55677.0,58238.0,1661900,KBS
2022-10-11 07:00:00,58238.0,59064.0,57494.0,57990.0,1718400,KBS
2022-10-12 07:00:00,58238.0,59229.0,57908.0,59147.0,1274000,KBS
2022-10-13 07:00:00,58651.0,60964.0,58486.0,60964.0,3171000,KBS
2022-10-14 07:00:00,61129.0,61542.0,60881.0,61129.0,1436500,KBS
2022-10-17 07:00:00,60964.0,62038.0,60881.0,61212.0,1679700,KBS
2022-10-18 07:00:00,61955.0,63607.0,61707.0,63194.0,3137000,KBS
2022-10-19 07:00:00,62864.0,63442.0,62864.0,63277.0,1038000,KBS
2022-10-20 07:00:00,63277.0,64020.0,62616.0,64020.0,2290400,KBS
2022-10-21 07:00:00,64020.0,64764.0,63194.0,63607.0,2097600,KBS
2022-10-24 07:00:00,63773.0,63773.0,61129.0,61129.0,1578600,KBS
2022-10-25 07:00:00,61212.0,63442.0,61212.0,62781.0,1657600,KBS
2022-10-26 07:00:00,62781.0,63112.0,62451.0,62781.0,824700,KBS
2022-10-27 07:00:00,62781.0,64846.0,62781.0,64846.0,2283600,KBS
2022-10-28 07:00:00,64846.0,64929.0,64186.0,64433.0,1438800,KBS
2022-10-31 07:00:00,64186.0,64846.0,63855.0,64846.0,1572200,KBS
2022-11-01 07:00:00,64846.0,68151.0,64846.0,66251.0,3180100,KBS
2022-11-02 07:00:00,66251.0,66333.0,64681.0,64681.0,1830500,KBS
2022-11-03 07:00:00,64433.0,66664.0,64433.0,66086.0,1278300,KBS
2022-11-04 07:00:00,66003.0,66912.0,64433.0,66086.0,2909200,KBS
2022-11-07 07:00:00,66168.0,67903.0,66086.0,67903.0,2638300,KBS
2022-11-08 07:00:00,67903.0,68068.0,65755.0,68068.0,2301400,KBS
2022-11-09 07:00:00,67738.0,67903.0,66086.0,66829.0,2701100,KBS
2022-11-10 07:00:00,66829.0,66912.0,63607.0,64764.0,2637600,KBS
2022-11-11 07:00:00,65177.0,66416.0,64764.0,64764.0,1564400,KBS
2022-11-14 07:00:00,64433.0,67738.0,62864.0,65260.0,2596800,KBS
2022-11-15 07:00:00,65260.0,65590.0,63194.0,63607.0,2089600,KBS
2022-11-16 07:00:00,62368.0,65094.0,60964.0,61542.0,3542600,KBS
2022-11-17 07:00:00,63442.0,64681.0,62038.0,62781.0,2599500,KBS
2022-11-18 07:00:00,63607.0,64268.0,62533.0,63607.0,2229300,KBS
2022-11-21 07:00:00,63607.0,64351.0,63525.0,64351.0,1787400,KBS
2022-11-22 07:00:00,64020.0,66251.0,63938.0,65673.0,2281200,KBS
2022-11-23 07:00:00,65673.0,65838.0,64681.0,65590.0,773100,KBS
2022-11-24 07:00:00,65260.0,67077.0,65177.0,67077.0,2881100,KBS
2022-11-25 07:00:00,67159.0,68316.0,66912.0,67903.0,2596100,KBS
2022-11-28 07:00:00,67738.0,68894.0,67490.0,67490.0,2299200,KBS
2022-11-29 07:00:00,67159.0,68812.0,66499.0,68564.0,2404200,KBS
2022-11-30 07:00:00,68564.0,68564.0,67325.0,68399.0,1995600,KBS
2022-12-01 07:00:00,67407.0,68481.0,67407.0,68068.0,2216800,KBS
2022-12-02 07:00:00,67986.0,69390.0,67738.0,69390.0,2521800,KBS
2022-12-05 07:00:00,69472.0,70712.0,69472.0,70216.0,2066000,KBS
2022-12-06 07:00:00,70216.0,70299.0,68151.0,68151.0,1395300,KBS
2022-12-07 07:00:00,68564.0,69638.0,67573.0,68151.0,1839600,KBS
2022-12-08 07:00:00,68564.0,69390.0,66912.0,66912.0,1597100,KBS
2022-12-09 07:00:00,66912.0,67573.0,66086.0,66086.0,2408500,KBS
2022-12-12 07:00:00,66333.0,67655.0,64764.0,64846.0,3142700,KBS
2022-12-13 07:00:00,64929.0,65590.0,63773.0,64433.0,3610400,KBS
2022-12-14 07:00:00,65590.0,65590.0,64020.0,64020.0,3522100,KBS
2022-12-15 07:00:00,64020.0,65425.0,63855.0,64103.0,2595300,KBS
2022-12-16 07:00:00,64186.0,65094.0,64103.0,64433.0,3002000,KBS
2022-12-19 07:00:00,64846.0,64846.0,63607.0,63607.0,2422700,KBS
2022-12-20 07:00:00,63855.0,65838.0,63525.0,65012.0,3030300,KBS
2022-12-21 07:00:00,65838.0,66581.0,65673.0,65838.0,2305500,KBS
2022-12-22 07:00:00,66679.0,66847.0,64745.0,64745.0,1587300,KBS
2022-12-23 07:00:00,64829.0,65754.0,64072.0,64072.0,1561800,KBS
2022-12-26 07:00:00,64240.0,65249.0,63820.0,63904.0,1657600,KBS
2022-12-27 07:00:00,64577.0,65586.0,63904.0,64408.0,1586800,KBS
2022-12-28 07:00:00,64492.0,65586.0,64408.0,64745.0,1188500,KBS
2022-12-29 07:00:00,65081.0,65754.0,64745.0,64745.0,1329700,KBS
2022-12-30 07:00:00,65586.0,65586.0,63988.0,63988.0,1199300,KBS
2023-01-03 07:00:00,64324.0,66006.0,64072.0,66006.0,1496000,KBS
2023-01-04 07:00:00,66174.0,66679.0,66090.0,66679.0,1089800,KBS
2023-01-05 07:00:00,66679.0,68444.0,66426.0,68276.0,2469800,KBS
2023-01-06 07:00:00,68108.0,68276.0,66931.0,67099.0,1269700,KBS
2023-01-09 07:00:00,67183.0,67856.0,66931.0,67856.0,948300,KBS
2023-01-10 07:00:00,68024.0,68528.0,67772.0,68108.0,1196000,KBS
2023-01-11 07:00:00,68108.0,68613.0,66763.0,66763.0,1534700,KBS
2023-01-12 07:00:00,67183.0,67435.0,66679.0,67267.0,684900,KBS
2023-01-13 07:00:00,67435.0,68192.0,67351.0,67772.0,1449000,KBS
2023-01-16 07:00:00,67772.0,67940.0,66763.0,66763.0,654700,KBS
2023-01-17 07:00:00,67435.0,68108.0,66763.0,68024.0,1671400,KBS
2023-01-18 07:00:00,68024.0,68528.0,67856.0,68360.0,1297900,KBS
2023-01-19 07:00:00,67940.0,68528.0,67267.0,68360.0,2627700,KBS
2023-01-27 07:00:00,68444.0,68865.0,66931.0,67267.0,2331800,KBS
2023-01-30 07:00:00,67267.0,67267.0,66763.0,66763.0,1614000,KBS
2023-01-31 07:00:00,66595.0,66847.0,64661.0,64829.0,4817500,KBS
2023-02-01 07:00:00,65333.0,65417.0,64661.0,64913.0,1810400,KBS
2023-02-02 07:00:00,65081.0,65165.0,64492.0,64492.0,1494400,KBS
2023-02-03 07:00:00,64745.0,64829.0,63820.0,63904.0,1855200,KBS
2023-02-06 07:00:00,63820.0,65165.0,63820.0,65081.0,1910700,KBS
2023-02-07 07:00:00,65249.0,65249.0,63988.0,63988.0,1274400,KBS
2023-02-08 07:00:00,64072.0,64408.0,63652.0,63736.0,1550000,KBS
2023-02-09 07:00:00,63736.0,63904.0,63063.0,63063.0,1593600,KBS
2023-02-10 07:00:00,63063.0,63820.0,63063.0,63820.0,1236100,KBS
2023-02-13 07:00:00,63820.0,63820.0,62306.0,63315.0,1569000,KBS
2023-02-14 07:00:00,63315.0,63652.0,62558.0,62811.0,1073500,KBS
2023-02-15 07:00:00,62811.0,63904.0,62558.0,63904.0,1443500,KBS
2023-02-16 07:00:00,63904.0,64324.0,63568.0,64324.0,691300,KBS
2023-02-17 07:00:00,63988.0,64240.0,63315.0,63904.0,777000,KBS
2023-02-20 07:00:00,63904.0,65165.0,63483.0,65165.0,1385300,KBS
2023-02-21 07:00:00,65165.0,65249.0,64492.0,64913.0,888300,KBS
2023-02-22 07:00:00,64156.0,64492.0,63483.0,63483.0,1295600,KBS
2023-02-23 07:00:00,63483.0,64661.0,62558.0,63652.0,2327900,KBS
2023-02-24 07:00:00,63652.0,63904.0,62643.0,62811.0,1681000,KBS
2023-02-27 07:00:00,62811.0,63820.0,62222.0,63231.0,1112500,KBS
2023-02-28 07:00:00,63483.0,63820.0,63147.0,63483.0,1034300,KBS
2023-03-01 07:00:00,63147.0,64745.0,63063.0,64661.0,1635500,KBS
2023-03-02 07:00:00,64661.0,64661.0,63988.0,64324.0,1088800,KBS
2023-03-03 07:00:00,63063.0,64577.0,63063.0,63904.0,704200,KBS
2023-03-06 07:00:00,63904.0,64408.0,63063.0,63063.0,891800,KBS
2023-03-07 07:00:00,63820.0,64072.0,63483.0,63736.0,1170900,KBS
2023-03-08 07:00:00,63231.0,64324.0,63063.0,64324.0,1244400,KBS
2023-03-09 07:00:00,64072.0,64829.0,64072.0,64324.0,1389700,KBS
2023-03-10 07:00:00,64324.0,64913.0,63988.0,64661.0,1427700,KBS
2023-03-13 07:00:00,64577.0,64829.0,64408.0,64661.0,1824500,KBS
2023-03-14 07:00:00,64156.0,64661.0,63568.0,64408.0,1735100,KBS
2023-03-15 07:00:00,64408.0,64997.0,64324.0,64829.0,1960200,KBS
2023-03-16 07:00:00,64745.0,64829.0,63820.0,64240.0,1529200,KBS
2023-03-17 07:00:00,64240.0,64240.0,62643.0,62643.0,2432800,KBS
2023-03-20 07:00:00,63063.0,63063.0,62306.0,62474.0,1609600,KBS
2023-03-21 07:00:00,62558.0,63147.0,62390.0,62558.0,1350200,KBS
2023-03-22 07:00:00,62727.0,62811.0,62558.0,62558.0,900200,KBS
2023-03-23 07:00:00,62474.0,63315.0,62222.0,63315.0,1285000,KBS
2023-03-24 07:00:00,63063.0,63483.0,62895.0,63063.0,932300,KBS
2023-03-27 07:00:00,63063.0,63063.0,62474.0,62727.0,1371500,KBS
2023-03-28 07:00:00,62643.0,63315.0,62558.0,62558.0,1650000,KBS
2023-03-29 07:00:00,62811.0,62979.0,62558.0,62979.0,907400,KBS
2023-03-30 07:00:00,62811.0,63399.0,62727.0,63063.0,838700,KBS
2023-03-31 07:00:00,63063.0,63399.0,62558.0,62558.0,1076100,KBS
2023-04-03 07:00:00,62727.0,62979.0,62390.0,62558.0,850600,KBS
2023-04-04 07:00:00,62558.0,62643.0,62390.0,62390.0,1819000,KBS
2023-04-05 07:00:00,62390.0,62895.0,62306.0,62643.0,963400,KBS
2023-04-06 07:00:00,62558.0,62727.0,62474.0,62474.0,905600,KBS
2023-04-07 07:00:00,62558.0,62811.0,62474.0,62811.0,794400,KBS
2023-04-10 07:00:00,62811.0,62811.0,62558.0,62558.0,832700,KBS
2023-04-11 07:00:00,62474.0,62643.0,62306.0,62558.0,782800,KBS
2023-04-12 07:00:00,62558.0,62558.0,62222.0,62474.0,979100,KBS
2023-04-13 07:00:00,62474.0,62558.0,61802.0,61802.0,889600,KBS
2023-04-14 07:00:00,61886.0,61970.0,61213.0,61213.0,1294000,KBS
2023-04-17 07:00:00,61213.0,61297.0,60288.0,60288.0,1365400,KBS
2023-04-18 07:00:00,60372.0,61381.0,60372.0,61381.0,931800,KBS
2023-04-19 07:00:00,61465.0,61465.0,60540.0,60540.0,816300,KBS
2023-04-20 07:00:00,60625.0,61045.0,60372.0,60456.0,822300,KBS
2023-04-21 07:00:00,60540.0,60540.0,59531.0,59616.0,1107600,KBS
2023-04-24 07:00:00,59700.0,59784.0,59027.0,59279.0,1134600,KBS
2023-04-25 07:00:00,59279.0,60036.0,58691.0,58775.0,1370200,KBS
2023-04-26 07:00:00,58859.0,59700.0,58859.0,59700.0,941600,KBS
2023-04-27 07:00:00,59700.0,59700.0,58438.0,58438.0,1369100,KBS
2023-04-28 07:00:00,58691.0,59027.0,58607.0,58859.0,1116700,KBS
2023-05-04 07:00:00,58859.0,58859.0,57513.0,57682.0,2657800,KBS
2023-05-05 07:00:00,57682.0,58186.0,57682.0,57850.0,712200,KBS
2023-05-08 07:00:00,58018.0,59195.0,58018.0,59195.0,1227700,KBS
2023-05-09 07:00:00,59531.0,59700.0,59279.0,59447.0,871300,KBS
2023-05-10 07:00:00,59531.0,59784.0,59279.0,59279.0,951600,KBS
2023-05-11 07:00:00,59279.0,59616.0,58859.0,58859.0,447300,KBS
2023-05-12 07:00:00,59195.0,59195.0,58438.0,58522.0,1214100,KBS
2023-05-15 07:00:00,58775.0,58775.0,58018.0,58018.0,1537800,KBS
2023-05-16 07:00:00,58018.0,58607.0,58018.0,58607.0,1380300,KBS
2023-05-17 07:00:00,58607.0,58607.0,57850.0,58018.0,1869200,KBS
2023-05-18 07:00:00,58018.0,58859.0,57598.0,58186.0,2496400,KBS
2023-05-19 07:00:00,58354.0,58438.0,57682.0,57682.0,1203800,KBS
2023-05-22 07:00:00,57766.0,58018.0,57345.0,57345.0,1698000,KBS
2023-05-23 07:00:00,57177.0,57513.0,56336.0,56336.0,2935700,KBS
2023-05-24 07:00:00,56420.0,56673.0,55580.0,55748.0,2350000,KBS
2023-05-25 07:00:00,55664.0,56757.0,55495.0,56420.0,1305500,KBS
2023-05-26 07:00:00,56673.0,57177.0,56420.0,56420.0,904500,KBS
2023-05-29 07:00:00,56589.0,56925.0,56420.0,56420.0,1043600,KBS
2023-05-30 07:00:00,56420.0,56673.0,55916.0,55916.0,1770500,KBS
2023-05-31 07:00:00,56168.0,56168.0,55580.0,55580.0,1466600,KBS
2023-06-01 07:00:00,55580.0,55916.0,55495.0,55580.0,1214500,KBS
2023-06-02 07:00:00,55664.0,55748.0,55075.0,55411.0,2969700,KBS
2023-06-05 07:00:00,55916.0,56504.0,55664.0,55916.0,3323000,KBS
2023-06-06 07:00:00,56252.0,56252.0,55495.0,55832.0,3423000,KBS
2023-06-07 07:00:00,55916.0,56084.0,55495.0,55664.0,3719000,KBS
2023-06-08 07:00:00,55916.0,55916.0,55075.0,55075.0,5036500,KBS
2023-06-09 07:00:00,55159.0,55916.0,55075.0,55327.0,2080200,KBS
2023-06-12 07:00:00,55495.0,57177.0,55495.0,57093.0,5450300,KBS
2023-06-13 07:00:00,57261.0,57429.0,56757.0,56841.0,4943400,KBS
2023-06-14 07:00:00,56925.0,57345.0,56420.0,56420.0,4910200,KBS
2023-06-15 07:00:00,56589.0,56673.0,55664.0,55748.0,4687800,KBS
2023-06-16 07:00:00,55916.0,56000.0,55495.0,55580.0,5993000,KBS
2023-06-19 07:00:00,55748.0,56000.0,55159.0,55327.0,3279400,KBS
2023-06-20 07:00:00,55411.0,55411.0,55075.0,55075.0,2963000,KBS
2023-06-21 07:00:00,55159.0,55748.0,55075.0,55748.0,3490900,KBS
2023-06-22 07:00:00,55916.0,56589.0,55748.0,56252.0,5610600,KBS
2023-06-23 07:00:00,56336.0,58438.0,56336.0,58102.0,11958000,KBS
2023-06-26 07:00:00,58270.0,59447.0,57429.0,59363.0,10737800,KBS
2023-06-27 07:00:00,59531.0,59531.0,58522.0,59279.0,5978900,KBS
2023-06-28 07:00:00,59279.0,59616.0,58607.0,59363.0,6154700,KBS
2023-06-29 07:00:00,59363.0,60877.0,58943.0,60456.0,7698400,KBS
2023-06-30 07:00:00,60456.0,60540.0,59531.0,59700.0,3645000,KBS
2023-07-03 07:00:00,59784.0,60036.0,59111.0,59447.0,3186200,KBS
2023-07-04 07:00:00,59279.0,59868.0,58943.0,59363.0,4781600,KBS
2023-07-05 07:00:00,59531.0,59531.0,58522.0,58691.0,6659200,KBS
2023-07-06 07:00:00,58775.0,59447.0,58691.0,59279.0,7631000,KBS
2023-07-07 07:00:00,59447.0,59868.0,59195.0,59616.0,5780500,KBS
2023-07-10 07:00:00,60036.0,61129.0,59868.0,60625.0,6171100,KBS
2023-07-11 07:00:00,60625.0,61718.0,60288.0,61213.0,5702300,KBS
2023-07-12 07:00:00,61297.0,61802.0,61045.0,61802.0,4195800,KBS
2023-07-13 07:00:00,61718.0,62054.0,61297.0,61465.0,3783500,KBS
2023-07-14 07:00:00,61549.0,61718.0,60625.0,61634.0,5209700,KBS
2023-07-17 07:00:00,61381.0,61886.0,60709.0,60793.0,3922800,KBS
2023-07-18 07:00:00,60961.0,61045.0,60709.0,60877.0,2930000,KBS
2023-07-19 07:00:00,60961.0,61381.0,60877.0,61045.0,2945100,KBS
2023-07-20 07:00:00,61045.0,61213.0,60793.0,61045.0,2600700,KBS
2023-07-21 07:00:00,61045.0,61802.0,60961.0,61802.0,3341800,KBS
2023-07-24 07:00:00,61802.0,62222.0,61634.0,61886.0,2535300,KBS
2023-07-25 07:00:00,61886.0,62811.0,61465.0,62643.0,4245900,KBS
2023-07-26 07:00:00,62558.0,63231.0,62474.0,63063.0,3189700,KBS
2023-07-27 07:00:00,63063.0,63736.0,62895.0,63652.0,4178200,KBS
2023-07-28 07:00:00,63736.0,65333.0,63568.0,65081.0,5473600,KBS
2023-07-31 07:00:00,64997.0,65922.0,64913.0,65586.0,3364900,KBS
2023-08-01 07:00:00,65586.0,65586.0,63904.0,63904.0,5730800,KBS
2023-08-02 07:00:00,63904.0,64324.0,63315.0,63988.0,2678900,KBS
2023-08-03 07:00:00,64335.0,64335.0,63033.0,63033.0,2917600,KBS
2023-08-04 07:00:00,62946.0,63380.0,62512.0,63380.0,3165200,KBS
2023-08-07 07:00:00,63293.0,65030.0,62772.0,65030.0,4317900,KBS
2023-08-08 07:00:00,64856.0,65030.0,64162.0,64683.0,3430500,KBS
2023-08-09 07:00:00,64683.0,64683.0,63207.0,63467.0,3705000,KBS
2023-08-10 07:00:00,63467.0,64248.0,63293.0,63467.0,2733200,KBS
2023-08-11 07:00:00,63467.0,63814.0,62859.0,63814.0,2181300,KBS
2023-08-14 07:00:00,63727.0,63814.0,62946.0,63727.0,3066500,KBS
2023-08-15 07:00:00,63293.0,63727.0,63120.0,63207.0,2219700,KBS
2023-08-16 07:00:00,63207.0,63814.0,62946.0,63467.0,2083900,KBS
2023-08-17 07:00:00,63467.0,64683.0,63293.0,63901.0,4580900,KBS
2023-08-18 07:00:00,63814.0,64943.0,62599.0,63641.0,7106200,KBS
2023-08-21 07:00:00,63120.0,64075.0,63120.0,63293.0,3055200,KBS
2023-08-22 07:00:00,63554.0,63554.0,61731.0,63120.0,3075100,KBS
2023-08-23 07:00:00,62859.0,63901.0,62165.0,63814.0,3072800,KBS
2023-08-24 07:00:00,63814.0,65030.0,63380.0,64856.0,4419900,KBS
2023-08-25 07:00:00,65377.0,65377.0,64509.0,65030.0,2751400,KBS
2023-08-28 07:00:00,65117.0,67808.0,65117.0,67634.0,5466800,KBS
2023-08-29 07:00:00,67287.0,67374.0,66159.0,67200.0,4199900,KBS
2023-08-30 07:00:00,66853.0,68155.0,66419.0,67548.0,2659700,KBS
2023-08-31 07:00:00,67287.0,68503.0,66940.0,67548.0,3836000,KBS
2023-09-05 07:00:00,68155.0,69892.0,67808.0,69545.0,6839900,KBS
2023-09-06 07:00:00,69545.0,69545.0,69024.0,69458.0,2280400,KBS
2023-09-07 07:00:00,69371.0,69458.0,68242.0,69024.0,3526700,KBS
2023-09-08 07:00:00,68763.0,69545.0,68676.0,69458.0,2774900,KBS
2023-09-11 07:00:00,69458.0,70413.0,67374.0,69024.0,4234900,KBS
2023-09-12 07:00:00,68590.0,70066.0,67982.0,69718.0,2668500,KBS
2023-09-13 07:00:00,69110.0,69718.0,68329.0,68676.0,2507000,KBS
2023-09-14 07:00:00,68155.0,69458.0,68069.0,68937.0,2482600,KBS
2023-09-15 07:00:00,68937.0,70500.0,68590.0,69024.0,5614800,KBS
2023-09-18 07:00:00,68676.0,69284.0,68329.0,68503.0,1322100,KBS
2023-09-19 07:00:00,68155.0,68503.0,67200.0,68503.0,2571700,KBS
2023-09-20 07:00:00,68069.0,68416.0,67721.0,67982.0,1842800,KBS
2023-09-21 07:00:00,67808.0,67982.0,67114.0,67721.0,2537900,KBS
2023-09-22 07:00:00,66940.0,67982.0,65811.0,67287.0,4244900,KBS
2023-09-25 07:00:00,67027.0,68155.0,66593.0,67374.0,2755500,KBS
2023-09-26 07:00:00,67374.0,67721.0,65985.0,66072.0,2534600,KBS
2023-09-27 07:00:00,66245.0,66506.0,64943.0,66506.0,2273300,KBS
2023-09-28 07:00:00,66072.0,66332.0,64943.0,64943.0,1889300,KBS
2023-09-29 07:00:00,65117.0,66332.0,64422.0,64422.0,1403900,KBS
2023-10-02 07:00:00,64422.0,65638.0,64422.0,65638.0,1159900,KBS
2023-10-03 07:00:00,64769.0,65203.0,64162.0,64248.0,1993700,KBS
2023-10-04 07:00:00,63901.0,64769.0,63727.0,64596.0,1077900,KBS
2023-10-05 07:00:00,64335.0,64596.0,63120.0,63120.0,2571400,KBS
2023-10-06 07:00:00,63120.0,64422.0,63033.0,64422.0,1227000,KBS
2023-10-09 07:00:00,64248.0,64335.0,63901.0,63988.0,830900,KBS
2023-10-10 07:00:00,64509.0,65117.0,64248.0,64596.0,1023900,KBS
2023-10-11 07:00:00,64769.0,64943.0,64248.0,64596.0,1134400,KBS
2023-10-12 07:00:00,64683.0,65898.0,64683.0,65551.0,2534800,KBS
2023-10-13 07:00:00,65464.0,66245.0,65117.0,65811.0,1487000,KBS
2023-10-16 07:00:00,65203.0,65811.0,64856.0,65290.0,1344400,KBS
2023-10-17 07:00:00,65377.0,66072.0,64943.0,64943.0,1421900,KBS
2023-10-18 07:00:00,64943.0,64943.0,62859.0,64162.0,2572400,KBS
2023-10-19 07:00:00,63727.0,63727.0,61557.0,61991.0,3904700,KBS
2023-10-20 07:00:00,61904.0,62946.0,60949.0,62772.0,2371800,KBS
2023-10-23 07:00:00,62252.0,62512.0,60862.0,60949.0,2725900,KBS
2023-10-24 07:00:00,60949.0,61470.0,60862.0,61036.0,1099500,KBS
2023-10-25 07:00:00,61036.0,61470.0,59907.0,59907.0,2423700,KBS
2023-10-26 07:00:00,59473.0,59560.0,57216.0,58171.0,5201700,KBS
2023-10-27 07:00:00,58431.0,59039.0,57824.0,59039.0,1811000,KBS
2023-10-30 07:00:00,58952.0,59039.0,58258.0,58692.0,1047000,KBS
2023-10-31 07:00:00,58952.0,60341.0,58692.0,59039.0,2183600,KBS
2023-11-01 07:00:00,59907.0,61210.0,58952.0,61123.0,2337200,KBS
2023-11-02 07:00:00,61210.0,61557.0,60602.0,61557.0,2390200,KBS
2023-11-03 07:00:00,61557.0,61557.0,60602.0,60776.0,1692700,KBS
2023-11-06 07:00:00,60949.0,62078.0,60862.0,61644.0,1136800,KBS
2023-11-07 07:00:00,61210.0,61470.0,60602.0,61470.0,1474700,KBS
2023-11-08 07:00:00,61470.0,62078.0,60602.0,61991.0,2339600,KBS
2023-11-09 07:00:00,62165.0,62599.0,61383.0,61383.0,3420100,KBS
2023-11-10 07:00:00,61470.0,61470.0,60428.0,60428.0,2833100,KBS
2023-11-13 07:00:00,60515.0,60776.0,59560.0,59647.0,1730800,KBS
2023-11-14 07:00:00,59907.0,60255.0,59213.0,59820.0,2996000,KBS
2023-11-15 07:00:00,60776.0,62338.0,60776.0,61383.0,3949400,KBS
2023-11-16 07:00:00,61296.0,61904.0,60689.0,61036.0,2338200,KBS
2023-11-17 07:00:00,61644.0,61731.0,60081.0,60776.0,2335800,KBS
2023-11-20 07:00:00,60081.0,60689.0,59907.0,60168.0,1770000,KBS
2023-11-21 07:00:00,60255.0,60602.0,59820.0,60341.0,2959800,KBS
2023-11-22 07:00:00,60341.0,60949.0,59907.0,60255.0,1302200,KBS
2023-11-23 07:00:00,60602.0,60689.0,59647.0,59647.0,1623100,KBS
2023-11-24 07:00:00,59560.0,59820.0,58692.0,59300.0,3128900,KBS
2023-11-27 07:00:00,59300.0,59386.0,58952.0,59126.0,1333300,KBS
2023-11-28 07:00:00,59126.0,59473.0,58605.0,59473.0,1775600,KBS
2023-11-29 07:00:00,59473.0,59734.0,59213.0,59386.0,1262500,KBS
2023-11-30 07:00:00,59386.0,59647.0,58518.0,58518.0,2581600,KBS
2023-12-01 07:00:00,59039.0,59473.0,58779.0,59386.0,1391800,KBS
2023-12-04 07:00:00,59473.0,60341.0,59386.0,59734.0,3006800,KBS
2023-12-05 07:00:00,59734.0,59907.0,59039.0,59126.0,2302100,KBS
2023-12-06 07:00:00,59126.0,59560.0,59126.0,59473.0,1606600,KBS
2023-12-07 07:00:00,59734.0,59734.0,58605.0,59386.0,3874400,KBS
2023-12-08 07:00:00,59386.0,60168.0,59039.0,59907.0,3729400,KBS
2023-12-11 07:00:00,61210.0,61210.0,60689.0,60776.0,4734500,KBS
2023-12-12 07:00:00,60776.0,60862.0,59907.0,60255.0,2788700,KBS
2023-12-13 07:00:00,60428.0,60515.0,59126.0,59213.0,4511000,KBS
2023-12-14 07:00:00,59386.0,59820.0,59213.0,59386.0,1462000,KBS
2023-12-15 07:00:00,59473.0,59560.0,59126.0,59126.0,3739700,KBS
2023-12-18 07:00:00,59126.0,59213.0,58171.0,58171.0,3513100,KBS
2023-12-19 07:00:00,58258.0,58518.0,57563.0,58171.0,3061900,KBS
2023-12-20 07:00:00,58171.0,59213.0,58171.0,59126.0,2603900,KBS
2023-12-21 07:00:00,58952.0,59300.0,58865.0,58865.0,2585900,KBS
2023-12-22 07:00:00,58865.0,59126.0,58605.0,58692.0,2145700,KBS
2023-12-25 07:00:00,58692.0,59647.0,58692.0,58952.0,2672700,KBS
2023-12-26 07:00:00,59300.0,59473.0,59039.0,59039.0,1975400,KBS
2023-12-27 07:00:00,59476.0,59651.0,59039.0,59039.0,1626400,KBS
2023-12-28 07:00:00,59039.0,59914.0,59039.0,59914.0,2408700,KBS
2023-12-29 07:00:00,60089.0,60089.0,59127.0,59127.0,1954700,KBS
2024-01-02 07:00:00,59651.0,59914.0,59389.0,59739.0,2142800,KBS
2024-01-03 07:00:00,59826.0,60351.0,59476.0,60351.0,1889800,KBS
2024-01-04 07:00:00,60439.0,60788.0,60351.0,60351.0,3401500,KBS
2024-01-05 07:00:00,60613.0,60613.0,59914.0,60176.0,1475700,KBS
2024-01-08 07:00:00,60351.0,60439.0,59651.0,59651.0,2396400,KBS
2024-01-09 07:00:00,59651.0,59914.0,59476.0,59564.0,2460400,KBS
2024-01-10 07:00:00,59564.0,59564.0,58952.0,59039.0,3006600,KBS
2024-01-11 07:00:00,59039.0,59914.0,59039.0,59389.0,2083900,KBS
2024-01-12 07:00:00,59127.0,59389.0,58602.0,58777.0,3283000,KBS
2024-01-15 07:00:00,58777.0,59039.0,58602.0,58602.0,2226700,KBS
2024-01-16 07:00:00,58602.0,58952.0,58339.0,58952.0,2072400,KBS
2024-01-17 07:00:00,59039.0,59389.0,58602.0,58689.0,1826400,KBS
2024-01-18 07:00:00,58864.0,59301.0,58864.0,58952.0,1228400,KBS
2024-01-19 07:00:00,58952.0,60001.0,58952.0,59476.0,2619900,KBS
2024-01-22 07:00:00,59476.0,60089.0,59476.0,59739.0,1959800,KBS
2024-01-23 07:00:00,59739.0,59739.0,59127.0,59214.0,2112000,KBS
2024-01-24 07:00:00,59301.0,59476.0,58777.0,58864.0,2083500,KBS
2024-01-25 07:00:00,58952.0,59039.0,58514.0,58514.0,2660500,KBS
2024-01-26 07:00:00,58602.0,59039.0,58602.0,58602.0,1675800,KBS
2024-01-29 07:00:00,58689.0,58864.0,58514.0,58602.0,1732800,KBS
2024-01-30 07:00:00,58864.0,58864.0,58514.0,58514.0,1790400,KBS
2024-01-31 07:00:00,58777.0,59651.0,58514.0,58602.0,4020100,KBS
2024-02-01 07:00:00,58777.0,59301.0,58777.0,59039.0,2499300,KBS
2024-02-02 07:00:00,59039.0,59214.0,58602.0,58952.0,2611300,KBS
2024-02-05 07:00:00,58952.0,59651.0,58777.0,59476.0,3565900,KBS
2024-02-06 07:00:00,59564.0,59651.0,59127.0,59127.0,2392800,KBS
2024-02-07 07:00:00,59127.0,59389.0,58777.0,59127.0,2736300,KBS
2024-02-15 07:00:00,59127.0,59476.0,58777.0,59127.0,3876600,KBS
2024-02-16 07:00:00,59301.0,61488.0,59039.0,61226.0,11114600,KBS
2024-02-19 07:00:00,62013.0,63500.0,61838.0,62888.0,6652800,KBS
2024-02-20 07:00:00,62713.0,63325.0,62363.0,62538.0,4385700,KBS
2024-02-21 07:00:00,62538.0,62888.0,62100.0,62363.0,3590200,KBS
2024-02-22 07:00:00,62363.0,63587.0,62188.0,62625.0,4648100,KBS
2024-02-23 07:00:00,62800.0,63587.0,62100.0,62100.0,6142500,KBS
2024-02-26 07:00:00,62100.0,62713.0,61838.0,62100.0,3048400,KBS
2024-02-27 07:00:00,62275.0,63325.0,62188.0,62975.0,5282500,KBS
2024-02-28 07:00:00,63325.0,63500.0,62538.0,63150.0,3419000,KBS
2024-02-29 07:00:00,63500.0,64112.0,62625.0,62975.0,6539800,KBS
2024-03-01 07:00:00,63062.0,63062.0,62275.0,62538.0,4397700,KBS
2024-03-04 07:00:00,62800.0,63587.0,62625.0,62975.0,5014600,KBS
2024-03-05 07:00:00,62975.0,63850.0,62713.0,63850.0,5440900,KBS
2024-03-06 07:00:00,64112.0,64287.0,62800.0,62800.0,4833900,KBS
2024-03-07 07:00:00,62713.0,63062.0,62363.0,62975.0,5067600,KBS
2024-03-08 07:00:00,63062.0,63762.0,61226.0,61226.0,7361000,KBS
2024-03-11 07:00:00,61663.0,62363.0,61226.0,61488.0,4208400,KBS
2024-03-12 07:00:00,61576.0,61751.0,61226.0,61226.0,3844000,KBS
2024-03-13 07:00:00,61313.0,62013.0,61226.0,61925.0,5646500,KBS
2024-03-14 07:00:00,62100.0,62363.0,61488.0,61663.0,5445400,KBS
2024-03-15 07:00:00,62106.0,62106.0,60866.0,60954.0,4851100,KBS
2024-03-18 07:00:00,60954.0,61220.0,59891.0,60157.0,6796400,KBS
2024-03-19 07:00:00,60688.0,60688.0,60068.0,60068.0,3164500,KBS
2024-03-20 07:00:00,60068.0,60777.0,59803.0,60245.0,3546900,KBS
2024-03-21 07:00:00,60423.0,60688.0,60157.0,60600.0,4701700,KBS
2024-03-22 07:00:00,60777.0,60866.0,60068.0,60068.0,6066700,KBS
2024-03-25 07:00:00,60157.0,60423.0,59448.0,59625.0,5450700,KBS
2024-03-26 07:00:00,59714.0,60157.0,59625.0,59980.0,2504200,KBS
2024-03-27 07:00:00,60245.0,60245.0,59803.0,59980.0,2637700,KBS
2024-03-28 07:00:00,59980.0,60600.0,59891.0,59980.0,4470700,KBS
2024-03-29 07:00:00,60600.0,60600.0,59803.0,59891.0,3484600,KBS
2024-04-01 07:00:00,59891.0,59980.0,59360.0,59360.0,4988000,KBS
2024-04-02 07:00:00,59360.0,59714.0,59094.0,59625.0,4322900,KBS
2024-04-03 07:00:00,59625.0,59625.0,59094.0,59094.0,5046100,KBS
2024-04-04 07:00:00,59094.0,60600.0,59094.0,60423.0,7472800,KBS
2024-04-05 07:00:00,60423.0,60423.0,59980.0,60157.0,4233800,KBS
2024-04-08 07:00:00,60245.0,60245.0,59271.0,59360.0,3666000,KBS
2024-04-09 07:00:00,59448.0,59625.0,59182.0,59360.0,2516000,KBS
2024-04-10 07:00:00,59448.0,59625.0,59182.0,59182.0,2765500,KBS
2024-04-11 07:00:00,59094.0,59271.0,58917.0,59005.0,2947700,KBS
2024-04-12 07:00:00,59182.0,59448.0,59005.0,59094.0,2509200,KBS
2024-04-15 07:00:00,59094.0,59094.0,57499.0,57499.0,5756100,KBS
2024-04-16 07:00:00,57499.0,57588.0,55816.0,56702.0,7128700,KBS
2024-04-17 07:00:00,57056.0,57499.0,56879.0,56879.0,4589800,KBS
2024-04-19 07:00:00,56879.0,57056.0,56081.0,56879.0,4516100,KBS
2024-04-22 07:00:00,57322.0,57853.0,56702.0,56702.0,2035200,KBS
2024-04-23 07:00:00,56879.0,56967.0,55993.0,56259.0,2014400,KBS
2024-04-24 07:00:00,56702.0,56967.0,56259.0,56702.0,2401300,KBS
2024-04-25 07:00:00,56702.0,57410.0,56613.0,57322.0,1916000,KBS
2024-04-26 07:00:00,57322.0,58296.0,57145.0,57588.0,2940600,KBS
2024-05-02 07:00:00,57942.0,58031.0,57499.0,57942.0,2563400,KBS
2024-05-03 07:00:00,58119.0,58474.0,58031.0,58119.0,1966400,KBS
2024-05-06 07:00:00,58296.0,58828.0,58031.0,58296.0,2261300,KBS
2024-05-07 07:00:00,58474.0,60688.0,58385.0,60245.0,8485900,KBS
2024-05-08 07:00:00,60245.0,60245.0,59448.0,60157.0,2964400,KBS
2024-05-09 07:00:00,60157.0,60157.0,59005.0,59005.0,2998000,KBS
2024-05-10 07:00:00,59094.0,59803.0,58562.0,58917.0,2418100,KBS
2024-05-13 07:00:00,59005.0,59182.0,57942.0,58296.0,2732500,KBS
2024-05-14 07:00:00,58385.0,59360.0,58385.0,58917.0,2433100,KBS
2024-05-15 07:00:00,59271.0,59625.0,59094.0,59360.0,3234900,KBS
2024-05-16 07:00:00,59448.0,59980.0,59360.0,59537.0,2911400,KBS
2024-05-17 07:00:00,59625.0,60068.0,59182.0,59360.0,4169000,KBS
2024-05-20 07:00:00,59448.0,59891.0,58828.0,58828.0,4920600,KBS
2024-05-21 07:00:00,58828.0,59005.0,58296.0,58651.0,3799500,KBS
2024-05-22 07:00:00,58828.0,59094.0,58296.0,58296.0,3618300,KBS
2024-05-23 07:00:00,58474.0,59360.0,58296.0,59360.0,2991400,KBS
2024-05-24 07:00:00,59094.0,59271.0,58208.0,58474.0,4104100,KBS
2024-05-27 07:00:00,58562.0,59005.0,58296.0,58562.0,2336600,KBS
2024-05-28 07:00:00,58739.0,59625.0,58562.0,59182.0,5347500,KBS
2024-05-29 07:00:00,59360.0,59625.0,58474.0,58739.0,3357900,KBS
2024-05-30 07:00:00,58562.0,58651.0,58031.0,58208.0,4412600,KBS
2024-05-31 07:00:00,58385.0,58385.0,57853.0,57942.0,4143400,KBS
2024-06-03 07:00:00,58296.0,59005.0,58208.0,58562.0,3190500,KBS
2024-06-04 07:00:00,58562.0,59005.0,58474.0,58474.0,2445200,KBS
2024-06-05 07:00:00,58651.0,61309.0,58651.0,60688.0,11865800,KBS
2024-06-06 07:00:00,61131.0,61131.0,59537.0,59537.0,4887800,KBS
2024-06-07 07:00:00,59891.0,60777.0,59803.0,60068.0,4127600,KBS
2024-06-10 07:00:00,60600.0,60688.0,59537.0,59537.0,4564100,KBS
2024-06-11 07:00:00,59714.0,59803.0,58828.0,58917.0,6177100,KBS
2024-06-12 07:00:00,58917.0,59625.0,58739.0,59360.0,3425100,KBS
2024-06-13 07:00:00,59360.0,59714.0,59182.0,59271.0,2803600,KBS
2024-06-14 07:00:00,59360.0,59625.0,58651.0,58651.0,4124200,KBS
2024-06-17 07:00:00,58739.0,59005.0,58474.0,58474.0,3617600,KBS
2024-06-18 07:00:00,58917.0,58917.0,58385.0,58385.0,2751700,KBS
2024-06-19 07:00:00,58474.0,58474.0,57676.0,57853.0,6155000,KBS
2024-06-20 07:00:00,57942.0,59182.0,57765.0,58474.0,4397100,KBS
2024-06-21 07:00:00,58917.0,59448.0,58474.0,58474.0,3967700,KBS
2024-06-24 07:00:00,58562.0,59005.0,57853.0,58031.0,3847700,KBS
2024-06-25 07:00:00,58296.0,58651.0,58031.0,58031.0,2433600,KBS
2024-06-26 07:00:00,58296.0,58296.0,57676.0,57765.0,2485100,KBS
2024-06-27 07:00:00,57765.0,58119.0,57676.0,57853.0,2708400,KBS
2024-06-28 07:00:00,58031.0,58474.0,57853.0,58031.0,2731700,KBS
2024-07-01 07:00:00,58296.0,58474.0,57853.0,58474.0,1909300,KBS
2024-07-02 07:00:00,58474.0,58739.0,58296.0,58651.0,2042800,KBS
2024-07-03 07:00:00,58651.0,58739.0,58474.0,58651.0,1332600,KBS
2024-07-04 07:00:00,58739.0,59271.0,58739.0,58828.0,2688900,KBS
2024-07-05 07:00:00,58828.0,59803.0,58828.0,59537.0,4180100,KBS
2024-07-08 07:00:00,59625.0,59980.0,59360.0,59891.0,4942400,KBS
2024-07-09 07:00:00,59891.0,60068.0,59537.0,59803.0,5045200,KBS
2024-07-10 07:00:00,59803.0,60068.0,59182.0,59182.0,3881700,KBS
2024-07-11 07:00:00,59271.0,59360.0,58739.0,58739.0,3787100,KBS
2024-07-12 07:00:00,58828.0,59005.0,58562.0,58739.0,2079900,KBS
2024-07-15 07:00:00,58739.0,59271.0,58651.0,58651.0,2155300,KBS
2024-07-16 07:00:00,58828.0,59094.0,58562.0,58562.0,2243700,KBS
2024-07-17 07:00:00,58651.0,58917.0,58119.0,58208.0,3464800,KBS
2024-07-18 07:00:00,58474.0,58474.0,58031.0,58385.0,2283000,KBS
2024-07-19 07:00:00,58385.0,58385.0,57676.0,57853.0,3392700,KBS
2024-07-22 07:00:00,57853.0,58474.0,57765.0,57942.0,2654800,KBS
2024-07-23 07:00:00,58119.0,58739.0,58031.0,58385.0,3777800,KBS
2024-07-24 07:00:00,58296.0,58562.0,58119.0,58119.0,3613500,KBS
2024-07-25 07:00:00,58119.0,58208.0,57853.0,58119.0,1957600,KBS
2024-07-26 07:00:00,57942.0,58651.0,57942.0,58296.0,2975400,KBS
2024-07-29 07:00:00,58651.0,59891.0,58385.0,59537.0,5781800,KBS
2024-07-30 07:00:00,59625.0,60600.0,59271.0,59980.0,6375600,KBS
2024-07-31 07:00:00,60688.0,63789.0,60688.0,63435.0,21144900,KBS
2024-08-01 07:00:00,63612.0,63701.0,62106.0,62283.0,8865800,KBS
2024-08-02 07:00:00,62017.0,63701.0,62017.0,63346.0,10290200,KBS
2024-08-05 07:00:00,62903.0,63081.0,60688.0,61486.0,12155500,KBS
2024-08-06 07:00:00,62283.0,64941.0,62017.0,64410.0,13496200,KBS
2024-08-07 07:00:00,64852.0,65384.0,64144.0,65384.0,10700700,KBS
2024-08-08 07:00:00,65473.0,65916.0,63967.0,64410.0,5811000,KBS
2024-08-09 07:00:00,64498.0,65030.0,64232.0,64941.0,4527500,KBS
2024-08-12 07:00:00,64941.0,65916.0,64498.0,64675.0,5804000,KBS
2024-08-13 07:00:00,64498.0,65916.0,64410.0,65384.0,6734400,KBS
2024-08-14 07:00:00,65561.0,65650.0,64941.0,65561.0,5456200,KBS
2024-08-15 07:00:00,65561.0,66093.0,65295.0,65384.0,4255800,KBS
2024-08-16 07:00:00,65561.0,65650.0,64852.0,65384.0,7392900,KBS
2024-08-19 07:00:00,65561.0,67333.0,65384.0,67333.0,7917900,KBS
2024-08-20 07:00:00,67333.0,67510.0,66713.0,66979.0,4177300,KBS
2024-08-21 07:00:00,66624.0,67422.0,66536.0,66713.0,3991000,KBS
2024-08-22 07:00:00,67333.0,67333.0,65207.0,65738.0,6025900,KBS
2024-08-23 07:00:00,66359.0,66979.0,65916.0,66359.0,3307600,KBS
2024-08-26 07:00:00,66359.0,66447.0,64941.0,65030.0,6324800,KBS
2024-08-27 07:00:00,65030.0,65384.0,64321.0,65118.0,4265800,KBS
2024-08-28 07:00:00,65207.0,65561.0,64852.0,65473.0,3352800,KBS
2024-08-29 07:00:00,65295.0,65561.0,65030.0,65118.0,2042900,KBS
2024-08-30 07:00:00,65207.0,66270.0,65030.0,65473.0,3675800,KBS
2024-09-04 07:00:00,64941.0,66004.0,64764.0,65827.0,2839100,KBS
2024-09-05 07:00:00,65827.0,66802.0,65650.0,66181.0,5857500,KBS
2024-09-06 07:00:00,66359.0,66890.0,66270.0,66802.0,3641800,KBS
2024-09-09 07:00:00,66536.0,66536.0,65738.0,66270.0,2638800,KBS
2024-09-10 07:00:00,66270.0,66890.0,65827.0,66359.0,3332400,KBS
2024-09-11 07:00:00,66270.0,66536.0,65473.0,66093.0,3165200,KBS
2024-09-12 07:00:00,66447.0,66624.0,65916.0,66181.0,2052100,KBS
2024-09-13 07:00:00,66270.0,66270.0,64587.0,64587.0,5347100,KBS
2024-09-16 07:00:00,64675.0,64675.0,63701.0,63701.0,4034700,KBS
2024-09-17 07:00:00,63789.0,65030.0,63524.0,65030.0,2390300,KBS
2024-09-18 07:00:00,65207.0,65473.0,64675.0,64941.0,2845300,KBS
2024-09-19 07:00:00,64941.0,65118.0,64675.0,64941.0,1572700,KBS
2024-09-20 07:00:00,65118.0,65561.0,64410.0,64410.0,5232400,KBS
2024-09-23 07:00:00,64764.0,64852.0,64321.0,64587.0,2930300,KBS
2024-09-24 07:00:00,65045.0,65045.0,64220.0,64404.0,2076500,KBS
2024-09-25 07:00:00,64404.0,64495.0,63762.0,63762.0,4520500,KBS
2024-09-26 07:00:00,63762.0,65136.0,63762.0,64770.0,3984100,KBS
2024-09-27 07:00:00,64862.0,65228.0,64770.0,65045.0,2968700,KBS
2024-09-30 07:00:00,65045.0,65045.0,64220.0,64220.0,2043500,KBS
2024-10-01 07:00:00,64312.0,64770.0,64220.0,64220.0,2040200,KBS
2024-10-02 07:00:00,64312.0,64312.0,63762.0,64220.0,2139900,KBS
2024-10-03 07:00:00,64312.0,64587.0,64037.0,64404.0,2948000,KBS
2024-10-04 07:00:00,64587.0,64587.0,62663.0,62754.0,6134000,KBS
2024-10-07 07:00:00,62938.0,63487.0,61472.0,61472.0,5986300,KBS
2024-10-08 07:00:00,61564.0,62480.0,61564.0,62480.0,2887600,KBS
2024-10-09 07:00:00,62571.0,62846.0,62113.0,62113.0,3527900,KBS
2024-10-10 07:00:00,62571.0,63029.0,62022.0,62022.0,2622600,KBS
2024-10-11 07:00:00,62388.0,62480.0,61838.0,62022.0,2370000,KBS
2024-10-14 07:00:00,62388.0,62388.0,61472.0,61564.0,2820500,KBS
2024-10-15 07:00:00,61564.0,61747.0,61105.0,61197.0,3073300,KBS
2024-10-16 07:00:00,61197.0,62388.0,61197.0,61838.0,2003900,KBS
2024-10-17 07:00:00,61930.0,62205.0,61655.0,61930.0,1655000,KBS
2024-10-18 07:00:00,61930.0,62296.0,61747.0,61747.0,1597500,KBS
2024-10-21 07:00:00,61747.0,62205.0,61564.0,61655.0,1860000,KBS
2024-10-22 07:00:00,61655.0,62113.0,61564.0,61655.0,2250400,KBS
2024-10-23 07:00:00,61655.0,61930.0,61564.0,61655.0,1635900,KBS
2024-10-24 07:00:00,61655.0,63213.0,61655.0,62663.0,4365000,KBS
2024-10-25 07:00:00,62846.0,62846.0,62205.0,62296.0,2170200,KBS
2024-10-28 07:00:00,62022.0,62296.0,61105.0,61564.0,2923300,KBS
2024-10-29 07:00:00,61655.0,61655.0,61197.0,61380.0,2030600,KBS
2024-10-30 07:00:00,61380.0,61655.0,60739.0,60739.0,3431700,KBS
2024-10-31 07:00:00,61014.0,61014.0,59823.0,60556.0,5170700,KBS
2024-11-01 07:00:00,60556.0,60739.0,60098.0,60281.0,2178000,KBS
2024-11-04 07:00:00,60373.0,61014.0,60098.0,60098.0,2118800,KBS
2024-11-05 07:00:00,60189.0,60464.0,60006.0,60006.0,1060900,KBS
2024-11-06 07:00:00,60464.0,60464.0,59823.0,60281.0,2594600,KBS
2024-11-07 07:00:00,60464.0,60647.0,60098.0,60373.0,1152300,KBS
2024-11-08 07:00:00,60464.0,60647.0,60098.0,60189.0,1592400,KBS
2024-11-11 07:00:00,60189.0,60281.0,59273.0,59731.0,2737600,KBS
2024-11-12 07:00:00,59731.0,60189.0,59365.0,59456.0,1729600,KBS
2024-11-13 07:00:00,59640.0,60098.0,59273.0,59548.0,2770700,KBS
2024-11-14 07:00:00,59548.0,59548.0,59273.0,59548.0,1779900,KBS
2024-11-15 07:00:00,59456.0,59456.0,58357.0,58357.0,3688300,KBS
2024-11-18 07:00:00,58357.0,58815.0,57899.0,57899.0,3747000,KBS
2024-11-19 07:00:00,57991.0,58174.0,57716.0,57716.0,2733600,KBS
2024-11-20 07:00:00,57716.0,58449.0,57624.0,58265.0,2818000,KBS
2024-11-21 07:00:00,58357.0,58724.0,58082.0,58540.0,2253500,KBS
2024-11-22 07:00:00,58540.0,59365.0,58540.0,58907.0,2176700,KBS
2024-11-25 07:00:00,58907.0,59182.0,58815.0,58907.0,2446600,KBS
2024-11-26 07:00:00,59090.0,59548.0,58998.0,59365.0,1675600,KBS
2024-11-27 07:00:00,59365.0,59548.0,59090.0,59182.0,1586400,KBS
2024-11-28 07:00:00,59548.0,59548.0,59090.0,59090.0,1273300,KBS
2024-11-29 07:00:00,59090.0,59365.0,58907.0,59182.0,1105500,KBS
2024-12-02 07:00:00,59182.0,59365.0,58815.0,59090.0,1229100,KBS
2024-12-03 07:00:00,59182.0,59182.0,58540.0,58540.0,2425200,KBS
2024-12-04 07:00:00,58449.0,58540.0,57991.0,57991.0,2745800,KBS
2024-12-05 07:00:00,58174.0,59273.0,57899.0,58907.0,2218400,KBS
2024-12-06 07:00:00,59090.0,59365.0,58724.0,58724.0,1677900,KBS
2024-12-09 07:00:00,59090.0,59090.0,58632.0,58724.0,1762700,KBS
2024-12-10 07:00:00,58724.0,58998.0,58540.0,58540.0,1711000,KBS
2024-12-11 07:00:00,58540.0,59182.0,58540.0,58815.0,2024600,KBS
2024-12-12 07:00:00,58815.0,59456.0,58815.0,59182.0,2249800,KBS
2024-12-13 07:00:00,58907.0,59090.0,58724.0,58815.0,1396700,KBS
2024-12-16 07:00:00,58815.0,59731.0,58815.0,59548.0,2387600,KBS
2024-12-17 07:00:00,59456.0,59548.0,59090.0,59182.0,1204000,KBS
2024-12-18 07:00:00,59548.0,59640.0,59273.0,59273.0,1614100,KBS
2024-12-19 07:00:00,58998.0,59090.0,58540.0,58540.0,2626900,KBS
2024-12-20 07:00:00,58632.0,59548.0,58632.0,59548.0,3799600,KBS
2024-12-23 07:00:00,59273.0,59548.0,58907.0,58998.0,1347800,KBS
2024-12-24 07:00:00,58998.0,59273.0,58724.0,58907.0,1287000,KBS
2024-12-25 07:00:00,58998.0,59456.0,58998.0,58998.0,1302500,KBS
2024-12-26 07:00:00,59275.0,59275.0,58906.0,58906.0,1708800,KBS
2024-12-27 07:00:00,58998.0,59183.0,58814.0,58906.0,2443700,KBS
2024-12-30 07:00:00,58721.0,58814.0,58444.0,58444.0,1490800,KBS
2024-12-31 07:00:00,58537.0,58906.0,58444.0,58537.0,1641900,KBS
2025-01-02 07:00:00,58721.0,58906.0,58260.0,58260.0,1336600,KBS
2025-01-03 07:00:00,58352.0,58444.0,58075.0,58167.0,1776700,KBS
2025-01-06 07:00:00,58167.0,58352.0,57706.0,57706.0,2103500,KBS
2025-01-07 07:00:00,57798.0,58167.0,56875.0,56967.0,2802100,KBS
2025-01-08 07:00:00,57244.0,57336.0,56505.0,56967.0,2053300,KBS
2025-01-09 07:00:00,57059.0,57152.0,56598.0,57059.0,1500000,KBS
2025-01-10 07:00:00,56967.0,57152.0,56598.0,56598.0,1189800,KBS
2025-01-13 07:00:00,56505.0,57152.0,56413.0,56690.0,1101700,KBS
2025-01-14 07:00:00,56690.0,57059.0,56598.0,56875.0,1147600,KBS
2025-01-15 07:00:00,57336.0,57521.0,56967.0,56967.0,1216400,KBS
2025-01-16 07:00:00,57521.0,57798.0,56967.0,57152.0,1684500,KBS
2025-01-17 07:00:00,57429.0,57429.0,57244.0,57244.0,889400,KBS
2025-01-20 07:00:00,57244.0,57429.0,56875.0,57152.0,1633600,KBS
2025-01-21 07:00:00,57244.0,57336.0,56875.0,57059.0,1403900,KBS
2025-01-22 07:00:00,57244.0,57244.0,56875.0,56875.0,1760900,KBS
2025-01-23 07:00:00,56875.0,57521.0,56875.0,57244.0,1781300,KBS
2025-01-24 07:00:00,57152.0,57706.0,57059.0,57429.0,1576400,KBS
2025-02-03 07:00:00,57429.0,57429.0,55859.0,55859.0,7279900,KBS
2025-02-04 07:00:00,55951.0,56228.0,55398.0,55582.0,7125000,KBS
2025-02-05 07:00:00,55767.0,56782.0,55767.0,56782.0,3198100,KBS
2025-02-06 07:00:00,56782.0,56875.0,55859.0,56044.0,3024800,KBS
2025-02-07 07:00:00,56044.0,56505.0,55951.0,56136.0,2552300,KBS
2025-02-10 07:00:00,56505.0,56505.0,55951.0,55951.0,2592100,KBS
2025-02-11 07:00:00,55951.0,56044.0,55490.0,55767.0,3433800,KBS
2025-02-12 07:00:00,55951.0,56321.0,55859.0,56321.0,2756600,KBS
2025-02-13 07:00:00,56321.0,56321.0,55767.0,56044.0,2576800,KBS
2025-02-14 07:00:00,56044.0,56044.0,55675.0,55675.0,6401800,KBS
2025-02-17 07:00:00,55767.0,55951.0,55398.0,55398.0,3612400,KBS
2025-02-18 07:00:00,55767.0,55859.0,55398.0,55675.0,2436800,KBS
2025-02-19 07:00:00,55675.0,56228.0,55675.0,56136.0,3072700,KBS
2025-02-20 07:00:00,56228.0,56228.0,55951.0,56044.0,2627900,KBS
2025-02-21 07:00:00,56136.0,57336.0,55951.0,56690.0,4717200,KBS
2025-02-24 07:00:00,56875.0,58998.0,56875.0,58906.0,11512800,KBS
2025-02-25 07:00:00,59091.0,59091.0,57798.0,58075.0,3884200,KBS
2025-02-26 07:00:00,58167.0,58537.0,58075.0,58260.0,3636600,KBS
2025-02-27 07:00:00,58352.0,58352.0,57429.0,57429.0,3520600,KBS
2025-02-28 07:00:00,57521.0,58352.0,57429.0,57429.0,4175600,KBS
2025-03-03 07:00:00,57983.0,58352.0,57521.0,58352.0,3610600,KBS
2025-03-04 07:00:00,58352.0,58906.0,58075.0,58629.0,6042000,KBS
2025-03-05 07:00:00,58721.0,58721.0,57890.0,57890.0,2275500,KBS
2025-03-06 07:00:00,57890.0,58075.0,57429.0,58075.0,3125600,KBS
2025-03-07 07:00:00,58075.0,58167.0,57613.0,57890.0,2655600,KBS
2025-03-10 07:00:00,58167.0,58167.0,57706.0,57706.0,2529500,KBS
2025-03-11 07:00:00,57521.0,57706.0,57336.0,57613.0,2287600,KBS
2025-03-12 07:00:00,57706.0,57983.0,57429.0,57429.0,2755400,KBS
2025-03-13 07:00:00,57521.0,58075.0,57152.0,57244.0,5100400,KBS
2025-03-14 07:00:00,57613.0,57890.0,57336.0,57336.0,2696700,KBS
2025-03-17 07:00:00,57613.0,58537.0,57613.0,58167.0,4062100,KBS
2025-03-18 07:00:00,58260.0,58260.0,57706.0,57706.0,3281900,KBS
2025-03-19 07:00:00,57890.0,57983.0,57152.0,57521.0,3038400,KBS
2025-03-20 07:00:00,57429.0,57429.0,56598.0,57059.0,3888200,KBS
2025-03-21 07:00:00,57059.0,57059.0,56505.0,56598.0,3325900,KBS
2025-03-24 07:00:00,56690.0,57244.0,56413.0,56690.0,2488900,KBS
2025-03-25 07:00:00,56967.0,56967.0,56505.0,56690.0,2323000,KBS
2025-03-26 07:00:00,56782.0,57152.0,56505.0,56505.0,1846000,KBS
2025-03-27 07:00:00,56505.0,56782.0,56413.0,56413.0,2230500,KBS
2025-03-28 07:00:00,56321.0,56413.0,55582.0,55675.0,5430100,KBS
2025-03-31 07:00:00,56136.0,56875.0,55951.0,55951.0,5301500,KBS
2025-04-01 07:00:00,56505.0,56505.0,55675.0,56136.0,3129300,KBS
2025-04-02 07:00:00,56044.0,56690.0,55859.0,55859.0,4684400,KBS
2025-04-03 07:00:00,54936.0,55028.0,51981.0,52166.0,16938200,KBS
2025-04-04 07:00:00,49858.0,54290.0,49673.0,54013.0,9776600,KBS
2025-04-08 07:00:00,52351.0,52535.0,50319.0,50319.0,13324100,KBS
2025-04-09 07:00:00,47457.0,50966.0,47457.0,48011.0,9882600,KBS
2025-04-10 07:00:00,51335.0,51335.0,51335.0,51335.0,1514300,KBS
2025-04-11 07:00:00,51335.0,53920.0,51335.0,53089.0,9164400,KBS
2025-04-14 07:00:00,53459.0,53459.0,52166.0,52535.0,5479700,KBS
2025-04-15 07:00:00,52351.0,53089.0,51981.0,51981.0,4163500,KBS
2025-04-16 07:00:00,52074.0,52812.0,51704.0,51704.0,3735600,KBS
2025-04-17 07:00:00,51243.0,52258.0,50596.0,51704.0,7219000,KBS
2025-04-18 07:00:00,52351.0,52905.0,52258.0,52258.0,3037200,KBS
2025-04-21 07:00:00,52443.0,52720.0,52166.0,52351.0,3021400,KBS
2025-04-22 07:00:00,52258.0,52258.0,49765.0,51704.0,6955000,KBS
2025-04-23 07:00:00,52443.0,52905.0,52074.0,52074.0,3586000,KBS
2025-04-24 07:00:00,52166.0,52443.0,51889.0,51981.0,1956400,KBS
2025-04-25 07:00:00,52166.0,53828.0,52166.0,53828.0,8119700,KBS
2025-04-28 07:00:00,53828.0,53828.0,53089.0,53089.0,2664700,KBS
2025-04-29 07:00:00,53089.0,53459.0,52812.0,53182.0,2556000,KBS
2025-05-05 07:00:00,53089.0,53182.0,52535.0,52535.0,4238300,KBS
2025-05-06 07:00:00,52628.0,52997.0,52535.0,52535.0,2502600,KBS
2025-05-07 07:00:00,52535.0,53274.0,52535.0,52812.0,2905500,KBS
2025-05-08 07:00:00,52812.0,53366.0,52812.0,52997.0,3262200,KBS
2025-05-09 07:00:00,53274.0,54105.0,53274.0,53274.0,3832400,KBS
2025-05-12 07:00:00,53551.0,54197.0,53551.0,54105.0,5863100,KBS
2025-05-13 07:00:00,54382.0,54474.0,53828.0,54013.0,4352200,KBS
2025-05-14 07:00:00,54491.0,54491.0,53630.0,53726.0,5034700,KBS
2025-05-15 07:00:00,53726.0,54491.0,53726.0,54299.0,4092100,KBS
2025-05-16 07:00:00,54299.0,54299.0,53726.0,53726.0,3198400,KBS
2025-05-19 07:00:00,53726.0,54491.0,53535.0,53535.0,2795600,KBS
2025-05-20 07:00:00,53630.0,53821.0,53343.0,53439.0,3224100,KBS
2025-05-21 07:00:00,53535.0,53535.0,52961.0,52961.0,4464400,KBS
2025-05-22 07:00:00,52961.0,53152.0,52579.0,52579.0,2665200,KBS
2025-05-23 07:00:00,52770.0,53057.0,52674.0,52865.0,1666700,KBS
2025-05-26 07:00:00,52961.0,53343.0,52579.0,53248.0,2729200,KBS
2025-05-27 07:00:00,53439.0,53535.0,52865.0,52961.0,3680800,KBS
2025-05-28 07:00:00,53248.0,53248.0,52674.0,52770.0,3901700,KBS
2025-05-29 07:00:00,53057.0,53057.0,52674.0,52674.0,2182300,KBS
2025-05-30 07:00:00,52961.0,52961.0,52387.0,52483.0,3273900,KBS
2025-06-02 07:00:00,52483.0,52770.0,52101.0,52196.0,2644100,KBS
2025-06-03 07:00:00,52292.0,53535.0,52292.0,53057.0,4311900,KBS
2025-06-04 07:00:00,53343.0,55255.0,53057.0,54395.0,8419300,KBS
2025-06-05 07:00:00,54491.0,54586.0,53821.0,53821.0,2794700,KBS
2025-06-06 07:00:00,53917.0,53917.0,52674.0,52865.0,4122400,KBS
2025-06-09 07:00:00,52961.0,53821.0,52865.0,52865.0,3035700,KBS
2025-06-10 07:00:00,53057.0,53630.0,52674.0,52865.0,2999200,KBS
2025-06-11 07:00:00,52865.0,53152.0,52674.0,52770.0,1720700,KBS
2025-06-12 07:00:00,53152.0,53726.0,53057.0,53439.0,3282700,KBS
2025-06-13 07:00:00,53057.0,53248.0,52770.0,53057.0,3545400,KBS
2025-06-16 07:00:00,52961.0,54108.0,52961.0,53821.0,4734300,KBS
2025-06-17 07:00:00,53917.0,54204.0,53630.0,53726.0,3406400,KBS
2025-06-18 07:00:00,53821.0,54299.0,53535.0,53535.0,4098100,KBS
2025-06-19 07:00:00,53535.0,53917.0,53248.0,53630.0,2628700,KBS
2025-06-20 07:00:00,53821.0,54204.0,53439.0,54108.0,4661400,KBS
2025-06-23 07:00:00,53535.0,53917.0,53343.0,53439.0,3022700,KBS
2025-06-24 07:00:00,53726.0,54013.0,53630.0,53917.0,2803800,KBS
2025-06-25 07:00:00,54013.0,55255.0,53917.0,54299.0,6268200,KBS
2025-06-26 07:00:00,54299.0,54491.0,53821.0,53917.0,3118900,KBS
2025-06-27 07:00:00,54299.0,56020.0,53821.0,55255.0,8895400,KBS
2025-06-30 07:00:00,55542.0,56116.0,55351.0,55447.0,4487800,KBS
2025-07-01 07:00:00,55829.0,55829.0,54682.0,54969.0,4013600,KBS
2025-07-02 07:00:00,55064.0,55447.0,54777.0,55160.0,3775700,KBS
2025-07-03 07:00:00,55160.0,55829.0,54777.0,54969.0,5293100,KBS
2025-07-04 07:00:00,54969.0,55351.0,54777.0,55255.0,2696200,KBS
2025-07-07 07:00:00,55447.0,55733.0,55160.0,55351.0,3762300,KBS
2025-07-08 07:00:00,55447.0,56594.0,55351.0,56403.0,7163100,KBS
2025-07-09 07:00:00,56689.0,57932.0,56498.0,57550.0,9636900,KBS
2025-07-10 07:00:00,57836.0,57932.0,57072.0,57072.0,5246100,KBS
2025-07-11 07:00:00,57645.0,58123.0,57167.0,57167.0,6233200,KBS
2025-07-14 07:00:00,57358.0,58123.0,56689.0,57645.0,6083200,KBS
2025-07-15 07:00:00,57932.0,58506.0,57454.0,57454.0,6553200,KBS
2025-07-16 07:00:00,57358.0,57550.0,56976.0,57454.0,4961100,KBS
2025-07-17 07:00:00,57645.0,57932.0,57167.0,57454.0,6357800,KBS
2025-07-18 07:00:00,57454.0,58410.0,57358.0,57550.0,5826800,KBS
2025-07-21 07:00:00,57645.0,58123.0,57358.0,57358.0,5503300,KBS
2025-07-22 07:00:00,57358.0,57550.0,56881.0,57550.0,4735100,KBS
2025-07-23 07:00:00,57741.0,58984.0,57550.0,58984.0,9228600,KBS
2025-07-24 07:00:00,59366.0,61182.0,59366.0,60896.0,13421100,KBS
2025-07-25 07:00:00,60991.0,60991.0,60322.0,60418.0,5124000,KBS
2025-07-28 07:00:00,60513.0,61087.0,60226.0,60513.0,8462700,KBS
2025-07-29 07:00:00,60513.0,61374.0,60035.0,60418.0,10714200,KBS
2025-07-30 07:00:00,60226.0,60704.0,60035.0,60131.0,6078500,KBS
2025-07-31 07:00:00,60226.0,60704.0,57741.0,58506.0,10570300,KBS
2025-08-01 07:00:00,58697.0,58697.0,57358.0,57358.0,5329800,KBS
2025-08-04 07:00:00,57167.0,58123.0,57167.0,57741.0,3746300,KBS
2025-08-05 07:00:00,57836.0,58792.0,57358.0,57454.0,9564600,KBS
2025-08-06 07:00:00,57741.0,58984.0,57741.0,58601.0,5377500,KBS
2025-08-07 07:00:00,59175.0,59270.0,58123.0,58219.0,4741600,KBS
2025-08-08 07:00:00,58314.0,59079.0,57932.0,58123.0,6503200,KBS
2025-08-11 07:00:00,58314.0,59366.0,58219.0,58792.0,5787800,KBS
2025-08-12 07:00:00,59366.0,59653.0,58697.0,59079.0,5207000,KBS
2025-08-13 07:00:00,59270.0,59366.0,58123.0,58410.0,6210800,KBS
2025-08-14 07:00:00,58601.0,59462.0,58314.0,58984.0,6534600,KBS
2025-08-15 07:00:00,59270.0,59462.0,58314.0,58314.0,5660400,KBS
2025-08-18 07:00:00,58410.0,58601.0,57932.0,58028.0,4775600,KBS
2025-08-19 07:00:00,58123.0,58506.0,57741.0,57836.0,5257700,KBS
2025-08-20 07:00:00,57836.0,58219.0,56976.0,57358.0,6338200,KBS
2025-08-21 07:00:00,57454.0,58219.0,56976.0,57454.0,5810000,KBS
2025-08-22 07:00:00,57167.0,57263.0,55925.0,56116.0,7201500,KBS
2025-08-25 07:00:00,56307.0,56976.0,56116.0,56116.0,3360400,KBS
2025-08-26 07:00:00,56020.0,57454.0,55925.0,57072.0,2990300,KBS
2025-08-27 07:00:00,57072.0,58506.0,56881.0,57836.0,4849200,KBS
2025-08-28 07:00:00,58314.0,58792.0,58028.0,58314.0,3661100,KBS
2025-08-29 07:00:00,58601.0,58601.0,57645.0,57645.0,4166400,KBS
2025-09-03 07:00:00,57645.0,58792.0,57645.0,58792.0,4767300,KBS
2025-09-04 07:00:00,58984.0,59748.0,58792.0,59079.0,4228100,KBS
2025-09-05 07:00:00,59175.0,59270.0,58219.0,58219.0,5355900,KBS
2025-09-08 07:00:00,58219.0,59175.0,57932.0,57932.0,6958800,KBS
2025-09-09 07:00:00,57932.0,58314.0,57454.0,57645.0,3516800,KBS
2025-09-10 07:00:00,57836.0,57932.0,57072.0,57167.0,3120100,KBS
2025-09-11 07:00:00,57167.0,58506.0,56785.0,58506.0,4998900,KBS
2025-09-12 07:00:00,58601.0,60704.0,58314.0,60418.0,13670300,KBS
2025-09-15 07:00:00,60609.0,60704.0,60035.0,60322.0,3527500,KBS
2025-09-16 07:00:00,60704.0,62521.0,60418.0,61852.0,12673100,KBS
2025-09-17 07:00:00,61947.0,63286.0,61947.0,62234.0,9865800,KBS
2025-09-18 07:00:00,62234.0,62425.0,60704.0,60800.0,5050800,KBS
2025-09-19 07:00:00,60991.0,61087.0,59270.0,59270.0,5300500,KBS
2025-09-22 07:00:00,59366.0,60035.0,58697.0,58697.0,5285200,KBS
2025-09-23 07:00:00,58792.0,59748.0,58792.0,58888.0,3425100,KBS
2025-09-24 07:00:00,59175.0,59270.0,58314.0,59270.0,3214500,KBS
2025-09-25 07:00:00,59557.0,59653.0,58792.0,58792.0,2752800,KBS
2025-09-26 07:00:00,58792.0,59079.0,58410.0,58410.0,2489900,KBS
2025-09-29 07:00:00,58410.0,58506.0,57550.0,57645.0,5130400,KBS
2025-09-30 07:00:00,57741.0,58123.0,57358.0,57358.0,3030200,KBS
2025-10-01 07:00:00,58028.0,59748.0,57550.0,59366.0,4526400,KBS
2025-10-02 07:00:00,59748.0,59844.0,58506.0,58506.0,3398700,KBS
2025-10-03 07:00:00,58601.0,59557.0,58506.0,58601.0,3998500,KBS
2025-10-06 07:00:00,59940.0,59940.0,59079.0,59653.0,4051900,KBS
2025-10-07 07:00:00,59940.0,59940.0,58697.0,58697.0,3715300,KBS
2025-10-08 07:00:00,59557.0,60704.0,58984.0,60609.0,5919700,KBS
2025-10-09 07:00:00,60609.0,60704.0,59844.0,60131.0,3297300,KBS
2025-10-10 07:00:00,60609.0,60609.0,59653.0,59653.0,4972200,KBS
2025-10-13 07:00:00,59462.0,61278.0,59079.0,61182.0,6305000,KBS
2025-10-14 07:00:00,61565.0,61565.0,60513.0,60704.0,5359800,KBS
2025-10-15 07:00:00,60991.0,61565.0,60800.0,60800.0,4645400,KBS
2025-10-16 07:00:00,60800.0,61200.0,60200.0,61200.0,5158400,KBS
2025-10-17 07:00:00,61000.0,61200.0,58800.0,58800.0,6041500,KBS
2025-10-20 07:00:00,58900.0,59400.0,55000.0,55000.0,8737700,KBS
2025-10-21 07:00:00,56100.0,58000.0,56100.0,56500.0,7068100,KBS
2025-10-22 07:00:00,57100.0,57300.0,55700.0,56300.0,3846700,KBS
2025-10-23 07:00:00,56500.0,57100.0,56300.0,56600.0,2327300,KBS
2025-10-24 07:00:00,56900.0,58100.0,56100.0,58100.0,3959900,KBS
2025-10-27 07:00:00,58400.0,58400.0,57000.0,57000.0,2998800,KBS
2025-10-28 07:00:00,57200.0,57400.0,56800.0,57400.0,2079100,KBS
2025-10-29 07:00:00,57500.0,57900.0,57100.0,57500.0,1973000,KBS
2025-10-30 07:00:00,57800.0,57900.0,57000.0,57100.0,1905200,KBS
2025-10-31 07:00:00,57400.0,57700.0,57100.0,57600.0,2641500,KBS
2025-11-03 07:00:00,57700.0,58300.0,57300.0,57300.0,2642700,KBS
2025-11-04 07:00:00,57600.0,57900.0,56300.0,57300.0,4175200,KBS
2025-11-05 07:00:00,57300.0,58500.0,57100.0,58000.0,3831600,KBS
2025-11-06 07:00:00,58000.0,58500.0,57600.0,58000.0,2241200,KBS
2025-11-07 07:00:00,57600.0,58400.0,57500.0,57600.0,3251100,KBS
2025-11-10 07:00:00,57700.0,57900.0,57000.0,57000.0,2675800,KBS
2025-11-11 07:00:00,57000.0,59000.0,57000.0,58900.0,5152700,KBS
2025-11-12 07:00:00,58800.0,60000.0,58500.0,59800.0,5161900,KBS
2025-11-13 07:00:00,59800.0,62000.0,59700.0,61800.0,9741800,KBS
2025-11-14 07:00:00,61700.0,63300.0,61600.0,62800.0,10146900,KBS
2025-11-17 07:00:00,62900.0,63300.0,61800.0,62100.0,4198400,KBS
2025-11-18 07:00:00,62000.0,62300.0,60500.0,60700.0,5559900,KBS
2025-11-19 07:00:00,60700.0,61900.0,60500.0,60900.0,4458500,KBS
2025-11-20 07:00:00,61400.0,61600.0,60500.0,60700.0,2656100,KBS
2025-11-21 07:00:00,60300.0,60700.0,59700.0,59900.0,4191100,KBS
2025-11-24 07:00:00,60100.0,63400.0,60100.0,63000.0,9900300,KBS
2025-11-25 07:00:00,63000.0,63200.0,61900.0,61900.0,4907900,KBS
2025-11-26 07:00:00,62300.0,63200.0,62300.0,62800.0,3651000,KBS
2025-11-27 07:00:00,63000.0,63400.0,62000.0,62000.0,3962300,KBS
2025-11-28 07:00:00,62200.0,64500.0,62200.0,64000.0,11898300,KBS
2025-12-01 07:00:00,64300.0,65900.0,64300.0,64900.0,9107300,KBS
2025-12-02 07:00:00,64800.0,65600.0,64500.0,65000.0,6764300,KBS
2025-12-03 07:00:00,65100.0,65200.0,64000.0,64600.0,5383600,KBS
2025-12-04 07:00:00,65000.0,65100.0,63400.0,63400.0,5918000,KBS
2025-12-05 07:00:00,63600.0,64500.0,63400.0,63400.0,3598900,KBS
2025-12-08 07:00:00,63300.0,64500.0,63200.0,63500.0,3322000,KBS
2025-12-09 07:00:00,63500.0,64100.0,62500.0,62500.0,5389200,KBS
2025-12-10 07:00:00,62400.0,64500.0,62300.0,63100.0,3470500,KBS
2025-12-11 07:00:00,63000.0,63500.0,61500.0,61500.0,4852300,KBS
2025-12-12 07:00:00,61700.0,62000.0,60200.0,60200.0,4396400,KBS
2025-12-15 07:00:00,60300.0,62600.0,60300.0,62000.0,4242600,KBS
2025-12-16 07:00:00,62000.0,64400.0,61700.0,64200.0,6863300,KBS
2025-12-17 07:00:00,64100.0,64100.0,62900.0,62900.0,2090400,KBS
2025-12-18 07:00:00,63600.0,64000.0,62900.0,63900.0,3065000,KBS
2025-12-19 07:00:00,63700.0,64000.0,63000.0,64000.0,2685700,KBS
2025-12-22 07:00:00,63900.0,63900.0,63100.0,63200.0,2650700,KBS
2025-12-23 07:00:00,63500.0,64100.0,62300.0,62600.0,4394700,KBS
2025-12-24 07:00:00,62800.0,62900.0,61500.0,61500.0,4870200,KBS
2025-12-25 07:00:00,61600.0,62300.0,61300.0,61300.0,2059600,KBS
2025-12-26 07:00:00,61600.0,62300.0,61200.0,61500.0,2399200,KBS
2025-12-29 07:00:00,61500.0,62200.0,61400.0,62100.0,1943000,KBS
2025-12-30 07:00:00,62100.0,62300.0,61700.0,61800.0,1581000,KBS
2025-12-31 07:00:00,61900.0,62000.0,61200.0,61200.0,1879600,KBS
2026-01-05 07:00:00,61300.0,61500.0,60000.0,60300.0,2814700,KBS
2026-01-06 07:00:00,60500.0,60900.0,60300.0,60800.0,2963300,KBS
2026-01-07 07:00:00,60800.0,61500.0,60500.0,60900.0,3228100,KBS
2026-01-08 07:00:00,61100.0,63400.0,61100.0,62200.0,5636400,KBS
2026-01-09 07:00:00,62400.0,62500.0,61000.0,61000.0,4184100,KBS
2026-01-12 07:00:00,61100.0,62700.0,61100.0,62700.0,4146300,KBS
2026-01-13 07:00:00,62900.0,64900.0,62800.0,63300.0,6761300,KBS
2026-01-14 07:00:00,63600.0,67700.0,63400.0,67700.0,24838300,KBS
2026-01-15 07:00:00,70000.0,72400.0,69500.0,71000.0,19260600,KBS
2026-01-16 07:00:00,71100.0,73000.0,69100.0,69600.0,13372500,KBS
2026-01-19 07:00:00,69800.0,71000.0,68300.0,70600.0,10385300,KBS
2026-01-20 07:00:00,71500.0,75500.0,71100.0,73400.0,21521900,KBS
2026-01-21 07:00:00,73000.0,73000.0,70000.0,70300.0,11234100,KBS
2026-01-22 07:00:00,71100.0,72800.0,70000.0,70900.0,8055200,KBS
2026-01-23 07:00:00,69400.0,70100.0,67200.0,67200.0,16050400,KBS
2026-01-26 07:00:00,67400.0,69300.0,67400.0,68900.0,8864800,KBS
2026-01-27 07:00:00,68400.0,68600.0,66100.0,67700.0,8357800,KBS
2026-01-28 07:00:00,67700.0,69500.0,67200.0,67700.0,9816800,KBS
2026-01-29 07:00:00,68500.0,71100.0,67900.0,71100.0,10036800,KBS
2026-01-30 07:00:00,71500.0,72500.0,70500.0,70600.0,7844800,KBS
2026-02-02 07:00:00,70900.0,72600.0,70300.0,72600.0,10777700,KBS
2026-02-03 07:00:00,72900.0,73600.0,71300.0,71600.0,7261000,KBS
2026-02-04 07:00:00,71800.0,72600.0,70800.0,72000.0,7672500,KBS
2026-02-05 07:00:00,71900.0,72200.0,69100.0,69100.0,8057000,KBS
2026-02-06 07:00:00,68300.0,70700.0,68200.0,69100.0,6695900,KBS
2026-02-09 07:00:00,69400.0,70400.0,69300.0,69600.0,2573300,KBS
2026-02-10 07:00:00,69600.0,70500.0,68100.0,68400.0,5090400,KBS
2026-02-11 07:00:00,68400.0,69900.0,68400.0,69100.0,2672900,KBS
2026-02-12 07:00:00,69300.0,69800.0,69000.0,69000.0,1951100,KBS
2026-02-13 07:00:00,69000.0,69800.0,68600.0,69500.0,3341400,KBS
2026-02-23 07:00:00,70000.0,71300.0,69800.0,70600.0,4211800,KBS
2026-02-24 07:00:00,70600.0,71300.0,70200.0,70200.0,3552500,KBS
2026-02-25 07:00:00,70400.0,73400.0,70400.0,72300.0,9804200,KBS
2026-02-26 07:00:00,71200.0,71400.0,69600.0,70600.0,14298200,KBS
2026-02-27 07:00:00,70200.0,70600.0,68000.0,68200.0,13371400,KBS
2026-03-02 07:00:00,66900.0,69800.0,66500.0,66600.0,12468700,KBS
2026-03-03 07:00:00,66600.0,67300.0,63400.0,63400.0,17815700,KBS
2026-03-04 07:00:00,63400.0,64900.0,62000.0,64900.0,13382500,KBS
2026-03-05 07:00:00,65000.0,65200.0,63000.0,63200.0,8165700,KBS
2026-03-06 07:00:00,63000.0,63000.0,62200.0,62400.0,6471800,KBS
2026-03-09 07:00:00,59000.0,59100.0,58100.0,58100.0,18046300,KBS
2026-03-10 07:00:00,60000.0,62100.0,59500.0,62100.0,10762100,KBS
2026-03-11 07:00:00,61700.0,63700.0,61600.0,63000.0,7507500,KBS
2026-03-12 07:00:00,62000.0,62700.0,61300.0,61600.0,6298800,KBS
2026-03-13 07:00:00,62000.0,63200.0,61600.0,63100.0,5388500,KBS
2026-03-16 07:00:00,62600.0,62900.0,61700.0,61800.0,2965000,KBS
2026-03-17 07:00:00,62700.0,63000.0,61500.0,61500.0,3816100,KBS
2026-03-18 07:00:00,61800.0,62700.0,61600.0,61700.0,2596400,KBS
2026-03-19 07:00:00,61400.0,62000.0,60800.0,61000.0,6400100,KBS
2026-03-20 07:00:00,61000.0,61500.0,60000.0,60000.0,5734800,KBS
2026-03-23 07:00:00,59200.0,61000.0,59200.0,60800.0,5908000,KBS
2026-03-24 07:00:00,61800.0,61800.0,60900.0,61200.0,2689900,KBS
2026-03-25 07:00:00,61500.0,62200.0,61400.0,62100.0,3445600,KBS
2026-03-26 07:00:00,62100.0,62100.0,61000.0,61000.0,2044000,KBS
2026-03-27 07:00:00,61000.0,61900.0,60900.0,61500.0,2137400,KBS
2026-03-30 07:00:00,60600.0,61500.0,60200.0,60600.0,4075600,KBS
2026-03-31 07:00:00,61000.0,61500.0,60500.0,60500.0,5323200,KBS
2026-04-01 07:00:00,61300.0,62200.0,61000.0,61300.0,5446200,KBS
2026-04-02 07:00:00,61500.0,61700.0,60800.0,60800.0,2855300,KBS
2026-04-03 07:00:00,61000.0,61700.0,60000.0,60000.0,3788600,KBS
2026-04-06 07:00:00,60000.0,61000.0,60000.0,60900.0,2587400,KBS
2026-04-07 07:00:00,60900.0,61200.0,60300.0,61000.0,1825200,KBS
2026-04-08 07:00:00,62200.0,62700.0,61700.0,62600.0,5568500,KBS
2026-04-09 07:00:00,61800.0,62100.0,61400.0,61800.0,2921000,KBS
2026-04-10 07:00:00,62600.0,64000.0,62500.0,62800.0,6158400,KBS
2026-04-13 07:00:00,62400.0,62800.0,62200.0,62800.0,3418300,KBS
2026-04-14 07:00:00,63400.0,63500.0,62000.0,62000.0,4247700,KBS
2026-04-15 07:00:00,62100.0,62600.0,61200.0,61300.0,4403200,KBS
2026-04-16 07:00:00,61500.0,61700.0,61100.0,61100.0,2272100,KBS
2026-04-17 07:00:00,61300.0,62700.0,61300.0,61300.0,3115500,KBS
2026-04-20 07:00:00,61400.0,62400.0,61300.0,61500.0,3251900,KBS
2026-04-21 07:00:00,61900.0,62700.0,61500.0,61600.0,5306600,KBS
2026-04-22 07:00:00,61600.0,62300.0,61500.0,61800.0,3939900,KBS
2026-04-23 07:00:00,62000.0,62500.0,61000.0,62000.0,4234100,KBS
2026-04-24 07:00:00,62100.0,62100.0,60500.0,61400.0,5855700,KBS
2026-04-28 07:00:00,61200.0,61300.0,60500.0,61200.0,3220800,KBS
2026-04-29 07:00:00,60300.0,61300.0,60300.0,60900.0,2407200,KBS
2026-05-04 07:00:00,61100.0,61600.0,60700.0,60900.0,1873800,KBS
2026-05-05 07:00:00,61100.0,61200.0,60400.0,61100.0,2751900,KBS
2026-05-06 07:00:00,61200.0,61700.0,60700.0,61500.0,2590900,KBS
2026-05-07 07:00:00,61600.0,61800.0,61100.0,61500.0,4751300,KBS
2026-05-08 07:00:00,61800.0,61800.0,60900.0,60900.0,2787000,KBS
2026-05-11 07:00:00,61100.0,61100.0,60500.0,60600.0,3875800,KBS
2026-05-12 07:00:00,60600.0,60700.0,59900.0,60100.0,4102800,KBS
2026-05-13 07:00:00,60100.0,60100.0,58700.0,59300.0,8534300,KBS
2026-05-14 07:00:00,59300.0,60100.0,59300.0,60100.0,3058300,KBS
2026-05-15 07:00:00,60100.0,60300.0,59800.0,59800.0,2010300,KBS
2026-05-18 07:00:00,59500.0,60700.0,59500.0,60500.0,4850600,KBS
2026-05-19 07:00:00,60500.0,60700.0,59700.0,59800.0,2739700,KBS
2026-05-20 07:00:00,59800.0,59900.0,58600.0,59100.0,5727600,KBS
2026-05-21 07:00:00,59500.0,59600.0,58800.0,59000.0,3271300,KBS
2026-05-22 07:00:00,59100.0,59700.0,58700.0,59500.0,6005000,KBS
2026-05-25 07:00:00,59500.0,59800.0,59100.0,59100.0,1587500,KBS
2026-05-26 07:00:00,59100.0,59400.0,59000.0,59100.0,1880800,KBS
2026-05-27 07:00:00,59100.0,59200.0,58700.0,58800.0,2976500,KBS
2026-05-28 07:00:00,59000.0,59800.0,59000.0,59000.0,3798600,KBS
2026-05-29 07:00:00,59000.0,59300.0,58900.0,59200.0,1960700,KBS
2026-06-01 07:00:00,59200.0,59300.0,58800.0,59100.0,2259500,KBS
2026-06-02 07:00:00,59100.0,59200.0,58600.0,58600.0,2961900,KBS
2026-06-03 07:00:00,58600.0,58800.0,58100.0,58300.0,3814300,KBS
2026-06-04 07:00:00,58600.0,58800.0,58200.0,58600.0,2126500,KBS
2026-06-05 07:00:00,58800.0,58900.0,58300.0,58400.0,1866100,KBS
