date,open,high,low,close,volume,_source
2020-01-02 07:00:00,5525.0,5730.0,5484.0,5607.0,197200,KBS
2020-01-03 07:00:00,5607.0,5730.0,5607.0,5730.0,347650,KBS
2020-01-06 07:00:00,5771.0,5771.0,5627.0,5627.0,55180,KBS
2020-01-07 07:00:00,5709.0,5709.0,5566.0,5566.0,53900,KBS
2020-01-08 07:00:00,5576.0,5576.0,5341.0,5443.0,80310,KBS
2020-01-09 07:00:00,5443.0,5546.0,5443.0,5525.0,43430,KBS
2020-01-10 07:00:00,5566.0,5617.0,5525.0,5525.0,62780,KBS
2020-01-13 07:00:00,5525.0,5617.0,5443.0,5597.0,34110,KBS
2020-01-14 07:00:00,5607.0,5607.0,5443.0,5494.0,11840,KBS
2020-01-15 07:00:00,5525.0,5525.0,5382.0,5413.0,44510,KBS
2020-01-16 07:00:00,5382.0,5484.0,5382.0,5423.0,57770,KBS
2020-01-17 07:00:00,5382.0,5546.0,5382.0,5464.0,68150,KBS
2020-01-20 07:00:00,5484.0,5505.0,5464.0,5464.0,14250,KBS
2020-01-21 07:00:00,5402.0,5515.0,5402.0,5494.0,12870,KBS
2020-01-22 07:00:00,5505.0,5505.0,5402.0,5484.0,22900,KBS
2020-01-30 07:00:00,5484.0,5484.0,5341.0,5402.0,55180,KBS
2020-01-31 07:00:00,5361.0,5382.0,5218.0,5218.0,116550,KBS
2020-02-03 07:00:00,4860.0,5187.0,4860.0,5187.0,158860,KBS
2020-02-04 07:00:00,5177.0,5310.0,5116.0,5198.0,120870,KBS
2020-02-05 07:00:00,5198.0,5280.0,5065.0,5116.0,60580,KBS
2020-02-06 07:00:00,5147.0,5147.0,5065.0,5147.0,30060,KBS
2020-02-07 07:00:00,5157.0,5208.0,5116.0,5177.0,118060,KBS
2020-02-10 07:00:00,5177.0,5280.0,5116.0,5177.0,152640,KBS
2020-02-11 07:00:00,5218.0,5218.0,5147.0,5198.0,17870,KBS
2020-02-12 07:00:00,5198.0,5290.0,5147.0,5198.0,190620,KBS
2020-02-13 07:00:00,5147.0,5218.0,5147.0,5198.0,37800,KBS
2020-02-14 07:00:00,5198.0,5239.0,5177.0,5239.0,48140,KBS
2020-02-17 07:00:00,5239.0,5239.0,5198.0,5198.0,56950,KBS
2020-02-18 07:00:00,5218.0,5280.0,5177.0,5239.0,169080,KBS
2020-02-19 07:00:00,5228.0,5228.0,5177.0,5177.0,96330,KBS
2020-02-20 07:00:00,5280.0,5280.0,5157.0,5157.0,51250,KBS
2020-02-21 07:00:00,5157.0,5218.0,5147.0,5177.0,88750,KBS
2020-02-24 07:00:00,5116.0,5116.0,4993.0,5003.0,236250,KBS
2020-02-25 07:00:00,4911.0,5014.0,4911.0,4962.0,79510,KBS
2020-02-26 07:00:00,4911.0,4993.0,4891.0,4993.0,46620,KBS
2020-02-27 07:00:00,4993.0,4993.0,4901.0,4973.0,16530,KBS
2020-02-28 07:00:00,4973.0,4973.0,4829.0,4870.0,200730,KBS
2020-03-02 07:00:00,4870.0,4911.0,4758.0,4778.0,167630,KBS
2020-03-03 07:00:00,4809.0,4942.0,4809.0,4942.0,99830,KBS
2020-03-04 07:00:00,4942.0,4942.0,4911.0,4911.0,14510,KBS
2020-03-05 07:00:00,4911.0,5075.0,4911.0,5014.0,84010,KBS
2020-03-06 07:00:00,5014.0,5116.0,5014.0,5116.0,116800,KBS
2020-03-09 07:00:00,4758.0,4860.0,4758.0,4758.0,179560,KBS
2020-03-10 07:00:00,4758.0,4829.0,4604.0,4758.0,65330,KBS
2020-03-11 07:00:00,4809.0,4809.0,4604.0,4604.0,117830,KBS
2020-03-12 07:00:00,4543.0,4543.0,4287.0,4318.0,317590,KBS
2020-03-13 07:00:00,4021.0,4195.0,4021.0,4175.0,216470,KBS
2020-03-16 07:00:00,4246.0,4297.0,4175.0,4277.0,152200,KBS
2020-03-17 07:00:00,4175.0,4267.0,4093.0,4236.0,161090,KBS
2020-03-18 07:00:00,4195.0,4338.0,4195.0,4236.0,549820,KBS
2020-03-19 07:00:00,4195.0,4236.0,4175.0,4215.0,126830,KBS
2020-03-20 07:00:00,4195.0,4267.0,4175.0,4267.0,71450,KBS
2020-03-23 07:00:00,4175.0,4175.0,3990.0,3990.0,187560,KBS
2020-03-24 07:00:00,3990.0,4134.0,3990.0,4011.0,85470,KBS
2020-03-25 07:00:00,4011.0,4215.0,4011.0,4195.0,104600,KBS
2020-03-26 07:00:00,4297.0,4297.0,4195.0,4195.0,68960,KBS
2020-03-27 07:00:00,4195.0,4277.0,4175.0,4195.0,138880,KBS
2020-03-30 07:00:00,4175.0,4175.0,4113.0,4154.0,179170,KBS
2020-03-31 07:00:00,4134.0,4195.0,4134.0,4195.0,69880,KBS
2020-04-01 07:00:00,4175.0,4246.0,4175.0,4205.0,48250,KBS
2020-04-03 07:00:00,4205.0,4359.0,4205.0,4297.0,169680,KBS
2020-04-06 07:00:00,4297.0,4492.0,4297.0,4400.0,132460,KBS
2020-04-07 07:00:00,4400.0,4441.0,4389.0,4410.0,96820,KBS
2020-04-08 07:00:00,4410.0,4420.0,4308.0,4410.0,190140,KBS
2020-04-09 07:00:00,4410.0,4441.0,4400.0,4400.0,154880,KBS
2020-04-10 07:00:00,4420.0,4420.0,4297.0,4297.0,178450,KBS
2020-04-13 07:00:00,4277.0,4430.0,4277.0,4430.0,159390,KBS
2020-04-14 07:00:00,4430.0,4471.0,4389.0,4451.0,48020,KBS
2020-04-15 07:00:00,4451.0,4604.0,4430.0,4574.0,219580,KBS
2020-04-16 07:00:00,4584.0,4850.0,4533.0,4788.0,155730,KBS
2020-04-17 07:00:00,4788.0,4952.0,4748.0,4891.0,108000,KBS
2020-04-20 07:00:00,4891.0,4891.0,4727.0,4809.0,132050,KBS
2020-04-21 07:00:00,4717.0,4758.0,4522.0,4522.0,151030,KBS
2020-04-22 07:00:00,4461.0,4707.0,4441.0,4666.0,187110,KBS
2020-04-23 07:00:00,4778.0,4799.0,4666.0,4748.0,55420,KBS
2020-04-24 07:00:00,4748.0,4768.0,4686.0,4717.0,29220,KBS
2020-04-27 07:00:00,4676.0,5034.0,4676.0,5014.0,269100,KBS
2020-04-28 07:00:00,5116.0,5259.0,4973.0,5218.0,180830,KBS
2020-04-29 07:00:00,5300.0,5474.0,5218.0,5300.0,484840,KBS
2020-05-04 07:00:00,5218.0,5280.0,5075.0,5218.0,235570,KBS
2020-05-05 07:00:00,5218.0,5341.0,5167.0,5321.0,109790,KBS
2020-05-06 07:00:00,5341.0,5566.0,5290.0,5556.0,288600,KBS
2020-05-07 07:00:00,5556.0,5771.0,5505.0,5505.0,170590,KBS
2020-05-08 07:00:00,5525.0,5587.0,5443.0,5494.0,188980,KBS
2020-05-11 07:00:00,5781.0,5781.0,5505.0,5781.0,190420,KBS
2020-05-12 07:00:00,5730.0,5801.0,5658.0,5791.0,96880,KBS
2020-05-13 07:00:00,5791.0,5812.0,5679.0,5730.0,125320,KBS
2020-05-14 07:00:00,5627.0,5924.0,5627.0,5750.0,155670,KBS
2020-05-15 07:00:00,5730.0,5801.0,5720.0,5730.0,40330,KBS
2020-05-18 07:00:00,5638.0,5720.0,5638.0,5638.0,38910,KBS
2020-05-19 07:00:00,5648.0,5730.0,5627.0,5627.0,88110,KBS
2020-05-20 07:00:00,5668.0,5668.0,5239.0,5566.0,56770,KBS
2020-05-21 07:00:00,5556.0,5556.0,5423.0,5423.0,48220,KBS
2020-05-22 07:00:00,5402.0,5627.0,5341.0,5617.0,90580,KBS
2020-05-25 07:00:00,5617.0,5750.0,5525.0,5699.0,87800,KBS
2020-05-26 07:00:00,5699.0,6016.0,5699.0,5975.0,1173370,KBS
2020-05-27 07:00:00,6037.0,6098.0,5853.0,5853.0,182450,KBS
2020-05-28 07:00:00,5760.0,5914.0,5730.0,5760.0,80910,KBS
2020-05-29 07:00:00,5740.0,5914.0,5709.0,5832.0,132810,KBS
2020-06-01 07:00:00,5934.0,5934.0,5750.0,5853.0,95840,KBS
2020-06-02 07:00:00,5812.0,5853.0,5760.0,5771.0,142010,KBS
2020-06-03 07:00:00,5771.0,5853.0,5730.0,5781.0,78670,KBS
2020-06-04 07:00:00,5842.0,5934.0,5771.0,5791.0,130140,KBS
2020-06-05 07:00:00,5771.0,5853.0,5771.0,5832.0,172010,KBS
2020-06-08 07:00:00,5832.0,5975.0,5812.0,5934.0,390220,KBS
2020-06-09 07:00:00,5934.0,6057.0,5832.0,5934.0,548200,KBS
2020-06-10 07:00:00,5934.0,6139.0,5842.0,6139.0,680210,KBS
2020-06-11 07:00:00,6078.0,6098.0,5750.0,5750.0,327960,KBS
2020-06-12 07:00:00,5525.0,5689.0,5464.0,5525.0,434690,KBS
2020-06-15 07:00:00,5587.0,5587.0,5310.0,5310.0,406010,KBS
2020-06-16 07:00:00,5679.0,5679.0,5361.0,5525.0,146670,KBS
2020-06-17 07:00:00,5341.0,5730.0,5341.0,5587.0,98160,KBS
2020-06-18 07:00:00,5484.0,5607.0,5464.0,5587.0,72500,KBS
2020-06-19 07:00:00,5546.0,5709.0,5525.0,5679.0,77610,KBS
2020-06-22 07:00:00,5546.0,5668.0,5535.0,5668.0,85200,KBS
2020-06-23 07:00:00,5668.0,5812.0,5627.0,5689.0,171890,KBS
2020-06-24 07:00:00,5689.0,5730.0,5576.0,5658.0,108490,KBS
2020-06-25 07:00:00,5566.0,5668.0,5494.0,5638.0,68890,KBS
2020-06-26 07:00:00,5587.0,5597.0,5525.0,5556.0,95250,KBS
2020-06-29 07:00:00,5556.0,5556.0,5372.0,5392.0,130130,KBS
2020-06-30 07:00:00,5392.0,5546.0,5392.0,5484.0,180190,KBS
2020-07-01 07:00:00,5484.0,5546.0,5464.0,5505.0,30110,KBS
2020-07-02 07:00:00,5546.0,5607.0,5525.0,5607.0,28040,KBS
2020-07-03 07:00:00,5566.0,5638.0,5566.0,5627.0,70420,KBS
2020-07-06 07:00:00,5587.0,5720.0,5587.0,5720.0,66460,KBS
2020-07-07 07:00:00,5730.0,5750.0,5689.0,5740.0,115160,KBS
2020-07-08 07:00:00,5791.0,5842.0,5740.0,5842.0,72700,KBS
2020-07-09 07:00:00,5842.0,6016.0,5842.0,5975.0,362000,KBS
2020-07-10 07:00:00,5934.0,6037.0,5914.0,5924.0,570620,KBS
2020-07-13 07:00:00,5975.0,5975.0,5893.0,5934.0,70470,KBS
2020-07-14 07:00:00,5863.0,5955.0,5863.0,5934.0,75220,KBS
2020-07-15 07:00:00,5883.0,5934.0,5883.0,5893.0,98670,KBS
2020-07-16 07:00:00,5955.0,5975.0,5893.0,5893.0,28490,KBS
2020-07-17 07:00:00,5893.0,6016.0,5893.0,5996.0,192260,KBS
2020-07-20 07:00:00,6027.0,6180.0,6006.0,6088.0,256240,KBS
2020-07-21 07:00:00,6139.0,6211.0,6139.0,6149.0,336070,KBS
2020-07-22 07:00:00,6200.0,6200.0,6119.0,6139.0,170180,KBS
2020-07-23 07:00:00,6098.0,6139.0,6037.0,6057.0,77090,KBS
2020-07-24 07:00:00,6108.0,6108.0,5679.0,5893.0,458270,KBS
2020-07-27 07:00:00,5597.0,5791.0,5597.0,5689.0,240080,KBS
2020-07-28 07:00:00,5689.0,5975.0,5689.0,5945.0,185200,KBS
2020-07-29 07:00:00,5934.0,6006.0,5863.0,6006.0,204470,KBS
2020-07-30 07:00:00,5975.0,6344.0,5975.0,6323.0,448280,KBS
2020-07-31 07:00:00,6323.0,6436.0,6221.0,6405.0,279960,KBS
2020-08-03 07:00:00,6344.0,6405.0,6241.0,6333.0,415030,KBS
2020-08-04 07:00:00,6385.0,6671.0,6344.0,6579.0,532560,KBS
2020-08-05 07:00:00,6620.0,6651.0,6507.0,6548.0,418010,KBS
2020-08-06 07:00:00,6548.0,6661.0,6436.0,6651.0,362380,KBS
2020-08-07 07:00:00,6651.0,6692.0,6507.0,6507.0,235170,KBS
2020-08-10 07:00:00,6507.0,6548.0,6436.0,6487.0,222440,KBS
2020-08-11 07:00:00,6487.0,6528.0,6282.0,6303.0,449430,KBS
2020-08-12 07:00:00,6282.0,6385.0,6282.0,6385.0,90810,KBS
2020-08-13 07:00:00,6405.0,6446.0,6364.0,6385.0,80310,KBS
2020-08-14 07:00:00,6344.0,6405.0,6272.0,6272.0,170370,KBS
2020-08-17 07:00:00,6282.0,6630.0,6241.0,6630.0,256400,KBS
2020-08-18 07:00:00,6651.0,6835.0,6610.0,6610.0,366860,KBS
2020-08-19 07:00:00,6599.0,6671.0,6548.0,6548.0,150160,KBS
2020-08-20 07:00:00,6569.0,6651.0,6497.0,6548.0,184860,KBS
2020-08-21 07:00:00,6559.0,6722.0,6559.0,6722.0,431510,KBS
2020-08-24 07:00:00,6753.0,6825.0,6732.0,6784.0,464180,KBS
2020-08-25 07:00:00,6835.0,6927.0,6835.0,6906.0,522980,KBS
2020-08-26 07:00:00,6855.0,7009.0,6825.0,6999.0,315000,KBS
2020-08-27 07:00:00,7019.0,7152.0,6958.0,7142.0,1166100,KBS
2020-08-28 07:00:00,7193.0,7254.0,7080.0,7080.0,1534750,KBS
2020-08-31 07:00:00,7080.0,7132.0,6937.0,6958.0,495610,KBS
2020-09-01 07:00:00,6958.0,7193.0,6906.0,7162.0,467110,KBS
2020-09-03 07:00:00,7374.0,7374.0,7152.0,7162.0,551660,KBS
2020-09-04 07:00:00,7035.0,7215.0,6993.0,7162.0,307690,KBS
2020-09-07 07:00:00,7162.0,7205.0,7099.0,7120.0,232450,KBS
2020-09-08 07:00:00,7067.0,7183.0,7067.0,7120.0,144450,KBS
2020-09-09 07:00:00,7099.0,7342.0,7056.0,7289.0,505900,KBS
2020-09-10 07:00:00,7247.0,7395.0,7247.0,7353.0,175370,KBS
2020-09-11 07:00:00,7353.0,7480.0,7353.0,7459.0,176110,KBS
2020-09-14 07:00:00,7416.0,7522.0,7364.0,7364.0,209160,KBS
2020-09-15 07:00:00,7353.0,7438.0,7311.0,7311.0,256320,KBS
2020-09-16 07:00:00,7300.0,7395.0,7300.0,7385.0,98740,KBS
2020-09-17 07:00:00,7385.0,7416.0,7279.0,7289.0,308240,KBS
2020-09-18 07:00:00,7332.0,7395.0,7279.0,7374.0,153710,KBS
2020-09-21 07:00:00,7374.0,7416.0,7342.0,7353.0,92000,KBS
2020-09-22 07:00:00,7353.0,7353.0,7183.0,7268.0,507860,KBS
2020-09-23 07:00:00,7353.0,7395.0,7205.0,7395.0,255210,KBS
2020-09-24 07:00:00,7416.0,7416.0,7321.0,7374.0,53730,KBS
2020-09-25 07:00:00,7321.0,7395.0,7311.0,7353.0,130400,KBS
2020-09-28 07:00:00,7374.0,7416.0,7332.0,7416.0,214040,KBS
2020-09-29 07:00:00,7416.0,7427.0,7385.0,7385.0,345010,KBS
2020-09-30 07:00:00,7385.0,7713.0,7342.0,7713.0,522640,KBS
2020-10-01 07:00:00,7893.0,7914.0,7840.0,7893.0,182700,KBS
2020-10-02 07:00:00,7883.0,7893.0,7777.0,7883.0,316270,KBS
2020-10-05 07:00:00,7883.0,8222.0,7840.0,8010.0,489560,KBS
2020-10-06 07:00:00,8010.0,8455.0,8010.0,8317.0,450340,KBS
2020-10-07 07:00:00,8317.0,8688.0,8306.0,8624.0,425980,KBS
2020-10-08 07:00:00,8624.0,8857.0,8603.0,8857.0,527140,KBS
2020-10-09 07:00:00,8900.0,8942.0,8614.0,8614.0,329660,KBS
2020-10-12 07:00:00,8614.0,8783.0,8476.0,8476.0,383440,KBS
2020-10-13 07:00:00,8476.0,8582.0,8444.0,8476.0,301580,KBS
2020-10-14 07:00:00,8476.0,8688.0,8476.0,8561.0,297510,KBS
2020-10-15 07:00:00,8751.0,8751.0,8497.0,8540.0,122690,KBS
2020-10-16 07:00:00,8624.0,8624.0,8497.0,8540.0,151090,KBS
2020-10-19 07:00:00,8540.0,8540.0,8508.0,8529.0,86640,KBS
2020-10-20 07:00:00,8561.0,8826.0,8529.0,8783.0,179670,KBS
2020-10-21 07:00:00,8826.0,8826.0,8667.0,8667.0,123320,KBS
2020-10-22 07:00:00,8720.0,8730.0,8603.0,8624.0,59820,KBS
2020-10-23 07:00:00,8624.0,9027.0,8603.0,9006.0,274470,KBS
2020-10-26 07:00:00,9006.0,9281.0,8900.0,9112.0,276840,KBS
2020-10-27 07:00:00,9441.0,9441.0,9024.0,9068.0,178810,KBS
2020-10-28 07:00:00,9068.0,9331.0,9002.0,9090.0,254950,KBS
2020-10-29 07:00:00,9002.0,9035.0,8958.0,9002.0,72690,KBS
2020-10-30 07:00:00,9068.0,9068.0,8969.0,9002.0,90450,KBS
2020-11-02 07:00:00,9090.0,9112.0,9024.0,9112.0,93140,KBS
2020-11-03 07:00:00,9112.0,9276.0,9112.0,9232.0,148620,KBS
2020-11-04 07:00:00,9331.0,9595.0,9221.0,9551.0,175470,KBS
2020-11-05 07:00:00,9595.0,9617.0,9452.0,9529.0,132440,KBS
2020-11-06 07:00:00,9617.0,9946.0,9529.0,9803.0,431800,KBS
2020-11-09 07:00:00,9880.0,10078.0,9880.0,10056.0,148650,KBS
2020-11-10 07:00:00,10100.0,10177.0,10100.0,10100.0,142210,KBS
2020-11-11 07:00:00,10100.0,10155.0,10078.0,10100.0,88620,KBS
2020-11-12 07:00:00,10100.0,10144.0,10067.0,10089.0,80350,KBS
2020-11-13 07:00:00,10089.0,10133.0,10089.0,10100.0,166710,KBS
2020-11-16 07:00:00,10111.0,10341.0,10100.0,10341.0,271470,KBS
2020-11-17 07:00:00,10978.0,10978.0,10363.0,10649.0,159180,KBS
2020-11-18 07:00:00,10693.0,10693.0,10605.0,10605.0,115750,KBS
2020-11-19 07:00:00,10649.0,10649.0,10231.0,10429.0,112470,KBS
2020-11-20 07:00:00,10363.0,10451.0,10253.0,10451.0,151650,KBS
2020-11-23 07:00:00,10451.0,10451.0,10275.0,10330.0,119690,KBS
2020-11-24 07:00:00,10330.0,10605.0,10330.0,10583.0,247810,KBS
2020-11-25 07:00:00,10649.0,10693.0,10616.0,10649.0,123850,KBS
2020-11-26 07:00:00,10649.0,10649.0,10484.0,10495.0,141420,KBS
2020-11-27 07:00:00,10495.0,10594.0,10495.0,10561.0,176520,KBS
2020-11-30 07:00:00,10649.0,10649.0,10539.0,10550.0,196480,KBS
2020-12-01 07:00:00,10517.0,11285.0,10506.0,11285.0,565400,KBS
2020-12-02 07:00:00,11285.0,11900.0,11285.0,11681.0,200770,KBS
2020-12-03 07:00:00,11856.0,11856.0,11417.0,11637.0,125520,KBS
2020-12-04 07:00:00,11439.0,11593.0,11351.0,11417.0,190990,KBS
2020-12-07 07:00:00,11637.0,11856.0,11329.0,11637.0,151220,KBS
2020-12-08 07:00:00,11637.0,11746.0,11571.0,11571.0,88120,KBS
2020-12-09 07:00:00,11527.0,11746.0,11417.0,11549.0,126910,KBS
2020-12-10 07:00:00,11593.0,11681.0,11373.0,11461.0,184520,KBS
2020-12-11 07:00:00,11571.0,11746.0,11395.0,11637.0,143200,KBS
2020-12-14 07:00:00,11637.0,11966.0,11637.0,11681.0,167970,KBS
2020-12-15 07:00:00,11681.0,11834.0,11637.0,11681.0,132410,KBS
2020-12-16 07:00:00,11746.0,11966.0,11702.0,11944.0,204220,KBS
2020-12-17 07:00:00,11856.0,12010.0,11856.0,11966.0,254200,KBS
2020-12-18 07:00:00,11988.0,12010.0,11812.0,11988.0,195110,KBS
2020-12-21 07:00:00,11988.0,11988.0,11834.0,11922.0,166420,KBS
2020-12-22 07:00:00,11922.0,12120.0,11856.0,12076.0,144020,KBS
2020-12-23 07:00:00,11922.0,12251.0,11922.0,11944.0,57740,KBS
2020-12-24 07:00:00,11966.0,11988.0,11637.0,11790.0,106800,KBS
2020-12-25 07:00:00,11768.0,12054.0,11768.0,12054.0,36300,KBS
2020-12-28 07:00:00,12054.0,12076.0,11856.0,11944.0,62570,KBS
2020-12-29 07:00:00,11878.0,12098.0,11724.0,11768.0,435550,KBS
2020-12-30 07:00:00,11900.0,12142.0,11812.0,11834.0,596550,KBS
2020-12-31 07:00:00,11834.0,12186.0,11812.0,12098.0,211830,KBS
2021-01-04 07:00:00,12120.0,12383.0,11966.0,12383.0,237400,KBS
2021-01-05 07:00:00,12405.0,12405.0,11966.0,12383.0,64000,KBS
2021-01-06 07:00:00,12295.0,12515.0,12142.0,12515.0,352200,KBS
2021-01-07 07:00:00,12515.0,12603.0,12405.0,12427.0,98500,KBS
2021-01-08 07:00:00,12427.0,12998.0,12427.0,12778.0,250200,KBS
2021-01-11 07:00:00,12800.0,13327.0,12734.0,13305.0,148100,KBS
2021-01-12 07:00:00,13503.0,14227.0,13393.0,14227.0,180800,KBS
2021-01-13 07:00:00,14930.0,14930.0,14601.0,14601.0,130900,KBS
2021-01-14 07:00:00,14886.0,14886.0,14381.0,14469.0,69300,KBS
2021-01-15 07:00:00,14469.0,14469.0,13920.0,14052.0,125000,KBS
2021-01-18 07:00:00,13942.0,14052.0,13459.0,13613.0,139600,KBS
2021-01-19 07:00:00,13569.0,13569.0,12669.0,12691.0,262900,KBS
2021-01-20 07:00:00,12691.0,12691.0,12120.0,12625.0,97200,KBS
2021-01-21 07:00:00,12669.0,13283.0,12669.0,13261.0,71500,KBS
2021-01-22 07:00:00,13261.0,13503.0,12976.0,13152.0,73400,KBS
2021-01-25 07:00:00,13152.0,13261.0,12998.0,12998.0,41700,KBS
2021-01-26 07:00:00,12888.0,13108.0,12734.0,12734.0,127200,KBS
2021-01-27 07:00:00,12691.0,12800.0,12581.0,12581.0,94000,KBS
2021-01-28 07:00:00,12405.0,12449.0,11702.0,11966.0,346800,KBS
2021-01-29 07:00:00,11527.0,12800.0,11527.0,12800.0,90200,KBS
2021-02-01 07:00:00,12800.0,13503.0,12800.0,13283.0,99400,KBS
2021-02-02 07:00:00,13283.0,13283.0,12888.0,13086.0,113900,KBS
2021-02-03 07:00:00,13174.0,13174.0,12976.0,13064.0,81400,KBS
2021-02-04 07:00:00,13064.0,13064.0,13042.0,13064.0,67700,KBS
2021-02-05 07:00:00,13086.0,13393.0,13064.0,13174.0,31100,KBS
2021-02-08 07:00:00,13174.0,13174.0,13064.0,13152.0,64200,KBS
2021-02-09 07:00:00,13086.0,13283.0,13064.0,13261.0,39400,KBS
2021-02-17 07:00:00,13393.0,13700.0,13261.0,13613.0,57200,KBS
2021-02-18 07:00:00,13613.0,13613.0,13393.0,13591.0,42500,KBS
2021-02-19 07:00:00,13393.0,13591.0,13174.0,13393.0,62700,KBS
2021-02-22 07:00:00,13393.0,13393.0,13305.0,13349.0,35400,KBS
2021-02-23 07:00:00,13393.0,13393.0,13195.0,13283.0,16400,KBS
2021-02-24 07:00:00,13349.0,13349.0,13174.0,13261.0,49000,KBS
2021-02-25 07:00:00,13174.0,13371.0,13108.0,13239.0,77500,KBS
2021-02-26 07:00:00,13239.0,13437.0,13130.0,13371.0,60300,KBS
2021-03-01 07:00:00,13393.0,13876.0,13371.0,13810.0,87600,KBS
2021-03-02 07:00:00,13876.0,13898.0,13481.0,13613.0,40400,KBS
2021-03-03 07:00:00,13613.0,13722.0,13481.0,13481.0,24600,KBS
2021-03-04 07:00:00,13613.0,13832.0,13174.0,13393.0,28800,KBS
2021-03-05 07:00:00,13393.0,13393.0,12976.0,13174.0,27400,KBS
2021-03-08 07:00:00,12976.0,13261.0,12976.0,13239.0,29900,KBS
2021-03-09 07:00:00,13174.0,13174.0,13020.0,13152.0,10800,KBS
2021-03-10 07:00:00,13174.0,13261.0,12295.0,13261.0,71500,KBS
2021-03-11 07:00:00,13261.0,13261.0,12954.0,12976.0,11900,KBS
2021-03-12 07:00:00,12844.0,13064.0,12844.0,12954.0,9000,KBS
2021-03-15 07:00:00,12910.0,12976.0,12691.0,12888.0,44100,KBS
2021-03-16 07:00:00,12910.0,12954.0,12734.0,12954.0,46300,KBS
2021-03-17 07:00:00,12954.0,12954.0,12691.0,12910.0,13200,KBS
2021-03-18 07:00:00,12910.0,12954.0,12822.0,12932.0,38800,KBS
2021-03-19 07:00:00,12932.0,12932.0,12734.0,12734.0,30500,KBS
2021-03-22 07:00:00,12778.0,12844.0,12712.0,12734.0,38500,KBS
2021-03-23 07:00:00,12734.0,12800.0,12603.0,12669.0,70400,KBS
2021-03-24 07:00:00,12515.0,12515.0,12405.0,12449.0,59200,KBS
2021-03-25 07:00:00,12449.0,12449.0,12383.0,12449.0,38800,KBS
2021-03-26 07:00:00,12405.0,12405.0,12186.0,12207.0,25300,KBS
2021-03-29 07:00:00,12229.0,12339.0,12207.0,12273.0,49100,KBS
2021-03-30 07:00:00,12295.0,12295.0,11922.0,11922.0,31600,KBS
2021-03-31 07:00:00,12054.0,12054.0,11746.0,11878.0,34000,KBS
2021-04-01 07:00:00,12207.0,12207.0,11900.0,12207.0,43700,KBS
2021-04-02 07:00:00,12207.0,12273.0,11988.0,12032.0,50300,KBS
2021-04-05 07:00:00,11922.0,12032.0,11483.0,11505.0,93100,KBS
2021-04-06 07:00:00,11505.0,11966.0,11505.0,11637.0,96600,KBS
2021-04-07 07:00:00,11637.0,11637.0,11219.0,11307.0,144500,KBS
2021-04-08 07:00:00,11307.0,11417.0,11154.0,11241.0,76400,KBS
2021-04-09 07:00:00,11241.0,11241.0,10736.0,10780.0,95600,KBS
2021-04-12 07:00:00,10693.0,10693.0,10407.0,10451.0,253100,KBS
2021-04-13 07:00:00,10319.0,10978.0,10319.0,10846.0,142000,KBS
2021-04-14 07:00:00,10868.0,11593.0,10846.0,11593.0,348600,KBS
2021-04-15 07:00:00,11681.0,11681.0,11373.0,11461.0,98500,KBS
2021-04-16 07:00:00,11022.0,11373.0,10978.0,11066.0,48800,KBS
2021-04-19 07:00:00,11066.0,11088.0,10297.0,10978.0,161200,KBS
2021-04-20 07:00:00,10561.0,10978.0,10561.0,10967.0,36000,KBS
2021-04-22 07:00:00,10758.0,10956.0,10605.0,10649.0,65200,KBS
2021-04-23 07:00:00,10649.0,10890.0,10627.0,10868.0,59100,KBS
2021-04-26 07:00:00,10978.0,10978.0,10671.0,10693.0,68500,KBS
2021-04-27 07:00:00,10693.0,10956.0,10385.0,10956.0,81400,KBS
2021-04-28 07:00:00,11089.0,11133.0,11000.0,11089.0,34300,KBS
2021-04-29 07:00:00,11000.0,11089.0,10889.0,10978.0,13900,KBS
2021-05-04 07:00:00,10657.0,10867.0,10424.0,10645.0,55900,KBS
2021-05-05 07:00:00,10568.0,10812.0,10568.0,10712.0,51200,KBS
2021-05-06 07:00:00,10845.0,10845.0,10657.0,10657.0,15400,KBS
2021-05-07 07:00:00,10657.0,10801.0,10579.0,10579.0,20100,KBS
2021-05-10 07:00:00,10579.0,10579.0,10246.0,10446.0,48300,KBS
2021-05-11 07:00:00,10424.0,10867.0,10424.0,10645.0,25900,KBS
2021-05-12 07:00:00,10446.0,10668.0,10446.0,10557.0,13000,KBS
2021-05-13 07:00:00,10579.0,10645.0,10468.0,10568.0,41700,KBS
2021-05-14 07:00:00,10645.0,11111.0,10645.0,10978.0,75500,KBS
2021-05-17 07:00:00,10978.0,11510.0,10934.0,11311.0,243200,KBS
2021-05-18 07:00:00,11400.0,11400.0,11111.0,11266.0,55000,KBS
2021-05-19 07:00:00,11266.0,11400.0,11089.0,11400.0,56800,KBS
2021-05-20 07:00:00,11400.0,11400.0,11222.0,11311.0,74800,KBS
2021-05-21 07:00:00,11400.0,11688.0,11266.0,11621.0,129800,KBS
2021-05-24 07:00:00,11799.0,11821.0,11422.0,11466.0,55200,KBS
2021-05-25 07:00:00,11311.0,11666.0,11311.0,11666.0,81800,KBS
2021-05-26 07:00:00,11422.0,11644.0,11311.0,11422.0,107100,KBS
2021-05-27 07:00:00,11444.0,11644.0,11444.0,11444.0,71100,KBS
2021-05-28 07:00:00,11644.0,11644.0,11244.0,11244.0,30700,KBS
2021-05-31 07:00:00,11111.0,11466.0,10956.0,11466.0,83200,KBS
2021-06-01 07:00:00,11466.0,11599.0,11089.0,11333.0,43200,KBS
2021-06-02 07:00:00,11111.0,11488.0,11089.0,11488.0,89800,KBS
2021-06-03 07:00:00,11400.0,11754.0,11311.0,11754.0,143700,KBS
2021-06-04 07:00:00,11754.0,11976.0,11555.0,11843.0,76000,KBS
2021-06-07 07:00:00,11976.0,12087.0,11023.0,11865.0,113900,KBS
2021-06-08 07:00:00,11976.0,12043.0,11865.0,11865.0,72900,KBS
2021-06-09 07:00:00,11865.0,11976.0,11666.0,11887.0,32400,KBS
2021-06-10 07:00:00,11954.0,11998.0,11865.0,11910.0,103700,KBS
2021-06-11 07:00:00,11998.0,12642.0,11998.0,12597.0,158700,KBS
2021-06-14 07:00:00,13462.0,13462.0,12841.0,13196.0,102000,KBS
2021-06-15 07:00:00,12775.0,13196.0,12775.0,13085.0,68500,KBS
2021-06-16 07:00:00,13019.0,13640.0,12752.0,12863.0,77400,KBS
2021-06-17 07:00:00,12752.0,13085.0,12531.0,12863.0,95400,KBS
2021-06-18 07:00:00,13085.0,13085.0,12841.0,13085.0,93100,KBS
2021-06-21 07:00:00,12863.0,13307.0,12863.0,13107.0,64500,KBS
2021-06-22 07:00:00,13085.0,13240.0,13019.0,13019.0,44800,KBS
2021-06-23 07:00:00,13019.0,13196.0,12841.0,13107.0,55200,KBS
2021-06-24 07:00:00,12952.0,13351.0,12930.0,13307.0,160800,KBS
2021-06-25 07:00:00,13484.0,13484.0,13196.0,13196.0,69000,KBS
2021-06-28 07:00:00,13218.0,13462.0,13196.0,13440.0,90000,KBS
2021-06-29 07:00:00,13484.0,13529.0,13152.0,13462.0,86800,KBS
2021-06-30 07:00:00,13529.0,13529.0,13307.0,13307.0,37300,KBS
2021-07-01 07:00:00,13307.0,13351.0,13107.0,13218.0,27200,KBS
2021-07-02 07:00:00,13285.0,13640.0,12996.0,13307.0,152800,KBS
2021-07-05 07:00:00,13085.0,13329.0,13085.0,13085.0,93100,KBS
2021-07-06 07:00:00,13107.0,13617.0,13107.0,13107.0,70300,KBS
2021-07-07 07:00:00,13019.0,13152.0,12996.0,13129.0,56200,KBS
2021-07-08 07:00:00,13174.0,13573.0,13107.0,13107.0,180000,KBS
2021-07-09 07:00:00,13196.0,13373.0,13152.0,13152.0,24400,KBS
2021-07-12 07:00:00,13152.0,13152.0,12242.0,12885.0,75900,KBS
2021-07-13 07:00:00,12752.0,13440.0,12752.0,13440.0,120200,KBS
2021-07-14 07:00:00,13418.0,13440.0,13085.0,13263.0,59500,KBS
2021-07-15 07:00:00,13307.0,13396.0,13285.0,13351.0,36700,KBS
2021-07-16 07:00:00,13440.0,14283.0,13329.0,14283.0,184600,KBS
2021-07-19 07:00:00,15059.0,15059.0,14283.0,14416.0,112200,KBS
2021-07-20 07:00:00,14172.0,14416.0,14150.0,14172.0,19000,KBS
2021-07-21 07:00:00,14172.0,14194.0,13972.0,14194.0,43500,KBS
2021-07-22 07:00:00,14194.0,14748.0,14194.0,14527.0,92700,KBS
2021-07-23 07:00:00,14549.0,14549.0,14150.0,14238.0,29900,KBS
2021-07-26 07:00:00,13972.0,14615.0,13972.0,14416.0,84000,KBS
2021-07-27 07:00:00,14527.0,14527.0,14238.0,14283.0,49300,KBS
2021-07-28 07:00:00,14194.0,14416.0,14194.0,14305.0,21200,KBS
2021-07-29 07:00:00,14371.0,14371.0,14194.0,14371.0,35700,KBS
2021-07-30 07:00:00,14482.0,14970.0,14482.0,14948.0,146400,KBS
2021-08-02 07:00:00,14948.0,15192.0,14859.0,15148.0,105700,KBS
2021-08-03 07:00:00,15170.0,15414.0,14859.0,15303.0,93500,KBS
2021-08-04 07:00:00,15281.0,15281.0,14970.0,15081.0,66200,KBS
2021-08-05 07:00:00,14970.0,14970.0,14859.0,14904.0,99100,KBS
2021-08-06 07:00:00,14815.0,14970.0,14438.0,14704.0,120100,KBS
2021-08-09 07:00:00,14704.0,15081.0,14460.0,15081.0,111300,KBS
2021-08-10 07:00:00,15192.0,15414.0,15081.0,15303.0,144800,KBS
2021-08-11 07:00:00,15414.0,16190.0,15414.0,16013.0,310900,KBS
2021-08-12 07:00:00,16013.0,16190.0,14904.0,16057.0,258900,KBS
2021-08-13 07:00:00,15746.0,15946.0,15436.0,15857.0,100300,KBS
2021-08-16 07:00:00,15857.0,16079.0,15480.0,15968.0,189200,KBS
2021-08-17 07:00:00,15946.0,16013.0,15525.0,15525.0,119200,KBS
2021-08-18 07:00:00,15303.0,15525.0,14438.0,14460.0,362400,KBS
2021-08-19 07:00:00,13773.0,14859.0,13773.0,14416.0,172000,KBS
2021-08-20 07:00:00,14416.0,14771.0,14416.0,14527.0,74900,KBS
2021-08-23 07:00:00,14416.0,14527.0,14305.0,14327.0,79400,KBS
2021-08-24 07:00:00,14105.0,14283.0,13662.0,13950.0,116400,KBS
2021-08-25 07:00:00,13950.0,14504.0,13750.0,14394.0,32000,KBS
2021-08-26 07:00:00,14416.0,15303.0,14416.0,14682.0,70400,KBS
2021-08-27 07:00:00,14682.0,14882.0,14504.0,14748.0,39900,KBS
2021-08-30 07:00:00,14748.0,15103.0,14748.0,14970.0,54000,KBS
2021-08-31 07:00:00,14882.0,15081.0,14859.0,14859.0,89400,KBS
2021-09-01 07:00:00,14748.0,15081.0,14638.0,14837.0,81900,KBS
2021-09-06 07:00:00,14926.0,15103.0,14882.0,14970.0,67500,KBS
2021-09-07 07:00:00,14992.0,14992.0,14549.0,14549.0,85100,KBS
2021-09-08 07:00:00,14571.0,14571.0,13551.0,14283.0,75400,KBS
2021-09-09 07:00:00,14194.0,14416.0,13972.0,14150.0,36000,KBS
2021-09-10 07:00:00,14150.0,15125.0,14150.0,15125.0,248000,KBS
2021-09-13 07:00:00,16079.0,16079.0,15547.0,15968.0,360900,KBS
2021-09-14 07:00:00,15968.0,15968.0,15081.0,15192.0,116000,KBS
2021-09-15 07:00:00,15192.0,15192.0,14837.0,15081.0,92800,KBS
2021-09-16 07:00:00,15103.0,15103.0,14615.0,15081.0,140500,KBS
2021-09-17 07:00:00,15059.0,15081.0,14748.0,15081.0,243600,KBS
2021-09-20 07:00:00,15081.0,15081.0,14638.0,14859.0,132100,KBS
2021-09-21 07:00:00,14793.0,14793.0,14172.0,14527.0,174300,KBS
2021-09-22 07:00:00,14327.0,14638.0,14083.0,14593.0,149200,KBS
2021-09-23 07:00:00,14416.0,14615.0,14083.0,14105.0,314900,KBS
2021-09-24 07:00:00,14305.0,14305.0,13928.0,14150.0,98900,KBS
2021-09-27 07:00:00,14105.0,14194.0,13662.0,13662.0,162400,KBS
2021-09-28 07:00:00,13529.0,13595.0,13307.0,13462.0,157600,KBS
2021-09-29 07:00:00,13462.0,13484.0,12952.0,13041.0,197700,KBS
2021-09-30 07:00:00,13129.0,13640.0,13107.0,13529.0,128700,KBS
2021-10-01 07:00:00,13817.0,13817.0,13085.0,13263.0,112800,KBS
2021-10-04 07:00:00,13218.0,13240.0,12952.0,13196.0,205500,KBS
2021-10-05 07:00:00,12930.0,13263.0,12930.0,13174.0,75400,KBS
2021-10-06 07:00:00,13129.0,13174.0,13019.0,13174.0,145200,KBS
2021-10-07 07:00:00,13240.0,13728.0,13240.0,13573.0,201400,KBS
2021-10-08 07:00:00,13640.0,13861.0,13640.0,13861.0,250500,KBS
2021-10-11 07:00:00,13972.0,14061.0,13728.0,13728.0,261900,KBS
2021-10-12 07:00:00,13728.0,13750.0,13462.0,13529.0,475200,KBS
2021-10-13 07:00:00,13728.0,13750.0,13396.0,13529.0,356400,KBS
2021-10-14 07:00:00,13640.0,13640.0,13307.0,13418.0,1507800,KBS
2021-10-15 07:00:00,13440.0,13617.0,13307.0,13440.0,874300,KBS
2021-10-18 07:00:00,13950.0,14371.0,13861.0,14371.0,1369700,KBS
2021-10-19 07:00:00,14305.0,14394.0,14194.0,14194.0,622000,KBS
2021-10-20 07:00:00,14306.0,15178.0,14306.0,15133.0,1247500,KBS
2021-10-21 07:00:00,15625.0,15647.0,15178.0,15267.0,558100,KBS
2021-10-22 07:00:00,15267.0,15535.0,15222.0,15401.0,481700,KBS
2021-10-25 07:00:00,15267.0,15312.0,15043.0,15088.0,610800,KBS
2021-10-26 07:00:00,14976.0,15960.0,14775.0,15870.0,1122300,KBS
2021-10-27 07:00:00,15915.0,16206.0,15692.0,15893.0,762400,KBS
2021-10-28 07:00:00,15826.0,15938.0,15692.0,15893.0,450000,KBS
2021-10-29 07:00:00,15870.0,15870.0,15692.0,15759.0,665100,KBS
2021-11-01 07:00:00,15781.0,16094.0,15781.0,15982.0,1001000,KBS
2021-11-02 07:00:00,16072.0,16072.0,15893.0,15982.0,642200,KBS
2021-11-03 07:00:00,16094.0,16362.0,15893.0,16094.0,708600,KBS
2021-11-04 07:00:00,16049.0,16072.0,15759.0,15870.0,575400,KBS
2021-11-05 07:00:00,15870.0,16429.0,15848.0,16206.0,1121500,KBS
2021-11-08 07:00:00,17325.0,17325.0,17325.0,17325.0,238500,KBS
2021-11-09 07:00:00,18367.0,18367.0,17483.0,18190.0,1438200,KBS
2021-11-10 07:00:00,17993.0,17993.0,17699.0,17777.0,867600,KBS
2021-11-11 07:00:00,17718.0,18268.0,17522.0,18072.0,596200,KBS
2021-11-12 07:00:00,17954.0,17993.0,17443.0,17600.0,810600,KBS
2021-11-15 07:00:00,17345.0,17483.0,17286.0,17443.0,643200,KBS
2021-11-16 07:00:00,17286.0,18249.0,16736.0,17286.0,879800,KBS
2021-11-17 07:00:00,17129.0,17286.0,16972.0,17208.0,698200,KBS
2021-11-18 07:00:00,17247.0,17797.0,17011.0,17718.0,1091100,KBS
2021-11-19 07:00:00,17679.0,17699.0,17208.0,17286.0,833100,KBS
2021-11-22 07:00:00,17247.0,17522.0,16736.0,17522.0,649600,KBS
2021-11-23 07:00:00,17483.0,17483.0,16874.0,17365.0,439700,KBS
2021-11-24 07:00:00,17365.0,17640.0,17208.0,17483.0,602700,KBS
2021-11-25 07:00:00,17522.0,18150.0,17522.0,17954.0,931800,KBS
2021-11-26 07:00:00,17993.0,18013.0,17620.0,17797.0,455900,KBS
2021-11-29 07:00:00,16972.0,17797.0,16972.0,17640.0,561600,KBS
2021-11-30 07:00:00,17600.0,17758.0,17522.0,17581.0,952300,KBS
2021-12-01 07:00:00,17483.0,17600.0,17247.0,17600.0,425800,KBS
2021-12-02 07:00:00,17483.0,17836.0,17286.0,17640.0,846300,KBS
2021-12-03 07:00:00,17679.0,17679.0,17129.0,17208.0,440400,KBS
2021-12-06 07:00:00,17129.0,17286.0,16716.0,16716.0,469500,KBS
2021-12-07 07:00:00,16815.0,17208.0,16775.0,17011.0,225400,KBS
2021-12-08 07:00:00,17208.0,17208.0,16893.0,16991.0,141400,KBS
2021-12-09 07:00:00,17168.0,17168.0,16893.0,16991.0,96600,KBS
2021-12-10 07:00:00,17129.0,17129.0,16834.0,16893.0,240700,KBS
2021-12-13 07:00:00,16991.0,17600.0,16815.0,17365.0,476500,KBS
2021-12-14 07:00:00,17600.0,17600.0,17129.0,17227.0,174200,KBS
2021-12-15 07:00:00,17365.0,17993.0,17365.0,17542.0,510800,KBS
2021-12-16 07:00:00,17345.0,18033.0,17286.0,17600.0,371200,KBS
2021-12-17 07:00:00,17875.0,17875.0,17365.0,17561.0,189600,KBS
2021-12-20 07:00:00,17483.0,17679.0,17090.0,17561.0,470900,KBS
2021-12-21 07:00:00,17561.0,17561.0,17286.0,17286.0,135000,KBS
2021-12-22 07:00:00,17306.0,17306.0,17011.0,17011.0,199300,KBS
2021-12-23 07:00:00,17011.0,17483.0,16520.0,17208.0,507100,KBS
2021-12-24 07:00:00,17286.0,17640.0,17208.0,17483.0,263300,KBS
2021-12-27 07:00:00,17679.0,17679.0,17168.0,17443.0,129300,KBS
2021-12-28 07:00:00,17404.0,17443.0,17188.0,17443.0,187700,KBS
2021-12-29 07:00:00,17443.0,17443.0,17129.0,17247.0,108100,KBS
2021-12-30 07:00:00,17208.0,17286.0,17129.0,17168.0,88400,KBS
2021-12-31 07:00:00,17090.0,17247.0,17090.0,17090.0,141400,KBS
2022-01-04 07:00:00,17267.0,17365.0,17070.0,17090.0,217500,KBS
2022-01-05 07:00:00,16972.0,17090.0,16854.0,16893.0,288700,KBS
2022-01-06 07:00:00,16972.0,16972.0,16775.0,16775.0,172100,KBS
2022-01-07 07:00:00,16716.0,17090.0,16481.0,17011.0,539200,KBS
2022-01-10 07:00:00,16854.0,17129.0,16618.0,16775.0,298200,KBS
2022-01-11 07:00:00,16775.0,16775.0,16383.0,16383.0,234800,KBS
2022-01-12 07:00:00,16304.0,16304.0,15538.0,15872.0,339400,KBS
2022-01-13 07:00:00,15911.0,16304.0,15911.0,15911.0,142900,KBS
2022-01-14 07:00:00,15872.0,15911.0,15597.0,15597.0,111300,KBS
2022-01-17 07:00:00,15616.0,15813.0,15322.0,15322.0,179500,KBS
2022-01-18 07:00:00,15204.0,15322.0,14791.0,14791.0,223200,KBS
2022-01-19 07:00:00,14791.0,15008.0,14791.0,14850.0,98100,KBS
2022-01-20 07:00:00,15027.0,15616.0,14811.0,15616.0,102100,KBS
2022-01-21 07:00:00,15636.0,15675.0,15381.0,15400.0,46200,KBS
2022-01-24 07:00:00,15400.0,15518.0,15008.0,15204.0,68800,KBS
2022-01-25 07:00:00,15066.0,15440.0,14811.0,15420.0,96800,KBS
2022-01-26 07:00:00,15479.0,15911.0,15322.0,15420.0,57300,KBS
2022-01-27 07:00:00,15420.0,15420.0,15125.0,15322.0,78800,KBS
2022-01-28 07:00:00,15499.0,15499.0,15145.0,15341.0,47500,KBS
2022-02-07 07:00:00,15872.0,15872.0,14929.0,15597.0,242600,KBS
2022-02-08 07:00:00,15636.0,16304.0,15597.0,16304.0,203600,KBS
2022-02-09 07:00:00,16343.0,16461.0,16029.0,16225.0,76900,KBS
2022-02-10 07:00:00,16206.0,16500.0,15754.0,16186.0,124500,KBS
2022-02-11 07:00:00,16108.0,16108.0,15970.0,16009.0,80000,KBS
2022-02-14 07:00:00,16009.0,16304.0,15872.0,15990.0,152100,KBS
2022-02-15 07:00:00,15990.0,16049.0,15754.0,15990.0,54700,KBS
2022-02-16 07:00:00,15950.0,16147.0,15931.0,15990.0,48900,KBS
2022-02-17 07:00:00,16029.0,16893.0,15950.0,16775.0,705300,KBS
2022-02-18 07:00:00,16795.0,17168.0,16304.0,16893.0,575600,KBS
2022-02-21 07:00:00,16716.0,17090.0,16500.0,16893.0,162200,KBS
2022-02-22 07:00:00,16500.0,16677.0,16343.0,16677.0,251800,KBS
2022-02-23 07:00:00,16579.0,17011.0,16520.0,16874.0,226300,KBS
2022-02-24 07:00:00,16854.0,16854.0,16108.0,16225.0,301500,KBS
2022-02-25 07:00:00,16324.0,16815.0,16324.0,16638.0,198100,KBS
2022-02-28 07:00:00,16540.0,16638.0,16500.0,16618.0,147200,KBS
2022-03-01 07:00:00,16461.0,16618.0,16383.0,16481.0,166300,KBS
2022-03-02 07:00:00,16441.0,16441.0,16108.0,16304.0,208900,KBS
2022-03-03 07:00:00,16559.0,17443.0,16343.0,17443.0,969200,KBS
2022-03-04 07:00:00,17679.0,18072.0,17365.0,17483.0,3214200,KBS
2022-03-07 07:00:00,17325.0,18131.0,17168.0,17915.0,2156100,KBS
2022-03-08 07:00:00,17856.0,17856.0,17522.0,17522.0,1340800,KBS
2022-03-09 07:00:00,17325.0,18740.0,16893.0,18740.0,3227100,KBS
2022-03-10 07:00:00,18858.0,19172.0,18445.0,18583.0,1361500,KBS
2022-03-11 07:00:00,18465.0,19093.0,18347.0,18740.0,1195900,KBS
2022-03-14 07:00:00,18484.0,18740.0,17483.0,17483.0,1911500,KBS
2022-03-15 07:00:00,17365.0,17679.0,17109.0,17286.0,857000,KBS
2022-03-16 07:00:00,17365.0,17875.0,17286.0,17561.0,725500,KBS
2022-03-17 07:00:00,17561.0,17561.0,17247.0,17483.0,906300,KBS
2022-03-18 07:00:00,17600.0,17934.0,17522.0,17679.0,800700,KBS
2022-03-21 07:00:00,17797.0,17797.0,17286.0,17600.0,650600,KBS
2022-03-22 07:00:00,17483.0,17679.0,17384.0,17404.0,955700,KBS
2022-03-23 07:00:00,17404.0,18072.0,17384.0,17483.0,737800,KBS
2022-03-24 07:00:00,17483.0,17875.0,17365.0,17659.0,959900,KBS
2022-03-25 07:00:00,17659.0,18072.0,17561.0,17699.0,824500,KBS
2022-03-28 07:00:00,17699.0,18229.0,17659.0,17915.0,805200,KBS
2022-03-29 07:00:00,17993.0,18661.0,17954.0,18543.0,2027800,KBS
2022-03-30 07:00:00,18445.0,19054.0,17915.0,18209.0,1744000,KBS
2022-03-31 07:00:00,18445.0,18445.0,18052.0,18092.0,628000,KBS
2022-04-01 07:00:00,17974.0,18249.0,17718.0,18170.0,1097800,KBS
2022-04-04 07:00:00,18268.0,18425.0,18033.0,18170.0,855700,KBS
2022-04-05 07:00:00,18170.0,18583.0,18052.0,18072.0,795900,KBS
2022-04-06 07:00:00,17954.0,18268.0,17679.0,17679.0,1084500,KBS
2022-04-07 07:00:00,17875.0,17875.0,17090.0,17090.0,1470300,KBS
2022-04-08 07:00:00,17129.0,17267.0,16500.0,16500.0,930600,KBS
2022-04-12 07:00:00,16618.0,16972.0,16343.0,16520.0,564000,KBS
2022-04-13 07:00:00,16540.0,17050.0,16520.0,16952.0,427000,KBS
2022-04-14 07:00:00,17011.0,17463.0,16933.0,17227.0,905200,KBS
2022-04-15 07:00:00,17325.0,17502.0,16500.0,17424.0,831300,KBS
2022-04-18 07:00:00,17404.0,18249.0,17345.0,18150.0,1511400,KBS
2022-04-19 07:00:00,18268.0,19290.0,18072.0,18504.0,2826700,KBS
2022-04-20 07:00:00,18465.0,19211.0,18190.0,18465.0,1706800,KBS
2022-04-21 07:00:00,18425.0,19034.0,17993.0,18583.0,1483600,KBS
2022-04-22 07:00:00,18818.0,18818.0,17483.0,18583.0,3023900,KBS
2022-04-25 07:00:00,18465.0,18465.0,17286.0,17286.0,1632400,KBS
2022-04-26 07:00:00,16343.0,17797.0,16088.0,17718.0,1776000,KBS
2022-04-27 07:00:00,17561.0,18072.0,16913.0,17934.0,718100,KBS
2022-04-28 07:00:00,17738.0,18779.0,17738.0,18386.0,1180900,KBS
2022-04-29 07:00:00,18268.0,19329.0,18249.0,19113.0,2282700,KBS
2022-05-04 07:00:00,19290.0,20429.0,19250.0,20429.0,3362000,KBS
2022-05-05 07:00:00,20822.0,20940.0,19722.0,20586.0,1582100,KBS
2022-05-06 07:00:00,20429.0,21372.0,19643.0,20704.0,1741100,KBS
2022-05-09 07:00:00,20154.0,20351.0,19270.0,19270.0,2913300,KBS
2022-05-10 07:00:00,17954.0,20193.0,17954.0,20193.0,1737400,KBS
2022-05-11 07:00:00,20036.0,20351.0,19545.0,20076.0,637300,KBS
2022-05-12 07:00:00,19643.0,20429.0,18681.0,18681.0,1723900,KBS
2022-05-13 07:00:00,18484.0,18818.0,17384.0,17384.0,2171100,KBS
2022-05-16 07:00:00,17758.0,17934.0,16225.0,16265.0,1540200,KBS
2022-05-17 07:00:00,15715.0,17208.0,15204.0,17188.0,995000,KBS
2022-05-18 07:00:00,17208.0,18052.0,16618.0,17011.0,926800,KBS
2022-05-19 07:00:00,16697.0,18072.0,16540.0,17483.0,1503100,KBS
2022-05-20 07:00:00,17483.0,17836.0,17208.0,17306.0,581700,KBS
2022-05-23 07:00:00,17600.0,17600.0,16618.0,16913.0,622300,KBS
2022-05-24 07:00:00,17011.0,17109.0,16618.0,16991.0,398000,KBS
2022-05-25 07:00:00,17149.0,18170.0,17109.0,18170.0,757200,KBS
2022-05-26 07:00:00,18445.0,18779.0,18150.0,18425.0,577900,KBS
2022-05-27 07:00:00,18465.0,19427.0,18131.0,18838.0,893300,KBS
2022-05-30 07:00:00,19054.0,19447.0,18661.0,18975.0,551800,KBS
2022-05-31 07:00:00,18897.0,19250.0,18622.0,18661.0,708900,KBS
2022-06-01 07:00:00,18484.0,19643.0,18229.0,19604.0,1043500,KBS
2022-06-02 07:00:00,19643.0,19683.0,19250.0,19447.0,747500,KBS
2022-06-03 07:00:00,19408.0,20429.0,19172.0,20036.0,1221700,KBS
2022-06-06 07:00:00,19840.0,21215.0,19840.0,20783.0,1986600,KBS
2022-06-07 07:00:00,20508.0,21136.0,20115.0,21097.0,1902500,KBS
2022-06-08 07:00:00,21215.0,21608.0,20626.0,20626.0,1108300,KBS
2022-06-09 07:00:00,20547.0,21608.0,20115.0,21568.0,1658400,KBS
2022-06-10 07:00:00,20861.0,21333.0,20076.0,20076.0,1075600,KBS
2022-06-13 07:00:00,18700.0,19447.0,18681.0,18681.0,816000,KBS
2022-06-14 07:00:00,17718.0,18975.0,17718.0,18740.0,937800,KBS
2022-06-15 07:00:00,18858.0,18858.0,17463.0,17993.0,1049600,KBS
2022-06-16 07:00:00,18465.0,19250.0,18268.0,19133.0,800500,KBS
2022-06-17 07:00:00,18661.0,19840.0,18308.0,19722.0,692400,KBS
2022-06-20 07:00:00,20036.0,20036.0,18661.0,18661.0,735900,KBS
2022-06-21 07:00:00,18484.0,19231.0,17738.0,17915.0,709200,KBS
2022-06-22 07:00:00,18425.0,18425.0,16677.0,16677.0,1142700,KBS
2022-06-23 07:00:00,16677.0,17797.0,16658.0,17797.0,414900,KBS
2022-06-24 07:00:00,17856.0,18190.0,17404.0,17404.0,254800,KBS
2022-06-27 07:00:00,17758.0,17993.0,17483.0,17640.0,302500,KBS
2022-06-28 07:00:00,17699.0,17836.0,17227.0,17286.0,821300,KBS
2022-06-29 07:00:00,17718.0,18410.0,17502.0,18237.0,322600,KBS
2022-06-30 07:00:00,18647.0,18647.0,17999.0,17999.0,238700,KBS
2022-07-01 07:00:00,17718.0,17934.0,17005.0,17934.0,397800,KBS
2022-07-04 07:00:00,18107.0,18129.0,17502.0,17718.0,183400,KBS
2022-07-05 07:00:00,17113.0,17697.0,16638.0,16854.0,495100,KBS
2022-07-06 07:00:00,16422.0,16746.0,15687.0,15687.0,408700,KBS
2022-07-07 07:00:00,15644.0,15946.0,15190.0,15385.0,328600,KBS
2022-07-08 07:00:00,15774.0,15903.0,15579.0,15774.0,144400,KBS
2022-07-11 07:00:00,15752.0,15774.0,15341.0,15730.0,405100,KBS
2022-07-12 07:00:00,15752.0,16422.0,15558.0,16422.0,210700,KBS
2022-07-13 07:00:00,16422.0,16638.0,15774.0,16551.0,219600,KBS
2022-07-14 07:00:00,16443.0,16443.0,16098.0,16206.0,210900,KBS
2022-07-15 07:00:00,16292.0,16465.0,15903.0,16076.0,288900,KBS
2022-07-18 07:00:00,16206.0,16206.0,15903.0,16076.0,194700,KBS
2022-07-19 07:00:00,16119.0,16292.0,15990.0,16292.0,141400,KBS
2022-07-20 07:00:00,16595.0,17070.0,16314.0,16897.0,342700,KBS
2022-07-21 07:00:00,16897.0,16897.0,16443.0,16551.0,115300,KBS
2022-07-22 07:00:00,16551.0,16854.0,16249.0,16249.0,275000,KBS
2022-07-25 07:00:00,16249.0,16249.0,15817.0,16076.0,257000,KBS
2022-07-26 07:00:00,16119.0,16119.0,15882.0,15903.0,155300,KBS
2022-07-27 07:00:00,15601.0,15774.0,15514.0,15774.0,284900,KBS
2022-07-28 07:00:00,16206.0,16249.0,15990.0,16098.0,267400,KBS
2022-07-29 07:00:00,16249.0,16400.0,16098.0,16184.0,307900,KBS
2022-08-01 07:00:00,16379.0,16379.0,15925.0,16335.0,360400,KBS
2022-08-02 07:00:00,16400.0,16400.0,16119.0,16206.0,278000,KBS
2022-08-03 07:00:00,16163.0,16681.0,15968.0,16638.0,756900,KBS
2022-08-04 07:00:00,16638.0,16811.0,16530.0,16530.0,212700,KBS
2022-08-05 07:00:00,16530.0,16551.0,16314.0,16335.0,292800,KBS
2022-08-08 07:00:00,16335.0,16724.0,16271.0,16616.0,506200,KBS
2022-08-09 07:00:00,16811.0,16854.0,16616.0,16638.0,357700,KBS
2022-08-10 07:00:00,16595.0,16638.0,16465.0,16487.0,296200,KBS
2022-08-11 07:00:00,16573.0,16638.0,16206.0,16357.0,375600,KBS
2022-08-12 07:00:00,16271.0,16422.0,16184.0,16271.0,312600,KBS
2022-08-15 07:00:00,16400.0,16400.0,16249.0,16292.0,306200,KBS
2022-08-16 07:00:00,16292.0,16551.0,16227.0,16292.0,344700,KBS
2022-08-17 07:00:00,16379.0,16400.0,15709.0,15817.0,1029100,KBS
2022-08-18 07:00:00,15709.0,15817.0,14996.0,15817.0,1838300,KBS
2022-08-19 07:00:00,15579.0,15860.0,15406.0,15795.0,550600,KBS
2022-08-22 07:00:00,15730.0,15774.0,15450.0,15774.0,670800,KBS
2022-08-23 07:00:00,15514.0,15774.0,15493.0,15774.0,752800,KBS
2022-08-24 07:00:00,15601.0,15795.0,15601.0,15752.0,589500,KBS
2022-08-25 07:00:00,15730.0,16206.0,15644.0,15990.0,1102800,KBS
2022-08-26 07:00:00,15946.0,16163.0,15774.0,15774.0,306900,KBS
2022-08-29 07:00:00,15644.0,16098.0,15169.0,16098.0,1201700,KBS
2022-08-30 07:00:00,16119.0,16249.0,15860.0,15860.0,478800,KBS
2022-08-31 07:00:00,15903.0,15903.0,15622.0,15817.0,400000,KBS
2022-09-05 07:00:00,15817.0,16011.0,15622.0,15622.0,295700,KBS
2022-09-06 07:00:00,15622.0,15687.0,15514.0,15666.0,742400,KBS
2022-09-07 07:00:00,15730.0,15730.0,15125.0,15666.0,1115500,KBS
2022-09-08 07:00:00,15385.0,15601.0,15212.0,15514.0,601200,KBS
2022-09-09 07:00:00,15493.0,15687.0,15082.0,15687.0,684600,KBS
2022-09-12 07:00:00,15428.0,15774.0,15428.0,15558.0,265700,KBS
2022-09-13 07:00:00,15471.0,15558.0,15406.0,15514.0,474700,KBS
2022-09-14 07:00:00,15169.0,15536.0,15169.0,15514.0,655900,KBS
2022-09-15 07:00:00,15514.0,15558.0,15471.0,15514.0,294800,KBS
2022-09-16 07:00:00,15385.0,15536.0,15255.0,15493.0,542800,KBS
2022-09-19 07:00:00,15298.0,15406.0,14909.0,14909.0,449700,KBS
2022-09-20 07:00:00,14909.0,15622.0,14477.0,15622.0,1169400,KBS
2022-09-21 07:00:00,15450.0,15558.0,15169.0,15558.0,383000,KBS
2022-09-22 07:00:00,15536.0,15536.0,15147.0,15363.0,279000,KBS
2022-09-23 07:00:00,15385.0,15990.0,15277.0,15946.0,2159300,KBS
2022-09-26 07:00:00,15644.0,15666.0,15147.0,15233.0,600000,KBS
2022-09-27 07:00:00,15233.0,15601.0,14477.0,15601.0,1243700,KBS
2022-09-28 07:00:00,15334.0,15601.0,14890.0,15579.0,843800,KBS
2022-09-29 07:00:00,15556.0,15556.0,14912.0,14912.0,335600,KBS
2022-09-30 07:00:00,14712.0,15712.0,14423.0,15712.0,1252700,KBS
2022-10-03 07:00:00,15690.0,15712.0,15223.0,15245.0,429400,KBS
2022-10-04 07:00:00,15267.0,15712.0,14934.0,15712.0,551000,KBS
2022-10-05 07:00:00,15512.0,15734.0,15356.0,15734.0,536000,KBS
2022-10-06 07:00:00,15712.0,15734.0,15423.0,15734.0,409000,KBS
2022-10-07 07:00:00,15445.0,15690.0,14890.0,15690.0,585100,KBS
2022-10-10 07:00:00,15223.0,15756.0,15223.0,15756.0,253000,KBS
2022-10-11 07:00:00,15579.0,15690.0,15156.0,15156.0,248600,KBS
2022-10-12 07:00:00,15245.0,15690.0,15156.0,15690.0,220400,KBS
2022-10-13 07:00:00,15401.0,15645.0,15401.0,15556.0,108000,KBS
2022-10-14 07:00:00,15601.0,15712.0,15556.0,15712.0,297600,KBS
2022-10-17 07:00:00,15712.0,15867.0,15379.0,15712.0,141400,KBS
2022-10-18 07:00:00,15734.0,15734.0,15623.0,15712.0,118400,KBS
2022-10-19 07:00:00,15579.0,15712.0,15445.0,15445.0,120800,KBS
2022-10-20 07:00:00,15356.0,15623.0,15356.0,15579.0,125400,KBS
2022-10-21 07:00:00,15556.0,15556.0,15112.0,15134.0,400000,KBS
2022-10-24 07:00:00,15134.0,15490.0,14467.0,15490.0,379100,KBS
2022-10-25 07:00:00,15156.0,15379.0,14667.0,15334.0,190300,KBS
2022-10-26 07:00:00,15334.0,15512.0,14890.0,15512.0,386000,KBS
2022-10-27 07:00:00,15067.0,15467.0,15023.0,15245.0,64700,KBS
2022-10-28 07:00:00,15201.0,15534.0,15201.0,15490.0,181200,KBS
2022-10-31 07:00:00,15490.0,15490.0,15267.0,15467.0,99400,KBS
2022-11-01 07:00:00,15445.0,15556.0,15290.0,15490.0,244100,KBS
2022-11-02 07:00:00,15490.0,15490.0,15290.0,15423.0,91600,KBS
2022-11-03 07:00:00,15267.0,15423.0,15267.0,15423.0,59900,KBS
2022-11-04 07:00:00,15267.0,15379.0,15112.0,15379.0,143300,KBS
2022-11-07 07:00:00,15356.0,15356.0,14867.0,14867.0,121700,KBS
2022-11-08 07:00:00,14934.0,15356.0,14756.0,15356.0,481600,KBS
2022-11-09 07:00:00,15067.0,15290.0,14912.0,14912.0,41400,KBS
2022-11-10 07:00:00,14934.0,15023.0,14134.0,14134.0,112600,KBS
2022-11-11 07:00:00,14178.0,15090.0,13778.0,15090.0,541400,KBS
2022-11-14 07:00:00,14645.0,14890.0,14090.0,14890.0,405900,KBS
2022-11-15 07:00:00,14267.0,14623.0,13867.0,14623.0,340300,KBS
2022-11-16 07:00:00,13778.0,14667.0,13645.0,14667.0,962000,KBS
2022-11-17 07:00:00,14667.0,14667.0,14134.0,14512.0,273400,KBS
2022-11-18 07:00:00,14223.0,14623.0,13867.0,14623.0,291300,KBS
2022-11-21 07:00:00,14623.0,14623.0,14001.0,14001.0,176400,KBS
2022-11-22 07:00:00,14045.0,14623.0,13801.0,14623.0,512600,KBS
2022-11-23 07:00:00,14112.0,14423.0,14112.0,14312.0,1074200,KBS
2022-11-24 07:00:00,14223.0,14223.0,13801.0,13801.0,187300,KBS
2022-11-25 07:00:00,13867.0,14312.0,13867.0,14312.0,823400,KBS
2022-11-28 07:00:00,14356.0,14401.0,13912.0,14312.0,618200,KBS
2022-11-29 07:00:00,14223.0,14267.0,13912.0,14267.0,314800,KBS
2022-11-30 07:00:00,14267.0,14267.0,14001.0,14023.0,93100,KBS
2022-12-01 07:00:00,14023.0,14201.0,14001.0,14201.0,181400,KBS
2022-12-02 07:00:00,14201.0,14245.0,13934.0,14245.0,176400,KBS
2022-12-05 07:00:00,14223.0,14290.0,14090.0,14090.0,149800,KBS
2022-12-06 07:00:00,14156.0,14890.0,13978.0,14578.0,1467100,KBS
2022-12-07 07:00:00,14490.0,14512.0,14134.0,14134.0,96700,KBS
2022-12-08 07:00:00,14156.0,14401.0,14001.0,14001.0,212000,KBS
2022-12-09 07:00:00,14112.0,14223.0,13334.0,14223.0,385000,KBS
2022-12-12 07:00:00,14267.0,14267.0,13734.0,13845.0,151700,KBS
2022-12-13 07:00:00,13845.0,13978.0,13556.0,13890.0,294900,KBS
2022-12-14 07:00:00,14001.0,14001.0,13778.0,13890.0,69000,KBS
2022-12-15 07:00:00,13890.0,13890.0,13334.0,13845.0,157800,KBS
2022-12-16 07:00:00,13690.0,13801.0,13467.0,13756.0,80900,KBS
2022-12-19 07:00:00,13778.0,13778.0,13378.0,13556.0,186900,KBS
2022-12-20 07:00:00,13334.0,13690.0,13067.0,13690.0,293700,KBS
2022-12-21 07:00:00,13201.0,13512.0,12890.0,13512.0,262200,KBS
2022-12-22 07:00:00,13490.0,13601.0,13223.0,13512.0,176600,KBS
2022-12-23 07:00:00,13356.0,13423.0,13201.0,13423.0,206400,KBS
2022-12-26 07:00:00,13401.0,13467.0,13045.0,13467.0,254200,KBS
2022-12-27 07:00:00,13178.0,13445.0,13067.0,13423.0,215000,KBS
2022-12-28 07:00:00,13201.0,13445.0,13201.0,13334.0,61600,KBS
2022-12-29 07:00:00,13378.0,13467.0,13156.0,13467.0,162800,KBS
2022-12-30 07:00:00,13467.0,13490.0,13245.0,13490.0,39300,KBS
2023-01-03 07:00:00,13356.0,13467.0,13134.0,13423.0,98000,KBS
2023-01-04 07:00:00,13334.0,13423.0,13290.0,13378.0,69400,KBS
2023-01-05 07:00:00,13334.0,13756.0,13245.0,13756.0,382400,KBS
2023-01-06 07:00:00,13734.0,13734.0,13490.0,13512.0,74600,KBS
2023-01-09 07:00:00,13401.0,13556.0,13401.0,13512.0,83300,KBS
2023-01-10 07:00:00,13423.0,13690.0,13378.0,13690.0,227000,KBS
2023-01-11 07:00:00,13512.0,13556.0,13423.0,13467.0,42300,KBS
2023-01-12 07:00:00,13467.0,13578.0,13378.0,13467.0,85000,KBS
2023-01-13 07:00:00,13445.0,13601.0,13445.0,13534.0,37200,KBS
2023-01-16 07:00:00,13467.0,13534.0,13334.0,13467.0,107000,KBS
2023-01-17 07:00:00,13334.0,13534.0,13334.0,13534.0,65600,KBS
2023-01-18 07:00:00,13556.0,13556.0,13401.0,13467.0,44800,KBS
2023-01-19 07:00:00,13490.0,13556.0,13356.0,13556.0,111900,KBS
2023-01-27 07:00:00,13556.0,13601.0,13401.0,13556.0,11800,KBS
2023-01-30 07:00:00,13467.0,13556.0,13423.0,13467.0,80900,KBS
2023-01-31 07:00:00,13467.0,13512.0,13334.0,13490.0,156600,KBS
2023-02-01 07:00:00,13490.0,13512.0,13334.0,13334.0,127800,KBS
2023-02-02 07:00:00,13334.0,13423.0,13201.0,13423.0,58600,KBS
2023-02-03 07:00:00,13423.0,13423.0,13312.0,13356.0,266400,KBS
2023-02-06 07:00:00,13378.0,13378.0,13134.0,13223.0,114800,KBS
2023-02-07 07:00:00,13223.0,13334.0,13067.0,13223.0,169000,KBS
2023-02-08 07:00:00,13045.0,13378.0,12890.0,13378.0,415400,KBS
2023-02-09 07:00:00,13334.0,13334.0,12890.0,12890.0,526500,KBS
2023-02-10 07:00:00,12890.0,13267.0,12890.0,13267.0,270200,KBS
2023-02-13 07:00:00,13290.0,13290.0,12890.0,13178.0,334000,KBS
2023-02-14 07:00:00,13245.0,13245.0,12912.0,13112.0,196900,KBS
2023-02-15 07:00:00,13156.0,13267.0,13001.0,13267.0,266400,KBS
2023-02-16 07:00:00,13267.0,13267.0,13090.0,13245.0,326400,KBS
2023-02-17 07:00:00,13245.0,13245.0,12978.0,13112.0,90200,KBS
2023-02-20 07:00:00,13112.0,13267.0,12934.0,13267.0,421800,KBS
2023-02-21 07:00:00,13245.0,14178.0,12978.0,14156.0,993700,KBS
2023-02-22 07:00:00,14156.0,14445.0,14090.0,14090.0,271500,KBS
2023-02-23 07:00:00,14090.0,14134.0,13534.0,13956.0,188200,KBS
2023-02-24 07:00:00,13778.0,13778.0,13556.0,13778.0,82300,KBS
2023-02-27 07:00:00,13601.0,13712.0,13312.0,13334.0,171900,KBS
2023-02-28 07:00:00,13334.0,13512.0,13134.0,13312.0,73800,KBS
2023-03-01 07:00:00,13112.0,13312.0,12934.0,13112.0,133000,KBS
2023-03-02 07:00:00,13112.0,13223.0,12912.0,12912.0,159600,KBS
2023-03-03 07:00:00,13090.0,13401.0,12890.0,13401.0,302200,KBS
2023-03-06 07:00:00,13378.0,13401.0,13134.0,13134.0,42700,KBS
2023-03-07 07:00:00,13312.0,13378.0,13112.0,13156.0,79000,KBS
2023-03-08 07:00:00,13156.0,13534.0,13134.0,13423.0,611200,KBS
2023-03-09 07:00:00,13512.0,13601.0,13312.0,13490.0,334500,KBS
2023-03-10 07:00:00,13312.0,13534.0,13245.0,13356.0,336900,KBS
2023-03-13 07:00:00,13290.0,13290.0,13112.0,13112.0,283300,KBS
2023-03-14 07:00:00,13090.0,13334.0,12890.0,13334.0,717500,KBS
2023-03-15 07:00:00,13290.0,13334.0,13201.0,13334.0,187000,KBS
2023-03-16 07:00:00,13312.0,13312.0,13023.0,13290.0,536200,KBS
2023-03-17 07:00:00,13223.0,13290.0,12912.0,13290.0,375900,KBS
2023-03-20 07:00:00,13201.0,13223.0,12890.0,13067.0,261700,KBS
2023-03-21 07:00:00,13156.0,13156.0,12934.0,12934.0,45100,KBS
2023-03-22 07:00:00,12934.0,13245.0,12801.0,13245.0,375700,KBS
2023-03-23 07:00:00,13090.0,13090.0,12845.0,12890.0,391000,KBS
2023-03-24 07:00:00,12867.0,12978.0,12801.0,12956.0,172400,KBS
2023-03-27 07:00:00,12934.0,12934.0,12801.0,12801.0,62500,KBS
2023-03-28 07:00:00,12801.0,12956.0,12756.0,12956.0,192200,KBS
2023-03-29 07:00:00,12801.0,12956.0,12801.0,12934.0,43800,KBS
2023-03-30 07:00:00,12890.0,12934.0,12801.0,12912.0,98000,KBS
2023-03-31 07:00:00,12890.0,13112.0,12734.0,13112.0,354500,KBS
2023-04-03 07:00:00,12912.0,13023.0,12890.0,12978.0,49500,KBS
2023-04-04 07:00:00,12956.0,13223.0,12890.0,13112.0,368300,KBS
2023-04-05 07:00:00,13112.0,13134.0,13001.0,13001.0,139100,KBS
2023-04-06 07:00:00,13001.0,13067.0,12912.0,13067.0,392700,KBS
2023-04-07 07:00:00,13067.0,13067.0,12823.0,12845.0,209800,KBS
2023-04-10 07:00:00,12845.0,12845.0,12645.0,12667.0,274000,KBS
2023-04-11 07:00:00,12690.0,12712.0,12578.0,12623.0,106000,KBS
2023-04-12 07:00:00,12712.0,12712.0,12578.0,12578.0,103000,KBS
2023-04-13 07:00:00,12578.0,12578.0,12467.0,12467.0,91400,KBS
2023-04-14 07:00:00,12489.0,12623.0,12445.0,12556.0,115400,KBS
2023-04-17 07:00:00,12467.0,12556.0,12401.0,12445.0,155400,KBS
2023-04-18 07:00:00,12445.0,12556.0,12156.0,12556.0,202100,KBS
2023-04-19 07:00:00,12423.0,12512.0,12356.0,12467.0,150600,KBS
2023-04-20 07:00:00,12467.0,12934.0,12423.0,12845.0,440800,KBS
2023-04-21 07:00:00,12801.0,12867.0,12645.0,12756.0,131300,KBS
2023-04-24 07:00:00,12623.0,12623.0,12445.0,12445.0,75200,KBS
2023-04-25 07:00:00,12445.0,12867.0,12401.0,12601.0,216900,KBS
2023-04-26 07:00:00,12645.0,12645.0,12423.0,12578.0,98100,KBS
2023-04-27 07:00:00,12534.0,12556.0,12445.0,12556.0,61200,KBS
2023-04-28 07:00:00,12467.0,12556.0,12378.0,12512.0,168300,KBS
2023-05-04 07:00:00,12512.0,12578.0,12423.0,12534.0,66500,KBS
2023-05-05 07:00:00,12401.0,12601.0,12356.0,12601.0,251800,KBS
2023-05-08 07:00:00,12578.0,12578.0,12445.0,12534.0,67600,KBS
2023-05-09 07:00:00,12467.0,12534.0,12312.0,12445.0,337200,KBS
2023-05-10 07:00:00,12445.0,12489.0,12312.0,12445.0,289000,KBS
2023-05-11 07:00:00,12401.0,12445.0,12312.0,12423.0,158700,KBS
2023-05-12 07:00:00,12423.0,12423.0,12312.0,12378.0,116200,KBS
2023-05-15 07:00:00,12378.0,12401.0,12023.0,12378.0,353600,KBS
2023-05-16 07:00:00,12378.0,12378.0,12134.0,12334.0,109600,KBS
2023-05-17 07:00:00,12178.0,12312.0,12178.0,12201.0,74500,KBS
2023-05-18 07:00:00,12201.0,12356.0,12112.0,12356.0,253300,KBS
2023-05-19 07:00:00,12334.0,12334.0,12156.0,12312.0,71200,KBS
2023-05-22 07:00:00,12223.0,12289.0,12089.0,12289.0,155100,KBS
2023-05-23 07:00:00,12267.0,12378.0,12134.0,12378.0,269500,KBS
2023-05-24 07:00:00,12245.0,12778.0,12223.0,12778.0,380200,KBS
2023-05-25 07:00:00,12623.0,12734.0,12356.0,12734.0,332300,KBS
2023-05-26 07:00:00,12601.0,12690.0,12423.0,12445.0,235500,KBS
2023-05-29 07:00:00,12445.0,12534.0,12401.0,12445.0,167800,KBS
2023-05-30 07:00:00,12445.0,12956.0,12378.0,12934.0,1399000,KBS
2023-05-31 07:00:00,13067.0,13312.0,12734.0,13045.0,1092500,KBS
2023-06-01 07:00:00,13067.0,13223.0,12978.0,12978.0,476800,KBS
2023-06-02 07:00:00,12978.0,13112.0,12890.0,12978.0,450000,KBS
2023-06-05 07:00:00,13067.0,13490.0,12978.0,13201.0,888800,KBS
2023-06-06 07:00:00,13334.0,13423.0,13178.0,13201.0,248100,KBS
2023-06-07 07:00:00,13245.0,13245.0,13045.0,13112.0,315800,KBS
2023-06-08 07:00:00,13067.0,13134.0,12667.0,12667.0,453000,KBS
2023-06-09 07:00:00,12712.0,12890.0,12667.0,12823.0,211500,KBS
2023-06-12 07:00:00,12801.0,12934.0,12801.0,12845.0,334400,KBS
2023-06-13 07:00:00,12867.0,13490.0,12867.0,13334.0,879000,KBS
2023-06-14 07:00:00,13556.0,14267.0,13556.0,14156.0,6126700,KBS
2023-06-15 07:00:00,14267.0,14890.0,14223.0,14467.0,2869000,KBS
2023-06-16 07:00:00,14623.0,14734.0,14267.0,14401.0,1560800,KBS
2023-06-19 07:00:00,14667.0,14890.0,14534.0,14756.0,1471200,KBS
2023-06-20 07:00:00,14756.0,15001.0,14667.0,14801.0,551300,KBS
2023-06-21 07:00:00,14979.0,15156.0,14490.0,14667.0,1602100,KBS
2023-06-22 07:00:00,14623.0,15023.0,14556.0,14845.0,1025800,KBS
2023-06-23 07:00:00,14956.0,15690.0,14890.0,15556.0,2886800,KBS
2023-06-26 07:00:00,15690.0,16090.0,15445.0,15934.0,1917300,KBS
2023-06-27 07:00:00,16001.0,16156.0,15512.0,15556.0,1084800,KBS
2023-06-28 07:00:00,15645.0,16223.0,15445.0,15667.0,2051900,KBS
2023-06-29 07:00:00,15779.0,15979.0,15556.0,15667.0,877500,KBS
2023-06-30 07:00:00,15867.0,15867.0,15579.0,15801.0,550400,KBS
2023-07-03 07:00:00,15845.0,15956.0,15601.0,15823.0,485600,KBS
2023-07-04 07:00:00,15845.0,16601.0,15734.0,16445.0,2732400,KBS
2023-07-05 07:00:00,16623.0,16979.0,16601.0,16979.0,2218400,KBS
2023-07-06 07:00:00,17001.0,17001.0,16156.0,16579.0,1657900,KBS
2023-07-07 07:00:00,16601.0,17112.0,16001.0,17112.0,2675500,KBS
2023-07-10 07:00:00,17156.0,17290.0,16845.0,17201.0,1445000,KBS
2023-07-11 07:00:00,17245.0,17245.0,16712.0,17001.0,1842700,KBS
2023-07-12 07:00:00,17023.0,17112.0,16401.0,16445.0,1600600,KBS
2023-07-13 07:00:00,16512.0,16623.0,16223.0,16467.0,796400,KBS
2023-07-14 07:00:00,16579.0,16579.0,16001.0,16112.0,1922600,KBS
2023-07-17 07:00:00,16112.0,16556.0,16112.0,16490.0,1762900,KBS
2023-07-18 07:00:00,16645.0,16645.0,15979.0,16112.0,1463300,KBS
2023-07-19 07:00:00,16223.0,16356.0,15890.0,16267.0,1820900,KBS
2023-07-20 07:00:00,16401.0,16401.0,15556.0,15956.0,2274800,KBS
2023-07-21 07:00:00,15867.0,16067.0,15667.0,15779.0,994500,KBS
2023-07-24 07:00:00,16023.0,16134.0,15779.0,16134.0,1966900,KBS
2023-07-25 07:00:00,16290.0,16445.0,16001.0,16179.0,2239400,KBS
2023-07-26 07:00:00,16312.0,16312.0,15756.0,15779.0,1897200,KBS
2023-07-27 07:00:00,15801.0,15912.0,15334.0,15401.0,1781300,KBS
2023-07-28 07:00:00,15534.0,15556.0,15223.0,15245.0,1075200,KBS
2023-07-31 07:00:00,15223.0,15534.0,15223.0,15334.0,785700,KBS
2023-08-01 07:00:00,15445.0,15467.0,14867.0,15045.0,1434900,KBS
2023-08-02 07:00:00,14934.0,15379.0,14845.0,15245.0,787200,KBS
2023-08-03 07:00:00,15245.0,15756.0,15134.0,15490.0,1214900,KBS
2023-08-04 07:00:00,15467.0,15823.0,15445.0,15712.0,1689500,KBS
2023-08-07 07:00:00,15956.0,16267.0,15801.0,16223.0,3342400,KBS
2023-08-08 07:00:00,16534.0,16534.0,16001.0,16223.0,3699600,KBS
2023-08-09 07:00:00,16401.0,16401.0,15801.0,16067.0,1794300,KBS
2023-08-10 07:00:00,16067.0,16067.0,15467.0,15645.0,2523400,KBS
2023-08-11 07:00:00,15734.0,15734.0,15245.0,15267.0,1505800,KBS
2023-08-14 07:00:00,15290.0,15623.0,15245.0,15623.0,1788800,KBS
2023-08-15 07:00:00,15623.0,15912.0,15579.0,15734.0,2011100,KBS
2023-08-16 07:00:00,15734.0,15734.0,15334.0,15334.0,1589300,KBS
2023-08-17 07:00:00,15334.0,15379.0,14756.0,14756.0,2298800,KBS
2023-08-18 07:00:00,14734.0,14756.0,13734.0,13734.0,2766000,KBS
2023-08-21 07:00:00,13636.0,14272.0,13636.0,14174.0,750100,KBS
2023-08-22 07:00:00,14223.0,14223.0,13587.0,14027.0,796000,KBS
2023-08-23 07:00:00,14174.0,14174.0,14003.0,14027.0,428000,KBS
2023-08-24 07:00:00,14052.0,14174.0,13929.0,14052.0,455000,KBS
2023-08-25 07:00:00,14149.0,14443.0,14003.0,14174.0,744000,KBS
2023-08-28 07:00:00,14320.0,14345.0,14052.0,14076.0,669600,KBS
2023-08-29 07:00:00,14174.0,14443.0,14052.0,14101.0,1118500,KBS
2023-08-30 07:00:00,14198.0,14711.0,14101.0,14565.0,1108000,KBS
2023-08-31 07:00:00,14736.0,15102.0,14663.0,15054.0,1167000,KBS
2023-09-05 07:00:00,15225.0,15420.0,15054.0,15151.0,1161900,KBS
2023-09-06 07:00:00,15151.0,15151.0,14858.0,14883.0,1122200,KBS
2023-09-07 07:00:00,14834.0,15396.0,14809.0,15396.0,1693300,KBS
2023-09-08 07:00:00,15494.0,16080.0,15322.0,15982.0,3748800,KBS
2023-09-11 07:00:00,16129.0,16129.0,15591.0,15591.0,1876900,KBS
2023-09-12 07:00:00,15665.0,15885.0,15445.0,15836.0,1120300,KBS
2023-09-13 07:00:00,16007.0,16373.0,15811.0,16227.0,2822100,KBS
2023-09-14 07:00:00,16129.0,16276.0,15689.0,15762.0,1353700,KBS
2023-09-15 07:00:00,16007.0,16007.0,15494.0,15640.0,798900,KBS
2023-09-18 07:00:00,15494.0,15860.0,14931.0,14956.0,1794800,KBS
2023-09-19 07:00:00,15151.0,15200.0,14663.0,15054.0,1327900,KBS
2023-09-20 07:00:00,15078.0,15542.0,15029.0,15420.0,1561200,KBS
2023-09-21 07:00:00,15445.0,15713.0,15151.0,15249.0,1793400,KBS
2023-09-22 07:00:00,14809.0,15078.0,14296.0,14638.0,1893100,KBS
2023-09-25 07:00:00,14443.0,14663.0,13636.0,13636.0,1963200,KBS
2023-09-26 07:00:00,13099.0,13856.0,13050.0,13147.0,1164800,KBS
2023-09-27 07:00:00,13147.0,13832.0,12463.0,13832.0,1736300,KBS
2023-09-28 07:00:00,13783.0,14272.0,13514.0,14003.0,1385400,KBS
2023-09-29 07:00:00,14125.0,14125.0,13636.0,14027.0,1203300,KBS
2023-10-02 07:00:00,14027.0,14320.0,13783.0,13783.0,1020800,KBS
2023-10-03 07:00:00,13734.0,13734.0,12879.0,13367.0,1324100,KBS
2023-10-04 07:00:00,13172.0,13490.0,13099.0,13416.0,696500,KBS
2023-10-05 07:00:00,13416.0,13538.0,12756.0,12756.0,950100,KBS
2023-10-06 07:00:00,12805.0,13147.0,12756.0,12952.0,645900,KBS
2023-10-09 07:00:00,13001.0,13343.0,13001.0,13123.0,707100,KBS
2023-10-10 07:00:00,13319.0,13612.0,13196.0,13319.0,975600,KBS
2023-10-11 07:00:00,13392.0,13416.0,13294.0,13392.0,408800,KBS
2023-10-12 07:00:00,13538.0,13710.0,13392.0,13514.0,734400,KBS
2023-10-13 07:00:00,13343.0,13514.0,13245.0,13490.0,557900,KBS
2023-10-16 07:00:00,13343.0,13465.0,13147.0,13147.0,580400,KBS
2023-10-17 07:00:00,13196.0,13367.0,12561.0,12561.0,575100,KBS
2023-10-18 07:00:00,12903.0,12903.0,11828.0,12708.0,1377400,KBS
2023-10-19 07:00:00,12659.0,12659.0,12219.0,12512.0,818100,KBS
2023-10-20 07:00:00,12512.0,12928.0,12219.0,12928.0,967100,KBS
2023-10-23 07:00:00,12830.0,12830.0,12414.0,12537.0,363000,KBS
2023-10-24 07:00:00,12683.0,12683.0,12414.0,12537.0,338900,KBS
2023-10-25 07:00:00,12659.0,12732.0,12463.0,12610.0,703200,KBS
2023-10-26 07:00:00,12390.0,12537.0,11730.0,11901.0,1429800,KBS
2023-10-27 07:00:00,11901.0,12170.0,11437.0,12170.0,1109000,KBS
2023-10-30 07:00:00,11852.0,12146.0,11730.0,12121.0,439500,KBS
2023-10-31 07:00:00,12072.0,12072.0,11486.0,11486.0,846900,KBS
2023-11-01 07:00:00,11364.0,11974.0,11192.0,11974.0,862100,KBS
2023-11-02 07:00:00,11926.0,12365.0,11779.0,12317.0,748700,KBS
2023-11-03 07:00:00,12219.0,12317.0,11974.0,12023.0,351200,KBS
2023-11-06 07:00:00,12023.0,12097.0,11852.0,11950.0,356700,KBS
2023-11-07 07:00:00,11926.0,12170.0,11828.0,11926.0,356100,KBS
2023-11-08 07:00:00,11926.0,12292.0,11877.0,12219.0,652000,KBS
2023-11-09 07:00:00,12292.0,13074.0,12243.0,13074.0,1815100,KBS
2023-11-10 07:00:00,13196.0,13587.0,13025.0,13025.0,1976900,KBS
2023-11-13 07:00:00,13050.0,13441.0,13050.0,13221.0,749900,KBS
2023-11-14 07:00:00,13294.0,13783.0,13294.0,13441.0,1866400,KBS
2023-11-15 07:00:00,13905.0,13905.0,13490.0,13538.0,880800,KBS
2023-11-16 07:00:00,13465.0,13832.0,13441.0,13612.0,1386800,KBS
2023-11-17 07:00:00,13685.0,13929.0,13490.0,13881.0,3489000,KBS
2023-11-20 07:00:00,13734.0,14492.0,13490.0,14296.0,2786800,KBS
2023-11-21 07:00:00,14516.0,14956.0,14369.0,14565.0,3346400,KBS
2023-11-22 07:00:00,14638.0,14809.0,14174.0,14540.0,1917800,KBS
2023-11-23 07:00:00,14540.0,14540.0,13538.0,13538.0,1041500,KBS
2023-11-24 07:00:00,13636.0,13636.0,12976.0,13416.0,1595300,KBS
2023-11-27 07:00:00,13465.0,13832.0,13465.0,13587.0,1613700,KBS
2023-11-28 07:00:00,13612.0,13734.0,13392.0,13661.0,672300,KBS
2023-11-29 07:00:00,13783.0,13783.0,13514.0,13612.0,663400,KBS
2023-11-30 07:00:00,13685.0,13783.0,13441.0,13441.0,525100,KBS
2023-12-01 07:00:00,13587.0,13685.0,13441.0,13538.0,434100,KBS
2023-12-04 07:00:00,13710.0,13954.0,13661.0,13929.0,1005300,KBS
2023-12-05 07:00:00,13954.0,14125.0,13905.0,13929.0,769300,KBS
2023-12-06 07:00:00,13929.0,14614.0,13881.0,14418.0,3686200,KBS
2023-12-07 07:00:00,14443.0,14711.0,14027.0,14418.0,1781500,KBS
2023-12-08 07:00:00,14418.0,14418.0,14174.0,14320.0,639500,KBS
2023-12-11 07:00:00,14320.0,14320.0,14076.0,14198.0,344900,KBS
2023-12-12 07:00:00,14174.0,14760.0,14174.0,14663.0,1592100,KBS
2023-12-13 07:00:00,14907.0,14956.0,14516.0,14516.0,2200600,KBS
2023-12-14 07:00:00,14663.0,14809.0,14223.0,14223.0,486100,KBS
2023-12-15 07:00:00,14198.0,14418.0,14125.0,14198.0,389400,KBS
2023-12-18 07:00:00,14174.0,14223.0,13978.0,14052.0,281000,KBS
2023-12-19 07:00:00,14027.0,14223.0,13978.0,14223.0,190600,KBS
2023-12-20 07:00:00,14223.0,14345.0,14174.0,14272.0,276100,KBS
2023-12-21 07:00:00,14272.0,14443.0,14174.0,14418.0,338400,KBS
2023-12-22 07:00:00,14467.0,14467.0,14223.0,14272.0,263300,KBS
2023-12-25 07:00:00,14394.0,14858.0,14320.0,14614.0,1044600,KBS
2023-12-26 07:00:00,14760.0,14760.0,14296.0,14296.0,1160700,KBS
2023-12-27 07:00:00,14516.0,14516.0,14076.0,14076.0,1789900,KBS
2023-12-28 07:00:00,14223.0,14369.0,14198.0,14198.0,336600,KBS
2023-12-29 07:00:00,14345.0,14369.0,14174.0,14174.0,221900,KBS
2024-01-02 07:00:00,14663.0,14663.0,14101.0,14101.0,532200,KBS
2024-01-03 07:00:00,14052.0,14247.0,14052.0,14174.0,547500,KBS
2024-01-04 07:00:00,14418.0,15151.0,14296.0,15127.0,4543000,KBS
2024-01-05 07:00:00,15322.0,15494.0,15078.0,15494.0,4227400,KBS
2024-01-08 07:00:00,15836.0,15885.0,15151.0,15518.0,4247600,KBS
2024-01-09 07:00:00,15567.0,15567.0,15176.0,15396.0,4099600,KBS
2024-01-10 07:00:00,15396.0,15885.0,15249.0,15396.0,5087400,KBS
2024-01-11 07:00:00,15396.0,15542.0,14907.0,14907.0,3384000,KBS
2024-01-12 07:00:00,14858.0,14858.0,14272.0,14320.0,3582200,KBS
2024-01-15 07:00:00,14516.0,14516.0,13929.0,13929.0,3000500,KBS
2024-01-16 07:00:00,13954.0,14052.0,13710.0,13856.0,3670900,KBS
2024-01-17 07:00:00,14794.0,14794.0,14686.0,14794.0,2011600,KBS
2024-01-18 07:00:00,14903.0,14939.0,14506.0,14578.0,2781800,KBS
2024-01-19 07:00:00,14578.0,15083.0,14542.0,14614.0,2410200,KBS
2024-01-22 07:00:00,14794.0,14867.0,14325.0,14614.0,2103600,KBS
2024-01-23 07:00:00,14650.0,14939.0,14397.0,14686.0,2965500,KBS
2024-01-24 07:00:00,14686.0,14794.0,14434.0,14506.0,2259200,KBS
2024-01-25 07:00:00,14614.0,14722.0,14397.0,14434.0,2882800,KBS
2024-01-26 07:00:00,14506.0,14506.0,14361.0,14361.0,1573500,KBS
2024-01-29 07:00:00,14506.0,14506.0,14289.0,14434.0,1255500,KBS
2024-01-30 07:00:00,14470.0,15011.0,14470.0,15011.0,4697400,KBS
2024-01-31 07:00:00,15083.0,15083.0,14722.0,14794.0,3162400,KBS
2024-02-01 07:00:00,14867.0,15696.0,14758.0,15660.0,5522100,KBS
2024-02-02 07:00:00,15733.0,16346.0,15552.0,15913.0,4355200,KBS
2024-02-05 07:00:00,15949.0,16346.0,15841.0,15949.0,4444400,KBS
2024-02-06 07:00:00,15985.0,16310.0,15769.0,16202.0,3859700,KBS
2024-02-07 07:00:00,16310.0,16382.0,16021.0,16057.0,3293800,KBS
2024-02-15 07:00:00,16093.0,16166.0,15660.0,15805.0,5390700,KBS
2024-02-16 07:00:00,15733.0,16382.0,15733.0,16202.0,4664200,KBS
2024-02-19 07:00:00,16238.0,16418.0,15913.0,15985.0,3133500,KBS
2024-02-20 07:00:00,16129.0,16526.0,15805.0,16526.0,6086900,KBS
2024-02-21 07:00:00,16526.0,16743.0,16202.0,16346.0,3981800,KBS
2024-02-22 07:00:00,16382.0,16490.0,16238.0,16274.0,2769400,KBS
2024-02-23 07:00:00,16382.0,16599.0,15877.0,15949.0,6419500,KBS
2024-02-26 07:00:00,15949.0,16382.0,15841.0,16310.0,3657800,KBS
2024-02-27 07:00:00,16382.0,16454.0,16202.0,16310.0,3229500,KBS
2024-02-28 07:00:00,16418.0,16815.0,16238.0,16490.0,6086900,KBS
2024-02-29 07:00:00,16635.0,16635.0,15913.0,16238.0,6974200,KBS
2024-03-01 07:00:00,16238.0,16526.0,16129.0,16454.0,3566500,KBS
2024-03-04 07:00:00,16526.0,16743.0,16274.0,16310.0,5196600,KBS
2024-03-05 07:00:00,16382.0,16382.0,16093.0,16238.0,4309200,KBS
2024-03-06 07:00:00,16382.0,16382.0,15877.0,15949.0,6072900,KBS
2024-03-07 07:00:00,15949.0,16093.0,15660.0,15841.0,6679400,KBS
2024-03-08 07:00:00,15949.0,15949.0,15516.0,15552.0,4695200,KBS
2024-03-11 07:00:00,15516.0,15696.0,15155.0,15300.0,3399200,KBS
2024-03-12 07:00:00,15300.0,15769.0,15227.0,15624.0,4275700,KBS
2024-03-13 07:00:00,15696.0,15949.0,15552.0,15913.0,4129000,KBS
2024-03-14 07:00:00,15949.0,16526.0,15841.0,16382.0,8168900,KBS
2024-03-15 07:00:00,16454.0,16490.0,15949.0,16021.0,4732700,KBS
2024-03-18 07:00:00,16021.0,16166.0,15155.0,15408.0,7212700,KBS
2024-03-19 07:00:00,15516.0,15985.0,15480.0,15733.0,3075700,KBS
2024-03-20 07:00:00,15949.0,15985.0,15733.0,15805.0,2004000,KBS
2024-03-21 07:00:00,16021.0,16202.0,15841.0,16021.0,3942100,KBS
2024-03-22 07:00:00,16166.0,16238.0,15949.0,15949.0,4853000,KBS
2024-03-25 07:00:00,16021.0,16202.0,15588.0,15769.0,4904000,KBS
2024-03-26 07:00:00,15841.0,15985.0,15660.0,15913.0,2787300,KBS
2024-03-27 07:00:00,15985.0,16995.0,15913.0,16995.0,13376000,KBS
2024-03-28 07:00:00,17176.0,17176.0,16815.0,16887.0,7350900,KBS
2024-03-29 07:00:00,16887.0,17140.0,16635.0,16707.0,6010200,KBS
2024-04-01 07:00:00,16743.0,16851.0,16346.0,16599.0,5220700,KBS
2024-04-02 07:00:00,16490.0,16779.0,16310.0,16707.0,4940200,KBS
2024-04-03 07:00:00,16779.0,17140.0,16454.0,16526.0,6599100,KBS
2024-04-04 07:00:00,16599.0,16599.0,16166.0,16526.0,5007400,KBS
2024-04-05 07:00:00,16310.0,16779.0,16166.0,16382.0,4860300,KBS
2024-04-08 07:00:00,16238.0,16382.0,15913.0,15913.0,3290800,KBS
2024-04-09 07:00:00,15949.0,16129.0,15660.0,15913.0,3687100,KBS
2024-04-10 07:00:00,15985.0,16093.0,15552.0,15552.0,3560800,KBS
2024-04-11 07:00:00,15336.0,15624.0,15300.0,15552.0,2662700,KBS
2024-04-12 07:00:00,15588.0,15949.0,15588.0,15949.0,2305800,KBS
2024-04-15 07:00:00,15949.0,15949.0,14867.0,14867.0,5155900,KBS
2024-04-16 07:00:00,14867.0,14939.0,14181.0,14578.0,4373400,KBS
2024-04-17 07:00:00,14758.0,14794.0,14434.0,14434.0,1995400,KBS
2024-04-19 07:00:00,14361.0,14542.0,13928.0,14001.0,3462600,KBS
2024-04-22 07:00:00,14217.0,14397.0,14181.0,14361.0,1322700,KBS
2024-04-23 07:00:00,14361.0,14397.0,14145.0,14253.0,1351100,KBS
2024-04-24 07:00:00,14506.0,14758.0,14434.0,14686.0,1803700,KBS
2024-04-25 07:00:00,14650.0,14686.0,14434.0,14506.0,1258800,KBS
2024-04-26 07:00:00,14397.0,15047.0,14325.0,14758.0,2673800,KBS
2024-05-02 07:00:00,14794.0,14794.0,14470.0,14542.0,1527700,KBS
2024-05-03 07:00:00,14650.0,14722.0,14434.0,14434.0,1727400,KBS
2024-05-06 07:00:00,14578.0,14975.0,14470.0,14939.0,2283700,KBS
2024-05-07 07:00:00,15011.0,15408.0,14830.0,15300.0,3061700,KBS
2024-05-08 07:00:00,15083.0,15660.0,15011.0,15372.0,3346700,KBS
2024-05-09 07:00:00,15372.0,15480.0,15083.0,15155.0,2696700,KBS
2024-05-10 07:00:00,15300.0,15372.0,14867.0,15047.0,2391700,KBS
2024-05-13 07:00:00,15119.0,15336.0,14975.0,15047.0,1851800,KBS
2024-05-14 07:00:00,15155.0,15227.0,15047.0,15119.0,1137300,KBS
2024-05-15 07:00:00,15155.0,15624.0,15083.0,15263.0,2991900,KBS
2024-05-16 07:00:00,15444.0,15444.0,15191.0,15263.0,2335700,KBS
2024-05-17 07:00:00,15300.0,15660.0,15227.0,15480.0,4159100,KBS
2024-05-20 07:00:00,15588.0,16526.0,15552.0,16166.0,6734400,KBS
2024-05-21 07:00:00,16093.0,16274.0,15805.0,15985.0,4497000,KBS
2024-05-22 07:00:00,16129.0,16346.0,15660.0,15733.0,5979900,KBS
2024-05-23 07:00:00,15733.0,16129.0,15624.0,15660.0,10662900,KBS
2024-05-24 07:00:00,15660.0,15805.0,14975.0,15372.0,7652200,KBS
2024-05-27 07:00:00,15372.0,15480.0,15047.0,15083.0,3701500,KBS
2024-05-28 07:00:00,15191.0,15372.0,15083.0,15300.0,3475400,KBS
2024-05-29 07:00:00,15408.0,15516.0,15119.0,15155.0,3882400,KBS
2024-05-30 07:00:00,14794.0,15480.0,14794.0,15336.0,21509400,KBS
2024-05-31 07:00:00,15588.0,16129.0,15480.0,15913.0,14588700,KBS
2024-06-03 07:00:00,16093.0,16129.0,15696.0,15733.0,11997700,KBS
2024-06-04 07:00:00,15841.0,16274.0,15696.0,15985.0,12246200,KBS
2024-06-05 07:00:00,16021.0,16202.0,15769.0,15769.0,7274400,KBS
2024-06-06 07:00:00,15841.0,16238.0,15624.0,16021.0,9918000,KBS
2024-06-07 07:00:00,16129.0,16743.0,15949.0,16382.0,15323200,KBS
2024-06-10 07:00:00,16887.0,17501.0,16671.0,17104.0,22633800,KBS
2024-06-11 07:00:00,17284.0,17284.0,16671.0,16851.0,10815800,KBS
2024-06-12 07:00:00,16851.0,16851.0,16526.0,16743.0,9627400,KBS
2024-06-13 07:00:00,16815.0,17068.0,16635.0,16707.0,7757100,KBS
2024-06-14 07:00:00,16851.0,17068.0,16021.0,16021.0,14526800,KBS
2024-06-17 07:00:00,16166.0,16562.0,16057.0,16238.0,8024700,KBS
2024-06-18 07:00:00,16382.0,16454.0,16166.0,16166.0,4861000,KBS
2024-06-19 07:00:00,16166.0,16382.0,16093.0,16238.0,6786400,KBS
2024-06-20 07:00:00,16274.0,16310.0,15877.0,15985.0,7958500,KBS
2024-06-21 07:00:00,16021.0,16418.0,15985.0,16093.0,5916200,KBS
2024-06-24 07:00:00,16166.0,16166.0,15155.0,15191.0,11554000,KBS
2024-06-25 07:00:00,15227.0,15985.0,15119.0,15696.0,6696500,KBS
2024-06-26 07:00:00,15696.0,15949.0,15372.0,15552.0,3514700,KBS
2024-06-27 07:00:00,15624.0,15660.0,15480.0,15552.0,2298200,KBS
2024-06-28 07:00:00,15552.0,15913.0,15263.0,15877.0,6911200,KBS
2024-07-01 07:00:00,15805.0,15841.0,15552.0,15733.0,2737600,KBS
2024-07-02 07:00:00,15841.0,16057.0,15733.0,15805.0,3371800,KBS
2024-07-03 07:00:00,15841.0,16129.0,15805.0,15805.0,3359300,KBS
2024-07-04 07:00:00,15841.0,15913.0,15696.0,15733.0,3929100,KBS
2024-07-05 07:00:00,15877.0,16202.0,15805.0,16021.0,7805100,KBS
2024-07-08 07:00:00,16238.0,16382.0,16021.0,16129.0,6158000,KBS
2024-07-09 07:00:00,16238.0,16274.0,16021.0,16093.0,5463200,KBS
2024-07-10 07:00:00,16129.0,16166.0,15733.0,15733.0,7401100,KBS
2024-07-11 07:00:00,15805.0,15949.0,15696.0,15696.0,4305800,KBS
2024-07-12 07:00:00,15733.0,15841.0,15552.0,15588.0,3396900,KBS
2024-07-15 07:00:00,15660.0,15733.0,15516.0,15516.0,2268500,KBS
2024-07-16 07:00:00,15624.0,15805.0,15516.0,15516.0,3304000,KBS
2024-07-17 07:00:00,15624.0,15696.0,14434.0,14650.0,9859700,KBS
2024-07-18 07:00:00,14794.0,15011.0,14578.0,14975.0,3526500,KBS
2024-07-19 07:00:00,14975.0,14975.0,14614.0,14650.0,3894000,KBS
2024-07-22 07:00:00,14614.0,14830.0,14289.0,14506.0,3949300,KBS
2024-07-23 07:00:00,14578.0,14686.0,14145.0,14145.0,3222200,KBS
2024-07-24 07:00:00,14001.0,14434.0,13892.0,14325.0,3265900,KBS
2024-07-25 07:00:00,14325.0,14397.0,14181.0,14361.0,1604700,KBS
2024-07-26 07:00:00,14361.0,14434.0,14289.0,14434.0,1049400,KBS
2024-07-29 07:00:00,14506.0,14614.0,14434.0,14434.0,1229700,KBS
2024-07-30 07:00:00,14434.0,14686.0,14361.0,14470.0,2023100,KBS
2024-07-31 07:00:00,14758.0,14758.0,14397.0,14434.0,1888200,KBS
2024-08-01 07:00:00,14506.0,14542.0,13568.0,13820.0,4996300,KBS
2024-08-02 07:00:00,13712.0,13928.0,13387.0,13928.0,3501300,KBS
2024-08-05 07:00:00,13568.0,13676.0,12954.0,12954.0,4022200,KBS
2024-08-06 07:00:00,13026.0,13207.0,12701.0,13098.0,3062600,KBS
2024-08-07 07:00:00,13171.0,13243.0,12882.0,13098.0,1767200,KBS
2024-08-08 07:00:00,12990.0,13351.0,12990.0,13135.0,2664300,KBS
2024-08-09 07:00:00,13207.0,13495.0,13207.0,13495.0,3243100,KBS
2024-08-12 07:00:00,13495.0,13712.0,13351.0,13676.0,3000100,KBS
2024-08-13 07:00:00,13712.0,13712.0,13243.0,13351.0,2880500,KBS
2024-08-14 07:00:00,13423.0,13459.0,13171.0,13207.0,1819800,KBS
2024-08-15 07:00:00,13243.0,13351.0,12990.0,13062.0,2273100,KBS
2024-08-16 07:00:00,13135.0,13712.0,13062.0,13604.0,5544200,KBS
2024-08-19 07:00:00,13676.0,13928.0,13676.0,13856.0,4535200,KBS
2024-08-20 07:00:00,13928.0,13928.0,13640.0,13856.0,7925500,KBS
2024-08-21 07:00:00,13856.0,14073.0,13784.0,13856.0,3210300,KBS
2024-08-22 07:00:00,13928.0,13928.0,13748.0,13820.0,3018000,KBS
2024-08-23 07:00:00,13820.0,13856.0,13604.0,13712.0,3524000,KBS
2024-08-26 07:00:00,13820.0,14001.0,13676.0,13712.0,3118600,KBS
2024-08-27 07:00:00,13676.0,13784.0,13568.0,13568.0,2546400,KBS
2024-08-28 07:00:00,13568.0,13604.0,13315.0,13351.0,4556400,KBS
2024-08-29 07:00:00,13351.0,13423.0,13243.0,13243.0,2165300,KBS
2024-08-30 07:00:00,13279.0,13423.0,13207.0,13351.0,1844300,KBS
2024-09-04 07:00:00,13243.0,13351.0,13171.0,13279.0,1616800,KBS
2024-09-05 07:00:00,13351.0,13495.0,13243.0,13315.0,2489500,KBS
2024-09-06 07:00:00,13387.0,13459.0,13315.0,13423.0,2304900,KBS
2024-09-09 07:00:00,13387.0,13423.0,13279.0,13351.0,2285800,KBS
2024-09-10 07:00:00,13387.0,13459.0,13062.0,13062.0,3124200,KBS
2024-09-11 07:00:00,13062.0,13140.0,12907.0,12946.0,1940100,KBS
2024-09-12 07:00:00,12985.0,13140.0,12946.0,13024.0,1530500,KBS
2024-09-13 07:00:00,12985.0,13140.0,12985.0,13024.0,873000,KBS
2024-09-16 07:00:00,13024.0,13140.0,12907.0,12907.0,1363100,KBS
2024-09-17 07:00:00,12869.0,13024.0,12830.0,13024.0,1442000,KBS
2024-09-18 07:00:00,13062.0,13411.0,12985.0,13295.0,2766200,KBS
2024-09-19 07:00:00,13295.0,13411.0,13256.0,13334.0,1138900,KBS
2024-09-20 07:00:00,13411.0,13527.0,13295.0,13372.0,2504000,KBS
2024-09-23 07:00:00,13450.0,13450.0,13256.0,13334.0,1395600,KBS
2024-09-24 07:00:00,13334.0,13411.0,13217.0,13411.0,1897000,KBS
2024-09-25 07:00:00,13527.0,13644.0,13372.0,13527.0,3034100,KBS
2024-09-26 07:00:00,13566.0,13721.0,13566.0,13644.0,2811100,KBS
2024-09-27 07:00:00,13760.0,13760.0,13489.0,13644.0,2747900,KBS
2024-09-30 07:00:00,13683.0,13760.0,13566.0,13760.0,3612700,KBS
2024-10-01 07:00:00,13721.0,13838.0,13644.0,13644.0,3158800,KBS
2024-10-02 07:00:00,13605.0,13721.0,13527.0,13527.0,1647200,KBS
2024-10-03 07:00:00,13527.0,13644.0,13256.0,13295.0,2159700,KBS
2024-10-04 07:00:00,13295.0,13334.0,13217.0,13256.0,1099600,KBS
2024-10-07 07:00:00,13295.0,13411.0,13217.0,13256.0,816600,KBS
2024-10-08 07:00:00,13295.0,13527.0,13217.0,13411.0,1141000,KBS
2024-10-09 07:00:00,13489.0,13566.0,13411.0,13489.0,1122300,KBS
2024-10-10 07:00:00,13527.0,13566.0,13372.0,13372.0,1056100,KBS
2024-10-11 07:00:00,13372.0,13721.0,13372.0,13644.0,3997400,KBS
2024-10-14 07:00:00,13760.0,13799.0,13527.0,13566.0,2474300,KBS
2024-10-15 07:00:00,13566.0,13644.0,13334.0,13334.0,1610300,KBS
2024-10-16 07:00:00,13334.0,13489.0,13256.0,13411.0,1309100,KBS
2024-10-17 07:00:00,13411.0,13489.0,13256.0,13411.0,1556600,KBS
2024-10-18 07:00:00,13411.0,13527.0,13334.0,13372.0,1091600,KBS
2024-10-21 07:00:00,13411.0,13411.0,13140.0,13140.0,2166300,KBS
2024-10-22 07:00:00,13062.0,13256.0,13024.0,13101.0,1111100,KBS
2024-10-23 07:00:00,13101.0,13140.0,13024.0,13062.0,1002100,KBS
2024-10-24 07:00:00,13101.0,13101.0,12869.0,12869.0,1136600,KBS
2024-10-25 07:00:00,12907.0,13024.0,12869.0,12907.0,858700,KBS
2024-10-28 07:00:00,12946.0,13024.0,12907.0,12985.0,711500,KBS
2024-10-29 07:00:00,13024.0,13295.0,12985.0,13179.0,1758300,KBS
2024-10-30 07:00:00,13217.0,13256.0,13062.0,13140.0,837100,KBS
2024-10-31 07:00:00,13179.0,13179.0,13024.0,13101.0,804200,KBS
2024-11-01 07:00:00,13101.0,13179.0,12946.0,12946.0,1054100,KBS
2024-11-04 07:00:00,12946.0,13062.0,12752.0,12946.0,1203900,KBS
2024-11-05 07:00:00,12907.0,13024.0,12869.0,12869.0,726200,KBS
2024-11-06 07:00:00,13024.0,13295.0,12907.0,13217.0,1848600,KBS
2024-11-07 07:00:00,13217.0,13334.0,13179.0,13256.0,1786600,KBS
2024-11-08 07:00:00,13295.0,13334.0,13101.0,13140.0,1615700,KBS
2024-11-11 07:00:00,13179.0,13683.0,13179.0,13566.0,10285700,KBS
2024-11-12 07:00:00,13721.0,13799.0,13372.0,13411.0,2844800,KBS
2024-11-13 07:00:00,13411.0,13566.0,13140.0,13295.0,5648700,KBS
2024-11-14 07:00:00,13372.0,14031.0,13256.0,13876.0,14992300,KBS
2024-11-15 07:00:00,13799.0,13993.0,13489.0,13527.0,6542500,KBS
2024-11-18 07:00:00,13527.0,13760.0,13334.0,13334.0,4801700,KBS
2024-11-19 07:00:00,13411.0,13644.0,12403.0,12442.0,9799600,KBS
2024-11-20 07:00:00,12403.0,12636.0,12016.0,12171.0,6662500,KBS
2024-11-21 07:00:00,12248.0,12442.0,12171.0,12326.0,2661000,KBS
2024-11-22 07:00:00,12326.0,12403.0,12093.0,12210.0,3477600,KBS
2024-11-25 07:00:00,12248.0,12442.0,12248.0,12365.0,2309500,KBS
2024-11-26 07:00:00,12403.0,12520.0,12365.0,12442.0,2743500,KBS
2024-11-27 07:00:00,12442.0,12597.0,12365.0,12442.0,2763700,KBS
2024-11-28 07:00:00,12481.0,12558.0,12365.0,12365.0,1391300,KBS
2024-11-29 07:00:00,12365.0,12520.0,12365.0,12403.0,2169000,KBS
2024-12-02 07:00:00,12481.0,12597.0,12403.0,12442.0,3400400,KBS
2024-12-03 07:00:00,12442.0,12752.0,12442.0,12481.0,2793200,KBS
2024-12-04 07:00:00,12558.0,12597.0,12132.0,12365.0,2838300,KBS
2024-12-05 07:00:00,12403.0,12636.0,12248.0,12558.0,3666700,KBS
2024-12-06 07:00:00,12636.0,12713.0,12520.0,12520.0,2604700,KBS
2024-12-09 07:00:00,12558.0,12675.0,12520.0,12597.0,2577000,KBS
2024-12-10 07:00:00,12597.0,12636.0,12365.0,12442.0,3735000,KBS
2024-12-11 07:00:00,12442.0,12520.0,12365.0,12365.0,2182600,KBS
2024-12-12 07:00:00,12403.0,12442.0,12326.0,12326.0,2057000,KBS
2024-12-13 07:00:00,12365.0,12365.0,12171.0,12248.0,2127300,KBS
2024-12-16 07:00:00,12287.0,12326.0,12171.0,12210.0,1631600,KBS
2024-12-17 07:00:00,12210.0,12287.0,12171.0,12210.0,1195200,KBS
2024-12-18 07:00:00,12248.0,12248.0,12132.0,12210.0,1967800,KBS
2024-12-19 07:00:00,12171.0,12171.0,11900.0,12016.0,5031800,KBS
2024-12-20 07:00:00,12055.0,12520.0,12055.0,12248.0,5241500,KBS
2024-12-23 07:00:00,12326.0,12403.0,12210.0,12287.0,2121500,KBS
2024-12-24 07:00:00,12287.0,12713.0,12171.0,12520.0,6764800,KBS
2024-12-25 07:00:00,12597.0,12636.0,12442.0,12558.0,5017400,KBS
2024-12-26 07:00:00,12558.0,12675.0,12558.0,12597.0,3333800,KBS
2024-12-27 07:00:00,12636.0,12675.0,12442.0,12558.0,3808500,KBS
2024-12-30 07:00:00,12520.0,12520.0,12365.0,12365.0,1740800,KBS
2024-12-31 07:00:00,12403.0,12403.0,12210.0,12326.0,2383500,KBS
2025-01-02 07:00:00,12326.0,12403.0,12248.0,12403.0,1076900,KBS
2025-01-03 07:00:00,12365.0,12442.0,12248.0,12248.0,2174500,KBS
2025-01-06 07:00:00,12248.0,12403.0,12055.0,12093.0,2487700,KBS
2025-01-07 07:00:00,12171.0,12248.0,12016.0,12093.0,1713500,KBS
2025-01-08 07:00:00,12093.0,12403.0,12093.0,12326.0,1415700,KBS
2025-01-09 07:00:00,12326.0,12442.0,12171.0,12326.0,1402900,KBS
2025-01-10 07:00:00,12365.0,12403.0,12132.0,12132.0,2256000,KBS
2025-01-13 07:00:00,12248.0,12287.0,11938.0,12132.0,1654300,KBS
2025-01-14 07:00:00,12210.0,12520.0,12171.0,12442.0,2867000,KBS
2025-01-15 07:00:00,12326.0,12869.0,12326.0,12791.0,5813600,KBS
2025-01-16 07:00:00,12869.0,13101.0,12713.0,12869.0,4806100,KBS
2025-01-17 07:00:00,13024.0,13140.0,12946.0,12985.0,3255400,KBS
2025-01-20 07:00:00,13024.0,13140.0,12869.0,13024.0,2785100,KBS
2025-01-21 07:00:00,13062.0,13295.0,12946.0,12946.0,2633300,KBS
2025-01-22 07:00:00,12946.0,13101.0,12946.0,12946.0,2451800,KBS
2025-01-23 07:00:00,13024.0,13179.0,12946.0,13179.0,2375600,KBS
2025-01-24 07:00:00,13101.0,13566.0,13101.0,13566.0,5092100,KBS
2025-02-03 07:00:00,13721.0,13799.0,13527.0,13605.0,5290100,KBS
2025-02-04 07:00:00,13644.0,13954.0,13605.0,13915.0,5207000,KBS
2025-02-05 07:00:00,13954.0,14148.0,13915.0,14070.0,5558400,KBS
2025-02-06 07:00:00,14070.0,14186.0,13993.0,14031.0,5558900,KBS
2025-02-07 07:00:00,14031.0,14109.0,13876.0,13993.0,4333500,KBS
2025-02-10 07:00:00,13954.0,13954.0,13566.0,13566.0,3657400,KBS
2025-02-11 07:00:00,13566.0,13799.0,13566.0,13721.0,3143700,KBS
2025-02-12 07:00:00,13721.0,14070.0,13721.0,13993.0,4703600,KBS
2025-02-13 07:00:00,14070.0,14535.0,13993.0,14380.0,5215300,KBS
2025-02-14 07:00:00,14419.0,14496.0,14303.0,14341.0,3056300,KBS
2025-02-17 07:00:00,14419.0,14535.0,14303.0,14341.0,3826900,KBS
2025-02-18 07:00:00,14341.0,14380.0,13838.0,13838.0,7710200,KBS
2025-02-19 07:00:00,13915.0,14031.0,13838.0,13954.0,2225300,KBS
2025-02-20 07:00:00,13954.0,14148.0,13954.0,14109.0,2161200,KBS
2025-02-21 07:00:00,14148.0,14186.0,13954.0,14109.0,2082100,KBS
2025-02-24 07:00:00,14109.0,14186.0,13876.0,13954.0,2534900,KBS
2025-02-25 07:00:00,13993.0,14225.0,13915.0,14225.0,2732700,KBS
2025-02-26 07:00:00,14225.0,14496.0,14225.0,14419.0,4114200,KBS
2025-02-27 07:00:00,14419.0,14458.0,14031.0,14303.0,2806700,KBS
2025-02-28 07:00:00,14225.0,14264.0,14109.0,14225.0,2243100,KBS
2025-03-03 07:00:00,14186.0,14535.0,14109.0,14341.0,2882300,KBS
2025-03-04 07:00:00,14148.0,14380.0,13993.0,14341.0,3753000,KBS
2025-03-05 07:00:00,14186.0,14458.0,14186.0,14186.0,2735600,KBS
2025-03-06 07:00:00,14186.0,14535.0,14186.0,14419.0,2509200,KBS
2025-03-07 07:00:00,14419.0,14807.0,14419.0,14613.0,3184000,KBS
2025-03-10 07:00:00,14729.0,14729.0,14341.0,14419.0,1712600,KBS
2025-03-11 07:00:00,14225.0,14303.0,14031.0,14109.0,2573800,KBS
2025-03-12 07:00:00,14148.0,14303.0,14109.0,14264.0,1785900,KBS
2025-03-13 07:00:00,14264.0,14303.0,13993.0,14186.0,2136000,KBS
2025-03-14 07:00:00,14070.0,14186.0,13721.0,13721.0,1821800,KBS
2025-03-17 07:00:00,13838.0,13838.0,13566.0,13605.0,1176500,KBS
2025-03-18 07:00:00,13644.0,13799.0,13644.0,13760.0,912000,KBS
2025-03-19 07:00:00,13760.0,13954.0,13683.0,13915.0,845400,KBS
2025-03-20 07:00:00,13954.0,13954.0,13644.0,13799.0,554900,KBS
2025-03-21 07:00:00,13683.0,13915.0,13683.0,13760.0,515200,KBS
2025-03-24 07:00:00,13721.0,13838.0,13450.0,13566.0,856400,KBS
2025-03-25 07:00:00,13644.0,13915.0,13566.0,13838.0,1015900,KBS
2025-03-26 07:00:00,13876.0,13993.0,13683.0,13683.0,691900,KBS
2025-03-27 07:00:00,13644.0,13760.0,13527.0,13566.0,556700,KBS
2025-03-28 07:00:00,13644.0,14031.0,13450.0,14031.0,1432000,KBS
2025-03-31 07:00:00,13876.0,13915.0,13644.0,13683.0,883900,KBS
2025-04-01 07:00:00,13799.0,13838.0,13644.0,13760.0,594000,KBS
2025-04-02 07:00:00,13605.0,13838.0,13605.0,13721.0,950200,KBS
2025-04-03 07:00:00,12791.0,13024.0,12791.0,12791.0,2469400,KBS
2025-04-04 07:00:00,11900.0,12636.0,11900.0,12481.0,4866200,KBS
2025-04-08 07:00:00,11628.0,11783.0,11628.0,11628.0,1095900,KBS
2025-04-09 07:00:00,10814.0,11008.0,10814.0,10814.0,4370500,KBS
2025-04-10 07:00:00,11551.0,11551.0,11551.0,11551.0,101300,KBS
2025-04-11 07:00:00,12016.0,12287.0,11357.0,12248.0,3233000,KBS
2025-04-14 07:00:00,12326.0,12520.0,12016.0,12520.0,1610700,KBS
2025-04-15 07:00:00,12326.0,12869.0,12132.0,12869.0,3028100,KBS
2025-04-16 07:00:00,12636.0,13256.0,12636.0,13024.0,2605100,KBS
2025-04-17 07:00:00,12830.0,13062.0,12326.0,13024.0,2958600,KBS
2025-04-18 07:00:00,13101.0,13799.0,12907.0,13683.0,5278900,KBS
2025-04-21 07:00:00,13644.0,14148.0,13527.0,14148.0,5033300,KBS
2025-04-22 07:00:00,14031.0,14186.0,13179.0,14186.0,4873900,KBS
2025-04-23 07:00:00,14225.0,14729.0,14186.0,14613.0,5006700,KBS
2025-04-24 07:00:00,14690.0,15504.0,14613.0,15465.0,7459600,KBS
2025-04-25 07:00:00,15388.0,15931.0,15117.0,15892.0,7144900,KBS
2025-04-28 07:00:00,15892.0,16279.0,15659.0,16241.0,6221700,KBS
2025-04-29 07:00:00,16202.0,17365.0,16163.0,17365.0,11877900,KBS
2025-05-05 07:00:00,17636.0,18566.0,17442.0,18566.0,6855100,KBS
2025-05-06 07:00:00,18954.0,18954.0,17714.0,17869.0,7926500,KBS
2025-05-07 07:00:00,17946.0,18218.0,17520.0,18140.0,5186900,KBS
2025-05-08 07:00:00,18024.0,18644.0,17752.0,17752.0,4857400,KBS
2025-05-09 07:00:00,17752.0,18450.0,17636.0,17907.0,4909500,KBS
2025-05-12 07:00:00,18062.0,18062.0,17404.0,17675.0,3842100,KBS
2025-05-13 07:00:00,17830.0,18605.0,17675.0,18334.0,6537100,KBS
2025-05-14 07:00:00,18528.0,18528.0,17055.0,17055.0,9811200,KBS
2025-05-15 07:00:00,16977.0,17442.0,16279.0,17210.0,5538100,KBS
2025-05-16 07:00:00,17055.0,17210.0,16473.0,16667.0,6242100,KBS
2025-05-19 07:00:00,16667.0,17248.0,16590.0,16667.0,5920800,KBS
2025-05-20 07:00:00,16822.0,17830.0,16628.0,17520.0,11391500,KBS
2025-05-21 07:00:00,17675.0,17985.0,17055.0,17830.0,9367900,KBS
2025-05-22 07:00:00,17985.0,18179.0,16745.0,17016.0,13008100,KBS
2025-05-23 07:00:00,16977.0,17636.0,16783.0,17055.0,5844300,KBS
2025-05-26 07:00:00,17365.0,18218.0,16745.0,17946.0,19006500,KBS
2025-05-27 07:00:00,18062.0,19187.0,17714.0,19109.0,13208800,KBS
2025-05-28 07:00:00,19497.0,19535.0,18140.0,18295.0,14793200,KBS
2025-05-29 07:00:00,18373.0,18411.0,17016.0,17016.0,22651900,KBS
2025-05-30 07:00:00,16822.0,17248.0,16008.0,16590.0,12940700,KBS
2025-06-02 07:00:00,17317.0,17463.0,16687.0,17463.0,6560000,KBS
2025-06-03 07:00:00,17511.0,17511.0,17026.0,17511.0,7516600,KBS
2025-06-04 07:00:00,17463.0,17511.0,17172.0,17463.0,5818500,KBS
2025-06-05 07:00:00,17463.0,17463.0,16929.0,16929.0,9444900,KBS
2025-06-06 07:00:00,16929.0,17269.0,16832.0,17123.0,4282300,KBS
2025-06-09 07:00:00,17172.0,17172.0,16347.0,16493.0,6069700,KBS
2025-06-10 07:00:00,16347.0,16638.0,16299.0,16347.0,4405300,KBS
2025-06-11 07:00:00,16590.0,16590.0,16201.0,16250.0,6122800,KBS
2025-06-12 07:00:00,16250.0,16600.0,16150.0,16250.0,4236100,KBS
2025-06-13 07:00:00,16250.0,16650.0,16050.0,16400.0,9054100,KBS
2025-06-16 07:00:00,16500.0,17300.0,16500.0,16750.0,8201700,KBS
2025-06-17 07:00:00,16850.0,16850.0,16350.0,16500.0,6304200,KBS
2025-06-18 07:00:00,16650.0,16850.0,16550.0,16550.0,8884700,KBS
2025-06-19 07:00:00,16700.0,16800.0,16250.0,16250.0,6300200,KBS
2025-06-20 07:00:00,16300.0,16600.0,16000.0,16250.0,11159200,KBS
2025-06-23 07:00:00,16400.0,16650.0,16200.0,16200.0,6067800,KBS
2025-06-24 07:00:00,16300.0,16350.0,16050.0,16050.0,6652100,KBS
2025-06-25 07:00:00,16100.0,16150.0,15850.0,15850.0,6069500,KBS
2025-06-26 07:00:00,15900.0,15950.0,15450.0,15800.0,8505400,KBS
2025-06-27 07:00:00,15900.0,15950.0,15600.0,15600.0,2974000,KBS
2025-06-30 07:00:00,15650.0,16250.0,15650.0,16050.0,5482600,KBS
2025-07-01 07:00:00,16150.0,16150.0,15750.0,15750.0,4160700,KBS
2025-07-02 07:00:00,15800.0,16100.0,15650.0,15900.0,9068100,KBS
2025-07-03 07:00:00,15900.0,17000.0,15800.0,17000.0,24826500,KBS
2025-07-04 07:00:00,17400.0,17400.0,16800.0,16800.0,8677100,KBS
2025-07-07 07:00:00,16900.0,17050.0,16400.0,16550.0,17822100,KBS
2025-07-08 07:00:00,16800.0,17250.0,16550.0,16900.0,17157900,KBS
2025-07-09 07:00:00,17150.0,17200.0,16600.0,16700.0,13252500,KBS
2025-07-10 07:00:00,16850.0,17800.0,16600.0,17300.0,22627100,KBS
2025-07-11 07:00:00,17450.0,17450.0,16950.0,17000.0,9332700,KBS
2025-07-14 07:00:00,17100.0,17250.0,16700.0,16900.0,10813200,KBS
2025-07-15 07:00:00,17100.0,17350.0,16850.0,16850.0,18625800,KBS
2025-07-16 07:00:00,16750.0,17700.0,16750.0,17200.0,19081500,KBS
2025-07-17 07:00:00,17250.0,17650.0,17000.0,17200.0,15744900,KBS
2025-07-18 07:00:00,17250.0,18200.0,17000.0,17950.0,31194000,KBS
2025-07-21 07:00:00,18650.0,18950.0,18100.0,18150.0,19000500,KBS
2025-07-22 07:00:00,18000.0,19400.0,17750.0,19400.0,33601100,KBS
2025-07-23 07:00:00,20200.0,20600.0,19650.0,20050.0,32292900,KBS
2025-07-24 07:00:00,20250.0,21450.0,19950.0,21450.0,36772700,KBS
2025-07-25 07:00:00,22200.0,22950.0,21900.0,22950.0,35739100,KBS
2025-07-28 07:00:00,24050.0,24550.0,24000.0,24550.0,7208200,KBS
2025-07-29 07:00:00,26250.0,26250.0,22850.0,22850.0,71817600,KBS
2025-07-30 07:00:00,23200.0,24400.0,22550.0,24400.0,41571000,KBS
2025-07-31 07:00:00,25250.0,26100.0,24350.0,26100.0,34591300,KBS
2025-08-01 07:00:00,26150.0,27900.0,24850.0,25750.0,39795100,KBS
2025-08-04 07:00:00,25200.0,26550.0,25100.0,26300.0,20834400,KBS
2025-08-05 07:00:00,27000.0,27000.0,24500.0,24600.0,41135400,KBS
2025-08-06 07:00:00,25000.0,25500.0,24300.0,25350.0,17297300,KBS
2025-08-07 07:00:00,26000.0,26150.0,24950.0,25950.0,20257000,KBS
2025-08-08 07:00:00,25950.0,26250.0,24950.0,25100.0,12290000,KBS
2025-08-11 07:00:00,25300.0,26300.0,25200.0,25900.0,16082100,KBS
2025-08-12 07:00:00,26050.0,27700.0,26050.0,27700.0,24610800,KBS
2025-08-13 07:00:00,29200.0,29600.0,28300.0,29600.0,26875500,KBS
2025-08-14 07:00:00,31650.0,31650.0,31650.0,31650.0,3370500,KBS
2025-08-15 07:00:00,33850.0,33850.0,33000.0,33850.0,27930100,KBS
2025-08-18 07:00:00,35000.0,36200.0,33900.0,36200.0,12017100,KBS
2025-08-19 07:00:00,37500.0,38650.0,34000.0,35000.0,22916400,KBS
2025-08-20 07:00:00,34350.0,36050.0,32600.0,35100.0,22647800,KBS
2025-08-21 07:00:00,36000.0,36000.0,33750.0,34100.0,9914300,KBS
2025-08-22 07:00:00,33300.0,33500.0,31750.0,31750.0,19093700,KBS
2025-08-25 07:00:00,32100.0,32400.0,29550.0,29550.0,17427500,KBS
2025-08-26 07:00:00,29500.0,31500.0,29150.0,31300.0,11946500,KBS
2025-08-27 07:00:00,32000.0,32200.0,30150.0,31850.0,12826600,KBS
2025-08-28 07:00:00,31900.0,32150.0,31000.0,31150.0,8315300,KBS
2025-08-29 07:00:00,31250.0,31800.0,30000.0,30000.0,11183500,KBS
2025-09-03 07:00:00,29950.0,32100.0,29700.0,32100.0,6601900,KBS
2025-09-04 07:00:00,34300.0,34300.0,32350.0,32800.0,13214700,KBS
2025-09-05 07:00:00,32950.0,33050.0,31000.0,31000.0,14818500,KBS
2025-09-08 07:00:00,30600.0,30800.0,28850.0,28850.0,12304200,KBS
2025-09-09 07:00:00,28000.0,29000.0,27700.0,29000.0,8364400,KBS
2025-09-10 07:00:00,29200.0,30900.0,28050.0,30500.0,9707600,KBS
2025-09-11 07:00:00,30600.0,30600.0,28600.0,29900.0,8148000,KBS
2025-09-12 07:00:00,30450.0,30800.0,29750.0,30300.0,7908200,KBS
2025-09-15 07:00:00,30300.0,31800.0,29900.0,31600.0,11227900,KBS
2025-09-16 07:00:00,32250.0,32250.0,30200.0,30200.0,8934500,KBS
2025-09-17 07:00:00,29950.0,30450.0,29200.0,29200.0,4994700,KBS
2025-09-18 07:00:00,29500.0,29650.0,29050.0,29450.0,5269100,KBS
2025-09-19 07:00:00,29800.0,30400.0,29500.0,30000.0,5415600,KBS
2025-09-22 07:00:00,30300.0,30300.0,28000.0,29300.0,8207500,KBS
2025-09-23 07:00:00,29050.0,29900.0,28750.0,29400.0,5195300,KBS
2025-09-24 07:00:00,29200.0,30050.0,28750.0,30050.0,7047300,KBS
2025-09-25 07:00:00,30350.0,32150.0,30100.0,32150.0,22903000,KBS
2025-09-26 07:00:00,32600.0,33150.0,30900.0,30900.0,13200900,KBS
2025-09-29 07:00:00,31000.0,32450.0,30300.0,30350.0,13500800,KBS
2025-09-30 07:00:00,30600.0,30750.0,28700.0,29500.0,15548700,KBS
2025-10-01 07:00:00,29800.0,29800.0,29300.0,29450.0,7753900,KBS
2025-10-02 07:00:00,29750.0,29750.0,28000.0,28050.0,14053100,KBS
2025-10-03 07:00:00,27650.0,28500.0,27350.0,27800.0,8272400,KBS
2025-10-06 07:00:00,27900.0,29250.0,27850.0,29000.0,5956700,KBS
2025-10-07 07:00:00,29200.0,29200.0,27950.0,27950.0,9163700,KBS
2025-10-08 07:00:00,28500.0,28500.0,26750.0,26900.0,16826500,KBS
2025-10-09 07:00:00,26650.0,27700.0,26650.0,26850.0,10767900,KBS
2025-10-10 07:00:00,27300.0,28200.0,27150.0,27300.0,7375000,KBS
2025-10-13 07:00:00,26800.0,28200.0,26800.0,28050.0,9840900,KBS
2025-10-14 07:00:00,28250.0,28950.0,27550.0,27800.0,13840200,KBS
2025-10-15 07:00:00,28200.0,29400.0,28150.0,28250.0,13215400,KBS
2025-10-16 07:00:00,28400.0,28650.0,27500.0,27500.0,10097500,KBS
2025-10-17 07:00:00,27500.0,27900.0,27000.0,27000.0,10235600,KBS
2025-10-20 07:00:00,27000.0,27200.0,25150.0,25150.0,12337500,KBS
2025-10-21 07:00:00,24500.0,25150.0,23400.0,23800.0,11896000,KBS
2025-10-22 07:00:00,24200.0,24300.0,23000.0,24000.0,6230400,KBS
2025-10-23 07:00:00,24450.0,25650.0,24000.0,25650.0,10632100,KBS
2025-10-24 07:00:00,25800.0,26000.0,24550.0,25000.0,11084900,KBS
2025-10-27 07:00:00,25500.0,25900.0,23550.0,23550.0,10928800,KBS
2025-10-28 07:00:00,23400.0,24900.0,22600.0,24900.0,12670100,KBS
2025-10-29 07:00:00,25100.0,26100.0,24750.0,25000.0,12679300,KBS
2025-10-30 07:00:00,25300.0,25300.0,24100.0,24550.0,7796200,KBS
2025-10-31 07:00:00,24550.0,24600.0,23150.0,23200.0,11961000,KBS
2025-11-03 07:00:00,23300.0,23400.0,21600.0,21600.0,14102300,KBS
2025-11-04 07:00:00,21450.0,22950.0,20300.0,22950.0,17069100,KBS
2025-11-05 07:00:00,22950.0,22950.0,21600.0,21600.0,7193800,KBS
2025-11-06 07:00:00,21950.0,22400.0,21550.0,22000.0,8003300,KBS
2025-11-07 07:00:00,22200.0,22450.0,20800.0,20800.0,10638500,KBS
2025-11-10 07:00:00,20300.0,21250.0,20050.0,20550.0,10535300,KBS
2025-11-11 07:00:00,20950.0,21000.0,19950.0,20150.0,8809000,KBS
2025-11-12 07:00:00,20700.0,21550.0,20500.0,21550.0,13336400,KBS
2025-11-13 07:00:00,22250.0,22750.0,21700.0,22000.0,14528500,KBS
2025-11-14 07:00:00,21900.0,22650.0,21800.0,22250.0,10927200,KBS
2025-11-17 07:00:00,22550.0,23000.0,22100.0,22750.0,8599600,KBS
2025-11-18 07:00:00,22750.0,23650.0,22700.0,23050.0,14232800,KBS
2025-11-19 07:00:00,23200.0,23300.0,22050.0,22400.0,9620500,KBS
2025-11-20 07:00:00,22300.0,22800.0,21900.0,22350.0,7203100,KBS
2025-11-21 07:00:00,22050.0,22500.0,21650.0,22300.0,8469700,KBS
2025-11-24 07:00:00,22400.0,22750.0,22250.0,22250.0,4733700,KBS
2025-11-25 07:00:00,22350.0,22400.0,21350.0,21650.0,7736100,KBS
2025-11-26 07:00:00,22100.0,23150.0,21000.0,23150.0,14369800,KBS
2025-11-27 07:00:00,23200.0,23300.0,22550.0,22650.0,7516900,KBS
2025-11-28 07:00:00,22800.0,23300.0,22000.0,22000.0,14751500,KBS
2025-12-01 07:00:00,22400.0,22800.0,22050.0,22100.0,6175100,KBS
2025-12-02 07:00:00,22300.0,22300.0,21450.0,22000.0,8466700,KBS
2025-12-03 07:00:00,22150.0,22900.0,22050.0,22650.0,8468900,KBS
2025-12-04 07:00:00,22950.0,23750.0,22800.0,23100.0,17615600,KBS
2025-12-05 07:00:00,23300.0,23350.0,22550.0,22600.0,8738900,KBS
2025-12-08 07:00:00,22650.0,22650.0,21950.0,21950.0,8102100,KBS
2025-12-09 07:00:00,22100.0,22200.0,21400.0,21600.0,10588500,KBS
2025-12-10 07:00:00,21950.0,21950.0,21100.0,21250.0,6171300,KBS
2025-12-11 07:00:00,21150.0,21600.0,21150.0,21200.0,4414800,KBS
2025-12-12 07:00:00,21450.0,21450.0,19750.0,19750.0,14936200,KBS
2025-12-15 07:00:00,19700.0,20050.0,19500.0,19600.0,4952100,KBS
2025-12-16 07:00:00,19650.0,20600.0,19100.0,20350.0,6123200,KBS
2025-12-17 07:00:00,20350.0,20450.0,20000.0,20000.0,2798100,KBS
2025-12-18 07:00:00,20200.0,20450.0,19950.0,20100.0,2810100,KBS
2025-12-19 07:00:00,20300.0,20450.0,20000.0,20000.0,4302000,KBS
2025-12-22 07:00:00,20150.0,20950.0,20150.0,20800.0,5450000,KBS
2025-12-23 07:00:00,20850.0,21500.0,20700.0,20800.0,6543700,KBS
2025-12-24 07:00:00,20750.0,21200.0,20550.0,20800.0,4043700,KBS
2025-12-25 07:00:00,21000.0,21500.0,20600.0,20600.0,6165700,KBS
2025-12-26 07:00:00,20550.0,20700.0,19750.0,20150.0,7047700,KBS
2025-12-29 07:00:00,20200.0,20600.0,20150.0,20300.0,3223000,KBS
2025-12-30 07:00:00,20300.0,20550.0,20250.0,20250.0,3171900,KBS
2025-12-31 07:00:00,20350.0,20450.0,19900.0,19950.0,4873800,KBS
2026-01-05 07:00:00,20050.0,20100.0,19000.0,19600.0,7095600,KBS
2026-01-06 07:00:00,19500.0,20000.0,19100.0,19700.0,4849800,KBS
2026-01-07 07:00:00,19950.0,20550.0,19850.0,20550.0,8305800,KBS
2026-01-08 07:00:00,20800.0,21000.0,20450.0,20600.0,8007700,KBS
2026-01-09 07:00:00,20650.0,20700.0,19650.0,19750.0,8290000,KBS
2026-01-12 07:00:00,19700.0,20700.0,19200.0,20550.0,9266800,KBS
2026-01-13 07:00:00,20750.0,21950.0,20550.0,21950.0,20615400,KBS
2026-01-14 07:00:00,22200.0,22900.0,21650.0,22250.0,14084700,KBS
2026-01-15 07:00:00,22050.0,22550.0,21600.0,21950.0,9932700,KBS
2026-01-16 07:00:00,22050.0,22450.0,21750.0,21750.0,8876400,KBS
2026-01-19 07:00:00,21550.0,22350.0,21500.0,21800.0,5828200,KBS
2026-01-20 07:00:00,22050.0,23300.0,21950.0,23300.0,18937700,KBS
2026-01-21 07:00:00,23400.0,24000.0,22500.0,22500.0,16271000,KBS
2026-01-22 07:00:00,22800.0,23400.0,22300.0,22550.0,8567000,KBS
2026-01-23 07:00:00,22700.0,22850.0,21500.0,21850.0,9390200,KBS
2026-01-26 07:00:00,21850.0,21850.0,20350.0,20350.0,12339600,KBS
2026-01-27 07:00:00,20400.0,20650.0,19950.0,20000.0,5417100,KBS
2026-01-28 07:00:00,20150.0,20500.0,19850.0,20100.0,5254500,KBS
2026-01-29 07:00:00,20100.0,20750.0,20100.0,20550.0,4542400,KBS
2026-01-30 07:00:00,20700.0,21050.0,20550.0,20600.0,5121600,KBS
2026-02-02 07:00:00,20800.0,21500.0,20600.0,21350.0,9045600,KBS
2026-02-03 07:00:00,21600.0,22400.0,21600.0,22200.0,10574400,KBS
2026-02-04 07:00:00,22400.0,23000.0,21900.0,22100.0,9321200,KBS
2026-02-05 07:00:00,22300.0,22450.0,21600.0,21600.0,5738300,KBS
2026-02-06 07:00:00,21150.0,22950.0,21050.0,22300.0,14183000,KBS
2026-02-09 07:00:00,22750.0,22800.0,21700.0,22350.0,6730200,KBS
2026-02-10 07:00:00,22500.0,22800.0,21900.0,22650.0,10856900,KBS
2026-02-11 07:00:00,22750.0,23800.0,22750.0,23500.0,18049900,KBS
2026-02-12 07:00:00,23300.0,24450.0,23300.0,24300.0,15596000,KBS
2026-02-13 07:00:00,24300.0,25650.0,23900.0,24800.0,16338000,KBS
2026-02-23 07:00:00,25000.0,26100.0,24300.0,25950.0,16120100,KBS
2026-02-24 07:00:00,25950.0,25950.0,24850.0,24900.0,12557900,KBS
2026-02-25 07:00:00,24900.0,25500.0,24600.0,24700.0,9058800,KBS
2026-02-26 07:00:00,24700.0,25750.0,24450.0,25100.0,10353700,KBS
2026-02-27 07:00:00,25250.0,26300.0,24950.0,25900.0,12120400,KBS
2026-03-02 07:00:00,26900.0,27700.0,26500.0,27100.0,25845600,KBS
2026-03-03 07:00:00,27450.0,27900.0,26300.0,27500.0,15578300,KBS
2026-03-04 07:00:00,26900.0,27350.0,25600.0,25600.0,21334200,KBS
2026-03-05 07:00:00,25600.0,26100.0,24600.0,25700.0,9097000,KBS
2026-03-06 07:00:00,25250.0,25550.0,23950.0,24350.0,14331200,KBS
2026-03-09 07:00:00,22650.0,23000.0,22650.0,22650.0,5121500,KBS
2026-03-10 07:00:00,22300.0,23200.0,21500.0,21850.0,9260600,KBS
2026-03-11 07:00:00,21700.0,23350.0,21700.0,23350.0,5347300,KBS
2026-03-12 07:00:00,23350.0,24350.0,23200.0,24200.0,5408300,KBS
2026-03-13 07:00:00,23800.0,25300.0,23800.0,24800.0,9552400,KBS
2026-03-16 07:00:00,24900.0,25950.0,24400.0,25300.0,8661100,KBS
2026-03-17 07:00:00,25300.0,25900.0,25050.0,25100.0,5253800,KBS
2026-03-18 07:00:00,25300.0,26150.0,24900.0,25800.0,9372100,KBS
2026-03-19 07:00:00,25400.0,25850.0,25150.0,25750.0,4893500,KBS
2026-03-20 07:00:00,25750.0,26250.0,25250.0,25250.0,4681400,KBS
2026-03-23 07:00:00,25000.0,25000.0,23500.0,23500.0,3751400,KBS
2026-03-24 07:00:00,23350.0,23800.0,22450.0,23500.0,6588400,KBS
2026-03-25 07:00:00,23550.0,24150.0,23450.0,23950.0,4166400,KBS
2026-03-26 07:00:00,24100.0,24100.0,23550.0,23600.0,3119500,KBS
2026-03-27 07:00:00,23500.0,23950.0,23350.0,23750.0,3753900,KBS
2026-03-30 07:00:00,23000.0,23600.0,22850.0,23300.0,3156200,KBS
2026-03-31 07:00:00,23550.0,23950.0,23400.0,23700.0,2640700,KBS
2026-04-01 07:00:00,24150.0,24600.0,23700.0,24250.0,5369500,KBS
2026-04-02 07:00:00,24000.0,24900.0,24000.0,24300.0,4967000,KBS
2026-04-03 07:00:00,24300.0,24500.0,23750.0,23800.0,3907600,KBS
2026-04-06 07:00:00,23700.0,24300.0,23450.0,23550.0,4102000,KBS
2026-04-07 07:00:00,24000.0,24600.0,23550.0,24600.0,8376400,KBS
2026-04-08 07:00:00,25700.0,25700.0,25100.0,25400.0,7899000,KBS
2026-04-09 07:00:00,25200.0,25200.0,24650.0,24900.0,5950100,KBS
2026-04-10 07:00:00,25200.0,25700.0,24750.0,25000.0,8412400,KBS
2026-04-13 07:00:00,25000.0,25400.0,24850.0,25100.0,5244900,KBS
2026-04-14 07:00:00,25500.0,25650.0,24700.0,24800.0,7001200,KBS
2026-04-15 07:00:00,24850.0,25000.0,24300.0,24300.0,6993100,KBS
2026-04-16 07:00:00,24300.0,24600.0,23100.0,23800.0,9699500,KBS
2026-04-17 07:00:00,23950.0,23950.0,23400.0,23450.0,4773900,KBS
2026-04-20 07:00:00,23500.0,24000.0,23250.0,23450.0,3432200,KBS
2026-04-21 07:00:00,23500.0,23950.0,23400.0,23450.0,3269000,KBS
2026-04-22 07:00:00,23600.0,23600.0,23000.0,23050.0,4983600,KBS
2026-04-23 07:00:00,23100.0,23200.0,21600.0,22100.0,10788400,KBS
2026-04-24 07:00:00,22200.0,22500.0,22000.0,22200.0,2859500,KBS
2026-04-28 07:00:00,22200.0,22600.0,21550.0,21650.0,4050500,KBS
2026-04-29 07:00:00,21600.0,21850.0,21300.0,21350.0,6358800,KBS
2026-05-04 07:00:00,21350.0,22250.0,21300.0,21600.0,3939300,KBS
2026-05-05 07:00:00,21600.0,21950.0,21300.0,21450.0,4237700,KBS
2026-05-06 07:00:00,21500.0,22200.0,21450.0,21900.0,4403000,KBS
2026-05-07 07:00:00,22150.0,23000.0,22050.0,22050.0,6303600,KBS
2026-05-08 07:00:00,22100.0,22950.0,21700.0,22100.0,6242700,KBS
2026-05-11 07:00:00,22500.0,22950.0,22250.0,22600.0,8009400,KBS
2026-05-12 07:00:00,22750.0,22750.0,21950.0,22050.0,7074400,KBS
2026-05-13 07:00:00,22150.0,22200.0,21500.0,22000.0,7181600,KBS
2026-05-14 07:00:00,22000.0,22150.0,21550.0,21700.0,5723600,KBS
2026-05-15 07:00:00,21750.0,21950.0,21450.0,21500.0,4513800,KBS
2026-05-18 07:00:00,21400.0,21500.0,21000.0,21450.0,5093800,KBS
2026-05-19 07:00:00,21650.0,21700.0,21200.0,21300.0,3781900,KBS
2026-05-20 07:00:00,21300.0,21450.0,20000.0,20650.0,5487500,KBS
2026-05-21 07:00:00,20950.0,20950.0,20450.0,20600.0,2211500,KBS
2026-05-22 07:00:00,20650.0,20950.0,20200.0,20500.0,4080400,KBS
2026-05-25 07:00:00,20700.0,20800.0,20400.0,20400.0,2136200,KBS
2026-05-26 07:00:00,20450.0,20700.0,20450.0,20600.0,2696400,KBS
2026-05-27 07:00:00,20650.0,20950.0,20600.0,20600.0,2743000,KBS
2026-05-28 07:00:00,20650.0,20700.0,20150.0,20200.0,2967600,KBS
2026-05-29 07:00:00,20150.0,20400.0,20000.0,20000.0,3031800,KBS
2026-06-01 07:00:00,20200.0,20300.0,19850.0,19850.0,1345800,KBS
2026-06-02 07:00:00,19850.0,19900.0,19250.0,19250.0,3801600,KBS
2026-06-03 07:00:00,19150.0,20150.0,18950.0,19650.0,4468600,KBS
2026-06-04 07:00:00,19650.0,20150.0,19450.0,20100.0,2737700,KBS
2026-06-05 07:00:00,20100.0,20200.0,19500.0,19500.0,2944900,KBS
