2026-03-25 11:50:40 INFO     quant_profiler │ CLC  price=54000  signal=BÁN / TRÁNH  VSA=NEUTRAL  regime=SIDEWAYS  bull=3  bear=16  confirmed=True
2026-03-25 11:50:44 INFO     quant_profiler │ CLL  price=29950  signal=BÁN / TRÁNH  VSA=NEUTRAL  regime=BULL_TREND  bull=2  bear=17  confirmed=True
2026-03-25 11:50:48 INFO     quant_profiler │ CLW  price=48000  signal=THEO DÕI–GIẢM  VSA=NEUTRAL  regime=SIDEWAYS  bull=8  bear=10  confirmed=False
2026-03-25 11:50:51 INFO     quant_profiler │ CMC  price=9500  signal=MUA  VSA=NEUTRAL  regime=SIDEWAYS  bull=13  bear=6  confirmed=False
2026-03-25 11:50:55 INFO     quant_profiler │ CMG  price=28750  signal=BÁN / TRÁNH  VSA=NEUTRAL  regime=BEAR_TREND  bull=4  bear=15  confirmed=True
2026-03-25 11:51:00 INFO     quant_profiler │ CMS  price=7100  signal=THEO DÕI–GIẢM  VSA=NO_DEMAND  regime=SIDEWAYS  bull=8  bear=13  confirmed=True
2026-03-25 11:51:04 INFO     quant_profiler │ CMX  price=6150  signal=BÁN / TRÁNH  VSA=NEUTRAL  regime=BEAR_TREND  bull=6  bear=15  confirmed=True
2026-03-25 11:51:09 INFO     quant_profiler │ CNG  price=23800  signal=BÁN / TRÁNH  VSA=NEUTRAL  regime=SIDEWAYS  bull=5  bear=16  confirmed=True
2026-03-25 11:51:14 INFO     quant_profiler │ COM  price=32000  signal=TRUNG LẬP  VSA=NEUTRAL  regime=SIDEWAYS  bull=10  bear=12  confirmed=True
2026-03-25 11:51:18 INFO     quant_profiler │ CPC  price=17400  signal=MUA  VSA=NEUTRAL  regime=SIDEWAYS  bull=9  bear=4  confirmed=True
2026-03-25 11:51:25 WARNING  quant_profiler │ fetch_ohlcv: all sources failed for CPH
2026-03-25 11:51:29 INFO     quant_profiler │ CRC  price=10100  signal=MUA  VSA=NEUTRAL  regime=HIGH_VOL  bull=20  bear=1  confirmed=True
2026-03-25 11:51:33 INFO     quant_profiler │ CRE  price=7250  signal=TRUNG LẬP  VSA=NEUTRAL  regime=BEAR_TREND  bull=12  bear=9  confirmed=False
2026-03-25 11:51:37 INFO     quant_profiler │ CSC  price=15100  signal=BÁN / TRÁNH  VSA=NEUTRAL  regime=BEAR_TREND  bull=7  bear=15  confirmed=True
2026-03-25 11:51:40 INFO     quant_profiler │ CSM  price=12100  signal=TRUNG LẬP  VSA=NO_DEMAND  regime=SIDEWAYS  bull=11  bear=12  confirmed=True
2026-03-25 11:51:44 INFO     quant_profiler │ CSV  price=26450  signal=BÁN / TRÁNH  VSA=NO_DEMAND  regime=SIDEWAYS  bull=5  bear=18  confirmed=True
2026-03-25 11:51:48 INFO     quant_profiler │ CTB  price=16000  signal=BÁN / TRÁNH  VSA=NO_SUPPLY  regime=BEAR_TREND  bull=2  bear=19  confirmed=True
2026-03-25 11:51:51 INFO     quant_profiler │ CTD  price=81900  signal=TRUNG LẬP  VSA=NO_DEMAND  regime=SIDEWAYS  bull=11  bear=11  confirmed=True
2026-03-25 11:51:54 INFO     quant_profiler │ CTG  price=33850  signal=BÁN / TRÁNH  VSA=NO_DEMAND  regime=SIDEWAYS  bull=6  bear=15  confirmed=True
2026-03-25 11:51:57 INFO     quant_profiler │ CTI  price=22550  signal=BÁN / TRÁNH  VSA=NEUTRAL  regime=SIDEWAYS  bull=6  bear=13  confirmed=True
2026-03-25 11:52:01 INFO     quant_profiler │ CTR  price=82400  signal=TRUNG LẬP  VSA=NEUTRAL  regime=BEAR_TREND  bull=14  bear=12  confirmed=False
2026-03-25 11:52:05 INFO     quant_profiler │ CTS  price=25950  signal=THEO DÕI–GIẢM  VSA=NEUTRAL  regime=BEAR_TREND  bull=9  bear=15  confirmed=True
2026-03-25 11:52:09 INFO     quant_profiler │ CVT  price=23700  signal=THEO DÕI–GIẢM  VSA=NEUTRAL  regime=BEAR_TREND  bull=12  bear=15  confirmed=True
2026-03-25 11:52:12 INFO     quant_profiler │ CX8  price=9900  signal=MUA  VSA=NO_SUPPLY  regime=HIGH_VOL  bull=17  bear=7  confirmed=True
2026-03-25 11:52:17 INFO     quant_profiler │ D11  price=11200  signal=MUA  VSA=ACCUM  regime=SIDEWAYS  bull=21  bear=5  confirmed=True
2026-03-25 11:52:21 INFO     quant_profiler │ D2D  price=36850  signal=TRUNG LẬP  VSA=NEUTRAL  regime=SIDEWAYS  bull=11  bear=10  confirmed=False
2026-03-25 11:52:25 INFO     quant_profiler │ DAD  price=16000  signal=BÁN / TRÁNH  VSA=NO_DEMAND  regime=BEAR_TREND  bull=4  bear=18  confirmed=False
2026-03-25 11:52:29 INFO     quant_profiler │ DAE  price=15600  signal=THEO DÕI–TĂNG  VSA=NEUTRAL  regime=SIDEWAYS  bull=10  bear=8  confirmed=True
2026-03-25 11:52:33 INFO     quant_profiler │ DAG  price=1430  signal=BÁN / TRÁNH  VSA=NEUTRAL  regime=UNKNOWN  bull=0  bear=15  confirmed=False
2026-03-25 11:52:37 INFO     quant_profiler │ DAH  price=3010  signal=BÁN / TRÁNH  VSA=NO_DEMAND  regime=BEAR_TREND  bull=9  bear=17  confirmed=True
2026-03-25 11:52:42 INFO     quant_profiler │ DAT  price=8410  signal=BÁN / TRÁNH  VSA=NO_DEMAND  regime=SIDEWAYS  bull=4  bear=13  confirmed=True
2026-03-25 11:52:48 INFO     quant_profiler │ DBC  price=22650  signal=BÁN / TRÁNH  VSA=NO_DEMAND  regime=BEAR_TREND  bull=6  bear=17  confirmed=True
2026-03-25 11:52:52 INFO     quant_profiler │ DBD  price=50400  signal=BÁN / TRÁNH  VSA=NO_DEMAND  regime=BEAR_TREND  bull=6  bear=17  confirmed=True
2026-03-25 11:52:56 INFO     quant_profiler │ DBT  price=10950  signal=TRUNG LẬP  VSA=NEUTRAL  regime=BEAR_TREND  bull=10  bear=10  confirmed=False
2026-03-25 11:53:01 INFO     quant_profiler │ DC2  price=6000  signal=TRUNG LẬP  VSA=NO_SUPPLY  regime=BEAR_TREND  bull=10  bear=12  confirmed=False
2026-03-25 11:53:06 INFO     quant_profiler │ DC4  price=8900  signal=THEO DÕI–GIẢM  VSA=NEUTRAL  regime=BEAR_TREND  bull=9  bear=15  confirmed=True
2026-03-25 11:53:10 INFO     quant_profiler │ DCM  price=45100  signal=MUA  VSA=NEUTRAL  regime=BULL_TREND  bull=15  bear=6  confirmed=False
2026-03-25 11:53:14 INFO     quant_profiler │ DDG  price=1000  signal=THEO DÕI–TĂNG  VSA=NEUTRAL  regime=BEAR_TREND  bull=26  bear=12  confirmed=False
2026-03-25 11:53:19 INFO     quant_profiler │ DGC  price=54000  signal=THEO DÕI–GIẢM  VSA=NEUTRAL  regime=BEAR_TREND  bull=10  bear=15  confirmed=True
2026-03-25 11:53:24 INFO     quant_profiler │ DGW  price=43500  signal=BÁN / TRÁNH  VSA=NO_DEMAND  regime=BEAR_TREND  bull=7  bear=14  confirmed=True
2026-03-25 11:53:30 INFO     quant_profiler │ DHA  price=48600  signal=BÁN / TRÁNH  VSA=NEUTRAL  regime=BEAR_TREND  bull=3  bear=15  confirmed=True
2026-03-25 11:53:34 INFO     quant_profiler │ DHC  price=34700  signal=TRUNG LẬP  VSA=NEUTRAL  regime=SIDEWAYS  bull=9  bear=10  confirmed=True
2026-03-25 11:53:38 INFO     quant_profiler │ DHG  price=100200  signal=BÁN / TRÁNH  VSA=NO_DEMAND  regime=BEAR_TREND  bull=0  bear=17  confirmed=True
2026-03-25 11:53:41 INFO     quant_profiler │ DHM  price=6750  signal=TRUNG LẬP  VSA=NEUTRAL  regime=BULL_TREND  bull=15  bear=16  confirmed=False
2026-03-25 11:53:45 INFO     quant_profiler │ DHP  price=11800  signal=MUA  VSA=NEUTRAL  regime=SIDEWAYS  bull=19  bear=5  confirmed=True
2026-03-25 11:53:49 INFO     quant_profiler │ DHT  price=67900  signal=BÁN / TRÁNH  VSA=NEUTRAL  regime=BULL_TREND  bull=4  bear=19  confirmed=True
2026-03-25 11:53:53 INFO     quant_profiler │ DIG  price=13550  signal=THEO DÕI–GIẢM  VSA=NO_DEMAND  regime=BEAR_TREND  bull=9  bear=12  confirmed=True
2026-03-25 11:53:57 INFO     quant_profiler │ DIH  price=9200  signal=BÁN / TRÁNH  VSA=NO_DEMAND  regime=BEAR_TREND  bull=3  bear=17  confirmed=True
2026-03-25 11:54:04 INFO     quant_profiler │ DL1  price=4100  signal=BÁN / TRÁNH  VSA=NEUTRAL  regime=BEAR_TREND  bull=8  bear=18  confirmed=True
2026-03-25 11:54:08 INFO     quant_profiler │ DLG  price=2620  signal=TRUNG LẬP  VSA=NEUTRAL  regime=SIDEWAYS  bull=11  bear=10  confirmed=False
2026-03-25 11:54:12 INFO     quant_profiler │ DMC  price=56700  signal=BÁN / TRÁNH  VSA=NO_DEMAND  regime=BEAR_TREND  bull=5  bear=17  confirmed=True
2026-03-25 11:54:19 WARNING  quant_profiler │ fetch_ohlcv: all sources failed for DMP
2026-03-25 11:54:25 WARNING  quant_profiler │ fetch_ohlcv: all sources failed for DMT
2026-03-25 11:54:28 INFO     quant_profiler │ DNC  price=57000  signal=MUA  VSA=NO_SUPPLY  regime=HIGH_VOL  bull=12  bear=3  confirmed=True
2026-03-25 11:54:33 INFO     quant_profiler │ DNP  price=19200  signal=BÁN / TRÁNH  VSA=NO_DEMAND  regime=BEAR_TREND  bull=2  bear=25  confirmed=True
2026-03-25 11:54:36 INFO     quant_profiler │ DPM  price=29100  signal=THEO DÕI–TĂNG  VSA=NO_DEMAND  regime=BULL_TREND  bull=14  bear=11  confirmed=False
2026-03-25 11:54:40 INFO     quant_profiler │ DPR  price=38650  signal=BÁN / TRÁNH  VSA=NO_DEMAND  regime=SIDEWAYS  bull=5  bear=15  confirmed=True
2026-03-25 11:54:44 INFO     quant_profiler │ DQC  price=9250  signal=BÁN / TRÁNH  VSA=NEUTRAL  regime=BEAR_TREND  bull=5  bear=19  confirmed=True
2026-03-25 11:54:49 INFO     quant_profiler │ DRC  price=13350  signal=THEO DÕI–GIẢM  VSA=NO_DEMAND  regime=BEAR_TREND  bull=10  bear=17  confirmed=True
2026-03-25 11:54:52 INFO     quant_profiler │ DRH  price=2520  signal=BÁN / TRÁNH  VSA=NEUTRAL  regime=SIDEWAYS  bull=6  bear=16  confirmed=True
2026-03-25 11:54:55 INFO     quant_profiler │ DRL  price=45600  signal=BÁN / TRÁNH  VSA=NEUTRAL  regime=SIDEWAYS  bull=2  bear=17  confirmed=True
2026-03-25 11:54:58 INFO     quant_profiler │ DSN  price=38450  signal=BÁN / TRÁNH  VSA=NEUTRAL  regime=BEAR_TREND  bull=0  bear=15  confirmed=True
2026-03-25 11:55:02 INFO     quant_profiler │ DST  price=8000  signal=TRUNG LẬP  VSA=NO_SUPPLY  regime=BEAR_TREND  bull=14  bear=15  confirmed=True
2026-03-25 11:55:06 INFO     quant_profiler │ DTA  price=3580  signal=THEO DÕI–GIẢM  VSA=NEUTRAL  regime=SIDEWAYS  bull=7  bear=10  confirmed=True
2026-03-25 11:55:09 INFO     quant_profiler │ DTL  price=11450  signal=TRUNG LẬP  VSA=NEUTRAL  regime=BEAR_TREND  bull=11  bear=10  confirmed=False
2026-03-25 11:55:12 INFO     quant_profiler │ DTT  price=16500  signal=TRUNG LẬP  VSA=NEUTRAL  regime=SIDEWAYS  bull=8  bear=9  confirmed=False
2026-03-25 11:55:16 INFO     quant_profiler │ DVP  price=69500  signal=BÁN / TRÁNH  VSA=NEUTRAL  regime=BEAR_TREND  bull=4  bear=15  confirmed=True
2026-03-25 11:55:19 INFO     quant_profiler │ DXG  price=13750  signal=TRUNG LẬP  VSA=NO_DEMAND  regime=BEAR_TREND  bull=13  bear=12  confirmed=False
2026-03-25 11:55:22 INFO     quant_profiler │ DXP  price=12300  signal=THEO DÕI–GIẢM  VSA=NEUTRAL  regime=SIDEWAYS  bull=7  bear=12  confirmed=True
2026-03-25 11:55:25 INFO     quant_profiler │ DXS  price=6240  signal=TRUNG LẬP  VSA=NEUTRAL  regime=BEAR_TREND  bull=9  bear=10  confirmed=True
2026-03-25 11:55:28 INFO     quant_profiler │ DXV  price=3800  signal=BÁN / TRÁNH  VSA=ACCUM  regime=BEAR_TREND  bull=6  bear=13  confirmed=True
2026-03-25 11:55:34 INFO     quant_profiler │ EBS  price=11100  signal=TRUNG LẬP  VSA=NEUTRAL  regime=BEAR_TREND  bull=9  bear=8  confirmed=False
2026-03-25 11:55:38 INFO     quant_profiler │ ECI  price=9500  signal=BÁN / TRÁNH  VSA=NEUTRAL  regime=SIDEWAYS  bull=6  bear=12  confirmed=False
2026-03-25 11:55:42 INFO     quant_profiler │ EIB  price=22450  signal=TRUNG LẬP  VSA=NEUTRAL  regime=SIDEWAYS  bull=9  bear=10  confirmed=True
2026-03-25 11:55:47 INFO     quant_profiler │ EID  price=22600  signal=BÁN / TRÁNH  VSA=NEUTRAL  regime=SIDEWAYS  bull=0  bear=21  confirmed=True
2026-03-25 11:55:52 INFO     quant_profiler │ ELC  price=17500  signal=THEO DÕI–GIẢM  VSA=NO_DEMAND  regime=BEAR_TREND  bull=9  bear=14  confirmed=True
2026-03-25 11:55:58 WARNING  quant_profiler │ fetch_ohlcv: all sources failed for EMC
2026-03-25 11:56:02 INFO     quant_profiler │ EVE  price=10500  signal=MUA  VSA=NEUTRAL  regime=SIDEWAYS  bull=14  bear=5  confirmed=True
2026-03-25 11:56:05 INFO     quant_profiler │ EVG  price=6080  signal=BÁN / TRÁNH  VSA=NEUTRAL  regime=BEAR_TREND  bull=6  bear=15  confirmed=True
2026-03-25 11:56:08 INFO     quant_profiler │ FCM  price=3330  signal=BÁN / TRÁNH  VSA=NO_DEMAND  regime=BEAR_TREND  bull=6  bear=17  confirmed=True
2026-03-25 11:56:11 INFO     quant_profiler │ FCN  price=12300  signal=THEO DÕI–GIẢM  VSA=NEUTRAL  regime=SIDEWAYS  bull=7  bear=10  confirmed=True
2026-03-25 11:56:16 INFO     quant_profiler │ FDC  price=17350  signal=MUA  VSA=NEUTRAL  regime=BULL_TREND  bull=11  bear=4  confirmed=True
2026-03-25 11:56:19 INFO     quant_profiler │ FIR  price=5070  signal=BÁN / TRÁNH  VSA=NO_SUPPLY  regime=BEAR_TREND  bull=7  bear=19  confirmed=True
2026-03-25 11:56:23 INFO     quant_profiler │ FIT  price=4270  signal=BÁN / TRÁNH  VSA=NO_DEMAND  regime=SIDEWAYS  bull=0  bear=15  confirmed=True
2026-03-25 11:56:31 WARNING  quant_profiler │ fetch_ohlcv: all sources failed for FLC
2026-03-25 11:56:35 INFO     quant_profiler │ FMC  price=37700  signal=THEO DÕI–GIẢM  VSA=NO_DEMAND  regime=BEAR_TREND  bull=9  bear=14  confirmed=True
2026-03-25 11:56:47 INFO     quant_profiler │ FPT  price=76100  signal=TRUNG LẬP  VSA=NEUTRAL  regime=BEAR_TREND  bull=13  bear=12  confirmed=False
2026-03-25 11:56:52 INFO     quant_profiler │ FRT  price=157700  signal=THEO DÕI–TĂNG  VSA=NEUTRAL  regime=SIDEWAYS  bull=20  bear=11  confirmed=False
2026-03-25 11:56:55 INFO     quant_profiler │ FTS  price=25400  signal=TRUNG LẬP  VSA=NEUTRAL  regime=BEAR_TREND  bull=14  bear=15  confirmed=True
2026-03-25 11:57:03 WARNING  quant_profiler │ fetch_ohlcv: all sources failed for GAB
2026-03-25 11:57:07 INFO     quant_profiler │ GAS  price=82300  signal=TRUNG LẬP  VSA=NO_DEMAND  regime=BEAR_TREND  bull=12  bear=14  confirmed=True
2026-03-25 11:57:11 INFO     quant_profiler │ GDT  price=18900  signal=THEO DÕI–GIẢM  VSA=NEUTRAL  regime=BEAR_TREND  bull=9  bear=15  confirmed=True
2026-03-25 11:57:15 INFO     quant_profiler │ GEG  price=17150  signal=MUA  VSA=ACCUM  regime=HIGH_VOL  bull=17  bear=9  confirmed=True
2026-03-25 11:57:19 INFO     quant_profiler │ GEX  price=34650  signal=TRUNG LẬP  VSA=NEUTRAL  regime=BEAR_TREND  bull=11  bear=12  confirmed=True
2026-03-25 11:57:23 INFO     quant_profiler │ GIL  price=13450  signal=BÁN / TRÁNH  VSA=NEUTRAL  regime=SIDEWAYS  bull=6  bear=16  confirmed=True
2026-03-25 11:57:26 INFO     quant_profiler │ GLT  price=29000  signal=THEO DÕI–TĂNG  VSA=NO_DEMAND  regime=SIDEWAYS  bull=9  bear=6  confirmed=False
2026-03-25 11:57:30 INFO     quant_profiler │ GMC  price=5100  signal=TRUNG LẬP  VSA=DISTRIB  regime=BULL_TREND  bull=13  bear=15  confirmed=False
2026-03-25 11:57:33 INFO     quant_profiler │ GMD  price=76800  signal=MUA  VSA=NEUTRAL  regime=HIGH_VOL  bull=12  bear=4  confirmed=False
2026-03-25 11:57:36 INFO     quant_profiler │ GSP  price=11400  signal=TRUNG LẬP  VSA=NO_DEMAND  regime=HIGH_VOL  bull=12  bear=12  confirmed=True
2026-03-25 11:57:40 INFO     quant_profiler │ GTA  price=9010  signal=BÁN / TRÁNH  VSA=NEUTRAL  regime=BEAR_TREND  bull=0  bear=19  confirmed=True
2026-03-25 11:57:43 INFO     quant_profiler │ GVR  price=30250  signal=BÁN / TRÁNH  VSA=NO_DEMAND  regime=BEAR_TREND  bull=5  bear=17  confirmed=True
2026-03-25 11:57:48 INFO     quant_profiler │ HAG  price=15750  signal=TRUNG LẬP  VSA=NEUTRAL  regime=BEAR_TREND  bull=15  bear=14  confirmed=False
2026-03-25 11:57:52 INFO     quant_profiler │ HAH  price=53000  signal=BÁN / TRÁNH  VSA=NO_DEMAND  regime=SIDEWAYS  bull=6  bear=15  confirmed=True
2026-03-25 11:57:57 WARNING  quant_profiler │ fetch_ohlcv: all sources failed for HAI
2026-03-25 11:58:02 INFO     quant_profiler │ HAM  price=79000  signal=TRUNG LẬP  VSA=NO_SUPPLY  regime=BULL_TREND  bull=14  bear=13  confirmed=True
2026-03-25 11:58:05 INFO     quant_profiler │ HAS  price=8000  signal=BÁN / TRÁNH  VSA=NO_SUPPLY  regime=BEAR_TREND  bull=6  bear=13  confirmed=False
2026-03-25 11:58:09 INFO     quant_profiler │ HAX  price=10450  signal=BÁN / TRÁNH  VSA=NEUTRAL  regime=SIDEWAYS  bull=6  bear=13  confirmed=True
2026-03-25 11:58:12 INFO     quant_profiler │ HBC  price=5200  signal=BÁN / TRÁNH  VSA=NO_SUPPLY  regime=BEAR_TREND  bull=6  bear=15  confirmed=True
2026-03-25 11:58:17 INFO     quant_profiler │ HBS  price=4300  signal=TRUNG LẬP  VSA=NEUTRAL  regime=BEAR_TREND  bull=16  bear=12  confirmed=False
2026-03-25 11:58:20 INFO     quant_profiler │ HCC  price=25000  signal=THEO DÕI–GIẢM  VSA=NEUTRAL  regime=HIGH_VOL  bull=10  bear=18  confirmed=False
2026-03-25 11:58:23 INFO     quant_profiler │ HCD  price=7940  signal=THEO DÕI–GIẢM  VSA=NO_DEMAND  regime=BEAR_TREND  bull=9  bear=12  confirmed=True
2026-03-25 11:58:26 INFO     quant_profiler │ HCM  price=20900  signal=THEO DÕI–GIẢM  VSA=NEUTRAL  regime=SIDEWAYS  bull=9  bear=13  confirmed=True
2026-03-25 11:58:30 INFO     quant_profiler │ HDB  price=24650  signal=BÁN / TRÁNH  VSA=NO_DEMAND  regime=BEAR_TREND  bull=3  bear=14  confirmed=True
2026-03-25 11:58:33 INFO     quant_profiler │ HDC  price=17250  signal=TRUNG LẬP  VSA=NO_DEMAND  regime=BEAR_TREND  bull=15  bear=15  confirmed=True
2026-03-25 11:58:36 INFO     quant_profiler │ HDG  price=30650  signal=MUA  VSA=NEUTRAL  regime=HIGH_VOL  bull=17  bear=9  confirmed=True
2026-03-25 11:58:39 INFO     quant_profiler │ HEV  price=6700  signal=THEO DÕI–GIẢM  VSA=NO_SUPPLY  regime=SIDEWAYS  bull=10  bear=16  confirmed=False
2026-03-25 11:58:42 INFO     quant_profiler │ HGM  price=190000  signal=BÁN / TRÁNH  VSA=NO_DEMAND  regime=SIDEWAYS  bull=6  bear=16  confirmed=True
2026-03-25 11:58:47 INFO     quant_profiler │ HHC  price=150800  signal=THEO DÕI–TĂNG  VSA=NEUTRAL  regime=HIGH_VOL  bull=20  bear=12  confirmed=True
2026-03-25 11:58:50 INFO     quant_profiler │ HHP  price=13100  signal=THEO DÕI–GIẢM  VSA=NEUTRAL  regime=SIDEWAYS  bull=7  bear=10  confirmed=True
2026-03-25 11:58:53 INFO     quant_profiler │ HHS  price=11850  signal=MUA  VSA=NEUTRAL  regime=SIDEWAYS  bull=16  bear=8  confirmed=False
2026-03-25 11:58:56 INFO     quant_profiler │ HHV  price=11800  signal=BÁN / TRÁNH  VSA=NEUTRAL  regime=HIGH_VOL  bull=3  bear=10  confirmed=True
2026-03-25 11:59:00 INFO     quant_profiler │ HID  price=5280  signal=MUA  VSA=NEUTRAL  regime=BULL_TREND  bull=21  bear=9  confirmed=True
2026-03-25 11:59:03 INFO     quant_profiler │ HII  price=5180  signal=BÁN / TRÁNH  VSA=NEUTRAL  regime=SIDEWAYS  bull=5  bear=12  confirmed=True
2026-03-25 11:59:06 INFO     quant_profiler │ HJS  price=27500  signal=THEO DÕI–TĂNG  VSA=NEUTRAL  regime=SIDEWAYS  bull=8  bear=5  confirmed=True
2026-03-25 11:59:09 INFO     quant_profiler │ HKT  price=21400  signal=TRUNG LẬP  VSA=NO_DEMAND  regime=BULL_TREND  bull=12  bear=11  confirmed=True
2026-03-25 11:59:12 INFO     quant_profiler │ HLC  price=13300  signal=MUA  VSA=NEUTRAL  regime=BULL_TREND  bull=15  bear=6  confirmed=True
2026-03-25 11:59:17 INFO     quant_profiler │ HLD  price=16600  signal=BÁN / TRÁNH  VSA=NEUTRAL  regime=SIDEWAYS  bull=6  bear=14  confirmed=True
2026-03-25 11:59:20 INFO     quant_profiler │ HLY  price=9200  signal=THEO DÕI–GIẢM  VSA=NEUTRAL  regime=UNKNOWN  bull=11  bear=19  confirmed=True
2026-03-25 11:59:23 INFO     quant_profiler │ HMC  price=11350  signal=TRUNG LẬP  VSA=NO_DEMAND  regime=SIDEWAYS  bull=10  bear=9  confirmed=True
2026-03-25 11:59:26 INFO     quant_profiler │ HMS  price=41000  signal=MUA  VSA=NO_DEMAND  regime=BULL_TREND  bull=15  bear=6  confirmed=True
2026-03-25 11:59:31 INFO     quant_profiler │ HNG  price=6100  signal=TRUNG LẬP  VSA=NEUTRAL  regime=SIDEWAYS  bull=8  bear=9  confirmed=True
2026-03-25 11:59:34 INFO     quant_profiler │ HNI  price=30100  signal=THEO DÕI–TĂNG  VSA=NEUTRAL  regime=HIGH_VOL  bull=14  bear=10  confirmed=True
2026-03-25 11:59:37 INFO     quant_profiler │ HNP  price=11500  signal=BÁN / TRÁNH  VSA=NO_SUPPLY  regime=UNKNOWN  bull=9  bear=21  confirmed=True
2026-03-25 11:59:40 INFO     quant_profiler │ HOM  price=4200  signal=TRUNG LẬP  VSA=NEUTRAL  regime=BEAR_TREND  bull=11  bear=12  confirmed=True
2026-03-25 11:59:46 WARNING  quant_profiler │ fetch_ohlcv: all sources failed for HPC
2026-03-25 11:59:49 INFO     quant_profiler │ HPG  price=26200  signal=BÁN / TRÁNH  VSA=NO_DEMAND  regime=SIDEWAYS  bull=6  bear=15  confirmed=True
2026-03-25 11:59:54 WARNING  quant_profiler │ fetch_ohlcv: all sources failed for HPS
2026-03-25 11:59:57 INFO     quant_profiler │ HQC  price=2590  signal=THEO DÕI–GIẢM  VSA=NO_DEMAND  regime=SIDEWAYS  bull=7  bear=12  confirmed=True
2026-03-25 12:00:04 WARNING  quant_profiler │ fetch_ohlcv: all sources failed for HQS
2026-03-25 12:00:07 INFO     quant_profiler │ HRC  price=61800  signal=THEO DÕI–TĂNG  VSA=NO_SUPPLY  regime=BULL_TREND  bull=16  bear=12  confirmed=True
2026-03-25 12:00:10 INFO     quant_profiler │ HSG  price=14450  signal=TRUNG LẬP  VSA=NEUTRAL  regime=SIDEWAYS  bull=11  bear=10  confirmed=False
2026-03-25 12:00:13 INFO     quant_profiler │ HSL  price=5000  signal=TRUNG LẬP  VSA=NEUTRAL  regime=BEAR_TREND  bull=14  bear=15  confirmed=True
2026-03-25 12:00:19 WARNING  quant_profiler │ fetch_ohlcv: all sources failed for HST
2026-03-25 12:00:22 INFO     quant_profiler │ HT1  price=15050  signal=BÁN / TRÁNH  VSA=NEUTRAL  regime=SIDEWAYS  bull=5  bear=13  confirmed=True
2026-03-25 12:00:26 INFO     quant_profiler │ HTG  price=42350  signal=BÁN / TRÁNH  VSA=NEUTRAL  regime=SIDEWAYS  bull=6  bear=13  confirmed=True
2026-03-25 12:00:30 INFO     quant_profiler │ HTI  price=24250  signal=THEO DÕI–GIẢM  VSA=NO_DEMAND  regime=SIDEWAYS  bull=7  bear=12  confirmed=True
2026-03-25 12:00:37 INFO     quant_profiler │ HTL  price=22200  signal=BÁN / TRÁNH  VSA=NEUTRAL  regime=SIDEWAYS  bull=5  bear=13  confirmed=True
2026-03-25 12:00:40 INFO     quant_profiler │ HTN  price=6350  signal=TRUNG LẬP  VSA=NO_DEMAND  regime=BEAR_TREND  bull=13  bear=14  confirmed=True
2026-03-25 12:00:43 INFO     quant_profiler │ HTP  price=1300  signal=THEO DÕI–TĂNG  VSA=NEUTRAL  regime=SIDEWAYS  bull=13  bear=10  confirmed=False
2026-03-25 12:00:48 INFO     quant_profiler │ HTV  price=11250  signal=BÁN / TRÁNH  VSA=NO_DEMAND  regime=BEAR_TREND  bull=3  bear=14  confirmed=True
2026-03-25 12:00:51 INFO     quant_profiler │ HU1  price=6300  signal=TRUNG LẬP  VSA=NO_DEMAND  regime=SIDEWAYS  bull=14  bear=16  confirmed=True
2026-03-25 12:00:55 INFO     quant_profiler │ HU3  price=3000  signal=BÁN / TRÁNH  VSA=NEUTRAL  regime=BEAR_TREND  bull=5  bear=15  confirmed=True
2026-03-25 12:00:58 INFO     quant_profiler │ HUB  price=14100  signal=BÁN / TRÁNH  VSA=NO_DEMAND  regime=BEAR_TREND  bull=3  bear=14  confirmed=True
2026-03-25 12:01:03 INFO     quant_profiler │ HUT  price=16300  signal=MUA  VSA=NO_DEMAND  regime=SIDEWAYS  bull=16  bear=7  confirmed=False
2026-03-25 12:01:07 INFO     quant_profiler │ HVH  price=12000  signal=THEO DÕI–GIẢM  VSA=NEUTRAL  regime=BEAR_TREND  bull=6  bear=9  confirmed=False
2026-03-25 12:01:11 INFO     quant_profiler │ HVN  price=22000  signal=BÁN / TRÁNH  VSA=NEUTRAL  regime=BEAR_TREND  bull=6  bear=15  confirmed=True
2026-03-25 12:01:15 INFO     quant_profiler │ HVX  price=2300  signal=THEO DÕI–TĂNG  VSA=NEUTRAL  regime=SIDEWAYS  bull=15  bear=9  confirmed=False
2026-03-25 12:01:19 INFO     quant_profiler │ ICT  price=17800  signal=THEO DÕI–GIẢM  VSA=NEUTRAL  regime=SIDEWAYS  bull=7  bear=10  confirmed=False
2026-03-25 12:01:23 INFO     quant_profiler │ IDC  price=45800  signal=MUA  VSA=NEUTRAL  regime=SIDEWAYS  bull=19  bear=9  confirmed=False
2026-03-25 12:01:27 INFO     quant_profiler │ IDI  price=6730  signal=BÁN / TRÁNH  VSA=NO_DEMAND  regime=SIDEWAYS  bull=3  bear=15  confirmed=True
2026-03-25 12:01:32 INFO     quant_profiler │ IDJ  price=4000  signal=THEO DÕI–TĂNG  VSA=NEUTRAL  regime=BEAR_TREND  bull=13  bear=9  confirmed=False
2026-03-25 12:01:36 INFO     quant_profiler │ IDV  price=23400  signal=BÁN / TRÁNH  VSA=NO_DEMAND  regime=BEAR_TREND  bull=3  bear=14  confirmed=True
2026-03-25 12:01:40 INFO     quant_profiler │ IJC  price=10100  signal=THEO DÕI–GIẢM  VSA=NEUTRAL  regime=SIDEWAYS  bull=7  bear=10  confirmed=True
2026-03-25 12:01:44 INFO     quant_profiler │ ILB  price=21500  signal=BÁN / TRÁNH  VSA=NEUTRAL  regime=SIDEWAYS  bull=0  bear=16  confirmed=True
2026-03-25 12:01:49 INFO     quant_profiler │ IMP  price=54400  signal=THEO DÕI–GIẢM  VSA=NEUTRAL  regime=SIDEWAYS  bull=7  bear=11  confirmed=True
2026-03-25 12:01:53 INFO     quant_profiler │ INN  price=41100  signal=MUA  VSA=NEUTRAL  regime=SIDEWAYS  bull=16  bear=7  confirmed=False
2026-03-25 12:01:57 INFO     quant_profiler │ ITA  price=2350  signal=TRUNG LẬP  VSA=ACCUM  regime=UNKNOWN  bull=19  bear=21  confirmed=True
2026-03-25 12:02:01 INFO     quant_profiler │ ITC  price=11600  signal=THEO DÕI–GIẢM  VSA=NEUTRAL  regime=BEAR_TREND  bull=10  bear=16  confirmed=True
2026-03-25 12:02:04 INFO     quant_profiler │ ITD  price=16450  signal=THEO DÕI–TĂNG  VSA=NEUTRAL  regime=SIDEWAYS  bull=11  bear=8  confirmed=False
2026-03-25 12:02:08 INFO     quant_profiler │ ITQ  price=2800  signal=THEO DÕI–TĂNG  VSA=NEUTRAL  regime=SIDEWAYS  bull=13  bear=8  confirmed=False
2026-03-25 12:02:11 INFO     quant_profiler │ JVC  price=4590  signal=TRUNG LẬP  VSA=NEUTRAL  regime=BEAR_TREND  bull=13  bear=15  confirmed=True
2026-03-25 12:02:15 INFO     quant_profiler │ KBC  price=28700  signal=BÁN / TRÁNH  VSA=NEUTRAL  regime=BEAR_TREND  bull=5  bear=15  confirmed=True
2026-03-25 12:02:19 INFO     quant_profiler │ KDC  price=49500  signal=BÁN / TRÁNH  VSA=NEUTRAL  regime=BEAR_TREND  bull=0  bear=15  confirmed=True
2026-03-25 12:02:22 INFO     quant_profiler │ KDH  price=25700  signal=TRUNG LẬP  VSA=NEUTRAL  regime=BEAR_TREND  bull=13  bear=10  confirmed=False
2026-03-25 12:02:25 INFO     quant_profiler │ KDM  price=29500  signal=THEO DÕI–TĂNG  VSA=NO_SUPPLY  regime=SIDEWAYS  bull=13  bear=8  confirmed=False
2026-03-25 12:02:31 INFO     quant_profiler │ KHP  price=11000  signal=THEO DÕI–GIẢM  VSA=NO_DEMAND  regime=BEAR_TREND  bull=11  bear=14  confirmed=True
2026-03-25 12:02:35 INFO     quant_profiler │ KHS  price=15700  signal=BÁN / TRÁNH  VSA=NO_SUPPLY  regime=BEAR_TREND  bull=5  bear=16  confirmed=False
2026-03-25 12:02:39 INFO     quant_profiler │ KMR  price=2710  signal=BÁN / TRÁNH  VSA=NEUTRAL  regime=BEAR_TREND  bull=6  bear=13  confirmed=True
2026-03-25 12:02:43 INFO     quant_profiler │ KMT  price=12000  signal=THEO DÕI–TĂNG  VSA=NO_SUPPLY  regime=UNKNOWN  bull=14  bear=10  confirmed=True
2026-03-25 12:02:49 INFO     quant_profiler │ KOS  price=38900  signal=TRUNG LẬP  VSA=NEUTRAL  regime=BEAR_TREND  bull=13  bear=13  confirmed=False
2026-03-25 12:02:53 INFO     quant_profiler │ KPF  price=1210  signal=THEO DÕI–GIẢM  VSA=NEUTRAL  regime=BEAR_TREND  bull=16  bear=24  confirmed=True
2026-03-25 12:02:57 INFO     quant_profiler │ KSB  price=15900  signal=BÁN / TRÁNH  VSA=NO_SUPPLY  regime=SIDEWAYS  bull=6  bear=16  confirmed=True
2026-03-25 12:03:02 INFO     quant_profiler │ KST  price=13500  signal=TRUNG LẬP  VSA=NEUTRAL  regime=BULL_TREND  bull=10  bear=9  confirmed=False
2026-03-25 12:03:06 INFO     quant_profiler │ KTT  price=2300  signal=BÁN / TRÁNH  VSA=NEUTRAL  regime=UNKNOWN  bull=3  bear=11  confirmed=False
2026-03-25 12:03:10 INFO     quant_profiler │ KVC  price=1300  signal=BÁN / TRÁNH  VSA=NEUTRAL  regime=BEAR_TREND  bull=8  bear=16  confirmed=True
2026-03-25 12:03:14 INFO     quant_profiler │ L10  price=25000  signal=BÁN / TRÁNH  VSA=NO_DEMAND  regime=SIDEWAYS  bull=4  bear=17  confirmed=False
2026-03-25 12:03:18 INFO     quant_profiler │ L14  price=23000  signal=THEO DÕI–GIẢM  VSA=NEUTRAL  regime=BEAR_TREND  bull=7  bear=12  confirmed=True
2026-03-25 12:03:22 INFO     quant_profiler │ L18  price=23900  signal=BÁN / TRÁNH  VSA=NO_DEMAND  regime=BEAR_TREND  bull=5  bear=12  confirmed=True
2026-03-25 12:03:35 WARNING  quant_profiler │ fetch_ohlcv: all sources failed for L33
2026-03-25 12:03:38 INFO     quant_profiler │ L43  price=2800  signal=BÁN / TRÁNH  VSA=NO_DEMAND  regime=HIGH_VOL  bull=7  bear=14  confirmed=True
2026-03-25 12:03:41 INFO     quant_profiler │ L61  price=1400  signal=BÁN / TRÁNH  VSA=NO_SUPPLY  regime=BEAR_TREND  bull=9  bear=19  confirmed=True
2026-03-25 12:03:45 INFO     quant_profiler │ L62  price=2000  signal=THEO DÕI–GIẢM  VSA=NEUTRAL  regime=SIDEWAYS  bull=9  bear=13  confirmed=True
2026-03-25 12:03:48 INFO     quant_profiler │ LAF  price=17050  signal=BÁN / TRÁNH  VSA=NEUTRAL  regime=BEAR_TREND  bull=4  bear=19  confirmed=True
2026-03-25 12:03:51 INFO     quant_profiler │ LAS  price=16900  signal=BÁN / TRÁNH  VSA=NO_DEMAND  regime=HIGH_VOL  bull=5  bear=15  confirmed=True
2026-03-25 12:03:54 INFO     quant_profiler │ LBE  price=33000  signal=TRUNG LẬP  VSA=NO_SUPPLY  regime=BEAR_TREND  bull=12  bear=9  confirmed=True
2026-03-25 12:03:57 INFO     quant_profiler │ LBM  price=31500  signal=TRUNG LẬP  VSA=NEUTRAL  regime=BEAR_TREND  bull=13  bear=10  confirmed=False
2026-03-25 12:04:01 INFO     quant_profiler │ LCG  price=9600  signal=BÁN / TRÁNH  VSA=NO_DEMAND  regime=SIDEWAYS  bull=2  bear=13  confirmed=True
2026-03-25 12:04:04 INFO     quant_profiler │ LCM  price=700  signal=THEO DÕI–GIẢM  VSA=NEUTRAL  regime=BEAR_TREND  bull=9  bear=15  confirmed=True
2026-03-25 12:04:07 INFO     quant_profiler │ LDP  price=8100  signal=BÁN / TRÁNH  VSA=NO_DEMAND  regime=BEAR_TREND  bull=3  bear=14  confirmed=True
2026-03-25 12:04:10 INFO     quant_profiler │ LGC  price=57700  signal=BÁN / TRÁNH  VSA=NEUTRAL  regime=SIDEWAYS  bull=4  bear=15  confirmed=True
2026-03-25 12:04:13 INFO     quant_profiler │ LGL  price=4900  signal=THEO DÕI–GIẢM  VSA=NO_SUPPLY  regime=BEAR_TREND  bull=13  bear=19  confirmed=True
2026-03-25 12:04:17 INFO     quant_profiler │ LHC  price=100000  signal=BÁN / TRÁNH  VSA=NO_DEMAND  regime=SIDEWAYS  bull=6  bear=16  confirmed=True
2026-03-25 12:04:21 INFO     quant_profiler │ LHG  price=28100  signal=BÁN / TRÁNH  VSA=NEUTRAL  regime=BEAR_TREND  bull=7  bear=15  confirmed=True
2026-03-25 12:04:24 INFO     quant_profiler │ LIX  price=32850  signal=BÁN / TRÁNH  VSA=NEUTRAL  regime=BEAR_TREND  bull=7  bear=15  confirmed=True
2026-03-25 12:04:27 INFO     quant_profiler │ LMH  price=1300  signal=TRUNG LẬP  VSA=NEUTRAL  regime=SIDEWAYS  bull=10  bear=12  confirmed=False
2026-03-25 12:04:31 INFO     quant_profiler │ LO5  price=500  signal=BÁN / TRÁNH  VSA=NEUTRAL  regime=UNKNOWN  bull=6  bear=15  confirmed=True
2026-03-25 12:04:34 INFO     quant_profiler │ LSS  price=8590  signal=TRUNG LẬP  VSA=NO_DEMAND  regime=BEAR_TREND  bull=17  bear=13  confirmed=False
2026-03-25 12:04:37 INFO     quant_profiler │ LTC  price=1800  signal=BÁN / TRÁNH  VSA=NEUTRAL  regime=SIDEWAYS  bull=7  bear=19  confirmed=True
2026-03-25 12:04:40 INFO     quant_profiler │ MAC  price=11000  signal=BÁN / TRÁNH  VSA=NEUTRAL  regime=BEAR_TREND  bull=9  bear=22  confirmed=True
2026-03-25 12:04:44 INFO     quant_profiler │ MAS  price=34000  signal=BÁN / TRÁNH  VSA=NEUTRAL  regime=SIDEWAYS  bull=7  bear=15  confirmed=True
2026-03-25 12:04:47 INFO     quant_profiler │ MBB  price=26000  signal=TRUNG LẬP  VSA=NEUTRAL  regime=SIDEWAYS  bull=12  bear=10  confirmed=False
2026-03-25 12:04:51 INFO     quant_profiler │ MBG  price=2800  signal=TRUNG LẬP  VSA=NEUTRAL  regime=BEAR_TREND  bull=14  bear=12  confirmed=False
2026-03-25 12:04:54 INFO     quant_profiler │ MBS  price=23400  signal=BÁN / TRÁNH  VSA=NEUTRAL  regime=BEAR_TREND  bull=6  bear=15  confirmed=True
2026-03-25 12:05:00 WARNING  quant_profiler │ fetch_ohlcv: all sources failed for MCC
2026-03-25 12:05:03 INFO     quant_profiler │ MCF  price=7600  signal=THEO DÕI–GIẢM  VSA=NEUTRAL  regime=BEAR_TREND  bull=6  bear=9  confirmed=True
2026-03-25 12:05:06 INFO     quant_profiler │ MCG  price=2300  signal=BÁN / TRÁNH  VSA=NO_SUPPLY  regime=SIDEWAYS  bull=2  bear=13  confirmed=True
2026-03-25 12:05:10 INFO     quant_profiler │ MCO  price=4700  signal=BÁN / TRÁNH  VSA=NEUTRAL  regime=BEAR_TREND  bull=8  bear=16  confirmed=True
2026-03-25 12:05:13 INFO     quant_profiler │ MCP  price=27200  signal=BÁN / TRÁNH  VSA=NEUTRAL  regime=BEAR_TREND  bull=7  bear=15  confirmed=True
2026-03-25 12:05:18 INFO     quant_profiler │ MDG  price=40350  signal=THEO DÕI–TĂNG  VSA=NO_DEMAND  regime=BULL_TREND  bull=14  bear=9  confirmed=False
2026-03-25 12:05:21 INFO     quant_profiler │ MHC  price=9440  signal=BÁN / TRÁNH  VSA=NEUTRAL  regime=SIDEWAYS  bull=2  bear=13  confirmed=True
2026-03-25 12:05:27 WARNING  quant_profiler │ fetch_ohlcv: all sources failed for MHL
2026-03-25 12:05:32 INFO     quant_profiler │ MSB  price=11250  signal=TRUNG LẬP  VSA=NEUTRAL  regime=SIDEWAYS  bull=11  bear=10  confirmed=False
2026-03-25 12:05:35 INFO     quant_profiler │ MSN  price=72800  signal=BÁN / TRÁNH  VSA=NO_DEMAND  regime=BEAR_TREND  bull=6  bear=15  confirmed=True
2026-03-25 12:05:39 INFO     quant_profiler │ MST  price=8300  signal=THEO DÕI–TĂNG  VSA=NEUTRAL  regime=BULL_TREND  bull=15  bear=9  confirmed=True
2026-03-25 12:05:42 INFO     quant_profiler │ MTG  price=7000  signal=BÁN / TRÁNH  VSA=NEUTRAL  regime=SIDEWAYS  bull=3  bear=16  confirmed=False
2026-03-25 12:05:46 INFO     quant_profiler │ MWG  price=78300  signal=BÁN / TRÁNH  VSA=NEUTRAL  regime=SIDEWAYS  bull=0  bear=13  confirmed=True
2026-03-25 12:05:49 INFO     quant_profiler │ NAF  price=47350  signal=MUA  VSA=NEUTRAL  regime=HIGH_VOL  bull=13  bear=4  confirmed=True
2026-03-25 12:05:52 INFO     quant_profiler │ NAV  price=16500  signal=BÁN / TRÁNH  VSA=NEUTRAL  regime=BEAR_TREND  bull=6  bear=13  confirmed=False
2026-03-25 12:05:55 INFO     quant_profiler │ NBB  price=18000  signal=MUA  VSA=NO_SUPPLY  regime=SIDEWAYS  bull=13  bear=5  confirmed=True
2026-03-25 12:05:58 INFO     quant_profiler │ NBC  price=11100  signal=MUA  VSA=NEUTRAL  regime=BULL_TREND  bull=15  bear=4  confirmed=True
2026-03-25 12:06:02 INFO     quant_profiler │ NBP  price=7800  signal=TRUNG LẬP  VSA=NEUTRAL  regime=SIDEWAYS  bull=10  bear=9  confirmed=True
2026-03-25 12:06:05 INFO     quant_profiler │ NCT  price=91100  signal=BÁN / TRÁNH  VSA=NEUTRAL  regime=SIDEWAYS  bull=4  bear=13  confirmed=True
2026-03-25 12:06:08 INFO     quant_profiler │ NDN  price=10200  signal=BÁN / TRÁNH  VSA=NEUTRAL  regime=BEAR_TREND  bull=4  bear=15  confirmed=True
2026-03-25 12:06:11 INFO     quant_profiler │ NET  price=63200  signal=BÁN / TRÁNH  VSA=NO_DEMAND  regime=BEAR_TREND  bull=0  bear=17  confirmed=True
2026-03-25 12:06:14 INFO     quant_profiler │ NFC  price=60000  signal=BÁN / TRÁNH  VSA=NO_SUPPLY  regime=SIDEWAYS  bull=7  bear=18  confirmed=False
2026-03-25 12:06:18 INFO     quant_profiler │ NHA  price=12500  signal=THEO DÕI–GIẢM  VSA=NO_DEMAND  regime=BEAR_TREND  bull=9  bear=14  confirmed=True
2026-03-25 12:06:21 INFO     quant_profiler │ NHH  price=10000  signal=BÁN / TRÁNH  VSA=NEUTRAL  regime=BEAR_TREND  bull=0  bear=15  confirmed=True
2026-03-25 12:06:26 WARNING  quant_profiler │ fetch_ohlcv: all sources failed for NHP
2026-03-25 12:06:29 INFO     quant_profiler │ NHT  price=11000  signal=THEO DÕI–TĂNG  VSA=NO_DEMAND  regime=HIGH_VOL  bull=11  bear=9  confirmed=True
2026-03-25 12:06:32 INFO     quant_profiler │ NKG  price=13350  signal=BÁN / TRÁNH  VSA=NO_DEMAND  regime=SIDEWAYS  bull=6  bear=15  confirmed=True
2026-03-25 12:06:35 INFO     quant_profiler │ NLG  price=28450  signal=THEO DÕI–TĂNG  VSA=NO_DEMAND  regime=SIDEWAYS  bull=14  bear=10  confirmed=True
2026-03-25 12:06:39 INFO     quant_profiler │ NNC  price=53400  signal=BÁN / TRÁNH  VSA=NO_DEMAND  regime=BEAR_TREND  bull=7  bear=15  confirmed=True
2026-03-25 12:06:42 INFO     quant_profiler │ NRC  price=5900  signal=THEO DÕI–TĂNG  VSA=NEUTRAL  regime=SIDEWAYS  bull=10  bear=7  confirmed=True
2026-03-25 12:06:46 INFO     quant_profiler │ NSC  price=71900  signal=BÁN / TRÁNH  VSA=NO_SUPPLY  regime=BEAR_TREND  bull=8  bear=15  confirmed=True
2026-03-25 12:06:49 INFO     quant_profiler │ NST  price=12000  signal=BÁN / TRÁNH  VSA=NO_SUPPLY  regime=SIDEWAYS  bull=5  bear=10  confirmed=True
2026-03-25 12:06:52 INFO     quant_profiler │ NT2  price=27700  signal=THEO DÕI–TĂNG  VSA=ACCUM  regime=HIGH_VOL  bull=18  bear=10  confirmed=False
2026-03-25 12:06:55 INFO     quant_profiler │ NTC  price=144000  signal=THEO DÕI–GIẢM  VSA=NO_SUPPLY  regime=SIDEWAYS  bull=8  bear=13  confirmed=True
2026-03-25 12:06:58 INFO     quant_profiler │ NTH  price=56000  signal=BÁN / TRÁNH  VSA=DISTRIB  regime=HIGH_VOL  bull=6  bear=21  confirmed=False
2026-03-25 12:07:02 INFO     quant_profiler │ NTL  price=15800  signal=TRUNG LẬP  VSA=NEUTRAL  regime=BEAR_TREND  bull=13  bear=12  confirmed=False
2026-03-25 12:07:05 INFO     quant_profiler │ NTP  price=54900  signal=BÁN / TRÁNH  VSA=NEUTRAL  regime=BEAR_TREND  bull=4  bear=15  confirmed=True
2026-03-25 12:07:08 INFO     quant_profiler │ NVB  price=10800  signal=TRUNG LẬP  VSA=NO_DEMAND  regime=BEAR_TREND  bull=13  bear=14  confirmed=True
2026-03-25 12:07:12 INFO     quant_profiler │ NVL  price=13250  signal=THEO DÕI–TĂNG  VSA=NEUTRAL  regime=HIGH_VOL  bull=10  bear=7  confirmed=True
2026-03-25 12:07:15 INFO     quant_profiler │ NVT  price=7520  signal=THEO DÕI–TĂNG  VSA=ACCUM  regime=SIDEWAYS  bull=12  bear=9  confirmed=True
2026-03-25 12:07:19 INFO     quant_profiler │ OCB  price=11100  signal=TRUNG LẬP  VSA=NEUTRAL  regime=BEAR_TREND  bull=12  bear=14  confirmed=True
2026-03-25 12:07:22 INFO     quant_profiler │ ONE  price=10600  signal=THEO DÕI–TĂNG  VSA=NEUTRAL  regime=BULL_TREND  bull=12  bear=7  confirmed=True
2026-03-25 12:07:26 INFO     quant_profiler │ OPC  price=22400  signal=THEO DÕI–TĂNG  VSA=NO_SUPPLY  regime=BULL_TREND  bull=12  bear=7  confirmed=True
2026-03-25 12:07:29 INFO     quant_profiler │ ORS  price=13000  signal=THEO DÕI–GIẢM  VSA=NEUTRAL  regime=SIDEWAYS  bull=8  bear=11  confirmed=True
2026-03-25 12:07:34 INFO     quant_profiler │ PAC  price=27700  signal=MUA  VSA=NEUTRAL  regime=HIGH_VOL  bull=17  bear=9  confirmed=True
2026-03-25 12:07:37 INFO     quant_profiler │ PAN  price=28500  signal=BÁN / TRÁNH  VSA=NEUTRAL  regime=BEAR_TREND  bull=5  bear=15  confirmed=True
2026-03-25 12:07:42 INFO     quant_profiler │ PBP  price=12500  signal=BÁN / TRÁNH  VSA=NO_DEMAND  regime=SIDEWAYS  bull=5  bear=10  confirmed=True
2026-03-25 12:07:45 INFO     quant_profiler │ PC1  price=27900  signal=MUA  VSA=NEUTRAL  regime=HIGH_VOL  bull=13  bear=7  confirmed=False
2026-03-25 12:07:48 INFO     quant_profiler │ PCE  price=20000  signal=THEO DÕI–TĂNG  VSA=NO_DEMAND  regime=SIDEWAYS  bull=10  bear=7  confirmed=False
2026-03-25 12:07:51 INFO     quant_profiler │ PCG  price=2900  signal=THEO DÕI–TĂNG  VSA=NEUTRAL  regime=BULL_TREND  bull=12  bear=7  confirmed=True
2026-03-25 12:07:55 INFO     quant_profiler │ PCH  price=20600  signal=MUA  VSA=NEUTRAL  regime=BULL_TREND  bull=18  bear=3  confirmed=True
2026-03-25 12:07:59 INFO     quant_profiler │ PDB  price=23500  signal=MUA  VSA=DISTRIB  regime=BULL_TREND  bull=19  bear=8  confirmed=True
2026-03-25 12:08:02 INFO     quant_profiler │ PDC  price=4400  signal=BÁN / TRÁNH  VSA=NO_SUPPLY  regime=SIDEWAYS  bull=11  bear=23  confirmed=True
2026-03-25 12:08:05 INFO     quant_profiler │ PDN  price=106500  signal=TRUNG LẬP  VSA=NO_DEMAND  regime=SIDEWAYS  bull=12  bear=12  confirmed=True
2026-03-25 12:08:09 INFO     quant_profiler │ PDR  price=15000  signal=TRUNG LẬP  VSA=NEUTRAL  regime=BEAR_TREND  bull=9  bear=10  confirmed=True
2026-03-25 12:08:13 INFO     quant_profiler │ PEN  price=10100  signal=THEO DÕI–GIẢM  VSA=NO_DEMAND  regime=SIDEWAYS  bull=10  bear=14  confirmed=False
2026-03-25 12:08:16 INFO     quant_profiler │ PET  price=43500  signal=MUA  VSA=NEUTRAL  regime=HIGH_VOL  bull=11  bear=2  confirmed=True
2026-03-25 12:08:19 INFO     quant_profiler │ PGC  price=13700  signal=BÁN / TRÁNH  VSA=NO_DEMAND  regime=SIDEWAYS  bull=9  bear=18  confirmed=True
2026-03-25 12:08:23 INFO     quant_profiler │ PGD  price=24000  signal=BÁN / TRÁNH  VSA=NO_DEMAND  regime=HIGH_VOL  bull=6  bear=15  confirmed=True
2026-03-25 12:08:26 INFO     quant_profiler │ PGI  price=19500  signal=BÁN / TRÁNH  VSA=NEUTRAL  regime=SIDEWAYS  bull=5  bear=14  confirmed=True
2026-03-25 12:08:30 INFO     quant_profiler │ PGN  price=6500  signal=MUA  VSA=NEUTRAL  regime=BULL_TREND  bull=15  bear=4  confirmed=True
2026-03-25 12:08:33 INFO     quant_profiler │ PGS  price=52900  signal=MUA  VSA=NEUTRAL  regime=SIDEWAYS  bull=10  bear=5  confirmed=False
2026-03-25 12:08:36 INFO     quant_profiler │ PGV  price=24450  signal=TRUNG LẬP  VSA=NEUTRAL  regime=SIDEWAYS  bull=7  bear=8  confirmed=True
2026-03-25 12:08:40 INFO     quant_profiler │ PHC  price=4580  signal=BÁN / TRÁNH  VSA=NEUTRAL  regime=SIDEWAYS  bull=3  bear=17  confirmed=True
2026-03-25 12:08:44 INFO     quant_profiler │ PHP  price=33100  signal=BÁN / TRÁNH  VSA=NO_DEMAND  regime=BEAR_TREND  bull=4  bear=17  confirmed=True
2026-03-25 12:08:47 INFO     quant_profiler │ PHR  price=59000  signal=BÁN / TRÁNH  VSA=NEUTRAL  regime=SIDEWAYS  bull=5  bear=10  confirmed=True
2026-03-25 12:08:50 INFO     quant_profiler │ PIC  price=18500  signal=MUA  VSA=NEUTRAL  regime=HIGH_VOL  bull=13  bear=7  confirmed=False
2026-03-25 12:08:53 INFO     quant_profiler │ PIT  price=7800  signal=MUA  VSA=NEUTRAL  regime=SIDEWAYS  bull=14  bear=5  confirmed=False
2026-03-25 12:08:57 INFO     quant_profiler │ PJC  price=27900  signal=BÁN / TRÁNH  VSA=NEUTRAL  regime=SIDEWAYS  bull=6  bear=17  confirmed=False
2026-03-25 12:09:00 INFO     quant_profiler │ PJT  price=8890  signal=TRUNG LẬP  VSA=NO_SUPPLY  regime=SIDEWAYS  bull=11  bear=13  confirmed=True
2026-03-25 12:09:03 INFO     quant_profiler │ PLC  price=23400  signal=THEO DÕI–GIẢM  VSA=NEUTRAL  regime=SIDEWAYS  bull=9  bear=13  confirmed=True
2026-03-25 12:09:06 INFO     quant_profiler │ PLX  price=41200  signal=TRUNG LẬP  VSA=NO_DEMAND  regime=BEAR_TREND  bull=12  bear=14  confirmed=True
2026-03-25 12:09:10 INFO     quant_profiler │ PMB  price=10600  signal=TRUNG LẬP  VSA=NEUTRAL  regime=HIGH_VOL  bull=9  bear=10  confirmed=True
2026-03-25 12:09:13 INFO     quant_profiler │ PMC  price=127300  signal=BÁN / TRÁNH  VSA=NEUTRAL  regime=SIDEWAYS  bull=5  bear=17  confirmed=True
2026-03-25 12:09:16 INFO     quant_profiler │ PMG  price=7000  signal=BÁN / TRÁNH  VSA=NO_DEMAND  regime=SIDEWAYS  bull=7  bear=17  confirmed=True
2026-03-25 12:09:19 INFO     quant_profiler │ PMP  price=14000  signal=THEO DÕI–GIẢM  VSA=NEUTRAL  regime=HIGH_VOL  bull=10  bear=14  confirmed=True
2026-03-25 12:09:23 INFO     quant_profiler │ PMS  price=35000  signal=THEO DÕI–TĂNG  VSA=NEUTRAL  regime=SIDEWAYS  bull=11  bear=8  confirmed=False
2026-03-25 12:09:26 INFO     quant_profiler │ PMT  price=6900  signal=THEO DÕI–GIẢM  VSA=NEUTRAL  regime=SIDEWAYS  bull=6  bear=11  confirmed=True
2026-03-25 12:09:29 INFO     quant_profiler │ PNC  price=26500  signal=MUA  VSA=NEUTRAL  regime=SIDEWAYS  bull=9  bear=4  confirmed=False
2026-03-25 12:09:32 INFO     quant_profiler │ PND  price=7000  signal=THEO DÕI–TĂNG  VSA=NEUTRAL  regime=SIDEWAYS  bull=14  bear=10  confirmed=True
2026-03-25 12:09:35 INFO     quant_profiler │ PNJ  price=108600  signal=THEO DÕI–GIẢM  VSA=NEUTRAL  regime=SIDEWAYS  bull=8  bear=14  confirmed=True
2026-03-25 12:09:39 INFO     quant_profiler │ POM  price=4100  signal=THEO DÕI–GIẢM  VSA=NEUTRAL  regime=BULL_TREND  bull=11  bear=15  confirmed=False
2026-03-25 12:09:42 INFO     quant_profiler │ POW  price=13300  signal=TRUNG LẬP  VSA=NEUTRAL  regime=SIDEWAYS  bull=9  bear=10  confirmed=True
2026-03-25 12:09:45 INFO     quant_profiler │ PPC  price=11050  signal=MUA  VSA=ACCUM  regime=BULL_TREND  bull=24  bear=5  confirmed=True
2026-03-25 12:09:48 INFO     quant_profiler │ PPY  price=9200  signal=MUA  VSA=NEUTRAL  regime=SIDEWAYS  bull=13  bear=4  confirmed=True
2026-03-25 12:09:51 INFO     quant_profiler │ PRC  price=12100  signal=BÁN / TRÁNH  VSA=NEUTRAL  regime=BEAR_TREND  bull=6  bear=14  confirmed=False
2026-03-25 12:09:55 INFO     quant_profiler │ PRE  price=22200  signal=THEO DÕI–GIẢM  VSA=NO_DEMAND  regime=SIDEWAYS  bull=8  bear=14  confirmed=True
2026-03-25 12:09:58 INFO     quant_profiler │ PSC  price=11000  signal=BÁN / TRÁNH  VSA=ACCUM  regime=SIDEWAYS  bull=6  bear=21  confirmed=False
2026-03-25 12:10:02 INFO     quant_profiler │ PSD  price=15900  signal=TRUNG LẬP  VSA=NEUTRAL  regime=SIDEWAYS  bull=9  bear=10  confirmed=True
2026-03-25 12:10:05 INFO     quant_profiler │ PSE  price=10800  signal=THEO DÕI–GIẢM  VSA=NEUTRAL  regime=SIDEWAYS  bull=8  bear=14  confirmed=True
2026-03-25 12:10:09 INFO     quant_profiler │ PSH  price=1770  signal=THEO DÕI–GIẢM  VSA=DISTRIB  regime=BEAR_TREND  bull=19  bear=28  confirmed=True
2026-03-25 12:10:12 INFO     quant_profiler │ PSI  price=7700  signal=BÁN / TRÁNH  VSA=NEUTRAL  regime=HIGH_VOL  bull=2  bear=20  confirmed=True
2026-03-25 12:10:15 INFO     quant_profiler │ PSW  price=8100  signal=TRUNG LẬP  VSA=NO_DEMAND  regime=HIGH_VOL  bull=9  bear=8  confirmed=False
2026-03-25 12:10:18 INFO     quant_profiler │ PTB  price=48250  signal=BÁN / TRÁNH  VSA=NO_DEMAND  regime=SIDEWAYS  bull=5  bear=12  confirmed=True
2026-03-25 12:10:21 INFO     quant_profiler │ PTC  price=6850  signal=BÁN / TRÁNH  VSA=NO_DEMAND  regime=SIDEWAYS  bull=6  bear=13  confirmed=True
2026-03-25 12:10:25 INFO     quant_profiler │ PTD  price=7400  signal=BÁN / TRÁNH  VSA=NEUTRAL  regime=SIDEWAYS  bull=0  bear=19  confirmed=False
2026-03-25 12:10:28 INFO     quant_profiler │ PTI  price=29900  signal=MUA  VSA=ACCUM  regime=SIDEWAYS  bull=14  bear=7  confirmed=False
2026-03-25 12:10:31 INFO     quant_profiler │ PTL  price=2760  signal=BÁN / TRÁNH  VSA=NEUTRAL  regime=HIGH_VOL  bull=2  bear=21  confirmed=True
2026-03-25 12:10:34 INFO     quant_profiler │ PTS  price=9200  signal=THEO DÕI–GIẢM  VSA=NEUTRAL  regime=BEAR_TREND  bull=9  bear=12  confirmed=True
2026-03-25 12:10:38 INFO     quant_profiler │ PVB  price=29500  signal=THEO DÕI–GIẢM  VSA=NEUTRAL  regime=SIDEWAYS  bull=9  bear=13  confirmed=True
2026-03-25 12:10:42 INFO     quant_profiler │ PVC  price=18200  signal=MUA  VSA=NEUTRAL  regime=BULL_TREND  bull=16  bear=5  confirmed=False
2026-03-25 12:10:45 INFO     quant_profiler │ PVD  price=34350  signal=TRUNG LẬP  VSA=NEUTRAL  regime=BEAR_TREND  bull=13  bear=10  confirmed=False
2026-03-25 12:10:48 INFO     quant_profiler │ PVG  price=6800  signal=TRUNG LẬP  VSA=NO_DEMAND  regime=SIDEWAYS  bull=12  bear=12  confirmed=True
2026-03-25 12:10:51 INFO     quant_profiler │ PVI  price=79300  signal=MUA  VSA=NO_DEMAND  regime=SIDEWAYS  bull=19  bear=9  confirmed=False
2026-03-25 12:10:55 INFO     quant_profiler │ PVP  price=14750  signal=TRUNG LẬP  VSA=NO_DEMAND  regime=BULL_TREND  bull=10  bear=12  confirmed=True
2026-03-25 12:10:58 INFO     quant_profiler │ PVS  price=42600  signal=TRUNG LẬP  VSA=NEUTRAL  regime=HIGH_VOL  bull=10  bear=10  confirmed=True
2026-03-25 12:11:02 INFO     quant_profiler │ PVT  price=21400  signal=BÁN / TRÁNH  VSA=NO_DEMAND  regime=HIGH_VOL  bull=8  bear=15  confirmed=True
2026-03-25 12:11:05 INFO     quant_profiler │ PVX  price=1800  signal=BÁN / TRÁNH  VSA=NEUTRAL  regime=BULL_TREND  bull=9  bear=21  confirmed=False
2026-03-25 12:11:09 INFO     quant_profiler │ PXA  price=800  signal=BÁN / TRÁNH  VSA=NEUTRAL  regime=SIDEWAYS  bull=7  bear=19  confirmed=True
2026-03-25 12:11:12 INFO     quant_profiler │ PXT  price=1500  signal=BÁN / TRÁNH  VSA=NEUTRAL  regime=BEAR_TREND  bull=7  bear=14  confirmed=False
2026-03-25 12:11:15 INFO     quant_profiler │ QBS  price=600  signal=BÁN / TRÁNH  VSA=NEUTRAL  regime=BEAR_TREND  bull=3  bear=15  confirmed=True
2026-03-25 12:11:18 INFO     quant_profiler │ QHD  price=54000  signal=THEO DÕI–GIẢM  VSA=NO_SUPPLY  regime=UNKNOWN  bull=12  bear=18  confirmed=False
2026-03-25 12:11:21 INFO     quant_profiler │ RAL  price=86000  signal=BÁN / TRÁNH  VSA=NO_SUPPLY  regime=BEAR_TREND  bull=2  bear=15  confirmed=True
2026-03-25 12:11:25 INFO     quant_profiler │ REE  price=70900  signal=MUA  VSA=ACCUM  regime=BULL_TREND  bull=28  bear=11  confirmed=True
2026-03-25 12:11:29 INFO     quant_profiler │ RIC  price=11600  signal=THEO DÕI–TĂNG  VSA=NO_SUPPLY  regime=SIDEWAYS  bull=12  bear=7  confirmed=False
2026-03-25 12:11:34 WARNING  quant_profiler │ fetch_ohlcv: all sources failed for ROS
2026-03-25 12:11:37 INFO     quant_profiler │ S4A  price=34000  signal=MUA  VSA=ACCUM  regime=SIDEWAYS  bull=25  bear=5  confirmed=True
2026-03-25 12:11:41 INFO     quant_profiler │ S55  price=65000  signal=THEO DÕI–TĂNG  VSA=NO_SUPPLY  regime=SIDEWAYS  bull=12  bear=7  confirmed=True
2026-03-25 12:11:44 INFO     quant_profiler │ S99  price=8700  signal=TRUNG LẬP  VSA=NEUTRAL  regime=BEAR_TREND  bull=17  bear=16  confirmed=False
2026-03-25 12:11:47 INFO     quant_profiler │ SAB  price=44850  signal=TRUNG LẬP  VSA=NEUTRAL  regime=BEAR_TREND  bull=11  bear=12  confirmed=True
2026-03-25 12:11:51 INFO     quant_profiler │ SAF  price=54500  signal=BÁN / TRÁNH  VSA=NEUTRAL  regime=SIDEWAYS  bull=3  bear=12  confirmed=True
2026-03-25 12:11:55 INFO     quant_profiler │ SAM  price=6380  signal=BÁN / TRÁNH  VSA=NO_DEMAND  regime=BEAR_TREND  bull=2  bear=22  confirmed=True
2026-03-25 12:11:58 INFO     quant_profiler │ SAV  price=13450  signal=TRUNG LẬP  VSA=NO_DEMAND  regime=SIDEWAYS  bull=10  bear=9  confirmed=True
2026-03-25 12:12:01 INFO     quant_profiler │ SBA  price=28200  signal=TRUNG LẬP  VSA=NEUTRAL  regime=BEAR_TREND  bull=11  bear=12  confirmed=True
2026-03-25 12:12:04 INFO     quant_profiler │ SBT  price=21100  signal=THEO DÕI–GIẢM  VSA=NO_DEMAND  regime=BEAR_TREND  bull=10  bear=17  confirmed=True
2026-03-25 12:12:08 INFO     quant_profiler │ SBV  price=7500  signal=BÁN / TRÁNH  VSA=ACCUM  regime=HIGH_VOL  bull=4  bear=13  confirmed=True
2026-03-25 12:12:12 INFO     quant_profiler │ SC5  price=15500  signal=TRUNG LẬP  VSA=NEUTRAL  regime=SIDEWAYS  bull=11  bear=10  confirmed=False
2026-03-25 12:12:15 INFO     quant_profiler │ SCD  price=16800  signal=THEO DÕI–TĂNG  VSA=NEUTRAL  regime=HIGH_VOL  bull=8  bear=5  confirmed=True
2026-03-25 12:12:18 INFO     quant_profiler │ SCI  price=8500  signal=THEO DÕI–TĂNG  VSA=NO_SUPPLY  regime=BEAR_TREND  bull=15  bear=10  confirmed=False
2026-03-25 12:12:21 INFO     quant_profiler │ SCR  price=5870  signal=TRUNG LẬP  VSA=NEUTRAL  regime=BEAR_TREND  bull=9  bear=10  confirmed=True
2026-03-25 12:12:25 INFO     quant_profiler │ SCS  price=52700  signal=BÁN / TRÁNH  VSA=NEUTRAL  regime=SIDEWAYS  bull=6  bear=13  confirmed=True
2026-03-25 12:12:28 INFO     quant_profiler │ SD4  price=1900  signal=BÁN / TRÁNH  VSA=NEUTRAL  regime=SIDEWAYS  bull=0  bear=13  confirmed=True
2026-03-25 12:12:31 INFO     quant_profiler │ SD5  price=7500  signal=BÁN / TRÁNH  VSA=NEUTRAL  regime=SIDEWAYS  bull=3  bear=14  confirmed=True
2026-03-25 12:12:34 INFO     quant_profiler │ SD6  price=1900  signal=THEO DÕI–GIẢM  VSA=NEUTRAL  regime=BEAR_TREND  bull=12  bear=19  confirmed=True
2026-03-25 12:12:38 INFO     quant_profiler │ SD9  price=11200  signal=THEO DÕI–GIẢM  VSA=NO_DEMAND  regime=HIGH_VOL  bull=10  bear=14  confirmed=False
2026-03-25 12:12:42 INFO     quant_profiler │ SDA  price=1900  signal=BÁN / TRÁNH  VSA=NEUTRAL  regime=BEAR_TREND  bull=7  bear=18  confirmed=True
2026-03-25 12:12:51 WARNING  quant_profiler │ fetch_ohlcv: all sources failed for SDB
2026-03-25 12:12:55 INFO     quant_profiler │ SDC  price=7300  signal=TRUNG LẬP  VSA=NO_SUPPLY  regime=SIDEWAYS  bull=11  bear=10  confirmed=True
2026-03-25 12:12:58 INFO     quant_profiler │ SDG  price=9900  signal=BÁN / TRÁNH  VSA=NEUTRAL  regime=SIDEWAYS  bull=2  bear=13  confirmed=True
2026-03-25 12:13:01 INFO     quant_profiler │ SDT  price=4800  signal=MUA  VSA=NEUTRAL  regime=SIDEWAYS  bull=13  bear=7  confirmed=True
2026-03-25 12:13:04 INFO     quant_profiler │ SDU  price=11000  signal=THEO DÕI–GIẢM  VSA=NO_SUPPLY  regime=SIDEWAYS  bull=13  bear=17  confirmed=True
2026-03-25 12:13:08 INFO     quant_profiler │ SEB  price=45000  signal=BÁN / TRÁNH  VSA=NEUTRAL  regime=BEAR_TREND  bull=6  bear=19  confirmed=True
2026-03-25 12:13:11 INFO     quant_profiler │ SED  price=18500  signal=BÁN / TRÁNH  VSA=ACCUM  regime=BEAR_TREND  bull=4  bear=23  confirmed=True
2026-03-25 12:13:14 INFO     quant_profiler │ SFC  price=19500  signal=MUA  VSA=NEUTRAL  regime=SIDEWAYS  bull=13  bear=4  confirmed=True
2026-03-25 12:13:18 INFO     quant_profiler │ SFG  price=10500  signal=BÁN / TRÁNH  VSA=NEUTRAL  regime=HIGH_VOL  bull=5  bear=15  confirmed=True
2026-03-25 12:13:21 INFO     quant_profiler │ SFI  price=28000  signal=THEO DÕI–TĂNG  VSA=NO_DEMAND  regime=SIDEWAYS  bull=11  bear=6  confirmed=False
2026-03-25 12:13:25 INFO     quant_profiler │ SFN  price=15800  signal=BÁN / TRÁNH  VSA=DISTRIB  regime=SIDEWAYS  bull=5  bear=21  confirmed=True
2026-03-25 12:13:28 INFO     quant_profiler │ SGC  price=78000  signal=THEO DÕI–TĂNG  VSA=NEUTRAL  regime=SIDEWAYS  bull=10  bear=7  confirmed=True
2026-03-25 12:13:31 INFO     quant_profiler │ SGD  price=19700  signal=BÁN / TRÁNH  VSA=NEUTRAL  regime=SIDEWAYS  bull=6  bear=13  confirmed=True
2026-03-25 12:13:34 INFO     quant_profiler │ SGH  price=20000  signal=BÁN / TRÁNH  VSA=NO_SUPPLY  regime=SIDEWAYS  bull=7  bear=13  confirmed=True
2026-03-25 12:13:38 INFO     quant_profiler │ SGN  price=53300  signal=TRUNG LẬP  VSA=NO_DEMAND  regime=BEAR_TREND  bull=13  bear=14  confirmed=True
2026-03-25 12:13:41 INFO     quant_profiler │ SGR  price=14800  signal=BÁN / TRÁNH  VSA=NO_SUPPLY  regime=BEAR_TREND  bull=2  bear=15  confirmed=True
2026-03-25 12:13:44 INFO     quant_profiler │ SGT  price=16000  signal=THEO DÕI–TĂNG  VSA=NEUTRAL  regime=SIDEWAYS  bull=14  bear=10  confirmed=False
2026-03-25 12:13:47 INFO     quant_profiler │ SHA  price=3800  signal=BÁN / TRÁNH  VSA=NEUTRAL  regime=BEAR_TREND  bull=2  bear=13  confirmed=True
2026-03-25 12:13:50 INFO     quant_profiler │ SHB  price=14600  signal=BÁN / TRÁNH  VSA=NO_DEMAND  regime=SIDEWAYS  bull=2  bear=13  confirmed=True
2026-03-25 12:13:54 INFO     quant_profiler │ SHI  price=14000  signal=BÁN / TRÁNH  VSA=NEUTRAL  regime=BULL_TREND  bull=2  bear=21  confirmed=True
2026-03-25 12:13:57 INFO     quant_profiler │ SHP  price=34050  signal=TRUNG LẬP  VSA=NEUTRAL  regime=BEAR_TREND  bull=13  bear=11  confirmed=False
2026-03-25 12:14:00 INFO     quant_profiler │ SHS  price=15800  signal=THEO DÕI–GIẢM  VSA=NEUTRAL  regime=BEAR_TREND  bull=9  bear=15  confirmed=True
2026-03-25 12:14:03 INFO     quant_profiler │ SII  price=16000  signal=TRUNG LẬP  VSA=NO_SUPPLY  regime=SIDEWAYS  bull=11  bear=10  confirmed=True
2026-03-25 12:14:06 INFO     quant_profiler │ SJD  price=14000  signal=BÁN / TRÁNH  VSA=NEUTRAL  regime=BEAR_TREND  bull=3  bear=12  confirmed=True
2026-03-25 12:14:11 INFO     quant_profiler │ SJE  price=16900  signal=THEO DÕI–TĂNG  VSA=ACCUM  regime=SIDEWAYS  bull=15  bear=9  confirmed=False
2026-03-25 12:14:18 WARNING  quant_profiler │ fetch_ohlcv: all sources failed for SJF
2026-03-25 12:14:21 INFO     quant_profiler │ SJS  price=48400  signal=BÁN / TRÁNH  VSA=NEUTRAL  regime=BEAR_TREND  bull=3  bear=19  confirmed=True
2026-03-25 12:14:25 INFO     quant_profiler │ SKG  price=9090  signal=THEO DÕI–GIẢM  VSA=NO_DEMAND  regime=BEAR_TREND  bull=13  bear=17  confirmed=True
2026-03-25 12:14:30 WARNING  quant_profiler │ fetch_ohlcv: all sources failed for SKS
2026-03-25 12:14:33 INFO     quant_profiler │ SLS  price=160800  signal=BÁN / TRÁNH  VSA=NEUTRAL  regime=BEAR_TREND  bull=8  bear=18  confirmed=True
2026-03-25 12:14:37 INFO     quant_profiler │ SMA  price=9800  signal=MUA  VSA=NO_SUPPLY  regime=BULL_TREND  bull=17  bear=0  confirmed=True
2026-03-25 12:14:41 INFO     quant_profiler │ SMB  price=38400  signal=BÁN / TRÁNH  VSA=NEUTRAL  regime=SIDEWAYS  bull=3  bear=17  confirmed=True
2026-03-25 12:14:44 INFO     quant_profiler │ SMC  price=11100  signal=THEO DÕI–GIẢM  VSA=NO_DEMAND  regime=SIDEWAYS  bull=7  bear=12  confirmed=True
2026-03-25 12:14:47 INFO     quant_profiler │ SNC  price=23700  signal=TRUNG LẬP  VSA=NEUTRAL  regime=UNKNOWN  bull=8  bear=9  confirmed=False
2026-03-25 12:14:53 WARNING  quant_profiler │ fetch_ohlcv: all sources failed for SND
2026-03-25 12:14:59 WARNING  quant_profiler │ fetch_ohlcv: all sources failed for SNG
2026-03-25 12:15:02 INFO     quant_profiler │ SPI  price=1800  signal=THEO DÕI–GIẢM  VSA=NEUTRAL  regime=BEAR_TREND  bull=11  bear=15  confirmed=True
2026-03-25 12:15:05 INFO     quant_profiler │ SRA  price=2000  signal=BÁN / TRÁNH  VSA=NEUTRAL  regime=SIDEWAYS  bull=7  bear=13  confirmed=True
2026-03-25 12:15:09 INFO     quant_profiler │ SRF  price=7070  signal=BÁN / TRÁNH  VSA=NO_DEMAND  regime=BEAR_TREND  bull=4  bear=17  confirmed=True
2026-03-25 12:15:12 INFO     quant_profiler │ SSC  price=28100  signal=BÁN / TRÁNH  VSA=NO_DEMAND  regime=HIGH_VOL  bull=6  bear=21  confirmed=True
2026-03-25 12:15:15 INFO     quant_profiler │ SSI  price=26850  signal=BÁN / TRÁNH  VSA=NEUTRAL  regime=SIDEWAYS  bull=6  bear=13  confirmed=True
2026-03-25 12:15:18 INFO     quant_profiler │ ST8  price=3250  signal=THEO DÕI–TĂNG  VSA=NEUTRAL  regime=BEAR_TREND  bull=20  bear=12  confirmed=False
2026-03-25 12:15:21 INFO     quant_profiler │ STB  price=61900  signal=BÁN / TRÁNH  VSA=NO_DEMAND  regime=SIDEWAYS  bull=3  bear=12  confirmed=True
2026-03-25 12:15:25 INFO     quant_profiler │ STC  price=14600  signal=BÁN / TRÁNH  VSA=NO_DEMAND  regime=SIDEWAYS  bull=2  bear=15  confirmed=True
2026-03-25 12:15:28 INFO     quant_profiler │ STG  price=37500  signal=MUA  VSA=NEUTRAL  regime=SIDEWAYS  bull=13  bear=6  confirmed=False
2026-03-25 12:15:31 INFO     quant_profiler │ STK  price=14950  signal=BÁN / TRÁNH  VSA=NEUTRAL  regime=SIDEWAYS  bull=7  bear=13  confirmed=True
2026-03-25 12:15:34 INFO     quant_profiler │ SVC  price=18100  signal=BÁN / TRÁNH  VSA=NEUTRAL  regime=BEAR_TREND  bull=6  bear=15  confirmed=True
2026-03-25 12:15:38 INFO     quant_profiler │ SVD  price=3990  signal=THEO DÕI–GIẢM  VSA=NO_DEMAND  regime=SIDEWAYS  bull=7  bear=10  confirmed=True
2026-03-25 12:15:41 INFO     quant_profiler │ SVI  price=37200  signal=MUA  VSA=ACCUM  regime=SIDEWAYS  bull=14  bear=5  confirmed=False
2026-03-25 12:15:44 INFO     quant_profiler │ SVT  price=11200  signal=BÁN / TRÁNH  VSA=NO_DEMAND  regime=SIDEWAYS  bull=3  bear=18  confirmed=False
2026-03-25 12:15:47 INFO     quant_profiler │ SZC  price=28400  signal=BÁN / TRÁNH  VSA=NEUTRAL  regime=SIDEWAYS  bull=6  bear=16  confirmed=True
2026-03-25 12:15:51 INFO     quant_profiler │ SZL  price=48000  signal=BÁN / TRÁNH  VSA=NO_DEMAND  regime=SIDEWAYS  bull=3  bear=17  confirmed=True
2026-03-25 12:15:55 INFO     quant_profiler │ TA9  price=12200  signal=THEO DÕI–GIẢM  VSA=NEUTRAL  regime=BEAR_TREND  bull=8  bear=12  confirmed=True
2026-03-25 12:15:58 INFO     quant_profiler │ TAR  price=3600  signal=BÁN / TRÁNH  VSA=NEUTRAL  regime=BEAR_TREND  bull=5  bear=15  confirmed=True
2026-03-25 12:16:01 INFO     quant_profiler │ TBC  price=35000  signal=BÁN / TRÁNH  VSA=NEUTRAL  regime=SIDEWAYS  bull=5  bear=20  confirmed=True
2026-03-25 12:16:08 WARNING  quant_profiler │ fetch_ohlcv: all sources failed for TBH
2026-03-25 12:16:13 WARNING  quant_profiler │ fetch_ohlcv: all sources failed for TC6
2026-03-25 12:16:16 INFO     quant_profiler │ TCB  price=30400  signal=TRUNG LẬP  VSA=NEUTRAL  regime=BEAR_TREND  bull=13  bear=12  confirmed=False
2026-03-25 12:16:19 INFO     quant_profiler │ TCD  price=1890  signal=TRUNG LẬP  VSA=ACCUM  regime=SIDEWAYS  bull=15  bear=17  confirmed=True
2026-03-25 12:16:22 INFO     quant_profiler │ TCH  price=16300  signal=TRUNG LẬP  VSA=NEUTRAL  regime=SIDEWAYS  bull=14  bear=12  confirmed=True
2026-03-25 12:16:27 INFO     quant_profiler │ TCL  price=33400  signal=BÁN / TRÁNH  VSA=NEUTRAL  regime=BEAR_TREND  bull=4  bear=15  confirmed=True
2026-03-25 12:16:30 INFO     quant_profiler │ TCM  price=22400  signal=THEO DÕI–GIẢM  VSA=NO_DEMAND  regime=BEAR_TREND  bull=11  bear=17  confirmed=True
2026-03-25 12:16:34 INFO     quant_profiler │ TCO  price=12900  signal=TRUNG LẬP  VSA=NEUTRAL  regime=SIDEWAYS  bull=20  bear=18  confirmed=True
2026-03-25 12:16:37 INFO     quant_profiler │ TCR  price=2690  signal=THEO DÕI–GIẢM  VSA=NO_DEMAND  regime=BEAR_TREND  bull=14  bear=18  confirmed=True
2026-03-25 12:16:43 WARNING  quant_profiler │ fetch_ohlcv: all sources failed for TCS
2026-03-25 12:16:46 INFO     quant_profiler │ TCT  price=19700  signal=BÁN / TRÁNH  VSA=NEUTRAL  regime=HIGH_VOL  bull=5  bear=15  confirmed=True
2026-03-25 12:16:49 INFO     quant_profiler │ TDC  price=10900  signal=BÁN / TRÁNH  VSA=NEUTRAL  regime=BEAR_TREND  bull=8  bear=19  confirmed=True
2026-03-25 12:16:52 INFO     quant_profiler │ TDG  price=2600  signal=TRUNG LẬP  VSA=NO_SUPPLY  regime=SIDEWAYS  bull=11  bear=13  confirmed=True
2026-03-25 12:16:56 INFO     quant_profiler │ TDH  price=3520  signal=BÁN / TRÁNH  VSA=NEUTRAL  regime=BEAR_TREND  bull=6  bear=13  confirmed=True
2026-03-25 12:16:59 INFO     quant_profiler │ TDM  price=56000  signal=BÁN / TRÁNH  VSA=NO_DEMAND  regime=BEAR_TREND  bull=6  bear=17  confirmed=True
2026-03-25 12:17:04 WARNING  quant_profiler │ fetch_ohlcv: all sources failed for TDN
2026-03-25 12:17:07 INFO     quant_profiler │ TDP  price=29700  signal=MUA  VSA=NEUTRAL  regime=BULL_TREND  bull=12  bear=5  confirmed=True
2026-03-25 12:17:11 INFO     quant_profiler │ TDT  price=6900  signal=MUA  VSA=NEUTRAL  regime=BULL_TREND  bull=15  bear=4  confirmed=True
2026-03-25 12:17:14 INFO     quant_profiler │ TDW  price=45200  signal=TRUNG LẬP  VSA=NEUTRAL  regime=BEAR_TREND  bull=12  bear=12  confirmed=False
2026-03-25 12:17:17 INFO     quant_profiler │ TEG  price=6050  signal=THEO DÕI–GIẢM  VSA=NEUTRAL  regime=SIDEWAYS  bull=6  bear=11  confirmed=False
2026-03-25 12:17:24 WARNING  quant_profiler │ fetch_ohlcv: all sources failed for TGG
2026-03-25 12:17:27 INFO     quant_profiler │ THB  price=9200  signal=THEO DÕI–GIẢM  VSA=NEUTRAL  regime=SIDEWAYS  bull=6  bear=9  confirmed=False
2026-03-25 12:17:30 INFO     quant_profiler │ THG  price=43800  signal=BÁN / TRÁNH  VSA=DISTRIB  regime=HIGH_VOL  bull=6  bear=18  confirmed=False
2026-03-25 12:17:35 WARNING  quant_profiler │ fetch_ohlcv: all sources failed for THI
2026-03-25 12:17:38 INFO     quant_profiler │ THS  price=9900  signal=BÁN / TRÁNH  VSA=NEUTRAL  regime=UNKNOWN  bull=9  bear=17  confirmed=True
2026-03-25 12:17:42 INFO     quant_profiler │ THT  price=9300  signal=BÁN / TRÁNH  VSA=NEUTRAL  regime=BULL_TREND  bull=9  bear=17  confirmed=False
2026-03-25 12:17:45 INFO     quant_profiler │ TID  price=22000  signal=TRUNG LẬP  VSA=NEUTRAL  regime=SIDEWAYS  bull=11  bear=10  confirmed=False
2026-03-25 12:17:48 INFO     quant_profiler │ TIP  price=18600  signal=BÁN / TRÁNH  VSA=NO_SUPPLY  regime=BEAR_TREND  bull=5  bear=20  confirmed=True
2026-03-25 12:17:51 INFO     quant_profiler │ TIX  price=43500  signal=BÁN / TRÁNH  VSA=NEUTRAL  regime=HIGH_VOL  bull=5  bear=10  confirmed=True
2026-03-25 12:17:57 WARNING  quant_profiler │ fetch_ohlcv: all sources failed for TKC
2026-03-25 12:18:00 INFO     quant_profiler │ TKU  price=13500  signal=BÁN / TRÁNH  VSA=DISTRIB  regime=SIDEWAYS  bull=5  bear=16  confirmed=False
2026-03-25 12:18:17 WARNING  quant_profiler │ fetch_ohlcv: all sources failed for TLC
2026-03-25 12:18:20 INFO     quant_profiler │ TLD  price=8300  signal=MUA  VSA=DISTRIB  regime=BULL_TREND  bull=23  bear=8  confirmed=False
2026-03-25 12:18:23 INFO     quant_profiler │ TLG  price=48350  signal=BÁN / TRÁNH  VSA=NO_DEMAND  regime=SIDEWAYS  bull=3  bear=12  confirmed=True
2026-03-25 12:18:27 INFO     quant_profiler │ TLH  price=4500  signal=BÁN / TRÁNH  VSA=NEUTRAL  regime=BEAR_TREND  bull=6  bear=18  confirmed=True
2026-03-25 12:18:30 INFO     quant_profiler │ TMB  price=53700  signal=BÁN / TRÁNH  VSA=NO_SUPPLY  regime=BULL_TREND  bull=6  bear=13  confirmed=True
2026-03-25 12:18:33 INFO     quant_profiler │ TMP  price=55000  signal=BÁN / TRÁNH  VSA=NEUTRAL  regime=BEAR_TREND  bull=0  bear=21  confirmed=True
2026-03-25 12:18:36 INFO     quant_profiler │ TMS  price=40700  signal=TRUNG LẬP  VSA=NEUTRAL  regime=BEAR_TREND  bull=13  bear=15  confirmed=True
2026-03-25 12:18:40 INFO     quant_profiler │ TMT  price=12900  signal=MUA  VSA=NEUTRAL  regime=SIDEWAYS  bull=22  bear=0  confirmed=True
2026-03-25 12:18:43 INFO     quant_profiler │ TN1  price=16000  signal=THEO DÕI–TĂNG  VSA=NEUTRAL  regime=SIDEWAYS  bull=11  bear=8  confirmed=False
2026-03-25 12:18:46 INFO     quant_profiler │ TNA  price=3770  signal=THEO DÕI–GIẢM  VSA=DISTRIB  regime=UNKNOWN  bull=19  bear=25  confirmed=True
2026-03-25 12:18:49 INFO     quant_profiler │ TNB  price=8800  signal=TRUNG LẬP  VSA=NEUTRAL  regime=SIDEWAYS  bull=11  bear=10  confirmed=False
2026-03-25 12:18:52 INFO     quant_profiler │ TNC  price=29000  signal=THEO DÕI–GIẢM  VSA=NEUTRAL  regime=SIDEWAYS  bull=6  bear=11  confirmed=True
2026-03-25 12:18:56 INFO     quant_profiler │ TNG  price=23900  signal=TRUNG LẬP  VSA=NO_DEMAND  regime=HIGH_VOL  bull=9  bear=8  confirmed=False
2026-03-25 12:18:59 INFO     quant_profiler │ TNH  price=10250  signal=TRUNG LẬP  VSA=NEUTRAL  regime=BEAR_TREND  bull=15  bear=15  confirmed=True
2026-03-25 12:19:02 INFO     quant_profiler │ TNI  price=4070  signal=THEO DÕI–GIẢM  VSA=NEUTRAL  regime=BEAR_TREND  bull=11  bear=15  confirmed=True
2026-03-25 12:19:05 INFO     quant_profiler │ TNV  price=16900  signal=BÁN / TRÁNH  VSA=NO_SUPPLY  regime=SIDEWAYS  bull=7  bear=18  confirmed=True
2026-03-25 12:19:08 INFO     quant_profiler │ TPB  price=15950  signal=BÁN / TRÁNH  VSA=NEUTRAL  regime=BEAR_TREND  bull=6  bear=18  confirmed=True
2026-03-25 12:19:12 INFO     quant_profiler │ TPC  price=10350  signal=TRUNG LẬP  VSA=NO_SUPPLY  regime=SIDEWAYS  bull=16  bear=17  confirmed=True
2026-03-25 12:19:15 INFO     quant_profiler │ TPP  price=10200  signal=BÁN / TRÁNH  VSA=NEUTRAL  regime=SIDEWAYS  bull=2  bear=13  confirmed=True
2026-03-25 12:19:18 INFO     quant_profiler │ TSB  price=20100  signal=THEO DÕI–GIẢM  VSA=NEUTRAL  regime=BEAR_TREND  bull=9  bear=15  confirmed=True
2026-03-25 12:19:21 INFO     quant_profiler │ TSC  price=2560  signal=BÁN / TRÁNH  VSA=NEUTRAL  regime=BEAR_TREND  bull=8  bear=16  confirmed=True
2026-03-25 12:19:25 INFO     quant_profiler │ TTA  price=12400  signal=THEO DÕI–TĂNG  VSA=ACCUM  regime=HIGH_VOL  bull=20  bear=11  confirmed=True
2026-03-25 12:19:30 WARNING  quant_profiler │ fetch_ohlcv: all sources failed for TTB
2026-03-25 12:19:33 INFO     quant_profiler │ TTC  price=10000  signal=TRUNG LẬP  VSA=NEUTRAL  regime=BULL_TREND  bull=12  bear=11  confirmed=True
2026-03-25 12:19:37 INFO     quant_profiler │ TTD  price=134000  signal=MUA  VSA=NO_SUPPLY  regime=BULL_TREND  bull=17  bear=6  confirmed=True
2026-03-25 12:19:41 INFO     quant_profiler │ TTE  price=33900  signal=BÁN / TRÁNH  VSA=NEUTRAL  regime=SIDEWAYS  bull=5  bear=19  confirmed=True
2026-03-25 12:19:44 INFO     quant_profiler │ TTF  price=2670  signal=BÁN / TRÁNH  VSA=NEUTRAL  regime=BEAR_TREND  bull=2  bear=15  confirmed=True
2026-03-25 12:19:49 WARNING  quant_profiler │ fetch_ohlcv: all sources failed for TTZ
2026-03-25 12:19:52 INFO     quant_profiler │ TV2  price=39350  signal=MUA  VSA=ACCUM  regime=HIGH_VOL  bull=25  bear=7  confirmed=False
2026-03-25 12:19:57 INFO     quant_profiler │ TV3  price=17600  signal=MUA  VSA=NEUTRAL  regime=SIDEWAYS  bull=15  bear=3  confirmed=False
2026-03-25 12:20:00 INFO     quant_profiler │ TV4  price=15500  signal=THEO DÕI–GIẢM  VSA=NEUTRAL  regime=HIGH_VOL  bull=5  bear=8  confirmed=True
2026-03-25 12:20:03 INFO     quant_profiler │ TVB  price=7250  signal=BÁN / TRÁNH  VSA=NEUTRAL  regime=BEAR_TREND  bull=2  bear=15  confirmed=True
2026-03-25 12:20:06 INFO     quant_profiler │ TVD  price=11600  signal=THEO DÕI–GIẢM  VSA=NEUTRAL  regime=BULL_TREND  bull=10  bear=15  confirmed=False
2026-03-25 12:20:10 INFO     quant_profiler │ TVS  price=13100  signal=BÁN / TRÁNH  VSA=NEUTRAL  regime=SIDEWAYS  bull=8  bear=17  confirmed=True
2026-03-25 12:20:13 INFO     quant_profiler │ TVT  price=16100  signal=THEO DÕI–GIẢM  VSA=NO_DEMAND  regime=SIDEWAYS  bull=6  bear=11  confirmed=True
2026-03-25 12:20:16 INFO     quant_profiler │ TXM  price=4400  signal=BÁN / TRÁNH  VSA=NEUTRAL  regime=BULL_TREND  bull=8  bear=19  confirmed=False
2026-03-25 12:20:18 INFO     quant_profiler │ TYA  price=17300  signal=BÁN / TRÁNH  VSA=NEUTRAL  regime=BEAR_TREND  bull=6  bear=15  confirmed=True
2026-03-25 12:20:22 INFO     quant_profiler │ UDC  price=3400  signal=THEO DÕI–TĂNG  VSA=NEUTRAL  regime=SIDEWAYS  bull=12  bear=8  confirmed=False
2026-03-25 12:20:26 INFO     quant_profiler │ UIC  price=60500  signal=MUA  VSA=NEUTRAL  regime=SIDEWAYS  bull=21  bear=2  confirmed=True
2026-03-25 12:20:29 INFO     quant_profiler │ UNI  price=7900  signal=THEO DÕI–GIẢM  VSA=ACCUM  regime=SIDEWAYS  bull=9  bear=13  confirmed=True
2026-03-25 12:20:32 INFO     quant_profiler │ VAF  price=20050  signal=THEO DÕI–TĂNG  VSA=NEUTRAL  regime=BULL_TREND  bull=9  bear=6  confirmed=False
2026-03-25 12:20:37 WARNING  quant_profiler │ fetch_ohlcv: all sources failed for VAT
2026-03-25 12:20:41 INFO     quant_profiler │ VBC  price=22000  signal=THEO DÕI–TĂNG  VSA=NO_DEMAND  regime=SIDEWAYS  bull=12  bear=7  confirmed=False
2026-03-25 12:20:44 INFO     quant_profiler │ VC2  price=4700  signal=BÁN / TRÁNH  VSA=NEUTRAL  regime=BEAR_TREND  bull=3  bear=16  confirmed=True
2026-03-25 12:20:47 INFO     quant_profiler │ VC3  price=26000  signal=TRUNG LẬP  VSA=NEUTRAL  regime=BEAR_TREND  bull=13  bear=10  confirmed=False
2026-03-25 12:20:50 INFO     quant_profiler │ VC7  price=7800  signal=THEO DÕI–TĂNG  VSA=NO_SUPPLY  regime=SIDEWAYS  bull=13  bear=10  confirmed=False
2026-03-25 12:20:53 INFO     quant_profiler │ VC9  price=3700  signal=BÁN / TRÁNH  VSA=NEUTRAL  regime=BEAR_TREND  bull=0  bear=21  confirmed=True
2026-03-25 12:20:57 INFO     quant_profiler │ VCA  price=7060  signal=THEO DÕI–GIẢM  VSA=NO_SUPPLY  regime=HIGH_VOL  bull=13  bear=17  confirmed=True
2026-03-25 12:21:00 INFO     quant_profiler │ VCB  price=58300  signal=BÁN / TRÁNH  VSA=NEUTRAL  regime=SIDEWAYS  bull=4  bear=13  confirmed=True
2026-03-25 12:21:03 INFO     quant_profiler │ VCC  price=10500  signal=BÁN / TRÁNH  VSA=NEUTRAL  regime=HIGH_VOL  bull=7  bear=16  confirmed=False
2026-03-25 12:21:06 INFO     quant_profiler │ VCF  price=330000  signal=THEO DÕI–TĂNG  VSA=ACCUM  regime=HIGH_VOL  bull=15  bear=11  confirmed=True
2026-03-25 12:21:10 INFO     quant_profiler │ VCG  price=21350  signal=THEO DÕI–GIẢM  VSA=NEUTRAL  regime=BULL_TREND  bull=9  bear=14  confirmed=False
2026-03-25 12:21:16 WARNING  quant_profiler │ fetch_ohlcv: all sources failed for VCH
2026-03-25 12:21:19 INFO     quant_profiler │ VCI  price=35000  signal=BÁN / TRÁNH  VSA=NEUTRAL  regime=SIDEWAYS  bull=4  bear=11  confirmed=True
2026-03-25 12:21:25 WARNING  quant_profiler │ fetch_ohlcv: all sources failed for VCL
2026-03-25 12:21:28 INFO     quant_profiler │ VCS  price=41600  signal=THEO DÕI–TĂNG  VSA=NO_SUPPLY  regime=SIDEWAYS  bull=13  bear=10  confirmed=False
2026-03-25 12:21:31 INFO     quant_profiler │ VDL  price=9800  signal=MUA  VSA=NO_SUPPLY  regime=SIDEWAYS  bull=10  bear=5  confirmed=True
2026-03-25 12:21:34 INFO     quant_profiler │ VDP  price=54000  signal=MUA  VSA=NEUTRAL  regime=BULL_TREND  bull=13  bear=6  confirmed=True
2026-03-25 12:21:37 INFO     quant_profiler │ VDS  price=14200  signal=THEO DÕI–GIẢM  VSA=NEUTRAL  regime=BEAR_TREND  bull=10  bear=15  confirmed=True
2026-03-25 12:21:41 INFO     quant_profiler │ VE1  price=3300  signal=BÁN / TRÁNH  VSA=NEUTRAL  regime=BULL_TREND  bull=2  bear=19  confirmed=True
2026-03-25 12:21:47 WARNING  quant_profiler │ fetch_ohlcv: all sources failed for VE2
2026-03-25 12:21:50 INFO     quant_profiler │ VE3  price=6400  signal=BÁN / TRÁNH  VSA=NO_DEMAND  regime=SIDEWAYS  bull=2  bear=15  confirmed=True
2026-03-25 12:21:56 WARNING  quant_profiler │ fetch_ohlcv: all sources failed for VE4
2026-03-25 12:21:59 INFO     quant_profiler │ VE8  price=2600  signal=THEO DÕI–TĂNG  VSA=NEUTRAL  regime=SIDEWAYS  bull=16  bear=12  confirmed=False
2026-03-25 12:22:03 INFO     quant_profiler │ VE9  price=3400  signal=BÁN / TRÁNH  VSA=NEUTRAL  regime=HIGH_VOL  bull=7  bear=13  confirmed=True
2026-03-25 12:22:06 INFO     quant_profiler │ VFG  price=50000  signal=BÁN / TRÁNH  VSA=NO_DEMAND  regime=BEAR_TREND  bull=4  bear=17  confirmed=True
2026-03-25 12:22:10 INFO     quant_profiler │ VFR  price=10000  signal=BÁN / TRÁNH  VSA=NEUTRAL  regime=SIDEWAYS  bull=5  bear=21  confirmed=True
2026-03-25 12:22:13 INFO     quant_profiler │ VGS  price=22800  signal=BÁN / TRÁNH  VSA=NO_DEMAND  regime=BEAR_TREND  bull=6  bear=17  confirmed=True
2026-03-25 12:22:16 INFO     quant_profiler │ VHC  price=58000  signal=THEO DÕI–GIẢM  VSA=NO_DEMAND  regime=SIDEWAYS  bull=9  bear=12  confirmed=True
2026-03-25 12:22:19 INFO     quant_profiler │ VHE  price=3100  signal=TRUNG LẬP  VSA=NEUTRAL  regime=BEAR_TREND  bull=12  bear=12  confirmed=True
2026-03-25 12:22:22 INFO     quant_profiler │ VHL  price=11000  signal=BÁN / TRÁNH  VSA=DISTRIB  regime=SIDEWAYS  bull=5  bear=20  confirmed=True
2026-03-25 12:22:26 INFO     quant_profiler │ VHM  price=103100  signal=THEO DÕI–TĂNG  VSA=NEUTRAL  regime=SIDEWAYS  bull=11  bear=9  confirmed=True
2026-03-25 12:22:29 INFO     quant_profiler │ VIB  price=16850  signal=THEO DÕI–TĂNG  VSA=NEUTRAL  regime=SIDEWAYS  bull=12  bear=7  confirmed=False
2026-03-25 12:22:32 INFO     quant_profiler │ VIC  price=129100  signal=THEO DÕI–GIẢM  VSA=NEUTRAL  regime=SIDEWAYS  bull=8  bear=10  confirmed=True
2026-03-25 12:22:35 INFO     quant_profiler │ VID  price=4950  signal=BÁN / TRÁNH  VSA=NO_DEMAND  regime=BEAR_TREND  bull=3  bear=16  confirmed=True
2026-03-25 12:22:38 INFO     quant_profiler │ VIG  price=4600  signal=BÁN / TRÁNH  VSA=NEUTRAL  regime=BEAR_TREND  bull=7  bear=15  confirmed=True
2026-03-25 12:22:42 INFO     quant_profiler │ VIP  price=11900  signal=BÁN / TRÁNH  VSA=NO_DEMAND  regime=SIDEWAYS  bull=6  bear=15  confirmed=True
2026-03-25 12:22:45 INFO     quant_profiler │ VIX  price=16100  signal=BÁN / TRÁNH  VSA=NEUTRAL  regime=BEAR_TREND  bull=6  bear=15  confirmed=True
2026-03-25 12:22:48 INFO     quant_profiler │ VJC  price=150100  signal=BÁN / TRÁNH  VSA=NEUTRAL  regime=SIDEWAYS  bull=3  bear=17  confirmed=True
2026-03-25 12:22:51 INFO     quant_profiler │ VLA  price=9300  signal=BÁN / TRÁNH  VSA=NO_SUPPLY  regime=SIDEWAYS  bull=8  bear=17  confirmed=False
2026-03-25 12:22:55 INFO     quant_profiler │ VMC  price=4500  signal=BÁN / TRÁNH  VSA=DISTRIB  regime=BEAR_TREND  bull=12  bear=27  confirmed=True
2026-03-25 12:22:58 INFO     quant_profiler │ VMD  price=14900  signal=THEO DÕI–GIẢM  VSA=NO_DEMAND  regime=SIDEWAYS  bull=9  bear=15  confirmed=True
2026-03-25 12:23:03 WARNING  quant_profiler │ fetch_ohlcv: all sources failed for VMI
2026-03-25 12:23:06 INFO     quant_profiler │ VNC  price=35300  signal=BÁN / TRÁNH  VSA=NEUTRAL  regime=HIGH_VOL  bull=5  bear=12  confirmed=True
2026-03-25 12:23:10 INFO     quant_profiler │ VND  price=15500  signal=THEO DÕI–GIẢM  VSA=NEUTRAL  regime=BEAR_TREND  bull=9  bear=15  confirmed=True
2026-03-25 12:23:13 INFO     quant_profiler │ VNE  price=4390  signal=TRUNG LẬP  VSA=NEUTRAL  regime=BEAR_TREND  bull=14  bear=15  confirmed=True
2026-03-25 12:23:16 INFO     quant_profiler │ VNG  price=6800  signal=BÁN / TRÁNH  VSA=NEUTRAL  regime=SIDEWAYS  bull=5  bear=10  confirmed=False
2026-03-25 12:23:19 INFO     quant_profiler │ VNI  price=8100  signal=THEO DÕI–GIẢM  VSA=NEUTRAL  regime=SIDEWAYS  bull=7  bear=11  confirmed=True
2026-03-25 12:23:22 INFO     quant_profiler │ VNL  price=19750  signal=THEO DÕI–GIẢM  VSA=NEUTRAL  regime=SIDEWAYS  bull=9  bear=15  confirmed=False
2026-03-25 12:23:26 INFO     quant_profiler │ VNM  price=61900  signal=THEO DÕI–TĂNG  VSA=NO_DEMAND  regime=SIDEWAYS  bull=14  bear=9  confirmed=False
2026-03-25 12:23:29 INFO     quant_profiler │ VNR  price=20500  signal=BÁN / TRÁNH  VSA=NEUTRAL  regime=SIDEWAYS  bull=0  bear=17  confirmed=True
2026-03-25 12:23:32 INFO     quant_profiler │ VNS  price=8300  signal=BÁN / TRÁNH  VSA=NEUTRAL  regime=BEAR_TREND  bull=9  bear=21  confirmed=True
2026-03-25 12:23:35 INFO     quant_profiler │ VNT  price=27100  signal=BÁN / TRÁNH  VSA=NEUTRAL  regime=SIDEWAYS  bull=5  bear=17  confirmed=True
2026-03-25 12:23:38 INFO     quant_profiler │ VOS  price=12750  signal=BÁN / TRÁNH  VSA=NO_DEMAND  regime=SIDEWAYS  bull=5  bear=15  confirmed=True
2026-03-25 12:23:42 INFO     quant_profiler │ VPB  price=25900  signal=BÁN / TRÁNH  VSA=NEUTRAL  regime=SIDEWAYS  bull=4  bear=13  confirmed=True
2026-03-25 12:23:45 INFO     quant_profiler │ VPD  price=24000  signal=BÁN / TRÁNH  VSA=NEUTRAL  regime=BEAR_TREND  bull=6  bear=19  confirmed=True
2026-03-25 12:23:48 INFO     quant_profiler │ VPG  price=4340  signal=BÁN / TRÁNH  VSA=NEUTRAL  regime=SIDEWAYS  bull=5  bear=13  confirmed=True
2026-03-25 12:23:51 INFO     quant_profiler │ VPH  price=3790  signal=TRUNG LẬP  VSA=NEUTRAL  regime=BEAR_TREND  bull=13  bear=10  confirmed=False
2026-03-25 12:23:55 INFO     quant_profiler │ VPI  price=57700  signal=TRUNG LẬP  VSA=NEUTRAL  regime=SIDEWAYS  bull=9  bear=8  confirmed=False
2026-03-25 12:23:58 INFO     quant_profiler │ VPS  price=8500  signal=TRUNG LẬP  VSA=NEUTRAL  regime=SIDEWAYS  bull=9  bear=10  confirmed=True
2026-03-25 12:24:01 INFO     quant_profiler │ VRC  price=13000  signal=BÁN / TRÁNH  VSA=NEUTRAL  regime=BEAR_TREND  bull=3  bear=21  confirmed=False
2026-03-25 12:24:04 INFO     quant_profiler │ VRE  price=25650  signal=BÁN / TRÁNH  VSA=NO_DEMAND  regime=BEAR_TREND  bull=3  bear=14  confirmed=True
2026-03-25 12:24:07 INFO     quant_profiler │ VSA  price=20200  signal=BÁN / TRÁNH  VSA=NO_DEMAND  regime=HIGH_VOL  bull=4  bear=15  confirmed=True
2026-03-25 12:24:11 INFO     quant_profiler │ VSC  price=23700  signal=THEO DÕI–GIẢM  VSA=NO_DEMAND  regime=SIDEWAYS  bull=9  bear=12  confirmed=True
2026-03-25 12:24:14 INFO     quant_profiler │ VSH  price=43100  signal=BÁN / TRÁNH  VSA=NO_SUPPLY  regime=BEAR_TREND  bull=4  bear=23  confirmed=False
2026-03-25 12:24:18 INFO     quant_profiler │ VSI  price=28000  signal=MUA  VSA=NEUTRAL  regime=BULL_TREND  bull=18  bear=4  confirmed=True
2026-03-25 12:24:21 INFO     quant_profiler │ VTB  price=14000  signal=MUA  VSA=NO_DEMAND  regime=SIDEWAYS  bull=18  bear=7  confirmed=False
2026-03-25 12:24:25 INFO     quant_profiler │ VTC  price=12000  signal=THEO DÕI–GIẢM  VSA=NO_DEMAND  regime=SIDEWAYS  bull=9  bear=12  confirmed=True
2026-03-25 12:24:28 INFO     quant_profiler │ VTH  price=9100  signal=THEO DÕI–TĂNG  VSA=NO_DEMAND  regime=SIDEWAYS  bull=17  bear=12  confirmed=True
2026-03-25 12:24:31 INFO     quant_profiler │ VTL  price=7100  signal=THEO DÕI–GIẢM  VSA=NEUTRAL  regime=SIDEWAYS  bull=9  bear=13  confirmed=True
2026-03-25 12:24:34 INFO     quant_profiler │ VTO  price=11750  signal=BÁN / TRÁNH  VSA=NO_DEMAND  regime=SIDEWAYS  bull=6  bear=15  confirmed=True
2026-03-25 12:24:36 INFO     quant_profiler │ VTV  price=15100  signal=MUA  VSA=NEUTRAL  regime=SIDEWAYS  bull=19  bear=9  confirmed=True
2026-03-25 12:24:40 INFO     quant_profiler │ VTZ  price=20000  signal=BÁN / TRÁNH  VSA=NEUTRAL  regime=SIDEWAYS  bull=5  bear=10  confirmed=True
2026-03-25 12:24:43 INFO     quant_profiler │ VXB  price=40700  signal=BÁN / TRÁNH  VSA=NO_DEMAND  regime=UNKNOWN  bull=6  bear=14  confirmed=False
2026-03-25 12:24:46 INFO     quant_profiler │ WCS  price=276000  signal=MUA  VSA=NEUTRAL  regime=SIDEWAYS  bull=9  bear=4  confirmed=True
2026-03-25 12:24:49 INFO     quant_profiler │ WSS  price=6100  signal=BÁN / TRÁNH  VSA=NO_SUPPLY  regime=HIGH_VOL  bull=6  bear=14  confirmed=True
2026-03-25 12:24:52 INFO     quant_profiler │ YBM  price=10450  signal=THEO DÕI–GIẢM  VSA=NEUTRAL  regime=BULL_TREND  bull=8  bear=10  confirmed=True
2026-03-25 12:24:56 INFO     quant_profiler │ YEG  price=10100  signal=BÁN / TRÁNH  VSA=NEUTRAL  regime=BEAR_TREND  bull=4  bear=15  confirmed=True
2026-03-25 14:22:34 INFO     quant_profiler │ VHM  price=103700  signal=THEO DÕI–TĂNG  VSA=NEUTRAL  regime=SIDEWAYS  bull=11  bear=9  confirmed=True
2026-03-25 14:22:37 INFO     quant_profiler │ NVL  price=13750  signal=MUA  VSA=NEUTRAL  regime=HIGH_VOL  bull=10  bear=3  confirmed=True
2026-03-25 14:22:40 INFO     quant_profiler │ PDR  price=15350  signal=TRUNG LẬP  VSA=NEUTRAL  regime=BEAR_TREND  bull=9  bear=10  confirmed=True
2026-03-25 14:22:43 INFO     quant_profiler │ DIG  price=13850  signal=TRUNG LẬP  VSA=NEUTRAL  regime=BEAR_TREND  bull=12  bear=14  confirmed=True
2026-03-25 14:22:47 INFO     quant_profiler │ KDH  price=26000  signal=TRUNG LẬP  VSA=NEUTRAL  regime=BEAR_TREND  bull=13  bear=10  confirmed=False
2026-03-25 14:22:50 INFO     quant_profiler │ TCH  price=16450  signal=TRUNG LẬP  VSA=NEUTRAL  regime=SIDEWAYS  bull=14  bear=12  confirmed=True
2026-03-25 14:22:53 INFO     quant_profiler │ NLG  price=29350  signal=MUA  VSA=ACCUM  regime=SIDEWAYS  bull=18  bear=8  confirmed=True
2026-03-25 14:22:56 INFO     quant_profiler │ DXG  price=14100  signal=THEO DÕI–TĂNG  VSA=NEUTRAL  regime=BEAR_TREND  bull=14  bear=9  confirmed=False
2026-03-25 14:23:00 INFO     quant_profiler │ CTD  price=84000  signal=MUA  VSA=NEUTRAL  regime=SIDEWAYS  bull=24  bear=5  confirmed=False
2026-03-25 14:23:03 INFO     quant_profiler │ HBC  price=5200  signal=BÁN / TRÁNH  VSA=NEUTRAL  regime=BEAR_TREND  bull=4  bear=15  confirmed=True
2026-03-25 14:23:06 INFO     quant_profiler │ VCG  price=21950  signal=THEO DÕI–TĂNG  VSA=NEUTRAL  regime=BULL_TREND  bull=12  bear=7  confirmed=True
2026-03-25 14:23:09 INFO     quant_profiler │ DPG  price=40600  signal=BÁN / TRÁNH  VSA=NEUTRAL  regime=BEAR_TREND  bull=4  bear=15  confirmed=True
2026-03-25 14:23:12 INFO     quant_profiler │ CII  price=17800  signal=MUA  VSA=ACCUM  regime=BULL_TREND  bull=22  bear=10  confirmed=False
2026-03-25 14:23:14 INFO     quant_profiler │ GAS  price=81900  signal=TRUNG LẬP  VSA=NEUTRAL  regime=BEAR_TREND  bull=12  bear=12  confirmed=True
2026-03-25 14:23:19 INFO     quant_profiler │ PLX  price=41000  signal=TRUNG LẬP  VSA=NO_DEMAND  regime=BEAR_TREND  bull=13  bear=14  confirmed=True
2026-03-25 14:23:22 INFO     quant_profiler │ POW  price=13250  signal=TRUNG LẬP  VSA=NEUTRAL  regime=SIDEWAYS  bull=9  bear=10  confirmed=True
2026-03-25 14:23:25 INFO     quant_profiler │ NT2  price=27700  signal=THEO DÕI–TĂNG  VSA=ACCUM  regime=HIGH_VOL  bull=18  bear=10  confirmed=False
2026-03-25 14:23:28 INFO     quant_profiler │ GEG  price=17150  signal=MUA  VSA=ACCUM  regime=HIGH_VOL  bull=17  bear=9  confirmed=True
2026-03-25 14:23:32 INFO     quant_profiler │ REE  price=70900  signal=MUA  VSA=ACCUM  regime=BULL_TREND  bull=28  bear=11  confirmed=True
2026-03-25 14:23:35 INFO     quant_profiler │ PC1  price=27900  signal=MUA  VSA=NEUTRAL  regime=HIGH_VOL  bull=13  bear=7  confirmed=False
2026-03-25 14:23:38 INFO     quant_profiler │ PVD  price=34150  signal=THEO DÕI–GIẢM  VSA=NEUTRAL  regime=BEAR_TREND  bull=8  bear=12  confirmed=True
2026-03-25 14:23:41 INFO     quant_profiler │ PVT  price=21550  signal=THEO DÕI–GIẢM  VSA=NO_DEMAND  regime=HIGH_VOL  bull=8  bear=12  confirmed=True
2026-03-25 14:23:46 INFO     quant_profiler │ BSR  price=27100  signal=TRUNG LẬP  VSA=NEUTRAL  regime=BEAR_TREND  bull=10  bear=10  confirmed=True
2026-03-25 14:34:58 INFO     quant_profiler │ VNM  price=61900  signal=THEO DÕI–TĂNG  VSA=NO_DEMAND  regime=SIDEWAYS  bull=14  bear=9  confirmed=False
2026-03-25 14:35:01 INFO     quant_profiler │ MSN  price=72900  signal=TRUNG LẬP  VSA=NEUTRAL  regime=BEAR_TREND  bull=13  bear=10  confirmed=False
2026-03-25 14:35:04 INFO     quant_profiler │ SAB  price=44600  signal=TRUNG LẬP  VSA=NEUTRAL  regime=BEAR_TREND  bull=11  bear=12  confirmed=True
2026-03-25 14:35:07 INFO     quant_profiler │ MWG  price=79300  signal=BÁN / TRÁNH  VSA=NEUTRAL  regime=SIDEWAYS  bull=5  bear=10  confirmed=True
2026-03-25 14:35:11 INFO     quant_profiler │ PNJ  price=110500  signal=BÁN / TRÁNH  VSA=NEUTRAL  regime=SIDEWAYS  bull=3  bear=10  confirmed=True
2026-03-25 14:35:14 INFO     quant_profiler │ FRT  price=157800  signal=THEO DÕI–TĂNG  VSA=NEUTRAL  regime=SIDEWAYS  bull=17  bear=11  confirmed=False
2026-03-25 14:35:17 INFO     quant_profiler │ KDC  price=49200  signal=BÁN / TRÁNH  VSA=ACCUM  regime=BEAR_TREND  bull=4  bear=15  confirmed=True
2026-03-25 14:35:20 INFO     quant_profiler │ DBC  price=23350  signal=BÁN / TRÁNH  VSA=NEUTRAL  regime=BEAR_TREND  bull=6  bear=15  confirmed=True
2026-03-25 14:35:24 INFO     quant_profiler │ VHC  price=58100  signal=THEO DÕI–GIẢM  VSA=NO_DEMAND  regime=SIDEWAYS  bull=9  bear=12  confirmed=True
2026-03-25 14:35:27 INFO     quant_profiler │ ANV  price=23100  signal=BÁN / TRÁNH  VSA=NEUTRAL  regime=BEAR_TREND  bull=6  bear=15  confirmed=True
2026-03-25 14:41:25 INFO     quant_profiler │ AAA  price=6930  signal=BÁN / TRÁNH  VSA=NEUTRAL  regime=BEAR_TREND  bull=2  bear=15  confirmed=True
2026-03-25 14:41:28 INFO     quant_profiler │ AAM  price=6400  signal=THEO DÕI–GIẢM  VSA=NEUTRAL  regime=SIDEWAYS  bull=7  bear=9  confirmed=True
2026-03-25 14:41:31 INFO     quant_profiler │ AAT  price=2910  signal=BÁN / TRÁNH  VSA=NEUTRAL  regime=BEAR_TREND  bull=4  bear=15  confirmed=True
2026-03-25 14:41:35 INFO     quant_profiler │ AAV  price=7100  signal=MUA  VSA=ACCUM  regime=HIGH_VOL  bull=25  bear=13  confirmed=True
2026-03-25 14:41:39 INFO     quant_profiler │ ABR  price=12500  signal=THEO DÕI–TĂNG  VSA=DISTRIB  regime=SIDEWAYS  bull=16  bear=11  confirmed=False
2026-03-25 14:41:42 INFO     quant_profiler │ ABS  price=3030  signal=THEO DÕI–TĂNG  VSA=NEUTRAL  regime=HIGH_VOL  bull=14  bear=8  confirmed=True
2026-03-25 14:41:45 INFO     quant_profiler │ ABT  price=60000  signal=BÁN / TRÁNH  VSA=NO_DEMAND  regime=SIDEWAYS  bull=0  bear=15  confirmed=True
2026-03-25 14:41:48 INFO     quant_profiler │ ACB  price=23350  signal=TRUNG LẬP  VSA=NEUTRAL  regime=SIDEWAYS  bull=11  bear=10  confirmed=False
2026-03-25 14:41:51 INFO     quant_profiler │ ACC  price=12500  signal=BÁN / TRÁNH  VSA=NEUTRAL  regime=BULL_TREND  bull=7  bear=14  confirmed=True
2026-03-25 14:41:54 INFO     quant_profiler │ ACG  price=34650  signal=THEO DÕI–GIẢM  VSA=NEUTRAL  regime=SIDEWAYS  bull=9  bear=11  confirmed=True
2026-03-25 14:41:57 INFO     quant_profiler │ ACL  price=13100  signal=THEO DÕI–GIẢM  VSA=ACCUM  regime=SIDEWAYS  bull=10  bear=14  confirmed=True
2026-03-25 14:42:00 INFO     quant_profiler │ ADC  price=18000  signal=BÁN / TRÁNH  VSA=NEUTRAL  regime=SIDEWAYS  bull=2  bear=15  confirmed=True
2026-03-25 14:42:04 INFO     quant_profiler │ ADG  price=9250  signal=THEO DÕI–TĂNG  VSA=NEUTRAL  regime=SIDEWAYS  bull=12  bear=8  confirmed=False
2026-03-25 14:42:07 INFO     quant_profiler │ ADP  price=23000  signal=BÁN / TRÁNH  VSA=NO_DEMAND  regime=BEAR_TREND  bull=0  bear=17  confirmed=True
2026-03-25 14:42:10 INFO     quant_profiler │ ADS  price=8180  signal=BÁN / TRÁNH  VSA=NEUTRAL  regime=SIDEWAYS  bull=7  bear=13  confirmed=True
2026-03-25 14:42:13 INFO     quant_profiler │ AFX  price=10350  signal=MUA  VSA=ACCUM  regime=BEAR_TREND  bull=22  bear=7  confirmed=False
2026-03-25 14:42:16 INFO     quant_profiler │ AGG  price=12950  signal=TRUNG LẬP  VSA=NEUTRAL  regime=BEAR_TREND  bull=11  bear=12  confirmed=True
2026-03-25 14:42:20 INFO     quant_profiler │ AGR  price=14150  signal=BÁN / TRÁNH  VSA=NEUTRAL  regime=BEAR_TREND  bull=6  bear=15  confirmed=True
2026-03-25 14:42:23 INFO     quant_profiler │ ALT  price=12500  signal=BÁN / TRÁNH  VSA=NEUTRAL  regime=SIDEWAYS  bull=4  bear=21  confirmed=True
2026-03-25 14:42:26 INFO     quant_profiler │ AMC  price=11700  signal=BÁN / TRÁNH  VSA=NEUTRAL  regime=BEAR_TREND  bull=5  bear=25  confirmed=False
2026-03-25 14:42:29 INFO     quant_profiler │ AME  price=6300  signal=TRUNG LẬP  VSA=NEUTRAL  regime=BEAR_TREND  bull=12  bear=14  confirmed=True
2026-03-25 14:42:32 INFO     quant_profiler │ AMV  price=1800  signal=BÁN / TRÁNH  VSA=NEUTRAL  regime=UNKNOWN  bull=4  bear=13  confirmed=True
2026-03-25 14:42:36 INFO     quant_profiler │ ANT  price=34050  signal=THEO DÕI–GIẢM  VSA=NEUTRAL  regime=BEAR_TREND  bull=8  bear=12  confirmed=True
2026-03-25 14:42:39 INFO     quant_profiler │ ANV  price=23100  signal=BÁN / TRÁNH  VSA=NEUTRAL  regime=BEAR_TREND  bull=6  bear=15  confirmed=True
2026-03-25 14:42:42 INFO     quant_profiler │ APC  price=6300  signal=BÁN / TRÁNH  VSA=NEUTRAL  regime=SIDEWAYS  bull=0  bear=13  confirmed=True
2026-03-25 14:42:46 INFO     quant_profiler │ APG  price=5830  signal=TRUNG LẬP  VSA=NEUTRAL  regime=BEAR_TREND  bull=18  bear=15  confirmed=False
2026-03-25 14:42:50 INFO     quant_profiler │ APH  price=5600  signal=BÁN / TRÁNH  VSA=NO_DEMAND  regime=BEAR_TREND  bull=9  bear=17  confirmed=True
2026-03-25 14:42:53 INFO     quant_profiler │ API  price=5700  signal=TRUNG LẬP  VSA=NEUTRAL  regime=BEAR_TREND  bull=16  bear=12  confirmed=False
2026-03-25 14:42:56 INFO     quant_profiler │ APS  price=6100  signal=BÁN / TRÁNH  VSA=NEUTRAL  regime=SIDEWAYS  bull=6  bear=16  confirmed=True
2026-03-25 14:42:59 INFO     quant_profiler │ ARM  price=46800  signal=BÁN / TRÁNH  VSA=NO_DEMAND  regime=UNKNOWN  bull=10  bear=26  confirmed=False
2026-03-25 14:43:03 INFO     quant_profiler │ ASG  price=16750  signal=BÁN / TRÁNH  VSA=NEUTRAL  regime=BEAR_TREND  bull=2  bear=13  confirmed=True
2026-03-25 14:43:06 INFO     quant_profiler │ ASM  price=5560  signal=BÁN / TRÁNH  VSA=NEUTRAL  regime=BEAR_TREND  bull=2  bear=15  confirmed=True
2026-03-25 14:43:09 INFO     quant_profiler │ ASP  price=4880  signal=THEO DÕI–GIẢM  VSA=NO_SUPPLY  regime=SIDEWAYS  bull=6  bear=11  confirmed=True
2026-03-25 14:43:12 INFO     quant_profiler │ AST  price=71000  signal=TRUNG LẬP  VSA=NEUTRAL  regime=SIDEWAYS  bull=9  bear=10  confirmed=True
2026-03-25 14:43:15 INFO     quant_profiler │ BAF  price=34350  signal=BÁN / TRÁNH  VSA=NEUTRAL  regime=BEAR_TREND  bull=7  bear=13  confirmed=True
2026-03-25 14:43:19 INFO     quant_profiler │ BBC  price=97000  signal=THEO DÕI–TĂNG  VSA=ACCUM  regime=BULL_TREND  bull=22  bear=18  confirmed=True
2026-03-25 14:43:22 INFO     quant_profiler │ BBS  price=11800  signal=TRUNG LẬP  VSA=NEUTRAL  regime=SIDEWAYS  bull=11  bear=10  confirmed=False
2026-03-25 14:43:25 INFO     quant_profiler │ BCC  price=7300  signal=BÁN / TRÁNH  VSA=NEUTRAL  regime=BEAR_TREND  bull=3  bear=16  confirmed=True
2026-03-25 14:43:28 INFO     quant_profiler │ BCE  price=11150  signal=TRUNG LẬP  VSA=NO_SUPPLY  regime=BEAR_TREND  bull=18  bear=14  confirmed=False
2026-03-25 14:43:31 INFO     quant_profiler │ BCG  price=2530  signal=BÁN / TRÁNH  VSA=DISTRIB  regime=BEAR_TREND  bull=13  bear=25  confirmed=True
2026-03-25 14:43:35 INFO     quant_profiler │ BCM  price=53200  signal=BÁN / TRÁNH  VSA=NEUTRAL  regime=BEAR_TREND  bull=6  bear=15  confirmed=True
2026-03-25 14:43:40 WARNING  quant_profiler │ fetch_ohlcv: all sources failed for BED
2026-03-25 14:43:43 INFO     quant_profiler │ BFC  price=53500  signal=THEO DÕI–GIẢM  VSA=NEUTRAL  regime=BEAR_TREND  bull=8  bear=12  confirmed=True
2026-03-25 14:43:46 INFO     quant_profiler │ BHN  price=30500  signal=THEO DÕI–TĂNG  VSA=NEUTRAL  regime=SIDEWAYS  bull=12  bear=8  confirmed=False
2026-03-25 14:43:51 INFO     quant_profiler │ BIC  price=24300  signal=THEO DÕI–TĂNG  VSA=NEUTRAL  regime=SIDEWAYS  bull=14  bear=10  confirmed=False
2026-03-25 14:43:54 INFO     quant_profiler │ BID  price=39250  signal=THEO DÕI–GIẢM  VSA=NEUTRAL  regime=BEAR_TREND  bull=9  bear=15  confirmed=True
2026-03-25 14:43:57 INFO     quant_profiler │ BKC  price=21600  signal=BÁN / TRÁNH  VSA=NO_DEMAND  regime=SIDEWAYS  bull=6  bear=15  confirmed=True
2026-03-25 14:44:00 INFO     quant_profiler │ BKG  price=2620  signal=MUA  VSA=NEUTRAL  regime=BULL_TREND  bull=14  bear=7  confirmed=False
2026-03-25 14:44:04 INFO     quant_profiler │ BMC  price=13350  signal=BÁN / TRÁNH  VSA=NO_DEMAND  regime=BEAR_TREND  bull=6  bear=17  confirmed=True
2026-03-25 14:44:07 INFO     quant_profiler │ BMI  price=17100  signal=TRUNG LẬP  VSA=NEUTRAL  regime=BEAR_TREND  bull=11  bear=12  confirmed=True
2026-03-25 14:44:10 INFO     quant_profiler │ BMP  price=128800  signal=BÁN / TRÁNH  VSA=NEUTRAL  regime=BEAR_TREND  bull=7  bear=15  confirmed=True
2026-03-25 14:44:13 INFO     quant_profiler │ BPC  price=12500  signal=BÁN / TRÁNH  VSA=NEUTRAL  regime=BEAR_TREND  bull=0  bear=19  confirmed=True
2026-03-25 14:44:16 INFO     quant_profiler │ BRC  price=12200  signal=BÁN / TRÁNH  VSA=NEUTRAL  regime=SIDEWAYS  bull=4  bear=13  confirmed=True
2026-03-25 14:44:20 INFO     quant_profiler │ BSI  price=33850  signal=BÁN / TRÁNH  VSA=NEUTRAL  regime=BEAR_TREND  bull=2  bear=15  confirmed=True
2026-03-25 14:44:23 INFO     quant_profiler │ BTP  price=8500  signal=MUA  VSA=NEUTRAL  regime=BULL_TREND  bull=14  bear=3  confirmed=True
2026-03-25 14:44:26 INFO     quant_profiler │ BTS  price=5100  signal=BÁN / TRÁNH  VSA=NEUTRAL  regime=BEAR_TREND  bull=2  bear=13  confirmed=True
2026-03-25 14:44:30 INFO     quant_profiler │ BTT  price=40650  signal=THEO DÕI–GIẢM  VSA=NO_DEMAND  regime=HIGH_VOL  bull=10  bear=18  confirmed=False
2026-03-25 14:44:34 INFO     quant_profiler │ BVH  price=85800  signal=MUA  VSA=ACCUM  regime=SIDEWAYS  bull=27  bear=13  confirmed=False
2026-03-25 14:44:38 INFO     quant_profiler │ BVS  price=26000  signal=BÁN / TRÁNH  VSA=NEUTRAL  regime=BEAR_TREND  bull=6  bear=15  confirmed=True
2026-03-25 14:44:42 INFO     quant_profiler │ BWE  price=43000  signal=BÁN / TRÁNH  VSA=NEUTRAL  regime=SIDEWAYS  bull=6  bear=13  confirmed=True
2026-03-25 14:44:46 INFO     quant_profiler │ BXH  price=11200  signal=THEO DÕI–GIẢM  VSA=NO_SUPPLY  regime=BEAR_TREND  bull=11  bear=15  confirmed=True
2026-03-25 14:44:50 INFO     quant_profiler │ C32  price=11000  signal=TRUNG LẬP  VSA=ACCUM  regime=BEAR_TREND  bull=10  bear=12  confirmed=True
2026-03-25 14:44:53 INFO     quant_profiler │ C47  price=9200  signal=BÁN / TRÁNH  VSA=NEUTRAL  regime=SIDEWAYS  bull=0  bear=23  confirmed=False
2026-03-25 14:44:56 INFO     quant_profiler │ CAN  price=27800  signal=THEO DÕI–GIẢM  VSA=NO_SUPPLY  regime=BEAR_TREND  bull=7  bear=10  confirmed=True
2026-03-25 14:44:59 INFO     quant_profiler │ CAP  price=46500  signal=TRUNG LẬP  VSA=NO_DEMAND  regime=BULL_TREND  bull=15  bear=13  confirmed=True
2026-03-25 14:45:06 WARNING  quant_profiler │ fetch_ohlcv: all sources failed for CAV
2026-03-25 14:45:24 INFO     quant_profiler │ MBB  price=26000  signal=THEO DÕI–GIẢM  VSA=NEUTRAL  regime=UNKNOWN  bull=7  bear=11  confirmed=False
2026-03-25 14:45:24 INFO     quant_profiler │ async_fetch_many ✓ MBB
2026-03-25 14:45:24 INFO     quant_profiler │ HDB  price=24900  signal=BÁN / TRÁNH  VSA=NEUTRAL  regime=UNKNOWN  bull=0  bear=11  confirmed=False
2026-03-25 14:45:24 INFO     quant_profiler │ async_fetch_many ✓ HDB
2026-03-25 14:45:24 INFO     quant_profiler │ BID  price=39500  signal=BÁN / TRÁNH  VSA=NEUTRAL  regime=UNKNOWN  bull=0  bear=11  confirmed=False
2026-03-25 14:45:24 INFO     quant_profiler │ VPB  price=26300  signal=BÁN / TRÁNH  VSA=NEUTRAL  regime=UNKNOWN  bull=4  bear=11  confirmed=False
2026-03-25 14:45:24 INFO     quant_profiler │ async_fetch_many ✓ BID
2026-03-25 14:45:24 INFO     quant_profiler │ async_fetch_many ✓ VPB
2026-03-25 14:45:24 INFO     quant_profiler │ CTG  price=34050  signal=BÁN / TRÁNH  VSA=NEUTRAL  regime=UNKNOWN  bull=4  bear=11  confirmed=False
2026-03-25 14:45:24 INFO     quant_profiler │ async_fetch_many ✓ CTG
2026-03-25 14:45:24 INFO     quant_profiler │ ACB  price=23800  signal=MUA  VSA=NEUTRAL  regime=UNKNOWN  bull=13  bear=6  confirmed=False
2026-03-25 14:45:24 INFO     quant_profiler │ async_fetch_many ✓ ACB
2026-03-25 14:45:24 INFO     quant_profiler │ VCB  price=58400  signal=BÁN / TRÁNH  VSA=NEUTRAL  regime=UNKNOWN  bull=0  bear=11  confirmed=False
2026-03-25 14:45:24 INFO     quant_profiler │ STB  price=62200  signal=BÁN / TRÁNH  VSA=NEUTRAL  regime=UNKNOWN  bull=0  bear=11  confirmed=False
2026-03-25 14:45:24 INFO     quant_profiler │ async_fetch_many ✓ VCB
2026-03-25 14:45:24 INFO     quant_profiler │ async_fetch_many ✓ STB
2026-03-25 14:45:24 INFO     quant_profiler │ TCB  price=30800  signal=BÁN / TRÁNH  VSA=NEUTRAL  regime=UNKNOWN  bull=4  bear=11  confirmed=False
2026-03-25 14:45:24 INFO     quant_profiler │ LPB  price=41800  signal=BÁN / TRÁNH  VSA=NEUTRAL  regime=UNKNOWN  bull=2  bear=17  confirmed=False
2026-03-25 14:45:24 INFO     quant_profiler │ async_fetch_many ✓ TCB
2026-03-25 14:45:24 INFO     quant_profiler │ async_fetch_many ✓ LPB
2026-03-25 14:45:24 INFO     quant_profiler │ TPB  price=16150  signal=BÁN / TRÁNH  VSA=NEUTRAL  regime=UNKNOWN  bull=4  bear=11  confirmed=False
2026-03-25 14:45:24 INFO     quant_profiler │ async_fetch_many ✓ TPB
2026-03-25 14:45:24 INFO     quant_profiler │ SHB  price=15000  signal=BÁN / TRÁNH  VSA=NEUTRAL  regime=UNKNOWN  bull=2  bear=9  confirmed=False
2026-03-25 14:45:24 INFO     quant_profiler │ async_fetch_many ✓ SHB
2026-03-25 14:45:30 INFO     quant_profiler │ EIB  price=22550  signal=TRUNG LẬP  VSA=NEUTRAL  regime=UNKNOWN  bull=5  bear=6  confirmed=False
2026-03-25 14:45:30 INFO     quant_profiler │ async_fetch_many ✓ EIB
2026-03-25 14:45:30 INFO     quant_profiler │ MSB  price=11300  signal=MUA  VSA=NEUTRAL  regime=UNKNOWN  bull=13  bear=6  confirmed=False
2026-03-25 14:45:30 INFO     quant_profiler │ async_fetch_many ✓ MSB
2026-03-25 14:45:30 INFO     quant_profiler │ OCB  price=11200  signal=THEO DÕI–TĂNG  VSA=NEUTRAL  regime=UNKNOWN  bull=9  bear=6  confirmed=False
2026-03-25 14:45:30 INFO     quant_profiler │ async_fetch_many ✓ OCB
2026-03-25 14:45:30 INFO     quant_profiler │ SSI  price=26850  signal=BÁN / TRÁNH  VSA=NEUTRAL  regime=UNKNOWN  bull=0  bear=11  confirmed=False
2026-03-25 14:45:30 INFO     quant_profiler │ async_fetch_many ✓ SSI
2026-03-25 14:45:30 INFO     quant_profiler │ SSB  price=16750  signal=BÁN / TRÁNH  VSA=NEUTRAL  regime=UNKNOWN  bull=5  bear=10  confirmed=False
2026-03-25 14:45:30 INFO     quant_profiler │ async_fetch_many ✓ SSB
2026-03-25 14:45:31 INFO     quant_profiler │ KLB  price=12950  signal=BÁN / TRÁNH  VSA=NEUTRAL  regime=UNKNOWN  bull=0  bear=11  confirmed=False
2026-03-25 14:45:31 INFO     quant_profiler │ async_fetch_many ✓ KLB
2026-03-25 14:45:31 INFO     quant_profiler │ VIB  price=17250  signal=TRUNG LẬP  VSA=NEUTRAL  regime=UNKNOWN  bull=5  bear=6  confirmed=False
2026-03-25 14:45:31 INFO     quant_profiler │ async_fetch_many ✓ VIB
2026-03-25 14:45:31 INFO     quant_profiler │ VND  price=15500  signal=THEO DÕI–GIẢM  VSA=NEUTRAL  regime=UNKNOWN  bull=7  bear=11  confirmed=False
2026-03-25 14:45:31 INFO     quant_profiler │ async_fetch_many ✓ VND
2026-03-25 14:45:31 INFO     quant_profiler │ NAB  price=12700  signal=BÁN / TRÁNH  VSA=NEUTRAL  regime=UNKNOWN  bull=4  bear=11  confirmed=False
2026-03-25 14:45:31 INFO     quant_profiler │ async_fetch_many ✓ NAB
2026-03-25 14:45:31 INFO     quant_profiler │ BAB  price=11100  signal=BÁN / TRÁNH  VSA=NEUTRAL  regime=UNKNOWN  bull=3  bear=11  confirmed=False
2026-03-25 14:45:31 INFO     quant_profiler │ async_fetch_many ✓ BAB
2026-03-25 14:45:31 INFO     quant_profiler │ VCI  price=35000  signal=BÁN / TRÁNH  VSA=NEUTRAL  regime=UNKNOWN  bull=0  bear=11  confirmed=False
2026-03-25 14:45:31 INFO     quant_profiler │ HCM  price=21100  signal=BÁN / TRÁNH  VSA=NEUTRAL  regime=UNKNOWN  bull=3  bear=11  confirmed=False
2026-03-25 14:45:31 INFO     quant_profiler │ async_fetch_many ✓ VCI
2026-03-25 14:45:31 INFO     quant_profiler │ async_fetch_many ✓ HCM
2026-03-25 14:45:37 INFO     quant_profiler │ MBS  price=23600  signal=BÁN / TRÁNH  VSA=NEUTRAL  regime=UNKNOWN  bull=0  bear=11  confirmed=False
2026-03-25 14:45:37 INFO     quant_profiler │ TVS  price=13200  signal=BÁN / TRÁNH  VSA=NEUTRAL  regime=UNKNOWN  bull=0  bear=15  confirmed=False
2026-03-25 14:45:37 INFO     quant_profiler │ async_fetch_many ✓ MBS
2026-03-25 14:45:37 INFO     quant_profiler │ BSI  price=33850  signal=BÁN / TRÁNH  VSA=NEUTRAL  regime=UNKNOWN  bull=0  bear=11  confirmed=False
2026-03-25 14:45:37 INFO     quant_profiler │ VPS  price=8500  signal=BÁN / TRÁNH  VSA=NEUTRAL  regime=UNKNOWN  bull=5  bear=10  confirmed=False
2026-03-25 14:45:37 INFO     quant_profiler │ async_fetch_many ✓ TVS
2026-03-25 14:45:37 INFO     quant_profiler │ async_fetch_many ✓ BSI
2026-03-25 14:45:37 INFO     quant_profiler │ async_fetch_many ✓ VPS
2026-03-25 14:45:38 INFO     quant_profiler │ ORS  price=13200  signal=THEO DÕI–GIẢM  VSA=NEUTRAL  regime=UNKNOWN  bull=7  bear=11  confirmed=False
2026-03-25 14:45:38 INFO     quant_profiler │ async_fetch_many ✓ ORS
2026-03-25 14:45:38 INFO     quant_profiler │ BVS  price=26100  signal=BÁN / TRÁNH  VSA=NEUTRAL  regime=UNKNOWN  bull=0  bear=11  confirmed=False
2026-03-25 14:45:38 INFO     quant_profiler │ async_fetch_many ✓ BVS
2026-03-25 14:45:38 INFO     quant_profiler │ CTS  price=26050  signal=BÁN / TRÁNH  VSA=NEUTRAL  regime=UNKNOWN  bull=0  bear=11  confirmed=False
2026-03-25 14:45:38 INFO     quant_profiler │ BVH  price=85900  signal=THEO DÕI–TĂNG  VSA=NEUTRAL  regime=UNKNOWN  bull=9  bear=6  confirmed=False
2026-03-25 14:45:38 INFO     quant_profiler │ async_fetch_many ✓ CTS
2026-03-25 14:45:38 INFO     quant_profiler │ SHS  price=16000  signal=THEO DÕI–GIẢM  VSA=NEUTRAL  regime=UNKNOWN  bull=7  bear=11  confirmed=False
2026-03-25 14:45:38 INFO     quant_profiler │ VIX  price=16200  signal=BÁN / TRÁNH  VSA=NEUTRAL  regime=UNKNOWN  bull=0  bear=11  confirmed=False
2026-03-25 14:45:38 INFO     quant_profiler │ async_fetch_many ✓ BVH
2026-03-25 14:45:38 INFO     quant_profiler │ async_fetch_many ✓ SHS
2026-03-25 14:45:38 INFO     quant_profiler │ async_fetch_many ✓ VIX
2026-03-25 14:45:38 INFO     quant_profiler │ AGR  price=14200  signal=BÁN / TRÁNH  VSA=NEUTRAL  regime=UNKNOWN  bull=0  bear=11  confirmed=False
2026-03-25 14:45:38 INFO     quant_profiler │ async_fetch_many ✓ AGR
2026-03-25 14:45:38 INFO     quant_profiler │ FTS  price=25400  signal=BÁN / TRÁNH  VSA=NEUTRAL  regime=UNKNOWN  bull=3  bear=11  confirmed=False
2026-03-25 14:45:38 INFO     quant_profiler │ async_fetch_many ✓ FTS
2026-03-25 14:45:43 INFO     quant_profiler │ PGI  price=19900  signal=TRUNG LẬP  VSA=NEUTRAL  regime=UNKNOWN  bull=5  bear=6  confirmed=False
2026-03-25 14:45:43 INFO     quant_profiler │ async_fetch_many ✓ PGI
2026-03-25 14:45:43 INFO     quant_profiler │ BMI  price=17000  signal=THEO DÕI–GIẢM  VSA=NEUTRAL  regime=UNKNOWN  bull=6  bear=9  confirmed=False
2026-03-25 14:45:43 INFO     quant_profiler │ BIC  price=24500  signal=THEO DÕI–TĂNG  VSA=NEUTRAL  regime=UNKNOWN  bull=9  bear=6  confirmed=False
2026-03-25 14:45:43 INFO     quant_profiler │ MIG  price=19550  signal=THEO DÕI–TĂNG  VSA=NEUTRAL  regime=UNKNOWN  bull=9  bear=6  confirmed=False
2026-03-25 14:45:43 INFO     quant_profiler │ async_fetch_many ✓ MIG
2026-03-25 14:45:43 INFO     quant_profiler │ async_fetch_many ✓ BIC
2026-03-25 14:45:43 INFO     quant_profiler │ async_fetch_many ✓ BMI
2026-03-25 14:45:43 INFO     quant_profiler │ PTI  price=30000  signal=TRUNG LẬP  VSA=NEUTRAL  regime=UNKNOWN  bull=5  bear=6  confirmed=False
2026-03-25 14:45:43 INFO     quant_profiler │ async_fetch_many ✓ PTI
2026-03-25 14:45:43 INFO     quant_profiler │ NVL  price=13800  signal=TRUNG LẬP  VSA=NEUTRAL  regime=UNKNOWN  bull=5  bear=6  confirmed=False
2026-03-25 14:45:43 INFO     quant_profiler │ async_fetch_many ✓ NVL
2026-03-25 14:45:43 INFO     quant_profiler │ PDR  price=15300  signal=THEO DÕI–GIẢM  VSA=NEUTRAL  regime=UNKNOWN  bull=6  bear=9  confirmed=False
2026-03-25 14:45:43 INFO     quant_profiler │ async_fetch_many ✓ PDR
2026-03-25 14:45:44 INFO     quant_profiler │ KDH  price=25850  signal=BÁN / TRÁNH  VSA=NEUTRAL  regime=UNKNOWN  bull=2  bear=9  confirmed=False
2026-03-25 14:45:44 INFO     quant_profiler │ async_fetch_many ✓ KDH
2026-03-25 14:45:44 INFO     quant_profiler │ NLG  price=29300  signal=THEO DÕI–TĂNG  VSA=NEUTRAL  regime=UNKNOWN  bull=9  bear=6  confirmed=False
2026-03-25 14:45:44 INFO     quant_profiler │ async_fetch_many ✓ NLG
2026-03-25 14:45:44 INFO     quant_profiler │ DIG  price=13800  signal=THEO DÕI–TĂNG  VSA=NEUTRAL  regime=UNKNOWN  bull=9  bear=6  confirmed=False
2026-03-25 14:45:44 INFO     quant_profiler │ async_fetch_many ✓ DIG
2026-03-25 14:45:44 INFO     quant_profiler │ VHM  price=104200  signal=TRUNG LẬP  VSA=NEUTRAL  regime=UNKNOWN  bull=5  bear=6  confirmed=False
2026-03-25 14:45:44 INFO     quant_profiler │ async_fetch_many ✓ VHM
2026-03-25 14:45:44 INFO     quant_profiler │ TCH  price=16500  signal=THEO DÕI–TĂNG  VSA=NEUTRAL  regime=UNKNOWN  bull=9  bear=6  confirmed=False
2026-03-25 14:45:44 INFO     quant_profiler │ async_fetch_many ✓ TCH
2026-03-25 14:45:49 INFO     quant_profiler │ AGG  price=13000  signal=THEO DÕI–GIẢM  VSA=NEUTRAL  regime=UNKNOWN  bull=6  bear=9  confirmed=False
2026-03-25 14:45:49 INFO     quant_profiler │ async_fetch_many ✓ AGG
2026-03-25 14:45:49 INFO     quant_profiler │ CRE  price=7200  signal=BÁN / TRÁNH  VSA=NEUTRAL  regime=UNKNOWN  bull=2  bear=9  confirmed=False
2026-03-25 14:45:49 INFO     quant_profiler │ async_fetch_many ✓ CRE
2026-03-25 14:45:49 INFO     quant_profiler │ HQC  price=2620  signal=TRUNG LẬP  VSA=NEUTRAL  regime=UNKNOWN  bull=5  bear=6  confirmed=False
2026-03-25 14:45:49 INFO     quant_profiler │ async_fetch_many ✓ HQC
2026-03-25 14:45:49 INFO     quant_profiler │ SJS  price=48600  signal=BÁN / TRÁNH  VSA=NEUTRAL  regime=UNKNOWN  bull=2  bear=17  confirmed=False
2026-03-25 14:45:49 INFO     quant_profiler │ async_fetch_many ✓ SJS
2026-03-25 14:45:49 INFO     quant_profiler │ VPI  price=57900  signal=THEO DÕI–GIẢM  VSA=NEUTRAL  regime=UNKNOWN  bull=6  bear=9  confirmed=False
2026-03-25 14:45:49 INFO     quant_profiler │ async_fetch_many ✓ VPI
2026-03-25 14:45:49 INFO     quant_profiler │ DXG  price=14150  signal=THEO DÕI–TĂNG  VSA=NEUTRAL  regime=UNKNOWN  bull=9  bear=6  confirmed=False
2026-03-25 14:45:49 INFO     quant_profiler │ async_fetch_many ✓ DXG
2026-03-25 14:45:49 INFO     quant_profiler │ VRE  price=26350  signal=TRUNG LẬP  VSA=NEUTRAL  regime=UNKNOWN  bull=5  bear=6  confirmed=False
2026-03-25 14:45:49 INFO     quant_profiler │ async_fetch_many ✓ VRE
2026-03-25 14:45:49 INFO     quant_profiler │ CEO  price=16400  signal=THEO DÕI–TĂNG  VSA=NEUTRAL  regime=UNKNOWN  bull=9  bear=6  confirmed=False
2026-03-25 14:45:49 INFO     quant_profiler │ async_fetch_many ✓ CEO
2026-03-25 14:45:50 INFO     quant_profiler │ HDG  price=30600  signal=THEO DÕI–TĂNG  VSA=NEUTRAL  regime=UNKNOWN  bull=9  bear=6  confirmed=False
2026-03-25 14:45:50 INFO     quant_profiler │ async_fetch_many ✓ HDG
2026-03-25 14:45:50 INFO     quant_profiler │ DRH  price=2520  signal=BÁN / TRÁNH  VSA=NEUTRAL  regime=UNKNOWN  bull=6  bear=12  confirmed=False
2026-03-25 14:45:50 INFO     quant_profiler │ async_fetch_many ✓ DRH
2026-03-25 14:45:50 INFO     quant_profiler │ NTL  price=16100  signal=MUA  VSA=NEUTRAL  regime=UNKNOWN  bull=13  bear=6  confirmed=False
2026-03-25 14:45:50 INFO     quant_profiler │ async_fetch_many ✓ NTL
2026-03-25 14:45:50 INFO     quant_profiler │ QCG  price=13200  signal=THEO DÕI–TĂNG  VSA=NEUTRAL  regime=UNKNOWN  bull=9  bear=6  confirmed=False
2026-03-25 14:45:50 INFO     quant_profiler │ async_fetch_many ✓ QCG
2026-03-25 14:45:56 INFO     quant_profiler │ TDC  price=10900  signal=BÁN / TRÁNH  VSA=NEUTRAL  regime=UNKNOWN  bull=2  bear=17  confirmed=False
2026-03-25 14:45:56 INFO     quant_profiler │ async_fetch_many ✓ TDC
2026-03-25 14:45:56 INFO     quant_profiler │ SZC  price=28500  signal=BÁN / TRÁNH  VSA=NEUTRAL  regime=UNKNOWN  bull=0  bear=11  confirmed=False
2026-03-25 14:45:56 INFO     quant_profiler │ async_fetch_many ✓ SZC
2026-03-25 14:45:56 INFO     quant_profiler │ TDH  price=3510  signal=BÁN / TRÁNH  VSA=NEUTRAL  regime=UNKNOWN  bull=2  bear=20  confirmed=False
2026-03-25 14:45:56 INFO     quant_profiler │ async_fetch_many ✓ TDH
2026-03-25 14:45:56 INFO     quant_profiler │ SCR  price=5900  signal=TRUNG LẬP  VSA=NEUTRAL  regime=UNKNOWN  bull=5  bear=6  confirmed=False
2026-03-25 14:45:56 INFO     quant_profiler │ async_fetch_many ✓ SCR
2026-03-25 14:45:56 INFO     quant_profiler │ DXS  price=6370  signal=MUA  VSA=NEUTRAL  regime=UNKNOWN  bull=13  bear=6  confirmed=False
2026-03-25 14:45:56 INFO     quant_profiler │ async_fetch_many ✓ DXS
2026-03-25 14:45:56 INFO     quant_profiler │ DTA  price=3590  signal=BÁN / TRÁNH  VSA=NEUTRAL  regime=UNKNOWN  bull=3  bear=11  confirmed=False
2026-03-25 14:45:56 INFO     quant_profiler │ async_fetch_many ✓ DTA
2026-03-25 14:45:56 INFO     quant_profiler │ NBB  price=18300  signal=THEO DÕI–TĂNG  VSA=NEUTRAL  regime=UNKNOWN  bull=9  bear=6  confirmed=False
2026-03-25 14:45:56 INFO     quant_profiler │ async_fetch_many ✓ NBB
2026-03-25 14:45:56 INFO     quant_profiler │ IJC  price=10350  signal=TRUNG LẬP  VSA=NEUTRAL  regime=UNKNOWN  bull=5  bear=6  confirmed=False
2026-03-25 14:45:56 INFO     quant_profiler │ async_fetch_many ✓ IJC
2026-03-25 14:45:56 INFO     quant_profiler │ SGR  price=14850  signal=BÁN / TRÁNH  VSA=NEUTRAL  regime=UNKNOWN  bull=0  bear=15  confirmed=False
2026-03-25 14:45:56 INFO     quant_profiler │ async_fetch_many ✓ SGR
2026-03-25 14:45:56 INFO     quant_profiler │ OGC  price=2900  signal=BÁN / TRÁNH  VSA=NEUTRAL  regime=UNKNOWN  bull=0  bear=11  confirmed=False
2026-03-25 14:45:56 INFO     quant_profiler │ async_fetch_many ✓ OGC
2026-03-25 14:45:57 INFO     quant_profiler │ IDC  price=46800  signal=THEO DÕI–TĂNG  VSA=NEUTRAL  regime=UNKNOWN  bull=9  bear=6  confirmed=False
2026-03-25 14:45:57 INFO     quant_profiler │ async_fetch_many ✓ IDC
2026-03-25 14:45:59 WARNING  quant_profiler │ fetch_ohlcv: all sources failed for ITA
2026-03-25 14:45:59 INFO     quant_profiler │ async_fetch_many ✓ ITA
2026-03-25 14:46:02 INFO     quant_profiler │ KBC  price=28900  signal=BÁN / TRÁNH  VSA=NEUTRAL  regime=UNKNOWN  bull=3  bear=11  confirmed=False
2026-03-25 14:46:02 INFO     quant_profiler │ async_fetch_many ✓ KBC
2026-03-25 14:46:02 INFO     quant_profiler │ SIP  price=56800  signal=BÁN / TRÁNH  VSA=NEUTRAL  regime=UNKNOWN  bull=0  bear=11  confirmed=False
2026-03-25 14:46:02 INFO     quant_profiler │ async_fetch_many ✓ SIP
2026-03-25 14:46:02 INFO     quant_profiler │ SZL  price=48000  signal=BÁN / TRÁNH  VSA=NEUTRAL  regime=UNKNOWN  bull=0  bear=11  confirmed=False
2026-03-25 14:46:02 INFO     quant_profiler │ async_fetch_many ✓ SZL
2026-03-25 14:46:02 INFO     quant_profiler │ TDM  price=55500  signal=BÁN / TRÁNH  VSA=NEUTRAL  regime=UNKNOWN  bull=4  bear=11  confirmed=False
2026-03-25 14:46:02 INFO     quant_profiler │ async_fetch_many ✓ TDM
2026-03-25 14:46:02 INFO     quant_profiler │ HAG  price=15950  signal=THEO DÕI–TĂNG  VSA=NEUTRAL  regime=UNKNOWN  bull=8  bear=6  confirmed=False
2026-03-25 14:46:02 INFO     quant_profiler │ async_fetch_many ✓ HAG
2026-03-25 14:46:03 INFO     quant_profiler │ HDC  price=17950  signal=BÁN / TRÁNH  VSA=NEUTRAL  regime=UNKNOWN  bull=2  bear=9  confirmed=False
2026-03-25 14:46:03 INFO     quant_profiler │ async_fetch_many ✓ HDC
2026-03-25 14:46:03 INFO     quant_profiler │ LDG  price=3350  signal=BÁN / TRÁNH  VSA=NEUTRAL  regime=UNKNOWN  bull=2  bear=9  confirmed=False
2026-03-25 14:46:03 INFO     quant_profiler │ async_fetch_many ✓ LDG
2026-03-25 14:46:03 INFO     quant_profiler │ NHA  price=12750  signal=THEO DÕI–TĂNG  VSA=NEUTRAL  regime=UNKNOWN  bull=9  bear=6  confirmed=False
2026-03-25 14:46:03 INFO     quant_profiler │ async_fetch_many ✓ NHA
2026-03-25 14:46:04 INFO     quant_profiler │ VID  price=4900  signal=BÁN / TRÁNH  VSA=NEUTRAL  regime=UNKNOWN  bull=0  bear=11  confirmed=False
2026-03-25 14:46:04 INFO     quant_profiler │ async_fetch_many ✓ VID
2026-03-25 14:46:05 WARNING  quant_profiler │ fetch_ohlcv: all sources failed for ROS
2026-03-25 14:46:05 INFO     quant_profiler │ async_fetch_many ✓ ROS
2026-03-25 14:46:05 WARNING  quant_profiler │ fetch_ohlcv: all sources failed for CLG
2026-03-25 14:46:05 INFO     quant_profiler │ async_fetch_many ✓ CLG
2026-03-25 14:46:05 INFO     quant_profiler │ CTD  price=84100  signal=THEO DÕI–TĂNG  VSA=NEUTRAL  regime=UNKNOWN  bull=8  bear=6  confirmed=False
2026-03-25 14:46:05 INFO     quant_profiler │ async_fetch_many ✓ CTD
2026-03-25 14:46:09 INFO     quant_profiler │ CTI  price=22700  signal=BÁN / TRÁNH  VSA=NEUTRAL  regime=UNKNOWN  bull=0  bear=11  confirmed=False
2026-03-25 14:46:09 INFO     quant_profiler │ async_fetch_many ✓ CTI
2026-03-25 14:46:10 INFO     quant_profiler │ C47  price=9210  signal=BÁN / TRÁNH  VSA=NEUTRAL  regime=UNKNOWN  bull=5  bear=10  confirmed=False
2026-03-25 14:46:10 INFO     quant_profiler │ async_fetch_many ✓ C47
2026-03-25 14:46:10 INFO     quant_profiler │ C32  price=10700  signal=BÁN / TRÁNH  VSA=NEUTRAL  regime=UNKNOWN  bull=2  bear=17  confirmed=False
2026-03-25 14:46:10 INFO     quant_profiler │ async_fetch_many ✓ C32
2026-03-25 14:46:10 INFO     quant_profiler │ VCG  price=21950  signal=BÁN / TRÁNH  VSA=NEUTRAL  regime=UNKNOWN  bull=2  bear=13  confirmed=False
2026-03-25 14:46:10 INFO     quant_profiler │ async_fetch_many ✓ VCG
2026-03-25 14:46:10 INFO     quant_profiler │ CII  price=17800  signal=THEO DÕI–TĂNG  VSA=NEUTRAL  regime=UNKNOWN  bull=9  bear=6  confirmed=False
2026-03-25 14:46:10 INFO     quant_profiler │ async_fetch_many ✓ CII
2026-03-25 14:46:10 INFO     quant_profiler │ LCG  price=9660  signal=BÁN / TRÁNH  VSA=NEUTRAL  regime=UNKNOWN  bull=2  bear=9  confirmed=False
2026-03-25 14:46:10 INFO     quant_profiler │ async_fetch_many ✓ LCG
2026-03-25 14:46:10 INFO     quant_profiler │ DPG  price=40850  signal=BÁN / TRÁNH  VSA=NEUTRAL  regime=UNKNOWN  bull=3  bear=11  confirmed=False
2026-03-25 14:46:10 INFO     quant_profiler │ async_fetch_many ✓ DPG
2026-03-25 14:46:10 INFO     quant_profiler │ HBC  price=5300  signal=THEO DÕI–GIẢM  VSA=NEUTRAL  regime=UNKNOWN  bull=7  bear=11  confirmed=False
2026-03-25 14:46:10 INFO     quant_profiler │ async_fetch_many ✓ HBC
2026-03-25 14:46:12 INFO     quant_profiler │ HTN  price=6410  signal=THEO DÕI–GIẢM  VSA=NEUTRAL  regime=UNKNOWN  bull=6  bear=9  confirmed=False
2026-03-25 14:46:12 INFO     quant_profiler │ async_fetch_many ✓ HTN
2026-03-25 14:46:12 INFO     quant_profiler │ FCN  price=12650  signal=THEO DÕI–TĂNG  VSA=NEUTRAL  regime=UNKNOWN  bull=8  bear=6  confirmed=False
2026-03-25 14:46:12 INFO     quant_profiler │ async_fetch_many ✓ FCN
2026-03-25 14:46:12 INFO     quant_profiler │ SC5  price=15500  signal=BÁN / TRÁNH  VSA=NEUTRAL  regime=UNKNOWN  bull=4  bear=11  confirmed=False
2026-03-25 14:46:12 INFO     quant_profiler │ async_fetch_many ✓ SC5
2026-03-25 14:46:14 WARNING  quant_profiler │ fetch_ohlcv: all sources failed for L10
2026-03-25 14:46:14 INFO     quant_profiler │ async_fetch_many ✓ L10
2026-03-25 14:46:15 INFO     quant_profiler │ L14  price=23400  signal=TRUNG LẬP  VSA=NEUTRAL  regime=UNKNOWN  bull=5  bear=6  confirmed=False
2026-03-25 14:46:15 INFO     quant_profiler │ async_fetch_many ✓ L14
2026-03-25 14:46:16 INFO     quant_profiler │ PTB  price=48250  signal=BÁN / TRÁNH  VSA=NEUTRAL  regime=UNKNOWN  bull=0  bear=11  confirmed=False
2026-03-25 14:46:16 INFO     quant_profiler │ async_fetch_many ✓ PTB
2026-03-25 14:46:16 INFO     quant_profiler │ ST8  price=3250  signal=BÁN / TRÁNH  VSA=NEUTRAL  regime=UNKNOWN  bull=0  bear=15  confirmed=False
2026-03-25 14:46:16 INFO     quant_profiler │ async_fetch_many ✓ ST8
2026-03-25 14:46:17 INFO     quant_profiler │ L18  price=23900  signal=THEO DÕI–GIẢM  VSA=NEUTRAL  regime=UNKNOWN  bull=5  bear=9  confirmed=False
2026-03-25 14:46:17 INFO     quant_profiler │ async_fetch_many ✓ L18
2026-03-25 14:46:17 INFO     quant_profiler │ HT1  price=14900  signal=BÁN / TRÁNH  VSA=NEUTRAL  regime=UNKNOWN  bull=0  bear=11  confirmed=False
2026-03-25 14:46:17 INFO     quant_profiler │ async_fetch_many ✓ HT1
2026-03-25 14:46:17 INFO     quant_profiler │ HHV  price=12100  signal=THEO DÕI–TĂNG  VSA=NEUTRAL  regime=UNKNOWN  bull=8  bear=6  confirmed=False
2026-03-25 14:46:17 INFO     quant_profiler │ async_fetch_many ✓ HHV
2026-03-25 14:46:18 INFO     quant_profiler │ BCC  price=7300  signal=BÁN / TRÁNH  VSA=NEUTRAL  regime=UNKNOWN  bull=5  bear=10  confirmed=False
2026-03-25 14:46:18 INFO     quant_profiler │ async_fetch_many ✓ BCC
2026-03-25 14:46:18 WARNING  quant_profiler │ fetch_ohlcv: all sources failed for L63
2026-03-25 14:46:18 INFO     quant_profiler │ async_fetch_many ✓ L63
2026-03-25 14:46:18 INFO     quant_profiler │ ACC  price=12500  signal=BÁN / TRÁNH  VSA=NEUTRAL  regime=UNKNOWN  bull=2  bear=17  confirmed=False
2026-03-25 14:46:18 INFO     quant_profiler │ async_fetch_many ✓ ACC
2026-03-25 14:46:19 INFO     quant_profiler │ BMP  price=128200  signal=BÁN / TRÁNH  VSA=NEUTRAL  regime=UNKNOWN  bull=0  bear=11  confirmed=False
2026-03-25 14:46:19 INFO     quant_profiler │ async_fetch_many ✓ BMP
2026-03-25 14:46:19 INFO     quant_profiler │ VGC  price=45500  signal=THEO DÕI–GIẢM  VSA=NEUTRAL  regime=UNKNOWN  bull=5  bear=9  confirmed=False
2026-03-25 14:46:19 INFO     quant_profiler │ async_fetch_many ✓ VGC
2026-03-25 14:46:22 INFO     quant_profiler │ PLP  price=5160  signal=BÁN / TRÁNH  VSA=NEUTRAL  regime=UNKNOWN  bull=0  bear=15  confirmed=False
2026-03-25 14:46:22 INFO     quant_profiler │ async_fetch_many ✓ PLP
2026-03-25 14:46:23 INFO     quant_profiler │ HPG  price=26350  signal=BÁN / TRÁNH  VSA=NEUTRAL  regime=UNKNOWN  bull=4  bear=11  confirmed=False
2026-03-25 14:46:23 INFO     quant_profiler │ async_fetch_many ✓ HPG
2026-03-25 14:46:24 INFO     quant_profiler │ NKG  price=13400  signal=BÁN / TRÁNH  VSA=NEUTRAL  regime=UNKNOWN  bull=0  bear=11  confirmed=False
2026-03-25 14:46:24 INFO     quant_profiler │ async_fetch_many ✓ NKG
2026-03-25 14:46:24 INFO     quant_profiler │ HSG  price=14400  signal=BÁN / TRÁNH  VSA=NEUTRAL  regime=UNKNOWN  bull=4  bear=11  confirmed=False
2026-03-25 14:46:24 INFO     quant_profiler │ async_fetch_many ✓ HSG
2026-03-25 14:46:25 INFO     quant_profiler │ TLH  price=4510  signal=BÁN / TRÁNH  VSA=NEUTRAL  regime=UNKNOWN  bull=0  bear=11  confirmed=False
2026-03-25 14:46:25 INFO     quant_profiler │ async_fetch_many ✓ TLH
2026-03-25 14:46:25 INFO     quant_profiler │ SMC  price=11150  signal=TRUNG LẬP  VSA=NEUTRAL  regime=UNKNOWN  bull=5  bear=6  confirmed=False
2026-03-25 14:46:25 INFO     quant_profiler │ async_fetch_many ✓ SMC
2026-03-25 14:46:25 INFO     quant_profiler │ DTL  price=11450  signal=BÁN / TRÁNH  VSA=NEUTRAL  regime=UNKNOWN  bull=2  bear=17  confirmed=False
2026-03-25 14:46:25 INFO     quant_profiler │ async_fetch_many ✓ DTL
2026-03-25 14:46:27 WARNING  quant_profiler │ fetch_ohlcv: all sources failed for POM
2026-03-25 14:46:27 INFO     quant_profiler │ async_fetch_many ✓ POM
2026-03-25 14:46:27 INFO     quant_profiler │ PVD  price=34750  signal=BÁN / TRÁNH  VSA=NEUTRAL  regime=UNKNOWN  bull=3  bear=11  confirmed=False
2026-03-25 14:46:27 INFO     quant_profiler │ async_fetch_many ✓ PVD
2026-03-25 14:46:27 INFO     quant_profiler │ PVT  price=21700  signal=BÁN / TRÁNH  VSA=NEUTRAL  regime=UNKNOWN  bull=0  bear=11  confirmed=False
2026-03-25 14:46:27 INFO     quant_profiler │ async_fetch_many ✓ PVT
2026-03-25 14:46:27 INFO     quant_profiler │ GAS  price=82500  signal=BÁN / TRÁNH  VSA=NEUTRAL  regime=UNKNOWN  bull=0  bear=11  confirmed=False
2026-03-25 14:46:27 INFO     quant_profiler │ async_fetch_many ✓ GAS
2026-03-25 14:46:27 INFO     quant_profiler │ PLX  price=41300  signal=BÁN / TRÁNH  VSA=NEUTRAL  regime=UNKNOWN  bull=0  bear=11  confirmed=False
2026-03-25 14:46:27 INFO     quant_profiler │ async_fetch_many ✓ PLX
2026-03-25 14:46:29 INFO     quant_profiler │ BSR  price=27500  signal=BÁN / TRÁNH  VSA=NEUTRAL  regime=UNKNOWN  bull=0  bear=11  confirmed=False
2026-03-25 14:46:29 INFO     quant_profiler │ async_fetch_many ✓ BSR
2026-03-25 14:46:31 INFO     quant_profiler │ PVC  price=18200  signal=TRUNG LẬP  VSA=NEUTRAL  regime=UNKNOWN  bull=5  bear=6  confirmed=False
2026-03-25 14:46:31 INFO     quant_profiler │ async_fetch_many ✓ PVC
2026-03-25 14:46:31 INFO     quant_profiler │ PVS  price=42200  signal=THEO DÕI–GIẢM  VSA=NEUTRAL  regime=UNKNOWN  bull=7  bear=11  confirmed=False
2026-03-25 14:46:31 INFO     quant_profiler │ async_fetch_many ✓ PVS
2026-03-25 14:46:32 INFO     quant_profiler │ PGN  price=6300  signal=BÁN / TRÁNH  VSA=NEUTRAL  regime=UNKNOWN  bull=5  bear=10  confirmed=False
2026-03-25 14:46:32 INFO     quant_profiler │ async_fetch_many ✓ PGN
2026-03-25 14:46:33 INFO     quant_profiler │ PGD  price=23950  signal=THEO DÕI–GIẢM  VSA=NEUTRAL  regime=UNKNOWN  bull=7  bear=11  confirmed=False
2026-03-25 14:46:33 INFO     quant_profiler │ async_fetch_many ✓ PGD
2026-03-25 14:46:33 INFO     quant_profiler │ PGC  price=14000  signal=BÁN / TRÁNH  VSA=NEUTRAL  regime=UNKNOWN  bull=0  bear=11  confirmed=False
2026-03-25 14:46:33 INFO     quant_profiler │ async_fetch_many ✓ PGC
2026-03-25 14:46:34 INFO     quant_profiler │ CNG  price=24450  signal=BÁN / TRÁNH  VSA=NEUTRAL  regime=UNKNOWN  bull=0  bear=11  confirmed=False
2026-03-25 14:46:34 INFO     quant_profiler │ async_fetch_many ✓ CNG
2026-03-25 14:46:34 WARNING  quant_profiler │ fetch_ohlcv: all sources failed for PXS
2026-03-25 14:46:34 INFO     quant_profiler │ async_fetch_many ✓ PXS
2026-03-25 14:46:34 INFO     quant_profiler │ COM  price=32000  signal=BÁN / TRÁNH  VSA=NEUTRAL  regime=UNKNOWN  bull=0  bear=15  confirmed=False
2026-03-25 14:46:34 INFO     quant_profiler │ async_fetch_many ✓ COM
2026-03-25 14:46:34 INFO     quant_profiler │ PET  price=45300  signal=TRUNG LẬP  VSA=NEUTRAL  regime=UNKNOWN  bull=5  bear=6  confirmed=False
2026-03-25 14:46:34 INFO     quant_profiler │ async_fetch_many ✓ PET
2026-03-25 14:46:34 INFO     quant_profiler │ GDT  price=19050  signal=BÁN / TRÁNH  VSA=NEUTRAL  regime=UNKNOWN  bull=4  bear=11  confirmed=False
2026-03-25 14:46:34 INFO     quant_profiler │ async_fetch_many ✓ GDT
2026-03-25 14:46:34 INFO     quant_profiler │ GEG  price=17150  signal=TRUNG LẬP  VSA=NEUTRAL  regime=UNKNOWN  bull=5  bear=6  confirmed=False
2026-03-25 14:46:34 INFO     quant_profiler │ async_fetch_many ✓ GEG
2026-03-25 14:46:35 INFO     quant_profiler │ REE  price=70900  signal=THEO DÕI–TĂNG  VSA=NEUTRAL  regime=UNKNOWN  bull=8  bear=6  confirmed=False
2026-03-25 14:46:35 INFO     quant_profiler │ async_fetch_many ✓ REE
2026-03-25 14:46:38 INFO     quant_profiler │ PC1  price=27900  signal=MUA  VSA=NEUTRAL  regime=UNKNOWN  bull=16  bear=6  confirmed=False
2026-03-25 14:46:38 INFO     quant_profiler │ async_fetch_many ✓ PC1
2026-03-25 14:46:38 INFO     quant_profiler │ POW  price=13350  signal=BÁN / TRÁNH  VSA=NEUTRAL  regime=UNKNOWN  bull=0  bear=11  confirmed=False
2026-03-25 14:46:38 INFO     quant_profiler │ async_fetch_many ✓ POW
2026-03-25 14:46:40 INFO     quant_profiler │ TBC  price=36000  signal=BÁN / TRÁNH  VSA=NEUTRAL  regime=UNKNOWN  bull=3  bear=11  confirmed=False
2026-03-25 14:46:40 INFO     quant_profiler │ NT2  price=27700  signal=MUA  VSA=NEUTRAL  regime=UNKNOWN  bull=13  bear=6  confirmed=False
2026-03-25 14:46:40 INFO     quant_profiler │ async_fetch_many ✓ TBC
2026-03-25 14:46:40 INFO     quant_profiler │ async_fetch_many ✓ NT2
2026-03-25 14:46:40 INFO     quant_profiler │ PPC  price=11150  signal=THEO DÕI–TĂNG  VSA=NEUTRAL  regime=UNKNOWN  bull=8  bear=6  confirmed=False
2026-03-25 14:46:40 INFO     quant_profiler │ async_fetch_many ✓ PPC
2026-03-25 14:46:41 INFO     quant_profiler │ BWE  price=43000  signal=BÁN / TRÁNH  VSA=NEUTRAL  regime=UNKNOWN  bull=4  bear=11  confirmed=False
2026-03-25 14:46:41 INFO     quant_profiler │ async_fetch_many ✓ BWE
2026-03-25 14:46:41 INFO     quant_profiler │ EVG  price=6230  signal=BÁN / TRÁNH  VSA=NEUTRAL  regime=UNKNOWN  bull=3  bear=11  confirmed=False
2026-03-25 14:46:41 INFO     quant_profiler │ async_fetch_many ✓ EVG
2026-03-25 14:46:41 INFO     quant_profiler │ SJD  price=14050  signal=BÁN / TRÁNH  VSA=NEUTRAL  regime=UNKNOWN  bull=2  bear=9  confirmed=False
2026-03-25 14:46:41 INFO     quant_profiler │ async_fetch_many ✓ SJD
2026-03-25 14:46:41 INFO     quant_profiler │ SHP  price=34100  signal=BÁN / TRÁNH  VSA=NEUTRAL  regime=UNKNOWN  bull=0  bear=14  confirmed=False
2026-03-25 14:46:41 INFO     quant_profiler │ async_fetch_many ✓ SHP
2026-03-25 14:46:41 INFO     quant_profiler │ VSH  price=43600  signal=THEO DÕI–TĂNG  VSA=NEUTRAL  regime=UNKNOWN  bull=8  bear=6  confirmed=False
2026-03-25 14:46:41 INFO     quant_profiler │ async_fetch_many ✓ VSH
2026-03-25 14:46:41 INFO     quant_profiler │ VNM  price=62100  signal=BÁN / TRÁNH  VSA=NEUTRAL  regime=UNKNOWN  bull=4  bear=11  confirmed=False
2026-03-25 14:46:41 INFO     quant_profiler │ async_fetch_many ✓ VNM
2026-03-25 14:46:41 INFO     quant_profiler │ GEX  price=35600  signal=TRUNG LẬP  VSA=NEUTRAL  regime=UNKNOWN  bull=5  bear=6  confirmed=False
2026-03-25 14:46:41 INFO     quant_profiler │ async_fetch_many ✓ GEX
2026-03-25 14:46:44 INFO     quant_profiler │ MSN  price=73200  signal=THEO DÕI–GIẢM  VSA=NEUTRAL  regime=UNKNOWN  bull=8  bear=10  confirmed=False
2026-03-25 14:46:44 INFO     quant_profiler │ async_fetch_many ✓ MSN
2026-03-25 14:46:44 INFO     quant_profiler │ SAB  price=44750  signal=THEO DÕI–TĂNG  VSA=NEUTRAL  regime=UNKNOWN  bull=11  bear=8  confirmed=False
2026-03-25 14:46:44 INFO     quant_profiler │ async_fetch_many ✓ SAB
2026-03-25 14:46:47 INFO     quant_profiler │ KDC  price=49600  signal=BÁN / TRÁNH  VSA=NEUTRAL  regime=UNKNOWN  bull=0  bear=11  confirmed=False
2026-03-25 14:46:47 INFO     quant_profiler │ async_fetch_many ✓ KDC
2026-03-25 14:46:47 INFO     quant_profiler │ DBC  price=23300  signal=BÁN / TRÁNH  VSA=NEUTRAL  regime=UNKNOWN  bull=0  bear=11  confirmed=False
2026-03-25 14:46:47 INFO     quant_profiler │ async_fetch_many ✓ DBC
2026-03-25 14:46:47 INFO     quant_profiler │ NSC  price=71900  signal=BÁN / TRÁNH  VSA=NEUTRAL  regime=UNKNOWN  bull=0  bear=11  confirmed=False
2026-03-25 14:46:47 INFO     quant_profiler │ async_fetch_many ✓ NSC
2026-03-25 14:46:48 INFO     quant_profiler │ PAN  price=28750  signal=BÁN / TRÁNH  VSA=NEUTRAL  regime=UNKNOWN  bull=0  bear=11  confirmed=False
2026-03-25 14:46:48 INFO     quant_profiler │ async_fetch_many ✓ PAN
2026-03-25 14:46:48 INFO     quant_profiler │ LSS  price=8590  signal=MUA  VSA=NEUTRAL  regime=UNKNOWN  bull=12  bear=6  confirmed=False
2026-03-25 14:46:48 INFO     quant_profiler │ async_fetch_many ✓ LSS
2026-03-25 14:46:48 INFO     quant_profiler │ BHN  price=30500  signal=THEO DÕI–GIẢM  VSA=NEUTRAL  regime=UNKNOWN  bull=8  bear=10  confirmed=False
2026-03-25 14:46:48 INFO     quant_profiler │ async_fetch_many ✓ BHN
2026-03-25 14:46:48 INFO     quant_profiler │ SBT  price=21650  signal=BÁN / TRÁNH  VSA=NEUTRAL  regime=UNKNOWN  bull=4  bear=11  confirmed=False
2026-03-25 14:46:48 INFO     quant_profiler │ async_fetch_many ✓ SBT
2026-03-25 14:46:48 INFO     quant_profiler │ MWG  price=79200  signal=BÁN / TRÁNH  VSA=NEUTRAL  regime=UNKNOWN  bull=0  bear=11  confirmed=False
2026-03-25 14:46:48 INFO     quant_profiler │ async_fetch_many ✓ MWG
2026-03-25 14:46:48 INFO     quant_profiler │ PNJ  price=111000  signal=BÁN / TRÁNH  VSA=NEUTRAL  regime=UNKNOWN  bull=0  bear=11  confirmed=False
2026-03-25 14:46:48 INFO     quant_profiler │ async_fetch_many ✓ PNJ
2026-03-25 14:46:49 WARNING  quant_profiler │ fetch_ohlcv: all sources failed for AGM
2026-03-25 14:46:49 INFO     quant_profiler │ async_fetch_many ✓ AGM
2026-03-25 14:46:51 INFO     quant_profiler │ DGW  price=43600  signal=THEO DÕI–GIẢM  VSA=NEUTRAL  regime=UNKNOWN  bull=6  bear=9  confirmed=False
2026-03-25 14:46:51 INFO     quant_profiler │ async_fetch_many ✓ DGW
2026-03-25 14:46:51 INFO     quant_profiler │ FRT  price=158600  signal=MUA  VSA=NEUTRAL  regime=UNKNOWN  bull=12  bear=6  confirmed=False
2026-03-25 14:46:51 INFO     quant_profiler │ async_fetch_many ✓ FRT
2026-03-25 14:46:55 INFO     quant_profiler │ CMG  price=28800  signal=BÁN / TRÁNH  VSA=NEUTRAL  regime=UNKNOWN  bull=0  bear=11  confirmed=False
2026-03-25 14:46:55 INFO     quant_profiler │ async_fetch_many ✓ CMG
2026-03-25 14:46:55 INFO     quant_profiler │ ELC  price=18100  signal=THEO DÕI–GIẢM  VSA=NEUTRAL  regime=UNKNOWN  bull=5  bear=9  confirmed=False
2026-03-25 14:46:55 INFO     quant_profiler │ async_fetch_many ✓ ELC
2026-03-25 14:46:55 INFO     quant_profiler │ ICT  price=17850  signal=THEO DÕI–GIẢM  VSA=NEUTRAL  regime=UNKNOWN  bull=8  bear=10  confirmed=False
2026-03-25 14:46:55 INFO     quant_profiler │ async_fetch_many ✓ ICT
2026-03-25 14:46:55 INFO     quant_profiler │ VNG  price=7100  signal=MUA  VSA=NEUTRAL  regime=UNKNOWN  bull=12  bear=6  confirmed=False
2026-03-25 14:46:55 INFO     quant_profiler │ async_fetch_many ✓ VNG
2026-03-25 14:46:55 INFO     quant_profiler │ FPT  price=77000  signal=THEO DÕI–GIẢM  VSA=NEUTRAL  regime=UNKNOWN  bull=7  bear=11  confirmed=False
2026-03-25 14:46:55 INFO     quant_profiler │ async_fetch_many ✓ FPT
2026-03-25 14:46:55 INFO     quant_profiler │ AST  price=71000  signal=BÁN / TRÁNH  VSA=NEUTRAL  regime=UNKNOWN  bull=4  bear=11  confirmed=False
2026-03-25 14:46:55 INFO     quant_profiler │ async_fetch_many ✓ AST
2026-03-25 14:46:57 INFO     quant_profiler │ GMD  price=77200  signal=THEO DÕI–TĂNG  VSA=NEUTRAL  regime=UNKNOWN  bull=8  bear=6  confirmed=False
2026-03-25 14:46:57 INFO     quant_profiler │ async_fetch_many ✓ GMD
2026-03-25 14:46:57 INFO     quant_profiler │ HAH  price=53700  signal=BÁN / TRÁNH  VSA=NEUTRAL  regime=UNKNOWN  bull=0  bear=11  confirmed=False
2026-03-25 14:46:57 INFO     quant_profiler │ VJC  price=153000  signal=BÁN / TRÁNH  VSA=NEUTRAL  regime=UNKNOWN  bull=0  bear=15  confirmed=False
2026-03-25 14:46:57 INFO     quant_profiler │ async_fetch_many ✓ HAH
2026-03-25 14:46:57 INFO     quant_profiler │ async_fetch_many ✓ VJC
2026-03-25 14:46:57 INFO     quant_profiler │ HVN  price=22050  signal=BÁN / TRÁNH  VSA=NEUTRAL  regime=UNKNOWN  bull=4  bear=11  confirmed=False
2026-03-25 14:46:57 INFO     quant_profiler │ async_fetch_many ✓ HVN
2026-03-25 14:46:59 INFO     quant_profiler │ VOS  price=12850  signal=BÁN / TRÁNH  VSA=NEUTRAL  regime=UNKNOWN  bull=0  bear=11  confirmed=False
2026-03-25 14:46:59 INFO     quant_profiler │ async_fetch_many ✓ VOS
2026-03-25 14:46:59 INFO     quant_profiler │ PJT  price=8890  signal=THEO DÕI–GIẢM  VSA=NEUTRAL  regime=UNKNOWN  bull=7  bear=11  confirmed=False
2026-03-25 14:46:59 INFO     quant_profiler │ async_fetch_many ✓ PJT
2026-03-25 14:47:02 INFO     quant_profiler │ TMS  price=40900  signal=BÁN / TRÁNH  VSA=NEUTRAL  regime=UNKNOWN  bull=0  bear=11  confirmed=False
2026-03-25 14:47:02 INFO     quant_profiler │ async_fetch_many ✓ TMS
2026-03-25 14:47:02 INFO     quant_profiler │ VTB  price=14100  signal=MUA  VSA=NEUTRAL  regime=UNKNOWN  bull=13  bear=6  confirmed=False
2026-03-25 14:47:02 INFO     quant_profiler │ async_fetch_many ✓ VTB
2026-03-25 14:47:03 INFO     quant_profiler │ SGN  price=53000  signal=BÁN / TRÁNH  VSA=NEUTRAL  regime=UNKNOWN  bull=4  bear=11  confirmed=False
2026-03-25 14:47:03 INFO     quant_profiler │ async_fetch_many ✓ SGN
2026-03-25 14:47:04 INFO     quant_profiler │ DVP  price=70200  signal=THEO DÕI–TĂNG  VSA=NEUTRAL  regime=UNKNOWN  bull=14  bear=8  confirmed=False
2026-03-25 14:47:04 INFO     quant_profiler │ async_fetch_many ✓ DVP
2026-03-25 14:47:04 INFO     quant_profiler │ VSC  price=23950  signal=BÁN / TRÁNH  VSA=NEUTRAL  regime=UNKNOWN  bull=2  bear=17  confirmed=False
2026-03-25 14:47:04 INFO     quant_profiler │ async_fetch_many ✓ VSC
2026-03-25 14:47:04 INFO     quant_profiler │ SCS  price=52900  signal=BÁN / TRÁNH  VSA=NEUTRAL  regime=UNKNOWN  bull=3  bear=11  confirmed=False
2026-03-25 14:47:04 INFO     quant_profiler │ async_fetch_many ✓ SCS
2026-03-25 14:47:06 INFO     quant_profiler │ HTG  price=42700  signal=TRUNG LẬP  VSA=NEUTRAL  regime=UNKNOWN  bull=9  bear=9  confirmed=False
2026-03-25 14:47:06 INFO     quant_profiler │ async_fetch_many ✓ HTG
2026-03-25 14:47:06 INFO     quant_profiler │ MSH  price=36850  signal=MUA  VSA=NEUTRAL  regime=UNKNOWN  bull=13  bear=6  confirmed=False
2026-03-25 14:47:06 INFO     quant_profiler │ EVE  price=10400  signal=BÁN / TRÁNH  VSA=NEUTRAL  regime=UNKNOWN  bull=5  bear=10  confirmed=False
2026-03-25 14:47:06 INFO     quant_profiler │ async_fetch_many ✓ MSH
2026-03-25 14:47:06 INFO     quant_profiler │ STK  price=14900  signal=BÁN / TRÁNH  VSA=NEUTRAL  regime=UNKNOWN  bull=4  bear=11  confirmed=False
2026-03-25 14:47:06 INFO     quant_profiler │ TCM  price=22500  signal=BÁN / TRÁNH  VSA=NEUTRAL  regime=UNKNOWN  bull=0  bear=15  confirmed=False
2026-03-25 14:47:06 INFO     quant_profiler │ async_fetch_many ✓ EVE
2026-03-25 14:47:06 INFO     quant_profiler │ async_fetch_many ✓ STK
2026-03-25 14:47:06 INFO     quant_profiler │ async_fetch_many ✓ TCM
2026-03-25 14:47:06 INFO     quant_profiler │ TNG  price=24300  signal=BÁN / TRÁNH  VSA=NEUTRAL  regime=UNKNOWN  bull=2  bear=9  confirmed=False
2026-03-25 14:47:06 INFO     quant_profiler │ async_fetch_many ✓ TNG
2026-03-25 14:47:11 INFO     quant_profiler │ VHC  price=58500  signal=BÁN / TRÁNH  VSA=NEUTRAL  regime=UNKNOWN  bull=2  bear=9  confirmed=False
2026-03-25 14:47:11 INFO     quant_profiler │ async_fetch_many ✓ VHC
2026-03-25 14:47:11 INFO     quant_profiler │ GIL  price=13400  signal=BÁN / TRÁNH  VSA=NEUTRAL  regime=UNKNOWN  bull=0  bear=11  confirmed=False
2026-03-25 14:47:11 INFO     quant_profiler │ async_fetch_many ✓ GIL
2026-03-25 14:47:11 INFO     quant_profiler │ ANV  price=23100  signal=BÁN / TRÁNH  VSA=NEUTRAL  regime=UNKNOWN  bull=2  bear=9  confirmed=False
2026-03-25 14:47:11 INFO     quant_profiler │ async_fetch_many ✓ ANV
2026-03-25 14:47:11 INFO     quant_profiler │ ACL  price=13300  signal=BÁN / TRÁNH  VSA=NEUTRAL  regime=UNKNOWN  bull=3  bear=11  confirmed=False
2026-03-25 14:47:11 INFO     quant_profiler │ async_fetch_many ✓ ACL
2026-03-25 14:47:11 INFO     quant_profiler │ IDI  price=6910  signal=BÁN / TRÁNH  VSA=NEUTRAL  regime=UNKNOWN  bull=0  bear=11  confirmed=False
2026-03-25 14:47:11 INFO     quant_profiler │ async_fetch_many ✓ IDI
2026-03-25 14:47:11 INFO     quant_profiler │ ABT  price=60000  signal=BÁN / TRÁNH  VSA=NEUTRAL  regime=UNKNOWN  bull=0  bear=11  confirmed=False
2026-03-25 14:47:11 INFO     quant_profiler │ async_fetch_many ✓ ABT
2026-03-25 14:47:14 INFO     quant_profiler │ IMP  price=55200  signal=THEO DÕI–GIẢM  VSA=NEUTRAL  regime=UNKNOWN  bull=7  bear=11  confirmed=False
2026-03-25 14:47:14 INFO     quant_profiler │ async_fetch_many ✓ IMP
2026-03-25 14:47:14 INFO     quant_profiler │ OPC  price=22450  signal=BÁN / TRÁNH  VSA=NEUTRAL  regime=UNKNOWN  bull=3  bear=8  confirmed=False
2026-03-25 14:47:14 INFO     quant_profiler │ async_fetch_many ✓ OPC
2026-03-25 14:47:14 INFO     quant_profiler │ DHG  price=101000  signal=BÁN / TRÁNH  VSA=NEUTRAL  regime=UNKNOWN  bull=0  bear=11  confirmed=False
2026-03-25 14:47:14 INFO     quant_profiler │ async_fetch_many ✓ DHG
2026-03-25 14:47:14 INFO     quant_profiler │ DMC  price=57000  signal=BÁN / TRÁNH  VSA=NEUTRAL  regime=UNKNOWN  bull=0  bear=11  confirmed=False
2026-03-25 14:47:14 INFO     quant_profiler │ async_fetch_many ✓ DMC
2026-03-25 14:47:14 INFO     quant_profiler │ TRA  price=67500  signal=BÁN / TRÁNH  VSA=NEUTRAL  regime=UNKNOWN  bull=4  bear=11  confirmed=False
2026-03-25 14:47:14 INFO     quant_profiler │ async_fetch_many ✓ TRA
2026-03-25 14:47:15 INFO     quant_profiler │ FMC  price=37700  signal=BÁN / TRÁNH  VSA=NEUTRAL  regime=UNKNOWN  bull=4  bear=11  confirmed=False
2026-03-25 14:47:15 INFO     quant_profiler │ async_fetch_many ✓ FMC
2026-03-25 14:47:19 INFO     quant_profiler │ DPM  price=29400  signal=BÁN / TRÁNH  VSA=NEUTRAL  regime=UNKNOWN  bull=0  bear=11  confirmed=False
2026-03-25 14:47:19 INFO     quant_profiler │ async_fetch_many ✓ DPM
2026-03-25 14:47:19 INFO     quant_profiler │ SFG  price=10600  signal=BÁN / TRÁNH  VSA=NEUTRAL  regime=UNKNOWN  bull=3  bear=11  confirmed=False
2026-03-25 14:47:19 INFO     quant_profiler │ async_fetch_many ✓ SFG
2026-03-25 14:47:19 INFO     quant_profiler │ DBD  price=51400  signal=THEO DÕI–GIẢM  VSA=NEUTRAL  regime=UNKNOWN  bull=7  bear=11  confirmed=False
2026-03-25 14:47:19 INFO     quant_profiler │ DCM  price=45450  signal=BÁN / TRÁNH  VSA=NEUTRAL  regime=UNKNOWN  bull=4  bear=11  confirmed=False
2026-03-25 14:47:19 INFO     quant_profiler │ async_fetch_many ✓ DBD
2026-03-25 14:47:19 INFO     quant_profiler │ async_fetch_many ✓ DCM
2026-03-25 14:47:19 INFO     quant_profiler │ LAS  price=17000  signal=BÁN / TRÁNH  VSA=NEUTRAL  regime=UNKNOWN  bull=0  bear=11  confirmed=False
2026-03-25 14:47:19 INFO     quant_profiler │ async_fetch_many ✓ LAS
2026-03-25 14:47:21 WARNING  quant_profiler │ fetch_ohlcv: all sources failed for HAI
2026-03-25 14:47:21 INFO     quant_profiler │ async_fetch_many ✓ HAI
2026-03-25 14:47:21 INFO     quant_profiler │ PHR  price=59500  signal=BÁN / TRÁNH  VSA=NEUTRAL  regime=UNKNOWN  bull=2  bear=9  confirmed=False
2026-03-25 14:47:21 INFO     quant_profiler │ async_fetch_many ✓ PHR
2026-03-25 14:47:22 INFO     quant_profiler │ SRC  price=53800  signal=BÁN / TRÁNH  VSA=NEUTRAL  regime=UNKNOWN  bull=5  bear=10  confirmed=False
2026-03-25 14:47:22 INFO     quant_profiler │ async_fetch_many ✓ SRC
2026-03-25 14:47:22 INFO     quant_profiler │ DGC  price=54700  signal=BÁN / TRÁNH  VSA=NEUTRAL  regime=UNKNOWN  bull=3  bear=11  confirmed=False
2026-03-25 14:47:22 INFO     quant_profiler │ CSM  price=12300  signal=THEO DÕI–TĂNG  VSA=NEUTRAL  regime=UNKNOWN  bull=9  bear=6  confirmed=False
2026-03-25 14:47:22 INFO     quant_profiler │ async_fetch_many ✓ DGC
2026-03-25 14:47:22 INFO     quant_profiler │ async_fetch_many ✓ CSM
2026-03-25 14:47:22 INFO     quant_profiler │ VAF  price=20350  signal=THEO DÕI–GIẢM  VSA=NEUTRAL  regime=UNKNOWN  bull=6  bear=9  confirmed=False
2026-03-25 14:47:22 INFO     quant_profiler │ async_fetch_many ✓ VAF
2026-03-25 14:47:22 INFO     quant_profiler │ DRC  price=13450  signal=BÁN / TRÁNH  VSA=NEUTRAL  regime=UNKNOWN  bull=0  bear=11  confirmed=False
2026-03-25 14:47:22 INFO     quant_profiler │ async_fetch_many ✓ DRC
2026-03-25 14:47:25 INFO     quant_profiler │ HRC  price=57500  signal=BÁN / TRÁNH  VSA=NEUTRAL  regime=UNKNOWN  bull=0  bear=15  confirmed=False
2026-03-25 14:47:25 INFO     quant_profiler │ async_fetch_many ✓ HRC
2026-03-25 14:47:25 INFO     quant_profiler │ NBC  price=11300  signal=TRUNG LẬP  VSA=NEUTRAL  regime=UNKNOWN  bull=5  bear=6  confirmed=False
2026-03-25 14:47:25 INFO     quant_profiler │ async_fetch_many ✓ NBC
2026-03-25 14:47:25 INFO     quant_profiler │ BMC  price=13400  signal=BÁN / TRÁNH  VSA=NEUTRAL  regime=UNKNOWN  bull=0  bear=11  confirmed=False
2026-03-25 14:47:25 INFO     quant_profiler │ async_fetch_many ✓ BMC
2026-03-25 14:47:25 INFO     quant_profiler │ KSB  price=16250  signal=BÁN / TRÁNH  VSA=NEUTRAL  regime=UNKNOWN  bull=0  bear=11  confirmed=False
2026-03-25 14:47:25 INFO     quant_profiler │ async_fetch_many ✓ KSB
2026-03-25 14:47:25 INFO     quant_profiler │ VIC  price=128700  signal=BÁN / TRÁNH  VSA=NEUTRAL  regime=UNKNOWN  bull=0  bear=15  confirmed=False
2026-03-25 14:47:25 INFO     quant_profiler │ async_fetch_many ✓ VIC
2026-03-25 14:47:32 INFO     quant_profiler │ GVR  price=30500  signal=BÁN / TRÁNH  VSA=NEUTRAL  regime=UNKNOWN  bull=0  bear=11  confirmed=False
2026-03-25 14:47:32 INFO     quant_profiler │ async_fetch_many ✓ GVR
2026-03-25 14:47:32 INFO     quant_profiler │ FPT  price=77000  signal=THEO DÕI–GIẢM  VSA=NEUTRAL  regime=UNKNOWN  bull=7  bear=11  confirmed=False
2026-03-25 14:47:32 INFO     quant_profiler │ async_fetch_many ✓ FPT
2026-03-25 14:47:32 INFO     quant_profiler │ BID  price=39500  signal=BÁN / TRÁNH  VSA=NEUTRAL  regime=UNKNOWN  bull=0  bear=11  confirmed=False
2026-03-25 14:47:32 INFO     quant_profiler │ async_fetch_many ✓ BID
2026-03-25 14:47:32 INFO     quant_profiler │ BCM  price=52900  signal=BÁN / TRÁNH  VSA=NEUTRAL  regime=UNKNOWN  bull=0  bear=11  confirmed=False
2026-03-25 14:47:32 INFO     quant_profiler │ async_fetch_many ✓ BCM
2026-03-25 14:47:32 INFO     quant_profiler │ ACB  price=23800  signal=MUA  VSA=NEUTRAL  regime=UNKNOWN  bull=13  bear=6  confirmed=False
2026-03-25 14:47:32 INFO     quant_profiler │ async_fetch_many ✓ ACB
2026-03-25 14:47:32 INFO     quant_profiler │ CTG  price=34050  signal=BÁN / TRÁNH  VSA=NEUTRAL  regime=UNKNOWN  bull=4  bear=11  confirmed=False
2026-03-25 14:47:32 INFO     quant_profiler │ async_fetch_many ✓ CTG
2026-03-25 14:47:32 INFO     quant_profiler │ GAS  price=82500  signal=BÁN / TRÁNH  VSA=NEUTRAL  regime=UNKNOWN  bull=0  bear=11  confirmed=False
2026-03-25 14:47:32 INFO     quant_profiler │ async_fetch_many ✓ GAS
2026-03-25 14:47:32 INFO     quant_profiler │ BVH  price=85900  signal=THEO DÕI–TĂNG  VSA=NEUTRAL  regime=UNKNOWN  bull=9  bear=6  confirmed=False
2026-03-25 14:47:32 INFO     quant_profiler │ async_fetch_many ✓ BVH
2026-03-25 14:47:37 INFO     quant_profiler │ MBB  price=26000  signal=BÁN / TRÁNH  VSA=NEUTRAL  regime=UNKNOWN  bull=3  bear=11  confirmed=False
2026-03-25 14:47:37 INFO     quant_profiler │ async_fetch_many ✓ MBB
2026-03-25 14:47:37 INFO     quant_profiler │ MSN  price=73200  signal=BÁN / TRÁNH  VSA=NEUTRAL  regime=UNKNOWN  bull=3  bear=11  confirmed=False
2026-03-25 14:47:37 INFO     quant_profiler │ async_fetch_many ✓ MSN
2026-03-25 14:47:37 INFO     quant_profiler │ HDB  price=24900  signal=BÁN / TRÁNH  VSA=NEUTRAL  regime=UNKNOWN  bull=0  bear=11  confirmed=False
2026-03-25 14:47:37 INFO     quant_profiler │ async_fetch_many ✓ HDB
2026-03-25 14:47:37 INFO     quant_profiler │ HPG  price=26350  signal=BÁN / TRÁNH  VSA=NEUTRAL  regime=UNKNOWN  bull=0  bear=11  confirmed=False
2026-03-25 14:47:37 INFO     quant_profiler │ async_fetch_many ✓ HPG
2026-03-25 14:47:37 INFO     quant_profiler │ MWG  price=79200  signal=BÁN / TRÁNH  VSA=NEUTRAL  regime=UNKNOWN  bull=0  bear=11  confirmed=False
2026-03-25 14:47:37 INFO     quant_profiler │ async_fetch_many ✓ MWG
2026-03-25 14:47:37 INFO     quant_profiler │ PLX  price=41300  signal=BÁN / TRÁNH  VSA=NEUTRAL  regime=UNKNOWN  bull=0  bear=11  confirmed=False
2026-03-25 14:47:37 INFO     quant_profiler │ async_fetch_many ✓ PLX
2026-03-25 14:47:37 INFO     quant_profiler │ NVL  price=13800  signal=TRUNG LẬP  VSA=NEUTRAL  regime=UNKNOWN  bull=5  bear=6  confirmed=False
2026-03-25 14:47:37 INFO     quant_profiler │ async_fetch_many ✓ NVL
2026-03-25 14:47:37 INFO     quant_profiler │ PDR  price=15300  signal=BÁN / TRÁNH  VSA=NEUTRAL  regime=UNKNOWN  bull=4  bear=11  confirmed=False
2026-03-25 14:47:37 INFO     quant_profiler │ async_fetch_many ✓ PDR
2026-03-25 14:47:42 INFO     quant_profiler │ SAB  price=44750  signal=MUA  VSA=NEUTRAL  regime=UNKNOWN  bull=13  bear=6  confirmed=False
2026-03-25 14:47:42 INFO     quant_profiler │ async_fetch_many ✓ SAB
2026-03-25 14:47:42 INFO     quant_profiler │ POW  price=13350  signal=BÁN / TRÁNH  VSA=NEUTRAL  regime=UNKNOWN  bull=0  bear=11  confirmed=False
2026-03-25 14:47:42 INFO     quant_profiler │ async_fetch_many ✓ POW
2026-03-25 14:47:42 INFO     quant_profiler │ STB  price=62200  signal=BÁN / TRÁNH  VSA=NEUTRAL  regime=UNKNOWN  bull=0  bear=11  confirmed=False
2026-03-25 14:47:42 INFO     quant_profiler │ async_fetch_many ✓ STB
2026-03-25 14:47:43 INFO     quant_profiler │ TCB  price=30800  signal=MUA  VSA=NEUTRAL  regime=UNKNOWN  bull=13  bear=6  confirmed=False
2026-03-25 14:47:43 INFO     quant_profiler │ async_fetch_many ✓ TCB
2026-03-25 14:47:43 INFO     quant_profiler │ SSI  price=26850  signal=BÁN / TRÁNH  VSA=NEUTRAL  regime=UNKNOWN  bull=0  bear=11  confirmed=False
2026-03-25 14:47:43 INFO     quant_profiler │ async_fetch_many ✓ SSI
2026-03-25 14:47:43 INFO     quant_profiler │ VCB  price=58400  signal=BÁN / TRÁNH  VSA=NEUTRAL  regime=UNKNOWN  bull=0  bear=11  confirmed=False
2026-03-25 14:47:43 INFO     quant_profiler │ async_fetch_many ✓ VCB
2026-03-25 14:47:43 INFO     quant_profiler │ TPB  price=16150  signal=BÁN / TRÁNH  VSA=NEUTRAL  regime=UNKNOWN  bull=4  bear=11  confirmed=False
2026-03-25 14:47:43 INFO     quant_profiler │ async_fetch_many ✓ TPB
2026-03-25 14:47:43 INFO     quant_profiler │ VHM  price=104200  signal=TRUNG LẬP  VSA=NEUTRAL  regime=UNKNOWN  bull=5  bear=6  confirmed=False
2026-03-25 14:47:43 INFO     quant_profiler │ async_fetch_many ✓ VHM
2026-03-25 14:47:48 INFO     quant_profiler │ VRE  price=26350  signal=BÁN / TRÁNH  VSA=NEUTRAL  regime=UNKNOWN  bull=0  bear=11  confirmed=False
2026-03-25 14:47:48 INFO     quant_profiler │ async_fetch_many ✓ VRE
2026-03-25 14:47:48 INFO     quant_profiler │ VIC  price=128700  signal=BÁN / TRÁNH  VSA=NEUTRAL  regime=UNKNOWN  bull=0  bear=11  confirmed=False
2026-03-25 14:47:48 INFO     quant_profiler │ async_fetch_many ✓ VIC
2026-03-25 14:47:48 INFO     quant_profiler │ VPB  price=26300  signal=BÁN / TRÁNH  VSA=NEUTRAL  regime=UNKNOWN  bull=4  bear=11  confirmed=False
2026-03-25 14:47:48 INFO     quant_profiler │ async_fetch_many ✓ VPB
2026-03-25 14:47:48 INFO     quant_profiler │ VNM  price=62100  signal=BÁN / TRÁNH  VSA=NEUTRAL  regime=UNKNOWN  bull=4  bear=11  confirmed=False
2026-03-25 14:47:48 INFO     quant_profiler │ async_fetch_many ✓ VNM
2026-03-25 14:47:48 INFO     quant_profiler │ VJC  price=153000  signal=BÁN / TRÁNH  VSA=NEUTRAL  regime=UNKNOWN  bull=2  bear=17  confirmed=False
2026-03-25 14:47:48 INFO     quant_profiler │ async_fetch_many ✓ VJC
2026-03-25 14:47:48 INFO     quant_profiler │ VIB  price=17250  signal=MUA  VSA=NEUTRAL  regime=UNKNOWN  bull=13  bear=6  confirmed=False
2026-03-25 14:47:48 INFO     quant_profiler │ async_fetch_many ✓ VIB
2026-03-25 14:55:32 INFO     quant_profiler │ BID  price=39500  signal=BÁN / TRÁNH  VSA=NEUTRAL  regime=UNKNOWN  bull=0  bear=11  confirmed=False
2026-03-25 14:55:32 INFO     quant_profiler │ async_fetch_many ✓ BID
2026-03-25 14:55:32 INFO     quant_profiler │ FPT  price=77000  signal=THEO DÕI–GIẢM  VSA=NEUTRAL  regime=UNKNOWN  bull=7  bear=11  confirmed=False
2026-03-25 14:55:32 INFO     quant_profiler │ async_fetch_many ✓ FPT
2026-03-25 14:55:32 INFO     quant_profiler │ BVH  price=85900  signal=THEO DÕI–TĂNG  VSA=NEUTRAL  regime=UNKNOWN  bull=9  bear=6  confirmed=False
2026-03-25 14:55:32 INFO     quant_profiler │ async_fetch_many ✓ BVH
2026-03-25 14:55:32 INFO     quant_profiler │ BCM  price=52900  signal=BÁN / TRÁNH  VSA=NEUTRAL  regime=UNKNOWN  bull=0  bear=11  confirmed=False
2026-03-25 14:55:32 INFO     quant_profiler │ async_fetch_many ✓ BCM
2026-03-25 14:55:32 INFO     quant_profiler │ GAS  price=82500  signal=BÁN / TRÁNH  VSA=NEUTRAL  regime=UNKNOWN  bull=0  bear=11  confirmed=False
2026-03-25 14:55:32 INFO     quant_profiler │ async_fetch_many ✓ GAS
2026-03-25 14:55:32 INFO     quant_profiler │ CTG  price=34050  signal=BÁN / TRÁNH  VSA=NEUTRAL  regime=UNKNOWN  bull=4  bear=11  confirmed=False
2026-03-25 14:55:32 INFO     quant_profiler │ async_fetch_many ✓ CTG
2026-03-25 14:55:32 INFO     quant_profiler │ ACB  price=23800  signal=MUA  VSA=NEUTRAL  regime=UNKNOWN  bull=13  bear=6  confirmed=False
2026-03-25 14:55:32 INFO     quant_profiler │ async_fetch_many ✓ ACB
2026-03-25 14:55:32 INFO     quant_profiler │ GVR  price=30500  signal=BÁN / TRÁNH  VSA=NEUTRAL  regime=UNKNOWN  bull=0  bear=11  confirmed=False
2026-03-25 14:55:32 INFO     quant_profiler │ async_fetch_many ✓ GVR
2026-03-25 14:55:37 INFO     quant_profiler │ NVL  price=13800  signal=TRUNG LẬP  VSA=NEUTRAL  regime=UNKNOWN  bull=5  bear=6  confirmed=False
2026-03-25 14:55:37 INFO     quant_profiler │ async_fetch_many ✓ NVL
2026-03-25 14:55:37 INFO     quant_profiler │ MWG  price=79200  signal=BÁN / TRÁNH  VSA=NEUTRAL  regime=UNKNOWN  bull=0  bear=11  confirmed=False
2026-03-25 14:55:37 INFO     quant_profiler │ async_fetch_many ✓ MWG
2026-03-25 14:55:37 INFO     quant_profiler │ HPG  price=26350  signal=BÁN / TRÁNH  VSA=NEUTRAL  regime=UNKNOWN  bull=0  bear=11  confirmed=False
2026-03-25 14:55:37 INFO     quant_profiler │ async_fetch_many ✓ HPG
2026-03-25 14:55:37 INFO     quant_profiler │ MSN  price=73200  signal=BÁN / TRÁNH  VSA=NEUTRAL  regime=UNKNOWN  bull=3  bear=11  confirmed=False
2026-03-25 14:55:37 INFO     quant_profiler │ PLX  price=41300  signal=BÁN / TRÁNH  VSA=NEUTRAL  regime=UNKNOWN  bull=0  bear=11  confirmed=False
2026-03-25 14:55:37 INFO     quant_profiler │ async_fetch_many ✓ MSN
2026-03-25 14:55:37 INFO     quant_profiler │ async_fetch_many ✓ PLX
2026-03-25 14:55:37 INFO     quant_profiler │ HDB  price=24900  signal=BÁN / TRÁNH  VSA=NEUTRAL  regime=UNKNOWN  bull=0  bear=11  confirmed=False
2026-03-25 14:55:37 INFO     quant_profiler │ PDR  price=15300  signal=BÁN / TRÁNH  VSA=NEUTRAL  regime=UNKNOWN  bull=4  bear=11  confirmed=False
2026-03-25 14:55:37 INFO     quant_profiler │ async_fetch_many ✓ HDB
2026-03-25 14:55:37 INFO     quant_profiler │ async_fetch_many ✓ PDR
2026-03-25 14:55:37 INFO     quant_profiler │ MBB  price=26000  signal=BÁN / TRÁNH  VSA=NEUTRAL  regime=UNKNOWN  bull=3  bear=11  confirmed=False
2026-03-25 14:55:37 INFO     quant_profiler │ async_fetch_many ✓ MBB
2026-03-25 14:55:43 INFO     quant_profiler │ SAB  price=44750  signal=MUA  VSA=NEUTRAL  regime=UNKNOWN  bull=13  bear=6  confirmed=False
2026-03-25 14:55:43 INFO     quant_profiler │ async_fetch_many ✓ SAB
2026-03-25 14:55:43 INFO     quant_profiler │ POW  price=13350  signal=BÁN / TRÁNH  VSA=NEUTRAL  regime=UNKNOWN  bull=0  bear=11  confirmed=False
2026-03-25 14:55:43 INFO     quant_profiler │ async_fetch_many ✓ POW
2026-03-25 14:55:43 INFO     quant_profiler │ STB  price=62200  signal=BÁN / TRÁNH  VSA=NEUTRAL  regime=UNKNOWN  bull=0  bear=11  confirmed=False
2026-03-25 14:55:43 INFO     quant_profiler │ async_fetch_many ✓ STB
2026-03-25 14:55:43 INFO     quant_profiler │ SSI  price=26850  signal=BÁN / TRÁNH  VSA=NEUTRAL  regime=UNKNOWN  bull=0  bear=11  confirmed=False
2026-03-25 14:55:43 INFO     quant_profiler │ async_fetch_many ✓ SSI
2026-03-25 14:55:43 INFO     quant_profiler │ TCB  price=30800  signal=MUA  VSA=NEUTRAL  regime=UNKNOWN  bull=13  bear=6  confirmed=False
2026-03-25 14:55:43 INFO     quant_profiler │ async_fetch_many ✓ TCB
2026-03-25 14:55:43 INFO     quant_profiler │ VCB  price=58400  signal=BÁN / TRÁNH  VSA=NEUTRAL  regime=UNKNOWN  bull=0  bear=11  confirmed=False
2026-03-25 14:55:43 INFO     quant_profiler │ VHM  price=104200  signal=TRUNG LẬP  VSA=NEUTRAL  regime=UNKNOWN  bull=5  bear=6  confirmed=False
2026-03-25 14:55:43 INFO     quant_profiler │ async_fetch_many ✓ VCB
2026-03-25 14:55:43 INFO     quant_profiler │ async_fetch_many ✓ VHM
2026-03-25 14:55:43 INFO     quant_profiler │ TPB  price=16150  signal=BÁN / TRÁNH  VSA=NEUTRAL  regime=UNKNOWN  bull=4  bear=11  confirmed=False
2026-03-25 14:55:43 INFO     quant_profiler │ async_fetch_many ✓ TPB
2026-03-25 14:55:47 INFO     quant_profiler │ VIC  price=128700  signal=BÁN / TRÁNH  VSA=NEUTRAL  regime=UNKNOWN  bull=0  bear=11  confirmed=False
2026-03-25 14:55:47 INFO     quant_profiler │ async_fetch_many ✓ VIC
2026-03-25 14:55:47 INFO     quant_profiler │ VIB  price=17250  signal=MUA  VSA=NEUTRAL  regime=UNKNOWN  bull=13  bear=6  confirmed=False
2026-03-25 14:55:47 INFO     quant_profiler │ async_fetch_many ✓ VIB
2026-03-25 14:55:48 INFO     quant_profiler │ VJC  price=153000  signal=BÁN / TRÁNH  VSA=NEUTRAL  regime=UNKNOWN  bull=2  bear=17  confirmed=False
2026-03-25 14:55:48 INFO     quant_profiler │ async_fetch_many ✓ VJC
2026-03-25 14:55:48 INFO     quant_profiler │ VNM  price=62100  signal=BÁN / TRÁNH  VSA=NEUTRAL  regime=UNKNOWN  bull=4  bear=11  confirmed=False
2026-03-25 14:55:48 INFO     quant_profiler │ async_fetch_many ✓ VNM
2026-03-25 14:55:48 INFO     quant_profiler │ VPB  price=26300  signal=BÁN / TRÁNH  VSA=NEUTRAL  regime=UNKNOWN  bull=4  bear=11  confirmed=False
2026-03-25 14:55:48 INFO     quant_profiler │ async_fetch_many ✓ VPB
2026-03-25 14:55:48 INFO     quant_profiler │ VRE  price=26350  signal=BÁN / TRÁNH  VSA=NEUTRAL  regime=UNKNOWN  bull=0  bear=11  confirmed=False
2026-03-25 14:55:48 INFO     quant_profiler │ async_fetch_many ✓ VRE
2026-03-25 15:35:04 INFO     quant_profiler │ GEG  price=17150  signal=MUA  VSA=ACCUM  regime=HIGH_VOL  bull=17  bear=9  confirmed=True
2026-03-25 15:50:28 INFO     quant_profiler │ AAA  price=6940  signal=BÁN / TRÁNH  VSA=NEUTRAL  regime=BEAR_TREND  bull=2  bear=15  confirmed=True
2026-03-25 15:50:39 INFO     quant_profiler │ AAM  price=6400  signal=THEO DÕI–GIẢM  VSA=NEUTRAL  regime=SIDEWAYS  bull=7  bear=9  confirmed=True
2026-03-25 15:50:51 INFO     quant_profiler │ AAT  price=2970  signal=TRUNG LẬP  VSA=NEUTRAL  regime=BEAR_TREND  bull=11  bear=12  confirmed=True
2026-03-25 15:50:54 INFO     quant_profiler │ AAV  price=7100  signal=MUA  VSA=ACCUM  regime=HIGH_VOL  bull=25  bear=13  confirmed=True
2026-03-25 15:51:07 INFO     quant_profiler │ ABR  price=12500  signal=THEO DÕI–TĂNG  VSA=DISTRIB  regime=SIDEWAYS  bull=16  bear=11  confirmed=False
2026-03-25 15:51:11 INFO     quant_profiler │ ABS  price=3040  signal=THEO DÕI–TĂNG  VSA=NEUTRAL  regime=HIGH_VOL  bull=14  bear=8  confirmed=True
2026-03-25 15:51:14 INFO     quant_profiler │ ABT  price=60000  signal=BÁN / TRÁNH  VSA=NO_DEMAND  regime=SIDEWAYS  bull=0  bear=15  confirmed=True
2026-03-25 15:51:25 INFO     quant_profiler │ ACB  price=23800  signal=TRUNG LẬP  VSA=NEUTRAL  regime=SIDEWAYS  bull=14  bear=14  confirmed=True
2026-03-25 15:51:29 INFO     quant_profiler │ ACC  price=12500  signal=BÁN / TRÁNH  VSA=NEUTRAL  regime=BULL_TREND  bull=7  bear=14  confirmed=True
2026-03-25 15:51:32 INFO     quant_profiler │ ACG  price=34700  signal=THEO DÕI–GIẢM  VSA=NEUTRAL  regime=SIDEWAYS  bull=9  bear=11  confirmed=True
2026-03-25 15:51:43 INFO     quant_profiler │ ACL  price=13300  signal=THEO DÕI–TĂNG  VSA=ACCUM  regime=SIDEWAYS  bull=12  bear=8  confirmed=False
2026-03-25 15:51:46 INFO     quant_profiler │ ADC  price=18000  signal=BÁN / TRÁNH  VSA=NEUTRAL  regime=SIDEWAYS  bull=2  bear=15  confirmed=True
2026-03-25 15:51:57 INFO     quant_profiler │ ADG  price=9250  signal=THEO DÕI–TĂNG  VSA=NEUTRAL  regime=SIDEWAYS  bull=12  bear=8  confirmed=False
2026-03-25 15:52:09 INFO     quant_profiler │ ADP  price=23000  signal=BÁN / TRÁNH  VSA=NO_DEMAND  regime=BEAR_TREND  bull=0  bear=17  confirmed=True
2026-03-25 15:52:13 INFO     quant_profiler │ ADS  price=8200  signal=BÁN / TRÁNH  VSA=NEUTRAL  regime=SIDEWAYS  bull=7  bear=13  confirmed=True
2026-03-25 15:52:25 INFO     quant_profiler │ AFX  price=10350  signal=MUA  VSA=ACCUM  regime=BEAR_TREND  bull=22  bear=7  confirmed=False
2026-03-25 15:52:38 INFO     quant_profiler │ AGG  price=13000  signal=TRUNG LẬP  VSA=NEUTRAL  regime=BEAR_TREND  bull=13  bear=10  confirmed=False
2026-03-25 15:52:42 INFO     quant_profiler │ AGR  price=14200  signal=BÁN / TRÁNH  VSA=NEUTRAL  regime=BEAR_TREND  bull=6  bear=15  confirmed=True
2026-03-25 15:52:46 INFO     quant_profiler │ ALT  price=12500  signal=BÁN / TRÁNH  VSA=NEUTRAL  regime=SIDEWAYS  bull=7  bear=18  confirmed=True
2026-03-25 15:52:50 INFO     quant_profiler │ AMC  price=11700  signal=BÁN / TRÁNH  VSA=NEUTRAL  regime=BEAR_TREND  bull=5  bear=25  confirmed=False
2026-03-25 15:52:54 INFO     quant_profiler │ AME  price=6300  signal=TRUNG LẬP  VSA=NEUTRAL  regime=BEAR_TREND  bull=12  bear=14  confirmed=True
2026-03-25 15:52:58 INFO     quant_profiler │ AMV  price=1800  signal=BÁN / TRÁNH  VSA=NEUTRAL  regime=SIDEWAYS  bull=4  bear=13  confirmed=True
2026-03-25 15:53:02 INFO     quant_profiler │ ANT  price=34950  signal=TRUNG LẬP  VSA=NEUTRAL  regime=BEAR_TREND  bull=10  bear=12  confirmed=True
2026-03-25 15:53:07 INFO     quant_profiler │ ANV  price=23100  signal=BÁN / TRÁNH  VSA=NEUTRAL  regime=BEAR_TREND  bull=6  bear=15  confirmed=True
2026-03-25 15:53:11 INFO     quant_profiler │ APC  price=6300  signal=BÁN / TRÁNH  VSA=NEUTRAL  regime=SIDEWAYS  bull=0  bear=13  confirmed=True
2026-03-25 15:53:16 INFO     quant_profiler │ APG  price=5830  signal=TRUNG LẬP  VSA=NEUTRAL  regime=BEAR_TREND  bull=18  bear=15  confirmed=False
2026-03-25 15:53:21 INFO     quant_profiler │ APH  price=5600  signal=BÁN / TRÁNH  VSA=NO_DEMAND  regime=BEAR_TREND  bull=9  bear=17  confirmed=True
2026-03-25 15:53:27 INFO     quant_profiler │ API  price=5700  signal=TRUNG LẬP  VSA=NEUTRAL  regime=BEAR_TREND  bull=16  bear=12  confirmed=False
2026-03-25 15:53:31 INFO     quant_profiler │ APS  price=6200  signal=BÁN / TRÁNH  VSA=NEUTRAL  regime=SIDEWAYS  bull=6  bear=13  confirmed=True
2026-03-25 15:53:36 INFO     quant_profiler │ ARM  price=46800  signal=BÁN / TRÁNH  VSA=NO_DEMAND  regime=BULL_TREND  bull=12  bear=24  confirmed=False
2026-03-25 15:53:42 INFO     quant_profiler │ ASG  price=16750  signal=BÁN / TRÁNH  VSA=NEUTRAL  regime=BEAR_TREND  bull=2  bear=13  confirmed=True
2026-03-25 15:53:46 INFO     quant_profiler │ ASM  price=5550  signal=BÁN / TRÁNH  VSA=NEUTRAL  regime=BEAR_TREND  bull=2  bear=15  confirmed=True
2026-03-25 15:53:50 INFO     quant_profiler │ ASP  price=4900  signal=TRUNG LẬP  VSA=NO_SUPPLY  regime=SIDEWAYS  bull=8  bear=9  confirmed=True
2026-03-25 15:53:55 INFO     quant_profiler │ AST  price=71000  signal=TRUNG LẬP  VSA=NEUTRAL  regime=SIDEWAYS  bull=9  bear=10  confirmed=True
2026-03-25 15:54:00 INFO     quant_profiler │ BAF  price=34450  signal=BÁN / TRÁNH  VSA=NEUTRAL  regime=BEAR_TREND  bull=6  bear=13  confirmed=True
2026-03-25 15:54:04 INFO     quant_profiler │ BBC  price=97000  signal=THEO DÕI–TĂNG  VSA=ACCUM  regime=BULL_TREND  bull=25  bear=15  confirmed=True
2026-03-25 15:54:09 INFO     quant_profiler │ BBS  price=11800  signal=BÁN / TRÁNH  VSA=NEUTRAL  regime=SIDEWAYS  bull=4  bear=13  confirmed=True
2026-03-25 15:54:14 INFO     quant_profiler │ BCC  price=7300  signal=BÁN / TRÁNH  VSA=NEUTRAL  regime=BEAR_TREND  bull=3  bear=16  confirmed=True
2026-03-25 15:54:19 INFO     quant_profiler │ BCE  price=11150  signal=TRUNG LẬP  VSA=NO_SUPPLY  regime=BEAR_TREND  bull=18  bear=14  confirmed=False
2026-03-25 15:54:23 INFO     quant_profiler │ BCG  price=2530  signal=BÁN / TRÁNH  VSA=DISTRIB  regime=BEAR_TREND  bull=13  bear=25  confirmed=True
2026-03-25 15:54:28 INFO     quant_profiler │ BCM  price=52900  signal=BÁN / TRÁNH  VSA=NEUTRAL  regime=BEAR_TREND  bull=6  bear=15  confirmed=True
2026-03-25 15:54:35 WARNING  quant_profiler │ fetch_ohlcv: all sources failed for BED
2026-03-25 15:54:40 INFO     quant_profiler │ BFC  price=53500  signal=THEO DÕI–GIẢM  VSA=NEUTRAL  regime=BEAR_TREND  bull=8  bear=12  confirmed=True
2026-03-25 15:54:45 INFO     quant_profiler │ BHN  price=30500  signal=THEO DÕI–TĂNG  VSA=NEUTRAL  regime=SIDEWAYS  bull=12  bear=8  confirmed=False
2026-03-25 15:54:49 INFO     quant_profiler │ BIC  price=24500  signal=MUA  VSA=NEUTRAL  regime=SIDEWAYS  bull=17  bear=7  confirmed=False
2026-03-25 15:54:53 INFO     quant_profiler │ BID  price=39500  signal=BÁN / TRÁNH  VSA=NEUTRAL  regime=BEAR_TREND  bull=6  bear=15  confirmed=True
2026-03-25 15:54:58 INFO     quant_profiler │ BKC  price=21800  signal=THEO DÕI–GIẢM  VSA=NO_DEMAND  regime=SIDEWAYS  bull=9  bear=15  confirmed=True
2026-03-25 15:55:02 INFO     quant_profiler │ BKG  price=2620  signal=MUA  VSA=NEUTRAL  regime=BULL_TREND  bull=14  bear=7  confirmed=False
2026-03-25 15:55:06 INFO     quant_profiler │ BMC  price=13400  signal=BÁN / TRÁNH  VSA=NO_DEMAND  regime=BEAR_TREND  bull=6  bear=17  confirmed=True
2026-03-25 15:55:12 INFO     quant_profiler │ BMI  price=17000  signal=TRUNG LẬP  VSA=NEUTRAL  regime=BEAR_TREND  bull=11  bear=12  confirmed=True
2026-03-25 15:55:16 INFO     quant_profiler │ BMP  price=128200  signal=BÁN / TRÁNH  VSA=NEUTRAL  regime=BEAR_TREND  bull=8  bear=15  confirmed=True
2026-03-25 15:55:21 INFO     quant_profiler │ BPC  price=12500  signal=BÁN / TRÁNH  VSA=NEUTRAL  regime=BEAR_TREND  bull=0  bear=19  confirmed=True
2026-03-25 15:55:25 INFO     quant_profiler │ BRC  price=12200  signal=BÁN / TRÁNH  VSA=NEUTRAL  regime=SIDEWAYS  bull=4  bear=13  confirmed=True
2026-03-25 15:55:30 INFO     quant_profiler │ BSI  price=33850  signal=BÁN / TRÁNH  VSA=NEUTRAL  regime=BEAR_TREND  bull=2  bear=15  confirmed=True
2026-03-25 15:55:34 INFO     quant_profiler │ BTP  price=8500  signal=MUA  VSA=NEUTRAL  regime=BULL_TREND  bull=14  bear=3  confirmed=True
2026-03-25 15:55:39 INFO     quant_profiler │ BTS  price=5100  signal=BÁN / TRÁNH  VSA=NEUTRAL  regime=BEAR_TREND  bull=2  bear=13  confirmed=True
2026-03-25 15:55:44 INFO     quant_profiler │ BTT  price=40650  signal=THEO DÕI–GIẢM  VSA=NO_DEMAND  regime=SIDEWAYS  bull=10  bear=18  confirmed=False
2026-03-25 15:55:49 INFO     quant_profiler │ BVH  price=85900  signal=MUA  VSA=ACCUM  regime=SIDEWAYS  bull=27  bear=14  confirmed=False
2026-03-25 15:55:54 INFO     quant_profiler │ BVS  price=26100  signal=BÁN / TRÁNH  VSA=NEUTRAL  regime=BEAR_TREND  bull=6  bear=15  confirmed=True
2026-03-25 15:56:00 INFO     quant_profiler │ BWE  price=43000  signal=BÁN / TRÁNH  VSA=NEUTRAL  regime=SIDEWAYS  bull=6  bear=13  confirmed=True
2026-03-25 15:56:05 INFO     quant_profiler │ BXH  price=11200  signal=THEO DÕI–GIẢM  VSA=NO_SUPPLY  regime=BEAR_TREND  bull=11  bear=15  confirmed=True
2026-03-25 15:56:10 INFO     quant_profiler │ C32  price=10700  signal=BÁN / TRÁNH  VSA=DISTRIB  regime=BEAR_TREND  bull=4  bear=18  confirmed=True
2026-03-25 15:56:15 INFO     quant_profiler │ C47  price=9210  signal=BÁN / TRÁNH  VSA=NEUTRAL  regime=SIDEWAYS  bull=0  bear=23  confirmed=False
2026-03-25 15:56:20 INFO     quant_profiler │ CAN  price=27800  signal=THEO DÕI–GIẢM  VSA=NO_SUPPLY  regime=BEAR_TREND  bull=7  bear=10  confirmed=True
2026-03-25 15:56:24 INFO     quant_profiler │ CAP  price=46500  signal=TRUNG LẬP  VSA=NO_DEMAND  regime=BULL_TREND  bull=15  bear=13  confirmed=True
2026-03-25 15:56:32 WARNING  quant_profiler │ fetch_ohlcv: all sources failed for CAV
2026-03-25 15:56:37 INFO     quant_profiler │ CCI  price=26950  signal=MUA  VSA=NEUTRAL  regime=SIDEWAYS  bull=17  bear=0  confirmed=True
2026-03-25 15:56:43 INFO     quant_profiler │ CCL  price=4910  signal=TRUNG LẬP  VSA=NO_DEMAND  regime=BEAR_TREND  bull=13  bear=14  confirmed=True
2026-03-25 15:56:49 INFO     quant_profiler │ CDC  price=21700  signal=BÁN / TRÁNH  VSA=NEUTRAL  regime=BEAR_TREND  bull=7  bear=15  confirmed=True
2026-03-25 15:56:57 WARNING  quant_profiler │ fetch_ohlcv: all sources failed for CEG
2026-03-25 15:57:02 INFO     quant_profiler │ CEO  price=16400  signal=TRUNG LẬP  VSA=ACCUM  regime=BEAR_TREND  bull=16  bear=16  confirmed=True
2026-03-25 15:57:07 INFO     quant_profiler │ CIG  price=6400  signal=THEO DÕI–GIẢM  VSA=NEUTRAL  regime=BEAR_TREND  bull=7  bear=12  confirmed=True
2026-03-25 15:57:12 INFO     quant_profiler │ CII  price=17800  signal=MUA  VSA=ACCUM  regime=BULL_TREND  bull=22  bear=10  confirmed=False
2026-03-25 15:57:19 WARNING  quant_profiler │ fetch_ohlcv: all sources failed for CJC
2026-03-25 15:57:24 INFO     quant_profiler │ CKG  price=8850  signal=BÁN / TRÁNH  VSA=NEUTRAL  regime=SIDEWAYS  bull=0  bear=17  confirmed=True
2026-03-25 15:57:29 INFO     quant_profiler │ CKV  price=19000  signal=TRUNG LẬP  VSA=NEUTRAL  regime=SIDEWAYS  bull=14  bear=15  confirmed=False
2026-03-25 15:57:33 INFO     quant_profiler │ CLC  price=54000  signal=BÁN / TRÁNH  VSA=NEUTRAL  regime=SIDEWAYS  bull=3  bear=16  confirmed=True
2026-03-25 15:57:38 INFO     quant_profiler │ CLL  price=29950  signal=BÁN / TRÁNH  VSA=NEUTRAL  regime=BULL_TREND  bull=4  bear=17  confirmed=True
2026-03-25 15:57:43 INFO     quant_profiler │ CLW  price=48000  signal=THEO DÕI–GIẢM  VSA=NEUTRAL  regime=SIDEWAYS  bull=8  bear=10  confirmed=False
2026-03-25 15:57:48 INFO     quant_profiler │ CMC  price=8800  signal=TRUNG LẬP  VSA=DISTRIB  regime=SIDEWAYS  bull=12  bear=14  confirmed=True
2026-03-25 15:57:52 INFO     quant_profiler │ CMG  price=28800  signal=BÁN / TRÁNH  VSA=NEUTRAL  regime=BEAR_TREND  bull=3  bear=15  confirmed=True
2026-03-25 15:57:57 INFO     quant_profiler │ CMS  price=7000  signal=THEO DÕI–GIẢM  VSA=NEUTRAL  regime=SIDEWAYS  bull=6  bear=11  confirmed=True
2026-03-25 15:58:00 INFO     quant_profiler │ CMX  price=6150  signal=BÁN / TRÁNH  VSA=NEUTRAL  regime=BEAR_TREND  bull=6  bear=15  confirmed=True
2026-03-25 15:58:04 INFO     quant_profiler │ CNG  price=24450  signal=BÁN / TRÁNH  VSA=NEUTRAL  regime=SIDEWAYS  bull=4  bear=11  confirmed=True
2026-03-25 15:58:07 INFO     quant_profiler │ COM  price=32000  signal=TRUNG LẬP  VSA=NEUTRAL  regime=SIDEWAYS  bull=10  bear=12  confirmed=True
2026-03-25 15:58:10 INFO     quant_profiler │ CPC  price=17400  signal=MUA  VSA=NEUTRAL  regime=SIDEWAYS  bull=9  bear=4  confirmed=True
2026-03-25 15:58:16 WARNING  quant_profiler │ fetch_ohlcv: all sources failed for CPH
2026-03-25 15:58:19 INFO     quant_profiler │ CRC  price=10500  signal=MUA  VSA=ACCUM  regime=HIGH_VOL  bull=24  bear=12  confirmed=True
2026-03-25 15:58:22 INFO     quant_profiler │ CRE  price=7200  signal=TRUNG LẬP  VSA=NEUTRAL  regime=BEAR_TREND  bull=12  bear=9  confirmed=False
2026-03-25 15:58:26 INFO     quant_profiler │ CSC  price=15500  signal=TRUNG LẬP  VSA=NEUTRAL  regime=BEAR_TREND  bull=11  bear=12  confirmed=True
2026-03-25 15:58:30 INFO     quant_profiler │ CSM  price=12300  signal=TRUNG LẬP  VSA=NEUTRAL  regime=SIDEWAYS  bull=14  bear=12  confirmed=False
2026-03-25 15:58:34 INFO     quant_profiler │ CSV  price=26750  signal=BÁN / TRÁNH  VSA=NO_DEMAND  regime=SIDEWAYS  bull=5  bear=15  confirmed=True
2026-03-25 15:58:37 INFO     quant_profiler │ CTB  price=16000  signal=BÁN / TRÁNH  VSA=NEUTRAL  regime=BEAR_TREND  bull=0  bear=15  confirmed=True
2026-03-25 15:58:42 INFO     quant_profiler │ CTD  price=84100  signal=MUA  VSA=NEUTRAL  regime=SIDEWAYS  bull=24  bear=5  confirmed=False
2026-03-25 15:58:45 INFO     quant_profiler │ CTG  price=34050  signal=BÁN / TRÁNH  VSA=NO_DEMAND  regime=SIDEWAYS  bull=6  bear=15  confirmed=True
2026-03-25 15:58:49 INFO     quant_profiler │ CTI  price=22700  signal=BÁN / TRÁNH  VSA=NEUTRAL  regime=SIDEWAYS  bull=6  bear=13  confirmed=True
2026-03-25 15:58:53 INFO     quant_profiler │ CTR  price=82800  signal=TRUNG LẬP  VSA=NEUTRAL  regime=BEAR_TREND  bull=14  bear=12  confirmed=False
2026-03-25 15:58:57 INFO     quant_profiler │ CTS  price=26050  signal=BÁN / TRÁNH  VSA=NEUTRAL  regime=BEAR_TREND  bull=6  bear=15  confirmed=True
2026-03-25 15:59:01 INFO     quant_profiler │ CVT  price=25000  signal=BÁN / TRÁNH  VSA=NEUTRAL  regime=BEAR_TREND  bull=6  bear=17  confirmed=True
2026-03-25 15:59:04 INFO     quant_profiler │ CX8  price=9900  signal=MUA  VSA=NO_SUPPLY  regime=HIGH_VOL  bull=17  bear=7  confirmed=True
2026-03-25 15:59:07 INFO     quant_profiler │ D11  price=10800  signal=MUA  VSA=NEUTRAL  regime=SIDEWAYS  bull=11  bear=2  confirmed=True
2026-03-25 15:59:11 INFO     quant_profiler │ D2D  price=37000  signal=THEO DÕI–TĂNG  VSA=ACCUM  regime=SIDEWAYS  bull=17  bear=10  confirmed=False
2026-03-25 15:59:14 INFO     quant_profiler │ DAD  price=16000  signal=BÁN / TRÁNH  VSA=NO_DEMAND  regime=BEAR_TREND  bull=4  bear=18  confirmed=False
2026-03-25 15:59:18 INFO     quant_profiler │ DAE  price=15600  signal=THEO DÕI–TĂNG  VSA=NEUTRAL  regime=SIDEWAYS  bull=10  bear=8  confirmed=True
2026-03-25 15:59:21 INFO     quant_profiler │ DAG  price=1430  signal=BÁN / TRÁNH  VSA=NEUTRAL  regime=UNKNOWN  bull=0  bear=15  confirmed=False
2026-03-25 15:59:25 INFO     quant_profiler │ DAH  price=3060  signal=TRUNG LẬP  VSA=NEUTRAL  regime=BEAR_TREND  bull=13  bear=12  confirmed=False
2026-03-25 15:59:29 INFO     quant_profiler │ DAT  price=8410  signal=BÁN / TRÁNH  VSA=NO_DEMAND  regime=SIDEWAYS  bull=4  bear=13  confirmed=True
2026-03-25 15:59:32 INFO     quant_profiler │ DBC  price=23300  signal=BÁN / TRÁNH  VSA=NEUTRAL  regime=BEAR_TREND  bull=6  bear=15  confirmed=True
2026-03-25 15:59:36 INFO     quant_profiler │ DBD  price=51400  signal=THEO DÕI–GIẢM  VSA=NEUTRAL  regime=BEAR_TREND  bull=9  bear=15  confirmed=True
2026-03-25 15:59:40 INFO     quant_profiler │ DBT  price=10950  signal=TRUNG LẬP  VSA=NEUTRAL  regime=BEAR_TREND  bull=10  bear=10  confirmed=False
2026-03-25 15:59:44 INFO     quant_profiler │ DC2  price=6500  signal=BÁN / TRÁNH  VSA=NEUTRAL  regime=BEAR_TREND  bull=4  bear=16  confirmed=False
2026-03-25 15:59:47 INFO     quant_profiler │ DC4  price=9070  signal=BÁN / TRÁNH  VSA=NEUTRAL  regime=BEAR_TREND  bull=6  bear=15  confirmed=True
2026-03-25 15:59:50 INFO     quant_profiler │ DCM  price=45450  signal=MUA  VSA=NEUTRAL  regime=BULL_TREND  bull=17  bear=4  confirmed=False
2026-03-25 15:59:53 INFO     quant_profiler │ DDG  price=1000  signal=THEO DÕI–TĂNG  VSA=NEUTRAL  regime=BEAR_TREND  bull=26  bear=12  confirmed=False
2026-03-25 15:59:58 INFO     quant_profiler │ DGC  price=54700  signal=THEO DÕI–GIẢM  VSA=NEUTRAL  regime=BEAR_TREND  bull=9  bear=15  confirmed=True
2026-03-25 16:00:01 INFO     quant_profiler │ DGW  price=43600  signal=THEO DÕI–GIẢM  VSA=NEUTRAL  regime=BEAR_TREND  bull=7  bear=12  confirmed=True
2026-03-25 16:00:05 INFO     quant_profiler │ DHA  price=49100  signal=BÁN / TRÁNH  VSA=NEUTRAL  regime=BEAR_TREND  bull=2  bear=15  confirmed=True
2026-03-25 16:00:08 INFO     quant_profiler │ DHC  price=35150  signal=THEO DÕI–GIẢM  VSA=NEUTRAL  regime=SIDEWAYS  bull=7  bear=10  confirmed=True
2026-03-25 16:00:13 INFO     quant_profiler │ DHG  price=101000  signal=BÁN / TRÁNH  VSA=NEUTRAL  regime=BEAR_TREND  bull=0  bear=15  confirmed=True
2026-03-25 16:00:17 INFO     quant_profiler │ DHM  price=6750  signal=TRUNG LẬP  VSA=NEUTRAL  regime=BULL_TREND  bull=17  bear=16  confirmed=True
2026-03-25 16:00:20 INFO     quant_profiler │ DHP  price=11800  signal=MUA  VSA=NEUTRAL  regime=SIDEWAYS  bull=17  bear=5  confirmed=True
2026-03-25 16:00:24 INFO     quant_profiler │ DHT  price=67900  signal=BÁN / TRÁNH  VSA=NEUTRAL  regime=BULL_TREND  bull=4  bear=19  confirmed=True
2026-03-25 16:00:29 INFO     quant_profiler │ DIG  price=13800  signal=TRUNG LẬP  VSA=NEUTRAL  regime=BEAR_TREND  bull=12  bear=14  confirmed=True
2026-03-25 16:00:33 INFO     quant_profiler │ DIH  price=9100  signal=BÁN / TRÁNH  VSA=NEUTRAL  regime=BEAR_TREND  bull=5  bear=15  confirmed=True
2026-03-25 16:00:37 INFO     quant_profiler │ DL1  price=4100  signal=BÁN / TRÁNH  VSA=NEUTRAL  regime=BEAR_TREND  bull=8  bear=18  confirmed=True
2026-03-25 16:00:42 INFO     quant_profiler │ DLG  price=2720  signal=THEO DÕI–TĂNG  VSA=ACCUM  regime=SIDEWAYS  bull=19  bear=14  confirmed=False
2026-03-25 16:00:46 INFO     quant_profiler │ DMC  price=57000  signal=BÁN / TRÁNH  VSA=NEUTRAL  regime=BEAR_TREND  bull=4  bear=15  confirmed=True
2026-03-25 16:00:52 WARNING  quant_profiler │ fetch_ohlcv: all sources failed for DMP
2026-03-25 16:00:59 WARNING  quant_profiler │ fetch_ohlcv: all sources failed for DMT
2026-03-25 16:01:02 INFO     quant_profiler │ DNC  price=57000  signal=MUA  VSA=NO_SUPPLY  regime=HIGH_VOL  bull=12  bear=3  confirmed=True
2026-03-25 16:01:05 INFO     quant_profiler │ DNP  price=19700  signal=TRUNG LẬP  VSA=NEUTRAL  regime=BEAR_TREND  bull=11  bear=9  confirmed=False
2026-03-25 16:01:08 INFO     quant_profiler │ DPM  price=29400  signal=MUA  VSA=NEUTRAL  regime=BULL_TREND  bull=14  bear=6  confirmed=False
2026-03-25 16:01:12 INFO     quant_profiler │ DPR  price=38950  signal=BÁN / TRÁNH  VSA=NO_DEMAND  regime=SIDEWAYS  bull=5  bear=12  confirmed=True
2026-03-25 16:01:15 INFO     quant_profiler │ DQC  price=9320  signal=BÁN / TRÁNH  VSA=NEUTRAL  regime=BEAR_TREND  bull=0  bear=19  confirmed=True
2026-03-25 16:01:18 INFO     quant_profiler │ DRC  price=13450  signal=BÁN / TRÁNH  VSA=NO_DEMAND  regime=BEAR_TREND  bull=9  bear=17  confirmed=True
2026-03-25 16:01:21 INFO     quant_profiler │ DRH  price=2520  signal=BÁN / TRÁNH  VSA=NEUTRAL  regime=SIDEWAYS  bull=6  bear=16  confirmed=True
2026-03-25 16:01:24 INFO     quant_profiler │ DRL  price=45600  signal=BÁN / TRÁNH  VSA=NEUTRAL  regime=SIDEWAYS  bull=2  bear=17  confirmed=True
2026-03-25 16:01:28 INFO     quant_profiler │ DSN  price=38800  signal=BÁN / TRÁNH  VSA=ACCUM  regime=BEAR_TREND  bull=4  bear=17  confirmed=True
2026-03-25 16:01:31 INFO     quant_profiler │ DST  price=7900  signal=TRUNG LẬP  VSA=NEUTRAL  regime=BEAR_TREND  bull=13  bear=15  confirmed=True
2026-03-25 16:01:34 INFO     quant_profiler │ DTA  price=3590  signal=THEO DÕI–TĂNG  VSA=NEUTRAL  regime=SIDEWAYS  bull=12  bear=8  confirmed=False
2026-03-25 16:01:38 INFO     quant_profiler │ DTL  price=11450  signal=TRUNG LẬP  VSA=NEUTRAL  regime=BEAR_TREND  bull=11  bear=10  confirmed=False
2026-03-25 16:01:41 INFO     quant_profiler │ DTT  price=16500  signal=TRUNG LẬP  VSA=NEUTRAL  regime=SIDEWAYS  bull=8  bear=9  confirmed=False
2026-03-25 16:01:45 INFO     quant_profiler │ DVP  price=70200  signal=BÁN / TRÁNH  VSA=NEUTRAL  regime=BEAR_TREND  bull=7  bear=15  confirmed=True
2026-03-25 16:01:48 INFO     quant_profiler │ DXG  price=14150  signal=THEO DÕI–TĂNG  VSA=NEUTRAL  regime=BEAR_TREND  bull=14  bear=9  confirmed=False
2026-03-25 16:01:52 INFO     quant_profiler │ DXP  price=12600  signal=THEO DÕI–TĂNG  VSA=NEUTRAL  regime=SIDEWAYS  bull=9  bear=6  confirmed=False
2026-03-25 16:01:55 INFO     quant_profiler │ DXS  price=6370  signal=TRUNG LẬP  VSA=NEUTRAL  regime=BEAR_TREND  bull=9  bear=10  confirmed=True
2026-03-25 16:01:59 INFO     quant_profiler │ DXV  price=3760  signal=THEO DÕI–GIẢM  VSA=NO_SUPPLY  regime=SIDEWAYS  bull=6  bear=11  confirmed=True
2026-03-25 16:02:03 INFO     quant_profiler │ EBS  price=11100  signal=TRUNG LẬP  VSA=NEUTRAL  regime=BEAR_TREND  bull=9  bear=8  confirmed=False
2026-03-25 16:02:06 INFO     quant_profiler │ ECI  price=9500  signal=BÁN / TRÁNH  VSA=NEUTRAL  regime=SIDEWAYS  bull=6  bear=12  confirmed=False
2026-03-25 16:02:09 INFO     quant_profiler │ EIB  price=22550  signal=TRUNG LẬP  VSA=NEUTRAL  regime=SIDEWAYS  bull=9  bear=10  confirmed=True
2026-03-25 16:02:13 INFO     quant_profiler │ EID  price=22800  signal=BÁN / TRÁNH  VSA=ACCUM  regime=SIDEWAYS  bull=4  bear=21  confirmed=True
2026-03-25 16:02:16 INFO     quant_profiler │ ELC  price=18100  signal=TRUNG LẬP  VSA=NEUTRAL  regime=BEAR_TREND  bull=10  bear=12  confirmed=True
2026-03-25 16:02:21 WARNING  quant_profiler │ fetch_ohlcv: all sources failed for EMC
2026-03-25 16:02:25 INFO     quant_profiler │ EVE  price=10400  signal=MUA  VSA=ACCUM  regime=SIDEWAYS  bull=16  bear=7  confirmed=True
2026-03-25 16:02:29 INFO     quant_profiler │ EVG  price=6230  signal=THEO DÕI–TĂNG  VSA=ACCUM  regime=BEAR_TREND  bull=18  bear=12  confirmed=False
2026-03-25 16:02:32 INFO     quant_profiler │ FCM  price=3250  signal=BÁN / TRÁNH  VSA=NEUTRAL  regime=BEAR_TREND  bull=5  bear=18  confirmed=True
2026-03-25 16:02:36 INFO     quant_profiler │ FCN  price=12650  signal=THEO DÕI–TĂNG  VSA=NEUTRAL  regime=SIDEWAYS  bull=13  bear=9  confirmed=False
2026-03-25 16:02:39 INFO     quant_profiler │ FDC  price=17350  signal=MUA  VSA=NEUTRAL  regime=BULL_TREND  bull=11  bear=4  confirmed=True
2026-03-25 16:02:43 INFO     quant_profiler │ FIR  price=5200  signal=BÁN / TRÁNH  VSA=NEUTRAL  regime=BEAR_TREND  bull=3  bear=12  confirmed=True
2026-03-25 16:02:46 INFO     quant_profiler │ FIT  price=4300  signal=BÁN / TRÁNH  VSA=NEUTRAL  regime=SIDEWAYS  bull=2  bear=13  confirmed=True
2026-03-25 16:02:51 WARNING  quant_profiler │ fetch_ohlcv: all sources failed for FLC
2026-03-25 16:02:55 INFO     quant_profiler │ FMC  price=37700  signal=THEO DÕI–GIẢM  VSA=NO_DEMAND  regime=BEAR_TREND  bull=9  bear=14  confirmed=True
2026-03-25 16:02:59 INFO     quant_profiler │ FPT  price=77000  signal=TRUNG LẬP  VSA=NEUTRAL  regime=BEAR_TREND  bull=16  bear=12  confirmed=False
2026-03-25 16:03:02 INFO     quant_profiler │ FRT  price=158600  signal=MUA  VSA=NEUTRAL  regime=SIDEWAYS  bull=24  bear=7  confirmed=False
2026-03-25 16:03:06 INFO     quant_profiler │ FTS  price=25400  signal=TRUNG LẬP  VSA=NEUTRAL  regime=BEAR_TREND  bull=14  bear=15  confirmed=True
2026-03-25 16:03:12 WARNING  quant_profiler │ fetch_ohlcv: all sources failed for GAB
2026-03-25 16:03:15 INFO     quant_profiler │ GAS  price=82500  signal=TRUNG LẬP  VSA=NEUTRAL  regime=BEAR_TREND  bull=12  bear=12  confirmed=True
2026-03-25 16:03:19 INFO     quant_profiler │ GDT  price=19050  signal=BÁN / TRÁNH  VSA=NEUTRAL  regime=BEAR_TREND  bull=4  bear=15  confirmed=True
2026-03-25 16:03:22 INFO     quant_profiler │ GEG  price=17150  signal=MUA  VSA=ACCUM  regime=HIGH_VOL  bull=17  bear=9  confirmed=True
2026-03-25 16:03:27 INFO     quant_profiler │ GEX  price=35600  signal=THEO DÕI–TĂNG  VSA=ACCUM  regime=BEAR_TREND  bull=18  bear=11  confirmed=False
2026-03-25 16:03:30 INFO     quant_profiler │ GIL  price=13400  signal=BÁN / TRÁNH  VSA=NEUTRAL  regime=SIDEWAYS  bull=6  bear=13  confirmed=True
2026-03-25 16:03:34 INFO     quant_profiler │ GLT  price=29000  signal=THEO DÕI–TĂNG  VSA=NO_DEMAND  regime=SIDEWAYS  bull=9  bear=6  confirmed=False
2026-03-25 16:03:38 INFO     quant_profiler │ GMC  price=5100  signal=TRUNG LẬP  VSA=DISTRIB  regime=BULL_TREND  bull=13  bear=15  confirmed=False
2026-03-25 16:03:43 INFO     quant_profiler │ GMD  price=77200  signal=MUA  VSA=NEUTRAL  regime=HIGH_VOL  bull=13  bear=3  confirmed=False
2026-03-25 16:03:48 INFO     quant_profiler │ GSP  price=11400  signal=TRUNG LẬP  VSA=NO_DEMAND  regime=HIGH_VOL  bull=12  bear=12  confirmed=True
2026-03-25 16:03:52 INFO     quant_profiler │ GTA  price=9010  signal=BÁN / TRÁNH  VSA=NEUTRAL  regime=BEAR_TREND  bull=0  bear=19  confirmed=True
2026-03-25 16:03:56 INFO     quant_profiler │ GVR  price=30500  signal=BÁN / TRÁNH  VSA=NO_DEMAND  regime=BEAR_TREND  bull=5  bear=17  confirmed=True
2026-03-25 16:03:59 INFO     quant_profiler │ HAG  price=15950  signal=TRUNG LẬP  VSA=ACCUM  regime=BEAR_TREND  bull=19  bear=16  confirmed=False
2026-03-25 16:04:03 INFO     quant_profiler │ HAH  price=53700  signal=BÁN / TRÁNH  VSA=NEUTRAL  regime=SIDEWAYS  bull=6  bear=13  confirmed=True
2026-03-25 16:04:09 WARNING  quant_profiler │ fetch_ohlcv: all sources failed for HAI
2026-03-25 16:04:13 INFO     quant_profiler │ HAM  price=71000  signal=THEO DÕI–TĂNG  VSA=DISTRIB  regime=BULL_TREND  bull=14  bear=11  confirmed=True
2026-03-25 16:04:17 INFO     quant_profiler │ HAS  price=8000  signal=BÁN / TRÁNH  VSA=NO_SUPPLY  regime=BEAR_TREND  bull=6  bear=13  confirmed=False
2026-03-25 16:04:20 INFO     quant_profiler │ HAX  price=10400  signal=BÁN / TRÁNH  VSA=NEUTRAL  regime=SIDEWAYS  bull=6  bear=13  confirmed=True
2026-03-25 16:04:23 INFO     quant_profiler │ HBC  price=5300  signal=THEO DÕI–GIẢM  VSA=NEUTRAL  regime=BEAR_TREND  bull=9  bear=15  confirmed=True
2026-03-25 16:04:27 INFO     quant_profiler │ HBS  price=4300  signal=TRUNG LẬP  VSA=NEUTRAL  regime=BEAR_TREND  bull=16  bear=12  confirmed=False
2026-03-25 16:04:31 INFO     quant_profiler │ HCC  price=25900  signal=BÁN / TRÁNH  VSA=ACCUM  regime=HIGH_VOL  bull=7  bear=20  confirmed=False
2026-03-25 16:04:34 INFO     quant_profiler │ HCD  price=7900  signal=TRUNG LẬP  VSA=NEUTRAL  regime=BEAR_TREND  bull=12  bear=10  confirmed=False
2026-03-25 16:04:38 INFO     quant_profiler │ HCM  price=21100  signal=TRUNG LẬP  VSA=ACCUM  regime=SIDEWAYS  bull=13  bear=13  confirmed=True
2026-03-25 16:04:41 INFO     quant_profiler │ HDB  price=24900  signal=BÁN / TRÁNH  VSA=NEUTRAL  regime=BEAR_TREND  bull=5  bear=12  confirmed=True
2026-03-25 16:04:46 INFO     quant_profiler │ HDC  price=17950  signal=THEO DÕI–TĂNG  VSA=ACCUM  regime=BEAR_TREND  bull=17  bear=10  confirmed=False
2026-03-25 16:04:50 INFO     quant_profiler │ HDG  price=30600  signal=MUA  VSA=ACCUM  regime=HIGH_VOL  bull=21  bear=9  confirmed=True
2026-03-25 16:04:54 INFO     quant_profiler │ HEV  price=6700  signal=BÁN / TRÁNH  VSA=NEUTRAL  regime=SIDEWAYS  bull=8  bear=16  confirmed=False
2026-03-25 16:04:57 INFO     quant_profiler │ HGM  price=191800  signal=BÁN / TRÁNH  VSA=NO_DEMAND  regime=SIDEWAYS  bull=3  bear=16  confirmed=True
2026-03-25 16:05:01 INFO     quant_profiler │ HHC  price=150800  signal=THEO DÕI–TĂNG  VSA=NEUTRAL  regime=HIGH_VOL  bull=20  bear=12  confirmed=True
2026-03-25 16:05:05 INFO     quant_profiler │ HHP  price=13200  signal=MUA  VSA=ACCUM  regime=SIDEWAYS  bull=16  bear=8  confirmed=False
2026-03-25 16:05:09 INFO     quant_profiler │ HHS  price=12100  signal=MUA  VSA=NEUTRAL  regime=SIDEWAYS  bull=16  bear=8  confirmed=False
2026-03-25 16:05:13 INFO     quant_profiler │ HHV  price=12100  signal=TRUNG LẬP  VSA=NEUTRAL  regime=HIGH_VOL  bull=9  bear=9  confirmed=True
2026-03-25 16:05:17 INFO     quant_profiler │ HID  price=5280  signal=MUA  VSA=NEUTRAL  regime=BULL_TREND  bull=21  bear=9  confirmed=True
2026-03-25 16:05:21 INFO     quant_profiler │ HII  price=5400  signal=MUA  VSA=ACCUM  regime=SIDEWAYS  bull=13  bear=4  confirmed=False
2026-03-25 16:05:25 INFO     quant_profiler │ HJS  price=27500  signal=THEO DÕI–TĂNG  VSA=NEUTRAL  regime=SIDEWAYS  bull=8  bear=5  confirmed=True
2026-03-25 16:05:30 INFO     quant_profiler │ HKT  price=21400  signal=TRUNG LẬP  VSA=NO_DEMAND  regime=BULL_TREND  bull=12  bear=11  confirmed=True
2026-03-25 16:05:34 INFO     quant_profiler │ HLC  price=13300  signal=MUA  VSA=NEUTRAL  regime=BULL_TREND  bull=15  bear=6  confirmed=True
2026-03-25 16:05:38 INFO     quant_profiler │ HLD  price=16600  signal=BÁN / TRÁNH  VSA=NEUTRAL  regime=SIDEWAYS  bull=3  bear=14  confirmed=True
2026-03-25 16:05:41 INFO     quant_profiler │ HLY  price=9200  signal=THEO DÕI–GIẢM  VSA=NEUTRAL  regime=UNKNOWN  bull=11  bear=19  confirmed=True
2026-03-25 16:05:46 INFO     quant_profiler │ HMC  price=11300  signal=BÁN / TRÁNH  VSA=NEUTRAL  regime=SIDEWAYS  bull=4  bear=9  confirmed=False
2026-03-25 16:05:49 INFO     quant_profiler │ HMS  price=39400  signal=MUA  VSA=NEUTRAL  regime=BULL_TREND  bull=15  bear=4  confirmed=True
2026-03-25 16:05:53 INFO     quant_profiler │ HNG  price=6100  signal=TRUNG LẬP  VSA=NEUTRAL  regime=SIDEWAYS  bull=8  bear=9  confirmed=True
2026-03-25 16:05:58 INFO     quant_profiler │ HNI  price=30100  signal=THEO DÕI–TĂNG  VSA=NEUTRAL  regime=HIGH_VOL  bull=14  bear=10  confirmed=True
2026-03-25 16:06:02 INFO     quant_profiler │ HNP  price=11500  signal=BÁN / TRÁNH  VSA=NO_SUPPLY  regime=UNKNOWN  bull=9  bear=21  confirmed=True
2026-03-25 16:06:05 INFO     quant_profiler │ HOM  price=4200  signal=TRUNG LẬP  VSA=NEUTRAL  regime=BEAR_TREND  bull=11  bear=12  confirmed=True
2026-03-25 16:06:11 WARNING  quant_profiler │ fetch_ohlcv: all sources failed for HPC
2026-03-25 16:06:16 INFO     quant_profiler │ HPG  price=26350  signal=BÁN / TRÁNH  VSA=NO_DEMAND  regime=SIDEWAYS  bull=6  bear=15  confirmed=True
2026-03-25 16:06:23 WARNING  quant_profiler │ fetch_ohlcv: all sources failed for HPS
2026-03-25 16:06:28 INFO     quant_profiler │ HQC  price=2620  signal=THEO DÕI–TĂNG  VSA=NEUTRAL  regime=SIDEWAYS  bull=12  bear=7  confirmed=False
2026-03-25 16:06:34 WARNING  quant_profiler │ fetch_ohlcv: all sources failed for HQS
2026-03-25 16:06:38 INFO     quant_profiler │ HRC  price=57500  signal=THEO DÕI–TĂNG  VSA=NO_SUPPLY  regime=BULL_TREND  bull=16  bear=12  confirmed=False
2026-03-25 16:06:42 INFO     quant_profiler │ HSG  price=14400  signal=TRUNG LẬP  VSA=NEUTRAL  regime=SIDEWAYS  bull=11  bear=10  confirmed=False
2026-03-25 16:06:46 INFO     quant_profiler │ HSL  price=4920  signal=TRUNG LẬP  VSA=NEUTRAL  regime=BEAR_TREND  bull=16  bear=18  confirmed=True
2026-03-25 16:06:51 WARNING  quant_profiler │ fetch_ohlcv: all sources failed for HST
2026-03-25 16:06:54 INFO     quant_profiler │ HT1  price=14900  signal=BÁN / TRÁNH  VSA=NEUTRAL  regime=SIDEWAYS  bull=5  bear=13  confirmed=True
2026-03-25 16:06:58 INFO     quant_profiler │ HTG  price=42700  signal=THEO DÕI–GIẢM  VSA=NEUTRAL  regime=SIDEWAYS  bull=9  bear=13  confirmed=True
2026-03-25 16:07:01 INFO     quant_profiler │ HTI  price=24500  signal=TRUNG LẬP  VSA=NEUTRAL  regime=SIDEWAYS  bull=12  bear=10  confirmed=False
2026-03-25 16:07:04 INFO     quant_profiler │ HTL  price=22300  signal=BÁN / TRÁNH  VSA=NO_DEMAND  regime=SIDEWAYS  bull=0  bear=15  confirmed=True
2026-03-25 16:07:07 INFO     quant_profiler │ HTN  price=6410  signal=TRUNG LẬP  VSA=NEUTRAL  regime=BEAR_TREND  bull=13  bear=12  confirmed=False
2026-03-25 16:07:10 INFO     quant_profiler │ HTP  price=1300  signal=THEO DÕI–TĂNG  VSA=NEUTRAL  regime=SIDEWAYS  bull=13  bear=10  confirmed=False
2026-03-25 16:07:14 INFO     quant_profiler │ HTV  price=11200  signal=BÁN / TRÁNH  VSA=NO_DEMAND  regime=BEAR_TREND  bull=3  bear=14  confirmed=True
2026-03-25 16:07:18 INFO     quant_profiler │ HU1  price=6300  signal=TRUNG LẬP  VSA=NO_DEMAND  regime=SIDEWAYS  bull=14  bear=16  confirmed=True
2026-03-25 16:07:21 INFO     quant_profiler │ HU3  price=3000  signal=BÁN / TRÁNH  VSA=NEUTRAL  regime=BEAR_TREND  bull=5  bear=15  confirmed=True
2026-03-25 16:07:24 INFO     quant_profiler │ HUB  price=14200  signal=BÁN / TRÁNH  VSA=NEUTRAL  regime=BEAR_TREND  bull=4  bear=16  confirmed=True
2026-03-25 16:07:29 INFO     quant_profiler │ HUT  price=16700  signal=MUA  VSA=NEUTRAL  regime=SIDEWAYS  bull=21  bear=5  confirmed=False
2026-03-25 16:07:32 INFO     quant_profiler │ HVH  price=12100  signal=THEO DÕI–GIẢM  VSA=NEUTRAL  regime=BEAR_TREND  bull=6  bear=11  confirmed=False
2026-03-25 16:07:35 INFO     quant_profiler │ HVN  price=22050  signal=BÁN / TRÁNH  VSA=NEUTRAL  regime=BEAR_TREND  bull=6  bear=15  confirmed=True
2026-03-25 16:07:38 INFO     quant_profiler │ HVX  price=2200  signal=THEO DÕI–GIẢM  VSA=NEUTRAL  regime=SIDEWAYS  bull=9  bear=13  confirmed=True
2026-03-25 16:07:41 INFO     quant_profiler │ ICT  price=17850  signal=TRUNG LẬP  VSA=NEUTRAL  regime=SIDEWAYS  bull=10  bear=10  confirmed=False
2026-03-25 16:07:46 INFO     quant_profiler │ IDC  price=46800  signal=MUA  VSA=NEUTRAL  regime=SIDEWAYS  bull=19  bear=9  confirmed=False
2026-03-25 16:07:49 INFO     quant_profiler │ IDI  price=6910  signal=BÁN / TRÁNH  VSA=NEUTRAL  regime=SIDEWAYS  bull=4  bear=11  confirmed=True
2026-03-25 16:07:52 INFO     quant_profiler │ IDJ  price=3900  signal=THEO DÕI–GIẢM  VSA=NEUTRAL  regime=BEAR_TREND  bull=7  bear=10  confirmed=True
2026-03-25 16:07:56 INFO     quant_profiler │ IDV  price=23200  signal=BÁN / TRÁNH  VSA=ACCUM  regime=BEAR_TREND  bull=7  bear=16  confirmed=True
2026-03-25 16:08:00 INFO     quant_profiler │ IJC  price=10350  signal=TRUNG LẬP  VSA=ACCUM  regime=SIDEWAYS  bull=14  bear=14  confirmed=True
2026-03-25 16:08:04 INFO     quant_profiler │ ILB  price=21700  signal=BÁN / TRÁNH  VSA=NEUTRAL  regime=SIDEWAYS  bull=7  bear=13  confirmed=True
2026-03-25 16:08:07 INFO     quant_profiler │ IMP  price=55200  signal=MUA  VSA=NEUTRAL  regime=SIDEWAYS  bull=17  bear=3  confirmed=False
2026-03-25 16:08:11 INFO     quant_profiler │ INN  price=40600  signal=MUA  VSA=NEUTRAL  regime=SIDEWAYS  bull=16  bear=7  confirmed=False
2026-03-25 16:08:14 INFO     quant_profiler │ ITA  price=2350  signal=TRUNG LẬP  VSA=ACCUM  regime=UNKNOWN  bull=19  bear=21  confirmed=True
2026-03-25 16:08:18 INFO     quant_profiler │ ITC  price=11600  signal=THEO DÕI–GIẢM  VSA=ACCUM  regime=BEAR_TREND  bull=14  bear=18  confirmed=True
2026-03-25 16:08:21 INFO     quant_profiler │ ITD  price=16300  signal=THEO DÕI–TĂNG  VSA=NEUTRAL  regime=SIDEWAYS  bull=11  bear=6  confirmed=False
2026-03-25 16:08:24 INFO     quant_profiler │ ITQ  price=2800  signal=THEO DÕI–TĂNG  VSA=NEUTRAL  regime=SIDEWAYS  bull=13  bear=8  confirmed=False
2026-03-25 16:08:28 INFO     quant_profiler │ JVC  price=4650  signal=TRUNG LẬP  VSA=NO_DEMAND  regime=BEAR_TREND  bull=13  bear=14  confirmed=True
2026-03-25 16:08:32 INFO     quant_profiler │ KBC  price=28900  signal=BÁN / TRÁNH  VSA=NEUTRAL  regime=BEAR_TREND  bull=5  bear=15  confirmed=True
2026-03-25 16:08:35 INFO     quant_profiler │ KDC  price=49600  signal=BÁN / TRÁNH  VSA=ACCUM  regime=BEAR_TREND  bull=4  bear=15  confirmed=True
2026-03-25 16:08:39 INFO     quant_profiler │ KDH  price=25850  signal=THEO DÕI–TĂNG  VSA=ACCUM  regime=BEAR_TREND  bull=17  bear=10  confirmed=False
2026-03-25 16:08:43 INFO     quant_profiler │ KDM  price=29500  signal=THEO DÕI–TĂNG  VSA=NO_SUPPLY  regime=SIDEWAYS  bull=13  bear=8  confirmed=False
2026-03-25 16:08:47 INFO     quant_profiler │ KHP  price=10900  signal=THEO DÕI–GIẢM  VSA=NEUTRAL  regime=BEAR_TREND  bull=11  bear=15  confirmed=True
2026-03-25 16:08:50 INFO     quant_profiler │ KHS  price=16000  signal=BÁN / TRÁNH  VSA=NEUTRAL  regime=BEAR_TREND  bull=6  bear=15  confirmed=False
2026-03-25 16:08:53 INFO     quant_profiler │ KMR  price=2700  signal=TRUNG LẬP  VSA=NEUTRAL  regime=BEAR_TREND  bull=13  bear=13  confirmed=True
2026-03-25 16:08:57 INFO     quant_profiler │ KMT  price=12000  signal=THEO DÕI–TĂNG  VSA=NO_SUPPLY  regime=UNKNOWN  bull=14  bear=10  confirmed=True
2026-03-25 16:09:00 INFO     quant_profiler │ KOS  price=38950  signal=TRUNG LẬP  VSA=NEUTRAL  regime=BEAR_TREND  bull=13  bear=13  confirmed=False
2026-03-25 16:09:04 INFO     quant_profiler │ KPF  price=1210  signal=THEO DÕI–GIẢM  VSA=NEUTRAL  regime=BEAR_TREND  bull=16  bear=24  confirmed=True
2026-03-25 16:09:07 INFO     quant_profiler │ KSB  price=16250  signal=THEO DÕI–GIẢM  VSA=NEUTRAL  regime=SIDEWAYS  bull=6  bear=11  confirmed=True
2026-03-25 16:09:11 INFO     quant_profiler │ KST  price=13500  signal=TRUNG LẬP  VSA=NEUTRAL  regime=BULL_TREND  bull=10  bear=9  confirmed=False
2026-03-25 16:09:15 INFO     quant_profiler │ KTT  price=2300  signal=BÁN / TRÁNH  VSA=NEUTRAL  regime=UNKNOWN  bull=3  bear=11  confirmed=False
2026-03-25 16:09:18 INFO     quant_profiler │ KVC  price=1400  signal=TRUNG LẬP  VSA=NEUTRAL  regime=BEAR_TREND  bull=19  bear=14  confirmed=False
2026-03-25 16:09:21 INFO     quant_profiler │ L10  price=25000  signal=BÁN / TRÁNH  VSA=NO_DEMAND  regime=SIDEWAYS  bull=4  bear=17  confirmed=False
2026-03-25 16:09:24 INFO     quant_profiler │ L14  price=23400  signal=TRUNG LẬP  VSA=NEUTRAL  regime=BEAR_TREND  bull=9  bear=10  confirmed=True
2026-03-25 16:09:28 INFO     quant_profiler │ L18  price=23900  signal=THEO DÕI–GIẢM  VSA=NO_DEMAND  regime=BEAR_TREND  bull=8  bear=12  confirmed=True
2026-03-25 16:09:34 WARNING  quant_profiler │ fetch_ohlcv: all sources failed for L33
2026-03-25 16:09:37 INFO     quant_profiler │ L43  price=2800  signal=THEO DÕI–GIẢM  VSA=NEUTRAL  regime=HIGH_VOL  bull=7  bear=12  confirmed=True
2026-03-25 16:09:41 INFO     quant_profiler │ L61  price=1400  signal=BÁN / TRÁNH  VSA=NO_SUPPLY  regime=BEAR_TREND  bull=9  bear=19  confirmed=True
2026-03-25 16:09:44 INFO     quant_profiler │ L62  price=2000  signal=THEO DÕI–GIẢM  VSA=NEUTRAL  regime=SIDEWAYS  bull=9  bear=13  confirmed=True
2026-03-25 16:09:49 INFO     quant_profiler │ LAF  price=17050  signal=BÁN / TRÁNH  VSA=NEUTRAL  regime=BEAR_TREND  bull=7  bear=19  confirmed=True
2026-03-25 16:09:53 INFO     quant_profiler │ LAS  price=17000  signal=BÁN / TRÁNH  VSA=NO_DEMAND  regime=HIGH_VOL  bull=5  bear=15  confirmed=True
2026-03-25 16:09:57 INFO     quant_profiler │ LBE  price=35500  signal=TRUNG LẬP  VSA=NEUTRAL  regime=BEAR_TREND  bull=10  bear=9  confirmed=True
2026-03-25 16:10:02 INFO     quant_profiler │ LBM  price=31500  signal=TRUNG LẬP  VSA=NEUTRAL  regime=BEAR_TREND  bull=13  bear=10  confirmed=False
2026-03-25 16:10:07 INFO     quant_profiler │ LCG  price=9660  signal=BÁN / TRÁNH  VSA=NEUTRAL  regime=SIDEWAYS  bull=2  bear=11  confirmed=True
2026-03-25 16:10:11 INFO     quant_profiler │ LCM  price=700  signal=THEO DÕI–GIẢM  VSA=NEUTRAL  regime=BEAR_TREND  bull=9  bear=15  confirmed=True
2026-03-25 16:10:16 INFO     quant_profiler │ LDP  price=8100  signal=BÁN / TRÁNH  VSA=NO_DEMAND  regime=BEAR_TREND  bull=6  bear=14  confirmed=True
2026-03-25 16:10:19 INFO     quant_profiler │ LGC  price=57700  signal=BÁN / TRÁNH  VSA=NEUTRAL  regime=SIDEWAYS  bull=4  bear=13  confirmed=True
2026-03-25 16:10:23 INFO     quant_profiler │ LGL  price=4890  signal=THEO DÕI–GIẢM  VSA=NEUTRAL  regime=BEAR_TREND  bull=11  bear=19  confirmed=True
2026-03-25 16:10:26 INFO     quant_profiler │ LHC  price=99000  signal=BÁN / TRÁNH  VSA=NO_DEMAND  regime=SIDEWAYS  bull=0  bear=19  confirmed=True
2026-03-25 16:10:30 INFO     quant_profiler │ LHG  price=28150  signal=BÁN / TRÁNH  VSA=NEUTRAL  regime=BEAR_TREND  bull=7  bear=15  confirmed=True
2026-03-25 16:10:34 INFO     quant_profiler │ LIX  price=32900  signal=BÁN / TRÁNH  VSA=NEUTRAL  regime=BEAR_TREND  bull=7  bear=15  confirmed=True
2026-03-25 16:10:37 INFO     quant_profiler │ LMH  price=1300  signal=TRUNG LẬP  VSA=NEUTRAL  regime=SIDEWAYS  bull=10  bear=12  confirmed=False
2026-03-25 16:10:40 INFO     quant_profiler │ LO5  price=500  signal=BÁN / TRÁNH  VSA=NEUTRAL  regime=UNKNOWN  bull=6  bear=15  confirmed=True
2026-03-25 16:10:44 INFO     quant_profiler │ LSS  price=8590  signal=THEO DÕI–TĂNG  VSA=NEUTRAL  regime=BEAR_TREND  bull=17  bear=11  confirmed=False
2026-03-25 16:10:48 INFO     quant_profiler │ LTC  price=1800  signal=BÁN / TRÁNH  VSA=NEUTRAL  regime=SIDEWAYS  bull=7  bear=19  confirmed=True
2026-03-25 16:10:51 INFO     quant_profiler │ MAC  price=11400  signal=BÁN / TRÁNH  VSA=NEUTRAL  regime=BEAR_TREND  bull=7  bear=21  confirmed=True
2026-03-25 16:10:54 INFO     quant_profiler │ MAS  price=34000  signal=BÁN / TRÁNH  VSA=NEUTRAL  regime=SIDEWAYS  bull=7  bear=15  confirmed=True
2026-03-25 16:10:57 INFO     quant_profiler │ MBB  price=26000  signal=TRUNG LẬP  VSA=NEUTRAL  regime=SIDEWAYS  bull=12  bear=10  confirmed=False
2026-03-25 16:11:01 INFO     quant_profiler │ MBG  price=2800  signal=TRUNG LẬP  VSA=NEUTRAL  regime=BEAR_TREND  bull=11  bear=12  confirmed=True
2026-03-25 16:11:05 INFO     quant_profiler │ MBS  price=23600  signal=THEO DÕI–GIẢM  VSA=NEUTRAL  regime=BEAR_TREND  bull=8  bear=13  confirmed=True
2026-03-25 16:11:10 WARNING  quant_profiler │ fetch_ohlcv: all sources failed for MCC
2026-03-25 16:11:14 INFO     quant_profiler │ MCF  price=7600  signal=THEO DÕI–GIẢM  VSA=NEUTRAL  regime=BEAR_TREND  bull=6  bear=9  confirmed=True
2026-03-25 16:11:18 INFO     quant_profiler │ MCG  price=2400  signal=BÁN / TRÁNH  VSA=NEUTRAL  regime=SIDEWAYS  bull=4  bear=13  confirmed=True
2026-03-25 16:11:21 INFO     quant_profiler │ MCO  price=4700  signal=THEO DÕI–GIẢM  VSA=NEUTRAL  regime=BEAR_TREND  bull=11  bear=18  confirmed=True
2026-03-25 16:11:24 INFO     quant_profiler │ MCP  price=27250  signal=THEO DÕI–GIẢM  VSA=NEUTRAL  regime=BEAR_TREND  bull=9  bear=13  confirmed=True
2026-03-25 16:11:27 INFO     quant_profiler │ MDG  price=40200  signal=MUA  VSA=NEUTRAL  regime=BULL_TREND  bull=14  bear=7  confirmed=False
2026-03-25 16:11:31 INFO     quant_profiler │ MHC  price=9200  signal=BÁN / TRÁNH  VSA=NEUTRAL  regime=SIDEWAYS  bull=5  bear=17  confirmed=True
2026-03-25 16:11:36 WARNING  quant_profiler │ fetch_ohlcv: all sources failed for MHL
2026-03-25 16:11:39 INFO     quant_profiler │ MSB  price=11300  signal=THEO DÕI–TĂNG  VSA=NEUTRAL  regime=SIDEWAYS  bull=13  bear=8  confirmed=False
2026-03-25 16:11:43 INFO     quant_profiler │ MSN  price=73200  signal=THEO DÕI–TĂNG  VSA=NEUTRAL  regime=BEAR_TREND  bull=16  bear=10  confirmed=False
2026-03-25 16:11:47 INFO     quant_profiler │ MST  price=8300  signal=TRUNG LẬP  VSA=DISTRIB  regime=BULL_TREND  bull=15  bear=13  confirmed=True
2026-03-25 16:11:50 INFO     quant_profiler │ MTG  price=7000  signal=BÁN / TRÁNH  VSA=NEUTRAL  regime=SIDEWAYS  bull=3  bear=16  confirmed=False
2026-03-25 16:11:54 INFO     quant_profiler │ MWG  price=79200  signal=BÁN / TRÁNH  VSA=NEUTRAL  regime=SIDEWAYS  bull=5  bear=10  confirmed=True
2026-03-25 16:11:57 INFO     quant_profiler │ NAF  price=47450  signal=MUA  VSA=NEUTRAL  regime=HIGH_VOL  bull=13  bear=4  confirmed=True
2026-03-25 16:12:01 INFO     quant_profiler │ NAV  price=16500  signal=BÁN / TRÁNH  VSA=NEUTRAL  regime=BEAR_TREND  bull=6  bear=13  confirmed=False
2026-03-25 16:12:04 INFO     quant_profiler │ NBB  price=18300  signal=TRUNG LẬP  VSA=NEUTRAL  regime=SIDEWAYS  bull=12  bear=10  confirmed=True
2026-03-25 16:12:07 INFO     quant_profiler │ NBC  price=11300  signal=MUA  VSA=NEUTRAL  regime=BULL_TREND  bull=15  bear=4  confirmed=True
2026-03-25 16:12:10 INFO     quant_profiler │ NBP  price=7800  signal=THEO DÕI–TĂNG  VSA=ACCUM  regime=SIDEWAYS  bull=14  bear=9  confirmed=True
2026-03-25 16:12:13 INFO     quant_profiler │ NCT  price=91500  signal=THEO DÕI–GIẢM  VSA=NEUTRAL  regime=SIDEWAYS  bull=8  bear=11  confirmed=True
2026-03-25 16:12:18 INFO     quant_profiler │ NDN  price=10300  signal=BÁN / TRÁNH  VSA=NO_DEMAND  regime=BEAR_TREND  bull=4  bear=17  confirmed=True
2026-03-25 16:12:21 INFO     quant_profiler │ NET  price=63400  signal=BÁN / TRÁNH  VSA=NO_DEMAND  regime=BEAR_TREND  bull=6  bear=17  confirmed=True
2026-03-25 16:12:24 INFO     quant_profiler │ NFC  price=61000  signal=BÁN / TRÁNH  VSA=NO_DEMAND  regime=SIDEWAYS  bull=5  bear=20  confirmed=False
2026-03-25 16:12:27 INFO     quant_profiler │ NHA  price=12750  signal=THEO DÕI–GIẢM  VSA=NEUTRAL  regime=BEAR_TREND  bull=7  bear=12  confirmed=True
2026-03-25 16:12:31 INFO     quant_profiler │ NHH  price=10100  signal=BÁN / TRÁNH  VSA=NEUTRAL  regime=BEAR_TREND  bull=0  bear=15  confirmed=True
2026-03-25 16:12:36 WARNING  quant_profiler │ fetch_ohlcv: all sources failed for NHP
2026-03-25 16:12:39 INFO     quant_profiler │ NHT  price=11000  signal=THEO DÕI–TĂNG  VSA=NO_DEMAND  regime=HIGH_VOL  bull=11  bear=9  confirmed=True
2026-03-25 16:12:42 INFO     quant_profiler │ NKG  price=13400  signal=BÁN / TRÁNH  VSA=NO_DEMAND  regime=SIDEWAYS  bull=6  bear=15  confirmed=True
2026-03-25 16:12:46 INFO     quant_profiler │ NLG  price=29300  signal=MUA  VSA=ACCUM  regime=SIDEWAYS  bull=18  bear=8  confirmed=True
2026-03-25 16:12:49 INFO     quant_profiler │ NNC  price=53400  signal=BÁN / TRÁNH  VSA=NEUTRAL  regime=BEAR_TREND  bull=7  bear=13  confirmed=True
2026-03-25 16:12:53 INFO     quant_profiler │ NRC  price=5900  signal=THEO DÕI–TĂNG  VSA=NEUTRAL  regime=SIDEWAYS  bull=10  bear=7  confirmed=True
2026-03-25 16:12:56 INFO     quant_profiler │ NSC  price=71900  signal=BÁN / TRÁNH  VSA=NO_SUPPLY  regime=BEAR_TREND  bull=8  bear=15  confirmed=True
2026-03-25 16:13:04 INFO     quant_profiler │ NST  price=11900  signal=BÁN / TRÁNH  VSA=NEUTRAL  regime=SIDEWAYS  bull=0  bear=16  confirmed=True
2026-03-25 16:13:07 INFO     quant_profiler │ NT2  price=27700  signal=THEO DÕI–TĂNG  VSA=ACCUM  regime=HIGH_VOL  bull=18  bear=10  confirmed=False
2026-03-25 16:13:11 INFO     quant_profiler │ NTC  price=144300  signal=THEO DÕI–GIẢM  VSA=NO_SUPPLY  regime=SIDEWAYS  bull=8  bear=13  confirmed=True
2026-03-25 16:13:15 INFO     quant_profiler │ NTH  price=56000  signal=BÁN / TRÁNH  VSA=DISTRIB  regime=HIGH_VOL  bull=6  bear=21  confirmed=False
2026-03-25 16:13:19 INFO     quant_profiler │ NTL  price=16100  signal=TRUNG LẬP  VSA=NEUTRAL  regime=BEAR_TREND  bull=13  bear=10  confirmed=False
2026-03-25 16:13:24 INFO     quant_profiler │ NTP  price=56000  signal=BÁN / TRÁNH  VSA=NEUTRAL  regime=BEAR_TREND  bull=2  bear=15  confirmed=True
2026-03-25 16:13:27 INFO     quant_profiler │ NVB  price=10900  signal=TRUNG LẬP  VSA=NEUTRAL  regime=BEAR_TREND  bull=13  bear=12  confirmed=False
2026-03-25 16:13:31 INFO     quant_profiler │ NVL  price=13800  signal=MUA  VSA=ACCUM  regime=HIGH_VOL  bull=14  bear=3  confirmed=True
2026-03-25 16:13:35 INFO     quant_profiler │ NVT  price=7520  signal=THEO DÕI–TĂNG  VSA=ACCUM  regime=SIDEWAYS  bull=12  bear=9  confirmed=True
2026-03-25 16:13:40 INFO     quant_profiler │ OCB  price=11200  signal=TRUNG LẬP  VSA=ACCUM  regime=BEAR_TREND  bull=16  bear=14  confirmed=False
2026-03-25 16:13:44 INFO     quant_profiler │ ONE  price=10600  signal=THEO DÕI–TĂNG  VSA=NEUTRAL  regime=BULL_TREND  bull=12  bear=7  confirmed=True
2026-03-25 16:13:48 INFO     quant_profiler │ OPC  price=22450  signal=THEO DÕI–TĂNG  VSA=NO_SUPPLY  regime=BULL_TREND  bull=12  bear=7  confirmed=True
2026-03-25 16:13:52 INFO     quant_profiler │ ORS  price=13200  signal=THEO DÕI–TĂNG  VSA=NEUTRAL  regime=SIDEWAYS  bull=14  bear=8  confirmed=False
2026-03-25 16:13:56 INFO     quant_profiler │ PAC  price=28000  signal=MUA  VSA=NEUTRAL  regime=HIGH_VOL  bull=17  bear=9  confirmed=True
2026-03-25 16:14:00 INFO     quant_profiler │ PAN  price=28750  signal=BÁN / TRÁNH  VSA=NEUTRAL  regime=BEAR_TREND  bull=5  bear=15  confirmed=True
2026-03-25 16:14:05 INFO     quant_profiler │ PBP  price=12400  signal=TRUNG LẬP  VSA=NO_SUPPLY  regime=SIDEWAYS  bull=7  bear=8  confirmed=True
2026-03-25 16:14:09 INFO     quant_profiler │ PC1  price=27900  signal=MUA  VSA=NEUTRAL  regime=HIGH_VOL  bull=13  bear=7  confirmed=False
2026-03-25 16:14:13 INFO     quant_profiler │ PCE  price=20000  signal=THEO DÕI–TĂNG  VSA=NO_DEMAND  regime=SIDEWAYS  bull=10  bear=7  confirmed=False
2026-03-25 16:14:18 INFO     quant_profiler │ PCG  price=2900  signal=THEO DÕI–TĂNG  VSA=NEUTRAL  regime=BULL_TREND  bull=12  bear=7  confirmed=True
2026-03-25 16:14:22 INFO     quant_profiler │ PCH  price=20600  signal=MUA  VSA=NEUTRAL  regime=BULL_TREND  bull=18  bear=3  confirmed=True
2026-03-25 16:14:26 INFO     quant_profiler │ PDB  price=24000  signal=MUA  VSA=NEUTRAL  regime=BULL_TREND  bull=19  bear=9  confirmed=True
2026-03-25 16:14:30 INFO     quant_profiler │ PDC  price=4200  signal=BÁN / TRÁNH  VSA=NEUTRAL  regime=SIDEWAYS  bull=9  bear=21  confirmed=True
2026-03-25 16:14:35 INFO     quant_profiler │ PDN  price=107000  signal=THEO DÕI–GIẢM  VSA=NO_DEMAND  regime=SIDEWAYS  bull=7  bear=12  confirmed=True
2026-03-25 16:14:39 INFO     quant_profiler │ PDR  price=15300  signal=TRUNG LẬP  VSA=NEUTRAL  regime=BEAR_TREND  bull=9  bear=10  confirmed=True
2026-03-25 16:14:44 INFO     quant_profiler │ PEN  price=10100  signal=THEO DÕI–GIẢM  VSA=NO_DEMAND  regime=SIDEWAYS  bull=10  bear=14  confirmed=False
2026-03-25 16:14:50 INFO     quant_profiler │ PET  price=45300  signal=MUA  VSA=NEUTRAL  regime=HIGH_VOL  bull=11  bear=2  confirmed=True
2026-03-25 16:14:55 INFO     quant_profiler │ PGC  price=14000  signal=TRUNG LẬP  VSA=NEUTRAL  regime=SIDEWAYS  bull=9  bear=10  confirmed=True
2026-03-25 16:14:59 INFO     quant_profiler │ PGD  price=23950  signal=THEO DÕI–GIẢM  VSA=NO_DEMAND  regime=HIGH_VOL  bull=9  bear=15  confirmed=True
2026-03-25 16:15:04 INFO     quant_profiler │ PGI  price=19900  signal=MUA  VSA=NEUTRAL  regime=SIDEWAYS  bull=10  bear=3  confirmed=False
2026-03-25 16:15:08 INFO     quant_profiler │ PGN  price=6300  signal=MUA  VSA=NEUTRAL  regime=HIGH_VOL  bull=13  bear=4  confirmed=True
2026-03-25 16:15:13 INFO     quant_profiler │ PGS  price=52900  signal=MUA  VSA=NEUTRAL  regime=SIDEWAYS  bull=10  bear=5  confirmed=False
2026-03-25 16:15:16 INFO     quant_profiler │ PGV  price=24650  signal=TRUNG LẬP  VSA=NEUTRAL  regime=SIDEWAYS  bull=7  bear=8  confirmed=True
2026-03-25 16:15:20 INFO     quant_profiler │ PHC  price=4560  signal=BÁN / TRÁNH  VSA=NEUTRAL  regime=SIDEWAYS  bull=0  bear=17  confirmed=True
2026-03-25 16:15:24 INFO     quant_profiler │ PHP  price=33300  signal=BÁN / TRÁNH  VSA=NO_DEMAND  regime=BEAR_TREND  bull=4  bear=17  confirmed=True
2026-03-25 16:15:29 INFO     quant_profiler │ PHR  price=59500  signal=BÁN / TRÁNH  VSA=NEUTRAL  regime=SIDEWAYS  bull=5  bear=10  confirmed=True
2026-03-25 16:15:34 INFO     quant_profiler │ PIC  price=18500  signal=MUA  VSA=NEUTRAL  regime=HIGH_VOL  bull=13  bear=7  confirmed=False
2026-03-25 16:15:39 INFO     quant_profiler │ PIT  price=7500  signal=MUA  VSA=NEUTRAL  regime=SIDEWAYS  bull=13  bear=6  confirmed=False
2026-03-25 16:15:43 INFO     quant_profiler │ PJC  price=27900  signal=BÁN / TRÁNH  VSA=NEUTRAL  regime=SIDEWAYS  bull=6  bear=17  confirmed=False
2026-03-25 16:15:48 INFO     quant_profiler │ PJT  price=8890  signal=TRUNG LẬP  VSA=NEUTRAL  regime=SIDEWAYS  bull=12  bear=13  confirmed=True
2026-03-25 16:15:52 INFO     quant_profiler │ PLC  price=23100  signal=THEO DÕI–GIẢM  VSA=NEUTRAL  regime=SIDEWAYS  bull=9  bear=13  confirmed=True
2026-03-25 16:15:56 INFO     quant_profiler │ PLX  price=41300  signal=TRUNG LẬP  VSA=NO_DEMAND  regime=BEAR_TREND  bull=12  bear=14  confirmed=True
2026-03-25 16:16:00 INFO     quant_profiler │ PMB  price=10700  signal=TRUNG LẬP  VSA=NO_DEMAND  regime=HIGH_VOL  bull=9  bear=8  confirmed=False
2026-03-25 16:16:05 INFO     quant_profiler │ PMC  price=138900  signal=BÁN / TRÁNH  VSA=NEUTRAL  regime=SIDEWAYS  bull=3  bear=10  confirmed=True
2026-03-25 16:16:08 INFO     quant_profiler │ PMG  price=6990  signal=BÁN / TRÁNH  VSA=NEUTRAL  regime=SIDEWAYS  bull=7  bear=18  confirmed=True
2026-03-25 16:16:12 INFO     quant_profiler │ PMP  price=14000  signal=THEO DÕI–GIẢM  VSA=NEUTRAL  regime=HIGH_VOL  bull=10  bear=14  confirmed=True
2026-03-25 16:16:15 INFO     quant_profiler │ PMS  price=35000  signal=THEO DÕI–TĂNG  VSA=NEUTRAL  regime=SIDEWAYS  bull=11  bear=8  confirmed=False
2026-03-25 16:16:19 INFO     quant_profiler │ PMT  price=6900  signal=THEO DÕI–GIẢM  VSA=NEUTRAL  regime=SIDEWAYS  bull=6  bear=11  confirmed=True
2026-03-25 16:16:23 INFO     quant_profiler │ PNC  price=28000  signal=MUA  VSA=NO_DEMAND  regime=SIDEWAYS  bull=14  bear=5  confirmed=False
2026-03-25 16:16:26 INFO     quant_profiler │ PND  price=7000  signal=THEO DÕI–TĂNG  VSA=NEUTRAL  regime=SIDEWAYS  bull=14  bear=10  confirmed=True
2026-03-25 16:16:29 INFO     quant_profiler │ PNJ  price=111000  signal=BÁN / TRÁNH  VSA=NEUTRAL  regime=SIDEWAYS  bull=3  bear=10  confirmed=True
2026-03-25 16:16:33 INFO     quant_profiler │ POM  price=4100  signal=THEO DÕI–GIẢM  VSA=NEUTRAL  regime=BULL_TREND  bull=11  bear=15  confirmed=False
2026-03-25 16:16:36 INFO     quant_profiler │ POW  price=13350  signal=TRUNG LẬP  VSA=NEUTRAL  regime=SIDEWAYS  bull=9  bear=10  confirmed=True
2026-03-25 16:16:40 INFO     quant_profiler │ PPC  price=11150  signal=MUA  VSA=ACCUM  regime=BULL_TREND  bull=24  bear=5  confirmed=True
2026-03-25 16:16:43 INFO     quant_profiler │ PPY  price=9200  signal=MUA  VSA=NEUTRAL  regime=SIDEWAYS  bull=13  bear=4  confirmed=True
2026-03-25 16:16:47 INFO     quant_profiler │ PRC  price=12100  signal=BÁN / TRÁNH  VSA=NEUTRAL  regime=BEAR_TREND  bull=6  bear=14  confirmed=False
2026-03-25 16:16:51 INFO     quant_profiler │ PRE  price=22000  signal=THEO DÕI–GIẢM  VSA=DISTRIB  regime=SIDEWAYS  bull=7  bear=12  confirmed=True
2026-03-25 16:16:55 INFO     quant_profiler │ PSC  price=11000  signal=BÁN / TRÁNH  VSA=ACCUM  regime=SIDEWAYS  bull=6  bear=21  confirmed=False
2026-03-25 16:16:58 INFO     quant_profiler │ PSD  price=16400  signal=THEO DÕI–GIẢM  VSA=NEUTRAL  regime=SIDEWAYS  bull=7  bear=10  confirmed=True
2026-03-25 16:17:03 INFO     quant_profiler │ PSE  price=10800  signal=THEO DÕI–GIẢM  VSA=NEUTRAL  regime=SIDEWAYS  bull=8  bear=14  confirmed=True
2026-03-25 16:17:06 INFO     quant_profiler │ PSH  price=1770  signal=THEO DÕI–GIẢM  VSA=DISTRIB  regime=BEAR_TREND  bull=19  bear=28  confirmed=True
2026-03-25 16:17:09 INFO     quant_profiler │ PSI  price=7700  signal=BÁN / TRÁNH  VSA=NEUTRAL  regime=HIGH_VOL  bull=2  bear=20  confirmed=True
2026-03-25 16:17:13 INFO     quant_profiler │ PSW  price=8100  signal=TRUNG LẬP  VSA=NO_DEMAND  regime=HIGH_VOL  bull=9  bear=8  confirmed=False
2026-03-25 16:17:17 INFO     quant_profiler │ PTB  price=48250  signal=BÁN / TRÁNH  VSA=NEUTRAL  regime=SIDEWAYS  bull=5  bear=10  confirmed=True
2026-03-25 16:17:20 INFO     quant_profiler │ PTC  price=6850  signal=BÁN / TRÁNH  VSA=NO_DEMAND  regime=SIDEWAYS  bull=6  bear=13  confirmed=True
2026-03-25 16:17:23 INFO     quant_profiler │ PTD  price=7400  signal=BÁN / TRÁNH  VSA=NEUTRAL  regime=SIDEWAYS  bull=0  bear=19  confirmed=False
2026-03-25 16:17:26 INFO     quant_profiler │ PTI  price=30000  signal=THEO DÕI–TĂNG  VSA=NEUTRAL  regime=BEAR_TREND  bull=12  bear=7  confirmed=False
2026-03-25 16:17:30 INFO     quant_profiler │ PTL  price=2750  signal=BÁN / TRÁNH  VSA=NEUTRAL  regime=HIGH_VOL  bull=2  bear=21  confirmed=True
2026-03-25 16:17:34 INFO     quant_profiler │ PTS  price=9200  signal=THEO DÕI–GIẢM  VSA=NEUTRAL  regime=BEAR_TREND  bull=9  bear=12  confirmed=True
2026-03-25 16:17:39 INFO     quant_profiler │ PVB  price=29600  signal=BÁN / TRÁNH  VSA=NEUTRAL  regime=SIDEWAYS  bull=6  bear=13  confirmed=True
2026-03-25 16:17:42 INFO     quant_profiler │ PVC  price=18200  signal=MUA  VSA=NEUTRAL  regime=BULL_TREND  bull=16  bear=5  confirmed=False
2026-03-25 16:17:45 INFO     quant_profiler │ PVD  price=34750  signal=TRUNG LẬP  VSA=NEUTRAL  regime=BEAR_TREND  bull=13  bear=10  confirmed=False
2026-03-25 16:17:49 INFO     quant_profiler │ PVG  price=6700  signal=TRUNG LẬP  VSA=NO_DEMAND  regime=SIDEWAYS  bull=12  bear=12  confirmed=True
2026-03-25 16:17:53 INFO     quant_profiler │ PVI  price=79600  signal=THEO DÕI–TĂNG  VSA=NO_DEMAND  regime=SIDEWAYS  bull=14  bear=9  confirmed=False
2026-03-25 16:17:56 INFO     quant_profiler │ PVP  price=14750  signal=TRUNG LẬP  VSA=NO_DEMAND  regime=BULL_TREND  bull=10  bear=12  confirmed=True
2026-03-25 16:17:59 INFO     quant_profiler │ PVS  price=42200  signal=TRUNG LẬP  VSA=NEUTRAL  regime=HIGH_VOL  bull=10  bear=10  confirmed=True
2026-03-25 16:18:02 INFO     quant_profiler │ PVT  price=21700  signal=THEO DÕI–GIẢM  VSA=NO_DEMAND  regime=HIGH_VOL  bull=8  bear=12  confirmed=True
2026-03-25 16:18:05 INFO     quant_profiler │ PVX  price=1800  signal=BÁN / TRÁNH  VSA=NEUTRAL  regime=BULL_TREND  bull=9  bear=21  confirmed=False
2026-03-25 16:18:09 INFO     quant_profiler │ PXA  price=800  signal=BÁN / TRÁNH  VSA=NEUTRAL  regime=SIDEWAYS  bull=7  bear=19  confirmed=True
2026-03-25 16:18:12 INFO     quant_profiler │ PXT  price=1500  signal=BÁN / TRÁNH  VSA=NEUTRAL  regime=BEAR_TREND  bull=7  bear=14  confirmed=False
2026-03-25 16:18:15 INFO     quant_profiler │ QBS  price=600  signal=BÁN / TRÁNH  VSA=NEUTRAL  regime=BEAR_TREND  bull=3  bear=15  confirmed=True
2026-03-25 16:18:19 INFO     quant_profiler │ QHD  price=54000  signal=THEO DÕI–GIẢM  VSA=NO_SUPPLY  regime=UNKNOWN  bull=12  bear=18  confirmed=False
2026-03-25 16:18:23 INFO     quant_profiler │ RAL  price=86100  signal=BÁN / TRÁNH  VSA=NO_SUPPLY  regime=BEAR_TREND  bull=2  bear=18  confirmed=True
2026-03-25 16:18:26 INFO     quant_profiler │ REE  price=70900  signal=MUA  VSA=ACCUM  regime=BULL_TREND  bull=28  bear=11  confirmed=True
2026-03-25 16:18:29 INFO     quant_profiler │ RIC  price=11600  signal=THEO DÕI–TĂNG  VSA=NO_SUPPLY  regime=SIDEWAYS  bull=12  bear=7  confirmed=False
2026-03-25 16:18:35 WARNING  quant_profiler │ fetch_ohlcv: all sources failed for ROS
2026-03-25 16:18:39 INFO     quant_profiler │ S4A  price=34000  signal=MUA  VSA=ACCUM  regime=SIDEWAYS  bull=25  bear=5  confirmed=True
2026-03-25 16:18:42 INFO     quant_profiler │ S55  price=66000  signal=THEO DÕI–TĂNG  VSA=NEUTRAL  regime=SIDEWAYS  bull=10  bear=7  confirmed=True
2026-03-25 16:18:46 INFO     quant_profiler │ S99  price=8500  signal=TRUNG LẬP  VSA=NEUTRAL  regime=BEAR_TREND  bull=14  bear=12  confirmed=False
2026-03-25 16:18:49 INFO     quant_profiler │ SAB  price=44750  signal=TRUNG LẬP  VSA=NEUTRAL  regime=BEAR_TREND  bull=11  bear=12  confirmed=True
2026-03-25 16:18:54 INFO     quant_profiler │ SAF  price=54500  signal=BÁN / TRÁNH  VSA=NEUTRAL  regime=SIDEWAYS  bull=3  bear=12  confirmed=True
2026-03-25 16:18:57 INFO     quant_profiler │ SAM  price=6390  signal=BÁN / TRÁNH  VSA=NO_DEMAND  regime=BEAR_TREND  bull=5  bear=12  confirmed=True
2026-03-25 16:19:01 INFO     quant_profiler │ SAV  price=13450  signal=TRUNG LẬP  VSA=NO_DEMAND  regime=SIDEWAYS  bull=10  bear=9  confirmed=True
2026-03-25 16:19:04 INFO     quant_profiler │ SBA  price=28800  signal=THEO DÕI–TĂNG  VSA=NEUTRAL  regime=BULL_TREND  bull=16  bear=9  confirmed=False
2026-03-25 16:19:08 INFO     quant_profiler │ SBT  price=21650  signal=BÁN / TRÁNH  VSA=NEUTRAL  regime=BEAR_TREND  bull=6  bear=15  confirmed=True
2026-03-25 16:19:11 INFO     quant_profiler │ SBV  price=7500  signal=BÁN / TRÁNH  VSA=ACCUM  regime=HIGH_VOL  bull=4  bear=13  confirmed=True
2026-03-25 16:19:15 INFO     quant_profiler │ SC5  price=15500  signal=TRUNG LẬP  VSA=NEUTRAL  regime=SIDEWAYS  bull=11  bear=10  confirmed=False
2026-03-25 16:19:18 INFO     quant_profiler │ SCD  price=16800  signal=THEO DÕI–TĂNG  VSA=NEUTRAL  regime=HIGH_VOL  bull=8  bear=5  confirmed=True
2026-03-25 16:19:23 INFO     quant_profiler │ SCI  price=8700  signal=THEO DÕI–TĂNG  VSA=NEUTRAL  regime=BEAR_TREND  bull=14  bear=9  confirmed=False
2026-03-25 16:19:26 INFO     quant_profiler │ SCR  price=5900  signal=TRUNG LẬP  VSA=NEUTRAL  regime=BEAR_TREND  bull=9  bear=10  confirmed=True
2026-03-25 16:19:29 INFO     quant_profiler │ SCS  price=52900  signal=THEO DÕI–GIẢM  VSA=NEUTRAL  regime=SIDEWAYS  bull=9  bear=13  confirmed=True
2026-03-25 16:19:32 INFO     quant_profiler │ SD4  price=1900  signal=BÁN / TRÁNH  VSA=NEUTRAL  regime=SIDEWAYS  bull=0  bear=13  confirmed=True
2026-03-25 16:19:36 INFO     quant_profiler │ SD5  price=7500  signal=BÁN / TRÁNH  VSA=NEUTRAL  regime=SIDEWAYS  bull=3  bear=14  confirmed=True
2026-03-25 16:19:40 INFO     quant_profiler │ SD6  price=1900  signal=THEO DÕI–GIẢM  VSA=NEUTRAL  regime=BEAR_TREND  bull=12  bear=19  confirmed=True
2026-03-25 16:19:44 INFO     quant_profiler │ SD9  price=11400  signal=THEO DÕI–TĂNG  VSA=NEUTRAL  regime=HIGH_VOL  bull=10  bear=8  confirmed=True
2026-03-25 16:19:47 INFO     quant_profiler │ SDA  price=1900  signal=BÁN / TRÁNH  VSA=NEUTRAL  regime=BEAR_TREND  bull=7  bear=18  confirmed=True
2026-03-25 16:19:54 WARNING  quant_profiler │ fetch_ohlcv: all sources failed for SDB
2026-03-25 16:19:57 INFO     quant_profiler │ SDC  price=7300  signal=TRUNG LẬP  VSA=NO_SUPPLY  regime=SIDEWAYS  bull=11  bear=10  confirmed=True
2026-03-25 16:20:01 INFO     quant_profiler │ SDG  price=9900  signal=BÁN / TRÁNH  VSA=NEUTRAL  regime=SIDEWAYS  bull=2  bear=13  confirmed=True
2026-03-25 16:20:04 INFO     quant_profiler │ SDT  price=4800  signal=MUA  VSA=NEUTRAL  regime=SIDEWAYS  bull=13  bear=7  confirmed=True
2026-03-25 16:20:09 INFO     quant_profiler │ SDU  price=11000  signal=THEO DÕI–GIẢM  VSA=NO_SUPPLY  regime=SIDEWAYS  bull=13  bear=17  confirmed=True
2026-03-25 16:20:13 INFO     quant_profiler │ SEB  price=45000  signal=BÁN / TRÁNH  VSA=NEUTRAL  regime=BEAR_TREND  bull=6  bear=19  confirmed=True
2026-03-25 16:20:17 INFO     quant_profiler │ SED  price=18500  signal=BÁN / TRÁNH  VSA=ACCUM  regime=BEAR_TREND  bull=4  bear=23  confirmed=True
2026-03-25 16:20:20 INFO     quant_profiler │ SFC  price=19500  signal=MUA  VSA=NEUTRAL  regime=SIDEWAYS  bull=13  bear=4  confirmed=True
2026-03-25 16:20:25 INFO     quant_profiler │ SFG  price=10600  signal=MUA  VSA=ACCUM  regime=HIGH_VOL  bull=16  bear=6  confirmed=False
2026-03-25 16:20:28 INFO     quant_profiler │ SFI  price=27500  signal=TRUNG LẬP  VSA=NO_SUPPLY  regime=SIDEWAYS  bull=9  bear=8  confirmed=False
2026-03-25 16:20:31 INFO     quant_profiler │ SFN  price=15800  signal=BÁN / TRÁNH  VSA=DISTRIB  regime=SIDEWAYS  bull=5  bear=21  confirmed=True
2026-03-25 16:20:33 INFO     quant_profiler │ SGC  price=78100  signal=TRUNG LẬP  VSA=NO_DEMAND  regime=SIDEWAYS  bull=10  bear=9  confirmed=True
2026-03-25 16:20:37 INFO     quant_profiler │ SGD  price=19700  signal=BÁN / TRÁNH  VSA=NEUTRAL  regime=SIDEWAYS  bull=6  bear=13  confirmed=True
2026-03-25 16:20:41 INFO     quant_profiler │ SGH  price=22000  signal=BÁN / TRÁNH  VSA=NO_DEMAND  regime=SIDEWAYS  bull=5  bear=12  confirmed=True
2026-03-25 16:20:44 INFO     quant_profiler │ SGN  price=53000  signal=BÁN / TRÁNH  VSA=NEUTRAL  regime=BEAR_TREND  bull=6  bear=15  confirmed=True
2026-03-25 16:20:48 INFO     quant_profiler │ SGR  price=14850  signal=BÁN / TRÁNH  VSA=NEUTRAL  regime=BEAR_TREND  bull=0  bear=15  confirmed=True
2026-03-25 16:20:53 INFO     quant_profiler │ SGT  price=15400  signal=BÁN / TRÁNH  VSA=NEUTRAL  regime=SIDEWAYS  bull=4  bear=14  confirmed=True
2026-03-25 16:20:57 INFO     quant_profiler │ SHA  price=3990  signal=MUA  VSA=NEUTRAL  regime=BEAR_TREND  bull=18  bear=7  confirmed=False
2026-03-25 16:21:01 INFO     quant_profiler │ SHB  price=15000  signal=THEO DÕI–GIẢM  VSA=ACCUM  regime=SIDEWAYS  bull=6  bear=11  confirmed=True
2026-03-25 16:21:05 INFO     quant_profiler │ SHI  price=14000  signal=BÁN / TRÁNH  VSA=NEUTRAL  regime=BULL_TREND  bull=2  bear=21  confirmed=True
2026-03-25 16:21:10 INFO     quant_profiler │ SHP  price=34100  signal=TRUNG LẬP  VSA=NEUTRAL  regime=BEAR_TREND  bull=13  bear=11  confirmed=False
2026-03-25 16:21:13 INFO     quant_profiler │ SHS  price=16000  signal=THEO DÕI–GIẢM  VSA=NEUTRAL  regime=BEAR_TREND  bull=9  bear=15  confirmed=True
2026-03-25 16:21:17 INFO     quant_profiler │ SII  price=16000  signal=TRUNG LẬP  VSA=NO_SUPPLY  regime=SIDEWAYS  bull=11  bear=10  confirmed=True
2026-03-25 16:21:20 INFO     quant_profiler │ SJD  price=14050  signal=THEO DÕI–TĂNG  VSA=ACCUM  regime=SIDEWAYS  bull=10  bear=7  confirmed=False
2026-03-25 16:21:24 INFO     quant_profiler │ SJE  price=16600  signal=BÁN / TRÁNH  VSA=ACCUM  regime=SIDEWAYS  bull=7  bear=13  confirmed=True
2026-03-25 16:21:30 WARNING  quant_profiler │ fetch_ohlcv: all sources failed for SJF
2026-03-25 16:21:33 INFO     quant_profiler │ SJS  price=48600  signal=BÁN / TRÁNH  VSA=NEUTRAL  regime=BEAR_TREND  bull=3  bear=12  confirmed=True
2026-03-25 16:21:36 INFO     quant_profiler │ SKG  price=9130  signal=THEO DÕI–GIẢM  VSA=NO_DEMAND  regime=BEAR_TREND  bull=11  bear=17  confirmed=True
2026-03-25 16:21:43 WARNING  quant_profiler │ fetch_ohlcv: all sources failed for SKS
2026-03-25 16:21:47 INFO     quant_profiler │ SLS  price=161000  signal=TRUNG LẬP  VSA=NEUTRAL  regime=BEAR_TREND  bull=12  bear=14  confirmed=True
2026-03-25 16:21:50 INFO     quant_profiler │ SMA  price=9770  signal=MUA  VSA=NO_SUPPLY  regime=BULL_TREND  bull=17  bear=0  confirmed=True
2026-03-25 16:21:55 INFO     quant_profiler │ SMB  price=38400  signal=BÁN / TRÁNH  VSA=NEUTRAL  regime=SIDEWAYS  bull=3  bear=17  confirmed=True
2026-03-25 16:21:58 INFO     quant_profiler │ SMC  price=11150  signal=THEO DÕI–GIẢM  VSA=NO_DEMAND  regime=SIDEWAYS  bull=7  bear=12  confirmed=True
2026-03-25 16:22:02 INFO     quant_profiler │ SNC  price=23700  signal=TRUNG LẬP  VSA=NEUTRAL  regime=UNKNOWN  bull=8  bear=9  confirmed=False
2026-03-25 16:22:09 WARNING  quant_profiler │ fetch_ohlcv: all sources failed for SND
2026-03-25 16:22:14 WARNING  quant_profiler │ fetch_ohlcv: all sources failed for SNG
2026-03-25 16:22:17 INFO     quant_profiler │ SPI  price=1800  signal=THEO DÕI–GIẢM  VSA=NEUTRAL  regime=BEAR_TREND  bull=11  bear=15  confirmed=True
2026-03-25 16:22:20 INFO     quant_profiler │ SRA  price=2000  signal=BÁN / TRÁNH  VSA=NEUTRAL  regime=SIDEWAYS  bull=7  bear=13  confirmed=True
2026-03-25 16:22:25 INFO     quant_profiler │ SRF  price=7000  signal=BÁN / TRÁNH  VSA=NO_SUPPLY  regime=BEAR_TREND  bull=7  bear=15  confirmed=True
2026-03-25 16:22:28 INFO     quant_profiler │ SSC  price=28100  signal=BÁN / TRÁNH  VSA=NO_DEMAND  regime=HIGH_VOL  bull=6  bear=21  confirmed=True
2026-03-25 16:22:31 INFO     quant_profiler │ SSI  price=26850  signal=BÁN / TRÁNH  VSA=NEUTRAL  regime=SIDEWAYS  bull=6  bear=13  confirmed=True
2026-03-25 16:22:35 INFO     quant_profiler │ ST8  price=3250  signal=THEO DÕI–TĂNG  VSA=ACCUM  regime=BEAR_TREND  bull=24  bear=14  confirmed=False
2026-03-25 16:22:38 INFO     quant_profiler │ STB  price=62200  signal=THEO DÕI–GIẢM  VSA=NEUTRAL  regime=SIDEWAYS  bull=5  bear=8  confirmed=True
2026-03-25 16:22:42 INFO     quant_profiler │ STC  price=14600  signal=BÁN / TRÁNH  VSA=NO_DEMAND  regime=SIDEWAYS  bull=2  bear=15  confirmed=True
2026-03-25 16:22:44 INFO     quant_profiler │ STG  price=37500  signal=MUA  VSA=NEUTRAL  regime=SIDEWAYS  bull=13  bear=6  confirmed=False
2026-03-25 16:22:48 INFO     quant_profiler │ STK  price=14900  signal=BÁN / TRÁNH  VSA=NEUTRAL  regime=SIDEWAYS  bull=4  bear=13  confirmed=True
2026-03-25 16:22:51 INFO     quant_profiler │ SVC  price=18500  signal=TRUNG LẬP  VSA=NO_DEMAND  regime=SIDEWAYS  bull=13  bear=12  confirmed=False
2026-03-25 16:22:55 INFO     quant_profiler │ SVD  price=3700  signal=THEO DÕI–GIẢM  VSA=NEUTRAL  regime=SIDEWAYS  bull=13  bear=19  confirmed=True
2026-03-25 16:22:58 INFO     quant_profiler │ SVI  price=37200  signal=MUA  VSA=ACCUM  regime=SIDEWAYS  bull=14  bear=5  confirmed=False
2026-03-25 16:23:01 INFO     quant_profiler │ SVT  price=11200  signal=BÁN / TRÁNH  VSA=NEUTRAL  regime=SIDEWAYS  bull=3  bear=10  confirmed=True
2026-03-25 16:23:05 INFO     quant_profiler │ SZC  price=28500  signal=BÁN / TRÁNH  VSA=NEUTRAL  regime=SIDEWAYS  bull=6  bear=13  confirmed=True
2026-03-25 16:23:09 INFO     quant_profiler │ SZL  price=48000  signal=BÁN / TRÁNH  VSA=NO_DEMAND  regime=SIDEWAYS  bull=3  bear=17  confirmed=True
2026-03-25 16:23:13 INFO     quant_profiler │ TA9  price=12200  signal=THEO DÕI–GIẢM  VSA=NEUTRAL  regime=BEAR_TREND  bull=8  bear=12  confirmed=True
2026-03-25 16:23:16 INFO     quant_profiler │ TAR  price=3600  signal=BÁN / TRÁNH  VSA=NEUTRAL  regime=BEAR_TREND  bull=5  bear=15  confirmed=True
2026-03-25 16:23:19 INFO     quant_profiler │ TBC  price=36000  signal=TRUNG LẬP  VSA=ACCUM  regime=SIDEWAYS  bull=10  bear=10  confirmed=True
2026-03-25 16:23:26 WARNING  quant_profiler │ fetch_ohlcv: all sources failed for TBH
2026-03-25 16:23:31 WARNING  quant_profiler │ fetch_ohlcv: all sources failed for TC6
2026-03-25 16:23:34 INFO     quant_profiler │ TCB  price=30800  signal=TRUNG LẬP  VSA=NEUTRAL  regime=BEAR_TREND  bull=11  bear=12  confirmed=True
2026-03-25 16:23:39 INFO     quant_profiler │ TCD  price=1890  signal=TRUNG LẬP  VSA=ACCUM  regime=SIDEWAYS  bull=15  bear=17  confirmed=True
2026-03-25 16:23:42 INFO     quant_profiler │ TCH  price=16500  signal=TRUNG LẬP  VSA=NEUTRAL  regime=SIDEWAYS  bull=14  bear=12  confirmed=True
2026-03-25 16:23:45 INFO     quant_profiler │ TCL  price=33750  signal=THEO DÕI–GIẢM  VSA=ACCUM  regime=BEAR_TREND  bull=11  bear=15  confirmed=True
2026-03-25 16:23:48 INFO     quant_profiler │ TCM  price=22500  signal=THEO DÕI–GIẢM  VSA=NEUTRAL  regime=BEAR_TREND  bull=10  bear=15  confirmed=True
2026-03-25 16:23:52 INFO     quant_profiler │ TCO  price=12750  signal=TRUNG LẬP  VSA=NEUTRAL  regime=SIDEWAYS  bull=17  bear=17  confirmed=False
2026-03-25 16:23:55 INFO     quant_profiler │ TCR  price=2690  signal=TRUNG LẬP  VSA=NEUTRAL  regime=BEAR_TREND  bull=17  bear=16  confirmed=False
2026-03-25 16:24:01 WARNING  quant_profiler │ fetch_ohlcv: all sources failed for TCS
2026-03-25 16:24:04 INFO     quant_profiler │ TCT  price=20000  signal=BÁN / TRÁNH  VSA=NEUTRAL  regime=HIGH_VOL  bull=5  bear=12  confirmed=True
2026-03-25 16:24:08 INFO     quant_profiler │ TDC  price=10900  signal=BÁN / TRÁNH  VSA=NEUTRAL  regime=BEAR_TREND  bull=8  bear=19  confirmed=True
2026-03-25 16:24:11 INFO     quant_profiler │ TDG  price=2620  signal=TRUNG LẬP  VSA=NO_SUPPLY  regime=SIDEWAYS  bull=11  bear=13  confirmed=True
2026-03-25 16:24:14 INFO     quant_profiler │ TDH  price=3510  signal=BÁN / TRÁNH  VSA=NEUTRAL  regime=BEAR_TREND  bull=6  bear=13  confirmed=True
2026-03-25 16:24:17 INFO     quant_profiler │ TDM  price=55500  signal=BÁN / TRÁNH  VSA=NEUTRAL  regime=BEAR_TREND  bull=6  bear=15  confirmed=True
2026-03-25 16:24:23 WARNING  quant_profiler │ fetch_ohlcv: all sources failed for TDN
2026-03-25 16:24:26 INFO     quant_profiler │ TDP  price=30300  signal=MUA  VSA=NEUTRAL  regime=BULL_TREND  bull=15  bear=6  confirmed=True
2026-03-25 16:24:30 INFO     quant_profiler │ TDT  price=6900  signal=MUA  VSA=NEUTRAL  regime=BULL_TREND  bull=18  bear=4  confirmed=True
2026-03-25 16:24:33 INFO     quant_profiler │ TDW  price=45200  signal=TRUNG LẬP  VSA=NEUTRAL  regime=BEAR_TREND  bull=12  bear=12  confirmed=False
2026-03-25 16:24:38 INFO     quant_profiler │ TEG  price=6100  signal=THEO DÕI–TĂNG  VSA=NEUTRAL  regime=SIDEWAYS  bull=11  bear=9  confirmed=True
2026-03-25 16:24:43 WARNING  quant_profiler │ fetch_ohlcv: all sources failed for TGG
2026-03-25 16:24:46 INFO     quant_profiler │ THB  price=9200  signal=THEO DÕI–GIẢM  VSA=NEUTRAL  regime=SIDEWAYS  bull=6  bear=9  confirmed=False
2026-03-25 16:24:50 INFO     quant_profiler │ THG  price=43900  signal=BÁN / TRÁNH  VSA=DISTRIB  regime=HIGH_VOL  bull=6  bear=15  confirmed=False
2026-03-25 16:24:56 WARNING  quant_profiler │ fetch_ohlcv: all sources failed for THI
2026-03-25 16:24:58 INFO     quant_profiler │ THS  price=9900  signal=BÁN / TRÁNH  VSA=NEUTRAL  regime=UNKNOWN  bull=9  bear=17  confirmed=True
2026-03-25 16:25:01 INFO     quant_profiler │ THT  price=9500  signal=THEO DÕI–TĂNG  VSA=NEUTRAL  regime=BULL_TREND  bull=15  bear=9  confirmed=True
2026-03-25 16:25:05 INFO     quant_profiler │ TID  price=22000  signal=TRUNG LẬP  VSA=NEUTRAL  regime=SIDEWAYS  bull=11  bear=10  confirmed=False
2026-03-25 16:25:08 INFO     quant_profiler │ TIP  price=18800  signal=THEO DÕI–GIẢM  VSA=NO_DEMAND  regime=BEAR_TREND  bull=12  bear=15  confirmed=True
2026-03-25 16:25:11 INFO     quant_profiler │ TIX  price=43500  signal=BÁN / TRÁNH  VSA=NEUTRAL  regime=HIGH_VOL  bull=5  bear=10  confirmed=True
2026-03-25 16:25:17 WARNING  quant_profiler │ fetch_ohlcv: all sources failed for TKC
2026-03-25 16:25:21 INFO     quant_profiler │ TKU  price=13500  signal=BÁN / TRÁNH  VSA=DISTRIB  regime=SIDEWAYS  bull=5  bear=16  confirmed=False
2026-03-25 16:25:26 WARNING  quant_profiler │ fetch_ohlcv: all sources failed for TLC
2026-03-25 16:25:29 INFO     quant_profiler │ TLD  price=8300  signal=MUA  VSA=DISTRIB  regime=BULL_TREND  bull=23  bear=8  confirmed=False
2026-03-25 16:25:32 INFO     quant_profiler │ TLG  price=48850  signal=BÁN / TRÁNH  VSA=NEUTRAL  regime=SIDEWAYS  bull=3  bear=10  confirmed=True
2026-03-25 16:25:37 INFO     quant_profiler │ TLH  price=4510  signal=BÁN / TRÁNH  VSA=NEUTRAL  regime=BEAR_TREND  bull=6  bear=15  confirmed=True
2026-03-25 16:25:40 INFO     quant_profiler │ TMB  price=54400  signal=MUA  VSA=NO_DEMAND  regime=BULL_TREND  bull=19  bear=8  confirmed=False
2026-03-25 16:25:43 INFO     quant_profiler │ TMP  price=55000  signal=BÁN / TRÁNH  VSA=NEUTRAL  regime=BEAR_TREND  bull=0  bear=21  confirmed=True
2026-03-25 16:25:46 INFO     quant_profiler │ TMS  price=40900  signal=BÁN / TRÁNH  VSA=NEUTRAL  regime=BEAR_TREND  bull=9  bear=17  confirmed=True
2026-03-25 16:25:50 INFO     quant_profiler │ TMT  price=12650  signal=MUA  VSA=NEUTRAL  regime=SIDEWAYS  bull=19  bear=0  confirmed=True
2026-03-25 16:25:53 INFO     quant_profiler │ TN1  price=16050  signal=TRUNG LẬP  VSA=NO_DEMAND  regime=SIDEWAYS  bull=11  bear=10  confirmed=False
2026-03-25 16:25:56 INFO     quant_profiler │ TNA  price=3770  signal=THEO DÕI–GIẢM  VSA=DISTRIB  regime=UNKNOWN  bull=19  bear=25  confirmed=True
2026-03-25 16:25:58 INFO     quant_profiler │ TNB  price=8800  signal=TRUNG LẬP  VSA=NEUTRAL  regime=SIDEWAYS  bull=11  bear=10  confirmed=False
2026-03-25 16:26:01 INFO     quant_profiler │ TNC  price=29000  signal=THEO DÕI–GIẢM  VSA=NEUTRAL  regime=SIDEWAYS  bull=6  bear=11  confirmed=True
2026-03-25 16:26:04 INFO     quant_profiler │ TNG  price=24300  signal=THEO DÕI–TĂNG  VSA=NEUTRAL  regime=HIGH_VOL  bull=9  bear=6  confirmed=False
2026-03-25 16:26:08 INFO     quant_profiler │ TNH  price=10250  signal=TRUNG LẬP  VSA=NEUTRAL  regime=BEAR_TREND  bull=15  bear=15  confirmed=True
2026-03-25 16:26:11 INFO     quant_profiler │ TNI  price=4210  signal=TRUNG LẬP  VSA=NEUTRAL  regime=BEAR_TREND  bull=16  bear=15  confirmed=False
2026-03-25 16:26:14 INFO     quant_profiler │ TNV  price=16600  signal=THEO DÕI–GIẢM  VSA=NO_SUPPLY  regime=SIDEWAYS  bull=12  bear=18  confirmed=True
2026-03-25 16:26:17 INFO     quant_profiler │ TPB  price=16150  signal=BÁN / TRÁNH  VSA=NEUTRAL  regime=BEAR_TREND  bull=6  bear=15  confirmed=True
2026-03-25 16:26:21 INFO     quant_profiler │ TPC  price=11050  signal=BÁN / TRÁNH  VSA=NO_DEMAND  regime=SIDEWAYS  bull=5  bear=12  confirmed=True
2026-03-25 16:26:25 INFO     quant_profiler │ TPP  price=10200  signal=BÁN / TRÁNH  VSA=NEUTRAL  regime=SIDEWAYS  bull=2  bear=13  confirmed=True
2026-03-25 16:26:28 INFO     quant_profiler │ TSB  price=20000  signal=TRUNG LẬP  VSA=ACCUM  regime=BEAR_TREND  bull=13  bear=15  confirmed=True
2026-03-25 16:26:31 INFO     quant_profiler │ TSC  price=2540  signal=THEO DÕI–GIẢM  VSA=NEUTRAL  regime=BEAR_TREND  bull=7  bear=12  confirmed=True
2026-03-25 16:26:34 INFO     quant_profiler │ TTA  price=12400  signal=THEO DÕI–TĂNG  VSA=ACCUM  regime=HIGH_VOL  bull=20  bear=11  confirmed=True
2026-03-25 16:26:41 WARNING  quant_profiler │ fetch_ohlcv: all sources failed for TTB
2026-03-25 16:26:44 INFO     quant_profiler │ TTC  price=10000  signal=TRUNG LẬP  VSA=NEUTRAL  regime=BULL_TREND  bull=12  bear=11  confirmed=True
2026-03-25 16:26:47 INFO     quant_profiler │ TTD  price=119000  signal=TRUNG LẬP  VSA=NO_SUPPLY  regime=BULL_TREND  bull=10  bear=9  confirmed=True
2026-03-25 16:26:50 INFO     quant_profiler │ TTE  price=33900  signal=BÁN / TRÁNH  VSA=NEUTRAL  regime=SIDEWAYS  bull=5  bear=19  confirmed=True
2026-03-25 16:26:53 INFO     quant_profiler │ TTF  price=2650  signal=BÁN / TRÁNH  VSA=NEUTRAL  regime=BEAR_TREND  bull=2  bear=15  confirmed=True
2026-03-25 16:27:00 WARNING  quant_profiler │ fetch_ohlcv: all sources failed for TTZ
2026-03-25 16:27:03 INFO     quant_profiler │ TV2  price=39350  signal=MUA  VSA=ACCUM  regime=HIGH_VOL  bull=25  bear=7  confirmed=False
2026-03-25 16:27:06 INFO     quant_profiler │ TV3  price=17600  signal=MUA  VSA=NEUTRAL  regime=SIDEWAYS  bull=15  bear=3  confirmed=False
2026-03-25 16:27:08 INFO     quant_profiler │ TV4  price=15500  signal=THEO DÕI–GIẢM  VSA=NEUTRAL  regime=HIGH_VOL  bull=5  bear=8  confirmed=True
2026-03-25 16:27:14 INFO     quant_profiler │ TVB  price=7090  signal=BÁN / TRÁNH  VSA=NEUTRAL  regime=BEAR_TREND  bull=7  bear=19  confirmed=True
2026-03-25 16:27:17 INFO     quant_profiler │ TVD  price=11700  signal=TRUNG LẬP  VSA=NEUTRAL  regime=BULL_TREND  bull=12  bear=13  confirmed=False
2026-03-25 16:27:20 INFO     quant_profiler │ TVS  price=13200  signal=BÁN / TRÁNH  VSA=NEUTRAL  regime=SIDEWAYS  bull=8  bear=17  confirmed=True
2026-03-25 16:27:23 INFO     quant_profiler │ TVT  price=16100  signal=THEO DÕI–GIẢM  VSA=NO_DEMAND  regime=SIDEWAYS  bull=6  bear=11  confirmed=True
2026-03-25 16:27:27 INFO     quant_profiler │ TXM  price=4500  signal=BÁN / TRÁNH  VSA=NEUTRAL  regime=BULL_TREND  bull=8  bear=19  confirmed=False
2026-03-25 16:27:30 INFO     quant_profiler │ TYA  price=17200  signal=BÁN / TRÁNH  VSA=NEUTRAL  regime=BEAR_TREND  bull=6  bear=15  confirmed=True
2026-03-25 16:27:33 INFO     quant_profiler │ UDC  price=3400  signal=MUA  VSA=ACCUM  regime=SIDEWAYS  bull=16  bear=8  confirmed=False
2026-03-25 16:27:37 INFO     quant_profiler │ UIC  price=60100  signal=MUA  VSA=NEUTRAL  regime=SIDEWAYS  bull=11  bear=2  confirmed=True
2026-03-25 16:27:41 INFO     quant_profiler │ UNI  price=7800  signal=BÁN / TRÁNH  VSA=NO_SUPPLY  regime=SIDEWAYS  bull=6  bear=13  confirmed=True
2026-03-25 16:27:44 INFO     quant_profiler │ VAF  price=20350  signal=MUA  VSA=NEUTRAL  regime=BULL_TREND  bull=14  bear=5  confirmed=False
2026-03-25 16:27:51 WARNING  quant_profiler │ fetch_ohlcv: all sources failed for VAT
2026-03-25 16:27:54 INFO     quant_profiler │ VBC  price=22000  signal=THEO DÕI–TĂNG  VSA=NO_DEMAND  regime=SIDEWAYS  bull=12  bear=7  confirmed=False
2026-03-25 16:27:58 INFO     quant_profiler │ VC2  price=4700  signal=BÁN / TRÁNH  VSA=NEUTRAL  regime=BEAR_TREND  bull=3  bear=16  confirmed=True
2026-03-25 16:28:01 INFO     quant_profiler │ VC3  price=26200  signal=THEO DÕI–TĂNG  VSA=NEUTRAL  regime=BEAR_TREND  bull=16  bear=9  confirmed=False
2026-03-25 16:28:04 INFO     quant_profiler │ VC7  price=8000  signal=TRUNG LẬP  VSA=NEUTRAL  regime=SIDEWAYS  bull=11  bear=10  confirmed=False
2026-03-25 16:28:07 INFO     quant_profiler │ VC9  price=4000  signal=THEO DÕI–TĂNG  VSA=ACCUM  regime=BEAR_TREND  bull=23  bear=14  confirmed=False
2026-03-25 16:28:11 INFO     quant_profiler │ VCA  price=7390  signal=BÁN / TRÁNH  VSA=NEUTRAL  regime=HIGH_VOL  bull=0  bear=17  confirmed=True
2026-03-25 16:28:14 INFO     quant_profiler │ VCB  price=58400  signal=BÁN / TRÁNH  VSA=NEUTRAL  regime=SIDEWAYS  bull=4  bear=13  confirmed=True
2026-03-25 16:28:17 INFO     quant_profiler │ VCC  price=10600  signal=THEO DÕI–GIẢM  VSA=NEUTRAL  regime=HIGH_VOL  bull=9  bear=14  confirmed=False
2026-03-25 16:28:20 INFO     quant_profiler │ VCF  price=330000  signal=THEO DÕI–TĂNG  VSA=ACCUM  regime=HIGH_VOL  bull=15  bear=11  confirmed=True
2026-03-25 16:28:23 INFO     quant_profiler │ VCG  price=21950  signal=THEO DÕI–TĂNG  VSA=NEUTRAL  regime=BULL_TREND  bull=12  bear=7  confirmed=True
2026-03-25 16:28:29 WARNING  quant_profiler │ fetch_ohlcv: all sources failed for VCH
2026-03-25 16:28:32 INFO     quant_profiler │ VCI  price=35000  signal=BÁN / TRÁNH  VSA=NEUTRAL  regime=SIDEWAYS  bull=4  bear=11  confirmed=True
2026-03-25 16:28:38 WARNING  quant_profiler │ fetch_ohlcv: all sources failed for VCL
2026-03-25 16:28:41 INFO     quant_profiler │ VCS  price=41600  signal=THEO DÕI–TĂNG  VSA=NO_SUPPLY  regime=SIDEWAYS  bull=13  bear=10  confirmed=False
2026-03-25 16:28:45 INFO     quant_profiler │ VDL  price=9800  signal=MUA  VSA=NO_SUPPLY  regime=SIDEWAYS  bull=10  bear=5  confirmed=True
2026-03-25 16:28:48 INFO     quant_profiler │ VDP  price=56900  signal=MUA  VSA=ACCUM  regime=BULL_TREND  bull=21  bear=10  confirmed=True
2026-03-25 16:28:52 INFO     quant_profiler │ VDS  price=14300  signal=THEO DÕI–GIẢM  VSA=NEUTRAL  regime=BEAR_TREND  bull=10  bear=15  confirmed=True
2026-03-25 16:28:55 INFO     quant_profiler │ VE1  price=3300  signal=BÁN / TRÁNH  VSA=NEUTRAL  regime=BULL_TREND  bull=7  bear=17  confirmed=True
2026-03-25 16:29:01 WARNING  quant_profiler │ fetch_ohlcv: all sources failed for VE2
2026-03-25 16:29:04 INFO     quant_profiler │ VE3  price=6400  signal=BÁN / TRÁNH  VSA=NO_DEMAND  regime=SIDEWAYS  bull=2  bear=15  confirmed=True
2026-03-25 16:29:09 WARNING  quant_profiler │ fetch_ohlcv: all sources failed for VE4
2026-03-25 16:29:13 INFO     quant_profiler │ VE8  price=2600  signal=THEO DÕI–TĂNG  VSA=NEUTRAL  regime=SIDEWAYS  bull=16  bear=12  confirmed=False
2026-03-25 16:29:16 INFO     quant_profiler │ VE9  price=3400  signal=BÁN / TRÁNH  VSA=NEUTRAL  regime=HIGH_VOL  bull=7  bear=13  confirmed=True
2026-03-25 16:29:19 INFO     quant_profiler │ VFG  price=49950  signal=BÁN / TRÁNH  VSA=NO_DEMAND  regime=BEAR_TREND  bull=4  bear=17  confirmed=True
2026-03-25 16:29:22 INFO     quant_profiler │ VFR  price=10000  signal=BÁN / TRÁNH  VSA=NEUTRAL  regime=SIDEWAYS  bull=5  bear=21  confirmed=True
2026-03-25 16:29:26 INFO     quant_profiler │ VGS  price=23100  signal=BÁN / TRÁNH  VSA=NEUTRAL  regime=BEAR_TREND  bull=6  bear=15  confirmed=True
2026-03-25 16:29:30 INFO     quant_profiler │ VHC  price=58500  signal=THEO DÕI–GIẢM  VSA=NO_DEMAND  regime=SIDEWAYS  bull=7  bear=12  confirmed=True
2026-03-25 16:29:33 INFO     quant_profiler │ VHE  price=3200  signal=TRUNG LẬP  VSA=NEUTRAL  regime=BEAR_TREND  bull=12  bear=14  confirmed=True
2026-03-25 16:29:36 INFO     quant_profiler │ VHL  price=11000  signal=BÁN / TRÁNH  VSA=DISTRIB  regime=SIDEWAYS  bull=5  bear=20  confirmed=True
2026-03-25 16:29:39 INFO     quant_profiler │ VHM  price=104200  signal=THEO DÕI–TĂNG  VSA=NEUTRAL  regime=SIDEWAYS  bull=11  bear=9  confirmed=True
2026-03-25 16:29:43 INFO     quant_profiler │ VIB  price=17250  signal=THEO DÕI–TĂNG  VSA=ACCUM  regime=SIDEWAYS  bull=16  bear=12  confirmed=False
2026-03-25 16:29:46 INFO     quant_profiler │ VIC  price=128700  signal=THEO DÕI–GIẢM  VSA=NEUTRAL  regime=SIDEWAYS  bull=8  bear=10  confirmed=True
2026-03-25 16:29:49 INFO     quant_profiler │ VID  price=4900  signal=BÁN / TRÁNH  VSA=ACCUM  regime=BEAR_TREND  bull=4  bear=15  confirmed=True
2026-03-25 16:29:52 INFO     quant_profiler │ VIG  price=4700  signal=THEO DÕI–GIẢM  VSA=NEUTRAL  regime=BEAR_TREND  bull=9  bear=15  confirmed=True
2026-03-25 16:29:56 INFO     quant_profiler │ VIP  price=11900  signal=BÁN / TRÁNH  VSA=NO_DEMAND  regime=SIDEWAYS  bull=6  bear=15  confirmed=True
2026-03-25 16:29:59 INFO     quant_profiler │ VIX  price=16200  signal=BÁN / TRÁNH  VSA=NEUTRAL  regime=BEAR_TREND  bull=6  bear=15  confirmed=True
2026-03-25 16:30:02 INFO     quant_profiler │ VJC  price=153000  signal=BÁN / TRÁNH  VSA=NEUTRAL  regime=SIDEWAYS  bull=3  bear=14  confirmed=True
2026-03-25 16:30:05 INFO     quant_profiler │ VLA  price=9300  signal=BÁN / TRÁNH  VSA=NO_SUPPLY  regime=SIDEWAYS  bull=8  bear=17  confirmed=False
2026-03-25 16:30:08 INFO     quant_profiler │ VMC  price=4600  signal=BÁN / TRÁNH  VSA=DISTRIB  regime=BEAR_TREND  bull=3  bear=27  confirmed=True
2026-03-25 16:30:12 INFO     quant_profiler │ VMD  price=14900  signal=THEO DÕI–GIẢM  VSA=NO_DEMAND  regime=SIDEWAYS  bull=9  bear=15  confirmed=True
2026-03-25 16:30:18 WARNING  quant_profiler │ fetch_ohlcv: all sources failed for VMI
2026-03-25 16:30:20 INFO     quant_profiler │ VNC  price=35400  signal=TRUNG LẬP  VSA=NO_DEMAND  regime=SIDEWAYS  bull=12  bear=10  confirmed=False
2026-03-25 16:30:23 INFO     quant_profiler │ VND  price=15500  signal=THEO DÕI–GIẢM  VSA=NEUTRAL  regime=BEAR_TREND  bull=9  bear=15  confirmed=True
2026-03-25 16:30:27 INFO     quant_profiler │ VNE  price=4270  signal=TRUNG LẬP  VSA=NEUTRAL  regime=BEAR_TREND  bull=17  bear=18  confirmed=True
2026-03-25 16:30:30 INFO     quant_profiler │ VNG  price=7100  signal=MUA  VSA=NEUTRAL  regime=SIDEWAYS  bull=15  bear=5  confirmed=True
2026-03-25 16:30:33 INFO     quant_profiler │ VNI  price=8200  signal=THEO DÕI–TĂNG  VSA=NEUTRAL  regime=SIDEWAYS  bull=11  bear=8  confirmed=False
2026-03-25 16:30:36 INFO     quant_profiler │ VNL  price=19800  signal=THEO DÕI–GIẢM  VSA=NEUTRAL  regime=SIDEWAYS  bull=9  bear=15  confirmed=False
2026-03-25 16:30:39 INFO     quant_profiler │ VNM  price=62100  signal=THEO DÕI–TĂNG  VSA=NO_DEMAND  regime=SIDEWAYS  bull=14  bear=9  confirmed=False
2026-03-25 16:30:43 INFO     quant_profiler │ VNR  price=20500  signal=BÁN / TRÁNH  VSA=NEUTRAL  regime=SIDEWAYS  bull=0  bear=17  confirmed=True
2026-03-25 16:30:46 INFO     quant_profiler │ VNS  price=8300  signal=BÁN / TRÁNH  VSA=NEUTRAL  regime=BEAR_TREND  bull=9  bear=21  confirmed=True
2026-03-25 16:30:49 INFO     quant_profiler │ VNT  price=27100  signal=BÁN / TRÁNH  VSA=NEUTRAL  regime=SIDEWAYS  bull=5  bear=17  confirmed=True
2026-03-25 16:30:52 INFO     quant_profiler │ VOS  price=12850  signal=BÁN / TRÁNH  VSA=NO_DEMAND  regime=SIDEWAYS  bull=5  bear=15  confirmed=True
2026-03-25 16:30:56 INFO     quant_profiler │ VPB  price=26300  signal=THEO DÕI–TĂNG  VSA=ACCUM  regime=SIDEWAYS  bull=16  bear=9  confirmed=False
2026-03-25 16:30:59 INFO     quant_profiler │ VPD  price=24200  signal=BÁN / TRÁNH  VSA=NEUTRAL  regime=BEAR_TREND  bull=0  bear=15  confirmed=True
2026-03-25 16:31:02 INFO     quant_profiler │ VPG  price=4310  signal=BÁN / TRÁNH  VSA=NEUTRAL  regime=SIDEWAYS  bull=6  bear=17  confirmed=True
2026-03-25 16:31:05 INFO     quant_profiler │ VPH  price=3790  signal=TRUNG LẬP  VSA=NEUTRAL  regime=BEAR_TREND  bull=13  bear=10  confirmed=False
2026-03-25 16:31:09 INFO     quant_profiler │ VPI  price=57900  signal=MUA  VSA=NEUTRAL  regime=SIDEWAYS  bull=12  bear=5  confirmed=False
2026-03-25 16:31:13 INFO     quant_profiler │ VPS  price=8500  signal=TRUNG LẬP  VSA=NEUTRAL  regime=SIDEWAYS  bull=9  bear=10  confirmed=True
2026-03-25 16:31:16 INFO     quant_profiler │ VRC  price=13400  signal=THEO DÕI–GIẢM  VSA=ACCUM  regime=BEAR_TREND  bull=10  bear=16  confirmed=False
2026-03-25 16:31:19 INFO     quant_profiler │ VRE  price=26350  signal=BÁN / TRÁNH  VSA=NEUTRAL  regime=BEAR_TREND  bull=5  bear=15  confirmed=True
2026-03-25 16:31:22 INFO     quant_profiler │ VSA  price=20200  signal=BÁN / TRÁNH  VSA=NO_DEMAND  regime=HIGH_VOL  bull=4  bear=15  confirmed=True
2026-03-25 16:31:26 INFO     quant_profiler │ VSC  price=23950  signal=TRUNG LẬP  VSA=NEUTRAL  regime=SIDEWAYS  bull=9  bear=10  confirmed=True
2026-03-25 16:31:29 INFO     quant_profiler │ VSH  price=43600  signal=TRUNG LẬP  VSA=NEUTRAL  regime=BEAR_TREND  bull=13  bear=12  confirmed=True
2026-03-25 16:31:32 INFO     quant_profiler │ VSI  price=28000  signal=MUA  VSA=NEUTRAL  regime=BULL_TREND  bull=18  bear=4  confirmed=True
2026-03-25 16:31:35 INFO     quant_profiler │ VTB  price=14100  signal=MUA  VSA=NO_DEMAND  regime=SIDEWAYS  bull=18  bear=7  confirmed=False
2026-03-25 16:31:38 INFO     quant_profiler │ VTC  price=12200  signal=TRUNG LẬP  VSA=NO_DEMAND  regime=SIDEWAYS  bull=12  bear=12  confirmed=True
2026-03-25 16:31:42 INFO     quant_profiler │ VTH  price=9100  signal=THEO DÕI–TĂNG  VSA=NO_DEMAND  regime=SIDEWAYS  bull=17  bear=12  confirmed=True
2026-03-25 16:31:45 INFO     quant_profiler │ VTL  price=7100  signal=THEO DÕI–GIẢM  VSA=NEUTRAL  regime=SIDEWAYS  bull=9  bear=13  confirmed=True
2026-03-25 16:31:48 INFO     quant_profiler │ VTO  price=11700  signal=BÁN / TRÁNH  VSA=NO_DEMAND  regime=SIDEWAYS  bull=6  bear=15  confirmed=True
2026-03-25 16:31:51 INFO     quant_profiler │ VTV  price=15000  signal=MUA  VSA=NEUTRAL  regime=SIDEWAYS  bull=19  bear=9  confirmed=True
2026-03-25 16:31:54 INFO     quant_profiler │ VTZ  price=20000  signal=BÁN / TRÁNH  VSA=NEUTRAL  regime=SIDEWAYS  bull=5  bear=10  confirmed=True
2026-03-25 16:31:58 INFO     quant_profiler │ VXB  price=40700  signal=BÁN / TRÁNH  VSA=NO_DEMAND  regime=UNKNOWN  bull=6  bear=14  confirmed=False
2026-03-25 16:32:02 INFO     quant_profiler │ WCS  price=276000  signal=MUA  VSA=NEUTRAL  regime=SIDEWAYS  bull=9  bear=4  confirmed=True
2026-03-25 16:32:05 INFO     quant_profiler │ WSS  price=6300  signal=THEO DÕI–TĂNG  VSA=NEUTRAL  regime=HIGH_VOL  bull=13  bear=8  confirmed=False
2026-03-25 16:32:08 INFO     quant_profiler │ YBM  price=10450  signal=MUA  VSA=NEUTRAL  regime=BULL_TREND  bull=18  bear=7  confirmed=False
2026-03-25 16:32:12 INFO     quant_profiler │ YEG  price=10100  signal=BÁN / TRÁNH  VSA=NEUTRAL  regime=BEAR_TREND  bull=4  bear=15  confirmed=True
2026-03-25 17:17:10 INFO     quant_profiler │ CIG  price=6400  signal=THEO DÕI–GIẢM  VSA=NEUTRAL  regime=BEAR_TREND  bull=7  bear=12  confirmed=True
2026-03-25 17:17:14 INFO     quant_profiler │ PPC  price=11150  signal=MUA  VSA=ACCUM  regime=BULL_TREND  bull=24  bear=5  confirmed=True
2026-03-25 17:17:18 INFO     quant_profiler │ SBA  price=28800  signal=THEO DÕI–TĂNG  VSA=NEUTRAL  regime=BULL_TREND  bull=16  bear=9  confirmed=False
2026-03-25 17:17:21 INFO     quant_profiler │ VSH  price=43600  signal=TRUNG LẬP  VSA=NEUTRAL  regime=BEAR_TREND  bull=13  bear=12  confirmed=True
2026-03-25 17:17:24 INFO     quant_profiler │ NVT  price=7520  signal=THEO DÕI–TĂNG  VSA=ACCUM  regime=SIDEWAYS  bull=12  bear=9  confirmed=True
2026-03-25 17:17:27 INFO     quant_profiler │ VSI  price=28000  signal=MUA  VSA=NEUTRAL  regime=BULL_TREND  bull=18  bear=4  confirmed=True
2026-03-25 17:17:30 INFO     quant_profiler │ ACC  price=12500  signal=BÁN / TRÁNH  VSA=NEUTRAL  regime=BULL_TREND  bull=7  bear=14  confirmed=True
2026-03-25 17:17:34 INFO     quant_profiler │ C32  price=10700  signal=BÁN / TRÁNH  VSA=DISTRIB  regime=BEAR_TREND  bull=4  bear=18  confirmed=True
2026-03-25 17:17:37 INFO     quant_profiler │ CCL  price=4910  signal=TRUNG LẬP  VSA=NO_DEMAND  regime=BEAR_TREND  bull=13  bear=14  confirmed=True
2026-03-25 17:17:40 INFO     quant_profiler │ CRE  price=7200  signal=TRUNG LẬP  VSA=NEUTRAL  regime=BEAR_TREND  bull=12  bear=9  confirmed=False
2026-03-25 17:17:43 INFO     quant_profiler │ HAS  price=8000  signal=BÁN / TRÁNH  VSA=NO_SUPPLY  regime=BEAR_TREND  bull=6  bear=13  confirmed=False
2026-03-25 17:17:46 INFO     quant_profiler │ HDC  price=17950  signal=THEO DÕI–TĂNG  VSA=ACCUM  regime=BEAR_TREND  bull=17  bear=10  confirmed=False
2026-03-25 17:17:50 INFO     quant_profiler │ HRC  price=57500  signal=TRUNG LẬP  VSA=NO_SUPPLY  regime=BULL_TREND  bull=13  bear=15  confirmed=True
2026-03-25 17:17:53 INFO     quant_profiler │ SVD  price=3700  signal=THEO DÕI–GIẢM  VSA=NEUTRAL  regime=SIDEWAYS  bull=13  bear=19  confirmed=True
2026-03-25 17:17:56 INFO     quant_profiler │ BTP  price=8500  signal=MUA  VSA=NEUTRAL  regime=BULL_TREND  bull=14  bear=3  confirmed=True
2026-03-25 17:18:00 INFO     quant_profiler │ DCM  price=45450  signal=MUA  VSA=NEUTRAL  regime=BULL_TREND  bull=17  bear=4  confirmed=False
2026-03-25 17:18:03 INFO     quant_profiler │ HID  price=5280  signal=MUA  VSA=NEUTRAL  regime=BULL_TREND  bull=21  bear=9  confirmed=True
2026-03-25 17:18:06 INFO     quant_profiler │ MDG  price=40200  signal=MUA  VSA=NEUTRAL  regime=BULL_TREND  bull=14  bear=7  confirmed=False
2026-03-25 17:18:09 INFO     quant_profiler │ PDB  price=24000  signal=MUA  VSA=NEUTRAL  regime=BULL_TREND  bull=19  bear=9  confirmed=True
2026-03-25 17:18:13 INFO     quant_profiler │ REE  price=70900  signal=MUA  VSA=ACCUM  regime=BULL_TREND  bull=28  bear=11  confirmed=True
2026-03-25 17:18:16 INFO     quant_profiler │ S4A  price=34000  signal=MUA  VSA=ACCUM  regime=SIDEWAYS  bull=22  bear=8  confirmed=True
2026-03-25 17:18:19 INFO     quant_profiler │ TDP  price=30300  signal=MUA  VSA=NEUTRAL  regime=BULL_TREND  bull=15  bear=6  confirmed=True
